Creating architecture: Gemmini with coupling: dims: MKN, in_coupling: [K][N], w_coupling: W0: [M][K],, out_coupling: [M][N]
Creating architecture: Gemmini (conv) with coupling: dims: NMPQCRS, in_coupling: [N][C][Pstride*P+Rdilation*R][Qstride*Q+Sdilation*S], w_coupling: W0: [M][C][R][S],, out_coupling: [N][M][P][Q]
Creating architecture: Eyeriss with coupling: dims: MKN, in_coupling: [K][N], w_coupling: W0: [M][K],, out_coupling: [M][N]
Creating architecture: Eyeriss (conv) with coupling: dims: NMPQCRS, in_coupling: [N][C][Pstride*P+Rdilation*R][Qstride*Q+Sdilation*S], w_coupling: W0: [M][C][R][S],, out_coupling: [N][M][P][Q]
Creating architecture: Simba with coupling: dims: MKN, in_coupling: [K][N], w_coupling: W0: [M][K],, out_coupling: [M][N]
Creating architecture: Simba (conv) with coupling: dims: NMPQCRS, in_coupling: [N][C][Pstride*P+Rdilation*R][Qstride*Q+Sdilation*S], w_coupling: W0: [M][C][R][S],, out_coupling: [N][M][P][Q]
Creating architecture: TPUv1 with coupling: dims: MKN, in_coupling: [K][N], w_coupling: W0: [M][K],, out_coupling: [M][N]
Creating architecture: TPUv1 (conv) with coupling: dims: NMPQCRS, in_coupling: [N][C][Pstride*P+Rdilation*R][Qstride*Q+Sdilation*S], w_coupling: W0: [M][C][R][S],, out_coupling: [N][M][P][Q]
------ loading Accelergy ------
ACCELERGY PLUG-INS: ['Library', 'dummy', 'ADC Plug-In', 'DEPRECATED table-based-plug-ins. Use the Library plug-in instead.', 'Neurosim Plug-In', 'Aladdin_table', 'CactiCache', 'CactiDRAM', 'CactiSRAM']
Creating architecture: Thesis_8Layers_1081344KB_FMEM_16x128_PEs with coupling: dims: C0Y0X0R0S0Z0C1R1S1Y1X1Z1C2R2S2Y2X2Z2C3R3S3Y3X3Z3C4R4S4Y4X4Z4C5R5S5Y5X5Z5C6R6S6Y6X6Z6C7R7S7PQZ7, in_coupling: [C0][Y0+R0][X0+S0], w_coupling: W0: [Z0][C0][R0][S0],W1: [Z1][C1][R1][S1],W2: [Z2][C2][R2][S2],W3: [Z3][C3][R3][S3],W4: [Z4][C4][R4][S4],W5: [Z5][C5][R5][S5],W6: [Z6][C6][R6][S6],W7: [Z7][C7][R7][S7],, out_coupling: [Z7][P][Q]
final_layer_dims: {'C0', 'S7', 'Y0', 'Q', 'C7', 'P', 'R0', 'Z7', 'S0', 'R7', 'X0'}, coupling.dims: ['C0', 'Y0', 'X0', 'R0', 'S0', 'Z0', 'C1', 'R1', 'S1', 'Y1', 'X1', 'Z1', 'C2', 'R2', 'S2', 'Y2', 'X2', 'Z2', 'C3', 'R3', 'S3', 'Y3', 'X3', 'Z3', 'C4', 'R4', 'S4', 'Y4', 'X4', 'Z4', 'C5', 'R5', 'S5', 'Y5', 'X5', 'Z5', 'C6', 'R6', 'S6', 'Y6', 'X6', 'Z6', 'C7', 'R7', 'S7', 'P', 'Q', 'Z7']
INFO: Arch: Thesis_8Layers_1081344KB_FMEM_16x128_PEs: identified intermediate dimensions: {'Z0', 'S5', 'S1', 'R4', 'S2', 'C5', 'Y3', 'Y1', 'Y5', 'Z3', 'R1', 'Z5', 'R2', 'C1', 'Y6', 'S4', 'Y2', 'C2', 'S6', 'X3', 'Y4', 'Z1', 'X6', 'R6', 'Z6', 'Z2', 'R3', 'X4', 'R5', 'C4', 'X1', 'C6', 'Z4', 'S3', 'X5', 'C3', 'X2'}
INFO: Added high constraint for intermediate dimension P in level WeightRegister
INFO: Added high constraint for intermediate dimension R1 in level WeightRegister
INFO: Added high constraint for intermediate dimension P in level AccumulationIntermediateOutputRegister
INFO: Added high constraint for intermediate dimension R1 in level AccumulationIntermediateOutputRegister
INFO: Added high constraint for intermediate dimension P in level AccumulationOutputRegister
INFO: Added high constraint for intermediate dimension R1 in level AccumulationOutputRegister
Starting engine with mapper: breadthfirst_local

WARNING: running on a Python version without free-threading (GIL enabled), this program relies heavily on true multithreading, thus expect a severe performance hit with your current setup. Consider updating to Python 3.13t or newer.
INFO: running multithreaded with THREADS_COUNT = 8

DEBUG interleave: START - Called from breadthfirst_local.py:600 in optimizeDataflows()
                       array=['Q', 'P', 'X6', 'Y6', 'X5', 'Y5', 'X4', 'Y4', 'X3', 'Y3', 'X2', 'Y2', 'X1', 'Y1', 'X0', 'Y0'], elements=['C0', 'R0', 'S0', 'Z0', 'C1', 'R1', 'S1', 'Z1', 'C2', 'R2', 'S2', 'Z2', 'C3', 'R3', 'S3', 'Z3', 'C4', 'R4', 'S4', 'Z4', 'C5', 'R5', 'S5', 'Z5', 'C6', 'R6', 'S6', 'Z6', 'C7', 'R7', 'S7', 'Z7'] (len=32)
interleave: too many elements (32), returning 3 results
['C1', 'Y1', 'R1', 'X1', 'S1']
['C2', 'Y2', 'R2', 'X2', 'S2']
['C3', 'Y3', 'R3', 'X3', 'S3']
['C4', 'Y4', 'R4', 'X4', 'S4']
['C5', 'Y5', 'R5', 'X5', 'S5']
['C6', 'Y6', 'R6', 'X6', 'S6']
['C7', 'P', 'R7', 'Q', 'S7']
DEBUG interleave: START - Called from breadthfirst_local.py:600 in optimizeDataflows()
                       array=[], elements=['C0', 'Y0', 'X0', 'R0', 'S0', 'Z0', 'C1', 'R1', 'S1', 'Y1', 'X1', 'Z1', 'C2', 'R2', 'S2', 'Y2', 'X2', 'Z2', 'C3', 'R3', 'S3', 'Y3', 'X3', 'Z3', 'C4', 'R4', 'S4', 'Y4', 'X4', 'Z4', 'C5', 'R5', 'S5', 'Y5', 'X5', 'Z5', 'C6', 'R6', 'S6', 'Y6', 'X6', 'Z6', 'C7', 'R7', 'S7', 'P', 'Q', 'Z7'] (len=48)
interleave: too many elements (48), returning 2 results
['C1', 'Y1', 'R1', 'X1', 'S1']
['C2', 'Y2', 'R2', 'X2', 'S2']
['C3', 'Y3', 'R3', 'X3', 'S3']
['C4', 'Y4', 'R4', 'X4', 'S4']
['C5', 'Y5', 'R5', 'X5', 'S5']
['C6', 'Y6', 'R6', 'X6', 'S6']
['C7', 'P', 'R7', 'Q', 'S7']
DEBUG interleave: START - Called from breadthfirst_local.py:600 in optimizeDataflows()
                       array=['Z7', 'C7', 'R7', 'S7', 'Z6', 'C6', 'R6', 'S6', 'Z5', 'C5', 'R5', 'S5', 'Z4', 'C4', 'R4', 'S4', 'Z3', 'C3', 'R3', 'S3', 'Z2', 'C2', 'R2', 'S2', 'Z1', 'C1', 'R1', 'S1', 'Z0', 'C0', 'R0', 'S0'], elements=['Y0', 'X0', 'Y1', 'X1', 'Y2', 'X2', 'Y3', 'X3', 'Y4', 'X4', 'Y5', 'X5', 'Y6', 'X6', 'P', 'Q'] (len=16)
interleave: too many elements (16), returning 3 results
['C1', 'Y1', 'R1', 'X1', 'S1']
['C2', 'Y2', 'R2', 'X2', 'S2']
['C3', 'Y3', 'R3', 'X3', 'S3']
['C4', 'Y4', 'R4', 'X4', 'S4']
['C5', 'Y5', 'R5', 'X5', 'S5']
['C6', 'Y6', 'R6', 'X6', 'S6']
['C7', 'P', 'R7', 'Q', 'S7']
DEBUG interleave: START - Called from breadthfirst_local.py:600 in optimizeDataflows()
                       array=['C7', 'R7', 'S7', 'C6', 'R6', 'S6', 'C5', 'R5', 'S5', 'C4', 'R4', 'S4', 'C3', 'R3', 'S3', 'C2', 'R2', 'S2', 'C1', 'R1', 'S1', 'C0', 'R0', 'S0'], elements=['Y0', 'X0', 'Z0', 'Y1', 'X1', 'Z1', 'Y2', 'X2', 'Z2', 'Y3', 'X3', 'Z3', 'Y4', 'X4', 'Z4', 'Y5', 'X5', 'Z5', 'Y6', 'X6', 'Z6', 'P', 'Q', 'Z7'] (len=24)
interleave: too many elements (24), returning 3 results
['C1', 'Y1', 'R1', 'X1', 'S1']
['C2', 'Y2', 'R2', 'X2', 'S2']
['C3', 'Y3', 'R3', 'X3', 'S3']
['C4', 'Y4', 'R4', 'X4', 'S4']
['C5', 'Y5', 'R5', 'X5', 'S5']
['C6', 'Y6', 'R6', 'X6', 'S6']
['C7', 'P', 'R7', 'Q', 'S7']
DEBUG interleave: START - Called from breadthfirst_local.py:600 in optimizeDataflows()
                       array=['Z6', 'Y6', 'X6', 'Z5', 'Y5', 'X5', 'Z4', 'Y4', 'X4', 'Z3', 'Y3', 'X3', 'Z2', 'Y2', 'X2', 'Z1', 'Y1', 'X1', 'Z0', 'Y0', 'X0'], elements=['C0', 'R0', 'S0', 'C1', 'R1', 'S1', 'C2', 'R2', 'S2', 'C3', 'R3', 'S3', 'C4', 'R4', 'S4', 'C5', 'R5', 'S5', 'C6', 'R6', 'S6', 'C7', 'R7', 'S7', 'P', 'Q', 'Z7'] (len=27)
interleave: too many elements (27), returning 3 results
['C1', 'Y1', 'R1', 'X1', 'S1']
['C2', 'Y2', 'R2', 'X2', 'S2']
['C3', 'Y3', 'R3', 'X3', 'S3']
['C4', 'Y4', 'R4', 'X4', 'S4']
['C5', 'Y5', 'R5', 'X5', 'S5']
['C6', 'Y6', 'R6', 'X6', 'S6']
['C7', 'P', 'R7', 'Q', 'S7']
DEBUG interleave: START - Called from breadthfirst_local.py:600 in optimizeDataflows()
                       array=['Q', 'P', 'Z7'], elements=['C0', 'Y0', 'X0', 'R0', 'S0', 'Z0', 'C1', 'R1', 'S1', 'Y1', 'X1', 'Z1', 'C2', 'R2', 'S2', 'Y2', 'X2', 'Z2', 'C3', 'R3', 'S3', 'Y3', 'X3', 'Z3', 'C4', 'R4', 'S4', 'Y4', 'X4', 'Z4', 'C5', 'R5', 'S5', 'Y5', 'X5', 'Z5', 'C6', 'R6', 'S6', 'Y6', 'X6', 'Z6', 'C7', 'R7', 'S7'] (len=45)
interleave: too many elements (45), returning 3 results
['C1', 'Y1', 'R1', 'X1', 'S1']
['C2', 'Y2', 'R2', 'X2', 'S2']
['C3', 'Y3', 'R3', 'X3', 'S3']
['C4', 'Y4', 'R4', 'X4', 'S4']
['C5', 'Y5', 'R5', 'X5', 'S5']
['C6', 'Y6', 'R6', 'X6', 'S6']
['C7', 'P', 'R7', 'Q', 'S7']
-------- factorFlow -------- CIAO
Arch after initialization:
tile_sizes[dim]: [120, 5], self._dim_products[dim]: [8, 1]
input_FC_size distinct: 11520
Input FC size: 11520

Input size: 1573248

Output size: 8294400

Weight size: 18792

Intermediate input size: 89477216
Total intermediate size (input + output): 0

input_size: 1573248, output_size: 8294400, weight_size: 18792, intermediate_size: 0
Total mem footprint: 9897960



tile_sizes[dim]: [120, 5], self._dim_products[dim]: [1, 1]
input_FC_size distinct: 1440
Input FC size: 1440

Input size: 1860

Output size: 1920

Weight size: 0

Intermediate input size: 46224
Total intermediate size (input + output): 66864

input_size: 1860, output_size: 1920, weight_size: 0, intermediate_size: 66864
Total mem footprint: 72085



tile_sizes[dim]: [120, 1], self._dim_products[dim]: [1, 5]
input_FC_size distinct: 0
Input FC size: 0

Input size: 0

Output size: 0

Weight size: 18792

Intermediate input size: 46224
Total intermediate size (input + output): 0

input_size: 0, output_size: 0, weight_size: 18792, intermediate_size: 0
Total mem footprint: 18792



tile_sizes[dim]: [1, 1], self._dim_products[dim]: [1, 1]
input_FC_size distinct: 0
Input FC size: 0

Input size: 0

Output size: 0

Weight size: 8

Intermediate input size: 7
Total intermediate size (input + output): 0

input_size: 0, output_size: 0, weight_size: 8, intermediate_size: 0
Total mem footprint: 8



tile_sizes[dim]: [1, 1], self._dim_products[dim]: [1, 1]
input_FC_size distinct: 0
Input FC size: 0

Input size: 0

Output size: 0

Weight size: 0

Intermediate input size: 7
Total intermediate size (input + output): 7

input_size: 0, output_size: 0, weight_size: 0, intermediate_size: 7
Total mem footprint: 7



tile_sizes[dim]: [1, 1], self._dim_products[dim]: [1, 1]
input_FC_size distinct: 0
Input FC size: 0

Input size: 0

Output size: 1

Weight size: 0

Intermediate input size: 7
Total intermediate size (input + output): 0

input_size: 0, output_size: 1, weight_size: 0, intermediate_size: 0
Total mem footprint: 1



DRAM ----------> Q: 8, P: 540, X6: 8, Y6: 540, X5: 8, Y5: 540, X4: 8, Y4: 540, X3: 8, Y3: 540, X2: 8, Y2: 540, X1: 8, Y1: 540, X0: 8, Y0: 540
FeatureMemory -
WeightMemory --> C7: 56, R7: 3, S7: 3, Z6: 4, C6: 12, C5: 12, R5: 3, S5: 3, C4: 12, R4: 3, S4: 3, C3: 12, R3: 3, S3: 3, C2: 12, R2: 3, S2: 3, C1: 56, Z0: 4, C0: 3, R0: 5, S0: 5
SACols_7 ------> Q: 120
SARows_7 ------> Z7: 16
SACols_6 ------> X6: 120
SARows_6 ------> Z6: 14
SACols_5 ------> X5: 120
SARows_5 ------> Z5: 12
SACols_4 ------> X4: 120
SARows_4 ------> Z4: 12
SACols_3 ------> X3: 120
SARows_3 ------> Z3: 12
SACols_2 ------> X2: 120
SARows_2 ------> Z2: 12
SACols_1 ------> X1: 120
SARows_1 ------> Z1: 12
SACols_0 ------> X0: 120
SARows_0 ------> Z0: 14
WeightRegister 
AccumulationIntermediateOutputRegister 
AccumulationOutputRegister 
Compute -------

Starting FactorFlow tiling optimization:

é stato chiamato update stats! 




Questo mops è chiamato da update stats
Level: DRAM, arch bypasses for the level: ['int_in', 'int_out'], in_bp: 1, w_bp: 0, out_bp: 1, int_in_bp: 0, int_out_bp: 0
DEBUG updateStats pre scaling: Level DRAM:
  in_reads: 1555200
  per_layer_w_reads: {0: 4200, 1: 672, 2: 1296, 3: 1296, 4: 1296, 5: 1296, 6: 672, 7: 8064}
  per_layer_int_in_reads: {0: 0, 1: 0, 2: 0, 3: 0, 4: 0, 5: 0, 6: 0}
  per_layer_int_out_reads: {0: 0, 1: 0, 2: 0, 3: 0, 4: 0, 5: 0, 6: 0}
  per_layer_int_out_writes: {0: 0, 1: 0, 2: 0, 3: 0, 4: 0, 5: 0, 6: 0}
  out_reads: 8294400
  out_writes: 8294400
  out_reads_factors: 1
scale_per_layer[0]: 1, temporal_iterations_per_layer[0]: 1, spatial_iterations_per_layer[0]: 1
DEBUG: results after scaling: Level DRAM: in_reads=1555200, w_reads=18792, int_in_reads=0, int_out_reads=0, int_out_writes=0, out_writes=8294400, out_reads=8294400, out_reads_factors=1
DEBUG: Level DRAM adjusted out_reads for no bias read: 0
DEBUG: Level DRAM bypasses intermediate storage
DEBUG updateStats post scaling: Level DRAM:
  in_reads: 1,555,200
  per_layer_w_reads: {0: 4200, 1: 672, 2: 1296, 3: 1296, 4: 1296, 5: 1296, 6: 672, 7: 8064}
  w_reads: 18,792
  per_layer_int_in_reads: {0: 0, 1: 0, 2: 0, 3: 0, 4: 0, 5: 0, 6: 0}
  per_layer_int_in_writes: {0: 0, 1: 0, 2: 0, 3: 0, 4: 0, 5: 0, 6: 0}
  int_in_reads: 0
  per_layer_int_out_reads: {0: 0, 1: 0, 2: 0, 3: 0, 4: 0, 5: 0, 6: 0}
  per_layer_int_out_writes: {0: 0, 1: 0, 2: 0, 3: 0, 4: 0, 5: 0, 6: 0}
  int_out_reads: 0
  out_reads: 0
  out_writes: 8,294,400
  out_reads_factors: 1
in_writes: 0, w_writes: 0, int_in_writes: 0, int_out_writes: 0, out_writes: 8294400
Name of the level: DRAM, level active instances per layer: {0: 1, 1: 1, 2: 1, 3: 1, 4: 1, 5: 1, 6: 1, 7: 1}, level active instances: 1
Level DRAM, Layer 0: total_reads = 1559400, total_writes = 0
Level DRAM, Layer 1: total_reads = 672, total_writes = 0
Level DRAM, Layer 2: total_reads = 1296, total_writes = 0
Level DRAM, Layer 3: total_reads = 1296, total_writes = 0
Level DRAM, Layer 4: total_reads = 1296, total_writes = 0
Level DRAM, Layer 5: total_reads = 1296, total_writes = 0
Level DRAM, Layer 6: total_reads = 672, total_writes = 0
DEBUG: Level DRAM, Layer 7, per_layer_int_in_reads6: 0, per_layer_w_reads7: 8064, out_reads: 0
Level DRAM, Layer 7: total_reads = 8064, total_writes = 8294400
Check: Per Layer Total reads: {0: 1559400, 1: 672, 2: 1296, 3: 1296, 4: 1296, 5: 1296, 6: 672, 7: 8064}, total: 1573992
Check: Per Layer Total writes: {0: 0, 1: 0, 2: 0, 3: 0, 4: 0, 5: 0, 6: 0, 7: 8294400}, 
 total: 8294400
Level DRAM total WMOPs from per layer sum: 315,788,544.000
Level DRAM total WMOPs from total reads/writes: 315,788,544.000
End first part of update for level: DRAM



Questo mops è chiamato da update stats
Level: FeatureMemory, arch bypasses for the level: ['w'], in_bp: 0, w_bp: 0, out_bp: 0, int_in_bp: 0, int_out_bp: 0
DEBUG updateStats pre scaling: Level FeatureMemory:
  in_reads: 36000
  per_layer_w_reads: {0: 0, 1: 0, 2: 0, 3: 0, 4: 0, 5: 0, 6: 0, 7: 0}
  per_layer_int_in_reads: {0: 6720, 1: 12960, 2: 12960, 3: 12960, 4: 12960, 5: 5760, 6: 60480}
  per_layer_int_out_reads: {0: 6720, 1: 1440, 2: 1440, 3: 1440, 4: 1440, 5: 1440, 6: 6720}
  per_layer_int_out_writes: {0: 6720, 1: 1440, 2: 1440, 3: 1440, 4: 1440, 5: 1440, 6: 6720}
  out_reads: 1920
  out_writes: 1920
  out_reads_factors: 1
scale_per_layer[0]: 4320, temporal_iterations_per_layer[0]: 4320, spatial_iterations_per_layer[0]: 1
DEBUG: results after scaling: Level FeatureMemory: in_reads=155520000, w_reads=0, int_in_reads=539136000, int_out_reads=89164800, int_out_writes=89164800, out_writes=8294400, out_reads=8294400, out_reads_factors=1
DEBUG: Level FeatureMemory adjusted out_reads for no bias read: 0
DEBUG updateStats post scaling: Level FeatureMemory:
  in_reads: 155,520,000
  per_layer_w_reads: {0: 0, 1: 0, 2: 0, 3: 0, 4: 0, 5: 0, 6: 0, 7: 0}
  w_reads: 0
  per_layer_int_in_reads: {0: 29030400, 1: 55987200, 2: 55987200, 3: 55987200, 4: 55987200, 5: 24883200, 6: 261273600}
  per_layer_int_in_writes: {0: 0, 1: 0, 2: 0, 3: 0, 4: 0, 5: 0, 6: 0}
  int_in_reads: 539,136,000
  per_layer_int_out_reads: {0: 29030400, 1: 6220800, 2: 6220800, 3: 6220800, 4: 6220800, 5: 6220800, 6: 29030400}
  per_layer_int_out_writes: {0: 29030400, 1: 6220800, 2: 6220800, 3: 6220800, 4: 6220800, 5: 6220800, 6: 29030400}
  int_out_reads: 89,164,800
  out_reads: 0
  out_writes: 8,294,400
  out_reads_factors: 1
in_writes: 1555200, w_writes: 0, int_in_writes: 0, int_out_writes: 89164800, out_writes: 8294400
Name of the level: FeatureMemory, level active instances per layer: {0: 1, 1: 1, 2: 1, 3: 1, 4: 1, 5: 1, 6: 1, 7: 1}, level active instances: 1
Level FeatureMemory, Layer 0: total_reads = 184550400, total_writes = 30585600
Level FeatureMemory, Layer 1: total_reads = 35251200, total_writes = 6220800
Level FeatureMemory, Layer 2: total_reads = 62208000, total_writes = 6220800
Level FeatureMemory, Layer 3: total_reads = 62208000, total_writes = 6220800
Level FeatureMemory, Layer 4: total_reads = 62208000, total_writes = 6220800
Level FeatureMemory, Layer 5: total_reads = 62208000, total_writes = 6220800
Level FeatureMemory, Layer 6: total_reads = 53913600, total_writes = 29030400
DEBUG: Level FeatureMemory, Layer 7, per_layer_int_in_reads6: 261273600, per_layer_w_reads7: 0, out_reads: 0
Level FeatureMemory, Layer 7: total_reads = 261273600, total_writes = 8294400
Check: Per Layer Total reads: {0: 184550400, 1: 35251200, 2: 62208000, 3: 62208000, 4: 62208000, 5: 62208000, 6: 53913600, 7: 261273600}, total: 783820800
Check: Per Layer Total writes: {0: 30585600, 1: 6220800, 2: 6220800, 3: 6220800, 4: 6220800, 5: 6220800, 6: 29030400, 7: 8294400}, 
 total: 99014400
Level FeatureMemory total WMOPs from per layer sum: 1,026,514,352.945
Level FeatureMemory total WMOPs from total reads/writes: 1,026,514,352.945
End first part of update for level: FeatureMemory



Questo mops è chiamato da update stats
Level: WeightMemory, arch bypasses for the level: ['in', 'int_in', 'int_out', 'out'], in_bp: 0, w_bp: 1, out_bp: 0, int_in_bp: 0, int_out_bp: 0
DEBUG updateStats pre scaling: Level WeightMemory:
  in_reads: 0
  per_layer_w_reads: {0: 4200, 1: 672, 2: 1296, 3: 1296, 4: 1296, 5: 1296, 6: 672, 7: 8064}
  per_layer_int_in_reads: {0: 0, 1: 0, 2: 0, 3: 0, 4: 0, 5: 0, 6: 0}
  per_layer_int_out_reads: {0: 0, 1: 0, 2: 0, 3: 0, 4: 0, 5: 0, 6: 0}
  per_layer_int_out_writes: {0: 0, 1: 0, 2: 0, 3: 0, 4: 0, 5: 0, 6: 0}
  out_reads: 0
  out_writes: 0
  out_reads_factors: 0
scale_per_layer[0] = 4320, temporal_iterations_per_layer[0] = 4320, spatial_iterations_per_layer[0] = 1
scale_per_layer[0]: 4320, temporal_iterations_per_layer[0]: 4320, spatial_iterations_per_layer[0]: 1
DEBUG: results after scaling: Level WeightMemory: in_reads=0, w_reads=81181440, int_in_reads=0, int_out_reads=0, int_out_writes=0, out_writes=0, out_reads=0, out_reads_factors=0
DEBUG: Level WeightMemory bypasses intermediate storage
DEBUG updateStats post scaling: Level WeightMemory:
  in_reads: 0
  per_layer_w_reads: {0: 18144000, 1: 2903040, 2: 5598720, 3: 5598720, 4: 5598720, 5: 5598720, 6: 2903040, 7: 34836480}
  w_reads: 81,181,440
  per_layer_int_in_reads: {0: 0, 1: 0, 2: 0, 3: 0, 4: 0, 5: 0, 6: 0}
  per_layer_int_in_writes: {0: 0, 1: 0, 2: 0, 3: 0, 4: 0, 5: 0, 6: 0}
  int_in_reads: 0
  per_layer_int_out_reads: {0: 0, 1: 0, 2: 0, 3: 0, 4: 0, 5: 0, 6: 0}
  per_layer_int_out_writes: {0: 0, 1: 0, 2: 0, 3: 0, 4: 0, 5: 0, 6: 0}
  int_out_reads: 0
  out_reads: 0
  out_writes: 0
  out_reads_factors: 0
in_writes: 0, w_writes: 18792, int_in_writes: 0, int_out_writes: 0, out_writes: 0
Name of the level: WeightMemory, level active instances per layer: {0: 1, 1: 1, 2: 1, 3: 1, 4: 1, 5: 1, 6: 1, 7: 1}, level active instances: 1
Level WeightMemory, Layer 0: total_reads = 18144000, total_writes = 4200
Level WeightMemory, Layer 1: total_reads = 2903040, total_writes = 672
Level WeightMemory, Layer 2: total_reads = 5598720, total_writes = 1296
Level WeightMemory, Layer 3: total_reads = 5598720, total_writes = 1296
Level WeightMemory, Layer 4: total_reads = 5598720, total_writes = 1296
Level WeightMemory, Layer 5: total_reads = 5598720, total_writes = 1296
Level WeightMemory, Layer 6: total_reads = 2903040, total_writes = 672
DEBUG: Level WeightMemory, Layer 7, per_layer_int_in_reads6: 0, per_layer_w_reads7: 34836480, out_reads: 0
Level WeightMemory, Layer 7: total_reads = 34836480, total_writes = 8064
Check: Per Layer Total reads: {0: 18144000, 1: 2903040, 2: 5598720, 3: 5598720, 4: 5598720, 5: 5598720, 6: 2903040, 7: 34836480}, total: 81181440
Check: Per Layer Total writes: {0: 4200, 1: 672, 2: 1296, 3: 1296, 4: 1296, 5: 1296, 6: 672, 7: 8064}, 
 total: 18792
Level WeightMemory total WMOPs from per layer sum: 1,090,779,007.808
Level WeightMemory total WMOPs from total reads/writes: 1,090,779,007.808
End first part of update for level: WeightMemory



Calculating Fanout Level: SACols_7, updating spatial and last reads
Fanout Level SACols_7, Layer 7, dim Q, layer_iterations: 120
End of the first part of Update Stats for fanout level: SACols_7


Calculating Fanout Level: SARows_7, updating spatial and last reads
Fanout Level SARows_7, Layer 7, dim Z7, layer_iterations: 16
End of the first part of Update Stats for fanout level: SARows_7


Calculating Fanout Level: SACols_6, updating spatial and last reads
Fanout Level SACols_6, Layer 6, dim X6, layer_iterations: 120
End of the first part of Update Stats for fanout level: SACols_6


Calculating Fanout Level: SARows_6, updating spatial and last reads
Fanout Level SARows_6, Layer 6, dim Z6, layer_iterations: 14
End of the first part of Update Stats for fanout level: SARows_6


Calculating Fanout Level: SACols_5, updating spatial and last reads
Fanout Level SACols_5, Layer 5, dim X5, layer_iterations: 120
End of the first part of Update Stats for fanout level: SACols_5


Calculating Fanout Level: SARows_5, updating spatial and last reads
Fanout Level SARows_5, Layer 5, dim Z5, layer_iterations: 12
End of the first part of Update Stats for fanout level: SARows_5


Calculating Fanout Level: SACols_4, updating spatial and last reads
Fanout Level SACols_4, Layer 4, dim X4, layer_iterations: 120
End of the first part of Update Stats for fanout level: SACols_4


Calculating Fanout Level: SARows_4, updating spatial and last reads
Fanout Level SARows_4, Layer 4, dim Z4, layer_iterations: 12
End of the first part of Update Stats for fanout level: SARows_4


Calculating Fanout Level: SACols_3, updating spatial and last reads
Fanout Level SACols_3, Layer 3, dim X3, layer_iterations: 120
End of the first part of Update Stats for fanout level: SACols_3


Calculating Fanout Level: SARows_3, updating spatial and last reads
Fanout Level SARows_3, Layer 3, dim Z3, layer_iterations: 12
End of the first part of Update Stats for fanout level: SARows_3


Calculating Fanout Level: SACols_2, updating spatial and last reads
Fanout Level SACols_2, Layer 2, dim X2, layer_iterations: 120
End of the first part of Update Stats for fanout level: SACols_2


Calculating Fanout Level: SARows_2, updating spatial and last reads
Fanout Level SARows_2, Layer 2, dim Z2, layer_iterations: 12
End of the first part of Update Stats for fanout level: SARows_2


Calculating Fanout Level: SACols_1, updating spatial and last reads
Fanout Level SACols_1, Layer 1, dim X1, layer_iterations: 120
End of the first part of Update Stats for fanout level: SACols_1


Calculating Fanout Level: SARows_1, updating spatial and last reads
Fanout Level SARows_1, Layer 1, dim Z1, layer_iterations: 12
End of the first part of Update Stats for fanout level: SARows_1


Calculating Fanout Level: SACols_0, updating spatial and last reads
Fanout Level SACols_0, Layer 0, dim X0, layer_iterations: 120
End of the first part of Update Stats for fanout level: SACols_0


Calculating Fanout Level: SARows_0, updating spatial and last reads
Fanout Level SARows_0, Layer 0, dim Z0, layer_iterations: 14
End of the first part of Update Stats for fanout level: SARows_0


Questo mops è chiamato da update stats
Level: WeightRegister, arch bypasses for the level: ['in', 'int_in', 'int_out', 'out'], in_bp: 0, w_bp: 0, out_bp: 0, int_in_bp: 0, int_out_bp: 0
DEBUG updateStats pre scaling: Level WeightRegister:
  in_reads: 0
  per_layer_w_reads: {0: 1, 1: 1, 2: 1, 3: 1, 4: 1, 5: 1, 6: 1, 7: 1}
  per_layer_int_in_reads: {0: 0, 1: 0, 2: 0, 3: 0, 4: 0, 5: 0, 6: 0}
  per_layer_int_out_reads: {0: 0, 1: 0, 2: 0, 3: 0, 4: 0, 5: 0, 6: 0}
  per_layer_int_out_writes: {0: 0, 1: 0, 2: 0, 3: 0, 4: 0, 5: 0, 6: 0}
  out_reads: 0
  out_writes: 0
  out_reads_factors: 0
scale_per_layer[0]: 2177280000, temporal_iterations_per_layer[0]: 1296000, spatial_iterations_per_layer[0]: 1680
DEBUG: results after scaling: Level WeightRegister: in_reads=0, w_reads=9741772800, int_in_reads=0, int_out_reads=0, int_out_writes=0, out_writes=0, out_reads=0, out_reads_factors=0
DEBUG: Level WeightRegister bypasses intermediate storage
DEBUG updateStats post scaling: Level WeightRegister:
  in_reads: 0
  per_layer_w_reads: {0: 2177280000, 1: 348364800, 2: 671846400, 3: 671846400, 4: 671846400, 5: 671846400, 6: 348364800, 7: 4180377600}
  w_reads: 9,741,772,800
  per_layer_int_in_reads: {0: 0, 1: 0, 2: 0, 3: 0, 4: 0, 5: 0, 6: 0}
  per_layer_int_in_writes: {0: 0, 1: 0, 2: 0, 3: 0, 4: 0, 5: 0, 6: 0}
  int_in_reads: 0
  per_layer_int_out_reads: {0: 0, 1: 0, 2: 0, 3: 0, 4: 0, 5: 0, 6: 0}
  per_layer_int_out_writes: {0: 0, 1: 0, 2: 0, 3: 0, 4: 0, 5: 0, 6: 0}
  int_out_reads: 0
  out_reads: 0
  out_writes: 0
  out_reads_factors: 0
in_writes: 0, w_writes: 9741772800, int_in_writes: 0, int_out_writes: 0, out_writes: 0
Name of the level: WeightRegister, level active instances per layer: {0: 1680, 1: 1440, 2: 1440, 3: 1440, 4: 1440, 5: 1440, 6: 1680, 7: 1920}, level active instances: 33553069206876979200000000
Level WeightRegister, Layer 0: total_reads = 2177280000, total_writes = 2177280000
Level WeightRegister, Layer 1: total_reads = 348364800, total_writes = 348364800
Level WeightRegister, Layer 2: total_reads = 671846400, total_writes = 671846400
Level WeightRegister, Layer 3: total_reads = 671846400, total_writes = 671846400
Level WeightRegister, Layer 4: total_reads = 671846400, total_writes = 671846400
Level WeightRegister, Layer 5: total_reads = 671846400, total_writes = 671846400
Level WeightRegister, Layer 6: total_reads = 348364800, total_writes = 348364800
DEBUG: Level WeightRegister, Layer 7, per_layer_int_in_reads6: 0, per_layer_w_reads7: 4180377600, out_reads: 0
Level WeightRegister, Layer 7: total_reads = 4180377600, total_writes = 4180377600
Check: Per Layer Total reads: {0: 2177280000, 1: 348364800, 2: 671846400, 3: 671846400, 4: 671846400, 5: 671846400, 6: 348364800, 7: 4180377600}, total: 9741772800
Check: Per Layer Total writes: {0: 2177280000, 1: 348364800, 2: 671846400, 3: 671846400, 4: 671846400, 5: 671846400, 6: 348364800, 7: 4180377600}, 
 total: 9741772800
Level WeightRegister total WMOPs from per layer sum: 16,510,726,742.528
Level WeightRegister total WMOPs from total reads/writes: 16,510,726,742.528
End first part of update for level: WeightRegister



Questo mops è chiamato da update stats
Level: AccumulationIntermediateOutputRegister, arch bypasses for the level: ['in', 'w', 'out', 'int_in'], in_bp: 0, w_bp: 0, out_bp: 0, int_in_bp: 0, int_out_bp: 0
DEBUG updateStats pre scaling: Level AccumulationIntermediateOutputRegister:
  in_reads: 0
  per_layer_w_reads: {0: 0, 1: 0, 2: 0, 3: 0, 4: 0, 5: 0, 6: 0, 7: 0}
  per_layer_int_in_reads: {0: 0, 1: 0, 2: 0, 3: 0, 4: 0, 5: 0, 6: 0}
  per_layer_int_out_reads: {0: 1, 1: 1, 2: 1, 3: 1, 4: 1, 5: 1, 6: 1}
  per_layer_int_out_writes: {0: 1, 1: 1, 2: 1, 3: 1, 4: 1, 5: 1, 6: 1}
  out_reads: 0
  out_writes: 0
  out_reads_factors: 0
scale_per_layer[0]: 2177280000, temporal_iterations_per_layer[0]: 1296000, spatial_iterations_per_layer[0]: 1680
DEBUG: results after scaling: Level AccumulationIntermediateOutputRegister: in_reads=0, w_reads=0, int_in_reads=0, int_out_reads=5561395200, int_out_writes=5561395200, out_writes=0, out_reads=0, out_reads_factors=0
DEBUG updateStats post scaling: Level AccumulationIntermediateOutputRegister:
  in_reads: 0
  per_layer_w_reads: {0: 0, 1: 0, 2: 0, 3: 0, 4: 0, 5: 0, 6: 0, 7: 0}
  w_reads: 0
  per_layer_int_in_reads: {0: 0, 1: 0, 2: 0, 3: 0, 4: 0, 5: 0, 6: 0}
  per_layer_int_in_writes: {0: 0, 1: 0, 2: 0, 3: 0, 4: 0, 5: 0, 6: 0}
  int_in_reads: 0
  per_layer_int_out_reads: {0: 2177280000, 1: 348364800, 2: 671846400, 3: 671846400, 4: 671846400, 5: 671846400, 6: 348364800}
  per_layer_int_out_writes: {0: 2206310400, 1: 354585600, 2: 678067200, 3: 678067200, 4: 678067200, 5: 678067200, 6: 377395200}
  int_out_reads: 5,561,395,200
  out_reads: 0
  out_writes: 0
  out_reads_factors: 0
in_writes: 0, w_writes: 0, int_in_writes: 0, int_out_writes: 5561395200, out_writes: 0
Name of the level: AccumulationIntermediateOutputRegister, level active instances per layer: {0: 1680, 1: 1440, 2: 1440, 3: 1440, 4: 1440, 5: 1440, 6: 1680, 7: 1920}, level active instances: 33553069206876979200000000
Level AccumulationIntermediateOutputRegister, Layer 0: total_reads = 2177280000, total_writes = 2206310400
Level AccumulationIntermediateOutputRegister, Layer 1: total_reads = 348364800, total_writes = 354585600
Level AccumulationIntermediateOutputRegister, Layer 2: total_reads = 671846400, total_writes = 678067200
Level AccumulationIntermediateOutputRegister, Layer 3: total_reads = 671846400, total_writes = 678067200
Level AccumulationIntermediateOutputRegister, Layer 4: total_reads = 671846400, total_writes = 678067200
Level AccumulationIntermediateOutputRegister, Layer 5: total_reads = 671846400, total_writes = 678067200
Level AccumulationIntermediateOutputRegister, Layer 6: total_reads = 348364800, total_writes = 377395200
DEBUG: Level AccumulationIntermediateOutputRegister, Layer 7, per_layer_int_in_reads6: 0, per_layer_w_reads7: 0, out_reads: 0
Level AccumulationIntermediateOutputRegister, Layer 7: total_reads = 0, total_writes = 0
Check: Per Layer Total reads: {0: 2177280000, 1: 348364800, 2: 671846400, 3: 671846400, 4: 671846400, 5: 671846400, 6: 348364800, 7: 0}, total: 5561395200
Check: Per Layer Total writes: {0: 2206310400, 1: 354585600, 2: 678067200, 3: 678067200, 4: 678067200, 5: 678067200, 6: 377395200, 7: 0}, 
 total: 5650560000
Level AccumulationIntermediateOutputRegister total WMOPs from per layer sum: 18,782,994,052.633
Level AccumulationIntermediateOutputRegister total WMOPs from total reads/writes: 18,764,923,496.995
End first part of update for level: AccumulationIntermediateOutputRegister



Questo mops è chiamato da update stats
Level: AccumulationOutputRegister, arch bypasses for the level: ['in', 'w', 'int_in', 'int_out'], in_bp: 0, w_bp: 0, out_bp: 1, int_in_bp: 0, int_out_bp: 0
DEBUG updateStats pre scaling: Level AccumulationOutputRegister:
  in_reads: 0
  per_layer_w_reads: {0: 0, 1: 0, 2: 0, 3: 0, 4: 0, 5: 0, 6: 0, 7: 0}
  per_layer_int_in_reads: {0: 0, 1: 0, 2: 0, 3: 0, 4: 0, 5: 0, 6: 0}
  per_layer_int_out_reads: {0: 0, 1: 0, 2: 0, 3: 0, 4: 0, 5: 0, 6: 0}
  per_layer_int_out_writes: {0: 0, 1: 0, 2: 0, 3: 0, 4: 0, 5: 0, 6: 0}
  out_reads: 1
  out_writes: 1
  out_reads_factors: 1
scale_per_layer[0]: 2177280000, temporal_iterations_per_layer[0]: 1296000, spatial_iterations_per_layer[0]: 1680
DEBUG: results after scaling: Level AccumulationOutputRegister: in_reads=0, w_reads=0, int_in_reads=0, int_out_reads=0, int_out_writes=0, out_writes=4180377600, out_reads=4180377600, out_reads_factors=504
DEBUG: Level AccumulationOutputRegister adjusted out_reads for no bias read: 4172083200
DEBUG: Level AccumulationOutputRegister bypasses intermediate storage
DEBUG updateStats post scaling: Level AccumulationOutputRegister:
  in_reads: 0
  per_layer_w_reads: {0: 0, 1: 0, 2: 0, 3: 0, 4: 0, 5: 0, 6: 0, 7: 0}
  w_reads: 0
  per_layer_int_in_reads: {0: 0, 1: 0, 2: 0, 3: 0, 4: 0, 5: 0, 6: 0}
  per_layer_int_in_writes: {0: 0, 1: 0, 2: 0, 3: 0, 4: 0, 5: 0, 6: 0}
  int_in_reads: 0
  per_layer_int_out_reads: {0: 0, 1: 0, 2: 0, 3: 0, 4: 0, 5: 0, 6: 0}
  per_layer_int_out_writes: {0: 0, 1: 0, 2: 0, 3: 0, 4: 0, 5: 0, 6: 0}
  int_out_reads: 0
  out_reads: 4,172,083,200
  out_writes: 4,180,377,600
  out_reads_factors: 504
in_writes: 0, w_writes: 0, int_in_writes: 0, int_out_writes: 0, out_writes: 4180377600
Name of the level: AccumulationOutputRegister, level active instances per layer: {0: 1680, 1: 1440, 2: 1440, 3: 1440, 4: 1440, 5: 1440, 6: 1680, 7: 1920}, level active instances: 33553069206876979200000000
Level AccumulationOutputRegister, Layer 0: total_reads = 0, total_writes = 0
Level AccumulationOutputRegister, Layer 1: total_reads = 0, total_writes = 0
Level AccumulationOutputRegister, Layer 2: total_reads = 0, total_writes = 0
Level AccumulationOutputRegister, Layer 3: total_reads = 0, total_writes = 0
Level AccumulationOutputRegister, Layer 4: total_reads = 0, total_writes = 0
Level AccumulationOutputRegister, Layer 5: total_reads = 0, total_writes = 0
Level AccumulationOutputRegister, Layer 6: total_reads = 0, total_writes = 0
DEBUG: Level AccumulationOutputRegister, Layer 7, per_layer_int_in_reads6: 0, per_layer_w_reads7: 0, out_reads: 4172083200
Level AccumulationOutputRegister, Layer 7: total_reads = 4172083200, total_writes = 4180377600
Check: Per Layer Total reads: {0: 0, 1: 0, 2: 0, 3: 0, 4: 0, 5: 0, 6: 0, 7: 4172083200}, total: 4172083200
Check: Per Layer Total writes: {0: 0, 1: 0, 2: 0, 3: 0, 4: 0, 5: 0, 6: 0, 7: 4180377600}, 
 total: 4180377600
Level AccumulationOutputRegister total WMOPs from per layer sum: 20,475,742,845.884
Level AccumulationOutputRegister total WMOPs from total reads/writes: 20,457,672,290.246
End first part of update for level: AccumulationOutputRegister



Calculating WMOPs for Compute Level
Compute Level Compute WMOPs_per_layer: {0: 5061787458.956373, 1: 807918546.3686931, 2: 1547657276.4091043, 3: 1547657276.4091043, 4: 1547657276.4091043, 5: 1547657276.4091043, 6: 845928248.829993, 7: 9760005025.226202}
WMOPs_till_now before compute level: 20,475,742,845.884
Compute Level Compute total WMOPs from per layer sum: 22666268385.017677
Compute Level Compute total WMOPs: 5.060444066824496e+70
Total WMOPs after adding compute level: 43142011230.90134
END FIRST PART OF UPDATE STATS


First cc_per_tile, it is from compute = 1
First cc_per_tile_per_layer it is from compute = {0: 1, 1: 1, 2: 1, 3: 1, 4: 1, 5: 1, 6: 1, 7: 1}


Calculating Latency for Level: AccumulationOutputRegister

Latency for layer: 0 of Level: AccumulationOutputRegister
level.active_instances_per_layer[0]: 1680
level.temporal_iterations_per_layer[0]: 1296000
Scaling per layer[0]: 2,177,280,000
Single Tile latency: cc_per_tile_per_layer[0]: 1
Ideal Case, Latency at this level without stalls: cc_per_all_tiles_per_layer[0]: 1
SCALED cc_per_all_tiles_per_layer[0]: 2,177,280,000
level.getReadPerLayer[0](): 0
  (For comparison - full reads including accumulation: 0)
ideal_bandwidth_read_per_layer[0]: 0.0
INFO: forcefully updating setting FREE_DRAINS to False
level.getDrainPerLayer[0](): 0
ideal_bandwidth_drain_per_layer[0]: 0.0
ideal_bandwidth_update_per_layer[0]: 0.0
  (For comparison - full updates including accumulation: 0)
level.getFillPerLayer[0](): 0
ideal_bandwidth_fill_per_layer[0]: 0.0

Latency for layer: 1 of Level: AccumulationOutputRegister
level.active_instances_per_layer[1]: 1440
level.temporal_iterations_per_layer[1]: 241920
Scaling per layer[1]: 348,364,800
Single Tile latency: cc_per_tile_per_layer[1]: 1
Ideal Case, Latency at this level without stalls: cc_per_all_tiles_per_layer[1]: 1
SCALED cc_per_all_tiles_per_layer[1]: 348,364,800
level.getReadPerLayer[1](): 0
  (For comparison - full reads including accumulation: 0)
ideal_bandwidth_read_per_layer[1]: 0.0
level.getDrainPerLayer[1](): 0
ideal_bandwidth_drain_per_layer[1]: 0.0
ideal_bandwidth_update_per_layer[1]: 0.0
  (For comparison - full updates including accumulation: 0)
level.getFillPerLayer[1](): 0
ideal_bandwidth_fill_per_layer[1]: 0.0

Latency for layer: 2 of Level: AccumulationOutputRegister
level.active_instances_per_layer[2]: 1440
level.temporal_iterations_per_layer[2]: 466560
Scaling per layer[2]: 671,846,400
Single Tile latency: cc_per_tile_per_layer[2]: 1
Ideal Case, Latency at this level without stalls: cc_per_all_tiles_per_layer[2]: 1
SCALED cc_per_all_tiles_per_layer[2]: 671,846,400
level.getReadPerLayer[2](): 0
  (For comparison - full reads including accumulation: 0)
ideal_bandwidth_read_per_layer[2]: 0.0
level.getDrainPerLayer[2](): 0
ideal_bandwidth_drain_per_layer[2]: 0.0
ideal_bandwidth_update_per_layer[2]: 0.0
  (For comparison - full updates including accumulation: 0)
level.getFillPerLayer[2](): 0
ideal_bandwidth_fill_per_layer[2]: 0.0

Latency for layer: 3 of Level: AccumulationOutputRegister
level.active_instances_per_layer[3]: 1440
level.temporal_iterations_per_layer[3]: 466560
Scaling per layer[3]: 671,846,400
Single Tile latency: cc_per_tile_per_layer[3]: 1
Ideal Case, Latency at this level without stalls: cc_per_all_tiles_per_layer[3]: 1
SCALED cc_per_all_tiles_per_layer[3]: 671,846,400
level.getReadPerLayer[3](): 0
  (For comparison - full reads including accumulation: 0)
ideal_bandwidth_read_per_layer[3]: 0.0
level.getDrainPerLayer[3](): 0
ideal_bandwidth_drain_per_layer[3]: 0.0
ideal_bandwidth_update_per_layer[3]: 0.0
  (For comparison - full updates including accumulation: 0)
level.getFillPerLayer[3](): 0
ideal_bandwidth_fill_per_layer[3]: 0.0

Latency for layer: 4 of Level: AccumulationOutputRegister
level.active_instances_per_layer[4]: 1440
level.temporal_iterations_per_layer[4]: 466560
Scaling per layer[4]: 671,846,400
Single Tile latency: cc_per_tile_per_layer[4]: 1
Ideal Case, Latency at this level without stalls: cc_per_all_tiles_per_layer[4]: 1
SCALED cc_per_all_tiles_per_layer[4]: 671,846,400
level.getReadPerLayer[4](): 0
  (For comparison - full reads including accumulation: 0)
ideal_bandwidth_read_per_layer[4]: 0.0
level.getDrainPerLayer[4](): 0
ideal_bandwidth_drain_per_layer[4]: 0.0
ideal_bandwidth_update_per_layer[4]: 0.0
  (For comparison - full updates including accumulation: 0)
level.getFillPerLayer[4](): 0
ideal_bandwidth_fill_per_layer[4]: 0.0

Latency for layer: 5 of Level: AccumulationOutputRegister
level.active_instances_per_layer[5]: 1440
level.temporal_iterations_per_layer[5]: 466560
Scaling per layer[5]: 671,846,400
Single Tile latency: cc_per_tile_per_layer[5]: 1
Ideal Case, Latency at this level without stalls: cc_per_all_tiles_per_layer[5]: 1
SCALED cc_per_all_tiles_per_layer[5]: 671,846,400
level.getReadPerLayer[5](): 0
  (For comparison - full reads including accumulation: 0)
ideal_bandwidth_read_per_layer[5]: 0.0
level.getDrainPerLayer[5](): 0
ideal_bandwidth_drain_per_layer[5]: 0.0
ideal_bandwidth_update_per_layer[5]: 0.0
  (For comparison - full updates including accumulation: 0)
level.getFillPerLayer[5](): 0
ideal_bandwidth_fill_per_layer[5]: 0.0

Latency for layer: 6 of Level: AccumulationOutputRegister
level.active_instances_per_layer[6]: 1680
level.temporal_iterations_per_layer[6]: 207360
Scaling per layer[6]: 348,364,800
Single Tile latency: cc_per_tile_per_layer[6]: 1
Ideal Case, Latency at this level without stalls: cc_per_all_tiles_per_layer[6]: 1
SCALED cc_per_all_tiles_per_layer[6]: 348,364,800
level.getReadPerLayer[6](): 0
  (For comparison - full reads including accumulation: 0)
ideal_bandwidth_read_per_layer[6]: 0.0
level.getDrainPerLayer[6](): 0
ideal_bandwidth_drain_per_layer[6]: 0.0
ideal_bandwidth_update_per_layer[6]: 0.0
  (For comparison - full updates including accumulation: 0)
level.getFillPerLayer[6](): 0
ideal_bandwidth_fill_per_layer[6]: 0.0

Latency for layer: 7 of Level: AccumulationOutputRegister
level.active_instances_per_layer[7]: 1920
level.temporal_iterations_per_layer[7]: 2177280
Scaling per layer[7]: 4,180,377,600
Single Tile latency: cc_per_tile_per_layer[7]: 1
Ideal Case, Latency at this level without stalls: cc_per_all_tiles_per_layer[7]: 1
SCALED cc_per_all_tiles_per_layer[7]: 4,180,377,600
level.getReadPerLayer[7](): 4,172,083,200
  (For comparison - full reads including accumulation: 4,172,083,200)
ideal_bandwidth_read_per_layer[7]: 0.998015873015873
level.getDrainPerLayer[7](): 0
ideal_bandwidth_drain_per_layer[7]: 0.0
ideal_bandwidth_update_per_layer[7]: 1.0
  (For comparison - full updates including accumulation: 4,180,377,600)
level.getFillPerLayer[7](): 0
ideal_bandwidth_fill_per_layer[7]: 0.0

Start of calculation of latency:


Layer_id: 0 in AccumulationOutputRegister

ideal_bandwidth_read_per_layer[0] + ideal_bandwidth_drain_per_layer[0]: 0.0 vs level.read_bandwidth: 1
I am in Compute Bound
cc_per_all_tiles_per_layer[0]: 1
STANDARD CASE latency_read_drain_per_layer[0]: 1

ideal_bandwidth_fill_per_layer[0] + ideal_bandwidth_update_per_layer[0]: 0.0 vs level.write_bandwidth: 1
previous_fanout_pe_to_pe_warmup: 0
STANDARD CASE latency_fill_update_per_layer[0]: 1


Layer_id: 1 in AccumulationOutputRegister

ideal_bandwidth_read_per_layer[1] + ideal_bandwidth_drain_per_layer[1]: 0.0 vs level.read_bandwidth: 1
I am in Compute Bound
cc_per_all_tiles_per_layer[1]: 1
STANDARD CASE latency_read_drain_per_layer[1]: 1

ideal_bandwidth_fill_per_layer[1] + ideal_bandwidth_update_per_layer[1]: 0.0 vs level.write_bandwidth: 1
previous_fanout_pe_to_pe_warmup: 0
STANDARD CASE latency_fill_update_per_layer[1]: 1


Layer_id: 2 in AccumulationOutputRegister

ideal_bandwidth_read_per_layer[2] + ideal_bandwidth_drain_per_layer[2]: 0.0 vs level.read_bandwidth: 1
I am in Compute Bound
cc_per_all_tiles_per_layer[2]: 1
STANDARD CASE latency_read_drain_per_layer[2]: 1

ideal_bandwidth_fill_per_layer[2] + ideal_bandwidth_update_per_layer[2]: 0.0 vs level.write_bandwidth: 1
previous_fanout_pe_to_pe_warmup: 0
STANDARD CASE latency_fill_update_per_layer[2]: 1


Layer_id: 3 in AccumulationOutputRegister

ideal_bandwidth_read_per_layer[3] + ideal_bandwidth_drain_per_layer[3]: 0.0 vs level.read_bandwidth: 1
I am in Compute Bound
cc_per_all_tiles_per_layer[3]: 1
STANDARD CASE latency_read_drain_per_layer[3]: 1

ideal_bandwidth_fill_per_layer[3] + ideal_bandwidth_update_per_layer[3]: 0.0 vs level.write_bandwidth: 1
previous_fanout_pe_to_pe_warmup: 0
STANDARD CASE latency_fill_update_per_layer[3]: 1


Layer_id: 4 in AccumulationOutputRegister

ideal_bandwidth_read_per_layer[4] + ideal_bandwidth_drain_per_layer[4]: 0.0 vs level.read_bandwidth: 1
I am in Compute Bound
cc_per_all_tiles_per_layer[4]: 1
STANDARD CASE latency_read_drain_per_layer[4]: 1

ideal_bandwidth_fill_per_layer[4] + ideal_bandwidth_update_per_layer[4]: 0.0 vs level.write_bandwidth: 1
previous_fanout_pe_to_pe_warmup: 0
STANDARD CASE latency_fill_update_per_layer[4]: 1


Layer_id: 5 in AccumulationOutputRegister

ideal_bandwidth_read_per_layer[5] + ideal_bandwidth_drain_per_layer[5]: 0.0 vs level.read_bandwidth: 1
I am in Compute Bound
cc_per_all_tiles_per_layer[5]: 1
STANDARD CASE latency_read_drain_per_layer[5]: 1

ideal_bandwidth_fill_per_layer[5] + ideal_bandwidth_update_per_layer[5]: 0.0 vs level.write_bandwidth: 1
previous_fanout_pe_to_pe_warmup: 0
STANDARD CASE latency_fill_update_per_layer[5]: 1


Layer_id: 6 in AccumulationOutputRegister

ideal_bandwidth_read_per_layer[6] + ideal_bandwidth_drain_per_layer[6]: 0.0 vs level.read_bandwidth: 1
I am in Compute Bound
cc_per_all_tiles_per_layer[6]: 1
STANDARD CASE latency_read_drain_per_layer[6]: 1

ideal_bandwidth_fill_per_layer[6] + ideal_bandwidth_update_per_layer[6]: 0.0 vs level.write_bandwidth: 1
previous_fanout_pe_to_pe_warmup: 0
STANDARD CASE latency_fill_update_per_layer[6]: 1


Layer_id: 7 in AccumulationOutputRegister

ideal_bandwidth_read_per_layer[7] + ideal_bandwidth_drain_per_layer[7]: 0.998015873015873 vs level.read_bandwidth: 1
I am in Compute Bound
cc_per_all_tiles_per_layer[7]: 1
STANDARD CASE latency_read_drain_per_layer[7]: 1

ideal_bandwidth_fill_per_layer[7] + ideal_bandwidth_update_per_layer[7]: 1.0 vs level.write_bandwidth: 1
previous_fanout_pe_to_pe_warmup: 0
STANDARD CASE latency_fill_update_per_layer[7]: 1

End of calculation of latency.

Calculating per tile final latency and stall for layer 0 in AccumulationOutputRegister: latency_read_drain_per_layer[0] = 1, latency_fill_update_per_layer[0] = 1
Final per tile latency_per_layer[0]: 1
Final per tile stall_cycles_per_layer[0]: 0
Ideal case: no stall introduced by this level per this layer: cc_per_all_tiles_per_layer[0]: 1
Calculating per tile final latency and stall for layer 1 in AccumulationOutputRegister: latency_read_drain_per_layer[1] = 1, latency_fill_update_per_layer[1] = 1
Final per tile latency_per_layer[1]: 1
Final per tile stall_cycles_per_layer[1]: 0
Ideal case: no stall introduced by this level per this layer: cc_per_all_tiles_per_layer[1]: 1
Calculating per tile final latency and stall for layer 2 in AccumulationOutputRegister: latency_read_drain_per_layer[2] = 1, latency_fill_update_per_layer[2] = 1
Final per tile latency_per_layer[2]: 1
Final per tile stall_cycles_per_layer[2]: 0
Ideal case: no stall introduced by this level per this layer: cc_per_all_tiles_per_layer[2]: 1
Calculating per tile final latency and stall for layer 3 in AccumulationOutputRegister: latency_read_drain_per_layer[3] = 1, latency_fill_update_per_layer[3] = 1
Final per tile latency_per_layer[3]: 1
Final per tile stall_cycles_per_layer[3]: 0
Ideal case: no stall introduced by this level per this layer: cc_per_all_tiles_per_layer[3]: 1
Calculating per tile final latency and stall for layer 4 in AccumulationOutputRegister: latency_read_drain_per_layer[4] = 1, latency_fill_update_per_layer[4] = 1
Final per tile latency_per_layer[4]: 1
Final per tile stall_cycles_per_layer[4]: 0
Ideal case: no stall introduced by this level per this layer: cc_per_all_tiles_per_layer[4]: 1
Calculating per tile final latency and stall for layer 5 in AccumulationOutputRegister: latency_read_drain_per_layer[5] = 1, latency_fill_update_per_layer[5] = 1
Final per tile latency_per_layer[5]: 1
Final per tile stall_cycles_per_layer[5]: 0
Ideal case: no stall introduced by this level per this layer: cc_per_all_tiles_per_layer[5]: 1
Calculating per tile final latency and stall for layer 6 in AccumulationOutputRegister: latency_read_drain_per_layer[6] = 1, latency_fill_update_per_layer[6] = 1
Final per tile latency_per_layer[6]: 1
Final per tile stall_cycles_per_layer[6]: 0
Ideal case: no stall introduced by this level per this layer: cc_per_all_tiles_per_layer[6]: 1
Calculating per tile final latency and stall for layer 7 in AccumulationOutputRegister: latency_read_drain_per_layer[7] = 1, latency_fill_update_per_layer[7] = 1
Final per tile latency_per_layer[7]: 1
Final per tile stall_cycles_per_layer[7]: 0
Ideal case: no stall introduced by this level per this layer: cc_per_all_tiles_per_layer[7]: 1


Calculating Latency for Level: AccumulationIntermediateOutputRegister

Latency for layer: 0 of Level: AccumulationIntermediateOutputRegister
level.active_instances_per_layer[0]: 1680
level.temporal_iterations_per_layer[0]: 1296000
Scaling per layer[0]: 2,177,280,000
Single Tile latency: cc_per_tile_per_layer[0]: 1
Ideal Case, Latency at this level without stalls: cc_per_all_tiles_per_layer[0]: 1
SCALED cc_per_all_tiles_per_layer[0]: 2,177,280,000
level.getReadPerLayer[0](): 2,177,280,000
  (For comparison - full reads including accumulation: 2,177,280,000)
ideal_bandwidth_read_per_layer[0]: 1.0
level.getDrainPerLayer[0](): 0
ideal_bandwidth_drain_per_layer[0]: 0.0
ideal_bandwidth_update_per_layer[0]: 1.0
  (For comparison - full updates including accumulation: 2,177,280,000)
level.getFillPerLayer[0](): 29,030,400
ideal_bandwidth_fill_per_layer[0]: 0.013333333333333334

Latency for layer: 1 of Level: AccumulationIntermediateOutputRegister
level.active_instances_per_layer[1]: 1440
level.temporal_iterations_per_layer[1]: 241920
Scaling per layer[1]: 348,364,800
Single Tile latency: cc_per_tile_per_layer[1]: 1
Ideal Case, Latency at this level without stalls: cc_per_all_tiles_per_layer[1]: 1
SCALED cc_per_all_tiles_per_layer[1]: 348,364,800
level.getReadPerLayer[1](): 348,364,800
  (For comparison - full reads including accumulation: 348,364,800)
ideal_bandwidth_read_per_layer[1]: 1.0
level.getDrainPerLayer[1](): 0
ideal_bandwidth_drain_per_layer[1]: 0.0
ideal_bandwidth_update_per_layer[1]: 1.0
  (For comparison - full updates including accumulation: 348,364,800)
level.getFillPerLayer[1](): 6,220,800
ideal_bandwidth_fill_per_layer[1]: 0.017857142857142856

Latency for layer: 2 of Level: AccumulationIntermediateOutputRegister
level.active_instances_per_layer[2]: 1440
level.temporal_iterations_per_layer[2]: 466560
Scaling per layer[2]: 671,846,400
Single Tile latency: cc_per_tile_per_layer[2]: 1
Ideal Case, Latency at this level without stalls: cc_per_all_tiles_per_layer[2]: 1
SCALED cc_per_all_tiles_per_layer[2]: 671,846,400
level.getReadPerLayer[2](): 671,846,400
  (For comparison - full reads including accumulation: 671,846,400)
ideal_bandwidth_read_per_layer[2]: 1.0
level.getDrainPerLayer[2](): 0
ideal_bandwidth_drain_per_layer[2]: 0.0
ideal_bandwidth_update_per_layer[2]: 1.0
  (For comparison - full updates including accumulation: 671,846,400)
level.getFillPerLayer[2](): 6,220,800
ideal_bandwidth_fill_per_layer[2]: 0.009259259259259259

Latency for layer: 3 of Level: AccumulationIntermediateOutputRegister
level.active_instances_per_layer[3]: 1440
level.temporal_iterations_per_layer[3]: 466560
Scaling per layer[3]: 671,846,400
Single Tile latency: cc_per_tile_per_layer[3]: 1
Ideal Case, Latency at this level without stalls: cc_per_all_tiles_per_layer[3]: 1
SCALED cc_per_all_tiles_per_layer[3]: 671,846,400
level.getReadPerLayer[3](): 671,846,400
  (For comparison - full reads including accumulation: 671,846,400)
ideal_bandwidth_read_per_layer[3]: 1.0
level.getDrainPerLayer[3](): 0
ideal_bandwidth_drain_per_layer[3]: 0.0
ideal_bandwidth_update_per_layer[3]: 1.0
  (For comparison - full updates including accumulation: 671,846,400)
level.getFillPerLayer[3](): 6,220,800
ideal_bandwidth_fill_per_layer[3]: 0.009259259259259259

Latency for layer: 4 of Level: AccumulationIntermediateOutputRegister
level.active_instances_per_layer[4]: 1440
level.temporal_iterations_per_layer[4]: 466560
Scaling per layer[4]: 671,846,400
Single Tile latency: cc_per_tile_per_layer[4]: 1
Ideal Case, Latency at this level without stalls: cc_per_all_tiles_per_layer[4]: 1
SCALED cc_per_all_tiles_per_layer[4]: 671,846,400
level.getReadPerLayer[4](): 671,846,400
  (For comparison - full reads including accumulation: 671,846,400)
ideal_bandwidth_read_per_layer[4]: 1.0
level.getDrainPerLayer[4](): 0
ideal_bandwidth_drain_per_layer[4]: 0.0
ideal_bandwidth_update_per_layer[4]: 1.0
  (For comparison - full updates including accumulation: 671,846,400)
level.getFillPerLayer[4](): 6,220,800
ideal_bandwidth_fill_per_layer[4]: 0.009259259259259259

Latency for layer: 5 of Level: AccumulationIntermediateOutputRegister
level.active_instances_per_layer[5]: 1440
level.temporal_iterations_per_layer[5]: 466560
Scaling per layer[5]: 671,846,400
Single Tile latency: cc_per_tile_per_layer[5]: 1
Ideal Case, Latency at this level without stalls: cc_per_all_tiles_per_layer[5]: 1
SCALED cc_per_all_tiles_per_layer[5]: 671,846,400
level.getReadPerLayer[5](): 671,846,400
  (For comparison - full reads including accumulation: 671,846,400)
ideal_bandwidth_read_per_layer[5]: 1.0
level.getDrainPerLayer[5](): 0
ideal_bandwidth_drain_per_layer[5]: 0.0
ideal_bandwidth_update_per_layer[5]: 1.0
  (For comparison - full updates including accumulation: 671,846,400)
level.getFillPerLayer[5](): 6,220,800
ideal_bandwidth_fill_per_layer[5]: 0.009259259259259259

Latency for layer: 6 of Level: AccumulationIntermediateOutputRegister
level.active_instances_per_layer[6]: 1680
level.temporal_iterations_per_layer[6]: 207360
Scaling per layer[6]: 348,364,800
Single Tile latency: cc_per_tile_per_layer[6]: 1
Ideal Case, Latency at this level without stalls: cc_per_all_tiles_per_layer[6]: 1
SCALED cc_per_all_tiles_per_layer[6]: 348,364,800
level.getReadPerLayer[6](): 348,364,800
  (For comparison - full reads including accumulation: 348,364,800)
ideal_bandwidth_read_per_layer[6]: 1.0
level.getDrainPerLayer[6](): 0
ideal_bandwidth_drain_per_layer[6]: 0.0
ideal_bandwidth_update_per_layer[6]: 1.0
  (For comparison - full updates including accumulation: 348,364,800)
level.getFillPerLayer[6](): 29,030,400
ideal_bandwidth_fill_per_layer[6]: 0.08333333333333333

Latency for layer: 7 of Level: AccumulationIntermediateOutputRegister
level.active_instances_per_layer[7]: 1920
level.temporal_iterations_per_layer[7]: 2177280
Scaling per layer[7]: 4,180,377,600
Single Tile latency: cc_per_tile_per_layer[7]: 1
Ideal Case, Latency at this level without stalls: cc_per_all_tiles_per_layer[7]: 1
SCALED cc_per_all_tiles_per_layer[7]: 4,180,377,600
level.getReadPerLayer[7](): 0
  (For comparison - full reads including accumulation: 0)
ideal_bandwidth_read_per_layer[7]: 0.0
level.getDrainPerLayer[7](): 0
ideal_bandwidth_drain_per_layer[7]: 0.0
ideal_bandwidth_update_per_layer[7]: 0.0
  (For comparison - full updates including accumulation: 0)
level.getFillPerLayer[7](): 0
ideal_bandwidth_fill_per_layer[7]: 0.0

Start of calculation of latency:


Layer_id: 0 in AccumulationIntermediateOutputRegister

ideal_bandwidth_read_per_layer[0] + ideal_bandwidth_drain_per_layer[0]: 1.0 vs level.read_bandwidth: 1
I am in Compute Bound
cc_per_all_tiles_per_layer[0]: 1
STANDARD CASE latency_read_drain_per_layer[0]: 1

ideal_bandwidth_fill_per_layer[0] + ideal_bandwidth_update_per_layer[0]: 1.0133333333333334 vs level.write_bandwidth: 1
ideal_bandwidth_fill_per_layer[0]: 0.013333333333333334
ideal_bandwidth_update_per_layer[0]: 1.0
level.write_bandwidth: 1
total data (for bandwidth): 2206310400
scaling_per_layer[0]: 2177280000
SLOWDOWN CASE latency_fill_update_per_layer[0]: 1.0133333333333334


Layer_id: 1 in AccumulationIntermediateOutputRegister

ideal_bandwidth_read_per_layer[1] + ideal_bandwidth_drain_per_layer[1]: 1.0 vs level.read_bandwidth: 1
I am in Compute Bound
cc_per_all_tiles_per_layer[1]: 1
STANDARD CASE latency_read_drain_per_layer[1]: 1

ideal_bandwidth_fill_per_layer[1] + ideal_bandwidth_update_per_layer[1]: 1.0178571428571428 vs level.write_bandwidth: 1
ideal_bandwidth_fill_per_layer[1]: 0.017857142857142856
ideal_bandwidth_update_per_layer[1]: 1.0
level.write_bandwidth: 1
total data (for bandwidth): 354585600
scaling_per_layer[1]: 348364800
SLOWDOWN CASE latency_fill_update_per_layer[1]: 1.0178571428571428


Layer_id: 2 in AccumulationIntermediateOutputRegister

ideal_bandwidth_read_per_layer[2] + ideal_bandwidth_drain_per_layer[2]: 1.0 vs level.read_bandwidth: 1
I am in Compute Bound
cc_per_all_tiles_per_layer[2]: 1
STANDARD CASE latency_read_drain_per_layer[2]: 1

ideal_bandwidth_fill_per_layer[2] + ideal_bandwidth_update_per_layer[2]: 1.0092592592592593 vs level.write_bandwidth: 1
ideal_bandwidth_fill_per_layer[2]: 0.009259259259259259
ideal_bandwidth_update_per_layer[2]: 1.0
level.write_bandwidth: 1
total data (for bandwidth): 678067200
scaling_per_layer[2]: 671846400
SLOWDOWN CASE latency_fill_update_per_layer[2]: 1.0092592592592593


Layer_id: 3 in AccumulationIntermediateOutputRegister

ideal_bandwidth_read_per_layer[3] + ideal_bandwidth_drain_per_layer[3]: 1.0 vs level.read_bandwidth: 1
I am in Compute Bound
cc_per_all_tiles_per_layer[3]: 1
STANDARD CASE latency_read_drain_per_layer[3]: 1

ideal_bandwidth_fill_per_layer[3] + ideal_bandwidth_update_per_layer[3]: 1.0092592592592593 vs level.write_bandwidth: 1
ideal_bandwidth_fill_per_layer[3]: 0.009259259259259259
ideal_bandwidth_update_per_layer[3]: 1.0
level.write_bandwidth: 1
total data (for bandwidth): 678067200
scaling_per_layer[3]: 671846400
SLOWDOWN CASE latency_fill_update_per_layer[3]: 1.0092592592592593


Layer_id: 4 in AccumulationIntermediateOutputRegister

ideal_bandwidth_read_per_layer[4] + ideal_bandwidth_drain_per_layer[4]: 1.0 vs level.read_bandwidth: 1
I am in Compute Bound
cc_per_all_tiles_per_layer[4]: 1
STANDARD CASE latency_read_drain_per_layer[4]: 1

ideal_bandwidth_fill_per_layer[4] + ideal_bandwidth_update_per_layer[4]: 1.0092592592592593 vs level.write_bandwidth: 1
ideal_bandwidth_fill_per_layer[4]: 0.009259259259259259
ideal_bandwidth_update_per_layer[4]: 1.0
level.write_bandwidth: 1
total data (for bandwidth): 678067200
scaling_per_layer[4]: 671846400
SLOWDOWN CASE latency_fill_update_per_layer[4]: 1.0092592592592593


Layer_id: 5 in AccumulationIntermediateOutputRegister

ideal_bandwidth_read_per_layer[5] + ideal_bandwidth_drain_per_layer[5]: 1.0 vs level.read_bandwidth: 1
I am in Compute Bound
cc_per_all_tiles_per_layer[5]: 1
STANDARD CASE latency_read_drain_per_layer[5]: 1

ideal_bandwidth_fill_per_layer[5] + ideal_bandwidth_update_per_layer[5]: 1.0092592592592593 vs level.write_bandwidth: 1
ideal_bandwidth_fill_per_layer[5]: 0.009259259259259259
ideal_bandwidth_update_per_layer[5]: 1.0
level.write_bandwidth: 1
total data (for bandwidth): 678067200
scaling_per_layer[5]: 671846400
SLOWDOWN CASE latency_fill_update_per_layer[5]: 1.0092592592592593


Layer_id: 6 in AccumulationIntermediateOutputRegister

ideal_bandwidth_read_per_layer[6] + ideal_bandwidth_drain_per_layer[6]: 1.0 vs level.read_bandwidth: 1
I am in Compute Bound
cc_per_all_tiles_per_layer[6]: 1
STANDARD CASE latency_read_drain_per_layer[6]: 1

ideal_bandwidth_fill_per_layer[6] + ideal_bandwidth_update_per_layer[6]: 1.0833333333333333 vs level.write_bandwidth: 1
ideal_bandwidth_fill_per_layer[6]: 0.08333333333333333
ideal_bandwidth_update_per_layer[6]: 1.0
level.write_bandwidth: 1
total data (for bandwidth): 377395200
scaling_per_layer[6]: 348364800
SLOWDOWN CASE latency_fill_update_per_layer[6]: 1.0833333333333333


Layer_id: 7 in AccumulationIntermediateOutputRegister

ideal_bandwidth_read_per_layer[7] + ideal_bandwidth_drain_per_layer[7]: 0.0 vs level.read_bandwidth: 1
I am in Compute Bound
cc_per_all_tiles_per_layer[7]: 1
STANDARD CASE latency_read_drain_per_layer[7]: 1

ideal_bandwidth_fill_per_layer[7] + ideal_bandwidth_update_per_layer[7]: 0.0 vs level.write_bandwidth: 1
previous_fanout_pe_to_pe_warmup: 0
STANDARD CASE latency_fill_update_per_layer[7]: 1

End of calculation of latency.

Calculating per tile final latency and stall for layer 0 in AccumulationIntermediateOutputRegister: latency_read_drain_per_layer[0] = 1, latency_fill_update_per_layer[0] = 1.0133333333333334
Final per tile latency_per_layer[0]: 1
Final per tile stall_cycles_per_layer[0]: 0
Ideal case: no stall introduced by this level per this layer: cc_per_all_tiles_per_layer[0]: 1
Calculating per tile final latency and stall for layer 1 in AccumulationIntermediateOutputRegister: latency_read_drain_per_layer[1] = 1, latency_fill_update_per_layer[1] = 1.0178571428571428
Final per tile latency_per_layer[1]: 1
Final per tile stall_cycles_per_layer[1]: 0
Ideal case: no stall introduced by this level per this layer: cc_per_all_tiles_per_layer[1]: 1
Calculating per tile final latency and stall for layer 2 in AccumulationIntermediateOutputRegister: latency_read_drain_per_layer[2] = 1, latency_fill_update_per_layer[2] = 1.0092592592592593
Final per tile latency_per_layer[2]: 1
Final per tile stall_cycles_per_layer[2]: 0
Ideal case: no stall introduced by this level per this layer: cc_per_all_tiles_per_layer[2]: 1
Calculating per tile final latency and stall for layer 3 in AccumulationIntermediateOutputRegister: latency_read_drain_per_layer[3] = 1, latency_fill_update_per_layer[3] = 1.0092592592592593
Final per tile latency_per_layer[3]: 1
Final per tile stall_cycles_per_layer[3]: 0
Ideal case: no stall introduced by this level per this layer: cc_per_all_tiles_per_layer[3]: 1
Calculating per tile final latency and stall for layer 4 in AccumulationIntermediateOutputRegister: latency_read_drain_per_layer[4] = 1, latency_fill_update_per_layer[4] = 1.0092592592592593
Final per tile latency_per_layer[4]: 1
Final per tile stall_cycles_per_layer[4]: 0
Ideal case: no stall introduced by this level per this layer: cc_per_all_tiles_per_layer[4]: 1
Calculating per tile final latency and stall for layer 5 in AccumulationIntermediateOutputRegister: latency_read_drain_per_layer[5] = 1, latency_fill_update_per_layer[5] = 1.0092592592592593
Final per tile latency_per_layer[5]: 1
Final per tile stall_cycles_per_layer[5]: 0
Ideal case: no stall introduced by this level per this layer: cc_per_all_tiles_per_layer[5]: 1
Calculating per tile final latency and stall for layer 6 in AccumulationIntermediateOutputRegister: latency_read_drain_per_layer[6] = 1, latency_fill_update_per_layer[6] = 1.0833333333333333
Final per tile latency_per_layer[6]: 1
Final per tile stall_cycles_per_layer[6]: 0
Ideal case: no stall introduced by this level per this layer: cc_per_all_tiles_per_layer[6]: 1
Calculating per tile final latency and stall for layer 7 in AccumulationIntermediateOutputRegister: latency_read_drain_per_layer[7] = 1, latency_fill_update_per_layer[7] = 1
Final per tile latency_per_layer[7]: 1
Final per tile stall_cycles_per_layer[7]: 0
Ideal case: no stall introduced by this level per this layer: cc_per_all_tiles_per_layer[7]: 1


Calculating Latency for Level: WeightRegister

Latency for layer: 0 of Level: WeightRegister
level.active_instances_per_layer[0]: 1680
level.temporal_iterations_per_layer[0]: 1296000
Scaling per layer[0]: 2,177,280,000
Single Tile latency: cc_per_tile_per_layer[0]: 1.0133333333333334
Ideal Case, Latency at this level without stalls: cc_per_all_tiles_per_layer[0]: 1.0133333333333334
SCALED cc_per_all_tiles_per_layer[0]: 2,206,310,400
level.getReadPerLayer[0](): 2,177,280,000
  (For comparison - full reads including accumulation: 2,177,280,000)
ideal_bandwidth_read_per_layer[0]: 0.9868421052631579
level.getDrainPerLayer[0](): 0
ideal_bandwidth_drain_per_layer[0]: 0.0
ideal_bandwidth_update_per_layer[0]: 0.0
  (For comparison - full updates including accumulation: 0)
level.getFillPerLayer[0](): 2,177,280,000
ideal_bandwidth_fill_per_layer[0]: 0.9868421052631579

Latency for layer: 1 of Level: WeightRegister
level.active_instances_per_layer[1]: 1440
level.temporal_iterations_per_layer[1]: 241920
Scaling per layer[1]: 348,364,800
Single Tile latency: cc_per_tile_per_layer[1]: 1.0178571428571428
Ideal Case, Latency at this level without stalls: cc_per_all_tiles_per_layer[1]: 1.0178571428571428
SCALED cc_per_all_tiles_per_layer[1]: 354,585,600
level.getReadPerLayer[1](): 348,364,800
  (For comparison - full reads including accumulation: 348,364,800)
ideal_bandwidth_read_per_layer[1]: 0.9824561403508771
level.getDrainPerLayer[1](): 0
ideal_bandwidth_drain_per_layer[1]: 0.0
ideal_bandwidth_update_per_layer[1]: 0.0
  (For comparison - full updates including accumulation: 0)
level.getFillPerLayer[1](): 348,364,800
ideal_bandwidth_fill_per_layer[1]: 0.9824561403508771

Latency for layer: 2 of Level: WeightRegister
level.active_instances_per_layer[2]: 1440
level.temporal_iterations_per_layer[2]: 466560
Scaling per layer[2]: 671,846,400
Single Tile latency: cc_per_tile_per_layer[2]: 1.0092592592592593
Ideal Case, Latency at this level without stalls: cc_per_all_tiles_per_layer[2]: 1.0092592592592593
SCALED cc_per_all_tiles_per_layer[2]: 678,067,200
level.getReadPerLayer[2](): 671,846,400
  (For comparison - full reads including accumulation: 671,846,400)
ideal_bandwidth_read_per_layer[2]: 0.9908256880733946
level.getDrainPerLayer[2](): 0
ideal_bandwidth_drain_per_layer[2]: 0.0
ideal_bandwidth_update_per_layer[2]: 0.0
  (For comparison - full updates including accumulation: 0)
level.getFillPerLayer[2](): 671,846,400
ideal_bandwidth_fill_per_layer[2]: 0.9908256880733946

Latency for layer: 3 of Level: WeightRegister
level.active_instances_per_layer[3]: 1440
level.temporal_iterations_per_layer[3]: 466560
Scaling per layer[3]: 671,846,400
Single Tile latency: cc_per_tile_per_layer[3]: 1.0092592592592593
Ideal Case, Latency at this level without stalls: cc_per_all_tiles_per_layer[3]: 1.0092592592592593
SCALED cc_per_all_tiles_per_layer[3]: 678,067,200
level.getReadPerLayer[3](): 671,846,400
  (For comparison - full reads including accumulation: 671,846,400)
ideal_bandwidth_read_per_layer[3]: 0.9908256880733946
level.getDrainPerLayer[3](): 0
ideal_bandwidth_drain_per_layer[3]: 0.0
ideal_bandwidth_update_per_layer[3]: 0.0
  (For comparison - full updates including accumulation: 0)
level.getFillPerLayer[3](): 671,846,400
ideal_bandwidth_fill_per_layer[3]: 0.9908256880733946

Latency for layer: 4 of Level: WeightRegister
level.active_instances_per_layer[4]: 1440
level.temporal_iterations_per_layer[4]: 466560
Scaling per layer[4]: 671,846,400
Single Tile latency: cc_per_tile_per_layer[4]: 1.0092592592592593
Ideal Case, Latency at this level without stalls: cc_per_all_tiles_per_layer[4]: 1.0092592592592593
SCALED cc_per_all_tiles_per_layer[4]: 678,067,200
level.getReadPerLayer[4](): 671,846,400
  (For comparison - full reads including accumulation: 671,846,400)
ideal_bandwidth_read_per_layer[4]: 0.9908256880733946
level.getDrainPerLayer[4](): 0
ideal_bandwidth_drain_per_layer[4]: 0.0
ideal_bandwidth_update_per_layer[4]: 0.0
  (For comparison - full updates including accumulation: 0)
level.getFillPerLayer[4](): 671,846,400
ideal_bandwidth_fill_per_layer[4]: 0.9908256880733946

Latency for layer: 5 of Level: WeightRegister
level.active_instances_per_layer[5]: 1440
level.temporal_iterations_per_layer[5]: 466560
Scaling per layer[5]: 671,846,400
Single Tile latency: cc_per_tile_per_layer[5]: 1.0092592592592593
Ideal Case, Latency at this level without stalls: cc_per_all_tiles_per_layer[5]: 1.0092592592592593
SCALED cc_per_all_tiles_per_layer[5]: 678,067,200
level.getReadPerLayer[5](): 671,846,400
  (For comparison - full reads including accumulation: 671,846,400)
ideal_bandwidth_read_per_layer[5]: 0.9908256880733946
level.getDrainPerLayer[5](): 0
ideal_bandwidth_drain_per_layer[5]: 0.0
ideal_bandwidth_update_per_layer[5]: 0.0
  (For comparison - full updates including accumulation: 0)
level.getFillPerLayer[5](): 671,846,400
ideal_bandwidth_fill_per_layer[5]: 0.9908256880733946

Latency for layer: 6 of Level: WeightRegister
level.active_instances_per_layer[6]: 1680
level.temporal_iterations_per_layer[6]: 207360
Scaling per layer[6]: 348,364,800
Single Tile latency: cc_per_tile_per_layer[6]: 1.0833333333333333
Ideal Case, Latency at this level without stalls: cc_per_all_tiles_per_layer[6]: 1.0833333333333333
SCALED cc_per_all_tiles_per_layer[6]: 377,395,200
level.getReadPerLayer[6](): 348,364,800
  (For comparison - full reads including accumulation: 348,364,800)
ideal_bandwidth_read_per_layer[6]: 0.9230769230769231
level.getDrainPerLayer[6](): 0
ideal_bandwidth_drain_per_layer[6]: 0.0
ideal_bandwidth_update_per_layer[6]: 0.0
  (For comparison - full updates including accumulation: 0)
level.getFillPerLayer[6](): 348,364,800
ideal_bandwidth_fill_per_layer[6]: 0.9230769230769231

Latency for layer: 7 of Level: WeightRegister
level.active_instances_per_layer[7]: 1920
level.temporal_iterations_per_layer[7]: 2177280
Scaling per layer[7]: 4,180,377,600
Single Tile latency: cc_per_tile_per_layer[7]: 1
Ideal Case, Latency at this level without stalls: cc_per_all_tiles_per_layer[7]: 1
SCALED cc_per_all_tiles_per_layer[7]: 4,180,377,600
level.getReadPerLayer[7](): 4,180,377,600
  (For comparison - full reads including accumulation: 4,180,377,600)
ideal_bandwidth_read_per_layer[7]: 1.0
level.getDrainPerLayer[7](): 0
ideal_bandwidth_drain_per_layer[7]: 0.0
ideal_bandwidth_update_per_layer[7]: 0.0
  (For comparison - full updates including accumulation: 0)
level.getFillPerLayer[7](): 4,180,377,600
ideal_bandwidth_fill_per_layer[7]: 1.0

Start of calculation of latency:


Layer_id: 0 in WeightRegister

ideal_bandwidth_read_per_layer[0] + ideal_bandwidth_drain_per_layer[0]: 0.9868421052631579 vs level.read_bandwidth: 1
I am in Compute Bound
cc_per_all_tiles_per_layer[0]: 1.0133333333333334
STANDARD CASE latency_read_drain_per_layer[0]: 1.0133333333333334

ideal_bandwidth_fill_per_layer[0] + ideal_bandwidth_update_per_layer[0]: 0.9868421052631579 vs level.write_bandwidth: 1
previous_fanout_pe_to_pe_warmup: 0
STANDARD CASE latency_fill_update_per_layer[0]: 1.0133333333333334


Layer_id: 1 in WeightRegister

ideal_bandwidth_read_per_layer[1] + ideal_bandwidth_drain_per_layer[1]: 0.9824561403508771 vs level.read_bandwidth: 1
I am in Compute Bound
cc_per_all_tiles_per_layer[1]: 1.0178571428571428
STANDARD CASE latency_read_drain_per_layer[1]: 1.0178571428571428

ideal_bandwidth_fill_per_layer[1] + ideal_bandwidth_update_per_layer[1]: 0.9824561403508771 vs level.write_bandwidth: 1
previous_fanout_pe_to_pe_warmup: 0
STANDARD CASE latency_fill_update_per_layer[1]: 1.0178571428571428


Layer_id: 2 in WeightRegister

ideal_bandwidth_read_per_layer[2] + ideal_bandwidth_drain_per_layer[2]: 0.9908256880733946 vs level.read_bandwidth: 1
I am in Compute Bound
cc_per_all_tiles_per_layer[2]: 1.0092592592592593
STANDARD CASE latency_read_drain_per_layer[2]: 1.0092592592592593

ideal_bandwidth_fill_per_layer[2] + ideal_bandwidth_update_per_layer[2]: 0.9908256880733946 vs level.write_bandwidth: 1
previous_fanout_pe_to_pe_warmup: 0
STANDARD CASE latency_fill_update_per_layer[2]: 1.0092592592592593


Layer_id: 3 in WeightRegister

ideal_bandwidth_read_per_layer[3] + ideal_bandwidth_drain_per_layer[3]: 0.9908256880733946 vs level.read_bandwidth: 1
I am in Compute Bound
cc_per_all_tiles_per_layer[3]: 1.0092592592592593
STANDARD CASE latency_read_drain_per_layer[3]: 1.0092592592592593

ideal_bandwidth_fill_per_layer[3] + ideal_bandwidth_update_per_layer[3]: 0.9908256880733946 vs level.write_bandwidth: 1
previous_fanout_pe_to_pe_warmup: 0
STANDARD CASE latency_fill_update_per_layer[3]: 1.0092592592592593


Layer_id: 4 in WeightRegister

ideal_bandwidth_read_per_layer[4] + ideal_bandwidth_drain_per_layer[4]: 0.9908256880733946 vs level.read_bandwidth: 1
I am in Compute Bound
cc_per_all_tiles_per_layer[4]: 1.0092592592592593
STANDARD CASE latency_read_drain_per_layer[4]: 1.0092592592592593

ideal_bandwidth_fill_per_layer[4] + ideal_bandwidth_update_per_layer[4]: 0.9908256880733946 vs level.write_bandwidth: 1
previous_fanout_pe_to_pe_warmup: 0
STANDARD CASE latency_fill_update_per_layer[4]: 1.0092592592592593


Layer_id: 5 in WeightRegister

ideal_bandwidth_read_per_layer[5] + ideal_bandwidth_drain_per_layer[5]: 0.9908256880733946 vs level.read_bandwidth: 1
I am in Compute Bound
cc_per_all_tiles_per_layer[5]: 1.0092592592592593
STANDARD CASE latency_read_drain_per_layer[5]: 1.0092592592592593

ideal_bandwidth_fill_per_layer[5] + ideal_bandwidth_update_per_layer[5]: 0.9908256880733946 vs level.write_bandwidth: 1
previous_fanout_pe_to_pe_warmup: 0
STANDARD CASE latency_fill_update_per_layer[5]: 1.0092592592592593


Layer_id: 6 in WeightRegister

ideal_bandwidth_read_per_layer[6] + ideal_bandwidth_drain_per_layer[6]: 0.9230769230769231 vs level.read_bandwidth: 1
I am in Compute Bound
cc_per_all_tiles_per_layer[6]: 1.0833333333333333
STANDARD CASE latency_read_drain_per_layer[6]: 1.0833333333333333

ideal_bandwidth_fill_per_layer[6] + ideal_bandwidth_update_per_layer[6]: 0.9230769230769231 vs level.write_bandwidth: 1
previous_fanout_pe_to_pe_warmup: 0
STANDARD CASE latency_fill_update_per_layer[6]: 1.0833333333333333


Layer_id: 7 in WeightRegister

ideal_bandwidth_read_per_layer[7] + ideal_bandwidth_drain_per_layer[7]: 1.0 vs level.read_bandwidth: 1
I am in Compute Bound
cc_per_all_tiles_per_layer[7]: 1
STANDARD CASE latency_read_drain_per_layer[7]: 1

ideal_bandwidth_fill_per_layer[7] + ideal_bandwidth_update_per_layer[7]: 1.0 vs level.write_bandwidth: 1
previous_fanout_pe_to_pe_warmup: 0
STANDARD CASE latency_fill_update_per_layer[7]: 1

End of calculation of latency.

Calculating per tile final latency and stall for layer 0 in WeightRegister: latency_read_drain_per_layer[0] = 1.0133333333333334, latency_fill_update_per_layer[0] = 1.0133333333333334
Final per tile latency_per_layer[0]: 1
Final per tile stall_cycles_per_layer[0]: 0
Ideal case: no stall introduced by this level per this layer: cc_per_all_tiles_per_layer[0]: 1
Calculating per tile final latency and stall for layer 1 in WeightRegister: latency_read_drain_per_layer[1] = 1.0178571428571428, latency_fill_update_per_layer[1] = 1.0178571428571428
Final per tile latency_per_layer[1]: 1
Final per tile stall_cycles_per_layer[1]: 0
Ideal case: no stall introduced by this level per this layer: cc_per_all_tiles_per_layer[1]: 1
Calculating per tile final latency and stall for layer 2 in WeightRegister: latency_read_drain_per_layer[2] = 1.0092592592592593, latency_fill_update_per_layer[2] = 1.0092592592592593
Final per tile latency_per_layer[2]: 1
Final per tile stall_cycles_per_layer[2]: 0
Ideal case: no stall introduced by this level per this layer: cc_per_all_tiles_per_layer[2]: 1
Calculating per tile final latency and stall for layer 3 in WeightRegister: latency_read_drain_per_layer[3] = 1.0092592592592593, latency_fill_update_per_layer[3] = 1.0092592592592593
Final per tile latency_per_layer[3]: 1
Final per tile stall_cycles_per_layer[3]: 0
Ideal case: no stall introduced by this level per this layer: cc_per_all_tiles_per_layer[3]: 1
Calculating per tile final latency and stall for layer 4 in WeightRegister: latency_read_drain_per_layer[4] = 1.0092592592592593, latency_fill_update_per_layer[4] = 1.0092592592592593
Final per tile latency_per_layer[4]: 1
Final per tile stall_cycles_per_layer[4]: 0
Ideal case: no stall introduced by this level per this layer: cc_per_all_tiles_per_layer[4]: 1
Calculating per tile final latency and stall for layer 5 in WeightRegister: latency_read_drain_per_layer[5] = 1.0092592592592593, latency_fill_update_per_layer[5] = 1.0092592592592593
Final per tile latency_per_layer[5]: 1
Final per tile stall_cycles_per_layer[5]: 0
Ideal case: no stall introduced by this level per this layer: cc_per_all_tiles_per_layer[5]: 1
Calculating per tile final latency and stall for layer 6 in WeightRegister: latency_read_drain_per_layer[6] = 1.0833333333333333, latency_fill_update_per_layer[6] = 1.0833333333333333
Final per tile latency_per_layer[6]: 1
Final per tile stall_cycles_per_layer[6]: 0
Ideal case: no stall introduced by this level per this layer: cc_per_all_tiles_per_layer[6]: 1
Calculating per tile final latency and stall for layer 7 in WeightRegister: latency_read_drain_per_layer[7] = 1, latency_fill_update_per_layer[7] = 1
Final per tile latency_per_layer[7]: 1
Final per tile stall_cycles_per_layer[7]: 0
Ideal case: no stall introduced by this level per this layer: cc_per_all_tiles_per_layer[7]: 1


Calculating Latency for Level: WeightMemory

Latency for layer: 0 of Level: WeightMemory
level.active_instances_per_layer[0]: 1
level.temporal_iterations_per_layer[0]: 4320
Scaling per layer[0]: 4,320
Single Tile latency: cc_per_tile_per_layer[0]: 1.0133333333333334
Ideal Case, Latency at this level without stalls: cc_per_all_tiles_per_layer[0]: 304.0
SCALED cc_per_all_tiles_per_layer[0]: 1,313,280
level.getReadPerLayer[0](): 18,144,000
  (For comparison - full reads including accumulation: 18,144,000)
ideal_bandwidth_read_per_layer[0]: 13.81578947368421
level.getDrainPerLayer[0](): 0
ideal_bandwidth_drain_per_layer[0]: 0.0
ideal_bandwidth_update_per_layer[0]: 0.0
  (For comparison - full updates including accumulation: 0)
level.getFillPerLayer[0](): 4,200
ideal_bandwidth_fill_per_layer[0]: 0.003198099415204678

Latency for layer: 1 of Level: WeightMemory
level.active_instances_per_layer[1]: 1
level.temporal_iterations_per_layer[1]: 4320
Scaling per layer[1]: 4,320
Single Tile latency: cc_per_tile_per_layer[1]: 1.0178571428571428
Ideal Case, Latency at this level without stalls: cc_per_all_tiles_per_layer[1]: 57.0
SCALED cc_per_all_tiles_per_layer[1]: 246,240
level.getReadPerLayer[1](): 2,903,040
  (For comparison - full reads including accumulation: 2,903,040)
ideal_bandwidth_read_per_layer[1]: 11.789473684210526
level.getDrainPerLayer[1](): 0
ideal_bandwidth_drain_per_layer[1]: 0.0
ideal_bandwidth_update_per_layer[1]: 0.0
  (For comparison - full updates including accumulation: 0)
level.getFillPerLayer[1](): 672
ideal_bandwidth_fill_per_layer[1]: 0.0027290448343079924

Latency for layer: 2 of Level: WeightMemory
level.active_instances_per_layer[2]: 1
level.temporal_iterations_per_layer[2]: 4320
Scaling per layer[2]: 4,320
Single Tile latency: cc_per_tile_per_layer[2]: 1.0092592592592593
Ideal Case, Latency at this level without stalls: cc_per_all_tiles_per_layer[2]: 109.0
SCALED cc_per_all_tiles_per_layer[2]: 470,880
level.getReadPerLayer[2](): 5,598,720
  (For comparison - full reads including accumulation: 5,598,720)
ideal_bandwidth_read_per_layer[2]: 11.889908256880734
level.getDrainPerLayer[2](): 0
ideal_bandwidth_drain_per_layer[2]: 0.0
ideal_bandwidth_update_per_layer[2]: 0.0
  (For comparison - full updates including accumulation: 0)
level.getFillPerLayer[2](): 1,296
ideal_bandwidth_fill_per_layer[2]: 0.0027522935779816515

Latency for layer: 3 of Level: WeightMemory
level.active_instances_per_layer[3]: 1
level.temporal_iterations_per_layer[3]: 4320
Scaling per layer[3]: 4,320
Single Tile latency: cc_per_tile_per_layer[3]: 1.0092592592592593
Ideal Case, Latency at this level without stalls: cc_per_all_tiles_per_layer[3]: 109.0
SCALED cc_per_all_tiles_per_layer[3]: 470,880
level.getReadPerLayer[3](): 5,598,720
  (For comparison - full reads including accumulation: 5,598,720)
ideal_bandwidth_read_per_layer[3]: 11.889908256880734
level.getDrainPerLayer[3](): 0
ideal_bandwidth_drain_per_layer[3]: 0.0
ideal_bandwidth_update_per_layer[3]: 0.0
  (For comparison - full updates including accumulation: 0)
level.getFillPerLayer[3](): 1,296
ideal_bandwidth_fill_per_layer[3]: 0.0027522935779816515

Latency for layer: 4 of Level: WeightMemory
level.active_instances_per_layer[4]: 1
level.temporal_iterations_per_layer[4]: 4320
Scaling per layer[4]: 4,320
Single Tile latency: cc_per_tile_per_layer[4]: 1.0092592592592593
Ideal Case, Latency at this level without stalls: cc_per_all_tiles_per_layer[4]: 109.0
SCALED cc_per_all_tiles_per_layer[4]: 470,880
level.getReadPerLayer[4](): 5,598,720
  (For comparison - full reads including accumulation: 5,598,720)
ideal_bandwidth_read_per_layer[4]: 11.889908256880734
level.getDrainPerLayer[4](): 0
ideal_bandwidth_drain_per_layer[4]: 0.0
ideal_bandwidth_update_per_layer[4]: 0.0
  (For comparison - full updates including accumulation: 0)
level.getFillPerLayer[4](): 1,296
ideal_bandwidth_fill_per_layer[4]: 0.0027522935779816515

Latency for layer: 5 of Level: WeightMemory
level.active_instances_per_layer[5]: 1
level.temporal_iterations_per_layer[5]: 4320
Scaling per layer[5]: 4,320
Single Tile latency: cc_per_tile_per_layer[5]: 1.0092592592592593
Ideal Case, Latency at this level without stalls: cc_per_all_tiles_per_layer[5]: 109.0
SCALED cc_per_all_tiles_per_layer[5]: 470,880
level.getReadPerLayer[5](): 5,598,720
  (For comparison - full reads including accumulation: 5,598,720)
ideal_bandwidth_read_per_layer[5]: 11.889908256880734
level.getDrainPerLayer[5](): 0
ideal_bandwidth_drain_per_layer[5]: 0.0
ideal_bandwidth_update_per_layer[5]: 0.0
  (For comparison - full updates including accumulation: 0)
level.getFillPerLayer[5](): 1,296
ideal_bandwidth_fill_per_layer[5]: 0.0027522935779816515

Latency for layer: 6 of Level: WeightMemory
level.active_instances_per_layer[6]: 1
level.temporal_iterations_per_layer[6]: 4320
Scaling per layer[6]: 4,320
Single Tile latency: cc_per_tile_per_layer[6]: 1.0833333333333333
Ideal Case, Latency at this level without stalls: cc_per_all_tiles_per_layer[6]: 52.0
SCALED cc_per_all_tiles_per_layer[6]: 224,640
level.getReadPerLayer[6](): 2,903,040
  (For comparison - full reads including accumulation: 2,903,040)
ideal_bandwidth_read_per_layer[6]: 12.923076923076923
level.getDrainPerLayer[6](): 0
ideal_bandwidth_drain_per_layer[6]: 0.0
ideal_bandwidth_update_per_layer[6]: 0.0
  (For comparison - full updates including accumulation: 0)
level.getFillPerLayer[6](): 672
ideal_bandwidth_fill_per_layer[6]: 0.0029914529914529917

Latency for layer: 7 of Level: WeightMemory
level.active_instances_per_layer[7]: 1
level.temporal_iterations_per_layer[7]: 4320
Scaling per layer[7]: 4,320
Single Tile latency: cc_per_tile_per_layer[7]: 1
Ideal Case, Latency at this level without stalls: cc_per_all_tiles_per_layer[7]: 504
SCALED cc_per_all_tiles_per_layer[7]: 2,177,280
level.getReadPerLayer[7](): 34,836,480
  (For comparison - full reads including accumulation: 34,836,480)
ideal_bandwidth_read_per_layer[7]: 16.0
level.getDrainPerLayer[7](): 0
ideal_bandwidth_drain_per_layer[7]: 0.0
ideal_bandwidth_update_per_layer[7]: 0.0
  (For comparison - full updates including accumulation: 0)
level.getFillPerLayer[7](): 8,064
ideal_bandwidth_fill_per_layer[7]: 0.003703703703703704

Start of calculation of latency:


Layer_id: 0 in WeightMemory

ideal_bandwidth_read_per_layer[0] + ideal_bandwidth_drain_per_layer[0]: 13.81578947368421 vs level.read_bandwidth: 16
I am in Compute Bound
cc_per_all_tiles_per_layer[0]: 304.0
STANDARD CASE latency_read_drain_per_layer[0]: 304.0

ideal_bandwidth_fill_per_layer[0] + ideal_bandwidth_update_per_layer[0]: 0.003198099415204678 vs level.write_bandwidth: 16
previous_fanout_pe_to_pe_warmup: 0
STANDARD CASE latency_fill_update_per_layer[0]: 304.0


Layer_id: 1 in WeightMemory

ideal_bandwidth_read_per_layer[1] + ideal_bandwidth_drain_per_layer[1]: 11.789473684210526 vs level.read_bandwidth: 16
I am in Compute Bound
cc_per_all_tiles_per_layer[1]: 57.0
STANDARD CASE latency_read_drain_per_layer[1]: 57.0

ideal_bandwidth_fill_per_layer[1] + ideal_bandwidth_update_per_layer[1]: 0.0027290448343079924 vs level.write_bandwidth: 16
previous_fanout_pe_to_pe_warmup: 0
STANDARD CASE latency_fill_update_per_layer[1]: 57.0


Layer_id: 2 in WeightMemory

ideal_bandwidth_read_per_layer[2] + ideal_bandwidth_drain_per_layer[2]: 11.889908256880734 vs level.read_bandwidth: 16
I am in Compute Bound
cc_per_all_tiles_per_layer[2]: 109.0
STANDARD CASE latency_read_drain_per_layer[2]: 109.0

ideal_bandwidth_fill_per_layer[2] + ideal_bandwidth_update_per_layer[2]: 0.0027522935779816515 vs level.write_bandwidth: 16
previous_fanout_pe_to_pe_warmup: 0
STANDARD CASE latency_fill_update_per_layer[2]: 109.0


Layer_id: 3 in WeightMemory

ideal_bandwidth_read_per_layer[3] + ideal_bandwidth_drain_per_layer[3]: 11.889908256880734 vs level.read_bandwidth: 16
I am in Compute Bound
cc_per_all_tiles_per_layer[3]: 109.0
STANDARD CASE latency_read_drain_per_layer[3]: 109.0

ideal_bandwidth_fill_per_layer[3] + ideal_bandwidth_update_per_layer[3]: 0.0027522935779816515 vs level.write_bandwidth: 16
previous_fanout_pe_to_pe_warmup: 0
STANDARD CASE latency_fill_update_per_layer[3]: 109.0


Layer_id: 4 in WeightMemory

ideal_bandwidth_read_per_layer[4] + ideal_bandwidth_drain_per_layer[4]: 11.889908256880734 vs level.read_bandwidth: 16
I am in Compute Bound
cc_per_all_tiles_per_layer[4]: 109.0
STANDARD CASE latency_read_drain_per_layer[4]: 109.0

ideal_bandwidth_fill_per_layer[4] + ideal_bandwidth_update_per_layer[4]: 0.0027522935779816515 vs level.write_bandwidth: 16
previous_fanout_pe_to_pe_warmup: 0
STANDARD CASE latency_fill_update_per_layer[4]: 109.0


Layer_id: 5 in WeightMemory

ideal_bandwidth_read_per_layer[5] + ideal_bandwidth_drain_per_layer[5]: 11.889908256880734 vs level.read_bandwidth: 16
I am in Compute Bound
cc_per_all_tiles_per_layer[5]: 109.0
STANDARD CASE latency_read_drain_per_layer[5]: 109.0

ideal_bandwidth_fill_per_layer[5] + ideal_bandwidth_update_per_layer[5]: 0.0027522935779816515 vs level.write_bandwidth: 16
previous_fanout_pe_to_pe_warmup: 0
STANDARD CASE latency_fill_update_per_layer[5]: 109.0


Layer_id: 6 in WeightMemory

ideal_bandwidth_read_per_layer[6] + ideal_bandwidth_drain_per_layer[6]: 12.923076923076923 vs level.read_bandwidth: 16
I am in Compute Bound
cc_per_all_tiles_per_layer[6]: 52.0
STANDARD CASE latency_read_drain_per_layer[6]: 52.0

ideal_bandwidth_fill_per_layer[6] + ideal_bandwidth_update_per_layer[6]: 0.0029914529914529917 vs level.write_bandwidth: 16
previous_fanout_pe_to_pe_warmup: 0
STANDARD CASE latency_fill_update_per_layer[6]: 52.0


Layer_id: 7 in WeightMemory

ideal_bandwidth_read_per_layer[7] + ideal_bandwidth_drain_per_layer[7]: 16.0 vs level.read_bandwidth: 16
I am in Compute Bound
cc_per_all_tiles_per_layer[7]: 504
STANDARD CASE latency_read_drain_per_layer[7]: 504

ideal_bandwidth_fill_per_layer[7] + ideal_bandwidth_update_per_layer[7]: 0.003703703703703704 vs level.write_bandwidth: 16
previous_fanout_pe_to_pe_warmup: 0
STANDARD CASE latency_fill_update_per_layer[7]: 504

End of calculation of latency.

Calculating per tile final latency and stall for layer 0 in WeightMemory: latency_read_drain_per_layer[0] = 304.0, latency_fill_update_per_layer[0] = 304.0
Final per tile latency_per_layer[0]: 304
Final per tile stall_cycles_per_layer[0]: 0
Ideal case: no stall introduced by this level per this layer: cc_per_all_tiles_per_layer[0]: 304
Calculating per tile final latency and stall for layer 1 in WeightMemory: latency_read_drain_per_layer[1] = 57.0, latency_fill_update_per_layer[1] = 57.0
Final per tile latency_per_layer[1]: 57
Final per tile stall_cycles_per_layer[1]: 0
Ideal case: no stall introduced by this level per this layer: cc_per_all_tiles_per_layer[1]: 57
Calculating per tile final latency and stall for layer 2 in WeightMemory: latency_read_drain_per_layer[2] = 109.0, latency_fill_update_per_layer[2] = 109.0
Final per tile latency_per_layer[2]: 109
Final per tile stall_cycles_per_layer[2]: 0
Ideal case: no stall introduced by this level per this layer: cc_per_all_tiles_per_layer[2]: 109
Calculating per tile final latency and stall for layer 3 in WeightMemory: latency_read_drain_per_layer[3] = 109.0, latency_fill_update_per_layer[3] = 109.0
Final per tile latency_per_layer[3]: 109
Final per tile stall_cycles_per_layer[3]: 0
Ideal case: no stall introduced by this level per this layer: cc_per_all_tiles_per_layer[3]: 109
Calculating per tile final latency and stall for layer 4 in WeightMemory: latency_read_drain_per_layer[4] = 109.0, latency_fill_update_per_layer[4] = 109.0
Final per tile latency_per_layer[4]: 109
Final per tile stall_cycles_per_layer[4]: 0
Ideal case: no stall introduced by this level per this layer: cc_per_all_tiles_per_layer[4]: 109
Calculating per tile final latency and stall for layer 5 in WeightMemory: latency_read_drain_per_layer[5] = 109.0, latency_fill_update_per_layer[5] = 109.0
Final per tile latency_per_layer[5]: 109
Final per tile stall_cycles_per_layer[5]: 0
Ideal case: no stall introduced by this level per this layer: cc_per_all_tiles_per_layer[5]: 109
Calculating per tile final latency and stall for layer 6 in WeightMemory: latency_read_drain_per_layer[6] = 52.0, latency_fill_update_per_layer[6] = 52.0
Final per tile latency_per_layer[6]: 52
Final per tile stall_cycles_per_layer[6]: 0
Ideal case: no stall introduced by this level per this layer: cc_per_all_tiles_per_layer[6]: 52
Calculating per tile final latency and stall for layer 7 in WeightMemory: latency_read_drain_per_layer[7] = 504, latency_fill_update_per_layer[7] = 504
Final per tile latency_per_layer[7]: 504
Final per tile stall_cycles_per_layer[7]: 0
Ideal case: no stall introduced by this level per this layer: cc_per_all_tiles_per_layer[7]: 504


Calculating Latency for Level: FeatureMemory

Latency for layer: 0 of Level: FeatureMemory
level.active_instances_per_layer[0]: 1
level.temporal_iterations_per_layer[0]: 4320
Scaling per layer[0]: 4,320
Single Tile latency: cc_per_tile_per_layer[0]: 304.0
Ideal Case, Latency at this level without stalls: cc_per_all_tiles_per_layer[0]: 304.0
SCALED cc_per_all_tiles_per_layer[0]: 1,313,280
level.getReadPerLayer[0](): 60,134,400
  (For comparison - full reads including accumulation: 60,134,400)
ideal_bandwidth_read_per_layer[0]: 45.78947368421053
level.getDrainPerLayer[0](): 0
ideal_bandwidth_drain_per_layer[0]: 0.0
ideal_bandwidth_update_per_layer[0]: 22.105263157894736
  (For comparison - full updates including accumulation: 29,030,400)
level.getFillPerLayer[0](): 1,555,200
ideal_bandwidth_fill_per_layer[0]: 1.1842105263157894

Latency for layer: 1 of Level: FeatureMemory
level.active_instances_per_layer[1]: 1
level.temporal_iterations_per_layer[1]: 4320
Scaling per layer[1]: 4,320
Single Tile latency: cc_per_tile_per_layer[1]: 57.0
Ideal Case, Latency at this level without stalls: cc_per_all_tiles_per_layer[1]: 57.0
SCALED cc_per_all_tiles_per_layer[1]: 246,240
level.getReadPerLayer[1](): 12,026,880
  (For comparison - full reads including accumulation: 12,026,880)
ideal_bandwidth_read_per_layer[1]: 48.8421052631579
level.getDrainPerLayer[1](): 0
ideal_bandwidth_drain_per_layer[1]: 0.0
ideal_bandwidth_update_per_layer[1]: 25.263157894736842
  (For comparison - full updates including accumulation: 6,220,800)
level.getFillPerLayer[1](): 0
ideal_bandwidth_fill_per_layer[1]: 0.0

Latency for layer: 2 of Level: FeatureMemory
level.active_instances_per_layer[2]: 1
level.temporal_iterations_per_layer[2]: 4320
Scaling per layer[2]: 4,320
Single Tile latency: cc_per_tile_per_layer[2]: 109.0
Ideal Case, Latency at this level without stalls: cc_per_all_tiles_per_layer[2]: 109.0
SCALED cc_per_all_tiles_per_layer[2]: 470,880
level.getReadPerLayer[2](): 17,418,240
  (For comparison - full reads including accumulation: 17,418,240)
ideal_bandwidth_read_per_layer[2]: 36.99082568807339
level.getDrainPerLayer[2](): 0
ideal_bandwidth_drain_per_layer[2]: 0.0
ideal_bandwidth_update_per_layer[2]: 13.211009174311927
  (For comparison - full updates including accumulation: 6,220,800)
level.getFillPerLayer[2](): 0
ideal_bandwidth_fill_per_layer[2]: 0.0

Latency for layer: 3 of Level: FeatureMemory
level.active_instances_per_layer[3]: 1
level.temporal_iterations_per_layer[3]: 4320
Scaling per layer[3]: 4,320
Single Tile latency: cc_per_tile_per_layer[3]: 109.0
Ideal Case, Latency at this level without stalls: cc_per_all_tiles_per_layer[3]: 109.0
SCALED cc_per_all_tiles_per_layer[3]: 470,880
level.getReadPerLayer[3](): 17,418,240
  (For comparison - full reads including accumulation: 17,418,240)
ideal_bandwidth_read_per_layer[3]: 36.99082568807339
level.getDrainPerLayer[3](): 0
ideal_bandwidth_drain_per_layer[3]: 0.0
ideal_bandwidth_update_per_layer[3]: 13.211009174311927
  (For comparison - full updates including accumulation: 6,220,800)
level.getFillPerLayer[3](): 0
ideal_bandwidth_fill_per_layer[3]: 0.0

Latency for layer: 4 of Level: FeatureMemory
level.active_instances_per_layer[4]: 1
level.temporal_iterations_per_layer[4]: 4320
Scaling per layer[4]: 4,320
Single Tile latency: cc_per_tile_per_layer[4]: 109.0
Ideal Case, Latency at this level without stalls: cc_per_all_tiles_per_layer[4]: 109.0
SCALED cc_per_all_tiles_per_layer[4]: 470,880
level.getReadPerLayer[4](): 17,418,240
  (For comparison - full reads including accumulation: 17,418,240)
ideal_bandwidth_read_per_layer[4]: 36.99082568807339
level.getDrainPerLayer[4](): 0
ideal_bandwidth_drain_per_layer[4]: 0.0
ideal_bandwidth_update_per_layer[4]: 13.211009174311927
  (For comparison - full updates including accumulation: 6,220,800)
level.getFillPerLayer[4](): 0
ideal_bandwidth_fill_per_layer[4]: 0.0

Latency for layer: 5 of Level: FeatureMemory
level.active_instances_per_layer[5]: 1
level.temporal_iterations_per_layer[5]: 4320
Scaling per layer[5]: 4,320
Single Tile latency: cc_per_tile_per_layer[5]: 109.0
Ideal Case, Latency at this level without stalls: cc_per_all_tiles_per_layer[5]: 109.0
SCALED cc_per_all_tiles_per_layer[5]: 470,880
level.getReadPerLayer[5](): 17,418,240
  (For comparison - full reads including accumulation: 17,418,240)
ideal_bandwidth_read_per_layer[5]: 36.99082568807339
level.getDrainPerLayer[5](): 0
ideal_bandwidth_drain_per_layer[5]: 0.0
ideal_bandwidth_update_per_layer[5]: 13.211009174311927
  (For comparison - full updates including accumulation: 6,220,800)
level.getFillPerLayer[5](): 0
ideal_bandwidth_fill_per_layer[5]: 0.0

Latency for layer: 6 of Level: FeatureMemory
level.active_instances_per_layer[6]: 1
level.temporal_iterations_per_layer[6]: 4320
Scaling per layer[6]: 4,320
Single Tile latency: cc_per_tile_per_layer[6]: 52.0
Ideal Case, Latency at this level without stalls: cc_per_all_tiles_per_layer[6]: 52.0
SCALED cc_per_all_tiles_per_layer[6]: 224,640
level.getReadPerLayer[6](): 34,007,040
  (For comparison - full reads including accumulation: 34,007,040)
ideal_bandwidth_read_per_layer[6]: 151.3846153846154
level.getDrainPerLayer[6](): 0
ideal_bandwidth_drain_per_layer[6]: 0.0
ideal_bandwidth_update_per_layer[6]: 129.23076923076923
  (For comparison - full updates including accumulation: 29,030,400)
level.getFillPerLayer[6](): 0
ideal_bandwidth_fill_per_layer[6]: 0.0

Latency for layer: 7 of Level: FeatureMemory
level.active_instances_per_layer[7]: 1
level.temporal_iterations_per_layer[7]: 4320
Scaling per layer[7]: 4,320
Single Tile latency: cc_per_tile_per_layer[7]: 504
Ideal Case, Latency at this level without stalls: cc_per_all_tiles_per_layer[7]: 504
SCALED cc_per_all_tiles_per_layer[7]: 2,177,280
level.getReadPerLayer[7](): 52,254,720
  (For comparison - full reads including accumulation: 52,254,720)
ideal_bandwidth_read_per_layer[7]: 24.0
level.getDrainPerLayer[7](): 0
ideal_bandwidth_drain_per_layer[7]: 0.0
ideal_bandwidth_update_per_layer[7]: 3.8095238095238093
  (For comparison - full updates including accumulation: 8,294,400)
level.getFillPerLayer[7](): 0
ideal_bandwidth_fill_per_layer[7]: 0.0

Start of calculation of latency:
I am in FeatureMemory level, so I use different formula for latency calculation


Layer_id: 0 in FeatureMemory

scaling_per_layer[0]: 4320
I AM HERE total_data_rd: 60134400
latency_per_layer[0]: 160.76704545454544, latency_read_drain_per_layer[0]: 105.45454545454545, latency_fill_update_per_layer[0]: 55.3125
Total latency so far: 160.76704545454544


Layer_id: 1 in FeatureMemory

scaling_per_layer[1]: 4320
I AM HERE total_data_rd: 12026880
latency_per_layer[1]: 32.34090909090909, latency_read_drain_per_layer[1]: 21.09090909090909, latency_fill_update_per_layer[1]: 11.25
Total latency so far: 193.10795454545453


Layer_id: 2 in FeatureMemory

scaling_per_layer[2]: 4320
I AM HERE total_data_rd: 17418240
latency_per_layer[2]: 41.79545454545455, latency_read_drain_per_layer[2]: 30.545454545454547, latency_fill_update_per_layer[2]: 11.25
Total latency so far: 234.90340909090907


Layer_id: 3 in FeatureMemory

scaling_per_layer[3]: 4320
I AM HERE total_data_rd: 17418240
latency_per_layer[3]: 41.79545454545455, latency_read_drain_per_layer[3]: 30.545454545454547, latency_fill_update_per_layer[3]: 11.25
Total latency so far: 276.6988636363636


Layer_id: 4 in FeatureMemory

scaling_per_layer[4]: 4320
I AM HERE total_data_rd: 17418240
latency_per_layer[4]: 41.79545454545455, latency_read_drain_per_layer[4]: 30.545454545454547, latency_fill_update_per_layer[4]: 11.25
Total latency so far: 318.4943181818182


Layer_id: 5 in FeatureMemory

scaling_per_layer[5]: 4320
I AM HERE total_data_rd: 17418240
latency_per_layer[5]: 41.79545454545455, latency_read_drain_per_layer[5]: 30.545454545454547, latency_fill_update_per_layer[5]: 11.25
Total latency so far: 360.28977272727275


Layer_id: 6 in FeatureMemory

scaling_per_layer[6]: 4320
I AM HERE total_data_rd: 34007040
latency_per_layer[6]: 112.13636363636364, latency_read_drain_per_layer[6]: 59.63636363636364, latency_fill_update_per_layer[6]: 52.5
Total latency so far: 472.4261363636364


Layer_id: 7 in FeatureMemory

scaling_per_layer[7]: 4320
I AM HERE total_data_rd: 52254720
latency_per_layer[7]: 106.63636363636364, latency_read_drain_per_layer[7]: 91.63636363636364, latency_fill_update_per_layer[7]: 15.0
Total latency so far: 579.0625

End of calculation of latency.

Calculating per tile final latency and stall for layer 0 in FeatureMemory: latency_read_drain_per_layer[0] = 105.45454545454545, latency_fill_update_per_layer[0] = 55.3125
Final per tile latency_per_layer[0]: 304
Final per tile stall_cycles_per_layer[0]: 0
Ideal case: no stall introduced by this level per this layer: cc_per_all_tiles_per_layer[0]: 304
Calculating per tile final latency and stall for layer 1 in FeatureMemory: latency_read_drain_per_layer[1] = 21.09090909090909, latency_fill_update_per_layer[1] = 11.25
Final per tile latency_per_layer[1]: 57
Final per tile stall_cycles_per_layer[1]: 0
Ideal case: no stall introduced by this level per this layer: cc_per_all_tiles_per_layer[1]: 57
Calculating per tile final latency and stall for layer 2 in FeatureMemory: latency_read_drain_per_layer[2] = 30.545454545454547, latency_fill_update_per_layer[2] = 11.25
Final per tile latency_per_layer[2]: 109
Final per tile stall_cycles_per_layer[2]: 0
Ideal case: no stall introduced by this level per this layer: cc_per_all_tiles_per_layer[2]: 109
Calculating per tile final latency and stall for layer 3 in FeatureMemory: latency_read_drain_per_layer[3] = 30.545454545454547, latency_fill_update_per_layer[3] = 11.25
Final per tile latency_per_layer[3]: 109
Final per tile stall_cycles_per_layer[3]: 0
Ideal case: no stall introduced by this level per this layer: cc_per_all_tiles_per_layer[3]: 109
Calculating per tile final latency and stall for layer 4 in FeatureMemory: latency_read_drain_per_layer[4] = 30.545454545454547, latency_fill_update_per_layer[4] = 11.25
Final per tile latency_per_layer[4]: 109
Final per tile stall_cycles_per_layer[4]: 0
Ideal case: no stall introduced by this level per this layer: cc_per_all_tiles_per_layer[4]: 109
Calculating per tile final latency and stall for layer 5 in FeatureMemory: latency_read_drain_per_layer[5] = 30.545454545454547, latency_fill_update_per_layer[5] = 11.25
Final per tile latency_per_layer[5]: 109
Final per tile stall_cycles_per_layer[5]: 0
Ideal case: no stall introduced by this level per this layer: cc_per_all_tiles_per_layer[5]: 109
Calculating per tile final latency and stall for layer 6 in FeatureMemory: latency_read_drain_per_layer[6] = 59.63636363636364, latency_fill_update_per_layer[6] = 52.5
Final per tile latency_per_layer[6]: 112
Final per tile stall_cycles_per_layer[6]: 60
Ideal case: no stall introduced by this level per this layer: cc_per_all_tiles_per_layer[6]: 52
Calculating per tile final latency and stall for layer 7 in FeatureMemory: latency_read_drain_per_layer[7] = 91.63636363636364, latency_fill_update_per_layer[7] = 15.0
Final per tile latency_per_layer[7]: 504
Final per tile stall_cycles_per_layer[7]: 0
Ideal case: no stall introduced by this level per this layer: cc_per_all_tiles_per_layer[7]: 504


Calculating Latency for Level: DRAM

Latency for layer: 0 of Level: DRAM
level.active_instances_per_layer[0]: 1
level.temporal_iterations_per_layer[0]: 1
Scaling per layer[0]: 1
Single Tile latency: cc_per_tile_per_layer[0]: 304.0
Ideal Case, Latency at this level without stalls: cc_per_all_tiles_per_layer[0]: 1313280.0
SCALED cc_per_all_tiles_per_layer[0]: 1,313,280
level.getReadPerLayer[0](): 1,559,400
  (For comparison - full reads including accumulation: 1,559,400)
ideal_bandwidth_read_per_layer[0]: 1.1874086257309941
level.getDrainPerLayer[0](): 0
ideal_bandwidth_drain_per_layer[0]: 0.0
ideal_bandwidth_update_per_layer[0]: 0.0
  (For comparison - full updates including accumulation: 0)
level.getFillPerLayer[0](): 0
ideal_bandwidth_fill_per_layer[0]: 0.0

Latency for layer: 1 of Level: DRAM
level.active_instances_per_layer[1]: 1
level.temporal_iterations_per_layer[1]: 1
Scaling per layer[1]: 1
Single Tile latency: cc_per_tile_per_layer[1]: 57.0
Ideal Case, Latency at this level without stalls: cc_per_all_tiles_per_layer[1]: 246240.0
SCALED cc_per_all_tiles_per_layer[1]: 246,240
level.getReadPerLayer[1](): 672
  (For comparison - full reads including accumulation: 672)
ideal_bandwidth_read_per_layer[1]: 0.0027290448343079924
level.getDrainPerLayer[1](): 0
ideal_bandwidth_drain_per_layer[1]: 0.0
ideal_bandwidth_update_per_layer[1]: 0.0
  (For comparison - full updates including accumulation: 0)
level.getFillPerLayer[1](): 0
ideal_bandwidth_fill_per_layer[1]: 0.0

Latency for layer: 2 of Level: DRAM
level.active_instances_per_layer[2]: 1
level.temporal_iterations_per_layer[2]: 1
Scaling per layer[2]: 1
Single Tile latency: cc_per_tile_per_layer[2]: 109.0
Ideal Case, Latency at this level without stalls: cc_per_all_tiles_per_layer[2]: 470880.0
SCALED cc_per_all_tiles_per_layer[2]: 470,880
level.getReadPerLayer[2](): 1,296
  (For comparison - full reads including accumulation: 1,296)
ideal_bandwidth_read_per_layer[2]: 0.0027522935779816515
level.getDrainPerLayer[2](): 0
ideal_bandwidth_drain_per_layer[2]: 0.0
ideal_bandwidth_update_per_layer[2]: 0.0
  (For comparison - full updates including accumulation: 0)
level.getFillPerLayer[2](): 0
ideal_bandwidth_fill_per_layer[2]: 0.0

Latency for layer: 3 of Level: DRAM
level.active_instances_per_layer[3]: 1
level.temporal_iterations_per_layer[3]: 1
Scaling per layer[3]: 1
Single Tile latency: cc_per_tile_per_layer[3]: 109.0
Ideal Case, Latency at this level without stalls: cc_per_all_tiles_per_layer[3]: 470880.0
SCALED cc_per_all_tiles_per_layer[3]: 470,880
level.getReadPerLayer[3](): 1,296
  (For comparison - full reads including accumulation: 1,296)
ideal_bandwidth_read_per_layer[3]: 0.0027522935779816515
level.getDrainPerLayer[3](): 0
ideal_bandwidth_drain_per_layer[3]: 0.0
ideal_bandwidth_update_per_layer[3]: 0.0
  (For comparison - full updates including accumulation: 0)
level.getFillPerLayer[3](): 0
ideal_bandwidth_fill_per_layer[3]: 0.0

Latency for layer: 4 of Level: DRAM
level.active_instances_per_layer[4]: 1
level.temporal_iterations_per_layer[4]: 1
Scaling per layer[4]: 1
Single Tile latency: cc_per_tile_per_layer[4]: 109.0
Ideal Case, Latency at this level without stalls: cc_per_all_tiles_per_layer[4]: 470880.0
SCALED cc_per_all_tiles_per_layer[4]: 470,880
level.getReadPerLayer[4](): 1,296
  (For comparison - full reads including accumulation: 1,296)
ideal_bandwidth_read_per_layer[4]: 0.0027522935779816515
level.getDrainPerLayer[4](): 0
ideal_bandwidth_drain_per_layer[4]: 0.0
ideal_bandwidth_update_per_layer[4]: 0.0
  (For comparison - full updates including accumulation: 0)
level.getFillPerLayer[4](): 0
ideal_bandwidth_fill_per_layer[4]: 0.0

Latency for layer: 5 of Level: DRAM
level.active_instances_per_layer[5]: 1
level.temporal_iterations_per_layer[5]: 1
Scaling per layer[5]: 1
Single Tile latency: cc_per_tile_per_layer[5]: 109.0
Ideal Case, Latency at this level without stalls: cc_per_all_tiles_per_layer[5]: 470880.0
SCALED cc_per_all_tiles_per_layer[5]: 470,880
level.getReadPerLayer[5](): 1,296
  (For comparison - full reads including accumulation: 1,296)
ideal_bandwidth_read_per_layer[5]: 0.0027522935779816515
level.getDrainPerLayer[5](): 0
ideal_bandwidth_drain_per_layer[5]: 0.0
ideal_bandwidth_update_per_layer[5]: 0.0
  (For comparison - full updates including accumulation: 0)
level.getFillPerLayer[5](): 0
ideal_bandwidth_fill_per_layer[5]: 0.0

Latency for layer: 6 of Level: DRAM
level.active_instances_per_layer[6]: 1
level.temporal_iterations_per_layer[6]: 1
Scaling per layer[6]: 1
Single Tile latency: cc_per_tile_per_layer[6]: 112.13636363636364
Ideal Case, Latency at this level without stalls: cc_per_all_tiles_per_layer[6]: 484429.09090909094
SCALED cc_per_all_tiles_per_layer[6]: 484,429
level.getReadPerLayer[6](): 672
  (For comparison - full reads including accumulation: 672)
ideal_bandwidth_read_per_layer[6]: 0.001387199927937666
level.getDrainPerLayer[6](): 0
ideal_bandwidth_drain_per_layer[6]: 0.0
ideal_bandwidth_update_per_layer[6]: 0.0
  (For comparison - full updates including accumulation: 0)
level.getFillPerLayer[6](): 0
ideal_bandwidth_fill_per_layer[6]: 0.0

Latency for layer: 7 of Level: DRAM
level.active_instances_per_layer[7]: 1
level.temporal_iterations_per_layer[7]: 1
Scaling per layer[7]: 1
Single Tile latency: cc_per_tile_per_layer[7]: 504
Ideal Case, Latency at this level without stalls: cc_per_all_tiles_per_layer[7]: 2177280
SCALED cc_per_all_tiles_per_layer[7]: 2,177,280
level.getReadPerLayer[7](): 8,064
  (For comparison - full reads including accumulation: 8,064)
ideal_bandwidth_read_per_layer[7]: 0.003703703703703704
level.getDrainPerLayer[7](): 0
ideal_bandwidth_drain_per_layer[7]: 0.0
ideal_bandwidth_update_per_layer[7]: 3.8095238095238093
  (For comparison - full updates including accumulation: 8,294,400)
level.getFillPerLayer[7](): 0
ideal_bandwidth_fill_per_layer[7]: 0.0

Start of calculation of latency:


Layer_id: 0 in DRAM

ideal_bandwidth_read_per_layer[0] + ideal_bandwidth_drain_per_layer[0]: 1.1874086257309941 vs level.read_bandwidth: 12
I am in Compute Bound
cc_per_all_tiles_per_layer[0]: 1313280.0
STANDARD CASE latency_read_drain_per_layer[0]: 1313280.0

ideal_bandwidth_fill_per_layer[0] + ideal_bandwidth_update_per_layer[0]: 0.0 vs level.write_bandwidth: 12
previous_fanout_pe_to_pe_warmup: 0
STANDARD CASE latency_fill_update_per_layer[0]: 1313280.0


Layer_id: 1 in DRAM

ideal_bandwidth_read_per_layer[1] + ideal_bandwidth_drain_per_layer[1]: 0.0027290448343079924 vs level.read_bandwidth: 12
I am in Compute Bound
cc_per_all_tiles_per_layer[1]: 246240.0
STANDARD CASE latency_read_drain_per_layer[1]: 246240.0

ideal_bandwidth_fill_per_layer[1] + ideal_bandwidth_update_per_layer[1]: 0.0 vs level.write_bandwidth: 12
previous_fanout_pe_to_pe_warmup: 0
STANDARD CASE latency_fill_update_per_layer[1]: 246240.0


Layer_id: 2 in DRAM

ideal_bandwidth_read_per_layer[2] + ideal_bandwidth_drain_per_layer[2]: 0.0027522935779816515 vs level.read_bandwidth: 12
I am in Compute Bound
cc_per_all_tiles_per_layer[2]: 470880.0
STANDARD CASE latency_read_drain_per_layer[2]: 470880.0

ideal_bandwidth_fill_per_layer[2] + ideal_bandwidth_update_per_layer[2]: 0.0 vs level.write_bandwidth: 12
previous_fanout_pe_to_pe_warmup: 0
STANDARD CASE latency_fill_update_per_layer[2]: 470880.0


Layer_id: 3 in DRAM

ideal_bandwidth_read_per_layer[3] + ideal_bandwidth_drain_per_layer[3]: 0.0027522935779816515 vs level.read_bandwidth: 12
I am in Compute Bound
cc_per_all_tiles_per_layer[3]: 470880.0
STANDARD CASE latency_read_drain_per_layer[3]: 470880.0

ideal_bandwidth_fill_per_layer[3] + ideal_bandwidth_update_per_layer[3]: 0.0 vs level.write_bandwidth: 12
previous_fanout_pe_to_pe_warmup: 0
STANDARD CASE latency_fill_update_per_layer[3]: 470880.0


Layer_id: 4 in DRAM

ideal_bandwidth_read_per_layer[4] + ideal_bandwidth_drain_per_layer[4]: 0.0027522935779816515 vs level.read_bandwidth: 12
I am in Compute Bound
cc_per_all_tiles_per_layer[4]: 470880.0
STANDARD CASE latency_read_drain_per_layer[4]: 470880.0

ideal_bandwidth_fill_per_layer[4] + ideal_bandwidth_update_per_layer[4]: 0.0 vs level.write_bandwidth: 12
previous_fanout_pe_to_pe_warmup: 0
STANDARD CASE latency_fill_update_per_layer[4]: 470880.0


Layer_id: 5 in DRAM

ideal_bandwidth_read_per_layer[5] + ideal_bandwidth_drain_per_layer[5]: 0.0027522935779816515 vs level.read_bandwidth: 12
I am in Compute Bound
cc_per_all_tiles_per_layer[5]: 470880.0
STANDARD CASE latency_read_drain_per_layer[5]: 470880.0

ideal_bandwidth_fill_per_layer[5] + ideal_bandwidth_update_per_layer[5]: 0.0 vs level.write_bandwidth: 12
previous_fanout_pe_to_pe_warmup: 0
STANDARD CASE latency_fill_update_per_layer[5]: 470880.0


Layer_id: 6 in DRAM

ideal_bandwidth_read_per_layer[6] + ideal_bandwidth_drain_per_layer[6]: 0.001387199927937666 vs level.read_bandwidth: 12
I am in Compute Bound
cc_per_all_tiles_per_layer[6]: 484429.09090909094
STANDARD CASE latency_read_drain_per_layer[6]: 484429.09090909094

ideal_bandwidth_fill_per_layer[6] + ideal_bandwidth_update_per_layer[6]: 0.0 vs level.write_bandwidth: 12
previous_fanout_pe_to_pe_warmup: 0
STANDARD CASE latency_fill_update_per_layer[6]: 484429.09090909094


Layer_id: 7 in DRAM

ideal_bandwidth_read_per_layer[7] + ideal_bandwidth_drain_per_layer[7]: 0.003703703703703704 vs level.read_bandwidth: 12
I am in Compute Bound
cc_per_all_tiles_per_layer[7]: 2177280
STANDARD CASE latency_read_drain_per_layer[7]: 2177280

ideal_bandwidth_fill_per_layer[7] + ideal_bandwidth_update_per_layer[7]: 3.8095238095238093 vs level.write_bandwidth: 12
previous_fanout_pe_to_pe_warmup: 0
STANDARD CASE latency_fill_update_per_layer[7]: 2177280

End of calculation of latency.

Calculating per tile final latency and stall for layer 0 in DRAM: latency_read_drain_per_layer[0] = 1313280.0, latency_fill_update_per_layer[0] = 1313280.0
Final per tile latency_per_layer[0]: 1,313,280
Final per tile stall_cycles_per_layer[0]: 0
Ideal case: no stall introduced by this level per this layer: cc_per_all_tiles_per_layer[0]: 1,313,280
Calculating per tile final latency and stall for layer 1 in DRAM: latency_read_drain_per_layer[1] = 246240.0, latency_fill_update_per_layer[1] = 246240.0
Final per tile latency_per_layer[1]: 246,240
Final per tile stall_cycles_per_layer[1]: 0
Ideal case: no stall introduced by this level per this layer: cc_per_all_tiles_per_layer[1]: 246,240
Calculating per tile final latency and stall for layer 2 in DRAM: latency_read_drain_per_layer[2] = 470880.0, latency_fill_update_per_layer[2] = 470880.0
Final per tile latency_per_layer[2]: 470,880
Final per tile stall_cycles_per_layer[2]: 0
Ideal case: no stall introduced by this level per this layer: cc_per_all_tiles_per_layer[2]: 470,880
Calculating per tile final latency and stall for layer 3 in DRAM: latency_read_drain_per_layer[3] = 470880.0, latency_fill_update_per_layer[3] = 470880.0
Final per tile latency_per_layer[3]: 470,880
Final per tile stall_cycles_per_layer[3]: 0
Ideal case: no stall introduced by this level per this layer: cc_per_all_tiles_per_layer[3]: 470,880
Calculating per tile final latency and stall for layer 4 in DRAM: latency_read_drain_per_layer[4] = 470880.0, latency_fill_update_per_layer[4] = 470880.0
Final per tile latency_per_layer[4]: 470,880
Final per tile stall_cycles_per_layer[4]: 0
Ideal case: no stall introduced by this level per this layer: cc_per_all_tiles_per_layer[4]: 470,880
Calculating per tile final latency and stall for layer 5 in DRAM: latency_read_drain_per_layer[5] = 470880.0, latency_fill_update_per_layer[5] = 470880.0
Final per tile latency_per_layer[5]: 470,880
Final per tile stall_cycles_per_layer[5]: 0
Ideal case: no stall introduced by this level per this layer: cc_per_all_tiles_per_layer[5]: 470,880
Calculating per tile final latency and stall for layer 6 in DRAM: latency_read_drain_per_layer[6] = 484429.09090909094, latency_fill_update_per_layer[6] = 484429.09090909094
Final per tile latency_per_layer[6]: 484,429
Final per tile stall_cycles_per_layer[6]: 0
Ideal case: no stall introduced by this level per this layer: cc_per_all_tiles_per_layer[6]: 484,429
Calculating per tile final latency and stall for layer 7 in DRAM: latency_read_drain_per_layer[7] = 2177280, latency_fill_update_per_layer[7] = 2177280
Final per tile latency_per_layer[7]: 2,177,280
Final per tile stall_cycles_per_layer[7]: 0
Ideal case: no stall introduced by this level per this layer: cc_per_all_tiles_per_layer[7]: 2,177,280


Final WMOPs and Latency calculation for Level: DRAM
Level: DRAM, Layer: 0
max_latency_per_layer[0]: 0 before update
level.getSettedLatencyPerLayer[0](): 1,313,280
Level: DRAM, Layer: 1
max_latency_per_layer[1]: 0 before update
level.getSettedLatencyPerLayer[1](): 246,240
Level: DRAM, Layer: 2
max_latency_per_layer[2]: 0 before update
level.getSettedLatencyPerLayer[2](): 470,880
Level: DRAM, Layer: 3
max_latency_per_layer[3]: 0 before update
level.getSettedLatencyPerLayer[3](): 470,880
Level: DRAM, Layer: 4
max_latency_per_layer[4]: 0 before update
level.getSettedLatencyPerLayer[4](): 470,880
Level: DRAM, Layer: 5
max_latency_per_layer[5]: 0 before update
level.getSettedLatencyPerLayer[5](): 470,880
Level: DRAM, Layer: 6
max_latency_per_layer[6]: 0 before update
level.getSettedLatencyPerLayer[6](): 484,429
Level: DRAM, Layer: 7
max_latency_per_layer[7]: 0 before update
level.getSettedLatencyPerLayer[7](): 2,177,280
Level DRAM: Thesis_8Layers_1081344KB_FMEM_16x128_PEs, max_latency (sequential layers): 6,104,749


Final WMOPs and Latency calculation for Level: FeatureMemory
Level: FeatureMemory, Layer: 0
max_latency_per_layer[0]: 1,313,280 before update
level.getSettedLatencyPerLayer[0](): 105
Level: FeatureMemory, Layer: 1
max_latency_per_layer[1]: 246,240 before update
level.getSettedLatencyPerLayer[1](): 21
Level: FeatureMemory, Layer: 2
max_latency_per_layer[2]: 470,880 before update
level.getSettedLatencyPerLayer[2](): 31
Level: FeatureMemory, Layer: 3
max_latency_per_layer[3]: 470,880 before update
level.getSettedLatencyPerLayer[3](): 31
Level: FeatureMemory, Layer: 4
max_latency_per_layer[4]: 470,880 before update
level.getSettedLatencyPerLayer[4](): 31
Level: FeatureMemory, Layer: 5
max_latency_per_layer[5]: 470,880 before update
level.getSettedLatencyPerLayer[5](): 31
Level: FeatureMemory, Layer: 6
max_latency_per_layer[6]: 484,429 before update
level.getSettedLatencyPerLayer[6](): 60
Level: FeatureMemory, Layer: 7
max_latency_per_layer[7]: 2,177,280 before update
level.getSettedLatencyPerLayer[7](): 395,869
Level FeatureMemory: Thesis_8Layers_1081344KB_FMEM_16x128_PEs, max_latency (sequential layers): 6,104,749


Final WMOPs and Latency calculation for Level: WeightMemory
Level: WeightMemory, Layer: 0
max_latency_per_layer[0]: 1,313,280 before update
level.getSettedLatencyPerLayer[0](): 304
Level: WeightMemory, Layer: 1
max_latency_per_layer[1]: 246,240 before update
level.getSettedLatencyPerLayer[1](): 57
Level: WeightMemory, Layer: 2
max_latency_per_layer[2]: 470,880 before update
level.getSettedLatencyPerLayer[2](): 109
Level: WeightMemory, Layer: 3
max_latency_per_layer[3]: 470,880 before update
level.getSettedLatencyPerLayer[3](): 109
Level: WeightMemory, Layer: 4
max_latency_per_layer[4]: 470,880 before update
level.getSettedLatencyPerLayer[4](): 109
Level: WeightMemory, Layer: 5
max_latency_per_layer[5]: 470,880 before update
level.getSettedLatencyPerLayer[5](): 109
Level: WeightMemory, Layer: 6
max_latency_per_layer[6]: 484,429 before update
level.getSettedLatencyPerLayer[6](): 52
Level: WeightMemory, Layer: 7
max_latency_per_layer[7]: 2,177,280 before update
level.getSettedLatencyPerLayer[7](): 2,177,280
Level WeightMemory: Thesis_8Layers_1081344KB_FMEM_16x128_PEs, max_latency (sequential layers): 6,104,749


Final WMOPs and Latency calculation for Level: SACols_7


Final WMOPs and Latency calculation for Level: SARows_7


Final WMOPs and Latency calculation for Level: SACols_6


Final WMOPs and Latency calculation for Level: SARows_6


Final WMOPs and Latency calculation for Level: SACols_5


Final WMOPs and Latency calculation for Level: SARows_5


Final WMOPs and Latency calculation for Level: SACols_4


Final WMOPs and Latency calculation for Level: SARows_4


Final WMOPs and Latency calculation for Level: SACols_3


Final WMOPs and Latency calculation for Level: SARows_3


Final WMOPs and Latency calculation for Level: SACols_2


Final WMOPs and Latency calculation for Level: SARows_2


Final WMOPs and Latency calculation for Level: SACols_1


Final WMOPs and Latency calculation for Level: SARows_1


Final WMOPs and Latency calculation for Level: SACols_0


Final WMOPs and Latency calculation for Level: SARows_0


Final WMOPs and Latency calculation for Level: WeightRegister
Level: WeightRegister, Layer: 0
max_latency_per_layer[0]: 1,313,280 before update
level.getSettedLatencyPerLayer[0](): 1
Level: WeightRegister, Layer: 1
max_latency_per_layer[1]: 246,240 before update
level.getSettedLatencyPerLayer[1](): 1
Level: WeightRegister, Layer: 2
max_latency_per_layer[2]: 470,880 before update
level.getSettedLatencyPerLayer[2](): 1
Level: WeightRegister, Layer: 3
max_latency_per_layer[3]: 470,880 before update
level.getSettedLatencyPerLayer[3](): 1
Level: WeightRegister, Layer: 4
max_latency_per_layer[4]: 470,880 before update
level.getSettedLatencyPerLayer[4](): 1
Level: WeightRegister, Layer: 5
max_latency_per_layer[5]: 470,880 before update
level.getSettedLatencyPerLayer[5](): 1
Level: WeightRegister, Layer: 6
max_latency_per_layer[6]: 484,429 before update
level.getSettedLatencyPerLayer[6](): 1
Level: WeightRegister, Layer: 7
max_latency_per_layer[7]: 2,177,280 before update
level.getSettedLatencyPerLayer[7](): 2,177,280
Level WeightRegister: Thesis_8Layers_1081344KB_FMEM_16x128_PEs, max_latency (sequential layers): 6,104,749


Final WMOPs and Latency calculation for Level: AccumulationIntermediateOutputRegister
Level: AccumulationIntermediateOutputRegister, Layer: 0
max_latency_per_layer[0]: 1,313,280 before update
level.getSettedLatencyPerLayer[0](): 1
Level: AccumulationIntermediateOutputRegister, Layer: 1
max_latency_per_layer[1]: 246,240 before update
level.getSettedLatencyPerLayer[1](): 1
Level: AccumulationIntermediateOutputRegister, Layer: 2
max_latency_per_layer[2]: 470,880 before update
level.getSettedLatencyPerLayer[2](): 1
Level: AccumulationIntermediateOutputRegister, Layer: 3
max_latency_per_layer[3]: 470,880 before update
level.getSettedLatencyPerLayer[3](): 1
Level: AccumulationIntermediateOutputRegister, Layer: 4
max_latency_per_layer[4]: 470,880 before update
level.getSettedLatencyPerLayer[4](): 1
Level: AccumulationIntermediateOutputRegister, Layer: 5
max_latency_per_layer[5]: 470,880 before update
level.getSettedLatencyPerLayer[5](): 1
Level: AccumulationIntermediateOutputRegister, Layer: 6
max_latency_per_layer[6]: 484,429 before update
level.getSettedLatencyPerLayer[6](): 1
Level: AccumulationIntermediateOutputRegister, Layer: 7
max_latency_per_layer[7]: 2,177,280 before update
level.getSettedLatencyPerLayer[7](): 2,177,280
Level AccumulationIntermediateOutputRegister: Thesis_8Layers_1081344KB_FMEM_16x128_PEs, max_latency (sequential layers): 6,104,749


Final WMOPs and Latency calculation for Level: AccumulationOutputRegister
Level: AccumulationOutputRegister, Layer: 0
max_latency_per_layer[0]: 1,313,280 before update
level.getSettedLatencyPerLayer[0](): 1
Level: AccumulationOutputRegister, Layer: 1
max_latency_per_layer[1]: 246,240 before update
level.getSettedLatencyPerLayer[1](): 1
Level: AccumulationOutputRegister, Layer: 2
max_latency_per_layer[2]: 470,880 before update
level.getSettedLatencyPerLayer[2](): 1
Level: AccumulationOutputRegister, Layer: 3
max_latency_per_layer[3]: 470,880 before update
level.getSettedLatencyPerLayer[3](): 1
Level: AccumulationOutputRegister, Layer: 4
max_latency_per_layer[4]: 470,880 before update
level.getSettedLatencyPerLayer[4](): 1
Level: AccumulationOutputRegister, Layer: 5
max_latency_per_layer[5]: 470,880 before update
level.getSettedLatencyPerLayer[5](): 1
Level: AccumulationOutputRegister, Layer: 6
max_latency_per_layer[6]: 484,429 before update
level.getSettedLatencyPerLayer[6](): 1
Level: AccumulationOutputRegister, Layer: 7
max_latency_per_layer[7]: 2,177,280 before update
level.getSettedLatencyPerLayer[7](): 2,177,280
Level AccumulationOutputRegister: Thesis_8Layers_1081344KB_FMEM_16x128_PEs, max_latency (sequential layers): 6,104,749


Final WMOPs and Latency calculation for Level: Compute
Compute level latency: 1
Compute latency for layer 0: 1,296,000
Compute latency for layer 1: 241,920
Compute latency for layer 2: 466,560
Compute latency for layer 3: 466,560
Compute latency for layer 4: 466,560
Compute latency for layer 5: 466,560
Compute latency for layer 6: 207,360
Compute latency for layer 7: 2,177,280
max_latency initially: 6104749.090909091
compute_latency from compute level: 5,788,800
max_latency after compute: 6,104,749, before fanout_level
level SACols_7 utilization: 120/128=0.9375
utilization after level SACols_7: 0.9375
level SARows_7 utilization: 16/16=1.0
utilization after level SARows_7: 0.9375
level SACols_6 utilization: 120/128=0.9375
utilization after level SACols_6: 0.87890625
level SARows_6 utilization: 14/16=0.875
utilization after level SARows_6: 0.76904296875
level SACols_5 utilization: 120/128=0.9375
utilization after level SACols_5: 0.720977783203125
level SARows_5 utilization: 12/16=0.75
utilization after level SARows_5: 0.5407333374023438
level SACols_4 utilization: 120/128=0.9375
utilization after level SACols_4: 0.5069375038146973
level SARows_4 utilization: 12/16=0.75
utilization after level SARows_4: 0.38020312786102295
level SACols_3 utilization: 120/128=0.9375
utilization after level SACols_3: 0.356440432369709
level SARows_3 utilization: 12/16=0.75
utilization after level SARows_3: 0.26733032427728176
level SACols_2 utilization: 120/128=0.9375
utilization after level SACols_2: 0.25062217900995165
level SARows_2 utilization: 12/16=0.75
utilization after level SARows_2: 0.18796663425746374
level SACols_1 utilization: 120/128=0.9375
utilization after level SACols_1: 0.17621871961637225
level SARows_1 utilization: 12/16=0.75
utilization after level SARows_1: 0.1321640397122792
level SACols_0 utilization: 120/128=0.9375
utilization after level SACols_0: 0.12390378723026174
level SARows_0 utilization: 14/16=0.875
utilization after level SARows_0: 0.10841581382647902
level Compute utilization: 1/1=1.0
utilization after level Compute: 0.10841581382647902
Arch: Thesis_8Layers_1081344KB_FMEM_16x128_PEs: spatial utilization is 0.10841581382647902
utilization used in WART calculation: 0.10841581382647902
CIAO!
updateStats2
-- fanout maximization --
tile_sizes[dim]: [120, 5], self._dim_products[dim]: [8, 1]
input_FC_size distinct: 11520
Input FC size: 11520

Input size: 1573248

Output size: 1036800

Weight size: 18792

Intermediate input size: 63981536
Total intermediate size (input + output): 0

input_size: 1573248, output_size: 1036800, weight_size: 18792, intermediate_size: 0
Total mem footprint: 2640360



tile_sizes[dim]: [120, 5], self._dim_products[dim]: [8, 1]
input_FC_size distinct: 11520
Input FC size: 11520

Input size: 1573248

Output size: 2073600

Weight size: 18792

Intermediate input size: 67623776
Total intermediate size (input + output): 0

input_size: 1573248, output_size: 2073600, weight_size: 18792, intermediate_size: 0
Total mem footprint: 3677160



tile_sizes[dim]: [120, 5], self._dim_products[dim]: [8, 1]
input_FC_size distinct: 11520
Input FC size: 11520

Input size: 1573248

Output size: 4147200

Weight size: 18792

Intermediate input size: 74908256
Total intermediate size (input + output): 0

input_size: 1573248, output_size: 4147200, weight_size: 18792, intermediate_size: 0
Total mem footprint: 5750760



tile_sizes[dim]: [120, 5], self._dim_products[dim]: [8, 1]
input_FC_size distinct: 11520
Input FC size: 11520

Input size: 1573248

Output size: 8294400

Weight size: 18792

Intermediate input size: 84034016
Total intermediate size (input + output): 0

input_size: 1573248, output_size: 8294400, weight_size: 18792, intermediate_size: 0
Total mem footprint: 9897960



tile_sizes[dim]: [120, 5], self._dim_products[dim]: [8, 1]
input_FC_size distinct: 11520
Input FC size: 11520

Input size: 1573248

Output size: 8294400

Weight size: 18792

Intermediate input size: 84811616
Total intermediate size (input + output): 0

input_size: 1573248, output_size: 8294400, weight_size: 18792, intermediate_size: 0
Total mem footprint: 9897960



tile_sizes[dim]: [120, 5], self._dim_products[dim]: [8, 1]
input_FC_size distinct: 11520
Input FC size: 11520

Input size: 1573248

Output size: 8294400

Weight size: 18792

Intermediate input size: 86366816
Total intermediate size (input + output): 0

input_size: 1573248, output_size: 8294400, weight_size: 18792, intermediate_size: 0
Total mem footprint: 9897960



tile_sizes[dim]: [120, 5], self._dim_products[dim]: [8, 1]
input_FC_size distinct: 11520
Input FC size: 11520

Input size: 1573248

Output size: 8294400

Weight size: 18792

Intermediate input size: 84013856
Total intermediate size (input + output): 0

input_size: 1573248, output_size: 8294400, weight_size: 18792, intermediate_size: 0
Total mem footprint: 9897960



tile_sizes[dim]: [120, 5], self._dim_products[dim]: [8, 1]
input_FC_size distinct: 11520
Input FC size: 11520

Input size: 1573248

Output size: 8294400

Weight size: 18792

Intermediate input size: 84794336
Total intermediate size (input + output): 0

input_size: 1573248, output_size: 8294400, weight_size: 18792, intermediate_size: 0
Total mem footprint: 9897960



tile_sizes[dim]: [120, 5], self._dim_products[dim]: [8, 1]
input_FC_size distinct: 11520
Input FC size: 11520

Input size: 1573248

Output size: 8294400

Weight size: 18792

Intermediate input size: 86355296
Total intermediate size (input + output): 0

input_size: 1573248, output_size: 8294400, weight_size: 18792, intermediate_size: 0
Total mem footprint: 9897960



tile_sizes[dim]: [120, 5], self._dim_products[dim]: [8, 1]
input_FC_size distinct: 11520
Input FC size: 11520

Input size: 1573248

Output size: 8294400

Weight size: 18792

Intermediate input size: 84013856
Total intermediate size (input + output): 0

input_size: 1573248, output_size: 8294400, weight_size: 18792, intermediate_size: 0
Total mem footprint: 9897960



tile_sizes[dim]: [120, 5], self._dim_products[dim]: [8, 1]
input_FC_size distinct: 11520
Input FC size: 11520

Input size: 1573248

Output size: 8294400

Weight size: 18792

Intermediate input size: 84794336
Total intermediate size (input + output): 0

input_size: 1573248, output_size: 8294400, weight_size: 18792, intermediate_size: 0
Total mem footprint: 9897960



tile_sizes[dim]: [120, 5], self._dim_products[dim]: [8, 1]
input_FC_size distinct: 11520
Input FC size: 11520

Input size: 1573248

Output size: 8294400

Weight size: 18792

Intermediate input size: 86355296
Total intermediate size (input + output): 0

input_size: 1573248, output_size: 8294400, weight_size: 18792, intermediate_size: 0
Total mem footprint: 9897960



tile_sizes[dim]: [120, 5], self._dim_products[dim]: [8, 1]
input_FC_size distinct: 11520
Input FC size: 11520

Input size: 1573248

Output size: 8294400

Weight size: 18792

Intermediate input size: 84013856
Total intermediate size (input + output): 0

input_size: 1573248, output_size: 8294400, weight_size: 18792, intermediate_size: 0
Total mem footprint: 9897960



tile_sizes[dim]: [120, 5], self._dim_products[dim]: [8, 1]
input_FC_size distinct: 11520
Input FC size: 11520

Input size: 1573248

Output size: 8294400

Weight size: 18792

Intermediate input size: 84794336
Total intermediate size (input + output): 0

input_size: 1573248, output_size: 8294400, weight_size: 18792, intermediate_size: 0
Total mem footprint: 9897960



tile_sizes[dim]: [120, 5], self._dim_products[dim]: [8, 1]
input_FC_size distinct: 11520
Input FC size: 11520

Input size: 1573248

Output size: 8294400

Weight size: 18792

Intermediate input size: 86355296
Total intermediate size (input + output): 0

input_size: 1573248, output_size: 8294400, weight_size: 18792, intermediate_size: 0
Total mem footprint: 9897960



tile_sizes[dim]: [120, 5], self._dim_products[dim]: [8, 1]
input_FC_size distinct: 11520
Input FC size: 11520

Input size: 1573248

Output size: 8294400

Weight size: 18792

Intermediate input size: 84013856
Total intermediate size (input + output): 0

input_size: 1573248, output_size: 8294400, weight_size: 18792, intermediate_size: 0
Total mem footprint: 9897960



tile_sizes[dim]: [120, 5], self._dim_products[dim]: [8, 1]
input_FC_size distinct: 11520
Input FC size: 11520

Input size: 1573248

Output size: 8294400

Weight size: 18792

Intermediate input size: 84794336
Total intermediate size (input + output): 0

input_size: 1573248, output_size: 8294400, weight_size: 18792, intermediate_size: 0
Total mem footprint: 9897960



tile_sizes[dim]: [120, 5], self._dim_products[dim]: [8, 1]
input_FC_size distinct: 11520
Input FC size: 11520

Input size: 1573248

Output size: 8294400

Weight size: 18792

Intermediate input size: 86355296
Total intermediate size (input + output): 0

input_size: 1573248, output_size: 8294400, weight_size: 18792, intermediate_size: 0
Total mem footprint: 9897960



tile_sizes[dim]: [120, 5], self._dim_products[dim]: [8, 1]
input_FC_size distinct: 11520
Input FC size: 11520

Input size: 1573248

Output size: 8294400

Weight size: 18792

Intermediate input size: 64075616
Total intermediate size (input + output): 0

input_size: 1573248, output_size: 8294400, weight_size: 18792, intermediate_size: 0
Total mem footprint: 9897960



tile_sizes[dim]: [120, 5], self._dim_products[dim]: [8, 1]
input_FC_size distinct: 11520
Input FC size: 11520

Input size: 1573248

Output size: 8294400

Weight size: 18792

Intermediate input size: 67704416
Total intermediate size (input + output): 0

input_size: 1573248, output_size: 8294400, weight_size: 18792, intermediate_size: 0
Total mem footprint: 9897960



tile_sizes[dim]: [120, 5], self._dim_products[dim]: [8, 1]
input_FC_size distinct: 11520
Input FC size: 11520

Input size: 1573248

Output size: 8294400

Weight size: 18792

Intermediate input size: 74962016
Total intermediate size (input + output): 0

input_size: 1573248, output_size: 8294400, weight_size: 18792, intermediate_size: 0
Total mem footprint: 9897960



tile_sizes[dim]: [120, 5], self._dim_products[dim]: [1, 1]
input_FC_size distinct: 1440
Input FC size: 1440

Input size: 202368

Output size: 8294400

Weight size: 18792

Intermediate input size: 89477216
Total intermediate size (input + output): 0

input_size: 202368, output_size: 8294400, weight_size: 18792, intermediate_size: 0
Total mem footprint: 8517000



tile_sizes[dim]: [120, 5], self._dim_products[dim]: [2, 1]
input_FC_size distinct: 2880
Input FC size: 2880

Input size: 398208

Output size: 8294400

Weight size: 18792

Intermediate input size: 89477216
Total intermediate size (input + output): 0

input_size: 398208, output_size: 8294400, weight_size: 18792, intermediate_size: 0
Total mem footprint: 8714280



tile_sizes[dim]: [120, 5], self._dim_products[dim]: [4, 1]
input_FC_size distinct: 5760
Input FC size: 5760

Input size: 789888

Output size: 8294400

Weight size: 18792

Intermediate input size: 89477216
Total intermediate size (input + output): 0

input_size: 789888, output_size: 8294400, weight_size: 18792, intermediate_size: 0
Total mem footprint: 9108840



-- local search of memory levels --
Choices after one step: {}
No valid follow-up configuration, stopping, current Wart: 3.527e+53
Total moves: 0
Total choices: 1
Choices: {}
Getting flat weight coupling for layer None
Getting flat weight coupling for layer None
Getting flat weight coupling for layer None
-- spatial-memory levels co-optimization --
Choices after one step: {}
No valid follow-up configuration, stopping, current Wart: 3.527e+53
Total moves: 0
Total choices: 1
Choices: {}
Getting flat weight coupling for layer None
Getting flat weight coupling for layer None
Getting flat weight coupling for layer None
é stato chiamato update stats! 




Questo mops è chiamato da update stats
Level: DRAM, arch bypasses for the level: ['int_in', 'int_out'], in_bp: 1, w_bp: 0, out_bp: 1, int_in_bp: 0, int_out_bp: 0
DEBUG updateStats pre scaling: Level DRAM:
  in_reads: 1555200
  per_layer_w_reads: {0: 4200, 1: 672, 2: 1296, 3: 1296, 4: 1296, 5: 1296, 6: 672, 7: 8064}
  per_layer_int_in_reads: {0: 0, 1: 0, 2: 0, 3: 0, 4: 0, 5: 0, 6: 0}
  per_layer_int_out_reads: {0: 0, 1: 0, 2: 0, 3: 0, 4: 0, 5: 0, 6: 0}
  per_layer_int_out_writes: {0: 0, 1: 0, 2: 0, 3: 0, 4: 0, 5: 0, 6: 0}
  out_reads: 8294400
  out_writes: 8294400
  out_reads_factors: 1
scale_per_layer[0]: 1, temporal_iterations_per_layer[0]: 1, spatial_iterations_per_layer[0]: 1
DEBUG: results after scaling: Level DRAM: in_reads=1555200, w_reads=18792, int_in_reads=0, int_out_reads=0, int_out_writes=0, out_writes=8294400, out_reads=8294400, out_reads_factors=1
DEBUG: Level DRAM adjusted out_reads for no bias read: 0
DEBUG: Level DRAM bypasses intermediate storage
DEBUG updateStats post scaling: Level DRAM:
  in_reads: 1,555,200
  per_layer_w_reads: {0: 4200, 1: 672, 2: 1296, 3: 1296, 4: 1296, 5: 1296, 6: 672, 7: 8064}
  w_reads: 18,792
  per_layer_int_in_reads: {0: 0, 1: 0, 2: 0, 3: 0, 4: 0, 5: 0, 6: 0}
  per_layer_int_in_writes: {0: 0, 1: 0, 2: 0, 3: 0, 4: 0, 5: 0, 6: 0}
  int_in_reads: 0
  per_layer_int_out_reads: {0: 0, 1: 0, 2: 0, 3: 0, 4: 0, 5: 0, 6: 0}
  per_layer_int_out_writes: {0: 0, 1: 0, 2: 0, 3: 0, 4: 0, 5: 0, 6: 0}
  int_out_reads: 0
  out_reads: 0
  out_writes: 8,294,400
  out_reads_factors: 1
in_writes: 0, w_writes: 0, int_in_writes: 0, int_out_writes: 0, out_writes: 8294400
Name of the level: DRAM, level active instances per layer: {0: 1, 1: 1, 2: 1, 3: 1, 4: 1, 5: 1, 6: 1, 7: 1}, level active instances: 1
Level DRAM, Layer 0: total_reads = 1559400, total_writes = 0
Level DRAM, Layer 1: total_reads = 672, total_writes = 0
Level DRAM, Layer 2: total_reads = 1296, total_writes = 0
Level DRAM, Layer 3: total_reads = 1296, total_writes = 0
Level DRAM, Layer 4: total_reads = 1296, total_writes = 0
Level DRAM, Layer 5: total_reads = 1296, total_writes = 0
Level DRAM, Layer 6: total_reads = 672, total_writes = 0
DEBUG: Level DRAM, Layer 7, per_layer_int_in_reads6: 0, per_layer_w_reads7: 8064, out_reads: 0
Level DRAM, Layer 7: total_reads = 8064, total_writes = 8294400
Check: Per Layer Total reads: {0: 1559400, 1: 672, 2: 1296, 3: 1296, 4: 1296, 5: 1296, 6: 672, 7: 8064}, total: 1573992
Check: Per Layer Total writes: {0: 0, 1: 0, 2: 0, 3: 0, 4: 0, 5: 0, 6: 0, 7: 8294400}, 
 total: 8294400
Level DRAM total WMOPs from per layer sum: 315,788,544.000
Level DRAM total WMOPs from total reads/writes: 315,788,544.000
End first part of update for level: DRAM



Questo mops è chiamato da update stats
Level: FeatureMemory, arch bypasses for the level: ['w'], in_bp: 0, w_bp: 0, out_bp: 0, int_in_bp: 0, int_out_bp: 0
DEBUG updateStats pre scaling: Level FeatureMemory:
  in_reads: 36000
  per_layer_w_reads: {0: 0, 1: 0, 2: 0, 3: 0, 4: 0, 5: 0, 6: 0, 7: 0}
  per_layer_int_in_reads: {0: 6720, 1: 12960, 2: 12960, 3: 12960, 4: 12960, 5: 5760, 6: 60480}
  per_layer_int_out_reads: {0: 6720, 1: 1440, 2: 1440, 3: 1440, 4: 1440, 5: 1440, 6: 6720}
  per_layer_int_out_writes: {0: 6720, 1: 1440, 2: 1440, 3: 1440, 4: 1440, 5: 1440, 6: 6720}
  out_reads: 1920
  out_writes: 1920
  out_reads_factors: 1
scale_per_layer[0]: 4320, temporal_iterations_per_layer[0]: 4320, spatial_iterations_per_layer[0]: 1
DEBUG: results after scaling: Level FeatureMemory: in_reads=155520000, w_reads=0, int_in_reads=539136000, int_out_reads=89164800, int_out_writes=89164800, out_writes=8294400, out_reads=8294400, out_reads_factors=1
DEBUG: Level FeatureMemory adjusted out_reads for no bias read: 0
DEBUG updateStats post scaling: Level FeatureMemory:
  in_reads: 155,520,000
  per_layer_w_reads: {0: 0, 1: 0, 2: 0, 3: 0, 4: 0, 5: 0, 6: 0, 7: 0}
  w_reads: 0
  per_layer_int_in_reads: {0: 29030400, 1: 55987200, 2: 55987200, 3: 55987200, 4: 55987200, 5: 24883200, 6: 261273600}
  per_layer_int_in_writes: {0: 0, 1: 0, 2: 0, 3: 0, 4: 0, 5: 0, 6: 0}
  int_in_reads: 539,136,000
  per_layer_int_out_reads: {0: 29030400, 1: 6220800, 2: 6220800, 3: 6220800, 4: 6220800, 5: 6220800, 6: 29030400}
  per_layer_int_out_writes: {0: 29030400, 1: 6220800, 2: 6220800, 3: 6220800, 4: 6220800, 5: 6220800, 6: 29030400}
  int_out_reads: 89,164,800
  out_reads: 8,294,400
  out_writes: 8,294,400
  out_reads_factors: 1
in_writes: 1555200, w_writes: 0, int_in_writes: 0, int_out_writes: 89164800, out_writes: 8294400
Name of the level: FeatureMemory, level active instances per layer: {0: 1, 1: 1, 2: 1, 3: 1, 4: 1, 5: 1, 6: 1, 7: 1}, level active instances: 1
Level FeatureMemory, Layer 0: total_reads = 184550400, total_writes = 30585600
Level FeatureMemory, Layer 1: total_reads = 35251200, total_writes = 6220800
Level FeatureMemory, Layer 2: total_reads = 62208000, total_writes = 6220800
Level FeatureMemory, Layer 3: total_reads = 62208000, total_writes = 6220800
Level FeatureMemory, Layer 4: total_reads = 62208000, total_writes = 6220800
Level FeatureMemory, Layer 5: total_reads = 62208000, total_writes = 6220800
Level FeatureMemory, Layer 6: total_reads = 53913600, total_writes = 29030400
DEBUG: Level FeatureMemory, Layer 7, per_layer_int_in_reads6: 261273600, per_layer_w_reads7: 0, out_reads: 8294400
Level FeatureMemory, Layer 7: total_reads = 269568000, total_writes = 8294400
Check: Per Layer Total reads: {0: 184550400, 1: 35251200, 2: 62208000, 3: 62208000, 4: 62208000, 5: 62208000, 6: 53913600, 7: 269568000}, total: 792115200
Check: Per Layer Total writes: {0: 30585600, 1: 6220800, 2: 6220800, 3: 6220800, 4: 6220800, 5: 6220800, 6: 29030400, 7: 8294400}, 
 total: 99014400
Level FeatureMemory total WMOPs from per layer sum: 1,033,191,753.382
Level FeatureMemory total WMOPs from total reads/writes: 1,033,191,753.382
End first part of update for level: FeatureMemory



Questo mops è chiamato da update stats
Level: WeightMemory, arch bypasses for the level: ['in', 'int_in', 'int_out', 'out'], in_bp: 0, w_bp: 1, out_bp: 0, int_in_bp: 0, int_out_bp: 0
DEBUG updateStats pre scaling: Level WeightMemory:
  in_reads: 0
  per_layer_w_reads: {0: 4200, 1: 672, 2: 1296, 3: 1296, 4: 1296, 5: 1296, 6: 672, 7: 8064}
  per_layer_int_in_reads: {0: 0, 1: 0, 2: 0, 3: 0, 4: 0, 5: 0, 6: 0}
  per_layer_int_out_reads: {0: 0, 1: 0, 2: 0, 3: 0, 4: 0, 5: 0, 6: 0}
  per_layer_int_out_writes: {0: 0, 1: 0, 2: 0, 3: 0, 4: 0, 5: 0, 6: 0}
  out_reads: 0
  out_writes: 0
  out_reads_factors: 0
scale_per_layer[0] = 4320, temporal_iterations_per_layer[0] = 4320, spatial_iterations_per_layer[0] = 1
scale_per_layer[0]: 4320, temporal_iterations_per_layer[0]: 4320, spatial_iterations_per_layer[0]: 1
DEBUG: results after scaling: Level WeightMemory: in_reads=0, w_reads=81181440, int_in_reads=0, int_out_reads=0, int_out_writes=0, out_writes=0, out_reads=0, out_reads_factors=0
DEBUG: Level WeightMemory bypasses intermediate storage
DEBUG updateStats post scaling: Level WeightMemory:
  in_reads: 0
  per_layer_w_reads: {0: 18144000, 1: 2903040, 2: 5598720, 3: 5598720, 4: 5598720, 5: 5598720, 6: 2903040, 7: 34836480}
  w_reads: 81,181,440
  per_layer_int_in_reads: {0: 0, 1: 0, 2: 0, 3: 0, 4: 0, 5: 0, 6: 0}
  per_layer_int_in_writes: {0: 0, 1: 0, 2: 0, 3: 0, 4: 0, 5: 0, 6: 0}
  int_in_reads: 0
  per_layer_int_out_reads: {0: 0, 1: 0, 2: 0, 3: 0, 4: 0, 5: 0, 6: 0}
  per_layer_int_out_writes: {0: 0, 1: 0, 2: 0, 3: 0, 4: 0, 5: 0, 6: 0}
  int_out_reads: 0
  out_reads: 0
  out_writes: 0
  out_reads_factors: 0
in_writes: 0, w_writes: 18792, int_in_writes: 0, int_out_writes: 0, out_writes: 0
Name of the level: WeightMemory, level active instances per layer: {0: 1, 1: 1, 2: 1, 3: 1, 4: 1, 5: 1, 6: 1, 7: 1}, level active instances: 1
Level WeightMemory, Layer 0: total_reads = 18144000, total_writes = 4200
Level WeightMemory, Layer 1: total_reads = 2903040, total_writes = 672
Level WeightMemory, Layer 2: total_reads = 5598720, total_writes = 1296
Level WeightMemory, Layer 3: total_reads = 5598720, total_writes = 1296
Level WeightMemory, Layer 4: total_reads = 5598720, total_writes = 1296
Level WeightMemory, Layer 5: total_reads = 5598720, total_writes = 1296
Level WeightMemory, Layer 6: total_reads = 2903040, total_writes = 672
DEBUG: Level WeightMemory, Layer 7, per_layer_int_in_reads6: 0, per_layer_w_reads7: 34836480, out_reads: 0
Level WeightMemory, Layer 7: total_reads = 34836480, total_writes = 8064
Check: Per Layer Total reads: {0: 18144000, 1: 2903040, 2: 5598720, 3: 5598720, 4: 5598720, 5: 5598720, 6: 2903040, 7: 34836480}, total: 81181440
Check: Per Layer Total writes: {0: 4200, 1: 672, 2: 1296, 3: 1296, 4: 1296, 5: 1296, 6: 672, 7: 8064}, 
 total: 18792
Level WeightMemory total WMOPs from per layer sum: 1,097,456,408.245
Level WeightMemory total WMOPs from total reads/writes: 1,097,456,408.245
End first part of update for level: WeightMemory



Calculating Fanout Level: SACols_7, updating spatial and last reads
Fanout Level SACols_7, Layer 7, dim Q, layer_iterations: 120
End of the first part of Update Stats for fanout level: SACols_7


Calculating Fanout Level: SARows_7, updating spatial and last reads
Fanout Level SARows_7, Layer 7, dim Z7, layer_iterations: 16
End of the first part of Update Stats for fanout level: SARows_7


Calculating Fanout Level: SACols_6, updating spatial and last reads
Fanout Level SACols_6, Layer 6, dim X6, layer_iterations: 120
End of the first part of Update Stats for fanout level: SACols_6


Calculating Fanout Level: SARows_6, updating spatial and last reads
Fanout Level SARows_6, Layer 6, dim Z6, layer_iterations: 14
End of the first part of Update Stats for fanout level: SARows_6


Calculating Fanout Level: SACols_5, updating spatial and last reads
Fanout Level SACols_5, Layer 5, dim X5, layer_iterations: 120
End of the first part of Update Stats for fanout level: SACols_5


Calculating Fanout Level: SARows_5, updating spatial and last reads
Fanout Level SARows_5, Layer 5, dim Z5, layer_iterations: 12
End of the first part of Update Stats for fanout level: SARows_5


Calculating Fanout Level: SACols_4, updating spatial and last reads
Fanout Level SACols_4, Layer 4, dim X4, layer_iterations: 120
End of the first part of Update Stats for fanout level: SACols_4


Calculating Fanout Level: SARows_4, updating spatial and last reads
Fanout Level SARows_4, Layer 4, dim Z4, layer_iterations: 12
End of the first part of Update Stats for fanout level: SARows_4


Calculating Fanout Level: SACols_3, updating spatial and last reads
Fanout Level SACols_3, Layer 3, dim X3, layer_iterations: 120
End of the first part of Update Stats for fanout level: SACols_3


Calculating Fanout Level: SARows_3, updating spatial and last reads
Fanout Level SARows_3, Layer 3, dim Z3, layer_iterations: 12
End of the first part of Update Stats for fanout level: SARows_3


Calculating Fanout Level: SACols_2, updating spatial and last reads
Fanout Level SACols_2, Layer 2, dim X2, layer_iterations: 120
End of the first part of Update Stats for fanout level: SACols_2


Calculating Fanout Level: SARows_2, updating spatial and last reads
Fanout Level SARows_2, Layer 2, dim Z2, layer_iterations: 12
End of the first part of Update Stats for fanout level: SARows_2


Calculating Fanout Level: SACols_1, updating spatial and last reads
Fanout Level SACols_1, Layer 1, dim X1, layer_iterations: 120
End of the first part of Update Stats for fanout level: SACols_1


Calculating Fanout Level: SARows_1, updating spatial and last reads
Fanout Level SARows_1, Layer 1, dim Z1, layer_iterations: 12
End of the first part of Update Stats for fanout level: SARows_1


Calculating Fanout Level: SACols_0, updating spatial and last reads
Fanout Level SACols_0, Layer 0, dim X0, layer_iterations: 120
End of the first part of Update Stats for fanout level: SACols_0


Calculating Fanout Level: SARows_0, updating spatial and last reads
Fanout Level SARows_0, Layer 0, dim Z0, layer_iterations: 14
End of the first part of Update Stats for fanout level: SARows_0


Questo mops è chiamato da update stats
Level: WeightRegister, arch bypasses for the level: ['in', 'int_in', 'int_out', 'out'], in_bp: 0, w_bp: 0, out_bp: 0, int_in_bp: 0, int_out_bp: 0
DEBUG updateStats pre scaling: Level WeightRegister:
  in_reads: 0
  per_layer_w_reads: {0: 1, 1: 1, 2: 1, 3: 1, 4: 1, 5: 1, 6: 1, 7: 1}
  per_layer_int_in_reads: {0: 0, 1: 0, 2: 0, 3: 0, 4: 0, 5: 0, 6: 0}
  per_layer_int_out_reads: {0: 0, 1: 0, 2: 0, 3: 0, 4: 0, 5: 0, 6: 0}
  per_layer_int_out_writes: {0: 0, 1: 0, 2: 0, 3: 0, 4: 0, 5: 0, 6: 0}
  out_reads: 0
  out_writes: 0
  out_reads_factors: 0
scale_per_layer[0]: 2177280000, temporal_iterations_per_layer[0]: 1296000, spatial_iterations_per_layer[0]: 1680
DEBUG: results after scaling: Level WeightRegister: in_reads=0, w_reads=9741772800, int_in_reads=0, int_out_reads=0, int_out_writes=0, out_writes=0, out_reads=0, out_reads_factors=0
DEBUG: Level WeightRegister bypasses intermediate storage
DEBUG updateStats post scaling: Level WeightRegister:
  in_reads: 0
  per_layer_w_reads: {0: 2177280000, 1: 348364800, 2: 671846400, 3: 671846400, 4: 671846400, 5: 671846400, 6: 348364800, 7: 4180377600}
  w_reads: 9,741,772,800
  per_layer_int_in_reads: {0: 0, 1: 0, 2: 0, 3: 0, 4: 0, 5: 0, 6: 0}
  per_layer_int_in_writes: {0: 0, 1: 0, 2: 0, 3: 0, 4: 0, 5: 0, 6: 0}
  int_in_reads: 0
  per_layer_int_out_reads: {0: 0, 1: 0, 2: 0, 3: 0, 4: 0, 5: 0, 6: 0}
  per_layer_int_out_writes: {0: 0, 1: 0, 2: 0, 3: 0, 4: 0, 5: 0, 6: 0}
  int_out_reads: 0
  out_reads: 0
  out_writes: 0
  out_reads_factors: 0
in_writes: 0, w_writes: 9741772800, int_in_writes: 0, int_out_writes: 0, out_writes: 0
Name of the level: WeightRegister, level active instances per layer: {0: 1680, 1: 1440, 2: 1440, 3: 1440, 4: 1440, 5: 1440, 6: 1680, 7: 1920}, level active instances: 33553069206876979200000000
Level WeightRegister, Layer 0: total_reads = 2177280000, total_writes = 2177280000
Level WeightRegister, Layer 1: total_reads = 348364800, total_writes = 348364800
Level WeightRegister, Layer 2: total_reads = 671846400, total_writes = 671846400
Level WeightRegister, Layer 3: total_reads = 671846400, total_writes = 671846400
Level WeightRegister, Layer 4: total_reads = 671846400, total_writes = 671846400
Level WeightRegister, Layer 5: total_reads = 671846400, total_writes = 671846400
Level WeightRegister, Layer 6: total_reads = 348364800, total_writes = 348364800
DEBUG: Level WeightRegister, Layer 7, per_layer_int_in_reads6: 0, per_layer_w_reads7: 4180377600, out_reads: 0
Level WeightRegister, Layer 7: total_reads = 4180377600, total_writes = 4180377600
Check: Per Layer Total reads: {0: 2177280000, 1: 348364800, 2: 671846400, 3: 671846400, 4: 671846400, 5: 671846400, 6: 348364800, 7: 4180377600}, total: 9741772800
Check: Per Layer Total writes: {0: 2177280000, 1: 348364800, 2: 671846400, 3: 671846400, 4: 671846400, 5: 671846400, 6: 348364800, 7: 4180377600}, 
 total: 9741772800
Level WeightRegister total WMOPs from per layer sum: 16,517,404,142.965
Level WeightRegister total WMOPs from total reads/writes: 16,517,404,142.965
End first part of update for level: WeightRegister



Questo mops è chiamato da update stats
Level: AccumulationIntermediateOutputRegister, arch bypasses for the level: ['in', 'w', 'out', 'int_in'], in_bp: 0, w_bp: 0, out_bp: 0, int_in_bp: 0, int_out_bp: 0
DEBUG updateStats pre scaling: Level AccumulationIntermediateOutputRegister:
  in_reads: 0
  per_layer_w_reads: {0: 0, 1: 0, 2: 0, 3: 0, 4: 0, 5: 0, 6: 0, 7: 0}
  per_layer_int_in_reads: {0: 0, 1: 0, 2: 0, 3: 0, 4: 0, 5: 0, 6: 0}
  per_layer_int_out_reads: {0: 1, 1: 1, 2: 1, 3: 1, 4: 1, 5: 1, 6: 1}
  per_layer_int_out_writes: {0: 1, 1: 1, 2: 1, 3: 1, 4: 1, 5: 1, 6: 1}
  out_reads: 0
  out_writes: 0
  out_reads_factors: 0
scale_per_layer[0]: 2177280000, temporal_iterations_per_layer[0]: 1296000, spatial_iterations_per_layer[0]: 1680
DEBUG: results after scaling: Level AccumulationIntermediateOutputRegister: in_reads=0, w_reads=0, int_in_reads=0, int_out_reads=5561395200, int_out_writes=5561395200, out_writes=0, out_reads=0, out_reads_factors=0
DEBUG updateStats post scaling: Level AccumulationIntermediateOutputRegister:
  in_reads: 0
  per_layer_w_reads: {0: 0, 1: 0, 2: 0, 3: 0, 4: 0, 5: 0, 6: 0, 7: 0}
  w_reads: 0
  per_layer_int_in_reads: {0: 0, 1: 0, 2: 0, 3: 0, 4: 0, 5: 0, 6: 0}
  per_layer_int_in_writes: {0: 0, 1: 0, 2: 0, 3: 0, 4: 0, 5: 0, 6: 0}
  int_in_reads: 0
  per_layer_int_out_reads: {0: 2206310400, 1: 354585600, 2: 678067200, 3: 678067200, 4: 678067200, 5: 678067200, 6: 377395200}
  per_layer_int_out_writes: {0: 2206310400, 1: 354585600, 2: 678067200, 3: 678067200, 4: 678067200, 5: 678067200, 6: 377395200}
  int_out_reads: 5,561,395,200
  out_reads: 0
  out_writes: 0
  out_reads_factors: 0
in_writes: 0, w_writes: 0, int_in_writes: 0, int_out_writes: 5561395200, out_writes: 0
Name of the level: AccumulationIntermediateOutputRegister, level active instances per layer: {0: 1680, 1: 1440, 2: 1440, 3: 1440, 4: 1440, 5: 1440, 6: 1680, 7: 1920}, level active instances: 33553069206876979200000000
Level AccumulationIntermediateOutputRegister, Layer 0: total_reads = 2206310400, total_writes = 2206310400
Level AccumulationIntermediateOutputRegister, Layer 1: total_reads = 354585600, total_writes = 354585600
Level AccumulationIntermediateOutputRegister, Layer 2: total_reads = 678067200, total_writes = 678067200
Level AccumulationIntermediateOutputRegister, Layer 3: total_reads = 678067200, total_writes = 678067200
Level AccumulationIntermediateOutputRegister, Layer 4: total_reads = 678067200, total_writes = 678067200
Level AccumulationIntermediateOutputRegister, Layer 5: total_reads = 678067200, total_writes = 678067200
Level AccumulationIntermediateOutputRegister, Layer 6: total_reads = 377395200, total_writes = 377395200
DEBUG: Level AccumulationIntermediateOutputRegister, Layer 7, per_layer_int_in_reads6: 0, per_layer_w_reads7: 0, out_reads: 0
Level AccumulationIntermediateOutputRegister, Layer 7: total_reads = 0, total_writes = 0
Check: Per Layer Total reads: {0: 2206310400, 1: 354585600, 2: 678067200, 3: 678067200, 4: 678067200, 5: 678067200, 6: 377395200, 7: 0}, total: 5650560000
Check: Per Layer Total writes: {0: 2206310400, 1: 354585600, 2: 678067200, 3: 678067200, 4: 678067200, 5: 678067200, 6: 377395200, 7: 0}, 
 total: 5650560000
Level AccumulationIntermediateOutputRegister total WMOPs from per layer sum: 18,807,742,008.708
Level AccumulationIntermediateOutputRegister total WMOPs from total reads/writes: 18,771,600,897.432
End first part of update for level: AccumulationIntermediateOutputRegister



Questo mops è chiamato da update stats
Level: AccumulationOutputRegister, arch bypasses for the level: ['in', 'w', 'int_in', 'int_out'], in_bp: 0, w_bp: 0, out_bp: 1, int_in_bp: 0, int_out_bp: 0
DEBUG updateStats pre scaling: Level AccumulationOutputRegister:
  in_reads: 0
  per_layer_w_reads: {0: 0, 1: 0, 2: 0, 3: 0, 4: 0, 5: 0, 6: 0, 7: 0}
  per_layer_int_in_reads: {0: 0, 1: 0, 2: 0, 3: 0, 4: 0, 5: 0, 6: 0}
  per_layer_int_out_reads: {0: 0, 1: 0, 2: 0, 3: 0, 4: 0, 5: 0, 6: 0}
  per_layer_int_out_writes: {0: 0, 1: 0, 2: 0, 3: 0, 4: 0, 5: 0, 6: 0}
  out_reads: 1
  out_writes: 1
  out_reads_factors: 1
scale_per_layer[0]: 2177280000, temporal_iterations_per_layer[0]: 1296000, spatial_iterations_per_layer[0]: 1680
DEBUG: results after scaling: Level AccumulationOutputRegister: in_reads=0, w_reads=0, int_in_reads=0, int_out_reads=0, int_out_writes=0, out_writes=4180377600, out_reads=4180377600, out_reads_factors=504
DEBUG: Level AccumulationOutputRegister adjusted out_reads for no bias read: 4172083200
DEBUG: Level AccumulationOutputRegister bypasses intermediate storage
DEBUG updateStats post scaling: Level AccumulationOutputRegister:
  in_reads: 0
  per_layer_w_reads: {0: 0, 1: 0, 2: 0, 3: 0, 4: 0, 5: 0, 6: 0, 7: 0}
  w_reads: 0
  per_layer_int_in_reads: {0: 0, 1: 0, 2: 0, 3: 0, 4: 0, 5: 0, 6: 0}
  per_layer_int_in_writes: {0: 0, 1: 0, 2: 0, 3: 0, 4: 0, 5: 0, 6: 0}
  int_in_reads: 0
  per_layer_int_out_reads: {0: 0, 1: 0, 2: 0, 3: 0, 4: 0, 5: 0, 6: 0}
  per_layer_int_out_writes: {0: 0, 1: 0, 2: 0, 3: 0, 4: 0, 5: 0, 6: 0}
  int_out_reads: 0
  out_reads: 4,180,377,600
  out_writes: 4,180,377,600
  out_reads_factors: 504
in_writes: 0, w_writes: 0, int_in_writes: 0, int_out_writes: 0, out_writes: 4180377600
Name of the level: AccumulationOutputRegister, level active instances per layer: {0: 1680, 1: 1440, 2: 1440, 3: 1440, 4: 1440, 5: 1440, 6: 1680, 7: 1920}, level active instances: 33553069206876979200000000
Level AccumulationOutputRegister, Layer 0: total_reads = 0, total_writes = 0
Level AccumulationOutputRegister, Layer 1: total_reads = 0, total_writes = 0
Level AccumulationOutputRegister, Layer 2: total_reads = 0, total_writes = 0
Level AccumulationOutputRegister, Layer 3: total_reads = 0, total_writes = 0
Level AccumulationOutputRegister, Layer 4: total_reads = 0, total_writes = 0
Level AccumulationOutputRegister, Layer 5: total_reads = 0, total_writes = 0
Level AccumulationOutputRegister, Layer 6: total_reads = 0, total_writes = 0
DEBUG: Level AccumulationOutputRegister, Layer 7, per_layer_int_in_reads6: 0, per_layer_w_reads7: 0, out_reads: 4180377600
Level AccumulationOutputRegister, Layer 7: total_reads = 4180377600, total_writes = 4180377600
Check: Per Layer Total reads: {0: 0, 1: 0, 2: 0, 3: 0, 4: 0, 5: 0, 6: 0, 7: 4180377600}, total: 4180377600
Check: Per Layer Total writes: {0: 0, 1: 0, 2: 0, 3: 0, 4: 0, 5: 0, 6: 0, 7: 4180377600}, 
 total: 4180377600
Level AccumulationOutputRegister total WMOPs from per layer sum: 20,502,171,783.878
Level AccumulationOutputRegister total WMOPs from total reads/writes: 20,466,030,672.602
End first part of update for level: AccumulationOutputRegister



Calculating WMOPs for Compute Level
Compute Level Compute WMOPs_per_layer: {0: 5067670895.6757145, 1: 809179282.8085518, 2: 1548918012.8489628, 3: 1548918012.8489628, 4: 1548918012.8489628, 5: 1548918012.8489628, 6: 851811685.5493333, 7: 9768363407.582376}
WMOPs_till_now before compute level: 20,502,171,783.878
Compute Level Compute total WMOPs from per layer sum: 22692697323.011826
Compute Level Compute total WMOPs: 5.060444066824496e+70
Total WMOPs after adding compute level: 43194869106.88963
END FIRST PART OF UPDATE STATS


First cc_per_tile, it is from compute = 1
First cc_per_tile_per_layer it is from compute = {0: 1, 1: 1, 2: 1, 3: 1, 4: 1, 5: 1, 6: 1, 7: 1}


Calculating Latency for Level: AccumulationOutputRegister

Latency for layer: 0 of Level: AccumulationOutputRegister
level.active_instances_per_layer[0]: 1680
level.temporal_iterations_per_layer[0]: 1296000
Scaling per layer[0]: 2,177,280,000
Single Tile latency: cc_per_tile_per_layer[0]: 1
Ideal Case, Latency at this level without stalls: cc_per_all_tiles_per_layer[0]: 1
SCALED cc_per_all_tiles_per_layer[0]: 2,177,280,000
level.getReadPerLayer[0](): 0
  (For comparison - full reads including accumulation: 0)
ideal_bandwidth_read_per_layer[0]: 0.0
level.getDrainPerLayer[0](): 0
ideal_bandwidth_drain_per_layer[0]: 0.0
ideal_bandwidth_update_per_layer[0]: 0.0
  (For comparison - full updates including accumulation: 0)
level.getFillPerLayer[0](): 0
ideal_bandwidth_fill_per_layer[0]: 0.0

Latency for layer: 1 of Level: AccumulationOutputRegister
level.active_instances_per_layer[1]: 1440
level.temporal_iterations_per_layer[1]: 241920
Scaling per layer[1]: 348,364,800
Single Tile latency: cc_per_tile_per_layer[1]: 1
Ideal Case, Latency at this level without stalls: cc_per_all_tiles_per_layer[1]: 1
SCALED cc_per_all_tiles_per_layer[1]: 348,364,800
level.getReadPerLayer[1](): 0
  (For comparison - full reads including accumulation: 0)
ideal_bandwidth_read_per_layer[1]: 0.0
level.getDrainPerLayer[1](): 0
ideal_bandwidth_drain_per_layer[1]: 0.0
ideal_bandwidth_update_per_layer[1]: 0.0
  (For comparison - full updates including accumulation: 0)
level.getFillPerLayer[1](): 0
ideal_bandwidth_fill_per_layer[1]: 0.0

Latency for layer: 2 of Level: AccumulationOutputRegister
level.active_instances_per_layer[2]: 1440
level.temporal_iterations_per_layer[2]: 466560
Scaling per layer[2]: 671,846,400
Single Tile latency: cc_per_tile_per_layer[2]: 1
Ideal Case, Latency at this level without stalls: cc_per_all_tiles_per_layer[2]: 1
SCALED cc_per_all_tiles_per_layer[2]: 671,846,400
level.getReadPerLayer[2](): 0
  (For comparison - full reads including accumulation: 0)
ideal_bandwidth_read_per_layer[2]: 0.0
level.getDrainPerLayer[2](): 0
ideal_bandwidth_drain_per_layer[2]: 0.0
ideal_bandwidth_update_per_layer[2]: 0.0
  (For comparison - full updates including accumulation: 0)
level.getFillPerLayer[2](): 0
ideal_bandwidth_fill_per_layer[2]: 0.0

Latency for layer: 3 of Level: AccumulationOutputRegister
level.active_instances_per_layer[3]: 1440
level.temporal_iterations_per_layer[3]: 466560
Scaling per layer[3]: 671,846,400
Single Tile latency: cc_per_tile_per_layer[3]: 1
Ideal Case, Latency at this level without stalls: cc_per_all_tiles_per_layer[3]: 1
SCALED cc_per_all_tiles_per_layer[3]: 671,846,400
level.getReadPerLayer[3](): 0
  (For comparison - full reads including accumulation: 0)
ideal_bandwidth_read_per_layer[3]: 0.0
level.getDrainPerLayer[3](): 0
ideal_bandwidth_drain_per_layer[3]: 0.0
ideal_bandwidth_update_per_layer[3]: 0.0
  (For comparison - full updates including accumulation: 0)
level.getFillPerLayer[3](): 0
ideal_bandwidth_fill_per_layer[3]: 0.0

Latency for layer: 4 of Level: AccumulationOutputRegister
level.active_instances_per_layer[4]: 1440
level.temporal_iterations_per_layer[4]: 466560
Scaling per layer[4]: 671,846,400
Single Tile latency: cc_per_tile_per_layer[4]: 1
Ideal Case, Latency at this level without stalls: cc_per_all_tiles_per_layer[4]: 1
SCALED cc_per_all_tiles_per_layer[4]: 671,846,400
level.getReadPerLayer[4](): 0
  (For comparison - full reads including accumulation: 0)
ideal_bandwidth_read_per_layer[4]: 0.0
level.getDrainPerLayer[4](): 0
ideal_bandwidth_drain_per_layer[4]: 0.0
ideal_bandwidth_update_per_layer[4]: 0.0
  (For comparison - full updates including accumulation: 0)
level.getFillPerLayer[4](): 0
ideal_bandwidth_fill_per_layer[4]: 0.0

Latency for layer: 5 of Level: AccumulationOutputRegister
level.active_instances_per_layer[5]: 1440
level.temporal_iterations_per_layer[5]: 466560
Scaling per layer[5]: 671,846,400
Single Tile latency: cc_per_tile_per_layer[5]: 1
Ideal Case, Latency at this level without stalls: cc_per_all_tiles_per_layer[5]: 1
SCALED cc_per_all_tiles_per_layer[5]: 671,846,400
level.getReadPerLayer[5](): 0
  (For comparison - full reads including accumulation: 0)
ideal_bandwidth_read_per_layer[5]: 0.0
level.getDrainPerLayer[5](): 0
ideal_bandwidth_drain_per_layer[5]: 0.0
ideal_bandwidth_update_per_layer[5]: 0.0
  (For comparison - full updates including accumulation: 0)
level.getFillPerLayer[5](): 0
ideal_bandwidth_fill_per_layer[5]: 0.0

Latency for layer: 6 of Level: AccumulationOutputRegister
level.active_instances_per_layer[6]: 1680
level.temporal_iterations_per_layer[6]: 207360
Scaling per layer[6]: 348,364,800
Single Tile latency: cc_per_tile_per_layer[6]: 1
Ideal Case, Latency at this level without stalls: cc_per_all_tiles_per_layer[6]: 1
SCALED cc_per_all_tiles_per_layer[6]: 348,364,800
level.getReadPerLayer[6](): 0
  (For comparison - full reads including accumulation: 0)
ideal_bandwidth_read_per_layer[6]: 0.0
level.getDrainPerLayer[6](): 0
ideal_bandwidth_drain_per_layer[6]: 0.0
ideal_bandwidth_update_per_layer[6]: 0.0
  (For comparison - full updates including accumulation: 0)
level.getFillPerLayer[6](): 0
ideal_bandwidth_fill_per_layer[6]: 0.0

Latency for layer: 7 of Level: AccumulationOutputRegister
level.active_instances_per_layer[7]: 1920
level.temporal_iterations_per_layer[7]: 2177280
Scaling per layer[7]: 4,180,377,600
Single Tile latency: cc_per_tile_per_layer[7]: 1
Ideal Case, Latency at this level without stalls: cc_per_all_tiles_per_layer[7]: 1
SCALED cc_per_all_tiles_per_layer[7]: 4,180,377,600
level.getReadPerLayer[7](): 4,172,083,200
  (For comparison - full reads including accumulation: 4,172,083,200)
ideal_bandwidth_read_per_layer[7]: 0.998015873015873
level.getDrainPerLayer[7](): 8,294,400
ideal_bandwidth_drain_per_layer[7]: 0.001984126984126984
ideal_bandwidth_update_per_layer[7]: 1.0
  (For comparison - full updates including accumulation: 4,180,377,600)
level.getFillPerLayer[7](): 0
ideal_bandwidth_fill_per_layer[7]: 0.0

Start of calculation of latency:


Layer_id: 0 in AccumulationOutputRegister

ideal_bandwidth_read_per_layer[0] + ideal_bandwidth_drain_per_layer[0]: 0.0 vs level.read_bandwidth: 1
I am in Compute Bound
cc_per_all_tiles_per_layer[0]: 1
STANDARD CASE latency_read_drain_per_layer[0]: 1

ideal_bandwidth_fill_per_layer[0] + ideal_bandwidth_update_per_layer[0]: 0.0 vs level.write_bandwidth: 1
previous_fanout_pe_to_pe_warmup: 0
STANDARD CASE latency_fill_update_per_layer[0]: 1


Layer_id: 1 in AccumulationOutputRegister

ideal_bandwidth_read_per_layer[1] + ideal_bandwidth_drain_per_layer[1]: 0.0 vs level.read_bandwidth: 1
I am in Compute Bound
cc_per_all_tiles_per_layer[1]: 1
STANDARD CASE latency_read_drain_per_layer[1]: 1

ideal_bandwidth_fill_per_layer[1] + ideal_bandwidth_update_per_layer[1]: 0.0 vs level.write_bandwidth: 1
previous_fanout_pe_to_pe_warmup: 0
STANDARD CASE latency_fill_update_per_layer[1]: 1


Layer_id: 2 in AccumulationOutputRegister

ideal_bandwidth_read_per_layer[2] + ideal_bandwidth_drain_per_layer[2]: 0.0 vs level.read_bandwidth: 1
I am in Compute Bound
cc_per_all_tiles_per_layer[2]: 1
STANDARD CASE latency_read_drain_per_layer[2]: 1

ideal_bandwidth_fill_per_layer[2] + ideal_bandwidth_update_per_layer[2]: 0.0 vs level.write_bandwidth: 1
previous_fanout_pe_to_pe_warmup: 0
STANDARD CASE latency_fill_update_per_layer[2]: 1


Layer_id: 3 in AccumulationOutputRegister

ideal_bandwidth_read_per_layer[3] + ideal_bandwidth_drain_per_layer[3]: 0.0 vs level.read_bandwidth: 1
I am in Compute Bound
cc_per_all_tiles_per_layer[3]: 1
STANDARD CASE latency_read_drain_per_layer[3]: 1

ideal_bandwidth_fill_per_layer[3] + ideal_bandwidth_update_per_layer[3]: 0.0 vs level.write_bandwidth: 1
previous_fanout_pe_to_pe_warmup: 0
STANDARD CASE latency_fill_update_per_layer[3]: 1


Layer_id: 4 in AccumulationOutputRegister

ideal_bandwidth_read_per_layer[4] + ideal_bandwidth_drain_per_layer[4]: 0.0 vs level.read_bandwidth: 1
I am in Compute Bound
cc_per_all_tiles_per_layer[4]: 1
STANDARD CASE latency_read_drain_per_layer[4]: 1

ideal_bandwidth_fill_per_layer[4] + ideal_bandwidth_update_per_layer[4]: 0.0 vs level.write_bandwidth: 1
previous_fanout_pe_to_pe_warmup: 0
STANDARD CASE latency_fill_update_per_layer[4]: 1


Layer_id: 5 in AccumulationOutputRegister

ideal_bandwidth_read_per_layer[5] + ideal_bandwidth_drain_per_layer[5]: 0.0 vs level.read_bandwidth: 1
I am in Compute Bound
cc_per_all_tiles_per_layer[5]: 1
STANDARD CASE latency_read_drain_per_layer[5]: 1

ideal_bandwidth_fill_per_layer[5] + ideal_bandwidth_update_per_layer[5]: 0.0 vs level.write_bandwidth: 1
previous_fanout_pe_to_pe_warmup: 0
STANDARD CASE latency_fill_update_per_layer[5]: 1


Layer_id: 6 in AccumulationOutputRegister

ideal_bandwidth_read_per_layer[6] + ideal_bandwidth_drain_per_layer[6]: 0.0 vs level.read_bandwidth: 1
I am in Compute Bound
cc_per_all_tiles_per_layer[6]: 1
STANDARD CASE latency_read_drain_per_layer[6]: 1

ideal_bandwidth_fill_per_layer[6] + ideal_bandwidth_update_per_layer[6]: 0.0 vs level.write_bandwidth: 1
previous_fanout_pe_to_pe_warmup: 0
STANDARD CASE latency_fill_update_per_layer[6]: 1


Layer_id: 7 in AccumulationOutputRegister

ideal_bandwidth_read_per_layer[7] + ideal_bandwidth_drain_per_layer[7]: 1.0 vs level.read_bandwidth: 1
I am in Compute Bound
cc_per_all_tiles_per_layer[7]: 1
STANDARD CASE latency_read_drain_per_layer[7]: 1

ideal_bandwidth_fill_per_layer[7] + ideal_bandwidth_update_per_layer[7]: 1.0 vs level.write_bandwidth: 1
previous_fanout_pe_to_pe_warmup: 0
STANDARD CASE latency_fill_update_per_layer[7]: 1

End of calculation of latency.

Calculating per tile final latency and stall for layer 0 in AccumulationOutputRegister: latency_read_drain_per_layer[0] = 1, latency_fill_update_per_layer[0] = 1
Final per tile latency_per_layer[0]: 1
Final per tile stall_cycles_per_layer[0]: 0
Ideal case: no stall introduced by this level per this layer: cc_per_all_tiles_per_layer[0]: 1
Calculating per tile final latency and stall for layer 1 in AccumulationOutputRegister: latency_read_drain_per_layer[1] = 1, latency_fill_update_per_layer[1] = 1
Final per tile latency_per_layer[1]: 1
Final per tile stall_cycles_per_layer[1]: 0
Ideal case: no stall introduced by this level per this layer: cc_per_all_tiles_per_layer[1]: 1
Calculating per tile final latency and stall for layer 2 in AccumulationOutputRegister: latency_read_drain_per_layer[2] = 1, latency_fill_update_per_layer[2] = 1
Final per tile latency_per_layer[2]: 1
Final per tile stall_cycles_per_layer[2]: 0
Ideal case: no stall introduced by this level per this layer: cc_per_all_tiles_per_layer[2]: 1
Calculating per tile final latency and stall for layer 3 in AccumulationOutputRegister: latency_read_drain_per_layer[3] = 1, latency_fill_update_per_layer[3] = 1
Final per tile latency_per_layer[3]: 1
Final per tile stall_cycles_per_layer[3]: 0
Ideal case: no stall introduced by this level per this layer: cc_per_all_tiles_per_layer[3]: 1
Calculating per tile final latency and stall for layer 4 in AccumulationOutputRegister: latency_read_drain_per_layer[4] = 1, latency_fill_update_per_layer[4] = 1
Final per tile latency_per_layer[4]: 1
Final per tile stall_cycles_per_layer[4]: 0
Ideal case: no stall introduced by this level per this layer: cc_per_all_tiles_per_layer[4]: 1
Calculating per tile final latency and stall for layer 5 in AccumulationOutputRegister: latency_read_drain_per_layer[5] = 1, latency_fill_update_per_layer[5] = 1
Final per tile latency_per_layer[5]: 1
Final per tile stall_cycles_per_layer[5]: 0
Ideal case: no stall introduced by this level per this layer: cc_per_all_tiles_per_layer[5]: 1
Calculating per tile final latency and stall for layer 6 in AccumulationOutputRegister: latency_read_drain_per_layer[6] = 1, latency_fill_update_per_layer[6] = 1
Final per tile latency_per_layer[6]: 1
Final per tile stall_cycles_per_layer[6]: 0
Ideal case: no stall introduced by this level per this layer: cc_per_all_tiles_per_layer[6]: 1
Calculating per tile final latency and stall for layer 7 in AccumulationOutputRegister: latency_read_drain_per_layer[7] = 1, latency_fill_update_per_layer[7] = 1
Final per tile latency_per_layer[7]: 1
Final per tile stall_cycles_per_layer[7]: 0
Ideal case: no stall introduced by this level per this layer: cc_per_all_tiles_per_layer[7]: 1


Calculating Latency for Level: AccumulationIntermediateOutputRegister

Latency for layer: 0 of Level: AccumulationIntermediateOutputRegister
level.active_instances_per_layer[0]: 1680
level.temporal_iterations_per_layer[0]: 1296000
Scaling per layer[0]: 2,177,280,000
Single Tile latency: cc_per_tile_per_layer[0]: 1
Ideal Case, Latency at this level without stalls: cc_per_all_tiles_per_layer[0]: 1
SCALED cc_per_all_tiles_per_layer[0]: 2,177,280,000
level.getReadPerLayer[0](): 2,206,310,400
  (For comparison - full reads including accumulation: 2,206,310,400)
ideal_bandwidth_read_per_layer[0]: 1.0133333333333334
level.getDrainPerLayer[0](): 29,030,400
ideal_bandwidth_drain_per_layer[0]: 0.013333333333333334
ideal_bandwidth_update_per_layer[0]: 1.0
  (For comparison - full updates including accumulation: 2,177,280,000)
level.getFillPerLayer[0](): 29,030,400
ideal_bandwidth_fill_per_layer[0]: 0.013333333333333334

Latency for layer: 1 of Level: AccumulationIntermediateOutputRegister
level.active_instances_per_layer[1]: 1440
level.temporal_iterations_per_layer[1]: 241920
Scaling per layer[1]: 348,364,800
Single Tile latency: cc_per_tile_per_layer[1]: 1
Ideal Case, Latency at this level without stalls: cc_per_all_tiles_per_layer[1]: 1
SCALED cc_per_all_tiles_per_layer[1]: 348,364,800
level.getReadPerLayer[1](): 348,364,800
  (For comparison - full reads including accumulation: 348,364,800)
ideal_bandwidth_read_per_layer[1]: 1.0
level.getDrainPerLayer[1](): 6,220,800
ideal_bandwidth_drain_per_layer[1]: 0.017857142857142856
ideal_bandwidth_update_per_layer[1]: 1.0
  (For comparison - full updates including accumulation: 348,364,800)
level.getFillPerLayer[1](): 6,220,800
ideal_bandwidth_fill_per_layer[1]: 0.017857142857142856

Latency for layer: 2 of Level: AccumulationIntermediateOutputRegister
level.active_instances_per_layer[2]: 1440
level.temporal_iterations_per_layer[2]: 466560
Scaling per layer[2]: 671,846,400
Single Tile latency: cc_per_tile_per_layer[2]: 1
Ideal Case, Latency at this level without stalls: cc_per_all_tiles_per_layer[2]: 1
SCALED cc_per_all_tiles_per_layer[2]: 671,846,400
level.getReadPerLayer[2](): 671,846,400
  (For comparison - full reads including accumulation: 671,846,400)
ideal_bandwidth_read_per_layer[2]: 1.0
level.getDrainPerLayer[2](): 6,220,800
ideal_bandwidth_drain_per_layer[2]: 0.009259259259259259
ideal_bandwidth_update_per_layer[2]: 1.0
  (For comparison - full updates including accumulation: 671,846,400)
level.getFillPerLayer[2](): 6,220,800
ideal_bandwidth_fill_per_layer[2]: 0.009259259259259259

Latency for layer: 3 of Level: AccumulationIntermediateOutputRegister
level.active_instances_per_layer[3]: 1440
level.temporal_iterations_per_layer[3]: 466560
Scaling per layer[3]: 671,846,400
Single Tile latency: cc_per_tile_per_layer[3]: 1
Ideal Case, Latency at this level without stalls: cc_per_all_tiles_per_layer[3]: 1
SCALED cc_per_all_tiles_per_layer[3]: 671,846,400
level.getReadPerLayer[3](): 671,846,400
  (For comparison - full reads including accumulation: 671,846,400)
ideal_bandwidth_read_per_layer[3]: 1.0
level.getDrainPerLayer[3](): 6,220,800
ideal_bandwidth_drain_per_layer[3]: 0.009259259259259259
ideal_bandwidth_update_per_layer[3]: 1.0
  (For comparison - full updates including accumulation: 671,846,400)
level.getFillPerLayer[3](): 6,220,800
ideal_bandwidth_fill_per_layer[3]: 0.009259259259259259

Latency for layer: 4 of Level: AccumulationIntermediateOutputRegister
level.active_instances_per_layer[4]: 1440
level.temporal_iterations_per_layer[4]: 466560
Scaling per layer[4]: 671,846,400
Single Tile latency: cc_per_tile_per_layer[4]: 1
Ideal Case, Latency at this level without stalls: cc_per_all_tiles_per_layer[4]: 1
SCALED cc_per_all_tiles_per_layer[4]: 671,846,400
level.getReadPerLayer[4](): 671,846,400
  (For comparison - full reads including accumulation: 671,846,400)
ideal_bandwidth_read_per_layer[4]: 1.0
level.getDrainPerLayer[4](): 6,220,800
ideal_bandwidth_drain_per_layer[4]: 0.009259259259259259
ideal_bandwidth_update_per_layer[4]: 1.0
  (For comparison - full updates including accumulation: 671,846,400)
level.getFillPerLayer[4](): 6,220,800
ideal_bandwidth_fill_per_layer[4]: 0.009259259259259259

Latency for layer: 5 of Level: AccumulationIntermediateOutputRegister
level.active_instances_per_layer[5]: 1440
level.temporal_iterations_per_layer[5]: 466560
Scaling per layer[5]: 671,846,400
Single Tile latency: cc_per_tile_per_layer[5]: 1
Ideal Case, Latency at this level without stalls: cc_per_all_tiles_per_layer[5]: 1
SCALED cc_per_all_tiles_per_layer[5]: 671,846,400
level.getReadPerLayer[5](): 671,846,400
  (For comparison - full reads including accumulation: 671,846,400)
ideal_bandwidth_read_per_layer[5]: 1.0
level.getDrainPerLayer[5](): 6,220,800
ideal_bandwidth_drain_per_layer[5]: 0.009259259259259259
ideal_bandwidth_update_per_layer[5]: 1.0
  (For comparison - full updates including accumulation: 671,846,400)
level.getFillPerLayer[5](): 6,220,800
ideal_bandwidth_fill_per_layer[5]: 0.009259259259259259

Latency for layer: 6 of Level: AccumulationIntermediateOutputRegister
level.active_instances_per_layer[6]: 1680
level.temporal_iterations_per_layer[6]: 207360
Scaling per layer[6]: 348,364,800
Single Tile latency: cc_per_tile_per_layer[6]: 1
Ideal Case, Latency at this level without stalls: cc_per_all_tiles_per_layer[6]: 1
SCALED cc_per_all_tiles_per_layer[6]: 348,364,800
level.getReadPerLayer[6](): 348,364,800
  (For comparison - full reads including accumulation: 348,364,800)
ideal_bandwidth_read_per_layer[6]: 1.0
level.getDrainPerLayer[6](): 29,030,400
ideal_bandwidth_drain_per_layer[6]: 0.08333333333333333
ideal_bandwidth_update_per_layer[6]: 1.0
  (For comparison - full updates including accumulation: 348,364,800)
level.getFillPerLayer[6](): 29,030,400
ideal_bandwidth_fill_per_layer[6]: 0.08333333333333333

Latency for layer: 7 of Level: AccumulationIntermediateOutputRegister
level.active_instances_per_layer[7]: 1920
level.temporal_iterations_per_layer[7]: 2177280
Scaling per layer[7]: 4,180,377,600
Single Tile latency: cc_per_tile_per_layer[7]: 1
Ideal Case, Latency at this level without stalls: cc_per_all_tiles_per_layer[7]: 1
SCALED cc_per_all_tiles_per_layer[7]: 4,180,377,600
level.getReadPerLayer[7](): 0
  (For comparison - full reads including accumulation: 0)
ideal_bandwidth_read_per_layer[7]: 0.0
level.getDrainPerLayer[7](): 0
ideal_bandwidth_drain_per_layer[7]: 0.0
ideal_bandwidth_update_per_layer[7]: 0.0
  (For comparison - full updates including accumulation: 0)
level.getFillPerLayer[7](): 0
ideal_bandwidth_fill_per_layer[7]: 0.0

Start of calculation of latency:


Layer_id: 0 in AccumulationIntermediateOutputRegister

ideal_bandwidth_read_per_layer[0] + ideal_bandwidth_drain_per_layer[0]: 1.0266666666666668 vs level.read_bandwidth: 1
I am in Slowdown: Memory Bound
ideal_bandwidth_read_per_layer[0]: 1.0133333333333334
ideal_bandwidth_drain_per_layer[0]: 0.013333333333333334
level.read_bandwidth: 1
total data (for bandwidth): 2235340800
scaling_per_layer[0]: 2177280000
SLOWDOWN CASE latency_read_drain_per_layer[0]: 1.0266666666666666

ideal_bandwidth_fill_per_layer[0] + ideal_bandwidth_update_per_layer[0]: 1.0133333333333334 vs level.write_bandwidth: 1
ideal_bandwidth_fill_per_layer[0]: 0.013333333333333334
ideal_bandwidth_update_per_layer[0]: 1.0
level.write_bandwidth: 1
total data (for bandwidth): 2206310400
scaling_per_layer[0]: 2177280000
SLOWDOWN CASE latency_fill_update_per_layer[0]: 1.0133333333333334


Layer_id: 1 in AccumulationIntermediateOutputRegister

ideal_bandwidth_read_per_layer[1] + ideal_bandwidth_drain_per_layer[1]: 1.0178571428571428 vs level.read_bandwidth: 1
I am in Slowdown: Memory Bound
ideal_bandwidth_read_per_layer[1]: 1.0
ideal_bandwidth_drain_per_layer[1]: 0.017857142857142856
level.read_bandwidth: 1
total data (for bandwidth): 354585600
scaling_per_layer[1]: 348364800
SLOWDOWN CASE latency_read_drain_per_layer[1]: 1.0178571428571428

ideal_bandwidth_fill_per_layer[1] + ideal_bandwidth_update_per_layer[1]: 1.0178571428571428 vs level.write_bandwidth: 1
ideal_bandwidth_fill_per_layer[1]: 0.017857142857142856
ideal_bandwidth_update_per_layer[1]: 1.0
level.write_bandwidth: 1
total data (for bandwidth): 354585600
scaling_per_layer[1]: 348364800
SLOWDOWN CASE latency_fill_update_per_layer[1]: 1.0178571428571428


Layer_id: 2 in AccumulationIntermediateOutputRegister

ideal_bandwidth_read_per_layer[2] + ideal_bandwidth_drain_per_layer[2]: 1.0092592592592593 vs level.read_bandwidth: 1
I am in Slowdown: Memory Bound
ideal_bandwidth_read_per_layer[2]: 1.0
ideal_bandwidth_drain_per_layer[2]: 0.009259259259259259
level.read_bandwidth: 1
total data (for bandwidth): 678067200
scaling_per_layer[2]: 671846400
SLOWDOWN CASE latency_read_drain_per_layer[2]: 1.0092592592592593

ideal_bandwidth_fill_per_layer[2] + ideal_bandwidth_update_per_layer[2]: 1.0092592592592593 vs level.write_bandwidth: 1
ideal_bandwidth_fill_per_layer[2]: 0.009259259259259259
ideal_bandwidth_update_per_layer[2]: 1.0
level.write_bandwidth: 1
total data (for bandwidth): 678067200
scaling_per_layer[2]: 671846400
SLOWDOWN CASE latency_fill_update_per_layer[2]: 1.0092592592592593


Layer_id: 3 in AccumulationIntermediateOutputRegister

ideal_bandwidth_read_per_layer[3] + ideal_bandwidth_drain_per_layer[3]: 1.0092592592592593 vs level.read_bandwidth: 1
I am in Slowdown: Memory Bound
ideal_bandwidth_read_per_layer[3]: 1.0
ideal_bandwidth_drain_per_layer[3]: 0.009259259259259259
level.read_bandwidth: 1
total data (for bandwidth): 678067200
scaling_per_layer[3]: 671846400
SLOWDOWN CASE latency_read_drain_per_layer[3]: 1.0092592592592593

ideal_bandwidth_fill_per_layer[3] + ideal_bandwidth_update_per_layer[3]: 1.0092592592592593 vs level.write_bandwidth: 1
ideal_bandwidth_fill_per_layer[3]: 0.009259259259259259
ideal_bandwidth_update_per_layer[3]: 1.0
level.write_bandwidth: 1
total data (for bandwidth): 678067200
scaling_per_layer[3]: 671846400
SLOWDOWN CASE latency_fill_update_per_layer[3]: 1.0092592592592593


Layer_id: 4 in AccumulationIntermediateOutputRegister

ideal_bandwidth_read_per_layer[4] + ideal_bandwidth_drain_per_layer[4]: 1.0092592592592593 vs level.read_bandwidth: 1
I am in Slowdown: Memory Bound
ideal_bandwidth_read_per_layer[4]: 1.0
ideal_bandwidth_drain_per_layer[4]: 0.009259259259259259
level.read_bandwidth: 1
total data (for bandwidth): 678067200
scaling_per_layer[4]: 671846400
SLOWDOWN CASE latency_read_drain_per_layer[4]: 1.0092592592592593

ideal_bandwidth_fill_per_layer[4] + ideal_bandwidth_update_per_layer[4]: 1.0092592592592593 vs level.write_bandwidth: 1
ideal_bandwidth_fill_per_layer[4]: 0.009259259259259259
ideal_bandwidth_update_per_layer[4]: 1.0
level.write_bandwidth: 1
total data (for bandwidth): 678067200
scaling_per_layer[4]: 671846400
SLOWDOWN CASE latency_fill_update_per_layer[4]: 1.0092592592592593


Layer_id: 5 in AccumulationIntermediateOutputRegister

ideal_bandwidth_read_per_layer[5] + ideal_bandwidth_drain_per_layer[5]: 1.0092592592592593 vs level.read_bandwidth: 1
I am in Slowdown: Memory Bound
ideal_bandwidth_read_per_layer[5]: 1.0
ideal_bandwidth_drain_per_layer[5]: 0.009259259259259259
level.read_bandwidth: 1
total data (for bandwidth): 678067200
scaling_per_layer[5]: 671846400
SLOWDOWN CASE latency_read_drain_per_layer[5]: 1.0092592592592593

ideal_bandwidth_fill_per_layer[5] + ideal_bandwidth_update_per_layer[5]: 1.0092592592592593 vs level.write_bandwidth: 1
ideal_bandwidth_fill_per_layer[5]: 0.009259259259259259
ideal_bandwidth_update_per_layer[5]: 1.0
level.write_bandwidth: 1
total data (for bandwidth): 678067200
scaling_per_layer[5]: 671846400
SLOWDOWN CASE latency_fill_update_per_layer[5]: 1.0092592592592593


Layer_id: 6 in AccumulationIntermediateOutputRegister

ideal_bandwidth_read_per_layer[6] + ideal_bandwidth_drain_per_layer[6]: 1.0833333333333333 vs level.read_bandwidth: 1
I am in Slowdown: Memory Bound
ideal_bandwidth_read_per_layer[6]: 1.0
ideal_bandwidth_drain_per_layer[6]: 0.08333333333333333
level.read_bandwidth: 1
total data (for bandwidth): 377395200
scaling_per_layer[6]: 348364800
SLOWDOWN CASE latency_read_drain_per_layer[6]: 1.0833333333333333

ideal_bandwidth_fill_per_layer[6] + ideal_bandwidth_update_per_layer[6]: 1.0833333333333333 vs level.write_bandwidth: 1
ideal_bandwidth_fill_per_layer[6]: 0.08333333333333333
ideal_bandwidth_update_per_layer[6]: 1.0
level.write_bandwidth: 1
total data (for bandwidth): 377395200
scaling_per_layer[6]: 348364800
SLOWDOWN CASE latency_fill_update_per_layer[6]: 1.0833333333333333


Layer_id: 7 in AccumulationIntermediateOutputRegister

ideal_bandwidth_read_per_layer[7] + ideal_bandwidth_drain_per_layer[7]: 0.0 vs level.read_bandwidth: 1
I am in Compute Bound
cc_per_all_tiles_per_layer[7]: 1
STANDARD CASE latency_read_drain_per_layer[7]: 1

ideal_bandwidth_fill_per_layer[7] + ideal_bandwidth_update_per_layer[7]: 0.0 vs level.write_bandwidth: 1
previous_fanout_pe_to_pe_warmup: 0
STANDARD CASE latency_fill_update_per_layer[7]: 1

End of calculation of latency.

Calculating per tile final latency and stall for layer 0 in AccumulationIntermediateOutputRegister: latency_read_drain_per_layer[0] = 1.0266666666666666, latency_fill_update_per_layer[0] = 1.0133333333333334
Final per tile latency_per_layer[0]: 1
Final per tile stall_cycles_per_layer[0]: 0
Ideal case: no stall introduced by this level per this layer: cc_per_all_tiles_per_layer[0]: 1
Calculating per tile final latency and stall for layer 1 in AccumulationIntermediateOutputRegister: latency_read_drain_per_layer[1] = 1.0178571428571428, latency_fill_update_per_layer[1] = 1.0178571428571428
Final per tile latency_per_layer[1]: 1
Final per tile stall_cycles_per_layer[1]: 0
Ideal case: no stall introduced by this level per this layer: cc_per_all_tiles_per_layer[1]: 1
Calculating per tile final latency and stall for layer 2 in AccumulationIntermediateOutputRegister: latency_read_drain_per_layer[2] = 1.0092592592592593, latency_fill_update_per_layer[2] = 1.0092592592592593
Final per tile latency_per_layer[2]: 1
Final per tile stall_cycles_per_layer[2]: 0
Ideal case: no stall introduced by this level per this layer: cc_per_all_tiles_per_layer[2]: 1
Calculating per tile final latency and stall for layer 3 in AccumulationIntermediateOutputRegister: latency_read_drain_per_layer[3] = 1.0092592592592593, latency_fill_update_per_layer[3] = 1.0092592592592593
Final per tile latency_per_layer[3]: 1
Final per tile stall_cycles_per_layer[3]: 0
Ideal case: no stall introduced by this level per this layer: cc_per_all_tiles_per_layer[3]: 1
Calculating per tile final latency and stall for layer 4 in AccumulationIntermediateOutputRegister: latency_read_drain_per_layer[4] = 1.0092592592592593, latency_fill_update_per_layer[4] = 1.0092592592592593
Final per tile latency_per_layer[4]: 1
Final per tile stall_cycles_per_layer[4]: 0
Ideal case: no stall introduced by this level per this layer: cc_per_all_tiles_per_layer[4]: 1
Calculating per tile final latency and stall for layer 5 in AccumulationIntermediateOutputRegister: latency_read_drain_per_layer[5] = 1.0092592592592593, latency_fill_update_per_layer[5] = 1.0092592592592593
Final per tile latency_per_layer[5]: 1
Final per tile stall_cycles_per_layer[5]: 0
Ideal case: no stall introduced by this level per this layer: cc_per_all_tiles_per_layer[5]: 1
Calculating per tile final latency and stall for layer 6 in AccumulationIntermediateOutputRegister: latency_read_drain_per_layer[6] = 1.0833333333333333, latency_fill_update_per_layer[6] = 1.0833333333333333
Final per tile latency_per_layer[6]: 1
Final per tile stall_cycles_per_layer[6]: 0
Ideal case: no stall introduced by this level per this layer: cc_per_all_tiles_per_layer[6]: 1
Calculating per tile final latency and stall for layer 7 in AccumulationIntermediateOutputRegister: latency_read_drain_per_layer[7] = 1, latency_fill_update_per_layer[7] = 1
Final per tile latency_per_layer[7]: 1
Final per tile stall_cycles_per_layer[7]: 0
Ideal case: no stall introduced by this level per this layer: cc_per_all_tiles_per_layer[7]: 1


Calculating Latency for Level: WeightRegister

Latency for layer: 0 of Level: WeightRegister
level.active_instances_per_layer[0]: 1680
level.temporal_iterations_per_layer[0]: 1296000
Scaling per layer[0]: 2,177,280,000
Single Tile latency: cc_per_tile_per_layer[0]: 1.0266666666666666
Ideal Case, Latency at this level without stalls: cc_per_all_tiles_per_layer[0]: 1.0266666666666666
SCALED cc_per_all_tiles_per_layer[0]: 2,235,340,800
level.getReadPerLayer[0](): 2,177,280,000
  (For comparison - full reads including accumulation: 2,177,280,000)
ideal_bandwidth_read_per_layer[0]: 0.974025974025974
level.getDrainPerLayer[0](): 0
ideal_bandwidth_drain_per_layer[0]: 0.0
ideal_bandwidth_update_per_layer[0]: 0.0
  (For comparison - full updates including accumulation: 0)
level.getFillPerLayer[0](): 2,177,280,000
ideal_bandwidth_fill_per_layer[0]: 0.974025974025974

Latency for layer: 1 of Level: WeightRegister
level.active_instances_per_layer[1]: 1440
level.temporal_iterations_per_layer[1]: 241920
Scaling per layer[1]: 348,364,800
Single Tile latency: cc_per_tile_per_layer[1]: 1.0178571428571428
Ideal Case, Latency at this level without stalls: cc_per_all_tiles_per_layer[1]: 1.0178571428571428
SCALED cc_per_all_tiles_per_layer[1]: 354,585,600
level.getReadPerLayer[1](): 348,364,800
  (For comparison - full reads including accumulation: 348,364,800)
ideal_bandwidth_read_per_layer[1]: 0.9824561403508771
level.getDrainPerLayer[1](): 0
ideal_bandwidth_drain_per_layer[1]: 0.0
ideal_bandwidth_update_per_layer[1]: 0.0
  (For comparison - full updates including accumulation: 0)
level.getFillPerLayer[1](): 348,364,800
ideal_bandwidth_fill_per_layer[1]: 0.9824561403508771

Latency for layer: 2 of Level: WeightRegister
level.active_instances_per_layer[2]: 1440
level.temporal_iterations_per_layer[2]: 466560
Scaling per layer[2]: 671,846,400
Single Tile latency: cc_per_tile_per_layer[2]: 1.0092592592592593
Ideal Case, Latency at this level without stalls: cc_per_all_tiles_per_layer[2]: 1.0092592592592593
SCALED cc_per_all_tiles_per_layer[2]: 678,067,200
level.getReadPerLayer[2](): 671,846,400
  (For comparison - full reads including accumulation: 671,846,400)
ideal_bandwidth_read_per_layer[2]: 0.9908256880733946
level.getDrainPerLayer[2](): 0
ideal_bandwidth_drain_per_layer[2]: 0.0
ideal_bandwidth_update_per_layer[2]: 0.0
  (For comparison - full updates including accumulation: 0)
level.getFillPerLayer[2](): 671,846,400
ideal_bandwidth_fill_per_layer[2]: 0.9908256880733946

Latency for layer: 3 of Level: WeightRegister
level.active_instances_per_layer[3]: 1440
level.temporal_iterations_per_layer[3]: 466560
Scaling per layer[3]: 671,846,400
Single Tile latency: cc_per_tile_per_layer[3]: 1.0092592592592593
Ideal Case, Latency at this level without stalls: cc_per_all_tiles_per_layer[3]: 1.0092592592592593
SCALED cc_per_all_tiles_per_layer[3]: 678,067,200
level.getReadPerLayer[3](): 671,846,400
  (For comparison - full reads including accumulation: 671,846,400)
ideal_bandwidth_read_per_layer[3]: 0.9908256880733946
level.getDrainPerLayer[3](): 0
ideal_bandwidth_drain_per_layer[3]: 0.0
ideal_bandwidth_update_per_layer[3]: 0.0
  (For comparison - full updates including accumulation: 0)
level.getFillPerLayer[3](): 671,846,400
ideal_bandwidth_fill_per_layer[3]: 0.9908256880733946

Latency for layer: 4 of Level: WeightRegister
level.active_instances_per_layer[4]: 1440
level.temporal_iterations_per_layer[4]: 466560
Scaling per layer[4]: 671,846,400
Single Tile latency: cc_per_tile_per_layer[4]: 1.0092592592592593
Ideal Case, Latency at this level without stalls: cc_per_all_tiles_per_layer[4]: 1.0092592592592593
SCALED cc_per_all_tiles_per_layer[4]: 678,067,200
level.getReadPerLayer[4](): 671,846,400
  (For comparison - full reads including accumulation: 671,846,400)
ideal_bandwidth_read_per_layer[4]: 0.9908256880733946
level.getDrainPerLayer[4](): 0
ideal_bandwidth_drain_per_layer[4]: 0.0
ideal_bandwidth_update_per_layer[4]: 0.0
  (For comparison - full updates including accumulation: 0)
level.getFillPerLayer[4](): 671,846,400
ideal_bandwidth_fill_per_layer[4]: 0.9908256880733946

Latency for layer: 5 of Level: WeightRegister
level.active_instances_per_layer[5]: 1440
level.temporal_iterations_per_layer[5]: 466560
Scaling per layer[5]: 671,846,400
Single Tile latency: cc_per_tile_per_layer[5]: 1.0092592592592593
Ideal Case, Latency at this level without stalls: cc_per_all_tiles_per_layer[5]: 1.0092592592592593
SCALED cc_per_all_tiles_per_layer[5]: 678,067,200
level.getReadPerLayer[5](): 671,846,400
  (For comparison - full reads including accumulation: 671,846,400)
ideal_bandwidth_read_per_layer[5]: 0.9908256880733946
level.getDrainPerLayer[5](): 0
ideal_bandwidth_drain_per_layer[5]: 0.0
ideal_bandwidth_update_per_layer[5]: 0.0
  (For comparison - full updates including accumulation: 0)
level.getFillPerLayer[5](): 671,846,400
ideal_bandwidth_fill_per_layer[5]: 0.9908256880733946

Latency for layer: 6 of Level: WeightRegister
level.active_instances_per_layer[6]: 1680
level.temporal_iterations_per_layer[6]: 207360
Scaling per layer[6]: 348,364,800
Single Tile latency: cc_per_tile_per_layer[6]: 1.0833333333333333
Ideal Case, Latency at this level without stalls: cc_per_all_tiles_per_layer[6]: 1.0833333333333333
SCALED cc_per_all_tiles_per_layer[6]: 377,395,200
level.getReadPerLayer[6](): 348,364,800
  (For comparison - full reads including accumulation: 348,364,800)
ideal_bandwidth_read_per_layer[6]: 0.9230769230769231
level.getDrainPerLayer[6](): 0
ideal_bandwidth_drain_per_layer[6]: 0.0
ideal_bandwidth_update_per_layer[6]: 0.0
  (For comparison - full updates including accumulation: 0)
level.getFillPerLayer[6](): 348,364,800
ideal_bandwidth_fill_per_layer[6]: 0.9230769230769231

Latency for layer: 7 of Level: WeightRegister
level.active_instances_per_layer[7]: 1920
level.temporal_iterations_per_layer[7]: 2177280
Scaling per layer[7]: 4,180,377,600
Single Tile latency: cc_per_tile_per_layer[7]: 1
Ideal Case, Latency at this level without stalls: cc_per_all_tiles_per_layer[7]: 1
SCALED cc_per_all_tiles_per_layer[7]: 4,180,377,600
level.getReadPerLayer[7](): 4,180,377,600
  (For comparison - full reads including accumulation: 4,180,377,600)
ideal_bandwidth_read_per_layer[7]: 1.0
level.getDrainPerLayer[7](): 0
ideal_bandwidth_drain_per_layer[7]: 0.0
ideal_bandwidth_update_per_layer[7]: 0.0
  (For comparison - full updates including accumulation: 0)
level.getFillPerLayer[7](): 4,180,377,600
ideal_bandwidth_fill_per_layer[7]: 1.0

Start of calculation of latency:


Layer_id: 0 in WeightRegister

ideal_bandwidth_read_per_layer[0] + ideal_bandwidth_drain_per_layer[0]: 0.974025974025974 vs level.read_bandwidth: 1
I am in Compute Bound
cc_per_all_tiles_per_layer[0]: 1.0266666666666666
STANDARD CASE latency_read_drain_per_layer[0]: 1.0266666666666666

ideal_bandwidth_fill_per_layer[0] + ideal_bandwidth_update_per_layer[0]: 0.974025974025974 vs level.write_bandwidth: 1
previous_fanout_pe_to_pe_warmup: 0
STANDARD CASE latency_fill_update_per_layer[0]: 1.0266666666666666


Layer_id: 1 in WeightRegister

ideal_bandwidth_read_per_layer[1] + ideal_bandwidth_drain_per_layer[1]: 0.9824561403508771 vs level.read_bandwidth: 1
I am in Compute Bound
cc_per_all_tiles_per_layer[1]: 1.0178571428571428
STANDARD CASE latency_read_drain_per_layer[1]: 1.0178571428571428

ideal_bandwidth_fill_per_layer[1] + ideal_bandwidth_update_per_layer[1]: 0.9824561403508771 vs level.write_bandwidth: 1
previous_fanout_pe_to_pe_warmup: 0
STANDARD CASE latency_fill_update_per_layer[1]: 1.0178571428571428


Layer_id: 2 in WeightRegister

ideal_bandwidth_read_per_layer[2] + ideal_bandwidth_drain_per_layer[2]: 0.9908256880733946 vs level.read_bandwidth: 1
I am in Compute Bound
cc_per_all_tiles_per_layer[2]: 1.0092592592592593
STANDARD CASE latency_read_drain_per_layer[2]: 1.0092592592592593

ideal_bandwidth_fill_per_layer[2] + ideal_bandwidth_update_per_layer[2]: 0.9908256880733946 vs level.write_bandwidth: 1
previous_fanout_pe_to_pe_warmup: 0
STANDARD CASE latency_fill_update_per_layer[2]: 1.0092592592592593


Layer_id: 3 in WeightRegister

ideal_bandwidth_read_per_layer[3] + ideal_bandwidth_drain_per_layer[3]: 0.9908256880733946 vs level.read_bandwidth: 1
I am in Compute Bound
cc_per_all_tiles_per_layer[3]: 1.0092592592592593
STANDARD CASE latency_read_drain_per_layer[3]: 1.0092592592592593

ideal_bandwidth_fill_per_layer[3] + ideal_bandwidth_update_per_layer[3]: 0.9908256880733946 vs level.write_bandwidth: 1
previous_fanout_pe_to_pe_warmup: 0
STANDARD CASE latency_fill_update_per_layer[3]: 1.0092592592592593


Layer_id: 4 in WeightRegister

ideal_bandwidth_read_per_layer[4] + ideal_bandwidth_drain_per_layer[4]: 0.9908256880733946 vs level.read_bandwidth: 1
I am in Compute Bound
cc_per_all_tiles_per_layer[4]: 1.0092592592592593
STANDARD CASE latency_read_drain_per_layer[4]: 1.0092592592592593

ideal_bandwidth_fill_per_layer[4] + ideal_bandwidth_update_per_layer[4]: 0.9908256880733946 vs level.write_bandwidth: 1
previous_fanout_pe_to_pe_warmup: 0
STANDARD CASE latency_fill_update_per_layer[4]: 1.0092592592592593


Layer_id: 5 in WeightRegister

ideal_bandwidth_read_per_layer[5] + ideal_bandwidth_drain_per_layer[5]: 0.9908256880733946 vs level.read_bandwidth: 1
I am in Compute Bound
cc_per_all_tiles_per_layer[5]: 1.0092592592592593
STANDARD CASE latency_read_drain_per_layer[5]: 1.0092592592592593

ideal_bandwidth_fill_per_layer[5] + ideal_bandwidth_update_per_layer[5]: 0.9908256880733946 vs level.write_bandwidth: 1
previous_fanout_pe_to_pe_warmup: 0
STANDARD CASE latency_fill_update_per_layer[5]: 1.0092592592592593


Layer_id: 6 in WeightRegister

ideal_bandwidth_read_per_layer[6] + ideal_bandwidth_drain_per_layer[6]: 0.9230769230769231 vs level.read_bandwidth: 1
I am in Compute Bound
cc_per_all_tiles_per_layer[6]: 1.0833333333333333
STANDARD CASE latency_read_drain_per_layer[6]: 1.0833333333333333

ideal_bandwidth_fill_per_layer[6] + ideal_bandwidth_update_per_layer[6]: 0.9230769230769231 vs level.write_bandwidth: 1
previous_fanout_pe_to_pe_warmup: 0
STANDARD CASE latency_fill_update_per_layer[6]: 1.0833333333333333


Layer_id: 7 in WeightRegister

ideal_bandwidth_read_per_layer[7] + ideal_bandwidth_drain_per_layer[7]: 1.0 vs level.read_bandwidth: 1
I am in Compute Bound
cc_per_all_tiles_per_layer[7]: 1
STANDARD CASE latency_read_drain_per_layer[7]: 1

ideal_bandwidth_fill_per_layer[7] + ideal_bandwidth_update_per_layer[7]: 1.0 vs level.write_bandwidth: 1
previous_fanout_pe_to_pe_warmup: 0
STANDARD CASE latency_fill_update_per_layer[7]: 1

End of calculation of latency.

Calculating per tile final latency and stall for layer 0 in WeightRegister: latency_read_drain_per_layer[0] = 1.0266666666666666, latency_fill_update_per_layer[0] = 1.0266666666666666
Final per tile latency_per_layer[0]: 1
Final per tile stall_cycles_per_layer[0]: 0
Ideal case: no stall introduced by this level per this layer: cc_per_all_tiles_per_layer[0]: 1
Calculating per tile final latency and stall for layer 1 in WeightRegister: latency_read_drain_per_layer[1] = 1.0178571428571428, latency_fill_update_per_layer[1] = 1.0178571428571428
Final per tile latency_per_layer[1]: 1
Final per tile stall_cycles_per_layer[1]: 0
Ideal case: no stall introduced by this level per this layer: cc_per_all_tiles_per_layer[1]: 1
Calculating per tile final latency and stall for layer 2 in WeightRegister: latency_read_drain_per_layer[2] = 1.0092592592592593, latency_fill_update_per_layer[2] = 1.0092592592592593
Final per tile latency_per_layer[2]: 1
Final per tile stall_cycles_per_layer[2]: 0
Ideal case: no stall introduced by this level per this layer: cc_per_all_tiles_per_layer[2]: 1
Calculating per tile final latency and stall for layer 3 in WeightRegister: latency_read_drain_per_layer[3] = 1.0092592592592593, latency_fill_update_per_layer[3] = 1.0092592592592593
Final per tile latency_per_layer[3]: 1
Final per tile stall_cycles_per_layer[3]: 0
Ideal case: no stall introduced by this level per this layer: cc_per_all_tiles_per_layer[3]: 1
Calculating per tile final latency and stall for layer 4 in WeightRegister: latency_read_drain_per_layer[4] = 1.0092592592592593, latency_fill_update_per_layer[4] = 1.0092592592592593
Final per tile latency_per_layer[4]: 1
Final per tile stall_cycles_per_layer[4]: 0
Ideal case: no stall introduced by this level per this layer: cc_per_all_tiles_per_layer[4]: 1
Calculating per tile final latency and stall for layer 5 in WeightRegister: latency_read_drain_per_layer[5] = 1.0092592592592593, latency_fill_update_per_layer[5] = 1.0092592592592593
Final per tile latency_per_layer[5]: 1
Final per tile stall_cycles_per_layer[5]: 0
Ideal case: no stall introduced by this level per this layer: cc_per_all_tiles_per_layer[5]: 1
Calculating per tile final latency and stall for layer 6 in WeightRegister: latency_read_drain_per_layer[6] = 1.0833333333333333, latency_fill_update_per_layer[6] = 1.0833333333333333
Final per tile latency_per_layer[6]: 1
Final per tile stall_cycles_per_layer[6]: 0
Ideal case: no stall introduced by this level per this layer: cc_per_all_tiles_per_layer[6]: 1
Calculating per tile final latency and stall for layer 7 in WeightRegister: latency_read_drain_per_layer[7] = 1, latency_fill_update_per_layer[7] = 1
Final per tile latency_per_layer[7]: 1
Final per tile stall_cycles_per_layer[7]: 0
Ideal case: no stall introduced by this level per this layer: cc_per_all_tiles_per_layer[7]: 1


Calculating Latency for Level: WeightMemory

Latency for layer: 0 of Level: WeightMemory
level.active_instances_per_layer[0]: 1
level.temporal_iterations_per_layer[0]: 4320
Scaling per layer[0]: 4,320
Single Tile latency: cc_per_tile_per_layer[0]: 1.0266666666666666
Ideal Case, Latency at this level without stalls: cc_per_all_tiles_per_layer[0]: 308.0
SCALED cc_per_all_tiles_per_layer[0]: 1,330,560
level.getReadPerLayer[0](): 18,144,000
  (For comparison - full reads including accumulation: 18,144,000)
ideal_bandwidth_read_per_layer[0]: 13.636363636363637
level.getDrainPerLayer[0](): 0
ideal_bandwidth_drain_per_layer[0]: 0.0
ideal_bandwidth_update_per_layer[0]: 0.0
  (For comparison - full updates including accumulation: 0)
level.getFillPerLayer[0](): 4,200
ideal_bandwidth_fill_per_layer[0]: 0.0031565656565656565

Latency for layer: 1 of Level: WeightMemory
level.active_instances_per_layer[1]: 1
level.temporal_iterations_per_layer[1]: 4320
Scaling per layer[1]: 4,320
Single Tile latency: cc_per_tile_per_layer[1]: 1.0178571428571428
Ideal Case, Latency at this level without stalls: cc_per_all_tiles_per_layer[1]: 57.0
SCALED cc_per_all_tiles_per_layer[1]: 246,240
level.getReadPerLayer[1](): 2,903,040
  (For comparison - full reads including accumulation: 2,903,040)
ideal_bandwidth_read_per_layer[1]: 11.789473684210526
level.getDrainPerLayer[1](): 0
ideal_bandwidth_drain_per_layer[1]: 0.0
ideal_bandwidth_update_per_layer[1]: 0.0
  (For comparison - full updates including accumulation: 0)
level.getFillPerLayer[1](): 672
ideal_bandwidth_fill_per_layer[1]: 0.0027290448343079924

Latency for layer: 2 of Level: WeightMemory
level.active_instances_per_layer[2]: 1
level.temporal_iterations_per_layer[2]: 4320
Scaling per layer[2]: 4,320
Single Tile latency: cc_per_tile_per_layer[2]: 1.0092592592592593
Ideal Case, Latency at this level without stalls: cc_per_all_tiles_per_layer[2]: 109.0
SCALED cc_per_all_tiles_per_layer[2]: 470,880
level.getReadPerLayer[2](): 5,598,720
  (For comparison - full reads including accumulation: 5,598,720)
ideal_bandwidth_read_per_layer[2]: 11.889908256880734
level.getDrainPerLayer[2](): 0
ideal_bandwidth_drain_per_layer[2]: 0.0
ideal_bandwidth_update_per_layer[2]: 0.0
  (For comparison - full updates including accumulation: 0)
level.getFillPerLayer[2](): 1,296
ideal_bandwidth_fill_per_layer[2]: 0.0027522935779816515

Latency for layer: 3 of Level: WeightMemory
level.active_instances_per_layer[3]: 1
level.temporal_iterations_per_layer[3]: 4320
Scaling per layer[3]: 4,320
Single Tile latency: cc_per_tile_per_layer[3]: 1.0092592592592593
Ideal Case, Latency at this level without stalls: cc_per_all_tiles_per_layer[3]: 109.0
SCALED cc_per_all_tiles_per_layer[3]: 470,880
level.getReadPerLayer[3](): 5,598,720
  (For comparison - full reads including accumulation: 5,598,720)
ideal_bandwidth_read_per_layer[3]: 11.889908256880734
level.getDrainPerLayer[3](): 0
ideal_bandwidth_drain_per_layer[3]: 0.0
ideal_bandwidth_update_per_layer[3]: 0.0
  (For comparison - full updates including accumulation: 0)
level.getFillPerLayer[3](): 1,296
ideal_bandwidth_fill_per_layer[3]: 0.0027522935779816515

Latency for layer: 4 of Level: WeightMemory
level.active_instances_per_layer[4]: 1
level.temporal_iterations_per_layer[4]: 4320
Scaling per layer[4]: 4,320
Single Tile latency: cc_per_tile_per_layer[4]: 1.0092592592592593
Ideal Case, Latency at this level without stalls: cc_per_all_tiles_per_layer[4]: 109.0
SCALED cc_per_all_tiles_per_layer[4]: 470,880
level.getReadPerLayer[4](): 5,598,720
  (For comparison - full reads including accumulation: 5,598,720)
ideal_bandwidth_read_per_layer[4]: 11.889908256880734
level.getDrainPerLayer[4](): 0
ideal_bandwidth_drain_per_layer[4]: 0.0
ideal_bandwidth_update_per_layer[4]: 0.0
  (For comparison - full updates including accumulation: 0)
level.getFillPerLayer[4](): 1,296
ideal_bandwidth_fill_per_layer[4]: 0.0027522935779816515

Latency for layer: 5 of Level: WeightMemory
level.active_instances_per_layer[5]: 1
level.temporal_iterations_per_layer[5]: 4320
Scaling per layer[5]: 4,320
Single Tile latency: cc_per_tile_per_layer[5]: 1.0092592592592593
Ideal Case, Latency at this level without stalls: cc_per_all_tiles_per_layer[5]: 109.0
SCALED cc_per_all_tiles_per_layer[5]: 470,880
level.getReadPerLayer[5](): 5,598,720
  (For comparison - full reads including accumulation: 5,598,720)
ideal_bandwidth_read_per_layer[5]: 11.889908256880734
level.getDrainPerLayer[5](): 0
ideal_bandwidth_drain_per_layer[5]: 0.0
ideal_bandwidth_update_per_layer[5]: 0.0
  (For comparison - full updates including accumulation: 0)
level.getFillPerLayer[5](): 1,296
ideal_bandwidth_fill_per_layer[5]: 0.0027522935779816515

Latency for layer: 6 of Level: WeightMemory
level.active_instances_per_layer[6]: 1
level.temporal_iterations_per_layer[6]: 4320
Scaling per layer[6]: 4,320
Single Tile latency: cc_per_tile_per_layer[6]: 1.0833333333333333
Ideal Case, Latency at this level without stalls: cc_per_all_tiles_per_layer[6]: 52.0
SCALED cc_per_all_tiles_per_layer[6]: 224,640
level.getReadPerLayer[6](): 2,903,040
  (For comparison - full reads including accumulation: 2,903,040)
ideal_bandwidth_read_per_layer[6]: 12.923076923076923
level.getDrainPerLayer[6](): 0
ideal_bandwidth_drain_per_layer[6]: 0.0
ideal_bandwidth_update_per_layer[6]: 0.0
  (For comparison - full updates including accumulation: 0)
level.getFillPerLayer[6](): 672
ideal_bandwidth_fill_per_layer[6]: 0.0029914529914529917

Latency for layer: 7 of Level: WeightMemory
level.active_instances_per_layer[7]: 1
level.temporal_iterations_per_layer[7]: 4320
Scaling per layer[7]: 4,320
Single Tile latency: cc_per_tile_per_layer[7]: 1
Ideal Case, Latency at this level without stalls: cc_per_all_tiles_per_layer[7]: 504
SCALED cc_per_all_tiles_per_layer[7]: 2,177,280
level.getReadPerLayer[7](): 34,836,480
  (For comparison - full reads including accumulation: 34,836,480)
ideal_bandwidth_read_per_layer[7]: 16.0
level.getDrainPerLayer[7](): 0
ideal_bandwidth_drain_per_layer[7]: 0.0
ideal_bandwidth_update_per_layer[7]: 0.0
  (For comparison - full updates including accumulation: 0)
level.getFillPerLayer[7](): 8,064
ideal_bandwidth_fill_per_layer[7]: 0.003703703703703704

Start of calculation of latency:


Layer_id: 0 in WeightMemory

ideal_bandwidth_read_per_layer[0] + ideal_bandwidth_drain_per_layer[0]: 13.636363636363637 vs level.read_bandwidth: 16
I am in Compute Bound
cc_per_all_tiles_per_layer[0]: 308.0
STANDARD CASE latency_read_drain_per_layer[0]: 308.0

ideal_bandwidth_fill_per_layer[0] + ideal_bandwidth_update_per_layer[0]: 0.0031565656565656565 vs level.write_bandwidth: 16
previous_fanout_pe_to_pe_warmup: 0
STANDARD CASE latency_fill_update_per_layer[0]: 308.0


Layer_id: 1 in WeightMemory

ideal_bandwidth_read_per_layer[1] + ideal_bandwidth_drain_per_layer[1]: 11.789473684210526 vs level.read_bandwidth: 16
I am in Compute Bound
cc_per_all_tiles_per_layer[1]: 57.0
STANDARD CASE latency_read_drain_per_layer[1]: 57.0

ideal_bandwidth_fill_per_layer[1] + ideal_bandwidth_update_per_layer[1]: 0.0027290448343079924 vs level.write_bandwidth: 16
previous_fanout_pe_to_pe_warmup: 0
STANDARD CASE latency_fill_update_per_layer[1]: 57.0


Layer_id: 2 in WeightMemory

ideal_bandwidth_read_per_layer[2] + ideal_bandwidth_drain_per_layer[2]: 11.889908256880734 vs level.read_bandwidth: 16
I am in Compute Bound
cc_per_all_tiles_per_layer[2]: 109.0
STANDARD CASE latency_read_drain_per_layer[2]: 109.0

ideal_bandwidth_fill_per_layer[2] + ideal_bandwidth_update_per_layer[2]: 0.0027522935779816515 vs level.write_bandwidth: 16
previous_fanout_pe_to_pe_warmup: 0
STANDARD CASE latency_fill_update_per_layer[2]: 109.0


Layer_id: 3 in WeightMemory

ideal_bandwidth_read_per_layer[3] + ideal_bandwidth_drain_per_layer[3]: 11.889908256880734 vs level.read_bandwidth: 16
I am in Compute Bound
cc_per_all_tiles_per_layer[3]: 109.0
STANDARD CASE latency_read_drain_per_layer[3]: 109.0

ideal_bandwidth_fill_per_layer[3] + ideal_bandwidth_update_per_layer[3]: 0.0027522935779816515 vs level.write_bandwidth: 16
previous_fanout_pe_to_pe_warmup: 0
STANDARD CASE latency_fill_update_per_layer[3]: 109.0


Layer_id: 4 in WeightMemory

ideal_bandwidth_read_per_layer[4] + ideal_bandwidth_drain_per_layer[4]: 11.889908256880734 vs level.read_bandwidth: 16
I am in Compute Bound
cc_per_all_tiles_per_layer[4]: 109.0
STANDARD CASE latency_read_drain_per_layer[4]: 109.0

ideal_bandwidth_fill_per_layer[4] + ideal_bandwidth_update_per_layer[4]: 0.0027522935779816515 vs level.write_bandwidth: 16
previous_fanout_pe_to_pe_warmup: 0
STANDARD CASE latency_fill_update_per_layer[4]: 109.0


Layer_id: 5 in WeightMemory

ideal_bandwidth_read_per_layer[5] + ideal_bandwidth_drain_per_layer[5]: 11.889908256880734 vs level.read_bandwidth: 16
I am in Compute Bound
cc_per_all_tiles_per_layer[5]: 109.0
STANDARD CASE latency_read_drain_per_layer[5]: 109.0

ideal_bandwidth_fill_per_layer[5] + ideal_bandwidth_update_per_layer[5]: 0.0027522935779816515 vs level.write_bandwidth: 16
previous_fanout_pe_to_pe_warmup: 0
STANDARD CASE latency_fill_update_per_layer[5]: 109.0


Layer_id: 6 in WeightMemory

ideal_bandwidth_read_per_layer[6] + ideal_bandwidth_drain_per_layer[6]: 12.923076923076923 vs level.read_bandwidth: 16
I am in Compute Bound
cc_per_all_tiles_per_layer[6]: 52.0
STANDARD CASE latency_read_drain_per_layer[6]: 52.0

ideal_bandwidth_fill_per_layer[6] + ideal_bandwidth_update_per_layer[6]: 0.0029914529914529917 vs level.write_bandwidth: 16
previous_fanout_pe_to_pe_warmup: 0
STANDARD CASE latency_fill_update_per_layer[6]: 52.0


Layer_id: 7 in WeightMemory

ideal_bandwidth_read_per_layer[7] + ideal_bandwidth_drain_per_layer[7]: 16.0 vs level.read_bandwidth: 16
I am in Compute Bound
cc_per_all_tiles_per_layer[7]: 504
STANDARD CASE latency_read_drain_per_layer[7]: 504

ideal_bandwidth_fill_per_layer[7] + ideal_bandwidth_update_per_layer[7]: 0.003703703703703704 vs level.write_bandwidth: 16
previous_fanout_pe_to_pe_warmup: 0
STANDARD CASE latency_fill_update_per_layer[7]: 504

End of calculation of latency.

Calculating per tile final latency and stall for layer 0 in WeightMemory: latency_read_drain_per_layer[0] = 308.0, latency_fill_update_per_layer[0] = 308.0
Final per tile latency_per_layer[0]: 308
Final per tile stall_cycles_per_layer[0]: 0
Ideal case: no stall introduced by this level per this layer: cc_per_all_tiles_per_layer[0]: 308
Calculating per tile final latency and stall for layer 1 in WeightMemory: latency_read_drain_per_layer[1] = 57.0, latency_fill_update_per_layer[1] = 57.0
Final per tile latency_per_layer[1]: 57
Final per tile stall_cycles_per_layer[1]: 0
Ideal case: no stall introduced by this level per this layer: cc_per_all_tiles_per_layer[1]: 57
Calculating per tile final latency and stall for layer 2 in WeightMemory: latency_read_drain_per_layer[2] = 109.0, latency_fill_update_per_layer[2] = 109.0
Final per tile latency_per_layer[2]: 109
Final per tile stall_cycles_per_layer[2]: 0
Ideal case: no stall introduced by this level per this layer: cc_per_all_tiles_per_layer[2]: 109
Calculating per tile final latency and stall for layer 3 in WeightMemory: latency_read_drain_per_layer[3] = 109.0, latency_fill_update_per_layer[3] = 109.0
Final per tile latency_per_layer[3]: 109
Final per tile stall_cycles_per_layer[3]: 0
Ideal case: no stall introduced by this level per this layer: cc_per_all_tiles_per_layer[3]: 109
Calculating per tile final latency and stall for layer 4 in WeightMemory: latency_read_drain_per_layer[4] = 109.0, latency_fill_update_per_layer[4] = 109.0
Final per tile latency_per_layer[4]: 109
Final per tile stall_cycles_per_layer[4]: 0
Ideal case: no stall introduced by this level per this layer: cc_per_all_tiles_per_layer[4]: 109
Calculating per tile final latency and stall for layer 5 in WeightMemory: latency_read_drain_per_layer[5] = 109.0, latency_fill_update_per_layer[5] = 109.0
Final per tile latency_per_layer[5]: 109
Final per tile stall_cycles_per_layer[5]: 0
Ideal case: no stall introduced by this level per this layer: cc_per_all_tiles_per_layer[5]: 109
Calculating per tile final latency and stall for layer 6 in WeightMemory: latency_read_drain_per_layer[6] = 52.0, latency_fill_update_per_layer[6] = 52.0
Final per tile latency_per_layer[6]: 52
Final per tile stall_cycles_per_layer[6]: 0
Ideal case: no stall introduced by this level per this layer: cc_per_all_tiles_per_layer[6]: 52
Calculating per tile final latency and stall for layer 7 in WeightMemory: latency_read_drain_per_layer[7] = 504, latency_fill_update_per_layer[7] = 504
Final per tile latency_per_layer[7]: 504
Final per tile stall_cycles_per_layer[7]: 0
Ideal case: no stall introduced by this level per this layer: cc_per_all_tiles_per_layer[7]: 504


Calculating Latency for Level: FeatureMemory

Latency for layer: 0 of Level: FeatureMemory
level.active_instances_per_layer[0]: 1
level.temporal_iterations_per_layer[0]: 4320
Scaling per layer[0]: 4,320
Single Tile latency: cc_per_tile_per_layer[0]: 308.0
Ideal Case, Latency at this level without stalls: cc_per_all_tiles_per_layer[0]: 308.0
SCALED cc_per_all_tiles_per_layer[0]: 1,330,560
level.getReadPerLayer[0](): 60,134,400
  (For comparison - full reads including accumulation: 60,134,400)
ideal_bandwidth_read_per_layer[0]: 45.1948051948052
level.getDrainPerLayer[0](): 0
ideal_bandwidth_drain_per_layer[0]: 0.0
ideal_bandwidth_update_per_layer[0]: 21.818181818181817
  (For comparison - full updates including accumulation: 29,030,400)
level.getFillPerLayer[0](): 1,555,200
ideal_bandwidth_fill_per_layer[0]: 1.1688311688311688

Latency for layer: 1 of Level: FeatureMemory
level.active_instances_per_layer[1]: 1
level.temporal_iterations_per_layer[1]: 4320
Scaling per layer[1]: 4,320
Single Tile latency: cc_per_tile_per_layer[1]: 57.0
Ideal Case, Latency at this level without stalls: cc_per_all_tiles_per_layer[1]: 57.0
SCALED cc_per_all_tiles_per_layer[1]: 246,240
level.getReadPerLayer[1](): 12,026,880
  (For comparison - full reads including accumulation: 12,026,880)
ideal_bandwidth_read_per_layer[1]: 48.8421052631579
level.getDrainPerLayer[1](): 0
ideal_bandwidth_drain_per_layer[1]: 0.0
ideal_bandwidth_update_per_layer[1]: 25.263157894736842
  (For comparison - full updates including accumulation: 6,220,800)
level.getFillPerLayer[1](): 0
ideal_bandwidth_fill_per_layer[1]: 0.0

Latency for layer: 2 of Level: FeatureMemory
level.active_instances_per_layer[2]: 1
level.temporal_iterations_per_layer[2]: 4320
Scaling per layer[2]: 4,320
Single Tile latency: cc_per_tile_per_layer[2]: 109.0
Ideal Case, Latency at this level without stalls: cc_per_all_tiles_per_layer[2]: 109.0
SCALED cc_per_all_tiles_per_layer[2]: 470,880
level.getReadPerLayer[2](): 17,418,240
  (For comparison - full reads including accumulation: 17,418,240)
ideal_bandwidth_read_per_layer[2]: 36.99082568807339
level.getDrainPerLayer[2](): 0
ideal_bandwidth_drain_per_layer[2]: 0.0
ideal_bandwidth_update_per_layer[2]: 13.211009174311927
  (For comparison - full updates including accumulation: 6,220,800)
level.getFillPerLayer[2](): 0
ideal_bandwidth_fill_per_layer[2]: 0.0

Latency for layer: 3 of Level: FeatureMemory
level.active_instances_per_layer[3]: 1
level.temporal_iterations_per_layer[3]: 4320
Scaling per layer[3]: 4,320
Single Tile latency: cc_per_tile_per_layer[3]: 109.0
Ideal Case, Latency at this level without stalls: cc_per_all_tiles_per_layer[3]: 109.0
SCALED cc_per_all_tiles_per_layer[3]: 470,880
level.getReadPerLayer[3](): 17,418,240
  (For comparison - full reads including accumulation: 17,418,240)
ideal_bandwidth_read_per_layer[3]: 36.99082568807339
level.getDrainPerLayer[3](): 0
ideal_bandwidth_drain_per_layer[3]: 0.0
ideal_bandwidth_update_per_layer[3]: 13.211009174311927
  (For comparison - full updates including accumulation: 6,220,800)
level.getFillPerLayer[3](): 0
ideal_bandwidth_fill_per_layer[3]: 0.0

Latency for layer: 4 of Level: FeatureMemory
level.active_instances_per_layer[4]: 1
level.temporal_iterations_per_layer[4]: 4320
Scaling per layer[4]: 4,320
Single Tile latency: cc_per_tile_per_layer[4]: 109.0
Ideal Case, Latency at this level without stalls: cc_per_all_tiles_per_layer[4]: 109.0
SCALED cc_per_all_tiles_per_layer[4]: 470,880
level.getReadPerLayer[4](): 17,418,240
  (For comparison - full reads including accumulation: 17,418,240)
ideal_bandwidth_read_per_layer[4]: 36.99082568807339
level.getDrainPerLayer[4](): 0
ideal_bandwidth_drain_per_layer[4]: 0.0
ideal_bandwidth_update_per_layer[4]: 13.211009174311927
  (For comparison - full updates including accumulation: 6,220,800)
level.getFillPerLayer[4](): 0
ideal_bandwidth_fill_per_layer[4]: 0.0

Latency for layer: 5 of Level: FeatureMemory
level.active_instances_per_layer[5]: 1
level.temporal_iterations_per_layer[5]: 4320
Scaling per layer[5]: 4,320
Single Tile latency: cc_per_tile_per_layer[5]: 109.0
Ideal Case, Latency at this level without stalls: cc_per_all_tiles_per_layer[5]: 109.0
SCALED cc_per_all_tiles_per_layer[5]: 470,880
level.getReadPerLayer[5](): 17,418,240
  (For comparison - full reads including accumulation: 17,418,240)
ideal_bandwidth_read_per_layer[5]: 36.99082568807339
level.getDrainPerLayer[5](): 0
ideal_bandwidth_drain_per_layer[5]: 0.0
ideal_bandwidth_update_per_layer[5]: 13.211009174311927
  (For comparison - full updates including accumulation: 6,220,800)
level.getFillPerLayer[5](): 0
ideal_bandwidth_fill_per_layer[5]: 0.0

Latency for layer: 6 of Level: FeatureMemory
level.active_instances_per_layer[6]: 1
level.temporal_iterations_per_layer[6]: 4320
Scaling per layer[6]: 4,320
Single Tile latency: cc_per_tile_per_layer[6]: 52.0
Ideal Case, Latency at this level without stalls: cc_per_all_tiles_per_layer[6]: 52.0
SCALED cc_per_all_tiles_per_layer[6]: 224,640
level.getReadPerLayer[6](): 34,007,040
  (For comparison - full reads including accumulation: 34,007,040)
ideal_bandwidth_read_per_layer[6]: 151.3846153846154
level.getDrainPerLayer[6](): 0
ideal_bandwidth_drain_per_layer[6]: 0.0
ideal_bandwidth_update_per_layer[6]: 129.23076923076923
  (For comparison - full updates including accumulation: 29,030,400)
level.getFillPerLayer[6](): 0
ideal_bandwidth_fill_per_layer[6]: 0.0

Latency for layer: 7 of Level: FeatureMemory
level.active_instances_per_layer[7]: 1
level.temporal_iterations_per_layer[7]: 4320
Scaling per layer[7]: 4,320
Single Tile latency: cc_per_tile_per_layer[7]: 504
Ideal Case, Latency at this level without stalls: cc_per_all_tiles_per_layer[7]: 504
SCALED cc_per_all_tiles_per_layer[7]: 2,177,280
level.getReadPerLayer[7](): 52,254,720
  (For comparison - full reads including accumulation: 52,254,720)
ideal_bandwidth_read_per_layer[7]: 24.0
level.getDrainPerLayer[7](): 8,294,400
ideal_bandwidth_drain_per_layer[7]: 3.8095238095238093
ideal_bandwidth_update_per_layer[7]: 3.8095238095238093
  (For comparison - full updates including accumulation: 8,294,400)
level.getFillPerLayer[7](): 0
ideal_bandwidth_fill_per_layer[7]: 0.0

Start of calculation of latency:
I am in FeatureMemory level, so I use different formula for latency calculation


Layer_id: 0 in FeatureMemory

scaling_per_layer[0]: 4320
I AM HERE total_data_rd: 60134400
latency_per_layer[0]: 160.76704545454544, latency_read_drain_per_layer[0]: 105.45454545454545, latency_fill_update_per_layer[0]: 55.3125
Total latency so far: 160.76704545454544


Layer_id: 1 in FeatureMemory

scaling_per_layer[1]: 4320
I AM HERE total_data_rd: 12026880
latency_per_layer[1]: 32.34090909090909, latency_read_drain_per_layer[1]: 21.09090909090909, latency_fill_update_per_layer[1]: 11.25
Total latency so far: 193.10795454545453


Layer_id: 2 in FeatureMemory

scaling_per_layer[2]: 4320
I AM HERE total_data_rd: 17418240
latency_per_layer[2]: 41.79545454545455, latency_read_drain_per_layer[2]: 30.545454545454547, latency_fill_update_per_layer[2]: 11.25
Total latency so far: 234.90340909090907


Layer_id: 3 in FeatureMemory

scaling_per_layer[3]: 4320
I AM HERE total_data_rd: 17418240
latency_per_layer[3]: 41.79545454545455, latency_read_drain_per_layer[3]: 30.545454545454547, latency_fill_update_per_layer[3]: 11.25
Total latency so far: 276.6988636363636


Layer_id: 4 in FeatureMemory

scaling_per_layer[4]: 4320
I AM HERE total_data_rd: 17418240
latency_per_layer[4]: 41.79545454545455, latency_read_drain_per_layer[4]: 30.545454545454547, latency_fill_update_per_layer[4]: 11.25
Total latency so far: 318.4943181818182


Layer_id: 5 in FeatureMemory

scaling_per_layer[5]: 4320
I AM HERE total_data_rd: 17418240
latency_per_layer[5]: 41.79545454545455, latency_read_drain_per_layer[5]: 30.545454545454547, latency_fill_update_per_layer[5]: 11.25
Total latency so far: 360.28977272727275


Layer_id: 6 in FeatureMemory

scaling_per_layer[6]: 4320
I AM HERE total_data_rd: 34007040
latency_per_layer[6]: 112.13636363636364, latency_read_drain_per_layer[6]: 59.63636363636364, latency_fill_update_per_layer[6]: 52.5
Total latency so far: 472.4261363636364


Layer_id: 7 in FeatureMemory

scaling_per_layer[7]: 4320
I AM HERE total_data_rd: 60549120
latency_per_layer[7]: 121.18181818181819, latency_read_drain_per_layer[7]: 106.18181818181819, latency_fill_update_per_layer[7]: 15.0
Total latency so far: 593.6079545454545

End of calculation of latency.

Calculating per tile final latency and stall for layer 0 in FeatureMemory: latency_read_drain_per_layer[0] = 105.45454545454545, latency_fill_update_per_layer[0] = 55.3125
Final per tile latency_per_layer[0]: 308
Final per tile stall_cycles_per_layer[0]: 0
Ideal case: no stall introduced by this level per this layer: cc_per_all_tiles_per_layer[0]: 308
Calculating per tile final latency and stall for layer 1 in FeatureMemory: latency_read_drain_per_layer[1] = 21.09090909090909, latency_fill_update_per_layer[1] = 11.25
Final per tile latency_per_layer[1]: 57
Final per tile stall_cycles_per_layer[1]: 0
Ideal case: no stall introduced by this level per this layer: cc_per_all_tiles_per_layer[1]: 57
Calculating per tile final latency and stall for layer 2 in FeatureMemory: latency_read_drain_per_layer[2] = 30.545454545454547, latency_fill_update_per_layer[2] = 11.25
Final per tile latency_per_layer[2]: 109
Final per tile stall_cycles_per_layer[2]: 0
Ideal case: no stall introduced by this level per this layer: cc_per_all_tiles_per_layer[2]: 109
Calculating per tile final latency and stall for layer 3 in FeatureMemory: latency_read_drain_per_layer[3] = 30.545454545454547, latency_fill_update_per_layer[3] = 11.25
Final per tile latency_per_layer[3]: 109
Final per tile stall_cycles_per_layer[3]: 0
Ideal case: no stall introduced by this level per this layer: cc_per_all_tiles_per_layer[3]: 109
Calculating per tile final latency and stall for layer 4 in FeatureMemory: latency_read_drain_per_layer[4] = 30.545454545454547, latency_fill_update_per_layer[4] = 11.25
Final per tile latency_per_layer[4]: 109
Final per tile stall_cycles_per_layer[4]: 0
Ideal case: no stall introduced by this level per this layer: cc_per_all_tiles_per_layer[4]: 109
Calculating per tile final latency and stall for layer 5 in FeatureMemory: latency_read_drain_per_layer[5] = 30.545454545454547, latency_fill_update_per_layer[5] = 11.25
Final per tile latency_per_layer[5]: 109
Final per tile stall_cycles_per_layer[5]: 0
Ideal case: no stall introduced by this level per this layer: cc_per_all_tiles_per_layer[5]: 109
Calculating per tile final latency and stall for layer 6 in FeatureMemory: latency_read_drain_per_layer[6] = 59.63636363636364, latency_fill_update_per_layer[6] = 52.5
Final per tile latency_per_layer[6]: 112
Final per tile stall_cycles_per_layer[6]: 60
Ideal case: no stall introduced by this level per this layer: cc_per_all_tiles_per_layer[6]: 52
Calculating per tile final latency and stall for layer 7 in FeatureMemory: latency_read_drain_per_layer[7] = 106.18181818181819, latency_fill_update_per_layer[7] = 15.0
Final per tile latency_per_layer[7]: 504
Final per tile stall_cycles_per_layer[7]: 0
Ideal case: no stall introduced by this level per this layer: cc_per_all_tiles_per_layer[7]: 504


Calculating Latency for Level: DRAM

Latency for layer: 0 of Level: DRAM
level.active_instances_per_layer[0]: 1
level.temporal_iterations_per_layer[0]: 1
Scaling per layer[0]: 1
Single Tile latency: cc_per_tile_per_layer[0]: 308.0
Ideal Case, Latency at this level without stalls: cc_per_all_tiles_per_layer[0]: 1330560.0
SCALED cc_per_all_tiles_per_layer[0]: 1,330,560
level.getReadPerLayer[0](): 1,559,400
  (For comparison - full reads including accumulation: 1,559,400)
ideal_bandwidth_read_per_layer[0]: 1.1719877344877345
level.getDrainPerLayer[0](): 0
ideal_bandwidth_drain_per_layer[0]: 0.0
ideal_bandwidth_update_per_layer[0]: 0.0
  (For comparison - full updates including accumulation: 0)
level.getFillPerLayer[0](): 0
ideal_bandwidth_fill_per_layer[0]: 0.0

Latency for layer: 1 of Level: DRAM
level.active_instances_per_layer[1]: 1
level.temporal_iterations_per_layer[1]: 1
Scaling per layer[1]: 1
Single Tile latency: cc_per_tile_per_layer[1]: 57.0
Ideal Case, Latency at this level without stalls: cc_per_all_tiles_per_layer[1]: 246240.0
SCALED cc_per_all_tiles_per_layer[1]: 246,240
level.getReadPerLayer[1](): 672
  (For comparison - full reads including accumulation: 672)
ideal_bandwidth_read_per_layer[1]: 0.0027290448343079924
level.getDrainPerLayer[1](): 0
ideal_bandwidth_drain_per_layer[1]: 0.0
ideal_bandwidth_update_per_layer[1]: 0.0
  (For comparison - full updates including accumulation: 0)
level.getFillPerLayer[1](): 0
ideal_bandwidth_fill_per_layer[1]: 0.0

Latency for layer: 2 of Level: DRAM
level.active_instances_per_layer[2]: 1
level.temporal_iterations_per_layer[2]: 1
Scaling per layer[2]: 1
Single Tile latency: cc_per_tile_per_layer[2]: 109.0
Ideal Case, Latency at this level without stalls: cc_per_all_tiles_per_layer[2]: 470880.0
SCALED cc_per_all_tiles_per_layer[2]: 470,880
level.getReadPerLayer[2](): 1,296
  (For comparison - full reads including accumulation: 1,296)
ideal_bandwidth_read_per_layer[2]: 0.0027522935779816515
level.getDrainPerLayer[2](): 0
ideal_bandwidth_drain_per_layer[2]: 0.0
ideal_bandwidth_update_per_layer[2]: 0.0
  (For comparison - full updates including accumulation: 0)
level.getFillPerLayer[2](): 0
ideal_bandwidth_fill_per_layer[2]: 0.0

Latency for layer: 3 of Level: DRAM
level.active_instances_per_layer[3]: 1
level.temporal_iterations_per_layer[3]: 1
Scaling per layer[3]: 1
Single Tile latency: cc_per_tile_per_layer[3]: 109.0
Ideal Case, Latency at this level without stalls: cc_per_all_tiles_per_layer[3]: 470880.0
SCALED cc_per_all_tiles_per_layer[3]: 470,880
level.getReadPerLayer[3](): 1,296
  (For comparison - full reads including accumulation: 1,296)
ideal_bandwidth_read_per_layer[3]: 0.0027522935779816515
level.getDrainPerLayer[3](): 0
ideal_bandwidth_drain_per_layer[3]: 0.0
ideal_bandwidth_update_per_layer[3]: 0.0
  (For comparison - full updates including accumulation: 0)
level.getFillPerLayer[3](): 0
ideal_bandwidth_fill_per_layer[3]: 0.0

Latency for layer: 4 of Level: DRAM
level.active_instances_per_layer[4]: 1
level.temporal_iterations_per_layer[4]: 1
Scaling per layer[4]: 1
Single Tile latency: cc_per_tile_per_layer[4]: 109.0
Ideal Case, Latency at this level without stalls: cc_per_all_tiles_per_layer[4]: 470880.0
SCALED cc_per_all_tiles_per_layer[4]: 470,880
level.getReadPerLayer[4](): 1,296
  (For comparison - full reads including accumulation: 1,296)
ideal_bandwidth_read_per_layer[4]: 0.0027522935779816515
level.getDrainPerLayer[4](): 0
ideal_bandwidth_drain_per_layer[4]: 0.0
ideal_bandwidth_update_per_layer[4]: 0.0
  (For comparison - full updates including accumulation: 0)
level.getFillPerLayer[4](): 0
ideal_bandwidth_fill_per_layer[4]: 0.0

Latency for layer: 5 of Level: DRAM
level.active_instances_per_layer[5]: 1
level.temporal_iterations_per_layer[5]: 1
Scaling per layer[5]: 1
Single Tile latency: cc_per_tile_per_layer[5]: 109.0
Ideal Case, Latency at this level without stalls: cc_per_all_tiles_per_layer[5]: 470880.0
SCALED cc_per_all_tiles_per_layer[5]: 470,880
level.getReadPerLayer[5](): 1,296
  (For comparison - full reads including accumulation: 1,296)
ideal_bandwidth_read_per_layer[5]: 0.0027522935779816515
level.getDrainPerLayer[5](): 0
ideal_bandwidth_drain_per_layer[5]: 0.0
ideal_bandwidth_update_per_layer[5]: 0.0
  (For comparison - full updates including accumulation: 0)
level.getFillPerLayer[5](): 0
ideal_bandwidth_fill_per_layer[5]: 0.0

Latency for layer: 6 of Level: DRAM
level.active_instances_per_layer[6]: 1
level.temporal_iterations_per_layer[6]: 1
Scaling per layer[6]: 1
Single Tile latency: cc_per_tile_per_layer[6]: 112.13636363636364
Ideal Case, Latency at this level without stalls: cc_per_all_tiles_per_layer[6]: 484429.09090909094
SCALED cc_per_all_tiles_per_layer[6]: 484,429
level.getReadPerLayer[6](): 672
  (For comparison - full reads including accumulation: 672)
ideal_bandwidth_read_per_layer[6]: 0.001387199927937666
level.getDrainPerLayer[6](): 0
ideal_bandwidth_drain_per_layer[6]: 0.0
ideal_bandwidth_update_per_layer[6]: 0.0
  (For comparison - full updates including accumulation: 0)
level.getFillPerLayer[6](): 0
ideal_bandwidth_fill_per_layer[6]: 0.0

Latency for layer: 7 of Level: DRAM
level.active_instances_per_layer[7]: 1
level.temporal_iterations_per_layer[7]: 1
Scaling per layer[7]: 1
Single Tile latency: cc_per_tile_per_layer[7]: 504
Ideal Case, Latency at this level without stalls: cc_per_all_tiles_per_layer[7]: 2177280
SCALED cc_per_all_tiles_per_layer[7]: 2,177,280
level.getReadPerLayer[7](): 8,064
  (For comparison - full reads including accumulation: 8,064)
ideal_bandwidth_read_per_layer[7]: 0.003703703703703704
level.getDrainPerLayer[7](): 0
ideal_bandwidth_drain_per_layer[7]: 0.0
ideal_bandwidth_update_per_layer[7]: 3.8095238095238093
  (For comparison - full updates including accumulation: 8,294,400)
level.getFillPerLayer[7](): 0
ideal_bandwidth_fill_per_layer[7]: 0.0

Start of calculation of latency:


Layer_id: 0 in DRAM

ideal_bandwidth_read_per_layer[0] + ideal_bandwidth_drain_per_layer[0]: 1.1719877344877345 vs level.read_bandwidth: 12
I am in Compute Bound
cc_per_all_tiles_per_layer[0]: 1330560.0
STANDARD CASE latency_read_drain_per_layer[0]: 1330560.0

ideal_bandwidth_fill_per_layer[0] + ideal_bandwidth_update_per_layer[0]: 0.0 vs level.write_bandwidth: 12
previous_fanout_pe_to_pe_warmup: 0
STANDARD CASE latency_fill_update_per_layer[0]: 1330560.0


Layer_id: 1 in DRAM

ideal_bandwidth_read_per_layer[1] + ideal_bandwidth_drain_per_layer[1]: 0.0027290448343079924 vs level.read_bandwidth: 12
I am in Compute Bound
cc_per_all_tiles_per_layer[1]: 246240.0
STANDARD CASE latency_read_drain_per_layer[1]: 246240.0

ideal_bandwidth_fill_per_layer[1] + ideal_bandwidth_update_per_layer[1]: 0.0 vs level.write_bandwidth: 12
previous_fanout_pe_to_pe_warmup: 0
STANDARD CASE latency_fill_update_per_layer[1]: 246240.0


Layer_id: 2 in DRAM

ideal_bandwidth_read_per_layer[2] + ideal_bandwidth_drain_per_layer[2]: 0.0027522935779816515 vs level.read_bandwidth: 12
I am in Compute Bound
cc_per_all_tiles_per_layer[2]: 470880.0
STANDARD CASE latency_read_drain_per_layer[2]: 470880.0

ideal_bandwidth_fill_per_layer[2] + ideal_bandwidth_update_per_layer[2]: 0.0 vs level.write_bandwidth: 12
previous_fanout_pe_to_pe_warmup: 0
STANDARD CASE latency_fill_update_per_layer[2]: 470880.0


Layer_id: 3 in DRAM

ideal_bandwidth_read_per_layer[3] + ideal_bandwidth_drain_per_layer[3]: 0.0027522935779816515 vs level.read_bandwidth: 12
I am in Compute Bound
cc_per_all_tiles_per_layer[3]: 470880.0
STANDARD CASE latency_read_drain_per_layer[3]: 470880.0

ideal_bandwidth_fill_per_layer[3] + ideal_bandwidth_update_per_layer[3]: 0.0 vs level.write_bandwidth: 12
previous_fanout_pe_to_pe_warmup: 0
STANDARD CASE latency_fill_update_per_layer[3]: 470880.0


Layer_id: 4 in DRAM

ideal_bandwidth_read_per_layer[4] + ideal_bandwidth_drain_per_layer[4]: 0.0027522935779816515 vs level.read_bandwidth: 12
I am in Compute Bound
cc_per_all_tiles_per_layer[4]: 470880.0
STANDARD CASE latency_read_drain_per_layer[4]: 470880.0

ideal_bandwidth_fill_per_layer[4] + ideal_bandwidth_update_per_layer[4]: 0.0 vs level.write_bandwidth: 12
previous_fanout_pe_to_pe_warmup: 0
STANDARD CASE latency_fill_update_per_layer[4]: 470880.0


Layer_id: 5 in DRAM

ideal_bandwidth_read_per_layer[5] + ideal_bandwidth_drain_per_layer[5]: 0.0027522935779816515 vs level.read_bandwidth: 12
I am in Compute Bound
cc_per_all_tiles_per_layer[5]: 470880.0
STANDARD CASE latency_read_drain_per_layer[5]: 470880.0

ideal_bandwidth_fill_per_layer[5] + ideal_bandwidth_update_per_layer[5]: 0.0 vs level.write_bandwidth: 12
previous_fanout_pe_to_pe_warmup: 0
STANDARD CASE latency_fill_update_per_layer[5]: 470880.0


Layer_id: 6 in DRAM

ideal_bandwidth_read_per_layer[6] + ideal_bandwidth_drain_per_layer[6]: 0.001387199927937666 vs level.read_bandwidth: 12
I am in Compute Bound
cc_per_all_tiles_per_layer[6]: 484429.09090909094
STANDARD CASE latency_read_drain_per_layer[6]: 484429.09090909094

ideal_bandwidth_fill_per_layer[6] + ideal_bandwidth_update_per_layer[6]: 0.0 vs level.write_bandwidth: 12
previous_fanout_pe_to_pe_warmup: 0
STANDARD CASE latency_fill_update_per_layer[6]: 484429.09090909094


Layer_id: 7 in DRAM

ideal_bandwidth_read_per_layer[7] + ideal_bandwidth_drain_per_layer[7]: 0.003703703703703704 vs level.read_bandwidth: 12
I am in Compute Bound
cc_per_all_tiles_per_layer[7]: 2177280
STANDARD CASE latency_read_drain_per_layer[7]: 2177280

ideal_bandwidth_fill_per_layer[7] + ideal_bandwidth_update_per_layer[7]: 3.8095238095238093 vs level.write_bandwidth: 12
previous_fanout_pe_to_pe_warmup: 0
STANDARD CASE latency_fill_update_per_layer[7]: 2177280

End of calculation of latency.

Calculating per tile final latency and stall for layer 0 in DRAM: latency_read_drain_per_layer[0] = 1330560.0, latency_fill_update_per_layer[0] = 1330560.0
Final per tile latency_per_layer[0]: 1,330,560
Final per tile stall_cycles_per_layer[0]: 0
Ideal case: no stall introduced by this level per this layer: cc_per_all_tiles_per_layer[0]: 1,330,560
Calculating per tile final latency and stall for layer 1 in DRAM: latency_read_drain_per_layer[1] = 246240.0, latency_fill_update_per_layer[1] = 246240.0
Final per tile latency_per_layer[1]: 246,240
Final per tile stall_cycles_per_layer[1]: 0
Ideal case: no stall introduced by this level per this layer: cc_per_all_tiles_per_layer[1]: 246,240
Calculating per tile final latency and stall for layer 2 in DRAM: latency_read_drain_per_layer[2] = 470880.0, latency_fill_update_per_layer[2] = 470880.0
Final per tile latency_per_layer[2]: 470,880
Final per tile stall_cycles_per_layer[2]: 0
Ideal case: no stall introduced by this level per this layer: cc_per_all_tiles_per_layer[2]: 470,880
Calculating per tile final latency and stall for layer 3 in DRAM: latency_read_drain_per_layer[3] = 470880.0, latency_fill_update_per_layer[3] = 470880.0
Final per tile latency_per_layer[3]: 470,880
Final per tile stall_cycles_per_layer[3]: 0
Ideal case: no stall introduced by this level per this layer: cc_per_all_tiles_per_layer[3]: 470,880
Calculating per tile final latency and stall for layer 4 in DRAM: latency_read_drain_per_layer[4] = 470880.0, latency_fill_update_per_layer[4] = 470880.0
Final per tile latency_per_layer[4]: 470,880
Final per tile stall_cycles_per_layer[4]: 0
Ideal case: no stall introduced by this level per this layer: cc_per_all_tiles_per_layer[4]: 470,880
Calculating per tile final latency and stall for layer 5 in DRAM: latency_read_drain_per_layer[5] = 470880.0, latency_fill_update_per_layer[5] = 470880.0
Final per tile latency_per_layer[5]: 470,880
Final per tile stall_cycles_per_layer[5]: 0
Ideal case: no stall introduced by this level per this layer: cc_per_all_tiles_per_layer[5]: 470,880
Calculating per tile final latency and stall for layer 6 in DRAM: latency_read_drain_per_layer[6] = 484429.09090909094, latency_fill_update_per_layer[6] = 484429.09090909094
Final per tile latency_per_layer[6]: 484,429
Final per tile stall_cycles_per_layer[6]: 0
Ideal case: no stall introduced by this level per this layer: cc_per_all_tiles_per_layer[6]: 484,429
Calculating per tile final latency and stall for layer 7 in DRAM: latency_read_drain_per_layer[7] = 2177280, latency_fill_update_per_layer[7] = 2177280
Final per tile latency_per_layer[7]: 2,177,280
Final per tile stall_cycles_per_layer[7]: 0
Ideal case: no stall introduced by this level per this layer: cc_per_all_tiles_per_layer[7]: 2,177,280


Final WMOPs and Latency calculation for Level: DRAM
Level: DRAM, Layer: 0
max_latency_per_layer[0]: 0 before update
level.getSettedLatencyPerLayer[0](): 1,330,560
Level: DRAM, Layer: 1
max_latency_per_layer[1]: 0 before update
level.getSettedLatencyPerLayer[1](): 246,240
Level: DRAM, Layer: 2
max_latency_per_layer[2]: 0 before update
level.getSettedLatencyPerLayer[2](): 470,880
Level: DRAM, Layer: 3
max_latency_per_layer[3]: 0 before update
level.getSettedLatencyPerLayer[3](): 470,880
Level: DRAM, Layer: 4
max_latency_per_layer[4]: 0 before update
level.getSettedLatencyPerLayer[4](): 470,880
Level: DRAM, Layer: 5
max_latency_per_layer[5]: 0 before update
level.getSettedLatencyPerLayer[5](): 470,880
Level: DRAM, Layer: 6
max_latency_per_layer[6]: 0 before update
level.getSettedLatencyPerLayer[6](): 484,429
Level: DRAM, Layer: 7
max_latency_per_layer[7]: 0 before update
level.getSettedLatencyPerLayer[7](): 2,177,280
Level DRAM: Thesis_8Layers_1081344KB_FMEM_16x128_PEs, max_latency (sequential layers): 6,122,029


Final WMOPs and Latency calculation for Level: FeatureMemory
Level: FeatureMemory, Layer: 0
max_latency_per_layer[0]: 1,330,560 before update
level.getSettedLatencyPerLayer[0](): 105
Level: FeatureMemory, Layer: 1
max_latency_per_layer[1]: 246,240 before update
level.getSettedLatencyPerLayer[1](): 21
Level: FeatureMemory, Layer: 2
max_latency_per_layer[2]: 470,880 before update
level.getSettedLatencyPerLayer[2](): 31
Level: FeatureMemory, Layer: 3
max_latency_per_layer[3]: 470,880 before update
level.getSettedLatencyPerLayer[3](): 31
Level: FeatureMemory, Layer: 4
max_latency_per_layer[4]: 470,880 before update
level.getSettedLatencyPerLayer[4](): 31
Level: FeatureMemory, Layer: 5
max_latency_per_layer[5]: 470,880 before update
level.getSettedLatencyPerLayer[5](): 31
Level: FeatureMemory, Layer: 6
max_latency_per_layer[6]: 484,429 before update
level.getSettedLatencyPerLayer[6](): 60
Level: FeatureMemory, Layer: 7
max_latency_per_layer[7]: 2,177,280 before update
level.getSettedLatencyPerLayer[7](): 458,705
Level FeatureMemory: Thesis_8Layers_1081344KB_FMEM_16x128_PEs, max_latency (sequential layers): 6,122,029


Final WMOPs and Latency calculation for Level: WeightMemory
Level: WeightMemory, Layer: 0
max_latency_per_layer[0]: 1,330,560 before update
level.getSettedLatencyPerLayer[0](): 308
Level: WeightMemory, Layer: 1
max_latency_per_layer[1]: 246,240 before update
level.getSettedLatencyPerLayer[1](): 57
Level: WeightMemory, Layer: 2
max_latency_per_layer[2]: 470,880 before update
level.getSettedLatencyPerLayer[2](): 109
Level: WeightMemory, Layer: 3
max_latency_per_layer[3]: 470,880 before update
level.getSettedLatencyPerLayer[3](): 109
Level: WeightMemory, Layer: 4
max_latency_per_layer[4]: 470,880 before update
level.getSettedLatencyPerLayer[4](): 109
Level: WeightMemory, Layer: 5
max_latency_per_layer[5]: 470,880 before update
level.getSettedLatencyPerLayer[5](): 109
Level: WeightMemory, Layer: 6
max_latency_per_layer[6]: 484,429 before update
level.getSettedLatencyPerLayer[6](): 52
Level: WeightMemory, Layer: 7
max_latency_per_layer[7]: 2,177,280 before update
level.getSettedLatencyPerLayer[7](): 2,177,280
Level WeightMemory: Thesis_8Layers_1081344KB_FMEM_16x128_PEs, max_latency (sequential layers): 6,122,029


Final WMOPs and Latency calculation for Level: SACols_7


Final WMOPs and Latency calculation for Level: SARows_7


Final WMOPs and Latency calculation for Level: SACols_6


Final WMOPs and Latency calculation for Level: SARows_6


Final WMOPs and Latency calculation for Level: SACols_5


Final WMOPs and Latency calculation for Level: SARows_5


Final WMOPs and Latency calculation for Level: SACols_4


Final WMOPs and Latency calculation for Level: SARows_4


Final WMOPs and Latency calculation for Level: SACols_3


Final WMOPs and Latency calculation for Level: SARows_3


Final WMOPs and Latency calculation for Level: SACols_2


Final WMOPs and Latency calculation for Level: SARows_2


Final WMOPs and Latency calculation for Level: SACols_1


Final WMOPs and Latency calculation for Level: SARows_1


Final WMOPs and Latency calculation for Level: SACols_0


Final WMOPs and Latency calculation for Level: SARows_0


Final WMOPs and Latency calculation for Level: WeightRegister
Level: WeightRegister, Layer: 0
max_latency_per_layer[0]: 1,330,560 before update
level.getSettedLatencyPerLayer[0](): 1
Level: WeightRegister, Layer: 1
max_latency_per_layer[1]: 246,240 before update
level.getSettedLatencyPerLayer[1](): 1
Level: WeightRegister, Layer: 2
max_latency_per_layer[2]: 470,880 before update
level.getSettedLatencyPerLayer[2](): 1
Level: WeightRegister, Layer: 3
max_latency_per_layer[3]: 470,880 before update
level.getSettedLatencyPerLayer[3](): 1
Level: WeightRegister, Layer: 4
max_latency_per_layer[4]: 470,880 before update
level.getSettedLatencyPerLayer[4](): 1
Level: WeightRegister, Layer: 5
max_latency_per_layer[5]: 470,880 before update
level.getSettedLatencyPerLayer[5](): 1
Level: WeightRegister, Layer: 6
max_latency_per_layer[6]: 484,429 before update
level.getSettedLatencyPerLayer[6](): 1
Level: WeightRegister, Layer: 7
max_latency_per_layer[7]: 2,177,280 before update
level.getSettedLatencyPerLayer[7](): 2,177,280
Level WeightRegister: Thesis_8Layers_1081344KB_FMEM_16x128_PEs, max_latency (sequential layers): 6,122,029


Final WMOPs and Latency calculation for Level: AccumulationIntermediateOutputRegister
Level: AccumulationIntermediateOutputRegister, Layer: 0
max_latency_per_layer[0]: 1,330,560 before update
level.getSettedLatencyPerLayer[0](): 1
Level: AccumulationIntermediateOutputRegister, Layer: 1
max_latency_per_layer[1]: 246,240 before update
level.getSettedLatencyPerLayer[1](): 1
Level: AccumulationIntermediateOutputRegister, Layer: 2
max_latency_per_layer[2]: 470,880 before update
level.getSettedLatencyPerLayer[2](): 1
Level: AccumulationIntermediateOutputRegister, Layer: 3
max_latency_per_layer[3]: 470,880 before update
level.getSettedLatencyPerLayer[3](): 1
Level: AccumulationIntermediateOutputRegister, Layer: 4
max_latency_per_layer[4]: 470,880 before update
level.getSettedLatencyPerLayer[4](): 1
Level: AccumulationIntermediateOutputRegister, Layer: 5
max_latency_per_layer[5]: 470,880 before update
level.getSettedLatencyPerLayer[5](): 1
Level: AccumulationIntermediateOutputRegister, Layer: 6
max_latency_per_layer[6]: 484,429 before update
level.getSettedLatencyPerLayer[6](): 1
Level: AccumulationIntermediateOutputRegister, Layer: 7
max_latency_per_layer[7]: 2,177,280 before update
level.getSettedLatencyPerLayer[7](): 2,177,280
Level AccumulationIntermediateOutputRegister: Thesis_8Layers_1081344KB_FMEM_16x128_PEs, max_latency (sequential layers): 6,122,029


Final WMOPs and Latency calculation for Level: AccumulationOutputRegister
Level: AccumulationOutputRegister, Layer: 0
max_latency_per_layer[0]: 1,330,560 before update
level.getSettedLatencyPerLayer[0](): 1
Level: AccumulationOutputRegister, Layer: 1
max_latency_per_layer[1]: 246,240 before update
level.getSettedLatencyPerLayer[1](): 1
Level: AccumulationOutputRegister, Layer: 2
max_latency_per_layer[2]: 470,880 before update
level.getSettedLatencyPerLayer[2](): 1
Level: AccumulationOutputRegister, Layer: 3
max_latency_per_layer[3]: 470,880 before update
level.getSettedLatencyPerLayer[3](): 1
Level: AccumulationOutputRegister, Layer: 4
max_latency_per_layer[4]: 470,880 before update
level.getSettedLatencyPerLayer[4](): 1
Level: AccumulationOutputRegister, Layer: 5
max_latency_per_layer[5]: 470,880 before update
level.getSettedLatencyPerLayer[5](): 1
Level: AccumulationOutputRegister, Layer: 6
max_latency_per_layer[6]: 484,429 before update
level.getSettedLatencyPerLayer[6](): 1
Level: AccumulationOutputRegister, Layer: 7
max_latency_per_layer[7]: 2,177,280 before update
level.getSettedLatencyPerLayer[7](): 2,177,280
Level AccumulationOutputRegister: Thesis_8Layers_1081344KB_FMEM_16x128_PEs, max_latency (sequential layers): 6,122,029


Final WMOPs and Latency calculation for Level: Compute
Compute level latency: 1
Compute latency for layer 0: 1,296,000
Compute latency for layer 1: 241,920
Compute latency for layer 2: 466,560
Compute latency for layer 3: 466,560
Compute latency for layer 4: 466,560
Compute latency for layer 5: 466,560
Compute latency for layer 6: 207,360
Compute latency for layer 7: 2,177,280
max_latency initially: 6122029.090909091
compute_latency from compute level: 5,788,800
max_latency after compute: 6,122,029, before fanout_level
é stato chiamato update stats! 




Questo mops è chiamato da update stats
Level: DRAM, arch bypasses for the level: ['int_in', 'int_out'], in_bp: 1, w_bp: 0, out_bp: 1, int_in_bp: 0, int_out_bp: 0
DEBUG updateStats pre scaling: Level DRAM:
  in_reads: 1555200
  per_layer_w_reads: {0: 4200, 1: 672, 2: 1296, 3: 1296, 4: 1296, 5: 1296, 6: 672, 7: 8064}
  per_layer_int_in_reads: {0: 0, 1: 0, 2: 0, 3: 0, 4: 0, 5: 0, 6: 0}
  per_layer_int_out_reads: {0: 0, 1: 0, 2: 0, 3: 0, 4: 0, 5: 0, 6: 0}
  per_layer_int_out_writes: {0: 0, 1: 0, 2: 0, 3: 0, 4: 0, 5: 0, 6: 0}
  out_reads: 8294400
  out_writes: 8294400
  out_reads_factors: 1
scale_per_layer[0]: 1, temporal_iterations_per_layer[0]: 1, spatial_iterations_per_layer[0]: 1
DEBUG: results after scaling: Level DRAM: in_reads=1555200, w_reads=18792, int_in_reads=0, int_out_reads=0, int_out_writes=0, out_writes=8294400, out_reads=8294400, out_reads_factors=1
DEBUG: Level DRAM adjusted out_reads for no bias read: 0
DEBUG: Level DRAM bypasses intermediate storage
DEBUG updateStats post scaling: Level DRAM:
  in_reads: 1,555,200
  per_layer_w_reads: {0: 4200, 1: 672, 2: 1296, 3: 1296, 4: 1296, 5: 1296, 6: 672, 7: 8064}
  w_reads: 18,792
  per_layer_int_in_reads: {0: 0, 1: 0, 2: 0, 3: 0, 4: 0, 5: 0, 6: 0}
  per_layer_int_in_writes: {0: 0, 1: 0, 2: 0, 3: 0, 4: 0, 5: 0, 6: 0}
  int_in_reads: 0
  per_layer_int_out_reads: {0: 0, 1: 0, 2: 0, 3: 0, 4: 0, 5: 0, 6: 0}
  per_layer_int_out_writes: {0: 0, 1: 0, 2: 0, 3: 0, 4: 0, 5: 0, 6: 0}
  int_out_reads: 0
  out_reads: 0
  out_writes: 8,294,400
  out_reads_factors: 1
in_writes: 0, w_writes: 0, int_in_writes: 0, int_out_writes: 0, out_writes: 8294400
Name of the level: DRAM, level active instances per layer: {0: 1, 1: 1, 2: 1, 3: 1, 4: 1, 5: 1, 6: 1, 7: 1}, level active instances: 1
Level DRAM, Layer 0: total_reads = 1559400, total_writes = 0
Level DRAM, Layer 1: total_reads = 672, total_writes = 0
Level DRAM, Layer 2: total_reads = 1296, total_writes = 0
Level DRAM, Layer 3: total_reads = 1296, total_writes = 0
Level DRAM, Layer 4: total_reads = 1296, total_writes = 0
Level DRAM, Layer 5: total_reads = 1296, total_writes = 0
Level DRAM, Layer 6: total_reads = 672, total_writes = 0
DEBUG: Level DRAM, Layer 7, per_layer_int_in_reads6: 0, per_layer_w_reads7: 8064, out_reads: 0
Level DRAM, Layer 7: total_reads = 8064, total_writes = 8294400
Check: Per Layer Total reads: {0: 1559400, 1: 672, 2: 1296, 3: 1296, 4: 1296, 5: 1296, 6: 672, 7: 8064}, total: 1573992
Check: Per Layer Total writes: {0: 0, 1: 0, 2: 0, 3: 0, 4: 0, 5: 0, 6: 0, 7: 8294400}, 
 total: 8294400
Level DRAM total WMOPs from per layer sum: 315,788,544.000
Level DRAM total WMOPs from total reads/writes: 315,788,544.000
End first part of update for level: DRAM



Questo mops è chiamato da update stats
Level: FeatureMemory, arch bypasses for the level: ['w'], in_bp: 0, w_bp: 0, out_bp: 0, int_in_bp: 0, int_out_bp: 0
DEBUG updateStats pre scaling: Level FeatureMemory:
  in_reads: 36000
  per_layer_w_reads: {0: 0, 1: 0, 2: 0, 3: 0, 4: 0, 5: 0, 6: 0, 7: 0}
  per_layer_int_in_reads: {0: 6720, 1: 12960, 2: 12960, 3: 12960, 4: 12960, 5: 5760, 6: 60480}
  per_layer_int_out_reads: {0: 6720, 1: 1440, 2: 1440, 3: 1440, 4: 1440, 5: 1440, 6: 6720}
  per_layer_int_out_writes: {0: 6720, 1: 1440, 2: 1440, 3: 1440, 4: 1440, 5: 1440, 6: 6720}
  out_reads: 1920
  out_writes: 1920
  out_reads_factors: 1
scale_per_layer[0]: 4320, temporal_iterations_per_layer[0]: 4320, spatial_iterations_per_layer[0]: 1
DEBUG: results after scaling: Level FeatureMemory: in_reads=155520000, w_reads=0, int_in_reads=539136000, int_out_reads=89164800, int_out_writes=89164800, out_writes=8294400, out_reads=8294400, out_reads_factors=1
DEBUG: Level FeatureMemory adjusted out_reads for no bias read: 0
DEBUG updateStats post scaling: Level FeatureMemory:
  in_reads: 155,520,000
  per_layer_w_reads: {0: 0, 1: 0, 2: 0, 3: 0, 4: 0, 5: 0, 6: 0, 7: 0}
  w_reads: 0
  per_layer_int_in_reads: {0: 29030400, 1: 55987200, 2: 55987200, 3: 55987200, 4: 55987200, 5: 24883200, 6: 261273600}
  per_layer_int_in_writes: {0: 0, 1: 0, 2: 0, 3: 0, 4: 0, 5: 0, 6: 0}
  int_in_reads: 539,136,000
  per_layer_int_out_reads: {0: 29030400, 1: 6220800, 2: 6220800, 3: 6220800, 4: 6220800, 5: 6220800, 6: 29030400}
  per_layer_int_out_writes: {0: 29030400, 1: 6220800, 2: 6220800, 3: 6220800, 4: 6220800, 5: 6220800, 6: 29030400}
  int_out_reads: 89,164,800
  out_reads: 8,294,400
  out_writes: 8,294,400
  out_reads_factors: 1
in_writes: 1555200, w_writes: 0, int_in_writes: 0, int_out_writes: 89164800, out_writes: 8294400
Name of the level: FeatureMemory, level active instances per layer: {0: 1, 1: 1, 2: 1, 3: 1, 4: 1, 5: 1, 6: 1, 7: 1}, level active instances: 1
Level FeatureMemory, Layer 0: total_reads = 184550400, total_writes = 30585600
Level FeatureMemory, Layer 1: total_reads = 35251200, total_writes = 6220800
Level FeatureMemory, Layer 2: total_reads = 62208000, total_writes = 6220800
Level FeatureMemory, Layer 3: total_reads = 62208000, total_writes = 6220800
Level FeatureMemory, Layer 4: total_reads = 62208000, total_writes = 6220800
Level FeatureMemory, Layer 5: total_reads = 62208000, total_writes = 6220800
Level FeatureMemory, Layer 6: total_reads = 53913600, total_writes = 29030400
DEBUG: Level FeatureMemory, Layer 7, per_layer_int_in_reads6: 261273600, per_layer_w_reads7: 0, out_reads: 8294400
Level FeatureMemory, Layer 7: total_reads = 269568000, total_writes = 8294400
Check: Per Layer Total reads: {0: 184550400, 1: 35251200, 2: 62208000, 3: 62208000, 4: 62208000, 5: 62208000, 6: 53913600, 7: 269568000}, total: 792115200
Check: Per Layer Total writes: {0: 30585600, 1: 6220800, 2: 6220800, 3: 6220800, 4: 6220800, 5: 6220800, 6: 29030400, 7: 8294400}, 
 total: 99014400
Level FeatureMemory total WMOPs from per layer sum: 1,033,191,753.382
Level FeatureMemory total WMOPs from total reads/writes: 1,033,191,753.382
End first part of update for level: FeatureMemory



Questo mops è chiamato da update stats
Level: WeightMemory, arch bypasses for the level: ['in', 'int_in', 'int_out', 'out'], in_bp: 0, w_bp: 1, out_bp: 0, int_in_bp: 0, int_out_bp: 0
DEBUG updateStats pre scaling: Level WeightMemory:
  in_reads: 0
  per_layer_w_reads: {0: 4200, 1: 672, 2: 1296, 3: 1296, 4: 1296, 5: 1296, 6: 672, 7: 8064}
  per_layer_int_in_reads: {0: 0, 1: 0, 2: 0, 3: 0, 4: 0, 5: 0, 6: 0}
  per_layer_int_out_reads: {0: 0, 1: 0, 2: 0, 3: 0, 4: 0, 5: 0, 6: 0}
  per_layer_int_out_writes: {0: 0, 1: 0, 2: 0, 3: 0, 4: 0, 5: 0, 6: 0}
  out_reads: 0
  out_writes: 0
  out_reads_factors: 0
scale_per_layer[0] = 4320, temporal_iterations_per_layer[0] = 4320, spatial_iterations_per_layer[0] = 1
scale_per_layer[0]: 4320, temporal_iterations_per_layer[0]: 4320, spatial_iterations_per_layer[0]: 1
DEBUG: results after scaling: Level WeightMemory: in_reads=0, w_reads=81181440, int_in_reads=0, int_out_reads=0, int_out_writes=0, out_writes=0, out_reads=0, out_reads_factors=0
DEBUG: Level WeightMemory bypasses intermediate storage
DEBUG updateStats post scaling: Level WeightMemory:
  in_reads: 0
  per_layer_w_reads: {0: 18144000, 1: 2903040, 2: 5598720, 3: 5598720, 4: 5598720, 5: 5598720, 6: 2903040, 7: 34836480}
  w_reads: 81,181,440
  per_layer_int_in_reads: {0: 0, 1: 0, 2: 0, 3: 0, 4: 0, 5: 0, 6: 0}
  per_layer_int_in_writes: {0: 0, 1: 0, 2: 0, 3: 0, 4: 0, 5: 0, 6: 0}
  int_in_reads: 0
  per_layer_int_out_reads: {0: 0, 1: 0, 2: 0, 3: 0, 4: 0, 5: 0, 6: 0}
  per_layer_int_out_writes: {0: 0, 1: 0, 2: 0, 3: 0, 4: 0, 5: 0, 6: 0}
  int_out_reads: 0
  out_reads: 0
  out_writes: 0
  out_reads_factors: 0
in_writes: 0, w_writes: 18792, int_in_writes: 0, int_out_writes: 0, out_writes: 0
Name of the level: WeightMemory, level active instances per layer: {0: 1, 1: 1, 2: 1, 3: 1, 4: 1, 5: 1, 6: 1, 7: 1}, level active instances: 1
Level WeightMemory, Layer 0: total_reads = 18144000, total_writes = 4200
Level WeightMemory, Layer 1: total_reads = 2903040, total_writes = 672
Level WeightMemory, Layer 2: total_reads = 5598720, total_writes = 1296
Level WeightMemory, Layer 3: total_reads = 5598720, total_writes = 1296
Level WeightMemory, Layer 4: total_reads = 5598720, total_writes = 1296
Level WeightMemory, Layer 5: total_reads = 5598720, total_writes = 1296
Level WeightMemory, Layer 6: total_reads = 2903040, total_writes = 672
DEBUG: Level WeightMemory, Layer 7, per_layer_int_in_reads6: 0, per_layer_w_reads7: 34836480, out_reads: 0
Level WeightMemory, Layer 7: total_reads = 34836480, total_writes = 8064
Check: Per Layer Total reads: {0: 18144000, 1: 2903040, 2: 5598720, 3: 5598720, 4: 5598720, 5: 5598720, 6: 2903040, 7: 34836480}, total: 81181440
Check: Per Layer Total writes: {0: 4200, 1: 672, 2: 1296, 3: 1296, 4: 1296, 5: 1296, 6: 672, 7: 8064}, 
 total: 18792
Level WeightMemory total WMOPs from per layer sum: 1,097,456,408.245
Level WeightMemory total WMOPs from total reads/writes: 1,097,456,408.245
End first part of update for level: WeightMemory



Calculating Fanout Level: SACols_7, updating spatial and last reads
Fanout Level SACols_7, Layer 7, dim Q, layer_iterations: 120
End of the first part of Update Stats for fanout level: SACols_7


Calculating Fanout Level: SARows_7, updating spatial and last reads
Fanout Level SARows_7, Layer 7, dim Z7, layer_iterations: 16
End of the first part of Update Stats for fanout level: SARows_7


Calculating Fanout Level: SACols_6, updating spatial and last reads
Fanout Level SACols_6, Layer 6, dim X6, layer_iterations: 120
End of the first part of Update Stats for fanout level: SACols_6


Calculating Fanout Level: SARows_6, updating spatial and last reads
Fanout Level SARows_6, Layer 6, dim Z6, layer_iterations: 14
End of the first part of Update Stats for fanout level: SARows_6


Calculating Fanout Level: SACols_5, updating spatial and last reads
Fanout Level SACols_5, Layer 5, dim X5, layer_iterations: 120
End of the first part of Update Stats for fanout level: SACols_5


Calculating Fanout Level: SARows_5, updating spatial and last reads
Fanout Level SARows_5, Layer 5, dim Z5, layer_iterations: 12
End of the first part of Update Stats for fanout level: SARows_5


Calculating Fanout Level: SACols_4, updating spatial and last reads
Fanout Level SACols_4, Layer 4, dim X4, layer_iterations: 120
End of the first part of Update Stats for fanout level: SACols_4


Calculating Fanout Level: SARows_4, updating spatial and last reads
Fanout Level SARows_4, Layer 4, dim Z4, layer_iterations: 12
End of the first part of Update Stats for fanout level: SARows_4


Calculating Fanout Level: SACols_3, updating spatial and last reads
Fanout Level SACols_3, Layer 3, dim X3, layer_iterations: 120
End of the first part of Update Stats for fanout level: SACols_3


Calculating Fanout Level: SARows_3, updating spatial and last reads
Fanout Level SARows_3, Layer 3, dim Z3, layer_iterations: 12
End of the first part of Update Stats for fanout level: SARows_3


Calculating Fanout Level: SACols_2, updating spatial and last reads
Fanout Level SACols_2, Layer 2, dim X2, layer_iterations: 120
End of the first part of Update Stats for fanout level: SACols_2


Calculating Fanout Level: SARows_2, updating spatial and last reads
Fanout Level SARows_2, Layer 2, dim Z2, layer_iterations: 12
End of the first part of Update Stats for fanout level: SARows_2


Calculating Fanout Level: SACols_1, updating spatial and last reads
Fanout Level SACols_1, Layer 1, dim X1, layer_iterations: 120
End of the first part of Update Stats for fanout level: SACols_1


Calculating Fanout Level: SARows_1, updating spatial and last reads
Fanout Level SARows_1, Layer 1, dim Z1, layer_iterations: 12
End of the first part of Update Stats for fanout level: SARows_1


Calculating Fanout Level: SACols_0, updating spatial and last reads
Fanout Level SACols_0, Layer 0, dim X0, layer_iterations: 120
End of the first part of Update Stats for fanout level: SACols_0


Calculating Fanout Level: SARows_0, updating spatial and last reads
Fanout Level SARows_0, Layer 0, dim Z0, layer_iterations: 14
End of the first part of Update Stats for fanout level: SARows_0


Questo mops è chiamato da update stats
Level: WeightRegister, arch bypasses for the level: ['in', 'int_in', 'int_out', 'out'], in_bp: 0, w_bp: 0, out_bp: 0, int_in_bp: 0, int_out_bp: 0
DEBUG updateStats pre scaling: Level WeightRegister:
  in_reads: 0
  per_layer_w_reads: {0: 1, 1: 1, 2: 1, 3: 1, 4: 1, 5: 1, 6: 1, 7: 1}
  per_layer_int_in_reads: {0: 0, 1: 0, 2: 0, 3: 0, 4: 0, 5: 0, 6: 0}
  per_layer_int_out_reads: {0: 0, 1: 0, 2: 0, 3: 0, 4: 0, 5: 0, 6: 0}
  per_layer_int_out_writes: {0: 0, 1: 0, 2: 0, 3: 0, 4: 0, 5: 0, 6: 0}
  out_reads: 0
  out_writes: 0
  out_reads_factors: 0
scale_per_layer[0]: 2177280000, temporal_iterations_per_layer[0]: 1296000, spatial_iterations_per_layer[0]: 1680
DEBUG: results after scaling: Level WeightRegister: in_reads=0, w_reads=9741772800, int_in_reads=0, int_out_reads=0, int_out_writes=0, out_writes=0, out_reads=0, out_reads_factors=0
DEBUG: Level WeightRegister bypasses intermediate storage
DEBUG updateStats post scaling: Level WeightRegister:
  in_reads: 0
  per_layer_w_reads: {0: 2177280000, 1: 348364800, 2: 671846400, 3: 671846400, 4: 671846400, 5: 671846400, 6: 348364800, 7: 4180377600}
  w_reads: 9,741,772,800
  per_layer_int_in_reads: {0: 0, 1: 0, 2: 0, 3: 0, 4: 0, 5: 0, 6: 0}
  per_layer_int_in_writes: {0: 0, 1: 0, 2: 0, 3: 0, 4: 0, 5: 0, 6: 0}
  int_in_reads: 0
  per_layer_int_out_reads: {0: 0, 1: 0, 2: 0, 3: 0, 4: 0, 5: 0, 6: 0}
  per_layer_int_out_writes: {0: 0, 1: 0, 2: 0, 3: 0, 4: 0, 5: 0, 6: 0}
  int_out_reads: 0
  out_reads: 0
  out_writes: 0
  out_reads_factors: 0
in_writes: 0, w_writes: 9741772800, int_in_writes: 0, int_out_writes: 0, out_writes: 0
Name of the level: WeightRegister, level active instances per layer: {0: 1680, 1: 1440, 2: 1440, 3: 1440, 4: 1440, 5: 1440, 6: 1680, 7: 1920}, level active instances: 33553069206876979200000000
Level WeightRegister, Layer 0: total_reads = 2177280000, total_writes = 2177280000
Level WeightRegister, Layer 1: total_reads = 348364800, total_writes = 348364800
Level WeightRegister, Layer 2: total_reads = 671846400, total_writes = 671846400
Level WeightRegister, Layer 3: total_reads = 671846400, total_writes = 671846400
Level WeightRegister, Layer 4: total_reads = 671846400, total_writes = 671846400
Level WeightRegister, Layer 5: total_reads = 671846400, total_writes = 671846400
Level WeightRegister, Layer 6: total_reads = 348364800, total_writes = 348364800
DEBUG: Level WeightRegister, Layer 7, per_layer_int_in_reads6: 0, per_layer_w_reads7: 4180377600, out_reads: 0
Level WeightRegister, Layer 7: total_reads = 4180377600, total_writes = 4180377600
Check: Per Layer Total reads: {0: 2177280000, 1: 348364800, 2: 671846400, 3: 671846400, 4: 671846400, 5: 671846400, 6: 348364800, 7: 4180377600}, total: 9741772800
Check: Per Layer Total writes: {0: 2177280000, 1: 348364800, 2: 671846400, 3: 671846400, 4: 671846400, 5: 671846400, 6: 348364800, 7: 4180377600}, 
 total: 9741772800
Level WeightRegister total WMOPs from per layer sum: 16,517,404,142.965
Level WeightRegister total WMOPs from total reads/writes: 16,517,404,142.965
End first part of update for level: WeightRegister



Questo mops è chiamato da update stats
Level: AccumulationIntermediateOutputRegister, arch bypasses for the level: ['in', 'w', 'out', 'int_in'], in_bp: 0, w_bp: 0, out_bp: 0, int_in_bp: 0, int_out_bp: 0
DEBUG updateStats pre scaling: Level AccumulationIntermediateOutputRegister:
  in_reads: 0
  per_layer_w_reads: {0: 0, 1: 0, 2: 0, 3: 0, 4: 0, 5: 0, 6: 0, 7: 0}
  per_layer_int_in_reads: {0: 0, 1: 0, 2: 0, 3: 0, 4: 0, 5: 0, 6: 0}
  per_layer_int_out_reads: {0: 1, 1: 1, 2: 1, 3: 1, 4: 1, 5: 1, 6: 1}
  per_layer_int_out_writes: {0: 1, 1: 1, 2: 1, 3: 1, 4: 1, 5: 1, 6: 1}
  out_reads: 0
  out_writes: 0
  out_reads_factors: 0
scale_per_layer[0]: 2177280000, temporal_iterations_per_layer[0]: 1296000, spatial_iterations_per_layer[0]: 1680
DEBUG: results after scaling: Level AccumulationIntermediateOutputRegister: in_reads=0, w_reads=0, int_in_reads=0, int_out_reads=5561395200, int_out_writes=5561395200, out_writes=0, out_reads=0, out_reads_factors=0
DEBUG updateStats post scaling: Level AccumulationIntermediateOutputRegister:
  in_reads: 0
  per_layer_w_reads: {0: 0, 1: 0, 2: 0, 3: 0, 4: 0, 5: 0, 6: 0, 7: 0}
  w_reads: 0
  per_layer_int_in_reads: {0: 0, 1: 0, 2: 0, 3: 0, 4: 0, 5: 0, 6: 0}
  per_layer_int_in_writes: {0: 0, 1: 0, 2: 0, 3: 0, 4: 0, 5: 0, 6: 0}
  int_in_reads: 0
  per_layer_int_out_reads: {0: 2206310400, 1: 354585600, 2: 678067200, 3: 678067200, 4: 678067200, 5: 678067200, 6: 377395200}
  per_layer_int_out_writes: {0: 2206310400, 1: 354585600, 2: 678067200, 3: 678067200, 4: 678067200, 5: 678067200, 6: 377395200}
  int_out_reads: 5,561,395,200
  out_reads: 0
  out_writes: 0
  out_reads_factors: 0
in_writes: 0, w_writes: 0, int_in_writes: 0, int_out_writes: 5561395200, out_writes: 0
Name of the level: AccumulationIntermediateOutputRegister, level active instances per layer: {0: 1680, 1: 1440, 2: 1440, 3: 1440, 4: 1440, 5: 1440, 6: 1680, 7: 1920}, level active instances: 33553069206876979200000000
Level AccumulationIntermediateOutputRegister, Layer 0: total_reads = 2206310400, total_writes = 2206310400
Level AccumulationIntermediateOutputRegister, Layer 1: total_reads = 354585600, total_writes = 354585600
Level AccumulationIntermediateOutputRegister, Layer 2: total_reads = 678067200, total_writes = 678067200
Level AccumulationIntermediateOutputRegister, Layer 3: total_reads = 678067200, total_writes = 678067200
Level AccumulationIntermediateOutputRegister, Layer 4: total_reads = 678067200, total_writes = 678067200
Level AccumulationIntermediateOutputRegister, Layer 5: total_reads = 678067200, total_writes = 678067200
Level AccumulationIntermediateOutputRegister, Layer 6: total_reads = 377395200, total_writes = 377395200
DEBUG: Level AccumulationIntermediateOutputRegister, Layer 7, per_layer_int_in_reads6: 0, per_layer_w_reads7: 0, out_reads: 0
Level AccumulationIntermediateOutputRegister, Layer 7: total_reads = 0, total_writes = 0
Check: Per Layer Total reads: {0: 2206310400, 1: 354585600, 2: 678067200, 3: 678067200, 4: 678067200, 5: 678067200, 6: 377395200, 7: 0}, total: 5650560000
Check: Per Layer Total writes: {0: 2206310400, 1: 354585600, 2: 678067200, 3: 678067200, 4: 678067200, 5: 678067200, 6: 377395200, 7: 0}, 
 total: 5650560000
Level AccumulationIntermediateOutputRegister total WMOPs from per layer sum: 18,807,742,008.708
Level AccumulationIntermediateOutputRegister total WMOPs from total reads/writes: 18,771,600,897.432
End first part of update for level: AccumulationIntermediateOutputRegister



Questo mops è chiamato da update stats
Level: AccumulationOutputRegister, arch bypasses for the level: ['in', 'w', 'int_in', 'int_out'], in_bp: 0, w_bp: 0, out_bp: 1, int_in_bp: 0, int_out_bp: 0
DEBUG updateStats pre scaling: Level AccumulationOutputRegister:
  in_reads: 0
  per_layer_w_reads: {0: 0, 1: 0, 2: 0, 3: 0, 4: 0, 5: 0, 6: 0, 7: 0}
  per_layer_int_in_reads: {0: 0, 1: 0, 2: 0, 3: 0, 4: 0, 5: 0, 6: 0}
  per_layer_int_out_reads: {0: 0, 1: 0, 2: 0, 3: 0, 4: 0, 5: 0, 6: 0}
  per_layer_int_out_writes: {0: 0, 1: 0, 2: 0, 3: 0, 4: 0, 5: 0, 6: 0}
  out_reads: 1
  out_writes: 1
  out_reads_factors: 1
scale_per_layer[0]: 2177280000, temporal_iterations_per_layer[0]: 1296000, spatial_iterations_per_layer[0]: 1680
DEBUG: results after scaling: Level AccumulationOutputRegister: in_reads=0, w_reads=0, int_in_reads=0, int_out_reads=0, int_out_writes=0, out_writes=4180377600, out_reads=4180377600, out_reads_factors=504
DEBUG: Level AccumulationOutputRegister adjusted out_reads for no bias read: 4172083200
DEBUG: Level AccumulationOutputRegister bypasses intermediate storage
DEBUG updateStats post scaling: Level AccumulationOutputRegister:
  in_reads: 0
  per_layer_w_reads: {0: 0, 1: 0, 2: 0, 3: 0, 4: 0, 5: 0, 6: 0, 7: 0}
  w_reads: 0
  per_layer_int_in_reads: {0: 0, 1: 0, 2: 0, 3: 0, 4: 0, 5: 0, 6: 0}
  per_layer_int_in_writes: {0: 0, 1: 0, 2: 0, 3: 0, 4: 0, 5: 0, 6: 0}
  int_in_reads: 0
  per_layer_int_out_reads: {0: 0, 1: 0, 2: 0, 3: 0, 4: 0, 5: 0, 6: 0}
  per_layer_int_out_writes: {0: 0, 1: 0, 2: 0, 3: 0, 4: 0, 5: 0, 6: 0}
  int_out_reads: 0
  out_reads: 4,180,377,600
  out_writes: 4,180,377,600
  out_reads_factors: 504
in_writes: 0, w_writes: 0, int_in_writes: 0, int_out_writes: 0, out_writes: 4180377600
Name of the level: AccumulationOutputRegister, level active instances per layer: {0: 1680, 1: 1440, 2: 1440, 3: 1440, 4: 1440, 5: 1440, 6: 1680, 7: 1920}, level active instances: 33553069206876979200000000
Level AccumulationOutputRegister, Layer 0: total_reads = 0, total_writes = 0
Level AccumulationOutputRegister, Layer 1: total_reads = 0, total_writes = 0
Level AccumulationOutputRegister, Layer 2: total_reads = 0, total_writes = 0
Level AccumulationOutputRegister, Layer 3: total_reads = 0, total_writes = 0
Level AccumulationOutputRegister, Layer 4: total_reads = 0, total_writes = 0
Level AccumulationOutputRegister, Layer 5: total_reads = 0, total_writes = 0
Level AccumulationOutputRegister, Layer 6: total_reads = 0, total_writes = 0
DEBUG: Level AccumulationOutputRegister, Layer 7, per_layer_int_in_reads6: 0, per_layer_w_reads7: 0, out_reads: 4180377600
Level AccumulationOutputRegister, Layer 7: total_reads = 4180377600, total_writes = 4180377600
Check: Per Layer Total reads: {0: 0, 1: 0, 2: 0, 3: 0, 4: 0, 5: 0, 6: 0, 7: 4180377600}, total: 4180377600
Check: Per Layer Total writes: {0: 0, 1: 0, 2: 0, 3: 0, 4: 0, 5: 0, 6: 0, 7: 4180377600}, 
 total: 4180377600
Level AccumulationOutputRegister total WMOPs from per layer sum: 20,502,171,783.878
Level AccumulationOutputRegister total WMOPs from total reads/writes: 20,466,030,672.602
End first part of update for level: AccumulationOutputRegister



Calculating WMOPs for Compute Level
Compute Level Compute WMOPs_per_layer: {0: 5067670895.6757145, 1: 809179282.8085518, 2: 1548918012.8489628, 3: 1548918012.8489628, 4: 1548918012.8489628, 5: 1548918012.8489628, 6: 851811685.5493333, 7: 9768363407.582376}
WMOPs_till_now before compute level: 20,502,171,783.878
Compute Level Compute total WMOPs from per layer sum: 22692697323.011826
Compute Level Compute total WMOPs: 5.060444066824496e+70
Total WMOPs after adding compute level: 43194869106.88963
END FIRST PART OF UPDATE STATS


First cc_per_tile, it is from compute = 1
First cc_per_tile_per_layer it is from compute = {0: 1, 1: 1, 2: 1, 3: 1, 4: 1, 5: 1, 6: 1, 7: 1}


Calculating Latency for Level: AccumulationOutputRegister

Latency for layer: 0 of Level: AccumulationOutputRegister
level.active_instances_per_layer[0]: 1680
level.temporal_iterations_per_layer[0]: 1296000
Scaling per layer[0]: 2,177,280,000
Single Tile latency: cc_per_tile_per_layer[0]: 1
Ideal Case, Latency at this level without stalls: cc_per_all_tiles_per_layer[0]: 1
SCALED cc_per_all_tiles_per_layer[0]: 2,177,280,000
level.getReadPerLayer[0](): 0
  (For comparison - full reads including accumulation: 0)
ideal_bandwidth_read_per_layer[0]: 0.0
level.getDrainPerLayer[0](): 0
ideal_bandwidth_drain_per_layer[0]: 0.0
ideal_bandwidth_update_per_layer[0]: 0.0
  (For comparison - full updates including accumulation: 0)
level.getFillPerLayer[0](): 0
ideal_bandwidth_fill_per_layer[0]: 0.0

Latency for layer: 1 of Level: AccumulationOutputRegister
level.active_instances_per_layer[1]: 1440
level.temporal_iterations_per_layer[1]: 241920
Scaling per layer[1]: 348,364,800
Single Tile latency: cc_per_tile_per_layer[1]: 1
Ideal Case, Latency at this level without stalls: cc_per_all_tiles_per_layer[1]: 1
SCALED cc_per_all_tiles_per_layer[1]: 348,364,800
level.getReadPerLayer[1](): 0
  (For comparison - full reads including accumulation: 0)
ideal_bandwidth_read_per_layer[1]: 0.0
level.getDrainPerLayer[1](): 0
ideal_bandwidth_drain_per_layer[1]: 0.0
ideal_bandwidth_update_per_layer[1]: 0.0
  (For comparison - full updates including accumulation: 0)
level.getFillPerLayer[1](): 0
ideal_bandwidth_fill_per_layer[1]: 0.0

Latency for layer: 2 of Level: AccumulationOutputRegister
level.active_instances_per_layer[2]: 1440
level.temporal_iterations_per_layer[2]: 466560
Scaling per layer[2]: 671,846,400
Single Tile latency: cc_per_tile_per_layer[2]: 1
Ideal Case, Latency at this level without stalls: cc_per_all_tiles_per_layer[2]: 1
SCALED cc_per_all_tiles_per_layer[2]: 671,846,400
level.getReadPerLayer[2](): 0
  (For comparison - full reads including accumulation: 0)
ideal_bandwidth_read_per_layer[2]: 0.0
level.getDrainPerLayer[2](): 0
ideal_bandwidth_drain_per_layer[2]: 0.0
ideal_bandwidth_update_per_layer[2]: 0.0
  (For comparison - full updates including accumulation: 0)
level.getFillPerLayer[2](): 0
ideal_bandwidth_fill_per_layer[2]: 0.0

Latency for layer: 3 of Level: AccumulationOutputRegister
level.active_instances_per_layer[3]: 1440
level.temporal_iterations_per_layer[3]: 466560
Scaling per layer[3]: 671,846,400
Single Tile latency: cc_per_tile_per_layer[3]: 1
Ideal Case, Latency at this level without stalls: cc_per_all_tiles_per_layer[3]: 1
SCALED cc_per_all_tiles_per_layer[3]: 671,846,400
level.getReadPerLayer[3](): 0
  (For comparison - full reads including accumulation: 0)
ideal_bandwidth_read_per_layer[3]: 0.0
level.getDrainPerLayer[3](): 0
ideal_bandwidth_drain_per_layer[3]: 0.0
ideal_bandwidth_update_per_layer[3]: 0.0
  (For comparison - full updates including accumulation: 0)
level.getFillPerLayer[3](): 0
ideal_bandwidth_fill_per_layer[3]: 0.0

Latency for layer: 4 of Level: AccumulationOutputRegister
level.active_instances_per_layer[4]: 1440
level.temporal_iterations_per_layer[4]: 466560
Scaling per layer[4]: 671,846,400
Single Tile latency: cc_per_tile_per_layer[4]: 1
Ideal Case, Latency at this level without stalls: cc_per_all_tiles_per_layer[4]: 1
SCALED cc_per_all_tiles_per_layer[4]: 671,846,400
level.getReadPerLayer[4](): 0
  (For comparison - full reads including accumulation: 0)
ideal_bandwidth_read_per_layer[4]: 0.0
level.getDrainPerLayer[4](): 0
ideal_bandwidth_drain_per_layer[4]: 0.0
ideal_bandwidth_update_per_layer[4]: 0.0
  (For comparison - full updates including accumulation: 0)
level.getFillPerLayer[4](): 0
ideal_bandwidth_fill_per_layer[4]: 0.0

Latency for layer: 5 of Level: AccumulationOutputRegister
level.active_instances_per_layer[5]: 1440
level.temporal_iterations_per_layer[5]: 466560
Scaling per layer[5]: 671,846,400
Single Tile latency: cc_per_tile_per_layer[5]: 1
Ideal Case, Latency at this level without stalls: cc_per_all_tiles_per_layer[5]: 1
SCALED cc_per_all_tiles_per_layer[5]: 671,846,400
level.getReadPerLayer[5](): 0
  (For comparison - full reads including accumulation: 0)
ideal_bandwidth_read_per_layer[5]: 0.0
level.getDrainPerLayer[5](): 0
ideal_bandwidth_drain_per_layer[5]: 0.0
ideal_bandwidth_update_per_layer[5]: 0.0
  (For comparison - full updates including accumulation: 0)
level.getFillPerLayer[5](): 0
ideal_bandwidth_fill_per_layer[5]: 0.0

Latency for layer: 6 of Level: AccumulationOutputRegister
level.active_instances_per_layer[6]: 1680
level.temporal_iterations_per_layer[6]: 207360
Scaling per layer[6]: 348,364,800
Single Tile latency: cc_per_tile_per_layer[6]: 1
Ideal Case, Latency at this level without stalls: cc_per_all_tiles_per_layer[6]: 1
SCALED cc_per_all_tiles_per_layer[6]: 348,364,800
level.getReadPerLayer[6](): 0
  (For comparison - full reads including accumulation: 0)
ideal_bandwidth_read_per_layer[6]: 0.0
level.getDrainPerLayer[6](): 0
ideal_bandwidth_drain_per_layer[6]: 0.0
ideal_bandwidth_update_per_layer[6]: 0.0
  (For comparison - full updates including accumulation: 0)
level.getFillPerLayer[6](): 0
ideal_bandwidth_fill_per_layer[6]: 0.0

Latency for layer: 7 of Level: AccumulationOutputRegister
level.active_instances_per_layer[7]: 1920
level.temporal_iterations_per_layer[7]: 2177280
Scaling per layer[7]: 4,180,377,600
Single Tile latency: cc_per_tile_per_layer[7]: 1
Ideal Case, Latency at this level without stalls: cc_per_all_tiles_per_layer[7]: 1
SCALED cc_per_all_tiles_per_layer[7]: 4,180,377,600
level.getReadPerLayer[7](): 4,172,083,200
  (For comparison - full reads including accumulation: 4,172,083,200)
ideal_bandwidth_read_per_layer[7]: 0.998015873015873
level.getDrainPerLayer[7](): 8,294,400
ideal_bandwidth_drain_per_layer[7]: 0.001984126984126984
ideal_bandwidth_update_per_layer[7]: 1.0
  (For comparison - full updates including accumulation: 4,180,377,600)
level.getFillPerLayer[7](): 0
ideal_bandwidth_fill_per_layer[7]: 0.0

Start of calculation of latency:


Layer_id: 0 in AccumulationOutputRegister

ideal_bandwidth_read_per_layer[0] + ideal_bandwidth_drain_per_layer[0]: 0.0 vs level.read_bandwidth: 1
I am in Compute Bound
cc_per_all_tiles_per_layer[0]: 1
STANDARD CASE latency_read_drain_per_layer[0]: 1

ideal_bandwidth_fill_per_layer[0] + ideal_bandwidth_update_per_layer[0]: 0.0 vs level.write_bandwidth: 1
previous_fanout_pe_to_pe_warmup: 0
STANDARD CASE latency_fill_update_per_layer[0]: 1


Layer_id: 1 in AccumulationOutputRegister

ideal_bandwidth_read_per_layer[1] + ideal_bandwidth_drain_per_layer[1]: 0.0 vs level.read_bandwidth: 1
I am in Compute Bound
cc_per_all_tiles_per_layer[1]: 1
STANDARD CASE latency_read_drain_per_layer[1]: 1

ideal_bandwidth_fill_per_layer[1] + ideal_bandwidth_update_per_layer[1]: 0.0 vs level.write_bandwidth: 1
previous_fanout_pe_to_pe_warmup: 0
STANDARD CASE latency_fill_update_per_layer[1]: 1


Layer_id: 2 in AccumulationOutputRegister

ideal_bandwidth_read_per_layer[2] + ideal_bandwidth_drain_per_layer[2]: 0.0 vs level.read_bandwidth: 1
I am in Compute Bound
cc_per_all_tiles_per_layer[2]: 1
STANDARD CASE latency_read_drain_per_layer[2]: 1

ideal_bandwidth_fill_per_layer[2] + ideal_bandwidth_update_per_layer[2]: 0.0 vs level.write_bandwidth: 1
previous_fanout_pe_to_pe_warmup: 0
STANDARD CASE latency_fill_update_per_layer[2]: 1


Layer_id: 3 in AccumulationOutputRegister

ideal_bandwidth_read_per_layer[3] + ideal_bandwidth_drain_per_layer[3]: 0.0 vs level.read_bandwidth: 1
I am in Compute Bound
cc_per_all_tiles_per_layer[3]: 1
STANDARD CASE latency_read_drain_per_layer[3]: 1

ideal_bandwidth_fill_per_layer[3] + ideal_bandwidth_update_per_layer[3]: 0.0 vs level.write_bandwidth: 1
previous_fanout_pe_to_pe_warmup: 0
STANDARD CASE latency_fill_update_per_layer[3]: 1


Layer_id: 4 in AccumulationOutputRegister

ideal_bandwidth_read_per_layer[4] + ideal_bandwidth_drain_per_layer[4]: 0.0 vs level.read_bandwidth: 1
I am in Compute Bound
cc_per_all_tiles_per_layer[4]: 1
STANDARD CASE latency_read_drain_per_layer[4]: 1

ideal_bandwidth_fill_per_layer[4] + ideal_bandwidth_update_per_layer[4]: 0.0 vs level.write_bandwidth: 1
previous_fanout_pe_to_pe_warmup: 0
STANDARD CASE latency_fill_update_per_layer[4]: 1


Layer_id: 5 in AccumulationOutputRegister

ideal_bandwidth_read_per_layer[5] + ideal_bandwidth_drain_per_layer[5]: 0.0 vs level.read_bandwidth: 1
I am in Compute Bound
cc_per_all_tiles_per_layer[5]: 1
STANDARD CASE latency_read_drain_per_layer[5]: 1

ideal_bandwidth_fill_per_layer[5] + ideal_bandwidth_update_per_layer[5]: 0.0 vs level.write_bandwidth: 1
previous_fanout_pe_to_pe_warmup: 0
STANDARD CASE latency_fill_update_per_layer[5]: 1


Layer_id: 6 in AccumulationOutputRegister

ideal_bandwidth_read_per_layer[6] + ideal_bandwidth_drain_per_layer[6]: 0.0 vs level.read_bandwidth: 1
I am in Compute Bound
cc_per_all_tiles_per_layer[6]: 1
STANDARD CASE latency_read_drain_per_layer[6]: 1

ideal_bandwidth_fill_per_layer[6] + ideal_bandwidth_update_per_layer[6]: 0.0 vs level.write_bandwidth: 1
previous_fanout_pe_to_pe_warmup: 0
STANDARD CASE latency_fill_update_per_layer[6]: 1


Layer_id: 7 in AccumulationOutputRegister

ideal_bandwidth_read_per_layer[7] + ideal_bandwidth_drain_per_layer[7]: 1.0 vs level.read_bandwidth: 1
I am in Compute Bound
cc_per_all_tiles_per_layer[7]: 1
STANDARD CASE latency_read_drain_per_layer[7]: 1

ideal_bandwidth_fill_per_layer[7] + ideal_bandwidth_update_per_layer[7]: 1.0 vs level.write_bandwidth: 1
previous_fanout_pe_to_pe_warmup: 0
STANDARD CASE latency_fill_update_per_layer[7]: 1

End of calculation of latency.

Calculating per tile final latency and stall for layer 0 in AccumulationOutputRegister: latency_read_drain_per_layer[0] = 1, latency_fill_update_per_layer[0] = 1
Final per tile latency_per_layer[0]: 1
Final per tile stall_cycles_per_layer[0]: 0
Ideal case: no stall introduced by this level per this layer: cc_per_all_tiles_per_layer[0]: 1
Calculating per tile final latency and stall for layer 1 in AccumulationOutputRegister: latency_read_drain_per_layer[1] = 1, latency_fill_update_per_layer[1] = 1
Final per tile latency_per_layer[1]: 1
Final per tile stall_cycles_per_layer[1]: 0
Ideal case: no stall introduced by this level per this layer: cc_per_all_tiles_per_layer[1]: 1
Calculating per tile final latency and stall for layer 2 in AccumulationOutputRegister: latency_read_drain_per_layer[2] = 1, latency_fill_update_per_layer[2] = 1
Final per tile latency_per_layer[2]: 1
Final per tile stall_cycles_per_layer[2]: 0
Ideal case: no stall introduced by this level per this layer: cc_per_all_tiles_per_layer[2]: 1
Calculating per tile final latency and stall for layer 3 in AccumulationOutputRegister: latency_read_drain_per_layer[3] = 1, latency_fill_update_per_layer[3] = 1
Final per tile latency_per_layer[3]: 1
Final per tile stall_cycles_per_layer[3]: 0
Ideal case: no stall introduced by this level per this layer: cc_per_all_tiles_per_layer[3]: 1
Calculating per tile final latency and stall for layer 4 in AccumulationOutputRegister: latency_read_drain_per_layer[4] = 1, latency_fill_update_per_layer[4] = 1
Final per tile latency_per_layer[4]: 1
Final per tile stall_cycles_per_layer[4]: 0
Ideal case: no stall introduced by this level per this layer: cc_per_all_tiles_per_layer[4]: 1
Calculating per tile final latency and stall for layer 5 in AccumulationOutputRegister: latency_read_drain_per_layer[5] = 1, latency_fill_update_per_layer[5] = 1
Final per tile latency_per_layer[5]: 1
Final per tile stall_cycles_per_layer[5]: 0
Ideal case: no stall introduced by this level per this layer: cc_per_all_tiles_per_layer[5]: 1
Calculating per tile final latency and stall for layer 6 in AccumulationOutputRegister: latency_read_drain_per_layer[6] = 1, latency_fill_update_per_layer[6] = 1
Final per tile latency_per_layer[6]: 1
Final per tile stall_cycles_per_layer[6]: 0
Ideal case: no stall introduced by this level per this layer: cc_per_all_tiles_per_layer[6]: 1
Calculating per tile final latency and stall for layer 7 in AccumulationOutputRegister: latency_read_drain_per_layer[7] = 1, latency_fill_update_per_layer[7] = 1
Final per tile latency_per_layer[7]: 1
Final per tile stall_cycles_per_layer[7]: 0
Ideal case: no stall introduced by this level per this layer: cc_per_all_tiles_per_layer[7]: 1


Calculating Latency for Level: AccumulationIntermediateOutputRegister

Latency for layer: 0 of Level: AccumulationIntermediateOutputRegister
level.active_instances_per_layer[0]: 1680
level.temporal_iterations_per_layer[0]: 1296000
Scaling per layer[0]: 2,177,280,000
Single Tile latency: cc_per_tile_per_layer[0]: 1
Ideal Case, Latency at this level without stalls: cc_per_all_tiles_per_layer[0]: 1
SCALED cc_per_all_tiles_per_layer[0]: 2,177,280,000
level.getReadPerLayer[0](): 2,206,310,400
  (For comparison - full reads including accumulation: 2,206,310,400)
ideal_bandwidth_read_per_layer[0]: 1.0133333333333334
level.getDrainPerLayer[0](): 29,030,400
ideal_bandwidth_drain_per_layer[0]: 0.013333333333333334
ideal_bandwidth_update_per_layer[0]: 1.0
  (For comparison - full updates including accumulation: 2,177,280,000)
level.getFillPerLayer[0](): 29,030,400
ideal_bandwidth_fill_per_layer[0]: 0.013333333333333334

Latency for layer: 1 of Level: AccumulationIntermediateOutputRegister
level.active_instances_per_layer[1]: 1440
level.temporal_iterations_per_layer[1]: 241920
Scaling per layer[1]: 348,364,800
Single Tile latency: cc_per_tile_per_layer[1]: 1
Ideal Case, Latency at this level without stalls: cc_per_all_tiles_per_layer[1]: 1
SCALED cc_per_all_tiles_per_layer[1]: 348,364,800
level.getReadPerLayer[1](): 348,364,800
  (For comparison - full reads including accumulation: 348,364,800)
ideal_bandwidth_read_per_layer[1]: 1.0
level.getDrainPerLayer[1](): 6,220,800
ideal_bandwidth_drain_per_layer[1]: 0.017857142857142856
ideal_bandwidth_update_per_layer[1]: 1.0
  (For comparison - full updates including accumulation: 348,364,800)
level.getFillPerLayer[1](): 6,220,800
ideal_bandwidth_fill_per_layer[1]: 0.017857142857142856

Latency for layer: 2 of Level: AccumulationIntermediateOutputRegister
level.active_instances_per_layer[2]: 1440
level.temporal_iterations_per_layer[2]: 466560
Scaling per layer[2]: 671,846,400
Single Tile latency: cc_per_tile_per_layer[2]: 1
Ideal Case, Latency at this level without stalls: cc_per_all_tiles_per_layer[2]: 1
SCALED cc_per_all_tiles_per_layer[2]: 671,846,400
level.getReadPerLayer[2](): 671,846,400
  (For comparison - full reads including accumulation: 671,846,400)
ideal_bandwidth_read_per_layer[2]: 1.0
level.getDrainPerLayer[2](): 6,220,800
ideal_bandwidth_drain_per_layer[2]: 0.009259259259259259
ideal_bandwidth_update_per_layer[2]: 1.0
  (For comparison - full updates including accumulation: 671,846,400)
level.getFillPerLayer[2](): 6,220,800
ideal_bandwidth_fill_per_layer[2]: 0.009259259259259259

Latency for layer: 3 of Level: AccumulationIntermediateOutputRegister
level.active_instances_per_layer[3]: 1440
level.temporal_iterations_per_layer[3]: 466560
Scaling per layer[3]: 671,846,400
Single Tile latency: cc_per_tile_per_layer[3]: 1
Ideal Case, Latency at this level without stalls: cc_per_all_tiles_per_layer[3]: 1
SCALED cc_per_all_tiles_per_layer[3]: 671,846,400
level.getReadPerLayer[3](): 671,846,400
  (For comparison - full reads including accumulation: 671,846,400)
ideal_bandwidth_read_per_layer[3]: 1.0
level.getDrainPerLayer[3](): 6,220,800
ideal_bandwidth_drain_per_layer[3]: 0.009259259259259259
ideal_bandwidth_update_per_layer[3]: 1.0
  (For comparison - full updates including accumulation: 671,846,400)
level.getFillPerLayer[3](): 6,220,800
ideal_bandwidth_fill_per_layer[3]: 0.009259259259259259

Latency for layer: 4 of Level: AccumulationIntermediateOutputRegister
level.active_instances_per_layer[4]: 1440
level.temporal_iterations_per_layer[4]: 466560
Scaling per layer[4]: 671,846,400
Single Tile latency: cc_per_tile_per_layer[4]: 1
Ideal Case, Latency at this level without stalls: cc_per_all_tiles_per_layer[4]: 1
SCALED cc_per_all_tiles_per_layer[4]: 671,846,400
level.getReadPerLayer[4](): 671,846,400
  (For comparison - full reads including accumulation: 671,846,400)
ideal_bandwidth_read_per_layer[4]: 1.0
level.getDrainPerLayer[4](): 6,220,800
ideal_bandwidth_drain_per_layer[4]: 0.009259259259259259
ideal_bandwidth_update_per_layer[4]: 1.0
  (For comparison - full updates including accumulation: 671,846,400)
level.getFillPerLayer[4](): 6,220,800
ideal_bandwidth_fill_per_layer[4]: 0.009259259259259259

Latency for layer: 5 of Level: AccumulationIntermediateOutputRegister
level.active_instances_per_layer[5]: 1440
level.temporal_iterations_per_layer[5]: 466560
Scaling per layer[5]: 671,846,400
Single Tile latency: cc_per_tile_per_layer[5]: 1
Ideal Case, Latency at this level without stalls: cc_per_all_tiles_per_layer[5]: 1
SCALED cc_per_all_tiles_per_layer[5]: 671,846,400
level.getReadPerLayer[5](): 671,846,400
  (For comparison - full reads including accumulation: 671,846,400)
ideal_bandwidth_read_per_layer[5]: 1.0
level.getDrainPerLayer[5](): 6,220,800
ideal_bandwidth_drain_per_layer[5]: 0.009259259259259259
ideal_bandwidth_update_per_layer[5]: 1.0
  (For comparison - full updates including accumulation: 671,846,400)
level.getFillPerLayer[5](): 6,220,800
ideal_bandwidth_fill_per_layer[5]: 0.009259259259259259

Latency for layer: 6 of Level: AccumulationIntermediateOutputRegister
level.active_instances_per_layer[6]: 1680
level.temporal_iterations_per_layer[6]: 207360
Scaling per layer[6]: 348,364,800
Single Tile latency: cc_per_tile_per_layer[6]: 1
Ideal Case, Latency at this level without stalls: cc_per_all_tiles_per_layer[6]: 1
SCALED cc_per_all_tiles_per_layer[6]: 348,364,800
level.getReadPerLayer[6](): 348,364,800
  (For comparison - full reads including accumulation: 348,364,800)
ideal_bandwidth_read_per_layer[6]: 1.0
level.getDrainPerLayer[6](): 29,030,400
ideal_bandwidth_drain_per_layer[6]: 0.08333333333333333
ideal_bandwidth_update_per_layer[6]: 1.0
  (For comparison - full updates including accumulation: 348,364,800)
level.getFillPerLayer[6](): 29,030,400
ideal_bandwidth_fill_per_layer[6]: 0.08333333333333333

Latency for layer: 7 of Level: AccumulationIntermediateOutputRegister
level.active_instances_per_layer[7]: 1920
level.temporal_iterations_per_layer[7]: 2177280
Scaling per layer[7]: 4,180,377,600
Single Tile latency: cc_per_tile_per_layer[7]: 1
Ideal Case, Latency at this level without stalls: cc_per_all_tiles_per_layer[7]: 1
SCALED cc_per_all_tiles_per_layer[7]: 4,180,377,600
level.getReadPerLayer[7](): 0
  (For comparison - full reads including accumulation: 0)
ideal_bandwidth_read_per_layer[7]: 0.0
level.getDrainPerLayer[7](): 0
ideal_bandwidth_drain_per_layer[7]: 0.0
ideal_bandwidth_update_per_layer[7]: 0.0
  (For comparison - full updates including accumulation: 0)
level.getFillPerLayer[7](): 0
ideal_bandwidth_fill_per_layer[7]: 0.0

Start of calculation of latency:


Layer_id: 0 in AccumulationIntermediateOutputRegister

ideal_bandwidth_read_per_layer[0] + ideal_bandwidth_drain_per_layer[0]: 1.0266666666666668 vs level.read_bandwidth: 1
I am in Slowdown: Memory Bound
ideal_bandwidth_read_per_layer[0]: 1.0133333333333334
ideal_bandwidth_drain_per_layer[0]: 0.013333333333333334
level.read_bandwidth: 1
total data (for bandwidth): 2235340800
scaling_per_layer[0]: 2177280000
SLOWDOWN CASE latency_read_drain_per_layer[0]: 1.0266666666666666

ideal_bandwidth_fill_per_layer[0] + ideal_bandwidth_update_per_layer[0]: 1.0133333333333334 vs level.write_bandwidth: 1
ideal_bandwidth_fill_per_layer[0]: 0.013333333333333334
ideal_bandwidth_update_per_layer[0]: 1.0
level.write_bandwidth: 1
total data (for bandwidth): 2206310400
scaling_per_layer[0]: 2177280000
SLOWDOWN CASE latency_fill_update_per_layer[0]: 1.0133333333333334


Layer_id: 1 in AccumulationIntermediateOutputRegister

ideal_bandwidth_read_per_layer[1] + ideal_bandwidth_drain_per_layer[1]: 1.0178571428571428 vs level.read_bandwidth: 1
I am in Slowdown: Memory Bound
ideal_bandwidth_read_per_layer[1]: 1.0
ideal_bandwidth_drain_per_layer[1]: 0.017857142857142856
level.read_bandwidth: 1
total data (for bandwidth): 354585600
scaling_per_layer[1]: 348364800
SLOWDOWN CASE latency_read_drain_per_layer[1]: 1.0178571428571428

ideal_bandwidth_fill_per_layer[1] + ideal_bandwidth_update_per_layer[1]: 1.0178571428571428 vs level.write_bandwidth: 1
ideal_bandwidth_fill_per_layer[1]: 0.017857142857142856
ideal_bandwidth_update_per_layer[1]: 1.0
level.write_bandwidth: 1
total data (for bandwidth): 354585600
scaling_per_layer[1]: 348364800
SLOWDOWN CASE latency_fill_update_per_layer[1]: 1.0178571428571428


Layer_id: 2 in AccumulationIntermediateOutputRegister

ideal_bandwidth_read_per_layer[2] + ideal_bandwidth_drain_per_layer[2]: 1.0092592592592593 vs level.read_bandwidth: 1
I am in Slowdown: Memory Bound
ideal_bandwidth_read_per_layer[2]: 1.0
ideal_bandwidth_drain_per_layer[2]: 0.009259259259259259
level.read_bandwidth: 1
total data (for bandwidth): 678067200
scaling_per_layer[2]: 671846400
SLOWDOWN CASE latency_read_drain_per_layer[2]: 1.0092592592592593

ideal_bandwidth_fill_per_layer[2] + ideal_bandwidth_update_per_layer[2]: 1.0092592592592593 vs level.write_bandwidth: 1
ideal_bandwidth_fill_per_layer[2]: 0.009259259259259259
ideal_bandwidth_update_per_layer[2]: 1.0
level.write_bandwidth: 1
total data (for bandwidth): 678067200
scaling_per_layer[2]: 671846400
SLOWDOWN CASE latency_fill_update_per_layer[2]: 1.0092592592592593


Layer_id: 3 in AccumulationIntermediateOutputRegister

ideal_bandwidth_read_per_layer[3] + ideal_bandwidth_drain_per_layer[3]: 1.0092592592592593 vs level.read_bandwidth: 1
I am in Slowdown: Memory Bound
ideal_bandwidth_read_per_layer[3]: 1.0
ideal_bandwidth_drain_per_layer[3]: 0.009259259259259259
level.read_bandwidth: 1
total data (for bandwidth): 678067200
scaling_per_layer[3]: 671846400
SLOWDOWN CASE latency_read_drain_per_layer[3]: 1.0092592592592593

ideal_bandwidth_fill_per_layer[3] + ideal_bandwidth_update_per_layer[3]: 1.0092592592592593 vs level.write_bandwidth: 1
ideal_bandwidth_fill_per_layer[3]: 0.009259259259259259
ideal_bandwidth_update_per_layer[3]: 1.0
level.write_bandwidth: 1
total data (for bandwidth): 678067200
scaling_per_layer[3]: 671846400
SLOWDOWN CASE latency_fill_update_per_layer[3]: 1.0092592592592593


Layer_id: 4 in AccumulationIntermediateOutputRegister

ideal_bandwidth_read_per_layer[4] + ideal_bandwidth_drain_per_layer[4]: 1.0092592592592593 vs level.read_bandwidth: 1
I am in Slowdown: Memory Bound
ideal_bandwidth_read_per_layer[4]: 1.0
ideal_bandwidth_drain_per_layer[4]: 0.009259259259259259
level.read_bandwidth: 1
total data (for bandwidth): 678067200
scaling_per_layer[4]: 671846400
SLOWDOWN CASE latency_read_drain_per_layer[4]: 1.0092592592592593

ideal_bandwidth_fill_per_layer[4] + ideal_bandwidth_update_per_layer[4]: 1.0092592592592593 vs level.write_bandwidth: 1
ideal_bandwidth_fill_per_layer[4]: 0.009259259259259259
ideal_bandwidth_update_per_layer[4]: 1.0
level.write_bandwidth: 1
total data (for bandwidth): 678067200
scaling_per_layer[4]: 671846400
SLOWDOWN CASE latency_fill_update_per_layer[4]: 1.0092592592592593


Layer_id: 5 in AccumulationIntermediateOutputRegister

ideal_bandwidth_read_per_layer[5] + ideal_bandwidth_drain_per_layer[5]: 1.0092592592592593 vs level.read_bandwidth: 1
I am in Slowdown: Memory Bound
ideal_bandwidth_read_per_layer[5]: 1.0
ideal_bandwidth_drain_per_layer[5]: 0.009259259259259259
level.read_bandwidth: 1
total data (for bandwidth): 678067200
scaling_per_layer[5]: 671846400
SLOWDOWN CASE latency_read_drain_per_layer[5]: 1.0092592592592593

ideal_bandwidth_fill_per_layer[5] + ideal_bandwidth_update_per_layer[5]: 1.0092592592592593 vs level.write_bandwidth: 1
ideal_bandwidth_fill_per_layer[5]: 0.009259259259259259
ideal_bandwidth_update_per_layer[5]: 1.0
level.write_bandwidth: 1
total data (for bandwidth): 678067200
scaling_per_layer[5]: 671846400
SLOWDOWN CASE latency_fill_update_per_layer[5]: 1.0092592592592593


Layer_id: 6 in AccumulationIntermediateOutputRegister

ideal_bandwidth_read_per_layer[6] + ideal_bandwidth_drain_per_layer[6]: 1.0833333333333333 vs level.read_bandwidth: 1
I am in Slowdown: Memory Bound
ideal_bandwidth_read_per_layer[6]: 1.0
ideal_bandwidth_drain_per_layer[6]: 0.08333333333333333
level.read_bandwidth: 1
total data (for bandwidth): 377395200
scaling_per_layer[6]: 348364800
SLOWDOWN CASE latency_read_drain_per_layer[6]: 1.0833333333333333

ideal_bandwidth_fill_per_layer[6] + ideal_bandwidth_update_per_layer[6]: 1.0833333333333333 vs level.write_bandwidth: 1
ideal_bandwidth_fill_per_layer[6]: 0.08333333333333333
ideal_bandwidth_update_per_layer[6]: 1.0
level.write_bandwidth: 1
total data (for bandwidth): 377395200
scaling_per_layer[6]: 348364800
SLOWDOWN CASE latency_fill_update_per_layer[6]: 1.0833333333333333


Layer_id: 7 in AccumulationIntermediateOutputRegister

ideal_bandwidth_read_per_layer[7] + ideal_bandwidth_drain_per_layer[7]: 0.0 vs level.read_bandwidth: 1
I am in Compute Bound
cc_per_all_tiles_per_layer[7]: 1
STANDARD CASE latency_read_drain_per_layer[7]: 1

ideal_bandwidth_fill_per_layer[7] + ideal_bandwidth_update_per_layer[7]: 0.0 vs level.write_bandwidth: 1
previous_fanout_pe_to_pe_warmup: 0
STANDARD CASE latency_fill_update_per_layer[7]: 1

End of calculation of latency.

Calculating per tile final latency and stall for layer 0 in AccumulationIntermediateOutputRegister: latency_read_drain_per_layer[0] = 1.0266666666666666, latency_fill_update_per_layer[0] = 1.0133333333333334
Final per tile latency_per_layer[0]: 1
Final per tile stall_cycles_per_layer[0]: 0
Ideal case: no stall introduced by this level per this layer: cc_per_all_tiles_per_layer[0]: 1
Calculating per tile final latency and stall for layer 1 in AccumulationIntermediateOutputRegister: latency_read_drain_per_layer[1] = 1.0178571428571428, latency_fill_update_per_layer[1] = 1.0178571428571428
Final per tile latency_per_layer[1]: 1
Final per tile stall_cycles_per_layer[1]: 0
Ideal case: no stall introduced by this level per this layer: cc_per_all_tiles_per_layer[1]: 1
Calculating per tile final latency and stall for layer 2 in AccumulationIntermediateOutputRegister: latency_read_drain_per_layer[2] = 1.0092592592592593, latency_fill_update_per_layer[2] = 1.0092592592592593
Final per tile latency_per_layer[2]: 1
Final per tile stall_cycles_per_layer[2]: 0
Ideal case: no stall introduced by this level per this layer: cc_per_all_tiles_per_layer[2]: 1
Calculating per tile final latency and stall for layer 3 in AccumulationIntermediateOutputRegister: latency_read_drain_per_layer[3] = 1.0092592592592593, latency_fill_update_per_layer[3] = 1.0092592592592593
Final per tile latency_per_layer[3]: 1
Final per tile stall_cycles_per_layer[3]: 0
Ideal case: no stall introduced by this level per this layer: cc_per_all_tiles_per_layer[3]: 1
Calculating per tile final latency and stall for layer 4 in AccumulationIntermediateOutputRegister: latency_read_drain_per_layer[4] = 1.0092592592592593, latency_fill_update_per_layer[4] = 1.0092592592592593
Final per tile latency_per_layer[4]: 1
Final per tile stall_cycles_per_layer[4]: 0
Ideal case: no stall introduced by this level per this layer: cc_per_all_tiles_per_layer[4]: 1
Calculating per tile final latency and stall for layer 5 in AccumulationIntermediateOutputRegister: latency_read_drain_per_layer[5] = 1.0092592592592593, latency_fill_update_per_layer[5] = 1.0092592592592593
Final per tile latency_per_layer[5]: 1
Final per tile stall_cycles_per_layer[5]: 0
Ideal case: no stall introduced by this level per this layer: cc_per_all_tiles_per_layer[5]: 1
Calculating per tile final latency and stall for layer 6 in AccumulationIntermediateOutputRegister: latency_read_drain_per_layer[6] = 1.0833333333333333, latency_fill_update_per_layer[6] = 1.0833333333333333
Final per tile latency_per_layer[6]: 1
Final per tile stall_cycles_per_layer[6]: 0
Ideal case: no stall introduced by this level per this layer: cc_per_all_tiles_per_layer[6]: 1
Calculating per tile final latency and stall for layer 7 in AccumulationIntermediateOutputRegister: latency_read_drain_per_layer[7] = 1, latency_fill_update_per_layer[7] = 1
Final per tile latency_per_layer[7]: 1
Final per tile stall_cycles_per_layer[7]: 0
Ideal case: no stall introduced by this level per this layer: cc_per_all_tiles_per_layer[7]: 1


Calculating Latency for Level: WeightRegister

Latency for layer: 0 of Level: WeightRegister
level.active_instances_per_layer[0]: 1680
level.temporal_iterations_per_layer[0]: 1296000
Scaling per layer[0]: 2,177,280,000
Single Tile latency: cc_per_tile_per_layer[0]: 1.0266666666666666
Ideal Case, Latency at this level without stalls: cc_per_all_tiles_per_layer[0]: 1.0266666666666666
SCALED cc_per_all_tiles_per_layer[0]: 2,235,340,800
level.getReadPerLayer[0](): 2,177,280,000
  (For comparison - full reads including accumulation: 2,177,280,000)
ideal_bandwidth_read_per_layer[0]: 0.974025974025974
level.getDrainPerLayer[0](): 0
ideal_bandwidth_drain_per_layer[0]: 0.0
ideal_bandwidth_update_per_layer[0]: 0.0
  (For comparison - full updates including accumulation: 0)
level.getFillPerLayer[0](): 2,177,280,000
ideal_bandwidth_fill_per_layer[0]: 0.974025974025974

Latency for layer: 1 of Level: WeightRegister
level.active_instances_per_layer[1]: 1440
level.temporal_iterations_per_layer[1]: 241920
Scaling per layer[1]: 348,364,800
Single Tile latency: cc_per_tile_per_layer[1]: 1.0178571428571428
Ideal Case, Latency at this level without stalls: cc_per_all_tiles_per_layer[1]: 1.0178571428571428
SCALED cc_per_all_tiles_per_layer[1]: 354,585,600
level.getReadPerLayer[1](): 348,364,800
  (For comparison - full reads including accumulation: 348,364,800)
ideal_bandwidth_read_per_layer[1]: 0.9824561403508771
level.getDrainPerLayer[1](): 0
ideal_bandwidth_drain_per_layer[1]: 0.0
ideal_bandwidth_update_per_layer[1]: 0.0
  (For comparison - full updates including accumulation: 0)
level.getFillPerLayer[1](): 348,364,800
ideal_bandwidth_fill_per_layer[1]: 0.9824561403508771

Latency for layer: 2 of Level: WeightRegister
level.active_instances_per_layer[2]: 1440
level.temporal_iterations_per_layer[2]: 466560
Scaling per layer[2]: 671,846,400
Single Tile latency: cc_per_tile_per_layer[2]: 1.0092592592592593
Ideal Case, Latency at this level without stalls: cc_per_all_tiles_per_layer[2]: 1.0092592592592593
SCALED cc_per_all_tiles_per_layer[2]: 678,067,200
level.getReadPerLayer[2](): 671,846,400
  (For comparison - full reads including accumulation: 671,846,400)
ideal_bandwidth_read_per_layer[2]: 0.9908256880733946
level.getDrainPerLayer[2](): 0
ideal_bandwidth_drain_per_layer[2]: 0.0
ideal_bandwidth_update_per_layer[2]: 0.0
  (For comparison - full updates including accumulation: 0)
level.getFillPerLayer[2](): 671,846,400
ideal_bandwidth_fill_per_layer[2]: 0.9908256880733946

Latency for layer: 3 of Level: WeightRegister
level.active_instances_per_layer[3]: 1440
level.temporal_iterations_per_layer[3]: 466560
Scaling per layer[3]: 671,846,400
Single Tile latency: cc_per_tile_per_layer[3]: 1.0092592592592593
Ideal Case, Latency at this level without stalls: cc_per_all_tiles_per_layer[3]: 1.0092592592592593
SCALED cc_per_all_tiles_per_layer[3]: 678,067,200
level.getReadPerLayer[3](): 671,846,400
  (For comparison - full reads including accumulation: 671,846,400)
ideal_bandwidth_read_per_layer[3]: 0.9908256880733946
level.getDrainPerLayer[3](): 0
ideal_bandwidth_drain_per_layer[3]: 0.0
ideal_bandwidth_update_per_layer[3]: 0.0
  (For comparison - full updates including accumulation: 0)
level.getFillPerLayer[3](): 671,846,400
ideal_bandwidth_fill_per_layer[3]: 0.9908256880733946

Latency for layer: 4 of Level: WeightRegister
level.active_instances_per_layer[4]: 1440
level.temporal_iterations_per_layer[4]: 466560
Scaling per layer[4]: 671,846,400
Single Tile latency: cc_per_tile_per_layer[4]: 1.0092592592592593
Ideal Case, Latency at this level without stalls: cc_per_all_tiles_per_layer[4]: 1.0092592592592593
SCALED cc_per_all_tiles_per_layer[4]: 678,067,200
level.getReadPerLayer[4](): 671,846,400
  (For comparison - full reads including accumulation: 671,846,400)
ideal_bandwidth_read_per_layer[4]: 0.9908256880733946
level.getDrainPerLayer[4](): 0
ideal_bandwidth_drain_per_layer[4]: 0.0
ideal_bandwidth_update_per_layer[4]: 0.0
  (For comparison - full updates including accumulation: 0)
level.getFillPerLayer[4](): 671,846,400
ideal_bandwidth_fill_per_layer[4]: 0.9908256880733946

Latency for layer: 5 of Level: WeightRegister
level.active_instances_per_layer[5]: 1440
level.temporal_iterations_per_layer[5]: 466560
Scaling per layer[5]: 671,846,400
Single Tile latency: cc_per_tile_per_layer[5]: 1.0092592592592593
Ideal Case, Latency at this level without stalls: cc_per_all_tiles_per_layer[5]: 1.0092592592592593
SCALED cc_per_all_tiles_per_layer[5]: 678,067,200
level.getReadPerLayer[5](): 671,846,400
  (For comparison - full reads including accumulation: 671,846,400)
ideal_bandwidth_read_per_layer[5]: 0.9908256880733946
level.getDrainPerLayer[5](): 0
ideal_bandwidth_drain_per_layer[5]: 0.0
ideal_bandwidth_update_per_layer[5]: 0.0
  (For comparison - full updates including accumulation: 0)
level.getFillPerLayer[5](): 671,846,400
ideal_bandwidth_fill_per_layer[5]: 0.9908256880733946

Latency for layer: 6 of Level: WeightRegister
level.active_instances_per_layer[6]: 1680
level.temporal_iterations_per_layer[6]: 207360
Scaling per layer[6]: 348,364,800
Single Tile latency: cc_per_tile_per_layer[6]: 1.0833333333333333
Ideal Case, Latency at this level without stalls: cc_per_all_tiles_per_layer[6]: 1.0833333333333333
SCALED cc_per_all_tiles_per_layer[6]: 377,395,200
level.getReadPerLayer[6](): 348,364,800
  (For comparison - full reads including accumulation: 348,364,800)
ideal_bandwidth_read_per_layer[6]: 0.9230769230769231
level.getDrainPerLayer[6](): 0
ideal_bandwidth_drain_per_layer[6]: 0.0
ideal_bandwidth_update_per_layer[6]: 0.0
  (For comparison - full updates including accumulation: 0)
level.getFillPerLayer[6](): 348,364,800
ideal_bandwidth_fill_per_layer[6]: 0.9230769230769231

Latency for layer: 7 of Level: WeightRegister
level.active_instances_per_layer[7]: 1920
level.temporal_iterations_per_layer[7]: 2177280
Scaling per layer[7]: 4,180,377,600
Single Tile latency: cc_per_tile_per_layer[7]: 1
Ideal Case, Latency at this level without stalls: cc_per_all_tiles_per_layer[7]: 1
SCALED cc_per_all_tiles_per_layer[7]: 4,180,377,600
level.getReadPerLayer[7](): 4,180,377,600
  (For comparison - full reads including accumulation: 4,180,377,600)
ideal_bandwidth_read_per_layer[7]: 1.0
level.getDrainPerLayer[7](): 0
ideal_bandwidth_drain_per_layer[7]: 0.0
ideal_bandwidth_update_per_layer[7]: 0.0
  (For comparison - full updates including accumulation: 0)
level.getFillPerLayer[7](): 4,180,377,600
ideal_bandwidth_fill_per_layer[7]: 1.0

Start of calculation of latency:


Layer_id: 0 in WeightRegister

ideal_bandwidth_read_per_layer[0] + ideal_bandwidth_drain_per_layer[0]: 0.974025974025974 vs level.read_bandwidth: 1
I am in Compute Bound
cc_per_all_tiles_per_layer[0]: 1.0266666666666666
STANDARD CASE latency_read_drain_per_layer[0]: 1.0266666666666666

ideal_bandwidth_fill_per_layer[0] + ideal_bandwidth_update_per_layer[0]: 0.974025974025974 vs level.write_bandwidth: 1
previous_fanout_pe_to_pe_warmup: 0
STANDARD CASE latency_fill_update_per_layer[0]: 1.0266666666666666


Layer_id: 1 in WeightRegister

ideal_bandwidth_read_per_layer[1] + ideal_bandwidth_drain_per_layer[1]: 0.9824561403508771 vs level.read_bandwidth: 1
I am in Compute Bound
cc_per_all_tiles_per_layer[1]: 1.0178571428571428
STANDARD CASE latency_read_drain_per_layer[1]: 1.0178571428571428

ideal_bandwidth_fill_per_layer[1] + ideal_bandwidth_update_per_layer[1]: 0.9824561403508771 vs level.write_bandwidth: 1
previous_fanout_pe_to_pe_warmup: 0
STANDARD CASE latency_fill_update_per_layer[1]: 1.0178571428571428


Layer_id: 2 in WeightRegister

ideal_bandwidth_read_per_layer[2] + ideal_bandwidth_drain_per_layer[2]: 0.9908256880733946 vs level.read_bandwidth: 1
I am in Compute Bound
cc_per_all_tiles_per_layer[2]: 1.0092592592592593
STANDARD CASE latency_read_drain_per_layer[2]: 1.0092592592592593

ideal_bandwidth_fill_per_layer[2] + ideal_bandwidth_update_per_layer[2]: 0.9908256880733946 vs level.write_bandwidth: 1
previous_fanout_pe_to_pe_warmup: 0
STANDARD CASE latency_fill_update_per_layer[2]: 1.0092592592592593


Layer_id: 3 in WeightRegister

ideal_bandwidth_read_per_layer[3] + ideal_bandwidth_drain_per_layer[3]: 0.9908256880733946 vs level.read_bandwidth: 1
I am in Compute Bound
cc_per_all_tiles_per_layer[3]: 1.0092592592592593
STANDARD CASE latency_read_drain_per_layer[3]: 1.0092592592592593

ideal_bandwidth_fill_per_layer[3] + ideal_bandwidth_update_per_layer[3]: 0.9908256880733946 vs level.write_bandwidth: 1
previous_fanout_pe_to_pe_warmup: 0
STANDARD CASE latency_fill_update_per_layer[3]: 1.0092592592592593


Layer_id: 4 in WeightRegister

ideal_bandwidth_read_per_layer[4] + ideal_bandwidth_drain_per_layer[4]: 0.9908256880733946 vs level.read_bandwidth: 1
I am in Compute Bound
cc_per_all_tiles_per_layer[4]: 1.0092592592592593
STANDARD CASE latency_read_drain_per_layer[4]: 1.0092592592592593

ideal_bandwidth_fill_per_layer[4] + ideal_bandwidth_update_per_layer[4]: 0.9908256880733946 vs level.write_bandwidth: 1
previous_fanout_pe_to_pe_warmup: 0
STANDARD CASE latency_fill_update_per_layer[4]: 1.0092592592592593


Layer_id: 5 in WeightRegister

ideal_bandwidth_read_per_layer[5] + ideal_bandwidth_drain_per_layer[5]: 0.9908256880733946 vs level.read_bandwidth: 1
I am in Compute Bound
cc_per_all_tiles_per_layer[5]: 1.0092592592592593
STANDARD CASE latency_read_drain_per_layer[5]: 1.0092592592592593

ideal_bandwidth_fill_per_layer[5] + ideal_bandwidth_update_per_layer[5]: 0.9908256880733946 vs level.write_bandwidth: 1
previous_fanout_pe_to_pe_warmup: 0
STANDARD CASE latency_fill_update_per_layer[5]: 1.0092592592592593


Layer_id: 6 in WeightRegister

ideal_bandwidth_read_per_layer[6] + ideal_bandwidth_drain_per_layer[6]: 0.9230769230769231 vs level.read_bandwidth: 1
I am in Compute Bound
cc_per_all_tiles_per_layer[6]: 1.0833333333333333
STANDARD CASE latency_read_drain_per_layer[6]: 1.0833333333333333

ideal_bandwidth_fill_per_layer[6] + ideal_bandwidth_update_per_layer[6]: 0.9230769230769231 vs level.write_bandwidth: 1
previous_fanout_pe_to_pe_warmup: 0
STANDARD CASE latency_fill_update_per_layer[6]: 1.0833333333333333


Layer_id: 7 in WeightRegister

ideal_bandwidth_read_per_layer[7] + ideal_bandwidth_drain_per_layer[7]: 1.0 vs level.read_bandwidth: 1
I am in Compute Bound
cc_per_all_tiles_per_layer[7]: 1
STANDARD CASE latency_read_drain_per_layer[7]: 1

ideal_bandwidth_fill_per_layer[7] + ideal_bandwidth_update_per_layer[7]: 1.0 vs level.write_bandwidth: 1
previous_fanout_pe_to_pe_warmup: 0
STANDARD CASE latency_fill_update_per_layer[7]: 1

End of calculation of latency.

Calculating per tile final latency and stall for layer 0 in WeightRegister: latency_read_drain_per_layer[0] = 1.0266666666666666, latency_fill_update_per_layer[0] = 1.0266666666666666
Final per tile latency_per_layer[0]: 1
Final per tile stall_cycles_per_layer[0]: 0
Ideal case: no stall introduced by this level per this layer: cc_per_all_tiles_per_layer[0]: 1
Calculating per tile final latency and stall for layer 1 in WeightRegister: latency_read_drain_per_layer[1] = 1.0178571428571428, latency_fill_update_per_layer[1] = 1.0178571428571428
Final per tile latency_per_layer[1]: 1
Final per tile stall_cycles_per_layer[1]: 0
Ideal case: no stall introduced by this level per this layer: cc_per_all_tiles_per_layer[1]: 1
Calculating per tile final latency and stall for layer 2 in WeightRegister: latency_read_drain_per_layer[2] = 1.0092592592592593, latency_fill_update_per_layer[2] = 1.0092592592592593
Final per tile latency_per_layer[2]: 1
Final per tile stall_cycles_per_layer[2]: 0
Ideal case: no stall introduced by this level per this layer: cc_per_all_tiles_per_layer[2]: 1
Calculating per tile final latency and stall for layer 3 in WeightRegister: latency_read_drain_per_layer[3] = 1.0092592592592593, latency_fill_update_per_layer[3] = 1.0092592592592593
Final per tile latency_per_layer[3]: 1
Final per tile stall_cycles_per_layer[3]: 0
Ideal case: no stall introduced by this level per this layer: cc_per_all_tiles_per_layer[3]: 1
Calculating per tile final latency and stall for layer 4 in WeightRegister: latency_read_drain_per_layer[4] = 1.0092592592592593, latency_fill_update_per_layer[4] = 1.0092592592592593
Final per tile latency_per_layer[4]: 1
Final per tile stall_cycles_per_layer[4]: 0
Ideal case: no stall introduced by this level per this layer: cc_per_all_tiles_per_layer[4]: 1
Calculating per tile final latency and stall for layer 5 in WeightRegister: latency_read_drain_per_layer[5] = 1.0092592592592593, latency_fill_update_per_layer[5] = 1.0092592592592593
Final per tile latency_per_layer[5]: 1
Final per tile stall_cycles_per_layer[5]: 0
Ideal case: no stall introduced by this level per this layer: cc_per_all_tiles_per_layer[5]: 1
Calculating per tile final latency and stall for layer 6 in WeightRegister: latency_read_drain_per_layer[6] = 1.0833333333333333, latency_fill_update_per_layer[6] = 1.0833333333333333
Final per tile latency_per_layer[6]: 1
Final per tile stall_cycles_per_layer[6]: 0
Ideal case: no stall introduced by this level per this layer: cc_per_all_tiles_per_layer[6]: 1
Calculating per tile final latency and stall for layer 7 in WeightRegister: latency_read_drain_per_layer[7] = 1, latency_fill_update_per_layer[7] = 1
Final per tile latency_per_layer[7]: 1
Final per tile stall_cycles_per_layer[7]: 0
Ideal case: no stall introduced by this level per this layer: cc_per_all_tiles_per_layer[7]: 1


Calculating Latency for Level: WeightMemory

Latency for layer: 0 of Level: WeightMemory
level.active_instances_per_layer[0]: 1
level.temporal_iterations_per_layer[0]: 4320
Scaling per layer[0]: 4,320
Single Tile latency: cc_per_tile_per_layer[0]: 1.0266666666666666
Ideal Case, Latency at this level without stalls: cc_per_all_tiles_per_layer[0]: 308.0
SCALED cc_per_all_tiles_per_layer[0]: 1,330,560
level.getReadPerLayer[0](): 18,144,000
  (For comparison - full reads including accumulation: 18,144,000)
ideal_bandwidth_read_per_layer[0]: 13.636363636363637
level.getDrainPerLayer[0](): 0
ideal_bandwidth_drain_per_layer[0]: 0.0
ideal_bandwidth_update_per_layer[0]: 0.0
  (For comparison - full updates including accumulation: 0)
level.getFillPerLayer[0](): 4,200
ideal_bandwidth_fill_per_layer[0]: 0.0031565656565656565

Latency for layer: 1 of Level: WeightMemory
level.active_instances_per_layer[1]: 1
level.temporal_iterations_per_layer[1]: 4320
Scaling per layer[1]: 4,320
Single Tile latency: cc_per_tile_per_layer[1]: 1.0178571428571428
Ideal Case, Latency at this level without stalls: cc_per_all_tiles_per_layer[1]: 57.0
SCALED cc_per_all_tiles_per_layer[1]: 246,240
level.getReadPerLayer[1](): 2,903,040
  (For comparison - full reads including accumulation: 2,903,040)
ideal_bandwidth_read_per_layer[1]: 11.789473684210526
level.getDrainPerLayer[1](): 0
ideal_bandwidth_drain_per_layer[1]: 0.0
ideal_bandwidth_update_per_layer[1]: 0.0
  (For comparison - full updates including accumulation: 0)
level.getFillPerLayer[1](): 672
ideal_bandwidth_fill_per_layer[1]: 0.0027290448343079924

Latency for layer: 2 of Level: WeightMemory
level.active_instances_per_layer[2]: 1
level.temporal_iterations_per_layer[2]: 4320
Scaling per layer[2]: 4,320
Single Tile latency: cc_per_tile_per_layer[2]: 1.0092592592592593
Ideal Case, Latency at this level without stalls: cc_per_all_tiles_per_layer[2]: 109.0
SCALED cc_per_all_tiles_per_layer[2]: 470,880
level.getReadPerLayer[2](): 5,598,720
  (For comparison - full reads including accumulation: 5,598,720)
ideal_bandwidth_read_per_layer[2]: 11.889908256880734
level.getDrainPerLayer[2](): 0
ideal_bandwidth_drain_per_layer[2]: 0.0
ideal_bandwidth_update_per_layer[2]: 0.0
  (For comparison - full updates including accumulation: 0)
level.getFillPerLayer[2](): 1,296
ideal_bandwidth_fill_per_layer[2]: 0.0027522935779816515

Latency for layer: 3 of Level: WeightMemory
level.active_instances_per_layer[3]: 1
level.temporal_iterations_per_layer[3]: 4320
Scaling per layer[3]: 4,320
Single Tile latency: cc_per_tile_per_layer[3]: 1.0092592592592593
Ideal Case, Latency at this level without stalls: cc_per_all_tiles_per_layer[3]: 109.0
SCALED cc_per_all_tiles_per_layer[3]: 470,880
level.getReadPerLayer[3](): 5,598,720
  (For comparison - full reads including accumulation: 5,598,720)
ideal_bandwidth_read_per_layer[3]: 11.889908256880734
level.getDrainPerLayer[3](): 0
ideal_bandwidth_drain_per_layer[3]: 0.0
ideal_bandwidth_update_per_layer[3]: 0.0
  (For comparison - full updates including accumulation: 0)
level.getFillPerLayer[3](): 1,296
ideal_bandwidth_fill_per_layer[3]: 0.0027522935779816515

Latency for layer: 4 of Level: WeightMemory
level.active_instances_per_layer[4]: 1
level.temporal_iterations_per_layer[4]: 4320
Scaling per layer[4]: 4,320
Single Tile latency: cc_per_tile_per_layer[4]: 1.0092592592592593
Ideal Case, Latency at this level without stalls: cc_per_all_tiles_per_layer[4]: 109.0
SCALED cc_per_all_tiles_per_layer[4]: 470,880
level.getReadPerLayer[4](): 5,598,720
  (For comparison - full reads including accumulation: 5,598,720)
ideal_bandwidth_read_per_layer[4]: 11.889908256880734
level.getDrainPerLayer[4](): 0
ideal_bandwidth_drain_per_layer[4]: 0.0
ideal_bandwidth_update_per_layer[4]: 0.0
  (For comparison - full updates including accumulation: 0)
level.getFillPerLayer[4](): 1,296
ideal_bandwidth_fill_per_layer[4]: 0.0027522935779816515

Latency for layer: 5 of Level: WeightMemory
level.active_instances_per_layer[5]: 1
level.temporal_iterations_per_layer[5]: 4320
Scaling per layer[5]: 4,320
Single Tile latency: cc_per_tile_per_layer[5]: 1.0092592592592593
Ideal Case, Latency at this level without stalls: cc_per_all_tiles_per_layer[5]: 109.0
SCALED cc_per_all_tiles_per_layer[5]: 470,880
level.getReadPerLayer[5](): 5,598,720
  (For comparison - full reads including accumulation: 5,598,720)
ideal_bandwidth_read_per_layer[5]: 11.889908256880734
level.getDrainPerLayer[5](): 0
ideal_bandwidth_drain_per_layer[5]: 0.0
ideal_bandwidth_update_per_layer[5]: 0.0
  (For comparison - full updates including accumulation: 0)
level.getFillPerLayer[5](): 1,296
ideal_bandwidth_fill_per_layer[5]: 0.0027522935779816515

Latency for layer: 6 of Level: WeightMemory
level.active_instances_per_layer[6]: 1
level.temporal_iterations_per_layer[6]: 4320
Scaling per layer[6]: 4,320
Single Tile latency: cc_per_tile_per_layer[6]: 1.0833333333333333
Ideal Case, Latency at this level without stalls: cc_per_all_tiles_per_layer[6]: 52.0
SCALED cc_per_all_tiles_per_layer[6]: 224,640
level.getReadPerLayer[6](): 2,903,040
  (For comparison - full reads including accumulation: 2,903,040)
ideal_bandwidth_read_per_layer[6]: 12.923076923076923
level.getDrainPerLayer[6](): 0
ideal_bandwidth_drain_per_layer[6]: 0.0
ideal_bandwidth_update_per_layer[6]: 0.0
  (For comparison - full updates including accumulation: 0)
level.getFillPerLayer[6](): 672
ideal_bandwidth_fill_per_layer[6]: 0.0029914529914529917

Latency for layer: 7 of Level: WeightMemory
level.active_instances_per_layer[7]: 1
level.temporal_iterations_per_layer[7]: 4320
Scaling per layer[7]: 4,320
Single Tile latency: cc_per_tile_per_layer[7]: 1
Ideal Case, Latency at this level without stalls: cc_per_all_tiles_per_layer[7]: 504
SCALED cc_per_all_tiles_per_layer[7]: 2,177,280
level.getReadPerLayer[7](): 34,836,480
  (For comparison - full reads including accumulation: 34,836,480)
ideal_bandwidth_read_per_layer[7]: 16.0
level.getDrainPerLayer[7](): 0
ideal_bandwidth_drain_per_layer[7]: 0.0
ideal_bandwidth_update_per_layer[7]: 0.0
  (For comparison - full updates including accumulation: 0)
level.getFillPerLayer[7](): 8,064
ideal_bandwidth_fill_per_layer[7]: 0.003703703703703704

Start of calculation of latency:


Layer_id: 0 in WeightMemory

ideal_bandwidth_read_per_layer[0] + ideal_bandwidth_drain_per_layer[0]: 13.636363636363637 vs level.read_bandwidth: 16
I am in Compute Bound
cc_per_all_tiles_per_layer[0]: 308.0
STANDARD CASE latency_read_drain_per_layer[0]: 308.0

ideal_bandwidth_fill_per_layer[0] + ideal_bandwidth_update_per_layer[0]: 0.0031565656565656565 vs level.write_bandwidth: 16
previous_fanout_pe_to_pe_warmup: 0
STANDARD CASE latency_fill_update_per_layer[0]: 308.0


Layer_id: 1 in WeightMemory

ideal_bandwidth_read_per_layer[1] + ideal_bandwidth_drain_per_layer[1]: 11.789473684210526 vs level.read_bandwidth: 16
I am in Compute Bound
cc_per_all_tiles_per_layer[1]: 57.0
STANDARD CASE latency_read_drain_per_layer[1]: 57.0

ideal_bandwidth_fill_per_layer[1] + ideal_bandwidth_update_per_layer[1]: 0.0027290448343079924 vs level.write_bandwidth: 16
previous_fanout_pe_to_pe_warmup: 0
STANDARD CASE latency_fill_update_per_layer[1]: 57.0


Layer_id: 2 in WeightMemory

ideal_bandwidth_read_per_layer[2] + ideal_bandwidth_drain_per_layer[2]: 11.889908256880734 vs level.read_bandwidth: 16
I am in Compute Bound
cc_per_all_tiles_per_layer[2]: 109.0
STANDARD CASE latency_read_drain_per_layer[2]: 109.0

ideal_bandwidth_fill_per_layer[2] + ideal_bandwidth_update_per_layer[2]: 0.0027522935779816515 vs level.write_bandwidth: 16
previous_fanout_pe_to_pe_warmup: 0
STANDARD CASE latency_fill_update_per_layer[2]: 109.0


Layer_id: 3 in WeightMemory

ideal_bandwidth_read_per_layer[3] + ideal_bandwidth_drain_per_layer[3]: 11.889908256880734 vs level.read_bandwidth: 16
I am in Compute Bound
cc_per_all_tiles_per_layer[3]: 109.0
STANDARD CASE latency_read_drain_per_layer[3]: 109.0

ideal_bandwidth_fill_per_layer[3] + ideal_bandwidth_update_per_layer[3]: 0.0027522935779816515 vs level.write_bandwidth: 16
previous_fanout_pe_to_pe_warmup: 0
STANDARD CASE latency_fill_update_per_layer[3]: 109.0


Layer_id: 4 in WeightMemory

ideal_bandwidth_read_per_layer[4] + ideal_bandwidth_drain_per_layer[4]: 11.889908256880734 vs level.read_bandwidth: 16
I am in Compute Bound
cc_per_all_tiles_per_layer[4]: 109.0
STANDARD CASE latency_read_drain_per_layer[4]: 109.0

ideal_bandwidth_fill_per_layer[4] + ideal_bandwidth_update_per_layer[4]: 0.0027522935779816515 vs level.write_bandwidth: 16
previous_fanout_pe_to_pe_warmup: 0
STANDARD CASE latency_fill_update_per_layer[4]: 109.0


Layer_id: 5 in WeightMemory

ideal_bandwidth_read_per_layer[5] + ideal_bandwidth_drain_per_layer[5]: 11.889908256880734 vs level.read_bandwidth: 16
I am in Compute Bound
cc_per_all_tiles_per_layer[5]: 109.0
STANDARD CASE latency_read_drain_per_layer[5]: 109.0

ideal_bandwidth_fill_per_layer[5] + ideal_bandwidth_update_per_layer[5]: 0.0027522935779816515 vs level.write_bandwidth: 16
previous_fanout_pe_to_pe_warmup: 0
STANDARD CASE latency_fill_update_per_layer[5]: 109.0


Layer_id: 6 in WeightMemory

ideal_bandwidth_read_per_layer[6] + ideal_bandwidth_drain_per_layer[6]: 12.923076923076923 vs level.read_bandwidth: 16
I am in Compute Bound
cc_per_all_tiles_per_layer[6]: 52.0
STANDARD CASE latency_read_drain_per_layer[6]: 52.0

ideal_bandwidth_fill_per_layer[6] + ideal_bandwidth_update_per_layer[6]: 0.0029914529914529917 vs level.write_bandwidth: 16
previous_fanout_pe_to_pe_warmup: 0
STANDARD CASE latency_fill_update_per_layer[6]: 52.0


Layer_id: 7 in WeightMemory

ideal_bandwidth_read_per_layer[7] + ideal_bandwidth_drain_per_layer[7]: 16.0 vs level.read_bandwidth: 16
I am in Compute Bound
cc_per_all_tiles_per_layer[7]: 504
STANDARD CASE latency_read_drain_per_layer[7]: 504

ideal_bandwidth_fill_per_layer[7] + ideal_bandwidth_update_per_layer[7]: 0.003703703703703704 vs level.write_bandwidth: 16
previous_fanout_pe_to_pe_warmup: 0
STANDARD CASE latency_fill_update_per_layer[7]: 504

End of calculation of latency.

Calculating per tile final latency and stall for layer 0 in WeightMemory: latency_read_drain_per_layer[0] = 308.0, latency_fill_update_per_layer[0] = 308.0
Final per tile latency_per_layer[0]: 308
Final per tile stall_cycles_per_layer[0]: 0
Ideal case: no stall introduced by this level per this layer: cc_per_all_tiles_per_layer[0]: 308
Calculating per tile final latency and stall for layer 1 in WeightMemory: latency_read_drain_per_layer[1] = 57.0, latency_fill_update_per_layer[1] = 57.0
Final per tile latency_per_layer[1]: 57
Final per tile stall_cycles_per_layer[1]: 0
Ideal case: no stall introduced by this level per this layer: cc_per_all_tiles_per_layer[1]: 57
Calculating per tile final latency and stall for layer 2 in WeightMemory: latency_read_drain_per_layer[2] = 109.0, latency_fill_update_per_layer[2] = 109.0
Final per tile latency_per_layer[2]: 109
Final per tile stall_cycles_per_layer[2]: 0
Ideal case: no stall introduced by this level per this layer: cc_per_all_tiles_per_layer[2]: 109
Calculating per tile final latency and stall for layer 3 in WeightMemory: latency_read_drain_per_layer[3] = 109.0, latency_fill_update_per_layer[3] = 109.0
Final per tile latency_per_layer[3]: 109
Final per tile stall_cycles_per_layer[3]: 0
Ideal case: no stall introduced by this level per this layer: cc_per_all_tiles_per_layer[3]: 109
Calculating per tile final latency and stall for layer 4 in WeightMemory: latency_read_drain_per_layer[4] = 109.0, latency_fill_update_per_layer[4] = 109.0
Final per tile latency_per_layer[4]: 109
Final per tile stall_cycles_per_layer[4]: 0
Ideal case: no stall introduced by this level per this layer: cc_per_all_tiles_per_layer[4]: 109
Calculating per tile final latency and stall for layer 5 in WeightMemory: latency_read_drain_per_layer[5] = 109.0, latency_fill_update_per_layer[5] = 109.0
Final per tile latency_per_layer[5]: 109
Final per tile stall_cycles_per_layer[5]: 0
Ideal case: no stall introduced by this level per this layer: cc_per_all_tiles_per_layer[5]: 109
Calculating per tile final latency and stall for layer 6 in WeightMemory: latency_read_drain_per_layer[6] = 52.0, latency_fill_update_per_layer[6] = 52.0
Final per tile latency_per_layer[6]: 52
Final per tile stall_cycles_per_layer[6]: 0
Ideal case: no stall introduced by this level per this layer: cc_per_all_tiles_per_layer[6]: 52
Calculating per tile final latency and stall for layer 7 in WeightMemory: latency_read_drain_per_layer[7] = 504, latency_fill_update_per_layer[7] = 504
Final per tile latency_per_layer[7]: 504
Final per tile stall_cycles_per_layer[7]: 0
Ideal case: no stall introduced by this level per this layer: cc_per_all_tiles_per_layer[7]: 504


Calculating Latency for Level: FeatureMemory

Latency for layer: 0 of Level: FeatureMemory
level.active_instances_per_layer[0]: 1
level.temporal_iterations_per_layer[0]: 4320
Scaling per layer[0]: 4,320
Single Tile latency: cc_per_tile_per_layer[0]: 308.0
Ideal Case, Latency at this level without stalls: cc_per_all_tiles_per_layer[0]: 308.0
SCALED cc_per_all_tiles_per_layer[0]: 1,330,560
level.getReadPerLayer[0](): 60,134,400
  (For comparison - full reads including accumulation: 60,134,400)
ideal_bandwidth_read_per_layer[0]: 45.1948051948052
level.getDrainPerLayer[0](): 0
ideal_bandwidth_drain_per_layer[0]: 0.0
ideal_bandwidth_update_per_layer[0]: 21.818181818181817
  (For comparison - full updates including accumulation: 29,030,400)
level.getFillPerLayer[0](): 1,555,200
ideal_bandwidth_fill_per_layer[0]: 1.1688311688311688

Latency for layer: 1 of Level: FeatureMemory
level.active_instances_per_layer[1]: 1
level.temporal_iterations_per_layer[1]: 4320
Scaling per layer[1]: 4,320
Single Tile latency: cc_per_tile_per_layer[1]: 57.0
Ideal Case, Latency at this level without stalls: cc_per_all_tiles_per_layer[1]: 57.0
SCALED cc_per_all_tiles_per_layer[1]: 246,240
level.getReadPerLayer[1](): 12,026,880
  (For comparison - full reads including accumulation: 12,026,880)
ideal_bandwidth_read_per_layer[1]: 48.8421052631579
level.getDrainPerLayer[1](): 0
ideal_bandwidth_drain_per_layer[1]: 0.0
ideal_bandwidth_update_per_layer[1]: 25.263157894736842
  (For comparison - full updates including accumulation: 6,220,800)
level.getFillPerLayer[1](): 0
ideal_bandwidth_fill_per_layer[1]: 0.0

Latency for layer: 2 of Level: FeatureMemory
level.active_instances_per_layer[2]: 1
level.temporal_iterations_per_layer[2]: 4320
Scaling per layer[2]: 4,320
Single Tile latency: cc_per_tile_per_layer[2]: 109.0
Ideal Case, Latency at this level without stalls: cc_per_all_tiles_per_layer[2]: 109.0
SCALED cc_per_all_tiles_per_layer[2]: 470,880
level.getReadPerLayer[2](): 17,418,240
  (For comparison - full reads including accumulation: 17,418,240)
ideal_bandwidth_read_per_layer[2]: 36.99082568807339
level.getDrainPerLayer[2](): 0
ideal_bandwidth_drain_per_layer[2]: 0.0
ideal_bandwidth_update_per_layer[2]: 13.211009174311927
  (For comparison - full updates including accumulation: 6,220,800)
level.getFillPerLayer[2](): 0
ideal_bandwidth_fill_per_layer[2]: 0.0

Latency for layer: 3 of Level: FeatureMemory
level.active_instances_per_layer[3]: 1
level.temporal_iterations_per_layer[3]: 4320
Scaling per layer[3]: 4,320
Single Tile latency: cc_per_tile_per_layer[3]: 109.0
Ideal Case, Latency at this level without stalls: cc_per_all_tiles_per_layer[3]: 109.0
SCALED cc_per_all_tiles_per_layer[3]: 470,880
level.getReadPerLayer[3](): 17,418,240
  (For comparison - full reads including accumulation: 17,418,240)
ideal_bandwidth_read_per_layer[3]: 36.99082568807339
level.getDrainPerLayer[3](): 0
ideal_bandwidth_drain_per_layer[3]: 0.0
ideal_bandwidth_update_per_layer[3]: 13.211009174311927
  (For comparison - full updates including accumulation: 6,220,800)
level.getFillPerLayer[3](): 0
ideal_bandwidth_fill_per_layer[3]: 0.0

Latency for layer: 4 of Level: FeatureMemory
level.active_instances_per_layer[4]: 1
level.temporal_iterations_per_layer[4]: 4320
Scaling per layer[4]: 4,320
Single Tile latency: cc_per_tile_per_layer[4]: 109.0
Ideal Case, Latency at this level without stalls: cc_per_all_tiles_per_layer[4]: 109.0
SCALED cc_per_all_tiles_per_layer[4]: 470,880
level.getReadPerLayer[4](): 17,418,240
  (For comparison - full reads including accumulation: 17,418,240)
ideal_bandwidth_read_per_layer[4]: 36.99082568807339
level.getDrainPerLayer[4](): 0
ideal_bandwidth_drain_per_layer[4]: 0.0
ideal_bandwidth_update_per_layer[4]: 13.211009174311927
  (For comparison - full updates including accumulation: 6,220,800)
level.getFillPerLayer[4](): 0
ideal_bandwidth_fill_per_layer[4]: 0.0

Latency for layer: 5 of Level: FeatureMemory
level.active_instances_per_layer[5]: 1
level.temporal_iterations_per_layer[5]: 4320
Scaling per layer[5]: 4,320
Single Tile latency: cc_per_tile_per_layer[5]: 109.0
Ideal Case, Latency at this level without stalls: cc_per_all_tiles_per_layer[5]: 109.0
SCALED cc_per_all_tiles_per_layer[5]: 470,880
level.getReadPerLayer[5](): 17,418,240
  (For comparison - full reads including accumulation: 17,418,240)
ideal_bandwidth_read_per_layer[5]: 36.99082568807339
level.getDrainPerLayer[5](): 0
ideal_bandwidth_drain_per_layer[5]: 0.0
ideal_bandwidth_update_per_layer[5]: 13.211009174311927
  (For comparison - full updates including accumulation: 6,220,800)
level.getFillPerLayer[5](): 0
ideal_bandwidth_fill_per_layer[5]: 0.0

Latency for layer: 6 of Level: FeatureMemory
level.active_instances_per_layer[6]: 1
level.temporal_iterations_per_layer[6]: 4320
Scaling per layer[6]: 4,320
Single Tile latency: cc_per_tile_per_layer[6]: 52.0
Ideal Case, Latency at this level without stalls: cc_per_all_tiles_per_layer[6]: 52.0
SCALED cc_per_all_tiles_per_layer[6]: 224,640
level.getReadPerLayer[6](): 34,007,040
  (For comparison - full reads including accumulation: 34,007,040)
ideal_bandwidth_read_per_layer[6]: 151.3846153846154
level.getDrainPerLayer[6](): 0
ideal_bandwidth_drain_per_layer[6]: 0.0
ideal_bandwidth_update_per_layer[6]: 129.23076923076923
  (For comparison - full updates including accumulation: 29,030,400)
level.getFillPerLayer[6](): 0
ideal_bandwidth_fill_per_layer[6]: 0.0

Latency for layer: 7 of Level: FeatureMemory
level.active_instances_per_layer[7]: 1
level.temporal_iterations_per_layer[7]: 4320
Scaling per layer[7]: 4,320
Single Tile latency: cc_per_tile_per_layer[7]: 504
Ideal Case, Latency at this level without stalls: cc_per_all_tiles_per_layer[7]: 504
SCALED cc_per_all_tiles_per_layer[7]: 2,177,280
level.getReadPerLayer[7](): 52,254,720
  (For comparison - full reads including accumulation: 52,254,720)
ideal_bandwidth_read_per_layer[7]: 24.0
level.getDrainPerLayer[7](): 8,294,400
ideal_bandwidth_drain_per_layer[7]: 3.8095238095238093
ideal_bandwidth_update_per_layer[7]: 3.8095238095238093
  (For comparison - full updates including accumulation: 8,294,400)
level.getFillPerLayer[7](): 0
ideal_bandwidth_fill_per_layer[7]: 0.0

Start of calculation of latency:
I am in FeatureMemory level, so I use different formula for latency calculation


Layer_id: 0 in FeatureMemory

scaling_per_layer[0]: 4320
I AM HERE total_data_rd: 60134400
latency_per_layer[0]: 160.76704545454544, latency_read_drain_per_layer[0]: 105.45454545454545, latency_fill_update_per_layer[0]: 55.3125
Total latency so far: 160.76704545454544


Layer_id: 1 in FeatureMemory

scaling_per_layer[1]: 4320
I AM HERE total_data_rd: 12026880
latency_per_layer[1]: 32.34090909090909, latency_read_drain_per_layer[1]: 21.09090909090909, latency_fill_update_per_layer[1]: 11.25
Total latency so far: 193.10795454545453


Layer_id: 2 in FeatureMemory

scaling_per_layer[2]: 4320
I AM HERE total_data_rd: 17418240
latency_per_layer[2]: 41.79545454545455, latency_read_drain_per_layer[2]: 30.545454545454547, latency_fill_update_per_layer[2]: 11.25
Total latency so far: 234.90340909090907


Layer_id: 3 in FeatureMemory

scaling_per_layer[3]: 4320
I AM HERE total_data_rd: 17418240
latency_per_layer[3]: 41.79545454545455, latency_read_drain_per_layer[3]: 30.545454545454547, latency_fill_update_per_layer[3]: 11.25
Total latency so far: 276.6988636363636


Layer_id: 4 in FeatureMemory

scaling_per_layer[4]: 4320
I AM HERE total_data_rd: 17418240
latency_per_layer[4]: 41.79545454545455, latency_read_drain_per_layer[4]: 30.545454545454547, latency_fill_update_per_layer[4]: 11.25
Total latency so far: 318.4943181818182


Layer_id: 5 in FeatureMemory

scaling_per_layer[5]: 4320
I AM HERE total_data_rd: 17418240
latency_per_layer[5]: 41.79545454545455, latency_read_drain_per_layer[5]: 30.545454545454547, latency_fill_update_per_layer[5]: 11.25
Total latency so far: 360.28977272727275


Layer_id: 6 in FeatureMemory

scaling_per_layer[6]: 4320
I AM HERE total_data_rd: 34007040
latency_per_layer[6]: 112.13636363636364, latency_read_drain_per_layer[6]: 59.63636363636364, latency_fill_update_per_layer[6]: 52.5
Total latency so far: 472.4261363636364


Layer_id: 7 in FeatureMemory

scaling_per_layer[7]: 4320
I AM HERE total_data_rd: 60549120
latency_per_layer[7]: 121.18181818181819, latency_read_drain_per_layer[7]: 106.18181818181819, latency_fill_update_per_layer[7]: 15.0
Total latency so far: 593.6079545454545

End of calculation of latency.

Calculating per tile final latency and stall for layer 0 in FeatureMemory: latency_read_drain_per_layer[0] = 105.45454545454545, latency_fill_update_per_layer[0] = 55.3125
Final per tile latency_per_layer[0]: 308
Final per tile stall_cycles_per_layer[0]: 0
Ideal case: no stall introduced by this level per this layer: cc_per_all_tiles_per_layer[0]: 308
Calculating per tile final latency and stall for layer 1 in FeatureMemory: latency_read_drain_per_layer[1] = 21.09090909090909, latency_fill_update_per_layer[1] = 11.25
Final per tile latency_per_layer[1]: 57
Final per tile stall_cycles_per_layer[1]: 0
Ideal case: no stall introduced by this level per this layer: cc_per_all_tiles_per_layer[1]: 57
Calculating per tile final latency and stall for layer 2 in FeatureMemory: latency_read_drain_per_layer[2] = 30.545454545454547, latency_fill_update_per_layer[2] = 11.25
Final per tile latency_per_layer[2]: 109
Final per tile stall_cycles_per_layer[2]: 0
Ideal case: no stall introduced by this level per this layer: cc_per_all_tiles_per_layer[2]: 109
Calculating per tile final latency and stall for layer 3 in FeatureMemory: latency_read_drain_per_layer[3] = 30.545454545454547, latency_fill_update_per_layer[3] = 11.25
Final per tile latency_per_layer[3]: 109
Final per tile stall_cycles_per_layer[3]: 0
Ideal case: no stall introduced by this level per this layer: cc_per_all_tiles_per_layer[3]: 109
Calculating per tile final latency and stall for layer 4 in FeatureMemory: latency_read_drain_per_layer[4] = 30.545454545454547, latency_fill_update_per_layer[4] = 11.25
Final per tile latency_per_layer[4]: 109
Final per tile stall_cycles_per_layer[4]: 0
Ideal case: no stall introduced by this level per this layer: cc_per_all_tiles_per_layer[4]: 109
Calculating per tile final latency and stall for layer 5 in FeatureMemory: latency_read_drain_per_layer[5] = 30.545454545454547, latency_fill_update_per_layer[5] = 11.25
Final per tile latency_per_layer[5]: 109
Final per tile stall_cycles_per_layer[5]: 0
Ideal case: no stall introduced by this level per this layer: cc_per_all_tiles_per_layer[5]: 109
Calculating per tile final latency and stall for layer 6 in FeatureMemory: latency_read_drain_per_layer[6] = 59.63636363636364, latency_fill_update_per_layer[6] = 52.5
Final per tile latency_per_layer[6]: 112
Final per tile stall_cycles_per_layer[6]: 60
Ideal case: no stall introduced by this level per this layer: cc_per_all_tiles_per_layer[6]: 52
Calculating per tile final latency and stall for layer 7 in FeatureMemory: latency_read_drain_per_layer[7] = 106.18181818181819, latency_fill_update_per_layer[7] = 15.0
Final per tile latency_per_layer[7]: 504
Final per tile stall_cycles_per_layer[7]: 0
Ideal case: no stall introduced by this level per this layer: cc_per_all_tiles_per_layer[7]: 504


Calculating Latency for Level: DRAM

Latency for layer: 0 of Level: DRAM
level.active_instances_per_layer[0]: 1
level.temporal_iterations_per_layer[0]: 1
Scaling per layer[0]: 1
Single Tile latency: cc_per_tile_per_layer[0]: 308.0
Ideal Case, Latency at this level without stalls: cc_per_all_tiles_per_layer[0]: 1330560.0
SCALED cc_per_all_tiles_per_layer[0]: 1,330,560
level.getReadPerLayer[0](): 1,559,400
  (For comparison - full reads including accumulation: 1,559,400)
ideal_bandwidth_read_per_layer[0]: 1.1719877344877345
level.getDrainPerLayer[0](): 0
ideal_bandwidth_drain_per_layer[0]: 0.0
ideal_bandwidth_update_per_layer[0]: 0.0
  (For comparison - full updates including accumulation: 0)
level.getFillPerLayer[0](): 0
ideal_bandwidth_fill_per_layer[0]: 0.0

Latency for layer: 1 of Level: DRAM
level.active_instances_per_layer[1]: 1
level.temporal_iterations_per_layer[1]: 1
Scaling per layer[1]: 1
Single Tile latency: cc_per_tile_per_layer[1]: 57.0
Ideal Case, Latency at this level without stalls: cc_per_all_tiles_per_layer[1]: 246240.0
SCALED cc_per_all_tiles_per_layer[1]: 246,240
level.getReadPerLayer[1](): 672
  (For comparison - full reads including accumulation: 672)
ideal_bandwidth_read_per_layer[1]: 0.0027290448343079924
level.getDrainPerLayer[1](): 0
ideal_bandwidth_drain_per_layer[1]: 0.0
ideal_bandwidth_update_per_layer[1]: 0.0
  (For comparison - full updates including accumulation: 0)
level.getFillPerLayer[1](): 0
ideal_bandwidth_fill_per_layer[1]: 0.0

Latency for layer: 2 of Level: DRAM
level.active_instances_per_layer[2]: 1
level.temporal_iterations_per_layer[2]: 1
Scaling per layer[2]: 1
Single Tile latency: cc_per_tile_per_layer[2]: 109.0
Ideal Case, Latency at this level without stalls: cc_per_all_tiles_per_layer[2]: 470880.0
SCALED cc_per_all_tiles_per_layer[2]: 470,880
level.getReadPerLayer[2](): 1,296
  (For comparison - full reads including accumulation: 1,296)
ideal_bandwidth_read_per_layer[2]: 0.0027522935779816515
level.getDrainPerLayer[2](): 0
ideal_bandwidth_drain_per_layer[2]: 0.0
ideal_bandwidth_update_per_layer[2]: 0.0
  (For comparison - full updates including accumulation: 0)
level.getFillPerLayer[2](): 0
ideal_bandwidth_fill_per_layer[2]: 0.0

Latency for layer: 3 of Level: DRAM
level.active_instances_per_layer[3]: 1
level.temporal_iterations_per_layer[3]: 1
Scaling per layer[3]: 1
Single Tile latency: cc_per_tile_per_layer[3]: 109.0
Ideal Case, Latency at this level without stalls: cc_per_all_tiles_per_layer[3]: 470880.0
SCALED cc_per_all_tiles_per_layer[3]: 470,880
level.getReadPerLayer[3](): 1,296
  (For comparison - full reads including accumulation: 1,296)
ideal_bandwidth_read_per_layer[3]: 0.0027522935779816515
level.getDrainPerLayer[3](): 0
ideal_bandwidth_drain_per_layer[3]: 0.0
ideal_bandwidth_update_per_layer[3]: 0.0
  (For comparison - full updates including accumulation: 0)
level.getFillPerLayer[3](): 0
ideal_bandwidth_fill_per_layer[3]: 0.0

Latency for layer: 4 of Level: DRAM
level.active_instances_per_layer[4]: 1
level.temporal_iterations_per_layer[4]: 1
Scaling per layer[4]: 1
Single Tile latency: cc_per_tile_per_layer[4]: 109.0
Ideal Case, Latency at this level without stalls: cc_per_all_tiles_per_layer[4]: 470880.0
SCALED cc_per_all_tiles_per_layer[4]: 470,880
level.getReadPerLayer[4](): 1,296
  (For comparison - full reads including accumulation: 1,296)
ideal_bandwidth_read_per_layer[4]: 0.0027522935779816515
level.getDrainPerLayer[4](): 0
ideal_bandwidth_drain_per_layer[4]: 0.0
ideal_bandwidth_update_per_layer[4]: 0.0
  (For comparison - full updates including accumulation: 0)
level.getFillPerLayer[4](): 0
ideal_bandwidth_fill_per_layer[4]: 0.0

Latency for layer: 5 of Level: DRAM
level.active_instances_per_layer[5]: 1
level.temporal_iterations_per_layer[5]: 1
Scaling per layer[5]: 1
Single Tile latency: cc_per_tile_per_layer[5]: 109.0
Ideal Case, Latency at this level without stalls: cc_per_all_tiles_per_layer[5]: 470880.0
SCALED cc_per_all_tiles_per_layer[5]: 470,880
level.getReadPerLayer[5](): 1,296
  (For comparison - full reads including accumulation: 1,296)
ideal_bandwidth_read_per_layer[5]: 0.0027522935779816515
level.getDrainPerLayer[5](): 0
ideal_bandwidth_drain_per_layer[5]: 0.0
ideal_bandwidth_update_per_layer[5]: 0.0
  (For comparison - full updates including accumulation: 0)
level.getFillPerLayer[5](): 0
ideal_bandwidth_fill_per_layer[5]: 0.0

Latency for layer: 6 of Level: DRAM
level.active_instances_per_layer[6]: 1
level.temporal_iterations_per_layer[6]: 1
Scaling per layer[6]: 1
Single Tile latency: cc_per_tile_per_layer[6]: 112.13636363636364
Ideal Case, Latency at this level without stalls: cc_per_all_tiles_per_layer[6]: 484429.09090909094
SCALED cc_per_all_tiles_per_layer[6]: 484,429
level.getReadPerLayer[6](): 672
  (For comparison - full reads including accumulation: 672)
ideal_bandwidth_read_per_layer[6]: 0.001387199927937666
level.getDrainPerLayer[6](): 0
ideal_bandwidth_drain_per_layer[6]: 0.0
ideal_bandwidth_update_per_layer[6]: 0.0
  (For comparison - full updates including accumulation: 0)
level.getFillPerLayer[6](): 0
ideal_bandwidth_fill_per_layer[6]: 0.0

Latency for layer: 7 of Level: DRAM
level.active_instances_per_layer[7]: 1
level.temporal_iterations_per_layer[7]: 1
Scaling per layer[7]: 1
Single Tile latency: cc_per_tile_per_layer[7]: 504
Ideal Case, Latency at this level without stalls: cc_per_all_tiles_per_layer[7]: 2177280
SCALED cc_per_all_tiles_per_layer[7]: 2,177,280
level.getReadPerLayer[7](): 8,064
  (For comparison - full reads including accumulation: 8,064)
ideal_bandwidth_read_per_layer[7]: 0.003703703703703704
level.getDrainPerLayer[7](): 0
ideal_bandwidth_drain_per_layer[7]: 0.0
ideal_bandwidth_update_per_layer[7]: 3.8095238095238093
  (For comparison - full updates including accumulation: 8,294,400)
level.getFillPerLayer[7](): 0
ideal_bandwidth_fill_per_layer[7]: 0.0

Start of calculation of latency:


Layer_id: 0 in DRAM

ideal_bandwidth_read_per_layer[0] + ideal_bandwidth_drain_per_layer[0]: 1.1719877344877345 vs level.read_bandwidth: 12
I am in Compute Bound
cc_per_all_tiles_per_layer[0]: 1330560.0
STANDARD CASE latency_read_drain_per_layer[0]: 1330560.0

ideal_bandwidth_fill_per_layer[0] + ideal_bandwidth_update_per_layer[0]: 0.0 vs level.write_bandwidth: 12
previous_fanout_pe_to_pe_warmup: 0
STANDARD CASE latency_fill_update_per_layer[0]: 1330560.0


Layer_id: 1 in DRAM

ideal_bandwidth_read_per_layer[1] + ideal_bandwidth_drain_per_layer[1]: 0.0027290448343079924 vs level.read_bandwidth: 12
I am in Compute Bound
cc_per_all_tiles_per_layer[1]: 246240.0
STANDARD CASE latency_read_drain_per_layer[1]: 246240.0

ideal_bandwidth_fill_per_layer[1] + ideal_bandwidth_update_per_layer[1]: 0.0 vs level.write_bandwidth: 12
previous_fanout_pe_to_pe_warmup: 0
STANDARD CASE latency_fill_update_per_layer[1]: 246240.0


Layer_id: 2 in DRAM

ideal_bandwidth_read_per_layer[2] + ideal_bandwidth_drain_per_layer[2]: 0.0027522935779816515 vs level.read_bandwidth: 12
I am in Compute Bound
cc_per_all_tiles_per_layer[2]: 470880.0
STANDARD CASE latency_read_drain_per_layer[2]: 470880.0

ideal_bandwidth_fill_per_layer[2] + ideal_bandwidth_update_per_layer[2]: 0.0 vs level.write_bandwidth: 12
previous_fanout_pe_to_pe_warmup: 0
STANDARD CASE latency_fill_update_per_layer[2]: 470880.0


Layer_id: 3 in DRAM

ideal_bandwidth_read_per_layer[3] + ideal_bandwidth_drain_per_layer[3]: 0.0027522935779816515 vs level.read_bandwidth: 12
I am in Compute Bound
cc_per_all_tiles_per_layer[3]: 470880.0
STANDARD CASE latency_read_drain_per_layer[3]: 470880.0

ideal_bandwidth_fill_per_layer[3] + ideal_bandwidth_update_per_layer[3]: 0.0 vs level.write_bandwidth: 12
previous_fanout_pe_to_pe_warmup: 0
STANDARD CASE latency_fill_update_per_layer[3]: 470880.0


Layer_id: 4 in DRAM

ideal_bandwidth_read_per_layer[4] + ideal_bandwidth_drain_per_layer[4]: 0.0027522935779816515 vs level.read_bandwidth: 12
I am in Compute Bound
cc_per_all_tiles_per_layer[4]: 470880.0
STANDARD CASE latency_read_drain_per_layer[4]: 470880.0

ideal_bandwidth_fill_per_layer[4] + ideal_bandwidth_update_per_layer[4]: 0.0 vs level.write_bandwidth: 12
previous_fanout_pe_to_pe_warmup: 0
STANDARD CASE latency_fill_update_per_layer[4]: 470880.0


Layer_id: 5 in DRAM

ideal_bandwidth_read_per_layer[5] + ideal_bandwidth_drain_per_layer[5]: 0.0027522935779816515 vs level.read_bandwidth: 12
I am in Compute Bound
cc_per_all_tiles_per_layer[5]: 470880.0
STANDARD CASE latency_read_drain_per_layer[5]: 470880.0

ideal_bandwidth_fill_per_layer[5] + ideal_bandwidth_update_per_layer[5]: 0.0 vs level.write_bandwidth: 12
previous_fanout_pe_to_pe_warmup: 0
STANDARD CASE latency_fill_update_per_layer[5]: 470880.0


Layer_id: 6 in DRAM

ideal_bandwidth_read_per_layer[6] + ideal_bandwidth_drain_per_layer[6]: 0.001387199927937666 vs level.read_bandwidth: 12
I am in Compute Bound
cc_per_all_tiles_per_layer[6]: 484429.09090909094
STANDARD CASE latency_read_drain_per_layer[6]: 484429.09090909094

ideal_bandwidth_fill_per_layer[6] + ideal_bandwidth_update_per_layer[6]: 0.0 vs level.write_bandwidth: 12
previous_fanout_pe_to_pe_warmup: 0
STANDARD CASE latency_fill_update_per_layer[6]: 484429.09090909094


Layer_id: 7 in DRAM

ideal_bandwidth_read_per_layer[7] + ideal_bandwidth_drain_per_layer[7]: 0.003703703703703704 vs level.read_bandwidth: 12
I am in Compute Bound
cc_per_all_tiles_per_layer[7]: 2177280
STANDARD CASE latency_read_drain_per_layer[7]: 2177280

ideal_bandwidth_fill_per_layer[7] + ideal_bandwidth_update_per_layer[7]: 3.8095238095238093 vs level.write_bandwidth: 12
previous_fanout_pe_to_pe_warmup: 0
STANDARD CASE latency_fill_update_per_layer[7]: 2177280

End of calculation of latency.

Calculating per tile final latency and stall for layer 0 in DRAM: latency_read_drain_per_layer[0] = 1330560.0, latency_fill_update_per_layer[0] = 1330560.0
Final per tile latency_per_layer[0]: 1,330,560
Final per tile stall_cycles_per_layer[0]: 0
Ideal case: no stall introduced by this level per this layer: cc_per_all_tiles_per_layer[0]: 1,330,560
Calculating per tile final latency and stall for layer 1 in DRAM: latency_read_drain_per_layer[1] = 246240.0, latency_fill_update_per_layer[1] = 246240.0
Final per tile latency_per_layer[1]: 246,240
Final per tile stall_cycles_per_layer[1]: 0
Ideal case: no stall introduced by this level per this layer: cc_per_all_tiles_per_layer[1]: 246,240
Calculating per tile final latency and stall for layer 2 in DRAM: latency_read_drain_per_layer[2] = 470880.0, latency_fill_update_per_layer[2] = 470880.0
Final per tile latency_per_layer[2]: 470,880
Final per tile stall_cycles_per_layer[2]: 0
Ideal case: no stall introduced by this level per this layer: cc_per_all_tiles_per_layer[2]: 470,880
Calculating per tile final latency and stall for layer 3 in DRAM: latency_read_drain_per_layer[3] = 470880.0, latency_fill_update_per_layer[3] = 470880.0
Final per tile latency_per_layer[3]: 470,880
Final per tile stall_cycles_per_layer[3]: 0
Ideal case: no stall introduced by this level per this layer: cc_per_all_tiles_per_layer[3]: 470,880
Calculating per tile final latency and stall for layer 4 in DRAM: latency_read_drain_per_layer[4] = 470880.0, latency_fill_update_per_layer[4] = 470880.0
Final per tile latency_per_layer[4]: 470,880
Final per tile stall_cycles_per_layer[4]: 0
Ideal case: no stall introduced by this level per this layer: cc_per_all_tiles_per_layer[4]: 470,880
Calculating per tile final latency and stall for layer 5 in DRAM: latency_read_drain_per_layer[5] = 470880.0, latency_fill_update_per_layer[5] = 470880.0
Final per tile latency_per_layer[5]: 470,880
Final per tile stall_cycles_per_layer[5]: 0
Ideal case: no stall introduced by this level per this layer: cc_per_all_tiles_per_layer[5]: 470,880
Calculating per tile final latency and stall for layer 6 in DRAM: latency_read_drain_per_layer[6] = 484429.09090909094, latency_fill_update_per_layer[6] = 484429.09090909094
Final per tile latency_per_layer[6]: 484,429
Final per tile stall_cycles_per_layer[6]: 0
Ideal case: no stall introduced by this level per this layer: cc_per_all_tiles_per_layer[6]: 484,429
Calculating per tile final latency and stall for layer 7 in DRAM: latency_read_drain_per_layer[7] = 2177280, latency_fill_update_per_layer[7] = 2177280
Final per tile latency_per_layer[7]: 2,177,280
Final per tile stall_cycles_per_layer[7]: 0
Ideal case: no stall introduced by this level per this layer: cc_per_all_tiles_per_layer[7]: 2,177,280


Final WMOPs and Latency calculation for Level: DRAM
Level: DRAM, Layer: 0
max_latency_per_layer[0]: 0 before update
level.getSettedLatencyPerLayer[0](): 1,330,560
Level: DRAM, Layer: 1
max_latency_per_layer[1]: 0 before update
level.getSettedLatencyPerLayer[1](): 246,240
Level: DRAM, Layer: 2
max_latency_per_layer[2]: 0 before update
level.getSettedLatencyPerLayer[2](): 470,880
Level: DRAM, Layer: 3
max_latency_per_layer[3]: 0 before update
level.getSettedLatencyPerLayer[3](): 470,880
Level: DRAM, Layer: 4
max_latency_per_layer[4]: 0 before update
level.getSettedLatencyPerLayer[4](): 470,880
Level: DRAM, Layer: 5
max_latency_per_layer[5]: 0 before update
level.getSettedLatencyPerLayer[5](): 470,880
Level: DRAM, Layer: 6
max_latency_per_layer[6]: 0 before update
level.getSettedLatencyPerLayer[6](): 484,429
Level: DRAM, Layer: 7
max_latency_per_layer[7]: 0 before update
level.getSettedLatencyPerLayer[7](): 2,177,280
Level DRAM: Thesis_8Layers_1081344KB_FMEM_16x128_PEs, max_latency (sequential layers): 6,122,029


Final WMOPs and Latency calculation for Level: FeatureMemory
Level: FeatureMemory, Layer: 0
max_latency_per_layer[0]: 1,330,560 before update
level.getSettedLatencyPerLayer[0](): 105
Level: FeatureMemory, Layer: 1
max_latency_per_layer[1]: 246,240 before update
level.getSettedLatencyPerLayer[1](): 21
Level: FeatureMemory, Layer: 2
max_latency_per_layer[2]: 470,880 before update
level.getSettedLatencyPerLayer[2](): 31
Level: FeatureMemory, Layer: 3
max_latency_per_layer[3]: 470,880 before update
level.getSettedLatencyPerLayer[3](): 31
Level: FeatureMemory, Layer: 4
max_latency_per_layer[4]: 470,880 before update
level.getSettedLatencyPerLayer[4](): 31
Level: FeatureMemory, Layer: 5
max_latency_per_layer[5]: 470,880 before update
level.getSettedLatencyPerLayer[5](): 31
Level: FeatureMemory, Layer: 6
max_latency_per_layer[6]: 484,429 before update
level.getSettedLatencyPerLayer[6](): 60
Level: FeatureMemory, Layer: 7
max_latency_per_layer[7]: 2,177,280 before update
level.getSettedLatencyPerLayer[7](): 458,705
Level FeatureMemory: Thesis_8Layers_1081344KB_FMEM_16x128_PEs, max_latency (sequential layers): 6,122,029


Final WMOPs and Latency calculation for Level: WeightMemory
Level: WeightMemory, Layer: 0
max_latency_per_layer[0]: 1,330,560 before update
level.getSettedLatencyPerLayer[0](): 308
Level: WeightMemory, Layer: 1
max_latency_per_layer[1]: 246,240 before update
level.getSettedLatencyPerLayer[1](): 57
Level: WeightMemory, Layer: 2
max_latency_per_layer[2]: 470,880 before update
level.getSettedLatencyPerLayer[2](): 109
Level: WeightMemory, Layer: 3
max_latency_per_layer[3]: 470,880 before update
level.getSettedLatencyPerLayer[3](): 109
Level: WeightMemory, Layer: 4
max_latency_per_layer[4]: 470,880 before update
level.getSettedLatencyPerLayer[4](): 109
Level: WeightMemory, Layer: 5
max_latency_per_layer[5]: 470,880 before update
level.getSettedLatencyPerLayer[5](): 109
Level: WeightMemory, Layer: 6
max_latency_per_layer[6]: 484,429 before update
level.getSettedLatencyPerLayer[6](): 52
Level: WeightMemory, Layer: 7
max_latency_per_layer[7]: 2,177,280 before update
level.getSettedLatencyPerLayer[7](): 2,177,280
Level WeightMemory: Thesis_8Layers_1081344KB_FMEM_16x128_PEs, max_latency (sequential layers): 6,122,029


Final WMOPs and Latency calculation for Level: SACols_7


Final WMOPs and Latency calculation for Level: SARows_7


Final WMOPs and Latency calculation for Level: SACols_6


Final WMOPs and Latency calculation for Level: SARows_6


Final WMOPs and Latency calculation for Level: SACols_5


Final WMOPs and Latency calculation for Level: SARows_5


Final WMOPs and Latency calculation for Level: SACols_4


Final WMOPs and Latency calculation for Level: SARows_4


Final WMOPs and Latency calculation for Level: SACols_3


Final WMOPs and Latency calculation for Level: SARows_3


Final WMOPs and Latency calculation for Level: SACols_2


Final WMOPs and Latency calculation for Level: SARows_2


Final WMOPs and Latency calculation for Level: SACols_1


Final WMOPs and Latency calculation for Level: SARows_1


Final WMOPs and Latency calculation for Level: SACols_0


Final WMOPs and Latency calculation for Level: SARows_0


Final WMOPs and Latency calculation for Level: WeightRegister
Level: WeightRegister, Layer: 0
max_latency_per_layer[0]: 1,330,560 before update
level.getSettedLatencyPerLayer[0](): 1
Level: WeightRegister, Layer: 1
max_latency_per_layer[1]: 246,240 before update
level.getSettedLatencyPerLayer[1](): 1
Level: WeightRegister, Layer: 2
max_latency_per_layer[2]: 470,880 before update
level.getSettedLatencyPerLayer[2](): 1
Level: WeightRegister, Layer: 3
max_latency_per_layer[3]: 470,880 before update
level.getSettedLatencyPerLayer[3](): 1
Level: WeightRegister, Layer: 4
max_latency_per_layer[4]: 470,880 before update
level.getSettedLatencyPerLayer[4](): 1
Level: WeightRegister, Layer: 5
max_latency_per_layer[5]: 470,880 before update
level.getSettedLatencyPerLayer[5](): 1
Level: WeightRegister, Layer: 6
max_latency_per_layer[6]: 484,429 before update
level.getSettedLatencyPerLayer[6](): 1
Level: WeightRegister, Layer: 7
max_latency_per_layer[7]: 2,177,280 before update
level.getSettedLatencyPerLayer[7](): 2,177,280
Level WeightRegister: Thesis_8Layers_1081344KB_FMEM_16x128_PEs, max_latency (sequential layers): 6,122,029


Final WMOPs and Latency calculation for Level: AccumulationIntermediateOutputRegister
Level: AccumulationIntermediateOutputRegister, Layer: 0
max_latency_per_layer[0]: 1,330,560 before update
level.getSettedLatencyPerLayer[0](): 1
Level: AccumulationIntermediateOutputRegister, Layer: 1
max_latency_per_layer[1]: 246,240 before update
level.getSettedLatencyPerLayer[1](): 1
Level: AccumulationIntermediateOutputRegister, Layer: 2
max_latency_per_layer[2]: 470,880 before update
level.getSettedLatencyPerLayer[2](): 1
Level: AccumulationIntermediateOutputRegister, Layer: 3
max_latency_per_layer[3]: 470,880 before update
level.getSettedLatencyPerLayer[3](): 1
Level: AccumulationIntermediateOutputRegister, Layer: 4
max_latency_per_layer[4]: 470,880 before update
level.getSettedLatencyPerLayer[4](): 1
Level: AccumulationIntermediateOutputRegister, Layer: 5
max_latency_per_layer[5]: 470,880 before update
level.getSettedLatencyPerLayer[5](): 1
Level: AccumulationIntermediateOutputRegister, Layer: 6
max_latency_per_layer[6]: 484,429 before update
level.getSettedLatencyPerLayer[6](): 1
Level: AccumulationIntermediateOutputRegister, Layer: 7
max_latency_per_layer[7]: 2,177,280 before update
level.getSettedLatencyPerLayer[7](): 2,177,280
Level AccumulationIntermediateOutputRegister: Thesis_8Layers_1081344KB_FMEM_16x128_PEs, max_latency (sequential layers): 6,122,029


Final WMOPs and Latency calculation for Level: AccumulationOutputRegister
Level: AccumulationOutputRegister, Layer: 0
max_latency_per_layer[0]: 1,330,560 before update
level.getSettedLatencyPerLayer[0](): 1
Level: AccumulationOutputRegister, Layer: 1
max_latency_per_layer[1]: 246,240 before update
level.getSettedLatencyPerLayer[1](): 1
Level: AccumulationOutputRegister, Layer: 2
max_latency_per_layer[2]: 470,880 before update
level.getSettedLatencyPerLayer[2](): 1
Level: AccumulationOutputRegister, Layer: 3
max_latency_per_layer[3]: 470,880 before update
level.getSettedLatencyPerLayer[3](): 1
Level: AccumulationOutputRegister, Layer: 4
max_latency_per_layer[4]: 470,880 before update
level.getSettedLatencyPerLayer[4](): 1
Level: AccumulationOutputRegister, Layer: 5
max_latency_per_layer[5]: 470,880 before update
level.getSettedLatencyPerLayer[5](): 1
Level: AccumulationOutputRegister, Layer: 6
max_latency_per_layer[6]: 484,429 before update
level.getSettedLatencyPerLayer[6](): 1
Level: AccumulationOutputRegister, Layer: 7
max_latency_per_layer[7]: 2,177,280 before update
level.getSettedLatencyPerLayer[7](): 2,177,280
Level AccumulationOutputRegister: Thesis_8Layers_1081344KB_FMEM_16x128_PEs, max_latency (sequential layers): 6,122,029


Final WMOPs and Latency calculation for Level: Compute
Compute level latency: 1
Compute latency for layer 0: 1,296,000
Compute latency for layer 1: 241,920
Compute latency for layer 2: 466,560
Compute latency for layer 3: 466,560
Compute latency for layer 4: 466,560
Compute latency for layer 5: 466,560
Compute latency for layer 6: 207,360
Compute latency for layer 7: 2,177,280
max_latency initially: 6122029.090909091
compute_latency from compute level: 5,788,800
max_latency after compute: 6,122,029, before fanout_level

Final condition:
Wart: 3.527e+53
EDP: 1.389e+05 (J*cycle)
DRAM ----------> Q: 8, P: 540, X6: 8, Y6: 540, X5: 8, Y5: 540, X4: 8, Y4: 540, X3: 8, Y3: 540, X2: 8, Y2: 540, X1: 8, Y1: 540, X0: 8, Y0: 540
FeatureMemory -
WeightMemory --> C7: 56, R7: 3, S7: 3, Z6: 4, C6: 12, C5: 12, R5: 3, S5: 3, C4: 12, R4: 3, S4: 3, C3: 12, R3: 3, S3: 3, C2: 12, R2: 3, S2: 3, C1: 56, Z0: 4, C0: 3, R0: 5, S0: 5
SACols_7 ------> Q: 120
SARows_7 ------> Z7: 16
SACols_6 ------> X6: 120
SARows_6 ------> Z6: 14
SACols_5 ------> X5: 120
SARows_5 ------> Z5: 12
SACols_4 ------> X4: 120
SARows_4 ------> Z4: 12
SACols_3 ------> X3: 120
SARows_3 ------> Z3: 12
SACols_2 ------> X2: 120
SARows_2 ------> Z2: 12
SACols_1 ------> X1: 120
SARows_1 ------> Z1: 12
SACols_0 ------> X0: 120
SARows_0 ------> Z0: 14
WeightRegister 
AccumulationIntermediateOutputRegister 
AccumulationOutputRegister 
Compute -------

Visited mappings: 1

Performed moves: 0
é stato chiamato update stats! 




Questo mops è chiamato da update stats
Level: DRAM, arch bypasses for the level: ['int_in', 'int_out'], in_bp: 1, w_bp: 0, out_bp: 1, int_in_bp: 0, int_out_bp: 0
DEBUG updateStats pre scaling: Level DRAM:
  in_reads: 1555200
  per_layer_w_reads: {0: 4200, 1: 672, 2: 1296, 3: 1296, 4: 1296, 5: 1296, 6: 672, 7: 8064}
  per_layer_int_in_reads: {0: 0, 1: 0, 2: 0, 3: 0, 4: 0, 5: 0, 6: 0}
  per_layer_int_out_reads: {0: 0, 1: 0, 2: 0, 3: 0, 4: 0, 5: 0, 6: 0}
  per_layer_int_out_writes: {0: 0, 1: 0, 2: 0, 3: 0, 4: 0, 5: 0, 6: 0}
  out_reads: 8294400
  out_writes: 8294400
  out_reads_factors: 1
scale_per_layer[0]: 1, temporal_iterations_per_layer[0]: 1, spatial_iterations_per_layer[0]: 1
DEBUG: results after scaling: Level DRAM: in_reads=1555200, w_reads=18792, int_in_reads=0, int_out_reads=0, int_out_writes=0, out_writes=8294400, out_reads=8294400, out_reads_factors=1
DEBUG: Level DRAM adjusted out_reads for no bias read: 0
DEBUG: Level DRAM bypasses intermediate storage
DEBUG updateStats post scaling: Level DRAM:
  in_reads: 1,555,200
  per_layer_w_reads: {0: 4200, 1: 672, 2: 1296, 3: 1296, 4: 1296, 5: 1296, 6: 672, 7: 8064}
  w_reads: 18,792
  per_layer_int_in_reads: {0: 0, 1: 0, 2: 0, 3: 0, 4: 0, 5: 0, 6: 0}
  per_layer_int_in_writes: {0: 0, 1: 0, 2: 0, 3: 0, 4: 0, 5: 0, 6: 0}
  int_in_reads: 0
  per_layer_int_out_reads: {0: 0, 1: 0, 2: 0, 3: 0, 4: 0, 5: 0, 6: 0}
  per_layer_int_out_writes: {0: 0, 1: 0, 2: 0, 3: 0, 4: 0, 5: 0, 6: 0}
  int_out_reads: 0
  out_reads: 0
  out_writes: 8,294,400
  out_reads_factors: 1
in_writes: 0, w_writes: 0, int_in_writes: 0, int_out_writes: 0, out_writes: 8294400
Name of the level: DRAM, level active instances per layer: {0: 1, 1: 1, 2: 1, 3: 1, 4: 1, 5: 1, 6: 1, 7: 1}, level active instances: 1
Level DRAM, Layer 0: total_reads = 1559400, total_writes = 0
Level DRAM, Layer 1: total_reads = 672, total_writes = 0
Level DRAM, Layer 2: total_reads = 1296, total_writes = 0
Level DRAM, Layer 3: total_reads = 1296, total_writes = 0
Level DRAM, Layer 4: total_reads = 1296, total_writes = 0
Level DRAM, Layer 5: total_reads = 1296, total_writes = 0
Level DRAM, Layer 6: total_reads = 672, total_writes = 0
DEBUG: Level DRAM, Layer 7, per_layer_int_in_reads6: 0, per_layer_w_reads7: 8064, out_reads: 0
Level DRAM, Layer 7: total_reads = 8064, total_writes = 8294400
Check: Per Layer Total reads: {0: 1559400, 1: 672, 2: 1296, 3: 1296, 4: 1296, 5: 1296, 6: 672, 7: 8064}, total: 1573992
Check: Per Layer Total writes: {0: 0, 1: 0, 2: 0, 3: 0, 4: 0, 5: 0, 6: 0, 7: 8294400}, 
 total: 8294400
Level DRAM total WMOPs from per layer sum: 315,788,544.000
Level DRAM total WMOPs from total reads/writes: 315,788,544.000
End first part of update for level: DRAM



Questo mops è chiamato da update stats
Level: FeatureMemory, arch bypasses for the level: ['w'], in_bp: 0, w_bp: 0, out_bp: 0, int_in_bp: 0, int_out_bp: 0
DEBUG updateStats pre scaling: Level FeatureMemory:
  in_reads: 36000
  per_layer_w_reads: {0: 0, 1: 0, 2: 0, 3: 0, 4: 0, 5: 0, 6: 0, 7: 0}
  per_layer_int_in_reads: {0: 6720, 1: 12960, 2: 12960, 3: 12960, 4: 12960, 5: 5760, 6: 60480}
  per_layer_int_out_reads: {0: 6720, 1: 1440, 2: 1440, 3: 1440, 4: 1440, 5: 1440, 6: 6720}
  per_layer_int_out_writes: {0: 6720, 1: 1440, 2: 1440, 3: 1440, 4: 1440, 5: 1440, 6: 6720}
  out_reads: 1920
  out_writes: 1920
  out_reads_factors: 1
scale_per_layer[0]: 4320, temporal_iterations_per_layer[0]: 4320, spatial_iterations_per_layer[0]: 1
DEBUG: results after scaling: Level FeatureMemory: in_reads=155520000, w_reads=0, int_in_reads=539136000, int_out_reads=89164800, int_out_writes=89164800, out_writes=8294400, out_reads=8294400, out_reads_factors=1
DEBUG: Level FeatureMemory adjusted out_reads for no bias read: 0
DEBUG updateStats post scaling: Level FeatureMemory:
  in_reads: 155,520,000
  per_layer_w_reads: {0: 0, 1: 0, 2: 0, 3: 0, 4: 0, 5: 0, 6: 0, 7: 0}
  w_reads: 0
  per_layer_int_in_reads: {0: 29030400, 1: 55987200, 2: 55987200, 3: 55987200, 4: 55987200, 5: 24883200, 6: 261273600}
  per_layer_int_in_writes: {0: 0, 1: 0, 2: 0, 3: 0, 4: 0, 5: 0, 6: 0}
  int_in_reads: 539,136,000
  per_layer_int_out_reads: {0: 29030400, 1: 6220800, 2: 6220800, 3: 6220800, 4: 6220800, 5: 6220800, 6: 29030400}
  per_layer_int_out_writes: {0: 29030400, 1: 6220800, 2: 6220800, 3: 6220800, 4: 6220800, 5: 6220800, 6: 29030400}
  int_out_reads: 89,164,800
  out_reads: 8,294,400
  out_writes: 8,294,400
  out_reads_factors: 1
in_writes: 1555200, w_writes: 0, int_in_writes: 0, int_out_writes: 89164800, out_writes: 8294400
Name of the level: FeatureMemory, level active instances per layer: {0: 1, 1: 1, 2: 1, 3: 1, 4: 1, 5: 1, 6: 1, 7: 1}, level active instances: 1
Level FeatureMemory, Layer 0: total_reads = 184550400, total_writes = 30585600
Level FeatureMemory, Layer 1: total_reads = 35251200, total_writes = 6220800
Level FeatureMemory, Layer 2: total_reads = 62208000, total_writes = 6220800
Level FeatureMemory, Layer 3: total_reads = 62208000, total_writes = 6220800
Level FeatureMemory, Layer 4: total_reads = 62208000, total_writes = 6220800
Level FeatureMemory, Layer 5: total_reads = 62208000, total_writes = 6220800
Level FeatureMemory, Layer 6: total_reads = 53913600, total_writes = 29030400
DEBUG: Level FeatureMemory, Layer 7, per_layer_int_in_reads6: 261273600, per_layer_w_reads7: 0, out_reads: 8294400
Level FeatureMemory, Layer 7: total_reads = 269568000, total_writes = 8294400
Check: Per Layer Total reads: {0: 184550400, 1: 35251200, 2: 62208000, 3: 62208000, 4: 62208000, 5: 62208000, 6: 53913600, 7: 269568000}, total: 792115200
Check: Per Layer Total writes: {0: 30585600, 1: 6220800, 2: 6220800, 3: 6220800, 4: 6220800, 5: 6220800, 6: 29030400, 7: 8294400}, 
 total: 99014400
Level FeatureMemory total WMOPs from per layer sum: 1,033,191,753.382
Level FeatureMemory total WMOPs from total reads/writes: 1,033,191,753.382
End first part of update for level: FeatureMemory



Questo mops è chiamato da update stats
Level: WeightMemory, arch bypasses for the level: ['in', 'int_in', 'int_out', 'out'], in_bp: 0, w_bp: 1, out_bp: 0, int_in_bp: 0, int_out_bp: 0
DEBUG updateStats pre scaling: Level WeightMemory:
  in_reads: 0
  per_layer_w_reads: {0: 4200, 1: 672, 2: 1296, 3: 1296, 4: 1296, 5: 1296, 6: 672, 7: 8064}
  per_layer_int_in_reads: {0: 0, 1: 0, 2: 0, 3: 0, 4: 0, 5: 0, 6: 0}
  per_layer_int_out_reads: {0: 0, 1: 0, 2: 0, 3: 0, 4: 0, 5: 0, 6: 0}
  per_layer_int_out_writes: {0: 0, 1: 0, 2: 0, 3: 0, 4: 0, 5: 0, 6: 0}
  out_reads: 0
  out_writes: 0
  out_reads_factors: 0
scale_per_layer[0] = 4320, temporal_iterations_per_layer[0] = 4320, spatial_iterations_per_layer[0] = 1
scale_per_layer[0]: 4320, temporal_iterations_per_layer[0]: 4320, spatial_iterations_per_layer[0]: 1
DEBUG: results after scaling: Level WeightMemory: in_reads=0, w_reads=81181440, int_in_reads=0, int_out_reads=0, int_out_writes=0, out_writes=0, out_reads=0, out_reads_factors=0
DEBUG: Level WeightMemory bypasses intermediate storage
DEBUG updateStats post scaling: Level WeightMemory:
  in_reads: 0
  per_layer_w_reads: {0: 18144000, 1: 2903040, 2: 5598720, 3: 5598720, 4: 5598720, 5: 5598720, 6: 2903040, 7: 34836480}
  w_reads: 81,181,440
  per_layer_int_in_reads: {0: 0, 1: 0, 2: 0, 3: 0, 4: 0, 5: 0, 6: 0}
  per_layer_int_in_writes: {0: 0, 1: 0, 2: 0, 3: 0, 4: 0, 5: 0, 6: 0}
  int_in_reads: 0
  per_layer_int_out_reads: {0: 0, 1: 0, 2: 0, 3: 0, 4: 0, 5: 0, 6: 0}
  per_layer_int_out_writes: {0: 0, 1: 0, 2: 0, 3: 0, 4: 0, 5: 0, 6: 0}
  int_out_reads: 0
  out_reads: 0
  out_writes: 0
  out_reads_factors: 0
in_writes: 0, w_writes: 18792, int_in_writes: 0, int_out_writes: 0, out_writes: 0
Name of the level: WeightMemory, level active instances per layer: {0: 1, 1: 1, 2: 1, 3: 1, 4: 1, 5: 1, 6: 1, 7: 1}, level active instances: 1
Level WeightMemory, Layer 0: total_reads = 18144000, total_writes = 4200
Level WeightMemory, Layer 1: total_reads = 2903040, total_writes = 672
Level WeightMemory, Layer 2: total_reads = 5598720, total_writes = 1296
Level WeightMemory, Layer 3: total_reads = 5598720, total_writes = 1296
Level WeightMemory, Layer 4: total_reads = 5598720, total_writes = 1296
Level WeightMemory, Layer 5: total_reads = 5598720, total_writes = 1296
Level WeightMemory, Layer 6: total_reads = 2903040, total_writes = 672
DEBUG: Level WeightMemory, Layer 7, per_layer_int_in_reads6: 0, per_layer_w_reads7: 34836480, out_reads: 0
Level WeightMemory, Layer 7: total_reads = 34836480, total_writes = 8064
Check: Per Layer Total reads: {0: 18144000, 1: 2903040, 2: 5598720, 3: 5598720, 4: 5598720, 5: 5598720, 6: 2903040, 7: 34836480}, total: 81181440
Check: Per Layer Total writes: {0: 4200, 1: 672, 2: 1296, 3: 1296, 4: 1296, 5: 1296, 6: 672, 7: 8064}, 
 total: 18792
Level WeightMemory total WMOPs from per layer sum: 1,097,456,408.245
Level WeightMemory total WMOPs from total reads/writes: 1,097,456,408.245
End first part of update for level: WeightMemory



Calculating Fanout Level: SACols_7, updating spatial and last reads
Fanout Level SACols_7, Layer 7, dim Q, layer_iterations: 120
End of the first part of Update Stats for fanout level: SACols_7


Calculating Fanout Level: SARows_7, updating spatial and last reads
Fanout Level SARows_7, Layer 7, dim Z7, layer_iterations: 16
End of the first part of Update Stats for fanout level: SARows_7


Calculating Fanout Level: SACols_6, updating spatial and last reads
Fanout Level SACols_6, Layer 6, dim X6, layer_iterations: 120
End of the first part of Update Stats for fanout level: SACols_6


Calculating Fanout Level: SARows_6, updating spatial and last reads
Fanout Level SARows_6, Layer 6, dim Z6, layer_iterations: 14
End of the first part of Update Stats for fanout level: SARows_6


Calculating Fanout Level: SACols_5, updating spatial and last reads
Fanout Level SACols_5, Layer 5, dim X5, layer_iterations: 120
End of the first part of Update Stats for fanout level: SACols_5


Calculating Fanout Level: SARows_5, updating spatial and last reads
Fanout Level SARows_5, Layer 5, dim Z5, layer_iterations: 12
End of the first part of Update Stats for fanout level: SARows_5


Calculating Fanout Level: SACols_4, updating spatial and last reads
Fanout Level SACols_4, Layer 4, dim X4, layer_iterations: 120
End of the first part of Update Stats for fanout level: SACols_4


Calculating Fanout Level: SARows_4, updating spatial and last reads
Fanout Level SARows_4, Layer 4, dim Z4, layer_iterations: 12
End of the first part of Update Stats for fanout level: SARows_4


Calculating Fanout Level: SACols_3, updating spatial and last reads
Fanout Level SACols_3, Layer 3, dim X3, layer_iterations: 120
End of the first part of Update Stats for fanout level: SACols_3


Calculating Fanout Level: SARows_3, updating spatial and last reads
Fanout Level SARows_3, Layer 3, dim Z3, layer_iterations: 12
End of the first part of Update Stats for fanout level: SARows_3


Calculating Fanout Level: SACols_2, updating spatial and last reads
Fanout Level SACols_2, Layer 2, dim X2, layer_iterations: 120
End of the first part of Update Stats for fanout level: SACols_2


Calculating Fanout Level: SARows_2, updating spatial and last reads
Fanout Level SARows_2, Layer 2, dim Z2, layer_iterations: 12
End of the first part of Update Stats for fanout level: SARows_2


Calculating Fanout Level: SACols_1, updating spatial and last reads
Fanout Level SACols_1, Layer 1, dim X1, layer_iterations: 120
End of the first part of Update Stats for fanout level: SACols_1


Calculating Fanout Level: SARows_1, updating spatial and last reads
Fanout Level SARows_1, Layer 1, dim Z1, layer_iterations: 12
End of the first part of Update Stats for fanout level: SARows_1


Calculating Fanout Level: SACols_0, updating spatial and last reads
Fanout Level SACols_0, Layer 0, dim X0, layer_iterations: 120
End of the first part of Update Stats for fanout level: SACols_0


Calculating Fanout Level: SARows_0, updating spatial and last reads
Fanout Level SARows_0, Layer 0, dim Z0, layer_iterations: 14
End of the first part of Update Stats for fanout level: SARows_0


Questo mops è chiamato da update stats
Level: WeightRegister, arch bypasses for the level: ['in', 'int_in', 'int_out', 'out'], in_bp: 0, w_bp: 0, out_bp: 0, int_in_bp: 0, int_out_bp: 0
DEBUG updateStats pre scaling: Level WeightRegister:
  in_reads: 0
  per_layer_w_reads: {0: 1, 1: 1, 2: 1, 3: 1, 4: 1, 5: 1, 6: 1, 7: 1}
  per_layer_int_in_reads: {0: 0, 1: 0, 2: 0, 3: 0, 4: 0, 5: 0, 6: 0}
  per_layer_int_out_reads: {0: 0, 1: 0, 2: 0, 3: 0, 4: 0, 5: 0, 6: 0}
  per_layer_int_out_writes: {0: 0, 1: 0, 2: 0, 3: 0, 4: 0, 5: 0, 6: 0}
  out_reads: 0
  out_writes: 0
  out_reads_factors: 0
scale_per_layer[0]: 2177280000, temporal_iterations_per_layer[0]: 1296000, spatial_iterations_per_layer[0]: 1680
DEBUG: results after scaling: Level WeightRegister: in_reads=0, w_reads=9741772800, int_in_reads=0, int_out_reads=0, int_out_writes=0, out_writes=0, out_reads=0, out_reads_factors=0
DEBUG: Level WeightRegister bypasses intermediate storage
DEBUG updateStats post scaling: Level WeightRegister:
  in_reads: 0
  per_layer_w_reads: {0: 2177280000, 1: 348364800, 2: 671846400, 3: 671846400, 4: 671846400, 5: 671846400, 6: 348364800, 7: 4180377600}
  w_reads: 9,741,772,800
  per_layer_int_in_reads: {0: 0, 1: 0, 2: 0, 3: 0, 4: 0, 5: 0, 6: 0}
  per_layer_int_in_writes: {0: 0, 1: 0, 2: 0, 3: 0, 4: 0, 5: 0, 6: 0}
  int_in_reads: 0
  per_layer_int_out_reads: {0: 0, 1: 0, 2: 0, 3: 0, 4: 0, 5: 0, 6: 0}
  per_layer_int_out_writes: {0: 0, 1: 0, 2: 0, 3: 0, 4: 0, 5: 0, 6: 0}
  int_out_reads: 0
  out_reads: 0
  out_writes: 0
  out_reads_factors: 0
in_writes: 0, w_writes: 9741772800, int_in_writes: 0, int_out_writes: 0, out_writes: 0
Name of the level: WeightRegister, level active instances per layer: {0: 1680, 1: 1440, 2: 1440, 3: 1440, 4: 1440, 5: 1440, 6: 1680, 7: 1920}, level active instances: 33553069206876979200000000
Level WeightRegister, Layer 0: total_reads = 2177280000, total_writes = 2177280000
Level WeightRegister, Layer 1: total_reads = 348364800, total_writes = 348364800
Level WeightRegister, Layer 2: total_reads = 671846400, total_writes = 671846400
Level WeightRegister, Layer 3: total_reads = 671846400, total_writes = 671846400
Level WeightRegister, Layer 4: total_reads = 671846400, total_writes = 671846400
Level WeightRegister, Layer 5: total_reads = 671846400, total_writes = 671846400
Level WeightRegister, Layer 6: total_reads = 348364800, total_writes = 348364800
DEBUG: Level WeightRegister, Layer 7, per_layer_int_in_reads6: 0, per_layer_w_reads7: 4180377600, out_reads: 0
Level WeightRegister, Layer 7: total_reads = 4180377600, total_writes = 4180377600
Check: Per Layer Total reads: {0: 2177280000, 1: 348364800, 2: 671846400, 3: 671846400, 4: 671846400, 5: 671846400, 6: 348364800, 7: 4180377600}, total: 9741772800
Check: Per Layer Total writes: {0: 2177280000, 1: 348364800, 2: 671846400, 3: 671846400, 4: 671846400, 5: 671846400, 6: 348364800, 7: 4180377600}, 
 total: 9741772800
Level WeightRegister total WMOPs from per layer sum: 16,517,404,142.965
Level WeightRegister total WMOPs from total reads/writes: 16,517,404,142.965
End first part of update for level: WeightRegister



Questo mops è chiamato da update stats
Level: AccumulationIntermediateOutputRegister, arch bypasses for the level: ['in', 'w', 'out', 'int_in'], in_bp: 0, w_bp: 0, out_bp: 0, int_in_bp: 0, int_out_bp: 0
DEBUG updateStats pre scaling: Level AccumulationIntermediateOutputRegister:
  in_reads: 0
  per_layer_w_reads: {0: 0, 1: 0, 2: 0, 3: 0, 4: 0, 5: 0, 6: 0, 7: 0}
  per_layer_int_in_reads: {0: 0, 1: 0, 2: 0, 3: 0, 4: 0, 5: 0, 6: 0}
  per_layer_int_out_reads: {0: 1, 1: 1, 2: 1, 3: 1, 4: 1, 5: 1, 6: 1}
  per_layer_int_out_writes: {0: 1, 1: 1, 2: 1, 3: 1, 4: 1, 5: 1, 6: 1}
  out_reads: 0
  out_writes: 0
  out_reads_factors: 0
scale_per_layer[0]: 2177280000, temporal_iterations_per_layer[0]: 1296000, spatial_iterations_per_layer[0]: 1680
DEBUG: results after scaling: Level AccumulationIntermediateOutputRegister: in_reads=0, w_reads=0, int_in_reads=0, int_out_reads=5561395200, int_out_writes=5561395200, out_writes=0, out_reads=0, out_reads_factors=0
DEBUG updateStats post scaling: Level AccumulationIntermediateOutputRegister:
  in_reads: 0
  per_layer_w_reads: {0: 0, 1: 0, 2: 0, 3: 0, 4: 0, 5: 0, 6: 0, 7: 0}
  w_reads: 0
  per_layer_int_in_reads: {0: 0, 1: 0, 2: 0, 3: 0, 4: 0, 5: 0, 6: 0}
  per_layer_int_in_writes: {0: 0, 1: 0, 2: 0, 3: 0, 4: 0, 5: 0, 6: 0}
  int_in_reads: 0
  per_layer_int_out_reads: {0: 2206310400, 1: 354585600, 2: 678067200, 3: 678067200, 4: 678067200, 5: 678067200, 6: 377395200}
  per_layer_int_out_writes: {0: 2206310400, 1: 354585600, 2: 678067200, 3: 678067200, 4: 678067200, 5: 678067200, 6: 377395200}
  int_out_reads: 5,561,395,200
  out_reads: 0
  out_writes: 0
  out_reads_factors: 0
in_writes: 0, w_writes: 0, int_in_writes: 0, int_out_writes: 5561395200, out_writes: 0
Name of the level: AccumulationIntermediateOutputRegister, level active instances per layer: {0: 1680, 1: 1440, 2: 1440, 3: 1440, 4: 1440, 5: 1440, 6: 1680, 7: 1920}, level active instances: 33553069206876979200000000
Level AccumulationIntermediateOutputRegister, Layer 0: total_reads = 2206310400, total_writes = 2206310400
Level AccumulationIntermediateOutputRegister, Layer 1: total_reads = 354585600, total_writes = 354585600
Level AccumulationIntermediateOutputRegister, Layer 2: total_reads = 678067200, total_writes = 678067200
Level AccumulationIntermediateOutputRegister, Layer 3: total_reads = 678067200, total_writes = 678067200
Level AccumulationIntermediateOutputRegister, Layer 4: total_reads = 678067200, total_writes = 678067200
Level AccumulationIntermediateOutputRegister, Layer 5: total_reads = 678067200, total_writes = 678067200
Level AccumulationIntermediateOutputRegister, Layer 6: total_reads = 377395200, total_writes = 377395200
DEBUG: Level AccumulationIntermediateOutputRegister, Layer 7, per_layer_int_in_reads6: 0, per_layer_w_reads7: 0, out_reads: 0
Level AccumulationIntermediateOutputRegister, Layer 7: total_reads = 0, total_writes = 0
Check: Per Layer Total reads: {0: 2206310400, 1: 354585600, 2: 678067200, 3: 678067200, 4: 678067200, 5: 678067200, 6: 377395200, 7: 0}, total: 5650560000
Check: Per Layer Total writes: {0: 2206310400, 1: 354585600, 2: 678067200, 3: 678067200, 4: 678067200, 5: 678067200, 6: 377395200, 7: 0}, 
 total: 5650560000
Level AccumulationIntermediateOutputRegister total WMOPs from per layer sum: 18,807,742,008.708
Level AccumulationIntermediateOutputRegister total WMOPs from total reads/writes: 18,771,600,897.432
End first part of update for level: AccumulationIntermediateOutputRegister



Questo mops è chiamato da update stats
Level: AccumulationOutputRegister, arch bypasses for the level: ['in', 'w', 'int_in', 'int_out'], in_bp: 0, w_bp: 0, out_bp: 1, int_in_bp: 0, int_out_bp: 0
DEBUG updateStats pre scaling: Level AccumulationOutputRegister:
  in_reads: 0
  per_layer_w_reads: {0: 0, 1: 0, 2: 0, 3: 0, 4: 0, 5: 0, 6: 0, 7: 0}
  per_layer_int_in_reads: {0: 0, 1: 0, 2: 0, 3: 0, 4: 0, 5: 0, 6: 0}
  per_layer_int_out_reads: {0: 0, 1: 0, 2: 0, 3: 0, 4: 0, 5: 0, 6: 0}
  per_layer_int_out_writes: {0: 0, 1: 0, 2: 0, 3: 0, 4: 0, 5: 0, 6: 0}
  out_reads: 1
  out_writes: 1
  out_reads_factors: 1
scale_per_layer[0]: 2177280000, temporal_iterations_per_layer[0]: 1296000, spatial_iterations_per_layer[0]: 1680
DEBUG: results after scaling: Level AccumulationOutputRegister: in_reads=0, w_reads=0, int_in_reads=0, int_out_reads=0, int_out_writes=0, out_writes=4180377600, out_reads=4180377600, out_reads_factors=504
DEBUG: Level AccumulationOutputRegister adjusted out_reads for no bias read: 4172083200
DEBUG: Level AccumulationOutputRegister bypasses intermediate storage
DEBUG updateStats post scaling: Level AccumulationOutputRegister:
  in_reads: 0
  per_layer_w_reads: {0: 0, 1: 0, 2: 0, 3: 0, 4: 0, 5: 0, 6: 0, 7: 0}
  w_reads: 0
  per_layer_int_in_reads: {0: 0, 1: 0, 2: 0, 3: 0, 4: 0, 5: 0, 6: 0}
  per_layer_int_in_writes: {0: 0, 1: 0, 2: 0, 3: 0, 4: 0, 5: 0, 6: 0}
  int_in_reads: 0
  per_layer_int_out_reads: {0: 0, 1: 0, 2: 0, 3: 0, 4: 0, 5: 0, 6: 0}
  per_layer_int_out_writes: {0: 0, 1: 0, 2: 0, 3: 0, 4: 0, 5: 0, 6: 0}
  int_out_reads: 0
  out_reads: 4,180,377,600
  out_writes: 4,180,377,600
  out_reads_factors: 504
in_writes: 0, w_writes: 0, int_in_writes: 0, int_out_writes: 0, out_writes: 4180377600
Name of the level: AccumulationOutputRegister, level active instances per layer: {0: 1680, 1: 1440, 2: 1440, 3: 1440, 4: 1440, 5: 1440, 6: 1680, 7: 1920}, level active instances: 33553069206876979200000000
Level AccumulationOutputRegister, Layer 0: total_reads = 0, total_writes = 0
Level AccumulationOutputRegister, Layer 1: total_reads = 0, total_writes = 0
Level AccumulationOutputRegister, Layer 2: total_reads = 0, total_writes = 0
Level AccumulationOutputRegister, Layer 3: total_reads = 0, total_writes = 0
Level AccumulationOutputRegister, Layer 4: total_reads = 0, total_writes = 0
Level AccumulationOutputRegister, Layer 5: total_reads = 0, total_writes = 0
Level AccumulationOutputRegister, Layer 6: total_reads = 0, total_writes = 0
DEBUG: Level AccumulationOutputRegister, Layer 7, per_layer_int_in_reads6: 0, per_layer_w_reads7: 0, out_reads: 4180377600
Level AccumulationOutputRegister, Layer 7: total_reads = 4180377600, total_writes = 4180377600
Check: Per Layer Total reads: {0: 0, 1: 0, 2: 0, 3: 0, 4: 0, 5: 0, 6: 0, 7: 4180377600}, total: 4180377600
Check: Per Layer Total writes: {0: 0, 1: 0, 2: 0, 3: 0, 4: 0, 5: 0, 6: 0, 7: 4180377600}, 
 total: 4180377600
Level AccumulationOutputRegister total WMOPs from per layer sum: 20,502,171,783.878
Level AccumulationOutputRegister total WMOPs from total reads/writes: 20,466,030,672.602
End first part of update for level: AccumulationOutputRegister



Calculating WMOPs for Compute Level
Compute Level Compute WMOPs_per_layer: {0: 5067670895.6757145, 1: 809179282.8085518, 2: 1548918012.8489628, 3: 1548918012.8489628, 4: 1548918012.8489628, 5: 1548918012.8489628, 6: 851811685.5493333, 7: 9768363407.582376}
WMOPs_till_now before compute level: 20,502,171,783.878
Compute Level Compute total WMOPs from per layer sum: 22692697323.011826
Compute Level Compute total WMOPs: 5.060444066824496e+70
Total WMOPs after adding compute level: 43194869106.88963
END FIRST PART OF UPDATE STATS


First cc_per_tile, it is from compute = 1
First cc_per_tile_per_layer it is from compute = {0: 1, 1: 1, 2: 1, 3: 1, 4: 1, 5: 1, 6: 1, 7: 1}


Calculating Latency for Level: AccumulationOutputRegister

Latency for layer: 0 of Level: AccumulationOutputRegister
level.active_instances_per_layer[0]: 1680
level.temporal_iterations_per_layer[0]: 1296000
Scaling per layer[0]: 2,177,280,000
Single Tile latency: cc_per_tile_per_layer[0]: 1
Ideal Case, Latency at this level without stalls: cc_per_all_tiles_per_layer[0]: 1
SCALED cc_per_all_tiles_per_layer[0]: 2,177,280,000
level.getReadPerLayer[0](): 0
  (For comparison - full reads including accumulation: 0)
ideal_bandwidth_read_per_layer[0]: 0.0
level.getDrainPerLayer[0](): 0
ideal_bandwidth_drain_per_layer[0]: 0.0
ideal_bandwidth_update_per_layer[0]: 0.0
  (For comparison - full updates including accumulation: 0)
level.getFillPerLayer[0](): 0
ideal_bandwidth_fill_per_layer[0]: 0.0

Latency for layer: 1 of Level: AccumulationOutputRegister
level.active_instances_per_layer[1]: 1440
level.temporal_iterations_per_layer[1]: 241920
Scaling per layer[1]: 348,364,800
Single Tile latency: cc_per_tile_per_layer[1]: 1
Ideal Case, Latency at this level without stalls: cc_per_all_tiles_per_layer[1]: 1
SCALED cc_per_all_tiles_per_layer[1]: 348,364,800
level.getReadPerLayer[1](): 0
  (For comparison - full reads including accumulation: 0)
ideal_bandwidth_read_per_layer[1]: 0.0
level.getDrainPerLayer[1](): 0
ideal_bandwidth_drain_per_layer[1]: 0.0
ideal_bandwidth_update_per_layer[1]: 0.0
  (For comparison - full updates including accumulation: 0)
level.getFillPerLayer[1](): 0
ideal_bandwidth_fill_per_layer[1]: 0.0

Latency for layer: 2 of Level: AccumulationOutputRegister
level.active_instances_per_layer[2]: 1440
level.temporal_iterations_per_layer[2]: 466560
Scaling per layer[2]: 671,846,400
Single Tile latency: cc_per_tile_per_layer[2]: 1
Ideal Case, Latency at this level without stalls: cc_per_all_tiles_per_layer[2]: 1
SCALED cc_per_all_tiles_per_layer[2]: 671,846,400
level.getReadPerLayer[2](): 0
  (For comparison - full reads including accumulation: 0)
ideal_bandwidth_read_per_layer[2]: 0.0
level.getDrainPerLayer[2](): 0
ideal_bandwidth_drain_per_layer[2]: 0.0
ideal_bandwidth_update_per_layer[2]: 0.0
  (For comparison - full updates including accumulation: 0)
level.getFillPerLayer[2](): 0
ideal_bandwidth_fill_per_layer[2]: 0.0

Latency for layer: 3 of Level: AccumulationOutputRegister
level.active_instances_per_layer[3]: 1440
level.temporal_iterations_per_layer[3]: 466560
Scaling per layer[3]: 671,846,400
Single Tile latency: cc_per_tile_per_layer[3]: 1
Ideal Case, Latency at this level without stalls: cc_per_all_tiles_per_layer[3]: 1
SCALED cc_per_all_tiles_per_layer[3]: 671,846,400
level.getReadPerLayer[3](): 0
  (For comparison - full reads including accumulation: 0)
ideal_bandwidth_read_per_layer[3]: 0.0
level.getDrainPerLayer[3](): 0
ideal_bandwidth_drain_per_layer[3]: 0.0
ideal_bandwidth_update_per_layer[3]: 0.0
  (For comparison - full updates including accumulation: 0)
level.getFillPerLayer[3](): 0
ideal_bandwidth_fill_per_layer[3]: 0.0

Latency for layer: 4 of Level: AccumulationOutputRegister
level.active_instances_per_layer[4]: 1440
level.temporal_iterations_per_layer[4]: 466560
Scaling per layer[4]: 671,846,400
Single Tile latency: cc_per_tile_per_layer[4]: 1
Ideal Case, Latency at this level without stalls: cc_per_all_tiles_per_layer[4]: 1
SCALED cc_per_all_tiles_per_layer[4]: 671,846,400
level.getReadPerLayer[4](): 0
  (For comparison - full reads including accumulation: 0)
ideal_bandwidth_read_per_layer[4]: 0.0
level.getDrainPerLayer[4](): 0
ideal_bandwidth_drain_per_layer[4]: 0.0
ideal_bandwidth_update_per_layer[4]: 0.0
  (For comparison - full updates including accumulation: 0)
level.getFillPerLayer[4](): 0
ideal_bandwidth_fill_per_layer[4]: 0.0

Latency for layer: 5 of Level: AccumulationOutputRegister
level.active_instances_per_layer[5]: 1440
level.temporal_iterations_per_layer[5]: 466560
Scaling per layer[5]: 671,846,400
Single Tile latency: cc_per_tile_per_layer[5]: 1
Ideal Case, Latency at this level without stalls: cc_per_all_tiles_per_layer[5]: 1
SCALED cc_per_all_tiles_per_layer[5]: 671,846,400
level.getReadPerLayer[5](): 0
  (For comparison - full reads including accumulation: 0)
ideal_bandwidth_read_per_layer[5]: 0.0
level.getDrainPerLayer[5](): 0
ideal_bandwidth_drain_per_layer[5]: 0.0
ideal_bandwidth_update_per_layer[5]: 0.0
  (For comparison - full updates including accumulation: 0)
level.getFillPerLayer[5](): 0
ideal_bandwidth_fill_per_layer[5]: 0.0

Latency for layer: 6 of Level: AccumulationOutputRegister
level.active_instances_per_layer[6]: 1680
level.temporal_iterations_per_layer[6]: 207360
Scaling per layer[6]: 348,364,800
Single Tile latency: cc_per_tile_per_layer[6]: 1
Ideal Case, Latency at this level without stalls: cc_per_all_tiles_per_layer[6]: 1
SCALED cc_per_all_tiles_per_layer[6]: 348,364,800
level.getReadPerLayer[6](): 0
  (For comparison - full reads including accumulation: 0)
ideal_bandwidth_read_per_layer[6]: 0.0
level.getDrainPerLayer[6](): 0
ideal_bandwidth_drain_per_layer[6]: 0.0
ideal_bandwidth_update_per_layer[6]: 0.0
  (For comparison - full updates including accumulation: 0)
level.getFillPerLayer[6](): 0
ideal_bandwidth_fill_per_layer[6]: 0.0

Latency for layer: 7 of Level: AccumulationOutputRegister
level.active_instances_per_layer[7]: 1920
level.temporal_iterations_per_layer[7]: 2177280
Scaling per layer[7]: 4,180,377,600
Single Tile latency: cc_per_tile_per_layer[7]: 1
Ideal Case, Latency at this level without stalls: cc_per_all_tiles_per_layer[7]: 1
SCALED cc_per_all_tiles_per_layer[7]: 4,180,377,600
level.getReadPerLayer[7](): 4,172,083,200
  (For comparison - full reads including accumulation: 4,172,083,200)
ideal_bandwidth_read_per_layer[7]: 0.998015873015873
level.getDrainPerLayer[7](): 8,294,400
ideal_bandwidth_drain_per_layer[7]: 0.001984126984126984
ideal_bandwidth_update_per_layer[7]: 1.0
  (For comparison - full updates including accumulation: 4,180,377,600)
level.getFillPerLayer[7](): 0
ideal_bandwidth_fill_per_layer[7]: 0.0

Start of calculation of latency:


Layer_id: 0 in AccumulationOutputRegister

ideal_bandwidth_read_per_layer[0] + ideal_bandwidth_drain_per_layer[0]: 0.0 vs level.read_bandwidth: 1
I am in Compute Bound
cc_per_all_tiles_per_layer[0]: 1
STANDARD CASE latency_read_drain_per_layer[0]: 1

ideal_bandwidth_fill_per_layer[0] + ideal_bandwidth_update_per_layer[0]: 0.0 vs level.write_bandwidth: 1
previous_fanout_pe_to_pe_warmup: 0
STANDARD CASE latency_fill_update_per_layer[0]: 1


Layer_id: 1 in AccumulationOutputRegister

ideal_bandwidth_read_per_layer[1] + ideal_bandwidth_drain_per_layer[1]: 0.0 vs level.read_bandwidth: 1
I am in Compute Bound
cc_per_all_tiles_per_layer[1]: 1
STANDARD CASE latency_read_drain_per_layer[1]: 1

ideal_bandwidth_fill_per_layer[1] + ideal_bandwidth_update_per_layer[1]: 0.0 vs level.write_bandwidth: 1
previous_fanout_pe_to_pe_warmup: 0
STANDARD CASE latency_fill_update_per_layer[1]: 1


Layer_id: 2 in AccumulationOutputRegister

ideal_bandwidth_read_per_layer[2] + ideal_bandwidth_drain_per_layer[2]: 0.0 vs level.read_bandwidth: 1
I am in Compute Bound
cc_per_all_tiles_per_layer[2]: 1
STANDARD CASE latency_read_drain_per_layer[2]: 1

ideal_bandwidth_fill_per_layer[2] + ideal_bandwidth_update_per_layer[2]: 0.0 vs level.write_bandwidth: 1
previous_fanout_pe_to_pe_warmup: 0
STANDARD CASE latency_fill_update_per_layer[2]: 1


Layer_id: 3 in AccumulationOutputRegister

ideal_bandwidth_read_per_layer[3] + ideal_bandwidth_drain_per_layer[3]: 0.0 vs level.read_bandwidth: 1
I am in Compute Bound
cc_per_all_tiles_per_layer[3]: 1
STANDARD CASE latency_read_drain_per_layer[3]: 1

ideal_bandwidth_fill_per_layer[3] + ideal_bandwidth_update_per_layer[3]: 0.0 vs level.write_bandwidth: 1
previous_fanout_pe_to_pe_warmup: 0
STANDARD CASE latency_fill_update_per_layer[3]: 1


Layer_id: 4 in AccumulationOutputRegister

ideal_bandwidth_read_per_layer[4] + ideal_bandwidth_drain_per_layer[4]: 0.0 vs level.read_bandwidth: 1
I am in Compute Bound
cc_per_all_tiles_per_layer[4]: 1
STANDARD CASE latency_read_drain_per_layer[4]: 1

ideal_bandwidth_fill_per_layer[4] + ideal_bandwidth_update_per_layer[4]: 0.0 vs level.write_bandwidth: 1
previous_fanout_pe_to_pe_warmup: 0
STANDARD CASE latency_fill_update_per_layer[4]: 1


Layer_id: 5 in AccumulationOutputRegister

ideal_bandwidth_read_per_layer[5] + ideal_bandwidth_drain_per_layer[5]: 0.0 vs level.read_bandwidth: 1
I am in Compute Bound
cc_per_all_tiles_per_layer[5]: 1
STANDARD CASE latency_read_drain_per_layer[5]: 1

ideal_bandwidth_fill_per_layer[5] + ideal_bandwidth_update_per_layer[5]: 0.0 vs level.write_bandwidth: 1
previous_fanout_pe_to_pe_warmup: 0
STANDARD CASE latency_fill_update_per_layer[5]: 1


Layer_id: 6 in AccumulationOutputRegister

ideal_bandwidth_read_per_layer[6] + ideal_bandwidth_drain_per_layer[6]: 0.0 vs level.read_bandwidth: 1
I am in Compute Bound
cc_per_all_tiles_per_layer[6]: 1
STANDARD CASE latency_read_drain_per_layer[6]: 1

ideal_bandwidth_fill_per_layer[6] + ideal_bandwidth_update_per_layer[6]: 0.0 vs level.write_bandwidth: 1
previous_fanout_pe_to_pe_warmup: 0
STANDARD CASE latency_fill_update_per_layer[6]: 1


Layer_id: 7 in AccumulationOutputRegister

ideal_bandwidth_read_per_layer[7] + ideal_bandwidth_drain_per_layer[7]: 1.0 vs level.read_bandwidth: 1
I am in Compute Bound
cc_per_all_tiles_per_layer[7]: 1
STANDARD CASE latency_read_drain_per_layer[7]: 1

ideal_bandwidth_fill_per_layer[7] + ideal_bandwidth_update_per_layer[7]: 1.0 vs level.write_bandwidth: 1
previous_fanout_pe_to_pe_warmup: 0
STANDARD CASE latency_fill_update_per_layer[7]: 1

End of calculation of latency.

Calculating per tile final latency and stall for layer 0 in AccumulationOutputRegister: latency_read_drain_per_layer[0] = 1, latency_fill_update_per_layer[0] = 1
Final per tile latency_per_layer[0]: 1
Final per tile stall_cycles_per_layer[0]: 0
Ideal case: no stall introduced by this level per this layer: cc_per_all_tiles_per_layer[0]: 1
Calculating per tile final latency and stall for layer 1 in AccumulationOutputRegister: latency_read_drain_per_layer[1] = 1, latency_fill_update_per_layer[1] = 1
Final per tile latency_per_layer[1]: 1
Final per tile stall_cycles_per_layer[1]: 0
Ideal case: no stall introduced by this level per this layer: cc_per_all_tiles_per_layer[1]: 1
Calculating per tile final latency and stall for layer 2 in AccumulationOutputRegister: latency_read_drain_per_layer[2] = 1, latency_fill_update_per_layer[2] = 1
Final per tile latency_per_layer[2]: 1
Final per tile stall_cycles_per_layer[2]: 0
Ideal case: no stall introduced by this level per this layer: cc_per_all_tiles_per_layer[2]: 1
Calculating per tile final latency and stall for layer 3 in AccumulationOutputRegister: latency_read_drain_per_layer[3] = 1, latency_fill_update_per_layer[3] = 1
Final per tile latency_per_layer[3]: 1
Final per tile stall_cycles_per_layer[3]: 0
Ideal case: no stall introduced by this level per this layer: cc_per_all_tiles_per_layer[3]: 1
Calculating per tile final latency and stall for layer 4 in AccumulationOutputRegister: latency_read_drain_per_layer[4] = 1, latency_fill_update_per_layer[4] = 1
Final per tile latency_per_layer[4]: 1
Final per tile stall_cycles_per_layer[4]: 0
Ideal case: no stall introduced by this level per this layer: cc_per_all_tiles_per_layer[4]: 1
Calculating per tile final latency and stall for layer 5 in AccumulationOutputRegister: latency_read_drain_per_layer[5] = 1, latency_fill_update_per_layer[5] = 1
Final per tile latency_per_layer[5]: 1
Final per tile stall_cycles_per_layer[5]: 0
Ideal case: no stall introduced by this level per this layer: cc_per_all_tiles_per_layer[5]: 1
Calculating per tile final latency and stall for layer 6 in AccumulationOutputRegister: latency_read_drain_per_layer[6] = 1, latency_fill_update_per_layer[6] = 1
Final per tile latency_per_layer[6]: 1
Final per tile stall_cycles_per_layer[6]: 0
Ideal case: no stall introduced by this level per this layer: cc_per_all_tiles_per_layer[6]: 1
Calculating per tile final latency and stall for layer 7 in AccumulationOutputRegister: latency_read_drain_per_layer[7] = 1, latency_fill_update_per_layer[7] = 1
Final per tile latency_per_layer[7]: 1
Final per tile stall_cycles_per_layer[7]: 0
Ideal case: no stall introduced by this level per this layer: cc_per_all_tiles_per_layer[7]: 1


Calculating Latency for Level: AccumulationIntermediateOutputRegister

Latency for layer: 0 of Level: AccumulationIntermediateOutputRegister
level.active_instances_per_layer[0]: 1680
level.temporal_iterations_per_layer[0]: 1296000
Scaling per layer[0]: 2,177,280,000
Single Tile latency: cc_per_tile_per_layer[0]: 1
Ideal Case, Latency at this level without stalls: cc_per_all_tiles_per_layer[0]: 1
SCALED cc_per_all_tiles_per_layer[0]: 2,177,280,000
level.getReadPerLayer[0](): 2,206,310,400
  (For comparison - full reads including accumulation: 2,206,310,400)
ideal_bandwidth_read_per_layer[0]: 1.0133333333333334
level.getDrainPerLayer[0](): 29,030,400
ideal_bandwidth_drain_per_layer[0]: 0.013333333333333334
ideal_bandwidth_update_per_layer[0]: 1.0
  (For comparison - full updates including accumulation: 2,177,280,000)
level.getFillPerLayer[0](): 29,030,400
ideal_bandwidth_fill_per_layer[0]: 0.013333333333333334

Latency for layer: 1 of Level: AccumulationIntermediateOutputRegister
level.active_instances_per_layer[1]: 1440
level.temporal_iterations_per_layer[1]: 241920
Scaling per layer[1]: 348,364,800
Single Tile latency: cc_per_tile_per_layer[1]: 1
Ideal Case, Latency at this level without stalls: cc_per_all_tiles_per_layer[1]: 1
SCALED cc_per_all_tiles_per_layer[1]: 348,364,800
level.getReadPerLayer[1](): 348,364,800
  (For comparison - full reads including accumulation: 348,364,800)
ideal_bandwidth_read_per_layer[1]: 1.0
level.getDrainPerLayer[1](): 6,220,800
ideal_bandwidth_drain_per_layer[1]: 0.017857142857142856
ideal_bandwidth_update_per_layer[1]: 1.0
  (For comparison - full updates including accumulation: 348,364,800)
level.getFillPerLayer[1](): 6,220,800
ideal_bandwidth_fill_per_layer[1]: 0.017857142857142856

Latency for layer: 2 of Level: AccumulationIntermediateOutputRegister
level.active_instances_per_layer[2]: 1440
level.temporal_iterations_per_layer[2]: 466560
Scaling per layer[2]: 671,846,400
Single Tile latency: cc_per_tile_per_layer[2]: 1
Ideal Case, Latency at this level without stalls: cc_per_all_tiles_per_layer[2]: 1
SCALED cc_per_all_tiles_per_layer[2]: 671,846,400
level.getReadPerLayer[2](): 671,846,400
  (For comparison - full reads including accumulation: 671,846,400)
ideal_bandwidth_read_per_layer[2]: 1.0
level.getDrainPerLayer[2](): 6,220,800
ideal_bandwidth_drain_per_layer[2]: 0.009259259259259259
ideal_bandwidth_update_per_layer[2]: 1.0
  (For comparison - full updates including accumulation: 671,846,400)
level.getFillPerLayer[2](): 6,220,800
ideal_bandwidth_fill_per_layer[2]: 0.009259259259259259

Latency for layer: 3 of Level: AccumulationIntermediateOutputRegister
level.active_instances_per_layer[3]: 1440
level.temporal_iterations_per_layer[3]: 466560
Scaling per layer[3]: 671,846,400
Single Tile latency: cc_per_tile_per_layer[3]: 1
Ideal Case, Latency at this level without stalls: cc_per_all_tiles_per_layer[3]: 1
SCALED cc_per_all_tiles_per_layer[3]: 671,846,400
level.getReadPerLayer[3](): 671,846,400
  (For comparison - full reads including accumulation: 671,846,400)
ideal_bandwidth_read_per_layer[3]: 1.0
level.getDrainPerLayer[3](): 6,220,800
ideal_bandwidth_drain_per_layer[3]: 0.009259259259259259
ideal_bandwidth_update_per_layer[3]: 1.0
  (For comparison - full updates including accumulation: 671,846,400)
level.getFillPerLayer[3](): 6,220,800
ideal_bandwidth_fill_per_layer[3]: 0.009259259259259259

Latency for layer: 4 of Level: AccumulationIntermediateOutputRegister
level.active_instances_per_layer[4]: 1440
level.temporal_iterations_per_layer[4]: 466560
Scaling per layer[4]: 671,846,400
Single Tile latency: cc_per_tile_per_layer[4]: 1
Ideal Case, Latency at this level without stalls: cc_per_all_tiles_per_layer[4]: 1
SCALED cc_per_all_tiles_per_layer[4]: 671,846,400
level.getReadPerLayer[4](): 671,846,400
  (For comparison - full reads including accumulation: 671,846,400)
ideal_bandwidth_read_per_layer[4]: 1.0
level.getDrainPerLayer[4](): 6,220,800
ideal_bandwidth_drain_per_layer[4]: 0.009259259259259259
ideal_bandwidth_update_per_layer[4]: 1.0
  (For comparison - full updates including accumulation: 671,846,400)
level.getFillPerLayer[4](): 6,220,800
ideal_bandwidth_fill_per_layer[4]: 0.009259259259259259

Latency for layer: 5 of Level: AccumulationIntermediateOutputRegister
level.active_instances_per_layer[5]: 1440
level.temporal_iterations_per_layer[5]: 466560
Scaling per layer[5]: 671,846,400
Single Tile latency: cc_per_tile_per_layer[5]: 1
Ideal Case, Latency at this level without stalls: cc_per_all_tiles_per_layer[5]: 1
SCALED cc_per_all_tiles_per_layer[5]: 671,846,400
level.getReadPerLayer[5](): 671,846,400
  (For comparison - full reads including accumulation: 671,846,400)
ideal_bandwidth_read_per_layer[5]: 1.0
level.getDrainPerLayer[5](): 6,220,800
ideal_bandwidth_drain_per_layer[5]: 0.009259259259259259
ideal_bandwidth_update_per_layer[5]: 1.0
  (For comparison - full updates including accumulation: 671,846,400)
level.getFillPerLayer[5](): 6,220,800
ideal_bandwidth_fill_per_layer[5]: 0.009259259259259259

Latency for layer: 6 of Level: AccumulationIntermediateOutputRegister
level.active_instances_per_layer[6]: 1680
level.temporal_iterations_per_layer[6]: 207360
Scaling per layer[6]: 348,364,800
Single Tile latency: cc_per_tile_per_layer[6]: 1
Ideal Case, Latency at this level without stalls: cc_per_all_tiles_per_layer[6]: 1
SCALED cc_per_all_tiles_per_layer[6]: 348,364,800
level.getReadPerLayer[6](): 348,364,800
  (For comparison - full reads including accumulation: 348,364,800)
ideal_bandwidth_read_per_layer[6]: 1.0
level.getDrainPerLayer[6](): 29,030,400
ideal_bandwidth_drain_per_layer[6]: 0.08333333333333333
ideal_bandwidth_update_per_layer[6]: 1.0
  (For comparison - full updates including accumulation: 348,364,800)
level.getFillPerLayer[6](): 29,030,400
ideal_bandwidth_fill_per_layer[6]: 0.08333333333333333

Latency for layer: 7 of Level: AccumulationIntermediateOutputRegister
level.active_instances_per_layer[7]: 1920
level.temporal_iterations_per_layer[7]: 2177280
Scaling per layer[7]: 4,180,377,600
Single Tile latency: cc_per_tile_per_layer[7]: 1
Ideal Case, Latency at this level without stalls: cc_per_all_tiles_per_layer[7]: 1
SCALED cc_per_all_tiles_per_layer[7]: 4,180,377,600
level.getReadPerLayer[7](): 0
  (For comparison - full reads including accumulation: 0)
ideal_bandwidth_read_per_layer[7]: 0.0
level.getDrainPerLayer[7](): 0
ideal_bandwidth_drain_per_layer[7]: 0.0
ideal_bandwidth_update_per_layer[7]: 0.0
  (For comparison - full updates including accumulation: 0)
level.getFillPerLayer[7](): 0
ideal_bandwidth_fill_per_layer[7]: 0.0

Start of calculation of latency:


Layer_id: 0 in AccumulationIntermediateOutputRegister

ideal_bandwidth_read_per_layer[0] + ideal_bandwidth_drain_per_layer[0]: 1.0266666666666668 vs level.read_bandwidth: 1
I am in Slowdown: Memory Bound
ideal_bandwidth_read_per_layer[0]: 1.0133333333333334
ideal_bandwidth_drain_per_layer[0]: 0.013333333333333334
level.read_bandwidth: 1
total data (for bandwidth): 2235340800
scaling_per_layer[0]: 2177280000
SLOWDOWN CASE latency_read_drain_per_layer[0]: 1.0266666666666666

ideal_bandwidth_fill_per_layer[0] + ideal_bandwidth_update_per_layer[0]: 1.0133333333333334 vs level.write_bandwidth: 1
ideal_bandwidth_fill_per_layer[0]: 0.013333333333333334
ideal_bandwidth_update_per_layer[0]: 1.0
level.write_bandwidth: 1
total data (for bandwidth): 2206310400
scaling_per_layer[0]: 2177280000
SLOWDOWN CASE latency_fill_update_per_layer[0]: 1.0133333333333334


Layer_id: 1 in AccumulationIntermediateOutputRegister

ideal_bandwidth_read_per_layer[1] + ideal_bandwidth_drain_per_layer[1]: 1.0178571428571428 vs level.read_bandwidth: 1
I am in Slowdown: Memory Bound
ideal_bandwidth_read_per_layer[1]: 1.0
ideal_bandwidth_drain_per_layer[1]: 0.017857142857142856
level.read_bandwidth: 1
total data (for bandwidth): 354585600
scaling_per_layer[1]: 348364800
SLOWDOWN CASE latency_read_drain_per_layer[1]: 1.0178571428571428

ideal_bandwidth_fill_per_layer[1] + ideal_bandwidth_update_per_layer[1]: 1.0178571428571428 vs level.write_bandwidth: 1
ideal_bandwidth_fill_per_layer[1]: 0.017857142857142856
ideal_bandwidth_update_per_layer[1]: 1.0
level.write_bandwidth: 1
total data (for bandwidth): 354585600
scaling_per_layer[1]: 348364800
SLOWDOWN CASE latency_fill_update_per_layer[1]: 1.0178571428571428


Layer_id: 2 in AccumulationIntermediateOutputRegister

ideal_bandwidth_read_per_layer[2] + ideal_bandwidth_drain_per_layer[2]: 1.0092592592592593 vs level.read_bandwidth: 1
I am in Slowdown: Memory Bound
ideal_bandwidth_read_per_layer[2]: 1.0
ideal_bandwidth_drain_per_layer[2]: 0.009259259259259259
level.read_bandwidth: 1
total data (for bandwidth): 678067200
scaling_per_layer[2]: 671846400
SLOWDOWN CASE latency_read_drain_per_layer[2]: 1.0092592592592593

ideal_bandwidth_fill_per_layer[2] + ideal_bandwidth_update_per_layer[2]: 1.0092592592592593 vs level.write_bandwidth: 1
ideal_bandwidth_fill_per_layer[2]: 0.009259259259259259
ideal_bandwidth_update_per_layer[2]: 1.0
level.write_bandwidth: 1
total data (for bandwidth): 678067200
scaling_per_layer[2]: 671846400
SLOWDOWN CASE latency_fill_update_per_layer[2]: 1.0092592592592593


Layer_id: 3 in AccumulationIntermediateOutputRegister

ideal_bandwidth_read_per_layer[3] + ideal_bandwidth_drain_per_layer[3]: 1.0092592592592593 vs level.read_bandwidth: 1
I am in Slowdown: Memory Bound
ideal_bandwidth_read_per_layer[3]: 1.0
ideal_bandwidth_drain_per_layer[3]: 0.009259259259259259
level.read_bandwidth: 1
total data (for bandwidth): 678067200
scaling_per_layer[3]: 671846400
SLOWDOWN CASE latency_read_drain_per_layer[3]: 1.0092592592592593

ideal_bandwidth_fill_per_layer[3] + ideal_bandwidth_update_per_layer[3]: 1.0092592592592593 vs level.write_bandwidth: 1
ideal_bandwidth_fill_per_layer[3]: 0.009259259259259259
ideal_bandwidth_update_per_layer[3]: 1.0
level.write_bandwidth: 1
total data (for bandwidth): 678067200
scaling_per_layer[3]: 671846400
SLOWDOWN CASE latency_fill_update_per_layer[3]: 1.0092592592592593


Layer_id: 4 in AccumulationIntermediateOutputRegister

ideal_bandwidth_read_per_layer[4] + ideal_bandwidth_drain_per_layer[4]: 1.0092592592592593 vs level.read_bandwidth: 1
I am in Slowdown: Memory Bound
ideal_bandwidth_read_per_layer[4]: 1.0
ideal_bandwidth_drain_per_layer[4]: 0.009259259259259259
level.read_bandwidth: 1
total data (for bandwidth): 678067200
scaling_per_layer[4]: 671846400
SLOWDOWN CASE latency_read_drain_per_layer[4]: 1.0092592592592593

ideal_bandwidth_fill_per_layer[4] + ideal_bandwidth_update_per_layer[4]: 1.0092592592592593 vs level.write_bandwidth: 1
ideal_bandwidth_fill_per_layer[4]: 0.009259259259259259
ideal_bandwidth_update_per_layer[4]: 1.0
level.write_bandwidth: 1
total data (for bandwidth): 678067200
scaling_per_layer[4]: 671846400
SLOWDOWN CASE latency_fill_update_per_layer[4]: 1.0092592592592593


Layer_id: 5 in AccumulationIntermediateOutputRegister

ideal_bandwidth_read_per_layer[5] + ideal_bandwidth_drain_per_layer[5]: 1.0092592592592593 vs level.read_bandwidth: 1
I am in Slowdown: Memory Bound
ideal_bandwidth_read_per_layer[5]: 1.0
ideal_bandwidth_drain_per_layer[5]: 0.009259259259259259
level.read_bandwidth: 1
total data (for bandwidth): 678067200
scaling_per_layer[5]: 671846400
SLOWDOWN CASE latency_read_drain_per_layer[5]: 1.0092592592592593

ideal_bandwidth_fill_per_layer[5] + ideal_bandwidth_update_per_layer[5]: 1.0092592592592593 vs level.write_bandwidth: 1
ideal_bandwidth_fill_per_layer[5]: 0.009259259259259259
ideal_bandwidth_update_per_layer[5]: 1.0
level.write_bandwidth: 1
total data (for bandwidth): 678067200
scaling_per_layer[5]: 671846400
SLOWDOWN CASE latency_fill_update_per_layer[5]: 1.0092592592592593


Layer_id: 6 in AccumulationIntermediateOutputRegister

ideal_bandwidth_read_per_layer[6] + ideal_bandwidth_drain_per_layer[6]: 1.0833333333333333 vs level.read_bandwidth: 1
I am in Slowdown: Memory Bound
ideal_bandwidth_read_per_layer[6]: 1.0
ideal_bandwidth_drain_per_layer[6]: 0.08333333333333333
level.read_bandwidth: 1
total data (for bandwidth): 377395200
scaling_per_layer[6]: 348364800
SLOWDOWN CASE latency_read_drain_per_layer[6]: 1.0833333333333333

ideal_bandwidth_fill_per_layer[6] + ideal_bandwidth_update_per_layer[6]: 1.0833333333333333 vs level.write_bandwidth: 1
ideal_bandwidth_fill_per_layer[6]: 0.08333333333333333
ideal_bandwidth_update_per_layer[6]: 1.0
level.write_bandwidth: 1
total data (for bandwidth): 377395200
scaling_per_layer[6]: 348364800
SLOWDOWN CASE latency_fill_update_per_layer[6]: 1.0833333333333333


Layer_id: 7 in AccumulationIntermediateOutputRegister

ideal_bandwidth_read_per_layer[7] + ideal_bandwidth_drain_per_layer[7]: 0.0 vs level.read_bandwidth: 1
I am in Compute Bound
cc_per_all_tiles_per_layer[7]: 1
STANDARD CASE latency_read_drain_per_layer[7]: 1

ideal_bandwidth_fill_per_layer[7] + ideal_bandwidth_update_per_layer[7]: 0.0 vs level.write_bandwidth: 1
previous_fanout_pe_to_pe_warmup: 0
STANDARD CASE latency_fill_update_per_layer[7]: 1

End of calculation of latency.

Calculating per tile final latency and stall for layer 0 in AccumulationIntermediateOutputRegister: latency_read_drain_per_layer[0] = 1.0266666666666666, latency_fill_update_per_layer[0] = 1.0133333333333334
Final per tile latency_per_layer[0]: 1
Final per tile stall_cycles_per_layer[0]: 0
Ideal case: no stall introduced by this level per this layer: cc_per_all_tiles_per_layer[0]: 1
Calculating per tile final latency and stall for layer 1 in AccumulationIntermediateOutputRegister: latency_read_drain_per_layer[1] = 1.0178571428571428, latency_fill_update_per_layer[1] = 1.0178571428571428
Final per tile latency_per_layer[1]: 1
Final per tile stall_cycles_per_layer[1]: 0
Ideal case: no stall introduced by this level per this layer: cc_per_all_tiles_per_layer[1]: 1
Calculating per tile final latency and stall for layer 2 in AccumulationIntermediateOutputRegister: latency_read_drain_per_layer[2] = 1.0092592592592593, latency_fill_update_per_layer[2] = 1.0092592592592593
Final per tile latency_per_layer[2]: 1
Final per tile stall_cycles_per_layer[2]: 0
Ideal case: no stall introduced by this level per this layer: cc_per_all_tiles_per_layer[2]: 1
Calculating per tile final latency and stall for layer 3 in AccumulationIntermediateOutputRegister: latency_read_drain_per_layer[3] = 1.0092592592592593, latency_fill_update_per_layer[3] = 1.0092592592592593
Final per tile latency_per_layer[3]: 1
Final per tile stall_cycles_per_layer[3]: 0
Ideal case: no stall introduced by this level per this layer: cc_per_all_tiles_per_layer[3]: 1
Calculating per tile final latency and stall for layer 4 in AccumulationIntermediateOutputRegister: latency_read_drain_per_layer[4] = 1.0092592592592593, latency_fill_update_per_layer[4] = 1.0092592592592593
Final per tile latency_per_layer[4]: 1
Final per tile stall_cycles_per_layer[4]: 0
Ideal case: no stall introduced by this level per this layer: cc_per_all_tiles_per_layer[4]: 1
Calculating per tile final latency and stall for layer 5 in AccumulationIntermediateOutputRegister: latency_read_drain_per_layer[5] = 1.0092592592592593, latency_fill_update_per_layer[5] = 1.0092592592592593
Final per tile latency_per_layer[5]: 1
Final per tile stall_cycles_per_layer[5]: 0
Ideal case: no stall introduced by this level per this layer: cc_per_all_tiles_per_layer[5]: 1
Calculating per tile final latency and stall for layer 6 in AccumulationIntermediateOutputRegister: latency_read_drain_per_layer[6] = 1.0833333333333333, latency_fill_update_per_layer[6] = 1.0833333333333333
Final per tile latency_per_layer[6]: 1
Final per tile stall_cycles_per_layer[6]: 0
Ideal case: no stall introduced by this level per this layer: cc_per_all_tiles_per_layer[6]: 1
Calculating per tile final latency and stall for layer 7 in AccumulationIntermediateOutputRegister: latency_read_drain_per_layer[7] = 1, latency_fill_update_per_layer[7] = 1
Final per tile latency_per_layer[7]: 1
Final per tile stall_cycles_per_layer[7]: 0
Ideal case: no stall introduced by this level per this layer: cc_per_all_tiles_per_layer[7]: 1


Calculating Latency for Level: WeightRegister

Latency for layer: 0 of Level: WeightRegister
level.active_instances_per_layer[0]: 1680
level.temporal_iterations_per_layer[0]: 1296000
Scaling per layer[0]: 2,177,280,000
Single Tile latency: cc_per_tile_per_layer[0]: 1.0266666666666666
Ideal Case, Latency at this level without stalls: cc_per_all_tiles_per_layer[0]: 1.0266666666666666
SCALED cc_per_all_tiles_per_layer[0]: 2,235,340,800
level.getReadPerLayer[0](): 2,177,280,000
  (For comparison - full reads including accumulation: 2,177,280,000)
ideal_bandwidth_read_per_layer[0]: 0.974025974025974
level.getDrainPerLayer[0](): 0
ideal_bandwidth_drain_per_layer[0]: 0.0
ideal_bandwidth_update_per_layer[0]: 0.0
  (For comparison - full updates including accumulation: 0)
level.getFillPerLayer[0](): 2,177,280,000
ideal_bandwidth_fill_per_layer[0]: 0.974025974025974

Latency for layer: 1 of Level: WeightRegister
level.active_instances_per_layer[1]: 1440
level.temporal_iterations_per_layer[1]: 241920
Scaling per layer[1]: 348,364,800
Single Tile latency: cc_per_tile_per_layer[1]: 1.0178571428571428
Ideal Case, Latency at this level without stalls: cc_per_all_tiles_per_layer[1]: 1.0178571428571428
SCALED cc_per_all_tiles_per_layer[1]: 354,585,600
level.getReadPerLayer[1](): 348,364,800
  (For comparison - full reads including accumulation: 348,364,800)
ideal_bandwidth_read_per_layer[1]: 0.9824561403508771
level.getDrainPerLayer[1](): 0
ideal_bandwidth_drain_per_layer[1]: 0.0
ideal_bandwidth_update_per_layer[1]: 0.0
  (For comparison - full updates including accumulation: 0)
level.getFillPerLayer[1](): 348,364,800
ideal_bandwidth_fill_per_layer[1]: 0.9824561403508771

Latency for layer: 2 of Level: WeightRegister
level.active_instances_per_layer[2]: 1440
level.temporal_iterations_per_layer[2]: 466560
Scaling per layer[2]: 671,846,400
Single Tile latency: cc_per_tile_per_layer[2]: 1.0092592592592593
Ideal Case, Latency at this level without stalls: cc_per_all_tiles_per_layer[2]: 1.0092592592592593
SCALED cc_per_all_tiles_per_layer[2]: 678,067,200
level.getReadPerLayer[2](): 671,846,400
  (For comparison - full reads including accumulation: 671,846,400)
ideal_bandwidth_read_per_layer[2]: 0.9908256880733946
level.getDrainPerLayer[2](): 0
ideal_bandwidth_drain_per_layer[2]: 0.0
ideal_bandwidth_update_per_layer[2]: 0.0
  (For comparison - full updates including accumulation: 0)
level.getFillPerLayer[2](): 671,846,400
ideal_bandwidth_fill_per_layer[2]: 0.9908256880733946

Latency for layer: 3 of Level: WeightRegister
level.active_instances_per_layer[3]: 1440
level.temporal_iterations_per_layer[3]: 466560
Scaling per layer[3]: 671,846,400
Single Tile latency: cc_per_tile_per_layer[3]: 1.0092592592592593
Ideal Case, Latency at this level without stalls: cc_per_all_tiles_per_layer[3]: 1.0092592592592593
SCALED cc_per_all_tiles_per_layer[3]: 678,067,200
level.getReadPerLayer[3](): 671,846,400
  (For comparison - full reads including accumulation: 671,846,400)
ideal_bandwidth_read_per_layer[3]: 0.9908256880733946
level.getDrainPerLayer[3](): 0
ideal_bandwidth_drain_per_layer[3]: 0.0
ideal_bandwidth_update_per_layer[3]: 0.0
  (For comparison - full updates including accumulation: 0)
level.getFillPerLayer[3](): 671,846,400
ideal_bandwidth_fill_per_layer[3]: 0.9908256880733946

Latency for layer: 4 of Level: WeightRegister
level.active_instances_per_layer[4]: 1440
level.temporal_iterations_per_layer[4]: 466560
Scaling per layer[4]: 671,846,400
Single Tile latency: cc_per_tile_per_layer[4]: 1.0092592592592593
Ideal Case, Latency at this level without stalls: cc_per_all_tiles_per_layer[4]: 1.0092592592592593
SCALED cc_per_all_tiles_per_layer[4]: 678,067,200
level.getReadPerLayer[4](): 671,846,400
  (For comparison - full reads including accumulation: 671,846,400)
ideal_bandwidth_read_per_layer[4]: 0.9908256880733946
level.getDrainPerLayer[4](): 0
ideal_bandwidth_drain_per_layer[4]: 0.0
ideal_bandwidth_update_per_layer[4]: 0.0
  (For comparison - full updates including accumulation: 0)
level.getFillPerLayer[4](): 671,846,400
ideal_bandwidth_fill_per_layer[4]: 0.9908256880733946

Latency for layer: 5 of Level: WeightRegister
level.active_instances_per_layer[5]: 1440
level.temporal_iterations_per_layer[5]: 466560
Scaling per layer[5]: 671,846,400
Single Tile latency: cc_per_tile_per_layer[5]: 1.0092592592592593
Ideal Case, Latency at this level without stalls: cc_per_all_tiles_per_layer[5]: 1.0092592592592593
SCALED cc_per_all_tiles_per_layer[5]: 678,067,200
level.getReadPerLayer[5](): 671,846,400
  (For comparison - full reads including accumulation: 671,846,400)
ideal_bandwidth_read_per_layer[5]: 0.9908256880733946
level.getDrainPerLayer[5](): 0
ideal_bandwidth_drain_per_layer[5]: 0.0
ideal_bandwidth_update_per_layer[5]: 0.0
  (For comparison - full updates including accumulation: 0)
level.getFillPerLayer[5](): 671,846,400
ideal_bandwidth_fill_per_layer[5]: 0.9908256880733946

Latency for layer: 6 of Level: WeightRegister
level.active_instances_per_layer[6]: 1680
level.temporal_iterations_per_layer[6]: 207360
Scaling per layer[6]: 348,364,800
Single Tile latency: cc_per_tile_per_layer[6]: 1.0833333333333333
Ideal Case, Latency at this level without stalls: cc_per_all_tiles_per_layer[6]: 1.0833333333333333
SCALED cc_per_all_tiles_per_layer[6]: 377,395,200
level.getReadPerLayer[6](): 348,364,800
  (For comparison - full reads including accumulation: 348,364,800)
ideal_bandwidth_read_per_layer[6]: 0.9230769230769231
level.getDrainPerLayer[6](): 0
ideal_bandwidth_drain_per_layer[6]: 0.0
ideal_bandwidth_update_per_layer[6]: 0.0
  (For comparison - full updates including accumulation: 0)
level.getFillPerLayer[6](): 348,364,800
ideal_bandwidth_fill_per_layer[6]: 0.9230769230769231

Latency for layer: 7 of Level: WeightRegister
level.active_instances_per_layer[7]: 1920
level.temporal_iterations_per_layer[7]: 2177280
Scaling per layer[7]: 4,180,377,600
Single Tile latency: cc_per_tile_per_layer[7]: 1
Ideal Case, Latency at this level without stalls: cc_per_all_tiles_per_layer[7]: 1
SCALED cc_per_all_tiles_per_layer[7]: 4,180,377,600
level.getReadPerLayer[7](): 4,180,377,600
  (For comparison - full reads including accumulation: 4,180,377,600)
ideal_bandwidth_read_per_layer[7]: 1.0
level.getDrainPerLayer[7](): 0
ideal_bandwidth_drain_per_layer[7]: 0.0
ideal_bandwidth_update_per_layer[7]: 0.0
  (For comparison - full updates including accumulation: 0)
level.getFillPerLayer[7](): 4,180,377,600
ideal_bandwidth_fill_per_layer[7]: 1.0

Start of calculation of latency:


Layer_id: 0 in WeightRegister

ideal_bandwidth_read_per_layer[0] + ideal_bandwidth_drain_per_layer[0]: 0.974025974025974 vs level.read_bandwidth: 1
I am in Compute Bound
cc_per_all_tiles_per_layer[0]: 1.0266666666666666
STANDARD CASE latency_read_drain_per_layer[0]: 1.0266666666666666

ideal_bandwidth_fill_per_layer[0] + ideal_bandwidth_update_per_layer[0]: 0.974025974025974 vs level.write_bandwidth: 1
previous_fanout_pe_to_pe_warmup: 0
STANDARD CASE latency_fill_update_per_layer[0]: 1.0266666666666666


Layer_id: 1 in WeightRegister

ideal_bandwidth_read_per_layer[1] + ideal_bandwidth_drain_per_layer[1]: 0.9824561403508771 vs level.read_bandwidth: 1
I am in Compute Bound
cc_per_all_tiles_per_layer[1]: 1.0178571428571428
STANDARD CASE latency_read_drain_per_layer[1]: 1.0178571428571428

ideal_bandwidth_fill_per_layer[1] + ideal_bandwidth_update_per_layer[1]: 0.9824561403508771 vs level.write_bandwidth: 1
previous_fanout_pe_to_pe_warmup: 0
STANDARD CASE latency_fill_update_per_layer[1]: 1.0178571428571428


Layer_id: 2 in WeightRegister

ideal_bandwidth_read_per_layer[2] + ideal_bandwidth_drain_per_layer[2]: 0.9908256880733946 vs level.read_bandwidth: 1
I am in Compute Bound
cc_per_all_tiles_per_layer[2]: 1.0092592592592593
STANDARD CASE latency_read_drain_per_layer[2]: 1.0092592592592593

ideal_bandwidth_fill_per_layer[2] + ideal_bandwidth_update_per_layer[2]: 0.9908256880733946 vs level.write_bandwidth: 1
previous_fanout_pe_to_pe_warmup: 0
STANDARD CASE latency_fill_update_per_layer[2]: 1.0092592592592593


Layer_id: 3 in WeightRegister

ideal_bandwidth_read_per_layer[3] + ideal_bandwidth_drain_per_layer[3]: 0.9908256880733946 vs level.read_bandwidth: 1
I am in Compute Bound
cc_per_all_tiles_per_layer[3]: 1.0092592592592593
STANDARD CASE latency_read_drain_per_layer[3]: 1.0092592592592593

ideal_bandwidth_fill_per_layer[3] + ideal_bandwidth_update_per_layer[3]: 0.9908256880733946 vs level.write_bandwidth: 1
previous_fanout_pe_to_pe_warmup: 0
STANDARD CASE latency_fill_update_per_layer[3]: 1.0092592592592593


Layer_id: 4 in WeightRegister

ideal_bandwidth_read_per_layer[4] + ideal_bandwidth_drain_per_layer[4]: 0.9908256880733946 vs level.read_bandwidth: 1
I am in Compute Bound
cc_per_all_tiles_per_layer[4]: 1.0092592592592593
STANDARD CASE latency_read_drain_per_layer[4]: 1.0092592592592593

ideal_bandwidth_fill_per_layer[4] + ideal_bandwidth_update_per_layer[4]: 0.9908256880733946 vs level.write_bandwidth: 1
previous_fanout_pe_to_pe_warmup: 0
STANDARD CASE latency_fill_update_per_layer[4]: 1.0092592592592593


Layer_id: 5 in WeightRegister

ideal_bandwidth_read_per_layer[5] + ideal_bandwidth_drain_per_layer[5]: 0.9908256880733946 vs level.read_bandwidth: 1
I am in Compute Bound
cc_per_all_tiles_per_layer[5]: 1.0092592592592593
STANDARD CASE latency_read_drain_per_layer[5]: 1.0092592592592593

ideal_bandwidth_fill_per_layer[5] + ideal_bandwidth_update_per_layer[5]: 0.9908256880733946 vs level.write_bandwidth: 1
previous_fanout_pe_to_pe_warmup: 0
STANDARD CASE latency_fill_update_per_layer[5]: 1.0092592592592593


Layer_id: 6 in WeightRegister

ideal_bandwidth_read_per_layer[6] + ideal_bandwidth_drain_per_layer[6]: 0.9230769230769231 vs level.read_bandwidth: 1
I am in Compute Bound
cc_per_all_tiles_per_layer[6]: 1.0833333333333333
STANDARD CASE latency_read_drain_per_layer[6]: 1.0833333333333333

ideal_bandwidth_fill_per_layer[6] + ideal_bandwidth_update_per_layer[6]: 0.9230769230769231 vs level.write_bandwidth: 1
previous_fanout_pe_to_pe_warmup: 0
STANDARD CASE latency_fill_update_per_layer[6]: 1.0833333333333333


Layer_id: 7 in WeightRegister

ideal_bandwidth_read_per_layer[7] + ideal_bandwidth_drain_per_layer[7]: 1.0 vs level.read_bandwidth: 1
I am in Compute Bound
cc_per_all_tiles_per_layer[7]: 1
STANDARD CASE latency_read_drain_per_layer[7]: 1

ideal_bandwidth_fill_per_layer[7] + ideal_bandwidth_update_per_layer[7]: 1.0 vs level.write_bandwidth: 1
previous_fanout_pe_to_pe_warmup: 0
STANDARD CASE latency_fill_update_per_layer[7]: 1

End of calculation of latency.

Calculating per tile final latency and stall for layer 0 in WeightRegister: latency_read_drain_per_layer[0] = 1.0266666666666666, latency_fill_update_per_layer[0] = 1.0266666666666666
Final per tile latency_per_layer[0]: 1
Final per tile stall_cycles_per_layer[0]: 0
Ideal case: no stall introduced by this level per this layer: cc_per_all_tiles_per_layer[0]: 1
Calculating per tile final latency and stall for layer 1 in WeightRegister: latency_read_drain_per_layer[1] = 1.0178571428571428, latency_fill_update_per_layer[1] = 1.0178571428571428
Final per tile latency_per_layer[1]: 1
Final per tile stall_cycles_per_layer[1]: 0
Ideal case: no stall introduced by this level per this layer: cc_per_all_tiles_per_layer[1]: 1
Calculating per tile final latency and stall for layer 2 in WeightRegister: latency_read_drain_per_layer[2] = 1.0092592592592593, latency_fill_update_per_layer[2] = 1.0092592592592593
Final per tile latency_per_layer[2]: 1
Final per tile stall_cycles_per_layer[2]: 0
Ideal case: no stall introduced by this level per this layer: cc_per_all_tiles_per_layer[2]: 1
Calculating per tile final latency and stall for layer 3 in WeightRegister: latency_read_drain_per_layer[3] = 1.0092592592592593, latency_fill_update_per_layer[3] = 1.0092592592592593
Final per tile latency_per_layer[3]: 1
Final per tile stall_cycles_per_layer[3]: 0
Ideal case: no stall introduced by this level per this layer: cc_per_all_tiles_per_layer[3]: 1
Calculating per tile final latency and stall for layer 4 in WeightRegister: latency_read_drain_per_layer[4] = 1.0092592592592593, latency_fill_update_per_layer[4] = 1.0092592592592593
Final per tile latency_per_layer[4]: 1
Final per tile stall_cycles_per_layer[4]: 0
Ideal case: no stall introduced by this level per this layer: cc_per_all_tiles_per_layer[4]: 1
Calculating per tile final latency and stall for layer 5 in WeightRegister: latency_read_drain_per_layer[5] = 1.0092592592592593, latency_fill_update_per_layer[5] = 1.0092592592592593
Final per tile latency_per_layer[5]: 1
Final per tile stall_cycles_per_layer[5]: 0
Ideal case: no stall introduced by this level per this layer: cc_per_all_tiles_per_layer[5]: 1
Calculating per tile final latency and stall for layer 6 in WeightRegister: latency_read_drain_per_layer[6] = 1.0833333333333333, latency_fill_update_per_layer[6] = 1.0833333333333333
Final per tile latency_per_layer[6]: 1
Final per tile stall_cycles_per_layer[6]: 0
Ideal case: no stall introduced by this level per this layer: cc_per_all_tiles_per_layer[6]: 1
Calculating per tile final latency and stall for layer 7 in WeightRegister: latency_read_drain_per_layer[7] = 1, latency_fill_update_per_layer[7] = 1
Final per tile latency_per_layer[7]: 1
Final per tile stall_cycles_per_layer[7]: 0
Ideal case: no stall introduced by this level per this layer: cc_per_all_tiles_per_layer[7]: 1


Calculating Latency for Level: WeightMemory

Latency for layer: 0 of Level: WeightMemory
level.active_instances_per_layer[0]: 1
level.temporal_iterations_per_layer[0]: 4320
Scaling per layer[0]: 4,320
Single Tile latency: cc_per_tile_per_layer[0]: 1.0266666666666666
Ideal Case, Latency at this level without stalls: cc_per_all_tiles_per_layer[0]: 308.0
SCALED cc_per_all_tiles_per_layer[0]: 1,330,560
level.getReadPerLayer[0](): 18,144,000
  (For comparison - full reads including accumulation: 18,144,000)
ideal_bandwidth_read_per_layer[0]: 13.636363636363637
level.getDrainPerLayer[0](): 0
ideal_bandwidth_drain_per_layer[0]: 0.0
ideal_bandwidth_update_per_layer[0]: 0.0
  (For comparison - full updates including accumulation: 0)
level.getFillPerLayer[0](): 4,200
ideal_bandwidth_fill_per_layer[0]: 0.0031565656565656565

Latency for layer: 1 of Level: WeightMemory
level.active_instances_per_layer[1]: 1
level.temporal_iterations_per_layer[1]: 4320
Scaling per layer[1]: 4,320
Single Tile latency: cc_per_tile_per_layer[1]: 1.0178571428571428
Ideal Case, Latency at this level without stalls: cc_per_all_tiles_per_layer[1]: 57.0
SCALED cc_per_all_tiles_per_layer[1]: 246,240
level.getReadPerLayer[1](): 2,903,040
  (For comparison - full reads including accumulation: 2,903,040)
ideal_bandwidth_read_per_layer[1]: 11.789473684210526
level.getDrainPerLayer[1](): 0
ideal_bandwidth_drain_per_layer[1]: 0.0
ideal_bandwidth_update_per_layer[1]: 0.0
  (For comparison - full updates including accumulation: 0)
level.getFillPerLayer[1](): 672
ideal_bandwidth_fill_per_layer[1]: 0.0027290448343079924

Latency for layer: 2 of Level: WeightMemory
level.active_instances_per_layer[2]: 1
level.temporal_iterations_per_layer[2]: 4320
Scaling per layer[2]: 4,320
Single Tile latency: cc_per_tile_per_layer[2]: 1.0092592592592593
Ideal Case, Latency at this level without stalls: cc_per_all_tiles_per_layer[2]: 109.0
SCALED cc_per_all_tiles_per_layer[2]: 470,880
level.getReadPerLayer[2](): 5,598,720
  (For comparison - full reads including accumulation: 5,598,720)
ideal_bandwidth_read_per_layer[2]: 11.889908256880734
level.getDrainPerLayer[2](): 0
ideal_bandwidth_drain_per_layer[2]: 0.0
ideal_bandwidth_update_per_layer[2]: 0.0
  (For comparison - full updates including accumulation: 0)
level.getFillPerLayer[2](): 1,296
ideal_bandwidth_fill_per_layer[2]: 0.0027522935779816515

Latency for layer: 3 of Level: WeightMemory
level.active_instances_per_layer[3]: 1
level.temporal_iterations_per_layer[3]: 4320
Scaling per layer[3]: 4,320
Single Tile latency: cc_per_tile_per_layer[3]: 1.0092592592592593
Ideal Case, Latency at this level without stalls: cc_per_all_tiles_per_layer[3]: 109.0
SCALED cc_per_all_tiles_per_layer[3]: 470,880
level.getReadPerLayer[3](): 5,598,720
  (For comparison - full reads including accumulation: 5,598,720)
ideal_bandwidth_read_per_layer[3]: 11.889908256880734
level.getDrainPerLayer[3](): 0
ideal_bandwidth_drain_per_layer[3]: 0.0
ideal_bandwidth_update_per_layer[3]: 0.0
  (For comparison - full updates including accumulation: 0)
level.getFillPerLayer[3](): 1,296
ideal_bandwidth_fill_per_layer[3]: 0.0027522935779816515

Latency for layer: 4 of Level: WeightMemory
level.active_instances_per_layer[4]: 1
level.temporal_iterations_per_layer[4]: 4320
Scaling per layer[4]: 4,320
Single Tile latency: cc_per_tile_per_layer[4]: 1.0092592592592593
Ideal Case, Latency at this level without stalls: cc_per_all_tiles_per_layer[4]: 109.0
SCALED cc_per_all_tiles_per_layer[4]: 470,880
level.getReadPerLayer[4](): 5,598,720
  (For comparison - full reads including accumulation: 5,598,720)
ideal_bandwidth_read_per_layer[4]: 11.889908256880734
level.getDrainPerLayer[4](): 0
ideal_bandwidth_drain_per_layer[4]: 0.0
ideal_bandwidth_update_per_layer[4]: 0.0
  (For comparison - full updates including accumulation: 0)
level.getFillPerLayer[4](): 1,296
ideal_bandwidth_fill_per_layer[4]: 0.0027522935779816515

Latency for layer: 5 of Level: WeightMemory
level.active_instances_per_layer[5]: 1
level.temporal_iterations_per_layer[5]: 4320
Scaling per layer[5]: 4,320
Single Tile latency: cc_per_tile_per_layer[5]: 1.0092592592592593
Ideal Case, Latency at this level without stalls: cc_per_all_tiles_per_layer[5]: 109.0
SCALED cc_per_all_tiles_per_layer[5]: 470,880
level.getReadPerLayer[5](): 5,598,720
  (For comparison - full reads including accumulation: 5,598,720)
ideal_bandwidth_read_per_layer[5]: 11.889908256880734
level.getDrainPerLayer[5](): 0
ideal_bandwidth_drain_per_layer[5]: 0.0
ideal_bandwidth_update_per_layer[5]: 0.0
  (For comparison - full updates including accumulation: 0)
level.getFillPerLayer[5](): 1,296
ideal_bandwidth_fill_per_layer[5]: 0.0027522935779816515

Latency for layer: 6 of Level: WeightMemory
level.active_instances_per_layer[6]: 1
level.temporal_iterations_per_layer[6]: 4320
Scaling per layer[6]: 4,320
Single Tile latency: cc_per_tile_per_layer[6]: 1.0833333333333333
Ideal Case, Latency at this level without stalls: cc_per_all_tiles_per_layer[6]: 52.0
SCALED cc_per_all_tiles_per_layer[6]: 224,640
level.getReadPerLayer[6](): 2,903,040
  (For comparison - full reads including accumulation: 2,903,040)
ideal_bandwidth_read_per_layer[6]: 12.923076923076923
level.getDrainPerLayer[6](): 0
ideal_bandwidth_drain_per_layer[6]: 0.0
ideal_bandwidth_update_per_layer[6]: 0.0
  (For comparison - full updates including accumulation: 0)
level.getFillPerLayer[6](): 672
ideal_bandwidth_fill_per_layer[6]: 0.0029914529914529917

Latency for layer: 7 of Level: WeightMemory
level.active_instances_per_layer[7]: 1
level.temporal_iterations_per_layer[7]: 4320
Scaling per layer[7]: 4,320
Single Tile latency: cc_per_tile_per_layer[7]: 1
Ideal Case, Latency at this level without stalls: cc_per_all_tiles_per_layer[7]: 504
SCALED cc_per_all_tiles_per_layer[7]: 2,177,280
level.getReadPerLayer[7](): 34,836,480
  (For comparison - full reads including accumulation: 34,836,480)
ideal_bandwidth_read_per_layer[7]: 16.0
level.getDrainPerLayer[7](): 0
ideal_bandwidth_drain_per_layer[7]: 0.0
ideal_bandwidth_update_per_layer[7]: 0.0
  (For comparison - full updates including accumulation: 0)
level.getFillPerLayer[7](): 8,064
ideal_bandwidth_fill_per_layer[7]: 0.003703703703703704

Start of calculation of latency:


Layer_id: 0 in WeightMemory

ideal_bandwidth_read_per_layer[0] + ideal_bandwidth_drain_per_layer[0]: 13.636363636363637 vs level.read_bandwidth: 16
I am in Compute Bound
cc_per_all_tiles_per_layer[0]: 308.0
STANDARD CASE latency_read_drain_per_layer[0]: 308.0

ideal_bandwidth_fill_per_layer[0] + ideal_bandwidth_update_per_layer[0]: 0.0031565656565656565 vs level.write_bandwidth: 16
previous_fanout_pe_to_pe_warmup: 0
STANDARD CASE latency_fill_update_per_layer[0]: 308.0


Layer_id: 1 in WeightMemory

ideal_bandwidth_read_per_layer[1] + ideal_bandwidth_drain_per_layer[1]: 11.789473684210526 vs level.read_bandwidth: 16
I am in Compute Bound
cc_per_all_tiles_per_layer[1]: 57.0
STANDARD CASE latency_read_drain_per_layer[1]: 57.0

ideal_bandwidth_fill_per_layer[1] + ideal_bandwidth_update_per_layer[1]: 0.0027290448343079924 vs level.write_bandwidth: 16
previous_fanout_pe_to_pe_warmup: 0
STANDARD CASE latency_fill_update_per_layer[1]: 57.0


Layer_id: 2 in WeightMemory

ideal_bandwidth_read_per_layer[2] + ideal_bandwidth_drain_per_layer[2]: 11.889908256880734 vs level.read_bandwidth: 16
I am in Compute Bound
cc_per_all_tiles_per_layer[2]: 109.0
STANDARD CASE latency_read_drain_per_layer[2]: 109.0

ideal_bandwidth_fill_per_layer[2] + ideal_bandwidth_update_per_layer[2]: 0.0027522935779816515 vs level.write_bandwidth: 16
previous_fanout_pe_to_pe_warmup: 0
STANDARD CASE latency_fill_update_per_layer[2]: 109.0


Layer_id: 3 in WeightMemory

ideal_bandwidth_read_per_layer[3] + ideal_bandwidth_drain_per_layer[3]: 11.889908256880734 vs level.read_bandwidth: 16
I am in Compute Bound
cc_per_all_tiles_per_layer[3]: 109.0
STANDARD CASE latency_read_drain_per_layer[3]: 109.0

ideal_bandwidth_fill_per_layer[3] + ideal_bandwidth_update_per_layer[3]: 0.0027522935779816515 vs level.write_bandwidth: 16
previous_fanout_pe_to_pe_warmup: 0
STANDARD CASE latency_fill_update_per_layer[3]: 109.0


Layer_id: 4 in WeightMemory

ideal_bandwidth_read_per_layer[4] + ideal_bandwidth_drain_per_layer[4]: 11.889908256880734 vs level.read_bandwidth: 16
I am in Compute Bound
cc_per_all_tiles_per_layer[4]: 109.0
STANDARD CASE latency_read_drain_per_layer[4]: 109.0

ideal_bandwidth_fill_per_layer[4] + ideal_bandwidth_update_per_layer[4]: 0.0027522935779816515 vs level.write_bandwidth: 16
previous_fanout_pe_to_pe_warmup: 0
STANDARD CASE latency_fill_update_per_layer[4]: 109.0


Layer_id: 5 in WeightMemory

ideal_bandwidth_read_per_layer[5] + ideal_bandwidth_drain_per_layer[5]: 11.889908256880734 vs level.read_bandwidth: 16
I am in Compute Bound
cc_per_all_tiles_per_layer[5]: 109.0
STANDARD CASE latency_read_drain_per_layer[5]: 109.0

ideal_bandwidth_fill_per_layer[5] + ideal_bandwidth_update_per_layer[5]: 0.0027522935779816515 vs level.write_bandwidth: 16
previous_fanout_pe_to_pe_warmup: 0
STANDARD CASE latency_fill_update_per_layer[5]: 109.0


Layer_id: 6 in WeightMemory

ideal_bandwidth_read_per_layer[6] + ideal_bandwidth_drain_per_layer[6]: 12.923076923076923 vs level.read_bandwidth: 16
I am in Compute Bound
cc_per_all_tiles_per_layer[6]: 52.0
STANDARD CASE latency_read_drain_per_layer[6]: 52.0

ideal_bandwidth_fill_per_layer[6] + ideal_bandwidth_update_per_layer[6]: 0.0029914529914529917 vs level.write_bandwidth: 16
previous_fanout_pe_to_pe_warmup: 0
STANDARD CASE latency_fill_update_per_layer[6]: 52.0


Layer_id: 7 in WeightMemory

ideal_bandwidth_read_per_layer[7] + ideal_bandwidth_drain_per_layer[7]: 16.0 vs level.read_bandwidth: 16
I am in Compute Bound
cc_per_all_tiles_per_layer[7]: 504
STANDARD CASE latency_read_drain_per_layer[7]: 504

ideal_bandwidth_fill_per_layer[7] + ideal_bandwidth_update_per_layer[7]: 0.003703703703703704 vs level.write_bandwidth: 16
previous_fanout_pe_to_pe_warmup: 0
STANDARD CASE latency_fill_update_per_layer[7]: 504

End of calculation of latency.

Calculating per tile final latency and stall for layer 0 in WeightMemory: latency_read_drain_per_layer[0] = 308.0, latency_fill_update_per_layer[0] = 308.0
Final per tile latency_per_layer[0]: 308
Final per tile stall_cycles_per_layer[0]: 0
Ideal case: no stall introduced by this level per this layer: cc_per_all_tiles_per_layer[0]: 308
Calculating per tile final latency and stall for layer 1 in WeightMemory: latency_read_drain_per_layer[1] = 57.0, latency_fill_update_per_layer[1] = 57.0
Final per tile latency_per_layer[1]: 57
Final per tile stall_cycles_per_layer[1]: 0
Ideal case: no stall introduced by this level per this layer: cc_per_all_tiles_per_layer[1]: 57
Calculating per tile final latency and stall for layer 2 in WeightMemory: latency_read_drain_per_layer[2] = 109.0, latency_fill_update_per_layer[2] = 109.0
Final per tile latency_per_layer[2]: 109
Final per tile stall_cycles_per_layer[2]: 0
Ideal case: no stall introduced by this level per this layer: cc_per_all_tiles_per_layer[2]: 109
Calculating per tile final latency and stall for layer 3 in WeightMemory: latency_read_drain_per_layer[3] = 109.0, latency_fill_update_per_layer[3] = 109.0
Final per tile latency_per_layer[3]: 109
Final per tile stall_cycles_per_layer[3]: 0
Ideal case: no stall introduced by this level per this layer: cc_per_all_tiles_per_layer[3]: 109
Calculating per tile final latency and stall for layer 4 in WeightMemory: latency_read_drain_per_layer[4] = 109.0, latency_fill_update_per_layer[4] = 109.0
Final per tile latency_per_layer[4]: 109
Final per tile stall_cycles_per_layer[4]: 0
Ideal case: no stall introduced by this level per this layer: cc_per_all_tiles_per_layer[4]: 109
Calculating per tile final latency and stall for layer 5 in WeightMemory: latency_read_drain_per_layer[5] = 109.0, latency_fill_update_per_layer[5] = 109.0
Final per tile latency_per_layer[5]: 109
Final per tile stall_cycles_per_layer[5]: 0
Ideal case: no stall introduced by this level per this layer: cc_per_all_tiles_per_layer[5]: 109
Calculating per tile final latency and stall for layer 6 in WeightMemory: latency_read_drain_per_layer[6] = 52.0, latency_fill_update_per_layer[6] = 52.0
Final per tile latency_per_layer[6]: 52
Final per tile stall_cycles_per_layer[6]: 0
Ideal case: no stall introduced by this level per this layer: cc_per_all_tiles_per_layer[6]: 52
Calculating per tile final latency and stall for layer 7 in WeightMemory: latency_read_drain_per_layer[7] = 504, latency_fill_update_per_layer[7] = 504
Final per tile latency_per_layer[7]: 504
Final per tile stall_cycles_per_layer[7]: 0
Ideal case: no stall introduced by this level per this layer: cc_per_all_tiles_per_layer[7]: 504


Calculating Latency for Level: FeatureMemory

Latency for layer: 0 of Level: FeatureMemory
level.active_instances_per_layer[0]: 1
level.temporal_iterations_per_layer[0]: 4320
Scaling per layer[0]: 4,320
Single Tile latency: cc_per_tile_per_layer[0]: 308.0
Ideal Case, Latency at this level without stalls: cc_per_all_tiles_per_layer[0]: 308.0
SCALED cc_per_all_tiles_per_layer[0]: 1,330,560
level.getReadPerLayer[0](): 60,134,400
  (For comparison - full reads including accumulation: 60,134,400)
ideal_bandwidth_read_per_layer[0]: 45.1948051948052
level.getDrainPerLayer[0](): 0
ideal_bandwidth_drain_per_layer[0]: 0.0
ideal_bandwidth_update_per_layer[0]: 21.818181818181817
  (For comparison - full updates including accumulation: 29,030,400)
level.getFillPerLayer[0](): 1,555,200
ideal_bandwidth_fill_per_layer[0]: 1.1688311688311688

Latency for layer: 1 of Level: FeatureMemory
level.active_instances_per_layer[1]: 1
level.temporal_iterations_per_layer[1]: 4320
Scaling per layer[1]: 4,320
Single Tile latency: cc_per_tile_per_layer[1]: 57.0
Ideal Case, Latency at this level without stalls: cc_per_all_tiles_per_layer[1]: 57.0
SCALED cc_per_all_tiles_per_layer[1]: 246,240
level.getReadPerLayer[1](): 12,026,880
  (For comparison - full reads including accumulation: 12,026,880)
ideal_bandwidth_read_per_layer[1]: 48.8421052631579
level.getDrainPerLayer[1](): 0
ideal_bandwidth_drain_per_layer[1]: 0.0
ideal_bandwidth_update_per_layer[1]: 25.263157894736842
  (For comparison - full updates including accumulation: 6,220,800)
level.getFillPerLayer[1](): 0
ideal_bandwidth_fill_per_layer[1]: 0.0

Latency for layer: 2 of Level: FeatureMemory
level.active_instances_per_layer[2]: 1
level.temporal_iterations_per_layer[2]: 4320
Scaling per layer[2]: 4,320
Single Tile latency: cc_per_tile_per_layer[2]: 109.0
Ideal Case, Latency at this level without stalls: cc_per_all_tiles_per_layer[2]: 109.0
SCALED cc_per_all_tiles_per_layer[2]: 470,880
level.getReadPerLayer[2](): 17,418,240
  (For comparison - full reads including accumulation: 17,418,240)
ideal_bandwidth_read_per_layer[2]: 36.99082568807339
level.getDrainPerLayer[2](): 0
ideal_bandwidth_drain_per_layer[2]: 0.0
ideal_bandwidth_update_per_layer[2]: 13.211009174311927
  (For comparison - full updates including accumulation: 6,220,800)
level.getFillPerLayer[2](): 0
ideal_bandwidth_fill_per_layer[2]: 0.0

Latency for layer: 3 of Level: FeatureMemory
level.active_instances_per_layer[3]: 1
level.temporal_iterations_per_layer[3]: 4320
Scaling per layer[3]: 4,320
Single Tile latency: cc_per_tile_per_layer[3]: 109.0
Ideal Case, Latency at this level without stalls: cc_per_all_tiles_per_layer[3]: 109.0
SCALED cc_per_all_tiles_per_layer[3]: 470,880
level.getReadPerLayer[3](): 17,418,240
  (For comparison - full reads including accumulation: 17,418,240)
ideal_bandwidth_read_per_layer[3]: 36.99082568807339
level.getDrainPerLayer[3](): 0
ideal_bandwidth_drain_per_layer[3]: 0.0
ideal_bandwidth_update_per_layer[3]: 13.211009174311927
  (For comparison - full updates including accumulation: 6,220,800)
level.getFillPerLayer[3](): 0
ideal_bandwidth_fill_per_layer[3]: 0.0

Latency for layer: 4 of Level: FeatureMemory
level.active_instances_per_layer[4]: 1
level.temporal_iterations_per_layer[4]: 4320
Scaling per layer[4]: 4,320
Single Tile latency: cc_per_tile_per_layer[4]: 109.0
Ideal Case, Latency at this level without stalls: cc_per_all_tiles_per_layer[4]: 109.0
SCALED cc_per_all_tiles_per_layer[4]: 470,880
level.getReadPerLayer[4](): 17,418,240
  (For comparison - full reads including accumulation: 17,418,240)
ideal_bandwidth_read_per_layer[4]: 36.99082568807339
level.getDrainPerLayer[4](): 0
ideal_bandwidth_drain_per_layer[4]: 0.0
ideal_bandwidth_update_per_layer[4]: 13.211009174311927
  (For comparison - full updates including accumulation: 6,220,800)
level.getFillPerLayer[4](): 0
ideal_bandwidth_fill_per_layer[4]: 0.0

Latency for layer: 5 of Level: FeatureMemory
level.active_instances_per_layer[5]: 1
level.temporal_iterations_per_layer[5]: 4320
Scaling per layer[5]: 4,320
Single Tile latency: cc_per_tile_per_layer[5]: 109.0
Ideal Case, Latency at this level without stalls: cc_per_all_tiles_per_layer[5]: 109.0
SCALED cc_per_all_tiles_per_layer[5]: 470,880
level.getReadPerLayer[5](): 17,418,240
  (For comparison - full reads including accumulation: 17,418,240)
ideal_bandwidth_read_per_layer[5]: 36.99082568807339
level.getDrainPerLayer[5](): 0
ideal_bandwidth_drain_per_layer[5]: 0.0
ideal_bandwidth_update_per_layer[5]: 13.211009174311927
  (For comparison - full updates including accumulation: 6,220,800)
level.getFillPerLayer[5](): 0
ideal_bandwidth_fill_per_layer[5]: 0.0

Latency for layer: 6 of Level: FeatureMemory
level.active_instances_per_layer[6]: 1
level.temporal_iterations_per_layer[6]: 4320
Scaling per layer[6]: 4,320
Single Tile latency: cc_per_tile_per_layer[6]: 52.0
Ideal Case, Latency at this level without stalls: cc_per_all_tiles_per_layer[6]: 52.0
SCALED cc_per_all_tiles_per_layer[6]: 224,640
level.getReadPerLayer[6](): 34,007,040
  (For comparison - full reads including accumulation: 34,007,040)
ideal_bandwidth_read_per_layer[6]: 151.3846153846154
level.getDrainPerLayer[6](): 0
ideal_bandwidth_drain_per_layer[6]: 0.0
ideal_bandwidth_update_per_layer[6]: 129.23076923076923
  (For comparison - full updates including accumulation: 29,030,400)
level.getFillPerLayer[6](): 0
ideal_bandwidth_fill_per_layer[6]: 0.0

Latency for layer: 7 of Level: FeatureMemory
level.active_instances_per_layer[7]: 1
level.temporal_iterations_per_layer[7]: 4320
Scaling per layer[7]: 4,320
Single Tile latency: cc_per_tile_per_layer[7]: 504
Ideal Case, Latency at this level without stalls: cc_per_all_tiles_per_layer[7]: 504
SCALED cc_per_all_tiles_per_layer[7]: 2,177,280
level.getReadPerLayer[7](): 52,254,720
  (For comparison - full reads including accumulation: 52,254,720)
ideal_bandwidth_read_per_layer[7]: 24.0
level.getDrainPerLayer[7](): 8,294,400
ideal_bandwidth_drain_per_layer[7]: 3.8095238095238093
ideal_bandwidth_update_per_layer[7]: 3.8095238095238093
  (For comparison - full updates including accumulation: 8,294,400)
level.getFillPerLayer[7](): 0
ideal_bandwidth_fill_per_layer[7]: 0.0

Start of calculation of latency:
I am in FeatureMemory level, so I use different formula for latency calculation


Layer_id: 0 in FeatureMemory

scaling_per_layer[0]: 4320
I AM HERE total_data_rd: 60134400
latency_per_layer[0]: 160.76704545454544, latency_read_drain_per_layer[0]: 105.45454545454545, latency_fill_update_per_layer[0]: 55.3125
Total latency so far: 160.76704545454544


Layer_id: 1 in FeatureMemory

scaling_per_layer[1]: 4320
I AM HERE total_data_rd: 12026880
latency_per_layer[1]: 32.34090909090909, latency_read_drain_per_layer[1]: 21.09090909090909, latency_fill_update_per_layer[1]: 11.25
Total latency so far: 193.10795454545453


Layer_id: 2 in FeatureMemory

scaling_per_layer[2]: 4320
I AM HERE total_data_rd: 17418240
latency_per_layer[2]: 41.79545454545455, latency_read_drain_per_layer[2]: 30.545454545454547, latency_fill_update_per_layer[2]: 11.25
Total latency so far: 234.90340909090907


Layer_id: 3 in FeatureMemory

scaling_per_layer[3]: 4320
I AM HERE total_data_rd: 17418240
latency_per_layer[3]: 41.79545454545455, latency_read_drain_per_layer[3]: 30.545454545454547, latency_fill_update_per_layer[3]: 11.25
Total latency so far: 276.6988636363636


Layer_id: 4 in FeatureMemory

scaling_per_layer[4]: 4320
I AM HERE total_data_rd: 17418240
latency_per_layer[4]: 41.79545454545455, latency_read_drain_per_layer[4]: 30.545454545454547, latency_fill_update_per_layer[4]: 11.25
Total latency so far: 318.4943181818182


Layer_id: 5 in FeatureMemory

scaling_per_layer[5]: 4320
I AM HERE total_data_rd: 17418240
latency_per_layer[5]: 41.79545454545455, latency_read_drain_per_layer[5]: 30.545454545454547, latency_fill_update_per_layer[5]: 11.25
Total latency so far: 360.28977272727275


Layer_id: 6 in FeatureMemory

scaling_per_layer[6]: 4320
I AM HERE total_data_rd: 34007040
latency_per_layer[6]: 112.13636363636364, latency_read_drain_per_layer[6]: 59.63636363636364, latency_fill_update_per_layer[6]: 52.5
Total latency so far: 472.4261363636364


Layer_id: 7 in FeatureMemory

scaling_per_layer[7]: 4320
I AM HERE total_data_rd: 60549120
latency_per_layer[7]: 121.18181818181819, latency_read_drain_per_layer[7]: 106.18181818181819, latency_fill_update_per_layer[7]: 15.0
Total latency so far: 593.6079545454545

End of calculation of latency.

Calculating per tile final latency and stall for layer 0 in FeatureMemory: latency_read_drain_per_layer[0] = 105.45454545454545, latency_fill_update_per_layer[0] = 55.3125
Final per tile latency_per_layer[0]: 308
Final per tile stall_cycles_per_layer[0]: 0
Ideal case: no stall introduced by this level per this layer: cc_per_all_tiles_per_layer[0]: 308
Calculating per tile final latency and stall for layer 1 in FeatureMemory: latency_read_drain_per_layer[1] = 21.09090909090909, latency_fill_update_per_layer[1] = 11.25
Final per tile latency_per_layer[1]: 57
Final per tile stall_cycles_per_layer[1]: 0
Ideal case: no stall introduced by this level per this layer: cc_per_all_tiles_per_layer[1]: 57
Calculating per tile final latency and stall for layer 2 in FeatureMemory: latency_read_drain_per_layer[2] = 30.545454545454547, latency_fill_update_per_layer[2] = 11.25
Final per tile latency_per_layer[2]: 109
Final per tile stall_cycles_per_layer[2]: 0
Ideal case: no stall introduced by this level per this layer: cc_per_all_tiles_per_layer[2]: 109
Calculating per tile final latency and stall for layer 3 in FeatureMemory: latency_read_drain_per_layer[3] = 30.545454545454547, latency_fill_update_per_layer[3] = 11.25
Final per tile latency_per_layer[3]: 109
Final per tile stall_cycles_per_layer[3]: 0
Ideal case: no stall introduced by this level per this layer: cc_per_all_tiles_per_layer[3]: 109
Calculating per tile final latency and stall for layer 4 in FeatureMemory: latency_read_drain_per_layer[4] = 30.545454545454547, latency_fill_update_per_layer[4] = 11.25
Final per tile latency_per_layer[4]: 109
Final per tile stall_cycles_per_layer[4]: 0
Ideal case: no stall introduced by this level per this layer: cc_per_all_tiles_per_layer[4]: 109
Calculating per tile final latency and stall for layer 5 in FeatureMemory: latency_read_drain_per_layer[5] = 30.545454545454547, latency_fill_update_per_layer[5] = 11.25
Final per tile latency_per_layer[5]: 109
Final per tile stall_cycles_per_layer[5]: 0
Ideal case: no stall introduced by this level per this layer: cc_per_all_tiles_per_layer[5]: 109
Calculating per tile final latency and stall for layer 6 in FeatureMemory: latency_read_drain_per_layer[6] = 59.63636363636364, latency_fill_update_per_layer[6] = 52.5
Final per tile latency_per_layer[6]: 112
Final per tile stall_cycles_per_layer[6]: 60
Ideal case: no stall introduced by this level per this layer: cc_per_all_tiles_per_layer[6]: 52
Calculating per tile final latency and stall for layer 7 in FeatureMemory: latency_read_drain_per_layer[7] = 106.18181818181819, latency_fill_update_per_layer[7] = 15.0
Final per tile latency_per_layer[7]: 504
Final per tile stall_cycles_per_layer[7]: 0
Ideal case: no stall introduced by this level per this layer: cc_per_all_tiles_per_layer[7]: 504


Calculating Latency for Level: DRAM

Latency for layer: 0 of Level: DRAM
level.active_instances_per_layer[0]: 1
level.temporal_iterations_per_layer[0]: 1
Scaling per layer[0]: 1
Single Tile latency: cc_per_tile_per_layer[0]: 308.0
Ideal Case, Latency at this level without stalls: cc_per_all_tiles_per_layer[0]: 1330560.0
SCALED cc_per_all_tiles_per_layer[0]: 1,330,560
level.getReadPerLayer[0](): 1,559,400
  (For comparison - full reads including accumulation: 1,559,400)
ideal_bandwidth_read_per_layer[0]: 1.1719877344877345
level.getDrainPerLayer[0](): 0
ideal_bandwidth_drain_per_layer[0]: 0.0
ideal_bandwidth_update_per_layer[0]: 0.0
  (For comparison - full updates including accumulation: 0)
level.getFillPerLayer[0](): 0
ideal_bandwidth_fill_per_layer[0]: 0.0

Latency for layer: 1 of Level: DRAM
level.active_instances_per_layer[1]: 1
level.temporal_iterations_per_layer[1]: 1
Scaling per layer[1]: 1
Single Tile latency: cc_per_tile_per_layer[1]: 57.0
Ideal Case, Latency at this level without stalls: cc_per_all_tiles_per_layer[1]: 246240.0
SCALED cc_per_all_tiles_per_layer[1]: 246,240
level.getReadPerLayer[1](): 672
  (For comparison - full reads including accumulation: 672)
ideal_bandwidth_read_per_layer[1]: 0.0027290448343079924
level.getDrainPerLayer[1](): 0
ideal_bandwidth_drain_per_layer[1]: 0.0
ideal_bandwidth_update_per_layer[1]: 0.0
  (For comparison - full updates including accumulation: 0)
level.getFillPerLayer[1](): 0
ideal_bandwidth_fill_per_layer[1]: 0.0

Latency for layer: 2 of Level: DRAM
level.active_instances_per_layer[2]: 1
level.temporal_iterations_per_layer[2]: 1
Scaling per layer[2]: 1
Single Tile latency: cc_per_tile_per_layer[2]: 109.0
Ideal Case, Latency at this level without stalls: cc_per_all_tiles_per_layer[2]: 470880.0
SCALED cc_per_all_tiles_per_layer[2]: 470,880
level.getReadPerLayer[2](): 1,296
  (For comparison - full reads including accumulation: 1,296)
ideal_bandwidth_read_per_layer[2]: 0.0027522935779816515
level.getDrainPerLayer[2](): 0
ideal_bandwidth_drain_per_layer[2]: 0.0
ideal_bandwidth_update_per_layer[2]: 0.0
  (For comparison - full updates including accumulation: 0)
level.getFillPerLayer[2](): 0
ideal_bandwidth_fill_per_layer[2]: 0.0

Latency for layer: 3 of Level: DRAM
level.active_instances_per_layer[3]: 1
level.temporal_iterations_per_layer[3]: 1
Scaling per layer[3]: 1
Single Tile latency: cc_per_tile_per_layer[3]: 109.0
Ideal Case, Latency at this level without stalls: cc_per_all_tiles_per_layer[3]: 470880.0
SCALED cc_per_all_tiles_per_layer[3]: 470,880
level.getReadPerLayer[3](): 1,296
  (For comparison - full reads including accumulation: 1,296)
ideal_bandwidth_read_per_layer[3]: 0.0027522935779816515
level.getDrainPerLayer[3](): 0
ideal_bandwidth_drain_per_layer[3]: 0.0
ideal_bandwidth_update_per_layer[3]: 0.0
  (For comparison - full updates including accumulation: 0)
level.getFillPerLayer[3](): 0
ideal_bandwidth_fill_per_layer[3]: 0.0

Latency for layer: 4 of Level: DRAM
level.active_instances_per_layer[4]: 1
level.temporal_iterations_per_layer[4]: 1
Scaling per layer[4]: 1
Single Tile latency: cc_per_tile_per_layer[4]: 109.0
Ideal Case, Latency at this level without stalls: cc_per_all_tiles_per_layer[4]: 470880.0
SCALED cc_per_all_tiles_per_layer[4]: 470,880
level.getReadPerLayer[4](): 1,296
  (For comparison - full reads including accumulation: 1,296)
ideal_bandwidth_read_per_layer[4]: 0.0027522935779816515
level.getDrainPerLayer[4](): 0
ideal_bandwidth_drain_per_layer[4]: 0.0
ideal_bandwidth_update_per_layer[4]: 0.0
  (For comparison - full updates including accumulation: 0)
level.getFillPerLayer[4](): 0
ideal_bandwidth_fill_per_layer[4]: 0.0

Latency for layer: 5 of Level: DRAM
level.active_instances_per_layer[5]: 1
level.temporal_iterations_per_layer[5]: 1
Scaling per layer[5]: 1
Single Tile latency: cc_per_tile_per_layer[5]: 109.0
Ideal Case, Latency at this level without stalls: cc_per_all_tiles_per_layer[5]: 470880.0
SCALED cc_per_all_tiles_per_layer[5]: 470,880
level.getReadPerLayer[5](): 1,296
  (For comparison - full reads including accumulation: 1,296)
ideal_bandwidth_read_per_layer[5]: 0.0027522935779816515
level.getDrainPerLayer[5](): 0
ideal_bandwidth_drain_per_layer[5]: 0.0
ideal_bandwidth_update_per_layer[5]: 0.0
  (For comparison - full updates including accumulation: 0)
level.getFillPerLayer[5](): 0
ideal_bandwidth_fill_per_layer[5]: 0.0

Latency for layer: 6 of Level: DRAM
level.active_instances_per_layer[6]: 1
level.temporal_iterations_per_layer[6]: 1
Scaling per layer[6]: 1
Single Tile latency: cc_per_tile_per_layer[6]: 112.13636363636364
Ideal Case, Latency at this level without stalls: cc_per_all_tiles_per_layer[6]: 484429.09090909094
SCALED cc_per_all_tiles_per_layer[6]: 484,429
level.getReadPerLayer[6](): 672
  (For comparison - full reads including accumulation: 672)
ideal_bandwidth_read_per_layer[6]: 0.001387199927937666
level.getDrainPerLayer[6](): 0
ideal_bandwidth_drain_per_layer[6]: 0.0
ideal_bandwidth_update_per_layer[6]: 0.0
  (For comparison - full updates including accumulation: 0)
level.getFillPerLayer[6](): 0
ideal_bandwidth_fill_per_layer[6]: 0.0

Latency for layer: 7 of Level: DRAM
level.active_instances_per_layer[7]: 1
level.temporal_iterations_per_layer[7]: 1
Scaling per layer[7]: 1
Single Tile latency: cc_per_tile_per_layer[7]: 504
Ideal Case, Latency at this level without stalls: cc_per_all_tiles_per_layer[7]: 2177280
SCALED cc_per_all_tiles_per_layer[7]: 2,177,280
level.getReadPerLayer[7](): 8,064
  (For comparison - full reads including accumulation: 8,064)
ideal_bandwidth_read_per_layer[7]: 0.003703703703703704
level.getDrainPerLayer[7](): 0
ideal_bandwidth_drain_per_layer[7]: 0.0
ideal_bandwidth_update_per_layer[7]: 3.8095238095238093
  (For comparison - full updates including accumulation: 8,294,400)
level.getFillPerLayer[7](): 0
ideal_bandwidth_fill_per_layer[7]: 0.0

Start of calculation of latency:


Layer_id: 0 in DRAM

ideal_bandwidth_read_per_layer[0] + ideal_bandwidth_drain_per_layer[0]: 1.1719877344877345 vs level.read_bandwidth: 12
I am in Compute Bound
cc_per_all_tiles_per_layer[0]: 1330560.0
STANDARD CASE latency_read_drain_per_layer[0]: 1330560.0

ideal_bandwidth_fill_per_layer[0] + ideal_bandwidth_update_per_layer[0]: 0.0 vs level.write_bandwidth: 12
previous_fanout_pe_to_pe_warmup: 0
STANDARD CASE latency_fill_update_per_layer[0]: 1330560.0


Layer_id: 1 in DRAM

ideal_bandwidth_read_per_layer[1] + ideal_bandwidth_drain_per_layer[1]: 0.0027290448343079924 vs level.read_bandwidth: 12
I am in Compute Bound
cc_per_all_tiles_per_layer[1]: 246240.0
STANDARD CASE latency_read_drain_per_layer[1]: 246240.0

ideal_bandwidth_fill_per_layer[1] + ideal_bandwidth_update_per_layer[1]: 0.0 vs level.write_bandwidth: 12
previous_fanout_pe_to_pe_warmup: 0
STANDARD CASE latency_fill_update_per_layer[1]: 246240.0


Layer_id: 2 in DRAM

ideal_bandwidth_read_per_layer[2] + ideal_bandwidth_drain_per_layer[2]: 0.0027522935779816515 vs level.read_bandwidth: 12
I am in Compute Bound
cc_per_all_tiles_per_layer[2]: 470880.0
STANDARD CASE latency_read_drain_per_layer[2]: 470880.0

ideal_bandwidth_fill_per_layer[2] + ideal_bandwidth_update_per_layer[2]: 0.0 vs level.write_bandwidth: 12
previous_fanout_pe_to_pe_warmup: 0
STANDARD CASE latency_fill_update_per_layer[2]: 470880.0


Layer_id: 3 in DRAM

ideal_bandwidth_read_per_layer[3] + ideal_bandwidth_drain_per_layer[3]: 0.0027522935779816515 vs level.read_bandwidth: 12
I am in Compute Bound
cc_per_all_tiles_per_layer[3]: 470880.0
STANDARD CASE latency_read_drain_per_layer[3]: 470880.0

ideal_bandwidth_fill_per_layer[3] + ideal_bandwidth_update_per_layer[3]: 0.0 vs level.write_bandwidth: 12
previous_fanout_pe_to_pe_warmup: 0
STANDARD CASE latency_fill_update_per_layer[3]: 470880.0


Layer_id: 4 in DRAM

ideal_bandwidth_read_per_layer[4] + ideal_bandwidth_drain_per_layer[4]: 0.0027522935779816515 vs level.read_bandwidth: 12
I am in Compute Bound
cc_per_all_tiles_per_layer[4]: 470880.0
STANDARD CASE latency_read_drain_per_layer[4]: 470880.0

ideal_bandwidth_fill_per_layer[4] + ideal_bandwidth_update_per_layer[4]: 0.0 vs level.write_bandwidth: 12
previous_fanout_pe_to_pe_warmup: 0
STANDARD CASE latency_fill_update_per_layer[4]: 470880.0


Layer_id: 5 in DRAM

ideal_bandwidth_read_per_layer[5] + ideal_bandwidth_drain_per_layer[5]: 0.0027522935779816515 vs level.read_bandwidth: 12
I am in Compute Bound
cc_per_all_tiles_per_layer[5]: 470880.0
STANDARD CASE latency_read_drain_per_layer[5]: 470880.0

ideal_bandwidth_fill_per_layer[5] + ideal_bandwidth_update_per_layer[5]: 0.0 vs level.write_bandwidth: 12
previous_fanout_pe_to_pe_warmup: 0
STANDARD CASE latency_fill_update_per_layer[5]: 470880.0


Layer_id: 6 in DRAM

ideal_bandwidth_read_per_layer[6] + ideal_bandwidth_drain_per_layer[6]: 0.001387199927937666 vs level.read_bandwidth: 12
I am in Compute Bound
cc_per_all_tiles_per_layer[6]: 484429.09090909094
STANDARD CASE latency_read_drain_per_layer[6]: 484429.09090909094

ideal_bandwidth_fill_per_layer[6] + ideal_bandwidth_update_per_layer[6]: 0.0 vs level.write_bandwidth: 12
previous_fanout_pe_to_pe_warmup: 0
STANDARD CASE latency_fill_update_per_layer[6]: 484429.09090909094


Layer_id: 7 in DRAM

ideal_bandwidth_read_per_layer[7] + ideal_bandwidth_drain_per_layer[7]: 0.003703703703703704 vs level.read_bandwidth: 12
I am in Compute Bound
cc_per_all_tiles_per_layer[7]: 2177280
STANDARD CASE latency_read_drain_per_layer[7]: 2177280

ideal_bandwidth_fill_per_layer[7] + ideal_bandwidth_update_per_layer[7]: 3.8095238095238093 vs level.write_bandwidth: 12
previous_fanout_pe_to_pe_warmup: 0
STANDARD CASE latency_fill_update_per_layer[7]: 2177280

End of calculation of latency.

Calculating per tile final latency and stall for layer 0 in DRAM: latency_read_drain_per_layer[0] = 1330560.0, latency_fill_update_per_layer[0] = 1330560.0
Final per tile latency_per_layer[0]: 1,330,560
Final per tile stall_cycles_per_layer[0]: 0
Ideal case: no stall introduced by this level per this layer: cc_per_all_tiles_per_layer[0]: 1,330,560
Calculating per tile final latency and stall for layer 1 in DRAM: latency_read_drain_per_layer[1] = 246240.0, latency_fill_update_per_layer[1] = 246240.0
Final per tile latency_per_layer[1]: 246,240
Final per tile stall_cycles_per_layer[1]: 0
Ideal case: no stall introduced by this level per this layer: cc_per_all_tiles_per_layer[1]: 246,240
Calculating per tile final latency and stall for layer 2 in DRAM: latency_read_drain_per_layer[2] = 470880.0, latency_fill_update_per_layer[2] = 470880.0
Final per tile latency_per_layer[2]: 470,880
Final per tile stall_cycles_per_layer[2]: 0
Ideal case: no stall introduced by this level per this layer: cc_per_all_tiles_per_layer[2]: 470,880
Calculating per tile final latency and stall for layer 3 in DRAM: latency_read_drain_per_layer[3] = 470880.0, latency_fill_update_per_layer[3] = 470880.0
Final per tile latency_per_layer[3]: 470,880
Final per tile stall_cycles_per_layer[3]: 0
Ideal case: no stall introduced by this level per this layer: cc_per_all_tiles_per_layer[3]: 470,880
Calculating per tile final latency and stall for layer 4 in DRAM: latency_read_drain_per_layer[4] = 470880.0, latency_fill_update_per_layer[4] = 470880.0
Final per tile latency_per_layer[4]: 470,880
Final per tile stall_cycles_per_layer[4]: 0
Ideal case: no stall introduced by this level per this layer: cc_per_all_tiles_per_layer[4]: 470,880
Calculating per tile final latency and stall for layer 5 in DRAM: latency_read_drain_per_layer[5] = 470880.0, latency_fill_update_per_layer[5] = 470880.0
Final per tile latency_per_layer[5]: 470,880
Final per tile stall_cycles_per_layer[5]: 0
Ideal case: no stall introduced by this level per this layer: cc_per_all_tiles_per_layer[5]: 470,880
Calculating per tile final latency and stall for layer 6 in DRAM: latency_read_drain_per_layer[6] = 484429.09090909094, latency_fill_update_per_layer[6] = 484429.09090909094
Final per tile latency_per_layer[6]: 484,429
Final per tile stall_cycles_per_layer[6]: 0
Ideal case: no stall introduced by this level per this layer: cc_per_all_tiles_per_layer[6]: 484,429
Calculating per tile final latency and stall for layer 7 in DRAM: latency_read_drain_per_layer[7] = 2177280, latency_fill_update_per_layer[7] = 2177280
Final per tile latency_per_layer[7]: 2,177,280
Final per tile stall_cycles_per_layer[7]: 0
Ideal case: no stall introduced by this level per this layer: cc_per_all_tiles_per_layer[7]: 2,177,280


Final WMOPs and Latency calculation for Level: DRAM
Level: DRAM, Layer: 0
max_latency_per_layer[0]: 0 before update
level.getSettedLatencyPerLayer[0](): 1,330,560
Level: DRAM, Layer: 1
max_latency_per_layer[1]: 0 before update
level.getSettedLatencyPerLayer[1](): 246,240
Level: DRAM, Layer: 2
max_latency_per_layer[2]: 0 before update
level.getSettedLatencyPerLayer[2](): 470,880
Level: DRAM, Layer: 3
max_latency_per_layer[3]: 0 before update
level.getSettedLatencyPerLayer[3](): 470,880
Level: DRAM, Layer: 4
max_latency_per_layer[4]: 0 before update
level.getSettedLatencyPerLayer[4](): 470,880
Level: DRAM, Layer: 5
max_latency_per_layer[5]: 0 before update
level.getSettedLatencyPerLayer[5](): 470,880
Level: DRAM, Layer: 6
max_latency_per_layer[6]: 0 before update
level.getSettedLatencyPerLayer[6](): 484,429
Level: DRAM, Layer: 7
max_latency_per_layer[7]: 0 before update
level.getSettedLatencyPerLayer[7](): 2,177,280
Level DRAM: Thesis_8Layers_1081344KB_FMEM_16x128_PEs, max_latency (sequential layers): 6,122,029


Final WMOPs and Latency calculation for Level: FeatureMemory
Level: FeatureMemory, Layer: 0
max_latency_per_layer[0]: 1,330,560 before update
level.getSettedLatencyPerLayer[0](): 105
Level: FeatureMemory, Layer: 1
max_latency_per_layer[1]: 246,240 before update
level.getSettedLatencyPerLayer[1](): 21
Level: FeatureMemory, Layer: 2
max_latency_per_layer[2]: 470,880 before update
level.getSettedLatencyPerLayer[2](): 31
Level: FeatureMemory, Layer: 3
max_latency_per_layer[3]: 470,880 before update
level.getSettedLatencyPerLayer[3](): 31
Level: FeatureMemory, Layer: 4
max_latency_per_layer[4]: 470,880 before update
level.getSettedLatencyPerLayer[4](): 31
Level: FeatureMemory, Layer: 5
max_latency_per_layer[5]: 470,880 before update
level.getSettedLatencyPerLayer[5](): 31
Level: FeatureMemory, Layer: 6
max_latency_per_layer[6]: 484,429 before update
level.getSettedLatencyPerLayer[6](): 60
Level: FeatureMemory, Layer: 7
max_latency_per_layer[7]: 2,177,280 before update
level.getSettedLatencyPerLayer[7](): 458,705
Level FeatureMemory: Thesis_8Layers_1081344KB_FMEM_16x128_PEs, max_latency (sequential layers): 6,122,029


Final WMOPs and Latency calculation for Level: WeightMemory
Level: WeightMemory, Layer: 0
max_latency_per_layer[0]: 1,330,560 before update
level.getSettedLatencyPerLayer[0](): 308
Level: WeightMemory, Layer: 1
max_latency_per_layer[1]: 246,240 before update
level.getSettedLatencyPerLayer[1](): 57
Level: WeightMemory, Layer: 2
max_latency_per_layer[2]: 470,880 before update
level.getSettedLatencyPerLayer[2](): 109
Level: WeightMemory, Layer: 3
max_latency_per_layer[3]: 470,880 before update
level.getSettedLatencyPerLayer[3](): 109
Level: WeightMemory, Layer: 4
max_latency_per_layer[4]: 470,880 before update
level.getSettedLatencyPerLayer[4](): 109
Level: WeightMemory, Layer: 5
max_latency_per_layer[5]: 470,880 before update
level.getSettedLatencyPerLayer[5](): 109
Level: WeightMemory, Layer: 6
max_latency_per_layer[6]: 484,429 before update
level.getSettedLatencyPerLayer[6](): 52
Level: WeightMemory, Layer: 7
max_latency_per_layer[7]: 2,177,280 before update
level.getSettedLatencyPerLayer[7](): 2,177,280
Level WeightMemory: Thesis_8Layers_1081344KB_FMEM_16x128_PEs, max_latency (sequential layers): 6,122,029


Final WMOPs and Latency calculation for Level: SACols_7


Final WMOPs and Latency calculation for Level: SARows_7


Final WMOPs and Latency calculation for Level: SACols_6


Final WMOPs and Latency calculation for Level: SARows_6


Final WMOPs and Latency calculation for Level: SACols_5


Final WMOPs and Latency calculation for Level: SARows_5


Final WMOPs and Latency calculation for Level: SACols_4


Final WMOPs and Latency calculation for Level: SARows_4


Final WMOPs and Latency calculation for Level: SACols_3


Final WMOPs and Latency calculation for Level: SARows_3


Final WMOPs and Latency calculation for Level: SACols_2


Final WMOPs and Latency calculation for Level: SARows_2


Final WMOPs and Latency calculation for Level: SACols_1


Final WMOPs and Latency calculation for Level: SARows_1


Final WMOPs and Latency calculation for Level: SACols_0


Final WMOPs and Latency calculation for Level: SARows_0


Final WMOPs and Latency calculation for Level: WeightRegister
Level: WeightRegister, Layer: 0
max_latency_per_layer[0]: 1,330,560 before update
level.getSettedLatencyPerLayer[0](): 1
Level: WeightRegister, Layer: 1
max_latency_per_layer[1]: 246,240 before update
level.getSettedLatencyPerLayer[1](): 1
Level: WeightRegister, Layer: 2
max_latency_per_layer[2]: 470,880 before update
level.getSettedLatencyPerLayer[2](): 1
Level: WeightRegister, Layer: 3
max_latency_per_layer[3]: 470,880 before update
level.getSettedLatencyPerLayer[3](): 1
Level: WeightRegister, Layer: 4
max_latency_per_layer[4]: 470,880 before update
level.getSettedLatencyPerLayer[4](): 1
Level: WeightRegister, Layer: 5
max_latency_per_layer[5]: 470,880 before update
level.getSettedLatencyPerLayer[5](): 1
Level: WeightRegister, Layer: 6
max_latency_per_layer[6]: 484,429 before update
level.getSettedLatencyPerLayer[6](): 1
Level: WeightRegister, Layer: 7
max_latency_per_layer[7]: 2,177,280 before update
level.getSettedLatencyPerLayer[7](): 2,177,280
Level WeightRegister: Thesis_8Layers_1081344KB_FMEM_16x128_PEs, max_latency (sequential layers): 6,122,029


Final WMOPs and Latency calculation for Level: AccumulationIntermediateOutputRegister
Level: AccumulationIntermediateOutputRegister, Layer: 0
max_latency_per_layer[0]: 1,330,560 before update
level.getSettedLatencyPerLayer[0](): 1
Level: AccumulationIntermediateOutputRegister, Layer: 1
max_latency_per_layer[1]: 246,240 before update
level.getSettedLatencyPerLayer[1](): 1
Level: AccumulationIntermediateOutputRegister, Layer: 2
max_latency_per_layer[2]: 470,880 before update
level.getSettedLatencyPerLayer[2](): 1
Level: AccumulationIntermediateOutputRegister, Layer: 3
max_latency_per_layer[3]: 470,880 before update
level.getSettedLatencyPerLayer[3](): 1
Level: AccumulationIntermediateOutputRegister, Layer: 4
max_latency_per_layer[4]: 470,880 before update
level.getSettedLatencyPerLayer[4](): 1
Level: AccumulationIntermediateOutputRegister, Layer: 5
max_latency_per_layer[5]: 470,880 before update
level.getSettedLatencyPerLayer[5](): 1
Level: AccumulationIntermediateOutputRegister, Layer: 6
max_latency_per_layer[6]: 484,429 before update
level.getSettedLatencyPerLayer[6](): 1
Level: AccumulationIntermediateOutputRegister, Layer: 7
max_latency_per_layer[7]: 2,177,280 before update
level.getSettedLatencyPerLayer[7](): 2,177,280
Level AccumulationIntermediateOutputRegister: Thesis_8Layers_1081344KB_FMEM_16x128_PEs, max_latency (sequential layers): 6,122,029


Final WMOPs and Latency calculation for Level: AccumulationOutputRegister
Level: AccumulationOutputRegister, Layer: 0
max_latency_per_layer[0]: 1,330,560 before update
level.getSettedLatencyPerLayer[0](): 1
Level: AccumulationOutputRegister, Layer: 1
max_latency_per_layer[1]: 246,240 before update
level.getSettedLatencyPerLayer[1](): 1
Level: AccumulationOutputRegister, Layer: 2
max_latency_per_layer[2]: 470,880 before update
level.getSettedLatencyPerLayer[2](): 1
Level: AccumulationOutputRegister, Layer: 3
max_latency_per_layer[3]: 470,880 before update
level.getSettedLatencyPerLayer[3](): 1
Level: AccumulationOutputRegister, Layer: 4
max_latency_per_layer[4]: 470,880 before update
level.getSettedLatencyPerLayer[4](): 1
Level: AccumulationOutputRegister, Layer: 5
max_latency_per_layer[5]: 470,880 before update
level.getSettedLatencyPerLayer[5](): 1
Level: AccumulationOutputRegister, Layer: 6
max_latency_per_layer[6]: 484,429 before update
level.getSettedLatencyPerLayer[6](): 1
Level: AccumulationOutputRegister, Layer: 7
max_latency_per_layer[7]: 2,177,280 before update
level.getSettedLatencyPerLayer[7](): 2,177,280
Level AccumulationOutputRegister: Thesis_8Layers_1081344KB_FMEM_16x128_PEs, max_latency (sequential layers): 6,122,029


Final WMOPs and Latency calculation for Level: Compute
Compute level latency: 1
Compute latency for layer 0: 1,296,000
Compute latency for layer 1: 241,920
Compute latency for layer 2: 466,560
Compute latency for layer 3: 466,560
Compute latency for layer 4: 466,560
Compute latency for layer 5: 466,560
Compute latency for layer 6: 207,360
Compute latency for layer 7: 2,177,280
max_latency initially: 6122029.090909091
compute_latency from compute level: 5,788,800
max_latency after compute: 6,122,029, before fanout_level
DRAM in_reads set to: 1555200, w_reads set to: 18792, out_reads: 0, int_in_reads: 0, int_out_reads: 0
DRAM Reads: 1573992: in:1555200, w:18792, out:0, int_in:0, int_out:0
level SACols_7 utilization: 120/128=0.9375
utilization after level SACols_7: 0.9375
level SARows_7 utilization: 16/16=1.0
utilization after level SARows_7: 0.9375
level SACols_6 utilization: 120/128=0.9375
utilization after level SACols_6: 0.87890625
level SARows_6 utilization: 14/16=0.875
utilization after level SARows_6: 0.76904296875
level SACols_5 utilization: 120/128=0.9375
utilization after level SACols_5: 0.720977783203125
level SARows_5 utilization: 12/16=0.75
utilization after level SARows_5: 0.5407333374023438
level SACols_4 utilization: 120/128=0.9375
utilization after level SACols_4: 0.5069375038146973
level SARows_4 utilization: 12/16=0.75
utilization after level SARows_4: 0.38020312786102295
level SACols_3 utilization: 120/128=0.9375
utilization after level SACols_3: 0.356440432369709
level SARows_3 utilization: 12/16=0.75
utilization after level SARows_3: 0.26733032427728176
level SACols_2 utilization: 120/128=0.9375
utilization after level SACols_2: 0.25062217900995165
level SARows_2 utilization: 12/16=0.75
utilization after level SARows_2: 0.18796663425746374
level SACols_1 utilization: 120/128=0.9375
utilization after level SACols_1: 0.17621871961637225
level SARows_1 utilization: 12/16=0.75
utilization after level SARows_1: 0.1321640397122792
level SACols_0 utilization: 120/128=0.9375
utilization after level SACols_0: 0.12390378723026174
level SARows_0 utilization: 14/16=0.875
utilization after level SARows_0: 0.10841581382647902
level Compute utilization: 1/1=1.0
utilization after level Compute: 0.10841581382647902
Arch: Thesis_8Layers_1081344KB_FMEM_16x128_PEs: spatial utilization is 0.10841581382647902

Finished in: 0.649s

Best mapping found with:
	Wart: 3.527e+53
	EDP: 1.389e+05 (J*cycle)
	Energy: 1.498e+04 (uJ)
	Latency: 6.122e+06 (cc)

Mapping:
DRAM ----------> Q: 8, P: 540, X6: 8, Y6: 540, X5: 8, Y5: 540, X4: 8, Y4: 540, X3: 8, Y3: 540, X2: 8, Y2: 540, X1: 8, Y1: 540, X0: 8, Y0: 540
FeatureMemory -
WeightMemory --> C7: 56, R7: 3, S7: 3, Z6: 4, C6: 12, C5: 12, R5: 3, S5: 3, C4: 12, R4: 3, S4: 3, C3: 12, R3: 3, S3: 3, C2: 12, R2: 3, S2: 3, C1: 56, Z0: 4, C0: 3, R0: 5, S0: 5
SACols_7 ------> Q: 120
SARows_7 ------> Z7: 16
SACols_6 ------> X6: 120
SARows_6 ------> Z6: 14
SACols_5 ------> X5: 120
SARows_5 ------> Z5: 12
SACols_4 ------> X4: 120
SARows_4 ------> Z4: 12
SACols_3 ------> X3: 120
SARows_3 ------> Z3: 12
SACols_2 ------> X2: 120
SARows_2 ------> Z2: 12
SACols_1 ------> X1: 120
SARows_1 ------> Z1: 12
SACols_0 ------> X0: 120
SARows_0 ------> Z0: 14
WeightRegister 
AccumulationIntermediateOutputRegister 
AccumulationOutputRegister 
Compute -------

Final MOPs per memory level:
PRINT MOP FUSION!!!
DRAM:		Output Reads = 0 (reads) + 0 (drains), Output Writes = 8,294,400 (updates) + 0 (fills)
DRAM:		Input Reads = 1,555,200 (reads), Input Writes = 0 (writes)
DRAM:		Per-Layer W_R: [L0: 4,200, L1: 672, L2: 1,296, L3: 1,296, L4: 1,296, L5: 1,296, L6: 672, L7: 8,064], Total: 18,792
DRAM:		Per-Layer Int_In_R: [L0: 0, L1: 0, L2: 0, L3: 0, L4: 0, L5: 0, L6: 0], Total: 0
DRAM:		Per-Layer Int_Out_R: [L0: 0, L1: 0, L2: 0, L3: 0, L4: 0, L5: 0, L6: 0], Total: 0
DRAM:		Per-Layer Int_Out_W: [L0: 0, L1: 0, L2: 0, L3: 0, L4: 0, L5: 0, L6: 0], Total: 0
DRAM:		Total Reads = 1,573,992, Total Writes = 8,294,400
DEBUG: Calculating WMOPs for level DRAM with reads=1573992, writes=8294400
DEBUG: WMOPs for level DRAM = 315,788,544.000, 3.158e+08 pJ
FeatureMemory:	Output Reads = 0 (reads) + 8,294,400 (drains), Output Writes = 8,294,400 (updates) + 0 (fills)
FeatureMemory:	Input Reads = 155,520,000 (reads), Input Writes = 1,555,200 (writes)
FeatureMemory:	Per-Layer W_R: [L0: 0, L1: 0, L2: 0, L3: 0, L4: 0, L5: 0, L6: 0, L7: 0], Total: 0
FeatureMemory:	Per-Layer Int_In_R: [L0: 29,030,400, L1: 55,987,200, L2: 55,987,200, L3: 55,987,200, L4: 55,987,200, L5: 24,883,200, L6: 261,273,600], Total: 539,136,000
FeatureMemory:	Per-Layer Int_Out_R: [L0: 29,030,400, L1: 6,220,800, L2: 6,220,800, L3: 6,220,800, L4: 6,220,800, L5: 6,220,800, L6: 29,030,400], Total: 89,164,800
FeatureMemory:	Per-Layer Int_Out_W: [L0: 29,030,400, L1: 6,220,800, L2: 6,220,800, L3: 6,220,800, L4: 6,220,800, L5: 6,220,800, L6: 29,030,400], Total: 89,164,800
FeatureMemory:	Total Reads = 792,115,200, Total Writes = 99,014,400
DEBUG: Calculating WMOPs for level FeatureMemory with reads=792115200, writes=99014400
DEBUG: WMOPs for level FeatureMemory = 1,033,191,753.382, 1.033e+09 pJ
WeightMemory:	Per-Layer W_R: [L0: 18,144,000, L1: 2,903,040, L2: 5,598,720, L3: 5,598,720, L4: 5,598,720, L5: 5,598,720, L6: 2,903,040, L7: 34,836,480], Total: 81,181,440
WeightMemory:	Per-Layer Int_In_R: [L0: 0, L1: 0, L2: 0, L3: 0, L4: 0, L5: 0, L6: 0], Total: 0
WeightMemory:	Per-Layer Int_Out_R: [L0: 0, L1: 0, L2: 0, L3: 0, L4: 0, L5: 0, L6: 0], Total: 0
WeightMemory:	Per-Layer Int_Out_W: [L0: 0, L1: 0, L2: 0, L3: 0, L4: 0, L5: 0, L6: 0], Total: 0
WeightMemory:	Total Reads = 81,181,440, Total Writes = 0
DEBUG: Calculating WMOPs for level WeightMemory with reads=81181440, writes=0
DEBUG: WMOPs for level WeightMemory = 1,097,441,535.610, 1.097e+09 pJ
WeightRegister:	Per-Layer W_R: [L0: 2,177,280,000, L1: 348,364,800, L2: 671,846,400, L3: 671,846,400, L4: 671,846,400, L5: 671,846,400, L6: 348,364,800, L7: 4,180,377,600], Total: 9,741,772,800
WeightRegister:	Per-Layer Int_In_R: [L0: 0, L1: 0, L2: 0, L3: 0, L4: 0, L5: 0, L6: 0], Total: 0
WeightRegister:	Per-Layer Int_Out_R: [L0: 0, L1: 0, L2: 0, L3: 0, L4: 0, L5: 0, L6: 0], Total: 0
WeightRegister:	Per-Layer Int_Out_W: [L0: 0, L1: 0, L2: 0, L3: 0, L4: 0, L5: 0, L6: 0], Total: 0
WeightRegister:	Total Reads = 9,741,772,800, Total Writes = 0
DEBUG: Calculating WMOPs for level WeightRegister with reads=9741772800, writes=0
DEBUG: WMOPs for level WeightRegister = 8,807,415,402.970, 8.807e+09 pJ
AccumulationIntermediateOutputRegister:Per-Layer W_R: [L0: 0, L1: 0, L2: 0, L3: 0, L4: 0, L5: 0, L6: 0, L7: 0], Total: 0
AccumulationIntermediateOutputRegister:Per-Layer Int_In_R: [L0: 0, L1: 0, L2: 0, L3: 0, L4: 0, L5: 0, L6: 0], Total: 0
AccumulationIntermediateOutputRegister:Per-Layer Int_Out_R: [L0: 2,206,310,400, L1: 354,585,600, L2: 678,067,200, L3: 678,067,200, L4: 678,067,200, L5: 678,067,200, L6: 377,395,200], Total: 5,650,560,000
AccumulationIntermediateOutputRegister:Per-Layer Int_Out_W: [L0: 2,206,310,400, L1: 354,585,600, L2: 678,067,200, L3: 678,067,200, L4: 678,067,200, L5: 678,067,200, L6: 377,395,200], Total: 5,650,560,000
AccumulationIntermediateOutputRegister:Total Reads = 5,650,560,000, Total Writes = 5,650,560,000
DEBUG: Calculating WMOPs for level AccumulationIntermediateOutputRegister with reads=5650560000, writes=5650560000
DEBUG: WMOPs for level AccumulationIntermediateOutputRegister = 11,097,753,268.713, 1.110e+10 pJ
AccumulationOutputRegister:Output Reads = 4,172,083,200 (reads) + 8,294,400 (drains), Output Writes = 4,180,377,600 (updates) + 0 (fills)
AccumulationOutputRegister:Per-Layer W_R: [L0: 0, L1: 0, L2: 0, L3: 0, L4: 0, L5: 0, L6: 0, L7: 0], Total: 0
AccumulationOutputRegister:Per-Layer Int_In_R: [L0: 0, L1: 0, L2: 0, L3: 0, L4: 0, L5: 0, L6: 0], Total: 0
AccumulationOutputRegister:Per-Layer Int_Out_R: [L0: 0, L1: 0, L2: 0, L3: 0, L4: 0, L5: 0, L6: 0], Total: 0
AccumulationOutputRegister:Per-Layer Int_Out_W: [L0: 0, L1: 0, L2: 0, L3: 0, L4: 0, L5: 0, L6: 0], Total: 0
AccumulationOutputRegister:Total Reads = 4,180,377,600, Total Writes = 4,180,377,600
DEBUG: Calculating WMOPs for level AccumulationOutputRegister with reads=4180377600, writes=4180377600
DEBUG: WMOPs for level AccumulationOutputRegister = 12,792,183,043.883, 1.279e+10 pJ
Totals:		20,447,581,032 R, 9,938,246,400 W, 30,385,827,432 Tot
Energy:		14,982.709 uJ

Final Latency per level:
DRAM:		6,122,029 cc Read Drain , 6,122,029 cc Fill Update (Total across 8 layers), 12.0 Read Bandwidth , 12.0 Write Bandwidth,
		1.172 Max Ideal Read , 0.000 Max Ideal Drain , 3.810 Max Ideal Update , 0.000 Max Ideal Fill , 
		0 Total Stall Cycles
FeatureMemory:	459,014 cc Read Drain , 64,964 cc Fill Update (Total across 8 layers), 132.0 Read Bandwidth , 128.0 Write Bandwidth,
		151.385 Max Ideal Read , 3.810 Max Ideal Drain , 129.231 Max Ideal Update , 1.169 Max Ideal Fill , 
		60 Total Stall Cycles
WeightMemory:	2,178,133 cc Read Drain , 2,178,133 cc Fill Update (Total across 8 layers), 16.0 Read Bandwidth , 16.0 Write Bandwidth,
		16.000 Max Ideal Read , 0.000 Max Ideal Drain , 0.000 Max Ideal Update , 0.004 Max Ideal Fill , 
		0 Total Stall Cycles
WeightRegister:	2,177,287 cc Read Drain , 2,177,287 cc Fill Update (Total across 8 layers), 1.0 Read Bandwidth , 1.0 Write Bandwidth,
		1.000 Max Ideal Read , 0.000 Max Ideal Drain , 0.000 Max Ideal Update , 1.000 Max Ideal Fill , 
		0 Total Stall Cycles
AccumulationIntermediateOutputRegister:2,177,287 cc Read Drain , 2,177,287 cc Fill Update (Total across 8 layers), 1.0 Read Bandwidth , 1.0 Write Bandwidth,
		1.013 Max Ideal Read , 0.083 Max Ideal Drain , 1.000 Max Ideal Update , 0.083 Max Ideal Fill , 
		0 Total Stall Cycles
AccumulationOutputRegister:2,177,287 cc Read Drain , 2,177,287 cc Fill Update (Total across 8 layers), 1.0 Read Bandwidth , 1.0 Write Bandwidth,
		0.998 Max Ideal Read , 0.002 Max Ideal Drain , 1.000 Max Ideal Update , 0.000 Max Ideal Fill , 
		0 Total Stall Cycles
Max Latency:	2,177,280 cc of level AccumulationOutputRegister

============================================================
RESULT
============================================================
Energy: 1.4983e+04 μJ
Latency: 6.1220e+06 cycles
EDP: 1.3893e+05
Utilization: 10.84%
Mapping time: 0.65 s

Final Mapping:
DRAM[C0=1 R0=1 S0=1 Z0=1 C1=1 R1=1 S1=1 Z1=1 C2=1 R2=1 S2=1 Z2=1 C3=1 R3=1 S3=1 Z3=1 C4=1 R4=1 S4=1 Z4=1 C5=1 R5=1 S5=1 Z5=1 C6=1 R6=1 S6=1 Z6=1 C7=1 R7=1 S7=1 Z7=1 Q=8 P=540 X6=8 Y6=540 X5=8 Y5=540 X4=8 Y4=540 X3=8 Y3=540 X2=8 Y2=540 X1=8 Y1=540 X0=8 Y0=540] FeatureMemory[C0=1 Y0=1 X0=1 R0=1 S0=1 Z0=1 C1=1 R1=1 S1=1 Y1=1 X1=1 Z1=1 C2=1 R2=1 S2=1 Y2=1 X2=1 Z2=1 C3=1 R3=1 S3=1 Y3=1 X3=1 Z3=1 C4=1 R4=1 S4=1 Y4=1 X4=1 Z4=1 C5=1 R5=1 S5=1 Y5=1 X5=1 Z5=1 C6=1 R6=1 S6=1 Y6=1 X6=1 Z6=1 C7=1 R7=1 S7=1 P=1 Q=1 Z7=1] WeightMemory[Y0=1 X0=1 Y1=1 X1=1 Y2=1 X2=1 Y3=1 X3=1 Y4=1 X4=1 Y5=1 X5=1 Y6=1 X6=1 P=1 Q=1 Z7=1 C7=56 R7=3 S7=3 Z6=4 C6=12 R6=1 S6=1 Z5=1 C5=12 R5=3 S5=3 Z4=1 C4=12 R4=3 S4=3 Z3=1 C3=12 R3=3 S3=3 Z2=1 C2=12 R2=3 S2=3 Z1=1 C1=56 R1=1 S1=1 Z0=4 C0=3 R0=5 S0=5] SACols_7[Q=120] SARows_7[Z7=16] SACols_6[X6=120] SARows_6[Z6=14] SACols_5[X5=120] SARows_5[Z5=12] SACols_4[X4=120] SARows_4[Z4=12] SACols_3[X3=120] SARows_3[Z3=12] SACols_2[X2=120] SARows_2[Z2=12] SACols_1[X1=120] SARows_1[Z1=12] SACols_0[X0=120] SARows_0[Z0=14] WeightRegister[C7=1 R7=1 S7=1 C6=1 R6=1 S6=1 C5=1 R5=1 S5=1 C4=1 R4=1 S4=1 C3=1 R3=1 S3=1 C2=1 R2=1 S2=1 C1=1 R1=1 S1=1 C0=1 R0=1 S0=1 Y0=1 X0=1 Z0=1 Y1=1 X1=1 Z1=1 Y2=1 X2=1 Z2=1 Y3=1 X3=1 Z3=1 Y4=1 X4=1 Z4=1 Y5=1 X5=1 Z5=1 Y6=1 X6=1 Z6=1 P=1 Q=1 Z7=1] AccumulationIntermediateOutputRegister[Z6=1 Y6=1 X6=1 Z5=1 Y5=1 X5=1 Z4=1 Y4=1 X4=1 Z3=1 Y3=1 X3=1 Z2=1 Y2=1 X2=1 Z1=1 Y1=1 X1=1 Z0=1 Y0=1 X0=1 C0=1 R0=1 S0=1 C1=1 R1=1 S1=1 C2=1 R2=1 S2=1 C3=1 R3=1 S3=1 C4=1 R4=1 S4=1 C5=1 R5=1 S5=1 C6=1 R6=1 S6=1 C7=1 R7=1 S7=1 P=1 Q=1 Z7=1] AccumulationOutputRegister[Q=1 P=1 Z7=1 C0=1 Y0=1 X0=1 R0=1 S0=1 Z0=1 C1=1 R1=1 S1=1 Y1=1 X1=1 Z1=1 C2=1 R2=1 S2=1 Y2=1 X2=1 Z2=1 C3=1 R3=1 S3=1 Y3=1 X3=1 Z3=1 C4=1 R4=1 S4=1 Y4=1 X4=1 Z4=1 C5=1 R5=1 S5=1 Y5=1 X5=1 Z5=1 C6=1 R6=1 S6=1 Y6=1 X6=1 Z6=1 C7=1 R7=1 S7=1] Compute] 
Results exported to: results/results_20260212_140048.csv

================================================================================
EXPERIMENT SUMMARY
================================================================================

Total experiments: 1
Successful: 1
Failed: 0

────────────────────────────────────────────────────────────────────────────────
Results by workload:
────────────────────────────────────────────────────────────────────────────────

FSRCNN:
  full/8layer, fmem_size: 1056kB, wmem_size: 524kB, pe_rows: 16, pe_cols: 128 -> E=1.50e+04μJ, L=6.12e+06cc, EDP=1.39e+05
