Creating architecture: Gemmini with coupling: dims: MKN, in_coupling: [K][N], w_coupling: W0: [M][K], out_coupling: [M][N]
Creating architecture: Gemmini (conv) with coupling: dims: NMPQCRS, in_coupling: [N][C][Pstride*P+Rdilation*R][Qstride*Q+Sdilation*S], w_coupling: W0: [M][C][R][S], out_coupling: [N][M][P][Q]
Creating architecture: Eyeriss with coupling: dims: MKN, in_coupling: [K][N], w_coupling: W0: [M][K], out_coupling: [M][N]
Creating architecture: Eyeriss (conv) with coupling: dims: NMPQCRS, in_coupling: [N][C][Pstride*P+Rdilation*R][Qstride*Q+Sdilation*S], w_coupling: W0: [M][C][R][S], out_coupling: [N][M][P][Q]
Creating architecture: Simba with coupling: dims: MKN, in_coupling: [K][N], w_coupling: W0: [M][K], out_coupling: [M][N]
Creating architecture: Simba (conv) with coupling: dims: NMPQCRS, in_coupling: [N][C][Pstride*P+Rdilation*R][Qstride*Q+Sdilation*S], w_coupling: W0: [M][C][R][S], out_coupling: [N][M][P][Q]
Creating architecture: TPUv1 with coupling: dims: MKN, in_coupling: [K][N], w_coupling: W0: [M][K], out_coupling: [M][N]
Creating architecture: TPUv1 (conv) with coupling: dims: NMPQCRS, in_coupling: [N][C][Pstride*P+Rdilation*R][Qstride*Q+Sdilation*S], w_coupling: W0: [M][C][R][S], out_coupling: [N][M][P][Q]
-------- architecture --------
Creating architecture: Fixed Multi-Layer Convolution Architecture with Mapping Constraints with coupling: dims: C0YXR0S0ZC1R1S1C2PQ, in_coupling: [C0][Y+R0][X+S0], w_coupling: W0: [Z][C0][R0][S0]W1: [C2][C1][R1][S1], out_coupling: [C2][P][Q]
Architecture: architectures/multi_layer_arch.py -> arch
-------- computation  --------
Computation: architectures/2layer_comp.py -> comp: {P: 6, Q: 6, Y: 8, X: 8, Z: 4, C0: 3, C1: 4, S0: 3, R0: 3, R1: 3, S1: 3, C2: 2}
Coupling: architectures/2layer_comp.py -> coupling: dims: C0YXR0S0ZC1R1S1C2PQ, in_coupling: [C0][Y+R0][X+S0], w_coupling: W0: [Z][C0][R0][S0]W1: [C2][C1][R1][S1], out_coupling: [C2][P][Q]
Bias present: False
------------------------------
----- running FactorFlow -----
------------------------------

Threads: 8
final_layer_dims: {'S0', 'R1', 'C0', 'X', 'S1', 'Q', 'Y', 'R0', 'P', 'C1', 'C2'}, coupling.dims: ['C0', 'Y', 'X', 'R0', 'S0', 'Z', 'C1', 'R1', 'S1', 'C2', 'P', 'Q']
INFO: Arch: Fixed Multi-Layer Convolution Architecture with Mapping Constraints: identified intermediate dimensions: {'Z'}
INFO: Added high constraint for intermediate dimension P in level InRegister
INFO: Added high constraint for intermediate dimension R1 in level InRegister
INFO: Added high constraint for intermediate dimension P in level WRegister
INFO: Added high constraint for intermediate dimension R1 in level WRegister
INFO: Added high constraint for intermediate dimension P in level OutRegister
INFO: Added high constraint for intermediate dimension R1 in level OutRegister
Starting engine with mapper: breadthfirst_local

INFO: forcefully updating setting ITERATE_AMOUNTS to True
INFO: forcefully updating setting STEPS_TO_EXPLORE to 4
INFO: forcefully updating setting CO_OPT_STEPS_TO_EXPLORE to 4
INFO: forcefully updating setting INITIAL_STEPS_TO_EXPLORE to 2
INFO: forcefully updating setting LOCAL_SEARCH_SPATIAL_LEVELS to True
INFO: forcefully updating setting CO_OPT_LIMIT_NEXT_STEP_DST_TO_CURRENT_SRC to True
INFO: forcefully updating setting NO_CONSTRAINTS_CHECK_DURING_MULTISTEP to True
INFO: --> the cause of this is the presence of Fanout levels (SACols) with multiple mapped dimensions (['Y', 'Q']). Runtime might increase slightly...
INFO: forcefully updating setting SPATIAL_STEPS_TO_EXPLORE to 4
INFO: forcefully updating setting SPATIAL_ITERATE_AMOUNTS to True
WARNING: running on a Python version without free-threading (GIL enabled), this program relies heavily on true multithreading, thus expect a severe performance hit with your current setup. Consider updating to Python 3.13t or newer.
INFO: running multithreaded with THREADS_COUNT = 8

DEBUG interleave: START - Called from breadthfirst_local.py:574 in optimizeDataflows()
                       array=['P', 'Q', 'C1'], elements=['C0', 'Y', 'X', 'R0', 'S0', 'Z', 'R1', 'S1', 'C2'] (len=9)
interleave: too many elements (9), returning 3 results
['C1', 'P', 'R1', 'Q', 'S1']
DEBUG interleave: START - Called from breadthfirst_local.py:574 in optimizeDataflows()
                       array=['P', 'X', 'R1', 'Y'], elements=['C0', 'R0', 'S0', 'Z', 'C1', 'S1', 'C2', 'Q'] (len=8)
interleave: too many elements (8), returning 3 results
['C1', 'P', 'R1', 'Q', 'S1']
DEBUG interleave: START - Called from breadthfirst_local.py:574 in optimizeDataflows()
                       array=['S1', 'Z'], elements=['C0', 'Y', 'X', 'R0', 'S0', 'C1', 'R1', 'C2', 'P', 'Q'] (len=10)
interleave: too many elements (10), returning 3 results
['C1', 'P', 'R1', 'Q', 'S1']
DEBUG interleave: START - Called from breadthfirst_local.py:574 in optimizeDataflows()
                       array=['C2'], elements=['C0', 'Y', 'X', 'R0', 'S0', 'Z', 'C1', 'R1', 'S1', 'P', 'Q'] (len=11)
interleave: too many elements (11), returning 3 results
['C1', 'P', 'R1', 'Q', 'S1']
DEBUG interleave: START - Called from breadthfirst_local.py:574 in optimizeDataflows()
                       array=['X', 'S0', 'R0', 'C0'], elements=['Y', 'Z', 'C1', 'R1', 'S1', 'C2', 'P', 'Q'] (len=8)
interleave: too many elements (8), returning 3 results
['C1', 'P', 'R1', 'Q', 'S1']
-------- factorFlow --------
é stato chiamato update stats! 




Questo mops è chiamato da update stats
Level: DRAM, arch bypasses for the level: [], in_bp: 1, w_bp: 1, out_bp: 1, int_bp: 1
arch.name: Fixed Multi-Layer Convolution Architecture with Mapping Constraints, level.name: DRAM
Level: DRAM: Starting MOPs calculation with in_bp: 1, w_bp: 1, out_bp: 1, int_bp: 1, ignore_bypasses: False, dataflow: ['P', 'Q', 'C1', 'C0', 'Y', 'X', 'R0', 'S0', 'Z', 'R1', 'S1', 'C2'], factors: {C0: {}, Y: {}, X: {}, R0: {}, S0: {}, Z: {}, C1: {2: 1}, R1: {}, S1: {}, C2: {}, P: {2: 1}, Q: {3: 1}}, tile_sizes: {C0: 3, Y: 8, X: 8, R0: 3, S0: 3, Z: 4, C1: 2, R1: 3, S1: 3, C2: 2, P: 3, Q: 2}, factors_constraints: {'Q': 3, 'P': 2, 'C1': 2}, bypasses: [], multiple_buffering: 1, multiple_reuses: True
actual_dataflow_per_layer[0]: []
actual_dataflow_per_layer[1]: ['P', 'Q', 'C1']
Level: DRAM: actual_dataflow_per_layer: {0: [], 1: ['P', 'Q', 'C1']}, actual_dataflow: ['P', 'Q', 'C1'], dataflow: ['P', 'Q', 'C1', 'C0', 'Y', 'X', 'R0', 'S0', 'Z', 'R1', 'S1', 'C2'], factors: {C0: {}, Y: {}, X: {}, R0: {}, S0: {}, Z: {}, C1: {2: 1}, R1: {}, S1: {}, C2: {}, P: {2: 1}, Q: {3: 1}}, num layers: 2
tile size for each dim in actual_dataflow: [('P', 3), ('Q', 2), ('C1', 2)]
tile size for each dim in actual_dataflow-per_layer[0]: []
tile size for each dim in actual_dataflow_per_layer[1]: [('P', 3), ('Q', 2), ('C1', 2)]


Stationarity calculation for Level: DRAM: in_bp = 1, w_bp = 1, int_bp = 1, out_bp = 1


Initialization Level: DRAM: in_reads = 1
Level: DRAM: flat_in_coupling = ['C0', 'Y', 'R0', 'X', 'S0'], i = -1, actual_dataflow_per_layer[0] = []
input read after innermost_dim_sum handling: 1
Level: DRAM, Layer 0: after no Spatial, Input in_reads = 300, i = -1, innermost_dim_sum = None
input remaining dim in actual_dataflow_per_layer[0][:0]: []
actual_dataflow_per_layer[0]: [], i = -1
Level: DRAM, Layer 0: final Input in_reads = 300


Initialization Level: DRAM: w_reads = 1, per_layer_w_reads = {0: 1, 1: 1}
actual_dataflow_per_layer[0] = [], flat_weight_coupling[0] = ['Z', 'C0', 'R0', 'S0']
tile size for each dim of actual_dataflow_per_layer[0]: []
Level: DRAM: innermost_dim_sum = None, i = -1, actual_dataflow = ['P', 'Q', 'C1']
weight layer 0 read after innermost_dim_sum handling: 1
innermost_dim_sum: None, dim_sum: dim_sum in self.arch.coupling.getWeightCoupling(0) if dim_sum is not innermost_dim_sum: [['Z'], ['C0'], ['R0'], ['S0']]
self.tile_size[dim] for dim in dim_sum: [[4], [3], [3], [3]]
weight layer 0 read after no next_spatials handling: 108
weight layer 0 read after next_spatials handling: 108
weight remaining dim in actual_dataflow_per_layer[0][:0]: []
actual_dataflow_per_layer[0]: [], i = -1
Level: DRAM, Layer 0: final Weight layer_read = 108
actual_dataflow_per_layer[1] = ['P', 'Q', 'C1'], flat_weight_coupling[1] = ['C2', 'C1', 'R1', 'S1']
tile size for each dim of actual_dataflow_per_layer[1]: [3, 2, 2]
Level: DRAM: innermost_dim_sum = None, i = 2, actual_dataflow = ['P', 'Q', 'C1']
weight layer 1 read after innermost_dim_sum handling: 1
innermost_dim_sum: None, dim_sum: dim_sum in self.arch.coupling.getWeightCoupling(1) if dim_sum is not innermost_dim_sum: [['C2'], ['C1'], ['R1'], ['S1']]
self.tile_size[dim] for dim in dim_sum: [[2], [2], [3], [3]]
weight layer 1 read after no next_spatials handling: 36
weight layer 1 read after next_spatials handling: 36
weight remaining dim in actual_dataflow_per_layer[1][:3]: ['P', 'Q', 'C1']
actual_dataflow_per_layer[1]: ['P', 'Q', 'C1'], i = 2
Level: DRAM, Layer 1: final Weight layer_read = 432

Initialization Level: DRAM, Layer 0: int_in_reads = 1, per_layer_int_in_reads = {0: 1}
actual_dataflow_per_layer[1] = ['P', 'Q', 'C1'], flat_intermediate_input_coupling[0] = ['C1', 'P', 'R1', 'Q', 'S1']
tile size for each dim of actual_dataflow_per_layer[1]: [3, 2, 2]
Level: DRAM: innermost_dim_sum = None, i = 2, actual_dataflow = ['P', 'Q', 'C1']
layer read after innermost_dim_sum handling: 1
innermost_dim_sum: None, dim_sum: dim_sum in self.arch.coupling.getIntermediateInputCoupling(0) if dim_sum is not innermost_dim_sum: [['C1'], ['P', 'R1'], ['Q', 'S1']]
self.tile_size[dim] for dim in dim_sum: [[2], [3, 3], [2, 3]]
intermediate in layer 0 read after no next_spatials handling: 40
intermediate in remaining dim in actual_dataflow_per_layer[1][:3]: ['P', 'Q', 'C1']
intermediate in layer 0 final read: 480

Initialization Level: DRAM, Layer 0: int_out_reads = 1, per_layer_int_out_reads = {0: 1}
actual_dataflow_per_layer[0] = [], flat_intermediate_output_coupling[0] = ['Z', 'Y', 'X']
tile size for each dim of actual_dataflow_per_layer[0]: []
Level: DRAM: innermost_dim_sum = None, i = -1, actual_dataflow = []
layer read after innermost_dim_sum handling: 1
innermost_dim_sum: None, dim_sum: dim_sum in self.arch.coupling.getIntermediateOutputCoupling(0) if dim_sum is not innermost_dim_sum: [['Z'], ['Y'], ['X']]
self.tile_size[dim] for dim in dim_sum: [[4], [8], [8]]
intermediate out layer 0 read after no next_spatials handling: 256
intermediate out remaining dim in actual_dataflow_per_layer[0][:0]: []
intermediate out layer 0 final read: 256
Initialization Level: DRAM, Layer 1: out_reads = 1, innermost_dim_sum = None, i = 2, actual_dataflow = ['P', 'Q', 'C1']
out layer read after innermost_dim_sum handling: 1
innermost_dim_sum: None, dim_sum: dim_sum in self.arch.coupling.out_coupling if dim_sum is not innermost_dim_sum: [['C2'], ['P'], ['Q']]
self.tile_size[dim] for dim in dim_sum: [[2], [3], [2]]
output layer 1 read after no next_spatials handling: 12
out remaining dim in actual_dataflow_per_layer[1][:2]: ['P', 'Q']
actual_dataflow_per_layer[0]: [], i = 1
output layer 1 final read: 72, out_reads_factors (orthogonal to output) = 1

BEFORE BYPASS: ignore_bypasses: False, In reads: 300, Per Layer W Reads: {0: 108, 1: 432}, w_reads: 540,
 Per Layer Intermediate Input reads: {0: 480}, int_in_reads: 480, Per Layer Intermediate Output reads: {0: 256}, int_out_reads: 256, Out reads: 72
ignore_bypasses: False, self.next_spatial.names: []
I AM HANDLING BYPASS NOW


Level: DRAM: Operand = in


Level: DRAM: Operand = w


Level: DRAM: Operand = out


Level: DRAM: Operand = int
AFTER BYPASS of all operands:  DRAM: in_reads: 300, per_layer_w_reads: {0: 108, 1: 432}, w_reads: 540, per_layer_int_in_reads: {0: 480}, int_in_reads: 480, per_layer_int_out_reads: {0: 256}, int_out_reads: 256, out_reads: 72, out_writes: 72, out_reads_factors: 1

After Spatials: Level: DRAM: MOPs in_reads = 300, per_layer_w_reads = {0: 108, 1: 432}, w_reads = 540, per_layer_int_in_reads = {0: 480}, int_in_reads = 480, per_layer_int_out_reads = {0: 256}, int_out_reads = 256, out_reads = 72, out_writes = 72, out_reads_factors = 1

End MOPs with Bypasses for Level: DRAM


DEBUG updateStats pre scaling: Level DRAM:
  in_reads: 300
  per_layer_w_reads: {0: 108, 1: 432}
  w_reads: 540
  per_layer_int_in_reads: {0: 480}
  per_layer_int_out_reads: {0: 256}
  out_reads: 72
  out_reads_factors: 1
temporal_iterations_per_layer before update: {0: 1, 1: 1}, spatial_iterations_per_layer before update: {0: 1, 1: 1}
scale per layer: {0: 1, 1: 1}
scaled in_reads: 300
scaled per_layer_w_reads before sum: {0: 108, 1: 432}
scaled per_layer_int_in_reads before sum: {0: 480}
scaled per_layer_int_out_reads before sum: {0: 256}
scaled out_reads: 72
DEBUG updateStats post scaling: Level DRAM:
  in_reads: 300
  per_layer_w_reads: {0: 108, 1: 432}
  w_reads: 540
  per_layer_int_in_reads: {0: 480}
  int_in_reads: 480
  per_layer_int_out_reads: {0: 256}
  int_out_reads: 256
  out_reads: 0
  out_reads_factors: 1
Updated considering level: DRAM, this dim: C0 is considered in temporal_iterations_per_layer[0]
Updated considering level: DRAM, this dim: Y is considered in temporal_iterations_per_layer[0]
Updated considering level: DRAM, this dim: X is considered in temporal_iterations_per_layer[0]
Updated considering level: DRAM, this dim: R0 is considered in temporal_iterations_per_layer[0]
Updated considering level: DRAM, this dim: S0 is considered in temporal_iterations_per_layer[0]
Updated considering level: DRAM, this dim: Z is considered in temporal_iterations_per_layer[0]
Updated considering level: DRAM, this dim: P is considered in temporal_iterations_per_layer[1]
Updated considering level: DRAM, this dim: Q is considered in temporal_iterations_per_layer[1]
Updated considering level: DRAM, this dim: C1 is considered in temporal_iterations_per_layer[1]
Updated considering level: DRAM, this dim: R1 is considered in temporal_iterations_per_layer[1]
Updated considering level: DRAM, this dim: S1 is considered in temporal_iterations_per_layer[1]
Updated considering level: DRAM, this dim: C2 is considered in temporal_iterations_per_layer[1]


Questo mops è chiamato da update stats
Level: GlobalBuffer, arch bypasses for the level: [], in_bp: 1, w_bp: 0, out_bp: 0, int_bp: 1
arch.name: Fixed Multi-Layer Convolution Architecture with Mapping Constraints, level.name: GlobalBuffer
Level: GlobalBuffer: Starting MOPs calculation with in_bp: 1, w_bp: 0, out_bp: 0, int_bp: 1, ignore_bypasses: False, dataflow: ['P', 'X', 'R1', 'Y', 'C0', 'R0', 'S0', 'Z', 'C1', 'S1', 'C2', 'Q'], factors: {C0: {}, Y: {2: 2}, X: {2: 1}, R0: {}, S0: {}, Z: {}, C1: {}, R1: {3: 1}, S1: {}, C2: {}, P: {3: 1}, Q: {}}, tile_sizes: {C0: 3, Y: 2, X: 4, R0: 3, S0: 3, Z: 4, C1: 2, R1: 1, S1: 3, C2: 2, P: 1, Q: 2}, factors_constraints: {'P': 3, 'X': 2, 'R1': 3, 'Y': 4}, bypasses: [], multiple_buffering: 1, multiple_reuses: True
actual_dataflow_per_layer[0]: ['X', 'Y']
actual_dataflow_per_layer[1]: ['P', 'R1']
Level: GlobalBuffer: actual_dataflow_per_layer: {0: ['X', 'Y'], 1: ['P', 'R1']}, actual_dataflow: ['P', 'X', 'R1', 'Y'], dataflow: ['P', 'X', 'R1', 'Y', 'C0', 'R0', 'S0', 'Z', 'C1', 'S1', 'C2', 'Q'], factors: {C0: {}, Y: {2: 2}, X: {2: 1}, R0: {}, S0: {}, Z: {}, C1: {}, R1: {3: 1}, S1: {}, C2: {}, P: {3: 1}, Q: {}}, num layers: 2
tile size for each dim in actual_dataflow: [('P', 1), ('X', 4), ('R1', 1), ('Y', 2)]
tile size for each dim in actual_dataflow-per_layer[0]: [('X', 4), ('Y', 2)]
tile size for each dim in actual_dataflow_per_layer[1]: [('P', 1), ('R1', 1)]


Stationarity calculation for Level: GlobalBuffer: in_bp = 1, w_bp = 0, int_bp = 1, out_bp = 0


Initialization Level: GlobalBuffer: in_reads = 1
Level: GlobalBuffer: flat_in_coupling = ['C0', 'Y', 'R0', 'X', 'S0'], i = 1, actual_dataflow_per_layer[0] = ['X', 'Y']
input read after innermost_dim_sum handling: 1
innermost_dim_sum: None, next_spatial_unroll: {'C0': 1, 'Y': 2, 'R0': 1, 'X': 1, 'S0': 1}
tile sizes[dim] for dim in dim_sum: [[3], [2, 3], [4, 3]]
Level: GlobalBuffer, Layer 0: after Spatial, Input in_reads = 108, i = 1, innermost_dim_sum = None
input remaining dim in actual_dataflow_per_layer[0][:2]: ['X', 'Y']
actual_dataflow_per_layer[0]: ['X', 'Y'], i = 1
Level: GlobalBuffer, Layer 0: final Input in_reads = 864


Initialization Level: GlobalBuffer, Layer 0: int_in_reads = 1, per_layer_int_in_reads = {0: 1}
actual_dataflow_per_layer[1] = ['P', 'R1'], flat_intermediate_input_coupling[0] = ['C1', 'P', 'R1', 'Q', 'S1']
tile size for each dim of actual_dataflow_per_layer[1]: [1, 1]
Level: GlobalBuffer: innermost_dim_sum = ['P', 'R1'], i = 1, actual_dataflow = ['P', 'X', 'R1', 'Y']
self.factors.dimProduct(actual_dataflow_per_layer[1][1]): 3, self.tile_sizes[actual_dataflow_per_layer[1][1]]: 1
[self.tile_sizes[dim] for dim in innermost_dim_sum if dim != actual_dataflow_per_layer[1][1]]: [1]
layer read after innermost_dim_sum handling: 3
innermost_dim_sum: ['P', 'R1'], next_spatial_unroll: {'C1': 2, 'P': 1, 'R1': 1, 'Q': 2, 'S1': 1}
 dims in dim_sum: [['C1'], ['Q', 'S1']]
tile sizes[dim] for dim in dim_sum: [[2], [2, 3]]
intermediate in layer 0 read after next_spatials handling: 36
intermediate in remaining dim in actual_dataflow_per_layer[1][:1]: ['P']
intermediate in layer 0 final read: 108

Initialization Level: GlobalBuffer, Layer 0: int_out_reads = 1, per_layer_int_out_reads = {0: 1}
actual_dataflow_per_layer[0] = ['X', 'Y'], flat_intermediate_output_coupling[0] = ['Z', 'Y', 'X']
tile size for each dim of actual_dataflow_per_layer[0]: [4, 2]
Level: GlobalBuffer: innermost_dim_sum = None, i = 1, actual_dataflow = ['X', 'Y']
layer read after innermost_dim_sum handling: 1
innermost_dim_sum: None, next_spatial_unroll: {'Z': 1, 'Y': 2, 'X': 1}
tile sizes[dim] for dim in dim_sum: [[4], [2], [4]]
intermediate out layer 0 read after next_spatials handling: 32
intermediate out remaining dim in actual_dataflow_per_layer[0][:2]: ['X', 'Y']
intermediate out layer 0 final read: 256

BEFORE BYPASS: ignore_bypasses: False, In reads: 864, Per Layer W Reads: {0: 0, 1: 0}, w_reads: 0,
 Per Layer Intermediate Input reads: {0: 108}, int_in_reads: 108, Per Layer Intermediate Output reads: {0: 256}, int_out_reads: 256, Out reads: 0
ignore_bypasses: False, self.next_spatial.names: ['SACols', 'SARows']
I AM HANDLING BYPASS NOW


Level: GlobalBuffer: Operand = in


Level: GlobalBuffer: Operand = w
Final level name before not bypassing: InRegister
I call MOPs on InRegister
arch.name: Fixed Multi-Layer Convolution Architecture with Mapping Constraints, level.name: InRegister
Level (handling bypass): InRegister: Starting MOPs calculation with in_bp: False, w_bp: True, out_bp: False, int_bp: False, dataflow: ['S1', 'Z', 'C0', 'Y', 'X', 'R0', 'S0', 'C1', 'R1', 'C2', 'P', 'Q'], factors: {C0: {}, Y: {}, X: {}, R0: {}, S0: {}, Z: {2: 2}, C1: {}, R1: {}, S1: {3: 1}, C2: {}, P: {}, Q: {}}, tile_sizes: {C0: 3, Y: 1, X: 4, R0: 3, S0: 3, Z: 1, C1: 1, R1: 1, S1: 1, C2: 2, P: 1, Q: 1}, factors_constraints: {'S1': 3, 'Z': 4}, bypasses: ['w', 'out'], multiple_buffering: 1, multiple_reuses: True
actual_dataflow_per_layer[0]: ['Z']
actual_dataflow_per_layer[1]: ['S1']
Level: InRegister: actual_dataflow_per_layer: {0: ['Z'], 1: ['S1']}, actual_dataflow: ['S1', 'Z'], dataflow: ['S1', 'Z', 'C0', 'Y', 'X', 'R0', 'S0', 'C1', 'R1', 'C2', 'P', 'Q'], factors: {C0: {}, Y: {}, X: {}, R0: {}, S0: {}, Z: {2: 2}, C1: {}, R1: {}, S1: {3: 1}, C2: {}, P: {}, Q: {}}, num layers: 2
tile size for each dim in actual_dataflow: [('S1', 1), ('Z', 1)]
tile size for each dim in actual_dataflow-per_layer[0]: [('Z', 1)]
tile size for each dim in actual_dataflow_per_layer[1]: [('S1', 1)]


Stationarity calculation for Level: InRegister: in_bp = False, w_bp = True, int_bp = False, out_bp = False


Initialization Level: InRegister: w_reads = 1, per_layer_w_reads = {0: 1, 1: 1}
actual_dataflow_per_layer[0] = ['Z'], flat_weight_coupling[0] = ['Z', 'C0', 'R0', 'S0']
tile size for each dim of actual_dataflow_per_layer[0]: [1]
Level: InRegister: innermost_dim_sum = None, i = 0, actual_dataflow = ['S1', 'Z']
weight layer 0 read after innermost_dim_sum handling: 1
innermost_dim_sum: None, dim_sum: dim_sum in self.arch.coupling.getWeightCoupling(0) if dim_sum is not innermost_dim_sum: [['Z'], ['C0'], ['R0'], ['S0']]
self.tile_size[dim] for dim in dim_sum: [[1], [3], [3], [3]]
weight layer 0 read after no next_spatials handling: 27
weight layer 0 read after next_spatials handling: 27
weight remaining dim in actual_dataflow_per_layer[0][:1]: ['Z']
actual_dataflow_per_layer[0]: ['Z'], i = 0
Level: InRegister, Layer 0: final Weight layer_read = 108
actual_dataflow_per_layer[1] = ['S1'], flat_weight_coupling[1] = ['C2', 'C1', 'R1', 'S1']
tile size for each dim of actual_dataflow_per_layer[1]: [1]
Level: InRegister: innermost_dim_sum = None, i = 0, actual_dataflow = ['S1', 'Z']
weight layer 1 read after innermost_dim_sum handling: 1
innermost_dim_sum: None, dim_sum: dim_sum in self.arch.coupling.getWeightCoupling(1) if dim_sum is not innermost_dim_sum: [['C2'], ['C1'], ['R1'], ['S1']]
self.tile_size[dim] for dim in dim_sum: [[2], [1], [1], [1]]
weight layer 1 read after no next_spatials handling: 2
weight layer 1 read after next_spatials handling: 2
weight remaining dim in actual_dataflow_per_layer[1][:1]: ['S1']
actual_dataflow_per_layer[1]: ['S1'], i = 0
Level: InRegister, Layer 1: final Weight layer_read = 6

BEFORE BYPASS: ignore_bypasses: True, In reads: 0, Per Layer W Reads: {0: 108, 1: 6}, w_reads: 114,
 Per Layer Intermediate Input reads: {0: 0}, int_in_reads: 0, Per Layer Intermediate Output reads: {0: 0}, int_out_reads: 0, Out reads: 0
ignore_bypasses: True, self.next_spatial.names: []
After Spatials: Level: InRegister: MOPs in_reads = 0, per_layer_w_reads = {0: 108, 1: 6}, w_reads = 114, per_layer_int_in_reads = {0: 0}, int_in_reads = 0, per_layer_int_out_reads = {0: 0}, int_out_reads = 0, out_reads = 0, out_writes = 0, out_reads_factors = 0

After non recursive call for Level: InRegister: MOPs for per_layer_int_in_reads_bp={0: 0} in_bp=0, per_layer_w_reads_bp={0: 108, 1: 6} w_bp=114, out_bp=0, ignore_bypasses=True (bypass operand w)
I'm going from the down (Compute) to the top
Level: GlobalBuffer: in_btwn = SARows, stationarity_to_address = False, in_reads_bp = 0, w_reads_bp = 114, out_reads_bp = 0, ignore_bypasses = False
in_btwn Level: SARows, not MemLevel
SONO IN MULBYDIM self.name: SARows in_reads: 0, per_layer_w_reads: {0: 108, 1: 6}, out_reads: 0, out_writes: 0, per_layer_int_in_reads: {0: 0}, per_layer_int_out_reads: {0: 0}, per_layer_int_out_writes: {0: 0}
per_layer_w_reads after non-selective multicast: {0: 108, 1: 12}
in_btwn: MOPs results: in_reads_bp: 0, per_layer_w_reads_bp: {0: 108, 1: 12}, w_reads_bp: 120, int_out_reads_bp: 0, int_in_reads_bp: 0, out_reads_bp: 0
I'm going from the down (Compute) to the top
Level: GlobalBuffer: in_btwn = SACols, stationarity_to_address = False, in_reads_bp = 0, w_reads_bp = 120, out_reads_bp = 0, ignore_bypasses = False
in_btwn Level: SACols, not MemLevel
SONO IN MULBYDIM self.name: SACols in_reads: 0, per_layer_w_reads: {0: 108, 1: 12}, out_reads: 0, out_writes: 0, per_layer_int_in_reads: {0: 0}, per_layer_int_out_reads: {0: 0}, per_layer_int_out_writes: {0: 0}
per_layer_w_reads after non-selective multicast: {0: 108, 1: 12}
in_btwn: MOPs results: in_reads_bp: 0, per_layer_w_reads_bp: {0: 108, 1: 12}, w_reads_bp: 120, int_out_reads_bp: 0, int_in_reads_bp: 0, out_reads_bp: 0
End inbtwn
Now I will do MyLevel: GlobalBuffer: MOPs for per_layer_w_reads_bp={0: 108, 1: 12}, in_bp=0, per_layer_w_reads_bp={0: 108, 1: 12}, w_bp=120, out_bp=0, stationarity_to_address=False (bypass operand w)
Level: GlobalBuffer: stationarity_to_address is False, dataflow handled among inner loops
Before: per_layer_w_reads_bp[0] = 108
After: per_layer_w_reads_bp[0] = 864
Before: per_layer_w_reads_bp[1] = 12
After: per_layer_w_reads_bp[1] = 108
per_layer_w_reads_before_bypass_layer_idx[0]: 0, per_layer_w_reads_bp_layer_idx[0]: 864
per_layer_w_reads_before_bypass_layer_idx[1]: 0, per_layer_w_reads_bp_layer_idx[1]: 108


Level: GlobalBuffer: Operand = out
Final level name before not bypassing: WRegister
I call MOPs on WRegister
arch.name: Fixed Multi-Layer Convolution Architecture with Mapping Constraints, level.name: WRegister
Level (handling bypass): WRegister: Starting MOPs calculation with in_bp: False, w_bp: False, out_bp: True, int_bp: False, dataflow: ['C2', 'C0', 'Y', 'X', 'R0', 'S0', 'Z', 'C1', 'R1', 'S1', 'P', 'Q'], factors: {C0: {}, Y: {}, X: {}, R0: {}, S0: {}, Z: {}, C1: {}, R1: {}, S1: {}, C2: {2: 1}, P: {}, Q: {}}, tile_sizes: {C0: 3, Y: 1, X: 4, R0: 3, S0: 3, Z: 1, C1: 1, R1: 1, S1: 1, C2: 1, P: 1, Q: 1}, factors_constraints: {'C2': 2}, bypasses: ['in', 'int', 'out'], multiple_buffering: 1, multiple_reuses: True
actual_dataflow_per_layer[0]: []
actual_dataflow_per_layer[1]: ['C2']
Level: WRegister: actual_dataflow_per_layer: {0: [], 1: ['C2']}, actual_dataflow: ['C2'], dataflow: ['C2', 'C0', 'Y', 'X', 'R0', 'S0', 'Z', 'C1', 'R1', 'S1', 'P', 'Q'], factors: {C0: {}, Y: {}, X: {}, R0: {}, S0: {}, Z: {}, C1: {}, R1: {}, S1: {}, C2: {2: 1}, P: {}, Q: {}}, num layers: 2
tile size for each dim in actual_dataflow: [('C2', 1)]
tile size for each dim in actual_dataflow-per_layer[0]: []
tile size for each dim in actual_dataflow_per_layer[1]: [('C2', 1)]


Stationarity calculation for Level: WRegister: in_bp = False, w_bp = False, int_bp = False, out_bp = True

Initialization Level: WRegister, Layer 1: out_reads = 1, innermost_dim_sum = None, i = 0, actual_dataflow = ['C2']
out layer read after innermost_dim_sum handling: 1
innermost_dim_sum: None, dim_sum: dim_sum in self.arch.coupling.out_coupling if dim_sum is not innermost_dim_sum: [['C2'], ['P'], ['Q']]
self.tile_size[dim] for dim in dim_sum: [[1], [1], [1]]
output layer 1 read after no next_spatials handling: 1
out remaining dim in actual_dataflow_per_layer[1][:1]: ['C2']
actual_dataflow_per_layer[0]: [], i = 0
output layer 1 final read: 2, out_reads_factors (orthogonal to output) = 1

BEFORE BYPASS: ignore_bypasses: True, In reads: 0, Per Layer W Reads: {0: 0, 1: 0}, w_reads: 0,
 Per Layer Intermediate Input reads: {0: 0}, int_in_reads: 0, Per Layer Intermediate Output reads: {0: 0}, int_out_reads: 0, Out reads: 2
ignore_bypasses: True, self.next_spatial.names: []
After Spatials: Level: WRegister: MOPs in_reads = 0, per_layer_w_reads = {0: 0, 1: 0}, w_reads = 0, per_layer_int_in_reads = {0: 0}, int_in_reads = 0, per_layer_int_out_reads = {0: 0}, int_out_reads = 0, out_reads = 2, out_writes = 2, out_reads_factors = 1

After non recursive call for Level: WRegister: MOPs for per_layer_int_in_reads_bp={0: 0} in_bp=0, per_layer_w_reads_bp={0: 0, 1: 0} w_bp=0, out_bp=2, ignore_bypasses=True (bypass operand out)
I'm going from the down (Compute) to the top
Level: GlobalBuffer: in_btwn = InRegister, stationarity_to_address = False, in_reads_bp = 0, w_reads_bp = 0, out_reads_bp = 2, ignore_bypasses = False
I'm going from the down (Compute) to the top
Level: GlobalBuffer: in_btwn = SARows, stationarity_to_address = False, in_reads_bp = 0, w_reads_bp = 0, out_reads_bp = 2, ignore_bypasses = False
in_btwn Level: SARows, not MemLevel
SONO IN MULBYDIM self.name: SARows in_reads: 0, per_layer_w_reads: {0: 0, 1: 0}, out_reads: 2, out_writes: 2, per_layer_int_in_reads: {0: 0}, per_layer_int_out_reads: {0: 0}, per_layer_int_out_writes: {0: 0}
per_layer_w_reads after non-selective multicast: {0: 0, 1: 0}
in_btwn: MOPs results: in_reads_bp: 0, per_layer_w_reads_bp: {0: 0, 1: 0}, w_reads_bp: 0, int_out_reads_bp: 0, int_in_reads_bp: 0, out_reads_bp: 2
I'm going from the down (Compute) to the top
Level: GlobalBuffer: in_btwn = SACols, stationarity_to_address = False, in_reads_bp = 0, w_reads_bp = 0, out_reads_bp = 2, ignore_bypasses = False
in_btwn Level: SACols, not MemLevel
SONO IN MULBYDIM self.name: SACols in_reads: 0, per_layer_w_reads: {0: 0, 1: 0}, out_reads: 2, out_writes: 2, per_layer_int_in_reads: {0: 0}, per_layer_int_out_reads: {0: 0}, per_layer_int_out_writes: {0: 0}
per_layer_w_reads after non-selective multicast: {0: 0, 1: 0}
in_btwn: MOPs results: in_reads_bp: 0, per_layer_w_reads_bp: {0: 0, 1: 0}, w_reads_bp: 0, int_out_reads_bp: 0, int_in_reads_bp: 0, out_reads_bp: 4
End inbtwn
Now I will do MyLevel: GlobalBuffer: MOPs for per_layer_w_reads_bp={0: 0, 1: 0}, in_bp=0, per_layer_w_reads_bp={0: 0, 1: 0}, w_bp=0, out_bp=4, stationarity_to_address=False (bypass operand out)
per_layer_w_reads_before_bypass_layer_idx[0]: 864, per_layer_w_reads_bp_layer_idx[0]: 0
per_layer_w_reads_before_bypass_layer_idx[1]: 108, per_layer_w_reads_bp_layer_idx[1]: 0


Level: GlobalBuffer: Operand = int
AFTER BYPASS of all operands:  GlobalBuffer: in_reads: 864, per_layer_w_reads: {0: 864, 1: 108}, w_reads: 972, per_layer_int_in_reads: {0: 108}, int_in_reads: 108, per_layer_int_out_reads: {0: 256}, int_out_reads: 256, out_reads: 36, out_writes: 36, out_reads_factors: 288

spatial_level: SACols, spatial_level.dataflow: ['Y', 'Q'], spatial_level.factors: {C0: {}, Y: {2: 1}, X: {}, R0: {}, S0: {}, Z: {}, C1: {}, R1: {}, S1: {}, C2: {}, P: {}, Q: {2: 1}}
spatial_level: SARows, spatial_level.dataflow: ['C1'], spatial_level.factors: {C0: {}, Y: {}, X: {}, R0: {}, S0: {}, Z: {}, C1: {2: 1}, R1: {}, S1: {}, C2: {}, P: {}, Q: {}}
After Spatials: Level: GlobalBuffer: MOPs in_reads = 864, per_layer_w_reads = {0: 864, 1: 108}, w_reads = 972, per_layer_int_in_reads = {0: 108}, int_in_reads = 108, per_layer_int_out_reads = {0: 256}, int_out_reads = 256, out_reads = 36, out_writes = 36, out_reads_factors = 288

End MOPs with Bypasses for Level: GlobalBuffer


DEBUG updateStats pre scaling: Level GlobalBuffer:
  in_reads: 864
  per_layer_w_reads: {0: 864, 1: 108}
  w_reads: 972
  per_layer_int_in_reads: {0: 108}
  per_layer_int_out_reads: {0: 256}
  out_reads: 36
  out_reads_factors: 288
temporal_iterations_per_layer before update: {0: 1, 1: 12}, spatial_iterations_per_layer before update: {0: 1, 1: 1}
scale per layer: {0: 1, 1: 12}
scaled in_reads: 864
scaled per_layer_w_reads before sum: {0: 864, 1: 1296}
scaled per_layer_int_in_reads before sum: {0: 1296}
scaled per_layer_int_out_reads before sum: {0: 256}
scaled out_reads: 432
DEBUG updateStats post scaling: Level GlobalBuffer:
  in_reads: 864
  per_layer_w_reads: {0: 864, 1: 1296}
  w_reads: 2160
  per_layer_int_in_reads: {0: 1296}
  int_in_reads: 1296
  per_layer_int_out_reads: {0: 256}
  int_out_reads: 256
  out_reads: 503
  out_reads_factors: 576
Updated considering level: GlobalBuffer, this dim: X is considered in temporal_iterations_per_layer[0]
Updated considering level: GlobalBuffer, this dim: Y is considered in temporal_iterations_per_layer[0]
Updated considering level: GlobalBuffer, this dim: C0 is considered in temporal_iterations_per_layer[0]
Updated considering level: GlobalBuffer, this dim: R0 is considered in temporal_iterations_per_layer[0]
Updated considering level: GlobalBuffer, this dim: S0 is considered in temporal_iterations_per_layer[0]
Updated considering level: GlobalBuffer, this dim: Z is considered in temporal_iterations_per_layer[0]
Updated considering level: GlobalBuffer, this dim: P is considered in temporal_iterations_per_layer[1]
Updated considering level: GlobalBuffer, this dim: R1 is considered in temporal_iterations_per_layer[1]
Updated considering level: GlobalBuffer, this dim: C1 is considered in temporal_iterations_per_layer[1]
Updated considering level: GlobalBuffer, this dim: S1 is considered in temporal_iterations_per_layer[1]
Updated considering level: GlobalBuffer, this dim: C2 is considered in temporal_iterations_per_layer[1]
Updated considering level: GlobalBuffer, this dim: Q is considered in temporal_iterations_per_layer[1]
Updated considering level: SACols, this dim: Q is considered in spatial_iterations_per_layer[1]
Updated considering level: SARows, this dim: C1 is considered in spatial_iterations_per_layer[1]


Questo mops è chiamato da update stats
Level: InRegister, arch bypasses for the level: ['w', 'out'], in_bp: 0, w_bp: 0, out_bp: 0, int_bp: 0
arch.name: Fixed Multi-Layer Convolution Architecture with Mapping Constraints, level.name: InRegister
Level: InRegister: Starting MOPs calculation with in_bp: 0, w_bp: 0, out_bp: 0, int_bp: 0, ignore_bypasses: False, dataflow: ['S1', 'Z', 'C0', 'Y', 'X', 'R0', 'S0', 'C1', 'R1', 'C2', 'P', 'Q'], factors: {C0: {}, Y: {}, X: {}, R0: {}, S0: {}, Z: {2: 2}, C1: {}, R1: {}, S1: {3: 1}, C2: {}, P: {}, Q: {}}, tile_sizes: {C0: 3, Y: 1, X: 4, R0: 3, S0: 3, Z: 1, C1: 1, R1: 1, S1: 1, C2: 2, P: 1, Q: 1}, factors_constraints: {'S1': 3, 'Z': 4}, bypasses: ['w', 'out'], multiple_buffering: 1, multiple_reuses: True
actual_dataflow_per_layer[0]: ['Z']
actual_dataflow_per_layer[1]: ['S1']
Level: InRegister: actual_dataflow_per_layer: {0: ['Z'], 1: ['S1']}, actual_dataflow: ['S1', 'Z'], dataflow: ['S1', 'Z', 'C0', 'Y', 'X', 'R0', 'S0', 'C1', 'R1', 'C2', 'P', 'Q'], factors: {C0: {}, Y: {}, X: {}, R0: {}, S0: {}, Z: {2: 2}, C1: {}, R1: {}, S1: {3: 1}, C2: {}, P: {}, Q: {}}, num layers: 2
tile size for each dim in actual_dataflow: [('S1', 1), ('Z', 1)]
tile size for each dim in actual_dataflow-per_layer[0]: [('Z', 1)]
tile size for each dim in actual_dataflow_per_layer[1]: [('S1', 1)]


Stationarity calculation for Level: InRegister: in_bp = 0, w_bp = 0, int_bp = 0, out_bp = 0


BEFORE BYPASS: ignore_bypasses: False, In reads: 0, Per Layer W Reads: {0: 0, 1: 0}, w_reads: 0,
 Per Layer Intermediate Input reads: {0: 0}, int_in_reads: 0, Per Layer Intermediate Output reads: {0: 0}, int_out_reads: 0, Out reads: 0
ignore_bypasses: False, self.next_spatial.names: []
I AM HANDLING BYPASS NOW


Level: InRegister: Operand = in
Final level name before not bypassing: OutRegister
I call MOPs on OutRegister
arch.name: Fixed Multi-Layer Convolution Architecture with Mapping Constraints, level.name: OutRegister
Level (handling bypass): OutRegister: Starting MOPs calculation with in_bp: True, w_bp: False, out_bp: False, int_bp: False, dataflow: ['X', 'S0', 'R0', 'C0', 'Y', 'Z', 'C1', 'R1', 'S1', 'C2', 'P', 'Q'], factors: {C0: {3: 1}, Y: {}, X: {2: 2}, R0: {3: 1}, S0: {3: 1}, Z: {}, C1: {}, R1: {}, S1: {}, C2: {}, P: {}, Q: {}}, tile_sizes: {C0: 1, Y: 1, X: 1, R0: 1, S0: 1, Z: 1, C1: 1, R1: 1, S1: 1, C2: 1, P: 1, Q: 1}, factors_constraints: {'X': 4, 'S0': 3, 'R0': 3, 'C0': 3}, bypasses: ['in', 'w'], multiple_buffering: 1, multiple_reuses: True
actual_dataflow_per_layer[0]: ['X', 'S0', 'R0', 'C0']
actual_dataflow_per_layer[1]: []
Level: OutRegister: actual_dataflow_per_layer: {0: ['X', 'S0', 'R0', 'C0'], 1: []}, actual_dataflow: ['X', 'S0', 'R0', 'C0'], dataflow: ['X', 'S0', 'R0', 'C0', 'Y', 'Z', 'C1', 'R1', 'S1', 'C2', 'P', 'Q'], factors: {C0: {3: 1}, Y: {}, X: {2: 2}, R0: {3: 1}, S0: {3: 1}, Z: {}, C1: {}, R1: {}, S1: {}, C2: {}, P: {}, Q: {}}, num layers: 2
tile size for each dim in actual_dataflow: [('X', 1), ('S0', 1), ('R0', 1), ('C0', 1)]
tile size for each dim in actual_dataflow-per_layer[0]: [('X', 1), ('S0', 1), ('R0', 1), ('C0', 1)]
tile size for each dim in actual_dataflow_per_layer[1]: []


Stationarity calculation for Level: OutRegister: in_bp = True, w_bp = False, int_bp = False, out_bp = False


Initialization Level: OutRegister: in_reads = 1
input read after innermost_dim_sum handling: 1
innermost_dim_sum: None, next_spatial_unroll: {'C0': 1, 'Y': 1, 'R0': 1, 'X': 1, 'S0': 1}
tile sizes[dim] for dim in dim_sum: [[1], [1, 1], [1, 1]]
Level: OutRegister, Layer 0: after Spatial, Input in_reads = 1, i = 3, innermost_dim_sum = None
input remaining dim in actual_dataflow_per_layer[0][:4]: ['X', 'S0', 'R0', 'C0']
actual_dataflow_per_layer[0]: ['X', 'S0', 'R0', 'C0'], i = 3
Level: OutRegister, Layer 0: final Input in_reads = 108


BEFORE BYPASS: ignore_bypasses: True, In reads: 108, Per Layer W Reads: {0: 0, 1: 0}, w_reads: 0,
 Per Layer Intermediate Input reads: {0: 0}, int_in_reads: 0, Per Layer Intermediate Output reads: {0: 0}, int_out_reads: 0, Out reads: 0
ignore_bypasses: True, self.next_spatial.names: ['Compute']
spatial_level: Compute, spatial_level.dataflow: [], spatial_level.factors: {C0: {}, Y: {}, X: {}, R0: {}, S0: {}, Z: {}, C1: {}, R1: {}, S1: {}, C2: {}, P: {}, Q: {}}
After Spatials: Level: OutRegister: MOPs in_reads = 108, per_layer_w_reads = {0: 0, 1: 0}, w_reads = 0, per_layer_int_in_reads = {0: 0}, int_in_reads = 0, per_layer_int_out_reads = {0: 0}, int_out_reads = 0, out_reads = 0, out_writes = 0, out_reads_factors = 0

After non recursive call for Level: OutRegister: MOPs for per_layer_int_in_reads_bp={0: 0} in_bp=108, per_layer_w_reads_bp={0: 0, 1: 0} w_bp=0, out_bp=0, ignore_bypasses=True (bypass operand in)
I'm going from the down (Compute) to the top
Level: InRegister: in_btwn = WRegister, stationarity_to_address = False, in_reads_bp = 108, w_reads_bp = 0, out_reads_bp = 0, ignore_bypasses = False
End inbtwn
Now I will do MyLevel: InRegister: MOPs for per_layer_w_reads_bp={0: 0, 1: 0}, in_bp=108, per_layer_w_reads_bp={0: 0, 1: 0}, w_bp=0, out_bp=0, stationarity_to_address=False (bypass operand in)
per_layer_w_reads_before_bypass_layer_idx[0]: 0, per_layer_w_reads_bp_layer_idx[0]: 0
per_layer_w_reads_before_bypass_layer_idx[1]: 0, per_layer_w_reads_bp_layer_idx[1]: 0


Level: InRegister: Operand = w


Level: InRegister: Operand = out


Level: InRegister: Operand = int
Final level name before not bypassing: WRegister
I call MOPs on WRegister
arch.name: Fixed Multi-Layer Convolution Architecture with Mapping Constraints, level.name: WRegister
Level (handling bypass): WRegister: Starting MOPs calculation with in_bp: False, w_bp: False, out_bp: False, int_bp: True, dataflow: ['C2', 'C0', 'Y', 'X', 'R0', 'S0', 'Z', 'C1', 'R1', 'S1', 'P', 'Q'], factors: {C0: {}, Y: {}, X: {}, R0: {}, S0: {}, Z: {}, C1: {}, R1: {}, S1: {}, C2: {2: 1}, P: {}, Q: {}}, tile_sizes: {C0: 3, Y: 1, X: 4, R0: 3, S0: 3, Z: 1, C1: 1, R1: 1, S1: 1, C2: 1, P: 1, Q: 1}, factors_constraints: {'C2': 2}, bypasses: ['in', 'int', 'out'], multiple_buffering: 1, multiple_reuses: True
actual_dataflow_per_layer[0]: []
actual_dataflow_per_layer[1]: ['C2']
Level: WRegister: actual_dataflow_per_layer: {0: [], 1: ['C2']}, actual_dataflow: ['C2'], dataflow: ['C2', 'C0', 'Y', 'X', 'R0', 'S0', 'Z', 'C1', 'R1', 'S1', 'P', 'Q'], factors: {C0: {}, Y: {}, X: {}, R0: {}, S0: {}, Z: {}, C1: {}, R1: {}, S1: {}, C2: {2: 1}, P: {}, Q: {}}, num layers: 2
tile size for each dim in actual_dataflow: [('C2', 1)]
tile size for each dim in actual_dataflow-per_layer[0]: []
tile size for each dim in actual_dataflow_per_layer[1]: [('C2', 1)]


Stationarity calculation for Level: WRegister: in_bp = False, w_bp = False, int_bp = True, out_bp = False


Initialization Level: WRegister, Layer 0: int_in_reads = 1, per_layer_int_in_reads = {0: 1}
actual_dataflow_per_layer[1] = ['C2'], flat_intermediate_input_coupling[0] = ['C1', 'P', 'R1', 'Q', 'S1']
tile size for each dim of actual_dataflow_per_layer[1]: [1]
Level: WRegister: innermost_dim_sum = None, i = -1, actual_dataflow = ['C2']
layer read after innermost_dim_sum handling: 1
innermost_dim_sum: None, dim_sum: dim_sum in self.arch.coupling.getIntermediateInputCoupling(0) if dim_sum is not innermost_dim_sum: [['C1'], ['P', 'R1'], ['Q', 'S1']]
self.tile_size[dim] for dim in dim_sum: [[1], [1, 1], [1, 1]]
intermediate in layer 0 read after no next_spatials handling: 1
intermediate in remaining dim in actual_dataflow_per_layer[1][:0]: []
intermediate in layer 0 final read: 1

Initialization Level: WRegister, Layer 0: int_out_reads = 1, per_layer_int_out_reads = {0: 1}
actual_dataflow_per_layer[0] = [], flat_intermediate_output_coupling[0] = ['Z', 'Y', 'X']
tile size for each dim of actual_dataflow_per_layer[0]: []
Level: WRegister: innermost_dim_sum = None, i = -1, actual_dataflow = []
layer read after innermost_dim_sum handling: 1
innermost_dim_sum: None, dim_sum: dim_sum in self.arch.coupling.getIntermediateOutputCoupling(0) if dim_sum is not innermost_dim_sum: [['Z'], ['Y'], ['X']]
self.tile_size[dim] for dim in dim_sum: [[1], [1], [4]]
intermediate out layer 0 read after no next_spatials handling: 4
intermediate out remaining dim in actual_dataflow_per_layer[0][:0]: []
intermediate out layer 0 final read: 4

BEFORE BYPASS: ignore_bypasses: True, In reads: 0, Per Layer W Reads: {0: 0, 1: 0}, w_reads: 0,
 Per Layer Intermediate Input reads: {0: 1}, int_in_reads: 1, Per Layer Intermediate Output reads: {0: 4}, int_out_reads: 4, Out reads: 0
ignore_bypasses: True, self.next_spatial.names: []
After Spatials: Level: WRegister: MOPs in_reads = 0, per_layer_w_reads = {0: 0, 1: 0}, w_reads = 0, per_layer_int_in_reads = {0: 1}, int_in_reads = 1, per_layer_int_out_reads = {0: 4}, int_out_reads = 4, out_reads = 0, out_writes = 0, out_reads_factors = 0

After non recursive call for Level: WRegister: MOPs for per_layer_int_in_reads_bp={0: 1} in_bp=0, per_layer_w_reads_bp={0: 0, 1: 0} w_bp=0, out_bp=0, ignore_bypasses=True (bypass operand int)
End inbtwn
Now I will do MyLevel: InRegister: MOPs for per_layer_w_reads_bp={0: 0, 1: 0}, in_bp=0, per_layer_w_reads_bp={0: 0, 1: 0}, w_bp=0, out_bp=0, stationarity_to_address=True (bypass operand int)
per_layer_w_reads_before_bypass_layer_idx[0]: 0, per_layer_w_reads_bp_layer_idx[0]: 0
per_layer_w_reads_before_bypass_layer_idx[1]: 0, per_layer_w_reads_bp_layer_idx[1]: 0
AFTER BYPASS of all operands:  InRegister: in_reads: 432, per_layer_w_reads: {0: 0, 1: 0}, w_reads: 0, per_layer_int_in_reads: {0: 3}, int_in_reads: 3, per_layer_int_out_reads: {0: 4}, int_out_reads: 4, out_reads: 0, out_writes: 0, out_reads_factors: 0

After Spatials: Level: InRegister: MOPs in_reads = 432, per_layer_w_reads = {0: 0, 1: 0}, w_reads = 0, per_layer_int_in_reads = {0: 3}, int_in_reads = 3, per_layer_int_out_reads = {0: 4}, int_out_reads = 4, out_reads = 0, out_writes = 0, out_reads_factors = 0

End MOPs with Bypasses for Level: InRegister


DEBUG updateStats pre scaling: Level InRegister:
  in_reads: 432
  per_layer_w_reads: {0: 0, 1: 0}
  w_reads: 0
  per_layer_int_in_reads: {0: 3}
  per_layer_int_out_reads: {0: 4}
  out_reads: 0
  out_reads_factors: 0
temporal_iterations_per_layer before update: {0: 8, 1: 108}, spatial_iterations_per_layer before update: {0: 2, 1: 4}
scale per layer: {0: 16, 1: 432}
scaled in_reads: 6912
scaled per_layer_w_reads before sum: {0: 0, 1: 0}
scaled per_layer_int_in_reads before sum: {0: 1296}
scaled per_layer_int_out_reads before sum: {0: 64}
scaled out_reads: 0
DEBUG updateStats post scaling: Level InRegister:
  in_reads: 6912
  per_layer_w_reads: {0: 0, 1: 0}
  w_reads: 0
  per_layer_int_in_reads: {0: 1296}
  int_in_reads: 1296
  per_layer_int_out_reads: {0: 64}
  int_out_reads: 64
  out_reads: 0
  out_reads_factors: 0
Updated considering level: InRegister, this dim: Z is considered in temporal_iterations_per_layer[0]
Updated considering level: InRegister, this dim: C0 is considered in temporal_iterations_per_layer[0]
Updated considering level: InRegister, this dim: Y is considered in temporal_iterations_per_layer[0]
Updated considering level: InRegister, this dim: X is considered in temporal_iterations_per_layer[0]
Updated considering level: InRegister, this dim: R0 is considered in temporal_iterations_per_layer[0]
Updated considering level: InRegister, this dim: S0 is considered in temporal_iterations_per_layer[0]
Updated considering level: InRegister, this dim: S1 is considered in temporal_iterations_per_layer[1]
Updated considering level: InRegister, this dim: C1 is considered in temporal_iterations_per_layer[1]
Updated considering level: InRegister, this dim: R1 is considered in temporal_iterations_per_layer[1]
Updated considering level: InRegister, this dim: C2 is considered in temporal_iterations_per_layer[1]
Updated considering level: InRegister, this dim: P is considered in temporal_iterations_per_layer[1]
Updated considering level: InRegister, this dim: Q is considered in temporal_iterations_per_layer[1]


Questo mops è chiamato da update stats
Level: WRegister, arch bypasses for the level: ['in', 'int', 'out'], in_bp: 0, w_bp: 0, out_bp: 0, int_bp: 0
arch.name: Fixed Multi-Layer Convolution Architecture with Mapping Constraints, level.name: WRegister
Level: WRegister: Starting MOPs calculation with in_bp: 0, w_bp: 0, out_bp: 0, int_bp: 0, ignore_bypasses: False, dataflow: ['C2', 'C0', 'Y', 'X', 'R0', 'S0', 'Z', 'C1', 'R1', 'S1', 'P', 'Q'], factors: {C0: {}, Y: {}, X: {}, R0: {}, S0: {}, Z: {}, C1: {}, R1: {}, S1: {}, C2: {2: 1}, P: {}, Q: {}}, tile_sizes: {C0: 3, Y: 1, X: 4, R0: 3, S0: 3, Z: 1, C1: 1, R1: 1, S1: 1, C2: 1, P: 1, Q: 1}, factors_constraints: {'C2': 2}, bypasses: ['in', 'int', 'out'], multiple_buffering: 1, multiple_reuses: True
actual_dataflow_per_layer[0]: []
actual_dataflow_per_layer[1]: ['C2']
Level: WRegister: actual_dataflow_per_layer: {0: [], 1: ['C2']}, actual_dataflow: ['C2'], dataflow: ['C2', 'C0', 'Y', 'X', 'R0', 'S0', 'Z', 'C1', 'R1', 'S1', 'P', 'Q'], factors: {C0: {}, Y: {}, X: {}, R0: {}, S0: {}, Z: {}, C1: {}, R1: {}, S1: {}, C2: {2: 1}, P: {}, Q: {}}, num layers: 2
tile size for each dim in actual_dataflow: [('C2', 1)]
tile size for each dim in actual_dataflow-per_layer[0]: []
tile size for each dim in actual_dataflow_per_layer[1]: [('C2', 1)]


Stationarity calculation for Level: WRegister: in_bp = 0, w_bp = 0, int_bp = 0, out_bp = 0


BEFORE BYPASS: ignore_bypasses: False, In reads: 0, Per Layer W Reads: {0: 0, 1: 0}, w_reads: 0,
 Per Layer Intermediate Input reads: {0: 0}, int_in_reads: 0, Per Layer Intermediate Output reads: {0: 0}, int_out_reads: 0, Out reads: 0
ignore_bypasses: False, self.next_spatial.names: []
I AM HANDLING BYPASS NOW


Level: WRegister: Operand = in


Level: WRegister: Operand = w
Final level name before not bypassing: OutRegister
I call MOPs on OutRegister
arch.name: Fixed Multi-Layer Convolution Architecture with Mapping Constraints, level.name: OutRegister
Level (handling bypass): OutRegister: Starting MOPs calculation with in_bp: False, w_bp: True, out_bp: False, int_bp: False, dataflow: ['X', 'S0', 'R0', 'C0', 'Y', 'Z', 'C1', 'R1', 'S1', 'C2', 'P', 'Q'], factors: {C0: {3: 1}, Y: {}, X: {2: 2}, R0: {3: 1}, S0: {3: 1}, Z: {}, C1: {}, R1: {}, S1: {}, C2: {}, P: {}, Q: {}}, tile_sizes: {C0: 1, Y: 1, X: 1, R0: 1, S0: 1, Z: 1, C1: 1, R1: 1, S1: 1, C2: 1, P: 1, Q: 1}, factors_constraints: {'X': 4, 'S0': 3, 'R0': 3, 'C0': 3}, bypasses: ['in', 'w'], multiple_buffering: 1, multiple_reuses: True
actual_dataflow_per_layer[0]: ['X', 'S0', 'R0', 'C0']
actual_dataflow_per_layer[1]: []
Level: OutRegister: actual_dataflow_per_layer: {0: ['X', 'S0', 'R0', 'C0'], 1: []}, actual_dataflow: ['X', 'S0', 'R0', 'C0'], dataflow: ['X', 'S0', 'R0', 'C0', 'Y', 'Z', 'C1', 'R1', 'S1', 'C2', 'P', 'Q'], factors: {C0: {3: 1}, Y: {}, X: {2: 2}, R0: {3: 1}, S0: {3: 1}, Z: {}, C1: {}, R1: {}, S1: {}, C2: {}, P: {}, Q: {}}, num layers: 2
tile size for each dim in actual_dataflow: [('X', 1), ('S0', 1), ('R0', 1), ('C0', 1)]
tile size for each dim in actual_dataflow-per_layer[0]: [('X', 1), ('S0', 1), ('R0', 1), ('C0', 1)]
tile size for each dim in actual_dataflow_per_layer[1]: []


Stationarity calculation for Level: OutRegister: in_bp = False, w_bp = True, int_bp = False, out_bp = False


Initialization Level: OutRegister: w_reads = 1, per_layer_w_reads = {0: 1, 1: 1}
weight layer 0 read after innermost_dim_sum handling: 1
innermost_dim_sum: None, next_spatial_unroll: {'Z': 1, 'C0': 1, 'R0': 1, 'S0': 1}
tile sizes[dim] for dim in dim_sum: [[1], [1], [1], [1]]
weight layer 0 read after next_spatials handling: 1
weight remaining dim in actual_dataflow_per_layer[0][:4]: ['X', 'S0', 'R0', 'C0']
actual_dataflow_per_layer[0]: ['X', 'S0', 'R0', 'C0'], i = 3
Level: OutRegister, Layer 0: final Weight layer_read = 108
weight layer 1 read after innermost_dim_sum handling: 1
innermost_dim_sum: None, next_spatial_unroll: {'C2': 1, 'C1': 1, 'R1': 1, 'S1': 1}
tile sizes[dim] for dim in dim_sum: [[1], [1], [1], [1]]
weight layer 1 read after next_spatials handling: 1
weight remaining dim in actual_dataflow_per_layer[1][:0]: []
actual_dataflow_per_layer[1]: [], i = -1
Level: OutRegister, Layer 1: final Weight layer_read = 1

BEFORE BYPASS: ignore_bypasses: True, In reads: 0, Per Layer W Reads: {0: 108, 1: 1}, w_reads: 109,
 Per Layer Intermediate Input reads: {0: 0}, int_in_reads: 0, Per Layer Intermediate Output reads: {0: 0}, int_out_reads: 0, Out reads: 0
ignore_bypasses: True, self.next_spatial.names: ['Compute']
spatial_level: Compute, spatial_level.dataflow: [], spatial_level.factors: {C0: {}, Y: {}, X: {}, R0: {}, S0: {}, Z: {}, C1: {}, R1: {}, S1: {}, C2: {}, P: {}, Q: {}}
After Spatials: Level: OutRegister: MOPs in_reads = 0, per_layer_w_reads = {0: 108, 1: 1}, w_reads = 109, per_layer_int_in_reads = {0: 0}, int_in_reads = 0, per_layer_int_out_reads = {0: 0}, int_out_reads = 0, out_reads = 0, out_writes = 0, out_reads_factors = 0

After non recursive call for Level: OutRegister: MOPs for per_layer_int_in_reads_bp={0: 0} in_bp=0, per_layer_w_reads_bp={0: 108, 1: 1} w_bp=109, out_bp=0, ignore_bypasses=True (bypass operand w)
End inbtwn
Now I will do MyLevel: WRegister: MOPs for per_layer_w_reads_bp={0: 108, 1: 1}, in_bp=0, per_layer_w_reads_bp={0: 108, 1: 1}, w_bp=109, out_bp=0, stationarity_to_address=False (bypass operand w)
Level: WRegister: stationarity_to_address is False, dataflow handled among inner loops
Before: per_layer_w_reads_bp[0] = 108
After: per_layer_w_reads_bp[0] = 108
Before: per_layer_w_reads_bp[1] = 1
After: per_layer_w_reads_bp[1] = 2
per_layer_w_reads_before_bypass_layer_idx[0]: 0, per_layer_w_reads_bp_layer_idx[0]: 108
per_layer_w_reads_before_bypass_layer_idx[1]: 0, per_layer_w_reads_bp_layer_idx[1]: 2


Level: WRegister: Operand = out


Level: WRegister: Operand = int
AFTER BYPASS of all operands:  WRegister: in_reads: 0, per_layer_w_reads: {0: 108, 1: 2}, w_reads: 110, per_layer_int_in_reads: {0: 0}, int_in_reads: 0, per_layer_int_out_reads: {0: 0}, int_out_reads: 0, out_reads: 0, out_writes: 0, out_reads_factors: 0

After Spatials: Level: WRegister: MOPs in_reads = 0, per_layer_w_reads = {0: 108, 1: 2}, w_reads = 110, per_layer_int_in_reads = {0: 0}, int_in_reads = 0, per_layer_int_out_reads = {0: 0}, int_out_reads = 0, out_reads = 0, out_writes = 0, out_reads_factors = 0

End MOPs with Bypasses for Level: WRegister


DEBUG updateStats pre scaling: Level WRegister:
  in_reads: 0
  per_layer_w_reads: {0: 108, 1: 2}
  w_reads: 110
  per_layer_int_in_reads: {0: 0}
  per_layer_int_out_reads: {0: 0}
  out_reads: 0
  out_reads_factors: 0
temporal_iterations_per_layer before update: {0: 32, 1: 324}, spatial_iterations_per_layer before update: {0: 2, 1: 4}
scale per layer: {0: 64, 1: 1296}
scaled in_reads: 0
scaled per_layer_w_reads before sum: {0: 6912, 1: 2592}
scaled per_layer_int_in_reads before sum: {0: 0}
scaled per_layer_int_out_reads before sum: {0: 0}
scaled out_reads: 0
DEBUG updateStats post scaling: Level WRegister:
  in_reads: 0
  per_layer_w_reads: {0: 6912, 1: 2592}
  w_reads: 9504
  per_layer_int_in_reads: {0: 0}
  int_in_reads: 0
  per_layer_int_out_reads: {0: 0}
  int_out_reads: 0
  out_reads: 0
  out_reads_factors: 0
Updated considering level: WRegister, this dim: C0 is considered in temporal_iterations_per_layer[0]
Updated considering level: WRegister, this dim: Y is considered in temporal_iterations_per_layer[0]
Updated considering level: WRegister, this dim: X is considered in temporal_iterations_per_layer[0]
Updated considering level: WRegister, this dim: R0 is considered in temporal_iterations_per_layer[0]
Updated considering level: WRegister, this dim: S0 is considered in temporal_iterations_per_layer[0]
Updated considering level: WRegister, this dim: Z is considered in temporal_iterations_per_layer[0]
Updated considering level: WRegister, this dim: C2 is considered in temporal_iterations_per_layer[1]
Updated considering level: WRegister, this dim: C1 is considered in temporal_iterations_per_layer[1]
Updated considering level: WRegister, this dim: R1 is considered in temporal_iterations_per_layer[1]
Updated considering level: WRegister, this dim: S1 is considered in temporal_iterations_per_layer[1]
Updated considering level: WRegister, this dim: P is considered in temporal_iterations_per_layer[1]
Updated considering level: WRegister, this dim: Q is considered in temporal_iterations_per_layer[1]


Questo mops è chiamato da update stats
Level: OutRegister, arch bypasses for the level: ['in', 'w'], in_bp: 0, w_bp: 0, out_bp: 1, int_bp: 1
arch.name: Fixed Multi-Layer Convolution Architecture with Mapping Constraints, level.name: OutRegister
Level: OutRegister: Starting MOPs calculation with in_bp: 0, w_bp: 0, out_bp: 1, int_bp: 1, ignore_bypasses: False, dataflow: ['X', 'S0', 'R0', 'C0', 'Y', 'Z', 'C1', 'R1', 'S1', 'C2', 'P', 'Q'], factors: {C0: {3: 1}, Y: {}, X: {2: 2}, R0: {3: 1}, S0: {3: 1}, Z: {}, C1: {}, R1: {}, S1: {}, C2: {}, P: {}, Q: {}}, tile_sizes: {C0: 1, Y: 1, X: 1, R0: 1, S0: 1, Z: 1, C1: 1, R1: 1, S1: 1, C2: 1, P: 1, Q: 1}, factors_constraints: {'X': 4, 'S0': 3, 'R0': 3, 'C0': 3}, bypasses: ['in', 'w'], multiple_buffering: 1, multiple_reuses: True
actual_dataflow_per_layer[0]: ['X', 'S0', 'R0', 'C0']
actual_dataflow_per_layer[1]: []
Level: OutRegister: actual_dataflow_per_layer: {0: ['X', 'S0', 'R0', 'C0'], 1: []}, actual_dataflow: ['X', 'S0', 'R0', 'C0'], dataflow: ['X', 'S0', 'R0', 'C0', 'Y', 'Z', 'C1', 'R1', 'S1', 'C2', 'P', 'Q'], factors: {C0: {3: 1}, Y: {}, X: {2: 2}, R0: {3: 1}, S0: {3: 1}, Z: {}, C1: {}, R1: {}, S1: {}, C2: {}, P: {}, Q: {}}, num layers: 2
tile size for each dim in actual_dataflow: [('X', 1), ('S0', 1), ('R0', 1), ('C0', 1)]
tile size for each dim in actual_dataflow-per_layer[0]: [('X', 1), ('S0', 1), ('R0', 1), ('C0', 1)]
tile size for each dim in actual_dataflow_per_layer[1]: []


Stationarity calculation for Level: OutRegister: in_bp = 0, w_bp = 0, int_bp = 1, out_bp = 1


Initialization Level: OutRegister, Layer 0: int_in_reads = 1, per_layer_int_in_reads = {0: 1}
layer read after innermost_dim_sum handling: 1
innermost_dim_sum: None, next_spatial_unroll: {'C1': 1, 'P': 1, 'R1': 1, 'Q': 1, 'S1': 1}
 dims in dim_sum: [['C1'], ['P', 'R1'], ['Q', 'S1']]
tile sizes[dim] for dim in dim_sum: [[1], [1, 1], [1, 1]]
intermediate in layer 0 read after next_spatials handling: 1
intermediate in remaining dim in actual_dataflow_per_layer[1][:0]: []
intermediate in layer 0 final read: 1

Initialization Level: OutRegister, Layer 0: int_out_reads = 1, per_layer_int_out_reads = {0: 1}
layer read after innermost_dim_sum handling: 1
innermost_dim_sum: None, next_spatial_unroll: {'Z': 1, 'Y': 1, 'X': 1}
tile sizes[dim] for dim in dim_sum: [[1], [1], [1]]
intermediate out layer 0 read after next_spatials handling: 1
intermediate out remaining dim in actual_dataflow_per_layer[0][:4]: ['X', 'S0', 'R0', 'C0']
intermediate out layer 0 final read: 108
Initialization Level: OutRegister, Layer 1: out_reads = 1, innermost_dim_sum = None, i = -1, actual_dataflow = []
out layer read after innermost_dim_sum handling: 1
innermost_dim_sum: None, next_spatial_unroll: {'C2': 1, 'P': 1, 'Q': 1}
tile sizes[dim] for dim in dim_sum: [[1], [1], [1]]
output layer 1 read after next_spatials handling: 1
out remaining dim in actual_dataflow_per_layer[1][:0]: []
actual_dataflow_per_layer[0]: ['X', 'S0', 'R0', 'C0'], i = -1
output layer 1 final read: 1, out_reads_factors (orthogonal to output) = 1

BEFORE BYPASS: ignore_bypasses: False, In reads: 0, Per Layer W Reads: {0: 0, 1: 0}, w_reads: 0,
 Per Layer Intermediate Input reads: {0: 1}, int_in_reads: 1, Per Layer Intermediate Output reads: {0: 108}, int_out_reads: 108, Out reads: 1
ignore_bypasses: False, self.next_spatial.names: ['Compute']
I AM HANDLING BYPASS NOW


Level: OutRegister: Operand = in


Level: OutRegister: Operand = w


Level: OutRegister: Operand = out


Level: OutRegister: Operand = int
AFTER BYPASS of all operands:  OutRegister: in_reads: 0, per_layer_w_reads: {0: 0, 1: 0}, w_reads: 0, per_layer_int_in_reads: {0: 1}, int_in_reads: 1, per_layer_int_out_reads: {0: 108}, int_out_reads: 108, out_reads: 1, out_writes: 1, out_reads_factors: 1

spatial_level: Compute, spatial_level.dataflow: [], spatial_level.factors: {C0: {}, Y: {}, X: {}, R0: {}, S0: {}, Z: {}, C1: {}, R1: {}, S1: {}, C2: {}, P: {}, Q: {}}
After Spatials: Level: OutRegister: MOPs in_reads = 0, per_layer_w_reads = {0: 0, 1: 0}, w_reads = 0, per_layer_int_in_reads = {0: 1}, int_in_reads = 1, per_layer_int_out_reads = {0: 108}, int_out_reads = 108, out_reads = 1, out_writes = 1, out_reads_factors = 1

End MOPs with Bypasses for Level: OutRegister


DEBUG updateStats pre scaling: Level OutRegister:
  in_reads: 0
  per_layer_w_reads: {0: 0, 1: 0}
  w_reads: 0
  per_layer_int_in_reads: {0: 1}
  per_layer_int_out_reads: {0: 108}
  out_reads: 1
  out_reads_factors: 1
temporal_iterations_per_layer before update: {0: 32, 1: 648}, spatial_iterations_per_layer before update: {0: 2, 1: 4}
scale per layer: {0: 64, 1: 2592}
scaled in_reads: 0
scaled per_layer_w_reads before sum: {0: 0, 1: 0}
scaled per_layer_int_in_reads before sum: {0: 2592}
scaled per_layer_int_out_reads before sum: {0: 6912}
scaled out_reads: 2592
DEBUG updateStats post scaling: Level OutRegister:
  in_reads: 0
  per_layer_w_reads: {0: 0, 1: 0}
  w_reads: 0
  per_layer_int_in_reads: {0: 2592}
  int_in_reads: 2592
  per_layer_int_out_reads: {0: 6912}
  int_out_reads: 6912
  out_reads: 3312
  out_reads_factors: 18
Updated considering level: OutRegister, this dim: X is considered in temporal_iterations_per_layer[0]
Updated considering level: OutRegister, this dim: S0 is considered in temporal_iterations_per_layer[0]
Updated considering level: OutRegister, this dim: R0 is considered in temporal_iterations_per_layer[0]
Updated considering level: OutRegister, this dim: C0 is considered in temporal_iterations_per_layer[0]
Updated considering level: OutRegister, this dim: Y is considered in temporal_iterations_per_layer[0]
Updated considering level: OutRegister, this dim: Z is considered in temporal_iterations_per_layer[0]
Updated considering level: OutRegister, this dim: C1 is considered in temporal_iterations_per_layer[1]
Updated considering level: OutRegister, this dim: R1 is considered in temporal_iterations_per_layer[1]
Updated considering level: OutRegister, this dim: S1 is considered in temporal_iterations_per_layer[1]
Updated considering level: OutRegister, this dim: C2 is considered in temporal_iterations_per_layer[1]
Updated considering level: OutRegister, this dim: P is considered in temporal_iterations_per_layer[1]
Updated considering level: OutRegister, this dim: Q is considered in temporal_iterations_per_layer[1]
Initial condition (Wart: 7.425e-06):
DRAM ----------> P: 2, Q: 3, C1: 2
GlobalBuffer --> P: 3, X: 2, R1: 3, Y: 4
SACols --------> Y: 2, Q: 2
SARows --------> C1: 2
InRegister ----> S1: 3, Z: 4
WRegister -----> C2: 2
OutRegister ---> X: 4, S0: 3, R0: 3, C0: 3
Compute -------

Starting FactorFlow tiling optimization:

é stato chiamato update stats! 




Questo mops è chiamato da update stats
Level: DRAM, arch bypasses for the level: [], in_bp: 1, w_bp: 1, out_bp: 1, int_bp: 1
arch.name: Fixed Multi-Layer Convolution Architecture with Mapping Constraints, level.name: DRAM
Level: DRAM: Starting MOPs calculation with in_bp: 1, w_bp: 1, out_bp: 1, int_bp: 1, ignore_bypasses: False, dataflow: ['P', 'Q', 'C1', 'C0', 'Y', 'X', 'R0', 'S0', 'Z', 'R1', 'S1', 'C2'], factors: {C0: {}, Y: {}, X: {}, R0: {}, S0: {}, Z: {}, C1: {2: 1}, R1: {}, S1: {}, C2: {}, P: {2: 1}, Q: {3: 1}}, tile_sizes: {C0: 3, Y: 8, X: 8, R0: 3, S0: 3, Z: 4, C1: 2, R1: 3, S1: 3, C2: 2, P: 3, Q: 2}, factors_constraints: {'Q': 3, 'P': 2, 'C1': 2}, bypasses: [], multiple_buffering: 1, multiple_reuses: True
actual_dataflow_per_layer[0]: []
actual_dataflow_per_layer[1]: ['P', 'Q', 'C1']
Level: DRAM: actual_dataflow_per_layer: {0: [], 1: ['P', 'Q', 'C1']}, actual_dataflow: ['P', 'Q', 'C1'], dataflow: ['P', 'Q', 'C1', 'C0', 'Y', 'X', 'R0', 'S0', 'Z', 'R1', 'S1', 'C2'], factors: {C0: {}, Y: {}, X: {}, R0: {}, S0: {}, Z: {}, C1: {2: 1}, R1: {}, S1: {}, C2: {}, P: {2: 1}, Q: {3: 1}}, num layers: 2
tile size for each dim in actual_dataflow: [('P', 3), ('Q', 2), ('C1', 2)]
tile size for each dim in actual_dataflow-per_layer[0]: []
tile size for each dim in actual_dataflow_per_layer[1]: [('P', 3), ('Q', 2), ('C1', 2)]


Stationarity calculation for Level: DRAM: in_bp = 1, w_bp = 1, int_bp = 1, out_bp = 1


Initialization Level: DRAM: in_reads = 1
Level: DRAM: flat_in_coupling = ['C0', 'Y', 'R0', 'X', 'S0'], i = -1, actual_dataflow_per_layer[0] = []
input read after innermost_dim_sum handling: 1
Level: DRAM, Layer 0: after no Spatial, Input in_reads = 300, i = -1, innermost_dim_sum = None
input remaining dim in actual_dataflow_per_layer[0][:0]: []
actual_dataflow_per_layer[0]: [], i = -1
Level: DRAM, Layer 0: final Input in_reads = 300


Initialization Level: DRAM: w_reads = 1, per_layer_w_reads = {0: 1, 1: 1}
actual_dataflow_per_layer[0] = [], flat_weight_coupling[0] = ['Z', 'C0', 'R0', 'S0']
tile size for each dim of actual_dataflow_per_layer[0]: []
Level: DRAM: innermost_dim_sum = None, i = -1, actual_dataflow = ['P', 'Q', 'C1']
weight layer 0 read after innermost_dim_sum handling: 1
innermost_dim_sum: None, dim_sum: dim_sum in self.arch.coupling.getWeightCoupling(0) if dim_sum is not innermost_dim_sum: [['Z'], ['C0'], ['R0'], ['S0']]
self.tile_size[dim] for dim in dim_sum: [[4], [3], [3], [3]]
weight layer 0 read after no next_spatials handling: 108
weight layer 0 read after next_spatials handling: 108
weight remaining dim in actual_dataflow_per_layer[0][:0]: []
actual_dataflow_per_layer[0]: [], i = -1
Level: DRAM, Layer 0: final Weight layer_read = 108
actual_dataflow_per_layer[1] = ['P', 'Q', 'C1'], flat_weight_coupling[1] = ['C2', 'C1', 'R1', 'S1']
tile size for each dim of actual_dataflow_per_layer[1]: [3, 2, 2]
Level: DRAM: innermost_dim_sum = None, i = 2, actual_dataflow = ['P', 'Q', 'C1']
weight layer 1 read after innermost_dim_sum handling: 1
innermost_dim_sum: None, dim_sum: dim_sum in self.arch.coupling.getWeightCoupling(1) if dim_sum is not innermost_dim_sum: [['C2'], ['C1'], ['R1'], ['S1']]
self.tile_size[dim] for dim in dim_sum: [[2], [2], [3], [3]]
weight layer 1 read after no next_spatials handling: 36
weight layer 1 read after next_spatials handling: 36
weight remaining dim in actual_dataflow_per_layer[1][:3]: ['P', 'Q', 'C1']
actual_dataflow_per_layer[1]: ['P', 'Q', 'C1'], i = 2
Level: DRAM, Layer 1: final Weight layer_read = 432

Initialization Level: DRAM, Layer 0: int_in_reads = 1, per_layer_int_in_reads = {0: 1}
actual_dataflow_per_layer[1] = ['P', 'Q', 'C1'], flat_intermediate_input_coupling[0] = ['C1', 'P', 'R1', 'Q', 'S1']
tile size for each dim of actual_dataflow_per_layer[1]: [3, 2, 2]
Level: DRAM: innermost_dim_sum = None, i = 2, actual_dataflow = ['P', 'Q', 'C1']
layer read after innermost_dim_sum handling: 1
innermost_dim_sum: None, dim_sum: dim_sum in self.arch.coupling.getIntermediateInputCoupling(0) if dim_sum is not innermost_dim_sum: [['C1'], ['P', 'R1'], ['Q', 'S1']]
self.tile_size[dim] for dim in dim_sum: [[2], [3, 3], [2, 3]]
intermediate in layer 0 read after no next_spatials handling: 40
intermediate in remaining dim in actual_dataflow_per_layer[1][:3]: ['P', 'Q', 'C1']
intermediate in layer 0 final read: 480

Initialization Level: DRAM, Layer 0: int_out_reads = 1, per_layer_int_out_reads = {0: 1}
actual_dataflow_per_layer[0] = [], flat_intermediate_output_coupling[0] = ['Z', 'Y', 'X']
tile size for each dim of actual_dataflow_per_layer[0]: []
Level: DRAM: innermost_dim_sum = None, i = -1, actual_dataflow = []
layer read after innermost_dim_sum handling: 1
innermost_dim_sum: None, dim_sum: dim_sum in self.arch.coupling.getIntermediateOutputCoupling(0) if dim_sum is not innermost_dim_sum: [['Z'], ['Y'], ['X']]
self.tile_size[dim] for dim in dim_sum: [[4], [8], [8]]
intermediate out layer 0 read after no next_spatials handling: 256
intermediate out remaining dim in actual_dataflow_per_layer[0][:0]: []
intermediate out layer 0 final read: 256
Initialization Level: DRAM, Layer 1: out_reads = 1, innermost_dim_sum = None, i = 2, actual_dataflow = ['P', 'Q', 'C1']
out layer read after innermost_dim_sum handling: 1
innermost_dim_sum: None, dim_sum: dim_sum in self.arch.coupling.out_coupling if dim_sum is not innermost_dim_sum: [['C2'], ['P'], ['Q']]
self.tile_size[dim] for dim in dim_sum: [[2], [3], [2]]
output layer 1 read after no next_spatials handling: 12
out remaining dim in actual_dataflow_per_layer[1][:2]: ['P', 'Q']
actual_dataflow_per_layer[0]: [], i = 1
output layer 1 final read: 72, out_reads_factors (orthogonal to output) = 1

BEFORE BYPASS: ignore_bypasses: False, In reads: 300, Per Layer W Reads: {0: 108, 1: 432}, w_reads: 540,
 Per Layer Intermediate Input reads: {0: 480}, int_in_reads: 480, Per Layer Intermediate Output reads: {0: 256}, int_out_reads: 256, Out reads: 72
ignore_bypasses: False, self.next_spatial.names: []
I AM HANDLING BYPASS NOW


Level: DRAM: Operand = in


Level: DRAM: Operand = w


Level: DRAM: Operand = out


Level: DRAM: Operand = int
AFTER BYPASS of all operands:  DRAM: in_reads: 300, per_layer_w_reads: {0: 108, 1: 432}, w_reads: 540, per_layer_int_in_reads: {0: 480}, int_in_reads: 480, per_layer_int_out_reads: {0: 256}, int_out_reads: 256, out_reads: 72, out_writes: 72, out_reads_factors: 1

After Spatials: Level: DRAM: MOPs in_reads = 300, per_layer_w_reads = {0: 108, 1: 432}, w_reads = 540, per_layer_int_in_reads = {0: 480}, int_in_reads = 480, per_layer_int_out_reads = {0: 256}, int_out_reads = 256, out_reads = 72, out_writes = 72, out_reads_factors = 1

End MOPs with Bypasses for Level: DRAM


DEBUG updateStats pre scaling: Level DRAM:
  in_reads: 300
  per_layer_w_reads: {0: 108, 1: 432}
  w_reads: 540
  per_layer_int_in_reads: {0: 480}
  per_layer_int_out_reads: {0: 256}
  out_reads: 72
  out_reads_factors: 1
temporal_iterations_per_layer before update: {0: 1, 1: 1}, spatial_iterations_per_layer before update: {0: 1, 1: 1}
scale per layer: {0: 1, 1: 1}
scaled in_reads: 300
scaled per_layer_w_reads before sum: {0: 108, 1: 432}
scaled per_layer_int_in_reads before sum: {0: 480}
scaled per_layer_int_out_reads before sum: {0: 256}
scaled out_reads: 72
DEBUG updateStats post scaling: Level DRAM:
  in_reads: 300
  per_layer_w_reads: {0: 108, 1: 432}
  w_reads: 540
  per_layer_int_in_reads: {0: 480}
  int_in_reads: 480
  per_layer_int_out_reads: {0: 256}
  int_out_reads: 256
  out_reads: 0
  out_reads_factors: 1
Updated considering level: DRAM, this dim: C0 is considered in temporal_iterations_per_layer[0]
Updated considering level: DRAM, this dim: Y is considered in temporal_iterations_per_layer[0]
Updated considering level: DRAM, this dim: X is considered in temporal_iterations_per_layer[0]
Updated considering level: DRAM, this dim: R0 is considered in temporal_iterations_per_layer[0]
Updated considering level: DRAM, this dim: S0 is considered in temporal_iterations_per_layer[0]
Updated considering level: DRAM, this dim: Z is considered in temporal_iterations_per_layer[0]
Updated considering level: DRAM, this dim: P is considered in temporal_iterations_per_layer[1]
Updated considering level: DRAM, this dim: Q is considered in temporal_iterations_per_layer[1]
Updated considering level: DRAM, this dim: C1 is considered in temporal_iterations_per_layer[1]
Updated considering level: DRAM, this dim: R1 is considered in temporal_iterations_per_layer[1]
Updated considering level: DRAM, this dim: S1 is considered in temporal_iterations_per_layer[1]
Updated considering level: DRAM, this dim: C2 is considered in temporal_iterations_per_layer[1]


Questo mops è chiamato da update stats
Level: GlobalBuffer, arch bypasses for the level: [], in_bp: 1, w_bp: 0, out_bp: 0, int_bp: 1
arch.name: Fixed Multi-Layer Convolution Architecture with Mapping Constraints, level.name: GlobalBuffer
Level: GlobalBuffer: Starting MOPs calculation with in_bp: 1, w_bp: 0, out_bp: 0, int_bp: 1, ignore_bypasses: False, dataflow: ['P', 'X', 'R1', 'Y', 'C0', 'R0', 'S0', 'Z', 'C1', 'S1', 'C2', 'Q'], factors: {C0: {}, Y: {2: 2}, X: {2: 1}, R0: {}, S0: {}, Z: {}, C1: {}, R1: {3: 1}, S1: {}, C2: {}, P: {3: 1}, Q: {}}, tile_sizes: {C0: 3, Y: 2, X: 4, R0: 3, S0: 3, Z: 4, C1: 2, R1: 1, S1: 3, C2: 2, P: 1, Q: 2}, factors_constraints: {'P': 3, 'X': 2, 'R1': 3, 'Y': 4}, bypasses: [], multiple_buffering: 1, multiple_reuses: True
actual_dataflow_per_layer[0]: ['X', 'Y']
actual_dataflow_per_layer[1]: ['P', 'R1']
Level: GlobalBuffer: actual_dataflow_per_layer: {0: ['X', 'Y'], 1: ['P', 'R1']}, actual_dataflow: ['P', 'X', 'R1', 'Y'], dataflow: ['P', 'X', 'R1', 'Y', 'C0', 'R0', 'S0', 'Z', 'C1', 'S1', 'C2', 'Q'], factors: {C0: {}, Y: {2: 2}, X: {2: 1}, R0: {}, S0: {}, Z: {}, C1: {}, R1: {3: 1}, S1: {}, C2: {}, P: {3: 1}, Q: {}}, num layers: 2
tile size for each dim in actual_dataflow: [('P', 1), ('X', 4), ('R1', 1), ('Y', 2)]
tile size for each dim in actual_dataflow-per_layer[0]: [('X', 4), ('Y', 2)]
tile size for each dim in actual_dataflow_per_layer[1]: [('P', 1), ('R1', 1)]


Stationarity calculation for Level: GlobalBuffer: in_bp = 1, w_bp = 0, int_bp = 1, out_bp = 0


Initialization Level: GlobalBuffer: in_reads = 1
Level: GlobalBuffer: flat_in_coupling = ['C0', 'Y', 'R0', 'X', 'S0'], i = 1, actual_dataflow_per_layer[0] = ['X', 'Y']
input read after innermost_dim_sum handling: 1
innermost_dim_sum: None, next_spatial_unroll: {'C0': 1, 'Y': 2, 'R0': 1, 'X': 1, 'S0': 1}
tile sizes[dim] for dim in dim_sum: [[3], [2, 3], [4, 3]]
Level: GlobalBuffer, Layer 0: after Spatial, Input in_reads = 108, i = 1, innermost_dim_sum = None
input remaining dim in actual_dataflow_per_layer[0][:2]: ['X', 'Y']
actual_dataflow_per_layer[0]: ['X', 'Y'], i = 1
Level: GlobalBuffer, Layer 0: final Input in_reads = 864


Initialization Level: GlobalBuffer, Layer 0: int_in_reads = 1, per_layer_int_in_reads = {0: 1}
actual_dataflow_per_layer[1] = ['P', 'R1'], flat_intermediate_input_coupling[0] = ['C1', 'P', 'R1', 'Q', 'S1']
tile size for each dim of actual_dataflow_per_layer[1]: [1, 1]
Level: GlobalBuffer: innermost_dim_sum = ['P', 'R1'], i = 1, actual_dataflow = ['P', 'X', 'R1', 'Y']
self.factors.dimProduct(actual_dataflow_per_layer[1][1]): 3, self.tile_sizes[actual_dataflow_per_layer[1][1]]: 1
[self.tile_sizes[dim] for dim in innermost_dim_sum if dim != actual_dataflow_per_layer[1][1]]: [1]
layer read after innermost_dim_sum handling: 3
innermost_dim_sum: ['P', 'R1'], next_spatial_unroll: {'C1': 2, 'P': 1, 'R1': 1, 'Q': 2, 'S1': 1}
 dims in dim_sum: [['C1'], ['Q', 'S1']]
tile sizes[dim] for dim in dim_sum: [[2], [2, 3]]
intermediate in layer 0 read after next_spatials handling: 36
intermediate in remaining dim in actual_dataflow_per_layer[1][:1]: ['P']
intermediate in layer 0 final read: 108

Initialization Level: GlobalBuffer, Layer 0: int_out_reads = 1, per_layer_int_out_reads = {0: 1}
actual_dataflow_per_layer[0] = ['X', 'Y'], flat_intermediate_output_coupling[0] = ['Z', 'Y', 'X']
tile size for each dim of actual_dataflow_per_layer[0]: [4, 2]
Level: GlobalBuffer: innermost_dim_sum = None, i = 1, actual_dataflow = ['X', 'Y']
layer read after innermost_dim_sum handling: 1
innermost_dim_sum: None, next_spatial_unroll: {'Z': 1, 'Y': 2, 'X': 1}
tile sizes[dim] for dim in dim_sum: [[4], [2], [4]]
intermediate out layer 0 read after next_spatials handling: 32
intermediate out remaining dim in actual_dataflow_per_layer[0][:2]: ['X', 'Y']
intermediate out layer 0 final read: 256

BEFORE BYPASS: ignore_bypasses: False, In reads: 864, Per Layer W Reads: {0: 0, 1: 0}, w_reads: 0,
 Per Layer Intermediate Input reads: {0: 108}, int_in_reads: 108, Per Layer Intermediate Output reads: {0: 256}, int_out_reads: 256, Out reads: 0
ignore_bypasses: False, self.next_spatial.names: ['SACols', 'SARows']
I AM HANDLING BYPASS NOW


Level: GlobalBuffer: Operand = in


Level: GlobalBuffer: Operand = w
Final level name before not bypassing: InRegister
I call MOPs on InRegister
arch.name: Fixed Multi-Layer Convolution Architecture with Mapping Constraints, level.name: InRegister
Level (handling bypass): InRegister: Starting MOPs calculation with in_bp: False, w_bp: True, out_bp: False, int_bp: False, dataflow: ['S1', 'Z', 'C0', 'Y', 'X', 'R0', 'S0', 'C1', 'R1', 'C2', 'P', 'Q'], factors: {C0: {}, Y: {}, X: {}, R0: {}, S0: {}, Z: {2: 2}, C1: {}, R1: {}, S1: {3: 1}, C2: {}, P: {}, Q: {}}, tile_sizes: {C0: 3, Y: 1, X: 4, R0: 3, S0: 3, Z: 1, C1: 1, R1: 1, S1: 1, C2: 2, P: 1, Q: 1}, factors_constraints: {'S1': 3, 'Z': 4}, bypasses: ['w', 'out'], multiple_buffering: 1, multiple_reuses: True
actual_dataflow_per_layer[0]: ['Z']
actual_dataflow_per_layer[1]: ['S1']
Level: InRegister: actual_dataflow_per_layer: {0: ['Z'], 1: ['S1']}, actual_dataflow: ['S1', 'Z'], dataflow: ['S1', 'Z', 'C0', 'Y', 'X', 'R0', 'S0', 'C1', 'R1', 'C2', 'P', 'Q'], factors: {C0: {}, Y: {}, X: {}, R0: {}, S0: {}, Z: {2: 2}, C1: {}, R1: {}, S1: {3: 1}, C2: {}, P: {}, Q: {}}, num layers: 2
tile size for each dim in actual_dataflow: [('S1', 1), ('Z', 1)]
tile size for each dim in actual_dataflow-per_layer[0]: [('Z', 1)]
tile size for each dim in actual_dataflow_per_layer[1]: [('S1', 1)]


Stationarity calculation for Level: InRegister: in_bp = False, w_bp = True, int_bp = False, out_bp = False


Initialization Level: InRegister: w_reads = 1, per_layer_w_reads = {0: 1, 1: 1}
actual_dataflow_per_layer[0] = ['Z'], flat_weight_coupling[0] = ['Z', 'C0', 'R0', 'S0']
tile size for each dim of actual_dataflow_per_layer[0]: [1]
Level: InRegister: innermost_dim_sum = None, i = 0, actual_dataflow = ['S1', 'Z']
weight layer 0 read after innermost_dim_sum handling: 1
innermost_dim_sum: None, dim_sum: dim_sum in self.arch.coupling.getWeightCoupling(0) if dim_sum is not innermost_dim_sum: [['Z'], ['C0'], ['R0'], ['S0']]
self.tile_size[dim] for dim in dim_sum: [[1], [3], [3], [3]]
weight layer 0 read after no next_spatials handling: 27
weight layer 0 read after next_spatials handling: 27
weight remaining dim in actual_dataflow_per_layer[0][:1]: ['Z']
actual_dataflow_per_layer[0]: ['Z'], i = 0
Level: InRegister, Layer 0: final Weight layer_read = 108
actual_dataflow_per_layer[1] = ['S1'], flat_weight_coupling[1] = ['C2', 'C1', 'R1', 'S1']
tile size for each dim of actual_dataflow_per_layer[1]: [1]
Level: InRegister: innermost_dim_sum = None, i = 0, actual_dataflow = ['S1', 'Z']
weight layer 1 read after innermost_dim_sum handling: 1
innermost_dim_sum: None, dim_sum: dim_sum in self.arch.coupling.getWeightCoupling(1) if dim_sum is not innermost_dim_sum: [['C2'], ['C1'], ['R1'], ['S1']]
self.tile_size[dim] for dim in dim_sum: [[2], [1], [1], [1]]
weight layer 1 read after no next_spatials handling: 2
weight layer 1 read after next_spatials handling: 2
weight remaining dim in actual_dataflow_per_layer[1][:1]: ['S1']
actual_dataflow_per_layer[1]: ['S1'], i = 0
Level: InRegister, Layer 1: final Weight layer_read = 6

BEFORE BYPASS: ignore_bypasses: True, In reads: 0, Per Layer W Reads: {0: 108, 1: 6}, w_reads: 114,
 Per Layer Intermediate Input reads: {0: 0}, int_in_reads: 0, Per Layer Intermediate Output reads: {0: 0}, int_out_reads: 0, Out reads: 0
ignore_bypasses: True, self.next_spatial.names: []
After Spatials: Level: InRegister: MOPs in_reads = 0, per_layer_w_reads = {0: 108, 1: 6}, w_reads = 114, per_layer_int_in_reads = {0: 0}, int_in_reads = 0, per_layer_int_out_reads = {0: 0}, int_out_reads = 0, out_reads = 0, out_writes = 0, out_reads_factors = 0

After non recursive call for Level: InRegister: MOPs for per_layer_int_in_reads_bp={0: 0} in_bp=0, per_layer_w_reads_bp={0: 108, 1: 6} w_bp=114, out_bp=0, ignore_bypasses=True (bypass operand w)
I'm going from the down (Compute) to the top
Level: GlobalBuffer: in_btwn = SARows, stationarity_to_address = False, in_reads_bp = 0, w_reads_bp = 114, out_reads_bp = 0, ignore_bypasses = False
in_btwn Level: SARows, not MemLevel
SONO IN MULBYDIM self.name: SARows in_reads: 0, per_layer_w_reads: {0: 108, 1: 6}, out_reads: 0, out_writes: 0, per_layer_int_in_reads: {0: 0}, per_layer_int_out_reads: {0: 0}, per_layer_int_out_writes: {0: 0}
per_layer_w_reads after non-selective multicast: {0: 108, 1: 12}
in_btwn: MOPs results: in_reads_bp: 0, per_layer_w_reads_bp: {0: 108, 1: 12}, w_reads_bp: 120, int_out_reads_bp: 0, int_in_reads_bp: 0, out_reads_bp: 0
I'm going from the down (Compute) to the top
Level: GlobalBuffer: in_btwn = SACols, stationarity_to_address = False, in_reads_bp = 0, w_reads_bp = 120, out_reads_bp = 0, ignore_bypasses = False
in_btwn Level: SACols, not MemLevel
SONO IN MULBYDIM self.name: SACols in_reads: 0, per_layer_w_reads: {0: 108, 1: 12}, out_reads: 0, out_writes: 0, per_layer_int_in_reads: {0: 0}, per_layer_int_out_reads: {0: 0}, per_layer_int_out_writes: {0: 0}
per_layer_w_reads after non-selective multicast: {0: 108, 1: 12}
in_btwn: MOPs results: in_reads_bp: 0, per_layer_w_reads_bp: {0: 108, 1: 12}, w_reads_bp: 120, int_out_reads_bp: 0, int_in_reads_bp: 0, out_reads_bp: 0
End inbtwn
Now I will do MyLevel: GlobalBuffer: MOPs for per_layer_w_reads_bp={0: 108, 1: 12}, in_bp=0, per_layer_w_reads_bp={0: 108, 1: 12}, w_bp=120, out_bp=0, stationarity_to_address=False (bypass operand w)
Level: GlobalBuffer: stationarity_to_address is False, dataflow handled among inner loops
Before: per_layer_w_reads_bp[0] = 108
After: per_layer_w_reads_bp[0] = 864
Before: per_layer_w_reads_bp[1] = 12
After: per_layer_w_reads_bp[1] = 108
per_layer_w_reads_before_bypass_layer_idx[0]: 0, per_layer_w_reads_bp_layer_idx[0]: 864
per_layer_w_reads_before_bypass_layer_idx[1]: 0, per_layer_w_reads_bp_layer_idx[1]: 108


Level: GlobalBuffer: Operand = out
Final level name before not bypassing: WRegister
I call MOPs on WRegister
arch.name: Fixed Multi-Layer Convolution Architecture with Mapping Constraints, level.name: WRegister
Level (handling bypass): WRegister: Starting MOPs calculation with in_bp: False, w_bp: False, out_bp: True, int_bp: False, dataflow: ['C2', 'C0', 'Y', 'X', 'R0', 'S0', 'Z', 'C1', 'R1', 'S1', 'P', 'Q'], factors: {C0: {}, Y: {}, X: {}, R0: {}, S0: {}, Z: {}, C1: {}, R1: {}, S1: {}, C2: {2: 1}, P: {}, Q: {}}, tile_sizes: {C0: 3, Y: 1, X: 4, R0: 3, S0: 3, Z: 1, C1: 1, R1: 1, S1: 1, C2: 1, P: 1, Q: 1}, factors_constraints: {'C2': 2}, bypasses: ['in', 'int', 'out'], multiple_buffering: 1, multiple_reuses: True
actual_dataflow_per_layer[0]: []
actual_dataflow_per_layer[1]: ['C2']
Level: WRegister: actual_dataflow_per_layer: {0: [], 1: ['C2']}, actual_dataflow: ['C2'], dataflow: ['C2', 'C0', 'Y', 'X', 'R0', 'S0', 'Z', 'C1', 'R1', 'S1', 'P', 'Q'], factors: {C0: {}, Y: {}, X: {}, R0: {}, S0: {}, Z: {}, C1: {}, R1: {}, S1: {}, C2: {2: 1}, P: {}, Q: {}}, num layers: 2
tile size for each dim in actual_dataflow: [('C2', 1)]
tile size for each dim in actual_dataflow-per_layer[0]: []
tile size for each dim in actual_dataflow_per_layer[1]: [('C2', 1)]


Stationarity calculation for Level: WRegister: in_bp = False, w_bp = False, int_bp = False, out_bp = True

Initialization Level: WRegister, Layer 1: out_reads = 1, innermost_dim_sum = None, i = 0, actual_dataflow = ['C2']
out layer read after innermost_dim_sum handling: 1
innermost_dim_sum: None, dim_sum: dim_sum in self.arch.coupling.out_coupling if dim_sum is not innermost_dim_sum: [['C2'], ['P'], ['Q']]
self.tile_size[dim] for dim in dim_sum: [[1], [1], [1]]
output layer 1 read after no next_spatials handling: 1
out remaining dim in actual_dataflow_per_layer[1][:1]: ['C2']
actual_dataflow_per_layer[0]: [], i = 0
output layer 1 final read: 2, out_reads_factors (orthogonal to output) = 1

BEFORE BYPASS: ignore_bypasses: True, In reads: 0, Per Layer W Reads: {0: 0, 1: 0}, w_reads: 0,
 Per Layer Intermediate Input reads: {0: 0}, int_in_reads: 0, Per Layer Intermediate Output reads: {0: 0}, int_out_reads: 0, Out reads: 2
ignore_bypasses: True, self.next_spatial.names: []
After Spatials: Level: WRegister: MOPs in_reads = 0, per_layer_w_reads = {0: 0, 1: 0}, w_reads = 0, per_layer_int_in_reads = {0: 0}, int_in_reads = 0, per_layer_int_out_reads = {0: 0}, int_out_reads = 0, out_reads = 2, out_writes = 2, out_reads_factors = 1

After non recursive call for Level: WRegister: MOPs for per_layer_int_in_reads_bp={0: 0} in_bp=0, per_layer_w_reads_bp={0: 0, 1: 0} w_bp=0, out_bp=2, ignore_bypasses=True (bypass operand out)
I'm going from the down (Compute) to the top
Level: GlobalBuffer: in_btwn = InRegister, stationarity_to_address = False, in_reads_bp = 0, w_reads_bp = 0, out_reads_bp = 2, ignore_bypasses = False
I'm going from the down (Compute) to the top
Level: GlobalBuffer: in_btwn = SARows, stationarity_to_address = False, in_reads_bp = 0, w_reads_bp = 0, out_reads_bp = 2, ignore_bypasses = False
in_btwn Level: SARows, not MemLevel
SONO IN MULBYDIM self.name: SARows in_reads: 0, per_layer_w_reads: {0: 0, 1: 0}, out_reads: 2, out_writes: 2, per_layer_int_in_reads: {0: 0}, per_layer_int_out_reads: {0: 0}, per_layer_int_out_writes: {0: 0}
per_layer_w_reads after non-selective multicast: {0: 0, 1: 0}
in_btwn: MOPs results: in_reads_bp: 0, per_layer_w_reads_bp: {0: 0, 1: 0}, w_reads_bp: 0, int_out_reads_bp: 0, int_in_reads_bp: 0, out_reads_bp: 2
I'm going from the down (Compute) to the top
Level: GlobalBuffer: in_btwn = SACols, stationarity_to_address = False, in_reads_bp = 0, w_reads_bp = 0, out_reads_bp = 2, ignore_bypasses = False
in_btwn Level: SACols, not MemLevel
SONO IN MULBYDIM self.name: SACols in_reads: 0, per_layer_w_reads: {0: 0, 1: 0}, out_reads: 2, out_writes: 2, per_layer_int_in_reads: {0: 0}, per_layer_int_out_reads: {0: 0}, per_layer_int_out_writes: {0: 0}
per_layer_w_reads after non-selective multicast: {0: 0, 1: 0}
in_btwn: MOPs results: in_reads_bp: 0, per_layer_w_reads_bp: {0: 0, 1: 0}, w_reads_bp: 0, int_out_reads_bp: 0, int_in_reads_bp: 0, out_reads_bp: 4
End inbtwn
Now I will do MyLevel: GlobalBuffer: MOPs for per_layer_w_reads_bp={0: 0, 1: 0}, in_bp=0, per_layer_w_reads_bp={0: 0, 1: 0}, w_bp=0, out_bp=4, stationarity_to_address=False (bypass operand out)
per_layer_w_reads_before_bypass_layer_idx[0]: 864, per_layer_w_reads_bp_layer_idx[0]: 0
per_layer_w_reads_before_bypass_layer_idx[1]: 108, per_layer_w_reads_bp_layer_idx[1]: 0


Level: GlobalBuffer: Operand = int
AFTER BYPASS of all operands:  GlobalBuffer: in_reads: 864, per_layer_w_reads: {0: 864, 1: 108}, w_reads: 972, per_layer_int_in_reads: {0: 108}, int_in_reads: 108, per_layer_int_out_reads: {0: 256}, int_out_reads: 256, out_reads: 36, out_writes: 36, out_reads_factors: 288

spatial_level: SACols, spatial_level.dataflow: ['Y', 'Q'], spatial_level.factors: {C0: {}, Y: {2: 1}, X: {}, R0: {}, S0: {}, Z: {}, C1: {}, R1: {}, S1: {}, C2: {}, P: {}, Q: {2: 1}}
spatial_level: SARows, spatial_level.dataflow: ['C1'], spatial_level.factors: {C0: {}, Y: {}, X: {}, R0: {}, S0: {}, Z: {}, C1: {2: 1}, R1: {}, S1: {}, C2: {}, P: {}, Q: {}}
After Spatials: Level: GlobalBuffer: MOPs in_reads = 864, per_layer_w_reads = {0: 864, 1: 108}, w_reads = 972, per_layer_int_in_reads = {0: 108}, int_in_reads = 108, per_layer_int_out_reads = {0: 256}, int_out_reads = 256, out_reads = 36, out_writes = 36, out_reads_factors = 288

End MOPs with Bypasses for Level: GlobalBuffer


DEBUG updateStats pre scaling: Level GlobalBuffer:
  in_reads: 864
  per_layer_w_reads: {0: 864, 1: 108}
  w_reads: 972
  per_layer_int_in_reads: {0: 108}
  per_layer_int_out_reads: {0: 256}
  out_reads: 36
  out_reads_factors: 288
temporal_iterations_per_layer before update: {0: 1, 1: 12}, spatial_iterations_per_layer before update: {0: 1, 1: 1}
scale per layer: {0: 1, 1: 12}
scaled in_reads: 864
scaled per_layer_w_reads before sum: {0: 864, 1: 1296}
scaled per_layer_int_in_reads before sum: {0: 1296}
scaled per_layer_int_out_reads before sum: {0: 256}
scaled out_reads: 432
DEBUG updateStats post scaling: Level GlobalBuffer:
  in_reads: 864
  per_layer_w_reads: {0: 864, 1: 1296}
  w_reads: 2160
  per_layer_int_in_reads: {0: 1296}
  int_in_reads: 1296
  per_layer_int_out_reads: {0: 256}
  int_out_reads: 256
  out_reads: 503
  out_reads_factors: 576
Updated considering level: GlobalBuffer, this dim: X is considered in temporal_iterations_per_layer[0]
Updated considering level: GlobalBuffer, this dim: Y is considered in temporal_iterations_per_layer[0]
Updated considering level: GlobalBuffer, this dim: C0 is considered in temporal_iterations_per_layer[0]
Updated considering level: GlobalBuffer, this dim: R0 is considered in temporal_iterations_per_layer[0]
Updated considering level: GlobalBuffer, this dim: S0 is considered in temporal_iterations_per_layer[0]
Updated considering level: GlobalBuffer, this dim: Z is considered in temporal_iterations_per_layer[0]
Updated considering level: GlobalBuffer, this dim: P is considered in temporal_iterations_per_layer[1]
Updated considering level: GlobalBuffer, this dim: R1 is considered in temporal_iterations_per_layer[1]
Updated considering level: GlobalBuffer, this dim: C1 is considered in temporal_iterations_per_layer[1]
Updated considering level: GlobalBuffer, this dim: S1 is considered in temporal_iterations_per_layer[1]
Updated considering level: GlobalBuffer, this dim: C2 is considered in temporal_iterations_per_layer[1]
Updated considering level: GlobalBuffer, this dim: Q is considered in temporal_iterations_per_layer[1]
Updated considering level: SACols, this dim: Q is considered in spatial_iterations_per_layer[1]
Updated considering level: SARows, this dim: C1 is considered in spatial_iterations_per_layer[1]


Questo mops è chiamato da update stats
Level: InRegister, arch bypasses for the level: ['w', 'out'], in_bp: 0, w_bp: 0, out_bp: 0, int_bp: 0
arch.name: Fixed Multi-Layer Convolution Architecture with Mapping Constraints, level.name: InRegister
Level: InRegister: Starting MOPs calculation with in_bp: 0, w_bp: 0, out_bp: 0, int_bp: 0, ignore_bypasses: False, dataflow: ['S1', 'Z', 'C0', 'Y', 'X', 'R0', 'S0', 'C1', 'R1', 'C2', 'P', 'Q'], factors: {C0: {}, Y: {}, X: {}, R0: {}, S0: {}, Z: {2: 2}, C1: {}, R1: {}, S1: {3: 1}, C2: {}, P: {}, Q: {}}, tile_sizes: {C0: 3, Y: 1, X: 4, R0: 3, S0: 3, Z: 1, C1: 1, R1: 1, S1: 1, C2: 2, P: 1, Q: 1}, factors_constraints: {'S1': 3, 'Z': 4}, bypasses: ['w', 'out'], multiple_buffering: 1, multiple_reuses: True
actual_dataflow_per_layer[0]: ['Z']
actual_dataflow_per_layer[1]: ['S1']
Level: InRegister: actual_dataflow_per_layer: {0: ['Z'], 1: ['S1']}, actual_dataflow: ['S1', 'Z'], dataflow: ['S1', 'Z', 'C0', 'Y', 'X', 'R0', 'S0', 'C1', 'R1', 'C2', 'P', 'Q'], factors: {C0: {}, Y: {}, X: {}, R0: {}, S0: {}, Z: {2: 2}, C1: {}, R1: {}, S1: {3: 1}, C2: {}, P: {}, Q: {}}, num layers: 2
tile size for each dim in actual_dataflow: [('S1', 1), ('Z', 1)]
tile size for each dim in actual_dataflow-per_layer[0]: [('Z', 1)]
tile size for each dim in actual_dataflow_per_layer[1]: [('S1', 1)]


Stationarity calculation for Level: InRegister: in_bp = 0, w_bp = 0, int_bp = 0, out_bp = 0


BEFORE BYPASS: ignore_bypasses: False, In reads: 0, Per Layer W Reads: {0: 0, 1: 0}, w_reads: 0,
 Per Layer Intermediate Input reads: {0: 0}, int_in_reads: 0, Per Layer Intermediate Output reads: {0: 0}, int_out_reads: 0, Out reads: 0
ignore_bypasses: False, self.next_spatial.names: []
I AM HANDLING BYPASS NOW


Level: InRegister: Operand = in
Final level name before not bypassing: OutRegister
I call MOPs on OutRegister
arch.name: Fixed Multi-Layer Convolution Architecture with Mapping Constraints, level.name: OutRegister
Level (handling bypass): OutRegister: Starting MOPs calculation with in_bp: True, w_bp: False, out_bp: False, int_bp: False, dataflow: ['X', 'S0', 'R0', 'C0', 'Y', 'Z', 'C1', 'R1', 'S1', 'C2', 'P', 'Q'], factors: {C0: {3: 1}, Y: {}, X: {2: 2}, R0: {3: 1}, S0: {3: 1}, Z: {}, C1: {}, R1: {}, S1: {}, C2: {}, P: {}, Q: {}}, tile_sizes: {C0: 1, Y: 1, X: 1, R0: 1, S0: 1, Z: 1, C1: 1, R1: 1, S1: 1, C2: 1, P: 1, Q: 1}, factors_constraints: {'X': 4, 'S0': 3, 'R0': 3, 'C0': 3}, bypasses: ['in', 'w'], multiple_buffering: 1, multiple_reuses: True
actual_dataflow_per_layer[0]: ['X', 'S0', 'R0', 'C0']
actual_dataflow_per_layer[1]: []
Level: OutRegister: actual_dataflow_per_layer: {0: ['X', 'S0', 'R0', 'C0'], 1: []}, actual_dataflow: ['X', 'S0', 'R0', 'C0'], dataflow: ['X', 'S0', 'R0', 'C0', 'Y', 'Z', 'C1', 'R1', 'S1', 'C2', 'P', 'Q'], factors: {C0: {3: 1}, Y: {}, X: {2: 2}, R0: {3: 1}, S0: {3: 1}, Z: {}, C1: {}, R1: {}, S1: {}, C2: {}, P: {}, Q: {}}, num layers: 2
tile size for each dim in actual_dataflow: [('X', 1), ('S0', 1), ('R0', 1), ('C0', 1)]
tile size for each dim in actual_dataflow-per_layer[0]: [('X', 1), ('S0', 1), ('R0', 1), ('C0', 1)]
tile size for each dim in actual_dataflow_per_layer[1]: []


Stationarity calculation for Level: OutRegister: in_bp = True, w_bp = False, int_bp = False, out_bp = False


Initialization Level: OutRegister: in_reads = 1
input read after innermost_dim_sum handling: 1
innermost_dim_sum: None, next_spatial_unroll: {'C0': 1, 'Y': 1, 'R0': 1, 'X': 1, 'S0': 1}
tile sizes[dim] for dim in dim_sum: [[1], [1, 1], [1, 1]]
Level: OutRegister, Layer 0: after Spatial, Input in_reads = 1, i = 3, innermost_dim_sum = None
input remaining dim in actual_dataflow_per_layer[0][:4]: ['X', 'S0', 'R0', 'C0']
actual_dataflow_per_layer[0]: ['X', 'S0', 'R0', 'C0'], i = 3
Level: OutRegister, Layer 0: final Input in_reads = 108


BEFORE BYPASS: ignore_bypasses: True, In reads: 108, Per Layer W Reads: {0: 0, 1: 0}, w_reads: 0,
 Per Layer Intermediate Input reads: {0: 0}, int_in_reads: 0, Per Layer Intermediate Output reads: {0: 0}, int_out_reads: 0, Out reads: 0
ignore_bypasses: True, self.next_spatial.names: ['Compute']
spatial_level: Compute, spatial_level.dataflow: [], spatial_level.factors: {C0: {}, Y: {}, X: {}, R0: {}, S0: {}, Z: {}, C1: {}, R1: {}, S1: {}, C2: {}, P: {}, Q: {}}
After Spatials: Level: OutRegister: MOPs in_reads = 108, per_layer_w_reads = {0: 0, 1: 0}, w_reads = 0, per_layer_int_in_reads = {0: 0}, int_in_reads = 0, per_layer_int_out_reads = {0: 0}, int_out_reads = 0, out_reads = 0, out_writes = 0, out_reads_factors = 0

After non recursive call for Level: OutRegister: MOPs for per_layer_int_in_reads_bp={0: 0} in_bp=108, per_layer_w_reads_bp={0: 0, 1: 0} w_bp=0, out_bp=0, ignore_bypasses=True (bypass operand in)
I'm going from the down (Compute) to the top
Level: InRegister: in_btwn = WRegister, stationarity_to_address = False, in_reads_bp = 108, w_reads_bp = 0, out_reads_bp = 0, ignore_bypasses = False
End inbtwn
Now I will do MyLevel: InRegister: MOPs for per_layer_w_reads_bp={0: 0, 1: 0}, in_bp=108, per_layer_w_reads_bp={0: 0, 1: 0}, w_bp=0, out_bp=0, stationarity_to_address=False (bypass operand in)
per_layer_w_reads_before_bypass_layer_idx[0]: 0, per_layer_w_reads_bp_layer_idx[0]: 0
per_layer_w_reads_before_bypass_layer_idx[1]: 0, per_layer_w_reads_bp_layer_idx[1]: 0


Level: InRegister: Operand = w


Level: InRegister: Operand = out


Level: InRegister: Operand = int
Final level name before not bypassing: WRegister
I call MOPs on WRegister
arch.name: Fixed Multi-Layer Convolution Architecture with Mapping Constraints, level.name: WRegister
Level (handling bypass): WRegister: Starting MOPs calculation with in_bp: False, w_bp: False, out_bp: False, int_bp: True, dataflow: ['C2', 'C0', 'Y', 'X', 'R0', 'S0', 'Z', 'C1', 'R1', 'S1', 'P', 'Q'], factors: {C0: {}, Y: {}, X: {}, R0: {}, S0: {}, Z: {}, C1: {}, R1: {}, S1: {}, C2: {2: 1}, P: {}, Q: {}}, tile_sizes: {C0: 3, Y: 1, X: 4, R0: 3, S0: 3, Z: 1, C1: 1, R1: 1, S1: 1, C2: 1, P: 1, Q: 1}, factors_constraints: {'C2': 2}, bypasses: ['in', 'int', 'out'], multiple_buffering: 1, multiple_reuses: True
actual_dataflow_per_layer[0]: []
actual_dataflow_per_layer[1]: ['C2']
Level: WRegister: actual_dataflow_per_layer: {0: [], 1: ['C2']}, actual_dataflow: ['C2'], dataflow: ['C2', 'C0', 'Y', 'X', 'R0', 'S0', 'Z', 'C1', 'R1', 'S1', 'P', 'Q'], factors: {C0: {}, Y: {}, X: {}, R0: {}, S0: {}, Z: {}, C1: {}, R1: {}, S1: {}, C2: {2: 1}, P: {}, Q: {}}, num layers: 2
tile size for each dim in actual_dataflow: [('C2', 1)]
tile size for each dim in actual_dataflow-per_layer[0]: []
tile size for each dim in actual_dataflow_per_layer[1]: [('C2', 1)]


Stationarity calculation for Level: WRegister: in_bp = False, w_bp = False, int_bp = True, out_bp = False


Initialization Level: WRegister, Layer 0: int_in_reads = 1, per_layer_int_in_reads = {0: 1}
actual_dataflow_per_layer[1] = ['C2'], flat_intermediate_input_coupling[0] = ['C1', 'P', 'R1', 'Q', 'S1']
tile size for each dim of actual_dataflow_per_layer[1]: [1]
Level: WRegister: innermost_dim_sum = None, i = -1, actual_dataflow = ['C2']
layer read after innermost_dim_sum handling: 1
innermost_dim_sum: None, dim_sum: dim_sum in self.arch.coupling.getIntermediateInputCoupling(0) if dim_sum is not innermost_dim_sum: [['C1'], ['P', 'R1'], ['Q', 'S1']]
self.tile_size[dim] for dim in dim_sum: [[1], [1, 1], [1, 1]]
intermediate in layer 0 read after no next_spatials handling: 1
intermediate in remaining dim in actual_dataflow_per_layer[1][:0]: []
intermediate in layer 0 final read: 1

Initialization Level: WRegister, Layer 0: int_out_reads = 1, per_layer_int_out_reads = {0: 1}
actual_dataflow_per_layer[0] = [], flat_intermediate_output_coupling[0] = ['Z', 'Y', 'X']
tile size for each dim of actual_dataflow_per_layer[0]: []
Level: WRegister: innermost_dim_sum = None, i = -1, actual_dataflow = []
layer read after innermost_dim_sum handling: 1
innermost_dim_sum: None, dim_sum: dim_sum in self.arch.coupling.getIntermediateOutputCoupling(0) if dim_sum is not innermost_dim_sum: [['Z'], ['Y'], ['X']]
self.tile_size[dim] for dim in dim_sum: [[1], [1], [4]]
intermediate out layer 0 read after no next_spatials handling: 4
intermediate out remaining dim in actual_dataflow_per_layer[0][:0]: []
intermediate out layer 0 final read: 4

BEFORE BYPASS: ignore_bypasses: True, In reads: 0, Per Layer W Reads: {0: 0, 1: 0}, w_reads: 0,
 Per Layer Intermediate Input reads: {0: 1}, int_in_reads: 1, Per Layer Intermediate Output reads: {0: 4}, int_out_reads: 4, Out reads: 0
ignore_bypasses: True, self.next_spatial.names: []
After Spatials: Level: WRegister: MOPs in_reads = 0, per_layer_w_reads = {0: 0, 1: 0}, w_reads = 0, per_layer_int_in_reads = {0: 1}, int_in_reads = 1, per_layer_int_out_reads = {0: 4}, int_out_reads = 4, out_reads = 0, out_writes = 0, out_reads_factors = 0

After non recursive call for Level: WRegister: MOPs for per_layer_int_in_reads_bp={0: 1} in_bp=0, per_layer_w_reads_bp={0: 0, 1: 0} w_bp=0, out_bp=0, ignore_bypasses=True (bypass operand int)
End inbtwn
Now I will do MyLevel: InRegister: MOPs for per_layer_w_reads_bp={0: 0, 1: 0}, in_bp=0, per_layer_w_reads_bp={0: 0, 1: 0}, w_bp=0, out_bp=0, stationarity_to_address=True (bypass operand int)
per_layer_w_reads_before_bypass_layer_idx[0]: 0, per_layer_w_reads_bp_layer_idx[0]: 0
per_layer_w_reads_before_bypass_layer_idx[1]: 0, per_layer_w_reads_bp_layer_idx[1]: 0
AFTER BYPASS of all operands:  InRegister: in_reads: 432, per_layer_w_reads: {0: 0, 1: 0}, w_reads: 0, per_layer_int_in_reads: {0: 3}, int_in_reads: 3, per_layer_int_out_reads: {0: 4}, int_out_reads: 4, out_reads: 0, out_writes: 0, out_reads_factors: 0

After Spatials: Level: InRegister: MOPs in_reads = 432, per_layer_w_reads = {0: 0, 1: 0}, w_reads = 0, per_layer_int_in_reads = {0: 3}, int_in_reads = 3, per_layer_int_out_reads = {0: 4}, int_out_reads = 4, out_reads = 0, out_writes = 0, out_reads_factors = 0

End MOPs with Bypasses for Level: InRegister


DEBUG updateStats pre scaling: Level InRegister:
  in_reads: 432
  per_layer_w_reads: {0: 0, 1: 0}
  w_reads: 0
  per_layer_int_in_reads: {0: 3}
  per_layer_int_out_reads: {0: 4}
  out_reads: 0
  out_reads_factors: 0
temporal_iterations_per_layer before update: {0: 8, 1: 108}, spatial_iterations_per_layer before update: {0: 2, 1: 4}
scale per layer: {0: 16, 1: 432}
scaled in_reads: 6912
scaled per_layer_w_reads before sum: {0: 0, 1: 0}
scaled per_layer_int_in_reads before sum: {0: 1296}
scaled per_layer_int_out_reads before sum: {0: 64}
scaled out_reads: 0
DEBUG updateStats post scaling: Level InRegister:
  in_reads: 6912
  per_layer_w_reads: {0: 0, 1: 0}
  w_reads: 0
  per_layer_int_in_reads: {0: 1296}
  int_in_reads: 1296
  per_layer_int_out_reads: {0: 64}
  int_out_reads: 64
  out_reads: 0
  out_reads_factors: 0
Updated considering level: InRegister, this dim: Z is considered in temporal_iterations_per_layer[0]
Updated considering level: InRegister, this dim: C0 is considered in temporal_iterations_per_layer[0]
Updated considering level: InRegister, this dim: Y is considered in temporal_iterations_per_layer[0]
Updated considering level: InRegister, this dim: X is considered in temporal_iterations_per_layer[0]
Updated considering level: InRegister, this dim: R0 is considered in temporal_iterations_per_layer[0]
Updated considering level: InRegister, this dim: S0 is considered in temporal_iterations_per_layer[0]
Updated considering level: InRegister, this dim: S1 is considered in temporal_iterations_per_layer[1]
Updated considering level: InRegister, this dim: C1 is considered in temporal_iterations_per_layer[1]
Updated considering level: InRegister, this dim: R1 is considered in temporal_iterations_per_layer[1]
Updated considering level: InRegister, this dim: C2 is considered in temporal_iterations_per_layer[1]
Updated considering level: InRegister, this dim: P is considered in temporal_iterations_per_layer[1]
Updated considering level: InRegister, this dim: Q is considered in temporal_iterations_per_layer[1]


Questo mops è chiamato da update stats
Level: WRegister, arch bypasses for the level: ['in', 'int', 'out'], in_bp: 0, w_bp: 0, out_bp: 0, int_bp: 0
arch.name: Fixed Multi-Layer Convolution Architecture with Mapping Constraints, level.name: WRegister
Level: WRegister: Starting MOPs calculation with in_bp: 0, w_bp: 0, out_bp: 0, int_bp: 0, ignore_bypasses: False, dataflow: ['C2', 'C0', 'Y', 'X', 'R0', 'S0', 'Z', 'C1', 'R1', 'S1', 'P', 'Q'], factors: {C0: {}, Y: {}, X: {}, R0: {}, S0: {}, Z: {}, C1: {}, R1: {}, S1: {}, C2: {2: 1}, P: {}, Q: {}}, tile_sizes: {C0: 3, Y: 1, X: 4, R0: 3, S0: 3, Z: 1, C1: 1, R1: 1, S1: 1, C2: 1, P: 1, Q: 1}, factors_constraints: {'C2': 2}, bypasses: ['in', 'int', 'out'], multiple_buffering: 1, multiple_reuses: True
actual_dataflow_per_layer[0]: []
actual_dataflow_per_layer[1]: ['C2']
Level: WRegister: actual_dataflow_per_layer: {0: [], 1: ['C2']}, actual_dataflow: ['C2'], dataflow: ['C2', 'C0', 'Y', 'X', 'R0', 'S0', 'Z', 'C1', 'R1', 'S1', 'P', 'Q'], factors: {C0: {}, Y: {}, X: {}, R0: {}, S0: {}, Z: {}, C1: {}, R1: {}, S1: {}, C2: {2: 1}, P: {}, Q: {}}, num layers: 2
tile size for each dim in actual_dataflow: [('C2', 1)]
tile size for each dim in actual_dataflow-per_layer[0]: []
tile size for each dim in actual_dataflow_per_layer[1]: [('C2', 1)]


Stationarity calculation for Level: WRegister: in_bp = 0, w_bp = 0, int_bp = 0, out_bp = 0


BEFORE BYPASS: ignore_bypasses: False, In reads: 0, Per Layer W Reads: {0: 0, 1: 0}, w_reads: 0,
 Per Layer Intermediate Input reads: {0: 0}, int_in_reads: 0, Per Layer Intermediate Output reads: {0: 0}, int_out_reads: 0, Out reads: 0
ignore_bypasses: False, self.next_spatial.names: []
I AM HANDLING BYPASS NOW


Level: WRegister: Operand = in


Level: WRegister: Operand = w
Final level name before not bypassing: OutRegister
I call MOPs on OutRegister
arch.name: Fixed Multi-Layer Convolution Architecture with Mapping Constraints, level.name: OutRegister
Level (handling bypass): OutRegister: Starting MOPs calculation with in_bp: False, w_bp: True, out_bp: False, int_bp: False, dataflow: ['X', 'S0', 'R0', 'C0', 'Y', 'Z', 'C1', 'R1', 'S1', 'C2', 'P', 'Q'], factors: {C0: {3: 1}, Y: {}, X: {2: 2}, R0: {3: 1}, S0: {3: 1}, Z: {}, C1: {}, R1: {}, S1: {}, C2: {}, P: {}, Q: {}}, tile_sizes: {C0: 1, Y: 1, X: 1, R0: 1, S0: 1, Z: 1, C1: 1, R1: 1, S1: 1, C2: 1, P: 1, Q: 1}, factors_constraints: {'X': 4, 'S0': 3, 'R0': 3, 'C0': 3}, bypasses: ['in', 'w'], multiple_buffering: 1, multiple_reuses: True
actual_dataflow_per_layer[0]: ['X', 'S0', 'R0', 'C0']
actual_dataflow_per_layer[1]: []
Level: OutRegister: actual_dataflow_per_layer: {0: ['X', 'S0', 'R0', 'C0'], 1: []}, actual_dataflow: ['X', 'S0', 'R0', 'C0'], dataflow: ['X', 'S0', 'R0', 'C0', 'Y', 'Z', 'C1', 'R1', 'S1', 'C2', 'P', 'Q'], factors: {C0: {3: 1}, Y: {}, X: {2: 2}, R0: {3: 1}, S0: {3: 1}, Z: {}, C1: {}, R1: {}, S1: {}, C2: {}, P: {}, Q: {}}, num layers: 2
tile size for each dim in actual_dataflow: [('X', 1), ('S0', 1), ('R0', 1), ('C0', 1)]
tile size for each dim in actual_dataflow-per_layer[0]: [('X', 1), ('S0', 1), ('R0', 1), ('C0', 1)]
tile size for each dim in actual_dataflow_per_layer[1]: []


Stationarity calculation for Level: OutRegister: in_bp = False, w_bp = True, int_bp = False, out_bp = False


Initialization Level: OutRegister: w_reads = 1, per_layer_w_reads = {0: 1, 1: 1}
weight layer 0 read after innermost_dim_sum handling: 1
innermost_dim_sum: None, next_spatial_unroll: {'Z': 1, 'C0': 1, 'R0': 1, 'S0': 1}
tile sizes[dim] for dim in dim_sum: [[1], [1], [1], [1]]
weight layer 0 read after next_spatials handling: 1
weight remaining dim in actual_dataflow_per_layer[0][:4]: ['X', 'S0', 'R0', 'C0']
actual_dataflow_per_layer[0]: ['X', 'S0', 'R0', 'C0'], i = 3
Level: OutRegister, Layer 0: final Weight layer_read = 108
weight layer 1 read after innermost_dim_sum handling: 1
innermost_dim_sum: None, next_spatial_unroll: {'C2': 1, 'C1': 1, 'R1': 1, 'S1': 1}
tile sizes[dim] for dim in dim_sum: [[1], [1], [1], [1]]
weight layer 1 read after next_spatials handling: 1
weight remaining dim in actual_dataflow_per_layer[1][:0]: []
actual_dataflow_per_layer[1]: [], i = -1
Level: OutRegister, Layer 1: final Weight layer_read = 1

BEFORE BYPASS: ignore_bypasses: True, In reads: 0, Per Layer W Reads: {0: 108, 1: 1}, w_reads: 109,
 Per Layer Intermediate Input reads: {0: 0}, int_in_reads: 0, Per Layer Intermediate Output reads: {0: 0}, int_out_reads: 0, Out reads: 0
ignore_bypasses: True, self.next_spatial.names: ['Compute']
spatial_level: Compute, spatial_level.dataflow: [], spatial_level.factors: {C0: {}, Y: {}, X: {}, R0: {}, S0: {}, Z: {}, C1: {}, R1: {}, S1: {}, C2: {}, P: {}, Q: {}}
After Spatials: Level: OutRegister: MOPs in_reads = 0, per_layer_w_reads = {0: 108, 1: 1}, w_reads = 109, per_layer_int_in_reads = {0: 0}, int_in_reads = 0, per_layer_int_out_reads = {0: 0}, int_out_reads = 0, out_reads = 0, out_writes = 0, out_reads_factors = 0

After non recursive call for Level: OutRegister: MOPs for per_layer_int_in_reads_bp={0: 0} in_bp=0, per_layer_w_reads_bp={0: 108, 1: 1} w_bp=109, out_bp=0, ignore_bypasses=True (bypass operand w)
End inbtwn
Now I will do MyLevel: WRegister: MOPs for per_layer_w_reads_bp={0: 108, 1: 1}, in_bp=0, per_layer_w_reads_bp={0: 108, 1: 1}, w_bp=109, out_bp=0, stationarity_to_address=False (bypass operand w)
Level: WRegister: stationarity_to_address is False, dataflow handled among inner loops
Before: per_layer_w_reads_bp[0] = 108
After: per_layer_w_reads_bp[0] = 108
Before: per_layer_w_reads_bp[1] = 1
After: per_layer_w_reads_bp[1] = 2
per_layer_w_reads_before_bypass_layer_idx[0]: 0, per_layer_w_reads_bp_layer_idx[0]: 108
per_layer_w_reads_before_bypass_layer_idx[1]: 0, per_layer_w_reads_bp_layer_idx[1]: 2


Level: WRegister: Operand = out


Level: WRegister: Operand = int
AFTER BYPASS of all operands:  WRegister: in_reads: 0, per_layer_w_reads: {0: 108, 1: 2}, w_reads: 110, per_layer_int_in_reads: {0: 0}, int_in_reads: 0, per_layer_int_out_reads: {0: 0}, int_out_reads: 0, out_reads: 0, out_writes: 0, out_reads_factors: 0

After Spatials: Level: WRegister: MOPs in_reads = 0, per_layer_w_reads = {0: 108, 1: 2}, w_reads = 110, per_layer_int_in_reads = {0: 0}, int_in_reads = 0, per_layer_int_out_reads = {0: 0}, int_out_reads = 0, out_reads = 0, out_writes = 0, out_reads_factors = 0

End MOPs with Bypasses for Level: WRegister


DEBUG updateStats pre scaling: Level WRegister:
  in_reads: 0
  per_layer_w_reads: {0: 108, 1: 2}
  w_reads: 110
  per_layer_int_in_reads: {0: 0}
  per_layer_int_out_reads: {0: 0}
  out_reads: 0
  out_reads_factors: 0
temporal_iterations_per_layer before update: {0: 32, 1: 324}, spatial_iterations_per_layer before update: {0: 2, 1: 4}
scale per layer: {0: 64, 1: 1296}
scaled in_reads: 0
scaled per_layer_w_reads before sum: {0: 6912, 1: 2592}
scaled per_layer_int_in_reads before sum: {0: 0}
scaled per_layer_int_out_reads before sum: {0: 0}
scaled out_reads: 0
DEBUG updateStats post scaling: Level WRegister:
  in_reads: 0
  per_layer_w_reads: {0: 6912, 1: 2592}
  w_reads: 9504
  per_layer_int_in_reads: {0: 0}
  int_in_reads: 0
  per_layer_int_out_reads: {0: 0}
  int_out_reads: 0
  out_reads: 0
  out_reads_factors: 0
Updated considering level: WRegister, this dim: C0 is considered in temporal_iterations_per_layer[0]
Updated considering level: WRegister, this dim: Y is considered in temporal_iterations_per_layer[0]
Updated considering level: WRegister, this dim: X is considered in temporal_iterations_per_layer[0]
Updated considering level: WRegister, this dim: R0 is considered in temporal_iterations_per_layer[0]
Updated considering level: WRegister, this dim: S0 is considered in temporal_iterations_per_layer[0]
Updated considering level: WRegister, this dim: Z is considered in temporal_iterations_per_layer[0]
Updated considering level: WRegister, this dim: C2 is considered in temporal_iterations_per_layer[1]
Updated considering level: WRegister, this dim: C1 is considered in temporal_iterations_per_layer[1]
Updated considering level: WRegister, this dim: R1 is considered in temporal_iterations_per_layer[1]
Updated considering level: WRegister, this dim: S1 is considered in temporal_iterations_per_layer[1]
Updated considering level: WRegister, this dim: P is considered in temporal_iterations_per_layer[1]
Updated considering level: WRegister, this dim: Q is considered in temporal_iterations_per_layer[1]


Questo mops è chiamato da update stats
Level: OutRegister, arch bypasses for the level: ['in', 'w'], in_bp: 0, w_bp: 0, out_bp: 1, int_bp: 1
arch.name: Fixed Multi-Layer Convolution Architecture with Mapping Constraints, level.name: OutRegister
Level: OutRegister: Starting MOPs calculation with in_bp: 0, w_bp: 0, out_bp: 1, int_bp: 1, ignore_bypasses: False, dataflow: ['X', 'S0', 'R0', 'C0', 'Y', 'Z', 'C1', 'R1', 'S1', 'C2', 'P', 'Q'], factors: {C0: {3: 1}, Y: {}, X: {2: 2}, R0: {3: 1}, S0: {3: 1}, Z: {}, C1: {}, R1: {}, S1: {}, C2: {}, P: {}, Q: {}}, tile_sizes: {C0: 1, Y: 1, X: 1, R0: 1, S0: 1, Z: 1, C1: 1, R1: 1, S1: 1, C2: 1, P: 1, Q: 1}, factors_constraints: {'X': 4, 'S0': 3, 'R0': 3, 'C0': 3}, bypasses: ['in', 'w'], multiple_buffering: 1, multiple_reuses: True
actual_dataflow_per_layer[0]: ['X', 'S0', 'R0', 'C0']
actual_dataflow_per_layer[1]: []
Level: OutRegister: actual_dataflow_per_layer: {0: ['X', 'S0', 'R0', 'C0'], 1: []}, actual_dataflow: ['X', 'S0', 'R0', 'C0'], dataflow: ['X', 'S0', 'R0', 'C0', 'Y', 'Z', 'C1', 'R1', 'S1', 'C2', 'P', 'Q'], factors: {C0: {3: 1}, Y: {}, X: {2: 2}, R0: {3: 1}, S0: {3: 1}, Z: {}, C1: {}, R1: {}, S1: {}, C2: {}, P: {}, Q: {}}, num layers: 2
tile size for each dim in actual_dataflow: [('X', 1), ('S0', 1), ('R0', 1), ('C0', 1)]
tile size for each dim in actual_dataflow-per_layer[0]: [('X', 1), ('S0', 1), ('R0', 1), ('C0', 1)]
tile size for each dim in actual_dataflow_per_layer[1]: []


Stationarity calculation for Level: OutRegister: in_bp = 0, w_bp = 0, int_bp = 1, out_bp = 1


Initialization Level: OutRegister, Layer 0: int_in_reads = 1, per_layer_int_in_reads = {0: 1}
layer read after innermost_dim_sum handling: 1
innermost_dim_sum: None, next_spatial_unroll: {'C1': 1, 'P': 1, 'R1': 1, 'Q': 1, 'S1': 1}
 dims in dim_sum: [['C1'], ['P', 'R1'], ['Q', 'S1']]
tile sizes[dim] for dim in dim_sum: [[1], [1, 1], [1, 1]]
intermediate in layer 0 read after next_spatials handling: 1
intermediate in remaining dim in actual_dataflow_per_layer[1][:0]: []
intermediate in layer 0 final read: 1

Initialization Level: OutRegister, Layer 0: int_out_reads = 1, per_layer_int_out_reads = {0: 1}
layer read after innermost_dim_sum handling: 1
innermost_dim_sum: None, next_spatial_unroll: {'Z': 1, 'Y': 1, 'X': 1}
tile sizes[dim] for dim in dim_sum: [[1], [1], [1]]
intermediate out layer 0 read after next_spatials handling: 1
intermediate out remaining dim in actual_dataflow_per_layer[0][:4]: ['X', 'S0', 'R0', 'C0']
intermediate out layer 0 final read: 108
Initialization Level: OutRegister, Layer 1: out_reads = 1, innermost_dim_sum = None, i = -1, actual_dataflow = []
out layer read after innermost_dim_sum handling: 1
innermost_dim_sum: None, next_spatial_unroll: {'C2': 1, 'P': 1, 'Q': 1}
tile sizes[dim] for dim in dim_sum: [[1], [1], [1]]
output layer 1 read after next_spatials handling: 1
out remaining dim in actual_dataflow_per_layer[1][:0]: []
actual_dataflow_per_layer[0]: ['X', 'S0', 'R0', 'C0'], i = -1
output layer 1 final read: 1, out_reads_factors (orthogonal to output) = 1

BEFORE BYPASS: ignore_bypasses: False, In reads: 0, Per Layer W Reads: {0: 0, 1: 0}, w_reads: 0,
 Per Layer Intermediate Input reads: {0: 1}, int_in_reads: 1, Per Layer Intermediate Output reads: {0: 108}, int_out_reads: 108, Out reads: 1
ignore_bypasses: False, self.next_spatial.names: ['Compute']
I AM HANDLING BYPASS NOW


Level: OutRegister: Operand = in


Level: OutRegister: Operand = w


Level: OutRegister: Operand = out


Level: OutRegister: Operand = int
AFTER BYPASS of all operands:  OutRegister: in_reads: 0, per_layer_w_reads: {0: 0, 1: 0}, w_reads: 0, per_layer_int_in_reads: {0: 1}, int_in_reads: 1, per_layer_int_out_reads: {0: 108}, int_out_reads: 108, out_reads: 1, out_writes: 1, out_reads_factors: 1

spatial_level: Compute, spatial_level.dataflow: [], spatial_level.factors: {C0: {}, Y: {}, X: {}, R0: {}, S0: {}, Z: {}, C1: {}, R1: {}, S1: {}, C2: {}, P: {}, Q: {}}
After Spatials: Level: OutRegister: MOPs in_reads = 0, per_layer_w_reads = {0: 0, 1: 0}, w_reads = 0, per_layer_int_in_reads = {0: 1}, int_in_reads = 1, per_layer_int_out_reads = {0: 108}, int_out_reads = 108, out_reads = 1, out_writes = 1, out_reads_factors = 1

End MOPs with Bypasses for Level: OutRegister


DEBUG updateStats pre scaling: Level OutRegister:
  in_reads: 0
  per_layer_w_reads: {0: 0, 1: 0}
  w_reads: 0
  per_layer_int_in_reads: {0: 1}
  per_layer_int_out_reads: {0: 108}
  out_reads: 1
  out_reads_factors: 1
temporal_iterations_per_layer before update: {0: 32, 1: 648}, spatial_iterations_per_layer before update: {0: 2, 1: 4}
scale per layer: {0: 64, 1: 2592}
scaled in_reads: 0
scaled per_layer_w_reads before sum: {0: 0, 1: 0}
scaled per_layer_int_in_reads before sum: {0: 2592}
scaled per_layer_int_out_reads before sum: {0: 6912}
scaled out_reads: 2592
DEBUG updateStats post scaling: Level OutRegister:
  in_reads: 0
  per_layer_w_reads: {0: 0, 1: 0}
  w_reads: 0
  per_layer_int_in_reads: {0: 2592}
  int_in_reads: 2592
  per_layer_int_out_reads: {0: 6912}
  int_out_reads: 6912
  out_reads: 3312
  out_reads_factors: 18
Updated considering level: OutRegister, this dim: X is considered in temporal_iterations_per_layer[0]
Updated considering level: OutRegister, this dim: S0 is considered in temporal_iterations_per_layer[0]
Updated considering level: OutRegister, this dim: R0 is considered in temporal_iterations_per_layer[0]
Updated considering level: OutRegister, this dim: C0 is considered in temporal_iterations_per_layer[0]
Updated considering level: OutRegister, this dim: Y is considered in temporal_iterations_per_layer[0]
Updated considering level: OutRegister, this dim: Z is considered in temporal_iterations_per_layer[0]
Updated considering level: OutRegister, this dim: C1 is considered in temporal_iterations_per_layer[1]
Updated considering level: OutRegister, this dim: R1 is considered in temporal_iterations_per_layer[1]
Updated considering level: OutRegister, this dim: S1 is considered in temporal_iterations_per_layer[1]
Updated considering level: OutRegister, this dim: C2 is considered in temporal_iterations_per_layer[1]
Updated considering level: OutRegister, this dim: P is considered in temporal_iterations_per_layer[1]
Updated considering level: OutRegister, this dim: Q is considered in temporal_iterations_per_layer[1]
-- Initialization --
-- local search of spatial levels --
Choices after one step: {}
No valid follow-up configuration, stopping, current Wart: 7.425e-06
Total moves: 0
Total choices: 1
Choices: {}
arch.name: Fixed Multi-Layer Convolution Architecture with Mapping Constraints, level.name: DRAM
Level (handling bypass): DRAM: Starting MOPs calculation with in_bp: True, w_bp: True, out_bp: True, int_bp: True, dataflow: ['C0', 'Y', 'X', 'R0', 'S0', 'Z', 'R1', 'S1', 'C2', 'P', 'Q', 'C1'], factors: {C0: {}, Y: {}, X: {}, R0: {}, S0: {}, Z: {}, C1: {2: 1}, R1: {}, S1: {}, C2: {}, P: {2: 1}, Q: {3: 1}}, tile_sizes: {C0: 3, Y: 8, X: 8, R0: 3, S0: 3, Z: 4, C1: 2, R1: 3, S1: 3, C2: 2, P: 3, Q: 2}, factors_constraints: {'Q': 3, 'P': 2, 'C1': 2}, bypasses: [], multiple_buffering: 1, multiple_reuses: True
actual_dataflow_per_layer[0]: []
actual_dataflow_per_layer[1]: ['P', 'Q', 'C1']
Level: DRAM: actual_dataflow_per_layer: {0: [], 1: ['P', 'Q', 'C1']}, actual_dataflow: ['P', 'Q', 'C1'], dataflow: ['C0', 'Y', 'X', 'R0', 'S0', 'Z', 'R1', 'S1', 'C2', 'P', 'Q', 'C1'], factors: {C0: {}, Y: {}, X: {}, R0: {}, S0: {}, Z: {}, C1: {2: 1}, R1: {}, S1: {}, C2: {}, P: {2: 1}, Q: {3: 1}}, num layers: 2
tile size for each dim in actual_dataflow: [('P', 3), ('Q', 2), ('C1', 2)]
tile size for each dim in actual_dataflow-per_layer[0]: []
tile size for each dim in actual_dataflow_per_layer[1]: [('P', 3), ('Q', 2), ('C1', 2)]


Stationarity calculation for Level: DRAM: in_bp = True, w_bp = True, int_bp = True, out_bp = True


Initialization Level: DRAM: in_reads = 1
Level: DRAM: flat_in_coupling = ['C0', 'Y', 'R0', 'X', 'S0'], i = -1, actual_dataflow_per_layer[0] = []
input read after innermost_dim_sum handling: 1
Level: DRAM, Layer 0: after no Spatial, Input in_reads = 300, i = -1, innermost_dim_sum = None
input remaining dim in actual_dataflow_per_layer[0][:0]: []
actual_dataflow_per_layer[0]: [], i = -1
Level: DRAM, Layer 0: final Input in_reads = 300


Initialization Level: DRAM: w_reads = 1, per_layer_w_reads = {0: 1, 1: 1}
actual_dataflow_per_layer[0] = [], flat_weight_coupling[0] = ['Z', 'C0', 'R0', 'S0']
tile size for each dim of actual_dataflow_per_layer[0]: []
Level: DRAM: innermost_dim_sum = None, i = -1, actual_dataflow = ['P', 'Q', 'C1']
weight layer 0 read after innermost_dim_sum handling: 1
innermost_dim_sum: None, dim_sum: dim_sum in self.arch.coupling.getWeightCoupling(0) if dim_sum is not innermost_dim_sum: [['Z'], ['C0'], ['R0'], ['S0']]
self.tile_size[dim] for dim in dim_sum: [[4], [3], [3], [3]]
weight layer 0 read after no next_spatials handling: 108
weight layer 0 read after next_spatials handling: 108
weight remaining dim in actual_dataflow_per_layer[0][:0]: []
actual_dataflow_per_layer[0]: [], i = -1
Level: DRAM, Layer 0: final Weight layer_read = 108
actual_dataflow_per_layer[1] = ['P', 'Q', 'C1'], flat_weight_coupling[1] = ['C2', 'C1', 'R1', 'S1']
tile size for each dim of actual_dataflow_per_layer[1]: [3, 2, 2]
Level: DRAM: innermost_dim_sum = None, i = 2, actual_dataflow = ['P', 'Q', 'C1']
weight layer 1 read after innermost_dim_sum handling: 1
innermost_dim_sum: None, dim_sum: dim_sum in self.arch.coupling.getWeightCoupling(1) if dim_sum is not innermost_dim_sum: [['C2'], ['C1'], ['R1'], ['S1']]
self.tile_size[dim] for dim in dim_sum: [[2], [2], [3], [3]]
weight layer 1 read after no next_spatials handling: 36
weight layer 1 read after next_spatials handling: 36
weight remaining dim in actual_dataflow_per_layer[1][:3]: ['P', 'Q', 'C1']
actual_dataflow_per_layer[1]: ['P', 'Q', 'C1'], i = 2
Level: DRAM, Layer 1: final Weight layer_read = 432

Initialization Level: DRAM, Layer 0: int_in_reads = 1, per_layer_int_in_reads = {0: 1}
actual_dataflow_per_layer[1] = ['P', 'Q', 'C1'], flat_intermediate_input_coupling[0] = ['C1', 'P', 'R1', 'Q', 'S1']
tile size for each dim of actual_dataflow_per_layer[1]: [3, 2, 2]
Level: DRAM: innermost_dim_sum = None, i = 2, actual_dataflow = ['P', 'Q', 'C1']
layer read after innermost_dim_sum handling: 1
innermost_dim_sum: None, dim_sum: dim_sum in self.arch.coupling.getIntermediateInputCoupling(0) if dim_sum is not innermost_dim_sum: [['C1'], ['P', 'R1'], ['Q', 'S1']]
self.tile_size[dim] for dim in dim_sum: [[2], [3, 3], [2, 3]]
intermediate in layer 0 read after no next_spatials handling: 40
intermediate in remaining dim in actual_dataflow_per_layer[1][:3]: ['P', 'Q', 'C1']
intermediate in layer 0 final read: 480

Initialization Level: DRAM, Layer 0: int_out_reads = 1, per_layer_int_out_reads = {0: 1}
actual_dataflow_per_layer[0] = [], flat_intermediate_output_coupling[0] = ['Z', 'Y', 'X']
tile size for each dim of actual_dataflow_per_layer[0]: []
Level: DRAM: innermost_dim_sum = None, i = -1, actual_dataflow = []
layer read after innermost_dim_sum handling: 1
innermost_dim_sum: None, dim_sum: dim_sum in self.arch.coupling.getIntermediateOutputCoupling(0) if dim_sum is not innermost_dim_sum: [['Z'], ['Y'], ['X']]
self.tile_size[dim] for dim in dim_sum: [[4], [8], [8]]
intermediate out layer 0 read after no next_spatials handling: 256
intermediate out remaining dim in actual_dataflow_per_layer[0][:0]: []
intermediate out layer 0 final read: 256
Initialization Level: DRAM, Layer 1: out_reads = 1, innermost_dim_sum = None, i = 2, actual_dataflow = ['P', 'Q', 'C1']
out layer read after innermost_dim_sum handling: 1
innermost_dim_sum: None, dim_sum: dim_sum in self.arch.coupling.out_coupling if dim_sum is not innermost_dim_sum: [['C2'], ['P'], ['Q']]
self.tile_size[dim] for dim in dim_sum: [[2], [3], [2]]
output layer 1 read after no next_spatials handling: 12
out remaining dim in actual_dataflow_per_layer[1][:2]: ['P', 'Q']
actual_dataflow_per_layer[0]: [], i = 1
output layer 1 final read: 72, out_reads_factors (orthogonal to output) = 1

BEFORE BYPASS: ignore_bypasses: True, In reads: 300, Per Layer W Reads: {0: 108, 1: 432}, w_reads: 540,
 Per Layer Intermediate Input reads: {0: 480}, int_in_reads: 480, Per Layer Intermediate Output reads: {0: 256}, int_out_reads: 256, Out reads: 72
ignore_bypasses: True, self.next_spatial.names: []
After Spatials: Level: DRAM: MOPs in_reads = 300, per_layer_w_reads = {0: 108, 1: 432}, w_reads = 540, per_layer_int_in_reads = {0: 480}, int_in_reads = 480, per_layer_int_out_reads = {0: 256}, int_out_reads = 256, out_reads = 72, out_writes = 72, out_reads_factors = 1

arch.name: Fixed Multi-Layer Convolution Architecture with Mapping Constraints, level.name: GlobalBuffer
Level (handling bypass): GlobalBuffer: Starting MOPs calculation with in_bp: True, w_bp: True, out_bp: True, int_bp: True, dataflow: ['C0', 'R0', 'S0', 'Z', 'C1', 'S1', 'C2', 'Q', 'P', 'X', 'R1', 'Y'], factors: {C0: {}, Y: {2: 2}, X: {2: 1}, R0: {}, S0: {}, Z: {}, C1: {}, R1: {3: 1}, S1: {}, C2: {}, P: {3: 1}, Q: {}}, tile_sizes: {C0: 3, Y: 2, X: 4, R0: 3, S0: 3, Z: 4, C1: 2, R1: 1, S1: 3, C2: 2, P: 1, Q: 2}, factors_constraints: {'P': 3, 'X': 2, 'R1': 3, 'Y': 4}, bypasses: [], multiple_buffering: 1, multiple_reuses: True
actual_dataflow_per_layer[0]: ['X', 'Y']
actual_dataflow_per_layer[1]: ['P', 'R1']
Level: GlobalBuffer: actual_dataflow_per_layer: {0: ['X', 'Y'], 1: ['P', 'R1']}, actual_dataflow: ['P', 'X', 'R1', 'Y'], dataflow: ['C0', 'R0', 'S0', 'Z', 'C1', 'S1', 'C2', 'Q', 'P', 'X', 'R1', 'Y'], factors: {C0: {}, Y: {2: 2}, X: {2: 1}, R0: {}, S0: {}, Z: {}, C1: {}, R1: {3: 1}, S1: {}, C2: {}, P: {3: 1}, Q: {}}, num layers: 2
tile size for each dim in actual_dataflow: [('P', 1), ('X', 4), ('R1', 1), ('Y', 2)]
tile size for each dim in actual_dataflow-per_layer[0]: [('X', 4), ('Y', 2)]
tile size for each dim in actual_dataflow_per_layer[1]: [('P', 1), ('R1', 1)]


Stationarity calculation for Level: GlobalBuffer: in_bp = True, w_bp = True, int_bp = True, out_bp = True


Initialization Level: GlobalBuffer: in_reads = 1
Level: GlobalBuffer: flat_in_coupling = ['C0', 'Y', 'R0', 'X', 'S0'], i = 1, actual_dataflow_per_layer[0] = ['X', 'Y']
input read after innermost_dim_sum handling: 1
innermost_dim_sum: None, next_spatial_unroll: {'C0': 1, 'Y': 2, 'R0': 1, 'X': 1, 'S0': 1}
tile sizes[dim] for dim in dim_sum: [[3], [2, 3], [4, 3]]
Level: GlobalBuffer, Layer 0: after Spatial, Input in_reads = 108, i = 1, innermost_dim_sum = None
input remaining dim in actual_dataflow_per_layer[0][:2]: ['X', 'Y']
actual_dataflow_per_layer[0]: ['X', 'Y'], i = 1
Level: GlobalBuffer, Layer 0: final Input in_reads = 864


Initialization Level: GlobalBuffer: w_reads = 1, per_layer_w_reads = {0: 1, 1: 1}
actual_dataflow_per_layer[0] = ['X', 'Y'], flat_weight_coupling[0] = ['Z', 'C0', 'R0', 'S0']
tile size for each dim of actual_dataflow_per_layer[0]: [4, 2]
Level: GlobalBuffer: innermost_dim_sum = None, i = -1, actual_dataflow = ['P', 'X', 'R1', 'Y']
weight layer 0 read after innermost_dim_sum handling: 1
innermost_dim_sum: None, next_spatial_unroll: {'Z': 1, 'C0': 1, 'R0': 1, 'S0': 1}
tile sizes[dim] for dim in dim_sum: [[4], [3], [3], [3]]
weight layer 0 read after next_spatials handling: 108
weight remaining dim in actual_dataflow_per_layer[0][:0]: []
actual_dataflow_per_layer[0]: ['X', 'Y'], i = -1
Level: GlobalBuffer, Layer 0: final Weight layer_read = 108
actual_dataflow_per_layer[1] = ['P', 'R1'], flat_weight_coupling[1] = ['C2', 'C1', 'R1', 'S1']
tile size for each dim of actual_dataflow_per_layer[1]: [1, 1]
Level: GlobalBuffer: innermost_dim_sum = None, i = 1, actual_dataflow = ['P', 'X', 'R1', 'Y']
weight layer 1 read after innermost_dim_sum handling: 1
innermost_dim_sum: None, next_spatial_unroll: {'C2': 1, 'C1': 2, 'R1': 1, 'S1': 1}
tile sizes[dim] for dim in dim_sum: [[2], [2], [1], [3]]
weight layer 1 read after next_spatials handling: 12
weight remaining dim in actual_dataflow_per_layer[1][:2]: ['P', 'R1']
actual_dataflow_per_layer[1]: ['P', 'R1'], i = 1
Level: GlobalBuffer, Layer 1: final Weight layer_read = 108

Initialization Level: GlobalBuffer, Layer 0: int_in_reads = 1, per_layer_int_in_reads = {0: 1}
actual_dataflow_per_layer[1] = ['P', 'R1'], flat_intermediate_input_coupling[0] = ['C1', 'P', 'R1', 'Q', 'S1']
tile size for each dim of actual_dataflow_per_layer[1]: [1, 1]
Level: GlobalBuffer: innermost_dim_sum = ['P', 'R1'], i = 1, actual_dataflow = ['P', 'X', 'R1', 'Y']
self.factors.dimProduct(actual_dataflow_per_layer[1][1]): 3, self.tile_sizes[actual_dataflow_per_layer[1][1]]: 1
[self.tile_sizes[dim] for dim in innermost_dim_sum if dim != actual_dataflow_per_layer[1][1]]: [1]
layer read after innermost_dim_sum handling: 3
innermost_dim_sum: ['P', 'R1'], next_spatial_unroll: {'C1': 2, 'P': 1, 'R1': 1, 'Q': 2, 'S1': 1}
 dims in dim_sum: [['C1'], ['Q', 'S1']]
tile sizes[dim] for dim in dim_sum: [[2], [2, 3]]
intermediate in layer 0 read after next_spatials handling: 36
intermediate in remaining dim in actual_dataflow_per_layer[1][:1]: ['P']
intermediate in layer 0 final read: 108

Initialization Level: GlobalBuffer, Layer 0: int_out_reads = 1, per_layer_int_out_reads = {0: 1}
actual_dataflow_per_layer[0] = ['X', 'Y'], flat_intermediate_output_coupling[0] = ['Z', 'Y', 'X']
tile size for each dim of actual_dataflow_per_layer[0]: [4, 2]
Level: GlobalBuffer: innermost_dim_sum = None, i = 1, actual_dataflow = ['X', 'Y']
layer read after innermost_dim_sum handling: 1
innermost_dim_sum: None, next_spatial_unroll: {'Z': 1, 'Y': 2, 'X': 1}
tile sizes[dim] for dim in dim_sum: [[4], [2], [4]]
intermediate out layer 0 read after next_spatials handling: 32
intermediate out remaining dim in actual_dataflow_per_layer[0][:2]: ['X', 'Y']
intermediate out layer 0 final read: 256
Initialization Level: GlobalBuffer, Layer 1: out_reads = 1, innermost_dim_sum = None, i = 1, actual_dataflow = ['P', 'R1']
out layer read after innermost_dim_sum handling: 1
innermost_dim_sum: None, next_spatial_unroll: {'C2': 1, 'P': 1, 'Q': 2}
tile sizes[dim] for dim in dim_sum: [[2], [1], [2]]
output layer 1 read after next_spatials handling: 4
out remaining dim in actual_dataflow_per_layer[1][:1]: ['P']
actual_dataflow_per_layer[0]: ['X', 'Y'], i = 0
output layer 1 final read: 12, out_reads_factors (orthogonal to output) = 1

BEFORE BYPASS: ignore_bypasses: True, In reads: 864, Per Layer W Reads: {0: 108, 1: 108}, w_reads: 216,
 Per Layer Intermediate Input reads: {0: 108}, int_in_reads: 108, Per Layer Intermediate Output reads: {0: 256}, int_out_reads: 256, Out reads: 12
ignore_bypasses: True, self.next_spatial.names: ['SACols', 'SARows']
spatial_level: SACols, spatial_level.dataflow: ['Y', 'Q'], spatial_level.factors: {C0: {}, Y: {2: 1}, X: {}, R0: {}, S0: {}, Z: {}, C1: {}, R1: {}, S1: {}, C2: {}, P: {}, Q: {2: 1}}
spatial_level: SARows, spatial_level.dataflow: ['C1'], spatial_level.factors: {C0: {}, Y: {}, X: {}, R0: {}, S0: {}, Z: {}, C1: {2: 1}, R1: {}, S1: {}, C2: {}, P: {}, Q: {}}
After Spatials: Level: GlobalBuffer: MOPs in_reads = 864, per_layer_w_reads = {0: 108, 1: 108}, w_reads = 216, per_layer_int_in_reads = {0: 108}, int_in_reads = 108, per_layer_int_out_reads = {0: 256}, int_out_reads = 256, out_reads = 12, out_writes = 12, out_reads_factors = 1

arch.name: Fixed Multi-Layer Convolution Architecture with Mapping Constraints, level.name: InRegister
Level (handling bypass): InRegister: Starting MOPs calculation with in_bp: True, w_bp: True, out_bp: False, int_bp: True, dataflow: ['C0', 'Y', 'X', 'R0', 'S0', 'C1', 'R1', 'C2', 'P', 'Q', 'Z', 'S1'], factors: {C0: {}, Y: {}, X: {}, R0: {}, S0: {}, Z: {2: 2}, C1: {}, R1: {}, S1: {3: 1}, C2: {}, P: {}, Q: {}}, tile_sizes: {C0: 3, Y: 1, X: 4, R0: 3, S0: 3, Z: 1, C1: 1, R1: 1, S1: 1, C2: 2, P: 1, Q: 1}, factors_constraints: {'S1': 3, 'Z': 4}, bypasses: ['w', 'out'], multiple_buffering: 1, multiple_reuses: True
actual_dataflow_per_layer[0]: ['Z']
actual_dataflow_per_layer[1]: ['S1']
Level: InRegister: actual_dataflow_per_layer: {0: ['Z'], 1: ['S1']}, actual_dataflow: ['Z', 'S1'], dataflow: ['C0', 'Y', 'X', 'R0', 'S0', 'C1', 'R1', 'C2', 'P', 'Q', 'Z', 'S1'], factors: {C0: {}, Y: {}, X: {}, R0: {}, S0: {}, Z: {2: 2}, C1: {}, R1: {}, S1: {3: 1}, C2: {}, P: {}, Q: {}}, num layers: 2
tile size for each dim in actual_dataflow: [('Z', 1), ('S1', 1)]
tile size for each dim in actual_dataflow-per_layer[0]: [('Z', 1)]
tile size for each dim in actual_dataflow_per_layer[1]: [('S1', 1)]


Stationarity calculation for Level: InRegister: in_bp = True, w_bp = True, int_bp = True, out_bp = False


Initialization Level: InRegister: in_reads = 1
Level: InRegister: flat_in_coupling = ['C0', 'Y', 'R0', 'X', 'S0'], i = 0, actual_dataflow_per_layer[0] = ['Z']
Level: InRegister: innermost_dim_sum = None, i = -1, actual_dataflow_per_layer[0] = ['Z']
input read after innermost_dim_sum handling: 1
Level: InRegister, Layer 0: after no Spatial, Input in_reads = 54, i = -1, innermost_dim_sum = None
input remaining dim in actual_dataflow_per_layer[0][:0]: []
actual_dataflow_per_layer[0]: ['Z'], i = -1
Level: InRegister, Layer 0: final Input in_reads = 54


Initialization Level: InRegister: w_reads = 1, per_layer_w_reads = {0: 1, 1: 1}
actual_dataflow_per_layer[0] = ['Z'], flat_weight_coupling[0] = ['Z', 'C0', 'R0', 'S0']
tile size for each dim of actual_dataflow_per_layer[0]: [1]
Level: InRegister: innermost_dim_sum = None, i = 0, actual_dataflow = ['Z', 'S1']
weight layer 0 read after innermost_dim_sum handling: 1
innermost_dim_sum: None, dim_sum: dim_sum in self.arch.coupling.getWeightCoupling(0) if dim_sum is not innermost_dim_sum: [['Z'], ['C0'], ['R0'], ['S0']]
self.tile_size[dim] for dim in dim_sum: [[1], [3], [3], [3]]
weight layer 0 read after no next_spatials handling: 27
weight layer 0 read after next_spatials handling: 27
weight remaining dim in actual_dataflow_per_layer[0][:1]: ['Z']
actual_dataflow_per_layer[0]: ['Z'], i = 0
Level: InRegister, Layer 0: final Weight layer_read = 108
actual_dataflow_per_layer[1] = ['S1'], flat_weight_coupling[1] = ['C2', 'C1', 'R1', 'S1']
tile size for each dim of actual_dataflow_per_layer[1]: [1]
Level: InRegister: innermost_dim_sum = None, i = 0, actual_dataflow = ['Z', 'S1']
weight layer 1 read after innermost_dim_sum handling: 1
innermost_dim_sum: None, dim_sum: dim_sum in self.arch.coupling.getWeightCoupling(1) if dim_sum is not innermost_dim_sum: [['C2'], ['C1'], ['R1'], ['S1']]
self.tile_size[dim] for dim in dim_sum: [[2], [1], [1], [1]]
weight layer 1 read after no next_spatials handling: 2
weight layer 1 read after next_spatials handling: 2
weight remaining dim in actual_dataflow_per_layer[1][:1]: ['S1']
actual_dataflow_per_layer[1]: ['S1'], i = 0
Level: InRegister, Layer 1: final Weight layer_read = 6

Initialization Level: InRegister, Layer 0: int_in_reads = 1, per_layer_int_in_reads = {0: 1}
actual_dataflow_per_layer[1] = ['S1'], flat_intermediate_input_coupling[0] = ['C1', 'P', 'R1', 'Q', 'S1']
tile size for each dim of actual_dataflow_per_layer[1]: [1]
Level: InRegister: innermost_dim_sum = ['Q', 'S1'], i = 0, actual_dataflow = ['Z', 'S1']
self.factors.dimProduct(actual_dataflow_per_layer[1][0]): 3, self.tile_sizes[actual_dataflow_per_layer[1][0]]: 1
[self.tile_sizes[dim] for dim in innermost_dim_sum if dim != actual_dataflow_per_layer[1][0]]: [1]
layer read after innermost_dim_sum handling: 3
innermost_dim_sum: ['Q', 'S1'], dim_sum: dim_sum in self.arch.coupling.getIntermediateInputCoupling(0) if dim_sum is not innermost_dim_sum: [['C1'], ['P', 'R1']]
self.tile_size[dim] for dim in dim_sum: [[1], [1, 1]]
intermediate in layer 0 read after no next_spatials handling: 3
intermediate in remaining dim in actual_dataflow_per_layer[1][:0]: []
intermediate in layer 0 final read: 3

Initialization Level: InRegister, Layer 0: int_out_reads = 1, per_layer_int_out_reads = {0: 1}
actual_dataflow_per_layer[0] = ['Z'], flat_intermediate_output_coupling[0] = ['Z', 'Y', 'X']
tile size for each dim of actual_dataflow_per_layer[0]: [1]
Level: InRegister: innermost_dim_sum = None, i = 0, actual_dataflow = ['Z']
layer read after innermost_dim_sum handling: 1
innermost_dim_sum: None, dim_sum: dim_sum in self.arch.coupling.getIntermediateOutputCoupling(0) if dim_sum is not innermost_dim_sum: [['Z'], ['Y'], ['X']]
self.tile_size[dim] for dim in dim_sum: [[1], [1], [4]]
intermediate out layer 0 read after no next_spatials handling: 4
intermediate out remaining dim in actual_dataflow_per_layer[0][:1]: ['Z']
intermediate out layer 0 final read: 16

BEFORE BYPASS: ignore_bypasses: True, In reads: 54, Per Layer W Reads: {0: 108, 1: 6}, w_reads: 114,
 Per Layer Intermediate Input reads: {0: 3}, int_in_reads: 3, Per Layer Intermediate Output reads: {0: 16}, int_out_reads: 16, Out reads: 0
ignore_bypasses: True, self.next_spatial.names: []
After Spatials: Level: InRegister: MOPs in_reads = 54, per_layer_w_reads = {0: 108, 1: 6}, w_reads = 114, per_layer_int_in_reads = {0: 3}, int_in_reads = 3, per_layer_int_out_reads = {0: 16}, int_out_reads = 16, out_reads = 0, out_writes = 0, out_reads_factors = 0

arch.name: Fixed Multi-Layer Convolution Architecture with Mapping Constraints, level.name: InRegister
Level (handling bypass): InRegister: Starting MOPs calculation with in_bp: True, w_bp: True, out_bp: False, int_bp: True, dataflow: ['C0', 'Y', 'X', 'R0', 'S0', 'C1', 'R1', 'C2', 'P', 'Q', 'S1', 'Z'], factors: {C0: {}, Y: {}, X: {}, R0: {}, S0: {}, Z: {2: 2}, C1: {}, R1: {}, S1: {3: 1}, C2: {}, P: {}, Q: {}}, tile_sizes: {C0: 3, Y: 1, X: 4, R0: 3, S0: 3, Z: 1, C1: 1, R1: 1, S1: 1, C2: 2, P: 1, Q: 1}, factors_constraints: {'S1': 3, 'Z': 4}, bypasses: ['w', 'out'], multiple_buffering: 1, multiple_reuses: True
actual_dataflow_per_layer[0]: ['Z']
actual_dataflow_per_layer[1]: ['S1']
Level: InRegister: actual_dataflow_per_layer: {0: ['Z'], 1: ['S1']}, actual_dataflow: ['S1', 'Z'], dataflow: ['C0', 'Y', 'X', 'R0', 'S0', 'C1', 'R1', 'C2', 'P', 'Q', 'S1', 'Z'], factors: {C0: {}, Y: {}, X: {}, R0: {}, S0: {}, Z: {2: 2}, C1: {}, R1: {}, S1: {3: 1}, C2: {}, P: {}, Q: {}}, num layers: 2
tile size for each dim in actual_dataflow: [('S1', 1), ('Z', 1)]
tile size for each dim in actual_dataflow-per_layer[0]: [('Z', 1)]
tile size for each dim in actual_dataflow_per_layer[1]: [('S1', 1)]


Stationarity calculation for Level: InRegister: in_bp = True, w_bp = True, int_bp = True, out_bp = False


Initialization Level: InRegister: in_reads = 1
Level: InRegister: flat_in_coupling = ['C0', 'Y', 'R0', 'X', 'S0'], i = 0, actual_dataflow_per_layer[0] = ['Z']
Level: InRegister: innermost_dim_sum = None, i = -1, actual_dataflow_per_layer[0] = ['Z']
input read after innermost_dim_sum handling: 1
Level: InRegister, Layer 0: after no Spatial, Input in_reads = 54, i = -1, innermost_dim_sum = None
input remaining dim in actual_dataflow_per_layer[0][:0]: []
actual_dataflow_per_layer[0]: ['Z'], i = -1
Level: InRegister, Layer 0: final Input in_reads = 54


Initialization Level: InRegister: w_reads = 1, per_layer_w_reads = {0: 1, 1: 1}
actual_dataflow_per_layer[0] = ['Z'], flat_weight_coupling[0] = ['Z', 'C0', 'R0', 'S0']
tile size for each dim of actual_dataflow_per_layer[0]: [1]
Level: InRegister: innermost_dim_sum = None, i = 0, actual_dataflow = ['S1', 'Z']
weight layer 0 read after innermost_dim_sum handling: 1
innermost_dim_sum: None, dim_sum: dim_sum in self.arch.coupling.getWeightCoupling(0) if dim_sum is not innermost_dim_sum: [['Z'], ['C0'], ['R0'], ['S0']]
self.tile_size[dim] for dim in dim_sum: [[1], [3], [3], [3]]
weight layer 0 read after no next_spatials handling: 27
weight layer 0 read after next_spatials handling: 27
weight remaining dim in actual_dataflow_per_layer[0][:1]: ['Z']
actual_dataflow_per_layer[0]: ['Z'], i = 0
Level: InRegister, Layer 0: final Weight layer_read = 108
actual_dataflow_per_layer[1] = ['S1'], flat_weight_coupling[1] = ['C2', 'C1', 'R1', 'S1']
tile size for each dim of actual_dataflow_per_layer[1]: [1]
Level: InRegister: innermost_dim_sum = None, i = 0, actual_dataflow = ['S1', 'Z']
weight layer 1 read after innermost_dim_sum handling: 1
innermost_dim_sum: None, dim_sum: dim_sum in self.arch.coupling.getWeightCoupling(1) if dim_sum is not innermost_dim_sum: [['C2'], ['C1'], ['R1'], ['S1']]
self.tile_size[dim] for dim in dim_sum: [[2], [1], [1], [1]]
weight layer 1 read after no next_spatials handling: 2
weight layer 1 read after next_spatials handling: 2
weight remaining dim in actual_dataflow_per_layer[1][:1]: ['S1']
actual_dataflow_per_layer[1]: ['S1'], i = 0
Level: InRegister, Layer 1: final Weight layer_read = 6

Initialization Level: InRegister, Layer 0: int_in_reads = 1, per_layer_int_in_reads = {0: 1}
actual_dataflow_per_layer[1] = ['S1'], flat_intermediate_input_coupling[0] = ['C1', 'P', 'R1', 'Q', 'S1']
tile size for each dim of actual_dataflow_per_layer[1]: [1]
Level: InRegister: innermost_dim_sum = ['Q', 'S1'], i = 0, actual_dataflow = ['S1', 'Z']
self.factors.dimProduct(actual_dataflow_per_layer[1][0]): 3, self.tile_sizes[actual_dataflow_per_layer[1][0]]: 1
[self.tile_sizes[dim] for dim in innermost_dim_sum if dim != actual_dataflow_per_layer[1][0]]: [1]
layer read after innermost_dim_sum handling: 3
innermost_dim_sum: ['Q', 'S1'], dim_sum: dim_sum in self.arch.coupling.getIntermediateInputCoupling(0) if dim_sum is not innermost_dim_sum: [['C1'], ['P', 'R1']]
self.tile_size[dim] for dim in dim_sum: [[1], [1, 1]]
intermediate in layer 0 read after no next_spatials handling: 3
intermediate in remaining dim in actual_dataflow_per_layer[1][:0]: []
intermediate in layer 0 final read: 3

Initialization Level: InRegister, Layer 0: int_out_reads = 1, per_layer_int_out_reads = {0: 1}
actual_dataflow_per_layer[0] = ['Z'], flat_intermediate_output_coupling[0] = ['Z', 'Y', 'X']
tile size for each dim of actual_dataflow_per_layer[0]: [1]
Level: InRegister: innermost_dim_sum = None, i = 0, actual_dataflow = ['Z']
layer read after innermost_dim_sum handling: 1
innermost_dim_sum: None, dim_sum: dim_sum in self.arch.coupling.getIntermediateOutputCoupling(0) if dim_sum is not innermost_dim_sum: [['Z'], ['Y'], ['X']]
self.tile_size[dim] for dim in dim_sum: [[1], [1], [4]]
intermediate out layer 0 read after no next_spatials handling: 4
intermediate out remaining dim in actual_dataflow_per_layer[0][:1]: ['Z']
intermediate out layer 0 final read: 16

BEFORE BYPASS: ignore_bypasses: True, In reads: 54, Per Layer W Reads: {0: 108, 1: 6}, w_reads: 114,
 Per Layer Intermediate Input reads: {0: 3}, int_in_reads: 3, Per Layer Intermediate Output reads: {0: 16}, int_out_reads: 16, Out reads: 0
ignore_bypasses: True, self.next_spatial.names: []
After Spatials: Level: InRegister: MOPs in_reads = 54, per_layer_w_reads = {0: 108, 1: 6}, w_reads = 114, per_layer_int_in_reads = {0: 3}, int_in_reads = 3, per_layer_int_out_reads = {0: 16}, int_out_reads = 16, out_reads = 0, out_writes = 0, out_reads_factors = 0

arch.name: Fixed Multi-Layer Convolution Architecture with Mapping Constraints, level.name: OutRegister
Level (handling bypass): OutRegister: Starting MOPs calculation with in_bp: True, w_bp: True, out_bp: True, int_bp: True, dataflow: ['Y', 'Z', 'C1', 'R1', 'S1', 'C2', 'P', 'Q', 'X', 'S0', 'R0', 'C0'], factors: {C0: {3: 1}, Y: {}, X: {2: 2}, R0: {3: 1}, S0: {3: 1}, Z: {}, C1: {}, R1: {}, S1: {}, C2: {}, P: {}, Q: {}}, tile_sizes: {C0: 1, Y: 1, X: 1, R0: 1, S0: 1, Z: 1, C1: 1, R1: 1, S1: 1, C2: 1, P: 1, Q: 1}, factors_constraints: {'X': 4, 'S0': 3, 'R0': 3, 'C0': 3}, bypasses: ['in', 'w'], multiple_buffering: 1, multiple_reuses: True
actual_dataflow_per_layer[0]: ['X', 'S0', 'R0', 'C0']
actual_dataflow_per_layer[1]: []
Level: OutRegister: actual_dataflow_per_layer: {0: ['X', 'S0', 'R0', 'C0'], 1: []}, actual_dataflow: ['X', 'S0', 'R0', 'C0'], dataflow: ['Y', 'Z', 'C1', 'R1', 'S1', 'C2', 'P', 'Q', 'X', 'S0', 'R0', 'C0'], factors: {C0: {3: 1}, Y: {}, X: {2: 2}, R0: {3: 1}, S0: {3: 1}, Z: {}, C1: {}, R1: {}, S1: {}, C2: {}, P: {}, Q: {}}, num layers: 2
tile size for each dim in actual_dataflow: [('X', 1), ('S0', 1), ('R0', 1), ('C0', 1)]
tile size for each dim in actual_dataflow-per_layer[0]: [('X', 1), ('S0', 1), ('R0', 1), ('C0', 1)]
tile size for each dim in actual_dataflow_per_layer[1]: []


Stationarity calculation for Level: OutRegister: in_bp = True, w_bp = True, int_bp = True, out_bp = True


Initialization Level: OutRegister: in_reads = 1
input read after innermost_dim_sum handling: 1
innermost_dim_sum: None, next_spatial_unroll: {'C0': 1, 'Y': 1, 'R0': 1, 'X': 1, 'S0': 1}
tile sizes[dim] for dim in dim_sum: [[1], [1, 1], [1, 1]]
Level: OutRegister, Layer 0: after Spatial, Input in_reads = 1, i = 3, innermost_dim_sum = None
input remaining dim in actual_dataflow_per_layer[0][:4]: ['X', 'S0', 'R0', 'C0']
actual_dataflow_per_layer[0]: ['X', 'S0', 'R0', 'C0'], i = 3
Level: OutRegister, Layer 0: final Input in_reads = 108


Initialization Level: OutRegister: w_reads = 1, per_layer_w_reads = {0: 1, 1: 1}
weight layer 0 read after innermost_dim_sum handling: 1
innermost_dim_sum: None, next_spatial_unroll: {'Z': 1, 'C0': 1, 'R0': 1, 'S0': 1}
tile sizes[dim] for dim in dim_sum: [[1], [1], [1], [1]]
weight layer 0 read after next_spatials handling: 1
weight remaining dim in actual_dataflow_per_layer[0][:4]: ['X', 'S0', 'R0', 'C0']
actual_dataflow_per_layer[0]: ['X', 'S0', 'R0', 'C0'], i = 3
Level: OutRegister, Layer 0: final Weight layer_read = 108
weight layer 1 read after innermost_dim_sum handling: 1
innermost_dim_sum: None, next_spatial_unroll: {'C2': 1, 'C1': 1, 'R1': 1, 'S1': 1}
tile sizes[dim] for dim in dim_sum: [[1], [1], [1], [1]]
weight layer 1 read after next_spatials handling: 1
weight remaining dim in actual_dataflow_per_layer[1][:0]: []
actual_dataflow_per_layer[1]: [], i = -1
Level: OutRegister, Layer 1: final Weight layer_read = 1

Initialization Level: OutRegister, Layer 0: int_in_reads = 1, per_layer_int_in_reads = {0: 1}
layer read after innermost_dim_sum handling: 1
innermost_dim_sum: None, next_spatial_unroll: {'C1': 1, 'P': 1, 'R1': 1, 'Q': 1, 'S1': 1}
 dims in dim_sum: [['C1'], ['P', 'R1'], ['Q', 'S1']]
tile sizes[dim] for dim in dim_sum: [[1], [1, 1], [1, 1]]
intermediate in layer 0 read after next_spatials handling: 1
intermediate in remaining dim in actual_dataflow_per_layer[1][:0]: []
intermediate in layer 0 final read: 1

Initialization Level: OutRegister, Layer 0: int_out_reads = 1, per_layer_int_out_reads = {0: 1}
layer read after innermost_dim_sum handling: 1
innermost_dim_sum: None, next_spatial_unroll: {'Z': 1, 'Y': 1, 'X': 1}
tile sizes[dim] for dim in dim_sum: [[1], [1], [1]]
intermediate out layer 0 read after next_spatials handling: 1
intermediate out remaining dim in actual_dataflow_per_layer[0][:4]: ['X', 'S0', 'R0', 'C0']
intermediate out layer 0 final read: 108
Initialization Level: OutRegister, Layer 1: out_reads = 1, innermost_dim_sum = None, i = -1, actual_dataflow = []
out layer read after innermost_dim_sum handling: 1
innermost_dim_sum: None, next_spatial_unroll: {'C2': 1, 'P': 1, 'Q': 1}
tile sizes[dim] for dim in dim_sum: [[1], [1], [1]]
output layer 1 read after next_spatials handling: 1
out remaining dim in actual_dataflow_per_layer[1][:0]: []
actual_dataflow_per_layer[0]: ['X', 'S0', 'R0', 'C0'], i = -1
output layer 1 final read: 1, out_reads_factors (orthogonal to output) = 1

BEFORE BYPASS: ignore_bypasses: True, In reads: 108, Per Layer W Reads: {0: 108, 1: 1}, w_reads: 109,
 Per Layer Intermediate Input reads: {0: 1}, int_in_reads: 1, Per Layer Intermediate Output reads: {0: 108}, int_out_reads: 108, Out reads: 1
ignore_bypasses: True, self.next_spatial.names: ['Compute']
spatial_level: Compute, spatial_level.dataflow: [], spatial_level.factors: {C0: {}, Y: {}, X: {}, R0: {}, S0: {}, Z: {}, C1: {}, R1: {}, S1: {}, C2: {}, P: {}, Q: {}}
After Spatials: Level: OutRegister: MOPs in_reads = 108, per_layer_w_reads = {0: 108, 1: 1}, w_reads = 109, per_layer_int_in_reads = {0: 1}, int_in_reads = 1, per_layer_int_out_reads = {0: 108}, int_out_reads = 108, out_reads = 1, out_writes = 1, out_reads_factors = 1

-- local search of memory levels --
Choices after one step: {}
No valid follow-up configuration, stopping, current Wart: 7.425e-06
Total moves: 0
Total choices: 1
Choices: {}
arch.name: Fixed Multi-Layer Convolution Architecture with Mapping Constraints, level.name: DRAM
Level (handling bypass): DRAM: Starting MOPs calculation with in_bp: True, w_bp: True, out_bp: True, int_bp: True, dataflow: ['C0', 'Y', 'X', 'R0', 'S0', 'Z', 'R1', 'S1', 'C2', 'P', 'Q', 'C1'], factors: {C0: {}, Y: {}, X: {}, R0: {}, S0: {}, Z: {}, C1: {2: 1}, R1: {}, S1: {}, C2: {}, P: {2: 1}, Q: {3: 1}}, tile_sizes: {C0: 3, Y: 8, X: 8, R0: 3, S0: 3, Z: 4, C1: 2, R1: 3, S1: 3, C2: 2, P: 3, Q: 2}, factors_constraints: {'Q': 3, 'P': 2, 'C1': 2}, bypasses: [], multiple_buffering: 1, multiple_reuses: True
actual_dataflow_per_layer[0]: []
actual_dataflow_per_layer[1]: ['P', 'Q', 'C1']
Level: DRAM: actual_dataflow_per_layer: {0: [], 1: ['P', 'Q', 'C1']}, actual_dataflow: ['P', 'Q', 'C1'], dataflow: ['C0', 'Y', 'X', 'R0', 'S0', 'Z', 'R1', 'S1', 'C2', 'P', 'Q', 'C1'], factors: {C0: {}, Y: {}, X: {}, R0: {}, S0: {}, Z: {}, C1: {2: 1}, R1: {}, S1: {}, C2: {}, P: {2: 1}, Q: {3: 1}}, num layers: 2
tile size for each dim in actual_dataflow: [('P', 3), ('Q', 2), ('C1', 2)]
tile size for each dim in actual_dataflow-per_layer[0]: []
tile size for each dim in actual_dataflow_per_layer[1]: [('P', 3), ('Q', 2), ('C1', 2)]


Stationarity calculation for Level: DRAM: in_bp = True, w_bp = True, int_bp = True, out_bp = True


Initialization Level: DRAM: in_reads = 1
Level: DRAM: flat_in_coupling = ['C0', 'Y', 'R0', 'X', 'S0'], i = -1, actual_dataflow_per_layer[0] = []
input read after innermost_dim_sum handling: 1
Level: DRAM, Layer 0: after no Spatial, Input in_reads = 300, i = -1, innermost_dim_sum = None
input remaining dim in actual_dataflow_per_layer[0][:0]: []
actual_dataflow_per_layer[0]: [], i = -1
Level: DRAM, Layer 0: final Input in_reads = 300


Initialization Level: DRAM: w_reads = 1, per_layer_w_reads = {0: 1, 1: 1}
actual_dataflow_per_layer[0] = [], flat_weight_coupling[0] = ['Z', 'C0', 'R0', 'S0']
tile size for each dim of actual_dataflow_per_layer[0]: []
Level: DRAM: innermost_dim_sum = None, i = -1, actual_dataflow = ['P', 'Q', 'C1']
weight layer 0 read after innermost_dim_sum handling: 1
innermost_dim_sum: None, dim_sum: dim_sum in self.arch.coupling.getWeightCoupling(0) if dim_sum is not innermost_dim_sum: [['Z'], ['C0'], ['R0'], ['S0']]
self.tile_size[dim] for dim in dim_sum: [[4], [3], [3], [3]]
weight layer 0 read after no next_spatials handling: 108
weight layer 0 read after next_spatials handling: 108
weight remaining dim in actual_dataflow_per_layer[0][:0]: []
actual_dataflow_per_layer[0]: [], i = -1
Level: DRAM, Layer 0: final Weight layer_read = 108
actual_dataflow_per_layer[1] = ['P', 'Q', 'C1'], flat_weight_coupling[1] = ['C2', 'C1', 'R1', 'S1']
tile size for each dim of actual_dataflow_per_layer[1]: [3, 2, 2]
Level: DRAM: innermost_dim_sum = None, i = 2, actual_dataflow = ['P', 'Q', 'C1']
weight layer 1 read after innermost_dim_sum handling: 1
innermost_dim_sum: None, dim_sum: dim_sum in self.arch.coupling.getWeightCoupling(1) if dim_sum is not innermost_dim_sum: [['C2'], ['C1'], ['R1'], ['S1']]
self.tile_size[dim] for dim in dim_sum: [[2], [2], [3], [3]]
weight layer 1 read after no next_spatials handling: 36
weight layer 1 read after next_spatials handling: 36
weight remaining dim in actual_dataflow_per_layer[1][:3]: ['P', 'Q', 'C1']
actual_dataflow_per_layer[1]: ['P', 'Q', 'C1'], i = 2
Level: DRAM, Layer 1: final Weight layer_read = 432

Initialization Level: DRAM, Layer 0: int_in_reads = 1, per_layer_int_in_reads = {0: 1}
actual_dataflow_per_layer[1] = ['P', 'Q', 'C1'], flat_intermediate_input_coupling[0] = ['C1', 'P', 'R1', 'Q', 'S1']
tile size for each dim of actual_dataflow_per_layer[1]: [3, 2, 2]
Level: DRAM: innermost_dim_sum = None, i = 2, actual_dataflow = ['P', 'Q', 'C1']
layer read after innermost_dim_sum handling: 1
innermost_dim_sum: None, dim_sum: dim_sum in self.arch.coupling.getIntermediateInputCoupling(0) if dim_sum is not innermost_dim_sum: [['C1'], ['P', 'R1'], ['Q', 'S1']]
self.tile_size[dim] for dim in dim_sum: [[2], [3, 3], [2, 3]]
intermediate in layer 0 read after no next_spatials handling: 40
intermediate in remaining dim in actual_dataflow_per_layer[1][:3]: ['P', 'Q', 'C1']
intermediate in layer 0 final read: 480

Initialization Level: DRAM, Layer 0: int_out_reads = 1, per_layer_int_out_reads = {0: 1}
actual_dataflow_per_layer[0] = [], flat_intermediate_output_coupling[0] = ['Z', 'Y', 'X']
tile size for each dim of actual_dataflow_per_layer[0]: []
Level: DRAM: innermost_dim_sum = None, i = -1, actual_dataflow = []
layer read after innermost_dim_sum handling: 1
innermost_dim_sum: None, dim_sum: dim_sum in self.arch.coupling.getIntermediateOutputCoupling(0) if dim_sum is not innermost_dim_sum: [['Z'], ['Y'], ['X']]
self.tile_size[dim] for dim in dim_sum: [[4], [8], [8]]
intermediate out layer 0 read after no next_spatials handling: 256
intermediate out remaining dim in actual_dataflow_per_layer[0][:0]: []
intermediate out layer 0 final read: 256
Initialization Level: DRAM, Layer 1: out_reads = 1, innermost_dim_sum = None, i = 2, actual_dataflow = ['P', 'Q', 'C1']
out layer read after innermost_dim_sum handling: 1
innermost_dim_sum: None, dim_sum: dim_sum in self.arch.coupling.out_coupling if dim_sum is not innermost_dim_sum: [['C2'], ['P'], ['Q']]
self.tile_size[dim] for dim in dim_sum: [[2], [3], [2]]
output layer 1 read after no next_spatials handling: 12
out remaining dim in actual_dataflow_per_layer[1][:2]: ['P', 'Q']
actual_dataflow_per_layer[0]: [], i = 1
output layer 1 final read: 72, out_reads_factors (orthogonal to output) = 1

BEFORE BYPASS: ignore_bypasses: True, In reads: 300, Per Layer W Reads: {0: 108, 1: 432}, w_reads: 540,
 Per Layer Intermediate Input reads: {0: 480}, int_in_reads: 480, Per Layer Intermediate Output reads: {0: 256}, int_out_reads: 256, Out reads: 72
ignore_bypasses: True, self.next_spatial.names: []
After Spatials: Level: DRAM: MOPs in_reads = 300, per_layer_w_reads = {0: 108, 1: 432}, w_reads = 540, per_layer_int_in_reads = {0: 480}, int_in_reads = 480, per_layer_int_out_reads = {0: 256}, int_out_reads = 256, out_reads = 72, out_writes = 72, out_reads_factors = 1

arch.name: Fixed Multi-Layer Convolution Architecture with Mapping Constraints, level.name: GlobalBuffer
Level (handling bypass): GlobalBuffer: Starting MOPs calculation with in_bp: True, w_bp: True, out_bp: True, int_bp: True, dataflow: ['C0', 'R0', 'S0', 'Z', 'C1', 'S1', 'C2', 'Q', 'P', 'X', 'R1', 'Y'], factors: {C0: {}, Y: {2: 2}, X: {2: 1}, R0: {}, S0: {}, Z: {}, C1: {}, R1: {3: 1}, S1: {}, C2: {}, P: {3: 1}, Q: {}}, tile_sizes: {C0: 3, Y: 2, X: 4, R0: 3, S0: 3, Z: 4, C1: 2, R1: 1, S1: 3, C2: 2, P: 1, Q: 2}, factors_constraints: {'P': 3, 'X': 2, 'R1': 3, 'Y': 4}, bypasses: [], multiple_buffering: 1, multiple_reuses: True
actual_dataflow_per_layer[0]: ['X', 'Y']
actual_dataflow_per_layer[1]: ['P', 'R1']
Level: GlobalBuffer: actual_dataflow_per_layer: {0: ['X', 'Y'], 1: ['P', 'R1']}, actual_dataflow: ['P', 'X', 'R1', 'Y'], dataflow: ['C0', 'R0', 'S0', 'Z', 'C1', 'S1', 'C2', 'Q', 'P', 'X', 'R1', 'Y'], factors: {C0: {}, Y: {2: 2}, X: {2: 1}, R0: {}, S0: {}, Z: {}, C1: {}, R1: {3: 1}, S1: {}, C2: {}, P: {3: 1}, Q: {}}, num layers: 2
tile size for each dim in actual_dataflow: [('P', 1), ('X', 4), ('R1', 1), ('Y', 2)]
tile size for each dim in actual_dataflow-per_layer[0]: [('X', 4), ('Y', 2)]
tile size for each dim in actual_dataflow_per_layer[1]: [('P', 1), ('R1', 1)]


Stationarity calculation for Level: GlobalBuffer: in_bp = True, w_bp = True, int_bp = True, out_bp = True


Initialization Level: GlobalBuffer: in_reads = 1
Level: GlobalBuffer: flat_in_coupling = ['C0', 'Y', 'R0', 'X', 'S0'], i = 1, actual_dataflow_per_layer[0] = ['X', 'Y']
input read after innermost_dim_sum handling: 1
innermost_dim_sum: None, next_spatial_unroll: {'C0': 1, 'Y': 2, 'R0': 1, 'X': 1, 'S0': 1}
tile sizes[dim] for dim in dim_sum: [[3], [2, 3], [4, 3]]
Level: GlobalBuffer, Layer 0: after Spatial, Input in_reads = 108, i = 1, innermost_dim_sum = None
input remaining dim in actual_dataflow_per_layer[0][:2]: ['X', 'Y']
actual_dataflow_per_layer[0]: ['X', 'Y'], i = 1
Level: GlobalBuffer, Layer 0: final Input in_reads = 864


Initialization Level: GlobalBuffer: w_reads = 1, per_layer_w_reads = {0: 1, 1: 1}
actual_dataflow_per_layer[0] = ['X', 'Y'], flat_weight_coupling[0] = ['Z', 'C0', 'R0', 'S0']
tile size for each dim of actual_dataflow_per_layer[0]: [4, 2]
Level: GlobalBuffer: innermost_dim_sum = None, i = -1, actual_dataflow = ['P', 'X', 'R1', 'Y']
weight layer 0 read after innermost_dim_sum handling: 1
innermost_dim_sum: None, next_spatial_unroll: {'Z': 1, 'C0': 1, 'R0': 1, 'S0': 1}
tile sizes[dim] for dim in dim_sum: [[4], [3], [3], [3]]
weight layer 0 read after next_spatials handling: 108
weight remaining dim in actual_dataflow_per_layer[0][:0]: []
actual_dataflow_per_layer[0]: ['X', 'Y'], i = -1
Level: GlobalBuffer, Layer 0: final Weight layer_read = 108
actual_dataflow_per_layer[1] = ['P', 'R1'], flat_weight_coupling[1] = ['C2', 'C1', 'R1', 'S1']
tile size for each dim of actual_dataflow_per_layer[1]: [1, 1]
Level: GlobalBuffer: innermost_dim_sum = None, i = 1, actual_dataflow = ['P', 'X', 'R1', 'Y']
weight layer 1 read after innermost_dim_sum handling: 1
innermost_dim_sum: None, next_spatial_unroll: {'C2': 1, 'C1': 2, 'R1': 1, 'S1': 1}
tile sizes[dim] for dim in dim_sum: [[2], [2], [1], [3]]
weight layer 1 read after next_spatials handling: 12
weight remaining dim in actual_dataflow_per_layer[1][:2]: ['P', 'R1']
actual_dataflow_per_layer[1]: ['P', 'R1'], i = 1
Level: GlobalBuffer, Layer 1: final Weight layer_read = 108

Initialization Level: GlobalBuffer, Layer 0: int_in_reads = 1, per_layer_int_in_reads = {0: 1}
actual_dataflow_per_layer[1] = ['P', 'R1'], flat_intermediate_input_coupling[0] = ['C1', 'P', 'R1', 'Q', 'S1']
tile size for each dim of actual_dataflow_per_layer[1]: [1, 1]
Level: GlobalBuffer: innermost_dim_sum = ['P', 'R1'], i = 1, actual_dataflow = ['P', 'X', 'R1', 'Y']
self.factors.dimProduct(actual_dataflow_per_layer[1][1]): 3, self.tile_sizes[actual_dataflow_per_layer[1][1]]: 1
[self.tile_sizes[dim] for dim in innermost_dim_sum if dim != actual_dataflow_per_layer[1][1]]: [1]
layer read after innermost_dim_sum handling: 3
innermost_dim_sum: ['P', 'R1'], next_spatial_unroll: {'C1': 2, 'P': 1, 'R1': 1, 'Q': 2, 'S1': 1}
 dims in dim_sum: [['C1'], ['Q', 'S1']]
tile sizes[dim] for dim in dim_sum: [[2], [2, 3]]
intermediate in layer 0 read after next_spatials handling: 36
intermediate in remaining dim in actual_dataflow_per_layer[1][:1]: ['P']
intermediate in layer 0 final read: 108

Initialization Level: GlobalBuffer, Layer 0: int_out_reads = 1, per_layer_int_out_reads = {0: 1}
actual_dataflow_per_layer[0] = ['X', 'Y'], flat_intermediate_output_coupling[0] = ['Z', 'Y', 'X']
tile size for each dim of actual_dataflow_per_layer[0]: [4, 2]
Level: GlobalBuffer: innermost_dim_sum = None, i = 1, actual_dataflow = ['X', 'Y']
layer read after innermost_dim_sum handling: 1
innermost_dim_sum: None, next_spatial_unroll: {'Z': 1, 'Y': 2, 'X': 1}
tile sizes[dim] for dim in dim_sum: [[4], [2], [4]]
intermediate out layer 0 read after next_spatials handling: 32
intermediate out remaining dim in actual_dataflow_per_layer[0][:2]: ['X', 'Y']
intermediate out layer 0 final read: 256
Initialization Level: GlobalBuffer, Layer 1: out_reads = 1, innermost_dim_sum = None, i = 1, actual_dataflow = ['P', 'R1']
out layer read after innermost_dim_sum handling: 1
innermost_dim_sum: None, next_spatial_unroll: {'C2': 1, 'P': 1, 'Q': 2}
tile sizes[dim] for dim in dim_sum: [[2], [1], [2]]
output layer 1 read after next_spatials handling: 4
out remaining dim in actual_dataflow_per_layer[1][:1]: ['P']
actual_dataflow_per_layer[0]: ['X', 'Y'], i = 0
output layer 1 final read: 12, out_reads_factors (orthogonal to output) = 1

BEFORE BYPASS: ignore_bypasses: True, In reads: 864, Per Layer W Reads: {0: 108, 1: 108}, w_reads: 216,
 Per Layer Intermediate Input reads: {0: 108}, int_in_reads: 108, Per Layer Intermediate Output reads: {0: 256}, int_out_reads: 256, Out reads: 12
ignore_bypasses: True, self.next_spatial.names: ['SACols', 'SARows']
spatial_level: SACols, spatial_level.dataflow: ['Y', 'Q'], spatial_level.factors: {C0: {}, Y: {2: 1}, X: {}, R0: {}, S0: {}, Z: {}, C1: {}, R1: {}, S1: {}, C2: {}, P: {}, Q: {2: 1}}
spatial_level: SARows, spatial_level.dataflow: ['C1'], spatial_level.factors: {C0: {}, Y: {}, X: {}, R0: {}, S0: {}, Z: {}, C1: {2: 1}, R1: {}, S1: {}, C2: {}, P: {}, Q: {}}
After Spatials: Level: GlobalBuffer: MOPs in_reads = 864, per_layer_w_reads = {0: 108, 1: 108}, w_reads = 216, per_layer_int_in_reads = {0: 108}, int_in_reads = 108, per_layer_int_out_reads = {0: 256}, int_out_reads = 256, out_reads = 12, out_writes = 12, out_reads_factors = 1

arch.name: Fixed Multi-Layer Convolution Architecture with Mapping Constraints, level.name: InRegister
Level (handling bypass): InRegister: Starting MOPs calculation with in_bp: True, w_bp: True, out_bp: False, int_bp: True, dataflow: ['C0', 'Y', 'X', 'R0', 'S0', 'C1', 'R1', 'C2', 'P', 'Q', 'Z', 'S1'], factors: {C0: {}, Y: {}, X: {}, R0: {}, S0: {}, Z: {2: 2}, C1: {}, R1: {}, S1: {3: 1}, C2: {}, P: {}, Q: {}}, tile_sizes: {C0: 3, Y: 1, X: 4, R0: 3, S0: 3, Z: 1, C1: 1, R1: 1, S1: 1, C2: 2, P: 1, Q: 1}, factors_constraints: {'S1': 3, 'Z': 4}, bypasses: ['w', 'out'], multiple_buffering: 1, multiple_reuses: True
actual_dataflow_per_layer[0]: ['Z']
actual_dataflow_per_layer[1]: ['S1']
Level: InRegister: actual_dataflow_per_layer: {0: ['Z'], 1: ['S1']}, actual_dataflow: ['Z', 'S1'], dataflow: ['C0', 'Y', 'X', 'R0', 'S0', 'C1', 'R1', 'C2', 'P', 'Q', 'Z', 'S1'], factors: {C0: {}, Y: {}, X: {}, R0: {}, S0: {}, Z: {2: 2}, C1: {}, R1: {}, S1: {3: 1}, C2: {}, P: {}, Q: {}}, num layers: 2
tile size for each dim in actual_dataflow: [('Z', 1), ('S1', 1)]
tile size for each dim in actual_dataflow-per_layer[0]: [('Z', 1)]
tile size for each dim in actual_dataflow_per_layer[1]: [('S1', 1)]


Stationarity calculation for Level: InRegister: in_bp = True, w_bp = True, int_bp = True, out_bp = False


Initialization Level: InRegister: in_reads = 1
Level: InRegister: flat_in_coupling = ['C0', 'Y', 'R0', 'X', 'S0'], i = 0, actual_dataflow_per_layer[0] = ['Z']
Level: InRegister: innermost_dim_sum = None, i = -1, actual_dataflow_per_layer[0] = ['Z']
input read after innermost_dim_sum handling: 1
Level: InRegister, Layer 0: after no Spatial, Input in_reads = 54, i = -1, innermost_dim_sum = None
input remaining dim in actual_dataflow_per_layer[0][:0]: []
actual_dataflow_per_layer[0]: ['Z'], i = -1
Level: InRegister, Layer 0: final Input in_reads = 54


Initialization Level: InRegister: w_reads = 1, per_layer_w_reads = {0: 1, 1: 1}
actual_dataflow_per_layer[0] = ['Z'], flat_weight_coupling[0] = ['Z', 'C0', 'R0', 'S0']
tile size for each dim of actual_dataflow_per_layer[0]: [1]
Level: InRegister: innermost_dim_sum = None, i = 0, actual_dataflow = ['Z', 'S1']
weight layer 0 read after innermost_dim_sum handling: 1
innermost_dim_sum: None, dim_sum: dim_sum in self.arch.coupling.getWeightCoupling(0) if dim_sum is not innermost_dim_sum: [['Z'], ['C0'], ['R0'], ['S0']]
self.tile_size[dim] for dim in dim_sum: [[1], [3], [3], [3]]
weight layer 0 read after no next_spatials handling: 27
weight layer 0 read after next_spatials handling: 27
weight remaining dim in actual_dataflow_per_layer[0][:1]: ['Z']
actual_dataflow_per_layer[0]: ['Z'], i = 0
Level: InRegister, Layer 0: final Weight layer_read = 108
actual_dataflow_per_layer[1] = ['S1'], flat_weight_coupling[1] = ['C2', 'C1', 'R1', 'S1']
tile size for each dim of actual_dataflow_per_layer[1]: [1]
Level: InRegister: innermost_dim_sum = None, i = 0, actual_dataflow = ['Z', 'S1']
weight layer 1 read after innermost_dim_sum handling: 1
innermost_dim_sum: None, dim_sum: dim_sum in self.arch.coupling.getWeightCoupling(1) if dim_sum is not innermost_dim_sum: [['C2'], ['C1'], ['R1'], ['S1']]
self.tile_size[dim] for dim in dim_sum: [[2], [1], [1], [1]]
weight layer 1 read after no next_spatials handling: 2
weight layer 1 read after next_spatials handling: 2
weight remaining dim in actual_dataflow_per_layer[1][:1]: ['S1']
actual_dataflow_per_layer[1]: ['S1'], i = 0
Level: InRegister, Layer 1: final Weight layer_read = 6

Initialization Level: InRegister, Layer 0: int_in_reads = 1, per_layer_int_in_reads = {0: 1}
actual_dataflow_per_layer[1] = ['S1'], flat_intermediate_input_coupling[0] = ['C1', 'P', 'R1', 'Q', 'S1']
tile size for each dim of actual_dataflow_per_layer[1]: [1]
Level: InRegister: innermost_dim_sum = ['Q', 'S1'], i = 0, actual_dataflow = ['Z', 'S1']
self.factors.dimProduct(actual_dataflow_per_layer[1][0]): 3, self.tile_sizes[actual_dataflow_per_layer[1][0]]: 1
[self.tile_sizes[dim] for dim in innermost_dim_sum if dim != actual_dataflow_per_layer[1][0]]: [1]
layer read after innermost_dim_sum handling: 3
innermost_dim_sum: ['Q', 'S1'], dim_sum: dim_sum in self.arch.coupling.getIntermediateInputCoupling(0) if dim_sum is not innermost_dim_sum: [['C1'], ['P', 'R1']]
self.tile_size[dim] for dim in dim_sum: [[1], [1, 1]]
intermediate in layer 0 read after no next_spatials handling: 3
intermediate in remaining dim in actual_dataflow_per_layer[1][:0]: []
intermediate in layer 0 final read: 3

Initialization Level: InRegister, Layer 0: int_out_reads = 1, per_layer_int_out_reads = {0: 1}
actual_dataflow_per_layer[0] = ['Z'], flat_intermediate_output_coupling[0] = ['Z', 'Y', 'X']
tile size for each dim of actual_dataflow_per_layer[0]: [1]
Level: InRegister: innermost_dim_sum = None, i = 0, actual_dataflow = ['Z']
layer read after innermost_dim_sum handling: 1
innermost_dim_sum: None, dim_sum: dim_sum in self.arch.coupling.getIntermediateOutputCoupling(0) if dim_sum is not innermost_dim_sum: [['Z'], ['Y'], ['X']]
self.tile_size[dim] for dim in dim_sum: [[1], [1], [4]]
intermediate out layer 0 read after no next_spatials handling: 4
intermediate out remaining dim in actual_dataflow_per_layer[0][:1]: ['Z']
intermediate out layer 0 final read: 16

BEFORE BYPASS: ignore_bypasses: True, In reads: 54, Per Layer W Reads: {0: 108, 1: 6}, w_reads: 114,
 Per Layer Intermediate Input reads: {0: 3}, int_in_reads: 3, Per Layer Intermediate Output reads: {0: 16}, int_out_reads: 16, Out reads: 0
ignore_bypasses: True, self.next_spatial.names: []
After Spatials: Level: InRegister: MOPs in_reads = 54, per_layer_w_reads = {0: 108, 1: 6}, w_reads = 114, per_layer_int_in_reads = {0: 3}, int_in_reads = 3, per_layer_int_out_reads = {0: 16}, int_out_reads = 16, out_reads = 0, out_writes = 0, out_reads_factors = 0

arch.name: Fixed Multi-Layer Convolution Architecture with Mapping Constraints, level.name: InRegister
Level (handling bypass): InRegister: Starting MOPs calculation with in_bp: True, w_bp: True, out_bp: False, int_bp: True, dataflow: ['C0', 'Y', 'X', 'R0', 'S0', 'C1', 'R1', 'C2', 'P', 'Q', 'S1', 'Z'], factors: {C0: {}, Y: {}, X: {}, R0: {}, S0: {}, Z: {2: 2}, C1: {}, R1: {}, S1: {3: 1}, C2: {}, P: {}, Q: {}}, tile_sizes: {C0: 3, Y: 1, X: 4, R0: 3, S0: 3, Z: 1, C1: 1, R1: 1, S1: 1, C2: 2, P: 1, Q: 1}, factors_constraints: {'S1': 3, 'Z': 4}, bypasses: ['w', 'out'], multiple_buffering: 1, multiple_reuses: True
actual_dataflow_per_layer[0]: ['Z']
actual_dataflow_per_layer[1]: ['S1']
Level: InRegister: actual_dataflow_per_layer: {0: ['Z'], 1: ['S1']}, actual_dataflow: ['S1', 'Z'], dataflow: ['C0', 'Y', 'X', 'R0', 'S0', 'C1', 'R1', 'C2', 'P', 'Q', 'S1', 'Z'], factors: {C0: {}, Y: {}, X: {}, R0: {}, S0: {}, Z: {2: 2}, C1: {}, R1: {}, S1: {3: 1}, C2: {}, P: {}, Q: {}}, num layers: 2
tile size for each dim in actual_dataflow: [('S1', 1), ('Z', 1)]
tile size for each dim in actual_dataflow-per_layer[0]: [('Z', 1)]
tile size for each dim in actual_dataflow_per_layer[1]: [('S1', 1)]


Stationarity calculation for Level: InRegister: in_bp = True, w_bp = True, int_bp = True, out_bp = False


Initialization Level: InRegister: in_reads = 1
Level: InRegister: flat_in_coupling = ['C0', 'Y', 'R0', 'X', 'S0'], i = 0, actual_dataflow_per_layer[0] = ['Z']
Level: InRegister: innermost_dim_sum = None, i = -1, actual_dataflow_per_layer[0] = ['Z']
input read after innermost_dim_sum handling: 1
Level: InRegister, Layer 0: after no Spatial, Input in_reads = 54, i = -1, innermost_dim_sum = None
input remaining dim in actual_dataflow_per_layer[0][:0]: []
actual_dataflow_per_layer[0]: ['Z'], i = -1
Level: InRegister, Layer 0: final Input in_reads = 54


Initialization Level: InRegister: w_reads = 1, per_layer_w_reads = {0: 1, 1: 1}
actual_dataflow_per_layer[0] = ['Z'], flat_weight_coupling[0] = ['Z', 'C0', 'R0', 'S0']
tile size for each dim of actual_dataflow_per_layer[0]: [1]
Level: InRegister: innermost_dim_sum = None, i = 0, actual_dataflow = ['S1', 'Z']
weight layer 0 read after innermost_dim_sum handling: 1
innermost_dim_sum: None, dim_sum: dim_sum in self.arch.coupling.getWeightCoupling(0) if dim_sum is not innermost_dim_sum: [['Z'], ['C0'], ['R0'], ['S0']]
self.tile_size[dim] for dim in dim_sum: [[1], [3], [3], [3]]
weight layer 0 read after no next_spatials handling: 27
weight layer 0 read after next_spatials handling: 27
weight remaining dim in actual_dataflow_per_layer[0][:1]: ['Z']
actual_dataflow_per_layer[0]: ['Z'], i = 0
Level: InRegister, Layer 0: final Weight layer_read = 108
actual_dataflow_per_layer[1] = ['S1'], flat_weight_coupling[1] = ['C2', 'C1', 'R1', 'S1']
tile size for each dim of actual_dataflow_per_layer[1]: [1]
Level: InRegister: innermost_dim_sum = None, i = 0, actual_dataflow = ['S1', 'Z']
weight layer 1 read after innermost_dim_sum handling: 1
innermost_dim_sum: None, dim_sum: dim_sum in self.arch.coupling.getWeightCoupling(1) if dim_sum is not innermost_dim_sum: [['C2'], ['C1'], ['R1'], ['S1']]
self.tile_size[dim] for dim in dim_sum: [[2], [1], [1], [1]]
weight layer 1 read after no next_spatials handling: 2
weight layer 1 read after next_spatials handling: 2
weight remaining dim in actual_dataflow_per_layer[1][:1]: ['S1']
actual_dataflow_per_layer[1]: ['S1'], i = 0
Level: InRegister, Layer 1: final Weight layer_read = 6

Initialization Level: InRegister, Layer 0: int_in_reads = 1, per_layer_int_in_reads = {0: 1}
actual_dataflow_per_layer[1] = ['S1'], flat_intermediate_input_coupling[0] = ['C1', 'P', 'R1', 'Q', 'S1']
tile size for each dim of actual_dataflow_per_layer[1]: [1]
Level: InRegister: innermost_dim_sum = ['Q', 'S1'], i = 0, actual_dataflow = ['S1', 'Z']
self.factors.dimProduct(actual_dataflow_per_layer[1][0]): 3, self.tile_sizes[actual_dataflow_per_layer[1][0]]: 1
[self.tile_sizes[dim] for dim in innermost_dim_sum if dim != actual_dataflow_per_layer[1][0]]: [1]
layer read after innermost_dim_sum handling: 3
innermost_dim_sum: ['Q', 'S1'], dim_sum: dim_sum in self.arch.coupling.getIntermediateInputCoupling(0) if dim_sum is not innermost_dim_sum: [['C1'], ['P', 'R1']]
self.tile_size[dim] for dim in dim_sum: [[1], [1, 1]]
intermediate in layer 0 read after no next_spatials handling: 3
intermediate in remaining dim in actual_dataflow_per_layer[1][:0]: []
intermediate in layer 0 final read: 3

Initialization Level: InRegister, Layer 0: int_out_reads = 1, per_layer_int_out_reads = {0: 1}
actual_dataflow_per_layer[0] = ['Z'], flat_intermediate_output_coupling[0] = ['Z', 'Y', 'X']
tile size for each dim of actual_dataflow_per_layer[0]: [1]
Level: InRegister: innermost_dim_sum = None, i = 0, actual_dataflow = ['Z']
layer read after innermost_dim_sum handling: 1
innermost_dim_sum: None, dim_sum: dim_sum in self.arch.coupling.getIntermediateOutputCoupling(0) if dim_sum is not innermost_dim_sum: [['Z'], ['Y'], ['X']]
self.tile_size[dim] for dim in dim_sum: [[1], [1], [4]]
intermediate out layer 0 read after no next_spatials handling: 4
intermediate out remaining dim in actual_dataflow_per_layer[0][:1]: ['Z']
intermediate out layer 0 final read: 16

BEFORE BYPASS: ignore_bypasses: True, In reads: 54, Per Layer W Reads: {0: 108, 1: 6}, w_reads: 114,
 Per Layer Intermediate Input reads: {0: 3}, int_in_reads: 3, Per Layer Intermediate Output reads: {0: 16}, int_out_reads: 16, Out reads: 0
ignore_bypasses: True, self.next_spatial.names: []
After Spatials: Level: InRegister: MOPs in_reads = 54, per_layer_w_reads = {0: 108, 1: 6}, w_reads = 114, per_layer_int_in_reads = {0: 3}, int_in_reads = 3, per_layer_int_out_reads = {0: 16}, int_out_reads = 16, out_reads = 0, out_writes = 0, out_reads_factors = 0

arch.name: Fixed Multi-Layer Convolution Architecture with Mapping Constraints, level.name: OutRegister
Level (handling bypass): OutRegister: Starting MOPs calculation with in_bp: True, w_bp: True, out_bp: True, int_bp: True, dataflow: ['Y', 'Z', 'C1', 'R1', 'S1', 'C2', 'P', 'Q', 'X', 'S0', 'R0', 'C0'], factors: {C0: {3: 1}, Y: {}, X: {2: 2}, R0: {3: 1}, S0: {3: 1}, Z: {}, C1: {}, R1: {}, S1: {}, C2: {}, P: {}, Q: {}}, tile_sizes: {C0: 1, Y: 1, X: 1, R0: 1, S0: 1, Z: 1, C1: 1, R1: 1, S1: 1, C2: 1, P: 1, Q: 1}, factors_constraints: {'X': 4, 'S0': 3, 'R0': 3, 'C0': 3}, bypasses: ['in', 'w'], multiple_buffering: 1, multiple_reuses: True
actual_dataflow_per_layer[0]: ['X', 'S0', 'R0', 'C0']
actual_dataflow_per_layer[1]: []
Level: OutRegister: actual_dataflow_per_layer: {0: ['X', 'S0', 'R0', 'C0'], 1: []}, actual_dataflow: ['X', 'S0', 'R0', 'C0'], dataflow: ['Y', 'Z', 'C1', 'R1', 'S1', 'C2', 'P', 'Q', 'X', 'S0', 'R0', 'C0'], factors: {C0: {3: 1}, Y: {}, X: {2: 2}, R0: {3: 1}, S0: {3: 1}, Z: {}, C1: {}, R1: {}, S1: {}, C2: {}, P: {}, Q: {}}, num layers: 2
tile size for each dim in actual_dataflow: [('X', 1), ('S0', 1), ('R0', 1), ('C0', 1)]
tile size for each dim in actual_dataflow-per_layer[0]: [('X', 1), ('S0', 1), ('R0', 1), ('C0', 1)]
tile size for each dim in actual_dataflow_per_layer[1]: []


Stationarity calculation for Level: OutRegister: in_bp = True, w_bp = True, int_bp = True, out_bp = True


Initialization Level: OutRegister: in_reads = 1
input read after innermost_dim_sum handling: 1
innermost_dim_sum: None, next_spatial_unroll: {'C0': 1, 'Y': 1, 'R0': 1, 'X': 1, 'S0': 1}
tile sizes[dim] for dim in dim_sum: [[1], [1, 1], [1, 1]]
Level: OutRegister, Layer 0: after Spatial, Input in_reads = 1, i = 3, innermost_dim_sum = None
input remaining dim in actual_dataflow_per_layer[0][:4]: ['X', 'S0', 'R0', 'C0']
actual_dataflow_per_layer[0]: ['X', 'S0', 'R0', 'C0'], i = 3
Level: OutRegister, Layer 0: final Input in_reads = 108


Initialization Level: OutRegister: w_reads = 1, per_layer_w_reads = {0: 1, 1: 1}
weight layer 0 read after innermost_dim_sum handling: 1
innermost_dim_sum: None, next_spatial_unroll: {'Z': 1, 'C0': 1, 'R0': 1, 'S0': 1}
tile sizes[dim] for dim in dim_sum: [[1], [1], [1], [1]]
weight layer 0 read after next_spatials handling: 1
weight remaining dim in actual_dataflow_per_layer[0][:4]: ['X', 'S0', 'R0', 'C0']
actual_dataflow_per_layer[0]: ['X', 'S0', 'R0', 'C0'], i = 3
Level: OutRegister, Layer 0: final Weight layer_read = 108
weight layer 1 read after innermost_dim_sum handling: 1
innermost_dim_sum: None, next_spatial_unroll: {'C2': 1, 'C1': 1, 'R1': 1, 'S1': 1}
tile sizes[dim] for dim in dim_sum: [[1], [1], [1], [1]]
weight layer 1 read after next_spatials handling: 1
weight remaining dim in actual_dataflow_per_layer[1][:0]: []
actual_dataflow_per_layer[1]: [], i = -1
Level: OutRegister, Layer 1: final Weight layer_read = 1

Initialization Level: OutRegister, Layer 0: int_in_reads = 1, per_layer_int_in_reads = {0: 1}
layer read after innermost_dim_sum handling: 1
innermost_dim_sum: None, next_spatial_unroll: {'C1': 1, 'P': 1, 'R1': 1, 'Q': 1, 'S1': 1}
 dims in dim_sum: [['C1'], ['P', 'R1'], ['Q', 'S1']]
tile sizes[dim] for dim in dim_sum: [[1], [1, 1], [1, 1]]
intermediate in layer 0 read after next_spatials handling: 1
intermediate in remaining dim in actual_dataflow_per_layer[1][:0]: []
intermediate in layer 0 final read: 1

Initialization Level: OutRegister, Layer 0: int_out_reads = 1, per_layer_int_out_reads = {0: 1}
layer read after innermost_dim_sum handling: 1
innermost_dim_sum: None, next_spatial_unroll: {'Z': 1, 'Y': 1, 'X': 1}
tile sizes[dim] for dim in dim_sum: [[1], [1], [1]]
intermediate out layer 0 read after next_spatials handling: 1
intermediate out remaining dim in actual_dataflow_per_layer[0][:4]: ['X', 'S0', 'R0', 'C0']
intermediate out layer 0 final read: 108
Initialization Level: OutRegister, Layer 1: out_reads = 1, innermost_dim_sum = None, i = -1, actual_dataflow = []
out layer read after innermost_dim_sum handling: 1
innermost_dim_sum: None, next_spatial_unroll: {'C2': 1, 'P': 1, 'Q': 1}
tile sizes[dim] for dim in dim_sum: [[1], [1], [1]]
output layer 1 read after next_spatials handling: 1
out remaining dim in actual_dataflow_per_layer[1][:0]: []
actual_dataflow_per_layer[0]: ['X', 'S0', 'R0', 'C0'], i = -1
output layer 1 final read: 1, out_reads_factors (orthogonal to output) = 1

BEFORE BYPASS: ignore_bypasses: True, In reads: 108, Per Layer W Reads: {0: 108, 1: 1}, w_reads: 109,
 Per Layer Intermediate Input reads: {0: 1}, int_in_reads: 1, Per Layer Intermediate Output reads: {0: 108}, int_out_reads: 108, Out reads: 1
ignore_bypasses: True, self.next_spatial.names: ['Compute']
spatial_level: Compute, spatial_level.dataflow: [], spatial_level.factors: {C0: {}, Y: {}, X: {}, R0: {}, S0: {}, Z: {}, C1: {}, R1: {}, S1: {}, C2: {}, P: {}, Q: {}}
After Spatials: Level: OutRegister: MOPs in_reads = 108, per_layer_w_reads = {0: 108, 1: 1}, w_reads = 109, per_layer_int_in_reads = {0: 1}, int_in_reads = 1, per_layer_int_out_reads = {0: 108}, int_out_reads = 108, out_reads = 1, out_writes = 1, out_reads_factors = 1

-- spatial-memory levels co-optimization --
Choices after one step: {}
No valid follow-up configuration, stopping, current Wart: 7.425e-06
Total moves: 0
Total choices: 1
Choices: {}
arch.name: Fixed Multi-Layer Convolution Architecture with Mapping Constraints, level.name: DRAM
Level (handling bypass): DRAM: Starting MOPs calculation with in_bp: True, w_bp: True, out_bp: True, int_bp: True, dataflow: ['C0', 'Y', 'X', 'R0', 'S0', 'Z', 'R1', 'S1', 'C2', 'P', 'Q', 'C1'], factors: {C0: {}, Y: {}, X: {}, R0: {}, S0: {}, Z: {}, C1: {2: 1}, R1: {}, S1: {}, C2: {}, P: {2: 1}, Q: {3: 1}}, tile_sizes: {C0: 3, Y: 8, X: 8, R0: 3, S0: 3, Z: 4, C1: 2, R1: 3, S1: 3, C2: 2, P: 3, Q: 2}, factors_constraints: {'Q': 3, 'P': 2, 'C1': 2}, bypasses: [], multiple_buffering: 1, multiple_reuses: True
actual_dataflow_per_layer[0]: []
actual_dataflow_per_layer[1]: ['P', 'Q', 'C1']
Level: DRAM: actual_dataflow_per_layer: {0: [], 1: ['P', 'Q', 'C1']}, actual_dataflow: ['P', 'Q', 'C1'], dataflow: ['C0', 'Y', 'X', 'R0', 'S0', 'Z', 'R1', 'S1', 'C2', 'P', 'Q', 'C1'], factors: {C0: {}, Y: {}, X: {}, R0: {}, S0: {}, Z: {}, C1: {2: 1}, R1: {}, S1: {}, C2: {}, P: {2: 1}, Q: {3: 1}}, num layers: 2
tile size for each dim in actual_dataflow: [('P', 3), ('Q', 2), ('C1', 2)]
tile size for each dim in actual_dataflow-per_layer[0]: []
tile size for each dim in actual_dataflow_per_layer[1]: [('P', 3), ('Q', 2), ('C1', 2)]


Stationarity calculation for Level: DRAM: in_bp = True, w_bp = True, int_bp = True, out_bp = True


Initialization Level: DRAM: in_reads = 1
Level: DRAM: flat_in_coupling = ['C0', 'Y', 'R0', 'X', 'S0'], i = -1, actual_dataflow_per_layer[0] = []
input read after innermost_dim_sum handling: 1
Level: DRAM, Layer 0: after no Spatial, Input in_reads = 300, i = -1, innermost_dim_sum = None
input remaining dim in actual_dataflow_per_layer[0][:0]: []
actual_dataflow_per_layer[0]: [], i = -1
Level: DRAM, Layer 0: final Input in_reads = 300


Initialization Level: DRAM: w_reads = 1, per_layer_w_reads = {0: 1, 1: 1}
actual_dataflow_per_layer[0] = [], flat_weight_coupling[0] = ['Z', 'C0', 'R0', 'S0']
tile size for each dim of actual_dataflow_per_layer[0]: []
Level: DRAM: innermost_dim_sum = None, i = -1, actual_dataflow = ['P', 'Q', 'C1']
weight layer 0 read after innermost_dim_sum handling: 1
innermost_dim_sum: None, dim_sum: dim_sum in self.arch.coupling.getWeightCoupling(0) if dim_sum is not innermost_dim_sum: [['Z'], ['C0'], ['R0'], ['S0']]
self.tile_size[dim] for dim in dim_sum: [[4], [3], [3], [3]]
weight layer 0 read after no next_spatials handling: 108
weight layer 0 read after next_spatials handling: 108
weight remaining dim in actual_dataflow_per_layer[0][:0]: []
actual_dataflow_per_layer[0]: [], i = -1
Level: DRAM, Layer 0: final Weight layer_read = 108
actual_dataflow_per_layer[1] = ['P', 'Q', 'C1'], flat_weight_coupling[1] = ['C2', 'C1', 'R1', 'S1']
tile size for each dim of actual_dataflow_per_layer[1]: [3, 2, 2]
Level: DRAM: innermost_dim_sum = None, i = 2, actual_dataflow = ['P', 'Q', 'C1']
weight layer 1 read after innermost_dim_sum handling: 1
innermost_dim_sum: None, dim_sum: dim_sum in self.arch.coupling.getWeightCoupling(1) if dim_sum is not innermost_dim_sum: [['C2'], ['C1'], ['R1'], ['S1']]
self.tile_size[dim] for dim in dim_sum: [[2], [2], [3], [3]]
weight layer 1 read after no next_spatials handling: 36
weight layer 1 read after next_spatials handling: 36
weight remaining dim in actual_dataflow_per_layer[1][:3]: ['P', 'Q', 'C1']
actual_dataflow_per_layer[1]: ['P', 'Q', 'C1'], i = 2
Level: DRAM, Layer 1: final Weight layer_read = 432

Initialization Level: DRAM, Layer 0: int_in_reads = 1, per_layer_int_in_reads = {0: 1}
actual_dataflow_per_layer[1] = ['P', 'Q', 'C1'], flat_intermediate_input_coupling[0] = ['C1', 'P', 'R1', 'Q', 'S1']
tile size for each dim of actual_dataflow_per_layer[1]: [3, 2, 2]
Level: DRAM: innermost_dim_sum = None, i = 2, actual_dataflow = ['P', 'Q', 'C1']
layer read after innermost_dim_sum handling: 1
innermost_dim_sum: None, dim_sum: dim_sum in self.arch.coupling.getIntermediateInputCoupling(0) if dim_sum is not innermost_dim_sum: [['C1'], ['P', 'R1'], ['Q', 'S1']]
self.tile_size[dim] for dim in dim_sum: [[2], [3, 3], [2, 3]]
intermediate in layer 0 read after no next_spatials handling: 40
intermediate in remaining dim in actual_dataflow_per_layer[1][:3]: ['P', 'Q', 'C1']
intermediate in layer 0 final read: 480

Initialization Level: DRAM, Layer 0: int_out_reads = 1, per_layer_int_out_reads = {0: 1}
actual_dataflow_per_layer[0] = [], flat_intermediate_output_coupling[0] = ['Z', 'Y', 'X']
tile size for each dim of actual_dataflow_per_layer[0]: []
Level: DRAM: innermost_dim_sum = None, i = -1, actual_dataflow = []
layer read after innermost_dim_sum handling: 1
innermost_dim_sum: None, dim_sum: dim_sum in self.arch.coupling.getIntermediateOutputCoupling(0) if dim_sum is not innermost_dim_sum: [['Z'], ['Y'], ['X']]
self.tile_size[dim] for dim in dim_sum: [[4], [8], [8]]
intermediate out layer 0 read after no next_spatials handling: 256
intermediate out remaining dim in actual_dataflow_per_layer[0][:0]: []
intermediate out layer 0 final read: 256
Initialization Level: DRAM, Layer 1: out_reads = 1, innermost_dim_sum = None, i = 2, actual_dataflow = ['P', 'Q', 'C1']
out layer read after innermost_dim_sum handling: 1
innermost_dim_sum: None, dim_sum: dim_sum in self.arch.coupling.out_coupling if dim_sum is not innermost_dim_sum: [['C2'], ['P'], ['Q']]
self.tile_size[dim] for dim in dim_sum: [[2], [3], [2]]
output layer 1 read after no next_spatials handling: 12
out remaining dim in actual_dataflow_per_layer[1][:2]: ['P', 'Q']
actual_dataflow_per_layer[0]: [], i = 1
output layer 1 final read: 72, out_reads_factors (orthogonal to output) = 1

BEFORE BYPASS: ignore_bypasses: True, In reads: 300, Per Layer W Reads: {0: 108, 1: 432}, w_reads: 540,
 Per Layer Intermediate Input reads: {0: 480}, int_in_reads: 480, Per Layer Intermediate Output reads: {0: 256}, int_out_reads: 256, Out reads: 72
ignore_bypasses: True, self.next_spatial.names: []
After Spatials: Level: DRAM: MOPs in_reads = 300, per_layer_w_reads = {0: 108, 1: 432}, w_reads = 540, per_layer_int_in_reads = {0: 480}, int_in_reads = 480, per_layer_int_out_reads = {0: 256}, int_out_reads = 256, out_reads = 72, out_writes = 72, out_reads_factors = 1

arch.name: Fixed Multi-Layer Convolution Architecture with Mapping Constraints, level.name: GlobalBuffer
Level (handling bypass): GlobalBuffer: Starting MOPs calculation with in_bp: True, w_bp: True, out_bp: True, int_bp: True, dataflow: ['C0', 'R0', 'S0', 'Z', 'C1', 'S1', 'C2', 'Q', 'P', 'X', 'R1', 'Y'], factors: {C0: {}, Y: {2: 2}, X: {2: 1}, R0: {}, S0: {}, Z: {}, C1: {}, R1: {3: 1}, S1: {}, C2: {}, P: {3: 1}, Q: {}}, tile_sizes: {C0: 3, Y: 2, X: 4, R0: 3, S0: 3, Z: 4, C1: 2, R1: 1, S1: 3, C2: 2, P: 1, Q: 2}, factors_constraints: {'P': 3, 'X': 2, 'R1': 3, 'Y': 4}, bypasses: [], multiple_buffering: 1, multiple_reuses: True
actual_dataflow_per_layer[0]: ['X', 'Y']
actual_dataflow_per_layer[1]: ['P', 'R1']
Level: GlobalBuffer: actual_dataflow_per_layer: {0: ['X', 'Y'], 1: ['P', 'R1']}, actual_dataflow: ['P', 'X', 'R1', 'Y'], dataflow: ['C0', 'R0', 'S0', 'Z', 'C1', 'S1', 'C2', 'Q', 'P', 'X', 'R1', 'Y'], factors: {C0: {}, Y: {2: 2}, X: {2: 1}, R0: {}, S0: {}, Z: {}, C1: {}, R1: {3: 1}, S1: {}, C2: {}, P: {3: 1}, Q: {}}, num layers: 2
tile size for each dim in actual_dataflow: [('P', 1), ('X', 4), ('R1', 1), ('Y', 2)]
tile size for each dim in actual_dataflow-per_layer[0]: [('X', 4), ('Y', 2)]
tile size for each dim in actual_dataflow_per_layer[1]: [('P', 1), ('R1', 1)]


Stationarity calculation for Level: GlobalBuffer: in_bp = True, w_bp = True, int_bp = True, out_bp = True


Initialization Level: GlobalBuffer: in_reads = 1
Level: GlobalBuffer: flat_in_coupling = ['C0', 'Y', 'R0', 'X', 'S0'], i = 1, actual_dataflow_per_layer[0] = ['X', 'Y']
input read after innermost_dim_sum handling: 1
innermost_dim_sum: None, next_spatial_unroll: {'C0': 1, 'Y': 2, 'R0': 1, 'X': 1, 'S0': 1}
tile sizes[dim] for dim in dim_sum: [[3], [2, 3], [4, 3]]
Level: GlobalBuffer, Layer 0: after Spatial, Input in_reads = 108, i = 1, innermost_dim_sum = None
input remaining dim in actual_dataflow_per_layer[0][:2]: ['X', 'Y']
actual_dataflow_per_layer[0]: ['X', 'Y'], i = 1
Level: GlobalBuffer, Layer 0: final Input in_reads = 864


Initialization Level: GlobalBuffer: w_reads = 1, per_layer_w_reads = {0: 1, 1: 1}
actual_dataflow_per_layer[0] = ['X', 'Y'], flat_weight_coupling[0] = ['Z', 'C0', 'R0', 'S0']
tile size for each dim of actual_dataflow_per_layer[0]: [4, 2]
Level: GlobalBuffer: innermost_dim_sum = None, i = -1, actual_dataflow = ['P', 'X', 'R1', 'Y']
weight layer 0 read after innermost_dim_sum handling: 1
innermost_dim_sum: None, next_spatial_unroll: {'Z': 1, 'C0': 1, 'R0': 1, 'S0': 1}
tile sizes[dim] for dim in dim_sum: [[4], [3], [3], [3]]
weight layer 0 read after next_spatials handling: 108
weight remaining dim in actual_dataflow_per_layer[0][:0]: []
actual_dataflow_per_layer[0]: ['X', 'Y'], i = -1
Level: GlobalBuffer, Layer 0: final Weight layer_read = 108
actual_dataflow_per_layer[1] = ['P', 'R1'], flat_weight_coupling[1] = ['C2', 'C1', 'R1', 'S1']
tile size for each dim of actual_dataflow_per_layer[1]: [1, 1]
Level: GlobalBuffer: innermost_dim_sum = None, i = 1, actual_dataflow = ['P', 'X', 'R1', 'Y']
weight layer 1 read after innermost_dim_sum handling: 1
innermost_dim_sum: None, next_spatial_unroll: {'C2': 1, 'C1': 2, 'R1': 1, 'S1': 1}
tile sizes[dim] for dim in dim_sum: [[2], [2], [1], [3]]
weight layer 1 read after next_spatials handling: 12
weight remaining dim in actual_dataflow_per_layer[1][:2]: ['P', 'R1']
actual_dataflow_per_layer[1]: ['P', 'R1'], i = 1
Level: GlobalBuffer, Layer 1: final Weight layer_read = 108

Initialization Level: GlobalBuffer, Layer 0: int_in_reads = 1, per_layer_int_in_reads = {0: 1}
actual_dataflow_per_layer[1] = ['P', 'R1'], flat_intermediate_input_coupling[0] = ['C1', 'P', 'R1', 'Q', 'S1']
tile size for each dim of actual_dataflow_per_layer[1]: [1, 1]
Level: GlobalBuffer: innermost_dim_sum = ['P', 'R1'], i = 1, actual_dataflow = ['P', 'X', 'R1', 'Y']
self.factors.dimProduct(actual_dataflow_per_layer[1][1]): 3, self.tile_sizes[actual_dataflow_per_layer[1][1]]: 1
[self.tile_sizes[dim] for dim in innermost_dim_sum if dim != actual_dataflow_per_layer[1][1]]: [1]
layer read after innermost_dim_sum handling: 3
innermost_dim_sum: ['P', 'R1'], next_spatial_unroll: {'C1': 2, 'P': 1, 'R1': 1, 'Q': 2, 'S1': 1}
 dims in dim_sum: [['C1'], ['Q', 'S1']]
tile sizes[dim] for dim in dim_sum: [[2], [2, 3]]
intermediate in layer 0 read after next_spatials handling: 36
intermediate in remaining dim in actual_dataflow_per_layer[1][:1]: ['P']
intermediate in layer 0 final read: 108

Initialization Level: GlobalBuffer, Layer 0: int_out_reads = 1, per_layer_int_out_reads = {0: 1}
actual_dataflow_per_layer[0] = ['X', 'Y'], flat_intermediate_output_coupling[0] = ['Z', 'Y', 'X']
tile size for each dim of actual_dataflow_per_layer[0]: [4, 2]
Level: GlobalBuffer: innermost_dim_sum = None, i = 1, actual_dataflow = ['X', 'Y']
layer read after innermost_dim_sum handling: 1
innermost_dim_sum: None, next_spatial_unroll: {'Z': 1, 'Y': 2, 'X': 1}
tile sizes[dim] for dim in dim_sum: [[4], [2], [4]]
intermediate out layer 0 read after next_spatials handling: 32
intermediate out remaining dim in actual_dataflow_per_layer[0][:2]: ['X', 'Y']
intermediate out layer 0 final read: 256
Initialization Level: GlobalBuffer, Layer 1: out_reads = 1, innermost_dim_sum = None, i = 1, actual_dataflow = ['P', 'R1']
out layer read after innermost_dim_sum handling: 1
innermost_dim_sum: None, next_spatial_unroll: {'C2': 1, 'P': 1, 'Q': 2}
tile sizes[dim] for dim in dim_sum: [[2], [1], [2]]
output layer 1 read after next_spatials handling: 4
out remaining dim in actual_dataflow_per_layer[1][:1]: ['P']
actual_dataflow_per_layer[0]: ['X', 'Y'], i = 0
output layer 1 final read: 12, out_reads_factors (orthogonal to output) = 1

BEFORE BYPASS: ignore_bypasses: True, In reads: 864, Per Layer W Reads: {0: 108, 1: 108}, w_reads: 216,
 Per Layer Intermediate Input reads: {0: 108}, int_in_reads: 108, Per Layer Intermediate Output reads: {0: 256}, int_out_reads: 256, Out reads: 12
ignore_bypasses: True, self.next_spatial.names: ['SACols', 'SARows']
spatial_level: SACols, spatial_level.dataflow: ['Y', 'Q'], spatial_level.factors: {C0: {}, Y: {2: 1}, X: {}, R0: {}, S0: {}, Z: {}, C1: {}, R1: {}, S1: {}, C2: {}, P: {}, Q: {2: 1}}
spatial_level: SARows, spatial_level.dataflow: ['C1'], spatial_level.factors: {C0: {}, Y: {}, X: {}, R0: {}, S0: {}, Z: {}, C1: {2: 1}, R1: {}, S1: {}, C2: {}, P: {}, Q: {}}
After Spatials: Level: GlobalBuffer: MOPs in_reads = 864, per_layer_w_reads = {0: 108, 1: 108}, w_reads = 216, per_layer_int_in_reads = {0: 108}, int_in_reads = 108, per_layer_int_out_reads = {0: 256}, int_out_reads = 256, out_reads = 12, out_writes = 12, out_reads_factors = 1

arch.name: Fixed Multi-Layer Convolution Architecture with Mapping Constraints, level.name: InRegister
Level (handling bypass): InRegister: Starting MOPs calculation with in_bp: True, w_bp: True, out_bp: False, int_bp: True, dataflow: ['C0', 'Y', 'X', 'R0', 'S0', 'C1', 'R1', 'C2', 'P', 'Q', 'Z', 'S1'], factors: {C0: {}, Y: {}, X: {}, R0: {}, S0: {}, Z: {2: 2}, C1: {}, R1: {}, S1: {3: 1}, C2: {}, P: {}, Q: {}}, tile_sizes: {C0: 3, Y: 1, X: 4, R0: 3, S0: 3, Z: 1, C1: 1, R1: 1, S1: 1, C2: 2, P: 1, Q: 1}, factors_constraints: {'S1': 3, 'Z': 4}, bypasses: ['w', 'out'], multiple_buffering: 1, multiple_reuses: True
actual_dataflow_per_layer[0]: ['Z']
actual_dataflow_per_layer[1]: ['S1']
Level: InRegister: actual_dataflow_per_layer: {0: ['Z'], 1: ['S1']}, actual_dataflow: ['Z', 'S1'], dataflow: ['C0', 'Y', 'X', 'R0', 'S0', 'C1', 'R1', 'C2', 'P', 'Q', 'Z', 'S1'], factors: {C0: {}, Y: {}, X: {}, R0: {}, S0: {}, Z: {2: 2}, C1: {}, R1: {}, S1: {3: 1}, C2: {}, P: {}, Q: {}}, num layers: 2
tile size for each dim in actual_dataflow: [('Z', 1), ('S1', 1)]
tile size for each dim in actual_dataflow-per_layer[0]: [('Z', 1)]
tile size for each dim in actual_dataflow_per_layer[1]: [('S1', 1)]


Stationarity calculation for Level: InRegister: in_bp = True, w_bp = True, int_bp = True, out_bp = False


Initialization Level: InRegister: in_reads = 1
Level: InRegister: flat_in_coupling = ['C0', 'Y', 'R0', 'X', 'S0'], i = 0, actual_dataflow_per_layer[0] = ['Z']
Level: InRegister: innermost_dim_sum = None, i = -1, actual_dataflow_per_layer[0] = ['Z']
input read after innermost_dim_sum handling: 1
Level: InRegister, Layer 0: after no Spatial, Input in_reads = 54, i = -1, innermost_dim_sum = None
input remaining dim in actual_dataflow_per_layer[0][:0]: []
actual_dataflow_per_layer[0]: ['Z'], i = -1
Level: InRegister, Layer 0: final Input in_reads = 54


Initialization Level: InRegister: w_reads = 1, per_layer_w_reads = {0: 1, 1: 1}
actual_dataflow_per_layer[0] = ['Z'], flat_weight_coupling[0] = ['Z', 'C0', 'R0', 'S0']
tile size for each dim of actual_dataflow_per_layer[0]: [1]
Level: InRegister: innermost_dim_sum = None, i = 0, actual_dataflow = ['Z', 'S1']
weight layer 0 read after innermost_dim_sum handling: 1
innermost_dim_sum: None, dim_sum: dim_sum in self.arch.coupling.getWeightCoupling(0) if dim_sum is not innermost_dim_sum: [['Z'], ['C0'], ['R0'], ['S0']]
self.tile_size[dim] for dim in dim_sum: [[1], [3], [3], [3]]
weight layer 0 read after no next_spatials handling: 27
weight layer 0 read after next_spatials handling: 27
weight remaining dim in actual_dataflow_per_layer[0][:1]: ['Z']
actual_dataflow_per_layer[0]: ['Z'], i = 0
Level: InRegister, Layer 0: final Weight layer_read = 108
actual_dataflow_per_layer[1] = ['S1'], flat_weight_coupling[1] = ['C2', 'C1', 'R1', 'S1']
tile size for each dim of actual_dataflow_per_layer[1]: [1]
Level: InRegister: innermost_dim_sum = None, i = 0, actual_dataflow = ['Z', 'S1']
weight layer 1 read after innermost_dim_sum handling: 1
innermost_dim_sum: None, dim_sum: dim_sum in self.arch.coupling.getWeightCoupling(1) if dim_sum is not innermost_dim_sum: [['C2'], ['C1'], ['R1'], ['S1']]
self.tile_size[dim] for dim in dim_sum: [[2], [1], [1], [1]]
weight layer 1 read after no next_spatials handling: 2
weight layer 1 read after next_spatials handling: 2
weight remaining dim in actual_dataflow_per_layer[1][:1]: ['S1']
actual_dataflow_per_layer[1]: ['S1'], i = 0
Level: InRegister, Layer 1: final Weight layer_read = 6

Initialization Level: InRegister, Layer 0: int_in_reads = 1, per_layer_int_in_reads = {0: 1}
actual_dataflow_per_layer[1] = ['S1'], flat_intermediate_input_coupling[0] = ['C1', 'P', 'R1', 'Q', 'S1']
tile size for each dim of actual_dataflow_per_layer[1]: [1]
Level: InRegister: innermost_dim_sum = ['Q', 'S1'], i = 0, actual_dataflow = ['Z', 'S1']
self.factors.dimProduct(actual_dataflow_per_layer[1][0]): 3, self.tile_sizes[actual_dataflow_per_layer[1][0]]: 1
[self.tile_sizes[dim] for dim in innermost_dim_sum if dim != actual_dataflow_per_layer[1][0]]: [1]
layer read after innermost_dim_sum handling: 3
innermost_dim_sum: ['Q', 'S1'], dim_sum: dim_sum in self.arch.coupling.getIntermediateInputCoupling(0) if dim_sum is not innermost_dim_sum: [['C1'], ['P', 'R1']]
self.tile_size[dim] for dim in dim_sum: [[1], [1, 1]]
intermediate in layer 0 read after no next_spatials handling: 3
intermediate in remaining dim in actual_dataflow_per_layer[1][:0]: []
intermediate in layer 0 final read: 3

Initialization Level: InRegister, Layer 0: int_out_reads = 1, per_layer_int_out_reads = {0: 1}
actual_dataflow_per_layer[0] = ['Z'], flat_intermediate_output_coupling[0] = ['Z', 'Y', 'X']
tile size for each dim of actual_dataflow_per_layer[0]: [1]
Level: InRegister: innermost_dim_sum = None, i = 0, actual_dataflow = ['Z']
layer read after innermost_dim_sum handling: 1
innermost_dim_sum: None, dim_sum: dim_sum in self.arch.coupling.getIntermediateOutputCoupling(0) if dim_sum is not innermost_dim_sum: [['Z'], ['Y'], ['X']]
self.tile_size[dim] for dim in dim_sum: [[1], [1], [4]]
intermediate out layer 0 read after no next_spatials handling: 4
intermediate out remaining dim in actual_dataflow_per_layer[0][:1]: ['Z']
intermediate out layer 0 final read: 16

BEFORE BYPASS: ignore_bypasses: True, In reads: 54, Per Layer W Reads: {0: 108, 1: 6}, w_reads: 114,
 Per Layer Intermediate Input reads: {0: 3}, int_in_reads: 3, Per Layer Intermediate Output reads: {0: 16}, int_out_reads: 16, Out reads: 0
ignore_bypasses: True, self.next_spatial.names: []
After Spatials: Level: InRegister: MOPs in_reads = 54, per_layer_w_reads = {0: 108, 1: 6}, w_reads = 114, per_layer_int_in_reads = {0: 3}, int_in_reads = 3, per_layer_int_out_reads = {0: 16}, int_out_reads = 16, out_reads = 0, out_writes = 0, out_reads_factors = 0

arch.name: Fixed Multi-Layer Convolution Architecture with Mapping Constraints, level.name: InRegister
Level (handling bypass): InRegister: Starting MOPs calculation with in_bp: True, w_bp: True, out_bp: False, int_bp: True, dataflow: ['C0', 'Y', 'X', 'R0', 'S0', 'C1', 'R1', 'C2', 'P', 'Q', 'S1', 'Z'], factors: {C0: {}, Y: {}, X: {}, R0: {}, S0: {}, Z: {2: 2}, C1: {}, R1: {}, S1: {3: 1}, C2: {}, P: {}, Q: {}}, tile_sizes: {C0: 3, Y: 1, X: 4, R0: 3, S0: 3, Z: 1, C1: 1, R1: 1, S1: 1, C2: 2, P: 1, Q: 1}, factors_constraints: {'S1': 3, 'Z': 4}, bypasses: ['w', 'out'], multiple_buffering: 1, multiple_reuses: True
actual_dataflow_per_layer[0]: ['Z']
actual_dataflow_per_layer[1]: ['S1']
Level: InRegister: actual_dataflow_per_layer: {0: ['Z'], 1: ['S1']}, actual_dataflow: ['S1', 'Z'], dataflow: ['C0', 'Y', 'X', 'R0', 'S0', 'C1', 'R1', 'C2', 'P', 'Q', 'S1', 'Z'], factors: {C0: {}, Y: {}, X: {}, R0: {}, S0: {}, Z: {2: 2}, C1: {}, R1: {}, S1: {3: 1}, C2: {}, P: {}, Q: {}}, num layers: 2
tile size for each dim in actual_dataflow: [('S1', 1), ('Z', 1)]
tile size for each dim in actual_dataflow-per_layer[0]: [('Z', 1)]
tile size for each dim in actual_dataflow_per_layer[1]: [('S1', 1)]


Stationarity calculation for Level: InRegister: in_bp = True, w_bp = True, int_bp = True, out_bp = False


Initialization Level: InRegister: in_reads = 1
Level: InRegister: flat_in_coupling = ['C0', 'Y', 'R0', 'X', 'S0'], i = 0, actual_dataflow_per_layer[0] = ['Z']
Level: InRegister: innermost_dim_sum = None, i = -1, actual_dataflow_per_layer[0] = ['Z']
input read after innermost_dim_sum handling: 1
Level: InRegister, Layer 0: after no Spatial, Input in_reads = 54, i = -1, innermost_dim_sum = None
input remaining dim in actual_dataflow_per_layer[0][:0]: []
actual_dataflow_per_layer[0]: ['Z'], i = -1
Level: InRegister, Layer 0: final Input in_reads = 54


Initialization Level: InRegister: w_reads = 1, per_layer_w_reads = {0: 1, 1: 1}
actual_dataflow_per_layer[0] = ['Z'], flat_weight_coupling[0] = ['Z', 'C0', 'R0', 'S0']
tile size for each dim of actual_dataflow_per_layer[0]: [1]
Level: InRegister: innermost_dim_sum = None, i = 0, actual_dataflow = ['S1', 'Z']
weight layer 0 read after innermost_dim_sum handling: 1
innermost_dim_sum: None, dim_sum: dim_sum in self.arch.coupling.getWeightCoupling(0) if dim_sum is not innermost_dim_sum: [['Z'], ['C0'], ['R0'], ['S0']]
self.tile_size[dim] for dim in dim_sum: [[1], [3], [3], [3]]
weight layer 0 read after no next_spatials handling: 27
weight layer 0 read after next_spatials handling: 27
weight remaining dim in actual_dataflow_per_layer[0][:1]: ['Z']
actual_dataflow_per_layer[0]: ['Z'], i = 0
Level: InRegister, Layer 0: final Weight layer_read = 108
actual_dataflow_per_layer[1] = ['S1'], flat_weight_coupling[1] = ['C2', 'C1', 'R1', 'S1']
tile size for each dim of actual_dataflow_per_layer[1]: [1]
Level: InRegister: innermost_dim_sum = None, i = 0, actual_dataflow = ['S1', 'Z']
weight layer 1 read after innermost_dim_sum handling: 1
innermost_dim_sum: None, dim_sum: dim_sum in self.arch.coupling.getWeightCoupling(1) if dim_sum is not innermost_dim_sum: [['C2'], ['C1'], ['R1'], ['S1']]
self.tile_size[dim] for dim in dim_sum: [[2], [1], [1], [1]]
weight layer 1 read after no next_spatials handling: 2
weight layer 1 read after next_spatials handling: 2
weight remaining dim in actual_dataflow_per_layer[1][:1]: ['S1']
actual_dataflow_per_layer[1]: ['S1'], i = 0
Level: InRegister, Layer 1: final Weight layer_read = 6

Initialization Level: InRegister, Layer 0: int_in_reads = 1, per_layer_int_in_reads = {0: 1}
actual_dataflow_per_layer[1] = ['S1'], flat_intermediate_input_coupling[0] = ['C1', 'P', 'R1', 'Q', 'S1']
tile size for each dim of actual_dataflow_per_layer[1]: [1]
Level: InRegister: innermost_dim_sum = ['Q', 'S1'], i = 0, actual_dataflow = ['S1', 'Z']
self.factors.dimProduct(actual_dataflow_per_layer[1][0]): 3, self.tile_sizes[actual_dataflow_per_layer[1][0]]: 1
[self.tile_sizes[dim] for dim in innermost_dim_sum if dim != actual_dataflow_per_layer[1][0]]: [1]
layer read after innermost_dim_sum handling: 3
innermost_dim_sum: ['Q', 'S1'], dim_sum: dim_sum in self.arch.coupling.getIntermediateInputCoupling(0) if dim_sum is not innermost_dim_sum: [['C1'], ['P', 'R1']]
self.tile_size[dim] for dim in dim_sum: [[1], [1, 1]]
intermediate in layer 0 read after no next_spatials handling: 3
intermediate in remaining dim in actual_dataflow_per_layer[1][:0]: []
intermediate in layer 0 final read: 3

Initialization Level: InRegister, Layer 0: int_out_reads = 1, per_layer_int_out_reads = {0: 1}
actual_dataflow_per_layer[0] = ['Z'], flat_intermediate_output_coupling[0] = ['Z', 'Y', 'X']
tile size for each dim of actual_dataflow_per_layer[0]: [1]
Level: InRegister: innermost_dim_sum = None, i = 0, actual_dataflow = ['Z']
layer read after innermost_dim_sum handling: 1
innermost_dim_sum: None, dim_sum: dim_sum in self.arch.coupling.getIntermediateOutputCoupling(0) if dim_sum is not innermost_dim_sum: [['Z'], ['Y'], ['X']]
self.tile_size[dim] for dim in dim_sum: [[1], [1], [4]]
intermediate out layer 0 read after no next_spatials handling: 4
intermediate out remaining dim in actual_dataflow_per_layer[0][:1]: ['Z']
intermediate out layer 0 final read: 16

BEFORE BYPASS: ignore_bypasses: True, In reads: 54, Per Layer W Reads: {0: 108, 1: 6}, w_reads: 114,
 Per Layer Intermediate Input reads: {0: 3}, int_in_reads: 3, Per Layer Intermediate Output reads: {0: 16}, int_out_reads: 16, Out reads: 0
ignore_bypasses: True, self.next_spatial.names: []
After Spatials: Level: InRegister: MOPs in_reads = 54, per_layer_w_reads = {0: 108, 1: 6}, w_reads = 114, per_layer_int_in_reads = {0: 3}, int_in_reads = 3, per_layer_int_out_reads = {0: 16}, int_out_reads = 16, out_reads = 0, out_writes = 0, out_reads_factors = 0

arch.name: Fixed Multi-Layer Convolution Architecture with Mapping Constraints, level.name: OutRegister
Level (handling bypass): OutRegister: Starting MOPs calculation with in_bp: True, w_bp: True, out_bp: True, int_bp: True, dataflow: ['Y', 'Z', 'C1', 'R1', 'S1', 'C2', 'P', 'Q', 'X', 'S0', 'R0', 'C0'], factors: {C0: {3: 1}, Y: {}, X: {2: 2}, R0: {3: 1}, S0: {3: 1}, Z: {}, C1: {}, R1: {}, S1: {}, C2: {}, P: {}, Q: {}}, tile_sizes: {C0: 1, Y: 1, X: 1, R0: 1, S0: 1, Z: 1, C1: 1, R1: 1, S1: 1, C2: 1, P: 1, Q: 1}, factors_constraints: {'X': 4, 'S0': 3, 'R0': 3, 'C0': 3}, bypasses: ['in', 'w'], multiple_buffering: 1, multiple_reuses: True
actual_dataflow_per_layer[0]: ['X', 'S0', 'R0', 'C0']
actual_dataflow_per_layer[1]: []
Level: OutRegister: actual_dataflow_per_layer: {0: ['X', 'S0', 'R0', 'C0'], 1: []}, actual_dataflow: ['X', 'S0', 'R0', 'C0'], dataflow: ['Y', 'Z', 'C1', 'R1', 'S1', 'C2', 'P', 'Q', 'X', 'S0', 'R0', 'C0'], factors: {C0: {3: 1}, Y: {}, X: {2: 2}, R0: {3: 1}, S0: {3: 1}, Z: {}, C1: {}, R1: {}, S1: {}, C2: {}, P: {}, Q: {}}, num layers: 2
tile size for each dim in actual_dataflow: [('X', 1), ('S0', 1), ('R0', 1), ('C0', 1)]
tile size for each dim in actual_dataflow-per_layer[0]: [('X', 1), ('S0', 1), ('R0', 1), ('C0', 1)]
tile size for each dim in actual_dataflow_per_layer[1]: []


Stationarity calculation for Level: OutRegister: in_bp = True, w_bp = True, int_bp = True, out_bp = True


Initialization Level: OutRegister: in_reads = 1
input read after innermost_dim_sum handling: 1
innermost_dim_sum: None, next_spatial_unroll: {'C0': 1, 'Y': 1, 'R0': 1, 'X': 1, 'S0': 1}
tile sizes[dim] for dim in dim_sum: [[1], [1, 1], [1, 1]]
Level: OutRegister, Layer 0: after Spatial, Input in_reads = 1, i = 3, innermost_dim_sum = None
input remaining dim in actual_dataflow_per_layer[0][:4]: ['X', 'S0', 'R0', 'C0']
actual_dataflow_per_layer[0]: ['X', 'S0', 'R0', 'C0'], i = 3
Level: OutRegister, Layer 0: final Input in_reads = 108


Initialization Level: OutRegister: w_reads = 1, per_layer_w_reads = {0: 1, 1: 1}
weight layer 0 read after innermost_dim_sum handling: 1
innermost_dim_sum: None, next_spatial_unroll: {'Z': 1, 'C0': 1, 'R0': 1, 'S0': 1}
tile sizes[dim] for dim in dim_sum: [[1], [1], [1], [1]]
weight layer 0 read after next_spatials handling: 1
weight remaining dim in actual_dataflow_per_layer[0][:4]: ['X', 'S0', 'R0', 'C0']
actual_dataflow_per_layer[0]: ['X', 'S0', 'R0', 'C0'], i = 3
Level: OutRegister, Layer 0: final Weight layer_read = 108
weight layer 1 read after innermost_dim_sum handling: 1
innermost_dim_sum: None, next_spatial_unroll: {'C2': 1, 'C1': 1, 'R1': 1, 'S1': 1}
tile sizes[dim] for dim in dim_sum: [[1], [1], [1], [1]]
weight layer 1 read after next_spatials handling: 1
weight remaining dim in actual_dataflow_per_layer[1][:0]: []
actual_dataflow_per_layer[1]: [], i = -1
Level: OutRegister, Layer 1: final Weight layer_read = 1

Initialization Level: OutRegister, Layer 0: int_in_reads = 1, per_layer_int_in_reads = {0: 1}
layer read after innermost_dim_sum handling: 1
innermost_dim_sum: None, next_spatial_unroll: {'C1': 1, 'P': 1, 'R1': 1, 'Q': 1, 'S1': 1}
 dims in dim_sum: [['C1'], ['P', 'R1'], ['Q', 'S1']]
tile sizes[dim] for dim in dim_sum: [[1], [1, 1], [1, 1]]
intermediate in layer 0 read after next_spatials handling: 1
intermediate in remaining dim in actual_dataflow_per_layer[1][:0]: []
intermediate in layer 0 final read: 1

Initialization Level: OutRegister, Layer 0: int_out_reads = 1, per_layer_int_out_reads = {0: 1}
layer read after innermost_dim_sum handling: 1
innermost_dim_sum: None, next_spatial_unroll: {'Z': 1, 'Y': 1, 'X': 1}
tile sizes[dim] for dim in dim_sum: [[1], [1], [1]]
intermediate out layer 0 read after next_spatials handling: 1
intermediate out remaining dim in actual_dataflow_per_layer[0][:4]: ['X', 'S0', 'R0', 'C0']
intermediate out layer 0 final read: 108
Initialization Level: OutRegister, Layer 1: out_reads = 1, innermost_dim_sum = None, i = -1, actual_dataflow = []
out layer read after innermost_dim_sum handling: 1
innermost_dim_sum: None, next_spatial_unroll: {'C2': 1, 'P': 1, 'Q': 1}
tile sizes[dim] for dim in dim_sum: [[1], [1], [1]]
output layer 1 read after next_spatials handling: 1
out remaining dim in actual_dataflow_per_layer[1][:0]: []
actual_dataflow_per_layer[0]: ['X', 'S0', 'R0', 'C0'], i = -1
output layer 1 final read: 1, out_reads_factors (orthogonal to output) = 1

BEFORE BYPASS: ignore_bypasses: True, In reads: 108, Per Layer W Reads: {0: 108, 1: 1}, w_reads: 109,
 Per Layer Intermediate Input reads: {0: 1}, int_in_reads: 1, Per Layer Intermediate Output reads: {0: 108}, int_out_reads: 108, Out reads: 1
ignore_bypasses: True, self.next_spatial.names: ['Compute']
spatial_level: Compute, spatial_level.dataflow: [], spatial_level.factors: {C0: {}, Y: {}, X: {}, R0: {}, S0: {}, Z: {}, C1: {}, R1: {}, S1: {}, C2: {}, P: {}, Q: {}}
After Spatials: Level: OutRegister: MOPs in_reads = 108, per_layer_w_reads = {0: 108, 1: 1}, w_reads = 109, per_layer_int_in_reads = {0: 1}, int_in_reads = 1, per_layer_int_out_reads = {0: 108}, int_out_reads = 108, out_reads = 1, out_writes = 1, out_reads_factors = 1

é stato chiamato update stats! 




Questo mops è chiamato da update stats
Level: DRAM, arch bypasses for the level: [], in_bp: 1, w_bp: 1, out_bp: 1, int_bp: 1
arch.name: Fixed Multi-Layer Convolution Architecture with Mapping Constraints, level.name: DRAM
Level: DRAM: Starting MOPs calculation with in_bp: 1, w_bp: 1, out_bp: 1, int_bp: 1, ignore_bypasses: False, dataflow: ['C0', 'Y', 'X', 'R0', 'S0', 'Z', 'R1', 'S1', 'C2', 'P', 'Q', 'C1'], factors: {C0: {}, Y: {}, X: {}, R0: {}, S0: {}, Z: {}, C1: {2: 1}, R1: {}, S1: {}, C2: {}, P: {2: 1}, Q: {3: 1}}, tile_sizes: {C0: 3, Y: 8, X: 8, R0: 3, S0: 3, Z: 4, C1: 2, R1: 3, S1: 3, C2: 2, P: 3, Q: 2}, factors_constraints: {'Q': 3, 'P': 2, 'C1': 2}, bypasses: [], multiple_buffering: 1, multiple_reuses: True
actual_dataflow_per_layer[0]: []
actual_dataflow_per_layer[1]: ['P', 'Q', 'C1']
Level: DRAM: actual_dataflow_per_layer: {0: [], 1: ['P', 'Q', 'C1']}, actual_dataflow: ['P', 'Q', 'C1'], dataflow: ['C0', 'Y', 'X', 'R0', 'S0', 'Z', 'R1', 'S1', 'C2', 'P', 'Q', 'C1'], factors: {C0: {}, Y: {}, X: {}, R0: {}, S0: {}, Z: {}, C1: {2: 1}, R1: {}, S1: {}, C2: {}, P: {2: 1}, Q: {3: 1}}, num layers: 2
tile size for each dim in actual_dataflow: [('P', 3), ('Q', 2), ('C1', 2)]
tile size for each dim in actual_dataflow-per_layer[0]: []
tile size for each dim in actual_dataflow_per_layer[1]: [('P', 3), ('Q', 2), ('C1', 2)]


Stationarity calculation for Level: DRAM: in_bp = 1, w_bp = 1, int_bp = 1, out_bp = 1


Initialization Level: DRAM: in_reads = 1
Level: DRAM: flat_in_coupling = ['C0', 'Y', 'R0', 'X', 'S0'], i = -1, actual_dataflow_per_layer[0] = []
input read after innermost_dim_sum handling: 1
Level: DRAM, Layer 0: after no Spatial, Input in_reads = 300, i = -1, innermost_dim_sum = None
input remaining dim in actual_dataflow_per_layer[0][:0]: []
actual_dataflow_per_layer[0]: [], i = -1
Level: DRAM, Layer 0: final Input in_reads = 300


Initialization Level: DRAM: w_reads = 1, per_layer_w_reads = {0: 1, 1: 1}
actual_dataflow_per_layer[0] = [], flat_weight_coupling[0] = ['Z', 'C0', 'R0', 'S0']
tile size for each dim of actual_dataflow_per_layer[0]: []
Level: DRAM: innermost_dim_sum = None, i = -1, actual_dataflow = ['P', 'Q', 'C1']
weight layer 0 read after innermost_dim_sum handling: 1
innermost_dim_sum: None, dim_sum: dim_sum in self.arch.coupling.getWeightCoupling(0) if dim_sum is not innermost_dim_sum: [['Z'], ['C0'], ['R0'], ['S0']]
self.tile_size[dim] for dim in dim_sum: [[4], [3], [3], [3]]
weight layer 0 read after no next_spatials handling: 108
weight layer 0 read after next_spatials handling: 108
weight remaining dim in actual_dataflow_per_layer[0][:0]: []
actual_dataflow_per_layer[0]: [], i = -1
Level: DRAM, Layer 0: final Weight layer_read = 108
actual_dataflow_per_layer[1] = ['P', 'Q', 'C1'], flat_weight_coupling[1] = ['C2', 'C1', 'R1', 'S1']
tile size for each dim of actual_dataflow_per_layer[1]: [3, 2, 2]
Level: DRAM: innermost_dim_sum = None, i = 2, actual_dataflow = ['P', 'Q', 'C1']
weight layer 1 read after innermost_dim_sum handling: 1
innermost_dim_sum: None, dim_sum: dim_sum in self.arch.coupling.getWeightCoupling(1) if dim_sum is not innermost_dim_sum: [['C2'], ['C1'], ['R1'], ['S1']]
self.tile_size[dim] for dim in dim_sum: [[2], [2], [3], [3]]
weight layer 1 read after no next_spatials handling: 36
weight layer 1 read after next_spatials handling: 36
weight remaining dim in actual_dataflow_per_layer[1][:3]: ['P', 'Q', 'C1']
actual_dataflow_per_layer[1]: ['P', 'Q', 'C1'], i = 2
Level: DRAM, Layer 1: final Weight layer_read = 432

Initialization Level: DRAM, Layer 0: int_in_reads = 1, per_layer_int_in_reads = {0: 1}
actual_dataflow_per_layer[1] = ['P', 'Q', 'C1'], flat_intermediate_input_coupling[0] = ['C1', 'P', 'R1', 'Q', 'S1']
tile size for each dim of actual_dataflow_per_layer[1]: [3, 2, 2]
Level: DRAM: innermost_dim_sum = None, i = 2, actual_dataflow = ['P', 'Q', 'C1']
layer read after innermost_dim_sum handling: 1
innermost_dim_sum: None, dim_sum: dim_sum in self.arch.coupling.getIntermediateInputCoupling(0) if dim_sum is not innermost_dim_sum: [['C1'], ['P', 'R1'], ['Q', 'S1']]
self.tile_size[dim] for dim in dim_sum: [[2], [3, 3], [2, 3]]
intermediate in layer 0 read after no next_spatials handling: 40
intermediate in remaining dim in actual_dataflow_per_layer[1][:3]: ['P', 'Q', 'C1']
intermediate in layer 0 final read: 480

Initialization Level: DRAM, Layer 0: int_out_reads = 1, per_layer_int_out_reads = {0: 1}
actual_dataflow_per_layer[0] = [], flat_intermediate_output_coupling[0] = ['Z', 'Y', 'X']
tile size for each dim of actual_dataflow_per_layer[0]: []
Level: DRAM: innermost_dim_sum = None, i = -1, actual_dataflow = []
layer read after innermost_dim_sum handling: 1
innermost_dim_sum: None, dim_sum: dim_sum in self.arch.coupling.getIntermediateOutputCoupling(0) if dim_sum is not innermost_dim_sum: [['Z'], ['Y'], ['X']]
self.tile_size[dim] for dim in dim_sum: [[4], [8], [8]]
intermediate out layer 0 read after no next_spatials handling: 256
intermediate out remaining dim in actual_dataflow_per_layer[0][:0]: []
intermediate out layer 0 final read: 256
Initialization Level: DRAM, Layer 1: out_reads = 1, innermost_dim_sum = None, i = 2, actual_dataflow = ['P', 'Q', 'C1']
out layer read after innermost_dim_sum handling: 1
innermost_dim_sum: None, dim_sum: dim_sum in self.arch.coupling.out_coupling if dim_sum is not innermost_dim_sum: [['C2'], ['P'], ['Q']]
self.tile_size[dim] for dim in dim_sum: [[2], [3], [2]]
output layer 1 read after no next_spatials handling: 12
out remaining dim in actual_dataflow_per_layer[1][:2]: ['P', 'Q']
actual_dataflow_per_layer[0]: [], i = 1
output layer 1 final read: 72, out_reads_factors (orthogonal to output) = 1

BEFORE BYPASS: ignore_bypasses: False, In reads: 300, Per Layer W Reads: {0: 108, 1: 432}, w_reads: 540,
 Per Layer Intermediate Input reads: {0: 480}, int_in_reads: 480, Per Layer Intermediate Output reads: {0: 256}, int_out_reads: 256, Out reads: 72
ignore_bypasses: False, self.next_spatial.names: []
I AM HANDLING BYPASS NOW


Level: DRAM: Operand = in


Level: DRAM: Operand = w


Level: DRAM: Operand = out


Level: DRAM: Operand = int
AFTER BYPASS of all operands:  DRAM: in_reads: 300, per_layer_w_reads: {0: 108, 1: 432}, w_reads: 540, per_layer_int_in_reads: {0: 480}, int_in_reads: 480, per_layer_int_out_reads: {0: 256}, int_out_reads: 256, out_reads: 72, out_writes: 72, out_reads_factors: 1

After Spatials: Level: DRAM: MOPs in_reads = 300, per_layer_w_reads = {0: 108, 1: 432}, w_reads = 540, per_layer_int_in_reads = {0: 480}, int_in_reads = 480, per_layer_int_out_reads = {0: 256}, int_out_reads = 256, out_reads = 72, out_writes = 72, out_reads_factors = 1

End MOPs with Bypasses for Level: DRAM


DEBUG updateStats pre scaling: Level DRAM:
  in_reads: 300
  per_layer_w_reads: {0: 108, 1: 432}
  w_reads: 540
  per_layer_int_in_reads: {0: 480}
  per_layer_int_out_reads: {0: 256}
  out_reads: 72
  out_reads_factors: 1
temporal_iterations_per_layer before update: {0: 1, 1: 1}, spatial_iterations_per_layer before update: {0: 1, 1: 1}
scale per layer: {0: 1, 1: 1}
scaled in_reads: 300
scaled per_layer_w_reads before sum: {0: 108, 1: 432}
scaled per_layer_int_in_reads before sum: {0: 480}
scaled per_layer_int_out_reads before sum: {0: 256}
scaled out_reads: 72
DEBUG updateStats post scaling: Level DRAM:
  in_reads: 300
  per_layer_w_reads: {0: 108, 1: 432}
  w_reads: 540
  per_layer_int_in_reads: {0: 480}
  int_in_reads: 480
  per_layer_int_out_reads: {0: 256}
  int_out_reads: 256
  out_reads: 0
  out_reads_factors: 1
Updated considering level: DRAM, this dim: C0 is considered in temporal_iterations_per_layer[0]
Updated considering level: DRAM, this dim: Y is considered in temporal_iterations_per_layer[0]
Updated considering level: DRAM, this dim: X is considered in temporal_iterations_per_layer[0]
Updated considering level: DRAM, this dim: R0 is considered in temporal_iterations_per_layer[0]
Updated considering level: DRAM, this dim: S0 is considered in temporal_iterations_per_layer[0]
Updated considering level: DRAM, this dim: Z is considered in temporal_iterations_per_layer[0]
Updated considering level: DRAM, this dim: R1 is considered in temporal_iterations_per_layer[1]
Updated considering level: DRAM, this dim: S1 is considered in temporal_iterations_per_layer[1]
Updated considering level: DRAM, this dim: C2 is considered in temporal_iterations_per_layer[1]
Updated considering level: DRAM, this dim: P is considered in temporal_iterations_per_layer[1]
Updated considering level: DRAM, this dim: Q is considered in temporal_iterations_per_layer[1]
Updated considering level: DRAM, this dim: C1 is considered in temporal_iterations_per_layer[1]


Questo mops è chiamato da update stats
Level: GlobalBuffer, arch bypasses for the level: [], in_bp: 1, w_bp: 0, out_bp: 0, int_bp: 1
arch.name: Fixed Multi-Layer Convolution Architecture with Mapping Constraints, level.name: GlobalBuffer
Level: GlobalBuffer: Starting MOPs calculation with in_bp: 1, w_bp: 0, out_bp: 0, int_bp: 1, ignore_bypasses: False, dataflow: ['C0', 'R0', 'S0', 'Z', 'C1', 'S1', 'C2', 'Q', 'P', 'X', 'R1', 'Y'], factors: {C0: {}, Y: {2: 2}, X: {2: 1}, R0: {}, S0: {}, Z: {}, C1: {}, R1: {3: 1}, S1: {}, C2: {}, P: {3: 1}, Q: {}}, tile_sizes: {C0: 3, Y: 2, X: 4, R0: 3, S0: 3, Z: 4, C1: 2, R1: 1, S1: 3, C2: 2, P: 1, Q: 2}, factors_constraints: {'P': 3, 'X': 2, 'R1': 3, 'Y': 4}, bypasses: [], multiple_buffering: 1, multiple_reuses: True
actual_dataflow_per_layer[0]: ['X', 'Y']
actual_dataflow_per_layer[1]: ['P', 'R1']
Level: GlobalBuffer: actual_dataflow_per_layer: {0: ['X', 'Y'], 1: ['P', 'R1']}, actual_dataflow: ['P', 'X', 'R1', 'Y'], dataflow: ['C0', 'R0', 'S0', 'Z', 'C1', 'S1', 'C2', 'Q', 'P', 'X', 'R1', 'Y'], factors: {C0: {}, Y: {2: 2}, X: {2: 1}, R0: {}, S0: {}, Z: {}, C1: {}, R1: {3: 1}, S1: {}, C2: {}, P: {3: 1}, Q: {}}, num layers: 2
tile size for each dim in actual_dataflow: [('P', 1), ('X', 4), ('R1', 1), ('Y', 2)]
tile size for each dim in actual_dataflow-per_layer[0]: [('X', 4), ('Y', 2)]
tile size for each dim in actual_dataflow_per_layer[1]: [('P', 1), ('R1', 1)]


Stationarity calculation for Level: GlobalBuffer: in_bp = 1, w_bp = 0, int_bp = 1, out_bp = 0


Initialization Level: GlobalBuffer: in_reads = 1
Level: GlobalBuffer: flat_in_coupling = ['C0', 'Y', 'R0', 'X', 'S0'], i = 1, actual_dataflow_per_layer[0] = ['X', 'Y']
input read after innermost_dim_sum handling: 1
innermost_dim_sum: None, next_spatial_unroll: {'C0': 1, 'Y': 2, 'R0': 1, 'X': 1, 'S0': 1}
tile sizes[dim] for dim in dim_sum: [[3], [2, 3], [4, 3]]
Level: GlobalBuffer, Layer 0: after Spatial, Input in_reads = 108, i = 1, innermost_dim_sum = None
input remaining dim in actual_dataflow_per_layer[0][:2]: ['X', 'Y']
actual_dataflow_per_layer[0]: ['X', 'Y'], i = 1
Level: GlobalBuffer, Layer 0: final Input in_reads = 864


Initialization Level: GlobalBuffer, Layer 0: int_in_reads = 1, per_layer_int_in_reads = {0: 1}
actual_dataflow_per_layer[1] = ['P', 'R1'], flat_intermediate_input_coupling[0] = ['C1', 'P', 'R1', 'Q', 'S1']
tile size for each dim of actual_dataflow_per_layer[1]: [1, 1]
Level: GlobalBuffer: innermost_dim_sum = ['P', 'R1'], i = 1, actual_dataflow = ['P', 'X', 'R1', 'Y']
self.factors.dimProduct(actual_dataflow_per_layer[1][1]): 3, self.tile_sizes[actual_dataflow_per_layer[1][1]]: 1
[self.tile_sizes[dim] for dim in innermost_dim_sum if dim != actual_dataflow_per_layer[1][1]]: [1]
layer read after innermost_dim_sum handling: 3
innermost_dim_sum: ['P', 'R1'], next_spatial_unroll: {'C1': 2, 'P': 1, 'R1': 1, 'Q': 2, 'S1': 1}
 dims in dim_sum: [['C1'], ['Q', 'S1']]
tile sizes[dim] for dim in dim_sum: [[2], [2, 3]]
intermediate in layer 0 read after next_spatials handling: 36
intermediate in remaining dim in actual_dataflow_per_layer[1][:1]: ['P']
intermediate in layer 0 final read: 108

Initialization Level: GlobalBuffer, Layer 0: int_out_reads = 1, per_layer_int_out_reads = {0: 1}
actual_dataflow_per_layer[0] = ['X', 'Y'], flat_intermediate_output_coupling[0] = ['Z', 'Y', 'X']
tile size for each dim of actual_dataflow_per_layer[0]: [4, 2]
Level: GlobalBuffer: innermost_dim_sum = None, i = 1, actual_dataflow = ['X', 'Y']
layer read after innermost_dim_sum handling: 1
innermost_dim_sum: None, next_spatial_unroll: {'Z': 1, 'Y': 2, 'X': 1}
tile sizes[dim] for dim in dim_sum: [[4], [2], [4]]
intermediate out layer 0 read after next_spatials handling: 32
intermediate out remaining dim in actual_dataflow_per_layer[0][:2]: ['X', 'Y']
intermediate out layer 0 final read: 256

BEFORE BYPASS: ignore_bypasses: False, In reads: 864, Per Layer W Reads: {0: 0, 1: 0}, w_reads: 0,
 Per Layer Intermediate Input reads: {0: 108}, int_in_reads: 108, Per Layer Intermediate Output reads: {0: 256}, int_out_reads: 256, Out reads: 0
ignore_bypasses: False, self.next_spatial.names: ['SACols', 'SARows']
I AM HANDLING BYPASS NOW


Level: GlobalBuffer: Operand = in


Level: GlobalBuffer: Operand = w
Final level name before not bypassing: InRegister
I call MOPs on InRegister
arch.name: Fixed Multi-Layer Convolution Architecture with Mapping Constraints, level.name: InRegister
Level (handling bypass): InRegister: Starting MOPs calculation with in_bp: False, w_bp: True, out_bp: False, int_bp: False, dataflow: ['C0', 'Y', 'X', 'R0', 'S0', 'C1', 'R1', 'C2', 'P', 'Q', 'Z', 'S1'], factors: {C0: {}, Y: {}, X: {}, R0: {}, S0: {}, Z: {2: 2}, C1: {}, R1: {}, S1: {3: 1}, C2: {}, P: {}, Q: {}}, tile_sizes: {C0: 3, Y: 1, X: 4, R0: 3, S0: 3, Z: 1, C1: 1, R1: 1, S1: 1, C2: 2, P: 1, Q: 1}, factors_constraints: {'S1': 3, 'Z': 4}, bypasses: ['w', 'out'], multiple_buffering: 1, multiple_reuses: True
actual_dataflow_per_layer[0]: ['Z']
actual_dataflow_per_layer[1]: ['S1']
Level: InRegister: actual_dataflow_per_layer: {0: ['Z'], 1: ['S1']}, actual_dataflow: ['Z', 'S1'], dataflow: ['C0', 'Y', 'X', 'R0', 'S0', 'C1', 'R1', 'C2', 'P', 'Q', 'Z', 'S1'], factors: {C0: {}, Y: {}, X: {}, R0: {}, S0: {}, Z: {2: 2}, C1: {}, R1: {}, S1: {3: 1}, C2: {}, P: {}, Q: {}}, num layers: 2
tile size for each dim in actual_dataflow: [('Z', 1), ('S1', 1)]
tile size for each dim in actual_dataflow-per_layer[0]: [('Z', 1)]
tile size for each dim in actual_dataflow_per_layer[1]: [('S1', 1)]


Stationarity calculation for Level: InRegister: in_bp = False, w_bp = True, int_bp = False, out_bp = False


Initialization Level: InRegister: w_reads = 1, per_layer_w_reads = {0: 1, 1: 1}
actual_dataflow_per_layer[0] = ['Z'], flat_weight_coupling[0] = ['Z', 'C0', 'R0', 'S0']
tile size for each dim of actual_dataflow_per_layer[0]: [1]
Level: InRegister: innermost_dim_sum = None, i = 0, actual_dataflow = ['Z', 'S1']
weight layer 0 read after innermost_dim_sum handling: 1
innermost_dim_sum: None, dim_sum: dim_sum in self.arch.coupling.getWeightCoupling(0) if dim_sum is not innermost_dim_sum: [['Z'], ['C0'], ['R0'], ['S0']]
self.tile_size[dim] for dim in dim_sum: [[1], [3], [3], [3]]
weight layer 0 read after no next_spatials handling: 27
weight layer 0 read after next_spatials handling: 27
weight remaining dim in actual_dataflow_per_layer[0][:1]: ['Z']
actual_dataflow_per_layer[0]: ['Z'], i = 0
Level: InRegister, Layer 0: final Weight layer_read = 108
actual_dataflow_per_layer[1] = ['S1'], flat_weight_coupling[1] = ['C2', 'C1', 'R1', 'S1']
tile size for each dim of actual_dataflow_per_layer[1]: [1]
Level: InRegister: innermost_dim_sum = None, i = 0, actual_dataflow = ['Z', 'S1']
weight layer 1 read after innermost_dim_sum handling: 1
innermost_dim_sum: None, dim_sum: dim_sum in self.arch.coupling.getWeightCoupling(1) if dim_sum is not innermost_dim_sum: [['C2'], ['C1'], ['R1'], ['S1']]
self.tile_size[dim] for dim in dim_sum: [[2], [1], [1], [1]]
weight layer 1 read after no next_spatials handling: 2
weight layer 1 read after next_spatials handling: 2
weight remaining dim in actual_dataflow_per_layer[1][:1]: ['S1']
actual_dataflow_per_layer[1]: ['S1'], i = 0
Level: InRegister, Layer 1: final Weight layer_read = 6

BEFORE BYPASS: ignore_bypasses: True, In reads: 0, Per Layer W Reads: {0: 108, 1: 6}, w_reads: 114,
 Per Layer Intermediate Input reads: {0: 0}, int_in_reads: 0, Per Layer Intermediate Output reads: {0: 0}, int_out_reads: 0, Out reads: 0
ignore_bypasses: True, self.next_spatial.names: []
After Spatials: Level: InRegister: MOPs in_reads = 0, per_layer_w_reads = {0: 108, 1: 6}, w_reads = 114, per_layer_int_in_reads = {0: 0}, int_in_reads = 0, per_layer_int_out_reads = {0: 0}, int_out_reads = 0, out_reads = 0, out_writes = 0, out_reads_factors = 0

After non recursive call for Level: InRegister: MOPs for per_layer_int_in_reads_bp={0: 0} in_bp=0, per_layer_w_reads_bp={0: 108, 1: 6} w_bp=114, out_bp=0, ignore_bypasses=True (bypass operand w)
I'm going from the down (Compute) to the top
Level: GlobalBuffer: in_btwn = SARows, stationarity_to_address = False, in_reads_bp = 0, w_reads_bp = 114, out_reads_bp = 0, ignore_bypasses = False
in_btwn Level: SARows, not MemLevel
SONO IN MULBYDIM self.name: SARows in_reads: 0, per_layer_w_reads: {0: 108, 1: 6}, out_reads: 0, out_writes: 0, per_layer_int_in_reads: {0: 0}, per_layer_int_out_reads: {0: 0}, per_layer_int_out_writes: {0: 0}
per_layer_w_reads after non-selective multicast: {0: 108, 1: 12}
in_btwn: MOPs results: in_reads_bp: 0, per_layer_w_reads_bp: {0: 108, 1: 12}, w_reads_bp: 120, int_out_reads_bp: 0, int_in_reads_bp: 0, out_reads_bp: 0
I'm going from the down (Compute) to the top
Level: GlobalBuffer: in_btwn = SACols, stationarity_to_address = False, in_reads_bp = 0, w_reads_bp = 120, out_reads_bp = 0, ignore_bypasses = False
in_btwn Level: SACols, not MemLevel
SONO IN MULBYDIM self.name: SACols in_reads: 0, per_layer_w_reads: {0: 108, 1: 12}, out_reads: 0, out_writes: 0, per_layer_int_in_reads: {0: 0}, per_layer_int_out_reads: {0: 0}, per_layer_int_out_writes: {0: 0}
per_layer_w_reads after non-selective multicast: {0: 108, 1: 12}
in_btwn: MOPs results: in_reads_bp: 0, per_layer_w_reads_bp: {0: 108, 1: 12}, w_reads_bp: 120, int_out_reads_bp: 0, int_in_reads_bp: 0, out_reads_bp: 0
End inbtwn
Now I will do MyLevel: GlobalBuffer: MOPs for per_layer_w_reads_bp={0: 108, 1: 12}, in_bp=0, per_layer_w_reads_bp={0: 108, 1: 12}, w_bp=120, out_bp=0, stationarity_to_address=False (bypass operand w)
Level: GlobalBuffer: stationarity_to_address is False, dataflow handled among inner loops
Before: per_layer_w_reads_bp[0] = 108
After: per_layer_w_reads_bp[0] = 864
Before: per_layer_w_reads_bp[1] = 12
After: per_layer_w_reads_bp[1] = 108
per_layer_w_reads_before_bypass_layer_idx[0]: 0, per_layer_w_reads_bp_layer_idx[0]: 864
per_layer_w_reads_before_bypass_layer_idx[1]: 0, per_layer_w_reads_bp_layer_idx[1]: 108


Level: GlobalBuffer: Operand = out
Final level name before not bypassing: WRegister
I call MOPs on WRegister
arch.name: Fixed Multi-Layer Convolution Architecture with Mapping Constraints, level.name: WRegister
Level (handling bypass): WRegister: Starting MOPs calculation with in_bp: False, w_bp: False, out_bp: True, int_bp: False, dataflow: ['C2', 'C0', 'Y', 'X', 'R0', 'S0', 'Z', 'C1', 'R1', 'S1', 'P', 'Q'], factors: {C0: {}, Y: {}, X: {}, R0: {}, S0: {}, Z: {}, C1: {}, R1: {}, S1: {}, C2: {2: 1}, P: {}, Q: {}}, tile_sizes: {C0: 3, Y: 1, X: 4, R0: 3, S0: 3, Z: 1, C1: 1, R1: 1, S1: 1, C2: 1, P: 1, Q: 1}, factors_constraints: {'C2': 2}, bypasses: ['in', 'int', 'out'], multiple_buffering: 1, multiple_reuses: True
actual_dataflow_per_layer[0]: []
actual_dataflow_per_layer[1]: ['C2']
Level: WRegister: actual_dataflow_per_layer: {0: [], 1: ['C2']}, actual_dataflow: ['C2'], dataflow: ['C2', 'C0', 'Y', 'X', 'R0', 'S0', 'Z', 'C1', 'R1', 'S1', 'P', 'Q'], factors: {C0: {}, Y: {}, X: {}, R0: {}, S0: {}, Z: {}, C1: {}, R1: {}, S1: {}, C2: {2: 1}, P: {}, Q: {}}, num layers: 2
tile size for each dim in actual_dataflow: [('C2', 1)]
tile size for each dim in actual_dataflow-per_layer[0]: []
tile size for each dim in actual_dataflow_per_layer[1]: [('C2', 1)]


Stationarity calculation for Level: WRegister: in_bp = False, w_bp = False, int_bp = False, out_bp = True

Initialization Level: WRegister, Layer 1: out_reads = 1, innermost_dim_sum = None, i = 0, actual_dataflow = ['C2']
out layer read after innermost_dim_sum handling: 1
innermost_dim_sum: None, dim_sum: dim_sum in self.arch.coupling.out_coupling if dim_sum is not innermost_dim_sum: [['C2'], ['P'], ['Q']]
self.tile_size[dim] for dim in dim_sum: [[1], [1], [1]]
output layer 1 read after no next_spatials handling: 1
out remaining dim in actual_dataflow_per_layer[1][:1]: ['C2']
actual_dataflow_per_layer[0]: [], i = 0
output layer 1 final read: 2, out_reads_factors (orthogonal to output) = 1

BEFORE BYPASS: ignore_bypasses: True, In reads: 0, Per Layer W Reads: {0: 0, 1: 0}, w_reads: 0,
 Per Layer Intermediate Input reads: {0: 0}, int_in_reads: 0, Per Layer Intermediate Output reads: {0: 0}, int_out_reads: 0, Out reads: 2
ignore_bypasses: True, self.next_spatial.names: []
After Spatials: Level: WRegister: MOPs in_reads = 0, per_layer_w_reads = {0: 0, 1: 0}, w_reads = 0, per_layer_int_in_reads = {0: 0}, int_in_reads = 0, per_layer_int_out_reads = {0: 0}, int_out_reads = 0, out_reads = 2, out_writes = 2, out_reads_factors = 1

After non recursive call for Level: WRegister: MOPs for per_layer_int_in_reads_bp={0: 0} in_bp=0, per_layer_w_reads_bp={0: 0, 1: 0} w_bp=0, out_bp=2, ignore_bypasses=True (bypass operand out)
I'm going from the down (Compute) to the top
Level: GlobalBuffer: in_btwn = InRegister, stationarity_to_address = False, in_reads_bp = 0, w_reads_bp = 0, out_reads_bp = 2, ignore_bypasses = False
I'm going from the down (Compute) to the top
Level: GlobalBuffer: in_btwn = SARows, stationarity_to_address = False, in_reads_bp = 0, w_reads_bp = 0, out_reads_bp = 2, ignore_bypasses = False
in_btwn Level: SARows, not MemLevel
SONO IN MULBYDIM self.name: SARows in_reads: 0, per_layer_w_reads: {0: 0, 1: 0}, out_reads: 2, out_writes: 2, per_layer_int_in_reads: {0: 0}, per_layer_int_out_reads: {0: 0}, per_layer_int_out_writes: {0: 0}
per_layer_w_reads after non-selective multicast: {0: 0, 1: 0}
in_btwn: MOPs results: in_reads_bp: 0, per_layer_w_reads_bp: {0: 0, 1: 0}, w_reads_bp: 0, int_out_reads_bp: 0, int_in_reads_bp: 0, out_reads_bp: 2
I'm going from the down (Compute) to the top
Level: GlobalBuffer: in_btwn = SACols, stationarity_to_address = False, in_reads_bp = 0, w_reads_bp = 0, out_reads_bp = 2, ignore_bypasses = False
in_btwn Level: SACols, not MemLevel
SONO IN MULBYDIM self.name: SACols in_reads: 0, per_layer_w_reads: {0: 0, 1: 0}, out_reads: 2, out_writes: 2, per_layer_int_in_reads: {0: 0}, per_layer_int_out_reads: {0: 0}, per_layer_int_out_writes: {0: 0}
per_layer_w_reads after non-selective multicast: {0: 0, 1: 0}
in_btwn: MOPs results: in_reads_bp: 0, per_layer_w_reads_bp: {0: 0, 1: 0}, w_reads_bp: 0, int_out_reads_bp: 0, int_in_reads_bp: 0, out_reads_bp: 4
End inbtwn
Now I will do MyLevel: GlobalBuffer: MOPs for per_layer_w_reads_bp={0: 0, 1: 0}, in_bp=0, per_layer_w_reads_bp={0: 0, 1: 0}, w_bp=0, out_bp=4, stationarity_to_address=False (bypass operand out)
per_layer_w_reads_before_bypass_layer_idx[0]: 864, per_layer_w_reads_bp_layer_idx[0]: 0
per_layer_w_reads_before_bypass_layer_idx[1]: 108, per_layer_w_reads_bp_layer_idx[1]: 0


Level: GlobalBuffer: Operand = int
AFTER BYPASS of all operands:  GlobalBuffer: in_reads: 864, per_layer_w_reads: {0: 864, 1: 108}, w_reads: 972, per_layer_int_in_reads: {0: 108}, int_in_reads: 108, per_layer_int_out_reads: {0: 256}, int_out_reads: 256, out_reads: 36, out_writes: 36, out_reads_factors: 288

spatial_level: SACols, spatial_level.dataflow: ['Y', 'Q'], spatial_level.factors: {C0: {}, Y: {2: 1}, X: {}, R0: {}, S0: {}, Z: {}, C1: {}, R1: {}, S1: {}, C2: {}, P: {}, Q: {2: 1}}
spatial_level: SARows, spatial_level.dataflow: ['C1'], spatial_level.factors: {C0: {}, Y: {}, X: {}, R0: {}, S0: {}, Z: {}, C1: {2: 1}, R1: {}, S1: {}, C2: {}, P: {}, Q: {}}
After Spatials: Level: GlobalBuffer: MOPs in_reads = 864, per_layer_w_reads = {0: 864, 1: 108}, w_reads = 972, per_layer_int_in_reads = {0: 108}, int_in_reads = 108, per_layer_int_out_reads = {0: 256}, int_out_reads = 256, out_reads = 36, out_writes = 36, out_reads_factors = 288

End MOPs with Bypasses for Level: GlobalBuffer


DEBUG updateStats pre scaling: Level GlobalBuffer:
  in_reads: 864
  per_layer_w_reads: {0: 864, 1: 108}
  w_reads: 972
  per_layer_int_in_reads: {0: 108}
  per_layer_int_out_reads: {0: 256}
  out_reads: 36
  out_reads_factors: 288
temporal_iterations_per_layer before update: {0: 1, 1: 12}, spatial_iterations_per_layer before update: {0: 1, 1: 1}
scale per layer: {0: 1, 1: 12}
scaled in_reads: 864
scaled per_layer_w_reads before sum: {0: 864, 1: 1296}
scaled per_layer_int_in_reads before sum: {0: 1296}
scaled per_layer_int_out_reads before sum: {0: 256}
scaled out_reads: 432
DEBUG updateStats post scaling: Level GlobalBuffer:
  in_reads: 864
  per_layer_w_reads: {0: 864, 1: 1296}
  w_reads: 2160
  per_layer_int_in_reads: {0: 1296}
  int_in_reads: 1296
  per_layer_int_out_reads: {0: 256}
  int_out_reads: 256
  out_reads: 503
  out_reads_factors: 576
Updated considering level: GlobalBuffer, this dim: C0 is considered in temporal_iterations_per_layer[0]
Updated considering level: GlobalBuffer, this dim: R0 is considered in temporal_iterations_per_layer[0]
Updated considering level: GlobalBuffer, this dim: S0 is considered in temporal_iterations_per_layer[0]
Updated considering level: GlobalBuffer, this dim: Z is considered in temporal_iterations_per_layer[0]
Updated considering level: GlobalBuffer, this dim: X is considered in temporal_iterations_per_layer[0]
Updated considering level: GlobalBuffer, this dim: Y is considered in temporal_iterations_per_layer[0]
Updated considering level: GlobalBuffer, this dim: C1 is considered in temporal_iterations_per_layer[1]
Updated considering level: GlobalBuffer, this dim: S1 is considered in temporal_iterations_per_layer[1]
Updated considering level: GlobalBuffer, this dim: C2 is considered in temporal_iterations_per_layer[1]
Updated considering level: GlobalBuffer, this dim: Q is considered in temporal_iterations_per_layer[1]
Updated considering level: GlobalBuffer, this dim: P is considered in temporal_iterations_per_layer[1]
Updated considering level: GlobalBuffer, this dim: R1 is considered in temporal_iterations_per_layer[1]
Updated considering level: SACols, this dim: Q is considered in spatial_iterations_per_layer[1]
Updated considering level: SARows, this dim: C1 is considered in spatial_iterations_per_layer[1]


Questo mops è chiamato da update stats
Level: InRegister, arch bypasses for the level: ['w', 'out'], in_bp: 0, w_bp: 0, out_bp: 0, int_bp: 0
arch.name: Fixed Multi-Layer Convolution Architecture with Mapping Constraints, level.name: InRegister
Level: InRegister: Starting MOPs calculation with in_bp: 0, w_bp: 0, out_bp: 0, int_bp: 0, ignore_bypasses: False, dataflow: ['C0', 'Y', 'X', 'R0', 'S0', 'C1', 'R1', 'C2', 'P', 'Q', 'Z', 'S1'], factors: {C0: {}, Y: {}, X: {}, R0: {}, S0: {}, Z: {2: 2}, C1: {}, R1: {}, S1: {3: 1}, C2: {}, P: {}, Q: {}}, tile_sizes: {C0: 3, Y: 1, X: 4, R0: 3, S0: 3, Z: 1, C1: 1, R1: 1, S1: 1, C2: 2, P: 1, Q: 1}, factors_constraints: {'S1': 3, 'Z': 4}, bypasses: ['w', 'out'], multiple_buffering: 1, multiple_reuses: True
actual_dataflow_per_layer[0]: ['Z']
actual_dataflow_per_layer[1]: ['S1']
Level: InRegister: actual_dataflow_per_layer: {0: ['Z'], 1: ['S1']}, actual_dataflow: ['Z', 'S1'], dataflow: ['C0', 'Y', 'X', 'R0', 'S0', 'C1', 'R1', 'C2', 'P', 'Q', 'Z', 'S1'], factors: {C0: {}, Y: {}, X: {}, R0: {}, S0: {}, Z: {2: 2}, C1: {}, R1: {}, S1: {3: 1}, C2: {}, P: {}, Q: {}}, num layers: 2
tile size for each dim in actual_dataflow: [('Z', 1), ('S1', 1)]
tile size for each dim in actual_dataflow-per_layer[0]: [('Z', 1)]
tile size for each dim in actual_dataflow_per_layer[1]: [('S1', 1)]


Stationarity calculation for Level: InRegister: in_bp = 0, w_bp = 0, int_bp = 0, out_bp = 0


BEFORE BYPASS: ignore_bypasses: False, In reads: 0, Per Layer W Reads: {0: 0, 1: 0}, w_reads: 0,
 Per Layer Intermediate Input reads: {0: 0}, int_in_reads: 0, Per Layer Intermediate Output reads: {0: 0}, int_out_reads: 0, Out reads: 0
ignore_bypasses: False, self.next_spatial.names: []
I AM HANDLING BYPASS NOW


Level: InRegister: Operand = in
Final level name before not bypassing: OutRegister
I call MOPs on OutRegister
arch.name: Fixed Multi-Layer Convolution Architecture with Mapping Constraints, level.name: OutRegister
Level (handling bypass): OutRegister: Starting MOPs calculation with in_bp: True, w_bp: False, out_bp: False, int_bp: False, dataflow: ['Y', 'Z', 'C1', 'R1', 'S1', 'C2', 'P', 'Q', 'X', 'S0', 'R0', 'C0'], factors: {C0: {3: 1}, Y: {}, X: {2: 2}, R0: {3: 1}, S0: {3: 1}, Z: {}, C1: {}, R1: {}, S1: {}, C2: {}, P: {}, Q: {}}, tile_sizes: {C0: 1, Y: 1, X: 1, R0: 1, S0: 1, Z: 1, C1: 1, R1: 1, S1: 1, C2: 1, P: 1, Q: 1}, factors_constraints: {'X': 4, 'S0': 3, 'R0': 3, 'C0': 3}, bypasses: ['in', 'w'], multiple_buffering: 1, multiple_reuses: True
actual_dataflow_per_layer[0]: ['X', 'S0', 'R0', 'C0']
actual_dataflow_per_layer[1]: []
Level: OutRegister: actual_dataflow_per_layer: {0: ['X', 'S0', 'R0', 'C0'], 1: []}, actual_dataflow: ['X', 'S0', 'R0', 'C0'], dataflow: ['Y', 'Z', 'C1', 'R1', 'S1', 'C2', 'P', 'Q', 'X', 'S0', 'R0', 'C0'], factors: {C0: {3: 1}, Y: {}, X: {2: 2}, R0: {3: 1}, S0: {3: 1}, Z: {}, C1: {}, R1: {}, S1: {}, C2: {}, P: {}, Q: {}}, num layers: 2
tile size for each dim in actual_dataflow: [('X', 1), ('S0', 1), ('R0', 1), ('C0', 1)]
tile size for each dim in actual_dataflow-per_layer[0]: [('X', 1), ('S0', 1), ('R0', 1), ('C0', 1)]
tile size for each dim in actual_dataflow_per_layer[1]: []


Stationarity calculation for Level: OutRegister: in_bp = True, w_bp = False, int_bp = False, out_bp = False


Initialization Level: OutRegister: in_reads = 1
input read after innermost_dim_sum handling: 1
innermost_dim_sum: None, next_spatial_unroll: {'C0': 1, 'Y': 1, 'R0': 1, 'X': 1, 'S0': 1}
tile sizes[dim] for dim in dim_sum: [[1], [1, 1], [1, 1]]
Level: OutRegister, Layer 0: after Spatial, Input in_reads = 1, i = 3, innermost_dim_sum = None
input remaining dim in actual_dataflow_per_layer[0][:4]: ['X', 'S0', 'R0', 'C0']
actual_dataflow_per_layer[0]: ['X', 'S0', 'R0', 'C0'], i = 3
Level: OutRegister, Layer 0: final Input in_reads = 108


BEFORE BYPASS: ignore_bypasses: True, In reads: 108, Per Layer W Reads: {0: 0, 1: 0}, w_reads: 0,
 Per Layer Intermediate Input reads: {0: 0}, int_in_reads: 0, Per Layer Intermediate Output reads: {0: 0}, int_out_reads: 0, Out reads: 0
ignore_bypasses: True, self.next_spatial.names: ['Compute']
spatial_level: Compute, spatial_level.dataflow: [], spatial_level.factors: {C0: {}, Y: {}, X: {}, R0: {}, S0: {}, Z: {}, C1: {}, R1: {}, S1: {}, C2: {}, P: {}, Q: {}}
After Spatials: Level: OutRegister: MOPs in_reads = 108, per_layer_w_reads = {0: 0, 1: 0}, w_reads = 0, per_layer_int_in_reads = {0: 0}, int_in_reads = 0, per_layer_int_out_reads = {0: 0}, int_out_reads = 0, out_reads = 0, out_writes = 0, out_reads_factors = 0

After non recursive call for Level: OutRegister: MOPs for per_layer_int_in_reads_bp={0: 0} in_bp=108, per_layer_w_reads_bp={0: 0, 1: 0} w_bp=0, out_bp=0, ignore_bypasses=True (bypass operand in)
I'm going from the down (Compute) to the top
Level: InRegister: in_btwn = WRegister, stationarity_to_address = False, in_reads_bp = 108, w_reads_bp = 0, out_reads_bp = 0, ignore_bypasses = False
End inbtwn
Now I will do MyLevel: InRegister: MOPs for per_layer_w_reads_bp={0: 0, 1: 0}, in_bp=108, per_layer_w_reads_bp={0: 0, 1: 0}, w_bp=0, out_bp=0, stationarity_to_address=False (bypass operand in)
per_layer_w_reads_before_bypass_layer_idx[0]: 0, per_layer_w_reads_bp_layer_idx[0]: 0
per_layer_w_reads_before_bypass_layer_idx[1]: 0, per_layer_w_reads_bp_layer_idx[1]: 0


Level: InRegister: Operand = w


Level: InRegister: Operand = out


Level: InRegister: Operand = int
Final level name before not bypassing: WRegister
I call MOPs on WRegister
arch.name: Fixed Multi-Layer Convolution Architecture with Mapping Constraints, level.name: WRegister
Level (handling bypass): WRegister: Starting MOPs calculation with in_bp: False, w_bp: False, out_bp: False, int_bp: True, dataflow: ['C2', 'C0', 'Y', 'X', 'R0', 'S0', 'Z', 'C1', 'R1', 'S1', 'P', 'Q'], factors: {C0: {}, Y: {}, X: {}, R0: {}, S0: {}, Z: {}, C1: {}, R1: {}, S1: {}, C2: {2: 1}, P: {}, Q: {}}, tile_sizes: {C0: 3, Y: 1, X: 4, R0: 3, S0: 3, Z: 1, C1: 1, R1: 1, S1: 1, C2: 1, P: 1, Q: 1}, factors_constraints: {'C2': 2}, bypasses: ['in', 'int', 'out'], multiple_buffering: 1, multiple_reuses: True
actual_dataflow_per_layer[0]: []
actual_dataflow_per_layer[1]: ['C2']
Level: WRegister: actual_dataflow_per_layer: {0: [], 1: ['C2']}, actual_dataflow: ['C2'], dataflow: ['C2', 'C0', 'Y', 'X', 'R0', 'S0', 'Z', 'C1', 'R1', 'S1', 'P', 'Q'], factors: {C0: {}, Y: {}, X: {}, R0: {}, S0: {}, Z: {}, C1: {}, R1: {}, S1: {}, C2: {2: 1}, P: {}, Q: {}}, num layers: 2
tile size for each dim in actual_dataflow: [('C2', 1)]
tile size for each dim in actual_dataflow-per_layer[0]: []
tile size for each dim in actual_dataflow_per_layer[1]: [('C2', 1)]


Stationarity calculation for Level: WRegister: in_bp = False, w_bp = False, int_bp = True, out_bp = False


Initialization Level: WRegister, Layer 0: int_in_reads = 1, per_layer_int_in_reads = {0: 1}
actual_dataflow_per_layer[1] = ['C2'], flat_intermediate_input_coupling[0] = ['C1', 'P', 'R1', 'Q', 'S1']
tile size for each dim of actual_dataflow_per_layer[1]: [1]
Level: WRegister: innermost_dim_sum = None, i = -1, actual_dataflow = ['C2']
layer read after innermost_dim_sum handling: 1
innermost_dim_sum: None, dim_sum: dim_sum in self.arch.coupling.getIntermediateInputCoupling(0) if dim_sum is not innermost_dim_sum: [['C1'], ['P', 'R1'], ['Q', 'S1']]
self.tile_size[dim] for dim in dim_sum: [[1], [1, 1], [1, 1]]
intermediate in layer 0 read after no next_spatials handling: 1
intermediate in remaining dim in actual_dataflow_per_layer[1][:0]: []
intermediate in layer 0 final read: 1

Initialization Level: WRegister, Layer 0: int_out_reads = 1, per_layer_int_out_reads = {0: 1}
actual_dataflow_per_layer[0] = [], flat_intermediate_output_coupling[0] = ['Z', 'Y', 'X']
tile size for each dim of actual_dataflow_per_layer[0]: []
Level: WRegister: innermost_dim_sum = None, i = -1, actual_dataflow = []
layer read after innermost_dim_sum handling: 1
innermost_dim_sum: None, dim_sum: dim_sum in self.arch.coupling.getIntermediateOutputCoupling(0) if dim_sum is not innermost_dim_sum: [['Z'], ['Y'], ['X']]
self.tile_size[dim] for dim in dim_sum: [[1], [1], [4]]
intermediate out layer 0 read after no next_spatials handling: 4
intermediate out remaining dim in actual_dataflow_per_layer[0][:0]: []
intermediate out layer 0 final read: 4

BEFORE BYPASS: ignore_bypasses: True, In reads: 0, Per Layer W Reads: {0: 0, 1: 0}, w_reads: 0,
 Per Layer Intermediate Input reads: {0: 1}, int_in_reads: 1, Per Layer Intermediate Output reads: {0: 4}, int_out_reads: 4, Out reads: 0
ignore_bypasses: True, self.next_spatial.names: []
After Spatials: Level: WRegister: MOPs in_reads = 0, per_layer_w_reads = {0: 0, 1: 0}, w_reads = 0, per_layer_int_in_reads = {0: 1}, int_in_reads = 1, per_layer_int_out_reads = {0: 4}, int_out_reads = 4, out_reads = 0, out_writes = 0, out_reads_factors = 0

After non recursive call for Level: WRegister: MOPs for per_layer_int_in_reads_bp={0: 1} in_bp=0, per_layer_w_reads_bp={0: 0, 1: 0} w_bp=0, out_bp=0, ignore_bypasses=True (bypass operand int)
End inbtwn
Now I will do MyLevel: InRegister: MOPs for per_layer_w_reads_bp={0: 0, 1: 0}, in_bp=0, per_layer_w_reads_bp={0: 0, 1: 0}, w_bp=0, out_bp=0, stationarity_to_address=True (bypass operand int)
per_layer_w_reads_before_bypass_layer_idx[0]: 0, per_layer_w_reads_bp_layer_idx[0]: 0
per_layer_w_reads_before_bypass_layer_idx[1]: 0, per_layer_w_reads_bp_layer_idx[1]: 0
AFTER BYPASS of all operands:  InRegister: in_reads: 432, per_layer_w_reads: {0: 0, 1: 0}, w_reads: 0, per_layer_int_in_reads: {0: 3}, int_in_reads: 3, per_layer_int_out_reads: {0: 4}, int_out_reads: 4, out_reads: 0, out_writes: 0, out_reads_factors: 0

After Spatials: Level: InRegister: MOPs in_reads = 432, per_layer_w_reads = {0: 0, 1: 0}, w_reads = 0, per_layer_int_in_reads = {0: 3}, int_in_reads = 3, per_layer_int_out_reads = {0: 4}, int_out_reads = 4, out_reads = 0, out_writes = 0, out_reads_factors = 0

End MOPs with Bypasses for Level: InRegister


DEBUG updateStats pre scaling: Level InRegister:
  in_reads: 432
  per_layer_w_reads: {0: 0, 1: 0}
  w_reads: 0
  per_layer_int_in_reads: {0: 3}
  per_layer_int_out_reads: {0: 4}
  out_reads: 0
  out_reads_factors: 0
temporal_iterations_per_layer before update: {0: 8, 1: 108}, spatial_iterations_per_layer before update: {0: 2, 1: 4}
scale per layer: {0: 16, 1: 432}
scaled in_reads: 6912
scaled per_layer_w_reads before sum: {0: 0, 1: 0}
scaled per_layer_int_in_reads before sum: {0: 1296}
scaled per_layer_int_out_reads before sum: {0: 64}
scaled out_reads: 0
DEBUG updateStats post scaling: Level InRegister:
  in_reads: 6912
  per_layer_w_reads: {0: 0, 1: 0}
  w_reads: 0
  per_layer_int_in_reads: {0: 1296}
  int_in_reads: 1296
  per_layer_int_out_reads: {0: 64}
  int_out_reads: 64
  out_reads: 0
  out_reads_factors: 0
Updated considering level: InRegister, this dim: C0 is considered in temporal_iterations_per_layer[0]
Updated considering level: InRegister, this dim: Y is considered in temporal_iterations_per_layer[0]
Updated considering level: InRegister, this dim: X is considered in temporal_iterations_per_layer[0]
Updated considering level: InRegister, this dim: R0 is considered in temporal_iterations_per_layer[0]
Updated considering level: InRegister, this dim: S0 is considered in temporal_iterations_per_layer[0]
Updated considering level: InRegister, this dim: Z is considered in temporal_iterations_per_layer[0]
Updated considering level: InRegister, this dim: C1 is considered in temporal_iterations_per_layer[1]
Updated considering level: InRegister, this dim: R1 is considered in temporal_iterations_per_layer[1]
Updated considering level: InRegister, this dim: C2 is considered in temporal_iterations_per_layer[1]
Updated considering level: InRegister, this dim: P is considered in temporal_iterations_per_layer[1]
Updated considering level: InRegister, this dim: Q is considered in temporal_iterations_per_layer[1]
Updated considering level: InRegister, this dim: S1 is considered in temporal_iterations_per_layer[1]


Questo mops è chiamato da update stats
Level: WRegister, arch bypasses for the level: ['in', 'int', 'out'], in_bp: 0, w_bp: 0, out_bp: 0, int_bp: 0
arch.name: Fixed Multi-Layer Convolution Architecture with Mapping Constraints, level.name: WRegister
Level: WRegister: Starting MOPs calculation with in_bp: 0, w_bp: 0, out_bp: 0, int_bp: 0, ignore_bypasses: False, dataflow: ['C2', 'C0', 'Y', 'X', 'R0', 'S0', 'Z', 'C1', 'R1', 'S1', 'P', 'Q'], factors: {C0: {}, Y: {}, X: {}, R0: {}, S0: {}, Z: {}, C1: {}, R1: {}, S1: {}, C2: {2: 1}, P: {}, Q: {}}, tile_sizes: {C0: 3, Y: 1, X: 4, R0: 3, S0: 3, Z: 1, C1: 1, R1: 1, S1: 1, C2: 1, P: 1, Q: 1}, factors_constraints: {'C2': 2}, bypasses: ['in', 'int', 'out'], multiple_buffering: 1, multiple_reuses: True
actual_dataflow_per_layer[0]: []
actual_dataflow_per_layer[1]: ['C2']
Level: WRegister: actual_dataflow_per_layer: {0: [], 1: ['C2']}, actual_dataflow: ['C2'], dataflow: ['C2', 'C0', 'Y', 'X', 'R0', 'S0', 'Z', 'C1', 'R1', 'S1', 'P', 'Q'], factors: {C0: {}, Y: {}, X: {}, R0: {}, S0: {}, Z: {}, C1: {}, R1: {}, S1: {}, C2: {2: 1}, P: {}, Q: {}}, num layers: 2
tile size for each dim in actual_dataflow: [('C2', 1)]
tile size for each dim in actual_dataflow-per_layer[0]: []
tile size for each dim in actual_dataflow_per_layer[1]: [('C2', 1)]


Stationarity calculation for Level: WRegister: in_bp = 0, w_bp = 0, int_bp = 0, out_bp = 0


BEFORE BYPASS: ignore_bypasses: False, In reads: 0, Per Layer W Reads: {0: 0, 1: 0}, w_reads: 0,
 Per Layer Intermediate Input reads: {0: 0}, int_in_reads: 0, Per Layer Intermediate Output reads: {0: 0}, int_out_reads: 0, Out reads: 0
ignore_bypasses: False, self.next_spatial.names: []
I AM HANDLING BYPASS NOW


Level: WRegister: Operand = in


Level: WRegister: Operand = w
Final level name before not bypassing: OutRegister
I call MOPs on OutRegister
arch.name: Fixed Multi-Layer Convolution Architecture with Mapping Constraints, level.name: OutRegister
Level (handling bypass): OutRegister: Starting MOPs calculation with in_bp: False, w_bp: True, out_bp: False, int_bp: False, dataflow: ['Y', 'Z', 'C1', 'R1', 'S1', 'C2', 'P', 'Q', 'X', 'S0', 'R0', 'C0'], factors: {C0: {3: 1}, Y: {}, X: {2: 2}, R0: {3: 1}, S0: {3: 1}, Z: {}, C1: {}, R1: {}, S1: {}, C2: {}, P: {}, Q: {}}, tile_sizes: {C0: 1, Y: 1, X: 1, R0: 1, S0: 1, Z: 1, C1: 1, R1: 1, S1: 1, C2: 1, P: 1, Q: 1}, factors_constraints: {'X': 4, 'S0': 3, 'R0': 3, 'C0': 3}, bypasses: ['in', 'w'], multiple_buffering: 1, multiple_reuses: True
actual_dataflow_per_layer[0]: ['X', 'S0', 'R0', 'C0']
actual_dataflow_per_layer[1]: []
Level: OutRegister: actual_dataflow_per_layer: {0: ['X', 'S0', 'R0', 'C0'], 1: []}, actual_dataflow: ['X', 'S0', 'R0', 'C0'], dataflow: ['Y', 'Z', 'C1', 'R1', 'S1', 'C2', 'P', 'Q', 'X', 'S0', 'R0', 'C0'], factors: {C0: {3: 1}, Y: {}, X: {2: 2}, R0: {3: 1}, S0: {3: 1}, Z: {}, C1: {}, R1: {}, S1: {}, C2: {}, P: {}, Q: {}}, num layers: 2
tile size for each dim in actual_dataflow: [('X', 1), ('S0', 1), ('R0', 1), ('C0', 1)]
tile size for each dim in actual_dataflow-per_layer[0]: [('X', 1), ('S0', 1), ('R0', 1), ('C0', 1)]
tile size for each dim in actual_dataflow_per_layer[1]: []


Stationarity calculation for Level: OutRegister: in_bp = False, w_bp = True, int_bp = False, out_bp = False


Initialization Level: OutRegister: w_reads = 1, per_layer_w_reads = {0: 1, 1: 1}
weight layer 0 read after innermost_dim_sum handling: 1
innermost_dim_sum: None, next_spatial_unroll: {'Z': 1, 'C0': 1, 'R0': 1, 'S0': 1}
tile sizes[dim] for dim in dim_sum: [[1], [1], [1], [1]]
weight layer 0 read after next_spatials handling: 1
weight remaining dim in actual_dataflow_per_layer[0][:4]: ['X', 'S0', 'R0', 'C0']
actual_dataflow_per_layer[0]: ['X', 'S0', 'R0', 'C0'], i = 3
Level: OutRegister, Layer 0: final Weight layer_read = 108
weight layer 1 read after innermost_dim_sum handling: 1
innermost_dim_sum: None, next_spatial_unroll: {'C2': 1, 'C1': 1, 'R1': 1, 'S1': 1}
tile sizes[dim] for dim in dim_sum: [[1], [1], [1], [1]]
weight layer 1 read after next_spatials handling: 1
weight remaining dim in actual_dataflow_per_layer[1][:0]: []
actual_dataflow_per_layer[1]: [], i = -1
Level: OutRegister, Layer 1: final Weight layer_read = 1

BEFORE BYPASS: ignore_bypasses: True, In reads: 0, Per Layer W Reads: {0: 108, 1: 1}, w_reads: 109,
 Per Layer Intermediate Input reads: {0: 0}, int_in_reads: 0, Per Layer Intermediate Output reads: {0: 0}, int_out_reads: 0, Out reads: 0
ignore_bypasses: True, self.next_spatial.names: ['Compute']
spatial_level: Compute, spatial_level.dataflow: [], spatial_level.factors: {C0: {}, Y: {}, X: {}, R0: {}, S0: {}, Z: {}, C1: {}, R1: {}, S1: {}, C2: {}, P: {}, Q: {}}
After Spatials: Level: OutRegister: MOPs in_reads = 0, per_layer_w_reads = {0: 108, 1: 1}, w_reads = 109, per_layer_int_in_reads = {0: 0}, int_in_reads = 0, per_layer_int_out_reads = {0: 0}, int_out_reads = 0, out_reads = 0, out_writes = 0, out_reads_factors = 0

After non recursive call for Level: OutRegister: MOPs for per_layer_int_in_reads_bp={0: 0} in_bp=0, per_layer_w_reads_bp={0: 108, 1: 1} w_bp=109, out_bp=0, ignore_bypasses=True (bypass operand w)
End inbtwn
Now I will do MyLevel: WRegister: MOPs for per_layer_w_reads_bp={0: 108, 1: 1}, in_bp=0, per_layer_w_reads_bp={0: 108, 1: 1}, w_bp=109, out_bp=0, stationarity_to_address=False (bypass operand w)
Level: WRegister: stationarity_to_address is False, dataflow handled among inner loops
Before: per_layer_w_reads_bp[0] = 108
After: per_layer_w_reads_bp[0] = 108
Before: per_layer_w_reads_bp[1] = 1
After: per_layer_w_reads_bp[1] = 2
per_layer_w_reads_before_bypass_layer_idx[0]: 0, per_layer_w_reads_bp_layer_idx[0]: 108
per_layer_w_reads_before_bypass_layer_idx[1]: 0, per_layer_w_reads_bp_layer_idx[1]: 2


Level: WRegister: Operand = out


Level: WRegister: Operand = int
AFTER BYPASS of all operands:  WRegister: in_reads: 0, per_layer_w_reads: {0: 108, 1: 2}, w_reads: 110, per_layer_int_in_reads: {0: 0}, int_in_reads: 0, per_layer_int_out_reads: {0: 0}, int_out_reads: 0, out_reads: 0, out_writes: 0, out_reads_factors: 0

After Spatials: Level: WRegister: MOPs in_reads = 0, per_layer_w_reads = {0: 108, 1: 2}, w_reads = 110, per_layer_int_in_reads = {0: 0}, int_in_reads = 0, per_layer_int_out_reads = {0: 0}, int_out_reads = 0, out_reads = 0, out_writes = 0, out_reads_factors = 0

End MOPs with Bypasses for Level: WRegister


DEBUG updateStats pre scaling: Level WRegister:
  in_reads: 0
  per_layer_w_reads: {0: 108, 1: 2}
  w_reads: 110
  per_layer_int_in_reads: {0: 0}
  per_layer_int_out_reads: {0: 0}
  out_reads: 0
  out_reads_factors: 0
temporal_iterations_per_layer before update: {0: 32, 1: 324}, spatial_iterations_per_layer before update: {0: 2, 1: 4}
scale per layer: {0: 64, 1: 1296}
scaled in_reads: 0
scaled per_layer_w_reads before sum: {0: 6912, 1: 2592}
scaled per_layer_int_in_reads before sum: {0: 0}
scaled per_layer_int_out_reads before sum: {0: 0}
scaled out_reads: 0
DEBUG updateStats post scaling: Level WRegister:
  in_reads: 0
  per_layer_w_reads: {0: 6912, 1: 2592}
  w_reads: 9504
  per_layer_int_in_reads: {0: 0}
  int_in_reads: 0
  per_layer_int_out_reads: {0: 0}
  int_out_reads: 0
  out_reads: 0
  out_reads_factors: 0
Updated considering level: WRegister, this dim: C0 is considered in temporal_iterations_per_layer[0]
Updated considering level: WRegister, this dim: Y is considered in temporal_iterations_per_layer[0]
Updated considering level: WRegister, this dim: X is considered in temporal_iterations_per_layer[0]
Updated considering level: WRegister, this dim: R0 is considered in temporal_iterations_per_layer[0]
Updated considering level: WRegister, this dim: S0 is considered in temporal_iterations_per_layer[0]
Updated considering level: WRegister, this dim: Z is considered in temporal_iterations_per_layer[0]
Updated considering level: WRegister, this dim: C2 is considered in temporal_iterations_per_layer[1]
Updated considering level: WRegister, this dim: C1 is considered in temporal_iterations_per_layer[1]
Updated considering level: WRegister, this dim: R1 is considered in temporal_iterations_per_layer[1]
Updated considering level: WRegister, this dim: S1 is considered in temporal_iterations_per_layer[1]
Updated considering level: WRegister, this dim: P is considered in temporal_iterations_per_layer[1]
Updated considering level: WRegister, this dim: Q is considered in temporal_iterations_per_layer[1]


Questo mops è chiamato da update stats
Level: OutRegister, arch bypasses for the level: ['in', 'w'], in_bp: 0, w_bp: 0, out_bp: 1, int_bp: 1
arch.name: Fixed Multi-Layer Convolution Architecture with Mapping Constraints, level.name: OutRegister
Level: OutRegister: Starting MOPs calculation with in_bp: 0, w_bp: 0, out_bp: 1, int_bp: 1, ignore_bypasses: False, dataflow: ['Y', 'Z', 'C1', 'R1', 'S1', 'C2', 'P', 'Q', 'X', 'S0', 'R0', 'C0'], factors: {C0: {3: 1}, Y: {}, X: {2: 2}, R0: {3: 1}, S0: {3: 1}, Z: {}, C1: {}, R1: {}, S1: {}, C2: {}, P: {}, Q: {}}, tile_sizes: {C0: 1, Y: 1, X: 1, R0: 1, S0: 1, Z: 1, C1: 1, R1: 1, S1: 1, C2: 1, P: 1, Q: 1}, factors_constraints: {'X': 4, 'S0': 3, 'R0': 3, 'C0': 3}, bypasses: ['in', 'w'], multiple_buffering: 1, multiple_reuses: True
actual_dataflow_per_layer[0]: ['X', 'S0', 'R0', 'C0']
actual_dataflow_per_layer[1]: []
Level: OutRegister: actual_dataflow_per_layer: {0: ['X', 'S0', 'R0', 'C0'], 1: []}, actual_dataflow: ['X', 'S0', 'R0', 'C0'], dataflow: ['Y', 'Z', 'C1', 'R1', 'S1', 'C2', 'P', 'Q', 'X', 'S0', 'R0', 'C0'], factors: {C0: {3: 1}, Y: {}, X: {2: 2}, R0: {3: 1}, S0: {3: 1}, Z: {}, C1: {}, R1: {}, S1: {}, C2: {}, P: {}, Q: {}}, num layers: 2
tile size for each dim in actual_dataflow: [('X', 1), ('S0', 1), ('R0', 1), ('C0', 1)]
tile size for each dim in actual_dataflow-per_layer[0]: [('X', 1), ('S0', 1), ('R0', 1), ('C0', 1)]
tile size for each dim in actual_dataflow_per_layer[1]: []


Stationarity calculation for Level: OutRegister: in_bp = 0, w_bp = 0, int_bp = 1, out_bp = 1


Initialization Level: OutRegister, Layer 0: int_in_reads = 1, per_layer_int_in_reads = {0: 1}
layer read after innermost_dim_sum handling: 1
innermost_dim_sum: None, next_spatial_unroll: {'C1': 1, 'P': 1, 'R1': 1, 'Q': 1, 'S1': 1}
 dims in dim_sum: [['C1'], ['P', 'R1'], ['Q', 'S1']]
tile sizes[dim] for dim in dim_sum: [[1], [1, 1], [1, 1]]
intermediate in layer 0 read after next_spatials handling: 1
intermediate in remaining dim in actual_dataflow_per_layer[1][:0]: []
intermediate in layer 0 final read: 1

Initialization Level: OutRegister, Layer 0: int_out_reads = 1, per_layer_int_out_reads = {0: 1}
layer read after innermost_dim_sum handling: 1
innermost_dim_sum: None, next_spatial_unroll: {'Z': 1, 'Y': 1, 'X': 1}
tile sizes[dim] for dim in dim_sum: [[1], [1], [1]]
intermediate out layer 0 read after next_spatials handling: 1
intermediate out remaining dim in actual_dataflow_per_layer[0][:4]: ['X', 'S0', 'R0', 'C0']
intermediate out layer 0 final read: 108
Initialization Level: OutRegister, Layer 1: out_reads = 1, innermost_dim_sum = None, i = -1, actual_dataflow = []
out layer read after innermost_dim_sum handling: 1
innermost_dim_sum: None, next_spatial_unroll: {'C2': 1, 'P': 1, 'Q': 1}
tile sizes[dim] for dim in dim_sum: [[1], [1], [1]]
output layer 1 read after next_spatials handling: 1
out remaining dim in actual_dataflow_per_layer[1][:0]: []
actual_dataflow_per_layer[0]: ['X', 'S0', 'R0', 'C0'], i = -1
output layer 1 final read: 1, out_reads_factors (orthogonal to output) = 1

BEFORE BYPASS: ignore_bypasses: False, In reads: 0, Per Layer W Reads: {0: 0, 1: 0}, w_reads: 0,
 Per Layer Intermediate Input reads: {0: 1}, int_in_reads: 1, Per Layer Intermediate Output reads: {0: 108}, int_out_reads: 108, Out reads: 1
ignore_bypasses: False, self.next_spatial.names: ['Compute']
I AM HANDLING BYPASS NOW


Level: OutRegister: Operand = in


Level: OutRegister: Operand = w


Level: OutRegister: Operand = out


Level: OutRegister: Operand = int
AFTER BYPASS of all operands:  OutRegister: in_reads: 0, per_layer_w_reads: {0: 0, 1: 0}, w_reads: 0, per_layer_int_in_reads: {0: 1}, int_in_reads: 1, per_layer_int_out_reads: {0: 108}, int_out_reads: 108, out_reads: 1, out_writes: 1, out_reads_factors: 1

spatial_level: Compute, spatial_level.dataflow: [], spatial_level.factors: {C0: {}, Y: {}, X: {}, R0: {}, S0: {}, Z: {}, C1: {}, R1: {}, S1: {}, C2: {}, P: {}, Q: {}}
After Spatials: Level: OutRegister: MOPs in_reads = 0, per_layer_w_reads = {0: 0, 1: 0}, w_reads = 0, per_layer_int_in_reads = {0: 1}, int_in_reads = 1, per_layer_int_out_reads = {0: 108}, int_out_reads = 108, out_reads = 1, out_writes = 1, out_reads_factors = 1

End MOPs with Bypasses for Level: OutRegister


DEBUG updateStats pre scaling: Level OutRegister:
  in_reads: 0
  per_layer_w_reads: {0: 0, 1: 0}
  w_reads: 0
  per_layer_int_in_reads: {0: 1}
  per_layer_int_out_reads: {0: 108}
  out_reads: 1
  out_reads_factors: 1
temporal_iterations_per_layer before update: {0: 32, 1: 648}, spatial_iterations_per_layer before update: {0: 2, 1: 4}
scale per layer: {0: 64, 1: 2592}
scaled in_reads: 0
scaled per_layer_w_reads before sum: {0: 0, 1: 0}
scaled per_layer_int_in_reads before sum: {0: 2592}
scaled per_layer_int_out_reads before sum: {0: 6912}
scaled out_reads: 2592
DEBUG updateStats post scaling: Level OutRegister:
  in_reads: 0
  per_layer_w_reads: {0: 0, 1: 0}
  w_reads: 0
  per_layer_int_in_reads: {0: 2592}
  int_in_reads: 2592
  per_layer_int_out_reads: {0: 6912}
  int_out_reads: 6912
  out_reads: 3312
  out_reads_factors: 18
Updated considering level: OutRegister, this dim: Y is considered in temporal_iterations_per_layer[0]
Updated considering level: OutRegister, this dim: Z is considered in temporal_iterations_per_layer[0]
Updated considering level: OutRegister, this dim: X is considered in temporal_iterations_per_layer[0]
Updated considering level: OutRegister, this dim: S0 is considered in temporal_iterations_per_layer[0]
Updated considering level: OutRegister, this dim: R0 is considered in temporal_iterations_per_layer[0]
Updated considering level: OutRegister, this dim: C0 is considered in temporal_iterations_per_layer[0]
Updated considering level: OutRegister, this dim: C1 is considered in temporal_iterations_per_layer[1]
Updated considering level: OutRegister, this dim: R1 is considered in temporal_iterations_per_layer[1]
Updated considering level: OutRegister, this dim: S1 is considered in temporal_iterations_per_layer[1]
Updated considering level: OutRegister, this dim: C2 is considered in temporal_iterations_per_layer[1]
Updated considering level: OutRegister, this dim: P is considered in temporal_iterations_per_layer[1]
Updated considering level: OutRegister, this dim: Q is considered in temporal_iterations_per_layer[1]
é stato chiamato update stats! 




Questo mops è chiamato da update stats
Level: DRAM, arch bypasses for the level: [], in_bp: 1, w_bp: 1, out_bp: 1, int_bp: 1
arch.name: Fixed Multi-Layer Convolution Architecture with Mapping Constraints, level.name: DRAM
Level: DRAM: Starting MOPs calculation with in_bp: 1, w_bp: 1, out_bp: 1, int_bp: 1, ignore_bypasses: False, dataflow: ['C0', 'Y', 'X', 'R0', 'S0', 'Z', 'R1', 'S1', 'C2', 'P', 'Q', 'C1'], factors: {C0: {}, Y: {}, X: {}, R0: {}, S0: {}, Z: {}, C1: {2: 1}, R1: {}, S1: {}, C2: {}, P: {2: 1}, Q: {3: 1}}, tile_sizes: {C0: 3, Y: 8, X: 8, R0: 3, S0: 3, Z: 4, C1: 2, R1: 3, S1: 3, C2: 2, P: 3, Q: 2}, factors_constraints: {'Q': 3, 'P': 2, 'C1': 2}, bypasses: [], multiple_buffering: 1, multiple_reuses: True
actual_dataflow_per_layer[0]: []
actual_dataflow_per_layer[1]: ['P', 'Q', 'C1']
Level: DRAM: actual_dataflow_per_layer: {0: [], 1: ['P', 'Q', 'C1']}, actual_dataflow: ['P', 'Q', 'C1'], dataflow: ['C0', 'Y', 'X', 'R0', 'S0', 'Z', 'R1', 'S1', 'C2', 'P', 'Q', 'C1'], factors: {C0: {}, Y: {}, X: {}, R0: {}, S0: {}, Z: {}, C1: {2: 1}, R1: {}, S1: {}, C2: {}, P: {2: 1}, Q: {3: 1}}, num layers: 2
tile size for each dim in actual_dataflow: [('P', 3), ('Q', 2), ('C1', 2)]
tile size for each dim in actual_dataflow-per_layer[0]: []
tile size for each dim in actual_dataflow_per_layer[1]: [('P', 3), ('Q', 2), ('C1', 2)]


Stationarity calculation for Level: DRAM: in_bp = 1, w_bp = 1, int_bp = 1, out_bp = 1


Initialization Level: DRAM: in_reads = 1
Level: DRAM: flat_in_coupling = ['C0', 'Y', 'R0', 'X', 'S0'], i = -1, actual_dataflow_per_layer[0] = []
input read after innermost_dim_sum handling: 1
Level: DRAM, Layer 0: after no Spatial, Input in_reads = 300, i = -1, innermost_dim_sum = None
input remaining dim in actual_dataflow_per_layer[0][:0]: []
actual_dataflow_per_layer[0]: [], i = -1
Level: DRAM, Layer 0: final Input in_reads = 300


Initialization Level: DRAM: w_reads = 1, per_layer_w_reads = {0: 1, 1: 1}
actual_dataflow_per_layer[0] = [], flat_weight_coupling[0] = ['Z', 'C0', 'R0', 'S0']
tile size for each dim of actual_dataflow_per_layer[0]: []
Level: DRAM: innermost_dim_sum = None, i = -1, actual_dataflow = ['P', 'Q', 'C1']
weight layer 0 read after innermost_dim_sum handling: 1
innermost_dim_sum: None, dim_sum: dim_sum in self.arch.coupling.getWeightCoupling(0) if dim_sum is not innermost_dim_sum: [['Z'], ['C0'], ['R0'], ['S0']]
self.tile_size[dim] for dim in dim_sum: [[4], [3], [3], [3]]
weight layer 0 read after no next_spatials handling: 108
weight layer 0 read after next_spatials handling: 108
weight remaining dim in actual_dataflow_per_layer[0][:0]: []
actual_dataflow_per_layer[0]: [], i = -1
Level: DRAM, Layer 0: final Weight layer_read = 108
actual_dataflow_per_layer[1] = ['P', 'Q', 'C1'], flat_weight_coupling[1] = ['C2', 'C1', 'R1', 'S1']
tile size for each dim of actual_dataflow_per_layer[1]: [3, 2, 2]
Level: DRAM: innermost_dim_sum = None, i = 2, actual_dataflow = ['P', 'Q', 'C1']
weight layer 1 read after innermost_dim_sum handling: 1
innermost_dim_sum: None, dim_sum: dim_sum in self.arch.coupling.getWeightCoupling(1) if dim_sum is not innermost_dim_sum: [['C2'], ['C1'], ['R1'], ['S1']]
self.tile_size[dim] for dim in dim_sum: [[2], [2], [3], [3]]
weight layer 1 read after no next_spatials handling: 36
weight layer 1 read after next_spatials handling: 36
weight remaining dim in actual_dataflow_per_layer[1][:3]: ['P', 'Q', 'C1']
actual_dataflow_per_layer[1]: ['P', 'Q', 'C1'], i = 2
Level: DRAM, Layer 1: final Weight layer_read = 432

Initialization Level: DRAM, Layer 0: int_in_reads = 1, per_layer_int_in_reads = {0: 1}
actual_dataflow_per_layer[1] = ['P', 'Q', 'C1'], flat_intermediate_input_coupling[0] = ['C1', 'P', 'R1', 'Q', 'S1']
tile size for each dim of actual_dataflow_per_layer[1]: [3, 2, 2]
Level: DRAM: innermost_dim_sum = None, i = 2, actual_dataflow = ['P', 'Q', 'C1']
layer read after innermost_dim_sum handling: 1
innermost_dim_sum: None, dim_sum: dim_sum in self.arch.coupling.getIntermediateInputCoupling(0) if dim_sum is not innermost_dim_sum: [['C1'], ['P', 'R1'], ['Q', 'S1']]
self.tile_size[dim] for dim in dim_sum: [[2], [3, 3], [2, 3]]
intermediate in layer 0 read after no next_spatials handling: 40
intermediate in remaining dim in actual_dataflow_per_layer[1][:3]: ['P', 'Q', 'C1']
intermediate in layer 0 final read: 480

Initialization Level: DRAM, Layer 0: int_out_reads = 1, per_layer_int_out_reads = {0: 1}
actual_dataflow_per_layer[0] = [], flat_intermediate_output_coupling[0] = ['Z', 'Y', 'X']
tile size for each dim of actual_dataflow_per_layer[0]: []
Level: DRAM: innermost_dim_sum = None, i = -1, actual_dataflow = []
layer read after innermost_dim_sum handling: 1
innermost_dim_sum: None, dim_sum: dim_sum in self.arch.coupling.getIntermediateOutputCoupling(0) if dim_sum is not innermost_dim_sum: [['Z'], ['Y'], ['X']]
self.tile_size[dim] for dim in dim_sum: [[4], [8], [8]]
intermediate out layer 0 read after no next_spatials handling: 256
intermediate out remaining dim in actual_dataflow_per_layer[0][:0]: []
intermediate out layer 0 final read: 256
Initialization Level: DRAM, Layer 1: out_reads = 1, innermost_dim_sum = None, i = 2, actual_dataflow = ['P', 'Q', 'C1']
out layer read after innermost_dim_sum handling: 1
innermost_dim_sum: None, dim_sum: dim_sum in self.arch.coupling.out_coupling if dim_sum is not innermost_dim_sum: [['C2'], ['P'], ['Q']]
self.tile_size[dim] for dim in dim_sum: [[2], [3], [2]]
output layer 1 read after no next_spatials handling: 12
out remaining dim in actual_dataflow_per_layer[1][:2]: ['P', 'Q']
actual_dataflow_per_layer[0]: [], i = 1
output layer 1 final read: 72, out_reads_factors (orthogonal to output) = 1

BEFORE BYPASS: ignore_bypasses: False, In reads: 300, Per Layer W Reads: {0: 108, 1: 432}, w_reads: 540,
 Per Layer Intermediate Input reads: {0: 480}, int_in_reads: 480, Per Layer Intermediate Output reads: {0: 256}, int_out_reads: 256, Out reads: 72
ignore_bypasses: False, self.next_spatial.names: []
I AM HANDLING BYPASS NOW


Level: DRAM: Operand = in


Level: DRAM: Operand = w


Level: DRAM: Operand = out


Level: DRAM: Operand = int
AFTER BYPASS of all operands:  DRAM: in_reads: 300, per_layer_w_reads: {0: 108, 1: 432}, w_reads: 540, per_layer_int_in_reads: {0: 480}, int_in_reads: 480, per_layer_int_out_reads: {0: 256}, int_out_reads: 256, out_reads: 72, out_writes: 72, out_reads_factors: 1

After Spatials: Level: DRAM: MOPs in_reads = 300, per_layer_w_reads = {0: 108, 1: 432}, w_reads = 540, per_layer_int_in_reads = {0: 480}, int_in_reads = 480, per_layer_int_out_reads = {0: 256}, int_out_reads = 256, out_reads = 72, out_writes = 72, out_reads_factors = 1

End MOPs with Bypasses for Level: DRAM


DEBUG updateStats pre scaling: Level DRAM:
  in_reads: 300
  per_layer_w_reads: {0: 108, 1: 432}
  w_reads: 540
  per_layer_int_in_reads: {0: 480}
  per_layer_int_out_reads: {0: 256}
  out_reads: 72
  out_reads_factors: 1
temporal_iterations_per_layer before update: {0: 1, 1: 1}, spatial_iterations_per_layer before update: {0: 1, 1: 1}
scale per layer: {0: 1, 1: 1}
scaled in_reads: 300
scaled per_layer_w_reads before sum: {0: 108, 1: 432}
scaled per_layer_int_in_reads before sum: {0: 480}
scaled per_layer_int_out_reads before sum: {0: 256}
scaled out_reads: 72
DEBUG updateStats post scaling: Level DRAM:
  in_reads: 300
  per_layer_w_reads: {0: 108, 1: 432}
  w_reads: 540
  per_layer_int_in_reads: {0: 480}
  int_in_reads: 480
  per_layer_int_out_reads: {0: 256}
  int_out_reads: 256
  out_reads: 0
  out_reads_factors: 1
Updated considering level: DRAM, this dim: C0 is considered in temporal_iterations_per_layer[0]
Updated considering level: DRAM, this dim: Y is considered in temporal_iterations_per_layer[0]
Updated considering level: DRAM, this dim: X is considered in temporal_iterations_per_layer[0]
Updated considering level: DRAM, this dim: R0 is considered in temporal_iterations_per_layer[0]
Updated considering level: DRAM, this dim: S0 is considered in temporal_iterations_per_layer[0]
Updated considering level: DRAM, this dim: Z is considered in temporal_iterations_per_layer[0]
Updated considering level: DRAM, this dim: R1 is considered in temporal_iterations_per_layer[1]
Updated considering level: DRAM, this dim: S1 is considered in temporal_iterations_per_layer[1]
Updated considering level: DRAM, this dim: C2 is considered in temporal_iterations_per_layer[1]
Updated considering level: DRAM, this dim: P is considered in temporal_iterations_per_layer[1]
Updated considering level: DRAM, this dim: Q is considered in temporal_iterations_per_layer[1]
Updated considering level: DRAM, this dim: C1 is considered in temporal_iterations_per_layer[1]


Questo mops è chiamato da update stats
Level: GlobalBuffer, arch bypasses for the level: [], in_bp: 1, w_bp: 0, out_bp: 0, int_bp: 1
arch.name: Fixed Multi-Layer Convolution Architecture with Mapping Constraints, level.name: GlobalBuffer
Level: GlobalBuffer: Starting MOPs calculation with in_bp: 1, w_bp: 0, out_bp: 0, int_bp: 1, ignore_bypasses: False, dataflow: ['C0', 'R0', 'S0', 'Z', 'C1', 'S1', 'C2', 'Q', 'P', 'X', 'R1', 'Y'], factors: {C0: {}, Y: {2: 2}, X: {2: 1}, R0: {}, S0: {}, Z: {}, C1: {}, R1: {3: 1}, S1: {}, C2: {}, P: {3: 1}, Q: {}}, tile_sizes: {C0: 3, Y: 2, X: 4, R0: 3, S0: 3, Z: 4, C1: 2, R1: 1, S1: 3, C2: 2, P: 1, Q: 2}, factors_constraints: {'P': 3, 'X': 2, 'R1': 3, 'Y': 4}, bypasses: [], multiple_buffering: 1, multiple_reuses: True
actual_dataflow_per_layer[0]: ['X', 'Y']
actual_dataflow_per_layer[1]: ['P', 'R1']
Level: GlobalBuffer: actual_dataflow_per_layer: {0: ['X', 'Y'], 1: ['P', 'R1']}, actual_dataflow: ['P', 'X', 'R1', 'Y'], dataflow: ['C0', 'R0', 'S0', 'Z', 'C1', 'S1', 'C2', 'Q', 'P', 'X', 'R1', 'Y'], factors: {C0: {}, Y: {2: 2}, X: {2: 1}, R0: {}, S0: {}, Z: {}, C1: {}, R1: {3: 1}, S1: {}, C2: {}, P: {3: 1}, Q: {}}, num layers: 2
tile size for each dim in actual_dataflow: [('P', 1), ('X', 4), ('R1', 1), ('Y', 2)]
tile size for each dim in actual_dataflow-per_layer[0]: [('X', 4), ('Y', 2)]
tile size for each dim in actual_dataflow_per_layer[1]: [('P', 1), ('R1', 1)]


Stationarity calculation for Level: GlobalBuffer: in_bp = 1, w_bp = 0, int_bp = 1, out_bp = 0


Initialization Level: GlobalBuffer: in_reads = 1
Level: GlobalBuffer: flat_in_coupling = ['C0', 'Y', 'R0', 'X', 'S0'], i = 1, actual_dataflow_per_layer[0] = ['X', 'Y']
input read after innermost_dim_sum handling: 1
innermost_dim_sum: None, next_spatial_unroll: {'C0': 1, 'Y': 2, 'R0': 1, 'X': 1, 'S0': 1}
tile sizes[dim] for dim in dim_sum: [[3], [2, 3], [4, 3]]
Level: GlobalBuffer, Layer 0: after Spatial, Input in_reads = 108, i = 1, innermost_dim_sum = None
input remaining dim in actual_dataflow_per_layer[0][:2]: ['X', 'Y']
actual_dataflow_per_layer[0]: ['X', 'Y'], i = 1
Level: GlobalBuffer, Layer 0: final Input in_reads = 864


Initialization Level: GlobalBuffer, Layer 0: int_in_reads = 1, per_layer_int_in_reads = {0: 1}
actual_dataflow_per_layer[1] = ['P', 'R1'], flat_intermediate_input_coupling[0] = ['C1', 'P', 'R1', 'Q', 'S1']
tile size for each dim of actual_dataflow_per_layer[1]: [1, 1]
Level: GlobalBuffer: innermost_dim_sum = ['P', 'R1'], i = 1, actual_dataflow = ['P', 'X', 'R1', 'Y']
self.factors.dimProduct(actual_dataflow_per_layer[1][1]): 3, self.tile_sizes[actual_dataflow_per_layer[1][1]]: 1
[self.tile_sizes[dim] for dim in innermost_dim_sum if dim != actual_dataflow_per_layer[1][1]]: [1]
layer read after innermost_dim_sum handling: 3
innermost_dim_sum: ['P', 'R1'], next_spatial_unroll: {'C1': 2, 'P': 1, 'R1': 1, 'Q': 2, 'S1': 1}
 dims in dim_sum: [['C1'], ['Q', 'S1']]
tile sizes[dim] for dim in dim_sum: [[2], [2, 3]]
intermediate in layer 0 read after next_spatials handling: 36
intermediate in remaining dim in actual_dataflow_per_layer[1][:1]: ['P']
intermediate in layer 0 final read: 108

Initialization Level: GlobalBuffer, Layer 0: int_out_reads = 1, per_layer_int_out_reads = {0: 1}
actual_dataflow_per_layer[0] = ['X', 'Y'], flat_intermediate_output_coupling[0] = ['Z', 'Y', 'X']
tile size for each dim of actual_dataflow_per_layer[0]: [4, 2]
Level: GlobalBuffer: innermost_dim_sum = None, i = 1, actual_dataflow = ['X', 'Y']
layer read after innermost_dim_sum handling: 1
innermost_dim_sum: None, next_spatial_unroll: {'Z': 1, 'Y': 2, 'X': 1}
tile sizes[dim] for dim in dim_sum: [[4], [2], [4]]
intermediate out layer 0 read after next_spatials handling: 32
intermediate out remaining dim in actual_dataflow_per_layer[0][:2]: ['X', 'Y']
intermediate out layer 0 final read: 256

BEFORE BYPASS: ignore_bypasses: False, In reads: 864, Per Layer W Reads: {0: 0, 1: 0}, w_reads: 0,
 Per Layer Intermediate Input reads: {0: 108}, int_in_reads: 108, Per Layer Intermediate Output reads: {0: 256}, int_out_reads: 256, Out reads: 0
ignore_bypasses: False, self.next_spatial.names: ['SACols', 'SARows']
I AM HANDLING BYPASS NOW


Level: GlobalBuffer: Operand = in


Level: GlobalBuffer: Operand = w
Final level name before not bypassing: InRegister
I call MOPs on InRegister
arch.name: Fixed Multi-Layer Convolution Architecture with Mapping Constraints, level.name: InRegister
Level (handling bypass): InRegister: Starting MOPs calculation with in_bp: False, w_bp: True, out_bp: False, int_bp: False, dataflow: ['C0', 'Y', 'X', 'R0', 'S0', 'C1', 'R1', 'C2', 'P', 'Q', 'Z', 'S1'], factors: {C0: {}, Y: {}, X: {}, R0: {}, S0: {}, Z: {2: 2}, C1: {}, R1: {}, S1: {3: 1}, C2: {}, P: {}, Q: {}}, tile_sizes: {C0: 3, Y: 1, X: 4, R0: 3, S0: 3, Z: 1, C1: 1, R1: 1, S1: 1, C2: 2, P: 1, Q: 1}, factors_constraints: {'S1': 3, 'Z': 4}, bypasses: ['w', 'out'], multiple_buffering: 1, multiple_reuses: True
actual_dataflow_per_layer[0]: ['Z']
actual_dataflow_per_layer[1]: ['S1']
Level: InRegister: actual_dataflow_per_layer: {0: ['Z'], 1: ['S1']}, actual_dataflow: ['Z', 'S1'], dataflow: ['C0', 'Y', 'X', 'R0', 'S0', 'C1', 'R1', 'C2', 'P', 'Q', 'Z', 'S1'], factors: {C0: {}, Y: {}, X: {}, R0: {}, S0: {}, Z: {2: 2}, C1: {}, R1: {}, S1: {3: 1}, C2: {}, P: {}, Q: {}}, num layers: 2
tile size for each dim in actual_dataflow: [('Z', 1), ('S1', 1)]
tile size for each dim in actual_dataflow-per_layer[0]: [('Z', 1)]
tile size for each dim in actual_dataflow_per_layer[1]: [('S1', 1)]


Stationarity calculation for Level: InRegister: in_bp = False, w_bp = True, int_bp = False, out_bp = False


Initialization Level: InRegister: w_reads = 1, per_layer_w_reads = {0: 1, 1: 1}
actual_dataflow_per_layer[0] = ['Z'], flat_weight_coupling[0] = ['Z', 'C0', 'R0', 'S0']
tile size for each dim of actual_dataflow_per_layer[0]: [1]
Level: InRegister: innermost_dim_sum = None, i = 0, actual_dataflow = ['Z', 'S1']
weight layer 0 read after innermost_dim_sum handling: 1
innermost_dim_sum: None, dim_sum: dim_sum in self.arch.coupling.getWeightCoupling(0) if dim_sum is not innermost_dim_sum: [['Z'], ['C0'], ['R0'], ['S0']]
self.tile_size[dim] for dim in dim_sum: [[1], [3], [3], [3]]
weight layer 0 read after no next_spatials handling: 27
weight layer 0 read after next_spatials handling: 27
weight remaining dim in actual_dataflow_per_layer[0][:1]: ['Z']
actual_dataflow_per_layer[0]: ['Z'], i = 0
Level: InRegister, Layer 0: final Weight layer_read = 108
actual_dataflow_per_layer[1] = ['S1'], flat_weight_coupling[1] = ['C2', 'C1', 'R1', 'S1']
tile size for each dim of actual_dataflow_per_layer[1]: [1]
Level: InRegister: innermost_dim_sum = None, i = 0, actual_dataflow = ['Z', 'S1']
weight layer 1 read after innermost_dim_sum handling: 1
innermost_dim_sum: None, dim_sum: dim_sum in self.arch.coupling.getWeightCoupling(1) if dim_sum is not innermost_dim_sum: [['C2'], ['C1'], ['R1'], ['S1']]
self.tile_size[dim] for dim in dim_sum: [[2], [1], [1], [1]]
weight layer 1 read after no next_spatials handling: 2
weight layer 1 read after next_spatials handling: 2
weight remaining dim in actual_dataflow_per_layer[1][:1]: ['S1']
actual_dataflow_per_layer[1]: ['S1'], i = 0
Level: InRegister, Layer 1: final Weight layer_read = 6

BEFORE BYPASS: ignore_bypasses: True, In reads: 0, Per Layer W Reads: {0: 108, 1: 6}, w_reads: 114,
 Per Layer Intermediate Input reads: {0: 0}, int_in_reads: 0, Per Layer Intermediate Output reads: {0: 0}, int_out_reads: 0, Out reads: 0
ignore_bypasses: True, self.next_spatial.names: []
After Spatials: Level: InRegister: MOPs in_reads = 0, per_layer_w_reads = {0: 108, 1: 6}, w_reads = 114, per_layer_int_in_reads = {0: 0}, int_in_reads = 0, per_layer_int_out_reads = {0: 0}, int_out_reads = 0, out_reads = 0, out_writes = 0, out_reads_factors = 0

After non recursive call for Level: InRegister: MOPs for per_layer_int_in_reads_bp={0: 0} in_bp=0, per_layer_w_reads_bp={0: 108, 1: 6} w_bp=114, out_bp=0, ignore_bypasses=True (bypass operand w)
I'm going from the down (Compute) to the top
Level: GlobalBuffer: in_btwn = SARows, stationarity_to_address = False, in_reads_bp = 0, w_reads_bp = 114, out_reads_bp = 0, ignore_bypasses = False
in_btwn Level: SARows, not MemLevel
SONO IN MULBYDIM self.name: SARows in_reads: 0, per_layer_w_reads: {0: 108, 1: 6}, out_reads: 0, out_writes: 0, per_layer_int_in_reads: {0: 0}, per_layer_int_out_reads: {0: 0}, per_layer_int_out_writes: {0: 0}
per_layer_w_reads after non-selective multicast: {0: 108, 1: 12}
in_btwn: MOPs results: in_reads_bp: 0, per_layer_w_reads_bp: {0: 108, 1: 12}, w_reads_bp: 120, int_out_reads_bp: 0, int_in_reads_bp: 0, out_reads_bp: 0
I'm going from the down (Compute) to the top
Level: GlobalBuffer: in_btwn = SACols, stationarity_to_address = False, in_reads_bp = 0, w_reads_bp = 120, out_reads_bp = 0, ignore_bypasses = False
in_btwn Level: SACols, not MemLevel
SONO IN MULBYDIM self.name: SACols in_reads: 0, per_layer_w_reads: {0: 108, 1: 12}, out_reads: 0, out_writes: 0, per_layer_int_in_reads: {0: 0}, per_layer_int_out_reads: {0: 0}, per_layer_int_out_writes: {0: 0}
per_layer_w_reads after non-selective multicast: {0: 108, 1: 12}
in_btwn: MOPs results: in_reads_bp: 0, per_layer_w_reads_bp: {0: 108, 1: 12}, w_reads_bp: 120, int_out_reads_bp: 0, int_in_reads_bp: 0, out_reads_bp: 0
End inbtwn
Now I will do MyLevel: GlobalBuffer: MOPs for per_layer_w_reads_bp={0: 108, 1: 12}, in_bp=0, per_layer_w_reads_bp={0: 108, 1: 12}, w_bp=120, out_bp=0, stationarity_to_address=False (bypass operand w)
Level: GlobalBuffer: stationarity_to_address is False, dataflow handled among inner loops
Before: per_layer_w_reads_bp[0] = 108
After: per_layer_w_reads_bp[0] = 864
Before: per_layer_w_reads_bp[1] = 12
After: per_layer_w_reads_bp[1] = 108
per_layer_w_reads_before_bypass_layer_idx[0]: 0, per_layer_w_reads_bp_layer_idx[0]: 864
per_layer_w_reads_before_bypass_layer_idx[1]: 0, per_layer_w_reads_bp_layer_idx[1]: 108


Level: GlobalBuffer: Operand = out
Final level name before not bypassing: WRegister
I call MOPs on WRegister
arch.name: Fixed Multi-Layer Convolution Architecture with Mapping Constraints, level.name: WRegister
Level (handling bypass): WRegister: Starting MOPs calculation with in_bp: False, w_bp: False, out_bp: True, int_bp: False, dataflow: ['C2', 'C0', 'Y', 'X', 'R0', 'S0', 'Z', 'C1', 'R1', 'S1', 'P', 'Q'], factors: {C0: {}, Y: {}, X: {}, R0: {}, S0: {}, Z: {}, C1: {}, R1: {}, S1: {}, C2: {2: 1}, P: {}, Q: {}}, tile_sizes: {C0: 3, Y: 1, X: 4, R0: 3, S0: 3, Z: 1, C1: 1, R1: 1, S1: 1, C2: 1, P: 1, Q: 1}, factors_constraints: {'C2': 2}, bypasses: ['in', 'int', 'out'], multiple_buffering: 1, multiple_reuses: True
actual_dataflow_per_layer[0]: []
actual_dataflow_per_layer[1]: ['C2']
Level: WRegister: actual_dataflow_per_layer: {0: [], 1: ['C2']}, actual_dataflow: ['C2'], dataflow: ['C2', 'C0', 'Y', 'X', 'R0', 'S0', 'Z', 'C1', 'R1', 'S1', 'P', 'Q'], factors: {C0: {}, Y: {}, X: {}, R0: {}, S0: {}, Z: {}, C1: {}, R1: {}, S1: {}, C2: {2: 1}, P: {}, Q: {}}, num layers: 2
tile size for each dim in actual_dataflow: [('C2', 1)]
tile size for each dim in actual_dataflow-per_layer[0]: []
tile size for each dim in actual_dataflow_per_layer[1]: [('C2', 1)]


Stationarity calculation for Level: WRegister: in_bp = False, w_bp = False, int_bp = False, out_bp = True

Initialization Level: WRegister, Layer 1: out_reads = 1, innermost_dim_sum = None, i = 0, actual_dataflow = ['C2']
out layer read after innermost_dim_sum handling: 1
innermost_dim_sum: None, dim_sum: dim_sum in self.arch.coupling.out_coupling if dim_sum is not innermost_dim_sum: [['C2'], ['P'], ['Q']]
self.tile_size[dim] for dim in dim_sum: [[1], [1], [1]]
output layer 1 read after no next_spatials handling: 1
out remaining dim in actual_dataflow_per_layer[1][:1]: ['C2']
actual_dataflow_per_layer[0]: [], i = 0
output layer 1 final read: 2, out_reads_factors (orthogonal to output) = 1

BEFORE BYPASS: ignore_bypasses: True, In reads: 0, Per Layer W Reads: {0: 0, 1: 0}, w_reads: 0,
 Per Layer Intermediate Input reads: {0: 0}, int_in_reads: 0, Per Layer Intermediate Output reads: {0: 0}, int_out_reads: 0, Out reads: 2
ignore_bypasses: True, self.next_spatial.names: []
After Spatials: Level: WRegister: MOPs in_reads = 0, per_layer_w_reads = {0: 0, 1: 0}, w_reads = 0, per_layer_int_in_reads = {0: 0}, int_in_reads = 0, per_layer_int_out_reads = {0: 0}, int_out_reads = 0, out_reads = 2, out_writes = 2, out_reads_factors = 1

After non recursive call for Level: WRegister: MOPs for per_layer_int_in_reads_bp={0: 0} in_bp=0, per_layer_w_reads_bp={0: 0, 1: 0} w_bp=0, out_bp=2, ignore_bypasses=True (bypass operand out)
I'm going from the down (Compute) to the top
Level: GlobalBuffer: in_btwn = InRegister, stationarity_to_address = False, in_reads_bp = 0, w_reads_bp = 0, out_reads_bp = 2, ignore_bypasses = False
I'm going from the down (Compute) to the top
Level: GlobalBuffer: in_btwn = SARows, stationarity_to_address = False, in_reads_bp = 0, w_reads_bp = 0, out_reads_bp = 2, ignore_bypasses = False
in_btwn Level: SARows, not MemLevel
SONO IN MULBYDIM self.name: SARows in_reads: 0, per_layer_w_reads: {0: 0, 1: 0}, out_reads: 2, out_writes: 2, per_layer_int_in_reads: {0: 0}, per_layer_int_out_reads: {0: 0}, per_layer_int_out_writes: {0: 0}
per_layer_w_reads after non-selective multicast: {0: 0, 1: 0}
in_btwn: MOPs results: in_reads_bp: 0, per_layer_w_reads_bp: {0: 0, 1: 0}, w_reads_bp: 0, int_out_reads_bp: 0, int_in_reads_bp: 0, out_reads_bp: 2
I'm going from the down (Compute) to the top
Level: GlobalBuffer: in_btwn = SACols, stationarity_to_address = False, in_reads_bp = 0, w_reads_bp = 0, out_reads_bp = 2, ignore_bypasses = False
in_btwn Level: SACols, not MemLevel
SONO IN MULBYDIM self.name: SACols in_reads: 0, per_layer_w_reads: {0: 0, 1: 0}, out_reads: 2, out_writes: 2, per_layer_int_in_reads: {0: 0}, per_layer_int_out_reads: {0: 0}, per_layer_int_out_writes: {0: 0}
per_layer_w_reads after non-selective multicast: {0: 0, 1: 0}
in_btwn: MOPs results: in_reads_bp: 0, per_layer_w_reads_bp: {0: 0, 1: 0}, w_reads_bp: 0, int_out_reads_bp: 0, int_in_reads_bp: 0, out_reads_bp: 4
End inbtwn
Now I will do MyLevel: GlobalBuffer: MOPs for per_layer_w_reads_bp={0: 0, 1: 0}, in_bp=0, per_layer_w_reads_bp={0: 0, 1: 0}, w_bp=0, out_bp=4, stationarity_to_address=False (bypass operand out)
per_layer_w_reads_before_bypass_layer_idx[0]: 864, per_layer_w_reads_bp_layer_idx[0]: 0
per_layer_w_reads_before_bypass_layer_idx[1]: 108, per_layer_w_reads_bp_layer_idx[1]: 0


Level: GlobalBuffer: Operand = int
AFTER BYPASS of all operands:  GlobalBuffer: in_reads: 864, per_layer_w_reads: {0: 864, 1: 108}, w_reads: 972, per_layer_int_in_reads: {0: 108}, int_in_reads: 108, per_layer_int_out_reads: {0: 256}, int_out_reads: 256, out_reads: 36, out_writes: 36, out_reads_factors: 288

spatial_level: SACols, spatial_level.dataflow: ['Y', 'Q'], spatial_level.factors: {C0: {}, Y: {2: 1}, X: {}, R0: {}, S0: {}, Z: {}, C1: {}, R1: {}, S1: {}, C2: {}, P: {}, Q: {2: 1}}
spatial_level: SARows, spatial_level.dataflow: ['C1'], spatial_level.factors: {C0: {}, Y: {}, X: {}, R0: {}, S0: {}, Z: {}, C1: {2: 1}, R1: {}, S1: {}, C2: {}, P: {}, Q: {}}
After Spatials: Level: GlobalBuffer: MOPs in_reads = 864, per_layer_w_reads = {0: 864, 1: 108}, w_reads = 972, per_layer_int_in_reads = {0: 108}, int_in_reads = 108, per_layer_int_out_reads = {0: 256}, int_out_reads = 256, out_reads = 36, out_writes = 36, out_reads_factors = 288

End MOPs with Bypasses for Level: GlobalBuffer


DEBUG updateStats pre scaling: Level GlobalBuffer:
  in_reads: 864
  per_layer_w_reads: {0: 864, 1: 108}
  w_reads: 972
  per_layer_int_in_reads: {0: 108}
  per_layer_int_out_reads: {0: 256}
  out_reads: 36
  out_reads_factors: 288
temporal_iterations_per_layer before update: {0: 1, 1: 12}, spatial_iterations_per_layer before update: {0: 1, 1: 1}
scale per layer: {0: 1, 1: 12}
scaled in_reads: 864
scaled per_layer_w_reads before sum: {0: 864, 1: 1296}
scaled per_layer_int_in_reads before sum: {0: 1296}
scaled per_layer_int_out_reads before sum: {0: 256}
scaled out_reads: 432
DEBUG updateStats post scaling: Level GlobalBuffer:
  in_reads: 864
  per_layer_w_reads: {0: 864, 1: 1296}
  w_reads: 2160
  per_layer_int_in_reads: {0: 1296}
  int_in_reads: 1296
  per_layer_int_out_reads: {0: 256}
  int_out_reads: 256
  out_reads: 503
  out_reads_factors: 576
Updated considering level: GlobalBuffer, this dim: C0 is considered in temporal_iterations_per_layer[0]
Updated considering level: GlobalBuffer, this dim: R0 is considered in temporal_iterations_per_layer[0]
Updated considering level: GlobalBuffer, this dim: S0 is considered in temporal_iterations_per_layer[0]
Updated considering level: GlobalBuffer, this dim: Z is considered in temporal_iterations_per_layer[0]
Updated considering level: GlobalBuffer, this dim: X is considered in temporal_iterations_per_layer[0]
Updated considering level: GlobalBuffer, this dim: Y is considered in temporal_iterations_per_layer[0]
Updated considering level: GlobalBuffer, this dim: C1 is considered in temporal_iterations_per_layer[1]
Updated considering level: GlobalBuffer, this dim: S1 is considered in temporal_iterations_per_layer[1]
Updated considering level: GlobalBuffer, this dim: C2 is considered in temporal_iterations_per_layer[1]
Updated considering level: GlobalBuffer, this dim: Q is considered in temporal_iterations_per_layer[1]
Updated considering level: GlobalBuffer, this dim: P is considered in temporal_iterations_per_layer[1]
Updated considering level: GlobalBuffer, this dim: R1 is considered in temporal_iterations_per_layer[1]
Updated considering level: SACols, this dim: Q is considered in spatial_iterations_per_layer[1]
Updated considering level: SARows, this dim: C1 is considered in spatial_iterations_per_layer[1]


Questo mops è chiamato da update stats
Level: InRegister, arch bypasses for the level: ['w', 'out'], in_bp: 0, w_bp: 0, out_bp: 0, int_bp: 0
arch.name: Fixed Multi-Layer Convolution Architecture with Mapping Constraints, level.name: InRegister
Level: InRegister: Starting MOPs calculation with in_bp: 0, w_bp: 0, out_bp: 0, int_bp: 0, ignore_bypasses: False, dataflow: ['C0', 'Y', 'X', 'R0', 'S0', 'C1', 'R1', 'C2', 'P', 'Q', 'Z', 'S1'], factors: {C0: {}, Y: {}, X: {}, R0: {}, S0: {}, Z: {2: 2}, C1: {}, R1: {}, S1: {3: 1}, C2: {}, P: {}, Q: {}}, tile_sizes: {C0: 3, Y: 1, X: 4, R0: 3, S0: 3, Z: 1, C1: 1, R1: 1, S1: 1, C2: 2, P: 1, Q: 1}, factors_constraints: {'S1': 3, 'Z': 4}, bypasses: ['w', 'out'], multiple_buffering: 1, multiple_reuses: True
actual_dataflow_per_layer[0]: ['Z']
actual_dataflow_per_layer[1]: ['S1']
Level: InRegister: actual_dataflow_per_layer: {0: ['Z'], 1: ['S1']}, actual_dataflow: ['Z', 'S1'], dataflow: ['C0', 'Y', 'X', 'R0', 'S0', 'C1', 'R1', 'C2', 'P', 'Q', 'Z', 'S1'], factors: {C0: {}, Y: {}, X: {}, R0: {}, S0: {}, Z: {2: 2}, C1: {}, R1: {}, S1: {3: 1}, C2: {}, P: {}, Q: {}}, num layers: 2
tile size for each dim in actual_dataflow: [('Z', 1), ('S1', 1)]
tile size for each dim in actual_dataflow-per_layer[0]: [('Z', 1)]
tile size for each dim in actual_dataflow_per_layer[1]: [('S1', 1)]


Stationarity calculation for Level: InRegister: in_bp = 0, w_bp = 0, int_bp = 0, out_bp = 0


BEFORE BYPASS: ignore_bypasses: False, In reads: 0, Per Layer W Reads: {0: 0, 1: 0}, w_reads: 0,
 Per Layer Intermediate Input reads: {0: 0}, int_in_reads: 0, Per Layer Intermediate Output reads: {0: 0}, int_out_reads: 0, Out reads: 0
ignore_bypasses: False, self.next_spatial.names: []
I AM HANDLING BYPASS NOW


Level: InRegister: Operand = in
Final level name before not bypassing: OutRegister
I call MOPs on OutRegister
arch.name: Fixed Multi-Layer Convolution Architecture with Mapping Constraints, level.name: OutRegister
Level (handling bypass): OutRegister: Starting MOPs calculation with in_bp: True, w_bp: False, out_bp: False, int_bp: False, dataflow: ['Y', 'Z', 'C1', 'R1', 'S1', 'C2', 'P', 'Q', 'X', 'S0', 'R0', 'C0'], factors: {C0: {3: 1}, Y: {}, X: {2: 2}, R0: {3: 1}, S0: {3: 1}, Z: {}, C1: {}, R1: {}, S1: {}, C2: {}, P: {}, Q: {}}, tile_sizes: {C0: 1, Y: 1, X: 1, R0: 1, S0: 1, Z: 1, C1: 1, R1: 1, S1: 1, C2: 1, P: 1, Q: 1}, factors_constraints: {'X': 4, 'S0': 3, 'R0': 3, 'C0': 3}, bypasses: ['in', 'w'], multiple_buffering: 1, multiple_reuses: True
actual_dataflow_per_layer[0]: ['X', 'S0', 'R0', 'C0']
actual_dataflow_per_layer[1]: []
Level: OutRegister: actual_dataflow_per_layer: {0: ['X', 'S0', 'R0', 'C0'], 1: []}, actual_dataflow: ['X', 'S0', 'R0', 'C0'], dataflow: ['Y', 'Z', 'C1', 'R1', 'S1', 'C2', 'P', 'Q', 'X', 'S0', 'R0', 'C0'], factors: {C0: {3: 1}, Y: {}, X: {2: 2}, R0: {3: 1}, S0: {3: 1}, Z: {}, C1: {}, R1: {}, S1: {}, C2: {}, P: {}, Q: {}}, num layers: 2
tile size for each dim in actual_dataflow: [('X', 1), ('S0', 1), ('R0', 1), ('C0', 1)]
tile size for each dim in actual_dataflow-per_layer[0]: [('X', 1), ('S0', 1), ('R0', 1), ('C0', 1)]
tile size for each dim in actual_dataflow_per_layer[1]: []


Stationarity calculation for Level: OutRegister: in_bp = True, w_bp = False, int_bp = False, out_bp = False


Initialization Level: OutRegister: in_reads = 1
input read after innermost_dim_sum handling: 1
innermost_dim_sum: None, next_spatial_unroll: {'C0': 1, 'Y': 1, 'R0': 1, 'X': 1, 'S0': 1}
tile sizes[dim] for dim in dim_sum: [[1], [1, 1], [1, 1]]
Level: OutRegister, Layer 0: after Spatial, Input in_reads = 1, i = 3, innermost_dim_sum = None
input remaining dim in actual_dataflow_per_layer[0][:4]: ['X', 'S0', 'R0', 'C0']
actual_dataflow_per_layer[0]: ['X', 'S0', 'R0', 'C0'], i = 3
Level: OutRegister, Layer 0: final Input in_reads = 108


BEFORE BYPASS: ignore_bypasses: True, In reads: 108, Per Layer W Reads: {0: 0, 1: 0}, w_reads: 0,
 Per Layer Intermediate Input reads: {0: 0}, int_in_reads: 0, Per Layer Intermediate Output reads: {0: 0}, int_out_reads: 0, Out reads: 0
ignore_bypasses: True, self.next_spatial.names: ['Compute']
spatial_level: Compute, spatial_level.dataflow: [], spatial_level.factors: {C0: {}, Y: {}, X: {}, R0: {}, S0: {}, Z: {}, C1: {}, R1: {}, S1: {}, C2: {}, P: {}, Q: {}}
After Spatials: Level: OutRegister: MOPs in_reads = 108, per_layer_w_reads = {0: 0, 1: 0}, w_reads = 0, per_layer_int_in_reads = {0: 0}, int_in_reads = 0, per_layer_int_out_reads = {0: 0}, int_out_reads = 0, out_reads = 0, out_writes = 0, out_reads_factors = 0

After non recursive call for Level: OutRegister: MOPs for per_layer_int_in_reads_bp={0: 0} in_bp=108, per_layer_w_reads_bp={0: 0, 1: 0} w_bp=0, out_bp=0, ignore_bypasses=True (bypass operand in)
I'm going from the down (Compute) to the top
Level: InRegister: in_btwn = WRegister, stationarity_to_address = False, in_reads_bp = 108, w_reads_bp = 0, out_reads_bp = 0, ignore_bypasses = False
End inbtwn
Now I will do MyLevel: InRegister: MOPs for per_layer_w_reads_bp={0: 0, 1: 0}, in_bp=108, per_layer_w_reads_bp={0: 0, 1: 0}, w_bp=0, out_bp=0, stationarity_to_address=False (bypass operand in)
per_layer_w_reads_before_bypass_layer_idx[0]: 0, per_layer_w_reads_bp_layer_idx[0]: 0
per_layer_w_reads_before_bypass_layer_idx[1]: 0, per_layer_w_reads_bp_layer_idx[1]: 0


Level: InRegister: Operand = w


Level: InRegister: Operand = out


Level: InRegister: Operand = int
Final level name before not bypassing: WRegister
I call MOPs on WRegister
arch.name: Fixed Multi-Layer Convolution Architecture with Mapping Constraints, level.name: WRegister
Level (handling bypass): WRegister: Starting MOPs calculation with in_bp: False, w_bp: False, out_bp: False, int_bp: True, dataflow: ['C2', 'C0', 'Y', 'X', 'R0', 'S0', 'Z', 'C1', 'R1', 'S1', 'P', 'Q'], factors: {C0: {}, Y: {}, X: {}, R0: {}, S0: {}, Z: {}, C1: {}, R1: {}, S1: {}, C2: {2: 1}, P: {}, Q: {}}, tile_sizes: {C0: 3, Y: 1, X: 4, R0: 3, S0: 3, Z: 1, C1: 1, R1: 1, S1: 1, C2: 1, P: 1, Q: 1}, factors_constraints: {'C2': 2}, bypasses: ['in', 'int', 'out'], multiple_buffering: 1, multiple_reuses: True
actual_dataflow_per_layer[0]: []
actual_dataflow_per_layer[1]: ['C2']
Level: WRegister: actual_dataflow_per_layer: {0: [], 1: ['C2']}, actual_dataflow: ['C2'], dataflow: ['C2', 'C0', 'Y', 'X', 'R0', 'S0', 'Z', 'C1', 'R1', 'S1', 'P', 'Q'], factors: {C0: {}, Y: {}, X: {}, R0: {}, S0: {}, Z: {}, C1: {}, R1: {}, S1: {}, C2: {2: 1}, P: {}, Q: {}}, num layers: 2
tile size for each dim in actual_dataflow: [('C2', 1)]
tile size for each dim in actual_dataflow-per_layer[0]: []
tile size for each dim in actual_dataflow_per_layer[1]: [('C2', 1)]


Stationarity calculation for Level: WRegister: in_bp = False, w_bp = False, int_bp = True, out_bp = False


Initialization Level: WRegister, Layer 0: int_in_reads = 1, per_layer_int_in_reads = {0: 1}
actual_dataflow_per_layer[1] = ['C2'], flat_intermediate_input_coupling[0] = ['C1', 'P', 'R1', 'Q', 'S1']
tile size for each dim of actual_dataflow_per_layer[1]: [1]
Level: WRegister: innermost_dim_sum = None, i = -1, actual_dataflow = ['C2']
layer read after innermost_dim_sum handling: 1
innermost_dim_sum: None, dim_sum: dim_sum in self.arch.coupling.getIntermediateInputCoupling(0) if dim_sum is not innermost_dim_sum: [['C1'], ['P', 'R1'], ['Q', 'S1']]
self.tile_size[dim] for dim in dim_sum: [[1], [1, 1], [1, 1]]
intermediate in layer 0 read after no next_spatials handling: 1
intermediate in remaining dim in actual_dataflow_per_layer[1][:0]: []
intermediate in layer 0 final read: 1

Initialization Level: WRegister, Layer 0: int_out_reads = 1, per_layer_int_out_reads = {0: 1}
actual_dataflow_per_layer[0] = [], flat_intermediate_output_coupling[0] = ['Z', 'Y', 'X']
tile size for each dim of actual_dataflow_per_layer[0]: []
Level: WRegister: innermost_dim_sum = None, i = -1, actual_dataflow = []
layer read after innermost_dim_sum handling: 1
innermost_dim_sum: None, dim_sum: dim_sum in self.arch.coupling.getIntermediateOutputCoupling(0) if dim_sum is not innermost_dim_sum: [['Z'], ['Y'], ['X']]
self.tile_size[dim] for dim in dim_sum: [[1], [1], [4]]
intermediate out layer 0 read after no next_spatials handling: 4
intermediate out remaining dim in actual_dataflow_per_layer[0][:0]: []
intermediate out layer 0 final read: 4

BEFORE BYPASS: ignore_bypasses: True, In reads: 0, Per Layer W Reads: {0: 0, 1: 0}, w_reads: 0,
 Per Layer Intermediate Input reads: {0: 1}, int_in_reads: 1, Per Layer Intermediate Output reads: {0: 4}, int_out_reads: 4, Out reads: 0
ignore_bypasses: True, self.next_spatial.names: []
After Spatials: Level: WRegister: MOPs in_reads = 0, per_layer_w_reads = {0: 0, 1: 0}, w_reads = 0, per_layer_int_in_reads = {0: 1}, int_in_reads = 1, per_layer_int_out_reads = {0: 4}, int_out_reads = 4, out_reads = 0, out_writes = 0, out_reads_factors = 0

After non recursive call for Level: WRegister: MOPs for per_layer_int_in_reads_bp={0: 1} in_bp=0, per_layer_w_reads_bp={0: 0, 1: 0} w_bp=0, out_bp=0, ignore_bypasses=True (bypass operand int)
End inbtwn
Now I will do MyLevel: InRegister: MOPs for per_layer_w_reads_bp={0: 0, 1: 0}, in_bp=0, per_layer_w_reads_bp={0: 0, 1: 0}, w_bp=0, out_bp=0, stationarity_to_address=True (bypass operand int)
per_layer_w_reads_before_bypass_layer_idx[0]: 0, per_layer_w_reads_bp_layer_idx[0]: 0
per_layer_w_reads_before_bypass_layer_idx[1]: 0, per_layer_w_reads_bp_layer_idx[1]: 0
AFTER BYPASS of all operands:  InRegister: in_reads: 432, per_layer_w_reads: {0: 0, 1: 0}, w_reads: 0, per_layer_int_in_reads: {0: 3}, int_in_reads: 3, per_layer_int_out_reads: {0: 4}, int_out_reads: 4, out_reads: 0, out_writes: 0, out_reads_factors: 0

After Spatials: Level: InRegister: MOPs in_reads = 432, per_layer_w_reads = {0: 0, 1: 0}, w_reads = 0, per_layer_int_in_reads = {0: 3}, int_in_reads = 3, per_layer_int_out_reads = {0: 4}, int_out_reads = 4, out_reads = 0, out_writes = 0, out_reads_factors = 0

End MOPs with Bypasses for Level: InRegister


DEBUG updateStats pre scaling: Level InRegister:
  in_reads: 432
  per_layer_w_reads: {0: 0, 1: 0}
  w_reads: 0
  per_layer_int_in_reads: {0: 3}
  per_layer_int_out_reads: {0: 4}
  out_reads: 0
  out_reads_factors: 0
temporal_iterations_per_layer before update: {0: 8, 1: 108}, spatial_iterations_per_layer before update: {0: 2, 1: 4}
scale per layer: {0: 16, 1: 432}
scaled in_reads: 6912
scaled per_layer_w_reads before sum: {0: 0, 1: 0}
scaled per_layer_int_in_reads before sum: {0: 1296}
scaled per_layer_int_out_reads before sum: {0: 64}
scaled out_reads: 0
DEBUG updateStats post scaling: Level InRegister:
  in_reads: 6912
  per_layer_w_reads: {0: 0, 1: 0}
  w_reads: 0
  per_layer_int_in_reads: {0: 1296}
  int_in_reads: 1296
  per_layer_int_out_reads: {0: 64}
  int_out_reads: 64
  out_reads: 0
  out_reads_factors: 0
Updated considering level: InRegister, this dim: C0 is considered in temporal_iterations_per_layer[0]
Updated considering level: InRegister, this dim: Y is considered in temporal_iterations_per_layer[0]
Updated considering level: InRegister, this dim: X is considered in temporal_iterations_per_layer[0]
Updated considering level: InRegister, this dim: R0 is considered in temporal_iterations_per_layer[0]
Updated considering level: InRegister, this dim: S0 is considered in temporal_iterations_per_layer[0]
Updated considering level: InRegister, this dim: Z is considered in temporal_iterations_per_layer[0]
Updated considering level: InRegister, this dim: C1 is considered in temporal_iterations_per_layer[1]
Updated considering level: InRegister, this dim: R1 is considered in temporal_iterations_per_layer[1]
Updated considering level: InRegister, this dim: C2 is considered in temporal_iterations_per_layer[1]
Updated considering level: InRegister, this dim: P is considered in temporal_iterations_per_layer[1]
Updated considering level: InRegister, this dim: Q is considered in temporal_iterations_per_layer[1]
Updated considering level: InRegister, this dim: S1 is considered in temporal_iterations_per_layer[1]


Questo mops è chiamato da update stats
Level: WRegister, arch bypasses for the level: ['in', 'int', 'out'], in_bp: 0, w_bp: 0, out_bp: 0, int_bp: 0
arch.name: Fixed Multi-Layer Convolution Architecture with Mapping Constraints, level.name: WRegister
Level: WRegister: Starting MOPs calculation with in_bp: 0, w_bp: 0, out_bp: 0, int_bp: 0, ignore_bypasses: False, dataflow: ['C2', 'C0', 'Y', 'X', 'R0', 'S0', 'Z', 'C1', 'R1', 'S1', 'P', 'Q'], factors: {C0: {}, Y: {}, X: {}, R0: {}, S0: {}, Z: {}, C1: {}, R1: {}, S1: {}, C2: {2: 1}, P: {}, Q: {}}, tile_sizes: {C0: 3, Y: 1, X: 4, R0: 3, S0: 3, Z: 1, C1: 1, R1: 1, S1: 1, C2: 1, P: 1, Q: 1}, factors_constraints: {'C2': 2}, bypasses: ['in', 'int', 'out'], multiple_buffering: 1, multiple_reuses: True
actual_dataflow_per_layer[0]: []
actual_dataflow_per_layer[1]: ['C2']
Level: WRegister: actual_dataflow_per_layer: {0: [], 1: ['C2']}, actual_dataflow: ['C2'], dataflow: ['C2', 'C0', 'Y', 'X', 'R0', 'S0', 'Z', 'C1', 'R1', 'S1', 'P', 'Q'], factors: {C0: {}, Y: {}, X: {}, R0: {}, S0: {}, Z: {}, C1: {}, R1: {}, S1: {}, C2: {2: 1}, P: {}, Q: {}}, num layers: 2
tile size for each dim in actual_dataflow: [('C2', 1)]
tile size for each dim in actual_dataflow-per_layer[0]: []
tile size for each dim in actual_dataflow_per_layer[1]: [('C2', 1)]


Stationarity calculation for Level: WRegister: in_bp = 0, w_bp = 0, int_bp = 0, out_bp = 0


BEFORE BYPASS: ignore_bypasses: False, In reads: 0, Per Layer W Reads: {0: 0, 1: 0}, w_reads: 0,
 Per Layer Intermediate Input reads: {0: 0}, int_in_reads: 0, Per Layer Intermediate Output reads: {0: 0}, int_out_reads: 0, Out reads: 0
ignore_bypasses: False, self.next_spatial.names: []
I AM HANDLING BYPASS NOW


Level: WRegister: Operand = in


Level: WRegister: Operand = w
Final level name before not bypassing: OutRegister
I call MOPs on OutRegister
arch.name: Fixed Multi-Layer Convolution Architecture with Mapping Constraints, level.name: OutRegister
Level (handling bypass): OutRegister: Starting MOPs calculation with in_bp: False, w_bp: True, out_bp: False, int_bp: False, dataflow: ['Y', 'Z', 'C1', 'R1', 'S1', 'C2', 'P', 'Q', 'X', 'S0', 'R0', 'C0'], factors: {C0: {3: 1}, Y: {}, X: {2: 2}, R0: {3: 1}, S0: {3: 1}, Z: {}, C1: {}, R1: {}, S1: {}, C2: {}, P: {}, Q: {}}, tile_sizes: {C0: 1, Y: 1, X: 1, R0: 1, S0: 1, Z: 1, C1: 1, R1: 1, S1: 1, C2: 1, P: 1, Q: 1}, factors_constraints: {'X': 4, 'S0': 3, 'R0': 3, 'C0': 3}, bypasses: ['in', 'w'], multiple_buffering: 1, multiple_reuses: True
actual_dataflow_per_layer[0]: ['X', 'S0', 'R0', 'C0']
actual_dataflow_per_layer[1]: []
Level: OutRegister: actual_dataflow_per_layer: {0: ['X', 'S0', 'R0', 'C0'], 1: []}, actual_dataflow: ['X', 'S0', 'R0', 'C0'], dataflow: ['Y', 'Z', 'C1', 'R1', 'S1', 'C2', 'P', 'Q', 'X', 'S0', 'R0', 'C0'], factors: {C0: {3: 1}, Y: {}, X: {2: 2}, R0: {3: 1}, S0: {3: 1}, Z: {}, C1: {}, R1: {}, S1: {}, C2: {}, P: {}, Q: {}}, num layers: 2
tile size for each dim in actual_dataflow: [('X', 1), ('S0', 1), ('R0', 1), ('C0', 1)]
tile size for each dim in actual_dataflow-per_layer[0]: [('X', 1), ('S0', 1), ('R0', 1), ('C0', 1)]
tile size for each dim in actual_dataflow_per_layer[1]: []


Stationarity calculation for Level: OutRegister: in_bp = False, w_bp = True, int_bp = False, out_bp = False


Initialization Level: OutRegister: w_reads = 1, per_layer_w_reads = {0: 1, 1: 1}
weight layer 0 read after innermost_dim_sum handling: 1
innermost_dim_sum: None, next_spatial_unroll: {'Z': 1, 'C0': 1, 'R0': 1, 'S0': 1}
tile sizes[dim] for dim in dim_sum: [[1], [1], [1], [1]]
weight layer 0 read after next_spatials handling: 1
weight remaining dim in actual_dataflow_per_layer[0][:4]: ['X', 'S0', 'R0', 'C0']
actual_dataflow_per_layer[0]: ['X', 'S0', 'R0', 'C0'], i = 3
Level: OutRegister, Layer 0: final Weight layer_read = 108
weight layer 1 read after innermost_dim_sum handling: 1
innermost_dim_sum: None, next_spatial_unroll: {'C2': 1, 'C1': 1, 'R1': 1, 'S1': 1}
tile sizes[dim] for dim in dim_sum: [[1], [1], [1], [1]]
weight layer 1 read after next_spatials handling: 1
weight remaining dim in actual_dataflow_per_layer[1][:0]: []
actual_dataflow_per_layer[1]: [], i = -1
Level: OutRegister, Layer 1: final Weight layer_read = 1

BEFORE BYPASS: ignore_bypasses: True, In reads: 0, Per Layer W Reads: {0: 108, 1: 1}, w_reads: 109,
 Per Layer Intermediate Input reads: {0: 0}, int_in_reads: 0, Per Layer Intermediate Output reads: {0: 0}, int_out_reads: 0, Out reads: 0
ignore_bypasses: True, self.next_spatial.names: ['Compute']
spatial_level: Compute, spatial_level.dataflow: [], spatial_level.factors: {C0: {}, Y: {}, X: {}, R0: {}, S0: {}, Z: {}, C1: {}, R1: {}, S1: {}, C2: {}, P: {}, Q: {}}
After Spatials: Level: OutRegister: MOPs in_reads = 0, per_layer_w_reads = {0: 108, 1: 1}, w_reads = 109, per_layer_int_in_reads = {0: 0}, int_in_reads = 0, per_layer_int_out_reads = {0: 0}, int_out_reads = 0, out_reads = 0, out_writes = 0, out_reads_factors = 0

After non recursive call for Level: OutRegister: MOPs for per_layer_int_in_reads_bp={0: 0} in_bp=0, per_layer_w_reads_bp={0: 108, 1: 1} w_bp=109, out_bp=0, ignore_bypasses=True (bypass operand w)
End inbtwn
Now I will do MyLevel: WRegister: MOPs for per_layer_w_reads_bp={0: 108, 1: 1}, in_bp=0, per_layer_w_reads_bp={0: 108, 1: 1}, w_bp=109, out_bp=0, stationarity_to_address=False (bypass operand w)
Level: WRegister: stationarity_to_address is False, dataflow handled among inner loops
Before: per_layer_w_reads_bp[0] = 108
After: per_layer_w_reads_bp[0] = 108
Before: per_layer_w_reads_bp[1] = 1
After: per_layer_w_reads_bp[1] = 2
per_layer_w_reads_before_bypass_layer_idx[0]: 0, per_layer_w_reads_bp_layer_idx[0]: 108
per_layer_w_reads_before_bypass_layer_idx[1]: 0, per_layer_w_reads_bp_layer_idx[1]: 2


Level: WRegister: Operand = out


Level: WRegister: Operand = int
AFTER BYPASS of all operands:  WRegister: in_reads: 0, per_layer_w_reads: {0: 108, 1: 2}, w_reads: 110, per_layer_int_in_reads: {0: 0}, int_in_reads: 0, per_layer_int_out_reads: {0: 0}, int_out_reads: 0, out_reads: 0, out_writes: 0, out_reads_factors: 0

After Spatials: Level: WRegister: MOPs in_reads = 0, per_layer_w_reads = {0: 108, 1: 2}, w_reads = 110, per_layer_int_in_reads = {0: 0}, int_in_reads = 0, per_layer_int_out_reads = {0: 0}, int_out_reads = 0, out_reads = 0, out_writes = 0, out_reads_factors = 0

End MOPs with Bypasses for Level: WRegister


DEBUG updateStats pre scaling: Level WRegister:
  in_reads: 0
  per_layer_w_reads: {0: 108, 1: 2}
  w_reads: 110
  per_layer_int_in_reads: {0: 0}
  per_layer_int_out_reads: {0: 0}
  out_reads: 0
  out_reads_factors: 0
temporal_iterations_per_layer before update: {0: 32, 1: 324}, spatial_iterations_per_layer before update: {0: 2, 1: 4}
scale per layer: {0: 64, 1: 1296}
scaled in_reads: 0
scaled per_layer_w_reads before sum: {0: 6912, 1: 2592}
scaled per_layer_int_in_reads before sum: {0: 0}
scaled per_layer_int_out_reads before sum: {0: 0}
scaled out_reads: 0
DEBUG updateStats post scaling: Level WRegister:
  in_reads: 0
  per_layer_w_reads: {0: 6912, 1: 2592}
  w_reads: 9504
  per_layer_int_in_reads: {0: 0}
  int_in_reads: 0
  per_layer_int_out_reads: {0: 0}
  int_out_reads: 0
  out_reads: 0
  out_reads_factors: 0
Updated considering level: WRegister, this dim: C0 is considered in temporal_iterations_per_layer[0]
Updated considering level: WRegister, this dim: Y is considered in temporal_iterations_per_layer[0]
Updated considering level: WRegister, this dim: X is considered in temporal_iterations_per_layer[0]
Updated considering level: WRegister, this dim: R0 is considered in temporal_iterations_per_layer[0]
Updated considering level: WRegister, this dim: S0 is considered in temporal_iterations_per_layer[0]
Updated considering level: WRegister, this dim: Z is considered in temporal_iterations_per_layer[0]
Updated considering level: WRegister, this dim: C2 is considered in temporal_iterations_per_layer[1]
Updated considering level: WRegister, this dim: C1 is considered in temporal_iterations_per_layer[1]
Updated considering level: WRegister, this dim: R1 is considered in temporal_iterations_per_layer[1]
Updated considering level: WRegister, this dim: S1 is considered in temporal_iterations_per_layer[1]
Updated considering level: WRegister, this dim: P is considered in temporal_iterations_per_layer[1]
Updated considering level: WRegister, this dim: Q is considered in temporal_iterations_per_layer[1]


Questo mops è chiamato da update stats
Level: OutRegister, arch bypasses for the level: ['in', 'w'], in_bp: 0, w_bp: 0, out_bp: 1, int_bp: 1
arch.name: Fixed Multi-Layer Convolution Architecture with Mapping Constraints, level.name: OutRegister
Level: OutRegister: Starting MOPs calculation with in_bp: 0, w_bp: 0, out_bp: 1, int_bp: 1, ignore_bypasses: False, dataflow: ['Y', 'Z', 'C1', 'R1', 'S1', 'C2', 'P', 'Q', 'X', 'S0', 'R0', 'C0'], factors: {C0: {3: 1}, Y: {}, X: {2: 2}, R0: {3: 1}, S0: {3: 1}, Z: {}, C1: {}, R1: {}, S1: {}, C2: {}, P: {}, Q: {}}, tile_sizes: {C0: 1, Y: 1, X: 1, R0: 1, S0: 1, Z: 1, C1: 1, R1: 1, S1: 1, C2: 1, P: 1, Q: 1}, factors_constraints: {'X': 4, 'S0': 3, 'R0': 3, 'C0': 3}, bypasses: ['in', 'w'], multiple_buffering: 1, multiple_reuses: True
actual_dataflow_per_layer[0]: ['X', 'S0', 'R0', 'C0']
actual_dataflow_per_layer[1]: []
Level: OutRegister: actual_dataflow_per_layer: {0: ['X', 'S0', 'R0', 'C0'], 1: []}, actual_dataflow: ['X', 'S0', 'R0', 'C0'], dataflow: ['Y', 'Z', 'C1', 'R1', 'S1', 'C2', 'P', 'Q', 'X', 'S0', 'R0', 'C0'], factors: {C0: {3: 1}, Y: {}, X: {2: 2}, R0: {3: 1}, S0: {3: 1}, Z: {}, C1: {}, R1: {}, S1: {}, C2: {}, P: {}, Q: {}}, num layers: 2
tile size for each dim in actual_dataflow: [('X', 1), ('S0', 1), ('R0', 1), ('C0', 1)]
tile size for each dim in actual_dataflow-per_layer[0]: [('X', 1), ('S0', 1), ('R0', 1), ('C0', 1)]
tile size for each dim in actual_dataflow_per_layer[1]: []


Stationarity calculation for Level: OutRegister: in_bp = 0, w_bp = 0, int_bp = 1, out_bp = 1


Initialization Level: OutRegister, Layer 0: int_in_reads = 1, per_layer_int_in_reads = {0: 1}
layer read after innermost_dim_sum handling: 1
innermost_dim_sum: None, next_spatial_unroll: {'C1': 1, 'P': 1, 'R1': 1, 'Q': 1, 'S1': 1}
 dims in dim_sum: [['C1'], ['P', 'R1'], ['Q', 'S1']]
tile sizes[dim] for dim in dim_sum: [[1], [1, 1], [1, 1]]
intermediate in layer 0 read after next_spatials handling: 1
intermediate in remaining dim in actual_dataflow_per_layer[1][:0]: []
intermediate in layer 0 final read: 1

Initialization Level: OutRegister, Layer 0: int_out_reads = 1, per_layer_int_out_reads = {0: 1}
layer read after innermost_dim_sum handling: 1
innermost_dim_sum: None, next_spatial_unroll: {'Z': 1, 'Y': 1, 'X': 1}
tile sizes[dim] for dim in dim_sum: [[1], [1], [1]]
intermediate out layer 0 read after next_spatials handling: 1
intermediate out remaining dim in actual_dataflow_per_layer[0][:4]: ['X', 'S0', 'R0', 'C0']
intermediate out layer 0 final read: 108
Initialization Level: OutRegister, Layer 1: out_reads = 1, innermost_dim_sum = None, i = -1, actual_dataflow = []
out layer read after innermost_dim_sum handling: 1
innermost_dim_sum: None, next_spatial_unroll: {'C2': 1, 'P': 1, 'Q': 1}
tile sizes[dim] for dim in dim_sum: [[1], [1], [1]]
output layer 1 read after next_spatials handling: 1
out remaining dim in actual_dataflow_per_layer[1][:0]: []
actual_dataflow_per_layer[0]: ['X', 'S0', 'R0', 'C0'], i = -1
output layer 1 final read: 1, out_reads_factors (orthogonal to output) = 1

BEFORE BYPASS: ignore_bypasses: False, In reads: 0, Per Layer W Reads: {0: 0, 1: 0}, w_reads: 0,
 Per Layer Intermediate Input reads: {0: 1}, int_in_reads: 1, Per Layer Intermediate Output reads: {0: 108}, int_out_reads: 108, Out reads: 1
ignore_bypasses: False, self.next_spatial.names: ['Compute']
I AM HANDLING BYPASS NOW


Level: OutRegister: Operand = in


Level: OutRegister: Operand = w


Level: OutRegister: Operand = out


Level: OutRegister: Operand = int
AFTER BYPASS of all operands:  OutRegister: in_reads: 0, per_layer_w_reads: {0: 0, 1: 0}, w_reads: 0, per_layer_int_in_reads: {0: 1}, int_in_reads: 1, per_layer_int_out_reads: {0: 108}, int_out_reads: 108, out_reads: 1, out_writes: 1, out_reads_factors: 1

spatial_level: Compute, spatial_level.dataflow: [], spatial_level.factors: {C0: {}, Y: {}, X: {}, R0: {}, S0: {}, Z: {}, C1: {}, R1: {}, S1: {}, C2: {}, P: {}, Q: {}}
After Spatials: Level: OutRegister: MOPs in_reads = 0, per_layer_w_reads = {0: 0, 1: 0}, w_reads = 0, per_layer_int_in_reads = {0: 1}, int_in_reads = 1, per_layer_int_out_reads = {0: 108}, int_out_reads = 108, out_reads = 1, out_writes = 1, out_reads_factors = 1

End MOPs with Bypasses for Level: OutRegister


DEBUG updateStats pre scaling: Level OutRegister:
  in_reads: 0
  per_layer_w_reads: {0: 0, 1: 0}
  w_reads: 0
  per_layer_int_in_reads: {0: 1}
  per_layer_int_out_reads: {0: 108}
  out_reads: 1
  out_reads_factors: 1
temporal_iterations_per_layer before update: {0: 32, 1: 648}, spatial_iterations_per_layer before update: {0: 2, 1: 4}
scale per layer: {0: 64, 1: 2592}
scaled in_reads: 0
scaled per_layer_w_reads before sum: {0: 0, 1: 0}
scaled per_layer_int_in_reads before sum: {0: 2592}
scaled per_layer_int_out_reads before sum: {0: 6912}
scaled out_reads: 2592
DEBUG updateStats post scaling: Level OutRegister:
  in_reads: 0
  per_layer_w_reads: {0: 0, 1: 0}
  w_reads: 0
  per_layer_int_in_reads: {0: 2592}
  int_in_reads: 2592
  per_layer_int_out_reads: {0: 6912}
  int_out_reads: 6912
  out_reads: 3312
  out_reads_factors: 18
Updated considering level: OutRegister, this dim: Y is considered in temporal_iterations_per_layer[0]
Updated considering level: OutRegister, this dim: Z is considered in temporal_iterations_per_layer[0]
Updated considering level: OutRegister, this dim: X is considered in temporal_iterations_per_layer[0]
Updated considering level: OutRegister, this dim: S0 is considered in temporal_iterations_per_layer[0]
Updated considering level: OutRegister, this dim: R0 is considered in temporal_iterations_per_layer[0]
Updated considering level: OutRegister, this dim: C0 is considered in temporal_iterations_per_layer[0]
Updated considering level: OutRegister, this dim: C1 is considered in temporal_iterations_per_layer[1]
Updated considering level: OutRegister, this dim: R1 is considered in temporal_iterations_per_layer[1]
Updated considering level: OutRegister, this dim: S1 is considered in temporal_iterations_per_layer[1]
Updated considering level: OutRegister, this dim: C2 is considered in temporal_iterations_per_layer[1]
Updated considering level: OutRegister, this dim: P is considered in temporal_iterations_per_layer[1]
Updated considering level: OutRegister, this dim: Q is considered in temporal_iterations_per_layer[1]

Final condition:
Wart: 7.425e-06
EDP: 4.826e+00 (J*cycle)
DRAM ----------> P: 2, Q: 3, C1: 2
GlobalBuffer --> P: 3, X: 2, R1: 3, Y: 4
SACols --------> Y: 2, Q: 2
SARows --------> C1: 2
InRegister ----> Z: 4, S1: 3
WRegister -----> C2: 2
OutRegister ---> X: 4, S0: 3, R0: 3, C0: 3
Compute -------

Visited mappings: 1

Performed moves: 0
é stato chiamato update stats! 




Questo mops è chiamato da update stats
Level: DRAM, arch bypasses for the level: [], in_bp: 1, w_bp: 1, out_bp: 1, int_bp: 1
arch.name: Fixed Multi-Layer Convolution Architecture with Mapping Constraints, level.name: DRAM
Level: DRAM: Starting MOPs calculation with in_bp: 1, w_bp: 1, out_bp: 1, int_bp: 1, ignore_bypasses: False, dataflow: ['C0', 'Y', 'X', 'R0', 'S0', 'Z', 'R1', 'S1', 'C2', 'P', 'Q', 'C1'], factors: {C0: {}, Y: {}, X: {}, R0: {}, S0: {}, Z: {}, C1: {2: 1}, R1: {}, S1: {}, C2: {}, P: {2: 1}, Q: {3: 1}}, tile_sizes: {C0: 3, Y: 8, X: 8, R0: 3, S0: 3, Z: 4, C1: 2, R1: 3, S1: 3, C2: 2, P: 3, Q: 2}, factors_constraints: {'Q': 3, 'P': 2, 'C1': 2}, bypasses: [], multiple_buffering: 1, multiple_reuses: True
actual_dataflow_per_layer[0]: []
actual_dataflow_per_layer[1]: ['P', 'Q', 'C1']
Level: DRAM: actual_dataflow_per_layer: {0: [], 1: ['P', 'Q', 'C1']}, actual_dataflow: ['P', 'Q', 'C1'], dataflow: ['C0', 'Y', 'X', 'R0', 'S0', 'Z', 'R1', 'S1', 'C2', 'P', 'Q', 'C1'], factors: {C0: {}, Y: {}, X: {}, R0: {}, S0: {}, Z: {}, C1: {2: 1}, R1: {}, S1: {}, C2: {}, P: {2: 1}, Q: {3: 1}}, num layers: 2
tile size for each dim in actual_dataflow: [('P', 3), ('Q', 2), ('C1', 2)]
tile size for each dim in actual_dataflow-per_layer[0]: []
tile size for each dim in actual_dataflow_per_layer[1]: [('P', 3), ('Q', 2), ('C1', 2)]


Stationarity calculation for Level: DRAM: in_bp = 1, w_bp = 1, int_bp = 1, out_bp = 1


Initialization Level: DRAM: in_reads = 1
Level: DRAM: flat_in_coupling = ['C0', 'Y', 'R0', 'X', 'S0'], i = -1, actual_dataflow_per_layer[0] = []
input read after innermost_dim_sum handling: 1
Level: DRAM, Layer 0: after no Spatial, Input in_reads = 300, i = -1, innermost_dim_sum = None
input remaining dim in actual_dataflow_per_layer[0][:0]: []
actual_dataflow_per_layer[0]: [], i = -1
Level: DRAM, Layer 0: final Input in_reads = 300


Initialization Level: DRAM: w_reads = 1, per_layer_w_reads = {0: 1, 1: 1}
actual_dataflow_per_layer[0] = [], flat_weight_coupling[0] = ['Z', 'C0', 'R0', 'S0']
tile size for each dim of actual_dataflow_per_layer[0]: []
Level: DRAM: innermost_dim_sum = None, i = -1, actual_dataflow = ['P', 'Q', 'C1']
weight layer 0 read after innermost_dim_sum handling: 1
innermost_dim_sum: None, dim_sum: dim_sum in self.arch.coupling.getWeightCoupling(0) if dim_sum is not innermost_dim_sum: [['Z'], ['C0'], ['R0'], ['S0']]
self.tile_size[dim] for dim in dim_sum: [[4], [3], [3], [3]]
weight layer 0 read after no next_spatials handling: 108
weight layer 0 read after next_spatials handling: 108
weight remaining dim in actual_dataflow_per_layer[0][:0]: []
actual_dataflow_per_layer[0]: [], i = -1
Level: DRAM, Layer 0: final Weight layer_read = 108
actual_dataflow_per_layer[1] = ['P', 'Q', 'C1'], flat_weight_coupling[1] = ['C2', 'C1', 'R1', 'S1']
tile size for each dim of actual_dataflow_per_layer[1]: [3, 2, 2]
Level: DRAM: innermost_dim_sum = None, i = 2, actual_dataflow = ['P', 'Q', 'C1']
weight layer 1 read after innermost_dim_sum handling: 1
innermost_dim_sum: None, dim_sum: dim_sum in self.arch.coupling.getWeightCoupling(1) if dim_sum is not innermost_dim_sum: [['C2'], ['C1'], ['R1'], ['S1']]
self.tile_size[dim] for dim in dim_sum: [[2], [2], [3], [3]]
weight layer 1 read after no next_spatials handling: 36
weight layer 1 read after next_spatials handling: 36
weight remaining dim in actual_dataflow_per_layer[1][:3]: ['P', 'Q', 'C1']
actual_dataflow_per_layer[1]: ['P', 'Q', 'C1'], i = 2
Level: DRAM, Layer 1: final Weight layer_read = 432

Initialization Level: DRAM, Layer 0: int_in_reads = 1, per_layer_int_in_reads = {0: 1}
actual_dataflow_per_layer[1] = ['P', 'Q', 'C1'], flat_intermediate_input_coupling[0] = ['C1', 'P', 'R1', 'Q', 'S1']
tile size for each dim of actual_dataflow_per_layer[1]: [3, 2, 2]
Level: DRAM: innermost_dim_sum = None, i = 2, actual_dataflow = ['P', 'Q', 'C1']
layer read after innermost_dim_sum handling: 1
innermost_dim_sum: None, dim_sum: dim_sum in self.arch.coupling.getIntermediateInputCoupling(0) if dim_sum is not innermost_dim_sum: [['C1'], ['P', 'R1'], ['Q', 'S1']]
self.tile_size[dim] for dim in dim_sum: [[2], [3, 3], [2, 3]]
intermediate in layer 0 read after no next_spatials handling: 40
intermediate in remaining dim in actual_dataflow_per_layer[1][:3]: ['P', 'Q', 'C1']
intermediate in layer 0 final read: 480

Initialization Level: DRAM, Layer 0: int_out_reads = 1, per_layer_int_out_reads = {0: 1}
actual_dataflow_per_layer[0] = [], flat_intermediate_output_coupling[0] = ['Z', 'Y', 'X']
tile size for each dim of actual_dataflow_per_layer[0]: []
Level: DRAM: innermost_dim_sum = None, i = -1, actual_dataflow = []
layer read after innermost_dim_sum handling: 1
innermost_dim_sum: None, dim_sum: dim_sum in self.arch.coupling.getIntermediateOutputCoupling(0) if dim_sum is not innermost_dim_sum: [['Z'], ['Y'], ['X']]
self.tile_size[dim] for dim in dim_sum: [[4], [8], [8]]
intermediate out layer 0 read after no next_spatials handling: 256
intermediate out remaining dim in actual_dataflow_per_layer[0][:0]: []
intermediate out layer 0 final read: 256
Initialization Level: DRAM, Layer 1: out_reads = 1, innermost_dim_sum = None, i = 2, actual_dataflow = ['P', 'Q', 'C1']
out layer read after innermost_dim_sum handling: 1
innermost_dim_sum: None, dim_sum: dim_sum in self.arch.coupling.out_coupling if dim_sum is not innermost_dim_sum: [['C2'], ['P'], ['Q']]
self.tile_size[dim] for dim in dim_sum: [[2], [3], [2]]
output layer 1 read after no next_spatials handling: 12
out remaining dim in actual_dataflow_per_layer[1][:2]: ['P', 'Q']
actual_dataflow_per_layer[0]: [], i = 1
output layer 1 final read: 72, out_reads_factors (orthogonal to output) = 1

BEFORE BYPASS: ignore_bypasses: False, In reads: 300, Per Layer W Reads: {0: 108, 1: 432}, w_reads: 540,
 Per Layer Intermediate Input reads: {0: 480}, int_in_reads: 480, Per Layer Intermediate Output reads: {0: 256}, int_out_reads: 256, Out reads: 72
ignore_bypasses: False, self.next_spatial.names: []
I AM HANDLING BYPASS NOW


Level: DRAM: Operand = in


Level: DRAM: Operand = w


Level: DRAM: Operand = out


Level: DRAM: Operand = int
AFTER BYPASS of all operands:  DRAM: in_reads: 300, per_layer_w_reads: {0: 108, 1: 432}, w_reads: 540, per_layer_int_in_reads: {0: 480}, int_in_reads: 480, per_layer_int_out_reads: {0: 256}, int_out_reads: 256, out_reads: 72, out_writes: 72, out_reads_factors: 1

After Spatials: Level: DRAM: MOPs in_reads = 300, per_layer_w_reads = {0: 108, 1: 432}, w_reads = 540, per_layer_int_in_reads = {0: 480}, int_in_reads = 480, per_layer_int_out_reads = {0: 256}, int_out_reads = 256, out_reads = 72, out_writes = 72, out_reads_factors = 1

End MOPs with Bypasses for Level: DRAM


DEBUG updateStats pre scaling: Level DRAM:
  in_reads: 300
  per_layer_w_reads: {0: 108, 1: 432}
  w_reads: 540
  per_layer_int_in_reads: {0: 480}
  per_layer_int_out_reads: {0: 256}
  out_reads: 72
  out_reads_factors: 1
temporal_iterations_per_layer before update: {0: 1, 1: 1}, spatial_iterations_per_layer before update: {0: 1, 1: 1}
scale per layer: {0: 1, 1: 1}
scaled in_reads: 300
scaled per_layer_w_reads before sum: {0: 108, 1: 432}
scaled per_layer_int_in_reads before sum: {0: 480}
scaled per_layer_int_out_reads before sum: {0: 256}
scaled out_reads: 72
DEBUG updateStats post scaling: Level DRAM:
  in_reads: 300
  per_layer_w_reads: {0: 108, 1: 432}
  w_reads: 540
  per_layer_int_in_reads: {0: 480}
  int_in_reads: 480
  per_layer_int_out_reads: {0: 256}
  int_out_reads: 256
  out_reads: 0
  out_reads_factors: 1
Updated considering level: DRAM, this dim: C0 is considered in temporal_iterations_per_layer[0]
Updated considering level: DRAM, this dim: Y is considered in temporal_iterations_per_layer[0]
Updated considering level: DRAM, this dim: X is considered in temporal_iterations_per_layer[0]
Updated considering level: DRAM, this dim: R0 is considered in temporal_iterations_per_layer[0]
Updated considering level: DRAM, this dim: S0 is considered in temporal_iterations_per_layer[0]
Updated considering level: DRAM, this dim: Z is considered in temporal_iterations_per_layer[0]
Updated considering level: DRAM, this dim: R1 is considered in temporal_iterations_per_layer[1]
Updated considering level: DRAM, this dim: S1 is considered in temporal_iterations_per_layer[1]
Updated considering level: DRAM, this dim: C2 is considered in temporal_iterations_per_layer[1]
Updated considering level: DRAM, this dim: P is considered in temporal_iterations_per_layer[1]
Updated considering level: DRAM, this dim: Q is considered in temporal_iterations_per_layer[1]
Updated considering level: DRAM, this dim: C1 is considered in temporal_iterations_per_layer[1]


Questo mops è chiamato da update stats
Level: GlobalBuffer, arch bypasses for the level: [], in_bp: 1, w_bp: 0, out_bp: 0, int_bp: 1
arch.name: Fixed Multi-Layer Convolution Architecture with Mapping Constraints, level.name: GlobalBuffer
Level: GlobalBuffer: Starting MOPs calculation with in_bp: 1, w_bp: 0, out_bp: 0, int_bp: 1, ignore_bypasses: False, dataflow: ['C0', 'R0', 'S0', 'Z', 'C1', 'S1', 'C2', 'Q', 'P', 'X', 'R1', 'Y'], factors: {C0: {}, Y: {2: 2}, X: {2: 1}, R0: {}, S0: {}, Z: {}, C1: {}, R1: {3: 1}, S1: {}, C2: {}, P: {3: 1}, Q: {}}, tile_sizes: {C0: 3, Y: 2, X: 4, R0: 3, S0: 3, Z: 4, C1: 2, R1: 1, S1: 3, C2: 2, P: 1, Q: 2}, factors_constraints: {'P': 3, 'X': 2, 'R1': 3, 'Y': 4}, bypasses: [], multiple_buffering: 1, multiple_reuses: True
actual_dataflow_per_layer[0]: ['X', 'Y']
actual_dataflow_per_layer[1]: ['P', 'R1']
Level: GlobalBuffer: actual_dataflow_per_layer: {0: ['X', 'Y'], 1: ['P', 'R1']}, actual_dataflow: ['P', 'X', 'R1', 'Y'], dataflow: ['C0', 'R0', 'S0', 'Z', 'C1', 'S1', 'C2', 'Q', 'P', 'X', 'R1', 'Y'], factors: {C0: {}, Y: {2: 2}, X: {2: 1}, R0: {}, S0: {}, Z: {}, C1: {}, R1: {3: 1}, S1: {}, C2: {}, P: {3: 1}, Q: {}}, num layers: 2
tile size for each dim in actual_dataflow: [('P', 1), ('X', 4), ('R1', 1), ('Y', 2)]
tile size for each dim in actual_dataflow-per_layer[0]: [('X', 4), ('Y', 2)]
tile size for each dim in actual_dataflow_per_layer[1]: [('P', 1), ('R1', 1)]


Stationarity calculation for Level: GlobalBuffer: in_bp = 1, w_bp = 0, int_bp = 1, out_bp = 0


Initialization Level: GlobalBuffer: in_reads = 1
Level: GlobalBuffer: flat_in_coupling = ['C0', 'Y', 'R0', 'X', 'S0'], i = 1, actual_dataflow_per_layer[0] = ['X', 'Y']
input read after innermost_dim_sum handling: 1
innermost_dim_sum: None, next_spatial_unroll: {'C0': 1, 'Y': 2, 'R0': 1, 'X': 1, 'S0': 1}
tile sizes[dim] for dim in dim_sum: [[3], [2, 3], [4, 3]]
Level: GlobalBuffer, Layer 0: after Spatial, Input in_reads = 108, i = 1, innermost_dim_sum = None
input remaining dim in actual_dataflow_per_layer[0][:2]: ['X', 'Y']
actual_dataflow_per_layer[0]: ['X', 'Y'], i = 1
Level: GlobalBuffer, Layer 0: final Input in_reads = 864


Initialization Level: GlobalBuffer, Layer 0: int_in_reads = 1, per_layer_int_in_reads = {0: 1}
actual_dataflow_per_layer[1] = ['P', 'R1'], flat_intermediate_input_coupling[0] = ['C1', 'P', 'R1', 'Q', 'S1']
tile size for each dim of actual_dataflow_per_layer[1]: [1, 1]
Level: GlobalBuffer: innermost_dim_sum = ['P', 'R1'], i = 1, actual_dataflow = ['P', 'X', 'R1', 'Y']
self.factors.dimProduct(actual_dataflow_per_layer[1][1]): 3, self.tile_sizes[actual_dataflow_per_layer[1][1]]: 1
[self.tile_sizes[dim] for dim in innermost_dim_sum if dim != actual_dataflow_per_layer[1][1]]: [1]
layer read after innermost_dim_sum handling: 3
innermost_dim_sum: ['P', 'R1'], next_spatial_unroll: {'C1': 2, 'P': 1, 'R1': 1, 'Q': 2, 'S1': 1}
 dims in dim_sum: [['C1'], ['Q', 'S1']]
tile sizes[dim] for dim in dim_sum: [[2], [2, 3]]
intermediate in layer 0 read after next_spatials handling: 36
intermediate in remaining dim in actual_dataflow_per_layer[1][:1]: ['P']
intermediate in layer 0 final read: 108

Initialization Level: GlobalBuffer, Layer 0: int_out_reads = 1, per_layer_int_out_reads = {0: 1}
actual_dataflow_per_layer[0] = ['X', 'Y'], flat_intermediate_output_coupling[0] = ['Z', 'Y', 'X']
tile size for each dim of actual_dataflow_per_layer[0]: [4, 2]
Level: GlobalBuffer: innermost_dim_sum = None, i = 1, actual_dataflow = ['X', 'Y']
layer read after innermost_dim_sum handling: 1
innermost_dim_sum: None, next_spatial_unroll: {'Z': 1, 'Y': 2, 'X': 1}
tile sizes[dim] for dim in dim_sum: [[4], [2], [4]]
intermediate out layer 0 read after next_spatials handling: 32
intermediate out remaining dim in actual_dataflow_per_layer[0][:2]: ['X', 'Y']
intermediate out layer 0 final read: 256

BEFORE BYPASS: ignore_bypasses: False, In reads: 864, Per Layer W Reads: {0: 0, 1: 0}, w_reads: 0,
 Per Layer Intermediate Input reads: {0: 108}, int_in_reads: 108, Per Layer Intermediate Output reads: {0: 256}, int_out_reads: 256, Out reads: 0
ignore_bypasses: False, self.next_spatial.names: ['SACols', 'SARows']
I AM HANDLING BYPASS NOW


Level: GlobalBuffer: Operand = in


Level: GlobalBuffer: Operand = w
Final level name before not bypassing: InRegister
I call MOPs on InRegister
arch.name: Fixed Multi-Layer Convolution Architecture with Mapping Constraints, level.name: InRegister
Level (handling bypass): InRegister: Starting MOPs calculation with in_bp: False, w_bp: True, out_bp: False, int_bp: False, dataflow: ['C0', 'Y', 'X', 'R0', 'S0', 'C1', 'R1', 'C2', 'P', 'Q', 'Z', 'S1'], factors: {C0: {}, Y: {}, X: {}, R0: {}, S0: {}, Z: {2: 2}, C1: {}, R1: {}, S1: {3: 1}, C2: {}, P: {}, Q: {}}, tile_sizes: {C0: 3, Y: 1, X: 4, R0: 3, S0: 3, Z: 1, C1: 1, R1: 1, S1: 1, C2: 2, P: 1, Q: 1}, factors_constraints: {'S1': 3, 'Z': 4}, bypasses: ['w', 'out'], multiple_buffering: 1, multiple_reuses: True
actual_dataflow_per_layer[0]: ['Z']
actual_dataflow_per_layer[1]: ['S1']
Level: InRegister: actual_dataflow_per_layer: {0: ['Z'], 1: ['S1']}, actual_dataflow: ['Z', 'S1'], dataflow: ['C0', 'Y', 'X', 'R0', 'S0', 'C1', 'R1', 'C2', 'P', 'Q', 'Z', 'S1'], factors: {C0: {}, Y: {}, X: {}, R0: {}, S0: {}, Z: {2: 2}, C1: {}, R1: {}, S1: {3: 1}, C2: {}, P: {}, Q: {}}, num layers: 2
tile size for each dim in actual_dataflow: [('Z', 1), ('S1', 1)]
tile size for each dim in actual_dataflow-per_layer[0]: [('Z', 1)]
tile size for each dim in actual_dataflow_per_layer[1]: [('S1', 1)]


Stationarity calculation for Level: InRegister: in_bp = False, w_bp = True, int_bp = False, out_bp = False


Initialization Level: InRegister: w_reads = 1, per_layer_w_reads = {0: 1, 1: 1}
actual_dataflow_per_layer[0] = ['Z'], flat_weight_coupling[0] = ['Z', 'C0', 'R0', 'S0']
tile size for each dim of actual_dataflow_per_layer[0]: [1]
Level: InRegister: innermost_dim_sum = None, i = 0, actual_dataflow = ['Z', 'S1']
weight layer 0 read after innermost_dim_sum handling: 1
innermost_dim_sum: None, dim_sum: dim_sum in self.arch.coupling.getWeightCoupling(0) if dim_sum is not innermost_dim_sum: [['Z'], ['C0'], ['R0'], ['S0']]
self.tile_size[dim] for dim in dim_sum: [[1], [3], [3], [3]]
weight layer 0 read after no next_spatials handling: 27
weight layer 0 read after next_spatials handling: 27
weight remaining dim in actual_dataflow_per_layer[0][:1]: ['Z']
actual_dataflow_per_layer[0]: ['Z'], i = 0
Level: InRegister, Layer 0: final Weight layer_read = 108
actual_dataflow_per_layer[1] = ['S1'], flat_weight_coupling[1] = ['C2', 'C1', 'R1', 'S1']
tile size for each dim of actual_dataflow_per_layer[1]: [1]
Level: InRegister: innermost_dim_sum = None, i = 0, actual_dataflow = ['Z', 'S1']
weight layer 1 read after innermost_dim_sum handling: 1
innermost_dim_sum: None, dim_sum: dim_sum in self.arch.coupling.getWeightCoupling(1) if dim_sum is not innermost_dim_sum: [['C2'], ['C1'], ['R1'], ['S1']]
self.tile_size[dim] for dim in dim_sum: [[2], [1], [1], [1]]
weight layer 1 read after no next_spatials handling: 2
weight layer 1 read after next_spatials handling: 2
weight remaining dim in actual_dataflow_per_layer[1][:1]: ['S1']
actual_dataflow_per_layer[1]: ['S1'], i = 0
Level: InRegister, Layer 1: final Weight layer_read = 6

BEFORE BYPASS: ignore_bypasses: True, In reads: 0, Per Layer W Reads: {0: 108, 1: 6}, w_reads: 114,
 Per Layer Intermediate Input reads: {0: 0}, int_in_reads: 0, Per Layer Intermediate Output reads: {0: 0}, int_out_reads: 0, Out reads: 0
ignore_bypasses: True, self.next_spatial.names: []
After Spatials: Level: InRegister: MOPs in_reads = 0, per_layer_w_reads = {0: 108, 1: 6}, w_reads = 114, per_layer_int_in_reads = {0: 0}, int_in_reads = 0, per_layer_int_out_reads = {0: 0}, int_out_reads = 0, out_reads = 0, out_writes = 0, out_reads_factors = 0

After non recursive call for Level: InRegister: MOPs for per_layer_int_in_reads_bp={0: 0} in_bp=0, per_layer_w_reads_bp={0: 108, 1: 6} w_bp=114, out_bp=0, ignore_bypasses=True (bypass operand w)
I'm going from the down (Compute) to the top
Level: GlobalBuffer: in_btwn = SARows, stationarity_to_address = False, in_reads_bp = 0, w_reads_bp = 114, out_reads_bp = 0, ignore_bypasses = False
in_btwn Level: SARows, not MemLevel
SONO IN MULBYDIM self.name: SARows in_reads: 0, per_layer_w_reads: {0: 108, 1: 6}, out_reads: 0, out_writes: 0, per_layer_int_in_reads: {0: 0}, per_layer_int_out_reads: {0: 0}, per_layer_int_out_writes: {0: 0}
per_layer_w_reads after non-selective multicast: {0: 108, 1: 12}
in_btwn: MOPs results: in_reads_bp: 0, per_layer_w_reads_bp: {0: 108, 1: 12}, w_reads_bp: 120, int_out_reads_bp: 0, int_in_reads_bp: 0, out_reads_bp: 0
I'm going from the down (Compute) to the top
Level: GlobalBuffer: in_btwn = SACols, stationarity_to_address = False, in_reads_bp = 0, w_reads_bp = 120, out_reads_bp = 0, ignore_bypasses = False
in_btwn Level: SACols, not MemLevel
SONO IN MULBYDIM self.name: SACols in_reads: 0, per_layer_w_reads: {0: 108, 1: 12}, out_reads: 0, out_writes: 0, per_layer_int_in_reads: {0: 0}, per_layer_int_out_reads: {0: 0}, per_layer_int_out_writes: {0: 0}
per_layer_w_reads after non-selective multicast: {0: 108, 1: 12}
in_btwn: MOPs results: in_reads_bp: 0, per_layer_w_reads_bp: {0: 108, 1: 12}, w_reads_bp: 120, int_out_reads_bp: 0, int_in_reads_bp: 0, out_reads_bp: 0
End inbtwn
Now I will do MyLevel: GlobalBuffer: MOPs for per_layer_w_reads_bp={0: 108, 1: 12}, in_bp=0, per_layer_w_reads_bp={0: 108, 1: 12}, w_bp=120, out_bp=0, stationarity_to_address=False (bypass operand w)
Level: GlobalBuffer: stationarity_to_address is False, dataflow handled among inner loops
Before: per_layer_w_reads_bp[0] = 108
After: per_layer_w_reads_bp[0] = 864
Before: per_layer_w_reads_bp[1] = 12
After: per_layer_w_reads_bp[1] = 108
per_layer_w_reads_before_bypass_layer_idx[0]: 0, per_layer_w_reads_bp_layer_idx[0]: 864
per_layer_w_reads_before_bypass_layer_idx[1]: 0, per_layer_w_reads_bp_layer_idx[1]: 108


Level: GlobalBuffer: Operand = out
Final level name before not bypassing: WRegister
I call MOPs on WRegister
arch.name: Fixed Multi-Layer Convolution Architecture with Mapping Constraints, level.name: WRegister
Level (handling bypass): WRegister: Starting MOPs calculation with in_bp: False, w_bp: False, out_bp: True, int_bp: False, dataflow: ['C2', 'C0', 'Y', 'X', 'R0', 'S0', 'Z', 'C1', 'R1', 'S1', 'P', 'Q'], factors: {C0: {}, Y: {}, X: {}, R0: {}, S0: {}, Z: {}, C1: {}, R1: {}, S1: {}, C2: {2: 1}, P: {}, Q: {}}, tile_sizes: {C0: 3, Y: 1, X: 4, R0: 3, S0: 3, Z: 1, C1: 1, R1: 1, S1: 1, C2: 1, P: 1, Q: 1}, factors_constraints: {'C2': 2}, bypasses: ['in', 'int', 'out'], multiple_buffering: 1, multiple_reuses: True
actual_dataflow_per_layer[0]: []
actual_dataflow_per_layer[1]: ['C2']
Level: WRegister: actual_dataflow_per_layer: {0: [], 1: ['C2']}, actual_dataflow: ['C2'], dataflow: ['C2', 'C0', 'Y', 'X', 'R0', 'S0', 'Z', 'C1', 'R1', 'S1', 'P', 'Q'], factors: {C0: {}, Y: {}, X: {}, R0: {}, S0: {}, Z: {}, C1: {}, R1: {}, S1: {}, C2: {2: 1}, P: {}, Q: {}}, num layers: 2
tile size for each dim in actual_dataflow: [('C2', 1)]
tile size for each dim in actual_dataflow-per_layer[0]: []
tile size for each dim in actual_dataflow_per_layer[1]: [('C2', 1)]


Stationarity calculation for Level: WRegister: in_bp = False, w_bp = False, int_bp = False, out_bp = True

Initialization Level: WRegister, Layer 1: out_reads = 1, innermost_dim_sum = None, i = 0, actual_dataflow = ['C2']
out layer read after innermost_dim_sum handling: 1
innermost_dim_sum: None, dim_sum: dim_sum in self.arch.coupling.out_coupling if dim_sum is not innermost_dim_sum: [['C2'], ['P'], ['Q']]
self.tile_size[dim] for dim in dim_sum: [[1], [1], [1]]
output layer 1 read after no next_spatials handling: 1
out remaining dim in actual_dataflow_per_layer[1][:1]: ['C2']
actual_dataflow_per_layer[0]: [], i = 0
output layer 1 final read: 2, out_reads_factors (orthogonal to output) = 1

BEFORE BYPASS: ignore_bypasses: True, In reads: 0, Per Layer W Reads: {0: 0, 1: 0}, w_reads: 0,
 Per Layer Intermediate Input reads: {0: 0}, int_in_reads: 0, Per Layer Intermediate Output reads: {0: 0}, int_out_reads: 0, Out reads: 2
ignore_bypasses: True, self.next_spatial.names: []
After Spatials: Level: WRegister: MOPs in_reads = 0, per_layer_w_reads = {0: 0, 1: 0}, w_reads = 0, per_layer_int_in_reads = {0: 0}, int_in_reads = 0, per_layer_int_out_reads = {0: 0}, int_out_reads = 0, out_reads = 2, out_writes = 2, out_reads_factors = 1

After non recursive call for Level: WRegister: MOPs for per_layer_int_in_reads_bp={0: 0} in_bp=0, per_layer_w_reads_bp={0: 0, 1: 0} w_bp=0, out_bp=2, ignore_bypasses=True (bypass operand out)
I'm going from the down (Compute) to the top
Level: GlobalBuffer: in_btwn = InRegister, stationarity_to_address = False, in_reads_bp = 0, w_reads_bp = 0, out_reads_bp = 2, ignore_bypasses = False
I'm going from the down (Compute) to the top
Level: GlobalBuffer: in_btwn = SARows, stationarity_to_address = False, in_reads_bp = 0, w_reads_bp = 0, out_reads_bp = 2, ignore_bypasses = False
in_btwn Level: SARows, not MemLevel
SONO IN MULBYDIM self.name: SARows in_reads: 0, per_layer_w_reads: {0: 0, 1: 0}, out_reads: 2, out_writes: 2, per_layer_int_in_reads: {0: 0}, per_layer_int_out_reads: {0: 0}, per_layer_int_out_writes: {0: 0}
per_layer_w_reads after non-selective multicast: {0: 0, 1: 0}
in_btwn: MOPs results: in_reads_bp: 0, per_layer_w_reads_bp: {0: 0, 1: 0}, w_reads_bp: 0, int_out_reads_bp: 0, int_in_reads_bp: 0, out_reads_bp: 2
I'm going from the down (Compute) to the top
Level: GlobalBuffer: in_btwn = SACols, stationarity_to_address = False, in_reads_bp = 0, w_reads_bp = 0, out_reads_bp = 2, ignore_bypasses = False
in_btwn Level: SACols, not MemLevel
SONO IN MULBYDIM self.name: SACols in_reads: 0, per_layer_w_reads: {0: 0, 1: 0}, out_reads: 2, out_writes: 2, per_layer_int_in_reads: {0: 0}, per_layer_int_out_reads: {0: 0}, per_layer_int_out_writes: {0: 0}
per_layer_w_reads after non-selective multicast: {0: 0, 1: 0}
in_btwn: MOPs results: in_reads_bp: 0, per_layer_w_reads_bp: {0: 0, 1: 0}, w_reads_bp: 0, int_out_reads_bp: 0, int_in_reads_bp: 0, out_reads_bp: 4
End inbtwn
Now I will do MyLevel: GlobalBuffer: MOPs for per_layer_w_reads_bp={0: 0, 1: 0}, in_bp=0, per_layer_w_reads_bp={0: 0, 1: 0}, w_bp=0, out_bp=4, stationarity_to_address=False (bypass operand out)
per_layer_w_reads_before_bypass_layer_idx[0]: 864, per_layer_w_reads_bp_layer_idx[0]: 0
per_layer_w_reads_before_bypass_layer_idx[1]: 108, per_layer_w_reads_bp_layer_idx[1]: 0


Level: GlobalBuffer: Operand = int
AFTER BYPASS of all operands:  GlobalBuffer: in_reads: 864, per_layer_w_reads: {0: 864, 1: 108}, w_reads: 972, per_layer_int_in_reads: {0: 108}, int_in_reads: 108, per_layer_int_out_reads: {0: 256}, int_out_reads: 256, out_reads: 36, out_writes: 36, out_reads_factors: 288

spatial_level: SACols, spatial_level.dataflow: ['Y', 'Q'], spatial_level.factors: {C0: {}, Y: {2: 1}, X: {}, R0: {}, S0: {}, Z: {}, C1: {}, R1: {}, S1: {}, C2: {}, P: {}, Q: {2: 1}}
spatial_level: SARows, spatial_level.dataflow: ['C1'], spatial_level.factors: {C0: {}, Y: {}, X: {}, R0: {}, S0: {}, Z: {}, C1: {2: 1}, R1: {}, S1: {}, C2: {}, P: {}, Q: {}}
After Spatials: Level: GlobalBuffer: MOPs in_reads = 864, per_layer_w_reads = {0: 864, 1: 108}, w_reads = 972, per_layer_int_in_reads = {0: 108}, int_in_reads = 108, per_layer_int_out_reads = {0: 256}, int_out_reads = 256, out_reads = 36, out_writes = 36, out_reads_factors = 288

End MOPs with Bypasses for Level: GlobalBuffer


DEBUG updateStats pre scaling: Level GlobalBuffer:
  in_reads: 864
  per_layer_w_reads: {0: 864, 1: 108}
  w_reads: 972
  per_layer_int_in_reads: {0: 108}
  per_layer_int_out_reads: {0: 256}
  out_reads: 36
  out_reads_factors: 288
temporal_iterations_per_layer before update: {0: 1, 1: 12}, spatial_iterations_per_layer before update: {0: 1, 1: 1}
scale per layer: {0: 1, 1: 12}
scaled in_reads: 864
scaled per_layer_w_reads before sum: {0: 864, 1: 1296}
scaled per_layer_int_in_reads before sum: {0: 1296}
scaled per_layer_int_out_reads before sum: {0: 256}
scaled out_reads: 432
DEBUG updateStats post scaling: Level GlobalBuffer:
  in_reads: 864
  per_layer_w_reads: {0: 864, 1: 1296}
  w_reads: 2160
  per_layer_int_in_reads: {0: 1296}
  int_in_reads: 1296
  per_layer_int_out_reads: {0: 256}
  int_out_reads: 256
  out_reads: 503
  out_reads_factors: 576
Updated considering level: GlobalBuffer, this dim: C0 is considered in temporal_iterations_per_layer[0]
Updated considering level: GlobalBuffer, this dim: R0 is considered in temporal_iterations_per_layer[0]
Updated considering level: GlobalBuffer, this dim: S0 is considered in temporal_iterations_per_layer[0]
Updated considering level: GlobalBuffer, this dim: Z is considered in temporal_iterations_per_layer[0]
Updated considering level: GlobalBuffer, this dim: X is considered in temporal_iterations_per_layer[0]
Updated considering level: GlobalBuffer, this dim: Y is considered in temporal_iterations_per_layer[0]
Updated considering level: GlobalBuffer, this dim: C1 is considered in temporal_iterations_per_layer[1]
Updated considering level: GlobalBuffer, this dim: S1 is considered in temporal_iterations_per_layer[1]
Updated considering level: GlobalBuffer, this dim: C2 is considered in temporal_iterations_per_layer[1]
Updated considering level: GlobalBuffer, this dim: Q is considered in temporal_iterations_per_layer[1]
Updated considering level: GlobalBuffer, this dim: P is considered in temporal_iterations_per_layer[1]
Updated considering level: GlobalBuffer, this dim: R1 is considered in temporal_iterations_per_layer[1]
Updated considering level: SACols, this dim: Q is considered in spatial_iterations_per_layer[1]
Updated considering level: SARows, this dim: C1 is considered in spatial_iterations_per_layer[1]


Questo mops è chiamato da update stats
Level: InRegister, arch bypasses for the level: ['w', 'out'], in_bp: 0, w_bp: 0, out_bp: 0, int_bp: 0
arch.name: Fixed Multi-Layer Convolution Architecture with Mapping Constraints, level.name: InRegister
Level: InRegister: Starting MOPs calculation with in_bp: 0, w_bp: 0, out_bp: 0, int_bp: 0, ignore_bypasses: False, dataflow: ['C0', 'Y', 'X', 'R0', 'S0', 'C1', 'R1', 'C2', 'P', 'Q', 'Z', 'S1'], factors: {C0: {}, Y: {}, X: {}, R0: {}, S0: {}, Z: {2: 2}, C1: {}, R1: {}, S1: {3: 1}, C2: {}, P: {}, Q: {}}, tile_sizes: {C0: 3, Y: 1, X: 4, R0: 3, S0: 3, Z: 1, C1: 1, R1: 1, S1: 1, C2: 2, P: 1, Q: 1}, factors_constraints: {'S1': 3, 'Z': 4}, bypasses: ['w', 'out'], multiple_buffering: 1, multiple_reuses: True
actual_dataflow_per_layer[0]: ['Z']
actual_dataflow_per_layer[1]: ['S1']
Level: InRegister: actual_dataflow_per_layer: {0: ['Z'], 1: ['S1']}, actual_dataflow: ['Z', 'S1'], dataflow: ['C0', 'Y', 'X', 'R0', 'S0', 'C1', 'R1', 'C2', 'P', 'Q', 'Z', 'S1'], factors: {C0: {}, Y: {}, X: {}, R0: {}, S0: {}, Z: {2: 2}, C1: {}, R1: {}, S1: {3: 1}, C2: {}, P: {}, Q: {}}, num layers: 2
tile size for each dim in actual_dataflow: [('Z', 1), ('S1', 1)]
tile size for each dim in actual_dataflow-per_layer[0]: [('Z', 1)]
tile size for each dim in actual_dataflow_per_layer[1]: [('S1', 1)]


Stationarity calculation for Level: InRegister: in_bp = 0, w_bp = 0, int_bp = 0, out_bp = 0


BEFORE BYPASS: ignore_bypasses: False, In reads: 0, Per Layer W Reads: {0: 0, 1: 0}, w_reads: 0,
 Per Layer Intermediate Input reads: {0: 0}, int_in_reads: 0, Per Layer Intermediate Output reads: {0: 0}, int_out_reads: 0, Out reads: 0
ignore_bypasses: False, self.next_spatial.names: []
I AM HANDLING BYPASS NOW


Level: InRegister: Operand = in
Final level name before not bypassing: OutRegister
I call MOPs on OutRegister
arch.name: Fixed Multi-Layer Convolution Architecture with Mapping Constraints, level.name: OutRegister
Level (handling bypass): OutRegister: Starting MOPs calculation with in_bp: True, w_bp: False, out_bp: False, int_bp: False, dataflow: ['Y', 'Z', 'C1', 'R1', 'S1', 'C2', 'P', 'Q', 'X', 'S0', 'R0', 'C0'], factors: {C0: {3: 1}, Y: {}, X: {2: 2}, R0: {3: 1}, S0: {3: 1}, Z: {}, C1: {}, R1: {}, S1: {}, C2: {}, P: {}, Q: {}}, tile_sizes: {C0: 1, Y: 1, X: 1, R0: 1, S0: 1, Z: 1, C1: 1, R1: 1, S1: 1, C2: 1, P: 1, Q: 1}, factors_constraints: {'X': 4, 'S0': 3, 'R0': 3, 'C0': 3}, bypasses: ['in', 'w'], multiple_buffering: 1, multiple_reuses: True
actual_dataflow_per_layer[0]: ['X', 'S0', 'R0', 'C0']
actual_dataflow_per_layer[1]: []
Level: OutRegister: actual_dataflow_per_layer: {0: ['X', 'S0', 'R0', 'C0'], 1: []}, actual_dataflow: ['X', 'S0', 'R0', 'C0'], dataflow: ['Y', 'Z', 'C1', 'R1', 'S1', 'C2', 'P', 'Q', 'X', 'S0', 'R0', 'C0'], factors: {C0: {3: 1}, Y: {}, X: {2: 2}, R0: {3: 1}, S0: {3: 1}, Z: {}, C1: {}, R1: {}, S1: {}, C2: {}, P: {}, Q: {}}, num layers: 2
tile size for each dim in actual_dataflow: [('X', 1), ('S0', 1), ('R0', 1), ('C0', 1)]
tile size for each dim in actual_dataflow-per_layer[0]: [('X', 1), ('S0', 1), ('R0', 1), ('C0', 1)]
tile size for each dim in actual_dataflow_per_layer[1]: []


Stationarity calculation for Level: OutRegister: in_bp = True, w_bp = False, int_bp = False, out_bp = False


Initialization Level: OutRegister: in_reads = 1
input read after innermost_dim_sum handling: 1
innermost_dim_sum: None, next_spatial_unroll: {'C0': 1, 'Y': 1, 'R0': 1, 'X': 1, 'S0': 1}
tile sizes[dim] for dim in dim_sum: [[1], [1, 1], [1, 1]]
Level: OutRegister, Layer 0: after Spatial, Input in_reads = 1, i = 3, innermost_dim_sum = None
input remaining dim in actual_dataflow_per_layer[0][:4]: ['X', 'S0', 'R0', 'C0']
actual_dataflow_per_layer[0]: ['X', 'S0', 'R0', 'C0'], i = 3
Level: OutRegister, Layer 0: final Input in_reads = 108


BEFORE BYPASS: ignore_bypasses: True, In reads: 108, Per Layer W Reads: {0: 0, 1: 0}, w_reads: 0,
 Per Layer Intermediate Input reads: {0: 0}, int_in_reads: 0, Per Layer Intermediate Output reads: {0: 0}, int_out_reads: 0, Out reads: 0
ignore_bypasses: True, self.next_spatial.names: ['Compute']
spatial_level: Compute, spatial_level.dataflow: [], spatial_level.factors: {C0: {}, Y: {}, X: {}, R0: {}, S0: {}, Z: {}, C1: {}, R1: {}, S1: {}, C2: {}, P: {}, Q: {}}
After Spatials: Level: OutRegister: MOPs in_reads = 108, per_layer_w_reads = {0: 0, 1: 0}, w_reads = 0, per_layer_int_in_reads = {0: 0}, int_in_reads = 0, per_layer_int_out_reads = {0: 0}, int_out_reads = 0, out_reads = 0, out_writes = 0, out_reads_factors = 0

After non recursive call for Level: OutRegister: MOPs for per_layer_int_in_reads_bp={0: 0} in_bp=108, per_layer_w_reads_bp={0: 0, 1: 0} w_bp=0, out_bp=0, ignore_bypasses=True (bypass operand in)
I'm going from the down (Compute) to the top
Level: InRegister: in_btwn = WRegister, stationarity_to_address = False, in_reads_bp = 108, w_reads_bp = 0, out_reads_bp = 0, ignore_bypasses = False
End inbtwn
Now I will do MyLevel: InRegister: MOPs for per_layer_w_reads_bp={0: 0, 1: 0}, in_bp=108, per_layer_w_reads_bp={0: 0, 1: 0}, w_bp=0, out_bp=0, stationarity_to_address=False (bypass operand in)
per_layer_w_reads_before_bypass_layer_idx[0]: 0, per_layer_w_reads_bp_layer_idx[0]: 0
per_layer_w_reads_before_bypass_layer_idx[1]: 0, per_layer_w_reads_bp_layer_idx[1]: 0


Level: InRegister: Operand = w


Level: InRegister: Operand = out


Level: InRegister: Operand = int
Final level name before not bypassing: WRegister
I call MOPs on WRegister
arch.name: Fixed Multi-Layer Convolution Architecture with Mapping Constraints, level.name: WRegister
Level (handling bypass): WRegister: Starting MOPs calculation with in_bp: False, w_bp: False, out_bp: False, int_bp: True, dataflow: ['C2', 'C0', 'Y', 'X', 'R0', 'S0', 'Z', 'C1', 'R1', 'S1', 'P', 'Q'], factors: {C0: {}, Y: {}, X: {}, R0: {}, S0: {}, Z: {}, C1: {}, R1: {}, S1: {}, C2: {2: 1}, P: {}, Q: {}}, tile_sizes: {C0: 3, Y: 1, X: 4, R0: 3, S0: 3, Z: 1, C1: 1, R1: 1, S1: 1, C2: 1, P: 1, Q: 1}, factors_constraints: {'C2': 2}, bypasses: ['in', 'int', 'out'], multiple_buffering: 1, multiple_reuses: True
actual_dataflow_per_layer[0]: []
actual_dataflow_per_layer[1]: ['C2']
Level: WRegister: actual_dataflow_per_layer: {0: [], 1: ['C2']}, actual_dataflow: ['C2'], dataflow: ['C2', 'C0', 'Y', 'X', 'R0', 'S0', 'Z', 'C1', 'R1', 'S1', 'P', 'Q'], factors: {C0: {}, Y: {}, X: {}, R0: {}, S0: {}, Z: {}, C1: {}, R1: {}, S1: {}, C2: {2: 1}, P: {}, Q: {}}, num layers: 2
tile size for each dim in actual_dataflow: [('C2', 1)]
tile size for each dim in actual_dataflow-per_layer[0]: []
tile size for each dim in actual_dataflow_per_layer[1]: [('C2', 1)]


Stationarity calculation for Level: WRegister: in_bp = False, w_bp = False, int_bp = True, out_bp = False


Initialization Level: WRegister, Layer 0: int_in_reads = 1, per_layer_int_in_reads = {0: 1}
actual_dataflow_per_layer[1] = ['C2'], flat_intermediate_input_coupling[0] = ['C1', 'P', 'R1', 'Q', 'S1']
tile size for each dim of actual_dataflow_per_layer[1]: [1]
Level: WRegister: innermost_dim_sum = None, i = -1, actual_dataflow = ['C2']
layer read after innermost_dim_sum handling: 1
innermost_dim_sum: None, dim_sum: dim_sum in self.arch.coupling.getIntermediateInputCoupling(0) if dim_sum is not innermost_dim_sum: [['C1'], ['P', 'R1'], ['Q', 'S1']]
self.tile_size[dim] for dim in dim_sum: [[1], [1, 1], [1, 1]]
intermediate in layer 0 read after no next_spatials handling: 1
intermediate in remaining dim in actual_dataflow_per_layer[1][:0]: []
intermediate in layer 0 final read: 1

Initialization Level: WRegister, Layer 0: int_out_reads = 1, per_layer_int_out_reads = {0: 1}
actual_dataflow_per_layer[0] = [], flat_intermediate_output_coupling[0] = ['Z', 'Y', 'X']
tile size for each dim of actual_dataflow_per_layer[0]: []
Level: WRegister: innermost_dim_sum = None, i = -1, actual_dataflow = []
layer read after innermost_dim_sum handling: 1
innermost_dim_sum: None, dim_sum: dim_sum in self.arch.coupling.getIntermediateOutputCoupling(0) if dim_sum is not innermost_dim_sum: [['Z'], ['Y'], ['X']]
self.tile_size[dim] for dim in dim_sum: [[1], [1], [4]]
intermediate out layer 0 read after no next_spatials handling: 4
intermediate out remaining dim in actual_dataflow_per_layer[0][:0]: []
intermediate out layer 0 final read: 4

BEFORE BYPASS: ignore_bypasses: True, In reads: 0, Per Layer W Reads: {0: 0, 1: 0}, w_reads: 0,
 Per Layer Intermediate Input reads: {0: 1}, int_in_reads: 1, Per Layer Intermediate Output reads: {0: 4}, int_out_reads: 4, Out reads: 0
ignore_bypasses: True, self.next_spatial.names: []
After Spatials: Level: WRegister: MOPs in_reads = 0, per_layer_w_reads = {0: 0, 1: 0}, w_reads = 0, per_layer_int_in_reads = {0: 1}, int_in_reads = 1, per_layer_int_out_reads = {0: 4}, int_out_reads = 4, out_reads = 0, out_writes = 0, out_reads_factors = 0

After non recursive call for Level: WRegister: MOPs for per_layer_int_in_reads_bp={0: 1} in_bp=0, per_layer_w_reads_bp={0: 0, 1: 0} w_bp=0, out_bp=0, ignore_bypasses=True (bypass operand int)
End inbtwn
Now I will do MyLevel: InRegister: MOPs for per_layer_w_reads_bp={0: 0, 1: 0}, in_bp=0, per_layer_w_reads_bp={0: 0, 1: 0}, w_bp=0, out_bp=0, stationarity_to_address=True (bypass operand int)
per_layer_w_reads_before_bypass_layer_idx[0]: 0, per_layer_w_reads_bp_layer_idx[0]: 0
per_layer_w_reads_before_bypass_layer_idx[1]: 0, per_layer_w_reads_bp_layer_idx[1]: 0
AFTER BYPASS of all operands:  InRegister: in_reads: 432, per_layer_w_reads: {0: 0, 1: 0}, w_reads: 0, per_layer_int_in_reads: {0: 3}, int_in_reads: 3, per_layer_int_out_reads: {0: 4}, int_out_reads: 4, out_reads: 0, out_writes: 0, out_reads_factors: 0

After Spatials: Level: InRegister: MOPs in_reads = 432, per_layer_w_reads = {0: 0, 1: 0}, w_reads = 0, per_layer_int_in_reads = {0: 3}, int_in_reads = 3, per_layer_int_out_reads = {0: 4}, int_out_reads = 4, out_reads = 0, out_writes = 0, out_reads_factors = 0

End MOPs with Bypasses for Level: InRegister


DEBUG updateStats pre scaling: Level InRegister:
  in_reads: 432
  per_layer_w_reads: {0: 0, 1: 0}
  w_reads: 0
  per_layer_int_in_reads: {0: 3}
  per_layer_int_out_reads: {0: 4}
  out_reads: 0
  out_reads_factors: 0
temporal_iterations_per_layer before update: {0: 8, 1: 108}, spatial_iterations_per_layer before update: {0: 2, 1: 4}
scale per layer: {0: 16, 1: 432}
scaled in_reads: 6912
scaled per_layer_w_reads before sum: {0: 0, 1: 0}
scaled per_layer_int_in_reads before sum: {0: 1296}
scaled per_layer_int_out_reads before sum: {0: 64}
scaled out_reads: 0
DEBUG updateStats post scaling: Level InRegister:
  in_reads: 6912
  per_layer_w_reads: {0: 0, 1: 0}
  w_reads: 0
  per_layer_int_in_reads: {0: 1296}
  int_in_reads: 1296
  per_layer_int_out_reads: {0: 64}
  int_out_reads: 64
  out_reads: 0
  out_reads_factors: 0
Updated considering level: InRegister, this dim: C0 is considered in temporal_iterations_per_layer[0]
Updated considering level: InRegister, this dim: Y is considered in temporal_iterations_per_layer[0]
Updated considering level: InRegister, this dim: X is considered in temporal_iterations_per_layer[0]
Updated considering level: InRegister, this dim: R0 is considered in temporal_iterations_per_layer[0]
Updated considering level: InRegister, this dim: S0 is considered in temporal_iterations_per_layer[0]
Updated considering level: InRegister, this dim: Z is considered in temporal_iterations_per_layer[0]
Updated considering level: InRegister, this dim: C1 is considered in temporal_iterations_per_layer[1]
Updated considering level: InRegister, this dim: R1 is considered in temporal_iterations_per_layer[1]
Updated considering level: InRegister, this dim: C2 is considered in temporal_iterations_per_layer[1]
Updated considering level: InRegister, this dim: P is considered in temporal_iterations_per_layer[1]
Updated considering level: InRegister, this dim: Q is considered in temporal_iterations_per_layer[1]
Updated considering level: InRegister, this dim: S1 is considered in temporal_iterations_per_layer[1]


Questo mops è chiamato da update stats
Level: WRegister, arch bypasses for the level: ['in', 'int', 'out'], in_bp: 0, w_bp: 0, out_bp: 0, int_bp: 0
arch.name: Fixed Multi-Layer Convolution Architecture with Mapping Constraints, level.name: WRegister
Level: WRegister: Starting MOPs calculation with in_bp: 0, w_bp: 0, out_bp: 0, int_bp: 0, ignore_bypasses: False, dataflow: ['C2', 'C0', 'Y', 'X', 'R0', 'S0', 'Z', 'C1', 'R1', 'S1', 'P', 'Q'], factors: {C0: {}, Y: {}, X: {}, R0: {}, S0: {}, Z: {}, C1: {}, R1: {}, S1: {}, C2: {2: 1}, P: {}, Q: {}}, tile_sizes: {C0: 3, Y: 1, X: 4, R0: 3, S0: 3, Z: 1, C1: 1, R1: 1, S1: 1, C2: 1, P: 1, Q: 1}, factors_constraints: {'C2': 2}, bypasses: ['in', 'int', 'out'], multiple_buffering: 1, multiple_reuses: True
actual_dataflow_per_layer[0]: []
actual_dataflow_per_layer[1]: ['C2']
Level: WRegister: actual_dataflow_per_layer: {0: [], 1: ['C2']}, actual_dataflow: ['C2'], dataflow: ['C2', 'C0', 'Y', 'X', 'R0', 'S0', 'Z', 'C1', 'R1', 'S1', 'P', 'Q'], factors: {C0: {}, Y: {}, X: {}, R0: {}, S0: {}, Z: {}, C1: {}, R1: {}, S1: {}, C2: {2: 1}, P: {}, Q: {}}, num layers: 2
tile size for each dim in actual_dataflow: [('C2', 1)]
tile size for each dim in actual_dataflow-per_layer[0]: []
tile size for each dim in actual_dataflow_per_layer[1]: [('C2', 1)]


Stationarity calculation for Level: WRegister: in_bp = 0, w_bp = 0, int_bp = 0, out_bp = 0


BEFORE BYPASS: ignore_bypasses: False, In reads: 0, Per Layer W Reads: {0: 0, 1: 0}, w_reads: 0,
 Per Layer Intermediate Input reads: {0: 0}, int_in_reads: 0, Per Layer Intermediate Output reads: {0: 0}, int_out_reads: 0, Out reads: 0
ignore_bypasses: False, self.next_spatial.names: []
I AM HANDLING BYPASS NOW


Level: WRegister: Operand = in


Level: WRegister: Operand = w
Final level name before not bypassing: OutRegister
I call MOPs on OutRegister
arch.name: Fixed Multi-Layer Convolution Architecture with Mapping Constraints, level.name: OutRegister
Level (handling bypass): OutRegister: Starting MOPs calculation with in_bp: False, w_bp: True, out_bp: False, int_bp: False, dataflow: ['Y', 'Z', 'C1', 'R1', 'S1', 'C2', 'P', 'Q', 'X', 'S0', 'R0', 'C0'], factors: {C0: {3: 1}, Y: {}, X: {2: 2}, R0: {3: 1}, S0: {3: 1}, Z: {}, C1: {}, R1: {}, S1: {}, C2: {}, P: {}, Q: {}}, tile_sizes: {C0: 1, Y: 1, X: 1, R0: 1, S0: 1, Z: 1, C1: 1, R1: 1, S1: 1, C2: 1, P: 1, Q: 1}, factors_constraints: {'X': 4, 'S0': 3, 'R0': 3, 'C0': 3}, bypasses: ['in', 'w'], multiple_buffering: 1, multiple_reuses: True
actual_dataflow_per_layer[0]: ['X', 'S0', 'R0', 'C0']
actual_dataflow_per_layer[1]: []
Level: OutRegister: actual_dataflow_per_layer: {0: ['X', 'S0', 'R0', 'C0'], 1: []}, actual_dataflow: ['X', 'S0', 'R0', 'C0'], dataflow: ['Y', 'Z', 'C1', 'R1', 'S1', 'C2', 'P', 'Q', 'X', 'S0', 'R0', 'C0'], factors: {C0: {3: 1}, Y: {}, X: {2: 2}, R0: {3: 1}, S0: {3: 1}, Z: {}, C1: {}, R1: {}, S1: {}, C2: {}, P: {}, Q: {}}, num layers: 2
tile size for each dim in actual_dataflow: [('X', 1), ('S0', 1), ('R0', 1), ('C0', 1)]
tile size for each dim in actual_dataflow-per_layer[0]: [('X', 1), ('S0', 1), ('R0', 1), ('C0', 1)]
tile size for each dim in actual_dataflow_per_layer[1]: []


Stationarity calculation for Level: OutRegister: in_bp = False, w_bp = True, int_bp = False, out_bp = False


Initialization Level: OutRegister: w_reads = 1, per_layer_w_reads = {0: 1, 1: 1}
weight layer 0 read after innermost_dim_sum handling: 1
innermost_dim_sum: None, next_spatial_unroll: {'Z': 1, 'C0': 1, 'R0': 1, 'S0': 1}
tile sizes[dim] for dim in dim_sum: [[1], [1], [1], [1]]
weight layer 0 read after next_spatials handling: 1
weight remaining dim in actual_dataflow_per_layer[0][:4]: ['X', 'S0', 'R0', 'C0']
actual_dataflow_per_layer[0]: ['X', 'S0', 'R0', 'C0'], i = 3
Level: OutRegister, Layer 0: final Weight layer_read = 108
weight layer 1 read after innermost_dim_sum handling: 1
innermost_dim_sum: None, next_spatial_unroll: {'C2': 1, 'C1': 1, 'R1': 1, 'S1': 1}
tile sizes[dim] for dim in dim_sum: [[1], [1], [1], [1]]
weight layer 1 read after next_spatials handling: 1
weight remaining dim in actual_dataflow_per_layer[1][:0]: []
actual_dataflow_per_layer[1]: [], i = -1
Level: OutRegister, Layer 1: final Weight layer_read = 1

BEFORE BYPASS: ignore_bypasses: True, In reads: 0, Per Layer W Reads: {0: 108, 1: 1}, w_reads: 109,
 Per Layer Intermediate Input reads: {0: 0}, int_in_reads: 0, Per Layer Intermediate Output reads: {0: 0}, int_out_reads: 0, Out reads: 0
ignore_bypasses: True, self.next_spatial.names: ['Compute']
spatial_level: Compute, spatial_level.dataflow: [], spatial_level.factors: {C0: {}, Y: {}, X: {}, R0: {}, S0: {}, Z: {}, C1: {}, R1: {}, S1: {}, C2: {}, P: {}, Q: {}}
After Spatials: Level: OutRegister: MOPs in_reads = 0, per_layer_w_reads = {0: 108, 1: 1}, w_reads = 109, per_layer_int_in_reads = {0: 0}, int_in_reads = 0, per_layer_int_out_reads = {0: 0}, int_out_reads = 0, out_reads = 0, out_writes = 0, out_reads_factors = 0

After non recursive call for Level: OutRegister: MOPs for per_layer_int_in_reads_bp={0: 0} in_bp=0, per_layer_w_reads_bp={0: 108, 1: 1} w_bp=109, out_bp=0, ignore_bypasses=True (bypass operand w)
End inbtwn
Now I will do MyLevel: WRegister: MOPs for per_layer_w_reads_bp={0: 108, 1: 1}, in_bp=0, per_layer_w_reads_bp={0: 108, 1: 1}, w_bp=109, out_bp=0, stationarity_to_address=False (bypass operand w)
Level: WRegister: stationarity_to_address is False, dataflow handled among inner loops
Before: per_layer_w_reads_bp[0] = 108
After: per_layer_w_reads_bp[0] = 108
Before: per_layer_w_reads_bp[1] = 1
After: per_layer_w_reads_bp[1] = 2
per_layer_w_reads_before_bypass_layer_idx[0]: 0, per_layer_w_reads_bp_layer_idx[0]: 108
per_layer_w_reads_before_bypass_layer_idx[1]: 0, per_layer_w_reads_bp_layer_idx[1]: 2


Level: WRegister: Operand = out


Level: WRegister: Operand = int
AFTER BYPASS of all operands:  WRegister: in_reads: 0, per_layer_w_reads: {0: 108, 1: 2}, w_reads: 110, per_layer_int_in_reads: {0: 0}, int_in_reads: 0, per_layer_int_out_reads: {0: 0}, int_out_reads: 0, out_reads: 0, out_writes: 0, out_reads_factors: 0

After Spatials: Level: WRegister: MOPs in_reads = 0, per_layer_w_reads = {0: 108, 1: 2}, w_reads = 110, per_layer_int_in_reads = {0: 0}, int_in_reads = 0, per_layer_int_out_reads = {0: 0}, int_out_reads = 0, out_reads = 0, out_writes = 0, out_reads_factors = 0

End MOPs with Bypasses for Level: WRegister


DEBUG updateStats pre scaling: Level WRegister:
  in_reads: 0
  per_layer_w_reads: {0: 108, 1: 2}
  w_reads: 110
  per_layer_int_in_reads: {0: 0}
  per_layer_int_out_reads: {0: 0}
  out_reads: 0
  out_reads_factors: 0
temporal_iterations_per_layer before update: {0: 32, 1: 324}, spatial_iterations_per_layer before update: {0: 2, 1: 4}
scale per layer: {0: 64, 1: 1296}
scaled in_reads: 0
scaled per_layer_w_reads before sum: {0: 6912, 1: 2592}
scaled per_layer_int_in_reads before sum: {0: 0}
scaled per_layer_int_out_reads before sum: {0: 0}
scaled out_reads: 0
DEBUG updateStats post scaling: Level WRegister:
  in_reads: 0
  per_layer_w_reads: {0: 6912, 1: 2592}
  w_reads: 9504
  per_layer_int_in_reads: {0: 0}
  int_in_reads: 0
  per_layer_int_out_reads: {0: 0}
  int_out_reads: 0
  out_reads: 0
  out_reads_factors: 0
Updated considering level: WRegister, this dim: C0 is considered in temporal_iterations_per_layer[0]
Updated considering level: WRegister, this dim: Y is considered in temporal_iterations_per_layer[0]
Updated considering level: WRegister, this dim: X is considered in temporal_iterations_per_layer[0]
Updated considering level: WRegister, this dim: R0 is considered in temporal_iterations_per_layer[0]
Updated considering level: WRegister, this dim: S0 is considered in temporal_iterations_per_layer[0]
Updated considering level: WRegister, this dim: Z is considered in temporal_iterations_per_layer[0]
Updated considering level: WRegister, this dim: C2 is considered in temporal_iterations_per_layer[1]
Updated considering level: WRegister, this dim: C1 is considered in temporal_iterations_per_layer[1]
Updated considering level: WRegister, this dim: R1 is considered in temporal_iterations_per_layer[1]
Updated considering level: WRegister, this dim: S1 is considered in temporal_iterations_per_layer[1]
Updated considering level: WRegister, this dim: P is considered in temporal_iterations_per_layer[1]
Updated considering level: WRegister, this dim: Q is considered in temporal_iterations_per_layer[1]


Questo mops è chiamato da update stats
Level: OutRegister, arch bypasses for the level: ['in', 'w'], in_bp: 0, w_bp: 0, out_bp: 1, int_bp: 1
arch.name: Fixed Multi-Layer Convolution Architecture with Mapping Constraints, level.name: OutRegister
Level: OutRegister: Starting MOPs calculation with in_bp: 0, w_bp: 0, out_bp: 1, int_bp: 1, ignore_bypasses: False, dataflow: ['Y', 'Z', 'C1', 'R1', 'S1', 'C2', 'P', 'Q', 'X', 'S0', 'R0', 'C0'], factors: {C0: {3: 1}, Y: {}, X: {2: 2}, R0: {3: 1}, S0: {3: 1}, Z: {}, C1: {}, R1: {}, S1: {}, C2: {}, P: {}, Q: {}}, tile_sizes: {C0: 1, Y: 1, X: 1, R0: 1, S0: 1, Z: 1, C1: 1, R1: 1, S1: 1, C2: 1, P: 1, Q: 1}, factors_constraints: {'X': 4, 'S0': 3, 'R0': 3, 'C0': 3}, bypasses: ['in', 'w'], multiple_buffering: 1, multiple_reuses: True
actual_dataflow_per_layer[0]: ['X', 'S0', 'R0', 'C0']
actual_dataflow_per_layer[1]: []
Level: OutRegister: actual_dataflow_per_layer: {0: ['X', 'S0', 'R0', 'C0'], 1: []}, actual_dataflow: ['X', 'S0', 'R0', 'C0'], dataflow: ['Y', 'Z', 'C1', 'R1', 'S1', 'C2', 'P', 'Q', 'X', 'S0', 'R0', 'C0'], factors: {C0: {3: 1}, Y: {}, X: {2: 2}, R0: {3: 1}, S0: {3: 1}, Z: {}, C1: {}, R1: {}, S1: {}, C2: {}, P: {}, Q: {}}, num layers: 2
tile size for each dim in actual_dataflow: [('X', 1), ('S0', 1), ('R0', 1), ('C0', 1)]
tile size for each dim in actual_dataflow-per_layer[0]: [('X', 1), ('S0', 1), ('R0', 1), ('C0', 1)]
tile size for each dim in actual_dataflow_per_layer[1]: []


Stationarity calculation for Level: OutRegister: in_bp = 0, w_bp = 0, int_bp = 1, out_bp = 1


Initialization Level: OutRegister, Layer 0: int_in_reads = 1, per_layer_int_in_reads = {0: 1}
layer read after innermost_dim_sum handling: 1
innermost_dim_sum: None, next_spatial_unroll: {'C1': 1, 'P': 1, 'R1': 1, 'Q': 1, 'S1': 1}
 dims in dim_sum: [['C1'], ['P', 'R1'], ['Q', 'S1']]
tile sizes[dim] for dim in dim_sum: [[1], [1, 1], [1, 1]]
intermediate in layer 0 read after next_spatials handling: 1
intermediate in remaining dim in actual_dataflow_per_layer[1][:0]: []
intermediate in layer 0 final read: 1

Initialization Level: OutRegister, Layer 0: int_out_reads = 1, per_layer_int_out_reads = {0: 1}
layer read after innermost_dim_sum handling: 1
innermost_dim_sum: None, next_spatial_unroll: {'Z': 1, 'Y': 1, 'X': 1}
tile sizes[dim] for dim in dim_sum: [[1], [1], [1]]
intermediate out layer 0 read after next_spatials handling: 1
intermediate out remaining dim in actual_dataflow_per_layer[0][:4]: ['X', 'S0', 'R0', 'C0']
intermediate out layer 0 final read: 108
Initialization Level: OutRegister, Layer 1: out_reads = 1, innermost_dim_sum = None, i = -1, actual_dataflow = []
out layer read after innermost_dim_sum handling: 1
innermost_dim_sum: None, next_spatial_unroll: {'C2': 1, 'P': 1, 'Q': 1}
tile sizes[dim] for dim in dim_sum: [[1], [1], [1]]
output layer 1 read after next_spatials handling: 1
out remaining dim in actual_dataflow_per_layer[1][:0]: []
actual_dataflow_per_layer[0]: ['X', 'S0', 'R0', 'C0'], i = -1
output layer 1 final read: 1, out_reads_factors (orthogonal to output) = 1

BEFORE BYPASS: ignore_bypasses: False, In reads: 0, Per Layer W Reads: {0: 0, 1: 0}, w_reads: 0,
 Per Layer Intermediate Input reads: {0: 1}, int_in_reads: 1, Per Layer Intermediate Output reads: {0: 108}, int_out_reads: 108, Out reads: 1
ignore_bypasses: False, self.next_spatial.names: ['Compute']
I AM HANDLING BYPASS NOW


Level: OutRegister: Operand = in


Level: OutRegister: Operand = w


Level: OutRegister: Operand = out


Level: OutRegister: Operand = int
AFTER BYPASS of all operands:  OutRegister: in_reads: 0, per_layer_w_reads: {0: 0, 1: 0}, w_reads: 0, per_layer_int_in_reads: {0: 1}, int_in_reads: 1, per_layer_int_out_reads: {0: 108}, int_out_reads: 108, out_reads: 1, out_writes: 1, out_reads_factors: 1

spatial_level: Compute, spatial_level.dataflow: [], spatial_level.factors: {C0: {}, Y: {}, X: {}, R0: {}, S0: {}, Z: {}, C1: {}, R1: {}, S1: {}, C2: {}, P: {}, Q: {}}
After Spatials: Level: OutRegister: MOPs in_reads = 0, per_layer_w_reads = {0: 0, 1: 0}, w_reads = 0, per_layer_int_in_reads = {0: 1}, int_in_reads = 1, per_layer_int_out_reads = {0: 108}, int_out_reads = 108, out_reads = 1, out_writes = 1, out_reads_factors = 1

End MOPs with Bypasses for Level: OutRegister


DEBUG updateStats pre scaling: Level OutRegister:
  in_reads: 0
  per_layer_w_reads: {0: 0, 1: 0}
  w_reads: 0
  per_layer_int_in_reads: {0: 1}
  per_layer_int_out_reads: {0: 108}
  out_reads: 1
  out_reads_factors: 1
temporal_iterations_per_layer before update: {0: 32, 1: 648}, spatial_iterations_per_layer before update: {0: 2, 1: 4}
scale per layer: {0: 64, 1: 2592}
scaled in_reads: 0
scaled per_layer_w_reads before sum: {0: 0, 1: 0}
scaled per_layer_int_in_reads before sum: {0: 2592}
scaled per_layer_int_out_reads before sum: {0: 6912}
scaled out_reads: 2592
DEBUG updateStats post scaling: Level OutRegister:
  in_reads: 0
  per_layer_w_reads: {0: 0, 1: 0}
  w_reads: 0
  per_layer_int_in_reads: {0: 2592}
  int_in_reads: 2592
  per_layer_int_out_reads: {0: 6912}
  int_out_reads: 6912
  out_reads: 3312
  out_reads_factors: 18
Updated considering level: OutRegister, this dim: Y is considered in temporal_iterations_per_layer[0]
Updated considering level: OutRegister, this dim: Z is considered in temporal_iterations_per_layer[0]
Updated considering level: OutRegister, this dim: X is considered in temporal_iterations_per_layer[0]
Updated considering level: OutRegister, this dim: S0 is considered in temporal_iterations_per_layer[0]
Updated considering level: OutRegister, this dim: R0 is considered in temporal_iterations_per_layer[0]
Updated considering level: OutRegister, this dim: C0 is considered in temporal_iterations_per_layer[0]
Updated considering level: OutRegister, this dim: C1 is considered in temporal_iterations_per_layer[1]
Updated considering level: OutRegister, this dim: R1 is considered in temporal_iterations_per_layer[1]
Updated considering level: OutRegister, this dim: S1 is considered in temporal_iterations_per_layer[1]
Updated considering level: OutRegister, this dim: C2 is considered in temporal_iterations_per_layer[1]
Updated considering level: OutRegister, this dim: P is considered in temporal_iterations_per_layer[1]
Updated considering level: OutRegister, this dim: Q is considered in temporal_iterations_per_layer[1]

Finished in: 0.083s

Best mapping found with:
	Wart: 7.425e-06
	EDP: 4.826e+00 (J*cycle)
	Energy: 1.052e-01 (uJ)
	Latency: 2.215e+07 (cc)

Mapping:
DRAM ----------> P: 2, Q: 3, C1: 2
GlobalBuffer --> P: 3, X: 2, R1: 3, Y: 4
SACols --------> Y: 2, Q: 2
SARows --------> C1: 2
InRegister ----> Z: 4, S1: 3
WRegister -----> C2: 2
OutRegister ---> X: 4, S0: 3, R0: 3, C0: 3
Compute -------

Final MOPs per memory level:
PRINT MOP FUSION!!!
DRAM:		Out_R = 0 (reads) + 0 (drains), Out_W = 72 (updates) + 0 (fills)
DRAM:		Per-Layer W_R: [L0: 0, L1: 1], Total: 540
DRAM:		300 In_R, 540 W_R, 0 Our_R, 840 Tot_R,
		0 In_W, 0 W_W, 72 Out_W, 72 Tot_W
GlobalBuffer:	Out_R = 431 (reads) + 72 (drains), Out_W = 432 (updates) + 0 (fills)
GlobalBuffer:	Per-Layer W_R: [L0: 0, L1: 1], Total: 2160
GlobalBuffer:	864 In_R, 2160 W_R, 503 Our_R, 3527 Tot_R,
		0 In_W, 0 W_W, 432 Out_W, 432 Tot_W
InRegister:	Per-Layer W_R: [L0: 0, L1: 1], Total: 0
InRegister:	6912 In_R, 0 W_R, 0 Our_R, 6912 Tot_R,
		0 In_W, 0 W_W, 0 Out_W, 0 Tot_W
WRegister:	Per-Layer W_R: [L0: 0, L1: 1], Total: 9504
WRegister:	0 In_R, 9504 W_R, 0 Our_R, 9504 Tot_R,
		0 In_W, 0 W_W, 0 Out_W, 0 Tot_W
OutRegister:	Out_R = 2448 (reads) + 864 (drains), Out_W = 2592 (updates) + 862 (fills)
OutRegister:	Per-Layer W_R: [L0: 0, L1: 1], Total: 0
OutRegister:	0 In_R, 0 W_R, 3312 Our_R, 3312 Tot_R,
		0 In_W, 0 W_W, 3454 Out_W, 3454 Tot_W
Totals:		24095 R, 3958 W, 28053 Tot
Energy:		0.105 uJ

Final Latency per level:
DRAM:		22146048cc RD and 22146048cc FU Latency, 4.0 R and 4.0 W Bandwidth,
		0.000 R and 0.000 U and 0.000 F and 0.000 D Ideal Bandwidth,
		1845504cc per Tile, 0 Stall Cycles
GlobalBuffer:	1845504cc RD and 1845504cc FU Latency, 16.0 R and 16.0 W Bandwidth,
		0.001 R and 0.000 U and 0.000 F and 0.000 D Ideal Bandwidth,
		25632cc per Tile, 0 Stall Cycles
InRegister:	25632cc RD and 25632cc FU Latency, 2.0 R and 2.0 W Bandwidth,
		0.054 R and 0.000 U and 0.000 F and 0.000 D Ideal Bandwidth,
		2136cc per Tile, 0 Stall Cycles
WRegister:	2136cc RD and 2136cc FU Latency, 2.0 R and 2.0 W Bandwidth,
		0.742 R and 0.000 U and 0.000 F and 0.000 D Ideal Bandwidth,
		1068cc per Tile, 0 Stall Cycles
OutRegister:	1068cc RD and 864cc FU Latency, 2.0 R and 2.0 W Bandwidth,
		18.444 R and 4.000 U and 11.997 F and 1.333 D Ideal Bandwidth,
		1cc per Tile, 960 Stall Cycles
Max Latency:	22146048cc of level DRAM
