Creating architecture: Gemmini with coupling: dims: MKN, in_coupling: [K][N], w_coupling: W0: [M][K],, out_coupling: [M][N]
Creating architecture: Gemmini (conv) with coupling: dims: NMPQCRS, in_coupling: [N][C][Pstride*P+Rdilation*R][Qstride*Q+Sdilation*S], w_coupling: W0: [M][C][R][S],, out_coupling: [N][M][P][Q]
Creating architecture: Eyeriss with coupling: dims: MKN, in_coupling: [K][N], w_coupling: W0: [M][K],, out_coupling: [M][N]
Creating architecture: Eyeriss (conv) with coupling: dims: NMPQCRS, in_coupling: [N][C][Pstride*P+Rdilation*R][Qstride*Q+Sdilation*S], w_coupling: W0: [M][C][R][S],, out_coupling: [N][M][P][Q]
Creating architecture: Simba with coupling: dims: MKN, in_coupling: [K][N], w_coupling: W0: [M][K],, out_coupling: [M][N]
Creating architecture: Simba (conv) with coupling: dims: NMPQCRS, in_coupling: [N][C][Pstride*P+Rdilation*R][Qstride*Q+Sdilation*S], w_coupling: W0: [M][C][R][S],, out_coupling: [N][M][P][Q]
Creating architecture: TPUv1 with coupling: dims: MKN, in_coupling: [K][N], w_coupling: W0: [M][K],, out_coupling: [M][N]
Creating architecture: TPUv1 (conv) with coupling: dims: NMPQCRS, in_coupling: [N][C][Pstride*P+Rdilation*R][Qstride*Q+Sdilation*S], w_coupling: W0: [M][C][R][S],, out_coupling: [N][M][P][Q]
-------- architecture --------
------ loading Accelergy ------
WARNING: Accelergy package not found or incompatible, trying a manual import from ACCELERGY_PATH.
ACCELERGY PLUG-INS: ['Library', 'dummy', 'ADC Plug-In', 'DEPRECATED table-based-plug-ins. Use the Library plug-in instead.', 'Neurosim Plug-In', 'Aladdin_table', 'CactiCache', 'CactiDRAM', 'CactiSRAM']
Creating architecture: DepFiN 10-Layer Architecture with coupling: dims: C0Y0X0R0S0Z0C1R1S1Y1X1Z1C2R2S2Y2X2Z2C3R3S3Y3X3Z3C4R4S4Y4X4Z4C5R5S5Y5X5Z5C6R6S6Y6X6Z6C7R7S7Y7X7Z7C8R8S8Y8X8Z8C9R9S9Y9X9Z9C10R10S10PQZ10, in_coupling: [C0][Y0+R0][X0+S0], w_coupling: W0: [Z0][C0][R0][S0],W1: [Z1][C1][R1][S1],W2: [Z2][C2][R2][S2],W3: [Z3][C3][R3][S3],W4: [Z4][C4][R4][S4],W5: [Z5][C5][R5][S5],W6: [Z6][C6][R6][S6],W7: [Z7][C7][R7][S7],W8: [Z8][C8][R8][S8],W9: [Z9][C9][R9][S9],W10: [Z10][C10][R10][S10],, out_coupling: [Z10][P][Q]
Architecture: architectures/multi_layer_arch.py -> arch
-------- computation  --------
Computation: architectures/10layer_comp.py -> comp: {P: 720, Q: 1280, Z10: 16, C10: 32, R10: 1, S10: 1, Y9: 720, X9: 1280, Z9: 32, C9: 32, R9: 3, S9: 3, Y8: 720, X8: 1280, Z8: 32, C8: 32, R8: 3, S8: 3, Y7: 720, X7: 1280, Z7: 32, C7: 32, R7: 3, S7: 3, Y6: 720, X6: 1280, Z6: 32, C6: 32, R6: 3, S6: 3, Y5: 720, X5: 1280, Z5: 32, C5: 32, R5: 3, S5: 3, Y4: 720, X4: 1280, Z4: 32, C4: 32, R4: 3, S4: 3, Y3: 720, X3: 1280, Z3: 32, C3: 32, R3: 3, S3: 3, Y2: 720, X2: 1280, Z2: 32, C2: 32, R2: 3, S2: 3, Y1: 720, X1: 1280, Z1: 32, C1: 32, R1: 3, S1: 3, Y0: 720, X0: 1280, Z0: 32, R0: 3, S0: 3, C0: 3}
Coupling: architectures/10layer_comp.py -> coupling: dims: C0Y0X0R0S0Z0C1R1S1Y1X1Z1C2R2S2Y2X2Z2C3R3S3Y3X3Z3C4R4S4Y4X4Z4C5R5S5Y5X5Z5C6R6S6Y6X6Z6C7R7S7Y7X7Z7C8R8S8Y8X8Z8C9R9S9Y9X9Z9C10R10S10PQZ10, in_coupling: [C0][Y0+R0][X0+S0], w_coupling: W0: [Z0][C0][R0][S0],W1: [Z1][C1][R1][S1],W2: [Z2][C2][R2][S2],W3: [Z3][C3][R3][S3],W4: [Z4][C4][R4][S4],W5: [Z5][C5][R5][S5],W6: [Z6][C6][R6][S6],W7: [Z7][C7][R7][S7],W8: [Z8][C8][R8][S8],W9: [Z9][C9][R9][S9],W10: [Z10][C10][R10][S10],, out_coupling: [Z10][P][Q]
Bias present: False
------------------------------
----- running FactorFlow -----
------------------------------

Threads: 8
final_layer_dims: {'S10', 'C0', 'Y0', 'R10', 'R0', 'X0', 'Q', 'C10', 'P', 'S0', 'Z10'}, coupling.dims: ['C0', 'Y0', 'X0', 'R0', 'S0', 'Z0', 'C1', 'R1', 'S1', 'Y1', 'X1', 'Z1', 'C2', 'R2', 'S2', 'Y2', 'X2', 'Z2', 'C3', 'R3', 'S3', 'Y3', 'X3', 'Z3', 'C4', 'R4', 'S4', 'Y4', 'X4', 'Z4', 'C5', 'R5', 'S5', 'Y5', 'X5', 'Z5', 'C6', 'R6', 'S6', 'Y6', 'X6', 'Z6', 'C7', 'R7', 'S7', 'Y7', 'X7', 'Z7', 'C8', 'R8', 'S8', 'Y8', 'X8', 'Z8', 'C9', 'R9', 'S9', 'Y9', 'X9', 'Z9', 'C10', 'R10', 'S10', 'P', 'Q', 'Z10']
INFO: Arch: DepFiN 10-Layer Architecture: identified intermediate dimensions: {'Z2', 'X2', 'X1', 'R3', 'S5', 'S6', 'Y9', 'R2', 'S3', 'Z8', 'R5', 'Y3', 'X7', 'R6', 'C7', 'Z4', 'Z9', 'S1', 'R8', 'X6', 'S8', 'R4', 'C8', 'Z6', 'Y8', 'X9', 'Z1', 'Y4', 'Y6', 'Y7', 'Y2', 'C2', 'R1', 'Z3', 'C5', 'Z5', 'X4', 'C9', 'Y5', 'Y1', 'S4', 'S7', 'X5', 'C6', 'Z0', 'Z7', 'R9', 'S2', 'C4', 'R7', 'X8', 'S9', 'C3', 'X3', 'C1'}
INFO: Added high constraint for intermediate dimension P in level AccumulationIntermediateOutputRegister
INFO: Added high constraint for intermediate dimension R1 in level AccumulationIntermediateOutputRegister
Starting engine with mapper: breadthfirst_local

WARNING: running on a Python version without free-threading (GIL enabled), this program relies heavily on true multithreading, thus expect a severe performance hit with your current setup. Consider updating to Python 3.13t or newer.
INFO: running multithreaded with THREADS_COUNT = 8

DEBUG interleave: START - Called from breadthfirst_local.py:600 in optimizeDataflows()
                       array=['Q', 'P', 'X9', 'Y9', 'X8', 'Y8', 'X7', 'Y7', 'X6', 'Y6', 'X5', 'Y5', 'X4', 'Y4', 'X3', 'Y3', 'X2', 'Y2', 'X1', 'Y1', 'X0', 'Y0'], elements=['C0', 'R0', 'S0', 'Z0', 'C1', 'R1', 'S1', 'Z1', 'C2', 'R2', 'S2', 'Z2', 'C3', 'R3', 'S3', 'Z3', 'C4', 'R4', 'S4', 'Z4', 'C5', 'R5', 'S5', 'Z5', 'C6', 'R6', 'S6', 'Z6', 'C7', 'R7', 'S7', 'Z7', 'C8', 'R8', 'S8', 'Z8', 'C9', 'R9', 'S9', 'Z9', 'C10', 'R10', 'S10', 'Z10'] (len=44)
interleave: too many elements (44), returning 3 results
['C1', 'Y1', 'R1', 'X1', 'S1']
['C2', 'Y2', 'R2', 'X2', 'S2']
['C3', 'Y3', 'R3', 'X3', 'S3']
['C4', 'Y4', 'R4', 'X4', 'S4']
['C5', 'Y5', 'R5', 'X5', 'S5']
['C6', 'Y6', 'R6', 'X6', 'S6']
['C7', 'Y7', 'R7', 'X7', 'S7']
['C8', 'Y8', 'R8', 'X8', 'S8']
['C9', 'Y9', 'R9', 'X9', 'S9']
['C10', 'P', 'R10', 'Q', 'S10']
DEBUG interleave: START - Called from breadthfirst_local.py:600 in optimizeDataflows()
                       array=[], elements=['C0', 'Y0', 'X0', 'R0', 'S0', 'Z0', 'C1', 'R1', 'S1', 'Y1', 'X1', 'Z1', 'C2', 'R2', 'S2', 'Y2', 'X2', 'Z2', 'C3', 'R3', 'S3', 'Y3', 'X3', 'Z3', 'C4', 'R4', 'S4', 'Y4', 'X4', 'Z4', 'C5', 'R5', 'S5', 'Y5', 'X5', 'Z5', 'C6', 'R6', 'S6', 'Y6', 'X6', 'Z6', 'C7', 'R7', 'S7', 'Y7', 'X7', 'Z7', 'C8', 'R8', 'S8', 'Y8', 'X8', 'Z8', 'C9', 'R9', 'S9', 'Y9', 'X9', 'Z9', 'C10', 'R10', 'S10', 'P', 'Q', 'Z10'] (len=66)
interleave: too many elements (66), returning 2 results
['C1', 'Y1', 'R1', 'X1', 'S1']
['C2', 'Y2', 'R2', 'X2', 'S2']
['C3', 'Y3', 'R3', 'X3', 'S3']
['C4', 'Y4', 'R4', 'X4', 'S4']
['C5', 'Y5', 'R5', 'X5', 'S5']
['C6', 'Y6', 'R6', 'X6', 'S6']
['C7', 'Y7', 'R7', 'X7', 'S7']
['C8', 'Y8', 'R8', 'X8', 'S8']
['C9', 'Y9', 'R9', 'X9', 'S9']
['C10', 'P', 'R10', 'Q', 'S10']
DEBUG interleave: START - Called from breadthfirst_local.py:600 in optimizeDataflows()
                       array=['Z10', 'C10', 'R10', 'S10', 'Z9', 'C9', 'R9', 'S9', 'Z8', 'C8', 'S8', 'R8', 'Z7', 'C7', 'S7', 'R7', 'Z6', 'C6', 'S6', 'R6', 'Z5', 'C5', 'S5', 'R5', 'Z4', 'C4', 'S4', 'R4', 'Z3', 'C3', 'S3', 'R3', 'Z2', 'C2', 'S2', 'R2', 'Z1', 'C1', 'S1', 'R1', 'Z0', 'C0', 'R0', 'S0'], elements=['Y0', 'X0', 'Y1', 'X1', 'Y2', 'X2', 'Y3', 'X3', 'Y4', 'X4', 'Y5', 'X5', 'Y6', 'X6', 'Y7', 'X7', 'Y8', 'X8', 'Y9', 'X9', 'P', 'Q'] (len=22)
interleave: too many elements (22), returning 3 results
['C1', 'Y1', 'R1', 'X1', 'S1']
['C2', 'Y2', 'R2', 'X2', 'S2']
['C3', 'Y3', 'R3', 'X3', 'S3']
['C4', 'Y4', 'R4', 'X4', 'S4']
['C5', 'Y5', 'R5', 'X5', 'S5']
['C6', 'Y6', 'R6', 'X6', 'S6']
['C7', 'Y7', 'R7', 'X7', 'S7']
['C8', 'Y8', 'R8', 'X8', 'S8']
['C9', 'Y9', 'R9', 'X9', 'S9']
['C10', 'P', 'R10', 'Q', 'S10']
DEBUG interleave: START - Called from breadthfirst_local.py:600 in optimizeDataflows()
                       array=['Z10', 'P', 'Q', 'Z9', 'Y9', 'X9', 'Z8', 'Y8', 'X8', 'Z7', 'Y7', 'X7', 'Z6', 'Y6', 'X6', 'Z5', 'Y5', 'X5', 'Z4', 'Y4', 'X4', 'Z3', 'Y3', 'X3', 'Z2', 'Y2', 'X2', 'Z1', 'Y1', 'X1', 'Z0', 'Y0', 'X0'], elements=['C0', 'R0', 'S0', 'C1', 'R1', 'S1', 'C2', 'R2', 'S2', 'C3', 'R3', 'S3', 'C4', 'R4', 'S4', 'C5', 'R5', 'S5', 'C6', 'R6', 'S6', 'C7', 'R7', 'S7', 'C8', 'R8', 'S8', 'C9', 'R9', 'S9', 'C10', 'R10', 'S10'] (len=33)
interleave: too many elements (33), returning 3 results
['C1', 'Y1', 'R1', 'X1', 'S1']
['C2', 'Y2', 'R2', 'X2', 'S2']
['C3', 'Y3', 'R3', 'X3', 'S3']
['C4', 'Y4', 'R4', 'X4', 'S4']
['C5', 'Y5', 'R5', 'X5', 'S5']
['C6', 'Y6', 'R6', 'X6', 'S6']
['C7', 'Y7', 'R7', 'X7', 'S7']
['C8', 'Y8', 'R8', 'X8', 'S8']
['C9', 'Y9', 'R9', 'X9', 'S9']
['C10', 'P', 'R10', 'Q', 'S10']
-------- factorFlow -------- CIAO
Arch after initialization:
Input FC size: 6912

Intermediate Input FC size: 2011393

Input size: 2776812

Output size: 14745600

Weight size: 84320

Intermediate input size: 296065152
Total intermediate size (input + output): 0

input_size: 2776812, output_size: 14745600, weight_size: 84320, intermediate_size: 0
Total mem footprint: 17613644



Input FC size: 0

Intermediate Input FC size: 1

Input size: 1170

Output size: 2048

Weight size: 0

Intermediate input size: 116416
Total intermediate size (input + output): 157376

input_size: 1170, output_size: 2048, weight_size: 0, intermediate_size: 157376
Total mem footprint: 160595



Input FC size: 0

Intermediate Input FC size: 1

Input size: 0

Output size: 0

Weight size: 84320

Intermediate input size: 116416
Total intermediate size (input + output): 0

input_size: 0, output_size: 0, weight_size: 84320, intermediate_size: 0
Total mem footprint: 84320



Input FC size: 0

Intermediate Input FC size: 1

Input size: 0

Output size: 1

Weight size: 0

Intermediate input size: 10
Total intermediate size (input + output): 10

input_size: 0, output_size: 1, weight_size: 0, intermediate_size: 10
Total mem footprint: 11



DRAM ----------> Q: 10, P: 720, X9: 10, Y9: 720, X8: 10, Y8: 720, X7: 10, Y7: 720, X6: 10, Y6: 720, X5: 10, Y5: 720, X4: 10, Y4: 720, X3: 10, Y3: 720, X2: 10, Y2: 720, X1: 10, Y1: 720, X0: 10, Y0: 720
FeatureMemory -
WeightMemory --> C10: 32, Z9: 2, C9: 32, R9: 3, S9: 3, Z8: 2, C8: 32, S8: 3, R8: 3, Z7: 2, C7: 32, S7: 3, R7: 3, Z6: 2, C6: 32, S6: 3, R6: 3, Z5: 2, C5: 32, S5: 3, R5: 3, Z4: 2, C4: 32, S4: 3, R4: 3, Z3: 2, C3: 32, S3: 3, R3: 3, Z2: 2, C2: 32, S2: 3, R2: 3, Z1: 2, C1: 32, S1: 3, R1: 3, Z0: 2, C0: 3, R0: 3, S0: 3
SACols_10 -----> Q: 128
SARows_10 -----> Z10: 16
SACols_9 ------> X9: 128
SARows_9 ------> Z9: 16
SACols_8 ------> X8: 128
SARows_8 ------> Z8: 16
SACols_7 ------> X7: 128
SARows_7 ------> Z7: 16
SACols_6 ------> X6: 128
SARows_6 ------> Z6: 16
SACols_5 ------> X5: 128
SARows_5 ------> Z5: 16
SACols_4 ------> X4: 128
SARows_4 ------> Z4: 16
SACols_3 ------> X3: 128
SARows_3 ------> Z3: 16
SACols_2 ------> X2: 128
SARows_2 ------> Z2: 16
SACols_1 ------> X1: 128
SARows_1 ------> Z1: 16
SACols_0 ------> X0: 128
SARows_0 ------> Z0: 16
AccumulationIntermediateOutputRegister 
Compute -------

Starting FactorFlow tiling optimization:

é stato chiamato update stats! 




Questo mops è chiamato da update stats
Level: DRAM, arch bypasses for the level: ['int_in', 'int_out'], in_bp: 1, w_bp: 0, out_bp: 1, int_in_bp: 0, int_out_bp: 0
DEBUG updateStats pre scaling: Level DRAM:
  in_reads: 2764800
  per_layer_w_reads: {0: 864, 1: 9216, 2: 9216, 3: 9216, 4: 9216, 5: 9216, 6: 9216, 7: 9216, 8: 9216, 9: 9216, 10: 512}
  per_layer_int_in_reads: {0: 0, 1: 0, 2: 0, 3: 0, 4: 0, 5: 0, 6: 0, 7: 0, 8: 0, 9: 0}
  per_layer_int_out_reads: {0: 0, 1: 0, 2: 0, 3: 0, 4: 0, 5: 0, 6: 0, 7: 0, 8: 0, 9: 0}
  per_layer_int_out_writes: {0: 0, 1: 0, 2: 0, 3: 0, 4: 0, 5: 0, 6: 0, 7: 0, 8: 0, 9: 0}
  out_reads: 14745600
  out_writes: 14745600
  out_reads_factors: 1
scale_per_layer[0]: 1, temporal_iterations_per_layer[0]: 1, spatial_iterations_per_layer[0]: 1
DEBUG: results after scaling: Level DRAM: in_reads=2764800, w_reads=84320, int_in_reads=0, int_out_reads=0, int_out_writes=0, out_writes=14745600, out_reads=14745600, out_reads_factors=1
DEBUG: Level DRAM adjusted out_reads for no bias read: 0
DEBUG: Level DRAM bypasses intermediate storage
DEBUG updateStats post scaling: Level DRAM:
  in_reads: 2,764,800
  per_layer_w_reads: {0: 864, 1: 9216, 2: 9216, 3: 9216, 4: 9216, 5: 9216, 6: 9216, 7: 9216, 8: 9216, 9: 9216, 10: 512}
  w_reads: 84,320
  per_layer_int_in_reads: {0: 0, 1: 0, 2: 0, 3: 0, 4: 0, 5: 0, 6: 0, 7: 0, 8: 0, 9: 0}
  per_layer_int_in_writes: {0: 0, 1: 0, 2: 0, 3: 0, 4: 0, 5: 0, 6: 0, 7: 0, 8: 0, 9: 0}
  int_in_reads: 0
  per_layer_int_out_reads: {0: 0, 1: 0, 2: 0, 3: 0, 4: 0, 5: 0, 6: 0, 7: 0, 8: 0, 9: 0}
  per_layer_int_out_writes: {0: 0, 1: 0, 2: 0, 3: 0, 4: 0, 5: 0, 6: 0, 7: 0, 8: 0, 9: 0}
  int_out_reads: 0
  out_reads: 0
  out_writes: 14,745,600
  out_reads_factors: 1
in_writes: 0, w_writes: 0, int_in_writes: 0, int_out_writes: 0, out_writes: 14745600
Name of the level: DRAM, level active instances per layer: {0: 1, 1: 1, 2: 1, 3: 1, 4: 1, 5: 1, 6: 1, 7: 1, 8: 1, 9: 1, 10: 1}, level active instances: 1
Level DRAM, Layer 0: total_reads = 2765664, total_writes = 0
Level DRAM, Layer 1: total_reads = 9216, total_writes = 0
Level DRAM, Layer 2: total_reads = 9216, total_writes = 0
Level DRAM, Layer 3: total_reads = 9216, total_writes = 0
Level DRAM, Layer 4: total_reads = 9216, total_writes = 0
Level DRAM, Layer 5: total_reads = 9216, total_writes = 0
Level DRAM, Layer 6: total_reads = 9216, total_writes = 0
Level DRAM, Layer 7: total_reads = 9216, total_writes = 0
Level DRAM, Layer 8: total_reads = 9216, total_writes = 0
Level DRAM, Layer 9: total_reads = 9216, total_writes = 0
DEBUG: Level DRAM, Layer 10, per_layer_int_in_reads9: 0, per_layer_w_reads10: 512, out_reads: 0
Level DRAM, Layer 10: total_reads = 512, total_writes = 14745600
Check: Per Layer Total reads: {0: 2765664, 1: 9216, 2: 9216, 3: 9216, 4: 9216, 5: 9216, 6: 9216, 7: 9216, 8: 9216, 9: 9216, 10: 512}, total: 2849120
Check: Per Layer Total writes: {0: 0, 1: 0, 2: 0, 3: 0, 4: 0, 5: 0, 6: 0, 7: 0, 8: 0, 9: 0, 10: 14745600}, 
 total: 14745600
Level DRAM total WMOPs from per layer sum: 2,815,155,200.000
Level DRAM total WMOPs from total reads/writes: 2,815,155,200.000
End first part of update for level: DRAM



Questo mops è chiamato da update stats
Level: FeatureMemory, arch bypasses for the level: ['w'], in_bp: 0, w_bp: 0, out_bp: 0, int_in_bp: 0, int_out_bp: 0
DEBUG updateStats pre scaling: Level FeatureMemory:
  in_reads: 6912
  per_layer_w_reads: {0: 0, 1: 0, 2: 0, 3: 0, 4: 0, 5: 0, 6: 0, 7: 0, 8: 0, 9: 0, 10: 0}
  per_layer_int_in_reads: {0: 73728, 1: 73728, 2: 73728, 3: 73728, 4: 73728, 5: 73728, 6: 73728, 7: 73728, 8: 73728, 9: 4096}
  per_layer_int_out_reads: {0: 4096, 1: 4096, 2: 4096, 3: 4096, 4: 4096, 5: 4096, 6: 4096, 7: 4096, 8: 4096, 9: 4096}
  per_layer_int_out_writes: {0: 4096, 1: 4096, 2: 4096, 3: 4096, 4: 4096, 5: 4096, 6: 4096, 7: 4096, 8: 4096, 9: 4096}
  out_reads: 2048
  out_writes: 2048
  out_reads_factors: 1
scale_per_layer[0]: 7200, temporal_iterations_per_layer[0]: 7200, spatial_iterations_per_layer[0]: 1
DEBUG: results after scaling: Level FeatureMemory: in_reads=49766400, w_reads=0, int_in_reads=4807065600, int_out_reads=294912000, int_out_writes=294912000, out_writes=14745600, out_reads=14745600, out_reads_factors=1
DEBUG: Level FeatureMemory adjusted out_reads for no bias read: 0
DEBUG updateStats post scaling: Level FeatureMemory:
  in_reads: 49,766,400
  per_layer_w_reads: {0: 0, 1: 0, 2: 0, 3: 0, 4: 0, 5: 0, 6: 0, 7: 0, 8: 0, 9: 0, 10: 0}
  w_reads: 0
  per_layer_int_in_reads: {0: 530841600, 1: 530841600, 2: 530841600, 3: 530841600, 4: 530841600, 5: 530841600, 6: 530841600, 7: 530841600, 8: 530841600, 9: 29491200}
  per_layer_int_in_writes: {0: 0, 1: 0, 2: 0, 3: 0, 4: 0, 5: 0, 6: 0, 7: 0, 8: 0, 9: 0}
  int_in_reads: 4,807,065,600
  per_layer_int_out_reads: {0: 29491200, 1: 29491200, 2: 29491200, 3: 29491200, 4: 29491200, 5: 29491200, 6: 29491200, 7: 29491200, 8: 29491200, 9: 29491200}
  per_layer_int_out_writes: {0: 29491200, 1: 29491200, 2: 29491200, 3: 29491200, 4: 29491200, 5: 29491200, 6: 29491200, 7: 29491200, 8: 29491200, 9: 29491200}
  int_out_reads: 294,912,000
  out_reads: 0
  out_writes: 14,745,600
  out_reads_factors: 1
in_writes: 2764800, w_writes: 0, int_in_writes: 0, int_out_writes: 294912000, out_writes: 14745600
Name of the level: FeatureMemory, level active instances per layer: {0: 1, 1: 1, 2: 1, 3: 1, 4: 1, 5: 1, 6: 1, 7: 1, 8: 1, 9: 1, 10: 1}, level active instances: 1
Level FeatureMemory, Layer 0: total_reads = 79257600, total_writes = 32256000
Level FeatureMemory, Layer 1: total_reads = 560332800, total_writes = 29491200
Level FeatureMemory, Layer 2: total_reads = 560332800, total_writes = 29491200
Level FeatureMemory, Layer 3: total_reads = 560332800, total_writes = 29491200
Level FeatureMemory, Layer 4: total_reads = 560332800, total_writes = 29491200
Level FeatureMemory, Layer 5: total_reads = 560332800, total_writes = 29491200
Level FeatureMemory, Layer 6: total_reads = 560332800, total_writes = 29491200
Level FeatureMemory, Layer 7: total_reads = 560332800, total_writes = 29491200
Level FeatureMemory, Layer 8: total_reads = 560332800, total_writes = 29491200
Level FeatureMemory, Layer 9: total_reads = 560332800, total_writes = 29491200
DEBUG: Level FeatureMemory, Layer 10, per_layer_int_in_reads9: 29491200, per_layer_w_reads10: 0, out_reads: 0
Level FeatureMemory, Layer 10: total_reads = 29491200, total_writes = 14745600
Check: Per Layer Total reads: {0: 79257600, 1: 560332800, 2: 560332800, 3: 560332800, 4: 560332800, 5: 560332800, 6: 560332800, 7: 560332800, 8: 560332800, 9: 560332800, 10: 29491200}, total: 5151744000
Check: Per Layer Total writes: {0: 32256000, 1: 29491200, 2: 29491200, 3: 29491200, 4: 29491200, 5: 29491200, 6: 29491200, 7: 29491200, 8: 29491200, 9: 29491200, 10: 14745600}, 
 total: 312422400
Level FeatureMemory total WMOPs from per layer sum: 6,913,280,000.000
Level FeatureMemory total WMOPs from total reads/writes: 6,913,280,000.000
End first part of update for level: FeatureMemory



Questo mops è chiamato da update stats
Level: WeightMemory, arch bypasses for the level: ['in', 'int_in', 'int_out', 'out'], in_bp: 0, w_bp: 0, out_bp: 0, int_in_bp: 0, int_out_bp: 0
DEBUG updateStats pre scaling: Level WeightMemory:
  in_reads: 0
  per_layer_w_reads: {0: 864, 1: 9216, 2: 9216, 3: 9216, 4: 9216, 5: 9216, 6: 9216, 7: 9216, 8: 9216, 9: 9216, 10: 512}
  per_layer_int_in_reads: {0: 0, 1: 0, 2: 0, 3: 0, 4: 0, 5: 0, 6: 0, 7: 0, 8: 0, 9: 0}
  per_layer_int_out_reads: {0: 0, 1: 0, 2: 0, 3: 0, 4: 0, 5: 0, 6: 0, 7: 0, 8: 0, 9: 0}
  per_layer_int_out_writes: {0: 0, 1: 0, 2: 0, 3: 0, 4: 0, 5: 0, 6: 0, 7: 0, 8: 0, 9: 0}
  out_reads: 0
  out_writes: 0
  out_reads_factors: 0
scale_per_layer[0] = 7200, temporal_iterations_per_layer[0] = 7200, spatial_iterations_per_layer[0] = 1
scale_per_layer[0]: 7200, temporal_iterations_per_layer[0]: 7200, spatial_iterations_per_layer[0]: 1
DEBUG: results after scaling: Level WeightMemory: in_reads=0, w_reads=607104000, int_in_reads=0, int_out_reads=0, int_out_writes=0, out_writes=0, out_reads=0, out_reads_factors=0
DEBUG: Level WeightMemory bypasses intermediate storage
DEBUG updateStats post scaling: Level WeightMemory:
  in_reads: 0
  per_layer_w_reads: {0: 6220800, 1: 66355200, 2: 66355200, 3: 66355200, 4: 66355200, 5: 66355200, 6: 66355200, 7: 66355200, 8: 66355200, 9: 66355200, 10: 3686400}
  w_reads: 607,104,000
  per_layer_int_in_reads: {0: 0, 1: 0, 2: 0, 3: 0, 4: 0, 5: 0, 6: 0, 7: 0, 8: 0, 9: 0}
  per_layer_int_in_writes: {0: 0, 1: 0, 2: 0, 3: 0, 4: 0, 5: 0, 6: 0, 7: 0, 8: 0, 9: 0}
  int_in_reads: 0
  per_layer_int_out_reads: {0: 0, 1: 0, 2: 0, 3: 0, 4: 0, 5: 0, 6: 0, 7: 0, 8: 0, 9: 0}
  per_layer_int_out_writes: {0: 0, 1: 0, 2: 0, 3: 0, 4: 0, 5: 0, 6: 0, 7: 0, 8: 0, 9: 0}
  int_out_reads: 0
  out_reads: 0
  out_writes: 0
  out_reads_factors: 0
in_writes: 0, w_writes: 84320, int_in_writes: 0, int_out_writes: 0, out_writes: 0
Name of the level: WeightMemory, level active instances per layer: {0: 1, 1: 1, 2: 1, 3: 1, 4: 1, 5: 1, 6: 1, 7: 1, 8: 1, 9: 1, 10: 1}, level active instances: 1
Level WeightMemory, Layer 0: total_reads = 6220800, total_writes = 864
Level WeightMemory, Layer 1: total_reads = 66355200, total_writes = 9216
Level WeightMemory, Layer 2: total_reads = 66355200, total_writes = 9216
Level WeightMemory, Layer 3: total_reads = 66355200, total_writes = 9216
Level WeightMemory, Layer 4: total_reads = 66355200, total_writes = 9216
Level WeightMemory, Layer 5: total_reads = 66355200, total_writes = 9216
Level WeightMemory, Layer 6: total_reads = 66355200, total_writes = 9216
Level WeightMemory, Layer 7: total_reads = 66355200, total_writes = 9216
Level WeightMemory, Layer 8: total_reads = 66355200, total_writes = 9216
Level WeightMemory, Layer 9: total_reads = 66355200, total_writes = 9216
DEBUG: Level WeightMemory, Layer 10, per_layer_int_in_reads9: 0, per_layer_w_reads10: 3686400, out_reads: 0
Level WeightMemory, Layer 10: total_reads = 3686400, total_writes = 512
Check: Per Layer Total reads: {0: 6220800, 1: 66355200, 2: 66355200, 3: 66355200, 4: 66355200, 5: 66355200, 6: 66355200, 7: 66355200, 8: 66355200, 9: 66355200, 10: 3686400}, total: 607104000
Check: Per Layer Total writes: {0: 864, 1: 9216, 2: 9216, 3: 9216, 4: 9216, 5: 9216, 6: 9216, 7: 9216, 8: 9216, 9: 9216, 10: 512}, 
 total: 84320
Level WeightMemory total WMOPs from per layer sum: 7,344,383,707.200
Level WeightMemory total WMOPs from total reads/writes: 7,344,383,707.200
End first part of update for level: WeightMemory



Calculating Fanout Level: SACols_10, updating spatial and last reads
Fanout Level SACols_10, Layer 10, dim Q, layer_iterations: 128
End of the first part of Update Stats for fanout level: SACols_10


Calculating Fanout Level: SARows_10, updating spatial and last reads
Fanout Level SARows_10, Layer 10, dim Z10, layer_iterations: 16
End of the first part of Update Stats for fanout level: SARows_10


Calculating Fanout Level: SACols_9, updating spatial and last reads
Fanout Level SACols_9, Layer 9, dim X9, layer_iterations: 128
End of the first part of Update Stats for fanout level: SACols_9


Calculating Fanout Level: SARows_9, updating spatial and last reads
Fanout Level SARows_9, Layer 9, dim Z9, layer_iterations: 16
End of the first part of Update Stats for fanout level: SARows_9


Calculating Fanout Level: SACols_8, updating spatial and last reads
Fanout Level SACols_8, Layer 8, dim X8, layer_iterations: 128
End of the first part of Update Stats for fanout level: SACols_8


Calculating Fanout Level: SARows_8, updating spatial and last reads
Fanout Level SARows_8, Layer 8, dim Z8, layer_iterations: 16
End of the first part of Update Stats for fanout level: SARows_8


Calculating Fanout Level: SACols_7, updating spatial and last reads
Fanout Level SACols_7, Layer 7, dim X7, layer_iterations: 128
End of the first part of Update Stats for fanout level: SACols_7


Calculating Fanout Level: SARows_7, updating spatial and last reads
Fanout Level SARows_7, Layer 7, dim Z7, layer_iterations: 16
End of the first part of Update Stats for fanout level: SARows_7


Calculating Fanout Level: SACols_6, updating spatial and last reads
Fanout Level SACols_6, Layer 6, dim X6, layer_iterations: 128
End of the first part of Update Stats for fanout level: SACols_6


Calculating Fanout Level: SARows_6, updating spatial and last reads
Fanout Level SARows_6, Layer 6, dim Z6, layer_iterations: 16
End of the first part of Update Stats for fanout level: SARows_6


Calculating Fanout Level: SACols_5, updating spatial and last reads
Fanout Level SACols_5, Layer 5, dim X5, layer_iterations: 128
End of the first part of Update Stats for fanout level: SACols_5


Calculating Fanout Level: SARows_5, updating spatial and last reads
Fanout Level SARows_5, Layer 5, dim Z5, layer_iterations: 16
End of the first part of Update Stats for fanout level: SARows_5


Calculating Fanout Level: SACols_4, updating spatial and last reads
Fanout Level SACols_4, Layer 4, dim X4, layer_iterations: 128
End of the first part of Update Stats for fanout level: SACols_4


Calculating Fanout Level: SARows_4, updating spatial and last reads
Fanout Level SARows_4, Layer 4, dim Z4, layer_iterations: 16
End of the first part of Update Stats for fanout level: SARows_4


Calculating Fanout Level: SACols_3, updating spatial and last reads
Fanout Level SACols_3, Layer 3, dim X3, layer_iterations: 128
End of the first part of Update Stats for fanout level: SACols_3


Calculating Fanout Level: SARows_3, updating spatial and last reads
Fanout Level SARows_3, Layer 3, dim Z3, layer_iterations: 16
End of the first part of Update Stats for fanout level: SARows_3


Calculating Fanout Level: SACols_2, updating spatial and last reads
Fanout Level SACols_2, Layer 2, dim X2, layer_iterations: 128
End of the first part of Update Stats for fanout level: SACols_2


Calculating Fanout Level: SARows_2, updating spatial and last reads
Fanout Level SARows_2, Layer 2, dim Z2, layer_iterations: 16
End of the first part of Update Stats for fanout level: SARows_2


Calculating Fanout Level: SACols_1, updating spatial and last reads
Fanout Level SACols_1, Layer 1, dim X1, layer_iterations: 128
End of the first part of Update Stats for fanout level: SACols_1


Calculating Fanout Level: SARows_1, updating spatial and last reads
Fanout Level SARows_1, Layer 1, dim Z1, layer_iterations: 16
End of the first part of Update Stats for fanout level: SARows_1


Calculating Fanout Level: SACols_0, updating spatial and last reads
Fanout Level SACols_0, Layer 0, dim X0, layer_iterations: 128
End of the first part of Update Stats for fanout level: SACols_0


Calculating Fanout Level: SARows_0, updating spatial and last reads
Fanout Level SARows_0, Layer 0, dim Z0, layer_iterations: 16
End of the first part of Update Stats for fanout level: SARows_0


Questo mops è chiamato da update stats
Level: AccumulationIntermediateOutputRegister, arch bypasses for the level: ['in', 'w', 'int_in'], in_bp: 0, w_bp: 0, out_bp: 1, int_in_bp: 0, int_out_bp: 1
DEBUG updateStats pre scaling: Level AccumulationIntermediateOutputRegister:
  in_reads: 0
  per_layer_w_reads: {0: 0, 1: 0, 2: 0, 3: 0, 4: 0, 5: 0, 6: 0, 7: 0, 8: 0, 9: 0, 10: 0}
  per_layer_int_in_reads: {0: 0, 1: 0, 2: 0, 3: 0, 4: 0, 5: 0, 6: 0, 7: 0, 8: 0, 9: 0}
  per_layer_int_out_reads: {0: 1, 1: 1, 2: 1, 3: 1, 4: 1, 5: 1, 6: 1, 7: 1, 8: 1, 9: 1}
  per_layer_int_out_writes: {0: 1, 1: 1, 2: 1, 3: 1, 4: 1, 5: 1, 6: 1, 7: 1, 8: 1, 9: 1}
  out_reads: 1
  out_writes: 1
  out_reads_factors: 1
scale_per_layer[0]: 796262400, temporal_iterations_per_layer[0]: 388800, spatial_iterations_per_layer[0]: 2048
DEBUG: results after scaling: Level AccumulationIntermediateOutputRegister: in_reads=0, w_reads=0, int_in_reads=0, int_out_reads=77237452800, int_out_writes=77237452800, out_writes=471859200, out_reads=471859200, out_reads_factors=32
DEBUG: Level AccumulationIntermediateOutputRegister adjusted out_reads for no bias read: 457113600
DEBUG updateStats post scaling: Level AccumulationIntermediateOutputRegister:
  in_reads: 0
  per_layer_w_reads: {0: 0, 1: 0, 2: 0, 3: 0, 4: 0, 5: 0, 6: 0, 7: 0, 8: 0, 9: 0, 10: 0}
  w_reads: 0
  per_layer_int_in_reads: {0: 0, 1: 0, 2: 0, 3: 0, 4: 0, 5: 0, 6: 0, 7: 0, 8: 0, 9: 0}
  per_layer_int_in_writes: {0: 0, 1: 0, 2: 0, 3: 0, 4: 0, 5: 0, 6: 0, 7: 0, 8: 0, 9: 0}
  int_in_reads: 0
  per_layer_int_out_reads: {0: 796262400, 1: 8493465600, 2: 8493465600, 3: 8493465600, 4: 8493465600, 5: 8493465600, 6: 8493465600, 7: 8493465600, 8: 8493465600, 9: 8493465600}
  per_layer_int_out_writes: {0: 825753600, 1: 8522956800, 2: 8522956800, 3: 8522956800, 4: 8522956800, 5: 8522956800, 6: 8522956800, 7: 8522956800, 8: 8522956800, 9: 8522956800}
  int_out_reads: 77,237,452,800
  out_reads: 457,113,600
  out_writes: 471,859,200
  out_reads_factors: 32
in_writes: 0, w_writes: 0, int_in_writes: 0, int_out_writes: 77237452800, out_writes: 471859200
Name of the level: AccumulationIntermediateOutputRegister, level active instances per layer: {0: 2048, 1: 2048, 2: 2048, 3: 2048, 4: 2048, 5: 2048, 6: 2048, 7: 2048, 8: 2048, 9: 2048, 10: 2048}, level active instances: 2658455991569831745807614120560689152
Level AccumulationIntermediateOutputRegister, Layer 0: total_reads = 796262400, total_writes = 825753600
Level AccumulationIntermediateOutputRegister, Layer 1: total_reads = 8493465600, total_writes = 8522956800
Level AccumulationIntermediateOutputRegister, Layer 2: total_reads = 8493465600, total_writes = 8522956800
Level AccumulationIntermediateOutputRegister, Layer 3: total_reads = 8493465600, total_writes = 8522956800
Level AccumulationIntermediateOutputRegister, Layer 4: total_reads = 8493465600, total_writes = 8522956800
Level AccumulationIntermediateOutputRegister, Layer 5: total_reads = 8493465600, total_writes = 8522956800
Level AccumulationIntermediateOutputRegister, Layer 6: total_reads = 8493465600, total_writes = 8522956800
Level AccumulationIntermediateOutputRegister, Layer 7: total_reads = 8493465600, total_writes = 8522956800
Level AccumulationIntermediateOutputRegister, Layer 8: total_reads = 8493465600, total_writes = 8522956800
Level AccumulationIntermediateOutputRegister, Layer 9: total_reads = 8493465600, total_writes = 8522956800
DEBUG: Level AccumulationIntermediateOutputRegister, Layer 10, per_layer_int_in_reads9: 0, per_layer_w_reads10: 0, out_reads: 457113600
Level AccumulationIntermediateOutputRegister, Layer 10: total_reads = 457113600, total_writes = 471859200
Check: Per Layer Total reads: {0: 796262400, 1: 8493465600, 2: 8493465600, 3: 8493465600, 4: 8493465600, 5: 8493465600, 6: 8493465600, 7: 8493465600, 8: 8493465600, 9: 8493465600, 10: 457113600}, total: 77694566400
Check: Per Layer Total writes: {0: 825753600, 1: 8522956800, 2: 8522956800, 3: 8522956800, 4: 8522956800, 5: 8522956800, 6: 8522956800, 7: 8522956800, 8: 8522956800, 9: 8522956800, 10: 471859200}, 
 total: 78004224000
Level AccumulationIntermediateOutputRegister total WMOPs from per layer sum: 32,256,190,171.200
Level AccumulationIntermediateOutputRegister total WMOPs from total reads/writes: 32,209,004,251.200
End first part of update for level: AccumulationIntermediateOutputRegister



Calculating WMOPs for Compute Level
Compute Level Compute WMOPs_per_layer: {0: 949333861.44, 1: 4912281999.360001, 2: 4912281999.360001, 3: 4912281999.360001, 4: 4912281999.360001, 5: 4912281999.360001, 6: 4912281999.360001, 7: 4912281999.360001, 8: 4912281999.360001, 9: 4912281999.360001, 10: 2638180715.52}
WMOPs_till_now before compute level: 32,256,190,171.200
Compute Level Compute total WMOPs from per layer sum: 47798052571.200005
Compute Level Compute total WMOPs: 1.728474674624478e+106
Total WMOPs after adding compute level: 80054242742.40001
END FIRST PART OF UPDATE STATS


First cc_per_tile, it is from compute = 1
First cc_per_tile_per_layer it is from compute = {0: 1, 1: 1, 2: 1, 3: 1, 4: 1, 5: 1, 6: 1, 7: 1, 8: 1, 9: 1, 10: 1}


Calculating Latency for Level: AccumulationIntermediateOutputRegister

Latency for layer: 0 of Level: AccumulationIntermediateOutputRegister
level.active_instances_per_layer[0]: 2048
level.temporal_iterations_per_layer[0]: 388800
Scaling per layer[0]: 796,262,400
Single Tile latency: cc_per_tile_per_layer[0]: 1
Ideal Case, Latency at this level without stalls: cc_per_all_tiles_per_layer[0]: 1
SCALED cc_per_all_tiles_per_layer[0]: 796,262,400
level.getReadPerLayer[0](): 796,262,400
  (For comparison - full reads including accumulation: 796,262,400)
ideal_bandwidth_read_per_layer[0]: 1.0
INFO: forcefully updating setting FREE_DRAINS to False
level.getDrainPerLayer[0](): 0
ideal_bandwidth_drain_per_layer[0]: 0.0
ideal_bandwidth_update_per_layer[0]: 1.0
  (For comparison - full updates including accumulation: 796,262,400)
level.getFillPerLayer[0](): 29,491,200
ideal_bandwidth_fill_per_layer[0]: 0.037037037037037035

Latency for layer: 1 of Level: AccumulationIntermediateOutputRegister
level.active_instances_per_layer[1]: 2048
level.temporal_iterations_per_layer[1]: 4147200
Scaling per layer[1]: 8,493,465,600
Single Tile latency: cc_per_tile_per_layer[1]: 1
Ideal Case, Latency at this level without stalls: cc_per_all_tiles_per_layer[1]: 1
SCALED cc_per_all_tiles_per_layer[1]: 8,493,465,600
level.getReadPerLayer[1](): 8,493,465,600
  (For comparison - full reads including accumulation: 8,493,465,600)
ideal_bandwidth_read_per_layer[1]: 1.0
level.getDrainPerLayer[1](): 0
ideal_bandwidth_drain_per_layer[1]: 0.0
ideal_bandwidth_update_per_layer[1]: 1.0
  (For comparison - full updates including accumulation: 8,493,465,600)
level.getFillPerLayer[1](): 29,491,200
ideal_bandwidth_fill_per_layer[1]: 0.003472222222222222

Latency for layer: 2 of Level: AccumulationIntermediateOutputRegister
level.active_instances_per_layer[2]: 2048
level.temporal_iterations_per_layer[2]: 4147200
Scaling per layer[2]: 8,493,465,600
Single Tile latency: cc_per_tile_per_layer[2]: 1
Ideal Case, Latency at this level without stalls: cc_per_all_tiles_per_layer[2]: 1
SCALED cc_per_all_tiles_per_layer[2]: 8,493,465,600
level.getReadPerLayer[2](): 8,493,465,600
  (For comparison - full reads including accumulation: 8,493,465,600)
ideal_bandwidth_read_per_layer[2]: 1.0
level.getDrainPerLayer[2](): 0
ideal_bandwidth_drain_per_layer[2]: 0.0
ideal_bandwidth_update_per_layer[2]: 1.0
  (For comparison - full updates including accumulation: 8,493,465,600)
level.getFillPerLayer[2](): 29,491,200
ideal_bandwidth_fill_per_layer[2]: 0.003472222222222222

Latency for layer: 3 of Level: AccumulationIntermediateOutputRegister
level.active_instances_per_layer[3]: 2048
level.temporal_iterations_per_layer[3]: 4147200
Scaling per layer[3]: 8,493,465,600
Single Tile latency: cc_per_tile_per_layer[3]: 1
Ideal Case, Latency at this level without stalls: cc_per_all_tiles_per_layer[3]: 1
SCALED cc_per_all_tiles_per_layer[3]: 8,493,465,600
level.getReadPerLayer[3](): 8,493,465,600
  (For comparison - full reads including accumulation: 8,493,465,600)
ideal_bandwidth_read_per_layer[3]: 1.0
level.getDrainPerLayer[3](): 0
ideal_bandwidth_drain_per_layer[3]: 0.0
ideal_bandwidth_update_per_layer[3]: 1.0
  (For comparison - full updates including accumulation: 8,493,465,600)
level.getFillPerLayer[3](): 29,491,200
ideal_bandwidth_fill_per_layer[3]: 0.003472222222222222

Latency for layer: 4 of Level: AccumulationIntermediateOutputRegister
level.active_instances_per_layer[4]: 2048
level.temporal_iterations_per_layer[4]: 4147200
Scaling per layer[4]: 8,493,465,600
Single Tile latency: cc_per_tile_per_layer[4]: 1
Ideal Case, Latency at this level without stalls: cc_per_all_tiles_per_layer[4]: 1
SCALED cc_per_all_tiles_per_layer[4]: 8,493,465,600
level.getReadPerLayer[4](): 8,493,465,600
  (For comparison - full reads including accumulation: 8,493,465,600)
ideal_bandwidth_read_per_layer[4]: 1.0
level.getDrainPerLayer[4](): 0
ideal_bandwidth_drain_per_layer[4]: 0.0
ideal_bandwidth_update_per_layer[4]: 1.0
  (For comparison - full updates including accumulation: 8,493,465,600)
level.getFillPerLayer[4](): 29,491,200
ideal_bandwidth_fill_per_layer[4]: 0.003472222222222222

Latency for layer: 5 of Level: AccumulationIntermediateOutputRegister
level.active_instances_per_layer[5]: 2048
level.temporal_iterations_per_layer[5]: 4147200
Scaling per layer[5]: 8,493,465,600
Single Tile latency: cc_per_tile_per_layer[5]: 1
Ideal Case, Latency at this level without stalls: cc_per_all_tiles_per_layer[5]: 1
SCALED cc_per_all_tiles_per_layer[5]: 8,493,465,600
level.getReadPerLayer[5](): 8,493,465,600
  (For comparison - full reads including accumulation: 8,493,465,600)
ideal_bandwidth_read_per_layer[5]: 1.0
level.getDrainPerLayer[5](): 0
ideal_bandwidth_drain_per_layer[5]: 0.0
ideal_bandwidth_update_per_layer[5]: 1.0
  (For comparison - full updates including accumulation: 8,493,465,600)
level.getFillPerLayer[5](): 29,491,200
ideal_bandwidth_fill_per_layer[5]: 0.003472222222222222

Latency for layer: 6 of Level: AccumulationIntermediateOutputRegister
level.active_instances_per_layer[6]: 2048
level.temporal_iterations_per_layer[6]: 4147200
Scaling per layer[6]: 8,493,465,600
Single Tile latency: cc_per_tile_per_layer[6]: 1
Ideal Case, Latency at this level without stalls: cc_per_all_tiles_per_layer[6]: 1
SCALED cc_per_all_tiles_per_layer[6]: 8,493,465,600
level.getReadPerLayer[6](): 8,493,465,600
  (For comparison - full reads including accumulation: 8,493,465,600)
ideal_bandwidth_read_per_layer[6]: 1.0
level.getDrainPerLayer[6](): 0
ideal_bandwidth_drain_per_layer[6]: 0.0
ideal_bandwidth_update_per_layer[6]: 1.0
  (For comparison - full updates including accumulation: 8,493,465,600)
level.getFillPerLayer[6](): 29,491,200
ideal_bandwidth_fill_per_layer[6]: 0.003472222222222222

Latency for layer: 7 of Level: AccumulationIntermediateOutputRegister
level.active_instances_per_layer[7]: 2048
level.temporal_iterations_per_layer[7]: 4147200
Scaling per layer[7]: 8,493,465,600
Single Tile latency: cc_per_tile_per_layer[7]: 1
Ideal Case, Latency at this level without stalls: cc_per_all_tiles_per_layer[7]: 1
SCALED cc_per_all_tiles_per_layer[7]: 8,493,465,600
level.getReadPerLayer[7](): 8,493,465,600
  (For comparison - full reads including accumulation: 8,493,465,600)
ideal_bandwidth_read_per_layer[7]: 1.0
level.getDrainPerLayer[7](): 0
ideal_bandwidth_drain_per_layer[7]: 0.0
ideal_bandwidth_update_per_layer[7]: 1.0
  (For comparison - full updates including accumulation: 8,493,465,600)
level.getFillPerLayer[7](): 29,491,200
ideal_bandwidth_fill_per_layer[7]: 0.003472222222222222

Latency for layer: 8 of Level: AccumulationIntermediateOutputRegister
level.active_instances_per_layer[8]: 2048
level.temporal_iterations_per_layer[8]: 4147200
Scaling per layer[8]: 8,493,465,600
Single Tile latency: cc_per_tile_per_layer[8]: 1
Ideal Case, Latency at this level without stalls: cc_per_all_tiles_per_layer[8]: 1
SCALED cc_per_all_tiles_per_layer[8]: 8,493,465,600
level.getReadPerLayer[8](): 8,493,465,600
  (For comparison - full reads including accumulation: 8,493,465,600)
ideal_bandwidth_read_per_layer[8]: 1.0
level.getDrainPerLayer[8](): 0
ideal_bandwidth_drain_per_layer[8]: 0.0
ideal_bandwidth_update_per_layer[8]: 1.0
  (For comparison - full updates including accumulation: 8,493,465,600)
level.getFillPerLayer[8](): 29,491,200
ideal_bandwidth_fill_per_layer[8]: 0.003472222222222222

Latency for layer: 9 of Level: AccumulationIntermediateOutputRegister
level.active_instances_per_layer[9]: 2048
level.temporal_iterations_per_layer[9]: 4147200
Scaling per layer[9]: 8,493,465,600
Single Tile latency: cc_per_tile_per_layer[9]: 1
Ideal Case, Latency at this level without stalls: cc_per_all_tiles_per_layer[9]: 1
SCALED cc_per_all_tiles_per_layer[9]: 8,493,465,600
level.getReadPerLayer[9](): 8,493,465,600
  (For comparison - full reads including accumulation: 8,493,465,600)
ideal_bandwidth_read_per_layer[9]: 1.0
level.getDrainPerLayer[9](): 0
ideal_bandwidth_drain_per_layer[9]: 0.0
ideal_bandwidth_update_per_layer[9]: 1.0
  (For comparison - full updates including accumulation: 8,493,465,600)
level.getFillPerLayer[9](): 29,491,200
ideal_bandwidth_fill_per_layer[9]: 0.003472222222222222

Latency for layer: 10 of Level: AccumulationIntermediateOutputRegister
level.active_instances_per_layer[10]: 2048
level.temporal_iterations_per_layer[10]: 230400
Scaling per layer[10]: 471,859,200
Single Tile latency: cc_per_tile_per_layer[10]: 1
Ideal Case, Latency at this level without stalls: cc_per_all_tiles_per_layer[10]: 1
SCALED cc_per_all_tiles_per_layer[10]: 471,859,200
level.getReadPerLayer[10](): 457,113,600
  (For comparison - full reads including accumulation: 457,113,600)
ideal_bandwidth_read_per_layer[10]: 0.96875
level.getDrainPerLayer[10](): 0
ideal_bandwidth_drain_per_layer[10]: 0.0
ideal_bandwidth_update_per_layer[10]: 1.0
  (For comparison - full updates including accumulation: 471,859,200)
level.getFillPerLayer[10](): 0
ideal_bandwidth_fill_per_layer[10]: 0.0

Start of calculation of latency:


Layer_id: 0 in AccumulationIntermediateOutputRegister

ideal_bandwidth_read_per_layer[0] + ideal_bandwidth_drain_per_layer[0]: 1.0 vs level.read_bandwidth: 1
I am in Compute Bound
cc_per_all_tiles_per_layer[0]: 1
STANDARD CASE latency_read_drain_per_layer[0]: 1

ideal_bandwidth_fill_per_layer[0] + ideal_bandwidth_update_per_layer[0]: 1.037037037037037 vs level.write_bandwidth: 1
ideal_bandwidth_fill_per_layer[0]: 0.037037037037037035
ideal_bandwidth_update_per_layer[0]: 1.0
level.write_bandwidth: 1
total data (for bandwidth): 825753600
scaling_per_layer[0]: 796262400
SLOWDOWN CASE latency_fill_update_per_layer[0]: 1.037037037037037


Layer_id: 1 in AccumulationIntermediateOutputRegister

ideal_bandwidth_read_per_layer[1] + ideal_bandwidth_drain_per_layer[1]: 1.0 vs level.read_bandwidth: 1
I am in Compute Bound
cc_per_all_tiles_per_layer[1]: 1
STANDARD CASE latency_read_drain_per_layer[1]: 1

ideal_bandwidth_fill_per_layer[1] + ideal_bandwidth_update_per_layer[1]: 1.0034722222222223 vs level.write_bandwidth: 1
ideal_bandwidth_fill_per_layer[1]: 0.003472222222222222
ideal_bandwidth_update_per_layer[1]: 1.0
level.write_bandwidth: 1
total data (for bandwidth): 8522956800
scaling_per_layer[1]: 8493465600
SLOWDOWN CASE latency_fill_update_per_layer[1]: 1.0034722222222223


Layer_id: 2 in AccumulationIntermediateOutputRegister

ideal_bandwidth_read_per_layer[2] + ideal_bandwidth_drain_per_layer[2]: 1.0 vs level.read_bandwidth: 1
I am in Compute Bound
cc_per_all_tiles_per_layer[2]: 1
STANDARD CASE latency_read_drain_per_layer[2]: 1

ideal_bandwidth_fill_per_layer[2] + ideal_bandwidth_update_per_layer[2]: 1.0034722222222223 vs level.write_bandwidth: 1
ideal_bandwidth_fill_per_layer[2]: 0.003472222222222222
ideal_bandwidth_update_per_layer[2]: 1.0
level.write_bandwidth: 1
total data (for bandwidth): 8522956800
scaling_per_layer[2]: 8493465600
SLOWDOWN CASE latency_fill_update_per_layer[2]: 1.0034722222222223


Layer_id: 3 in AccumulationIntermediateOutputRegister

ideal_bandwidth_read_per_layer[3] + ideal_bandwidth_drain_per_layer[3]: 1.0 vs level.read_bandwidth: 1
I am in Compute Bound
cc_per_all_tiles_per_layer[3]: 1
STANDARD CASE latency_read_drain_per_layer[3]: 1

ideal_bandwidth_fill_per_layer[3] + ideal_bandwidth_update_per_layer[3]: 1.0034722222222223 vs level.write_bandwidth: 1
ideal_bandwidth_fill_per_layer[3]: 0.003472222222222222
ideal_bandwidth_update_per_layer[3]: 1.0
level.write_bandwidth: 1
total data (for bandwidth): 8522956800
scaling_per_layer[3]: 8493465600
SLOWDOWN CASE latency_fill_update_per_layer[3]: 1.0034722222222223


Layer_id: 4 in AccumulationIntermediateOutputRegister

ideal_bandwidth_read_per_layer[4] + ideal_bandwidth_drain_per_layer[4]: 1.0 vs level.read_bandwidth: 1
I am in Compute Bound
cc_per_all_tiles_per_layer[4]: 1
STANDARD CASE latency_read_drain_per_layer[4]: 1

ideal_bandwidth_fill_per_layer[4] + ideal_bandwidth_update_per_layer[4]: 1.0034722222222223 vs level.write_bandwidth: 1
ideal_bandwidth_fill_per_layer[4]: 0.003472222222222222
ideal_bandwidth_update_per_layer[4]: 1.0
level.write_bandwidth: 1
total data (for bandwidth): 8522956800
scaling_per_layer[4]: 8493465600
SLOWDOWN CASE latency_fill_update_per_layer[4]: 1.0034722222222223


Layer_id: 5 in AccumulationIntermediateOutputRegister

ideal_bandwidth_read_per_layer[5] + ideal_bandwidth_drain_per_layer[5]: 1.0 vs level.read_bandwidth: 1
I am in Compute Bound
cc_per_all_tiles_per_layer[5]: 1
STANDARD CASE latency_read_drain_per_layer[5]: 1

ideal_bandwidth_fill_per_layer[5] + ideal_bandwidth_update_per_layer[5]: 1.0034722222222223 vs level.write_bandwidth: 1
ideal_bandwidth_fill_per_layer[5]: 0.003472222222222222
ideal_bandwidth_update_per_layer[5]: 1.0
level.write_bandwidth: 1
total data (for bandwidth): 8522956800
scaling_per_layer[5]: 8493465600
SLOWDOWN CASE latency_fill_update_per_layer[5]: 1.0034722222222223


Layer_id: 6 in AccumulationIntermediateOutputRegister

ideal_bandwidth_read_per_layer[6] + ideal_bandwidth_drain_per_layer[6]: 1.0 vs level.read_bandwidth: 1
I am in Compute Bound
cc_per_all_tiles_per_layer[6]: 1
STANDARD CASE latency_read_drain_per_layer[6]: 1

ideal_bandwidth_fill_per_layer[6] + ideal_bandwidth_update_per_layer[6]: 1.0034722222222223 vs level.write_bandwidth: 1
ideal_bandwidth_fill_per_layer[6]: 0.003472222222222222
ideal_bandwidth_update_per_layer[6]: 1.0
level.write_bandwidth: 1
total data (for bandwidth): 8522956800
scaling_per_layer[6]: 8493465600
SLOWDOWN CASE latency_fill_update_per_layer[6]: 1.0034722222222223


Layer_id: 7 in AccumulationIntermediateOutputRegister

ideal_bandwidth_read_per_layer[7] + ideal_bandwidth_drain_per_layer[7]: 1.0 vs level.read_bandwidth: 1
I am in Compute Bound
cc_per_all_tiles_per_layer[7]: 1
STANDARD CASE latency_read_drain_per_layer[7]: 1

ideal_bandwidth_fill_per_layer[7] + ideal_bandwidth_update_per_layer[7]: 1.0034722222222223 vs level.write_bandwidth: 1
ideal_bandwidth_fill_per_layer[7]: 0.003472222222222222
ideal_bandwidth_update_per_layer[7]: 1.0
level.write_bandwidth: 1
total data (for bandwidth): 8522956800
scaling_per_layer[7]: 8493465600
SLOWDOWN CASE latency_fill_update_per_layer[7]: 1.0034722222222223


Layer_id: 8 in AccumulationIntermediateOutputRegister

ideal_bandwidth_read_per_layer[8] + ideal_bandwidth_drain_per_layer[8]: 1.0 vs level.read_bandwidth: 1
I am in Compute Bound
cc_per_all_tiles_per_layer[8]: 1
STANDARD CASE latency_read_drain_per_layer[8]: 1

ideal_bandwidth_fill_per_layer[8] + ideal_bandwidth_update_per_layer[8]: 1.0034722222222223 vs level.write_bandwidth: 1
ideal_bandwidth_fill_per_layer[8]: 0.003472222222222222
ideal_bandwidth_update_per_layer[8]: 1.0
level.write_bandwidth: 1
total data (for bandwidth): 8522956800
scaling_per_layer[8]: 8493465600
SLOWDOWN CASE latency_fill_update_per_layer[8]: 1.0034722222222223


Layer_id: 9 in AccumulationIntermediateOutputRegister

ideal_bandwidth_read_per_layer[9] + ideal_bandwidth_drain_per_layer[9]: 1.0 vs level.read_bandwidth: 1
I am in Compute Bound
cc_per_all_tiles_per_layer[9]: 1
STANDARD CASE latency_read_drain_per_layer[9]: 1

ideal_bandwidth_fill_per_layer[9] + ideal_bandwidth_update_per_layer[9]: 1.0034722222222223 vs level.write_bandwidth: 1
ideal_bandwidth_fill_per_layer[9]: 0.003472222222222222
ideal_bandwidth_update_per_layer[9]: 1.0
level.write_bandwidth: 1
total data (for bandwidth): 8522956800
scaling_per_layer[9]: 8493465600
SLOWDOWN CASE latency_fill_update_per_layer[9]: 1.0034722222222223


Layer_id: 10 in AccumulationIntermediateOutputRegister

ideal_bandwidth_read_per_layer[10] + ideal_bandwidth_drain_per_layer[10]: 0.96875 vs level.read_bandwidth: 1
I am in Compute Bound
cc_per_all_tiles_per_layer[10]: 1
STANDARD CASE latency_read_drain_per_layer[10]: 1

ideal_bandwidth_fill_per_layer[10] + ideal_bandwidth_update_per_layer[10]: 1.0 vs level.write_bandwidth: 1
previous_fanout_pe_to_pe_warmup: 0
STANDARD CASE latency_fill_update_per_layer[10]: 1

End of calculation of latency.

Calculating per tile final latency and stall for layer 0 in AccumulationIntermediateOutputRegister: latency_read_drain_per_layer[0] = 1, latency_fill_update_per_layer[0] = 1.037037037037037
Final per tile latency_per_layer[0]: 1
Final per tile stall_cycles_per_layer[0]: 0
Ideal case: no stall introduced by this level per this layer: cc_per_all_tiles_per_layer[0]: 1
Calculating per tile final latency and stall for layer 1 in AccumulationIntermediateOutputRegister: latency_read_drain_per_layer[1] = 1, latency_fill_update_per_layer[1] = 1.0034722222222223
Final per tile latency_per_layer[1]: 1
Final per tile stall_cycles_per_layer[1]: 0
Ideal case: no stall introduced by this level per this layer: cc_per_all_tiles_per_layer[1]: 1
Calculating per tile final latency and stall for layer 2 in AccumulationIntermediateOutputRegister: latency_read_drain_per_layer[2] = 1, latency_fill_update_per_layer[2] = 1.0034722222222223
Final per tile latency_per_layer[2]: 1
Final per tile stall_cycles_per_layer[2]: 0
Ideal case: no stall introduced by this level per this layer: cc_per_all_tiles_per_layer[2]: 1
Calculating per tile final latency and stall for layer 3 in AccumulationIntermediateOutputRegister: latency_read_drain_per_layer[3] = 1, latency_fill_update_per_layer[3] = 1.0034722222222223
Final per tile latency_per_layer[3]: 1
Final per tile stall_cycles_per_layer[3]: 0
Ideal case: no stall introduced by this level per this layer: cc_per_all_tiles_per_layer[3]: 1
Calculating per tile final latency and stall for layer 4 in AccumulationIntermediateOutputRegister: latency_read_drain_per_layer[4] = 1, latency_fill_update_per_layer[4] = 1.0034722222222223
Final per tile latency_per_layer[4]: 1
Final per tile stall_cycles_per_layer[4]: 0
Ideal case: no stall introduced by this level per this layer: cc_per_all_tiles_per_layer[4]: 1
Calculating per tile final latency and stall for layer 5 in AccumulationIntermediateOutputRegister: latency_read_drain_per_layer[5] = 1, latency_fill_update_per_layer[5] = 1.0034722222222223
Final per tile latency_per_layer[5]: 1
Final per tile stall_cycles_per_layer[5]: 0
Ideal case: no stall introduced by this level per this layer: cc_per_all_tiles_per_layer[5]: 1
Calculating per tile final latency and stall for layer 6 in AccumulationIntermediateOutputRegister: latency_read_drain_per_layer[6] = 1, latency_fill_update_per_layer[6] = 1.0034722222222223
Final per tile latency_per_layer[6]: 1
Final per tile stall_cycles_per_layer[6]: 0
Ideal case: no stall introduced by this level per this layer: cc_per_all_tiles_per_layer[6]: 1
Calculating per tile final latency and stall for layer 7 in AccumulationIntermediateOutputRegister: latency_read_drain_per_layer[7] = 1, latency_fill_update_per_layer[7] = 1.0034722222222223
Final per tile latency_per_layer[7]: 1
Final per tile stall_cycles_per_layer[7]: 0
Ideal case: no stall introduced by this level per this layer: cc_per_all_tiles_per_layer[7]: 1
Calculating per tile final latency and stall for layer 8 in AccumulationIntermediateOutputRegister: latency_read_drain_per_layer[8] = 1, latency_fill_update_per_layer[8] = 1.0034722222222223
Final per tile latency_per_layer[8]: 1
Final per tile stall_cycles_per_layer[8]: 0
Ideal case: no stall introduced by this level per this layer: cc_per_all_tiles_per_layer[8]: 1
Calculating per tile final latency and stall for layer 9 in AccumulationIntermediateOutputRegister: latency_read_drain_per_layer[9] = 1, latency_fill_update_per_layer[9] = 1.0034722222222223
Final per tile latency_per_layer[9]: 1
Final per tile stall_cycles_per_layer[9]: 0
Ideal case: no stall introduced by this level per this layer: cc_per_all_tiles_per_layer[9]: 1
Calculating per tile final latency and stall for layer 10 in AccumulationIntermediateOutputRegister: latency_read_drain_per_layer[10] = 1, latency_fill_update_per_layer[10] = 1
Final per tile latency_per_layer[10]: 1
Final per tile stall_cycles_per_layer[10]: 0
Ideal case: no stall introduced by this level per this layer: cc_per_all_tiles_per_layer[10]: 1


Calculating Latency for Level: WeightMemory

Latency for layer: 0 of Level: WeightMemory
level.active_instances_per_layer[0]: 1
level.temporal_iterations_per_layer[0]: 7200
Scaling per layer[0]: 7,200
Single Tile latency: cc_per_tile_per_layer[0]: 1.037037037037037
Ideal Case, Latency at this level without stalls: cc_per_all_tiles_per_layer[0]: 56.0
SCALED cc_per_all_tiles_per_layer[0]: 403,200
level.getReadPerLayer[0](): 6,220,800
  (For comparison - full reads including accumulation: 6,220,800)
ideal_bandwidth_read_per_layer[0]: 15.428571428571429
level.getDrainPerLayer[0](): 0
ideal_bandwidth_drain_per_layer[0]: 0.0
ideal_bandwidth_update_per_layer[0]: 0.0
  (For comparison - full updates including accumulation: 0)
level.getFillPerLayer[0](): 864
ideal_bandwidth_fill_per_layer[0]: 0.002142857142857143

Latency for layer: 1 of Level: WeightMemory
level.active_instances_per_layer[1]: 1
level.temporal_iterations_per_layer[1]: 7200
Scaling per layer[1]: 7,200
Single Tile latency: cc_per_tile_per_layer[1]: 1.0034722222222223
Ideal Case, Latency at this level without stalls: cc_per_all_tiles_per_layer[1]: 578.0
SCALED cc_per_all_tiles_per_layer[1]: 4,161,600
level.getReadPerLayer[1](): 66,355,200
  (For comparison - full reads including accumulation: 66,355,200)
ideal_bandwidth_read_per_layer[1]: 15.944636678200691
level.getDrainPerLayer[1](): 0
ideal_bandwidth_drain_per_layer[1]: 0.0
ideal_bandwidth_update_per_layer[1]: 0.0
  (For comparison - full updates including accumulation: 0)
level.getFillPerLayer[1](): 9,216
ideal_bandwidth_fill_per_layer[1]: 0.0022145328719723185

Latency for layer: 2 of Level: WeightMemory
level.active_instances_per_layer[2]: 1
level.temporal_iterations_per_layer[2]: 7200
Scaling per layer[2]: 7,200
Single Tile latency: cc_per_tile_per_layer[2]: 1.0034722222222223
Ideal Case, Latency at this level without stalls: cc_per_all_tiles_per_layer[2]: 578.0
SCALED cc_per_all_tiles_per_layer[2]: 4,161,600
level.getReadPerLayer[2](): 66,355,200
  (For comparison - full reads including accumulation: 66,355,200)
ideal_bandwidth_read_per_layer[2]: 15.944636678200691
level.getDrainPerLayer[2](): 0
ideal_bandwidth_drain_per_layer[2]: 0.0
ideal_bandwidth_update_per_layer[2]: 0.0
  (For comparison - full updates including accumulation: 0)
level.getFillPerLayer[2](): 9,216
ideal_bandwidth_fill_per_layer[2]: 0.0022145328719723185

Latency for layer: 3 of Level: WeightMemory
level.active_instances_per_layer[3]: 1
level.temporal_iterations_per_layer[3]: 7200
Scaling per layer[3]: 7,200
Single Tile latency: cc_per_tile_per_layer[3]: 1.0034722222222223
Ideal Case, Latency at this level without stalls: cc_per_all_tiles_per_layer[3]: 578.0
SCALED cc_per_all_tiles_per_layer[3]: 4,161,600
level.getReadPerLayer[3](): 66,355,200
  (For comparison - full reads including accumulation: 66,355,200)
ideal_bandwidth_read_per_layer[3]: 15.944636678200691
level.getDrainPerLayer[3](): 0
ideal_bandwidth_drain_per_layer[3]: 0.0
ideal_bandwidth_update_per_layer[3]: 0.0
  (For comparison - full updates including accumulation: 0)
level.getFillPerLayer[3](): 9,216
ideal_bandwidth_fill_per_layer[3]: 0.0022145328719723185

Latency for layer: 4 of Level: WeightMemory
level.active_instances_per_layer[4]: 1
level.temporal_iterations_per_layer[4]: 7200
Scaling per layer[4]: 7,200
Single Tile latency: cc_per_tile_per_layer[4]: 1.0034722222222223
Ideal Case, Latency at this level without stalls: cc_per_all_tiles_per_layer[4]: 578.0
SCALED cc_per_all_tiles_per_layer[4]: 4,161,600
level.getReadPerLayer[4](): 66,355,200
  (For comparison - full reads including accumulation: 66,355,200)
ideal_bandwidth_read_per_layer[4]: 15.944636678200691
level.getDrainPerLayer[4](): 0
ideal_bandwidth_drain_per_layer[4]: 0.0
ideal_bandwidth_update_per_layer[4]: 0.0
  (For comparison - full updates including accumulation: 0)
level.getFillPerLayer[4](): 9,216
ideal_bandwidth_fill_per_layer[4]: 0.0022145328719723185

Latency for layer: 5 of Level: WeightMemory
level.active_instances_per_layer[5]: 1
level.temporal_iterations_per_layer[5]: 7200
Scaling per layer[5]: 7,200
Single Tile latency: cc_per_tile_per_layer[5]: 1.0034722222222223
Ideal Case, Latency at this level without stalls: cc_per_all_tiles_per_layer[5]: 578.0
SCALED cc_per_all_tiles_per_layer[5]: 4,161,600
level.getReadPerLayer[5](): 66,355,200
  (For comparison - full reads including accumulation: 66,355,200)
ideal_bandwidth_read_per_layer[5]: 15.944636678200691
level.getDrainPerLayer[5](): 0
ideal_bandwidth_drain_per_layer[5]: 0.0
ideal_bandwidth_update_per_layer[5]: 0.0
  (For comparison - full updates including accumulation: 0)
level.getFillPerLayer[5](): 9,216
ideal_bandwidth_fill_per_layer[5]: 0.0022145328719723185

Latency for layer: 6 of Level: WeightMemory
level.active_instances_per_layer[6]: 1
level.temporal_iterations_per_layer[6]: 7200
Scaling per layer[6]: 7,200
Single Tile latency: cc_per_tile_per_layer[6]: 1.0034722222222223
Ideal Case, Latency at this level without stalls: cc_per_all_tiles_per_layer[6]: 578.0
SCALED cc_per_all_tiles_per_layer[6]: 4,161,600
level.getReadPerLayer[6](): 66,355,200
  (For comparison - full reads including accumulation: 66,355,200)
ideal_bandwidth_read_per_layer[6]: 15.944636678200691
level.getDrainPerLayer[6](): 0
ideal_bandwidth_drain_per_layer[6]: 0.0
ideal_bandwidth_update_per_layer[6]: 0.0
  (For comparison - full updates including accumulation: 0)
level.getFillPerLayer[6](): 9,216
ideal_bandwidth_fill_per_layer[6]: 0.0022145328719723185

Latency for layer: 7 of Level: WeightMemory
level.active_instances_per_layer[7]: 1
level.temporal_iterations_per_layer[7]: 7200
Scaling per layer[7]: 7,200
Single Tile latency: cc_per_tile_per_layer[7]: 1.0034722222222223
Ideal Case, Latency at this level without stalls: cc_per_all_tiles_per_layer[7]: 578.0
SCALED cc_per_all_tiles_per_layer[7]: 4,161,600
level.getReadPerLayer[7](): 66,355,200
  (For comparison - full reads including accumulation: 66,355,200)
ideal_bandwidth_read_per_layer[7]: 15.944636678200691
level.getDrainPerLayer[7](): 0
ideal_bandwidth_drain_per_layer[7]: 0.0
ideal_bandwidth_update_per_layer[7]: 0.0
  (For comparison - full updates including accumulation: 0)
level.getFillPerLayer[7](): 9,216
ideal_bandwidth_fill_per_layer[7]: 0.0022145328719723185

Latency for layer: 8 of Level: WeightMemory
level.active_instances_per_layer[8]: 1
level.temporal_iterations_per_layer[8]: 7200
Scaling per layer[8]: 7,200
Single Tile latency: cc_per_tile_per_layer[8]: 1.0034722222222223
Ideal Case, Latency at this level without stalls: cc_per_all_tiles_per_layer[8]: 578.0
SCALED cc_per_all_tiles_per_layer[8]: 4,161,600
level.getReadPerLayer[8](): 66,355,200
  (For comparison - full reads including accumulation: 66,355,200)
ideal_bandwidth_read_per_layer[8]: 15.944636678200691
level.getDrainPerLayer[8](): 0
ideal_bandwidth_drain_per_layer[8]: 0.0
ideal_bandwidth_update_per_layer[8]: 0.0
  (For comparison - full updates including accumulation: 0)
level.getFillPerLayer[8](): 9,216
ideal_bandwidth_fill_per_layer[8]: 0.0022145328719723185

Latency for layer: 9 of Level: WeightMemory
level.active_instances_per_layer[9]: 1
level.temporal_iterations_per_layer[9]: 7200
Scaling per layer[9]: 7,200
Single Tile latency: cc_per_tile_per_layer[9]: 1.0034722222222223
Ideal Case, Latency at this level without stalls: cc_per_all_tiles_per_layer[9]: 578.0
SCALED cc_per_all_tiles_per_layer[9]: 4,161,600
level.getReadPerLayer[9](): 66,355,200
  (For comparison - full reads including accumulation: 66,355,200)
ideal_bandwidth_read_per_layer[9]: 15.944636678200691
level.getDrainPerLayer[9](): 0
ideal_bandwidth_drain_per_layer[9]: 0.0
ideal_bandwidth_update_per_layer[9]: 0.0
  (For comparison - full updates including accumulation: 0)
level.getFillPerLayer[9](): 9,216
ideal_bandwidth_fill_per_layer[9]: 0.0022145328719723185

Latency for layer: 10 of Level: WeightMemory
level.active_instances_per_layer[10]: 1
level.temporal_iterations_per_layer[10]: 7200
Scaling per layer[10]: 7,200
Single Tile latency: cc_per_tile_per_layer[10]: 1
Ideal Case, Latency at this level without stalls: cc_per_all_tiles_per_layer[10]: 32
SCALED cc_per_all_tiles_per_layer[10]: 230,400
level.getReadPerLayer[10](): 3,686,400
  (For comparison - full reads including accumulation: 3,686,400)
ideal_bandwidth_read_per_layer[10]: 16.0
level.getDrainPerLayer[10](): 0
ideal_bandwidth_drain_per_layer[10]: 0.0
ideal_bandwidth_update_per_layer[10]: 0.0
  (For comparison - full updates including accumulation: 0)
level.getFillPerLayer[10](): 512
ideal_bandwidth_fill_per_layer[10]: 0.0022222222222222222

Start of calculation of latency:


Layer_id: 0 in WeightMemory

ideal_bandwidth_read_per_layer[0] + ideal_bandwidth_drain_per_layer[0]: 15.428571428571429 vs level.read_bandwidth: 16.0
I am in Compute Bound
cc_per_all_tiles_per_layer[0]: 56.0
STANDARD CASE latency_read_drain_per_layer[0]: 56.0

ideal_bandwidth_fill_per_layer[0] + ideal_bandwidth_update_per_layer[0]: 0.002142857142857143 vs level.write_bandwidth: 16.0
previous_fanout_pe_to_pe_warmup: 0
STANDARD CASE latency_fill_update_per_layer[0]: 56.0


Layer_id: 1 in WeightMemory

ideal_bandwidth_read_per_layer[1] + ideal_bandwidth_drain_per_layer[1]: 15.944636678200691 vs level.read_bandwidth: 16.0
I am in Compute Bound
cc_per_all_tiles_per_layer[1]: 578.0
STANDARD CASE latency_read_drain_per_layer[1]: 578.0

ideal_bandwidth_fill_per_layer[1] + ideal_bandwidth_update_per_layer[1]: 0.0022145328719723185 vs level.write_bandwidth: 16.0
previous_fanout_pe_to_pe_warmup: 0
STANDARD CASE latency_fill_update_per_layer[1]: 578.0


Layer_id: 2 in WeightMemory

ideal_bandwidth_read_per_layer[2] + ideal_bandwidth_drain_per_layer[2]: 15.944636678200691 vs level.read_bandwidth: 16.0
I am in Compute Bound
cc_per_all_tiles_per_layer[2]: 578.0
STANDARD CASE latency_read_drain_per_layer[2]: 578.0

ideal_bandwidth_fill_per_layer[2] + ideal_bandwidth_update_per_layer[2]: 0.0022145328719723185 vs level.write_bandwidth: 16.0
previous_fanout_pe_to_pe_warmup: 0
STANDARD CASE latency_fill_update_per_layer[2]: 578.0


Layer_id: 3 in WeightMemory

ideal_bandwidth_read_per_layer[3] + ideal_bandwidth_drain_per_layer[3]: 15.944636678200691 vs level.read_bandwidth: 16.0
I am in Compute Bound
cc_per_all_tiles_per_layer[3]: 578.0
STANDARD CASE latency_read_drain_per_layer[3]: 578.0

ideal_bandwidth_fill_per_layer[3] + ideal_bandwidth_update_per_layer[3]: 0.0022145328719723185 vs level.write_bandwidth: 16.0
previous_fanout_pe_to_pe_warmup: 0
STANDARD CASE latency_fill_update_per_layer[3]: 578.0


Layer_id: 4 in WeightMemory

ideal_bandwidth_read_per_layer[4] + ideal_bandwidth_drain_per_layer[4]: 15.944636678200691 vs level.read_bandwidth: 16.0
I am in Compute Bound
cc_per_all_tiles_per_layer[4]: 578.0
STANDARD CASE latency_read_drain_per_layer[4]: 578.0

ideal_bandwidth_fill_per_layer[4] + ideal_bandwidth_update_per_layer[4]: 0.0022145328719723185 vs level.write_bandwidth: 16.0
previous_fanout_pe_to_pe_warmup: 0
STANDARD CASE latency_fill_update_per_layer[4]: 578.0


Layer_id: 5 in WeightMemory

ideal_bandwidth_read_per_layer[5] + ideal_bandwidth_drain_per_layer[5]: 15.944636678200691 vs level.read_bandwidth: 16.0
I am in Compute Bound
cc_per_all_tiles_per_layer[5]: 578.0
STANDARD CASE latency_read_drain_per_layer[5]: 578.0

ideal_bandwidth_fill_per_layer[5] + ideal_bandwidth_update_per_layer[5]: 0.0022145328719723185 vs level.write_bandwidth: 16.0
previous_fanout_pe_to_pe_warmup: 0
STANDARD CASE latency_fill_update_per_layer[5]: 578.0


Layer_id: 6 in WeightMemory

ideal_bandwidth_read_per_layer[6] + ideal_bandwidth_drain_per_layer[6]: 15.944636678200691 vs level.read_bandwidth: 16.0
I am in Compute Bound
cc_per_all_tiles_per_layer[6]: 578.0
STANDARD CASE latency_read_drain_per_layer[6]: 578.0

ideal_bandwidth_fill_per_layer[6] + ideal_bandwidth_update_per_layer[6]: 0.0022145328719723185 vs level.write_bandwidth: 16.0
previous_fanout_pe_to_pe_warmup: 0
STANDARD CASE latency_fill_update_per_layer[6]: 578.0


Layer_id: 7 in WeightMemory

ideal_bandwidth_read_per_layer[7] + ideal_bandwidth_drain_per_layer[7]: 15.944636678200691 vs level.read_bandwidth: 16.0
I am in Compute Bound
cc_per_all_tiles_per_layer[7]: 578.0
STANDARD CASE latency_read_drain_per_layer[7]: 578.0

ideal_bandwidth_fill_per_layer[7] + ideal_bandwidth_update_per_layer[7]: 0.0022145328719723185 vs level.write_bandwidth: 16.0
previous_fanout_pe_to_pe_warmup: 0
STANDARD CASE latency_fill_update_per_layer[7]: 578.0


Layer_id: 8 in WeightMemory

ideal_bandwidth_read_per_layer[8] + ideal_bandwidth_drain_per_layer[8]: 15.944636678200691 vs level.read_bandwidth: 16.0
I am in Compute Bound
cc_per_all_tiles_per_layer[8]: 578.0
STANDARD CASE latency_read_drain_per_layer[8]: 578.0

ideal_bandwidth_fill_per_layer[8] + ideal_bandwidth_update_per_layer[8]: 0.0022145328719723185 vs level.write_bandwidth: 16.0
previous_fanout_pe_to_pe_warmup: 0
STANDARD CASE latency_fill_update_per_layer[8]: 578.0


Layer_id: 9 in WeightMemory

ideal_bandwidth_read_per_layer[9] + ideal_bandwidth_drain_per_layer[9]: 15.944636678200691 vs level.read_bandwidth: 16.0
I am in Compute Bound
cc_per_all_tiles_per_layer[9]: 578.0
STANDARD CASE latency_read_drain_per_layer[9]: 578.0

ideal_bandwidth_fill_per_layer[9] + ideal_bandwidth_update_per_layer[9]: 0.0022145328719723185 vs level.write_bandwidth: 16.0
previous_fanout_pe_to_pe_warmup: 0
STANDARD CASE latency_fill_update_per_layer[9]: 578.0


Layer_id: 10 in WeightMemory

ideal_bandwidth_read_per_layer[10] + ideal_bandwidth_drain_per_layer[10]: 16.0 vs level.read_bandwidth: 16.0
I am in Compute Bound
cc_per_all_tiles_per_layer[10]: 32
STANDARD CASE latency_read_drain_per_layer[10]: 32

ideal_bandwidth_fill_per_layer[10] + ideal_bandwidth_update_per_layer[10]: 0.0022222222222222222 vs level.write_bandwidth: 16.0
previous_fanout_pe_to_pe_warmup: 0
STANDARD CASE latency_fill_update_per_layer[10]: 32

End of calculation of latency.

Calculating per tile final latency and stall for layer 0 in WeightMemory: latency_read_drain_per_layer[0] = 56.0, latency_fill_update_per_layer[0] = 56.0
Final per tile latency_per_layer[0]: 56
Final per tile stall_cycles_per_layer[0]: 0
Ideal case: no stall introduced by this level per this layer: cc_per_all_tiles_per_layer[0]: 56
Calculating per tile final latency and stall for layer 1 in WeightMemory: latency_read_drain_per_layer[1] = 578.0, latency_fill_update_per_layer[1] = 578.0
Final per tile latency_per_layer[1]: 578
Final per tile stall_cycles_per_layer[1]: 0
Ideal case: no stall introduced by this level per this layer: cc_per_all_tiles_per_layer[1]: 578
Calculating per tile final latency and stall for layer 2 in WeightMemory: latency_read_drain_per_layer[2] = 578.0, latency_fill_update_per_layer[2] = 578.0
Final per tile latency_per_layer[2]: 578
Final per tile stall_cycles_per_layer[2]: 0
Ideal case: no stall introduced by this level per this layer: cc_per_all_tiles_per_layer[2]: 578
Calculating per tile final latency and stall for layer 3 in WeightMemory: latency_read_drain_per_layer[3] = 578.0, latency_fill_update_per_layer[3] = 578.0
Final per tile latency_per_layer[3]: 578
Final per tile stall_cycles_per_layer[3]: 0
Ideal case: no stall introduced by this level per this layer: cc_per_all_tiles_per_layer[3]: 578
Calculating per tile final latency and stall for layer 4 in WeightMemory: latency_read_drain_per_layer[4] = 578.0, latency_fill_update_per_layer[4] = 578.0
Final per tile latency_per_layer[4]: 578
Final per tile stall_cycles_per_layer[4]: 0
Ideal case: no stall introduced by this level per this layer: cc_per_all_tiles_per_layer[4]: 578
Calculating per tile final latency and stall for layer 5 in WeightMemory: latency_read_drain_per_layer[5] = 578.0, latency_fill_update_per_layer[5] = 578.0
Final per tile latency_per_layer[5]: 578
Final per tile stall_cycles_per_layer[5]: 0
Ideal case: no stall introduced by this level per this layer: cc_per_all_tiles_per_layer[5]: 578
Calculating per tile final latency and stall for layer 6 in WeightMemory: latency_read_drain_per_layer[6] = 578.0, latency_fill_update_per_layer[6] = 578.0
Final per tile latency_per_layer[6]: 578
Final per tile stall_cycles_per_layer[6]: 0
Ideal case: no stall introduced by this level per this layer: cc_per_all_tiles_per_layer[6]: 578
Calculating per tile final latency and stall for layer 7 in WeightMemory: latency_read_drain_per_layer[7] = 578.0, latency_fill_update_per_layer[7] = 578.0
Final per tile latency_per_layer[7]: 578
Final per tile stall_cycles_per_layer[7]: 0
Ideal case: no stall introduced by this level per this layer: cc_per_all_tiles_per_layer[7]: 578
Calculating per tile final latency and stall for layer 8 in WeightMemory: latency_read_drain_per_layer[8] = 578.0, latency_fill_update_per_layer[8] = 578.0
Final per tile latency_per_layer[8]: 578
Final per tile stall_cycles_per_layer[8]: 0
Ideal case: no stall introduced by this level per this layer: cc_per_all_tiles_per_layer[8]: 578
Calculating per tile final latency and stall for layer 9 in WeightMemory: latency_read_drain_per_layer[9] = 578.0, latency_fill_update_per_layer[9] = 578.0
Final per tile latency_per_layer[9]: 578
Final per tile stall_cycles_per_layer[9]: 0
Ideal case: no stall introduced by this level per this layer: cc_per_all_tiles_per_layer[9]: 578
Calculating per tile final latency and stall for layer 10 in WeightMemory: latency_read_drain_per_layer[10] = 32, latency_fill_update_per_layer[10] = 32
Final per tile latency_per_layer[10]: 32
Final per tile stall_cycles_per_layer[10]: 0
Ideal case: no stall introduced by this level per this layer: cc_per_all_tiles_per_layer[10]: 32


Calculating Latency for Level: FeatureMemory

Latency for layer: 0 of Level: FeatureMemory
level.active_instances_per_layer[0]: 1
level.temporal_iterations_per_layer[0]: 7200
Scaling per layer[0]: 7,200
Single Tile latency: cc_per_tile_per_layer[0]: 56.0
Ideal Case, Latency at this level without stalls: cc_per_all_tiles_per_layer[0]: 56.0
SCALED cc_per_all_tiles_per_layer[0]: 403,200
level.getReadPerLayer[0](): 79,257,600
  (For comparison - full reads including accumulation: 79,257,600)
ideal_bandwidth_read_per_layer[0]: 196.57142857142858
level.getDrainPerLayer[0](): 0
ideal_bandwidth_drain_per_layer[0]: 0.0
ideal_bandwidth_update_per_layer[0]: 73.14285714285714
  (For comparison - full updates including accumulation: 29,491,200)
level.getFillPerLayer[0](): 2,764,800
ideal_bandwidth_fill_per_layer[0]: 6.857142857142857

Latency for layer: 1 of Level: FeatureMemory
level.active_instances_per_layer[1]: 1
level.temporal_iterations_per_layer[1]: 7200
Scaling per layer[1]: 7,200
Single Tile latency: cc_per_tile_per_layer[1]: 578.0
Ideal Case, Latency at this level without stalls: cc_per_all_tiles_per_layer[1]: 578.0
SCALED cc_per_all_tiles_per_layer[1]: 4,161,600
level.getReadPerLayer[1](): 560,332,800
  (For comparison - full reads including accumulation: 560,332,800)
ideal_bandwidth_read_per_layer[1]: 134.64359861591694
level.getDrainPerLayer[1](): 0
ideal_bandwidth_drain_per_layer[1]: 0.0
ideal_bandwidth_update_per_layer[1]: 7.086505190311419
  (For comparison - full updates including accumulation: 29,491,200)
level.getFillPerLayer[1](): 0
ideal_bandwidth_fill_per_layer[1]: 0.0

Latency for layer: 2 of Level: FeatureMemory
level.active_instances_per_layer[2]: 1
level.temporal_iterations_per_layer[2]: 7200
Scaling per layer[2]: 7,200
Single Tile latency: cc_per_tile_per_layer[2]: 578.0
Ideal Case, Latency at this level without stalls: cc_per_all_tiles_per_layer[2]: 578.0
SCALED cc_per_all_tiles_per_layer[2]: 4,161,600
level.getReadPerLayer[2](): 560,332,800
  (For comparison - full reads including accumulation: 560,332,800)
ideal_bandwidth_read_per_layer[2]: 134.64359861591694
level.getDrainPerLayer[2](): 0
ideal_bandwidth_drain_per_layer[2]: 0.0
ideal_bandwidth_update_per_layer[2]: 7.086505190311419
  (For comparison - full updates including accumulation: 29,491,200)
level.getFillPerLayer[2](): 0
ideal_bandwidth_fill_per_layer[2]: 0.0

Latency for layer: 3 of Level: FeatureMemory
level.active_instances_per_layer[3]: 1
level.temporal_iterations_per_layer[3]: 7200
Scaling per layer[3]: 7,200
Single Tile latency: cc_per_tile_per_layer[3]: 578.0
Ideal Case, Latency at this level without stalls: cc_per_all_tiles_per_layer[3]: 578.0
SCALED cc_per_all_tiles_per_layer[3]: 4,161,600
level.getReadPerLayer[3](): 560,332,800
  (For comparison - full reads including accumulation: 560,332,800)
ideal_bandwidth_read_per_layer[3]: 134.64359861591694
level.getDrainPerLayer[3](): 0
ideal_bandwidth_drain_per_layer[3]: 0.0
ideal_bandwidth_update_per_layer[3]: 7.086505190311419
  (For comparison - full updates including accumulation: 29,491,200)
level.getFillPerLayer[3](): 0
ideal_bandwidth_fill_per_layer[3]: 0.0

Latency for layer: 4 of Level: FeatureMemory
level.active_instances_per_layer[4]: 1
level.temporal_iterations_per_layer[4]: 7200
Scaling per layer[4]: 7,200
Single Tile latency: cc_per_tile_per_layer[4]: 578.0
Ideal Case, Latency at this level without stalls: cc_per_all_tiles_per_layer[4]: 578.0
SCALED cc_per_all_tiles_per_layer[4]: 4,161,600
level.getReadPerLayer[4](): 560,332,800
  (For comparison - full reads including accumulation: 560,332,800)
ideal_bandwidth_read_per_layer[4]: 134.64359861591694
level.getDrainPerLayer[4](): 0
ideal_bandwidth_drain_per_layer[4]: 0.0
ideal_bandwidth_update_per_layer[4]: 7.086505190311419
  (For comparison - full updates including accumulation: 29,491,200)
level.getFillPerLayer[4](): 0
ideal_bandwidth_fill_per_layer[4]: 0.0

Latency for layer: 5 of Level: FeatureMemory
level.active_instances_per_layer[5]: 1
level.temporal_iterations_per_layer[5]: 7200
Scaling per layer[5]: 7,200
Single Tile latency: cc_per_tile_per_layer[5]: 578.0
Ideal Case, Latency at this level without stalls: cc_per_all_tiles_per_layer[5]: 578.0
SCALED cc_per_all_tiles_per_layer[5]: 4,161,600
level.getReadPerLayer[5](): 560,332,800
  (For comparison - full reads including accumulation: 560,332,800)
ideal_bandwidth_read_per_layer[5]: 134.64359861591694
level.getDrainPerLayer[5](): 0
ideal_bandwidth_drain_per_layer[5]: 0.0
ideal_bandwidth_update_per_layer[5]: 7.086505190311419
  (For comparison - full updates including accumulation: 29,491,200)
level.getFillPerLayer[5](): 0
ideal_bandwidth_fill_per_layer[5]: 0.0

Latency for layer: 6 of Level: FeatureMemory
level.active_instances_per_layer[6]: 1
level.temporal_iterations_per_layer[6]: 7200
Scaling per layer[6]: 7,200
Single Tile latency: cc_per_tile_per_layer[6]: 578.0
Ideal Case, Latency at this level without stalls: cc_per_all_tiles_per_layer[6]: 578.0
SCALED cc_per_all_tiles_per_layer[6]: 4,161,600
level.getReadPerLayer[6](): 560,332,800
  (For comparison - full reads including accumulation: 560,332,800)
ideal_bandwidth_read_per_layer[6]: 134.64359861591694
level.getDrainPerLayer[6](): 0
ideal_bandwidth_drain_per_layer[6]: 0.0
ideal_bandwidth_update_per_layer[6]: 7.086505190311419
  (For comparison - full updates including accumulation: 29,491,200)
level.getFillPerLayer[6](): 0
ideal_bandwidth_fill_per_layer[6]: 0.0

Latency for layer: 7 of Level: FeatureMemory
level.active_instances_per_layer[7]: 1
level.temporal_iterations_per_layer[7]: 7200
Scaling per layer[7]: 7,200
Single Tile latency: cc_per_tile_per_layer[7]: 578.0
Ideal Case, Latency at this level without stalls: cc_per_all_tiles_per_layer[7]: 578.0
SCALED cc_per_all_tiles_per_layer[7]: 4,161,600
level.getReadPerLayer[7](): 560,332,800
  (For comparison - full reads including accumulation: 560,332,800)
ideal_bandwidth_read_per_layer[7]: 134.64359861591694
level.getDrainPerLayer[7](): 0
ideal_bandwidth_drain_per_layer[7]: 0.0
ideal_bandwidth_update_per_layer[7]: 7.086505190311419
  (For comparison - full updates including accumulation: 29,491,200)
level.getFillPerLayer[7](): 0
ideal_bandwidth_fill_per_layer[7]: 0.0

Latency for layer: 8 of Level: FeatureMemory
level.active_instances_per_layer[8]: 1
level.temporal_iterations_per_layer[8]: 7200
Scaling per layer[8]: 7,200
Single Tile latency: cc_per_tile_per_layer[8]: 578.0
Ideal Case, Latency at this level without stalls: cc_per_all_tiles_per_layer[8]: 578.0
SCALED cc_per_all_tiles_per_layer[8]: 4,161,600
level.getReadPerLayer[8](): 560,332,800
  (For comparison - full reads including accumulation: 560,332,800)
ideal_bandwidth_read_per_layer[8]: 134.64359861591694
level.getDrainPerLayer[8](): 0
ideal_bandwidth_drain_per_layer[8]: 0.0
ideal_bandwidth_update_per_layer[8]: 7.086505190311419
  (For comparison - full updates including accumulation: 29,491,200)
level.getFillPerLayer[8](): 0
ideal_bandwidth_fill_per_layer[8]: 0.0

Latency for layer: 9 of Level: FeatureMemory
level.active_instances_per_layer[9]: 1
level.temporal_iterations_per_layer[9]: 7200
Scaling per layer[9]: 7,200
Single Tile latency: cc_per_tile_per_layer[9]: 578.0
Ideal Case, Latency at this level without stalls: cc_per_all_tiles_per_layer[9]: 578.0
SCALED cc_per_all_tiles_per_layer[9]: 4,161,600
level.getReadPerLayer[9](): 560,332,800
  (For comparison - full reads including accumulation: 560,332,800)
ideal_bandwidth_read_per_layer[9]: 134.64359861591694
level.getDrainPerLayer[9](): 0
ideal_bandwidth_drain_per_layer[9]: 0.0
ideal_bandwidth_update_per_layer[9]: 7.086505190311419
  (For comparison - full updates including accumulation: 29,491,200)
level.getFillPerLayer[9](): 0
ideal_bandwidth_fill_per_layer[9]: 0.0

Latency for layer: 10 of Level: FeatureMemory
level.active_instances_per_layer[10]: 1
level.temporal_iterations_per_layer[10]: 7200
Scaling per layer[10]: 7,200
Single Tile latency: cc_per_tile_per_layer[10]: 32
Ideal Case, Latency at this level without stalls: cc_per_all_tiles_per_layer[10]: 32
SCALED cc_per_all_tiles_per_layer[10]: 230,400
level.getReadPerLayer[10](): 29,491,200
  (For comparison - full reads including accumulation: 29,491,200)
ideal_bandwidth_read_per_layer[10]: 128.0
level.getDrainPerLayer[10](): 0
ideal_bandwidth_drain_per_layer[10]: 0.0
ideal_bandwidth_update_per_layer[10]: 64.0
  (For comparison - full updates including accumulation: 14,745,600)
level.getFillPerLayer[10](): 0
ideal_bandwidth_fill_per_layer[10]: 0.0

Start of calculation of latency:
I am in FeatureMemory level, so I use different formula for latency calculation


Layer_id: 0 in FeatureMemory

scaling_per_layer[0]: 7200
I AM HERE total_data_rd: 79257600
latency_per_layer[0]: 118.39393939393939, latency_read_drain_per_layer[0]: 83.39393939393939, latency_fill_update_per_layer[0]: 35.0
Total latency so far: 118.39393939393939


Layer_id: 1 in FeatureMemory

scaling_per_layer[1]: 7200
I AM HERE total_data_rd: 560332800
latency_per_layer[1]: 621.5757575757576, latency_read_drain_per_layer[1]: 589.5757575757576, latency_fill_update_per_layer[1]: 32.0
Total latency so far: 739.969696969697


Layer_id: 2 in FeatureMemory

scaling_per_layer[2]: 7200
I AM HERE total_data_rd: 560332800
latency_per_layer[2]: 621.5757575757576, latency_read_drain_per_layer[2]: 589.5757575757576, latency_fill_update_per_layer[2]: 32.0
Total latency so far: 1361.5454545454545


Layer_id: 3 in FeatureMemory

scaling_per_layer[3]: 7200
I AM HERE total_data_rd: 560332800
latency_per_layer[3]: 621.5757575757576, latency_read_drain_per_layer[3]: 589.5757575757576, latency_fill_update_per_layer[3]: 32.0
Total latency so far: 1983.121212121212


Layer_id: 4 in FeatureMemory

scaling_per_layer[4]: 7200
I AM HERE total_data_rd: 560332800
latency_per_layer[4]: 621.5757575757576, latency_read_drain_per_layer[4]: 589.5757575757576, latency_fill_update_per_layer[4]: 32.0
Total latency so far: 2604.6969696969695


Layer_id: 5 in FeatureMemory

scaling_per_layer[5]: 7200
I AM HERE total_data_rd: 560332800
latency_per_layer[5]: 621.5757575757576, latency_read_drain_per_layer[5]: 589.5757575757576, latency_fill_update_per_layer[5]: 32.0
Total latency so far: 3226.272727272727


Layer_id: 6 in FeatureMemory

scaling_per_layer[6]: 7200
I AM HERE total_data_rd: 560332800
latency_per_layer[6]: 621.5757575757576, latency_read_drain_per_layer[6]: 589.5757575757576, latency_fill_update_per_layer[6]: 32.0
Total latency so far: 3847.8484848484845


Layer_id: 7 in FeatureMemory

scaling_per_layer[7]: 7200
I AM HERE total_data_rd: 560332800
latency_per_layer[7]: 621.5757575757576, latency_read_drain_per_layer[7]: 589.5757575757576, latency_fill_update_per_layer[7]: 32.0
Total latency so far: 4469.424242424242


Layer_id: 8 in FeatureMemory

scaling_per_layer[8]: 7200
I AM HERE total_data_rd: 560332800
latency_per_layer[8]: 621.5757575757576, latency_read_drain_per_layer[8]: 589.5757575757576, latency_fill_update_per_layer[8]: 32.0
Total latency so far: 5091.0


Layer_id: 9 in FeatureMemory

scaling_per_layer[9]: 7200
I AM HERE total_data_rd: 560332800
latency_per_layer[9]: 621.5757575757576, latency_read_drain_per_layer[9]: 589.5757575757576, latency_fill_update_per_layer[9]: 32.0
Total latency so far: 5712.575757575758


Layer_id: 10 in FeatureMemory

scaling_per_layer[10]: 7200
I AM HERE total_data_rd: 29491200
latency_per_layer[10]: 47.03030303030303, latency_read_drain_per_layer[10]: 31.03030303030303, latency_fill_update_per_layer[10]: 16.0
Total latency so far: 5759.606060606061

End of calculation of latency.

Calculating per tile final latency and stall for layer 0 in FeatureMemory: latency_read_drain_per_layer[0] = 83.39393939393939, latency_fill_update_per_layer[0] = 35.0
Final per tile latency_per_layer[0]: 118
Final per tile stall_cycles_per_layer[0]: 62
Ideal case: no stall introduced by this level per this layer: cc_per_all_tiles_per_layer[0]: 56
Calculating per tile final latency and stall for layer 1 in FeatureMemory: latency_read_drain_per_layer[1] = 589.5757575757576, latency_fill_update_per_layer[1] = 32.0
Final per tile latency_per_layer[1]: 622
Final per tile stall_cycles_per_layer[1]: 44
Ideal case: no stall introduced by this level per this layer: cc_per_all_tiles_per_layer[1]: 578
Calculating per tile final latency and stall for layer 2 in FeatureMemory: latency_read_drain_per_layer[2] = 589.5757575757576, latency_fill_update_per_layer[2] = 32.0
Final per tile latency_per_layer[2]: 622
Final per tile stall_cycles_per_layer[2]: 44
Ideal case: no stall introduced by this level per this layer: cc_per_all_tiles_per_layer[2]: 578
Calculating per tile final latency and stall for layer 3 in FeatureMemory: latency_read_drain_per_layer[3] = 589.5757575757576, latency_fill_update_per_layer[3] = 32.0
Final per tile latency_per_layer[3]: 622
Final per tile stall_cycles_per_layer[3]: 44
Ideal case: no stall introduced by this level per this layer: cc_per_all_tiles_per_layer[3]: 578
Calculating per tile final latency and stall for layer 4 in FeatureMemory: latency_read_drain_per_layer[4] = 589.5757575757576, latency_fill_update_per_layer[4] = 32.0
Final per tile latency_per_layer[4]: 622
Final per tile stall_cycles_per_layer[4]: 44
Ideal case: no stall introduced by this level per this layer: cc_per_all_tiles_per_layer[4]: 578
Calculating per tile final latency and stall for layer 5 in FeatureMemory: latency_read_drain_per_layer[5] = 589.5757575757576, latency_fill_update_per_layer[5] = 32.0
Final per tile latency_per_layer[5]: 622
Final per tile stall_cycles_per_layer[5]: 44
Ideal case: no stall introduced by this level per this layer: cc_per_all_tiles_per_layer[5]: 578
Calculating per tile final latency and stall for layer 6 in FeatureMemory: latency_read_drain_per_layer[6] = 589.5757575757576, latency_fill_update_per_layer[6] = 32.0
Final per tile latency_per_layer[6]: 622
Final per tile stall_cycles_per_layer[6]: 44
Ideal case: no stall introduced by this level per this layer: cc_per_all_tiles_per_layer[6]: 578
Calculating per tile final latency and stall for layer 7 in FeatureMemory: latency_read_drain_per_layer[7] = 589.5757575757576, latency_fill_update_per_layer[7] = 32.0
Final per tile latency_per_layer[7]: 622
Final per tile stall_cycles_per_layer[7]: 44
Ideal case: no stall introduced by this level per this layer: cc_per_all_tiles_per_layer[7]: 578
Calculating per tile final latency and stall for layer 8 in FeatureMemory: latency_read_drain_per_layer[8] = 589.5757575757576, latency_fill_update_per_layer[8] = 32.0
Final per tile latency_per_layer[8]: 622
Final per tile stall_cycles_per_layer[8]: 44
Ideal case: no stall introduced by this level per this layer: cc_per_all_tiles_per_layer[8]: 578
Calculating per tile final latency and stall for layer 9 in FeatureMemory: latency_read_drain_per_layer[9] = 589.5757575757576, latency_fill_update_per_layer[9] = 32.0
Final per tile latency_per_layer[9]: 622
Final per tile stall_cycles_per_layer[9]: 44
Ideal case: no stall introduced by this level per this layer: cc_per_all_tiles_per_layer[9]: 578
Calculating per tile final latency and stall for layer 10 in FeatureMemory: latency_read_drain_per_layer[10] = 31.03030303030303, latency_fill_update_per_layer[10] = 16.0
Final per tile latency_per_layer[10]: 47
Final per tile stall_cycles_per_layer[10]: 15
Ideal case: no stall introduced by this level per this layer: cc_per_all_tiles_per_layer[10]: 32


Calculating Latency for Level: DRAM

Latency for layer: 0 of Level: DRAM
level.active_instances_per_layer[0]: 1
level.temporal_iterations_per_layer[0]: 1
Scaling per layer[0]: 1
Single Tile latency: cc_per_tile_per_layer[0]: 118.39393939393939
Ideal Case, Latency at this level without stalls: cc_per_all_tiles_per_layer[0]: 852436.3636363636
SCALED cc_per_all_tiles_per_layer[0]: 852,436
level.getReadPerLayer[0](): 2,765,664
  (For comparison - full reads including accumulation: 2,765,664)
ideal_bandwidth_read_per_layer[0]: 3.2444228308164833
level.getDrainPerLayer[0](): 0
ideal_bandwidth_drain_per_layer[0]: 0.0
ideal_bandwidth_update_per_layer[0]: 0.0
  (For comparison - full updates including accumulation: 0)
level.getFillPerLayer[0](): 0
ideal_bandwidth_fill_per_layer[0]: 0.0

Latency for layer: 1 of Level: DRAM
level.active_instances_per_layer[1]: 1
level.temporal_iterations_per_layer[1]: 1
Scaling per layer[1]: 1
Single Tile latency: cc_per_tile_per_layer[1]: 621.5757575757576
Ideal Case, Latency at this level without stalls: cc_per_all_tiles_per_layer[1]: 4475345.454545455
SCALED cc_per_all_tiles_per_layer[1]: 4,475,345
level.getReadPerLayer[1](): 9,216
  (For comparison - full reads including accumulation: 9,216)
ideal_bandwidth_read_per_layer[1]: 0.0020592823712948516
level.getDrainPerLayer[1](): 0
ideal_bandwidth_drain_per_layer[1]: 0.0
ideal_bandwidth_update_per_layer[1]: 0.0
  (For comparison - full updates including accumulation: 0)
level.getFillPerLayer[1](): 0
ideal_bandwidth_fill_per_layer[1]: 0.0

Latency for layer: 2 of Level: DRAM
level.active_instances_per_layer[2]: 1
level.temporal_iterations_per_layer[2]: 1
Scaling per layer[2]: 1
Single Tile latency: cc_per_tile_per_layer[2]: 621.5757575757576
Ideal Case, Latency at this level without stalls: cc_per_all_tiles_per_layer[2]: 4475345.454545455
SCALED cc_per_all_tiles_per_layer[2]: 4,475,345
level.getReadPerLayer[2](): 9,216
  (For comparison - full reads including accumulation: 9,216)
ideal_bandwidth_read_per_layer[2]: 0.0020592823712948516
level.getDrainPerLayer[2](): 0
ideal_bandwidth_drain_per_layer[2]: 0.0
ideal_bandwidth_update_per_layer[2]: 0.0
  (For comparison - full updates including accumulation: 0)
level.getFillPerLayer[2](): 0
ideal_bandwidth_fill_per_layer[2]: 0.0

Latency for layer: 3 of Level: DRAM
level.active_instances_per_layer[3]: 1
level.temporal_iterations_per_layer[3]: 1
Scaling per layer[3]: 1
Single Tile latency: cc_per_tile_per_layer[3]: 621.5757575757576
Ideal Case, Latency at this level without stalls: cc_per_all_tiles_per_layer[3]: 4475345.454545455
SCALED cc_per_all_tiles_per_layer[3]: 4,475,345
level.getReadPerLayer[3](): 9,216
  (For comparison - full reads including accumulation: 9,216)
ideal_bandwidth_read_per_layer[3]: 0.0020592823712948516
level.getDrainPerLayer[3](): 0
ideal_bandwidth_drain_per_layer[3]: 0.0
ideal_bandwidth_update_per_layer[3]: 0.0
  (For comparison - full updates including accumulation: 0)
level.getFillPerLayer[3](): 0
ideal_bandwidth_fill_per_layer[3]: 0.0

Latency for layer: 4 of Level: DRAM
level.active_instances_per_layer[4]: 1
level.temporal_iterations_per_layer[4]: 1
Scaling per layer[4]: 1
Single Tile latency: cc_per_tile_per_layer[4]: 621.5757575757576
Ideal Case, Latency at this level without stalls: cc_per_all_tiles_per_layer[4]: 4475345.454545455
SCALED cc_per_all_tiles_per_layer[4]: 4,475,345
level.getReadPerLayer[4](): 9,216
  (For comparison - full reads including accumulation: 9,216)
ideal_bandwidth_read_per_layer[4]: 0.0020592823712948516
level.getDrainPerLayer[4](): 0
ideal_bandwidth_drain_per_layer[4]: 0.0
ideal_bandwidth_update_per_layer[4]: 0.0
  (For comparison - full updates including accumulation: 0)
level.getFillPerLayer[4](): 0
ideal_bandwidth_fill_per_layer[4]: 0.0

Latency for layer: 5 of Level: DRAM
level.active_instances_per_layer[5]: 1
level.temporal_iterations_per_layer[5]: 1
Scaling per layer[5]: 1
Single Tile latency: cc_per_tile_per_layer[5]: 621.5757575757576
Ideal Case, Latency at this level without stalls: cc_per_all_tiles_per_layer[5]: 4475345.454545455
SCALED cc_per_all_tiles_per_layer[5]: 4,475,345
level.getReadPerLayer[5](): 9,216
  (For comparison - full reads including accumulation: 9,216)
ideal_bandwidth_read_per_layer[5]: 0.0020592823712948516
level.getDrainPerLayer[5](): 0
ideal_bandwidth_drain_per_layer[5]: 0.0
ideal_bandwidth_update_per_layer[5]: 0.0
  (For comparison - full updates including accumulation: 0)
level.getFillPerLayer[5](): 0
ideal_bandwidth_fill_per_layer[5]: 0.0

Latency for layer: 6 of Level: DRAM
level.active_instances_per_layer[6]: 1
level.temporal_iterations_per_layer[6]: 1
Scaling per layer[6]: 1
Single Tile latency: cc_per_tile_per_layer[6]: 621.5757575757576
Ideal Case, Latency at this level without stalls: cc_per_all_tiles_per_layer[6]: 4475345.454545455
SCALED cc_per_all_tiles_per_layer[6]: 4,475,345
level.getReadPerLayer[6](): 9,216
  (For comparison - full reads including accumulation: 9,216)
ideal_bandwidth_read_per_layer[6]: 0.0020592823712948516
level.getDrainPerLayer[6](): 0
ideal_bandwidth_drain_per_layer[6]: 0.0
ideal_bandwidth_update_per_layer[6]: 0.0
  (For comparison - full updates including accumulation: 0)
level.getFillPerLayer[6](): 0
ideal_bandwidth_fill_per_layer[6]: 0.0

Latency for layer: 7 of Level: DRAM
level.active_instances_per_layer[7]: 1
level.temporal_iterations_per_layer[7]: 1
Scaling per layer[7]: 1
Single Tile latency: cc_per_tile_per_layer[7]: 621.5757575757576
Ideal Case, Latency at this level without stalls: cc_per_all_tiles_per_layer[7]: 4475345.454545455
SCALED cc_per_all_tiles_per_layer[7]: 4,475,345
level.getReadPerLayer[7](): 9,216
  (For comparison - full reads including accumulation: 9,216)
ideal_bandwidth_read_per_layer[7]: 0.0020592823712948516
level.getDrainPerLayer[7](): 0
ideal_bandwidth_drain_per_layer[7]: 0.0
ideal_bandwidth_update_per_layer[7]: 0.0
  (For comparison - full updates including accumulation: 0)
level.getFillPerLayer[7](): 0
ideal_bandwidth_fill_per_layer[7]: 0.0

Latency for layer: 8 of Level: DRAM
level.active_instances_per_layer[8]: 1
level.temporal_iterations_per_layer[8]: 1
Scaling per layer[8]: 1
Single Tile latency: cc_per_tile_per_layer[8]: 621.5757575757576
Ideal Case, Latency at this level without stalls: cc_per_all_tiles_per_layer[8]: 4475345.454545455
SCALED cc_per_all_tiles_per_layer[8]: 4,475,345
level.getReadPerLayer[8](): 9,216
  (For comparison - full reads including accumulation: 9,216)
ideal_bandwidth_read_per_layer[8]: 0.0020592823712948516
level.getDrainPerLayer[8](): 0
ideal_bandwidth_drain_per_layer[8]: 0.0
ideal_bandwidth_update_per_layer[8]: 0.0
  (For comparison - full updates including accumulation: 0)
level.getFillPerLayer[8](): 0
ideal_bandwidth_fill_per_layer[8]: 0.0

Latency for layer: 9 of Level: DRAM
level.active_instances_per_layer[9]: 1
level.temporal_iterations_per_layer[9]: 1
Scaling per layer[9]: 1
Single Tile latency: cc_per_tile_per_layer[9]: 621.5757575757576
Ideal Case, Latency at this level without stalls: cc_per_all_tiles_per_layer[9]: 4475345.454545455
SCALED cc_per_all_tiles_per_layer[9]: 4,475,345
level.getReadPerLayer[9](): 9,216
  (For comparison - full reads including accumulation: 9,216)
ideal_bandwidth_read_per_layer[9]: 0.0020592823712948516
level.getDrainPerLayer[9](): 0
ideal_bandwidth_drain_per_layer[9]: 0.0
ideal_bandwidth_update_per_layer[9]: 0.0
  (For comparison - full updates including accumulation: 0)
level.getFillPerLayer[9](): 0
ideal_bandwidth_fill_per_layer[9]: 0.0

Latency for layer: 10 of Level: DRAM
level.active_instances_per_layer[10]: 1
level.temporal_iterations_per_layer[10]: 1
Scaling per layer[10]: 1
Single Tile latency: cc_per_tile_per_layer[10]: 47.03030303030303
Ideal Case, Latency at this level without stalls: cc_per_all_tiles_per_layer[10]: 338618.1818181818
SCALED cc_per_all_tiles_per_layer[10]: 338,618
level.getReadPerLayer[10](): 512
  (For comparison - full reads including accumulation: 512)
ideal_bandwidth_read_per_layer[10]: 0.0015120274914089346
level.getDrainPerLayer[10](): 0
ideal_bandwidth_drain_per_layer[10]: 0.0
ideal_bandwidth_update_per_layer[10]: 43.54639175257732
  (For comparison - full updates including accumulation: 14,745,600)
level.getFillPerLayer[10](): 0
ideal_bandwidth_fill_per_layer[10]: 0.0

Start of calculation of latency:


Layer_id: 0 in DRAM

ideal_bandwidth_read_per_layer[0] + ideal_bandwidth_drain_per_layer[0]: 3.2444228308164833 vs level.read_bandwidth: 18
I am in Compute Bound
cc_per_all_tiles_per_layer[0]: 852436.3636363636
STANDARD CASE latency_read_drain_per_layer[0]: 852436.3636363636

ideal_bandwidth_fill_per_layer[0] + ideal_bandwidth_update_per_layer[0]: 0.0 vs level.write_bandwidth: 18
previous_fanout_pe_to_pe_warmup: 0
STANDARD CASE latency_fill_update_per_layer[0]: 852436.3636363636


Layer_id: 1 in DRAM

ideal_bandwidth_read_per_layer[1] + ideal_bandwidth_drain_per_layer[1]: 0.0020592823712948516 vs level.read_bandwidth: 18
I am in Compute Bound
cc_per_all_tiles_per_layer[1]: 4475345.454545455
STANDARD CASE latency_read_drain_per_layer[1]: 4475345.454545455

ideal_bandwidth_fill_per_layer[1] + ideal_bandwidth_update_per_layer[1]: 0.0 vs level.write_bandwidth: 18
previous_fanout_pe_to_pe_warmup: 0
STANDARD CASE latency_fill_update_per_layer[1]: 4475345.454545455


Layer_id: 2 in DRAM

ideal_bandwidth_read_per_layer[2] + ideal_bandwidth_drain_per_layer[2]: 0.0020592823712948516 vs level.read_bandwidth: 18
I am in Compute Bound
cc_per_all_tiles_per_layer[2]: 4475345.454545455
STANDARD CASE latency_read_drain_per_layer[2]: 4475345.454545455

ideal_bandwidth_fill_per_layer[2] + ideal_bandwidth_update_per_layer[2]: 0.0 vs level.write_bandwidth: 18
previous_fanout_pe_to_pe_warmup: 0
STANDARD CASE latency_fill_update_per_layer[2]: 4475345.454545455


Layer_id: 3 in DRAM

ideal_bandwidth_read_per_layer[3] + ideal_bandwidth_drain_per_layer[3]: 0.0020592823712948516 vs level.read_bandwidth: 18
I am in Compute Bound
cc_per_all_tiles_per_layer[3]: 4475345.454545455
STANDARD CASE latency_read_drain_per_layer[3]: 4475345.454545455

ideal_bandwidth_fill_per_layer[3] + ideal_bandwidth_update_per_layer[3]: 0.0 vs level.write_bandwidth: 18
previous_fanout_pe_to_pe_warmup: 0
STANDARD CASE latency_fill_update_per_layer[3]: 4475345.454545455


Layer_id: 4 in DRAM

ideal_bandwidth_read_per_layer[4] + ideal_bandwidth_drain_per_layer[4]: 0.0020592823712948516 vs level.read_bandwidth: 18
I am in Compute Bound
cc_per_all_tiles_per_layer[4]: 4475345.454545455
STANDARD CASE latency_read_drain_per_layer[4]: 4475345.454545455

ideal_bandwidth_fill_per_layer[4] + ideal_bandwidth_update_per_layer[4]: 0.0 vs level.write_bandwidth: 18
previous_fanout_pe_to_pe_warmup: 0
STANDARD CASE latency_fill_update_per_layer[4]: 4475345.454545455


Layer_id: 5 in DRAM

ideal_bandwidth_read_per_layer[5] + ideal_bandwidth_drain_per_layer[5]: 0.0020592823712948516 vs level.read_bandwidth: 18
I am in Compute Bound
cc_per_all_tiles_per_layer[5]: 4475345.454545455
STANDARD CASE latency_read_drain_per_layer[5]: 4475345.454545455

ideal_bandwidth_fill_per_layer[5] + ideal_bandwidth_update_per_layer[5]: 0.0 vs level.write_bandwidth: 18
previous_fanout_pe_to_pe_warmup: 0
STANDARD CASE latency_fill_update_per_layer[5]: 4475345.454545455


Layer_id: 6 in DRAM

ideal_bandwidth_read_per_layer[6] + ideal_bandwidth_drain_per_layer[6]: 0.0020592823712948516 vs level.read_bandwidth: 18
I am in Compute Bound
cc_per_all_tiles_per_layer[6]: 4475345.454545455
STANDARD CASE latency_read_drain_per_layer[6]: 4475345.454545455

ideal_bandwidth_fill_per_layer[6] + ideal_bandwidth_update_per_layer[6]: 0.0 vs level.write_bandwidth: 18
previous_fanout_pe_to_pe_warmup: 0
STANDARD CASE latency_fill_update_per_layer[6]: 4475345.454545455


Layer_id: 7 in DRAM

ideal_bandwidth_read_per_layer[7] + ideal_bandwidth_drain_per_layer[7]: 0.0020592823712948516 vs level.read_bandwidth: 18
I am in Compute Bound
cc_per_all_tiles_per_layer[7]: 4475345.454545455
STANDARD CASE latency_read_drain_per_layer[7]: 4475345.454545455

ideal_bandwidth_fill_per_layer[7] + ideal_bandwidth_update_per_layer[7]: 0.0 vs level.write_bandwidth: 18
previous_fanout_pe_to_pe_warmup: 0
STANDARD CASE latency_fill_update_per_layer[7]: 4475345.454545455


Layer_id: 8 in DRAM

ideal_bandwidth_read_per_layer[8] + ideal_bandwidth_drain_per_layer[8]: 0.0020592823712948516 vs level.read_bandwidth: 18
I am in Compute Bound
cc_per_all_tiles_per_layer[8]: 4475345.454545455
STANDARD CASE latency_read_drain_per_layer[8]: 4475345.454545455

ideal_bandwidth_fill_per_layer[8] + ideal_bandwidth_update_per_layer[8]: 0.0 vs level.write_bandwidth: 18
previous_fanout_pe_to_pe_warmup: 0
STANDARD CASE latency_fill_update_per_layer[8]: 4475345.454545455


Layer_id: 9 in DRAM

ideal_bandwidth_read_per_layer[9] + ideal_bandwidth_drain_per_layer[9]: 0.0020592823712948516 vs level.read_bandwidth: 18
I am in Compute Bound
cc_per_all_tiles_per_layer[9]: 4475345.454545455
STANDARD CASE latency_read_drain_per_layer[9]: 4475345.454545455

ideal_bandwidth_fill_per_layer[9] + ideal_bandwidth_update_per_layer[9]: 0.0 vs level.write_bandwidth: 18
previous_fanout_pe_to_pe_warmup: 0
STANDARD CASE latency_fill_update_per_layer[9]: 4475345.454545455


Layer_id: 10 in DRAM

ideal_bandwidth_read_per_layer[10] + ideal_bandwidth_drain_per_layer[10]: 0.0015120274914089346 vs level.read_bandwidth: 18
I am in Compute Bound
cc_per_all_tiles_per_layer[10]: 338618.1818181818
STANDARD CASE latency_read_drain_per_layer[10]: 338618.1818181818

ideal_bandwidth_fill_per_layer[10] + ideal_bandwidth_update_per_layer[10]: 43.54639175257732 vs level.write_bandwidth: 18
ideal_bandwidth_fill_per_layer[10]: 0.0
ideal_bandwidth_update_per_layer[10]: 43.54639175257732
level.write_bandwidth: 18
total data (for bandwidth): 14745600
scaling_per_layer[10]: 1
SLOWDOWN CASE latency_fill_update_per_layer[10]: 819200.0

End of calculation of latency.

Calculating per tile final latency and stall for layer 0 in DRAM: latency_read_drain_per_layer[0] = 852436.3636363636, latency_fill_update_per_layer[0] = 852436.3636363636
Final per tile latency_per_layer[0]: 852,436
Final per tile stall_cycles_per_layer[0]: 0
Ideal case: no stall introduced by this level per this layer: cc_per_all_tiles_per_layer[0]: 852,436
Calculating per tile final latency and stall for layer 1 in DRAM: latency_read_drain_per_layer[1] = 4475345.454545455, latency_fill_update_per_layer[1] = 4475345.454545455
Final per tile latency_per_layer[1]: 4,475,345
Final per tile stall_cycles_per_layer[1]: 0
Ideal case: no stall introduced by this level per this layer: cc_per_all_tiles_per_layer[1]: 4,475,345
Calculating per tile final latency and stall for layer 2 in DRAM: latency_read_drain_per_layer[2] = 4475345.454545455, latency_fill_update_per_layer[2] = 4475345.454545455
Final per tile latency_per_layer[2]: 4,475,345
Final per tile stall_cycles_per_layer[2]: 0
Ideal case: no stall introduced by this level per this layer: cc_per_all_tiles_per_layer[2]: 4,475,345
Calculating per tile final latency and stall for layer 3 in DRAM: latency_read_drain_per_layer[3] = 4475345.454545455, latency_fill_update_per_layer[3] = 4475345.454545455
Final per tile latency_per_layer[3]: 4,475,345
Final per tile stall_cycles_per_layer[3]: 0
Ideal case: no stall introduced by this level per this layer: cc_per_all_tiles_per_layer[3]: 4,475,345
Calculating per tile final latency and stall for layer 4 in DRAM: latency_read_drain_per_layer[4] = 4475345.454545455, latency_fill_update_per_layer[4] = 4475345.454545455
Final per tile latency_per_layer[4]: 4,475,345
Final per tile stall_cycles_per_layer[4]: 0
Ideal case: no stall introduced by this level per this layer: cc_per_all_tiles_per_layer[4]: 4,475,345
Calculating per tile final latency and stall for layer 5 in DRAM: latency_read_drain_per_layer[5] = 4475345.454545455, latency_fill_update_per_layer[5] = 4475345.454545455
Final per tile latency_per_layer[5]: 4,475,345
Final per tile stall_cycles_per_layer[5]: 0
Ideal case: no stall introduced by this level per this layer: cc_per_all_tiles_per_layer[5]: 4,475,345
Calculating per tile final latency and stall for layer 6 in DRAM: latency_read_drain_per_layer[6] = 4475345.454545455, latency_fill_update_per_layer[6] = 4475345.454545455
Final per tile latency_per_layer[6]: 4,475,345
Final per tile stall_cycles_per_layer[6]: 0
Ideal case: no stall introduced by this level per this layer: cc_per_all_tiles_per_layer[6]: 4,475,345
Calculating per tile final latency and stall for layer 7 in DRAM: latency_read_drain_per_layer[7] = 4475345.454545455, latency_fill_update_per_layer[7] = 4475345.454545455
Final per tile latency_per_layer[7]: 4,475,345
Final per tile stall_cycles_per_layer[7]: 0
Ideal case: no stall introduced by this level per this layer: cc_per_all_tiles_per_layer[7]: 4,475,345
Calculating per tile final latency and stall for layer 8 in DRAM: latency_read_drain_per_layer[8] = 4475345.454545455, latency_fill_update_per_layer[8] = 4475345.454545455
Final per tile latency_per_layer[8]: 4,475,345
Final per tile stall_cycles_per_layer[8]: 0
Ideal case: no stall introduced by this level per this layer: cc_per_all_tiles_per_layer[8]: 4,475,345
Calculating per tile final latency and stall for layer 9 in DRAM: latency_read_drain_per_layer[9] = 4475345.454545455, latency_fill_update_per_layer[9] = 4475345.454545455
Final per tile latency_per_layer[9]: 4,475,345
Final per tile stall_cycles_per_layer[9]: 0
Ideal case: no stall introduced by this level per this layer: cc_per_all_tiles_per_layer[9]: 4,475,345
Calculating per tile final latency and stall for layer 10 in DRAM: latency_read_drain_per_layer[10] = 338618.1818181818, latency_fill_update_per_layer[10] = 819200.0
Final per tile latency_per_layer[10]: 819,200
Final per tile stall_cycles_per_layer[10]: 480,582
Ideal case: no stall introduced by this level per this layer: cc_per_all_tiles_per_layer[10]: 338,618


Final WMOPs and Latency calculation for Level: DRAM
Level: DRAM, Layer: 0
max_latency_per_layer[0]: 0 before update
level.getSettedLatencyPerLayer[0](): 852,436
Level: DRAM, Layer: 1
max_latency_per_layer[1]: 0 before update
level.getSettedLatencyPerLayer[1](): 4,475,345
Level: DRAM, Layer: 2
max_latency_per_layer[2]: 0 before update
level.getSettedLatencyPerLayer[2](): 4,475,345
Level: DRAM, Layer: 3
max_latency_per_layer[3]: 0 before update
level.getSettedLatencyPerLayer[3](): 4,475,345
Level: DRAM, Layer: 4
max_latency_per_layer[4]: 0 before update
level.getSettedLatencyPerLayer[4](): 4,475,345
Level: DRAM, Layer: 5
max_latency_per_layer[5]: 0 before update
level.getSettedLatencyPerLayer[5](): 4,475,345
Level: DRAM, Layer: 6
max_latency_per_layer[6]: 0 before update
level.getSettedLatencyPerLayer[6](): 4,475,345
Level: DRAM, Layer: 7
max_latency_per_layer[7]: 0 before update
level.getSettedLatencyPerLayer[7](): 4,475,345
Level: DRAM, Layer: 8
max_latency_per_layer[8]: 0 before update
level.getSettedLatencyPerLayer[8](): 4,475,345
Level: DRAM, Layer: 9
max_latency_per_layer[9]: 0 before update
level.getSettedLatencyPerLayer[9](): 4,475,345
Level: DRAM, Layer: 10
max_latency_per_layer[10]: 0 before update
level.getSettedLatencyPerLayer[10](): 819,200
Level DRAM: DepFiN 10-Layer Architecture, max_latency (sequential layers): 41,949,745


Final WMOPs and Latency calculation for Level: FeatureMemory
Level: FeatureMemory, Layer: 0
max_latency_per_layer[0]: 852,436 before update
level.getSettedLatencyPerLayer[0](): 83
Level: FeatureMemory, Layer: 1
max_latency_per_layer[1]: 4,475,345 before update
level.getSettedLatencyPerLayer[1](): 590
Level: FeatureMemory, Layer: 2
max_latency_per_layer[2]: 4,475,345 before update
level.getSettedLatencyPerLayer[2](): 590
Level: FeatureMemory, Layer: 3
max_latency_per_layer[3]: 4,475,345 before update
level.getSettedLatencyPerLayer[3](): 590
Level: FeatureMemory, Layer: 4
max_latency_per_layer[4]: 4,475,345 before update
level.getSettedLatencyPerLayer[4](): 590
Level: FeatureMemory, Layer: 5
max_latency_per_layer[5]: 4,475,345 before update
level.getSettedLatencyPerLayer[5](): 590
Level: FeatureMemory, Layer: 6
max_latency_per_layer[6]: 4,475,345 before update
level.getSettedLatencyPerLayer[6](): 590
Level: FeatureMemory, Layer: 7
max_latency_per_layer[7]: 4,475,345 before update
level.getSettedLatencyPerLayer[7](): 590
Level: FeatureMemory, Layer: 8
max_latency_per_layer[8]: 4,475,345 before update
level.getSettedLatencyPerLayer[8](): 590
Level: FeatureMemory, Layer: 9
max_latency_per_layer[9]: 4,475,345 before update
level.getSettedLatencyPerLayer[9](): 590
Level: FeatureMemory, Layer: 10
max_latency_per_layer[10]: 819,200 before update
level.getSettedLatencyPerLayer[10](): 223,418
Level FeatureMemory: DepFiN 10-Layer Architecture, max_latency (sequential layers): 41,949,745


Final WMOPs and Latency calculation for Level: WeightMemory
Level: WeightMemory, Layer: 0
max_latency_per_layer[0]: 852,436 before update
level.getSettedLatencyPerLayer[0](): 56
Level: WeightMemory, Layer: 1
max_latency_per_layer[1]: 4,475,345 before update
level.getSettedLatencyPerLayer[1](): 578
Level: WeightMemory, Layer: 2
max_latency_per_layer[2]: 4,475,345 before update
level.getSettedLatencyPerLayer[2](): 578
Level: WeightMemory, Layer: 3
max_latency_per_layer[3]: 4,475,345 before update
level.getSettedLatencyPerLayer[3](): 578
Level: WeightMemory, Layer: 4
max_latency_per_layer[4]: 4,475,345 before update
level.getSettedLatencyPerLayer[4](): 578
Level: WeightMemory, Layer: 5
max_latency_per_layer[5]: 4,475,345 before update
level.getSettedLatencyPerLayer[5](): 578
Level: WeightMemory, Layer: 6
max_latency_per_layer[6]: 4,475,345 before update
level.getSettedLatencyPerLayer[6](): 578
Level: WeightMemory, Layer: 7
max_latency_per_layer[7]: 4,475,345 before update
level.getSettedLatencyPerLayer[7](): 578
Level: WeightMemory, Layer: 8
max_latency_per_layer[8]: 4,475,345 before update
level.getSettedLatencyPerLayer[8](): 578
Level: WeightMemory, Layer: 9
max_latency_per_layer[9]: 4,475,345 before update
level.getSettedLatencyPerLayer[9](): 578
Level: WeightMemory, Layer: 10
max_latency_per_layer[10]: 819,200 before update
level.getSettedLatencyPerLayer[10](): 230,400
Level WeightMemory: DepFiN 10-Layer Architecture, max_latency (sequential layers): 41,949,745


Final WMOPs and Latency calculation for Level: SACols_10


Final WMOPs and Latency calculation for Level: SARows_10


Final WMOPs and Latency calculation for Level: SACols_9


Final WMOPs and Latency calculation for Level: SARows_9


Final WMOPs and Latency calculation for Level: SACols_8


Final WMOPs and Latency calculation for Level: SARows_8


Final WMOPs and Latency calculation for Level: SACols_7


Final WMOPs and Latency calculation for Level: SARows_7


Final WMOPs and Latency calculation for Level: SACols_6


Final WMOPs and Latency calculation for Level: SARows_6


Final WMOPs and Latency calculation for Level: SACols_5


Final WMOPs and Latency calculation for Level: SARows_5


Final WMOPs and Latency calculation for Level: SACols_4


Final WMOPs and Latency calculation for Level: SARows_4


Final WMOPs and Latency calculation for Level: SACols_3


Final WMOPs and Latency calculation for Level: SARows_3


Final WMOPs and Latency calculation for Level: SACols_2


Final WMOPs and Latency calculation for Level: SARows_2


Final WMOPs and Latency calculation for Level: SACols_1


Final WMOPs and Latency calculation for Level: SARows_1


Final WMOPs and Latency calculation for Level: SACols_0


Final WMOPs and Latency calculation for Level: SARows_0


Final WMOPs and Latency calculation for Level: AccumulationIntermediateOutputRegister
Level: AccumulationIntermediateOutputRegister, Layer: 0
max_latency_per_layer[0]: 852,436 before update
level.getSettedLatencyPerLayer[0](): 1
Level: AccumulationIntermediateOutputRegister, Layer: 1
max_latency_per_layer[1]: 4,475,345 before update
level.getSettedLatencyPerLayer[1](): 1
Level: AccumulationIntermediateOutputRegister, Layer: 2
max_latency_per_layer[2]: 4,475,345 before update
level.getSettedLatencyPerLayer[2](): 1
Level: AccumulationIntermediateOutputRegister, Layer: 3
max_latency_per_layer[3]: 4,475,345 before update
level.getSettedLatencyPerLayer[3](): 1
Level: AccumulationIntermediateOutputRegister, Layer: 4
max_latency_per_layer[4]: 4,475,345 before update
level.getSettedLatencyPerLayer[4](): 1
Level: AccumulationIntermediateOutputRegister, Layer: 5
max_latency_per_layer[5]: 4,475,345 before update
level.getSettedLatencyPerLayer[5](): 1
Level: AccumulationIntermediateOutputRegister, Layer: 6
max_latency_per_layer[6]: 4,475,345 before update
level.getSettedLatencyPerLayer[6](): 1
Level: AccumulationIntermediateOutputRegister, Layer: 7
max_latency_per_layer[7]: 4,475,345 before update
level.getSettedLatencyPerLayer[7](): 1
Level: AccumulationIntermediateOutputRegister, Layer: 8
max_latency_per_layer[8]: 4,475,345 before update
level.getSettedLatencyPerLayer[8](): 1
Level: AccumulationIntermediateOutputRegister, Layer: 9
max_latency_per_layer[9]: 4,475,345 before update
level.getSettedLatencyPerLayer[9](): 1
Level: AccumulationIntermediateOutputRegister, Layer: 10
max_latency_per_layer[10]: 819,200 before update
level.getSettedLatencyPerLayer[10](): 230,400
Level AccumulationIntermediateOutputRegister: DepFiN 10-Layer Architecture, max_latency (sequential layers): 41,949,745


Final WMOPs and Latency calculation for Level: Compute
Compute level latency: 1
Compute latency for layer 0: 388,800
Compute latency for layer 1: 4,147,200
Compute latency for layer 2: 4,147,200
Compute latency for layer 3: 4,147,200
Compute latency for layer 4: 4,147,200
Compute latency for layer 5: 4,147,200
Compute latency for layer 6: 4,147,200
Compute latency for layer 7: 4,147,200
Compute latency for layer 8: 4,147,200
Compute latency for layer 9: 4,147,200
Compute latency for layer 10: 230,400
max_latency initially: 41949745.45454545
compute_latency from compute level: 37,944,000
max_latency after compute: 41,949,745, before fanout_level
level SACols_10 utilization: 128/128=1.0
utilization after level SACols_10: 1.0
level SARows_10 utilization: 16/16=1.0
utilization after level SARows_10: 1.0
level SACols_9 utilization: 128/128=1.0
utilization after level SACols_9: 1.0
level SARows_9 utilization: 16/16=1.0
utilization after level SARows_9: 1.0
level SACols_8 utilization: 128/128=1.0
utilization after level SACols_8: 1.0
level SARows_8 utilization: 16/16=1.0
utilization after level SARows_8: 1.0
level SACols_7 utilization: 128/128=1.0
utilization after level SACols_7: 1.0
level SARows_7 utilization: 16/16=1.0
utilization after level SARows_7: 1.0
level SACols_6 utilization: 128/128=1.0
utilization after level SACols_6: 1.0
level SARows_6 utilization: 16/16=1.0
utilization after level SARows_6: 1.0
level SACols_5 utilization: 128/128=1.0
utilization after level SACols_5: 1.0
level SARows_5 utilization: 16/16=1.0
utilization after level SARows_5: 1.0
level SACols_4 utilization: 128/128=1.0
utilization after level SACols_4: 1.0
level SARows_4 utilization: 16/16=1.0
utilization after level SARows_4: 1.0
level SACols_3 utilization: 128/128=1.0
utilization after level SACols_3: 1.0
level SARows_3 utilization: 16/16=1.0
utilization after level SARows_3: 1.0
level SACols_2 utilization: 128/128=1.0
utilization after level SACols_2: 1.0
level SARows_2 utilization: 16/16=1.0
utilization after level SARows_2: 1.0
level SACols_1 utilization: 128/128=1.0
utilization after level SACols_1: 1.0
level SARows_1 utilization: 16/16=1.0
utilization after level SARows_1: 1.0
level SACols_0 utilization: 128/128=1.0
utilization after level SACols_0: 1.0
level SARows_0 utilization: 16/16=1.0
utilization after level SARows_0: 1.0
level Compute utilization: 1/1=1.0
utilization after level Compute: 1.0
Arch: DepFiN 10-Layer Architecture: spatial utilization is 1.0
utilization used in WART calculation: 1.0
CIAO!
updateStats2
-- fanout maximization --
Input FC size: 6912

Intermediate Input FC size: 2011393

Input size: 2776812

Output size: 7372800

Weight size: 84320

Intermediate input size: 281319552
Total intermediate size (input + output): 0

input_size: 2776812, output_size: 7372800, weight_size: 84320, intermediate_size: 0
Total mem footprint: 10240844



Input FC size: 6912

Intermediate Input FC size: 1888513

Input size: 2776812

Output size: 14745600

Weight size: 84320

Intermediate input size: 281278592
Total intermediate size (input + output): 0

input_size: 2776812, output_size: 14745600, weight_size: 84320, intermediate_size: 0
Total mem footprint: 17613644



Input FC size: 6912

Intermediate Input FC size: 1888513

Input size: 2776812

Output size: 14745600

Weight size: 84320

Intermediate input size: 281278592
Total intermediate size (input + output): 0

input_size: 2776812, output_size: 14745600, weight_size: 84320, intermediate_size: 0
Total mem footprint: 17613644



Input FC size: 6912

Intermediate Input FC size: 1888513

Input size: 2776812

Output size: 14745600

Weight size: 84320

Intermediate input size: 281278592
Total intermediate size (input + output): 0

input_size: 2776812, output_size: 14745600, weight_size: 84320, intermediate_size: 0
Total mem footprint: 17613644



Input FC size: 6912

Intermediate Input FC size: 1888513

Input size: 2776812

Output size: 14745600

Weight size: 84320

Intermediate input size: 281278592
Total intermediate size (input + output): 0

input_size: 2776812, output_size: 14745600, weight_size: 84320, intermediate_size: 0
Total mem footprint: 17613644



Input FC size: 6912

Intermediate Input FC size: 1888513

Input size: 2776812

Output size: 14745600

Weight size: 84320

Intermediate input size: 281278592
Total intermediate size (input + output): 0

input_size: 2776812, output_size: 14745600, weight_size: 84320, intermediate_size: 0
Total mem footprint: 17613644



Input FC size: 6912

Intermediate Input FC size: 1888513

Input size: 2776812

Output size: 14745600

Weight size: 84320

Intermediate input size: 281278592
Total intermediate size (input + output): 0

input_size: 2776812, output_size: 14745600, weight_size: 84320, intermediate_size: 0
Total mem footprint: 17613644



Input FC size: 6912

Intermediate Input FC size: 1888513

Input size: 2776812

Output size: 14745600

Weight size: 84320

Intermediate input size: 281278592
Total intermediate size (input + output): 0

input_size: 2776812, output_size: 14745600, weight_size: 84320, intermediate_size: 0
Total mem footprint: 17613644



Input FC size: 6912

Intermediate Input FC size: 1888513

Input size: 2776812

Output size: 14745600

Weight size: 84320

Intermediate input size: 281278592
Total intermediate size (input + output): 0

input_size: 2776812, output_size: 14745600, weight_size: 84320, intermediate_size: 0
Total mem footprint: 17613644



Input FC size: 6912

Intermediate Input FC size: 1888513

Input size: 2776812

Output size: 14745600

Weight size: 84320

Intermediate input size: 281278592
Total intermediate size (input + output): 0

input_size: 2776812, output_size: 14745600, weight_size: 84320, intermediate_size: 0
Total mem footprint: 17613644



Input FC size: 3072

Intermediate Input FC size: 1999873

Input size: 1390572

Output size: 14745600

Weight size: 84320

Intermediate input size: 296065152
Total intermediate size (input + output): 0

input_size: 1390572, output_size: 14745600, weight_size: 84320, intermediate_size: 0
Total mem footprint: 16223564



-- local search of memory levels --
Choices after one step: {}
No valid follow-up configuration, stopping, current Wart: 8.620e+88
Total moves: 0
Total choices: 1
Choices: {}
Getting flat weight coupling for layer None
Getting flat weight coupling for layer None
-- spatial-memory levels co-optimization --
Choices after one step: {}
No valid follow-up configuration, stopping, current Wart: 8.620e+88
Total moves: 0
Total choices: 1
Choices: {}
Getting flat weight coupling for layer None
Getting flat weight coupling for layer None
é stato chiamato update stats! 




Questo mops è chiamato da update stats
Level: DRAM, arch bypasses for the level: ['int_in', 'int_out'], in_bp: 1, w_bp: 0, out_bp: 1, int_in_bp: 0, int_out_bp: 0
DEBUG updateStats pre scaling: Level DRAM:
  in_reads: 2764800
  per_layer_w_reads: {0: 864, 1: 9216, 2: 9216, 3: 9216, 4: 9216, 5: 9216, 6: 9216, 7: 9216, 8: 9216, 9: 9216, 10: 512}
  per_layer_int_in_reads: {0: 0, 1: 0, 2: 0, 3: 0, 4: 0, 5: 0, 6: 0, 7: 0, 8: 0, 9: 0}
  per_layer_int_out_reads: {0: 0, 1: 0, 2: 0, 3: 0, 4: 0, 5: 0, 6: 0, 7: 0, 8: 0, 9: 0}
  per_layer_int_out_writes: {0: 0, 1: 0, 2: 0, 3: 0, 4: 0, 5: 0, 6: 0, 7: 0, 8: 0, 9: 0}
  out_reads: 14745600
  out_writes: 14745600
  out_reads_factors: 1
scale_per_layer[0]: 1, temporal_iterations_per_layer[0]: 1, spatial_iterations_per_layer[0]: 1
DEBUG: results after scaling: Level DRAM: in_reads=2764800, w_reads=84320, int_in_reads=0, int_out_reads=0, int_out_writes=0, out_writes=14745600, out_reads=14745600, out_reads_factors=1
DEBUG: Level DRAM adjusted out_reads for no bias read: 0
DEBUG: Level DRAM bypasses intermediate storage
DEBUG updateStats post scaling: Level DRAM:
  in_reads: 2,764,800
  per_layer_w_reads: {0: 864, 1: 9216, 2: 9216, 3: 9216, 4: 9216, 5: 9216, 6: 9216, 7: 9216, 8: 9216, 9: 9216, 10: 512}
  w_reads: 84,320
  per_layer_int_in_reads: {0: 0, 1: 0, 2: 0, 3: 0, 4: 0, 5: 0, 6: 0, 7: 0, 8: 0, 9: 0}
  per_layer_int_in_writes: {0: 0, 1: 0, 2: 0, 3: 0, 4: 0, 5: 0, 6: 0, 7: 0, 8: 0, 9: 0}
  int_in_reads: 0
  per_layer_int_out_reads: {0: 0, 1: 0, 2: 0, 3: 0, 4: 0, 5: 0, 6: 0, 7: 0, 8: 0, 9: 0}
  per_layer_int_out_writes: {0: 0, 1: 0, 2: 0, 3: 0, 4: 0, 5: 0, 6: 0, 7: 0, 8: 0, 9: 0}
  int_out_reads: 0
  out_reads: 0
  out_writes: 14,745,600
  out_reads_factors: 1
in_writes: 0, w_writes: 0, int_in_writes: 0, int_out_writes: 0, out_writes: 14745600
Name of the level: DRAM, level active instances per layer: {0: 1, 1: 1, 2: 1, 3: 1, 4: 1, 5: 1, 6: 1, 7: 1, 8: 1, 9: 1, 10: 1}, level active instances: 1
Level DRAM, Layer 0: total_reads = 2765664, total_writes = 0
Level DRAM, Layer 1: total_reads = 9216, total_writes = 0
Level DRAM, Layer 2: total_reads = 9216, total_writes = 0
Level DRAM, Layer 3: total_reads = 9216, total_writes = 0
Level DRAM, Layer 4: total_reads = 9216, total_writes = 0
Level DRAM, Layer 5: total_reads = 9216, total_writes = 0
Level DRAM, Layer 6: total_reads = 9216, total_writes = 0
Level DRAM, Layer 7: total_reads = 9216, total_writes = 0
Level DRAM, Layer 8: total_reads = 9216, total_writes = 0
Level DRAM, Layer 9: total_reads = 9216, total_writes = 0
DEBUG: Level DRAM, Layer 10, per_layer_int_in_reads9: 0, per_layer_w_reads10: 512, out_reads: 0
Level DRAM, Layer 10: total_reads = 512, total_writes = 14745600
Check: Per Layer Total reads: {0: 2765664, 1: 9216, 2: 9216, 3: 9216, 4: 9216, 5: 9216, 6: 9216, 7: 9216, 8: 9216, 9: 9216, 10: 512}, total: 2849120
Check: Per Layer Total writes: {0: 0, 1: 0, 2: 0, 3: 0, 4: 0, 5: 0, 6: 0, 7: 0, 8: 0, 9: 0, 10: 14745600}, 
 total: 14745600
Level DRAM total WMOPs from per layer sum: 2,815,155,200.000
Level DRAM total WMOPs from total reads/writes: 2,815,155,200.000
End first part of update for level: DRAM



Questo mops è chiamato da update stats
Level: FeatureMemory, arch bypasses for the level: ['w'], in_bp: 0, w_bp: 0, out_bp: 0, int_in_bp: 0, int_out_bp: 0
DEBUG updateStats pre scaling: Level FeatureMemory:
  in_reads: 6912
  per_layer_w_reads: {0: 0, 1: 0, 2: 0, 3: 0, 4: 0, 5: 0, 6: 0, 7: 0, 8: 0, 9: 0, 10: 0}
  per_layer_int_in_reads: {0: 73728, 1: 73728, 2: 73728, 3: 73728, 4: 73728, 5: 73728, 6: 73728, 7: 73728, 8: 73728, 9: 4096}
  per_layer_int_out_reads: {0: 4096, 1: 4096, 2: 4096, 3: 4096, 4: 4096, 5: 4096, 6: 4096, 7: 4096, 8: 4096, 9: 4096}
  per_layer_int_out_writes: {0: 4096, 1: 4096, 2: 4096, 3: 4096, 4: 4096, 5: 4096, 6: 4096, 7: 4096, 8: 4096, 9: 4096}
  out_reads: 2048
  out_writes: 2048
  out_reads_factors: 1
scale_per_layer[0]: 7200, temporal_iterations_per_layer[0]: 7200, spatial_iterations_per_layer[0]: 1
DEBUG: results after scaling: Level FeatureMemory: in_reads=49766400, w_reads=0, int_in_reads=4807065600, int_out_reads=294912000, int_out_writes=294912000, out_writes=14745600, out_reads=14745600, out_reads_factors=1
DEBUG: Level FeatureMemory adjusted out_reads for no bias read: 0
DEBUG updateStats post scaling: Level FeatureMemory:
  in_reads: 49,766,400
  per_layer_w_reads: {0: 0, 1: 0, 2: 0, 3: 0, 4: 0, 5: 0, 6: 0, 7: 0, 8: 0, 9: 0, 10: 0}
  w_reads: 0
  per_layer_int_in_reads: {0: 530841600, 1: 530841600, 2: 530841600, 3: 530841600, 4: 530841600, 5: 530841600, 6: 530841600, 7: 530841600, 8: 530841600, 9: 29491200}
  per_layer_int_in_writes: {0: 0, 1: 0, 2: 0, 3: 0, 4: 0, 5: 0, 6: 0, 7: 0, 8: 0, 9: 0}
  int_in_reads: 4,807,065,600
  per_layer_int_out_reads: {0: 29491200, 1: 29491200, 2: 29491200, 3: 29491200, 4: 29491200, 5: 29491200, 6: 29491200, 7: 29491200, 8: 29491200, 9: 29491200}
  per_layer_int_out_writes: {0: 29491200, 1: 29491200, 2: 29491200, 3: 29491200, 4: 29491200, 5: 29491200, 6: 29491200, 7: 29491200, 8: 29491200, 9: 29491200}
  int_out_reads: 294,912,000
  out_reads: 14,745,600
  out_writes: 14,745,600
  out_reads_factors: 1
in_writes: 2764800, w_writes: 0, int_in_writes: 0, int_out_writes: 294912000, out_writes: 14745600
Name of the level: FeatureMemory, level active instances per layer: {0: 1, 1: 1, 2: 1, 3: 1, 4: 1, 5: 1, 6: 1, 7: 1, 8: 1, 9: 1, 10: 1}, level active instances: 1
Level FeatureMemory, Layer 0: total_reads = 79257600, total_writes = 32256000
Level FeatureMemory, Layer 1: total_reads = 560332800, total_writes = 29491200
Level FeatureMemory, Layer 2: total_reads = 560332800, total_writes = 29491200
Level FeatureMemory, Layer 3: total_reads = 560332800, total_writes = 29491200
Level FeatureMemory, Layer 4: total_reads = 560332800, total_writes = 29491200
Level FeatureMemory, Layer 5: total_reads = 560332800, total_writes = 29491200
Level FeatureMemory, Layer 6: total_reads = 560332800, total_writes = 29491200
Level FeatureMemory, Layer 7: total_reads = 560332800, total_writes = 29491200
Level FeatureMemory, Layer 8: total_reads = 560332800, total_writes = 29491200
Level FeatureMemory, Layer 9: total_reads = 560332800, total_writes = 29491200
DEBUG: Level FeatureMemory, Layer 10, per_layer_int_in_reads9: 29491200, per_layer_w_reads10: 0, out_reads: 14745600
Level FeatureMemory, Layer 10: total_reads = 44236800, total_writes = 14745600
Check: Per Layer Total reads: {0: 79257600, 1: 560332800, 2: 560332800, 3: 560332800, 4: 560332800, 5: 560332800, 6: 560332800, 7: 560332800, 8: 560332800, 9: 560332800, 10: 44236800}, total: 5166489600
Check: Per Layer Total writes: {0: 32256000, 1: 29491200, 2: 29491200, 3: 29491200, 4: 29491200, 5: 29491200, 6: 29491200, 7: 29491200, 8: 29491200, 9: 29491200, 10: 14745600}, 
 total: 312422400
Level FeatureMemory total WMOPs from per layer sum: 6,924,339,200.000
Level FeatureMemory total WMOPs from total reads/writes: 6,924,339,200.000
End first part of update for level: FeatureMemory



Questo mops è chiamato da update stats
Level: WeightMemory, arch bypasses for the level: ['in', 'int_in', 'int_out', 'out'], in_bp: 0, w_bp: 0, out_bp: 0, int_in_bp: 0, int_out_bp: 0
DEBUG updateStats pre scaling: Level WeightMemory:
  in_reads: 0
  per_layer_w_reads: {0: 864, 1: 9216, 2: 9216, 3: 9216, 4: 9216, 5: 9216, 6: 9216, 7: 9216, 8: 9216, 9: 9216, 10: 512}
  per_layer_int_in_reads: {0: 0, 1: 0, 2: 0, 3: 0, 4: 0, 5: 0, 6: 0, 7: 0, 8: 0, 9: 0}
  per_layer_int_out_reads: {0: 0, 1: 0, 2: 0, 3: 0, 4: 0, 5: 0, 6: 0, 7: 0, 8: 0, 9: 0}
  per_layer_int_out_writes: {0: 0, 1: 0, 2: 0, 3: 0, 4: 0, 5: 0, 6: 0, 7: 0, 8: 0, 9: 0}
  out_reads: 0
  out_writes: 0
  out_reads_factors: 0
scale_per_layer[0] = 7200, temporal_iterations_per_layer[0] = 7200, spatial_iterations_per_layer[0] = 1
scale_per_layer[0]: 7200, temporal_iterations_per_layer[0]: 7200, spatial_iterations_per_layer[0]: 1
DEBUG: results after scaling: Level WeightMemory: in_reads=0, w_reads=607104000, int_in_reads=0, int_out_reads=0, int_out_writes=0, out_writes=0, out_reads=0, out_reads_factors=0
DEBUG: Level WeightMemory bypasses intermediate storage
DEBUG updateStats post scaling: Level WeightMemory:
  in_reads: 0
  per_layer_w_reads: {0: 6220800, 1: 66355200, 2: 66355200, 3: 66355200, 4: 66355200, 5: 66355200, 6: 66355200, 7: 66355200, 8: 66355200, 9: 66355200, 10: 3686400}
  w_reads: 607,104,000
  per_layer_int_in_reads: {0: 0, 1: 0, 2: 0, 3: 0, 4: 0, 5: 0, 6: 0, 7: 0, 8: 0, 9: 0}
  per_layer_int_in_writes: {0: 0, 1: 0, 2: 0, 3: 0, 4: 0, 5: 0, 6: 0, 7: 0, 8: 0, 9: 0}
  int_in_reads: 0
  per_layer_int_out_reads: {0: 0, 1: 0, 2: 0, 3: 0, 4: 0, 5: 0, 6: 0, 7: 0, 8: 0, 9: 0}
  per_layer_int_out_writes: {0: 0, 1: 0, 2: 0, 3: 0, 4: 0, 5: 0, 6: 0, 7: 0, 8: 0, 9: 0}
  int_out_reads: 0
  out_reads: 0
  out_writes: 0
  out_reads_factors: 0
in_writes: 0, w_writes: 84320, int_in_writes: 0, int_out_writes: 0, out_writes: 0
Name of the level: WeightMemory, level active instances per layer: {0: 1, 1: 1, 2: 1, 3: 1, 4: 1, 5: 1, 6: 1, 7: 1, 8: 1, 9: 1, 10: 1}, level active instances: 1
Level WeightMemory, Layer 0: total_reads = 6220800, total_writes = 864
Level WeightMemory, Layer 1: total_reads = 66355200, total_writes = 9216
Level WeightMemory, Layer 2: total_reads = 66355200, total_writes = 9216
Level WeightMemory, Layer 3: total_reads = 66355200, total_writes = 9216
Level WeightMemory, Layer 4: total_reads = 66355200, total_writes = 9216
Level WeightMemory, Layer 5: total_reads = 66355200, total_writes = 9216
Level WeightMemory, Layer 6: total_reads = 66355200, total_writes = 9216
Level WeightMemory, Layer 7: total_reads = 66355200, total_writes = 9216
Level WeightMemory, Layer 8: total_reads = 66355200, total_writes = 9216
Level WeightMemory, Layer 9: total_reads = 66355200, total_writes = 9216
DEBUG: Level WeightMemory, Layer 10, per_layer_int_in_reads9: 0, per_layer_w_reads10: 3686400, out_reads: 0
Level WeightMemory, Layer 10: total_reads = 3686400, total_writes = 512
Check: Per Layer Total reads: {0: 6220800, 1: 66355200, 2: 66355200, 3: 66355200, 4: 66355200, 5: 66355200, 6: 66355200, 7: 66355200, 8: 66355200, 9: 66355200, 10: 3686400}, total: 607104000
Check: Per Layer Total writes: {0: 864, 1: 9216, 2: 9216, 3: 9216, 4: 9216, 5: 9216, 6: 9216, 7: 9216, 8: 9216, 9: 9216, 10: 512}, 
 total: 84320
Level WeightMemory total WMOPs from per layer sum: 7,355,442,907.200
Level WeightMemory total WMOPs from total reads/writes: 7,355,442,907.200
End first part of update for level: WeightMemory



Calculating Fanout Level: SACols_10, updating spatial and last reads
Fanout Level SACols_10, Layer 10, dim Q, layer_iterations: 128
End of the first part of Update Stats for fanout level: SACols_10


Calculating Fanout Level: SARows_10, updating spatial and last reads
Fanout Level SARows_10, Layer 10, dim Z10, layer_iterations: 16
End of the first part of Update Stats for fanout level: SARows_10


Calculating Fanout Level: SACols_9, updating spatial and last reads
Fanout Level SACols_9, Layer 9, dim X9, layer_iterations: 128
End of the first part of Update Stats for fanout level: SACols_9


Calculating Fanout Level: SARows_9, updating spatial and last reads
Fanout Level SARows_9, Layer 9, dim Z9, layer_iterations: 16
End of the first part of Update Stats for fanout level: SARows_9


Calculating Fanout Level: SACols_8, updating spatial and last reads
Fanout Level SACols_8, Layer 8, dim X8, layer_iterations: 128
End of the first part of Update Stats for fanout level: SACols_8


Calculating Fanout Level: SARows_8, updating spatial and last reads
Fanout Level SARows_8, Layer 8, dim Z8, layer_iterations: 16
End of the first part of Update Stats for fanout level: SARows_8


Calculating Fanout Level: SACols_7, updating spatial and last reads
Fanout Level SACols_7, Layer 7, dim X7, layer_iterations: 128
End of the first part of Update Stats for fanout level: SACols_7


Calculating Fanout Level: SARows_7, updating spatial and last reads
Fanout Level SARows_7, Layer 7, dim Z7, layer_iterations: 16
End of the first part of Update Stats for fanout level: SARows_7


Calculating Fanout Level: SACols_6, updating spatial and last reads
Fanout Level SACols_6, Layer 6, dim X6, layer_iterations: 128
End of the first part of Update Stats for fanout level: SACols_6


Calculating Fanout Level: SARows_6, updating spatial and last reads
Fanout Level SARows_6, Layer 6, dim Z6, layer_iterations: 16
End of the first part of Update Stats for fanout level: SARows_6


Calculating Fanout Level: SACols_5, updating spatial and last reads
Fanout Level SACols_5, Layer 5, dim X5, layer_iterations: 128
End of the first part of Update Stats for fanout level: SACols_5


Calculating Fanout Level: SARows_5, updating spatial and last reads
Fanout Level SARows_5, Layer 5, dim Z5, layer_iterations: 16
End of the first part of Update Stats for fanout level: SARows_5


Calculating Fanout Level: SACols_4, updating spatial and last reads
Fanout Level SACols_4, Layer 4, dim X4, layer_iterations: 128
End of the first part of Update Stats for fanout level: SACols_4


Calculating Fanout Level: SARows_4, updating spatial and last reads
Fanout Level SARows_4, Layer 4, dim Z4, layer_iterations: 16
End of the first part of Update Stats for fanout level: SARows_4


Calculating Fanout Level: SACols_3, updating spatial and last reads
Fanout Level SACols_3, Layer 3, dim X3, layer_iterations: 128
End of the first part of Update Stats for fanout level: SACols_3


Calculating Fanout Level: SARows_3, updating spatial and last reads
Fanout Level SARows_3, Layer 3, dim Z3, layer_iterations: 16
End of the first part of Update Stats for fanout level: SARows_3


Calculating Fanout Level: SACols_2, updating spatial and last reads
Fanout Level SACols_2, Layer 2, dim X2, layer_iterations: 128
End of the first part of Update Stats for fanout level: SACols_2


Calculating Fanout Level: SARows_2, updating spatial and last reads
Fanout Level SARows_2, Layer 2, dim Z2, layer_iterations: 16
End of the first part of Update Stats for fanout level: SARows_2


Calculating Fanout Level: SACols_1, updating spatial and last reads
Fanout Level SACols_1, Layer 1, dim X1, layer_iterations: 128
End of the first part of Update Stats for fanout level: SACols_1


Calculating Fanout Level: SARows_1, updating spatial and last reads
Fanout Level SARows_1, Layer 1, dim Z1, layer_iterations: 16
End of the first part of Update Stats for fanout level: SARows_1


Calculating Fanout Level: SACols_0, updating spatial and last reads
Fanout Level SACols_0, Layer 0, dim X0, layer_iterations: 128
End of the first part of Update Stats for fanout level: SACols_0


Calculating Fanout Level: SARows_0, updating spatial and last reads
Fanout Level SARows_0, Layer 0, dim Z0, layer_iterations: 16
End of the first part of Update Stats for fanout level: SARows_0


Questo mops è chiamato da update stats
Level: AccumulationIntermediateOutputRegister, arch bypasses for the level: ['in', 'w', 'int_in'], in_bp: 0, w_bp: 0, out_bp: 1, int_in_bp: 0, int_out_bp: 1
DEBUG updateStats pre scaling: Level AccumulationIntermediateOutputRegister:
  in_reads: 0
  per_layer_w_reads: {0: 0, 1: 0, 2: 0, 3: 0, 4: 0, 5: 0, 6: 0, 7: 0, 8: 0, 9: 0, 10: 0}
  per_layer_int_in_reads: {0: 0, 1: 0, 2: 0, 3: 0, 4: 0, 5: 0, 6: 0, 7: 0, 8: 0, 9: 0}
  per_layer_int_out_reads: {0: 1, 1: 1, 2: 1, 3: 1, 4: 1, 5: 1, 6: 1, 7: 1, 8: 1, 9: 1}
  per_layer_int_out_writes: {0: 1, 1: 1, 2: 1, 3: 1, 4: 1, 5: 1, 6: 1, 7: 1, 8: 1, 9: 1}
  out_reads: 1
  out_writes: 1
  out_reads_factors: 1
scale_per_layer[0]: 796262400, temporal_iterations_per_layer[0]: 388800, spatial_iterations_per_layer[0]: 2048
DEBUG: results after scaling: Level AccumulationIntermediateOutputRegister: in_reads=0, w_reads=0, int_in_reads=0, int_out_reads=77237452800, int_out_writes=77237452800, out_writes=471859200, out_reads=471859200, out_reads_factors=32
DEBUG: Level AccumulationIntermediateOutputRegister adjusted out_reads for no bias read: 457113600
DEBUG updateStats post scaling: Level AccumulationIntermediateOutputRegister:
  in_reads: 0
  per_layer_w_reads: {0: 0, 1: 0, 2: 0, 3: 0, 4: 0, 5: 0, 6: 0, 7: 0, 8: 0, 9: 0, 10: 0}
  w_reads: 0
  per_layer_int_in_reads: {0: 0, 1: 0, 2: 0, 3: 0, 4: 0, 5: 0, 6: 0, 7: 0, 8: 0, 9: 0}
  per_layer_int_in_writes: {0: 0, 1: 0, 2: 0, 3: 0, 4: 0, 5: 0, 6: 0, 7: 0, 8: 0, 9: 0}
  int_in_reads: 0
  per_layer_int_out_reads: {0: 825753600, 1: 8522956800, 2: 8522956800, 3: 8522956800, 4: 8522956800, 5: 8522956800, 6: 8522956800, 7: 8522956800, 8: 8522956800, 9: 8522956800}
  per_layer_int_out_writes: {0: 825753600, 1: 8522956800, 2: 8522956800, 3: 8522956800, 4: 8522956800, 5: 8522956800, 6: 8522956800, 7: 8522956800, 8: 8522956800, 9: 8522956800}
  int_out_reads: 77,237,452,800
  out_reads: 471,859,200
  out_writes: 471,859,200
  out_reads_factors: 32
in_writes: 0, w_writes: 0, int_in_writes: 0, int_out_writes: 77237452800, out_writes: 471859200
Name of the level: AccumulationIntermediateOutputRegister, level active instances per layer: {0: 2048, 1: 2048, 2: 2048, 3: 2048, 4: 2048, 5: 2048, 6: 2048, 7: 2048, 8: 2048, 9: 2048, 10: 2048}, level active instances: 2658455991569831745807614120560689152
Level AccumulationIntermediateOutputRegister, Layer 0: total_reads = 825753600, total_writes = 825753600
Level AccumulationIntermediateOutputRegister, Layer 1: total_reads = 8522956800, total_writes = 8522956800
Level AccumulationIntermediateOutputRegister, Layer 2: total_reads = 8522956800, total_writes = 8522956800
Level AccumulationIntermediateOutputRegister, Layer 3: total_reads = 8522956800, total_writes = 8522956800
Level AccumulationIntermediateOutputRegister, Layer 4: total_reads = 8522956800, total_writes = 8522956800
Level AccumulationIntermediateOutputRegister, Layer 5: total_reads = 8522956800, total_writes = 8522956800
Level AccumulationIntermediateOutputRegister, Layer 6: total_reads = 8522956800, total_writes = 8522956800
Level AccumulationIntermediateOutputRegister, Layer 7: total_reads = 8522956800, total_writes = 8522956800
Level AccumulationIntermediateOutputRegister, Layer 8: total_reads = 8522956800, total_writes = 8522956800
Level AccumulationIntermediateOutputRegister, Layer 9: total_reads = 8522956800, total_writes = 8522956800
DEBUG: Level AccumulationIntermediateOutputRegister, Layer 10, per_layer_int_in_reads9: 0, per_layer_w_reads10: 0, out_reads: 471859200
Level AccumulationIntermediateOutputRegister, Layer 10: total_reads = 471859200, total_writes = 471859200
Check: Per Layer Total reads: {0: 825753600, 1: 8522956800, 2: 8522956800, 3: 8522956800, 4: 8522956800, 5: 8522956800, 6: 8522956800, 7: 8522956800, 8: 8522956800, 9: 8522956800, 10: 471859200}, total: 78004224000
Check: Per Layer Total writes: {0: 825753600, 1: 8522956800, 2: 8522956800, 3: 8522956800, 4: 8522956800, 5: 8522956800, 6: 8522956800, 7: 8522956800, 8: 8522956800, 9: 8522956800, 10: 471859200}, 
 total: 78004224000
Level AccumulationIntermediateOutputRegister total WMOPs from per layer sum: 32,316,794,587.200
Level AccumulationIntermediateOutputRegister total WMOPs from total reads/writes: 32,222,422,747.200
End first part of update for level: AccumulationIntermediateOutputRegister



Calculating WMOPs for Compute Level
Compute Level Compute WMOPs_per_layer: {0: 954052453.44, 1: 4917000591.360001, 2: 4917000591.360001, 3: 4917000591.360001, 4: 4917000591.360001, 5: 4917000591.360001, 6: 4917000591.360001, 7: 4917000591.360001, 8: 4917000591.360001, 9: 4917000591.360001, 10: 2651599211.52}
WMOPs_till_now before compute level: 32,316,794,587.200
Compute Level Compute total WMOPs from per layer sum: 47858656987.200005
Compute Level Compute total WMOPs: 1.728474674624478e+106
Total WMOPs after adding compute level: 80175451574.40001
END FIRST PART OF UPDATE STATS


First cc_per_tile, it is from compute = 1
First cc_per_tile_per_layer it is from compute = {0: 1, 1: 1, 2: 1, 3: 1, 4: 1, 5: 1, 6: 1, 7: 1, 8: 1, 9: 1, 10: 1}


Calculating Latency for Level: AccumulationIntermediateOutputRegister

Latency for layer: 0 of Level: AccumulationIntermediateOutputRegister
level.active_instances_per_layer[0]: 2048
level.temporal_iterations_per_layer[0]: 388800
Scaling per layer[0]: 796,262,400
Single Tile latency: cc_per_tile_per_layer[0]: 1
Ideal Case, Latency at this level without stalls: cc_per_all_tiles_per_layer[0]: 1
SCALED cc_per_all_tiles_per_layer[0]: 796,262,400
level.getReadPerLayer[0](): 825,753,600
  (For comparison - full reads including accumulation: 825,753,600)
ideal_bandwidth_read_per_layer[0]: 1.037037037037037
level.getDrainPerLayer[0](): 29,491,200
ideal_bandwidth_drain_per_layer[0]: 0.037037037037037035
ideal_bandwidth_update_per_layer[0]: 1.0
  (For comparison - full updates including accumulation: 796,262,400)
level.getFillPerLayer[0](): 29,491,200
ideal_bandwidth_fill_per_layer[0]: 0.037037037037037035

Latency for layer: 1 of Level: AccumulationIntermediateOutputRegister
level.active_instances_per_layer[1]: 2048
level.temporal_iterations_per_layer[1]: 4147200
Scaling per layer[1]: 8,493,465,600
Single Tile latency: cc_per_tile_per_layer[1]: 1
Ideal Case, Latency at this level without stalls: cc_per_all_tiles_per_layer[1]: 1
SCALED cc_per_all_tiles_per_layer[1]: 8,493,465,600
level.getReadPerLayer[1](): 8,493,465,600
  (For comparison - full reads including accumulation: 8,493,465,600)
ideal_bandwidth_read_per_layer[1]: 1.0
level.getDrainPerLayer[1](): 29,491,200
ideal_bandwidth_drain_per_layer[1]: 0.003472222222222222
ideal_bandwidth_update_per_layer[1]: 1.0
  (For comparison - full updates including accumulation: 8,493,465,600)
level.getFillPerLayer[1](): 29,491,200
ideal_bandwidth_fill_per_layer[1]: 0.003472222222222222

Latency for layer: 2 of Level: AccumulationIntermediateOutputRegister
level.active_instances_per_layer[2]: 2048
level.temporal_iterations_per_layer[2]: 4147200
Scaling per layer[2]: 8,493,465,600
Single Tile latency: cc_per_tile_per_layer[2]: 1
Ideal Case, Latency at this level without stalls: cc_per_all_tiles_per_layer[2]: 1
SCALED cc_per_all_tiles_per_layer[2]: 8,493,465,600
level.getReadPerLayer[2](): 8,493,465,600
  (For comparison - full reads including accumulation: 8,493,465,600)
ideal_bandwidth_read_per_layer[2]: 1.0
level.getDrainPerLayer[2](): 29,491,200
ideal_bandwidth_drain_per_layer[2]: 0.003472222222222222
ideal_bandwidth_update_per_layer[2]: 1.0
  (For comparison - full updates including accumulation: 8,493,465,600)
level.getFillPerLayer[2](): 29,491,200
ideal_bandwidth_fill_per_layer[2]: 0.003472222222222222

Latency for layer: 3 of Level: AccumulationIntermediateOutputRegister
level.active_instances_per_layer[3]: 2048
level.temporal_iterations_per_layer[3]: 4147200
Scaling per layer[3]: 8,493,465,600
Single Tile latency: cc_per_tile_per_layer[3]: 1
Ideal Case, Latency at this level without stalls: cc_per_all_tiles_per_layer[3]: 1
SCALED cc_per_all_tiles_per_layer[3]: 8,493,465,600
level.getReadPerLayer[3](): 8,493,465,600
  (For comparison - full reads including accumulation: 8,493,465,600)
ideal_bandwidth_read_per_layer[3]: 1.0
level.getDrainPerLayer[3](): 29,491,200
ideal_bandwidth_drain_per_layer[3]: 0.003472222222222222
ideal_bandwidth_update_per_layer[3]: 1.0
  (For comparison - full updates including accumulation: 8,493,465,600)
level.getFillPerLayer[3](): 29,491,200
ideal_bandwidth_fill_per_layer[3]: 0.003472222222222222

Latency for layer: 4 of Level: AccumulationIntermediateOutputRegister
level.active_instances_per_layer[4]: 2048
level.temporal_iterations_per_layer[4]: 4147200
Scaling per layer[4]: 8,493,465,600
Single Tile latency: cc_per_tile_per_layer[4]: 1
Ideal Case, Latency at this level without stalls: cc_per_all_tiles_per_layer[4]: 1
SCALED cc_per_all_tiles_per_layer[4]: 8,493,465,600
level.getReadPerLayer[4](): 8,493,465,600
  (For comparison - full reads including accumulation: 8,493,465,600)
ideal_bandwidth_read_per_layer[4]: 1.0
level.getDrainPerLayer[4](): 29,491,200
ideal_bandwidth_drain_per_layer[4]: 0.003472222222222222
ideal_bandwidth_update_per_layer[4]: 1.0
  (For comparison - full updates including accumulation: 8,493,465,600)
level.getFillPerLayer[4](): 29,491,200
ideal_bandwidth_fill_per_layer[4]: 0.003472222222222222

Latency for layer: 5 of Level: AccumulationIntermediateOutputRegister
level.active_instances_per_layer[5]: 2048
level.temporal_iterations_per_layer[5]: 4147200
Scaling per layer[5]: 8,493,465,600
Single Tile latency: cc_per_tile_per_layer[5]: 1
Ideal Case, Latency at this level without stalls: cc_per_all_tiles_per_layer[5]: 1
SCALED cc_per_all_tiles_per_layer[5]: 8,493,465,600
level.getReadPerLayer[5](): 8,493,465,600
  (For comparison - full reads including accumulation: 8,493,465,600)
ideal_bandwidth_read_per_layer[5]: 1.0
level.getDrainPerLayer[5](): 29,491,200
ideal_bandwidth_drain_per_layer[5]: 0.003472222222222222
ideal_bandwidth_update_per_layer[5]: 1.0
  (For comparison - full updates including accumulation: 8,493,465,600)
level.getFillPerLayer[5](): 29,491,200
ideal_bandwidth_fill_per_layer[5]: 0.003472222222222222

Latency for layer: 6 of Level: AccumulationIntermediateOutputRegister
level.active_instances_per_layer[6]: 2048
level.temporal_iterations_per_layer[6]: 4147200
Scaling per layer[6]: 8,493,465,600
Single Tile latency: cc_per_tile_per_layer[6]: 1
Ideal Case, Latency at this level without stalls: cc_per_all_tiles_per_layer[6]: 1
SCALED cc_per_all_tiles_per_layer[6]: 8,493,465,600
level.getReadPerLayer[6](): 8,493,465,600
  (For comparison - full reads including accumulation: 8,493,465,600)
ideal_bandwidth_read_per_layer[6]: 1.0
level.getDrainPerLayer[6](): 29,491,200
ideal_bandwidth_drain_per_layer[6]: 0.003472222222222222
ideal_bandwidth_update_per_layer[6]: 1.0
  (For comparison - full updates including accumulation: 8,493,465,600)
level.getFillPerLayer[6](): 29,491,200
ideal_bandwidth_fill_per_layer[6]: 0.003472222222222222

Latency for layer: 7 of Level: AccumulationIntermediateOutputRegister
level.active_instances_per_layer[7]: 2048
level.temporal_iterations_per_layer[7]: 4147200
Scaling per layer[7]: 8,493,465,600
Single Tile latency: cc_per_tile_per_layer[7]: 1
Ideal Case, Latency at this level without stalls: cc_per_all_tiles_per_layer[7]: 1
SCALED cc_per_all_tiles_per_layer[7]: 8,493,465,600
level.getReadPerLayer[7](): 8,493,465,600
  (For comparison - full reads including accumulation: 8,493,465,600)
ideal_bandwidth_read_per_layer[7]: 1.0
level.getDrainPerLayer[7](): 29,491,200
ideal_bandwidth_drain_per_layer[7]: 0.003472222222222222
ideal_bandwidth_update_per_layer[7]: 1.0
  (For comparison - full updates including accumulation: 8,493,465,600)
level.getFillPerLayer[7](): 29,491,200
ideal_bandwidth_fill_per_layer[7]: 0.003472222222222222

Latency for layer: 8 of Level: AccumulationIntermediateOutputRegister
level.active_instances_per_layer[8]: 2048
level.temporal_iterations_per_layer[8]: 4147200
Scaling per layer[8]: 8,493,465,600
Single Tile latency: cc_per_tile_per_layer[8]: 1
Ideal Case, Latency at this level without stalls: cc_per_all_tiles_per_layer[8]: 1
SCALED cc_per_all_tiles_per_layer[8]: 8,493,465,600
level.getReadPerLayer[8](): 8,493,465,600
  (For comparison - full reads including accumulation: 8,493,465,600)
ideal_bandwidth_read_per_layer[8]: 1.0
level.getDrainPerLayer[8](): 29,491,200
ideal_bandwidth_drain_per_layer[8]: 0.003472222222222222
ideal_bandwidth_update_per_layer[8]: 1.0
  (For comparison - full updates including accumulation: 8,493,465,600)
level.getFillPerLayer[8](): 29,491,200
ideal_bandwidth_fill_per_layer[8]: 0.003472222222222222

Latency for layer: 9 of Level: AccumulationIntermediateOutputRegister
level.active_instances_per_layer[9]: 2048
level.temporal_iterations_per_layer[9]: 4147200
Scaling per layer[9]: 8,493,465,600
Single Tile latency: cc_per_tile_per_layer[9]: 1
Ideal Case, Latency at this level without stalls: cc_per_all_tiles_per_layer[9]: 1
SCALED cc_per_all_tiles_per_layer[9]: 8,493,465,600
level.getReadPerLayer[9](): 8,493,465,600
  (For comparison - full reads including accumulation: 8,493,465,600)
ideal_bandwidth_read_per_layer[9]: 1.0
level.getDrainPerLayer[9](): 29,491,200
ideal_bandwidth_drain_per_layer[9]: 0.003472222222222222
ideal_bandwidth_update_per_layer[9]: 1.0
  (For comparison - full updates including accumulation: 8,493,465,600)
level.getFillPerLayer[9](): 29,491,200
ideal_bandwidth_fill_per_layer[9]: 0.003472222222222222

Latency for layer: 10 of Level: AccumulationIntermediateOutputRegister
level.active_instances_per_layer[10]: 2048
level.temporal_iterations_per_layer[10]: 230400
Scaling per layer[10]: 471,859,200
Single Tile latency: cc_per_tile_per_layer[10]: 1
Ideal Case, Latency at this level without stalls: cc_per_all_tiles_per_layer[10]: 1
SCALED cc_per_all_tiles_per_layer[10]: 471,859,200
level.getReadPerLayer[10](): 457,113,600
  (For comparison - full reads including accumulation: 457,113,600)
ideal_bandwidth_read_per_layer[10]: 0.96875
level.getDrainPerLayer[10](): 14,745,600
ideal_bandwidth_drain_per_layer[10]: 0.03125
ideal_bandwidth_update_per_layer[10]: 1.0
  (For comparison - full updates including accumulation: 471,859,200)
level.getFillPerLayer[10](): 0
ideal_bandwidth_fill_per_layer[10]: 0.0

Start of calculation of latency:


Layer_id: 0 in AccumulationIntermediateOutputRegister

ideal_bandwidth_read_per_layer[0] + ideal_bandwidth_drain_per_layer[0]: 1.074074074074074 vs level.read_bandwidth: 1
I am in Slowdown: Memory Bound
ideal_bandwidth_read_per_layer[0]: 1.037037037037037
ideal_bandwidth_drain_per_layer[0]: 0.037037037037037035
level.read_bandwidth: 1
total data (for bandwidth): 855244800
scaling_per_layer[0]: 796262400
SLOWDOWN CASE latency_read_drain_per_layer[0]: 1.0740740740740742

ideal_bandwidth_fill_per_layer[0] + ideal_bandwidth_update_per_layer[0]: 1.037037037037037 vs level.write_bandwidth: 1
ideal_bandwidth_fill_per_layer[0]: 0.037037037037037035
ideal_bandwidth_update_per_layer[0]: 1.0
level.write_bandwidth: 1
total data (for bandwidth): 825753600
scaling_per_layer[0]: 796262400
SLOWDOWN CASE latency_fill_update_per_layer[0]: 1.037037037037037


Layer_id: 1 in AccumulationIntermediateOutputRegister

ideal_bandwidth_read_per_layer[1] + ideal_bandwidth_drain_per_layer[1]: 1.0034722222222223 vs level.read_bandwidth: 1
I am in Slowdown: Memory Bound
ideal_bandwidth_read_per_layer[1]: 1.0
ideal_bandwidth_drain_per_layer[1]: 0.003472222222222222
level.read_bandwidth: 1
total data (for bandwidth): 8522956800
scaling_per_layer[1]: 8493465600
SLOWDOWN CASE latency_read_drain_per_layer[1]: 1.0034722222222223

ideal_bandwidth_fill_per_layer[1] + ideal_bandwidth_update_per_layer[1]: 1.0034722222222223 vs level.write_bandwidth: 1
ideal_bandwidth_fill_per_layer[1]: 0.003472222222222222
ideal_bandwidth_update_per_layer[1]: 1.0
level.write_bandwidth: 1
total data (for bandwidth): 8522956800
scaling_per_layer[1]: 8493465600
SLOWDOWN CASE latency_fill_update_per_layer[1]: 1.0034722222222223


Layer_id: 2 in AccumulationIntermediateOutputRegister

ideal_bandwidth_read_per_layer[2] + ideal_bandwidth_drain_per_layer[2]: 1.0034722222222223 vs level.read_bandwidth: 1
I am in Slowdown: Memory Bound
ideal_bandwidth_read_per_layer[2]: 1.0
ideal_bandwidth_drain_per_layer[2]: 0.003472222222222222
level.read_bandwidth: 1
total data (for bandwidth): 8522956800
scaling_per_layer[2]: 8493465600
SLOWDOWN CASE latency_read_drain_per_layer[2]: 1.0034722222222223

ideal_bandwidth_fill_per_layer[2] + ideal_bandwidth_update_per_layer[2]: 1.0034722222222223 vs level.write_bandwidth: 1
ideal_bandwidth_fill_per_layer[2]: 0.003472222222222222
ideal_bandwidth_update_per_layer[2]: 1.0
level.write_bandwidth: 1
total data (for bandwidth): 8522956800
scaling_per_layer[2]: 8493465600
SLOWDOWN CASE latency_fill_update_per_layer[2]: 1.0034722222222223


Layer_id: 3 in AccumulationIntermediateOutputRegister

ideal_bandwidth_read_per_layer[3] + ideal_bandwidth_drain_per_layer[3]: 1.0034722222222223 vs level.read_bandwidth: 1
I am in Slowdown: Memory Bound
ideal_bandwidth_read_per_layer[3]: 1.0
ideal_bandwidth_drain_per_layer[3]: 0.003472222222222222
level.read_bandwidth: 1
total data (for bandwidth): 8522956800
scaling_per_layer[3]: 8493465600
SLOWDOWN CASE latency_read_drain_per_layer[3]: 1.0034722222222223

ideal_bandwidth_fill_per_layer[3] + ideal_bandwidth_update_per_layer[3]: 1.0034722222222223 vs level.write_bandwidth: 1
ideal_bandwidth_fill_per_layer[3]: 0.003472222222222222
ideal_bandwidth_update_per_layer[3]: 1.0
level.write_bandwidth: 1
total data (for bandwidth): 8522956800
scaling_per_layer[3]: 8493465600
SLOWDOWN CASE latency_fill_update_per_layer[3]: 1.0034722222222223


Layer_id: 4 in AccumulationIntermediateOutputRegister

ideal_bandwidth_read_per_layer[4] + ideal_bandwidth_drain_per_layer[4]: 1.0034722222222223 vs level.read_bandwidth: 1
I am in Slowdown: Memory Bound
ideal_bandwidth_read_per_layer[4]: 1.0
ideal_bandwidth_drain_per_layer[4]: 0.003472222222222222
level.read_bandwidth: 1
total data (for bandwidth): 8522956800
scaling_per_layer[4]: 8493465600
SLOWDOWN CASE latency_read_drain_per_layer[4]: 1.0034722222222223

ideal_bandwidth_fill_per_layer[4] + ideal_bandwidth_update_per_layer[4]: 1.0034722222222223 vs level.write_bandwidth: 1
ideal_bandwidth_fill_per_layer[4]: 0.003472222222222222
ideal_bandwidth_update_per_layer[4]: 1.0
level.write_bandwidth: 1
total data (for bandwidth): 8522956800
scaling_per_layer[4]: 8493465600
SLOWDOWN CASE latency_fill_update_per_layer[4]: 1.0034722222222223


Layer_id: 5 in AccumulationIntermediateOutputRegister

ideal_bandwidth_read_per_layer[5] + ideal_bandwidth_drain_per_layer[5]: 1.0034722222222223 vs level.read_bandwidth: 1
I am in Slowdown: Memory Bound
ideal_bandwidth_read_per_layer[5]: 1.0
ideal_bandwidth_drain_per_layer[5]: 0.003472222222222222
level.read_bandwidth: 1
total data (for bandwidth): 8522956800
scaling_per_layer[5]: 8493465600
SLOWDOWN CASE latency_read_drain_per_layer[5]: 1.0034722222222223

ideal_bandwidth_fill_per_layer[5] + ideal_bandwidth_update_per_layer[5]: 1.0034722222222223 vs level.write_bandwidth: 1
ideal_bandwidth_fill_per_layer[5]: 0.003472222222222222
ideal_bandwidth_update_per_layer[5]: 1.0
level.write_bandwidth: 1
total data (for bandwidth): 8522956800
scaling_per_layer[5]: 8493465600
SLOWDOWN CASE latency_fill_update_per_layer[5]: 1.0034722222222223


Layer_id: 6 in AccumulationIntermediateOutputRegister

ideal_bandwidth_read_per_layer[6] + ideal_bandwidth_drain_per_layer[6]: 1.0034722222222223 vs level.read_bandwidth: 1
I am in Slowdown: Memory Bound
ideal_bandwidth_read_per_layer[6]: 1.0
ideal_bandwidth_drain_per_layer[6]: 0.003472222222222222
level.read_bandwidth: 1
total data (for bandwidth): 8522956800
scaling_per_layer[6]: 8493465600
SLOWDOWN CASE latency_read_drain_per_layer[6]: 1.0034722222222223

ideal_bandwidth_fill_per_layer[6] + ideal_bandwidth_update_per_layer[6]: 1.0034722222222223 vs level.write_bandwidth: 1
ideal_bandwidth_fill_per_layer[6]: 0.003472222222222222
ideal_bandwidth_update_per_layer[6]: 1.0
level.write_bandwidth: 1
total data (for bandwidth): 8522956800
scaling_per_layer[6]: 8493465600
SLOWDOWN CASE latency_fill_update_per_layer[6]: 1.0034722222222223


Layer_id: 7 in AccumulationIntermediateOutputRegister

ideal_bandwidth_read_per_layer[7] + ideal_bandwidth_drain_per_layer[7]: 1.0034722222222223 vs level.read_bandwidth: 1
I am in Slowdown: Memory Bound
ideal_bandwidth_read_per_layer[7]: 1.0
ideal_bandwidth_drain_per_layer[7]: 0.003472222222222222
level.read_bandwidth: 1
total data (for bandwidth): 8522956800
scaling_per_layer[7]: 8493465600
SLOWDOWN CASE latency_read_drain_per_layer[7]: 1.0034722222222223

ideal_bandwidth_fill_per_layer[7] + ideal_bandwidth_update_per_layer[7]: 1.0034722222222223 vs level.write_bandwidth: 1
ideal_bandwidth_fill_per_layer[7]: 0.003472222222222222
ideal_bandwidth_update_per_layer[7]: 1.0
level.write_bandwidth: 1
total data (for bandwidth): 8522956800
scaling_per_layer[7]: 8493465600
SLOWDOWN CASE latency_fill_update_per_layer[7]: 1.0034722222222223


Layer_id: 8 in AccumulationIntermediateOutputRegister

ideal_bandwidth_read_per_layer[8] + ideal_bandwidth_drain_per_layer[8]: 1.0034722222222223 vs level.read_bandwidth: 1
I am in Slowdown: Memory Bound
ideal_bandwidth_read_per_layer[8]: 1.0
ideal_bandwidth_drain_per_layer[8]: 0.003472222222222222
level.read_bandwidth: 1
total data (for bandwidth): 8522956800
scaling_per_layer[8]: 8493465600
SLOWDOWN CASE latency_read_drain_per_layer[8]: 1.0034722222222223

ideal_bandwidth_fill_per_layer[8] + ideal_bandwidth_update_per_layer[8]: 1.0034722222222223 vs level.write_bandwidth: 1
ideal_bandwidth_fill_per_layer[8]: 0.003472222222222222
ideal_bandwidth_update_per_layer[8]: 1.0
level.write_bandwidth: 1
total data (for bandwidth): 8522956800
scaling_per_layer[8]: 8493465600
SLOWDOWN CASE latency_fill_update_per_layer[8]: 1.0034722222222223


Layer_id: 9 in AccumulationIntermediateOutputRegister

ideal_bandwidth_read_per_layer[9] + ideal_bandwidth_drain_per_layer[9]: 1.0034722222222223 vs level.read_bandwidth: 1
I am in Slowdown: Memory Bound
ideal_bandwidth_read_per_layer[9]: 1.0
ideal_bandwidth_drain_per_layer[9]: 0.003472222222222222
level.read_bandwidth: 1
total data (for bandwidth): 8522956800
scaling_per_layer[9]: 8493465600
SLOWDOWN CASE latency_read_drain_per_layer[9]: 1.0034722222222223

ideal_bandwidth_fill_per_layer[9] + ideal_bandwidth_update_per_layer[9]: 1.0034722222222223 vs level.write_bandwidth: 1
ideal_bandwidth_fill_per_layer[9]: 0.003472222222222222
ideal_bandwidth_update_per_layer[9]: 1.0
level.write_bandwidth: 1
total data (for bandwidth): 8522956800
scaling_per_layer[9]: 8493465600
SLOWDOWN CASE latency_fill_update_per_layer[9]: 1.0034722222222223


Layer_id: 10 in AccumulationIntermediateOutputRegister

ideal_bandwidth_read_per_layer[10] + ideal_bandwidth_drain_per_layer[10]: 1.0 vs level.read_bandwidth: 1
I am in Compute Bound
cc_per_all_tiles_per_layer[10]: 1
STANDARD CASE latency_read_drain_per_layer[10]: 1

ideal_bandwidth_fill_per_layer[10] + ideal_bandwidth_update_per_layer[10]: 1.0 vs level.write_bandwidth: 1
previous_fanout_pe_to_pe_warmup: 0
STANDARD CASE latency_fill_update_per_layer[10]: 1

End of calculation of latency.

Calculating per tile final latency and stall for layer 0 in AccumulationIntermediateOutputRegister: latency_read_drain_per_layer[0] = 1.0740740740740742, latency_fill_update_per_layer[0] = 1.037037037037037
Final per tile latency_per_layer[0]: 1
Final per tile stall_cycles_per_layer[0]: 0
Ideal case: no stall introduced by this level per this layer: cc_per_all_tiles_per_layer[0]: 1
Calculating per tile final latency and stall for layer 1 in AccumulationIntermediateOutputRegister: latency_read_drain_per_layer[1] = 1.0034722222222223, latency_fill_update_per_layer[1] = 1.0034722222222223
Final per tile latency_per_layer[1]: 1
Final per tile stall_cycles_per_layer[1]: 0
Ideal case: no stall introduced by this level per this layer: cc_per_all_tiles_per_layer[1]: 1
Calculating per tile final latency and stall for layer 2 in AccumulationIntermediateOutputRegister: latency_read_drain_per_layer[2] = 1.0034722222222223, latency_fill_update_per_layer[2] = 1.0034722222222223
Final per tile latency_per_layer[2]: 1
Final per tile stall_cycles_per_layer[2]: 0
Ideal case: no stall introduced by this level per this layer: cc_per_all_tiles_per_layer[2]: 1
Calculating per tile final latency and stall for layer 3 in AccumulationIntermediateOutputRegister: latency_read_drain_per_layer[3] = 1.0034722222222223, latency_fill_update_per_layer[3] = 1.0034722222222223
Final per tile latency_per_layer[3]: 1
Final per tile stall_cycles_per_layer[3]: 0
Ideal case: no stall introduced by this level per this layer: cc_per_all_tiles_per_layer[3]: 1
Calculating per tile final latency and stall for layer 4 in AccumulationIntermediateOutputRegister: latency_read_drain_per_layer[4] = 1.0034722222222223, latency_fill_update_per_layer[4] = 1.0034722222222223
Final per tile latency_per_layer[4]: 1
Final per tile stall_cycles_per_layer[4]: 0
Ideal case: no stall introduced by this level per this layer: cc_per_all_tiles_per_layer[4]: 1
Calculating per tile final latency and stall for layer 5 in AccumulationIntermediateOutputRegister: latency_read_drain_per_layer[5] = 1.0034722222222223, latency_fill_update_per_layer[5] = 1.0034722222222223
Final per tile latency_per_layer[5]: 1
Final per tile stall_cycles_per_layer[5]: 0
Ideal case: no stall introduced by this level per this layer: cc_per_all_tiles_per_layer[5]: 1
Calculating per tile final latency and stall for layer 6 in AccumulationIntermediateOutputRegister: latency_read_drain_per_layer[6] = 1.0034722222222223, latency_fill_update_per_layer[6] = 1.0034722222222223
Final per tile latency_per_layer[6]: 1
Final per tile stall_cycles_per_layer[6]: 0
Ideal case: no stall introduced by this level per this layer: cc_per_all_tiles_per_layer[6]: 1
Calculating per tile final latency and stall for layer 7 in AccumulationIntermediateOutputRegister: latency_read_drain_per_layer[7] = 1.0034722222222223, latency_fill_update_per_layer[7] = 1.0034722222222223
Final per tile latency_per_layer[7]: 1
Final per tile stall_cycles_per_layer[7]: 0
Ideal case: no stall introduced by this level per this layer: cc_per_all_tiles_per_layer[7]: 1
Calculating per tile final latency and stall for layer 8 in AccumulationIntermediateOutputRegister: latency_read_drain_per_layer[8] = 1.0034722222222223, latency_fill_update_per_layer[8] = 1.0034722222222223
Final per tile latency_per_layer[8]: 1
Final per tile stall_cycles_per_layer[8]: 0
Ideal case: no stall introduced by this level per this layer: cc_per_all_tiles_per_layer[8]: 1
Calculating per tile final latency and stall for layer 9 in AccumulationIntermediateOutputRegister: latency_read_drain_per_layer[9] = 1.0034722222222223, latency_fill_update_per_layer[9] = 1.0034722222222223
Final per tile latency_per_layer[9]: 1
Final per tile stall_cycles_per_layer[9]: 0
Ideal case: no stall introduced by this level per this layer: cc_per_all_tiles_per_layer[9]: 1
Calculating per tile final latency and stall for layer 10 in AccumulationIntermediateOutputRegister: latency_read_drain_per_layer[10] = 1, latency_fill_update_per_layer[10] = 1
Final per tile latency_per_layer[10]: 1
Final per tile stall_cycles_per_layer[10]: 0
Ideal case: no stall introduced by this level per this layer: cc_per_all_tiles_per_layer[10]: 1


Calculating Latency for Level: WeightMemory

Latency for layer: 0 of Level: WeightMemory
level.active_instances_per_layer[0]: 1
level.temporal_iterations_per_layer[0]: 7200
Scaling per layer[0]: 7,200
Single Tile latency: cc_per_tile_per_layer[0]: 1.0740740740740742
Ideal Case, Latency at this level without stalls: cc_per_all_tiles_per_layer[0]: 58.00000000000001
SCALED cc_per_all_tiles_per_layer[0]: 417,600
level.getReadPerLayer[0](): 6,220,800
  (For comparison - full reads including accumulation: 6,220,800)
ideal_bandwidth_read_per_layer[0]: 14.896551724137929
level.getDrainPerLayer[0](): 0
ideal_bandwidth_drain_per_layer[0]: 0.0
ideal_bandwidth_update_per_layer[0]: 0.0
  (For comparison - full updates including accumulation: 0)
level.getFillPerLayer[0](): 864
ideal_bandwidth_fill_per_layer[0]: 0.002068965517241379

Latency for layer: 1 of Level: WeightMemory
level.active_instances_per_layer[1]: 1
level.temporal_iterations_per_layer[1]: 7200
Scaling per layer[1]: 7,200
Single Tile latency: cc_per_tile_per_layer[1]: 1.0034722222222223
Ideal Case, Latency at this level without stalls: cc_per_all_tiles_per_layer[1]: 578.0
SCALED cc_per_all_tiles_per_layer[1]: 4,161,600
level.getReadPerLayer[1](): 66,355,200
  (For comparison - full reads including accumulation: 66,355,200)
ideal_bandwidth_read_per_layer[1]: 15.944636678200691
level.getDrainPerLayer[1](): 0
ideal_bandwidth_drain_per_layer[1]: 0.0
ideal_bandwidth_update_per_layer[1]: 0.0
  (For comparison - full updates including accumulation: 0)
level.getFillPerLayer[1](): 9,216
ideal_bandwidth_fill_per_layer[1]: 0.0022145328719723185

Latency for layer: 2 of Level: WeightMemory
level.active_instances_per_layer[2]: 1
level.temporal_iterations_per_layer[2]: 7200
Scaling per layer[2]: 7,200
Single Tile latency: cc_per_tile_per_layer[2]: 1.0034722222222223
Ideal Case, Latency at this level without stalls: cc_per_all_tiles_per_layer[2]: 578.0
SCALED cc_per_all_tiles_per_layer[2]: 4,161,600
level.getReadPerLayer[2](): 66,355,200
  (For comparison - full reads including accumulation: 66,355,200)
ideal_bandwidth_read_per_layer[2]: 15.944636678200691
level.getDrainPerLayer[2](): 0
ideal_bandwidth_drain_per_layer[2]: 0.0
ideal_bandwidth_update_per_layer[2]: 0.0
  (For comparison - full updates including accumulation: 0)
level.getFillPerLayer[2](): 9,216
ideal_bandwidth_fill_per_layer[2]: 0.0022145328719723185

Latency for layer: 3 of Level: WeightMemory
level.active_instances_per_layer[3]: 1
level.temporal_iterations_per_layer[3]: 7200
Scaling per layer[3]: 7,200
Single Tile latency: cc_per_tile_per_layer[3]: 1.0034722222222223
Ideal Case, Latency at this level without stalls: cc_per_all_tiles_per_layer[3]: 578.0
SCALED cc_per_all_tiles_per_layer[3]: 4,161,600
level.getReadPerLayer[3](): 66,355,200
  (For comparison - full reads including accumulation: 66,355,200)
ideal_bandwidth_read_per_layer[3]: 15.944636678200691
level.getDrainPerLayer[3](): 0
ideal_bandwidth_drain_per_layer[3]: 0.0
ideal_bandwidth_update_per_layer[3]: 0.0
  (For comparison - full updates including accumulation: 0)
level.getFillPerLayer[3](): 9,216
ideal_bandwidth_fill_per_layer[3]: 0.0022145328719723185

Latency for layer: 4 of Level: WeightMemory
level.active_instances_per_layer[4]: 1
level.temporal_iterations_per_layer[4]: 7200
Scaling per layer[4]: 7,200
Single Tile latency: cc_per_tile_per_layer[4]: 1.0034722222222223
Ideal Case, Latency at this level without stalls: cc_per_all_tiles_per_layer[4]: 578.0
SCALED cc_per_all_tiles_per_layer[4]: 4,161,600
level.getReadPerLayer[4](): 66,355,200
  (For comparison - full reads including accumulation: 66,355,200)
ideal_bandwidth_read_per_layer[4]: 15.944636678200691
level.getDrainPerLayer[4](): 0
ideal_bandwidth_drain_per_layer[4]: 0.0
ideal_bandwidth_update_per_layer[4]: 0.0
  (For comparison - full updates including accumulation: 0)
level.getFillPerLayer[4](): 9,216
ideal_bandwidth_fill_per_layer[4]: 0.0022145328719723185

Latency for layer: 5 of Level: WeightMemory
level.active_instances_per_layer[5]: 1
level.temporal_iterations_per_layer[5]: 7200
Scaling per layer[5]: 7,200
Single Tile latency: cc_per_tile_per_layer[5]: 1.0034722222222223
Ideal Case, Latency at this level without stalls: cc_per_all_tiles_per_layer[5]: 578.0
SCALED cc_per_all_tiles_per_layer[5]: 4,161,600
level.getReadPerLayer[5](): 66,355,200
  (For comparison - full reads including accumulation: 66,355,200)
ideal_bandwidth_read_per_layer[5]: 15.944636678200691
level.getDrainPerLayer[5](): 0
ideal_bandwidth_drain_per_layer[5]: 0.0
ideal_bandwidth_update_per_layer[5]: 0.0
  (For comparison - full updates including accumulation: 0)
level.getFillPerLayer[5](): 9,216
ideal_bandwidth_fill_per_layer[5]: 0.0022145328719723185

Latency for layer: 6 of Level: WeightMemory
level.active_instances_per_layer[6]: 1
level.temporal_iterations_per_layer[6]: 7200
Scaling per layer[6]: 7,200
Single Tile latency: cc_per_tile_per_layer[6]: 1.0034722222222223
Ideal Case, Latency at this level without stalls: cc_per_all_tiles_per_layer[6]: 578.0
SCALED cc_per_all_tiles_per_layer[6]: 4,161,600
level.getReadPerLayer[6](): 66,355,200
  (For comparison - full reads including accumulation: 66,355,200)
ideal_bandwidth_read_per_layer[6]: 15.944636678200691
level.getDrainPerLayer[6](): 0
ideal_bandwidth_drain_per_layer[6]: 0.0
ideal_bandwidth_update_per_layer[6]: 0.0
  (For comparison - full updates including accumulation: 0)
level.getFillPerLayer[6](): 9,216
ideal_bandwidth_fill_per_layer[6]: 0.0022145328719723185

Latency for layer: 7 of Level: WeightMemory
level.active_instances_per_layer[7]: 1
level.temporal_iterations_per_layer[7]: 7200
Scaling per layer[7]: 7,200
Single Tile latency: cc_per_tile_per_layer[7]: 1.0034722222222223
Ideal Case, Latency at this level without stalls: cc_per_all_tiles_per_layer[7]: 578.0
SCALED cc_per_all_tiles_per_layer[7]: 4,161,600
level.getReadPerLayer[7](): 66,355,200
  (For comparison - full reads including accumulation: 66,355,200)
ideal_bandwidth_read_per_layer[7]: 15.944636678200691
level.getDrainPerLayer[7](): 0
ideal_bandwidth_drain_per_layer[7]: 0.0
ideal_bandwidth_update_per_layer[7]: 0.0
  (For comparison - full updates including accumulation: 0)
level.getFillPerLayer[7](): 9,216
ideal_bandwidth_fill_per_layer[7]: 0.0022145328719723185

Latency for layer: 8 of Level: WeightMemory
level.active_instances_per_layer[8]: 1
level.temporal_iterations_per_layer[8]: 7200
Scaling per layer[8]: 7,200
Single Tile latency: cc_per_tile_per_layer[8]: 1.0034722222222223
Ideal Case, Latency at this level without stalls: cc_per_all_tiles_per_layer[8]: 578.0
SCALED cc_per_all_tiles_per_layer[8]: 4,161,600
level.getReadPerLayer[8](): 66,355,200
  (For comparison - full reads including accumulation: 66,355,200)
ideal_bandwidth_read_per_layer[8]: 15.944636678200691
level.getDrainPerLayer[8](): 0
ideal_bandwidth_drain_per_layer[8]: 0.0
ideal_bandwidth_update_per_layer[8]: 0.0
  (For comparison - full updates including accumulation: 0)
level.getFillPerLayer[8](): 9,216
ideal_bandwidth_fill_per_layer[8]: 0.0022145328719723185

Latency for layer: 9 of Level: WeightMemory
level.active_instances_per_layer[9]: 1
level.temporal_iterations_per_layer[9]: 7200
Scaling per layer[9]: 7,200
Single Tile latency: cc_per_tile_per_layer[9]: 1.0034722222222223
Ideal Case, Latency at this level without stalls: cc_per_all_tiles_per_layer[9]: 578.0
SCALED cc_per_all_tiles_per_layer[9]: 4,161,600
level.getReadPerLayer[9](): 66,355,200
  (For comparison - full reads including accumulation: 66,355,200)
ideal_bandwidth_read_per_layer[9]: 15.944636678200691
level.getDrainPerLayer[9](): 0
ideal_bandwidth_drain_per_layer[9]: 0.0
ideal_bandwidth_update_per_layer[9]: 0.0
  (For comparison - full updates including accumulation: 0)
level.getFillPerLayer[9](): 9,216
ideal_bandwidth_fill_per_layer[9]: 0.0022145328719723185

Latency for layer: 10 of Level: WeightMemory
level.active_instances_per_layer[10]: 1
level.temporal_iterations_per_layer[10]: 7200
Scaling per layer[10]: 7,200
Single Tile latency: cc_per_tile_per_layer[10]: 1
Ideal Case, Latency at this level without stalls: cc_per_all_tiles_per_layer[10]: 32
SCALED cc_per_all_tiles_per_layer[10]: 230,400
level.getReadPerLayer[10](): 3,686,400
  (For comparison - full reads including accumulation: 3,686,400)
ideal_bandwidth_read_per_layer[10]: 16.0
level.getDrainPerLayer[10](): 0
ideal_bandwidth_drain_per_layer[10]: 0.0
ideal_bandwidth_update_per_layer[10]: 0.0
  (For comparison - full updates including accumulation: 0)
level.getFillPerLayer[10](): 512
ideal_bandwidth_fill_per_layer[10]: 0.0022222222222222222

Start of calculation of latency:


Layer_id: 0 in WeightMemory

ideal_bandwidth_read_per_layer[0] + ideal_bandwidth_drain_per_layer[0]: 14.896551724137929 vs level.read_bandwidth: 16.0
I am in Compute Bound
cc_per_all_tiles_per_layer[0]: 58.00000000000001
STANDARD CASE latency_read_drain_per_layer[0]: 58.00000000000001

ideal_bandwidth_fill_per_layer[0] + ideal_bandwidth_update_per_layer[0]: 0.002068965517241379 vs level.write_bandwidth: 16.0
previous_fanout_pe_to_pe_warmup: 0
STANDARD CASE latency_fill_update_per_layer[0]: 58.00000000000001


Layer_id: 1 in WeightMemory

ideal_bandwidth_read_per_layer[1] + ideal_bandwidth_drain_per_layer[1]: 15.944636678200691 vs level.read_bandwidth: 16.0
I am in Compute Bound
cc_per_all_tiles_per_layer[1]: 578.0
STANDARD CASE latency_read_drain_per_layer[1]: 578.0

ideal_bandwidth_fill_per_layer[1] + ideal_bandwidth_update_per_layer[1]: 0.0022145328719723185 vs level.write_bandwidth: 16.0
previous_fanout_pe_to_pe_warmup: 0
STANDARD CASE latency_fill_update_per_layer[1]: 578.0


Layer_id: 2 in WeightMemory

ideal_bandwidth_read_per_layer[2] + ideal_bandwidth_drain_per_layer[2]: 15.944636678200691 vs level.read_bandwidth: 16.0
I am in Compute Bound
cc_per_all_tiles_per_layer[2]: 578.0
STANDARD CASE latency_read_drain_per_layer[2]: 578.0

ideal_bandwidth_fill_per_layer[2] + ideal_bandwidth_update_per_layer[2]: 0.0022145328719723185 vs level.write_bandwidth: 16.0
previous_fanout_pe_to_pe_warmup: 0
STANDARD CASE latency_fill_update_per_layer[2]: 578.0


Layer_id: 3 in WeightMemory

ideal_bandwidth_read_per_layer[3] + ideal_bandwidth_drain_per_layer[3]: 15.944636678200691 vs level.read_bandwidth: 16.0
I am in Compute Bound
cc_per_all_tiles_per_layer[3]: 578.0
STANDARD CASE latency_read_drain_per_layer[3]: 578.0

ideal_bandwidth_fill_per_layer[3] + ideal_bandwidth_update_per_layer[3]: 0.0022145328719723185 vs level.write_bandwidth: 16.0
previous_fanout_pe_to_pe_warmup: 0
STANDARD CASE latency_fill_update_per_layer[3]: 578.0


Layer_id: 4 in WeightMemory

ideal_bandwidth_read_per_layer[4] + ideal_bandwidth_drain_per_layer[4]: 15.944636678200691 vs level.read_bandwidth: 16.0
I am in Compute Bound
cc_per_all_tiles_per_layer[4]: 578.0
STANDARD CASE latency_read_drain_per_layer[4]: 578.0

ideal_bandwidth_fill_per_layer[4] + ideal_bandwidth_update_per_layer[4]: 0.0022145328719723185 vs level.write_bandwidth: 16.0
previous_fanout_pe_to_pe_warmup: 0
STANDARD CASE latency_fill_update_per_layer[4]: 578.0


Layer_id: 5 in WeightMemory

ideal_bandwidth_read_per_layer[5] + ideal_bandwidth_drain_per_layer[5]: 15.944636678200691 vs level.read_bandwidth: 16.0
I am in Compute Bound
cc_per_all_tiles_per_layer[5]: 578.0
STANDARD CASE latency_read_drain_per_layer[5]: 578.0

ideal_bandwidth_fill_per_layer[5] + ideal_bandwidth_update_per_layer[5]: 0.0022145328719723185 vs level.write_bandwidth: 16.0
previous_fanout_pe_to_pe_warmup: 0
STANDARD CASE latency_fill_update_per_layer[5]: 578.0


Layer_id: 6 in WeightMemory

ideal_bandwidth_read_per_layer[6] + ideal_bandwidth_drain_per_layer[6]: 15.944636678200691 vs level.read_bandwidth: 16.0
I am in Compute Bound
cc_per_all_tiles_per_layer[6]: 578.0
STANDARD CASE latency_read_drain_per_layer[6]: 578.0

ideal_bandwidth_fill_per_layer[6] + ideal_bandwidth_update_per_layer[6]: 0.0022145328719723185 vs level.write_bandwidth: 16.0
previous_fanout_pe_to_pe_warmup: 0
STANDARD CASE latency_fill_update_per_layer[6]: 578.0


Layer_id: 7 in WeightMemory

ideal_bandwidth_read_per_layer[7] + ideal_bandwidth_drain_per_layer[7]: 15.944636678200691 vs level.read_bandwidth: 16.0
I am in Compute Bound
cc_per_all_tiles_per_layer[7]: 578.0
STANDARD CASE latency_read_drain_per_layer[7]: 578.0

ideal_bandwidth_fill_per_layer[7] + ideal_bandwidth_update_per_layer[7]: 0.0022145328719723185 vs level.write_bandwidth: 16.0
previous_fanout_pe_to_pe_warmup: 0
STANDARD CASE latency_fill_update_per_layer[7]: 578.0


Layer_id: 8 in WeightMemory

ideal_bandwidth_read_per_layer[8] + ideal_bandwidth_drain_per_layer[8]: 15.944636678200691 vs level.read_bandwidth: 16.0
I am in Compute Bound
cc_per_all_tiles_per_layer[8]: 578.0
STANDARD CASE latency_read_drain_per_layer[8]: 578.0

ideal_bandwidth_fill_per_layer[8] + ideal_bandwidth_update_per_layer[8]: 0.0022145328719723185 vs level.write_bandwidth: 16.0
previous_fanout_pe_to_pe_warmup: 0
STANDARD CASE latency_fill_update_per_layer[8]: 578.0


Layer_id: 9 in WeightMemory

ideal_bandwidth_read_per_layer[9] + ideal_bandwidth_drain_per_layer[9]: 15.944636678200691 vs level.read_bandwidth: 16.0
I am in Compute Bound
cc_per_all_tiles_per_layer[9]: 578.0
STANDARD CASE latency_read_drain_per_layer[9]: 578.0

ideal_bandwidth_fill_per_layer[9] + ideal_bandwidth_update_per_layer[9]: 0.0022145328719723185 vs level.write_bandwidth: 16.0
previous_fanout_pe_to_pe_warmup: 0
STANDARD CASE latency_fill_update_per_layer[9]: 578.0


Layer_id: 10 in WeightMemory

ideal_bandwidth_read_per_layer[10] + ideal_bandwidth_drain_per_layer[10]: 16.0 vs level.read_bandwidth: 16.0
I am in Compute Bound
cc_per_all_tiles_per_layer[10]: 32
STANDARD CASE latency_read_drain_per_layer[10]: 32

ideal_bandwidth_fill_per_layer[10] + ideal_bandwidth_update_per_layer[10]: 0.0022222222222222222 vs level.write_bandwidth: 16.0
previous_fanout_pe_to_pe_warmup: 0
STANDARD CASE latency_fill_update_per_layer[10]: 32

End of calculation of latency.

Calculating per tile final latency and stall for layer 0 in WeightMemory: latency_read_drain_per_layer[0] = 58.00000000000001, latency_fill_update_per_layer[0] = 58.00000000000001
Final per tile latency_per_layer[0]: 58
Final per tile stall_cycles_per_layer[0]: 0
Ideal case: no stall introduced by this level per this layer: cc_per_all_tiles_per_layer[0]: 58
Calculating per tile final latency and stall for layer 1 in WeightMemory: latency_read_drain_per_layer[1] = 578.0, latency_fill_update_per_layer[1] = 578.0
Final per tile latency_per_layer[1]: 578
Final per tile stall_cycles_per_layer[1]: 0
Ideal case: no stall introduced by this level per this layer: cc_per_all_tiles_per_layer[1]: 578
Calculating per tile final latency and stall for layer 2 in WeightMemory: latency_read_drain_per_layer[2] = 578.0, latency_fill_update_per_layer[2] = 578.0
Final per tile latency_per_layer[2]: 578
Final per tile stall_cycles_per_layer[2]: 0
Ideal case: no stall introduced by this level per this layer: cc_per_all_tiles_per_layer[2]: 578
Calculating per tile final latency and stall for layer 3 in WeightMemory: latency_read_drain_per_layer[3] = 578.0, latency_fill_update_per_layer[3] = 578.0
Final per tile latency_per_layer[3]: 578
Final per tile stall_cycles_per_layer[3]: 0
Ideal case: no stall introduced by this level per this layer: cc_per_all_tiles_per_layer[3]: 578
Calculating per tile final latency and stall for layer 4 in WeightMemory: latency_read_drain_per_layer[4] = 578.0, latency_fill_update_per_layer[4] = 578.0
Final per tile latency_per_layer[4]: 578
Final per tile stall_cycles_per_layer[4]: 0
Ideal case: no stall introduced by this level per this layer: cc_per_all_tiles_per_layer[4]: 578
Calculating per tile final latency and stall for layer 5 in WeightMemory: latency_read_drain_per_layer[5] = 578.0, latency_fill_update_per_layer[5] = 578.0
Final per tile latency_per_layer[5]: 578
Final per tile stall_cycles_per_layer[5]: 0
Ideal case: no stall introduced by this level per this layer: cc_per_all_tiles_per_layer[5]: 578
Calculating per tile final latency and stall for layer 6 in WeightMemory: latency_read_drain_per_layer[6] = 578.0, latency_fill_update_per_layer[6] = 578.0
Final per tile latency_per_layer[6]: 578
Final per tile stall_cycles_per_layer[6]: 0
Ideal case: no stall introduced by this level per this layer: cc_per_all_tiles_per_layer[6]: 578
Calculating per tile final latency and stall for layer 7 in WeightMemory: latency_read_drain_per_layer[7] = 578.0, latency_fill_update_per_layer[7] = 578.0
Final per tile latency_per_layer[7]: 578
Final per tile stall_cycles_per_layer[7]: 0
Ideal case: no stall introduced by this level per this layer: cc_per_all_tiles_per_layer[7]: 578
Calculating per tile final latency and stall for layer 8 in WeightMemory: latency_read_drain_per_layer[8] = 578.0, latency_fill_update_per_layer[8] = 578.0
Final per tile latency_per_layer[8]: 578
Final per tile stall_cycles_per_layer[8]: 0
Ideal case: no stall introduced by this level per this layer: cc_per_all_tiles_per_layer[8]: 578
Calculating per tile final latency and stall for layer 9 in WeightMemory: latency_read_drain_per_layer[9] = 578.0, latency_fill_update_per_layer[9] = 578.0
Final per tile latency_per_layer[9]: 578
Final per tile stall_cycles_per_layer[9]: 0
Ideal case: no stall introduced by this level per this layer: cc_per_all_tiles_per_layer[9]: 578
Calculating per tile final latency and stall for layer 10 in WeightMemory: latency_read_drain_per_layer[10] = 32, latency_fill_update_per_layer[10] = 32
Final per tile latency_per_layer[10]: 32
Final per tile stall_cycles_per_layer[10]: 0
Ideal case: no stall introduced by this level per this layer: cc_per_all_tiles_per_layer[10]: 32


Calculating Latency for Level: FeatureMemory

Latency for layer: 0 of Level: FeatureMemory
level.active_instances_per_layer[0]: 1
level.temporal_iterations_per_layer[0]: 7200
Scaling per layer[0]: 7,200
Single Tile latency: cc_per_tile_per_layer[0]: 58.00000000000001
Ideal Case, Latency at this level without stalls: cc_per_all_tiles_per_layer[0]: 58.00000000000001
SCALED cc_per_all_tiles_per_layer[0]: 417,600
level.getReadPerLayer[0](): 79,257,600
  (For comparison - full reads including accumulation: 79,257,600)
ideal_bandwidth_read_per_layer[0]: 189.79310344827584
level.getDrainPerLayer[0](): 0
ideal_bandwidth_drain_per_layer[0]: 0.0
ideal_bandwidth_update_per_layer[0]: 70.6206896551724
  (For comparison - full updates including accumulation: 29,491,200)
level.getFillPerLayer[0](): 2,764,800
ideal_bandwidth_fill_per_layer[0]: 6.620689655172413

Latency for layer: 1 of Level: FeatureMemory
level.active_instances_per_layer[1]: 1
level.temporal_iterations_per_layer[1]: 7200
Scaling per layer[1]: 7,200
Single Tile latency: cc_per_tile_per_layer[1]: 578.0
Ideal Case, Latency at this level without stalls: cc_per_all_tiles_per_layer[1]: 578.0
SCALED cc_per_all_tiles_per_layer[1]: 4,161,600
level.getReadPerLayer[1](): 560,332,800
  (For comparison - full reads including accumulation: 560,332,800)
ideal_bandwidth_read_per_layer[1]: 134.64359861591694
level.getDrainPerLayer[1](): 0
ideal_bandwidth_drain_per_layer[1]: 0.0
ideal_bandwidth_update_per_layer[1]: 7.086505190311419
  (For comparison - full updates including accumulation: 29,491,200)
level.getFillPerLayer[1](): 0
ideal_bandwidth_fill_per_layer[1]: 0.0

Latency for layer: 2 of Level: FeatureMemory
level.active_instances_per_layer[2]: 1
level.temporal_iterations_per_layer[2]: 7200
Scaling per layer[2]: 7,200
Single Tile latency: cc_per_tile_per_layer[2]: 578.0
Ideal Case, Latency at this level without stalls: cc_per_all_tiles_per_layer[2]: 578.0
SCALED cc_per_all_tiles_per_layer[2]: 4,161,600
level.getReadPerLayer[2](): 560,332,800
  (For comparison - full reads including accumulation: 560,332,800)
ideal_bandwidth_read_per_layer[2]: 134.64359861591694
level.getDrainPerLayer[2](): 0
ideal_bandwidth_drain_per_layer[2]: 0.0
ideal_bandwidth_update_per_layer[2]: 7.086505190311419
  (For comparison - full updates including accumulation: 29,491,200)
level.getFillPerLayer[2](): 0
ideal_bandwidth_fill_per_layer[2]: 0.0

Latency for layer: 3 of Level: FeatureMemory
level.active_instances_per_layer[3]: 1
level.temporal_iterations_per_layer[3]: 7200
Scaling per layer[3]: 7,200
Single Tile latency: cc_per_tile_per_layer[3]: 578.0
Ideal Case, Latency at this level without stalls: cc_per_all_tiles_per_layer[3]: 578.0
SCALED cc_per_all_tiles_per_layer[3]: 4,161,600
level.getReadPerLayer[3](): 560,332,800
  (For comparison - full reads including accumulation: 560,332,800)
ideal_bandwidth_read_per_layer[3]: 134.64359861591694
level.getDrainPerLayer[3](): 0
ideal_bandwidth_drain_per_layer[3]: 0.0
ideal_bandwidth_update_per_layer[3]: 7.086505190311419
  (For comparison - full updates including accumulation: 29,491,200)
level.getFillPerLayer[3](): 0
ideal_bandwidth_fill_per_layer[3]: 0.0

Latency for layer: 4 of Level: FeatureMemory
level.active_instances_per_layer[4]: 1
level.temporal_iterations_per_layer[4]: 7200
Scaling per layer[4]: 7,200
Single Tile latency: cc_per_tile_per_layer[4]: 578.0
Ideal Case, Latency at this level without stalls: cc_per_all_tiles_per_layer[4]: 578.0
SCALED cc_per_all_tiles_per_layer[4]: 4,161,600
level.getReadPerLayer[4](): 560,332,800
  (For comparison - full reads including accumulation: 560,332,800)
ideal_bandwidth_read_per_layer[4]: 134.64359861591694
level.getDrainPerLayer[4](): 0
ideal_bandwidth_drain_per_layer[4]: 0.0
ideal_bandwidth_update_per_layer[4]: 7.086505190311419
  (For comparison - full updates including accumulation: 29,491,200)
level.getFillPerLayer[4](): 0
ideal_bandwidth_fill_per_layer[4]: 0.0

Latency for layer: 5 of Level: FeatureMemory
level.active_instances_per_layer[5]: 1
level.temporal_iterations_per_layer[5]: 7200
Scaling per layer[5]: 7,200
Single Tile latency: cc_per_tile_per_layer[5]: 578.0
Ideal Case, Latency at this level without stalls: cc_per_all_tiles_per_layer[5]: 578.0
SCALED cc_per_all_tiles_per_layer[5]: 4,161,600
level.getReadPerLayer[5](): 560,332,800
  (For comparison - full reads including accumulation: 560,332,800)
ideal_bandwidth_read_per_layer[5]: 134.64359861591694
level.getDrainPerLayer[5](): 0
ideal_bandwidth_drain_per_layer[5]: 0.0
ideal_bandwidth_update_per_layer[5]: 7.086505190311419
  (For comparison - full updates including accumulation: 29,491,200)
level.getFillPerLayer[5](): 0
ideal_bandwidth_fill_per_layer[5]: 0.0

Latency for layer: 6 of Level: FeatureMemory
level.active_instances_per_layer[6]: 1
level.temporal_iterations_per_layer[6]: 7200
Scaling per layer[6]: 7,200
Single Tile latency: cc_per_tile_per_layer[6]: 578.0
Ideal Case, Latency at this level without stalls: cc_per_all_tiles_per_layer[6]: 578.0
SCALED cc_per_all_tiles_per_layer[6]: 4,161,600
level.getReadPerLayer[6](): 560,332,800
  (For comparison - full reads including accumulation: 560,332,800)
ideal_bandwidth_read_per_layer[6]: 134.64359861591694
level.getDrainPerLayer[6](): 0
ideal_bandwidth_drain_per_layer[6]: 0.0
ideal_bandwidth_update_per_layer[6]: 7.086505190311419
  (For comparison - full updates including accumulation: 29,491,200)
level.getFillPerLayer[6](): 0
ideal_bandwidth_fill_per_layer[6]: 0.0

Latency for layer: 7 of Level: FeatureMemory
level.active_instances_per_layer[7]: 1
level.temporal_iterations_per_layer[7]: 7200
Scaling per layer[7]: 7,200
Single Tile latency: cc_per_tile_per_layer[7]: 578.0
Ideal Case, Latency at this level without stalls: cc_per_all_tiles_per_layer[7]: 578.0
SCALED cc_per_all_tiles_per_layer[7]: 4,161,600
level.getReadPerLayer[7](): 560,332,800
  (For comparison - full reads including accumulation: 560,332,800)
ideal_bandwidth_read_per_layer[7]: 134.64359861591694
level.getDrainPerLayer[7](): 0
ideal_bandwidth_drain_per_layer[7]: 0.0
ideal_bandwidth_update_per_layer[7]: 7.086505190311419
  (For comparison - full updates including accumulation: 29,491,200)
level.getFillPerLayer[7](): 0
ideal_bandwidth_fill_per_layer[7]: 0.0

Latency for layer: 8 of Level: FeatureMemory
level.active_instances_per_layer[8]: 1
level.temporal_iterations_per_layer[8]: 7200
Scaling per layer[8]: 7,200
Single Tile latency: cc_per_tile_per_layer[8]: 578.0
Ideal Case, Latency at this level without stalls: cc_per_all_tiles_per_layer[8]: 578.0
SCALED cc_per_all_tiles_per_layer[8]: 4,161,600
level.getReadPerLayer[8](): 560,332,800
  (For comparison - full reads including accumulation: 560,332,800)
ideal_bandwidth_read_per_layer[8]: 134.64359861591694
level.getDrainPerLayer[8](): 0
ideal_bandwidth_drain_per_layer[8]: 0.0
ideal_bandwidth_update_per_layer[8]: 7.086505190311419
  (For comparison - full updates including accumulation: 29,491,200)
level.getFillPerLayer[8](): 0
ideal_bandwidth_fill_per_layer[8]: 0.0

Latency for layer: 9 of Level: FeatureMemory
level.active_instances_per_layer[9]: 1
level.temporal_iterations_per_layer[9]: 7200
Scaling per layer[9]: 7,200
Single Tile latency: cc_per_tile_per_layer[9]: 578.0
Ideal Case, Latency at this level without stalls: cc_per_all_tiles_per_layer[9]: 578.0
SCALED cc_per_all_tiles_per_layer[9]: 4,161,600
level.getReadPerLayer[9](): 560,332,800
  (For comparison - full reads including accumulation: 560,332,800)
ideal_bandwidth_read_per_layer[9]: 134.64359861591694
level.getDrainPerLayer[9](): 0
ideal_bandwidth_drain_per_layer[9]: 0.0
ideal_bandwidth_update_per_layer[9]: 7.086505190311419
  (For comparison - full updates including accumulation: 29,491,200)
level.getFillPerLayer[9](): 0
ideal_bandwidth_fill_per_layer[9]: 0.0

Latency for layer: 10 of Level: FeatureMemory
level.active_instances_per_layer[10]: 1
level.temporal_iterations_per_layer[10]: 7200
Scaling per layer[10]: 7,200
Single Tile latency: cc_per_tile_per_layer[10]: 32
Ideal Case, Latency at this level without stalls: cc_per_all_tiles_per_layer[10]: 32
SCALED cc_per_all_tiles_per_layer[10]: 230,400
level.getReadPerLayer[10](): 29,491,200
  (For comparison - full reads including accumulation: 29,491,200)
ideal_bandwidth_read_per_layer[10]: 128.0
level.getDrainPerLayer[10](): 14,745,600
ideal_bandwidth_drain_per_layer[10]: 64.0
ideal_bandwidth_update_per_layer[10]: 64.0
  (For comparison - full updates including accumulation: 14,745,600)
level.getFillPerLayer[10](): 0
ideal_bandwidth_fill_per_layer[10]: 0.0

Start of calculation of latency:
I am in FeatureMemory level, so I use different formula for latency calculation


Layer_id: 0 in FeatureMemory

scaling_per_layer[0]: 7200
I AM HERE total_data_rd: 79257600
latency_per_layer[0]: 118.39393939393939, latency_read_drain_per_layer[0]: 83.39393939393939, latency_fill_update_per_layer[0]: 35.0
Total latency so far: 118.39393939393939


Layer_id: 1 in FeatureMemory

scaling_per_layer[1]: 7200
I AM HERE total_data_rd: 560332800
latency_per_layer[1]: 621.5757575757576, latency_read_drain_per_layer[1]: 589.5757575757576, latency_fill_update_per_layer[1]: 32.0
Total latency so far: 739.969696969697


Layer_id: 2 in FeatureMemory

scaling_per_layer[2]: 7200
I AM HERE total_data_rd: 560332800
latency_per_layer[2]: 621.5757575757576, latency_read_drain_per_layer[2]: 589.5757575757576, latency_fill_update_per_layer[2]: 32.0
Total latency so far: 1361.5454545454545


Layer_id: 3 in FeatureMemory

scaling_per_layer[3]: 7200
I AM HERE total_data_rd: 560332800
latency_per_layer[3]: 621.5757575757576, latency_read_drain_per_layer[3]: 589.5757575757576, latency_fill_update_per_layer[3]: 32.0
Total latency so far: 1983.121212121212


Layer_id: 4 in FeatureMemory

scaling_per_layer[4]: 7200
I AM HERE total_data_rd: 560332800
latency_per_layer[4]: 621.5757575757576, latency_read_drain_per_layer[4]: 589.5757575757576, latency_fill_update_per_layer[4]: 32.0
Total latency so far: 2604.6969696969695


Layer_id: 5 in FeatureMemory

scaling_per_layer[5]: 7200
I AM HERE total_data_rd: 560332800
latency_per_layer[5]: 621.5757575757576, latency_read_drain_per_layer[5]: 589.5757575757576, latency_fill_update_per_layer[5]: 32.0
Total latency so far: 3226.272727272727


Layer_id: 6 in FeatureMemory

scaling_per_layer[6]: 7200
I AM HERE total_data_rd: 560332800
latency_per_layer[6]: 621.5757575757576, latency_read_drain_per_layer[6]: 589.5757575757576, latency_fill_update_per_layer[6]: 32.0
Total latency so far: 3847.8484848484845


Layer_id: 7 in FeatureMemory

scaling_per_layer[7]: 7200
I AM HERE total_data_rd: 560332800
latency_per_layer[7]: 621.5757575757576, latency_read_drain_per_layer[7]: 589.5757575757576, latency_fill_update_per_layer[7]: 32.0
Total latency so far: 4469.424242424242


Layer_id: 8 in FeatureMemory

scaling_per_layer[8]: 7200
I AM HERE total_data_rd: 560332800
latency_per_layer[8]: 621.5757575757576, latency_read_drain_per_layer[8]: 589.5757575757576, latency_fill_update_per_layer[8]: 32.0
Total latency so far: 5091.0


Layer_id: 9 in FeatureMemory

scaling_per_layer[9]: 7200
I AM HERE total_data_rd: 560332800
latency_per_layer[9]: 621.5757575757576, latency_read_drain_per_layer[9]: 589.5757575757576, latency_fill_update_per_layer[9]: 32.0
Total latency so far: 5712.575757575758


Layer_id: 10 in FeatureMemory

scaling_per_layer[10]: 7200
I AM HERE total_data_rd: 44236800
latency_per_layer[10]: 62.54545454545455, latency_read_drain_per_layer[10]: 46.54545454545455, latency_fill_update_per_layer[10]: 16.0
Total latency so far: 5775.121212121213

End of calculation of latency.

Calculating per tile final latency and stall for layer 0 in FeatureMemory: latency_read_drain_per_layer[0] = 83.39393939393939, latency_fill_update_per_layer[0] = 35.0
Final per tile latency_per_layer[0]: 118
Final per tile stall_cycles_per_layer[0]: 60
Ideal case: no stall introduced by this level per this layer: cc_per_all_tiles_per_layer[0]: 58
Calculating per tile final latency and stall for layer 1 in FeatureMemory: latency_read_drain_per_layer[1] = 589.5757575757576, latency_fill_update_per_layer[1] = 32.0
Final per tile latency_per_layer[1]: 622
Final per tile stall_cycles_per_layer[1]: 44
Ideal case: no stall introduced by this level per this layer: cc_per_all_tiles_per_layer[1]: 578
Calculating per tile final latency and stall for layer 2 in FeatureMemory: latency_read_drain_per_layer[2] = 589.5757575757576, latency_fill_update_per_layer[2] = 32.0
Final per tile latency_per_layer[2]: 622
Final per tile stall_cycles_per_layer[2]: 44
Ideal case: no stall introduced by this level per this layer: cc_per_all_tiles_per_layer[2]: 578
Calculating per tile final latency and stall for layer 3 in FeatureMemory: latency_read_drain_per_layer[3] = 589.5757575757576, latency_fill_update_per_layer[3] = 32.0
Final per tile latency_per_layer[3]: 622
Final per tile stall_cycles_per_layer[3]: 44
Ideal case: no stall introduced by this level per this layer: cc_per_all_tiles_per_layer[3]: 578
Calculating per tile final latency and stall for layer 4 in FeatureMemory: latency_read_drain_per_layer[4] = 589.5757575757576, latency_fill_update_per_layer[4] = 32.0
Final per tile latency_per_layer[4]: 622
Final per tile stall_cycles_per_layer[4]: 44
Ideal case: no stall introduced by this level per this layer: cc_per_all_tiles_per_layer[4]: 578
Calculating per tile final latency and stall for layer 5 in FeatureMemory: latency_read_drain_per_layer[5] = 589.5757575757576, latency_fill_update_per_layer[5] = 32.0
Final per tile latency_per_layer[5]: 622
Final per tile stall_cycles_per_layer[5]: 44
Ideal case: no stall introduced by this level per this layer: cc_per_all_tiles_per_layer[5]: 578
Calculating per tile final latency and stall for layer 6 in FeatureMemory: latency_read_drain_per_layer[6] = 589.5757575757576, latency_fill_update_per_layer[6] = 32.0
Final per tile latency_per_layer[6]: 622
Final per tile stall_cycles_per_layer[6]: 44
Ideal case: no stall introduced by this level per this layer: cc_per_all_tiles_per_layer[6]: 578
Calculating per tile final latency and stall for layer 7 in FeatureMemory: latency_read_drain_per_layer[7] = 589.5757575757576, latency_fill_update_per_layer[7] = 32.0
Final per tile latency_per_layer[7]: 622
Final per tile stall_cycles_per_layer[7]: 44
Ideal case: no stall introduced by this level per this layer: cc_per_all_tiles_per_layer[7]: 578
Calculating per tile final latency and stall for layer 8 in FeatureMemory: latency_read_drain_per_layer[8] = 589.5757575757576, latency_fill_update_per_layer[8] = 32.0
Final per tile latency_per_layer[8]: 622
Final per tile stall_cycles_per_layer[8]: 44
Ideal case: no stall introduced by this level per this layer: cc_per_all_tiles_per_layer[8]: 578
Calculating per tile final latency and stall for layer 9 in FeatureMemory: latency_read_drain_per_layer[9] = 589.5757575757576, latency_fill_update_per_layer[9] = 32.0
Final per tile latency_per_layer[9]: 622
Final per tile stall_cycles_per_layer[9]: 44
Ideal case: no stall introduced by this level per this layer: cc_per_all_tiles_per_layer[9]: 578
Calculating per tile final latency and stall for layer 10 in FeatureMemory: latency_read_drain_per_layer[10] = 46.54545454545455, latency_fill_update_per_layer[10] = 16.0
Final per tile latency_per_layer[10]: 63
Final per tile stall_cycles_per_layer[10]: 31
Ideal case: no stall introduced by this level per this layer: cc_per_all_tiles_per_layer[10]: 32


Calculating Latency for Level: DRAM

Latency for layer: 0 of Level: DRAM
level.active_instances_per_layer[0]: 1
level.temporal_iterations_per_layer[0]: 1
Scaling per layer[0]: 1
Single Tile latency: cc_per_tile_per_layer[0]: 118.39393939393939
Ideal Case, Latency at this level without stalls: cc_per_all_tiles_per_layer[0]: 852436.3636363636
SCALED cc_per_all_tiles_per_layer[0]: 852,436
level.getReadPerLayer[0](): 2,765,664
  (For comparison - full reads including accumulation: 2,765,664)
ideal_bandwidth_read_per_layer[0]: 3.2444228308164833
level.getDrainPerLayer[0](): 0
ideal_bandwidth_drain_per_layer[0]: 0.0
ideal_bandwidth_update_per_layer[0]: 0.0
  (For comparison - full updates including accumulation: 0)
level.getFillPerLayer[0](): 0
ideal_bandwidth_fill_per_layer[0]: 0.0

Latency for layer: 1 of Level: DRAM
level.active_instances_per_layer[1]: 1
level.temporal_iterations_per_layer[1]: 1
Scaling per layer[1]: 1
Single Tile latency: cc_per_tile_per_layer[1]: 621.5757575757576
Ideal Case, Latency at this level without stalls: cc_per_all_tiles_per_layer[1]: 4475345.454545455
SCALED cc_per_all_tiles_per_layer[1]: 4,475,345
level.getReadPerLayer[1](): 9,216
  (For comparison - full reads including accumulation: 9,216)
ideal_bandwidth_read_per_layer[1]: 0.0020592823712948516
level.getDrainPerLayer[1](): 0
ideal_bandwidth_drain_per_layer[1]: 0.0
ideal_bandwidth_update_per_layer[1]: 0.0
  (For comparison - full updates including accumulation: 0)
level.getFillPerLayer[1](): 0
ideal_bandwidth_fill_per_layer[1]: 0.0

Latency for layer: 2 of Level: DRAM
level.active_instances_per_layer[2]: 1
level.temporal_iterations_per_layer[2]: 1
Scaling per layer[2]: 1
Single Tile latency: cc_per_tile_per_layer[2]: 621.5757575757576
Ideal Case, Latency at this level without stalls: cc_per_all_tiles_per_layer[2]: 4475345.454545455
SCALED cc_per_all_tiles_per_layer[2]: 4,475,345
level.getReadPerLayer[2](): 9,216
  (For comparison - full reads including accumulation: 9,216)
ideal_bandwidth_read_per_layer[2]: 0.0020592823712948516
level.getDrainPerLayer[2](): 0
ideal_bandwidth_drain_per_layer[2]: 0.0
ideal_bandwidth_update_per_layer[2]: 0.0
  (For comparison - full updates including accumulation: 0)
level.getFillPerLayer[2](): 0
ideal_bandwidth_fill_per_layer[2]: 0.0

Latency for layer: 3 of Level: DRAM
level.active_instances_per_layer[3]: 1
level.temporal_iterations_per_layer[3]: 1
Scaling per layer[3]: 1
Single Tile latency: cc_per_tile_per_layer[3]: 621.5757575757576
Ideal Case, Latency at this level without stalls: cc_per_all_tiles_per_layer[3]: 4475345.454545455
SCALED cc_per_all_tiles_per_layer[3]: 4,475,345
level.getReadPerLayer[3](): 9,216
  (For comparison - full reads including accumulation: 9,216)
ideal_bandwidth_read_per_layer[3]: 0.0020592823712948516
level.getDrainPerLayer[3](): 0
ideal_bandwidth_drain_per_layer[3]: 0.0
ideal_bandwidth_update_per_layer[3]: 0.0
  (For comparison - full updates including accumulation: 0)
level.getFillPerLayer[3](): 0
ideal_bandwidth_fill_per_layer[3]: 0.0

Latency for layer: 4 of Level: DRAM
level.active_instances_per_layer[4]: 1
level.temporal_iterations_per_layer[4]: 1
Scaling per layer[4]: 1
Single Tile latency: cc_per_tile_per_layer[4]: 621.5757575757576
Ideal Case, Latency at this level without stalls: cc_per_all_tiles_per_layer[4]: 4475345.454545455
SCALED cc_per_all_tiles_per_layer[4]: 4,475,345
level.getReadPerLayer[4](): 9,216
  (For comparison - full reads including accumulation: 9,216)
ideal_bandwidth_read_per_layer[4]: 0.0020592823712948516
level.getDrainPerLayer[4](): 0
ideal_bandwidth_drain_per_layer[4]: 0.0
ideal_bandwidth_update_per_layer[4]: 0.0
  (For comparison - full updates including accumulation: 0)
level.getFillPerLayer[4](): 0
ideal_bandwidth_fill_per_layer[4]: 0.0

Latency for layer: 5 of Level: DRAM
level.active_instances_per_layer[5]: 1
level.temporal_iterations_per_layer[5]: 1
Scaling per layer[5]: 1
Single Tile latency: cc_per_tile_per_layer[5]: 621.5757575757576
Ideal Case, Latency at this level without stalls: cc_per_all_tiles_per_layer[5]: 4475345.454545455
SCALED cc_per_all_tiles_per_layer[5]: 4,475,345
level.getReadPerLayer[5](): 9,216
  (For comparison - full reads including accumulation: 9,216)
ideal_bandwidth_read_per_layer[5]: 0.0020592823712948516
level.getDrainPerLayer[5](): 0
ideal_bandwidth_drain_per_layer[5]: 0.0
ideal_bandwidth_update_per_layer[5]: 0.0
  (For comparison - full updates including accumulation: 0)
level.getFillPerLayer[5](): 0
ideal_bandwidth_fill_per_layer[5]: 0.0

Latency for layer: 6 of Level: DRAM
level.active_instances_per_layer[6]: 1
level.temporal_iterations_per_layer[6]: 1
Scaling per layer[6]: 1
Single Tile latency: cc_per_tile_per_layer[6]: 621.5757575757576
Ideal Case, Latency at this level without stalls: cc_per_all_tiles_per_layer[6]: 4475345.454545455
SCALED cc_per_all_tiles_per_layer[6]: 4,475,345
level.getReadPerLayer[6](): 9,216
  (For comparison - full reads including accumulation: 9,216)
ideal_bandwidth_read_per_layer[6]: 0.0020592823712948516
level.getDrainPerLayer[6](): 0
ideal_bandwidth_drain_per_layer[6]: 0.0
ideal_bandwidth_update_per_layer[6]: 0.0
  (For comparison - full updates including accumulation: 0)
level.getFillPerLayer[6](): 0
ideal_bandwidth_fill_per_layer[6]: 0.0

Latency for layer: 7 of Level: DRAM
level.active_instances_per_layer[7]: 1
level.temporal_iterations_per_layer[7]: 1
Scaling per layer[7]: 1
Single Tile latency: cc_per_tile_per_layer[7]: 621.5757575757576
Ideal Case, Latency at this level without stalls: cc_per_all_tiles_per_layer[7]: 4475345.454545455
SCALED cc_per_all_tiles_per_layer[7]: 4,475,345
level.getReadPerLayer[7](): 9,216
  (For comparison - full reads including accumulation: 9,216)
ideal_bandwidth_read_per_layer[7]: 0.0020592823712948516
level.getDrainPerLayer[7](): 0
ideal_bandwidth_drain_per_layer[7]: 0.0
ideal_bandwidth_update_per_layer[7]: 0.0
  (For comparison - full updates including accumulation: 0)
level.getFillPerLayer[7](): 0
ideal_bandwidth_fill_per_layer[7]: 0.0

Latency for layer: 8 of Level: DRAM
level.active_instances_per_layer[8]: 1
level.temporal_iterations_per_layer[8]: 1
Scaling per layer[8]: 1
Single Tile latency: cc_per_tile_per_layer[8]: 621.5757575757576
Ideal Case, Latency at this level without stalls: cc_per_all_tiles_per_layer[8]: 4475345.454545455
SCALED cc_per_all_tiles_per_layer[8]: 4,475,345
level.getReadPerLayer[8](): 9,216
  (For comparison - full reads including accumulation: 9,216)
ideal_bandwidth_read_per_layer[8]: 0.0020592823712948516
level.getDrainPerLayer[8](): 0
ideal_bandwidth_drain_per_layer[8]: 0.0
ideal_bandwidth_update_per_layer[8]: 0.0
  (For comparison - full updates including accumulation: 0)
level.getFillPerLayer[8](): 0
ideal_bandwidth_fill_per_layer[8]: 0.0

Latency for layer: 9 of Level: DRAM
level.active_instances_per_layer[9]: 1
level.temporal_iterations_per_layer[9]: 1
Scaling per layer[9]: 1
Single Tile latency: cc_per_tile_per_layer[9]: 621.5757575757576
Ideal Case, Latency at this level without stalls: cc_per_all_tiles_per_layer[9]: 4475345.454545455
SCALED cc_per_all_tiles_per_layer[9]: 4,475,345
level.getReadPerLayer[9](): 9,216
  (For comparison - full reads including accumulation: 9,216)
ideal_bandwidth_read_per_layer[9]: 0.0020592823712948516
level.getDrainPerLayer[9](): 0
ideal_bandwidth_drain_per_layer[9]: 0.0
ideal_bandwidth_update_per_layer[9]: 0.0
  (For comparison - full updates including accumulation: 0)
level.getFillPerLayer[9](): 0
ideal_bandwidth_fill_per_layer[9]: 0.0

Latency for layer: 10 of Level: DRAM
level.active_instances_per_layer[10]: 1
level.temporal_iterations_per_layer[10]: 1
Scaling per layer[10]: 1
Single Tile latency: cc_per_tile_per_layer[10]: 62.54545454545455
Ideal Case, Latency at this level without stalls: cc_per_all_tiles_per_layer[10]: 450327.27272727276
SCALED cc_per_all_tiles_per_layer[10]: 450,327
level.getReadPerLayer[10](): 512
  (For comparison - full reads including accumulation: 512)
ideal_bandwidth_read_per_layer[10]: 0.0011369509043927647
level.getDrainPerLayer[10](): 0
ideal_bandwidth_drain_per_layer[10]: 0.0
ideal_bandwidth_update_per_layer[10]: 32.74418604651162
  (For comparison - full updates including accumulation: 14,745,600)
level.getFillPerLayer[10](): 0
ideal_bandwidth_fill_per_layer[10]: 0.0

Start of calculation of latency:


Layer_id: 0 in DRAM

ideal_bandwidth_read_per_layer[0] + ideal_bandwidth_drain_per_layer[0]: 3.2444228308164833 vs level.read_bandwidth: 18
I am in Compute Bound
cc_per_all_tiles_per_layer[0]: 852436.3636363636
STANDARD CASE latency_read_drain_per_layer[0]: 852436.3636363636

ideal_bandwidth_fill_per_layer[0] + ideal_bandwidth_update_per_layer[0]: 0.0 vs level.write_bandwidth: 18
previous_fanout_pe_to_pe_warmup: 0
STANDARD CASE latency_fill_update_per_layer[0]: 852436.3636363636


Layer_id: 1 in DRAM

ideal_bandwidth_read_per_layer[1] + ideal_bandwidth_drain_per_layer[1]: 0.0020592823712948516 vs level.read_bandwidth: 18
I am in Compute Bound
cc_per_all_tiles_per_layer[1]: 4475345.454545455
STANDARD CASE latency_read_drain_per_layer[1]: 4475345.454545455

ideal_bandwidth_fill_per_layer[1] + ideal_bandwidth_update_per_layer[1]: 0.0 vs level.write_bandwidth: 18
previous_fanout_pe_to_pe_warmup: 0
STANDARD CASE latency_fill_update_per_layer[1]: 4475345.454545455


Layer_id: 2 in DRAM

ideal_bandwidth_read_per_layer[2] + ideal_bandwidth_drain_per_layer[2]: 0.0020592823712948516 vs level.read_bandwidth: 18
I am in Compute Bound
cc_per_all_tiles_per_layer[2]: 4475345.454545455
STANDARD CASE latency_read_drain_per_layer[2]: 4475345.454545455

ideal_bandwidth_fill_per_layer[2] + ideal_bandwidth_update_per_layer[2]: 0.0 vs level.write_bandwidth: 18
previous_fanout_pe_to_pe_warmup: 0
STANDARD CASE latency_fill_update_per_layer[2]: 4475345.454545455


Layer_id: 3 in DRAM

ideal_bandwidth_read_per_layer[3] + ideal_bandwidth_drain_per_layer[3]: 0.0020592823712948516 vs level.read_bandwidth: 18
I am in Compute Bound
cc_per_all_tiles_per_layer[3]: 4475345.454545455
STANDARD CASE latency_read_drain_per_layer[3]: 4475345.454545455

ideal_bandwidth_fill_per_layer[3] + ideal_bandwidth_update_per_layer[3]: 0.0 vs level.write_bandwidth: 18
previous_fanout_pe_to_pe_warmup: 0
STANDARD CASE latency_fill_update_per_layer[3]: 4475345.454545455


Layer_id: 4 in DRAM

ideal_bandwidth_read_per_layer[4] + ideal_bandwidth_drain_per_layer[4]: 0.0020592823712948516 vs level.read_bandwidth: 18
I am in Compute Bound
cc_per_all_tiles_per_layer[4]: 4475345.454545455
STANDARD CASE latency_read_drain_per_layer[4]: 4475345.454545455

ideal_bandwidth_fill_per_layer[4] + ideal_bandwidth_update_per_layer[4]: 0.0 vs level.write_bandwidth: 18
previous_fanout_pe_to_pe_warmup: 0
STANDARD CASE latency_fill_update_per_layer[4]: 4475345.454545455


Layer_id: 5 in DRAM

ideal_bandwidth_read_per_layer[5] + ideal_bandwidth_drain_per_layer[5]: 0.0020592823712948516 vs level.read_bandwidth: 18
I am in Compute Bound
cc_per_all_tiles_per_layer[5]: 4475345.454545455
STANDARD CASE latency_read_drain_per_layer[5]: 4475345.454545455

ideal_bandwidth_fill_per_layer[5] + ideal_bandwidth_update_per_layer[5]: 0.0 vs level.write_bandwidth: 18
previous_fanout_pe_to_pe_warmup: 0
STANDARD CASE latency_fill_update_per_layer[5]: 4475345.454545455


Layer_id: 6 in DRAM

ideal_bandwidth_read_per_layer[6] + ideal_bandwidth_drain_per_layer[6]: 0.0020592823712948516 vs level.read_bandwidth: 18
I am in Compute Bound
cc_per_all_tiles_per_layer[6]: 4475345.454545455
STANDARD CASE latency_read_drain_per_layer[6]: 4475345.454545455

ideal_bandwidth_fill_per_layer[6] + ideal_bandwidth_update_per_layer[6]: 0.0 vs level.write_bandwidth: 18
previous_fanout_pe_to_pe_warmup: 0
STANDARD CASE latency_fill_update_per_layer[6]: 4475345.454545455


Layer_id: 7 in DRAM

ideal_bandwidth_read_per_layer[7] + ideal_bandwidth_drain_per_layer[7]: 0.0020592823712948516 vs level.read_bandwidth: 18
I am in Compute Bound
cc_per_all_tiles_per_layer[7]: 4475345.454545455
STANDARD CASE latency_read_drain_per_layer[7]: 4475345.454545455

ideal_bandwidth_fill_per_layer[7] + ideal_bandwidth_update_per_layer[7]: 0.0 vs level.write_bandwidth: 18
previous_fanout_pe_to_pe_warmup: 0
STANDARD CASE latency_fill_update_per_layer[7]: 4475345.454545455


Layer_id: 8 in DRAM

ideal_bandwidth_read_per_layer[8] + ideal_bandwidth_drain_per_layer[8]: 0.0020592823712948516 vs level.read_bandwidth: 18
I am in Compute Bound
cc_per_all_tiles_per_layer[8]: 4475345.454545455
STANDARD CASE latency_read_drain_per_layer[8]: 4475345.454545455

ideal_bandwidth_fill_per_layer[8] + ideal_bandwidth_update_per_layer[8]: 0.0 vs level.write_bandwidth: 18
previous_fanout_pe_to_pe_warmup: 0
STANDARD CASE latency_fill_update_per_layer[8]: 4475345.454545455


Layer_id: 9 in DRAM

ideal_bandwidth_read_per_layer[9] + ideal_bandwidth_drain_per_layer[9]: 0.0020592823712948516 vs level.read_bandwidth: 18
I am in Compute Bound
cc_per_all_tiles_per_layer[9]: 4475345.454545455
STANDARD CASE latency_read_drain_per_layer[9]: 4475345.454545455

ideal_bandwidth_fill_per_layer[9] + ideal_bandwidth_update_per_layer[9]: 0.0 vs level.write_bandwidth: 18
previous_fanout_pe_to_pe_warmup: 0
STANDARD CASE latency_fill_update_per_layer[9]: 4475345.454545455


Layer_id: 10 in DRAM

ideal_bandwidth_read_per_layer[10] + ideal_bandwidth_drain_per_layer[10]: 0.0011369509043927647 vs level.read_bandwidth: 18
I am in Compute Bound
cc_per_all_tiles_per_layer[10]: 450327.27272727276
STANDARD CASE latency_read_drain_per_layer[10]: 450327.27272727276

ideal_bandwidth_fill_per_layer[10] + ideal_bandwidth_update_per_layer[10]: 32.74418604651162 vs level.write_bandwidth: 18
ideal_bandwidth_fill_per_layer[10]: 0.0
ideal_bandwidth_update_per_layer[10]: 32.74418604651162
level.write_bandwidth: 18
total data (for bandwidth): 14745600
scaling_per_layer[10]: 1
SLOWDOWN CASE latency_fill_update_per_layer[10]: 819200.0

End of calculation of latency.

Calculating per tile final latency and stall for layer 0 in DRAM: latency_read_drain_per_layer[0] = 852436.3636363636, latency_fill_update_per_layer[0] = 852436.3636363636
Final per tile latency_per_layer[0]: 852,436
Final per tile stall_cycles_per_layer[0]: 0
Ideal case: no stall introduced by this level per this layer: cc_per_all_tiles_per_layer[0]: 852,436
Calculating per tile final latency and stall for layer 1 in DRAM: latency_read_drain_per_layer[1] = 4475345.454545455, latency_fill_update_per_layer[1] = 4475345.454545455
Final per tile latency_per_layer[1]: 4,475,345
Final per tile stall_cycles_per_layer[1]: 0
Ideal case: no stall introduced by this level per this layer: cc_per_all_tiles_per_layer[1]: 4,475,345
Calculating per tile final latency and stall for layer 2 in DRAM: latency_read_drain_per_layer[2] = 4475345.454545455, latency_fill_update_per_layer[2] = 4475345.454545455
Final per tile latency_per_layer[2]: 4,475,345
Final per tile stall_cycles_per_layer[2]: 0
Ideal case: no stall introduced by this level per this layer: cc_per_all_tiles_per_layer[2]: 4,475,345
Calculating per tile final latency and stall for layer 3 in DRAM: latency_read_drain_per_layer[3] = 4475345.454545455, latency_fill_update_per_layer[3] = 4475345.454545455
Final per tile latency_per_layer[3]: 4,475,345
Final per tile stall_cycles_per_layer[3]: 0
Ideal case: no stall introduced by this level per this layer: cc_per_all_tiles_per_layer[3]: 4,475,345
Calculating per tile final latency and stall for layer 4 in DRAM: latency_read_drain_per_layer[4] = 4475345.454545455, latency_fill_update_per_layer[4] = 4475345.454545455
Final per tile latency_per_layer[4]: 4,475,345
Final per tile stall_cycles_per_layer[4]: 0
Ideal case: no stall introduced by this level per this layer: cc_per_all_tiles_per_layer[4]: 4,475,345
Calculating per tile final latency and stall for layer 5 in DRAM: latency_read_drain_per_layer[5] = 4475345.454545455, latency_fill_update_per_layer[5] = 4475345.454545455
Final per tile latency_per_layer[5]: 4,475,345
Final per tile stall_cycles_per_layer[5]: 0
Ideal case: no stall introduced by this level per this layer: cc_per_all_tiles_per_layer[5]: 4,475,345
Calculating per tile final latency and stall for layer 6 in DRAM: latency_read_drain_per_layer[6] = 4475345.454545455, latency_fill_update_per_layer[6] = 4475345.454545455
Final per tile latency_per_layer[6]: 4,475,345
Final per tile stall_cycles_per_layer[6]: 0
Ideal case: no stall introduced by this level per this layer: cc_per_all_tiles_per_layer[6]: 4,475,345
Calculating per tile final latency and stall for layer 7 in DRAM: latency_read_drain_per_layer[7] = 4475345.454545455, latency_fill_update_per_layer[7] = 4475345.454545455
Final per tile latency_per_layer[7]: 4,475,345
Final per tile stall_cycles_per_layer[7]: 0
Ideal case: no stall introduced by this level per this layer: cc_per_all_tiles_per_layer[7]: 4,475,345
Calculating per tile final latency and stall for layer 8 in DRAM: latency_read_drain_per_layer[8] = 4475345.454545455, latency_fill_update_per_layer[8] = 4475345.454545455
Final per tile latency_per_layer[8]: 4,475,345
Final per tile stall_cycles_per_layer[8]: 0
Ideal case: no stall introduced by this level per this layer: cc_per_all_tiles_per_layer[8]: 4,475,345
Calculating per tile final latency and stall for layer 9 in DRAM: latency_read_drain_per_layer[9] = 4475345.454545455, latency_fill_update_per_layer[9] = 4475345.454545455
Final per tile latency_per_layer[9]: 4,475,345
Final per tile stall_cycles_per_layer[9]: 0
Ideal case: no stall introduced by this level per this layer: cc_per_all_tiles_per_layer[9]: 4,475,345
Calculating per tile final latency and stall for layer 10 in DRAM: latency_read_drain_per_layer[10] = 450327.27272727276, latency_fill_update_per_layer[10] = 819200.0
Final per tile latency_per_layer[10]: 819,200
Final per tile stall_cycles_per_layer[10]: 368,873
Ideal case: no stall introduced by this level per this layer: cc_per_all_tiles_per_layer[10]: 450,327


Final WMOPs and Latency calculation for Level: DRAM
Level: DRAM, Layer: 0
max_latency_per_layer[0]: 0 before update
level.getSettedLatencyPerLayer[0](): 852,436
Level: DRAM, Layer: 1
max_latency_per_layer[1]: 0 before update
level.getSettedLatencyPerLayer[1](): 4,475,345
Level: DRAM, Layer: 2
max_latency_per_layer[2]: 0 before update
level.getSettedLatencyPerLayer[2](): 4,475,345
Level: DRAM, Layer: 3
max_latency_per_layer[3]: 0 before update
level.getSettedLatencyPerLayer[3](): 4,475,345
Level: DRAM, Layer: 4
max_latency_per_layer[4]: 0 before update
level.getSettedLatencyPerLayer[4](): 4,475,345
Level: DRAM, Layer: 5
max_latency_per_layer[5]: 0 before update
level.getSettedLatencyPerLayer[5](): 4,475,345
Level: DRAM, Layer: 6
max_latency_per_layer[6]: 0 before update
level.getSettedLatencyPerLayer[6](): 4,475,345
Level: DRAM, Layer: 7
max_latency_per_layer[7]: 0 before update
level.getSettedLatencyPerLayer[7](): 4,475,345
Level: DRAM, Layer: 8
max_latency_per_layer[8]: 0 before update
level.getSettedLatencyPerLayer[8](): 4,475,345
Level: DRAM, Layer: 9
max_latency_per_layer[9]: 0 before update
level.getSettedLatencyPerLayer[9](): 4,475,345
Level: DRAM, Layer: 10
max_latency_per_layer[10]: 0 before update
level.getSettedLatencyPerLayer[10](): 819,200
Level DRAM: DepFiN 10-Layer Architecture, max_latency (sequential layers): 41,949,745


Final WMOPs and Latency calculation for Level: FeatureMemory
Level: FeatureMemory, Layer: 0
max_latency_per_layer[0]: 852,436 before update
level.getSettedLatencyPerLayer[0](): 83
Level: FeatureMemory, Layer: 1
max_latency_per_layer[1]: 4,475,345 before update
level.getSettedLatencyPerLayer[1](): 590
Level: FeatureMemory, Layer: 2
max_latency_per_layer[2]: 4,475,345 before update
level.getSettedLatencyPerLayer[2](): 590
Level: FeatureMemory, Layer: 3
max_latency_per_layer[3]: 4,475,345 before update
level.getSettedLatencyPerLayer[3](): 590
Level: FeatureMemory, Layer: 4
max_latency_per_layer[4]: 4,475,345 before update
level.getSettedLatencyPerLayer[4](): 590
Level: FeatureMemory, Layer: 5
max_latency_per_layer[5]: 4,475,345 before update
level.getSettedLatencyPerLayer[5](): 590
Level: FeatureMemory, Layer: 6
max_latency_per_layer[6]: 4,475,345 before update
level.getSettedLatencyPerLayer[6](): 590
Level: FeatureMemory, Layer: 7
max_latency_per_layer[7]: 4,475,345 before update
level.getSettedLatencyPerLayer[7](): 590
Level: FeatureMemory, Layer: 8
max_latency_per_layer[8]: 4,475,345 before update
level.getSettedLatencyPerLayer[8](): 590
Level: FeatureMemory, Layer: 9
max_latency_per_layer[9]: 4,475,345 before update
level.getSettedLatencyPerLayer[9](): 590
Level: FeatureMemory, Layer: 10
max_latency_per_layer[10]: 819,200 before update
level.getSettedLatencyPerLayer[10](): 335,127
Level FeatureMemory: DepFiN 10-Layer Architecture, max_latency (sequential layers): 41,949,745


Final WMOPs and Latency calculation for Level: WeightMemory
Level: WeightMemory, Layer: 0
max_latency_per_layer[0]: 852,436 before update
level.getSettedLatencyPerLayer[0](): 58
Level: WeightMemory, Layer: 1
max_latency_per_layer[1]: 4,475,345 before update
level.getSettedLatencyPerLayer[1](): 578
Level: WeightMemory, Layer: 2
max_latency_per_layer[2]: 4,475,345 before update
level.getSettedLatencyPerLayer[2](): 578
Level: WeightMemory, Layer: 3
max_latency_per_layer[3]: 4,475,345 before update
level.getSettedLatencyPerLayer[3](): 578
Level: WeightMemory, Layer: 4
max_latency_per_layer[4]: 4,475,345 before update
level.getSettedLatencyPerLayer[4](): 578
Level: WeightMemory, Layer: 5
max_latency_per_layer[5]: 4,475,345 before update
level.getSettedLatencyPerLayer[5](): 578
Level: WeightMemory, Layer: 6
max_latency_per_layer[6]: 4,475,345 before update
level.getSettedLatencyPerLayer[6](): 578
Level: WeightMemory, Layer: 7
max_latency_per_layer[7]: 4,475,345 before update
level.getSettedLatencyPerLayer[7](): 578
Level: WeightMemory, Layer: 8
max_latency_per_layer[8]: 4,475,345 before update
level.getSettedLatencyPerLayer[8](): 578
Level: WeightMemory, Layer: 9
max_latency_per_layer[9]: 4,475,345 before update
level.getSettedLatencyPerLayer[9](): 578
Level: WeightMemory, Layer: 10
max_latency_per_layer[10]: 819,200 before update
level.getSettedLatencyPerLayer[10](): 230,400
Level WeightMemory: DepFiN 10-Layer Architecture, max_latency (sequential layers): 41,949,745


Final WMOPs and Latency calculation for Level: SACols_10


Final WMOPs and Latency calculation for Level: SARows_10


Final WMOPs and Latency calculation for Level: SACols_9


Final WMOPs and Latency calculation for Level: SARows_9


Final WMOPs and Latency calculation for Level: SACols_8


Final WMOPs and Latency calculation for Level: SARows_8


Final WMOPs and Latency calculation for Level: SACols_7


Final WMOPs and Latency calculation for Level: SARows_7


Final WMOPs and Latency calculation for Level: SACols_6


Final WMOPs and Latency calculation for Level: SARows_6


Final WMOPs and Latency calculation for Level: SACols_5


Final WMOPs and Latency calculation for Level: SARows_5


Final WMOPs and Latency calculation for Level: SACols_4


Final WMOPs and Latency calculation for Level: SARows_4


Final WMOPs and Latency calculation for Level: SACols_3


Final WMOPs and Latency calculation for Level: SARows_3


Final WMOPs and Latency calculation for Level: SACols_2


Final WMOPs and Latency calculation for Level: SARows_2


Final WMOPs and Latency calculation for Level: SACols_1


Final WMOPs and Latency calculation for Level: SARows_1


Final WMOPs and Latency calculation for Level: SACols_0


Final WMOPs and Latency calculation for Level: SARows_0


Final WMOPs and Latency calculation for Level: AccumulationIntermediateOutputRegister
Level: AccumulationIntermediateOutputRegister, Layer: 0
max_latency_per_layer[0]: 852,436 before update
level.getSettedLatencyPerLayer[0](): 1
Level: AccumulationIntermediateOutputRegister, Layer: 1
max_latency_per_layer[1]: 4,475,345 before update
level.getSettedLatencyPerLayer[1](): 1
Level: AccumulationIntermediateOutputRegister, Layer: 2
max_latency_per_layer[2]: 4,475,345 before update
level.getSettedLatencyPerLayer[2](): 1
Level: AccumulationIntermediateOutputRegister, Layer: 3
max_latency_per_layer[3]: 4,475,345 before update
level.getSettedLatencyPerLayer[3](): 1
Level: AccumulationIntermediateOutputRegister, Layer: 4
max_latency_per_layer[4]: 4,475,345 before update
level.getSettedLatencyPerLayer[4](): 1
Level: AccumulationIntermediateOutputRegister, Layer: 5
max_latency_per_layer[5]: 4,475,345 before update
level.getSettedLatencyPerLayer[5](): 1
Level: AccumulationIntermediateOutputRegister, Layer: 6
max_latency_per_layer[6]: 4,475,345 before update
level.getSettedLatencyPerLayer[6](): 1
Level: AccumulationIntermediateOutputRegister, Layer: 7
max_latency_per_layer[7]: 4,475,345 before update
level.getSettedLatencyPerLayer[7](): 1
Level: AccumulationIntermediateOutputRegister, Layer: 8
max_latency_per_layer[8]: 4,475,345 before update
level.getSettedLatencyPerLayer[8](): 1
Level: AccumulationIntermediateOutputRegister, Layer: 9
max_latency_per_layer[9]: 4,475,345 before update
level.getSettedLatencyPerLayer[9](): 1
Level: AccumulationIntermediateOutputRegister, Layer: 10
max_latency_per_layer[10]: 819,200 before update
level.getSettedLatencyPerLayer[10](): 230,400
Level AccumulationIntermediateOutputRegister: DepFiN 10-Layer Architecture, max_latency (sequential layers): 41,949,745


Final WMOPs and Latency calculation for Level: Compute
Compute level latency: 1
Compute latency for layer 0: 388,800
Compute latency for layer 1: 4,147,200
Compute latency for layer 2: 4,147,200
Compute latency for layer 3: 4,147,200
Compute latency for layer 4: 4,147,200
Compute latency for layer 5: 4,147,200
Compute latency for layer 6: 4,147,200
Compute latency for layer 7: 4,147,200
Compute latency for layer 8: 4,147,200
Compute latency for layer 9: 4,147,200
Compute latency for layer 10: 230,400
max_latency initially: 41949745.45454545
compute_latency from compute level: 37,944,000
max_latency after compute: 41,949,745, before fanout_level
é stato chiamato update stats! 




Questo mops è chiamato da update stats
Level: DRAM, arch bypasses for the level: ['int_in', 'int_out'], in_bp: 1, w_bp: 0, out_bp: 1, int_in_bp: 0, int_out_bp: 0
DEBUG updateStats pre scaling: Level DRAM:
  in_reads: 2764800
  per_layer_w_reads: {0: 864, 1: 9216, 2: 9216, 3: 9216, 4: 9216, 5: 9216, 6: 9216, 7: 9216, 8: 9216, 9: 9216, 10: 512}
  per_layer_int_in_reads: {0: 0, 1: 0, 2: 0, 3: 0, 4: 0, 5: 0, 6: 0, 7: 0, 8: 0, 9: 0}
  per_layer_int_out_reads: {0: 0, 1: 0, 2: 0, 3: 0, 4: 0, 5: 0, 6: 0, 7: 0, 8: 0, 9: 0}
  per_layer_int_out_writes: {0: 0, 1: 0, 2: 0, 3: 0, 4: 0, 5: 0, 6: 0, 7: 0, 8: 0, 9: 0}
  out_reads: 14745600
  out_writes: 14745600
  out_reads_factors: 1
scale_per_layer[0]: 1, temporal_iterations_per_layer[0]: 1, spatial_iterations_per_layer[0]: 1
DEBUG: results after scaling: Level DRAM: in_reads=2764800, w_reads=84320, int_in_reads=0, int_out_reads=0, int_out_writes=0, out_writes=14745600, out_reads=14745600, out_reads_factors=1
DEBUG: Level DRAM adjusted out_reads for no bias read: 0
DEBUG: Level DRAM bypasses intermediate storage
DEBUG updateStats post scaling: Level DRAM:
  in_reads: 2,764,800
  per_layer_w_reads: {0: 864, 1: 9216, 2: 9216, 3: 9216, 4: 9216, 5: 9216, 6: 9216, 7: 9216, 8: 9216, 9: 9216, 10: 512}
  w_reads: 84,320
  per_layer_int_in_reads: {0: 0, 1: 0, 2: 0, 3: 0, 4: 0, 5: 0, 6: 0, 7: 0, 8: 0, 9: 0}
  per_layer_int_in_writes: {0: 0, 1: 0, 2: 0, 3: 0, 4: 0, 5: 0, 6: 0, 7: 0, 8: 0, 9: 0}
  int_in_reads: 0
  per_layer_int_out_reads: {0: 0, 1: 0, 2: 0, 3: 0, 4: 0, 5: 0, 6: 0, 7: 0, 8: 0, 9: 0}
  per_layer_int_out_writes: {0: 0, 1: 0, 2: 0, 3: 0, 4: 0, 5: 0, 6: 0, 7: 0, 8: 0, 9: 0}
  int_out_reads: 0
  out_reads: 0
  out_writes: 14,745,600
  out_reads_factors: 1
in_writes: 0, w_writes: 0, int_in_writes: 0, int_out_writes: 0, out_writes: 14745600
Name of the level: DRAM, level active instances per layer: {0: 1, 1: 1, 2: 1, 3: 1, 4: 1, 5: 1, 6: 1, 7: 1, 8: 1, 9: 1, 10: 1}, level active instances: 1
Level DRAM, Layer 0: total_reads = 2765664, total_writes = 0
Level DRAM, Layer 1: total_reads = 9216, total_writes = 0
Level DRAM, Layer 2: total_reads = 9216, total_writes = 0
Level DRAM, Layer 3: total_reads = 9216, total_writes = 0
Level DRAM, Layer 4: total_reads = 9216, total_writes = 0
Level DRAM, Layer 5: total_reads = 9216, total_writes = 0
Level DRAM, Layer 6: total_reads = 9216, total_writes = 0
Level DRAM, Layer 7: total_reads = 9216, total_writes = 0
Level DRAM, Layer 8: total_reads = 9216, total_writes = 0
Level DRAM, Layer 9: total_reads = 9216, total_writes = 0
DEBUG: Level DRAM, Layer 10, per_layer_int_in_reads9: 0, per_layer_w_reads10: 512, out_reads: 0
Level DRAM, Layer 10: total_reads = 512, total_writes = 14745600
Check: Per Layer Total reads: {0: 2765664, 1: 9216, 2: 9216, 3: 9216, 4: 9216, 5: 9216, 6: 9216, 7: 9216, 8: 9216, 9: 9216, 10: 512}, total: 2849120
Check: Per Layer Total writes: {0: 0, 1: 0, 2: 0, 3: 0, 4: 0, 5: 0, 6: 0, 7: 0, 8: 0, 9: 0, 10: 14745600}, 
 total: 14745600
Level DRAM total WMOPs from per layer sum: 2,815,155,200.000
Level DRAM total WMOPs from total reads/writes: 2,815,155,200.000
End first part of update for level: DRAM



Questo mops è chiamato da update stats
Level: FeatureMemory, arch bypasses for the level: ['w'], in_bp: 0, w_bp: 0, out_bp: 0, int_in_bp: 0, int_out_bp: 0
DEBUG updateStats pre scaling: Level FeatureMemory:
  in_reads: 6912
  per_layer_w_reads: {0: 0, 1: 0, 2: 0, 3: 0, 4: 0, 5: 0, 6: 0, 7: 0, 8: 0, 9: 0, 10: 0}
  per_layer_int_in_reads: {0: 73728, 1: 73728, 2: 73728, 3: 73728, 4: 73728, 5: 73728, 6: 73728, 7: 73728, 8: 73728, 9: 4096}
  per_layer_int_out_reads: {0: 4096, 1: 4096, 2: 4096, 3: 4096, 4: 4096, 5: 4096, 6: 4096, 7: 4096, 8: 4096, 9: 4096}
  per_layer_int_out_writes: {0: 4096, 1: 4096, 2: 4096, 3: 4096, 4: 4096, 5: 4096, 6: 4096, 7: 4096, 8: 4096, 9: 4096}
  out_reads: 2048
  out_writes: 2048
  out_reads_factors: 1
scale_per_layer[0]: 7200, temporal_iterations_per_layer[0]: 7200, spatial_iterations_per_layer[0]: 1
DEBUG: results after scaling: Level FeatureMemory: in_reads=49766400, w_reads=0, int_in_reads=4807065600, int_out_reads=294912000, int_out_writes=294912000, out_writes=14745600, out_reads=14745600, out_reads_factors=1
DEBUG: Level FeatureMemory adjusted out_reads for no bias read: 0
DEBUG updateStats post scaling: Level FeatureMemory:
  in_reads: 49,766,400
  per_layer_w_reads: {0: 0, 1: 0, 2: 0, 3: 0, 4: 0, 5: 0, 6: 0, 7: 0, 8: 0, 9: 0, 10: 0}
  w_reads: 0
  per_layer_int_in_reads: {0: 530841600, 1: 530841600, 2: 530841600, 3: 530841600, 4: 530841600, 5: 530841600, 6: 530841600, 7: 530841600, 8: 530841600, 9: 29491200}
  per_layer_int_in_writes: {0: 0, 1: 0, 2: 0, 3: 0, 4: 0, 5: 0, 6: 0, 7: 0, 8: 0, 9: 0}
  int_in_reads: 4,807,065,600
  per_layer_int_out_reads: {0: 29491200, 1: 29491200, 2: 29491200, 3: 29491200, 4: 29491200, 5: 29491200, 6: 29491200, 7: 29491200, 8: 29491200, 9: 29491200}
  per_layer_int_out_writes: {0: 29491200, 1: 29491200, 2: 29491200, 3: 29491200, 4: 29491200, 5: 29491200, 6: 29491200, 7: 29491200, 8: 29491200, 9: 29491200}
  int_out_reads: 294,912,000
  out_reads: 14,745,600
  out_writes: 14,745,600
  out_reads_factors: 1
in_writes: 2764800, w_writes: 0, int_in_writes: 0, int_out_writes: 294912000, out_writes: 14745600
Name of the level: FeatureMemory, level active instances per layer: {0: 1, 1: 1, 2: 1, 3: 1, 4: 1, 5: 1, 6: 1, 7: 1, 8: 1, 9: 1, 10: 1}, level active instances: 1
Level FeatureMemory, Layer 0: total_reads = 79257600, total_writes = 32256000
Level FeatureMemory, Layer 1: total_reads = 560332800, total_writes = 29491200
Level FeatureMemory, Layer 2: total_reads = 560332800, total_writes = 29491200
Level FeatureMemory, Layer 3: total_reads = 560332800, total_writes = 29491200
Level FeatureMemory, Layer 4: total_reads = 560332800, total_writes = 29491200
Level FeatureMemory, Layer 5: total_reads = 560332800, total_writes = 29491200
Level FeatureMemory, Layer 6: total_reads = 560332800, total_writes = 29491200
Level FeatureMemory, Layer 7: total_reads = 560332800, total_writes = 29491200
Level FeatureMemory, Layer 8: total_reads = 560332800, total_writes = 29491200
Level FeatureMemory, Layer 9: total_reads = 560332800, total_writes = 29491200
DEBUG: Level FeatureMemory, Layer 10, per_layer_int_in_reads9: 29491200, per_layer_w_reads10: 0, out_reads: 14745600
Level FeatureMemory, Layer 10: total_reads = 44236800, total_writes = 14745600
Check: Per Layer Total reads: {0: 79257600, 1: 560332800, 2: 560332800, 3: 560332800, 4: 560332800, 5: 560332800, 6: 560332800, 7: 560332800, 8: 560332800, 9: 560332800, 10: 44236800}, total: 5166489600
Check: Per Layer Total writes: {0: 32256000, 1: 29491200, 2: 29491200, 3: 29491200, 4: 29491200, 5: 29491200, 6: 29491200, 7: 29491200, 8: 29491200, 9: 29491200, 10: 14745600}, 
 total: 312422400
Level FeatureMemory total WMOPs from per layer sum: 6,924,339,200.000
Level FeatureMemory total WMOPs from total reads/writes: 6,924,339,200.000
End first part of update for level: FeatureMemory



Questo mops è chiamato da update stats
Level: WeightMemory, arch bypasses for the level: ['in', 'int_in', 'int_out', 'out'], in_bp: 0, w_bp: 0, out_bp: 0, int_in_bp: 0, int_out_bp: 0
DEBUG updateStats pre scaling: Level WeightMemory:
  in_reads: 0
  per_layer_w_reads: {0: 864, 1: 9216, 2: 9216, 3: 9216, 4: 9216, 5: 9216, 6: 9216, 7: 9216, 8: 9216, 9: 9216, 10: 512}
  per_layer_int_in_reads: {0: 0, 1: 0, 2: 0, 3: 0, 4: 0, 5: 0, 6: 0, 7: 0, 8: 0, 9: 0}
  per_layer_int_out_reads: {0: 0, 1: 0, 2: 0, 3: 0, 4: 0, 5: 0, 6: 0, 7: 0, 8: 0, 9: 0}
  per_layer_int_out_writes: {0: 0, 1: 0, 2: 0, 3: 0, 4: 0, 5: 0, 6: 0, 7: 0, 8: 0, 9: 0}
  out_reads: 0
  out_writes: 0
  out_reads_factors: 0
scale_per_layer[0] = 7200, temporal_iterations_per_layer[0] = 7200, spatial_iterations_per_layer[0] = 1
scale_per_layer[0]: 7200, temporal_iterations_per_layer[0]: 7200, spatial_iterations_per_layer[0]: 1
DEBUG: results after scaling: Level WeightMemory: in_reads=0, w_reads=607104000, int_in_reads=0, int_out_reads=0, int_out_writes=0, out_writes=0, out_reads=0, out_reads_factors=0
DEBUG: Level WeightMemory bypasses intermediate storage
DEBUG updateStats post scaling: Level WeightMemory:
  in_reads: 0
  per_layer_w_reads: {0: 6220800, 1: 66355200, 2: 66355200, 3: 66355200, 4: 66355200, 5: 66355200, 6: 66355200, 7: 66355200, 8: 66355200, 9: 66355200, 10: 3686400}
  w_reads: 607,104,000
  per_layer_int_in_reads: {0: 0, 1: 0, 2: 0, 3: 0, 4: 0, 5: 0, 6: 0, 7: 0, 8: 0, 9: 0}
  per_layer_int_in_writes: {0: 0, 1: 0, 2: 0, 3: 0, 4: 0, 5: 0, 6: 0, 7: 0, 8: 0, 9: 0}
  int_in_reads: 0
  per_layer_int_out_reads: {0: 0, 1: 0, 2: 0, 3: 0, 4: 0, 5: 0, 6: 0, 7: 0, 8: 0, 9: 0}
  per_layer_int_out_writes: {0: 0, 1: 0, 2: 0, 3: 0, 4: 0, 5: 0, 6: 0, 7: 0, 8: 0, 9: 0}
  int_out_reads: 0
  out_reads: 0
  out_writes: 0
  out_reads_factors: 0
in_writes: 0, w_writes: 84320, int_in_writes: 0, int_out_writes: 0, out_writes: 0
Name of the level: WeightMemory, level active instances per layer: {0: 1, 1: 1, 2: 1, 3: 1, 4: 1, 5: 1, 6: 1, 7: 1, 8: 1, 9: 1, 10: 1}, level active instances: 1
Level WeightMemory, Layer 0: total_reads = 6220800, total_writes = 864
Level WeightMemory, Layer 1: total_reads = 66355200, total_writes = 9216
Level WeightMemory, Layer 2: total_reads = 66355200, total_writes = 9216
Level WeightMemory, Layer 3: total_reads = 66355200, total_writes = 9216
Level WeightMemory, Layer 4: total_reads = 66355200, total_writes = 9216
Level WeightMemory, Layer 5: total_reads = 66355200, total_writes = 9216
Level WeightMemory, Layer 6: total_reads = 66355200, total_writes = 9216
Level WeightMemory, Layer 7: total_reads = 66355200, total_writes = 9216
Level WeightMemory, Layer 8: total_reads = 66355200, total_writes = 9216
Level WeightMemory, Layer 9: total_reads = 66355200, total_writes = 9216
DEBUG: Level WeightMemory, Layer 10, per_layer_int_in_reads9: 0, per_layer_w_reads10: 3686400, out_reads: 0
Level WeightMemory, Layer 10: total_reads = 3686400, total_writes = 512
Check: Per Layer Total reads: {0: 6220800, 1: 66355200, 2: 66355200, 3: 66355200, 4: 66355200, 5: 66355200, 6: 66355200, 7: 66355200, 8: 66355200, 9: 66355200, 10: 3686400}, total: 607104000
Check: Per Layer Total writes: {0: 864, 1: 9216, 2: 9216, 3: 9216, 4: 9216, 5: 9216, 6: 9216, 7: 9216, 8: 9216, 9: 9216, 10: 512}, 
 total: 84320
Level WeightMemory total WMOPs from per layer sum: 7,355,442,907.200
Level WeightMemory total WMOPs from total reads/writes: 7,355,442,907.200
End first part of update for level: WeightMemory



Calculating Fanout Level: SACols_10, updating spatial and last reads
Fanout Level SACols_10, Layer 10, dim Q, layer_iterations: 128
End of the first part of Update Stats for fanout level: SACols_10


Calculating Fanout Level: SARows_10, updating spatial and last reads
Fanout Level SARows_10, Layer 10, dim Z10, layer_iterations: 16
End of the first part of Update Stats for fanout level: SARows_10


Calculating Fanout Level: SACols_9, updating spatial and last reads
Fanout Level SACols_9, Layer 9, dim X9, layer_iterations: 128
End of the first part of Update Stats for fanout level: SACols_9


Calculating Fanout Level: SARows_9, updating spatial and last reads
Fanout Level SARows_9, Layer 9, dim Z9, layer_iterations: 16
End of the first part of Update Stats for fanout level: SARows_9


Calculating Fanout Level: SACols_8, updating spatial and last reads
Fanout Level SACols_8, Layer 8, dim X8, layer_iterations: 128
End of the first part of Update Stats for fanout level: SACols_8


Calculating Fanout Level: SARows_8, updating spatial and last reads
Fanout Level SARows_8, Layer 8, dim Z8, layer_iterations: 16
End of the first part of Update Stats for fanout level: SARows_8


Calculating Fanout Level: SACols_7, updating spatial and last reads
Fanout Level SACols_7, Layer 7, dim X7, layer_iterations: 128
End of the first part of Update Stats for fanout level: SACols_7


Calculating Fanout Level: SARows_7, updating spatial and last reads
Fanout Level SARows_7, Layer 7, dim Z7, layer_iterations: 16
End of the first part of Update Stats for fanout level: SARows_7


Calculating Fanout Level: SACols_6, updating spatial and last reads
Fanout Level SACols_6, Layer 6, dim X6, layer_iterations: 128
End of the first part of Update Stats for fanout level: SACols_6


Calculating Fanout Level: SARows_6, updating spatial and last reads
Fanout Level SARows_6, Layer 6, dim Z6, layer_iterations: 16
End of the first part of Update Stats for fanout level: SARows_6


Calculating Fanout Level: SACols_5, updating spatial and last reads
Fanout Level SACols_5, Layer 5, dim X5, layer_iterations: 128
End of the first part of Update Stats for fanout level: SACols_5


Calculating Fanout Level: SARows_5, updating spatial and last reads
Fanout Level SARows_5, Layer 5, dim Z5, layer_iterations: 16
End of the first part of Update Stats for fanout level: SARows_5


Calculating Fanout Level: SACols_4, updating spatial and last reads
Fanout Level SACols_4, Layer 4, dim X4, layer_iterations: 128
End of the first part of Update Stats for fanout level: SACols_4


Calculating Fanout Level: SARows_4, updating spatial and last reads
Fanout Level SARows_4, Layer 4, dim Z4, layer_iterations: 16
End of the first part of Update Stats for fanout level: SARows_4


Calculating Fanout Level: SACols_3, updating spatial and last reads
Fanout Level SACols_3, Layer 3, dim X3, layer_iterations: 128
End of the first part of Update Stats for fanout level: SACols_3


Calculating Fanout Level: SARows_3, updating spatial and last reads
Fanout Level SARows_3, Layer 3, dim Z3, layer_iterations: 16
End of the first part of Update Stats for fanout level: SARows_3


Calculating Fanout Level: SACols_2, updating spatial and last reads
Fanout Level SACols_2, Layer 2, dim X2, layer_iterations: 128
End of the first part of Update Stats for fanout level: SACols_2


Calculating Fanout Level: SARows_2, updating spatial and last reads
Fanout Level SARows_2, Layer 2, dim Z2, layer_iterations: 16
End of the first part of Update Stats for fanout level: SARows_2


Calculating Fanout Level: SACols_1, updating spatial and last reads
Fanout Level SACols_1, Layer 1, dim X1, layer_iterations: 128
End of the first part of Update Stats for fanout level: SACols_1


Calculating Fanout Level: SARows_1, updating spatial and last reads
Fanout Level SARows_1, Layer 1, dim Z1, layer_iterations: 16
End of the first part of Update Stats for fanout level: SARows_1


Calculating Fanout Level: SACols_0, updating spatial and last reads
Fanout Level SACols_0, Layer 0, dim X0, layer_iterations: 128
End of the first part of Update Stats for fanout level: SACols_0


Calculating Fanout Level: SARows_0, updating spatial and last reads
Fanout Level SARows_0, Layer 0, dim Z0, layer_iterations: 16
End of the first part of Update Stats for fanout level: SARows_0


Questo mops è chiamato da update stats
Level: AccumulationIntermediateOutputRegister, arch bypasses for the level: ['in', 'w', 'int_in'], in_bp: 0, w_bp: 0, out_bp: 1, int_in_bp: 0, int_out_bp: 1
DEBUG updateStats pre scaling: Level AccumulationIntermediateOutputRegister:
  in_reads: 0
  per_layer_w_reads: {0: 0, 1: 0, 2: 0, 3: 0, 4: 0, 5: 0, 6: 0, 7: 0, 8: 0, 9: 0, 10: 0}
  per_layer_int_in_reads: {0: 0, 1: 0, 2: 0, 3: 0, 4: 0, 5: 0, 6: 0, 7: 0, 8: 0, 9: 0}
  per_layer_int_out_reads: {0: 1, 1: 1, 2: 1, 3: 1, 4: 1, 5: 1, 6: 1, 7: 1, 8: 1, 9: 1}
  per_layer_int_out_writes: {0: 1, 1: 1, 2: 1, 3: 1, 4: 1, 5: 1, 6: 1, 7: 1, 8: 1, 9: 1}
  out_reads: 1
  out_writes: 1
  out_reads_factors: 1
scale_per_layer[0]: 796262400, temporal_iterations_per_layer[0]: 388800, spatial_iterations_per_layer[0]: 2048
DEBUG: results after scaling: Level AccumulationIntermediateOutputRegister: in_reads=0, w_reads=0, int_in_reads=0, int_out_reads=77237452800, int_out_writes=77237452800, out_writes=471859200, out_reads=471859200, out_reads_factors=32
DEBUG: Level AccumulationIntermediateOutputRegister adjusted out_reads for no bias read: 457113600
DEBUG updateStats post scaling: Level AccumulationIntermediateOutputRegister:
  in_reads: 0
  per_layer_w_reads: {0: 0, 1: 0, 2: 0, 3: 0, 4: 0, 5: 0, 6: 0, 7: 0, 8: 0, 9: 0, 10: 0}
  w_reads: 0
  per_layer_int_in_reads: {0: 0, 1: 0, 2: 0, 3: 0, 4: 0, 5: 0, 6: 0, 7: 0, 8: 0, 9: 0}
  per_layer_int_in_writes: {0: 0, 1: 0, 2: 0, 3: 0, 4: 0, 5: 0, 6: 0, 7: 0, 8: 0, 9: 0}
  int_in_reads: 0
  per_layer_int_out_reads: {0: 825753600, 1: 8522956800, 2: 8522956800, 3: 8522956800, 4: 8522956800, 5: 8522956800, 6: 8522956800, 7: 8522956800, 8: 8522956800, 9: 8522956800}
  per_layer_int_out_writes: {0: 825753600, 1: 8522956800, 2: 8522956800, 3: 8522956800, 4: 8522956800, 5: 8522956800, 6: 8522956800, 7: 8522956800, 8: 8522956800, 9: 8522956800}
  int_out_reads: 77,237,452,800
  out_reads: 471,859,200
  out_writes: 471,859,200
  out_reads_factors: 32
in_writes: 0, w_writes: 0, int_in_writes: 0, int_out_writes: 77237452800, out_writes: 471859200
Name of the level: AccumulationIntermediateOutputRegister, level active instances per layer: {0: 2048, 1: 2048, 2: 2048, 3: 2048, 4: 2048, 5: 2048, 6: 2048, 7: 2048, 8: 2048, 9: 2048, 10: 2048}, level active instances: 2658455991569831745807614120560689152
Level AccumulationIntermediateOutputRegister, Layer 0: total_reads = 825753600, total_writes = 825753600
Level AccumulationIntermediateOutputRegister, Layer 1: total_reads = 8522956800, total_writes = 8522956800
Level AccumulationIntermediateOutputRegister, Layer 2: total_reads = 8522956800, total_writes = 8522956800
Level AccumulationIntermediateOutputRegister, Layer 3: total_reads = 8522956800, total_writes = 8522956800
Level AccumulationIntermediateOutputRegister, Layer 4: total_reads = 8522956800, total_writes = 8522956800
Level AccumulationIntermediateOutputRegister, Layer 5: total_reads = 8522956800, total_writes = 8522956800
Level AccumulationIntermediateOutputRegister, Layer 6: total_reads = 8522956800, total_writes = 8522956800
Level AccumulationIntermediateOutputRegister, Layer 7: total_reads = 8522956800, total_writes = 8522956800
Level AccumulationIntermediateOutputRegister, Layer 8: total_reads = 8522956800, total_writes = 8522956800
Level AccumulationIntermediateOutputRegister, Layer 9: total_reads = 8522956800, total_writes = 8522956800
DEBUG: Level AccumulationIntermediateOutputRegister, Layer 10, per_layer_int_in_reads9: 0, per_layer_w_reads10: 0, out_reads: 471859200
Level AccumulationIntermediateOutputRegister, Layer 10: total_reads = 471859200, total_writes = 471859200
Check: Per Layer Total reads: {0: 825753600, 1: 8522956800, 2: 8522956800, 3: 8522956800, 4: 8522956800, 5: 8522956800, 6: 8522956800, 7: 8522956800, 8: 8522956800, 9: 8522956800, 10: 471859200}, total: 78004224000
Check: Per Layer Total writes: {0: 825753600, 1: 8522956800, 2: 8522956800, 3: 8522956800, 4: 8522956800, 5: 8522956800, 6: 8522956800, 7: 8522956800, 8: 8522956800, 9: 8522956800, 10: 471859200}, 
 total: 78004224000
Level AccumulationIntermediateOutputRegister total WMOPs from per layer sum: 32,316,794,587.200
Level AccumulationIntermediateOutputRegister total WMOPs from total reads/writes: 32,222,422,747.200
End first part of update for level: AccumulationIntermediateOutputRegister



Calculating WMOPs for Compute Level
Compute Level Compute WMOPs_per_layer: {0: 954052453.44, 1: 4917000591.360001, 2: 4917000591.360001, 3: 4917000591.360001, 4: 4917000591.360001, 5: 4917000591.360001, 6: 4917000591.360001, 7: 4917000591.360001, 8: 4917000591.360001, 9: 4917000591.360001, 10: 2651599211.52}
WMOPs_till_now before compute level: 32,316,794,587.200
Compute Level Compute total WMOPs from per layer sum: 47858656987.200005
Compute Level Compute total WMOPs: 1.728474674624478e+106
Total WMOPs after adding compute level: 80175451574.40001
END FIRST PART OF UPDATE STATS


First cc_per_tile, it is from compute = 1
First cc_per_tile_per_layer it is from compute = {0: 1, 1: 1, 2: 1, 3: 1, 4: 1, 5: 1, 6: 1, 7: 1, 8: 1, 9: 1, 10: 1}


Calculating Latency for Level: AccumulationIntermediateOutputRegister

Latency for layer: 0 of Level: AccumulationIntermediateOutputRegister
level.active_instances_per_layer[0]: 2048
level.temporal_iterations_per_layer[0]: 388800
Scaling per layer[0]: 796,262,400
Single Tile latency: cc_per_tile_per_layer[0]: 1
Ideal Case, Latency at this level without stalls: cc_per_all_tiles_per_layer[0]: 1
SCALED cc_per_all_tiles_per_layer[0]: 796,262,400
level.getReadPerLayer[0](): 825,753,600
  (For comparison - full reads including accumulation: 825,753,600)
ideal_bandwidth_read_per_layer[0]: 1.037037037037037
level.getDrainPerLayer[0](): 29,491,200
ideal_bandwidth_drain_per_layer[0]: 0.037037037037037035
ideal_bandwidth_update_per_layer[0]: 1.0
  (For comparison - full updates including accumulation: 796,262,400)
level.getFillPerLayer[0](): 29,491,200
ideal_bandwidth_fill_per_layer[0]: 0.037037037037037035

Latency for layer: 1 of Level: AccumulationIntermediateOutputRegister
level.active_instances_per_layer[1]: 2048
level.temporal_iterations_per_layer[1]: 4147200
Scaling per layer[1]: 8,493,465,600
Single Tile latency: cc_per_tile_per_layer[1]: 1
Ideal Case, Latency at this level without stalls: cc_per_all_tiles_per_layer[1]: 1
SCALED cc_per_all_tiles_per_layer[1]: 8,493,465,600
level.getReadPerLayer[1](): 8,493,465,600
  (For comparison - full reads including accumulation: 8,493,465,600)
ideal_bandwidth_read_per_layer[1]: 1.0
level.getDrainPerLayer[1](): 29,491,200
ideal_bandwidth_drain_per_layer[1]: 0.003472222222222222
ideal_bandwidth_update_per_layer[1]: 1.0
  (For comparison - full updates including accumulation: 8,493,465,600)
level.getFillPerLayer[1](): 29,491,200
ideal_bandwidth_fill_per_layer[1]: 0.003472222222222222

Latency for layer: 2 of Level: AccumulationIntermediateOutputRegister
level.active_instances_per_layer[2]: 2048
level.temporal_iterations_per_layer[2]: 4147200
Scaling per layer[2]: 8,493,465,600
Single Tile latency: cc_per_tile_per_layer[2]: 1
Ideal Case, Latency at this level without stalls: cc_per_all_tiles_per_layer[2]: 1
SCALED cc_per_all_tiles_per_layer[2]: 8,493,465,600
level.getReadPerLayer[2](): 8,493,465,600
  (For comparison - full reads including accumulation: 8,493,465,600)
ideal_bandwidth_read_per_layer[2]: 1.0
level.getDrainPerLayer[2](): 29,491,200
ideal_bandwidth_drain_per_layer[2]: 0.003472222222222222
ideal_bandwidth_update_per_layer[2]: 1.0
  (For comparison - full updates including accumulation: 8,493,465,600)
level.getFillPerLayer[2](): 29,491,200
ideal_bandwidth_fill_per_layer[2]: 0.003472222222222222

Latency for layer: 3 of Level: AccumulationIntermediateOutputRegister
level.active_instances_per_layer[3]: 2048
level.temporal_iterations_per_layer[3]: 4147200
Scaling per layer[3]: 8,493,465,600
Single Tile latency: cc_per_tile_per_layer[3]: 1
Ideal Case, Latency at this level without stalls: cc_per_all_tiles_per_layer[3]: 1
SCALED cc_per_all_tiles_per_layer[3]: 8,493,465,600
level.getReadPerLayer[3](): 8,493,465,600
  (For comparison - full reads including accumulation: 8,493,465,600)
ideal_bandwidth_read_per_layer[3]: 1.0
level.getDrainPerLayer[3](): 29,491,200
ideal_bandwidth_drain_per_layer[3]: 0.003472222222222222
ideal_bandwidth_update_per_layer[3]: 1.0
  (For comparison - full updates including accumulation: 8,493,465,600)
level.getFillPerLayer[3](): 29,491,200
ideal_bandwidth_fill_per_layer[3]: 0.003472222222222222

Latency for layer: 4 of Level: AccumulationIntermediateOutputRegister
level.active_instances_per_layer[4]: 2048
level.temporal_iterations_per_layer[4]: 4147200
Scaling per layer[4]: 8,493,465,600
Single Tile latency: cc_per_tile_per_layer[4]: 1
Ideal Case, Latency at this level without stalls: cc_per_all_tiles_per_layer[4]: 1
SCALED cc_per_all_tiles_per_layer[4]: 8,493,465,600
level.getReadPerLayer[4](): 8,493,465,600
  (For comparison - full reads including accumulation: 8,493,465,600)
ideal_bandwidth_read_per_layer[4]: 1.0
level.getDrainPerLayer[4](): 29,491,200
ideal_bandwidth_drain_per_layer[4]: 0.003472222222222222
ideal_bandwidth_update_per_layer[4]: 1.0
  (For comparison - full updates including accumulation: 8,493,465,600)
level.getFillPerLayer[4](): 29,491,200
ideal_bandwidth_fill_per_layer[4]: 0.003472222222222222

Latency for layer: 5 of Level: AccumulationIntermediateOutputRegister
level.active_instances_per_layer[5]: 2048
level.temporal_iterations_per_layer[5]: 4147200
Scaling per layer[5]: 8,493,465,600
Single Tile latency: cc_per_tile_per_layer[5]: 1
Ideal Case, Latency at this level without stalls: cc_per_all_tiles_per_layer[5]: 1
SCALED cc_per_all_tiles_per_layer[5]: 8,493,465,600
level.getReadPerLayer[5](): 8,493,465,600
  (For comparison - full reads including accumulation: 8,493,465,600)
ideal_bandwidth_read_per_layer[5]: 1.0
level.getDrainPerLayer[5](): 29,491,200
ideal_bandwidth_drain_per_layer[5]: 0.003472222222222222
ideal_bandwidth_update_per_layer[5]: 1.0
  (For comparison - full updates including accumulation: 8,493,465,600)
level.getFillPerLayer[5](): 29,491,200
ideal_bandwidth_fill_per_layer[5]: 0.003472222222222222

Latency for layer: 6 of Level: AccumulationIntermediateOutputRegister
level.active_instances_per_layer[6]: 2048
level.temporal_iterations_per_layer[6]: 4147200
Scaling per layer[6]: 8,493,465,600
Single Tile latency: cc_per_tile_per_layer[6]: 1
Ideal Case, Latency at this level without stalls: cc_per_all_tiles_per_layer[6]: 1
SCALED cc_per_all_tiles_per_layer[6]: 8,493,465,600
level.getReadPerLayer[6](): 8,493,465,600
  (For comparison - full reads including accumulation: 8,493,465,600)
ideal_bandwidth_read_per_layer[6]: 1.0
level.getDrainPerLayer[6](): 29,491,200
ideal_bandwidth_drain_per_layer[6]: 0.003472222222222222
ideal_bandwidth_update_per_layer[6]: 1.0
  (For comparison - full updates including accumulation: 8,493,465,600)
level.getFillPerLayer[6](): 29,491,200
ideal_bandwidth_fill_per_layer[6]: 0.003472222222222222

Latency for layer: 7 of Level: AccumulationIntermediateOutputRegister
level.active_instances_per_layer[7]: 2048
level.temporal_iterations_per_layer[7]: 4147200
Scaling per layer[7]: 8,493,465,600
Single Tile latency: cc_per_tile_per_layer[7]: 1
Ideal Case, Latency at this level without stalls: cc_per_all_tiles_per_layer[7]: 1
SCALED cc_per_all_tiles_per_layer[7]: 8,493,465,600
level.getReadPerLayer[7](): 8,493,465,600
  (For comparison - full reads including accumulation: 8,493,465,600)
ideal_bandwidth_read_per_layer[7]: 1.0
level.getDrainPerLayer[7](): 29,491,200
ideal_bandwidth_drain_per_layer[7]: 0.003472222222222222
ideal_bandwidth_update_per_layer[7]: 1.0
  (For comparison - full updates including accumulation: 8,493,465,600)
level.getFillPerLayer[7](): 29,491,200
ideal_bandwidth_fill_per_layer[7]: 0.003472222222222222

Latency for layer: 8 of Level: AccumulationIntermediateOutputRegister
level.active_instances_per_layer[8]: 2048
level.temporal_iterations_per_layer[8]: 4147200
Scaling per layer[8]: 8,493,465,600
Single Tile latency: cc_per_tile_per_layer[8]: 1
Ideal Case, Latency at this level without stalls: cc_per_all_tiles_per_layer[8]: 1
SCALED cc_per_all_tiles_per_layer[8]: 8,493,465,600
level.getReadPerLayer[8](): 8,493,465,600
  (For comparison - full reads including accumulation: 8,493,465,600)
ideal_bandwidth_read_per_layer[8]: 1.0
level.getDrainPerLayer[8](): 29,491,200
ideal_bandwidth_drain_per_layer[8]: 0.003472222222222222
ideal_bandwidth_update_per_layer[8]: 1.0
  (For comparison - full updates including accumulation: 8,493,465,600)
level.getFillPerLayer[8](): 29,491,200
ideal_bandwidth_fill_per_layer[8]: 0.003472222222222222

Latency for layer: 9 of Level: AccumulationIntermediateOutputRegister
level.active_instances_per_layer[9]: 2048
level.temporal_iterations_per_layer[9]: 4147200
Scaling per layer[9]: 8,493,465,600
Single Tile latency: cc_per_tile_per_layer[9]: 1
Ideal Case, Latency at this level without stalls: cc_per_all_tiles_per_layer[9]: 1
SCALED cc_per_all_tiles_per_layer[9]: 8,493,465,600
level.getReadPerLayer[9](): 8,493,465,600
  (For comparison - full reads including accumulation: 8,493,465,600)
ideal_bandwidth_read_per_layer[9]: 1.0
level.getDrainPerLayer[9](): 29,491,200
ideal_bandwidth_drain_per_layer[9]: 0.003472222222222222
ideal_bandwidth_update_per_layer[9]: 1.0
  (For comparison - full updates including accumulation: 8,493,465,600)
level.getFillPerLayer[9](): 29,491,200
ideal_bandwidth_fill_per_layer[9]: 0.003472222222222222

Latency for layer: 10 of Level: AccumulationIntermediateOutputRegister
level.active_instances_per_layer[10]: 2048
level.temporal_iterations_per_layer[10]: 230400
Scaling per layer[10]: 471,859,200
Single Tile latency: cc_per_tile_per_layer[10]: 1
Ideal Case, Latency at this level without stalls: cc_per_all_tiles_per_layer[10]: 1
SCALED cc_per_all_tiles_per_layer[10]: 471,859,200
level.getReadPerLayer[10](): 457,113,600
  (For comparison - full reads including accumulation: 457,113,600)
ideal_bandwidth_read_per_layer[10]: 0.96875
level.getDrainPerLayer[10](): 14,745,600
ideal_bandwidth_drain_per_layer[10]: 0.03125
ideal_bandwidth_update_per_layer[10]: 1.0
  (For comparison - full updates including accumulation: 471,859,200)
level.getFillPerLayer[10](): 0
ideal_bandwidth_fill_per_layer[10]: 0.0

Start of calculation of latency:


Layer_id: 0 in AccumulationIntermediateOutputRegister

ideal_bandwidth_read_per_layer[0] + ideal_bandwidth_drain_per_layer[0]: 1.074074074074074 vs level.read_bandwidth: 1
I am in Slowdown: Memory Bound
ideal_bandwidth_read_per_layer[0]: 1.037037037037037
ideal_bandwidth_drain_per_layer[0]: 0.037037037037037035
level.read_bandwidth: 1
total data (for bandwidth): 855244800
scaling_per_layer[0]: 796262400
SLOWDOWN CASE latency_read_drain_per_layer[0]: 1.0740740740740742

ideal_bandwidth_fill_per_layer[0] + ideal_bandwidth_update_per_layer[0]: 1.037037037037037 vs level.write_bandwidth: 1
ideal_bandwidth_fill_per_layer[0]: 0.037037037037037035
ideal_bandwidth_update_per_layer[0]: 1.0
level.write_bandwidth: 1
total data (for bandwidth): 825753600
scaling_per_layer[0]: 796262400
SLOWDOWN CASE latency_fill_update_per_layer[0]: 1.037037037037037


Layer_id: 1 in AccumulationIntermediateOutputRegister

ideal_bandwidth_read_per_layer[1] + ideal_bandwidth_drain_per_layer[1]: 1.0034722222222223 vs level.read_bandwidth: 1
I am in Slowdown: Memory Bound
ideal_bandwidth_read_per_layer[1]: 1.0
ideal_bandwidth_drain_per_layer[1]: 0.003472222222222222
level.read_bandwidth: 1
total data (for bandwidth): 8522956800
scaling_per_layer[1]: 8493465600
SLOWDOWN CASE latency_read_drain_per_layer[1]: 1.0034722222222223

ideal_bandwidth_fill_per_layer[1] + ideal_bandwidth_update_per_layer[1]: 1.0034722222222223 vs level.write_bandwidth: 1
ideal_bandwidth_fill_per_layer[1]: 0.003472222222222222
ideal_bandwidth_update_per_layer[1]: 1.0
level.write_bandwidth: 1
total data (for bandwidth): 8522956800
scaling_per_layer[1]: 8493465600
SLOWDOWN CASE latency_fill_update_per_layer[1]: 1.0034722222222223


Layer_id: 2 in AccumulationIntermediateOutputRegister

ideal_bandwidth_read_per_layer[2] + ideal_bandwidth_drain_per_layer[2]: 1.0034722222222223 vs level.read_bandwidth: 1
I am in Slowdown: Memory Bound
ideal_bandwidth_read_per_layer[2]: 1.0
ideal_bandwidth_drain_per_layer[2]: 0.003472222222222222
level.read_bandwidth: 1
total data (for bandwidth): 8522956800
scaling_per_layer[2]: 8493465600
SLOWDOWN CASE latency_read_drain_per_layer[2]: 1.0034722222222223

ideal_bandwidth_fill_per_layer[2] + ideal_bandwidth_update_per_layer[2]: 1.0034722222222223 vs level.write_bandwidth: 1
ideal_bandwidth_fill_per_layer[2]: 0.003472222222222222
ideal_bandwidth_update_per_layer[2]: 1.0
level.write_bandwidth: 1
total data (for bandwidth): 8522956800
scaling_per_layer[2]: 8493465600
SLOWDOWN CASE latency_fill_update_per_layer[2]: 1.0034722222222223


Layer_id: 3 in AccumulationIntermediateOutputRegister

ideal_bandwidth_read_per_layer[3] + ideal_bandwidth_drain_per_layer[3]: 1.0034722222222223 vs level.read_bandwidth: 1
I am in Slowdown: Memory Bound
ideal_bandwidth_read_per_layer[3]: 1.0
ideal_bandwidth_drain_per_layer[3]: 0.003472222222222222
level.read_bandwidth: 1
total data (for bandwidth): 8522956800
scaling_per_layer[3]: 8493465600
SLOWDOWN CASE latency_read_drain_per_layer[3]: 1.0034722222222223

ideal_bandwidth_fill_per_layer[3] + ideal_bandwidth_update_per_layer[3]: 1.0034722222222223 vs level.write_bandwidth: 1
ideal_bandwidth_fill_per_layer[3]: 0.003472222222222222
ideal_bandwidth_update_per_layer[3]: 1.0
level.write_bandwidth: 1
total data (for bandwidth): 8522956800
scaling_per_layer[3]: 8493465600
SLOWDOWN CASE latency_fill_update_per_layer[3]: 1.0034722222222223


Layer_id: 4 in AccumulationIntermediateOutputRegister

ideal_bandwidth_read_per_layer[4] + ideal_bandwidth_drain_per_layer[4]: 1.0034722222222223 vs level.read_bandwidth: 1
I am in Slowdown: Memory Bound
ideal_bandwidth_read_per_layer[4]: 1.0
ideal_bandwidth_drain_per_layer[4]: 0.003472222222222222
level.read_bandwidth: 1
total data (for bandwidth): 8522956800
scaling_per_layer[4]: 8493465600
SLOWDOWN CASE latency_read_drain_per_layer[4]: 1.0034722222222223

ideal_bandwidth_fill_per_layer[4] + ideal_bandwidth_update_per_layer[4]: 1.0034722222222223 vs level.write_bandwidth: 1
ideal_bandwidth_fill_per_layer[4]: 0.003472222222222222
ideal_bandwidth_update_per_layer[4]: 1.0
level.write_bandwidth: 1
total data (for bandwidth): 8522956800
scaling_per_layer[4]: 8493465600
SLOWDOWN CASE latency_fill_update_per_layer[4]: 1.0034722222222223


Layer_id: 5 in AccumulationIntermediateOutputRegister

ideal_bandwidth_read_per_layer[5] + ideal_bandwidth_drain_per_layer[5]: 1.0034722222222223 vs level.read_bandwidth: 1
I am in Slowdown: Memory Bound
ideal_bandwidth_read_per_layer[5]: 1.0
ideal_bandwidth_drain_per_layer[5]: 0.003472222222222222
level.read_bandwidth: 1
total data (for bandwidth): 8522956800
scaling_per_layer[5]: 8493465600
SLOWDOWN CASE latency_read_drain_per_layer[5]: 1.0034722222222223

ideal_bandwidth_fill_per_layer[5] + ideal_bandwidth_update_per_layer[5]: 1.0034722222222223 vs level.write_bandwidth: 1
ideal_bandwidth_fill_per_layer[5]: 0.003472222222222222
ideal_bandwidth_update_per_layer[5]: 1.0
level.write_bandwidth: 1
total data (for bandwidth): 8522956800
scaling_per_layer[5]: 8493465600
SLOWDOWN CASE latency_fill_update_per_layer[5]: 1.0034722222222223


Layer_id: 6 in AccumulationIntermediateOutputRegister

ideal_bandwidth_read_per_layer[6] + ideal_bandwidth_drain_per_layer[6]: 1.0034722222222223 vs level.read_bandwidth: 1
I am in Slowdown: Memory Bound
ideal_bandwidth_read_per_layer[6]: 1.0
ideal_bandwidth_drain_per_layer[6]: 0.003472222222222222
level.read_bandwidth: 1
total data (for bandwidth): 8522956800
scaling_per_layer[6]: 8493465600
SLOWDOWN CASE latency_read_drain_per_layer[6]: 1.0034722222222223

ideal_bandwidth_fill_per_layer[6] + ideal_bandwidth_update_per_layer[6]: 1.0034722222222223 vs level.write_bandwidth: 1
ideal_bandwidth_fill_per_layer[6]: 0.003472222222222222
ideal_bandwidth_update_per_layer[6]: 1.0
level.write_bandwidth: 1
total data (for bandwidth): 8522956800
scaling_per_layer[6]: 8493465600
SLOWDOWN CASE latency_fill_update_per_layer[6]: 1.0034722222222223


Layer_id: 7 in AccumulationIntermediateOutputRegister

ideal_bandwidth_read_per_layer[7] + ideal_bandwidth_drain_per_layer[7]: 1.0034722222222223 vs level.read_bandwidth: 1
I am in Slowdown: Memory Bound
ideal_bandwidth_read_per_layer[7]: 1.0
ideal_bandwidth_drain_per_layer[7]: 0.003472222222222222
level.read_bandwidth: 1
total data (for bandwidth): 8522956800
scaling_per_layer[7]: 8493465600
SLOWDOWN CASE latency_read_drain_per_layer[7]: 1.0034722222222223

ideal_bandwidth_fill_per_layer[7] + ideal_bandwidth_update_per_layer[7]: 1.0034722222222223 vs level.write_bandwidth: 1
ideal_bandwidth_fill_per_layer[7]: 0.003472222222222222
ideal_bandwidth_update_per_layer[7]: 1.0
level.write_bandwidth: 1
total data (for bandwidth): 8522956800
scaling_per_layer[7]: 8493465600
SLOWDOWN CASE latency_fill_update_per_layer[7]: 1.0034722222222223


Layer_id: 8 in AccumulationIntermediateOutputRegister

ideal_bandwidth_read_per_layer[8] + ideal_bandwidth_drain_per_layer[8]: 1.0034722222222223 vs level.read_bandwidth: 1
I am in Slowdown: Memory Bound
ideal_bandwidth_read_per_layer[8]: 1.0
ideal_bandwidth_drain_per_layer[8]: 0.003472222222222222
level.read_bandwidth: 1
total data (for bandwidth): 8522956800
scaling_per_layer[8]: 8493465600
SLOWDOWN CASE latency_read_drain_per_layer[8]: 1.0034722222222223

ideal_bandwidth_fill_per_layer[8] + ideal_bandwidth_update_per_layer[8]: 1.0034722222222223 vs level.write_bandwidth: 1
ideal_bandwidth_fill_per_layer[8]: 0.003472222222222222
ideal_bandwidth_update_per_layer[8]: 1.0
level.write_bandwidth: 1
total data (for bandwidth): 8522956800
scaling_per_layer[8]: 8493465600
SLOWDOWN CASE latency_fill_update_per_layer[8]: 1.0034722222222223


Layer_id: 9 in AccumulationIntermediateOutputRegister

ideal_bandwidth_read_per_layer[9] + ideal_bandwidth_drain_per_layer[9]: 1.0034722222222223 vs level.read_bandwidth: 1
I am in Slowdown: Memory Bound
ideal_bandwidth_read_per_layer[9]: 1.0
ideal_bandwidth_drain_per_layer[9]: 0.003472222222222222
level.read_bandwidth: 1
total data (for bandwidth): 8522956800
scaling_per_layer[9]: 8493465600
SLOWDOWN CASE latency_read_drain_per_layer[9]: 1.0034722222222223

ideal_bandwidth_fill_per_layer[9] + ideal_bandwidth_update_per_layer[9]: 1.0034722222222223 vs level.write_bandwidth: 1
ideal_bandwidth_fill_per_layer[9]: 0.003472222222222222
ideal_bandwidth_update_per_layer[9]: 1.0
level.write_bandwidth: 1
total data (for bandwidth): 8522956800
scaling_per_layer[9]: 8493465600
SLOWDOWN CASE latency_fill_update_per_layer[9]: 1.0034722222222223


Layer_id: 10 in AccumulationIntermediateOutputRegister

ideal_bandwidth_read_per_layer[10] + ideal_bandwidth_drain_per_layer[10]: 1.0 vs level.read_bandwidth: 1
I am in Compute Bound
cc_per_all_tiles_per_layer[10]: 1
STANDARD CASE latency_read_drain_per_layer[10]: 1

ideal_bandwidth_fill_per_layer[10] + ideal_bandwidth_update_per_layer[10]: 1.0 vs level.write_bandwidth: 1
previous_fanout_pe_to_pe_warmup: 0
STANDARD CASE latency_fill_update_per_layer[10]: 1

End of calculation of latency.

Calculating per tile final latency and stall for layer 0 in AccumulationIntermediateOutputRegister: latency_read_drain_per_layer[0] = 1.0740740740740742, latency_fill_update_per_layer[0] = 1.037037037037037
Final per tile latency_per_layer[0]: 1
Final per tile stall_cycles_per_layer[0]: 0
Ideal case: no stall introduced by this level per this layer: cc_per_all_tiles_per_layer[0]: 1
Calculating per tile final latency and stall for layer 1 in AccumulationIntermediateOutputRegister: latency_read_drain_per_layer[1] = 1.0034722222222223, latency_fill_update_per_layer[1] = 1.0034722222222223
Final per tile latency_per_layer[1]: 1
Final per tile stall_cycles_per_layer[1]: 0
Ideal case: no stall introduced by this level per this layer: cc_per_all_tiles_per_layer[1]: 1
Calculating per tile final latency and stall for layer 2 in AccumulationIntermediateOutputRegister: latency_read_drain_per_layer[2] = 1.0034722222222223, latency_fill_update_per_layer[2] = 1.0034722222222223
Final per tile latency_per_layer[2]: 1
Final per tile stall_cycles_per_layer[2]: 0
Ideal case: no stall introduced by this level per this layer: cc_per_all_tiles_per_layer[2]: 1
Calculating per tile final latency and stall for layer 3 in AccumulationIntermediateOutputRegister: latency_read_drain_per_layer[3] = 1.0034722222222223, latency_fill_update_per_layer[3] = 1.0034722222222223
Final per tile latency_per_layer[3]: 1
Final per tile stall_cycles_per_layer[3]: 0
Ideal case: no stall introduced by this level per this layer: cc_per_all_tiles_per_layer[3]: 1
Calculating per tile final latency and stall for layer 4 in AccumulationIntermediateOutputRegister: latency_read_drain_per_layer[4] = 1.0034722222222223, latency_fill_update_per_layer[4] = 1.0034722222222223
Final per tile latency_per_layer[4]: 1
Final per tile stall_cycles_per_layer[4]: 0
Ideal case: no stall introduced by this level per this layer: cc_per_all_tiles_per_layer[4]: 1
Calculating per tile final latency and stall for layer 5 in AccumulationIntermediateOutputRegister: latency_read_drain_per_layer[5] = 1.0034722222222223, latency_fill_update_per_layer[5] = 1.0034722222222223
Final per tile latency_per_layer[5]: 1
Final per tile stall_cycles_per_layer[5]: 0
Ideal case: no stall introduced by this level per this layer: cc_per_all_tiles_per_layer[5]: 1
Calculating per tile final latency and stall for layer 6 in AccumulationIntermediateOutputRegister: latency_read_drain_per_layer[6] = 1.0034722222222223, latency_fill_update_per_layer[6] = 1.0034722222222223
Final per tile latency_per_layer[6]: 1
Final per tile stall_cycles_per_layer[6]: 0
Ideal case: no stall introduced by this level per this layer: cc_per_all_tiles_per_layer[6]: 1
Calculating per tile final latency and stall for layer 7 in AccumulationIntermediateOutputRegister: latency_read_drain_per_layer[7] = 1.0034722222222223, latency_fill_update_per_layer[7] = 1.0034722222222223
Final per tile latency_per_layer[7]: 1
Final per tile stall_cycles_per_layer[7]: 0
Ideal case: no stall introduced by this level per this layer: cc_per_all_tiles_per_layer[7]: 1
Calculating per tile final latency and stall for layer 8 in AccumulationIntermediateOutputRegister: latency_read_drain_per_layer[8] = 1.0034722222222223, latency_fill_update_per_layer[8] = 1.0034722222222223
Final per tile latency_per_layer[8]: 1
Final per tile stall_cycles_per_layer[8]: 0
Ideal case: no stall introduced by this level per this layer: cc_per_all_tiles_per_layer[8]: 1
Calculating per tile final latency and stall for layer 9 in AccumulationIntermediateOutputRegister: latency_read_drain_per_layer[9] = 1.0034722222222223, latency_fill_update_per_layer[9] = 1.0034722222222223
Final per tile latency_per_layer[9]: 1
Final per tile stall_cycles_per_layer[9]: 0
Ideal case: no stall introduced by this level per this layer: cc_per_all_tiles_per_layer[9]: 1
Calculating per tile final latency and stall for layer 10 in AccumulationIntermediateOutputRegister: latency_read_drain_per_layer[10] = 1, latency_fill_update_per_layer[10] = 1
Final per tile latency_per_layer[10]: 1
Final per tile stall_cycles_per_layer[10]: 0
Ideal case: no stall introduced by this level per this layer: cc_per_all_tiles_per_layer[10]: 1


Calculating Latency for Level: WeightMemory

Latency for layer: 0 of Level: WeightMemory
level.active_instances_per_layer[0]: 1
level.temporal_iterations_per_layer[0]: 7200
Scaling per layer[0]: 7,200
Single Tile latency: cc_per_tile_per_layer[0]: 1.0740740740740742
Ideal Case, Latency at this level without stalls: cc_per_all_tiles_per_layer[0]: 58.00000000000001
SCALED cc_per_all_tiles_per_layer[0]: 417,600
level.getReadPerLayer[0](): 6,220,800
  (For comparison - full reads including accumulation: 6,220,800)
ideal_bandwidth_read_per_layer[0]: 14.896551724137929
level.getDrainPerLayer[0](): 0
ideal_bandwidth_drain_per_layer[0]: 0.0
ideal_bandwidth_update_per_layer[0]: 0.0
  (For comparison - full updates including accumulation: 0)
level.getFillPerLayer[0](): 864
ideal_bandwidth_fill_per_layer[0]: 0.002068965517241379

Latency for layer: 1 of Level: WeightMemory
level.active_instances_per_layer[1]: 1
level.temporal_iterations_per_layer[1]: 7200
Scaling per layer[1]: 7,200
Single Tile latency: cc_per_tile_per_layer[1]: 1.0034722222222223
Ideal Case, Latency at this level without stalls: cc_per_all_tiles_per_layer[1]: 578.0
SCALED cc_per_all_tiles_per_layer[1]: 4,161,600
level.getReadPerLayer[1](): 66,355,200
  (For comparison - full reads including accumulation: 66,355,200)
ideal_bandwidth_read_per_layer[1]: 15.944636678200691
level.getDrainPerLayer[1](): 0
ideal_bandwidth_drain_per_layer[1]: 0.0
ideal_bandwidth_update_per_layer[1]: 0.0
  (For comparison - full updates including accumulation: 0)
level.getFillPerLayer[1](): 9,216
ideal_bandwidth_fill_per_layer[1]: 0.0022145328719723185

Latency for layer: 2 of Level: WeightMemory
level.active_instances_per_layer[2]: 1
level.temporal_iterations_per_layer[2]: 7200
Scaling per layer[2]: 7,200
Single Tile latency: cc_per_tile_per_layer[2]: 1.0034722222222223
Ideal Case, Latency at this level without stalls: cc_per_all_tiles_per_layer[2]: 578.0
SCALED cc_per_all_tiles_per_layer[2]: 4,161,600
level.getReadPerLayer[2](): 66,355,200
  (For comparison - full reads including accumulation: 66,355,200)
ideal_bandwidth_read_per_layer[2]: 15.944636678200691
level.getDrainPerLayer[2](): 0
ideal_bandwidth_drain_per_layer[2]: 0.0
ideal_bandwidth_update_per_layer[2]: 0.0
  (For comparison - full updates including accumulation: 0)
level.getFillPerLayer[2](): 9,216
ideal_bandwidth_fill_per_layer[2]: 0.0022145328719723185

Latency for layer: 3 of Level: WeightMemory
level.active_instances_per_layer[3]: 1
level.temporal_iterations_per_layer[3]: 7200
Scaling per layer[3]: 7,200
Single Tile latency: cc_per_tile_per_layer[3]: 1.0034722222222223
Ideal Case, Latency at this level without stalls: cc_per_all_tiles_per_layer[3]: 578.0
SCALED cc_per_all_tiles_per_layer[3]: 4,161,600
level.getReadPerLayer[3](): 66,355,200
  (For comparison - full reads including accumulation: 66,355,200)
ideal_bandwidth_read_per_layer[3]: 15.944636678200691
level.getDrainPerLayer[3](): 0
ideal_bandwidth_drain_per_layer[3]: 0.0
ideal_bandwidth_update_per_layer[3]: 0.0
  (For comparison - full updates including accumulation: 0)
level.getFillPerLayer[3](): 9,216
ideal_bandwidth_fill_per_layer[3]: 0.0022145328719723185

Latency for layer: 4 of Level: WeightMemory
level.active_instances_per_layer[4]: 1
level.temporal_iterations_per_layer[4]: 7200
Scaling per layer[4]: 7,200
Single Tile latency: cc_per_tile_per_layer[4]: 1.0034722222222223
Ideal Case, Latency at this level without stalls: cc_per_all_tiles_per_layer[4]: 578.0
SCALED cc_per_all_tiles_per_layer[4]: 4,161,600
level.getReadPerLayer[4](): 66,355,200
  (For comparison - full reads including accumulation: 66,355,200)
ideal_bandwidth_read_per_layer[4]: 15.944636678200691
level.getDrainPerLayer[4](): 0
ideal_bandwidth_drain_per_layer[4]: 0.0
ideal_bandwidth_update_per_layer[4]: 0.0
  (For comparison - full updates including accumulation: 0)
level.getFillPerLayer[4](): 9,216
ideal_bandwidth_fill_per_layer[4]: 0.0022145328719723185

Latency for layer: 5 of Level: WeightMemory
level.active_instances_per_layer[5]: 1
level.temporal_iterations_per_layer[5]: 7200
Scaling per layer[5]: 7,200
Single Tile latency: cc_per_tile_per_layer[5]: 1.0034722222222223
Ideal Case, Latency at this level without stalls: cc_per_all_tiles_per_layer[5]: 578.0
SCALED cc_per_all_tiles_per_layer[5]: 4,161,600
level.getReadPerLayer[5](): 66,355,200
  (For comparison - full reads including accumulation: 66,355,200)
ideal_bandwidth_read_per_layer[5]: 15.944636678200691
level.getDrainPerLayer[5](): 0
ideal_bandwidth_drain_per_layer[5]: 0.0
ideal_bandwidth_update_per_layer[5]: 0.0
  (For comparison - full updates including accumulation: 0)
level.getFillPerLayer[5](): 9,216
ideal_bandwidth_fill_per_layer[5]: 0.0022145328719723185

Latency for layer: 6 of Level: WeightMemory
level.active_instances_per_layer[6]: 1
level.temporal_iterations_per_layer[6]: 7200
Scaling per layer[6]: 7,200
Single Tile latency: cc_per_tile_per_layer[6]: 1.0034722222222223
Ideal Case, Latency at this level without stalls: cc_per_all_tiles_per_layer[6]: 578.0
SCALED cc_per_all_tiles_per_layer[6]: 4,161,600
level.getReadPerLayer[6](): 66,355,200
  (For comparison - full reads including accumulation: 66,355,200)
ideal_bandwidth_read_per_layer[6]: 15.944636678200691
level.getDrainPerLayer[6](): 0
ideal_bandwidth_drain_per_layer[6]: 0.0
ideal_bandwidth_update_per_layer[6]: 0.0
  (For comparison - full updates including accumulation: 0)
level.getFillPerLayer[6](): 9,216
ideal_bandwidth_fill_per_layer[6]: 0.0022145328719723185

Latency for layer: 7 of Level: WeightMemory
level.active_instances_per_layer[7]: 1
level.temporal_iterations_per_layer[7]: 7200
Scaling per layer[7]: 7,200
Single Tile latency: cc_per_tile_per_layer[7]: 1.0034722222222223
Ideal Case, Latency at this level without stalls: cc_per_all_tiles_per_layer[7]: 578.0
SCALED cc_per_all_tiles_per_layer[7]: 4,161,600
level.getReadPerLayer[7](): 66,355,200
  (For comparison - full reads including accumulation: 66,355,200)
ideal_bandwidth_read_per_layer[7]: 15.944636678200691
level.getDrainPerLayer[7](): 0
ideal_bandwidth_drain_per_layer[7]: 0.0
ideal_bandwidth_update_per_layer[7]: 0.0
  (For comparison - full updates including accumulation: 0)
level.getFillPerLayer[7](): 9,216
ideal_bandwidth_fill_per_layer[7]: 0.0022145328719723185

Latency for layer: 8 of Level: WeightMemory
level.active_instances_per_layer[8]: 1
level.temporal_iterations_per_layer[8]: 7200
Scaling per layer[8]: 7,200
Single Tile latency: cc_per_tile_per_layer[8]: 1.0034722222222223
Ideal Case, Latency at this level without stalls: cc_per_all_tiles_per_layer[8]: 578.0
SCALED cc_per_all_tiles_per_layer[8]: 4,161,600
level.getReadPerLayer[8](): 66,355,200
  (For comparison - full reads including accumulation: 66,355,200)
ideal_bandwidth_read_per_layer[8]: 15.944636678200691
level.getDrainPerLayer[8](): 0
ideal_bandwidth_drain_per_layer[8]: 0.0
ideal_bandwidth_update_per_layer[8]: 0.0
  (For comparison - full updates including accumulation: 0)
level.getFillPerLayer[8](): 9,216
ideal_bandwidth_fill_per_layer[8]: 0.0022145328719723185

Latency for layer: 9 of Level: WeightMemory
level.active_instances_per_layer[9]: 1
level.temporal_iterations_per_layer[9]: 7200
Scaling per layer[9]: 7,200
Single Tile latency: cc_per_tile_per_layer[9]: 1.0034722222222223
Ideal Case, Latency at this level without stalls: cc_per_all_tiles_per_layer[9]: 578.0
SCALED cc_per_all_tiles_per_layer[9]: 4,161,600
level.getReadPerLayer[9](): 66,355,200
  (For comparison - full reads including accumulation: 66,355,200)
ideal_bandwidth_read_per_layer[9]: 15.944636678200691
level.getDrainPerLayer[9](): 0
ideal_bandwidth_drain_per_layer[9]: 0.0
ideal_bandwidth_update_per_layer[9]: 0.0
  (For comparison - full updates including accumulation: 0)
level.getFillPerLayer[9](): 9,216
ideal_bandwidth_fill_per_layer[9]: 0.0022145328719723185

Latency for layer: 10 of Level: WeightMemory
level.active_instances_per_layer[10]: 1
level.temporal_iterations_per_layer[10]: 7200
Scaling per layer[10]: 7,200
Single Tile latency: cc_per_tile_per_layer[10]: 1
Ideal Case, Latency at this level without stalls: cc_per_all_tiles_per_layer[10]: 32
SCALED cc_per_all_tiles_per_layer[10]: 230,400
level.getReadPerLayer[10](): 3,686,400
  (For comparison - full reads including accumulation: 3,686,400)
ideal_bandwidth_read_per_layer[10]: 16.0
level.getDrainPerLayer[10](): 0
ideal_bandwidth_drain_per_layer[10]: 0.0
ideal_bandwidth_update_per_layer[10]: 0.0
  (For comparison - full updates including accumulation: 0)
level.getFillPerLayer[10](): 512
ideal_bandwidth_fill_per_layer[10]: 0.0022222222222222222

Start of calculation of latency:


Layer_id: 0 in WeightMemory

ideal_bandwidth_read_per_layer[0] + ideal_bandwidth_drain_per_layer[0]: 14.896551724137929 vs level.read_bandwidth: 16.0
I am in Compute Bound
cc_per_all_tiles_per_layer[0]: 58.00000000000001
STANDARD CASE latency_read_drain_per_layer[0]: 58.00000000000001

ideal_bandwidth_fill_per_layer[0] + ideal_bandwidth_update_per_layer[0]: 0.002068965517241379 vs level.write_bandwidth: 16.0
previous_fanout_pe_to_pe_warmup: 0
STANDARD CASE latency_fill_update_per_layer[0]: 58.00000000000001


Layer_id: 1 in WeightMemory

ideal_bandwidth_read_per_layer[1] + ideal_bandwidth_drain_per_layer[1]: 15.944636678200691 vs level.read_bandwidth: 16.0
I am in Compute Bound
cc_per_all_tiles_per_layer[1]: 578.0
STANDARD CASE latency_read_drain_per_layer[1]: 578.0

ideal_bandwidth_fill_per_layer[1] + ideal_bandwidth_update_per_layer[1]: 0.0022145328719723185 vs level.write_bandwidth: 16.0
previous_fanout_pe_to_pe_warmup: 0
STANDARD CASE latency_fill_update_per_layer[1]: 578.0


Layer_id: 2 in WeightMemory

ideal_bandwidth_read_per_layer[2] + ideal_bandwidth_drain_per_layer[2]: 15.944636678200691 vs level.read_bandwidth: 16.0
I am in Compute Bound
cc_per_all_tiles_per_layer[2]: 578.0
STANDARD CASE latency_read_drain_per_layer[2]: 578.0

ideal_bandwidth_fill_per_layer[2] + ideal_bandwidth_update_per_layer[2]: 0.0022145328719723185 vs level.write_bandwidth: 16.0
previous_fanout_pe_to_pe_warmup: 0
STANDARD CASE latency_fill_update_per_layer[2]: 578.0


Layer_id: 3 in WeightMemory

ideal_bandwidth_read_per_layer[3] + ideal_bandwidth_drain_per_layer[3]: 15.944636678200691 vs level.read_bandwidth: 16.0
I am in Compute Bound
cc_per_all_tiles_per_layer[3]: 578.0
STANDARD CASE latency_read_drain_per_layer[3]: 578.0

ideal_bandwidth_fill_per_layer[3] + ideal_bandwidth_update_per_layer[3]: 0.0022145328719723185 vs level.write_bandwidth: 16.0
previous_fanout_pe_to_pe_warmup: 0
STANDARD CASE latency_fill_update_per_layer[3]: 578.0


Layer_id: 4 in WeightMemory

ideal_bandwidth_read_per_layer[4] + ideal_bandwidth_drain_per_layer[4]: 15.944636678200691 vs level.read_bandwidth: 16.0
I am in Compute Bound
cc_per_all_tiles_per_layer[4]: 578.0
STANDARD CASE latency_read_drain_per_layer[4]: 578.0

ideal_bandwidth_fill_per_layer[4] + ideal_bandwidth_update_per_layer[4]: 0.0022145328719723185 vs level.write_bandwidth: 16.0
previous_fanout_pe_to_pe_warmup: 0
STANDARD CASE latency_fill_update_per_layer[4]: 578.0


Layer_id: 5 in WeightMemory

ideal_bandwidth_read_per_layer[5] + ideal_bandwidth_drain_per_layer[5]: 15.944636678200691 vs level.read_bandwidth: 16.0
I am in Compute Bound
cc_per_all_tiles_per_layer[5]: 578.0
STANDARD CASE latency_read_drain_per_layer[5]: 578.0

ideal_bandwidth_fill_per_layer[5] + ideal_bandwidth_update_per_layer[5]: 0.0022145328719723185 vs level.write_bandwidth: 16.0
previous_fanout_pe_to_pe_warmup: 0
STANDARD CASE latency_fill_update_per_layer[5]: 578.0


Layer_id: 6 in WeightMemory

ideal_bandwidth_read_per_layer[6] + ideal_bandwidth_drain_per_layer[6]: 15.944636678200691 vs level.read_bandwidth: 16.0
I am in Compute Bound
cc_per_all_tiles_per_layer[6]: 578.0
STANDARD CASE latency_read_drain_per_layer[6]: 578.0

ideal_bandwidth_fill_per_layer[6] + ideal_bandwidth_update_per_layer[6]: 0.0022145328719723185 vs level.write_bandwidth: 16.0
previous_fanout_pe_to_pe_warmup: 0
STANDARD CASE latency_fill_update_per_layer[6]: 578.0


Layer_id: 7 in WeightMemory

ideal_bandwidth_read_per_layer[7] + ideal_bandwidth_drain_per_layer[7]: 15.944636678200691 vs level.read_bandwidth: 16.0
I am in Compute Bound
cc_per_all_tiles_per_layer[7]: 578.0
STANDARD CASE latency_read_drain_per_layer[7]: 578.0

ideal_bandwidth_fill_per_layer[7] + ideal_bandwidth_update_per_layer[7]: 0.0022145328719723185 vs level.write_bandwidth: 16.0
previous_fanout_pe_to_pe_warmup: 0
STANDARD CASE latency_fill_update_per_layer[7]: 578.0


Layer_id: 8 in WeightMemory

ideal_bandwidth_read_per_layer[8] + ideal_bandwidth_drain_per_layer[8]: 15.944636678200691 vs level.read_bandwidth: 16.0
I am in Compute Bound
cc_per_all_tiles_per_layer[8]: 578.0
STANDARD CASE latency_read_drain_per_layer[8]: 578.0

ideal_bandwidth_fill_per_layer[8] + ideal_bandwidth_update_per_layer[8]: 0.0022145328719723185 vs level.write_bandwidth: 16.0
previous_fanout_pe_to_pe_warmup: 0
STANDARD CASE latency_fill_update_per_layer[8]: 578.0


Layer_id: 9 in WeightMemory

ideal_bandwidth_read_per_layer[9] + ideal_bandwidth_drain_per_layer[9]: 15.944636678200691 vs level.read_bandwidth: 16.0
I am in Compute Bound
cc_per_all_tiles_per_layer[9]: 578.0
STANDARD CASE latency_read_drain_per_layer[9]: 578.0

ideal_bandwidth_fill_per_layer[9] + ideal_bandwidth_update_per_layer[9]: 0.0022145328719723185 vs level.write_bandwidth: 16.0
previous_fanout_pe_to_pe_warmup: 0
STANDARD CASE latency_fill_update_per_layer[9]: 578.0


Layer_id: 10 in WeightMemory

ideal_bandwidth_read_per_layer[10] + ideal_bandwidth_drain_per_layer[10]: 16.0 vs level.read_bandwidth: 16.0
I am in Compute Bound
cc_per_all_tiles_per_layer[10]: 32
STANDARD CASE latency_read_drain_per_layer[10]: 32

ideal_bandwidth_fill_per_layer[10] + ideal_bandwidth_update_per_layer[10]: 0.0022222222222222222 vs level.write_bandwidth: 16.0
previous_fanout_pe_to_pe_warmup: 0
STANDARD CASE latency_fill_update_per_layer[10]: 32

End of calculation of latency.

Calculating per tile final latency and stall for layer 0 in WeightMemory: latency_read_drain_per_layer[0] = 58.00000000000001, latency_fill_update_per_layer[0] = 58.00000000000001
Final per tile latency_per_layer[0]: 58
Final per tile stall_cycles_per_layer[0]: 0
Ideal case: no stall introduced by this level per this layer: cc_per_all_tiles_per_layer[0]: 58
Calculating per tile final latency and stall for layer 1 in WeightMemory: latency_read_drain_per_layer[1] = 578.0, latency_fill_update_per_layer[1] = 578.0
Final per tile latency_per_layer[1]: 578
Final per tile stall_cycles_per_layer[1]: 0
Ideal case: no stall introduced by this level per this layer: cc_per_all_tiles_per_layer[1]: 578
Calculating per tile final latency and stall for layer 2 in WeightMemory: latency_read_drain_per_layer[2] = 578.0, latency_fill_update_per_layer[2] = 578.0
Final per tile latency_per_layer[2]: 578
Final per tile stall_cycles_per_layer[2]: 0
Ideal case: no stall introduced by this level per this layer: cc_per_all_tiles_per_layer[2]: 578
Calculating per tile final latency and stall for layer 3 in WeightMemory: latency_read_drain_per_layer[3] = 578.0, latency_fill_update_per_layer[3] = 578.0
Final per tile latency_per_layer[3]: 578
Final per tile stall_cycles_per_layer[3]: 0
Ideal case: no stall introduced by this level per this layer: cc_per_all_tiles_per_layer[3]: 578
Calculating per tile final latency and stall for layer 4 in WeightMemory: latency_read_drain_per_layer[4] = 578.0, latency_fill_update_per_layer[4] = 578.0
Final per tile latency_per_layer[4]: 578
Final per tile stall_cycles_per_layer[4]: 0
Ideal case: no stall introduced by this level per this layer: cc_per_all_tiles_per_layer[4]: 578
Calculating per tile final latency and stall for layer 5 in WeightMemory: latency_read_drain_per_layer[5] = 578.0, latency_fill_update_per_layer[5] = 578.0
Final per tile latency_per_layer[5]: 578
Final per tile stall_cycles_per_layer[5]: 0
Ideal case: no stall introduced by this level per this layer: cc_per_all_tiles_per_layer[5]: 578
Calculating per tile final latency and stall for layer 6 in WeightMemory: latency_read_drain_per_layer[6] = 578.0, latency_fill_update_per_layer[6] = 578.0
Final per tile latency_per_layer[6]: 578
Final per tile stall_cycles_per_layer[6]: 0
Ideal case: no stall introduced by this level per this layer: cc_per_all_tiles_per_layer[6]: 578
Calculating per tile final latency and stall for layer 7 in WeightMemory: latency_read_drain_per_layer[7] = 578.0, latency_fill_update_per_layer[7] = 578.0
Final per tile latency_per_layer[7]: 578
Final per tile stall_cycles_per_layer[7]: 0
Ideal case: no stall introduced by this level per this layer: cc_per_all_tiles_per_layer[7]: 578
Calculating per tile final latency and stall for layer 8 in WeightMemory: latency_read_drain_per_layer[8] = 578.0, latency_fill_update_per_layer[8] = 578.0
Final per tile latency_per_layer[8]: 578
Final per tile stall_cycles_per_layer[8]: 0
Ideal case: no stall introduced by this level per this layer: cc_per_all_tiles_per_layer[8]: 578
Calculating per tile final latency and stall for layer 9 in WeightMemory: latency_read_drain_per_layer[9] = 578.0, latency_fill_update_per_layer[9] = 578.0
Final per tile latency_per_layer[9]: 578
Final per tile stall_cycles_per_layer[9]: 0
Ideal case: no stall introduced by this level per this layer: cc_per_all_tiles_per_layer[9]: 578
Calculating per tile final latency and stall for layer 10 in WeightMemory: latency_read_drain_per_layer[10] = 32, latency_fill_update_per_layer[10] = 32
Final per tile latency_per_layer[10]: 32
Final per tile stall_cycles_per_layer[10]: 0
Ideal case: no stall introduced by this level per this layer: cc_per_all_tiles_per_layer[10]: 32


Calculating Latency for Level: FeatureMemory

Latency for layer: 0 of Level: FeatureMemory
level.active_instances_per_layer[0]: 1
level.temporal_iterations_per_layer[0]: 7200
Scaling per layer[0]: 7,200
Single Tile latency: cc_per_tile_per_layer[0]: 58.00000000000001
Ideal Case, Latency at this level without stalls: cc_per_all_tiles_per_layer[0]: 58.00000000000001
SCALED cc_per_all_tiles_per_layer[0]: 417,600
level.getReadPerLayer[0](): 79,257,600
  (For comparison - full reads including accumulation: 79,257,600)
ideal_bandwidth_read_per_layer[0]: 189.79310344827584
level.getDrainPerLayer[0](): 0
ideal_bandwidth_drain_per_layer[0]: 0.0
ideal_bandwidth_update_per_layer[0]: 70.6206896551724
  (For comparison - full updates including accumulation: 29,491,200)
level.getFillPerLayer[0](): 2,764,800
ideal_bandwidth_fill_per_layer[0]: 6.620689655172413

Latency for layer: 1 of Level: FeatureMemory
level.active_instances_per_layer[1]: 1
level.temporal_iterations_per_layer[1]: 7200
Scaling per layer[1]: 7,200
Single Tile latency: cc_per_tile_per_layer[1]: 578.0
Ideal Case, Latency at this level without stalls: cc_per_all_tiles_per_layer[1]: 578.0
SCALED cc_per_all_tiles_per_layer[1]: 4,161,600
level.getReadPerLayer[1](): 560,332,800
  (For comparison - full reads including accumulation: 560,332,800)
ideal_bandwidth_read_per_layer[1]: 134.64359861591694
level.getDrainPerLayer[1](): 0
ideal_bandwidth_drain_per_layer[1]: 0.0
ideal_bandwidth_update_per_layer[1]: 7.086505190311419
  (For comparison - full updates including accumulation: 29,491,200)
level.getFillPerLayer[1](): 0
ideal_bandwidth_fill_per_layer[1]: 0.0

Latency for layer: 2 of Level: FeatureMemory
level.active_instances_per_layer[2]: 1
level.temporal_iterations_per_layer[2]: 7200
Scaling per layer[2]: 7,200
Single Tile latency: cc_per_tile_per_layer[2]: 578.0
Ideal Case, Latency at this level without stalls: cc_per_all_tiles_per_layer[2]: 578.0
SCALED cc_per_all_tiles_per_layer[2]: 4,161,600
level.getReadPerLayer[2](): 560,332,800
  (For comparison - full reads including accumulation: 560,332,800)
ideal_bandwidth_read_per_layer[2]: 134.64359861591694
level.getDrainPerLayer[2](): 0
ideal_bandwidth_drain_per_layer[2]: 0.0
ideal_bandwidth_update_per_layer[2]: 7.086505190311419
  (For comparison - full updates including accumulation: 29,491,200)
level.getFillPerLayer[2](): 0
ideal_bandwidth_fill_per_layer[2]: 0.0

Latency for layer: 3 of Level: FeatureMemory
level.active_instances_per_layer[3]: 1
level.temporal_iterations_per_layer[3]: 7200
Scaling per layer[3]: 7,200
Single Tile latency: cc_per_tile_per_layer[3]: 578.0
Ideal Case, Latency at this level without stalls: cc_per_all_tiles_per_layer[3]: 578.0
SCALED cc_per_all_tiles_per_layer[3]: 4,161,600
level.getReadPerLayer[3](): 560,332,800
  (For comparison - full reads including accumulation: 560,332,800)
ideal_bandwidth_read_per_layer[3]: 134.64359861591694
level.getDrainPerLayer[3](): 0
ideal_bandwidth_drain_per_layer[3]: 0.0
ideal_bandwidth_update_per_layer[3]: 7.086505190311419
  (For comparison - full updates including accumulation: 29,491,200)
level.getFillPerLayer[3](): 0
ideal_bandwidth_fill_per_layer[3]: 0.0

Latency for layer: 4 of Level: FeatureMemory
level.active_instances_per_layer[4]: 1
level.temporal_iterations_per_layer[4]: 7200
Scaling per layer[4]: 7,200
Single Tile latency: cc_per_tile_per_layer[4]: 578.0
Ideal Case, Latency at this level without stalls: cc_per_all_tiles_per_layer[4]: 578.0
SCALED cc_per_all_tiles_per_layer[4]: 4,161,600
level.getReadPerLayer[4](): 560,332,800
  (For comparison - full reads including accumulation: 560,332,800)
ideal_bandwidth_read_per_layer[4]: 134.64359861591694
level.getDrainPerLayer[4](): 0
ideal_bandwidth_drain_per_layer[4]: 0.0
ideal_bandwidth_update_per_layer[4]: 7.086505190311419
  (For comparison - full updates including accumulation: 29,491,200)
level.getFillPerLayer[4](): 0
ideal_bandwidth_fill_per_layer[4]: 0.0

Latency for layer: 5 of Level: FeatureMemory
level.active_instances_per_layer[5]: 1
level.temporal_iterations_per_layer[5]: 7200
Scaling per layer[5]: 7,200
Single Tile latency: cc_per_tile_per_layer[5]: 578.0
Ideal Case, Latency at this level without stalls: cc_per_all_tiles_per_layer[5]: 578.0
SCALED cc_per_all_tiles_per_layer[5]: 4,161,600
level.getReadPerLayer[5](): 560,332,800
  (For comparison - full reads including accumulation: 560,332,800)
ideal_bandwidth_read_per_layer[5]: 134.64359861591694
level.getDrainPerLayer[5](): 0
ideal_bandwidth_drain_per_layer[5]: 0.0
ideal_bandwidth_update_per_layer[5]: 7.086505190311419
  (For comparison - full updates including accumulation: 29,491,200)
level.getFillPerLayer[5](): 0
ideal_bandwidth_fill_per_layer[5]: 0.0

Latency for layer: 6 of Level: FeatureMemory
level.active_instances_per_layer[6]: 1
level.temporal_iterations_per_layer[6]: 7200
Scaling per layer[6]: 7,200
Single Tile latency: cc_per_tile_per_layer[6]: 578.0
Ideal Case, Latency at this level without stalls: cc_per_all_tiles_per_layer[6]: 578.0
SCALED cc_per_all_tiles_per_layer[6]: 4,161,600
level.getReadPerLayer[6](): 560,332,800
  (For comparison - full reads including accumulation: 560,332,800)
ideal_bandwidth_read_per_layer[6]: 134.64359861591694
level.getDrainPerLayer[6](): 0
ideal_bandwidth_drain_per_layer[6]: 0.0
ideal_bandwidth_update_per_layer[6]: 7.086505190311419
  (For comparison - full updates including accumulation: 29,491,200)
level.getFillPerLayer[6](): 0
ideal_bandwidth_fill_per_layer[6]: 0.0

Latency for layer: 7 of Level: FeatureMemory
level.active_instances_per_layer[7]: 1
level.temporal_iterations_per_layer[7]: 7200
Scaling per layer[7]: 7,200
Single Tile latency: cc_per_tile_per_layer[7]: 578.0
Ideal Case, Latency at this level without stalls: cc_per_all_tiles_per_layer[7]: 578.0
SCALED cc_per_all_tiles_per_layer[7]: 4,161,600
level.getReadPerLayer[7](): 560,332,800
  (For comparison - full reads including accumulation: 560,332,800)
ideal_bandwidth_read_per_layer[7]: 134.64359861591694
level.getDrainPerLayer[7](): 0
ideal_bandwidth_drain_per_layer[7]: 0.0
ideal_bandwidth_update_per_layer[7]: 7.086505190311419
  (For comparison - full updates including accumulation: 29,491,200)
level.getFillPerLayer[7](): 0
ideal_bandwidth_fill_per_layer[7]: 0.0

Latency for layer: 8 of Level: FeatureMemory
level.active_instances_per_layer[8]: 1
level.temporal_iterations_per_layer[8]: 7200
Scaling per layer[8]: 7,200
Single Tile latency: cc_per_tile_per_layer[8]: 578.0
Ideal Case, Latency at this level without stalls: cc_per_all_tiles_per_layer[8]: 578.0
SCALED cc_per_all_tiles_per_layer[8]: 4,161,600
level.getReadPerLayer[8](): 560,332,800
  (For comparison - full reads including accumulation: 560,332,800)
ideal_bandwidth_read_per_layer[8]: 134.64359861591694
level.getDrainPerLayer[8](): 0
ideal_bandwidth_drain_per_layer[8]: 0.0
ideal_bandwidth_update_per_layer[8]: 7.086505190311419
  (For comparison - full updates including accumulation: 29,491,200)
level.getFillPerLayer[8](): 0
ideal_bandwidth_fill_per_layer[8]: 0.0

Latency for layer: 9 of Level: FeatureMemory
level.active_instances_per_layer[9]: 1
level.temporal_iterations_per_layer[9]: 7200
Scaling per layer[9]: 7,200
Single Tile latency: cc_per_tile_per_layer[9]: 578.0
Ideal Case, Latency at this level without stalls: cc_per_all_tiles_per_layer[9]: 578.0
SCALED cc_per_all_tiles_per_layer[9]: 4,161,600
level.getReadPerLayer[9](): 560,332,800
  (For comparison - full reads including accumulation: 560,332,800)
ideal_bandwidth_read_per_layer[9]: 134.64359861591694
level.getDrainPerLayer[9](): 0
ideal_bandwidth_drain_per_layer[9]: 0.0
ideal_bandwidth_update_per_layer[9]: 7.086505190311419
  (For comparison - full updates including accumulation: 29,491,200)
level.getFillPerLayer[9](): 0
ideal_bandwidth_fill_per_layer[9]: 0.0

Latency for layer: 10 of Level: FeatureMemory
level.active_instances_per_layer[10]: 1
level.temporal_iterations_per_layer[10]: 7200
Scaling per layer[10]: 7,200
Single Tile latency: cc_per_tile_per_layer[10]: 32
Ideal Case, Latency at this level without stalls: cc_per_all_tiles_per_layer[10]: 32
SCALED cc_per_all_tiles_per_layer[10]: 230,400
level.getReadPerLayer[10](): 29,491,200
  (For comparison - full reads including accumulation: 29,491,200)
ideal_bandwidth_read_per_layer[10]: 128.0
level.getDrainPerLayer[10](): 14,745,600
ideal_bandwidth_drain_per_layer[10]: 64.0
ideal_bandwidth_update_per_layer[10]: 64.0
  (For comparison - full updates including accumulation: 14,745,600)
level.getFillPerLayer[10](): 0
ideal_bandwidth_fill_per_layer[10]: 0.0

Start of calculation of latency:
I am in FeatureMemory level, so I use different formula for latency calculation


Layer_id: 0 in FeatureMemory

scaling_per_layer[0]: 7200
I AM HERE total_data_rd: 79257600
latency_per_layer[0]: 118.39393939393939, latency_read_drain_per_layer[0]: 83.39393939393939, latency_fill_update_per_layer[0]: 35.0
Total latency so far: 118.39393939393939


Layer_id: 1 in FeatureMemory

scaling_per_layer[1]: 7200
I AM HERE total_data_rd: 560332800
latency_per_layer[1]: 621.5757575757576, latency_read_drain_per_layer[1]: 589.5757575757576, latency_fill_update_per_layer[1]: 32.0
Total latency so far: 739.969696969697


Layer_id: 2 in FeatureMemory

scaling_per_layer[2]: 7200
I AM HERE total_data_rd: 560332800
latency_per_layer[2]: 621.5757575757576, latency_read_drain_per_layer[2]: 589.5757575757576, latency_fill_update_per_layer[2]: 32.0
Total latency so far: 1361.5454545454545


Layer_id: 3 in FeatureMemory

scaling_per_layer[3]: 7200
I AM HERE total_data_rd: 560332800
latency_per_layer[3]: 621.5757575757576, latency_read_drain_per_layer[3]: 589.5757575757576, latency_fill_update_per_layer[3]: 32.0
Total latency so far: 1983.121212121212


Layer_id: 4 in FeatureMemory

scaling_per_layer[4]: 7200
I AM HERE total_data_rd: 560332800
latency_per_layer[4]: 621.5757575757576, latency_read_drain_per_layer[4]: 589.5757575757576, latency_fill_update_per_layer[4]: 32.0
Total latency so far: 2604.6969696969695


Layer_id: 5 in FeatureMemory

scaling_per_layer[5]: 7200
I AM HERE total_data_rd: 560332800
latency_per_layer[5]: 621.5757575757576, latency_read_drain_per_layer[5]: 589.5757575757576, latency_fill_update_per_layer[5]: 32.0
Total latency so far: 3226.272727272727


Layer_id: 6 in FeatureMemory

scaling_per_layer[6]: 7200
I AM HERE total_data_rd: 560332800
latency_per_layer[6]: 621.5757575757576, latency_read_drain_per_layer[6]: 589.5757575757576, latency_fill_update_per_layer[6]: 32.0
Total latency so far: 3847.8484848484845


Layer_id: 7 in FeatureMemory

scaling_per_layer[7]: 7200
I AM HERE total_data_rd: 560332800
latency_per_layer[7]: 621.5757575757576, latency_read_drain_per_layer[7]: 589.5757575757576, latency_fill_update_per_layer[7]: 32.0
Total latency so far: 4469.424242424242


Layer_id: 8 in FeatureMemory

scaling_per_layer[8]: 7200
I AM HERE total_data_rd: 560332800
latency_per_layer[8]: 621.5757575757576, latency_read_drain_per_layer[8]: 589.5757575757576, latency_fill_update_per_layer[8]: 32.0
Total latency so far: 5091.0


Layer_id: 9 in FeatureMemory

scaling_per_layer[9]: 7200
I AM HERE total_data_rd: 560332800
latency_per_layer[9]: 621.5757575757576, latency_read_drain_per_layer[9]: 589.5757575757576, latency_fill_update_per_layer[9]: 32.0
Total latency so far: 5712.575757575758


Layer_id: 10 in FeatureMemory

scaling_per_layer[10]: 7200
I AM HERE total_data_rd: 44236800
latency_per_layer[10]: 62.54545454545455, latency_read_drain_per_layer[10]: 46.54545454545455, latency_fill_update_per_layer[10]: 16.0
Total latency so far: 5775.121212121213

End of calculation of latency.

Calculating per tile final latency and stall for layer 0 in FeatureMemory: latency_read_drain_per_layer[0] = 83.39393939393939, latency_fill_update_per_layer[0] = 35.0
Final per tile latency_per_layer[0]: 118
Final per tile stall_cycles_per_layer[0]: 60
Ideal case: no stall introduced by this level per this layer: cc_per_all_tiles_per_layer[0]: 58
Calculating per tile final latency and stall for layer 1 in FeatureMemory: latency_read_drain_per_layer[1] = 589.5757575757576, latency_fill_update_per_layer[1] = 32.0
Final per tile latency_per_layer[1]: 622
Final per tile stall_cycles_per_layer[1]: 44
Ideal case: no stall introduced by this level per this layer: cc_per_all_tiles_per_layer[1]: 578
Calculating per tile final latency and stall for layer 2 in FeatureMemory: latency_read_drain_per_layer[2] = 589.5757575757576, latency_fill_update_per_layer[2] = 32.0
Final per tile latency_per_layer[2]: 622
Final per tile stall_cycles_per_layer[2]: 44
Ideal case: no stall introduced by this level per this layer: cc_per_all_tiles_per_layer[2]: 578
Calculating per tile final latency and stall for layer 3 in FeatureMemory: latency_read_drain_per_layer[3] = 589.5757575757576, latency_fill_update_per_layer[3] = 32.0
Final per tile latency_per_layer[3]: 622
Final per tile stall_cycles_per_layer[3]: 44
Ideal case: no stall introduced by this level per this layer: cc_per_all_tiles_per_layer[3]: 578
Calculating per tile final latency and stall for layer 4 in FeatureMemory: latency_read_drain_per_layer[4] = 589.5757575757576, latency_fill_update_per_layer[4] = 32.0
Final per tile latency_per_layer[4]: 622
Final per tile stall_cycles_per_layer[4]: 44
Ideal case: no stall introduced by this level per this layer: cc_per_all_tiles_per_layer[4]: 578
Calculating per tile final latency and stall for layer 5 in FeatureMemory: latency_read_drain_per_layer[5] = 589.5757575757576, latency_fill_update_per_layer[5] = 32.0
Final per tile latency_per_layer[5]: 622
Final per tile stall_cycles_per_layer[5]: 44
Ideal case: no stall introduced by this level per this layer: cc_per_all_tiles_per_layer[5]: 578
Calculating per tile final latency and stall for layer 6 in FeatureMemory: latency_read_drain_per_layer[6] = 589.5757575757576, latency_fill_update_per_layer[6] = 32.0
Final per tile latency_per_layer[6]: 622
Final per tile stall_cycles_per_layer[6]: 44
Ideal case: no stall introduced by this level per this layer: cc_per_all_tiles_per_layer[6]: 578
Calculating per tile final latency and stall for layer 7 in FeatureMemory: latency_read_drain_per_layer[7] = 589.5757575757576, latency_fill_update_per_layer[7] = 32.0
Final per tile latency_per_layer[7]: 622
Final per tile stall_cycles_per_layer[7]: 44
Ideal case: no stall introduced by this level per this layer: cc_per_all_tiles_per_layer[7]: 578
Calculating per tile final latency and stall for layer 8 in FeatureMemory: latency_read_drain_per_layer[8] = 589.5757575757576, latency_fill_update_per_layer[8] = 32.0
Final per tile latency_per_layer[8]: 622
Final per tile stall_cycles_per_layer[8]: 44
Ideal case: no stall introduced by this level per this layer: cc_per_all_tiles_per_layer[8]: 578
Calculating per tile final latency and stall for layer 9 in FeatureMemory: latency_read_drain_per_layer[9] = 589.5757575757576, latency_fill_update_per_layer[9] = 32.0
Final per tile latency_per_layer[9]: 622
Final per tile stall_cycles_per_layer[9]: 44
Ideal case: no stall introduced by this level per this layer: cc_per_all_tiles_per_layer[9]: 578
Calculating per tile final latency and stall for layer 10 in FeatureMemory: latency_read_drain_per_layer[10] = 46.54545454545455, latency_fill_update_per_layer[10] = 16.0
Final per tile latency_per_layer[10]: 63
Final per tile stall_cycles_per_layer[10]: 31
Ideal case: no stall introduced by this level per this layer: cc_per_all_tiles_per_layer[10]: 32


Calculating Latency for Level: DRAM

Latency for layer: 0 of Level: DRAM
level.active_instances_per_layer[0]: 1
level.temporal_iterations_per_layer[0]: 1
Scaling per layer[0]: 1
Single Tile latency: cc_per_tile_per_layer[0]: 118.39393939393939
Ideal Case, Latency at this level without stalls: cc_per_all_tiles_per_layer[0]: 852436.3636363636
SCALED cc_per_all_tiles_per_layer[0]: 852,436
level.getReadPerLayer[0](): 2,765,664
  (For comparison - full reads including accumulation: 2,765,664)
ideal_bandwidth_read_per_layer[0]: 3.2444228308164833
level.getDrainPerLayer[0](): 0
ideal_bandwidth_drain_per_layer[0]: 0.0
ideal_bandwidth_update_per_layer[0]: 0.0
  (For comparison - full updates including accumulation: 0)
level.getFillPerLayer[0](): 0
ideal_bandwidth_fill_per_layer[0]: 0.0

Latency for layer: 1 of Level: DRAM
level.active_instances_per_layer[1]: 1
level.temporal_iterations_per_layer[1]: 1
Scaling per layer[1]: 1
Single Tile latency: cc_per_tile_per_layer[1]: 621.5757575757576
Ideal Case, Latency at this level without stalls: cc_per_all_tiles_per_layer[1]: 4475345.454545455
SCALED cc_per_all_tiles_per_layer[1]: 4,475,345
level.getReadPerLayer[1](): 9,216
  (For comparison - full reads including accumulation: 9,216)
ideal_bandwidth_read_per_layer[1]: 0.0020592823712948516
level.getDrainPerLayer[1](): 0
ideal_bandwidth_drain_per_layer[1]: 0.0
ideal_bandwidth_update_per_layer[1]: 0.0
  (For comparison - full updates including accumulation: 0)
level.getFillPerLayer[1](): 0
ideal_bandwidth_fill_per_layer[1]: 0.0

Latency for layer: 2 of Level: DRAM
level.active_instances_per_layer[2]: 1
level.temporal_iterations_per_layer[2]: 1
Scaling per layer[2]: 1
Single Tile latency: cc_per_tile_per_layer[2]: 621.5757575757576
Ideal Case, Latency at this level without stalls: cc_per_all_tiles_per_layer[2]: 4475345.454545455
SCALED cc_per_all_tiles_per_layer[2]: 4,475,345
level.getReadPerLayer[2](): 9,216
  (For comparison - full reads including accumulation: 9,216)
ideal_bandwidth_read_per_layer[2]: 0.0020592823712948516
level.getDrainPerLayer[2](): 0
ideal_bandwidth_drain_per_layer[2]: 0.0
ideal_bandwidth_update_per_layer[2]: 0.0
  (For comparison - full updates including accumulation: 0)
level.getFillPerLayer[2](): 0
ideal_bandwidth_fill_per_layer[2]: 0.0

Latency for layer: 3 of Level: DRAM
level.active_instances_per_layer[3]: 1
level.temporal_iterations_per_layer[3]: 1
Scaling per layer[3]: 1
Single Tile latency: cc_per_tile_per_layer[3]: 621.5757575757576
Ideal Case, Latency at this level without stalls: cc_per_all_tiles_per_layer[3]: 4475345.454545455
SCALED cc_per_all_tiles_per_layer[3]: 4,475,345
level.getReadPerLayer[3](): 9,216
  (For comparison - full reads including accumulation: 9,216)
ideal_bandwidth_read_per_layer[3]: 0.0020592823712948516
level.getDrainPerLayer[3](): 0
ideal_bandwidth_drain_per_layer[3]: 0.0
ideal_bandwidth_update_per_layer[3]: 0.0
  (For comparison - full updates including accumulation: 0)
level.getFillPerLayer[3](): 0
ideal_bandwidth_fill_per_layer[3]: 0.0

Latency for layer: 4 of Level: DRAM
level.active_instances_per_layer[4]: 1
level.temporal_iterations_per_layer[4]: 1
Scaling per layer[4]: 1
Single Tile latency: cc_per_tile_per_layer[4]: 621.5757575757576
Ideal Case, Latency at this level without stalls: cc_per_all_tiles_per_layer[4]: 4475345.454545455
SCALED cc_per_all_tiles_per_layer[4]: 4,475,345
level.getReadPerLayer[4](): 9,216
  (For comparison - full reads including accumulation: 9,216)
ideal_bandwidth_read_per_layer[4]: 0.0020592823712948516
level.getDrainPerLayer[4](): 0
ideal_bandwidth_drain_per_layer[4]: 0.0
ideal_bandwidth_update_per_layer[4]: 0.0
  (For comparison - full updates including accumulation: 0)
level.getFillPerLayer[4](): 0
ideal_bandwidth_fill_per_layer[4]: 0.0

Latency for layer: 5 of Level: DRAM
level.active_instances_per_layer[5]: 1
level.temporal_iterations_per_layer[5]: 1
Scaling per layer[5]: 1
Single Tile latency: cc_per_tile_per_layer[5]: 621.5757575757576
Ideal Case, Latency at this level without stalls: cc_per_all_tiles_per_layer[5]: 4475345.454545455
SCALED cc_per_all_tiles_per_layer[5]: 4,475,345
level.getReadPerLayer[5](): 9,216
  (For comparison - full reads including accumulation: 9,216)
ideal_bandwidth_read_per_layer[5]: 0.0020592823712948516
level.getDrainPerLayer[5](): 0
ideal_bandwidth_drain_per_layer[5]: 0.0
ideal_bandwidth_update_per_layer[5]: 0.0
  (For comparison - full updates including accumulation: 0)
level.getFillPerLayer[5](): 0
ideal_bandwidth_fill_per_layer[5]: 0.0

Latency for layer: 6 of Level: DRAM
level.active_instances_per_layer[6]: 1
level.temporal_iterations_per_layer[6]: 1
Scaling per layer[6]: 1
Single Tile latency: cc_per_tile_per_layer[6]: 621.5757575757576
Ideal Case, Latency at this level without stalls: cc_per_all_tiles_per_layer[6]: 4475345.454545455
SCALED cc_per_all_tiles_per_layer[6]: 4,475,345
level.getReadPerLayer[6](): 9,216
  (For comparison - full reads including accumulation: 9,216)
ideal_bandwidth_read_per_layer[6]: 0.0020592823712948516
level.getDrainPerLayer[6](): 0
ideal_bandwidth_drain_per_layer[6]: 0.0
ideal_bandwidth_update_per_layer[6]: 0.0
  (For comparison - full updates including accumulation: 0)
level.getFillPerLayer[6](): 0
ideal_bandwidth_fill_per_layer[6]: 0.0

Latency for layer: 7 of Level: DRAM
level.active_instances_per_layer[7]: 1
level.temporal_iterations_per_layer[7]: 1
Scaling per layer[7]: 1
Single Tile latency: cc_per_tile_per_layer[7]: 621.5757575757576
Ideal Case, Latency at this level without stalls: cc_per_all_tiles_per_layer[7]: 4475345.454545455
SCALED cc_per_all_tiles_per_layer[7]: 4,475,345
level.getReadPerLayer[7](): 9,216
  (For comparison - full reads including accumulation: 9,216)
ideal_bandwidth_read_per_layer[7]: 0.0020592823712948516
level.getDrainPerLayer[7](): 0
ideal_bandwidth_drain_per_layer[7]: 0.0
ideal_bandwidth_update_per_layer[7]: 0.0
  (For comparison - full updates including accumulation: 0)
level.getFillPerLayer[7](): 0
ideal_bandwidth_fill_per_layer[7]: 0.0

Latency for layer: 8 of Level: DRAM
level.active_instances_per_layer[8]: 1
level.temporal_iterations_per_layer[8]: 1
Scaling per layer[8]: 1
Single Tile latency: cc_per_tile_per_layer[8]: 621.5757575757576
Ideal Case, Latency at this level without stalls: cc_per_all_tiles_per_layer[8]: 4475345.454545455
SCALED cc_per_all_tiles_per_layer[8]: 4,475,345
level.getReadPerLayer[8](): 9,216
  (For comparison - full reads including accumulation: 9,216)
ideal_bandwidth_read_per_layer[8]: 0.0020592823712948516
level.getDrainPerLayer[8](): 0
ideal_bandwidth_drain_per_layer[8]: 0.0
ideal_bandwidth_update_per_layer[8]: 0.0
  (For comparison - full updates including accumulation: 0)
level.getFillPerLayer[8](): 0
ideal_bandwidth_fill_per_layer[8]: 0.0

Latency for layer: 9 of Level: DRAM
level.active_instances_per_layer[9]: 1
level.temporal_iterations_per_layer[9]: 1
Scaling per layer[9]: 1
Single Tile latency: cc_per_tile_per_layer[9]: 621.5757575757576
Ideal Case, Latency at this level without stalls: cc_per_all_tiles_per_layer[9]: 4475345.454545455
SCALED cc_per_all_tiles_per_layer[9]: 4,475,345
level.getReadPerLayer[9](): 9,216
  (For comparison - full reads including accumulation: 9,216)
ideal_bandwidth_read_per_layer[9]: 0.0020592823712948516
level.getDrainPerLayer[9](): 0
ideal_bandwidth_drain_per_layer[9]: 0.0
ideal_bandwidth_update_per_layer[9]: 0.0
  (For comparison - full updates including accumulation: 0)
level.getFillPerLayer[9](): 0
ideal_bandwidth_fill_per_layer[9]: 0.0

Latency for layer: 10 of Level: DRAM
level.active_instances_per_layer[10]: 1
level.temporal_iterations_per_layer[10]: 1
Scaling per layer[10]: 1
Single Tile latency: cc_per_tile_per_layer[10]: 62.54545454545455
Ideal Case, Latency at this level without stalls: cc_per_all_tiles_per_layer[10]: 450327.27272727276
SCALED cc_per_all_tiles_per_layer[10]: 450,327
level.getReadPerLayer[10](): 512
  (For comparison - full reads including accumulation: 512)
ideal_bandwidth_read_per_layer[10]: 0.0011369509043927647
level.getDrainPerLayer[10](): 0
ideal_bandwidth_drain_per_layer[10]: 0.0
ideal_bandwidth_update_per_layer[10]: 32.74418604651162
  (For comparison - full updates including accumulation: 14,745,600)
level.getFillPerLayer[10](): 0
ideal_bandwidth_fill_per_layer[10]: 0.0

Start of calculation of latency:


Layer_id: 0 in DRAM

ideal_bandwidth_read_per_layer[0] + ideal_bandwidth_drain_per_layer[0]: 3.2444228308164833 vs level.read_bandwidth: 18
I am in Compute Bound
cc_per_all_tiles_per_layer[0]: 852436.3636363636
STANDARD CASE latency_read_drain_per_layer[0]: 852436.3636363636

ideal_bandwidth_fill_per_layer[0] + ideal_bandwidth_update_per_layer[0]: 0.0 vs level.write_bandwidth: 18
previous_fanout_pe_to_pe_warmup: 0
STANDARD CASE latency_fill_update_per_layer[0]: 852436.3636363636


Layer_id: 1 in DRAM

ideal_bandwidth_read_per_layer[1] + ideal_bandwidth_drain_per_layer[1]: 0.0020592823712948516 vs level.read_bandwidth: 18
I am in Compute Bound
cc_per_all_tiles_per_layer[1]: 4475345.454545455
STANDARD CASE latency_read_drain_per_layer[1]: 4475345.454545455

ideal_bandwidth_fill_per_layer[1] + ideal_bandwidth_update_per_layer[1]: 0.0 vs level.write_bandwidth: 18
previous_fanout_pe_to_pe_warmup: 0
STANDARD CASE latency_fill_update_per_layer[1]: 4475345.454545455


Layer_id: 2 in DRAM

ideal_bandwidth_read_per_layer[2] + ideal_bandwidth_drain_per_layer[2]: 0.0020592823712948516 vs level.read_bandwidth: 18
I am in Compute Bound
cc_per_all_tiles_per_layer[2]: 4475345.454545455
STANDARD CASE latency_read_drain_per_layer[2]: 4475345.454545455

ideal_bandwidth_fill_per_layer[2] + ideal_bandwidth_update_per_layer[2]: 0.0 vs level.write_bandwidth: 18
previous_fanout_pe_to_pe_warmup: 0
STANDARD CASE latency_fill_update_per_layer[2]: 4475345.454545455


Layer_id: 3 in DRAM

ideal_bandwidth_read_per_layer[3] + ideal_bandwidth_drain_per_layer[3]: 0.0020592823712948516 vs level.read_bandwidth: 18
I am in Compute Bound
cc_per_all_tiles_per_layer[3]: 4475345.454545455
STANDARD CASE latency_read_drain_per_layer[3]: 4475345.454545455

ideal_bandwidth_fill_per_layer[3] + ideal_bandwidth_update_per_layer[3]: 0.0 vs level.write_bandwidth: 18
previous_fanout_pe_to_pe_warmup: 0
STANDARD CASE latency_fill_update_per_layer[3]: 4475345.454545455


Layer_id: 4 in DRAM

ideal_bandwidth_read_per_layer[4] + ideal_bandwidth_drain_per_layer[4]: 0.0020592823712948516 vs level.read_bandwidth: 18
I am in Compute Bound
cc_per_all_tiles_per_layer[4]: 4475345.454545455
STANDARD CASE latency_read_drain_per_layer[4]: 4475345.454545455

ideal_bandwidth_fill_per_layer[4] + ideal_bandwidth_update_per_layer[4]: 0.0 vs level.write_bandwidth: 18
previous_fanout_pe_to_pe_warmup: 0
STANDARD CASE latency_fill_update_per_layer[4]: 4475345.454545455


Layer_id: 5 in DRAM

ideal_bandwidth_read_per_layer[5] + ideal_bandwidth_drain_per_layer[5]: 0.0020592823712948516 vs level.read_bandwidth: 18
I am in Compute Bound
cc_per_all_tiles_per_layer[5]: 4475345.454545455
STANDARD CASE latency_read_drain_per_layer[5]: 4475345.454545455

ideal_bandwidth_fill_per_layer[5] + ideal_bandwidth_update_per_layer[5]: 0.0 vs level.write_bandwidth: 18
previous_fanout_pe_to_pe_warmup: 0
STANDARD CASE latency_fill_update_per_layer[5]: 4475345.454545455


Layer_id: 6 in DRAM

ideal_bandwidth_read_per_layer[6] + ideal_bandwidth_drain_per_layer[6]: 0.0020592823712948516 vs level.read_bandwidth: 18
I am in Compute Bound
cc_per_all_tiles_per_layer[6]: 4475345.454545455
STANDARD CASE latency_read_drain_per_layer[6]: 4475345.454545455

ideal_bandwidth_fill_per_layer[6] + ideal_bandwidth_update_per_layer[6]: 0.0 vs level.write_bandwidth: 18
previous_fanout_pe_to_pe_warmup: 0
STANDARD CASE latency_fill_update_per_layer[6]: 4475345.454545455


Layer_id: 7 in DRAM

ideal_bandwidth_read_per_layer[7] + ideal_bandwidth_drain_per_layer[7]: 0.0020592823712948516 vs level.read_bandwidth: 18
I am in Compute Bound
cc_per_all_tiles_per_layer[7]: 4475345.454545455
STANDARD CASE latency_read_drain_per_layer[7]: 4475345.454545455

ideal_bandwidth_fill_per_layer[7] + ideal_bandwidth_update_per_layer[7]: 0.0 vs level.write_bandwidth: 18
previous_fanout_pe_to_pe_warmup: 0
STANDARD CASE latency_fill_update_per_layer[7]: 4475345.454545455


Layer_id: 8 in DRAM

ideal_bandwidth_read_per_layer[8] + ideal_bandwidth_drain_per_layer[8]: 0.0020592823712948516 vs level.read_bandwidth: 18
I am in Compute Bound
cc_per_all_tiles_per_layer[8]: 4475345.454545455
STANDARD CASE latency_read_drain_per_layer[8]: 4475345.454545455

ideal_bandwidth_fill_per_layer[8] + ideal_bandwidth_update_per_layer[8]: 0.0 vs level.write_bandwidth: 18
previous_fanout_pe_to_pe_warmup: 0
STANDARD CASE latency_fill_update_per_layer[8]: 4475345.454545455


Layer_id: 9 in DRAM

ideal_bandwidth_read_per_layer[9] + ideal_bandwidth_drain_per_layer[9]: 0.0020592823712948516 vs level.read_bandwidth: 18
I am in Compute Bound
cc_per_all_tiles_per_layer[9]: 4475345.454545455
STANDARD CASE latency_read_drain_per_layer[9]: 4475345.454545455

ideal_bandwidth_fill_per_layer[9] + ideal_bandwidth_update_per_layer[9]: 0.0 vs level.write_bandwidth: 18
previous_fanout_pe_to_pe_warmup: 0
STANDARD CASE latency_fill_update_per_layer[9]: 4475345.454545455


Layer_id: 10 in DRAM

ideal_bandwidth_read_per_layer[10] + ideal_bandwidth_drain_per_layer[10]: 0.0011369509043927647 vs level.read_bandwidth: 18
I am in Compute Bound
cc_per_all_tiles_per_layer[10]: 450327.27272727276
STANDARD CASE latency_read_drain_per_layer[10]: 450327.27272727276

ideal_bandwidth_fill_per_layer[10] + ideal_bandwidth_update_per_layer[10]: 32.74418604651162 vs level.write_bandwidth: 18
ideal_bandwidth_fill_per_layer[10]: 0.0
ideal_bandwidth_update_per_layer[10]: 32.74418604651162
level.write_bandwidth: 18
total data (for bandwidth): 14745600
scaling_per_layer[10]: 1
SLOWDOWN CASE latency_fill_update_per_layer[10]: 819200.0

End of calculation of latency.

Calculating per tile final latency and stall for layer 0 in DRAM: latency_read_drain_per_layer[0] = 852436.3636363636, latency_fill_update_per_layer[0] = 852436.3636363636
Final per tile latency_per_layer[0]: 852,436
Final per tile stall_cycles_per_layer[0]: 0
Ideal case: no stall introduced by this level per this layer: cc_per_all_tiles_per_layer[0]: 852,436
Calculating per tile final latency and stall for layer 1 in DRAM: latency_read_drain_per_layer[1] = 4475345.454545455, latency_fill_update_per_layer[1] = 4475345.454545455
Final per tile latency_per_layer[1]: 4,475,345
Final per tile stall_cycles_per_layer[1]: 0
Ideal case: no stall introduced by this level per this layer: cc_per_all_tiles_per_layer[1]: 4,475,345
Calculating per tile final latency and stall for layer 2 in DRAM: latency_read_drain_per_layer[2] = 4475345.454545455, latency_fill_update_per_layer[2] = 4475345.454545455
Final per tile latency_per_layer[2]: 4,475,345
Final per tile stall_cycles_per_layer[2]: 0
Ideal case: no stall introduced by this level per this layer: cc_per_all_tiles_per_layer[2]: 4,475,345
Calculating per tile final latency and stall for layer 3 in DRAM: latency_read_drain_per_layer[3] = 4475345.454545455, latency_fill_update_per_layer[3] = 4475345.454545455
Final per tile latency_per_layer[3]: 4,475,345
Final per tile stall_cycles_per_layer[3]: 0
Ideal case: no stall introduced by this level per this layer: cc_per_all_tiles_per_layer[3]: 4,475,345
Calculating per tile final latency and stall for layer 4 in DRAM: latency_read_drain_per_layer[4] = 4475345.454545455, latency_fill_update_per_layer[4] = 4475345.454545455
Final per tile latency_per_layer[4]: 4,475,345
Final per tile stall_cycles_per_layer[4]: 0
Ideal case: no stall introduced by this level per this layer: cc_per_all_tiles_per_layer[4]: 4,475,345
Calculating per tile final latency and stall for layer 5 in DRAM: latency_read_drain_per_layer[5] = 4475345.454545455, latency_fill_update_per_layer[5] = 4475345.454545455
Final per tile latency_per_layer[5]: 4,475,345
Final per tile stall_cycles_per_layer[5]: 0
Ideal case: no stall introduced by this level per this layer: cc_per_all_tiles_per_layer[5]: 4,475,345
Calculating per tile final latency and stall for layer 6 in DRAM: latency_read_drain_per_layer[6] = 4475345.454545455, latency_fill_update_per_layer[6] = 4475345.454545455
Final per tile latency_per_layer[6]: 4,475,345
Final per tile stall_cycles_per_layer[6]: 0
Ideal case: no stall introduced by this level per this layer: cc_per_all_tiles_per_layer[6]: 4,475,345
Calculating per tile final latency and stall for layer 7 in DRAM: latency_read_drain_per_layer[7] = 4475345.454545455, latency_fill_update_per_layer[7] = 4475345.454545455
Final per tile latency_per_layer[7]: 4,475,345
Final per tile stall_cycles_per_layer[7]: 0
Ideal case: no stall introduced by this level per this layer: cc_per_all_tiles_per_layer[7]: 4,475,345
Calculating per tile final latency and stall for layer 8 in DRAM: latency_read_drain_per_layer[8] = 4475345.454545455, latency_fill_update_per_layer[8] = 4475345.454545455
Final per tile latency_per_layer[8]: 4,475,345
Final per tile stall_cycles_per_layer[8]: 0
Ideal case: no stall introduced by this level per this layer: cc_per_all_tiles_per_layer[8]: 4,475,345
Calculating per tile final latency and stall for layer 9 in DRAM: latency_read_drain_per_layer[9] = 4475345.454545455, latency_fill_update_per_layer[9] = 4475345.454545455
Final per tile latency_per_layer[9]: 4,475,345
Final per tile stall_cycles_per_layer[9]: 0
Ideal case: no stall introduced by this level per this layer: cc_per_all_tiles_per_layer[9]: 4,475,345
Calculating per tile final latency and stall for layer 10 in DRAM: latency_read_drain_per_layer[10] = 450327.27272727276, latency_fill_update_per_layer[10] = 819200.0
Final per tile latency_per_layer[10]: 819,200
Final per tile stall_cycles_per_layer[10]: 368,873
Ideal case: no stall introduced by this level per this layer: cc_per_all_tiles_per_layer[10]: 450,327


Final WMOPs and Latency calculation for Level: DRAM
Level: DRAM, Layer: 0
max_latency_per_layer[0]: 0 before update
level.getSettedLatencyPerLayer[0](): 852,436
Level: DRAM, Layer: 1
max_latency_per_layer[1]: 0 before update
level.getSettedLatencyPerLayer[1](): 4,475,345
Level: DRAM, Layer: 2
max_latency_per_layer[2]: 0 before update
level.getSettedLatencyPerLayer[2](): 4,475,345
Level: DRAM, Layer: 3
max_latency_per_layer[3]: 0 before update
level.getSettedLatencyPerLayer[3](): 4,475,345
Level: DRAM, Layer: 4
max_latency_per_layer[4]: 0 before update
level.getSettedLatencyPerLayer[4](): 4,475,345
Level: DRAM, Layer: 5
max_latency_per_layer[5]: 0 before update
level.getSettedLatencyPerLayer[5](): 4,475,345
Level: DRAM, Layer: 6
max_latency_per_layer[6]: 0 before update
level.getSettedLatencyPerLayer[6](): 4,475,345
Level: DRAM, Layer: 7
max_latency_per_layer[7]: 0 before update
level.getSettedLatencyPerLayer[7](): 4,475,345
Level: DRAM, Layer: 8
max_latency_per_layer[8]: 0 before update
level.getSettedLatencyPerLayer[8](): 4,475,345
Level: DRAM, Layer: 9
max_latency_per_layer[9]: 0 before update
level.getSettedLatencyPerLayer[9](): 4,475,345
Level: DRAM, Layer: 10
max_latency_per_layer[10]: 0 before update
level.getSettedLatencyPerLayer[10](): 819,200
Level DRAM: DepFiN 10-Layer Architecture, max_latency (sequential layers): 41,949,745


Final WMOPs and Latency calculation for Level: FeatureMemory
Level: FeatureMemory, Layer: 0
max_latency_per_layer[0]: 852,436 before update
level.getSettedLatencyPerLayer[0](): 83
Level: FeatureMemory, Layer: 1
max_latency_per_layer[1]: 4,475,345 before update
level.getSettedLatencyPerLayer[1](): 590
Level: FeatureMemory, Layer: 2
max_latency_per_layer[2]: 4,475,345 before update
level.getSettedLatencyPerLayer[2](): 590
Level: FeatureMemory, Layer: 3
max_latency_per_layer[3]: 4,475,345 before update
level.getSettedLatencyPerLayer[3](): 590
Level: FeatureMemory, Layer: 4
max_latency_per_layer[4]: 4,475,345 before update
level.getSettedLatencyPerLayer[4](): 590
Level: FeatureMemory, Layer: 5
max_latency_per_layer[5]: 4,475,345 before update
level.getSettedLatencyPerLayer[5](): 590
Level: FeatureMemory, Layer: 6
max_latency_per_layer[6]: 4,475,345 before update
level.getSettedLatencyPerLayer[6](): 590
Level: FeatureMemory, Layer: 7
max_latency_per_layer[7]: 4,475,345 before update
level.getSettedLatencyPerLayer[7](): 590
Level: FeatureMemory, Layer: 8
max_latency_per_layer[8]: 4,475,345 before update
level.getSettedLatencyPerLayer[8](): 590
Level: FeatureMemory, Layer: 9
max_latency_per_layer[9]: 4,475,345 before update
level.getSettedLatencyPerLayer[9](): 590
Level: FeatureMemory, Layer: 10
max_latency_per_layer[10]: 819,200 before update
level.getSettedLatencyPerLayer[10](): 335,127
Level FeatureMemory: DepFiN 10-Layer Architecture, max_latency (sequential layers): 41,949,745


Final WMOPs and Latency calculation for Level: WeightMemory
Level: WeightMemory, Layer: 0
max_latency_per_layer[0]: 852,436 before update
level.getSettedLatencyPerLayer[0](): 58
Level: WeightMemory, Layer: 1
max_latency_per_layer[1]: 4,475,345 before update
level.getSettedLatencyPerLayer[1](): 578
Level: WeightMemory, Layer: 2
max_latency_per_layer[2]: 4,475,345 before update
level.getSettedLatencyPerLayer[2](): 578
Level: WeightMemory, Layer: 3
max_latency_per_layer[3]: 4,475,345 before update
level.getSettedLatencyPerLayer[3](): 578
Level: WeightMemory, Layer: 4
max_latency_per_layer[4]: 4,475,345 before update
level.getSettedLatencyPerLayer[4](): 578
Level: WeightMemory, Layer: 5
max_latency_per_layer[5]: 4,475,345 before update
level.getSettedLatencyPerLayer[5](): 578
Level: WeightMemory, Layer: 6
max_latency_per_layer[6]: 4,475,345 before update
level.getSettedLatencyPerLayer[6](): 578
Level: WeightMemory, Layer: 7
max_latency_per_layer[7]: 4,475,345 before update
level.getSettedLatencyPerLayer[7](): 578
Level: WeightMemory, Layer: 8
max_latency_per_layer[8]: 4,475,345 before update
level.getSettedLatencyPerLayer[8](): 578
Level: WeightMemory, Layer: 9
max_latency_per_layer[9]: 4,475,345 before update
level.getSettedLatencyPerLayer[9](): 578
Level: WeightMemory, Layer: 10
max_latency_per_layer[10]: 819,200 before update
level.getSettedLatencyPerLayer[10](): 230,400
Level WeightMemory: DepFiN 10-Layer Architecture, max_latency (sequential layers): 41,949,745


Final WMOPs and Latency calculation for Level: SACols_10


Final WMOPs and Latency calculation for Level: SARows_10


Final WMOPs and Latency calculation for Level: SACols_9


Final WMOPs and Latency calculation for Level: SARows_9


Final WMOPs and Latency calculation for Level: SACols_8


Final WMOPs and Latency calculation for Level: SARows_8


Final WMOPs and Latency calculation for Level: SACols_7


Final WMOPs and Latency calculation for Level: SARows_7


Final WMOPs and Latency calculation for Level: SACols_6


Final WMOPs and Latency calculation for Level: SARows_6


Final WMOPs and Latency calculation for Level: SACols_5


Final WMOPs and Latency calculation for Level: SARows_5


Final WMOPs and Latency calculation for Level: SACols_4


Final WMOPs and Latency calculation for Level: SARows_4


Final WMOPs and Latency calculation for Level: SACols_3


Final WMOPs and Latency calculation for Level: SARows_3


Final WMOPs and Latency calculation for Level: SACols_2


Final WMOPs and Latency calculation for Level: SARows_2


Final WMOPs and Latency calculation for Level: SACols_1


Final WMOPs and Latency calculation for Level: SARows_1


Final WMOPs and Latency calculation for Level: SACols_0


Final WMOPs and Latency calculation for Level: SARows_0


Final WMOPs and Latency calculation for Level: AccumulationIntermediateOutputRegister
Level: AccumulationIntermediateOutputRegister, Layer: 0
max_latency_per_layer[0]: 852,436 before update
level.getSettedLatencyPerLayer[0](): 1
Level: AccumulationIntermediateOutputRegister, Layer: 1
max_latency_per_layer[1]: 4,475,345 before update
level.getSettedLatencyPerLayer[1](): 1
Level: AccumulationIntermediateOutputRegister, Layer: 2
max_latency_per_layer[2]: 4,475,345 before update
level.getSettedLatencyPerLayer[2](): 1
Level: AccumulationIntermediateOutputRegister, Layer: 3
max_latency_per_layer[3]: 4,475,345 before update
level.getSettedLatencyPerLayer[3](): 1
Level: AccumulationIntermediateOutputRegister, Layer: 4
max_latency_per_layer[4]: 4,475,345 before update
level.getSettedLatencyPerLayer[4](): 1
Level: AccumulationIntermediateOutputRegister, Layer: 5
max_latency_per_layer[5]: 4,475,345 before update
level.getSettedLatencyPerLayer[5](): 1
Level: AccumulationIntermediateOutputRegister, Layer: 6
max_latency_per_layer[6]: 4,475,345 before update
level.getSettedLatencyPerLayer[6](): 1
Level: AccumulationIntermediateOutputRegister, Layer: 7
max_latency_per_layer[7]: 4,475,345 before update
level.getSettedLatencyPerLayer[7](): 1
Level: AccumulationIntermediateOutputRegister, Layer: 8
max_latency_per_layer[8]: 4,475,345 before update
level.getSettedLatencyPerLayer[8](): 1
Level: AccumulationIntermediateOutputRegister, Layer: 9
max_latency_per_layer[9]: 4,475,345 before update
level.getSettedLatencyPerLayer[9](): 1
Level: AccumulationIntermediateOutputRegister, Layer: 10
max_latency_per_layer[10]: 819,200 before update
level.getSettedLatencyPerLayer[10](): 230,400
Level AccumulationIntermediateOutputRegister: DepFiN 10-Layer Architecture, max_latency (sequential layers): 41,949,745


Final WMOPs and Latency calculation for Level: Compute
Compute level latency: 1
Compute latency for layer 0: 388,800
Compute latency for layer 1: 4,147,200
Compute latency for layer 2: 4,147,200
Compute latency for layer 3: 4,147,200
Compute latency for layer 4: 4,147,200
Compute latency for layer 5: 4,147,200
Compute latency for layer 6: 4,147,200
Compute latency for layer 7: 4,147,200
Compute latency for layer 8: 4,147,200
Compute latency for layer 9: 4,147,200
Compute latency for layer 10: 230,400
max_latency initially: 41949745.45454545
compute_latency from compute level: 37,944,000
max_latency after compute: 41,949,745, before fanout_level

Final condition:
Wart: 8.620e+88
EDP: 2.008e+06 (J*cycle)
DRAM ----------> Q: 10, P: 720, X9: 10, Y9: 720, X8: 10, Y8: 720, X7: 10, Y7: 720, X6: 10, Y6: 720, X5: 10, Y5: 720, X4: 10, Y4: 720, X3: 10, Y3: 720, X2: 10, Y2: 720, X1: 10, Y1: 720, X0: 10, Y0: 720
FeatureMemory -
WeightMemory --> C10: 32, Z9: 2, C9: 32, R9: 3, S9: 3, Z8: 2, C8: 32, S8: 3, R8: 3, Z7: 2, C7: 32, S7: 3, R7: 3, Z6: 2, C6: 32, S6: 3, R6: 3, Z5: 2, C5: 32, S5: 3, R5: 3, Z4: 2, C4: 32, S4: 3, R4: 3, Z3: 2, C3: 32, S3: 3, R3: 3, Z2: 2, C2: 32, S2: 3, R2: 3, Z1: 2, C1: 32, S1: 3, R1: 3, Z0: 2, C0: 3, R0: 3, S0: 3
SACols_10 -----> Q: 128
SARows_10 -----> Z10: 16
SACols_9 ------> X9: 128
SARows_9 ------> Z9: 16
SACols_8 ------> X8: 128
SARows_8 ------> Z8: 16
SACols_7 ------> X7: 128
SARows_7 ------> Z7: 16
SACols_6 ------> X6: 128
SARows_6 ------> Z6: 16
SACols_5 ------> X5: 128
SARows_5 ------> Z5: 16
SACols_4 ------> X4: 128
SARows_4 ------> Z4: 16
SACols_3 ------> X3: 128
SARows_3 ------> Z3: 16
SACols_2 ------> X2: 128
SARows_2 ------> Z2: 16
SACols_1 ------> X1: 128
SARows_1 ------> Z1: 16
SACols_0 ------> X0: 128
SARows_0 ------> Z0: 16
AccumulationIntermediateOutputRegister 
Compute -------

Visited mappings: 1

Performed moves: 0
é stato chiamato update stats! 




Questo mops è chiamato da update stats
Level: DRAM, arch bypasses for the level: ['int_in', 'int_out'], in_bp: 1, w_bp: 0, out_bp: 1, int_in_bp: 0, int_out_bp: 0
DEBUG updateStats pre scaling: Level DRAM:
  in_reads: 2764800
  per_layer_w_reads: {0: 864, 1: 9216, 2: 9216, 3: 9216, 4: 9216, 5: 9216, 6: 9216, 7: 9216, 8: 9216, 9: 9216, 10: 512}
  per_layer_int_in_reads: {0: 0, 1: 0, 2: 0, 3: 0, 4: 0, 5: 0, 6: 0, 7: 0, 8: 0, 9: 0}
  per_layer_int_out_reads: {0: 0, 1: 0, 2: 0, 3: 0, 4: 0, 5: 0, 6: 0, 7: 0, 8: 0, 9: 0}
  per_layer_int_out_writes: {0: 0, 1: 0, 2: 0, 3: 0, 4: 0, 5: 0, 6: 0, 7: 0, 8: 0, 9: 0}
  out_reads: 14745600
  out_writes: 14745600
  out_reads_factors: 1
scale_per_layer[0]: 1, temporal_iterations_per_layer[0]: 1, spatial_iterations_per_layer[0]: 1
DEBUG: results after scaling: Level DRAM: in_reads=2764800, w_reads=84320, int_in_reads=0, int_out_reads=0, int_out_writes=0, out_writes=14745600, out_reads=14745600, out_reads_factors=1
DEBUG: Level DRAM adjusted out_reads for no bias read: 0
DEBUG: Level DRAM bypasses intermediate storage
DEBUG updateStats post scaling: Level DRAM:
  in_reads: 2,764,800
  per_layer_w_reads: {0: 864, 1: 9216, 2: 9216, 3: 9216, 4: 9216, 5: 9216, 6: 9216, 7: 9216, 8: 9216, 9: 9216, 10: 512}
  w_reads: 84,320
  per_layer_int_in_reads: {0: 0, 1: 0, 2: 0, 3: 0, 4: 0, 5: 0, 6: 0, 7: 0, 8: 0, 9: 0}
  per_layer_int_in_writes: {0: 0, 1: 0, 2: 0, 3: 0, 4: 0, 5: 0, 6: 0, 7: 0, 8: 0, 9: 0}
  int_in_reads: 0
  per_layer_int_out_reads: {0: 0, 1: 0, 2: 0, 3: 0, 4: 0, 5: 0, 6: 0, 7: 0, 8: 0, 9: 0}
  per_layer_int_out_writes: {0: 0, 1: 0, 2: 0, 3: 0, 4: 0, 5: 0, 6: 0, 7: 0, 8: 0, 9: 0}
  int_out_reads: 0
  out_reads: 0
  out_writes: 14,745,600
  out_reads_factors: 1
in_writes: 0, w_writes: 0, int_in_writes: 0, int_out_writes: 0, out_writes: 14745600
Name of the level: DRAM, level active instances per layer: {0: 1, 1: 1, 2: 1, 3: 1, 4: 1, 5: 1, 6: 1, 7: 1, 8: 1, 9: 1, 10: 1}, level active instances: 1
Level DRAM, Layer 0: total_reads = 2765664, total_writes = 0
Level DRAM, Layer 1: total_reads = 9216, total_writes = 0
Level DRAM, Layer 2: total_reads = 9216, total_writes = 0
Level DRAM, Layer 3: total_reads = 9216, total_writes = 0
Level DRAM, Layer 4: total_reads = 9216, total_writes = 0
Level DRAM, Layer 5: total_reads = 9216, total_writes = 0
Level DRAM, Layer 6: total_reads = 9216, total_writes = 0
Level DRAM, Layer 7: total_reads = 9216, total_writes = 0
Level DRAM, Layer 8: total_reads = 9216, total_writes = 0
Level DRAM, Layer 9: total_reads = 9216, total_writes = 0
DEBUG: Level DRAM, Layer 10, per_layer_int_in_reads9: 0, per_layer_w_reads10: 512, out_reads: 0
Level DRAM, Layer 10: total_reads = 512, total_writes = 14745600
Check: Per Layer Total reads: {0: 2765664, 1: 9216, 2: 9216, 3: 9216, 4: 9216, 5: 9216, 6: 9216, 7: 9216, 8: 9216, 9: 9216, 10: 512}, total: 2849120
Check: Per Layer Total writes: {0: 0, 1: 0, 2: 0, 3: 0, 4: 0, 5: 0, 6: 0, 7: 0, 8: 0, 9: 0, 10: 14745600}, 
 total: 14745600
Level DRAM total WMOPs from per layer sum: 2,815,155,200.000
Level DRAM total WMOPs from total reads/writes: 2,815,155,200.000
End first part of update for level: DRAM



Questo mops è chiamato da update stats
Level: FeatureMemory, arch bypasses for the level: ['w'], in_bp: 0, w_bp: 0, out_bp: 0, int_in_bp: 0, int_out_bp: 0
DEBUG updateStats pre scaling: Level FeatureMemory:
  in_reads: 6912
  per_layer_w_reads: {0: 0, 1: 0, 2: 0, 3: 0, 4: 0, 5: 0, 6: 0, 7: 0, 8: 0, 9: 0, 10: 0}
  per_layer_int_in_reads: {0: 73728, 1: 73728, 2: 73728, 3: 73728, 4: 73728, 5: 73728, 6: 73728, 7: 73728, 8: 73728, 9: 4096}
  per_layer_int_out_reads: {0: 4096, 1: 4096, 2: 4096, 3: 4096, 4: 4096, 5: 4096, 6: 4096, 7: 4096, 8: 4096, 9: 4096}
  per_layer_int_out_writes: {0: 4096, 1: 4096, 2: 4096, 3: 4096, 4: 4096, 5: 4096, 6: 4096, 7: 4096, 8: 4096, 9: 4096}
  out_reads: 2048
  out_writes: 2048
  out_reads_factors: 1
scale_per_layer[0]: 7200, temporal_iterations_per_layer[0]: 7200, spatial_iterations_per_layer[0]: 1
DEBUG: results after scaling: Level FeatureMemory: in_reads=49766400, w_reads=0, int_in_reads=4807065600, int_out_reads=294912000, int_out_writes=294912000, out_writes=14745600, out_reads=14745600, out_reads_factors=1
DEBUG: Level FeatureMemory adjusted out_reads for no bias read: 0
DEBUG updateStats post scaling: Level FeatureMemory:
  in_reads: 49,766,400
  per_layer_w_reads: {0: 0, 1: 0, 2: 0, 3: 0, 4: 0, 5: 0, 6: 0, 7: 0, 8: 0, 9: 0, 10: 0}
  w_reads: 0
  per_layer_int_in_reads: {0: 530841600, 1: 530841600, 2: 530841600, 3: 530841600, 4: 530841600, 5: 530841600, 6: 530841600, 7: 530841600, 8: 530841600, 9: 29491200}
  per_layer_int_in_writes: {0: 0, 1: 0, 2: 0, 3: 0, 4: 0, 5: 0, 6: 0, 7: 0, 8: 0, 9: 0}
  int_in_reads: 4,807,065,600
  per_layer_int_out_reads: {0: 29491200, 1: 29491200, 2: 29491200, 3: 29491200, 4: 29491200, 5: 29491200, 6: 29491200, 7: 29491200, 8: 29491200, 9: 29491200}
  per_layer_int_out_writes: {0: 29491200, 1: 29491200, 2: 29491200, 3: 29491200, 4: 29491200, 5: 29491200, 6: 29491200, 7: 29491200, 8: 29491200, 9: 29491200}
  int_out_reads: 294,912,000
  out_reads: 14,745,600
  out_writes: 14,745,600
  out_reads_factors: 1
in_writes: 2764800, w_writes: 0, int_in_writes: 0, int_out_writes: 294912000, out_writes: 14745600
Name of the level: FeatureMemory, level active instances per layer: {0: 1, 1: 1, 2: 1, 3: 1, 4: 1, 5: 1, 6: 1, 7: 1, 8: 1, 9: 1, 10: 1}, level active instances: 1
Level FeatureMemory, Layer 0: total_reads = 79257600, total_writes = 32256000
Level FeatureMemory, Layer 1: total_reads = 560332800, total_writes = 29491200
Level FeatureMemory, Layer 2: total_reads = 560332800, total_writes = 29491200
Level FeatureMemory, Layer 3: total_reads = 560332800, total_writes = 29491200
Level FeatureMemory, Layer 4: total_reads = 560332800, total_writes = 29491200
Level FeatureMemory, Layer 5: total_reads = 560332800, total_writes = 29491200
Level FeatureMemory, Layer 6: total_reads = 560332800, total_writes = 29491200
Level FeatureMemory, Layer 7: total_reads = 560332800, total_writes = 29491200
Level FeatureMemory, Layer 8: total_reads = 560332800, total_writes = 29491200
Level FeatureMemory, Layer 9: total_reads = 560332800, total_writes = 29491200
DEBUG: Level FeatureMemory, Layer 10, per_layer_int_in_reads9: 29491200, per_layer_w_reads10: 0, out_reads: 14745600
Level FeatureMemory, Layer 10: total_reads = 44236800, total_writes = 14745600
Check: Per Layer Total reads: {0: 79257600, 1: 560332800, 2: 560332800, 3: 560332800, 4: 560332800, 5: 560332800, 6: 560332800, 7: 560332800, 8: 560332800, 9: 560332800, 10: 44236800}, total: 5166489600
Check: Per Layer Total writes: {0: 32256000, 1: 29491200, 2: 29491200, 3: 29491200, 4: 29491200, 5: 29491200, 6: 29491200, 7: 29491200, 8: 29491200, 9: 29491200, 10: 14745600}, 
 total: 312422400
Level FeatureMemory total WMOPs from per layer sum: 6,924,339,200.000
Level FeatureMemory total WMOPs from total reads/writes: 6,924,339,200.000
End first part of update for level: FeatureMemory



Questo mops è chiamato da update stats
Level: WeightMemory, arch bypasses for the level: ['in', 'int_in', 'int_out', 'out'], in_bp: 0, w_bp: 0, out_bp: 0, int_in_bp: 0, int_out_bp: 0
DEBUG updateStats pre scaling: Level WeightMemory:
  in_reads: 0
  per_layer_w_reads: {0: 864, 1: 9216, 2: 9216, 3: 9216, 4: 9216, 5: 9216, 6: 9216, 7: 9216, 8: 9216, 9: 9216, 10: 512}
  per_layer_int_in_reads: {0: 0, 1: 0, 2: 0, 3: 0, 4: 0, 5: 0, 6: 0, 7: 0, 8: 0, 9: 0}
  per_layer_int_out_reads: {0: 0, 1: 0, 2: 0, 3: 0, 4: 0, 5: 0, 6: 0, 7: 0, 8: 0, 9: 0}
  per_layer_int_out_writes: {0: 0, 1: 0, 2: 0, 3: 0, 4: 0, 5: 0, 6: 0, 7: 0, 8: 0, 9: 0}
  out_reads: 0
  out_writes: 0
  out_reads_factors: 0
scale_per_layer[0] = 7200, temporal_iterations_per_layer[0] = 7200, spatial_iterations_per_layer[0] = 1
scale_per_layer[0]: 7200, temporal_iterations_per_layer[0]: 7200, spatial_iterations_per_layer[0]: 1
DEBUG: results after scaling: Level WeightMemory: in_reads=0, w_reads=607104000, int_in_reads=0, int_out_reads=0, int_out_writes=0, out_writes=0, out_reads=0, out_reads_factors=0
DEBUG: Level WeightMemory bypasses intermediate storage
DEBUG updateStats post scaling: Level WeightMemory:
  in_reads: 0
  per_layer_w_reads: {0: 6220800, 1: 66355200, 2: 66355200, 3: 66355200, 4: 66355200, 5: 66355200, 6: 66355200, 7: 66355200, 8: 66355200, 9: 66355200, 10: 3686400}
  w_reads: 607,104,000
  per_layer_int_in_reads: {0: 0, 1: 0, 2: 0, 3: 0, 4: 0, 5: 0, 6: 0, 7: 0, 8: 0, 9: 0}
  per_layer_int_in_writes: {0: 0, 1: 0, 2: 0, 3: 0, 4: 0, 5: 0, 6: 0, 7: 0, 8: 0, 9: 0}
  int_in_reads: 0
  per_layer_int_out_reads: {0: 0, 1: 0, 2: 0, 3: 0, 4: 0, 5: 0, 6: 0, 7: 0, 8: 0, 9: 0}
  per_layer_int_out_writes: {0: 0, 1: 0, 2: 0, 3: 0, 4: 0, 5: 0, 6: 0, 7: 0, 8: 0, 9: 0}
  int_out_reads: 0
  out_reads: 0
  out_writes: 0
  out_reads_factors: 0
in_writes: 0, w_writes: 84320, int_in_writes: 0, int_out_writes: 0, out_writes: 0
Name of the level: WeightMemory, level active instances per layer: {0: 1, 1: 1, 2: 1, 3: 1, 4: 1, 5: 1, 6: 1, 7: 1, 8: 1, 9: 1, 10: 1}, level active instances: 1
Level WeightMemory, Layer 0: total_reads = 6220800, total_writes = 864
Level WeightMemory, Layer 1: total_reads = 66355200, total_writes = 9216
Level WeightMemory, Layer 2: total_reads = 66355200, total_writes = 9216
Level WeightMemory, Layer 3: total_reads = 66355200, total_writes = 9216
Level WeightMemory, Layer 4: total_reads = 66355200, total_writes = 9216
Level WeightMemory, Layer 5: total_reads = 66355200, total_writes = 9216
Level WeightMemory, Layer 6: total_reads = 66355200, total_writes = 9216
Level WeightMemory, Layer 7: total_reads = 66355200, total_writes = 9216
Level WeightMemory, Layer 8: total_reads = 66355200, total_writes = 9216
Level WeightMemory, Layer 9: total_reads = 66355200, total_writes = 9216
DEBUG: Level WeightMemory, Layer 10, per_layer_int_in_reads9: 0, per_layer_w_reads10: 3686400, out_reads: 0
Level WeightMemory, Layer 10: total_reads = 3686400, total_writes = 512
Check: Per Layer Total reads: {0: 6220800, 1: 66355200, 2: 66355200, 3: 66355200, 4: 66355200, 5: 66355200, 6: 66355200, 7: 66355200, 8: 66355200, 9: 66355200, 10: 3686400}, total: 607104000
Check: Per Layer Total writes: {0: 864, 1: 9216, 2: 9216, 3: 9216, 4: 9216, 5: 9216, 6: 9216, 7: 9216, 8: 9216, 9: 9216, 10: 512}, 
 total: 84320
Level WeightMemory total WMOPs from per layer sum: 7,355,442,907.200
Level WeightMemory total WMOPs from total reads/writes: 7,355,442,907.200
End first part of update for level: WeightMemory



Calculating Fanout Level: SACols_10, updating spatial and last reads
Fanout Level SACols_10, Layer 10, dim Q, layer_iterations: 128
End of the first part of Update Stats for fanout level: SACols_10


Calculating Fanout Level: SARows_10, updating spatial and last reads
Fanout Level SARows_10, Layer 10, dim Z10, layer_iterations: 16
End of the first part of Update Stats for fanout level: SARows_10


Calculating Fanout Level: SACols_9, updating spatial and last reads
Fanout Level SACols_9, Layer 9, dim X9, layer_iterations: 128
End of the first part of Update Stats for fanout level: SACols_9


Calculating Fanout Level: SARows_9, updating spatial and last reads
Fanout Level SARows_9, Layer 9, dim Z9, layer_iterations: 16
End of the first part of Update Stats for fanout level: SARows_9


Calculating Fanout Level: SACols_8, updating spatial and last reads
Fanout Level SACols_8, Layer 8, dim X8, layer_iterations: 128
End of the first part of Update Stats for fanout level: SACols_8


Calculating Fanout Level: SARows_8, updating spatial and last reads
Fanout Level SARows_8, Layer 8, dim Z8, layer_iterations: 16
End of the first part of Update Stats for fanout level: SARows_8


Calculating Fanout Level: SACols_7, updating spatial and last reads
Fanout Level SACols_7, Layer 7, dim X7, layer_iterations: 128
End of the first part of Update Stats for fanout level: SACols_7


Calculating Fanout Level: SARows_7, updating spatial and last reads
Fanout Level SARows_7, Layer 7, dim Z7, layer_iterations: 16
End of the first part of Update Stats for fanout level: SARows_7


Calculating Fanout Level: SACols_6, updating spatial and last reads
Fanout Level SACols_6, Layer 6, dim X6, layer_iterations: 128
End of the first part of Update Stats for fanout level: SACols_6


Calculating Fanout Level: SARows_6, updating spatial and last reads
Fanout Level SARows_6, Layer 6, dim Z6, layer_iterations: 16
End of the first part of Update Stats for fanout level: SARows_6


Calculating Fanout Level: SACols_5, updating spatial and last reads
Fanout Level SACols_5, Layer 5, dim X5, layer_iterations: 128
End of the first part of Update Stats for fanout level: SACols_5


Calculating Fanout Level: SARows_5, updating spatial and last reads
Fanout Level SARows_5, Layer 5, dim Z5, layer_iterations: 16
End of the first part of Update Stats for fanout level: SARows_5


Calculating Fanout Level: SACols_4, updating spatial and last reads
Fanout Level SACols_4, Layer 4, dim X4, layer_iterations: 128
End of the first part of Update Stats for fanout level: SACols_4


Calculating Fanout Level: SARows_4, updating spatial and last reads
Fanout Level SARows_4, Layer 4, dim Z4, layer_iterations: 16
End of the first part of Update Stats for fanout level: SARows_4


Calculating Fanout Level: SACols_3, updating spatial and last reads
Fanout Level SACols_3, Layer 3, dim X3, layer_iterations: 128
End of the first part of Update Stats for fanout level: SACols_3


Calculating Fanout Level: SARows_3, updating spatial and last reads
Fanout Level SARows_3, Layer 3, dim Z3, layer_iterations: 16
End of the first part of Update Stats for fanout level: SARows_3


Calculating Fanout Level: SACols_2, updating spatial and last reads
Fanout Level SACols_2, Layer 2, dim X2, layer_iterations: 128
End of the first part of Update Stats for fanout level: SACols_2


Calculating Fanout Level: SARows_2, updating spatial and last reads
Fanout Level SARows_2, Layer 2, dim Z2, layer_iterations: 16
End of the first part of Update Stats for fanout level: SARows_2


Calculating Fanout Level: SACols_1, updating spatial and last reads
Fanout Level SACols_1, Layer 1, dim X1, layer_iterations: 128
End of the first part of Update Stats for fanout level: SACols_1


Calculating Fanout Level: SARows_1, updating spatial and last reads
Fanout Level SARows_1, Layer 1, dim Z1, layer_iterations: 16
End of the first part of Update Stats for fanout level: SARows_1


Calculating Fanout Level: SACols_0, updating spatial and last reads
Fanout Level SACols_0, Layer 0, dim X0, layer_iterations: 128
End of the first part of Update Stats for fanout level: SACols_0


Calculating Fanout Level: SARows_0, updating spatial and last reads
Fanout Level SARows_0, Layer 0, dim Z0, layer_iterations: 16
End of the first part of Update Stats for fanout level: SARows_0


Questo mops è chiamato da update stats
Level: AccumulationIntermediateOutputRegister, arch bypasses for the level: ['in', 'w', 'int_in'], in_bp: 0, w_bp: 0, out_bp: 1, int_in_bp: 0, int_out_bp: 1
DEBUG updateStats pre scaling: Level AccumulationIntermediateOutputRegister:
  in_reads: 0
  per_layer_w_reads: {0: 0, 1: 0, 2: 0, 3: 0, 4: 0, 5: 0, 6: 0, 7: 0, 8: 0, 9: 0, 10: 0}
  per_layer_int_in_reads: {0: 0, 1: 0, 2: 0, 3: 0, 4: 0, 5: 0, 6: 0, 7: 0, 8: 0, 9: 0}
  per_layer_int_out_reads: {0: 1, 1: 1, 2: 1, 3: 1, 4: 1, 5: 1, 6: 1, 7: 1, 8: 1, 9: 1}
  per_layer_int_out_writes: {0: 1, 1: 1, 2: 1, 3: 1, 4: 1, 5: 1, 6: 1, 7: 1, 8: 1, 9: 1}
  out_reads: 1
  out_writes: 1
  out_reads_factors: 1
scale_per_layer[0]: 796262400, temporal_iterations_per_layer[0]: 388800, spatial_iterations_per_layer[0]: 2048
DEBUG: results after scaling: Level AccumulationIntermediateOutputRegister: in_reads=0, w_reads=0, int_in_reads=0, int_out_reads=77237452800, int_out_writes=77237452800, out_writes=471859200, out_reads=471859200, out_reads_factors=32
DEBUG: Level AccumulationIntermediateOutputRegister adjusted out_reads for no bias read: 457113600
DEBUG updateStats post scaling: Level AccumulationIntermediateOutputRegister:
  in_reads: 0
  per_layer_w_reads: {0: 0, 1: 0, 2: 0, 3: 0, 4: 0, 5: 0, 6: 0, 7: 0, 8: 0, 9: 0, 10: 0}
  w_reads: 0
  per_layer_int_in_reads: {0: 0, 1: 0, 2: 0, 3: 0, 4: 0, 5: 0, 6: 0, 7: 0, 8: 0, 9: 0}
  per_layer_int_in_writes: {0: 0, 1: 0, 2: 0, 3: 0, 4: 0, 5: 0, 6: 0, 7: 0, 8: 0, 9: 0}
  int_in_reads: 0
  per_layer_int_out_reads: {0: 825753600, 1: 8522956800, 2: 8522956800, 3: 8522956800, 4: 8522956800, 5: 8522956800, 6: 8522956800, 7: 8522956800, 8: 8522956800, 9: 8522956800}
  per_layer_int_out_writes: {0: 825753600, 1: 8522956800, 2: 8522956800, 3: 8522956800, 4: 8522956800, 5: 8522956800, 6: 8522956800, 7: 8522956800, 8: 8522956800, 9: 8522956800}
  int_out_reads: 77,237,452,800
  out_reads: 471,859,200
  out_writes: 471,859,200
  out_reads_factors: 32
in_writes: 0, w_writes: 0, int_in_writes: 0, int_out_writes: 77237452800, out_writes: 471859200
Name of the level: AccumulationIntermediateOutputRegister, level active instances per layer: {0: 2048, 1: 2048, 2: 2048, 3: 2048, 4: 2048, 5: 2048, 6: 2048, 7: 2048, 8: 2048, 9: 2048, 10: 2048}, level active instances: 2658455991569831745807614120560689152
Level AccumulationIntermediateOutputRegister, Layer 0: total_reads = 825753600, total_writes = 825753600
Level AccumulationIntermediateOutputRegister, Layer 1: total_reads = 8522956800, total_writes = 8522956800
Level AccumulationIntermediateOutputRegister, Layer 2: total_reads = 8522956800, total_writes = 8522956800
Level AccumulationIntermediateOutputRegister, Layer 3: total_reads = 8522956800, total_writes = 8522956800
Level AccumulationIntermediateOutputRegister, Layer 4: total_reads = 8522956800, total_writes = 8522956800
Level AccumulationIntermediateOutputRegister, Layer 5: total_reads = 8522956800, total_writes = 8522956800
Level AccumulationIntermediateOutputRegister, Layer 6: total_reads = 8522956800, total_writes = 8522956800
Level AccumulationIntermediateOutputRegister, Layer 7: total_reads = 8522956800, total_writes = 8522956800
Level AccumulationIntermediateOutputRegister, Layer 8: total_reads = 8522956800, total_writes = 8522956800
Level AccumulationIntermediateOutputRegister, Layer 9: total_reads = 8522956800, total_writes = 8522956800
DEBUG: Level AccumulationIntermediateOutputRegister, Layer 10, per_layer_int_in_reads9: 0, per_layer_w_reads10: 0, out_reads: 471859200
Level AccumulationIntermediateOutputRegister, Layer 10: total_reads = 471859200, total_writes = 471859200
Check: Per Layer Total reads: {0: 825753600, 1: 8522956800, 2: 8522956800, 3: 8522956800, 4: 8522956800, 5: 8522956800, 6: 8522956800, 7: 8522956800, 8: 8522956800, 9: 8522956800, 10: 471859200}, total: 78004224000
Check: Per Layer Total writes: {0: 825753600, 1: 8522956800, 2: 8522956800, 3: 8522956800, 4: 8522956800, 5: 8522956800, 6: 8522956800, 7: 8522956800, 8: 8522956800, 9: 8522956800, 10: 471859200}, 
 total: 78004224000
Level AccumulationIntermediateOutputRegister total WMOPs from per layer sum: 32,316,794,587.200
Level AccumulationIntermediateOutputRegister total WMOPs from total reads/writes: 32,222,422,747.200
End first part of update for level: AccumulationIntermediateOutputRegister



Calculating WMOPs for Compute Level
Compute Level Compute WMOPs_per_layer: {0: 954052453.44, 1: 4917000591.360001, 2: 4917000591.360001, 3: 4917000591.360001, 4: 4917000591.360001, 5: 4917000591.360001, 6: 4917000591.360001, 7: 4917000591.360001, 8: 4917000591.360001, 9: 4917000591.360001, 10: 2651599211.52}
WMOPs_till_now before compute level: 32,316,794,587.200
Compute Level Compute total WMOPs from per layer sum: 47858656987.200005
Compute Level Compute total WMOPs: 1.728474674624478e+106
Total WMOPs after adding compute level: 80175451574.40001
END FIRST PART OF UPDATE STATS


First cc_per_tile, it is from compute = 1
First cc_per_tile_per_layer it is from compute = {0: 1, 1: 1, 2: 1, 3: 1, 4: 1, 5: 1, 6: 1, 7: 1, 8: 1, 9: 1, 10: 1}


Calculating Latency for Level: AccumulationIntermediateOutputRegister

Latency for layer: 0 of Level: AccumulationIntermediateOutputRegister
level.active_instances_per_layer[0]: 2048
level.temporal_iterations_per_layer[0]: 388800
Scaling per layer[0]: 796,262,400
Single Tile latency: cc_per_tile_per_layer[0]: 1
Ideal Case, Latency at this level without stalls: cc_per_all_tiles_per_layer[0]: 1
SCALED cc_per_all_tiles_per_layer[0]: 796,262,400
level.getReadPerLayer[0](): 825,753,600
  (For comparison - full reads including accumulation: 825,753,600)
ideal_bandwidth_read_per_layer[0]: 1.037037037037037
level.getDrainPerLayer[0](): 29,491,200
ideal_bandwidth_drain_per_layer[0]: 0.037037037037037035
ideal_bandwidth_update_per_layer[0]: 1.0
  (For comparison - full updates including accumulation: 796,262,400)
level.getFillPerLayer[0](): 29,491,200
ideal_bandwidth_fill_per_layer[0]: 0.037037037037037035

Latency for layer: 1 of Level: AccumulationIntermediateOutputRegister
level.active_instances_per_layer[1]: 2048
level.temporal_iterations_per_layer[1]: 4147200
Scaling per layer[1]: 8,493,465,600
Single Tile latency: cc_per_tile_per_layer[1]: 1
Ideal Case, Latency at this level without stalls: cc_per_all_tiles_per_layer[1]: 1
SCALED cc_per_all_tiles_per_layer[1]: 8,493,465,600
level.getReadPerLayer[1](): 8,493,465,600
  (For comparison - full reads including accumulation: 8,493,465,600)
ideal_bandwidth_read_per_layer[1]: 1.0
level.getDrainPerLayer[1](): 29,491,200
ideal_bandwidth_drain_per_layer[1]: 0.003472222222222222
ideal_bandwidth_update_per_layer[1]: 1.0
  (For comparison - full updates including accumulation: 8,493,465,600)
level.getFillPerLayer[1](): 29,491,200
ideal_bandwidth_fill_per_layer[1]: 0.003472222222222222

Latency for layer: 2 of Level: AccumulationIntermediateOutputRegister
level.active_instances_per_layer[2]: 2048
level.temporal_iterations_per_layer[2]: 4147200
Scaling per layer[2]: 8,493,465,600
Single Tile latency: cc_per_tile_per_layer[2]: 1
Ideal Case, Latency at this level without stalls: cc_per_all_tiles_per_layer[2]: 1
SCALED cc_per_all_tiles_per_layer[2]: 8,493,465,600
level.getReadPerLayer[2](): 8,493,465,600
  (For comparison - full reads including accumulation: 8,493,465,600)
ideal_bandwidth_read_per_layer[2]: 1.0
level.getDrainPerLayer[2](): 29,491,200
ideal_bandwidth_drain_per_layer[2]: 0.003472222222222222
ideal_bandwidth_update_per_layer[2]: 1.0
  (For comparison - full updates including accumulation: 8,493,465,600)
level.getFillPerLayer[2](): 29,491,200
ideal_bandwidth_fill_per_layer[2]: 0.003472222222222222

Latency for layer: 3 of Level: AccumulationIntermediateOutputRegister
level.active_instances_per_layer[3]: 2048
level.temporal_iterations_per_layer[3]: 4147200
Scaling per layer[3]: 8,493,465,600
Single Tile latency: cc_per_tile_per_layer[3]: 1
Ideal Case, Latency at this level without stalls: cc_per_all_tiles_per_layer[3]: 1
SCALED cc_per_all_tiles_per_layer[3]: 8,493,465,600
level.getReadPerLayer[3](): 8,493,465,600
  (For comparison - full reads including accumulation: 8,493,465,600)
ideal_bandwidth_read_per_layer[3]: 1.0
level.getDrainPerLayer[3](): 29,491,200
ideal_bandwidth_drain_per_layer[3]: 0.003472222222222222
ideal_bandwidth_update_per_layer[3]: 1.0
  (For comparison - full updates including accumulation: 8,493,465,600)
level.getFillPerLayer[3](): 29,491,200
ideal_bandwidth_fill_per_layer[3]: 0.003472222222222222

Latency for layer: 4 of Level: AccumulationIntermediateOutputRegister
level.active_instances_per_layer[4]: 2048
level.temporal_iterations_per_layer[4]: 4147200
Scaling per layer[4]: 8,493,465,600
Single Tile latency: cc_per_tile_per_layer[4]: 1
Ideal Case, Latency at this level without stalls: cc_per_all_tiles_per_layer[4]: 1
SCALED cc_per_all_tiles_per_layer[4]: 8,493,465,600
level.getReadPerLayer[4](): 8,493,465,600
  (For comparison - full reads including accumulation: 8,493,465,600)
ideal_bandwidth_read_per_layer[4]: 1.0
level.getDrainPerLayer[4](): 29,491,200
ideal_bandwidth_drain_per_layer[4]: 0.003472222222222222
ideal_bandwidth_update_per_layer[4]: 1.0
  (For comparison - full updates including accumulation: 8,493,465,600)
level.getFillPerLayer[4](): 29,491,200
ideal_bandwidth_fill_per_layer[4]: 0.003472222222222222

Latency for layer: 5 of Level: AccumulationIntermediateOutputRegister
level.active_instances_per_layer[5]: 2048
level.temporal_iterations_per_layer[5]: 4147200
Scaling per layer[5]: 8,493,465,600
Single Tile latency: cc_per_tile_per_layer[5]: 1
Ideal Case, Latency at this level without stalls: cc_per_all_tiles_per_layer[5]: 1
SCALED cc_per_all_tiles_per_layer[5]: 8,493,465,600
level.getReadPerLayer[5](): 8,493,465,600
  (For comparison - full reads including accumulation: 8,493,465,600)
ideal_bandwidth_read_per_layer[5]: 1.0
level.getDrainPerLayer[5](): 29,491,200
ideal_bandwidth_drain_per_layer[5]: 0.003472222222222222
ideal_bandwidth_update_per_layer[5]: 1.0
  (For comparison - full updates including accumulation: 8,493,465,600)
level.getFillPerLayer[5](): 29,491,200
ideal_bandwidth_fill_per_layer[5]: 0.003472222222222222

Latency for layer: 6 of Level: AccumulationIntermediateOutputRegister
level.active_instances_per_layer[6]: 2048
level.temporal_iterations_per_layer[6]: 4147200
Scaling per layer[6]: 8,493,465,600
Single Tile latency: cc_per_tile_per_layer[6]: 1
Ideal Case, Latency at this level without stalls: cc_per_all_tiles_per_layer[6]: 1
SCALED cc_per_all_tiles_per_layer[6]: 8,493,465,600
level.getReadPerLayer[6](): 8,493,465,600
  (For comparison - full reads including accumulation: 8,493,465,600)
ideal_bandwidth_read_per_layer[6]: 1.0
level.getDrainPerLayer[6](): 29,491,200
ideal_bandwidth_drain_per_layer[6]: 0.003472222222222222
ideal_bandwidth_update_per_layer[6]: 1.0
  (For comparison - full updates including accumulation: 8,493,465,600)
level.getFillPerLayer[6](): 29,491,200
ideal_bandwidth_fill_per_layer[6]: 0.003472222222222222

Latency for layer: 7 of Level: AccumulationIntermediateOutputRegister
level.active_instances_per_layer[7]: 2048
level.temporal_iterations_per_layer[7]: 4147200
Scaling per layer[7]: 8,493,465,600
Single Tile latency: cc_per_tile_per_layer[7]: 1
Ideal Case, Latency at this level without stalls: cc_per_all_tiles_per_layer[7]: 1
SCALED cc_per_all_tiles_per_layer[7]: 8,493,465,600
level.getReadPerLayer[7](): 8,493,465,600
  (For comparison - full reads including accumulation: 8,493,465,600)
ideal_bandwidth_read_per_layer[7]: 1.0
level.getDrainPerLayer[7](): 29,491,200
ideal_bandwidth_drain_per_layer[7]: 0.003472222222222222
ideal_bandwidth_update_per_layer[7]: 1.0
  (For comparison - full updates including accumulation: 8,493,465,600)
level.getFillPerLayer[7](): 29,491,200
ideal_bandwidth_fill_per_layer[7]: 0.003472222222222222

Latency for layer: 8 of Level: AccumulationIntermediateOutputRegister
level.active_instances_per_layer[8]: 2048
level.temporal_iterations_per_layer[8]: 4147200
Scaling per layer[8]: 8,493,465,600
Single Tile latency: cc_per_tile_per_layer[8]: 1
Ideal Case, Latency at this level without stalls: cc_per_all_tiles_per_layer[8]: 1
SCALED cc_per_all_tiles_per_layer[8]: 8,493,465,600
level.getReadPerLayer[8](): 8,493,465,600
  (For comparison - full reads including accumulation: 8,493,465,600)
ideal_bandwidth_read_per_layer[8]: 1.0
level.getDrainPerLayer[8](): 29,491,200
ideal_bandwidth_drain_per_layer[8]: 0.003472222222222222
ideal_bandwidth_update_per_layer[8]: 1.0
  (For comparison - full updates including accumulation: 8,493,465,600)
level.getFillPerLayer[8](): 29,491,200
ideal_bandwidth_fill_per_layer[8]: 0.003472222222222222

Latency for layer: 9 of Level: AccumulationIntermediateOutputRegister
level.active_instances_per_layer[9]: 2048
level.temporal_iterations_per_layer[9]: 4147200
Scaling per layer[9]: 8,493,465,600
Single Tile latency: cc_per_tile_per_layer[9]: 1
Ideal Case, Latency at this level without stalls: cc_per_all_tiles_per_layer[9]: 1
SCALED cc_per_all_tiles_per_layer[9]: 8,493,465,600
level.getReadPerLayer[9](): 8,493,465,600
  (For comparison - full reads including accumulation: 8,493,465,600)
ideal_bandwidth_read_per_layer[9]: 1.0
level.getDrainPerLayer[9](): 29,491,200
ideal_bandwidth_drain_per_layer[9]: 0.003472222222222222
ideal_bandwidth_update_per_layer[9]: 1.0
  (For comparison - full updates including accumulation: 8,493,465,600)
level.getFillPerLayer[9](): 29,491,200
ideal_bandwidth_fill_per_layer[9]: 0.003472222222222222

Latency for layer: 10 of Level: AccumulationIntermediateOutputRegister
level.active_instances_per_layer[10]: 2048
level.temporal_iterations_per_layer[10]: 230400
Scaling per layer[10]: 471,859,200
Single Tile latency: cc_per_tile_per_layer[10]: 1
Ideal Case, Latency at this level without stalls: cc_per_all_tiles_per_layer[10]: 1
SCALED cc_per_all_tiles_per_layer[10]: 471,859,200
level.getReadPerLayer[10](): 457,113,600
  (For comparison - full reads including accumulation: 457,113,600)
ideal_bandwidth_read_per_layer[10]: 0.96875
level.getDrainPerLayer[10](): 14,745,600
ideal_bandwidth_drain_per_layer[10]: 0.03125
ideal_bandwidth_update_per_layer[10]: 1.0
  (For comparison - full updates including accumulation: 471,859,200)
level.getFillPerLayer[10](): 0
ideal_bandwidth_fill_per_layer[10]: 0.0

Start of calculation of latency:


Layer_id: 0 in AccumulationIntermediateOutputRegister

ideal_bandwidth_read_per_layer[0] + ideal_bandwidth_drain_per_layer[0]: 1.074074074074074 vs level.read_bandwidth: 1
I am in Slowdown: Memory Bound
ideal_bandwidth_read_per_layer[0]: 1.037037037037037
ideal_bandwidth_drain_per_layer[0]: 0.037037037037037035
level.read_bandwidth: 1
total data (for bandwidth): 855244800
scaling_per_layer[0]: 796262400
SLOWDOWN CASE latency_read_drain_per_layer[0]: 1.0740740740740742

ideal_bandwidth_fill_per_layer[0] + ideal_bandwidth_update_per_layer[0]: 1.037037037037037 vs level.write_bandwidth: 1
ideal_bandwidth_fill_per_layer[0]: 0.037037037037037035
ideal_bandwidth_update_per_layer[0]: 1.0
level.write_bandwidth: 1
total data (for bandwidth): 825753600
scaling_per_layer[0]: 796262400
SLOWDOWN CASE latency_fill_update_per_layer[0]: 1.037037037037037


Layer_id: 1 in AccumulationIntermediateOutputRegister

ideal_bandwidth_read_per_layer[1] + ideal_bandwidth_drain_per_layer[1]: 1.0034722222222223 vs level.read_bandwidth: 1
I am in Slowdown: Memory Bound
ideal_bandwidth_read_per_layer[1]: 1.0
ideal_bandwidth_drain_per_layer[1]: 0.003472222222222222
level.read_bandwidth: 1
total data (for bandwidth): 8522956800
scaling_per_layer[1]: 8493465600
SLOWDOWN CASE latency_read_drain_per_layer[1]: 1.0034722222222223

ideal_bandwidth_fill_per_layer[1] + ideal_bandwidth_update_per_layer[1]: 1.0034722222222223 vs level.write_bandwidth: 1
ideal_bandwidth_fill_per_layer[1]: 0.003472222222222222
ideal_bandwidth_update_per_layer[1]: 1.0
level.write_bandwidth: 1
total data (for bandwidth): 8522956800
scaling_per_layer[1]: 8493465600
SLOWDOWN CASE latency_fill_update_per_layer[1]: 1.0034722222222223


Layer_id: 2 in AccumulationIntermediateOutputRegister

ideal_bandwidth_read_per_layer[2] + ideal_bandwidth_drain_per_layer[2]: 1.0034722222222223 vs level.read_bandwidth: 1
I am in Slowdown: Memory Bound
ideal_bandwidth_read_per_layer[2]: 1.0
ideal_bandwidth_drain_per_layer[2]: 0.003472222222222222
level.read_bandwidth: 1
total data (for bandwidth): 8522956800
scaling_per_layer[2]: 8493465600
SLOWDOWN CASE latency_read_drain_per_layer[2]: 1.0034722222222223

ideal_bandwidth_fill_per_layer[2] + ideal_bandwidth_update_per_layer[2]: 1.0034722222222223 vs level.write_bandwidth: 1
ideal_bandwidth_fill_per_layer[2]: 0.003472222222222222
ideal_bandwidth_update_per_layer[2]: 1.0
level.write_bandwidth: 1
total data (for bandwidth): 8522956800
scaling_per_layer[2]: 8493465600
SLOWDOWN CASE latency_fill_update_per_layer[2]: 1.0034722222222223


Layer_id: 3 in AccumulationIntermediateOutputRegister

ideal_bandwidth_read_per_layer[3] + ideal_bandwidth_drain_per_layer[3]: 1.0034722222222223 vs level.read_bandwidth: 1
I am in Slowdown: Memory Bound
ideal_bandwidth_read_per_layer[3]: 1.0
ideal_bandwidth_drain_per_layer[3]: 0.003472222222222222
level.read_bandwidth: 1
total data (for bandwidth): 8522956800
scaling_per_layer[3]: 8493465600
SLOWDOWN CASE latency_read_drain_per_layer[3]: 1.0034722222222223

ideal_bandwidth_fill_per_layer[3] + ideal_bandwidth_update_per_layer[3]: 1.0034722222222223 vs level.write_bandwidth: 1
ideal_bandwidth_fill_per_layer[3]: 0.003472222222222222
ideal_bandwidth_update_per_layer[3]: 1.0
level.write_bandwidth: 1
total data (for bandwidth): 8522956800
scaling_per_layer[3]: 8493465600
SLOWDOWN CASE latency_fill_update_per_layer[3]: 1.0034722222222223


Layer_id: 4 in AccumulationIntermediateOutputRegister

ideal_bandwidth_read_per_layer[4] + ideal_bandwidth_drain_per_layer[4]: 1.0034722222222223 vs level.read_bandwidth: 1
I am in Slowdown: Memory Bound
ideal_bandwidth_read_per_layer[4]: 1.0
ideal_bandwidth_drain_per_layer[4]: 0.003472222222222222
level.read_bandwidth: 1
total data (for bandwidth): 8522956800
scaling_per_layer[4]: 8493465600
SLOWDOWN CASE latency_read_drain_per_layer[4]: 1.0034722222222223

ideal_bandwidth_fill_per_layer[4] + ideal_bandwidth_update_per_layer[4]: 1.0034722222222223 vs level.write_bandwidth: 1
ideal_bandwidth_fill_per_layer[4]: 0.003472222222222222
ideal_bandwidth_update_per_layer[4]: 1.0
level.write_bandwidth: 1
total data (for bandwidth): 8522956800
scaling_per_layer[4]: 8493465600
SLOWDOWN CASE latency_fill_update_per_layer[4]: 1.0034722222222223


Layer_id: 5 in AccumulationIntermediateOutputRegister

ideal_bandwidth_read_per_layer[5] + ideal_bandwidth_drain_per_layer[5]: 1.0034722222222223 vs level.read_bandwidth: 1
I am in Slowdown: Memory Bound
ideal_bandwidth_read_per_layer[5]: 1.0
ideal_bandwidth_drain_per_layer[5]: 0.003472222222222222
level.read_bandwidth: 1
total data (for bandwidth): 8522956800
scaling_per_layer[5]: 8493465600
SLOWDOWN CASE latency_read_drain_per_layer[5]: 1.0034722222222223

ideal_bandwidth_fill_per_layer[5] + ideal_bandwidth_update_per_layer[5]: 1.0034722222222223 vs level.write_bandwidth: 1
ideal_bandwidth_fill_per_layer[5]: 0.003472222222222222
ideal_bandwidth_update_per_layer[5]: 1.0
level.write_bandwidth: 1
total data (for bandwidth): 8522956800
scaling_per_layer[5]: 8493465600
SLOWDOWN CASE latency_fill_update_per_layer[5]: 1.0034722222222223


Layer_id: 6 in AccumulationIntermediateOutputRegister

ideal_bandwidth_read_per_layer[6] + ideal_bandwidth_drain_per_layer[6]: 1.0034722222222223 vs level.read_bandwidth: 1
I am in Slowdown: Memory Bound
ideal_bandwidth_read_per_layer[6]: 1.0
ideal_bandwidth_drain_per_layer[6]: 0.003472222222222222
level.read_bandwidth: 1
total data (for bandwidth): 8522956800
scaling_per_layer[6]: 8493465600
SLOWDOWN CASE latency_read_drain_per_layer[6]: 1.0034722222222223

ideal_bandwidth_fill_per_layer[6] + ideal_bandwidth_update_per_layer[6]: 1.0034722222222223 vs level.write_bandwidth: 1
ideal_bandwidth_fill_per_layer[6]: 0.003472222222222222
ideal_bandwidth_update_per_layer[6]: 1.0
level.write_bandwidth: 1
total data (for bandwidth): 8522956800
scaling_per_layer[6]: 8493465600
SLOWDOWN CASE latency_fill_update_per_layer[6]: 1.0034722222222223


Layer_id: 7 in AccumulationIntermediateOutputRegister

ideal_bandwidth_read_per_layer[7] + ideal_bandwidth_drain_per_layer[7]: 1.0034722222222223 vs level.read_bandwidth: 1
I am in Slowdown: Memory Bound
ideal_bandwidth_read_per_layer[7]: 1.0
ideal_bandwidth_drain_per_layer[7]: 0.003472222222222222
level.read_bandwidth: 1
total data (for bandwidth): 8522956800
scaling_per_layer[7]: 8493465600
SLOWDOWN CASE latency_read_drain_per_layer[7]: 1.0034722222222223

ideal_bandwidth_fill_per_layer[7] + ideal_bandwidth_update_per_layer[7]: 1.0034722222222223 vs level.write_bandwidth: 1
ideal_bandwidth_fill_per_layer[7]: 0.003472222222222222
ideal_bandwidth_update_per_layer[7]: 1.0
level.write_bandwidth: 1
total data (for bandwidth): 8522956800
scaling_per_layer[7]: 8493465600
SLOWDOWN CASE latency_fill_update_per_layer[7]: 1.0034722222222223


Layer_id: 8 in AccumulationIntermediateOutputRegister

ideal_bandwidth_read_per_layer[8] + ideal_bandwidth_drain_per_layer[8]: 1.0034722222222223 vs level.read_bandwidth: 1
I am in Slowdown: Memory Bound
ideal_bandwidth_read_per_layer[8]: 1.0
ideal_bandwidth_drain_per_layer[8]: 0.003472222222222222
level.read_bandwidth: 1
total data (for bandwidth): 8522956800
scaling_per_layer[8]: 8493465600
SLOWDOWN CASE latency_read_drain_per_layer[8]: 1.0034722222222223

ideal_bandwidth_fill_per_layer[8] + ideal_bandwidth_update_per_layer[8]: 1.0034722222222223 vs level.write_bandwidth: 1
ideal_bandwidth_fill_per_layer[8]: 0.003472222222222222
ideal_bandwidth_update_per_layer[8]: 1.0
level.write_bandwidth: 1
total data (for bandwidth): 8522956800
scaling_per_layer[8]: 8493465600
SLOWDOWN CASE latency_fill_update_per_layer[8]: 1.0034722222222223


Layer_id: 9 in AccumulationIntermediateOutputRegister

ideal_bandwidth_read_per_layer[9] + ideal_bandwidth_drain_per_layer[9]: 1.0034722222222223 vs level.read_bandwidth: 1
I am in Slowdown: Memory Bound
ideal_bandwidth_read_per_layer[9]: 1.0
ideal_bandwidth_drain_per_layer[9]: 0.003472222222222222
level.read_bandwidth: 1
total data (for bandwidth): 8522956800
scaling_per_layer[9]: 8493465600
SLOWDOWN CASE latency_read_drain_per_layer[9]: 1.0034722222222223

ideal_bandwidth_fill_per_layer[9] + ideal_bandwidth_update_per_layer[9]: 1.0034722222222223 vs level.write_bandwidth: 1
ideal_bandwidth_fill_per_layer[9]: 0.003472222222222222
ideal_bandwidth_update_per_layer[9]: 1.0
level.write_bandwidth: 1
total data (for bandwidth): 8522956800
scaling_per_layer[9]: 8493465600
SLOWDOWN CASE latency_fill_update_per_layer[9]: 1.0034722222222223


Layer_id: 10 in AccumulationIntermediateOutputRegister

ideal_bandwidth_read_per_layer[10] + ideal_bandwidth_drain_per_layer[10]: 1.0 vs level.read_bandwidth: 1
I am in Compute Bound
cc_per_all_tiles_per_layer[10]: 1
STANDARD CASE latency_read_drain_per_layer[10]: 1

ideal_bandwidth_fill_per_layer[10] + ideal_bandwidth_update_per_layer[10]: 1.0 vs level.write_bandwidth: 1
previous_fanout_pe_to_pe_warmup: 0
STANDARD CASE latency_fill_update_per_layer[10]: 1

End of calculation of latency.

Calculating per tile final latency and stall for layer 0 in AccumulationIntermediateOutputRegister: latency_read_drain_per_layer[0] = 1.0740740740740742, latency_fill_update_per_layer[0] = 1.037037037037037
Final per tile latency_per_layer[0]: 1
Final per tile stall_cycles_per_layer[0]: 0
Ideal case: no stall introduced by this level per this layer: cc_per_all_tiles_per_layer[0]: 1
Calculating per tile final latency and stall for layer 1 in AccumulationIntermediateOutputRegister: latency_read_drain_per_layer[1] = 1.0034722222222223, latency_fill_update_per_layer[1] = 1.0034722222222223
Final per tile latency_per_layer[1]: 1
Final per tile stall_cycles_per_layer[1]: 0
Ideal case: no stall introduced by this level per this layer: cc_per_all_tiles_per_layer[1]: 1
Calculating per tile final latency and stall for layer 2 in AccumulationIntermediateOutputRegister: latency_read_drain_per_layer[2] = 1.0034722222222223, latency_fill_update_per_layer[2] = 1.0034722222222223
Final per tile latency_per_layer[2]: 1
Final per tile stall_cycles_per_layer[2]: 0
Ideal case: no stall introduced by this level per this layer: cc_per_all_tiles_per_layer[2]: 1
Calculating per tile final latency and stall for layer 3 in AccumulationIntermediateOutputRegister: latency_read_drain_per_layer[3] = 1.0034722222222223, latency_fill_update_per_layer[3] = 1.0034722222222223
Final per tile latency_per_layer[3]: 1
Final per tile stall_cycles_per_layer[3]: 0
Ideal case: no stall introduced by this level per this layer: cc_per_all_tiles_per_layer[3]: 1
Calculating per tile final latency and stall for layer 4 in AccumulationIntermediateOutputRegister: latency_read_drain_per_layer[4] = 1.0034722222222223, latency_fill_update_per_layer[4] = 1.0034722222222223
Final per tile latency_per_layer[4]: 1
Final per tile stall_cycles_per_layer[4]: 0
Ideal case: no stall introduced by this level per this layer: cc_per_all_tiles_per_layer[4]: 1
Calculating per tile final latency and stall for layer 5 in AccumulationIntermediateOutputRegister: latency_read_drain_per_layer[5] = 1.0034722222222223, latency_fill_update_per_layer[5] = 1.0034722222222223
Final per tile latency_per_layer[5]: 1
Final per tile stall_cycles_per_layer[5]: 0
Ideal case: no stall introduced by this level per this layer: cc_per_all_tiles_per_layer[5]: 1
Calculating per tile final latency and stall for layer 6 in AccumulationIntermediateOutputRegister: latency_read_drain_per_layer[6] = 1.0034722222222223, latency_fill_update_per_layer[6] = 1.0034722222222223
Final per tile latency_per_layer[6]: 1
Final per tile stall_cycles_per_layer[6]: 0
Ideal case: no stall introduced by this level per this layer: cc_per_all_tiles_per_layer[6]: 1
Calculating per tile final latency and stall for layer 7 in AccumulationIntermediateOutputRegister: latency_read_drain_per_layer[7] = 1.0034722222222223, latency_fill_update_per_layer[7] = 1.0034722222222223
Final per tile latency_per_layer[7]: 1
Final per tile stall_cycles_per_layer[7]: 0
Ideal case: no stall introduced by this level per this layer: cc_per_all_tiles_per_layer[7]: 1
Calculating per tile final latency and stall for layer 8 in AccumulationIntermediateOutputRegister: latency_read_drain_per_layer[8] = 1.0034722222222223, latency_fill_update_per_layer[8] = 1.0034722222222223
Final per tile latency_per_layer[8]: 1
Final per tile stall_cycles_per_layer[8]: 0
Ideal case: no stall introduced by this level per this layer: cc_per_all_tiles_per_layer[8]: 1
Calculating per tile final latency and stall for layer 9 in AccumulationIntermediateOutputRegister: latency_read_drain_per_layer[9] = 1.0034722222222223, latency_fill_update_per_layer[9] = 1.0034722222222223
Final per tile latency_per_layer[9]: 1
Final per tile stall_cycles_per_layer[9]: 0
Ideal case: no stall introduced by this level per this layer: cc_per_all_tiles_per_layer[9]: 1
Calculating per tile final latency and stall for layer 10 in AccumulationIntermediateOutputRegister: latency_read_drain_per_layer[10] = 1, latency_fill_update_per_layer[10] = 1
Final per tile latency_per_layer[10]: 1
Final per tile stall_cycles_per_layer[10]: 0
Ideal case: no stall introduced by this level per this layer: cc_per_all_tiles_per_layer[10]: 1


Calculating Latency for Level: WeightMemory

Latency for layer: 0 of Level: WeightMemory
level.active_instances_per_layer[0]: 1
level.temporal_iterations_per_layer[0]: 7200
Scaling per layer[0]: 7,200
Single Tile latency: cc_per_tile_per_layer[0]: 1.0740740740740742
Ideal Case, Latency at this level without stalls: cc_per_all_tiles_per_layer[0]: 58.00000000000001
SCALED cc_per_all_tiles_per_layer[0]: 417,600
level.getReadPerLayer[0](): 6,220,800
  (For comparison - full reads including accumulation: 6,220,800)
ideal_bandwidth_read_per_layer[0]: 14.896551724137929
level.getDrainPerLayer[0](): 0
ideal_bandwidth_drain_per_layer[0]: 0.0
ideal_bandwidth_update_per_layer[0]: 0.0
  (For comparison - full updates including accumulation: 0)
level.getFillPerLayer[0](): 864
ideal_bandwidth_fill_per_layer[0]: 0.002068965517241379

Latency for layer: 1 of Level: WeightMemory
level.active_instances_per_layer[1]: 1
level.temporal_iterations_per_layer[1]: 7200
Scaling per layer[1]: 7,200
Single Tile latency: cc_per_tile_per_layer[1]: 1.0034722222222223
Ideal Case, Latency at this level without stalls: cc_per_all_tiles_per_layer[1]: 578.0
SCALED cc_per_all_tiles_per_layer[1]: 4,161,600
level.getReadPerLayer[1](): 66,355,200
  (For comparison - full reads including accumulation: 66,355,200)
ideal_bandwidth_read_per_layer[1]: 15.944636678200691
level.getDrainPerLayer[1](): 0
ideal_bandwidth_drain_per_layer[1]: 0.0
ideal_bandwidth_update_per_layer[1]: 0.0
  (For comparison - full updates including accumulation: 0)
level.getFillPerLayer[1](): 9,216
ideal_bandwidth_fill_per_layer[1]: 0.0022145328719723185

Latency for layer: 2 of Level: WeightMemory
level.active_instances_per_layer[2]: 1
level.temporal_iterations_per_layer[2]: 7200
Scaling per layer[2]: 7,200
Single Tile latency: cc_per_tile_per_layer[2]: 1.0034722222222223
Ideal Case, Latency at this level without stalls: cc_per_all_tiles_per_layer[2]: 578.0
SCALED cc_per_all_tiles_per_layer[2]: 4,161,600
level.getReadPerLayer[2](): 66,355,200
  (For comparison - full reads including accumulation: 66,355,200)
ideal_bandwidth_read_per_layer[2]: 15.944636678200691
level.getDrainPerLayer[2](): 0
ideal_bandwidth_drain_per_layer[2]: 0.0
ideal_bandwidth_update_per_layer[2]: 0.0
  (For comparison - full updates including accumulation: 0)
level.getFillPerLayer[2](): 9,216
ideal_bandwidth_fill_per_layer[2]: 0.0022145328719723185

Latency for layer: 3 of Level: WeightMemory
level.active_instances_per_layer[3]: 1
level.temporal_iterations_per_layer[3]: 7200
Scaling per layer[3]: 7,200
Single Tile latency: cc_per_tile_per_layer[3]: 1.0034722222222223
Ideal Case, Latency at this level without stalls: cc_per_all_tiles_per_layer[3]: 578.0
SCALED cc_per_all_tiles_per_layer[3]: 4,161,600
level.getReadPerLayer[3](): 66,355,200
  (For comparison - full reads including accumulation: 66,355,200)
ideal_bandwidth_read_per_layer[3]: 15.944636678200691
level.getDrainPerLayer[3](): 0
ideal_bandwidth_drain_per_layer[3]: 0.0
ideal_bandwidth_update_per_layer[3]: 0.0
  (For comparison - full updates including accumulation: 0)
level.getFillPerLayer[3](): 9,216
ideal_bandwidth_fill_per_layer[3]: 0.0022145328719723185

Latency for layer: 4 of Level: WeightMemory
level.active_instances_per_layer[4]: 1
level.temporal_iterations_per_layer[4]: 7200
Scaling per layer[4]: 7,200
Single Tile latency: cc_per_tile_per_layer[4]: 1.0034722222222223
Ideal Case, Latency at this level without stalls: cc_per_all_tiles_per_layer[4]: 578.0
SCALED cc_per_all_tiles_per_layer[4]: 4,161,600
level.getReadPerLayer[4](): 66,355,200
  (For comparison - full reads including accumulation: 66,355,200)
ideal_bandwidth_read_per_layer[4]: 15.944636678200691
level.getDrainPerLayer[4](): 0
ideal_bandwidth_drain_per_layer[4]: 0.0
ideal_bandwidth_update_per_layer[4]: 0.0
  (For comparison - full updates including accumulation: 0)
level.getFillPerLayer[4](): 9,216
ideal_bandwidth_fill_per_layer[4]: 0.0022145328719723185

Latency for layer: 5 of Level: WeightMemory
level.active_instances_per_layer[5]: 1
level.temporal_iterations_per_layer[5]: 7200
Scaling per layer[5]: 7,200
Single Tile latency: cc_per_tile_per_layer[5]: 1.0034722222222223
Ideal Case, Latency at this level without stalls: cc_per_all_tiles_per_layer[5]: 578.0
SCALED cc_per_all_tiles_per_layer[5]: 4,161,600
level.getReadPerLayer[5](): 66,355,200
  (For comparison - full reads including accumulation: 66,355,200)
ideal_bandwidth_read_per_layer[5]: 15.944636678200691
level.getDrainPerLayer[5](): 0
ideal_bandwidth_drain_per_layer[5]: 0.0
ideal_bandwidth_update_per_layer[5]: 0.0
  (For comparison - full updates including accumulation: 0)
level.getFillPerLayer[5](): 9,216
ideal_bandwidth_fill_per_layer[5]: 0.0022145328719723185

Latency for layer: 6 of Level: WeightMemory
level.active_instances_per_layer[6]: 1
level.temporal_iterations_per_layer[6]: 7200
Scaling per layer[6]: 7,200
Single Tile latency: cc_per_tile_per_layer[6]: 1.0034722222222223
Ideal Case, Latency at this level without stalls: cc_per_all_tiles_per_layer[6]: 578.0
SCALED cc_per_all_tiles_per_layer[6]: 4,161,600
level.getReadPerLayer[6](): 66,355,200
  (For comparison - full reads including accumulation: 66,355,200)
ideal_bandwidth_read_per_layer[6]: 15.944636678200691
level.getDrainPerLayer[6](): 0
ideal_bandwidth_drain_per_layer[6]: 0.0
ideal_bandwidth_update_per_layer[6]: 0.0
  (For comparison - full updates including accumulation: 0)
level.getFillPerLayer[6](): 9,216
ideal_bandwidth_fill_per_layer[6]: 0.0022145328719723185

Latency for layer: 7 of Level: WeightMemory
level.active_instances_per_layer[7]: 1
level.temporal_iterations_per_layer[7]: 7200
Scaling per layer[7]: 7,200
Single Tile latency: cc_per_tile_per_layer[7]: 1.0034722222222223
Ideal Case, Latency at this level without stalls: cc_per_all_tiles_per_layer[7]: 578.0
SCALED cc_per_all_tiles_per_layer[7]: 4,161,600
level.getReadPerLayer[7](): 66,355,200
  (For comparison - full reads including accumulation: 66,355,200)
ideal_bandwidth_read_per_layer[7]: 15.944636678200691
level.getDrainPerLayer[7](): 0
ideal_bandwidth_drain_per_layer[7]: 0.0
ideal_bandwidth_update_per_layer[7]: 0.0
  (For comparison - full updates including accumulation: 0)
level.getFillPerLayer[7](): 9,216
ideal_bandwidth_fill_per_layer[7]: 0.0022145328719723185

Latency for layer: 8 of Level: WeightMemory
level.active_instances_per_layer[8]: 1
level.temporal_iterations_per_layer[8]: 7200
Scaling per layer[8]: 7,200
Single Tile latency: cc_per_tile_per_layer[8]: 1.0034722222222223
Ideal Case, Latency at this level without stalls: cc_per_all_tiles_per_layer[8]: 578.0
SCALED cc_per_all_tiles_per_layer[8]: 4,161,600
level.getReadPerLayer[8](): 66,355,200
  (For comparison - full reads including accumulation: 66,355,200)
ideal_bandwidth_read_per_layer[8]: 15.944636678200691
level.getDrainPerLayer[8](): 0
ideal_bandwidth_drain_per_layer[8]: 0.0
ideal_bandwidth_update_per_layer[8]: 0.0
  (For comparison - full updates including accumulation: 0)
level.getFillPerLayer[8](): 9,216
ideal_bandwidth_fill_per_layer[8]: 0.0022145328719723185

Latency for layer: 9 of Level: WeightMemory
level.active_instances_per_layer[9]: 1
level.temporal_iterations_per_layer[9]: 7200
Scaling per layer[9]: 7,200
Single Tile latency: cc_per_tile_per_layer[9]: 1.0034722222222223
Ideal Case, Latency at this level without stalls: cc_per_all_tiles_per_layer[9]: 578.0
SCALED cc_per_all_tiles_per_layer[9]: 4,161,600
level.getReadPerLayer[9](): 66,355,200
  (For comparison - full reads including accumulation: 66,355,200)
ideal_bandwidth_read_per_layer[9]: 15.944636678200691
level.getDrainPerLayer[9](): 0
ideal_bandwidth_drain_per_layer[9]: 0.0
ideal_bandwidth_update_per_layer[9]: 0.0
  (For comparison - full updates including accumulation: 0)
level.getFillPerLayer[9](): 9,216
ideal_bandwidth_fill_per_layer[9]: 0.0022145328719723185

Latency for layer: 10 of Level: WeightMemory
level.active_instances_per_layer[10]: 1
level.temporal_iterations_per_layer[10]: 7200
Scaling per layer[10]: 7,200
Single Tile latency: cc_per_tile_per_layer[10]: 1
Ideal Case, Latency at this level without stalls: cc_per_all_tiles_per_layer[10]: 32
SCALED cc_per_all_tiles_per_layer[10]: 230,400
level.getReadPerLayer[10](): 3,686,400
  (For comparison - full reads including accumulation: 3,686,400)
ideal_bandwidth_read_per_layer[10]: 16.0
level.getDrainPerLayer[10](): 0
ideal_bandwidth_drain_per_layer[10]: 0.0
ideal_bandwidth_update_per_layer[10]: 0.0
  (For comparison - full updates including accumulation: 0)
level.getFillPerLayer[10](): 512
ideal_bandwidth_fill_per_layer[10]: 0.0022222222222222222

Start of calculation of latency:


Layer_id: 0 in WeightMemory

ideal_bandwidth_read_per_layer[0] + ideal_bandwidth_drain_per_layer[0]: 14.896551724137929 vs level.read_bandwidth: 16.0
I am in Compute Bound
cc_per_all_tiles_per_layer[0]: 58.00000000000001
STANDARD CASE latency_read_drain_per_layer[0]: 58.00000000000001

ideal_bandwidth_fill_per_layer[0] + ideal_bandwidth_update_per_layer[0]: 0.002068965517241379 vs level.write_bandwidth: 16.0
previous_fanout_pe_to_pe_warmup: 0
STANDARD CASE latency_fill_update_per_layer[0]: 58.00000000000001


Layer_id: 1 in WeightMemory

ideal_bandwidth_read_per_layer[1] + ideal_bandwidth_drain_per_layer[1]: 15.944636678200691 vs level.read_bandwidth: 16.0
I am in Compute Bound
cc_per_all_tiles_per_layer[1]: 578.0
STANDARD CASE latency_read_drain_per_layer[1]: 578.0

ideal_bandwidth_fill_per_layer[1] + ideal_bandwidth_update_per_layer[1]: 0.0022145328719723185 vs level.write_bandwidth: 16.0
previous_fanout_pe_to_pe_warmup: 0
STANDARD CASE latency_fill_update_per_layer[1]: 578.0


Layer_id: 2 in WeightMemory

ideal_bandwidth_read_per_layer[2] + ideal_bandwidth_drain_per_layer[2]: 15.944636678200691 vs level.read_bandwidth: 16.0
I am in Compute Bound
cc_per_all_tiles_per_layer[2]: 578.0
STANDARD CASE latency_read_drain_per_layer[2]: 578.0

ideal_bandwidth_fill_per_layer[2] + ideal_bandwidth_update_per_layer[2]: 0.0022145328719723185 vs level.write_bandwidth: 16.0
previous_fanout_pe_to_pe_warmup: 0
STANDARD CASE latency_fill_update_per_layer[2]: 578.0


Layer_id: 3 in WeightMemory

ideal_bandwidth_read_per_layer[3] + ideal_bandwidth_drain_per_layer[3]: 15.944636678200691 vs level.read_bandwidth: 16.0
I am in Compute Bound
cc_per_all_tiles_per_layer[3]: 578.0
STANDARD CASE latency_read_drain_per_layer[3]: 578.0

ideal_bandwidth_fill_per_layer[3] + ideal_bandwidth_update_per_layer[3]: 0.0022145328719723185 vs level.write_bandwidth: 16.0
previous_fanout_pe_to_pe_warmup: 0
STANDARD CASE latency_fill_update_per_layer[3]: 578.0


Layer_id: 4 in WeightMemory

ideal_bandwidth_read_per_layer[4] + ideal_bandwidth_drain_per_layer[4]: 15.944636678200691 vs level.read_bandwidth: 16.0
I am in Compute Bound
cc_per_all_tiles_per_layer[4]: 578.0
STANDARD CASE latency_read_drain_per_layer[4]: 578.0

ideal_bandwidth_fill_per_layer[4] + ideal_bandwidth_update_per_layer[4]: 0.0022145328719723185 vs level.write_bandwidth: 16.0
previous_fanout_pe_to_pe_warmup: 0
STANDARD CASE latency_fill_update_per_layer[4]: 578.0


Layer_id: 5 in WeightMemory

ideal_bandwidth_read_per_layer[5] + ideal_bandwidth_drain_per_layer[5]: 15.944636678200691 vs level.read_bandwidth: 16.0
I am in Compute Bound
cc_per_all_tiles_per_layer[5]: 578.0
STANDARD CASE latency_read_drain_per_layer[5]: 578.0

ideal_bandwidth_fill_per_layer[5] + ideal_bandwidth_update_per_layer[5]: 0.0022145328719723185 vs level.write_bandwidth: 16.0
previous_fanout_pe_to_pe_warmup: 0
STANDARD CASE latency_fill_update_per_layer[5]: 578.0


Layer_id: 6 in WeightMemory

ideal_bandwidth_read_per_layer[6] + ideal_bandwidth_drain_per_layer[6]: 15.944636678200691 vs level.read_bandwidth: 16.0
I am in Compute Bound
cc_per_all_tiles_per_layer[6]: 578.0
STANDARD CASE latency_read_drain_per_layer[6]: 578.0

ideal_bandwidth_fill_per_layer[6] + ideal_bandwidth_update_per_layer[6]: 0.0022145328719723185 vs level.write_bandwidth: 16.0
previous_fanout_pe_to_pe_warmup: 0
STANDARD CASE latency_fill_update_per_layer[6]: 578.0


Layer_id: 7 in WeightMemory

ideal_bandwidth_read_per_layer[7] + ideal_bandwidth_drain_per_layer[7]: 15.944636678200691 vs level.read_bandwidth: 16.0
I am in Compute Bound
cc_per_all_tiles_per_layer[7]: 578.0
STANDARD CASE latency_read_drain_per_layer[7]: 578.0

ideal_bandwidth_fill_per_layer[7] + ideal_bandwidth_update_per_layer[7]: 0.0022145328719723185 vs level.write_bandwidth: 16.0
previous_fanout_pe_to_pe_warmup: 0
STANDARD CASE latency_fill_update_per_layer[7]: 578.0


Layer_id: 8 in WeightMemory

ideal_bandwidth_read_per_layer[8] + ideal_bandwidth_drain_per_layer[8]: 15.944636678200691 vs level.read_bandwidth: 16.0
I am in Compute Bound
cc_per_all_tiles_per_layer[8]: 578.0
STANDARD CASE latency_read_drain_per_layer[8]: 578.0

ideal_bandwidth_fill_per_layer[8] + ideal_bandwidth_update_per_layer[8]: 0.0022145328719723185 vs level.write_bandwidth: 16.0
previous_fanout_pe_to_pe_warmup: 0
STANDARD CASE latency_fill_update_per_layer[8]: 578.0


Layer_id: 9 in WeightMemory

ideal_bandwidth_read_per_layer[9] + ideal_bandwidth_drain_per_layer[9]: 15.944636678200691 vs level.read_bandwidth: 16.0
I am in Compute Bound
cc_per_all_tiles_per_layer[9]: 578.0
STANDARD CASE latency_read_drain_per_layer[9]: 578.0

ideal_bandwidth_fill_per_layer[9] + ideal_bandwidth_update_per_layer[9]: 0.0022145328719723185 vs level.write_bandwidth: 16.0
previous_fanout_pe_to_pe_warmup: 0
STANDARD CASE latency_fill_update_per_layer[9]: 578.0


Layer_id: 10 in WeightMemory

ideal_bandwidth_read_per_layer[10] + ideal_bandwidth_drain_per_layer[10]: 16.0 vs level.read_bandwidth: 16.0
I am in Compute Bound
cc_per_all_tiles_per_layer[10]: 32
STANDARD CASE latency_read_drain_per_layer[10]: 32

ideal_bandwidth_fill_per_layer[10] + ideal_bandwidth_update_per_layer[10]: 0.0022222222222222222 vs level.write_bandwidth: 16.0
previous_fanout_pe_to_pe_warmup: 0
STANDARD CASE latency_fill_update_per_layer[10]: 32

End of calculation of latency.

Calculating per tile final latency and stall for layer 0 in WeightMemory: latency_read_drain_per_layer[0] = 58.00000000000001, latency_fill_update_per_layer[0] = 58.00000000000001
Final per tile latency_per_layer[0]: 58
Final per tile stall_cycles_per_layer[0]: 0
Ideal case: no stall introduced by this level per this layer: cc_per_all_tiles_per_layer[0]: 58
Calculating per tile final latency and stall for layer 1 in WeightMemory: latency_read_drain_per_layer[1] = 578.0, latency_fill_update_per_layer[1] = 578.0
Final per tile latency_per_layer[1]: 578
Final per tile stall_cycles_per_layer[1]: 0
Ideal case: no stall introduced by this level per this layer: cc_per_all_tiles_per_layer[1]: 578
Calculating per tile final latency and stall for layer 2 in WeightMemory: latency_read_drain_per_layer[2] = 578.0, latency_fill_update_per_layer[2] = 578.0
Final per tile latency_per_layer[2]: 578
Final per tile stall_cycles_per_layer[2]: 0
Ideal case: no stall introduced by this level per this layer: cc_per_all_tiles_per_layer[2]: 578
Calculating per tile final latency and stall for layer 3 in WeightMemory: latency_read_drain_per_layer[3] = 578.0, latency_fill_update_per_layer[3] = 578.0
Final per tile latency_per_layer[3]: 578
Final per tile stall_cycles_per_layer[3]: 0
Ideal case: no stall introduced by this level per this layer: cc_per_all_tiles_per_layer[3]: 578
Calculating per tile final latency and stall for layer 4 in WeightMemory: latency_read_drain_per_layer[4] = 578.0, latency_fill_update_per_layer[4] = 578.0
Final per tile latency_per_layer[4]: 578
Final per tile stall_cycles_per_layer[4]: 0
Ideal case: no stall introduced by this level per this layer: cc_per_all_tiles_per_layer[4]: 578
Calculating per tile final latency and stall for layer 5 in WeightMemory: latency_read_drain_per_layer[5] = 578.0, latency_fill_update_per_layer[5] = 578.0
Final per tile latency_per_layer[5]: 578
Final per tile stall_cycles_per_layer[5]: 0
Ideal case: no stall introduced by this level per this layer: cc_per_all_tiles_per_layer[5]: 578
Calculating per tile final latency and stall for layer 6 in WeightMemory: latency_read_drain_per_layer[6] = 578.0, latency_fill_update_per_layer[6] = 578.0
Final per tile latency_per_layer[6]: 578
Final per tile stall_cycles_per_layer[6]: 0
Ideal case: no stall introduced by this level per this layer: cc_per_all_tiles_per_layer[6]: 578
Calculating per tile final latency and stall for layer 7 in WeightMemory: latency_read_drain_per_layer[7] = 578.0, latency_fill_update_per_layer[7] = 578.0
Final per tile latency_per_layer[7]: 578
Final per tile stall_cycles_per_layer[7]: 0
Ideal case: no stall introduced by this level per this layer: cc_per_all_tiles_per_layer[7]: 578
Calculating per tile final latency and stall for layer 8 in WeightMemory: latency_read_drain_per_layer[8] = 578.0, latency_fill_update_per_layer[8] = 578.0
Final per tile latency_per_layer[8]: 578
Final per tile stall_cycles_per_layer[8]: 0
Ideal case: no stall introduced by this level per this layer: cc_per_all_tiles_per_layer[8]: 578
Calculating per tile final latency and stall for layer 9 in WeightMemory: latency_read_drain_per_layer[9] = 578.0, latency_fill_update_per_layer[9] = 578.0
Final per tile latency_per_layer[9]: 578
Final per tile stall_cycles_per_layer[9]: 0
Ideal case: no stall introduced by this level per this layer: cc_per_all_tiles_per_layer[9]: 578
Calculating per tile final latency and stall for layer 10 in WeightMemory: latency_read_drain_per_layer[10] = 32, latency_fill_update_per_layer[10] = 32
Final per tile latency_per_layer[10]: 32
Final per tile stall_cycles_per_layer[10]: 0
Ideal case: no stall introduced by this level per this layer: cc_per_all_tiles_per_layer[10]: 32


Calculating Latency for Level: FeatureMemory

Latency for layer: 0 of Level: FeatureMemory
level.active_instances_per_layer[0]: 1
level.temporal_iterations_per_layer[0]: 7200
Scaling per layer[0]: 7,200
Single Tile latency: cc_per_tile_per_layer[0]: 58.00000000000001
Ideal Case, Latency at this level without stalls: cc_per_all_tiles_per_layer[0]: 58.00000000000001
SCALED cc_per_all_tiles_per_layer[0]: 417,600
level.getReadPerLayer[0](): 79,257,600
  (For comparison - full reads including accumulation: 79,257,600)
ideal_bandwidth_read_per_layer[0]: 189.79310344827584
level.getDrainPerLayer[0](): 0
ideal_bandwidth_drain_per_layer[0]: 0.0
ideal_bandwidth_update_per_layer[0]: 70.6206896551724
  (For comparison - full updates including accumulation: 29,491,200)
level.getFillPerLayer[0](): 2,764,800
ideal_bandwidth_fill_per_layer[0]: 6.620689655172413

Latency for layer: 1 of Level: FeatureMemory
level.active_instances_per_layer[1]: 1
level.temporal_iterations_per_layer[1]: 7200
Scaling per layer[1]: 7,200
Single Tile latency: cc_per_tile_per_layer[1]: 578.0
Ideal Case, Latency at this level without stalls: cc_per_all_tiles_per_layer[1]: 578.0
SCALED cc_per_all_tiles_per_layer[1]: 4,161,600
level.getReadPerLayer[1](): 560,332,800
  (For comparison - full reads including accumulation: 560,332,800)
ideal_bandwidth_read_per_layer[1]: 134.64359861591694
level.getDrainPerLayer[1](): 0
ideal_bandwidth_drain_per_layer[1]: 0.0
ideal_bandwidth_update_per_layer[1]: 7.086505190311419
  (For comparison - full updates including accumulation: 29,491,200)
level.getFillPerLayer[1](): 0
ideal_bandwidth_fill_per_layer[1]: 0.0

Latency for layer: 2 of Level: FeatureMemory
level.active_instances_per_layer[2]: 1
level.temporal_iterations_per_layer[2]: 7200
Scaling per layer[2]: 7,200
Single Tile latency: cc_per_tile_per_layer[2]: 578.0
Ideal Case, Latency at this level without stalls: cc_per_all_tiles_per_layer[2]: 578.0
SCALED cc_per_all_tiles_per_layer[2]: 4,161,600
level.getReadPerLayer[2](): 560,332,800
  (For comparison - full reads including accumulation: 560,332,800)
ideal_bandwidth_read_per_layer[2]: 134.64359861591694
level.getDrainPerLayer[2](): 0
ideal_bandwidth_drain_per_layer[2]: 0.0
ideal_bandwidth_update_per_layer[2]: 7.086505190311419
  (For comparison - full updates including accumulation: 29,491,200)
level.getFillPerLayer[2](): 0
ideal_bandwidth_fill_per_layer[2]: 0.0

Latency for layer: 3 of Level: FeatureMemory
level.active_instances_per_layer[3]: 1
level.temporal_iterations_per_layer[3]: 7200
Scaling per layer[3]: 7,200
Single Tile latency: cc_per_tile_per_layer[3]: 578.0
Ideal Case, Latency at this level without stalls: cc_per_all_tiles_per_layer[3]: 578.0
SCALED cc_per_all_tiles_per_layer[3]: 4,161,600
level.getReadPerLayer[3](): 560,332,800
  (For comparison - full reads including accumulation: 560,332,800)
ideal_bandwidth_read_per_layer[3]: 134.64359861591694
level.getDrainPerLayer[3](): 0
ideal_bandwidth_drain_per_layer[3]: 0.0
ideal_bandwidth_update_per_layer[3]: 7.086505190311419
  (For comparison - full updates including accumulation: 29,491,200)
level.getFillPerLayer[3](): 0
ideal_bandwidth_fill_per_layer[3]: 0.0

Latency for layer: 4 of Level: FeatureMemory
level.active_instances_per_layer[4]: 1
level.temporal_iterations_per_layer[4]: 7200
Scaling per layer[4]: 7,200
Single Tile latency: cc_per_tile_per_layer[4]: 578.0
Ideal Case, Latency at this level without stalls: cc_per_all_tiles_per_layer[4]: 578.0
SCALED cc_per_all_tiles_per_layer[4]: 4,161,600
level.getReadPerLayer[4](): 560,332,800
  (For comparison - full reads including accumulation: 560,332,800)
ideal_bandwidth_read_per_layer[4]: 134.64359861591694
level.getDrainPerLayer[4](): 0
ideal_bandwidth_drain_per_layer[4]: 0.0
ideal_bandwidth_update_per_layer[4]: 7.086505190311419
  (For comparison - full updates including accumulation: 29,491,200)
level.getFillPerLayer[4](): 0
ideal_bandwidth_fill_per_layer[4]: 0.0

Latency for layer: 5 of Level: FeatureMemory
level.active_instances_per_layer[5]: 1
level.temporal_iterations_per_layer[5]: 7200
Scaling per layer[5]: 7,200
Single Tile latency: cc_per_tile_per_layer[5]: 578.0
Ideal Case, Latency at this level without stalls: cc_per_all_tiles_per_layer[5]: 578.0
SCALED cc_per_all_tiles_per_layer[5]: 4,161,600
level.getReadPerLayer[5](): 560,332,800
  (For comparison - full reads including accumulation: 560,332,800)
ideal_bandwidth_read_per_layer[5]: 134.64359861591694
level.getDrainPerLayer[5](): 0
ideal_bandwidth_drain_per_layer[5]: 0.0
ideal_bandwidth_update_per_layer[5]: 7.086505190311419
  (For comparison - full updates including accumulation: 29,491,200)
level.getFillPerLayer[5](): 0
ideal_bandwidth_fill_per_layer[5]: 0.0

Latency for layer: 6 of Level: FeatureMemory
level.active_instances_per_layer[6]: 1
level.temporal_iterations_per_layer[6]: 7200
Scaling per layer[6]: 7,200
Single Tile latency: cc_per_tile_per_layer[6]: 578.0
Ideal Case, Latency at this level without stalls: cc_per_all_tiles_per_layer[6]: 578.0
SCALED cc_per_all_tiles_per_layer[6]: 4,161,600
level.getReadPerLayer[6](): 560,332,800
  (For comparison - full reads including accumulation: 560,332,800)
ideal_bandwidth_read_per_layer[6]: 134.64359861591694
level.getDrainPerLayer[6](): 0
ideal_bandwidth_drain_per_layer[6]: 0.0
ideal_bandwidth_update_per_layer[6]: 7.086505190311419
  (For comparison - full updates including accumulation: 29,491,200)
level.getFillPerLayer[6](): 0
ideal_bandwidth_fill_per_layer[6]: 0.0

Latency for layer: 7 of Level: FeatureMemory
level.active_instances_per_layer[7]: 1
level.temporal_iterations_per_layer[7]: 7200
Scaling per layer[7]: 7,200
Single Tile latency: cc_per_tile_per_layer[7]: 578.0
Ideal Case, Latency at this level without stalls: cc_per_all_tiles_per_layer[7]: 578.0
SCALED cc_per_all_tiles_per_layer[7]: 4,161,600
level.getReadPerLayer[7](): 560,332,800
  (For comparison - full reads including accumulation: 560,332,800)
ideal_bandwidth_read_per_layer[7]: 134.64359861591694
level.getDrainPerLayer[7](): 0
ideal_bandwidth_drain_per_layer[7]: 0.0
ideal_bandwidth_update_per_layer[7]: 7.086505190311419
  (For comparison - full updates including accumulation: 29,491,200)
level.getFillPerLayer[7](): 0
ideal_bandwidth_fill_per_layer[7]: 0.0

Latency for layer: 8 of Level: FeatureMemory
level.active_instances_per_layer[8]: 1
level.temporal_iterations_per_layer[8]: 7200
Scaling per layer[8]: 7,200
Single Tile latency: cc_per_tile_per_layer[8]: 578.0
Ideal Case, Latency at this level without stalls: cc_per_all_tiles_per_layer[8]: 578.0
SCALED cc_per_all_tiles_per_layer[8]: 4,161,600
level.getReadPerLayer[8](): 560,332,800
  (For comparison - full reads including accumulation: 560,332,800)
ideal_bandwidth_read_per_layer[8]: 134.64359861591694
level.getDrainPerLayer[8](): 0
ideal_bandwidth_drain_per_layer[8]: 0.0
ideal_bandwidth_update_per_layer[8]: 7.086505190311419
  (For comparison - full updates including accumulation: 29,491,200)
level.getFillPerLayer[8](): 0
ideal_bandwidth_fill_per_layer[8]: 0.0

Latency for layer: 9 of Level: FeatureMemory
level.active_instances_per_layer[9]: 1
level.temporal_iterations_per_layer[9]: 7200
Scaling per layer[9]: 7,200
Single Tile latency: cc_per_tile_per_layer[9]: 578.0
Ideal Case, Latency at this level without stalls: cc_per_all_tiles_per_layer[9]: 578.0
SCALED cc_per_all_tiles_per_layer[9]: 4,161,600
level.getReadPerLayer[9](): 560,332,800
  (For comparison - full reads including accumulation: 560,332,800)
ideal_bandwidth_read_per_layer[9]: 134.64359861591694
level.getDrainPerLayer[9](): 0
ideal_bandwidth_drain_per_layer[9]: 0.0
ideal_bandwidth_update_per_layer[9]: 7.086505190311419
  (For comparison - full updates including accumulation: 29,491,200)
level.getFillPerLayer[9](): 0
ideal_bandwidth_fill_per_layer[9]: 0.0

Latency for layer: 10 of Level: FeatureMemory
level.active_instances_per_layer[10]: 1
level.temporal_iterations_per_layer[10]: 7200
Scaling per layer[10]: 7,200
Single Tile latency: cc_per_tile_per_layer[10]: 32
Ideal Case, Latency at this level without stalls: cc_per_all_tiles_per_layer[10]: 32
SCALED cc_per_all_tiles_per_layer[10]: 230,400
level.getReadPerLayer[10](): 29,491,200
  (For comparison - full reads including accumulation: 29,491,200)
ideal_bandwidth_read_per_layer[10]: 128.0
level.getDrainPerLayer[10](): 14,745,600
ideal_bandwidth_drain_per_layer[10]: 64.0
ideal_bandwidth_update_per_layer[10]: 64.0
  (For comparison - full updates including accumulation: 14,745,600)
level.getFillPerLayer[10](): 0
ideal_bandwidth_fill_per_layer[10]: 0.0

Start of calculation of latency:
I am in FeatureMemory level, so I use different formula for latency calculation


Layer_id: 0 in FeatureMemory

scaling_per_layer[0]: 7200
I AM HERE total_data_rd: 79257600
latency_per_layer[0]: 118.39393939393939, latency_read_drain_per_layer[0]: 83.39393939393939, latency_fill_update_per_layer[0]: 35.0
Total latency so far: 118.39393939393939


Layer_id: 1 in FeatureMemory

scaling_per_layer[1]: 7200
I AM HERE total_data_rd: 560332800
latency_per_layer[1]: 621.5757575757576, latency_read_drain_per_layer[1]: 589.5757575757576, latency_fill_update_per_layer[1]: 32.0
Total latency so far: 739.969696969697


Layer_id: 2 in FeatureMemory

scaling_per_layer[2]: 7200
I AM HERE total_data_rd: 560332800
latency_per_layer[2]: 621.5757575757576, latency_read_drain_per_layer[2]: 589.5757575757576, latency_fill_update_per_layer[2]: 32.0
Total latency so far: 1361.5454545454545


Layer_id: 3 in FeatureMemory

scaling_per_layer[3]: 7200
I AM HERE total_data_rd: 560332800
latency_per_layer[3]: 621.5757575757576, latency_read_drain_per_layer[3]: 589.5757575757576, latency_fill_update_per_layer[3]: 32.0
Total latency so far: 1983.121212121212


Layer_id: 4 in FeatureMemory

scaling_per_layer[4]: 7200
I AM HERE total_data_rd: 560332800
latency_per_layer[4]: 621.5757575757576, latency_read_drain_per_layer[4]: 589.5757575757576, latency_fill_update_per_layer[4]: 32.0
Total latency so far: 2604.6969696969695


Layer_id: 5 in FeatureMemory

scaling_per_layer[5]: 7200
I AM HERE total_data_rd: 560332800
latency_per_layer[5]: 621.5757575757576, latency_read_drain_per_layer[5]: 589.5757575757576, latency_fill_update_per_layer[5]: 32.0
Total latency so far: 3226.272727272727


Layer_id: 6 in FeatureMemory

scaling_per_layer[6]: 7200
I AM HERE total_data_rd: 560332800
latency_per_layer[6]: 621.5757575757576, latency_read_drain_per_layer[6]: 589.5757575757576, latency_fill_update_per_layer[6]: 32.0
Total latency so far: 3847.8484848484845


Layer_id: 7 in FeatureMemory

scaling_per_layer[7]: 7200
I AM HERE total_data_rd: 560332800
latency_per_layer[7]: 621.5757575757576, latency_read_drain_per_layer[7]: 589.5757575757576, latency_fill_update_per_layer[7]: 32.0
Total latency so far: 4469.424242424242


Layer_id: 8 in FeatureMemory

scaling_per_layer[8]: 7200
I AM HERE total_data_rd: 560332800
latency_per_layer[8]: 621.5757575757576, latency_read_drain_per_layer[8]: 589.5757575757576, latency_fill_update_per_layer[8]: 32.0
Total latency so far: 5091.0


Layer_id: 9 in FeatureMemory

scaling_per_layer[9]: 7200
I AM HERE total_data_rd: 560332800
latency_per_layer[9]: 621.5757575757576, latency_read_drain_per_layer[9]: 589.5757575757576, latency_fill_update_per_layer[9]: 32.0
Total latency so far: 5712.575757575758


Layer_id: 10 in FeatureMemory

scaling_per_layer[10]: 7200
I AM HERE total_data_rd: 44236800
latency_per_layer[10]: 62.54545454545455, latency_read_drain_per_layer[10]: 46.54545454545455, latency_fill_update_per_layer[10]: 16.0
Total latency so far: 5775.121212121213

End of calculation of latency.

Calculating per tile final latency and stall for layer 0 in FeatureMemory: latency_read_drain_per_layer[0] = 83.39393939393939, latency_fill_update_per_layer[0] = 35.0
Final per tile latency_per_layer[0]: 118
Final per tile stall_cycles_per_layer[0]: 60
Ideal case: no stall introduced by this level per this layer: cc_per_all_tiles_per_layer[0]: 58
Calculating per tile final latency and stall for layer 1 in FeatureMemory: latency_read_drain_per_layer[1] = 589.5757575757576, latency_fill_update_per_layer[1] = 32.0
Final per tile latency_per_layer[1]: 622
Final per tile stall_cycles_per_layer[1]: 44
Ideal case: no stall introduced by this level per this layer: cc_per_all_tiles_per_layer[1]: 578
Calculating per tile final latency and stall for layer 2 in FeatureMemory: latency_read_drain_per_layer[2] = 589.5757575757576, latency_fill_update_per_layer[2] = 32.0
Final per tile latency_per_layer[2]: 622
Final per tile stall_cycles_per_layer[2]: 44
Ideal case: no stall introduced by this level per this layer: cc_per_all_tiles_per_layer[2]: 578
Calculating per tile final latency and stall for layer 3 in FeatureMemory: latency_read_drain_per_layer[3] = 589.5757575757576, latency_fill_update_per_layer[3] = 32.0
Final per tile latency_per_layer[3]: 622
Final per tile stall_cycles_per_layer[3]: 44
Ideal case: no stall introduced by this level per this layer: cc_per_all_tiles_per_layer[3]: 578
Calculating per tile final latency and stall for layer 4 in FeatureMemory: latency_read_drain_per_layer[4] = 589.5757575757576, latency_fill_update_per_layer[4] = 32.0
Final per tile latency_per_layer[4]: 622
Final per tile stall_cycles_per_layer[4]: 44
Ideal case: no stall introduced by this level per this layer: cc_per_all_tiles_per_layer[4]: 578
Calculating per tile final latency and stall for layer 5 in FeatureMemory: latency_read_drain_per_layer[5] = 589.5757575757576, latency_fill_update_per_layer[5] = 32.0
Final per tile latency_per_layer[5]: 622
Final per tile stall_cycles_per_layer[5]: 44
Ideal case: no stall introduced by this level per this layer: cc_per_all_tiles_per_layer[5]: 578
Calculating per tile final latency and stall for layer 6 in FeatureMemory: latency_read_drain_per_layer[6] = 589.5757575757576, latency_fill_update_per_layer[6] = 32.0
Final per tile latency_per_layer[6]: 622
Final per tile stall_cycles_per_layer[6]: 44
Ideal case: no stall introduced by this level per this layer: cc_per_all_tiles_per_layer[6]: 578
Calculating per tile final latency and stall for layer 7 in FeatureMemory: latency_read_drain_per_layer[7] = 589.5757575757576, latency_fill_update_per_layer[7] = 32.0
Final per tile latency_per_layer[7]: 622
Final per tile stall_cycles_per_layer[7]: 44
Ideal case: no stall introduced by this level per this layer: cc_per_all_tiles_per_layer[7]: 578
Calculating per tile final latency and stall for layer 8 in FeatureMemory: latency_read_drain_per_layer[8] = 589.5757575757576, latency_fill_update_per_layer[8] = 32.0
Final per tile latency_per_layer[8]: 622
Final per tile stall_cycles_per_layer[8]: 44
Ideal case: no stall introduced by this level per this layer: cc_per_all_tiles_per_layer[8]: 578
Calculating per tile final latency and stall for layer 9 in FeatureMemory: latency_read_drain_per_layer[9] = 589.5757575757576, latency_fill_update_per_layer[9] = 32.0
Final per tile latency_per_layer[9]: 622
Final per tile stall_cycles_per_layer[9]: 44
Ideal case: no stall introduced by this level per this layer: cc_per_all_tiles_per_layer[9]: 578
Calculating per tile final latency and stall for layer 10 in FeatureMemory: latency_read_drain_per_layer[10] = 46.54545454545455, latency_fill_update_per_layer[10] = 16.0
Final per tile latency_per_layer[10]: 63
Final per tile stall_cycles_per_layer[10]: 31
Ideal case: no stall introduced by this level per this layer: cc_per_all_tiles_per_layer[10]: 32


Calculating Latency for Level: DRAM

Latency for layer: 0 of Level: DRAM
level.active_instances_per_layer[0]: 1
level.temporal_iterations_per_layer[0]: 1
Scaling per layer[0]: 1
Single Tile latency: cc_per_tile_per_layer[0]: 118.39393939393939
Ideal Case, Latency at this level without stalls: cc_per_all_tiles_per_layer[0]: 852436.3636363636
SCALED cc_per_all_tiles_per_layer[0]: 852,436
level.getReadPerLayer[0](): 2,765,664
  (For comparison - full reads including accumulation: 2,765,664)
ideal_bandwidth_read_per_layer[0]: 3.2444228308164833
level.getDrainPerLayer[0](): 0
ideal_bandwidth_drain_per_layer[0]: 0.0
ideal_bandwidth_update_per_layer[0]: 0.0
  (For comparison - full updates including accumulation: 0)
level.getFillPerLayer[0](): 0
ideal_bandwidth_fill_per_layer[0]: 0.0

Latency for layer: 1 of Level: DRAM
level.active_instances_per_layer[1]: 1
level.temporal_iterations_per_layer[1]: 1
Scaling per layer[1]: 1
Single Tile latency: cc_per_tile_per_layer[1]: 621.5757575757576
Ideal Case, Latency at this level without stalls: cc_per_all_tiles_per_layer[1]: 4475345.454545455
SCALED cc_per_all_tiles_per_layer[1]: 4,475,345
level.getReadPerLayer[1](): 9,216
  (For comparison - full reads including accumulation: 9,216)
ideal_bandwidth_read_per_layer[1]: 0.0020592823712948516
level.getDrainPerLayer[1](): 0
ideal_bandwidth_drain_per_layer[1]: 0.0
ideal_bandwidth_update_per_layer[1]: 0.0
  (For comparison - full updates including accumulation: 0)
level.getFillPerLayer[1](): 0
ideal_bandwidth_fill_per_layer[1]: 0.0

Latency for layer: 2 of Level: DRAM
level.active_instances_per_layer[2]: 1
level.temporal_iterations_per_layer[2]: 1
Scaling per layer[2]: 1
Single Tile latency: cc_per_tile_per_layer[2]: 621.5757575757576
Ideal Case, Latency at this level without stalls: cc_per_all_tiles_per_layer[2]: 4475345.454545455
SCALED cc_per_all_tiles_per_layer[2]: 4,475,345
level.getReadPerLayer[2](): 9,216
  (For comparison - full reads including accumulation: 9,216)
ideal_bandwidth_read_per_layer[2]: 0.0020592823712948516
level.getDrainPerLayer[2](): 0
ideal_bandwidth_drain_per_layer[2]: 0.0
ideal_bandwidth_update_per_layer[2]: 0.0
  (For comparison - full updates including accumulation: 0)
level.getFillPerLayer[2](): 0
ideal_bandwidth_fill_per_layer[2]: 0.0

Latency for layer: 3 of Level: DRAM
level.active_instances_per_layer[3]: 1
level.temporal_iterations_per_layer[3]: 1
Scaling per layer[3]: 1
Single Tile latency: cc_per_tile_per_layer[3]: 621.5757575757576
Ideal Case, Latency at this level without stalls: cc_per_all_tiles_per_layer[3]: 4475345.454545455
SCALED cc_per_all_tiles_per_layer[3]: 4,475,345
level.getReadPerLayer[3](): 9,216
  (For comparison - full reads including accumulation: 9,216)
ideal_bandwidth_read_per_layer[3]: 0.0020592823712948516
level.getDrainPerLayer[3](): 0
ideal_bandwidth_drain_per_layer[3]: 0.0
ideal_bandwidth_update_per_layer[3]: 0.0
  (For comparison - full updates including accumulation: 0)
level.getFillPerLayer[3](): 0
ideal_bandwidth_fill_per_layer[3]: 0.0

Latency for layer: 4 of Level: DRAM
level.active_instances_per_layer[4]: 1
level.temporal_iterations_per_layer[4]: 1
Scaling per layer[4]: 1
Single Tile latency: cc_per_tile_per_layer[4]: 621.5757575757576
Ideal Case, Latency at this level without stalls: cc_per_all_tiles_per_layer[4]: 4475345.454545455
SCALED cc_per_all_tiles_per_layer[4]: 4,475,345
level.getReadPerLayer[4](): 9,216
  (For comparison - full reads including accumulation: 9,216)
ideal_bandwidth_read_per_layer[4]: 0.0020592823712948516
level.getDrainPerLayer[4](): 0
ideal_bandwidth_drain_per_layer[4]: 0.0
ideal_bandwidth_update_per_layer[4]: 0.0
  (For comparison - full updates including accumulation: 0)
level.getFillPerLayer[4](): 0
ideal_bandwidth_fill_per_layer[4]: 0.0

Latency for layer: 5 of Level: DRAM
level.active_instances_per_layer[5]: 1
level.temporal_iterations_per_layer[5]: 1
Scaling per layer[5]: 1
Single Tile latency: cc_per_tile_per_layer[5]: 621.5757575757576
Ideal Case, Latency at this level without stalls: cc_per_all_tiles_per_layer[5]: 4475345.454545455
SCALED cc_per_all_tiles_per_layer[5]: 4,475,345
level.getReadPerLayer[5](): 9,216
  (For comparison - full reads including accumulation: 9,216)
ideal_bandwidth_read_per_layer[5]: 0.0020592823712948516
level.getDrainPerLayer[5](): 0
ideal_bandwidth_drain_per_layer[5]: 0.0
ideal_bandwidth_update_per_layer[5]: 0.0
  (For comparison - full updates including accumulation: 0)
level.getFillPerLayer[5](): 0
ideal_bandwidth_fill_per_layer[5]: 0.0

Latency for layer: 6 of Level: DRAM
level.active_instances_per_layer[6]: 1
level.temporal_iterations_per_layer[6]: 1
Scaling per layer[6]: 1
Single Tile latency: cc_per_tile_per_layer[6]: 621.5757575757576
Ideal Case, Latency at this level without stalls: cc_per_all_tiles_per_layer[6]: 4475345.454545455
SCALED cc_per_all_tiles_per_layer[6]: 4,475,345
level.getReadPerLayer[6](): 9,216
  (For comparison - full reads including accumulation: 9,216)
ideal_bandwidth_read_per_layer[6]: 0.0020592823712948516
level.getDrainPerLayer[6](): 0
ideal_bandwidth_drain_per_layer[6]: 0.0
ideal_bandwidth_update_per_layer[6]: 0.0
  (For comparison - full updates including accumulation: 0)
level.getFillPerLayer[6](): 0
ideal_bandwidth_fill_per_layer[6]: 0.0

Latency for layer: 7 of Level: DRAM
level.active_instances_per_layer[7]: 1
level.temporal_iterations_per_layer[7]: 1
Scaling per layer[7]: 1
Single Tile latency: cc_per_tile_per_layer[7]: 621.5757575757576
Ideal Case, Latency at this level without stalls: cc_per_all_tiles_per_layer[7]: 4475345.454545455
SCALED cc_per_all_tiles_per_layer[7]: 4,475,345
level.getReadPerLayer[7](): 9,216
  (For comparison - full reads including accumulation: 9,216)
ideal_bandwidth_read_per_layer[7]: 0.0020592823712948516
level.getDrainPerLayer[7](): 0
ideal_bandwidth_drain_per_layer[7]: 0.0
ideal_bandwidth_update_per_layer[7]: 0.0
  (For comparison - full updates including accumulation: 0)
level.getFillPerLayer[7](): 0
ideal_bandwidth_fill_per_layer[7]: 0.0

Latency for layer: 8 of Level: DRAM
level.active_instances_per_layer[8]: 1
level.temporal_iterations_per_layer[8]: 1
Scaling per layer[8]: 1
Single Tile latency: cc_per_tile_per_layer[8]: 621.5757575757576
Ideal Case, Latency at this level without stalls: cc_per_all_tiles_per_layer[8]: 4475345.454545455
SCALED cc_per_all_tiles_per_layer[8]: 4,475,345
level.getReadPerLayer[8](): 9,216
  (For comparison - full reads including accumulation: 9,216)
ideal_bandwidth_read_per_layer[8]: 0.0020592823712948516
level.getDrainPerLayer[8](): 0
ideal_bandwidth_drain_per_layer[8]: 0.0
ideal_bandwidth_update_per_layer[8]: 0.0
  (For comparison - full updates including accumulation: 0)
level.getFillPerLayer[8](): 0
ideal_bandwidth_fill_per_layer[8]: 0.0

Latency for layer: 9 of Level: DRAM
level.active_instances_per_layer[9]: 1
level.temporal_iterations_per_layer[9]: 1
Scaling per layer[9]: 1
Single Tile latency: cc_per_tile_per_layer[9]: 621.5757575757576
Ideal Case, Latency at this level without stalls: cc_per_all_tiles_per_layer[9]: 4475345.454545455
SCALED cc_per_all_tiles_per_layer[9]: 4,475,345
level.getReadPerLayer[9](): 9,216
  (For comparison - full reads including accumulation: 9,216)
ideal_bandwidth_read_per_layer[9]: 0.0020592823712948516
level.getDrainPerLayer[9](): 0
ideal_bandwidth_drain_per_layer[9]: 0.0
ideal_bandwidth_update_per_layer[9]: 0.0
  (For comparison - full updates including accumulation: 0)
level.getFillPerLayer[9](): 0
ideal_bandwidth_fill_per_layer[9]: 0.0

Latency for layer: 10 of Level: DRAM
level.active_instances_per_layer[10]: 1
level.temporal_iterations_per_layer[10]: 1
Scaling per layer[10]: 1
Single Tile latency: cc_per_tile_per_layer[10]: 62.54545454545455
Ideal Case, Latency at this level without stalls: cc_per_all_tiles_per_layer[10]: 450327.27272727276
SCALED cc_per_all_tiles_per_layer[10]: 450,327
level.getReadPerLayer[10](): 512
  (For comparison - full reads including accumulation: 512)
ideal_bandwidth_read_per_layer[10]: 0.0011369509043927647
level.getDrainPerLayer[10](): 0
ideal_bandwidth_drain_per_layer[10]: 0.0
ideal_bandwidth_update_per_layer[10]: 32.74418604651162
  (For comparison - full updates including accumulation: 14,745,600)
level.getFillPerLayer[10](): 0
ideal_bandwidth_fill_per_layer[10]: 0.0

Start of calculation of latency:


Layer_id: 0 in DRAM

ideal_bandwidth_read_per_layer[0] + ideal_bandwidth_drain_per_layer[0]: 3.2444228308164833 vs level.read_bandwidth: 18
I am in Compute Bound
cc_per_all_tiles_per_layer[0]: 852436.3636363636
STANDARD CASE latency_read_drain_per_layer[0]: 852436.3636363636

ideal_bandwidth_fill_per_layer[0] + ideal_bandwidth_update_per_layer[0]: 0.0 vs level.write_bandwidth: 18
previous_fanout_pe_to_pe_warmup: 0
STANDARD CASE latency_fill_update_per_layer[0]: 852436.3636363636


Layer_id: 1 in DRAM

ideal_bandwidth_read_per_layer[1] + ideal_bandwidth_drain_per_layer[1]: 0.0020592823712948516 vs level.read_bandwidth: 18
I am in Compute Bound
cc_per_all_tiles_per_layer[1]: 4475345.454545455
STANDARD CASE latency_read_drain_per_layer[1]: 4475345.454545455

ideal_bandwidth_fill_per_layer[1] + ideal_bandwidth_update_per_layer[1]: 0.0 vs level.write_bandwidth: 18
previous_fanout_pe_to_pe_warmup: 0
STANDARD CASE latency_fill_update_per_layer[1]: 4475345.454545455


Layer_id: 2 in DRAM

ideal_bandwidth_read_per_layer[2] + ideal_bandwidth_drain_per_layer[2]: 0.0020592823712948516 vs level.read_bandwidth: 18
I am in Compute Bound
cc_per_all_tiles_per_layer[2]: 4475345.454545455
STANDARD CASE latency_read_drain_per_layer[2]: 4475345.454545455

ideal_bandwidth_fill_per_layer[2] + ideal_bandwidth_update_per_layer[2]: 0.0 vs level.write_bandwidth: 18
previous_fanout_pe_to_pe_warmup: 0
STANDARD CASE latency_fill_update_per_layer[2]: 4475345.454545455


Layer_id: 3 in DRAM

ideal_bandwidth_read_per_layer[3] + ideal_bandwidth_drain_per_layer[3]: 0.0020592823712948516 vs level.read_bandwidth: 18
I am in Compute Bound
cc_per_all_tiles_per_layer[3]: 4475345.454545455
STANDARD CASE latency_read_drain_per_layer[3]: 4475345.454545455

ideal_bandwidth_fill_per_layer[3] + ideal_bandwidth_update_per_layer[3]: 0.0 vs level.write_bandwidth: 18
previous_fanout_pe_to_pe_warmup: 0
STANDARD CASE latency_fill_update_per_layer[3]: 4475345.454545455


Layer_id: 4 in DRAM

ideal_bandwidth_read_per_layer[4] + ideal_bandwidth_drain_per_layer[4]: 0.0020592823712948516 vs level.read_bandwidth: 18
I am in Compute Bound
cc_per_all_tiles_per_layer[4]: 4475345.454545455
STANDARD CASE latency_read_drain_per_layer[4]: 4475345.454545455

ideal_bandwidth_fill_per_layer[4] + ideal_bandwidth_update_per_layer[4]: 0.0 vs level.write_bandwidth: 18
previous_fanout_pe_to_pe_warmup: 0
STANDARD CASE latency_fill_update_per_layer[4]: 4475345.454545455


Layer_id: 5 in DRAM

ideal_bandwidth_read_per_layer[5] + ideal_bandwidth_drain_per_layer[5]: 0.0020592823712948516 vs level.read_bandwidth: 18
I am in Compute Bound
cc_per_all_tiles_per_layer[5]: 4475345.454545455
STANDARD CASE latency_read_drain_per_layer[5]: 4475345.454545455

ideal_bandwidth_fill_per_layer[5] + ideal_bandwidth_update_per_layer[5]: 0.0 vs level.write_bandwidth: 18
previous_fanout_pe_to_pe_warmup: 0
STANDARD CASE latency_fill_update_per_layer[5]: 4475345.454545455


Layer_id: 6 in DRAM

ideal_bandwidth_read_per_layer[6] + ideal_bandwidth_drain_per_layer[6]: 0.0020592823712948516 vs level.read_bandwidth: 18
I am in Compute Bound
cc_per_all_tiles_per_layer[6]: 4475345.454545455
STANDARD CASE latency_read_drain_per_layer[6]: 4475345.454545455

ideal_bandwidth_fill_per_layer[6] + ideal_bandwidth_update_per_layer[6]: 0.0 vs level.write_bandwidth: 18
previous_fanout_pe_to_pe_warmup: 0
STANDARD CASE latency_fill_update_per_layer[6]: 4475345.454545455


Layer_id: 7 in DRAM

ideal_bandwidth_read_per_layer[7] + ideal_bandwidth_drain_per_layer[7]: 0.0020592823712948516 vs level.read_bandwidth: 18
I am in Compute Bound
cc_per_all_tiles_per_layer[7]: 4475345.454545455
STANDARD CASE latency_read_drain_per_layer[7]: 4475345.454545455

ideal_bandwidth_fill_per_layer[7] + ideal_bandwidth_update_per_layer[7]: 0.0 vs level.write_bandwidth: 18
previous_fanout_pe_to_pe_warmup: 0
STANDARD CASE latency_fill_update_per_layer[7]: 4475345.454545455


Layer_id: 8 in DRAM

ideal_bandwidth_read_per_layer[8] + ideal_bandwidth_drain_per_layer[8]: 0.0020592823712948516 vs level.read_bandwidth: 18
I am in Compute Bound
cc_per_all_tiles_per_layer[8]: 4475345.454545455
STANDARD CASE latency_read_drain_per_layer[8]: 4475345.454545455

ideal_bandwidth_fill_per_layer[8] + ideal_bandwidth_update_per_layer[8]: 0.0 vs level.write_bandwidth: 18
previous_fanout_pe_to_pe_warmup: 0
STANDARD CASE latency_fill_update_per_layer[8]: 4475345.454545455


Layer_id: 9 in DRAM

ideal_bandwidth_read_per_layer[9] + ideal_bandwidth_drain_per_layer[9]: 0.0020592823712948516 vs level.read_bandwidth: 18
I am in Compute Bound
cc_per_all_tiles_per_layer[9]: 4475345.454545455
STANDARD CASE latency_read_drain_per_layer[9]: 4475345.454545455

ideal_bandwidth_fill_per_layer[9] + ideal_bandwidth_update_per_layer[9]: 0.0 vs level.write_bandwidth: 18
previous_fanout_pe_to_pe_warmup: 0
STANDARD CASE latency_fill_update_per_layer[9]: 4475345.454545455


Layer_id: 10 in DRAM

ideal_bandwidth_read_per_layer[10] + ideal_bandwidth_drain_per_layer[10]: 0.0011369509043927647 vs level.read_bandwidth: 18
I am in Compute Bound
cc_per_all_tiles_per_layer[10]: 450327.27272727276
STANDARD CASE latency_read_drain_per_layer[10]: 450327.27272727276

ideal_bandwidth_fill_per_layer[10] + ideal_bandwidth_update_per_layer[10]: 32.74418604651162 vs level.write_bandwidth: 18
ideal_bandwidth_fill_per_layer[10]: 0.0
ideal_bandwidth_update_per_layer[10]: 32.74418604651162
level.write_bandwidth: 18
total data (for bandwidth): 14745600
scaling_per_layer[10]: 1
SLOWDOWN CASE latency_fill_update_per_layer[10]: 819200.0

End of calculation of latency.

Calculating per tile final latency and stall for layer 0 in DRAM: latency_read_drain_per_layer[0] = 852436.3636363636, latency_fill_update_per_layer[0] = 852436.3636363636
Final per tile latency_per_layer[0]: 852,436
Final per tile stall_cycles_per_layer[0]: 0
Ideal case: no stall introduced by this level per this layer: cc_per_all_tiles_per_layer[0]: 852,436
Calculating per tile final latency and stall for layer 1 in DRAM: latency_read_drain_per_layer[1] = 4475345.454545455, latency_fill_update_per_layer[1] = 4475345.454545455
Final per tile latency_per_layer[1]: 4,475,345
Final per tile stall_cycles_per_layer[1]: 0
Ideal case: no stall introduced by this level per this layer: cc_per_all_tiles_per_layer[1]: 4,475,345
Calculating per tile final latency and stall for layer 2 in DRAM: latency_read_drain_per_layer[2] = 4475345.454545455, latency_fill_update_per_layer[2] = 4475345.454545455
Final per tile latency_per_layer[2]: 4,475,345
Final per tile stall_cycles_per_layer[2]: 0
Ideal case: no stall introduced by this level per this layer: cc_per_all_tiles_per_layer[2]: 4,475,345
Calculating per tile final latency and stall for layer 3 in DRAM: latency_read_drain_per_layer[3] = 4475345.454545455, latency_fill_update_per_layer[3] = 4475345.454545455
Final per tile latency_per_layer[3]: 4,475,345
Final per tile stall_cycles_per_layer[3]: 0
Ideal case: no stall introduced by this level per this layer: cc_per_all_tiles_per_layer[3]: 4,475,345
Calculating per tile final latency and stall for layer 4 in DRAM: latency_read_drain_per_layer[4] = 4475345.454545455, latency_fill_update_per_layer[4] = 4475345.454545455
Final per tile latency_per_layer[4]: 4,475,345
Final per tile stall_cycles_per_layer[4]: 0
Ideal case: no stall introduced by this level per this layer: cc_per_all_tiles_per_layer[4]: 4,475,345
Calculating per tile final latency and stall for layer 5 in DRAM: latency_read_drain_per_layer[5] = 4475345.454545455, latency_fill_update_per_layer[5] = 4475345.454545455
Final per tile latency_per_layer[5]: 4,475,345
Final per tile stall_cycles_per_layer[5]: 0
Ideal case: no stall introduced by this level per this layer: cc_per_all_tiles_per_layer[5]: 4,475,345
Calculating per tile final latency and stall for layer 6 in DRAM: latency_read_drain_per_layer[6] = 4475345.454545455, latency_fill_update_per_layer[6] = 4475345.454545455
Final per tile latency_per_layer[6]: 4,475,345
Final per tile stall_cycles_per_layer[6]: 0
Ideal case: no stall introduced by this level per this layer: cc_per_all_tiles_per_layer[6]: 4,475,345
Calculating per tile final latency and stall for layer 7 in DRAM: latency_read_drain_per_layer[7] = 4475345.454545455, latency_fill_update_per_layer[7] = 4475345.454545455
Final per tile latency_per_layer[7]: 4,475,345
Final per tile stall_cycles_per_layer[7]: 0
Ideal case: no stall introduced by this level per this layer: cc_per_all_tiles_per_layer[7]: 4,475,345
Calculating per tile final latency and stall for layer 8 in DRAM: latency_read_drain_per_layer[8] = 4475345.454545455, latency_fill_update_per_layer[8] = 4475345.454545455
Final per tile latency_per_layer[8]: 4,475,345
Final per tile stall_cycles_per_layer[8]: 0
Ideal case: no stall introduced by this level per this layer: cc_per_all_tiles_per_layer[8]: 4,475,345
Calculating per tile final latency and stall for layer 9 in DRAM: latency_read_drain_per_layer[9] = 4475345.454545455, latency_fill_update_per_layer[9] = 4475345.454545455
Final per tile latency_per_layer[9]: 4,475,345
Final per tile stall_cycles_per_layer[9]: 0
Ideal case: no stall introduced by this level per this layer: cc_per_all_tiles_per_layer[9]: 4,475,345
Calculating per tile final latency and stall for layer 10 in DRAM: latency_read_drain_per_layer[10] = 450327.27272727276, latency_fill_update_per_layer[10] = 819200.0
Final per tile latency_per_layer[10]: 819,200
Final per tile stall_cycles_per_layer[10]: 368,873
Ideal case: no stall introduced by this level per this layer: cc_per_all_tiles_per_layer[10]: 450,327


Final WMOPs and Latency calculation for Level: DRAM
Level: DRAM, Layer: 0
max_latency_per_layer[0]: 0 before update
level.getSettedLatencyPerLayer[0](): 852,436
Level: DRAM, Layer: 1
max_latency_per_layer[1]: 0 before update
level.getSettedLatencyPerLayer[1](): 4,475,345
Level: DRAM, Layer: 2
max_latency_per_layer[2]: 0 before update
level.getSettedLatencyPerLayer[2](): 4,475,345
Level: DRAM, Layer: 3
max_latency_per_layer[3]: 0 before update
level.getSettedLatencyPerLayer[3](): 4,475,345
Level: DRAM, Layer: 4
max_latency_per_layer[4]: 0 before update
level.getSettedLatencyPerLayer[4](): 4,475,345
Level: DRAM, Layer: 5
max_latency_per_layer[5]: 0 before update
level.getSettedLatencyPerLayer[5](): 4,475,345
Level: DRAM, Layer: 6
max_latency_per_layer[6]: 0 before update
level.getSettedLatencyPerLayer[6](): 4,475,345
Level: DRAM, Layer: 7
max_latency_per_layer[7]: 0 before update
level.getSettedLatencyPerLayer[7](): 4,475,345
Level: DRAM, Layer: 8
max_latency_per_layer[8]: 0 before update
level.getSettedLatencyPerLayer[8](): 4,475,345
Level: DRAM, Layer: 9
max_latency_per_layer[9]: 0 before update
level.getSettedLatencyPerLayer[9](): 4,475,345
Level: DRAM, Layer: 10
max_latency_per_layer[10]: 0 before update
level.getSettedLatencyPerLayer[10](): 819,200
Level DRAM: DepFiN 10-Layer Architecture, max_latency (sequential layers): 41,949,745


Final WMOPs and Latency calculation for Level: FeatureMemory
Level: FeatureMemory, Layer: 0
max_latency_per_layer[0]: 852,436 before update
level.getSettedLatencyPerLayer[0](): 83
Level: FeatureMemory, Layer: 1
max_latency_per_layer[1]: 4,475,345 before update
level.getSettedLatencyPerLayer[1](): 590
Level: FeatureMemory, Layer: 2
max_latency_per_layer[2]: 4,475,345 before update
level.getSettedLatencyPerLayer[2](): 590
Level: FeatureMemory, Layer: 3
max_latency_per_layer[3]: 4,475,345 before update
level.getSettedLatencyPerLayer[3](): 590
Level: FeatureMemory, Layer: 4
max_latency_per_layer[4]: 4,475,345 before update
level.getSettedLatencyPerLayer[4](): 590
Level: FeatureMemory, Layer: 5
max_latency_per_layer[5]: 4,475,345 before update
level.getSettedLatencyPerLayer[5](): 590
Level: FeatureMemory, Layer: 6
max_latency_per_layer[6]: 4,475,345 before update
level.getSettedLatencyPerLayer[6](): 590
Level: FeatureMemory, Layer: 7
max_latency_per_layer[7]: 4,475,345 before update
level.getSettedLatencyPerLayer[7](): 590
Level: FeatureMemory, Layer: 8
max_latency_per_layer[8]: 4,475,345 before update
level.getSettedLatencyPerLayer[8](): 590
Level: FeatureMemory, Layer: 9
max_latency_per_layer[9]: 4,475,345 before update
level.getSettedLatencyPerLayer[9](): 590
Level: FeatureMemory, Layer: 10
max_latency_per_layer[10]: 819,200 before update
level.getSettedLatencyPerLayer[10](): 335,127
Level FeatureMemory: DepFiN 10-Layer Architecture, max_latency (sequential layers): 41,949,745


Final WMOPs and Latency calculation for Level: WeightMemory
Level: WeightMemory, Layer: 0
max_latency_per_layer[0]: 852,436 before update
level.getSettedLatencyPerLayer[0](): 58
Level: WeightMemory, Layer: 1
max_latency_per_layer[1]: 4,475,345 before update
level.getSettedLatencyPerLayer[1](): 578
Level: WeightMemory, Layer: 2
max_latency_per_layer[2]: 4,475,345 before update
level.getSettedLatencyPerLayer[2](): 578
Level: WeightMemory, Layer: 3
max_latency_per_layer[3]: 4,475,345 before update
level.getSettedLatencyPerLayer[3](): 578
Level: WeightMemory, Layer: 4
max_latency_per_layer[4]: 4,475,345 before update
level.getSettedLatencyPerLayer[4](): 578
Level: WeightMemory, Layer: 5
max_latency_per_layer[5]: 4,475,345 before update
level.getSettedLatencyPerLayer[5](): 578
Level: WeightMemory, Layer: 6
max_latency_per_layer[6]: 4,475,345 before update
level.getSettedLatencyPerLayer[6](): 578
Level: WeightMemory, Layer: 7
max_latency_per_layer[7]: 4,475,345 before update
level.getSettedLatencyPerLayer[7](): 578
Level: WeightMemory, Layer: 8
max_latency_per_layer[8]: 4,475,345 before update
level.getSettedLatencyPerLayer[8](): 578
Level: WeightMemory, Layer: 9
max_latency_per_layer[9]: 4,475,345 before update
level.getSettedLatencyPerLayer[9](): 578
Level: WeightMemory, Layer: 10
max_latency_per_layer[10]: 819,200 before update
level.getSettedLatencyPerLayer[10](): 230,400
Level WeightMemory: DepFiN 10-Layer Architecture, max_latency (sequential layers): 41,949,745


Final WMOPs and Latency calculation for Level: SACols_10


Final WMOPs and Latency calculation for Level: SARows_10


Final WMOPs and Latency calculation for Level: SACols_9


Final WMOPs and Latency calculation for Level: SARows_9


Final WMOPs and Latency calculation for Level: SACols_8


Final WMOPs and Latency calculation for Level: SARows_8


Final WMOPs and Latency calculation for Level: SACols_7


Final WMOPs and Latency calculation for Level: SARows_7


Final WMOPs and Latency calculation for Level: SACols_6


Final WMOPs and Latency calculation for Level: SARows_6


Final WMOPs and Latency calculation for Level: SACols_5


Final WMOPs and Latency calculation for Level: SARows_5


Final WMOPs and Latency calculation for Level: SACols_4


Final WMOPs and Latency calculation for Level: SARows_4


Final WMOPs and Latency calculation for Level: SACols_3


Final WMOPs and Latency calculation for Level: SARows_3


Final WMOPs and Latency calculation for Level: SACols_2


Final WMOPs and Latency calculation for Level: SARows_2


Final WMOPs and Latency calculation for Level: SACols_1


Final WMOPs and Latency calculation for Level: SARows_1


Final WMOPs and Latency calculation for Level: SACols_0


Final WMOPs and Latency calculation for Level: SARows_0


Final WMOPs and Latency calculation for Level: AccumulationIntermediateOutputRegister
Level: AccumulationIntermediateOutputRegister, Layer: 0
max_latency_per_layer[0]: 852,436 before update
level.getSettedLatencyPerLayer[0](): 1
Level: AccumulationIntermediateOutputRegister, Layer: 1
max_latency_per_layer[1]: 4,475,345 before update
level.getSettedLatencyPerLayer[1](): 1
Level: AccumulationIntermediateOutputRegister, Layer: 2
max_latency_per_layer[2]: 4,475,345 before update
level.getSettedLatencyPerLayer[2](): 1
Level: AccumulationIntermediateOutputRegister, Layer: 3
max_latency_per_layer[3]: 4,475,345 before update
level.getSettedLatencyPerLayer[3](): 1
Level: AccumulationIntermediateOutputRegister, Layer: 4
max_latency_per_layer[4]: 4,475,345 before update
level.getSettedLatencyPerLayer[4](): 1
Level: AccumulationIntermediateOutputRegister, Layer: 5
max_latency_per_layer[5]: 4,475,345 before update
level.getSettedLatencyPerLayer[5](): 1
Level: AccumulationIntermediateOutputRegister, Layer: 6
max_latency_per_layer[6]: 4,475,345 before update
level.getSettedLatencyPerLayer[6](): 1
Level: AccumulationIntermediateOutputRegister, Layer: 7
max_latency_per_layer[7]: 4,475,345 before update
level.getSettedLatencyPerLayer[7](): 1
Level: AccumulationIntermediateOutputRegister, Layer: 8
max_latency_per_layer[8]: 4,475,345 before update
level.getSettedLatencyPerLayer[8](): 1
Level: AccumulationIntermediateOutputRegister, Layer: 9
max_latency_per_layer[9]: 4,475,345 before update
level.getSettedLatencyPerLayer[9](): 1
Level: AccumulationIntermediateOutputRegister, Layer: 10
max_latency_per_layer[10]: 819,200 before update
level.getSettedLatencyPerLayer[10](): 230,400
Level AccumulationIntermediateOutputRegister: DepFiN 10-Layer Architecture, max_latency (sequential layers): 41,949,745


Final WMOPs and Latency calculation for Level: Compute
Compute level latency: 1
Compute latency for layer 0: 388,800
Compute latency for layer 1: 4,147,200
Compute latency for layer 2: 4,147,200
Compute latency for layer 3: 4,147,200
Compute latency for layer 4: 4,147,200
Compute latency for layer 5: 4,147,200
Compute latency for layer 6: 4,147,200
Compute latency for layer 7: 4,147,200
Compute latency for layer 8: 4,147,200
Compute latency for layer 9: 4,147,200
Compute latency for layer 10: 230,400
max_latency initially: 41949745.45454545
compute_latency from compute level: 37,944,000
max_latency after compute: 41,949,745, before fanout_level
DRAM in_reads set to: 2764800, w_reads set to: 84320, out_reads: 0, int_in_reads: 0, int_out_reads: 0
DRAM Reads: 2849120: in:2764800, w:84320, out:0, int_in:0, int_out:0
level SACols_10 utilization: 128/128=1.0
utilization after level SACols_10: 1.0
level SARows_10 utilization: 16/16=1.0
utilization after level SARows_10: 1.0
level SACols_9 utilization: 128/128=1.0
utilization after level SACols_9: 1.0
level SARows_9 utilization: 16/16=1.0
utilization after level SARows_9: 1.0
level SACols_8 utilization: 128/128=1.0
utilization after level SACols_8: 1.0
level SARows_8 utilization: 16/16=1.0
utilization after level SARows_8: 1.0
level SACols_7 utilization: 128/128=1.0
utilization after level SACols_7: 1.0
level SARows_7 utilization: 16/16=1.0
utilization after level SARows_7: 1.0
level SACols_6 utilization: 128/128=1.0
utilization after level SACols_6: 1.0
level SARows_6 utilization: 16/16=1.0
utilization after level SARows_6: 1.0
level SACols_5 utilization: 128/128=1.0
utilization after level SACols_5: 1.0
level SARows_5 utilization: 16/16=1.0
utilization after level SARows_5: 1.0
level SACols_4 utilization: 128/128=1.0
utilization after level SACols_4: 1.0
level SARows_4 utilization: 16/16=1.0
utilization after level SARows_4: 1.0
level SACols_3 utilization: 128/128=1.0
utilization after level SACols_3: 1.0
level SARows_3 utilization: 16/16=1.0
utilization after level SARows_3: 1.0
level SACols_2 utilization: 128/128=1.0
utilization after level SACols_2: 1.0
level SARows_2 utilization: 16/16=1.0
utilization after level SARows_2: 1.0
level SACols_1 utilization: 128/128=1.0
utilization after level SACols_1: 1.0
level SARows_1 utilization: 16/16=1.0
utilization after level SARows_1: 1.0
level SACols_0 utilization: 128/128=1.0
utilization after level SACols_0: 1.0
level SARows_0 utilization: 16/16=1.0
utilization after level SARows_0: 1.0
level Compute utilization: 1/1=1.0
utilization after level Compute: 1.0
Arch: DepFiN 10-Layer Architecture: spatial utilization is 1.0

Finished in: 0.664s

Best mapping found with:
	Wart: 8.620e+88
	EDP: 2.008e+06 (J*cycle)
	Energy: 4.786e+04 (uJ)
	Latency: 4.195e+07 (cc)

Mapping:
DRAM ----------> Q: 10, P: 720, X9: 10, Y9: 720, X8: 10, Y8: 720, X7: 10, Y7: 720, X6: 10, Y6: 720, X5: 10, Y5: 720, X4: 10, Y4: 720, X3: 10, Y3: 720, X2: 10, Y2: 720, X1: 10, Y1: 720, X0: 10, Y0: 720
FeatureMemory -
WeightMemory --> C10: 32, Z9: 2, C9: 32, R9: 3, S9: 3, Z8: 2, C8: 32, S8: 3, R8: 3, Z7: 2, C7: 32, S7: 3, R7: 3, Z6: 2, C6: 32, S6: 3, R6: 3, Z5: 2, C5: 32, S5: 3, R5: 3, Z4: 2, C4: 32, S4: 3, R4: 3, Z3: 2, C3: 32, S3: 3, R3: 3, Z2: 2, C2: 32, S2: 3, R2: 3, Z1: 2, C1: 32, S1: 3, R1: 3, Z0: 2, C0: 3, R0: 3, S0: 3
SACols_10 -----> Q: 128
SARows_10 -----> Z10: 16
SACols_9 ------> X9: 128
SARows_9 ------> Z9: 16
SACols_8 ------> X8: 128
SARows_8 ------> Z8: 16
SACols_7 ------> X7: 128
SARows_7 ------> Z7: 16
SACols_6 ------> X6: 128
SARows_6 ------> Z6: 16
SACols_5 ------> X5: 128
SARows_5 ------> Z5: 16
SACols_4 ------> X4: 128
SARows_4 ------> Z4: 16
SACols_3 ------> X3: 128
SARows_3 ------> Z3: 16
SACols_2 ------> X2: 128
SARows_2 ------> Z2: 16
SACols_1 ------> X1: 128
SARows_1 ------> Z1: 16
SACols_0 ------> X0: 128
SARows_0 ------> Z0: 16
AccumulationIntermediateOutputRegister 
Compute -------

Final MOPs per memory level:
PRINT MOP FUSION!!!
DRAM:		Output Reads = 0 (reads) + 0 (drains), Output Writes = 14,745,600 (updates) + 0 (fills)
DRAM:		Input Reads = 2,764,800 (reads), Input Writes = 0 (writes)
DRAM:		Per-Layer W_R: [L0: 864, L1: 9,216, L2: 9,216, L3: 9,216, L4: 9,216, L5: 9,216, L6: 9,216, L7: 9,216, L8: 9,216, L9: 9,216, L10: 512], Total: 84,320
DRAM:		Per-Layer Int_In_R: [L0: 0, L1: 0, L2: 0, L3: 0, L4: 0, L5: 0, L6: 0, L7: 0, L8: 0, L9: 0], Total: 0
DRAM:		Per-Layer Int_Out_R: [L0: 0, L1: 0, L2: 0, L3: 0, L4: 0, L5: 0, L6: 0, L7: 0, L8: 0, L9: 0], Total: 0
DRAM:		Per-Layer Int_Out_W: [L0: 0, L1: 0, L2: 0, L3: 0, L4: 0, L5: 0, L6: 0, L7: 0, L8: 0, L9: 0], Total: 0
DRAM:		Total Reads = 2,849,120, Total Writes = 14,745,600
DEBUG: Calculating WMOPs for level DRAM with reads=2849120, writes=14745600
DEBUG: WMOPs for level DRAM = 2,815,155,200.000, 2.815e+09 pJ
FeatureMemory:	Output Reads = 0 (reads) + 14,745,600 (drains), Output Writes = 14,745,600 (updates) + 0 (fills)
FeatureMemory:	Input Reads = 49,766,400 (reads), Input Writes = 2,764,800 (writes)
FeatureMemory:	Per-Layer W_R: [L0: 0, L1: 0, L2: 0, L3: 0, L4: 0, L5: 0, L6: 0, L7: 0, L8: 0, L9: 0, L10: 0], Total: 0
FeatureMemory:	Per-Layer Int_In_R: [L0: 530,841,600, L1: 530,841,600, L2: 530,841,600, L3: 530,841,600, L4: 530,841,600, L5: 530,841,600, L6: 530,841,600, L7: 530,841,600, L8: 530,841,600, L9: 29,491,200], Total: 4,807,065,600
FeatureMemory:	Per-Layer Int_Out_R: [L0: 29,491,200, L1: 29,491,200, L2: 29,491,200, L3: 29,491,200, L4: 29,491,200, L5: 29,491,200, L6: 29,491,200, L7: 29,491,200, L8: 29,491,200, L9: 29,491,200], Total: 294,912,000
FeatureMemory:	Per-Layer Int_Out_W: [L0: 29,491,200, L1: 29,491,200, L2: 29,491,200, L3: 29,491,200, L4: 29,491,200, L5: 29,491,200, L6: 29,491,200, L7: 29,491,200, L8: 29,491,200, L9: 29,491,200], Total: 294,912,000
FeatureMemory:	Total Reads = 5,166,489,600, Total Writes = 312,422,400
DEBUG: Calculating WMOPs for level FeatureMemory with reads=5166489600, writes=312422400
DEBUG: WMOPs for level FeatureMemory = 6,924,339,200.000, 6.924e+09 pJ
WeightMemory:	Per-Layer W_R: [L0: 6,220,800, L1: 66,355,200, L2: 66,355,200, L3: 66,355,200, L4: 66,355,200, L5: 66,355,200, L6: 66,355,200, L7: 66,355,200, L8: 66,355,200, L9: 66,355,200, L10: 3,686,400], Total: 607,104,000
WeightMemory:	Per-Layer Int_In_R: [L0: 0, L1: 0, L2: 0, L3: 0, L4: 0, L5: 0, L6: 0, L7: 0, L8: 0, L9: 0], Total: 0
WeightMemory:	Per-Layer Int_Out_R: [L0: 0, L1: 0, L2: 0, L3: 0, L4: 0, L5: 0, L6: 0, L7: 0, L8: 0, L9: 0], Total: 0
WeightMemory:	Per-Layer Int_Out_W: [L0: 0, L1: 0, L2: 0, L3: 0, L4: 0, L5: 0, L6: 0, L7: 0, L8: 0, L9: 0], Total: 0
WeightMemory:	Total Reads = 607,104,000, Total Writes = 0
DEBUG: Calculating WMOPs for level WeightMemory with reads=607104000, writes=0
DEBUG: WMOPs for level WeightMemory = 7,355,383,040.000, 7.355e+09 pJ
AccumulationIntermediateOutputRegister:Output Reads = 457,113,600 (reads) + 14,745,600 (drains), Output Writes = 471,859,200 (updates) + 0 (fills)
AccumulationIntermediateOutputRegister:Per-Layer W_R: [L0: 0, L1: 0, L2: 0, L3: 0, L4: 0, L5: 0, L6: 0, L7: 0, L8: 0, L9: 0, L10: 0], Total: 0
AccumulationIntermediateOutputRegister:Per-Layer Int_In_R: [L0: 0, L1: 0, L2: 0, L3: 0, L4: 0, L5: 0, L6: 0, L7: 0, L8: 0, L9: 0], Total: 0
AccumulationIntermediateOutputRegister:Per-Layer Int_Out_R: [L0: 825,753,600, L1: 8,522,956,800, L2: 8,522,956,800, L3: 8,522,956,800, L4: 8,522,956,800, L5: 8,522,956,800, L6: 8,522,956,800, L7: 8,522,956,800, L8: 8,522,956,800, L9: 8,522,956,800], Total: 77,532,364,800
AccumulationIntermediateOutputRegister:Per-Layer Int_Out_W: [L0: 825,753,600, L1: 8,522,956,800, L2: 8,522,956,800, L3: 8,522,956,800, L4: 8,522,956,800, L5: 8,522,956,800, L6: 8,522,956,800, L7: 8,522,956,800, L8: 8,522,956,800, L9: 8,522,956,800], Total: 77,532,364,800
AccumulationIntermediateOutputRegister:Total Reads = 78,004,224,000, Total Writes = 78,004,224,000
DEBUG: Calculating WMOPs for level AccumulationIntermediateOutputRegister with reads=78004224000, writes=78004224000
DEBUG: WMOPs for level AccumulationIntermediateOutputRegister = 32,316,734,720.000, 3.232e+10 pJ
Totals:		83,780,666,720 R, 78,331,392,000 W, 162,112,058,720 Tot
Energy:		47,858.597 uJ

Final Latency per level:
DRAM:		41,580,873 cc Read Drain , 41,949,745 cc Fill Update (Total across 11 layers), 18.0 Read Bandwidth , 18.0 Write Bandwidth,
		3.244 Max Ideal Read , 0.000 Max Ideal Drain , 32.744 Max Ideal Update , 0.000 Max Ideal Fill , 
		368,873 Total Stall Cycles
FeatureMemory:	340,517 cc Read Drain , 115,523 cc Fill Update (Total across 11 layers), 132.0 Read Bandwidth , 128.0 Write Bandwidth,
		189.793 Max Ideal Read , 64.000 Max Ideal Drain , 70.621 Max Ideal Update , 6.621 Max Ideal Fill , 
		483 Total Stall Cycles
WeightMemory:	235,660 cc Read Drain , 235,660 cc Fill Update (Total across 11 layers), 16.0 Read Bandwidth , 16.0 Write Bandwidth,
		16.000 Max Ideal Read , 0.000 Max Ideal Drain , 0.000 Max Ideal Update , 0.002 Max Ideal Fill , 
		0 Total Stall Cycles
AccumulationIntermediateOutputRegister:230,410 cc Read Drain , 230,410 cc Fill Update (Total across 11 layers), 1.0 Read Bandwidth , 1.0 Write Bandwidth,
		1.037 Max Ideal Read , 0.037 Max Ideal Drain , 1.000 Max Ideal Update , 0.037 Max Ideal Fill , 
		0 Total Stall Cycles
Max Latency:	4,475,345 cc of level DRAM
