Creating architecture: Gemmini with coupling: dims: MKN, in_coupling: [K][N], w_coupling: W0: [M][K],, out_coupling: [M][N]
Creating architecture: Gemmini (conv) with coupling: dims: NMPQCRS, in_coupling: [N][C][Pstride*P+Rdilation*R][Qstride*Q+Sdilation*S], w_coupling: W0: [M][C][R][S],, out_coupling: [N][M][P][Q]
Creating architecture: Eyeriss with coupling: dims: MKN, in_coupling: [K][N], w_coupling: W0: [M][K],, out_coupling: [M][N]
Creating architecture: Eyeriss (conv) with coupling: dims: NMPQCRS, in_coupling: [N][C][Pstride*P+Rdilation*R][Qstride*Q+Sdilation*S], w_coupling: W0: [M][C][R][S],, out_coupling: [N][M][P][Q]
Creating architecture: Simba with coupling: dims: MKN, in_coupling: [K][N], w_coupling: W0: [M][K],, out_coupling: [M][N]
Creating architecture: Simba (conv) with coupling: dims: NMPQCRS, in_coupling: [N][C][Pstride*P+Rdilation*R][Qstride*Q+Sdilation*S], w_coupling: W0: [M][C][R][S],, out_coupling: [N][M][P][Q]
Creating architecture: TPUv1 with coupling: dims: MKN, in_coupling: [K][N], w_coupling: W0: [M][K],, out_coupling: [M][N]
Creating architecture: TPUv1 (conv) with coupling: dims: NMPQCRS, in_coupling: [N][C][Pstride*P+Rdilation*R][Qstride*Q+Sdilation*S], w_coupling: W0: [M][C][R][S],, out_coupling: [N][M][P][Q]

============================================================
Architecture sweep for mccnn/full/4layer (DepFiN)
3 configurations to test
FMEM sizes: [522] KB, WMEM sizes: [28] KB
PE configs: ['16x64', '16x128', '16x256']
============================================================

[1/3] FMEM=522KB, WMEM=28KB, PE=16x64
------ loading Accelergy ------
ACCELERGY PLUG-INS: ['Library', 'dummy', 'ADC Plug-In', 'DEPRECATED table-based-plug-ins. Use the Library plug-in instead.', 'Neurosim Plug-In', 'Aladdin_table', 'CactiCache', 'CactiDRAM', 'CactiSRAM']
Creating architecture: Thesis_4Layers_534528KB_FMEM_16x64_PEs with coupling: dims: C0Y0X0R0S0Z0C1R1S1Y1X1Z1C2R2S2Y2X2Z2C3R3S3PQZ3, in_coupling: [C0][Y0+R0][X0+S0], w_coupling: W0: [Z0][C0][R0][S0],W1: [Z1][C1][R1][S1],W2: [Z2][C2][R2][S2],W3: [Z3][C3][R3][S3],, out_coupling: [Z3][P][Q]
final_layer_dims: {'S3', 'S0', 'X0', 'R3', 'C3', 'P', 'Q', 'C0', 'R0', 'Y0', 'Z3'}, coupling.dims: ['C0', 'Y0', 'X0', 'R0', 'S0', 'Z0', 'C1', 'R1', 'S1', 'Y1', 'X1', 'Z1', 'C2', 'R2', 'S2', 'Y2', 'X2', 'Z2', 'C3', 'R3', 'S3', 'P', 'Q', 'Z3']
INFO: Arch: Thesis_4Layers_534528KB_FMEM_16x64_PEs: identified intermediate dimensions: {'Y1', 'S1', 'C2', 'Z2', 'R2', 'Z1', 'X1', 'S2', 'Y2', 'R1', 'Z0', 'C1', 'X2'}
INFO: Added high constraint for intermediate dimension P in level WeightRegister
INFO: Added high constraint for intermediate dimension R1 in level WeightRegister
INFO: Added high constraint for intermediate dimension P in level AccumulationIntermediateOutputRegister
INFO: Added high constraint for intermediate dimension R1 in level AccumulationIntermediateOutputRegister
INFO: Added high constraint for intermediate dimension P in level AccumulationOutputRegister
INFO: Added high constraint for intermediate dimension R1 in level AccumulationOutputRegister
Starting engine with mapper: breadthfirst_local

WARNING: running on a Python version without free-threading (GIL enabled), this program relies heavily on true multithreading, thus expect a severe performance hit with your current setup. Consider updating to Python 3.13t or newer.
INFO: running multithreaded with THREADS_COUNT = 8

DEBUG interleave: START - Called from breadthfirst_local.py:600 in optimizeDataflows()
                       array=['Q', 'P', 'X2', 'Y2', 'X1', 'Y1', 'X0', 'Y0'], elements=['C0', 'R0', 'S0', 'Z0', 'C1', 'R1', 'S1', 'Z1', 'C2', 'R2', 'S2', 'Z2', 'C3', 'R3', 'S3', 'Z3'] (len=16)
interleave: too many elements (16), returning 3 results
['C1', 'Y1', 'R1', 'X1', 'S1']
['C2', 'Y2', 'R2', 'X2', 'S2']
['C3', 'P', 'R3', 'Q', 'S3']
DEBUG interleave: START - Called from breadthfirst_local.py:600 in optimizeDataflows()
                       array=[], elements=['C0', 'Y0', 'X0', 'R0', 'S0', 'Z0', 'C1', 'R1', 'S1', 'Y1', 'X1', 'Z1', 'C2', 'R2', 'S2', 'Y2', 'X2', 'Z2', 'C3', 'R3', 'S3', 'P', 'Q', 'Z3'] (len=24)
interleave: too many elements (24), returning 2 results
['C1', 'Y1', 'R1', 'X1', 'S1']
['C2', 'Y2', 'R2', 'X2', 'S2']
['C3', 'P', 'R3', 'Q', 'S3']
DEBUG interleave: START - Called from breadthfirst_local.py:600 in optimizeDataflows()
                       array=['Z3', 'C3', 'R3', 'S3', 'Z2', 'C2', 'R2', 'S2', 'Z1', 'C1', 'R1', 'S1', 'Z0', 'C0', 'R0', 'S0'], elements=['Y0', 'X0', 'Y1', 'X1', 'Y2', 'X2', 'P', 'Q'] (len=8)
interleave: too many elements (8), returning 3 results
['C1', 'Y1', 'R1', 'X1', 'S1']
['C2', 'Y2', 'R2', 'X2', 'S2']
['C3', 'P', 'R3', 'Q', 'S3']
DEBUG interleave: START - Called from breadthfirst_local.py:600 in optimizeDataflows()
                       array=['C3', 'R3', 'S3', 'C2', 'R2', 'S2', 'C1', 'R1', 'S1', 'C0', 'R0', 'S0'], elements=['Y0', 'X0', 'Z0', 'Y1', 'X1', 'Z1', 'Y2', 'X2', 'Z2', 'P', 'Q', 'Z3'] (len=12)
interleave: too many elements (12), returning 3 results
['C1', 'Y1', 'R1', 'X1', 'S1']
['C2', 'Y2', 'R2', 'X2', 'S2']
['C3', 'P', 'R3', 'Q', 'S3']
DEBUG interleave: START - Called from breadthfirst_local.py:600 in optimizeDataflows()
                       array=['Z2', 'Y2', 'X2', 'Z1', 'Y1', 'X1', 'Z0', 'Y0', 'X0'], elements=['C0', 'R0', 'S0', 'C1', 'R1', 'S1', 'C2', 'R2', 'S2', 'C3', 'R3', 'S3', 'P', 'Q', 'Z3'] (len=15)
interleave: too many elements (15), returning 3 results
['C1', 'Y1', 'R1', 'X1', 'S1']
['C2', 'Y2', 'R2', 'X2', 'S2']
['C3', 'P', 'R3', 'Q', 'S3']
DEBUG interleave: START - Called from breadthfirst_local.py:600 in optimizeDataflows()
                       array=['Q', 'P', 'Z3'], elements=['C0', 'Y0', 'X0', 'R0', 'S0', 'Z0', 'C1', 'R1', 'S1', 'Y1', 'X1', 'Z1', 'C2', 'R2', 'S2', 'Y2', 'X2', 'Z2', 'C3', 'R3', 'S3'] (len=21)
interleave: too many elements (21), returning 3 results
['C1', 'Y1', 'R1', 'X1', 'S1']
['C2', 'Y2', 'R2', 'X2', 'S2']
['C3', 'P', 'R3', 'Q', 'S3']
-------- factorFlow -------- CIAO
Arch after initialization:
tile_sizes[dim]: [54, 3], self._dim_products[dim]: [23, 1]
input_FC_size distinct: 2484
Input FC size: 2484

Input size: 470232

Output size: 14943744

Weight size: 27936

Intermediate input size: 45142272
Total intermediate size (input + output): 0

input_size: 470232, output_size: 14943744, weight_size: 27936, intermediate_size: 0
Total mem footprint: 15444396



tile_sizes[dim]: [54, 3], self._dim_products[dim]: [1, 1]
input_FC_size distinct: 108
Input FC size: 108

Input size: 168

Output size: 1728

Weight size: 0

Intermediate input size: 16128
Total intermediate size (input + output): 21312

input_size: 168, output_size: 1728, weight_size: 0, intermediate_size: 21312
Total mem footprint: 23317



tile_sizes[dim]: [54, 1], self._dim_products[dim]: [1, 3]
input_FC_size distinct: 0
Input FC size: 0

Input size: 0

Output size: 0

Weight size: 27936

Intermediate input size: 16128
Total intermediate size (input + output): 0

input_size: 0, output_size: 0, weight_size: 27936, intermediate_size: 0
Total mem footprint: 27936



tile_sizes[dim]: [1, 1], self._dim_products[dim]: [1, 1]
input_FC_size distinct: 0
Input FC size: 0

Input size: 0

Output size: 0

Weight size: 4

Intermediate input size: 3
Total intermediate size (input + output): 0

input_size: 0, output_size: 0, weight_size: 4, intermediate_size: 0
Total mem footprint: 4



tile_sizes[dim]: [1, 1], self._dim_products[dim]: [1, 1]
input_FC_size distinct: 0
Input FC size: 0

Input size: 0

Output size: 0

Weight size: 0

Intermediate input size: 3
Total intermediate size (input + output): 3

input_size: 0, output_size: 0, weight_size: 0, intermediate_size: 3
Total mem footprint: 3



tile_sizes[dim]: [1, 1], self._dim_products[dim]: [1, 1]
input_FC_size distinct: 0
Input FC size: 0

Input size: 0

Output size: 1

Weight size: 0

Intermediate input size: 3
Total intermediate size (input + output): 0

input_size: 0, output_size: 1, weight_size: 0, intermediate_size: 0
Total mem footprint: 1



DRAM ----------> Q: 23, P: 376, X2: 23, Y2: 376, X1: 23, Y1: 376, X0: 23, Y0: 376
FeatureMemory -
WeightMemory --> Z3: 2, C3: 32, R3: 3, S3: 3, Z2: 2, C2: 32, R2: 3, S2: 3, Z1: 2, C1: 32, R1: 3, S1: 3, Z0: 2, R0: 3, S0: 3
SACols_3 ------> Q: 54
SARows_3 ------> Z3: 16
SACols_2 ------> X2: 54
SARows_2 ------> Z2: 16
SACols_1 ------> X1: 54
SARows_1 ------> Z1: 16
SACols_0 ------> X0: 54
SARows_0 ------> Z0: 16
WeightRegister 
AccumulationIntermediateOutputRegister 
AccumulationOutputRegister 
Compute -------

Starting FactorFlow tiling optimization:

é stato chiamato update stats! 




Questo mops è chiamato da update stats
Level: DRAM, arch bypasses for the level: ['int_in', 'int_out'], in_bp: 1, w_bp: 0, out_bp: 1, int_in_bp: 0, int_out_bp: 0
DEBUG updateStats pre scaling: Level DRAM:
  in_reads: 466992
  per_layer_w_reads: {0: 288, 1: 9216, 2: 9216, 3: 9216}
  per_layer_int_in_reads: {0: 0, 1: 0, 2: 0}
  per_layer_int_out_reads: {0: 0, 1: 0, 2: 0}
  per_layer_int_out_writes: {0: 0, 1: 0, 2: 0}
  out_reads: 14943744
  out_writes: 14943744
  out_reads_factors: 1
scale_per_layer[0]: 1, temporal_iterations_per_layer[0]: 1, spatial_iterations_per_layer[0]: 1
DEBUG: results after scaling: Level DRAM: in_reads=466992, w_reads=27936, int_in_reads=0, int_out_reads=0, int_out_writes=0, out_writes=14943744, out_reads=14943744, out_reads_factors=1
DEBUG: Level DRAM adjusted out_reads for no bias read: 0
DEBUG: Level DRAM bypasses intermediate storage
DEBUG updateStats post scaling: Level DRAM:
  in_reads: 466,992
  per_layer_w_reads: {0: 288, 1: 9216, 2: 9216, 3: 9216}
  w_reads: 27,936
  per_layer_int_in_reads: {0: 0, 1: 0, 2: 0}
  per_layer_int_in_writes: {0: 0, 1: 0, 2: 0}
  int_in_reads: 0
  per_layer_int_out_reads: {0: 0, 1: 0, 2: 0}
  per_layer_int_out_writes: {0: 0, 1: 0, 2: 0}
  int_out_reads: 0
  out_reads: 0
  out_writes: 14,943,744
  out_reads_factors: 1
in_writes: 0, w_writes: 0, int_in_writes: 0, int_out_writes: 0, out_writes: 14943744
Name of the level: DRAM, level active instances per layer: {0: 1, 1: 1, 2: 1, 3: 1}, level active instances: 1
Level DRAM, Layer 0: total_reads = 467280, total_writes = 0
Level DRAM, Layer 1: total_reads = 9216, total_writes = 0
Level DRAM, Layer 2: total_reads = 9216, total_writes = 0
DEBUG: Level DRAM, Layer 3, per_layer_int_in_reads2: 0, per_layer_w_reads3: 9216, out_reads: 0
Level DRAM, Layer 3: total_reads = 9216, total_writes = 14943744
Check: Per Layer Total reads: {0: 467280, 1: 9216, 2: 9216, 3: 9216}, total: 494928
Check: Per Layer Total writes: {0: 0, 1: 0, 2: 0, 3: 14943744}, 
 total: 14943744
Level DRAM total WMOPs from per layer sum: 494,037,504.000
Level DRAM total WMOPs from total reads/writes: 494,037,504.000
End first part of update for level: DRAM



Questo mops è chiamato da update stats
Level: FeatureMemory, arch bypasses for the level: ['w'], in_bp: 0, w_bp: 0, out_bp: 0, int_in_bp: 0, int_out_bp: 0
DEBUG updateStats pre scaling: Level FeatureMemory:
  in_reads: 972
  per_layer_w_reads: {0: 0, 1: 0, 2: 0, 3: 0}
  per_layer_int_in_reads: {0: 31104, 1: 31104, 2: 31104}
  per_layer_int_out_reads: {0: 1728, 1: 1728, 2: 1728}
  per_layer_int_out_writes: {0: 1728, 1: 1728, 2: 1728}
  out_reads: 1728
  out_writes: 1728
  out_reads_factors: 1
scale_per_layer[0]: 8648, temporal_iterations_per_layer[0]: 8648, spatial_iterations_per_layer[0]: 1
DEBUG: results after scaling: Level FeatureMemory: in_reads=8405856, w_reads=0, int_in_reads=806962176, int_out_reads=44831232, int_out_writes=44831232, out_writes=14943744, out_reads=14943744, out_reads_factors=1
DEBUG: Level FeatureMemory adjusted out_reads for no bias read: 0
DEBUG updateStats post scaling: Level FeatureMemory:
  in_reads: 8,405,856
  per_layer_w_reads: {0: 0, 1: 0, 2: 0, 3: 0}
  w_reads: 0
  per_layer_int_in_reads: {0: 268987392, 1: 268987392, 2: 268987392}
  per_layer_int_in_writes: {0: 0, 1: 0, 2: 0}
  int_in_reads: 806,962,176
  per_layer_int_out_reads: {0: 14943744, 1: 14943744, 2: 14943744}
  per_layer_int_out_writes: {0: 14943744, 1: 14943744, 2: 14943744}
  int_out_reads: 44,831,232
  out_reads: 0
  out_writes: 14,943,744
  out_reads_factors: 1
in_writes: 466992, w_writes: 0, int_in_writes: 0, int_out_writes: 44831232, out_writes: 14943744
Name of the level: FeatureMemory, level active instances per layer: {0: 1, 1: 1, 2: 1, 3: 1}, level active instances: 1
Level FeatureMemory, Layer 0: total_reads = 23349600, total_writes = 15410736
Level FeatureMemory, Layer 1: total_reads = 283931136, total_writes = 14943744
Level FeatureMemory, Layer 2: total_reads = 283931136, total_writes = 14943744
DEBUG: Level FeatureMemory, Layer 3, per_layer_int_in_reads2: 268987392, per_layer_w_reads3: 0, out_reads: 0
Level FeatureMemory, Layer 3: total_reads = 268987392, total_writes = 14943744
Check: Per Layer Total reads: {0: 23349600, 1: 283931136, 2: 283931136, 3: 268987392}, total: 860199264
Check: Per Layer Total writes: {0: 15410736, 1: 14943744, 2: 14943744, 3: 14943744}, 
 total: 60241968
Level FeatureMemory total WMOPs from per layer sum: 920,330,795.649
Level FeatureMemory total WMOPs from total reads/writes: 920,330,795.649
End first part of update for level: FeatureMemory



Questo mops è chiamato da update stats
Level: WeightMemory, arch bypasses for the level: ['in', 'int_in', 'int_out', 'out'], in_bp: 0, w_bp: 1, out_bp: 0, int_in_bp: 0, int_out_bp: 0
DEBUG updateStats pre scaling: Level WeightMemory:
  in_reads: 0
  per_layer_w_reads: {0: 288, 1: 9216, 2: 9216, 3: 9216}
  per_layer_int_in_reads: {0: 0, 1: 0, 2: 0}
  per_layer_int_out_reads: {0: 0, 1: 0, 2: 0}
  per_layer_int_out_writes: {0: 0, 1: 0, 2: 0}
  out_reads: 0
  out_writes: 0
  out_reads_factors: 0
scale_per_layer[0] = 8648, temporal_iterations_per_layer[0] = 8648, spatial_iterations_per_layer[0] = 1
scale_per_layer[0]: 8648, temporal_iterations_per_layer[0]: 8648, spatial_iterations_per_layer[0]: 1
DEBUG: results after scaling: Level WeightMemory: in_reads=0, w_reads=241590528, int_in_reads=0, int_out_reads=0, int_out_writes=0, out_writes=0, out_reads=0, out_reads_factors=0
DEBUG: Level WeightMemory bypasses intermediate storage
DEBUG updateStats post scaling: Level WeightMemory:
  in_reads: 0
  per_layer_w_reads: {0: 2490624, 1: 79699968, 2: 79699968, 3: 79699968}
  w_reads: 241,590,528
  per_layer_int_in_reads: {0: 0, 1: 0, 2: 0}
  per_layer_int_in_writes: {0: 0, 1: 0, 2: 0}
  int_in_reads: 0
  per_layer_int_out_reads: {0: 0, 1: 0, 2: 0}
  per_layer_int_out_writes: {0: 0, 1: 0, 2: 0}
  int_out_reads: 0
  out_reads: 0
  out_writes: 0
  out_reads_factors: 0
in_writes: 0, w_writes: 27936, int_in_writes: 0, int_out_writes: 0, out_writes: 0
Name of the level: WeightMemory, level active instances per layer: {0: 1, 1: 1, 2: 1, 3: 1}, level active instances: 1
Level WeightMemory, Layer 0: total_reads = 2490624, total_writes = 288
Level WeightMemory, Layer 1: total_reads = 79699968, total_writes = 9216
Level WeightMemory, Layer 2: total_reads = 79699968, total_writes = 9216
DEBUG: Level WeightMemory, Layer 3, per_layer_int_in_reads2: 0, per_layer_w_reads3: 79699968, out_reads: 0
Level WeightMemory, Layer 3: total_reads = 79699968, total_writes = 9216
Check: Per Layer Total reads: {0: 2490624, 1: 79699968, 2: 79699968, 3: 79699968}, total: 241590528
Check: Per Layer Total writes: {0: 288, 1: 9216, 2: 9216, 3: 9216}, 
 total: 27936
Level WeightMemory total WMOPs from per layer sum: 959,508,399.023
Level WeightMemory total WMOPs from total reads/writes: 959,508,399.023
End first part of update for level: WeightMemory



Calculating Fanout Level: SACols_3, updating spatial and last reads
Fanout Level SACols_3, Layer 3, dim Q, layer_iterations: 54
End of the first part of Update Stats for fanout level: SACols_3


Calculating Fanout Level: SARows_3, updating spatial and last reads
Fanout Level SARows_3, Layer 3, dim Z3, layer_iterations: 16
End of the first part of Update Stats for fanout level: SARows_3


Calculating Fanout Level: SACols_2, updating spatial and last reads
Fanout Level SACols_2, Layer 2, dim X2, layer_iterations: 54
End of the first part of Update Stats for fanout level: SACols_2


Calculating Fanout Level: SARows_2, updating spatial and last reads
Fanout Level SARows_2, Layer 2, dim Z2, layer_iterations: 16
End of the first part of Update Stats for fanout level: SARows_2


Calculating Fanout Level: SACols_1, updating spatial and last reads
Fanout Level SACols_1, Layer 1, dim X1, layer_iterations: 54
End of the first part of Update Stats for fanout level: SACols_1


Calculating Fanout Level: SARows_1, updating spatial and last reads
Fanout Level SARows_1, Layer 1, dim Z1, layer_iterations: 16
End of the first part of Update Stats for fanout level: SARows_1


Calculating Fanout Level: SACols_0, updating spatial and last reads
Fanout Level SACols_0, Layer 0, dim X0, layer_iterations: 54
End of the first part of Update Stats for fanout level: SACols_0


Calculating Fanout Level: SARows_0, updating spatial and last reads
Fanout Level SARows_0, Layer 0, dim Z0, layer_iterations: 16
End of the first part of Update Stats for fanout level: SARows_0


Questo mops è chiamato da update stats
Level: WeightRegister, arch bypasses for the level: ['in', 'int_in', 'int_out', 'out'], in_bp: 0, w_bp: 0, out_bp: 0, int_in_bp: 0, int_out_bp: 0
DEBUG updateStats pre scaling: Level WeightRegister:
  in_reads: 0
  per_layer_w_reads: {0: 1, 1: 1, 2: 1, 3: 1}
  per_layer_int_in_reads: {0: 0, 1: 0, 2: 0}
  per_layer_int_out_reads: {0: 0, 1: 0, 2: 0}
  per_layer_int_out_writes: {0: 0, 1: 0, 2: 0}
  out_reads: 0
  out_writes: 0
  out_reads_factors: 0
scale_per_layer[0]: 134493696, temporal_iterations_per_layer[0]: 155664, spatial_iterations_per_layer[0]: 864
DEBUG: results after scaling: Level WeightRegister: in_reads=0, w_reads=13045888512, int_in_reads=0, int_out_reads=0, int_out_writes=0, out_writes=0, out_reads=0, out_reads_factors=0
DEBUG: Level WeightRegister bypasses intermediate storage
DEBUG updateStats post scaling: Level WeightRegister:
  in_reads: 0
  per_layer_w_reads: {0: 134493696, 1: 4303798272, 2: 4303798272, 3: 4303798272}
  w_reads: 13,045,888,512
  per_layer_int_in_reads: {0: 0, 1: 0, 2: 0}
  per_layer_int_in_writes: {0: 0, 1: 0, 2: 0}
  int_in_reads: 0
  per_layer_int_out_reads: {0: 0, 1: 0, 2: 0}
  per_layer_int_out_writes: {0: 0, 1: 0, 2: 0}
  int_out_reads: 0
  out_reads: 0
  out_writes: 0
  out_reads_factors: 0
in_writes: 0, w_writes: 13045888512, int_in_writes: 0, int_out_writes: 0, out_writes: 0
Name of the level: WeightRegister, level active instances per layer: {0: 864, 1: 864, 2: 864, 3: 864}, level active instances: 557256278016
Level WeightRegister, Layer 0: total_reads = 134493696, total_writes = 134493696
Level WeightRegister, Layer 1: total_reads = 4303798272, total_writes = 4303798272
Level WeightRegister, Layer 2: total_reads = 4303798272, total_writes = 4303798272
DEBUG: Level WeightRegister, Layer 3, per_layer_int_in_reads2: 0, per_layer_w_reads3: 4303798272, out_reads: 0
Level WeightRegister, Layer 3: total_reads = 4303798272, total_writes = 4303798272
Check: Per Layer Total reads: {0: 134493696, 1: 4303798272, 2: 4303798272, 3: 4303798272}, total: 13045888512
Check: Per Layer Total writes: {0: 134493696, 1: 4303798272, 2: 4303798272, 3: 4303798272}, 
 total: 13045888512
Level WeightRegister total WMOPs from per layer sum: 5,190,200,352.981
Level WeightRegister total WMOPs from total reads/writes: 5,190,200,352.981
End first part of update for level: WeightRegister



Questo mops è chiamato da update stats
Level: AccumulationIntermediateOutputRegister, arch bypasses for the level: ['in', 'w', 'out', 'int_in'], in_bp: 0, w_bp: 0, out_bp: 0, int_in_bp: 0, int_out_bp: 0
DEBUG updateStats pre scaling: Level AccumulationIntermediateOutputRegister:
  in_reads: 0
  per_layer_w_reads: {0: 0, 1: 0, 2: 0, 3: 0}
  per_layer_int_in_reads: {0: 0, 1: 0, 2: 0}
  per_layer_int_out_reads: {0: 1, 1: 1, 2: 1}
  per_layer_int_out_writes: {0: 1, 1: 1, 2: 1}
  out_reads: 0
  out_writes: 0
  out_reads_factors: 0
scale_per_layer[0]: 134493696, temporal_iterations_per_layer[0]: 155664, spatial_iterations_per_layer[0]: 864
DEBUG: results after scaling: Level AccumulationIntermediateOutputRegister: in_reads=0, w_reads=0, int_in_reads=0, int_out_reads=8742090240, int_out_writes=8742090240, out_writes=0, out_reads=0, out_reads_factors=0
DEBUG updateStats post scaling: Level AccumulationIntermediateOutputRegister:
  in_reads: 0
  per_layer_w_reads: {0: 0, 1: 0, 2: 0, 3: 0}
  w_reads: 0
  per_layer_int_in_reads: {0: 0, 1: 0, 2: 0}
  per_layer_int_in_writes: {0: 0, 1: 0, 2: 0}
  int_in_reads: 0
  per_layer_int_out_reads: {0: 134493696, 1: 4303798272, 2: 4303798272}
  per_layer_int_out_writes: {0: 149437440, 1: 4318742016, 2: 4318742016}
  int_out_reads: 8,742,090,240
  out_reads: 0
  out_writes: 0
  out_reads_factors: 0
in_writes: 0, w_writes: 0, int_in_writes: 0, int_out_writes: 8742090240, out_writes: 0
Name of the level: AccumulationIntermediateOutputRegister, level active instances per layer: {0: 864, 1: 864, 2: 864, 3: 864}, level active instances: 557256278016
Level AccumulationIntermediateOutputRegister, Layer 0: total_reads = 134493696, total_writes = 149437440
Level AccumulationIntermediateOutputRegister, Layer 1: total_reads = 4303798272, total_writes = 4318742016
Level AccumulationIntermediateOutputRegister, Layer 2: total_reads = 4303798272, total_writes = 4318742016
DEBUG: Level AccumulationIntermediateOutputRegister, Layer 3, per_layer_int_in_reads2: 0, per_layer_w_reads3: 0, out_reads: 0
Level AccumulationIntermediateOutputRegister, Layer 3: total_reads = 0, total_writes = 0
Check: Per Layer Total reads: {0: 134493696, 1: 4303798272, 2: 4303798272, 3: 0}, total: 8742090240
Check: Per Layer Total writes: {0: 149437440, 1: 4318742016, 2: 4318742016, 3: 0}, 
 total: 8786921472
Level AccumulationIntermediateOutputRegister total WMOPs from per layer sum: 8,742,711,898.125
Level AccumulationIntermediateOutputRegister total WMOPs from total reads/writes: 8,733,626,190.848
End first part of update for level: AccumulationIntermediateOutputRegister



Questo mops è chiamato da update stats
Level: AccumulationOutputRegister, arch bypasses for the level: ['in', 'w', 'int_in', 'int_out'], in_bp: 0, w_bp: 0, out_bp: 1, int_in_bp: 0, int_out_bp: 0
DEBUG updateStats pre scaling: Level AccumulationOutputRegister:
  in_reads: 0
  per_layer_w_reads: {0: 0, 1: 0, 2: 0, 3: 0}
  per_layer_int_in_reads: {0: 0, 1: 0, 2: 0}
  per_layer_int_out_reads: {0: 0, 1: 0, 2: 0}
  per_layer_int_out_writes: {0: 0, 1: 0, 2: 0}
  out_reads: 1
  out_writes: 1
  out_reads_factors: 1
scale_per_layer[0]: 134493696, temporal_iterations_per_layer[0]: 155664, spatial_iterations_per_layer[0]: 864
DEBUG: results after scaling: Level AccumulationOutputRegister: in_reads=0, w_reads=0, int_in_reads=0, int_out_reads=0, int_out_writes=0, out_writes=4303798272, out_reads=4303798272, out_reads_factors=288
DEBUG: Level AccumulationOutputRegister adjusted out_reads for no bias read: 4288854528
DEBUG: Level AccumulationOutputRegister bypasses intermediate storage
DEBUG updateStats post scaling: Level AccumulationOutputRegister:
  in_reads: 0
  per_layer_w_reads: {0: 0, 1: 0, 2: 0, 3: 0}
  w_reads: 0
  per_layer_int_in_reads: {0: 0, 1: 0, 2: 0}
  per_layer_int_in_writes: {0: 0, 1: 0, 2: 0}
  int_in_reads: 0
  per_layer_int_out_reads: {0: 0, 1: 0, 2: 0}
  per_layer_int_out_writes: {0: 0, 1: 0, 2: 0}
  int_out_reads: 0
  out_reads: 4,288,854,528
  out_writes: 4,303,798,272
  out_reads_factors: 288
in_writes: 0, w_writes: 0, int_in_writes: 0, int_out_writes: 0, out_writes: 4303798272
Name of the level: AccumulationOutputRegister, level active instances per layer: {0: 864, 1: 864, 2: 864, 3: 864}, level active instances: 557256278016
Level AccumulationOutputRegister, Layer 0: total_reads = 0, total_writes = 0
Level AccumulationOutputRegister, Layer 1: total_reads = 0, total_writes = 0
Level AccumulationOutputRegister, Layer 2: total_reads = 0, total_writes = 0
DEBUG: Level AccumulationOutputRegister, Layer 3, per_layer_int_in_reads2: 0, per_layer_w_reads3: 0, out_reads: 4288854528
Level AccumulationOutputRegister, Layer 3: total_reads = 4288854528, total_writes = 4303798272
Check: Per Layer Total reads: {0: 0, 1: 0, 2: 0, 3: 4288854528}, total: 4288854528
Check: Per Layer Total writes: {0: 0, 1: 0, 2: 0, 3: 4303798272}, 
 total: 4303798272
Level AccumulationOutputRegister total WMOPs from per layer sum: 10,484,139,126.136
Level AccumulationOutputRegister total WMOPs from total reads/writes: 10,475,053,418.860
End first part of update for level: AccumulationOutputRegister



Calculating WMOPs for Compute Level
Compute Level Compute WMOPs_per_layer: {0: 164708635.85432073, 1: 4262564882.2773485, 2: 4262564882.2773485, 3: 4727786504.232596}
WMOPs_till_now before compute level: 10,484,139,126.136
Compute Level Compute total WMOPs from per layer sum: 13417624904.641613
Compute Level Compute total WMOPs: 2.4108376953183185e+36
Total WMOPs after adding compute level: 23901764030.777794
END FIRST PART OF UPDATE STATS


First cc_per_tile, it is from compute = 1
First cc_per_tile_per_layer it is from compute = {0: 1, 1: 1, 2: 1, 3: 1}


Calculating Latency for Level: AccumulationOutputRegister

Latency for layer: 0 of Level: AccumulationOutputRegister
level.active_instances_per_layer[0]: 864
level.temporal_iterations_per_layer[0]: 155664
Scaling per layer[0]: 134,493,696
Single Tile latency: cc_per_tile_per_layer[0]: 1
Ideal Case, Latency at this level without stalls: cc_per_all_tiles_per_layer[0]: 1
SCALED cc_per_all_tiles_per_layer[0]: 134,493,696
level.getReadPerLayer[0](): 0
  (For comparison - full reads including accumulation: 0)
ideal_bandwidth_read_per_layer[0]: 0.0
INFO: forcefully updating setting FREE_DRAINS to False
level.getDrainPerLayer[0](): 0
ideal_bandwidth_drain_per_layer[0]: 0.0
ideal_bandwidth_update_per_layer[0]: 0.0
  (For comparison - full updates including accumulation: 0)
level.getFillPerLayer[0](): 0
ideal_bandwidth_fill_per_layer[0]: 0.0

Latency for layer: 1 of Level: AccumulationOutputRegister
level.active_instances_per_layer[1]: 864
level.temporal_iterations_per_layer[1]: 4981248
Scaling per layer[1]: 4,303,798,272
Single Tile latency: cc_per_tile_per_layer[1]: 1
Ideal Case, Latency at this level without stalls: cc_per_all_tiles_per_layer[1]: 1
SCALED cc_per_all_tiles_per_layer[1]: 4,303,798,272
level.getReadPerLayer[1](): 0
  (For comparison - full reads including accumulation: 0)
ideal_bandwidth_read_per_layer[1]: 0.0
level.getDrainPerLayer[1](): 0
ideal_bandwidth_drain_per_layer[1]: 0.0
ideal_bandwidth_update_per_layer[1]: 0.0
  (For comparison - full updates including accumulation: 0)
level.getFillPerLayer[1](): 0
ideal_bandwidth_fill_per_layer[1]: 0.0

Latency for layer: 2 of Level: AccumulationOutputRegister
level.active_instances_per_layer[2]: 864
level.temporal_iterations_per_layer[2]: 4981248
Scaling per layer[2]: 4,303,798,272
Single Tile latency: cc_per_tile_per_layer[2]: 1
Ideal Case, Latency at this level without stalls: cc_per_all_tiles_per_layer[2]: 1
SCALED cc_per_all_tiles_per_layer[2]: 4,303,798,272
level.getReadPerLayer[2](): 0
  (For comparison - full reads including accumulation: 0)
ideal_bandwidth_read_per_layer[2]: 0.0
level.getDrainPerLayer[2](): 0
ideal_bandwidth_drain_per_layer[2]: 0.0
ideal_bandwidth_update_per_layer[2]: 0.0
  (For comparison - full updates including accumulation: 0)
level.getFillPerLayer[2](): 0
ideal_bandwidth_fill_per_layer[2]: 0.0

Latency for layer: 3 of Level: AccumulationOutputRegister
level.active_instances_per_layer[3]: 864
level.temporal_iterations_per_layer[3]: 4981248
Scaling per layer[3]: 4,303,798,272
Single Tile latency: cc_per_tile_per_layer[3]: 1
Ideal Case, Latency at this level without stalls: cc_per_all_tiles_per_layer[3]: 1
SCALED cc_per_all_tiles_per_layer[3]: 4,303,798,272
level.getReadPerLayer[3](): 4,288,854,528
  (For comparison - full reads including accumulation: 4,288,854,528)
ideal_bandwidth_read_per_layer[3]: 0.9965277777777778
level.getDrainPerLayer[3](): 0
ideal_bandwidth_drain_per_layer[3]: 0.0
ideal_bandwidth_update_per_layer[3]: 1.0
  (For comparison - full updates including accumulation: 4,303,798,272)
level.getFillPerLayer[3](): 0
ideal_bandwidth_fill_per_layer[3]: 0.0

Start of calculation of latency:


Layer_id: 0 in AccumulationOutputRegister

ideal_bandwidth_read_per_layer[0] + ideal_bandwidth_drain_per_layer[0]: 0.0 vs level.read_bandwidth: 1
I am in Compute Bound
cc_per_all_tiles_per_layer[0]: 1
STANDARD CASE latency_read_drain_per_layer[0]: 1

ideal_bandwidth_fill_per_layer[0] + ideal_bandwidth_update_per_layer[0]: 0.0 vs level.write_bandwidth: 1
previous_fanout_pe_to_pe_warmup: 0
STANDARD CASE latency_fill_update_per_layer[0]: 1


Layer_id: 1 in AccumulationOutputRegister

ideal_bandwidth_read_per_layer[1] + ideal_bandwidth_drain_per_layer[1]: 0.0 vs level.read_bandwidth: 1
I am in Compute Bound
cc_per_all_tiles_per_layer[1]: 1
STANDARD CASE latency_read_drain_per_layer[1]: 1

ideal_bandwidth_fill_per_layer[1] + ideal_bandwidth_update_per_layer[1]: 0.0 vs level.write_bandwidth: 1
previous_fanout_pe_to_pe_warmup: 0
STANDARD CASE latency_fill_update_per_layer[1]: 1


Layer_id: 2 in AccumulationOutputRegister

ideal_bandwidth_read_per_layer[2] + ideal_bandwidth_drain_per_layer[2]: 0.0 vs level.read_bandwidth: 1
I am in Compute Bound
cc_per_all_tiles_per_layer[2]: 1
STANDARD CASE latency_read_drain_per_layer[2]: 1

ideal_bandwidth_fill_per_layer[2] + ideal_bandwidth_update_per_layer[2]: 0.0 vs level.write_bandwidth: 1
previous_fanout_pe_to_pe_warmup: 0
STANDARD CASE latency_fill_update_per_layer[2]: 1


Layer_id: 3 in AccumulationOutputRegister

ideal_bandwidth_read_per_layer[3] + ideal_bandwidth_drain_per_layer[3]: 0.9965277777777778 vs level.read_bandwidth: 1
I am in Compute Bound
cc_per_all_tiles_per_layer[3]: 1
STANDARD CASE latency_read_drain_per_layer[3]: 1

ideal_bandwidth_fill_per_layer[3] + ideal_bandwidth_update_per_layer[3]: 1.0 vs level.write_bandwidth: 1
previous_fanout_pe_to_pe_warmup: 0
STANDARD CASE latency_fill_update_per_layer[3]: 1

End of calculation of latency.

Calculating per tile final latency and stall for layer 0 in AccumulationOutputRegister: latency_read_drain_per_layer[0] = 1, latency_fill_update_per_layer[0] = 1
Final per tile latency_per_layer[0]: 1
Final per tile stall_cycles_per_layer[0]: 0
Ideal case: no stall introduced by this level per this layer: cc_per_all_tiles_per_layer[0]: 1
Calculating per tile final latency and stall for layer 1 in AccumulationOutputRegister: latency_read_drain_per_layer[1] = 1, latency_fill_update_per_layer[1] = 1
Final per tile latency_per_layer[1]: 1
Final per tile stall_cycles_per_layer[1]: 0
Ideal case: no stall introduced by this level per this layer: cc_per_all_tiles_per_layer[1]: 1
Calculating per tile final latency and stall for layer 2 in AccumulationOutputRegister: latency_read_drain_per_layer[2] = 1, latency_fill_update_per_layer[2] = 1
Final per tile latency_per_layer[2]: 1
Final per tile stall_cycles_per_layer[2]: 0
Ideal case: no stall introduced by this level per this layer: cc_per_all_tiles_per_layer[2]: 1
Calculating per tile final latency and stall for layer 3 in AccumulationOutputRegister: latency_read_drain_per_layer[3] = 1, latency_fill_update_per_layer[3] = 1
Final per tile latency_per_layer[3]: 1
Final per tile stall_cycles_per_layer[3]: 0
Ideal case: no stall introduced by this level per this layer: cc_per_all_tiles_per_layer[3]: 1


Calculating Latency for Level: AccumulationIntermediateOutputRegister

Latency for layer: 0 of Level: AccumulationIntermediateOutputRegister
level.active_instances_per_layer[0]: 864
level.temporal_iterations_per_layer[0]: 155664
Scaling per layer[0]: 134,493,696
Single Tile latency: cc_per_tile_per_layer[0]: 1
Ideal Case, Latency at this level without stalls: cc_per_all_tiles_per_layer[0]: 1
SCALED cc_per_all_tiles_per_layer[0]: 134,493,696
level.getReadPerLayer[0](): 134,493,696
  (For comparison - full reads including accumulation: 134,493,696)
ideal_bandwidth_read_per_layer[0]: 1.0
level.getDrainPerLayer[0](): 0
ideal_bandwidth_drain_per_layer[0]: 0.0
ideal_bandwidth_update_per_layer[0]: 1.0
  (For comparison - full updates including accumulation: 134,493,696)
level.getFillPerLayer[0](): 14,943,744
ideal_bandwidth_fill_per_layer[0]: 0.1111111111111111

Latency for layer: 1 of Level: AccumulationIntermediateOutputRegister
level.active_instances_per_layer[1]: 864
level.temporal_iterations_per_layer[1]: 4981248
Scaling per layer[1]: 4,303,798,272
Single Tile latency: cc_per_tile_per_layer[1]: 1
Ideal Case, Latency at this level without stalls: cc_per_all_tiles_per_layer[1]: 1
SCALED cc_per_all_tiles_per_layer[1]: 4,303,798,272
level.getReadPerLayer[1](): 4,303,798,272
  (For comparison - full reads including accumulation: 4,303,798,272)
ideal_bandwidth_read_per_layer[1]: 1.0
level.getDrainPerLayer[1](): 0
ideal_bandwidth_drain_per_layer[1]: 0.0
ideal_bandwidth_update_per_layer[1]: 1.0
  (For comparison - full updates including accumulation: 4,303,798,272)
level.getFillPerLayer[1](): 14,943,744
ideal_bandwidth_fill_per_layer[1]: 0.003472222222222222

Latency for layer: 2 of Level: AccumulationIntermediateOutputRegister
level.active_instances_per_layer[2]: 864
level.temporal_iterations_per_layer[2]: 4981248
Scaling per layer[2]: 4,303,798,272
Single Tile latency: cc_per_tile_per_layer[2]: 1
Ideal Case, Latency at this level without stalls: cc_per_all_tiles_per_layer[2]: 1
SCALED cc_per_all_tiles_per_layer[2]: 4,303,798,272
level.getReadPerLayer[2](): 4,303,798,272
  (For comparison - full reads including accumulation: 4,303,798,272)
ideal_bandwidth_read_per_layer[2]: 1.0
level.getDrainPerLayer[2](): 0
ideal_bandwidth_drain_per_layer[2]: 0.0
ideal_bandwidth_update_per_layer[2]: 1.0
  (For comparison - full updates including accumulation: 4,303,798,272)
level.getFillPerLayer[2](): 14,943,744
ideal_bandwidth_fill_per_layer[2]: 0.003472222222222222

Latency for layer: 3 of Level: AccumulationIntermediateOutputRegister
level.active_instances_per_layer[3]: 864
level.temporal_iterations_per_layer[3]: 4981248
Scaling per layer[3]: 4,303,798,272
Single Tile latency: cc_per_tile_per_layer[3]: 1
Ideal Case, Latency at this level without stalls: cc_per_all_tiles_per_layer[3]: 1
SCALED cc_per_all_tiles_per_layer[3]: 4,303,798,272
level.getReadPerLayer[3](): 0
  (For comparison - full reads including accumulation: 0)
ideal_bandwidth_read_per_layer[3]: 0.0
level.getDrainPerLayer[3](): 0
ideal_bandwidth_drain_per_layer[3]: 0.0
ideal_bandwidth_update_per_layer[3]: 0.0
  (For comparison - full updates including accumulation: 0)
level.getFillPerLayer[3](): 0
ideal_bandwidth_fill_per_layer[3]: 0.0

Start of calculation of latency:


Layer_id: 0 in AccumulationIntermediateOutputRegister

ideal_bandwidth_read_per_layer[0] + ideal_bandwidth_drain_per_layer[0]: 1.0 vs level.read_bandwidth: 1
I am in Compute Bound
cc_per_all_tiles_per_layer[0]: 1
STANDARD CASE latency_read_drain_per_layer[0]: 1

ideal_bandwidth_fill_per_layer[0] + ideal_bandwidth_update_per_layer[0]: 1.1111111111111112 vs level.write_bandwidth: 1
ideal_bandwidth_fill_per_layer[0]: 0.1111111111111111
ideal_bandwidth_update_per_layer[0]: 1.0
level.write_bandwidth: 1
total data (for bandwidth): 149437440
scaling_per_layer[0]: 134493696
SLOWDOWN CASE latency_fill_update_per_layer[0]: 1.1111111111111112


Layer_id: 1 in AccumulationIntermediateOutputRegister

ideal_bandwidth_read_per_layer[1] + ideal_bandwidth_drain_per_layer[1]: 1.0 vs level.read_bandwidth: 1
I am in Compute Bound
cc_per_all_tiles_per_layer[1]: 1
STANDARD CASE latency_read_drain_per_layer[1]: 1

ideal_bandwidth_fill_per_layer[1] + ideal_bandwidth_update_per_layer[1]: 1.0034722222222223 vs level.write_bandwidth: 1
ideal_bandwidth_fill_per_layer[1]: 0.003472222222222222
ideal_bandwidth_update_per_layer[1]: 1.0
level.write_bandwidth: 1
total data (for bandwidth): 4318742016
scaling_per_layer[1]: 4303798272
SLOWDOWN CASE latency_fill_update_per_layer[1]: 1.0034722222222223


Layer_id: 2 in AccumulationIntermediateOutputRegister

ideal_bandwidth_read_per_layer[2] + ideal_bandwidth_drain_per_layer[2]: 1.0 vs level.read_bandwidth: 1
I am in Compute Bound
cc_per_all_tiles_per_layer[2]: 1
STANDARD CASE latency_read_drain_per_layer[2]: 1

ideal_bandwidth_fill_per_layer[2] + ideal_bandwidth_update_per_layer[2]: 1.0034722222222223 vs level.write_bandwidth: 1
ideal_bandwidth_fill_per_layer[2]: 0.003472222222222222
ideal_bandwidth_update_per_layer[2]: 1.0
level.write_bandwidth: 1
total data (for bandwidth): 4318742016
scaling_per_layer[2]: 4303798272
SLOWDOWN CASE latency_fill_update_per_layer[2]: 1.0034722222222223


Layer_id: 3 in AccumulationIntermediateOutputRegister

ideal_bandwidth_read_per_layer[3] + ideal_bandwidth_drain_per_layer[3]: 0.0 vs level.read_bandwidth: 1
I am in Compute Bound
cc_per_all_tiles_per_layer[3]: 1
STANDARD CASE latency_read_drain_per_layer[3]: 1

ideal_bandwidth_fill_per_layer[3] + ideal_bandwidth_update_per_layer[3]: 0.0 vs level.write_bandwidth: 1
previous_fanout_pe_to_pe_warmup: 0
STANDARD CASE latency_fill_update_per_layer[3]: 1

End of calculation of latency.

Calculating per tile final latency and stall for layer 0 in AccumulationIntermediateOutputRegister: latency_read_drain_per_layer[0] = 1, latency_fill_update_per_layer[0] = 1.1111111111111112
Final per tile latency_per_layer[0]: 1
Final per tile stall_cycles_per_layer[0]: 0
Ideal case: no stall introduced by this level per this layer: cc_per_all_tiles_per_layer[0]: 1
Calculating per tile final latency and stall for layer 1 in AccumulationIntermediateOutputRegister: latency_read_drain_per_layer[1] = 1, latency_fill_update_per_layer[1] = 1.0034722222222223
Final per tile latency_per_layer[1]: 1
Final per tile stall_cycles_per_layer[1]: 0
Ideal case: no stall introduced by this level per this layer: cc_per_all_tiles_per_layer[1]: 1
Calculating per tile final latency and stall for layer 2 in AccumulationIntermediateOutputRegister: latency_read_drain_per_layer[2] = 1, latency_fill_update_per_layer[2] = 1.0034722222222223
Final per tile latency_per_layer[2]: 1
Final per tile stall_cycles_per_layer[2]: 0
Ideal case: no stall introduced by this level per this layer: cc_per_all_tiles_per_layer[2]: 1
Calculating per tile final latency and stall for layer 3 in AccumulationIntermediateOutputRegister: latency_read_drain_per_layer[3] = 1, latency_fill_update_per_layer[3] = 1
Final per tile latency_per_layer[3]: 1
Final per tile stall_cycles_per_layer[3]: 0
Ideal case: no stall introduced by this level per this layer: cc_per_all_tiles_per_layer[3]: 1


Calculating Latency for Level: WeightRegister

Latency for layer: 0 of Level: WeightRegister
level.active_instances_per_layer[0]: 864
level.temporal_iterations_per_layer[0]: 155664
Scaling per layer[0]: 134,493,696
Single Tile latency: cc_per_tile_per_layer[0]: 1.1111111111111112
Ideal Case, Latency at this level without stalls: cc_per_all_tiles_per_layer[0]: 1.1111111111111112
SCALED cc_per_all_tiles_per_layer[0]: 149,437,440
level.getReadPerLayer[0](): 134,493,696
  (For comparison - full reads including accumulation: 134,493,696)
ideal_bandwidth_read_per_layer[0]: 0.9
level.getDrainPerLayer[0](): 0
ideal_bandwidth_drain_per_layer[0]: 0.0
ideal_bandwidth_update_per_layer[0]: 0.0
  (For comparison - full updates including accumulation: 0)
level.getFillPerLayer[0](): 134,493,696
ideal_bandwidth_fill_per_layer[0]: 0.9

Latency for layer: 1 of Level: WeightRegister
level.active_instances_per_layer[1]: 864
level.temporal_iterations_per_layer[1]: 4981248
Scaling per layer[1]: 4,303,798,272
Single Tile latency: cc_per_tile_per_layer[1]: 1.0034722222222223
Ideal Case, Latency at this level without stalls: cc_per_all_tiles_per_layer[1]: 1.0034722222222223
SCALED cc_per_all_tiles_per_layer[1]: 4,318,742,016
level.getReadPerLayer[1](): 4,303,798,272
  (For comparison - full reads including accumulation: 4,303,798,272)
ideal_bandwidth_read_per_layer[1]: 0.9965397923875432
level.getDrainPerLayer[1](): 0
ideal_bandwidth_drain_per_layer[1]: 0.0
ideal_bandwidth_update_per_layer[1]: 0.0
  (For comparison - full updates including accumulation: 0)
level.getFillPerLayer[1](): 4,303,798,272
ideal_bandwidth_fill_per_layer[1]: 0.9965397923875432

Latency for layer: 2 of Level: WeightRegister
level.active_instances_per_layer[2]: 864
level.temporal_iterations_per_layer[2]: 4981248
Scaling per layer[2]: 4,303,798,272
Single Tile latency: cc_per_tile_per_layer[2]: 1.0034722222222223
Ideal Case, Latency at this level without stalls: cc_per_all_tiles_per_layer[2]: 1.0034722222222223
SCALED cc_per_all_tiles_per_layer[2]: 4,318,742,016
level.getReadPerLayer[2](): 4,303,798,272
  (For comparison - full reads including accumulation: 4,303,798,272)
ideal_bandwidth_read_per_layer[2]: 0.9965397923875432
level.getDrainPerLayer[2](): 0
ideal_bandwidth_drain_per_layer[2]: 0.0
ideal_bandwidth_update_per_layer[2]: 0.0
  (For comparison - full updates including accumulation: 0)
level.getFillPerLayer[2](): 4,303,798,272
ideal_bandwidth_fill_per_layer[2]: 0.9965397923875432

Latency for layer: 3 of Level: WeightRegister
level.active_instances_per_layer[3]: 864
level.temporal_iterations_per_layer[3]: 4981248
Scaling per layer[3]: 4,303,798,272
Single Tile latency: cc_per_tile_per_layer[3]: 1
Ideal Case, Latency at this level without stalls: cc_per_all_tiles_per_layer[3]: 1
SCALED cc_per_all_tiles_per_layer[3]: 4,303,798,272
level.getReadPerLayer[3](): 4,303,798,272
  (For comparison - full reads including accumulation: 4,303,798,272)
ideal_bandwidth_read_per_layer[3]: 1.0
level.getDrainPerLayer[3](): 0
ideal_bandwidth_drain_per_layer[3]: 0.0
ideal_bandwidth_update_per_layer[3]: 0.0
  (For comparison - full updates including accumulation: 0)
level.getFillPerLayer[3](): 4,303,798,272
ideal_bandwidth_fill_per_layer[3]: 1.0

Start of calculation of latency:


Layer_id: 0 in WeightRegister

ideal_bandwidth_read_per_layer[0] + ideal_bandwidth_drain_per_layer[0]: 0.9 vs level.read_bandwidth: 1
I am in Compute Bound
cc_per_all_tiles_per_layer[0]: 1.1111111111111112
STANDARD CASE latency_read_drain_per_layer[0]: 1.1111111111111112

ideal_bandwidth_fill_per_layer[0] + ideal_bandwidth_update_per_layer[0]: 0.9 vs level.write_bandwidth: 1
previous_fanout_pe_to_pe_warmup: 0
STANDARD CASE latency_fill_update_per_layer[0]: 1.1111111111111112


Layer_id: 1 in WeightRegister

ideal_bandwidth_read_per_layer[1] + ideal_bandwidth_drain_per_layer[1]: 0.9965397923875432 vs level.read_bandwidth: 1
I am in Compute Bound
cc_per_all_tiles_per_layer[1]: 1.0034722222222223
STANDARD CASE latency_read_drain_per_layer[1]: 1.0034722222222223

ideal_bandwidth_fill_per_layer[1] + ideal_bandwidth_update_per_layer[1]: 0.9965397923875432 vs level.write_bandwidth: 1
previous_fanout_pe_to_pe_warmup: 0
STANDARD CASE latency_fill_update_per_layer[1]: 1.0034722222222223


Layer_id: 2 in WeightRegister

ideal_bandwidth_read_per_layer[2] + ideal_bandwidth_drain_per_layer[2]: 0.9965397923875432 vs level.read_bandwidth: 1
I am in Compute Bound
cc_per_all_tiles_per_layer[2]: 1.0034722222222223
STANDARD CASE latency_read_drain_per_layer[2]: 1.0034722222222223

ideal_bandwidth_fill_per_layer[2] + ideal_bandwidth_update_per_layer[2]: 0.9965397923875432 vs level.write_bandwidth: 1
previous_fanout_pe_to_pe_warmup: 0
STANDARD CASE latency_fill_update_per_layer[2]: 1.0034722222222223


Layer_id: 3 in WeightRegister

ideal_bandwidth_read_per_layer[3] + ideal_bandwidth_drain_per_layer[3]: 1.0 vs level.read_bandwidth: 1
I am in Compute Bound
cc_per_all_tiles_per_layer[3]: 1
STANDARD CASE latency_read_drain_per_layer[3]: 1

ideal_bandwidth_fill_per_layer[3] + ideal_bandwidth_update_per_layer[3]: 1.0 vs level.write_bandwidth: 1
previous_fanout_pe_to_pe_warmup: 0
STANDARD CASE latency_fill_update_per_layer[3]: 1

End of calculation of latency.

Calculating per tile final latency and stall for layer 0 in WeightRegister: latency_read_drain_per_layer[0] = 1.1111111111111112, latency_fill_update_per_layer[0] = 1.1111111111111112
Final per tile latency_per_layer[0]: 1
Final per tile stall_cycles_per_layer[0]: 0
Ideal case: no stall introduced by this level per this layer: cc_per_all_tiles_per_layer[0]: 1
Calculating per tile final latency and stall for layer 1 in WeightRegister: latency_read_drain_per_layer[1] = 1.0034722222222223, latency_fill_update_per_layer[1] = 1.0034722222222223
Final per tile latency_per_layer[1]: 1
Final per tile stall_cycles_per_layer[1]: 0
Ideal case: no stall introduced by this level per this layer: cc_per_all_tiles_per_layer[1]: 1
Calculating per tile final latency and stall for layer 2 in WeightRegister: latency_read_drain_per_layer[2] = 1.0034722222222223, latency_fill_update_per_layer[2] = 1.0034722222222223
Final per tile latency_per_layer[2]: 1
Final per tile stall_cycles_per_layer[2]: 0
Ideal case: no stall introduced by this level per this layer: cc_per_all_tiles_per_layer[2]: 1
Calculating per tile final latency and stall for layer 3 in WeightRegister: latency_read_drain_per_layer[3] = 1, latency_fill_update_per_layer[3] = 1
Final per tile latency_per_layer[3]: 1
Final per tile stall_cycles_per_layer[3]: 0
Ideal case: no stall introduced by this level per this layer: cc_per_all_tiles_per_layer[3]: 1


Calculating Latency for Level: WeightMemory

Latency for layer: 0 of Level: WeightMemory
level.active_instances_per_layer[0]: 1
level.temporal_iterations_per_layer[0]: 8648
Scaling per layer[0]: 8,648
Single Tile latency: cc_per_tile_per_layer[0]: 1.1111111111111112
Ideal Case, Latency at this level without stalls: cc_per_all_tiles_per_layer[0]: 20.0
SCALED cc_per_all_tiles_per_layer[0]: 172,960
level.getReadPerLayer[0](): 2,490,624
  (For comparison - full reads including accumulation: 2,490,624)
ideal_bandwidth_read_per_layer[0]: 14.4
level.getDrainPerLayer[0](): 0
ideal_bandwidth_drain_per_layer[0]: 0.0
ideal_bandwidth_update_per_layer[0]: 0.0
  (For comparison - full updates including accumulation: 0)
level.getFillPerLayer[0](): 288
ideal_bandwidth_fill_per_layer[0]: 0.0016651248843663274

Latency for layer: 1 of Level: WeightMemory
level.active_instances_per_layer[1]: 1
level.temporal_iterations_per_layer[1]: 8648
Scaling per layer[1]: 8,648
Single Tile latency: cc_per_tile_per_layer[1]: 1.0034722222222223
Ideal Case, Latency at this level without stalls: cc_per_all_tiles_per_layer[1]: 578.0
SCALED cc_per_all_tiles_per_layer[1]: 4,998,544
level.getReadPerLayer[1](): 79,699,968
  (For comparison - full reads including accumulation: 79,699,968)
ideal_bandwidth_read_per_layer[1]: 15.944636678200691
level.getDrainPerLayer[1](): 0
ideal_bandwidth_drain_per_layer[1]: 0.0
ideal_bandwidth_update_per_layer[1]: 0.0
  (For comparison - full updates including accumulation: 0)
level.getFillPerLayer[1](): 9,216
ideal_bandwidth_fill_per_layer[1]: 0.0018437368961841689

Latency for layer: 2 of Level: WeightMemory
level.active_instances_per_layer[2]: 1
level.temporal_iterations_per_layer[2]: 8648
Scaling per layer[2]: 8,648
Single Tile latency: cc_per_tile_per_layer[2]: 1.0034722222222223
Ideal Case, Latency at this level without stalls: cc_per_all_tiles_per_layer[2]: 578.0
SCALED cc_per_all_tiles_per_layer[2]: 4,998,544
level.getReadPerLayer[2](): 79,699,968
  (For comparison - full reads including accumulation: 79,699,968)
ideal_bandwidth_read_per_layer[2]: 15.944636678200691
level.getDrainPerLayer[2](): 0
ideal_bandwidth_drain_per_layer[2]: 0.0
ideal_bandwidth_update_per_layer[2]: 0.0
  (For comparison - full updates including accumulation: 0)
level.getFillPerLayer[2](): 9,216
ideal_bandwidth_fill_per_layer[2]: 0.0018437368961841689

Latency for layer: 3 of Level: WeightMemory
level.active_instances_per_layer[3]: 1
level.temporal_iterations_per_layer[3]: 8648
Scaling per layer[3]: 8,648
Single Tile latency: cc_per_tile_per_layer[3]: 1
Ideal Case, Latency at this level without stalls: cc_per_all_tiles_per_layer[3]: 576
SCALED cc_per_all_tiles_per_layer[3]: 4,981,248
level.getReadPerLayer[3](): 79,699,968
  (For comparison - full reads including accumulation: 79,699,968)
ideal_bandwidth_read_per_layer[3]: 16.0
level.getDrainPerLayer[3](): 0
ideal_bandwidth_drain_per_layer[3]: 0.0
ideal_bandwidth_update_per_layer[3]: 0.0
  (For comparison - full updates including accumulation: 0)
level.getFillPerLayer[3](): 9,216
ideal_bandwidth_fill_per_layer[3]: 0.0018501387604070306

Start of calculation of latency:


Layer_id: 0 in WeightMemory

ideal_bandwidth_read_per_layer[0] + ideal_bandwidth_drain_per_layer[0]: 14.4 vs level.read_bandwidth: 16
I am in Compute Bound
cc_per_all_tiles_per_layer[0]: 20.0
STANDARD CASE latency_read_drain_per_layer[0]: 20.0

ideal_bandwidth_fill_per_layer[0] + ideal_bandwidth_update_per_layer[0]: 0.0016651248843663274 vs level.write_bandwidth: 16
previous_fanout_pe_to_pe_warmup: 0
STANDARD CASE latency_fill_update_per_layer[0]: 20.0


Layer_id: 1 in WeightMemory

ideal_bandwidth_read_per_layer[1] + ideal_bandwidth_drain_per_layer[1]: 15.944636678200691 vs level.read_bandwidth: 16
I am in Compute Bound
cc_per_all_tiles_per_layer[1]: 578.0
STANDARD CASE latency_read_drain_per_layer[1]: 578.0

ideal_bandwidth_fill_per_layer[1] + ideal_bandwidth_update_per_layer[1]: 0.0018437368961841689 vs level.write_bandwidth: 16
previous_fanout_pe_to_pe_warmup: 0
STANDARD CASE latency_fill_update_per_layer[1]: 578.0


Layer_id: 2 in WeightMemory

ideal_bandwidth_read_per_layer[2] + ideal_bandwidth_drain_per_layer[2]: 15.944636678200691 vs level.read_bandwidth: 16
I am in Compute Bound
cc_per_all_tiles_per_layer[2]: 578.0
STANDARD CASE latency_read_drain_per_layer[2]: 578.0

ideal_bandwidth_fill_per_layer[2] + ideal_bandwidth_update_per_layer[2]: 0.0018437368961841689 vs level.write_bandwidth: 16
previous_fanout_pe_to_pe_warmup: 0
STANDARD CASE latency_fill_update_per_layer[2]: 578.0


Layer_id: 3 in WeightMemory

ideal_bandwidth_read_per_layer[3] + ideal_bandwidth_drain_per_layer[3]: 16.0 vs level.read_bandwidth: 16
I am in Compute Bound
cc_per_all_tiles_per_layer[3]: 576
STANDARD CASE latency_read_drain_per_layer[3]: 576

ideal_bandwidth_fill_per_layer[3] + ideal_bandwidth_update_per_layer[3]: 0.0018501387604070306 vs level.write_bandwidth: 16
previous_fanout_pe_to_pe_warmup: 0
STANDARD CASE latency_fill_update_per_layer[3]: 576

End of calculation of latency.

Calculating per tile final latency and stall for layer 0 in WeightMemory: latency_read_drain_per_layer[0] = 20.0, latency_fill_update_per_layer[0] = 20.0
Final per tile latency_per_layer[0]: 20
Final per tile stall_cycles_per_layer[0]: 0
Ideal case: no stall introduced by this level per this layer: cc_per_all_tiles_per_layer[0]: 20
Calculating per tile final latency and stall for layer 1 in WeightMemory: latency_read_drain_per_layer[1] = 578.0, latency_fill_update_per_layer[1] = 578.0
Final per tile latency_per_layer[1]: 578
Final per tile stall_cycles_per_layer[1]: 0
Ideal case: no stall introduced by this level per this layer: cc_per_all_tiles_per_layer[1]: 578
Calculating per tile final latency and stall for layer 2 in WeightMemory: latency_read_drain_per_layer[2] = 578.0, latency_fill_update_per_layer[2] = 578.0
Final per tile latency_per_layer[2]: 578
Final per tile stall_cycles_per_layer[2]: 0
Ideal case: no stall introduced by this level per this layer: cc_per_all_tiles_per_layer[2]: 578
Calculating per tile final latency and stall for layer 3 in WeightMemory: latency_read_drain_per_layer[3] = 576, latency_fill_update_per_layer[3] = 576
Final per tile latency_per_layer[3]: 576
Final per tile stall_cycles_per_layer[3]: 0
Ideal case: no stall introduced by this level per this layer: cc_per_all_tiles_per_layer[3]: 576


Calculating Latency for Level: FeatureMemory

Latency for layer: 0 of Level: FeatureMemory
level.active_instances_per_layer[0]: 1
level.temporal_iterations_per_layer[0]: 8648
Scaling per layer[0]: 8,648
Single Tile latency: cc_per_tile_per_layer[0]: 20.0
Ideal Case, Latency at this level without stalls: cc_per_all_tiles_per_layer[0]: 20.0
SCALED cc_per_all_tiles_per_layer[0]: 172,960
level.getReadPerLayer[0](): 16,624,915
  (For comparison - full reads including accumulation: 16,624,915)
ideal_bandwidth_read_per_layer[0]: 96.11999999999999
level.getDrainPerLayer[0](): 0
ideal_bandwidth_drain_per_layer[0]: 0.0
ideal_bandwidth_update_per_layer[0]: 86.4
  (For comparison - full updates including accumulation: 14,943,744)
level.getFillPerLayer[0](): 466,992
ideal_bandwidth_fill_per_layer[0]: 2.7

Latency for layer: 1 of Level: FeatureMemory
level.active_instances_per_layer[1]: 1
level.temporal_iterations_per_layer[1]: 8648
Scaling per layer[1]: 8,648
Single Tile latency: cc_per_tile_per_layer[1]: 578.0
Ideal Case, Latency at this level without stalls: cc_per_all_tiles_per_layer[1]: 578.0
SCALED cc_per_all_tiles_per_layer[1]: 4,998,544
level.getReadPerLayer[1](): 68,741,222
  (For comparison - full reads including accumulation: 68,741,222)
ideal_bandwidth_read_per_layer[1]: 13.752249134948098
level.getDrainPerLayer[1](): 0
ideal_bandwidth_drain_per_layer[1]: 0.0
ideal_bandwidth_update_per_layer[1]: 2.98961937716263
  (For comparison - full updates including accumulation: 14,943,744)
level.getFillPerLayer[1](): 0
ideal_bandwidth_fill_per_layer[1]: 0.0

Latency for layer: 2 of Level: FeatureMemory
level.active_instances_per_layer[2]: 1
level.temporal_iterations_per_layer[2]: 8648
Scaling per layer[2]: 8,648
Single Tile latency: cc_per_tile_per_layer[2]: 578.0
Ideal Case, Latency at this level without stalls: cc_per_all_tiles_per_layer[2]: 578.0
SCALED cc_per_all_tiles_per_layer[2]: 4,998,544
level.getReadPerLayer[2](): 68,741,222
  (For comparison - full reads including accumulation: 68,741,222)
ideal_bandwidth_read_per_layer[2]: 13.752249134948098
level.getDrainPerLayer[2](): 0
ideal_bandwidth_drain_per_layer[2]: 0.0
ideal_bandwidth_update_per_layer[2]: 2.98961937716263
  (For comparison - full updates including accumulation: 14,943,744)
level.getFillPerLayer[2](): 0
ideal_bandwidth_fill_per_layer[2]: 0.0

Latency for layer: 3 of Level: FeatureMemory
level.active_instances_per_layer[3]: 1
level.temporal_iterations_per_layer[3]: 8648
Scaling per layer[3]: 8,648
Single Tile latency: cc_per_tile_per_layer[3]: 576
Ideal Case, Latency at this level without stalls: cc_per_all_tiles_per_layer[3]: 576
SCALED cc_per_all_tiles_per_layer[3]: 4,981,248
level.getReadPerLayer[3](): 53,797,478
  (For comparison - full reads including accumulation: 53,797,478)
ideal_bandwidth_read_per_layer[3]: 10.799999999999999
level.getDrainPerLayer[3](): 0
ideal_bandwidth_drain_per_layer[3]: 0.0
ideal_bandwidth_update_per_layer[3]: 3.0
  (For comparison - full updates including accumulation: 14,943,744)
level.getFillPerLayer[3](): 0
ideal_bandwidth_fill_per_layer[3]: 0.0

Start of calculation of latency:
I am in FeatureMemory level, so I use different formula for latency calculation


Layer_id: 0 in FeatureMemory

scaling_per_layer[0]: 8648
I AM HERE total_data_rd: 16624915
latency_per_layer[0]: 28.485511188433833, latency_read_drain_per_layer[0]: 14.563636188433831, latency_fill_update_per_layer[0]: 13.921875
Total latency so far: 28.485511188433833


Layer_id: 1 in FeatureMemory

scaling_per_layer[1]: 8648
I AM HERE total_data_rd: 68741222
latency_per_layer[1]: 73.71818146777676, latency_read_drain_per_layer[1]: 60.21818146777675, latency_fill_update_per_layer[1]: 13.5
Total latency so far: 102.20369265621059


Layer_id: 2 in FeatureMemory

scaling_per_layer[2]: 8648
I AM HERE total_data_rd: 68741222
latency_per_layer[2]: 73.71818146777676, latency_read_drain_per_layer[2]: 60.21818146777675, latency_fill_update_per_layer[2]: 13.5
Total latency so far: 175.92187412398735


Layer_id: 3 in FeatureMemory

scaling_per_layer[3]: 8648
I AM HERE total_data_rd: 53797478
latency_per_layer[3]: 60.62727237686766, latency_read_drain_per_layer[3]: 47.12727237686766, latency_fill_update_per_layer[3]: 13.5
Total latency so far: 236.54914650085502

End of calculation of latency.

Calculating per tile final latency and stall for layer 0 in FeatureMemory: latency_read_drain_per_layer[0] = 14.563636188433831, latency_fill_update_per_layer[0] = 13.921875
Final per tile latency_per_layer[0]: 28
Final per tile stall_cycles_per_layer[0]: 8
Ideal case: no stall introduced by this level per this layer: cc_per_all_tiles_per_layer[0]: 20
Calculating per tile final latency and stall for layer 1 in FeatureMemory: latency_read_drain_per_layer[1] = 60.21818146777675, latency_fill_update_per_layer[1] = 13.5
Final per tile latency_per_layer[1]: 578
Final per tile stall_cycles_per_layer[1]: 0
Ideal case: no stall introduced by this level per this layer: cc_per_all_tiles_per_layer[1]: 578
Calculating per tile final latency and stall for layer 2 in FeatureMemory: latency_read_drain_per_layer[2] = 60.21818146777675, latency_fill_update_per_layer[2] = 13.5
Final per tile latency_per_layer[2]: 578
Final per tile stall_cycles_per_layer[2]: 0
Ideal case: no stall introduced by this level per this layer: cc_per_all_tiles_per_layer[2]: 578
Calculating per tile final latency and stall for layer 3 in FeatureMemory: latency_read_drain_per_layer[3] = 47.12727237686766, latency_fill_update_per_layer[3] = 13.5
Final per tile latency_per_layer[3]: 576
Final per tile stall_cycles_per_layer[3]: 0
Ideal case: no stall introduced by this level per this layer: cc_per_all_tiles_per_layer[3]: 576


Calculating Latency for Level: DRAM

Latency for layer: 0 of Level: DRAM
level.active_instances_per_layer[0]: 1
level.temporal_iterations_per_layer[0]: 1
Scaling per layer[0]: 1
Single Tile latency: cc_per_tile_per_layer[0]: 28.485511188433833
Ideal Case, Latency at this level without stalls: cc_per_all_tiles_per_layer[0]: 246342.70075757577
SCALED cc_per_all_tiles_per_layer[0]: 246,343
level.getReadPerLayer[0](): 467,280
  (For comparison - full reads including accumulation: 467,280)
ideal_bandwidth_read_per_layer[0]: 1.8968696801771576
level.getDrainPerLayer[0](): 0
ideal_bandwidth_drain_per_layer[0]: 0.0
ideal_bandwidth_update_per_layer[0]: 0.0
  (For comparison - full updates including accumulation: 0)
level.getFillPerLayer[0](): 0
ideal_bandwidth_fill_per_layer[0]: 0.0

Latency for layer: 1 of Level: DRAM
level.active_instances_per_layer[1]: 1
level.temporal_iterations_per_layer[1]: 1
Scaling per layer[1]: 1
Single Tile latency: cc_per_tile_per_layer[1]: 578.0
Ideal Case, Latency at this level without stalls: cc_per_all_tiles_per_layer[1]: 4998544.0
SCALED cc_per_all_tiles_per_layer[1]: 4,998,544
level.getReadPerLayer[1](): 9,216
  (For comparison - full reads including accumulation: 9,216)
ideal_bandwidth_read_per_layer[1]: 0.0018437368961841689
level.getDrainPerLayer[1](): 0
ideal_bandwidth_drain_per_layer[1]: 0.0
ideal_bandwidth_update_per_layer[1]: 0.0
  (For comparison - full updates including accumulation: 0)
level.getFillPerLayer[1](): 0
ideal_bandwidth_fill_per_layer[1]: 0.0

Latency for layer: 2 of Level: DRAM
level.active_instances_per_layer[2]: 1
level.temporal_iterations_per_layer[2]: 1
Scaling per layer[2]: 1
Single Tile latency: cc_per_tile_per_layer[2]: 578.0
Ideal Case, Latency at this level without stalls: cc_per_all_tiles_per_layer[2]: 4998544.0
SCALED cc_per_all_tiles_per_layer[2]: 4,998,544
level.getReadPerLayer[2](): 9,216
  (For comparison - full reads including accumulation: 9,216)
ideal_bandwidth_read_per_layer[2]: 0.0018437368961841689
level.getDrainPerLayer[2](): 0
ideal_bandwidth_drain_per_layer[2]: 0.0
ideal_bandwidth_update_per_layer[2]: 0.0
  (For comparison - full updates including accumulation: 0)
level.getFillPerLayer[2](): 0
ideal_bandwidth_fill_per_layer[2]: 0.0

Latency for layer: 3 of Level: DRAM
level.active_instances_per_layer[3]: 1
level.temporal_iterations_per_layer[3]: 1
Scaling per layer[3]: 1
Single Tile latency: cc_per_tile_per_layer[3]: 576
Ideal Case, Latency at this level without stalls: cc_per_all_tiles_per_layer[3]: 4981248
SCALED cc_per_all_tiles_per_layer[3]: 4,981,248
level.getReadPerLayer[3](): 9,216
  (For comparison - full reads including accumulation: 9,216)
ideal_bandwidth_read_per_layer[3]: 0.0018501387604070306
level.getDrainPerLayer[3](): 0
ideal_bandwidth_drain_per_layer[3]: 0.0
ideal_bandwidth_update_per_layer[3]: 3.0
  (For comparison - full updates including accumulation: 14,943,744)
level.getFillPerLayer[3](): 0
ideal_bandwidth_fill_per_layer[3]: 0.0

Start of calculation of latency:


Layer_id: 0 in DRAM

ideal_bandwidth_read_per_layer[0] + ideal_bandwidth_drain_per_layer[0]: 1.8968696801771576 vs level.read_bandwidth: 12
I am in Compute Bound
cc_per_all_tiles_per_layer[0]: 246342.70075757577
STANDARD CASE latency_read_drain_per_layer[0]: 246342.70075757577

ideal_bandwidth_fill_per_layer[0] + ideal_bandwidth_update_per_layer[0]: 0.0 vs level.write_bandwidth: 12
previous_fanout_pe_to_pe_warmup: 0
STANDARD CASE latency_fill_update_per_layer[0]: 246342.70075757577


Layer_id: 1 in DRAM

ideal_bandwidth_read_per_layer[1] + ideal_bandwidth_drain_per_layer[1]: 0.0018437368961841689 vs level.read_bandwidth: 12
I am in Compute Bound
cc_per_all_tiles_per_layer[1]: 4998544.0
STANDARD CASE latency_read_drain_per_layer[1]: 4998544.0

ideal_bandwidth_fill_per_layer[1] + ideal_bandwidth_update_per_layer[1]: 0.0 vs level.write_bandwidth: 12
previous_fanout_pe_to_pe_warmup: 0
STANDARD CASE latency_fill_update_per_layer[1]: 4998544.0


Layer_id: 2 in DRAM

ideal_bandwidth_read_per_layer[2] + ideal_bandwidth_drain_per_layer[2]: 0.0018437368961841689 vs level.read_bandwidth: 12
I am in Compute Bound
cc_per_all_tiles_per_layer[2]: 4998544.0
STANDARD CASE latency_read_drain_per_layer[2]: 4998544.0

ideal_bandwidth_fill_per_layer[2] + ideal_bandwidth_update_per_layer[2]: 0.0 vs level.write_bandwidth: 12
previous_fanout_pe_to_pe_warmup: 0
STANDARD CASE latency_fill_update_per_layer[2]: 4998544.0


Layer_id: 3 in DRAM

ideal_bandwidth_read_per_layer[3] + ideal_bandwidth_drain_per_layer[3]: 0.0018501387604070306 vs level.read_bandwidth: 12
I am in Compute Bound
cc_per_all_tiles_per_layer[3]: 4981248
STANDARD CASE latency_read_drain_per_layer[3]: 4981248

ideal_bandwidth_fill_per_layer[3] + ideal_bandwidth_update_per_layer[3]: 3.0 vs level.write_bandwidth: 12
previous_fanout_pe_to_pe_warmup: 0
STANDARD CASE latency_fill_update_per_layer[3]: 4981248

End of calculation of latency.

Calculating per tile final latency and stall for layer 0 in DRAM: latency_read_drain_per_layer[0] = 246342.70075757577, latency_fill_update_per_layer[0] = 246342.70075757577
Final per tile latency_per_layer[0]: 246,343
Final per tile stall_cycles_per_layer[0]: 0
Ideal case: no stall introduced by this level per this layer: cc_per_all_tiles_per_layer[0]: 246,343
Calculating per tile final latency and stall for layer 1 in DRAM: latency_read_drain_per_layer[1] = 4998544.0, latency_fill_update_per_layer[1] = 4998544.0
Final per tile latency_per_layer[1]: 4,998,544
Final per tile stall_cycles_per_layer[1]: 0
Ideal case: no stall introduced by this level per this layer: cc_per_all_tiles_per_layer[1]: 4,998,544
Calculating per tile final latency and stall for layer 2 in DRAM: latency_read_drain_per_layer[2] = 4998544.0, latency_fill_update_per_layer[2] = 4998544.0
Final per tile latency_per_layer[2]: 4,998,544
Final per tile stall_cycles_per_layer[2]: 0
Ideal case: no stall introduced by this level per this layer: cc_per_all_tiles_per_layer[2]: 4,998,544
Calculating per tile final latency and stall for layer 3 in DRAM: latency_read_drain_per_layer[3] = 4981248, latency_fill_update_per_layer[3] = 4981248
Final per tile latency_per_layer[3]: 4,981,248
Final per tile stall_cycles_per_layer[3]: 0
Ideal case: no stall introduced by this level per this layer: cc_per_all_tiles_per_layer[3]: 4,981,248


Final WMOPs and Latency calculation for Level: DRAM
Level: DRAM, Layer: 0
max_latency_per_layer[0]: 0 before update
level.getSettedLatencyPerLayer[0](): 246,343
Level: DRAM, Layer: 1
max_latency_per_layer[1]: 0 before update
level.getSettedLatencyPerLayer[1](): 4,998,544
Level: DRAM, Layer: 2
max_latency_per_layer[2]: 0 before update
level.getSettedLatencyPerLayer[2](): 4,998,544
Level: DRAM, Layer: 3
max_latency_per_layer[3]: 0 before update
level.getSettedLatencyPerLayer[3](): 4,981,248
Level DRAM: Thesis_4Layers_534528KB_FMEM_16x64_PEs, max_latency (sequential layers): 15,224,679


Final WMOPs and Latency calculation for Level: FeatureMemory
Level: FeatureMemory, Layer: 0
max_latency_per_layer[0]: 246,343 before update
level.getSettedLatencyPerLayer[0](): 15
Level: FeatureMemory, Layer: 1
max_latency_per_layer[1]: 4,998,544 before update
level.getSettedLatencyPerLayer[1](): 60
Level: FeatureMemory, Layer: 2
max_latency_per_layer[2]: 4,998,544 before update
level.getSettedLatencyPerLayer[2](): 60
Level: FeatureMemory, Layer: 3
max_latency_per_layer[3]: 4,981,248 before update
level.getSettedLatencyPerLayer[3](): 407,557
Level FeatureMemory: Thesis_4Layers_534528KB_FMEM_16x64_PEs, max_latency (sequential layers): 15,224,679


Final WMOPs and Latency calculation for Level: WeightMemory
Level: WeightMemory, Layer: 0
max_latency_per_layer[0]: 246,343 before update
level.getSettedLatencyPerLayer[0](): 20
Level: WeightMemory, Layer: 1
max_latency_per_layer[1]: 4,998,544 before update
level.getSettedLatencyPerLayer[1](): 578
Level: WeightMemory, Layer: 2
max_latency_per_layer[2]: 4,998,544 before update
level.getSettedLatencyPerLayer[2](): 578
Level: WeightMemory, Layer: 3
max_latency_per_layer[3]: 4,981,248 before update
level.getSettedLatencyPerLayer[3](): 4,981,248
Level WeightMemory: Thesis_4Layers_534528KB_FMEM_16x64_PEs, max_latency (sequential layers): 15,224,679


Final WMOPs and Latency calculation for Level: SACols_3


Final WMOPs and Latency calculation for Level: SARows_3


Final WMOPs and Latency calculation for Level: SACols_2


Final WMOPs and Latency calculation for Level: SARows_2


Final WMOPs and Latency calculation for Level: SACols_1


Final WMOPs and Latency calculation for Level: SARows_1


Final WMOPs and Latency calculation for Level: SACols_0


Final WMOPs and Latency calculation for Level: SARows_0


Final WMOPs and Latency calculation for Level: WeightRegister
Level: WeightRegister, Layer: 0
max_latency_per_layer[0]: 246,343 before update
level.getSettedLatencyPerLayer[0](): 1
Level: WeightRegister, Layer: 1
max_latency_per_layer[1]: 4,998,544 before update
level.getSettedLatencyPerLayer[1](): 1
Level: WeightRegister, Layer: 2
max_latency_per_layer[2]: 4,998,544 before update
level.getSettedLatencyPerLayer[2](): 1
Level: WeightRegister, Layer: 3
max_latency_per_layer[3]: 4,981,248 before update
level.getSettedLatencyPerLayer[3](): 4,981,248
Level WeightRegister: Thesis_4Layers_534528KB_FMEM_16x64_PEs, max_latency (sequential layers): 15,224,679


Final WMOPs and Latency calculation for Level: AccumulationIntermediateOutputRegister
Level: AccumulationIntermediateOutputRegister, Layer: 0
max_latency_per_layer[0]: 246,343 before update
level.getSettedLatencyPerLayer[0](): 1
Level: AccumulationIntermediateOutputRegister, Layer: 1
max_latency_per_layer[1]: 4,998,544 before update
level.getSettedLatencyPerLayer[1](): 1
Level: AccumulationIntermediateOutputRegister, Layer: 2
max_latency_per_layer[2]: 4,998,544 before update
level.getSettedLatencyPerLayer[2](): 1
Level: AccumulationIntermediateOutputRegister, Layer: 3
max_latency_per_layer[3]: 4,981,248 before update
level.getSettedLatencyPerLayer[3](): 4,981,248
Level AccumulationIntermediateOutputRegister: Thesis_4Layers_534528KB_FMEM_16x64_PEs, max_latency (sequential layers): 15,224,679


Final WMOPs and Latency calculation for Level: AccumulationOutputRegister
Level: AccumulationOutputRegister, Layer: 0
max_latency_per_layer[0]: 246,343 before update
level.getSettedLatencyPerLayer[0](): 1
Level: AccumulationOutputRegister, Layer: 1
max_latency_per_layer[1]: 4,998,544 before update
level.getSettedLatencyPerLayer[1](): 1
Level: AccumulationOutputRegister, Layer: 2
max_latency_per_layer[2]: 4,998,544 before update
level.getSettedLatencyPerLayer[2](): 1
Level: AccumulationOutputRegister, Layer: 3
max_latency_per_layer[3]: 4,981,248 before update
level.getSettedLatencyPerLayer[3](): 4,981,248
Level AccumulationOutputRegister: Thesis_4Layers_534528KB_FMEM_16x64_PEs, max_latency (sequential layers): 15,224,679


Final WMOPs and Latency calculation for Level: Compute
Compute level latency: 1
Compute latency for layer 0: 155,664
Compute latency for layer 1: 4,981,248
Compute latency for layer 2: 4,981,248
Compute latency for layer 3: 4,981,248
max_latency initially: 15224678.700757576
compute_latency from compute level: 15,099,408
max_latency after compute: 15,224,679, before fanout_level
level SACols_3 utilization: 54/64=0.84375
utilization after level SACols_3: 0.84375
level SARows_3 utilization: 16/16=1.0
utilization after level SARows_3: 0.84375
level SACols_2 utilization: 54/64=0.84375
utilization after level SACols_2: 0.7119140625
level SARows_2 utilization: 16/16=1.0
utilization after level SARows_2: 0.7119140625
level SACols_1 utilization: 54/64=0.84375
utilization after level SACols_1: 0.600677490234375
level SARows_1 utilization: 16/16=1.0
utilization after level SARows_1: 0.600677490234375
level SACols_0 utilization: 54/64=0.84375
utilization after level SACols_0: 0.5068216323852539
level SARows_0 utilization: 16/16=1.0
utilization after level SARows_0: 0.5068216323852539
level Compute utilization: 1/1=1.0
utilization after level Compute: 0.5068216323852539
Arch: Thesis_4Layers_534528KB_FMEM_16x64_PEs: spatial utilization is 0.5068216323852539
utilization used in WART calculation: 0.5068216323852539
CIAO!
updateStats2
-- fanout maximization --
-- local search of memory levels --
Choices after one step: {}
No valid follow-up configuration, stopping, current Wart: 5.320e+19
Total moves: 0
Total choices: 1
Choices: {}
Getting flat weight coupling for layer None
Getting flat weight coupling for layer None
Getting flat weight coupling for layer None
-- spatial-memory levels co-optimization --
Choices after one step: {}
No valid follow-up configuration, stopping, current Wart: 5.320e+19
Total moves: 0
Total choices: 1
Choices: {}
Getting flat weight coupling for layer None
Getting flat weight coupling for layer None
Getting flat weight coupling for layer None
é stato chiamato update stats! 




Questo mops è chiamato da update stats
Level: DRAM, arch bypasses for the level: ['int_in', 'int_out'], in_bp: 1, w_bp: 0, out_bp: 1, int_in_bp: 0, int_out_bp: 0
DEBUG updateStats pre scaling: Level DRAM:
  in_reads: 466992
  per_layer_w_reads: {0: 288, 1: 9216, 2: 9216, 3: 9216}
  per_layer_int_in_reads: {0: 0, 1: 0, 2: 0}
  per_layer_int_out_reads: {0: 0, 1: 0, 2: 0}
  per_layer_int_out_writes: {0: 0, 1: 0, 2: 0}
  out_reads: 14943744
  out_writes: 14943744
  out_reads_factors: 1
scale_per_layer[0]: 1, temporal_iterations_per_layer[0]: 1, spatial_iterations_per_layer[0]: 1
DEBUG: results after scaling: Level DRAM: in_reads=466992, w_reads=27936, int_in_reads=0, int_out_reads=0, int_out_writes=0, out_writes=14943744, out_reads=14943744, out_reads_factors=1
DEBUG: Level DRAM adjusted out_reads for no bias read: 0
DEBUG: Level DRAM bypasses intermediate storage
DEBUG updateStats post scaling: Level DRAM:
  in_reads: 466,992
  per_layer_w_reads: {0: 288, 1: 9216, 2: 9216, 3: 9216}
  w_reads: 27,936
  per_layer_int_in_reads: {0: 0, 1: 0, 2: 0}
  per_layer_int_in_writes: {0: 0, 1: 0, 2: 0}
  int_in_reads: 0
  per_layer_int_out_reads: {0: 0, 1: 0, 2: 0}
  per_layer_int_out_writes: {0: 0, 1: 0, 2: 0}
  int_out_reads: 0
  out_reads: 0
  out_writes: 14,943,744
  out_reads_factors: 1
in_writes: 0, w_writes: 0, int_in_writes: 0, int_out_writes: 0, out_writes: 14943744
Name of the level: DRAM, level active instances per layer: {0: 1, 1: 1, 2: 1, 3: 1}, level active instances: 1
Level DRAM, Layer 0: total_reads = 467280, total_writes = 0
Level DRAM, Layer 1: total_reads = 9216, total_writes = 0
Level DRAM, Layer 2: total_reads = 9216, total_writes = 0
DEBUG: Level DRAM, Layer 3, per_layer_int_in_reads2: 0, per_layer_w_reads3: 9216, out_reads: 0
Level DRAM, Layer 3: total_reads = 9216, total_writes = 14943744
Check: Per Layer Total reads: {0: 467280, 1: 9216, 2: 9216, 3: 9216}, total: 494928
Check: Per Layer Total writes: {0: 0, 1: 0, 2: 0, 3: 14943744}, 
 total: 14943744
Level DRAM total WMOPs from per layer sum: 494,037,504.000
Level DRAM total WMOPs from total reads/writes: 494,037,504.000
End first part of update for level: DRAM



Questo mops è chiamato da update stats
Level: FeatureMemory, arch bypasses for the level: ['w'], in_bp: 0, w_bp: 0, out_bp: 0, int_in_bp: 0, int_out_bp: 0
DEBUG updateStats pre scaling: Level FeatureMemory:
  in_reads: 972
  per_layer_w_reads: {0: 0, 1: 0, 2: 0, 3: 0}
  per_layer_int_in_reads: {0: 31104, 1: 31104, 2: 31104}
  per_layer_int_out_reads: {0: 1728, 1: 1728, 2: 1728}
  per_layer_int_out_writes: {0: 1728, 1: 1728, 2: 1728}
  out_reads: 1728
  out_writes: 1728
  out_reads_factors: 1
scale_per_layer[0]: 8648, temporal_iterations_per_layer[0]: 8648, spatial_iterations_per_layer[0]: 1
DEBUG: results after scaling: Level FeatureMemory: in_reads=8405856, w_reads=0, int_in_reads=806962176, int_out_reads=44831232, int_out_writes=44831232, out_writes=14943744, out_reads=14943744, out_reads_factors=1
DEBUG: Level FeatureMemory adjusted out_reads for no bias read: 0
DEBUG updateStats post scaling: Level FeatureMemory:
  in_reads: 8,405,856
  per_layer_w_reads: {0: 0, 1: 0, 2: 0, 3: 0}
  w_reads: 0
  per_layer_int_in_reads: {0: 268987392, 1: 268987392, 2: 268987392}
  per_layer_int_in_writes: {0: 0, 1: 0, 2: 0}
  int_in_reads: 806,962,176
  per_layer_int_out_reads: {0: 14943744, 1: 14943744, 2: 14943744}
  per_layer_int_out_writes: {0: 14943744, 1: 14943744, 2: 14943744}
  int_out_reads: 44,831,232
  out_reads: 14,943,744
  out_writes: 14,943,744
  out_reads_factors: 1
in_writes: 466992, w_writes: 0, int_in_writes: 0, int_out_writes: 44831232, out_writes: 14943744
Name of the level: FeatureMemory, level active instances per layer: {0: 1, 1: 1, 2: 1, 3: 1}, level active instances: 1
Level FeatureMemory, Layer 0: total_reads = 23349600, total_writes = 15410736
Level FeatureMemory, Layer 1: total_reads = 283931136, total_writes = 14943744
Level FeatureMemory, Layer 2: total_reads = 283931136, total_writes = 14943744
DEBUG: Level FeatureMemory, Layer 3, per_layer_int_in_reads2: 268987392, per_layer_w_reads3: 0, out_reads: 14943744
Level FeatureMemory, Layer 3: total_reads = 283931136, total_writes = 14943744
Check: Per Layer Total reads: {0: 23349600, 1: 283931136, 2: 283931136, 3: 283931136}, total: 875143008
Check: Per Layer Total writes: {0: 15410736, 1: 14943744, 2: 14943744, 3: 14943744}, 
 total: 60241968
Level FeatureMemory total WMOPs from per layer sum: 927,251,843.510
Level FeatureMemory total WMOPs from total reads/writes: 927,251,843.510
End first part of update for level: FeatureMemory



Questo mops è chiamato da update stats
Level: WeightMemory, arch bypasses for the level: ['in', 'int_in', 'int_out', 'out'], in_bp: 0, w_bp: 1, out_bp: 0, int_in_bp: 0, int_out_bp: 0
DEBUG updateStats pre scaling: Level WeightMemory:
  in_reads: 0
  per_layer_w_reads: {0: 288, 1: 9216, 2: 9216, 3: 9216}
  per_layer_int_in_reads: {0: 0, 1: 0, 2: 0}
  per_layer_int_out_reads: {0: 0, 1: 0, 2: 0}
  per_layer_int_out_writes: {0: 0, 1: 0, 2: 0}
  out_reads: 0
  out_writes: 0
  out_reads_factors: 0
scale_per_layer[0] = 8648, temporal_iterations_per_layer[0] = 8648, spatial_iterations_per_layer[0] = 1
scale_per_layer[0]: 8648, temporal_iterations_per_layer[0]: 8648, spatial_iterations_per_layer[0]: 1
DEBUG: results after scaling: Level WeightMemory: in_reads=0, w_reads=241590528, int_in_reads=0, int_out_reads=0, int_out_writes=0, out_writes=0, out_reads=0, out_reads_factors=0
DEBUG: Level WeightMemory bypasses intermediate storage
DEBUG updateStats post scaling: Level WeightMemory:
  in_reads: 0
  per_layer_w_reads: {0: 2490624, 1: 79699968, 2: 79699968, 3: 79699968}
  w_reads: 241,590,528
  per_layer_int_in_reads: {0: 0, 1: 0, 2: 0}
  per_layer_int_in_writes: {0: 0, 1: 0, 2: 0}
  int_in_reads: 0
  per_layer_int_out_reads: {0: 0, 1: 0, 2: 0}
  per_layer_int_out_writes: {0: 0, 1: 0, 2: 0}
  int_out_reads: 0
  out_reads: 0
  out_writes: 0
  out_reads_factors: 0
in_writes: 0, w_writes: 27936, int_in_writes: 0, int_out_writes: 0, out_writes: 0
Name of the level: WeightMemory, level active instances per layer: {0: 1, 1: 1, 2: 1, 3: 1}, level active instances: 1
Level WeightMemory, Layer 0: total_reads = 2490624, total_writes = 288
Level WeightMemory, Layer 1: total_reads = 79699968, total_writes = 9216
Level WeightMemory, Layer 2: total_reads = 79699968, total_writes = 9216
DEBUG: Level WeightMemory, Layer 3, per_layer_int_in_reads2: 0, per_layer_w_reads3: 79699968, out_reads: 0
Level WeightMemory, Layer 3: total_reads = 79699968, total_writes = 9216
Check: Per Layer Total reads: {0: 2490624, 1: 79699968, 2: 79699968, 3: 79699968}, total: 241590528
Check: Per Layer Total writes: {0: 288, 1: 9216, 2: 9216, 3: 9216}, 
 total: 27936
Level WeightMemory total WMOPs from per layer sum: 966,429,446.884
Level WeightMemory total WMOPs from total reads/writes: 966,429,446.884
End first part of update for level: WeightMemory



Calculating Fanout Level: SACols_3, updating spatial and last reads
Fanout Level SACols_3, Layer 3, dim Q, layer_iterations: 54
End of the first part of Update Stats for fanout level: SACols_3


Calculating Fanout Level: SARows_3, updating spatial and last reads
Fanout Level SARows_3, Layer 3, dim Z3, layer_iterations: 16
End of the first part of Update Stats for fanout level: SARows_3


Calculating Fanout Level: SACols_2, updating spatial and last reads
Fanout Level SACols_2, Layer 2, dim X2, layer_iterations: 54
End of the first part of Update Stats for fanout level: SACols_2


Calculating Fanout Level: SARows_2, updating spatial and last reads
Fanout Level SARows_2, Layer 2, dim Z2, layer_iterations: 16
End of the first part of Update Stats for fanout level: SARows_2


Calculating Fanout Level: SACols_1, updating spatial and last reads
Fanout Level SACols_1, Layer 1, dim X1, layer_iterations: 54
End of the first part of Update Stats for fanout level: SACols_1


Calculating Fanout Level: SARows_1, updating spatial and last reads
Fanout Level SARows_1, Layer 1, dim Z1, layer_iterations: 16
End of the first part of Update Stats for fanout level: SARows_1


Calculating Fanout Level: SACols_0, updating spatial and last reads
Fanout Level SACols_0, Layer 0, dim X0, layer_iterations: 54
End of the first part of Update Stats for fanout level: SACols_0


Calculating Fanout Level: SARows_0, updating spatial and last reads
Fanout Level SARows_0, Layer 0, dim Z0, layer_iterations: 16
End of the first part of Update Stats for fanout level: SARows_0


Questo mops è chiamato da update stats
Level: WeightRegister, arch bypasses for the level: ['in', 'int_in', 'int_out', 'out'], in_bp: 0, w_bp: 0, out_bp: 0, int_in_bp: 0, int_out_bp: 0
DEBUG updateStats pre scaling: Level WeightRegister:
  in_reads: 0
  per_layer_w_reads: {0: 1, 1: 1, 2: 1, 3: 1}
  per_layer_int_in_reads: {0: 0, 1: 0, 2: 0}
  per_layer_int_out_reads: {0: 0, 1: 0, 2: 0}
  per_layer_int_out_writes: {0: 0, 1: 0, 2: 0}
  out_reads: 0
  out_writes: 0
  out_reads_factors: 0
scale_per_layer[0]: 134493696, temporal_iterations_per_layer[0]: 155664, spatial_iterations_per_layer[0]: 864
DEBUG: results after scaling: Level WeightRegister: in_reads=0, w_reads=13045888512, int_in_reads=0, int_out_reads=0, int_out_writes=0, out_writes=0, out_reads=0, out_reads_factors=0
DEBUG: Level WeightRegister bypasses intermediate storage
DEBUG updateStats post scaling: Level WeightRegister:
  in_reads: 0
  per_layer_w_reads: {0: 134493696, 1: 4303798272, 2: 4303798272, 3: 4303798272}
  w_reads: 13,045,888,512
  per_layer_int_in_reads: {0: 0, 1: 0, 2: 0}
  per_layer_int_in_writes: {0: 0, 1: 0, 2: 0}
  int_in_reads: 0
  per_layer_int_out_reads: {0: 0, 1: 0, 2: 0}
  per_layer_int_out_writes: {0: 0, 1: 0, 2: 0}
  int_out_reads: 0
  out_reads: 0
  out_writes: 0
  out_reads_factors: 0
in_writes: 0, w_writes: 13045888512, int_in_writes: 0, int_out_writes: 0, out_writes: 0
Name of the level: WeightRegister, level active instances per layer: {0: 864, 1: 864, 2: 864, 3: 864}, level active instances: 557256278016
Level WeightRegister, Layer 0: total_reads = 134493696, total_writes = 134493696
Level WeightRegister, Layer 1: total_reads = 4303798272, total_writes = 4303798272
Level WeightRegister, Layer 2: total_reads = 4303798272, total_writes = 4303798272
DEBUG: Level WeightRegister, Layer 3, per_layer_int_in_reads2: 0, per_layer_w_reads3: 4303798272, out_reads: 0
Level WeightRegister, Layer 3: total_reads = 4303798272, total_writes = 4303798272
Check: Per Layer Total reads: {0: 134493696, 1: 4303798272, 2: 4303798272, 3: 4303798272}, total: 13045888512
Check: Per Layer Total writes: {0: 134493696, 1: 4303798272, 2: 4303798272, 3: 4303798272}, 
 total: 13045888512
Level WeightRegister total WMOPs from per layer sum: 5,197,121,400.842
Level WeightRegister total WMOPs from total reads/writes: 5,197,121,400.842
End first part of update for level: WeightRegister



Questo mops è chiamato da update stats
Level: AccumulationIntermediateOutputRegister, arch bypasses for the level: ['in', 'w', 'out', 'int_in'], in_bp: 0, w_bp: 0, out_bp: 0, int_in_bp: 0, int_out_bp: 0
DEBUG updateStats pre scaling: Level AccumulationIntermediateOutputRegister:
  in_reads: 0
  per_layer_w_reads: {0: 0, 1: 0, 2: 0, 3: 0}
  per_layer_int_in_reads: {0: 0, 1: 0, 2: 0}
  per_layer_int_out_reads: {0: 1, 1: 1, 2: 1}
  per_layer_int_out_writes: {0: 1, 1: 1, 2: 1}
  out_reads: 0
  out_writes: 0
  out_reads_factors: 0
scale_per_layer[0]: 134493696, temporal_iterations_per_layer[0]: 155664, spatial_iterations_per_layer[0]: 864
DEBUG: results after scaling: Level AccumulationIntermediateOutputRegister: in_reads=0, w_reads=0, int_in_reads=0, int_out_reads=8742090240, int_out_writes=8742090240, out_writes=0, out_reads=0, out_reads_factors=0
DEBUG updateStats post scaling: Level AccumulationIntermediateOutputRegister:
  in_reads: 0
  per_layer_w_reads: {0: 0, 1: 0, 2: 0, 3: 0}
  w_reads: 0
  per_layer_int_in_reads: {0: 0, 1: 0, 2: 0}
  per_layer_int_in_writes: {0: 0, 1: 0, 2: 0}
  int_in_reads: 0
  per_layer_int_out_reads: {0: 149437440, 1: 4318742016, 2: 4318742016}
  per_layer_int_out_writes: {0: 149437440, 1: 4318742016, 2: 4318742016}
  int_out_reads: 8,742,090,240
  out_reads: 0
  out_writes: 0
  out_reads_factors: 0
in_writes: 0, w_writes: 0, int_in_writes: 0, int_out_writes: 8742090240, out_writes: 0
Name of the level: AccumulationIntermediateOutputRegister, level active instances per layer: {0: 864, 1: 864, 2: 864, 3: 864}, level active instances: 557256278016
Level AccumulationIntermediateOutputRegister, Layer 0: total_reads = 149437440, total_writes = 149437440
Level AccumulationIntermediateOutputRegister, Layer 1: total_reads = 4318742016, total_writes = 4318742016
Level AccumulationIntermediateOutputRegister, Layer 2: total_reads = 4318742016, total_writes = 4318742016
DEBUG: Level AccumulationIntermediateOutputRegister, Layer 3, per_layer_int_in_reads2: 0, per_layer_w_reads3: 0, out_reads: 0
Level AccumulationIntermediateOutputRegister, Layer 3: total_reads = 0, total_writes = 0
Check: Per Layer Total reads: {0: 149437440, 1: 4318742016, 2: 4318742016, 3: 0}, total: 8786921472
Check: Per Layer Total writes: {0: 149437440, 1: 4318742016, 2: 4318742016, 3: 0}, 
 total: 8786921472
Level AccumulationIntermediateOutputRegister total WMOPs from per layer sum: 8,758,718,653.262
Level AccumulationIntermediateOutputRegister total WMOPs from total reads/writes: 8,740,547,238.709
End first part of update for level: AccumulationIntermediateOutputRegister



Questo mops è chiamato da update stats
Level: AccumulationOutputRegister, arch bypasses for the level: ['in', 'w', 'int_in', 'int_out'], in_bp: 0, w_bp: 0, out_bp: 1, int_in_bp: 0, int_out_bp: 0
DEBUG updateStats pre scaling: Level AccumulationOutputRegister:
  in_reads: 0
  per_layer_w_reads: {0: 0, 1: 0, 2: 0, 3: 0}
  per_layer_int_in_reads: {0: 0, 1: 0, 2: 0}
  per_layer_int_out_reads: {0: 0, 1: 0, 2: 0}
  per_layer_int_out_writes: {0: 0, 1: 0, 2: 0}
  out_reads: 1
  out_writes: 1
  out_reads_factors: 1
scale_per_layer[0]: 134493696, temporal_iterations_per_layer[0]: 155664, spatial_iterations_per_layer[0]: 864
DEBUG: results after scaling: Level AccumulationOutputRegister: in_reads=0, w_reads=0, int_in_reads=0, int_out_reads=0, int_out_writes=0, out_writes=4303798272, out_reads=4303798272, out_reads_factors=288
DEBUG: Level AccumulationOutputRegister adjusted out_reads for no bias read: 4288854528
DEBUG: Level AccumulationOutputRegister bypasses intermediate storage
DEBUG updateStats post scaling: Level AccumulationOutputRegister:
  in_reads: 0
  per_layer_w_reads: {0: 0, 1: 0, 2: 0, 3: 0}
  w_reads: 0
  per_layer_int_in_reads: {0: 0, 1: 0, 2: 0}
  per_layer_int_in_writes: {0: 0, 1: 0, 2: 0}
  int_in_reads: 0
  per_layer_int_out_reads: {0: 0, 1: 0, 2: 0}
  per_layer_int_out_writes: {0: 0, 1: 0, 2: 0}
  int_out_reads: 0
  out_reads: 4,303,798,272
  out_writes: 4,303,798,272
  out_reads_factors: 288
in_writes: 0, w_writes: 0, int_in_writes: 0, int_out_writes: 0, out_writes: 4303798272
Name of the level: AccumulationOutputRegister, level active instances per layer: {0: 864, 1: 864, 2: 864, 3: 864}, level active instances: 557256278016
Level AccumulationOutputRegister, Layer 0: total_reads = 0, total_writes = 0
Level AccumulationOutputRegister, Layer 1: total_reads = 0, total_writes = 0
Level AccumulationOutputRegister, Layer 2: total_reads = 0, total_writes = 0
DEBUG: Level AccumulationOutputRegister, Layer 3, per_layer_int_in_reads2: 0, per_layer_w_reads3: 0, out_reads: 4303798272
Level AccumulationOutputRegister, Layer 3: total_reads = 4303798272, total_writes = 4303798272
Check: Per Layer Total reads: {0: 0, 1: 0, 2: 0, 3: 4303798272}, total: 4303798272
Check: Per Layer Total writes: {0: 0, 1: 0, 2: 0, 3: 4303798272}, 
 total: 4303798272
Level AccumulationOutputRegister total WMOPs from per layer sum: 10,503,174,450.365
Level AccumulationOutputRegister total WMOPs from total reads/writes: 10,485,003,035.812
End first part of update for level: AccumulationOutputRegister



Calculating WMOPs for Compute Level
Compute Level Compute WMOPs_per_layer: {0: 167737204.94651452, 1: 4265593451.3695426, 2: 4265593451.3695426, 3: 4737736121.185154}
WMOPs_till_now before compute level: 10,503,174,450.365
Compute Level Compute total WMOPs from per layer sum: 13436660228.870754
Compute Level Compute total WMOPs: 2.4108376953183185e+36
Total WMOPs after adding compute level: 23939834679.236076
END FIRST PART OF UPDATE STATS


First cc_per_tile, it is from compute = 1
First cc_per_tile_per_layer it is from compute = {0: 1, 1: 1, 2: 1, 3: 1}


Calculating Latency for Level: AccumulationOutputRegister

Latency for layer: 0 of Level: AccumulationOutputRegister
level.active_instances_per_layer[0]: 864
level.temporal_iterations_per_layer[0]: 155664
Scaling per layer[0]: 134,493,696
Single Tile latency: cc_per_tile_per_layer[0]: 1
Ideal Case, Latency at this level without stalls: cc_per_all_tiles_per_layer[0]: 1
SCALED cc_per_all_tiles_per_layer[0]: 134,493,696
level.getReadPerLayer[0](): 0
  (For comparison - full reads including accumulation: 0)
ideal_bandwidth_read_per_layer[0]: 0.0
level.getDrainPerLayer[0](): 0
ideal_bandwidth_drain_per_layer[0]: 0.0
ideal_bandwidth_update_per_layer[0]: 0.0
  (For comparison - full updates including accumulation: 0)
level.getFillPerLayer[0](): 0
ideal_bandwidth_fill_per_layer[0]: 0.0

Latency for layer: 1 of Level: AccumulationOutputRegister
level.active_instances_per_layer[1]: 864
level.temporal_iterations_per_layer[1]: 4981248
Scaling per layer[1]: 4,303,798,272
Single Tile latency: cc_per_tile_per_layer[1]: 1
Ideal Case, Latency at this level without stalls: cc_per_all_tiles_per_layer[1]: 1
SCALED cc_per_all_tiles_per_layer[1]: 4,303,798,272
level.getReadPerLayer[1](): 0
  (For comparison - full reads including accumulation: 0)
ideal_bandwidth_read_per_layer[1]: 0.0
level.getDrainPerLayer[1](): 0
ideal_bandwidth_drain_per_layer[1]: 0.0
ideal_bandwidth_update_per_layer[1]: 0.0
  (For comparison - full updates including accumulation: 0)
level.getFillPerLayer[1](): 0
ideal_bandwidth_fill_per_layer[1]: 0.0

Latency for layer: 2 of Level: AccumulationOutputRegister
level.active_instances_per_layer[2]: 864
level.temporal_iterations_per_layer[2]: 4981248
Scaling per layer[2]: 4,303,798,272
Single Tile latency: cc_per_tile_per_layer[2]: 1
Ideal Case, Latency at this level without stalls: cc_per_all_tiles_per_layer[2]: 1
SCALED cc_per_all_tiles_per_layer[2]: 4,303,798,272
level.getReadPerLayer[2](): 0
  (For comparison - full reads including accumulation: 0)
ideal_bandwidth_read_per_layer[2]: 0.0
level.getDrainPerLayer[2](): 0
ideal_bandwidth_drain_per_layer[2]: 0.0
ideal_bandwidth_update_per_layer[2]: 0.0
  (For comparison - full updates including accumulation: 0)
level.getFillPerLayer[2](): 0
ideal_bandwidth_fill_per_layer[2]: 0.0

Latency for layer: 3 of Level: AccumulationOutputRegister
level.active_instances_per_layer[3]: 864
level.temporal_iterations_per_layer[3]: 4981248
Scaling per layer[3]: 4,303,798,272
Single Tile latency: cc_per_tile_per_layer[3]: 1
Ideal Case, Latency at this level without stalls: cc_per_all_tiles_per_layer[3]: 1
SCALED cc_per_all_tiles_per_layer[3]: 4,303,798,272
level.getReadPerLayer[3](): 4,288,854,528
  (For comparison - full reads including accumulation: 4,288,854,528)
ideal_bandwidth_read_per_layer[3]: 0.9965277777777778
level.getDrainPerLayer[3](): 14,943,744
ideal_bandwidth_drain_per_layer[3]: 0.003472222222222222
ideal_bandwidth_update_per_layer[3]: 1.0
  (For comparison - full updates including accumulation: 4,303,798,272)
level.getFillPerLayer[3](): 0
ideal_bandwidth_fill_per_layer[3]: 0.0

Start of calculation of latency:


Layer_id: 0 in AccumulationOutputRegister

ideal_bandwidth_read_per_layer[0] + ideal_bandwidth_drain_per_layer[0]: 0.0 vs level.read_bandwidth: 1
I am in Compute Bound
cc_per_all_tiles_per_layer[0]: 1
STANDARD CASE latency_read_drain_per_layer[0]: 1

ideal_bandwidth_fill_per_layer[0] + ideal_bandwidth_update_per_layer[0]: 0.0 vs level.write_bandwidth: 1
previous_fanout_pe_to_pe_warmup: 0
STANDARD CASE latency_fill_update_per_layer[0]: 1


Layer_id: 1 in AccumulationOutputRegister

ideal_bandwidth_read_per_layer[1] + ideal_bandwidth_drain_per_layer[1]: 0.0 vs level.read_bandwidth: 1
I am in Compute Bound
cc_per_all_tiles_per_layer[1]: 1
STANDARD CASE latency_read_drain_per_layer[1]: 1

ideal_bandwidth_fill_per_layer[1] + ideal_bandwidth_update_per_layer[1]: 0.0 vs level.write_bandwidth: 1
previous_fanout_pe_to_pe_warmup: 0
STANDARD CASE latency_fill_update_per_layer[1]: 1


Layer_id: 2 in AccumulationOutputRegister

ideal_bandwidth_read_per_layer[2] + ideal_bandwidth_drain_per_layer[2]: 0.0 vs level.read_bandwidth: 1
I am in Compute Bound
cc_per_all_tiles_per_layer[2]: 1
STANDARD CASE latency_read_drain_per_layer[2]: 1

ideal_bandwidth_fill_per_layer[2] + ideal_bandwidth_update_per_layer[2]: 0.0 vs level.write_bandwidth: 1
previous_fanout_pe_to_pe_warmup: 0
STANDARD CASE latency_fill_update_per_layer[2]: 1


Layer_id: 3 in AccumulationOutputRegister

ideal_bandwidth_read_per_layer[3] + ideal_bandwidth_drain_per_layer[3]: 1.0 vs level.read_bandwidth: 1
I am in Compute Bound
cc_per_all_tiles_per_layer[3]: 1
STANDARD CASE latency_read_drain_per_layer[3]: 1

ideal_bandwidth_fill_per_layer[3] + ideal_bandwidth_update_per_layer[3]: 1.0 vs level.write_bandwidth: 1
previous_fanout_pe_to_pe_warmup: 0
STANDARD CASE latency_fill_update_per_layer[3]: 1

End of calculation of latency.

Calculating per tile final latency and stall for layer 0 in AccumulationOutputRegister: latency_read_drain_per_layer[0] = 1, latency_fill_update_per_layer[0] = 1
Final per tile latency_per_layer[0]: 1
Final per tile stall_cycles_per_layer[0]: 0
Ideal case: no stall introduced by this level per this layer: cc_per_all_tiles_per_layer[0]: 1
Calculating per tile final latency and stall for layer 1 in AccumulationOutputRegister: latency_read_drain_per_layer[1] = 1, latency_fill_update_per_layer[1] = 1
Final per tile latency_per_layer[1]: 1
Final per tile stall_cycles_per_layer[1]: 0
Ideal case: no stall introduced by this level per this layer: cc_per_all_tiles_per_layer[1]: 1
Calculating per tile final latency and stall for layer 2 in AccumulationOutputRegister: latency_read_drain_per_layer[2] = 1, latency_fill_update_per_layer[2] = 1
Final per tile latency_per_layer[2]: 1
Final per tile stall_cycles_per_layer[2]: 0
Ideal case: no stall introduced by this level per this layer: cc_per_all_tiles_per_layer[2]: 1
Calculating per tile final latency and stall for layer 3 in AccumulationOutputRegister: latency_read_drain_per_layer[3] = 1, latency_fill_update_per_layer[3] = 1
Final per tile latency_per_layer[3]: 1
Final per tile stall_cycles_per_layer[3]: 0
Ideal case: no stall introduced by this level per this layer: cc_per_all_tiles_per_layer[3]: 1


Calculating Latency for Level: AccumulationIntermediateOutputRegister

Latency for layer: 0 of Level: AccumulationIntermediateOutputRegister
level.active_instances_per_layer[0]: 864
level.temporal_iterations_per_layer[0]: 155664
Scaling per layer[0]: 134,493,696
Single Tile latency: cc_per_tile_per_layer[0]: 1
Ideal Case, Latency at this level without stalls: cc_per_all_tiles_per_layer[0]: 1
SCALED cc_per_all_tiles_per_layer[0]: 134,493,696
level.getReadPerLayer[0](): 149,437,440
  (For comparison - full reads including accumulation: 149,437,440)
ideal_bandwidth_read_per_layer[0]: 1.1111111111111112
level.getDrainPerLayer[0](): 14,943,744
ideal_bandwidth_drain_per_layer[0]: 0.1111111111111111
ideal_bandwidth_update_per_layer[0]: 1.0
  (For comparison - full updates including accumulation: 134,493,696)
level.getFillPerLayer[0](): 14,943,744
ideal_bandwidth_fill_per_layer[0]: 0.1111111111111111

Latency for layer: 1 of Level: AccumulationIntermediateOutputRegister
level.active_instances_per_layer[1]: 864
level.temporal_iterations_per_layer[1]: 4981248
Scaling per layer[1]: 4,303,798,272
Single Tile latency: cc_per_tile_per_layer[1]: 1
Ideal Case, Latency at this level without stalls: cc_per_all_tiles_per_layer[1]: 1
SCALED cc_per_all_tiles_per_layer[1]: 4,303,798,272
level.getReadPerLayer[1](): 4,303,798,272
  (For comparison - full reads including accumulation: 4,303,798,272)
ideal_bandwidth_read_per_layer[1]: 1.0
level.getDrainPerLayer[1](): 14,943,744
ideal_bandwidth_drain_per_layer[1]: 0.003472222222222222
ideal_bandwidth_update_per_layer[1]: 1.0
  (For comparison - full updates including accumulation: 4,303,798,272)
level.getFillPerLayer[1](): 14,943,744
ideal_bandwidth_fill_per_layer[1]: 0.003472222222222222

Latency for layer: 2 of Level: AccumulationIntermediateOutputRegister
level.active_instances_per_layer[2]: 864
level.temporal_iterations_per_layer[2]: 4981248
Scaling per layer[2]: 4,303,798,272
Single Tile latency: cc_per_tile_per_layer[2]: 1
Ideal Case, Latency at this level without stalls: cc_per_all_tiles_per_layer[2]: 1
SCALED cc_per_all_tiles_per_layer[2]: 4,303,798,272
level.getReadPerLayer[2](): 4,303,798,272
  (For comparison - full reads including accumulation: 4,303,798,272)
ideal_bandwidth_read_per_layer[2]: 1.0
level.getDrainPerLayer[2](): 14,943,744
ideal_bandwidth_drain_per_layer[2]: 0.003472222222222222
ideal_bandwidth_update_per_layer[2]: 1.0
  (For comparison - full updates including accumulation: 4,303,798,272)
level.getFillPerLayer[2](): 14,943,744
ideal_bandwidth_fill_per_layer[2]: 0.003472222222222222

Latency for layer: 3 of Level: AccumulationIntermediateOutputRegister
level.active_instances_per_layer[3]: 864
level.temporal_iterations_per_layer[3]: 4981248
Scaling per layer[3]: 4,303,798,272
Single Tile latency: cc_per_tile_per_layer[3]: 1
Ideal Case, Latency at this level without stalls: cc_per_all_tiles_per_layer[3]: 1
SCALED cc_per_all_tiles_per_layer[3]: 4,303,798,272
level.getReadPerLayer[3](): 0
  (For comparison - full reads including accumulation: 0)
ideal_bandwidth_read_per_layer[3]: 0.0
level.getDrainPerLayer[3](): 0
ideal_bandwidth_drain_per_layer[3]: 0.0
ideal_bandwidth_update_per_layer[3]: 0.0
  (For comparison - full updates including accumulation: 0)
level.getFillPerLayer[3](): 0
ideal_bandwidth_fill_per_layer[3]: 0.0

Start of calculation of latency:


Layer_id: 0 in AccumulationIntermediateOutputRegister

ideal_bandwidth_read_per_layer[0] + ideal_bandwidth_drain_per_layer[0]: 1.2222222222222223 vs level.read_bandwidth: 1
I am in Slowdown: Memory Bound
ideal_bandwidth_read_per_layer[0]: 1.1111111111111112
ideal_bandwidth_drain_per_layer[0]: 0.1111111111111111
level.read_bandwidth: 1
total data (for bandwidth): 164381184
scaling_per_layer[0]: 134493696
SLOWDOWN CASE latency_read_drain_per_layer[0]: 1.2222222222222223

ideal_bandwidth_fill_per_layer[0] + ideal_bandwidth_update_per_layer[0]: 1.1111111111111112 vs level.write_bandwidth: 1
ideal_bandwidth_fill_per_layer[0]: 0.1111111111111111
ideal_bandwidth_update_per_layer[0]: 1.0
level.write_bandwidth: 1
total data (for bandwidth): 149437440
scaling_per_layer[0]: 134493696
SLOWDOWN CASE latency_fill_update_per_layer[0]: 1.1111111111111112


Layer_id: 1 in AccumulationIntermediateOutputRegister

ideal_bandwidth_read_per_layer[1] + ideal_bandwidth_drain_per_layer[1]: 1.0034722222222223 vs level.read_bandwidth: 1
I am in Slowdown: Memory Bound
ideal_bandwidth_read_per_layer[1]: 1.0
ideal_bandwidth_drain_per_layer[1]: 0.003472222222222222
level.read_bandwidth: 1
total data (for bandwidth): 4318742016
scaling_per_layer[1]: 4303798272
SLOWDOWN CASE latency_read_drain_per_layer[1]: 1.0034722222222223

ideal_bandwidth_fill_per_layer[1] + ideal_bandwidth_update_per_layer[1]: 1.0034722222222223 vs level.write_bandwidth: 1
ideal_bandwidth_fill_per_layer[1]: 0.003472222222222222
ideal_bandwidth_update_per_layer[1]: 1.0
level.write_bandwidth: 1
total data (for bandwidth): 4318742016
scaling_per_layer[1]: 4303798272
SLOWDOWN CASE latency_fill_update_per_layer[1]: 1.0034722222222223


Layer_id: 2 in AccumulationIntermediateOutputRegister

ideal_bandwidth_read_per_layer[2] + ideal_bandwidth_drain_per_layer[2]: 1.0034722222222223 vs level.read_bandwidth: 1
I am in Slowdown: Memory Bound
ideal_bandwidth_read_per_layer[2]: 1.0
ideal_bandwidth_drain_per_layer[2]: 0.003472222222222222
level.read_bandwidth: 1
total data (for bandwidth): 4318742016
scaling_per_layer[2]: 4303798272
SLOWDOWN CASE latency_read_drain_per_layer[2]: 1.0034722222222223

ideal_bandwidth_fill_per_layer[2] + ideal_bandwidth_update_per_layer[2]: 1.0034722222222223 vs level.write_bandwidth: 1
ideal_bandwidth_fill_per_layer[2]: 0.003472222222222222
ideal_bandwidth_update_per_layer[2]: 1.0
level.write_bandwidth: 1
total data (for bandwidth): 4318742016
scaling_per_layer[2]: 4303798272
SLOWDOWN CASE latency_fill_update_per_layer[2]: 1.0034722222222223


Layer_id: 3 in AccumulationIntermediateOutputRegister

ideal_bandwidth_read_per_layer[3] + ideal_bandwidth_drain_per_layer[3]: 0.0 vs level.read_bandwidth: 1
I am in Compute Bound
cc_per_all_tiles_per_layer[3]: 1
STANDARD CASE latency_read_drain_per_layer[3]: 1

ideal_bandwidth_fill_per_layer[3] + ideal_bandwidth_update_per_layer[3]: 0.0 vs level.write_bandwidth: 1
previous_fanout_pe_to_pe_warmup: 0
STANDARD CASE latency_fill_update_per_layer[3]: 1

End of calculation of latency.

Calculating per tile final latency and stall for layer 0 in AccumulationIntermediateOutputRegister: latency_read_drain_per_layer[0] = 1.2222222222222223, latency_fill_update_per_layer[0] = 1.1111111111111112
Final per tile latency_per_layer[0]: 1
Final per tile stall_cycles_per_layer[0]: 0
Ideal case: no stall introduced by this level per this layer: cc_per_all_tiles_per_layer[0]: 1
Calculating per tile final latency and stall for layer 1 in AccumulationIntermediateOutputRegister: latency_read_drain_per_layer[1] = 1.0034722222222223, latency_fill_update_per_layer[1] = 1.0034722222222223
Final per tile latency_per_layer[1]: 1
Final per tile stall_cycles_per_layer[1]: 0
Ideal case: no stall introduced by this level per this layer: cc_per_all_tiles_per_layer[1]: 1
Calculating per tile final latency and stall for layer 2 in AccumulationIntermediateOutputRegister: latency_read_drain_per_layer[2] = 1.0034722222222223, latency_fill_update_per_layer[2] = 1.0034722222222223
Final per tile latency_per_layer[2]: 1
Final per tile stall_cycles_per_layer[2]: 0
Ideal case: no stall introduced by this level per this layer: cc_per_all_tiles_per_layer[2]: 1
Calculating per tile final latency and stall for layer 3 in AccumulationIntermediateOutputRegister: latency_read_drain_per_layer[3] = 1, latency_fill_update_per_layer[3] = 1
Final per tile latency_per_layer[3]: 1
Final per tile stall_cycles_per_layer[3]: 0
Ideal case: no stall introduced by this level per this layer: cc_per_all_tiles_per_layer[3]: 1


Calculating Latency for Level: WeightRegister

Latency for layer: 0 of Level: WeightRegister
level.active_instances_per_layer[0]: 864
level.temporal_iterations_per_layer[0]: 155664
Scaling per layer[0]: 134,493,696
Single Tile latency: cc_per_tile_per_layer[0]: 1.2222222222222223
Ideal Case, Latency at this level without stalls: cc_per_all_tiles_per_layer[0]: 1.2222222222222223
SCALED cc_per_all_tiles_per_layer[0]: 164,381,184
level.getReadPerLayer[0](): 134,493,696
  (For comparison - full reads including accumulation: 134,493,696)
ideal_bandwidth_read_per_layer[0]: 0.8181818181818182
level.getDrainPerLayer[0](): 0
ideal_bandwidth_drain_per_layer[0]: 0.0
ideal_bandwidth_update_per_layer[0]: 0.0
  (For comparison - full updates including accumulation: 0)
level.getFillPerLayer[0](): 134,493,696
ideal_bandwidth_fill_per_layer[0]: 0.8181818181818182

Latency for layer: 1 of Level: WeightRegister
level.active_instances_per_layer[1]: 864
level.temporal_iterations_per_layer[1]: 4981248
Scaling per layer[1]: 4,303,798,272
Single Tile latency: cc_per_tile_per_layer[1]: 1.0034722222222223
Ideal Case, Latency at this level without stalls: cc_per_all_tiles_per_layer[1]: 1.0034722222222223
SCALED cc_per_all_tiles_per_layer[1]: 4,318,742,016
level.getReadPerLayer[1](): 4,303,798,272
  (For comparison - full reads including accumulation: 4,303,798,272)
ideal_bandwidth_read_per_layer[1]: 0.9965397923875432
level.getDrainPerLayer[1](): 0
ideal_bandwidth_drain_per_layer[1]: 0.0
ideal_bandwidth_update_per_layer[1]: 0.0
  (For comparison - full updates including accumulation: 0)
level.getFillPerLayer[1](): 4,303,798,272
ideal_bandwidth_fill_per_layer[1]: 0.9965397923875432

Latency for layer: 2 of Level: WeightRegister
level.active_instances_per_layer[2]: 864
level.temporal_iterations_per_layer[2]: 4981248
Scaling per layer[2]: 4,303,798,272
Single Tile latency: cc_per_tile_per_layer[2]: 1.0034722222222223
Ideal Case, Latency at this level without stalls: cc_per_all_tiles_per_layer[2]: 1.0034722222222223
SCALED cc_per_all_tiles_per_layer[2]: 4,318,742,016
level.getReadPerLayer[2](): 4,303,798,272
  (For comparison - full reads including accumulation: 4,303,798,272)
ideal_bandwidth_read_per_layer[2]: 0.9965397923875432
level.getDrainPerLayer[2](): 0
ideal_bandwidth_drain_per_layer[2]: 0.0
ideal_bandwidth_update_per_layer[2]: 0.0
  (For comparison - full updates including accumulation: 0)
level.getFillPerLayer[2](): 4,303,798,272
ideal_bandwidth_fill_per_layer[2]: 0.9965397923875432

Latency for layer: 3 of Level: WeightRegister
level.active_instances_per_layer[3]: 864
level.temporal_iterations_per_layer[3]: 4981248
Scaling per layer[3]: 4,303,798,272
Single Tile latency: cc_per_tile_per_layer[3]: 1
Ideal Case, Latency at this level without stalls: cc_per_all_tiles_per_layer[3]: 1
SCALED cc_per_all_tiles_per_layer[3]: 4,303,798,272
level.getReadPerLayer[3](): 4,303,798,272
  (For comparison - full reads including accumulation: 4,303,798,272)
ideal_bandwidth_read_per_layer[3]: 1.0
level.getDrainPerLayer[3](): 0
ideal_bandwidth_drain_per_layer[3]: 0.0
ideal_bandwidth_update_per_layer[3]: 0.0
  (For comparison - full updates including accumulation: 0)
level.getFillPerLayer[3](): 4,303,798,272
ideal_bandwidth_fill_per_layer[3]: 1.0

Start of calculation of latency:


Layer_id: 0 in WeightRegister

ideal_bandwidth_read_per_layer[0] + ideal_bandwidth_drain_per_layer[0]: 0.8181818181818182 vs level.read_bandwidth: 1
I am in Compute Bound
cc_per_all_tiles_per_layer[0]: 1.2222222222222223
STANDARD CASE latency_read_drain_per_layer[0]: 1.2222222222222223

ideal_bandwidth_fill_per_layer[0] + ideal_bandwidth_update_per_layer[0]: 0.8181818181818182 vs level.write_bandwidth: 1
previous_fanout_pe_to_pe_warmup: 0
STANDARD CASE latency_fill_update_per_layer[0]: 1.2222222222222223


Layer_id: 1 in WeightRegister

ideal_bandwidth_read_per_layer[1] + ideal_bandwidth_drain_per_layer[1]: 0.9965397923875432 vs level.read_bandwidth: 1
I am in Compute Bound
cc_per_all_tiles_per_layer[1]: 1.0034722222222223
STANDARD CASE latency_read_drain_per_layer[1]: 1.0034722222222223

ideal_bandwidth_fill_per_layer[1] + ideal_bandwidth_update_per_layer[1]: 0.9965397923875432 vs level.write_bandwidth: 1
previous_fanout_pe_to_pe_warmup: 0
STANDARD CASE latency_fill_update_per_layer[1]: 1.0034722222222223


Layer_id: 2 in WeightRegister

ideal_bandwidth_read_per_layer[2] + ideal_bandwidth_drain_per_layer[2]: 0.9965397923875432 vs level.read_bandwidth: 1
I am in Compute Bound
cc_per_all_tiles_per_layer[2]: 1.0034722222222223
STANDARD CASE latency_read_drain_per_layer[2]: 1.0034722222222223

ideal_bandwidth_fill_per_layer[2] + ideal_bandwidth_update_per_layer[2]: 0.9965397923875432 vs level.write_bandwidth: 1
previous_fanout_pe_to_pe_warmup: 0
STANDARD CASE latency_fill_update_per_layer[2]: 1.0034722222222223


Layer_id: 3 in WeightRegister

ideal_bandwidth_read_per_layer[3] + ideal_bandwidth_drain_per_layer[3]: 1.0 vs level.read_bandwidth: 1
I am in Compute Bound
cc_per_all_tiles_per_layer[3]: 1
STANDARD CASE latency_read_drain_per_layer[3]: 1

ideal_bandwidth_fill_per_layer[3] + ideal_bandwidth_update_per_layer[3]: 1.0 vs level.write_bandwidth: 1
previous_fanout_pe_to_pe_warmup: 0
STANDARD CASE latency_fill_update_per_layer[3]: 1

End of calculation of latency.

Calculating per tile final latency and stall for layer 0 in WeightRegister: latency_read_drain_per_layer[0] = 1.2222222222222223, latency_fill_update_per_layer[0] = 1.2222222222222223
Final per tile latency_per_layer[0]: 1
Final per tile stall_cycles_per_layer[0]: 0
Ideal case: no stall introduced by this level per this layer: cc_per_all_tiles_per_layer[0]: 1
Calculating per tile final latency and stall for layer 1 in WeightRegister: latency_read_drain_per_layer[1] = 1.0034722222222223, latency_fill_update_per_layer[1] = 1.0034722222222223
Final per tile latency_per_layer[1]: 1
Final per tile stall_cycles_per_layer[1]: 0
Ideal case: no stall introduced by this level per this layer: cc_per_all_tiles_per_layer[1]: 1
Calculating per tile final latency and stall for layer 2 in WeightRegister: latency_read_drain_per_layer[2] = 1.0034722222222223, latency_fill_update_per_layer[2] = 1.0034722222222223
Final per tile latency_per_layer[2]: 1
Final per tile stall_cycles_per_layer[2]: 0
Ideal case: no stall introduced by this level per this layer: cc_per_all_tiles_per_layer[2]: 1
Calculating per tile final latency and stall for layer 3 in WeightRegister: latency_read_drain_per_layer[3] = 1, latency_fill_update_per_layer[3] = 1
Final per tile latency_per_layer[3]: 1
Final per tile stall_cycles_per_layer[3]: 0
Ideal case: no stall introduced by this level per this layer: cc_per_all_tiles_per_layer[3]: 1


Calculating Latency for Level: WeightMemory

Latency for layer: 0 of Level: WeightMemory
level.active_instances_per_layer[0]: 1
level.temporal_iterations_per_layer[0]: 8648
Scaling per layer[0]: 8,648
Single Tile latency: cc_per_tile_per_layer[0]: 1.2222222222222223
Ideal Case, Latency at this level without stalls: cc_per_all_tiles_per_layer[0]: 22.0
SCALED cc_per_all_tiles_per_layer[0]: 190,256
level.getReadPerLayer[0](): 2,490,624
  (For comparison - full reads including accumulation: 2,490,624)
ideal_bandwidth_read_per_layer[0]: 13.090909090909092
level.getDrainPerLayer[0](): 0
ideal_bandwidth_drain_per_layer[0]: 0.0
ideal_bandwidth_update_per_layer[0]: 0.0
  (For comparison - full updates including accumulation: 0)
level.getFillPerLayer[0](): 288
ideal_bandwidth_fill_per_layer[0]: 0.0015137498948784795

Latency for layer: 1 of Level: WeightMemory
level.active_instances_per_layer[1]: 1
level.temporal_iterations_per_layer[1]: 8648
Scaling per layer[1]: 8,648
Single Tile latency: cc_per_tile_per_layer[1]: 1.0034722222222223
Ideal Case, Latency at this level without stalls: cc_per_all_tiles_per_layer[1]: 578.0
SCALED cc_per_all_tiles_per_layer[1]: 4,998,544
level.getReadPerLayer[1](): 79,699,968
  (For comparison - full reads including accumulation: 79,699,968)
ideal_bandwidth_read_per_layer[1]: 15.944636678200691
level.getDrainPerLayer[1](): 0
ideal_bandwidth_drain_per_layer[1]: 0.0
ideal_bandwidth_update_per_layer[1]: 0.0
  (For comparison - full updates including accumulation: 0)
level.getFillPerLayer[1](): 9,216
ideal_bandwidth_fill_per_layer[1]: 0.0018437368961841689

Latency for layer: 2 of Level: WeightMemory
level.active_instances_per_layer[2]: 1
level.temporal_iterations_per_layer[2]: 8648
Scaling per layer[2]: 8,648
Single Tile latency: cc_per_tile_per_layer[2]: 1.0034722222222223
Ideal Case, Latency at this level without stalls: cc_per_all_tiles_per_layer[2]: 578.0
SCALED cc_per_all_tiles_per_layer[2]: 4,998,544
level.getReadPerLayer[2](): 79,699,968
  (For comparison - full reads including accumulation: 79,699,968)
ideal_bandwidth_read_per_layer[2]: 15.944636678200691
level.getDrainPerLayer[2](): 0
ideal_bandwidth_drain_per_layer[2]: 0.0
ideal_bandwidth_update_per_layer[2]: 0.0
  (For comparison - full updates including accumulation: 0)
level.getFillPerLayer[2](): 9,216
ideal_bandwidth_fill_per_layer[2]: 0.0018437368961841689

Latency for layer: 3 of Level: WeightMemory
level.active_instances_per_layer[3]: 1
level.temporal_iterations_per_layer[3]: 8648
Scaling per layer[3]: 8,648
Single Tile latency: cc_per_tile_per_layer[3]: 1
Ideal Case, Latency at this level without stalls: cc_per_all_tiles_per_layer[3]: 576
SCALED cc_per_all_tiles_per_layer[3]: 4,981,248
level.getReadPerLayer[3](): 79,699,968
  (For comparison - full reads including accumulation: 79,699,968)
ideal_bandwidth_read_per_layer[3]: 16.0
level.getDrainPerLayer[3](): 0
ideal_bandwidth_drain_per_layer[3]: 0.0
ideal_bandwidth_update_per_layer[3]: 0.0
  (For comparison - full updates including accumulation: 0)
level.getFillPerLayer[3](): 9,216
ideal_bandwidth_fill_per_layer[3]: 0.0018501387604070306

Start of calculation of latency:


Layer_id: 0 in WeightMemory

ideal_bandwidth_read_per_layer[0] + ideal_bandwidth_drain_per_layer[0]: 13.090909090909092 vs level.read_bandwidth: 16
I am in Compute Bound
cc_per_all_tiles_per_layer[0]: 22.0
STANDARD CASE latency_read_drain_per_layer[0]: 22.0

ideal_bandwidth_fill_per_layer[0] + ideal_bandwidth_update_per_layer[0]: 0.0015137498948784795 vs level.write_bandwidth: 16
previous_fanout_pe_to_pe_warmup: 0
STANDARD CASE latency_fill_update_per_layer[0]: 22.0


Layer_id: 1 in WeightMemory

ideal_bandwidth_read_per_layer[1] + ideal_bandwidth_drain_per_layer[1]: 15.944636678200691 vs level.read_bandwidth: 16
I am in Compute Bound
cc_per_all_tiles_per_layer[1]: 578.0
STANDARD CASE latency_read_drain_per_layer[1]: 578.0

ideal_bandwidth_fill_per_layer[1] + ideal_bandwidth_update_per_layer[1]: 0.0018437368961841689 vs level.write_bandwidth: 16
previous_fanout_pe_to_pe_warmup: 0
STANDARD CASE latency_fill_update_per_layer[1]: 578.0


Layer_id: 2 in WeightMemory

ideal_bandwidth_read_per_layer[2] + ideal_bandwidth_drain_per_layer[2]: 15.944636678200691 vs level.read_bandwidth: 16
I am in Compute Bound
cc_per_all_tiles_per_layer[2]: 578.0
STANDARD CASE latency_read_drain_per_layer[2]: 578.0

ideal_bandwidth_fill_per_layer[2] + ideal_bandwidth_update_per_layer[2]: 0.0018437368961841689 vs level.write_bandwidth: 16
previous_fanout_pe_to_pe_warmup: 0
STANDARD CASE latency_fill_update_per_layer[2]: 578.0


Layer_id: 3 in WeightMemory

ideal_bandwidth_read_per_layer[3] + ideal_bandwidth_drain_per_layer[3]: 16.0 vs level.read_bandwidth: 16
I am in Compute Bound
cc_per_all_tiles_per_layer[3]: 576
STANDARD CASE latency_read_drain_per_layer[3]: 576

ideal_bandwidth_fill_per_layer[3] + ideal_bandwidth_update_per_layer[3]: 0.0018501387604070306 vs level.write_bandwidth: 16
previous_fanout_pe_to_pe_warmup: 0
STANDARD CASE latency_fill_update_per_layer[3]: 576

End of calculation of latency.

Calculating per tile final latency and stall for layer 0 in WeightMemory: latency_read_drain_per_layer[0] = 22.0, latency_fill_update_per_layer[0] = 22.0
Final per tile latency_per_layer[0]: 22
Final per tile stall_cycles_per_layer[0]: 0
Ideal case: no stall introduced by this level per this layer: cc_per_all_tiles_per_layer[0]: 22
Calculating per tile final latency and stall for layer 1 in WeightMemory: latency_read_drain_per_layer[1] = 578.0, latency_fill_update_per_layer[1] = 578.0
Final per tile latency_per_layer[1]: 578
Final per tile stall_cycles_per_layer[1]: 0
Ideal case: no stall introduced by this level per this layer: cc_per_all_tiles_per_layer[1]: 578
Calculating per tile final latency and stall for layer 2 in WeightMemory: latency_read_drain_per_layer[2] = 578.0, latency_fill_update_per_layer[2] = 578.0
Final per tile latency_per_layer[2]: 578
Final per tile stall_cycles_per_layer[2]: 0
Ideal case: no stall introduced by this level per this layer: cc_per_all_tiles_per_layer[2]: 578
Calculating per tile final latency and stall for layer 3 in WeightMemory: latency_read_drain_per_layer[3] = 576, latency_fill_update_per_layer[3] = 576
Final per tile latency_per_layer[3]: 576
Final per tile stall_cycles_per_layer[3]: 0
Ideal case: no stall introduced by this level per this layer: cc_per_all_tiles_per_layer[3]: 576


Calculating Latency for Level: FeatureMemory

Latency for layer: 0 of Level: FeatureMemory
level.active_instances_per_layer[0]: 1
level.temporal_iterations_per_layer[0]: 8648
Scaling per layer[0]: 8,648
Single Tile latency: cc_per_tile_per_layer[0]: 22.0
Ideal Case, Latency at this level without stalls: cc_per_all_tiles_per_layer[0]: 22.0
SCALED cc_per_all_tiles_per_layer[0]: 190,256
level.getReadPerLayer[0](): 16,624,915
  (For comparison - full reads including accumulation: 16,624,915)
ideal_bandwidth_read_per_layer[0]: 87.38181818181818
level.getDrainPerLayer[0](): 0
ideal_bandwidth_drain_per_layer[0]: 0.0
ideal_bandwidth_update_per_layer[0]: 78.54545454545455
  (For comparison - full updates including accumulation: 14,943,744)
level.getFillPerLayer[0](): 466,992
ideal_bandwidth_fill_per_layer[0]: 2.4545454545454546

Latency for layer: 1 of Level: FeatureMemory
level.active_instances_per_layer[1]: 1
level.temporal_iterations_per_layer[1]: 8648
Scaling per layer[1]: 8,648
Single Tile latency: cc_per_tile_per_layer[1]: 578.0
Ideal Case, Latency at this level without stalls: cc_per_all_tiles_per_layer[1]: 578.0
SCALED cc_per_all_tiles_per_layer[1]: 4,998,544
level.getReadPerLayer[1](): 68,741,222
  (For comparison - full reads including accumulation: 68,741,222)
ideal_bandwidth_read_per_layer[1]: 13.752249134948098
level.getDrainPerLayer[1](): 0
ideal_bandwidth_drain_per_layer[1]: 0.0
ideal_bandwidth_update_per_layer[1]: 2.98961937716263
  (For comparison - full updates including accumulation: 14,943,744)
level.getFillPerLayer[1](): 0
ideal_bandwidth_fill_per_layer[1]: 0.0

Latency for layer: 2 of Level: FeatureMemory
level.active_instances_per_layer[2]: 1
level.temporal_iterations_per_layer[2]: 8648
Scaling per layer[2]: 8,648
Single Tile latency: cc_per_tile_per_layer[2]: 578.0
Ideal Case, Latency at this level without stalls: cc_per_all_tiles_per_layer[2]: 578.0
SCALED cc_per_all_tiles_per_layer[2]: 4,998,544
level.getReadPerLayer[2](): 68,741,222
  (For comparison - full reads including accumulation: 68,741,222)
ideal_bandwidth_read_per_layer[2]: 13.752249134948098
level.getDrainPerLayer[2](): 0
ideal_bandwidth_drain_per_layer[2]: 0.0
ideal_bandwidth_update_per_layer[2]: 2.98961937716263
  (For comparison - full updates including accumulation: 14,943,744)
level.getFillPerLayer[2](): 0
ideal_bandwidth_fill_per_layer[2]: 0.0

Latency for layer: 3 of Level: FeatureMemory
level.active_instances_per_layer[3]: 1
level.temporal_iterations_per_layer[3]: 8648
Scaling per layer[3]: 8,648
Single Tile latency: cc_per_tile_per_layer[3]: 576
Ideal Case, Latency at this level without stalls: cc_per_all_tiles_per_layer[3]: 576
SCALED cc_per_all_tiles_per_layer[3]: 4,981,248
level.getReadPerLayer[3](): 53,797,478
  (For comparison - full reads including accumulation: 53,797,478)
ideal_bandwidth_read_per_layer[3]: 10.799999999999999
level.getDrainPerLayer[3](): 14,943,744
ideal_bandwidth_drain_per_layer[3]: 3.0
ideal_bandwidth_update_per_layer[3]: 3.0
  (For comparison - full updates including accumulation: 14,943,744)
level.getFillPerLayer[3](): 0
ideal_bandwidth_fill_per_layer[3]: 0.0

Start of calculation of latency:
I am in FeatureMemory level, so I use different formula for latency calculation


Layer_id: 0 in FeatureMemory

scaling_per_layer[0]: 8648
I AM HERE total_data_rd: 16624915
latency_per_layer[0]: 28.485511188433833, latency_read_drain_per_layer[0]: 14.563636188433831, latency_fill_update_per_layer[0]: 13.921875
Total latency so far: 28.485511188433833


Layer_id: 1 in FeatureMemory

scaling_per_layer[1]: 8648
I AM HERE total_data_rd: 68741222
latency_per_layer[1]: 73.71818146777676, latency_read_drain_per_layer[1]: 60.21818146777675, latency_fill_update_per_layer[1]: 13.5
Total latency so far: 102.20369265621059


Layer_id: 2 in FeatureMemory

scaling_per_layer[2]: 8648
I AM HERE total_data_rd: 68741222
latency_per_layer[2]: 73.71818146777676, latency_read_drain_per_layer[2]: 60.21818146777675, latency_fill_update_per_layer[2]: 13.5
Total latency so far: 175.92187412398735


Layer_id: 3 in FeatureMemory

scaling_per_layer[3]: 8648
I AM HERE total_data_rd: 68741222
latency_per_layer[3]: 73.71818146777676, latency_read_drain_per_layer[3]: 60.21818146777675, latency_fill_update_per_layer[3]: 13.5
Total latency so far: 249.6400555917641

End of calculation of latency.

Calculating per tile final latency and stall for layer 0 in FeatureMemory: latency_read_drain_per_layer[0] = 14.563636188433831, latency_fill_update_per_layer[0] = 13.921875
Final per tile latency_per_layer[0]: 28
Final per tile stall_cycles_per_layer[0]: 6
Ideal case: no stall introduced by this level per this layer: cc_per_all_tiles_per_layer[0]: 22
Calculating per tile final latency and stall for layer 1 in FeatureMemory: latency_read_drain_per_layer[1] = 60.21818146777675, latency_fill_update_per_layer[1] = 13.5
Final per tile latency_per_layer[1]: 578
Final per tile stall_cycles_per_layer[1]: 0
Ideal case: no stall introduced by this level per this layer: cc_per_all_tiles_per_layer[1]: 578
Calculating per tile final latency and stall for layer 2 in FeatureMemory: latency_read_drain_per_layer[2] = 60.21818146777675, latency_fill_update_per_layer[2] = 13.5
Final per tile latency_per_layer[2]: 578
Final per tile stall_cycles_per_layer[2]: 0
Ideal case: no stall introduced by this level per this layer: cc_per_all_tiles_per_layer[2]: 578
Calculating per tile final latency and stall for layer 3 in FeatureMemory: latency_read_drain_per_layer[3] = 60.21818146777675, latency_fill_update_per_layer[3] = 13.5
Final per tile latency_per_layer[3]: 576
Final per tile stall_cycles_per_layer[3]: 0
Ideal case: no stall introduced by this level per this layer: cc_per_all_tiles_per_layer[3]: 576


Calculating Latency for Level: DRAM

Latency for layer: 0 of Level: DRAM
level.active_instances_per_layer[0]: 1
level.temporal_iterations_per_layer[0]: 1
Scaling per layer[0]: 1
Single Tile latency: cc_per_tile_per_layer[0]: 28.485511188433833
Ideal Case, Latency at this level without stalls: cc_per_all_tiles_per_layer[0]: 246342.70075757577
SCALED cc_per_all_tiles_per_layer[0]: 246,343
level.getReadPerLayer[0](): 467,280
  (For comparison - full reads including accumulation: 467,280)
ideal_bandwidth_read_per_layer[0]: 1.8968696801771576
level.getDrainPerLayer[0](): 0
ideal_bandwidth_drain_per_layer[0]: 0.0
ideal_bandwidth_update_per_layer[0]: 0.0
  (For comparison - full updates including accumulation: 0)
level.getFillPerLayer[0](): 0
ideal_bandwidth_fill_per_layer[0]: 0.0

Latency for layer: 1 of Level: DRAM
level.active_instances_per_layer[1]: 1
level.temporal_iterations_per_layer[1]: 1
Scaling per layer[1]: 1
Single Tile latency: cc_per_tile_per_layer[1]: 578.0
Ideal Case, Latency at this level without stalls: cc_per_all_tiles_per_layer[1]: 4998544.0
SCALED cc_per_all_tiles_per_layer[1]: 4,998,544
level.getReadPerLayer[1](): 9,216
  (For comparison - full reads including accumulation: 9,216)
ideal_bandwidth_read_per_layer[1]: 0.0018437368961841689
level.getDrainPerLayer[1](): 0
ideal_bandwidth_drain_per_layer[1]: 0.0
ideal_bandwidth_update_per_layer[1]: 0.0
  (For comparison - full updates including accumulation: 0)
level.getFillPerLayer[1](): 0
ideal_bandwidth_fill_per_layer[1]: 0.0

Latency for layer: 2 of Level: DRAM
level.active_instances_per_layer[2]: 1
level.temporal_iterations_per_layer[2]: 1
Scaling per layer[2]: 1
Single Tile latency: cc_per_tile_per_layer[2]: 578.0
Ideal Case, Latency at this level without stalls: cc_per_all_tiles_per_layer[2]: 4998544.0
SCALED cc_per_all_tiles_per_layer[2]: 4,998,544
level.getReadPerLayer[2](): 9,216
  (For comparison - full reads including accumulation: 9,216)
ideal_bandwidth_read_per_layer[2]: 0.0018437368961841689
level.getDrainPerLayer[2](): 0
ideal_bandwidth_drain_per_layer[2]: 0.0
ideal_bandwidth_update_per_layer[2]: 0.0
  (For comparison - full updates including accumulation: 0)
level.getFillPerLayer[2](): 0
ideal_bandwidth_fill_per_layer[2]: 0.0

Latency for layer: 3 of Level: DRAM
level.active_instances_per_layer[3]: 1
level.temporal_iterations_per_layer[3]: 1
Scaling per layer[3]: 1
Single Tile latency: cc_per_tile_per_layer[3]: 576
Ideal Case, Latency at this level without stalls: cc_per_all_tiles_per_layer[3]: 4981248
SCALED cc_per_all_tiles_per_layer[3]: 4,981,248
level.getReadPerLayer[3](): 9,216
  (For comparison - full reads including accumulation: 9,216)
ideal_bandwidth_read_per_layer[3]: 0.0018501387604070306
level.getDrainPerLayer[3](): 0
ideal_bandwidth_drain_per_layer[3]: 0.0
ideal_bandwidth_update_per_layer[3]: 3.0
  (For comparison - full updates including accumulation: 14,943,744)
level.getFillPerLayer[3](): 0
ideal_bandwidth_fill_per_layer[3]: 0.0

Start of calculation of latency:


Layer_id: 0 in DRAM

ideal_bandwidth_read_per_layer[0] + ideal_bandwidth_drain_per_layer[0]: 1.8968696801771576 vs level.read_bandwidth: 12
I am in Compute Bound
cc_per_all_tiles_per_layer[0]: 246342.70075757577
STANDARD CASE latency_read_drain_per_layer[0]: 246342.70075757577

ideal_bandwidth_fill_per_layer[0] + ideal_bandwidth_update_per_layer[0]: 0.0 vs level.write_bandwidth: 12
previous_fanout_pe_to_pe_warmup: 0
STANDARD CASE latency_fill_update_per_layer[0]: 246342.70075757577


Layer_id: 1 in DRAM

ideal_bandwidth_read_per_layer[1] + ideal_bandwidth_drain_per_layer[1]: 0.0018437368961841689 vs level.read_bandwidth: 12
I am in Compute Bound
cc_per_all_tiles_per_layer[1]: 4998544.0
STANDARD CASE latency_read_drain_per_layer[1]: 4998544.0

ideal_bandwidth_fill_per_layer[1] + ideal_bandwidth_update_per_layer[1]: 0.0 vs level.write_bandwidth: 12
previous_fanout_pe_to_pe_warmup: 0
STANDARD CASE latency_fill_update_per_layer[1]: 4998544.0


Layer_id: 2 in DRAM

ideal_bandwidth_read_per_layer[2] + ideal_bandwidth_drain_per_layer[2]: 0.0018437368961841689 vs level.read_bandwidth: 12
I am in Compute Bound
cc_per_all_tiles_per_layer[2]: 4998544.0
STANDARD CASE latency_read_drain_per_layer[2]: 4998544.0

ideal_bandwidth_fill_per_layer[2] + ideal_bandwidth_update_per_layer[2]: 0.0 vs level.write_bandwidth: 12
previous_fanout_pe_to_pe_warmup: 0
STANDARD CASE latency_fill_update_per_layer[2]: 4998544.0


Layer_id: 3 in DRAM

ideal_bandwidth_read_per_layer[3] + ideal_bandwidth_drain_per_layer[3]: 0.0018501387604070306 vs level.read_bandwidth: 12
I am in Compute Bound
cc_per_all_tiles_per_layer[3]: 4981248
STANDARD CASE latency_read_drain_per_layer[3]: 4981248

ideal_bandwidth_fill_per_layer[3] + ideal_bandwidth_update_per_layer[3]: 3.0 vs level.write_bandwidth: 12
previous_fanout_pe_to_pe_warmup: 0
STANDARD CASE latency_fill_update_per_layer[3]: 4981248

End of calculation of latency.

Calculating per tile final latency and stall for layer 0 in DRAM: latency_read_drain_per_layer[0] = 246342.70075757577, latency_fill_update_per_layer[0] = 246342.70075757577
Final per tile latency_per_layer[0]: 246,343
Final per tile stall_cycles_per_layer[0]: 0
Ideal case: no stall introduced by this level per this layer: cc_per_all_tiles_per_layer[0]: 246,343
Calculating per tile final latency and stall for layer 1 in DRAM: latency_read_drain_per_layer[1] = 4998544.0, latency_fill_update_per_layer[1] = 4998544.0
Final per tile latency_per_layer[1]: 4,998,544
Final per tile stall_cycles_per_layer[1]: 0
Ideal case: no stall introduced by this level per this layer: cc_per_all_tiles_per_layer[1]: 4,998,544
Calculating per tile final latency and stall for layer 2 in DRAM: latency_read_drain_per_layer[2] = 4998544.0, latency_fill_update_per_layer[2] = 4998544.0
Final per tile latency_per_layer[2]: 4,998,544
Final per tile stall_cycles_per_layer[2]: 0
Ideal case: no stall introduced by this level per this layer: cc_per_all_tiles_per_layer[2]: 4,998,544
Calculating per tile final latency and stall for layer 3 in DRAM: latency_read_drain_per_layer[3] = 4981248, latency_fill_update_per_layer[3] = 4981248
Final per tile latency_per_layer[3]: 4,981,248
Final per tile stall_cycles_per_layer[3]: 0
Ideal case: no stall introduced by this level per this layer: cc_per_all_tiles_per_layer[3]: 4,981,248


Final WMOPs and Latency calculation for Level: DRAM
Level: DRAM, Layer: 0
max_latency_per_layer[0]: 0 before update
level.getSettedLatencyPerLayer[0](): 246,343
Level: DRAM, Layer: 1
max_latency_per_layer[1]: 0 before update
level.getSettedLatencyPerLayer[1](): 4,998,544
Level: DRAM, Layer: 2
max_latency_per_layer[2]: 0 before update
level.getSettedLatencyPerLayer[2](): 4,998,544
Level: DRAM, Layer: 3
max_latency_per_layer[3]: 0 before update
level.getSettedLatencyPerLayer[3](): 4,981,248
Level DRAM: Thesis_4Layers_534528KB_FMEM_16x64_PEs, max_latency (sequential layers): 15,224,679


Final WMOPs and Latency calculation for Level: FeatureMemory
Level: FeatureMemory, Layer: 0
max_latency_per_layer[0]: 246,343 before update
level.getSettedLatencyPerLayer[0](): 15
Level: FeatureMemory, Layer: 1
max_latency_per_layer[1]: 4,998,544 before update
level.getSettedLatencyPerLayer[1](): 60
Level: FeatureMemory, Layer: 2
max_latency_per_layer[2]: 4,998,544 before update
level.getSettedLatencyPerLayer[2](): 60
Level: FeatureMemory, Layer: 3
max_latency_per_layer[3]: 4,981,248 before update
level.getSettedLatencyPerLayer[3](): 520,767
Level FeatureMemory: Thesis_4Layers_534528KB_FMEM_16x64_PEs, max_latency (sequential layers): 15,224,679


Final WMOPs and Latency calculation for Level: WeightMemory
Level: WeightMemory, Layer: 0
max_latency_per_layer[0]: 246,343 before update
level.getSettedLatencyPerLayer[0](): 22
Level: WeightMemory, Layer: 1
max_latency_per_layer[1]: 4,998,544 before update
level.getSettedLatencyPerLayer[1](): 578
Level: WeightMemory, Layer: 2
max_latency_per_layer[2]: 4,998,544 before update
level.getSettedLatencyPerLayer[2](): 578
Level: WeightMemory, Layer: 3
max_latency_per_layer[3]: 4,981,248 before update
level.getSettedLatencyPerLayer[3](): 4,981,248
Level WeightMemory: Thesis_4Layers_534528KB_FMEM_16x64_PEs, max_latency (sequential layers): 15,224,679


Final WMOPs and Latency calculation for Level: SACols_3


Final WMOPs and Latency calculation for Level: SARows_3


Final WMOPs and Latency calculation for Level: SACols_2


Final WMOPs and Latency calculation for Level: SARows_2


Final WMOPs and Latency calculation for Level: SACols_1


Final WMOPs and Latency calculation for Level: SARows_1


Final WMOPs and Latency calculation for Level: SACols_0


Final WMOPs and Latency calculation for Level: SARows_0


Final WMOPs and Latency calculation for Level: WeightRegister
Level: WeightRegister, Layer: 0
max_latency_per_layer[0]: 246,343 before update
level.getSettedLatencyPerLayer[0](): 1
Level: WeightRegister, Layer: 1
max_latency_per_layer[1]: 4,998,544 before update
level.getSettedLatencyPerLayer[1](): 1
Level: WeightRegister, Layer: 2
max_latency_per_layer[2]: 4,998,544 before update
level.getSettedLatencyPerLayer[2](): 1
Level: WeightRegister, Layer: 3
max_latency_per_layer[3]: 4,981,248 before update
level.getSettedLatencyPerLayer[3](): 4,981,248
Level WeightRegister: Thesis_4Layers_534528KB_FMEM_16x64_PEs, max_latency (sequential layers): 15,224,679


Final WMOPs and Latency calculation for Level: AccumulationIntermediateOutputRegister
Level: AccumulationIntermediateOutputRegister, Layer: 0
max_latency_per_layer[0]: 246,343 before update
level.getSettedLatencyPerLayer[0](): 1
Level: AccumulationIntermediateOutputRegister, Layer: 1
max_latency_per_layer[1]: 4,998,544 before update
level.getSettedLatencyPerLayer[1](): 1
Level: AccumulationIntermediateOutputRegister, Layer: 2
max_latency_per_layer[2]: 4,998,544 before update
level.getSettedLatencyPerLayer[2](): 1
Level: AccumulationIntermediateOutputRegister, Layer: 3
max_latency_per_layer[3]: 4,981,248 before update
level.getSettedLatencyPerLayer[3](): 4,981,248
Level AccumulationIntermediateOutputRegister: Thesis_4Layers_534528KB_FMEM_16x64_PEs, max_latency (sequential layers): 15,224,679


Final WMOPs and Latency calculation for Level: AccumulationOutputRegister
Level: AccumulationOutputRegister, Layer: 0
max_latency_per_layer[0]: 246,343 before update
level.getSettedLatencyPerLayer[0](): 1
Level: AccumulationOutputRegister, Layer: 1
max_latency_per_layer[1]: 4,998,544 before update
level.getSettedLatencyPerLayer[1](): 1
Level: AccumulationOutputRegister, Layer: 2
max_latency_per_layer[2]: 4,998,544 before update
level.getSettedLatencyPerLayer[2](): 1
Level: AccumulationOutputRegister, Layer: 3
max_latency_per_layer[3]: 4,981,248 before update
level.getSettedLatencyPerLayer[3](): 4,981,248
Level AccumulationOutputRegister: Thesis_4Layers_534528KB_FMEM_16x64_PEs, max_latency (sequential layers): 15,224,679


Final WMOPs and Latency calculation for Level: Compute
Compute level latency: 1
Compute latency for layer 0: 155,664
Compute latency for layer 1: 4,981,248
Compute latency for layer 2: 4,981,248
Compute latency for layer 3: 4,981,248
max_latency initially: 15224678.700757576
compute_latency from compute level: 15,099,408
max_latency after compute: 15,224,679, before fanout_level
é stato chiamato update stats! 




Questo mops è chiamato da update stats
Level: DRAM, arch bypasses for the level: ['int_in', 'int_out'], in_bp: 1, w_bp: 0, out_bp: 1, int_in_bp: 0, int_out_bp: 0
DEBUG updateStats pre scaling: Level DRAM:
  in_reads: 466992
  per_layer_w_reads: {0: 288, 1: 9216, 2: 9216, 3: 9216}
  per_layer_int_in_reads: {0: 0, 1: 0, 2: 0}
  per_layer_int_out_reads: {0: 0, 1: 0, 2: 0}
  per_layer_int_out_writes: {0: 0, 1: 0, 2: 0}
  out_reads: 14943744
  out_writes: 14943744
  out_reads_factors: 1
scale_per_layer[0]: 1, temporal_iterations_per_layer[0]: 1, spatial_iterations_per_layer[0]: 1
DEBUG: results after scaling: Level DRAM: in_reads=466992, w_reads=27936, int_in_reads=0, int_out_reads=0, int_out_writes=0, out_writes=14943744, out_reads=14943744, out_reads_factors=1
DEBUG: Level DRAM adjusted out_reads for no bias read: 0
DEBUG: Level DRAM bypasses intermediate storage
DEBUG updateStats post scaling: Level DRAM:
  in_reads: 466,992
  per_layer_w_reads: {0: 288, 1: 9216, 2: 9216, 3: 9216}
  w_reads: 27,936
  per_layer_int_in_reads: {0: 0, 1: 0, 2: 0}
  per_layer_int_in_writes: {0: 0, 1: 0, 2: 0}
  int_in_reads: 0
  per_layer_int_out_reads: {0: 0, 1: 0, 2: 0}
  per_layer_int_out_writes: {0: 0, 1: 0, 2: 0}
  int_out_reads: 0
  out_reads: 0
  out_writes: 14,943,744
  out_reads_factors: 1
in_writes: 0, w_writes: 0, int_in_writes: 0, int_out_writes: 0, out_writes: 14943744
Name of the level: DRAM, level active instances per layer: {0: 1, 1: 1, 2: 1, 3: 1}, level active instances: 1
Level DRAM, Layer 0: total_reads = 467280, total_writes = 0
Level DRAM, Layer 1: total_reads = 9216, total_writes = 0
Level DRAM, Layer 2: total_reads = 9216, total_writes = 0
DEBUG: Level DRAM, Layer 3, per_layer_int_in_reads2: 0, per_layer_w_reads3: 9216, out_reads: 0
Level DRAM, Layer 3: total_reads = 9216, total_writes = 14943744
Check: Per Layer Total reads: {0: 467280, 1: 9216, 2: 9216, 3: 9216}, total: 494928
Check: Per Layer Total writes: {0: 0, 1: 0, 2: 0, 3: 14943744}, 
 total: 14943744
Level DRAM total WMOPs from per layer sum: 494,037,504.000
Level DRAM total WMOPs from total reads/writes: 494,037,504.000
End first part of update for level: DRAM



Questo mops è chiamato da update stats
Level: FeatureMemory, arch bypasses for the level: ['w'], in_bp: 0, w_bp: 0, out_bp: 0, int_in_bp: 0, int_out_bp: 0
DEBUG updateStats pre scaling: Level FeatureMemory:
  in_reads: 972
  per_layer_w_reads: {0: 0, 1: 0, 2: 0, 3: 0}
  per_layer_int_in_reads: {0: 31104, 1: 31104, 2: 31104}
  per_layer_int_out_reads: {0: 1728, 1: 1728, 2: 1728}
  per_layer_int_out_writes: {0: 1728, 1: 1728, 2: 1728}
  out_reads: 1728
  out_writes: 1728
  out_reads_factors: 1
scale_per_layer[0]: 8648, temporal_iterations_per_layer[0]: 8648, spatial_iterations_per_layer[0]: 1
DEBUG: results after scaling: Level FeatureMemory: in_reads=8405856, w_reads=0, int_in_reads=806962176, int_out_reads=44831232, int_out_writes=44831232, out_writes=14943744, out_reads=14943744, out_reads_factors=1
DEBUG: Level FeatureMemory adjusted out_reads for no bias read: 0
DEBUG updateStats post scaling: Level FeatureMemory:
  in_reads: 8,405,856
  per_layer_w_reads: {0: 0, 1: 0, 2: 0, 3: 0}
  w_reads: 0
  per_layer_int_in_reads: {0: 268987392, 1: 268987392, 2: 268987392}
  per_layer_int_in_writes: {0: 0, 1: 0, 2: 0}
  int_in_reads: 806,962,176
  per_layer_int_out_reads: {0: 14943744, 1: 14943744, 2: 14943744}
  per_layer_int_out_writes: {0: 14943744, 1: 14943744, 2: 14943744}
  int_out_reads: 44,831,232
  out_reads: 14,943,744
  out_writes: 14,943,744
  out_reads_factors: 1
in_writes: 466992, w_writes: 0, int_in_writes: 0, int_out_writes: 44831232, out_writes: 14943744
Name of the level: FeatureMemory, level active instances per layer: {0: 1, 1: 1, 2: 1, 3: 1}, level active instances: 1
Level FeatureMemory, Layer 0: total_reads = 23349600, total_writes = 15410736
Level FeatureMemory, Layer 1: total_reads = 283931136, total_writes = 14943744
Level FeatureMemory, Layer 2: total_reads = 283931136, total_writes = 14943744
DEBUG: Level FeatureMemory, Layer 3, per_layer_int_in_reads2: 268987392, per_layer_w_reads3: 0, out_reads: 14943744
Level FeatureMemory, Layer 3: total_reads = 283931136, total_writes = 14943744
Check: Per Layer Total reads: {0: 23349600, 1: 283931136, 2: 283931136, 3: 283931136}, total: 875143008
Check: Per Layer Total writes: {0: 15410736, 1: 14943744, 2: 14943744, 3: 14943744}, 
 total: 60241968
Level FeatureMemory total WMOPs from per layer sum: 927,251,843.510
Level FeatureMemory total WMOPs from total reads/writes: 927,251,843.510
End first part of update for level: FeatureMemory



Questo mops è chiamato da update stats
Level: WeightMemory, arch bypasses for the level: ['in', 'int_in', 'int_out', 'out'], in_bp: 0, w_bp: 1, out_bp: 0, int_in_bp: 0, int_out_bp: 0
DEBUG updateStats pre scaling: Level WeightMemory:
  in_reads: 0
  per_layer_w_reads: {0: 288, 1: 9216, 2: 9216, 3: 9216}
  per_layer_int_in_reads: {0: 0, 1: 0, 2: 0}
  per_layer_int_out_reads: {0: 0, 1: 0, 2: 0}
  per_layer_int_out_writes: {0: 0, 1: 0, 2: 0}
  out_reads: 0
  out_writes: 0
  out_reads_factors: 0
scale_per_layer[0] = 8648, temporal_iterations_per_layer[0] = 8648, spatial_iterations_per_layer[0] = 1
scale_per_layer[0]: 8648, temporal_iterations_per_layer[0]: 8648, spatial_iterations_per_layer[0]: 1
DEBUG: results after scaling: Level WeightMemory: in_reads=0, w_reads=241590528, int_in_reads=0, int_out_reads=0, int_out_writes=0, out_writes=0, out_reads=0, out_reads_factors=0
DEBUG: Level WeightMemory bypasses intermediate storage
DEBUG updateStats post scaling: Level WeightMemory:
  in_reads: 0
  per_layer_w_reads: {0: 2490624, 1: 79699968, 2: 79699968, 3: 79699968}
  w_reads: 241,590,528
  per_layer_int_in_reads: {0: 0, 1: 0, 2: 0}
  per_layer_int_in_writes: {0: 0, 1: 0, 2: 0}
  int_in_reads: 0
  per_layer_int_out_reads: {0: 0, 1: 0, 2: 0}
  per_layer_int_out_writes: {0: 0, 1: 0, 2: 0}
  int_out_reads: 0
  out_reads: 0
  out_writes: 0
  out_reads_factors: 0
in_writes: 0, w_writes: 27936, int_in_writes: 0, int_out_writes: 0, out_writes: 0
Name of the level: WeightMemory, level active instances per layer: {0: 1, 1: 1, 2: 1, 3: 1}, level active instances: 1
Level WeightMemory, Layer 0: total_reads = 2490624, total_writes = 288
Level WeightMemory, Layer 1: total_reads = 79699968, total_writes = 9216
Level WeightMemory, Layer 2: total_reads = 79699968, total_writes = 9216
DEBUG: Level WeightMemory, Layer 3, per_layer_int_in_reads2: 0, per_layer_w_reads3: 79699968, out_reads: 0
Level WeightMemory, Layer 3: total_reads = 79699968, total_writes = 9216
Check: Per Layer Total reads: {0: 2490624, 1: 79699968, 2: 79699968, 3: 79699968}, total: 241590528
Check: Per Layer Total writes: {0: 288, 1: 9216, 2: 9216, 3: 9216}, 
 total: 27936
Level WeightMemory total WMOPs from per layer sum: 966,429,446.884
Level WeightMemory total WMOPs from total reads/writes: 966,429,446.884
End first part of update for level: WeightMemory



Calculating Fanout Level: SACols_3, updating spatial and last reads
Fanout Level SACols_3, Layer 3, dim Q, layer_iterations: 54
End of the first part of Update Stats for fanout level: SACols_3


Calculating Fanout Level: SARows_3, updating spatial and last reads
Fanout Level SARows_3, Layer 3, dim Z3, layer_iterations: 16
End of the first part of Update Stats for fanout level: SARows_3


Calculating Fanout Level: SACols_2, updating spatial and last reads
Fanout Level SACols_2, Layer 2, dim X2, layer_iterations: 54
End of the first part of Update Stats for fanout level: SACols_2


Calculating Fanout Level: SARows_2, updating spatial and last reads
Fanout Level SARows_2, Layer 2, dim Z2, layer_iterations: 16
End of the first part of Update Stats for fanout level: SARows_2


Calculating Fanout Level: SACols_1, updating spatial and last reads
Fanout Level SACols_1, Layer 1, dim X1, layer_iterations: 54
End of the first part of Update Stats for fanout level: SACols_1


Calculating Fanout Level: SARows_1, updating spatial and last reads
Fanout Level SARows_1, Layer 1, dim Z1, layer_iterations: 16
End of the first part of Update Stats for fanout level: SARows_1


Calculating Fanout Level: SACols_0, updating spatial and last reads
Fanout Level SACols_0, Layer 0, dim X0, layer_iterations: 54
End of the first part of Update Stats for fanout level: SACols_0


Calculating Fanout Level: SARows_0, updating spatial and last reads
Fanout Level SARows_0, Layer 0, dim Z0, layer_iterations: 16
End of the first part of Update Stats for fanout level: SARows_0


Questo mops è chiamato da update stats
Level: WeightRegister, arch bypasses for the level: ['in', 'int_in', 'int_out', 'out'], in_bp: 0, w_bp: 0, out_bp: 0, int_in_bp: 0, int_out_bp: 0
DEBUG updateStats pre scaling: Level WeightRegister:
  in_reads: 0
  per_layer_w_reads: {0: 1, 1: 1, 2: 1, 3: 1}
  per_layer_int_in_reads: {0: 0, 1: 0, 2: 0}
  per_layer_int_out_reads: {0: 0, 1: 0, 2: 0}
  per_layer_int_out_writes: {0: 0, 1: 0, 2: 0}
  out_reads: 0
  out_writes: 0
  out_reads_factors: 0
scale_per_layer[0]: 134493696, temporal_iterations_per_layer[0]: 155664, spatial_iterations_per_layer[0]: 864
DEBUG: results after scaling: Level WeightRegister: in_reads=0, w_reads=13045888512, int_in_reads=0, int_out_reads=0, int_out_writes=0, out_writes=0, out_reads=0, out_reads_factors=0
DEBUG: Level WeightRegister bypasses intermediate storage
DEBUG updateStats post scaling: Level WeightRegister:
  in_reads: 0
  per_layer_w_reads: {0: 134493696, 1: 4303798272, 2: 4303798272, 3: 4303798272}
  w_reads: 13,045,888,512
  per_layer_int_in_reads: {0: 0, 1: 0, 2: 0}
  per_layer_int_in_writes: {0: 0, 1: 0, 2: 0}
  int_in_reads: 0
  per_layer_int_out_reads: {0: 0, 1: 0, 2: 0}
  per_layer_int_out_writes: {0: 0, 1: 0, 2: 0}
  int_out_reads: 0
  out_reads: 0
  out_writes: 0
  out_reads_factors: 0
in_writes: 0, w_writes: 13045888512, int_in_writes: 0, int_out_writes: 0, out_writes: 0
Name of the level: WeightRegister, level active instances per layer: {0: 864, 1: 864, 2: 864, 3: 864}, level active instances: 557256278016
Level WeightRegister, Layer 0: total_reads = 134493696, total_writes = 134493696
Level WeightRegister, Layer 1: total_reads = 4303798272, total_writes = 4303798272
Level WeightRegister, Layer 2: total_reads = 4303798272, total_writes = 4303798272
DEBUG: Level WeightRegister, Layer 3, per_layer_int_in_reads2: 0, per_layer_w_reads3: 4303798272, out_reads: 0
Level WeightRegister, Layer 3: total_reads = 4303798272, total_writes = 4303798272
Check: Per Layer Total reads: {0: 134493696, 1: 4303798272, 2: 4303798272, 3: 4303798272}, total: 13045888512
Check: Per Layer Total writes: {0: 134493696, 1: 4303798272, 2: 4303798272, 3: 4303798272}, 
 total: 13045888512
Level WeightRegister total WMOPs from per layer sum: 5,197,121,400.842
Level WeightRegister total WMOPs from total reads/writes: 5,197,121,400.842
End first part of update for level: WeightRegister



Questo mops è chiamato da update stats
Level: AccumulationIntermediateOutputRegister, arch bypasses for the level: ['in', 'w', 'out', 'int_in'], in_bp: 0, w_bp: 0, out_bp: 0, int_in_bp: 0, int_out_bp: 0
DEBUG updateStats pre scaling: Level AccumulationIntermediateOutputRegister:
  in_reads: 0
  per_layer_w_reads: {0: 0, 1: 0, 2: 0, 3: 0}
  per_layer_int_in_reads: {0: 0, 1: 0, 2: 0}
  per_layer_int_out_reads: {0: 1, 1: 1, 2: 1}
  per_layer_int_out_writes: {0: 1, 1: 1, 2: 1}
  out_reads: 0
  out_writes: 0
  out_reads_factors: 0
scale_per_layer[0]: 134493696, temporal_iterations_per_layer[0]: 155664, spatial_iterations_per_layer[0]: 864
DEBUG: results after scaling: Level AccumulationIntermediateOutputRegister: in_reads=0, w_reads=0, int_in_reads=0, int_out_reads=8742090240, int_out_writes=8742090240, out_writes=0, out_reads=0, out_reads_factors=0
DEBUG updateStats post scaling: Level AccumulationIntermediateOutputRegister:
  in_reads: 0
  per_layer_w_reads: {0: 0, 1: 0, 2: 0, 3: 0}
  w_reads: 0
  per_layer_int_in_reads: {0: 0, 1: 0, 2: 0}
  per_layer_int_in_writes: {0: 0, 1: 0, 2: 0}
  int_in_reads: 0
  per_layer_int_out_reads: {0: 149437440, 1: 4318742016, 2: 4318742016}
  per_layer_int_out_writes: {0: 149437440, 1: 4318742016, 2: 4318742016}
  int_out_reads: 8,742,090,240
  out_reads: 0
  out_writes: 0
  out_reads_factors: 0
in_writes: 0, w_writes: 0, int_in_writes: 0, int_out_writes: 8742090240, out_writes: 0
Name of the level: AccumulationIntermediateOutputRegister, level active instances per layer: {0: 864, 1: 864, 2: 864, 3: 864}, level active instances: 557256278016
Level AccumulationIntermediateOutputRegister, Layer 0: total_reads = 149437440, total_writes = 149437440
Level AccumulationIntermediateOutputRegister, Layer 1: total_reads = 4318742016, total_writes = 4318742016
Level AccumulationIntermediateOutputRegister, Layer 2: total_reads = 4318742016, total_writes = 4318742016
DEBUG: Level AccumulationIntermediateOutputRegister, Layer 3, per_layer_int_in_reads2: 0, per_layer_w_reads3: 0, out_reads: 0
Level AccumulationIntermediateOutputRegister, Layer 3: total_reads = 0, total_writes = 0
Check: Per Layer Total reads: {0: 149437440, 1: 4318742016, 2: 4318742016, 3: 0}, total: 8786921472
Check: Per Layer Total writes: {0: 149437440, 1: 4318742016, 2: 4318742016, 3: 0}, 
 total: 8786921472
Level AccumulationIntermediateOutputRegister total WMOPs from per layer sum: 8,758,718,653.262
Level AccumulationIntermediateOutputRegister total WMOPs from total reads/writes: 8,740,547,238.709
End first part of update for level: AccumulationIntermediateOutputRegister



Questo mops è chiamato da update stats
Level: AccumulationOutputRegister, arch bypasses for the level: ['in', 'w', 'int_in', 'int_out'], in_bp: 0, w_bp: 0, out_bp: 1, int_in_bp: 0, int_out_bp: 0
DEBUG updateStats pre scaling: Level AccumulationOutputRegister:
  in_reads: 0
  per_layer_w_reads: {0: 0, 1: 0, 2: 0, 3: 0}
  per_layer_int_in_reads: {0: 0, 1: 0, 2: 0}
  per_layer_int_out_reads: {0: 0, 1: 0, 2: 0}
  per_layer_int_out_writes: {0: 0, 1: 0, 2: 0}
  out_reads: 1
  out_writes: 1
  out_reads_factors: 1
scale_per_layer[0]: 134493696, temporal_iterations_per_layer[0]: 155664, spatial_iterations_per_layer[0]: 864
DEBUG: results after scaling: Level AccumulationOutputRegister: in_reads=0, w_reads=0, int_in_reads=0, int_out_reads=0, int_out_writes=0, out_writes=4303798272, out_reads=4303798272, out_reads_factors=288
DEBUG: Level AccumulationOutputRegister adjusted out_reads for no bias read: 4288854528
DEBUG: Level AccumulationOutputRegister bypasses intermediate storage
DEBUG updateStats post scaling: Level AccumulationOutputRegister:
  in_reads: 0
  per_layer_w_reads: {0: 0, 1: 0, 2: 0, 3: 0}
  w_reads: 0
  per_layer_int_in_reads: {0: 0, 1: 0, 2: 0}
  per_layer_int_in_writes: {0: 0, 1: 0, 2: 0}
  int_in_reads: 0
  per_layer_int_out_reads: {0: 0, 1: 0, 2: 0}
  per_layer_int_out_writes: {0: 0, 1: 0, 2: 0}
  int_out_reads: 0
  out_reads: 4,303,798,272
  out_writes: 4,303,798,272
  out_reads_factors: 288
in_writes: 0, w_writes: 0, int_in_writes: 0, int_out_writes: 0, out_writes: 4303798272
Name of the level: AccumulationOutputRegister, level active instances per layer: {0: 864, 1: 864, 2: 864, 3: 864}, level active instances: 557256278016
Level AccumulationOutputRegister, Layer 0: total_reads = 0, total_writes = 0
Level AccumulationOutputRegister, Layer 1: total_reads = 0, total_writes = 0
Level AccumulationOutputRegister, Layer 2: total_reads = 0, total_writes = 0
DEBUG: Level AccumulationOutputRegister, Layer 3, per_layer_int_in_reads2: 0, per_layer_w_reads3: 0, out_reads: 4303798272
Level AccumulationOutputRegister, Layer 3: total_reads = 4303798272, total_writes = 4303798272
Check: Per Layer Total reads: {0: 0, 1: 0, 2: 0, 3: 4303798272}, total: 4303798272
Check: Per Layer Total writes: {0: 0, 1: 0, 2: 0, 3: 4303798272}, 
 total: 4303798272
Level AccumulationOutputRegister total WMOPs from per layer sum: 10,503,174,450.365
Level AccumulationOutputRegister total WMOPs from total reads/writes: 10,485,003,035.812
End first part of update for level: AccumulationOutputRegister



Calculating WMOPs for Compute Level
Compute Level Compute WMOPs_per_layer: {0: 167737204.94651452, 1: 4265593451.3695426, 2: 4265593451.3695426, 3: 4737736121.185154}
WMOPs_till_now before compute level: 10,503,174,450.365
Compute Level Compute total WMOPs from per layer sum: 13436660228.870754
Compute Level Compute total WMOPs: 2.4108376953183185e+36
Total WMOPs after adding compute level: 23939834679.236076
END FIRST PART OF UPDATE STATS


First cc_per_tile, it is from compute = 1
First cc_per_tile_per_layer it is from compute = {0: 1, 1: 1, 2: 1, 3: 1}


Calculating Latency for Level: AccumulationOutputRegister

Latency for layer: 0 of Level: AccumulationOutputRegister
level.active_instances_per_layer[0]: 864
level.temporal_iterations_per_layer[0]: 155664
Scaling per layer[0]: 134,493,696
Single Tile latency: cc_per_tile_per_layer[0]: 1
Ideal Case, Latency at this level without stalls: cc_per_all_tiles_per_layer[0]: 1
SCALED cc_per_all_tiles_per_layer[0]: 134,493,696
level.getReadPerLayer[0](): 0
  (For comparison - full reads including accumulation: 0)
ideal_bandwidth_read_per_layer[0]: 0.0
level.getDrainPerLayer[0](): 0
ideal_bandwidth_drain_per_layer[0]: 0.0
ideal_bandwidth_update_per_layer[0]: 0.0
  (For comparison - full updates including accumulation: 0)
level.getFillPerLayer[0](): 0
ideal_bandwidth_fill_per_layer[0]: 0.0

Latency for layer: 1 of Level: AccumulationOutputRegister
level.active_instances_per_layer[1]: 864
level.temporal_iterations_per_layer[1]: 4981248
Scaling per layer[1]: 4,303,798,272
Single Tile latency: cc_per_tile_per_layer[1]: 1
Ideal Case, Latency at this level without stalls: cc_per_all_tiles_per_layer[1]: 1
SCALED cc_per_all_tiles_per_layer[1]: 4,303,798,272
level.getReadPerLayer[1](): 0
  (For comparison - full reads including accumulation: 0)
ideal_bandwidth_read_per_layer[1]: 0.0
level.getDrainPerLayer[1](): 0
ideal_bandwidth_drain_per_layer[1]: 0.0
ideal_bandwidth_update_per_layer[1]: 0.0
  (For comparison - full updates including accumulation: 0)
level.getFillPerLayer[1](): 0
ideal_bandwidth_fill_per_layer[1]: 0.0

Latency for layer: 2 of Level: AccumulationOutputRegister
level.active_instances_per_layer[2]: 864
level.temporal_iterations_per_layer[2]: 4981248
Scaling per layer[2]: 4,303,798,272
Single Tile latency: cc_per_tile_per_layer[2]: 1
Ideal Case, Latency at this level without stalls: cc_per_all_tiles_per_layer[2]: 1
SCALED cc_per_all_tiles_per_layer[2]: 4,303,798,272
level.getReadPerLayer[2](): 0
  (For comparison - full reads including accumulation: 0)
ideal_bandwidth_read_per_layer[2]: 0.0
level.getDrainPerLayer[2](): 0
ideal_bandwidth_drain_per_layer[2]: 0.0
ideal_bandwidth_update_per_layer[2]: 0.0
  (For comparison - full updates including accumulation: 0)
level.getFillPerLayer[2](): 0
ideal_bandwidth_fill_per_layer[2]: 0.0

Latency for layer: 3 of Level: AccumulationOutputRegister
level.active_instances_per_layer[3]: 864
level.temporal_iterations_per_layer[3]: 4981248
Scaling per layer[3]: 4,303,798,272
Single Tile latency: cc_per_tile_per_layer[3]: 1
Ideal Case, Latency at this level without stalls: cc_per_all_tiles_per_layer[3]: 1
SCALED cc_per_all_tiles_per_layer[3]: 4,303,798,272
level.getReadPerLayer[3](): 4,288,854,528
  (For comparison - full reads including accumulation: 4,288,854,528)
ideal_bandwidth_read_per_layer[3]: 0.9965277777777778
level.getDrainPerLayer[3](): 14,943,744
ideal_bandwidth_drain_per_layer[3]: 0.003472222222222222
ideal_bandwidth_update_per_layer[3]: 1.0
  (For comparison - full updates including accumulation: 4,303,798,272)
level.getFillPerLayer[3](): 0
ideal_bandwidth_fill_per_layer[3]: 0.0

Start of calculation of latency:


Layer_id: 0 in AccumulationOutputRegister

ideal_bandwidth_read_per_layer[0] + ideal_bandwidth_drain_per_layer[0]: 0.0 vs level.read_bandwidth: 1
I am in Compute Bound
cc_per_all_tiles_per_layer[0]: 1
STANDARD CASE latency_read_drain_per_layer[0]: 1

ideal_bandwidth_fill_per_layer[0] + ideal_bandwidth_update_per_layer[0]: 0.0 vs level.write_bandwidth: 1
previous_fanout_pe_to_pe_warmup: 0
STANDARD CASE latency_fill_update_per_layer[0]: 1


Layer_id: 1 in AccumulationOutputRegister

ideal_bandwidth_read_per_layer[1] + ideal_bandwidth_drain_per_layer[1]: 0.0 vs level.read_bandwidth: 1
I am in Compute Bound
cc_per_all_tiles_per_layer[1]: 1
STANDARD CASE latency_read_drain_per_layer[1]: 1

ideal_bandwidth_fill_per_layer[1] + ideal_bandwidth_update_per_layer[1]: 0.0 vs level.write_bandwidth: 1
previous_fanout_pe_to_pe_warmup: 0
STANDARD CASE latency_fill_update_per_layer[1]: 1


Layer_id: 2 in AccumulationOutputRegister

ideal_bandwidth_read_per_layer[2] + ideal_bandwidth_drain_per_layer[2]: 0.0 vs level.read_bandwidth: 1
I am in Compute Bound
cc_per_all_tiles_per_layer[2]: 1
STANDARD CASE latency_read_drain_per_layer[2]: 1

ideal_bandwidth_fill_per_layer[2] + ideal_bandwidth_update_per_layer[2]: 0.0 vs level.write_bandwidth: 1
previous_fanout_pe_to_pe_warmup: 0
STANDARD CASE latency_fill_update_per_layer[2]: 1


Layer_id: 3 in AccumulationOutputRegister

ideal_bandwidth_read_per_layer[3] + ideal_bandwidth_drain_per_layer[3]: 1.0 vs level.read_bandwidth: 1
I am in Compute Bound
cc_per_all_tiles_per_layer[3]: 1
STANDARD CASE latency_read_drain_per_layer[3]: 1

ideal_bandwidth_fill_per_layer[3] + ideal_bandwidth_update_per_layer[3]: 1.0 vs level.write_bandwidth: 1
previous_fanout_pe_to_pe_warmup: 0
STANDARD CASE latency_fill_update_per_layer[3]: 1

End of calculation of latency.

Calculating per tile final latency and stall for layer 0 in AccumulationOutputRegister: latency_read_drain_per_layer[0] = 1, latency_fill_update_per_layer[0] = 1
Final per tile latency_per_layer[0]: 1
Final per tile stall_cycles_per_layer[0]: 0
Ideal case: no stall introduced by this level per this layer: cc_per_all_tiles_per_layer[0]: 1
Calculating per tile final latency and stall for layer 1 in AccumulationOutputRegister: latency_read_drain_per_layer[1] = 1, latency_fill_update_per_layer[1] = 1
Final per tile latency_per_layer[1]: 1
Final per tile stall_cycles_per_layer[1]: 0
Ideal case: no stall introduced by this level per this layer: cc_per_all_tiles_per_layer[1]: 1
Calculating per tile final latency and stall for layer 2 in AccumulationOutputRegister: latency_read_drain_per_layer[2] = 1, latency_fill_update_per_layer[2] = 1
Final per tile latency_per_layer[2]: 1
Final per tile stall_cycles_per_layer[2]: 0
Ideal case: no stall introduced by this level per this layer: cc_per_all_tiles_per_layer[2]: 1
Calculating per tile final latency and stall for layer 3 in AccumulationOutputRegister: latency_read_drain_per_layer[3] = 1, latency_fill_update_per_layer[3] = 1
Final per tile latency_per_layer[3]: 1
Final per tile stall_cycles_per_layer[3]: 0
Ideal case: no stall introduced by this level per this layer: cc_per_all_tiles_per_layer[3]: 1


Calculating Latency for Level: AccumulationIntermediateOutputRegister

Latency for layer: 0 of Level: AccumulationIntermediateOutputRegister
level.active_instances_per_layer[0]: 864
level.temporal_iterations_per_layer[0]: 155664
Scaling per layer[0]: 134,493,696
Single Tile latency: cc_per_tile_per_layer[0]: 1
Ideal Case, Latency at this level without stalls: cc_per_all_tiles_per_layer[0]: 1
SCALED cc_per_all_tiles_per_layer[0]: 134,493,696
level.getReadPerLayer[0](): 149,437,440
  (For comparison - full reads including accumulation: 149,437,440)
ideal_bandwidth_read_per_layer[0]: 1.1111111111111112
level.getDrainPerLayer[0](): 14,943,744
ideal_bandwidth_drain_per_layer[0]: 0.1111111111111111
ideal_bandwidth_update_per_layer[0]: 1.0
  (For comparison - full updates including accumulation: 134,493,696)
level.getFillPerLayer[0](): 14,943,744
ideal_bandwidth_fill_per_layer[0]: 0.1111111111111111

Latency for layer: 1 of Level: AccumulationIntermediateOutputRegister
level.active_instances_per_layer[1]: 864
level.temporal_iterations_per_layer[1]: 4981248
Scaling per layer[1]: 4,303,798,272
Single Tile latency: cc_per_tile_per_layer[1]: 1
Ideal Case, Latency at this level without stalls: cc_per_all_tiles_per_layer[1]: 1
SCALED cc_per_all_tiles_per_layer[1]: 4,303,798,272
level.getReadPerLayer[1](): 4,303,798,272
  (For comparison - full reads including accumulation: 4,303,798,272)
ideal_bandwidth_read_per_layer[1]: 1.0
level.getDrainPerLayer[1](): 14,943,744
ideal_bandwidth_drain_per_layer[1]: 0.003472222222222222
ideal_bandwidth_update_per_layer[1]: 1.0
  (For comparison - full updates including accumulation: 4,303,798,272)
level.getFillPerLayer[1](): 14,943,744
ideal_bandwidth_fill_per_layer[1]: 0.003472222222222222

Latency for layer: 2 of Level: AccumulationIntermediateOutputRegister
level.active_instances_per_layer[2]: 864
level.temporal_iterations_per_layer[2]: 4981248
Scaling per layer[2]: 4,303,798,272
Single Tile latency: cc_per_tile_per_layer[2]: 1
Ideal Case, Latency at this level without stalls: cc_per_all_tiles_per_layer[2]: 1
SCALED cc_per_all_tiles_per_layer[2]: 4,303,798,272
level.getReadPerLayer[2](): 4,303,798,272
  (For comparison - full reads including accumulation: 4,303,798,272)
ideal_bandwidth_read_per_layer[2]: 1.0
level.getDrainPerLayer[2](): 14,943,744
ideal_bandwidth_drain_per_layer[2]: 0.003472222222222222
ideal_bandwidth_update_per_layer[2]: 1.0
  (For comparison - full updates including accumulation: 4,303,798,272)
level.getFillPerLayer[2](): 14,943,744
ideal_bandwidth_fill_per_layer[2]: 0.003472222222222222

Latency for layer: 3 of Level: AccumulationIntermediateOutputRegister
level.active_instances_per_layer[3]: 864
level.temporal_iterations_per_layer[3]: 4981248
Scaling per layer[3]: 4,303,798,272
Single Tile latency: cc_per_tile_per_layer[3]: 1
Ideal Case, Latency at this level without stalls: cc_per_all_tiles_per_layer[3]: 1
SCALED cc_per_all_tiles_per_layer[3]: 4,303,798,272
level.getReadPerLayer[3](): 0
  (For comparison - full reads including accumulation: 0)
ideal_bandwidth_read_per_layer[3]: 0.0
level.getDrainPerLayer[3](): 0
ideal_bandwidth_drain_per_layer[3]: 0.0
ideal_bandwidth_update_per_layer[3]: 0.0
  (For comparison - full updates including accumulation: 0)
level.getFillPerLayer[3](): 0
ideal_bandwidth_fill_per_layer[3]: 0.0

Start of calculation of latency:


Layer_id: 0 in AccumulationIntermediateOutputRegister

ideal_bandwidth_read_per_layer[0] + ideal_bandwidth_drain_per_layer[0]: 1.2222222222222223 vs level.read_bandwidth: 1
I am in Slowdown: Memory Bound
ideal_bandwidth_read_per_layer[0]: 1.1111111111111112
ideal_bandwidth_drain_per_layer[0]: 0.1111111111111111
level.read_bandwidth: 1
total data (for bandwidth): 164381184
scaling_per_layer[0]: 134493696
SLOWDOWN CASE latency_read_drain_per_layer[0]: 1.2222222222222223

ideal_bandwidth_fill_per_layer[0] + ideal_bandwidth_update_per_layer[0]: 1.1111111111111112 vs level.write_bandwidth: 1
ideal_bandwidth_fill_per_layer[0]: 0.1111111111111111
ideal_bandwidth_update_per_layer[0]: 1.0
level.write_bandwidth: 1
total data (for bandwidth): 149437440
scaling_per_layer[0]: 134493696
SLOWDOWN CASE latency_fill_update_per_layer[0]: 1.1111111111111112


Layer_id: 1 in AccumulationIntermediateOutputRegister

ideal_bandwidth_read_per_layer[1] + ideal_bandwidth_drain_per_layer[1]: 1.0034722222222223 vs level.read_bandwidth: 1
I am in Slowdown: Memory Bound
ideal_bandwidth_read_per_layer[1]: 1.0
ideal_bandwidth_drain_per_layer[1]: 0.003472222222222222
level.read_bandwidth: 1
total data (for bandwidth): 4318742016
scaling_per_layer[1]: 4303798272
SLOWDOWN CASE latency_read_drain_per_layer[1]: 1.0034722222222223

ideal_bandwidth_fill_per_layer[1] + ideal_bandwidth_update_per_layer[1]: 1.0034722222222223 vs level.write_bandwidth: 1
ideal_bandwidth_fill_per_layer[1]: 0.003472222222222222
ideal_bandwidth_update_per_layer[1]: 1.0
level.write_bandwidth: 1
total data (for bandwidth): 4318742016
scaling_per_layer[1]: 4303798272
SLOWDOWN CASE latency_fill_update_per_layer[1]: 1.0034722222222223


Layer_id: 2 in AccumulationIntermediateOutputRegister

ideal_bandwidth_read_per_layer[2] + ideal_bandwidth_drain_per_layer[2]: 1.0034722222222223 vs level.read_bandwidth: 1
I am in Slowdown: Memory Bound
ideal_bandwidth_read_per_layer[2]: 1.0
ideal_bandwidth_drain_per_layer[2]: 0.003472222222222222
level.read_bandwidth: 1
total data (for bandwidth): 4318742016
scaling_per_layer[2]: 4303798272
SLOWDOWN CASE latency_read_drain_per_layer[2]: 1.0034722222222223

ideal_bandwidth_fill_per_layer[2] + ideal_bandwidth_update_per_layer[2]: 1.0034722222222223 vs level.write_bandwidth: 1
ideal_bandwidth_fill_per_layer[2]: 0.003472222222222222
ideal_bandwidth_update_per_layer[2]: 1.0
level.write_bandwidth: 1
total data (for bandwidth): 4318742016
scaling_per_layer[2]: 4303798272
SLOWDOWN CASE latency_fill_update_per_layer[2]: 1.0034722222222223


Layer_id: 3 in AccumulationIntermediateOutputRegister

ideal_bandwidth_read_per_layer[3] + ideal_bandwidth_drain_per_layer[3]: 0.0 vs level.read_bandwidth: 1
I am in Compute Bound
cc_per_all_tiles_per_layer[3]: 1
STANDARD CASE latency_read_drain_per_layer[3]: 1

ideal_bandwidth_fill_per_layer[3] + ideal_bandwidth_update_per_layer[3]: 0.0 vs level.write_bandwidth: 1
previous_fanout_pe_to_pe_warmup: 0
STANDARD CASE latency_fill_update_per_layer[3]: 1

End of calculation of latency.

Calculating per tile final latency and stall for layer 0 in AccumulationIntermediateOutputRegister: latency_read_drain_per_layer[0] = 1.2222222222222223, latency_fill_update_per_layer[0] = 1.1111111111111112
Final per tile latency_per_layer[0]: 1
Final per tile stall_cycles_per_layer[0]: 0
Ideal case: no stall introduced by this level per this layer: cc_per_all_tiles_per_layer[0]: 1
Calculating per tile final latency and stall for layer 1 in AccumulationIntermediateOutputRegister: latency_read_drain_per_layer[1] = 1.0034722222222223, latency_fill_update_per_layer[1] = 1.0034722222222223
Final per tile latency_per_layer[1]: 1
Final per tile stall_cycles_per_layer[1]: 0
Ideal case: no stall introduced by this level per this layer: cc_per_all_tiles_per_layer[1]: 1
Calculating per tile final latency and stall for layer 2 in AccumulationIntermediateOutputRegister: latency_read_drain_per_layer[2] = 1.0034722222222223, latency_fill_update_per_layer[2] = 1.0034722222222223
Final per tile latency_per_layer[2]: 1
Final per tile stall_cycles_per_layer[2]: 0
Ideal case: no stall introduced by this level per this layer: cc_per_all_tiles_per_layer[2]: 1
Calculating per tile final latency and stall for layer 3 in AccumulationIntermediateOutputRegister: latency_read_drain_per_layer[3] = 1, latency_fill_update_per_layer[3] = 1
Final per tile latency_per_layer[3]: 1
Final per tile stall_cycles_per_layer[3]: 0
Ideal case: no stall introduced by this level per this layer: cc_per_all_tiles_per_layer[3]: 1


Calculating Latency for Level: WeightRegister

Latency for layer: 0 of Level: WeightRegister
level.active_instances_per_layer[0]: 864
level.temporal_iterations_per_layer[0]: 155664
Scaling per layer[0]: 134,493,696
Single Tile latency: cc_per_tile_per_layer[0]: 1.2222222222222223
Ideal Case, Latency at this level without stalls: cc_per_all_tiles_per_layer[0]: 1.2222222222222223
SCALED cc_per_all_tiles_per_layer[0]: 164,381,184
level.getReadPerLayer[0](): 134,493,696
  (For comparison - full reads including accumulation: 134,493,696)
ideal_bandwidth_read_per_layer[0]: 0.8181818181818182
level.getDrainPerLayer[0](): 0
ideal_bandwidth_drain_per_layer[0]: 0.0
ideal_bandwidth_update_per_layer[0]: 0.0
  (For comparison - full updates including accumulation: 0)
level.getFillPerLayer[0](): 134,493,696
ideal_bandwidth_fill_per_layer[0]: 0.8181818181818182

Latency for layer: 1 of Level: WeightRegister
level.active_instances_per_layer[1]: 864
level.temporal_iterations_per_layer[1]: 4981248
Scaling per layer[1]: 4,303,798,272
Single Tile latency: cc_per_tile_per_layer[1]: 1.0034722222222223
Ideal Case, Latency at this level without stalls: cc_per_all_tiles_per_layer[1]: 1.0034722222222223
SCALED cc_per_all_tiles_per_layer[1]: 4,318,742,016
level.getReadPerLayer[1](): 4,303,798,272
  (For comparison - full reads including accumulation: 4,303,798,272)
ideal_bandwidth_read_per_layer[1]: 0.9965397923875432
level.getDrainPerLayer[1](): 0
ideal_bandwidth_drain_per_layer[1]: 0.0
ideal_bandwidth_update_per_layer[1]: 0.0
  (For comparison - full updates including accumulation: 0)
level.getFillPerLayer[1](): 4,303,798,272
ideal_bandwidth_fill_per_layer[1]: 0.9965397923875432

Latency for layer: 2 of Level: WeightRegister
level.active_instances_per_layer[2]: 864
level.temporal_iterations_per_layer[2]: 4981248
Scaling per layer[2]: 4,303,798,272
Single Tile latency: cc_per_tile_per_layer[2]: 1.0034722222222223
Ideal Case, Latency at this level without stalls: cc_per_all_tiles_per_layer[2]: 1.0034722222222223
SCALED cc_per_all_tiles_per_layer[2]: 4,318,742,016
level.getReadPerLayer[2](): 4,303,798,272
  (For comparison - full reads including accumulation: 4,303,798,272)
ideal_bandwidth_read_per_layer[2]: 0.9965397923875432
level.getDrainPerLayer[2](): 0
ideal_bandwidth_drain_per_layer[2]: 0.0
ideal_bandwidth_update_per_layer[2]: 0.0
  (For comparison - full updates including accumulation: 0)
level.getFillPerLayer[2](): 4,303,798,272
ideal_bandwidth_fill_per_layer[2]: 0.9965397923875432

Latency for layer: 3 of Level: WeightRegister
level.active_instances_per_layer[3]: 864
level.temporal_iterations_per_layer[3]: 4981248
Scaling per layer[3]: 4,303,798,272
Single Tile latency: cc_per_tile_per_layer[3]: 1
Ideal Case, Latency at this level without stalls: cc_per_all_tiles_per_layer[3]: 1
SCALED cc_per_all_tiles_per_layer[3]: 4,303,798,272
level.getReadPerLayer[3](): 4,303,798,272
  (For comparison - full reads including accumulation: 4,303,798,272)
ideal_bandwidth_read_per_layer[3]: 1.0
level.getDrainPerLayer[3](): 0
ideal_bandwidth_drain_per_layer[3]: 0.0
ideal_bandwidth_update_per_layer[3]: 0.0
  (For comparison - full updates including accumulation: 0)
level.getFillPerLayer[3](): 4,303,798,272
ideal_bandwidth_fill_per_layer[3]: 1.0

Start of calculation of latency:


Layer_id: 0 in WeightRegister

ideal_bandwidth_read_per_layer[0] + ideal_bandwidth_drain_per_layer[0]: 0.8181818181818182 vs level.read_bandwidth: 1
I am in Compute Bound
cc_per_all_tiles_per_layer[0]: 1.2222222222222223
STANDARD CASE latency_read_drain_per_layer[0]: 1.2222222222222223

ideal_bandwidth_fill_per_layer[0] + ideal_bandwidth_update_per_layer[0]: 0.8181818181818182 vs level.write_bandwidth: 1
previous_fanout_pe_to_pe_warmup: 0
STANDARD CASE latency_fill_update_per_layer[0]: 1.2222222222222223


Layer_id: 1 in WeightRegister

ideal_bandwidth_read_per_layer[1] + ideal_bandwidth_drain_per_layer[1]: 0.9965397923875432 vs level.read_bandwidth: 1
I am in Compute Bound
cc_per_all_tiles_per_layer[1]: 1.0034722222222223
STANDARD CASE latency_read_drain_per_layer[1]: 1.0034722222222223

ideal_bandwidth_fill_per_layer[1] + ideal_bandwidth_update_per_layer[1]: 0.9965397923875432 vs level.write_bandwidth: 1
previous_fanout_pe_to_pe_warmup: 0
STANDARD CASE latency_fill_update_per_layer[1]: 1.0034722222222223


Layer_id: 2 in WeightRegister

ideal_bandwidth_read_per_layer[2] + ideal_bandwidth_drain_per_layer[2]: 0.9965397923875432 vs level.read_bandwidth: 1
I am in Compute Bound
cc_per_all_tiles_per_layer[2]: 1.0034722222222223
STANDARD CASE latency_read_drain_per_layer[2]: 1.0034722222222223

ideal_bandwidth_fill_per_layer[2] + ideal_bandwidth_update_per_layer[2]: 0.9965397923875432 vs level.write_bandwidth: 1
previous_fanout_pe_to_pe_warmup: 0
STANDARD CASE latency_fill_update_per_layer[2]: 1.0034722222222223


Layer_id: 3 in WeightRegister

ideal_bandwidth_read_per_layer[3] + ideal_bandwidth_drain_per_layer[3]: 1.0 vs level.read_bandwidth: 1
I am in Compute Bound
cc_per_all_tiles_per_layer[3]: 1
STANDARD CASE latency_read_drain_per_layer[3]: 1

ideal_bandwidth_fill_per_layer[3] + ideal_bandwidth_update_per_layer[3]: 1.0 vs level.write_bandwidth: 1
previous_fanout_pe_to_pe_warmup: 0
STANDARD CASE latency_fill_update_per_layer[3]: 1

End of calculation of latency.

Calculating per tile final latency and stall for layer 0 in WeightRegister: latency_read_drain_per_layer[0] = 1.2222222222222223, latency_fill_update_per_layer[0] = 1.2222222222222223
Final per tile latency_per_layer[0]: 1
Final per tile stall_cycles_per_layer[0]: 0
Ideal case: no stall introduced by this level per this layer: cc_per_all_tiles_per_layer[0]: 1
Calculating per tile final latency and stall for layer 1 in WeightRegister: latency_read_drain_per_layer[1] = 1.0034722222222223, latency_fill_update_per_layer[1] = 1.0034722222222223
Final per tile latency_per_layer[1]: 1
Final per tile stall_cycles_per_layer[1]: 0
Ideal case: no stall introduced by this level per this layer: cc_per_all_tiles_per_layer[1]: 1
Calculating per tile final latency and stall for layer 2 in WeightRegister: latency_read_drain_per_layer[2] = 1.0034722222222223, latency_fill_update_per_layer[2] = 1.0034722222222223
Final per tile latency_per_layer[2]: 1
Final per tile stall_cycles_per_layer[2]: 0
Ideal case: no stall introduced by this level per this layer: cc_per_all_tiles_per_layer[2]: 1
Calculating per tile final latency and stall for layer 3 in WeightRegister: latency_read_drain_per_layer[3] = 1, latency_fill_update_per_layer[3] = 1
Final per tile latency_per_layer[3]: 1
Final per tile stall_cycles_per_layer[3]: 0
Ideal case: no stall introduced by this level per this layer: cc_per_all_tiles_per_layer[3]: 1


Calculating Latency for Level: WeightMemory

Latency for layer: 0 of Level: WeightMemory
level.active_instances_per_layer[0]: 1
level.temporal_iterations_per_layer[0]: 8648
Scaling per layer[0]: 8,648
Single Tile latency: cc_per_tile_per_layer[0]: 1.2222222222222223
Ideal Case, Latency at this level without stalls: cc_per_all_tiles_per_layer[0]: 22.0
SCALED cc_per_all_tiles_per_layer[0]: 190,256
level.getReadPerLayer[0](): 2,490,624
  (For comparison - full reads including accumulation: 2,490,624)
ideal_bandwidth_read_per_layer[0]: 13.090909090909092
level.getDrainPerLayer[0](): 0
ideal_bandwidth_drain_per_layer[0]: 0.0
ideal_bandwidth_update_per_layer[0]: 0.0
  (For comparison - full updates including accumulation: 0)
level.getFillPerLayer[0](): 288
ideal_bandwidth_fill_per_layer[0]: 0.0015137498948784795

Latency for layer: 1 of Level: WeightMemory
level.active_instances_per_layer[1]: 1
level.temporal_iterations_per_layer[1]: 8648
Scaling per layer[1]: 8,648
Single Tile latency: cc_per_tile_per_layer[1]: 1.0034722222222223
Ideal Case, Latency at this level without stalls: cc_per_all_tiles_per_layer[1]: 578.0
SCALED cc_per_all_tiles_per_layer[1]: 4,998,544
level.getReadPerLayer[1](): 79,699,968
  (For comparison - full reads including accumulation: 79,699,968)
ideal_bandwidth_read_per_layer[1]: 15.944636678200691
level.getDrainPerLayer[1](): 0
ideal_bandwidth_drain_per_layer[1]: 0.0
ideal_bandwidth_update_per_layer[1]: 0.0
  (For comparison - full updates including accumulation: 0)
level.getFillPerLayer[1](): 9,216
ideal_bandwidth_fill_per_layer[1]: 0.0018437368961841689

Latency for layer: 2 of Level: WeightMemory
level.active_instances_per_layer[2]: 1
level.temporal_iterations_per_layer[2]: 8648
Scaling per layer[2]: 8,648
Single Tile latency: cc_per_tile_per_layer[2]: 1.0034722222222223
Ideal Case, Latency at this level without stalls: cc_per_all_tiles_per_layer[2]: 578.0
SCALED cc_per_all_tiles_per_layer[2]: 4,998,544
level.getReadPerLayer[2](): 79,699,968
  (For comparison - full reads including accumulation: 79,699,968)
ideal_bandwidth_read_per_layer[2]: 15.944636678200691
level.getDrainPerLayer[2](): 0
ideal_bandwidth_drain_per_layer[2]: 0.0
ideal_bandwidth_update_per_layer[2]: 0.0
  (For comparison - full updates including accumulation: 0)
level.getFillPerLayer[2](): 9,216
ideal_bandwidth_fill_per_layer[2]: 0.0018437368961841689

Latency for layer: 3 of Level: WeightMemory
level.active_instances_per_layer[3]: 1
level.temporal_iterations_per_layer[3]: 8648
Scaling per layer[3]: 8,648
Single Tile latency: cc_per_tile_per_layer[3]: 1
Ideal Case, Latency at this level without stalls: cc_per_all_tiles_per_layer[3]: 576
SCALED cc_per_all_tiles_per_layer[3]: 4,981,248
level.getReadPerLayer[3](): 79,699,968
  (For comparison - full reads including accumulation: 79,699,968)
ideal_bandwidth_read_per_layer[3]: 16.0
level.getDrainPerLayer[3](): 0
ideal_bandwidth_drain_per_layer[3]: 0.0
ideal_bandwidth_update_per_layer[3]: 0.0
  (For comparison - full updates including accumulation: 0)
level.getFillPerLayer[3](): 9,216
ideal_bandwidth_fill_per_layer[3]: 0.0018501387604070306

Start of calculation of latency:


Layer_id: 0 in WeightMemory

ideal_bandwidth_read_per_layer[0] + ideal_bandwidth_drain_per_layer[0]: 13.090909090909092 vs level.read_bandwidth: 16
I am in Compute Bound
cc_per_all_tiles_per_layer[0]: 22.0
STANDARD CASE latency_read_drain_per_layer[0]: 22.0

ideal_bandwidth_fill_per_layer[0] + ideal_bandwidth_update_per_layer[0]: 0.0015137498948784795 vs level.write_bandwidth: 16
previous_fanout_pe_to_pe_warmup: 0
STANDARD CASE latency_fill_update_per_layer[0]: 22.0


Layer_id: 1 in WeightMemory

ideal_bandwidth_read_per_layer[1] + ideal_bandwidth_drain_per_layer[1]: 15.944636678200691 vs level.read_bandwidth: 16
I am in Compute Bound
cc_per_all_tiles_per_layer[1]: 578.0
STANDARD CASE latency_read_drain_per_layer[1]: 578.0

ideal_bandwidth_fill_per_layer[1] + ideal_bandwidth_update_per_layer[1]: 0.0018437368961841689 vs level.write_bandwidth: 16
previous_fanout_pe_to_pe_warmup: 0
STANDARD CASE latency_fill_update_per_layer[1]: 578.0


Layer_id: 2 in WeightMemory

ideal_bandwidth_read_per_layer[2] + ideal_bandwidth_drain_per_layer[2]: 15.944636678200691 vs level.read_bandwidth: 16
I am in Compute Bound
cc_per_all_tiles_per_layer[2]: 578.0
STANDARD CASE latency_read_drain_per_layer[2]: 578.0

ideal_bandwidth_fill_per_layer[2] + ideal_bandwidth_update_per_layer[2]: 0.0018437368961841689 vs level.write_bandwidth: 16
previous_fanout_pe_to_pe_warmup: 0
STANDARD CASE latency_fill_update_per_layer[2]: 578.0


Layer_id: 3 in WeightMemory

ideal_bandwidth_read_per_layer[3] + ideal_bandwidth_drain_per_layer[3]: 16.0 vs level.read_bandwidth: 16
I am in Compute Bound
cc_per_all_tiles_per_layer[3]: 576
STANDARD CASE latency_read_drain_per_layer[3]: 576

ideal_bandwidth_fill_per_layer[3] + ideal_bandwidth_update_per_layer[3]: 0.0018501387604070306 vs level.write_bandwidth: 16
previous_fanout_pe_to_pe_warmup: 0
STANDARD CASE latency_fill_update_per_layer[3]: 576

End of calculation of latency.

Calculating per tile final latency and stall for layer 0 in WeightMemory: latency_read_drain_per_layer[0] = 22.0, latency_fill_update_per_layer[0] = 22.0
Final per tile latency_per_layer[0]: 22
Final per tile stall_cycles_per_layer[0]: 0
Ideal case: no stall introduced by this level per this layer: cc_per_all_tiles_per_layer[0]: 22
Calculating per tile final latency and stall for layer 1 in WeightMemory: latency_read_drain_per_layer[1] = 578.0, latency_fill_update_per_layer[1] = 578.0
Final per tile latency_per_layer[1]: 578
Final per tile stall_cycles_per_layer[1]: 0
Ideal case: no stall introduced by this level per this layer: cc_per_all_tiles_per_layer[1]: 578
Calculating per tile final latency and stall for layer 2 in WeightMemory: latency_read_drain_per_layer[2] = 578.0, latency_fill_update_per_layer[2] = 578.0
Final per tile latency_per_layer[2]: 578
Final per tile stall_cycles_per_layer[2]: 0
Ideal case: no stall introduced by this level per this layer: cc_per_all_tiles_per_layer[2]: 578
Calculating per tile final latency and stall for layer 3 in WeightMemory: latency_read_drain_per_layer[3] = 576, latency_fill_update_per_layer[3] = 576
Final per tile latency_per_layer[3]: 576
Final per tile stall_cycles_per_layer[3]: 0
Ideal case: no stall introduced by this level per this layer: cc_per_all_tiles_per_layer[3]: 576


Calculating Latency for Level: FeatureMemory

Latency for layer: 0 of Level: FeatureMemory
level.active_instances_per_layer[0]: 1
level.temporal_iterations_per_layer[0]: 8648
Scaling per layer[0]: 8,648
Single Tile latency: cc_per_tile_per_layer[0]: 22.0
Ideal Case, Latency at this level without stalls: cc_per_all_tiles_per_layer[0]: 22.0
SCALED cc_per_all_tiles_per_layer[0]: 190,256
level.getReadPerLayer[0](): 16,624,915
  (For comparison - full reads including accumulation: 16,624,915)
ideal_bandwidth_read_per_layer[0]: 87.38181818181818
level.getDrainPerLayer[0](): 0
ideal_bandwidth_drain_per_layer[0]: 0.0
ideal_bandwidth_update_per_layer[0]: 78.54545454545455
  (For comparison - full updates including accumulation: 14,943,744)
level.getFillPerLayer[0](): 466,992
ideal_bandwidth_fill_per_layer[0]: 2.4545454545454546

Latency for layer: 1 of Level: FeatureMemory
level.active_instances_per_layer[1]: 1
level.temporal_iterations_per_layer[1]: 8648
Scaling per layer[1]: 8,648
Single Tile latency: cc_per_tile_per_layer[1]: 578.0
Ideal Case, Latency at this level without stalls: cc_per_all_tiles_per_layer[1]: 578.0
SCALED cc_per_all_tiles_per_layer[1]: 4,998,544
level.getReadPerLayer[1](): 68,741,222
  (For comparison - full reads including accumulation: 68,741,222)
ideal_bandwidth_read_per_layer[1]: 13.752249134948098
level.getDrainPerLayer[1](): 0
ideal_bandwidth_drain_per_layer[1]: 0.0
ideal_bandwidth_update_per_layer[1]: 2.98961937716263
  (For comparison - full updates including accumulation: 14,943,744)
level.getFillPerLayer[1](): 0
ideal_bandwidth_fill_per_layer[1]: 0.0

Latency for layer: 2 of Level: FeatureMemory
level.active_instances_per_layer[2]: 1
level.temporal_iterations_per_layer[2]: 8648
Scaling per layer[2]: 8,648
Single Tile latency: cc_per_tile_per_layer[2]: 578.0
Ideal Case, Latency at this level without stalls: cc_per_all_tiles_per_layer[2]: 578.0
SCALED cc_per_all_tiles_per_layer[2]: 4,998,544
level.getReadPerLayer[2](): 68,741,222
  (For comparison - full reads including accumulation: 68,741,222)
ideal_bandwidth_read_per_layer[2]: 13.752249134948098
level.getDrainPerLayer[2](): 0
ideal_bandwidth_drain_per_layer[2]: 0.0
ideal_bandwidth_update_per_layer[2]: 2.98961937716263
  (For comparison - full updates including accumulation: 14,943,744)
level.getFillPerLayer[2](): 0
ideal_bandwidth_fill_per_layer[2]: 0.0

Latency for layer: 3 of Level: FeatureMemory
level.active_instances_per_layer[3]: 1
level.temporal_iterations_per_layer[3]: 8648
Scaling per layer[3]: 8,648
Single Tile latency: cc_per_tile_per_layer[3]: 576
Ideal Case, Latency at this level without stalls: cc_per_all_tiles_per_layer[3]: 576
SCALED cc_per_all_tiles_per_layer[3]: 4,981,248
level.getReadPerLayer[3](): 53,797,478
  (For comparison - full reads including accumulation: 53,797,478)
ideal_bandwidth_read_per_layer[3]: 10.799999999999999
level.getDrainPerLayer[3](): 14,943,744
ideal_bandwidth_drain_per_layer[3]: 3.0
ideal_bandwidth_update_per_layer[3]: 3.0
  (For comparison - full updates including accumulation: 14,943,744)
level.getFillPerLayer[3](): 0
ideal_bandwidth_fill_per_layer[3]: 0.0

Start of calculation of latency:
I am in FeatureMemory level, so I use different formula for latency calculation


Layer_id: 0 in FeatureMemory

scaling_per_layer[0]: 8648
I AM HERE total_data_rd: 16624915
latency_per_layer[0]: 28.485511188433833, latency_read_drain_per_layer[0]: 14.563636188433831, latency_fill_update_per_layer[0]: 13.921875
Total latency so far: 28.485511188433833


Layer_id: 1 in FeatureMemory

scaling_per_layer[1]: 8648
I AM HERE total_data_rd: 68741222
latency_per_layer[1]: 73.71818146777676, latency_read_drain_per_layer[1]: 60.21818146777675, latency_fill_update_per_layer[1]: 13.5
Total latency so far: 102.20369265621059


Layer_id: 2 in FeatureMemory

scaling_per_layer[2]: 8648
I AM HERE total_data_rd: 68741222
latency_per_layer[2]: 73.71818146777676, latency_read_drain_per_layer[2]: 60.21818146777675, latency_fill_update_per_layer[2]: 13.5
Total latency so far: 175.92187412398735


Layer_id: 3 in FeatureMemory

scaling_per_layer[3]: 8648
I AM HERE total_data_rd: 68741222
latency_per_layer[3]: 73.71818146777676, latency_read_drain_per_layer[3]: 60.21818146777675, latency_fill_update_per_layer[3]: 13.5
Total latency so far: 249.6400555917641

End of calculation of latency.

Calculating per tile final latency and stall for layer 0 in FeatureMemory: latency_read_drain_per_layer[0] = 14.563636188433831, latency_fill_update_per_layer[0] = 13.921875
Final per tile latency_per_layer[0]: 28
Final per tile stall_cycles_per_layer[0]: 6
Ideal case: no stall introduced by this level per this layer: cc_per_all_tiles_per_layer[0]: 22
Calculating per tile final latency and stall for layer 1 in FeatureMemory: latency_read_drain_per_layer[1] = 60.21818146777675, latency_fill_update_per_layer[1] = 13.5
Final per tile latency_per_layer[1]: 578
Final per tile stall_cycles_per_layer[1]: 0
Ideal case: no stall introduced by this level per this layer: cc_per_all_tiles_per_layer[1]: 578
Calculating per tile final latency and stall for layer 2 in FeatureMemory: latency_read_drain_per_layer[2] = 60.21818146777675, latency_fill_update_per_layer[2] = 13.5
Final per tile latency_per_layer[2]: 578
Final per tile stall_cycles_per_layer[2]: 0
Ideal case: no stall introduced by this level per this layer: cc_per_all_tiles_per_layer[2]: 578
Calculating per tile final latency and stall for layer 3 in FeatureMemory: latency_read_drain_per_layer[3] = 60.21818146777675, latency_fill_update_per_layer[3] = 13.5
Final per tile latency_per_layer[3]: 576
Final per tile stall_cycles_per_layer[3]: 0
Ideal case: no stall introduced by this level per this layer: cc_per_all_tiles_per_layer[3]: 576


Calculating Latency for Level: DRAM

Latency for layer: 0 of Level: DRAM
level.active_instances_per_layer[0]: 1
level.temporal_iterations_per_layer[0]: 1
Scaling per layer[0]: 1
Single Tile latency: cc_per_tile_per_layer[0]: 28.485511188433833
Ideal Case, Latency at this level without stalls: cc_per_all_tiles_per_layer[0]: 246342.70075757577
SCALED cc_per_all_tiles_per_layer[0]: 246,343
level.getReadPerLayer[0](): 467,280
  (For comparison - full reads including accumulation: 467,280)
ideal_bandwidth_read_per_layer[0]: 1.8968696801771576
level.getDrainPerLayer[0](): 0
ideal_bandwidth_drain_per_layer[0]: 0.0
ideal_bandwidth_update_per_layer[0]: 0.0
  (For comparison - full updates including accumulation: 0)
level.getFillPerLayer[0](): 0
ideal_bandwidth_fill_per_layer[0]: 0.0

Latency for layer: 1 of Level: DRAM
level.active_instances_per_layer[1]: 1
level.temporal_iterations_per_layer[1]: 1
Scaling per layer[1]: 1
Single Tile latency: cc_per_tile_per_layer[1]: 578.0
Ideal Case, Latency at this level without stalls: cc_per_all_tiles_per_layer[1]: 4998544.0
SCALED cc_per_all_tiles_per_layer[1]: 4,998,544
level.getReadPerLayer[1](): 9,216
  (For comparison - full reads including accumulation: 9,216)
ideal_bandwidth_read_per_layer[1]: 0.0018437368961841689
level.getDrainPerLayer[1](): 0
ideal_bandwidth_drain_per_layer[1]: 0.0
ideal_bandwidth_update_per_layer[1]: 0.0
  (For comparison - full updates including accumulation: 0)
level.getFillPerLayer[1](): 0
ideal_bandwidth_fill_per_layer[1]: 0.0

Latency for layer: 2 of Level: DRAM
level.active_instances_per_layer[2]: 1
level.temporal_iterations_per_layer[2]: 1
Scaling per layer[2]: 1
Single Tile latency: cc_per_tile_per_layer[2]: 578.0
Ideal Case, Latency at this level without stalls: cc_per_all_tiles_per_layer[2]: 4998544.0
SCALED cc_per_all_tiles_per_layer[2]: 4,998,544
level.getReadPerLayer[2](): 9,216
  (For comparison - full reads including accumulation: 9,216)
ideal_bandwidth_read_per_layer[2]: 0.0018437368961841689
level.getDrainPerLayer[2](): 0
ideal_bandwidth_drain_per_layer[2]: 0.0
ideal_bandwidth_update_per_layer[2]: 0.0
  (For comparison - full updates including accumulation: 0)
level.getFillPerLayer[2](): 0
ideal_bandwidth_fill_per_layer[2]: 0.0

Latency for layer: 3 of Level: DRAM
level.active_instances_per_layer[3]: 1
level.temporal_iterations_per_layer[3]: 1
Scaling per layer[3]: 1
Single Tile latency: cc_per_tile_per_layer[3]: 576
Ideal Case, Latency at this level without stalls: cc_per_all_tiles_per_layer[3]: 4981248
SCALED cc_per_all_tiles_per_layer[3]: 4,981,248
level.getReadPerLayer[3](): 9,216
  (For comparison - full reads including accumulation: 9,216)
ideal_bandwidth_read_per_layer[3]: 0.0018501387604070306
level.getDrainPerLayer[3](): 0
ideal_bandwidth_drain_per_layer[3]: 0.0
ideal_bandwidth_update_per_layer[3]: 3.0
  (For comparison - full updates including accumulation: 14,943,744)
level.getFillPerLayer[3](): 0
ideal_bandwidth_fill_per_layer[3]: 0.0

Start of calculation of latency:


Layer_id: 0 in DRAM

ideal_bandwidth_read_per_layer[0] + ideal_bandwidth_drain_per_layer[0]: 1.8968696801771576 vs level.read_bandwidth: 12
I am in Compute Bound
cc_per_all_tiles_per_layer[0]: 246342.70075757577
STANDARD CASE latency_read_drain_per_layer[0]: 246342.70075757577

ideal_bandwidth_fill_per_layer[0] + ideal_bandwidth_update_per_layer[0]: 0.0 vs level.write_bandwidth: 12
previous_fanout_pe_to_pe_warmup: 0
STANDARD CASE latency_fill_update_per_layer[0]: 246342.70075757577


Layer_id: 1 in DRAM

ideal_bandwidth_read_per_layer[1] + ideal_bandwidth_drain_per_layer[1]: 0.0018437368961841689 vs level.read_bandwidth: 12
I am in Compute Bound
cc_per_all_tiles_per_layer[1]: 4998544.0
STANDARD CASE latency_read_drain_per_layer[1]: 4998544.0

ideal_bandwidth_fill_per_layer[1] + ideal_bandwidth_update_per_layer[1]: 0.0 vs level.write_bandwidth: 12
previous_fanout_pe_to_pe_warmup: 0
STANDARD CASE latency_fill_update_per_layer[1]: 4998544.0


Layer_id: 2 in DRAM

ideal_bandwidth_read_per_layer[2] + ideal_bandwidth_drain_per_layer[2]: 0.0018437368961841689 vs level.read_bandwidth: 12
I am in Compute Bound
cc_per_all_tiles_per_layer[2]: 4998544.0
STANDARD CASE latency_read_drain_per_layer[2]: 4998544.0

ideal_bandwidth_fill_per_layer[2] + ideal_bandwidth_update_per_layer[2]: 0.0 vs level.write_bandwidth: 12
previous_fanout_pe_to_pe_warmup: 0
STANDARD CASE latency_fill_update_per_layer[2]: 4998544.0


Layer_id: 3 in DRAM

ideal_bandwidth_read_per_layer[3] + ideal_bandwidth_drain_per_layer[3]: 0.0018501387604070306 vs level.read_bandwidth: 12
I am in Compute Bound
cc_per_all_tiles_per_layer[3]: 4981248
STANDARD CASE latency_read_drain_per_layer[3]: 4981248

ideal_bandwidth_fill_per_layer[3] + ideal_bandwidth_update_per_layer[3]: 3.0 vs level.write_bandwidth: 12
previous_fanout_pe_to_pe_warmup: 0
STANDARD CASE latency_fill_update_per_layer[3]: 4981248

End of calculation of latency.

Calculating per tile final latency and stall for layer 0 in DRAM: latency_read_drain_per_layer[0] = 246342.70075757577, latency_fill_update_per_layer[0] = 246342.70075757577
Final per tile latency_per_layer[0]: 246,343
Final per tile stall_cycles_per_layer[0]: 0
Ideal case: no stall introduced by this level per this layer: cc_per_all_tiles_per_layer[0]: 246,343
Calculating per tile final latency and stall for layer 1 in DRAM: latency_read_drain_per_layer[1] = 4998544.0, latency_fill_update_per_layer[1] = 4998544.0
Final per tile latency_per_layer[1]: 4,998,544
Final per tile stall_cycles_per_layer[1]: 0
Ideal case: no stall introduced by this level per this layer: cc_per_all_tiles_per_layer[1]: 4,998,544
Calculating per tile final latency and stall for layer 2 in DRAM: latency_read_drain_per_layer[2] = 4998544.0, latency_fill_update_per_layer[2] = 4998544.0
Final per tile latency_per_layer[2]: 4,998,544
Final per tile stall_cycles_per_layer[2]: 0
Ideal case: no stall introduced by this level per this layer: cc_per_all_tiles_per_layer[2]: 4,998,544
Calculating per tile final latency and stall for layer 3 in DRAM: latency_read_drain_per_layer[3] = 4981248, latency_fill_update_per_layer[3] = 4981248
Final per tile latency_per_layer[3]: 4,981,248
Final per tile stall_cycles_per_layer[3]: 0
Ideal case: no stall introduced by this level per this layer: cc_per_all_tiles_per_layer[3]: 4,981,248


Final WMOPs and Latency calculation for Level: DRAM
Level: DRAM, Layer: 0
max_latency_per_layer[0]: 0 before update
level.getSettedLatencyPerLayer[0](): 246,343
Level: DRAM, Layer: 1
max_latency_per_layer[1]: 0 before update
level.getSettedLatencyPerLayer[1](): 4,998,544
Level: DRAM, Layer: 2
max_latency_per_layer[2]: 0 before update
level.getSettedLatencyPerLayer[2](): 4,998,544
Level: DRAM, Layer: 3
max_latency_per_layer[3]: 0 before update
level.getSettedLatencyPerLayer[3](): 4,981,248
Level DRAM: Thesis_4Layers_534528KB_FMEM_16x64_PEs, max_latency (sequential layers): 15,224,679


Final WMOPs and Latency calculation for Level: FeatureMemory
Level: FeatureMemory, Layer: 0
max_latency_per_layer[0]: 246,343 before update
level.getSettedLatencyPerLayer[0](): 15
Level: FeatureMemory, Layer: 1
max_latency_per_layer[1]: 4,998,544 before update
level.getSettedLatencyPerLayer[1](): 60
Level: FeatureMemory, Layer: 2
max_latency_per_layer[2]: 4,998,544 before update
level.getSettedLatencyPerLayer[2](): 60
Level: FeatureMemory, Layer: 3
max_latency_per_layer[3]: 4,981,248 before update
level.getSettedLatencyPerLayer[3](): 520,767
Level FeatureMemory: Thesis_4Layers_534528KB_FMEM_16x64_PEs, max_latency (sequential layers): 15,224,679


Final WMOPs and Latency calculation for Level: WeightMemory
Level: WeightMemory, Layer: 0
max_latency_per_layer[0]: 246,343 before update
level.getSettedLatencyPerLayer[0](): 22
Level: WeightMemory, Layer: 1
max_latency_per_layer[1]: 4,998,544 before update
level.getSettedLatencyPerLayer[1](): 578
Level: WeightMemory, Layer: 2
max_latency_per_layer[2]: 4,998,544 before update
level.getSettedLatencyPerLayer[2](): 578
Level: WeightMemory, Layer: 3
max_latency_per_layer[3]: 4,981,248 before update
level.getSettedLatencyPerLayer[3](): 4,981,248
Level WeightMemory: Thesis_4Layers_534528KB_FMEM_16x64_PEs, max_latency (sequential layers): 15,224,679


Final WMOPs and Latency calculation for Level: SACols_3


Final WMOPs and Latency calculation for Level: SARows_3


Final WMOPs and Latency calculation for Level: SACols_2


Final WMOPs and Latency calculation for Level: SARows_2


Final WMOPs and Latency calculation for Level: SACols_1


Final WMOPs and Latency calculation for Level: SARows_1


Final WMOPs and Latency calculation for Level: SACols_0


Final WMOPs and Latency calculation for Level: SARows_0


Final WMOPs and Latency calculation for Level: WeightRegister
Level: WeightRegister, Layer: 0
max_latency_per_layer[0]: 246,343 before update
level.getSettedLatencyPerLayer[0](): 1
Level: WeightRegister, Layer: 1
max_latency_per_layer[1]: 4,998,544 before update
level.getSettedLatencyPerLayer[1](): 1
Level: WeightRegister, Layer: 2
max_latency_per_layer[2]: 4,998,544 before update
level.getSettedLatencyPerLayer[2](): 1
Level: WeightRegister, Layer: 3
max_latency_per_layer[3]: 4,981,248 before update
level.getSettedLatencyPerLayer[3](): 4,981,248
Level WeightRegister: Thesis_4Layers_534528KB_FMEM_16x64_PEs, max_latency (sequential layers): 15,224,679


Final WMOPs and Latency calculation for Level: AccumulationIntermediateOutputRegister
Level: AccumulationIntermediateOutputRegister, Layer: 0
max_latency_per_layer[0]: 246,343 before update
level.getSettedLatencyPerLayer[0](): 1
Level: AccumulationIntermediateOutputRegister, Layer: 1
max_latency_per_layer[1]: 4,998,544 before update
level.getSettedLatencyPerLayer[1](): 1
Level: AccumulationIntermediateOutputRegister, Layer: 2
max_latency_per_layer[2]: 4,998,544 before update
level.getSettedLatencyPerLayer[2](): 1
Level: AccumulationIntermediateOutputRegister, Layer: 3
max_latency_per_layer[3]: 4,981,248 before update
level.getSettedLatencyPerLayer[3](): 4,981,248
Level AccumulationIntermediateOutputRegister: Thesis_4Layers_534528KB_FMEM_16x64_PEs, max_latency (sequential layers): 15,224,679


Final WMOPs and Latency calculation for Level: AccumulationOutputRegister
Level: AccumulationOutputRegister, Layer: 0
max_latency_per_layer[0]: 246,343 before update
level.getSettedLatencyPerLayer[0](): 1
Level: AccumulationOutputRegister, Layer: 1
max_latency_per_layer[1]: 4,998,544 before update
level.getSettedLatencyPerLayer[1](): 1
Level: AccumulationOutputRegister, Layer: 2
max_latency_per_layer[2]: 4,998,544 before update
level.getSettedLatencyPerLayer[2](): 1
Level: AccumulationOutputRegister, Layer: 3
max_latency_per_layer[3]: 4,981,248 before update
level.getSettedLatencyPerLayer[3](): 4,981,248
Level AccumulationOutputRegister: Thesis_4Layers_534528KB_FMEM_16x64_PEs, max_latency (sequential layers): 15,224,679


Final WMOPs and Latency calculation for Level: Compute
Compute level latency: 1
Compute latency for layer 0: 155,664
Compute latency for layer 1: 4,981,248
Compute latency for layer 2: 4,981,248
Compute latency for layer 3: 4,981,248
max_latency initially: 15224678.700757576
compute_latency from compute level: 15,099,408
max_latency after compute: 15,224,679, before fanout_level

Final condition:
Wart: 5.320e+19
EDP: 2.046e+05 (J*cycle)
DRAM ----------> Q: 23, P: 376, X2: 23, Y2: 376, X1: 23, Y1: 376, X0: 23, Y0: 376
FeatureMemory -
WeightMemory --> Z3: 2, C3: 32, R3: 3, S3: 3, Z2: 2, C2: 32, R2: 3, S2: 3, Z1: 2, C1: 32, R1: 3, S1: 3, Z0: 2, R0: 3, S0: 3
SACols_3 ------> Q: 54
SARows_3 ------> Z3: 16
SACols_2 ------> X2: 54
SARows_2 ------> Z2: 16
SACols_1 ------> X1: 54
SARows_1 ------> Z1: 16
SACols_0 ------> X0: 54
SARows_0 ------> Z0: 16
WeightRegister 
AccumulationIntermediateOutputRegister 
AccumulationOutputRegister 
Compute -------

Visited mappings: 1

Performed moves: 0
é stato chiamato update stats! 




Questo mops è chiamato da update stats
Level: DRAM, arch bypasses for the level: ['int_in', 'int_out'], in_bp: 1, w_bp: 0, out_bp: 1, int_in_bp: 0, int_out_bp: 0
DEBUG updateStats pre scaling: Level DRAM:
  in_reads: 466992
  per_layer_w_reads: {0: 288, 1: 9216, 2: 9216, 3: 9216}
  per_layer_int_in_reads: {0: 0, 1: 0, 2: 0}
  per_layer_int_out_reads: {0: 0, 1: 0, 2: 0}
  per_layer_int_out_writes: {0: 0, 1: 0, 2: 0}
  out_reads: 14943744
  out_writes: 14943744
  out_reads_factors: 1
scale_per_layer[0]: 1, temporal_iterations_per_layer[0]: 1, spatial_iterations_per_layer[0]: 1
DEBUG: results after scaling: Level DRAM: in_reads=466992, w_reads=27936, int_in_reads=0, int_out_reads=0, int_out_writes=0, out_writes=14943744, out_reads=14943744, out_reads_factors=1
DEBUG: Level DRAM adjusted out_reads for no bias read: 0
DEBUG: Level DRAM bypasses intermediate storage
DEBUG updateStats post scaling: Level DRAM:
  in_reads: 466,992
  per_layer_w_reads: {0: 288, 1: 9216, 2: 9216, 3: 9216}
  w_reads: 27,936
  per_layer_int_in_reads: {0: 0, 1: 0, 2: 0}
  per_layer_int_in_writes: {0: 0, 1: 0, 2: 0}
  int_in_reads: 0
  per_layer_int_out_reads: {0: 0, 1: 0, 2: 0}
  per_layer_int_out_writes: {0: 0, 1: 0, 2: 0}
  int_out_reads: 0
  out_reads: 0
  out_writes: 14,943,744
  out_reads_factors: 1
in_writes: 0, w_writes: 0, int_in_writes: 0, int_out_writes: 0, out_writes: 14943744
Name of the level: DRAM, level active instances per layer: {0: 1, 1: 1, 2: 1, 3: 1}, level active instances: 1
Level DRAM, Layer 0: total_reads = 467280, total_writes = 0
Level DRAM, Layer 1: total_reads = 9216, total_writes = 0
Level DRAM, Layer 2: total_reads = 9216, total_writes = 0
DEBUG: Level DRAM, Layer 3, per_layer_int_in_reads2: 0, per_layer_w_reads3: 9216, out_reads: 0
Level DRAM, Layer 3: total_reads = 9216, total_writes = 14943744
Check: Per Layer Total reads: {0: 467280, 1: 9216, 2: 9216, 3: 9216}, total: 494928
Check: Per Layer Total writes: {0: 0, 1: 0, 2: 0, 3: 14943744}, 
 total: 14943744
Level DRAM total WMOPs from per layer sum: 494,037,504.000
Level DRAM total WMOPs from total reads/writes: 494,037,504.000
End first part of update for level: DRAM



Questo mops è chiamato da update stats
Level: FeatureMemory, arch bypasses for the level: ['w'], in_bp: 0, w_bp: 0, out_bp: 0, int_in_bp: 0, int_out_bp: 0
DEBUG updateStats pre scaling: Level FeatureMemory:
  in_reads: 972
  per_layer_w_reads: {0: 0, 1: 0, 2: 0, 3: 0}
  per_layer_int_in_reads: {0: 31104, 1: 31104, 2: 31104}
  per_layer_int_out_reads: {0: 1728, 1: 1728, 2: 1728}
  per_layer_int_out_writes: {0: 1728, 1: 1728, 2: 1728}
  out_reads: 1728
  out_writes: 1728
  out_reads_factors: 1
scale_per_layer[0]: 8648, temporal_iterations_per_layer[0]: 8648, spatial_iterations_per_layer[0]: 1
DEBUG: results after scaling: Level FeatureMemory: in_reads=8405856, w_reads=0, int_in_reads=806962176, int_out_reads=44831232, int_out_writes=44831232, out_writes=14943744, out_reads=14943744, out_reads_factors=1
DEBUG: Level FeatureMemory adjusted out_reads for no bias read: 0
DEBUG updateStats post scaling: Level FeatureMemory:
  in_reads: 8,405,856
  per_layer_w_reads: {0: 0, 1: 0, 2: 0, 3: 0}
  w_reads: 0
  per_layer_int_in_reads: {0: 268987392, 1: 268987392, 2: 268987392}
  per_layer_int_in_writes: {0: 0, 1: 0, 2: 0}
  int_in_reads: 806,962,176
  per_layer_int_out_reads: {0: 14943744, 1: 14943744, 2: 14943744}
  per_layer_int_out_writes: {0: 14943744, 1: 14943744, 2: 14943744}
  int_out_reads: 44,831,232
  out_reads: 14,943,744
  out_writes: 14,943,744
  out_reads_factors: 1
in_writes: 466992, w_writes: 0, int_in_writes: 0, int_out_writes: 44831232, out_writes: 14943744
Name of the level: FeatureMemory, level active instances per layer: {0: 1, 1: 1, 2: 1, 3: 1}, level active instances: 1
Level FeatureMemory, Layer 0: total_reads = 23349600, total_writes = 15410736
Level FeatureMemory, Layer 1: total_reads = 283931136, total_writes = 14943744
Level FeatureMemory, Layer 2: total_reads = 283931136, total_writes = 14943744
DEBUG: Level FeatureMemory, Layer 3, per_layer_int_in_reads2: 268987392, per_layer_w_reads3: 0, out_reads: 14943744
Level FeatureMemory, Layer 3: total_reads = 283931136, total_writes = 14943744
Check: Per Layer Total reads: {0: 23349600, 1: 283931136, 2: 283931136, 3: 283931136}, total: 875143008
Check: Per Layer Total writes: {0: 15410736, 1: 14943744, 2: 14943744, 3: 14943744}, 
 total: 60241968
Level FeatureMemory total WMOPs from per layer sum: 927,251,843.510
Level FeatureMemory total WMOPs from total reads/writes: 927,251,843.510
End first part of update for level: FeatureMemory



Questo mops è chiamato da update stats
Level: WeightMemory, arch bypasses for the level: ['in', 'int_in', 'int_out', 'out'], in_bp: 0, w_bp: 1, out_bp: 0, int_in_bp: 0, int_out_bp: 0
DEBUG updateStats pre scaling: Level WeightMemory:
  in_reads: 0
  per_layer_w_reads: {0: 288, 1: 9216, 2: 9216, 3: 9216}
  per_layer_int_in_reads: {0: 0, 1: 0, 2: 0}
  per_layer_int_out_reads: {0: 0, 1: 0, 2: 0}
  per_layer_int_out_writes: {0: 0, 1: 0, 2: 0}
  out_reads: 0
  out_writes: 0
  out_reads_factors: 0
scale_per_layer[0] = 8648, temporal_iterations_per_layer[0] = 8648, spatial_iterations_per_layer[0] = 1
scale_per_layer[0]: 8648, temporal_iterations_per_layer[0]: 8648, spatial_iterations_per_layer[0]: 1
DEBUG: results after scaling: Level WeightMemory: in_reads=0, w_reads=241590528, int_in_reads=0, int_out_reads=0, int_out_writes=0, out_writes=0, out_reads=0, out_reads_factors=0
DEBUG: Level WeightMemory bypasses intermediate storage
DEBUG updateStats post scaling: Level WeightMemory:
  in_reads: 0
  per_layer_w_reads: {0: 2490624, 1: 79699968, 2: 79699968, 3: 79699968}
  w_reads: 241,590,528
  per_layer_int_in_reads: {0: 0, 1: 0, 2: 0}
  per_layer_int_in_writes: {0: 0, 1: 0, 2: 0}
  int_in_reads: 0
  per_layer_int_out_reads: {0: 0, 1: 0, 2: 0}
  per_layer_int_out_writes: {0: 0, 1: 0, 2: 0}
  int_out_reads: 0
  out_reads: 0
  out_writes: 0
  out_reads_factors: 0
in_writes: 0, w_writes: 27936, int_in_writes: 0, int_out_writes: 0, out_writes: 0
Name of the level: WeightMemory, level active instances per layer: {0: 1, 1: 1, 2: 1, 3: 1}, level active instances: 1
Level WeightMemory, Layer 0: total_reads = 2490624, total_writes = 288
Level WeightMemory, Layer 1: total_reads = 79699968, total_writes = 9216
Level WeightMemory, Layer 2: total_reads = 79699968, total_writes = 9216
DEBUG: Level WeightMemory, Layer 3, per_layer_int_in_reads2: 0, per_layer_w_reads3: 79699968, out_reads: 0
Level WeightMemory, Layer 3: total_reads = 79699968, total_writes = 9216
Check: Per Layer Total reads: {0: 2490624, 1: 79699968, 2: 79699968, 3: 79699968}, total: 241590528
Check: Per Layer Total writes: {0: 288, 1: 9216, 2: 9216, 3: 9216}, 
 total: 27936
Level WeightMemory total WMOPs from per layer sum: 966,429,446.884
Level WeightMemory total WMOPs from total reads/writes: 966,429,446.884
End first part of update for level: WeightMemory



Calculating Fanout Level: SACols_3, updating spatial and last reads
Fanout Level SACols_3, Layer 3, dim Q, layer_iterations: 54
End of the first part of Update Stats for fanout level: SACols_3


Calculating Fanout Level: SARows_3, updating spatial and last reads
Fanout Level SARows_3, Layer 3, dim Z3, layer_iterations: 16
End of the first part of Update Stats for fanout level: SARows_3


Calculating Fanout Level: SACols_2, updating spatial and last reads
Fanout Level SACols_2, Layer 2, dim X2, layer_iterations: 54
End of the first part of Update Stats for fanout level: SACols_2


Calculating Fanout Level: SARows_2, updating spatial and last reads
Fanout Level SARows_2, Layer 2, dim Z2, layer_iterations: 16
End of the first part of Update Stats for fanout level: SARows_2


Calculating Fanout Level: SACols_1, updating spatial and last reads
Fanout Level SACols_1, Layer 1, dim X1, layer_iterations: 54
End of the first part of Update Stats for fanout level: SACols_1


Calculating Fanout Level: SARows_1, updating spatial and last reads
Fanout Level SARows_1, Layer 1, dim Z1, layer_iterations: 16
End of the first part of Update Stats for fanout level: SARows_1


Calculating Fanout Level: SACols_0, updating spatial and last reads
Fanout Level SACols_0, Layer 0, dim X0, layer_iterations: 54
End of the first part of Update Stats for fanout level: SACols_0


Calculating Fanout Level: SARows_0, updating spatial and last reads
Fanout Level SARows_0, Layer 0, dim Z0, layer_iterations: 16
End of the first part of Update Stats for fanout level: SARows_0


Questo mops è chiamato da update stats
Level: WeightRegister, arch bypasses for the level: ['in', 'int_in', 'int_out', 'out'], in_bp: 0, w_bp: 0, out_bp: 0, int_in_bp: 0, int_out_bp: 0
DEBUG updateStats pre scaling: Level WeightRegister:
  in_reads: 0
  per_layer_w_reads: {0: 1, 1: 1, 2: 1, 3: 1}
  per_layer_int_in_reads: {0: 0, 1: 0, 2: 0}
  per_layer_int_out_reads: {0: 0, 1: 0, 2: 0}
  per_layer_int_out_writes: {0: 0, 1: 0, 2: 0}
  out_reads: 0
  out_writes: 0
  out_reads_factors: 0
scale_per_layer[0]: 134493696, temporal_iterations_per_layer[0]: 155664, spatial_iterations_per_layer[0]: 864
DEBUG: results after scaling: Level WeightRegister: in_reads=0, w_reads=13045888512, int_in_reads=0, int_out_reads=0, int_out_writes=0, out_writes=0, out_reads=0, out_reads_factors=0
DEBUG: Level WeightRegister bypasses intermediate storage
DEBUG updateStats post scaling: Level WeightRegister:
  in_reads: 0
  per_layer_w_reads: {0: 134493696, 1: 4303798272, 2: 4303798272, 3: 4303798272}
  w_reads: 13,045,888,512
  per_layer_int_in_reads: {0: 0, 1: 0, 2: 0}
  per_layer_int_in_writes: {0: 0, 1: 0, 2: 0}
  int_in_reads: 0
  per_layer_int_out_reads: {0: 0, 1: 0, 2: 0}
  per_layer_int_out_writes: {0: 0, 1: 0, 2: 0}
  int_out_reads: 0
  out_reads: 0
  out_writes: 0
  out_reads_factors: 0
in_writes: 0, w_writes: 13045888512, int_in_writes: 0, int_out_writes: 0, out_writes: 0
Name of the level: WeightRegister, level active instances per layer: {0: 864, 1: 864, 2: 864, 3: 864}, level active instances: 557256278016
Level WeightRegister, Layer 0: total_reads = 134493696, total_writes = 134493696
Level WeightRegister, Layer 1: total_reads = 4303798272, total_writes = 4303798272
Level WeightRegister, Layer 2: total_reads = 4303798272, total_writes = 4303798272
DEBUG: Level WeightRegister, Layer 3, per_layer_int_in_reads2: 0, per_layer_w_reads3: 4303798272, out_reads: 0
Level WeightRegister, Layer 3: total_reads = 4303798272, total_writes = 4303798272
Check: Per Layer Total reads: {0: 134493696, 1: 4303798272, 2: 4303798272, 3: 4303798272}, total: 13045888512
Check: Per Layer Total writes: {0: 134493696, 1: 4303798272, 2: 4303798272, 3: 4303798272}, 
 total: 13045888512
Level WeightRegister total WMOPs from per layer sum: 5,197,121,400.842
Level WeightRegister total WMOPs from total reads/writes: 5,197,121,400.842
End first part of update for level: WeightRegister



Questo mops è chiamato da update stats
Level: AccumulationIntermediateOutputRegister, arch bypasses for the level: ['in', 'w', 'out', 'int_in'], in_bp: 0, w_bp: 0, out_bp: 0, int_in_bp: 0, int_out_bp: 0
DEBUG updateStats pre scaling: Level AccumulationIntermediateOutputRegister:
  in_reads: 0
  per_layer_w_reads: {0: 0, 1: 0, 2: 0, 3: 0}
  per_layer_int_in_reads: {0: 0, 1: 0, 2: 0}
  per_layer_int_out_reads: {0: 1, 1: 1, 2: 1}
  per_layer_int_out_writes: {0: 1, 1: 1, 2: 1}
  out_reads: 0
  out_writes: 0
  out_reads_factors: 0
scale_per_layer[0]: 134493696, temporal_iterations_per_layer[0]: 155664, spatial_iterations_per_layer[0]: 864
DEBUG: results after scaling: Level AccumulationIntermediateOutputRegister: in_reads=0, w_reads=0, int_in_reads=0, int_out_reads=8742090240, int_out_writes=8742090240, out_writes=0, out_reads=0, out_reads_factors=0
DEBUG updateStats post scaling: Level AccumulationIntermediateOutputRegister:
  in_reads: 0
  per_layer_w_reads: {0: 0, 1: 0, 2: 0, 3: 0}
  w_reads: 0
  per_layer_int_in_reads: {0: 0, 1: 0, 2: 0}
  per_layer_int_in_writes: {0: 0, 1: 0, 2: 0}
  int_in_reads: 0
  per_layer_int_out_reads: {0: 149437440, 1: 4318742016, 2: 4318742016}
  per_layer_int_out_writes: {0: 149437440, 1: 4318742016, 2: 4318742016}
  int_out_reads: 8,742,090,240
  out_reads: 0
  out_writes: 0
  out_reads_factors: 0
in_writes: 0, w_writes: 0, int_in_writes: 0, int_out_writes: 8742090240, out_writes: 0
Name of the level: AccumulationIntermediateOutputRegister, level active instances per layer: {0: 864, 1: 864, 2: 864, 3: 864}, level active instances: 557256278016
Level AccumulationIntermediateOutputRegister, Layer 0: total_reads = 149437440, total_writes = 149437440
Level AccumulationIntermediateOutputRegister, Layer 1: total_reads = 4318742016, total_writes = 4318742016
Level AccumulationIntermediateOutputRegister, Layer 2: total_reads = 4318742016, total_writes = 4318742016
DEBUG: Level AccumulationIntermediateOutputRegister, Layer 3, per_layer_int_in_reads2: 0, per_layer_w_reads3: 0, out_reads: 0
Level AccumulationIntermediateOutputRegister, Layer 3: total_reads = 0, total_writes = 0
Check: Per Layer Total reads: {0: 149437440, 1: 4318742016, 2: 4318742016, 3: 0}, total: 8786921472
Check: Per Layer Total writes: {0: 149437440, 1: 4318742016, 2: 4318742016, 3: 0}, 
 total: 8786921472
Level AccumulationIntermediateOutputRegister total WMOPs from per layer sum: 8,758,718,653.262
Level AccumulationIntermediateOutputRegister total WMOPs from total reads/writes: 8,740,547,238.709
End first part of update for level: AccumulationIntermediateOutputRegister



Questo mops è chiamato da update stats
Level: AccumulationOutputRegister, arch bypasses for the level: ['in', 'w', 'int_in', 'int_out'], in_bp: 0, w_bp: 0, out_bp: 1, int_in_bp: 0, int_out_bp: 0
DEBUG updateStats pre scaling: Level AccumulationOutputRegister:
  in_reads: 0
  per_layer_w_reads: {0: 0, 1: 0, 2: 0, 3: 0}
  per_layer_int_in_reads: {0: 0, 1: 0, 2: 0}
  per_layer_int_out_reads: {0: 0, 1: 0, 2: 0}
  per_layer_int_out_writes: {0: 0, 1: 0, 2: 0}
  out_reads: 1
  out_writes: 1
  out_reads_factors: 1
scale_per_layer[0]: 134493696, temporal_iterations_per_layer[0]: 155664, spatial_iterations_per_layer[0]: 864
DEBUG: results after scaling: Level AccumulationOutputRegister: in_reads=0, w_reads=0, int_in_reads=0, int_out_reads=0, int_out_writes=0, out_writes=4303798272, out_reads=4303798272, out_reads_factors=288
DEBUG: Level AccumulationOutputRegister adjusted out_reads for no bias read: 4288854528
DEBUG: Level AccumulationOutputRegister bypasses intermediate storage
DEBUG updateStats post scaling: Level AccumulationOutputRegister:
  in_reads: 0
  per_layer_w_reads: {0: 0, 1: 0, 2: 0, 3: 0}
  w_reads: 0
  per_layer_int_in_reads: {0: 0, 1: 0, 2: 0}
  per_layer_int_in_writes: {0: 0, 1: 0, 2: 0}
  int_in_reads: 0
  per_layer_int_out_reads: {0: 0, 1: 0, 2: 0}
  per_layer_int_out_writes: {0: 0, 1: 0, 2: 0}
  int_out_reads: 0
  out_reads: 4,303,798,272
  out_writes: 4,303,798,272
  out_reads_factors: 288
in_writes: 0, w_writes: 0, int_in_writes: 0, int_out_writes: 0, out_writes: 4303798272
Name of the level: AccumulationOutputRegister, level active instances per layer: {0: 864, 1: 864, 2: 864, 3: 864}, level active instances: 557256278016
Level AccumulationOutputRegister, Layer 0: total_reads = 0, total_writes = 0
Level AccumulationOutputRegister, Layer 1: total_reads = 0, total_writes = 0
Level AccumulationOutputRegister, Layer 2: total_reads = 0, total_writes = 0
DEBUG: Level AccumulationOutputRegister, Layer 3, per_layer_int_in_reads2: 0, per_layer_w_reads3: 0, out_reads: 4303798272
Level AccumulationOutputRegister, Layer 3: total_reads = 4303798272, total_writes = 4303798272
Check: Per Layer Total reads: {0: 0, 1: 0, 2: 0, 3: 4303798272}, total: 4303798272
Check: Per Layer Total writes: {0: 0, 1: 0, 2: 0, 3: 4303798272}, 
 total: 4303798272
Level AccumulationOutputRegister total WMOPs from per layer sum: 10,503,174,450.365
Level AccumulationOutputRegister total WMOPs from total reads/writes: 10,485,003,035.812
End first part of update for level: AccumulationOutputRegister



Calculating WMOPs for Compute Level
Compute Level Compute WMOPs_per_layer: {0: 167737204.94651452, 1: 4265593451.3695426, 2: 4265593451.3695426, 3: 4737736121.185154}
WMOPs_till_now before compute level: 10,503,174,450.365
Compute Level Compute total WMOPs from per layer sum: 13436660228.870754
Compute Level Compute total WMOPs: 2.4108376953183185e+36
Total WMOPs after adding compute level: 23939834679.236076
END FIRST PART OF UPDATE STATS


First cc_per_tile, it is from compute = 1
First cc_per_tile_per_layer it is from compute = {0: 1, 1: 1, 2: 1, 3: 1}


Calculating Latency for Level: AccumulationOutputRegister

Latency for layer: 0 of Level: AccumulationOutputRegister
level.active_instances_per_layer[0]: 864
level.temporal_iterations_per_layer[0]: 155664
Scaling per layer[0]: 134,493,696
Single Tile latency: cc_per_tile_per_layer[0]: 1
Ideal Case, Latency at this level without stalls: cc_per_all_tiles_per_layer[0]: 1
SCALED cc_per_all_tiles_per_layer[0]: 134,493,696
level.getReadPerLayer[0](): 0
  (For comparison - full reads including accumulation: 0)
ideal_bandwidth_read_per_layer[0]: 0.0
level.getDrainPerLayer[0](): 0
ideal_bandwidth_drain_per_layer[0]: 0.0
ideal_bandwidth_update_per_layer[0]: 0.0
  (For comparison - full updates including accumulation: 0)
level.getFillPerLayer[0](): 0
ideal_bandwidth_fill_per_layer[0]: 0.0

Latency for layer: 1 of Level: AccumulationOutputRegister
level.active_instances_per_layer[1]: 864
level.temporal_iterations_per_layer[1]: 4981248
Scaling per layer[1]: 4,303,798,272
Single Tile latency: cc_per_tile_per_layer[1]: 1
Ideal Case, Latency at this level without stalls: cc_per_all_tiles_per_layer[1]: 1
SCALED cc_per_all_tiles_per_layer[1]: 4,303,798,272
level.getReadPerLayer[1](): 0
  (For comparison - full reads including accumulation: 0)
ideal_bandwidth_read_per_layer[1]: 0.0
level.getDrainPerLayer[1](): 0
ideal_bandwidth_drain_per_layer[1]: 0.0
ideal_bandwidth_update_per_layer[1]: 0.0
  (For comparison - full updates including accumulation: 0)
level.getFillPerLayer[1](): 0
ideal_bandwidth_fill_per_layer[1]: 0.0

Latency for layer: 2 of Level: AccumulationOutputRegister
level.active_instances_per_layer[2]: 864
level.temporal_iterations_per_layer[2]: 4981248
Scaling per layer[2]: 4,303,798,272
Single Tile latency: cc_per_tile_per_layer[2]: 1
Ideal Case, Latency at this level without stalls: cc_per_all_tiles_per_layer[2]: 1
SCALED cc_per_all_tiles_per_layer[2]: 4,303,798,272
level.getReadPerLayer[2](): 0
  (For comparison - full reads including accumulation: 0)
ideal_bandwidth_read_per_layer[2]: 0.0
level.getDrainPerLayer[2](): 0
ideal_bandwidth_drain_per_layer[2]: 0.0
ideal_bandwidth_update_per_layer[2]: 0.0
  (For comparison - full updates including accumulation: 0)
level.getFillPerLayer[2](): 0
ideal_bandwidth_fill_per_layer[2]: 0.0

Latency for layer: 3 of Level: AccumulationOutputRegister
level.active_instances_per_layer[3]: 864
level.temporal_iterations_per_layer[3]: 4981248
Scaling per layer[3]: 4,303,798,272
Single Tile latency: cc_per_tile_per_layer[3]: 1
Ideal Case, Latency at this level without stalls: cc_per_all_tiles_per_layer[3]: 1
SCALED cc_per_all_tiles_per_layer[3]: 4,303,798,272
level.getReadPerLayer[3](): 4,288,854,528
  (For comparison - full reads including accumulation: 4,288,854,528)
ideal_bandwidth_read_per_layer[3]: 0.9965277777777778
level.getDrainPerLayer[3](): 14,943,744
ideal_bandwidth_drain_per_layer[3]: 0.003472222222222222
ideal_bandwidth_update_per_layer[3]: 1.0
  (For comparison - full updates including accumulation: 4,303,798,272)
level.getFillPerLayer[3](): 0
ideal_bandwidth_fill_per_layer[3]: 0.0

Start of calculation of latency:


Layer_id: 0 in AccumulationOutputRegister

ideal_bandwidth_read_per_layer[0] + ideal_bandwidth_drain_per_layer[0]: 0.0 vs level.read_bandwidth: 1
I am in Compute Bound
cc_per_all_tiles_per_layer[0]: 1
STANDARD CASE latency_read_drain_per_layer[0]: 1

ideal_bandwidth_fill_per_layer[0] + ideal_bandwidth_update_per_layer[0]: 0.0 vs level.write_bandwidth: 1
previous_fanout_pe_to_pe_warmup: 0
STANDARD CASE latency_fill_update_per_layer[0]: 1


Layer_id: 1 in AccumulationOutputRegister

ideal_bandwidth_read_per_layer[1] + ideal_bandwidth_drain_per_layer[1]: 0.0 vs level.read_bandwidth: 1
I am in Compute Bound
cc_per_all_tiles_per_layer[1]: 1
STANDARD CASE latency_read_drain_per_layer[1]: 1

ideal_bandwidth_fill_per_layer[1] + ideal_bandwidth_update_per_layer[1]: 0.0 vs level.write_bandwidth: 1
previous_fanout_pe_to_pe_warmup: 0
STANDARD CASE latency_fill_update_per_layer[1]: 1


Layer_id: 2 in AccumulationOutputRegister

ideal_bandwidth_read_per_layer[2] + ideal_bandwidth_drain_per_layer[2]: 0.0 vs level.read_bandwidth: 1
I am in Compute Bound
cc_per_all_tiles_per_layer[2]: 1
STANDARD CASE latency_read_drain_per_layer[2]: 1

ideal_bandwidth_fill_per_layer[2] + ideal_bandwidth_update_per_layer[2]: 0.0 vs level.write_bandwidth: 1
previous_fanout_pe_to_pe_warmup: 0
STANDARD CASE latency_fill_update_per_layer[2]: 1


Layer_id: 3 in AccumulationOutputRegister

ideal_bandwidth_read_per_layer[3] + ideal_bandwidth_drain_per_layer[3]: 1.0 vs level.read_bandwidth: 1
I am in Compute Bound
cc_per_all_tiles_per_layer[3]: 1
STANDARD CASE latency_read_drain_per_layer[3]: 1

ideal_bandwidth_fill_per_layer[3] + ideal_bandwidth_update_per_layer[3]: 1.0 vs level.write_bandwidth: 1
previous_fanout_pe_to_pe_warmup: 0
STANDARD CASE latency_fill_update_per_layer[3]: 1

End of calculation of latency.

Calculating per tile final latency and stall for layer 0 in AccumulationOutputRegister: latency_read_drain_per_layer[0] = 1, latency_fill_update_per_layer[0] = 1
Final per tile latency_per_layer[0]: 1
Final per tile stall_cycles_per_layer[0]: 0
Ideal case: no stall introduced by this level per this layer: cc_per_all_tiles_per_layer[0]: 1
Calculating per tile final latency and stall for layer 1 in AccumulationOutputRegister: latency_read_drain_per_layer[1] = 1, latency_fill_update_per_layer[1] = 1
Final per tile latency_per_layer[1]: 1
Final per tile stall_cycles_per_layer[1]: 0
Ideal case: no stall introduced by this level per this layer: cc_per_all_tiles_per_layer[1]: 1
Calculating per tile final latency and stall for layer 2 in AccumulationOutputRegister: latency_read_drain_per_layer[2] = 1, latency_fill_update_per_layer[2] = 1
Final per tile latency_per_layer[2]: 1
Final per tile stall_cycles_per_layer[2]: 0
Ideal case: no stall introduced by this level per this layer: cc_per_all_tiles_per_layer[2]: 1
Calculating per tile final latency and stall for layer 3 in AccumulationOutputRegister: latency_read_drain_per_layer[3] = 1, latency_fill_update_per_layer[3] = 1
Final per tile latency_per_layer[3]: 1
Final per tile stall_cycles_per_layer[3]: 0
Ideal case: no stall introduced by this level per this layer: cc_per_all_tiles_per_layer[3]: 1


Calculating Latency for Level: AccumulationIntermediateOutputRegister

Latency for layer: 0 of Level: AccumulationIntermediateOutputRegister
level.active_instances_per_layer[0]: 864
level.temporal_iterations_per_layer[0]: 155664
Scaling per layer[0]: 134,493,696
Single Tile latency: cc_per_tile_per_layer[0]: 1
Ideal Case, Latency at this level without stalls: cc_per_all_tiles_per_layer[0]: 1
SCALED cc_per_all_tiles_per_layer[0]: 134,493,696
level.getReadPerLayer[0](): 149,437,440
  (For comparison - full reads including accumulation: 149,437,440)
ideal_bandwidth_read_per_layer[0]: 1.1111111111111112
level.getDrainPerLayer[0](): 14,943,744
ideal_bandwidth_drain_per_layer[0]: 0.1111111111111111
ideal_bandwidth_update_per_layer[0]: 1.0
  (For comparison - full updates including accumulation: 134,493,696)
level.getFillPerLayer[0](): 14,943,744
ideal_bandwidth_fill_per_layer[0]: 0.1111111111111111

Latency for layer: 1 of Level: AccumulationIntermediateOutputRegister
level.active_instances_per_layer[1]: 864
level.temporal_iterations_per_layer[1]: 4981248
Scaling per layer[1]: 4,303,798,272
Single Tile latency: cc_per_tile_per_layer[1]: 1
Ideal Case, Latency at this level without stalls: cc_per_all_tiles_per_layer[1]: 1
SCALED cc_per_all_tiles_per_layer[1]: 4,303,798,272
level.getReadPerLayer[1](): 4,303,798,272
  (For comparison - full reads including accumulation: 4,303,798,272)
ideal_bandwidth_read_per_layer[1]: 1.0
level.getDrainPerLayer[1](): 14,943,744
ideal_bandwidth_drain_per_layer[1]: 0.003472222222222222
ideal_bandwidth_update_per_layer[1]: 1.0
  (For comparison - full updates including accumulation: 4,303,798,272)
level.getFillPerLayer[1](): 14,943,744
ideal_bandwidth_fill_per_layer[1]: 0.003472222222222222

Latency for layer: 2 of Level: AccumulationIntermediateOutputRegister
level.active_instances_per_layer[2]: 864
level.temporal_iterations_per_layer[2]: 4981248
Scaling per layer[2]: 4,303,798,272
Single Tile latency: cc_per_tile_per_layer[2]: 1
Ideal Case, Latency at this level without stalls: cc_per_all_tiles_per_layer[2]: 1
SCALED cc_per_all_tiles_per_layer[2]: 4,303,798,272
level.getReadPerLayer[2](): 4,303,798,272
  (For comparison - full reads including accumulation: 4,303,798,272)
ideal_bandwidth_read_per_layer[2]: 1.0
level.getDrainPerLayer[2](): 14,943,744
ideal_bandwidth_drain_per_layer[2]: 0.003472222222222222
ideal_bandwidth_update_per_layer[2]: 1.0
  (For comparison - full updates including accumulation: 4,303,798,272)
level.getFillPerLayer[2](): 14,943,744
ideal_bandwidth_fill_per_layer[2]: 0.003472222222222222

Latency for layer: 3 of Level: AccumulationIntermediateOutputRegister
level.active_instances_per_layer[3]: 864
level.temporal_iterations_per_layer[3]: 4981248
Scaling per layer[3]: 4,303,798,272
Single Tile latency: cc_per_tile_per_layer[3]: 1
Ideal Case, Latency at this level without stalls: cc_per_all_tiles_per_layer[3]: 1
SCALED cc_per_all_tiles_per_layer[3]: 4,303,798,272
level.getReadPerLayer[3](): 0
  (For comparison - full reads including accumulation: 0)
ideal_bandwidth_read_per_layer[3]: 0.0
level.getDrainPerLayer[3](): 0
ideal_bandwidth_drain_per_layer[3]: 0.0
ideal_bandwidth_update_per_layer[3]: 0.0
  (For comparison - full updates including accumulation: 0)
level.getFillPerLayer[3](): 0
ideal_bandwidth_fill_per_layer[3]: 0.0

Start of calculation of latency:


Layer_id: 0 in AccumulationIntermediateOutputRegister

ideal_bandwidth_read_per_layer[0] + ideal_bandwidth_drain_per_layer[0]: 1.2222222222222223 vs level.read_bandwidth: 1
I am in Slowdown: Memory Bound
ideal_bandwidth_read_per_layer[0]: 1.1111111111111112
ideal_bandwidth_drain_per_layer[0]: 0.1111111111111111
level.read_bandwidth: 1
total data (for bandwidth): 164381184
scaling_per_layer[0]: 134493696
SLOWDOWN CASE latency_read_drain_per_layer[0]: 1.2222222222222223

ideal_bandwidth_fill_per_layer[0] + ideal_bandwidth_update_per_layer[0]: 1.1111111111111112 vs level.write_bandwidth: 1
ideal_bandwidth_fill_per_layer[0]: 0.1111111111111111
ideal_bandwidth_update_per_layer[0]: 1.0
level.write_bandwidth: 1
total data (for bandwidth): 149437440
scaling_per_layer[0]: 134493696
SLOWDOWN CASE latency_fill_update_per_layer[0]: 1.1111111111111112


Layer_id: 1 in AccumulationIntermediateOutputRegister

ideal_bandwidth_read_per_layer[1] + ideal_bandwidth_drain_per_layer[1]: 1.0034722222222223 vs level.read_bandwidth: 1
I am in Slowdown: Memory Bound
ideal_bandwidth_read_per_layer[1]: 1.0
ideal_bandwidth_drain_per_layer[1]: 0.003472222222222222
level.read_bandwidth: 1
total data (for bandwidth): 4318742016
scaling_per_layer[1]: 4303798272
SLOWDOWN CASE latency_read_drain_per_layer[1]: 1.0034722222222223

ideal_bandwidth_fill_per_layer[1] + ideal_bandwidth_update_per_layer[1]: 1.0034722222222223 vs level.write_bandwidth: 1
ideal_bandwidth_fill_per_layer[1]: 0.003472222222222222
ideal_bandwidth_update_per_layer[1]: 1.0
level.write_bandwidth: 1
total data (for bandwidth): 4318742016
scaling_per_layer[1]: 4303798272
SLOWDOWN CASE latency_fill_update_per_layer[1]: 1.0034722222222223


Layer_id: 2 in AccumulationIntermediateOutputRegister

ideal_bandwidth_read_per_layer[2] + ideal_bandwidth_drain_per_layer[2]: 1.0034722222222223 vs level.read_bandwidth: 1
I am in Slowdown: Memory Bound
ideal_bandwidth_read_per_layer[2]: 1.0
ideal_bandwidth_drain_per_layer[2]: 0.003472222222222222
level.read_bandwidth: 1
total data (for bandwidth): 4318742016
scaling_per_layer[2]: 4303798272
SLOWDOWN CASE latency_read_drain_per_layer[2]: 1.0034722222222223

ideal_bandwidth_fill_per_layer[2] + ideal_bandwidth_update_per_layer[2]: 1.0034722222222223 vs level.write_bandwidth: 1
ideal_bandwidth_fill_per_layer[2]: 0.003472222222222222
ideal_bandwidth_update_per_layer[2]: 1.0
level.write_bandwidth: 1
total data (for bandwidth): 4318742016
scaling_per_layer[2]: 4303798272
SLOWDOWN CASE latency_fill_update_per_layer[2]: 1.0034722222222223


Layer_id: 3 in AccumulationIntermediateOutputRegister

ideal_bandwidth_read_per_layer[3] + ideal_bandwidth_drain_per_layer[3]: 0.0 vs level.read_bandwidth: 1
I am in Compute Bound
cc_per_all_tiles_per_layer[3]: 1
STANDARD CASE latency_read_drain_per_layer[3]: 1

ideal_bandwidth_fill_per_layer[3] + ideal_bandwidth_update_per_layer[3]: 0.0 vs level.write_bandwidth: 1
previous_fanout_pe_to_pe_warmup: 0
STANDARD CASE latency_fill_update_per_layer[3]: 1

End of calculation of latency.

Calculating per tile final latency and stall for layer 0 in AccumulationIntermediateOutputRegister: latency_read_drain_per_layer[0] = 1.2222222222222223, latency_fill_update_per_layer[0] = 1.1111111111111112
Final per tile latency_per_layer[0]: 1
Final per tile stall_cycles_per_layer[0]: 0
Ideal case: no stall introduced by this level per this layer: cc_per_all_tiles_per_layer[0]: 1
Calculating per tile final latency and stall for layer 1 in AccumulationIntermediateOutputRegister: latency_read_drain_per_layer[1] = 1.0034722222222223, latency_fill_update_per_layer[1] = 1.0034722222222223
Final per tile latency_per_layer[1]: 1
Final per tile stall_cycles_per_layer[1]: 0
Ideal case: no stall introduced by this level per this layer: cc_per_all_tiles_per_layer[1]: 1
Calculating per tile final latency and stall for layer 2 in AccumulationIntermediateOutputRegister: latency_read_drain_per_layer[2] = 1.0034722222222223, latency_fill_update_per_layer[2] = 1.0034722222222223
Final per tile latency_per_layer[2]: 1
Final per tile stall_cycles_per_layer[2]: 0
Ideal case: no stall introduced by this level per this layer: cc_per_all_tiles_per_layer[2]: 1
Calculating per tile final latency and stall for layer 3 in AccumulationIntermediateOutputRegister: latency_read_drain_per_layer[3] = 1, latency_fill_update_per_layer[3] = 1
Final per tile latency_per_layer[3]: 1
Final per tile stall_cycles_per_layer[3]: 0
Ideal case: no stall introduced by this level per this layer: cc_per_all_tiles_per_layer[3]: 1


Calculating Latency for Level: WeightRegister

Latency for layer: 0 of Level: WeightRegister
level.active_instances_per_layer[0]: 864
level.temporal_iterations_per_layer[0]: 155664
Scaling per layer[0]: 134,493,696
Single Tile latency: cc_per_tile_per_layer[0]: 1.2222222222222223
Ideal Case, Latency at this level without stalls: cc_per_all_tiles_per_layer[0]: 1.2222222222222223
SCALED cc_per_all_tiles_per_layer[0]: 164,381,184
level.getReadPerLayer[0](): 134,493,696
  (For comparison - full reads including accumulation: 134,493,696)
ideal_bandwidth_read_per_layer[0]: 0.8181818181818182
level.getDrainPerLayer[0](): 0
ideal_bandwidth_drain_per_layer[0]: 0.0
ideal_bandwidth_update_per_layer[0]: 0.0
  (For comparison - full updates including accumulation: 0)
level.getFillPerLayer[0](): 134,493,696
ideal_bandwidth_fill_per_layer[0]: 0.8181818181818182

Latency for layer: 1 of Level: WeightRegister
level.active_instances_per_layer[1]: 864
level.temporal_iterations_per_layer[1]: 4981248
Scaling per layer[1]: 4,303,798,272
Single Tile latency: cc_per_tile_per_layer[1]: 1.0034722222222223
Ideal Case, Latency at this level without stalls: cc_per_all_tiles_per_layer[1]: 1.0034722222222223
SCALED cc_per_all_tiles_per_layer[1]: 4,318,742,016
level.getReadPerLayer[1](): 4,303,798,272
  (For comparison - full reads including accumulation: 4,303,798,272)
ideal_bandwidth_read_per_layer[1]: 0.9965397923875432
level.getDrainPerLayer[1](): 0
ideal_bandwidth_drain_per_layer[1]: 0.0
ideal_bandwidth_update_per_layer[1]: 0.0
  (For comparison - full updates including accumulation: 0)
level.getFillPerLayer[1](): 4,303,798,272
ideal_bandwidth_fill_per_layer[1]: 0.9965397923875432

Latency for layer: 2 of Level: WeightRegister
level.active_instances_per_layer[2]: 864
level.temporal_iterations_per_layer[2]: 4981248
Scaling per layer[2]: 4,303,798,272
Single Tile latency: cc_per_tile_per_layer[2]: 1.0034722222222223
Ideal Case, Latency at this level without stalls: cc_per_all_tiles_per_layer[2]: 1.0034722222222223
SCALED cc_per_all_tiles_per_layer[2]: 4,318,742,016
level.getReadPerLayer[2](): 4,303,798,272
  (For comparison - full reads including accumulation: 4,303,798,272)
ideal_bandwidth_read_per_layer[2]: 0.9965397923875432
level.getDrainPerLayer[2](): 0
ideal_bandwidth_drain_per_layer[2]: 0.0
ideal_bandwidth_update_per_layer[2]: 0.0
  (For comparison - full updates including accumulation: 0)
level.getFillPerLayer[2](): 4,303,798,272
ideal_bandwidth_fill_per_layer[2]: 0.9965397923875432

Latency for layer: 3 of Level: WeightRegister
level.active_instances_per_layer[3]: 864
level.temporal_iterations_per_layer[3]: 4981248
Scaling per layer[3]: 4,303,798,272
Single Tile latency: cc_per_tile_per_layer[3]: 1
Ideal Case, Latency at this level without stalls: cc_per_all_tiles_per_layer[3]: 1
SCALED cc_per_all_tiles_per_layer[3]: 4,303,798,272
level.getReadPerLayer[3](): 4,303,798,272
  (For comparison - full reads including accumulation: 4,303,798,272)
ideal_bandwidth_read_per_layer[3]: 1.0
level.getDrainPerLayer[3](): 0
ideal_bandwidth_drain_per_layer[3]: 0.0
ideal_bandwidth_update_per_layer[3]: 0.0
  (For comparison - full updates including accumulation: 0)
level.getFillPerLayer[3](): 4,303,798,272
ideal_bandwidth_fill_per_layer[3]: 1.0

Start of calculation of latency:


Layer_id: 0 in WeightRegister

ideal_bandwidth_read_per_layer[0] + ideal_bandwidth_drain_per_layer[0]: 0.8181818181818182 vs level.read_bandwidth: 1
I am in Compute Bound
cc_per_all_tiles_per_layer[0]: 1.2222222222222223
STANDARD CASE latency_read_drain_per_layer[0]: 1.2222222222222223

ideal_bandwidth_fill_per_layer[0] + ideal_bandwidth_update_per_layer[0]: 0.8181818181818182 vs level.write_bandwidth: 1
previous_fanout_pe_to_pe_warmup: 0
STANDARD CASE latency_fill_update_per_layer[0]: 1.2222222222222223


Layer_id: 1 in WeightRegister

ideal_bandwidth_read_per_layer[1] + ideal_bandwidth_drain_per_layer[1]: 0.9965397923875432 vs level.read_bandwidth: 1
I am in Compute Bound
cc_per_all_tiles_per_layer[1]: 1.0034722222222223
STANDARD CASE latency_read_drain_per_layer[1]: 1.0034722222222223

ideal_bandwidth_fill_per_layer[1] + ideal_bandwidth_update_per_layer[1]: 0.9965397923875432 vs level.write_bandwidth: 1
previous_fanout_pe_to_pe_warmup: 0
STANDARD CASE latency_fill_update_per_layer[1]: 1.0034722222222223


Layer_id: 2 in WeightRegister

ideal_bandwidth_read_per_layer[2] + ideal_bandwidth_drain_per_layer[2]: 0.9965397923875432 vs level.read_bandwidth: 1
I am in Compute Bound
cc_per_all_tiles_per_layer[2]: 1.0034722222222223
STANDARD CASE latency_read_drain_per_layer[2]: 1.0034722222222223

ideal_bandwidth_fill_per_layer[2] + ideal_bandwidth_update_per_layer[2]: 0.9965397923875432 vs level.write_bandwidth: 1
previous_fanout_pe_to_pe_warmup: 0
STANDARD CASE latency_fill_update_per_layer[2]: 1.0034722222222223


Layer_id: 3 in WeightRegister

ideal_bandwidth_read_per_layer[3] + ideal_bandwidth_drain_per_layer[3]: 1.0 vs level.read_bandwidth: 1
I am in Compute Bound
cc_per_all_tiles_per_layer[3]: 1
STANDARD CASE latency_read_drain_per_layer[3]: 1

ideal_bandwidth_fill_per_layer[3] + ideal_bandwidth_update_per_layer[3]: 1.0 vs level.write_bandwidth: 1
previous_fanout_pe_to_pe_warmup: 0
STANDARD CASE latency_fill_update_per_layer[3]: 1

End of calculation of latency.

Calculating per tile final latency and stall for layer 0 in WeightRegister: latency_read_drain_per_layer[0] = 1.2222222222222223, latency_fill_update_per_layer[0] = 1.2222222222222223
Final per tile latency_per_layer[0]: 1
Final per tile stall_cycles_per_layer[0]: 0
Ideal case: no stall introduced by this level per this layer: cc_per_all_tiles_per_layer[0]: 1
Calculating per tile final latency and stall for layer 1 in WeightRegister: latency_read_drain_per_layer[1] = 1.0034722222222223, latency_fill_update_per_layer[1] = 1.0034722222222223
Final per tile latency_per_layer[1]: 1
Final per tile stall_cycles_per_layer[1]: 0
Ideal case: no stall introduced by this level per this layer: cc_per_all_tiles_per_layer[1]: 1
Calculating per tile final latency and stall for layer 2 in WeightRegister: latency_read_drain_per_layer[2] = 1.0034722222222223, latency_fill_update_per_layer[2] = 1.0034722222222223
Final per tile latency_per_layer[2]: 1
Final per tile stall_cycles_per_layer[2]: 0
Ideal case: no stall introduced by this level per this layer: cc_per_all_tiles_per_layer[2]: 1
Calculating per tile final latency and stall for layer 3 in WeightRegister: latency_read_drain_per_layer[3] = 1, latency_fill_update_per_layer[3] = 1
Final per tile latency_per_layer[3]: 1
Final per tile stall_cycles_per_layer[3]: 0
Ideal case: no stall introduced by this level per this layer: cc_per_all_tiles_per_layer[3]: 1


Calculating Latency for Level: WeightMemory

Latency for layer: 0 of Level: WeightMemory
level.active_instances_per_layer[0]: 1
level.temporal_iterations_per_layer[0]: 8648
Scaling per layer[0]: 8,648
Single Tile latency: cc_per_tile_per_layer[0]: 1.2222222222222223
Ideal Case, Latency at this level without stalls: cc_per_all_tiles_per_layer[0]: 22.0
SCALED cc_per_all_tiles_per_layer[0]: 190,256
level.getReadPerLayer[0](): 2,490,624
  (For comparison - full reads including accumulation: 2,490,624)
ideal_bandwidth_read_per_layer[0]: 13.090909090909092
level.getDrainPerLayer[0](): 0
ideal_bandwidth_drain_per_layer[0]: 0.0
ideal_bandwidth_update_per_layer[0]: 0.0
  (For comparison - full updates including accumulation: 0)
level.getFillPerLayer[0](): 288
ideal_bandwidth_fill_per_layer[0]: 0.0015137498948784795

Latency for layer: 1 of Level: WeightMemory
level.active_instances_per_layer[1]: 1
level.temporal_iterations_per_layer[1]: 8648
Scaling per layer[1]: 8,648
Single Tile latency: cc_per_tile_per_layer[1]: 1.0034722222222223
Ideal Case, Latency at this level without stalls: cc_per_all_tiles_per_layer[1]: 578.0
SCALED cc_per_all_tiles_per_layer[1]: 4,998,544
level.getReadPerLayer[1](): 79,699,968
  (For comparison - full reads including accumulation: 79,699,968)
ideal_bandwidth_read_per_layer[1]: 15.944636678200691
level.getDrainPerLayer[1](): 0
ideal_bandwidth_drain_per_layer[1]: 0.0
ideal_bandwidth_update_per_layer[1]: 0.0
  (For comparison - full updates including accumulation: 0)
level.getFillPerLayer[1](): 9,216
ideal_bandwidth_fill_per_layer[1]: 0.0018437368961841689

Latency for layer: 2 of Level: WeightMemory
level.active_instances_per_layer[2]: 1
level.temporal_iterations_per_layer[2]: 8648
Scaling per layer[2]: 8,648
Single Tile latency: cc_per_tile_per_layer[2]: 1.0034722222222223
Ideal Case, Latency at this level without stalls: cc_per_all_tiles_per_layer[2]: 578.0
SCALED cc_per_all_tiles_per_layer[2]: 4,998,544
level.getReadPerLayer[2](): 79,699,968
  (For comparison - full reads including accumulation: 79,699,968)
ideal_bandwidth_read_per_layer[2]: 15.944636678200691
level.getDrainPerLayer[2](): 0
ideal_bandwidth_drain_per_layer[2]: 0.0
ideal_bandwidth_update_per_layer[2]: 0.0
  (For comparison - full updates including accumulation: 0)
level.getFillPerLayer[2](): 9,216
ideal_bandwidth_fill_per_layer[2]: 0.0018437368961841689

Latency for layer: 3 of Level: WeightMemory
level.active_instances_per_layer[3]: 1
level.temporal_iterations_per_layer[3]: 8648
Scaling per layer[3]: 8,648
Single Tile latency: cc_per_tile_per_layer[3]: 1
Ideal Case, Latency at this level without stalls: cc_per_all_tiles_per_layer[3]: 576
SCALED cc_per_all_tiles_per_layer[3]: 4,981,248
level.getReadPerLayer[3](): 79,699,968
  (For comparison - full reads including accumulation: 79,699,968)
ideal_bandwidth_read_per_layer[3]: 16.0
level.getDrainPerLayer[3](): 0
ideal_bandwidth_drain_per_layer[3]: 0.0
ideal_bandwidth_update_per_layer[3]: 0.0
  (For comparison - full updates including accumulation: 0)
level.getFillPerLayer[3](): 9,216
ideal_bandwidth_fill_per_layer[3]: 0.0018501387604070306

Start of calculation of latency:


Layer_id: 0 in WeightMemory

ideal_bandwidth_read_per_layer[0] + ideal_bandwidth_drain_per_layer[0]: 13.090909090909092 vs level.read_bandwidth: 16
I am in Compute Bound
cc_per_all_tiles_per_layer[0]: 22.0
STANDARD CASE latency_read_drain_per_layer[0]: 22.0

ideal_bandwidth_fill_per_layer[0] + ideal_bandwidth_update_per_layer[0]: 0.0015137498948784795 vs level.write_bandwidth: 16
previous_fanout_pe_to_pe_warmup: 0
STANDARD CASE latency_fill_update_per_layer[0]: 22.0


Layer_id: 1 in WeightMemory

ideal_bandwidth_read_per_layer[1] + ideal_bandwidth_drain_per_layer[1]: 15.944636678200691 vs level.read_bandwidth: 16
I am in Compute Bound
cc_per_all_tiles_per_layer[1]: 578.0
STANDARD CASE latency_read_drain_per_layer[1]: 578.0

ideal_bandwidth_fill_per_layer[1] + ideal_bandwidth_update_per_layer[1]: 0.0018437368961841689 vs level.write_bandwidth: 16
previous_fanout_pe_to_pe_warmup: 0
STANDARD CASE latency_fill_update_per_layer[1]: 578.0


Layer_id: 2 in WeightMemory

ideal_bandwidth_read_per_layer[2] + ideal_bandwidth_drain_per_layer[2]: 15.944636678200691 vs level.read_bandwidth: 16
I am in Compute Bound
cc_per_all_tiles_per_layer[2]: 578.0
STANDARD CASE latency_read_drain_per_layer[2]: 578.0

ideal_bandwidth_fill_per_layer[2] + ideal_bandwidth_update_per_layer[2]: 0.0018437368961841689 vs level.write_bandwidth: 16
previous_fanout_pe_to_pe_warmup: 0
STANDARD CASE latency_fill_update_per_layer[2]: 578.0


Layer_id: 3 in WeightMemory

ideal_bandwidth_read_per_layer[3] + ideal_bandwidth_drain_per_layer[3]: 16.0 vs level.read_bandwidth: 16
I am in Compute Bound
cc_per_all_tiles_per_layer[3]: 576
STANDARD CASE latency_read_drain_per_layer[3]: 576

ideal_bandwidth_fill_per_layer[3] + ideal_bandwidth_update_per_layer[3]: 0.0018501387604070306 vs level.write_bandwidth: 16
previous_fanout_pe_to_pe_warmup: 0
STANDARD CASE latency_fill_update_per_layer[3]: 576

End of calculation of latency.

Calculating per tile final latency and stall for layer 0 in WeightMemory: latency_read_drain_per_layer[0] = 22.0, latency_fill_update_per_layer[0] = 22.0
Final per tile latency_per_layer[0]: 22
Final per tile stall_cycles_per_layer[0]: 0
Ideal case: no stall introduced by this level per this layer: cc_per_all_tiles_per_layer[0]: 22
Calculating per tile final latency and stall for layer 1 in WeightMemory: latency_read_drain_per_layer[1] = 578.0, latency_fill_update_per_layer[1] = 578.0
Final per tile latency_per_layer[1]: 578
Final per tile stall_cycles_per_layer[1]: 0
Ideal case: no stall introduced by this level per this layer: cc_per_all_tiles_per_layer[1]: 578
Calculating per tile final latency and stall for layer 2 in WeightMemory: latency_read_drain_per_layer[2] = 578.0, latency_fill_update_per_layer[2] = 578.0
Final per tile latency_per_layer[2]: 578
Final per tile stall_cycles_per_layer[2]: 0
Ideal case: no stall introduced by this level per this layer: cc_per_all_tiles_per_layer[2]: 578
Calculating per tile final latency and stall for layer 3 in WeightMemory: latency_read_drain_per_layer[3] = 576, latency_fill_update_per_layer[3] = 576
Final per tile latency_per_layer[3]: 576
Final per tile stall_cycles_per_layer[3]: 0
Ideal case: no stall introduced by this level per this layer: cc_per_all_tiles_per_layer[3]: 576


Calculating Latency for Level: FeatureMemory

Latency for layer: 0 of Level: FeatureMemory
level.active_instances_per_layer[0]: 1
level.temporal_iterations_per_layer[0]: 8648
Scaling per layer[0]: 8,648
Single Tile latency: cc_per_tile_per_layer[0]: 22.0
Ideal Case, Latency at this level without stalls: cc_per_all_tiles_per_layer[0]: 22.0
SCALED cc_per_all_tiles_per_layer[0]: 190,256
level.getReadPerLayer[0](): 16,624,915
  (For comparison - full reads including accumulation: 16,624,915)
ideal_bandwidth_read_per_layer[0]: 87.38181818181818
level.getDrainPerLayer[0](): 0
ideal_bandwidth_drain_per_layer[0]: 0.0
ideal_bandwidth_update_per_layer[0]: 78.54545454545455
  (For comparison - full updates including accumulation: 14,943,744)
level.getFillPerLayer[0](): 466,992
ideal_bandwidth_fill_per_layer[0]: 2.4545454545454546

Latency for layer: 1 of Level: FeatureMemory
level.active_instances_per_layer[1]: 1
level.temporal_iterations_per_layer[1]: 8648
Scaling per layer[1]: 8,648
Single Tile latency: cc_per_tile_per_layer[1]: 578.0
Ideal Case, Latency at this level without stalls: cc_per_all_tiles_per_layer[1]: 578.0
SCALED cc_per_all_tiles_per_layer[1]: 4,998,544
level.getReadPerLayer[1](): 68,741,222
  (For comparison - full reads including accumulation: 68,741,222)
ideal_bandwidth_read_per_layer[1]: 13.752249134948098
level.getDrainPerLayer[1](): 0
ideal_bandwidth_drain_per_layer[1]: 0.0
ideal_bandwidth_update_per_layer[1]: 2.98961937716263
  (For comparison - full updates including accumulation: 14,943,744)
level.getFillPerLayer[1](): 0
ideal_bandwidth_fill_per_layer[1]: 0.0

Latency for layer: 2 of Level: FeatureMemory
level.active_instances_per_layer[2]: 1
level.temporal_iterations_per_layer[2]: 8648
Scaling per layer[2]: 8,648
Single Tile latency: cc_per_tile_per_layer[2]: 578.0
Ideal Case, Latency at this level without stalls: cc_per_all_tiles_per_layer[2]: 578.0
SCALED cc_per_all_tiles_per_layer[2]: 4,998,544
level.getReadPerLayer[2](): 68,741,222
  (For comparison - full reads including accumulation: 68,741,222)
ideal_bandwidth_read_per_layer[2]: 13.752249134948098
level.getDrainPerLayer[2](): 0
ideal_bandwidth_drain_per_layer[2]: 0.0
ideal_bandwidth_update_per_layer[2]: 2.98961937716263
  (For comparison - full updates including accumulation: 14,943,744)
level.getFillPerLayer[2](): 0
ideal_bandwidth_fill_per_layer[2]: 0.0

Latency for layer: 3 of Level: FeatureMemory
level.active_instances_per_layer[3]: 1
level.temporal_iterations_per_layer[3]: 8648
Scaling per layer[3]: 8,648
Single Tile latency: cc_per_tile_per_layer[3]: 576
Ideal Case, Latency at this level without stalls: cc_per_all_tiles_per_layer[3]: 576
SCALED cc_per_all_tiles_per_layer[3]: 4,981,248
level.getReadPerLayer[3](): 53,797,478
  (For comparison - full reads including accumulation: 53,797,478)
ideal_bandwidth_read_per_layer[3]: 10.799999999999999
level.getDrainPerLayer[3](): 14,943,744
ideal_bandwidth_drain_per_layer[3]: 3.0
ideal_bandwidth_update_per_layer[3]: 3.0
  (For comparison - full updates including accumulation: 14,943,744)
level.getFillPerLayer[3](): 0
ideal_bandwidth_fill_per_layer[3]: 0.0

Start of calculation of latency:
I am in FeatureMemory level, so I use different formula for latency calculation


Layer_id: 0 in FeatureMemory

scaling_per_layer[0]: 8648
I AM HERE total_data_rd: 16624915
latency_per_layer[0]: 28.485511188433833, latency_read_drain_per_layer[0]: 14.563636188433831, latency_fill_update_per_layer[0]: 13.921875
Total latency so far: 28.485511188433833


Layer_id: 1 in FeatureMemory

scaling_per_layer[1]: 8648
I AM HERE total_data_rd: 68741222
latency_per_layer[1]: 73.71818146777676, latency_read_drain_per_layer[1]: 60.21818146777675, latency_fill_update_per_layer[1]: 13.5
Total latency so far: 102.20369265621059


Layer_id: 2 in FeatureMemory

scaling_per_layer[2]: 8648
I AM HERE total_data_rd: 68741222
latency_per_layer[2]: 73.71818146777676, latency_read_drain_per_layer[2]: 60.21818146777675, latency_fill_update_per_layer[2]: 13.5
Total latency so far: 175.92187412398735


Layer_id: 3 in FeatureMemory

scaling_per_layer[3]: 8648
I AM HERE total_data_rd: 68741222
latency_per_layer[3]: 73.71818146777676, latency_read_drain_per_layer[3]: 60.21818146777675, latency_fill_update_per_layer[3]: 13.5
Total latency so far: 249.6400555917641

End of calculation of latency.

Calculating per tile final latency and stall for layer 0 in FeatureMemory: latency_read_drain_per_layer[0] = 14.563636188433831, latency_fill_update_per_layer[0] = 13.921875
Final per tile latency_per_layer[0]: 28
Final per tile stall_cycles_per_layer[0]: 6
Ideal case: no stall introduced by this level per this layer: cc_per_all_tiles_per_layer[0]: 22
Calculating per tile final latency and stall for layer 1 in FeatureMemory: latency_read_drain_per_layer[1] = 60.21818146777675, latency_fill_update_per_layer[1] = 13.5
Final per tile latency_per_layer[1]: 578
Final per tile stall_cycles_per_layer[1]: 0
Ideal case: no stall introduced by this level per this layer: cc_per_all_tiles_per_layer[1]: 578
Calculating per tile final latency and stall for layer 2 in FeatureMemory: latency_read_drain_per_layer[2] = 60.21818146777675, latency_fill_update_per_layer[2] = 13.5
Final per tile latency_per_layer[2]: 578
Final per tile stall_cycles_per_layer[2]: 0
Ideal case: no stall introduced by this level per this layer: cc_per_all_tiles_per_layer[2]: 578
Calculating per tile final latency and stall for layer 3 in FeatureMemory: latency_read_drain_per_layer[3] = 60.21818146777675, latency_fill_update_per_layer[3] = 13.5
Final per tile latency_per_layer[3]: 576
Final per tile stall_cycles_per_layer[3]: 0
Ideal case: no stall introduced by this level per this layer: cc_per_all_tiles_per_layer[3]: 576


Calculating Latency for Level: DRAM

Latency for layer: 0 of Level: DRAM
level.active_instances_per_layer[0]: 1
level.temporal_iterations_per_layer[0]: 1
Scaling per layer[0]: 1
Single Tile latency: cc_per_tile_per_layer[0]: 28.485511188433833
Ideal Case, Latency at this level without stalls: cc_per_all_tiles_per_layer[0]: 246342.70075757577
SCALED cc_per_all_tiles_per_layer[0]: 246,343
level.getReadPerLayer[0](): 467,280
  (For comparison - full reads including accumulation: 467,280)
ideal_bandwidth_read_per_layer[0]: 1.8968696801771576
level.getDrainPerLayer[0](): 0
ideal_bandwidth_drain_per_layer[0]: 0.0
ideal_bandwidth_update_per_layer[0]: 0.0
  (For comparison - full updates including accumulation: 0)
level.getFillPerLayer[0](): 0
ideal_bandwidth_fill_per_layer[0]: 0.0

Latency for layer: 1 of Level: DRAM
level.active_instances_per_layer[1]: 1
level.temporal_iterations_per_layer[1]: 1
Scaling per layer[1]: 1
Single Tile latency: cc_per_tile_per_layer[1]: 578.0
Ideal Case, Latency at this level without stalls: cc_per_all_tiles_per_layer[1]: 4998544.0
SCALED cc_per_all_tiles_per_layer[1]: 4,998,544
level.getReadPerLayer[1](): 9,216
  (For comparison - full reads including accumulation: 9,216)
ideal_bandwidth_read_per_layer[1]: 0.0018437368961841689
level.getDrainPerLayer[1](): 0
ideal_bandwidth_drain_per_layer[1]: 0.0
ideal_bandwidth_update_per_layer[1]: 0.0
  (For comparison - full updates including accumulation: 0)
level.getFillPerLayer[1](): 0
ideal_bandwidth_fill_per_layer[1]: 0.0

Latency for layer: 2 of Level: DRAM
level.active_instances_per_layer[2]: 1
level.temporal_iterations_per_layer[2]: 1
Scaling per layer[2]: 1
Single Tile latency: cc_per_tile_per_layer[2]: 578.0
Ideal Case, Latency at this level without stalls: cc_per_all_tiles_per_layer[2]: 4998544.0
SCALED cc_per_all_tiles_per_layer[2]: 4,998,544
level.getReadPerLayer[2](): 9,216
  (For comparison - full reads including accumulation: 9,216)
ideal_bandwidth_read_per_layer[2]: 0.0018437368961841689
level.getDrainPerLayer[2](): 0
ideal_bandwidth_drain_per_layer[2]: 0.0
ideal_bandwidth_update_per_layer[2]: 0.0
  (For comparison - full updates including accumulation: 0)
level.getFillPerLayer[2](): 0
ideal_bandwidth_fill_per_layer[2]: 0.0

Latency for layer: 3 of Level: DRAM
level.active_instances_per_layer[3]: 1
level.temporal_iterations_per_layer[3]: 1
Scaling per layer[3]: 1
Single Tile latency: cc_per_tile_per_layer[3]: 576
Ideal Case, Latency at this level without stalls: cc_per_all_tiles_per_layer[3]: 4981248
SCALED cc_per_all_tiles_per_layer[3]: 4,981,248
level.getReadPerLayer[3](): 9,216
  (For comparison - full reads including accumulation: 9,216)
ideal_bandwidth_read_per_layer[3]: 0.0018501387604070306
level.getDrainPerLayer[3](): 0
ideal_bandwidth_drain_per_layer[3]: 0.0
ideal_bandwidth_update_per_layer[3]: 3.0
  (For comparison - full updates including accumulation: 14,943,744)
level.getFillPerLayer[3](): 0
ideal_bandwidth_fill_per_layer[3]: 0.0

Start of calculation of latency:


Layer_id: 0 in DRAM

ideal_bandwidth_read_per_layer[0] + ideal_bandwidth_drain_per_layer[0]: 1.8968696801771576 vs level.read_bandwidth: 12
I am in Compute Bound
cc_per_all_tiles_per_layer[0]: 246342.70075757577
STANDARD CASE latency_read_drain_per_layer[0]: 246342.70075757577

ideal_bandwidth_fill_per_layer[0] + ideal_bandwidth_update_per_layer[0]: 0.0 vs level.write_bandwidth: 12
previous_fanout_pe_to_pe_warmup: 0
STANDARD CASE latency_fill_update_per_layer[0]: 246342.70075757577


Layer_id: 1 in DRAM

ideal_bandwidth_read_per_layer[1] + ideal_bandwidth_drain_per_layer[1]: 0.0018437368961841689 vs level.read_bandwidth: 12
I am in Compute Bound
cc_per_all_tiles_per_layer[1]: 4998544.0
STANDARD CASE latency_read_drain_per_layer[1]: 4998544.0

ideal_bandwidth_fill_per_layer[1] + ideal_bandwidth_update_per_layer[1]: 0.0 vs level.write_bandwidth: 12
previous_fanout_pe_to_pe_warmup: 0
STANDARD CASE latency_fill_update_per_layer[1]: 4998544.0


Layer_id: 2 in DRAM

ideal_bandwidth_read_per_layer[2] + ideal_bandwidth_drain_per_layer[2]: 0.0018437368961841689 vs level.read_bandwidth: 12
I am in Compute Bound
cc_per_all_tiles_per_layer[2]: 4998544.0
STANDARD CASE latency_read_drain_per_layer[2]: 4998544.0

ideal_bandwidth_fill_per_layer[2] + ideal_bandwidth_update_per_layer[2]: 0.0 vs level.write_bandwidth: 12
previous_fanout_pe_to_pe_warmup: 0
STANDARD CASE latency_fill_update_per_layer[2]: 4998544.0


Layer_id: 3 in DRAM

ideal_bandwidth_read_per_layer[3] + ideal_bandwidth_drain_per_layer[3]: 0.0018501387604070306 vs level.read_bandwidth: 12
I am in Compute Bound
cc_per_all_tiles_per_layer[3]: 4981248
STANDARD CASE latency_read_drain_per_layer[3]: 4981248

ideal_bandwidth_fill_per_layer[3] + ideal_bandwidth_update_per_layer[3]: 3.0 vs level.write_bandwidth: 12
previous_fanout_pe_to_pe_warmup: 0
STANDARD CASE latency_fill_update_per_layer[3]: 4981248

End of calculation of latency.

Calculating per tile final latency and stall for layer 0 in DRAM: latency_read_drain_per_layer[0] = 246342.70075757577, latency_fill_update_per_layer[0] = 246342.70075757577
Final per tile latency_per_layer[0]: 246,343
Final per tile stall_cycles_per_layer[0]: 0
Ideal case: no stall introduced by this level per this layer: cc_per_all_tiles_per_layer[0]: 246,343
Calculating per tile final latency and stall for layer 1 in DRAM: latency_read_drain_per_layer[1] = 4998544.0, latency_fill_update_per_layer[1] = 4998544.0
Final per tile latency_per_layer[1]: 4,998,544
Final per tile stall_cycles_per_layer[1]: 0
Ideal case: no stall introduced by this level per this layer: cc_per_all_tiles_per_layer[1]: 4,998,544
Calculating per tile final latency and stall for layer 2 in DRAM: latency_read_drain_per_layer[2] = 4998544.0, latency_fill_update_per_layer[2] = 4998544.0
Final per tile latency_per_layer[2]: 4,998,544
Final per tile stall_cycles_per_layer[2]: 0
Ideal case: no stall introduced by this level per this layer: cc_per_all_tiles_per_layer[2]: 4,998,544
Calculating per tile final latency and stall for layer 3 in DRAM: latency_read_drain_per_layer[3] = 4981248, latency_fill_update_per_layer[3] = 4981248
Final per tile latency_per_layer[3]: 4,981,248
Final per tile stall_cycles_per_layer[3]: 0
Ideal case: no stall introduced by this level per this layer: cc_per_all_tiles_per_layer[3]: 4,981,248


Final WMOPs and Latency calculation for Level: DRAM
Level: DRAM, Layer: 0
max_latency_per_layer[0]: 0 before update
level.getSettedLatencyPerLayer[0](): 246,343
Level: DRAM, Layer: 1
max_latency_per_layer[1]: 0 before update
level.getSettedLatencyPerLayer[1](): 4,998,544
Level: DRAM, Layer: 2
max_latency_per_layer[2]: 0 before update
level.getSettedLatencyPerLayer[2](): 4,998,544
Level: DRAM, Layer: 3
max_latency_per_layer[3]: 0 before update
level.getSettedLatencyPerLayer[3](): 4,981,248
Level DRAM: Thesis_4Layers_534528KB_FMEM_16x64_PEs, max_latency (sequential layers): 15,224,679


Final WMOPs and Latency calculation for Level: FeatureMemory
Level: FeatureMemory, Layer: 0
max_latency_per_layer[0]: 246,343 before update
level.getSettedLatencyPerLayer[0](): 15
Level: FeatureMemory, Layer: 1
max_latency_per_layer[1]: 4,998,544 before update
level.getSettedLatencyPerLayer[1](): 60
Level: FeatureMemory, Layer: 2
max_latency_per_layer[2]: 4,998,544 before update
level.getSettedLatencyPerLayer[2](): 60
Level: FeatureMemory, Layer: 3
max_latency_per_layer[3]: 4,981,248 before update
level.getSettedLatencyPerLayer[3](): 520,767
Level FeatureMemory: Thesis_4Layers_534528KB_FMEM_16x64_PEs, max_latency (sequential layers): 15,224,679


Final WMOPs and Latency calculation for Level: WeightMemory
Level: WeightMemory, Layer: 0
max_latency_per_layer[0]: 246,343 before update
level.getSettedLatencyPerLayer[0](): 22
Level: WeightMemory, Layer: 1
max_latency_per_layer[1]: 4,998,544 before update
level.getSettedLatencyPerLayer[1](): 578
Level: WeightMemory, Layer: 2
max_latency_per_layer[2]: 4,998,544 before update
level.getSettedLatencyPerLayer[2](): 578
Level: WeightMemory, Layer: 3
max_latency_per_layer[3]: 4,981,248 before update
level.getSettedLatencyPerLayer[3](): 4,981,248
Level WeightMemory: Thesis_4Layers_534528KB_FMEM_16x64_PEs, max_latency (sequential layers): 15,224,679


Final WMOPs and Latency calculation for Level: SACols_3


Final WMOPs and Latency calculation for Level: SARows_3


Final WMOPs and Latency calculation for Level: SACols_2


Final WMOPs and Latency calculation for Level: SARows_2


Final WMOPs and Latency calculation for Level: SACols_1


Final WMOPs and Latency calculation for Level: SARows_1


Final WMOPs and Latency calculation for Level: SACols_0


Final WMOPs and Latency calculation for Level: SARows_0


Final WMOPs and Latency calculation for Level: WeightRegister
Level: WeightRegister, Layer: 0
max_latency_per_layer[0]: 246,343 before update
level.getSettedLatencyPerLayer[0](): 1
Level: WeightRegister, Layer: 1
max_latency_per_layer[1]: 4,998,544 before update
level.getSettedLatencyPerLayer[1](): 1
Level: WeightRegister, Layer: 2
max_latency_per_layer[2]: 4,998,544 before update
level.getSettedLatencyPerLayer[2](): 1
Level: WeightRegister, Layer: 3
max_latency_per_layer[3]: 4,981,248 before update
level.getSettedLatencyPerLayer[3](): 4,981,248
Level WeightRegister: Thesis_4Layers_534528KB_FMEM_16x64_PEs, max_latency (sequential layers): 15,224,679


Final WMOPs and Latency calculation for Level: AccumulationIntermediateOutputRegister
Level: AccumulationIntermediateOutputRegister, Layer: 0
max_latency_per_layer[0]: 246,343 before update
level.getSettedLatencyPerLayer[0](): 1
Level: AccumulationIntermediateOutputRegister, Layer: 1
max_latency_per_layer[1]: 4,998,544 before update
level.getSettedLatencyPerLayer[1](): 1
Level: AccumulationIntermediateOutputRegister, Layer: 2
max_latency_per_layer[2]: 4,998,544 before update
level.getSettedLatencyPerLayer[2](): 1
Level: AccumulationIntermediateOutputRegister, Layer: 3
max_latency_per_layer[3]: 4,981,248 before update
level.getSettedLatencyPerLayer[3](): 4,981,248
Level AccumulationIntermediateOutputRegister: Thesis_4Layers_534528KB_FMEM_16x64_PEs, max_latency (sequential layers): 15,224,679


Final WMOPs and Latency calculation for Level: AccumulationOutputRegister
Level: AccumulationOutputRegister, Layer: 0
max_latency_per_layer[0]: 246,343 before update
level.getSettedLatencyPerLayer[0](): 1
Level: AccumulationOutputRegister, Layer: 1
max_latency_per_layer[1]: 4,998,544 before update
level.getSettedLatencyPerLayer[1](): 1
Level: AccumulationOutputRegister, Layer: 2
max_latency_per_layer[2]: 4,998,544 before update
level.getSettedLatencyPerLayer[2](): 1
Level: AccumulationOutputRegister, Layer: 3
max_latency_per_layer[3]: 4,981,248 before update
level.getSettedLatencyPerLayer[3](): 4,981,248
Level AccumulationOutputRegister: Thesis_4Layers_534528KB_FMEM_16x64_PEs, max_latency (sequential layers): 15,224,679


Final WMOPs and Latency calculation for Level: Compute
Compute level latency: 1
Compute latency for layer 0: 155,664
Compute latency for layer 1: 4,981,248
Compute latency for layer 2: 4,981,248
Compute latency for layer 3: 4,981,248
max_latency initially: 15224678.700757576
compute_latency from compute level: 15,099,408
max_latency after compute: 15,224,679, before fanout_level
DRAM in_reads set to: 466992, w_reads set to: 27936, out_reads: 0, int_in_reads: 0, int_out_reads: 0
DRAM Reads: 494928: in:466992, w:27936, out:0, int_in:0, int_out:0
level SACols_3 utilization: 54/64=0.84375
utilization after level SACols_3: 0.84375
level SARows_3 utilization: 16/16=1.0
utilization after level SARows_3: 0.84375
level SACols_2 utilization: 54/64=0.84375
utilization after level SACols_2: 0.7119140625
level SARows_2 utilization: 16/16=1.0
utilization after level SARows_2: 0.7119140625
level SACols_1 utilization: 54/64=0.84375
utilization after level SACols_1: 0.600677490234375
level SARows_1 utilization: 16/16=1.0
utilization after level SARows_1: 0.600677490234375
level SACols_0 utilization: 54/64=0.84375
utilization after level SACols_0: 0.5068216323852539
level SARows_0 utilization: 16/16=1.0
utilization after level SARows_0: 0.5068216323852539
level Compute utilization: 1/1=1.0
utilization after level Compute: 0.5068216323852539
Arch: Thesis_4Layers_534528KB_FMEM_16x64_PEs: spatial utilization is 0.5068216323852539

Finished in: 0.230s

Best mapping found with:
	Wart: 5.320e+19
	EDP: 2.046e+05 (J*cycle)
	Energy: 1.132e+04 (uJ)
	Latency: 1.522e+07 (cc)

Mapping:
DRAM ----------> Q: 23, P: 376, X2: 23, Y2: 376, X1: 23, Y1: 376, X0: 23, Y0: 376
FeatureMemory -
WeightMemory --> Z3: 2, C3: 32, R3: 3, S3: 3, Z2: 2, C2: 32, R2: 3, S2: 3, Z1: 2, C1: 32, R1: 3, S1: 3, Z0: 2, R0: 3, S0: 3
SACols_3 ------> Q: 54
SARows_3 ------> Z3: 16
SACols_2 ------> X2: 54
SARows_2 ------> Z2: 16
SACols_1 ------> X1: 54
SARows_1 ------> Z1: 16
SACols_0 ------> X0: 54
SARows_0 ------> Z0: 16
WeightRegister 
AccumulationIntermediateOutputRegister 
AccumulationOutputRegister 
Compute -------

Final MOPs per memory level:
PRINT MOP FUSION!!!
DRAM:		Output Reads = 0 (reads) + 0 (drains), Output Writes = 14,943,744 (updates) + 0 (fills)
DRAM:		Input Reads = 466,992 (reads), Input Writes = 0 (writes)
DRAM:		Per-Layer W_R: [L0: 288, L1: 9,216, L2: 9,216, L3: 9,216], Total: 27,936
DRAM:		Per-Layer Int_In_R: [L0: 0, L1: 0, L2: 0], Total: 0
DRAM:		Per-Layer Int_Out_R: [L0: 0, L1: 0, L2: 0], Total: 0
DRAM:		Per-Layer Int_Out_W: [L0: 0, L1: 0, L2: 0], Total: 0
DRAM:		Total Reads = 494,928, Total Writes = 14,943,744
DEBUG: Calculating WMOPs for level DRAM with reads=494928, writes=14943744
DEBUG: WMOPs for level DRAM = 494,037,504.000, 4.940e+08 pJ
FeatureMemory:	Output Reads = 0 (reads) + 14,943,744 (drains), Output Writes = 14,943,744 (updates) + 0 (fills)
FeatureMemory:	Input Reads = 8,405,856 (reads), Input Writes = 466,992 (writes)
FeatureMemory:	Per-Layer W_R: [L0: 0, L1: 0, L2: 0, L3: 0], Total: 0
FeatureMemory:	Per-Layer Int_In_R: [L0: 268,987,392, L1: 268,987,392, L2: 268,987,392], Total: 806,962,176
FeatureMemory:	Per-Layer Int_Out_R: [L0: 14,943,744, L1: 14,943,744, L2: 14,943,744], Total: 44,831,232
FeatureMemory:	Per-Layer Int_Out_W: [L0: 14,943,744, L1: 14,943,744, L2: 14,943,744], Total: 44,831,232
FeatureMemory:	Total Reads = 875,143,008, Total Writes = 60,241,968
DEBUG: Calculating WMOPs for level FeatureMemory with reads=875143008, writes=60241968
DEBUG: WMOPs for level FeatureMemory = 927,251,843.510, 9.273e+08 pJ
WeightMemory:	Per-Layer W_R: [L0: 2,490,624, L1: 79,699,968, L2: 79,699,968, L3: 79,699,968], Total: 241,590,528
WeightMemory:	Per-Layer Int_In_R: [L0: 0, L1: 0, L2: 0], Total: 0
WeightMemory:	Per-Layer Int_Out_R: [L0: 0, L1: 0, L2: 0], Total: 0
WeightMemory:	Per-Layer Int_Out_W: [L0: 0, L1: 0, L2: 0], Total: 0
WeightMemory:	Total Reads = 241,590,528, Total Writes = 0
DEBUG: Calculating WMOPs for level WeightMemory with reads=241590528, writes=0
DEBUG: WMOPs for level WeightMemory = 966,424,917.157, 9.664e+08 pJ
WeightRegister:	Per-Layer W_R: [L0: 134,493,696, L1: 4,303,798,272, L2: 4,303,798,272, L3: 4,303,798,272], Total: 13,045,888,512
WeightRegister:	Per-Layer Int_In_R: [L0: 0, L1: 0, L2: 0], Total: 0
WeightRegister:	Per-Layer Int_Out_R: [L0: 0, L1: 0, L2: 0], Total: 0
WeightRegister:	Per-Layer Int_Out_W: [L0: 0, L1: 0, L2: 0], Total: 0
WeightRegister:	Total Reads = 13,045,888,512, Total Writes = 0
DEBUG: Calculating WMOPs for level WeightRegister with reads=13045888512, writes=0
DEBUG: WMOPs for level WeightRegister = 3,081,770,894.136, 3.082e+09 pJ
AccumulationIntermediateOutputRegister:Per-Layer W_R: [L0: 0, L1: 0, L2: 0, L3: 0], Total: 0
AccumulationIntermediateOutputRegister:Per-Layer Int_In_R: [L0: 0, L1: 0, L2: 0], Total: 0
AccumulationIntermediateOutputRegister:Per-Layer Int_Out_R: [L0: 149,437,440, L1: 4,318,742,016, L2: 4,318,742,016], Total: 8,786,921,472
AccumulationIntermediateOutputRegister:Per-Layer Int_Out_W: [L0: 149,437,440, L1: 4,318,742,016, L2: 4,318,742,016], Total: 8,786,921,472
AccumulationIntermediateOutputRegister:Total Reads = 8,786,921,472, Total Writes = 8,786,921,472
DEBUG: Calculating WMOPs for level AccumulationIntermediateOutputRegister with reads=8786921472, writes=8786921472
DEBUG: WMOPs for level AccumulationIntermediateOutputRegister = 6,643,368,146.556, 6.643e+09 pJ
AccumulationOutputRegister:Output Reads = 4,288,854,528 (reads) + 14,943,744 (drains), Output Writes = 4,303,798,272 (updates) + 0 (fills)
AccumulationOutputRegister:Per-Layer W_R: [L0: 0, L1: 0, L2: 0, L3: 0], Total: 0
AccumulationOutputRegister:Per-Layer Int_In_R: [L0: 0, L1: 0, L2: 0], Total: 0
AccumulationOutputRegister:Per-Layer Int_Out_R: [L0: 0, L1: 0, L2: 0], Total: 0
AccumulationOutputRegister:Per-Layer Int_Out_W: [L0: 0, L1: 0, L2: 0], Total: 0
AccumulationOutputRegister:Total Reads = 4,303,798,272, Total Writes = 4,303,798,272
DEBUG: Calculating WMOPs for level AccumulationOutputRegister with reads=4303798272, writes=4303798272
DEBUG: WMOPs for level AccumulationOutputRegister = 8,387,823,943.660, 8.388e+09 pJ
Totals:		27,253,836,720 R, 13,165,905,456 W, 40,419,742,176 Tot
Energy:		11,321.310 uJ

Final Latency per level:
DRAM:		15,224,679 cc Read Drain , 15,224,679 cc Fill Update (Total across 4 layers), 12.0 Read Bandwidth , 12.0 Write Bandwidth,
		1.897 Max Ideal Read , 0.000 Max Ideal Drain , 3.000 Max Ideal Update , 0.000 Max Ideal Fill , 
		0 Total Stall Cycles
FeatureMemory:	520,902 cc Read Drain , 116,789 cc Fill Update (Total across 4 layers), 132.0 Read Bandwidth , 128.0 Write Bandwidth,
		87.382 Max Ideal Read , 3.000 Max Ideal Drain , 78.545 Max Ideal Update , 2.455 Max Ideal Fill , 
		6 Total Stall Cycles
WeightMemory:	4,982,426 cc Read Drain , 4,982,426 cc Fill Update (Total across 4 layers), 16.0 Read Bandwidth , 16.0 Write Bandwidth,
		16.000 Max Ideal Read , 0.000 Max Ideal Drain , 0.000 Max Ideal Update , 0.002 Max Ideal Fill , 
		0 Total Stall Cycles
WeightRegister:	4,981,251 cc Read Drain , 4,981,251 cc Fill Update (Total across 4 layers), 1.0 Read Bandwidth , 1.0 Write Bandwidth,
		1.000 Max Ideal Read , 0.000 Max Ideal Drain , 0.000 Max Ideal Update , 1.000 Max Ideal Fill , 
		0 Total Stall Cycles
AccumulationIntermediateOutputRegister:4,981,251 cc Read Drain , 4,981,251 cc Fill Update (Total across 4 layers), 1.0 Read Bandwidth , 1.0 Write Bandwidth,
		1.111 Max Ideal Read , 0.111 Max Ideal Drain , 1.000 Max Ideal Update , 0.111 Max Ideal Fill , 
		0 Total Stall Cycles
AccumulationOutputRegister:4,981,251 cc Read Drain , 4,981,251 cc Fill Update (Total across 4 layers), 1.0 Read Bandwidth , 1.0 Write Bandwidth,
		0.997 Max Ideal Read , 0.003 Max Ideal Drain , 1.000 Max Ideal Update , 0.000 Max Ideal Fill , 
		0 Total Stall Cycles
Max Latency:	4,998,544 cc of level DRAM
  ✓ EDP: 2.05e+05
[2/3] FMEM=522KB, WMEM=28KB, PE=16x128
Creating architecture: Thesis_4Layers_534528KB_FMEM_16x128_PEs with coupling: dims: C0Y0X0R0S0Z0C1R1S1Y1X1Z1C2R2S2Y2X2Z2C3R3S3PQZ3, in_coupling: [C0][Y0+R0][X0+S0], w_coupling: W0: [Z0][C0][R0][S0],W1: [Z1][C1][R1][S1],W2: [Z2][C2][R2][S2],W3: [Z3][C3][R3][S3],, out_coupling: [Z3][P][Q]
final_layer_dims: {'S3', 'S0', 'X0', 'R3', 'C3', 'P', 'Q', 'C0', 'R0', 'Y0', 'Z3'}, coupling.dims: ['C0', 'Y0', 'X0', 'R0', 'S0', 'Z0', 'C1', 'R1', 'S1', 'Y1', 'X1', 'Z1', 'C2', 'R2', 'S2', 'Y2', 'X2', 'Z2', 'C3', 'R3', 'S3', 'P', 'Q', 'Z3']
INFO: Arch: Thesis_4Layers_534528KB_FMEM_16x128_PEs: identified intermediate dimensions: {'Y1', 'S1', 'C2', 'Z2', 'R2', 'Z1', 'X1', 'S2', 'Y2', 'R1', 'Z0', 'C1', 'X2'}
INFO: Added high constraint for intermediate dimension P in level WeightRegister
INFO: Added high constraint for intermediate dimension R1 in level WeightRegister
INFO: Added high constraint for intermediate dimension P in level AccumulationIntermediateOutputRegister
INFO: Added high constraint for intermediate dimension R1 in level AccumulationIntermediateOutputRegister
INFO: Added high constraint for intermediate dimension P in level AccumulationOutputRegister
INFO: Added high constraint for intermediate dimension R1 in level AccumulationOutputRegister
Starting engine with mapper: breadthfirst_local

WARNING: running on a Python version without free-threading (GIL enabled), this program relies heavily on true multithreading, thus expect a severe performance hit with your current setup. Consider updating to Python 3.13t or newer.
INFO: running multithreaded with THREADS_COUNT = 8

DEBUG interleave: START - Called from breadthfirst_local.py:600 in optimizeDataflows()
                       array=['Q', 'P', 'X2', 'Y2', 'X1', 'Y1', 'X0', 'Y0'], elements=['C0', 'R0', 'S0', 'Z0', 'C1', 'R1', 'S1', 'Z1', 'C2', 'R2', 'S2', 'Z2', 'C3', 'R3', 'S3', 'Z3'] (len=16)
interleave: too many elements (16), returning 3 results
['C1', 'Y1', 'R1', 'X1', 'S1']
['C2', 'Y2', 'R2', 'X2', 'S2']
['C3', 'P', 'R3', 'Q', 'S3']
DEBUG interleave: START - Called from breadthfirst_local.py:600 in optimizeDataflows()
                       array=[], elements=['C0', 'Y0', 'X0', 'R0', 'S0', 'Z0', 'C1', 'R1', 'S1', 'Y1', 'X1', 'Z1', 'C2', 'R2', 'S2', 'Y2', 'X2', 'Z2', 'C3', 'R3', 'S3', 'P', 'Q', 'Z3'] (len=24)
interleave: too many elements (24), returning 2 results
['C1', 'Y1', 'R1', 'X1', 'S1']
['C2', 'Y2', 'R2', 'X2', 'S2']
['C3', 'P', 'R3', 'Q', 'S3']
DEBUG interleave: START - Called from breadthfirst_local.py:600 in optimizeDataflows()
                       array=['Z3', 'C3', 'R3', 'S3', 'Z2', 'C2', 'R2', 'S2', 'Z1', 'C1', 'R1', 'S1', 'Z0', 'C0', 'R0', 'S0'], elements=['Y0', 'X0', 'Y1', 'X1', 'Y2', 'X2', 'P', 'Q'] (len=8)
interleave: too many elements (8), returning 3 results
['C1', 'Y1', 'R1', 'X1', 'S1']
['C2', 'Y2', 'R2', 'X2', 'S2']
['C3', 'P', 'R3', 'Q', 'S3']
DEBUG interleave: START - Called from breadthfirst_local.py:600 in optimizeDataflows()
                       array=['C3', 'R3', 'S3', 'C2', 'R2', 'S2', 'C1', 'R1', 'S1', 'C0', 'R0', 'S0'], elements=['Y0', 'X0', 'Z0', 'Y1', 'X1', 'Z1', 'Y2', 'X2', 'Z2', 'P', 'Q', 'Z3'] (len=12)
interleave: too many elements (12), returning 3 results
['C1', 'Y1', 'R1', 'X1', 'S1']
['C2', 'Y2', 'R2', 'X2', 'S2']
['C3', 'P', 'R3', 'Q', 'S3']
DEBUG interleave: START - Called from breadthfirst_local.py:600 in optimizeDataflows()
                       array=['Z2', 'Y2', 'X2', 'Z1', 'Y1', 'X1', 'Z0', 'Y0', 'X0'], elements=['C0', 'R0', 'S0', 'C1', 'R1', 'S1', 'C2', 'R2', 'S2', 'C3', 'R3', 'S3', 'P', 'Q', 'Z3'] (len=15)
interleave: too many elements (15), returning 3 results
['C1', 'Y1', 'R1', 'X1', 'S1']
['C2', 'Y2', 'R2', 'X2', 'S2']
['C3', 'P', 'R3', 'Q', 'S3']
DEBUG interleave: START - Called from breadthfirst_local.py:600 in optimizeDataflows()
                       array=['Q', 'P', 'Z3'], elements=['C0', 'Y0', 'X0', 'R0', 'S0', 'Z0', 'C1', 'R1', 'S1', 'Y1', 'X1', 'Z1', 'C2', 'R2', 'S2', 'Y2', 'X2', 'Z2', 'C3', 'R3', 'S3'] (len=21)
interleave: too many elements (21), returning 3 results
['C1', 'Y1', 'R1', 'X1', 'S1']
['C2', 'Y2', 'R2', 'X2', 'S2']
['C3', 'P', 'R3', 'Q', 'S3']
-------- factorFlow -------- CIAO
Arch after initialization:
tile_sizes[dim]: [69, 3], self._dim_products[dim]: [18, 1]
input_FC_size distinct: 2484
Input FC size: 2484

Input size: 470232

Output size: 14943744

Weight size: 27936

Intermediate input size: 45142272
Total intermediate size (input + output): 0

input_size: 470232, output_size: 14943744, weight_size: 27936, intermediate_size: 0
Total mem footprint: 15444396



tile_sizes[dim]: [69, 3], self._dim_products[dim]: [1, 1]
input_FC_size distinct: 138
Input FC size: 138

Input size: 213

Output size: 2208

Weight size: 0

Intermediate input size: 20448
Total intermediate size (input + output): 27072

input_size: 213, output_size: 2208, weight_size: 0, intermediate_size: 27072
Total mem footprint: 29632



tile_sizes[dim]: [69, 1], self._dim_products[dim]: [1, 3]
input_FC_size distinct: 0
Input FC size: 0

Input size: 0

Output size: 0

Weight size: 27936

Intermediate input size: 20448
Total intermediate size (input + output): 0

input_size: 0, output_size: 0, weight_size: 27936, intermediate_size: 0
Total mem footprint: 27936



tile_sizes[dim]: [1, 1], self._dim_products[dim]: [1, 1]
input_FC_size distinct: 0
Input FC size: 0

Input size: 0

Output size: 0

Weight size: 4

Intermediate input size: 3
Total intermediate size (input + output): 0

input_size: 0, output_size: 0, weight_size: 4, intermediate_size: 0
Total mem footprint: 4



tile_sizes[dim]: [1, 1], self._dim_products[dim]: [1, 1]
input_FC_size distinct: 0
Input FC size: 0

Input size: 0

Output size: 0

Weight size: 0

Intermediate input size: 3
Total intermediate size (input + output): 3

input_size: 0, output_size: 0, weight_size: 0, intermediate_size: 3
Total mem footprint: 3



tile_sizes[dim]: [1, 1], self._dim_products[dim]: [1, 1]
input_FC_size distinct: 0
Input FC size: 0

Input size: 0

Output size: 1

Weight size: 0

Intermediate input size: 3
Total intermediate size (input + output): 0

input_size: 0, output_size: 1, weight_size: 0, intermediate_size: 0
Total mem footprint: 1



DRAM ----------> Q: 18, P: 376, X2: 18, Y2: 376, X1: 18, Y1: 376, X0: 18, Y0: 376
FeatureMemory -
WeightMemory --> Z3: 2, C3: 32, R3: 3, S3: 3, Z2: 2, C2: 32, R2: 3, S2: 3, Z1: 2, C1: 32, R1: 3, S1: 3, Z0: 2, R0: 3, S0: 3
SACols_3 ------> Q: 69
SARows_3 ------> Z3: 16
SACols_2 ------> X2: 69
SARows_2 ------> Z2: 16
SACols_1 ------> X1: 69
SARows_1 ------> Z1: 16
SACols_0 ------> X0: 69
SARows_0 ------> Z0: 16
WeightRegister 
AccumulationIntermediateOutputRegister 
AccumulationOutputRegister 
Compute -------

Starting FactorFlow tiling optimization:

é stato chiamato update stats! 




Questo mops è chiamato da update stats
Level: DRAM, arch bypasses for the level: ['int_in', 'int_out'], in_bp: 1, w_bp: 0, out_bp: 1, int_in_bp: 0, int_out_bp: 0
DEBUG updateStats pre scaling: Level DRAM:
  in_reads: 466992
  per_layer_w_reads: {0: 288, 1: 9216, 2: 9216, 3: 9216}
  per_layer_int_in_reads: {0: 0, 1: 0, 2: 0}
  per_layer_int_out_reads: {0: 0, 1: 0, 2: 0}
  per_layer_int_out_writes: {0: 0, 1: 0, 2: 0}
  out_reads: 14943744
  out_writes: 14943744
  out_reads_factors: 1
scale_per_layer[0]: 1, temporal_iterations_per_layer[0]: 1, spatial_iterations_per_layer[0]: 1
DEBUG: results after scaling: Level DRAM: in_reads=466992, w_reads=27936, int_in_reads=0, int_out_reads=0, int_out_writes=0, out_writes=14943744, out_reads=14943744, out_reads_factors=1
DEBUG: Level DRAM adjusted out_reads for no bias read: 0
DEBUG: Level DRAM bypasses intermediate storage
DEBUG updateStats post scaling: Level DRAM:
  in_reads: 466,992
  per_layer_w_reads: {0: 288, 1: 9216, 2: 9216, 3: 9216}
  w_reads: 27,936
  per_layer_int_in_reads: {0: 0, 1: 0, 2: 0}
  per_layer_int_in_writes: {0: 0, 1: 0, 2: 0}
  int_in_reads: 0
  per_layer_int_out_reads: {0: 0, 1: 0, 2: 0}
  per_layer_int_out_writes: {0: 0, 1: 0, 2: 0}
  int_out_reads: 0
  out_reads: 0
  out_writes: 14,943,744
  out_reads_factors: 1
in_writes: 0, w_writes: 0, int_in_writes: 0, int_out_writes: 0, out_writes: 14943744
Name of the level: DRAM, level active instances per layer: {0: 1, 1: 1, 2: 1, 3: 1}, level active instances: 1
Level DRAM, Layer 0: total_reads = 467280, total_writes = 0
Level DRAM, Layer 1: total_reads = 9216, total_writes = 0
Level DRAM, Layer 2: total_reads = 9216, total_writes = 0
DEBUG: Level DRAM, Layer 3, per_layer_int_in_reads2: 0, per_layer_w_reads3: 9216, out_reads: 0
Level DRAM, Layer 3: total_reads = 9216, total_writes = 14943744
Check: Per Layer Total reads: {0: 467280, 1: 9216, 2: 9216, 3: 9216}, total: 494928
Check: Per Layer Total writes: {0: 0, 1: 0, 2: 0, 3: 14943744}, 
 total: 14943744
Level DRAM total WMOPs from per layer sum: 494,037,504.000
Level DRAM total WMOPs from total reads/writes: 494,037,504.000
End first part of update for level: DRAM



Questo mops è chiamato da update stats
Level: FeatureMemory, arch bypasses for the level: ['w'], in_bp: 0, w_bp: 0, out_bp: 0, int_in_bp: 0, int_out_bp: 0
DEBUG updateStats pre scaling: Level FeatureMemory:
  in_reads: 1242
  per_layer_w_reads: {0: 0, 1: 0, 2: 0, 3: 0}
  per_layer_int_in_reads: {0: 39744, 1: 39744, 2: 39744}
  per_layer_int_out_reads: {0: 2208, 1: 2208, 2: 2208}
  per_layer_int_out_writes: {0: 2208, 1: 2208, 2: 2208}
  out_reads: 2208
  out_writes: 2208
  out_reads_factors: 1
scale_per_layer[0]: 6768, temporal_iterations_per_layer[0]: 6768, spatial_iterations_per_layer[0]: 1
DEBUG: results after scaling: Level FeatureMemory: in_reads=8405856, w_reads=0, int_in_reads=806962176, int_out_reads=44831232, int_out_writes=44831232, out_writes=14943744, out_reads=14943744, out_reads_factors=1
DEBUG: Level FeatureMemory adjusted out_reads for no bias read: 0
DEBUG updateStats post scaling: Level FeatureMemory:
  in_reads: 8,405,856
  per_layer_w_reads: {0: 0, 1: 0, 2: 0, 3: 0}
  w_reads: 0
  per_layer_int_in_reads: {0: 268987392, 1: 268987392, 2: 268987392}
  per_layer_int_in_writes: {0: 0, 1: 0, 2: 0}
  int_in_reads: 806,962,176
  per_layer_int_out_reads: {0: 14943744, 1: 14943744, 2: 14943744}
  per_layer_int_out_writes: {0: 14943744, 1: 14943744, 2: 14943744}
  int_out_reads: 44,831,232
  out_reads: 14,943,744
  out_writes: 14,943,744
  out_reads_factors: 1
in_writes: 466992, w_writes: 0, int_in_writes: 0, int_out_writes: 44831232, out_writes: 14943744
Name of the level: FeatureMemory, level active instances per layer: {0: 1, 1: 1, 2: 1, 3: 1}, level active instances: 1
Level FeatureMemory, Layer 0: total_reads = 23349600, total_writes = 15410736
Level FeatureMemory, Layer 1: total_reads = 283931136, total_writes = 14943744
Level FeatureMemory, Layer 2: total_reads = 283931136, total_writes = 14943744
DEBUG: Level FeatureMemory, Layer 3, per_layer_int_in_reads2: 268987392, per_layer_w_reads3: 0, out_reads: 14943744
Level FeatureMemory, Layer 3: total_reads = 283931136, total_writes = 14943744
Check: Per Layer Total reads: {0: 23349600, 1: 283931136, 2: 283931136, 3: 283931136}, total: 875143008
Check: Per Layer Total writes: {0: 15410736, 1: 14943744, 2: 14943744, 3: 14943744}, 
 total: 60241968
Level FeatureMemory total WMOPs from per layer sum: 927,251,843.510
Level FeatureMemory total WMOPs from total reads/writes: 927,251,843.510
End first part of update for level: FeatureMemory



Questo mops è chiamato da update stats
Level: WeightMemory, arch bypasses for the level: ['in', 'int_in', 'int_out', 'out'], in_bp: 0, w_bp: 1, out_bp: 0, int_in_bp: 0, int_out_bp: 0
DEBUG updateStats pre scaling: Level WeightMemory:
  in_reads: 0
  per_layer_w_reads: {0: 288, 1: 9216, 2: 9216, 3: 9216}
  per_layer_int_in_reads: {0: 0, 1: 0, 2: 0}
  per_layer_int_out_reads: {0: 0, 1: 0, 2: 0}
  per_layer_int_out_writes: {0: 0, 1: 0, 2: 0}
  out_reads: 0
  out_writes: 0
  out_reads_factors: 0
scale_per_layer[0] = 6768, temporal_iterations_per_layer[0] = 6768, spatial_iterations_per_layer[0] = 1
scale_per_layer[0]: 6768, temporal_iterations_per_layer[0]: 6768, spatial_iterations_per_layer[0]: 1
DEBUG: results after scaling: Level WeightMemory: in_reads=0, w_reads=189070848, int_in_reads=0, int_out_reads=0, int_out_writes=0, out_writes=0, out_reads=0, out_reads_factors=0
DEBUG: Level WeightMemory bypasses intermediate storage
DEBUG updateStats post scaling: Level WeightMemory:
  in_reads: 0
  per_layer_w_reads: {0: 1949184, 1: 62373888, 2: 62373888, 3: 62373888}
  w_reads: 189,070,848
  per_layer_int_in_reads: {0: 0, 1: 0, 2: 0}
  per_layer_int_in_writes: {0: 0, 1: 0, 2: 0}
  int_in_reads: 0
  per_layer_int_out_reads: {0: 0, 1: 0, 2: 0}
  per_layer_int_out_writes: {0: 0, 1: 0, 2: 0}
  int_out_reads: 0
  out_reads: 0
  out_writes: 0
  out_reads_factors: 0
in_writes: 0, w_writes: 27936, int_in_writes: 0, int_out_writes: 0, out_writes: 0
Name of the level: WeightMemory, level active instances per layer: {0: 1, 1: 1, 2: 1, 3: 1}, level active instances: 1
Level WeightMemory, Layer 0: total_reads = 1949184, total_writes = 288
Level WeightMemory, Layer 1: total_reads = 62373888, total_writes = 9216
Level WeightMemory, Layer 2: total_reads = 62373888, total_writes = 9216
DEBUG: Level WeightMemory, Layer 3, per_layer_int_in_reads2: 0, per_layer_w_reads3: 62373888, out_reads: 0
Level WeightMemory, Layer 3: total_reads = 62373888, total_writes = 9216
Check: Per Layer Total reads: {0: 1949184, 1: 62373888, 2: 62373888, 3: 62373888}, total: 189070848
Check: Per Layer Total writes: {0: 288, 1: 9216, 2: 9216, 3: 9216}, 
 total: 27936
Level WeightMemory total WMOPs from per layer sum: 957,913,561.308
Level WeightMemory total WMOPs from total reads/writes: 957,913,561.308
End first part of update for level: WeightMemory



Calculating Fanout Level: SACols_3, updating spatial and last reads
Fanout Level SACols_3, Layer 3, dim Q, layer_iterations: 69
End of the first part of Update Stats for fanout level: SACols_3


Calculating Fanout Level: SARows_3, updating spatial and last reads
Fanout Level SARows_3, Layer 3, dim Z3, layer_iterations: 16
End of the first part of Update Stats for fanout level: SARows_3


Calculating Fanout Level: SACols_2, updating spatial and last reads
Fanout Level SACols_2, Layer 2, dim X2, layer_iterations: 69
End of the first part of Update Stats for fanout level: SACols_2


Calculating Fanout Level: SARows_2, updating spatial and last reads
Fanout Level SARows_2, Layer 2, dim Z2, layer_iterations: 16
End of the first part of Update Stats for fanout level: SARows_2


Calculating Fanout Level: SACols_1, updating spatial and last reads
Fanout Level SACols_1, Layer 1, dim X1, layer_iterations: 69
End of the first part of Update Stats for fanout level: SACols_1


Calculating Fanout Level: SARows_1, updating spatial and last reads
Fanout Level SARows_1, Layer 1, dim Z1, layer_iterations: 16
End of the first part of Update Stats for fanout level: SARows_1


Calculating Fanout Level: SACols_0, updating spatial and last reads
Fanout Level SACols_0, Layer 0, dim X0, layer_iterations: 69
End of the first part of Update Stats for fanout level: SACols_0


Calculating Fanout Level: SARows_0, updating spatial and last reads
Fanout Level SARows_0, Layer 0, dim Z0, layer_iterations: 16
End of the first part of Update Stats for fanout level: SARows_0


Questo mops è chiamato da update stats
Level: WeightRegister, arch bypasses for the level: ['in', 'int_in', 'int_out', 'out'], in_bp: 0, w_bp: 0, out_bp: 0, int_in_bp: 0, int_out_bp: 0
DEBUG updateStats pre scaling: Level WeightRegister:
  in_reads: 0
  per_layer_w_reads: {0: 1, 1: 1, 2: 1, 3: 1}
  per_layer_int_in_reads: {0: 0, 1: 0, 2: 0}
  per_layer_int_out_reads: {0: 0, 1: 0, 2: 0}
  per_layer_int_out_writes: {0: 0, 1: 0, 2: 0}
  out_reads: 0
  out_writes: 0
  out_reads_factors: 0
scale_per_layer[0]: 134493696, temporal_iterations_per_layer[0]: 121824, spatial_iterations_per_layer[0]: 1104
DEBUG: results after scaling: Level WeightRegister: in_reads=0, w_reads=13045888512, int_in_reads=0, int_out_reads=0, int_out_writes=0, out_writes=0, out_reads=0, out_reads_factors=0
DEBUG: Level WeightRegister bypasses intermediate storage
DEBUG updateStats post scaling: Level WeightRegister:
  in_reads: 0
  per_layer_w_reads: {0: 134493696, 1: 4303798272, 2: 4303798272, 3: 4303798272}
  w_reads: 13,045,888,512
  per_layer_int_in_reads: {0: 0, 1: 0, 2: 0}
  per_layer_int_in_writes: {0: 0, 1: 0, 2: 0}
  int_in_reads: 0
  per_layer_int_out_reads: {0: 0, 1: 0, 2: 0}
  per_layer_int_out_writes: {0: 0, 1: 0, 2: 0}
  int_out_reads: 0
  out_reads: 0
  out_writes: 0
  out_reads_factors: 0
in_writes: 0, w_writes: 13045888512, int_in_writes: 0, int_out_writes: 0, out_writes: 0
Name of the level: WeightRegister, level active instances per layer: {0: 1104, 1: 1104, 2: 1104, 3: 1104}, level active instances: 1485512441856
Level WeightRegister, Layer 0: total_reads = 134493696, total_writes = 134493696
Level WeightRegister, Layer 1: total_reads = 4303798272, total_writes = 4303798272
Level WeightRegister, Layer 2: total_reads = 4303798272, total_writes = 4303798272
DEBUG: Level WeightRegister, Layer 3, per_layer_int_in_reads2: 0, per_layer_w_reads3: 4303798272, out_reads: 0
Level WeightRegister, Layer 3: total_reads = 4303798272, total_writes = 4303798272
Check: Per Layer Total reads: {0: 134493696, 1: 4303798272, 2: 4303798272, 3: 4303798272}, total: 13045888512
Check: Per Layer Total writes: {0: 134493696, 1: 4303798272, 2: 4303798272, 3: 4303798272}, 
 total: 13045888512
Level WeightRegister total WMOPs from per layer sum: 5,188,605,515.266
Level WeightRegister total WMOPs from total reads/writes: 5,188,605,515.266
End first part of update for level: WeightRegister



Questo mops è chiamato da update stats
Level: AccumulationIntermediateOutputRegister, arch bypasses for the level: ['in', 'w', 'out', 'int_in'], in_bp: 0, w_bp: 0, out_bp: 0, int_in_bp: 0, int_out_bp: 0
DEBUG updateStats pre scaling: Level AccumulationIntermediateOutputRegister:
  in_reads: 0
  per_layer_w_reads: {0: 0, 1: 0, 2: 0, 3: 0}
  per_layer_int_in_reads: {0: 0, 1: 0, 2: 0}
  per_layer_int_out_reads: {0: 1, 1: 1, 2: 1}
  per_layer_int_out_writes: {0: 1, 1: 1, 2: 1}
  out_reads: 0
  out_writes: 0
  out_reads_factors: 0
scale_per_layer[0]: 134493696, temporal_iterations_per_layer[0]: 121824, spatial_iterations_per_layer[0]: 1104
DEBUG: results after scaling: Level AccumulationIntermediateOutputRegister: in_reads=0, w_reads=0, int_in_reads=0, int_out_reads=8742090240, int_out_writes=8742090240, out_writes=0, out_reads=0, out_reads_factors=0
DEBUG updateStats post scaling: Level AccumulationIntermediateOutputRegister:
  in_reads: 0
  per_layer_w_reads: {0: 0, 1: 0, 2: 0, 3: 0}
  w_reads: 0
  per_layer_int_in_reads: {0: 0, 1: 0, 2: 0}
  per_layer_int_in_writes: {0: 0, 1: 0, 2: 0}
  int_in_reads: 0
  per_layer_int_out_reads: {0: 149437440, 1: 4318742016, 2: 4318742016}
  per_layer_int_out_writes: {0: 149437440, 1: 4318742016, 2: 4318742016}
  int_out_reads: 8,742,090,240
  out_reads: 0
  out_writes: 0
  out_reads_factors: 0
in_writes: 0, w_writes: 0, int_in_writes: 0, int_out_writes: 8742090240, out_writes: 0
Name of the level: AccumulationIntermediateOutputRegister, level active instances per layer: {0: 1104, 1: 1104, 2: 1104, 3: 1104}, level active instances: 1485512441856
Level AccumulationIntermediateOutputRegister, Layer 0: total_reads = 149437440, total_writes = 149437440
Level AccumulationIntermediateOutputRegister, Layer 1: total_reads = 4318742016, total_writes = 4318742016
Level AccumulationIntermediateOutputRegister, Layer 2: total_reads = 4318742016, total_writes = 4318742016
DEBUG: Level AccumulationIntermediateOutputRegister, Layer 3, per_layer_int_in_reads2: 0, per_layer_w_reads3: 0, out_reads: 0
Level AccumulationIntermediateOutputRegister, Layer 3: total_reads = 0, total_writes = 0
Check: Per Layer Total reads: {0: 149437440, 1: 4318742016, 2: 4318742016, 3: 0}, total: 8786921472
Check: Per Layer Total writes: {0: 149437440, 1: 4318742016, 2: 4318742016, 3: 0}, 
 total: 8786921472
Level AccumulationIntermediateOutputRegister total WMOPs from per layer sum: 8,750,202,767.686
Level AccumulationIntermediateOutputRegister total WMOPs from total reads/writes: 8,732,031,353.133
End first part of update for level: AccumulationIntermediateOutputRegister



Questo mops è chiamato da update stats
Level: AccumulationOutputRegister, arch bypasses for the level: ['in', 'w', 'int_in', 'int_out'], in_bp: 0, w_bp: 0, out_bp: 1, int_in_bp: 0, int_out_bp: 0
DEBUG updateStats pre scaling: Level AccumulationOutputRegister:
  in_reads: 0
  per_layer_w_reads: {0: 0, 1: 0, 2: 0, 3: 0}
  per_layer_int_in_reads: {0: 0, 1: 0, 2: 0}
  per_layer_int_out_reads: {0: 0, 1: 0, 2: 0}
  per_layer_int_out_writes: {0: 0, 1: 0, 2: 0}
  out_reads: 1
  out_writes: 1
  out_reads_factors: 1
scale_per_layer[0]: 134493696, temporal_iterations_per_layer[0]: 121824, spatial_iterations_per_layer[0]: 1104
DEBUG: results after scaling: Level AccumulationOutputRegister: in_reads=0, w_reads=0, int_in_reads=0, int_out_reads=0, int_out_writes=0, out_writes=4303798272, out_reads=4303798272, out_reads_factors=288
DEBUG: Level AccumulationOutputRegister adjusted out_reads for no bias read: 4288854528
DEBUG: Level AccumulationOutputRegister bypasses intermediate storage
DEBUG updateStats post scaling: Level AccumulationOutputRegister:
  in_reads: 0
  per_layer_w_reads: {0: 0, 1: 0, 2: 0, 3: 0}
  w_reads: 0
  per_layer_int_in_reads: {0: 0, 1: 0, 2: 0}
  per_layer_int_in_writes: {0: 0, 1: 0, 2: 0}
  int_in_reads: 0
  per_layer_int_out_reads: {0: 0, 1: 0, 2: 0}
  per_layer_int_out_writes: {0: 0, 1: 0, 2: 0}
  int_out_reads: 0
  out_reads: 4,303,798,272
  out_writes: 4,303,798,272
  out_reads_factors: 288
in_writes: 0, w_writes: 0, int_in_writes: 0, int_out_writes: 0, out_writes: 4303798272
Name of the level: AccumulationOutputRegister, level active instances per layer: {0: 1104, 1: 1104, 2: 1104, 3: 1104}, level active instances: 1485512441856
Level AccumulationOutputRegister, Layer 0: total_reads = 0, total_writes = 0
Level AccumulationOutputRegister, Layer 1: total_reads = 0, total_writes = 0
Level AccumulationOutputRegister, Layer 2: total_reads = 0, total_writes = 0
DEBUG: Level AccumulationOutputRegister, Layer 3, per_layer_int_in_reads2: 0, per_layer_w_reads3: 0, out_reads: 4303798272
Level AccumulationOutputRegister, Layer 3: total_reads = 4303798272, total_writes = 4303798272
Check: Per Layer Total reads: {0: 0, 1: 0, 2: 0, 3: 4303798272}, total: 4303798272
Check: Per Layer Total writes: {0: 0, 1: 0, 2: 0, 3: 4303798272}, 
 total: 4303798272
Level AccumulationOutputRegister total WMOPs from per layer sum: 10,494,658,564.790
Level AccumulationOutputRegister total WMOPs from total reads/writes: 10,476,487,150.237
End first part of update for level: AccumulationOutputRegister



Calculating WMOPs for Compute Level
Compute Level Compute WMOPs_per_layer: {0: 167649412.3117145, 1: 4262784087.055942, 2: 4262784087.055942, 3: 4734926756.871554}
WMOPs_till_now before compute level: 10,494,658,564.790
Compute Level Compute total WMOPs from per layer sum: 13428144343.295155
Compute Level Compute total WMOPs: 2.4108376953183185e+36
Total WMOPs after adding compute level: 23922802908.084877
END FIRST PART OF UPDATE STATS


First cc_per_tile, it is from compute = 1
First cc_per_tile_per_layer it is from compute = {0: 1, 1: 1, 2: 1, 3: 1}


Calculating Latency for Level: AccumulationOutputRegister

Latency for layer: 0 of Level: AccumulationOutputRegister
level.active_instances_per_layer[0]: 1104
level.temporal_iterations_per_layer[0]: 121824
Scaling per layer[0]: 134,493,696
Single Tile latency: cc_per_tile_per_layer[0]: 1
Ideal Case, Latency at this level without stalls: cc_per_all_tiles_per_layer[0]: 1
SCALED cc_per_all_tiles_per_layer[0]: 134,493,696
level.getReadPerLayer[0](): 0
  (For comparison - full reads including accumulation: 0)
ideal_bandwidth_read_per_layer[0]: 0.0
level.getDrainPerLayer[0](): 0
ideal_bandwidth_drain_per_layer[0]: 0.0
ideal_bandwidth_update_per_layer[0]: 0.0
  (For comparison - full updates including accumulation: 0)
level.getFillPerLayer[0](): 0
ideal_bandwidth_fill_per_layer[0]: 0.0

Latency for layer: 1 of Level: AccumulationOutputRegister
level.active_instances_per_layer[1]: 1104
level.temporal_iterations_per_layer[1]: 3898368
Scaling per layer[1]: 4,303,798,272
Single Tile latency: cc_per_tile_per_layer[1]: 1
Ideal Case, Latency at this level without stalls: cc_per_all_tiles_per_layer[1]: 1
SCALED cc_per_all_tiles_per_layer[1]: 4,303,798,272
level.getReadPerLayer[1](): 0
  (For comparison - full reads including accumulation: 0)
ideal_bandwidth_read_per_layer[1]: 0.0
level.getDrainPerLayer[1](): 0
ideal_bandwidth_drain_per_layer[1]: 0.0
ideal_bandwidth_update_per_layer[1]: 0.0
  (For comparison - full updates including accumulation: 0)
level.getFillPerLayer[1](): 0
ideal_bandwidth_fill_per_layer[1]: 0.0

Latency for layer: 2 of Level: AccumulationOutputRegister
level.active_instances_per_layer[2]: 1104
level.temporal_iterations_per_layer[2]: 3898368
Scaling per layer[2]: 4,303,798,272
Single Tile latency: cc_per_tile_per_layer[2]: 1
Ideal Case, Latency at this level without stalls: cc_per_all_tiles_per_layer[2]: 1
SCALED cc_per_all_tiles_per_layer[2]: 4,303,798,272
level.getReadPerLayer[2](): 0
  (For comparison - full reads including accumulation: 0)
ideal_bandwidth_read_per_layer[2]: 0.0
level.getDrainPerLayer[2](): 0
ideal_bandwidth_drain_per_layer[2]: 0.0
ideal_bandwidth_update_per_layer[2]: 0.0
  (For comparison - full updates including accumulation: 0)
level.getFillPerLayer[2](): 0
ideal_bandwidth_fill_per_layer[2]: 0.0

Latency for layer: 3 of Level: AccumulationOutputRegister
level.active_instances_per_layer[3]: 1104
level.temporal_iterations_per_layer[3]: 3898368
Scaling per layer[3]: 4,303,798,272
Single Tile latency: cc_per_tile_per_layer[3]: 1
Ideal Case, Latency at this level without stalls: cc_per_all_tiles_per_layer[3]: 1
SCALED cc_per_all_tiles_per_layer[3]: 4,303,798,272
level.getReadPerLayer[3](): 4,288,854,528
  (For comparison - full reads including accumulation: 4,288,854,528)
ideal_bandwidth_read_per_layer[3]: 0.9965277777777778
level.getDrainPerLayer[3](): 14,943,744
ideal_bandwidth_drain_per_layer[3]: 0.003472222222222222
ideal_bandwidth_update_per_layer[3]: 1.0
  (For comparison - full updates including accumulation: 4,303,798,272)
level.getFillPerLayer[3](): 0
ideal_bandwidth_fill_per_layer[3]: 0.0

Start of calculation of latency:


Layer_id: 0 in AccumulationOutputRegister

ideal_bandwidth_read_per_layer[0] + ideal_bandwidth_drain_per_layer[0]: 0.0 vs level.read_bandwidth: 1
I am in Compute Bound
cc_per_all_tiles_per_layer[0]: 1
STANDARD CASE latency_read_drain_per_layer[0]: 1

ideal_bandwidth_fill_per_layer[0] + ideal_bandwidth_update_per_layer[0]: 0.0 vs level.write_bandwidth: 1
previous_fanout_pe_to_pe_warmup: 0
STANDARD CASE latency_fill_update_per_layer[0]: 1


Layer_id: 1 in AccumulationOutputRegister

ideal_bandwidth_read_per_layer[1] + ideal_bandwidth_drain_per_layer[1]: 0.0 vs level.read_bandwidth: 1
I am in Compute Bound
cc_per_all_tiles_per_layer[1]: 1
STANDARD CASE latency_read_drain_per_layer[1]: 1

ideal_bandwidth_fill_per_layer[1] + ideal_bandwidth_update_per_layer[1]: 0.0 vs level.write_bandwidth: 1
previous_fanout_pe_to_pe_warmup: 0
STANDARD CASE latency_fill_update_per_layer[1]: 1


Layer_id: 2 in AccumulationOutputRegister

ideal_bandwidth_read_per_layer[2] + ideal_bandwidth_drain_per_layer[2]: 0.0 vs level.read_bandwidth: 1
I am in Compute Bound
cc_per_all_tiles_per_layer[2]: 1
STANDARD CASE latency_read_drain_per_layer[2]: 1

ideal_bandwidth_fill_per_layer[2] + ideal_bandwidth_update_per_layer[2]: 0.0 vs level.write_bandwidth: 1
previous_fanout_pe_to_pe_warmup: 0
STANDARD CASE latency_fill_update_per_layer[2]: 1


Layer_id: 3 in AccumulationOutputRegister

ideal_bandwidth_read_per_layer[3] + ideal_bandwidth_drain_per_layer[3]: 1.0 vs level.read_bandwidth: 1
I am in Compute Bound
cc_per_all_tiles_per_layer[3]: 1
STANDARD CASE latency_read_drain_per_layer[3]: 1

ideal_bandwidth_fill_per_layer[3] + ideal_bandwidth_update_per_layer[3]: 1.0 vs level.write_bandwidth: 1
previous_fanout_pe_to_pe_warmup: 0
STANDARD CASE latency_fill_update_per_layer[3]: 1

End of calculation of latency.

Calculating per tile final latency and stall for layer 0 in AccumulationOutputRegister: latency_read_drain_per_layer[0] = 1, latency_fill_update_per_layer[0] = 1
Final per tile latency_per_layer[0]: 1
Final per tile stall_cycles_per_layer[0]: 0
Ideal case: no stall introduced by this level per this layer: cc_per_all_tiles_per_layer[0]: 1
Calculating per tile final latency and stall for layer 1 in AccumulationOutputRegister: latency_read_drain_per_layer[1] = 1, latency_fill_update_per_layer[1] = 1
Final per tile latency_per_layer[1]: 1
Final per tile stall_cycles_per_layer[1]: 0
Ideal case: no stall introduced by this level per this layer: cc_per_all_tiles_per_layer[1]: 1
Calculating per tile final latency and stall for layer 2 in AccumulationOutputRegister: latency_read_drain_per_layer[2] = 1, latency_fill_update_per_layer[2] = 1
Final per tile latency_per_layer[2]: 1
Final per tile stall_cycles_per_layer[2]: 0
Ideal case: no stall introduced by this level per this layer: cc_per_all_tiles_per_layer[2]: 1
Calculating per tile final latency and stall for layer 3 in AccumulationOutputRegister: latency_read_drain_per_layer[3] = 1, latency_fill_update_per_layer[3] = 1
Final per tile latency_per_layer[3]: 1
Final per tile stall_cycles_per_layer[3]: 0
Ideal case: no stall introduced by this level per this layer: cc_per_all_tiles_per_layer[3]: 1


Calculating Latency for Level: AccumulationIntermediateOutputRegister

Latency for layer: 0 of Level: AccumulationIntermediateOutputRegister
level.active_instances_per_layer[0]: 1104
level.temporal_iterations_per_layer[0]: 121824
Scaling per layer[0]: 134,493,696
Single Tile latency: cc_per_tile_per_layer[0]: 1
Ideal Case, Latency at this level without stalls: cc_per_all_tiles_per_layer[0]: 1
SCALED cc_per_all_tiles_per_layer[0]: 134,493,696
level.getReadPerLayer[0](): 149,437,440
  (For comparison - full reads including accumulation: 149,437,440)
ideal_bandwidth_read_per_layer[0]: 1.1111111111111112
level.getDrainPerLayer[0](): 14,943,744
ideal_bandwidth_drain_per_layer[0]: 0.1111111111111111
ideal_bandwidth_update_per_layer[0]: 1.0
  (For comparison - full updates including accumulation: 134,493,696)
level.getFillPerLayer[0](): 14,943,744
ideal_bandwidth_fill_per_layer[0]: 0.1111111111111111

Latency for layer: 1 of Level: AccumulationIntermediateOutputRegister
level.active_instances_per_layer[1]: 1104
level.temporal_iterations_per_layer[1]: 3898368
Scaling per layer[1]: 4,303,798,272
Single Tile latency: cc_per_tile_per_layer[1]: 1
Ideal Case, Latency at this level without stalls: cc_per_all_tiles_per_layer[1]: 1
SCALED cc_per_all_tiles_per_layer[1]: 4,303,798,272
level.getReadPerLayer[1](): 4,303,798,272
  (For comparison - full reads including accumulation: 4,303,798,272)
ideal_bandwidth_read_per_layer[1]: 1.0
level.getDrainPerLayer[1](): 14,943,744
ideal_bandwidth_drain_per_layer[1]: 0.003472222222222222
ideal_bandwidth_update_per_layer[1]: 1.0
  (For comparison - full updates including accumulation: 4,303,798,272)
level.getFillPerLayer[1](): 14,943,744
ideal_bandwidth_fill_per_layer[1]: 0.003472222222222222

Latency for layer: 2 of Level: AccumulationIntermediateOutputRegister
level.active_instances_per_layer[2]: 1104
level.temporal_iterations_per_layer[2]: 3898368
Scaling per layer[2]: 4,303,798,272
Single Tile latency: cc_per_tile_per_layer[2]: 1
Ideal Case, Latency at this level without stalls: cc_per_all_tiles_per_layer[2]: 1
SCALED cc_per_all_tiles_per_layer[2]: 4,303,798,272
level.getReadPerLayer[2](): 4,303,798,272
  (For comparison - full reads including accumulation: 4,303,798,272)
ideal_bandwidth_read_per_layer[2]: 1.0
level.getDrainPerLayer[2](): 14,943,744
ideal_bandwidth_drain_per_layer[2]: 0.003472222222222222
ideal_bandwidth_update_per_layer[2]: 1.0
  (For comparison - full updates including accumulation: 4,303,798,272)
level.getFillPerLayer[2](): 14,943,744
ideal_bandwidth_fill_per_layer[2]: 0.003472222222222222

Latency for layer: 3 of Level: AccumulationIntermediateOutputRegister
level.active_instances_per_layer[3]: 1104
level.temporal_iterations_per_layer[3]: 3898368
Scaling per layer[3]: 4,303,798,272
Single Tile latency: cc_per_tile_per_layer[3]: 1
Ideal Case, Latency at this level without stalls: cc_per_all_tiles_per_layer[3]: 1
SCALED cc_per_all_tiles_per_layer[3]: 4,303,798,272
level.getReadPerLayer[3](): 0
  (For comparison - full reads including accumulation: 0)
ideal_bandwidth_read_per_layer[3]: 0.0
level.getDrainPerLayer[3](): 0
ideal_bandwidth_drain_per_layer[3]: 0.0
ideal_bandwidth_update_per_layer[3]: 0.0
  (For comparison - full updates including accumulation: 0)
level.getFillPerLayer[3](): 0
ideal_bandwidth_fill_per_layer[3]: 0.0

Start of calculation of latency:


Layer_id: 0 in AccumulationIntermediateOutputRegister

ideal_bandwidth_read_per_layer[0] + ideal_bandwidth_drain_per_layer[0]: 1.2222222222222223 vs level.read_bandwidth: 1
I am in Slowdown: Memory Bound
ideal_bandwidth_read_per_layer[0]: 1.1111111111111112
ideal_bandwidth_drain_per_layer[0]: 0.1111111111111111
level.read_bandwidth: 1
total data (for bandwidth): 164381184
scaling_per_layer[0]: 134493696
SLOWDOWN CASE latency_read_drain_per_layer[0]: 1.2222222222222223

ideal_bandwidth_fill_per_layer[0] + ideal_bandwidth_update_per_layer[0]: 1.1111111111111112 vs level.write_bandwidth: 1
ideal_bandwidth_fill_per_layer[0]: 0.1111111111111111
ideal_bandwidth_update_per_layer[0]: 1.0
level.write_bandwidth: 1
total data (for bandwidth): 149437440
scaling_per_layer[0]: 134493696
SLOWDOWN CASE latency_fill_update_per_layer[0]: 1.1111111111111112


Layer_id: 1 in AccumulationIntermediateOutputRegister

ideal_bandwidth_read_per_layer[1] + ideal_bandwidth_drain_per_layer[1]: 1.0034722222222223 vs level.read_bandwidth: 1
I am in Slowdown: Memory Bound
ideal_bandwidth_read_per_layer[1]: 1.0
ideal_bandwidth_drain_per_layer[1]: 0.003472222222222222
level.read_bandwidth: 1
total data (for bandwidth): 4318742016
scaling_per_layer[1]: 4303798272
SLOWDOWN CASE latency_read_drain_per_layer[1]: 1.0034722222222223

ideal_bandwidth_fill_per_layer[1] + ideal_bandwidth_update_per_layer[1]: 1.0034722222222223 vs level.write_bandwidth: 1
ideal_bandwidth_fill_per_layer[1]: 0.003472222222222222
ideal_bandwidth_update_per_layer[1]: 1.0
level.write_bandwidth: 1
total data (for bandwidth): 4318742016
scaling_per_layer[1]: 4303798272
SLOWDOWN CASE latency_fill_update_per_layer[1]: 1.0034722222222223


Layer_id: 2 in AccumulationIntermediateOutputRegister

ideal_bandwidth_read_per_layer[2] + ideal_bandwidth_drain_per_layer[2]: 1.0034722222222223 vs level.read_bandwidth: 1
I am in Slowdown: Memory Bound
ideal_bandwidth_read_per_layer[2]: 1.0
ideal_bandwidth_drain_per_layer[2]: 0.003472222222222222
level.read_bandwidth: 1
total data (for bandwidth): 4318742016
scaling_per_layer[2]: 4303798272
SLOWDOWN CASE latency_read_drain_per_layer[2]: 1.0034722222222223

ideal_bandwidth_fill_per_layer[2] + ideal_bandwidth_update_per_layer[2]: 1.0034722222222223 vs level.write_bandwidth: 1
ideal_bandwidth_fill_per_layer[2]: 0.003472222222222222
ideal_bandwidth_update_per_layer[2]: 1.0
level.write_bandwidth: 1
total data (for bandwidth): 4318742016
scaling_per_layer[2]: 4303798272
SLOWDOWN CASE latency_fill_update_per_layer[2]: 1.0034722222222223


Layer_id: 3 in AccumulationIntermediateOutputRegister

ideal_bandwidth_read_per_layer[3] + ideal_bandwidth_drain_per_layer[3]: 0.0 vs level.read_bandwidth: 1
I am in Compute Bound
cc_per_all_tiles_per_layer[3]: 1
STANDARD CASE latency_read_drain_per_layer[3]: 1

ideal_bandwidth_fill_per_layer[3] + ideal_bandwidth_update_per_layer[3]: 0.0 vs level.write_bandwidth: 1
previous_fanout_pe_to_pe_warmup: 0
STANDARD CASE latency_fill_update_per_layer[3]: 1

End of calculation of latency.

Calculating per tile final latency and stall for layer 0 in AccumulationIntermediateOutputRegister: latency_read_drain_per_layer[0] = 1.2222222222222223, latency_fill_update_per_layer[0] = 1.1111111111111112
Final per tile latency_per_layer[0]: 1
Final per tile stall_cycles_per_layer[0]: 0
Ideal case: no stall introduced by this level per this layer: cc_per_all_tiles_per_layer[0]: 1
Calculating per tile final latency and stall for layer 1 in AccumulationIntermediateOutputRegister: latency_read_drain_per_layer[1] = 1.0034722222222223, latency_fill_update_per_layer[1] = 1.0034722222222223
Final per tile latency_per_layer[1]: 1
Final per tile stall_cycles_per_layer[1]: 0
Ideal case: no stall introduced by this level per this layer: cc_per_all_tiles_per_layer[1]: 1
Calculating per tile final latency and stall for layer 2 in AccumulationIntermediateOutputRegister: latency_read_drain_per_layer[2] = 1.0034722222222223, latency_fill_update_per_layer[2] = 1.0034722222222223
Final per tile latency_per_layer[2]: 1
Final per tile stall_cycles_per_layer[2]: 0
Ideal case: no stall introduced by this level per this layer: cc_per_all_tiles_per_layer[2]: 1
Calculating per tile final latency and stall for layer 3 in AccumulationIntermediateOutputRegister: latency_read_drain_per_layer[3] = 1, latency_fill_update_per_layer[3] = 1
Final per tile latency_per_layer[3]: 1
Final per tile stall_cycles_per_layer[3]: 0
Ideal case: no stall introduced by this level per this layer: cc_per_all_tiles_per_layer[3]: 1


Calculating Latency for Level: WeightRegister

Latency for layer: 0 of Level: WeightRegister
level.active_instances_per_layer[0]: 1104
level.temporal_iterations_per_layer[0]: 121824
Scaling per layer[0]: 134,493,696
Single Tile latency: cc_per_tile_per_layer[0]: 1.2222222222222223
Ideal Case, Latency at this level without stalls: cc_per_all_tiles_per_layer[0]: 1.2222222222222223
SCALED cc_per_all_tiles_per_layer[0]: 164,381,184
level.getReadPerLayer[0](): 134,493,696
  (For comparison - full reads including accumulation: 134,493,696)
ideal_bandwidth_read_per_layer[0]: 0.8181818181818182
level.getDrainPerLayer[0](): 0
ideal_bandwidth_drain_per_layer[0]: 0.0
ideal_bandwidth_update_per_layer[0]: 0.0
  (For comparison - full updates including accumulation: 0)
level.getFillPerLayer[0](): 134,493,696
ideal_bandwidth_fill_per_layer[0]: 0.8181818181818182

Latency for layer: 1 of Level: WeightRegister
level.active_instances_per_layer[1]: 1104
level.temporal_iterations_per_layer[1]: 3898368
Scaling per layer[1]: 4,303,798,272
Single Tile latency: cc_per_tile_per_layer[1]: 1.0034722222222223
Ideal Case, Latency at this level without stalls: cc_per_all_tiles_per_layer[1]: 1.0034722222222223
SCALED cc_per_all_tiles_per_layer[1]: 4,318,742,016
level.getReadPerLayer[1](): 4,303,798,272
  (For comparison - full reads including accumulation: 4,303,798,272)
ideal_bandwidth_read_per_layer[1]: 0.9965397923875432
level.getDrainPerLayer[1](): 0
ideal_bandwidth_drain_per_layer[1]: 0.0
ideal_bandwidth_update_per_layer[1]: 0.0
  (For comparison - full updates including accumulation: 0)
level.getFillPerLayer[1](): 4,303,798,272
ideal_bandwidth_fill_per_layer[1]: 0.9965397923875432

Latency for layer: 2 of Level: WeightRegister
level.active_instances_per_layer[2]: 1104
level.temporal_iterations_per_layer[2]: 3898368
Scaling per layer[2]: 4,303,798,272
Single Tile latency: cc_per_tile_per_layer[2]: 1.0034722222222223
Ideal Case, Latency at this level without stalls: cc_per_all_tiles_per_layer[2]: 1.0034722222222223
SCALED cc_per_all_tiles_per_layer[2]: 4,318,742,016
level.getReadPerLayer[2](): 4,303,798,272
  (For comparison - full reads including accumulation: 4,303,798,272)
ideal_bandwidth_read_per_layer[2]: 0.9965397923875432
level.getDrainPerLayer[2](): 0
ideal_bandwidth_drain_per_layer[2]: 0.0
ideal_bandwidth_update_per_layer[2]: 0.0
  (For comparison - full updates including accumulation: 0)
level.getFillPerLayer[2](): 4,303,798,272
ideal_bandwidth_fill_per_layer[2]: 0.9965397923875432

Latency for layer: 3 of Level: WeightRegister
level.active_instances_per_layer[3]: 1104
level.temporal_iterations_per_layer[3]: 3898368
Scaling per layer[3]: 4,303,798,272
Single Tile latency: cc_per_tile_per_layer[3]: 1
Ideal Case, Latency at this level without stalls: cc_per_all_tiles_per_layer[3]: 1
SCALED cc_per_all_tiles_per_layer[3]: 4,303,798,272
level.getReadPerLayer[3](): 4,303,798,272
  (For comparison - full reads including accumulation: 4,303,798,272)
ideal_bandwidth_read_per_layer[3]: 1.0
level.getDrainPerLayer[3](): 0
ideal_bandwidth_drain_per_layer[3]: 0.0
ideal_bandwidth_update_per_layer[3]: 0.0
  (For comparison - full updates including accumulation: 0)
level.getFillPerLayer[3](): 4,303,798,272
ideal_bandwidth_fill_per_layer[3]: 1.0

Start of calculation of latency:


Layer_id: 0 in WeightRegister

ideal_bandwidth_read_per_layer[0] + ideal_bandwidth_drain_per_layer[0]: 0.8181818181818182 vs level.read_bandwidth: 1
I am in Compute Bound
cc_per_all_tiles_per_layer[0]: 1.2222222222222223
STANDARD CASE latency_read_drain_per_layer[0]: 1.2222222222222223

ideal_bandwidth_fill_per_layer[0] + ideal_bandwidth_update_per_layer[0]: 0.8181818181818182 vs level.write_bandwidth: 1
previous_fanout_pe_to_pe_warmup: 0
STANDARD CASE latency_fill_update_per_layer[0]: 1.2222222222222223


Layer_id: 1 in WeightRegister

ideal_bandwidth_read_per_layer[1] + ideal_bandwidth_drain_per_layer[1]: 0.9965397923875432 vs level.read_bandwidth: 1
I am in Compute Bound
cc_per_all_tiles_per_layer[1]: 1.0034722222222223
STANDARD CASE latency_read_drain_per_layer[1]: 1.0034722222222223

ideal_bandwidth_fill_per_layer[1] + ideal_bandwidth_update_per_layer[1]: 0.9965397923875432 vs level.write_bandwidth: 1
previous_fanout_pe_to_pe_warmup: 0
STANDARD CASE latency_fill_update_per_layer[1]: 1.0034722222222223


Layer_id: 2 in WeightRegister

ideal_bandwidth_read_per_layer[2] + ideal_bandwidth_drain_per_layer[2]: 0.9965397923875432 vs level.read_bandwidth: 1
I am in Compute Bound
cc_per_all_tiles_per_layer[2]: 1.0034722222222223
STANDARD CASE latency_read_drain_per_layer[2]: 1.0034722222222223

ideal_bandwidth_fill_per_layer[2] + ideal_bandwidth_update_per_layer[2]: 0.9965397923875432 vs level.write_bandwidth: 1
previous_fanout_pe_to_pe_warmup: 0
STANDARD CASE latency_fill_update_per_layer[2]: 1.0034722222222223


Layer_id: 3 in WeightRegister

ideal_bandwidth_read_per_layer[3] + ideal_bandwidth_drain_per_layer[3]: 1.0 vs level.read_bandwidth: 1
I am in Compute Bound
cc_per_all_tiles_per_layer[3]: 1
STANDARD CASE latency_read_drain_per_layer[3]: 1

ideal_bandwidth_fill_per_layer[3] + ideal_bandwidth_update_per_layer[3]: 1.0 vs level.write_bandwidth: 1
previous_fanout_pe_to_pe_warmup: 0
STANDARD CASE latency_fill_update_per_layer[3]: 1

End of calculation of latency.

Calculating per tile final latency and stall for layer 0 in WeightRegister: latency_read_drain_per_layer[0] = 1.2222222222222223, latency_fill_update_per_layer[0] = 1.2222222222222223
Final per tile latency_per_layer[0]: 1
Final per tile stall_cycles_per_layer[0]: 0
Ideal case: no stall introduced by this level per this layer: cc_per_all_tiles_per_layer[0]: 1
Calculating per tile final latency and stall for layer 1 in WeightRegister: latency_read_drain_per_layer[1] = 1.0034722222222223, latency_fill_update_per_layer[1] = 1.0034722222222223
Final per tile latency_per_layer[1]: 1
Final per tile stall_cycles_per_layer[1]: 0
Ideal case: no stall introduced by this level per this layer: cc_per_all_tiles_per_layer[1]: 1
Calculating per tile final latency and stall for layer 2 in WeightRegister: latency_read_drain_per_layer[2] = 1.0034722222222223, latency_fill_update_per_layer[2] = 1.0034722222222223
Final per tile latency_per_layer[2]: 1
Final per tile stall_cycles_per_layer[2]: 0
Ideal case: no stall introduced by this level per this layer: cc_per_all_tiles_per_layer[2]: 1
Calculating per tile final latency and stall for layer 3 in WeightRegister: latency_read_drain_per_layer[3] = 1, latency_fill_update_per_layer[3] = 1
Final per tile latency_per_layer[3]: 1
Final per tile stall_cycles_per_layer[3]: 0
Ideal case: no stall introduced by this level per this layer: cc_per_all_tiles_per_layer[3]: 1


Calculating Latency for Level: WeightMemory

Latency for layer: 0 of Level: WeightMemory
level.active_instances_per_layer[0]: 1
level.temporal_iterations_per_layer[0]: 6768
Scaling per layer[0]: 6,768
Single Tile latency: cc_per_tile_per_layer[0]: 1.2222222222222223
Ideal Case, Latency at this level without stalls: cc_per_all_tiles_per_layer[0]: 22.0
SCALED cc_per_all_tiles_per_layer[0]: 148,896
level.getReadPerLayer[0](): 1,949,184
  (For comparison - full reads including accumulation: 1,949,184)
ideal_bandwidth_read_per_layer[0]: 13.090909090909092
level.getDrainPerLayer[0](): 0
ideal_bandwidth_drain_per_layer[0]: 0.0
ideal_bandwidth_update_per_layer[0]: 0.0
  (For comparison - full updates including accumulation: 0)
level.getFillPerLayer[0](): 288
ideal_bandwidth_fill_per_layer[0]: 0.0019342359767891683

Latency for layer: 1 of Level: WeightMemory
level.active_instances_per_layer[1]: 1
level.temporal_iterations_per_layer[1]: 6768
Scaling per layer[1]: 6,768
Single Tile latency: cc_per_tile_per_layer[1]: 1.0034722222222223
Ideal Case, Latency at this level without stalls: cc_per_all_tiles_per_layer[1]: 578.0
SCALED cc_per_all_tiles_per_layer[1]: 3,911,904
level.getReadPerLayer[1](): 62,373,888
  (For comparison - full reads including accumulation: 62,373,888)
ideal_bandwidth_read_per_layer[1]: 15.944636678200691
level.getDrainPerLayer[1](): 0
ideal_bandwidth_drain_per_layer[1]: 0.0
ideal_bandwidth_update_per_layer[1]: 0.0
  (For comparison - full updates including accumulation: 0)
level.getFillPerLayer[1](): 9,216
ideal_bandwidth_fill_per_layer[1]: 0.0023558860340131046

Latency for layer: 2 of Level: WeightMemory
level.active_instances_per_layer[2]: 1
level.temporal_iterations_per_layer[2]: 6768
Scaling per layer[2]: 6,768
Single Tile latency: cc_per_tile_per_layer[2]: 1.0034722222222223
Ideal Case, Latency at this level without stalls: cc_per_all_tiles_per_layer[2]: 578.0
SCALED cc_per_all_tiles_per_layer[2]: 3,911,904
level.getReadPerLayer[2](): 62,373,888
  (For comparison - full reads including accumulation: 62,373,888)
ideal_bandwidth_read_per_layer[2]: 15.944636678200691
level.getDrainPerLayer[2](): 0
ideal_bandwidth_drain_per_layer[2]: 0.0
ideal_bandwidth_update_per_layer[2]: 0.0
  (For comparison - full updates including accumulation: 0)
level.getFillPerLayer[2](): 9,216
ideal_bandwidth_fill_per_layer[2]: 0.0023558860340131046

Latency for layer: 3 of Level: WeightMemory
level.active_instances_per_layer[3]: 1
level.temporal_iterations_per_layer[3]: 6768
Scaling per layer[3]: 6,768
Single Tile latency: cc_per_tile_per_layer[3]: 1
Ideal Case, Latency at this level without stalls: cc_per_all_tiles_per_layer[3]: 576
SCALED cc_per_all_tiles_per_layer[3]: 3,898,368
level.getReadPerLayer[3](): 62,373,888
  (For comparison - full reads including accumulation: 62,373,888)
ideal_bandwidth_read_per_layer[3]: 16.0
level.getDrainPerLayer[3](): 0
ideal_bandwidth_drain_per_layer[3]: 0.0
ideal_bandwidth_update_per_layer[3]: 0.0
  (For comparison - full updates including accumulation: 0)
level.getFillPerLayer[3](): 9,216
ideal_bandwidth_fill_per_layer[3]: 0.002364066193853428

Start of calculation of latency:


Layer_id: 0 in WeightMemory

ideal_bandwidth_read_per_layer[0] + ideal_bandwidth_drain_per_layer[0]: 13.090909090909092 vs level.read_bandwidth: 16
I am in Compute Bound
cc_per_all_tiles_per_layer[0]: 22.0
STANDARD CASE latency_read_drain_per_layer[0]: 22.0

ideal_bandwidth_fill_per_layer[0] + ideal_bandwidth_update_per_layer[0]: 0.0019342359767891683 vs level.write_bandwidth: 16
previous_fanout_pe_to_pe_warmup: 0
STANDARD CASE latency_fill_update_per_layer[0]: 22.0


Layer_id: 1 in WeightMemory

ideal_bandwidth_read_per_layer[1] + ideal_bandwidth_drain_per_layer[1]: 15.944636678200691 vs level.read_bandwidth: 16
I am in Compute Bound
cc_per_all_tiles_per_layer[1]: 578.0
STANDARD CASE latency_read_drain_per_layer[1]: 578.0

ideal_bandwidth_fill_per_layer[1] + ideal_bandwidth_update_per_layer[1]: 0.0023558860340131046 vs level.write_bandwidth: 16
previous_fanout_pe_to_pe_warmup: 0
STANDARD CASE latency_fill_update_per_layer[1]: 578.0


Layer_id: 2 in WeightMemory

ideal_bandwidth_read_per_layer[2] + ideal_bandwidth_drain_per_layer[2]: 15.944636678200691 vs level.read_bandwidth: 16
I am in Compute Bound
cc_per_all_tiles_per_layer[2]: 578.0
STANDARD CASE latency_read_drain_per_layer[2]: 578.0

ideal_bandwidth_fill_per_layer[2] + ideal_bandwidth_update_per_layer[2]: 0.0023558860340131046 vs level.write_bandwidth: 16
previous_fanout_pe_to_pe_warmup: 0
STANDARD CASE latency_fill_update_per_layer[2]: 578.0


Layer_id: 3 in WeightMemory

ideal_bandwidth_read_per_layer[3] + ideal_bandwidth_drain_per_layer[3]: 16.0 vs level.read_bandwidth: 16
I am in Compute Bound
cc_per_all_tiles_per_layer[3]: 576
STANDARD CASE latency_read_drain_per_layer[3]: 576

ideal_bandwidth_fill_per_layer[3] + ideal_bandwidth_update_per_layer[3]: 0.002364066193853428 vs level.write_bandwidth: 16
previous_fanout_pe_to_pe_warmup: 0
STANDARD CASE latency_fill_update_per_layer[3]: 576

End of calculation of latency.

Calculating per tile final latency and stall for layer 0 in WeightMemory: latency_read_drain_per_layer[0] = 22.0, latency_fill_update_per_layer[0] = 22.0
Final per tile latency_per_layer[0]: 22
Final per tile stall_cycles_per_layer[0]: 0
Ideal case: no stall introduced by this level per this layer: cc_per_all_tiles_per_layer[0]: 22
Calculating per tile final latency and stall for layer 1 in WeightMemory: latency_read_drain_per_layer[1] = 578.0, latency_fill_update_per_layer[1] = 578.0
Final per tile latency_per_layer[1]: 578
Final per tile stall_cycles_per_layer[1]: 0
Ideal case: no stall introduced by this level per this layer: cc_per_all_tiles_per_layer[1]: 578
Calculating per tile final latency and stall for layer 2 in WeightMemory: latency_read_drain_per_layer[2] = 578.0, latency_fill_update_per_layer[2] = 578.0
Final per tile latency_per_layer[2]: 578
Final per tile stall_cycles_per_layer[2]: 0
Ideal case: no stall introduced by this level per this layer: cc_per_all_tiles_per_layer[2]: 578
Calculating per tile final latency and stall for layer 3 in WeightMemory: latency_read_drain_per_layer[3] = 576, latency_fill_update_per_layer[3] = 576
Final per tile latency_per_layer[3]: 576
Final per tile stall_cycles_per_layer[3]: 0
Ideal case: no stall introduced by this level per this layer: cc_per_all_tiles_per_layer[3]: 576


Calculating Latency for Level: FeatureMemory

Latency for layer: 0 of Level: FeatureMemory
level.active_instances_per_layer[0]: 1
level.temporal_iterations_per_layer[0]: 6768
Scaling per layer[0]: 6,768
Single Tile latency: cc_per_tile_per_layer[0]: 22.0
Ideal Case, Latency at this level without stalls: cc_per_all_tiles_per_layer[0]: 22.0
SCALED cc_per_all_tiles_per_layer[0]: 148,896
level.getReadPerLayer[0](): 16,624,915
  (For comparison - full reads including accumulation: 16,624,915)
ideal_bandwidth_read_per_layer[0]: 111.65454545454546
level.getDrainPerLayer[0](): 0
ideal_bandwidth_drain_per_layer[0]: 0.0
ideal_bandwidth_update_per_layer[0]: 100.36363636363636
  (For comparison - full updates including accumulation: 14,943,744)
level.getFillPerLayer[0](): 466,992
ideal_bandwidth_fill_per_layer[0]: 3.1363636363636362

Latency for layer: 1 of Level: FeatureMemory
level.active_instances_per_layer[1]: 1
level.temporal_iterations_per_layer[1]: 6768
Scaling per layer[1]: 6,768
Single Tile latency: cc_per_tile_per_layer[1]: 578.0
Ideal Case, Latency at this level without stalls: cc_per_all_tiles_per_layer[1]: 578.0
SCALED cc_per_all_tiles_per_layer[1]: 3,911,904
level.getReadPerLayer[1](): 68,741,222
  (For comparison - full reads including accumulation: 68,741,222)
ideal_bandwidth_read_per_layer[1]: 17.57231833910035
level.getDrainPerLayer[1](): 0
ideal_bandwidth_drain_per_layer[1]: 0.0
ideal_bandwidth_update_per_layer[1]: 3.820069204152249
  (For comparison - full updates including accumulation: 14,943,744)
level.getFillPerLayer[1](): 0
ideal_bandwidth_fill_per_layer[1]: 0.0

Latency for layer: 2 of Level: FeatureMemory
level.active_instances_per_layer[2]: 1
level.temporal_iterations_per_layer[2]: 6768
Scaling per layer[2]: 6,768
Single Tile latency: cc_per_tile_per_layer[2]: 578.0
Ideal Case, Latency at this level without stalls: cc_per_all_tiles_per_layer[2]: 578.0
SCALED cc_per_all_tiles_per_layer[2]: 3,911,904
level.getReadPerLayer[2](): 68,741,222
  (For comparison - full reads including accumulation: 68,741,222)
ideal_bandwidth_read_per_layer[2]: 17.57231833910035
level.getDrainPerLayer[2](): 0
ideal_bandwidth_drain_per_layer[2]: 0.0
ideal_bandwidth_update_per_layer[2]: 3.820069204152249
  (For comparison - full updates including accumulation: 14,943,744)
level.getFillPerLayer[2](): 0
ideal_bandwidth_fill_per_layer[2]: 0.0

Latency for layer: 3 of Level: FeatureMemory
level.active_instances_per_layer[3]: 1
level.temporal_iterations_per_layer[3]: 6768
Scaling per layer[3]: 6,768
Single Tile latency: cc_per_tile_per_layer[3]: 576
Ideal Case, Latency at this level without stalls: cc_per_all_tiles_per_layer[3]: 576
SCALED cc_per_all_tiles_per_layer[3]: 3,898,368
level.getReadPerLayer[3](): 53,797,478
  (For comparison - full reads including accumulation: 53,797,478)
ideal_bandwidth_read_per_layer[3]: 13.799999999999999
level.getDrainPerLayer[3](): 14,943,744
ideal_bandwidth_drain_per_layer[3]: 3.8333333333333335
ideal_bandwidth_update_per_layer[3]: 3.8333333333333335
  (For comparison - full updates including accumulation: 14,943,744)
level.getFillPerLayer[3](): 0
ideal_bandwidth_fill_per_layer[3]: 0.0

Start of calculation of latency:
I am in FeatureMemory level, so I use different formula for latency calculation


Layer_id: 0 in FeatureMemory

scaling_per_layer[0]: 6768
I AM HERE total_data_rd: 16624915
latency_per_layer[0]: 36.398153185221005, latency_read_drain_per_layer[0]: 18.609090685221005, latency_fill_update_per_layer[0]: 17.7890625
Total latency so far: 36.398153185221005


Layer_id: 1 in FeatureMemory

scaling_per_layer[1]: 6768
I AM HERE total_data_rd: 68741222
latency_per_layer[1]: 94.19545409771474, latency_read_drain_per_layer[1]: 76.94545409771474, latency_fill_update_per_layer[1]: 17.25
Total latency so far: 130.59360728293575


Layer_id: 2 in FeatureMemory

scaling_per_layer[2]: 6768
I AM HERE total_data_rd: 68741222
latency_per_layer[2]: 94.19545409771474, latency_read_drain_per_layer[2]: 76.94545409771474, latency_fill_update_per_layer[2]: 17.25
Total latency so far: 224.78906138065048


Layer_id: 3 in FeatureMemory

scaling_per_layer[3]: 6768
I AM HERE total_data_rd: 68741222
latency_per_layer[3]: 94.19545409771474, latency_read_drain_per_layer[3]: 76.94545409771474, latency_fill_update_per_layer[3]: 17.25
Total latency so far: 318.9845154783652

End of calculation of latency.

Calculating per tile final latency and stall for layer 0 in FeatureMemory: latency_read_drain_per_layer[0] = 18.609090685221005, latency_fill_update_per_layer[0] = 17.7890625
Final per tile latency_per_layer[0]: 36
Final per tile stall_cycles_per_layer[0]: 14
Ideal case: no stall introduced by this level per this layer: cc_per_all_tiles_per_layer[0]: 22
Calculating per tile final latency and stall for layer 1 in FeatureMemory: latency_read_drain_per_layer[1] = 76.94545409771474, latency_fill_update_per_layer[1] = 17.25
Final per tile latency_per_layer[1]: 578
Final per tile stall_cycles_per_layer[1]: 0
Ideal case: no stall introduced by this level per this layer: cc_per_all_tiles_per_layer[1]: 578
Calculating per tile final latency and stall for layer 2 in FeatureMemory: latency_read_drain_per_layer[2] = 76.94545409771474, latency_fill_update_per_layer[2] = 17.25
Final per tile latency_per_layer[2]: 578
Final per tile stall_cycles_per_layer[2]: 0
Ideal case: no stall introduced by this level per this layer: cc_per_all_tiles_per_layer[2]: 578
Calculating per tile final latency and stall for layer 3 in FeatureMemory: latency_read_drain_per_layer[3] = 76.94545409771474, latency_fill_update_per_layer[3] = 17.25
Final per tile latency_per_layer[3]: 576
Final per tile stall_cycles_per_layer[3]: 0
Ideal case: no stall introduced by this level per this layer: cc_per_all_tiles_per_layer[3]: 576


Calculating Latency for Level: DRAM

Latency for layer: 0 of Level: DRAM
level.active_instances_per_layer[0]: 1
level.temporal_iterations_per_layer[0]: 1
Scaling per layer[0]: 1
Single Tile latency: cc_per_tile_per_layer[0]: 36.398153185221005
Ideal Case, Latency at this level without stalls: cc_per_all_tiles_per_layer[0]: 246342.70075757577
SCALED cc_per_all_tiles_per_layer[0]: 246,343
level.getReadPerLayer[0](): 467,280
  (For comparison - full reads including accumulation: 467,280)
ideal_bandwidth_read_per_layer[0]: 1.8968696801771576
level.getDrainPerLayer[0](): 0
ideal_bandwidth_drain_per_layer[0]: 0.0
ideal_bandwidth_update_per_layer[0]: 0.0
  (For comparison - full updates including accumulation: 0)
level.getFillPerLayer[0](): 0
ideal_bandwidth_fill_per_layer[0]: 0.0

Latency for layer: 1 of Level: DRAM
level.active_instances_per_layer[1]: 1
level.temporal_iterations_per_layer[1]: 1
Scaling per layer[1]: 1
Single Tile latency: cc_per_tile_per_layer[1]: 578.0
Ideal Case, Latency at this level without stalls: cc_per_all_tiles_per_layer[1]: 3911904.0
SCALED cc_per_all_tiles_per_layer[1]: 3,911,904
level.getReadPerLayer[1](): 9,216
  (For comparison - full reads including accumulation: 9,216)
ideal_bandwidth_read_per_layer[1]: 0.0023558860340131046
level.getDrainPerLayer[1](): 0
ideal_bandwidth_drain_per_layer[1]: 0.0
ideal_bandwidth_update_per_layer[1]: 0.0
  (For comparison - full updates including accumulation: 0)
level.getFillPerLayer[1](): 0
ideal_bandwidth_fill_per_layer[1]: 0.0

Latency for layer: 2 of Level: DRAM
level.active_instances_per_layer[2]: 1
level.temporal_iterations_per_layer[2]: 1
Scaling per layer[2]: 1
Single Tile latency: cc_per_tile_per_layer[2]: 578.0
Ideal Case, Latency at this level without stalls: cc_per_all_tiles_per_layer[2]: 3911904.0
SCALED cc_per_all_tiles_per_layer[2]: 3,911,904
level.getReadPerLayer[2](): 9,216
  (For comparison - full reads including accumulation: 9,216)
ideal_bandwidth_read_per_layer[2]: 0.0023558860340131046
level.getDrainPerLayer[2](): 0
ideal_bandwidth_drain_per_layer[2]: 0.0
ideal_bandwidth_update_per_layer[2]: 0.0
  (For comparison - full updates including accumulation: 0)
level.getFillPerLayer[2](): 0
ideal_bandwidth_fill_per_layer[2]: 0.0

Latency for layer: 3 of Level: DRAM
level.active_instances_per_layer[3]: 1
level.temporal_iterations_per_layer[3]: 1
Scaling per layer[3]: 1
Single Tile latency: cc_per_tile_per_layer[3]: 576
Ideal Case, Latency at this level without stalls: cc_per_all_tiles_per_layer[3]: 3898368
SCALED cc_per_all_tiles_per_layer[3]: 3,898,368
level.getReadPerLayer[3](): 9,216
  (For comparison - full reads including accumulation: 9,216)
ideal_bandwidth_read_per_layer[3]: 0.002364066193853428
level.getDrainPerLayer[3](): 0
ideal_bandwidth_drain_per_layer[3]: 0.0
ideal_bandwidth_update_per_layer[3]: 3.8333333333333335
  (For comparison - full updates including accumulation: 14,943,744)
level.getFillPerLayer[3](): 0
ideal_bandwidth_fill_per_layer[3]: 0.0

Start of calculation of latency:


Layer_id: 0 in DRAM

ideal_bandwidth_read_per_layer[0] + ideal_bandwidth_drain_per_layer[0]: 1.8968696801771576 vs level.read_bandwidth: 12
I am in Compute Bound
cc_per_all_tiles_per_layer[0]: 246342.70075757577
STANDARD CASE latency_read_drain_per_layer[0]: 246342.70075757577

ideal_bandwidth_fill_per_layer[0] + ideal_bandwidth_update_per_layer[0]: 0.0 vs level.write_bandwidth: 12
previous_fanout_pe_to_pe_warmup: 0
STANDARD CASE latency_fill_update_per_layer[0]: 246342.70075757577


Layer_id: 1 in DRAM

ideal_bandwidth_read_per_layer[1] + ideal_bandwidth_drain_per_layer[1]: 0.0023558860340131046 vs level.read_bandwidth: 12
I am in Compute Bound
cc_per_all_tiles_per_layer[1]: 3911904.0
STANDARD CASE latency_read_drain_per_layer[1]: 3911904.0

ideal_bandwidth_fill_per_layer[1] + ideal_bandwidth_update_per_layer[1]: 0.0 vs level.write_bandwidth: 12
previous_fanout_pe_to_pe_warmup: 0
STANDARD CASE latency_fill_update_per_layer[1]: 3911904.0


Layer_id: 2 in DRAM

ideal_bandwidth_read_per_layer[2] + ideal_bandwidth_drain_per_layer[2]: 0.0023558860340131046 vs level.read_bandwidth: 12
I am in Compute Bound
cc_per_all_tiles_per_layer[2]: 3911904.0
STANDARD CASE latency_read_drain_per_layer[2]: 3911904.0

ideal_bandwidth_fill_per_layer[2] + ideal_bandwidth_update_per_layer[2]: 0.0 vs level.write_bandwidth: 12
previous_fanout_pe_to_pe_warmup: 0
STANDARD CASE latency_fill_update_per_layer[2]: 3911904.0


Layer_id: 3 in DRAM

ideal_bandwidth_read_per_layer[3] + ideal_bandwidth_drain_per_layer[3]: 0.002364066193853428 vs level.read_bandwidth: 12
I am in Compute Bound
cc_per_all_tiles_per_layer[3]: 3898368
STANDARD CASE latency_read_drain_per_layer[3]: 3898368

ideal_bandwidth_fill_per_layer[3] + ideal_bandwidth_update_per_layer[3]: 3.8333333333333335 vs level.write_bandwidth: 12
previous_fanout_pe_to_pe_warmup: 0
STANDARD CASE latency_fill_update_per_layer[3]: 3898368

End of calculation of latency.

Calculating per tile final latency and stall for layer 0 in DRAM: latency_read_drain_per_layer[0] = 246342.70075757577, latency_fill_update_per_layer[0] = 246342.70075757577
Final per tile latency_per_layer[0]: 246,343
Final per tile stall_cycles_per_layer[0]: 0
Ideal case: no stall introduced by this level per this layer: cc_per_all_tiles_per_layer[0]: 246,343
Calculating per tile final latency and stall for layer 1 in DRAM: latency_read_drain_per_layer[1] = 3911904.0, latency_fill_update_per_layer[1] = 3911904.0
Final per tile latency_per_layer[1]: 3,911,904
Final per tile stall_cycles_per_layer[1]: 0
Ideal case: no stall introduced by this level per this layer: cc_per_all_tiles_per_layer[1]: 3,911,904
Calculating per tile final latency and stall for layer 2 in DRAM: latency_read_drain_per_layer[2] = 3911904.0, latency_fill_update_per_layer[2] = 3911904.0
Final per tile latency_per_layer[2]: 3,911,904
Final per tile stall_cycles_per_layer[2]: 0
Ideal case: no stall introduced by this level per this layer: cc_per_all_tiles_per_layer[2]: 3,911,904
Calculating per tile final latency and stall for layer 3 in DRAM: latency_read_drain_per_layer[3] = 3898368, latency_fill_update_per_layer[3] = 3898368
Final per tile latency_per_layer[3]: 3,898,368
Final per tile stall_cycles_per_layer[3]: 0
Ideal case: no stall introduced by this level per this layer: cc_per_all_tiles_per_layer[3]: 3,898,368


Final WMOPs and Latency calculation for Level: DRAM
Level: DRAM, Layer: 0
max_latency_per_layer[0]: 0 before update
level.getSettedLatencyPerLayer[0](): 246,343
Level: DRAM, Layer: 1
max_latency_per_layer[1]: 0 before update
level.getSettedLatencyPerLayer[1](): 3,911,904
Level: DRAM, Layer: 2
max_latency_per_layer[2]: 0 before update
level.getSettedLatencyPerLayer[2](): 3,911,904
Level: DRAM, Layer: 3
max_latency_per_layer[3]: 0 before update
level.getSettedLatencyPerLayer[3](): 3,898,368
Level DRAM: Thesis_4Layers_534528KB_FMEM_16x128_PEs, max_latency (sequential layers): 11,968,519


Final WMOPs and Latency calculation for Level: FeatureMemory
Level: FeatureMemory, Layer: 0
max_latency_per_layer[0]: 246,343 before update
level.getSettedLatencyPerLayer[0](): 19
Level: FeatureMemory, Layer: 1
max_latency_per_layer[1]: 3,911,904 before update
level.getSettedLatencyPerLayer[1](): 77
Level: FeatureMemory, Layer: 2
max_latency_per_layer[2]: 3,911,904 before update
level.getSettedLatencyPerLayer[2](): 77
Level: FeatureMemory, Layer: 3
max_latency_per_layer[3]: 3,898,368 before update
level.getSettedLatencyPerLayer[3](): 520,767
Level FeatureMemory: Thesis_4Layers_534528KB_FMEM_16x128_PEs, max_latency (sequential layers): 11,968,519


Final WMOPs and Latency calculation for Level: WeightMemory
Level: WeightMemory, Layer: 0
max_latency_per_layer[0]: 246,343 before update
level.getSettedLatencyPerLayer[0](): 22
Level: WeightMemory, Layer: 1
max_latency_per_layer[1]: 3,911,904 before update
level.getSettedLatencyPerLayer[1](): 578
Level: WeightMemory, Layer: 2
max_latency_per_layer[2]: 3,911,904 before update
level.getSettedLatencyPerLayer[2](): 578
Level: WeightMemory, Layer: 3
max_latency_per_layer[3]: 3,898,368 before update
level.getSettedLatencyPerLayer[3](): 3,898,368
Level WeightMemory: Thesis_4Layers_534528KB_FMEM_16x128_PEs, max_latency (sequential layers): 11,968,519


Final WMOPs and Latency calculation for Level: SACols_3


Final WMOPs and Latency calculation for Level: SARows_3


Final WMOPs and Latency calculation for Level: SACols_2


Final WMOPs and Latency calculation for Level: SARows_2


Final WMOPs and Latency calculation for Level: SACols_1


Final WMOPs and Latency calculation for Level: SARows_1


Final WMOPs and Latency calculation for Level: SACols_0


Final WMOPs and Latency calculation for Level: SARows_0


Final WMOPs and Latency calculation for Level: WeightRegister
Level: WeightRegister, Layer: 0
max_latency_per_layer[0]: 246,343 before update
level.getSettedLatencyPerLayer[0](): 1
Level: WeightRegister, Layer: 1
max_latency_per_layer[1]: 3,911,904 before update
level.getSettedLatencyPerLayer[1](): 1
Level: WeightRegister, Layer: 2
max_latency_per_layer[2]: 3,911,904 before update
level.getSettedLatencyPerLayer[2](): 1
Level: WeightRegister, Layer: 3
max_latency_per_layer[3]: 3,898,368 before update
level.getSettedLatencyPerLayer[3](): 3,898,368
Level WeightRegister: Thesis_4Layers_534528KB_FMEM_16x128_PEs, max_latency (sequential layers): 11,968,519


Final WMOPs and Latency calculation for Level: AccumulationIntermediateOutputRegister
Level: AccumulationIntermediateOutputRegister, Layer: 0
max_latency_per_layer[0]: 246,343 before update
level.getSettedLatencyPerLayer[0](): 1
Level: AccumulationIntermediateOutputRegister, Layer: 1
max_latency_per_layer[1]: 3,911,904 before update
level.getSettedLatencyPerLayer[1](): 1
Level: AccumulationIntermediateOutputRegister, Layer: 2
max_latency_per_layer[2]: 3,911,904 before update
level.getSettedLatencyPerLayer[2](): 1
Level: AccumulationIntermediateOutputRegister, Layer: 3
max_latency_per_layer[3]: 3,898,368 before update
level.getSettedLatencyPerLayer[3](): 3,898,368
Level AccumulationIntermediateOutputRegister: Thesis_4Layers_534528KB_FMEM_16x128_PEs, max_latency (sequential layers): 11,968,519


Final WMOPs and Latency calculation for Level: AccumulationOutputRegister
Level: AccumulationOutputRegister, Layer: 0
max_latency_per_layer[0]: 246,343 before update
level.getSettedLatencyPerLayer[0](): 1
Level: AccumulationOutputRegister, Layer: 1
max_latency_per_layer[1]: 3,911,904 before update
level.getSettedLatencyPerLayer[1](): 1
Level: AccumulationOutputRegister, Layer: 2
max_latency_per_layer[2]: 3,911,904 before update
level.getSettedLatencyPerLayer[2](): 1
Level: AccumulationOutputRegister, Layer: 3
max_latency_per_layer[3]: 3,898,368 before update
level.getSettedLatencyPerLayer[3](): 3,898,368
Level AccumulationOutputRegister: Thesis_4Layers_534528KB_FMEM_16x128_PEs, max_latency (sequential layers): 11,968,519


Final WMOPs and Latency calculation for Level: Compute
Compute level latency: 1
Compute latency for layer 0: 121,824
Compute latency for layer 1: 3,898,368
Compute latency for layer 2: 3,898,368
Compute latency for layer 3: 3,898,368
max_latency initially: 11968518.700757576
compute_latency from compute level: 11,816,928
max_latency after compute: 11,968,519, before fanout_level
level SACols_3 utilization: 69/128=0.5390625
utilization after level SACols_3: 0.5390625
level SARows_3 utilization: 16/16=1.0
utilization after level SARows_3: 0.5390625
level SACols_2 utilization: 69/128=0.5390625
utilization after level SACols_2: 0.29058837890625
level SARows_2 utilization: 16/16=1.0
utilization after level SARows_2: 0.29058837890625
level SACols_1 utilization: 69/128=0.5390625
utilization after level SACols_1: 0.1566452980041504
level SARows_1 utilization: 16/16=1.0
utilization after level SARows_1: 0.1566452980041504
level SACols_0 utilization: 69/128=0.5390625
utilization after level SACols_0: 0.08444160595536232
level SARows_0 utilization: 16/16=1.0
utilization after level SARows_0: 0.08444160595536232
level Compute utilization: 1/1=1.0
utilization after level Compute: 0.08444160595536232
Arch: Thesis_4Layers_534528KB_FMEM_16x128_PEs: spatial utilization is 0.08444160595536232
utilization used in WART calculation: 0.08444160595536232
CIAO!
updateStats2
-- fanout maximization --
tile_sizes[dim]: [69, 3], self._dim_products[dim]: [18, 1]
input_FC_size distinct: 2484
Input FC size: 2484

Input size: 470232

Output size: 7471872

Weight size: 27936

Intermediate input size: 37630656
Total intermediate size (input + output): 0

input_size: 470232, output_size: 7471872, weight_size: 27936, intermediate_size: 0
Total mem footprint: 7972524



tile_sizes[dim]: [69, 3], self._dim_products[dim]: [18, 1]
input_FC_size distinct: 2484
Input FC size: 2484

Input size: 470232

Output size: 14943744

Weight size: 27936

Intermediate input size: 37630656
Total intermediate size (input + output): 0

input_size: 470232, output_size: 14943744, weight_size: 27936, intermediate_size: 0
Total mem footprint: 15444396



tile_sizes[dim]: [69, 3], self._dim_products[dim]: [18, 1]
input_FC_size distinct: 2484
Input FC size: 2484

Input size: 470232

Output size: 14943744

Weight size: 27936

Intermediate input size: 37630656
Total intermediate size (input + output): 0

input_size: 470232, output_size: 14943744, weight_size: 27936, intermediate_size: 0
Total mem footprint: 15444396



tile_sizes[dim]: [69, 3], self._dim_products[dim]: [9, 1]
input_FC_size distinct: 1242
Input FC size: 1242

Input size: 235494

Output size: 14943744

Weight size: 27936

Intermediate input size: 45142272
Total intermediate size (input + output): 0

input_size: 235494, output_size: 14943744, weight_size: 27936, intermediate_size: 0
Total mem footprint: 15208416



-- local search of memory levels --
Choices after one step: {}
No valid follow-up configuration, stopping, current Wart: 1.127e+19
Total moves: 0
Total choices: 1
Choices: {}
Getting flat weight coupling for layer None
Getting flat weight coupling for layer None
Getting flat weight coupling for layer None
-- spatial-memory levels co-optimization --
Choices after one step: {}
No valid follow-up configuration, stopping, current Wart: 1.127e+19
Total moves: 0
Total choices: 1
Choices: {}
Getting flat weight coupling for layer None
Getting flat weight coupling for layer None
Getting flat weight coupling for layer None
é stato chiamato update stats! 




Questo mops è chiamato da update stats
Level: DRAM, arch bypasses for the level: ['int_in', 'int_out'], in_bp: 1, w_bp: 0, out_bp: 1, int_in_bp: 0, int_out_bp: 0
DEBUG updateStats pre scaling: Level DRAM:
  in_reads: 466992
  per_layer_w_reads: {0: 288, 1: 9216, 2: 9216, 3: 9216}
  per_layer_int_in_reads: {0: 0, 1: 0, 2: 0}
  per_layer_int_out_reads: {0: 0, 1: 0, 2: 0}
  per_layer_int_out_writes: {0: 0, 1: 0, 2: 0}
  out_reads: 14943744
  out_writes: 14943744
  out_reads_factors: 1
scale_per_layer[0]: 1, temporal_iterations_per_layer[0]: 1, spatial_iterations_per_layer[0]: 1
DEBUG: results after scaling: Level DRAM: in_reads=466992, w_reads=27936, int_in_reads=0, int_out_reads=0, int_out_writes=0, out_writes=14943744, out_reads=14943744, out_reads_factors=1
DEBUG: Level DRAM adjusted out_reads for no bias read: 0
DEBUG: Level DRAM bypasses intermediate storage
DEBUG updateStats post scaling: Level DRAM:
  in_reads: 466,992
  per_layer_w_reads: {0: 288, 1: 9216, 2: 9216, 3: 9216}
  w_reads: 27,936
  per_layer_int_in_reads: {0: 0, 1: 0, 2: 0}
  per_layer_int_in_writes: {0: 0, 1: 0, 2: 0}
  int_in_reads: 0
  per_layer_int_out_reads: {0: 0, 1: 0, 2: 0}
  per_layer_int_out_writes: {0: 0, 1: 0, 2: 0}
  int_out_reads: 0
  out_reads: 0
  out_writes: 14,943,744
  out_reads_factors: 1
in_writes: 0, w_writes: 0, int_in_writes: 0, int_out_writes: 0, out_writes: 14943744
Name of the level: DRAM, level active instances per layer: {0: 1, 1: 1, 2: 1, 3: 1}, level active instances: 1
Level DRAM, Layer 0: total_reads = 467280, total_writes = 0
Level DRAM, Layer 1: total_reads = 9216, total_writes = 0
Level DRAM, Layer 2: total_reads = 9216, total_writes = 0
DEBUG: Level DRAM, Layer 3, per_layer_int_in_reads2: 0, per_layer_w_reads3: 9216, out_reads: 0
Level DRAM, Layer 3: total_reads = 9216, total_writes = 14943744
Check: Per Layer Total reads: {0: 467280, 1: 9216, 2: 9216, 3: 9216}, total: 494928
Check: Per Layer Total writes: {0: 0, 1: 0, 2: 0, 3: 14943744}, 
 total: 14943744
Level DRAM total WMOPs from per layer sum: 494,037,504.000
Level DRAM total WMOPs from total reads/writes: 494,037,504.000
End first part of update for level: DRAM



Questo mops è chiamato da update stats
Level: FeatureMemory, arch bypasses for the level: ['w'], in_bp: 0, w_bp: 0, out_bp: 0, int_in_bp: 0, int_out_bp: 0
DEBUG updateStats pre scaling: Level FeatureMemory:
  in_reads: 1242
  per_layer_w_reads: {0: 0, 1: 0, 2: 0, 3: 0}
  per_layer_int_in_reads: {0: 39744, 1: 39744, 2: 39744}
  per_layer_int_out_reads: {0: 2208, 1: 2208, 2: 2208}
  per_layer_int_out_writes: {0: 2208, 1: 2208, 2: 2208}
  out_reads: 2208
  out_writes: 2208
  out_reads_factors: 1
scale_per_layer[0]: 6768, temporal_iterations_per_layer[0]: 6768, spatial_iterations_per_layer[0]: 1
DEBUG: results after scaling: Level FeatureMemory: in_reads=8405856, w_reads=0, int_in_reads=806962176, int_out_reads=44831232, int_out_writes=44831232, out_writes=14943744, out_reads=14943744, out_reads_factors=1
DEBUG: Level FeatureMemory adjusted out_reads for no bias read: 0
DEBUG updateStats post scaling: Level FeatureMemory:
  in_reads: 8,405,856
  per_layer_w_reads: {0: 0, 1: 0, 2: 0, 3: 0}
  w_reads: 0
  per_layer_int_in_reads: {0: 268987392, 1: 268987392, 2: 268987392}
  per_layer_int_in_writes: {0: 0, 1: 0, 2: 0}
  int_in_reads: 806,962,176
  per_layer_int_out_reads: {0: 14943744, 1: 14943744, 2: 14943744}
  per_layer_int_out_writes: {0: 14943744, 1: 14943744, 2: 14943744}
  int_out_reads: 44,831,232
  out_reads: 14,943,744
  out_writes: 14,943,744
  out_reads_factors: 1
in_writes: 466992, w_writes: 0, int_in_writes: 0, int_out_writes: 44831232, out_writes: 14943744
Name of the level: FeatureMemory, level active instances per layer: {0: 1, 1: 1, 2: 1, 3: 1}, level active instances: 1
Level FeatureMemory, Layer 0: total_reads = 23349600, total_writes = 15410736
Level FeatureMemory, Layer 1: total_reads = 283931136, total_writes = 14943744
Level FeatureMemory, Layer 2: total_reads = 283931136, total_writes = 14943744
DEBUG: Level FeatureMemory, Layer 3, per_layer_int_in_reads2: 268987392, per_layer_w_reads3: 0, out_reads: 14943744
Level FeatureMemory, Layer 3: total_reads = 283931136, total_writes = 14943744
Check: Per Layer Total reads: {0: 23349600, 1: 283931136, 2: 283931136, 3: 283931136}, total: 875143008
Check: Per Layer Total writes: {0: 15410736, 1: 14943744, 2: 14943744, 3: 14943744}, 
 total: 60241968
Level FeatureMemory total WMOPs from per layer sum: 927,251,843.510
Level FeatureMemory total WMOPs from total reads/writes: 927,251,843.510
End first part of update for level: FeatureMemory



Questo mops è chiamato da update stats
Level: WeightMemory, arch bypasses for the level: ['in', 'int_in', 'int_out', 'out'], in_bp: 0, w_bp: 1, out_bp: 0, int_in_bp: 0, int_out_bp: 0
DEBUG updateStats pre scaling: Level WeightMemory:
  in_reads: 0
  per_layer_w_reads: {0: 288, 1: 9216, 2: 9216, 3: 9216}
  per_layer_int_in_reads: {0: 0, 1: 0, 2: 0}
  per_layer_int_out_reads: {0: 0, 1: 0, 2: 0}
  per_layer_int_out_writes: {0: 0, 1: 0, 2: 0}
  out_reads: 0
  out_writes: 0
  out_reads_factors: 0
scale_per_layer[0] = 6768, temporal_iterations_per_layer[0] = 6768, spatial_iterations_per_layer[0] = 1
scale_per_layer[0]: 6768, temporal_iterations_per_layer[0]: 6768, spatial_iterations_per_layer[0]: 1
DEBUG: results after scaling: Level WeightMemory: in_reads=0, w_reads=189070848, int_in_reads=0, int_out_reads=0, int_out_writes=0, out_writes=0, out_reads=0, out_reads_factors=0
DEBUG: Level WeightMemory bypasses intermediate storage
DEBUG updateStats post scaling: Level WeightMemory:
  in_reads: 0
  per_layer_w_reads: {0: 1949184, 1: 62373888, 2: 62373888, 3: 62373888}
  w_reads: 189,070,848
  per_layer_int_in_reads: {0: 0, 1: 0, 2: 0}
  per_layer_int_in_writes: {0: 0, 1: 0, 2: 0}
  int_in_reads: 0
  per_layer_int_out_reads: {0: 0, 1: 0, 2: 0}
  per_layer_int_out_writes: {0: 0, 1: 0, 2: 0}
  int_out_reads: 0
  out_reads: 0
  out_writes: 0
  out_reads_factors: 0
in_writes: 0, w_writes: 27936, int_in_writes: 0, int_out_writes: 0, out_writes: 0
Name of the level: WeightMemory, level active instances per layer: {0: 1, 1: 1, 2: 1, 3: 1}, level active instances: 1
Level WeightMemory, Layer 0: total_reads = 1949184, total_writes = 288
Level WeightMemory, Layer 1: total_reads = 62373888, total_writes = 9216
Level WeightMemory, Layer 2: total_reads = 62373888, total_writes = 9216
DEBUG: Level WeightMemory, Layer 3, per_layer_int_in_reads2: 0, per_layer_w_reads3: 62373888, out_reads: 0
Level WeightMemory, Layer 3: total_reads = 62373888, total_writes = 9216
Check: Per Layer Total reads: {0: 1949184, 1: 62373888, 2: 62373888, 3: 62373888}, total: 189070848
Check: Per Layer Total writes: {0: 288, 1: 9216, 2: 9216, 3: 9216}, 
 total: 27936
Level WeightMemory total WMOPs from per layer sum: 957,913,561.308
Level WeightMemory total WMOPs from total reads/writes: 957,913,561.308
End first part of update for level: WeightMemory



Calculating Fanout Level: SACols_3, updating spatial and last reads
Fanout Level SACols_3, Layer 3, dim Q, layer_iterations: 69
End of the first part of Update Stats for fanout level: SACols_3


Calculating Fanout Level: SARows_3, updating spatial and last reads
Fanout Level SARows_3, Layer 3, dim Z3, layer_iterations: 16
End of the first part of Update Stats for fanout level: SARows_3


Calculating Fanout Level: SACols_2, updating spatial and last reads
Fanout Level SACols_2, Layer 2, dim X2, layer_iterations: 69
End of the first part of Update Stats for fanout level: SACols_2


Calculating Fanout Level: SARows_2, updating spatial and last reads
Fanout Level SARows_2, Layer 2, dim Z2, layer_iterations: 16
End of the first part of Update Stats for fanout level: SARows_2


Calculating Fanout Level: SACols_1, updating spatial and last reads
Fanout Level SACols_1, Layer 1, dim X1, layer_iterations: 69
End of the first part of Update Stats for fanout level: SACols_1


Calculating Fanout Level: SARows_1, updating spatial and last reads
Fanout Level SARows_1, Layer 1, dim Z1, layer_iterations: 16
End of the first part of Update Stats for fanout level: SARows_1


Calculating Fanout Level: SACols_0, updating spatial and last reads
Fanout Level SACols_0, Layer 0, dim X0, layer_iterations: 69
End of the first part of Update Stats for fanout level: SACols_0


Calculating Fanout Level: SARows_0, updating spatial and last reads
Fanout Level SARows_0, Layer 0, dim Z0, layer_iterations: 16
End of the first part of Update Stats for fanout level: SARows_0


Questo mops è chiamato da update stats
Level: WeightRegister, arch bypasses for the level: ['in', 'int_in', 'int_out', 'out'], in_bp: 0, w_bp: 0, out_bp: 0, int_in_bp: 0, int_out_bp: 0
DEBUG updateStats pre scaling: Level WeightRegister:
  in_reads: 0
  per_layer_w_reads: {0: 1, 1: 1, 2: 1, 3: 1}
  per_layer_int_in_reads: {0: 0, 1: 0, 2: 0}
  per_layer_int_out_reads: {0: 0, 1: 0, 2: 0}
  per_layer_int_out_writes: {0: 0, 1: 0, 2: 0}
  out_reads: 0
  out_writes: 0
  out_reads_factors: 0
scale_per_layer[0]: 134493696, temporal_iterations_per_layer[0]: 121824, spatial_iterations_per_layer[0]: 1104
DEBUG: results after scaling: Level WeightRegister: in_reads=0, w_reads=13045888512, int_in_reads=0, int_out_reads=0, int_out_writes=0, out_writes=0, out_reads=0, out_reads_factors=0
DEBUG: Level WeightRegister bypasses intermediate storage
DEBUG updateStats post scaling: Level WeightRegister:
  in_reads: 0
  per_layer_w_reads: {0: 134493696, 1: 4303798272, 2: 4303798272, 3: 4303798272}
  w_reads: 13,045,888,512
  per_layer_int_in_reads: {0: 0, 1: 0, 2: 0}
  per_layer_int_in_writes: {0: 0, 1: 0, 2: 0}
  int_in_reads: 0
  per_layer_int_out_reads: {0: 0, 1: 0, 2: 0}
  per_layer_int_out_writes: {0: 0, 1: 0, 2: 0}
  int_out_reads: 0
  out_reads: 0
  out_writes: 0
  out_reads_factors: 0
in_writes: 0, w_writes: 13045888512, int_in_writes: 0, int_out_writes: 0, out_writes: 0
Name of the level: WeightRegister, level active instances per layer: {0: 1104, 1: 1104, 2: 1104, 3: 1104}, level active instances: 1485512441856
Level WeightRegister, Layer 0: total_reads = 134493696, total_writes = 134493696
Level WeightRegister, Layer 1: total_reads = 4303798272, total_writes = 4303798272
Level WeightRegister, Layer 2: total_reads = 4303798272, total_writes = 4303798272
DEBUG: Level WeightRegister, Layer 3, per_layer_int_in_reads2: 0, per_layer_w_reads3: 4303798272, out_reads: 0
Level WeightRegister, Layer 3: total_reads = 4303798272, total_writes = 4303798272
Check: Per Layer Total reads: {0: 134493696, 1: 4303798272, 2: 4303798272, 3: 4303798272}, total: 13045888512
Check: Per Layer Total writes: {0: 134493696, 1: 4303798272, 2: 4303798272, 3: 4303798272}, 
 total: 13045888512
Level WeightRegister total WMOPs from per layer sum: 5,188,605,515.266
Level WeightRegister total WMOPs from total reads/writes: 5,188,605,515.266
End first part of update for level: WeightRegister



Questo mops è chiamato da update stats
Level: AccumulationIntermediateOutputRegister, arch bypasses for the level: ['in', 'w', 'out', 'int_in'], in_bp: 0, w_bp: 0, out_bp: 0, int_in_bp: 0, int_out_bp: 0
DEBUG updateStats pre scaling: Level AccumulationIntermediateOutputRegister:
  in_reads: 0
  per_layer_w_reads: {0: 0, 1: 0, 2: 0, 3: 0}
  per_layer_int_in_reads: {0: 0, 1: 0, 2: 0}
  per_layer_int_out_reads: {0: 1, 1: 1, 2: 1}
  per_layer_int_out_writes: {0: 1, 1: 1, 2: 1}
  out_reads: 0
  out_writes: 0
  out_reads_factors: 0
scale_per_layer[0]: 134493696, temporal_iterations_per_layer[0]: 121824, spatial_iterations_per_layer[0]: 1104
DEBUG: results after scaling: Level AccumulationIntermediateOutputRegister: in_reads=0, w_reads=0, int_in_reads=0, int_out_reads=8742090240, int_out_writes=8742090240, out_writes=0, out_reads=0, out_reads_factors=0
DEBUG updateStats post scaling: Level AccumulationIntermediateOutputRegister:
  in_reads: 0
  per_layer_w_reads: {0: 0, 1: 0, 2: 0, 3: 0}
  w_reads: 0
  per_layer_int_in_reads: {0: 0, 1: 0, 2: 0}
  per_layer_int_in_writes: {0: 0, 1: 0, 2: 0}
  int_in_reads: 0
  per_layer_int_out_reads: {0: 149437440, 1: 4318742016, 2: 4318742016}
  per_layer_int_out_writes: {0: 149437440, 1: 4318742016, 2: 4318742016}
  int_out_reads: 8,742,090,240
  out_reads: 0
  out_writes: 0
  out_reads_factors: 0
in_writes: 0, w_writes: 0, int_in_writes: 0, int_out_writes: 8742090240, out_writes: 0
Name of the level: AccumulationIntermediateOutputRegister, level active instances per layer: {0: 1104, 1: 1104, 2: 1104, 3: 1104}, level active instances: 1485512441856
Level AccumulationIntermediateOutputRegister, Layer 0: total_reads = 149437440, total_writes = 149437440
Level AccumulationIntermediateOutputRegister, Layer 1: total_reads = 4318742016, total_writes = 4318742016
Level AccumulationIntermediateOutputRegister, Layer 2: total_reads = 4318742016, total_writes = 4318742016
DEBUG: Level AccumulationIntermediateOutputRegister, Layer 3, per_layer_int_in_reads2: 0, per_layer_w_reads3: 0, out_reads: 0
Level AccumulationIntermediateOutputRegister, Layer 3: total_reads = 0, total_writes = 0
Check: Per Layer Total reads: {0: 149437440, 1: 4318742016, 2: 4318742016, 3: 0}, total: 8786921472
Check: Per Layer Total writes: {0: 149437440, 1: 4318742016, 2: 4318742016, 3: 0}, 
 total: 8786921472
Level AccumulationIntermediateOutputRegister total WMOPs from per layer sum: 8,750,202,767.686
Level AccumulationIntermediateOutputRegister total WMOPs from total reads/writes: 8,732,031,353.133
End first part of update for level: AccumulationIntermediateOutputRegister



Questo mops è chiamato da update stats
Level: AccumulationOutputRegister, arch bypasses for the level: ['in', 'w', 'int_in', 'int_out'], in_bp: 0, w_bp: 0, out_bp: 1, int_in_bp: 0, int_out_bp: 0
DEBUG updateStats pre scaling: Level AccumulationOutputRegister:
  in_reads: 0
  per_layer_w_reads: {0: 0, 1: 0, 2: 0, 3: 0}
  per_layer_int_in_reads: {0: 0, 1: 0, 2: 0}
  per_layer_int_out_reads: {0: 0, 1: 0, 2: 0}
  per_layer_int_out_writes: {0: 0, 1: 0, 2: 0}
  out_reads: 1
  out_writes: 1
  out_reads_factors: 1
scale_per_layer[0]: 134493696, temporal_iterations_per_layer[0]: 121824, spatial_iterations_per_layer[0]: 1104
DEBUG: results after scaling: Level AccumulationOutputRegister: in_reads=0, w_reads=0, int_in_reads=0, int_out_reads=0, int_out_writes=0, out_writes=4303798272, out_reads=4303798272, out_reads_factors=288
DEBUG: Level AccumulationOutputRegister adjusted out_reads for no bias read: 4288854528
DEBUG: Level AccumulationOutputRegister bypasses intermediate storage
DEBUG updateStats post scaling: Level AccumulationOutputRegister:
  in_reads: 0
  per_layer_w_reads: {0: 0, 1: 0, 2: 0, 3: 0}
  w_reads: 0
  per_layer_int_in_reads: {0: 0, 1: 0, 2: 0}
  per_layer_int_in_writes: {0: 0, 1: 0, 2: 0}
  int_in_reads: 0
  per_layer_int_out_reads: {0: 0, 1: 0, 2: 0}
  per_layer_int_out_writes: {0: 0, 1: 0, 2: 0}
  int_out_reads: 0
  out_reads: 4,303,798,272
  out_writes: 4,303,798,272
  out_reads_factors: 288
in_writes: 0, w_writes: 0, int_in_writes: 0, int_out_writes: 0, out_writes: 4303798272
Name of the level: AccumulationOutputRegister, level active instances per layer: {0: 1104, 1: 1104, 2: 1104, 3: 1104}, level active instances: 1485512441856
Level AccumulationOutputRegister, Layer 0: total_reads = 0, total_writes = 0
Level AccumulationOutputRegister, Layer 1: total_reads = 0, total_writes = 0
Level AccumulationOutputRegister, Layer 2: total_reads = 0, total_writes = 0
DEBUG: Level AccumulationOutputRegister, Layer 3, per_layer_int_in_reads2: 0, per_layer_w_reads3: 0, out_reads: 4303798272
Level AccumulationOutputRegister, Layer 3: total_reads = 4303798272, total_writes = 4303798272
Check: Per Layer Total reads: {0: 0, 1: 0, 2: 0, 3: 4303798272}, total: 4303798272
Check: Per Layer Total writes: {0: 0, 1: 0, 2: 0, 3: 4303798272}, 
 total: 4303798272
Level AccumulationOutputRegister total WMOPs from per layer sum: 10,494,658,564.790
Level AccumulationOutputRegister total WMOPs from total reads/writes: 10,476,487,150.237
End first part of update for level: AccumulationOutputRegister



Calculating WMOPs for Compute Level
Compute Level Compute WMOPs_per_layer: {0: 167649412.3117145, 1: 4262784087.055942, 2: 4262784087.055942, 3: 4734926756.871554}
WMOPs_till_now before compute level: 10,494,658,564.790
Compute Level Compute total WMOPs from per layer sum: 13428144343.295155
Compute Level Compute total WMOPs: 2.4108376953183185e+36
Total WMOPs after adding compute level: 23922802908.084877
END FIRST PART OF UPDATE STATS


First cc_per_tile, it is from compute = 1
First cc_per_tile_per_layer it is from compute = {0: 1, 1: 1, 2: 1, 3: 1}


Calculating Latency for Level: AccumulationOutputRegister

Latency for layer: 0 of Level: AccumulationOutputRegister
level.active_instances_per_layer[0]: 1104
level.temporal_iterations_per_layer[0]: 121824
Scaling per layer[0]: 134,493,696
Single Tile latency: cc_per_tile_per_layer[0]: 1
Ideal Case, Latency at this level without stalls: cc_per_all_tiles_per_layer[0]: 1
SCALED cc_per_all_tiles_per_layer[0]: 134,493,696
level.getReadPerLayer[0](): 0
  (For comparison - full reads including accumulation: 0)
ideal_bandwidth_read_per_layer[0]: 0.0
level.getDrainPerLayer[0](): 0
ideal_bandwidth_drain_per_layer[0]: 0.0
ideal_bandwidth_update_per_layer[0]: 0.0
  (For comparison - full updates including accumulation: 0)
level.getFillPerLayer[0](): 0
ideal_bandwidth_fill_per_layer[0]: 0.0

Latency for layer: 1 of Level: AccumulationOutputRegister
level.active_instances_per_layer[1]: 1104
level.temporal_iterations_per_layer[1]: 3898368
Scaling per layer[1]: 4,303,798,272
Single Tile latency: cc_per_tile_per_layer[1]: 1
Ideal Case, Latency at this level without stalls: cc_per_all_tiles_per_layer[1]: 1
SCALED cc_per_all_tiles_per_layer[1]: 4,303,798,272
level.getReadPerLayer[1](): 0
  (For comparison - full reads including accumulation: 0)
ideal_bandwidth_read_per_layer[1]: 0.0
level.getDrainPerLayer[1](): 0
ideal_bandwidth_drain_per_layer[1]: 0.0
ideal_bandwidth_update_per_layer[1]: 0.0
  (For comparison - full updates including accumulation: 0)
level.getFillPerLayer[1](): 0
ideal_bandwidth_fill_per_layer[1]: 0.0

Latency for layer: 2 of Level: AccumulationOutputRegister
level.active_instances_per_layer[2]: 1104
level.temporal_iterations_per_layer[2]: 3898368
Scaling per layer[2]: 4,303,798,272
Single Tile latency: cc_per_tile_per_layer[2]: 1
Ideal Case, Latency at this level without stalls: cc_per_all_tiles_per_layer[2]: 1
SCALED cc_per_all_tiles_per_layer[2]: 4,303,798,272
level.getReadPerLayer[2](): 0
  (For comparison - full reads including accumulation: 0)
ideal_bandwidth_read_per_layer[2]: 0.0
level.getDrainPerLayer[2](): 0
ideal_bandwidth_drain_per_layer[2]: 0.0
ideal_bandwidth_update_per_layer[2]: 0.0
  (For comparison - full updates including accumulation: 0)
level.getFillPerLayer[2](): 0
ideal_bandwidth_fill_per_layer[2]: 0.0

Latency for layer: 3 of Level: AccumulationOutputRegister
level.active_instances_per_layer[3]: 1104
level.temporal_iterations_per_layer[3]: 3898368
Scaling per layer[3]: 4,303,798,272
Single Tile latency: cc_per_tile_per_layer[3]: 1
Ideal Case, Latency at this level without stalls: cc_per_all_tiles_per_layer[3]: 1
SCALED cc_per_all_tiles_per_layer[3]: 4,303,798,272
level.getReadPerLayer[3](): 4,288,854,528
  (For comparison - full reads including accumulation: 4,288,854,528)
ideal_bandwidth_read_per_layer[3]: 0.9965277777777778
level.getDrainPerLayer[3](): 14,943,744
ideal_bandwidth_drain_per_layer[3]: 0.003472222222222222
ideal_bandwidth_update_per_layer[3]: 1.0
  (For comparison - full updates including accumulation: 4,303,798,272)
level.getFillPerLayer[3](): 0
ideal_bandwidth_fill_per_layer[3]: 0.0

Start of calculation of latency:


Layer_id: 0 in AccumulationOutputRegister

ideal_bandwidth_read_per_layer[0] + ideal_bandwidth_drain_per_layer[0]: 0.0 vs level.read_bandwidth: 1
I am in Compute Bound
cc_per_all_tiles_per_layer[0]: 1
STANDARD CASE latency_read_drain_per_layer[0]: 1

ideal_bandwidth_fill_per_layer[0] + ideal_bandwidth_update_per_layer[0]: 0.0 vs level.write_bandwidth: 1
previous_fanout_pe_to_pe_warmup: 0
STANDARD CASE latency_fill_update_per_layer[0]: 1


Layer_id: 1 in AccumulationOutputRegister

ideal_bandwidth_read_per_layer[1] + ideal_bandwidth_drain_per_layer[1]: 0.0 vs level.read_bandwidth: 1
I am in Compute Bound
cc_per_all_tiles_per_layer[1]: 1
STANDARD CASE latency_read_drain_per_layer[1]: 1

ideal_bandwidth_fill_per_layer[1] + ideal_bandwidth_update_per_layer[1]: 0.0 vs level.write_bandwidth: 1
previous_fanout_pe_to_pe_warmup: 0
STANDARD CASE latency_fill_update_per_layer[1]: 1


Layer_id: 2 in AccumulationOutputRegister

ideal_bandwidth_read_per_layer[2] + ideal_bandwidth_drain_per_layer[2]: 0.0 vs level.read_bandwidth: 1
I am in Compute Bound
cc_per_all_tiles_per_layer[2]: 1
STANDARD CASE latency_read_drain_per_layer[2]: 1

ideal_bandwidth_fill_per_layer[2] + ideal_bandwidth_update_per_layer[2]: 0.0 vs level.write_bandwidth: 1
previous_fanout_pe_to_pe_warmup: 0
STANDARD CASE latency_fill_update_per_layer[2]: 1


Layer_id: 3 in AccumulationOutputRegister

ideal_bandwidth_read_per_layer[3] + ideal_bandwidth_drain_per_layer[3]: 1.0 vs level.read_bandwidth: 1
I am in Compute Bound
cc_per_all_tiles_per_layer[3]: 1
STANDARD CASE latency_read_drain_per_layer[3]: 1

ideal_bandwidth_fill_per_layer[3] + ideal_bandwidth_update_per_layer[3]: 1.0 vs level.write_bandwidth: 1
previous_fanout_pe_to_pe_warmup: 0
STANDARD CASE latency_fill_update_per_layer[3]: 1

End of calculation of latency.

Calculating per tile final latency and stall for layer 0 in AccumulationOutputRegister: latency_read_drain_per_layer[0] = 1, latency_fill_update_per_layer[0] = 1
Final per tile latency_per_layer[0]: 1
Final per tile stall_cycles_per_layer[0]: 0
Ideal case: no stall introduced by this level per this layer: cc_per_all_tiles_per_layer[0]: 1
Calculating per tile final latency and stall for layer 1 in AccumulationOutputRegister: latency_read_drain_per_layer[1] = 1, latency_fill_update_per_layer[1] = 1
Final per tile latency_per_layer[1]: 1
Final per tile stall_cycles_per_layer[1]: 0
Ideal case: no stall introduced by this level per this layer: cc_per_all_tiles_per_layer[1]: 1
Calculating per tile final latency and stall for layer 2 in AccumulationOutputRegister: latency_read_drain_per_layer[2] = 1, latency_fill_update_per_layer[2] = 1
Final per tile latency_per_layer[2]: 1
Final per tile stall_cycles_per_layer[2]: 0
Ideal case: no stall introduced by this level per this layer: cc_per_all_tiles_per_layer[2]: 1
Calculating per tile final latency and stall for layer 3 in AccumulationOutputRegister: latency_read_drain_per_layer[3] = 1, latency_fill_update_per_layer[3] = 1
Final per tile latency_per_layer[3]: 1
Final per tile stall_cycles_per_layer[3]: 0
Ideal case: no stall introduced by this level per this layer: cc_per_all_tiles_per_layer[3]: 1


Calculating Latency for Level: AccumulationIntermediateOutputRegister

Latency for layer: 0 of Level: AccumulationIntermediateOutputRegister
level.active_instances_per_layer[0]: 1104
level.temporal_iterations_per_layer[0]: 121824
Scaling per layer[0]: 134,493,696
Single Tile latency: cc_per_tile_per_layer[0]: 1
Ideal Case, Latency at this level without stalls: cc_per_all_tiles_per_layer[0]: 1
SCALED cc_per_all_tiles_per_layer[0]: 134,493,696
level.getReadPerLayer[0](): 149,437,440
  (For comparison - full reads including accumulation: 149,437,440)
ideal_bandwidth_read_per_layer[0]: 1.1111111111111112
level.getDrainPerLayer[0](): 14,943,744
ideal_bandwidth_drain_per_layer[0]: 0.1111111111111111
ideal_bandwidth_update_per_layer[0]: 1.0
  (For comparison - full updates including accumulation: 134,493,696)
level.getFillPerLayer[0](): 14,943,744
ideal_bandwidth_fill_per_layer[0]: 0.1111111111111111

Latency for layer: 1 of Level: AccumulationIntermediateOutputRegister
level.active_instances_per_layer[1]: 1104
level.temporal_iterations_per_layer[1]: 3898368
Scaling per layer[1]: 4,303,798,272
Single Tile latency: cc_per_tile_per_layer[1]: 1
Ideal Case, Latency at this level without stalls: cc_per_all_tiles_per_layer[1]: 1
SCALED cc_per_all_tiles_per_layer[1]: 4,303,798,272
level.getReadPerLayer[1](): 4,303,798,272
  (For comparison - full reads including accumulation: 4,303,798,272)
ideal_bandwidth_read_per_layer[1]: 1.0
level.getDrainPerLayer[1](): 14,943,744
ideal_bandwidth_drain_per_layer[1]: 0.003472222222222222
ideal_bandwidth_update_per_layer[1]: 1.0
  (For comparison - full updates including accumulation: 4,303,798,272)
level.getFillPerLayer[1](): 14,943,744
ideal_bandwidth_fill_per_layer[1]: 0.003472222222222222

Latency for layer: 2 of Level: AccumulationIntermediateOutputRegister
level.active_instances_per_layer[2]: 1104
level.temporal_iterations_per_layer[2]: 3898368
Scaling per layer[2]: 4,303,798,272
Single Tile latency: cc_per_tile_per_layer[2]: 1
Ideal Case, Latency at this level without stalls: cc_per_all_tiles_per_layer[2]: 1
SCALED cc_per_all_tiles_per_layer[2]: 4,303,798,272
level.getReadPerLayer[2](): 4,303,798,272
  (For comparison - full reads including accumulation: 4,303,798,272)
ideal_bandwidth_read_per_layer[2]: 1.0
level.getDrainPerLayer[2](): 14,943,744
ideal_bandwidth_drain_per_layer[2]: 0.003472222222222222
ideal_bandwidth_update_per_layer[2]: 1.0
  (For comparison - full updates including accumulation: 4,303,798,272)
level.getFillPerLayer[2](): 14,943,744
ideal_bandwidth_fill_per_layer[2]: 0.003472222222222222

Latency for layer: 3 of Level: AccumulationIntermediateOutputRegister
level.active_instances_per_layer[3]: 1104
level.temporal_iterations_per_layer[3]: 3898368
Scaling per layer[3]: 4,303,798,272
Single Tile latency: cc_per_tile_per_layer[3]: 1
Ideal Case, Latency at this level without stalls: cc_per_all_tiles_per_layer[3]: 1
SCALED cc_per_all_tiles_per_layer[3]: 4,303,798,272
level.getReadPerLayer[3](): 0
  (For comparison - full reads including accumulation: 0)
ideal_bandwidth_read_per_layer[3]: 0.0
level.getDrainPerLayer[3](): 0
ideal_bandwidth_drain_per_layer[3]: 0.0
ideal_bandwidth_update_per_layer[3]: 0.0
  (For comparison - full updates including accumulation: 0)
level.getFillPerLayer[3](): 0
ideal_bandwidth_fill_per_layer[3]: 0.0

Start of calculation of latency:


Layer_id: 0 in AccumulationIntermediateOutputRegister

ideal_bandwidth_read_per_layer[0] + ideal_bandwidth_drain_per_layer[0]: 1.2222222222222223 vs level.read_bandwidth: 1
I am in Slowdown: Memory Bound
ideal_bandwidth_read_per_layer[0]: 1.1111111111111112
ideal_bandwidth_drain_per_layer[0]: 0.1111111111111111
level.read_bandwidth: 1
total data (for bandwidth): 164381184
scaling_per_layer[0]: 134493696
SLOWDOWN CASE latency_read_drain_per_layer[0]: 1.2222222222222223

ideal_bandwidth_fill_per_layer[0] + ideal_bandwidth_update_per_layer[0]: 1.1111111111111112 vs level.write_bandwidth: 1
ideal_bandwidth_fill_per_layer[0]: 0.1111111111111111
ideal_bandwidth_update_per_layer[0]: 1.0
level.write_bandwidth: 1
total data (for bandwidth): 149437440
scaling_per_layer[0]: 134493696
SLOWDOWN CASE latency_fill_update_per_layer[0]: 1.1111111111111112


Layer_id: 1 in AccumulationIntermediateOutputRegister

ideal_bandwidth_read_per_layer[1] + ideal_bandwidth_drain_per_layer[1]: 1.0034722222222223 vs level.read_bandwidth: 1
I am in Slowdown: Memory Bound
ideal_bandwidth_read_per_layer[1]: 1.0
ideal_bandwidth_drain_per_layer[1]: 0.003472222222222222
level.read_bandwidth: 1
total data (for bandwidth): 4318742016
scaling_per_layer[1]: 4303798272
SLOWDOWN CASE latency_read_drain_per_layer[1]: 1.0034722222222223

ideal_bandwidth_fill_per_layer[1] + ideal_bandwidth_update_per_layer[1]: 1.0034722222222223 vs level.write_bandwidth: 1
ideal_bandwidth_fill_per_layer[1]: 0.003472222222222222
ideal_bandwidth_update_per_layer[1]: 1.0
level.write_bandwidth: 1
total data (for bandwidth): 4318742016
scaling_per_layer[1]: 4303798272
SLOWDOWN CASE latency_fill_update_per_layer[1]: 1.0034722222222223


Layer_id: 2 in AccumulationIntermediateOutputRegister

ideal_bandwidth_read_per_layer[2] + ideal_bandwidth_drain_per_layer[2]: 1.0034722222222223 vs level.read_bandwidth: 1
I am in Slowdown: Memory Bound
ideal_bandwidth_read_per_layer[2]: 1.0
ideal_bandwidth_drain_per_layer[2]: 0.003472222222222222
level.read_bandwidth: 1
total data (for bandwidth): 4318742016
scaling_per_layer[2]: 4303798272
SLOWDOWN CASE latency_read_drain_per_layer[2]: 1.0034722222222223

ideal_bandwidth_fill_per_layer[2] + ideal_bandwidth_update_per_layer[2]: 1.0034722222222223 vs level.write_bandwidth: 1
ideal_bandwidth_fill_per_layer[2]: 0.003472222222222222
ideal_bandwidth_update_per_layer[2]: 1.0
level.write_bandwidth: 1
total data (for bandwidth): 4318742016
scaling_per_layer[2]: 4303798272
SLOWDOWN CASE latency_fill_update_per_layer[2]: 1.0034722222222223


Layer_id: 3 in AccumulationIntermediateOutputRegister

ideal_bandwidth_read_per_layer[3] + ideal_bandwidth_drain_per_layer[3]: 0.0 vs level.read_bandwidth: 1
I am in Compute Bound
cc_per_all_tiles_per_layer[3]: 1
STANDARD CASE latency_read_drain_per_layer[3]: 1

ideal_bandwidth_fill_per_layer[3] + ideal_bandwidth_update_per_layer[3]: 0.0 vs level.write_bandwidth: 1
previous_fanout_pe_to_pe_warmup: 0
STANDARD CASE latency_fill_update_per_layer[3]: 1

End of calculation of latency.

Calculating per tile final latency and stall for layer 0 in AccumulationIntermediateOutputRegister: latency_read_drain_per_layer[0] = 1.2222222222222223, latency_fill_update_per_layer[0] = 1.1111111111111112
Final per tile latency_per_layer[0]: 1
Final per tile stall_cycles_per_layer[0]: 0
Ideal case: no stall introduced by this level per this layer: cc_per_all_tiles_per_layer[0]: 1
Calculating per tile final latency and stall for layer 1 in AccumulationIntermediateOutputRegister: latency_read_drain_per_layer[1] = 1.0034722222222223, latency_fill_update_per_layer[1] = 1.0034722222222223
Final per tile latency_per_layer[1]: 1
Final per tile stall_cycles_per_layer[1]: 0
Ideal case: no stall introduced by this level per this layer: cc_per_all_tiles_per_layer[1]: 1
Calculating per tile final latency and stall for layer 2 in AccumulationIntermediateOutputRegister: latency_read_drain_per_layer[2] = 1.0034722222222223, latency_fill_update_per_layer[2] = 1.0034722222222223
Final per tile latency_per_layer[2]: 1
Final per tile stall_cycles_per_layer[2]: 0
Ideal case: no stall introduced by this level per this layer: cc_per_all_tiles_per_layer[2]: 1
Calculating per tile final latency and stall for layer 3 in AccumulationIntermediateOutputRegister: latency_read_drain_per_layer[3] = 1, latency_fill_update_per_layer[3] = 1
Final per tile latency_per_layer[3]: 1
Final per tile stall_cycles_per_layer[3]: 0
Ideal case: no stall introduced by this level per this layer: cc_per_all_tiles_per_layer[3]: 1


Calculating Latency for Level: WeightRegister

Latency for layer: 0 of Level: WeightRegister
level.active_instances_per_layer[0]: 1104
level.temporal_iterations_per_layer[0]: 121824
Scaling per layer[0]: 134,493,696
Single Tile latency: cc_per_tile_per_layer[0]: 1.2222222222222223
Ideal Case, Latency at this level without stalls: cc_per_all_tiles_per_layer[0]: 1.2222222222222223
SCALED cc_per_all_tiles_per_layer[0]: 164,381,184
level.getReadPerLayer[0](): 134,493,696
  (For comparison - full reads including accumulation: 134,493,696)
ideal_bandwidth_read_per_layer[0]: 0.8181818181818182
level.getDrainPerLayer[0](): 0
ideal_bandwidth_drain_per_layer[0]: 0.0
ideal_bandwidth_update_per_layer[0]: 0.0
  (For comparison - full updates including accumulation: 0)
level.getFillPerLayer[0](): 134,493,696
ideal_bandwidth_fill_per_layer[0]: 0.8181818181818182

Latency for layer: 1 of Level: WeightRegister
level.active_instances_per_layer[1]: 1104
level.temporal_iterations_per_layer[1]: 3898368
Scaling per layer[1]: 4,303,798,272
Single Tile latency: cc_per_tile_per_layer[1]: 1.0034722222222223
Ideal Case, Latency at this level without stalls: cc_per_all_tiles_per_layer[1]: 1.0034722222222223
SCALED cc_per_all_tiles_per_layer[1]: 4,318,742,016
level.getReadPerLayer[1](): 4,303,798,272
  (For comparison - full reads including accumulation: 4,303,798,272)
ideal_bandwidth_read_per_layer[1]: 0.9965397923875432
level.getDrainPerLayer[1](): 0
ideal_bandwidth_drain_per_layer[1]: 0.0
ideal_bandwidth_update_per_layer[1]: 0.0
  (For comparison - full updates including accumulation: 0)
level.getFillPerLayer[1](): 4,303,798,272
ideal_bandwidth_fill_per_layer[1]: 0.9965397923875432

Latency for layer: 2 of Level: WeightRegister
level.active_instances_per_layer[2]: 1104
level.temporal_iterations_per_layer[2]: 3898368
Scaling per layer[2]: 4,303,798,272
Single Tile latency: cc_per_tile_per_layer[2]: 1.0034722222222223
Ideal Case, Latency at this level without stalls: cc_per_all_tiles_per_layer[2]: 1.0034722222222223
SCALED cc_per_all_tiles_per_layer[2]: 4,318,742,016
level.getReadPerLayer[2](): 4,303,798,272
  (For comparison - full reads including accumulation: 4,303,798,272)
ideal_bandwidth_read_per_layer[2]: 0.9965397923875432
level.getDrainPerLayer[2](): 0
ideal_bandwidth_drain_per_layer[2]: 0.0
ideal_bandwidth_update_per_layer[2]: 0.0
  (For comparison - full updates including accumulation: 0)
level.getFillPerLayer[2](): 4,303,798,272
ideal_bandwidth_fill_per_layer[2]: 0.9965397923875432

Latency for layer: 3 of Level: WeightRegister
level.active_instances_per_layer[3]: 1104
level.temporal_iterations_per_layer[3]: 3898368
Scaling per layer[3]: 4,303,798,272
Single Tile latency: cc_per_tile_per_layer[3]: 1
Ideal Case, Latency at this level without stalls: cc_per_all_tiles_per_layer[3]: 1
SCALED cc_per_all_tiles_per_layer[3]: 4,303,798,272
level.getReadPerLayer[3](): 4,303,798,272
  (For comparison - full reads including accumulation: 4,303,798,272)
ideal_bandwidth_read_per_layer[3]: 1.0
level.getDrainPerLayer[3](): 0
ideal_bandwidth_drain_per_layer[3]: 0.0
ideal_bandwidth_update_per_layer[3]: 0.0
  (For comparison - full updates including accumulation: 0)
level.getFillPerLayer[3](): 4,303,798,272
ideal_bandwidth_fill_per_layer[3]: 1.0

Start of calculation of latency:


Layer_id: 0 in WeightRegister

ideal_bandwidth_read_per_layer[0] + ideal_bandwidth_drain_per_layer[0]: 0.8181818181818182 vs level.read_bandwidth: 1
I am in Compute Bound
cc_per_all_tiles_per_layer[0]: 1.2222222222222223
STANDARD CASE latency_read_drain_per_layer[0]: 1.2222222222222223

ideal_bandwidth_fill_per_layer[0] + ideal_bandwidth_update_per_layer[0]: 0.8181818181818182 vs level.write_bandwidth: 1
previous_fanout_pe_to_pe_warmup: 0
STANDARD CASE latency_fill_update_per_layer[0]: 1.2222222222222223


Layer_id: 1 in WeightRegister

ideal_bandwidth_read_per_layer[1] + ideal_bandwidth_drain_per_layer[1]: 0.9965397923875432 vs level.read_bandwidth: 1
I am in Compute Bound
cc_per_all_tiles_per_layer[1]: 1.0034722222222223
STANDARD CASE latency_read_drain_per_layer[1]: 1.0034722222222223

ideal_bandwidth_fill_per_layer[1] + ideal_bandwidth_update_per_layer[1]: 0.9965397923875432 vs level.write_bandwidth: 1
previous_fanout_pe_to_pe_warmup: 0
STANDARD CASE latency_fill_update_per_layer[1]: 1.0034722222222223


Layer_id: 2 in WeightRegister

ideal_bandwidth_read_per_layer[2] + ideal_bandwidth_drain_per_layer[2]: 0.9965397923875432 vs level.read_bandwidth: 1
I am in Compute Bound
cc_per_all_tiles_per_layer[2]: 1.0034722222222223
STANDARD CASE latency_read_drain_per_layer[2]: 1.0034722222222223

ideal_bandwidth_fill_per_layer[2] + ideal_bandwidth_update_per_layer[2]: 0.9965397923875432 vs level.write_bandwidth: 1
previous_fanout_pe_to_pe_warmup: 0
STANDARD CASE latency_fill_update_per_layer[2]: 1.0034722222222223


Layer_id: 3 in WeightRegister

ideal_bandwidth_read_per_layer[3] + ideal_bandwidth_drain_per_layer[3]: 1.0 vs level.read_bandwidth: 1
I am in Compute Bound
cc_per_all_tiles_per_layer[3]: 1
STANDARD CASE latency_read_drain_per_layer[3]: 1

ideal_bandwidth_fill_per_layer[3] + ideal_bandwidth_update_per_layer[3]: 1.0 vs level.write_bandwidth: 1
previous_fanout_pe_to_pe_warmup: 0
STANDARD CASE latency_fill_update_per_layer[3]: 1

End of calculation of latency.

Calculating per tile final latency and stall for layer 0 in WeightRegister: latency_read_drain_per_layer[0] = 1.2222222222222223, latency_fill_update_per_layer[0] = 1.2222222222222223
Final per tile latency_per_layer[0]: 1
Final per tile stall_cycles_per_layer[0]: 0
Ideal case: no stall introduced by this level per this layer: cc_per_all_tiles_per_layer[0]: 1
Calculating per tile final latency and stall for layer 1 in WeightRegister: latency_read_drain_per_layer[1] = 1.0034722222222223, latency_fill_update_per_layer[1] = 1.0034722222222223
Final per tile latency_per_layer[1]: 1
Final per tile stall_cycles_per_layer[1]: 0
Ideal case: no stall introduced by this level per this layer: cc_per_all_tiles_per_layer[1]: 1
Calculating per tile final latency and stall for layer 2 in WeightRegister: latency_read_drain_per_layer[2] = 1.0034722222222223, latency_fill_update_per_layer[2] = 1.0034722222222223
Final per tile latency_per_layer[2]: 1
Final per tile stall_cycles_per_layer[2]: 0
Ideal case: no stall introduced by this level per this layer: cc_per_all_tiles_per_layer[2]: 1
Calculating per tile final latency and stall for layer 3 in WeightRegister: latency_read_drain_per_layer[3] = 1, latency_fill_update_per_layer[3] = 1
Final per tile latency_per_layer[3]: 1
Final per tile stall_cycles_per_layer[3]: 0
Ideal case: no stall introduced by this level per this layer: cc_per_all_tiles_per_layer[3]: 1


Calculating Latency for Level: WeightMemory

Latency for layer: 0 of Level: WeightMemory
level.active_instances_per_layer[0]: 1
level.temporal_iterations_per_layer[0]: 6768
Scaling per layer[0]: 6,768
Single Tile latency: cc_per_tile_per_layer[0]: 1.2222222222222223
Ideal Case, Latency at this level without stalls: cc_per_all_tiles_per_layer[0]: 22.0
SCALED cc_per_all_tiles_per_layer[0]: 148,896
level.getReadPerLayer[0](): 1,949,184
  (For comparison - full reads including accumulation: 1,949,184)
ideal_bandwidth_read_per_layer[0]: 13.090909090909092
level.getDrainPerLayer[0](): 0
ideal_bandwidth_drain_per_layer[0]: 0.0
ideal_bandwidth_update_per_layer[0]: 0.0
  (For comparison - full updates including accumulation: 0)
level.getFillPerLayer[0](): 288
ideal_bandwidth_fill_per_layer[0]: 0.0019342359767891683

Latency for layer: 1 of Level: WeightMemory
level.active_instances_per_layer[1]: 1
level.temporal_iterations_per_layer[1]: 6768
Scaling per layer[1]: 6,768
Single Tile latency: cc_per_tile_per_layer[1]: 1.0034722222222223
Ideal Case, Latency at this level without stalls: cc_per_all_tiles_per_layer[1]: 578.0
SCALED cc_per_all_tiles_per_layer[1]: 3,911,904
level.getReadPerLayer[1](): 62,373,888
  (For comparison - full reads including accumulation: 62,373,888)
ideal_bandwidth_read_per_layer[1]: 15.944636678200691
level.getDrainPerLayer[1](): 0
ideal_bandwidth_drain_per_layer[1]: 0.0
ideal_bandwidth_update_per_layer[1]: 0.0
  (For comparison - full updates including accumulation: 0)
level.getFillPerLayer[1](): 9,216
ideal_bandwidth_fill_per_layer[1]: 0.0023558860340131046

Latency for layer: 2 of Level: WeightMemory
level.active_instances_per_layer[2]: 1
level.temporal_iterations_per_layer[2]: 6768
Scaling per layer[2]: 6,768
Single Tile latency: cc_per_tile_per_layer[2]: 1.0034722222222223
Ideal Case, Latency at this level without stalls: cc_per_all_tiles_per_layer[2]: 578.0
SCALED cc_per_all_tiles_per_layer[2]: 3,911,904
level.getReadPerLayer[2](): 62,373,888
  (For comparison - full reads including accumulation: 62,373,888)
ideal_bandwidth_read_per_layer[2]: 15.944636678200691
level.getDrainPerLayer[2](): 0
ideal_bandwidth_drain_per_layer[2]: 0.0
ideal_bandwidth_update_per_layer[2]: 0.0
  (For comparison - full updates including accumulation: 0)
level.getFillPerLayer[2](): 9,216
ideal_bandwidth_fill_per_layer[2]: 0.0023558860340131046

Latency for layer: 3 of Level: WeightMemory
level.active_instances_per_layer[3]: 1
level.temporal_iterations_per_layer[3]: 6768
Scaling per layer[3]: 6,768
Single Tile latency: cc_per_tile_per_layer[3]: 1
Ideal Case, Latency at this level without stalls: cc_per_all_tiles_per_layer[3]: 576
SCALED cc_per_all_tiles_per_layer[3]: 3,898,368
level.getReadPerLayer[3](): 62,373,888
  (For comparison - full reads including accumulation: 62,373,888)
ideal_bandwidth_read_per_layer[3]: 16.0
level.getDrainPerLayer[3](): 0
ideal_bandwidth_drain_per_layer[3]: 0.0
ideal_bandwidth_update_per_layer[3]: 0.0
  (For comparison - full updates including accumulation: 0)
level.getFillPerLayer[3](): 9,216
ideal_bandwidth_fill_per_layer[3]: 0.002364066193853428

Start of calculation of latency:


Layer_id: 0 in WeightMemory

ideal_bandwidth_read_per_layer[0] + ideal_bandwidth_drain_per_layer[0]: 13.090909090909092 vs level.read_bandwidth: 16
I am in Compute Bound
cc_per_all_tiles_per_layer[0]: 22.0
STANDARD CASE latency_read_drain_per_layer[0]: 22.0

ideal_bandwidth_fill_per_layer[0] + ideal_bandwidth_update_per_layer[0]: 0.0019342359767891683 vs level.write_bandwidth: 16
previous_fanout_pe_to_pe_warmup: 0
STANDARD CASE latency_fill_update_per_layer[0]: 22.0


Layer_id: 1 in WeightMemory

ideal_bandwidth_read_per_layer[1] + ideal_bandwidth_drain_per_layer[1]: 15.944636678200691 vs level.read_bandwidth: 16
I am in Compute Bound
cc_per_all_tiles_per_layer[1]: 578.0
STANDARD CASE latency_read_drain_per_layer[1]: 578.0

ideal_bandwidth_fill_per_layer[1] + ideal_bandwidth_update_per_layer[1]: 0.0023558860340131046 vs level.write_bandwidth: 16
previous_fanout_pe_to_pe_warmup: 0
STANDARD CASE latency_fill_update_per_layer[1]: 578.0


Layer_id: 2 in WeightMemory

ideal_bandwidth_read_per_layer[2] + ideal_bandwidth_drain_per_layer[2]: 15.944636678200691 vs level.read_bandwidth: 16
I am in Compute Bound
cc_per_all_tiles_per_layer[2]: 578.0
STANDARD CASE latency_read_drain_per_layer[2]: 578.0

ideal_bandwidth_fill_per_layer[2] + ideal_bandwidth_update_per_layer[2]: 0.0023558860340131046 vs level.write_bandwidth: 16
previous_fanout_pe_to_pe_warmup: 0
STANDARD CASE latency_fill_update_per_layer[2]: 578.0


Layer_id: 3 in WeightMemory

ideal_bandwidth_read_per_layer[3] + ideal_bandwidth_drain_per_layer[3]: 16.0 vs level.read_bandwidth: 16
I am in Compute Bound
cc_per_all_tiles_per_layer[3]: 576
STANDARD CASE latency_read_drain_per_layer[3]: 576

ideal_bandwidth_fill_per_layer[3] + ideal_bandwidth_update_per_layer[3]: 0.002364066193853428 vs level.write_bandwidth: 16
previous_fanout_pe_to_pe_warmup: 0
STANDARD CASE latency_fill_update_per_layer[3]: 576

End of calculation of latency.

Calculating per tile final latency and stall for layer 0 in WeightMemory: latency_read_drain_per_layer[0] = 22.0, latency_fill_update_per_layer[0] = 22.0
Final per tile latency_per_layer[0]: 22
Final per tile stall_cycles_per_layer[0]: 0
Ideal case: no stall introduced by this level per this layer: cc_per_all_tiles_per_layer[0]: 22
Calculating per tile final latency and stall for layer 1 in WeightMemory: latency_read_drain_per_layer[1] = 578.0, latency_fill_update_per_layer[1] = 578.0
Final per tile latency_per_layer[1]: 578
Final per tile stall_cycles_per_layer[1]: 0
Ideal case: no stall introduced by this level per this layer: cc_per_all_tiles_per_layer[1]: 578
Calculating per tile final latency and stall for layer 2 in WeightMemory: latency_read_drain_per_layer[2] = 578.0, latency_fill_update_per_layer[2] = 578.0
Final per tile latency_per_layer[2]: 578
Final per tile stall_cycles_per_layer[2]: 0
Ideal case: no stall introduced by this level per this layer: cc_per_all_tiles_per_layer[2]: 578
Calculating per tile final latency and stall for layer 3 in WeightMemory: latency_read_drain_per_layer[3] = 576, latency_fill_update_per_layer[3] = 576
Final per tile latency_per_layer[3]: 576
Final per tile stall_cycles_per_layer[3]: 0
Ideal case: no stall introduced by this level per this layer: cc_per_all_tiles_per_layer[3]: 576


Calculating Latency for Level: FeatureMemory

Latency for layer: 0 of Level: FeatureMemory
level.active_instances_per_layer[0]: 1
level.temporal_iterations_per_layer[0]: 6768
Scaling per layer[0]: 6,768
Single Tile latency: cc_per_tile_per_layer[0]: 22.0
Ideal Case, Latency at this level without stalls: cc_per_all_tiles_per_layer[0]: 22.0
SCALED cc_per_all_tiles_per_layer[0]: 148,896
level.getReadPerLayer[0](): 16,624,915
  (For comparison - full reads including accumulation: 16,624,915)
ideal_bandwidth_read_per_layer[0]: 111.65454545454546
level.getDrainPerLayer[0](): 0
ideal_bandwidth_drain_per_layer[0]: 0.0
ideal_bandwidth_update_per_layer[0]: 100.36363636363636
  (For comparison - full updates including accumulation: 14,943,744)
level.getFillPerLayer[0](): 466,992
ideal_bandwidth_fill_per_layer[0]: 3.1363636363636362

Latency for layer: 1 of Level: FeatureMemory
level.active_instances_per_layer[1]: 1
level.temporal_iterations_per_layer[1]: 6768
Scaling per layer[1]: 6,768
Single Tile latency: cc_per_tile_per_layer[1]: 578.0
Ideal Case, Latency at this level without stalls: cc_per_all_tiles_per_layer[1]: 578.0
SCALED cc_per_all_tiles_per_layer[1]: 3,911,904
level.getReadPerLayer[1](): 68,741,222
  (For comparison - full reads including accumulation: 68,741,222)
ideal_bandwidth_read_per_layer[1]: 17.57231833910035
level.getDrainPerLayer[1](): 0
ideal_bandwidth_drain_per_layer[1]: 0.0
ideal_bandwidth_update_per_layer[1]: 3.820069204152249
  (For comparison - full updates including accumulation: 14,943,744)
level.getFillPerLayer[1](): 0
ideal_bandwidth_fill_per_layer[1]: 0.0

Latency for layer: 2 of Level: FeatureMemory
level.active_instances_per_layer[2]: 1
level.temporal_iterations_per_layer[2]: 6768
Scaling per layer[2]: 6,768
Single Tile latency: cc_per_tile_per_layer[2]: 578.0
Ideal Case, Latency at this level without stalls: cc_per_all_tiles_per_layer[2]: 578.0
SCALED cc_per_all_tiles_per_layer[2]: 3,911,904
level.getReadPerLayer[2](): 68,741,222
  (For comparison - full reads including accumulation: 68,741,222)
ideal_bandwidth_read_per_layer[2]: 17.57231833910035
level.getDrainPerLayer[2](): 0
ideal_bandwidth_drain_per_layer[2]: 0.0
ideal_bandwidth_update_per_layer[2]: 3.820069204152249
  (For comparison - full updates including accumulation: 14,943,744)
level.getFillPerLayer[2](): 0
ideal_bandwidth_fill_per_layer[2]: 0.0

Latency for layer: 3 of Level: FeatureMemory
level.active_instances_per_layer[3]: 1
level.temporal_iterations_per_layer[3]: 6768
Scaling per layer[3]: 6,768
Single Tile latency: cc_per_tile_per_layer[3]: 576
Ideal Case, Latency at this level without stalls: cc_per_all_tiles_per_layer[3]: 576
SCALED cc_per_all_tiles_per_layer[3]: 3,898,368
level.getReadPerLayer[3](): 53,797,478
  (For comparison - full reads including accumulation: 53,797,478)
ideal_bandwidth_read_per_layer[3]: 13.799999999999999
level.getDrainPerLayer[3](): 14,943,744
ideal_bandwidth_drain_per_layer[3]: 3.8333333333333335
ideal_bandwidth_update_per_layer[3]: 3.8333333333333335
  (For comparison - full updates including accumulation: 14,943,744)
level.getFillPerLayer[3](): 0
ideal_bandwidth_fill_per_layer[3]: 0.0

Start of calculation of latency:
I am in FeatureMemory level, so I use different formula for latency calculation


Layer_id: 0 in FeatureMemory

scaling_per_layer[0]: 6768
I AM HERE total_data_rd: 16624915
latency_per_layer[0]: 36.398153185221005, latency_read_drain_per_layer[0]: 18.609090685221005, latency_fill_update_per_layer[0]: 17.7890625
Total latency so far: 36.398153185221005


Layer_id: 1 in FeatureMemory

scaling_per_layer[1]: 6768
I AM HERE total_data_rd: 68741222
latency_per_layer[1]: 94.19545409771474, latency_read_drain_per_layer[1]: 76.94545409771474, latency_fill_update_per_layer[1]: 17.25
Total latency so far: 130.59360728293575


Layer_id: 2 in FeatureMemory

scaling_per_layer[2]: 6768
I AM HERE total_data_rd: 68741222
latency_per_layer[2]: 94.19545409771474, latency_read_drain_per_layer[2]: 76.94545409771474, latency_fill_update_per_layer[2]: 17.25
Total latency so far: 224.78906138065048


Layer_id: 3 in FeatureMemory

scaling_per_layer[3]: 6768
I AM HERE total_data_rd: 68741222
latency_per_layer[3]: 94.19545409771474, latency_read_drain_per_layer[3]: 76.94545409771474, latency_fill_update_per_layer[3]: 17.25
Total latency so far: 318.9845154783652

End of calculation of latency.

Calculating per tile final latency and stall for layer 0 in FeatureMemory: latency_read_drain_per_layer[0] = 18.609090685221005, latency_fill_update_per_layer[0] = 17.7890625
Final per tile latency_per_layer[0]: 36
Final per tile stall_cycles_per_layer[0]: 14
Ideal case: no stall introduced by this level per this layer: cc_per_all_tiles_per_layer[0]: 22
Calculating per tile final latency and stall for layer 1 in FeatureMemory: latency_read_drain_per_layer[1] = 76.94545409771474, latency_fill_update_per_layer[1] = 17.25
Final per tile latency_per_layer[1]: 578
Final per tile stall_cycles_per_layer[1]: 0
Ideal case: no stall introduced by this level per this layer: cc_per_all_tiles_per_layer[1]: 578
Calculating per tile final latency and stall for layer 2 in FeatureMemory: latency_read_drain_per_layer[2] = 76.94545409771474, latency_fill_update_per_layer[2] = 17.25
Final per tile latency_per_layer[2]: 578
Final per tile stall_cycles_per_layer[2]: 0
Ideal case: no stall introduced by this level per this layer: cc_per_all_tiles_per_layer[2]: 578
Calculating per tile final latency and stall for layer 3 in FeatureMemory: latency_read_drain_per_layer[3] = 76.94545409771474, latency_fill_update_per_layer[3] = 17.25
Final per tile latency_per_layer[3]: 576
Final per tile stall_cycles_per_layer[3]: 0
Ideal case: no stall introduced by this level per this layer: cc_per_all_tiles_per_layer[3]: 576


Calculating Latency for Level: DRAM

Latency for layer: 0 of Level: DRAM
level.active_instances_per_layer[0]: 1
level.temporal_iterations_per_layer[0]: 1
Scaling per layer[0]: 1
Single Tile latency: cc_per_tile_per_layer[0]: 36.398153185221005
Ideal Case, Latency at this level without stalls: cc_per_all_tiles_per_layer[0]: 246342.70075757577
SCALED cc_per_all_tiles_per_layer[0]: 246,343
level.getReadPerLayer[0](): 467,280
  (For comparison - full reads including accumulation: 467,280)
ideal_bandwidth_read_per_layer[0]: 1.8968696801771576
level.getDrainPerLayer[0](): 0
ideal_bandwidth_drain_per_layer[0]: 0.0
ideal_bandwidth_update_per_layer[0]: 0.0
  (For comparison - full updates including accumulation: 0)
level.getFillPerLayer[0](): 0
ideal_bandwidth_fill_per_layer[0]: 0.0

Latency for layer: 1 of Level: DRAM
level.active_instances_per_layer[1]: 1
level.temporal_iterations_per_layer[1]: 1
Scaling per layer[1]: 1
Single Tile latency: cc_per_tile_per_layer[1]: 578.0
Ideal Case, Latency at this level without stalls: cc_per_all_tiles_per_layer[1]: 3911904.0
SCALED cc_per_all_tiles_per_layer[1]: 3,911,904
level.getReadPerLayer[1](): 9,216
  (For comparison - full reads including accumulation: 9,216)
ideal_bandwidth_read_per_layer[1]: 0.0023558860340131046
level.getDrainPerLayer[1](): 0
ideal_bandwidth_drain_per_layer[1]: 0.0
ideal_bandwidth_update_per_layer[1]: 0.0
  (For comparison - full updates including accumulation: 0)
level.getFillPerLayer[1](): 0
ideal_bandwidth_fill_per_layer[1]: 0.0

Latency for layer: 2 of Level: DRAM
level.active_instances_per_layer[2]: 1
level.temporal_iterations_per_layer[2]: 1
Scaling per layer[2]: 1
Single Tile latency: cc_per_tile_per_layer[2]: 578.0
Ideal Case, Latency at this level without stalls: cc_per_all_tiles_per_layer[2]: 3911904.0
SCALED cc_per_all_tiles_per_layer[2]: 3,911,904
level.getReadPerLayer[2](): 9,216
  (For comparison - full reads including accumulation: 9,216)
ideal_bandwidth_read_per_layer[2]: 0.0023558860340131046
level.getDrainPerLayer[2](): 0
ideal_bandwidth_drain_per_layer[2]: 0.0
ideal_bandwidth_update_per_layer[2]: 0.0
  (For comparison - full updates including accumulation: 0)
level.getFillPerLayer[2](): 0
ideal_bandwidth_fill_per_layer[2]: 0.0

Latency for layer: 3 of Level: DRAM
level.active_instances_per_layer[3]: 1
level.temporal_iterations_per_layer[3]: 1
Scaling per layer[3]: 1
Single Tile latency: cc_per_tile_per_layer[3]: 576
Ideal Case, Latency at this level without stalls: cc_per_all_tiles_per_layer[3]: 3898368
SCALED cc_per_all_tiles_per_layer[3]: 3,898,368
level.getReadPerLayer[3](): 9,216
  (For comparison - full reads including accumulation: 9,216)
ideal_bandwidth_read_per_layer[3]: 0.002364066193853428
level.getDrainPerLayer[3](): 0
ideal_bandwidth_drain_per_layer[3]: 0.0
ideal_bandwidth_update_per_layer[3]: 3.8333333333333335
  (For comparison - full updates including accumulation: 14,943,744)
level.getFillPerLayer[3](): 0
ideal_bandwidth_fill_per_layer[3]: 0.0

Start of calculation of latency:


Layer_id: 0 in DRAM

ideal_bandwidth_read_per_layer[0] + ideal_bandwidth_drain_per_layer[0]: 1.8968696801771576 vs level.read_bandwidth: 12
I am in Compute Bound
cc_per_all_tiles_per_layer[0]: 246342.70075757577
STANDARD CASE latency_read_drain_per_layer[0]: 246342.70075757577

ideal_bandwidth_fill_per_layer[0] + ideal_bandwidth_update_per_layer[0]: 0.0 vs level.write_bandwidth: 12
previous_fanout_pe_to_pe_warmup: 0
STANDARD CASE latency_fill_update_per_layer[0]: 246342.70075757577


Layer_id: 1 in DRAM

ideal_bandwidth_read_per_layer[1] + ideal_bandwidth_drain_per_layer[1]: 0.0023558860340131046 vs level.read_bandwidth: 12
I am in Compute Bound
cc_per_all_tiles_per_layer[1]: 3911904.0
STANDARD CASE latency_read_drain_per_layer[1]: 3911904.0

ideal_bandwidth_fill_per_layer[1] + ideal_bandwidth_update_per_layer[1]: 0.0 vs level.write_bandwidth: 12
previous_fanout_pe_to_pe_warmup: 0
STANDARD CASE latency_fill_update_per_layer[1]: 3911904.0


Layer_id: 2 in DRAM

ideal_bandwidth_read_per_layer[2] + ideal_bandwidth_drain_per_layer[2]: 0.0023558860340131046 vs level.read_bandwidth: 12
I am in Compute Bound
cc_per_all_tiles_per_layer[2]: 3911904.0
STANDARD CASE latency_read_drain_per_layer[2]: 3911904.0

ideal_bandwidth_fill_per_layer[2] + ideal_bandwidth_update_per_layer[2]: 0.0 vs level.write_bandwidth: 12
previous_fanout_pe_to_pe_warmup: 0
STANDARD CASE latency_fill_update_per_layer[2]: 3911904.0


Layer_id: 3 in DRAM

ideal_bandwidth_read_per_layer[3] + ideal_bandwidth_drain_per_layer[3]: 0.002364066193853428 vs level.read_bandwidth: 12
I am in Compute Bound
cc_per_all_tiles_per_layer[3]: 3898368
STANDARD CASE latency_read_drain_per_layer[3]: 3898368

ideal_bandwidth_fill_per_layer[3] + ideal_bandwidth_update_per_layer[3]: 3.8333333333333335 vs level.write_bandwidth: 12
previous_fanout_pe_to_pe_warmup: 0
STANDARD CASE latency_fill_update_per_layer[3]: 3898368

End of calculation of latency.

Calculating per tile final latency and stall for layer 0 in DRAM: latency_read_drain_per_layer[0] = 246342.70075757577, latency_fill_update_per_layer[0] = 246342.70075757577
Final per tile latency_per_layer[0]: 246,343
Final per tile stall_cycles_per_layer[0]: 0
Ideal case: no stall introduced by this level per this layer: cc_per_all_tiles_per_layer[0]: 246,343
Calculating per tile final latency and stall for layer 1 in DRAM: latency_read_drain_per_layer[1] = 3911904.0, latency_fill_update_per_layer[1] = 3911904.0
Final per tile latency_per_layer[1]: 3,911,904
Final per tile stall_cycles_per_layer[1]: 0
Ideal case: no stall introduced by this level per this layer: cc_per_all_tiles_per_layer[1]: 3,911,904
Calculating per tile final latency and stall for layer 2 in DRAM: latency_read_drain_per_layer[2] = 3911904.0, latency_fill_update_per_layer[2] = 3911904.0
Final per tile latency_per_layer[2]: 3,911,904
Final per tile stall_cycles_per_layer[2]: 0
Ideal case: no stall introduced by this level per this layer: cc_per_all_tiles_per_layer[2]: 3,911,904
Calculating per tile final latency and stall for layer 3 in DRAM: latency_read_drain_per_layer[3] = 3898368, latency_fill_update_per_layer[3] = 3898368
Final per tile latency_per_layer[3]: 3,898,368
Final per tile stall_cycles_per_layer[3]: 0
Ideal case: no stall introduced by this level per this layer: cc_per_all_tiles_per_layer[3]: 3,898,368


Final WMOPs and Latency calculation for Level: DRAM
Level: DRAM, Layer: 0
max_latency_per_layer[0]: 0 before update
level.getSettedLatencyPerLayer[0](): 246,343
Level: DRAM, Layer: 1
max_latency_per_layer[1]: 0 before update
level.getSettedLatencyPerLayer[1](): 3,911,904
Level: DRAM, Layer: 2
max_latency_per_layer[2]: 0 before update
level.getSettedLatencyPerLayer[2](): 3,911,904
Level: DRAM, Layer: 3
max_latency_per_layer[3]: 0 before update
level.getSettedLatencyPerLayer[3](): 3,898,368
Level DRAM: Thesis_4Layers_534528KB_FMEM_16x128_PEs, max_latency (sequential layers): 11,968,519


Final WMOPs and Latency calculation for Level: FeatureMemory
Level: FeatureMemory, Layer: 0
max_latency_per_layer[0]: 246,343 before update
level.getSettedLatencyPerLayer[0](): 19
Level: FeatureMemory, Layer: 1
max_latency_per_layer[1]: 3,911,904 before update
level.getSettedLatencyPerLayer[1](): 77
Level: FeatureMemory, Layer: 2
max_latency_per_layer[2]: 3,911,904 before update
level.getSettedLatencyPerLayer[2](): 77
Level: FeatureMemory, Layer: 3
max_latency_per_layer[3]: 3,898,368 before update
level.getSettedLatencyPerLayer[3](): 520,767
Level FeatureMemory: Thesis_4Layers_534528KB_FMEM_16x128_PEs, max_latency (sequential layers): 11,968,519


Final WMOPs and Latency calculation for Level: WeightMemory
Level: WeightMemory, Layer: 0
max_latency_per_layer[0]: 246,343 before update
level.getSettedLatencyPerLayer[0](): 22
Level: WeightMemory, Layer: 1
max_latency_per_layer[1]: 3,911,904 before update
level.getSettedLatencyPerLayer[1](): 578
Level: WeightMemory, Layer: 2
max_latency_per_layer[2]: 3,911,904 before update
level.getSettedLatencyPerLayer[2](): 578
Level: WeightMemory, Layer: 3
max_latency_per_layer[3]: 3,898,368 before update
level.getSettedLatencyPerLayer[3](): 3,898,368
Level WeightMemory: Thesis_4Layers_534528KB_FMEM_16x128_PEs, max_latency (sequential layers): 11,968,519


Final WMOPs and Latency calculation for Level: SACols_3


Final WMOPs and Latency calculation for Level: SARows_3


Final WMOPs and Latency calculation for Level: SACols_2


Final WMOPs and Latency calculation for Level: SARows_2


Final WMOPs and Latency calculation for Level: SACols_1


Final WMOPs and Latency calculation for Level: SARows_1


Final WMOPs and Latency calculation for Level: SACols_0


Final WMOPs and Latency calculation for Level: SARows_0


Final WMOPs and Latency calculation for Level: WeightRegister
Level: WeightRegister, Layer: 0
max_latency_per_layer[0]: 246,343 before update
level.getSettedLatencyPerLayer[0](): 1
Level: WeightRegister, Layer: 1
max_latency_per_layer[1]: 3,911,904 before update
level.getSettedLatencyPerLayer[1](): 1
Level: WeightRegister, Layer: 2
max_latency_per_layer[2]: 3,911,904 before update
level.getSettedLatencyPerLayer[2](): 1
Level: WeightRegister, Layer: 3
max_latency_per_layer[3]: 3,898,368 before update
level.getSettedLatencyPerLayer[3](): 3,898,368
Level WeightRegister: Thesis_4Layers_534528KB_FMEM_16x128_PEs, max_latency (sequential layers): 11,968,519


Final WMOPs and Latency calculation for Level: AccumulationIntermediateOutputRegister
Level: AccumulationIntermediateOutputRegister, Layer: 0
max_latency_per_layer[0]: 246,343 before update
level.getSettedLatencyPerLayer[0](): 1
Level: AccumulationIntermediateOutputRegister, Layer: 1
max_latency_per_layer[1]: 3,911,904 before update
level.getSettedLatencyPerLayer[1](): 1
Level: AccumulationIntermediateOutputRegister, Layer: 2
max_latency_per_layer[2]: 3,911,904 before update
level.getSettedLatencyPerLayer[2](): 1
Level: AccumulationIntermediateOutputRegister, Layer: 3
max_latency_per_layer[3]: 3,898,368 before update
level.getSettedLatencyPerLayer[3](): 3,898,368
Level AccumulationIntermediateOutputRegister: Thesis_4Layers_534528KB_FMEM_16x128_PEs, max_latency (sequential layers): 11,968,519


Final WMOPs and Latency calculation for Level: AccumulationOutputRegister
Level: AccumulationOutputRegister, Layer: 0
max_latency_per_layer[0]: 246,343 before update
level.getSettedLatencyPerLayer[0](): 1
Level: AccumulationOutputRegister, Layer: 1
max_latency_per_layer[1]: 3,911,904 before update
level.getSettedLatencyPerLayer[1](): 1
Level: AccumulationOutputRegister, Layer: 2
max_latency_per_layer[2]: 3,911,904 before update
level.getSettedLatencyPerLayer[2](): 1
Level: AccumulationOutputRegister, Layer: 3
max_latency_per_layer[3]: 3,898,368 before update
level.getSettedLatencyPerLayer[3](): 3,898,368
Level AccumulationOutputRegister: Thesis_4Layers_534528KB_FMEM_16x128_PEs, max_latency (sequential layers): 11,968,519


Final WMOPs and Latency calculation for Level: Compute
Compute level latency: 1
Compute latency for layer 0: 121,824
Compute latency for layer 1: 3,898,368
Compute latency for layer 2: 3,898,368
Compute latency for layer 3: 3,898,368
max_latency initially: 11968518.700757576
compute_latency from compute level: 11,816,928
max_latency after compute: 11,968,519, before fanout_level
é stato chiamato update stats! 




Questo mops è chiamato da update stats
Level: DRAM, arch bypasses for the level: ['int_in', 'int_out'], in_bp: 1, w_bp: 0, out_bp: 1, int_in_bp: 0, int_out_bp: 0
DEBUG updateStats pre scaling: Level DRAM:
  in_reads: 466992
  per_layer_w_reads: {0: 288, 1: 9216, 2: 9216, 3: 9216}
  per_layer_int_in_reads: {0: 0, 1: 0, 2: 0}
  per_layer_int_out_reads: {0: 0, 1: 0, 2: 0}
  per_layer_int_out_writes: {0: 0, 1: 0, 2: 0}
  out_reads: 14943744
  out_writes: 14943744
  out_reads_factors: 1
scale_per_layer[0]: 1, temporal_iterations_per_layer[0]: 1, spatial_iterations_per_layer[0]: 1
DEBUG: results after scaling: Level DRAM: in_reads=466992, w_reads=27936, int_in_reads=0, int_out_reads=0, int_out_writes=0, out_writes=14943744, out_reads=14943744, out_reads_factors=1
DEBUG: Level DRAM adjusted out_reads for no bias read: 0
DEBUG: Level DRAM bypasses intermediate storage
DEBUG updateStats post scaling: Level DRAM:
  in_reads: 466,992
  per_layer_w_reads: {0: 288, 1: 9216, 2: 9216, 3: 9216}
  w_reads: 27,936
  per_layer_int_in_reads: {0: 0, 1: 0, 2: 0}
  per_layer_int_in_writes: {0: 0, 1: 0, 2: 0}
  int_in_reads: 0
  per_layer_int_out_reads: {0: 0, 1: 0, 2: 0}
  per_layer_int_out_writes: {0: 0, 1: 0, 2: 0}
  int_out_reads: 0
  out_reads: 0
  out_writes: 14,943,744
  out_reads_factors: 1
in_writes: 0, w_writes: 0, int_in_writes: 0, int_out_writes: 0, out_writes: 14943744
Name of the level: DRAM, level active instances per layer: {0: 1, 1: 1, 2: 1, 3: 1}, level active instances: 1
Level DRAM, Layer 0: total_reads = 467280, total_writes = 0
Level DRAM, Layer 1: total_reads = 9216, total_writes = 0
Level DRAM, Layer 2: total_reads = 9216, total_writes = 0
DEBUG: Level DRAM, Layer 3, per_layer_int_in_reads2: 0, per_layer_w_reads3: 9216, out_reads: 0
Level DRAM, Layer 3: total_reads = 9216, total_writes = 14943744
Check: Per Layer Total reads: {0: 467280, 1: 9216, 2: 9216, 3: 9216}, total: 494928
Check: Per Layer Total writes: {0: 0, 1: 0, 2: 0, 3: 14943744}, 
 total: 14943744
Level DRAM total WMOPs from per layer sum: 494,037,504.000
Level DRAM total WMOPs from total reads/writes: 494,037,504.000
End first part of update for level: DRAM



Questo mops è chiamato da update stats
Level: FeatureMemory, arch bypasses for the level: ['w'], in_bp: 0, w_bp: 0, out_bp: 0, int_in_bp: 0, int_out_bp: 0
DEBUG updateStats pre scaling: Level FeatureMemory:
  in_reads: 1242
  per_layer_w_reads: {0: 0, 1: 0, 2: 0, 3: 0}
  per_layer_int_in_reads: {0: 39744, 1: 39744, 2: 39744}
  per_layer_int_out_reads: {0: 2208, 1: 2208, 2: 2208}
  per_layer_int_out_writes: {0: 2208, 1: 2208, 2: 2208}
  out_reads: 2208
  out_writes: 2208
  out_reads_factors: 1
scale_per_layer[0]: 6768, temporal_iterations_per_layer[0]: 6768, spatial_iterations_per_layer[0]: 1
DEBUG: results after scaling: Level FeatureMemory: in_reads=8405856, w_reads=0, int_in_reads=806962176, int_out_reads=44831232, int_out_writes=44831232, out_writes=14943744, out_reads=14943744, out_reads_factors=1
DEBUG: Level FeatureMemory adjusted out_reads for no bias read: 0
DEBUG updateStats post scaling: Level FeatureMemory:
  in_reads: 8,405,856
  per_layer_w_reads: {0: 0, 1: 0, 2: 0, 3: 0}
  w_reads: 0
  per_layer_int_in_reads: {0: 268987392, 1: 268987392, 2: 268987392}
  per_layer_int_in_writes: {0: 0, 1: 0, 2: 0}
  int_in_reads: 806,962,176
  per_layer_int_out_reads: {0: 14943744, 1: 14943744, 2: 14943744}
  per_layer_int_out_writes: {0: 14943744, 1: 14943744, 2: 14943744}
  int_out_reads: 44,831,232
  out_reads: 14,943,744
  out_writes: 14,943,744
  out_reads_factors: 1
in_writes: 466992, w_writes: 0, int_in_writes: 0, int_out_writes: 44831232, out_writes: 14943744
Name of the level: FeatureMemory, level active instances per layer: {0: 1, 1: 1, 2: 1, 3: 1}, level active instances: 1
Level FeatureMemory, Layer 0: total_reads = 23349600, total_writes = 15410736
Level FeatureMemory, Layer 1: total_reads = 283931136, total_writes = 14943744
Level FeatureMemory, Layer 2: total_reads = 283931136, total_writes = 14943744
DEBUG: Level FeatureMemory, Layer 3, per_layer_int_in_reads2: 268987392, per_layer_w_reads3: 0, out_reads: 14943744
Level FeatureMemory, Layer 3: total_reads = 283931136, total_writes = 14943744
Check: Per Layer Total reads: {0: 23349600, 1: 283931136, 2: 283931136, 3: 283931136}, total: 875143008
Check: Per Layer Total writes: {0: 15410736, 1: 14943744, 2: 14943744, 3: 14943744}, 
 total: 60241968
Level FeatureMemory total WMOPs from per layer sum: 927,251,843.510
Level FeatureMemory total WMOPs from total reads/writes: 927,251,843.510
End first part of update for level: FeatureMemory



Questo mops è chiamato da update stats
Level: WeightMemory, arch bypasses for the level: ['in', 'int_in', 'int_out', 'out'], in_bp: 0, w_bp: 1, out_bp: 0, int_in_bp: 0, int_out_bp: 0
DEBUG updateStats pre scaling: Level WeightMemory:
  in_reads: 0
  per_layer_w_reads: {0: 288, 1: 9216, 2: 9216, 3: 9216}
  per_layer_int_in_reads: {0: 0, 1: 0, 2: 0}
  per_layer_int_out_reads: {0: 0, 1: 0, 2: 0}
  per_layer_int_out_writes: {0: 0, 1: 0, 2: 0}
  out_reads: 0
  out_writes: 0
  out_reads_factors: 0
scale_per_layer[0] = 6768, temporal_iterations_per_layer[0] = 6768, spatial_iterations_per_layer[0] = 1
scale_per_layer[0]: 6768, temporal_iterations_per_layer[0]: 6768, spatial_iterations_per_layer[0]: 1
DEBUG: results after scaling: Level WeightMemory: in_reads=0, w_reads=189070848, int_in_reads=0, int_out_reads=0, int_out_writes=0, out_writes=0, out_reads=0, out_reads_factors=0
DEBUG: Level WeightMemory bypasses intermediate storage
DEBUG updateStats post scaling: Level WeightMemory:
  in_reads: 0
  per_layer_w_reads: {0: 1949184, 1: 62373888, 2: 62373888, 3: 62373888}
  w_reads: 189,070,848
  per_layer_int_in_reads: {0: 0, 1: 0, 2: 0}
  per_layer_int_in_writes: {0: 0, 1: 0, 2: 0}
  int_in_reads: 0
  per_layer_int_out_reads: {0: 0, 1: 0, 2: 0}
  per_layer_int_out_writes: {0: 0, 1: 0, 2: 0}
  int_out_reads: 0
  out_reads: 0
  out_writes: 0
  out_reads_factors: 0
in_writes: 0, w_writes: 27936, int_in_writes: 0, int_out_writes: 0, out_writes: 0
Name of the level: WeightMemory, level active instances per layer: {0: 1, 1: 1, 2: 1, 3: 1}, level active instances: 1
Level WeightMemory, Layer 0: total_reads = 1949184, total_writes = 288
Level WeightMemory, Layer 1: total_reads = 62373888, total_writes = 9216
Level WeightMemory, Layer 2: total_reads = 62373888, total_writes = 9216
DEBUG: Level WeightMemory, Layer 3, per_layer_int_in_reads2: 0, per_layer_w_reads3: 62373888, out_reads: 0
Level WeightMemory, Layer 3: total_reads = 62373888, total_writes = 9216
Check: Per Layer Total reads: {0: 1949184, 1: 62373888, 2: 62373888, 3: 62373888}, total: 189070848
Check: Per Layer Total writes: {0: 288, 1: 9216, 2: 9216, 3: 9216}, 
 total: 27936
Level WeightMemory total WMOPs from per layer sum: 957,913,561.308
Level WeightMemory total WMOPs from total reads/writes: 957,913,561.308
End first part of update for level: WeightMemory



Calculating Fanout Level: SACols_3, updating spatial and last reads
Fanout Level SACols_3, Layer 3, dim Q, layer_iterations: 69
End of the first part of Update Stats for fanout level: SACols_3


Calculating Fanout Level: SARows_3, updating spatial and last reads
Fanout Level SARows_3, Layer 3, dim Z3, layer_iterations: 16
End of the first part of Update Stats for fanout level: SARows_3


Calculating Fanout Level: SACols_2, updating spatial and last reads
Fanout Level SACols_2, Layer 2, dim X2, layer_iterations: 69
End of the first part of Update Stats for fanout level: SACols_2


Calculating Fanout Level: SARows_2, updating spatial and last reads
Fanout Level SARows_2, Layer 2, dim Z2, layer_iterations: 16
End of the first part of Update Stats for fanout level: SARows_2


Calculating Fanout Level: SACols_1, updating spatial and last reads
Fanout Level SACols_1, Layer 1, dim X1, layer_iterations: 69
End of the first part of Update Stats for fanout level: SACols_1


Calculating Fanout Level: SARows_1, updating spatial and last reads
Fanout Level SARows_1, Layer 1, dim Z1, layer_iterations: 16
End of the first part of Update Stats for fanout level: SARows_1


Calculating Fanout Level: SACols_0, updating spatial and last reads
Fanout Level SACols_0, Layer 0, dim X0, layer_iterations: 69
End of the first part of Update Stats for fanout level: SACols_0


Calculating Fanout Level: SARows_0, updating spatial and last reads
Fanout Level SARows_0, Layer 0, dim Z0, layer_iterations: 16
End of the first part of Update Stats for fanout level: SARows_0


Questo mops è chiamato da update stats
Level: WeightRegister, arch bypasses for the level: ['in', 'int_in', 'int_out', 'out'], in_bp: 0, w_bp: 0, out_bp: 0, int_in_bp: 0, int_out_bp: 0
DEBUG updateStats pre scaling: Level WeightRegister:
  in_reads: 0
  per_layer_w_reads: {0: 1, 1: 1, 2: 1, 3: 1}
  per_layer_int_in_reads: {0: 0, 1: 0, 2: 0}
  per_layer_int_out_reads: {0: 0, 1: 0, 2: 0}
  per_layer_int_out_writes: {0: 0, 1: 0, 2: 0}
  out_reads: 0
  out_writes: 0
  out_reads_factors: 0
scale_per_layer[0]: 134493696, temporal_iterations_per_layer[0]: 121824, spatial_iterations_per_layer[0]: 1104
DEBUG: results after scaling: Level WeightRegister: in_reads=0, w_reads=13045888512, int_in_reads=0, int_out_reads=0, int_out_writes=0, out_writes=0, out_reads=0, out_reads_factors=0
DEBUG: Level WeightRegister bypasses intermediate storage
DEBUG updateStats post scaling: Level WeightRegister:
  in_reads: 0
  per_layer_w_reads: {0: 134493696, 1: 4303798272, 2: 4303798272, 3: 4303798272}
  w_reads: 13,045,888,512
  per_layer_int_in_reads: {0: 0, 1: 0, 2: 0}
  per_layer_int_in_writes: {0: 0, 1: 0, 2: 0}
  int_in_reads: 0
  per_layer_int_out_reads: {0: 0, 1: 0, 2: 0}
  per_layer_int_out_writes: {0: 0, 1: 0, 2: 0}
  int_out_reads: 0
  out_reads: 0
  out_writes: 0
  out_reads_factors: 0
in_writes: 0, w_writes: 13045888512, int_in_writes: 0, int_out_writes: 0, out_writes: 0
Name of the level: WeightRegister, level active instances per layer: {0: 1104, 1: 1104, 2: 1104, 3: 1104}, level active instances: 1485512441856
Level WeightRegister, Layer 0: total_reads = 134493696, total_writes = 134493696
Level WeightRegister, Layer 1: total_reads = 4303798272, total_writes = 4303798272
Level WeightRegister, Layer 2: total_reads = 4303798272, total_writes = 4303798272
DEBUG: Level WeightRegister, Layer 3, per_layer_int_in_reads2: 0, per_layer_w_reads3: 4303798272, out_reads: 0
Level WeightRegister, Layer 3: total_reads = 4303798272, total_writes = 4303798272
Check: Per Layer Total reads: {0: 134493696, 1: 4303798272, 2: 4303798272, 3: 4303798272}, total: 13045888512
Check: Per Layer Total writes: {0: 134493696, 1: 4303798272, 2: 4303798272, 3: 4303798272}, 
 total: 13045888512
Level WeightRegister total WMOPs from per layer sum: 5,188,605,515.266
Level WeightRegister total WMOPs from total reads/writes: 5,188,605,515.266
End first part of update for level: WeightRegister



Questo mops è chiamato da update stats
Level: AccumulationIntermediateOutputRegister, arch bypasses for the level: ['in', 'w', 'out', 'int_in'], in_bp: 0, w_bp: 0, out_bp: 0, int_in_bp: 0, int_out_bp: 0
DEBUG updateStats pre scaling: Level AccumulationIntermediateOutputRegister:
  in_reads: 0
  per_layer_w_reads: {0: 0, 1: 0, 2: 0, 3: 0}
  per_layer_int_in_reads: {0: 0, 1: 0, 2: 0}
  per_layer_int_out_reads: {0: 1, 1: 1, 2: 1}
  per_layer_int_out_writes: {0: 1, 1: 1, 2: 1}
  out_reads: 0
  out_writes: 0
  out_reads_factors: 0
scale_per_layer[0]: 134493696, temporal_iterations_per_layer[0]: 121824, spatial_iterations_per_layer[0]: 1104
DEBUG: results after scaling: Level AccumulationIntermediateOutputRegister: in_reads=0, w_reads=0, int_in_reads=0, int_out_reads=8742090240, int_out_writes=8742090240, out_writes=0, out_reads=0, out_reads_factors=0
DEBUG updateStats post scaling: Level AccumulationIntermediateOutputRegister:
  in_reads: 0
  per_layer_w_reads: {0: 0, 1: 0, 2: 0, 3: 0}
  w_reads: 0
  per_layer_int_in_reads: {0: 0, 1: 0, 2: 0}
  per_layer_int_in_writes: {0: 0, 1: 0, 2: 0}
  int_in_reads: 0
  per_layer_int_out_reads: {0: 149437440, 1: 4318742016, 2: 4318742016}
  per_layer_int_out_writes: {0: 149437440, 1: 4318742016, 2: 4318742016}
  int_out_reads: 8,742,090,240
  out_reads: 0
  out_writes: 0
  out_reads_factors: 0
in_writes: 0, w_writes: 0, int_in_writes: 0, int_out_writes: 8742090240, out_writes: 0
Name of the level: AccumulationIntermediateOutputRegister, level active instances per layer: {0: 1104, 1: 1104, 2: 1104, 3: 1104}, level active instances: 1485512441856
Level AccumulationIntermediateOutputRegister, Layer 0: total_reads = 149437440, total_writes = 149437440
Level AccumulationIntermediateOutputRegister, Layer 1: total_reads = 4318742016, total_writes = 4318742016
Level AccumulationIntermediateOutputRegister, Layer 2: total_reads = 4318742016, total_writes = 4318742016
DEBUG: Level AccumulationIntermediateOutputRegister, Layer 3, per_layer_int_in_reads2: 0, per_layer_w_reads3: 0, out_reads: 0
Level AccumulationIntermediateOutputRegister, Layer 3: total_reads = 0, total_writes = 0
Check: Per Layer Total reads: {0: 149437440, 1: 4318742016, 2: 4318742016, 3: 0}, total: 8786921472
Check: Per Layer Total writes: {0: 149437440, 1: 4318742016, 2: 4318742016, 3: 0}, 
 total: 8786921472
Level AccumulationIntermediateOutputRegister total WMOPs from per layer sum: 8,750,202,767.686
Level AccumulationIntermediateOutputRegister total WMOPs from total reads/writes: 8,732,031,353.133
End first part of update for level: AccumulationIntermediateOutputRegister



Questo mops è chiamato da update stats
Level: AccumulationOutputRegister, arch bypasses for the level: ['in', 'w', 'int_in', 'int_out'], in_bp: 0, w_bp: 0, out_bp: 1, int_in_bp: 0, int_out_bp: 0
DEBUG updateStats pre scaling: Level AccumulationOutputRegister:
  in_reads: 0
  per_layer_w_reads: {0: 0, 1: 0, 2: 0, 3: 0}
  per_layer_int_in_reads: {0: 0, 1: 0, 2: 0}
  per_layer_int_out_reads: {0: 0, 1: 0, 2: 0}
  per_layer_int_out_writes: {0: 0, 1: 0, 2: 0}
  out_reads: 1
  out_writes: 1
  out_reads_factors: 1
scale_per_layer[0]: 134493696, temporal_iterations_per_layer[0]: 121824, spatial_iterations_per_layer[0]: 1104
DEBUG: results after scaling: Level AccumulationOutputRegister: in_reads=0, w_reads=0, int_in_reads=0, int_out_reads=0, int_out_writes=0, out_writes=4303798272, out_reads=4303798272, out_reads_factors=288
DEBUG: Level AccumulationOutputRegister adjusted out_reads for no bias read: 4288854528
DEBUG: Level AccumulationOutputRegister bypasses intermediate storage
DEBUG updateStats post scaling: Level AccumulationOutputRegister:
  in_reads: 0
  per_layer_w_reads: {0: 0, 1: 0, 2: 0, 3: 0}
  w_reads: 0
  per_layer_int_in_reads: {0: 0, 1: 0, 2: 0}
  per_layer_int_in_writes: {0: 0, 1: 0, 2: 0}
  int_in_reads: 0
  per_layer_int_out_reads: {0: 0, 1: 0, 2: 0}
  per_layer_int_out_writes: {0: 0, 1: 0, 2: 0}
  int_out_reads: 0
  out_reads: 4,303,798,272
  out_writes: 4,303,798,272
  out_reads_factors: 288
in_writes: 0, w_writes: 0, int_in_writes: 0, int_out_writes: 0, out_writes: 4303798272
Name of the level: AccumulationOutputRegister, level active instances per layer: {0: 1104, 1: 1104, 2: 1104, 3: 1104}, level active instances: 1485512441856
Level AccumulationOutputRegister, Layer 0: total_reads = 0, total_writes = 0
Level AccumulationOutputRegister, Layer 1: total_reads = 0, total_writes = 0
Level AccumulationOutputRegister, Layer 2: total_reads = 0, total_writes = 0
DEBUG: Level AccumulationOutputRegister, Layer 3, per_layer_int_in_reads2: 0, per_layer_w_reads3: 0, out_reads: 4303798272
Level AccumulationOutputRegister, Layer 3: total_reads = 4303798272, total_writes = 4303798272
Check: Per Layer Total reads: {0: 0, 1: 0, 2: 0, 3: 4303798272}, total: 4303798272
Check: Per Layer Total writes: {0: 0, 1: 0, 2: 0, 3: 4303798272}, 
 total: 4303798272
Level AccumulationOutputRegister total WMOPs from per layer sum: 10,494,658,564.790
Level AccumulationOutputRegister total WMOPs from total reads/writes: 10,476,487,150.237
End first part of update for level: AccumulationOutputRegister



Calculating WMOPs for Compute Level
Compute Level Compute WMOPs_per_layer: {0: 167649412.3117145, 1: 4262784087.055942, 2: 4262784087.055942, 3: 4734926756.871554}
WMOPs_till_now before compute level: 10,494,658,564.790
Compute Level Compute total WMOPs from per layer sum: 13428144343.295155
Compute Level Compute total WMOPs: 2.4108376953183185e+36
Total WMOPs after adding compute level: 23922802908.084877
END FIRST PART OF UPDATE STATS


First cc_per_tile, it is from compute = 1
First cc_per_tile_per_layer it is from compute = {0: 1, 1: 1, 2: 1, 3: 1}


Calculating Latency for Level: AccumulationOutputRegister

Latency for layer: 0 of Level: AccumulationOutputRegister
level.active_instances_per_layer[0]: 1104
level.temporal_iterations_per_layer[0]: 121824
Scaling per layer[0]: 134,493,696
Single Tile latency: cc_per_tile_per_layer[0]: 1
Ideal Case, Latency at this level without stalls: cc_per_all_tiles_per_layer[0]: 1
SCALED cc_per_all_tiles_per_layer[0]: 134,493,696
level.getReadPerLayer[0](): 0
  (For comparison - full reads including accumulation: 0)
ideal_bandwidth_read_per_layer[0]: 0.0
level.getDrainPerLayer[0](): 0
ideal_bandwidth_drain_per_layer[0]: 0.0
ideal_bandwidth_update_per_layer[0]: 0.0
  (For comparison - full updates including accumulation: 0)
level.getFillPerLayer[0](): 0
ideal_bandwidth_fill_per_layer[0]: 0.0

Latency for layer: 1 of Level: AccumulationOutputRegister
level.active_instances_per_layer[1]: 1104
level.temporal_iterations_per_layer[1]: 3898368
Scaling per layer[1]: 4,303,798,272
Single Tile latency: cc_per_tile_per_layer[1]: 1
Ideal Case, Latency at this level without stalls: cc_per_all_tiles_per_layer[1]: 1
SCALED cc_per_all_tiles_per_layer[1]: 4,303,798,272
level.getReadPerLayer[1](): 0
  (For comparison - full reads including accumulation: 0)
ideal_bandwidth_read_per_layer[1]: 0.0
level.getDrainPerLayer[1](): 0
ideal_bandwidth_drain_per_layer[1]: 0.0
ideal_bandwidth_update_per_layer[1]: 0.0
  (For comparison - full updates including accumulation: 0)
level.getFillPerLayer[1](): 0
ideal_bandwidth_fill_per_layer[1]: 0.0

Latency for layer: 2 of Level: AccumulationOutputRegister
level.active_instances_per_layer[2]: 1104
level.temporal_iterations_per_layer[2]: 3898368
Scaling per layer[2]: 4,303,798,272
Single Tile latency: cc_per_tile_per_layer[2]: 1
Ideal Case, Latency at this level without stalls: cc_per_all_tiles_per_layer[2]: 1
SCALED cc_per_all_tiles_per_layer[2]: 4,303,798,272
level.getReadPerLayer[2](): 0
  (For comparison - full reads including accumulation: 0)
ideal_bandwidth_read_per_layer[2]: 0.0
level.getDrainPerLayer[2](): 0
ideal_bandwidth_drain_per_layer[2]: 0.0
ideal_bandwidth_update_per_layer[2]: 0.0
  (For comparison - full updates including accumulation: 0)
level.getFillPerLayer[2](): 0
ideal_bandwidth_fill_per_layer[2]: 0.0

Latency for layer: 3 of Level: AccumulationOutputRegister
level.active_instances_per_layer[3]: 1104
level.temporal_iterations_per_layer[3]: 3898368
Scaling per layer[3]: 4,303,798,272
Single Tile latency: cc_per_tile_per_layer[3]: 1
Ideal Case, Latency at this level without stalls: cc_per_all_tiles_per_layer[3]: 1
SCALED cc_per_all_tiles_per_layer[3]: 4,303,798,272
level.getReadPerLayer[3](): 4,288,854,528
  (For comparison - full reads including accumulation: 4,288,854,528)
ideal_bandwidth_read_per_layer[3]: 0.9965277777777778
level.getDrainPerLayer[3](): 14,943,744
ideal_bandwidth_drain_per_layer[3]: 0.003472222222222222
ideal_bandwidth_update_per_layer[3]: 1.0
  (For comparison - full updates including accumulation: 4,303,798,272)
level.getFillPerLayer[3](): 0
ideal_bandwidth_fill_per_layer[3]: 0.0

Start of calculation of latency:


Layer_id: 0 in AccumulationOutputRegister

ideal_bandwidth_read_per_layer[0] + ideal_bandwidth_drain_per_layer[0]: 0.0 vs level.read_bandwidth: 1
I am in Compute Bound
cc_per_all_tiles_per_layer[0]: 1
STANDARD CASE latency_read_drain_per_layer[0]: 1

ideal_bandwidth_fill_per_layer[0] + ideal_bandwidth_update_per_layer[0]: 0.0 vs level.write_bandwidth: 1
previous_fanout_pe_to_pe_warmup: 0
STANDARD CASE latency_fill_update_per_layer[0]: 1


Layer_id: 1 in AccumulationOutputRegister

ideal_bandwidth_read_per_layer[1] + ideal_bandwidth_drain_per_layer[1]: 0.0 vs level.read_bandwidth: 1
I am in Compute Bound
cc_per_all_tiles_per_layer[1]: 1
STANDARD CASE latency_read_drain_per_layer[1]: 1

ideal_bandwidth_fill_per_layer[1] + ideal_bandwidth_update_per_layer[1]: 0.0 vs level.write_bandwidth: 1
previous_fanout_pe_to_pe_warmup: 0
STANDARD CASE latency_fill_update_per_layer[1]: 1


Layer_id: 2 in AccumulationOutputRegister

ideal_bandwidth_read_per_layer[2] + ideal_bandwidth_drain_per_layer[2]: 0.0 vs level.read_bandwidth: 1
I am in Compute Bound
cc_per_all_tiles_per_layer[2]: 1
STANDARD CASE latency_read_drain_per_layer[2]: 1

ideal_bandwidth_fill_per_layer[2] + ideal_bandwidth_update_per_layer[2]: 0.0 vs level.write_bandwidth: 1
previous_fanout_pe_to_pe_warmup: 0
STANDARD CASE latency_fill_update_per_layer[2]: 1


Layer_id: 3 in AccumulationOutputRegister

ideal_bandwidth_read_per_layer[3] + ideal_bandwidth_drain_per_layer[3]: 1.0 vs level.read_bandwidth: 1
I am in Compute Bound
cc_per_all_tiles_per_layer[3]: 1
STANDARD CASE latency_read_drain_per_layer[3]: 1

ideal_bandwidth_fill_per_layer[3] + ideal_bandwidth_update_per_layer[3]: 1.0 vs level.write_bandwidth: 1
previous_fanout_pe_to_pe_warmup: 0
STANDARD CASE latency_fill_update_per_layer[3]: 1

End of calculation of latency.

Calculating per tile final latency and stall for layer 0 in AccumulationOutputRegister: latency_read_drain_per_layer[0] = 1, latency_fill_update_per_layer[0] = 1
Final per tile latency_per_layer[0]: 1
Final per tile stall_cycles_per_layer[0]: 0
Ideal case: no stall introduced by this level per this layer: cc_per_all_tiles_per_layer[0]: 1
Calculating per tile final latency and stall for layer 1 in AccumulationOutputRegister: latency_read_drain_per_layer[1] = 1, latency_fill_update_per_layer[1] = 1
Final per tile latency_per_layer[1]: 1
Final per tile stall_cycles_per_layer[1]: 0
Ideal case: no stall introduced by this level per this layer: cc_per_all_tiles_per_layer[1]: 1
Calculating per tile final latency and stall for layer 2 in AccumulationOutputRegister: latency_read_drain_per_layer[2] = 1, latency_fill_update_per_layer[2] = 1
Final per tile latency_per_layer[2]: 1
Final per tile stall_cycles_per_layer[2]: 0
Ideal case: no stall introduced by this level per this layer: cc_per_all_tiles_per_layer[2]: 1
Calculating per tile final latency and stall for layer 3 in AccumulationOutputRegister: latency_read_drain_per_layer[3] = 1, latency_fill_update_per_layer[3] = 1
Final per tile latency_per_layer[3]: 1
Final per tile stall_cycles_per_layer[3]: 0
Ideal case: no stall introduced by this level per this layer: cc_per_all_tiles_per_layer[3]: 1


Calculating Latency for Level: AccumulationIntermediateOutputRegister

Latency for layer: 0 of Level: AccumulationIntermediateOutputRegister
level.active_instances_per_layer[0]: 1104
level.temporal_iterations_per_layer[0]: 121824
Scaling per layer[0]: 134,493,696
Single Tile latency: cc_per_tile_per_layer[0]: 1
Ideal Case, Latency at this level without stalls: cc_per_all_tiles_per_layer[0]: 1
SCALED cc_per_all_tiles_per_layer[0]: 134,493,696
level.getReadPerLayer[0](): 149,437,440
  (For comparison - full reads including accumulation: 149,437,440)
ideal_bandwidth_read_per_layer[0]: 1.1111111111111112
level.getDrainPerLayer[0](): 14,943,744
ideal_bandwidth_drain_per_layer[0]: 0.1111111111111111
ideal_bandwidth_update_per_layer[0]: 1.0
  (For comparison - full updates including accumulation: 134,493,696)
level.getFillPerLayer[0](): 14,943,744
ideal_bandwidth_fill_per_layer[0]: 0.1111111111111111

Latency for layer: 1 of Level: AccumulationIntermediateOutputRegister
level.active_instances_per_layer[1]: 1104
level.temporal_iterations_per_layer[1]: 3898368
Scaling per layer[1]: 4,303,798,272
Single Tile latency: cc_per_tile_per_layer[1]: 1
Ideal Case, Latency at this level without stalls: cc_per_all_tiles_per_layer[1]: 1
SCALED cc_per_all_tiles_per_layer[1]: 4,303,798,272
level.getReadPerLayer[1](): 4,303,798,272
  (For comparison - full reads including accumulation: 4,303,798,272)
ideal_bandwidth_read_per_layer[1]: 1.0
level.getDrainPerLayer[1](): 14,943,744
ideal_bandwidth_drain_per_layer[1]: 0.003472222222222222
ideal_bandwidth_update_per_layer[1]: 1.0
  (For comparison - full updates including accumulation: 4,303,798,272)
level.getFillPerLayer[1](): 14,943,744
ideal_bandwidth_fill_per_layer[1]: 0.003472222222222222

Latency for layer: 2 of Level: AccumulationIntermediateOutputRegister
level.active_instances_per_layer[2]: 1104
level.temporal_iterations_per_layer[2]: 3898368
Scaling per layer[2]: 4,303,798,272
Single Tile latency: cc_per_tile_per_layer[2]: 1
Ideal Case, Latency at this level without stalls: cc_per_all_tiles_per_layer[2]: 1
SCALED cc_per_all_tiles_per_layer[2]: 4,303,798,272
level.getReadPerLayer[2](): 4,303,798,272
  (For comparison - full reads including accumulation: 4,303,798,272)
ideal_bandwidth_read_per_layer[2]: 1.0
level.getDrainPerLayer[2](): 14,943,744
ideal_bandwidth_drain_per_layer[2]: 0.003472222222222222
ideal_bandwidth_update_per_layer[2]: 1.0
  (For comparison - full updates including accumulation: 4,303,798,272)
level.getFillPerLayer[2](): 14,943,744
ideal_bandwidth_fill_per_layer[2]: 0.003472222222222222

Latency for layer: 3 of Level: AccumulationIntermediateOutputRegister
level.active_instances_per_layer[3]: 1104
level.temporal_iterations_per_layer[3]: 3898368
Scaling per layer[3]: 4,303,798,272
Single Tile latency: cc_per_tile_per_layer[3]: 1
Ideal Case, Latency at this level without stalls: cc_per_all_tiles_per_layer[3]: 1
SCALED cc_per_all_tiles_per_layer[3]: 4,303,798,272
level.getReadPerLayer[3](): 0
  (For comparison - full reads including accumulation: 0)
ideal_bandwidth_read_per_layer[3]: 0.0
level.getDrainPerLayer[3](): 0
ideal_bandwidth_drain_per_layer[3]: 0.0
ideal_bandwidth_update_per_layer[3]: 0.0
  (For comparison - full updates including accumulation: 0)
level.getFillPerLayer[3](): 0
ideal_bandwidth_fill_per_layer[3]: 0.0

Start of calculation of latency:


Layer_id: 0 in AccumulationIntermediateOutputRegister

ideal_bandwidth_read_per_layer[0] + ideal_bandwidth_drain_per_layer[0]: 1.2222222222222223 vs level.read_bandwidth: 1
I am in Slowdown: Memory Bound
ideal_bandwidth_read_per_layer[0]: 1.1111111111111112
ideal_bandwidth_drain_per_layer[0]: 0.1111111111111111
level.read_bandwidth: 1
total data (for bandwidth): 164381184
scaling_per_layer[0]: 134493696
SLOWDOWN CASE latency_read_drain_per_layer[0]: 1.2222222222222223

ideal_bandwidth_fill_per_layer[0] + ideal_bandwidth_update_per_layer[0]: 1.1111111111111112 vs level.write_bandwidth: 1
ideal_bandwidth_fill_per_layer[0]: 0.1111111111111111
ideal_bandwidth_update_per_layer[0]: 1.0
level.write_bandwidth: 1
total data (for bandwidth): 149437440
scaling_per_layer[0]: 134493696
SLOWDOWN CASE latency_fill_update_per_layer[0]: 1.1111111111111112


Layer_id: 1 in AccumulationIntermediateOutputRegister

ideal_bandwidth_read_per_layer[1] + ideal_bandwidth_drain_per_layer[1]: 1.0034722222222223 vs level.read_bandwidth: 1
I am in Slowdown: Memory Bound
ideal_bandwidth_read_per_layer[1]: 1.0
ideal_bandwidth_drain_per_layer[1]: 0.003472222222222222
level.read_bandwidth: 1
total data (for bandwidth): 4318742016
scaling_per_layer[1]: 4303798272
SLOWDOWN CASE latency_read_drain_per_layer[1]: 1.0034722222222223

ideal_bandwidth_fill_per_layer[1] + ideal_bandwidth_update_per_layer[1]: 1.0034722222222223 vs level.write_bandwidth: 1
ideal_bandwidth_fill_per_layer[1]: 0.003472222222222222
ideal_bandwidth_update_per_layer[1]: 1.0
level.write_bandwidth: 1
total data (for bandwidth): 4318742016
scaling_per_layer[1]: 4303798272
SLOWDOWN CASE latency_fill_update_per_layer[1]: 1.0034722222222223


Layer_id: 2 in AccumulationIntermediateOutputRegister

ideal_bandwidth_read_per_layer[2] + ideal_bandwidth_drain_per_layer[2]: 1.0034722222222223 vs level.read_bandwidth: 1
I am in Slowdown: Memory Bound
ideal_bandwidth_read_per_layer[2]: 1.0
ideal_bandwidth_drain_per_layer[2]: 0.003472222222222222
level.read_bandwidth: 1
total data (for bandwidth): 4318742016
scaling_per_layer[2]: 4303798272
SLOWDOWN CASE latency_read_drain_per_layer[2]: 1.0034722222222223

ideal_bandwidth_fill_per_layer[2] + ideal_bandwidth_update_per_layer[2]: 1.0034722222222223 vs level.write_bandwidth: 1
ideal_bandwidth_fill_per_layer[2]: 0.003472222222222222
ideal_bandwidth_update_per_layer[2]: 1.0
level.write_bandwidth: 1
total data (for bandwidth): 4318742016
scaling_per_layer[2]: 4303798272
SLOWDOWN CASE latency_fill_update_per_layer[2]: 1.0034722222222223


Layer_id: 3 in AccumulationIntermediateOutputRegister

ideal_bandwidth_read_per_layer[3] + ideal_bandwidth_drain_per_layer[3]: 0.0 vs level.read_bandwidth: 1
I am in Compute Bound
cc_per_all_tiles_per_layer[3]: 1
STANDARD CASE latency_read_drain_per_layer[3]: 1

ideal_bandwidth_fill_per_layer[3] + ideal_bandwidth_update_per_layer[3]: 0.0 vs level.write_bandwidth: 1
previous_fanout_pe_to_pe_warmup: 0
STANDARD CASE latency_fill_update_per_layer[3]: 1

End of calculation of latency.

Calculating per tile final latency and stall for layer 0 in AccumulationIntermediateOutputRegister: latency_read_drain_per_layer[0] = 1.2222222222222223, latency_fill_update_per_layer[0] = 1.1111111111111112
Final per tile latency_per_layer[0]: 1
Final per tile stall_cycles_per_layer[0]: 0
Ideal case: no stall introduced by this level per this layer: cc_per_all_tiles_per_layer[0]: 1
Calculating per tile final latency and stall for layer 1 in AccumulationIntermediateOutputRegister: latency_read_drain_per_layer[1] = 1.0034722222222223, latency_fill_update_per_layer[1] = 1.0034722222222223
Final per tile latency_per_layer[1]: 1
Final per tile stall_cycles_per_layer[1]: 0
Ideal case: no stall introduced by this level per this layer: cc_per_all_tiles_per_layer[1]: 1
Calculating per tile final latency and stall for layer 2 in AccumulationIntermediateOutputRegister: latency_read_drain_per_layer[2] = 1.0034722222222223, latency_fill_update_per_layer[2] = 1.0034722222222223
Final per tile latency_per_layer[2]: 1
Final per tile stall_cycles_per_layer[2]: 0
Ideal case: no stall introduced by this level per this layer: cc_per_all_tiles_per_layer[2]: 1
Calculating per tile final latency and stall for layer 3 in AccumulationIntermediateOutputRegister: latency_read_drain_per_layer[3] = 1, latency_fill_update_per_layer[3] = 1
Final per tile latency_per_layer[3]: 1
Final per tile stall_cycles_per_layer[3]: 0
Ideal case: no stall introduced by this level per this layer: cc_per_all_tiles_per_layer[3]: 1


Calculating Latency for Level: WeightRegister

Latency for layer: 0 of Level: WeightRegister
level.active_instances_per_layer[0]: 1104
level.temporal_iterations_per_layer[0]: 121824
Scaling per layer[0]: 134,493,696
Single Tile latency: cc_per_tile_per_layer[0]: 1.2222222222222223
Ideal Case, Latency at this level without stalls: cc_per_all_tiles_per_layer[0]: 1.2222222222222223
SCALED cc_per_all_tiles_per_layer[0]: 164,381,184
level.getReadPerLayer[0](): 134,493,696
  (For comparison - full reads including accumulation: 134,493,696)
ideal_bandwidth_read_per_layer[0]: 0.8181818181818182
level.getDrainPerLayer[0](): 0
ideal_bandwidth_drain_per_layer[0]: 0.0
ideal_bandwidth_update_per_layer[0]: 0.0
  (For comparison - full updates including accumulation: 0)
level.getFillPerLayer[0](): 134,493,696
ideal_bandwidth_fill_per_layer[0]: 0.8181818181818182

Latency for layer: 1 of Level: WeightRegister
level.active_instances_per_layer[1]: 1104
level.temporal_iterations_per_layer[1]: 3898368
Scaling per layer[1]: 4,303,798,272
Single Tile latency: cc_per_tile_per_layer[1]: 1.0034722222222223
Ideal Case, Latency at this level without stalls: cc_per_all_tiles_per_layer[1]: 1.0034722222222223
SCALED cc_per_all_tiles_per_layer[1]: 4,318,742,016
level.getReadPerLayer[1](): 4,303,798,272
  (For comparison - full reads including accumulation: 4,303,798,272)
ideal_bandwidth_read_per_layer[1]: 0.9965397923875432
level.getDrainPerLayer[1](): 0
ideal_bandwidth_drain_per_layer[1]: 0.0
ideal_bandwidth_update_per_layer[1]: 0.0
  (For comparison - full updates including accumulation: 0)
level.getFillPerLayer[1](): 4,303,798,272
ideal_bandwidth_fill_per_layer[1]: 0.9965397923875432

Latency for layer: 2 of Level: WeightRegister
level.active_instances_per_layer[2]: 1104
level.temporal_iterations_per_layer[2]: 3898368
Scaling per layer[2]: 4,303,798,272
Single Tile latency: cc_per_tile_per_layer[2]: 1.0034722222222223
Ideal Case, Latency at this level without stalls: cc_per_all_tiles_per_layer[2]: 1.0034722222222223
SCALED cc_per_all_tiles_per_layer[2]: 4,318,742,016
level.getReadPerLayer[2](): 4,303,798,272
  (For comparison - full reads including accumulation: 4,303,798,272)
ideal_bandwidth_read_per_layer[2]: 0.9965397923875432
level.getDrainPerLayer[2](): 0
ideal_bandwidth_drain_per_layer[2]: 0.0
ideal_bandwidth_update_per_layer[2]: 0.0
  (For comparison - full updates including accumulation: 0)
level.getFillPerLayer[2](): 4,303,798,272
ideal_bandwidth_fill_per_layer[2]: 0.9965397923875432

Latency for layer: 3 of Level: WeightRegister
level.active_instances_per_layer[3]: 1104
level.temporal_iterations_per_layer[3]: 3898368
Scaling per layer[3]: 4,303,798,272
Single Tile latency: cc_per_tile_per_layer[3]: 1
Ideal Case, Latency at this level without stalls: cc_per_all_tiles_per_layer[3]: 1
SCALED cc_per_all_tiles_per_layer[3]: 4,303,798,272
level.getReadPerLayer[3](): 4,303,798,272
  (For comparison - full reads including accumulation: 4,303,798,272)
ideal_bandwidth_read_per_layer[3]: 1.0
level.getDrainPerLayer[3](): 0
ideal_bandwidth_drain_per_layer[3]: 0.0
ideal_bandwidth_update_per_layer[3]: 0.0
  (For comparison - full updates including accumulation: 0)
level.getFillPerLayer[3](): 4,303,798,272
ideal_bandwidth_fill_per_layer[3]: 1.0

Start of calculation of latency:


Layer_id: 0 in WeightRegister

ideal_bandwidth_read_per_layer[0] + ideal_bandwidth_drain_per_layer[0]: 0.8181818181818182 vs level.read_bandwidth: 1
I am in Compute Bound
cc_per_all_tiles_per_layer[0]: 1.2222222222222223
STANDARD CASE latency_read_drain_per_layer[0]: 1.2222222222222223

ideal_bandwidth_fill_per_layer[0] + ideal_bandwidth_update_per_layer[0]: 0.8181818181818182 vs level.write_bandwidth: 1
previous_fanout_pe_to_pe_warmup: 0
STANDARD CASE latency_fill_update_per_layer[0]: 1.2222222222222223


Layer_id: 1 in WeightRegister

ideal_bandwidth_read_per_layer[1] + ideal_bandwidth_drain_per_layer[1]: 0.9965397923875432 vs level.read_bandwidth: 1
I am in Compute Bound
cc_per_all_tiles_per_layer[1]: 1.0034722222222223
STANDARD CASE latency_read_drain_per_layer[1]: 1.0034722222222223

ideal_bandwidth_fill_per_layer[1] + ideal_bandwidth_update_per_layer[1]: 0.9965397923875432 vs level.write_bandwidth: 1
previous_fanout_pe_to_pe_warmup: 0
STANDARD CASE latency_fill_update_per_layer[1]: 1.0034722222222223


Layer_id: 2 in WeightRegister

ideal_bandwidth_read_per_layer[2] + ideal_bandwidth_drain_per_layer[2]: 0.9965397923875432 vs level.read_bandwidth: 1
I am in Compute Bound
cc_per_all_tiles_per_layer[2]: 1.0034722222222223
STANDARD CASE latency_read_drain_per_layer[2]: 1.0034722222222223

ideal_bandwidth_fill_per_layer[2] + ideal_bandwidth_update_per_layer[2]: 0.9965397923875432 vs level.write_bandwidth: 1
previous_fanout_pe_to_pe_warmup: 0
STANDARD CASE latency_fill_update_per_layer[2]: 1.0034722222222223


Layer_id: 3 in WeightRegister

ideal_bandwidth_read_per_layer[3] + ideal_bandwidth_drain_per_layer[3]: 1.0 vs level.read_bandwidth: 1
I am in Compute Bound
cc_per_all_tiles_per_layer[3]: 1
STANDARD CASE latency_read_drain_per_layer[3]: 1

ideal_bandwidth_fill_per_layer[3] + ideal_bandwidth_update_per_layer[3]: 1.0 vs level.write_bandwidth: 1
previous_fanout_pe_to_pe_warmup: 0
STANDARD CASE latency_fill_update_per_layer[3]: 1

End of calculation of latency.

Calculating per tile final latency and stall for layer 0 in WeightRegister: latency_read_drain_per_layer[0] = 1.2222222222222223, latency_fill_update_per_layer[0] = 1.2222222222222223
Final per tile latency_per_layer[0]: 1
Final per tile stall_cycles_per_layer[0]: 0
Ideal case: no stall introduced by this level per this layer: cc_per_all_tiles_per_layer[0]: 1
Calculating per tile final latency and stall for layer 1 in WeightRegister: latency_read_drain_per_layer[1] = 1.0034722222222223, latency_fill_update_per_layer[1] = 1.0034722222222223
Final per tile latency_per_layer[1]: 1
Final per tile stall_cycles_per_layer[1]: 0
Ideal case: no stall introduced by this level per this layer: cc_per_all_tiles_per_layer[1]: 1
Calculating per tile final latency and stall for layer 2 in WeightRegister: latency_read_drain_per_layer[2] = 1.0034722222222223, latency_fill_update_per_layer[2] = 1.0034722222222223
Final per tile latency_per_layer[2]: 1
Final per tile stall_cycles_per_layer[2]: 0
Ideal case: no stall introduced by this level per this layer: cc_per_all_tiles_per_layer[2]: 1
Calculating per tile final latency and stall for layer 3 in WeightRegister: latency_read_drain_per_layer[3] = 1, latency_fill_update_per_layer[3] = 1
Final per tile latency_per_layer[3]: 1
Final per tile stall_cycles_per_layer[3]: 0
Ideal case: no stall introduced by this level per this layer: cc_per_all_tiles_per_layer[3]: 1


Calculating Latency for Level: WeightMemory

Latency for layer: 0 of Level: WeightMemory
level.active_instances_per_layer[0]: 1
level.temporal_iterations_per_layer[0]: 6768
Scaling per layer[0]: 6,768
Single Tile latency: cc_per_tile_per_layer[0]: 1.2222222222222223
Ideal Case, Latency at this level without stalls: cc_per_all_tiles_per_layer[0]: 22.0
SCALED cc_per_all_tiles_per_layer[0]: 148,896
level.getReadPerLayer[0](): 1,949,184
  (For comparison - full reads including accumulation: 1,949,184)
ideal_bandwidth_read_per_layer[0]: 13.090909090909092
level.getDrainPerLayer[0](): 0
ideal_bandwidth_drain_per_layer[0]: 0.0
ideal_bandwidth_update_per_layer[0]: 0.0
  (For comparison - full updates including accumulation: 0)
level.getFillPerLayer[0](): 288
ideal_bandwidth_fill_per_layer[0]: 0.0019342359767891683

Latency for layer: 1 of Level: WeightMemory
level.active_instances_per_layer[1]: 1
level.temporal_iterations_per_layer[1]: 6768
Scaling per layer[1]: 6,768
Single Tile latency: cc_per_tile_per_layer[1]: 1.0034722222222223
Ideal Case, Latency at this level without stalls: cc_per_all_tiles_per_layer[1]: 578.0
SCALED cc_per_all_tiles_per_layer[1]: 3,911,904
level.getReadPerLayer[1](): 62,373,888
  (For comparison - full reads including accumulation: 62,373,888)
ideal_bandwidth_read_per_layer[1]: 15.944636678200691
level.getDrainPerLayer[1](): 0
ideal_bandwidth_drain_per_layer[1]: 0.0
ideal_bandwidth_update_per_layer[1]: 0.0
  (For comparison - full updates including accumulation: 0)
level.getFillPerLayer[1](): 9,216
ideal_bandwidth_fill_per_layer[1]: 0.0023558860340131046

Latency for layer: 2 of Level: WeightMemory
level.active_instances_per_layer[2]: 1
level.temporal_iterations_per_layer[2]: 6768
Scaling per layer[2]: 6,768
Single Tile latency: cc_per_tile_per_layer[2]: 1.0034722222222223
Ideal Case, Latency at this level without stalls: cc_per_all_tiles_per_layer[2]: 578.0
SCALED cc_per_all_tiles_per_layer[2]: 3,911,904
level.getReadPerLayer[2](): 62,373,888
  (For comparison - full reads including accumulation: 62,373,888)
ideal_bandwidth_read_per_layer[2]: 15.944636678200691
level.getDrainPerLayer[2](): 0
ideal_bandwidth_drain_per_layer[2]: 0.0
ideal_bandwidth_update_per_layer[2]: 0.0
  (For comparison - full updates including accumulation: 0)
level.getFillPerLayer[2](): 9,216
ideal_bandwidth_fill_per_layer[2]: 0.0023558860340131046

Latency for layer: 3 of Level: WeightMemory
level.active_instances_per_layer[3]: 1
level.temporal_iterations_per_layer[3]: 6768
Scaling per layer[3]: 6,768
Single Tile latency: cc_per_tile_per_layer[3]: 1
Ideal Case, Latency at this level without stalls: cc_per_all_tiles_per_layer[3]: 576
SCALED cc_per_all_tiles_per_layer[3]: 3,898,368
level.getReadPerLayer[3](): 62,373,888
  (For comparison - full reads including accumulation: 62,373,888)
ideal_bandwidth_read_per_layer[3]: 16.0
level.getDrainPerLayer[3](): 0
ideal_bandwidth_drain_per_layer[3]: 0.0
ideal_bandwidth_update_per_layer[3]: 0.0
  (For comparison - full updates including accumulation: 0)
level.getFillPerLayer[3](): 9,216
ideal_bandwidth_fill_per_layer[3]: 0.002364066193853428

Start of calculation of latency:


Layer_id: 0 in WeightMemory

ideal_bandwidth_read_per_layer[0] + ideal_bandwidth_drain_per_layer[0]: 13.090909090909092 vs level.read_bandwidth: 16
I am in Compute Bound
cc_per_all_tiles_per_layer[0]: 22.0
STANDARD CASE latency_read_drain_per_layer[0]: 22.0

ideal_bandwidth_fill_per_layer[0] + ideal_bandwidth_update_per_layer[0]: 0.0019342359767891683 vs level.write_bandwidth: 16
previous_fanout_pe_to_pe_warmup: 0
STANDARD CASE latency_fill_update_per_layer[0]: 22.0


Layer_id: 1 in WeightMemory

ideal_bandwidth_read_per_layer[1] + ideal_bandwidth_drain_per_layer[1]: 15.944636678200691 vs level.read_bandwidth: 16
I am in Compute Bound
cc_per_all_tiles_per_layer[1]: 578.0
STANDARD CASE latency_read_drain_per_layer[1]: 578.0

ideal_bandwidth_fill_per_layer[1] + ideal_bandwidth_update_per_layer[1]: 0.0023558860340131046 vs level.write_bandwidth: 16
previous_fanout_pe_to_pe_warmup: 0
STANDARD CASE latency_fill_update_per_layer[1]: 578.0


Layer_id: 2 in WeightMemory

ideal_bandwidth_read_per_layer[2] + ideal_bandwidth_drain_per_layer[2]: 15.944636678200691 vs level.read_bandwidth: 16
I am in Compute Bound
cc_per_all_tiles_per_layer[2]: 578.0
STANDARD CASE latency_read_drain_per_layer[2]: 578.0

ideal_bandwidth_fill_per_layer[2] + ideal_bandwidth_update_per_layer[2]: 0.0023558860340131046 vs level.write_bandwidth: 16
previous_fanout_pe_to_pe_warmup: 0
STANDARD CASE latency_fill_update_per_layer[2]: 578.0


Layer_id: 3 in WeightMemory

ideal_bandwidth_read_per_layer[3] + ideal_bandwidth_drain_per_layer[3]: 16.0 vs level.read_bandwidth: 16
I am in Compute Bound
cc_per_all_tiles_per_layer[3]: 576
STANDARD CASE latency_read_drain_per_layer[3]: 576

ideal_bandwidth_fill_per_layer[3] + ideal_bandwidth_update_per_layer[3]: 0.002364066193853428 vs level.write_bandwidth: 16
previous_fanout_pe_to_pe_warmup: 0
STANDARD CASE latency_fill_update_per_layer[3]: 576

End of calculation of latency.

Calculating per tile final latency and stall for layer 0 in WeightMemory: latency_read_drain_per_layer[0] = 22.0, latency_fill_update_per_layer[0] = 22.0
Final per tile latency_per_layer[0]: 22
Final per tile stall_cycles_per_layer[0]: 0
Ideal case: no stall introduced by this level per this layer: cc_per_all_tiles_per_layer[0]: 22
Calculating per tile final latency and stall for layer 1 in WeightMemory: latency_read_drain_per_layer[1] = 578.0, latency_fill_update_per_layer[1] = 578.0
Final per tile latency_per_layer[1]: 578
Final per tile stall_cycles_per_layer[1]: 0
Ideal case: no stall introduced by this level per this layer: cc_per_all_tiles_per_layer[1]: 578
Calculating per tile final latency and stall for layer 2 in WeightMemory: latency_read_drain_per_layer[2] = 578.0, latency_fill_update_per_layer[2] = 578.0
Final per tile latency_per_layer[2]: 578
Final per tile stall_cycles_per_layer[2]: 0
Ideal case: no stall introduced by this level per this layer: cc_per_all_tiles_per_layer[2]: 578
Calculating per tile final latency and stall for layer 3 in WeightMemory: latency_read_drain_per_layer[3] = 576, latency_fill_update_per_layer[3] = 576
Final per tile latency_per_layer[3]: 576
Final per tile stall_cycles_per_layer[3]: 0
Ideal case: no stall introduced by this level per this layer: cc_per_all_tiles_per_layer[3]: 576


Calculating Latency for Level: FeatureMemory

Latency for layer: 0 of Level: FeatureMemory
level.active_instances_per_layer[0]: 1
level.temporal_iterations_per_layer[0]: 6768
Scaling per layer[0]: 6,768
Single Tile latency: cc_per_tile_per_layer[0]: 22.0
Ideal Case, Latency at this level without stalls: cc_per_all_tiles_per_layer[0]: 22.0
SCALED cc_per_all_tiles_per_layer[0]: 148,896
level.getReadPerLayer[0](): 16,624,915
  (For comparison - full reads including accumulation: 16,624,915)
ideal_bandwidth_read_per_layer[0]: 111.65454545454546
level.getDrainPerLayer[0](): 0
ideal_bandwidth_drain_per_layer[0]: 0.0
ideal_bandwidth_update_per_layer[0]: 100.36363636363636
  (For comparison - full updates including accumulation: 14,943,744)
level.getFillPerLayer[0](): 466,992
ideal_bandwidth_fill_per_layer[0]: 3.1363636363636362

Latency for layer: 1 of Level: FeatureMemory
level.active_instances_per_layer[1]: 1
level.temporal_iterations_per_layer[1]: 6768
Scaling per layer[1]: 6,768
Single Tile latency: cc_per_tile_per_layer[1]: 578.0
Ideal Case, Latency at this level without stalls: cc_per_all_tiles_per_layer[1]: 578.0
SCALED cc_per_all_tiles_per_layer[1]: 3,911,904
level.getReadPerLayer[1](): 68,741,222
  (For comparison - full reads including accumulation: 68,741,222)
ideal_bandwidth_read_per_layer[1]: 17.57231833910035
level.getDrainPerLayer[1](): 0
ideal_bandwidth_drain_per_layer[1]: 0.0
ideal_bandwidth_update_per_layer[1]: 3.820069204152249
  (For comparison - full updates including accumulation: 14,943,744)
level.getFillPerLayer[1](): 0
ideal_bandwidth_fill_per_layer[1]: 0.0

Latency for layer: 2 of Level: FeatureMemory
level.active_instances_per_layer[2]: 1
level.temporal_iterations_per_layer[2]: 6768
Scaling per layer[2]: 6,768
Single Tile latency: cc_per_tile_per_layer[2]: 578.0
Ideal Case, Latency at this level without stalls: cc_per_all_tiles_per_layer[2]: 578.0
SCALED cc_per_all_tiles_per_layer[2]: 3,911,904
level.getReadPerLayer[2](): 68,741,222
  (For comparison - full reads including accumulation: 68,741,222)
ideal_bandwidth_read_per_layer[2]: 17.57231833910035
level.getDrainPerLayer[2](): 0
ideal_bandwidth_drain_per_layer[2]: 0.0
ideal_bandwidth_update_per_layer[2]: 3.820069204152249
  (For comparison - full updates including accumulation: 14,943,744)
level.getFillPerLayer[2](): 0
ideal_bandwidth_fill_per_layer[2]: 0.0

Latency for layer: 3 of Level: FeatureMemory
level.active_instances_per_layer[3]: 1
level.temporal_iterations_per_layer[3]: 6768
Scaling per layer[3]: 6,768
Single Tile latency: cc_per_tile_per_layer[3]: 576
Ideal Case, Latency at this level without stalls: cc_per_all_tiles_per_layer[3]: 576
SCALED cc_per_all_tiles_per_layer[3]: 3,898,368
level.getReadPerLayer[3](): 53,797,478
  (For comparison - full reads including accumulation: 53,797,478)
ideal_bandwidth_read_per_layer[3]: 13.799999999999999
level.getDrainPerLayer[3](): 14,943,744
ideal_bandwidth_drain_per_layer[3]: 3.8333333333333335
ideal_bandwidth_update_per_layer[3]: 3.8333333333333335
  (For comparison - full updates including accumulation: 14,943,744)
level.getFillPerLayer[3](): 0
ideal_bandwidth_fill_per_layer[3]: 0.0

Start of calculation of latency:
I am in FeatureMemory level, so I use different formula for latency calculation


Layer_id: 0 in FeatureMemory

scaling_per_layer[0]: 6768
I AM HERE total_data_rd: 16624915
latency_per_layer[0]: 36.398153185221005, latency_read_drain_per_layer[0]: 18.609090685221005, latency_fill_update_per_layer[0]: 17.7890625
Total latency so far: 36.398153185221005


Layer_id: 1 in FeatureMemory

scaling_per_layer[1]: 6768
I AM HERE total_data_rd: 68741222
latency_per_layer[1]: 94.19545409771474, latency_read_drain_per_layer[1]: 76.94545409771474, latency_fill_update_per_layer[1]: 17.25
Total latency so far: 130.59360728293575


Layer_id: 2 in FeatureMemory

scaling_per_layer[2]: 6768
I AM HERE total_data_rd: 68741222
latency_per_layer[2]: 94.19545409771474, latency_read_drain_per_layer[2]: 76.94545409771474, latency_fill_update_per_layer[2]: 17.25
Total latency so far: 224.78906138065048


Layer_id: 3 in FeatureMemory

scaling_per_layer[3]: 6768
I AM HERE total_data_rd: 68741222
latency_per_layer[3]: 94.19545409771474, latency_read_drain_per_layer[3]: 76.94545409771474, latency_fill_update_per_layer[3]: 17.25
Total latency so far: 318.9845154783652

End of calculation of latency.

Calculating per tile final latency and stall for layer 0 in FeatureMemory: latency_read_drain_per_layer[0] = 18.609090685221005, latency_fill_update_per_layer[0] = 17.7890625
Final per tile latency_per_layer[0]: 36
Final per tile stall_cycles_per_layer[0]: 14
Ideal case: no stall introduced by this level per this layer: cc_per_all_tiles_per_layer[0]: 22
Calculating per tile final latency and stall for layer 1 in FeatureMemory: latency_read_drain_per_layer[1] = 76.94545409771474, latency_fill_update_per_layer[1] = 17.25
Final per tile latency_per_layer[1]: 578
Final per tile stall_cycles_per_layer[1]: 0
Ideal case: no stall introduced by this level per this layer: cc_per_all_tiles_per_layer[1]: 578
Calculating per tile final latency and stall for layer 2 in FeatureMemory: latency_read_drain_per_layer[2] = 76.94545409771474, latency_fill_update_per_layer[2] = 17.25
Final per tile latency_per_layer[2]: 578
Final per tile stall_cycles_per_layer[2]: 0
Ideal case: no stall introduced by this level per this layer: cc_per_all_tiles_per_layer[2]: 578
Calculating per tile final latency and stall for layer 3 in FeatureMemory: latency_read_drain_per_layer[3] = 76.94545409771474, latency_fill_update_per_layer[3] = 17.25
Final per tile latency_per_layer[3]: 576
Final per tile stall_cycles_per_layer[3]: 0
Ideal case: no stall introduced by this level per this layer: cc_per_all_tiles_per_layer[3]: 576


Calculating Latency for Level: DRAM

Latency for layer: 0 of Level: DRAM
level.active_instances_per_layer[0]: 1
level.temporal_iterations_per_layer[0]: 1
Scaling per layer[0]: 1
Single Tile latency: cc_per_tile_per_layer[0]: 36.398153185221005
Ideal Case, Latency at this level without stalls: cc_per_all_tiles_per_layer[0]: 246342.70075757577
SCALED cc_per_all_tiles_per_layer[0]: 246,343
level.getReadPerLayer[0](): 467,280
  (For comparison - full reads including accumulation: 467,280)
ideal_bandwidth_read_per_layer[0]: 1.8968696801771576
level.getDrainPerLayer[0](): 0
ideal_bandwidth_drain_per_layer[0]: 0.0
ideal_bandwidth_update_per_layer[0]: 0.0
  (For comparison - full updates including accumulation: 0)
level.getFillPerLayer[0](): 0
ideal_bandwidth_fill_per_layer[0]: 0.0

Latency for layer: 1 of Level: DRAM
level.active_instances_per_layer[1]: 1
level.temporal_iterations_per_layer[1]: 1
Scaling per layer[1]: 1
Single Tile latency: cc_per_tile_per_layer[1]: 578.0
Ideal Case, Latency at this level without stalls: cc_per_all_tiles_per_layer[1]: 3911904.0
SCALED cc_per_all_tiles_per_layer[1]: 3,911,904
level.getReadPerLayer[1](): 9,216
  (For comparison - full reads including accumulation: 9,216)
ideal_bandwidth_read_per_layer[1]: 0.0023558860340131046
level.getDrainPerLayer[1](): 0
ideal_bandwidth_drain_per_layer[1]: 0.0
ideal_bandwidth_update_per_layer[1]: 0.0
  (For comparison - full updates including accumulation: 0)
level.getFillPerLayer[1](): 0
ideal_bandwidth_fill_per_layer[1]: 0.0

Latency for layer: 2 of Level: DRAM
level.active_instances_per_layer[2]: 1
level.temporal_iterations_per_layer[2]: 1
Scaling per layer[2]: 1
Single Tile latency: cc_per_tile_per_layer[2]: 578.0
Ideal Case, Latency at this level without stalls: cc_per_all_tiles_per_layer[2]: 3911904.0
SCALED cc_per_all_tiles_per_layer[2]: 3,911,904
level.getReadPerLayer[2](): 9,216
  (For comparison - full reads including accumulation: 9,216)
ideal_bandwidth_read_per_layer[2]: 0.0023558860340131046
level.getDrainPerLayer[2](): 0
ideal_bandwidth_drain_per_layer[2]: 0.0
ideal_bandwidth_update_per_layer[2]: 0.0
  (For comparison - full updates including accumulation: 0)
level.getFillPerLayer[2](): 0
ideal_bandwidth_fill_per_layer[2]: 0.0

Latency for layer: 3 of Level: DRAM
level.active_instances_per_layer[3]: 1
level.temporal_iterations_per_layer[3]: 1
Scaling per layer[3]: 1
Single Tile latency: cc_per_tile_per_layer[3]: 576
Ideal Case, Latency at this level without stalls: cc_per_all_tiles_per_layer[3]: 3898368
SCALED cc_per_all_tiles_per_layer[3]: 3,898,368
level.getReadPerLayer[3](): 9,216
  (For comparison - full reads including accumulation: 9,216)
ideal_bandwidth_read_per_layer[3]: 0.002364066193853428
level.getDrainPerLayer[3](): 0
ideal_bandwidth_drain_per_layer[3]: 0.0
ideal_bandwidth_update_per_layer[3]: 3.8333333333333335
  (For comparison - full updates including accumulation: 14,943,744)
level.getFillPerLayer[3](): 0
ideal_bandwidth_fill_per_layer[3]: 0.0

Start of calculation of latency:


Layer_id: 0 in DRAM

ideal_bandwidth_read_per_layer[0] + ideal_bandwidth_drain_per_layer[0]: 1.8968696801771576 vs level.read_bandwidth: 12
I am in Compute Bound
cc_per_all_tiles_per_layer[0]: 246342.70075757577
STANDARD CASE latency_read_drain_per_layer[0]: 246342.70075757577

ideal_bandwidth_fill_per_layer[0] + ideal_bandwidth_update_per_layer[0]: 0.0 vs level.write_bandwidth: 12
previous_fanout_pe_to_pe_warmup: 0
STANDARD CASE latency_fill_update_per_layer[0]: 246342.70075757577


Layer_id: 1 in DRAM

ideal_bandwidth_read_per_layer[1] + ideal_bandwidth_drain_per_layer[1]: 0.0023558860340131046 vs level.read_bandwidth: 12
I am in Compute Bound
cc_per_all_tiles_per_layer[1]: 3911904.0
STANDARD CASE latency_read_drain_per_layer[1]: 3911904.0

ideal_bandwidth_fill_per_layer[1] + ideal_bandwidth_update_per_layer[1]: 0.0 vs level.write_bandwidth: 12
previous_fanout_pe_to_pe_warmup: 0
STANDARD CASE latency_fill_update_per_layer[1]: 3911904.0


Layer_id: 2 in DRAM

ideal_bandwidth_read_per_layer[2] + ideal_bandwidth_drain_per_layer[2]: 0.0023558860340131046 vs level.read_bandwidth: 12
I am in Compute Bound
cc_per_all_tiles_per_layer[2]: 3911904.0
STANDARD CASE latency_read_drain_per_layer[2]: 3911904.0

ideal_bandwidth_fill_per_layer[2] + ideal_bandwidth_update_per_layer[2]: 0.0 vs level.write_bandwidth: 12
previous_fanout_pe_to_pe_warmup: 0
STANDARD CASE latency_fill_update_per_layer[2]: 3911904.0


Layer_id: 3 in DRAM

ideal_bandwidth_read_per_layer[3] + ideal_bandwidth_drain_per_layer[3]: 0.002364066193853428 vs level.read_bandwidth: 12
I am in Compute Bound
cc_per_all_tiles_per_layer[3]: 3898368
STANDARD CASE latency_read_drain_per_layer[3]: 3898368

ideal_bandwidth_fill_per_layer[3] + ideal_bandwidth_update_per_layer[3]: 3.8333333333333335 vs level.write_bandwidth: 12
previous_fanout_pe_to_pe_warmup: 0
STANDARD CASE latency_fill_update_per_layer[3]: 3898368

End of calculation of latency.

Calculating per tile final latency and stall for layer 0 in DRAM: latency_read_drain_per_layer[0] = 246342.70075757577, latency_fill_update_per_layer[0] = 246342.70075757577
Final per tile latency_per_layer[0]: 246,343
Final per tile stall_cycles_per_layer[0]: 0
Ideal case: no stall introduced by this level per this layer: cc_per_all_tiles_per_layer[0]: 246,343
Calculating per tile final latency and stall for layer 1 in DRAM: latency_read_drain_per_layer[1] = 3911904.0, latency_fill_update_per_layer[1] = 3911904.0
Final per tile latency_per_layer[1]: 3,911,904
Final per tile stall_cycles_per_layer[1]: 0
Ideal case: no stall introduced by this level per this layer: cc_per_all_tiles_per_layer[1]: 3,911,904
Calculating per tile final latency and stall for layer 2 in DRAM: latency_read_drain_per_layer[2] = 3911904.0, latency_fill_update_per_layer[2] = 3911904.0
Final per tile latency_per_layer[2]: 3,911,904
Final per tile stall_cycles_per_layer[2]: 0
Ideal case: no stall introduced by this level per this layer: cc_per_all_tiles_per_layer[2]: 3,911,904
Calculating per tile final latency and stall for layer 3 in DRAM: latency_read_drain_per_layer[3] = 3898368, latency_fill_update_per_layer[3] = 3898368
Final per tile latency_per_layer[3]: 3,898,368
Final per tile stall_cycles_per_layer[3]: 0
Ideal case: no stall introduced by this level per this layer: cc_per_all_tiles_per_layer[3]: 3,898,368


Final WMOPs and Latency calculation for Level: DRAM
Level: DRAM, Layer: 0
max_latency_per_layer[0]: 0 before update
level.getSettedLatencyPerLayer[0](): 246,343
Level: DRAM, Layer: 1
max_latency_per_layer[1]: 0 before update
level.getSettedLatencyPerLayer[1](): 3,911,904
Level: DRAM, Layer: 2
max_latency_per_layer[2]: 0 before update
level.getSettedLatencyPerLayer[2](): 3,911,904
Level: DRAM, Layer: 3
max_latency_per_layer[3]: 0 before update
level.getSettedLatencyPerLayer[3](): 3,898,368
Level DRAM: Thesis_4Layers_534528KB_FMEM_16x128_PEs, max_latency (sequential layers): 11,968,519


Final WMOPs and Latency calculation for Level: FeatureMemory
Level: FeatureMemory, Layer: 0
max_latency_per_layer[0]: 246,343 before update
level.getSettedLatencyPerLayer[0](): 19
Level: FeatureMemory, Layer: 1
max_latency_per_layer[1]: 3,911,904 before update
level.getSettedLatencyPerLayer[1](): 77
Level: FeatureMemory, Layer: 2
max_latency_per_layer[2]: 3,911,904 before update
level.getSettedLatencyPerLayer[2](): 77
Level: FeatureMemory, Layer: 3
max_latency_per_layer[3]: 3,898,368 before update
level.getSettedLatencyPerLayer[3](): 520,767
Level FeatureMemory: Thesis_4Layers_534528KB_FMEM_16x128_PEs, max_latency (sequential layers): 11,968,519


Final WMOPs and Latency calculation for Level: WeightMemory
Level: WeightMemory, Layer: 0
max_latency_per_layer[0]: 246,343 before update
level.getSettedLatencyPerLayer[0](): 22
Level: WeightMemory, Layer: 1
max_latency_per_layer[1]: 3,911,904 before update
level.getSettedLatencyPerLayer[1](): 578
Level: WeightMemory, Layer: 2
max_latency_per_layer[2]: 3,911,904 before update
level.getSettedLatencyPerLayer[2](): 578
Level: WeightMemory, Layer: 3
max_latency_per_layer[3]: 3,898,368 before update
level.getSettedLatencyPerLayer[3](): 3,898,368
Level WeightMemory: Thesis_4Layers_534528KB_FMEM_16x128_PEs, max_latency (sequential layers): 11,968,519


Final WMOPs and Latency calculation for Level: SACols_3


Final WMOPs and Latency calculation for Level: SARows_3


Final WMOPs and Latency calculation for Level: SACols_2


Final WMOPs and Latency calculation for Level: SARows_2


Final WMOPs and Latency calculation for Level: SACols_1


Final WMOPs and Latency calculation for Level: SARows_1


Final WMOPs and Latency calculation for Level: SACols_0


Final WMOPs and Latency calculation for Level: SARows_0


Final WMOPs and Latency calculation for Level: WeightRegister
Level: WeightRegister, Layer: 0
max_latency_per_layer[0]: 246,343 before update
level.getSettedLatencyPerLayer[0](): 1
Level: WeightRegister, Layer: 1
max_latency_per_layer[1]: 3,911,904 before update
level.getSettedLatencyPerLayer[1](): 1
Level: WeightRegister, Layer: 2
max_latency_per_layer[2]: 3,911,904 before update
level.getSettedLatencyPerLayer[2](): 1
Level: WeightRegister, Layer: 3
max_latency_per_layer[3]: 3,898,368 before update
level.getSettedLatencyPerLayer[3](): 3,898,368
Level WeightRegister: Thesis_4Layers_534528KB_FMEM_16x128_PEs, max_latency (sequential layers): 11,968,519


Final WMOPs and Latency calculation for Level: AccumulationIntermediateOutputRegister
Level: AccumulationIntermediateOutputRegister, Layer: 0
max_latency_per_layer[0]: 246,343 before update
level.getSettedLatencyPerLayer[0](): 1
Level: AccumulationIntermediateOutputRegister, Layer: 1
max_latency_per_layer[1]: 3,911,904 before update
level.getSettedLatencyPerLayer[1](): 1
Level: AccumulationIntermediateOutputRegister, Layer: 2
max_latency_per_layer[2]: 3,911,904 before update
level.getSettedLatencyPerLayer[2](): 1
Level: AccumulationIntermediateOutputRegister, Layer: 3
max_latency_per_layer[3]: 3,898,368 before update
level.getSettedLatencyPerLayer[3](): 3,898,368
Level AccumulationIntermediateOutputRegister: Thesis_4Layers_534528KB_FMEM_16x128_PEs, max_latency (sequential layers): 11,968,519


Final WMOPs and Latency calculation for Level: AccumulationOutputRegister
Level: AccumulationOutputRegister, Layer: 0
max_latency_per_layer[0]: 246,343 before update
level.getSettedLatencyPerLayer[0](): 1
Level: AccumulationOutputRegister, Layer: 1
max_latency_per_layer[1]: 3,911,904 before update
level.getSettedLatencyPerLayer[1](): 1
Level: AccumulationOutputRegister, Layer: 2
max_latency_per_layer[2]: 3,911,904 before update
level.getSettedLatencyPerLayer[2](): 1
Level: AccumulationOutputRegister, Layer: 3
max_latency_per_layer[3]: 3,898,368 before update
level.getSettedLatencyPerLayer[3](): 3,898,368
Level AccumulationOutputRegister: Thesis_4Layers_534528KB_FMEM_16x128_PEs, max_latency (sequential layers): 11,968,519


Final WMOPs and Latency calculation for Level: Compute
Compute level latency: 1
Compute latency for layer 0: 121,824
Compute latency for layer 1: 3,898,368
Compute latency for layer 2: 3,898,368
Compute latency for layer 3: 3,898,368
max_latency initially: 11968518.700757576
compute_latency from compute level: 11,816,928
max_latency after compute: 11,968,519, before fanout_level

Final condition:
Wart: 1.127e+19
EDP: 1.607e+05 (J*cycle)
DRAM ----------> Q: 18, P: 376, X2: 18, Y2: 376, X1: 18, Y1: 376, X0: 18, Y0: 376
FeatureMemory -
WeightMemory --> Z3: 2, C3: 32, R3: 3, S3: 3, Z2: 2, C2: 32, R2: 3, S2: 3, Z1: 2, C1: 32, R1: 3, S1: 3, Z0: 2, R0: 3, S0: 3
SACols_3 ------> Q: 69
SARows_3 ------> Z3: 16
SACols_2 ------> X2: 69
SARows_2 ------> Z2: 16
SACols_1 ------> X1: 69
SARows_1 ------> Z1: 16
SACols_0 ------> X0: 69
SARows_0 ------> Z0: 16
WeightRegister 
AccumulationIntermediateOutputRegister 
AccumulationOutputRegister 
Compute -------

Visited mappings: 1

Performed moves: 0
é stato chiamato update stats! 




Questo mops è chiamato da update stats
Level: DRAM, arch bypasses for the level: ['int_in', 'int_out'], in_bp: 1, w_bp: 0, out_bp: 1, int_in_bp: 0, int_out_bp: 0
DEBUG updateStats pre scaling: Level DRAM:
  in_reads: 466992
  per_layer_w_reads: {0: 288, 1: 9216, 2: 9216, 3: 9216}
  per_layer_int_in_reads: {0: 0, 1: 0, 2: 0}
  per_layer_int_out_reads: {0: 0, 1: 0, 2: 0}
  per_layer_int_out_writes: {0: 0, 1: 0, 2: 0}
  out_reads: 14943744
  out_writes: 14943744
  out_reads_factors: 1
scale_per_layer[0]: 1, temporal_iterations_per_layer[0]: 1, spatial_iterations_per_layer[0]: 1
DEBUG: results after scaling: Level DRAM: in_reads=466992, w_reads=27936, int_in_reads=0, int_out_reads=0, int_out_writes=0, out_writes=14943744, out_reads=14943744, out_reads_factors=1
DEBUG: Level DRAM adjusted out_reads for no bias read: 0
DEBUG: Level DRAM bypasses intermediate storage
DEBUG updateStats post scaling: Level DRAM:
  in_reads: 466,992
  per_layer_w_reads: {0: 288, 1: 9216, 2: 9216, 3: 9216}
  w_reads: 27,936
  per_layer_int_in_reads: {0: 0, 1: 0, 2: 0}
  per_layer_int_in_writes: {0: 0, 1: 0, 2: 0}
  int_in_reads: 0
  per_layer_int_out_reads: {0: 0, 1: 0, 2: 0}
  per_layer_int_out_writes: {0: 0, 1: 0, 2: 0}
  int_out_reads: 0
  out_reads: 0
  out_writes: 14,943,744
  out_reads_factors: 1
in_writes: 0, w_writes: 0, int_in_writes: 0, int_out_writes: 0, out_writes: 14943744
Name of the level: DRAM, level active instances per layer: {0: 1, 1: 1, 2: 1, 3: 1}, level active instances: 1
Level DRAM, Layer 0: total_reads = 467280, total_writes = 0
Level DRAM, Layer 1: total_reads = 9216, total_writes = 0
Level DRAM, Layer 2: total_reads = 9216, total_writes = 0
DEBUG: Level DRAM, Layer 3, per_layer_int_in_reads2: 0, per_layer_w_reads3: 9216, out_reads: 0
Level DRAM, Layer 3: total_reads = 9216, total_writes = 14943744
Check: Per Layer Total reads: {0: 467280, 1: 9216, 2: 9216, 3: 9216}, total: 494928
Check: Per Layer Total writes: {0: 0, 1: 0, 2: 0, 3: 14943744}, 
 total: 14943744
Level DRAM total WMOPs from per layer sum: 494,037,504.000
Level DRAM total WMOPs from total reads/writes: 494,037,504.000
End first part of update for level: DRAM



Questo mops è chiamato da update stats
Level: FeatureMemory, arch bypasses for the level: ['w'], in_bp: 0, w_bp: 0, out_bp: 0, int_in_bp: 0, int_out_bp: 0
DEBUG updateStats pre scaling: Level FeatureMemory:
  in_reads: 1242
  per_layer_w_reads: {0: 0, 1: 0, 2: 0, 3: 0}
  per_layer_int_in_reads: {0: 39744, 1: 39744, 2: 39744}
  per_layer_int_out_reads: {0: 2208, 1: 2208, 2: 2208}
  per_layer_int_out_writes: {0: 2208, 1: 2208, 2: 2208}
  out_reads: 2208
  out_writes: 2208
  out_reads_factors: 1
scale_per_layer[0]: 6768, temporal_iterations_per_layer[0]: 6768, spatial_iterations_per_layer[0]: 1
DEBUG: results after scaling: Level FeatureMemory: in_reads=8405856, w_reads=0, int_in_reads=806962176, int_out_reads=44831232, int_out_writes=44831232, out_writes=14943744, out_reads=14943744, out_reads_factors=1
DEBUG: Level FeatureMemory adjusted out_reads for no bias read: 0
DEBUG updateStats post scaling: Level FeatureMemory:
  in_reads: 8,405,856
  per_layer_w_reads: {0: 0, 1: 0, 2: 0, 3: 0}
  w_reads: 0
  per_layer_int_in_reads: {0: 268987392, 1: 268987392, 2: 268987392}
  per_layer_int_in_writes: {0: 0, 1: 0, 2: 0}
  int_in_reads: 806,962,176
  per_layer_int_out_reads: {0: 14943744, 1: 14943744, 2: 14943744}
  per_layer_int_out_writes: {0: 14943744, 1: 14943744, 2: 14943744}
  int_out_reads: 44,831,232
  out_reads: 14,943,744
  out_writes: 14,943,744
  out_reads_factors: 1
in_writes: 466992, w_writes: 0, int_in_writes: 0, int_out_writes: 44831232, out_writes: 14943744
Name of the level: FeatureMemory, level active instances per layer: {0: 1, 1: 1, 2: 1, 3: 1}, level active instances: 1
Level FeatureMemory, Layer 0: total_reads = 23349600, total_writes = 15410736
Level FeatureMemory, Layer 1: total_reads = 283931136, total_writes = 14943744
Level FeatureMemory, Layer 2: total_reads = 283931136, total_writes = 14943744
DEBUG: Level FeatureMemory, Layer 3, per_layer_int_in_reads2: 268987392, per_layer_w_reads3: 0, out_reads: 14943744
Level FeatureMemory, Layer 3: total_reads = 283931136, total_writes = 14943744
Check: Per Layer Total reads: {0: 23349600, 1: 283931136, 2: 283931136, 3: 283931136}, total: 875143008
Check: Per Layer Total writes: {0: 15410736, 1: 14943744, 2: 14943744, 3: 14943744}, 
 total: 60241968
Level FeatureMemory total WMOPs from per layer sum: 927,251,843.510
Level FeatureMemory total WMOPs from total reads/writes: 927,251,843.510
End first part of update for level: FeatureMemory



Questo mops è chiamato da update stats
Level: WeightMemory, arch bypasses for the level: ['in', 'int_in', 'int_out', 'out'], in_bp: 0, w_bp: 1, out_bp: 0, int_in_bp: 0, int_out_bp: 0
DEBUG updateStats pre scaling: Level WeightMemory:
  in_reads: 0
  per_layer_w_reads: {0: 288, 1: 9216, 2: 9216, 3: 9216}
  per_layer_int_in_reads: {0: 0, 1: 0, 2: 0}
  per_layer_int_out_reads: {0: 0, 1: 0, 2: 0}
  per_layer_int_out_writes: {0: 0, 1: 0, 2: 0}
  out_reads: 0
  out_writes: 0
  out_reads_factors: 0
scale_per_layer[0] = 6768, temporal_iterations_per_layer[0] = 6768, spatial_iterations_per_layer[0] = 1
scale_per_layer[0]: 6768, temporal_iterations_per_layer[0]: 6768, spatial_iterations_per_layer[0]: 1
DEBUG: results after scaling: Level WeightMemory: in_reads=0, w_reads=189070848, int_in_reads=0, int_out_reads=0, int_out_writes=0, out_writes=0, out_reads=0, out_reads_factors=0
DEBUG: Level WeightMemory bypasses intermediate storage
DEBUG updateStats post scaling: Level WeightMemory:
  in_reads: 0
  per_layer_w_reads: {0: 1949184, 1: 62373888, 2: 62373888, 3: 62373888}
  w_reads: 189,070,848
  per_layer_int_in_reads: {0: 0, 1: 0, 2: 0}
  per_layer_int_in_writes: {0: 0, 1: 0, 2: 0}
  int_in_reads: 0
  per_layer_int_out_reads: {0: 0, 1: 0, 2: 0}
  per_layer_int_out_writes: {0: 0, 1: 0, 2: 0}
  int_out_reads: 0
  out_reads: 0
  out_writes: 0
  out_reads_factors: 0
in_writes: 0, w_writes: 27936, int_in_writes: 0, int_out_writes: 0, out_writes: 0
Name of the level: WeightMemory, level active instances per layer: {0: 1, 1: 1, 2: 1, 3: 1}, level active instances: 1
Level WeightMemory, Layer 0: total_reads = 1949184, total_writes = 288
Level WeightMemory, Layer 1: total_reads = 62373888, total_writes = 9216
Level WeightMemory, Layer 2: total_reads = 62373888, total_writes = 9216
DEBUG: Level WeightMemory, Layer 3, per_layer_int_in_reads2: 0, per_layer_w_reads3: 62373888, out_reads: 0
Level WeightMemory, Layer 3: total_reads = 62373888, total_writes = 9216
Check: Per Layer Total reads: {0: 1949184, 1: 62373888, 2: 62373888, 3: 62373888}, total: 189070848
Check: Per Layer Total writes: {0: 288, 1: 9216, 2: 9216, 3: 9216}, 
 total: 27936
Level WeightMemory total WMOPs from per layer sum: 957,913,561.308
Level WeightMemory total WMOPs from total reads/writes: 957,913,561.308
End first part of update for level: WeightMemory



Calculating Fanout Level: SACols_3, updating spatial and last reads
Fanout Level SACols_3, Layer 3, dim Q, layer_iterations: 69
End of the first part of Update Stats for fanout level: SACols_3


Calculating Fanout Level: SARows_3, updating spatial and last reads
Fanout Level SARows_3, Layer 3, dim Z3, layer_iterations: 16
End of the first part of Update Stats for fanout level: SARows_3


Calculating Fanout Level: SACols_2, updating spatial and last reads
Fanout Level SACols_2, Layer 2, dim X2, layer_iterations: 69
End of the first part of Update Stats for fanout level: SACols_2


Calculating Fanout Level: SARows_2, updating spatial and last reads
Fanout Level SARows_2, Layer 2, dim Z2, layer_iterations: 16
End of the first part of Update Stats for fanout level: SARows_2


Calculating Fanout Level: SACols_1, updating spatial and last reads
Fanout Level SACols_1, Layer 1, dim X1, layer_iterations: 69
End of the first part of Update Stats for fanout level: SACols_1


Calculating Fanout Level: SARows_1, updating spatial and last reads
Fanout Level SARows_1, Layer 1, dim Z1, layer_iterations: 16
End of the first part of Update Stats for fanout level: SARows_1


Calculating Fanout Level: SACols_0, updating spatial and last reads
Fanout Level SACols_0, Layer 0, dim X0, layer_iterations: 69
End of the first part of Update Stats for fanout level: SACols_0


Calculating Fanout Level: SARows_0, updating spatial and last reads
Fanout Level SARows_0, Layer 0, dim Z0, layer_iterations: 16
End of the first part of Update Stats for fanout level: SARows_0


Questo mops è chiamato da update stats
Level: WeightRegister, arch bypasses for the level: ['in', 'int_in', 'int_out', 'out'], in_bp: 0, w_bp: 0, out_bp: 0, int_in_bp: 0, int_out_bp: 0
DEBUG updateStats pre scaling: Level WeightRegister:
  in_reads: 0
  per_layer_w_reads: {0: 1, 1: 1, 2: 1, 3: 1}
  per_layer_int_in_reads: {0: 0, 1: 0, 2: 0}
  per_layer_int_out_reads: {0: 0, 1: 0, 2: 0}
  per_layer_int_out_writes: {0: 0, 1: 0, 2: 0}
  out_reads: 0
  out_writes: 0
  out_reads_factors: 0
scale_per_layer[0]: 134493696, temporal_iterations_per_layer[0]: 121824, spatial_iterations_per_layer[0]: 1104
DEBUG: results after scaling: Level WeightRegister: in_reads=0, w_reads=13045888512, int_in_reads=0, int_out_reads=0, int_out_writes=0, out_writes=0, out_reads=0, out_reads_factors=0
DEBUG: Level WeightRegister bypasses intermediate storage
DEBUG updateStats post scaling: Level WeightRegister:
  in_reads: 0
  per_layer_w_reads: {0: 134493696, 1: 4303798272, 2: 4303798272, 3: 4303798272}
  w_reads: 13,045,888,512
  per_layer_int_in_reads: {0: 0, 1: 0, 2: 0}
  per_layer_int_in_writes: {0: 0, 1: 0, 2: 0}
  int_in_reads: 0
  per_layer_int_out_reads: {0: 0, 1: 0, 2: 0}
  per_layer_int_out_writes: {0: 0, 1: 0, 2: 0}
  int_out_reads: 0
  out_reads: 0
  out_writes: 0
  out_reads_factors: 0
in_writes: 0, w_writes: 13045888512, int_in_writes: 0, int_out_writes: 0, out_writes: 0
Name of the level: WeightRegister, level active instances per layer: {0: 1104, 1: 1104, 2: 1104, 3: 1104}, level active instances: 1485512441856
Level WeightRegister, Layer 0: total_reads = 134493696, total_writes = 134493696
Level WeightRegister, Layer 1: total_reads = 4303798272, total_writes = 4303798272
Level WeightRegister, Layer 2: total_reads = 4303798272, total_writes = 4303798272
DEBUG: Level WeightRegister, Layer 3, per_layer_int_in_reads2: 0, per_layer_w_reads3: 4303798272, out_reads: 0
Level WeightRegister, Layer 3: total_reads = 4303798272, total_writes = 4303798272
Check: Per Layer Total reads: {0: 134493696, 1: 4303798272, 2: 4303798272, 3: 4303798272}, total: 13045888512
Check: Per Layer Total writes: {0: 134493696, 1: 4303798272, 2: 4303798272, 3: 4303798272}, 
 total: 13045888512
Level WeightRegister total WMOPs from per layer sum: 5,188,605,515.266
Level WeightRegister total WMOPs from total reads/writes: 5,188,605,515.266
End first part of update for level: WeightRegister



Questo mops è chiamato da update stats
Level: AccumulationIntermediateOutputRegister, arch bypasses for the level: ['in', 'w', 'out', 'int_in'], in_bp: 0, w_bp: 0, out_bp: 0, int_in_bp: 0, int_out_bp: 0
DEBUG updateStats pre scaling: Level AccumulationIntermediateOutputRegister:
  in_reads: 0
  per_layer_w_reads: {0: 0, 1: 0, 2: 0, 3: 0}
  per_layer_int_in_reads: {0: 0, 1: 0, 2: 0}
  per_layer_int_out_reads: {0: 1, 1: 1, 2: 1}
  per_layer_int_out_writes: {0: 1, 1: 1, 2: 1}
  out_reads: 0
  out_writes: 0
  out_reads_factors: 0
scale_per_layer[0]: 134493696, temporal_iterations_per_layer[0]: 121824, spatial_iterations_per_layer[0]: 1104
DEBUG: results after scaling: Level AccumulationIntermediateOutputRegister: in_reads=0, w_reads=0, int_in_reads=0, int_out_reads=8742090240, int_out_writes=8742090240, out_writes=0, out_reads=0, out_reads_factors=0
DEBUG updateStats post scaling: Level AccumulationIntermediateOutputRegister:
  in_reads: 0
  per_layer_w_reads: {0: 0, 1: 0, 2: 0, 3: 0}
  w_reads: 0
  per_layer_int_in_reads: {0: 0, 1: 0, 2: 0}
  per_layer_int_in_writes: {0: 0, 1: 0, 2: 0}
  int_in_reads: 0
  per_layer_int_out_reads: {0: 149437440, 1: 4318742016, 2: 4318742016}
  per_layer_int_out_writes: {0: 149437440, 1: 4318742016, 2: 4318742016}
  int_out_reads: 8,742,090,240
  out_reads: 0
  out_writes: 0
  out_reads_factors: 0
in_writes: 0, w_writes: 0, int_in_writes: 0, int_out_writes: 8742090240, out_writes: 0
Name of the level: AccumulationIntermediateOutputRegister, level active instances per layer: {0: 1104, 1: 1104, 2: 1104, 3: 1104}, level active instances: 1485512441856
Level AccumulationIntermediateOutputRegister, Layer 0: total_reads = 149437440, total_writes = 149437440
Level AccumulationIntermediateOutputRegister, Layer 1: total_reads = 4318742016, total_writes = 4318742016
Level AccumulationIntermediateOutputRegister, Layer 2: total_reads = 4318742016, total_writes = 4318742016
DEBUG: Level AccumulationIntermediateOutputRegister, Layer 3, per_layer_int_in_reads2: 0, per_layer_w_reads3: 0, out_reads: 0
Level AccumulationIntermediateOutputRegister, Layer 3: total_reads = 0, total_writes = 0
Check: Per Layer Total reads: {0: 149437440, 1: 4318742016, 2: 4318742016, 3: 0}, total: 8786921472
Check: Per Layer Total writes: {0: 149437440, 1: 4318742016, 2: 4318742016, 3: 0}, 
 total: 8786921472
Level AccumulationIntermediateOutputRegister total WMOPs from per layer sum: 8,750,202,767.686
Level AccumulationIntermediateOutputRegister total WMOPs from total reads/writes: 8,732,031,353.133
End first part of update for level: AccumulationIntermediateOutputRegister



Questo mops è chiamato da update stats
Level: AccumulationOutputRegister, arch bypasses for the level: ['in', 'w', 'int_in', 'int_out'], in_bp: 0, w_bp: 0, out_bp: 1, int_in_bp: 0, int_out_bp: 0
DEBUG updateStats pre scaling: Level AccumulationOutputRegister:
  in_reads: 0
  per_layer_w_reads: {0: 0, 1: 0, 2: 0, 3: 0}
  per_layer_int_in_reads: {0: 0, 1: 0, 2: 0}
  per_layer_int_out_reads: {0: 0, 1: 0, 2: 0}
  per_layer_int_out_writes: {0: 0, 1: 0, 2: 0}
  out_reads: 1
  out_writes: 1
  out_reads_factors: 1
scale_per_layer[0]: 134493696, temporal_iterations_per_layer[0]: 121824, spatial_iterations_per_layer[0]: 1104
DEBUG: results after scaling: Level AccumulationOutputRegister: in_reads=0, w_reads=0, int_in_reads=0, int_out_reads=0, int_out_writes=0, out_writes=4303798272, out_reads=4303798272, out_reads_factors=288
DEBUG: Level AccumulationOutputRegister adjusted out_reads for no bias read: 4288854528
DEBUG: Level AccumulationOutputRegister bypasses intermediate storage
DEBUG updateStats post scaling: Level AccumulationOutputRegister:
  in_reads: 0
  per_layer_w_reads: {0: 0, 1: 0, 2: 0, 3: 0}
  w_reads: 0
  per_layer_int_in_reads: {0: 0, 1: 0, 2: 0}
  per_layer_int_in_writes: {0: 0, 1: 0, 2: 0}
  int_in_reads: 0
  per_layer_int_out_reads: {0: 0, 1: 0, 2: 0}
  per_layer_int_out_writes: {0: 0, 1: 0, 2: 0}
  int_out_reads: 0
  out_reads: 4,303,798,272
  out_writes: 4,303,798,272
  out_reads_factors: 288
in_writes: 0, w_writes: 0, int_in_writes: 0, int_out_writes: 0, out_writes: 4303798272
Name of the level: AccumulationOutputRegister, level active instances per layer: {0: 1104, 1: 1104, 2: 1104, 3: 1104}, level active instances: 1485512441856
Level AccumulationOutputRegister, Layer 0: total_reads = 0, total_writes = 0
Level AccumulationOutputRegister, Layer 1: total_reads = 0, total_writes = 0
Level AccumulationOutputRegister, Layer 2: total_reads = 0, total_writes = 0
DEBUG: Level AccumulationOutputRegister, Layer 3, per_layer_int_in_reads2: 0, per_layer_w_reads3: 0, out_reads: 4303798272
Level AccumulationOutputRegister, Layer 3: total_reads = 4303798272, total_writes = 4303798272
Check: Per Layer Total reads: {0: 0, 1: 0, 2: 0, 3: 4303798272}, total: 4303798272
Check: Per Layer Total writes: {0: 0, 1: 0, 2: 0, 3: 4303798272}, 
 total: 4303798272
Level AccumulationOutputRegister total WMOPs from per layer sum: 10,494,658,564.790
Level AccumulationOutputRegister total WMOPs from total reads/writes: 10,476,487,150.237
End first part of update for level: AccumulationOutputRegister



Calculating WMOPs for Compute Level
Compute Level Compute WMOPs_per_layer: {0: 167649412.3117145, 1: 4262784087.055942, 2: 4262784087.055942, 3: 4734926756.871554}
WMOPs_till_now before compute level: 10,494,658,564.790
Compute Level Compute total WMOPs from per layer sum: 13428144343.295155
Compute Level Compute total WMOPs: 2.4108376953183185e+36
Total WMOPs after adding compute level: 23922802908.084877
END FIRST PART OF UPDATE STATS


First cc_per_tile, it is from compute = 1
First cc_per_tile_per_layer it is from compute = {0: 1, 1: 1, 2: 1, 3: 1}


Calculating Latency for Level: AccumulationOutputRegister

Latency for layer: 0 of Level: AccumulationOutputRegister
level.active_instances_per_layer[0]: 1104
level.temporal_iterations_per_layer[0]: 121824
Scaling per layer[0]: 134,493,696
Single Tile latency: cc_per_tile_per_layer[0]: 1
Ideal Case, Latency at this level without stalls: cc_per_all_tiles_per_layer[0]: 1
SCALED cc_per_all_tiles_per_layer[0]: 134,493,696
level.getReadPerLayer[0](): 0
  (For comparison - full reads including accumulation: 0)
ideal_bandwidth_read_per_layer[0]: 0.0
level.getDrainPerLayer[0](): 0
ideal_bandwidth_drain_per_layer[0]: 0.0
ideal_bandwidth_update_per_layer[0]: 0.0
  (For comparison - full updates including accumulation: 0)
level.getFillPerLayer[0](): 0
ideal_bandwidth_fill_per_layer[0]: 0.0

Latency for layer: 1 of Level: AccumulationOutputRegister
level.active_instances_per_layer[1]: 1104
level.temporal_iterations_per_layer[1]: 3898368
Scaling per layer[1]: 4,303,798,272
Single Tile latency: cc_per_tile_per_layer[1]: 1
Ideal Case, Latency at this level without stalls: cc_per_all_tiles_per_layer[1]: 1
SCALED cc_per_all_tiles_per_layer[1]: 4,303,798,272
level.getReadPerLayer[1](): 0
  (For comparison - full reads including accumulation: 0)
ideal_bandwidth_read_per_layer[1]: 0.0
level.getDrainPerLayer[1](): 0
ideal_bandwidth_drain_per_layer[1]: 0.0
ideal_bandwidth_update_per_layer[1]: 0.0
  (For comparison - full updates including accumulation: 0)
level.getFillPerLayer[1](): 0
ideal_bandwidth_fill_per_layer[1]: 0.0

Latency for layer: 2 of Level: AccumulationOutputRegister
level.active_instances_per_layer[2]: 1104
level.temporal_iterations_per_layer[2]: 3898368
Scaling per layer[2]: 4,303,798,272
Single Tile latency: cc_per_tile_per_layer[2]: 1
Ideal Case, Latency at this level without stalls: cc_per_all_tiles_per_layer[2]: 1
SCALED cc_per_all_tiles_per_layer[2]: 4,303,798,272
level.getReadPerLayer[2](): 0
  (For comparison - full reads including accumulation: 0)
ideal_bandwidth_read_per_layer[2]: 0.0
level.getDrainPerLayer[2](): 0
ideal_bandwidth_drain_per_layer[2]: 0.0
ideal_bandwidth_update_per_layer[2]: 0.0
  (For comparison - full updates including accumulation: 0)
level.getFillPerLayer[2](): 0
ideal_bandwidth_fill_per_layer[2]: 0.0

Latency for layer: 3 of Level: AccumulationOutputRegister
level.active_instances_per_layer[3]: 1104
level.temporal_iterations_per_layer[3]: 3898368
Scaling per layer[3]: 4,303,798,272
Single Tile latency: cc_per_tile_per_layer[3]: 1
Ideal Case, Latency at this level without stalls: cc_per_all_tiles_per_layer[3]: 1
SCALED cc_per_all_tiles_per_layer[3]: 4,303,798,272
level.getReadPerLayer[3](): 4,288,854,528
  (For comparison - full reads including accumulation: 4,288,854,528)
ideal_bandwidth_read_per_layer[3]: 0.9965277777777778
level.getDrainPerLayer[3](): 14,943,744
ideal_bandwidth_drain_per_layer[3]: 0.003472222222222222
ideal_bandwidth_update_per_layer[3]: 1.0
  (For comparison - full updates including accumulation: 4,303,798,272)
level.getFillPerLayer[3](): 0
ideal_bandwidth_fill_per_layer[3]: 0.0

Start of calculation of latency:


Layer_id: 0 in AccumulationOutputRegister

ideal_bandwidth_read_per_layer[0] + ideal_bandwidth_drain_per_layer[0]: 0.0 vs level.read_bandwidth: 1
I am in Compute Bound
cc_per_all_tiles_per_layer[0]: 1
STANDARD CASE latency_read_drain_per_layer[0]: 1

ideal_bandwidth_fill_per_layer[0] + ideal_bandwidth_update_per_layer[0]: 0.0 vs level.write_bandwidth: 1
previous_fanout_pe_to_pe_warmup: 0
STANDARD CASE latency_fill_update_per_layer[0]: 1


Layer_id: 1 in AccumulationOutputRegister

ideal_bandwidth_read_per_layer[1] + ideal_bandwidth_drain_per_layer[1]: 0.0 vs level.read_bandwidth: 1
I am in Compute Bound
cc_per_all_tiles_per_layer[1]: 1
STANDARD CASE latency_read_drain_per_layer[1]: 1

ideal_bandwidth_fill_per_layer[1] + ideal_bandwidth_update_per_layer[1]: 0.0 vs level.write_bandwidth: 1
previous_fanout_pe_to_pe_warmup: 0
STANDARD CASE latency_fill_update_per_layer[1]: 1


Layer_id: 2 in AccumulationOutputRegister

ideal_bandwidth_read_per_layer[2] + ideal_bandwidth_drain_per_layer[2]: 0.0 vs level.read_bandwidth: 1
I am in Compute Bound
cc_per_all_tiles_per_layer[2]: 1
STANDARD CASE latency_read_drain_per_layer[2]: 1

ideal_bandwidth_fill_per_layer[2] + ideal_bandwidth_update_per_layer[2]: 0.0 vs level.write_bandwidth: 1
previous_fanout_pe_to_pe_warmup: 0
STANDARD CASE latency_fill_update_per_layer[2]: 1


Layer_id: 3 in AccumulationOutputRegister

ideal_bandwidth_read_per_layer[3] + ideal_bandwidth_drain_per_layer[3]: 1.0 vs level.read_bandwidth: 1
I am in Compute Bound
cc_per_all_tiles_per_layer[3]: 1
STANDARD CASE latency_read_drain_per_layer[3]: 1

ideal_bandwidth_fill_per_layer[3] + ideal_bandwidth_update_per_layer[3]: 1.0 vs level.write_bandwidth: 1
previous_fanout_pe_to_pe_warmup: 0
STANDARD CASE latency_fill_update_per_layer[3]: 1

End of calculation of latency.

Calculating per tile final latency and stall for layer 0 in AccumulationOutputRegister: latency_read_drain_per_layer[0] = 1, latency_fill_update_per_layer[0] = 1
Final per tile latency_per_layer[0]: 1
Final per tile stall_cycles_per_layer[0]: 0
Ideal case: no stall introduced by this level per this layer: cc_per_all_tiles_per_layer[0]: 1
Calculating per tile final latency and stall for layer 1 in AccumulationOutputRegister: latency_read_drain_per_layer[1] = 1, latency_fill_update_per_layer[1] = 1
Final per tile latency_per_layer[1]: 1
Final per tile stall_cycles_per_layer[1]: 0
Ideal case: no stall introduced by this level per this layer: cc_per_all_tiles_per_layer[1]: 1
Calculating per tile final latency and stall for layer 2 in AccumulationOutputRegister: latency_read_drain_per_layer[2] = 1, latency_fill_update_per_layer[2] = 1
Final per tile latency_per_layer[2]: 1
Final per tile stall_cycles_per_layer[2]: 0
Ideal case: no stall introduced by this level per this layer: cc_per_all_tiles_per_layer[2]: 1
Calculating per tile final latency and stall for layer 3 in AccumulationOutputRegister: latency_read_drain_per_layer[3] = 1, latency_fill_update_per_layer[3] = 1
Final per tile latency_per_layer[3]: 1
Final per tile stall_cycles_per_layer[3]: 0
Ideal case: no stall introduced by this level per this layer: cc_per_all_tiles_per_layer[3]: 1


Calculating Latency for Level: AccumulationIntermediateOutputRegister

Latency for layer: 0 of Level: AccumulationIntermediateOutputRegister
level.active_instances_per_layer[0]: 1104
level.temporal_iterations_per_layer[0]: 121824
Scaling per layer[0]: 134,493,696
Single Tile latency: cc_per_tile_per_layer[0]: 1
Ideal Case, Latency at this level without stalls: cc_per_all_tiles_per_layer[0]: 1
SCALED cc_per_all_tiles_per_layer[0]: 134,493,696
level.getReadPerLayer[0](): 149,437,440
  (For comparison - full reads including accumulation: 149,437,440)
ideal_bandwidth_read_per_layer[0]: 1.1111111111111112
level.getDrainPerLayer[0](): 14,943,744
ideal_bandwidth_drain_per_layer[0]: 0.1111111111111111
ideal_bandwidth_update_per_layer[0]: 1.0
  (For comparison - full updates including accumulation: 134,493,696)
level.getFillPerLayer[0](): 14,943,744
ideal_bandwidth_fill_per_layer[0]: 0.1111111111111111

Latency for layer: 1 of Level: AccumulationIntermediateOutputRegister
level.active_instances_per_layer[1]: 1104
level.temporal_iterations_per_layer[1]: 3898368
Scaling per layer[1]: 4,303,798,272
Single Tile latency: cc_per_tile_per_layer[1]: 1
Ideal Case, Latency at this level without stalls: cc_per_all_tiles_per_layer[1]: 1
SCALED cc_per_all_tiles_per_layer[1]: 4,303,798,272
level.getReadPerLayer[1](): 4,303,798,272
  (For comparison - full reads including accumulation: 4,303,798,272)
ideal_bandwidth_read_per_layer[1]: 1.0
level.getDrainPerLayer[1](): 14,943,744
ideal_bandwidth_drain_per_layer[1]: 0.003472222222222222
ideal_bandwidth_update_per_layer[1]: 1.0
  (For comparison - full updates including accumulation: 4,303,798,272)
level.getFillPerLayer[1](): 14,943,744
ideal_bandwidth_fill_per_layer[1]: 0.003472222222222222

Latency for layer: 2 of Level: AccumulationIntermediateOutputRegister
level.active_instances_per_layer[2]: 1104
level.temporal_iterations_per_layer[2]: 3898368
Scaling per layer[2]: 4,303,798,272
Single Tile latency: cc_per_tile_per_layer[2]: 1
Ideal Case, Latency at this level without stalls: cc_per_all_tiles_per_layer[2]: 1
SCALED cc_per_all_tiles_per_layer[2]: 4,303,798,272
level.getReadPerLayer[2](): 4,303,798,272
  (For comparison - full reads including accumulation: 4,303,798,272)
ideal_bandwidth_read_per_layer[2]: 1.0
level.getDrainPerLayer[2](): 14,943,744
ideal_bandwidth_drain_per_layer[2]: 0.003472222222222222
ideal_bandwidth_update_per_layer[2]: 1.0
  (For comparison - full updates including accumulation: 4,303,798,272)
level.getFillPerLayer[2](): 14,943,744
ideal_bandwidth_fill_per_layer[2]: 0.003472222222222222

Latency for layer: 3 of Level: AccumulationIntermediateOutputRegister
level.active_instances_per_layer[3]: 1104
level.temporal_iterations_per_layer[3]: 3898368
Scaling per layer[3]: 4,303,798,272
Single Tile latency: cc_per_tile_per_layer[3]: 1
Ideal Case, Latency at this level without stalls: cc_per_all_tiles_per_layer[3]: 1
SCALED cc_per_all_tiles_per_layer[3]: 4,303,798,272
level.getReadPerLayer[3](): 0
  (For comparison - full reads including accumulation: 0)
ideal_bandwidth_read_per_layer[3]: 0.0
level.getDrainPerLayer[3](): 0
ideal_bandwidth_drain_per_layer[3]: 0.0
ideal_bandwidth_update_per_layer[3]: 0.0
  (For comparison - full updates including accumulation: 0)
level.getFillPerLayer[3](): 0
ideal_bandwidth_fill_per_layer[3]: 0.0

Start of calculation of latency:


Layer_id: 0 in AccumulationIntermediateOutputRegister

ideal_bandwidth_read_per_layer[0] + ideal_bandwidth_drain_per_layer[0]: 1.2222222222222223 vs level.read_bandwidth: 1
I am in Slowdown: Memory Bound
ideal_bandwidth_read_per_layer[0]: 1.1111111111111112
ideal_bandwidth_drain_per_layer[0]: 0.1111111111111111
level.read_bandwidth: 1
total data (for bandwidth): 164381184
scaling_per_layer[0]: 134493696
SLOWDOWN CASE latency_read_drain_per_layer[0]: 1.2222222222222223

ideal_bandwidth_fill_per_layer[0] + ideal_bandwidth_update_per_layer[0]: 1.1111111111111112 vs level.write_bandwidth: 1
ideal_bandwidth_fill_per_layer[0]: 0.1111111111111111
ideal_bandwidth_update_per_layer[0]: 1.0
level.write_bandwidth: 1
total data (for bandwidth): 149437440
scaling_per_layer[0]: 134493696
SLOWDOWN CASE latency_fill_update_per_layer[0]: 1.1111111111111112


Layer_id: 1 in AccumulationIntermediateOutputRegister

ideal_bandwidth_read_per_layer[1] + ideal_bandwidth_drain_per_layer[1]: 1.0034722222222223 vs level.read_bandwidth: 1
I am in Slowdown: Memory Bound
ideal_bandwidth_read_per_layer[1]: 1.0
ideal_bandwidth_drain_per_layer[1]: 0.003472222222222222
level.read_bandwidth: 1
total data (for bandwidth): 4318742016
scaling_per_layer[1]: 4303798272
SLOWDOWN CASE latency_read_drain_per_layer[1]: 1.0034722222222223

ideal_bandwidth_fill_per_layer[1] + ideal_bandwidth_update_per_layer[1]: 1.0034722222222223 vs level.write_bandwidth: 1
ideal_bandwidth_fill_per_layer[1]: 0.003472222222222222
ideal_bandwidth_update_per_layer[1]: 1.0
level.write_bandwidth: 1
total data (for bandwidth): 4318742016
scaling_per_layer[1]: 4303798272
SLOWDOWN CASE latency_fill_update_per_layer[1]: 1.0034722222222223


Layer_id: 2 in AccumulationIntermediateOutputRegister

ideal_bandwidth_read_per_layer[2] + ideal_bandwidth_drain_per_layer[2]: 1.0034722222222223 vs level.read_bandwidth: 1
I am in Slowdown: Memory Bound
ideal_bandwidth_read_per_layer[2]: 1.0
ideal_bandwidth_drain_per_layer[2]: 0.003472222222222222
level.read_bandwidth: 1
total data (for bandwidth): 4318742016
scaling_per_layer[2]: 4303798272
SLOWDOWN CASE latency_read_drain_per_layer[2]: 1.0034722222222223

ideal_bandwidth_fill_per_layer[2] + ideal_bandwidth_update_per_layer[2]: 1.0034722222222223 vs level.write_bandwidth: 1
ideal_bandwidth_fill_per_layer[2]: 0.003472222222222222
ideal_bandwidth_update_per_layer[2]: 1.0
level.write_bandwidth: 1
total data (for bandwidth): 4318742016
scaling_per_layer[2]: 4303798272
SLOWDOWN CASE latency_fill_update_per_layer[2]: 1.0034722222222223


Layer_id: 3 in AccumulationIntermediateOutputRegister

ideal_bandwidth_read_per_layer[3] + ideal_bandwidth_drain_per_layer[3]: 0.0 vs level.read_bandwidth: 1
I am in Compute Bound
cc_per_all_tiles_per_layer[3]: 1
STANDARD CASE latency_read_drain_per_layer[3]: 1

ideal_bandwidth_fill_per_layer[3] + ideal_bandwidth_update_per_layer[3]: 0.0 vs level.write_bandwidth: 1
previous_fanout_pe_to_pe_warmup: 0
STANDARD CASE latency_fill_update_per_layer[3]: 1

End of calculation of latency.

Calculating per tile final latency and stall for layer 0 in AccumulationIntermediateOutputRegister: latency_read_drain_per_layer[0] = 1.2222222222222223, latency_fill_update_per_layer[0] = 1.1111111111111112
Final per tile latency_per_layer[0]: 1
Final per tile stall_cycles_per_layer[0]: 0
Ideal case: no stall introduced by this level per this layer: cc_per_all_tiles_per_layer[0]: 1
Calculating per tile final latency and stall for layer 1 in AccumulationIntermediateOutputRegister: latency_read_drain_per_layer[1] = 1.0034722222222223, latency_fill_update_per_layer[1] = 1.0034722222222223
Final per tile latency_per_layer[1]: 1
Final per tile stall_cycles_per_layer[1]: 0
Ideal case: no stall introduced by this level per this layer: cc_per_all_tiles_per_layer[1]: 1
Calculating per tile final latency and stall for layer 2 in AccumulationIntermediateOutputRegister: latency_read_drain_per_layer[2] = 1.0034722222222223, latency_fill_update_per_layer[2] = 1.0034722222222223
Final per tile latency_per_layer[2]: 1
Final per tile stall_cycles_per_layer[2]: 0
Ideal case: no stall introduced by this level per this layer: cc_per_all_tiles_per_layer[2]: 1
Calculating per tile final latency and stall for layer 3 in AccumulationIntermediateOutputRegister: latency_read_drain_per_layer[3] = 1, latency_fill_update_per_layer[3] = 1
Final per tile latency_per_layer[3]: 1
Final per tile stall_cycles_per_layer[3]: 0
Ideal case: no stall introduced by this level per this layer: cc_per_all_tiles_per_layer[3]: 1


Calculating Latency for Level: WeightRegister

Latency for layer: 0 of Level: WeightRegister
level.active_instances_per_layer[0]: 1104
level.temporal_iterations_per_layer[0]: 121824
Scaling per layer[0]: 134,493,696
Single Tile latency: cc_per_tile_per_layer[0]: 1.2222222222222223
Ideal Case, Latency at this level without stalls: cc_per_all_tiles_per_layer[0]: 1.2222222222222223
SCALED cc_per_all_tiles_per_layer[0]: 164,381,184
level.getReadPerLayer[0](): 134,493,696
  (For comparison - full reads including accumulation: 134,493,696)
ideal_bandwidth_read_per_layer[0]: 0.8181818181818182
level.getDrainPerLayer[0](): 0
ideal_bandwidth_drain_per_layer[0]: 0.0
ideal_bandwidth_update_per_layer[0]: 0.0
  (For comparison - full updates including accumulation: 0)
level.getFillPerLayer[0](): 134,493,696
ideal_bandwidth_fill_per_layer[0]: 0.8181818181818182

Latency for layer: 1 of Level: WeightRegister
level.active_instances_per_layer[1]: 1104
level.temporal_iterations_per_layer[1]: 3898368
Scaling per layer[1]: 4,303,798,272
Single Tile latency: cc_per_tile_per_layer[1]: 1.0034722222222223
Ideal Case, Latency at this level without stalls: cc_per_all_tiles_per_layer[1]: 1.0034722222222223
SCALED cc_per_all_tiles_per_layer[1]: 4,318,742,016
level.getReadPerLayer[1](): 4,303,798,272
  (For comparison - full reads including accumulation: 4,303,798,272)
ideal_bandwidth_read_per_layer[1]: 0.9965397923875432
level.getDrainPerLayer[1](): 0
ideal_bandwidth_drain_per_layer[1]: 0.0
ideal_bandwidth_update_per_layer[1]: 0.0
  (For comparison - full updates including accumulation: 0)
level.getFillPerLayer[1](): 4,303,798,272
ideal_bandwidth_fill_per_layer[1]: 0.9965397923875432

Latency for layer: 2 of Level: WeightRegister
level.active_instances_per_layer[2]: 1104
level.temporal_iterations_per_layer[2]: 3898368
Scaling per layer[2]: 4,303,798,272
Single Tile latency: cc_per_tile_per_layer[2]: 1.0034722222222223
Ideal Case, Latency at this level without stalls: cc_per_all_tiles_per_layer[2]: 1.0034722222222223
SCALED cc_per_all_tiles_per_layer[2]: 4,318,742,016
level.getReadPerLayer[2](): 4,303,798,272
  (For comparison - full reads including accumulation: 4,303,798,272)
ideal_bandwidth_read_per_layer[2]: 0.9965397923875432
level.getDrainPerLayer[2](): 0
ideal_bandwidth_drain_per_layer[2]: 0.0
ideal_bandwidth_update_per_layer[2]: 0.0
  (For comparison - full updates including accumulation: 0)
level.getFillPerLayer[2](): 4,303,798,272
ideal_bandwidth_fill_per_layer[2]: 0.9965397923875432

Latency for layer: 3 of Level: WeightRegister
level.active_instances_per_layer[3]: 1104
level.temporal_iterations_per_layer[3]: 3898368
Scaling per layer[3]: 4,303,798,272
Single Tile latency: cc_per_tile_per_layer[3]: 1
Ideal Case, Latency at this level without stalls: cc_per_all_tiles_per_layer[3]: 1
SCALED cc_per_all_tiles_per_layer[3]: 4,303,798,272
level.getReadPerLayer[3](): 4,303,798,272
  (For comparison - full reads including accumulation: 4,303,798,272)
ideal_bandwidth_read_per_layer[3]: 1.0
level.getDrainPerLayer[3](): 0
ideal_bandwidth_drain_per_layer[3]: 0.0
ideal_bandwidth_update_per_layer[3]: 0.0
  (For comparison - full updates including accumulation: 0)
level.getFillPerLayer[3](): 4,303,798,272
ideal_bandwidth_fill_per_layer[3]: 1.0

Start of calculation of latency:


Layer_id: 0 in WeightRegister

ideal_bandwidth_read_per_layer[0] + ideal_bandwidth_drain_per_layer[0]: 0.8181818181818182 vs level.read_bandwidth: 1
I am in Compute Bound
cc_per_all_tiles_per_layer[0]: 1.2222222222222223
STANDARD CASE latency_read_drain_per_layer[0]: 1.2222222222222223

ideal_bandwidth_fill_per_layer[0] + ideal_bandwidth_update_per_layer[0]: 0.8181818181818182 vs level.write_bandwidth: 1
previous_fanout_pe_to_pe_warmup: 0
STANDARD CASE latency_fill_update_per_layer[0]: 1.2222222222222223


Layer_id: 1 in WeightRegister

ideal_bandwidth_read_per_layer[1] + ideal_bandwidth_drain_per_layer[1]: 0.9965397923875432 vs level.read_bandwidth: 1
I am in Compute Bound
cc_per_all_tiles_per_layer[1]: 1.0034722222222223
STANDARD CASE latency_read_drain_per_layer[1]: 1.0034722222222223

ideal_bandwidth_fill_per_layer[1] + ideal_bandwidth_update_per_layer[1]: 0.9965397923875432 vs level.write_bandwidth: 1
previous_fanout_pe_to_pe_warmup: 0
STANDARD CASE latency_fill_update_per_layer[1]: 1.0034722222222223


Layer_id: 2 in WeightRegister

ideal_bandwidth_read_per_layer[2] + ideal_bandwidth_drain_per_layer[2]: 0.9965397923875432 vs level.read_bandwidth: 1
I am in Compute Bound
cc_per_all_tiles_per_layer[2]: 1.0034722222222223
STANDARD CASE latency_read_drain_per_layer[2]: 1.0034722222222223

ideal_bandwidth_fill_per_layer[2] + ideal_bandwidth_update_per_layer[2]: 0.9965397923875432 vs level.write_bandwidth: 1
previous_fanout_pe_to_pe_warmup: 0
STANDARD CASE latency_fill_update_per_layer[2]: 1.0034722222222223


Layer_id: 3 in WeightRegister

ideal_bandwidth_read_per_layer[3] + ideal_bandwidth_drain_per_layer[3]: 1.0 vs level.read_bandwidth: 1
I am in Compute Bound
cc_per_all_tiles_per_layer[3]: 1
STANDARD CASE latency_read_drain_per_layer[3]: 1

ideal_bandwidth_fill_per_layer[3] + ideal_bandwidth_update_per_layer[3]: 1.0 vs level.write_bandwidth: 1
previous_fanout_pe_to_pe_warmup: 0
STANDARD CASE latency_fill_update_per_layer[3]: 1

End of calculation of latency.

Calculating per tile final latency and stall for layer 0 in WeightRegister: latency_read_drain_per_layer[0] = 1.2222222222222223, latency_fill_update_per_layer[0] = 1.2222222222222223
Final per tile latency_per_layer[0]: 1
Final per tile stall_cycles_per_layer[0]: 0
Ideal case: no stall introduced by this level per this layer: cc_per_all_tiles_per_layer[0]: 1
Calculating per tile final latency and stall for layer 1 in WeightRegister: latency_read_drain_per_layer[1] = 1.0034722222222223, latency_fill_update_per_layer[1] = 1.0034722222222223
Final per tile latency_per_layer[1]: 1
Final per tile stall_cycles_per_layer[1]: 0
Ideal case: no stall introduced by this level per this layer: cc_per_all_tiles_per_layer[1]: 1
Calculating per tile final latency and stall for layer 2 in WeightRegister: latency_read_drain_per_layer[2] = 1.0034722222222223, latency_fill_update_per_layer[2] = 1.0034722222222223
Final per tile latency_per_layer[2]: 1
Final per tile stall_cycles_per_layer[2]: 0
Ideal case: no stall introduced by this level per this layer: cc_per_all_tiles_per_layer[2]: 1
Calculating per tile final latency and stall for layer 3 in WeightRegister: latency_read_drain_per_layer[3] = 1, latency_fill_update_per_layer[3] = 1
Final per tile latency_per_layer[3]: 1
Final per tile stall_cycles_per_layer[3]: 0
Ideal case: no stall introduced by this level per this layer: cc_per_all_tiles_per_layer[3]: 1


Calculating Latency for Level: WeightMemory

Latency for layer: 0 of Level: WeightMemory
level.active_instances_per_layer[0]: 1
level.temporal_iterations_per_layer[0]: 6768
Scaling per layer[0]: 6,768
Single Tile latency: cc_per_tile_per_layer[0]: 1.2222222222222223
Ideal Case, Latency at this level without stalls: cc_per_all_tiles_per_layer[0]: 22.0
SCALED cc_per_all_tiles_per_layer[0]: 148,896
level.getReadPerLayer[0](): 1,949,184
  (For comparison - full reads including accumulation: 1,949,184)
ideal_bandwidth_read_per_layer[0]: 13.090909090909092
level.getDrainPerLayer[0](): 0
ideal_bandwidth_drain_per_layer[0]: 0.0
ideal_bandwidth_update_per_layer[0]: 0.0
  (For comparison - full updates including accumulation: 0)
level.getFillPerLayer[0](): 288
ideal_bandwidth_fill_per_layer[0]: 0.0019342359767891683

Latency for layer: 1 of Level: WeightMemory
level.active_instances_per_layer[1]: 1
level.temporal_iterations_per_layer[1]: 6768
Scaling per layer[1]: 6,768
Single Tile latency: cc_per_tile_per_layer[1]: 1.0034722222222223
Ideal Case, Latency at this level without stalls: cc_per_all_tiles_per_layer[1]: 578.0
SCALED cc_per_all_tiles_per_layer[1]: 3,911,904
level.getReadPerLayer[1](): 62,373,888
  (For comparison - full reads including accumulation: 62,373,888)
ideal_bandwidth_read_per_layer[1]: 15.944636678200691
level.getDrainPerLayer[1](): 0
ideal_bandwidth_drain_per_layer[1]: 0.0
ideal_bandwidth_update_per_layer[1]: 0.0
  (For comparison - full updates including accumulation: 0)
level.getFillPerLayer[1](): 9,216
ideal_bandwidth_fill_per_layer[1]: 0.0023558860340131046

Latency for layer: 2 of Level: WeightMemory
level.active_instances_per_layer[2]: 1
level.temporal_iterations_per_layer[2]: 6768
Scaling per layer[2]: 6,768
Single Tile latency: cc_per_tile_per_layer[2]: 1.0034722222222223
Ideal Case, Latency at this level without stalls: cc_per_all_tiles_per_layer[2]: 578.0
SCALED cc_per_all_tiles_per_layer[2]: 3,911,904
level.getReadPerLayer[2](): 62,373,888
  (For comparison - full reads including accumulation: 62,373,888)
ideal_bandwidth_read_per_layer[2]: 15.944636678200691
level.getDrainPerLayer[2](): 0
ideal_bandwidth_drain_per_layer[2]: 0.0
ideal_bandwidth_update_per_layer[2]: 0.0
  (For comparison - full updates including accumulation: 0)
level.getFillPerLayer[2](): 9,216
ideal_bandwidth_fill_per_layer[2]: 0.0023558860340131046

Latency for layer: 3 of Level: WeightMemory
level.active_instances_per_layer[3]: 1
level.temporal_iterations_per_layer[3]: 6768
Scaling per layer[3]: 6,768
Single Tile latency: cc_per_tile_per_layer[3]: 1
Ideal Case, Latency at this level without stalls: cc_per_all_tiles_per_layer[3]: 576
SCALED cc_per_all_tiles_per_layer[3]: 3,898,368
level.getReadPerLayer[3](): 62,373,888
  (For comparison - full reads including accumulation: 62,373,888)
ideal_bandwidth_read_per_layer[3]: 16.0
level.getDrainPerLayer[3](): 0
ideal_bandwidth_drain_per_layer[3]: 0.0
ideal_bandwidth_update_per_layer[3]: 0.0
  (For comparison - full updates including accumulation: 0)
level.getFillPerLayer[3](): 9,216
ideal_bandwidth_fill_per_layer[3]: 0.002364066193853428

Start of calculation of latency:


Layer_id: 0 in WeightMemory

ideal_bandwidth_read_per_layer[0] + ideal_bandwidth_drain_per_layer[0]: 13.090909090909092 vs level.read_bandwidth: 16
I am in Compute Bound
cc_per_all_tiles_per_layer[0]: 22.0
STANDARD CASE latency_read_drain_per_layer[0]: 22.0

ideal_bandwidth_fill_per_layer[0] + ideal_bandwidth_update_per_layer[0]: 0.0019342359767891683 vs level.write_bandwidth: 16
previous_fanout_pe_to_pe_warmup: 0
STANDARD CASE latency_fill_update_per_layer[0]: 22.0


Layer_id: 1 in WeightMemory

ideal_bandwidth_read_per_layer[1] + ideal_bandwidth_drain_per_layer[1]: 15.944636678200691 vs level.read_bandwidth: 16
I am in Compute Bound
cc_per_all_tiles_per_layer[1]: 578.0
STANDARD CASE latency_read_drain_per_layer[1]: 578.0

ideal_bandwidth_fill_per_layer[1] + ideal_bandwidth_update_per_layer[1]: 0.0023558860340131046 vs level.write_bandwidth: 16
previous_fanout_pe_to_pe_warmup: 0
STANDARD CASE latency_fill_update_per_layer[1]: 578.0


Layer_id: 2 in WeightMemory

ideal_bandwidth_read_per_layer[2] + ideal_bandwidth_drain_per_layer[2]: 15.944636678200691 vs level.read_bandwidth: 16
I am in Compute Bound
cc_per_all_tiles_per_layer[2]: 578.0
STANDARD CASE latency_read_drain_per_layer[2]: 578.0

ideal_bandwidth_fill_per_layer[2] + ideal_bandwidth_update_per_layer[2]: 0.0023558860340131046 vs level.write_bandwidth: 16
previous_fanout_pe_to_pe_warmup: 0
STANDARD CASE latency_fill_update_per_layer[2]: 578.0


Layer_id: 3 in WeightMemory

ideal_bandwidth_read_per_layer[3] + ideal_bandwidth_drain_per_layer[3]: 16.0 vs level.read_bandwidth: 16
I am in Compute Bound
cc_per_all_tiles_per_layer[3]: 576
STANDARD CASE latency_read_drain_per_layer[3]: 576

ideal_bandwidth_fill_per_layer[3] + ideal_bandwidth_update_per_layer[3]: 0.002364066193853428 vs level.write_bandwidth: 16
previous_fanout_pe_to_pe_warmup: 0
STANDARD CASE latency_fill_update_per_layer[3]: 576

End of calculation of latency.

Calculating per tile final latency and stall for layer 0 in WeightMemory: latency_read_drain_per_layer[0] = 22.0, latency_fill_update_per_layer[0] = 22.0
Final per tile latency_per_layer[0]: 22
Final per tile stall_cycles_per_layer[0]: 0
Ideal case: no stall introduced by this level per this layer: cc_per_all_tiles_per_layer[0]: 22
Calculating per tile final latency and stall for layer 1 in WeightMemory: latency_read_drain_per_layer[1] = 578.0, latency_fill_update_per_layer[1] = 578.0
Final per tile latency_per_layer[1]: 578
Final per tile stall_cycles_per_layer[1]: 0
Ideal case: no stall introduced by this level per this layer: cc_per_all_tiles_per_layer[1]: 578
Calculating per tile final latency and stall for layer 2 in WeightMemory: latency_read_drain_per_layer[2] = 578.0, latency_fill_update_per_layer[2] = 578.0
Final per tile latency_per_layer[2]: 578
Final per tile stall_cycles_per_layer[2]: 0
Ideal case: no stall introduced by this level per this layer: cc_per_all_tiles_per_layer[2]: 578
Calculating per tile final latency and stall for layer 3 in WeightMemory: latency_read_drain_per_layer[3] = 576, latency_fill_update_per_layer[3] = 576
Final per tile latency_per_layer[3]: 576
Final per tile stall_cycles_per_layer[3]: 0
Ideal case: no stall introduced by this level per this layer: cc_per_all_tiles_per_layer[3]: 576


Calculating Latency for Level: FeatureMemory

Latency for layer: 0 of Level: FeatureMemory
level.active_instances_per_layer[0]: 1
level.temporal_iterations_per_layer[0]: 6768
Scaling per layer[0]: 6,768
Single Tile latency: cc_per_tile_per_layer[0]: 22.0
Ideal Case, Latency at this level without stalls: cc_per_all_tiles_per_layer[0]: 22.0
SCALED cc_per_all_tiles_per_layer[0]: 148,896
level.getReadPerLayer[0](): 16,624,915
  (For comparison - full reads including accumulation: 16,624,915)
ideal_bandwidth_read_per_layer[0]: 111.65454545454546
level.getDrainPerLayer[0](): 0
ideal_bandwidth_drain_per_layer[0]: 0.0
ideal_bandwidth_update_per_layer[0]: 100.36363636363636
  (For comparison - full updates including accumulation: 14,943,744)
level.getFillPerLayer[0](): 466,992
ideal_bandwidth_fill_per_layer[0]: 3.1363636363636362

Latency for layer: 1 of Level: FeatureMemory
level.active_instances_per_layer[1]: 1
level.temporal_iterations_per_layer[1]: 6768
Scaling per layer[1]: 6,768
Single Tile latency: cc_per_tile_per_layer[1]: 578.0
Ideal Case, Latency at this level without stalls: cc_per_all_tiles_per_layer[1]: 578.0
SCALED cc_per_all_tiles_per_layer[1]: 3,911,904
level.getReadPerLayer[1](): 68,741,222
  (For comparison - full reads including accumulation: 68,741,222)
ideal_bandwidth_read_per_layer[1]: 17.57231833910035
level.getDrainPerLayer[1](): 0
ideal_bandwidth_drain_per_layer[1]: 0.0
ideal_bandwidth_update_per_layer[1]: 3.820069204152249
  (For comparison - full updates including accumulation: 14,943,744)
level.getFillPerLayer[1](): 0
ideal_bandwidth_fill_per_layer[1]: 0.0

Latency for layer: 2 of Level: FeatureMemory
level.active_instances_per_layer[2]: 1
level.temporal_iterations_per_layer[2]: 6768
Scaling per layer[2]: 6,768
Single Tile latency: cc_per_tile_per_layer[2]: 578.0
Ideal Case, Latency at this level without stalls: cc_per_all_tiles_per_layer[2]: 578.0
SCALED cc_per_all_tiles_per_layer[2]: 3,911,904
level.getReadPerLayer[2](): 68,741,222
  (For comparison - full reads including accumulation: 68,741,222)
ideal_bandwidth_read_per_layer[2]: 17.57231833910035
level.getDrainPerLayer[2](): 0
ideal_bandwidth_drain_per_layer[2]: 0.0
ideal_bandwidth_update_per_layer[2]: 3.820069204152249
  (For comparison - full updates including accumulation: 14,943,744)
level.getFillPerLayer[2](): 0
ideal_bandwidth_fill_per_layer[2]: 0.0

Latency for layer: 3 of Level: FeatureMemory
level.active_instances_per_layer[3]: 1
level.temporal_iterations_per_layer[3]: 6768
Scaling per layer[3]: 6,768
Single Tile latency: cc_per_tile_per_layer[3]: 576
Ideal Case, Latency at this level without stalls: cc_per_all_tiles_per_layer[3]: 576
SCALED cc_per_all_tiles_per_layer[3]: 3,898,368
level.getReadPerLayer[3](): 53,797,478
  (For comparison - full reads including accumulation: 53,797,478)
ideal_bandwidth_read_per_layer[3]: 13.799999999999999
level.getDrainPerLayer[3](): 14,943,744
ideal_bandwidth_drain_per_layer[3]: 3.8333333333333335
ideal_bandwidth_update_per_layer[3]: 3.8333333333333335
  (For comparison - full updates including accumulation: 14,943,744)
level.getFillPerLayer[3](): 0
ideal_bandwidth_fill_per_layer[3]: 0.0

Start of calculation of latency:
I am in FeatureMemory level, so I use different formula for latency calculation


Layer_id: 0 in FeatureMemory

scaling_per_layer[0]: 6768
I AM HERE total_data_rd: 16624915
latency_per_layer[0]: 36.398153185221005, latency_read_drain_per_layer[0]: 18.609090685221005, latency_fill_update_per_layer[0]: 17.7890625
Total latency so far: 36.398153185221005


Layer_id: 1 in FeatureMemory

scaling_per_layer[1]: 6768
I AM HERE total_data_rd: 68741222
latency_per_layer[1]: 94.19545409771474, latency_read_drain_per_layer[1]: 76.94545409771474, latency_fill_update_per_layer[1]: 17.25
Total latency so far: 130.59360728293575


Layer_id: 2 in FeatureMemory

scaling_per_layer[2]: 6768
I AM HERE total_data_rd: 68741222
latency_per_layer[2]: 94.19545409771474, latency_read_drain_per_layer[2]: 76.94545409771474, latency_fill_update_per_layer[2]: 17.25
Total latency so far: 224.78906138065048


Layer_id: 3 in FeatureMemory

scaling_per_layer[3]: 6768
I AM HERE total_data_rd: 68741222
latency_per_layer[3]: 94.19545409771474, latency_read_drain_per_layer[3]: 76.94545409771474, latency_fill_update_per_layer[3]: 17.25
Total latency so far: 318.9845154783652

End of calculation of latency.

Calculating per tile final latency and stall for layer 0 in FeatureMemory: latency_read_drain_per_layer[0] = 18.609090685221005, latency_fill_update_per_layer[0] = 17.7890625
Final per tile latency_per_layer[0]: 36
Final per tile stall_cycles_per_layer[0]: 14
Ideal case: no stall introduced by this level per this layer: cc_per_all_tiles_per_layer[0]: 22
Calculating per tile final latency and stall for layer 1 in FeatureMemory: latency_read_drain_per_layer[1] = 76.94545409771474, latency_fill_update_per_layer[1] = 17.25
Final per tile latency_per_layer[1]: 578
Final per tile stall_cycles_per_layer[1]: 0
Ideal case: no stall introduced by this level per this layer: cc_per_all_tiles_per_layer[1]: 578
Calculating per tile final latency and stall for layer 2 in FeatureMemory: latency_read_drain_per_layer[2] = 76.94545409771474, latency_fill_update_per_layer[2] = 17.25
Final per tile latency_per_layer[2]: 578
Final per tile stall_cycles_per_layer[2]: 0
Ideal case: no stall introduced by this level per this layer: cc_per_all_tiles_per_layer[2]: 578
Calculating per tile final latency and stall for layer 3 in FeatureMemory: latency_read_drain_per_layer[3] = 76.94545409771474, latency_fill_update_per_layer[3] = 17.25
Final per tile latency_per_layer[3]: 576
Final per tile stall_cycles_per_layer[3]: 0
Ideal case: no stall introduced by this level per this layer: cc_per_all_tiles_per_layer[3]: 576


Calculating Latency for Level: DRAM

Latency for layer: 0 of Level: DRAM
level.active_instances_per_layer[0]: 1
level.temporal_iterations_per_layer[0]: 1
Scaling per layer[0]: 1
Single Tile latency: cc_per_tile_per_layer[0]: 36.398153185221005
Ideal Case, Latency at this level without stalls: cc_per_all_tiles_per_layer[0]: 246342.70075757577
SCALED cc_per_all_tiles_per_layer[0]: 246,343
level.getReadPerLayer[0](): 467,280
  (For comparison - full reads including accumulation: 467,280)
ideal_bandwidth_read_per_layer[0]: 1.8968696801771576
level.getDrainPerLayer[0](): 0
ideal_bandwidth_drain_per_layer[0]: 0.0
ideal_bandwidth_update_per_layer[0]: 0.0
  (For comparison - full updates including accumulation: 0)
level.getFillPerLayer[0](): 0
ideal_bandwidth_fill_per_layer[0]: 0.0

Latency for layer: 1 of Level: DRAM
level.active_instances_per_layer[1]: 1
level.temporal_iterations_per_layer[1]: 1
Scaling per layer[1]: 1
Single Tile latency: cc_per_tile_per_layer[1]: 578.0
Ideal Case, Latency at this level without stalls: cc_per_all_tiles_per_layer[1]: 3911904.0
SCALED cc_per_all_tiles_per_layer[1]: 3,911,904
level.getReadPerLayer[1](): 9,216
  (For comparison - full reads including accumulation: 9,216)
ideal_bandwidth_read_per_layer[1]: 0.0023558860340131046
level.getDrainPerLayer[1](): 0
ideal_bandwidth_drain_per_layer[1]: 0.0
ideal_bandwidth_update_per_layer[1]: 0.0
  (For comparison - full updates including accumulation: 0)
level.getFillPerLayer[1](): 0
ideal_bandwidth_fill_per_layer[1]: 0.0

Latency for layer: 2 of Level: DRAM
level.active_instances_per_layer[2]: 1
level.temporal_iterations_per_layer[2]: 1
Scaling per layer[2]: 1
Single Tile latency: cc_per_tile_per_layer[2]: 578.0
Ideal Case, Latency at this level without stalls: cc_per_all_tiles_per_layer[2]: 3911904.0
SCALED cc_per_all_tiles_per_layer[2]: 3,911,904
level.getReadPerLayer[2](): 9,216
  (For comparison - full reads including accumulation: 9,216)
ideal_bandwidth_read_per_layer[2]: 0.0023558860340131046
level.getDrainPerLayer[2](): 0
ideal_bandwidth_drain_per_layer[2]: 0.0
ideal_bandwidth_update_per_layer[2]: 0.0
  (For comparison - full updates including accumulation: 0)
level.getFillPerLayer[2](): 0
ideal_bandwidth_fill_per_layer[2]: 0.0

Latency for layer: 3 of Level: DRAM
level.active_instances_per_layer[3]: 1
level.temporal_iterations_per_layer[3]: 1
Scaling per layer[3]: 1
Single Tile latency: cc_per_tile_per_layer[3]: 576
Ideal Case, Latency at this level without stalls: cc_per_all_tiles_per_layer[3]: 3898368
SCALED cc_per_all_tiles_per_layer[3]: 3,898,368
level.getReadPerLayer[3](): 9,216
  (For comparison - full reads including accumulation: 9,216)
ideal_bandwidth_read_per_layer[3]: 0.002364066193853428
level.getDrainPerLayer[3](): 0
ideal_bandwidth_drain_per_layer[3]: 0.0
ideal_bandwidth_update_per_layer[3]: 3.8333333333333335
  (For comparison - full updates including accumulation: 14,943,744)
level.getFillPerLayer[3](): 0
ideal_bandwidth_fill_per_layer[3]: 0.0

Start of calculation of latency:


Layer_id: 0 in DRAM

ideal_bandwidth_read_per_layer[0] + ideal_bandwidth_drain_per_layer[0]: 1.8968696801771576 vs level.read_bandwidth: 12
I am in Compute Bound
cc_per_all_tiles_per_layer[0]: 246342.70075757577
STANDARD CASE latency_read_drain_per_layer[0]: 246342.70075757577

ideal_bandwidth_fill_per_layer[0] + ideal_bandwidth_update_per_layer[0]: 0.0 vs level.write_bandwidth: 12
previous_fanout_pe_to_pe_warmup: 0
STANDARD CASE latency_fill_update_per_layer[0]: 246342.70075757577


Layer_id: 1 in DRAM

ideal_bandwidth_read_per_layer[1] + ideal_bandwidth_drain_per_layer[1]: 0.0023558860340131046 vs level.read_bandwidth: 12
I am in Compute Bound
cc_per_all_tiles_per_layer[1]: 3911904.0
STANDARD CASE latency_read_drain_per_layer[1]: 3911904.0

ideal_bandwidth_fill_per_layer[1] + ideal_bandwidth_update_per_layer[1]: 0.0 vs level.write_bandwidth: 12
previous_fanout_pe_to_pe_warmup: 0
STANDARD CASE latency_fill_update_per_layer[1]: 3911904.0


Layer_id: 2 in DRAM

ideal_bandwidth_read_per_layer[2] + ideal_bandwidth_drain_per_layer[2]: 0.0023558860340131046 vs level.read_bandwidth: 12
I am in Compute Bound
cc_per_all_tiles_per_layer[2]: 3911904.0
STANDARD CASE latency_read_drain_per_layer[2]: 3911904.0

ideal_bandwidth_fill_per_layer[2] + ideal_bandwidth_update_per_layer[2]: 0.0 vs level.write_bandwidth: 12
previous_fanout_pe_to_pe_warmup: 0
STANDARD CASE latency_fill_update_per_layer[2]: 3911904.0


Layer_id: 3 in DRAM

ideal_bandwidth_read_per_layer[3] + ideal_bandwidth_drain_per_layer[3]: 0.002364066193853428 vs level.read_bandwidth: 12
I am in Compute Bound
cc_per_all_tiles_per_layer[3]: 3898368
STANDARD CASE latency_read_drain_per_layer[3]: 3898368

ideal_bandwidth_fill_per_layer[3] + ideal_bandwidth_update_per_layer[3]: 3.8333333333333335 vs level.write_bandwidth: 12
previous_fanout_pe_to_pe_warmup: 0
STANDARD CASE latency_fill_update_per_layer[3]: 3898368

End of calculation of latency.

Calculating per tile final latency and stall for layer 0 in DRAM: latency_read_drain_per_layer[0] = 246342.70075757577, latency_fill_update_per_layer[0] = 246342.70075757577
Final per tile latency_per_layer[0]: 246,343
Final per tile stall_cycles_per_layer[0]: 0
Ideal case: no stall introduced by this level per this layer: cc_per_all_tiles_per_layer[0]: 246,343
Calculating per tile final latency and stall for layer 1 in DRAM: latency_read_drain_per_layer[1] = 3911904.0, latency_fill_update_per_layer[1] = 3911904.0
Final per tile latency_per_layer[1]: 3,911,904
Final per tile stall_cycles_per_layer[1]: 0
Ideal case: no stall introduced by this level per this layer: cc_per_all_tiles_per_layer[1]: 3,911,904
Calculating per tile final latency and stall for layer 2 in DRAM: latency_read_drain_per_layer[2] = 3911904.0, latency_fill_update_per_layer[2] = 3911904.0
Final per tile latency_per_layer[2]: 3,911,904
Final per tile stall_cycles_per_layer[2]: 0
Ideal case: no stall introduced by this level per this layer: cc_per_all_tiles_per_layer[2]: 3,911,904
Calculating per tile final latency and stall for layer 3 in DRAM: latency_read_drain_per_layer[3] = 3898368, latency_fill_update_per_layer[3] = 3898368
Final per tile latency_per_layer[3]: 3,898,368
Final per tile stall_cycles_per_layer[3]: 0
Ideal case: no stall introduced by this level per this layer: cc_per_all_tiles_per_layer[3]: 3,898,368


Final WMOPs and Latency calculation for Level: DRAM
Level: DRAM, Layer: 0
max_latency_per_layer[0]: 0 before update
level.getSettedLatencyPerLayer[0](): 246,343
Level: DRAM, Layer: 1
max_latency_per_layer[1]: 0 before update
level.getSettedLatencyPerLayer[1](): 3,911,904
Level: DRAM, Layer: 2
max_latency_per_layer[2]: 0 before update
level.getSettedLatencyPerLayer[2](): 3,911,904
Level: DRAM, Layer: 3
max_latency_per_layer[3]: 0 before update
level.getSettedLatencyPerLayer[3](): 3,898,368
Level DRAM: Thesis_4Layers_534528KB_FMEM_16x128_PEs, max_latency (sequential layers): 11,968,519


Final WMOPs and Latency calculation for Level: FeatureMemory
Level: FeatureMemory, Layer: 0
max_latency_per_layer[0]: 246,343 before update
level.getSettedLatencyPerLayer[0](): 19
Level: FeatureMemory, Layer: 1
max_latency_per_layer[1]: 3,911,904 before update
level.getSettedLatencyPerLayer[1](): 77
Level: FeatureMemory, Layer: 2
max_latency_per_layer[2]: 3,911,904 before update
level.getSettedLatencyPerLayer[2](): 77
Level: FeatureMemory, Layer: 3
max_latency_per_layer[3]: 3,898,368 before update
level.getSettedLatencyPerLayer[3](): 520,767
Level FeatureMemory: Thesis_4Layers_534528KB_FMEM_16x128_PEs, max_latency (sequential layers): 11,968,519


Final WMOPs and Latency calculation for Level: WeightMemory
Level: WeightMemory, Layer: 0
max_latency_per_layer[0]: 246,343 before update
level.getSettedLatencyPerLayer[0](): 22
Level: WeightMemory, Layer: 1
max_latency_per_layer[1]: 3,911,904 before update
level.getSettedLatencyPerLayer[1](): 578
Level: WeightMemory, Layer: 2
max_latency_per_layer[2]: 3,911,904 before update
level.getSettedLatencyPerLayer[2](): 578
Level: WeightMemory, Layer: 3
max_latency_per_layer[3]: 3,898,368 before update
level.getSettedLatencyPerLayer[3](): 3,898,368
Level WeightMemory: Thesis_4Layers_534528KB_FMEM_16x128_PEs, max_latency (sequential layers): 11,968,519


Final WMOPs and Latency calculation for Level: SACols_3


Final WMOPs and Latency calculation for Level: SARows_3


Final WMOPs and Latency calculation for Level: SACols_2


Final WMOPs and Latency calculation for Level: SARows_2


Final WMOPs and Latency calculation for Level: SACols_1


Final WMOPs and Latency calculation for Level: SARows_1


Final WMOPs and Latency calculation for Level: SACols_0


Final WMOPs and Latency calculation for Level: SARows_0


Final WMOPs and Latency calculation for Level: WeightRegister
Level: WeightRegister, Layer: 0
max_latency_per_layer[0]: 246,343 before update
level.getSettedLatencyPerLayer[0](): 1
Level: WeightRegister, Layer: 1
max_latency_per_layer[1]: 3,911,904 before update
level.getSettedLatencyPerLayer[1](): 1
Level: WeightRegister, Layer: 2
max_latency_per_layer[2]: 3,911,904 before update
level.getSettedLatencyPerLayer[2](): 1
Level: WeightRegister, Layer: 3
max_latency_per_layer[3]: 3,898,368 before update
level.getSettedLatencyPerLayer[3](): 3,898,368
Level WeightRegister: Thesis_4Layers_534528KB_FMEM_16x128_PEs, max_latency (sequential layers): 11,968,519


Final WMOPs and Latency calculation for Level: AccumulationIntermediateOutputRegister
Level: AccumulationIntermediateOutputRegister, Layer: 0
max_latency_per_layer[0]: 246,343 before update
level.getSettedLatencyPerLayer[0](): 1
Level: AccumulationIntermediateOutputRegister, Layer: 1
max_latency_per_layer[1]: 3,911,904 before update
level.getSettedLatencyPerLayer[1](): 1
Level: AccumulationIntermediateOutputRegister, Layer: 2
max_latency_per_layer[2]: 3,911,904 before update
level.getSettedLatencyPerLayer[2](): 1
Level: AccumulationIntermediateOutputRegister, Layer: 3
max_latency_per_layer[3]: 3,898,368 before update
level.getSettedLatencyPerLayer[3](): 3,898,368
Level AccumulationIntermediateOutputRegister: Thesis_4Layers_534528KB_FMEM_16x128_PEs, max_latency (sequential layers): 11,968,519


Final WMOPs and Latency calculation for Level: AccumulationOutputRegister
Level: AccumulationOutputRegister, Layer: 0
max_latency_per_layer[0]: 246,343 before update
level.getSettedLatencyPerLayer[0](): 1
Level: AccumulationOutputRegister, Layer: 1
max_latency_per_layer[1]: 3,911,904 before update
level.getSettedLatencyPerLayer[1](): 1
Level: AccumulationOutputRegister, Layer: 2
max_latency_per_layer[2]: 3,911,904 before update
level.getSettedLatencyPerLayer[2](): 1
Level: AccumulationOutputRegister, Layer: 3
max_latency_per_layer[3]: 3,898,368 before update
level.getSettedLatencyPerLayer[3](): 3,898,368
Level AccumulationOutputRegister: Thesis_4Layers_534528KB_FMEM_16x128_PEs, max_latency (sequential layers): 11,968,519


Final WMOPs and Latency calculation for Level: Compute
Compute level latency: 1
Compute latency for layer 0: 121,824
Compute latency for layer 1: 3,898,368
Compute latency for layer 2: 3,898,368
Compute latency for layer 3: 3,898,368
max_latency initially: 11968518.700757576
compute_latency from compute level: 11,816,928
max_latency after compute: 11,968,519, before fanout_level
DRAM in_reads set to: 466992, w_reads set to: 27936, out_reads: 0, int_in_reads: 0, int_out_reads: 0
DRAM Reads: 494928: in:466992, w:27936, out:0, int_in:0, int_out:0
level SACols_3 utilization: 69/128=0.5390625
utilization after level SACols_3: 0.5390625
level SARows_3 utilization: 16/16=1.0
utilization after level SARows_3: 0.5390625
level SACols_2 utilization: 69/128=0.5390625
utilization after level SACols_2: 0.29058837890625
level SARows_2 utilization: 16/16=1.0
utilization after level SARows_2: 0.29058837890625
level SACols_1 utilization: 69/128=0.5390625
utilization after level SACols_1: 0.1566452980041504
level SARows_1 utilization: 16/16=1.0
utilization after level SARows_1: 0.1566452980041504
level SACols_0 utilization: 69/128=0.5390625
utilization after level SACols_0: 0.08444160595536232
level SARows_0 utilization: 16/16=1.0
utilization after level SARows_0: 0.08444160595536232
level Compute utilization: 1/1=1.0
utilization after level Compute: 0.08444160595536232
Arch: Thesis_4Layers_534528KB_FMEM_16x128_PEs: spatial utilization is 0.08444160595536232

Finished in: 0.262s

Best mapping found with:
	Wart: 1.127e+19
	EDP: 1.607e+05 (J*cycle)
	Energy: 1.131e+04 (uJ)
	Latency: 1.197e+07 (cc)

Mapping:
DRAM ----------> Q: 18, P: 376, X2: 18, Y2: 376, X1: 18, Y1: 376, X0: 18, Y0: 376
FeatureMemory -
WeightMemory --> Z3: 2, C3: 32, R3: 3, S3: 3, Z2: 2, C2: 32, R2: 3, S2: 3, Z1: 2, C1: 32, R1: 3, S1: 3, Z0: 2, R0: 3, S0: 3
SACols_3 ------> Q: 69
SARows_3 ------> Z3: 16
SACols_2 ------> X2: 69
SARows_2 ------> Z2: 16
SACols_1 ------> X1: 69
SARows_1 ------> Z1: 16
SACols_0 ------> X0: 69
SARows_0 ------> Z0: 16
WeightRegister 
AccumulationIntermediateOutputRegister 
AccumulationOutputRegister 
Compute -------

Final MOPs per memory level:
PRINT MOP FUSION!!!
DRAM:		Output Reads = 0 (reads) + 0 (drains), Output Writes = 14,943,744 (updates) + 0 (fills)
DRAM:		Input Reads = 466,992 (reads), Input Writes = 0 (writes)
DRAM:		Per-Layer W_R: [L0: 288, L1: 9,216, L2: 9,216, L3: 9,216], Total: 27,936
DRAM:		Per-Layer Int_In_R: [L0: 0, L1: 0, L2: 0], Total: 0
DRAM:		Per-Layer Int_Out_R: [L0: 0, L1: 0, L2: 0], Total: 0
DRAM:		Per-Layer Int_Out_W: [L0: 0, L1: 0, L2: 0], Total: 0
DRAM:		Total Reads = 494,928, Total Writes = 14,943,744
DEBUG: Calculating WMOPs for level DRAM with reads=494928, writes=14943744
DEBUG: WMOPs for level DRAM = 494,037,504.000, 4.940e+08 pJ
FeatureMemory:	Output Reads = 0 (reads) + 14,943,744 (drains), Output Writes = 14,943,744 (updates) + 0 (fills)
FeatureMemory:	Input Reads = 8,405,856 (reads), Input Writes = 466,992 (writes)
FeatureMemory:	Per-Layer W_R: [L0: 0, L1: 0, L2: 0, L3: 0], Total: 0
FeatureMemory:	Per-Layer Int_In_R: [L0: 268,987,392, L1: 268,987,392, L2: 268,987,392], Total: 806,962,176
FeatureMemory:	Per-Layer Int_Out_R: [L0: 14,943,744, L1: 14,943,744, L2: 14,943,744], Total: 44,831,232
FeatureMemory:	Per-Layer Int_Out_W: [L0: 14,943,744, L1: 14,943,744, L2: 14,943,744], Total: 44,831,232
FeatureMemory:	Total Reads = 875,143,008, Total Writes = 60,241,968
DEBUG: Calculating WMOPs for level FeatureMemory with reads=875143008, writes=60241968
DEBUG: WMOPs for level FeatureMemory = 927,251,843.510, 9.273e+08 pJ
WeightMemory:	Per-Layer W_R: [L0: 1,949,184, L1: 62,373,888, L2: 62,373,888, L3: 62,373,888], Total: 189,070,848
WeightMemory:	Per-Layer Int_In_R: [L0: 0, L1: 0, L2: 0], Total: 0
WeightMemory:	Per-Layer Int_Out_R: [L0: 0, L1: 0, L2: 0], Total: 0
WeightMemory:	Per-Layer Int_Out_W: [L0: 0, L1: 0, L2: 0], Total: 0
WeightMemory:	Total Reads = 189,070,848, Total Writes = 0
DEBUG: Calculating WMOPs for level WeightMemory with reads=189070848, writes=0
DEBUG: WMOPs for level WeightMemory = 957,909,031.582, 9.579e+08 pJ
WeightRegister:	Per-Layer W_R: [L0: 134,493,696, L1: 4,303,798,272, L2: 4,303,798,272, L3: 4,303,798,272], Total: 13,045,888,512
WeightRegister:	Per-Layer Int_In_R: [L0: 0, L1: 0, L2: 0], Total: 0
WeightRegister:	Per-Layer Int_Out_R: [L0: 0, L1: 0, L2: 0], Total: 0
WeightRegister:	Per-Layer Int_Out_W: [L0: 0, L1: 0, L2: 0], Total: 0
WeightRegister:	Total Reads = 13,045,888,512, Total Writes = 0
DEBUG: Calculating WMOPs for level WeightRegister with reads=13045888512, writes=0
DEBUG: WMOPs for level WeightRegister = 3,073,255,008.561, 3.073e+09 pJ
AccumulationIntermediateOutputRegister:Per-Layer W_R: [L0: 0, L1: 0, L2: 0, L3: 0], Total: 0
AccumulationIntermediateOutputRegister:Per-Layer Int_In_R: [L0: 0, L1: 0, L2: 0], Total: 0
AccumulationIntermediateOutputRegister:Per-Layer Int_Out_R: [L0: 149,437,440, L1: 4,318,742,016, L2: 4,318,742,016], Total: 8,786,921,472
AccumulationIntermediateOutputRegister:Per-Layer Int_Out_W: [L0: 149,437,440, L1: 4,318,742,016, L2: 4,318,742,016], Total: 8,786,921,472
AccumulationIntermediateOutputRegister:Total Reads = 8,786,921,472, Total Writes = 8,786,921,472
DEBUG: Calculating WMOPs for level AccumulationIntermediateOutputRegister with reads=8786921472, writes=8786921472
DEBUG: WMOPs for level AccumulationIntermediateOutputRegister = 6,634,852,260.981, 6.635e+09 pJ
AccumulationOutputRegister:Output Reads = 4,288,854,528 (reads) + 14,943,744 (drains), Output Writes = 4,303,798,272 (updates) + 0 (fills)
AccumulationOutputRegister:Per-Layer W_R: [L0: 0, L1: 0, L2: 0, L3: 0], Total: 0
AccumulationOutputRegister:Per-Layer Int_In_R: [L0: 0, L1: 0, L2: 0], Total: 0
AccumulationOutputRegister:Per-Layer Int_Out_R: [L0: 0, L1: 0, L2: 0], Total: 0
AccumulationOutputRegister:Per-Layer Int_Out_W: [L0: 0, L1: 0, L2: 0], Total: 0
AccumulationOutputRegister:Total Reads = 4,303,798,272, Total Writes = 4,303,798,272
DEBUG: Calculating WMOPs for level AccumulationOutputRegister with reads=4303798272, writes=4303798272
DEBUG: WMOPs for level AccumulationOutputRegister = 8,379,308,058.084, 8.379e+09 pJ
Totals:		27,201,317,040 R, 13,165,905,456 W, 40,367,222,496 Tot
Energy:		11,312.794 uJ

Final Latency per level:
DRAM:		11,968,519 cc Read Drain , 11,968,519 cc Fill Update (Total across 4 layers), 12.0 Read Bandwidth , 12.0 Write Bandwidth,
		1.897 Max Ideal Read , 0.000 Max Ideal Drain , 3.833 Max Ideal Update , 0.000 Max Ideal Fill , 
		0 Total Stall Cycles
FeatureMemory:	520,939 cc Read Drain , 116,800 cc Fill Update (Total across 4 layers), 132.0 Read Bandwidth , 128.0 Write Bandwidth,
		111.655 Max Ideal Read , 3.833 Max Ideal Drain , 100.364 Max Ideal Update , 3.136 Max Ideal Fill , 
		14 Total Stall Cycles
WeightMemory:	3,899,546 cc Read Drain , 3,899,546 cc Fill Update (Total across 4 layers), 16.0 Read Bandwidth , 16.0 Write Bandwidth,
		16.000 Max Ideal Read , 0.000 Max Ideal Drain , 0.000 Max Ideal Update , 0.002 Max Ideal Fill , 
		0 Total Stall Cycles
WeightRegister:	3,898,371 cc Read Drain , 3,898,371 cc Fill Update (Total across 4 layers), 1.0 Read Bandwidth , 1.0 Write Bandwidth,
		1.000 Max Ideal Read , 0.000 Max Ideal Drain , 0.000 Max Ideal Update , 1.000 Max Ideal Fill , 
		0 Total Stall Cycles
AccumulationIntermediateOutputRegister:3,898,371 cc Read Drain , 3,898,371 cc Fill Update (Total across 4 layers), 1.0 Read Bandwidth , 1.0 Write Bandwidth,
		1.111 Max Ideal Read , 0.111 Max Ideal Drain , 1.000 Max Ideal Update , 0.111 Max Ideal Fill , 
		0 Total Stall Cycles
AccumulationOutputRegister:3,898,371 cc Read Drain , 3,898,371 cc Fill Update (Total across 4 layers), 1.0 Read Bandwidth , 1.0 Write Bandwidth,
		0.997 Max Ideal Read , 0.003 Max Ideal Drain , 1.000 Max Ideal Update , 0.000 Max Ideal Fill , 
		0 Total Stall Cycles
Max Latency:	3,911,904 cc of level DRAM
  ✓ EDP: 1.61e+05
[3/3] FMEM=522KB, WMEM=28KB, PE=16x256
Creating architecture: Thesis_4Layers_534528KB_FMEM_16x256_PEs with coupling: dims: C0Y0X0R0S0Z0C1R1S1Y1X1Z1C2R2S2Y2X2Z2C3R3S3PQZ3, in_coupling: [C0][Y0+R0][X0+S0], w_coupling: W0: [Z0][C0][R0][S0],W1: [Z1][C1][R1][S1],W2: [Z2][C2][R2][S2],W3: [Z3][C3][R3][S3],, out_coupling: [Z3][P][Q]
final_layer_dims: {'S3', 'S0', 'X0', 'R3', 'C3', 'P', 'Q', 'C0', 'R0', 'Y0', 'Z3'}, coupling.dims: ['C0', 'Y0', 'X0', 'R0', 'S0', 'Z0', 'C1', 'R1', 'S1', 'Y1', 'X1', 'Z1', 'C2', 'R2', 'S2', 'Y2', 'X2', 'Z2', 'C3', 'R3', 'S3', 'P', 'Q', 'Z3']
INFO: Arch: Thesis_4Layers_534528KB_FMEM_16x256_PEs: identified intermediate dimensions: {'Y1', 'S1', 'C2', 'Z2', 'R2', 'Z1', 'X1', 'S2', 'Y2', 'R1', 'Z0', 'C1', 'X2'}
INFO: Added high constraint for intermediate dimension P in level WeightRegister
INFO: Added high constraint for intermediate dimension R1 in level WeightRegister
INFO: Added high constraint for intermediate dimension P in level AccumulationIntermediateOutputRegister
INFO: Added high constraint for intermediate dimension R1 in level AccumulationIntermediateOutputRegister
INFO: Added high constraint for intermediate dimension P in level AccumulationOutputRegister
INFO: Added high constraint for intermediate dimension R1 in level AccumulationOutputRegister
Starting engine with mapper: breadthfirst_local

WARNING: running on a Python version without free-threading (GIL enabled), this program relies heavily on true multithreading, thus expect a severe performance hit with your current setup. Consider updating to Python 3.13t or newer.
INFO: running multithreaded with THREADS_COUNT = 8

DEBUG interleave: START - Called from breadthfirst_local.py:600 in optimizeDataflows()
                       array=['Q', 'P', 'X2', 'Y2', 'X1', 'Y1', 'X0', 'Y0'], elements=['C0', 'R0', 'S0', 'Z0', 'C1', 'R1', 'S1', 'Z1', 'C2', 'R2', 'S2', 'Z2', 'C3', 'R3', 'S3', 'Z3'] (len=16)
interleave: too many elements (16), returning 3 results
['C1', 'Y1', 'R1', 'X1', 'S1']
['C2', 'Y2', 'R2', 'X2', 'S2']
['C3', 'P', 'R3', 'Q', 'S3']
DEBUG interleave: START - Called from breadthfirst_local.py:600 in optimizeDataflows()
                       array=[], elements=['C0', 'Y0', 'X0', 'R0', 'S0', 'Z0', 'C1', 'R1', 'S1', 'Y1', 'X1', 'Z1', 'C2', 'R2', 'S2', 'Y2', 'X2', 'Z2', 'C3', 'R3', 'S3', 'P', 'Q', 'Z3'] (len=24)
interleave: too many elements (24), returning 2 results
['C1', 'Y1', 'R1', 'X1', 'S1']
['C2', 'Y2', 'R2', 'X2', 'S2']
['C3', 'P', 'R3', 'Q', 'S3']
DEBUG interleave: START - Called from breadthfirst_local.py:600 in optimizeDataflows()
                       array=['Z3', 'C3', 'R3', 'S3', 'Z2', 'C2', 'R2', 'S2', 'Z1', 'C1', 'R1', 'S1', 'Z0', 'C0', 'R0', 'S0'], elements=['Y0', 'X0', 'Y1', 'X1', 'Y2', 'X2', 'P', 'Q'] (len=8)
interleave: too many elements (8), returning 3 results
['C1', 'Y1', 'R1', 'X1', 'S1']
['C2', 'Y2', 'R2', 'X2', 'S2']
['C3', 'P', 'R3', 'Q', 'S3']
DEBUG interleave: START - Called from breadthfirst_local.py:600 in optimizeDataflows()
                       array=['C3', 'R3', 'S3', 'C2', 'R2', 'S2', 'C1', 'R1', 'S1', 'C0', 'R0', 'S0'], elements=['Y0', 'X0', 'Z0', 'Y1', 'X1', 'Z1', 'Y2', 'X2', 'Z2', 'P', 'Q', 'Z3'] (len=12)
interleave: too many elements (12), returning 3 results
['C1', 'Y1', 'R1', 'X1', 'S1']
['C2', 'Y2', 'R2', 'X2', 'S2']
['C3', 'P', 'R3', 'Q', 'S3']
DEBUG interleave: START - Called from breadthfirst_local.py:600 in optimizeDataflows()
                       array=['Z2', 'Y2', 'X2', 'Z1', 'Y1', 'X1', 'Z0', 'Y0', 'X0'], elements=['C0', 'R0', 'S0', 'C1', 'R1', 'S1', 'C2', 'R2', 'S2', 'C3', 'R3', 'S3', 'P', 'Q', 'Z3'] (len=15)
interleave: too many elements (15), returning 3 results
['C1', 'Y1', 'R1', 'X1', 'S1']
['C2', 'Y2', 'R2', 'X2', 'S2']
['C3', 'P', 'R3', 'Q', 'S3']
DEBUG interleave: START - Called from breadthfirst_local.py:600 in optimizeDataflows()
                       array=['Q', 'P', 'Z3'], elements=['C0', 'Y0', 'X0', 'R0', 'S0', 'Z0', 'C1', 'R1', 'S1', 'Y1', 'X1', 'Z1', 'C2', 'R2', 'S2', 'Y2', 'X2', 'Z2', 'C3', 'R3', 'S3'] (len=21)
interleave: too many elements (21), returning 3 results
['C1', 'Y1', 'R1', 'X1', 'S1']
['C2', 'Y2', 'R2', 'X2', 'S2']
['C3', 'P', 'R3', 'Q', 'S3']
-------- factorFlow -------- CIAO
Arch after initialization:
tile_sizes[dim]: [207, 3], self._dim_products[dim]: [6, 1]
input_FC_size distinct: 2484
Input FC size: 2484

Input size: 470232

Output size: 14943744

Weight size: 27936

Intermediate input size: 45142272
Total intermediate size (input + output): 0

input_size: 470232, output_size: 14943744, weight_size: 27936, intermediate_size: 0
Total mem footprint: 15444396



tile_sizes[dim]: [207, 3], self._dim_products[dim]: [1, 1]
input_FC_size distinct: 414
Input FC size: 414

Input size: 627

Output size: 6624

Weight size: 0

Intermediate input size: 60192
Total intermediate size (input + output): 80064

input_size: 627, output_size: 6624, weight_size: 0, intermediate_size: 80064
Total mem footprint: 87730



tile_sizes[dim]: [207, 1], self._dim_products[dim]: [1, 3]
input_FC_size distinct: 0
Input FC size: 0

Input size: 0

Output size: 0

Weight size: 27936

Intermediate input size: 60192
Total intermediate size (input + output): 0

input_size: 0, output_size: 0, weight_size: 27936, intermediate_size: 0
Total mem footprint: 27936



tile_sizes[dim]: [1, 1], self._dim_products[dim]: [1, 1]
input_FC_size distinct: 0
Input FC size: 0

Input size: 0

Output size: 0

Weight size: 4

Intermediate input size: 3
Total intermediate size (input + output): 0

input_size: 0, output_size: 0, weight_size: 4, intermediate_size: 0
Total mem footprint: 4



tile_sizes[dim]: [1, 1], self._dim_products[dim]: [1, 1]
input_FC_size distinct: 0
Input FC size: 0

Input size: 0

Output size: 0

Weight size: 0

Intermediate input size: 3
Total intermediate size (input + output): 3

input_size: 0, output_size: 0, weight_size: 0, intermediate_size: 3
Total mem footprint: 3



tile_sizes[dim]: [1, 1], self._dim_products[dim]: [1, 1]
input_FC_size distinct: 0
Input FC size: 0

Input size: 0

Output size: 1

Weight size: 0

Intermediate input size: 3
Total intermediate size (input + output): 0

input_size: 0, output_size: 1, weight_size: 0, intermediate_size: 0
Total mem footprint: 1



DRAM ----------> Q: 6, P: 376, X2: 6, Y2: 376, X1: 6, Y1: 376, X0: 6, Y0: 376
FeatureMemory -
WeightMemory --> Z3: 2, C3: 32, R3: 3, S3: 3, Z2: 2, C2: 32, R2: 3, S2: 3, Z1: 2, C1: 32, R1: 3, S1: 3, Z0: 2, R0: 3, S0: 3
SACols_3 ------> Q: 207
SARows_3 ------> Z3: 16
SACols_2 ------> X2: 207
SARows_2 ------> Z2: 16
SACols_1 ------> X1: 207
SARows_1 ------> Z1: 16
SACols_0 ------> X0: 207
SARows_0 ------> Z0: 16
WeightRegister 
AccumulationIntermediateOutputRegister 
AccumulationOutputRegister 
Compute -------

Starting FactorFlow tiling optimization:

é stato chiamato update stats! 




Questo mops è chiamato da update stats
Level: DRAM, arch bypasses for the level: ['int_in', 'int_out'], in_bp: 1, w_bp: 0, out_bp: 1, int_in_bp: 0, int_out_bp: 0
DEBUG updateStats pre scaling: Level DRAM:
  in_reads: 466992
  per_layer_w_reads: {0: 288, 1: 9216, 2: 9216, 3: 9216}
  per_layer_int_in_reads: {0: 0, 1: 0, 2: 0}
  per_layer_int_out_reads: {0: 0, 1: 0, 2: 0}
  per_layer_int_out_writes: {0: 0, 1: 0, 2: 0}
  out_reads: 14943744
  out_writes: 14943744
  out_reads_factors: 1
scale_per_layer[0]: 1, temporal_iterations_per_layer[0]: 1, spatial_iterations_per_layer[0]: 1
DEBUG: results after scaling: Level DRAM: in_reads=466992, w_reads=27936, int_in_reads=0, int_out_reads=0, int_out_writes=0, out_writes=14943744, out_reads=14943744, out_reads_factors=1
DEBUG: Level DRAM adjusted out_reads for no bias read: 0
DEBUG: Level DRAM bypasses intermediate storage
DEBUG updateStats post scaling: Level DRAM:
  in_reads: 466,992
  per_layer_w_reads: {0: 288, 1: 9216, 2: 9216, 3: 9216}
  w_reads: 27,936
  per_layer_int_in_reads: {0: 0, 1: 0, 2: 0}
  per_layer_int_in_writes: {0: 0, 1: 0, 2: 0}
  int_in_reads: 0
  per_layer_int_out_reads: {0: 0, 1: 0, 2: 0}
  per_layer_int_out_writes: {0: 0, 1: 0, 2: 0}
  int_out_reads: 0
  out_reads: 0
  out_writes: 14,943,744
  out_reads_factors: 1
in_writes: 0, w_writes: 0, int_in_writes: 0, int_out_writes: 0, out_writes: 14943744
Name of the level: DRAM, level active instances per layer: {0: 1, 1: 1, 2: 1, 3: 1}, level active instances: 1
Level DRAM, Layer 0: total_reads = 467280, total_writes = 0
Level DRAM, Layer 1: total_reads = 9216, total_writes = 0
Level DRAM, Layer 2: total_reads = 9216, total_writes = 0
DEBUG: Level DRAM, Layer 3, per_layer_int_in_reads2: 0, per_layer_w_reads3: 9216, out_reads: 0
Level DRAM, Layer 3: total_reads = 9216, total_writes = 14943744
Check: Per Layer Total reads: {0: 467280, 1: 9216, 2: 9216, 3: 9216}, total: 494928
Check: Per Layer Total writes: {0: 0, 1: 0, 2: 0, 3: 14943744}, 
 total: 14943744
Level DRAM total WMOPs from per layer sum: 494,037,504.000
Level DRAM total WMOPs from total reads/writes: 494,037,504.000
End first part of update for level: DRAM



Questo mops è chiamato da update stats
Level: FeatureMemory, arch bypasses for the level: ['w'], in_bp: 0, w_bp: 0, out_bp: 0, int_in_bp: 0, int_out_bp: 0
DEBUG updateStats pre scaling: Level FeatureMemory:
  in_reads: 3726
  per_layer_w_reads: {0: 0, 1: 0, 2: 0, 3: 0}
  per_layer_int_in_reads: {0: 119232, 1: 119232, 2: 119232}
  per_layer_int_out_reads: {0: 6624, 1: 6624, 2: 6624}
  per_layer_int_out_writes: {0: 6624, 1: 6624, 2: 6624}
  out_reads: 6624
  out_writes: 6624
  out_reads_factors: 1
scale_per_layer[0]: 2256, temporal_iterations_per_layer[0]: 2256, spatial_iterations_per_layer[0]: 1
DEBUG: results after scaling: Level FeatureMemory: in_reads=8405856, w_reads=0, int_in_reads=806962176, int_out_reads=44831232, int_out_writes=44831232, out_writes=14943744, out_reads=14943744, out_reads_factors=1
DEBUG: Level FeatureMemory adjusted out_reads for no bias read: 0
DEBUG updateStats post scaling: Level FeatureMemory:
  in_reads: 8,405,856
  per_layer_w_reads: {0: 0, 1: 0, 2: 0, 3: 0}
  w_reads: 0
  per_layer_int_in_reads: {0: 268987392, 1: 268987392, 2: 268987392}
  per_layer_int_in_writes: {0: 0, 1: 0, 2: 0}
  int_in_reads: 806,962,176
  per_layer_int_out_reads: {0: 14943744, 1: 14943744, 2: 14943744}
  per_layer_int_out_writes: {0: 14943744, 1: 14943744, 2: 14943744}
  int_out_reads: 44,831,232
  out_reads: 14,943,744
  out_writes: 14,943,744
  out_reads_factors: 1
in_writes: 466992, w_writes: 0, int_in_writes: 0, int_out_writes: 44831232, out_writes: 14943744
Name of the level: FeatureMemory, level active instances per layer: {0: 1, 1: 1, 2: 1, 3: 1}, level active instances: 1
Level FeatureMemory, Layer 0: total_reads = 23349600, total_writes = 15410736
Level FeatureMemory, Layer 1: total_reads = 283931136, total_writes = 14943744
Level FeatureMemory, Layer 2: total_reads = 283931136, total_writes = 14943744
DEBUG: Level FeatureMemory, Layer 3, per_layer_int_in_reads2: 268987392, per_layer_w_reads3: 0, out_reads: 14943744
Level FeatureMemory, Layer 3: total_reads = 283931136, total_writes = 14943744
Check: Per Layer Total reads: {0: 23349600, 1: 283931136, 2: 283931136, 3: 283931136}, total: 875143008
Check: Per Layer Total writes: {0: 15410736, 1: 14943744, 2: 14943744, 3: 14943744}, 
 total: 60241968
Level FeatureMemory total WMOPs from per layer sum: 927,251,843.510
Level FeatureMemory total WMOPs from total reads/writes: 927,251,843.510
End first part of update for level: FeatureMemory



Questo mops è chiamato da update stats
Level: WeightMemory, arch bypasses for the level: ['in', 'int_in', 'int_out', 'out'], in_bp: 0, w_bp: 1, out_bp: 0, int_in_bp: 0, int_out_bp: 0
DEBUG updateStats pre scaling: Level WeightMemory:
  in_reads: 0
  per_layer_w_reads: {0: 288, 1: 9216, 2: 9216, 3: 9216}
  per_layer_int_in_reads: {0: 0, 1: 0, 2: 0}
  per_layer_int_out_reads: {0: 0, 1: 0, 2: 0}
  per_layer_int_out_writes: {0: 0, 1: 0, 2: 0}
  out_reads: 0
  out_writes: 0
  out_reads_factors: 0
scale_per_layer[0] = 2256, temporal_iterations_per_layer[0] = 2256, spatial_iterations_per_layer[0] = 1
scale_per_layer[0]: 2256, temporal_iterations_per_layer[0]: 2256, spatial_iterations_per_layer[0]: 1
DEBUG: results after scaling: Level WeightMemory: in_reads=0, w_reads=63023616, int_in_reads=0, int_out_reads=0, int_out_writes=0, out_writes=0, out_reads=0, out_reads_factors=0
DEBUG: Level WeightMemory bypasses intermediate storage
DEBUG updateStats post scaling: Level WeightMemory:
  in_reads: 0
  per_layer_w_reads: {0: 649728, 1: 20791296, 2: 20791296, 3: 20791296}
  w_reads: 63,023,616
  per_layer_int_in_reads: {0: 0, 1: 0, 2: 0}
  per_layer_int_in_writes: {0: 0, 1: 0, 2: 0}
  int_in_reads: 0
  per_layer_int_out_reads: {0: 0, 1: 0, 2: 0}
  per_layer_int_out_writes: {0: 0, 1: 0, 2: 0}
  int_out_reads: 0
  out_reads: 0
  out_writes: 0
  out_reads_factors: 0
in_writes: 0, w_writes: 27936, int_in_writes: 0, int_out_writes: 0, out_writes: 0
Name of the level: WeightMemory, level active instances per layer: {0: 1, 1: 1, 2: 1, 3: 1}, level active instances: 1
Level WeightMemory, Layer 0: total_reads = 649728, total_writes = 288
Level WeightMemory, Layer 1: total_reads = 20791296, total_writes = 9216
Level WeightMemory, Layer 2: total_reads = 20791296, total_writes = 9216
DEBUG: Level WeightMemory, Layer 3, per_layer_int_in_reads2: 0, per_layer_w_reads3: 20791296, out_reads: 0
Level WeightMemory, Layer 3: total_reads = 20791296, total_writes = 9216
Check: Per Layer Total reads: {0: 649728, 1: 20791296, 2: 20791296, 3: 20791296}, total: 63023616
Check: Per Layer Total writes: {0: 288, 1: 9216, 2: 9216, 3: 9216}, 
 total: 27936
Level WeightMemory total WMOPs from per layer sum: 937,475,435.927
Level WeightMemory total WMOPs from total reads/writes: 937,475,435.927
End first part of update for level: WeightMemory



Calculating Fanout Level: SACols_3, updating spatial and last reads
Fanout Level SACols_3, Layer 3, dim Q, layer_iterations: 207
End of the first part of Update Stats for fanout level: SACols_3


Calculating Fanout Level: SARows_3, updating spatial and last reads
Fanout Level SARows_3, Layer 3, dim Z3, layer_iterations: 16
End of the first part of Update Stats for fanout level: SARows_3


Calculating Fanout Level: SACols_2, updating spatial and last reads
Fanout Level SACols_2, Layer 2, dim X2, layer_iterations: 207
End of the first part of Update Stats for fanout level: SACols_2


Calculating Fanout Level: SARows_2, updating spatial and last reads
Fanout Level SARows_2, Layer 2, dim Z2, layer_iterations: 16
End of the first part of Update Stats for fanout level: SARows_2


Calculating Fanout Level: SACols_1, updating spatial and last reads
Fanout Level SACols_1, Layer 1, dim X1, layer_iterations: 207
End of the first part of Update Stats for fanout level: SACols_1


Calculating Fanout Level: SARows_1, updating spatial and last reads
Fanout Level SARows_1, Layer 1, dim Z1, layer_iterations: 16
End of the first part of Update Stats for fanout level: SARows_1


Calculating Fanout Level: SACols_0, updating spatial and last reads
Fanout Level SACols_0, Layer 0, dim X0, layer_iterations: 207
End of the first part of Update Stats for fanout level: SACols_0


Calculating Fanout Level: SARows_0, updating spatial and last reads
Fanout Level SARows_0, Layer 0, dim Z0, layer_iterations: 16
End of the first part of Update Stats for fanout level: SARows_0


Questo mops è chiamato da update stats
Level: WeightRegister, arch bypasses for the level: ['in', 'int_in', 'int_out', 'out'], in_bp: 0, w_bp: 0, out_bp: 0, int_in_bp: 0, int_out_bp: 0
DEBUG updateStats pre scaling: Level WeightRegister:
  in_reads: 0
  per_layer_w_reads: {0: 1, 1: 1, 2: 1, 3: 1}
  per_layer_int_in_reads: {0: 0, 1: 0, 2: 0}
  per_layer_int_out_reads: {0: 0, 1: 0, 2: 0}
  per_layer_int_out_writes: {0: 0, 1: 0, 2: 0}
  out_reads: 0
  out_writes: 0
  out_reads_factors: 0
scale_per_layer[0]: 134493696, temporal_iterations_per_layer[0]: 40608, spatial_iterations_per_layer[0]: 3312
DEBUG: results after scaling: Level WeightRegister: in_reads=0, w_reads=13045888512, int_in_reads=0, int_out_reads=0, int_out_writes=0, out_writes=0, out_reads=0, out_reads_factors=0
DEBUG: Level WeightRegister bypasses intermediate storage
DEBUG updateStats post scaling: Level WeightRegister:
  in_reads: 0
  per_layer_w_reads: {0: 134493696, 1: 4303798272, 2: 4303798272, 3: 4303798272}
  w_reads: 13,045,888,512
  per_layer_int_in_reads: {0: 0, 1: 0, 2: 0}
  per_layer_int_in_writes: {0: 0, 1: 0, 2: 0}
  int_in_reads: 0
  per_layer_int_out_reads: {0: 0, 1: 0, 2: 0}
  per_layer_int_out_writes: {0: 0, 1: 0, 2: 0}
  int_out_reads: 0
  out_reads: 0
  out_writes: 0
  out_reads_factors: 0
in_writes: 0, w_writes: 13045888512, int_in_writes: 0, int_out_writes: 0, out_writes: 0
Name of the level: WeightRegister, level active instances per layer: {0: 3312, 1: 3312, 2: 3312, 3: 3312}, level active instances: 120326507790336
Level WeightRegister, Layer 0: total_reads = 134493696, total_writes = 134493696
Level WeightRegister, Layer 1: total_reads = 4303798272, total_writes = 4303798272
Level WeightRegister, Layer 2: total_reads = 4303798272, total_writes = 4303798272
DEBUG: Level WeightRegister, Layer 3, per_layer_int_in_reads2: 0, per_layer_w_reads3: 4303798272, out_reads: 0
Level WeightRegister, Layer 3: total_reads = 4303798272, total_writes = 4303798272
Check: Per Layer Total reads: {0: 134493696, 1: 4303798272, 2: 4303798272, 3: 4303798272}, total: 13045888512
Check: Per Layer Total writes: {0: 134493696, 1: 4303798272, 2: 4303798272, 3: 4303798272}, 
 total: 13045888512
Level WeightRegister total WMOPs from per layer sum: 5,168,167,389.885
Level WeightRegister total WMOPs from total reads/writes: 5,168,167,389.885
End first part of update for level: WeightRegister



Questo mops è chiamato da update stats
Level: AccumulationIntermediateOutputRegister, arch bypasses for the level: ['in', 'w', 'out', 'int_in'], in_bp: 0, w_bp: 0, out_bp: 0, int_in_bp: 0, int_out_bp: 0
DEBUG updateStats pre scaling: Level AccumulationIntermediateOutputRegister:
  in_reads: 0
  per_layer_w_reads: {0: 0, 1: 0, 2: 0, 3: 0}
  per_layer_int_in_reads: {0: 0, 1: 0, 2: 0}
  per_layer_int_out_reads: {0: 1, 1: 1, 2: 1}
  per_layer_int_out_writes: {0: 1, 1: 1, 2: 1}
  out_reads: 0
  out_writes: 0
  out_reads_factors: 0
scale_per_layer[0]: 134493696, temporal_iterations_per_layer[0]: 40608, spatial_iterations_per_layer[0]: 3312
DEBUG: results after scaling: Level AccumulationIntermediateOutputRegister: in_reads=0, w_reads=0, int_in_reads=0, int_out_reads=8742090240, int_out_writes=8742090240, out_writes=0, out_reads=0, out_reads_factors=0
DEBUG updateStats post scaling: Level AccumulationIntermediateOutputRegister:
  in_reads: 0
  per_layer_w_reads: {0: 0, 1: 0, 2: 0, 3: 0}
  w_reads: 0
  per_layer_int_in_reads: {0: 0, 1: 0, 2: 0}
  per_layer_int_in_writes: {0: 0, 1: 0, 2: 0}
  int_in_reads: 0
  per_layer_int_out_reads: {0: 149437440, 1: 4318742016, 2: 4318742016}
  per_layer_int_out_writes: {0: 149437440, 1: 4318742016, 2: 4318742016}
  int_out_reads: 8,742,090,240
  out_reads: 0
  out_writes: 0
  out_reads_factors: 0
in_writes: 0, w_writes: 0, int_in_writes: 0, int_out_writes: 8742090240, out_writes: 0
Name of the level: AccumulationIntermediateOutputRegister, level active instances per layer: {0: 3312, 1: 3312, 2: 3312, 3: 3312}, level active instances: 120326507790336
Level AccumulationIntermediateOutputRegister, Layer 0: total_reads = 149437440, total_writes = 149437440
Level AccumulationIntermediateOutputRegister, Layer 1: total_reads = 4318742016, total_writes = 4318742016
Level AccumulationIntermediateOutputRegister, Layer 2: total_reads = 4318742016, total_writes = 4318742016
DEBUG: Level AccumulationIntermediateOutputRegister, Layer 3, per_layer_int_in_reads2: 0, per_layer_w_reads3: 0, out_reads: 0
Level AccumulationIntermediateOutputRegister, Layer 3: total_reads = 0, total_writes = 0
Check: Per Layer Total reads: {0: 149437440, 1: 4318742016, 2: 4318742016, 3: 0}, total: 8786921472
Check: Per Layer Total writes: {0: 149437440, 1: 4318742016, 2: 4318742016, 3: 0}, 
 total: 8786921472
Level AccumulationIntermediateOutputRegister total WMOPs from per layer sum: 8,729,764,642.305
Level AccumulationIntermediateOutputRegister total WMOPs from total reads/writes: 8,711,593,227.752
End first part of update for level: AccumulationIntermediateOutputRegister



Questo mops è chiamato da update stats
Level: AccumulationOutputRegister, arch bypasses for the level: ['in', 'w', 'int_in', 'int_out'], in_bp: 0, w_bp: 0, out_bp: 1, int_in_bp: 0, int_out_bp: 0
DEBUG updateStats pre scaling: Level AccumulationOutputRegister:
  in_reads: 0
  per_layer_w_reads: {0: 0, 1: 0, 2: 0, 3: 0}
  per_layer_int_in_reads: {0: 0, 1: 0, 2: 0}
  per_layer_int_out_reads: {0: 0, 1: 0, 2: 0}
  per_layer_int_out_writes: {0: 0, 1: 0, 2: 0}
  out_reads: 1
  out_writes: 1
  out_reads_factors: 1
scale_per_layer[0]: 134493696, temporal_iterations_per_layer[0]: 40608, spatial_iterations_per_layer[0]: 3312
DEBUG: results after scaling: Level AccumulationOutputRegister: in_reads=0, w_reads=0, int_in_reads=0, int_out_reads=0, int_out_writes=0, out_writes=4303798272, out_reads=4303798272, out_reads_factors=288
DEBUG: Level AccumulationOutputRegister adjusted out_reads for no bias read: 4288854528
DEBUG: Level AccumulationOutputRegister bypasses intermediate storage
DEBUG updateStats post scaling: Level AccumulationOutputRegister:
  in_reads: 0
  per_layer_w_reads: {0: 0, 1: 0, 2: 0, 3: 0}
  w_reads: 0
  per_layer_int_in_reads: {0: 0, 1: 0, 2: 0}
  per_layer_int_in_writes: {0: 0, 1: 0, 2: 0}
  int_in_reads: 0
  per_layer_int_out_reads: {0: 0, 1: 0, 2: 0}
  per_layer_int_out_writes: {0: 0, 1: 0, 2: 0}
  int_out_reads: 0
  out_reads: 4,303,798,272
  out_writes: 4,303,798,272
  out_reads_factors: 288
in_writes: 0, w_writes: 0, int_in_writes: 0, int_out_writes: 0, out_writes: 4303798272
Name of the level: AccumulationOutputRegister, level active instances per layer: {0: 3312, 1: 3312, 2: 3312, 3: 3312}, level active instances: 120326507790336
Level AccumulationOutputRegister, Layer 0: total_reads = 0, total_writes = 0
Level AccumulationOutputRegister, Layer 1: total_reads = 0, total_writes = 0
Level AccumulationOutputRegister, Layer 2: total_reads = 0, total_writes = 0
DEBUG: Level AccumulationOutputRegister, Layer 3, per_layer_int_in_reads2: 0, per_layer_w_reads3: 0, out_reads: 4303798272
Level AccumulationOutputRegister, Layer 3: total_reads = 4303798272, total_writes = 4303798272
Check: Per Layer Total reads: {0: 0, 1: 0, 2: 0, 3: 4303798272}, total: 4303798272
Check: Per Layer Total writes: {0: 0, 1: 0, 2: 0, 3: 4303798272}, 
 total: 4303798272
Level AccumulationOutputRegister total WMOPs from per layer sum: 10,474,220,439.408
Level AccumulationOutputRegister total WMOPs from total reads/writes: 10,456,049,024.855
End first part of update for level: AccumulationOutputRegister



Calculating WMOPs for Compute Level
Compute Level Compute WMOPs_per_layer: {0: 167438709.9881945, 1: 4256041612.703302, 2: 4256041612.703302, 3: 4728184282.518914}
WMOPs_till_now before compute level: 10,474,220,439.408
Compute Level Compute total WMOPs from per layer sum: 13407706217.913712
Compute Level Compute total WMOPs: 2.4108376953183185e+36
Total WMOPs after adding compute level: 23881926657.32199
END FIRST PART OF UPDATE STATS


First cc_per_tile, it is from compute = 1
First cc_per_tile_per_layer it is from compute = {0: 1, 1: 1, 2: 1, 3: 1}


Calculating Latency for Level: AccumulationOutputRegister

Latency for layer: 0 of Level: AccumulationOutputRegister
level.active_instances_per_layer[0]: 3312
level.temporal_iterations_per_layer[0]: 40608
Scaling per layer[0]: 134,493,696
Single Tile latency: cc_per_tile_per_layer[0]: 1
Ideal Case, Latency at this level without stalls: cc_per_all_tiles_per_layer[0]: 1
SCALED cc_per_all_tiles_per_layer[0]: 134,493,696
level.getReadPerLayer[0](): 0
  (For comparison - full reads including accumulation: 0)
ideal_bandwidth_read_per_layer[0]: 0.0
level.getDrainPerLayer[0](): 0
ideal_bandwidth_drain_per_layer[0]: 0.0
ideal_bandwidth_update_per_layer[0]: 0.0
  (For comparison - full updates including accumulation: 0)
level.getFillPerLayer[0](): 0
ideal_bandwidth_fill_per_layer[0]: 0.0

Latency for layer: 1 of Level: AccumulationOutputRegister
level.active_instances_per_layer[1]: 3312
level.temporal_iterations_per_layer[1]: 1299456
Scaling per layer[1]: 4,303,798,272
Single Tile latency: cc_per_tile_per_layer[1]: 1
Ideal Case, Latency at this level without stalls: cc_per_all_tiles_per_layer[1]: 1
SCALED cc_per_all_tiles_per_layer[1]: 4,303,798,272
level.getReadPerLayer[1](): 0
  (For comparison - full reads including accumulation: 0)
ideal_bandwidth_read_per_layer[1]: 0.0
level.getDrainPerLayer[1](): 0
ideal_bandwidth_drain_per_layer[1]: 0.0
ideal_bandwidth_update_per_layer[1]: 0.0
  (For comparison - full updates including accumulation: 0)
level.getFillPerLayer[1](): 0
ideal_bandwidth_fill_per_layer[1]: 0.0

Latency for layer: 2 of Level: AccumulationOutputRegister
level.active_instances_per_layer[2]: 3312
level.temporal_iterations_per_layer[2]: 1299456
Scaling per layer[2]: 4,303,798,272
Single Tile latency: cc_per_tile_per_layer[2]: 1
Ideal Case, Latency at this level without stalls: cc_per_all_tiles_per_layer[2]: 1
SCALED cc_per_all_tiles_per_layer[2]: 4,303,798,272
level.getReadPerLayer[2](): 0
  (For comparison - full reads including accumulation: 0)
ideal_bandwidth_read_per_layer[2]: 0.0
level.getDrainPerLayer[2](): 0
ideal_bandwidth_drain_per_layer[2]: 0.0
ideal_bandwidth_update_per_layer[2]: 0.0
  (For comparison - full updates including accumulation: 0)
level.getFillPerLayer[2](): 0
ideal_bandwidth_fill_per_layer[2]: 0.0

Latency for layer: 3 of Level: AccumulationOutputRegister
level.active_instances_per_layer[3]: 3312
level.temporal_iterations_per_layer[3]: 1299456
Scaling per layer[3]: 4,303,798,272
Single Tile latency: cc_per_tile_per_layer[3]: 1
Ideal Case, Latency at this level without stalls: cc_per_all_tiles_per_layer[3]: 1
SCALED cc_per_all_tiles_per_layer[3]: 4,303,798,272
level.getReadPerLayer[3](): 4,288,854,528
  (For comparison - full reads including accumulation: 4,288,854,528)
ideal_bandwidth_read_per_layer[3]: 0.9965277777777778
level.getDrainPerLayer[3](): 14,943,744
ideal_bandwidth_drain_per_layer[3]: 0.003472222222222222
ideal_bandwidth_update_per_layer[3]: 1.0
  (For comparison - full updates including accumulation: 4,303,798,272)
level.getFillPerLayer[3](): 0
ideal_bandwidth_fill_per_layer[3]: 0.0

Start of calculation of latency:


Layer_id: 0 in AccumulationOutputRegister

ideal_bandwidth_read_per_layer[0] + ideal_bandwidth_drain_per_layer[0]: 0.0 vs level.read_bandwidth: 1
I am in Compute Bound
cc_per_all_tiles_per_layer[0]: 1
STANDARD CASE latency_read_drain_per_layer[0]: 1

ideal_bandwidth_fill_per_layer[0] + ideal_bandwidth_update_per_layer[0]: 0.0 vs level.write_bandwidth: 1
previous_fanout_pe_to_pe_warmup: 0
STANDARD CASE latency_fill_update_per_layer[0]: 1


Layer_id: 1 in AccumulationOutputRegister

ideal_bandwidth_read_per_layer[1] + ideal_bandwidth_drain_per_layer[1]: 0.0 vs level.read_bandwidth: 1
I am in Compute Bound
cc_per_all_tiles_per_layer[1]: 1
STANDARD CASE latency_read_drain_per_layer[1]: 1

ideal_bandwidth_fill_per_layer[1] + ideal_bandwidth_update_per_layer[1]: 0.0 vs level.write_bandwidth: 1
previous_fanout_pe_to_pe_warmup: 0
STANDARD CASE latency_fill_update_per_layer[1]: 1


Layer_id: 2 in AccumulationOutputRegister

ideal_bandwidth_read_per_layer[2] + ideal_bandwidth_drain_per_layer[2]: 0.0 vs level.read_bandwidth: 1
I am in Compute Bound
cc_per_all_tiles_per_layer[2]: 1
STANDARD CASE latency_read_drain_per_layer[2]: 1

ideal_bandwidth_fill_per_layer[2] + ideal_bandwidth_update_per_layer[2]: 0.0 vs level.write_bandwidth: 1
previous_fanout_pe_to_pe_warmup: 0
STANDARD CASE latency_fill_update_per_layer[2]: 1


Layer_id: 3 in AccumulationOutputRegister

ideal_bandwidth_read_per_layer[3] + ideal_bandwidth_drain_per_layer[3]: 1.0 vs level.read_bandwidth: 1
I am in Compute Bound
cc_per_all_tiles_per_layer[3]: 1
STANDARD CASE latency_read_drain_per_layer[3]: 1

ideal_bandwidth_fill_per_layer[3] + ideal_bandwidth_update_per_layer[3]: 1.0 vs level.write_bandwidth: 1
previous_fanout_pe_to_pe_warmup: 0
STANDARD CASE latency_fill_update_per_layer[3]: 1

End of calculation of latency.

Calculating per tile final latency and stall for layer 0 in AccumulationOutputRegister: latency_read_drain_per_layer[0] = 1, latency_fill_update_per_layer[0] = 1
Final per tile latency_per_layer[0]: 1
Final per tile stall_cycles_per_layer[0]: 0
Ideal case: no stall introduced by this level per this layer: cc_per_all_tiles_per_layer[0]: 1
Calculating per tile final latency and stall for layer 1 in AccumulationOutputRegister: latency_read_drain_per_layer[1] = 1, latency_fill_update_per_layer[1] = 1
Final per tile latency_per_layer[1]: 1
Final per tile stall_cycles_per_layer[1]: 0
Ideal case: no stall introduced by this level per this layer: cc_per_all_tiles_per_layer[1]: 1
Calculating per tile final latency and stall for layer 2 in AccumulationOutputRegister: latency_read_drain_per_layer[2] = 1, latency_fill_update_per_layer[2] = 1
Final per tile latency_per_layer[2]: 1
Final per tile stall_cycles_per_layer[2]: 0
Ideal case: no stall introduced by this level per this layer: cc_per_all_tiles_per_layer[2]: 1
Calculating per tile final latency and stall for layer 3 in AccumulationOutputRegister: latency_read_drain_per_layer[3] = 1, latency_fill_update_per_layer[3] = 1
Final per tile latency_per_layer[3]: 1
Final per tile stall_cycles_per_layer[3]: 0
Ideal case: no stall introduced by this level per this layer: cc_per_all_tiles_per_layer[3]: 1


Calculating Latency for Level: AccumulationIntermediateOutputRegister

Latency for layer: 0 of Level: AccumulationIntermediateOutputRegister
level.active_instances_per_layer[0]: 3312
level.temporal_iterations_per_layer[0]: 40608
Scaling per layer[0]: 134,493,696
Single Tile latency: cc_per_tile_per_layer[0]: 1
Ideal Case, Latency at this level without stalls: cc_per_all_tiles_per_layer[0]: 1
SCALED cc_per_all_tiles_per_layer[0]: 134,493,696
level.getReadPerLayer[0](): 149,437,440
  (For comparison - full reads including accumulation: 149,437,440)
ideal_bandwidth_read_per_layer[0]: 1.1111111111111112
level.getDrainPerLayer[0](): 14,943,744
ideal_bandwidth_drain_per_layer[0]: 0.1111111111111111
ideal_bandwidth_update_per_layer[0]: 1.0
  (For comparison - full updates including accumulation: 134,493,696)
level.getFillPerLayer[0](): 14,943,744
ideal_bandwidth_fill_per_layer[0]: 0.1111111111111111

Latency for layer: 1 of Level: AccumulationIntermediateOutputRegister
level.active_instances_per_layer[1]: 3312
level.temporal_iterations_per_layer[1]: 1299456
Scaling per layer[1]: 4,303,798,272
Single Tile latency: cc_per_tile_per_layer[1]: 1
Ideal Case, Latency at this level without stalls: cc_per_all_tiles_per_layer[1]: 1
SCALED cc_per_all_tiles_per_layer[1]: 4,303,798,272
level.getReadPerLayer[1](): 4,303,798,272
  (For comparison - full reads including accumulation: 4,303,798,272)
ideal_bandwidth_read_per_layer[1]: 1.0
level.getDrainPerLayer[1](): 14,943,744
ideal_bandwidth_drain_per_layer[1]: 0.003472222222222222
ideal_bandwidth_update_per_layer[1]: 1.0
  (For comparison - full updates including accumulation: 4,303,798,272)
level.getFillPerLayer[1](): 14,943,744
ideal_bandwidth_fill_per_layer[1]: 0.003472222222222222

Latency for layer: 2 of Level: AccumulationIntermediateOutputRegister
level.active_instances_per_layer[2]: 3312
level.temporal_iterations_per_layer[2]: 1299456
Scaling per layer[2]: 4,303,798,272
Single Tile latency: cc_per_tile_per_layer[2]: 1
Ideal Case, Latency at this level without stalls: cc_per_all_tiles_per_layer[2]: 1
SCALED cc_per_all_tiles_per_layer[2]: 4,303,798,272
level.getReadPerLayer[2](): 4,303,798,272
  (For comparison - full reads including accumulation: 4,303,798,272)
ideal_bandwidth_read_per_layer[2]: 1.0
level.getDrainPerLayer[2](): 14,943,744
ideal_bandwidth_drain_per_layer[2]: 0.003472222222222222
ideal_bandwidth_update_per_layer[2]: 1.0
  (For comparison - full updates including accumulation: 4,303,798,272)
level.getFillPerLayer[2](): 14,943,744
ideal_bandwidth_fill_per_layer[2]: 0.003472222222222222

Latency for layer: 3 of Level: AccumulationIntermediateOutputRegister
level.active_instances_per_layer[3]: 3312
level.temporal_iterations_per_layer[3]: 1299456
Scaling per layer[3]: 4,303,798,272
Single Tile latency: cc_per_tile_per_layer[3]: 1
Ideal Case, Latency at this level without stalls: cc_per_all_tiles_per_layer[3]: 1
SCALED cc_per_all_tiles_per_layer[3]: 4,303,798,272
level.getReadPerLayer[3](): 0
  (For comparison - full reads including accumulation: 0)
ideal_bandwidth_read_per_layer[3]: 0.0
level.getDrainPerLayer[3](): 0
ideal_bandwidth_drain_per_layer[3]: 0.0
ideal_bandwidth_update_per_layer[3]: 0.0
  (For comparison - full updates including accumulation: 0)
level.getFillPerLayer[3](): 0
ideal_bandwidth_fill_per_layer[3]: 0.0

Start of calculation of latency:


Layer_id: 0 in AccumulationIntermediateOutputRegister

ideal_bandwidth_read_per_layer[0] + ideal_bandwidth_drain_per_layer[0]: 1.2222222222222223 vs level.read_bandwidth: 1
I am in Slowdown: Memory Bound
ideal_bandwidth_read_per_layer[0]: 1.1111111111111112
ideal_bandwidth_drain_per_layer[0]: 0.1111111111111111
level.read_bandwidth: 1
total data (for bandwidth): 164381184
scaling_per_layer[0]: 134493696
SLOWDOWN CASE latency_read_drain_per_layer[0]: 1.2222222222222223

ideal_bandwidth_fill_per_layer[0] + ideal_bandwidth_update_per_layer[0]: 1.1111111111111112 vs level.write_bandwidth: 1
ideal_bandwidth_fill_per_layer[0]: 0.1111111111111111
ideal_bandwidth_update_per_layer[0]: 1.0
level.write_bandwidth: 1
total data (for bandwidth): 149437440
scaling_per_layer[0]: 134493696
SLOWDOWN CASE latency_fill_update_per_layer[0]: 1.1111111111111112


Layer_id: 1 in AccumulationIntermediateOutputRegister

ideal_bandwidth_read_per_layer[1] + ideal_bandwidth_drain_per_layer[1]: 1.0034722222222223 vs level.read_bandwidth: 1
I am in Slowdown: Memory Bound
ideal_bandwidth_read_per_layer[1]: 1.0
ideal_bandwidth_drain_per_layer[1]: 0.003472222222222222
level.read_bandwidth: 1
total data (for bandwidth): 4318742016
scaling_per_layer[1]: 4303798272
SLOWDOWN CASE latency_read_drain_per_layer[1]: 1.0034722222222223

ideal_bandwidth_fill_per_layer[1] + ideal_bandwidth_update_per_layer[1]: 1.0034722222222223 vs level.write_bandwidth: 1
ideal_bandwidth_fill_per_layer[1]: 0.003472222222222222
ideal_bandwidth_update_per_layer[1]: 1.0
level.write_bandwidth: 1
total data (for bandwidth): 4318742016
scaling_per_layer[1]: 4303798272
SLOWDOWN CASE latency_fill_update_per_layer[1]: 1.0034722222222223


Layer_id: 2 in AccumulationIntermediateOutputRegister

ideal_bandwidth_read_per_layer[2] + ideal_bandwidth_drain_per_layer[2]: 1.0034722222222223 vs level.read_bandwidth: 1
I am in Slowdown: Memory Bound
ideal_bandwidth_read_per_layer[2]: 1.0
ideal_bandwidth_drain_per_layer[2]: 0.003472222222222222
level.read_bandwidth: 1
total data (for bandwidth): 4318742016
scaling_per_layer[2]: 4303798272
SLOWDOWN CASE latency_read_drain_per_layer[2]: 1.0034722222222223

ideal_bandwidth_fill_per_layer[2] + ideal_bandwidth_update_per_layer[2]: 1.0034722222222223 vs level.write_bandwidth: 1
ideal_bandwidth_fill_per_layer[2]: 0.003472222222222222
ideal_bandwidth_update_per_layer[2]: 1.0
level.write_bandwidth: 1
total data (for bandwidth): 4318742016
scaling_per_layer[2]: 4303798272
SLOWDOWN CASE latency_fill_update_per_layer[2]: 1.0034722222222223


Layer_id: 3 in AccumulationIntermediateOutputRegister

ideal_bandwidth_read_per_layer[3] + ideal_bandwidth_drain_per_layer[3]: 0.0 vs level.read_bandwidth: 1
I am in Compute Bound
cc_per_all_tiles_per_layer[3]: 1
STANDARD CASE latency_read_drain_per_layer[3]: 1

ideal_bandwidth_fill_per_layer[3] + ideal_bandwidth_update_per_layer[3]: 0.0 vs level.write_bandwidth: 1
previous_fanout_pe_to_pe_warmup: 0
STANDARD CASE latency_fill_update_per_layer[3]: 1

End of calculation of latency.

Calculating per tile final latency and stall for layer 0 in AccumulationIntermediateOutputRegister: latency_read_drain_per_layer[0] = 1.2222222222222223, latency_fill_update_per_layer[0] = 1.1111111111111112
Final per tile latency_per_layer[0]: 1
Final per tile stall_cycles_per_layer[0]: 0
Ideal case: no stall introduced by this level per this layer: cc_per_all_tiles_per_layer[0]: 1
Calculating per tile final latency and stall for layer 1 in AccumulationIntermediateOutputRegister: latency_read_drain_per_layer[1] = 1.0034722222222223, latency_fill_update_per_layer[1] = 1.0034722222222223
Final per tile latency_per_layer[1]: 1
Final per tile stall_cycles_per_layer[1]: 0
Ideal case: no stall introduced by this level per this layer: cc_per_all_tiles_per_layer[1]: 1
Calculating per tile final latency and stall for layer 2 in AccumulationIntermediateOutputRegister: latency_read_drain_per_layer[2] = 1.0034722222222223, latency_fill_update_per_layer[2] = 1.0034722222222223
Final per tile latency_per_layer[2]: 1
Final per tile stall_cycles_per_layer[2]: 0
Ideal case: no stall introduced by this level per this layer: cc_per_all_tiles_per_layer[2]: 1
Calculating per tile final latency and stall for layer 3 in AccumulationIntermediateOutputRegister: latency_read_drain_per_layer[3] = 1, latency_fill_update_per_layer[3] = 1
Final per tile latency_per_layer[3]: 1
Final per tile stall_cycles_per_layer[3]: 0
Ideal case: no stall introduced by this level per this layer: cc_per_all_tiles_per_layer[3]: 1


Calculating Latency for Level: WeightRegister

Latency for layer: 0 of Level: WeightRegister
level.active_instances_per_layer[0]: 3312
level.temporal_iterations_per_layer[0]: 40608
Scaling per layer[0]: 134,493,696
Single Tile latency: cc_per_tile_per_layer[0]: 1.2222222222222223
Ideal Case, Latency at this level without stalls: cc_per_all_tiles_per_layer[0]: 1.2222222222222223
SCALED cc_per_all_tiles_per_layer[0]: 164,381,184
level.getReadPerLayer[0](): 134,493,696
  (For comparison - full reads including accumulation: 134,493,696)
ideal_bandwidth_read_per_layer[0]: 0.8181818181818182
level.getDrainPerLayer[0](): 0
ideal_bandwidth_drain_per_layer[0]: 0.0
ideal_bandwidth_update_per_layer[0]: 0.0
  (For comparison - full updates including accumulation: 0)
level.getFillPerLayer[0](): 134,493,696
ideal_bandwidth_fill_per_layer[0]: 0.8181818181818182

Latency for layer: 1 of Level: WeightRegister
level.active_instances_per_layer[1]: 3312
level.temporal_iterations_per_layer[1]: 1299456
Scaling per layer[1]: 4,303,798,272
Single Tile latency: cc_per_tile_per_layer[1]: 1.0034722222222223
Ideal Case, Latency at this level without stalls: cc_per_all_tiles_per_layer[1]: 1.0034722222222223
SCALED cc_per_all_tiles_per_layer[1]: 4,318,742,016
level.getReadPerLayer[1](): 4,303,798,272
  (For comparison - full reads including accumulation: 4,303,798,272)
ideal_bandwidth_read_per_layer[1]: 0.9965397923875432
level.getDrainPerLayer[1](): 0
ideal_bandwidth_drain_per_layer[1]: 0.0
ideal_bandwidth_update_per_layer[1]: 0.0
  (For comparison - full updates including accumulation: 0)
level.getFillPerLayer[1](): 4,303,798,272
ideal_bandwidth_fill_per_layer[1]: 0.9965397923875432

Latency for layer: 2 of Level: WeightRegister
level.active_instances_per_layer[2]: 3312
level.temporal_iterations_per_layer[2]: 1299456
Scaling per layer[2]: 4,303,798,272
Single Tile latency: cc_per_tile_per_layer[2]: 1.0034722222222223
Ideal Case, Latency at this level without stalls: cc_per_all_tiles_per_layer[2]: 1.0034722222222223
SCALED cc_per_all_tiles_per_layer[2]: 4,318,742,016
level.getReadPerLayer[2](): 4,303,798,272
  (For comparison - full reads including accumulation: 4,303,798,272)
ideal_bandwidth_read_per_layer[2]: 0.9965397923875432
level.getDrainPerLayer[2](): 0
ideal_bandwidth_drain_per_layer[2]: 0.0
ideal_bandwidth_update_per_layer[2]: 0.0
  (For comparison - full updates including accumulation: 0)
level.getFillPerLayer[2](): 4,303,798,272
ideal_bandwidth_fill_per_layer[2]: 0.9965397923875432

Latency for layer: 3 of Level: WeightRegister
level.active_instances_per_layer[3]: 3312
level.temporal_iterations_per_layer[3]: 1299456
Scaling per layer[3]: 4,303,798,272
Single Tile latency: cc_per_tile_per_layer[3]: 1
Ideal Case, Latency at this level without stalls: cc_per_all_tiles_per_layer[3]: 1
SCALED cc_per_all_tiles_per_layer[3]: 4,303,798,272
level.getReadPerLayer[3](): 4,303,798,272
  (For comparison - full reads including accumulation: 4,303,798,272)
ideal_bandwidth_read_per_layer[3]: 1.0
level.getDrainPerLayer[3](): 0
ideal_bandwidth_drain_per_layer[3]: 0.0
ideal_bandwidth_update_per_layer[3]: 0.0
  (For comparison - full updates including accumulation: 0)
level.getFillPerLayer[3](): 4,303,798,272
ideal_bandwidth_fill_per_layer[3]: 1.0

Start of calculation of latency:


Layer_id: 0 in WeightRegister

ideal_bandwidth_read_per_layer[0] + ideal_bandwidth_drain_per_layer[0]: 0.8181818181818182 vs level.read_bandwidth: 1
I am in Compute Bound
cc_per_all_tiles_per_layer[0]: 1.2222222222222223
STANDARD CASE latency_read_drain_per_layer[0]: 1.2222222222222223

ideal_bandwidth_fill_per_layer[0] + ideal_bandwidth_update_per_layer[0]: 0.8181818181818182 vs level.write_bandwidth: 1
previous_fanout_pe_to_pe_warmup: 0
STANDARD CASE latency_fill_update_per_layer[0]: 1.2222222222222223


Layer_id: 1 in WeightRegister

ideal_bandwidth_read_per_layer[1] + ideal_bandwidth_drain_per_layer[1]: 0.9965397923875432 vs level.read_bandwidth: 1
I am in Compute Bound
cc_per_all_tiles_per_layer[1]: 1.0034722222222223
STANDARD CASE latency_read_drain_per_layer[1]: 1.0034722222222223

ideal_bandwidth_fill_per_layer[1] + ideal_bandwidth_update_per_layer[1]: 0.9965397923875432 vs level.write_bandwidth: 1
previous_fanout_pe_to_pe_warmup: 0
STANDARD CASE latency_fill_update_per_layer[1]: 1.0034722222222223


Layer_id: 2 in WeightRegister

ideal_bandwidth_read_per_layer[2] + ideal_bandwidth_drain_per_layer[2]: 0.9965397923875432 vs level.read_bandwidth: 1
I am in Compute Bound
cc_per_all_tiles_per_layer[2]: 1.0034722222222223
STANDARD CASE latency_read_drain_per_layer[2]: 1.0034722222222223

ideal_bandwidth_fill_per_layer[2] + ideal_bandwidth_update_per_layer[2]: 0.9965397923875432 vs level.write_bandwidth: 1
previous_fanout_pe_to_pe_warmup: 0
STANDARD CASE latency_fill_update_per_layer[2]: 1.0034722222222223


Layer_id: 3 in WeightRegister

ideal_bandwidth_read_per_layer[3] + ideal_bandwidth_drain_per_layer[3]: 1.0 vs level.read_bandwidth: 1
I am in Compute Bound
cc_per_all_tiles_per_layer[3]: 1
STANDARD CASE latency_read_drain_per_layer[3]: 1

ideal_bandwidth_fill_per_layer[3] + ideal_bandwidth_update_per_layer[3]: 1.0 vs level.write_bandwidth: 1
previous_fanout_pe_to_pe_warmup: 0
STANDARD CASE latency_fill_update_per_layer[3]: 1

End of calculation of latency.

Calculating per tile final latency and stall for layer 0 in WeightRegister: latency_read_drain_per_layer[0] = 1.2222222222222223, latency_fill_update_per_layer[0] = 1.2222222222222223
Final per tile latency_per_layer[0]: 1
Final per tile stall_cycles_per_layer[0]: 0
Ideal case: no stall introduced by this level per this layer: cc_per_all_tiles_per_layer[0]: 1
Calculating per tile final latency and stall for layer 1 in WeightRegister: latency_read_drain_per_layer[1] = 1.0034722222222223, latency_fill_update_per_layer[1] = 1.0034722222222223
Final per tile latency_per_layer[1]: 1
Final per tile stall_cycles_per_layer[1]: 0
Ideal case: no stall introduced by this level per this layer: cc_per_all_tiles_per_layer[1]: 1
Calculating per tile final latency and stall for layer 2 in WeightRegister: latency_read_drain_per_layer[2] = 1.0034722222222223, latency_fill_update_per_layer[2] = 1.0034722222222223
Final per tile latency_per_layer[2]: 1
Final per tile stall_cycles_per_layer[2]: 0
Ideal case: no stall introduced by this level per this layer: cc_per_all_tiles_per_layer[2]: 1
Calculating per tile final latency and stall for layer 3 in WeightRegister: latency_read_drain_per_layer[3] = 1, latency_fill_update_per_layer[3] = 1
Final per tile latency_per_layer[3]: 1
Final per tile stall_cycles_per_layer[3]: 0
Ideal case: no stall introduced by this level per this layer: cc_per_all_tiles_per_layer[3]: 1


Calculating Latency for Level: WeightMemory

Latency for layer: 0 of Level: WeightMemory
level.active_instances_per_layer[0]: 1
level.temporal_iterations_per_layer[0]: 2256
Scaling per layer[0]: 2,256
Single Tile latency: cc_per_tile_per_layer[0]: 1.2222222222222223
Ideal Case, Latency at this level without stalls: cc_per_all_tiles_per_layer[0]: 22.0
SCALED cc_per_all_tiles_per_layer[0]: 49,632
level.getReadPerLayer[0](): 649,728
  (For comparison - full reads including accumulation: 649,728)
ideal_bandwidth_read_per_layer[0]: 13.090909090909092
level.getDrainPerLayer[0](): 0
ideal_bandwidth_drain_per_layer[0]: 0.0
ideal_bandwidth_update_per_layer[0]: 0.0
  (For comparison - full updates including accumulation: 0)
level.getFillPerLayer[0](): 288
ideal_bandwidth_fill_per_layer[0]: 0.005802707930367505

Latency for layer: 1 of Level: WeightMemory
level.active_instances_per_layer[1]: 1
level.temporal_iterations_per_layer[1]: 2256
Scaling per layer[1]: 2,256
Single Tile latency: cc_per_tile_per_layer[1]: 1.0034722222222223
Ideal Case, Latency at this level without stalls: cc_per_all_tiles_per_layer[1]: 578.0
SCALED cc_per_all_tiles_per_layer[1]: 1,303,968
level.getReadPerLayer[1](): 20,791,296
  (For comparison - full reads including accumulation: 20,791,296)
ideal_bandwidth_read_per_layer[1]: 15.944636678200691
level.getDrainPerLayer[1](): 0
ideal_bandwidth_drain_per_layer[1]: 0.0
ideal_bandwidth_update_per_layer[1]: 0.0
  (For comparison - full updates including accumulation: 0)
level.getFillPerLayer[1](): 9,216
ideal_bandwidth_fill_per_layer[1]: 0.007067658102039314

Latency for layer: 2 of Level: WeightMemory
level.active_instances_per_layer[2]: 1
level.temporal_iterations_per_layer[2]: 2256
Scaling per layer[2]: 2,256
Single Tile latency: cc_per_tile_per_layer[2]: 1.0034722222222223
Ideal Case, Latency at this level without stalls: cc_per_all_tiles_per_layer[2]: 578.0
SCALED cc_per_all_tiles_per_layer[2]: 1,303,968
level.getReadPerLayer[2](): 20,791,296
  (For comparison - full reads including accumulation: 20,791,296)
ideal_bandwidth_read_per_layer[2]: 15.944636678200691
level.getDrainPerLayer[2](): 0
ideal_bandwidth_drain_per_layer[2]: 0.0
ideal_bandwidth_update_per_layer[2]: 0.0
  (For comparison - full updates including accumulation: 0)
level.getFillPerLayer[2](): 9,216
ideal_bandwidth_fill_per_layer[2]: 0.007067658102039314

Latency for layer: 3 of Level: WeightMemory
level.active_instances_per_layer[3]: 1
level.temporal_iterations_per_layer[3]: 2256
Scaling per layer[3]: 2,256
Single Tile latency: cc_per_tile_per_layer[3]: 1
Ideal Case, Latency at this level without stalls: cc_per_all_tiles_per_layer[3]: 576
SCALED cc_per_all_tiles_per_layer[3]: 1,299,456
level.getReadPerLayer[3](): 20,791,296
  (For comparison - full reads including accumulation: 20,791,296)
ideal_bandwidth_read_per_layer[3]: 16.0
level.getDrainPerLayer[3](): 0
ideal_bandwidth_drain_per_layer[3]: 0.0
ideal_bandwidth_update_per_layer[3]: 0.0
  (For comparison - full updates including accumulation: 0)
level.getFillPerLayer[3](): 9,216
ideal_bandwidth_fill_per_layer[3]: 0.0070921985815602835

Start of calculation of latency:


Layer_id: 0 in WeightMemory

ideal_bandwidth_read_per_layer[0] + ideal_bandwidth_drain_per_layer[0]: 13.090909090909092 vs level.read_bandwidth: 16
I am in Compute Bound
cc_per_all_tiles_per_layer[0]: 22.0
STANDARD CASE latency_read_drain_per_layer[0]: 22.0

ideal_bandwidth_fill_per_layer[0] + ideal_bandwidth_update_per_layer[0]: 0.005802707930367505 vs level.write_bandwidth: 16
previous_fanout_pe_to_pe_warmup: 0
STANDARD CASE latency_fill_update_per_layer[0]: 22.0


Layer_id: 1 in WeightMemory

ideal_bandwidth_read_per_layer[1] + ideal_bandwidth_drain_per_layer[1]: 15.944636678200691 vs level.read_bandwidth: 16
I am in Compute Bound
cc_per_all_tiles_per_layer[1]: 578.0
STANDARD CASE latency_read_drain_per_layer[1]: 578.0

ideal_bandwidth_fill_per_layer[1] + ideal_bandwidth_update_per_layer[1]: 0.007067658102039314 vs level.write_bandwidth: 16
previous_fanout_pe_to_pe_warmup: 0
STANDARD CASE latency_fill_update_per_layer[1]: 578.0


Layer_id: 2 in WeightMemory

ideal_bandwidth_read_per_layer[2] + ideal_bandwidth_drain_per_layer[2]: 15.944636678200691 vs level.read_bandwidth: 16
I am in Compute Bound
cc_per_all_tiles_per_layer[2]: 578.0
STANDARD CASE latency_read_drain_per_layer[2]: 578.0

ideal_bandwidth_fill_per_layer[2] + ideal_bandwidth_update_per_layer[2]: 0.007067658102039314 vs level.write_bandwidth: 16
previous_fanout_pe_to_pe_warmup: 0
STANDARD CASE latency_fill_update_per_layer[2]: 578.0


Layer_id: 3 in WeightMemory

ideal_bandwidth_read_per_layer[3] + ideal_bandwidth_drain_per_layer[3]: 16.0 vs level.read_bandwidth: 16
I am in Compute Bound
cc_per_all_tiles_per_layer[3]: 576
STANDARD CASE latency_read_drain_per_layer[3]: 576

ideal_bandwidth_fill_per_layer[3] + ideal_bandwidth_update_per_layer[3]: 0.0070921985815602835 vs level.write_bandwidth: 16
previous_fanout_pe_to_pe_warmup: 0
STANDARD CASE latency_fill_update_per_layer[3]: 576

End of calculation of latency.

Calculating per tile final latency and stall for layer 0 in WeightMemory: latency_read_drain_per_layer[0] = 22.0, latency_fill_update_per_layer[0] = 22.0
Final per tile latency_per_layer[0]: 22
Final per tile stall_cycles_per_layer[0]: 0
Ideal case: no stall introduced by this level per this layer: cc_per_all_tiles_per_layer[0]: 22
Calculating per tile final latency and stall for layer 1 in WeightMemory: latency_read_drain_per_layer[1] = 578.0, latency_fill_update_per_layer[1] = 578.0
Final per tile latency_per_layer[1]: 578
Final per tile stall_cycles_per_layer[1]: 0
Ideal case: no stall introduced by this level per this layer: cc_per_all_tiles_per_layer[1]: 578
Calculating per tile final latency and stall for layer 2 in WeightMemory: latency_read_drain_per_layer[2] = 578.0, latency_fill_update_per_layer[2] = 578.0
Final per tile latency_per_layer[2]: 578
Final per tile stall_cycles_per_layer[2]: 0
Ideal case: no stall introduced by this level per this layer: cc_per_all_tiles_per_layer[2]: 578
Calculating per tile final latency and stall for layer 3 in WeightMemory: latency_read_drain_per_layer[3] = 576, latency_fill_update_per_layer[3] = 576
Final per tile latency_per_layer[3]: 576
Final per tile stall_cycles_per_layer[3]: 0
Ideal case: no stall introduced by this level per this layer: cc_per_all_tiles_per_layer[3]: 576


Calculating Latency for Level: FeatureMemory

Latency for layer: 0 of Level: FeatureMemory
level.active_instances_per_layer[0]: 1
level.temporal_iterations_per_layer[0]: 2256
Scaling per layer[0]: 2,256
Single Tile latency: cc_per_tile_per_layer[0]: 22.0
Ideal Case, Latency at this level without stalls: cc_per_all_tiles_per_layer[0]: 22.0
SCALED cc_per_all_tiles_per_layer[0]: 49,632
level.getReadPerLayer[0](): 16,624,915
  (For comparison - full reads including accumulation: 16,624,915)
ideal_bandwidth_read_per_layer[0]: 334.96363636363634
level.getDrainPerLayer[0](): 0
ideal_bandwidth_drain_per_layer[0]: 0.0
ideal_bandwidth_update_per_layer[0]: 301.09090909090907
  (For comparison - full updates including accumulation: 14,943,744)
level.getFillPerLayer[0](): 466,992
ideal_bandwidth_fill_per_layer[0]: 9.409090909090908

Latency for layer: 1 of Level: FeatureMemory
level.active_instances_per_layer[1]: 1
level.temporal_iterations_per_layer[1]: 2256
Scaling per layer[1]: 2,256
Single Tile latency: cc_per_tile_per_layer[1]: 578.0
Ideal Case, Latency at this level without stalls: cc_per_all_tiles_per_layer[1]: 578.0
SCALED cc_per_all_tiles_per_layer[1]: 1,303,968
level.getReadPerLayer[1](): 68,741,222
  (For comparison - full reads including accumulation: 68,741,222)
ideal_bandwidth_read_per_layer[1]: 52.71695501730104
level.getDrainPerLayer[1](): 0
ideal_bandwidth_drain_per_layer[1]: 0.0
ideal_bandwidth_update_per_layer[1]: 11.460207612456747
  (For comparison - full updates including accumulation: 14,943,744)
level.getFillPerLayer[1](): 0
ideal_bandwidth_fill_per_layer[1]: 0.0

Latency for layer: 2 of Level: FeatureMemory
level.active_instances_per_layer[2]: 1
level.temporal_iterations_per_layer[2]: 2256
Scaling per layer[2]: 2,256
Single Tile latency: cc_per_tile_per_layer[2]: 578.0
Ideal Case, Latency at this level without stalls: cc_per_all_tiles_per_layer[2]: 578.0
SCALED cc_per_all_tiles_per_layer[2]: 1,303,968
level.getReadPerLayer[2](): 68,741,222
  (For comparison - full reads including accumulation: 68,741,222)
ideal_bandwidth_read_per_layer[2]: 52.71695501730104
level.getDrainPerLayer[2](): 0
ideal_bandwidth_drain_per_layer[2]: 0.0
ideal_bandwidth_update_per_layer[2]: 11.460207612456747
  (For comparison - full updates including accumulation: 14,943,744)
level.getFillPerLayer[2](): 0
ideal_bandwidth_fill_per_layer[2]: 0.0

Latency for layer: 3 of Level: FeatureMemory
level.active_instances_per_layer[3]: 1
level.temporal_iterations_per_layer[3]: 2256
Scaling per layer[3]: 2,256
Single Tile latency: cc_per_tile_per_layer[3]: 576
Ideal Case, Latency at this level without stalls: cc_per_all_tiles_per_layer[3]: 576
SCALED cc_per_all_tiles_per_layer[3]: 1,299,456
level.getReadPerLayer[3](): 53,797,478
  (For comparison - full reads including accumulation: 53,797,478)
ideal_bandwidth_read_per_layer[3]: 41.4
level.getDrainPerLayer[3](): 14,943,744
ideal_bandwidth_drain_per_layer[3]: 11.5
ideal_bandwidth_update_per_layer[3]: 11.5
  (For comparison - full updates including accumulation: 14,943,744)
level.getFillPerLayer[3](): 0
ideal_bandwidth_fill_per_layer[3]: 0.0

Start of calculation of latency:
I am in FeatureMemory level, so I use different formula for latency calculation


Layer_id: 0 in FeatureMemory

scaling_per_layer[0]: 2256
I AM HERE total_data_rd: 16624915
latency_per_layer[0]: 109.19445955566302, latency_read_drain_per_layer[0]: 55.827272055663016, latency_fill_update_per_layer[0]: 53.3671875
Total latency so far: 109.19445955566302


Layer_id: 1 in FeatureMemory

scaling_per_layer[1]: 2256
I AM HERE total_data_rd: 68741222
latency_per_layer[1]: 282.58636229314425, latency_read_drain_per_layer[1]: 230.83636229314422, latency_fill_update_per_layer[1]: 51.75
Total latency so far: 391.78082184880725


Layer_id: 2 in FeatureMemory

scaling_per_layer[2]: 2256
I AM HERE total_data_rd: 68741222
latency_per_layer[2]: 282.58636229314425, latency_read_drain_per_layer[2]: 230.83636229314422, latency_fill_update_per_layer[2]: 51.75
Total latency so far: 674.3671841419515


Layer_id: 3 in FeatureMemory

scaling_per_layer[3]: 2256
I AM HERE total_data_rd: 68741222
latency_per_layer[3]: 282.58636229314425, latency_read_drain_per_layer[3]: 230.83636229314422, latency_fill_update_per_layer[3]: 51.75
Total latency so far: 956.9535464350957

End of calculation of latency.

Calculating per tile final latency and stall for layer 0 in FeatureMemory: latency_read_drain_per_layer[0] = 55.827272055663016, latency_fill_update_per_layer[0] = 53.3671875
Final per tile latency_per_layer[0]: 109
Final per tile stall_cycles_per_layer[0]: 87
Ideal case: no stall introduced by this level per this layer: cc_per_all_tiles_per_layer[0]: 22
Calculating per tile final latency and stall for layer 1 in FeatureMemory: latency_read_drain_per_layer[1] = 230.83636229314422, latency_fill_update_per_layer[1] = 51.75
Final per tile latency_per_layer[1]: 578
Final per tile stall_cycles_per_layer[1]: 0
Ideal case: no stall introduced by this level per this layer: cc_per_all_tiles_per_layer[1]: 578
Calculating per tile final latency and stall for layer 2 in FeatureMemory: latency_read_drain_per_layer[2] = 230.83636229314422, latency_fill_update_per_layer[2] = 51.75
Final per tile latency_per_layer[2]: 578
Final per tile stall_cycles_per_layer[2]: 0
Ideal case: no stall introduced by this level per this layer: cc_per_all_tiles_per_layer[2]: 578
Calculating per tile final latency and stall for layer 3 in FeatureMemory: latency_read_drain_per_layer[3] = 230.83636229314422, latency_fill_update_per_layer[3] = 51.75
Final per tile latency_per_layer[3]: 576
Final per tile stall_cycles_per_layer[3]: 0
Ideal case: no stall introduced by this level per this layer: cc_per_all_tiles_per_layer[3]: 576


Calculating Latency for Level: DRAM

Latency for layer: 0 of Level: DRAM
level.active_instances_per_layer[0]: 1
level.temporal_iterations_per_layer[0]: 1
Scaling per layer[0]: 1
Single Tile latency: cc_per_tile_per_layer[0]: 109.19445955566302
Ideal Case, Latency at this level without stalls: cc_per_all_tiles_per_layer[0]: 246342.70075757577
SCALED cc_per_all_tiles_per_layer[0]: 246,343
level.getReadPerLayer[0](): 467,280
  (For comparison - full reads including accumulation: 467,280)
ideal_bandwidth_read_per_layer[0]: 1.8968696801771576
level.getDrainPerLayer[0](): 0
ideal_bandwidth_drain_per_layer[0]: 0.0
ideal_bandwidth_update_per_layer[0]: 0.0
  (For comparison - full updates including accumulation: 0)
level.getFillPerLayer[0](): 0
ideal_bandwidth_fill_per_layer[0]: 0.0

Latency for layer: 1 of Level: DRAM
level.active_instances_per_layer[1]: 1
level.temporal_iterations_per_layer[1]: 1
Scaling per layer[1]: 1
Single Tile latency: cc_per_tile_per_layer[1]: 578.0
Ideal Case, Latency at this level without stalls: cc_per_all_tiles_per_layer[1]: 1303968.0
SCALED cc_per_all_tiles_per_layer[1]: 1,303,968
level.getReadPerLayer[1](): 9,216
  (For comparison - full reads including accumulation: 9,216)
ideal_bandwidth_read_per_layer[1]: 0.007067658102039314
level.getDrainPerLayer[1](): 0
ideal_bandwidth_drain_per_layer[1]: 0.0
ideal_bandwidth_update_per_layer[1]: 0.0
  (For comparison - full updates including accumulation: 0)
level.getFillPerLayer[1](): 0
ideal_bandwidth_fill_per_layer[1]: 0.0

Latency for layer: 2 of Level: DRAM
level.active_instances_per_layer[2]: 1
level.temporal_iterations_per_layer[2]: 1
Scaling per layer[2]: 1
Single Tile latency: cc_per_tile_per_layer[2]: 578.0
Ideal Case, Latency at this level without stalls: cc_per_all_tiles_per_layer[2]: 1303968.0
SCALED cc_per_all_tiles_per_layer[2]: 1,303,968
level.getReadPerLayer[2](): 9,216
  (For comparison - full reads including accumulation: 9,216)
ideal_bandwidth_read_per_layer[2]: 0.007067658102039314
level.getDrainPerLayer[2](): 0
ideal_bandwidth_drain_per_layer[2]: 0.0
ideal_bandwidth_update_per_layer[2]: 0.0
  (For comparison - full updates including accumulation: 0)
level.getFillPerLayer[2](): 0
ideal_bandwidth_fill_per_layer[2]: 0.0

Latency for layer: 3 of Level: DRAM
level.active_instances_per_layer[3]: 1
level.temporal_iterations_per_layer[3]: 1
Scaling per layer[3]: 1
Single Tile latency: cc_per_tile_per_layer[3]: 576
Ideal Case, Latency at this level without stalls: cc_per_all_tiles_per_layer[3]: 1299456
SCALED cc_per_all_tiles_per_layer[3]: 1,299,456
level.getReadPerLayer[3](): 9,216
  (For comparison - full reads including accumulation: 9,216)
ideal_bandwidth_read_per_layer[3]: 0.0070921985815602835
level.getDrainPerLayer[3](): 0
ideal_bandwidth_drain_per_layer[3]: 0.0
ideal_bandwidth_update_per_layer[3]: 11.5
  (For comparison - full updates including accumulation: 14,943,744)
level.getFillPerLayer[3](): 0
ideal_bandwidth_fill_per_layer[3]: 0.0

Start of calculation of latency:


Layer_id: 0 in DRAM

ideal_bandwidth_read_per_layer[0] + ideal_bandwidth_drain_per_layer[0]: 1.8968696801771576 vs level.read_bandwidth: 12
I am in Compute Bound
cc_per_all_tiles_per_layer[0]: 246342.70075757577
STANDARD CASE latency_read_drain_per_layer[0]: 246342.70075757577

ideal_bandwidth_fill_per_layer[0] + ideal_bandwidth_update_per_layer[0]: 0.0 vs level.write_bandwidth: 12
previous_fanout_pe_to_pe_warmup: 0
STANDARD CASE latency_fill_update_per_layer[0]: 246342.70075757577


Layer_id: 1 in DRAM

ideal_bandwidth_read_per_layer[1] + ideal_bandwidth_drain_per_layer[1]: 0.007067658102039314 vs level.read_bandwidth: 12
I am in Compute Bound
cc_per_all_tiles_per_layer[1]: 1303968.0
STANDARD CASE latency_read_drain_per_layer[1]: 1303968.0

ideal_bandwidth_fill_per_layer[1] + ideal_bandwidth_update_per_layer[1]: 0.0 vs level.write_bandwidth: 12
previous_fanout_pe_to_pe_warmup: 0
STANDARD CASE latency_fill_update_per_layer[1]: 1303968.0


Layer_id: 2 in DRAM

ideal_bandwidth_read_per_layer[2] + ideal_bandwidth_drain_per_layer[2]: 0.007067658102039314 vs level.read_bandwidth: 12
I am in Compute Bound
cc_per_all_tiles_per_layer[2]: 1303968.0
STANDARD CASE latency_read_drain_per_layer[2]: 1303968.0

ideal_bandwidth_fill_per_layer[2] + ideal_bandwidth_update_per_layer[2]: 0.0 vs level.write_bandwidth: 12
previous_fanout_pe_to_pe_warmup: 0
STANDARD CASE latency_fill_update_per_layer[2]: 1303968.0


Layer_id: 3 in DRAM

ideal_bandwidth_read_per_layer[3] + ideal_bandwidth_drain_per_layer[3]: 0.0070921985815602835 vs level.read_bandwidth: 12
I am in Compute Bound
cc_per_all_tiles_per_layer[3]: 1299456
STANDARD CASE latency_read_drain_per_layer[3]: 1299456

ideal_bandwidth_fill_per_layer[3] + ideal_bandwidth_update_per_layer[3]: 11.5 vs level.write_bandwidth: 12
previous_fanout_pe_to_pe_warmup: 0
STANDARD CASE latency_fill_update_per_layer[3]: 1299456

End of calculation of latency.

Calculating per tile final latency and stall for layer 0 in DRAM: latency_read_drain_per_layer[0] = 246342.70075757577, latency_fill_update_per_layer[0] = 246342.70075757577
Final per tile latency_per_layer[0]: 246,343
Final per tile stall_cycles_per_layer[0]: 0
Ideal case: no stall introduced by this level per this layer: cc_per_all_tiles_per_layer[0]: 246,343
Calculating per tile final latency and stall for layer 1 in DRAM: latency_read_drain_per_layer[1] = 1303968.0, latency_fill_update_per_layer[1] = 1303968.0
Final per tile latency_per_layer[1]: 1,303,968
Final per tile stall_cycles_per_layer[1]: 0
Ideal case: no stall introduced by this level per this layer: cc_per_all_tiles_per_layer[1]: 1,303,968
Calculating per tile final latency and stall for layer 2 in DRAM: latency_read_drain_per_layer[2] = 1303968.0, latency_fill_update_per_layer[2] = 1303968.0
Final per tile latency_per_layer[2]: 1,303,968
Final per tile stall_cycles_per_layer[2]: 0
Ideal case: no stall introduced by this level per this layer: cc_per_all_tiles_per_layer[2]: 1,303,968
Calculating per tile final latency and stall for layer 3 in DRAM: latency_read_drain_per_layer[3] = 1299456, latency_fill_update_per_layer[3] = 1299456
Final per tile latency_per_layer[3]: 1,299,456
Final per tile stall_cycles_per_layer[3]: 0
Ideal case: no stall introduced by this level per this layer: cc_per_all_tiles_per_layer[3]: 1,299,456


Final WMOPs and Latency calculation for Level: DRAM
Level: DRAM, Layer: 0
max_latency_per_layer[0]: 0 before update
level.getSettedLatencyPerLayer[0](): 246,343
Level: DRAM, Layer: 1
max_latency_per_layer[1]: 0 before update
level.getSettedLatencyPerLayer[1](): 1,303,968
Level: DRAM, Layer: 2
max_latency_per_layer[2]: 0 before update
level.getSettedLatencyPerLayer[2](): 1,303,968
Level: DRAM, Layer: 3
max_latency_per_layer[3]: 0 before update
level.getSettedLatencyPerLayer[3](): 1,299,456
Level DRAM: Thesis_4Layers_534528KB_FMEM_16x256_PEs, max_latency (sequential layers): 4,153,735


Final WMOPs and Latency calculation for Level: FeatureMemory
Level: FeatureMemory, Layer: 0
max_latency_per_layer[0]: 246,343 before update
level.getSettedLatencyPerLayer[0](): 56
Level: FeatureMemory, Layer: 1
max_latency_per_layer[1]: 1,303,968 before update
level.getSettedLatencyPerLayer[1](): 231
Level: FeatureMemory, Layer: 2
max_latency_per_layer[2]: 1,303,968 before update
level.getSettedLatencyPerLayer[2](): 231
Level: FeatureMemory, Layer: 3
max_latency_per_layer[3]: 1,299,456 before update
level.getSettedLatencyPerLayer[3](): 520,767
Level FeatureMemory: Thesis_4Layers_534528KB_FMEM_16x256_PEs, max_latency (sequential layers): 4,153,735


Final WMOPs and Latency calculation for Level: WeightMemory
Level: WeightMemory, Layer: 0
max_latency_per_layer[0]: 246,343 before update
level.getSettedLatencyPerLayer[0](): 22
Level: WeightMemory, Layer: 1
max_latency_per_layer[1]: 1,303,968 before update
level.getSettedLatencyPerLayer[1](): 578
Level: WeightMemory, Layer: 2
max_latency_per_layer[2]: 1,303,968 before update
level.getSettedLatencyPerLayer[2](): 578
Level: WeightMemory, Layer: 3
max_latency_per_layer[3]: 1,299,456 before update
level.getSettedLatencyPerLayer[3](): 1,299,456
Level WeightMemory: Thesis_4Layers_534528KB_FMEM_16x256_PEs, max_latency (sequential layers): 4,153,735


Final WMOPs and Latency calculation for Level: SACols_3


Final WMOPs and Latency calculation for Level: SARows_3


Final WMOPs and Latency calculation for Level: SACols_2


Final WMOPs and Latency calculation for Level: SARows_2


Final WMOPs and Latency calculation for Level: SACols_1


Final WMOPs and Latency calculation for Level: SARows_1


Final WMOPs and Latency calculation for Level: SACols_0


Final WMOPs and Latency calculation for Level: SARows_0


Final WMOPs and Latency calculation for Level: WeightRegister
Level: WeightRegister, Layer: 0
max_latency_per_layer[0]: 246,343 before update
level.getSettedLatencyPerLayer[0](): 1
Level: WeightRegister, Layer: 1
max_latency_per_layer[1]: 1,303,968 before update
level.getSettedLatencyPerLayer[1](): 1
Level: WeightRegister, Layer: 2
max_latency_per_layer[2]: 1,303,968 before update
level.getSettedLatencyPerLayer[2](): 1
Level: WeightRegister, Layer: 3
max_latency_per_layer[3]: 1,299,456 before update
level.getSettedLatencyPerLayer[3](): 1,299,456
Level WeightRegister: Thesis_4Layers_534528KB_FMEM_16x256_PEs, max_latency (sequential layers): 4,153,735


Final WMOPs and Latency calculation for Level: AccumulationIntermediateOutputRegister
Level: AccumulationIntermediateOutputRegister, Layer: 0
max_latency_per_layer[0]: 246,343 before update
level.getSettedLatencyPerLayer[0](): 1
Level: AccumulationIntermediateOutputRegister, Layer: 1
max_latency_per_layer[1]: 1,303,968 before update
level.getSettedLatencyPerLayer[1](): 1
Level: AccumulationIntermediateOutputRegister, Layer: 2
max_latency_per_layer[2]: 1,303,968 before update
level.getSettedLatencyPerLayer[2](): 1
Level: AccumulationIntermediateOutputRegister, Layer: 3
max_latency_per_layer[3]: 1,299,456 before update
level.getSettedLatencyPerLayer[3](): 1,299,456
Level AccumulationIntermediateOutputRegister: Thesis_4Layers_534528KB_FMEM_16x256_PEs, max_latency (sequential layers): 4,153,735


Final WMOPs and Latency calculation for Level: AccumulationOutputRegister
Level: AccumulationOutputRegister, Layer: 0
max_latency_per_layer[0]: 246,343 before update
level.getSettedLatencyPerLayer[0](): 1
Level: AccumulationOutputRegister, Layer: 1
max_latency_per_layer[1]: 1,303,968 before update
level.getSettedLatencyPerLayer[1](): 1
Level: AccumulationOutputRegister, Layer: 2
max_latency_per_layer[2]: 1,303,968 before update
level.getSettedLatencyPerLayer[2](): 1
Level: AccumulationOutputRegister, Layer: 3
max_latency_per_layer[3]: 1,299,456 before update
level.getSettedLatencyPerLayer[3](): 1,299,456
Level AccumulationOutputRegister: Thesis_4Layers_534528KB_FMEM_16x256_PEs, max_latency (sequential layers): 4,153,735


Final WMOPs and Latency calculation for Level: Compute
Compute level latency: 1
Compute latency for layer 0: 40,608
Compute latency for layer 1: 1,299,456
Compute latency for layer 2: 1,299,456
Compute latency for layer 3: 1,299,456
max_latency initially: 4153734.7007575757
compute_latency from compute level: 3,938,976
max_latency after compute: 4,153,735, before fanout_level
level SACols_3 utilization: 207/256=0.80859375
utilization after level SACols_3: 0.80859375
level SARows_3 utilization: 16/16=1.0
utilization after level SARows_3: 0.80859375
level SACols_2 utilization: 207/256=0.80859375
utilization after level SACols_2: 0.6538238525390625
level SARows_2 utilization: 16/16=1.0
utilization after level SARows_2: 0.6538238525390625
level SACols_1 utilization: 207/256=0.80859375
utilization after level SACols_1: 0.5286778807640076
level SARows_1 utilization: 16/16=1.0
utilization after level SARows_1: 0.5286778807640076
level SACols_0 utilization: 207/256=0.80859375
utilization after level SACols_0: 0.42748563014902174
level SARows_0 utilization: 16/16=1.0
utilization after level SARows_0: 0.42748563014902174
level Compute utilization: 1/1=1.0
utilization after level Compute: 0.42748563014902174
Arch: Thesis_4Layers_534528KB_FMEM_16x256_PEs: spatial utilization is 0.42748563014902174
utilization used in WART calculation: 0.42748563014902174
CIAO!
updateStats2
-- fanout maximization --
tile_sizes[dim]: [207, 3], self._dim_products[dim]: [6, 1]
input_FC_size distinct: 2484
Input FC size: 2484

Input size: 470232

Output size: 7471872

Weight size: 27936

Intermediate input size: 37630656
Total intermediate size (input + output): 0

input_size: 470232, output_size: 7471872, weight_size: 27936, intermediate_size: 0
Total mem footprint: 7972524



tile_sizes[dim]: [207, 3], self._dim_products[dim]: [6, 1]
input_FC_size distinct: 2484
Input FC size: 2484

Input size: 470232

Output size: 14943744

Weight size: 27936

Intermediate input size: 37630656
Total intermediate size (input + output): 0

input_size: 470232, output_size: 14943744, weight_size: 27936, intermediate_size: 0
Total mem footprint: 15444396



tile_sizes[dim]: [207, 3], self._dim_products[dim]: [6, 1]
input_FC_size distinct: 2484
Input FC size: 2484

Input size: 470232

Output size: 14943744

Weight size: 27936

Intermediate input size: 37630656
Total intermediate size (input + output): 0

input_size: 470232, output_size: 14943744, weight_size: 27936, intermediate_size: 0
Total mem footprint: 15444396



tile_sizes[dim]: [207, 3], self._dim_products[dim]: [3, 1]
input_FC_size distinct: 1242
Input FC size: 1242

Input size: 235494

Output size: 14943744

Weight size: 27936

Intermediate input size: 45142272
Total intermediate size (input + output): 0

input_size: 235494, output_size: 14943744, weight_size: 27936, intermediate_size: 0
Total mem footprint: 15208416



-- local search of memory levels --
Choices after one step: {}
No valid follow-up configuration, stopping, current Wart: 1.646e+20
Total moves: 0
Total choices: 1
Choices: {}
Getting flat weight coupling for layer None
Getting flat weight coupling for layer None
Getting flat weight coupling for layer None
-- spatial-memory levels co-optimization --
Choices after one step: {}
No valid follow-up configuration, stopping, current Wart: 1.646e+20
Total moves: 0
Total choices: 1
Choices: {}
Getting flat weight coupling for layer None
Getting flat weight coupling for layer None
Getting flat weight coupling for layer None
é stato chiamato update stats! 




Questo mops è chiamato da update stats
Level: DRAM, arch bypasses for the level: ['int_in', 'int_out'], in_bp: 1, w_bp: 0, out_bp: 1, int_in_bp: 0, int_out_bp: 0
DEBUG updateStats pre scaling: Level DRAM:
  in_reads: 466992
  per_layer_w_reads: {0: 288, 1: 9216, 2: 9216, 3: 9216}
  per_layer_int_in_reads: {0: 0, 1: 0, 2: 0}
  per_layer_int_out_reads: {0: 0, 1: 0, 2: 0}
  per_layer_int_out_writes: {0: 0, 1: 0, 2: 0}
  out_reads: 14943744
  out_writes: 14943744
  out_reads_factors: 1
scale_per_layer[0]: 1, temporal_iterations_per_layer[0]: 1, spatial_iterations_per_layer[0]: 1
DEBUG: results after scaling: Level DRAM: in_reads=466992, w_reads=27936, int_in_reads=0, int_out_reads=0, int_out_writes=0, out_writes=14943744, out_reads=14943744, out_reads_factors=1
DEBUG: Level DRAM adjusted out_reads for no bias read: 0
DEBUG: Level DRAM bypasses intermediate storage
DEBUG updateStats post scaling: Level DRAM:
  in_reads: 466,992
  per_layer_w_reads: {0: 288, 1: 9216, 2: 9216, 3: 9216}
  w_reads: 27,936
  per_layer_int_in_reads: {0: 0, 1: 0, 2: 0}
  per_layer_int_in_writes: {0: 0, 1: 0, 2: 0}
  int_in_reads: 0
  per_layer_int_out_reads: {0: 0, 1: 0, 2: 0}
  per_layer_int_out_writes: {0: 0, 1: 0, 2: 0}
  int_out_reads: 0
  out_reads: 0
  out_writes: 14,943,744
  out_reads_factors: 1
in_writes: 0, w_writes: 0, int_in_writes: 0, int_out_writes: 0, out_writes: 14943744
Name of the level: DRAM, level active instances per layer: {0: 1, 1: 1, 2: 1, 3: 1}, level active instances: 1
Level DRAM, Layer 0: total_reads = 467280, total_writes = 0
Level DRAM, Layer 1: total_reads = 9216, total_writes = 0
Level DRAM, Layer 2: total_reads = 9216, total_writes = 0
DEBUG: Level DRAM, Layer 3, per_layer_int_in_reads2: 0, per_layer_w_reads3: 9216, out_reads: 0
Level DRAM, Layer 3: total_reads = 9216, total_writes = 14943744
Check: Per Layer Total reads: {0: 467280, 1: 9216, 2: 9216, 3: 9216}, total: 494928
Check: Per Layer Total writes: {0: 0, 1: 0, 2: 0, 3: 14943744}, 
 total: 14943744
Level DRAM total WMOPs from per layer sum: 494,037,504.000
Level DRAM total WMOPs from total reads/writes: 494,037,504.000
End first part of update for level: DRAM



Questo mops è chiamato da update stats
Level: FeatureMemory, arch bypasses for the level: ['w'], in_bp: 0, w_bp: 0, out_bp: 0, int_in_bp: 0, int_out_bp: 0
DEBUG updateStats pre scaling: Level FeatureMemory:
  in_reads: 3726
  per_layer_w_reads: {0: 0, 1: 0, 2: 0, 3: 0}
  per_layer_int_in_reads: {0: 119232, 1: 119232, 2: 119232}
  per_layer_int_out_reads: {0: 6624, 1: 6624, 2: 6624}
  per_layer_int_out_writes: {0: 6624, 1: 6624, 2: 6624}
  out_reads: 6624
  out_writes: 6624
  out_reads_factors: 1
scale_per_layer[0]: 2256, temporal_iterations_per_layer[0]: 2256, spatial_iterations_per_layer[0]: 1
DEBUG: results after scaling: Level FeatureMemory: in_reads=8405856, w_reads=0, int_in_reads=806962176, int_out_reads=44831232, int_out_writes=44831232, out_writes=14943744, out_reads=14943744, out_reads_factors=1
DEBUG: Level FeatureMemory adjusted out_reads for no bias read: 0
DEBUG updateStats post scaling: Level FeatureMemory:
  in_reads: 8,405,856
  per_layer_w_reads: {0: 0, 1: 0, 2: 0, 3: 0}
  w_reads: 0
  per_layer_int_in_reads: {0: 268987392, 1: 268987392, 2: 268987392}
  per_layer_int_in_writes: {0: 0, 1: 0, 2: 0}
  int_in_reads: 806,962,176
  per_layer_int_out_reads: {0: 14943744, 1: 14943744, 2: 14943744}
  per_layer_int_out_writes: {0: 14943744, 1: 14943744, 2: 14943744}
  int_out_reads: 44,831,232
  out_reads: 14,943,744
  out_writes: 14,943,744
  out_reads_factors: 1
in_writes: 466992, w_writes: 0, int_in_writes: 0, int_out_writes: 44831232, out_writes: 14943744
Name of the level: FeatureMemory, level active instances per layer: {0: 1, 1: 1, 2: 1, 3: 1}, level active instances: 1
Level FeatureMemory, Layer 0: total_reads = 23349600, total_writes = 15410736
Level FeatureMemory, Layer 1: total_reads = 283931136, total_writes = 14943744
Level FeatureMemory, Layer 2: total_reads = 283931136, total_writes = 14943744
DEBUG: Level FeatureMemory, Layer 3, per_layer_int_in_reads2: 268987392, per_layer_w_reads3: 0, out_reads: 14943744
Level FeatureMemory, Layer 3: total_reads = 283931136, total_writes = 14943744
Check: Per Layer Total reads: {0: 23349600, 1: 283931136, 2: 283931136, 3: 283931136}, total: 875143008
Check: Per Layer Total writes: {0: 15410736, 1: 14943744, 2: 14943744, 3: 14943744}, 
 total: 60241968
Level FeatureMemory total WMOPs from per layer sum: 927,251,843.510
Level FeatureMemory total WMOPs from total reads/writes: 927,251,843.510
End first part of update for level: FeatureMemory



Questo mops è chiamato da update stats
Level: WeightMemory, arch bypasses for the level: ['in', 'int_in', 'int_out', 'out'], in_bp: 0, w_bp: 1, out_bp: 0, int_in_bp: 0, int_out_bp: 0
DEBUG updateStats pre scaling: Level WeightMemory:
  in_reads: 0
  per_layer_w_reads: {0: 288, 1: 9216, 2: 9216, 3: 9216}
  per_layer_int_in_reads: {0: 0, 1: 0, 2: 0}
  per_layer_int_out_reads: {0: 0, 1: 0, 2: 0}
  per_layer_int_out_writes: {0: 0, 1: 0, 2: 0}
  out_reads: 0
  out_writes: 0
  out_reads_factors: 0
scale_per_layer[0] = 2256, temporal_iterations_per_layer[0] = 2256, spatial_iterations_per_layer[0] = 1
scale_per_layer[0]: 2256, temporal_iterations_per_layer[0]: 2256, spatial_iterations_per_layer[0]: 1
DEBUG: results after scaling: Level WeightMemory: in_reads=0, w_reads=63023616, int_in_reads=0, int_out_reads=0, int_out_writes=0, out_writes=0, out_reads=0, out_reads_factors=0
DEBUG: Level WeightMemory bypasses intermediate storage
DEBUG updateStats post scaling: Level WeightMemory:
  in_reads: 0
  per_layer_w_reads: {0: 649728, 1: 20791296, 2: 20791296, 3: 20791296}
  w_reads: 63,023,616
  per_layer_int_in_reads: {0: 0, 1: 0, 2: 0}
  per_layer_int_in_writes: {0: 0, 1: 0, 2: 0}
  int_in_reads: 0
  per_layer_int_out_reads: {0: 0, 1: 0, 2: 0}
  per_layer_int_out_writes: {0: 0, 1: 0, 2: 0}
  int_out_reads: 0
  out_reads: 0
  out_writes: 0
  out_reads_factors: 0
in_writes: 0, w_writes: 27936, int_in_writes: 0, int_out_writes: 0, out_writes: 0
Name of the level: WeightMemory, level active instances per layer: {0: 1, 1: 1, 2: 1, 3: 1}, level active instances: 1
Level WeightMemory, Layer 0: total_reads = 649728, total_writes = 288
Level WeightMemory, Layer 1: total_reads = 20791296, total_writes = 9216
Level WeightMemory, Layer 2: total_reads = 20791296, total_writes = 9216
DEBUG: Level WeightMemory, Layer 3, per_layer_int_in_reads2: 0, per_layer_w_reads3: 20791296, out_reads: 0
Level WeightMemory, Layer 3: total_reads = 20791296, total_writes = 9216
Check: Per Layer Total reads: {0: 649728, 1: 20791296, 2: 20791296, 3: 20791296}, total: 63023616
Check: Per Layer Total writes: {0: 288, 1: 9216, 2: 9216, 3: 9216}, 
 total: 27936
Level WeightMemory total WMOPs from per layer sum: 937,475,435.927
Level WeightMemory total WMOPs from total reads/writes: 937,475,435.927
End first part of update for level: WeightMemory



Calculating Fanout Level: SACols_3, updating spatial and last reads
Fanout Level SACols_3, Layer 3, dim Q, layer_iterations: 207
End of the first part of Update Stats for fanout level: SACols_3


Calculating Fanout Level: SARows_3, updating spatial and last reads
Fanout Level SARows_3, Layer 3, dim Z3, layer_iterations: 16
End of the first part of Update Stats for fanout level: SARows_3


Calculating Fanout Level: SACols_2, updating spatial and last reads
Fanout Level SACols_2, Layer 2, dim X2, layer_iterations: 207
End of the first part of Update Stats for fanout level: SACols_2


Calculating Fanout Level: SARows_2, updating spatial and last reads
Fanout Level SARows_2, Layer 2, dim Z2, layer_iterations: 16
End of the first part of Update Stats for fanout level: SARows_2


Calculating Fanout Level: SACols_1, updating spatial and last reads
Fanout Level SACols_1, Layer 1, dim X1, layer_iterations: 207
End of the first part of Update Stats for fanout level: SACols_1


Calculating Fanout Level: SARows_1, updating spatial and last reads
Fanout Level SARows_1, Layer 1, dim Z1, layer_iterations: 16
End of the first part of Update Stats for fanout level: SARows_1


Calculating Fanout Level: SACols_0, updating spatial and last reads
Fanout Level SACols_0, Layer 0, dim X0, layer_iterations: 207
End of the first part of Update Stats for fanout level: SACols_0


Calculating Fanout Level: SARows_0, updating spatial and last reads
Fanout Level SARows_0, Layer 0, dim Z0, layer_iterations: 16
End of the first part of Update Stats for fanout level: SARows_0


Questo mops è chiamato da update stats
Level: WeightRegister, arch bypasses for the level: ['in', 'int_in', 'int_out', 'out'], in_bp: 0, w_bp: 0, out_bp: 0, int_in_bp: 0, int_out_bp: 0
DEBUG updateStats pre scaling: Level WeightRegister:
  in_reads: 0
  per_layer_w_reads: {0: 1, 1: 1, 2: 1, 3: 1}
  per_layer_int_in_reads: {0: 0, 1: 0, 2: 0}
  per_layer_int_out_reads: {0: 0, 1: 0, 2: 0}
  per_layer_int_out_writes: {0: 0, 1: 0, 2: 0}
  out_reads: 0
  out_writes: 0
  out_reads_factors: 0
scale_per_layer[0]: 134493696, temporal_iterations_per_layer[0]: 40608, spatial_iterations_per_layer[0]: 3312
DEBUG: results after scaling: Level WeightRegister: in_reads=0, w_reads=13045888512, int_in_reads=0, int_out_reads=0, int_out_writes=0, out_writes=0, out_reads=0, out_reads_factors=0
DEBUG: Level WeightRegister bypasses intermediate storage
DEBUG updateStats post scaling: Level WeightRegister:
  in_reads: 0
  per_layer_w_reads: {0: 134493696, 1: 4303798272, 2: 4303798272, 3: 4303798272}
  w_reads: 13,045,888,512
  per_layer_int_in_reads: {0: 0, 1: 0, 2: 0}
  per_layer_int_in_writes: {0: 0, 1: 0, 2: 0}
  int_in_reads: 0
  per_layer_int_out_reads: {0: 0, 1: 0, 2: 0}
  per_layer_int_out_writes: {0: 0, 1: 0, 2: 0}
  int_out_reads: 0
  out_reads: 0
  out_writes: 0
  out_reads_factors: 0
in_writes: 0, w_writes: 13045888512, int_in_writes: 0, int_out_writes: 0, out_writes: 0
Name of the level: WeightRegister, level active instances per layer: {0: 3312, 1: 3312, 2: 3312, 3: 3312}, level active instances: 120326507790336
Level WeightRegister, Layer 0: total_reads = 134493696, total_writes = 134493696
Level WeightRegister, Layer 1: total_reads = 4303798272, total_writes = 4303798272
Level WeightRegister, Layer 2: total_reads = 4303798272, total_writes = 4303798272
DEBUG: Level WeightRegister, Layer 3, per_layer_int_in_reads2: 0, per_layer_w_reads3: 4303798272, out_reads: 0
Level WeightRegister, Layer 3: total_reads = 4303798272, total_writes = 4303798272
Check: Per Layer Total reads: {0: 134493696, 1: 4303798272, 2: 4303798272, 3: 4303798272}, total: 13045888512
Check: Per Layer Total writes: {0: 134493696, 1: 4303798272, 2: 4303798272, 3: 4303798272}, 
 total: 13045888512
Level WeightRegister total WMOPs from per layer sum: 5,168,167,389.885
Level WeightRegister total WMOPs from total reads/writes: 5,168,167,389.885
End first part of update for level: WeightRegister



Questo mops è chiamato da update stats
Level: AccumulationIntermediateOutputRegister, arch bypasses for the level: ['in', 'w', 'out', 'int_in'], in_bp: 0, w_bp: 0, out_bp: 0, int_in_bp: 0, int_out_bp: 0
DEBUG updateStats pre scaling: Level AccumulationIntermediateOutputRegister:
  in_reads: 0
  per_layer_w_reads: {0: 0, 1: 0, 2: 0, 3: 0}
  per_layer_int_in_reads: {0: 0, 1: 0, 2: 0}
  per_layer_int_out_reads: {0: 1, 1: 1, 2: 1}
  per_layer_int_out_writes: {0: 1, 1: 1, 2: 1}
  out_reads: 0
  out_writes: 0
  out_reads_factors: 0
scale_per_layer[0]: 134493696, temporal_iterations_per_layer[0]: 40608, spatial_iterations_per_layer[0]: 3312
DEBUG: results after scaling: Level AccumulationIntermediateOutputRegister: in_reads=0, w_reads=0, int_in_reads=0, int_out_reads=8742090240, int_out_writes=8742090240, out_writes=0, out_reads=0, out_reads_factors=0
DEBUG updateStats post scaling: Level AccumulationIntermediateOutputRegister:
  in_reads: 0
  per_layer_w_reads: {0: 0, 1: 0, 2: 0, 3: 0}
  w_reads: 0
  per_layer_int_in_reads: {0: 0, 1: 0, 2: 0}
  per_layer_int_in_writes: {0: 0, 1: 0, 2: 0}
  int_in_reads: 0
  per_layer_int_out_reads: {0: 149437440, 1: 4318742016, 2: 4318742016}
  per_layer_int_out_writes: {0: 149437440, 1: 4318742016, 2: 4318742016}
  int_out_reads: 8,742,090,240
  out_reads: 0
  out_writes: 0
  out_reads_factors: 0
in_writes: 0, w_writes: 0, int_in_writes: 0, int_out_writes: 8742090240, out_writes: 0
Name of the level: AccumulationIntermediateOutputRegister, level active instances per layer: {0: 3312, 1: 3312, 2: 3312, 3: 3312}, level active instances: 120326507790336
Level AccumulationIntermediateOutputRegister, Layer 0: total_reads = 149437440, total_writes = 149437440
Level AccumulationIntermediateOutputRegister, Layer 1: total_reads = 4318742016, total_writes = 4318742016
Level AccumulationIntermediateOutputRegister, Layer 2: total_reads = 4318742016, total_writes = 4318742016
DEBUG: Level AccumulationIntermediateOutputRegister, Layer 3, per_layer_int_in_reads2: 0, per_layer_w_reads3: 0, out_reads: 0
Level AccumulationIntermediateOutputRegister, Layer 3: total_reads = 0, total_writes = 0
Check: Per Layer Total reads: {0: 149437440, 1: 4318742016, 2: 4318742016, 3: 0}, total: 8786921472
Check: Per Layer Total writes: {0: 149437440, 1: 4318742016, 2: 4318742016, 3: 0}, 
 total: 8786921472
Level AccumulationIntermediateOutputRegister total WMOPs from per layer sum: 8,729,764,642.305
Level AccumulationIntermediateOutputRegister total WMOPs from total reads/writes: 8,711,593,227.752
End first part of update for level: AccumulationIntermediateOutputRegister



Questo mops è chiamato da update stats
Level: AccumulationOutputRegister, arch bypasses for the level: ['in', 'w', 'int_in', 'int_out'], in_bp: 0, w_bp: 0, out_bp: 1, int_in_bp: 0, int_out_bp: 0
DEBUG updateStats pre scaling: Level AccumulationOutputRegister:
  in_reads: 0
  per_layer_w_reads: {0: 0, 1: 0, 2: 0, 3: 0}
  per_layer_int_in_reads: {0: 0, 1: 0, 2: 0}
  per_layer_int_out_reads: {0: 0, 1: 0, 2: 0}
  per_layer_int_out_writes: {0: 0, 1: 0, 2: 0}
  out_reads: 1
  out_writes: 1
  out_reads_factors: 1
scale_per_layer[0]: 134493696, temporal_iterations_per_layer[0]: 40608, spatial_iterations_per_layer[0]: 3312
DEBUG: results after scaling: Level AccumulationOutputRegister: in_reads=0, w_reads=0, int_in_reads=0, int_out_reads=0, int_out_writes=0, out_writes=4303798272, out_reads=4303798272, out_reads_factors=288
DEBUG: Level AccumulationOutputRegister adjusted out_reads for no bias read: 4288854528
DEBUG: Level AccumulationOutputRegister bypasses intermediate storage
DEBUG updateStats post scaling: Level AccumulationOutputRegister:
  in_reads: 0
  per_layer_w_reads: {0: 0, 1: 0, 2: 0, 3: 0}
  w_reads: 0
  per_layer_int_in_reads: {0: 0, 1: 0, 2: 0}
  per_layer_int_in_writes: {0: 0, 1: 0, 2: 0}
  int_in_reads: 0
  per_layer_int_out_reads: {0: 0, 1: 0, 2: 0}
  per_layer_int_out_writes: {0: 0, 1: 0, 2: 0}
  int_out_reads: 0
  out_reads: 4,303,798,272
  out_writes: 4,303,798,272
  out_reads_factors: 288
in_writes: 0, w_writes: 0, int_in_writes: 0, int_out_writes: 0, out_writes: 4303798272
Name of the level: AccumulationOutputRegister, level active instances per layer: {0: 3312, 1: 3312, 2: 3312, 3: 3312}, level active instances: 120326507790336
Level AccumulationOutputRegister, Layer 0: total_reads = 0, total_writes = 0
Level AccumulationOutputRegister, Layer 1: total_reads = 0, total_writes = 0
Level AccumulationOutputRegister, Layer 2: total_reads = 0, total_writes = 0
DEBUG: Level AccumulationOutputRegister, Layer 3, per_layer_int_in_reads2: 0, per_layer_w_reads3: 0, out_reads: 4303798272
Level AccumulationOutputRegister, Layer 3: total_reads = 4303798272, total_writes = 4303798272
Check: Per Layer Total reads: {0: 0, 1: 0, 2: 0, 3: 4303798272}, total: 4303798272
Check: Per Layer Total writes: {0: 0, 1: 0, 2: 0, 3: 4303798272}, 
 total: 4303798272
Level AccumulationOutputRegister total WMOPs from per layer sum: 10,474,220,439.408
Level AccumulationOutputRegister total WMOPs from total reads/writes: 10,456,049,024.855
End first part of update for level: AccumulationOutputRegister



Calculating WMOPs for Compute Level
Compute Level Compute WMOPs_per_layer: {0: 167438709.9881945, 1: 4256041612.703302, 2: 4256041612.703302, 3: 4728184282.518914}
WMOPs_till_now before compute level: 10,474,220,439.408
Compute Level Compute total WMOPs from per layer sum: 13407706217.913712
Compute Level Compute total WMOPs: 2.4108376953183185e+36
Total WMOPs after adding compute level: 23881926657.32199
END FIRST PART OF UPDATE STATS


First cc_per_tile, it is from compute = 1
First cc_per_tile_per_layer it is from compute = {0: 1, 1: 1, 2: 1, 3: 1}


Calculating Latency for Level: AccumulationOutputRegister

Latency for layer: 0 of Level: AccumulationOutputRegister
level.active_instances_per_layer[0]: 3312
level.temporal_iterations_per_layer[0]: 40608
Scaling per layer[0]: 134,493,696
Single Tile latency: cc_per_tile_per_layer[0]: 1
Ideal Case, Latency at this level without stalls: cc_per_all_tiles_per_layer[0]: 1
SCALED cc_per_all_tiles_per_layer[0]: 134,493,696
level.getReadPerLayer[0](): 0
  (For comparison - full reads including accumulation: 0)
ideal_bandwidth_read_per_layer[0]: 0.0
level.getDrainPerLayer[0](): 0
ideal_bandwidth_drain_per_layer[0]: 0.0
ideal_bandwidth_update_per_layer[0]: 0.0
  (For comparison - full updates including accumulation: 0)
level.getFillPerLayer[0](): 0
ideal_bandwidth_fill_per_layer[0]: 0.0

Latency for layer: 1 of Level: AccumulationOutputRegister
level.active_instances_per_layer[1]: 3312
level.temporal_iterations_per_layer[1]: 1299456
Scaling per layer[1]: 4,303,798,272
Single Tile latency: cc_per_tile_per_layer[1]: 1
Ideal Case, Latency at this level without stalls: cc_per_all_tiles_per_layer[1]: 1
SCALED cc_per_all_tiles_per_layer[1]: 4,303,798,272
level.getReadPerLayer[1](): 0
  (For comparison - full reads including accumulation: 0)
ideal_bandwidth_read_per_layer[1]: 0.0
level.getDrainPerLayer[1](): 0
ideal_bandwidth_drain_per_layer[1]: 0.0
ideal_bandwidth_update_per_layer[1]: 0.0
  (For comparison - full updates including accumulation: 0)
level.getFillPerLayer[1](): 0
ideal_bandwidth_fill_per_layer[1]: 0.0

Latency for layer: 2 of Level: AccumulationOutputRegister
level.active_instances_per_layer[2]: 3312
level.temporal_iterations_per_layer[2]: 1299456
Scaling per layer[2]: 4,303,798,272
Single Tile latency: cc_per_tile_per_layer[2]: 1
Ideal Case, Latency at this level without stalls: cc_per_all_tiles_per_layer[2]: 1
SCALED cc_per_all_tiles_per_layer[2]: 4,303,798,272
level.getReadPerLayer[2](): 0
  (For comparison - full reads including accumulation: 0)
ideal_bandwidth_read_per_layer[2]: 0.0
level.getDrainPerLayer[2](): 0
ideal_bandwidth_drain_per_layer[2]: 0.0
ideal_bandwidth_update_per_layer[2]: 0.0
  (For comparison - full updates including accumulation: 0)
level.getFillPerLayer[2](): 0
ideal_bandwidth_fill_per_layer[2]: 0.0

Latency for layer: 3 of Level: AccumulationOutputRegister
level.active_instances_per_layer[3]: 3312
level.temporal_iterations_per_layer[3]: 1299456
Scaling per layer[3]: 4,303,798,272
Single Tile latency: cc_per_tile_per_layer[3]: 1
Ideal Case, Latency at this level without stalls: cc_per_all_tiles_per_layer[3]: 1
SCALED cc_per_all_tiles_per_layer[3]: 4,303,798,272
level.getReadPerLayer[3](): 4,288,854,528
  (For comparison - full reads including accumulation: 4,288,854,528)
ideal_bandwidth_read_per_layer[3]: 0.9965277777777778
level.getDrainPerLayer[3](): 14,943,744
ideal_bandwidth_drain_per_layer[3]: 0.003472222222222222
ideal_bandwidth_update_per_layer[3]: 1.0
  (For comparison - full updates including accumulation: 4,303,798,272)
level.getFillPerLayer[3](): 0
ideal_bandwidth_fill_per_layer[3]: 0.0

Start of calculation of latency:


Layer_id: 0 in AccumulationOutputRegister

ideal_bandwidth_read_per_layer[0] + ideal_bandwidth_drain_per_layer[0]: 0.0 vs level.read_bandwidth: 1
I am in Compute Bound
cc_per_all_tiles_per_layer[0]: 1
STANDARD CASE latency_read_drain_per_layer[0]: 1

ideal_bandwidth_fill_per_layer[0] + ideal_bandwidth_update_per_layer[0]: 0.0 vs level.write_bandwidth: 1
previous_fanout_pe_to_pe_warmup: 0
STANDARD CASE latency_fill_update_per_layer[0]: 1


Layer_id: 1 in AccumulationOutputRegister

ideal_bandwidth_read_per_layer[1] + ideal_bandwidth_drain_per_layer[1]: 0.0 vs level.read_bandwidth: 1
I am in Compute Bound
cc_per_all_tiles_per_layer[1]: 1
STANDARD CASE latency_read_drain_per_layer[1]: 1

ideal_bandwidth_fill_per_layer[1] + ideal_bandwidth_update_per_layer[1]: 0.0 vs level.write_bandwidth: 1
previous_fanout_pe_to_pe_warmup: 0
STANDARD CASE latency_fill_update_per_layer[1]: 1


Layer_id: 2 in AccumulationOutputRegister

ideal_bandwidth_read_per_layer[2] + ideal_bandwidth_drain_per_layer[2]: 0.0 vs level.read_bandwidth: 1
I am in Compute Bound
cc_per_all_tiles_per_layer[2]: 1
STANDARD CASE latency_read_drain_per_layer[2]: 1

ideal_bandwidth_fill_per_layer[2] + ideal_bandwidth_update_per_layer[2]: 0.0 vs level.write_bandwidth: 1
previous_fanout_pe_to_pe_warmup: 0
STANDARD CASE latency_fill_update_per_layer[2]: 1


Layer_id: 3 in AccumulationOutputRegister

ideal_bandwidth_read_per_layer[3] + ideal_bandwidth_drain_per_layer[3]: 1.0 vs level.read_bandwidth: 1
I am in Compute Bound
cc_per_all_tiles_per_layer[3]: 1
STANDARD CASE latency_read_drain_per_layer[3]: 1

ideal_bandwidth_fill_per_layer[3] + ideal_bandwidth_update_per_layer[3]: 1.0 vs level.write_bandwidth: 1
previous_fanout_pe_to_pe_warmup: 0
STANDARD CASE latency_fill_update_per_layer[3]: 1

End of calculation of latency.

Calculating per tile final latency and stall for layer 0 in AccumulationOutputRegister: latency_read_drain_per_layer[0] = 1, latency_fill_update_per_layer[0] = 1
Final per tile latency_per_layer[0]: 1
Final per tile stall_cycles_per_layer[0]: 0
Ideal case: no stall introduced by this level per this layer: cc_per_all_tiles_per_layer[0]: 1
Calculating per tile final latency and stall for layer 1 in AccumulationOutputRegister: latency_read_drain_per_layer[1] = 1, latency_fill_update_per_layer[1] = 1
Final per tile latency_per_layer[1]: 1
Final per tile stall_cycles_per_layer[1]: 0
Ideal case: no stall introduced by this level per this layer: cc_per_all_tiles_per_layer[1]: 1
Calculating per tile final latency and stall for layer 2 in AccumulationOutputRegister: latency_read_drain_per_layer[2] = 1, latency_fill_update_per_layer[2] = 1
Final per tile latency_per_layer[2]: 1
Final per tile stall_cycles_per_layer[2]: 0
Ideal case: no stall introduced by this level per this layer: cc_per_all_tiles_per_layer[2]: 1
Calculating per tile final latency and stall for layer 3 in AccumulationOutputRegister: latency_read_drain_per_layer[3] = 1, latency_fill_update_per_layer[3] = 1
Final per tile latency_per_layer[3]: 1
Final per tile stall_cycles_per_layer[3]: 0
Ideal case: no stall introduced by this level per this layer: cc_per_all_tiles_per_layer[3]: 1


Calculating Latency for Level: AccumulationIntermediateOutputRegister

Latency for layer: 0 of Level: AccumulationIntermediateOutputRegister
level.active_instances_per_layer[0]: 3312
level.temporal_iterations_per_layer[0]: 40608
Scaling per layer[0]: 134,493,696
Single Tile latency: cc_per_tile_per_layer[0]: 1
Ideal Case, Latency at this level without stalls: cc_per_all_tiles_per_layer[0]: 1
SCALED cc_per_all_tiles_per_layer[0]: 134,493,696
level.getReadPerLayer[0](): 149,437,440
  (For comparison - full reads including accumulation: 149,437,440)
ideal_bandwidth_read_per_layer[0]: 1.1111111111111112
level.getDrainPerLayer[0](): 14,943,744
ideal_bandwidth_drain_per_layer[0]: 0.1111111111111111
ideal_bandwidth_update_per_layer[0]: 1.0
  (For comparison - full updates including accumulation: 134,493,696)
level.getFillPerLayer[0](): 14,943,744
ideal_bandwidth_fill_per_layer[0]: 0.1111111111111111

Latency for layer: 1 of Level: AccumulationIntermediateOutputRegister
level.active_instances_per_layer[1]: 3312
level.temporal_iterations_per_layer[1]: 1299456
Scaling per layer[1]: 4,303,798,272
Single Tile latency: cc_per_tile_per_layer[1]: 1
Ideal Case, Latency at this level without stalls: cc_per_all_tiles_per_layer[1]: 1
SCALED cc_per_all_tiles_per_layer[1]: 4,303,798,272
level.getReadPerLayer[1](): 4,303,798,272
  (For comparison - full reads including accumulation: 4,303,798,272)
ideal_bandwidth_read_per_layer[1]: 1.0
level.getDrainPerLayer[1](): 14,943,744
ideal_bandwidth_drain_per_layer[1]: 0.003472222222222222
ideal_bandwidth_update_per_layer[1]: 1.0
  (For comparison - full updates including accumulation: 4,303,798,272)
level.getFillPerLayer[1](): 14,943,744
ideal_bandwidth_fill_per_layer[1]: 0.003472222222222222

Latency for layer: 2 of Level: AccumulationIntermediateOutputRegister
level.active_instances_per_layer[2]: 3312
level.temporal_iterations_per_layer[2]: 1299456
Scaling per layer[2]: 4,303,798,272
Single Tile latency: cc_per_tile_per_layer[2]: 1
Ideal Case, Latency at this level without stalls: cc_per_all_tiles_per_layer[2]: 1
SCALED cc_per_all_tiles_per_layer[2]: 4,303,798,272
level.getReadPerLayer[2](): 4,303,798,272
  (For comparison - full reads including accumulation: 4,303,798,272)
ideal_bandwidth_read_per_layer[2]: 1.0
level.getDrainPerLayer[2](): 14,943,744
ideal_bandwidth_drain_per_layer[2]: 0.003472222222222222
ideal_bandwidth_update_per_layer[2]: 1.0
  (For comparison - full updates including accumulation: 4,303,798,272)
level.getFillPerLayer[2](): 14,943,744
ideal_bandwidth_fill_per_layer[2]: 0.003472222222222222

Latency for layer: 3 of Level: AccumulationIntermediateOutputRegister
level.active_instances_per_layer[3]: 3312
level.temporal_iterations_per_layer[3]: 1299456
Scaling per layer[3]: 4,303,798,272
Single Tile latency: cc_per_tile_per_layer[3]: 1
Ideal Case, Latency at this level without stalls: cc_per_all_tiles_per_layer[3]: 1
SCALED cc_per_all_tiles_per_layer[3]: 4,303,798,272
level.getReadPerLayer[3](): 0
  (For comparison - full reads including accumulation: 0)
ideal_bandwidth_read_per_layer[3]: 0.0
level.getDrainPerLayer[3](): 0
ideal_bandwidth_drain_per_layer[3]: 0.0
ideal_bandwidth_update_per_layer[3]: 0.0
  (For comparison - full updates including accumulation: 0)
level.getFillPerLayer[3](): 0
ideal_bandwidth_fill_per_layer[3]: 0.0

Start of calculation of latency:


Layer_id: 0 in AccumulationIntermediateOutputRegister

ideal_bandwidth_read_per_layer[0] + ideal_bandwidth_drain_per_layer[0]: 1.2222222222222223 vs level.read_bandwidth: 1
I am in Slowdown: Memory Bound
ideal_bandwidth_read_per_layer[0]: 1.1111111111111112
ideal_bandwidth_drain_per_layer[0]: 0.1111111111111111
level.read_bandwidth: 1
total data (for bandwidth): 164381184
scaling_per_layer[0]: 134493696
SLOWDOWN CASE latency_read_drain_per_layer[0]: 1.2222222222222223

ideal_bandwidth_fill_per_layer[0] + ideal_bandwidth_update_per_layer[0]: 1.1111111111111112 vs level.write_bandwidth: 1
ideal_bandwidth_fill_per_layer[0]: 0.1111111111111111
ideal_bandwidth_update_per_layer[0]: 1.0
level.write_bandwidth: 1
total data (for bandwidth): 149437440
scaling_per_layer[0]: 134493696
SLOWDOWN CASE latency_fill_update_per_layer[0]: 1.1111111111111112


Layer_id: 1 in AccumulationIntermediateOutputRegister

ideal_bandwidth_read_per_layer[1] + ideal_bandwidth_drain_per_layer[1]: 1.0034722222222223 vs level.read_bandwidth: 1
I am in Slowdown: Memory Bound
ideal_bandwidth_read_per_layer[1]: 1.0
ideal_bandwidth_drain_per_layer[1]: 0.003472222222222222
level.read_bandwidth: 1
total data (for bandwidth): 4318742016
scaling_per_layer[1]: 4303798272
SLOWDOWN CASE latency_read_drain_per_layer[1]: 1.0034722222222223

ideal_bandwidth_fill_per_layer[1] + ideal_bandwidth_update_per_layer[1]: 1.0034722222222223 vs level.write_bandwidth: 1
ideal_bandwidth_fill_per_layer[1]: 0.003472222222222222
ideal_bandwidth_update_per_layer[1]: 1.0
level.write_bandwidth: 1
total data (for bandwidth): 4318742016
scaling_per_layer[1]: 4303798272
SLOWDOWN CASE latency_fill_update_per_layer[1]: 1.0034722222222223


Layer_id: 2 in AccumulationIntermediateOutputRegister

ideal_bandwidth_read_per_layer[2] + ideal_bandwidth_drain_per_layer[2]: 1.0034722222222223 vs level.read_bandwidth: 1
I am in Slowdown: Memory Bound
ideal_bandwidth_read_per_layer[2]: 1.0
ideal_bandwidth_drain_per_layer[2]: 0.003472222222222222
level.read_bandwidth: 1
total data (for bandwidth): 4318742016
scaling_per_layer[2]: 4303798272
SLOWDOWN CASE latency_read_drain_per_layer[2]: 1.0034722222222223

ideal_bandwidth_fill_per_layer[2] + ideal_bandwidth_update_per_layer[2]: 1.0034722222222223 vs level.write_bandwidth: 1
ideal_bandwidth_fill_per_layer[2]: 0.003472222222222222
ideal_bandwidth_update_per_layer[2]: 1.0
level.write_bandwidth: 1
total data (for bandwidth): 4318742016
scaling_per_layer[2]: 4303798272
SLOWDOWN CASE latency_fill_update_per_layer[2]: 1.0034722222222223


Layer_id: 3 in AccumulationIntermediateOutputRegister

ideal_bandwidth_read_per_layer[3] + ideal_bandwidth_drain_per_layer[3]: 0.0 vs level.read_bandwidth: 1
I am in Compute Bound
cc_per_all_tiles_per_layer[3]: 1
STANDARD CASE latency_read_drain_per_layer[3]: 1

ideal_bandwidth_fill_per_layer[3] + ideal_bandwidth_update_per_layer[3]: 0.0 vs level.write_bandwidth: 1
previous_fanout_pe_to_pe_warmup: 0
STANDARD CASE latency_fill_update_per_layer[3]: 1

End of calculation of latency.

Calculating per tile final latency and stall for layer 0 in AccumulationIntermediateOutputRegister: latency_read_drain_per_layer[0] = 1.2222222222222223, latency_fill_update_per_layer[0] = 1.1111111111111112
Final per tile latency_per_layer[0]: 1
Final per tile stall_cycles_per_layer[0]: 0
Ideal case: no stall introduced by this level per this layer: cc_per_all_tiles_per_layer[0]: 1
Calculating per tile final latency and stall for layer 1 in AccumulationIntermediateOutputRegister: latency_read_drain_per_layer[1] = 1.0034722222222223, latency_fill_update_per_layer[1] = 1.0034722222222223
Final per tile latency_per_layer[1]: 1
Final per tile stall_cycles_per_layer[1]: 0
Ideal case: no stall introduced by this level per this layer: cc_per_all_tiles_per_layer[1]: 1
Calculating per tile final latency and stall for layer 2 in AccumulationIntermediateOutputRegister: latency_read_drain_per_layer[2] = 1.0034722222222223, latency_fill_update_per_layer[2] = 1.0034722222222223
Final per tile latency_per_layer[2]: 1
Final per tile stall_cycles_per_layer[2]: 0
Ideal case: no stall introduced by this level per this layer: cc_per_all_tiles_per_layer[2]: 1
Calculating per tile final latency and stall for layer 3 in AccumulationIntermediateOutputRegister: latency_read_drain_per_layer[3] = 1, latency_fill_update_per_layer[3] = 1
Final per tile latency_per_layer[3]: 1
Final per tile stall_cycles_per_layer[3]: 0
Ideal case: no stall introduced by this level per this layer: cc_per_all_tiles_per_layer[3]: 1


Calculating Latency for Level: WeightRegister

Latency for layer: 0 of Level: WeightRegister
level.active_instances_per_layer[0]: 3312
level.temporal_iterations_per_layer[0]: 40608
Scaling per layer[0]: 134,493,696
Single Tile latency: cc_per_tile_per_layer[0]: 1.2222222222222223
Ideal Case, Latency at this level without stalls: cc_per_all_tiles_per_layer[0]: 1.2222222222222223
SCALED cc_per_all_tiles_per_layer[0]: 164,381,184
level.getReadPerLayer[0](): 134,493,696
  (For comparison - full reads including accumulation: 134,493,696)
ideal_bandwidth_read_per_layer[0]: 0.8181818181818182
level.getDrainPerLayer[0](): 0
ideal_bandwidth_drain_per_layer[0]: 0.0
ideal_bandwidth_update_per_layer[0]: 0.0
  (For comparison - full updates including accumulation: 0)
level.getFillPerLayer[0](): 134,493,696
ideal_bandwidth_fill_per_layer[0]: 0.8181818181818182

Latency for layer: 1 of Level: WeightRegister
level.active_instances_per_layer[1]: 3312
level.temporal_iterations_per_layer[1]: 1299456
Scaling per layer[1]: 4,303,798,272
Single Tile latency: cc_per_tile_per_layer[1]: 1.0034722222222223
Ideal Case, Latency at this level without stalls: cc_per_all_tiles_per_layer[1]: 1.0034722222222223
SCALED cc_per_all_tiles_per_layer[1]: 4,318,742,016
level.getReadPerLayer[1](): 4,303,798,272
  (For comparison - full reads including accumulation: 4,303,798,272)
ideal_bandwidth_read_per_layer[1]: 0.9965397923875432
level.getDrainPerLayer[1](): 0
ideal_bandwidth_drain_per_layer[1]: 0.0
ideal_bandwidth_update_per_layer[1]: 0.0
  (For comparison - full updates including accumulation: 0)
level.getFillPerLayer[1](): 4,303,798,272
ideal_bandwidth_fill_per_layer[1]: 0.9965397923875432

Latency for layer: 2 of Level: WeightRegister
level.active_instances_per_layer[2]: 3312
level.temporal_iterations_per_layer[2]: 1299456
Scaling per layer[2]: 4,303,798,272
Single Tile latency: cc_per_tile_per_layer[2]: 1.0034722222222223
Ideal Case, Latency at this level without stalls: cc_per_all_tiles_per_layer[2]: 1.0034722222222223
SCALED cc_per_all_tiles_per_layer[2]: 4,318,742,016
level.getReadPerLayer[2](): 4,303,798,272
  (For comparison - full reads including accumulation: 4,303,798,272)
ideal_bandwidth_read_per_layer[2]: 0.9965397923875432
level.getDrainPerLayer[2](): 0
ideal_bandwidth_drain_per_layer[2]: 0.0
ideal_bandwidth_update_per_layer[2]: 0.0
  (For comparison - full updates including accumulation: 0)
level.getFillPerLayer[2](): 4,303,798,272
ideal_bandwidth_fill_per_layer[2]: 0.9965397923875432

Latency for layer: 3 of Level: WeightRegister
level.active_instances_per_layer[3]: 3312
level.temporal_iterations_per_layer[3]: 1299456
Scaling per layer[3]: 4,303,798,272
Single Tile latency: cc_per_tile_per_layer[3]: 1
Ideal Case, Latency at this level without stalls: cc_per_all_tiles_per_layer[3]: 1
SCALED cc_per_all_tiles_per_layer[3]: 4,303,798,272
level.getReadPerLayer[3](): 4,303,798,272
  (For comparison - full reads including accumulation: 4,303,798,272)
ideal_bandwidth_read_per_layer[3]: 1.0
level.getDrainPerLayer[3](): 0
ideal_bandwidth_drain_per_layer[3]: 0.0
ideal_bandwidth_update_per_layer[3]: 0.0
  (For comparison - full updates including accumulation: 0)
level.getFillPerLayer[3](): 4,303,798,272
ideal_bandwidth_fill_per_layer[3]: 1.0

Start of calculation of latency:


Layer_id: 0 in WeightRegister

ideal_bandwidth_read_per_layer[0] + ideal_bandwidth_drain_per_layer[0]: 0.8181818181818182 vs level.read_bandwidth: 1
I am in Compute Bound
cc_per_all_tiles_per_layer[0]: 1.2222222222222223
STANDARD CASE latency_read_drain_per_layer[0]: 1.2222222222222223

ideal_bandwidth_fill_per_layer[0] + ideal_bandwidth_update_per_layer[0]: 0.8181818181818182 vs level.write_bandwidth: 1
previous_fanout_pe_to_pe_warmup: 0
STANDARD CASE latency_fill_update_per_layer[0]: 1.2222222222222223


Layer_id: 1 in WeightRegister

ideal_bandwidth_read_per_layer[1] + ideal_bandwidth_drain_per_layer[1]: 0.9965397923875432 vs level.read_bandwidth: 1
I am in Compute Bound
cc_per_all_tiles_per_layer[1]: 1.0034722222222223
STANDARD CASE latency_read_drain_per_layer[1]: 1.0034722222222223

ideal_bandwidth_fill_per_layer[1] + ideal_bandwidth_update_per_layer[1]: 0.9965397923875432 vs level.write_bandwidth: 1
previous_fanout_pe_to_pe_warmup: 0
STANDARD CASE latency_fill_update_per_layer[1]: 1.0034722222222223


Layer_id: 2 in WeightRegister

ideal_bandwidth_read_per_layer[2] + ideal_bandwidth_drain_per_layer[2]: 0.9965397923875432 vs level.read_bandwidth: 1
I am in Compute Bound
cc_per_all_tiles_per_layer[2]: 1.0034722222222223
STANDARD CASE latency_read_drain_per_layer[2]: 1.0034722222222223

ideal_bandwidth_fill_per_layer[2] + ideal_bandwidth_update_per_layer[2]: 0.9965397923875432 vs level.write_bandwidth: 1
previous_fanout_pe_to_pe_warmup: 0
STANDARD CASE latency_fill_update_per_layer[2]: 1.0034722222222223


Layer_id: 3 in WeightRegister

ideal_bandwidth_read_per_layer[3] + ideal_bandwidth_drain_per_layer[3]: 1.0 vs level.read_bandwidth: 1
I am in Compute Bound
cc_per_all_tiles_per_layer[3]: 1
STANDARD CASE latency_read_drain_per_layer[3]: 1

ideal_bandwidth_fill_per_layer[3] + ideal_bandwidth_update_per_layer[3]: 1.0 vs level.write_bandwidth: 1
previous_fanout_pe_to_pe_warmup: 0
STANDARD CASE latency_fill_update_per_layer[3]: 1

End of calculation of latency.

Calculating per tile final latency and stall for layer 0 in WeightRegister: latency_read_drain_per_layer[0] = 1.2222222222222223, latency_fill_update_per_layer[0] = 1.2222222222222223
Final per tile latency_per_layer[0]: 1
Final per tile stall_cycles_per_layer[0]: 0
Ideal case: no stall introduced by this level per this layer: cc_per_all_tiles_per_layer[0]: 1
Calculating per tile final latency and stall for layer 1 in WeightRegister: latency_read_drain_per_layer[1] = 1.0034722222222223, latency_fill_update_per_layer[1] = 1.0034722222222223
Final per tile latency_per_layer[1]: 1
Final per tile stall_cycles_per_layer[1]: 0
Ideal case: no stall introduced by this level per this layer: cc_per_all_tiles_per_layer[1]: 1
Calculating per tile final latency and stall for layer 2 in WeightRegister: latency_read_drain_per_layer[2] = 1.0034722222222223, latency_fill_update_per_layer[2] = 1.0034722222222223
Final per tile latency_per_layer[2]: 1
Final per tile stall_cycles_per_layer[2]: 0
Ideal case: no stall introduced by this level per this layer: cc_per_all_tiles_per_layer[2]: 1
Calculating per tile final latency and stall for layer 3 in WeightRegister: latency_read_drain_per_layer[3] = 1, latency_fill_update_per_layer[3] = 1
Final per tile latency_per_layer[3]: 1
Final per tile stall_cycles_per_layer[3]: 0
Ideal case: no stall introduced by this level per this layer: cc_per_all_tiles_per_layer[3]: 1


Calculating Latency for Level: WeightMemory

Latency for layer: 0 of Level: WeightMemory
level.active_instances_per_layer[0]: 1
level.temporal_iterations_per_layer[0]: 2256
Scaling per layer[0]: 2,256
Single Tile latency: cc_per_tile_per_layer[0]: 1.2222222222222223
Ideal Case, Latency at this level without stalls: cc_per_all_tiles_per_layer[0]: 22.0
SCALED cc_per_all_tiles_per_layer[0]: 49,632
level.getReadPerLayer[0](): 649,728
  (For comparison - full reads including accumulation: 649,728)
ideal_bandwidth_read_per_layer[0]: 13.090909090909092
level.getDrainPerLayer[0](): 0
ideal_bandwidth_drain_per_layer[0]: 0.0
ideal_bandwidth_update_per_layer[0]: 0.0
  (For comparison - full updates including accumulation: 0)
level.getFillPerLayer[0](): 288
ideal_bandwidth_fill_per_layer[0]: 0.005802707930367505

Latency for layer: 1 of Level: WeightMemory
level.active_instances_per_layer[1]: 1
level.temporal_iterations_per_layer[1]: 2256
Scaling per layer[1]: 2,256
Single Tile latency: cc_per_tile_per_layer[1]: 1.0034722222222223
Ideal Case, Latency at this level without stalls: cc_per_all_tiles_per_layer[1]: 578.0
SCALED cc_per_all_tiles_per_layer[1]: 1,303,968
level.getReadPerLayer[1](): 20,791,296
  (For comparison - full reads including accumulation: 20,791,296)
ideal_bandwidth_read_per_layer[1]: 15.944636678200691
level.getDrainPerLayer[1](): 0
ideal_bandwidth_drain_per_layer[1]: 0.0
ideal_bandwidth_update_per_layer[1]: 0.0
  (For comparison - full updates including accumulation: 0)
level.getFillPerLayer[1](): 9,216
ideal_bandwidth_fill_per_layer[1]: 0.007067658102039314

Latency for layer: 2 of Level: WeightMemory
level.active_instances_per_layer[2]: 1
level.temporal_iterations_per_layer[2]: 2256
Scaling per layer[2]: 2,256
Single Tile latency: cc_per_tile_per_layer[2]: 1.0034722222222223
Ideal Case, Latency at this level without stalls: cc_per_all_tiles_per_layer[2]: 578.0
SCALED cc_per_all_tiles_per_layer[2]: 1,303,968
level.getReadPerLayer[2](): 20,791,296
  (For comparison - full reads including accumulation: 20,791,296)
ideal_bandwidth_read_per_layer[2]: 15.944636678200691
level.getDrainPerLayer[2](): 0
ideal_bandwidth_drain_per_layer[2]: 0.0
ideal_bandwidth_update_per_layer[2]: 0.0
  (For comparison - full updates including accumulation: 0)
level.getFillPerLayer[2](): 9,216
ideal_bandwidth_fill_per_layer[2]: 0.007067658102039314

Latency for layer: 3 of Level: WeightMemory
level.active_instances_per_layer[3]: 1
level.temporal_iterations_per_layer[3]: 2256
Scaling per layer[3]: 2,256
Single Tile latency: cc_per_tile_per_layer[3]: 1
Ideal Case, Latency at this level without stalls: cc_per_all_tiles_per_layer[3]: 576
SCALED cc_per_all_tiles_per_layer[3]: 1,299,456
level.getReadPerLayer[3](): 20,791,296
  (For comparison - full reads including accumulation: 20,791,296)
ideal_bandwidth_read_per_layer[3]: 16.0
level.getDrainPerLayer[3](): 0
ideal_bandwidth_drain_per_layer[3]: 0.0
ideal_bandwidth_update_per_layer[3]: 0.0
  (For comparison - full updates including accumulation: 0)
level.getFillPerLayer[3](): 9,216
ideal_bandwidth_fill_per_layer[3]: 0.0070921985815602835

Start of calculation of latency:


Layer_id: 0 in WeightMemory

ideal_bandwidth_read_per_layer[0] + ideal_bandwidth_drain_per_layer[0]: 13.090909090909092 vs level.read_bandwidth: 16
I am in Compute Bound
cc_per_all_tiles_per_layer[0]: 22.0
STANDARD CASE latency_read_drain_per_layer[0]: 22.0

ideal_bandwidth_fill_per_layer[0] + ideal_bandwidth_update_per_layer[0]: 0.005802707930367505 vs level.write_bandwidth: 16
previous_fanout_pe_to_pe_warmup: 0
STANDARD CASE latency_fill_update_per_layer[0]: 22.0


Layer_id: 1 in WeightMemory

ideal_bandwidth_read_per_layer[1] + ideal_bandwidth_drain_per_layer[1]: 15.944636678200691 vs level.read_bandwidth: 16
I am in Compute Bound
cc_per_all_tiles_per_layer[1]: 578.0
STANDARD CASE latency_read_drain_per_layer[1]: 578.0

ideal_bandwidth_fill_per_layer[1] + ideal_bandwidth_update_per_layer[1]: 0.007067658102039314 vs level.write_bandwidth: 16
previous_fanout_pe_to_pe_warmup: 0
STANDARD CASE latency_fill_update_per_layer[1]: 578.0


Layer_id: 2 in WeightMemory

ideal_bandwidth_read_per_layer[2] + ideal_bandwidth_drain_per_layer[2]: 15.944636678200691 vs level.read_bandwidth: 16
I am in Compute Bound
cc_per_all_tiles_per_layer[2]: 578.0
STANDARD CASE latency_read_drain_per_layer[2]: 578.0

ideal_bandwidth_fill_per_layer[2] + ideal_bandwidth_update_per_layer[2]: 0.007067658102039314 vs level.write_bandwidth: 16
previous_fanout_pe_to_pe_warmup: 0
STANDARD CASE latency_fill_update_per_layer[2]: 578.0


Layer_id: 3 in WeightMemory

ideal_bandwidth_read_per_layer[3] + ideal_bandwidth_drain_per_layer[3]: 16.0 vs level.read_bandwidth: 16
I am in Compute Bound
cc_per_all_tiles_per_layer[3]: 576
STANDARD CASE latency_read_drain_per_layer[3]: 576

ideal_bandwidth_fill_per_layer[3] + ideal_bandwidth_update_per_layer[3]: 0.0070921985815602835 vs level.write_bandwidth: 16
previous_fanout_pe_to_pe_warmup: 0
STANDARD CASE latency_fill_update_per_layer[3]: 576

End of calculation of latency.

Calculating per tile final latency and stall for layer 0 in WeightMemory: latency_read_drain_per_layer[0] = 22.0, latency_fill_update_per_layer[0] = 22.0
Final per tile latency_per_layer[0]: 22
Final per tile stall_cycles_per_layer[0]: 0
Ideal case: no stall introduced by this level per this layer: cc_per_all_tiles_per_layer[0]: 22
Calculating per tile final latency and stall for layer 1 in WeightMemory: latency_read_drain_per_layer[1] = 578.0, latency_fill_update_per_layer[1] = 578.0
Final per tile latency_per_layer[1]: 578
Final per tile stall_cycles_per_layer[1]: 0
Ideal case: no stall introduced by this level per this layer: cc_per_all_tiles_per_layer[1]: 578
Calculating per tile final latency and stall for layer 2 in WeightMemory: latency_read_drain_per_layer[2] = 578.0, latency_fill_update_per_layer[2] = 578.0
Final per tile latency_per_layer[2]: 578
Final per tile stall_cycles_per_layer[2]: 0
Ideal case: no stall introduced by this level per this layer: cc_per_all_tiles_per_layer[2]: 578
Calculating per tile final latency and stall for layer 3 in WeightMemory: latency_read_drain_per_layer[3] = 576, latency_fill_update_per_layer[3] = 576
Final per tile latency_per_layer[3]: 576
Final per tile stall_cycles_per_layer[3]: 0
Ideal case: no stall introduced by this level per this layer: cc_per_all_tiles_per_layer[3]: 576


Calculating Latency for Level: FeatureMemory

Latency for layer: 0 of Level: FeatureMemory
level.active_instances_per_layer[0]: 1
level.temporal_iterations_per_layer[0]: 2256
Scaling per layer[0]: 2,256
Single Tile latency: cc_per_tile_per_layer[0]: 22.0
Ideal Case, Latency at this level without stalls: cc_per_all_tiles_per_layer[0]: 22.0
SCALED cc_per_all_tiles_per_layer[0]: 49,632
level.getReadPerLayer[0](): 16,624,915
  (For comparison - full reads including accumulation: 16,624,915)
ideal_bandwidth_read_per_layer[0]: 334.96363636363634
level.getDrainPerLayer[0](): 0
ideal_bandwidth_drain_per_layer[0]: 0.0
ideal_bandwidth_update_per_layer[0]: 301.09090909090907
  (For comparison - full updates including accumulation: 14,943,744)
level.getFillPerLayer[0](): 466,992
ideal_bandwidth_fill_per_layer[0]: 9.409090909090908

Latency for layer: 1 of Level: FeatureMemory
level.active_instances_per_layer[1]: 1
level.temporal_iterations_per_layer[1]: 2256
Scaling per layer[1]: 2,256
Single Tile latency: cc_per_tile_per_layer[1]: 578.0
Ideal Case, Latency at this level without stalls: cc_per_all_tiles_per_layer[1]: 578.0
SCALED cc_per_all_tiles_per_layer[1]: 1,303,968
level.getReadPerLayer[1](): 68,741,222
  (For comparison - full reads including accumulation: 68,741,222)
ideal_bandwidth_read_per_layer[1]: 52.71695501730104
level.getDrainPerLayer[1](): 0
ideal_bandwidth_drain_per_layer[1]: 0.0
ideal_bandwidth_update_per_layer[1]: 11.460207612456747
  (For comparison - full updates including accumulation: 14,943,744)
level.getFillPerLayer[1](): 0
ideal_bandwidth_fill_per_layer[1]: 0.0

Latency for layer: 2 of Level: FeatureMemory
level.active_instances_per_layer[2]: 1
level.temporal_iterations_per_layer[2]: 2256
Scaling per layer[2]: 2,256
Single Tile latency: cc_per_tile_per_layer[2]: 578.0
Ideal Case, Latency at this level without stalls: cc_per_all_tiles_per_layer[2]: 578.0
SCALED cc_per_all_tiles_per_layer[2]: 1,303,968
level.getReadPerLayer[2](): 68,741,222
  (For comparison - full reads including accumulation: 68,741,222)
ideal_bandwidth_read_per_layer[2]: 52.71695501730104
level.getDrainPerLayer[2](): 0
ideal_bandwidth_drain_per_layer[2]: 0.0
ideal_bandwidth_update_per_layer[2]: 11.460207612456747
  (For comparison - full updates including accumulation: 14,943,744)
level.getFillPerLayer[2](): 0
ideal_bandwidth_fill_per_layer[2]: 0.0

Latency for layer: 3 of Level: FeatureMemory
level.active_instances_per_layer[3]: 1
level.temporal_iterations_per_layer[3]: 2256
Scaling per layer[3]: 2,256
Single Tile latency: cc_per_tile_per_layer[3]: 576
Ideal Case, Latency at this level without stalls: cc_per_all_tiles_per_layer[3]: 576
SCALED cc_per_all_tiles_per_layer[3]: 1,299,456
level.getReadPerLayer[3](): 53,797,478
  (For comparison - full reads including accumulation: 53,797,478)
ideal_bandwidth_read_per_layer[3]: 41.4
level.getDrainPerLayer[3](): 14,943,744
ideal_bandwidth_drain_per_layer[3]: 11.5
ideal_bandwidth_update_per_layer[3]: 11.5
  (For comparison - full updates including accumulation: 14,943,744)
level.getFillPerLayer[3](): 0
ideal_bandwidth_fill_per_layer[3]: 0.0

Start of calculation of latency:
I am in FeatureMemory level, so I use different formula for latency calculation


Layer_id: 0 in FeatureMemory

scaling_per_layer[0]: 2256
I AM HERE total_data_rd: 16624915
latency_per_layer[0]: 109.19445955566302, latency_read_drain_per_layer[0]: 55.827272055663016, latency_fill_update_per_layer[0]: 53.3671875
Total latency so far: 109.19445955566302


Layer_id: 1 in FeatureMemory

scaling_per_layer[1]: 2256
I AM HERE total_data_rd: 68741222
latency_per_layer[1]: 282.58636229314425, latency_read_drain_per_layer[1]: 230.83636229314422, latency_fill_update_per_layer[1]: 51.75
Total latency so far: 391.78082184880725


Layer_id: 2 in FeatureMemory

scaling_per_layer[2]: 2256
I AM HERE total_data_rd: 68741222
latency_per_layer[2]: 282.58636229314425, latency_read_drain_per_layer[2]: 230.83636229314422, latency_fill_update_per_layer[2]: 51.75
Total latency so far: 674.3671841419515


Layer_id: 3 in FeatureMemory

scaling_per_layer[3]: 2256
I AM HERE total_data_rd: 68741222
latency_per_layer[3]: 282.58636229314425, latency_read_drain_per_layer[3]: 230.83636229314422, latency_fill_update_per_layer[3]: 51.75
Total latency so far: 956.9535464350957

End of calculation of latency.

Calculating per tile final latency and stall for layer 0 in FeatureMemory: latency_read_drain_per_layer[0] = 55.827272055663016, latency_fill_update_per_layer[0] = 53.3671875
Final per tile latency_per_layer[0]: 109
Final per tile stall_cycles_per_layer[0]: 87
Ideal case: no stall introduced by this level per this layer: cc_per_all_tiles_per_layer[0]: 22
Calculating per tile final latency and stall for layer 1 in FeatureMemory: latency_read_drain_per_layer[1] = 230.83636229314422, latency_fill_update_per_layer[1] = 51.75
Final per tile latency_per_layer[1]: 578
Final per tile stall_cycles_per_layer[1]: 0
Ideal case: no stall introduced by this level per this layer: cc_per_all_tiles_per_layer[1]: 578
Calculating per tile final latency and stall for layer 2 in FeatureMemory: latency_read_drain_per_layer[2] = 230.83636229314422, latency_fill_update_per_layer[2] = 51.75
Final per tile latency_per_layer[2]: 578
Final per tile stall_cycles_per_layer[2]: 0
Ideal case: no stall introduced by this level per this layer: cc_per_all_tiles_per_layer[2]: 578
Calculating per tile final latency and stall for layer 3 in FeatureMemory: latency_read_drain_per_layer[3] = 230.83636229314422, latency_fill_update_per_layer[3] = 51.75
Final per tile latency_per_layer[3]: 576
Final per tile stall_cycles_per_layer[3]: 0
Ideal case: no stall introduced by this level per this layer: cc_per_all_tiles_per_layer[3]: 576


Calculating Latency for Level: DRAM

Latency for layer: 0 of Level: DRAM
level.active_instances_per_layer[0]: 1
level.temporal_iterations_per_layer[0]: 1
Scaling per layer[0]: 1
Single Tile latency: cc_per_tile_per_layer[0]: 109.19445955566302
Ideal Case, Latency at this level without stalls: cc_per_all_tiles_per_layer[0]: 246342.70075757577
SCALED cc_per_all_tiles_per_layer[0]: 246,343
level.getReadPerLayer[0](): 467,280
  (For comparison - full reads including accumulation: 467,280)
ideal_bandwidth_read_per_layer[0]: 1.8968696801771576
level.getDrainPerLayer[0](): 0
ideal_bandwidth_drain_per_layer[0]: 0.0
ideal_bandwidth_update_per_layer[0]: 0.0
  (For comparison - full updates including accumulation: 0)
level.getFillPerLayer[0](): 0
ideal_bandwidth_fill_per_layer[0]: 0.0

Latency for layer: 1 of Level: DRAM
level.active_instances_per_layer[1]: 1
level.temporal_iterations_per_layer[1]: 1
Scaling per layer[1]: 1
Single Tile latency: cc_per_tile_per_layer[1]: 578.0
Ideal Case, Latency at this level without stalls: cc_per_all_tiles_per_layer[1]: 1303968.0
SCALED cc_per_all_tiles_per_layer[1]: 1,303,968
level.getReadPerLayer[1](): 9,216
  (For comparison - full reads including accumulation: 9,216)
ideal_bandwidth_read_per_layer[1]: 0.007067658102039314
level.getDrainPerLayer[1](): 0
ideal_bandwidth_drain_per_layer[1]: 0.0
ideal_bandwidth_update_per_layer[1]: 0.0
  (For comparison - full updates including accumulation: 0)
level.getFillPerLayer[1](): 0
ideal_bandwidth_fill_per_layer[1]: 0.0

Latency for layer: 2 of Level: DRAM
level.active_instances_per_layer[2]: 1
level.temporal_iterations_per_layer[2]: 1
Scaling per layer[2]: 1
Single Tile latency: cc_per_tile_per_layer[2]: 578.0
Ideal Case, Latency at this level without stalls: cc_per_all_tiles_per_layer[2]: 1303968.0
SCALED cc_per_all_tiles_per_layer[2]: 1,303,968
level.getReadPerLayer[2](): 9,216
  (For comparison - full reads including accumulation: 9,216)
ideal_bandwidth_read_per_layer[2]: 0.007067658102039314
level.getDrainPerLayer[2](): 0
ideal_bandwidth_drain_per_layer[2]: 0.0
ideal_bandwidth_update_per_layer[2]: 0.0
  (For comparison - full updates including accumulation: 0)
level.getFillPerLayer[2](): 0
ideal_bandwidth_fill_per_layer[2]: 0.0

Latency for layer: 3 of Level: DRAM
level.active_instances_per_layer[3]: 1
level.temporal_iterations_per_layer[3]: 1
Scaling per layer[3]: 1
Single Tile latency: cc_per_tile_per_layer[3]: 576
Ideal Case, Latency at this level without stalls: cc_per_all_tiles_per_layer[3]: 1299456
SCALED cc_per_all_tiles_per_layer[3]: 1,299,456
level.getReadPerLayer[3](): 9,216
  (For comparison - full reads including accumulation: 9,216)
ideal_bandwidth_read_per_layer[3]: 0.0070921985815602835
level.getDrainPerLayer[3](): 0
ideal_bandwidth_drain_per_layer[3]: 0.0
ideal_bandwidth_update_per_layer[3]: 11.5
  (For comparison - full updates including accumulation: 14,943,744)
level.getFillPerLayer[3](): 0
ideal_bandwidth_fill_per_layer[3]: 0.0

Start of calculation of latency:


Layer_id: 0 in DRAM

ideal_bandwidth_read_per_layer[0] + ideal_bandwidth_drain_per_layer[0]: 1.8968696801771576 vs level.read_bandwidth: 12
I am in Compute Bound
cc_per_all_tiles_per_layer[0]: 246342.70075757577
STANDARD CASE latency_read_drain_per_layer[0]: 246342.70075757577

ideal_bandwidth_fill_per_layer[0] + ideal_bandwidth_update_per_layer[0]: 0.0 vs level.write_bandwidth: 12
previous_fanout_pe_to_pe_warmup: 0
STANDARD CASE latency_fill_update_per_layer[0]: 246342.70075757577


Layer_id: 1 in DRAM

ideal_bandwidth_read_per_layer[1] + ideal_bandwidth_drain_per_layer[1]: 0.007067658102039314 vs level.read_bandwidth: 12
I am in Compute Bound
cc_per_all_tiles_per_layer[1]: 1303968.0
STANDARD CASE latency_read_drain_per_layer[1]: 1303968.0

ideal_bandwidth_fill_per_layer[1] + ideal_bandwidth_update_per_layer[1]: 0.0 vs level.write_bandwidth: 12
previous_fanout_pe_to_pe_warmup: 0
STANDARD CASE latency_fill_update_per_layer[1]: 1303968.0


Layer_id: 2 in DRAM

ideal_bandwidth_read_per_layer[2] + ideal_bandwidth_drain_per_layer[2]: 0.007067658102039314 vs level.read_bandwidth: 12
I am in Compute Bound
cc_per_all_tiles_per_layer[2]: 1303968.0
STANDARD CASE latency_read_drain_per_layer[2]: 1303968.0

ideal_bandwidth_fill_per_layer[2] + ideal_bandwidth_update_per_layer[2]: 0.0 vs level.write_bandwidth: 12
previous_fanout_pe_to_pe_warmup: 0
STANDARD CASE latency_fill_update_per_layer[2]: 1303968.0


Layer_id: 3 in DRAM

ideal_bandwidth_read_per_layer[3] + ideal_bandwidth_drain_per_layer[3]: 0.0070921985815602835 vs level.read_bandwidth: 12
I am in Compute Bound
cc_per_all_tiles_per_layer[3]: 1299456
STANDARD CASE latency_read_drain_per_layer[3]: 1299456

ideal_bandwidth_fill_per_layer[3] + ideal_bandwidth_update_per_layer[3]: 11.5 vs level.write_bandwidth: 12
previous_fanout_pe_to_pe_warmup: 0
STANDARD CASE latency_fill_update_per_layer[3]: 1299456

End of calculation of latency.

Calculating per tile final latency and stall for layer 0 in DRAM: latency_read_drain_per_layer[0] = 246342.70075757577, latency_fill_update_per_layer[0] = 246342.70075757577
Final per tile latency_per_layer[0]: 246,343
Final per tile stall_cycles_per_layer[0]: 0
Ideal case: no stall introduced by this level per this layer: cc_per_all_tiles_per_layer[0]: 246,343
Calculating per tile final latency and stall for layer 1 in DRAM: latency_read_drain_per_layer[1] = 1303968.0, latency_fill_update_per_layer[1] = 1303968.0
Final per tile latency_per_layer[1]: 1,303,968
Final per tile stall_cycles_per_layer[1]: 0
Ideal case: no stall introduced by this level per this layer: cc_per_all_tiles_per_layer[1]: 1,303,968
Calculating per tile final latency and stall for layer 2 in DRAM: latency_read_drain_per_layer[2] = 1303968.0, latency_fill_update_per_layer[2] = 1303968.0
Final per tile latency_per_layer[2]: 1,303,968
Final per tile stall_cycles_per_layer[2]: 0
Ideal case: no stall introduced by this level per this layer: cc_per_all_tiles_per_layer[2]: 1,303,968
Calculating per tile final latency and stall for layer 3 in DRAM: latency_read_drain_per_layer[3] = 1299456, latency_fill_update_per_layer[3] = 1299456
Final per tile latency_per_layer[3]: 1,299,456
Final per tile stall_cycles_per_layer[3]: 0
Ideal case: no stall introduced by this level per this layer: cc_per_all_tiles_per_layer[3]: 1,299,456


Final WMOPs and Latency calculation for Level: DRAM
Level: DRAM, Layer: 0
max_latency_per_layer[0]: 0 before update
level.getSettedLatencyPerLayer[0](): 246,343
Level: DRAM, Layer: 1
max_latency_per_layer[1]: 0 before update
level.getSettedLatencyPerLayer[1](): 1,303,968
Level: DRAM, Layer: 2
max_latency_per_layer[2]: 0 before update
level.getSettedLatencyPerLayer[2](): 1,303,968
Level: DRAM, Layer: 3
max_latency_per_layer[3]: 0 before update
level.getSettedLatencyPerLayer[3](): 1,299,456
Level DRAM: Thesis_4Layers_534528KB_FMEM_16x256_PEs, max_latency (sequential layers): 4,153,735


Final WMOPs and Latency calculation for Level: FeatureMemory
Level: FeatureMemory, Layer: 0
max_latency_per_layer[0]: 246,343 before update
level.getSettedLatencyPerLayer[0](): 56
Level: FeatureMemory, Layer: 1
max_latency_per_layer[1]: 1,303,968 before update
level.getSettedLatencyPerLayer[1](): 231
Level: FeatureMemory, Layer: 2
max_latency_per_layer[2]: 1,303,968 before update
level.getSettedLatencyPerLayer[2](): 231
Level: FeatureMemory, Layer: 3
max_latency_per_layer[3]: 1,299,456 before update
level.getSettedLatencyPerLayer[3](): 520,767
Level FeatureMemory: Thesis_4Layers_534528KB_FMEM_16x256_PEs, max_latency (sequential layers): 4,153,735


Final WMOPs and Latency calculation for Level: WeightMemory
Level: WeightMemory, Layer: 0
max_latency_per_layer[0]: 246,343 before update
level.getSettedLatencyPerLayer[0](): 22
Level: WeightMemory, Layer: 1
max_latency_per_layer[1]: 1,303,968 before update
level.getSettedLatencyPerLayer[1](): 578
Level: WeightMemory, Layer: 2
max_latency_per_layer[2]: 1,303,968 before update
level.getSettedLatencyPerLayer[2](): 578
Level: WeightMemory, Layer: 3
max_latency_per_layer[3]: 1,299,456 before update
level.getSettedLatencyPerLayer[3](): 1,299,456
Level WeightMemory: Thesis_4Layers_534528KB_FMEM_16x256_PEs, max_latency (sequential layers): 4,153,735


Final WMOPs and Latency calculation for Level: SACols_3


Final WMOPs and Latency calculation for Level: SARows_3


Final WMOPs and Latency calculation for Level: SACols_2


Final WMOPs and Latency calculation for Level: SARows_2


Final WMOPs and Latency calculation for Level: SACols_1


Final WMOPs and Latency calculation for Level: SARows_1


Final WMOPs and Latency calculation for Level: SACols_0


Final WMOPs and Latency calculation for Level: SARows_0


Final WMOPs and Latency calculation for Level: WeightRegister
Level: WeightRegister, Layer: 0
max_latency_per_layer[0]: 246,343 before update
level.getSettedLatencyPerLayer[0](): 1
Level: WeightRegister, Layer: 1
max_latency_per_layer[1]: 1,303,968 before update
level.getSettedLatencyPerLayer[1](): 1
Level: WeightRegister, Layer: 2
max_latency_per_layer[2]: 1,303,968 before update
level.getSettedLatencyPerLayer[2](): 1
Level: WeightRegister, Layer: 3
max_latency_per_layer[3]: 1,299,456 before update
level.getSettedLatencyPerLayer[3](): 1,299,456
Level WeightRegister: Thesis_4Layers_534528KB_FMEM_16x256_PEs, max_latency (sequential layers): 4,153,735


Final WMOPs and Latency calculation for Level: AccumulationIntermediateOutputRegister
Level: AccumulationIntermediateOutputRegister, Layer: 0
max_latency_per_layer[0]: 246,343 before update
level.getSettedLatencyPerLayer[0](): 1
Level: AccumulationIntermediateOutputRegister, Layer: 1
max_latency_per_layer[1]: 1,303,968 before update
level.getSettedLatencyPerLayer[1](): 1
Level: AccumulationIntermediateOutputRegister, Layer: 2
max_latency_per_layer[2]: 1,303,968 before update
level.getSettedLatencyPerLayer[2](): 1
Level: AccumulationIntermediateOutputRegister, Layer: 3
max_latency_per_layer[3]: 1,299,456 before update
level.getSettedLatencyPerLayer[3](): 1,299,456
Level AccumulationIntermediateOutputRegister: Thesis_4Layers_534528KB_FMEM_16x256_PEs, max_latency (sequential layers): 4,153,735


Final WMOPs and Latency calculation for Level: AccumulationOutputRegister
Level: AccumulationOutputRegister, Layer: 0
max_latency_per_layer[0]: 246,343 before update
level.getSettedLatencyPerLayer[0](): 1
Level: AccumulationOutputRegister, Layer: 1
max_latency_per_layer[1]: 1,303,968 before update
level.getSettedLatencyPerLayer[1](): 1
Level: AccumulationOutputRegister, Layer: 2
max_latency_per_layer[2]: 1,303,968 before update
level.getSettedLatencyPerLayer[2](): 1
Level: AccumulationOutputRegister, Layer: 3
max_latency_per_layer[3]: 1,299,456 before update
level.getSettedLatencyPerLayer[3](): 1,299,456
Level AccumulationOutputRegister: Thesis_4Layers_534528KB_FMEM_16x256_PEs, max_latency (sequential layers): 4,153,735


Final WMOPs and Latency calculation for Level: Compute
Compute level latency: 1
Compute latency for layer 0: 40,608
Compute latency for layer 1: 1,299,456
Compute latency for layer 2: 1,299,456
Compute latency for layer 3: 1,299,456
max_latency initially: 4153734.7007575757
compute_latency from compute level: 3,938,976
max_latency after compute: 4,153,735, before fanout_level
é stato chiamato update stats! 




Questo mops è chiamato da update stats
Level: DRAM, arch bypasses for the level: ['int_in', 'int_out'], in_bp: 1, w_bp: 0, out_bp: 1, int_in_bp: 0, int_out_bp: 0
DEBUG updateStats pre scaling: Level DRAM:
  in_reads: 466992
  per_layer_w_reads: {0: 288, 1: 9216, 2: 9216, 3: 9216}
  per_layer_int_in_reads: {0: 0, 1: 0, 2: 0}
  per_layer_int_out_reads: {0: 0, 1: 0, 2: 0}
  per_layer_int_out_writes: {0: 0, 1: 0, 2: 0}
  out_reads: 14943744
  out_writes: 14943744
  out_reads_factors: 1
scale_per_layer[0]: 1, temporal_iterations_per_layer[0]: 1, spatial_iterations_per_layer[0]: 1
DEBUG: results after scaling: Level DRAM: in_reads=466992, w_reads=27936, int_in_reads=0, int_out_reads=0, int_out_writes=0, out_writes=14943744, out_reads=14943744, out_reads_factors=1
DEBUG: Level DRAM adjusted out_reads for no bias read: 0
DEBUG: Level DRAM bypasses intermediate storage
DEBUG updateStats post scaling: Level DRAM:
  in_reads: 466,992
  per_layer_w_reads: {0: 288, 1: 9216, 2: 9216, 3: 9216}
  w_reads: 27,936
  per_layer_int_in_reads: {0: 0, 1: 0, 2: 0}
  per_layer_int_in_writes: {0: 0, 1: 0, 2: 0}
  int_in_reads: 0
  per_layer_int_out_reads: {0: 0, 1: 0, 2: 0}
  per_layer_int_out_writes: {0: 0, 1: 0, 2: 0}
  int_out_reads: 0
  out_reads: 0
  out_writes: 14,943,744
  out_reads_factors: 1
in_writes: 0, w_writes: 0, int_in_writes: 0, int_out_writes: 0, out_writes: 14943744
Name of the level: DRAM, level active instances per layer: {0: 1, 1: 1, 2: 1, 3: 1}, level active instances: 1
Level DRAM, Layer 0: total_reads = 467280, total_writes = 0
Level DRAM, Layer 1: total_reads = 9216, total_writes = 0
Level DRAM, Layer 2: total_reads = 9216, total_writes = 0
DEBUG: Level DRAM, Layer 3, per_layer_int_in_reads2: 0, per_layer_w_reads3: 9216, out_reads: 0
Level DRAM, Layer 3: total_reads = 9216, total_writes = 14943744
Check: Per Layer Total reads: {0: 467280, 1: 9216, 2: 9216, 3: 9216}, total: 494928
Check: Per Layer Total writes: {0: 0, 1: 0, 2: 0, 3: 14943744}, 
 total: 14943744
Level DRAM total WMOPs from per layer sum: 494,037,504.000
Level DRAM total WMOPs from total reads/writes: 494,037,504.000
End first part of update for level: DRAM



Questo mops è chiamato da update stats
Level: FeatureMemory, arch bypasses for the level: ['w'], in_bp: 0, w_bp: 0, out_bp: 0, int_in_bp: 0, int_out_bp: 0
DEBUG updateStats pre scaling: Level FeatureMemory:
  in_reads: 3726
  per_layer_w_reads: {0: 0, 1: 0, 2: 0, 3: 0}
  per_layer_int_in_reads: {0: 119232, 1: 119232, 2: 119232}
  per_layer_int_out_reads: {0: 6624, 1: 6624, 2: 6624}
  per_layer_int_out_writes: {0: 6624, 1: 6624, 2: 6624}
  out_reads: 6624
  out_writes: 6624
  out_reads_factors: 1
scale_per_layer[0]: 2256, temporal_iterations_per_layer[0]: 2256, spatial_iterations_per_layer[0]: 1
DEBUG: results after scaling: Level FeatureMemory: in_reads=8405856, w_reads=0, int_in_reads=806962176, int_out_reads=44831232, int_out_writes=44831232, out_writes=14943744, out_reads=14943744, out_reads_factors=1
DEBUG: Level FeatureMemory adjusted out_reads for no bias read: 0
DEBUG updateStats post scaling: Level FeatureMemory:
  in_reads: 8,405,856
  per_layer_w_reads: {0: 0, 1: 0, 2: 0, 3: 0}
  w_reads: 0
  per_layer_int_in_reads: {0: 268987392, 1: 268987392, 2: 268987392}
  per_layer_int_in_writes: {0: 0, 1: 0, 2: 0}
  int_in_reads: 806,962,176
  per_layer_int_out_reads: {0: 14943744, 1: 14943744, 2: 14943744}
  per_layer_int_out_writes: {0: 14943744, 1: 14943744, 2: 14943744}
  int_out_reads: 44,831,232
  out_reads: 14,943,744
  out_writes: 14,943,744
  out_reads_factors: 1
in_writes: 466992, w_writes: 0, int_in_writes: 0, int_out_writes: 44831232, out_writes: 14943744
Name of the level: FeatureMemory, level active instances per layer: {0: 1, 1: 1, 2: 1, 3: 1}, level active instances: 1
Level FeatureMemory, Layer 0: total_reads = 23349600, total_writes = 15410736
Level FeatureMemory, Layer 1: total_reads = 283931136, total_writes = 14943744
Level FeatureMemory, Layer 2: total_reads = 283931136, total_writes = 14943744
DEBUG: Level FeatureMemory, Layer 3, per_layer_int_in_reads2: 268987392, per_layer_w_reads3: 0, out_reads: 14943744
Level FeatureMemory, Layer 3: total_reads = 283931136, total_writes = 14943744
Check: Per Layer Total reads: {0: 23349600, 1: 283931136, 2: 283931136, 3: 283931136}, total: 875143008
Check: Per Layer Total writes: {0: 15410736, 1: 14943744, 2: 14943744, 3: 14943744}, 
 total: 60241968
Level FeatureMemory total WMOPs from per layer sum: 927,251,843.510
Level FeatureMemory total WMOPs from total reads/writes: 927,251,843.510
End first part of update for level: FeatureMemory



Questo mops è chiamato da update stats
Level: WeightMemory, arch bypasses for the level: ['in', 'int_in', 'int_out', 'out'], in_bp: 0, w_bp: 1, out_bp: 0, int_in_bp: 0, int_out_bp: 0
DEBUG updateStats pre scaling: Level WeightMemory:
  in_reads: 0
  per_layer_w_reads: {0: 288, 1: 9216, 2: 9216, 3: 9216}
  per_layer_int_in_reads: {0: 0, 1: 0, 2: 0}
  per_layer_int_out_reads: {0: 0, 1: 0, 2: 0}
  per_layer_int_out_writes: {0: 0, 1: 0, 2: 0}
  out_reads: 0
  out_writes: 0
  out_reads_factors: 0
scale_per_layer[0] = 2256, temporal_iterations_per_layer[0] = 2256, spatial_iterations_per_layer[0] = 1
scale_per_layer[0]: 2256, temporal_iterations_per_layer[0]: 2256, spatial_iterations_per_layer[0]: 1
DEBUG: results after scaling: Level WeightMemory: in_reads=0, w_reads=63023616, int_in_reads=0, int_out_reads=0, int_out_writes=0, out_writes=0, out_reads=0, out_reads_factors=0
DEBUG: Level WeightMemory bypasses intermediate storage
DEBUG updateStats post scaling: Level WeightMemory:
  in_reads: 0
  per_layer_w_reads: {0: 649728, 1: 20791296, 2: 20791296, 3: 20791296}
  w_reads: 63,023,616
  per_layer_int_in_reads: {0: 0, 1: 0, 2: 0}
  per_layer_int_in_writes: {0: 0, 1: 0, 2: 0}
  int_in_reads: 0
  per_layer_int_out_reads: {0: 0, 1: 0, 2: 0}
  per_layer_int_out_writes: {0: 0, 1: 0, 2: 0}
  int_out_reads: 0
  out_reads: 0
  out_writes: 0
  out_reads_factors: 0
in_writes: 0, w_writes: 27936, int_in_writes: 0, int_out_writes: 0, out_writes: 0
Name of the level: WeightMemory, level active instances per layer: {0: 1, 1: 1, 2: 1, 3: 1}, level active instances: 1
Level WeightMemory, Layer 0: total_reads = 649728, total_writes = 288
Level WeightMemory, Layer 1: total_reads = 20791296, total_writes = 9216
Level WeightMemory, Layer 2: total_reads = 20791296, total_writes = 9216
DEBUG: Level WeightMemory, Layer 3, per_layer_int_in_reads2: 0, per_layer_w_reads3: 20791296, out_reads: 0
Level WeightMemory, Layer 3: total_reads = 20791296, total_writes = 9216
Check: Per Layer Total reads: {0: 649728, 1: 20791296, 2: 20791296, 3: 20791296}, total: 63023616
Check: Per Layer Total writes: {0: 288, 1: 9216, 2: 9216, 3: 9216}, 
 total: 27936
Level WeightMemory total WMOPs from per layer sum: 937,475,435.927
Level WeightMemory total WMOPs from total reads/writes: 937,475,435.927
End first part of update for level: WeightMemory



Calculating Fanout Level: SACols_3, updating spatial and last reads
Fanout Level SACols_3, Layer 3, dim Q, layer_iterations: 207
End of the first part of Update Stats for fanout level: SACols_3


Calculating Fanout Level: SARows_3, updating spatial and last reads
Fanout Level SARows_3, Layer 3, dim Z3, layer_iterations: 16
End of the first part of Update Stats for fanout level: SARows_3


Calculating Fanout Level: SACols_2, updating spatial and last reads
Fanout Level SACols_2, Layer 2, dim X2, layer_iterations: 207
End of the first part of Update Stats for fanout level: SACols_2


Calculating Fanout Level: SARows_2, updating spatial and last reads
Fanout Level SARows_2, Layer 2, dim Z2, layer_iterations: 16
End of the first part of Update Stats for fanout level: SARows_2


Calculating Fanout Level: SACols_1, updating spatial and last reads
Fanout Level SACols_1, Layer 1, dim X1, layer_iterations: 207
End of the first part of Update Stats for fanout level: SACols_1


Calculating Fanout Level: SARows_1, updating spatial and last reads
Fanout Level SARows_1, Layer 1, dim Z1, layer_iterations: 16
End of the first part of Update Stats for fanout level: SARows_1


Calculating Fanout Level: SACols_0, updating spatial and last reads
Fanout Level SACols_0, Layer 0, dim X0, layer_iterations: 207
End of the first part of Update Stats for fanout level: SACols_0


Calculating Fanout Level: SARows_0, updating spatial and last reads
Fanout Level SARows_0, Layer 0, dim Z0, layer_iterations: 16
End of the first part of Update Stats for fanout level: SARows_0


Questo mops è chiamato da update stats
Level: WeightRegister, arch bypasses for the level: ['in', 'int_in', 'int_out', 'out'], in_bp: 0, w_bp: 0, out_bp: 0, int_in_bp: 0, int_out_bp: 0
DEBUG updateStats pre scaling: Level WeightRegister:
  in_reads: 0
  per_layer_w_reads: {0: 1, 1: 1, 2: 1, 3: 1}
  per_layer_int_in_reads: {0: 0, 1: 0, 2: 0}
  per_layer_int_out_reads: {0: 0, 1: 0, 2: 0}
  per_layer_int_out_writes: {0: 0, 1: 0, 2: 0}
  out_reads: 0
  out_writes: 0
  out_reads_factors: 0
scale_per_layer[0]: 134493696, temporal_iterations_per_layer[0]: 40608, spatial_iterations_per_layer[0]: 3312
DEBUG: results after scaling: Level WeightRegister: in_reads=0, w_reads=13045888512, int_in_reads=0, int_out_reads=0, int_out_writes=0, out_writes=0, out_reads=0, out_reads_factors=0
DEBUG: Level WeightRegister bypasses intermediate storage
DEBUG updateStats post scaling: Level WeightRegister:
  in_reads: 0
  per_layer_w_reads: {0: 134493696, 1: 4303798272, 2: 4303798272, 3: 4303798272}
  w_reads: 13,045,888,512
  per_layer_int_in_reads: {0: 0, 1: 0, 2: 0}
  per_layer_int_in_writes: {0: 0, 1: 0, 2: 0}
  int_in_reads: 0
  per_layer_int_out_reads: {0: 0, 1: 0, 2: 0}
  per_layer_int_out_writes: {0: 0, 1: 0, 2: 0}
  int_out_reads: 0
  out_reads: 0
  out_writes: 0
  out_reads_factors: 0
in_writes: 0, w_writes: 13045888512, int_in_writes: 0, int_out_writes: 0, out_writes: 0
Name of the level: WeightRegister, level active instances per layer: {0: 3312, 1: 3312, 2: 3312, 3: 3312}, level active instances: 120326507790336
Level WeightRegister, Layer 0: total_reads = 134493696, total_writes = 134493696
Level WeightRegister, Layer 1: total_reads = 4303798272, total_writes = 4303798272
Level WeightRegister, Layer 2: total_reads = 4303798272, total_writes = 4303798272
DEBUG: Level WeightRegister, Layer 3, per_layer_int_in_reads2: 0, per_layer_w_reads3: 4303798272, out_reads: 0
Level WeightRegister, Layer 3: total_reads = 4303798272, total_writes = 4303798272
Check: Per Layer Total reads: {0: 134493696, 1: 4303798272, 2: 4303798272, 3: 4303798272}, total: 13045888512
Check: Per Layer Total writes: {0: 134493696, 1: 4303798272, 2: 4303798272, 3: 4303798272}, 
 total: 13045888512
Level WeightRegister total WMOPs from per layer sum: 5,168,167,389.885
Level WeightRegister total WMOPs from total reads/writes: 5,168,167,389.885
End first part of update for level: WeightRegister



Questo mops è chiamato da update stats
Level: AccumulationIntermediateOutputRegister, arch bypasses for the level: ['in', 'w', 'out', 'int_in'], in_bp: 0, w_bp: 0, out_bp: 0, int_in_bp: 0, int_out_bp: 0
DEBUG updateStats pre scaling: Level AccumulationIntermediateOutputRegister:
  in_reads: 0
  per_layer_w_reads: {0: 0, 1: 0, 2: 0, 3: 0}
  per_layer_int_in_reads: {0: 0, 1: 0, 2: 0}
  per_layer_int_out_reads: {0: 1, 1: 1, 2: 1}
  per_layer_int_out_writes: {0: 1, 1: 1, 2: 1}
  out_reads: 0
  out_writes: 0
  out_reads_factors: 0
scale_per_layer[0]: 134493696, temporal_iterations_per_layer[0]: 40608, spatial_iterations_per_layer[0]: 3312
DEBUG: results after scaling: Level AccumulationIntermediateOutputRegister: in_reads=0, w_reads=0, int_in_reads=0, int_out_reads=8742090240, int_out_writes=8742090240, out_writes=0, out_reads=0, out_reads_factors=0
DEBUG updateStats post scaling: Level AccumulationIntermediateOutputRegister:
  in_reads: 0
  per_layer_w_reads: {0: 0, 1: 0, 2: 0, 3: 0}
  w_reads: 0
  per_layer_int_in_reads: {0: 0, 1: 0, 2: 0}
  per_layer_int_in_writes: {0: 0, 1: 0, 2: 0}
  int_in_reads: 0
  per_layer_int_out_reads: {0: 149437440, 1: 4318742016, 2: 4318742016}
  per_layer_int_out_writes: {0: 149437440, 1: 4318742016, 2: 4318742016}
  int_out_reads: 8,742,090,240
  out_reads: 0
  out_writes: 0
  out_reads_factors: 0
in_writes: 0, w_writes: 0, int_in_writes: 0, int_out_writes: 8742090240, out_writes: 0
Name of the level: AccumulationIntermediateOutputRegister, level active instances per layer: {0: 3312, 1: 3312, 2: 3312, 3: 3312}, level active instances: 120326507790336
Level AccumulationIntermediateOutputRegister, Layer 0: total_reads = 149437440, total_writes = 149437440
Level AccumulationIntermediateOutputRegister, Layer 1: total_reads = 4318742016, total_writes = 4318742016
Level AccumulationIntermediateOutputRegister, Layer 2: total_reads = 4318742016, total_writes = 4318742016
DEBUG: Level AccumulationIntermediateOutputRegister, Layer 3, per_layer_int_in_reads2: 0, per_layer_w_reads3: 0, out_reads: 0
Level AccumulationIntermediateOutputRegister, Layer 3: total_reads = 0, total_writes = 0
Check: Per Layer Total reads: {0: 149437440, 1: 4318742016, 2: 4318742016, 3: 0}, total: 8786921472
Check: Per Layer Total writes: {0: 149437440, 1: 4318742016, 2: 4318742016, 3: 0}, 
 total: 8786921472
Level AccumulationIntermediateOutputRegister total WMOPs from per layer sum: 8,729,764,642.305
Level AccumulationIntermediateOutputRegister total WMOPs from total reads/writes: 8,711,593,227.752
End first part of update for level: AccumulationIntermediateOutputRegister



Questo mops è chiamato da update stats
Level: AccumulationOutputRegister, arch bypasses for the level: ['in', 'w', 'int_in', 'int_out'], in_bp: 0, w_bp: 0, out_bp: 1, int_in_bp: 0, int_out_bp: 0
DEBUG updateStats pre scaling: Level AccumulationOutputRegister:
  in_reads: 0
  per_layer_w_reads: {0: 0, 1: 0, 2: 0, 3: 0}
  per_layer_int_in_reads: {0: 0, 1: 0, 2: 0}
  per_layer_int_out_reads: {0: 0, 1: 0, 2: 0}
  per_layer_int_out_writes: {0: 0, 1: 0, 2: 0}
  out_reads: 1
  out_writes: 1
  out_reads_factors: 1
scale_per_layer[0]: 134493696, temporal_iterations_per_layer[0]: 40608, spatial_iterations_per_layer[0]: 3312
DEBUG: results after scaling: Level AccumulationOutputRegister: in_reads=0, w_reads=0, int_in_reads=0, int_out_reads=0, int_out_writes=0, out_writes=4303798272, out_reads=4303798272, out_reads_factors=288
DEBUG: Level AccumulationOutputRegister adjusted out_reads for no bias read: 4288854528
DEBUG: Level AccumulationOutputRegister bypasses intermediate storage
DEBUG updateStats post scaling: Level AccumulationOutputRegister:
  in_reads: 0
  per_layer_w_reads: {0: 0, 1: 0, 2: 0, 3: 0}
  w_reads: 0
  per_layer_int_in_reads: {0: 0, 1: 0, 2: 0}
  per_layer_int_in_writes: {0: 0, 1: 0, 2: 0}
  int_in_reads: 0
  per_layer_int_out_reads: {0: 0, 1: 0, 2: 0}
  per_layer_int_out_writes: {0: 0, 1: 0, 2: 0}
  int_out_reads: 0
  out_reads: 4,303,798,272
  out_writes: 4,303,798,272
  out_reads_factors: 288
in_writes: 0, w_writes: 0, int_in_writes: 0, int_out_writes: 0, out_writes: 4303798272
Name of the level: AccumulationOutputRegister, level active instances per layer: {0: 3312, 1: 3312, 2: 3312, 3: 3312}, level active instances: 120326507790336
Level AccumulationOutputRegister, Layer 0: total_reads = 0, total_writes = 0
Level AccumulationOutputRegister, Layer 1: total_reads = 0, total_writes = 0
Level AccumulationOutputRegister, Layer 2: total_reads = 0, total_writes = 0
DEBUG: Level AccumulationOutputRegister, Layer 3, per_layer_int_in_reads2: 0, per_layer_w_reads3: 0, out_reads: 4303798272
Level AccumulationOutputRegister, Layer 3: total_reads = 4303798272, total_writes = 4303798272
Check: Per Layer Total reads: {0: 0, 1: 0, 2: 0, 3: 4303798272}, total: 4303798272
Check: Per Layer Total writes: {0: 0, 1: 0, 2: 0, 3: 4303798272}, 
 total: 4303798272
Level AccumulationOutputRegister total WMOPs from per layer sum: 10,474,220,439.408
Level AccumulationOutputRegister total WMOPs from total reads/writes: 10,456,049,024.855
End first part of update for level: AccumulationOutputRegister



Calculating WMOPs for Compute Level
Compute Level Compute WMOPs_per_layer: {0: 167438709.9881945, 1: 4256041612.703302, 2: 4256041612.703302, 3: 4728184282.518914}
WMOPs_till_now before compute level: 10,474,220,439.408
Compute Level Compute total WMOPs from per layer sum: 13407706217.913712
Compute Level Compute total WMOPs: 2.4108376953183185e+36
Total WMOPs after adding compute level: 23881926657.32199
END FIRST PART OF UPDATE STATS


First cc_per_tile, it is from compute = 1
First cc_per_tile_per_layer it is from compute = {0: 1, 1: 1, 2: 1, 3: 1}


Calculating Latency for Level: AccumulationOutputRegister

Latency for layer: 0 of Level: AccumulationOutputRegister
level.active_instances_per_layer[0]: 3312
level.temporal_iterations_per_layer[0]: 40608
Scaling per layer[0]: 134,493,696
Single Tile latency: cc_per_tile_per_layer[0]: 1
Ideal Case, Latency at this level without stalls: cc_per_all_tiles_per_layer[0]: 1
SCALED cc_per_all_tiles_per_layer[0]: 134,493,696
level.getReadPerLayer[0](): 0
  (For comparison - full reads including accumulation: 0)
ideal_bandwidth_read_per_layer[0]: 0.0
level.getDrainPerLayer[0](): 0
ideal_bandwidth_drain_per_layer[0]: 0.0
ideal_bandwidth_update_per_layer[0]: 0.0
  (For comparison - full updates including accumulation: 0)
level.getFillPerLayer[0](): 0
ideal_bandwidth_fill_per_layer[0]: 0.0

Latency for layer: 1 of Level: AccumulationOutputRegister
level.active_instances_per_layer[1]: 3312
level.temporal_iterations_per_layer[1]: 1299456
Scaling per layer[1]: 4,303,798,272
Single Tile latency: cc_per_tile_per_layer[1]: 1
Ideal Case, Latency at this level without stalls: cc_per_all_tiles_per_layer[1]: 1
SCALED cc_per_all_tiles_per_layer[1]: 4,303,798,272
level.getReadPerLayer[1](): 0
  (For comparison - full reads including accumulation: 0)
ideal_bandwidth_read_per_layer[1]: 0.0
level.getDrainPerLayer[1](): 0
ideal_bandwidth_drain_per_layer[1]: 0.0
ideal_bandwidth_update_per_layer[1]: 0.0
  (For comparison - full updates including accumulation: 0)
level.getFillPerLayer[1](): 0
ideal_bandwidth_fill_per_layer[1]: 0.0

Latency for layer: 2 of Level: AccumulationOutputRegister
level.active_instances_per_layer[2]: 3312
level.temporal_iterations_per_layer[2]: 1299456
Scaling per layer[2]: 4,303,798,272
Single Tile latency: cc_per_tile_per_layer[2]: 1
Ideal Case, Latency at this level without stalls: cc_per_all_tiles_per_layer[2]: 1
SCALED cc_per_all_tiles_per_layer[2]: 4,303,798,272
level.getReadPerLayer[2](): 0
  (For comparison - full reads including accumulation: 0)
ideal_bandwidth_read_per_layer[2]: 0.0
level.getDrainPerLayer[2](): 0
ideal_bandwidth_drain_per_layer[2]: 0.0
ideal_bandwidth_update_per_layer[2]: 0.0
  (For comparison - full updates including accumulation: 0)
level.getFillPerLayer[2](): 0
ideal_bandwidth_fill_per_layer[2]: 0.0

Latency for layer: 3 of Level: AccumulationOutputRegister
level.active_instances_per_layer[3]: 3312
level.temporal_iterations_per_layer[3]: 1299456
Scaling per layer[3]: 4,303,798,272
Single Tile latency: cc_per_tile_per_layer[3]: 1
Ideal Case, Latency at this level without stalls: cc_per_all_tiles_per_layer[3]: 1
SCALED cc_per_all_tiles_per_layer[3]: 4,303,798,272
level.getReadPerLayer[3](): 4,288,854,528
  (For comparison - full reads including accumulation: 4,288,854,528)
ideal_bandwidth_read_per_layer[3]: 0.9965277777777778
level.getDrainPerLayer[3](): 14,943,744
ideal_bandwidth_drain_per_layer[3]: 0.003472222222222222
ideal_bandwidth_update_per_layer[3]: 1.0
  (For comparison - full updates including accumulation: 4,303,798,272)
level.getFillPerLayer[3](): 0
ideal_bandwidth_fill_per_layer[3]: 0.0

Start of calculation of latency:


Layer_id: 0 in AccumulationOutputRegister

ideal_bandwidth_read_per_layer[0] + ideal_bandwidth_drain_per_layer[0]: 0.0 vs level.read_bandwidth: 1
I am in Compute Bound
cc_per_all_tiles_per_layer[0]: 1
STANDARD CASE latency_read_drain_per_layer[0]: 1

ideal_bandwidth_fill_per_layer[0] + ideal_bandwidth_update_per_layer[0]: 0.0 vs level.write_bandwidth: 1
previous_fanout_pe_to_pe_warmup: 0
STANDARD CASE latency_fill_update_per_layer[0]: 1


Layer_id: 1 in AccumulationOutputRegister

ideal_bandwidth_read_per_layer[1] + ideal_bandwidth_drain_per_layer[1]: 0.0 vs level.read_bandwidth: 1
I am in Compute Bound
cc_per_all_tiles_per_layer[1]: 1
STANDARD CASE latency_read_drain_per_layer[1]: 1

ideal_bandwidth_fill_per_layer[1] + ideal_bandwidth_update_per_layer[1]: 0.0 vs level.write_bandwidth: 1
previous_fanout_pe_to_pe_warmup: 0
STANDARD CASE latency_fill_update_per_layer[1]: 1


Layer_id: 2 in AccumulationOutputRegister

ideal_bandwidth_read_per_layer[2] + ideal_bandwidth_drain_per_layer[2]: 0.0 vs level.read_bandwidth: 1
I am in Compute Bound
cc_per_all_tiles_per_layer[2]: 1
STANDARD CASE latency_read_drain_per_layer[2]: 1

ideal_bandwidth_fill_per_layer[2] + ideal_bandwidth_update_per_layer[2]: 0.0 vs level.write_bandwidth: 1
previous_fanout_pe_to_pe_warmup: 0
STANDARD CASE latency_fill_update_per_layer[2]: 1


Layer_id: 3 in AccumulationOutputRegister

ideal_bandwidth_read_per_layer[3] + ideal_bandwidth_drain_per_layer[3]: 1.0 vs level.read_bandwidth: 1
I am in Compute Bound
cc_per_all_tiles_per_layer[3]: 1
STANDARD CASE latency_read_drain_per_layer[3]: 1

ideal_bandwidth_fill_per_layer[3] + ideal_bandwidth_update_per_layer[3]: 1.0 vs level.write_bandwidth: 1
previous_fanout_pe_to_pe_warmup: 0
STANDARD CASE latency_fill_update_per_layer[3]: 1

End of calculation of latency.

Calculating per tile final latency and stall for layer 0 in AccumulationOutputRegister: latency_read_drain_per_layer[0] = 1, latency_fill_update_per_layer[0] = 1
Final per tile latency_per_layer[0]: 1
Final per tile stall_cycles_per_layer[0]: 0
Ideal case: no stall introduced by this level per this layer: cc_per_all_tiles_per_layer[0]: 1
Calculating per tile final latency and stall for layer 1 in AccumulationOutputRegister: latency_read_drain_per_layer[1] = 1, latency_fill_update_per_layer[1] = 1
Final per tile latency_per_layer[1]: 1
Final per tile stall_cycles_per_layer[1]: 0
Ideal case: no stall introduced by this level per this layer: cc_per_all_tiles_per_layer[1]: 1
Calculating per tile final latency and stall for layer 2 in AccumulationOutputRegister: latency_read_drain_per_layer[2] = 1, latency_fill_update_per_layer[2] = 1
Final per tile latency_per_layer[2]: 1
Final per tile stall_cycles_per_layer[2]: 0
Ideal case: no stall introduced by this level per this layer: cc_per_all_tiles_per_layer[2]: 1
Calculating per tile final latency and stall for layer 3 in AccumulationOutputRegister: latency_read_drain_per_layer[3] = 1, latency_fill_update_per_layer[3] = 1
Final per tile latency_per_layer[3]: 1
Final per tile stall_cycles_per_layer[3]: 0
Ideal case: no stall introduced by this level per this layer: cc_per_all_tiles_per_layer[3]: 1


Calculating Latency for Level: AccumulationIntermediateOutputRegister

Latency for layer: 0 of Level: AccumulationIntermediateOutputRegister
level.active_instances_per_layer[0]: 3312
level.temporal_iterations_per_layer[0]: 40608
Scaling per layer[0]: 134,493,696
Single Tile latency: cc_per_tile_per_layer[0]: 1
Ideal Case, Latency at this level without stalls: cc_per_all_tiles_per_layer[0]: 1
SCALED cc_per_all_tiles_per_layer[0]: 134,493,696
level.getReadPerLayer[0](): 149,437,440
  (For comparison - full reads including accumulation: 149,437,440)
ideal_bandwidth_read_per_layer[0]: 1.1111111111111112
level.getDrainPerLayer[0](): 14,943,744
ideal_bandwidth_drain_per_layer[0]: 0.1111111111111111
ideal_bandwidth_update_per_layer[0]: 1.0
  (For comparison - full updates including accumulation: 134,493,696)
level.getFillPerLayer[0](): 14,943,744
ideal_bandwidth_fill_per_layer[0]: 0.1111111111111111

Latency for layer: 1 of Level: AccumulationIntermediateOutputRegister
level.active_instances_per_layer[1]: 3312
level.temporal_iterations_per_layer[1]: 1299456
Scaling per layer[1]: 4,303,798,272
Single Tile latency: cc_per_tile_per_layer[1]: 1
Ideal Case, Latency at this level without stalls: cc_per_all_tiles_per_layer[1]: 1
SCALED cc_per_all_tiles_per_layer[1]: 4,303,798,272
level.getReadPerLayer[1](): 4,303,798,272
  (For comparison - full reads including accumulation: 4,303,798,272)
ideal_bandwidth_read_per_layer[1]: 1.0
level.getDrainPerLayer[1](): 14,943,744
ideal_bandwidth_drain_per_layer[1]: 0.003472222222222222
ideal_bandwidth_update_per_layer[1]: 1.0
  (For comparison - full updates including accumulation: 4,303,798,272)
level.getFillPerLayer[1](): 14,943,744
ideal_bandwidth_fill_per_layer[1]: 0.003472222222222222

Latency for layer: 2 of Level: AccumulationIntermediateOutputRegister
level.active_instances_per_layer[2]: 3312
level.temporal_iterations_per_layer[2]: 1299456
Scaling per layer[2]: 4,303,798,272
Single Tile latency: cc_per_tile_per_layer[2]: 1
Ideal Case, Latency at this level without stalls: cc_per_all_tiles_per_layer[2]: 1
SCALED cc_per_all_tiles_per_layer[2]: 4,303,798,272
level.getReadPerLayer[2](): 4,303,798,272
  (For comparison - full reads including accumulation: 4,303,798,272)
ideal_bandwidth_read_per_layer[2]: 1.0
level.getDrainPerLayer[2](): 14,943,744
ideal_bandwidth_drain_per_layer[2]: 0.003472222222222222
ideal_bandwidth_update_per_layer[2]: 1.0
  (For comparison - full updates including accumulation: 4,303,798,272)
level.getFillPerLayer[2](): 14,943,744
ideal_bandwidth_fill_per_layer[2]: 0.003472222222222222

Latency for layer: 3 of Level: AccumulationIntermediateOutputRegister
level.active_instances_per_layer[3]: 3312
level.temporal_iterations_per_layer[3]: 1299456
Scaling per layer[3]: 4,303,798,272
Single Tile latency: cc_per_tile_per_layer[3]: 1
Ideal Case, Latency at this level without stalls: cc_per_all_tiles_per_layer[3]: 1
SCALED cc_per_all_tiles_per_layer[3]: 4,303,798,272
level.getReadPerLayer[3](): 0
  (For comparison - full reads including accumulation: 0)
ideal_bandwidth_read_per_layer[3]: 0.0
level.getDrainPerLayer[3](): 0
ideal_bandwidth_drain_per_layer[3]: 0.0
ideal_bandwidth_update_per_layer[3]: 0.0
  (For comparison - full updates including accumulation: 0)
level.getFillPerLayer[3](): 0
ideal_bandwidth_fill_per_layer[3]: 0.0

Start of calculation of latency:


Layer_id: 0 in AccumulationIntermediateOutputRegister

ideal_bandwidth_read_per_layer[0] + ideal_bandwidth_drain_per_layer[0]: 1.2222222222222223 vs level.read_bandwidth: 1
I am in Slowdown: Memory Bound
ideal_bandwidth_read_per_layer[0]: 1.1111111111111112
ideal_bandwidth_drain_per_layer[0]: 0.1111111111111111
level.read_bandwidth: 1
total data (for bandwidth): 164381184
scaling_per_layer[0]: 134493696
SLOWDOWN CASE latency_read_drain_per_layer[0]: 1.2222222222222223

ideal_bandwidth_fill_per_layer[0] + ideal_bandwidth_update_per_layer[0]: 1.1111111111111112 vs level.write_bandwidth: 1
ideal_bandwidth_fill_per_layer[0]: 0.1111111111111111
ideal_bandwidth_update_per_layer[0]: 1.0
level.write_bandwidth: 1
total data (for bandwidth): 149437440
scaling_per_layer[0]: 134493696
SLOWDOWN CASE latency_fill_update_per_layer[0]: 1.1111111111111112


Layer_id: 1 in AccumulationIntermediateOutputRegister

ideal_bandwidth_read_per_layer[1] + ideal_bandwidth_drain_per_layer[1]: 1.0034722222222223 vs level.read_bandwidth: 1
I am in Slowdown: Memory Bound
ideal_bandwidth_read_per_layer[1]: 1.0
ideal_bandwidth_drain_per_layer[1]: 0.003472222222222222
level.read_bandwidth: 1
total data (for bandwidth): 4318742016
scaling_per_layer[1]: 4303798272
SLOWDOWN CASE latency_read_drain_per_layer[1]: 1.0034722222222223

ideal_bandwidth_fill_per_layer[1] + ideal_bandwidth_update_per_layer[1]: 1.0034722222222223 vs level.write_bandwidth: 1
ideal_bandwidth_fill_per_layer[1]: 0.003472222222222222
ideal_bandwidth_update_per_layer[1]: 1.0
level.write_bandwidth: 1
total data (for bandwidth): 4318742016
scaling_per_layer[1]: 4303798272
SLOWDOWN CASE latency_fill_update_per_layer[1]: 1.0034722222222223


Layer_id: 2 in AccumulationIntermediateOutputRegister

ideal_bandwidth_read_per_layer[2] + ideal_bandwidth_drain_per_layer[2]: 1.0034722222222223 vs level.read_bandwidth: 1
I am in Slowdown: Memory Bound
ideal_bandwidth_read_per_layer[2]: 1.0
ideal_bandwidth_drain_per_layer[2]: 0.003472222222222222
level.read_bandwidth: 1
total data (for bandwidth): 4318742016
scaling_per_layer[2]: 4303798272
SLOWDOWN CASE latency_read_drain_per_layer[2]: 1.0034722222222223

ideal_bandwidth_fill_per_layer[2] + ideal_bandwidth_update_per_layer[2]: 1.0034722222222223 vs level.write_bandwidth: 1
ideal_bandwidth_fill_per_layer[2]: 0.003472222222222222
ideal_bandwidth_update_per_layer[2]: 1.0
level.write_bandwidth: 1
total data (for bandwidth): 4318742016
scaling_per_layer[2]: 4303798272
SLOWDOWN CASE latency_fill_update_per_layer[2]: 1.0034722222222223


Layer_id: 3 in AccumulationIntermediateOutputRegister

ideal_bandwidth_read_per_layer[3] + ideal_bandwidth_drain_per_layer[3]: 0.0 vs level.read_bandwidth: 1
I am in Compute Bound
cc_per_all_tiles_per_layer[3]: 1
STANDARD CASE latency_read_drain_per_layer[3]: 1

ideal_bandwidth_fill_per_layer[3] + ideal_bandwidth_update_per_layer[3]: 0.0 vs level.write_bandwidth: 1
previous_fanout_pe_to_pe_warmup: 0
STANDARD CASE latency_fill_update_per_layer[3]: 1

End of calculation of latency.

Calculating per tile final latency and stall for layer 0 in AccumulationIntermediateOutputRegister: latency_read_drain_per_layer[0] = 1.2222222222222223, latency_fill_update_per_layer[0] = 1.1111111111111112
Final per tile latency_per_layer[0]: 1
Final per tile stall_cycles_per_layer[0]: 0
Ideal case: no stall introduced by this level per this layer: cc_per_all_tiles_per_layer[0]: 1
Calculating per tile final latency and stall for layer 1 in AccumulationIntermediateOutputRegister: latency_read_drain_per_layer[1] = 1.0034722222222223, latency_fill_update_per_layer[1] = 1.0034722222222223
Final per tile latency_per_layer[1]: 1
Final per tile stall_cycles_per_layer[1]: 0
Ideal case: no stall introduced by this level per this layer: cc_per_all_tiles_per_layer[1]: 1
Calculating per tile final latency and stall for layer 2 in AccumulationIntermediateOutputRegister: latency_read_drain_per_layer[2] = 1.0034722222222223, latency_fill_update_per_layer[2] = 1.0034722222222223
Final per tile latency_per_layer[2]: 1
Final per tile stall_cycles_per_layer[2]: 0
Ideal case: no stall introduced by this level per this layer: cc_per_all_tiles_per_layer[2]: 1
Calculating per tile final latency and stall for layer 3 in AccumulationIntermediateOutputRegister: latency_read_drain_per_layer[3] = 1, latency_fill_update_per_layer[3] = 1
Final per tile latency_per_layer[3]: 1
Final per tile stall_cycles_per_layer[3]: 0
Ideal case: no stall introduced by this level per this layer: cc_per_all_tiles_per_layer[3]: 1


Calculating Latency for Level: WeightRegister

Latency for layer: 0 of Level: WeightRegister
level.active_instances_per_layer[0]: 3312
level.temporal_iterations_per_layer[0]: 40608
Scaling per layer[0]: 134,493,696
Single Tile latency: cc_per_tile_per_layer[0]: 1.2222222222222223
Ideal Case, Latency at this level without stalls: cc_per_all_tiles_per_layer[0]: 1.2222222222222223
SCALED cc_per_all_tiles_per_layer[0]: 164,381,184
level.getReadPerLayer[0](): 134,493,696
  (For comparison - full reads including accumulation: 134,493,696)
ideal_bandwidth_read_per_layer[0]: 0.8181818181818182
level.getDrainPerLayer[0](): 0
ideal_bandwidth_drain_per_layer[0]: 0.0
ideal_bandwidth_update_per_layer[0]: 0.0
  (For comparison - full updates including accumulation: 0)
level.getFillPerLayer[0](): 134,493,696
ideal_bandwidth_fill_per_layer[0]: 0.8181818181818182

Latency for layer: 1 of Level: WeightRegister
level.active_instances_per_layer[1]: 3312
level.temporal_iterations_per_layer[1]: 1299456
Scaling per layer[1]: 4,303,798,272
Single Tile latency: cc_per_tile_per_layer[1]: 1.0034722222222223
Ideal Case, Latency at this level without stalls: cc_per_all_tiles_per_layer[1]: 1.0034722222222223
SCALED cc_per_all_tiles_per_layer[1]: 4,318,742,016
level.getReadPerLayer[1](): 4,303,798,272
  (For comparison - full reads including accumulation: 4,303,798,272)
ideal_bandwidth_read_per_layer[1]: 0.9965397923875432
level.getDrainPerLayer[1](): 0
ideal_bandwidth_drain_per_layer[1]: 0.0
ideal_bandwidth_update_per_layer[1]: 0.0
  (For comparison - full updates including accumulation: 0)
level.getFillPerLayer[1](): 4,303,798,272
ideal_bandwidth_fill_per_layer[1]: 0.9965397923875432

Latency for layer: 2 of Level: WeightRegister
level.active_instances_per_layer[2]: 3312
level.temporal_iterations_per_layer[2]: 1299456
Scaling per layer[2]: 4,303,798,272
Single Tile latency: cc_per_tile_per_layer[2]: 1.0034722222222223
Ideal Case, Latency at this level without stalls: cc_per_all_tiles_per_layer[2]: 1.0034722222222223
SCALED cc_per_all_tiles_per_layer[2]: 4,318,742,016
level.getReadPerLayer[2](): 4,303,798,272
  (For comparison - full reads including accumulation: 4,303,798,272)
ideal_bandwidth_read_per_layer[2]: 0.9965397923875432
level.getDrainPerLayer[2](): 0
ideal_bandwidth_drain_per_layer[2]: 0.0
ideal_bandwidth_update_per_layer[2]: 0.0
  (For comparison - full updates including accumulation: 0)
level.getFillPerLayer[2](): 4,303,798,272
ideal_bandwidth_fill_per_layer[2]: 0.9965397923875432

Latency for layer: 3 of Level: WeightRegister
level.active_instances_per_layer[3]: 3312
level.temporal_iterations_per_layer[3]: 1299456
Scaling per layer[3]: 4,303,798,272
Single Tile latency: cc_per_tile_per_layer[3]: 1
Ideal Case, Latency at this level without stalls: cc_per_all_tiles_per_layer[3]: 1
SCALED cc_per_all_tiles_per_layer[3]: 4,303,798,272
level.getReadPerLayer[3](): 4,303,798,272
  (For comparison - full reads including accumulation: 4,303,798,272)
ideal_bandwidth_read_per_layer[3]: 1.0
level.getDrainPerLayer[3](): 0
ideal_bandwidth_drain_per_layer[3]: 0.0
ideal_bandwidth_update_per_layer[3]: 0.0
  (For comparison - full updates including accumulation: 0)
level.getFillPerLayer[3](): 4,303,798,272
ideal_bandwidth_fill_per_layer[3]: 1.0

Start of calculation of latency:


Layer_id: 0 in WeightRegister

ideal_bandwidth_read_per_layer[0] + ideal_bandwidth_drain_per_layer[0]: 0.8181818181818182 vs level.read_bandwidth: 1
I am in Compute Bound
cc_per_all_tiles_per_layer[0]: 1.2222222222222223
STANDARD CASE latency_read_drain_per_layer[0]: 1.2222222222222223

ideal_bandwidth_fill_per_layer[0] + ideal_bandwidth_update_per_layer[0]: 0.8181818181818182 vs level.write_bandwidth: 1
previous_fanout_pe_to_pe_warmup: 0
STANDARD CASE latency_fill_update_per_layer[0]: 1.2222222222222223


Layer_id: 1 in WeightRegister

ideal_bandwidth_read_per_layer[1] + ideal_bandwidth_drain_per_layer[1]: 0.9965397923875432 vs level.read_bandwidth: 1
I am in Compute Bound
cc_per_all_tiles_per_layer[1]: 1.0034722222222223
STANDARD CASE latency_read_drain_per_layer[1]: 1.0034722222222223

ideal_bandwidth_fill_per_layer[1] + ideal_bandwidth_update_per_layer[1]: 0.9965397923875432 vs level.write_bandwidth: 1
previous_fanout_pe_to_pe_warmup: 0
STANDARD CASE latency_fill_update_per_layer[1]: 1.0034722222222223


Layer_id: 2 in WeightRegister

ideal_bandwidth_read_per_layer[2] + ideal_bandwidth_drain_per_layer[2]: 0.9965397923875432 vs level.read_bandwidth: 1
I am in Compute Bound
cc_per_all_tiles_per_layer[2]: 1.0034722222222223
STANDARD CASE latency_read_drain_per_layer[2]: 1.0034722222222223

ideal_bandwidth_fill_per_layer[2] + ideal_bandwidth_update_per_layer[2]: 0.9965397923875432 vs level.write_bandwidth: 1
previous_fanout_pe_to_pe_warmup: 0
STANDARD CASE latency_fill_update_per_layer[2]: 1.0034722222222223


Layer_id: 3 in WeightRegister

ideal_bandwidth_read_per_layer[3] + ideal_bandwidth_drain_per_layer[3]: 1.0 vs level.read_bandwidth: 1
I am in Compute Bound
cc_per_all_tiles_per_layer[3]: 1
STANDARD CASE latency_read_drain_per_layer[3]: 1

ideal_bandwidth_fill_per_layer[3] + ideal_bandwidth_update_per_layer[3]: 1.0 vs level.write_bandwidth: 1
previous_fanout_pe_to_pe_warmup: 0
STANDARD CASE latency_fill_update_per_layer[3]: 1

End of calculation of latency.

Calculating per tile final latency and stall for layer 0 in WeightRegister: latency_read_drain_per_layer[0] = 1.2222222222222223, latency_fill_update_per_layer[0] = 1.2222222222222223
Final per tile latency_per_layer[0]: 1
Final per tile stall_cycles_per_layer[0]: 0
Ideal case: no stall introduced by this level per this layer: cc_per_all_tiles_per_layer[0]: 1
Calculating per tile final latency and stall for layer 1 in WeightRegister: latency_read_drain_per_layer[1] = 1.0034722222222223, latency_fill_update_per_layer[1] = 1.0034722222222223
Final per tile latency_per_layer[1]: 1
Final per tile stall_cycles_per_layer[1]: 0
Ideal case: no stall introduced by this level per this layer: cc_per_all_tiles_per_layer[1]: 1
Calculating per tile final latency and stall for layer 2 in WeightRegister: latency_read_drain_per_layer[2] = 1.0034722222222223, latency_fill_update_per_layer[2] = 1.0034722222222223
Final per tile latency_per_layer[2]: 1
Final per tile stall_cycles_per_layer[2]: 0
Ideal case: no stall introduced by this level per this layer: cc_per_all_tiles_per_layer[2]: 1
Calculating per tile final latency and stall for layer 3 in WeightRegister: latency_read_drain_per_layer[3] = 1, latency_fill_update_per_layer[3] = 1
Final per tile latency_per_layer[3]: 1
Final per tile stall_cycles_per_layer[3]: 0
Ideal case: no stall introduced by this level per this layer: cc_per_all_tiles_per_layer[3]: 1


Calculating Latency for Level: WeightMemory

Latency for layer: 0 of Level: WeightMemory
level.active_instances_per_layer[0]: 1
level.temporal_iterations_per_layer[0]: 2256
Scaling per layer[0]: 2,256
Single Tile latency: cc_per_tile_per_layer[0]: 1.2222222222222223
Ideal Case, Latency at this level without stalls: cc_per_all_tiles_per_layer[0]: 22.0
SCALED cc_per_all_tiles_per_layer[0]: 49,632
level.getReadPerLayer[0](): 649,728
  (For comparison - full reads including accumulation: 649,728)
ideal_bandwidth_read_per_layer[0]: 13.090909090909092
level.getDrainPerLayer[0](): 0
ideal_bandwidth_drain_per_layer[0]: 0.0
ideal_bandwidth_update_per_layer[0]: 0.0
  (For comparison - full updates including accumulation: 0)
level.getFillPerLayer[0](): 288
ideal_bandwidth_fill_per_layer[0]: 0.005802707930367505

Latency for layer: 1 of Level: WeightMemory
level.active_instances_per_layer[1]: 1
level.temporal_iterations_per_layer[1]: 2256
Scaling per layer[1]: 2,256
Single Tile latency: cc_per_tile_per_layer[1]: 1.0034722222222223
Ideal Case, Latency at this level without stalls: cc_per_all_tiles_per_layer[1]: 578.0
SCALED cc_per_all_tiles_per_layer[1]: 1,303,968
level.getReadPerLayer[1](): 20,791,296
  (For comparison - full reads including accumulation: 20,791,296)
ideal_bandwidth_read_per_layer[1]: 15.944636678200691
level.getDrainPerLayer[1](): 0
ideal_bandwidth_drain_per_layer[1]: 0.0
ideal_bandwidth_update_per_layer[1]: 0.0
  (For comparison - full updates including accumulation: 0)
level.getFillPerLayer[1](): 9,216
ideal_bandwidth_fill_per_layer[1]: 0.007067658102039314

Latency for layer: 2 of Level: WeightMemory
level.active_instances_per_layer[2]: 1
level.temporal_iterations_per_layer[2]: 2256
Scaling per layer[2]: 2,256
Single Tile latency: cc_per_tile_per_layer[2]: 1.0034722222222223
Ideal Case, Latency at this level without stalls: cc_per_all_tiles_per_layer[2]: 578.0
SCALED cc_per_all_tiles_per_layer[2]: 1,303,968
level.getReadPerLayer[2](): 20,791,296
  (For comparison - full reads including accumulation: 20,791,296)
ideal_bandwidth_read_per_layer[2]: 15.944636678200691
level.getDrainPerLayer[2](): 0
ideal_bandwidth_drain_per_layer[2]: 0.0
ideal_bandwidth_update_per_layer[2]: 0.0
  (For comparison - full updates including accumulation: 0)
level.getFillPerLayer[2](): 9,216
ideal_bandwidth_fill_per_layer[2]: 0.007067658102039314

Latency for layer: 3 of Level: WeightMemory
level.active_instances_per_layer[3]: 1
level.temporal_iterations_per_layer[3]: 2256
Scaling per layer[3]: 2,256
Single Tile latency: cc_per_tile_per_layer[3]: 1
Ideal Case, Latency at this level without stalls: cc_per_all_tiles_per_layer[3]: 576
SCALED cc_per_all_tiles_per_layer[3]: 1,299,456
level.getReadPerLayer[3](): 20,791,296
  (For comparison - full reads including accumulation: 20,791,296)
ideal_bandwidth_read_per_layer[3]: 16.0
level.getDrainPerLayer[3](): 0
ideal_bandwidth_drain_per_layer[3]: 0.0
ideal_bandwidth_update_per_layer[3]: 0.0
  (For comparison - full updates including accumulation: 0)
level.getFillPerLayer[3](): 9,216
ideal_bandwidth_fill_per_layer[3]: 0.0070921985815602835

Start of calculation of latency:


Layer_id: 0 in WeightMemory

ideal_bandwidth_read_per_layer[0] + ideal_bandwidth_drain_per_layer[0]: 13.090909090909092 vs level.read_bandwidth: 16
I am in Compute Bound
cc_per_all_tiles_per_layer[0]: 22.0
STANDARD CASE latency_read_drain_per_layer[0]: 22.0

ideal_bandwidth_fill_per_layer[0] + ideal_bandwidth_update_per_layer[0]: 0.005802707930367505 vs level.write_bandwidth: 16
previous_fanout_pe_to_pe_warmup: 0
STANDARD CASE latency_fill_update_per_layer[0]: 22.0


Layer_id: 1 in WeightMemory

ideal_bandwidth_read_per_layer[1] + ideal_bandwidth_drain_per_layer[1]: 15.944636678200691 vs level.read_bandwidth: 16
I am in Compute Bound
cc_per_all_tiles_per_layer[1]: 578.0
STANDARD CASE latency_read_drain_per_layer[1]: 578.0

ideal_bandwidth_fill_per_layer[1] + ideal_bandwidth_update_per_layer[1]: 0.007067658102039314 vs level.write_bandwidth: 16
previous_fanout_pe_to_pe_warmup: 0
STANDARD CASE latency_fill_update_per_layer[1]: 578.0


Layer_id: 2 in WeightMemory

ideal_bandwidth_read_per_layer[2] + ideal_bandwidth_drain_per_layer[2]: 15.944636678200691 vs level.read_bandwidth: 16
I am in Compute Bound
cc_per_all_tiles_per_layer[2]: 578.0
STANDARD CASE latency_read_drain_per_layer[2]: 578.0

ideal_bandwidth_fill_per_layer[2] + ideal_bandwidth_update_per_layer[2]: 0.007067658102039314 vs level.write_bandwidth: 16
previous_fanout_pe_to_pe_warmup: 0
STANDARD CASE latency_fill_update_per_layer[2]: 578.0


Layer_id: 3 in WeightMemory

ideal_bandwidth_read_per_layer[3] + ideal_bandwidth_drain_per_layer[3]: 16.0 vs level.read_bandwidth: 16
I am in Compute Bound
cc_per_all_tiles_per_layer[3]: 576
STANDARD CASE latency_read_drain_per_layer[3]: 576

ideal_bandwidth_fill_per_layer[3] + ideal_bandwidth_update_per_layer[3]: 0.0070921985815602835 vs level.write_bandwidth: 16
previous_fanout_pe_to_pe_warmup: 0
STANDARD CASE latency_fill_update_per_layer[3]: 576

End of calculation of latency.

Calculating per tile final latency and stall for layer 0 in WeightMemory: latency_read_drain_per_layer[0] = 22.0, latency_fill_update_per_layer[0] = 22.0
Final per tile latency_per_layer[0]: 22
Final per tile stall_cycles_per_layer[0]: 0
Ideal case: no stall introduced by this level per this layer: cc_per_all_tiles_per_layer[0]: 22
Calculating per tile final latency and stall for layer 1 in WeightMemory: latency_read_drain_per_layer[1] = 578.0, latency_fill_update_per_layer[1] = 578.0
Final per tile latency_per_layer[1]: 578
Final per tile stall_cycles_per_layer[1]: 0
Ideal case: no stall introduced by this level per this layer: cc_per_all_tiles_per_layer[1]: 578
Calculating per tile final latency and stall for layer 2 in WeightMemory: latency_read_drain_per_layer[2] = 578.0, latency_fill_update_per_layer[2] = 578.0
Final per tile latency_per_layer[2]: 578
Final per tile stall_cycles_per_layer[2]: 0
Ideal case: no stall introduced by this level per this layer: cc_per_all_tiles_per_layer[2]: 578
Calculating per tile final latency and stall for layer 3 in WeightMemory: latency_read_drain_per_layer[3] = 576, latency_fill_update_per_layer[3] = 576
Final per tile latency_per_layer[3]: 576
Final per tile stall_cycles_per_layer[3]: 0
Ideal case: no stall introduced by this level per this layer: cc_per_all_tiles_per_layer[3]: 576


Calculating Latency for Level: FeatureMemory

Latency for layer: 0 of Level: FeatureMemory
level.active_instances_per_layer[0]: 1
level.temporal_iterations_per_layer[0]: 2256
Scaling per layer[0]: 2,256
Single Tile latency: cc_per_tile_per_layer[0]: 22.0
Ideal Case, Latency at this level without stalls: cc_per_all_tiles_per_layer[0]: 22.0
SCALED cc_per_all_tiles_per_layer[0]: 49,632
level.getReadPerLayer[0](): 16,624,915
  (For comparison - full reads including accumulation: 16,624,915)
ideal_bandwidth_read_per_layer[0]: 334.96363636363634
level.getDrainPerLayer[0](): 0
ideal_bandwidth_drain_per_layer[0]: 0.0
ideal_bandwidth_update_per_layer[0]: 301.09090909090907
  (For comparison - full updates including accumulation: 14,943,744)
level.getFillPerLayer[0](): 466,992
ideal_bandwidth_fill_per_layer[0]: 9.409090909090908

Latency for layer: 1 of Level: FeatureMemory
level.active_instances_per_layer[1]: 1
level.temporal_iterations_per_layer[1]: 2256
Scaling per layer[1]: 2,256
Single Tile latency: cc_per_tile_per_layer[1]: 578.0
Ideal Case, Latency at this level without stalls: cc_per_all_tiles_per_layer[1]: 578.0
SCALED cc_per_all_tiles_per_layer[1]: 1,303,968
level.getReadPerLayer[1](): 68,741,222
  (For comparison - full reads including accumulation: 68,741,222)
ideal_bandwidth_read_per_layer[1]: 52.71695501730104
level.getDrainPerLayer[1](): 0
ideal_bandwidth_drain_per_layer[1]: 0.0
ideal_bandwidth_update_per_layer[1]: 11.460207612456747
  (For comparison - full updates including accumulation: 14,943,744)
level.getFillPerLayer[1](): 0
ideal_bandwidth_fill_per_layer[1]: 0.0

Latency for layer: 2 of Level: FeatureMemory
level.active_instances_per_layer[2]: 1
level.temporal_iterations_per_layer[2]: 2256
Scaling per layer[2]: 2,256
Single Tile latency: cc_per_tile_per_layer[2]: 578.0
Ideal Case, Latency at this level without stalls: cc_per_all_tiles_per_layer[2]: 578.0
SCALED cc_per_all_tiles_per_layer[2]: 1,303,968
level.getReadPerLayer[2](): 68,741,222
  (For comparison - full reads including accumulation: 68,741,222)
ideal_bandwidth_read_per_layer[2]: 52.71695501730104
level.getDrainPerLayer[2](): 0
ideal_bandwidth_drain_per_layer[2]: 0.0
ideal_bandwidth_update_per_layer[2]: 11.460207612456747
  (For comparison - full updates including accumulation: 14,943,744)
level.getFillPerLayer[2](): 0
ideal_bandwidth_fill_per_layer[2]: 0.0

Latency for layer: 3 of Level: FeatureMemory
level.active_instances_per_layer[3]: 1
level.temporal_iterations_per_layer[3]: 2256
Scaling per layer[3]: 2,256
Single Tile latency: cc_per_tile_per_layer[3]: 576
Ideal Case, Latency at this level without stalls: cc_per_all_tiles_per_layer[3]: 576
SCALED cc_per_all_tiles_per_layer[3]: 1,299,456
level.getReadPerLayer[3](): 53,797,478
  (For comparison - full reads including accumulation: 53,797,478)
ideal_bandwidth_read_per_layer[3]: 41.4
level.getDrainPerLayer[3](): 14,943,744
ideal_bandwidth_drain_per_layer[3]: 11.5
ideal_bandwidth_update_per_layer[3]: 11.5
  (For comparison - full updates including accumulation: 14,943,744)
level.getFillPerLayer[3](): 0
ideal_bandwidth_fill_per_layer[3]: 0.0

Start of calculation of latency:
I am in FeatureMemory level, so I use different formula for latency calculation


Layer_id: 0 in FeatureMemory

scaling_per_layer[0]: 2256
I AM HERE total_data_rd: 16624915
latency_per_layer[0]: 109.19445955566302, latency_read_drain_per_layer[0]: 55.827272055663016, latency_fill_update_per_layer[0]: 53.3671875
Total latency so far: 109.19445955566302


Layer_id: 1 in FeatureMemory

scaling_per_layer[1]: 2256
I AM HERE total_data_rd: 68741222
latency_per_layer[1]: 282.58636229314425, latency_read_drain_per_layer[1]: 230.83636229314422, latency_fill_update_per_layer[1]: 51.75
Total latency so far: 391.78082184880725


Layer_id: 2 in FeatureMemory

scaling_per_layer[2]: 2256
I AM HERE total_data_rd: 68741222
latency_per_layer[2]: 282.58636229314425, latency_read_drain_per_layer[2]: 230.83636229314422, latency_fill_update_per_layer[2]: 51.75
Total latency so far: 674.3671841419515


Layer_id: 3 in FeatureMemory

scaling_per_layer[3]: 2256
I AM HERE total_data_rd: 68741222
latency_per_layer[3]: 282.58636229314425, latency_read_drain_per_layer[3]: 230.83636229314422, latency_fill_update_per_layer[3]: 51.75
Total latency so far: 956.9535464350957

End of calculation of latency.

Calculating per tile final latency and stall for layer 0 in FeatureMemory: latency_read_drain_per_layer[0] = 55.827272055663016, latency_fill_update_per_layer[0] = 53.3671875
Final per tile latency_per_layer[0]: 109
Final per tile stall_cycles_per_layer[0]: 87
Ideal case: no stall introduced by this level per this layer: cc_per_all_tiles_per_layer[0]: 22
Calculating per tile final latency and stall for layer 1 in FeatureMemory: latency_read_drain_per_layer[1] = 230.83636229314422, latency_fill_update_per_layer[1] = 51.75
Final per tile latency_per_layer[1]: 578
Final per tile stall_cycles_per_layer[1]: 0
Ideal case: no stall introduced by this level per this layer: cc_per_all_tiles_per_layer[1]: 578
Calculating per tile final latency and stall for layer 2 in FeatureMemory: latency_read_drain_per_layer[2] = 230.83636229314422, latency_fill_update_per_layer[2] = 51.75
Final per tile latency_per_layer[2]: 578
Final per tile stall_cycles_per_layer[2]: 0
Ideal case: no stall introduced by this level per this layer: cc_per_all_tiles_per_layer[2]: 578
Calculating per tile final latency and stall for layer 3 in FeatureMemory: latency_read_drain_per_layer[3] = 230.83636229314422, latency_fill_update_per_layer[3] = 51.75
Final per tile latency_per_layer[3]: 576
Final per tile stall_cycles_per_layer[3]: 0
Ideal case: no stall introduced by this level per this layer: cc_per_all_tiles_per_layer[3]: 576


Calculating Latency for Level: DRAM

Latency for layer: 0 of Level: DRAM
level.active_instances_per_layer[0]: 1
level.temporal_iterations_per_layer[0]: 1
Scaling per layer[0]: 1
Single Tile latency: cc_per_tile_per_layer[0]: 109.19445955566302
Ideal Case, Latency at this level without stalls: cc_per_all_tiles_per_layer[0]: 246342.70075757577
SCALED cc_per_all_tiles_per_layer[0]: 246,343
level.getReadPerLayer[0](): 467,280
  (For comparison - full reads including accumulation: 467,280)
ideal_bandwidth_read_per_layer[0]: 1.8968696801771576
level.getDrainPerLayer[0](): 0
ideal_bandwidth_drain_per_layer[0]: 0.0
ideal_bandwidth_update_per_layer[0]: 0.0
  (For comparison - full updates including accumulation: 0)
level.getFillPerLayer[0](): 0
ideal_bandwidth_fill_per_layer[0]: 0.0

Latency for layer: 1 of Level: DRAM
level.active_instances_per_layer[1]: 1
level.temporal_iterations_per_layer[1]: 1
Scaling per layer[1]: 1
Single Tile latency: cc_per_tile_per_layer[1]: 578.0
Ideal Case, Latency at this level without stalls: cc_per_all_tiles_per_layer[1]: 1303968.0
SCALED cc_per_all_tiles_per_layer[1]: 1,303,968
level.getReadPerLayer[1](): 9,216
  (For comparison - full reads including accumulation: 9,216)
ideal_bandwidth_read_per_layer[1]: 0.007067658102039314
level.getDrainPerLayer[1](): 0
ideal_bandwidth_drain_per_layer[1]: 0.0
ideal_bandwidth_update_per_layer[1]: 0.0
  (For comparison - full updates including accumulation: 0)
level.getFillPerLayer[1](): 0
ideal_bandwidth_fill_per_layer[1]: 0.0

Latency for layer: 2 of Level: DRAM
level.active_instances_per_layer[2]: 1
level.temporal_iterations_per_layer[2]: 1
Scaling per layer[2]: 1
Single Tile latency: cc_per_tile_per_layer[2]: 578.0
Ideal Case, Latency at this level without stalls: cc_per_all_tiles_per_layer[2]: 1303968.0
SCALED cc_per_all_tiles_per_layer[2]: 1,303,968
level.getReadPerLayer[2](): 9,216
  (For comparison - full reads including accumulation: 9,216)
ideal_bandwidth_read_per_layer[2]: 0.007067658102039314
level.getDrainPerLayer[2](): 0
ideal_bandwidth_drain_per_layer[2]: 0.0
ideal_bandwidth_update_per_layer[2]: 0.0
  (For comparison - full updates including accumulation: 0)
level.getFillPerLayer[2](): 0
ideal_bandwidth_fill_per_layer[2]: 0.0

Latency for layer: 3 of Level: DRAM
level.active_instances_per_layer[3]: 1
level.temporal_iterations_per_layer[3]: 1
Scaling per layer[3]: 1
Single Tile latency: cc_per_tile_per_layer[3]: 576
Ideal Case, Latency at this level without stalls: cc_per_all_tiles_per_layer[3]: 1299456
SCALED cc_per_all_tiles_per_layer[3]: 1,299,456
level.getReadPerLayer[3](): 9,216
  (For comparison - full reads including accumulation: 9,216)
ideal_bandwidth_read_per_layer[3]: 0.0070921985815602835
level.getDrainPerLayer[3](): 0
ideal_bandwidth_drain_per_layer[3]: 0.0
ideal_bandwidth_update_per_layer[3]: 11.5
  (For comparison - full updates including accumulation: 14,943,744)
level.getFillPerLayer[3](): 0
ideal_bandwidth_fill_per_layer[3]: 0.0

Start of calculation of latency:


Layer_id: 0 in DRAM

ideal_bandwidth_read_per_layer[0] + ideal_bandwidth_drain_per_layer[0]: 1.8968696801771576 vs level.read_bandwidth: 12
I am in Compute Bound
cc_per_all_tiles_per_layer[0]: 246342.70075757577
STANDARD CASE latency_read_drain_per_layer[0]: 246342.70075757577

ideal_bandwidth_fill_per_layer[0] + ideal_bandwidth_update_per_layer[0]: 0.0 vs level.write_bandwidth: 12
previous_fanout_pe_to_pe_warmup: 0
STANDARD CASE latency_fill_update_per_layer[0]: 246342.70075757577


Layer_id: 1 in DRAM

ideal_bandwidth_read_per_layer[1] + ideal_bandwidth_drain_per_layer[1]: 0.007067658102039314 vs level.read_bandwidth: 12
I am in Compute Bound
cc_per_all_tiles_per_layer[1]: 1303968.0
STANDARD CASE latency_read_drain_per_layer[1]: 1303968.0

ideal_bandwidth_fill_per_layer[1] + ideal_bandwidth_update_per_layer[1]: 0.0 vs level.write_bandwidth: 12
previous_fanout_pe_to_pe_warmup: 0
STANDARD CASE latency_fill_update_per_layer[1]: 1303968.0


Layer_id: 2 in DRAM

ideal_bandwidth_read_per_layer[2] + ideal_bandwidth_drain_per_layer[2]: 0.007067658102039314 vs level.read_bandwidth: 12
I am in Compute Bound
cc_per_all_tiles_per_layer[2]: 1303968.0
STANDARD CASE latency_read_drain_per_layer[2]: 1303968.0

ideal_bandwidth_fill_per_layer[2] + ideal_bandwidth_update_per_layer[2]: 0.0 vs level.write_bandwidth: 12
previous_fanout_pe_to_pe_warmup: 0
STANDARD CASE latency_fill_update_per_layer[2]: 1303968.0


Layer_id: 3 in DRAM

ideal_bandwidth_read_per_layer[3] + ideal_bandwidth_drain_per_layer[3]: 0.0070921985815602835 vs level.read_bandwidth: 12
I am in Compute Bound
cc_per_all_tiles_per_layer[3]: 1299456
STANDARD CASE latency_read_drain_per_layer[3]: 1299456

ideal_bandwidth_fill_per_layer[3] + ideal_bandwidth_update_per_layer[3]: 11.5 vs level.write_bandwidth: 12
previous_fanout_pe_to_pe_warmup: 0
STANDARD CASE latency_fill_update_per_layer[3]: 1299456

End of calculation of latency.

Calculating per tile final latency and stall for layer 0 in DRAM: latency_read_drain_per_layer[0] = 246342.70075757577, latency_fill_update_per_layer[0] = 246342.70075757577
Final per tile latency_per_layer[0]: 246,343
Final per tile stall_cycles_per_layer[0]: 0
Ideal case: no stall introduced by this level per this layer: cc_per_all_tiles_per_layer[0]: 246,343
Calculating per tile final latency and stall for layer 1 in DRAM: latency_read_drain_per_layer[1] = 1303968.0, latency_fill_update_per_layer[1] = 1303968.0
Final per tile latency_per_layer[1]: 1,303,968
Final per tile stall_cycles_per_layer[1]: 0
Ideal case: no stall introduced by this level per this layer: cc_per_all_tiles_per_layer[1]: 1,303,968
Calculating per tile final latency and stall for layer 2 in DRAM: latency_read_drain_per_layer[2] = 1303968.0, latency_fill_update_per_layer[2] = 1303968.0
Final per tile latency_per_layer[2]: 1,303,968
Final per tile stall_cycles_per_layer[2]: 0
Ideal case: no stall introduced by this level per this layer: cc_per_all_tiles_per_layer[2]: 1,303,968
Calculating per tile final latency and stall for layer 3 in DRAM: latency_read_drain_per_layer[3] = 1299456, latency_fill_update_per_layer[3] = 1299456
Final per tile latency_per_layer[3]: 1,299,456
Final per tile stall_cycles_per_layer[3]: 0
Ideal case: no stall introduced by this level per this layer: cc_per_all_tiles_per_layer[3]: 1,299,456


Final WMOPs and Latency calculation for Level: DRAM
Level: DRAM, Layer: 0
max_latency_per_layer[0]: 0 before update
level.getSettedLatencyPerLayer[0](): 246,343
Level: DRAM, Layer: 1
max_latency_per_layer[1]: 0 before update
level.getSettedLatencyPerLayer[1](): 1,303,968
Level: DRAM, Layer: 2
max_latency_per_layer[2]: 0 before update
level.getSettedLatencyPerLayer[2](): 1,303,968
Level: DRAM, Layer: 3
max_latency_per_layer[3]: 0 before update
level.getSettedLatencyPerLayer[3](): 1,299,456
Level DRAM: Thesis_4Layers_534528KB_FMEM_16x256_PEs, max_latency (sequential layers): 4,153,735


Final WMOPs and Latency calculation for Level: FeatureMemory
Level: FeatureMemory, Layer: 0
max_latency_per_layer[0]: 246,343 before update
level.getSettedLatencyPerLayer[0](): 56
Level: FeatureMemory, Layer: 1
max_latency_per_layer[1]: 1,303,968 before update
level.getSettedLatencyPerLayer[1](): 231
Level: FeatureMemory, Layer: 2
max_latency_per_layer[2]: 1,303,968 before update
level.getSettedLatencyPerLayer[2](): 231
Level: FeatureMemory, Layer: 3
max_latency_per_layer[3]: 1,299,456 before update
level.getSettedLatencyPerLayer[3](): 520,767
Level FeatureMemory: Thesis_4Layers_534528KB_FMEM_16x256_PEs, max_latency (sequential layers): 4,153,735


Final WMOPs and Latency calculation for Level: WeightMemory
Level: WeightMemory, Layer: 0
max_latency_per_layer[0]: 246,343 before update
level.getSettedLatencyPerLayer[0](): 22
Level: WeightMemory, Layer: 1
max_latency_per_layer[1]: 1,303,968 before update
level.getSettedLatencyPerLayer[1](): 578
Level: WeightMemory, Layer: 2
max_latency_per_layer[2]: 1,303,968 before update
level.getSettedLatencyPerLayer[2](): 578
Level: WeightMemory, Layer: 3
max_latency_per_layer[3]: 1,299,456 before update
level.getSettedLatencyPerLayer[3](): 1,299,456
Level WeightMemory: Thesis_4Layers_534528KB_FMEM_16x256_PEs, max_latency (sequential layers): 4,153,735


Final WMOPs and Latency calculation for Level: SACols_3


Final WMOPs and Latency calculation for Level: SARows_3


Final WMOPs and Latency calculation for Level: SACols_2


Final WMOPs and Latency calculation for Level: SARows_2


Final WMOPs and Latency calculation for Level: SACols_1


Final WMOPs and Latency calculation for Level: SARows_1


Final WMOPs and Latency calculation for Level: SACols_0


Final WMOPs and Latency calculation for Level: SARows_0


Final WMOPs and Latency calculation for Level: WeightRegister
Level: WeightRegister, Layer: 0
max_latency_per_layer[0]: 246,343 before update
level.getSettedLatencyPerLayer[0](): 1
Level: WeightRegister, Layer: 1
max_latency_per_layer[1]: 1,303,968 before update
level.getSettedLatencyPerLayer[1](): 1
Level: WeightRegister, Layer: 2
max_latency_per_layer[2]: 1,303,968 before update
level.getSettedLatencyPerLayer[2](): 1
Level: WeightRegister, Layer: 3
max_latency_per_layer[3]: 1,299,456 before update
level.getSettedLatencyPerLayer[3](): 1,299,456
Level WeightRegister: Thesis_4Layers_534528KB_FMEM_16x256_PEs, max_latency (sequential layers): 4,153,735


Final WMOPs and Latency calculation for Level: AccumulationIntermediateOutputRegister
Level: AccumulationIntermediateOutputRegister, Layer: 0
max_latency_per_layer[0]: 246,343 before update
level.getSettedLatencyPerLayer[0](): 1
Level: AccumulationIntermediateOutputRegister, Layer: 1
max_latency_per_layer[1]: 1,303,968 before update
level.getSettedLatencyPerLayer[1](): 1
Level: AccumulationIntermediateOutputRegister, Layer: 2
max_latency_per_layer[2]: 1,303,968 before update
level.getSettedLatencyPerLayer[2](): 1
Level: AccumulationIntermediateOutputRegister, Layer: 3
max_latency_per_layer[3]: 1,299,456 before update
level.getSettedLatencyPerLayer[3](): 1,299,456
Level AccumulationIntermediateOutputRegister: Thesis_4Layers_534528KB_FMEM_16x256_PEs, max_latency (sequential layers): 4,153,735


Final WMOPs and Latency calculation for Level: AccumulationOutputRegister
Level: AccumulationOutputRegister, Layer: 0
max_latency_per_layer[0]: 246,343 before update
level.getSettedLatencyPerLayer[0](): 1
Level: AccumulationOutputRegister, Layer: 1
max_latency_per_layer[1]: 1,303,968 before update
level.getSettedLatencyPerLayer[1](): 1
Level: AccumulationOutputRegister, Layer: 2
max_latency_per_layer[2]: 1,303,968 before update
level.getSettedLatencyPerLayer[2](): 1
Level: AccumulationOutputRegister, Layer: 3
max_latency_per_layer[3]: 1,299,456 before update
level.getSettedLatencyPerLayer[3](): 1,299,456
Level AccumulationOutputRegister: Thesis_4Layers_534528KB_FMEM_16x256_PEs, max_latency (sequential layers): 4,153,735


Final WMOPs and Latency calculation for Level: Compute
Compute level latency: 1
Compute latency for layer 0: 40,608
Compute latency for layer 1: 1,299,456
Compute latency for layer 2: 1,299,456
Compute latency for layer 3: 1,299,456
max_latency initially: 4153734.7007575757
compute_latency from compute level: 3,938,976
max_latency after compute: 4,153,735, before fanout_level

Final condition:
Wart: 1.646e+20
EDP: 5.569e+04 (J*cycle)
DRAM ----------> Q: 6, P: 376, X2: 6, Y2: 376, X1: 6, Y1: 376, X0: 6, Y0: 376
FeatureMemory -
WeightMemory --> Z3: 2, C3: 32, R3: 3, S3: 3, Z2: 2, C2: 32, R2: 3, S2: 3, Z1: 2, C1: 32, R1: 3, S1: 3, Z0: 2, R0: 3, S0: 3
SACols_3 ------> Q: 207
SARows_3 ------> Z3: 16
SACols_2 ------> X2: 207
SARows_2 ------> Z2: 16
SACols_1 ------> X1: 207
SARows_1 ------> Z1: 16
SACols_0 ------> X0: 207
SARows_0 ------> Z0: 16
WeightRegister 
AccumulationIntermediateOutputRegister 
AccumulationOutputRegister 
Compute -------

Visited mappings: 1

Performed moves: 0
é stato chiamato update stats! 




Questo mops è chiamato da update stats
Level: DRAM, arch bypasses for the level: ['int_in', 'int_out'], in_bp: 1, w_bp: 0, out_bp: 1, int_in_bp: 0, int_out_bp: 0
DEBUG updateStats pre scaling: Level DRAM:
  in_reads: 466992
  per_layer_w_reads: {0: 288, 1: 9216, 2: 9216, 3: 9216}
  per_layer_int_in_reads: {0: 0, 1: 0, 2: 0}
  per_layer_int_out_reads: {0: 0, 1: 0, 2: 0}
  per_layer_int_out_writes: {0: 0, 1: 0, 2: 0}
  out_reads: 14943744
  out_writes: 14943744
  out_reads_factors: 1
scale_per_layer[0]: 1, temporal_iterations_per_layer[0]: 1, spatial_iterations_per_layer[0]: 1
DEBUG: results after scaling: Level DRAM: in_reads=466992, w_reads=27936, int_in_reads=0, int_out_reads=0, int_out_writes=0, out_writes=14943744, out_reads=14943744, out_reads_factors=1
DEBUG: Level DRAM adjusted out_reads for no bias read: 0
DEBUG: Level DRAM bypasses intermediate storage
DEBUG updateStats post scaling: Level DRAM:
  in_reads: 466,992
  per_layer_w_reads: {0: 288, 1: 9216, 2: 9216, 3: 9216}
  w_reads: 27,936
  per_layer_int_in_reads: {0: 0, 1: 0, 2: 0}
  per_layer_int_in_writes: {0: 0, 1: 0, 2: 0}
  int_in_reads: 0
  per_layer_int_out_reads: {0: 0, 1: 0, 2: 0}
  per_layer_int_out_writes: {0: 0, 1: 0, 2: 0}
  int_out_reads: 0
  out_reads: 0
  out_writes: 14,943,744
  out_reads_factors: 1
in_writes: 0, w_writes: 0, int_in_writes: 0, int_out_writes: 0, out_writes: 14943744
Name of the level: DRAM, level active instances per layer: {0: 1, 1: 1, 2: 1, 3: 1}, level active instances: 1
Level DRAM, Layer 0: total_reads = 467280, total_writes = 0
Level DRAM, Layer 1: total_reads = 9216, total_writes = 0
Level DRAM, Layer 2: total_reads = 9216, total_writes = 0
DEBUG: Level DRAM, Layer 3, per_layer_int_in_reads2: 0, per_layer_w_reads3: 9216, out_reads: 0
Level DRAM, Layer 3: total_reads = 9216, total_writes = 14943744
Check: Per Layer Total reads: {0: 467280, 1: 9216, 2: 9216, 3: 9216}, total: 494928
Check: Per Layer Total writes: {0: 0, 1: 0, 2: 0, 3: 14943744}, 
 total: 14943744
Level DRAM total WMOPs from per layer sum: 494,037,504.000
Level DRAM total WMOPs from total reads/writes: 494,037,504.000
End first part of update for level: DRAM



Questo mops è chiamato da update stats
Level: FeatureMemory, arch bypasses for the level: ['w'], in_bp: 0, w_bp: 0, out_bp: 0, int_in_bp: 0, int_out_bp: 0
DEBUG updateStats pre scaling: Level FeatureMemory:
  in_reads: 3726
  per_layer_w_reads: {0: 0, 1: 0, 2: 0, 3: 0}
  per_layer_int_in_reads: {0: 119232, 1: 119232, 2: 119232}
  per_layer_int_out_reads: {0: 6624, 1: 6624, 2: 6624}
  per_layer_int_out_writes: {0: 6624, 1: 6624, 2: 6624}
  out_reads: 6624
  out_writes: 6624
  out_reads_factors: 1
scale_per_layer[0]: 2256, temporal_iterations_per_layer[0]: 2256, spatial_iterations_per_layer[0]: 1
DEBUG: results after scaling: Level FeatureMemory: in_reads=8405856, w_reads=0, int_in_reads=806962176, int_out_reads=44831232, int_out_writes=44831232, out_writes=14943744, out_reads=14943744, out_reads_factors=1
DEBUG: Level FeatureMemory adjusted out_reads for no bias read: 0
DEBUG updateStats post scaling: Level FeatureMemory:
  in_reads: 8,405,856
  per_layer_w_reads: {0: 0, 1: 0, 2: 0, 3: 0}
  w_reads: 0
  per_layer_int_in_reads: {0: 268987392, 1: 268987392, 2: 268987392}
  per_layer_int_in_writes: {0: 0, 1: 0, 2: 0}
  int_in_reads: 806,962,176
  per_layer_int_out_reads: {0: 14943744, 1: 14943744, 2: 14943744}
  per_layer_int_out_writes: {0: 14943744, 1: 14943744, 2: 14943744}
  int_out_reads: 44,831,232
  out_reads: 14,943,744
  out_writes: 14,943,744
  out_reads_factors: 1
in_writes: 466992, w_writes: 0, int_in_writes: 0, int_out_writes: 44831232, out_writes: 14943744
Name of the level: FeatureMemory, level active instances per layer: {0: 1, 1: 1, 2: 1, 3: 1}, level active instances: 1
Level FeatureMemory, Layer 0: total_reads = 23349600, total_writes = 15410736
Level FeatureMemory, Layer 1: total_reads = 283931136, total_writes = 14943744
Level FeatureMemory, Layer 2: total_reads = 283931136, total_writes = 14943744
DEBUG: Level FeatureMemory, Layer 3, per_layer_int_in_reads2: 268987392, per_layer_w_reads3: 0, out_reads: 14943744
Level FeatureMemory, Layer 3: total_reads = 283931136, total_writes = 14943744
Check: Per Layer Total reads: {0: 23349600, 1: 283931136, 2: 283931136, 3: 283931136}, total: 875143008
Check: Per Layer Total writes: {0: 15410736, 1: 14943744, 2: 14943744, 3: 14943744}, 
 total: 60241968
Level FeatureMemory total WMOPs from per layer sum: 927,251,843.510
Level FeatureMemory total WMOPs from total reads/writes: 927,251,843.510
End first part of update for level: FeatureMemory



Questo mops è chiamato da update stats
Level: WeightMemory, arch bypasses for the level: ['in', 'int_in', 'int_out', 'out'], in_bp: 0, w_bp: 1, out_bp: 0, int_in_bp: 0, int_out_bp: 0
DEBUG updateStats pre scaling: Level WeightMemory:
  in_reads: 0
  per_layer_w_reads: {0: 288, 1: 9216, 2: 9216, 3: 9216}
  per_layer_int_in_reads: {0: 0, 1: 0, 2: 0}
  per_layer_int_out_reads: {0: 0, 1: 0, 2: 0}
  per_layer_int_out_writes: {0: 0, 1: 0, 2: 0}
  out_reads: 0
  out_writes: 0
  out_reads_factors: 0
scale_per_layer[0] = 2256, temporal_iterations_per_layer[0] = 2256, spatial_iterations_per_layer[0] = 1
scale_per_layer[0]: 2256, temporal_iterations_per_layer[0]: 2256, spatial_iterations_per_layer[0]: 1
DEBUG: results after scaling: Level WeightMemory: in_reads=0, w_reads=63023616, int_in_reads=0, int_out_reads=0, int_out_writes=0, out_writes=0, out_reads=0, out_reads_factors=0
DEBUG: Level WeightMemory bypasses intermediate storage
DEBUG updateStats post scaling: Level WeightMemory:
  in_reads: 0
  per_layer_w_reads: {0: 649728, 1: 20791296, 2: 20791296, 3: 20791296}
  w_reads: 63,023,616
  per_layer_int_in_reads: {0: 0, 1: 0, 2: 0}
  per_layer_int_in_writes: {0: 0, 1: 0, 2: 0}
  int_in_reads: 0
  per_layer_int_out_reads: {0: 0, 1: 0, 2: 0}
  per_layer_int_out_writes: {0: 0, 1: 0, 2: 0}
  int_out_reads: 0
  out_reads: 0
  out_writes: 0
  out_reads_factors: 0
in_writes: 0, w_writes: 27936, int_in_writes: 0, int_out_writes: 0, out_writes: 0
Name of the level: WeightMemory, level active instances per layer: {0: 1, 1: 1, 2: 1, 3: 1}, level active instances: 1
Level WeightMemory, Layer 0: total_reads = 649728, total_writes = 288
Level WeightMemory, Layer 1: total_reads = 20791296, total_writes = 9216
Level WeightMemory, Layer 2: total_reads = 20791296, total_writes = 9216
DEBUG: Level WeightMemory, Layer 3, per_layer_int_in_reads2: 0, per_layer_w_reads3: 20791296, out_reads: 0
Level WeightMemory, Layer 3: total_reads = 20791296, total_writes = 9216
Check: Per Layer Total reads: {0: 649728, 1: 20791296, 2: 20791296, 3: 20791296}, total: 63023616
Check: Per Layer Total writes: {0: 288, 1: 9216, 2: 9216, 3: 9216}, 
 total: 27936
Level WeightMemory total WMOPs from per layer sum: 937,475,435.927
Level WeightMemory total WMOPs from total reads/writes: 937,475,435.927
End first part of update for level: WeightMemory



Calculating Fanout Level: SACols_3, updating spatial and last reads
Fanout Level SACols_3, Layer 3, dim Q, layer_iterations: 207
End of the first part of Update Stats for fanout level: SACols_3


Calculating Fanout Level: SARows_3, updating spatial and last reads
Fanout Level SARows_3, Layer 3, dim Z3, layer_iterations: 16
End of the first part of Update Stats for fanout level: SARows_3


Calculating Fanout Level: SACols_2, updating spatial and last reads
Fanout Level SACols_2, Layer 2, dim X2, layer_iterations: 207
End of the first part of Update Stats for fanout level: SACols_2


Calculating Fanout Level: SARows_2, updating spatial and last reads
Fanout Level SARows_2, Layer 2, dim Z2, layer_iterations: 16
End of the first part of Update Stats for fanout level: SARows_2


Calculating Fanout Level: SACols_1, updating spatial and last reads
Fanout Level SACols_1, Layer 1, dim X1, layer_iterations: 207
End of the first part of Update Stats for fanout level: SACols_1


Calculating Fanout Level: SARows_1, updating spatial and last reads
Fanout Level SARows_1, Layer 1, dim Z1, layer_iterations: 16
End of the first part of Update Stats for fanout level: SARows_1


Calculating Fanout Level: SACols_0, updating spatial and last reads
Fanout Level SACols_0, Layer 0, dim X0, layer_iterations: 207
End of the first part of Update Stats for fanout level: SACols_0


Calculating Fanout Level: SARows_0, updating spatial and last reads
Fanout Level SARows_0, Layer 0, dim Z0, layer_iterations: 16
End of the first part of Update Stats for fanout level: SARows_0


Questo mops è chiamato da update stats
Level: WeightRegister, arch bypasses for the level: ['in', 'int_in', 'int_out', 'out'], in_bp: 0, w_bp: 0, out_bp: 0, int_in_bp: 0, int_out_bp: 0
DEBUG updateStats pre scaling: Level WeightRegister:
  in_reads: 0
  per_layer_w_reads: {0: 1, 1: 1, 2: 1, 3: 1}
  per_layer_int_in_reads: {0: 0, 1: 0, 2: 0}
  per_layer_int_out_reads: {0: 0, 1: 0, 2: 0}
  per_layer_int_out_writes: {0: 0, 1: 0, 2: 0}
  out_reads: 0
  out_writes: 0
  out_reads_factors: 0
scale_per_layer[0]: 134493696, temporal_iterations_per_layer[0]: 40608, spatial_iterations_per_layer[0]: 3312
DEBUG: results after scaling: Level WeightRegister: in_reads=0, w_reads=13045888512, int_in_reads=0, int_out_reads=0, int_out_writes=0, out_writes=0, out_reads=0, out_reads_factors=0
DEBUG: Level WeightRegister bypasses intermediate storage
DEBUG updateStats post scaling: Level WeightRegister:
  in_reads: 0
  per_layer_w_reads: {0: 134493696, 1: 4303798272, 2: 4303798272, 3: 4303798272}
  w_reads: 13,045,888,512
  per_layer_int_in_reads: {0: 0, 1: 0, 2: 0}
  per_layer_int_in_writes: {0: 0, 1: 0, 2: 0}
  int_in_reads: 0
  per_layer_int_out_reads: {0: 0, 1: 0, 2: 0}
  per_layer_int_out_writes: {0: 0, 1: 0, 2: 0}
  int_out_reads: 0
  out_reads: 0
  out_writes: 0
  out_reads_factors: 0
in_writes: 0, w_writes: 13045888512, int_in_writes: 0, int_out_writes: 0, out_writes: 0
Name of the level: WeightRegister, level active instances per layer: {0: 3312, 1: 3312, 2: 3312, 3: 3312}, level active instances: 120326507790336
Level WeightRegister, Layer 0: total_reads = 134493696, total_writes = 134493696
Level WeightRegister, Layer 1: total_reads = 4303798272, total_writes = 4303798272
Level WeightRegister, Layer 2: total_reads = 4303798272, total_writes = 4303798272
DEBUG: Level WeightRegister, Layer 3, per_layer_int_in_reads2: 0, per_layer_w_reads3: 4303798272, out_reads: 0
Level WeightRegister, Layer 3: total_reads = 4303798272, total_writes = 4303798272
Check: Per Layer Total reads: {0: 134493696, 1: 4303798272, 2: 4303798272, 3: 4303798272}, total: 13045888512
Check: Per Layer Total writes: {0: 134493696, 1: 4303798272, 2: 4303798272, 3: 4303798272}, 
 total: 13045888512
Level WeightRegister total WMOPs from per layer sum: 5,168,167,389.885
Level WeightRegister total WMOPs from total reads/writes: 5,168,167,389.885
End first part of update for level: WeightRegister



Questo mops è chiamato da update stats
Level: AccumulationIntermediateOutputRegister, arch bypasses for the level: ['in', 'w', 'out', 'int_in'], in_bp: 0, w_bp: 0, out_bp: 0, int_in_bp: 0, int_out_bp: 0
DEBUG updateStats pre scaling: Level AccumulationIntermediateOutputRegister:
  in_reads: 0
  per_layer_w_reads: {0: 0, 1: 0, 2: 0, 3: 0}
  per_layer_int_in_reads: {0: 0, 1: 0, 2: 0}
  per_layer_int_out_reads: {0: 1, 1: 1, 2: 1}
  per_layer_int_out_writes: {0: 1, 1: 1, 2: 1}
  out_reads: 0
  out_writes: 0
  out_reads_factors: 0
scale_per_layer[0]: 134493696, temporal_iterations_per_layer[0]: 40608, spatial_iterations_per_layer[0]: 3312
DEBUG: results after scaling: Level AccumulationIntermediateOutputRegister: in_reads=0, w_reads=0, int_in_reads=0, int_out_reads=8742090240, int_out_writes=8742090240, out_writes=0, out_reads=0, out_reads_factors=0
DEBUG updateStats post scaling: Level AccumulationIntermediateOutputRegister:
  in_reads: 0
  per_layer_w_reads: {0: 0, 1: 0, 2: 0, 3: 0}
  w_reads: 0
  per_layer_int_in_reads: {0: 0, 1: 0, 2: 0}
  per_layer_int_in_writes: {0: 0, 1: 0, 2: 0}
  int_in_reads: 0
  per_layer_int_out_reads: {0: 149437440, 1: 4318742016, 2: 4318742016}
  per_layer_int_out_writes: {0: 149437440, 1: 4318742016, 2: 4318742016}
  int_out_reads: 8,742,090,240
  out_reads: 0
  out_writes: 0
  out_reads_factors: 0
in_writes: 0, w_writes: 0, int_in_writes: 0, int_out_writes: 8742090240, out_writes: 0
Name of the level: AccumulationIntermediateOutputRegister, level active instances per layer: {0: 3312, 1: 3312, 2: 3312, 3: 3312}, level active instances: 120326507790336
Level AccumulationIntermediateOutputRegister, Layer 0: total_reads = 149437440, total_writes = 149437440
Level AccumulationIntermediateOutputRegister, Layer 1: total_reads = 4318742016, total_writes = 4318742016
Level AccumulationIntermediateOutputRegister, Layer 2: total_reads = 4318742016, total_writes = 4318742016
DEBUG: Level AccumulationIntermediateOutputRegister, Layer 3, per_layer_int_in_reads2: 0, per_layer_w_reads3: 0, out_reads: 0
Level AccumulationIntermediateOutputRegister, Layer 3: total_reads = 0, total_writes = 0
Check: Per Layer Total reads: {0: 149437440, 1: 4318742016, 2: 4318742016, 3: 0}, total: 8786921472
Check: Per Layer Total writes: {0: 149437440, 1: 4318742016, 2: 4318742016, 3: 0}, 
 total: 8786921472
Level AccumulationIntermediateOutputRegister total WMOPs from per layer sum: 8,729,764,642.305
Level AccumulationIntermediateOutputRegister total WMOPs from total reads/writes: 8,711,593,227.752
End first part of update for level: AccumulationIntermediateOutputRegister



Questo mops è chiamato da update stats
Level: AccumulationOutputRegister, arch bypasses for the level: ['in', 'w', 'int_in', 'int_out'], in_bp: 0, w_bp: 0, out_bp: 1, int_in_bp: 0, int_out_bp: 0
DEBUG updateStats pre scaling: Level AccumulationOutputRegister:
  in_reads: 0
  per_layer_w_reads: {0: 0, 1: 0, 2: 0, 3: 0}
  per_layer_int_in_reads: {0: 0, 1: 0, 2: 0}
  per_layer_int_out_reads: {0: 0, 1: 0, 2: 0}
  per_layer_int_out_writes: {0: 0, 1: 0, 2: 0}
  out_reads: 1
  out_writes: 1
  out_reads_factors: 1
scale_per_layer[0]: 134493696, temporal_iterations_per_layer[0]: 40608, spatial_iterations_per_layer[0]: 3312
DEBUG: results after scaling: Level AccumulationOutputRegister: in_reads=0, w_reads=0, int_in_reads=0, int_out_reads=0, int_out_writes=0, out_writes=4303798272, out_reads=4303798272, out_reads_factors=288
DEBUG: Level AccumulationOutputRegister adjusted out_reads for no bias read: 4288854528
DEBUG: Level AccumulationOutputRegister bypasses intermediate storage
DEBUG updateStats post scaling: Level AccumulationOutputRegister:
  in_reads: 0
  per_layer_w_reads: {0: 0, 1: 0, 2: 0, 3: 0}
  w_reads: 0
  per_layer_int_in_reads: {0: 0, 1: 0, 2: 0}
  per_layer_int_in_writes: {0: 0, 1: 0, 2: 0}
  int_in_reads: 0
  per_layer_int_out_reads: {0: 0, 1: 0, 2: 0}
  per_layer_int_out_writes: {0: 0, 1: 0, 2: 0}
  int_out_reads: 0
  out_reads: 4,303,798,272
  out_writes: 4,303,798,272
  out_reads_factors: 288
in_writes: 0, w_writes: 0, int_in_writes: 0, int_out_writes: 0, out_writes: 4303798272
Name of the level: AccumulationOutputRegister, level active instances per layer: {0: 3312, 1: 3312, 2: 3312, 3: 3312}, level active instances: 120326507790336
Level AccumulationOutputRegister, Layer 0: total_reads = 0, total_writes = 0
Level AccumulationOutputRegister, Layer 1: total_reads = 0, total_writes = 0
Level AccumulationOutputRegister, Layer 2: total_reads = 0, total_writes = 0
DEBUG: Level AccumulationOutputRegister, Layer 3, per_layer_int_in_reads2: 0, per_layer_w_reads3: 0, out_reads: 4303798272
Level AccumulationOutputRegister, Layer 3: total_reads = 4303798272, total_writes = 4303798272
Check: Per Layer Total reads: {0: 0, 1: 0, 2: 0, 3: 4303798272}, total: 4303798272
Check: Per Layer Total writes: {0: 0, 1: 0, 2: 0, 3: 4303798272}, 
 total: 4303798272
Level AccumulationOutputRegister total WMOPs from per layer sum: 10,474,220,439.408
Level AccumulationOutputRegister total WMOPs from total reads/writes: 10,456,049,024.855
End first part of update for level: AccumulationOutputRegister



Calculating WMOPs for Compute Level
Compute Level Compute WMOPs_per_layer: {0: 167438709.9881945, 1: 4256041612.703302, 2: 4256041612.703302, 3: 4728184282.518914}
WMOPs_till_now before compute level: 10,474,220,439.408
Compute Level Compute total WMOPs from per layer sum: 13407706217.913712
Compute Level Compute total WMOPs: 2.4108376953183185e+36
Total WMOPs after adding compute level: 23881926657.32199
END FIRST PART OF UPDATE STATS


First cc_per_tile, it is from compute = 1
First cc_per_tile_per_layer it is from compute = {0: 1, 1: 1, 2: 1, 3: 1}


Calculating Latency for Level: AccumulationOutputRegister

Latency for layer: 0 of Level: AccumulationOutputRegister
level.active_instances_per_layer[0]: 3312
level.temporal_iterations_per_layer[0]: 40608
Scaling per layer[0]: 134,493,696
Single Tile latency: cc_per_tile_per_layer[0]: 1
Ideal Case, Latency at this level without stalls: cc_per_all_tiles_per_layer[0]: 1
SCALED cc_per_all_tiles_per_layer[0]: 134,493,696
level.getReadPerLayer[0](): 0
  (For comparison - full reads including accumulation: 0)
ideal_bandwidth_read_per_layer[0]: 0.0
level.getDrainPerLayer[0](): 0
ideal_bandwidth_drain_per_layer[0]: 0.0
ideal_bandwidth_update_per_layer[0]: 0.0
  (For comparison - full updates including accumulation: 0)
level.getFillPerLayer[0](): 0
ideal_bandwidth_fill_per_layer[0]: 0.0

Latency for layer: 1 of Level: AccumulationOutputRegister
level.active_instances_per_layer[1]: 3312
level.temporal_iterations_per_layer[1]: 1299456
Scaling per layer[1]: 4,303,798,272
Single Tile latency: cc_per_tile_per_layer[1]: 1
Ideal Case, Latency at this level without stalls: cc_per_all_tiles_per_layer[1]: 1
SCALED cc_per_all_tiles_per_layer[1]: 4,303,798,272
level.getReadPerLayer[1](): 0
  (For comparison - full reads including accumulation: 0)
ideal_bandwidth_read_per_layer[1]: 0.0
level.getDrainPerLayer[1](): 0
ideal_bandwidth_drain_per_layer[1]: 0.0
ideal_bandwidth_update_per_layer[1]: 0.0
  (For comparison - full updates including accumulation: 0)
level.getFillPerLayer[1](): 0
ideal_bandwidth_fill_per_layer[1]: 0.0

Latency for layer: 2 of Level: AccumulationOutputRegister
level.active_instances_per_layer[2]: 3312
level.temporal_iterations_per_layer[2]: 1299456
Scaling per layer[2]: 4,303,798,272
Single Tile latency: cc_per_tile_per_layer[2]: 1
Ideal Case, Latency at this level without stalls: cc_per_all_tiles_per_layer[2]: 1
SCALED cc_per_all_tiles_per_layer[2]: 4,303,798,272
level.getReadPerLayer[2](): 0
  (For comparison - full reads including accumulation: 0)
ideal_bandwidth_read_per_layer[2]: 0.0
level.getDrainPerLayer[2](): 0
ideal_bandwidth_drain_per_layer[2]: 0.0
ideal_bandwidth_update_per_layer[2]: 0.0
  (For comparison - full updates including accumulation: 0)
level.getFillPerLayer[2](): 0
ideal_bandwidth_fill_per_layer[2]: 0.0

Latency for layer: 3 of Level: AccumulationOutputRegister
level.active_instances_per_layer[3]: 3312
level.temporal_iterations_per_layer[3]: 1299456
Scaling per layer[3]: 4,303,798,272
Single Tile latency: cc_per_tile_per_layer[3]: 1
Ideal Case, Latency at this level without stalls: cc_per_all_tiles_per_layer[3]: 1
SCALED cc_per_all_tiles_per_layer[3]: 4,303,798,272
level.getReadPerLayer[3](): 4,288,854,528
  (For comparison - full reads including accumulation: 4,288,854,528)
ideal_bandwidth_read_per_layer[3]: 0.9965277777777778
level.getDrainPerLayer[3](): 14,943,744
ideal_bandwidth_drain_per_layer[3]: 0.003472222222222222
ideal_bandwidth_update_per_layer[3]: 1.0
  (For comparison - full updates including accumulation: 4,303,798,272)
level.getFillPerLayer[3](): 0
ideal_bandwidth_fill_per_layer[3]: 0.0

Start of calculation of latency:


Layer_id: 0 in AccumulationOutputRegister

ideal_bandwidth_read_per_layer[0] + ideal_bandwidth_drain_per_layer[0]: 0.0 vs level.read_bandwidth: 1
I am in Compute Bound
cc_per_all_tiles_per_layer[0]: 1
STANDARD CASE latency_read_drain_per_layer[0]: 1

ideal_bandwidth_fill_per_layer[0] + ideal_bandwidth_update_per_layer[0]: 0.0 vs level.write_bandwidth: 1
previous_fanout_pe_to_pe_warmup: 0
STANDARD CASE latency_fill_update_per_layer[0]: 1


Layer_id: 1 in AccumulationOutputRegister

ideal_bandwidth_read_per_layer[1] + ideal_bandwidth_drain_per_layer[1]: 0.0 vs level.read_bandwidth: 1
I am in Compute Bound
cc_per_all_tiles_per_layer[1]: 1
STANDARD CASE latency_read_drain_per_layer[1]: 1

ideal_bandwidth_fill_per_layer[1] + ideal_bandwidth_update_per_layer[1]: 0.0 vs level.write_bandwidth: 1
previous_fanout_pe_to_pe_warmup: 0
STANDARD CASE latency_fill_update_per_layer[1]: 1


Layer_id: 2 in AccumulationOutputRegister

ideal_bandwidth_read_per_layer[2] + ideal_bandwidth_drain_per_layer[2]: 0.0 vs level.read_bandwidth: 1
I am in Compute Bound
cc_per_all_tiles_per_layer[2]: 1
STANDARD CASE latency_read_drain_per_layer[2]: 1

ideal_bandwidth_fill_per_layer[2] + ideal_bandwidth_update_per_layer[2]: 0.0 vs level.write_bandwidth: 1
previous_fanout_pe_to_pe_warmup: 0
STANDARD CASE latency_fill_update_per_layer[2]: 1


Layer_id: 3 in AccumulationOutputRegister

ideal_bandwidth_read_per_layer[3] + ideal_bandwidth_drain_per_layer[3]: 1.0 vs level.read_bandwidth: 1
I am in Compute Bound
cc_per_all_tiles_per_layer[3]: 1
STANDARD CASE latency_read_drain_per_layer[3]: 1

ideal_bandwidth_fill_per_layer[3] + ideal_bandwidth_update_per_layer[3]: 1.0 vs level.write_bandwidth: 1
previous_fanout_pe_to_pe_warmup: 0
STANDARD CASE latency_fill_update_per_layer[3]: 1

End of calculation of latency.

Calculating per tile final latency and stall for layer 0 in AccumulationOutputRegister: latency_read_drain_per_layer[0] = 1, latency_fill_update_per_layer[0] = 1
Final per tile latency_per_layer[0]: 1
Final per tile stall_cycles_per_layer[0]: 0
Ideal case: no stall introduced by this level per this layer: cc_per_all_tiles_per_layer[0]: 1
Calculating per tile final latency and stall for layer 1 in AccumulationOutputRegister: latency_read_drain_per_layer[1] = 1, latency_fill_update_per_layer[1] = 1
Final per tile latency_per_layer[1]: 1
Final per tile stall_cycles_per_layer[1]: 0
Ideal case: no stall introduced by this level per this layer: cc_per_all_tiles_per_layer[1]: 1
Calculating per tile final latency and stall for layer 2 in AccumulationOutputRegister: latency_read_drain_per_layer[2] = 1, latency_fill_update_per_layer[2] = 1
Final per tile latency_per_layer[2]: 1
Final per tile stall_cycles_per_layer[2]: 0
Ideal case: no stall introduced by this level per this layer: cc_per_all_tiles_per_layer[2]: 1
Calculating per tile final latency and stall for layer 3 in AccumulationOutputRegister: latency_read_drain_per_layer[3] = 1, latency_fill_update_per_layer[3] = 1
Final per tile latency_per_layer[3]: 1
Final per tile stall_cycles_per_layer[3]: 0
Ideal case: no stall introduced by this level per this layer: cc_per_all_tiles_per_layer[3]: 1


Calculating Latency for Level: AccumulationIntermediateOutputRegister

Latency for layer: 0 of Level: AccumulationIntermediateOutputRegister
level.active_instances_per_layer[0]: 3312
level.temporal_iterations_per_layer[0]: 40608
Scaling per layer[0]: 134,493,696
Single Tile latency: cc_per_tile_per_layer[0]: 1
Ideal Case, Latency at this level without stalls: cc_per_all_tiles_per_layer[0]: 1
SCALED cc_per_all_tiles_per_layer[0]: 134,493,696
level.getReadPerLayer[0](): 149,437,440
  (For comparison - full reads including accumulation: 149,437,440)
ideal_bandwidth_read_per_layer[0]: 1.1111111111111112
level.getDrainPerLayer[0](): 14,943,744
ideal_bandwidth_drain_per_layer[0]: 0.1111111111111111
ideal_bandwidth_update_per_layer[0]: 1.0
  (For comparison - full updates including accumulation: 134,493,696)
level.getFillPerLayer[0](): 14,943,744
ideal_bandwidth_fill_per_layer[0]: 0.1111111111111111

Latency for layer: 1 of Level: AccumulationIntermediateOutputRegister
level.active_instances_per_layer[1]: 3312
level.temporal_iterations_per_layer[1]: 1299456
Scaling per layer[1]: 4,303,798,272
Single Tile latency: cc_per_tile_per_layer[1]: 1
Ideal Case, Latency at this level without stalls: cc_per_all_tiles_per_layer[1]: 1
SCALED cc_per_all_tiles_per_layer[1]: 4,303,798,272
level.getReadPerLayer[1](): 4,303,798,272
  (For comparison - full reads including accumulation: 4,303,798,272)
ideal_bandwidth_read_per_layer[1]: 1.0
level.getDrainPerLayer[1](): 14,943,744
ideal_bandwidth_drain_per_layer[1]: 0.003472222222222222
ideal_bandwidth_update_per_layer[1]: 1.0
  (For comparison - full updates including accumulation: 4,303,798,272)
level.getFillPerLayer[1](): 14,943,744
ideal_bandwidth_fill_per_layer[1]: 0.003472222222222222

Latency for layer: 2 of Level: AccumulationIntermediateOutputRegister
level.active_instances_per_layer[2]: 3312
level.temporal_iterations_per_layer[2]: 1299456
Scaling per layer[2]: 4,303,798,272
Single Tile latency: cc_per_tile_per_layer[2]: 1
Ideal Case, Latency at this level without stalls: cc_per_all_tiles_per_layer[2]: 1
SCALED cc_per_all_tiles_per_layer[2]: 4,303,798,272
level.getReadPerLayer[2](): 4,303,798,272
  (For comparison - full reads including accumulation: 4,303,798,272)
ideal_bandwidth_read_per_layer[2]: 1.0
level.getDrainPerLayer[2](): 14,943,744
ideal_bandwidth_drain_per_layer[2]: 0.003472222222222222
ideal_bandwidth_update_per_layer[2]: 1.0
  (For comparison - full updates including accumulation: 4,303,798,272)
level.getFillPerLayer[2](): 14,943,744
ideal_bandwidth_fill_per_layer[2]: 0.003472222222222222

Latency for layer: 3 of Level: AccumulationIntermediateOutputRegister
level.active_instances_per_layer[3]: 3312
level.temporal_iterations_per_layer[3]: 1299456
Scaling per layer[3]: 4,303,798,272
Single Tile latency: cc_per_tile_per_layer[3]: 1
Ideal Case, Latency at this level without stalls: cc_per_all_tiles_per_layer[3]: 1
SCALED cc_per_all_tiles_per_layer[3]: 4,303,798,272
level.getReadPerLayer[3](): 0
  (For comparison - full reads including accumulation: 0)
ideal_bandwidth_read_per_layer[3]: 0.0
level.getDrainPerLayer[3](): 0
ideal_bandwidth_drain_per_layer[3]: 0.0
ideal_bandwidth_update_per_layer[3]: 0.0
  (For comparison - full updates including accumulation: 0)
level.getFillPerLayer[3](): 0
ideal_bandwidth_fill_per_layer[3]: 0.0

Start of calculation of latency:


Layer_id: 0 in AccumulationIntermediateOutputRegister

ideal_bandwidth_read_per_layer[0] + ideal_bandwidth_drain_per_layer[0]: 1.2222222222222223 vs level.read_bandwidth: 1
I am in Slowdown: Memory Bound
ideal_bandwidth_read_per_layer[0]: 1.1111111111111112
ideal_bandwidth_drain_per_layer[0]: 0.1111111111111111
level.read_bandwidth: 1
total data (for bandwidth): 164381184
scaling_per_layer[0]: 134493696
SLOWDOWN CASE latency_read_drain_per_layer[0]: 1.2222222222222223

ideal_bandwidth_fill_per_layer[0] + ideal_bandwidth_update_per_layer[0]: 1.1111111111111112 vs level.write_bandwidth: 1
ideal_bandwidth_fill_per_layer[0]: 0.1111111111111111
ideal_bandwidth_update_per_layer[0]: 1.0
level.write_bandwidth: 1
total data (for bandwidth): 149437440
scaling_per_layer[0]: 134493696
SLOWDOWN CASE latency_fill_update_per_layer[0]: 1.1111111111111112


Layer_id: 1 in AccumulationIntermediateOutputRegister

ideal_bandwidth_read_per_layer[1] + ideal_bandwidth_drain_per_layer[1]: 1.0034722222222223 vs level.read_bandwidth: 1
I am in Slowdown: Memory Bound
ideal_bandwidth_read_per_layer[1]: 1.0
ideal_bandwidth_drain_per_layer[1]: 0.003472222222222222
level.read_bandwidth: 1
total data (for bandwidth): 4318742016
scaling_per_layer[1]: 4303798272
SLOWDOWN CASE latency_read_drain_per_layer[1]: 1.0034722222222223

ideal_bandwidth_fill_per_layer[1] + ideal_bandwidth_update_per_layer[1]: 1.0034722222222223 vs level.write_bandwidth: 1
ideal_bandwidth_fill_per_layer[1]: 0.003472222222222222
ideal_bandwidth_update_per_layer[1]: 1.0
level.write_bandwidth: 1
total data (for bandwidth): 4318742016
scaling_per_layer[1]: 4303798272
SLOWDOWN CASE latency_fill_update_per_layer[1]: 1.0034722222222223


Layer_id: 2 in AccumulationIntermediateOutputRegister

ideal_bandwidth_read_per_layer[2] + ideal_bandwidth_drain_per_layer[2]: 1.0034722222222223 vs level.read_bandwidth: 1
I am in Slowdown: Memory Bound
ideal_bandwidth_read_per_layer[2]: 1.0
ideal_bandwidth_drain_per_layer[2]: 0.003472222222222222
level.read_bandwidth: 1
total data (for bandwidth): 4318742016
scaling_per_layer[2]: 4303798272
SLOWDOWN CASE latency_read_drain_per_layer[2]: 1.0034722222222223

ideal_bandwidth_fill_per_layer[2] + ideal_bandwidth_update_per_layer[2]: 1.0034722222222223 vs level.write_bandwidth: 1
ideal_bandwidth_fill_per_layer[2]: 0.003472222222222222
ideal_bandwidth_update_per_layer[2]: 1.0
level.write_bandwidth: 1
total data (for bandwidth): 4318742016
scaling_per_layer[2]: 4303798272
SLOWDOWN CASE latency_fill_update_per_layer[2]: 1.0034722222222223


Layer_id: 3 in AccumulationIntermediateOutputRegister

ideal_bandwidth_read_per_layer[3] + ideal_bandwidth_drain_per_layer[3]: 0.0 vs level.read_bandwidth: 1
I am in Compute Bound
cc_per_all_tiles_per_layer[3]: 1
STANDARD CASE latency_read_drain_per_layer[3]: 1

ideal_bandwidth_fill_per_layer[3] + ideal_bandwidth_update_per_layer[3]: 0.0 vs level.write_bandwidth: 1
previous_fanout_pe_to_pe_warmup: 0
STANDARD CASE latency_fill_update_per_layer[3]: 1

End of calculation of latency.

Calculating per tile final latency and stall for layer 0 in AccumulationIntermediateOutputRegister: latency_read_drain_per_layer[0] = 1.2222222222222223, latency_fill_update_per_layer[0] = 1.1111111111111112
Final per tile latency_per_layer[0]: 1
Final per tile stall_cycles_per_layer[0]: 0
Ideal case: no stall introduced by this level per this layer: cc_per_all_tiles_per_layer[0]: 1
Calculating per tile final latency and stall for layer 1 in AccumulationIntermediateOutputRegister: latency_read_drain_per_layer[1] = 1.0034722222222223, latency_fill_update_per_layer[1] = 1.0034722222222223
Final per tile latency_per_layer[1]: 1
Final per tile stall_cycles_per_layer[1]: 0
Ideal case: no stall introduced by this level per this layer: cc_per_all_tiles_per_layer[1]: 1
Calculating per tile final latency and stall for layer 2 in AccumulationIntermediateOutputRegister: latency_read_drain_per_layer[2] = 1.0034722222222223, latency_fill_update_per_layer[2] = 1.0034722222222223
Final per tile latency_per_layer[2]: 1
Final per tile stall_cycles_per_layer[2]: 0
Ideal case: no stall introduced by this level per this layer: cc_per_all_tiles_per_layer[2]: 1
Calculating per tile final latency and stall for layer 3 in AccumulationIntermediateOutputRegister: latency_read_drain_per_layer[3] = 1, latency_fill_update_per_layer[3] = 1
Final per tile latency_per_layer[3]: 1
Final per tile stall_cycles_per_layer[3]: 0
Ideal case: no stall introduced by this level per this layer: cc_per_all_tiles_per_layer[3]: 1


Calculating Latency for Level: WeightRegister

Latency for layer: 0 of Level: WeightRegister
level.active_instances_per_layer[0]: 3312
level.temporal_iterations_per_layer[0]: 40608
Scaling per layer[0]: 134,493,696
Single Tile latency: cc_per_tile_per_layer[0]: 1.2222222222222223
Ideal Case, Latency at this level without stalls: cc_per_all_tiles_per_layer[0]: 1.2222222222222223
SCALED cc_per_all_tiles_per_layer[0]: 164,381,184
level.getReadPerLayer[0](): 134,493,696
  (For comparison - full reads including accumulation: 134,493,696)
ideal_bandwidth_read_per_layer[0]: 0.8181818181818182
level.getDrainPerLayer[0](): 0
ideal_bandwidth_drain_per_layer[0]: 0.0
ideal_bandwidth_update_per_layer[0]: 0.0
  (For comparison - full updates including accumulation: 0)
level.getFillPerLayer[0](): 134,493,696
ideal_bandwidth_fill_per_layer[0]: 0.8181818181818182

Latency for layer: 1 of Level: WeightRegister
level.active_instances_per_layer[1]: 3312
level.temporal_iterations_per_layer[1]: 1299456
Scaling per layer[1]: 4,303,798,272
Single Tile latency: cc_per_tile_per_layer[1]: 1.0034722222222223
Ideal Case, Latency at this level without stalls: cc_per_all_tiles_per_layer[1]: 1.0034722222222223
SCALED cc_per_all_tiles_per_layer[1]: 4,318,742,016
level.getReadPerLayer[1](): 4,303,798,272
  (For comparison - full reads including accumulation: 4,303,798,272)
ideal_bandwidth_read_per_layer[1]: 0.9965397923875432
level.getDrainPerLayer[1](): 0
ideal_bandwidth_drain_per_layer[1]: 0.0
ideal_bandwidth_update_per_layer[1]: 0.0
  (For comparison - full updates including accumulation: 0)
level.getFillPerLayer[1](): 4,303,798,272
ideal_bandwidth_fill_per_layer[1]: 0.9965397923875432

Latency for layer: 2 of Level: WeightRegister
level.active_instances_per_layer[2]: 3312
level.temporal_iterations_per_layer[2]: 1299456
Scaling per layer[2]: 4,303,798,272
Single Tile latency: cc_per_tile_per_layer[2]: 1.0034722222222223
Ideal Case, Latency at this level without stalls: cc_per_all_tiles_per_layer[2]: 1.0034722222222223
SCALED cc_per_all_tiles_per_layer[2]: 4,318,742,016
level.getReadPerLayer[2](): 4,303,798,272
  (For comparison - full reads including accumulation: 4,303,798,272)
ideal_bandwidth_read_per_layer[2]: 0.9965397923875432
level.getDrainPerLayer[2](): 0
ideal_bandwidth_drain_per_layer[2]: 0.0
ideal_bandwidth_update_per_layer[2]: 0.0
  (For comparison - full updates including accumulation: 0)
level.getFillPerLayer[2](): 4,303,798,272
ideal_bandwidth_fill_per_layer[2]: 0.9965397923875432

Latency for layer: 3 of Level: WeightRegister
level.active_instances_per_layer[3]: 3312
level.temporal_iterations_per_layer[3]: 1299456
Scaling per layer[3]: 4,303,798,272
Single Tile latency: cc_per_tile_per_layer[3]: 1
Ideal Case, Latency at this level without stalls: cc_per_all_tiles_per_layer[3]: 1
SCALED cc_per_all_tiles_per_layer[3]: 4,303,798,272
level.getReadPerLayer[3](): 4,303,798,272
  (For comparison - full reads including accumulation: 4,303,798,272)
ideal_bandwidth_read_per_layer[3]: 1.0
level.getDrainPerLayer[3](): 0
ideal_bandwidth_drain_per_layer[3]: 0.0
ideal_bandwidth_update_per_layer[3]: 0.0
  (For comparison - full updates including accumulation: 0)
level.getFillPerLayer[3](): 4,303,798,272
ideal_bandwidth_fill_per_layer[3]: 1.0

Start of calculation of latency:


Layer_id: 0 in WeightRegister

ideal_bandwidth_read_per_layer[0] + ideal_bandwidth_drain_per_layer[0]: 0.8181818181818182 vs level.read_bandwidth: 1
I am in Compute Bound
cc_per_all_tiles_per_layer[0]: 1.2222222222222223
STANDARD CASE latency_read_drain_per_layer[0]: 1.2222222222222223

ideal_bandwidth_fill_per_layer[0] + ideal_bandwidth_update_per_layer[0]: 0.8181818181818182 vs level.write_bandwidth: 1
previous_fanout_pe_to_pe_warmup: 0
STANDARD CASE latency_fill_update_per_layer[0]: 1.2222222222222223


Layer_id: 1 in WeightRegister

ideal_bandwidth_read_per_layer[1] + ideal_bandwidth_drain_per_layer[1]: 0.9965397923875432 vs level.read_bandwidth: 1
I am in Compute Bound
cc_per_all_tiles_per_layer[1]: 1.0034722222222223
STANDARD CASE latency_read_drain_per_layer[1]: 1.0034722222222223

ideal_bandwidth_fill_per_layer[1] + ideal_bandwidth_update_per_layer[1]: 0.9965397923875432 vs level.write_bandwidth: 1
previous_fanout_pe_to_pe_warmup: 0
STANDARD CASE latency_fill_update_per_layer[1]: 1.0034722222222223


Layer_id: 2 in WeightRegister

ideal_bandwidth_read_per_layer[2] + ideal_bandwidth_drain_per_layer[2]: 0.9965397923875432 vs level.read_bandwidth: 1
I am in Compute Bound
cc_per_all_tiles_per_layer[2]: 1.0034722222222223
STANDARD CASE latency_read_drain_per_layer[2]: 1.0034722222222223

ideal_bandwidth_fill_per_layer[2] + ideal_bandwidth_update_per_layer[2]: 0.9965397923875432 vs level.write_bandwidth: 1
previous_fanout_pe_to_pe_warmup: 0
STANDARD CASE latency_fill_update_per_layer[2]: 1.0034722222222223


Layer_id: 3 in WeightRegister

ideal_bandwidth_read_per_layer[3] + ideal_bandwidth_drain_per_layer[3]: 1.0 vs level.read_bandwidth: 1
I am in Compute Bound
cc_per_all_tiles_per_layer[3]: 1
STANDARD CASE latency_read_drain_per_layer[3]: 1

ideal_bandwidth_fill_per_layer[3] + ideal_bandwidth_update_per_layer[3]: 1.0 vs level.write_bandwidth: 1
previous_fanout_pe_to_pe_warmup: 0
STANDARD CASE latency_fill_update_per_layer[3]: 1

End of calculation of latency.

Calculating per tile final latency and stall for layer 0 in WeightRegister: latency_read_drain_per_layer[0] = 1.2222222222222223, latency_fill_update_per_layer[0] = 1.2222222222222223
Final per tile latency_per_layer[0]: 1
Final per tile stall_cycles_per_layer[0]: 0
Ideal case: no stall introduced by this level per this layer: cc_per_all_tiles_per_layer[0]: 1
Calculating per tile final latency and stall for layer 1 in WeightRegister: latency_read_drain_per_layer[1] = 1.0034722222222223, latency_fill_update_per_layer[1] = 1.0034722222222223
Final per tile latency_per_layer[1]: 1
Final per tile stall_cycles_per_layer[1]: 0
Ideal case: no stall introduced by this level per this layer: cc_per_all_tiles_per_layer[1]: 1
Calculating per tile final latency and stall for layer 2 in WeightRegister: latency_read_drain_per_layer[2] = 1.0034722222222223, latency_fill_update_per_layer[2] = 1.0034722222222223
Final per tile latency_per_layer[2]: 1
Final per tile stall_cycles_per_layer[2]: 0
Ideal case: no stall introduced by this level per this layer: cc_per_all_tiles_per_layer[2]: 1
Calculating per tile final latency and stall for layer 3 in WeightRegister: latency_read_drain_per_layer[3] = 1, latency_fill_update_per_layer[3] = 1
Final per tile latency_per_layer[3]: 1
Final per tile stall_cycles_per_layer[3]: 0
Ideal case: no stall introduced by this level per this layer: cc_per_all_tiles_per_layer[3]: 1


Calculating Latency for Level: WeightMemory

Latency for layer: 0 of Level: WeightMemory
level.active_instances_per_layer[0]: 1
level.temporal_iterations_per_layer[0]: 2256
Scaling per layer[0]: 2,256
Single Tile latency: cc_per_tile_per_layer[0]: 1.2222222222222223
Ideal Case, Latency at this level without stalls: cc_per_all_tiles_per_layer[0]: 22.0
SCALED cc_per_all_tiles_per_layer[0]: 49,632
level.getReadPerLayer[0](): 649,728
  (For comparison - full reads including accumulation: 649,728)
ideal_bandwidth_read_per_layer[0]: 13.090909090909092
level.getDrainPerLayer[0](): 0
ideal_bandwidth_drain_per_layer[0]: 0.0
ideal_bandwidth_update_per_layer[0]: 0.0
  (For comparison - full updates including accumulation: 0)
level.getFillPerLayer[0](): 288
ideal_bandwidth_fill_per_layer[0]: 0.005802707930367505

Latency for layer: 1 of Level: WeightMemory
level.active_instances_per_layer[1]: 1
level.temporal_iterations_per_layer[1]: 2256
Scaling per layer[1]: 2,256
Single Tile latency: cc_per_tile_per_layer[1]: 1.0034722222222223
Ideal Case, Latency at this level without stalls: cc_per_all_tiles_per_layer[1]: 578.0
SCALED cc_per_all_tiles_per_layer[1]: 1,303,968
level.getReadPerLayer[1](): 20,791,296
  (For comparison - full reads including accumulation: 20,791,296)
ideal_bandwidth_read_per_layer[1]: 15.944636678200691
level.getDrainPerLayer[1](): 0
ideal_bandwidth_drain_per_layer[1]: 0.0
ideal_bandwidth_update_per_layer[1]: 0.0
  (For comparison - full updates including accumulation: 0)
level.getFillPerLayer[1](): 9,216
ideal_bandwidth_fill_per_layer[1]: 0.007067658102039314

Latency for layer: 2 of Level: WeightMemory
level.active_instances_per_layer[2]: 1
level.temporal_iterations_per_layer[2]: 2256
Scaling per layer[2]: 2,256
Single Tile latency: cc_per_tile_per_layer[2]: 1.0034722222222223
Ideal Case, Latency at this level without stalls: cc_per_all_tiles_per_layer[2]: 578.0
SCALED cc_per_all_tiles_per_layer[2]: 1,303,968
level.getReadPerLayer[2](): 20,791,296
  (For comparison - full reads including accumulation: 20,791,296)
ideal_bandwidth_read_per_layer[2]: 15.944636678200691
level.getDrainPerLayer[2](): 0
ideal_bandwidth_drain_per_layer[2]: 0.0
ideal_bandwidth_update_per_layer[2]: 0.0
  (For comparison - full updates including accumulation: 0)
level.getFillPerLayer[2](): 9,216
ideal_bandwidth_fill_per_layer[2]: 0.007067658102039314

Latency for layer: 3 of Level: WeightMemory
level.active_instances_per_layer[3]: 1
level.temporal_iterations_per_layer[3]: 2256
Scaling per layer[3]: 2,256
Single Tile latency: cc_per_tile_per_layer[3]: 1
Ideal Case, Latency at this level without stalls: cc_per_all_tiles_per_layer[3]: 576
SCALED cc_per_all_tiles_per_layer[3]: 1,299,456
level.getReadPerLayer[3](): 20,791,296
  (For comparison - full reads including accumulation: 20,791,296)
ideal_bandwidth_read_per_layer[3]: 16.0
level.getDrainPerLayer[3](): 0
ideal_bandwidth_drain_per_layer[3]: 0.0
ideal_bandwidth_update_per_layer[3]: 0.0
  (For comparison - full updates including accumulation: 0)
level.getFillPerLayer[3](): 9,216
ideal_bandwidth_fill_per_layer[3]: 0.0070921985815602835

Start of calculation of latency:


Layer_id: 0 in WeightMemory

ideal_bandwidth_read_per_layer[0] + ideal_bandwidth_drain_per_layer[0]: 13.090909090909092 vs level.read_bandwidth: 16
I am in Compute Bound
cc_per_all_tiles_per_layer[0]: 22.0
STANDARD CASE latency_read_drain_per_layer[0]: 22.0

ideal_bandwidth_fill_per_layer[0] + ideal_bandwidth_update_per_layer[0]: 0.005802707930367505 vs level.write_bandwidth: 16
previous_fanout_pe_to_pe_warmup: 0
STANDARD CASE latency_fill_update_per_layer[0]: 22.0


Layer_id: 1 in WeightMemory

ideal_bandwidth_read_per_layer[1] + ideal_bandwidth_drain_per_layer[1]: 15.944636678200691 vs level.read_bandwidth: 16
I am in Compute Bound
cc_per_all_tiles_per_layer[1]: 578.0
STANDARD CASE latency_read_drain_per_layer[1]: 578.0

ideal_bandwidth_fill_per_layer[1] + ideal_bandwidth_update_per_layer[1]: 0.007067658102039314 vs level.write_bandwidth: 16
previous_fanout_pe_to_pe_warmup: 0
STANDARD CASE latency_fill_update_per_layer[1]: 578.0


Layer_id: 2 in WeightMemory

ideal_bandwidth_read_per_layer[2] + ideal_bandwidth_drain_per_layer[2]: 15.944636678200691 vs level.read_bandwidth: 16
I am in Compute Bound
cc_per_all_tiles_per_layer[2]: 578.0
STANDARD CASE latency_read_drain_per_layer[2]: 578.0

ideal_bandwidth_fill_per_layer[2] + ideal_bandwidth_update_per_layer[2]: 0.007067658102039314 vs level.write_bandwidth: 16
previous_fanout_pe_to_pe_warmup: 0
STANDARD CASE latency_fill_update_per_layer[2]: 578.0


Layer_id: 3 in WeightMemory

ideal_bandwidth_read_per_layer[3] + ideal_bandwidth_drain_per_layer[3]: 16.0 vs level.read_bandwidth: 16
I am in Compute Bound
cc_per_all_tiles_per_layer[3]: 576
STANDARD CASE latency_read_drain_per_layer[3]: 576

ideal_bandwidth_fill_per_layer[3] + ideal_bandwidth_update_per_layer[3]: 0.0070921985815602835 vs level.write_bandwidth: 16
previous_fanout_pe_to_pe_warmup: 0
STANDARD CASE latency_fill_update_per_layer[3]: 576

End of calculation of latency.

Calculating per tile final latency and stall for layer 0 in WeightMemory: latency_read_drain_per_layer[0] = 22.0, latency_fill_update_per_layer[0] = 22.0
Final per tile latency_per_layer[0]: 22
Final per tile stall_cycles_per_layer[0]: 0
Ideal case: no stall introduced by this level per this layer: cc_per_all_tiles_per_layer[0]: 22
Calculating per tile final latency and stall for layer 1 in WeightMemory: latency_read_drain_per_layer[1] = 578.0, latency_fill_update_per_layer[1] = 578.0
Final per tile latency_per_layer[1]: 578
Final per tile stall_cycles_per_layer[1]: 0
Ideal case: no stall introduced by this level per this layer: cc_per_all_tiles_per_layer[1]: 578
Calculating per tile final latency and stall for layer 2 in WeightMemory: latency_read_drain_per_layer[2] = 578.0, latency_fill_update_per_layer[2] = 578.0
Final per tile latency_per_layer[2]: 578
Final per tile stall_cycles_per_layer[2]: 0
Ideal case: no stall introduced by this level per this layer: cc_per_all_tiles_per_layer[2]: 578
Calculating per tile final latency and stall for layer 3 in WeightMemory: latency_read_drain_per_layer[3] = 576, latency_fill_update_per_layer[3] = 576
Final per tile latency_per_layer[3]: 576
Final per tile stall_cycles_per_layer[3]: 0
Ideal case: no stall introduced by this level per this layer: cc_per_all_tiles_per_layer[3]: 576


Calculating Latency for Level: FeatureMemory

Latency for layer: 0 of Level: FeatureMemory
level.active_instances_per_layer[0]: 1
level.temporal_iterations_per_layer[0]: 2256
Scaling per layer[0]: 2,256
Single Tile latency: cc_per_tile_per_layer[0]: 22.0
Ideal Case, Latency at this level without stalls: cc_per_all_tiles_per_layer[0]: 22.0
SCALED cc_per_all_tiles_per_layer[0]: 49,632
level.getReadPerLayer[0](): 16,624,915
  (For comparison - full reads including accumulation: 16,624,915)
ideal_bandwidth_read_per_layer[0]: 334.96363636363634
level.getDrainPerLayer[0](): 0
ideal_bandwidth_drain_per_layer[0]: 0.0
ideal_bandwidth_update_per_layer[0]: 301.09090909090907
  (For comparison - full updates including accumulation: 14,943,744)
level.getFillPerLayer[0](): 466,992
ideal_bandwidth_fill_per_layer[0]: 9.409090909090908

Latency for layer: 1 of Level: FeatureMemory
level.active_instances_per_layer[1]: 1
level.temporal_iterations_per_layer[1]: 2256
Scaling per layer[1]: 2,256
Single Tile latency: cc_per_tile_per_layer[1]: 578.0
Ideal Case, Latency at this level without stalls: cc_per_all_tiles_per_layer[1]: 578.0
SCALED cc_per_all_tiles_per_layer[1]: 1,303,968
level.getReadPerLayer[1](): 68,741,222
  (For comparison - full reads including accumulation: 68,741,222)
ideal_bandwidth_read_per_layer[1]: 52.71695501730104
level.getDrainPerLayer[1](): 0
ideal_bandwidth_drain_per_layer[1]: 0.0
ideal_bandwidth_update_per_layer[1]: 11.460207612456747
  (For comparison - full updates including accumulation: 14,943,744)
level.getFillPerLayer[1](): 0
ideal_bandwidth_fill_per_layer[1]: 0.0

Latency for layer: 2 of Level: FeatureMemory
level.active_instances_per_layer[2]: 1
level.temporal_iterations_per_layer[2]: 2256
Scaling per layer[2]: 2,256
Single Tile latency: cc_per_tile_per_layer[2]: 578.0
Ideal Case, Latency at this level without stalls: cc_per_all_tiles_per_layer[2]: 578.0
SCALED cc_per_all_tiles_per_layer[2]: 1,303,968
level.getReadPerLayer[2](): 68,741,222
  (For comparison - full reads including accumulation: 68,741,222)
ideal_bandwidth_read_per_layer[2]: 52.71695501730104
level.getDrainPerLayer[2](): 0
ideal_bandwidth_drain_per_layer[2]: 0.0
ideal_bandwidth_update_per_layer[2]: 11.460207612456747
  (For comparison - full updates including accumulation: 14,943,744)
level.getFillPerLayer[2](): 0
ideal_bandwidth_fill_per_layer[2]: 0.0

Latency for layer: 3 of Level: FeatureMemory
level.active_instances_per_layer[3]: 1
level.temporal_iterations_per_layer[3]: 2256
Scaling per layer[3]: 2,256
Single Tile latency: cc_per_tile_per_layer[3]: 576
Ideal Case, Latency at this level without stalls: cc_per_all_tiles_per_layer[3]: 576
SCALED cc_per_all_tiles_per_layer[3]: 1,299,456
level.getReadPerLayer[3](): 53,797,478
  (For comparison - full reads including accumulation: 53,797,478)
ideal_bandwidth_read_per_layer[3]: 41.4
level.getDrainPerLayer[3](): 14,943,744
ideal_bandwidth_drain_per_layer[3]: 11.5
ideal_bandwidth_update_per_layer[3]: 11.5
  (For comparison - full updates including accumulation: 14,943,744)
level.getFillPerLayer[3](): 0
ideal_bandwidth_fill_per_layer[3]: 0.0

Start of calculation of latency:
I am in FeatureMemory level, so I use different formula for latency calculation


Layer_id: 0 in FeatureMemory

scaling_per_layer[0]: 2256
I AM HERE total_data_rd: 16624915
latency_per_layer[0]: 109.19445955566302, latency_read_drain_per_layer[0]: 55.827272055663016, latency_fill_update_per_layer[0]: 53.3671875
Total latency so far: 109.19445955566302


Layer_id: 1 in FeatureMemory

scaling_per_layer[1]: 2256
I AM HERE total_data_rd: 68741222
latency_per_layer[1]: 282.58636229314425, latency_read_drain_per_layer[1]: 230.83636229314422, latency_fill_update_per_layer[1]: 51.75
Total latency so far: 391.78082184880725


Layer_id: 2 in FeatureMemory

scaling_per_layer[2]: 2256
I AM HERE total_data_rd: 68741222
latency_per_layer[2]: 282.58636229314425, latency_read_drain_per_layer[2]: 230.83636229314422, latency_fill_update_per_layer[2]: 51.75
Total latency so far: 674.3671841419515


Layer_id: 3 in FeatureMemory

scaling_per_layer[3]: 2256
I AM HERE total_data_rd: 68741222
latency_per_layer[3]: 282.58636229314425, latency_read_drain_per_layer[3]: 230.83636229314422, latency_fill_update_per_layer[3]: 51.75
Total latency so far: 956.9535464350957

End of calculation of latency.

Calculating per tile final latency and stall for layer 0 in FeatureMemory: latency_read_drain_per_layer[0] = 55.827272055663016, latency_fill_update_per_layer[0] = 53.3671875
Final per tile latency_per_layer[0]: 109
Final per tile stall_cycles_per_layer[0]: 87
Ideal case: no stall introduced by this level per this layer: cc_per_all_tiles_per_layer[0]: 22
Calculating per tile final latency and stall for layer 1 in FeatureMemory: latency_read_drain_per_layer[1] = 230.83636229314422, latency_fill_update_per_layer[1] = 51.75
Final per tile latency_per_layer[1]: 578
Final per tile stall_cycles_per_layer[1]: 0
Ideal case: no stall introduced by this level per this layer: cc_per_all_tiles_per_layer[1]: 578
Calculating per tile final latency and stall for layer 2 in FeatureMemory: latency_read_drain_per_layer[2] = 230.83636229314422, latency_fill_update_per_layer[2] = 51.75
Final per tile latency_per_layer[2]: 578
Final per tile stall_cycles_per_layer[2]: 0
Ideal case: no stall introduced by this level per this layer: cc_per_all_tiles_per_layer[2]: 578
Calculating per tile final latency and stall for layer 3 in FeatureMemory: latency_read_drain_per_layer[3] = 230.83636229314422, latency_fill_update_per_layer[3] = 51.75
Final per tile latency_per_layer[3]: 576
Final per tile stall_cycles_per_layer[3]: 0
Ideal case: no stall introduced by this level per this layer: cc_per_all_tiles_per_layer[3]: 576


Calculating Latency for Level: DRAM

Latency for layer: 0 of Level: DRAM
level.active_instances_per_layer[0]: 1
level.temporal_iterations_per_layer[0]: 1
Scaling per layer[0]: 1
Single Tile latency: cc_per_tile_per_layer[0]: 109.19445955566302
Ideal Case, Latency at this level without stalls: cc_per_all_tiles_per_layer[0]: 246342.70075757577
SCALED cc_per_all_tiles_per_layer[0]: 246,343
level.getReadPerLayer[0](): 467,280
  (For comparison - full reads including accumulation: 467,280)
ideal_bandwidth_read_per_layer[0]: 1.8968696801771576
level.getDrainPerLayer[0](): 0
ideal_bandwidth_drain_per_layer[0]: 0.0
ideal_bandwidth_update_per_layer[0]: 0.0
  (For comparison - full updates including accumulation: 0)
level.getFillPerLayer[0](): 0
ideal_bandwidth_fill_per_layer[0]: 0.0

Latency for layer: 1 of Level: DRAM
level.active_instances_per_layer[1]: 1
level.temporal_iterations_per_layer[1]: 1
Scaling per layer[1]: 1
Single Tile latency: cc_per_tile_per_layer[1]: 578.0
Ideal Case, Latency at this level without stalls: cc_per_all_tiles_per_layer[1]: 1303968.0
SCALED cc_per_all_tiles_per_layer[1]: 1,303,968
level.getReadPerLayer[1](): 9,216
  (For comparison - full reads including accumulation: 9,216)
ideal_bandwidth_read_per_layer[1]: 0.007067658102039314
level.getDrainPerLayer[1](): 0
ideal_bandwidth_drain_per_layer[1]: 0.0
ideal_bandwidth_update_per_layer[1]: 0.0
  (For comparison - full updates including accumulation: 0)
level.getFillPerLayer[1](): 0
ideal_bandwidth_fill_per_layer[1]: 0.0

Latency for layer: 2 of Level: DRAM
level.active_instances_per_layer[2]: 1
level.temporal_iterations_per_layer[2]: 1
Scaling per layer[2]: 1
Single Tile latency: cc_per_tile_per_layer[2]: 578.0
Ideal Case, Latency at this level without stalls: cc_per_all_tiles_per_layer[2]: 1303968.0
SCALED cc_per_all_tiles_per_layer[2]: 1,303,968
level.getReadPerLayer[2](): 9,216
  (For comparison - full reads including accumulation: 9,216)
ideal_bandwidth_read_per_layer[2]: 0.007067658102039314
level.getDrainPerLayer[2](): 0
ideal_bandwidth_drain_per_layer[2]: 0.0
ideal_bandwidth_update_per_layer[2]: 0.0
  (For comparison - full updates including accumulation: 0)
level.getFillPerLayer[2](): 0
ideal_bandwidth_fill_per_layer[2]: 0.0

Latency for layer: 3 of Level: DRAM
level.active_instances_per_layer[3]: 1
level.temporal_iterations_per_layer[3]: 1
Scaling per layer[3]: 1
Single Tile latency: cc_per_tile_per_layer[3]: 576
Ideal Case, Latency at this level without stalls: cc_per_all_tiles_per_layer[3]: 1299456
SCALED cc_per_all_tiles_per_layer[3]: 1,299,456
level.getReadPerLayer[3](): 9,216
  (For comparison - full reads including accumulation: 9,216)
ideal_bandwidth_read_per_layer[3]: 0.0070921985815602835
level.getDrainPerLayer[3](): 0
ideal_bandwidth_drain_per_layer[3]: 0.0
ideal_bandwidth_update_per_layer[3]: 11.5
  (For comparison - full updates including accumulation: 14,943,744)
level.getFillPerLayer[3](): 0
ideal_bandwidth_fill_per_layer[3]: 0.0

Start of calculation of latency:


Layer_id: 0 in DRAM

ideal_bandwidth_read_per_layer[0] + ideal_bandwidth_drain_per_layer[0]: 1.8968696801771576 vs level.read_bandwidth: 12
I am in Compute Bound
cc_per_all_tiles_per_layer[0]: 246342.70075757577
STANDARD CASE latency_read_drain_per_layer[0]: 246342.70075757577

ideal_bandwidth_fill_per_layer[0] + ideal_bandwidth_update_per_layer[0]: 0.0 vs level.write_bandwidth: 12
previous_fanout_pe_to_pe_warmup: 0
STANDARD CASE latency_fill_update_per_layer[0]: 246342.70075757577


Layer_id: 1 in DRAM

ideal_bandwidth_read_per_layer[1] + ideal_bandwidth_drain_per_layer[1]: 0.007067658102039314 vs level.read_bandwidth: 12
I am in Compute Bound
cc_per_all_tiles_per_layer[1]: 1303968.0
STANDARD CASE latency_read_drain_per_layer[1]: 1303968.0

ideal_bandwidth_fill_per_layer[1] + ideal_bandwidth_update_per_layer[1]: 0.0 vs level.write_bandwidth: 12
previous_fanout_pe_to_pe_warmup: 0
STANDARD CASE latency_fill_update_per_layer[1]: 1303968.0


Layer_id: 2 in DRAM

ideal_bandwidth_read_per_layer[2] + ideal_bandwidth_drain_per_layer[2]: 0.007067658102039314 vs level.read_bandwidth: 12
I am in Compute Bound
cc_per_all_tiles_per_layer[2]: 1303968.0
STANDARD CASE latency_read_drain_per_layer[2]: 1303968.0

ideal_bandwidth_fill_per_layer[2] + ideal_bandwidth_update_per_layer[2]: 0.0 vs level.write_bandwidth: 12
previous_fanout_pe_to_pe_warmup: 0
STANDARD CASE latency_fill_update_per_layer[2]: 1303968.0


Layer_id: 3 in DRAM

ideal_bandwidth_read_per_layer[3] + ideal_bandwidth_drain_per_layer[3]: 0.0070921985815602835 vs level.read_bandwidth: 12
I am in Compute Bound
cc_per_all_tiles_per_layer[3]: 1299456
STANDARD CASE latency_read_drain_per_layer[3]: 1299456

ideal_bandwidth_fill_per_layer[3] + ideal_bandwidth_update_per_layer[3]: 11.5 vs level.write_bandwidth: 12
previous_fanout_pe_to_pe_warmup: 0
STANDARD CASE latency_fill_update_per_layer[3]: 1299456

End of calculation of latency.

Calculating per tile final latency and stall for layer 0 in DRAM: latency_read_drain_per_layer[0] = 246342.70075757577, latency_fill_update_per_layer[0] = 246342.70075757577
Final per tile latency_per_layer[0]: 246,343
Final per tile stall_cycles_per_layer[0]: 0
Ideal case: no stall introduced by this level per this layer: cc_per_all_tiles_per_layer[0]: 246,343
Calculating per tile final latency and stall for layer 1 in DRAM: latency_read_drain_per_layer[1] = 1303968.0, latency_fill_update_per_layer[1] = 1303968.0
Final per tile latency_per_layer[1]: 1,303,968
Final per tile stall_cycles_per_layer[1]: 0
Ideal case: no stall introduced by this level per this layer: cc_per_all_tiles_per_layer[1]: 1,303,968
Calculating per tile final latency and stall for layer 2 in DRAM: latency_read_drain_per_layer[2] = 1303968.0, latency_fill_update_per_layer[2] = 1303968.0
Final per tile latency_per_layer[2]: 1,303,968
Final per tile stall_cycles_per_layer[2]: 0
Ideal case: no stall introduced by this level per this layer: cc_per_all_tiles_per_layer[2]: 1,303,968
Calculating per tile final latency and stall for layer 3 in DRAM: latency_read_drain_per_layer[3] = 1299456, latency_fill_update_per_layer[3] = 1299456
Final per tile latency_per_layer[3]: 1,299,456
Final per tile stall_cycles_per_layer[3]: 0
Ideal case: no stall introduced by this level per this layer: cc_per_all_tiles_per_layer[3]: 1,299,456


Final WMOPs and Latency calculation for Level: DRAM
Level: DRAM, Layer: 0
max_latency_per_layer[0]: 0 before update
level.getSettedLatencyPerLayer[0](): 246,343
Level: DRAM, Layer: 1
max_latency_per_layer[1]: 0 before update
level.getSettedLatencyPerLayer[1](): 1,303,968
Level: DRAM, Layer: 2
max_latency_per_layer[2]: 0 before update
level.getSettedLatencyPerLayer[2](): 1,303,968
Level: DRAM, Layer: 3
max_latency_per_layer[3]: 0 before update
level.getSettedLatencyPerLayer[3](): 1,299,456
Level DRAM: Thesis_4Layers_534528KB_FMEM_16x256_PEs, max_latency (sequential layers): 4,153,735


Final WMOPs and Latency calculation for Level: FeatureMemory
Level: FeatureMemory, Layer: 0
max_latency_per_layer[0]: 246,343 before update
level.getSettedLatencyPerLayer[0](): 56
Level: FeatureMemory, Layer: 1
max_latency_per_layer[1]: 1,303,968 before update
level.getSettedLatencyPerLayer[1](): 231
Level: FeatureMemory, Layer: 2
max_latency_per_layer[2]: 1,303,968 before update
level.getSettedLatencyPerLayer[2](): 231
Level: FeatureMemory, Layer: 3
max_latency_per_layer[3]: 1,299,456 before update
level.getSettedLatencyPerLayer[3](): 520,767
Level FeatureMemory: Thesis_4Layers_534528KB_FMEM_16x256_PEs, max_latency (sequential layers): 4,153,735


Final WMOPs and Latency calculation for Level: WeightMemory
Level: WeightMemory, Layer: 0
max_latency_per_layer[0]: 246,343 before update
level.getSettedLatencyPerLayer[0](): 22
Level: WeightMemory, Layer: 1
max_latency_per_layer[1]: 1,303,968 before update
level.getSettedLatencyPerLayer[1](): 578
Level: WeightMemory, Layer: 2
max_latency_per_layer[2]: 1,303,968 before update
level.getSettedLatencyPerLayer[2](): 578
Level: WeightMemory, Layer: 3
max_latency_per_layer[3]: 1,299,456 before update
level.getSettedLatencyPerLayer[3](): 1,299,456
Level WeightMemory: Thesis_4Layers_534528KB_FMEM_16x256_PEs, max_latency (sequential layers): 4,153,735


Final WMOPs and Latency calculation for Level: SACols_3


Final WMOPs and Latency calculation for Level: SARows_3


Final WMOPs and Latency calculation for Level: SACols_2


Final WMOPs and Latency calculation for Level: SARows_2


Final WMOPs and Latency calculation for Level: SACols_1


Final WMOPs and Latency calculation for Level: SARows_1


Final WMOPs and Latency calculation for Level: SACols_0


Final WMOPs and Latency calculation for Level: SARows_0


Final WMOPs and Latency calculation for Level: WeightRegister
Level: WeightRegister, Layer: 0
max_latency_per_layer[0]: 246,343 before update
level.getSettedLatencyPerLayer[0](): 1
Level: WeightRegister, Layer: 1
max_latency_per_layer[1]: 1,303,968 before update
level.getSettedLatencyPerLayer[1](): 1
Level: WeightRegister, Layer: 2
max_latency_per_layer[2]: 1,303,968 before update
level.getSettedLatencyPerLayer[2](): 1
Level: WeightRegister, Layer: 3
max_latency_per_layer[3]: 1,299,456 before update
level.getSettedLatencyPerLayer[3](): 1,299,456
Level WeightRegister: Thesis_4Layers_534528KB_FMEM_16x256_PEs, max_latency (sequential layers): 4,153,735


Final WMOPs and Latency calculation for Level: AccumulationIntermediateOutputRegister
Level: AccumulationIntermediateOutputRegister, Layer: 0
max_latency_per_layer[0]: 246,343 before update
level.getSettedLatencyPerLayer[0](): 1
Level: AccumulationIntermediateOutputRegister, Layer: 1
max_latency_per_layer[1]: 1,303,968 before update
level.getSettedLatencyPerLayer[1](): 1
Level: AccumulationIntermediateOutputRegister, Layer: 2
max_latency_per_layer[2]: 1,303,968 before update
level.getSettedLatencyPerLayer[2](): 1
Level: AccumulationIntermediateOutputRegister, Layer: 3
max_latency_per_layer[3]: 1,299,456 before update
level.getSettedLatencyPerLayer[3](): 1,299,456
Level AccumulationIntermediateOutputRegister: Thesis_4Layers_534528KB_FMEM_16x256_PEs, max_latency (sequential layers): 4,153,735


Final WMOPs and Latency calculation for Level: AccumulationOutputRegister
Level: AccumulationOutputRegister, Layer: 0
max_latency_per_layer[0]: 246,343 before update
level.getSettedLatencyPerLayer[0](): 1
Level: AccumulationOutputRegister, Layer: 1
max_latency_per_layer[1]: 1,303,968 before update
level.getSettedLatencyPerLayer[1](): 1
Level: AccumulationOutputRegister, Layer: 2
max_latency_per_layer[2]: 1,303,968 before update
level.getSettedLatencyPerLayer[2](): 1
Level: AccumulationOutputRegister, Layer: 3
max_latency_per_layer[3]: 1,299,456 before update
level.getSettedLatencyPerLayer[3](): 1,299,456
Level AccumulationOutputRegister: Thesis_4Layers_534528KB_FMEM_16x256_PEs, max_latency (sequential layers): 4,153,735


Final WMOPs and Latency calculation for Level: Compute
Compute level latency: 1
Compute latency for layer 0: 40,608
Compute latency for layer 1: 1,299,456
Compute latency for layer 2: 1,299,456
Compute latency for layer 3: 1,299,456
max_latency initially: 4153734.7007575757
compute_latency from compute level: 3,938,976
max_latency after compute: 4,153,735, before fanout_level
DRAM in_reads set to: 466992, w_reads set to: 27936, out_reads: 0, int_in_reads: 0, int_out_reads: 0
DRAM Reads: 494928: in:466992, w:27936, out:0, int_in:0, int_out:0
level SACols_3 utilization: 207/256=0.80859375
utilization after level SACols_3: 0.80859375
level SARows_3 utilization: 16/16=1.0
utilization after level SARows_3: 0.80859375
level SACols_2 utilization: 207/256=0.80859375
utilization after level SACols_2: 0.6538238525390625
level SARows_2 utilization: 16/16=1.0
utilization after level SARows_2: 0.6538238525390625
level SACols_1 utilization: 207/256=0.80859375
utilization after level SACols_1: 0.5286778807640076
level SARows_1 utilization: 16/16=1.0
utilization after level SARows_1: 0.5286778807640076
level SACols_0 utilization: 207/256=0.80859375
utilization after level SACols_0: 0.42748563014902174
level SARows_0 utilization: 16/16=1.0
utilization after level SARows_0: 0.42748563014902174
level Compute utilization: 1/1=1.0
utilization after level Compute: 0.42748563014902174
Arch: Thesis_4Layers_534528KB_FMEM_16x256_PEs: spatial utilization is 0.42748563014902174

Finished in: 0.788s

Best mapping found with:
	Wart: 1.646e+20
	EDP: 5.569e+04 (J*cycle)
	Energy: 1.129e+04 (uJ)
	Latency: 4.154e+06 (cc)

Mapping:
DRAM ----------> Q: 6, P: 376, X2: 6, Y2: 376, X1: 6, Y1: 376, X0: 6, Y0: 376
FeatureMemory -
WeightMemory --> Z3: 2, C3: 32, R3: 3, S3: 3, Z2: 2, C2: 32, R2: 3, S2: 3, Z1: 2, C1: 32, R1: 3, S1: 3, Z0: 2, R0: 3, S0: 3
SACols_3 ------> Q: 207
SARows_3 ------> Z3: 16
SACols_2 ------> X2: 207
SARows_2 ------> Z2: 16
SACols_1 ------> X1: 207
SARows_1 ------> Z1: 16
SACols_0 ------> X0: 207
SARows_0 ------> Z0: 16
WeightRegister 
AccumulationIntermediateOutputRegister 
AccumulationOutputRegister 
Compute -------

Final MOPs per memory level:
PRINT MOP FUSION!!!
DRAM:		Output Reads = 0 (reads) + 0 (drains), Output Writes = 14,943,744 (updates) + 0 (fills)
DRAM:		Input Reads = 466,992 (reads), Input Writes = 0 (writes)
DRAM:		Per-Layer W_R: [L0: 288, L1: 9,216, L2: 9,216, L3: 9,216], Total: 27,936
DRAM:		Per-Layer Int_In_R: [L0: 0, L1: 0, L2: 0], Total: 0
DRAM:		Per-Layer Int_Out_R: [L0: 0, L1: 0, L2: 0], Total: 0
DRAM:		Per-Layer Int_Out_W: [L0: 0, L1: 0, L2: 0], Total: 0
DRAM:		Total Reads = 494,928, Total Writes = 14,943,744
DEBUG: Calculating WMOPs for level DRAM with reads=494928, writes=14943744
DEBUG: WMOPs for level DRAM = 494,037,504.000, 4.940e+08 pJ
FeatureMemory:	Output Reads = 0 (reads) + 14,943,744 (drains), Output Writes = 14,943,744 (updates) + 0 (fills)
FeatureMemory:	Input Reads = 8,405,856 (reads), Input Writes = 466,992 (writes)
FeatureMemory:	Per-Layer W_R: [L0: 0, L1: 0, L2: 0, L3: 0], Total: 0
FeatureMemory:	Per-Layer Int_In_R: [L0: 268,987,392, L1: 268,987,392, L2: 268,987,392], Total: 806,962,176
FeatureMemory:	Per-Layer Int_Out_R: [L0: 14,943,744, L1: 14,943,744, L2: 14,943,744], Total: 44,831,232
FeatureMemory:	Per-Layer Int_Out_W: [L0: 14,943,744, L1: 14,943,744, L2: 14,943,744], Total: 44,831,232
FeatureMemory:	Total Reads = 875,143,008, Total Writes = 60,241,968
DEBUG: Calculating WMOPs for level FeatureMemory with reads=875143008, writes=60241968
DEBUG: WMOPs for level FeatureMemory = 927,251,843.510, 9.273e+08 pJ
WeightMemory:	Per-Layer W_R: [L0: 649,728, L1: 20,791,296, L2: 20,791,296, L3: 20,791,296], Total: 63,023,616
WeightMemory:	Per-Layer Int_In_R: [L0: 0, L1: 0, L2: 0], Total: 0
WeightMemory:	Per-Layer Int_Out_R: [L0: 0, L1: 0, L2: 0], Total: 0
WeightMemory:	Per-Layer Int_Out_W: [L0: 0, L1: 0, L2: 0], Total: 0
WeightMemory:	Total Reads = 63,023,616, Total Writes = 0
DEBUG: Calculating WMOPs for level WeightMemory with reads=63023616, writes=0
DEBUG: WMOPs for level WeightMemory = 937,470,906.200, 9.375e+08 pJ
WeightRegister:	Per-Layer W_R: [L0: 134,493,696, L1: 4,303,798,272, L2: 4,303,798,272, L3: 4,303,798,272], Total: 13,045,888,512
WeightRegister:	Per-Layer Int_In_R: [L0: 0, L1: 0, L2: 0], Total: 0
WeightRegister:	Per-Layer Int_Out_R: [L0: 0, L1: 0, L2: 0], Total: 0
WeightRegister:	Per-Layer Int_Out_W: [L0: 0, L1: 0, L2: 0], Total: 0
WeightRegister:	Total Reads = 13,045,888,512, Total Writes = 0
DEBUG: Calculating WMOPs for level WeightRegister with reads=13045888512, writes=0
DEBUG: WMOPs for level WeightRegister = 3,052,816,883.179, 3.053e+09 pJ
AccumulationIntermediateOutputRegister:Per-Layer W_R: [L0: 0, L1: 0, L2: 0, L3: 0], Total: 0
AccumulationIntermediateOutputRegister:Per-Layer Int_In_R: [L0: 0, L1: 0, L2: 0], Total: 0
AccumulationIntermediateOutputRegister:Per-Layer Int_Out_R: [L0: 149,437,440, L1: 4,318,742,016, L2: 4,318,742,016], Total: 8,786,921,472
AccumulationIntermediateOutputRegister:Per-Layer Int_Out_W: [L0: 149,437,440, L1: 4,318,742,016, L2: 4,318,742,016], Total: 8,786,921,472
AccumulationIntermediateOutputRegister:Total Reads = 8,786,921,472, Total Writes = 8,786,921,472
DEBUG: Calculating WMOPs for level AccumulationIntermediateOutputRegister with reads=8786921472, writes=8786921472
DEBUG: WMOPs for level AccumulationIntermediateOutputRegister = 6,614,414,135.599, 6.614e+09 pJ
AccumulationOutputRegister:Output Reads = 4,288,854,528 (reads) + 14,943,744 (drains), Output Writes = 4,303,798,272 (updates) + 0 (fills)
AccumulationOutputRegister:Per-Layer W_R: [L0: 0, L1: 0, L2: 0, L3: 0], Total: 0
AccumulationOutputRegister:Per-Layer Int_In_R: [L0: 0, L1: 0, L2: 0], Total: 0
AccumulationOutputRegister:Per-Layer Int_Out_R: [L0: 0, L1: 0, L2: 0], Total: 0
AccumulationOutputRegister:Per-Layer Int_Out_W: [L0: 0, L1: 0, L2: 0], Total: 0
AccumulationOutputRegister:Total Reads = 4,303,798,272, Total Writes = 4,303,798,272
DEBUG: Calculating WMOPs for level AccumulationOutputRegister with reads=4303798272, writes=4303798272
DEBUG: WMOPs for level AccumulationOutputRegister = 8,358,869,932.703, 8.359e+09 pJ
Totals:		27,075,269,808 R, 13,165,905,456 W, 40,241,175,264 Tot
Energy:		11,292.356 uJ

Final Latency per level:
DRAM:		4,153,735 cc Read Drain , 4,153,735 cc Fill Update (Total across 4 layers), 12.0 Read Bandwidth , 12.0 Write Bandwidth,
		1.897 Max Ideal Read , 0.000 Max Ideal Drain , 11.500 Max Ideal Update , 0.000 Max Ideal Fill , 
		0 Total Stall Cycles
FeatureMemory:	521,284 cc Read Drain , 116,905 cc Fill Update (Total across 4 layers), 132.0 Read Bandwidth , 128.0 Write Bandwidth,
		334.964 Max Ideal Read , 11.500 Max Ideal Drain , 301.091 Max Ideal Update , 9.409 Max Ideal Fill , 
		87 Total Stall Cycles
WeightMemory:	1,300,634 cc Read Drain , 1,300,634 cc Fill Update (Total across 4 layers), 16.0 Read Bandwidth , 16.0 Write Bandwidth,
		16.000 Max Ideal Read , 0.000 Max Ideal Drain , 0.000 Max Ideal Update , 0.007 Max Ideal Fill , 
		0 Total Stall Cycles
WeightRegister:	1,299,459 cc Read Drain , 1,299,459 cc Fill Update (Total across 4 layers), 1.0 Read Bandwidth , 1.0 Write Bandwidth,
		1.000 Max Ideal Read , 0.000 Max Ideal Drain , 0.000 Max Ideal Update , 1.000 Max Ideal Fill , 
		0 Total Stall Cycles
AccumulationIntermediateOutputRegister:1,299,459 cc Read Drain , 1,299,459 cc Fill Update (Total across 4 layers), 1.0 Read Bandwidth , 1.0 Write Bandwidth,
		1.111 Max Ideal Read , 0.111 Max Ideal Drain , 1.000 Max Ideal Update , 0.111 Max Ideal Fill , 
		0 Total Stall Cycles
AccumulationOutputRegister:1,299,459 cc Read Drain , 1,299,459 cc Fill Update (Total across 4 layers), 1.0 Read Bandwidth , 1.0 Write Bandwidth,
		0.997 Max Ideal Read , 0.003 Max Ideal Drain , 1.000 Max Ideal Update , 0.000 Max Ideal Fill , 
		0 Total Stall Cycles
Max Latency:	1,303,968 cc of level DRAM
  ✓ EDP: 5.57e+04
Results exported to: results/results_20260216_172101.csv

================================================================================
EXPERIMENT SUMMARY
================================================================================

Total experiments: 3
Successful: 3
Failed: 0

────────────────────────────────────────────────────────────────────────────────
Results by workload:
────────────────────────────────────────────────────────────────────────────────

MCCNN:
  full/4layer, fmem_size: 522kB, wmem_size: 28kB, pe_rows: 16, pe_cols: 64 -> E=1.13e+04μJ, L=1.52e+07cc, EDP=2.05e+05
  full/4layer, fmem_size: 522kB, wmem_size: 28kB, pe_rows: 16, pe_cols: 128 -> E=1.13e+04μJ, L=1.20e+07cc, EDP=1.61e+05
  full/4layer, fmem_size: 522kB, wmem_size: 28kB, pe_rows: 16, pe_cols: 256 -> E=1.13e+04μJ, L=4.15e+06cc, EDP=5.57e+04
