Creating architecture: Gemmini with coupling: dims: MKN, in_coupling: [K][N], w_coupling: W0: [M][K],, out_coupling: [M][N]
Creating architecture: Gemmini (conv) with coupling: dims: NMPQCRS, in_coupling: [N][C][Pstride*P+Rdilation*R][Qstride*Q+Sdilation*S], w_coupling: W0: [M][C][R][S],, out_coupling: [N][M][P][Q]
Creating architecture: Eyeriss with coupling: dims: MKN, in_coupling: [K][N], w_coupling: W0: [M][K],, out_coupling: [M][N]
Creating architecture: Eyeriss (conv) with coupling: dims: NMPQCRS, in_coupling: [N][C][Pstride*P+Rdilation*R][Qstride*Q+Sdilation*S], w_coupling: W0: [M][C][R][S],, out_coupling: [N][M][P][Q]
Creating architecture: Simba with coupling: dims: MKN, in_coupling: [K][N], w_coupling: W0: [M][K],, out_coupling: [M][N]
Creating architecture: Simba (conv) with coupling: dims: NMPQCRS, in_coupling: [N][C][Pstride*P+Rdilation*R][Qstride*Q+Sdilation*S], w_coupling: W0: [M][C][R][S],, out_coupling: [N][M][P][Q]
Creating architecture: TPUv1 with coupling: dims: MKN, in_coupling: [K][N], w_coupling: W0: [M][K],, out_coupling: [M][N]
Creating architecture: TPUv1 (conv) with coupling: dims: NMPQCRS, in_coupling: [N][C][Pstride*P+Rdilation*R][Qstride*Q+Sdilation*S], w_coupling: W0: [M][C][R][S],, out_coupling: [N][M][P][Q]
Warning: --sweep-pe-aspect is designed for Eyeriss architecture, setting arch_type=eyeriss

================================================================================
CASE STUDY 5: PE Aspect Ratio with Fixed Total PEs
================================================================================
Workload: fsrcnn/full/8layer
Total PEs: 2048, GlobalBuffer: 128 KB, Tile: 240
Registers: InReg=64, WReg=500, IntReg=500, OutReg=32
Aspect ratios to sweep: ['1x2048', '2x1024', '4x512', '8x256', '16x128', '32x64', '64x32', '128x16', '256x8', '512x4', '1024x2', '2048x1']
================================================================================


[PE=1x2048] Running experiment...
------ loading Accelergy for Eyeriss ------
------ loading Accelergy ------
ACCELERGY PLUG-INS: ['Library', 'dummy', 'ADC Plug-In', 'DEPRECATED table-based-plug-ins. Use the Library plug-in instead.', 'Neurosim Plug-In', 'Aladdin_table', 'CactiCache', 'CactiDRAM', 'CactiSRAM']
[Constrained Eyeriss] 8 layers, tile_size=240
  DRAM: {'Q': 4, 'P': 540, 'X0': 4, 'Y0': 540, 'Z0': 1, 'C0': 1, 'R0': 1, 'S0': 1, 'X1': 4, 'Y1': 540, 'Z1': 1, 'C1': 1, 'R1': 1, 'S1': 1, 'X2': 4, 'Y2': 540, 'Z2': 1, 'C2': 1, 'R2': 1, 'S2': 1, 'X3': 4, 'Y3': 540, 'Z3': 1, 'C3': 1, 'R3': 1, 'S3': 1, 'X4': 4, 'Y4': 540, 'Z4': 1, 'C4': 1, 'R4': 1, 'S4': 1, 'X5': 4, 'Y5': 540, 'Z5': 1, 'C5': 1, 'R5': 1, 'S5': 1, 'X6': 4, 'Y6': 540, 'Z6': 1, 'C6': 1, 'R6': 1, 'S6': 1, 'Z7': 1, 'C7': 1, 'R7': 1, 'S7': 1}
  GlobalBuffer: {'Q': 1, 'P': 1, 'X0': 1, 'Y0': 1, 'Z0': 1, 'C0': 1, 'R0': 1, 'S0': 1, 'X1': 1, 'Y1': 1, 'Z1': 1, 'C1': 1, 'R1': 1, 'S1': 1, 'X2': 1, 'Y2': 1, 'Z2': 1, 'C2': 1, 'R2': 1, 'S2': 1, 'X3': 1, 'Y3': 1, 'Z3': 1, 'C3': 1, 'R3': 1, 'S3': 1, 'X4': 1, 'Y4': 1, 'Z4': 1, 'C4': 1, 'R4': 1, 'S4': 1, 'X5': 1, 'Y5': 1, 'Z5': 1, 'C5': 1, 'R5': 1, 'S5': 1, 'X6': 1, 'Y6': 1, 'Z6': 1, 'C6': 1, 'R6': 1, 'S6': 1, 'Z7': 1, 'C7': 1, 'R7': 1, 'S7': 1}
  SACols: {'Q': 240, 'Z7': 8}
  SARows_0: {'S0': 1, 'C0': 1, 'Z0': 1}
  SARows_1: {'S1': 1, 'C1': 1, 'Z1': 1}
  SARows_2: {'S2': 1, 'C2': 1, 'Z2': 1}
  SARows_3: {'S3': 1, 'C3': 1, 'Z3': 1}
  SARows_4: {'S4': 1, 'C4': 1, 'Z4': 1}
  SARows_5: {'S5': 1, 'C5': 1, 'Z5': 1}
  SARows_6: {'S6': 1, 'C6': 1, 'Z6': 1}
  SARows_7: {'S7': 1, 'C7': 1, 'Z7': 1}
Creating architecture: Eyeriss_Constrained_8L_tile240_2048x1 with coupling: dims: C0Y0X0R0S0Z0C1R1S1Y1X1Z1C2R2S2Y2X2Z2C3R3S3Y3X3Z3C4R4S4Y4X4Z4C5R5S5Y5X5Z5C6R6S6Y6X6Z6C7R7S7PQZ7, in_coupling: [C0][Y0+R0][X0+S0], w_coupling: W0: [Z0][C0][R0][S0],W1: [Z1][C1][R1][S1],W2: [Z2][C2][R2][S2],W3: [Z3][C3][R3][S3],W4: [Z4][C4][R4][S4],W5: [Z5][C5][R5][S5],W6: [Z6][C6][R6][S6],W7: [Z7][C7][R7][S7],, out_coupling: [Z7][P][Q]
final_layer_dims: {'C7', 'P', 'X0', 'Y0', 'R0', 'C0', 'S0', 'Z7', 'R7', 'Q', 'S7'}, coupling.dims: ['C0', 'Y0', 'X0', 'R0', 'S0', 'Z0', 'C1', 'R1', 'S1', 'Y1', 'X1', 'Z1', 'C2', 'R2', 'S2', 'Y2', 'X2', 'Z2', 'C3', 'R3', 'S3', 'Y3', 'X3', 'Z3', 'C4', 'R4', 'S4', 'Y4', 'X4', 'Z4', 'C5', 'R5', 'S5', 'Y5', 'X5', 'Z5', 'C6', 'R6', 'S6', 'Y6', 'X6', 'Z6', 'C7', 'R7', 'S7', 'P', 'Q', 'Z7']
INFO: Arch: Eyeriss_Constrained_8L_tile240_2048x1: identified intermediate dimensions: {'Y2', 'C1', 'R5', 'Z6', 'C6', 'X1', 'Z1', 'Y4', 'X6', 'C3', 'R4', 'R3', 'Y3', 'X3', 'S1', 'S6', 'Z4', 'Z0', 'R2', 'Y6', 'Z3', 'C5', 'S2', 'S4', 'C4', 'R6', 'C2', 'Z2', 'R1', 'X5', 'X2', 'Y1', 'Z5', 'S3', 'X4', 'Y5', 'S5'}
INFO: Added high constraint for intermediate dimension P in level InRegister
INFO: Added high constraint for intermediate dimension R1 in level InRegister
INFO: Added high constraint for intermediate dimension P in level WRegister
INFO: Added high constraint for intermediate dimension R1 in level WRegister
INFO: Added high constraint for intermediate dimension P in level IntermediateRegister
INFO: Added high constraint for intermediate dimension R1 in level IntermediateRegister
INFO: Added high constraint for intermediate dimension P in level OutRegister
INFO: Added high constraint for intermediate dimension R1 in level OutRegister
WARNING: Arch: Eyeriss_Constrained_8L_tile240_2048x1 -> Level: IntermediateRegister: updating constraint (Z0: 56) to (Z0: 7) to fit the computation.
WARNING: Arch: Eyeriss_Constrained_8L_tile240_2048x1 -> Level: IntermediateRegister: updating constraint (Z1: 12) to (Z1: 2) to fit the computation.
WARNING: Arch: Eyeriss_Constrained_8L_tile240_2048x1 -> Level: IntermediateRegister: updating constraint (Z2: 12) to (Z2: 2) to fit the computation.
WARNING: Arch: Eyeriss_Constrained_8L_tile240_2048x1 -> Level: IntermediateRegister: updating constraint (Z3: 12) to (Z3: 2) to fit the computation.
WARNING: Arch: Eyeriss_Constrained_8L_tile240_2048x1 -> Level: IntermediateRegister: updating constraint (Z4: 12) to (Z4: 2) to fit the computation.
WARNING: Arch: Eyeriss_Constrained_8L_tile240_2048x1 -> Level: IntermediateRegister: updating constraint (Z5: 12) to (Z5: 2) to fit the computation.
WARNING: Arch: Eyeriss_Constrained_8L_tile240_2048x1 -> Level: IntermediateRegister: updating constraint (Z6: 56) to (Z6: 7) to fit the computation.
WARNING: Arch: Eyeriss_Constrained_8L_tile240_2048x1 -> Level: OutRegister: updating constraint (Z7: 16) to (Z7: 2) to fit the computation.
Starting engine with mapper: breadthfirst_local

WARNING: running on a Python version without free-threading (GIL enabled), this program relies heavily on true multithreading, thus expect a severe performance hit with your current setup. Consider updating to Python 3.13t or newer.
INFO: running multithreaded with THREADS_COUNT = 8

DEBUG interleave: START - Called from breadthfirst_local.py:600 in optimizeDataflows()
                       array=['P', 'Q', 'Z7', 'C7', 'R7', 'S7', 'Y6', 'X6', 'Z6', 'C6', 'R6', 'S6', 'Y5', 'X5', 'Z5', 'C5', 'R5', 'S5', 'Y4', 'X4', 'Z4', 'C4', 'R4', 'S4', 'Y3', 'X3', 'Z3', 'C3', 'R3', 'S3', 'Y2', 'X2', 'Z2', 'C2', 'R2', 'S2', 'Y1', 'X1', 'Z1', 'C1', 'R1', 'S1', 'Y0', 'X0', 'Z0', 'C0', 'R0', 'S0'], elements=[] (len=0)
['C1', 'Y1', 'R1', 'X1', 'S1']
['C2', 'Y2', 'R2', 'X2', 'S2']
['C3', 'Y3', 'R3', 'X3', 'S3']
['C4', 'Y4', 'R4', 'X4', 'S4']
['C5', 'Y5', 'R5', 'X5', 'S5']
['C6', 'Y6', 'R6', 'X6', 'S6']
['C7', 'P', 'R7', 'Q', 'S7']
DEBUG interleave: START - Called from breadthfirst_local.py:600 in optimizeDataflows()
                       array=['P', 'Q', 'Z7', 'C7', 'R7', 'S7', 'Y6', 'X6', 'Z6', 'C6', 'R6', 'S6', 'Y5', 'X5', 'Z5', 'C5', 'R5', 'S5', 'Y4', 'X4', 'Z4', 'C4', 'R4', 'S4', 'Y3', 'X3', 'Z3', 'C3', 'R3', 'S3', 'Y2', 'X2', 'Z2', 'C2', 'R2', 'S2', 'Y1', 'X1', 'Z1', 'C1', 'R1', 'S1', 'Y0', 'X0', 'Z0', 'C0', 'R0', 'S0'], elements=[] (len=0)
['C1', 'Y1', 'R1', 'X1', 'S1']
['C2', 'Y2', 'R2', 'X2', 'S2']
['C3', 'Y3', 'R3', 'X3', 'S3']
['C4', 'Y4', 'R4', 'X4', 'S4']
['C5', 'Y5', 'R5', 'X5', 'S5']
['C6', 'Y6', 'R6', 'X6', 'S6']
['C7', 'P', 'R7', 'Q', 'S7']
DEBUG interleave: START - Called from breadthfirst_local.py:600 in optimizeDataflows()
                       array=['P', 'Q', 'Z7', 'C7', 'R7', 'S7', 'Y6', 'X6', 'Z6', 'C6', 'R6', 'S6', 'Y5', 'X5', 'Z5', 'C5', 'R5', 'S5', 'Y4', 'X4', 'Z4', 'C4', 'R4', 'S4', 'Y3', 'X3', 'Z3', 'C3', 'R3', 'S3', 'Y2', 'X2', 'Z2', 'C2', 'R2', 'S2', 'Y1', 'X1', 'Z1', 'C1', 'R1', 'S1', 'Y0', 'X0', 'Z0', 'C0', 'R0', 'S0'], elements=[] (len=0)
['C1', 'Y1', 'R1', 'X1', 'S1']
['C2', 'Y2', 'R2', 'X2', 'S2']
['C3', 'Y3', 'R3', 'X3', 'S3']
['C4', 'Y4', 'R4', 'X4', 'S4']
['C5', 'Y5', 'R5', 'X5', 'S5']
['C6', 'Y6', 'R6', 'X6', 'S6']
['C7', 'P', 'R7', 'Q', 'S7']
DEBUG interleave: START - Called from breadthfirst_local.py:600 in optimizeDataflows()
                       array=['P', 'Q', 'Z7', 'C7', 'R7', 'S7', 'Y6', 'X6', 'Z6', 'C6', 'R6', 'S6', 'Y5', 'X5', 'Z5', 'C5', 'R5', 'S5', 'Y4', 'X4', 'Z4', 'C4', 'R4', 'S4', 'Y3', 'X3', 'Z3', 'C3', 'R3', 'S3', 'Y2', 'X2', 'Z2', 'C2', 'R2', 'S2', 'Y1', 'X1', 'Z1', 'C1', 'R1', 'S1', 'Y0', 'X0', 'Z0', 'C0', 'R0', 'S0'], elements=[] (len=0)
['C1', 'Y1', 'R1', 'X1', 'S1']
['C2', 'Y2', 'R2', 'X2', 'S2']
['C3', 'Y3', 'R3', 'X3', 'S3']
['C4', 'Y4', 'R4', 'X4', 'S4']
['C5', 'Y5', 'R5', 'X5', 'S5']
['C6', 'Y6', 'R6', 'X6', 'S6']
['C7', 'P', 'R7', 'Q', 'S7']
DEBUG interleave: START - Called from breadthfirst_local.py:600 in optimizeDataflows()
                       array=['P', 'Q', 'Z7', 'C7', 'R7', 'S7', 'Y6', 'X6', 'Z6', 'C6', 'R6', 'S6', 'Y5', 'X5', 'Z5', 'C5', 'R5', 'S5', 'Y4', 'X4', 'Z4', 'C4', 'R4', 'S4', 'Y3', 'X3', 'Z3', 'C3', 'R3', 'S3', 'Y2', 'X2', 'Z2', 'C2', 'R2', 'S2', 'Y1', 'X1', 'Z1', 'C1', 'R1', 'S1', 'Y0', 'X0', 'Z0', 'C0', 'R0', 'S0'], elements=[] (len=0)
['C1', 'Y1', 'R1', 'X1', 'S1']
['C2', 'Y2', 'R2', 'X2', 'S2']
['C3', 'Y3', 'R3', 'X3', 'S3']
['C4', 'Y4', 'R4', 'X4', 'S4']
['C5', 'Y5', 'R5', 'X5', 'S5']
['C6', 'Y6', 'R6', 'X6', 'S6']
['C7', 'P', 'R7', 'Q', 'S7']
DEBUG interleave: START - Called from breadthfirst_local.py:600 in optimizeDataflows()
                       array=['P', 'Q', 'Z7', 'C7', 'R7', 'S7', 'Y6', 'X6', 'Z6', 'C6', 'R6', 'S6', 'Y5', 'X5', 'Z5', 'C5', 'R5', 'S5', 'Y4', 'X4', 'Z4', 'C4', 'R4', 'S4', 'Y3', 'X3', 'Z3', 'C3', 'R3', 'S3', 'Y2', 'X2', 'Z2', 'C2', 'R2', 'S2', 'Y1', 'X1', 'Z1', 'C1', 'R1', 'S1', 'Y0', 'X0', 'Z0', 'C0', 'R0', 'S0'], elements=[] (len=0)
['C1', 'Y1', 'R1', 'X1', 'S1']
['C2', 'Y2', 'R2', 'X2', 'S2']
['C3', 'Y3', 'R3', 'X3', 'S3']
['C4', 'Y4', 'R4', 'X4', 'S4']
['C5', 'Y5', 'R5', 'X5', 'S5']
['C6', 'Y6', 'R6', 'X6', 'S6']
['C7', 'P', 'R7', 'Q', 'S7']
-------- factorFlow -------- CIAO
Arch after initialization:
tile_sizes[dim]: [240, 1], self._dim_products[dim]: [4, 5]
input_FC_size distinct: 57600
Input FC size: 57600

Input size: 1573248

Output size: 8294400

Weight size: 18792

Intermediate input size: 89477216
Total intermediate size (input + output): 0

input_size: 1573248, output_size: 8294400, weight_size: 18792, intermediate_size: 0
Total mem footprint: 9944040



tile_sizes[dim]: [240, 1], self._dim_products[dim]: [4, 5]
input_FC_size distinct: 57600
Input FC size: 57600

Input size: 1573248

Output size: 8294400

Weight size: 18792

Intermediate input size: 89477216
Total intermediate size (input + output): 0

input_size: 1573248, output_size: 8294400, weight_size: 18792, intermediate_size: 0
Total mem footprint: 9944040



tile_sizes[dim]: [240, 1], self._dim_products[dim]: [1, 1]
input_FC_size distinct: 2880
Input FC size: 2880

Input size: 3600

Output size: 3840

Weight size: 0

Intermediate input size: 91200
Total intermediate size (input + output): 132480

input_size: 3600, output_size: 3840, weight_size: 0, intermediate_size: 132480
Total mem footprint: 142801



tile_sizes[dim]: [240, 1], self._dim_products[dim]: [1, 1]
input_FC_size distinct: 2880
Input FC size: 2880

Input size: 3600

Output size: 3840

Weight size: 0

Intermediate input size: 91200
Total intermediate size (input + output): 132480

input_size: 3600, output_size: 3840, weight_size: 0, intermediate_size: 132480
Total mem footprint: 142801




================================================================================
MEMORY CONSTRAINT VIOLATION DEBUG - Level: GlobalBuffer
================================================================================
Memory footprint: 142,801 bytes
Memory available: 131,072 bytes
Overflow: 11,729 bytes

Full architecture mapping:
  DRAM: P:540, Q:4, S7:3, Y6:540, X6:4, Y5:540, X5:4, S5:3, Y4:540, X4:4, S4:3, Y3:540, X3:4, S3:3, Y2:540, X2:4, S2:3, Y1:540, X1:4, Y0:540, X0:4, S0:5
  SACols: Q:240, Z7:8
  SACols_6: X6:240, Z6:8
  SACols_5: X5:240, Z5:6
  SACols_4: X4:240, Z4:6
  SACols_3: X3:240, Z3:6
  SACols_2: X2:240, Z2:6
  SACols_1: X1:240, Z1:6
  SACols_0: X0:240, Z0:8
  WRegister: C7:56, R7:3, C6:12, C5:12, R5:3, C4:12, R4:3, C3:12, R3:3, C2:12, R2:3, C1:56, C0:3, R0:5
  IntermediateRegister: Z6:7, Z5:2, Z4:2, Z3:2, Z2:2, Z1:2, Z0:7
  OutRegister: Z7:2
================================================================================

tile_sizes[dim]: [1, 1], self._dim_products[dim]: [1, 1]
input_FC_size distinct: 12
Input FC size: 12

Input size: 15

Output size: 0

Weight size: 0

Intermediate input size: 380
Total intermediate size (input + output): 380

input_size: 15, output_size: 0, weight_size: 0, intermediate_size: 380
Total mem footprint: 408



tile_sizes[dim]: [1, 1], self._dim_products[dim]: [1, 1]
input_FC_size distinct: 12
Input FC size: 12

Input size: 15

Output size: 0

Weight size: 0

Intermediate input size: 380
Total intermediate size (input + output): 380

input_size: 15, output_size: 0, weight_size: 0, intermediate_size: 380
Total mem footprint: 408




================================================================================
MEMORY CONSTRAINT VIOLATION DEBUG - Level: InRegister
================================================================================
Memory footprint: 408 bytes
Memory available: 64 bytes
Overflow: 344 bytes

Full architecture mapping:
  DRAM: P:540, Q:4, S7:3, Y6:540, X6:4, Y5:540, X5:4, S5:3, Y4:540, X4:4, S4:3, Y3:540, X3:4, S3:3, Y2:540, X2:4, S2:3, Y1:540, X1:4, Y0:540, X0:4, S0:5
  SACols: Q:240, Z7:8
  SACols_6: X6:240, Z6:8
  SACols_5: X5:240, Z5:6
  SACols_4: X4:240, Z4:6
  SACols_3: X3:240, Z3:6
  SACols_2: X2:240, Z2:6
  SACols_1: X1:240, Z1:6
  SACols_0: X0:240, Z0:8
  WRegister: C7:56, R7:3, C6:12, C5:12, R5:3, C4:12, R4:3, C3:12, R3:3, C2:12, R2:3, C1:56, C0:3, R0:5
  IntermediateRegister: Z6:7, Z5:2, Z4:2, Z3:2, Z2:2, Z1:2, Z0:7
  OutRegister: Z7:2
================================================================================

tile_sizes[dim]: [1, 1], self._dim_products[dim]: [1, 1]
input_FC_size distinct: 0
Input FC size: 0

Input size: 0

Output size: 0

Weight size: 925

Intermediate input size: 380
Total intermediate size (input + output): 0

input_size: 0, output_size: 0, weight_size: 925, intermediate_size: 0
Total mem footprint: 925



tile_sizes[dim]: [1, 1], self._dim_products[dim]: [1, 1]
input_FC_size distinct: 0
Input FC size: 0

Input size: 0

Output size: 0

Weight size: 925

Intermediate input size: 380
Total intermediate size (input + output): 0

input_size: 0, output_size: 0, weight_size: 925, intermediate_size: 0
Total mem footprint: 925




================================================================================
MEMORY CONSTRAINT VIOLATION DEBUG - Level: WRegister
================================================================================
Memory footprint: 925 bytes
Memory available: 500 bytes
Overflow: 425 bytes

Full architecture mapping:
  DRAM: P:540, Q:4, S7:3, Y6:540, X6:4, Y5:540, X5:4, S5:3, Y4:540, X4:4, S4:3, Y3:540, X3:4, S3:3, Y2:540, X2:4, S2:3, Y1:540, X1:4, Y0:540, X0:4, S0:5
  SACols: Q:240, Z7:8
  SACols_6: X6:240, Z6:8
  SACols_5: X5:240, Z5:6
  SACols_4: X4:240, Z4:6
  SACols_3: X3:240, Z3:6
  SACols_2: X2:240, Z2:6
  SACols_1: X1:240, Z1:6
  SACols_0: X0:240, Z0:8
  WRegister: C7:56, R7:3, C6:12, C5:12, R5:3, C4:12, R4:3, C3:12, R3:3, C2:12, R2:3, C1:56, C0:3, R0:5
  IntermediateRegister: Z6:7, Z5:2, Z4:2, Z3:2, Z2:2, Z1:2, Z0:7
  OutRegister: Z7:2
================================================================================

tile_sizes[dim]: [1, 1], self._dim_products[dim]: [1, 1]
input_FC_size distinct: 0
Traceback (most recent call last):
  File "/home/matteo/Desktop/FactorFlow_LayerFusion/experiment_runner.py", line 3836, in run_single_experiment
    edp, mops, energy, latency, utilization, mapping_time, final_arch = run_engine(
  File "/home/matteo/Desktop/FactorFlow_LayerFusion/engine.py", line 79, in run_engine
    raise e
  File "/home/matteo/Desktop/FactorFlow_LayerFusion/engine.py", line 68, in run_engine
    arch, wart = optimizeDataflows(arch, comp, bias_read, verbose = Settings.VERBOSE)
  File "/home/matteo/Desktop/FactorFlow_LayerFusion/mappers/breadthfirst_local.py", line 637, in optimizeDataflows
    arch, wart, moves = factorFlow(arch, comp, bias_read, verbose)
  File "/home/matteo/Desktop/FactorFlow_LayerFusion/mappers/breadthfirst_local.py", line 329, in factorFlow
    assert arch.checkFactorsConstraints() and arch.checkDataflowConstraints(), ("Ill-posed constraints:" if not already_initialized else "Improperly initialized arch:") + f"\n{arch.logConstraintsViolations()}"
AssertionError: Ill-posed constraints:
CONSTRAINTS VIOLATION: Arch: Eyeriss_Constrained_8L_tile240_2048x1 -> Level: DRAM: constrained S0 == 1 VS obtained S0: 5, constrained S2 == 1 VS obtained S2: 3, constrained S3 == 1 VS obtained S3: 3, constrained S4 == 1 VS obtained S4: 3, constrained S5 == 1 VS obtained S5: 3, constrained S7 == 1 VS obtained S7: 3
CONSTRAINTS VIOLATION: Arch: Eyeriss_Constrained_8L_tile240_2048x1 -> Level: GlobalBuffer: memory footprint: 142801 VS memory available: 131072
CONSTRAINTS VIOLATION: Arch: Eyeriss_Constrained_8L_tile240_2048x1 -> Level: InRegister: memory footprint: 408 VS memory available: 64
CONSTRAINTS VIOLATION: Arch: Eyeriss_Constrained_8L_tile240_2048x1 -> Level: WRegister: memory footprint: 925 VS memory available: 500
Traceback (most recent call last):
  File "/home/matteo/Desktop/FactorFlow_LayerFusion/experiment_runner.py", line 3829, in run_single_experiment
    arch.fitConstraintsToComp(shape, enforce=True)
  File "/home/matteo/Desktop/FactorFlow_LayerFusion/arch.py", line 794, in fitConstraintsToComp
    assert False, f"Arch: {self.name} -> Level: {level.name}: Failed to fit comp to arch because the level's constraint ({dim}: {level.factors_constraints[dim]}) does not divide comp dimension {dim} ({comp[dim]}) exactly. To compensate, consider setting 'Settings.PADDED_MAPPINGS' to True."
AssertionError: Arch: Eyeriss_Constrained_8L_tile240_1024x2 -> Level: SARows_0: Failed to fit comp to arch because the level's constraint (S0: 2) does not divide comp dimension S0 (5) exactly. To compensate, consider setting 'Settings.PADDED_MAPPINGS' to True.
Traceback (most recent call last):
  File "/home/matteo/Desktop/FactorFlow_LayerFusion/experiment_runner.py", line 3829, in run_single_experiment
    arch.fitConstraintsToComp(shape, enforce=True)
  File "/home/matteo/Desktop/FactorFlow_LayerFusion/arch.py", line 794, in fitConstraintsToComp
    assert False, f"Arch: {self.name} -> Level: {level.name}: Failed to fit comp to arch because the level's constraint ({dim}: {level.factors_constraints[dim]}) does not divide comp dimension {dim} ({comp[dim]}) exactly. To compensate, consider setting 'Settings.PADDED_MAPPINGS' to True."
AssertionError: Arch: Eyeriss_Constrained_8L_tile240_512x4 -> Level: SARows_0: Failed to fit comp to arch because the level's constraint (S0: 4) does not divide comp dimension S0 (5) exactly. To compensate, consider setting 'Settings.PADDED_MAPPINGS' to True.
Input FC size: 0

Input size: 0

Output size: 0

Weight size: 0

Intermediate input size: 7
Total intermediate size (input + output): 24

input_size: 0, output_size: 0, weight_size: 0, intermediate_size: 24
Total mem footprint: 24



tile_sizes[dim]: [1, 1], self._dim_products[dim]: [1, 1]
input_FC_size distinct: 0
Input FC size: 0

Input size: 0

Output size: 2

Weight size: 0

Intermediate input size: 7
Total intermediate size (input + output): 0

input_size: 0, output_size: 2, weight_size: 0, intermediate_size: 0
Total mem footprint: 2



INFO: forcefully updating setting forced_termination_flag to True
  ✗ Failed: Ill-posed constraints:
CONSTRAINTS VIOLATION: Arch...

[PE=2x1024] Running experiment...
------ loading Accelergy for Eyeriss ------
[Constrained Eyeriss] 8 layers, tile_size=240
  DRAM: {'Q': 4, 'P': 540, 'X0': 4, 'Y0': 540, 'Z0': 1, 'C0': 1, 'R0': 1, 'S0': 1, 'X1': 4, 'Y1': 540, 'Z1': 1, 'C1': 1, 'R1': 1, 'S1': 1, 'X2': 4, 'Y2': 540, 'Z2': 1, 'C2': 1, 'R2': 1, 'S2': 1, 'X3': 4, 'Y3': 540, 'Z3': 1, 'C3': 1, 'R3': 1, 'S3': 1, 'X4': 4, 'Y4': 540, 'Z4': 1, 'C4': 1, 'R4': 1, 'S4': 1, 'X5': 4, 'Y5': 540, 'Z5': 1, 'C5': 1, 'R5': 1, 'S5': 1, 'X6': 4, 'Y6': 540, 'Z6': 1, 'C6': 1, 'R6': 1, 'S6': 1, 'Z7': 1, 'C7': 1, 'R7': 1, 'S7': 1}
  GlobalBuffer: {'Q': 1, 'P': 1, 'X0': 1, 'Y0': 1, 'Z0': 1, 'C0': 1, 'R0': 1, 'S0': 1, 'X1': 1, 'Y1': 1, 'Z1': 1, 'C1': 1, 'R1': 1, 'S1': 1, 'X2': 1, 'Y2': 1, 'Z2': 1, 'C2': 1, 'R2': 1, 'S2': 1, 'X3': 1, 'Y3': 1, 'Z3': 1, 'C3': 1, 'R3': 1, 'S3': 1, 'X4': 1, 'Y4': 1, 'Z4': 1, 'C4': 1, 'R4': 1, 'S4': 1, 'X5': 1, 'Y5': 1, 'Z5': 1, 'C5': 1, 'R5': 1, 'S5': 1, 'X6': 1, 'Y6': 1, 'Z6': 1, 'C6': 1, 'R6': 1, 'S6': 1, 'Z7': 1, 'C7': 1, 'R7': 1, 'S7': 1}
  SACols: {'Q': 240, 'Z7': 4}
  SARows_0: {'S0': 2, 'C0': 1, 'Z0': 1}
  SARows_1: {'S1': 1, 'C1': 2, 'Z1': 1}
  SARows_2: {'S2': 2, 'C2': 1, 'Z2': 1}
  SARows_3: {'S3': 2, 'C3': 1, 'Z3': 1}
  SARows_4: {'S4': 2, 'C4': 1, 'Z4': 1}
  SARows_5: {'S5': 2, 'C5': 1, 'Z5': 1}
  SARows_6: {'S6': 1, 'C6': 2, 'Z6': 1}
  SARows_7: {'S7': 2, 'C7': 1, 'Z7': 1}
Creating architecture: Eyeriss_Constrained_8L_tile240_1024x2 with coupling: dims: C0Y0X0R0S0Z0C1R1S1Y1X1Z1C2R2S2Y2X2Z2C3R3S3Y3X3Z3C4R4S4Y4X4Z4C5R5S5Y5X5Z5C6R6S6Y6X6Z6C7R7S7PQZ7, in_coupling: [C0][Y0+R0][X0+S0], w_coupling: W0: [Z0][C0][R0][S0],W1: [Z1][C1][R1][S1],W2: [Z2][C2][R2][S2],W3: [Z3][C3][R3][S3],W4: [Z4][C4][R4][S4],W5: [Z5][C5][R5][S5],W6: [Z6][C6][R6][S6],W7: [Z7][C7][R7][S7],, out_coupling: [Z7][P][Q]
final_layer_dims: {'C7', 'P', 'X0', 'Y0', 'R0', 'C0', 'S0', 'Z7', 'R7', 'Q', 'S7'}, coupling.dims: ['C0', 'Y0', 'X0', 'R0', 'S0', 'Z0', 'C1', 'R1', 'S1', 'Y1', 'X1', 'Z1', 'C2', 'R2', 'S2', 'Y2', 'X2', 'Z2', 'C3', 'R3', 'S3', 'Y3', 'X3', 'Z3', 'C4', 'R4', 'S4', 'Y4', 'X4', 'Z4', 'C5', 'R5', 'S5', 'Y5', 'X5', 'Z5', 'C6', 'R6', 'S6', 'Y6', 'X6', 'Z6', 'C7', 'R7', 'S7', 'P', 'Q', 'Z7']
INFO: Arch: Eyeriss_Constrained_8L_tile240_1024x2: identified intermediate dimensions: {'Y2', 'C1', 'R5', 'Z6', 'C6', 'X1', 'Z1', 'Y4', 'X6', 'C3', 'R4', 'R3', 'Y3', 'X3', 'S1', 'S6', 'Z4', 'Z0', 'R2', 'Y6', 'Z3', 'C5', 'S2', 'S4', 'C4', 'R6', 'C2', 'Z2', 'R1', 'X5', 'X2', 'Y1', 'Z5', 'S3', 'X4', 'Y5', 'S5'}
INFO: Added high constraint for intermediate dimension P in level InRegister
INFO: Added high constraint for intermediate dimension R1 in level InRegister
INFO: Added high constraint for intermediate dimension P in level WRegister
INFO: Added high constraint for intermediate dimension R1 in level WRegister
INFO: Added high constraint for intermediate dimension P in level IntermediateRegister
INFO: Added high constraint for intermediate dimension R1 in level IntermediateRegister
INFO: Added high constraint for intermediate dimension P in level OutRegister
INFO: Added high constraint for intermediate dimension R1 in level OutRegister
  ✗ Failed: Arch: Eyeriss_Constrained_8L_tile240_1024x2 -> Lev...

[PE=4x512] Running experiment...
------ loading Accelergy for Eyeriss ------
[Constrained Eyeriss] 8 layers, tile_size=240
  DRAM: {'Q': 4, 'P': 540, 'X0': 4, 'Y0': 540, 'Z0': 1, 'C0': 1, 'R0': 1, 'S0': 1, 'X1': 4, 'Y1': 540, 'Z1': 1, 'C1': 1, 'R1': 1, 'S1': 1, 'X2': 4, 'Y2': 540, 'Z2': 1, 'C2': 1, 'R2': 1, 'S2': 1, 'X3': 4, 'Y3': 540, 'Z3': 1, 'C3': 1, 'R3': 1, 'S3': 1, 'X4': 4, 'Y4': 540, 'Z4': 1, 'C4': 1, 'R4': 1, 'S4': 1, 'X5': 4, 'Y5': 540, 'Z5': 1, 'C5': 1, 'R5': 1, 'S5': 1, 'X6': 4, 'Y6': 540, 'Z6': 1, 'C6': 1, 'R6': 1, 'S6': 1, 'Z7': 1, 'C7': 1, 'R7': 1, 'S7': 1}
  GlobalBuffer: {'Q': 1, 'P': 1, 'X0': 1, 'Y0': 1, 'Z0': 1, 'C0': 1, 'R0': 1, 'S0': 1, 'X1': 1, 'Y1': 1, 'Z1': 1, 'C1': 1, 'R1': 1, 'S1': 1, 'X2': 1, 'Y2': 1, 'Z2': 1, 'C2': 1, 'R2': 1, 'S2': 1, 'X3': 1, 'Y3': 1, 'Z3': 1, 'C3': 1, 'R3': 1, 'S3': 1, 'X4': 1, 'Y4': 1, 'Z4': 1, 'C4': 1, 'R4': 1, 'S4': 1, 'X5': 1, 'Y5': 1, 'Z5': 1, 'C5': 1, 'R5': 1, 'S5': 1, 'X6': 1, 'Y6': 1, 'Z6': 1, 'C6': 1, 'R6': 1, 'S6': 1, 'Z7': 1, 'C7': 1, 'R7': 1, 'S7': 1}
  SACols: {'Q': 240, 'Z7': 2}
  SARows_0: {'S0': 4, 'C0': 1, 'Z0': 1}
  SARows_1: {'S1': 1, 'C1': 4, 'Z1': 1}
  SARows_2: {'S2': 3, 'C2': 1, 'Z2': 1}
  SARows_3: {'S3': 3, 'C3': 1, 'Z3': 1}
  SARows_4: {'S4': 3, 'C4': 1, 'Z4': 1}
  SARows_5: {'S5': 3, 'C5': 1, 'Z5': 1}
  SARows_6: {'S6': 1, 'C6': 4, 'Z6': 1}
  SARows_7: {'S7': 3, 'C7': 1, 'Z7': 1}
Creating architecture: Eyeriss_Constrained_8L_tile240_512x4 with coupling: dims: C0Y0X0R0S0Z0C1R1S1Y1X1Z1C2R2S2Y2X2Z2C3R3S3Y3X3Z3C4R4S4Y4X4Z4C5R5S5Y5X5Z5C6R6S6Y6X6Z6C7R7S7PQZ7, in_coupling: [C0][Y0+R0][X0+S0], w_coupling: W0: [Z0][C0][R0][S0],W1: [Z1][C1][R1][S1],W2: [Z2][C2][R2][S2],W3: [Z3][C3][R3][S3],W4: [Z4][C4][R4][S4],W5: [Z5][C5][R5][S5],W6: [Z6][C6][R6][S6],W7: [Z7][C7][R7][S7],, out_coupling: [Z7][P][Q]
final_layer_dims: {'C7', 'P', 'X0', 'Y0', 'R0', 'C0', 'S0', 'Z7', 'R7', 'Q', 'S7'}, coupling.dims: ['C0', 'Y0', 'X0', 'R0', 'S0', 'Z0', 'C1', 'R1', 'S1', 'Y1', 'X1', 'Z1', 'C2', 'R2', 'S2', 'Y2', 'X2', 'Z2', 'C3', 'R3', 'S3', 'Y3', 'X3', 'Z3', 'C4', 'R4', 'S4', 'Y4', 'X4', 'Z4', 'C5', 'R5', 'S5', 'Y5', 'X5', 'Z5', 'C6', 'R6', 'S6', 'Y6', 'X6', 'Z6', 'C7', 'R7', 'S7', 'P', 'Q', 'Z7']
INFO: Arch: Eyeriss_Constrained_8L_tile240_512x4: identified intermediate dimensions: {'Y2', 'C1', 'R5', 'Z6', 'C6', 'X1', 'Z1', 'Y4', 'X6', 'C3', 'R4', 'R3', 'Y3', 'X3', 'S1', 'S6', 'Z4', 'Z0', 'R2', 'Y6', 'Z3', 'C5', 'S2', 'S4', 'C4', 'R6', 'C2', 'Z2', 'R1', 'X5', 'X2', 'Y1', 'Z5', 'S3', 'X4', 'Y5', 'S5'}
INFO: Added high constraint for intermediate dimension P in level InRegister
INFO: Added high constraint for intermediate dimension R1 in level InRegister
INFO: Added high constraint for intermediate dimension P in level WRegister
INFO: Added high constraint for intermediate dimension R1 in level WRegister
INFO: Added high constraint for intermediate dimension P in level IntermediateRegister
INFO: Added high constraint for intermediate dimension R1 in level IntermediateRegister
INFO: Added high constraint for intermediate dimension P in level OutRegister
INFO: Added high constraint for intermediate dimension R1 in level OutRegister
  ✗ Failed: Arch: Eyeriss_Constrained_8L_tile240_512x4 -> Leve...

[PE=8x256] Running experiment...
------ loading Accelergy for Eyeriss ------
[Constrained Eyeriss] 8 layers, tile_size=240
  DRAM: {'Q': 4, 'P': 540, 'X0': 4, 'Y0': 540, 'Z0': 1, 'C0': 1, 'R0': 1, 'S0': 1, 'X1': 4, 'Y1': 540, 'Z1': 1, 'C1': 1, 'R1': 1, 'S1': 1, 'X2': 4, 'Y2': 540, 'Z2': 1, 'C2': 1, 'R2': 1, 'S2': 1, 'X3': 4, 'Y3': 540, 'Z3': 1, 'C3': 1, 'R3': 1, 'S3': 1, 'X4': 4, 'Y4': 540, 'Z4': 1, 'C4': 1, 'R4': 1, 'S4': 1, 'X5': 4, 'Y5': 540, 'Z5': 1, 'C5': 1, 'R5': 1, 'S5': 1, 'X6': 4, 'Y6': 540, 'Z6': 1, 'C6': 1, 'R6': 1, 'S6': 1, 'Z7': 1, 'C7': 1, 'R7': 1, 'S7': 1}
  GlobalBuffer: {'Q': 1, 'P': 1, 'X0': 1, 'Y0': 1, 'Z0': 1, 'C0': 1, 'R0': 1, 'S0': 1, 'X1': 1, 'Y1': 1, 'Z1': 1, 'C1': 1, 'R1': 1, 'S1': 1, 'X2': 1, 'Y2': 1, 'Z2': 1, 'C2': 1, 'R2': 1, 'S2': 1, 'X3': 1, 'Y3': 1, 'Z3': 1, 'C3': 1, 'R3': 1, 'S3': 1, 'X4': 1, 'Y4': 1, 'Z4': 1, 'C4': 1, 'R4': 1, 'S4': 1, 'X5': 1, 'Y5': 1, 'Z5': 1, 'C5': 1, 'R5': 1, 'S5': 1, 'X6': 1, 'Y6': 1, 'Z6': 1, 'C6': 1, 'R6': 1, 'S6': 1, 'Z7': 1, 'C7': 1, 'R7': 1, 'S7': 1}
  SACols: {'Q': 240, 'Z7': 1}
  SARows_0: {'S0': 5, 'C0': 1, 'Z0': 1}
  SARows_1: {'S1': 1, 'C1': 8, 'Z1': 1}
  SARows_2: {'S2': 3, 'C2': 2, 'Z2': 1}
  SARows_3: {'S3': 3, 'C3': 2, 'Z3': 1}
  SARows_4: {'S4': 3, 'C4': 2, 'Z4': 1}
  SARows_5: {'S5': 3, 'C5': 2, 'Z5': 1}
  SARows_6: {'S6': 1, 'C6': 6, 'Z6': 1}
  SARows_7: {'S7': 3, 'C7': 2, 'Z7': 1}
Creating architecture: Eyeriss_Constrained_8L_tile240_256x8 with coupling: dims: C0Y0X0R0S0Z0C1R1S1Y1X1Z1C2R2S2Y2X2Z2C3R3S3Y3X3Z3C4R4S4Y4X4Z4C5R5S5Y5X5Z5C6R6S6Y6X6Z6C7R7S7PQZ7, in_coupling: [C0][Y0+R0][X0+S0], w_coupling: W0: [Z0][C0][R0][S0],W1: [Z1][C1][R1][S1],W2: [Z2][C2][R2][S2],W3: [Z3][C3][R3][S3],W4: [Z4][C4][R4][S4],W5: [Z5][C5][R5][S5],W6: [Z6][C6][R6][S6],W7: [Z7][C7][R7][S7],, out_coupling: [Z7][P][Q]
final_layer_dims: {'C7', 'P', 'X0', 'Y0', 'R0', 'C0', 'S0', 'Z7', 'R7', 'Q', 'S7'}, coupling.dims: ['C0', 'Y0', 'X0', 'R0', 'S0', 'Z0', 'C1', 'R1', 'S1', 'Y1', 'X1', 'Z1', 'C2', 'R2', 'S2', 'Y2', 'X2', 'Z2', 'C3', 'R3', 'S3', 'Y3', 'X3', 'Z3', 'C4', 'R4', 'S4', 'Y4', 'X4', 'Z4', 'C5', 'R5', 'S5', 'Y5', 'X5', 'Z5', 'C6', 'R6', 'S6', 'Y6', 'X6', 'Z6', 'C7', 'R7', 'S7', 'P', 'Q', 'Z7']
INFO: Arch: Eyeriss_Constrained_8L_tile240_256x8: identified intermediate dimensions: {'Y2', 'C1', 'R5', 'Z6', 'C6', 'X1', 'Z1', 'Y4', 'X6', 'C3', 'R4', 'R3', 'Y3', 'X3', 'S1', 'S6', 'Z4', 'Z0', 'R2', 'Y6', 'Z3', 'C5', 'S2', 'S4', 'C4', 'R6', 'C2', 'Z2', 'R1', 'X5', 'X2', 'Y1', 'Z5', 'S3', 'X4', 'Y5', 'S5'}
INFO: Added high constraint for intermediate dimension P in level InRegister
INFO: Added high constraint for intermediate dimension R1 in level InRegister
INFO: Added high constraint for intermediate dimension P in level WRegister
INFO: Added high constraint for intermediate dimension R1 in level WRegister
INFO: Added high constraint for intermediate dimension P in level IntermediateRegister
INFO: Added high constraint for intermediate dimension R1 in level IntermediateRegister
INFO: Added high constraint for intermediate dimension P in level OutRegister
INFO: Added high constraint for intermediate dimension R1 in level OutRegister
Starting engine with mapper: breadthfirst_local

WARNING: running on a Python version without free-threading (GIL enabled), this program relies heavily on true multithreading, thus expect a severe performance hit with your current setup. Consider updating to Python 3.13t or newer.
INFO: running multithreaded with THREADS_COUNT = 8

DEBUG interleave: START - Called from breadthfirst_local.py:600 in optimizeDataflows()
                       array=['P', 'Q', 'Z7', 'C7', 'R7', 'S7', 'Y6', 'X6', 'Z6', 'C6', 'R6', 'S6', 'Y5', 'X5', 'Z5', 'C5', 'R5', 'S5', 'Y4', 'X4', 'Z4', 'C4', 'R4', 'S4', 'Y3', 'X3', 'Z3', 'C3', 'R3', 'S3', 'Y2', 'X2', 'Z2', 'C2', 'R2', 'S2', 'Y1', 'X1', 'Z1', 'C1', 'R1', 'S1', 'Y0', 'X0', 'Z0', 'C0', 'R0', 'S0'], elements=[] (len=0)
['C1', 'Y1', 'R1', 'X1', 'S1']
['C2', 'Y2', 'R2', 'X2', 'S2']
['C3', 'Y3', 'R3', 'X3', 'S3']
['C4', 'Y4', 'R4', 'X4', 'S4']
['C5', 'Y5', 'R5', 'X5', 'S5']
['C6', 'Y6', 'R6', 'X6', 'S6']
['C7', 'P', 'R7', 'Q', 'S7']
DEBUG interleave: START - Called from breadthfirst_local.py:600 in optimizeDataflows()
                       array=['P', 'Q', 'Z7', 'C7', 'R7', 'S7', 'Y6', 'X6', 'Z6', 'C6', 'R6', 'S6', 'Y5', 'X5', 'Z5', 'C5', 'R5', 'S5', 'Y4', 'X4', 'Z4', 'C4', 'R4', 'S4', 'Y3', 'X3', 'Z3', 'C3', 'R3', 'S3', 'Y2', 'X2', 'Z2', 'C2', 'R2', 'S2', 'Y1', 'X1', 'Z1', 'C1', 'R1', 'S1', 'Y0', 'X0', 'Z0', 'C0', 'R0', 'S0'], elements=[] (len=0)
['C1', 'Y1', 'R1', 'X1', 'S1']
['C2', 'Y2', 'R2', 'X2', 'S2']
['C3', 'Y3', 'R3', 'X3', 'S3']
['C4', 'Y4', 'R4', 'X4', 'S4']
['C5', 'Y5', 'R5', 'X5', 'S5']
['C6', 'Y6', 'R6', 'X6', 'S6']
['C7', 'P', 'R7', 'Q', 'S7']
DEBUG interleave: START - Called from breadthfirst_local.py:600 in optimizeDataflows()
                       array=['P', 'Q', 'Z7', 'C7', 'R7', 'S7', 'Y6', 'X6', 'Z6', 'C6', 'R6', 'S6', 'Y5', 'X5', 'Z5', 'C5', 'R5', 'S5', 'Y4', 'X4', 'Z4', 'C4', 'R4', 'S4', 'Y3', 'X3', 'Z3', 'C3', 'R3', 'S3', 'Y2', 'X2', 'Z2', 'C2', 'R2', 'S2', 'Y1', 'X1', 'Z1', 'C1', 'R1', 'S1', 'Y0', 'X0', 'Z0', 'C0', 'R0', 'S0'], elements=[] (len=0)
['C1', 'Y1', 'R1', 'X1', 'S1']
['C2', 'Y2', 'R2', 'X2', 'S2']
['C3', 'Y3', 'R3', 'X3', 'S3']
['C4', 'Y4', 'R4', 'X4', 'S4']
['C5', 'Y5', 'R5', 'X5', 'S5']
['C6', 'Y6', 'R6', 'X6', 'S6']
['C7', 'P', 'R7', 'Q', 'S7']
DEBUG interleave: START - Called from breadthfirst_local.py:600 in optimizeDataflows()
                       array=['P', 'Q', 'Z7', 'C7', 'R7', 'S7', 'Y6', 'X6', 'Z6', 'C6', 'R6', 'S6', 'Y5', 'X5', 'Z5', 'C5', 'R5', 'S5', 'Y4', 'X4', 'Z4', 'C4', 'R4', 'S4', 'Y3', 'X3', 'Z3', 'C3', 'R3', 'S3', 'Y2', 'X2', 'Z2', 'C2', 'R2', 'S2', 'Y1', 'X1', 'Z1', 'C1', 'R1', 'S1', 'Y0', 'X0', 'Z0', 'C0', 'R0', 'S0'], elements=[] (len=0)
['C1', 'Y1', 'R1', 'X1', 'S1']
['C2', 'Y2', 'R2', 'X2', 'S2']
['C3', 'Y3', 'R3', 'X3', 'S3']
['C4', 'Y4', 'R4', 'X4', 'S4']
['C5', 'Y5', 'R5', 'X5', 'S5']
['C6', 'Y6', 'R6', 'X6', 'S6']
['C7', 'P', 'R7', 'Q', 'S7']
DEBUG interleave: START - Called from breadthfirst_local.py:600 in optimizeDataflows()
                       array=['P', 'Q', 'Z7', 'C7', 'R7', 'S7', 'Y6', 'X6', 'Z6', 'C6', 'R6', 'S6', 'Y5', 'X5', 'Z5', 'C5', 'R5', 'S5', 'Y4', 'X4', 'Z4', 'C4', 'R4', 'S4', 'Y3', 'X3', 'Z3', 'C3', 'R3', 'S3', 'Y2', 'X2', 'Z2', 'C2', 'R2', 'S2', 'Y1', 'X1', 'Z1', 'C1', 'R1', 'S1', 'Y0', 'X0', 'Z0', 'C0', 'R0', 'S0'], elements=[] (len=0)
['C1', 'Y1', 'R1', 'X1', 'S1']
['C2', 'Y2', 'R2', 'X2', 'S2']
['C3', 'Y3', 'R3', 'X3', 'S3']
['C4', 'Y4', 'R4', 'X4', 'S4']
['C5', 'Y5', 'R5', 'X5', 'S5']
['C6', 'Y6', 'R6', 'X6', 'S6']
['C7', 'P', 'R7', 'Q', 'S7']
DEBUG interleave: START - Called from breadthfirst_local.py:600 in optimizeDataflows()
                       array=['P', 'Q', 'Z7', 'C7', 'R7', 'S7', 'Y6', 'X6', 'Z6', 'C6', 'R6', 'S6', 'Y5', 'X5', 'Z5', 'C5', 'R5', 'S5', 'Y4', 'X4', 'Z4', 'C4', 'R4', 'S4', 'Y3', 'X3', 'Z3', 'C3', 'R3', 'S3', 'Y2', 'X2', 'Z2', 'C2', 'R2', 'S2', 'Y1', 'X1', 'Z1', 'C1', 'R1', 'S1', 'Y0', 'X0', 'Z0', 'C0', 'R0', 'S0'], elements=[] (len=0)
['C1', 'Y1', 'R1', 'X1', 'S1']
['C2', 'Y2', 'R2', 'X2', 'S2']
['C3', 'Y3', 'R3', 'X3', 'S3']
['C4', 'Y4', 'R4', 'X4', 'S4']
['C5', 'Y5', 'R5', 'X5', 'S5']
['C6', 'Y6', 'R6', 'X6', 'S6']
['C7', 'P', 'R7', 'Q', 'S7']
-------- factorFlow -------- CIAO
Arch after initialization:
tile_sizes[dim]: [240, 5], self._dim_products[dim]: [4, 1]
input_FC_size distinct: 11520
Input FC size: 11520

Input size: 1573248

Output size: 8294400

Weight size: 18792

Intermediate input size: 89477216
Total intermediate size (input + output): 0

input_size: 1573248, output_size: 8294400, weight_size: 18792, intermediate_size: 0
Total mem footprint: 9897960



tile_sizes[dim]: [240, 5], self._dim_products[dim]: [1, 1]
input_FC_size distinct: 2880
Input FC size: 2880

Input size: 3660

Output size: 3840

Weight size: 0

Intermediate input size: 91824
Total intermediate size (input + output): 133104

input_size: 3660, output_size: 3840, weight_size: 0, intermediate_size: 133104
Total mem footprint: 143485



tile_sizes[dim]: [240, 5], self._dim_products[dim]: [4, 1]
input_FC_size distinct: 11520
Input FC size: 11520

Input size: 1573248

Output size: 8294400

Weight size: 18792

Intermediate input size: 89477216
Total intermediate size (input + output): 0

input_size: 1573248, output_size: 8294400, weight_size: 18792, intermediate_size: 0
Total mem footprint: 9897960



tile_sizes[dim]: [240, 5], self._dim_products[dim]: [1, 1]
input_FC_size distinct: 2880
Input FC size: 2880

Input size: 3660

Output size: 3840

Weight size: 0

Intermediate input size: 91824
Total intermediate size (input + output): 133104

input_size: 3660, output_size: 3840, weight_size: 0, intermediate_size: 133104
Total mem footprint: 143485



tile_sizes[dim]: [240, 5], self._dim_products[dim]: [1, 1]
input_FC_size distinct: 2880
Input FC size: 2880

Input size: 3660

Output size: 3840

Weight size: 0

Intermediate input size: 91824
Total intermediate size (input + output): 133104

input_size: 3660, output_size: 3840, weight_size: 0, intermediate_size: 133104
Total mem footprint: 143485




================================================================================
Traceback (most recent call last):
  File "/home/matteo/Desktop/FactorFlow_LayerFusion/experiment_runner.py", line 3836, in run_single_experiment
    edp, mops, energy, latency, utilization, mapping_time, final_arch = run_engine(
  File "/home/matteo/Desktop/FactorFlow_LayerFusion/engine.py", line 79, in run_engine
    raise e
  File "/home/matteo/Desktop/FactorFlow_LayerFusion/engine.py", line 68, in run_engine
    arch, wart = optimizeDataflows(arch, comp, bias_read, verbose = Settings.VERBOSE)
  File "/home/matteo/Desktop/FactorFlow_LayerFusion/mappers/breadthfirst_local.py", line 637, in optimizeDataflows
    arch, wart, moves = factorFlow(arch, comp, bias_read, verbose)
  File "/home/matteo/Desktop/FactorFlow_LayerFusion/mappers/breadthfirst_local.py", line 329, in factorFlow
    assert arch.checkFactorsConstraints() and arch.checkDataflowConstraints(), ("Ill-posed constraints:" if not already_initialized else "Improperly initialized arch:") + f"\n{arch.logConstraintsViolations()}"
AssertionError: Ill-posed constraints:
CONSTRAINTS VIOLATION: Arch: Eyeriss_Constrained_8L_tile240_256x8 -> Level: GlobalBuffer: memory footprint: 143485 VS memory available: 131072
CONSTRAINTS VIOLATION: Arch: Eyeriss_Constrained_8L_tile240_256x8 -> Level: InRegister: memory footprint: 193 VS memory available: 64
CONSTRAINTS VIOLATION: Arch: Eyeriss_Constrained_8L_tile240_256x8 -> Level: WRegister: memory footprint: 3244 VS memory available: 500
MEMORY CONSTRAINT VIOLATION DEBUG - Level: GlobalBuffer
================================================================================
Memory footprint: 143,485 bytes
Memory available: 131,072 bytes
Overflow: 12,413 bytes

Full architecture mapping:
  DRAM: P:540, Q:4, Y6:540, X6:4, Y5:540, X5:4, Y4:540, X4:4, Y3:540, X3:4, Y2:540, X2:4, Y1:540, X1:4, Y0:540, X0:4
  SACols: Q:240
  SARows: S7:3, C7:2
  SACols_6: X6:240
  SARows_6: C6:6
  SACols_5: X5:240
  SARows_5: S5:3, C5:2
  SACols_4: X4:240
  SARows_4: S4:3, C4:2
  SACols_3: X3:240
  SARows_3: S3:3, C3:2
  SACols_2: X2:240
  SARows_2: S2:3, C2:2
  SACols_1: X1:240
  SARows_1: C1:8
  SACols_0: X0:240
  SARows_0: S0:5
  WRegister: C7:28, R7:3, C6:2, C5:6, R5:3, C4:6, R4:3, C3:6, R3:3, C2:6, R2:3, C1:7, C0:3, R0:5
  IntermediateRegister: Z6:56, Z5:12, Z4:12, Z3:12, Z2:12, Z1:12, Z0:56
  OutRegister: Z7:16
================================================================================

tile_sizes[dim]: [1, 1], self._dim_products[dim]: [1, 1]
input_FC_size distinct: 12
Input FC size: 12

Input size: 15

Output size: 0

Weight size: 0

Intermediate input size: 165
Total intermediate size (input + output): 165

input_size: 15, output_size: 0, weight_size: 0, intermediate_size: 165
Total mem footprint: 193



tile_sizes[dim]: [1, 1], self._dim_products[dim]: [1, 1]
input_FC_size distinct: 12
Input FC size: 12

Input size: 15

Output size: 0

Weight size: 0

Intermediate input size: 165
Total intermediate size (input + output): 165

input_size: 15, output_size: 0, weight_size: 0, intermediate_size: 165
Total mem footprint: 193




================================================================================
MEMORY CONSTRAINT VIOLATION DEBUG - Level: InRegister
================================================================================
Memory footprint: 193 bytes
Memory available: 64 bytes
Overflow: 129 bytes

Full architecture mapping:
  DRAM: P:540, Q:4, Y6:540, X6:4, Y5:540, X5:4, Y4:540, X4:4, Y3:540, X3:4, Y2:540, X2:4, Y1:540, X1:4, Y0:540, X0:4
  SACols: Q:240
  SARows: S7:3, C7:2
  SACols_6: X6:240
  SARows_6: C6:6
  SACols_5: X5:240
  SARows_5: S5:3, C5:2
  SACols_4: X4:240
  SARows_4: S4:3, C4:2
  SACols_3: X3:240
  SARows_3: S3:3, C3:2
  SACols_2: X2:240
  SARows_2: S2:3, C2:2
  SACols_1: X1:240
  SARows_1: C1:8
  SACols_0: X0:240
  SARows_0: S0:5
  WRegister: C7:28, R7:3, C6:2, C5:6, R5:3, C4:6, R4:3, C3:6, R3:3, C2:6, R2:3, C1:7, C0:3, R0:5
  IntermediateRegister: Z6:56, Z5:12, Z4:12, Z3:12, Z2:12, Z1:12, Z0:56
  OutRegister: Z7:16
================================================================================

tile_sizes[dim]: [1, 1], self._dim_products[dim]: [1, 1]
input_FC_size distinct: 0
Input FC size: 0

Input size: 0

Output size: 0

Weight size: 3244

Intermediate input size: 165
Total intermediate size (input + output): 0

input_size: 0, output_size: 0, weight_size: 3244, intermediate_size: 0
Total mem footprint: 3244



tile_sizes[dim]: [1, 1], self._dim_products[dim]: [1, 1]
input_FC_size distinct: 0
Input FC size: 0

Input size: 0

Output size: 0

Weight size: 3244

Intermediate input size: 165
Total intermediate size (input + output): 0

input_size: 0, output_size: 0, weight_size: 3244, intermediate_size: 0
Total mem footprint: 3244




================================================================================
MEMORY CONSTRAINT VIOLATION DEBUG - Level: WRegister
================================================================================
Memory footprint: 3,244 bytes
Memory available: 500 bytes
Overflow: 2,744 bytes

Full architecture mapping:
  DRAM: P:540, Q:4, Y6:540, X6:4, Y5:540, X5:4, Y4:540, X4:4, Y3:540, X3:4, Y2:540, X2:4, Y1:540, X1:4, Y0:540, X0:4
  SACols: Q:240
  SARows: S7:3, C7:2
  SACols_6: X6:240
  SARows_6: C6:6
  SACols_5: X5:240
  SARows_5: S5:3, C5:2
  SACols_4: X4:240
  SARows_4: S4:3, C4:2
  SACols_3: X3:240
  SARows_3: S3:3, C3:2
  SACols_2: X2:240
  SARows_2: S2:3, C2:2
  SACols_1: X1:240
  SARows_1: C1:8
  SACols_0: X0:240
  SARows_0: S0:5
  WRegister: C7:28, R7:3, C6:2, C5:6, R5:3, C4:6, R4:3, C3:6, R3:3, C2:6, R2:3, C1:7, C0:3, R0:5
  IntermediateRegister: Z6:56, Z5:12, Z4:12, Z3:12, Z2:12, Z1:12, Z0:56
  OutRegister: Z7:16
================================================================================

tile_sizes[dim]: [1, 1], self._dim_products[dim]: [1, 1]
input_FC_size distinct: 0
Input FC size: 0

Input size: 0

Output size: 0

Weight size: 0

Intermediate input size: 7
Total intermediate size (input + output): 172

input_size: 0, output_size: 0, weight_size: 0, intermediate_size: 172
Total mem footprint: 172



tile_sizes[dim]: [1, 1], self._dim_products[dim]: [1, 1]
input_FC_size distinct: 0
Input FC size: 0

Input size: 0

Output size: 16

Weight size: 0

Intermediate input size: 7
Total intermediate size (input + output): 0

input_size: 0, output_size: 16, weight_size: 0, intermediate_size: 0
Total mem footprint: 16



  ✗ Failed: Ill-posed constraints:
CONSTRAINTS VIOLATION: Arch...

[PE=16x128] Running experiment...
------ loading Accelergy for Eyeriss ------
[Constrained Eyeriss] 8 layers, tile_size=240
  DRAM: {'Q': 4, 'P': 540, 'X0': 4, 'Y0': 540, 'Z0': 1, 'C0': 1, 'R0': 1, 'S0': 1, 'X1': 4, 'Y1': 540, 'Z1': 1, 'C1': 1, 'R1': 1, 'S1': 1, 'X2': 4, 'Y2': 540, 'Z2': 1, 'C2': 1, 'R2': 1, 'S2': 1, 'X3': 4, 'Y3': 540, 'Z3': 1, 'C3': 1, 'R3': 1, 'S3': 1, 'X4': 4, 'Y4': 540, 'Z4': 1, 'C4': 1, 'R4': 1, 'S4': 1, 'X5': 4, 'Y5': 540, 'Z5': 1, 'C5': 1, 'R5': 1, 'S5': 1, 'X6': 4, 'Y6': 540, 'Z6': 1, 'C6': 1, 'R6': 1, 'S6': 1, 'Z7': 1, 'C7': 1, 'R7': 1, 'S7': 1}
  GlobalBuffer: {'Q': 2, 'P': 1, 'X0': 2, 'Y0': 1, 'Z0': 1, 'C0': 1, 'R0': 1, 'S0': 1, 'X1': 2, 'Y1': 1, 'Z1': 1, 'C1': 1, 'R1': 1, 'S1': 1, 'X2': 2, 'Y2': 1, 'Z2': 1, 'C2': 1, 'R2': 1, 'S2': 1, 'X3': 2, 'Y3': 1, 'Z3': 1, 'C3': 1, 'R3': 1, 'S3': 1, 'X4': 2, 'Y4': 1, 'Z4': 1, 'C4': 1, 'R4': 1, 'S4': 1, 'X5': 2, 'Y5': 1, 'Z5': 1, 'C5': 1, 'R5': 1, 'S5': 1, 'X6': 2, 'Y6': 1, 'Z6': 1, 'C6': 1, 'R6': 1, 'S6': 1, 'Z7': 1, 'C7': 1, 'R7': 1, 'S7': 1}
  SACols: {'Q': 120, 'Z7': 1}
  SARows_0: {'S0': 5, 'C0': 3, 'Z0': 1}
  SARows_1: {'S1': 1, 'C1': 14, 'Z1': 1}
  SARows_2: {'S2': 3, 'C2': 4, 'Z2': 1}
  SARows_3: {'S3': 3, 'C3': 4, 'Z3': 1}
  SARows_4: {'S4': 3, 'C4': 4, 'Z4': 1}
  SARows_5: {'S5': 3, 'C5': 4, 'Z5': 1}
  SARows_6: {'S6': 1, 'C6': 12, 'Z6': 1}
  SARows_7: {'S7': 3, 'C7': 4, 'Z7': 1}
Creating architecture: Eyeriss_Constrained_8L_tile240_128x16 with coupling: dims: C0Y0X0R0S0Z0C1R1S1Y1X1Z1C2R2S2Y2X2Z2C3R3S3Y3X3Z3C4R4S4Y4X4Z4C5R5S5Y5X5Z5C6R6S6Y6X6Z6C7R7S7PQZ7, in_coupling: [C0][Y0+R0][X0+S0], w_coupling: W0: [Z0][C0][R0][S0],W1: [Z1][C1][R1][S1],W2: [Z2][C2][R2][S2],W3: [Z3][C3][R3][S3],W4: [Z4][C4][R4][S4],W5: [Z5][C5][R5][S5],W6: [Z6][C6][R6][S6],W7: [Z7][C7][R7][S7],, out_coupling: [Z7][P][Q]
final_layer_dims: {'C7', 'P', 'X0', 'Y0', 'R0', 'C0', 'S0', 'Z7', 'R7', 'Q', 'S7'}, coupling.dims: ['C0', 'Y0', 'X0', 'R0', 'S0', 'Z0', 'C1', 'R1', 'S1', 'Y1', 'X1', 'Z1', 'C2', 'R2', 'S2', 'Y2', 'X2', 'Z2', 'C3', 'R3', 'S3', 'Y3', 'X3', 'Z3', 'C4', 'R4', 'S4', 'Y4', 'X4', 'Z4', 'C5', 'R5', 'S5', 'Y5', 'X5', 'Z5', 'C6', 'R6', 'S6', 'Y6', 'X6', 'Z6', 'C7', 'R7', 'S7', 'P', 'Q', 'Z7']
INFO: Arch: Eyeriss_Constrained_8L_tile240_128x16: identified intermediate dimensions: {'Y2', 'C1', 'R5', 'Z6', 'C6', 'X1', 'Z1', 'Y4', 'X6', 'C3', 'R4', 'R3', 'Y3', 'X3', 'S1', 'S6', 'Z4', 'Z0', 'R2', 'Y6', 'Z3', 'C5', 'S2', 'S4', 'C4', 'R6', 'C2', 'Z2', 'R1', 'X5', 'X2', 'Y1', 'Z5', 'S3', 'X4', 'Y5', 'S5'}
INFO: Added high constraint for intermediate dimension P in level InRegister
INFO: Added high constraint for intermediate dimension R1 in level InRegister
INFO: Added high constraint for intermediate dimension P in level WRegister
INFO: Added high constraint for intermediate dimension R1 in level WRegister
INFO: Added high constraint for intermediate dimension P in level IntermediateRegister
INFO: Added high constraint for intermediate dimension R1 in level IntermediateRegister
INFO: Added high constraint for intermediate dimension P in level OutRegister
INFO: Added high constraint for intermediate dimension R1 in level OutRegister
Starting engine with mapper: breadthfirst_local

WARNING: running on a Python version without free-threading (GIL enabled), this program relies heavily on true multithreading, thus expect a severe performance hit with your current setup. Consider updating to Python 3.13t or newer.
INFO: running multithreaded with THREADS_COUNT = 8

DEBUG interleave: START - Called from breadthfirst_local.py:600 in optimizeDataflows()
                       array=['P', 'Q', 'Z7', 'C7', 'R7', 'S7', 'Y6', 'X6', 'Z6', 'C6', 'R6', 'S6', 'Y5', 'X5', 'Z5', 'C5', 'R5', 'S5', 'Y4', 'X4', 'Z4', 'C4', 'R4', 'S4', 'Y3', 'X3', 'Z3', 'C3', 'R3', 'S3', 'Y2', 'X2', 'Z2', 'C2', 'R2', 'S2', 'Y1', 'X1', 'Z1', 'C1', 'R1', 'S1', 'Y0', 'X0', 'Z0', 'C0', 'R0', 'S0'], elements=[] (len=0)
['C1', 'Y1', 'R1', 'X1', 'S1']
['C2', 'Y2', 'R2', 'X2', 'S2']
['C3', 'Y3', 'R3', 'X3', 'S3']
['C4', 'Y4', 'R4', 'X4', 'S4']
['C5', 'Y5', 'R5', 'X5', 'S5']
['C6', 'Y6', 'R6', 'X6', 'S6']
['C7', 'P', 'R7', 'Q', 'S7']
DEBUG interleave: START - Called from breadthfirst_local.py:600 in optimizeDataflows()
                       array=['P', 'Q', 'Z7', 'C7', 'R7', 'S7', 'Y6', 'X6', 'Z6', 'C6', 'R6', 'S6', 'Y5', 'X5', 'Z5', 'C5', 'R5', 'S5', 'Y4', 'X4', 'Z4', 'C4', 'R4', 'S4', 'Y3', 'X3', 'Z3', 'C3', 'R3', 'S3', 'Y2', 'X2', 'Z2', 'C2', 'R2', 'S2', 'Y1', 'X1', 'Z1', 'C1', 'R1', 'S1', 'Y0', 'X0', 'Z0', 'C0', 'R0', 'S0'], elements=[] (len=0)
['C1', 'Y1', 'R1', 'X1', 'S1']
['C2', 'Y2', 'R2', 'X2', 'S2']
['C3', 'Y3', 'R3', 'X3', 'S3']
['C4', 'Y4', 'R4', 'X4', 'S4']
['C5', 'Y5', 'R5', 'X5', 'S5']
['C6', 'Y6', 'R6', 'X6', 'S6']
['C7', 'P', 'R7', 'Q', 'S7']
DEBUG interleave: START - Called from breadthfirst_local.py:600 in optimizeDataflows()
                       array=['P', 'Q', 'Z7', 'C7', 'R7', 'S7', 'Y6', 'X6', 'Z6', 'C6', 'R6', 'S6', 'Y5', 'X5', 'Z5', 'C5', 'R5', 'S5', 'Y4', 'X4', 'Z4', 'C4', 'R4', 'S4', 'Y3', 'X3', 'Z3', 'C3', 'R3', 'S3', 'Y2', 'X2', 'Z2', 'C2', 'R2', 'S2', 'Y1', 'X1', 'Z1', 'C1', 'R1', 'S1', 'Y0', 'X0', 'Z0', 'C0', 'R0', 'S0'], elements=[] (len=0)
['C1', 'Y1', 'R1', 'X1', 'S1']
['C2', 'Y2', 'R2', 'X2', 'S2']
['C3', 'Y3', 'R3', 'X3', 'S3']
['C4', 'Y4', 'R4', 'X4', 'S4']
['C5', 'Y5', 'R5', 'X5', 'S5']
['C6', 'Y6', 'R6', 'X6', 'S6']
['C7', 'P', 'R7', 'Q', 'S7']
DEBUG interleave: START - Called from breadthfirst_local.py:600 in optimizeDataflows()
                       array=['P', 'Q', 'Z7', 'C7', 'R7', 'S7', 'Y6', 'X6', 'Z6', 'C6', 'R6', 'S6', 'Y5', 'X5', 'Z5', 'C5', 'R5', 'S5', 'Y4', 'X4', 'Z4', 'C4', 'R4', 'S4', 'Y3', 'X3', 'Z3', 'C3', 'R3', 'S3', 'Y2', 'X2', 'Z2', 'C2', 'R2', 'S2', 'Y1', 'X1', 'Z1', 'C1', 'R1', 'S1', 'Y0', 'X0', 'Z0', 'C0', 'R0', 'S0'], elements=[] (len=0)
['C1', 'Y1', 'R1', 'X1', 'S1']
['C2', 'Y2', 'R2', 'X2', 'S2']
['C3', 'Y3', 'R3', 'X3', 'S3']
['C4', 'Y4', 'R4', 'X4', 'S4']
['C5', 'Y5', 'R5', 'X5', 'S5']
['C6', 'Y6', 'R6', 'X6', 'S6']
['C7', 'P', 'R7', 'Q', 'S7']
DEBUG interleave: START - Called from breadthfirst_local.py:600 in optimizeDataflows()
                       array=['P', 'Q', 'Z7', 'C7', 'R7', 'S7', 'Y6', 'X6', 'Z6', 'C6', 'R6', 'S6', 'Y5', 'X5', 'Z5', 'C5', 'R5', 'S5', 'Y4', 'X4', 'Z4', 'C4', 'R4', 'S4', 'Y3', 'X3', 'Z3', 'C3', 'R3', 'S3', 'Y2', 'X2', 'Z2', 'C2', 'R2', 'S2', 'Y1', 'X1', 'Z1', 'C1', 'R1', 'S1', 'Y0', 'X0', 'Z0', 'C0', 'R0', 'S0'], elements=[] (len=0)
['C1', 'Y1', 'R1', 'X1', 'S1']
['C2', 'Y2', 'R2', 'X2', 'S2']
['C3', 'Y3', 'R3', 'X3', 'S3']
['C4', 'Y4', 'R4', 'X4', 'S4']
['C5', 'Y5', 'R5', 'X5', 'S5']
['C6', 'Y6', 'R6', 'X6', 'S6']
['C7', 'P', 'R7', 'Q', 'S7']
DEBUG interleave: START - Called from breadthfirst_local.py:600 in optimizeDataflows()
                       array=['P', 'Q', 'Z7', 'C7', 'R7', 'S7', 'Y6', 'X6', 'Z6', 'C6', 'R6', 'S6', 'Y5', 'X5', 'Z5', 'C5', 'R5', 'S5', 'Y4', 'X4', 'Z4', 'C4', 'R4', 'S4', 'Y3', 'X3', 'Z3', 'C3', 'R3', 'S3', 'Y2', 'X2', 'Z2', 'C2', 'R2', 'S2', 'Y1', 'X1', 'Z1', 'C1', 'R1', 'S1', 'Y0', 'X0', 'Z0', 'C0', 'R0', 'S0'], elements=[] (len=0)
['C1', 'Y1', 'R1', 'X1', 'S1']
['C2', 'Y2', 'R2', 'X2', 'S2']
['C3', 'Y3', 'R3', 'X3', 'S3']
['C4', 'Y4', 'R4', 'X4', 'S4']
['C5', 'Y5', 'R5', 'X5', 'S5']
['C6', 'Y6', 'R6', 'X6', 'S6']
['C7', 'P', 'R7', 'Q', 'S7']
-------- factorFlow -------- CIAO
Arch after initialization:
tile_sizes[dim]: [240, 5], self._dim_products[dim]: [4, 1]
input_FC_size distinct: 11520
Input FC size: 11520

Input size: 1573248

Output size: 8294400

Weight size: 18792

Intermediate input size: 89477216
Total intermediate size (input + output): 0

input_size: 1573248, output_size: 8294400, weight_size: 18792, intermediate_size: 0
Total mem footprint: 9897960



tile_sizes[dim]: [120, 5], self._dim_products[dim]: [2, 1]
input_FC_size distinct: 2880
Input FC size: 2880

Input size: 3660

Output size: 3840

Weight size: 0

Intermediate input size: 91824
Total intermediate size (input + output): 133104

input_size: 3660, output_size: 3840, weight_size: 0, intermediate_size: 133104
Total mem footprint: 143485



tile_sizes[dim]: [240, 5], self._dim_products[dim]: [4, 1]
input_FC_size distinct: 11520
Input FC size: 11520

Input size: 1573248

Output size: 8294400

Weight size: 18792

Intermediate input size: 89477216
Total intermediate size (input + output): 0

input_size: 1573248, output_size: 8294400, weight_size: 18792, intermediate_size: 0
Total mem footprint: 9897960



tile_sizes[dim]: [120, 5], self._dim_products[dim]: [2, 1]
input_FC_size distinct: 2880
Input FC size: 2880

Input size: 3660

Output size: 3840

Weight size: 0

Intermediate input size: 91824
Total intermediate size (input + output): 133104

input_size: 3660, output_size: 3840, weight_size: 0, intermediate_size: 133104
Total mem footprint: 143485



tile_sizes[dim]: [120, 5], self._dim_products[dim]: [2, 1]
input_FC_size distinct: 2880
Input FC size: 2880

Input size: 3660

Output size: 3840

Weight size: 0

Intermediate input size: 91824
Total intermediate size (input + output): 133104

input_size: 3660, output_size: 3840, weight_size: 0, intermediate_size: 133104
Total mem footprint: 143485




================================================================================
MEMORY CONSTRAINT VIOLATION DEBUG - Level: GlobalBuffer
================================================================================
Memory footprint: 143,485 bytes
Memory available: 131,072 bytes
Overflow: 12,413 bytes

Full architecture mapping:
  DRAM: P:540, Q:4, Y6:540, X6:4, Y5:540, X5:4, Y4:540, X4:4, Y3:540, X3:4, Y2:540, X2:4, Y1:540, X1:4, Y0:540, X0:4
  GlobalBuffer: Q:2, X6:2, X5:2, X4:2, X3:2, X2:2, X1:2, X0:2
  SACols: Q:120
  SARows: S7:3, C7:4
  SACols_6: X6:120
  SARows_6: C6:12
  SACols_5: X5:120
  SARows_5: S5:3, C5:4
  SACols_4: X4:120
  SARows_4: S4:3, C4:4
  SACols_3: X3:120
  SARows_3: S3:3, C3:4
  SACols_2: X2:120
  SARows_2: S2:3, C2:4
  SACols_1: X1:120
  SARows_1: C1:14
  SACols_0: X0:120
  SARows_0: S0:5, C0:3
  WRegister: C7:14, R7:3, C5:3, R5:3, C4:3, R4:3, C3:3, R3:3, C2:3, R2:3, C1:4, R0:5
  IntermediateRegister: Z6:56, Z5:12, Z4:12, Z3:12, Z2:12, Z1:12, Z0:56
  OutRegister: Z7:16
================================================================================

tile_sizes[dim]: [1, 1], self._dim_products[dim]: [1, 1]
input_FC_size distinct: 4
Input FC size: 4

Input size: 5

Output size: 0

Weight size: 0

Intermediate input size: 83
Total intermediate size (input + output): 83

input_size: 5, output_size: 0, weight_size: 0, intermediate_size: 83
Total mem footprint: 93



tile_sizes[dim]: [1, 1], self._dim_products[dim]: [1, 1]
input_FC_size distinct: 4
Input FC size: 4

Input size: 5

Output size: 0

Weight size: 0

Intermediate input size: 83
Total intermediate size (input + output): 83

input_size: 5, output_size: 0, weight_size: 0, intermediate_size: 83
Total mem footprint: 93




================================================================================
MEMORY CONSTRAINT VIOLATION DEBUG - Level: InRegister
================================================================================
Memory footprint: 93 bytes
Memory available: 64 bytes
Overflow: 29 bytes

Full architecture mapping:
  DRAM: P:540, Q:4, Y6:540, X6:4, Y5:540, X5:4, Y4:540, X4:4, Y3:540, X3:4, Y2:540, X2:4, Y1:540, X1:4, Y0:540, X0:4
Traceback (most recent call last):
  File "/home/matteo/Desktop/FactorFlow_LayerFusion/experiment_runner.py", line 3836, in run_single_experiment
    edp, mops, energy, latency, utilization, mapping_time, final_arch = run_engine(
  File "/home/matteo/Desktop/FactorFlow_LayerFusion/engine.py", line 79, in run_engine
    raise e
  File "/home/matteo/Desktop/FactorFlow_LayerFusion/engine.py", line 68, in run_engine
    arch, wart = optimizeDataflows(arch, comp, bias_read, verbose = Settings.VERBOSE)
  File "/home/matteo/Desktop/FactorFlow_LayerFusion/mappers/breadthfirst_local.py", line 637, in optimizeDataflows
    arch, wart, moves = factorFlow(arch, comp, bias_read, verbose)
  File "/home/matteo/Desktop/FactorFlow_LayerFusion/mappers/breadthfirst_local.py", line 329, in factorFlow
    assert arch.checkFactorsConstraints() and arch.checkDataflowConstraints(), ("Ill-posed constraints:" if not already_initialized else "Improperly initialized arch:") + f"\n{arch.logConstraintsViolations()}"
AssertionError: Ill-posed constraints:
CONSTRAINTS VIOLATION: Arch: Eyeriss_Constrained_8L_tile240_128x16 -> Level: GlobalBuffer: memory footprint: 143485 VS memory available: 131072
CONSTRAINTS VIOLATION: Arch: Eyeriss_Constrained_8L_tile240_128x16 -> Level: InRegister: memory footprint: 93 VS memory available: 64
CONSTRAINTS VIOLATION: Arch: Eyeriss_Constrained_8L_tile240_128x16 -> Level: WRegister: memory footprint: 1488 VS memory available: 500
  GlobalBuffer: Q:2, X6:2, X5:2, X4:2, X3:2, X2:2, X1:2, X0:2
  SACols: Q:120
  SARows: S7:3, C7:4
  SACols_6: X6:120
  SARows_6: C6:12
  SACols_5: X5:120
  SARows_5: S5:3, C5:4
  SACols_4: X4:120
  SARows_4: S4:3, C4:4
  SACols_3: X3:120
  SARows_3: S3:3, C3:4
  SACols_2: X2:120
  SARows_2: S2:3, C2:4
  SACols_1: X1:120
  SARows_1: C1:14
  SACols_0: X0:120
  SARows_0: S0:5, C0:3
  WRegister: C7:14, R7:3, C5:3, R5:3, C4:3, R4:3, C3:3, R3:3, C2:3, R2:3, C1:4, R0:5
  IntermediateRegister: Z6:56, Z5:12, Z4:12, Z3:12, Z2:12, Z1:12, Z0:56
  OutRegister: Z7:16
================================================================================

tile_sizes[dim]: [1, 1], self._dim_products[dim]: [1, 1]
input_FC_size distinct: 0
Input FC size: 0

Input size: 0

Output size: 0

Weight size: 1488

Intermediate input size: 83
Total intermediate size (input + output): 0

input_size: 0, output_size: 0, weight_size: 1488, intermediate_size: 0
Total mem footprint: 1488



tile_sizes[dim]: [1, 1], self._dim_products[dim]: [1, 1]
input_FC_size distinct: 0
Input FC size: 0

Input size: 0

Output size: 0

Weight size: 1488

Intermediate input size: 83
Total intermediate size (input + output): 0

input_size: 0, output_size: 0, weight_size: 1488, intermediate_size: 0
Total mem footprint: 1488




================================================================================
MEMORY CONSTRAINT VIOLATION DEBUG - Level: WRegister
================================================================================
Memory footprint: 1,488 bytes
Memory available: 500 bytes
Overflow: 988 bytes

Full architecture mapping:
  DRAM: P:540, Q:4, Y6:540, X6:4, Y5:540, X5:4, Y4:540, X4:4, Y3:540, X3:4, Y2:540, X2:4, Y1:540, X1:4, Y0:540, X0:4
  GlobalBuffer: Q:2, X6:2, X5:2, X4:2, X3:2, X2:2, X1:2, X0:2
  SACols: Q:120
  SARows: S7:3, C7:4
  SACols_6: X6:120
  SARows_6: C6:12
  SACols_5: X5:120
  SARows_5: S5:3, C5:4
  SACols_4: X4:120
  SARows_4: S4:3, C4:4
  SACols_3: X3:120
  SARows_3: S3:3, C3:4
  SACols_2: X2:120
  SARows_2: S2:3, C2:4
  SACols_1: X1:120
  SARows_1: C1:14
  SACols_0: X0:120
  SARows_0: S0:5, C0:3
  WRegister: C7:14, R7:3, C5:3, R5:3, C4:3, R4:3, C3:3, R3:3, C2:3, R2:3, C1:4, R0:5
  IntermediateRegister: Z6:56, Z5:12, Z4:12, Z3:12, Z2:12, Z1:12, Z0:56
  OutRegister: Z7:16
================================================================================

tile_sizes[dim]: [1, 1], self._dim_products[dim]: [1, 1]
input_FC_size distinct: 0
Input FC size: 0

Input size: 0

Output size: 0

Weight size: 0

Intermediate input size: 7
Total intermediate size (input + output): 172

input_size: 0, output_size: 0, weight_size: 0, intermediate_size: 172
Total mem footprint: 172



tile_sizes[dim]: [1, 1], self._dim_products[dim]: [1, 1]
input_FC_size distinct: 0
Input FC size: 0

Input size: 0

Output size: 16

Weight size: 0

Intermediate input size: 7
Total intermediate size (input + output): 0

input_size: 0, output_size: 16, weight_size: 0, intermediate_size: 0
Total mem footprint: 16



  ✗ Failed: Ill-posed constraints:
CONSTRAINTS VIOLATION: Arch...

[PE=32x64] Running experiment...
------ loading Accelergy for Eyeriss ------
[Constrained Eyeriss] 8 layers, tile_size=240
  DRAM: {'Q': 4, 'P': 540, 'X0': 4, 'Y0': 540, 'Z0': 1, 'C0': 1, 'R0': 1, 'S0': 1, 'X1': 4, 'Y1': 540, 'Z1': 1, 'C1': 1, 'R1': 1, 'S1': 1, 'X2': 4, 'Y2': 540, 'Z2': 1, 'C2': 1, 'R2': 1, 'S2': 1, 'X3': 4, 'Y3': 540, 'Z3': 1, 'C3': 1, 'R3': 1, 'S3': 1, 'X4': 4, 'Y4': 540, 'Z4': 1, 'C4': 1, 'R4': 1, 'S4': 1, 'X5': 4, 'Y5': 540, 'Z5': 1, 'C5': 1, 'R5': 1, 'S5': 1, 'X6': 4, 'Y6': 540, 'Z6': 1, 'C6': 1, 'R6': 1, 'S6': 1, 'Z7': 1, 'C7': 1, 'R7': 1, 'S7': 1}
  GlobalBuffer: {'Q': 4, 'P': 1, 'X0': 4, 'Y0': 1, 'Z0': 1, 'C0': 1, 'R0': 1, 'S0': 1, 'X1': 4, 'Y1': 1, 'Z1': 1, 'C1': 1, 'R1': 1, 'S1': 1, 'X2': 4, 'Y2': 1, 'Z2': 1, 'C2': 1, 'R2': 1, 'S2': 1, 'X3': 4, 'Y3': 1, 'Z3': 1, 'C3': 1, 'R3': 1, 'S3': 1, 'X4': 4, 'Y4': 1, 'Z4': 1, 'C4': 1, 'R4': 1, 'S4': 1, 'X5': 4, 'Y5': 1, 'Z5': 1, 'C5': 1, 'R5': 1, 'S5': 1, 'X6': 4, 'Y6': 1, 'Z6': 1, 'C6': 1, 'R6': 1, 'S6': 1, 'Z7': 1, 'C7': 1, 'R7': 1, 'S7': 1}
  SACols: {'Q': 60, 'Z7': 1}
  SARows_0: {'S0': 5, 'C0': 3, 'Z0': 2}
  SARows_1: {'S1': 1, 'C1': 28, 'Z1': 1}
  SARows_2: {'S2': 3, 'C2': 6, 'Z2': 1}
  SARows_3: {'S3': 3, 'C3': 6, 'Z3': 1}
  SARows_4: {'S4': 3, 'C4': 6, 'Z4': 1}
  SARows_5: {'S5': 3, 'C5': 6, 'Z5': 1}
  SARows_6: {'S6': 1, 'C6': 12, 'Z6': 2}
  SARows_7: {'S7': 3, 'C7': 8, 'Z7': 1}
Creating architecture: Eyeriss_Constrained_8L_tile240_64x32 with coupling: dims: C0Y0X0R0S0Z0C1R1S1Y1X1Z1C2R2S2Y2X2Z2C3R3S3Y3X3Z3C4R4S4Y4X4Z4C5R5S5Y5X5Z5C6R6S6Y6X6Z6C7R7S7PQZ7, in_coupling: [C0][Y0+R0][X0+S0], w_coupling: W0: [Z0][C0][R0][S0],W1: [Z1][C1][R1][S1],W2: [Z2][C2][R2][S2],W3: [Z3][C3][R3][S3],W4: [Z4][C4][R4][S4],W5: [Z5][C5][R5][S5],W6: [Z6][C6][R6][S6],W7: [Z7][C7][R7][S7],, out_coupling: [Z7][P][Q]
final_layer_dims: {'C7', 'P', 'X0', 'Y0', 'R0', 'C0', 'S0', 'Z7', 'R7', 'Q', 'S7'}, coupling.dims: ['C0', 'Y0', 'X0', 'R0', 'S0', 'Z0', 'C1', 'R1', 'S1', 'Y1', 'X1', 'Z1', 'C2', 'R2', 'S2', 'Y2', 'X2', 'Z2', 'C3', 'R3', 'S3', 'Y3', 'X3', 'Z3', 'C4', 'R4', 'S4', 'Y4', 'X4', 'Z4', 'C5', 'R5', 'S5', 'Y5', 'X5', 'Z5', 'C6', 'R6', 'S6', 'Y6', 'X6', 'Z6', 'C7', 'R7', 'S7', 'P', 'Q', 'Z7']
INFO: Arch: Eyeriss_Constrained_8L_tile240_64x32: identified intermediate dimensions: {'Y2', 'C1', 'R5', 'Z6', 'C6', 'X1', 'Z1', 'Y4', 'X6', 'C3', 'R4', 'R3', 'Y3', 'X3', 'S1', 'S6', 'Z4', 'Z0', 'R2', 'Y6', 'Z3', 'C5', 'S2', 'S4', 'C4', 'R6', 'C2', 'Z2', 'R1', 'X5', 'X2', 'Y1', 'Z5', 'S3', 'X4', 'Y5', 'S5'}
INFO: Added high constraint for intermediate dimension P in level InRegister
INFO: Added high constraint for intermediate dimension R1 in level InRegister
INFO: Added high constraint for intermediate dimension P in level WRegister
INFO: Added high constraint for intermediate dimension R1 in level WRegister
INFO: Added high constraint for intermediate dimension P in level IntermediateRegister
INFO: Added high constraint for intermediate dimension R1 in level IntermediateRegister
INFO: Added high constraint for intermediate dimension P in level OutRegister
INFO: Added high constraint for intermediate dimension R1 in level OutRegister
Starting engine with mapper: breadthfirst_local

WARNING: running on a Python version without free-threading (GIL enabled), this program relies heavily on true multithreading, thus expect a severe performance hit with your current setup. Consider updating to Python 3.13t or newer.
INFO: running multithreaded with THREADS_COUNT = 8

DEBUG interleave: START - Called from breadthfirst_local.py:600 in optimizeDataflows()
                       array=['P', 'Q', 'Z7', 'C7', 'R7', 'S7', 'Y6', 'X6', 'Z6', 'C6', 'R6', 'S6', 'Y5', 'X5', 'Z5', 'C5', 'R5', 'S5', 'Y4', 'X4', 'Z4', 'C4', 'R4', 'S4', 'Y3', 'X3', 'Z3', 'C3', 'R3', 'S3', 'Y2', 'X2', 'Z2', 'C2', 'R2', 'S2', 'Y1', 'X1', 'Z1', 'C1', 'R1', 'S1', 'Y0', 'X0', 'Z0', 'C0', 'R0', 'S0'], elements=[] (len=0)
['C1', 'Y1', 'R1', 'X1', 'S1']
['C2', 'Y2', 'R2', 'X2', 'S2']
['C3', 'Y3', 'R3', 'X3', 'S3']
['C4', 'Y4', 'R4', 'X4', 'S4']
['C5', 'Y5', 'R5', 'X5', 'S5']
['C6', 'Y6', 'R6', 'X6', 'S6']
['C7', 'P', 'R7', 'Q', 'S7']
DEBUG interleave: START - Called from breadthfirst_local.py:600 in optimizeDataflows()
                       array=['P', 'Q', 'Z7', 'C7', 'R7', 'S7', 'Y6', 'X6', 'Z6', 'C6', 'R6', 'S6', 'Y5', 'X5', 'Z5', 'C5', 'R5', 'S5', 'Y4', 'X4', 'Z4', 'C4', 'R4', 'S4', 'Y3', 'X3', 'Z3', 'C3', 'R3', 'S3', 'Y2', 'X2', 'Z2', 'C2', 'R2', 'S2', 'Y1', 'X1', 'Z1', 'C1', 'R1', 'S1', 'Y0', 'X0', 'Z0', 'C0', 'R0', 'S0'], elements=[] (len=0)
['C1', 'Y1', 'R1', 'X1', 'S1']
['C2', 'Y2', 'R2', 'X2', 'S2']
['C3', 'Y3', 'R3', 'X3', 'S3']
['C4', 'Y4', 'R4', 'X4', 'S4']
['C5', 'Y5', 'R5', 'X5', 'S5']
['C6', 'Y6', 'R6', 'X6', 'S6']
['C7', 'P', 'R7', 'Q', 'S7']
DEBUG interleave: START - Called from breadthfirst_local.py:600 in optimizeDataflows()
Traceback (most recent call last):
  File "/home/matteo/Desktop/FactorFlow_LayerFusion/experiment_runner.py", line 3836, in run_single_experiment
    edp, mops, energy, latency, utilization, mapping_time, final_arch = run_engine(
  File "/home/matteo/Desktop/FactorFlow_LayerFusion/engine.py", line 79, in run_engine
    raise e
  File "/home/matteo/Desktop/FactorFlow_LayerFusion/engine.py", line 68, in run_engine
    arch, wart = optimizeDataflows(arch, comp, bias_read, verbose = Settings.VERBOSE)
  File "/home/matteo/Desktop/FactorFlow_LayerFusion/mappers/breadthfirst_local.py", line 637, in optimizeDataflows
    arch, wart, moves = factorFlow(arch, comp, bias_read, verbose)
  File "/home/matteo/Desktop/FactorFlow_LayerFusion/mappers/breadthfirst_local.py", line 329, in factorFlow
    assert arch.checkFactorsConstraints() and arch.checkDataflowConstraints(), ("Ill-posed constraints:" if not already_initialized else "Improperly initialized arch:") + f"\n{arch.logConstraintsViolations()}"
AssertionError: Ill-posed constraints:
CONSTRAINTS VIOLATION: Arch: Eyeriss_Constrained_8L_tile240_64x32 -> Level: GlobalBuffer: memory footprint: 143485 VS memory available: 131072
CONSTRAINTS VIOLATION: Arch: Eyeriss_Constrained_8L_tile240_64x32 -> Level: WRegister: memory footprint: 816 VS memory available: 500
                       array=['P', 'Q', 'Z7', 'C7', 'R7', 'S7', 'Y6', 'X6', 'Z6', 'C6', 'R6', 'S6', 'Y5', 'X5', 'Z5', 'C5', 'R5', 'S5', 'Y4', 'X4', 'Z4', 'C4', 'R4', 'S4', 'Y3', 'X3', 'Z3', 'C3', 'R3', 'S3', 'Y2', 'X2', 'Z2', 'C2', 'R2', 'S2', 'Y1', 'X1', 'Z1', 'C1', 'R1', 'S1', 'Y0', 'X0', 'Z0', 'C0', 'R0', 'S0'], elements=[] (len=0)
['C1', 'Y1', 'R1', 'X1', 'S1']
['C2', 'Y2', 'R2', 'X2', 'S2']
['C3', 'Y3', 'R3', 'X3', 'S3']
['C4', 'Y4', 'R4', 'X4', 'S4']
['C5', 'Y5', 'R5', 'X5', 'S5']
['C6', 'Y6', 'R6', 'X6', 'S6']
['C7', 'P', 'R7', 'Q', 'S7']
DEBUG interleave: START - Called from breadthfirst_local.py:600 in optimizeDataflows()
                       array=['P', 'Q', 'Z7', 'C7', 'R7', 'S7', 'Y6', 'X6', 'Z6', 'C6', 'R6', 'S6', 'Y5', 'X5', 'Z5', 'C5', 'R5', 'S5', 'Y4', 'X4', 'Z4', 'C4', 'R4', 'S4', 'Y3', 'X3', 'Z3', 'C3', 'R3', 'S3', 'Y2', 'X2', 'Z2', 'C2', 'R2', 'S2', 'Y1', 'X1', 'Z1', 'C1', 'R1', 'S1', 'Y0', 'X0', 'Z0', 'C0', 'R0', 'S0'], elements=[] (len=0)
['C1', 'Y1', 'R1', 'X1', 'S1']
['C2', 'Y2', 'R2', 'X2', 'S2']
['C3', 'Y3', 'R3', 'X3', 'S3']
['C4', 'Y4', 'R4', 'X4', 'S4']
['C5', 'Y5', 'R5', 'X5', 'S5']
['C6', 'Y6', 'R6', 'X6', 'S6']
['C7', 'P', 'R7', 'Q', 'S7']
DEBUG interleave: START - Called from breadthfirst_local.py:600 in optimizeDataflows()
                       array=['P', 'Q', 'Z7', 'C7', 'R7', 'S7', 'Y6', 'X6', 'Z6', 'C6', 'R6', 'S6', 'Y5', 'X5', 'Z5', 'C5', 'R5', 'S5', 'Y4', 'X4', 'Z4', 'C4', 'R4', 'S4', 'Y3', 'X3', 'Z3', 'C3', 'R3', 'S3', 'Y2', 'X2', 'Z2', 'C2', 'R2', 'S2', 'Y1', 'X1', 'Z1', 'C1', 'R1', 'S1', 'Y0', 'X0', 'Z0', 'C0', 'R0', 'S0'], elements=[] (len=0)
['C1', 'Y1', 'R1', 'X1', 'S1']
['C2', 'Y2', 'R2', 'X2', 'S2']
['C3', 'Y3', 'R3', 'X3', 'S3']
['C4', 'Y4', 'R4', 'X4', 'S4']
['C5', 'Y5', 'R5', 'X5', 'S5']
['C6', 'Y6', 'R6', 'X6', 'S6']
['C7', 'P', 'R7', 'Q', 'S7']
DEBUG interleave: START - Called from breadthfirst_local.py:600 in optimizeDataflows()
                       array=['P', 'Q', 'Z7', 'C7', 'R7', 'S7', 'Y6', 'X6', 'Z6', 'C6', 'R6', 'S6', 'Y5', 'X5', 'Z5', 'C5', 'R5', 'S5', 'Y4', 'X4', 'Z4', 'C4', 'R4', 'S4', 'Y3', 'X3', 'Z3', 'C3', 'R3', 'S3', 'Y2', 'X2', 'Z2', 'C2', 'R2', 'S2', 'Y1', 'X1', 'Z1', 'C1', 'R1', 'S1', 'Y0', 'X0', 'Z0', 'C0', 'R0', 'S0'], elements=[] (len=0)
['C1', 'Y1', 'R1', 'X1', 'S1']
['C2', 'Y2', 'R2', 'X2', 'S2']
['C3', 'Y3', 'R3', 'X3', 'S3']
['C4', 'Y4', 'R4', 'X4', 'S4']
['C5', 'Y5', 'R5', 'X5', 'S5']
['C6', 'Y6', 'R6', 'X6', 'S6']
['C7', 'P', 'R7', 'Q', 'S7']
-------- factorFlow -------- CIAO
Arch after initialization:
tile_sizes[dim]: [240, 5], self._dim_products[dim]: [4, 1]
input_FC_size distinct: 11520
Input FC size: 11520

Input size: 1573248

Output size: 8294400

Weight size: 18792

Intermediate input size: 89477216
Total intermediate size (input + output): 0

input_size: 1573248, output_size: 8294400, weight_size: 18792, intermediate_size: 0
Total mem footprint: 9897960



tile_sizes[dim]: [60, 5], self._dim_products[dim]: [4, 1]
input_FC_size distinct: 2880
Input FC size: 2880

Input size: 3660

Output size: 3840

Weight size: 0

Intermediate input size: 91824
Total intermediate size (input + output): 133104

input_size: 3660, output_size: 3840, weight_size: 0, intermediate_size: 133104
Total mem footprint: 143485



tile_sizes[dim]: [240, 5], self._dim_products[dim]: [4, 1]
input_FC_size distinct: 11520
Input FC size: 11520

Input size: 1573248

Output size: 8294400

Weight size: 18792

Intermediate input size: 89477216
Total intermediate size (input + output): 0

input_size: 1573248, output_size: 8294400, weight_size: 18792, intermediate_size: 0
Total mem footprint: 9897960



tile_sizes[dim]: [60, 5], self._dim_products[dim]: [4, 1]
input_FC_size distinct: 2880
Input FC size: 2880

Input size: 3660

Output size: 3840

Weight size: 0

Intermediate input size: 91824
Total intermediate size (input + output): 133104

input_size: 3660, output_size: 3840, weight_size: 0, intermediate_size: 133104
Total mem footprint: 143485



tile_sizes[dim]: [60, 5], self._dim_products[dim]: [4, 1]
input_FC_size distinct: 2880
Input FC size: 2880

Input size: 3660

Output size: 3840

Weight size: 0

Intermediate input size: 91824
Total intermediate size (input + output): 133104

input_size: 3660, output_size: 3840, weight_size: 0, intermediate_size: 133104
Total mem footprint: 143485




================================================================================
MEMORY CONSTRAINT VIOLATION DEBUG - Level: GlobalBuffer
================================================================================
Memory footprint: 143,485 bytes
Memory available: 131,072 bytes
Overflow: 12,413 bytes

Full architecture mapping:
  DRAM: P:540, Q:4, Y6:540, X6:4, Y5:540, X5:4, Y4:540, X4:4, Y3:540, X3:4, Y2:540, X2:4, Y1:540, X1:4, Y0:540, X0:4
  GlobalBuffer: Q:4, X6:4, X5:4, X4:4, X3:4, X2:4, X1:4, X0:4
  SACols: Q:60
  SARows: S7:3, C7:8
  SACols_6: X6:60
  SARows_6: C6:12, Z6:2
  SACols_5: X5:60
  SARows_5: S5:3, C5:6
  SACols_4: X4:60
  SARows_4: S4:3, C4:6
  SACols_3: X3:60
  SARows_3: S3:3, C3:6
  SACols_2: X2:60
  SARows_2: S2:3, C2:6
  SACols_1: X1:60
  SARows_1: C1:28
  SACols_0: X0:60
  SARows_0: S0:5, C0:3, Z0:2
  WRegister: C7:7, R7:3, C5:2, R5:3, C4:2, R4:3, C3:2, R3:3, C2:2, R2:3, C1:2, R0:5
  IntermediateRegister: Z6:28, Z5:12, Z4:12, Z3:12, Z2:12, Z1:12, Z0:28
  OutRegister: Z7:16
================================================================================

tile_sizes[dim]: [1, 1], self._dim_products[dim]: [1, 1]
input_FC_size distinct: 4
Input FC size: 4

Input size: 5

Output size: 0

Weight size: 0

Intermediate input size: 48
Total intermediate size (input + output): 48

input_size: 5, output_size: 0, weight_size: 0, intermediate_size: 48
Total mem footprint: 58



tile_sizes[dim]: [1, 1], self._dim_products[dim]: [1, 1]
input_FC_size distinct: 0
Input FC size: 0

Input size: 0

Output size: 0

Weight size: 816

Intermediate input size: 48
Total intermediate size (input + output): 0

input_size: 0, output_size: 0, weight_size: 816, intermediate_size: 0
Total mem footprint: 816



tile_sizes[dim]: [1, 1], self._dim_products[dim]: [1, 1]
input_FC_size distinct: 0
Input FC size: 0

Input size: 0

Output size: 0

Weight size: 816

Intermediate input size: 48
Total intermediate size (input + output): 0

input_size: 0, output_size: 0, weight_size: 816, intermediate_size: 0
Total mem footprint: 816




================================================================================
MEMORY CONSTRAINT VIOLATION DEBUG - Level: WRegister
================================================================================
Memory footprint: 816 bytes
Memory available: 500 bytes
Overflow: 316 bytes

Full architecture mapping:
  DRAM: P:540, Q:4, Y6:540, X6:4, Y5:540, X5:4, Y4:540, X4:4, Y3:540, X3:4, Y2:540, X2:4, Y1:540, X1:4, Y0:540, X0:4
  GlobalBuffer: Q:4, X6:4, X5:4, X4:4, X3:4, X2:4, X1:4, X0:4
  SACols: Q:60
  SARows: S7:3, C7:8
  SACols_6: X6:60
  SARows_6: C6:12, Z6:2
  SACols_5: X5:60
  SARows_5: S5:3, C5:6
  SACols_4: X4:60
  SARows_4: S4:3, C4:6
  SACols_3: X3:60
  SARows_3: S3:3, C3:6
  SACols_2: X2:60
  SARows_2: S2:3, C2:6
  SACols_1: X1:60
  SARows_1: C1:28
  SACols_0: X0:60
  SARows_0: S0:5, C0:3, Z0:2
  WRegister: C7:7, R7:3, C5:2, R5:3, C4:2, R4:3, C3:2, R3:3, C2:2, R2:3, C1:2, R0:5
  IntermediateRegister: Z6:28, Z5:12, Z4:12, Z3:12, Z2:12, Z1:12, Z0:28
  OutRegister: Z7:16
================================================================================

tile_sizes[dim]: [1, 1], self._dim_products[dim]: [1, 1]
input_FC_size distinct: 0
Input FC size: 0

Input size: 0

Output size: 0

Weight size: 0

Intermediate input size: 7
Total intermediate size (input + output): 116

input_size: 0, output_size: 0, weight_size: 0, intermediate_size: 116
Total mem footprint: 116



tile_sizes[dim]: [1, 1], self._dim_products[dim]: [1, 1]
input_FC_size distinct: 0
Input FC size: 0

Input size: 0

Output size: 16

Weight size: 0

Intermediate input size: 7
Total intermediate size (input + output): 0

input_size: 0, output_size: 16, weight_size: 0, intermediate_size: 0
Total mem footprint: 16



  ✗ Failed: Ill-posed constraints:
CONSTRAINTS VIOLATION: Arch...

[PE=64x32] Running experiment...
------ loading Accelergy for Eyeriss ------
[Constrained Eyeriss] 8 layers, tile_size=240
  DRAM: {'Q': 4, 'P': 540, 'X0': 4, 'Y0': 540, 'Z0': 1, 'C0': 1, 'R0': 1, 'S0': 1, 'X1': 4, 'Y1': 540, 'Z1': 1, 'C1': 1, 'R1': 1, 'S1': 1, 'X2': 4, 'Y2': 540, 'Z2': 1, 'C2': 1, 'R2': 1, 'S2': 1, 'X3': 4, 'Y3': 540, 'Z3': 1, 'C3': 1, 'R3': 1, 'S3': 1, 'X4': 4, 'Y4': 540, 'Z4': 1, 'C4': 1, 'R4': 1, 'S4': 1, 'X5': 4, 'Y5': 540, 'Z5': 1, 'C5': 1, 'R5': 1, 'S5': 1, 'X6': 4, 'Y6': 540, 'Z6': 1, 'C6': 1, 'R6': 1, 'S6': 1, 'Z7': 1, 'C7': 1, 'R7': 1, 'S7': 1}
  GlobalBuffer: {'Q': 8, 'P': 1, 'X0': 8, 'Y0': 1, 'Z0': 1, 'C0': 1, 'R0': 1, 'S0': 1, 'X1': 8, 'Y1': 1, 'Z1': 1, 'C1': 1, 'R1': 1, 'S1': 1, 'X2': 8, 'Y2': 1, 'Z2': 1, 'C2': 1, 'R2': 1, 'S2': 1, 'X3': 8, 'Y3': 1, 'Z3': 1, 'C3': 1, 'R3': 1, 'S3': 1, 'X4': 8, 'Y4': 1, 'Z4': 1, 'C4': 1, 'R4': 1, 'S4': 1, 'X5': 8, 'Y5': 1, 'Z5': 1, 'C5': 1, 'R5': 1, 'S5': 1, 'X6': 8, 'Y6': 1, 'Z6': 1, 'C6': 1, 'R6': 1, 'S6': 1, 'Z7': 1, 'C7': 1, 'R7': 1, 'S7': 1}
  SACols: {'Q': 30, 'Z7': 1}
  SARows_0: {'S0': 5, 'C0': 3, 'Z0': 4}
  SARows_1: {'S1': 1, 'C1': 56, 'Z1': 1}
  SARows_2: {'S2': 3, 'C2': 12, 'Z2': 1}
  SARows_3: {'S3': 3, 'C3': 12, 'Z3': 1}
  SARows_4: {'S4': 3, 'C4': 12, 'Z4': 1}
  SARows_5: {'S5': 3, 'C5': 12, 'Z5': 1}
  SARows_6: {'S6': 1, 'C6': 12, 'Z6': 4}
  SARows_7: {'S7': 3, 'C7': 14, 'Z7': 1}
Creating architecture: Eyeriss_Constrained_8L_tile240_32x64 with coupling: dims: C0Y0X0R0S0Z0C1R1S1Y1X1Z1C2R2S2Y2X2Z2C3R3S3Y3X3Z3C4R4S4Y4X4Z4C5R5S5Y5X5Z5C6R6S6Y6X6Z6C7R7S7PQZ7, in_coupling: [C0][Y0+R0][X0+S0], w_coupling: W0: [Z0][C0][R0][S0],W1: [Z1][C1][R1][S1],W2: [Z2][C2][R2][S2],W3: [Z3][C3][R3][S3],W4: [Z4][C4][R4][S4],W5: [Z5][C5][R5][S5],W6: [Z6][C6][R6][S6],W7: [Z7][C7][R7][S7],, out_coupling: [Z7][P][Q]
final_layer_dims: {'C7', 'P', 'X0', 'Y0', 'R0', 'C0', 'S0', 'Z7', 'R7', 'Q', 'S7'}, coupling.dims: ['C0', 'Y0', 'X0', 'R0', 'S0', 'Z0', 'C1', 'R1', 'S1', 'Y1', 'X1', 'Z1', 'C2', 'R2', 'S2', 'Y2', 'X2', 'Z2', 'C3', 'R3', 'S3', 'Y3', 'X3', 'Z3', 'C4', 'R4', 'S4', 'Y4', 'X4', 'Z4', 'C5', 'R5', 'S5', 'Y5', 'X5', 'Z5', 'C6', 'R6', 'S6', 'Y6', 'X6', 'Z6', 'C7', 'R7', 'S7', 'P', 'Q', 'Z7']
INFO: Arch: Eyeriss_Constrained_8L_tile240_32x64: identified intermediate dimensions: {'Y2', 'C1', 'R5', 'Z6', 'C6', 'X1', 'Z1', 'Y4', 'X6', 'C3', 'R4', 'R3', 'Y3', 'X3', 'S1', 'S6', 'Z4', 'Z0', 'R2', 'Y6', 'Z3', 'C5', 'S2', 'S4', 'C4', 'R6', 'C2', 'Z2', 'R1', 'X5', 'X2', 'Y1', 'Z5', 'S3', 'X4', 'Y5', 'S5'}
INFO: Added high constraint for intermediate dimension P in level InRegister
INFO: Added high constraint for intermediate dimension R1 in level InRegister
INFO: Added high constraint for intermediate dimension P in level WRegister
INFO: Added high constraint for intermediate dimension R1 in level WRegister
INFO: Added high constraint for intermediate dimension P in level IntermediateRegister
INFO: Added high constraint for intermediate dimension R1 in level IntermediateRegister
INFO: Added high constraint for intermediate dimension P in level OutRegister
INFO: Added high constraint for intermediate dimension R1 in level OutRegister
Starting engine with mapper: breadthfirst_local

WARNING: running on a Python version without free-threading (GIL enabled), this program relies heavily on true multithreading, thus expect a severe performance hit with your current setup. Consider updating to Python 3.13t or newer.
INFO: running multithreaded with THREADS_COUNT = 8

DEBUG interleave: START - Called from breadthfirst_local.py:600 in optimizeDataflows()
                       array=['P', 'Q', 'Z7', 'C7', 'R7', 'S7', 'Y6', 'X6', 'Z6', 'C6', 'R6', 'S6', 'Y5', 'X5', 'Z5', 'C5', 'R5', 'S5', 'Y4', 'X4', 'Z4', 'C4', 'R4', 'S4', 'Y3', 'X3', 'Z3', 'C3', 'R3', 'S3', 'Y2', 'X2', 'Z2', 'C2', 'R2', 'S2', 'Y1', 'X1', 'Z1', 'C1', 'R1', 'S1', 'Y0', 'X0', 'Z0', 'C0', 'R0', 'S0'], elements=[] (len=0)
['C1', 'Y1', 'R1', 'X1', 'S1']
['C2', 'Y2', 'R2', 'X2', 'S2']
['C3', 'Y3', 'R3', 'X3', 'S3']
['C4', 'Y4', 'R4', 'X4', 'S4']
['C5', 'Y5', 'R5', 'X5', 'S5']
['C6', 'Y6', 'R6', 'X6', 'S6']
['C7', 'P', 'R7', 'Q', 'S7']
DEBUG interleave: START - Called from breadthfirst_local.py:600 in optimizeDataflows()
                       array=['P', 'Q', 'Z7', 'C7', 'R7', 'S7', 'Y6', 'X6', 'Z6', 'C6', 'R6', 'S6', 'Y5', 'X5', 'Z5', 'C5', 'R5', 'S5', 'Y4', 'X4', 'Z4', 'C4', 'R4', 'S4', 'Y3', 'X3', 'Z3', 'C3', 'R3', 'S3', 'Y2', 'X2', 'Z2', 'C2', 'R2', 'S2', 'Y1', 'X1', 'Z1', 'C1', 'R1', 'S1', 'Y0', 'X0', 'Z0', 'C0', 'R0', 'S0'], elements=[] (len=0)
['C1', 'Y1', 'R1', 'X1', 'S1']
['C2', 'Y2', 'R2', 'X2', 'S2']
['C3', 'Y3', 'R3', 'X3', 'S3']
['C4', 'Y4', 'R4', 'X4', 'S4']
['C5', 'Y5', 'R5', 'X5', 'S5']
['C6', 'Y6', 'R6', 'X6', 'S6']
['C7', 'P', 'R7', 'Q', 'S7']
DEBUG interleave: START - Called from breadthfirst_local.py:600 in optimizeDataflows()
                       array=['P', 'Q', 'Z7', 'C7', 'R7', 'S7', 'Y6', 'X6', 'Z6', 'C6', 'R6', 'S6', 'Y5', 'X5', 'Z5', 'C5', 'R5', 'S5', 'Y4', 'X4', 'Z4', 'C4', 'R4', 'S4', 'Y3', 'X3', 'Z3', 'C3', 'R3', 'S3', 'Y2', 'X2', 'Z2', 'C2', 'R2', 'S2', 'Y1', 'X1', 'Z1', 'C1', 'R1', 'S1', 'Y0', 'X0', 'Z0', 'C0', 'R0', 'S0'], elements=[] (len=0)
['C1', 'Y1', 'R1', 'X1', 'S1']
['C2', 'Y2', 'R2', 'X2', 'S2']
['C3', 'Y3', 'R3', 'X3', 'S3']
['C4', 'Y4', 'R4', 'X4', 'S4']
['C5', 'Y5', 'R5', 'X5', 'S5']
['C6', 'Y6', 'R6', 'X6', 'S6']
['C7', 'P', 'R7', 'Q', 'S7']
DEBUG interleave: START - Called from breadthfirst_local.py:600 in optimizeDataflows()
                       array=['P', 'Q', 'Z7', 'C7', 'R7', 'S7', 'Y6', 'X6', 'Z6', 'C6', 'R6', 'S6', 'Y5', 'X5', 'Z5', 'C5', 'R5', 'S5', 'Y4', 'X4', 'Z4', 'C4', 'R4', 'S4', 'Y3', 'X3', 'Z3', 'C3', 'R3', 'S3', 'Y2', 'X2', 'Z2', 'C2', 'R2', 'S2', 'Y1', 'X1', 'Z1', 'C1', 'R1', 'S1', 'Y0', 'X0', 'Z0', 'C0', 'R0', 'S0'], elements=[] (len=0)
['C1', 'Y1', 'R1', 'X1', 'S1']
['C2', 'Y2', 'R2', 'X2', 'S2']
['C3', 'Y3', 'R3', 'X3', 'S3']
['C4', 'Y4', 'R4', 'X4', 'S4']
['C5', 'Y5', 'R5', 'X5', 'S5']
['C6', 'Y6', 'R6', 'X6', 'S6']
['C7', 'P', 'R7', 'Q', 'S7']
DEBUG interleave: START - Called from breadthfirst_local.py:600 in optimizeDataflows()
                       array=['P', 'Q', 'Z7', 'C7', 'R7', 'S7', 'Y6', 'X6', 'Z6', 'C6', 'R6', 'S6', 'Y5', 'X5', 'Z5', 'C5', 'R5', 'S5', 'Y4', 'X4', 'Z4', 'C4', 'R4', 'S4', 'Y3', 'X3', 'Z3', 'C3', 'R3', 'S3', 'Y2', 'X2', 'Z2', 'C2', 'R2', 'S2', 'Y1', 'X1', 'Z1', 'C1', 'R1', 'S1', 'Y0', 'X0', 'Z0', 'C0', 'R0', 'S0'], elements=[] (len=0)
['C1', 'Y1', 'R1', 'X1', 'S1']
['C2', 'Y2', 'R2', 'X2', 'S2']
['C3', 'Y3', 'R3', 'X3', 'S3']
['C4', 'Y4', 'R4', 'X4', 'S4']
['C5', 'Y5', 'R5', 'X5', 'S5']
['C6', 'Y6', 'R6', 'X6', 'S6']
['C7', 'P', 'R7', 'Q', 'S7']
DEBUG interleave: START - Called from breadthfirst_local.py:600 in optimizeDataflows()
                       array=['P', 'Q', 'Z7', 'C7', 'R7', 'S7', 'Y6', 'X6', 'Z6', 'C6', 'R6', 'S6', 'Y5', 'X5', 'Z5', 'C5', 'R5', 'S5', 'Y4', 'X4', 'Z4', 'C4', 'R4', 'S4', 'Y3', 'X3', 'Z3', 'C3', 'R3', 'S3', 'Y2', 'X2', 'Z2', 'C2', 'R2', 'S2', 'Y1', 'X1', 'Z1', 'C1', 'R1', 'S1', 'Y0', 'X0', 'Z0', 'C0', 'R0', 'S0'], elements=[] (len=0)
['C1', 'Y1', 'R1', 'X1', 'S1']
['C2', 'Y2', 'R2', 'X2', 'S2']
['C3', 'Y3', 'R3', 'X3', 'S3']
['C4', 'Y4', 'R4', 'X4', 'S4']
['C5', 'Y5', 'R5', 'X5', 'S5']
['C6', 'Y6', 'R6', 'X6', 'S6']
['C7', 'P', 'R7', 'Q', 'S7']
-------- factorFlow -------- CIAO
Arch after initialization:
tile_sizes[dim]: [240, 5], self._dim_products[dim]: [4, 1]
input_FC_size distinct: 11520
Input FC size: 11520

Input size: 1573248

Output size: 8294400

Weight size: 18792

Intermediate input size: 89477216
Total intermediate size (input + output): 0

input_size: 1573248, output_size: 8294400, weight_size: 18792, intermediate_size: 0
Total mem footprint: 9897960



tile_sizes[dim]: [30, 5], self._dim_products[dim]: [8, 1]
input_FC_size distinct: 2880
Input FC size: 2880

Input size: 3660

Output size: 3840

Weight size: 0

Intermediate input size: 91824
Total intermediate size (input + output): 133104

input_size: 3660, output_size: 3840, weight_size: 0, intermediate_size: 133104
Total mem footprint: 143485



tile_sizes[dim]: [240, 5], self._dim_products[dim]: [4, 1]
input_FC_size distinct: 11520
Traceback (most recent call last):
  File "/home/matteo/Desktop/FactorFlow_LayerFusion/experiment_runner.py", line 3836, in run_single_experiment
    edp, mops, energy, latency, utilization, mapping_time, final_arch = run_engine(
  File "/home/matteo/Desktop/FactorFlow_LayerFusion/engine.py", line 79, in run_engine
    raise e
  File "/home/matteo/Desktop/FactorFlow_LayerFusion/engine.py", line 68, in run_engine
    arch, wart = optimizeDataflows(arch, comp, bias_read, verbose = Settings.VERBOSE)
  File "/home/matteo/Desktop/FactorFlow_LayerFusion/mappers/breadthfirst_local.py", line 637, in optimizeDataflows
    arch, wart, moves = factorFlow(arch, comp, bias_read, verbose)
  File "/home/matteo/Desktop/FactorFlow_LayerFusion/mappers/breadthfirst_local.py", line 329, in factorFlow
    assert arch.checkFactorsConstraints() and arch.checkDataflowConstraints(), ("Ill-posed constraints:" if not already_initialized else "Improperly initialized arch:") + f"\n{arch.logConstraintsViolations()}"
AssertionError: Ill-posed constraints:
CONSTRAINTS VIOLATION: Arch: Eyeriss_Constrained_8L_tile240_32x64 -> Level: GlobalBuffer: memory footprint: 143485 VS memory available: 131072
Input FC size: 11520

Input size: 1573248

Output size: 8294400

Weight size: 18792

Intermediate input size: 89477216
Total intermediate size (input + output): 0

input_size: 1573248, output_size: 8294400, weight_size: 18792, intermediate_size: 0
Total mem footprint: 9897960



tile_sizes[dim]: [30, 5], self._dim_products[dim]: [8, 1]
input_FC_size distinct: 2880
Input FC size: 2880

Input size: 3660

Output size: 3840

Weight size: 0

Intermediate input size: 91824
Total intermediate size (input + output): 133104

input_size: 3660, output_size: 3840, weight_size: 0, intermediate_size: 133104
Total mem footprint: 143485



tile_sizes[dim]: [30, 5], self._dim_products[dim]: [8, 1]
input_FC_size distinct: 2880
Input FC size: 2880

Input size: 3660

Output size: 3840

Weight size: 0

Intermediate input size: 91824
Total intermediate size (input + output): 133104

input_size: 3660, output_size: 3840, weight_size: 0, intermediate_size: 133104
Total mem footprint: 143485




================================================================================
MEMORY CONSTRAINT VIOLATION DEBUG - Level: GlobalBuffer
================================================================================
Memory footprint: 143,485 bytes
Memory available: 131,072 bytes
Overflow: 12,413 bytes

Full architecture mapping:
  DRAM: P:540, Q:4, Y6:540, X6:4, Y5:540, X5:4, Y4:540, X4:4, Y3:540, X3:4, Y2:540, X2:4, Y1:540, X1:4, Y0:540, X0:4
  GlobalBuffer: Q:8, X6:8, X5:8, X4:8, X3:8, X2:8, X1:8, X0:8
  SACols: Q:30
  SARows: S7:3, C7:14
  SACols_6: X6:30
  SARows_6: C6:12, Z6:4
  SACols_5: X5:30
  SARows_5: S5:3, C5:12
  SACols_4: X4:30
  SARows_4: S4:3, C4:12
  SACols_3: X3:30
  SARows_3: S3:3, C3:12
  SACols_2: X2:30
  SARows_2: S2:3, C2:12
  SACols_1: X1:30
  SARows_1: C1:56
  SACols_0: X0:30
  SARows_0: S0:5, C0:3, Z0:4
  WRegister: C7:4, R7:3, R5:3, R4:3, R3:3, R2:3, R0:5
  IntermediateRegister: Z6:14, Z5:12, Z4:12, Z3:12, Z2:12, Z1:12, Z0:14
  OutRegister: Z7:16
================================================================================

tile_sizes[dim]: [1, 1], self._dim_products[dim]: [1, 1]
input_FC_size distinct: 4
Input FC size: 4

Input size: 5

Output size: 0

Weight size: 0

Intermediate input size: 26
Total intermediate size (input + output): 26

input_size: 5, output_size: 0, weight_size: 0, intermediate_size: 26
Total mem footprint: 36



tile_sizes[dim]: [1, 1], self._dim_products[dim]: [1, 1]
input_FC_size distinct: 0
Input FC size: 0

Input size: 0

Output size: 0

Weight size: 432

Intermediate input size: 26
Total intermediate size (input + output): 0

input_size: 0, output_size: 0, weight_size: 432, intermediate_size: 0
Total mem footprint: 432



tile_sizes[dim]: [1, 1], self._dim_products[dim]: [1, 1]
input_FC_size distinct: 0
Input FC size: 0

Input size: 0

Output size: 0

Weight size: 0

Intermediate input size: 7
Total intermediate size (input + output): 88

input_size: 0, output_size: 0, weight_size: 0, intermediate_size: 88
Total mem footprint: 88



tile_sizes[dim]: [1, 1], self._dim_products[dim]: [1, 1]
input_FC_size distinct: 0
Input FC size: 0

Input size: 0

Output size: 16

Weight size: 0

Intermediate input size: 7
Total intermediate size (input + output): 0

input_size: 0, output_size: 16, weight_size: 0, intermediate_size: 0
Total mem footprint: 16



  ✗ Failed: Ill-posed constraints:
CONSTRAINTS VIOLATION: Arch...

[PE=128x16] Running experiment...
------ loading Accelergy for Eyeriss ------
[Constrained Eyeriss] 8 layers, tile_size=240
  DRAM: {'Q': 4, 'P': 540, 'X0': 4, 'Y0': 540, 'Z0': 1, 'C0': 1, 'R0': 1, 'S0': 1, 'X1': 4, 'Y1': 540, 'Z1': 1, 'C1': 1, 'R1': 1, 'S1': 1, 'X2': 4, 'Y2': 540, 'Z2': 1, 'C2': 1, 'R2': 1, 'S2': 1, 'X3': 4, 'Y3': 540, 'Z3': 1, 'C3': 1, 'R3': 1, 'S3': 1, 'X4': 4, 'Y4': 540, 'Z4': 1, 'C4': 1, 'R4': 1, 'S4': 1, 'X5': 4, 'Y5': 540, 'Z5': 1, 'C5': 1, 'R5': 1, 'S5': 1, 'X6': 4, 'Y6': 540, 'Z6': 1, 'C6': 1, 'R6': 1, 'S6': 1, 'Z7': 1, 'C7': 1, 'R7': 1, 'S7': 1}
  GlobalBuffer: {'Q': 15, 'P': 1, 'X0': 15, 'Y0': 1, 'Z0': 1, 'C0': 1, 'R0': 1, 'S0': 1, 'X1': 15, 'Y1': 1, 'Z1': 1, 'C1': 1, 'R1': 1, 'S1': 1, 'X2': 15, 'Y2': 1, 'Z2': 1, 'C2': 1, 'R2': 1, 'S2': 1, 'X3': 15, 'Y3': 1, 'Z3': 1, 'C3': 1, 'R3': 1, 'S3': 1, 'X4': 15, 'Y4': 1, 'Z4': 1, 'C4': 1, 'R4': 1, 'S4': 1, 'X5': 15, 'Y5': 1, 'Z5': 1, 'C5': 1, 'R5': 1, 'S5': 1, 'X6': 15, 'Y6': 1, 'Z6': 1, 'C6': 1, 'R6': 1, 'S6': 1, 'Z7': 1, 'C7': 1, 'R7': 1, 'S7': 1}
  SACols: {'Q': 16, 'Z7': 1}
  SARows_0: {'S0': 5, 'C0': 3, 'Z0': 8}
  SARows_1: {'S1': 1, 'C1': 56, 'Z1': 2}
  SARows_2: {'S2': 3, 'C2': 12, 'Z2': 3}
  SARows_3: {'S3': 3, 'C3': 12, 'Z3': 3}
  SARows_4: {'S4': 3, 'C4': 12, 'Z4': 3}
  SARows_5: {'S5': 3, 'C5': 12, 'Z5': 3}
  SARows_6: {'S6': 1, 'C6': 12, 'Z6': 8}
  SARows_7: {'S7': 3, 'C7': 28, 'Z7': 1}
Creating architecture: Eyeriss_Constrained_8L_tile240_16x128 with coupling: dims: C0Y0X0R0S0Z0C1R1S1Y1X1Z1C2R2S2Y2X2Z2C3R3S3Y3X3Z3C4R4S4Y4X4Z4C5R5S5Y5X5Z5C6R6S6Y6X6Z6C7R7S7PQZ7, in_coupling: [C0][Y0+R0][X0+S0], w_coupling: W0: [Z0][C0][R0][S0],W1: [Z1][C1][R1][S1],W2: [Z2][C2][R2][S2],W3: [Z3][C3][R3][S3],W4: [Z4][C4][R4][S4],W5: [Z5][C5][R5][S5],W6: [Z6][C6][R6][S6],W7: [Z7][C7][R7][S7],, out_coupling: [Z7][P][Q]
final_layer_dims: {'C7', 'P', 'X0', 'Y0', 'R0', 'C0', 'S0', 'Z7', 'R7', 'Q', 'S7'}, coupling.dims: ['C0', 'Y0', 'X0', 'R0', 'S0', 'Z0', 'C1', 'R1', 'S1', 'Y1', 'X1', 'Z1', 'C2', 'R2', 'S2', 'Y2', 'X2', 'Z2', 'C3', 'R3', 'S3', 'Y3', 'X3', 'Z3', 'C4', 'R4', 'S4', 'Y4', 'X4', 'Z4', 'C5', 'R5', 'S5', 'Y5', 'X5', 'Z5', 'C6', 'R6', 'S6', 'Y6', 'X6', 'Z6', 'C7', 'R7', 'S7', 'P', 'Q', 'Z7']
INFO: Arch: Eyeriss_Constrained_8L_tile240_16x128: identified intermediate dimensions: {'Y2', 'C1', 'R5', 'Z6', 'C6', 'X1', 'Z1', 'Y4', 'X6', 'C3', 'R4', 'R3', 'Y3', 'X3', 'S1', 'S6', 'Z4', 'Z0', 'R2', 'Y6', 'Z3', 'C5', 'S2', 'S4', 'C4', 'R6', 'C2', 'Z2', 'R1', 'X5', 'X2', 'Y1', 'Z5', 'S3', 'X4', 'Y5', 'S5'}
INFO: Added high constraint for intermediate dimension P in level InRegister
INFO: Added high constraint for intermediate dimension R1 in level InRegister
INFO: Added high constraint for intermediate dimension P in level WRegister
INFO: Added high constraint for intermediate dimension R1 in level WRegister
INFO: Added high constraint for intermediate dimension P in level IntermediateRegister
INFO: Added high constraint for intermediate dimension R1 in level IntermediateRegister
INFO: Added high constraint for intermediate dimension P in level OutRegister
INFO: Added high constraint for intermediate dimension R1 in level OutRegister
Starting engine with mapper: breadthfirst_local

WARNING: running on a Python version without free-threading (GIL enabled), this program relies heavily on true multithreading, thus expect a severe performance hit with your current setup. Consider updating to Python 3.13t or newer.
INFO: running multithreaded with THREADS_COUNT = 8

DEBUG interleave: START - Called from breadthfirst_local.py:600 in optimizeDataflows()
                       array=['P', 'Q', 'Z7', 'C7', 'R7', 'S7', 'Y6', 'X6', 'Z6', 'C6', 'R6', 'S6', 'Y5', 'X5', 'Z5', 'C5', 'R5', 'S5', 'Y4', 'X4', 'Z4', 'C4', 'R4', 'S4', 'Y3', 'X3', 'Z3', 'C3', 'R3', 'S3', 'Y2', 'X2', 'Z2', 'C2', 'R2', 'S2', 'Y1', 'X1', 'Z1', 'C1', 'R1', 'S1', 'Y0', 'X0', 'Z0', 'C0', 'R0', 'S0'], elements=[] (len=0)
['C1', 'Y1', 'R1', 'X1', 'S1']
['C2', 'Y2', 'R2', 'X2', 'S2']
['C3', 'Y3', 'R3', 'X3', 'S3']
['C4', 'Y4', 'R4', 'X4', 'S4']
['C5', 'Y5', 'R5', 'X5', 'S5']
['C6', 'Y6', 'R6', 'X6', 'S6']
['C7', 'P', 'R7', 'Q', 'S7']
DEBUG interleave: START - Called from breadthfirst_local.py:600 in optimizeDataflows()
                       array=['P', 'Q', 'Z7', 'C7', 'R7', 'S7', 'Y6', 'X6', 'Z6', 'C6', 'R6', 'S6', 'Y5', 'X5', 'Z5', 'C5', 'R5', 'S5', 'Y4', 'X4', 'Z4', 'C4', 'R4', 'S4', 'Y3', 'X3', 'Z3', 'C3', 'R3', 'S3', 'Y2', 'X2', 'Z2', 'C2', 'R2', 'S2', 'Y1', 'X1', 'Z1', 'C1', 'R1', 'S1', 'Y0', 'X0', 'Z0', 'C0', 'R0', 'S0'], elements=[] (len=0)
['C1', 'Y1', 'R1', 'X1', 'S1']
['C2', 'Y2', 'R2', 'X2', 'S2']
['C3', 'Y3', 'R3', 'X3', 'S3']
['C4', 'Y4', 'R4', 'X4', 'S4']
['C5', 'Y5', 'R5', 'X5', 'S5']
['C6', 'Y6', 'R6', 'X6', 'S6']
['C7', 'P', 'R7', 'Q', 'S7']
Traceback (most recent call last):
  File "/home/matteo/Desktop/FactorFlow_LayerFusion/experiment_runner.py", line 3836, in run_single_experiment
    edp, mops, energy, latency, utilization, mapping_time, final_arch = run_engine(
  File "/home/matteo/Desktop/FactorFlow_LayerFusion/engine.py", line 79, in run_engine
    raise e
  File "/home/matteo/Desktop/FactorFlow_LayerFusion/engine.py", line 68, in run_engine
    arch, wart = optimizeDataflows(arch, comp, bias_read, verbose = Settings.VERBOSE)
  File "/home/matteo/Desktop/FactorFlow_LayerFusion/mappers/breadthfirst_local.py", line 637, in optimizeDataflows
    arch, wart, moves = factorFlow(arch, comp, bias_read, verbose)
  File "/home/matteo/Desktop/FactorFlow_LayerFusion/mappers/breadthfirst_local.py", line 329, in factorFlow
    assert arch.checkFactorsConstraints() and arch.checkDataflowConstraints(), ("Ill-posed constraints:" if not already_initialized else "Improperly initialized arch:") + f"\n{arch.logConstraintsViolations()}"
AssertionError: Ill-posed constraints:
CONSTRAINTS VIOLATION: Arch: Eyeriss_Constrained_8L_tile240_16x128 -> Level: GlobalBuffer: memory footprint: 143485 VS memory available: 131072
DEBUG interleave: START - Called from breadthfirst_local.py:600 in optimizeDataflows()
                       array=['P', 'Q', 'Z7', 'C7', 'R7', 'S7', 'Y6', 'X6', 'Z6', 'C6', 'R6', 'S6', 'Y5', 'X5', 'Z5', 'C5', 'R5', 'S5', 'Y4', 'X4', 'Z4', 'C4', 'R4', 'S4', 'Y3', 'X3', 'Z3', 'C3', 'R3', 'S3', 'Y2', 'X2', 'Z2', 'C2', 'R2', 'S2', 'Y1', 'X1', 'Z1', 'C1', 'R1', 'S1', 'Y0', 'X0', 'Z0', 'C0', 'R0', 'S0'], elements=[] (len=0)
['C1', 'Y1', 'R1', 'X1', 'S1']
['C2', 'Y2', 'R2', 'X2', 'S2']
['C3', 'Y3', 'R3', 'X3', 'S3']
['C4', 'Y4', 'R4', 'X4', 'S4']
['C5', 'Y5', 'R5', 'X5', 'S5']
['C6', 'Y6', 'R6', 'X6', 'S6']
['C7', 'P', 'R7', 'Q', 'S7']
DEBUG interleave: START - Called from breadthfirst_local.py:600 in optimizeDataflows()
                       array=['P', 'Q', 'Z7', 'C7', 'R7', 'S7', 'Y6', 'X6', 'Z6', 'C6', 'R6', 'S6', 'Y5', 'X5', 'Z5', 'C5', 'R5', 'S5', 'Y4', 'X4', 'Z4', 'C4', 'R4', 'S4', 'Y3', 'X3', 'Z3', 'C3', 'R3', 'S3', 'Y2', 'X2', 'Z2', 'C2', 'R2', 'S2', 'Y1', 'X1', 'Z1', 'C1', 'R1', 'S1', 'Y0', 'X0', 'Z0', 'C0', 'R0', 'S0'], elements=[] (len=0)
['C1', 'Y1', 'R1', 'X1', 'S1']
['C2', 'Y2', 'R2', 'X2', 'S2']
['C3', 'Y3', 'R3', 'X3', 'S3']
['C4', 'Y4', 'R4', 'X4', 'S4']
['C5', 'Y5', 'R5', 'X5', 'S5']
['C6', 'Y6', 'R6', 'X6', 'S6']
['C7', 'P', 'R7', 'Q', 'S7']
DEBUG interleave: START - Called from breadthfirst_local.py:600 in optimizeDataflows()
                       array=['P', 'Q', 'Z7', 'C7', 'R7', 'S7', 'Y6', 'X6', 'Z6', 'C6', 'R6', 'S6', 'Y5', 'X5', 'Z5', 'C5', 'R5', 'S5', 'Y4', 'X4', 'Z4', 'C4', 'R4', 'S4', 'Y3', 'X3', 'Z3', 'C3', 'R3', 'S3', 'Y2', 'X2', 'Z2', 'C2', 'R2', 'S2', 'Y1', 'X1', 'Z1', 'C1', 'R1', 'S1', 'Y0', 'X0', 'Z0', 'C0', 'R0', 'S0'], elements=[] (len=0)
['C1', 'Y1', 'R1', 'X1', 'S1']
['C2', 'Y2', 'R2', 'X2', 'S2']
['C3', 'Y3', 'R3', 'X3', 'S3']
['C4', 'Y4', 'R4', 'X4', 'S4']
['C5', 'Y5', 'R5', 'X5', 'S5']
['C6', 'Y6', 'R6', 'X6', 'S6']
['C7', 'P', 'R7', 'Q', 'S7']
DEBUG interleave: START - Called from breadthfirst_local.py:600 in optimizeDataflows()
                       array=['P', 'Q', 'Z7', 'C7', 'R7', 'S7', 'Y6', 'X6', 'Z6', 'C6', 'R6', 'S6', 'Y5', 'X5', 'Z5', 'C5', 'R5', 'S5', 'Y4', 'X4', 'Z4', 'C4', 'R4', 'S4', 'Y3', 'X3', 'Z3', 'C3', 'R3', 'S3', 'Y2', 'X2', 'Z2', 'C2', 'R2', 'S2', 'Y1', 'X1', 'Z1', 'C1', 'R1', 'S1', 'Y0', 'X0', 'Z0', 'C0', 'R0', 'S0'], elements=[] (len=0)
['C1', 'Y1', 'R1', 'X1', 'S1']
['C2', 'Y2', 'R2', 'X2', 'S2']
['C3', 'Y3', 'R3', 'X3', 'S3']
['C4', 'Y4', 'R4', 'X4', 'S4']
['C5', 'Y5', 'R5', 'X5', 'S5']
['C6', 'Y6', 'R6', 'X6', 'S6']
['C7', 'P', 'R7', 'Q', 'S7']
-------- factorFlow -------- CIAO
Arch after initialization:
tile_sizes[dim]: [240, 5], self._dim_products[dim]: [4, 1]
input_FC_size distinct: 11520
Input FC size: 11520

Input size: 1573248

Output size: 8294400

Weight size: 18792

Intermediate input size: 89477216
Total intermediate size (input + output): 0

input_size: 1573248, output_size: 8294400, weight_size: 18792, intermediate_size: 0
Total mem footprint: 9897960



tile_sizes[dim]: [16, 5], self._dim_products[dim]: [15, 1]
input_FC_size distinct: 2880
Input FC size: 2880

Input size: 3660

Output size: 3840

Weight size: 0

Intermediate input size: 91824
Total intermediate size (input + output): 133104

input_size: 3660, output_size: 3840, weight_size: 0, intermediate_size: 133104
Total mem footprint: 143485



tile_sizes[dim]: [240, 5], self._dim_products[dim]: [4, 1]
input_FC_size distinct: 11520
Input FC size: 11520

Input size: 1573248

Output size: 8294400

Weight size: 18792

Intermediate input size: 89477216
Total intermediate size (input + output): 0

input_size: 1573248, output_size: 8294400, weight_size: 18792, intermediate_size: 0
Total mem footprint: 9897960



tile_sizes[dim]: [16, 5], self._dim_products[dim]: [15, 1]
input_FC_size distinct: 2880
Input FC size: 2880

Input size: 3660

Output size: 3840

Weight size: 0

Intermediate input size: 91824
Total intermediate size (input + output): 133104

input_size: 3660, output_size: 3840, weight_size: 0, intermediate_size: 133104
Total mem footprint: 143485



tile_sizes[dim]: [16, 5], self._dim_products[dim]: [15, 1]
input_FC_size distinct: 2880
Input FC size: 2880

Input size: 3660

Output size: 3840

Weight size: 0

Intermediate input size: 91824
Total intermediate size (input + output): 133104

input_size: 3660, output_size: 3840, weight_size: 0, intermediate_size: 133104
Total mem footprint: 143485




================================================================================
MEMORY CONSTRAINT VIOLATION DEBUG - Level: GlobalBuffer
================================================================================
Memory footprint: 143,485 bytes
Memory available: 131,072 bytes
Overflow: 12,413 bytes

Full architecture mapping:
  DRAM: P:540, Q:4, Y6:540, X6:4, Y5:540, X5:4, Y4:540, X4:4, Y3:540, X3:4, Y2:540, X2:4, Y1:540, X1:4, Y0:540, X0:4
  GlobalBuffer: Q:15, X6:15, X5:15, X4:15, X3:15, X2:15, X1:15, X0:15
  SACols: Q:16
  SARows: S7:3, C7:28
  SACols_6: X6:16
  SARows_6: C6:12, Z6:8
  SACols_5: X5:16
  SARows_5: S5:3, C5:12, Z5:3
  SACols_4: X4:16
  SARows_4: S4:3, C4:12, Z4:3
  SACols_3: X3:16
  SARows_3: S3:3, C3:12, Z3:3
  SACols_2: X2:16
  SARows_2: S2:3, C2:12, Z2:3
  SACols_1: X1:16
  SARows_1: C1:56, Z1:2
  SACols_0: X0:16
  SARows_0: S0:5, C0:3, Z0:8
  WRegister: C7:2, R7:3, R5:3, R4:3, R3:3, R2:3, R0:5
  IntermediateRegister: Z6:7, Z5:4, Z4:4, Z3:4, Z2:4, Z1:6, Z0:7
  OutRegister: Z7:16
================================================================================

tile_sizes[dim]: [1, 1], self._dim_products[dim]: [1, 1]
input_FC_size distinct: 4
Input FC size: 4

Input size: 5

Output size: 0

Weight size: 0

Intermediate input size: 20
Total intermediate size (input + output): 20

input_size: 5, output_size: 0, weight_size: 0, intermediate_size: 20
Total mem footprint: 30



tile_sizes[dim]: [1, 1], self._dim_products[dim]: [1, 1]
input_FC_size distinct: 0
Input FC size: 0

Input size: 0

Output size: 0

Weight size: 192

Intermediate input size: 20
Total intermediate size (input + output): 0

input_size: 0, output_size: 0, weight_size: 192, intermediate_size: 0
Total mem footprint: 192



tile_sizes[dim]: [1, 1], self._dim_products[dim]: [1, 1]
input_FC_size distinct: 0
Input FC size: 0

Input size: 0

Output size: 0

Weight size: 0

Intermediate input size: 7
Total intermediate size (input + output): 36

input_size: 0, output_size: 0, weight_size: 0, intermediate_size: 36
Total mem footprint: 36



tile_sizes[dim]: [1, 1], self._dim_products[dim]: [1, 1]
input_FC_size distinct: 0
Input FC size: 0

Input size: 0

Output size: 16

Weight size: 0

Intermediate input size: 7
Total intermediate size (input + output): 0

input_size: 0, output_size: 16, weight_size: 0, intermediate_size: 0
Total mem footprint: 16



  ✗ Failed: Ill-posed constraints:
CONSTRAINTS VIOLATION: Arch...

[PE=256x8] Running experiment...
------ loading Accelergy for Eyeriss ------
[Constrained Eyeriss] 8 layers, tile_size=240
  DRAM: {'Q': 4, 'P': 540, 'X0': 4, 'Y0': 540, 'Z0': 1, 'C0': 1, 'R0': 1, 'S0': 1, 'X1': 4, 'Y1': 540, 'Z1': 1, 'C1': 1, 'R1': 1, 'S1': 1, 'X2': 4, 'Y2': 540, 'Z2': 1, 'C2': 1, 'R2': 1, 'S2': 1, 'X3': 4, 'Y3': 540, 'Z3': 1, 'C3': 1, 'R3': 1, 'S3': 1, 'X4': 4, 'Y4': 540, 'Z4': 1, 'C4': 1, 'R4': 1, 'S4': 1, 'X5': 4, 'Y5': 540, 'Z5': 1, 'C5': 1, 'R5': 1, 'S5': 1, 'X6': 4, 'Y6': 540, 'Z6': 1, 'C6': 1, 'R6': 1, 'S6': 1, 'Z7': 1, 'C7': 1, 'R7': 1, 'S7': 1}
  GlobalBuffer: {'Q': 30, 'P': 1, 'X0': 30, 'Y0': 1, 'Z0': 1, 'C0': 1, 'R0': 1, 'S0': 1, 'X1': 30, 'Y1': 1, 'Z1': 1, 'C1': 1, 'R1': 1, 'S1': 1, 'X2': 30, 'Y2': 1, 'Z2': 1, 'C2': 1, 'R2': 1, 'S2': 1, 'X3': 30, 'Y3': 1, 'Z3': 1, 'C3': 1, 'R3': 1, 'S3': 1, 'X4': 30, 'Y4': 1, 'Z4': 1, 'C4': 1, 'R4': 1, 'S4': 1, 'X5': 30, 'Y5': 1, 'Z5': 1, 'C5': 1, 'R5': 1, 'S5': 1, 'X6': 30, 'Y6': 1, 'Z6': 1, 'C6': 1, 'R6': 1, 'S6': 1, 'Z7': 1, 'C7': 1, 'R7': 1, 'S7': 1}
  SACols: {'Q': 8, 'Z7': 1}
  SARows_0: {'S0': 5, 'C0': 3, 'Z0': 14}
  SARows_1: {'S1': 1, 'C1': 56, 'Z1': 4}
  SARows_2: {'S2': 3, 'C2': 12, 'Z2': 6}
  SARows_3: {'S3': 3, 'C3': 12, 'Z3': 6}
  SARows_4: {'S4': 3, 'C4': 12, 'Z4': 6}
  SARows_5: {'S5': 3, 'C5': 12, 'Z5': 6}
  SARows_6: {'S6': 1, 'C6': 12, 'Z6': 14}
  SARows_7: {'S7': 3, 'C7': 56, 'Z7': 1}
Creating architecture: Eyeriss_Constrained_8L_tile240_8x256 with coupling: dims: C0Y0X0R0S0Z0C1R1S1Y1X1Z1C2R2S2Y2X2Z2C3R3S3Y3X3Z3C4R4S4Y4X4Z4C5R5S5Y5X5Z5C6R6S6Y6X6Z6C7R7S7PQZ7, in_coupling: [C0][Y0+R0][X0+S0], w_coupling: W0: [Z0][C0][R0][S0],W1: [Z1][C1][R1][S1],W2: [Z2][C2][R2][S2],W3: [Z3][C3][R3][S3],W4: [Z4][C4][R4][S4],W5: [Z5][C5][R5][S5],W6: [Z6][C6][R6][S6],W7: [Z7][C7][R7][S7],, out_coupling: [Z7][P][Q]
final_layer_dims: {'C7', 'P', 'X0', 'Y0', 'R0', 'C0', 'S0', 'Z7', 'R7', 'Q', 'S7'}, coupling.dims: ['C0', 'Y0', 'X0', 'R0', 'S0', 'Z0', 'C1', 'R1', 'S1', 'Y1', 'X1', 'Z1', 'C2', 'R2', 'S2', 'Y2', 'X2', 'Z2', 'C3', 'R3', 'S3', 'Y3', 'X3', 'Z3', 'C4', 'R4', 'S4', 'Y4', 'X4', 'Z4', 'C5', 'R5', 'S5', 'Y5', 'X5', 'Z5', 'C6', 'R6', 'S6', 'Y6', 'X6', 'Z6', 'C7', 'R7', 'S7', 'P', 'Q', 'Z7']
INFO: Arch: Eyeriss_Constrained_8L_tile240_8x256: identified intermediate dimensions: {'Y2', 'C1', 'R5', 'Z6', 'C6', 'X1', 'Z1', 'Y4', 'X6', 'C3', 'R4', 'R3', 'Y3', 'X3', 'S1', 'S6', 'Z4', 'Z0', 'R2', 'Y6', 'Z3', 'C5', 'S2', 'S4', 'C4', 'R6', 'C2', 'Z2', 'R1', 'X5', 'X2', 'Y1', 'Z5', 'S3', 'X4', 'Y5', 'S5'}
INFO: Added high constraint for intermediate dimension P in level InRegister
INFO: Added high constraint for intermediate dimension R1 in level InRegister
INFO: Added high constraint for intermediate dimension P in level WRegister
INFO: Added high constraint for intermediate dimension R1 in level WRegister
INFO: Added high constraint for intermediate dimension P in level IntermediateRegister
INFO: Added high constraint for intermediate dimension R1 in level IntermediateRegister
INFO: Added high constraint for intermediate dimension P in level OutRegister
INFO: Added high constraint for intermediate dimension R1 in level OutRegister
Starting engine with mapper: breadthfirst_local

WARNING: running on a Python version without free-threading (GIL enabled), this program relies heavily on true multithreading, thus expect a severe performance hit with your current setup. Consider updating to Python 3.13t or newer.
INFO: running multithreaded with THREADS_COUNT = 8

DEBUG interleave: START - Called from breadthfirst_local.py:600 in optimizeDataflows()
                       array=['P', 'Q', 'Z7', 'C7', 'R7', 'S7', 'Y6', 'X6', 'Z6', 'C6', 'R6', 'S6', 'Y5', 'X5', 'Z5', 'C5', 'R5', 'S5', 'Y4', 'X4', 'Z4', 'C4', 'R4', 'S4', 'Y3', 'X3', 'Z3', 'C3', 'R3', 'S3', 'Y2', 'X2', 'Z2', 'C2', 'R2', 'S2', 'Y1', 'X1', 'Z1', 'C1', 'R1', 'S1', 'Y0', 'X0', 'Z0', 'C0', 'R0', 'S0'], elements=[] (len=0)
['C1', 'Y1', 'R1', 'X1', 'S1']
['C2', 'Y2', 'R2', 'X2', 'S2']
['C3', 'Y3', 'R3', 'X3', 'S3']
['C4', 'Y4', 'R4', 'X4', 'S4']
['C5', 'Y5', 'R5', 'X5', 'S5']
['C6', 'Y6', 'R6', 'X6', 'S6']
['C7', 'P', 'R7', 'Q', 'S7']
DEBUG interleave: START - Called from breadthfirst_local.py:600 in optimizeDataflows()
                       array=['P', 'Q', 'Z7', 'C7', 'R7', 'S7', 'Y6', 'X6', 'Z6', 'C6', 'R6', 'S6', 'Y5', 'X5', 'Z5', 'C5', 'R5', 'S5', 'Y4', 'X4', 'Z4', 'C4', 'R4', 'S4', 'Y3', 'X3', 'Z3', 'C3', 'R3', 'S3', 'Y2', 'X2', 'Z2', 'C2', 'R2', 'S2', 'Y1', 'X1', 'Z1', 'C1', 'R1', 'S1', 'Y0', 'X0', 'Z0', 'C0', 'R0', 'S0'], elements=[] (len=0)
['C1', 'Y1', 'R1', 'X1', 'S1']
['C2', 'Y2', 'R2', 'X2', 'S2']
['C3', 'Y3', 'R3', 'X3', 'S3']
['C4', 'Y4', 'R4', 'X4', 'S4']
['C5', 'Y5', 'R5', 'X5', 'S5']
['C6', 'Y6', 'R6', 'X6', 'S6']
['C7', 'P', 'R7', 'Q', 'S7']
DEBUG interleave: START - Called from breadthfirst_local.py:600 in optimizeDataflows()
                       array=['P', 'Q', 'Z7', 'C7', 'R7', 'S7', 'Y6', 'X6', 'Z6', 'C6', 'R6', 'S6', 'Y5', 'X5', 'Z5', 'C5', 'R5', 'S5', 'Y4', 'X4', 'Z4', 'C4', 'R4', 'S4', 'Y3', 'X3', 'Z3', 'C3', 'R3', 'S3', 'Y2', 'X2', 'Z2', 'C2', 'R2', 'S2', 'Y1', 'X1', 'Z1', 'C1', 'R1', 'S1', 'Y0', 'X0', 'Z0', 'C0', 'R0', 'S0'], elements=[] (len=0)
['C1', 'Y1', 'R1', 'X1', 'S1']
['C2', 'Y2', 'R2', 'X2', 'S2']
['C3', 'Y3', 'R3', 'X3', 'S3']
['C4', 'Y4', 'R4', 'X4', 'S4']
['C5', 'Y5', 'R5', 'X5', 'S5']
['C6', 'Y6', 'R6', 'X6', 'S6']
['C7', 'P', 'R7', 'Q', 'S7']
DEBUG interleave: START - Called from breadthfirst_local.py:600 in optimizeDataflows()
                       array=['P', 'Q', 'Z7', 'C7', 'R7', 'S7', 'Y6', 'X6', 'Z6', 'C6', 'R6', 'S6', 'Y5', 'X5', 'Z5', 'C5', 'R5', 'S5', 'Y4', 'X4', 'Z4', 'C4', 'R4', 'S4', 'Y3', 'X3', 'Z3', 'C3', 'R3', 'S3', 'Y2', 'X2', 'Z2', 'C2', 'R2', 'S2', 'Y1', 'X1', 'Z1', 'C1', 'R1', 'S1', 'Y0', 'X0', 'Z0', 'C0', 'R0', 'S0'], elements=[] (len=0)
['C1', 'Y1', 'R1', 'X1', 'S1']
['C2', 'Y2', 'R2', 'X2', 'S2']
['C3', 'Y3', 'R3', 'X3', 'S3']
['C4', 'Y4', 'R4', 'X4', 'S4']
['C5', 'Y5', 'R5', 'X5', 'S5']
['C6', 'Y6', 'R6', 'X6', 'S6']
['C7', 'P', 'R7', 'Q', 'S7']
DEBUG interleave: START - Called from breadthfirst_local.py:600 in optimizeDataflows()
                       array=['P', 'Q', 'Z7', 'C7', 'R7', 'S7', 'Y6', 'X6', 'Z6', 'C6', 'R6', 'S6', 'Y5', 'X5', 'Z5', 'C5', 'R5', 'S5', 'Y4', 'X4', 'Z4', 'C4', 'R4', 'S4', 'Y3', 'X3', 'Z3', 'C3', 'R3', 'S3', 'Y2', 'X2', 'Z2', 'C2', 'R2', 'S2', 'Y1', 'X1', 'Z1', 'C1', 'R1', 'S1', 'Y0', 'X0', 'Z0', 'C0', 'R0', 'S0'], elements=[] (len=0)
['C1', 'Y1', 'R1', 'X1', 'S1']
['C2', 'Y2', 'R2', 'X2', 'S2']
['C3', 'Y3', 'R3', 'X3', 'S3']
['C4', 'Y4', 'R4', 'X4', 'S4']
['C5', 'Y5', 'R5', 'X5', 'S5']
['C6', 'Y6', 'R6', 'X6', 'S6']
['C7', 'P', 'R7', 'Q', 'S7']
DEBUG interleave: START - Called from breadthfirst_local.py:600 in optimizeDataflows()
                       array=['P', 'Q', 'Z7', 'C7', 'R7', 'S7', 'Y6', 'X6', 'Z6', 'C6', 'R6', 'S6', 'Y5', 'X5', 'Z5', 'C5', 'R5', 'S5', 'Y4', 'X4', 'Z4', 'C4', 'R4', 'S4', 'Y3', 'X3', 'Z3', 'C3', 'R3', 'S3', 'Y2', 'X2', 'Z2', 'C2', 'R2', 'S2', 'Y1', 'X1', 'Z1', 'C1', 'R1', 'S1', 'Y0', 'X0', 'Z0', 'C0', 'R0', 'S0'], elements=[] (len=0)
['C1', 'Y1', 'R1', 'X1', 'S1']
['C2', 'Y2', 'R2', 'X2', 'S2']
['C3', 'Y3', 'R3', 'X3', 'S3']
['C4', 'Y4', 'R4', 'X4', 'S4']
['C5', 'Y5', 'R5', 'X5', 'S5']
['C6', 'Y6', 'R6', 'X6', 'S6']
['C7', 'P', 'R7', 'Q', 'S7']
-------- factorFlow -------- CIAO
Arch after initialization:
tile_sizes[dim]: [240, 5], self._dim_products[dim]: [4, 1]
input_FC_size distinct: 11520
Input FC size: 11520

Input size: 1573248

Output size: 8294400

Weight size: 18792

Intermediate input size: 89477216
Total intermediate size (input + output): 0

input_size: 1573248, output_size: 8294400, weight_size: 18792, intermediate_size: 0
Total mem footprint: 9897960



tile_sizes[dim]: [8, 5], self._dim_products[dim]: [30, 1]
input_FC_size distinct: 2880
Input FC size: 2880

Input size: 3660

Output size: 3840

Weight size: 0

Intermediate input size: 91824
Total intermediate size (input + output): 133104

input_size: 3660, output_size: 3840, weight_size: 0, intermediate_size: 133104
Total mem footprint: 143485



tile_sizes[dim]: [240, 5], self._dim_products[dim]: [4, 1]
input_FC_size distinct: 11520
Input FC size: 11520

Input size: 1573248

Output size: 8294400

Weight size: 18792

Intermediate input size: 89477216
Total intermediate size (input + output): 0

input_size: 1573248, output_size: 8294400, weight_size: 18792, intermediate_size: 0
Total mem footprint: 9897960



tile_sizes[dim]: [8, 5], self._dim_products[dim]: [30, 1]
input_FC_size distinct: 2880
Input FC size: 2880

Input size: 3660

Output size: 3840

Weight size: 0

Intermediate input size: 91824
Total intermediate size (input + output): 133104

input_size: 3660, output_size: 3840, weight_size: 0, intermediate_size: 133104
Total mem footprint: 143485



tile_sizes[dim]: [8, 5], self._dim_products[dim]: [30, 1]
input_FC_size distinct: 2880
Input FC size: 2880

Input size: 3660

Output size: 3840

Weight size: 0

Intermediate input size: 91824
Total intermediate size (input + output): 133104

input_size: 3660, output_size: 3840, weight_size: 0, intermediate_size: 133104
Total mem footprint: 143485




================================================================================
MEMORY CONSTRAINT VIOLATION DEBUG - Level: GlobalBuffer
================================================================================
Memory footprint: 143,485 bytes
Memory available: 131,072 bytes
Overflow: 12,413 bytes

Full architecture mapping:
Traceback (most recent call last):
  File "/home/matteo/Desktop/FactorFlow_LayerFusion/experiment_runner.py", line 3836, in run_single_experiment
    edp, mops, energy, latency, utilization, mapping_time, final_arch = run_engine(
  File "/home/matteo/Desktop/FactorFlow_LayerFusion/engine.py", line 79, in run_engine
    raise e
  File "/home/matteo/Desktop/FactorFlow_LayerFusion/engine.py", line 68, in run_engine
    arch, wart = optimizeDataflows(arch, comp, bias_read, verbose = Settings.VERBOSE)
  File "/home/matteo/Desktop/FactorFlow_LayerFusion/mappers/breadthfirst_local.py", line 637, in optimizeDataflows
    arch, wart, moves = factorFlow(arch, comp, bias_read, verbose)
  File "/home/matteo/Desktop/FactorFlow_LayerFusion/mappers/breadthfirst_local.py", line 329, in factorFlow
    assert arch.checkFactorsConstraints() and arch.checkDataflowConstraints(), ("Ill-posed constraints:" if not already_initialized else "Improperly initialized arch:") + f"\n{arch.logConstraintsViolations()}"
AssertionError: Ill-posed constraints:
CONSTRAINTS VIOLATION: Arch: Eyeriss_Constrained_8L_tile240_8x256 -> Level: GlobalBuffer: memory footprint: 143485 VS memory available: 131072
  DRAM: P:540, Q:4, Y6:540, X6:4, Y5:540, X5:4, Y4:540, X4:4, Y3:540, X3:4, Y2:540, X2:4, Y1:540, X1:4, Y0:540, X0:4
  GlobalBuffer: Q:30, X6:30, X5:30, X4:30, X3:30, X2:30, X1:30, X0:30
  SACols: Q:8
  SARows: S7:3, C7:56
  SACols_6: X6:8
  SARows_6: C6:12, Z6:14
  SACols_5: X5:8
  SARows_5: S5:3, C5:12, Z5:6
  SACols_4: X4:8
  SARows_4: S4:3, C4:12, Z4:6
  SACols_3: X3:8
  SARows_3: S3:3, C3:12, Z3:6
  SACols_2: X2:8
  SARows_2: S2:3, C2:12, Z2:6
  SACols_1: X1:8
  SARows_1: C1:56, Z1:4
  SACols_0: X0:8
  SARows_0: S0:5, C0:3, Z0:14
  WRegister: R7:3, R5:3, R4:3, R3:3, R2:3, R0:5
  IntermediateRegister: Z6:4, Z5:2, Z4:2, Z3:2, Z2:2, Z1:3, Z0:4
  OutRegister: Z7:16
================================================================================

tile_sizes[dim]: [1, 1], self._dim_products[dim]: [1, 1]
input_FC_size distinct: 4
Input FC size: 4

Input size: 5

Output size: 0

Weight size: 0

Intermediate input size: 17
Total intermediate size (input + output): 17

input_size: 5, output_size: 0, weight_size: 0, intermediate_size: 17
Total mem footprint: 27



tile_sizes[dim]: [1, 1], self._dim_products[dim]: [1, 1]
input_FC_size distinct: 0
Input FC size: 0

Input size: 0

Output size: 0

Weight size: 99

Intermediate input size: 17
Total intermediate size (input + output): 0

input_size: 0, output_size: 0, weight_size: 99, intermediate_size: 0
Total mem footprint: 99



tile_sizes[dim]: [1, 1], self._dim_products[dim]: [1, 1]
input_FC_size distinct: 0
Input FC size: 0

Input size: 0

Output size: 0

Weight size: 0

Intermediate input size: 7
Total intermediate size (input + output): 19

input_size: 0, output_size: 0, weight_size: 0, intermediate_size: 19
Total mem footprint: 19



tile_sizes[dim]: [1, 1], self._dim_products[dim]: [1, 1]
input_FC_size distinct: 0
Input FC size: 0

Input size: 0

Output size: 16

Weight size: 0

Intermediate input size: 7
Total intermediate size (input + output): 0

input_size: 0, output_size: 16, weight_size: 0, intermediate_size: 0
Total mem footprint: 16



  ✗ Failed: Ill-posed constraints:
CONSTRAINTS VIOLATION: Arch...

[PE=512x4] Running experiment...
------ loading Accelergy for Eyeriss ------
[Constrained Eyeriss] 8 layers, tile_size=240
  DRAM: {'Q': 4, 'P': 540, 'X0': 4, 'Y0': 540, 'Z0': 1, 'C0': 1, 'R0': 1, 'S0': 1, 'X1': 4, 'Y1': 540, 'Z1': 1, 'C1': 1, 'R1': 1, 'S1': 1, 'X2': 4, 'Y2': 540, 'Z2': 1, 'C2': 1, 'R2': 1, 'S2': 1, 'X3': 4, 'Y3': 540, 'Z3': 1, 'C3': 1, 'R3': 1, 'S3': 1, 'X4': 4, 'Y4': 540, 'Z4': 1, 'C4': 1, 'R4': 1, 'S4': 1, 'X5': 4, 'Y5': 540, 'Z5': 1, 'C5': 1, 'R5': 1, 'S5': 1, 'X6': 4, 'Y6': 540, 'Z6': 1, 'C6': 1, 'R6': 1, 'S6': 1, 'Z7': 1, 'C7': 1, 'R7': 1, 'S7': 1}
  GlobalBuffer: {'Q': 60, 'P': 1, 'X0': 60, 'Y0': 1, 'Z0': 1, 'C0': 1, 'R0': 1, 'S0': 1, 'X1': 60, 'Y1': 1, 'Z1': 1, 'C1': 1, 'R1': 1, 'S1': 1, 'X2': 60, 'Y2': 1, 'Z2': 1, 'C2': 1, 'R2': 1, 'S2': 1, 'X3': 60, 'Y3': 1, 'Z3': 1, 'C3': 1, 'R3': 1, 'S3': 1, 'X4': 60, 'Y4': 1, 'Z4': 1, 'C4': 1, 'R4': 1, 'S4': 1, 'X5': 60, 'Y5': 1, 'Z5': 1, 'C5': 1, 'R5': 1, 'S5': 1, 'X6': 60, 'Y6': 1, 'Z6': 1, 'C6': 1, 'R6': 1, 'S6': 1, 'Z7': 1, 'C7': 1, 'R7': 1, 'S7': 1}
  SACols: {'Q': 4, 'Z7': 1}
  SARows_0: {'S0': 5, 'C0': 3, 'Z0': 28}
  SARows_1: {'S1': 1, 'C1': 56, 'Z1': 6}
  SARows_2: {'S2': 3, 'C2': 12, 'Z2': 12}
  SARows_3: {'S3': 3, 'C3': 12, 'Z3': 12}
  SARows_4: {'S4': 3, 'C4': 12, 'Z4': 12}
  SARows_5: {'S5': 3, 'C5': 12, 'Z5': 12}
  SARows_6: {'S6': 1, 'C6': 12, 'Z6': 28}
  SARows_7: {'S7': 3, 'C7': 56, 'Z7': 2}
Creating architecture: Eyeriss_Constrained_8L_tile240_4x512 with coupling: dims: C0Y0X0R0S0Z0C1R1S1Y1X1Z1C2R2S2Y2X2Z2C3R3S3Y3X3Z3C4R4S4Y4X4Z4C5R5S5Y5X5Z5C6R6S6Y6X6Z6C7R7S7PQZ7, in_coupling: [C0][Y0+R0][X0+S0], w_coupling: W0: [Z0][C0][R0][S0],W1: [Z1][C1][R1][S1],W2: [Z2][C2][R2][S2],W3: [Z3][C3][R3][S3],W4: [Z4][C4][R4][S4],W5: [Z5][C5][R5][S5],W6: [Z6][C6][R6][S6],W7: [Z7][C7][R7][S7],, out_coupling: [Z7][P][Q]
final_layer_dims: {'C7', 'P', 'X0', 'Y0', 'R0', 'C0', 'S0', 'Z7', 'R7', 'Q', 'S7'}, coupling.dims: ['C0', 'Y0', 'X0', 'R0', 'S0', 'Z0', 'C1', 'R1', 'S1', 'Y1', 'X1', 'Z1', 'C2', 'R2', 'S2', 'Y2', 'X2', 'Z2', 'C3', 'R3', 'S3', 'Y3', 'X3', 'Z3', 'C4', 'R4', 'S4', 'Y4', 'X4', 'Z4', 'C5', 'R5', 'S5', 'Y5', 'X5', 'Z5', 'C6', 'R6', 'S6', 'Y6', 'X6', 'Z6', 'C7', 'R7', 'S7', 'P', 'Q', 'Z7']
INFO: Arch: Eyeriss_Constrained_8L_tile240_4x512: identified intermediate dimensions: {'Y2', 'C1', 'R5', 'Z6', 'C6', 'X1', 'Z1', 'Y4', 'X6', 'C3', 'R4', 'R3', 'Y3', 'X3', 'S1', 'S6', 'Z4', 'Z0', 'R2', 'Y6', 'Z3', 'C5', 'S2', 'S4', 'C4', 'R6', 'C2', 'Z2', 'R1', 'X5', 'X2', 'Y1', 'Z5', 'S3', 'X4', 'Y5', 'S5'}
INFO: Added high constraint for intermediate dimension P in level InRegister
INFO: Added high constraint for intermediate dimension R1 in level InRegister
INFO: Added high constraint for intermediate dimension P in level WRegister
INFO: Added high constraint for intermediate dimension R1 in level WRegister
INFO: Added high constraint for intermediate dimension P in level IntermediateRegister
INFO: Added high constraint for intermediate dimension R1 in level IntermediateRegister
INFO: Added high constraint for intermediate dimension P in level OutRegister
INFO: Added high constraint for intermediate dimension R1 in level OutRegister
Starting engine with mapper: breadthfirst_local

WARNING: running on a Python version without free-threading (GIL enabled), this program relies heavily on true multithreading, thus expect a severe performance hit with your current setup. Consider updating to Python 3.13t or newer.
INFO: running multithreaded with THREADS_COUNT = 8

DEBUG interleave: START - Called from breadthfirst_local.py:600 in optimizeDataflows()
                       array=['P', 'Q', 'Z7', 'C7', 'R7', 'S7', 'Y6', 'X6', 'Z6', 'C6', 'R6', 'S6', 'Y5', 'X5', 'Z5', 'C5', 'R5', 'S5', 'Y4', 'X4', 'Z4', 'C4', 'R4', 'S4', 'Y3', 'X3', 'Z3', 'C3', 'R3', 'S3', 'Y2', 'X2', 'Z2', 'C2', 'R2', 'S2', 'Y1', 'X1', 'Z1', 'C1', 'R1', 'S1', 'Y0', 'X0', 'Z0', 'C0', 'R0', 'S0'], elements=[] (len=0)
['C1', 'Y1', 'R1', 'X1', 'S1']
['C2', 'Y2', 'R2', 'X2', 'S2']
['C3', 'Y3', 'R3', 'X3', 'S3']
['C4', 'Y4', 'R4', 'X4', 'S4']
['C5', 'Y5', 'R5', 'X5', 'S5']
['C6', 'Y6', 'R6', 'X6', 'S6']
['C7', 'P', 'R7', 'Q', 'S7']
DEBUG interleave: START - Called from breadthfirst_local.py:600 in optimizeDataflows()
                       array=['P', 'Q', 'Z7', 'C7', 'R7', 'S7', 'Y6', 'X6', 'Z6', 'C6', 'R6', 'S6', 'Y5', 'X5', 'Z5', 'C5', 'R5', 'S5', 'Y4', 'X4', 'Z4', 'C4', 'R4', 'S4', 'Y3', 'X3', 'Z3', 'C3', 'R3', 'S3', 'Y2', 'X2', 'Z2', 'C2', 'R2', 'S2', 'Y1', 'X1', 'Z1', 'C1', 'R1', 'S1', 'Y0', 'X0', 'Z0', 'C0', 'R0', 'S0'], elements=[] (len=0)
['C1', 'Y1', 'R1', 'X1', 'S1']
['C2', 'Y2', 'R2', 'X2', 'S2']
['C3', 'Y3', 'R3', 'X3', 'S3']
['C4', 'Y4', 'R4', 'X4', 'S4']
['C5', 'Y5', 'R5', 'X5', 'S5']
['C6', 'Y6', 'R6', 'X6', 'S6']
['C7', 'P', 'R7', 'Q', 'S7']
DEBUG interleave: START - Called from breadthfirst_local.py:600 in optimizeDataflows()
                       array=['P', 'Q', 'Z7', 'C7', 'R7', 'S7', 'Y6', 'X6', 'Z6', 'C6', 'R6', 'S6', 'Y5', 'X5', 'Z5', 'C5', 'R5', 'S5', 'Y4', 'X4', 'Z4', 'C4', 'R4', 'S4', 'Y3', 'X3', 'Z3', 'C3', 'R3', 'S3', 'Y2', 'X2', 'Z2', 'C2', 'R2', 'S2', 'Y1', 'X1', 'Z1', 'C1', 'R1', 'S1', 'Y0', 'X0', 'Z0', 'C0', 'R0', 'S0'], elements=[] (len=0)
['C1', 'Y1', 'R1', 'X1', 'S1']
['C2', 'Y2', 'R2', 'X2', 'S2']
['C3', 'Y3', 'R3', 'X3', 'S3']
['C4', 'Y4', 'R4', 'X4', 'S4']
['C5', 'Y5', 'R5', 'X5', 'S5']
['C6', 'Y6', 'R6', 'X6', 'S6']
['C7', 'P', 'R7', 'Q', 'S7']
DEBUG interleave: START - Called from breadthfirst_local.py:600 in optimizeDataflows()
                       array=['P', 'Q', 'Z7', 'C7', 'R7', 'S7', 'Y6', 'X6', 'Z6', 'C6', 'R6', 'S6', 'Y5', 'X5', 'Z5', 'C5', 'R5', 'S5', 'Y4', 'X4', 'Z4', 'C4', 'R4', 'S4', 'Y3', 'X3', 'Z3', 'C3', 'R3', 'S3', 'Y2', 'X2', 'Z2', 'C2', 'R2', 'S2', 'Y1', 'X1', 'Z1', 'C1', 'R1', 'S1', 'Y0', 'X0', 'Z0', 'C0', 'R0', 'S0'], elements=[] (len=0)
['C1', 'Y1', 'R1', 'X1', 'S1']
['C2', 'Y2', 'R2', 'X2', 'S2']
['C3', 'Y3', 'R3', 'X3', 'S3']
['C4', 'Y4', 'R4', 'X4', 'S4']
['C5', 'Y5', 'R5', 'X5', 'S5']
['C6', 'Y6', 'R6', 'X6', 'S6']
['C7', 'P', 'R7', 'Q', 'S7']
Traceback (most recent call last):
  File "/home/matteo/Desktop/FactorFlow_LayerFusion/experiment_runner.py", line 3836, in run_single_experiment
    edp, mops, energy, latency, utilization, mapping_time, final_arch = run_engine(
  File "/home/matteo/Desktop/FactorFlow_LayerFusion/engine.py", line 79, in run_engine
    raise e
  File "/home/matteo/Desktop/FactorFlow_LayerFusion/engine.py", line 68, in run_engine
    arch, wart = optimizeDataflows(arch, comp, bias_read, verbose = Settings.VERBOSE)
  File "/home/matteo/Desktop/FactorFlow_LayerFusion/mappers/breadthfirst_local.py", line 637, in optimizeDataflows
    arch, wart, moves = factorFlow(arch, comp, bias_read, verbose)
  File "/home/matteo/Desktop/FactorFlow_LayerFusion/mappers/breadthfirst_local.py", line 329, in factorFlow
    assert arch.checkFactorsConstraints() and arch.checkDataflowConstraints(), ("Ill-posed constraints:" if not already_initialized else "Improperly initialized arch:") + f"\n{arch.logConstraintsViolations()}"
AssertionError: Ill-posed constraints:
CONSTRAINTS VIOLATION: Arch: Eyeriss_Constrained_8L_tile240_4x512 -> Level: GlobalBuffer: memory footprint: 143485 VS memory available: 131072
DEBUG interleave: START - Called from breadthfirst_local.py:600 in optimizeDataflows()
                       array=['P', 'Q', 'Z7', 'C7', 'R7', 'S7', 'Y6', 'X6', 'Z6', 'C6', 'R6', 'S6', 'Y5', 'X5', 'Z5', 'C5', 'R5', 'S5', 'Y4', 'X4', 'Z4', 'C4', 'R4', 'S4', 'Y3', 'X3', 'Z3', 'C3', 'R3', 'S3', 'Y2', 'X2', 'Z2', 'C2', 'R2', 'S2', 'Y1', 'X1', 'Z1', 'C1', 'R1', 'S1', 'Y0', 'X0', 'Z0', 'C0', 'R0', 'S0'], elements=[] (len=0)
['C1', 'Y1', 'R1', 'X1', 'S1']
['C2', 'Y2', 'R2', 'X2', 'S2']
['C3', 'Y3', 'R3', 'X3', 'S3']
['C4', 'Y4', 'R4', 'X4', 'S4']
['C5', 'Y5', 'R5', 'X5', 'S5']
['C6', 'Y6', 'R6', 'X6', 'S6']
['C7', 'P', 'R7', 'Q', 'S7']
DEBUG interleave: START - Called from breadthfirst_local.py:600 in optimizeDataflows()
                       array=['P', 'Q', 'Z7', 'C7', 'R7', 'S7', 'Y6', 'X6', 'Z6', 'C6', 'R6', 'S6', 'Y5', 'X5', 'Z5', 'C5', 'R5', 'S5', 'Y4', 'X4', 'Z4', 'C4', 'R4', 'S4', 'Y3', 'X3', 'Z3', 'C3', 'R3', 'S3', 'Y2', 'X2', 'Z2', 'C2', 'R2', 'S2', 'Y1', 'X1', 'Z1', 'C1', 'R1', 'S1', 'Y0', 'X0', 'Z0', 'C0', 'R0', 'S0'], elements=[] (len=0)
['C1', 'Y1', 'R1', 'X1', 'S1']
['C2', 'Y2', 'R2', 'X2', 'S2']
['C3', 'Y3', 'R3', 'X3', 'S3']
['C4', 'Y4', 'R4', 'X4', 'S4']
['C5', 'Y5', 'R5', 'X5', 'S5']
['C6', 'Y6', 'R6', 'X6', 'S6']
['C7', 'P', 'R7', 'Q', 'S7']
-------- factorFlow -------- CIAO
Arch after initialization:
tile_sizes[dim]: [240, 5], self._dim_products[dim]: [4, 1]
input_FC_size distinct: 11520
Input FC size: 11520

Input size: 1573248

Output size: 8294400

Weight size: 18792

Intermediate input size: 89477216
Total intermediate size (input + output): 0

input_size: 1573248, output_size: 8294400, weight_size: 18792, intermediate_size: 0
Total mem footprint: 9897960



tile_sizes[dim]: [4, 5], self._dim_products[dim]: [60, 1]
input_FC_size distinct: 2880
Input FC size: 2880

Input size: 3660

Output size: 3840

Weight size: 0

Intermediate input size: 91824
Total intermediate size (input + output): 133104

input_size: 3660, output_size: 3840, weight_size: 0, intermediate_size: 133104
Total mem footprint: 143485



tile_sizes[dim]: [240, 5], self._dim_products[dim]: [4, 1]
input_FC_size distinct: 11520
Input FC size: 11520

Input size: 1573248

Output size: 8294400

Weight size: 18792

Intermediate input size: 89477216
Total intermediate size (input + output): 0

input_size: 1573248, output_size: 8294400, weight_size: 18792, intermediate_size: 0
Total mem footprint: 9897960



tile_sizes[dim]: [4, 5], self._dim_products[dim]: [60, 1]
input_FC_size distinct: 2880
Input FC size: 2880

Input size: 3660

Output size: 3840

Weight size: 0

Intermediate input size: 91824
Total intermediate size (input + output): 133104

input_size: 3660, output_size: 3840, weight_size: 0, intermediate_size: 133104
Total mem footprint: 143485



tile_sizes[dim]: [4, 5], self._dim_products[dim]: [60, 1]
input_FC_size distinct: 2880
Input FC size: 2880

Input size: 3660

Output size: 3840

Weight size: 0

Intermediate input size: 91824
Total intermediate size (input + output): 133104

input_size: 3660, output_size: 3840, weight_size: 0, intermediate_size: 133104
Total mem footprint: 143485




================================================================================
MEMORY CONSTRAINT VIOLATION DEBUG - Level: GlobalBuffer
================================================================================
Memory footprint: 143,485 bytes
Memory available: 131,072 bytes
Overflow: 12,413 bytes

Full architecture mapping:
  DRAM: P:540, Q:4, Y6:540, X6:4, Y5:540, X5:4, Y4:540, X4:4, Y3:540, X3:4, Y2:540, X2:4, Y1:540, X1:4, Y0:540, X0:4
  GlobalBuffer: Q:60, X6:60, X5:60, X4:60, X3:60, X2:60, X1:60, X0:60
  SACols: Q:4
  SARows: S7:3, C7:56, Z7:2
  SACols_6: X6:4
  SARows_6: C6:12, Z6:28
  SACols_5: X5:4
  SARows_5: S5:3, C5:12, Z5:12
  SACols_4: X4:4
  SARows_4: S4:3, C4:12, Z4:12
  SACols_3: X3:4
  SARows_3: S3:3, C3:12, Z3:12
  SACols_2: X2:4
  SARows_2: S2:3, C2:12, Z2:12
  SACols_1: X1:4
  SARows_1: C1:56, Z1:6
  SACols_0: X0:4
  SARows_0: S0:5, C0:3, Z0:28
  WRegister: R7:3, R5:3, R4:3, R3:3, R2:3, R0:5
  IntermediateRegister: Z6:2, Z1:2, Z0:2
  OutRegister: Z7:8
================================================================================

tile_sizes[dim]: [1, 1], self._dim_products[dim]: [1, 1]
input_FC_size distinct: 4
Input FC size: 4

Input size: 5

Output size: 0

Weight size: 0

Intermediate input size: 17
Total intermediate size (input + output): 17

input_size: 5, output_size: 0, weight_size: 0, intermediate_size: 17
Total mem footprint: 27



tile_sizes[dim]: [1, 1], self._dim_products[dim]: [1, 1]
input_FC_size distinct: 0
Input FC size: 0

Input size: 0

Output size: 0

Weight size: 50

Intermediate input size: 17
Total intermediate size (input + output): 0

input_size: 0, output_size: 0, weight_size: 50, intermediate_size: 0
Total mem footprint: 50



tile_sizes[dim]: [1, 1], self._dim_products[dim]: [1, 1]
input_FC_size distinct: 0
Input FC size: 0

Input size: 0

Output size: 0

Weight size: 0

Intermediate input size: 7
Total intermediate size (input + output): 10

input_size: 0, output_size: 0, weight_size: 0, intermediate_size: 10
Total mem footprint: 10



tile_sizes[dim]: [1, 1], self._dim_products[dim]: [1, 1]
input_FC_size distinct: 0
Input FC size: 0

Input size: 0

Output size: 8

Weight size: 0

Intermediate input size: 7
Total intermediate size (input + output): 0

input_size: 0, output_size: 8, weight_size: 0, intermediate_size: 0
Total mem footprint: 8



  ✗ Failed: Ill-posed constraints:
CONSTRAINTS VIOLATION: Arch...

[PE=1024x2] Running experiment...
------ loading Accelergy for Eyeriss ------
[Constrained Eyeriss] 8 layers, tile_size=240
  DRAM: {'Q': 4, 'P': 540, 'X0': 4, 'Y0': 540, 'Z0': 1, 'C0': 1, 'R0': 1, 'S0': 1, 'X1': 4, 'Y1': 540, 'Z1': 1, 'C1': 1, 'R1': 1, 'S1': 1, 'X2': 4, 'Y2': 540, 'Z2': 1, 'C2': 1, 'R2': 1, 'S2': 1, 'X3': 4, 'Y3': 540, 'Z3': 1, 'C3': 1, 'R3': 1, 'S3': 1, 'X4': 4, 'Y4': 540, 'Z4': 1, 'C4': 1, 'R4': 1, 'S4': 1, 'X5': 4, 'Y5': 540, 'Z5': 1, 'C5': 1, 'R5': 1, 'S5': 1, 'X6': 4, 'Y6': 540, 'Z6': 1, 'C6': 1, 'R6': 1, 'S6': 1, 'Z7': 1, 'C7': 1, 'R7': 1, 'S7': 1}
  GlobalBuffer: {'Q': 120, 'P': 1, 'X0': 120, 'Y0': 1, 'Z0': 1, 'C0': 1, 'R0': 1, 'S0': 1, 'X1': 120, 'Y1': 1, 'Z1': 1, 'C1': 1, 'R1': 1, 'S1': 1, 'X2': 120, 'Y2': 1, 'Z2': 1, 'C2': 1, 'R2': 1, 'S2': 1, 'X3': 120, 'Y3': 1, 'Z3': 1, 'C3': 1, 'R3': 1, 'S3': 1, 'X4': 120, 'Y4': 1, 'Z4': 1, 'C4': 1, 'R4': 1, 'S4': 1, 'X5': 120, 'Y5': 1, 'Z5': 1, 'C5': 1, 'R5': 1, 'S5': 1, 'X6': 120, 'Y6': 1, 'Z6': 1, 'C6': 1, 'R6': 1, 'S6': 1, 'Z7': 1, 'C7': 1, 'R7': 1, 'S7': 1}
  SACols: {'Q': 2, 'Z7': 1}
  SARows_0: {'S0': 5, 'C0': 3, 'Z0': 56}
  SARows_1: {'S1': 1, 'C1': 56, 'Z1': 12}
  SARows_2: {'S2': 3, 'C2': 12, 'Z2': 12}
  SARows_3: {'S3': 3, 'C3': 12, 'Z3': 12}
  SARows_4: {'S4': 3, 'C4': 12, 'Z4': 12}
  SARows_5: {'S5': 3, 'C5': 12, 'Z5': 12}
  SARows_6: {'S6': 1, 'C6': 12, 'Z6': 56}
  SARows_7: {'S7': 3, 'C7': 56, 'Z7': 4}
Creating architecture: Eyeriss_Constrained_8L_tile240_2x1024 with coupling: dims: C0Y0X0R0S0Z0C1R1S1Y1X1Z1C2R2S2Y2X2Z2C3R3S3Y3X3Z3C4R4S4Y4X4Z4C5R5S5Y5X5Z5C6R6S6Y6X6Z6C7R7S7PQZ7, in_coupling: [C0][Y0+R0][X0+S0], w_coupling: W0: [Z0][C0][R0][S0],W1: [Z1][C1][R1][S1],W2: [Z2][C2][R2][S2],W3: [Z3][C3][R3][S3],W4: [Z4][C4][R4][S4],W5: [Z5][C5][R5][S5],W6: [Z6][C6][R6][S6],W7: [Z7][C7][R7][S7],, out_coupling: [Z7][P][Q]
final_layer_dims: {'C7', 'P', 'X0', 'Y0', 'R0', 'C0', 'S0', 'Z7', 'R7', 'Q', 'S7'}, coupling.dims: ['C0', 'Y0', 'X0', 'R0', 'S0', 'Z0', 'C1', 'R1', 'S1', 'Y1', 'X1', 'Z1', 'C2', 'R2', 'S2', 'Y2', 'X2', 'Z2', 'C3', 'R3', 'S3', 'Y3', 'X3', 'Z3', 'C4', 'R4', 'S4', 'Y4', 'X4', 'Z4', 'C5', 'R5', 'S5', 'Y5', 'X5', 'Z5', 'C6', 'R6', 'S6', 'Y6', 'X6', 'Z6', 'C7', 'R7', 'S7', 'P', 'Q', 'Z7']
INFO: Arch: Eyeriss_Constrained_8L_tile240_2x1024: identified intermediate dimensions: {'Y2', 'C1', 'R5', 'Z6', 'C6', 'X1', 'Z1', 'Y4', 'X6', 'C3', 'R4', 'R3', 'Y3', 'X3', 'S1', 'S6', 'Z4', 'Z0', 'R2', 'Y6', 'Z3', 'C5', 'S2', 'S4', 'C4', 'R6', 'C2', 'Z2', 'R1', 'X5', 'X2', 'Y1', 'Z5', 'S3', 'X4', 'Y5', 'S5'}
INFO: Added high constraint for intermediate dimension P in level InRegister
INFO: Added high constraint for intermediate dimension R1 in level InRegister
INFO: Added high constraint for intermediate dimension P in level WRegister
INFO: Added high constraint for intermediate dimension R1 in level WRegister
INFO: Added high constraint for intermediate dimension P in level IntermediateRegister
INFO: Added high constraint for intermediate dimension R1 in level IntermediateRegister
INFO: Added high constraint for intermediate dimension P in level OutRegister
INFO: Added high constraint for intermediate dimension R1 in level OutRegister
Starting engine with mapper: breadthfirst_local

WARNING: running on a Python version without free-threading (GIL enabled), this program relies heavily on true multithreading, thus expect a severe performance hit with your current setup. Consider updating to Python 3.13t or newer.
INFO: running multithreaded with THREADS_COUNT = 8

DEBUG interleave: START - Called from breadthfirst_local.py:600 in optimizeDataflows()
                       array=['P', 'Q', 'Z7', 'C7', 'R7', 'S7', 'Y6', 'X6', 'Z6', 'C6', 'R6', 'S6', 'Y5', 'X5', 'Z5', 'C5', 'R5', 'S5', 'Y4', 'X4', 'Z4', 'C4', 'R4', 'S4', 'Y3', 'X3', 'Z3', 'C3', 'R3', 'S3', 'Y2', 'X2', 'Z2', 'C2', 'R2', 'S2', 'Y1', 'X1', 'Z1', 'C1', 'R1', 'S1', 'Y0', 'X0', 'Z0', 'C0', 'R0', 'S0'], elements=[] (len=0)
['C1', 'Y1', 'R1', 'X1', 'S1']
['C2', 'Y2', 'R2', 'X2', 'S2']
['C3', 'Y3', 'R3', 'X3', 'S3']
['C4', 'Y4', 'R4', 'X4', 'S4']
['C5', 'Y5', 'R5', 'X5', 'S5']
['C6', 'Y6', 'R6', 'X6', 'S6']
['C7', 'P', 'R7', 'Q', 'S7']
DEBUG interleave: START - Called from breadthfirst_local.py:600 in optimizeDataflows()
                       array=['P', 'Q', 'Z7', 'C7', 'R7', 'S7', 'Y6', 'X6', 'Z6', 'C6', 'R6', 'S6', 'Y5', 'X5', 'Z5', 'C5', 'R5', 'S5', 'Y4', 'X4', 'Z4', 'C4', 'R4', 'S4', 'Y3', 'X3', 'Z3', 'C3', 'R3', 'S3', 'Y2', 'X2', 'Z2', 'C2', 'R2', 'S2', 'Y1', 'X1', 'Z1', 'C1', 'R1', 'S1', 'Y0', 'X0', 'Z0', 'C0', 'R0', 'S0'], elements=[] (len=0)
['C1', 'Y1', 'R1', 'X1', 'S1']
['C2', 'Y2', 'R2', 'X2', 'S2']
['C3', 'Y3', 'R3', 'X3', 'S3']
['C4', 'Y4', 'R4', 'X4', 'S4']
['C5', 'Y5', 'R5', 'X5', 'S5']
['C6', 'Y6', 'R6', 'X6', 'S6']
['C7', 'P', 'R7', 'Q', 'S7']
DEBUG interleave: START - Called from breadthfirst_local.py:600 in optimizeDataflows()
                       array=['P', 'Q', 'Z7', 'C7', 'R7', 'S7', 'Y6', 'X6', 'Z6', 'C6', 'R6', 'S6', 'Y5', 'X5', 'Z5', 'C5', 'R5', 'S5', 'Y4', 'X4', 'Z4', 'C4', 'R4', 'S4', 'Y3', 'X3', 'Z3', 'C3', 'R3', 'S3', 'Y2', 'X2', 'Z2', 'C2', 'R2', 'S2', 'Y1', 'X1', 'Z1', 'C1', 'R1', 'S1', 'Y0', 'X0', 'Z0', 'C0', 'R0', 'S0'], elements=[] (len=0)
['C1', 'Y1', 'R1', 'X1', 'S1']
['C2', 'Y2', 'R2', 'X2', 'S2']
['C3', 'Y3', 'R3', 'X3', 'S3']
['C4', 'Y4', 'R4', 'X4', 'S4']
['C5', 'Y5', 'R5', 'X5', 'S5']
['C6', 'Y6', 'R6', 'X6', 'S6']
['C7', 'P', 'R7', 'Q', 'S7']
DEBUG interleave: START - Called from breadthfirst_local.py:600 in optimizeDataflows()
                       array=['P', 'Q', 'Z7', 'C7', 'R7', 'S7', 'Y6', 'X6', 'Z6', 'C6', 'R6', 'S6', 'Y5', 'X5', 'Z5', 'C5', 'R5', 'S5', 'Y4', 'X4', 'Z4', 'C4', 'R4', 'S4', 'Y3', 'X3', 'Z3', 'C3', 'R3', 'S3', 'Y2', 'X2', 'Z2', 'C2', 'R2', 'S2', 'Y1', 'X1', 'Z1', 'C1', 'R1', 'S1', 'Y0', 'X0', 'Z0', 'C0', 'R0', 'S0'], elements=[] (len=0)
['C1', 'Y1', 'R1', 'X1', 'S1']
['C2', 'Y2', 'R2', 'X2', 'S2']
['C3', 'Y3', 'R3', 'X3', 'S3']
['C4', 'Y4', 'R4', 'X4', 'S4']
['C5', 'Y5', 'R5', 'X5', 'S5']
['C6', 'Y6', 'R6', 'X6', 'S6']
['C7', 'P', 'R7', 'Q', 'S7']
DEBUG interleave: START - Called from breadthfirst_local.py:600 in optimizeDataflows()
                       array=['P', 'Q', 'Z7', 'C7', 'R7', 'S7', 'Y6', 'X6', 'Z6', 'C6', 'R6', 'S6', 'Y5', 'X5', 'Z5', 'C5', 'R5', 'S5', 'Y4', 'X4', 'Z4', 'C4', 'R4', 'S4', 'Y3', 'X3', 'Z3', 'C3', 'R3', 'S3', 'Y2', 'X2', 'Z2', 'C2', 'R2', 'S2', 'Y1', 'X1', 'Z1', 'C1', 'R1', 'S1', 'Y0', 'X0', 'Z0', 'C0', 'R0', 'S0'], elements=[] (len=0)
['C1', 'Y1', 'R1', 'X1', 'S1']
['C2', 'Y2', 'R2', 'X2', 'S2']
['C3', 'Y3', 'R3', 'X3', 'S3']
['C4', 'Y4', 'R4', 'X4', 'S4']
['C5', 'Y5', 'R5', 'X5', 'S5']
['C6', 'Y6', 'R6', 'X6', 'S6']
['C7', 'P', 'R7', 'Q', 'S7']
DEBUG interleave: START - Called from breadthfirst_local.py:600 in optimizeDataflows()
                       array=['P', 'Q', 'Z7', 'C7', 'R7', 'S7', 'Y6', 'X6', 'Z6', 'C6', 'R6', 'S6', 'Y5', 'X5', 'Z5', 'C5', 'R5', 'S5', 'Y4', 'X4', 'Z4', 'C4', 'R4', 'S4', 'Y3', 'X3', 'Z3', 'C3', 'R3', 'S3', 'Y2', 'X2', 'Z2', 'C2', 'R2', 'S2', 'Y1', 'X1', 'Z1', 'C1', 'R1', 'S1', 'Y0', 'X0', 'Z0', 'C0', 'R0', 'S0'], elements=[] (len=0)
['C1', 'Y1', 'R1', 'X1', 'S1']
['C2', 'Y2', 'R2', 'X2', 'S2']
['C3', 'Y3', 'R3', 'X3', 'S3']
['C4', 'Y4', 'R4', 'X4', 'S4']
['C5', 'Y5', 'R5', 'X5', 'S5']
['C6', 'Y6', 'R6', 'X6', 'S6']
['C7', 'P', 'R7', 'Q', 'S7']
-------- factorFlow -------- CIAO
Arch after initialization:
tile_sizes[dim]: [240, 5], self._dim_products[dim]: [4, 1]
input_FC_size distinct: 11520
Input FC size: 11520

Input size: 1573248

Output size: 8294400

Weight size: 18792

Intermediate input size: 89477216
Total intermediate size (input + output): 0

input_size: 1573248, output_size: 8294400, weight_size: 18792, intermediate_size: 0
Total mem footprint: 9897960



tile_sizes[dim]: [2, 5], self._dim_products[dim]: [120, 1]
input_FC_size distinct: 2880
Input FC size: 2880

Input size: 3660

Output size: 3840

Weight size: 0

Intermediate input size: 91824
Total intermediate size (input + output): 133104

input_size: 3660, output_size: 3840, weight_size: 0, intermediate_size: 133104
Total mem footprint: 143485



tile_sizes[dim]: [240, 5], self._dim_products[dim]: [4, 1]
input_FC_size distinct: 11520
Input FC size: 11520

Input size: 1573248

Output size: 8294400

Weight size: 18792

Intermediate input size: 89477216
Total intermediate size (input + output): 0

input_size: 1573248, output_size: 8294400, weight_size: 18792, intermediate_size: 0
Total mem footprint: 9897960



tile_sizes[dim]: [2, 5], self._dim_products[dim]: [120, 1]
input_FC_size distinct: 2880
Input FC size: 2880

Input size: 3660

Output size: 3840

Weight size: 0

Intermediate input size: 91824
Total intermediate size (input + output): 133104

input_size: 3660, output_size: 3840, weight_size: 0, intermediate_size: 133104
Total mem footprint: 143485



tile_sizes[dim]: [2, 5], self._dim_products[dim]: [120, 1]
input_FC_size distinct: 2880
Input FC size: 2880

Input size: 3660

Output size: 3840

Weight size: 0

Intermediate input size: 91824
Total intermediate size (input + output): 133104

input_size: 3660, output_size: 3840, weight_size: 0, intermediate_size: 133104
Total mem footprint: 143485




================================================================================
MEMORY CONSTRAINT VIOLATION DEBUG - Level: GlobalBuffer
================================================================================
Memory footprint: 143,485 bytes
Memory available: 131,072 bytes
Overflow: 12,413 bytes

Full architecture mapping:
  DRAM: P:540, Q:4, Y6:540, X6:4, Y5:540, X5:4, Y4:540, X4:4, Y3:540, X3:4, Y2:540, X2:4, Y1:540, X1:4, Y0:540, X0:4
  GlobalBuffer: Q:120, X6:120, X5:120, X4:120, X3:120, X2:120, X1:120, X0:120
  SACols: Q:2
  SARows: S7:3, C7:56, Z7:4
  SACols_6: X6:2
  SARows_6: C6:12, Z6:56
  SACols_5: X5:2
  SARows_5: S5:3, C5:12, Z5:12
  SACols_4: X4:2
  SARows_4: S4:3, C4:12, Z4:12
  SACols_3: X3:2
  SARows_3: S3:3, C3:12, Z3:12
  SACols_2: X2:2
  SARows_2: S2:3, C2:12, Z2:12
  SACols_1: X1:2
  SARows_1: C1:56, Z1:12
  SACols_0: X0:2
  SARows_0: S0:5, C0:3, Z0:56
  WRegister: R7:3, R5:3, R4:3, R3:3, R2:3, R0:5
  OutRegister: Z7:4
================================================================================

tile_sizes[dim]: [1, 1], self._dim_products[dim]: [1, 1]
input_FC_size distinct: 4
Input FC size: 4

Input size: 5

Output size: 0

Weight size: 0

Intermediate input size: 17
Total intermediate size (input + output): 17

input_size: 5, output_size: 0, weight_size: 0, intermediate_size: 17
Total mem footprint: 27



tile_sizes[dim]: [1, 1], self._dim_products[dim]: [1, 1]
input_FC_size distinct: 0
Input FC size: 0

Input size: 0

Output size: 0

Weight size: 31

Intermediate input size: 17
Total intermediate size (input + output): 0

Traceback (most recent call last):
  File "/home/matteo/Desktop/FactorFlow_LayerFusion/experiment_runner.py", line 3836, in run_single_experiment
    edp, mops, energy, latency, utilization, mapping_time, final_arch = run_engine(
  File "/home/matteo/Desktop/FactorFlow_LayerFusion/engine.py", line 79, in run_engine
    raise e
  File "/home/matteo/Desktop/FactorFlow_LayerFusion/engine.py", line 68, in run_engine
    arch, wart = optimizeDataflows(arch, comp, bias_read, verbose = Settings.VERBOSE)
  File "/home/matteo/Desktop/FactorFlow_LayerFusion/mappers/breadthfirst_local.py", line 637, in optimizeDataflows
    arch, wart, moves = factorFlow(arch, comp, bias_read, verbose)
  File "/home/matteo/Desktop/FactorFlow_LayerFusion/mappers/breadthfirst_local.py", line 329, in factorFlow
    assert arch.checkFactorsConstraints() and arch.checkDataflowConstraints(), ("Ill-posed constraints:" if not already_initialized else "Improperly initialized arch:") + f"\n{arch.logConstraintsViolations()}"
AssertionError: Ill-posed constraints:
CONSTRAINTS VIOLATION: Arch: Eyeriss_Constrained_8L_tile240_2x1024 -> Level: GlobalBuffer: memory footprint: 143485 VS memory available: 131072
input_size: 0, output_size: 0, weight_size: 31, intermediate_size: 0
Total mem footprint: 31



tile_sizes[dim]: [1, 1], self._dim_products[dim]: [1, 1]
input_FC_size distinct: 0
Input FC size: 0

Input size: 0

Output size: 0

Weight size: 0

Intermediate input size: 7
Total intermediate size (input + output): 7

input_size: 0, output_size: 0, weight_size: 0, intermediate_size: 7
Total mem footprint: 7



tile_sizes[dim]: [1, 1], self._dim_products[dim]: [1, 1]
input_FC_size distinct: 0
Input FC size: 0

Input size: 0

Output size: 4

Weight size: 0

Intermediate input size: 7
Total intermediate size (input + output): 0

input_size: 0, output_size: 4, weight_size: 0, intermediate_size: 0
Total mem footprint: 4



  ✗ Failed: Ill-posed constraints:
CONSTRAINTS VIOLATION: Arch...

[PE=2048x1] Running experiment...
------ loading Accelergy for Eyeriss ------
[Constrained Eyeriss] 8 layers, tile_size=240
  DRAM: {'Q': 4, 'P': 540, 'X0': 4, 'Y0': 540, 'Z0': 1, 'C0': 1, 'R0': 1, 'S0': 1, 'X1': 4, 'Y1': 540, 'Z1': 1, 'C1': 1, 'R1': 1, 'S1': 1, 'X2': 4, 'Y2': 540, 'Z2': 1, 'C2': 1, 'R2': 1, 'S2': 1, 'X3': 4, 'Y3': 540, 'Z3': 1, 'C3': 1, 'R3': 1, 'S3': 1, 'X4': 4, 'Y4': 540, 'Z4': 1, 'C4': 1, 'R4': 1, 'S4': 1, 'X5': 4, 'Y5': 540, 'Z5': 1, 'C5': 1, 'R5': 1, 'S5': 1, 'X6': 4, 'Y6': 540, 'Z6': 1, 'C6': 1, 'R6': 1, 'S6': 1, 'Z7': 1, 'C7': 1, 'R7': 1, 'S7': 1}
  GlobalBuffer: {'Q': 240, 'P': 1, 'X0': 240, 'Y0': 1, 'Z0': 1, 'C0': 1, 'R0': 1, 'S0': 1, 'X1': 240, 'Y1': 1, 'Z1': 1, 'C1': 1, 'R1': 1, 'S1': 1, 'X2': 240, 'Y2': 1, 'Z2': 1, 'C2': 1, 'R2': 1, 'S2': 1, 'X3': 240, 'Y3': 1, 'Z3': 1, 'C3': 1, 'R3': 1, 'S3': 1, 'X4': 240, 'Y4': 1, 'Z4': 1, 'C4': 1, 'R4': 1, 'S4': 1, 'X5': 240, 'Y5': 1, 'Z5': 1, 'C5': 1, 'R5': 1, 'S5': 1, 'X6': 240, 'Y6': 1, 'Z6': 1, 'C6': 1, 'R6': 1, 'S6': 1, 'Z7': 1, 'C7': 1, 'R7': 1, 'S7': 1}
  SACols: {'Q': 1, 'Z7': 1}
  SARows_0: {'S0': 5, 'C0': 3, 'Z0': 56}
  SARows_1: {'S1': 1, 'C1': 56, 'Z1': 12}
  SARows_2: {'S2': 3, 'C2': 12, 'Z2': 12}
  SARows_3: {'S3': 3, 'C3': 12, 'Z3': 12}
  SARows_4: {'S4': 3, 'C4': 12, 'Z4': 12}
  SARows_5: {'S5': 3, 'C5': 12, 'Z5': 12}
  SARows_6: {'S6': 1, 'C6': 12, 'Z6': 56}
  SARows_7: {'S7': 3, 'C7': 56, 'Z7': 8}
Creating architecture: Eyeriss_Constrained_8L_tile240_1x2048 with coupling: dims: C0Y0X0R0S0Z0C1R1S1Y1X1Z1C2R2S2Y2X2Z2C3R3S3Y3X3Z3C4R4S4Y4X4Z4C5R5S5Y5X5Z5C6R6S6Y6X6Z6C7R7S7PQZ7, in_coupling: [C0][Y0+R0][X0+S0], w_coupling: W0: [Z0][C0][R0][S0],W1: [Z1][C1][R1][S1],W2: [Z2][C2][R2][S2],W3: [Z3][C3][R3][S3],W4: [Z4][C4][R4][S4],W5: [Z5][C5][R5][S5],W6: [Z6][C6][R6][S6],W7: [Z7][C7][R7][S7],, out_coupling: [Z7][P][Q]
final_layer_dims: {'C7', 'P', 'X0', 'Y0', 'R0', 'C0', 'S0', 'Z7', 'R7', 'Q', 'S7'}, coupling.dims: ['C0', 'Y0', 'X0', 'R0', 'S0', 'Z0', 'C1', 'R1', 'S1', 'Y1', 'X1', 'Z1', 'C2', 'R2', 'S2', 'Y2', 'X2', 'Z2', 'C3', 'R3', 'S3', 'Y3', 'X3', 'Z3', 'C4', 'R4', 'S4', 'Y4', 'X4', 'Z4', 'C5', 'R5', 'S5', 'Y5', 'X5', 'Z5', 'C6', 'R6', 'S6', 'Y6', 'X6', 'Z6', 'C7', 'R7', 'S7', 'P', 'Q', 'Z7']
INFO: Arch: Eyeriss_Constrained_8L_tile240_1x2048: identified intermediate dimensions: {'Y2', 'C1', 'R5', 'Z6', 'C6', 'X1', 'Z1', 'Y4', 'X6', 'C3', 'R4', 'R3', 'Y3', 'X3', 'S1', 'S6', 'Z4', 'Z0', 'R2', 'Y6', 'Z3', 'C5', 'S2', 'S4', 'C4', 'R6', 'C2', 'Z2', 'R1', 'X5', 'X2', 'Y1', 'Z5', 'S3', 'X4', 'Y5', 'S5'}
INFO: Added high constraint for intermediate dimension P in level InRegister
INFO: Added high constraint for intermediate dimension R1 in level InRegister
INFO: Added high constraint for intermediate dimension P in level WRegister
INFO: Added high constraint for intermediate dimension R1 in level WRegister
INFO: Added high constraint for intermediate dimension P in level IntermediateRegister
INFO: Added high constraint for intermediate dimension R1 in level IntermediateRegister
INFO: Added high constraint for intermediate dimension P in level OutRegister
INFO: Added high constraint for intermediate dimension R1 in level OutRegister
Starting engine with mapper: breadthfirst_local

WARNING: running on a Python version without free-threading (GIL enabled), this program relies heavily on true multithreading, thus expect a severe performance hit with your current setup. Consider updating to Python 3.13t or newer.
INFO: running multithreaded with THREADS_COUNT = 8

DEBUG interleave: START - Called from breadthfirst_local.py:600 in optimizeDataflows()
                       array=['P', 'Q', 'Z7', 'C7', 'R7', 'S7', 'Y6', 'X6', 'Z6', 'C6', 'R6', 'S6', 'Y5', 'X5', 'Z5', 'C5', 'R5', 'S5', 'Y4', 'X4', 'Z4', 'C4', 'R4', 'S4', 'Y3', 'X3', 'Z3', 'C3', 'R3', 'S3', 'Y2', 'X2', 'Z2', 'C2', 'R2', 'S2', 'Y1', 'X1', 'Z1', 'C1', 'R1', 'S1', 'Y0', 'X0', 'Z0', 'C0', 'R0', 'S0'], elements=[] (len=0)
['C1', 'Y1', 'R1', 'X1', 'S1']
['C2', 'Y2', 'R2', 'X2', 'S2']
['C3', 'Y3', 'R3', 'X3', 'S3']
['C4', 'Y4', 'R4', 'X4', 'S4']
['C5', 'Y5', 'R5', 'X5', 'S5']
['C6', 'Y6', 'R6', 'X6', 'S6']
['C7', 'P', 'R7', 'Q', 'S7']
DEBUG interleave: START - Called from breadthfirst_local.py:600 in optimizeDataflows()
                       array=['P', 'Q', 'Z7', 'C7', 'R7', 'S7', 'Y6', 'X6', 'Z6', 'C6', 'R6', 'S6', 'Y5', 'X5', 'Z5', 'C5', 'R5', 'S5', 'Y4', 'X4', 'Z4', 'C4', 'R4', 'S4', 'Y3', 'X3', 'Z3', 'C3', 'R3', 'S3', 'Y2', 'X2', 'Z2', 'C2', 'R2', 'S2', 'Y1', 'X1', 'Z1', 'C1', 'R1', 'S1', 'Y0', 'X0', 'Z0', 'C0', 'R0', 'S0'], elements=[] (len=0)
['C1', 'Y1', 'R1', 'X1', 'S1']
['C2', 'Y2', 'R2', 'X2', 'S2']
['C3', 'Y3', 'R3', 'X3', 'S3']
['C4', 'Y4', 'R4', 'X4', 'S4']
['C5', 'Y5', 'R5', 'X5', 'S5']
['C6', 'Y6', 'R6', 'X6', 'S6']
['C7', 'P', 'R7', 'Q', 'S7']
DEBUG interleave: START - Called from breadthfirst_local.py:600 in optimizeDataflows()
                       array=['P', 'Q', 'Z7', 'C7', 'R7', 'S7', 'Y6', 'X6', 'Z6', 'C6', 'R6', 'S6', 'Y5', 'X5', 'Z5', 'C5', 'R5', 'S5', 'Y4', 'X4', 'Z4', 'C4', 'R4', 'S4', 'Y3', 'X3', 'Z3', 'C3', 'R3', 'S3', 'Y2', 'X2', 'Z2', 'C2', 'R2', 'S2', 'Y1', 'X1', 'Z1', 'C1', 'R1', 'S1', 'Y0', 'X0', 'Z0', 'C0', 'R0', 'S0'], elements=[] (len=0)
['C1', 'Y1', 'R1', 'X1', 'S1']
['C2', 'Y2', 'R2', 'X2', 'S2']
['C3', 'Y3', 'R3', 'X3', 'S3']
['C4', 'Y4', 'R4', 'X4', 'S4']
['C5', 'Y5', 'R5', 'X5', 'S5']
['C6', 'Y6', 'R6', 'X6', 'S6']
['C7', 'P', 'R7', 'Q', 'S7']
DEBUG interleave: START - Called from breadthfirst_local.py:600 in optimizeDataflows()
                       array=['P', 'Q', 'Z7', 'C7', 'R7', 'S7', 'Y6', 'X6', 'Z6', 'C6', 'R6', 'S6', 'Y5', 'X5', 'Z5', 'C5', 'R5', 'S5', 'Y4', 'X4', 'Z4', 'C4', 'R4', 'S4', 'Y3', 'X3', 'Z3', 'C3', 'R3', 'S3', 'Y2', 'X2', 'Z2', 'C2', 'R2', 'S2', 'Y1', 'X1', 'Z1', 'C1', 'R1', 'S1', 'Y0', 'X0', 'Z0', 'C0', 'R0', 'S0'], elements=[] (len=0)
['C1', 'Y1', 'R1', 'X1', 'S1']
['C2', 'Y2', 'R2', 'X2', 'S2']
['C3', 'Y3', 'R3', 'X3', 'S3']
['C4', 'Y4', 'R4', 'X4', 'S4']
['C5', 'Y5', 'R5', 'X5', 'S5']
['C6', 'Y6', 'R6', 'X6', 'S6']
['C7', 'P', 'R7', 'Q', 'S7']
DEBUG interleave: START - Called from breadthfirst_local.py:600 in optimizeDataflows()
                       array=['P', 'Q', 'Z7', 'C7', 'R7', 'S7', 'Y6', 'X6', 'Z6', 'C6', 'R6', 'S6', 'Y5', 'X5', 'Z5', 'C5', 'R5', 'S5', 'Y4', 'X4', 'Z4', 'C4', 'R4', 'S4', 'Y3', 'X3', 'Z3', 'C3', 'R3', 'S3', 'Y2', 'X2', 'Z2', 'C2', 'R2', 'S2', 'Y1', 'X1', 'Z1', 'C1', 'R1', 'S1', 'Y0', 'X0', 'Z0', 'C0', 'R0', 'S0'], elements=[] (len=0)
['C1', 'Y1', 'R1', 'X1', 'S1']
['C2', 'Y2', 'R2', 'X2', 'S2']
['C3', 'Y3', 'R3', 'X3', 'S3']
['C4', 'Y4', 'R4', 'X4', 'S4']
['C5', 'Y5', 'R5', 'X5', 'S5']
['C6', 'Y6', 'R6', 'X6', 'S6']
['C7', 'P', 'R7', 'Q', 'S7']
DEBUG interleave: START - Called from breadthfirst_local.py:600 in optimizeDataflows()
                       array=['P', 'Q', 'Z7', 'C7', 'R7', 'S7', 'Y6', 'X6', 'Z6', 'C6', 'R6', 'S6', 'Y5', 'X5', 'Z5', 'C5', 'R5', 'S5', 'Y4', 'X4', 'Z4', 'C4', 'R4', 'S4', 'Y3', 'X3', 'Z3', 'C3', 'R3', 'S3', 'Y2', 'X2', 'Z2', 'C2', 'R2', 'S2', 'Y1', 'X1', 'Z1', 'C1', 'R1', 'S1', 'Y0', 'X0', 'Z0', 'C0', 'R0', 'S0'], elements=[] (len=0)
['C1', 'Y1', 'R1', 'X1', 'S1']
['C2', 'Y2', 'R2', 'X2', 'S2']
['C3', 'Y3', 'R3', 'X3', 'S3']
['C4', 'Y4', 'R4', 'X4', 'S4']
['C5', 'Y5', 'R5', 'X5', 'S5']
['C6', 'Y6', 'R6', 'X6', 'S6']
['C7', 'P', 'R7', 'Q', 'S7']
-------- factorFlow -------- CIAO
Arch after initialization:
Traceback (most recent call last):
  File "/home/matteo/Desktop/FactorFlow_LayerFusion/experiment_runner.py", line 3836, in run_single_experiment
    edp, mops, energy, latency, utilization, mapping_time, final_arch = run_engine(
  File "/home/matteo/Desktop/FactorFlow_LayerFusion/engine.py", line 79, in run_engine
    raise e
  File "/home/matteo/Desktop/FactorFlow_LayerFusion/engine.py", line 68, in run_engine
    arch, wart = optimizeDataflows(arch, comp, bias_read, verbose = Settings.VERBOSE)
  File "/home/matteo/Desktop/FactorFlow_LayerFusion/mappers/breadthfirst_local.py", line 637, in optimizeDataflows
    arch, wart, moves = factorFlow(arch, comp, bias_read, verbose)
  File "/home/matteo/Desktop/FactorFlow_LayerFusion/mappers/breadthfirst_local.py", line 329, in factorFlow
    assert arch.checkFactorsConstraints() and arch.checkDataflowConstraints(), ("Ill-posed constraints:" if not already_initialized else "Improperly initialized arch:") + f"\n{arch.logConstraintsViolations()}"
AssertionError: Ill-posed constraints:
CONSTRAINTS VIOLATION: Arch: Eyeriss_Constrained_8L_tile240_1x2048 -> Level: GlobalBuffer: memory footprint: 143485 VS memory available: 131072
tile_sizes[dim]: [240, 5], self._dim_products[dim]: [4, 1]
input_FC_size distinct: 11520
Input FC size: 11520

Input size: 1573248

Output size: 8294400

Weight size: 18792

Intermediate input size: 89477216
Total intermediate size (input + output): 0

input_size: 1573248, output_size: 8294400, weight_size: 18792, intermediate_size: 0
Total mem footprint: 9897960



tile_sizes[dim]: [1, 5], self._dim_products[dim]: [240, 1]
input_FC_size distinct: 2880
Input FC size: 2880

Input size: 3660

Output size: 3840

Weight size: 0

Intermediate input size: 91824
Total intermediate size (input + output): 133104

input_size: 3660, output_size: 3840, weight_size: 0, intermediate_size: 133104
Total mem footprint: 143485



tile_sizes[dim]: [240, 5], self._dim_products[dim]: [4, 1]
input_FC_size distinct: 11520
Input FC size: 11520

Input size: 1573248

Output size: 8294400

Weight size: 18792

Intermediate input size: 89477216
Total intermediate size (input + output): 0

input_size: 1573248, output_size: 8294400, weight_size: 18792, intermediate_size: 0
Total mem footprint: 9897960



tile_sizes[dim]: [1, 5], self._dim_products[dim]: [240, 1]
input_FC_size distinct: 2880
Input FC size: 2880

Input size: 3660

Output size: 3840

Weight size: 0

Intermediate input size: 91824
Total intermediate size (input + output): 133104

input_size: 3660, output_size: 3840, weight_size: 0, intermediate_size: 133104
Total mem footprint: 143485



tile_sizes[dim]: [1, 5], self._dim_products[dim]: [240, 1]
input_FC_size distinct: 2880
Input FC size: 2880

Input size: 3660

Output size: 3840

Weight size: 0

Intermediate input size: 91824
Total intermediate size (input + output): 133104

input_size: 3660, output_size: 3840, weight_size: 0, intermediate_size: 133104
Total mem footprint: 143485




================================================================================
MEMORY CONSTRAINT VIOLATION DEBUG - Level: GlobalBuffer
================================================================================
Memory footprint: 143,485 bytes
Memory available: 131,072 bytes
Overflow: 12,413 bytes

Full architecture mapping:
  DRAM: P:540, Q:4, Y6:540, X6:4, Y5:540, X5:4, Y4:540, X4:4, Y3:540, X3:4, Y2:540, X2:4, Y1:540, X1:4, Y0:540, X0:4
  GlobalBuffer: Q:240, X6:240, X5:240, X4:240, X3:240, X2:240, X1:240, X0:240
  SARows: S7:3, C7:56, Z7:8
  SARows_6: C6:12, Z6:56
  SARows_5: S5:3, C5:12, Z5:12
  SARows_4: S4:3, C4:12, Z4:12
  SARows_3: S3:3, C3:12, Z3:12
  SARows_2: S2:3, C2:12, Z2:12
  SARows_1: C1:56, Z1:12
  SARows_0: S0:5, C0:3, Z0:56
  WRegister: R7:3, R5:3, R4:3, R3:3, R2:3, R0:5
  OutRegister: Z7:2
================================================================================

tile_sizes[dim]: [1, 1], self._dim_products[dim]: [1, 1]
input_FC_size distinct: 4
Input FC size: 4

Input size: 5

Output size: 0

Weight size: 0

Intermediate input size: 17
Total intermediate size (input + output): 17

input_size: 5, output_size: 0, weight_size: 0, intermediate_size: 17
Total mem footprint: 27



tile_sizes[dim]: [1, 1], self._dim_products[dim]: [1, 1]
input_FC_size distinct: 0
Input FC size: 0

Input size: 0

Output size: 0

Weight size: 25

Intermediate input size: 17
Total intermediate size (input + output): 0

input_size: 0, output_size: 0, weight_size: 25, intermediate_size: 0
Total mem footprint: 25



tile_sizes[dim]: [1, 1], self._dim_products[dim]: [1, 1]
input_FC_size distinct: 0
Input FC size: 0

Input size: 0

Output size: 0

Weight size: 0

Intermediate input size: 7
Total intermediate size (input + output): 7

input_size: 0, output_size: 0, weight_size: 0, intermediate_size: 7
Total mem footprint: 7



tile_sizes[dim]: [1, 1], self._dim_products[dim]: [1, 1]
input_FC_size distinct: 0
Input FC size: 0

Input size: 0

Output size: 2

Weight size: 0

Intermediate input size: 7
Total intermediate size (input + output): 0

input_size: 0, output_size: 2, weight_size: 0, intermediate_size: 0
Total mem footprint: 2



  ✗ Failed: Ill-posed constraints:
CONSTRAINTS VIOLATION: Arch...

================================================================================
CASE STUDY 5 SUMMARY: PE Aspect Ratio (Fixed Total PEs)
================================================================================
    Aspect   Rows   Cols     Energy(μJ)        Latency            EDP     Util
--------------------------------------------------------------------------------
Results exported to: results/results_20260217_124828.csv

================================================================================
EXPERIMENT SUMMARY
================================================================================

Total experiments: 12
Successful: 0
Failed: 12
