Creating architecture: Gemmini with coupling: dims: MKN, in_coupling: [K][N], w_coupling: W0: [M][K],, out_coupling: [M][N]
Creating architecture: Gemmini (conv) with coupling: dims: NMPQCRS, in_coupling: [N][C][Pstride*P+Rdilation*R][Qstride*Q+Sdilation*S], w_coupling: W0: [M][C][R][S],, out_coupling: [N][M][P][Q]
Creating architecture: Eyeriss with coupling: dims: MKN, in_coupling: [K][N], w_coupling: W0: [M][K],, out_coupling: [M][N]
Creating architecture: Eyeriss (conv) with coupling: dims: NMPQCRS, in_coupling: [N][C][Pstride*P+Rdilation*R][Qstride*Q+Sdilation*S], w_coupling: W0: [M][C][R][S],, out_coupling: [N][M][P][Q]
Creating architecture: Simba with coupling: dims: MKN, in_coupling: [K][N], w_coupling: W0: [M][K],, out_coupling: [M][N]
Creating architecture: Simba (conv) with coupling: dims: NMPQCRS, in_coupling: [N][C][Pstride*P+Rdilation*R][Qstride*Q+Sdilation*S], w_coupling: W0: [M][C][R][S],, out_coupling: [N][M][P][Q]
Creating architecture: TPUv1 with coupling: dims: MKN, in_coupling: [K][N], w_coupling: W0: [M][K],, out_coupling: [M][N]
Creating architecture: TPUv1 (conv) with coupling: dims: NMPQCRS, in_coupling: [N][C][Pstride*P+Rdilation*R][Qstride*Q+Sdilation*S], w_coupling: W0: [M][C][R][S],, out_coupling: [N][M][P][Q]
Warning: --sweep-wreg-pe is designed for Eyeriss architecture, setting arch_type=eyeriss

====================================================================================================
CASE STUDY 1: WRegister Size vs Minimum PE Configuration
====================================================================================================
Workload: fsrcnn/full/8layer
GlobalBuffer: 128 KB, Tile: 80
Other registers: InReg=64, IntReg=500, OutReg=32
WRegister sizes to sweep: [200, 300, 400]

Grid search space:
  - PE rows: [4, 8, 12, 16, 32, 64, 80, 128, 256, 320, 512]
  - PE cols: [4, 8, 12, 16, 32, 64, 80, 128, 256, 320, 512]
  - Total combinations: 121
====================================================================================================


[WReg=200] Searching for optimal PE configurations...
------ loading Accelergy for Eyeriss ------
------ loading Accelergy ------
ACCELERGY PLUG-INS: ['Library', 'dummy', 'ADC Plug-In', 'DEPRECATED table-based-plug-ins. Use the Library plug-in instead.', 'Neurosim Plug-In', 'Aladdin_table', 'CactiCache', 'CactiDRAM', 'CactiSRAM']
[Constrained Eyeriss] 8 layers, tile_size=80
  DRAM: {'Q': 12, 'P': 540, 'X0': 12, 'Y0': 540, 'Z0': 1, 'C0': 1, 'R0': 1, 'S0': 1, 'X1': 12, 'Y1': 540, 'Z1': 1, 'C1': 1, 'R1': 1, 'S1': 1, 'X2': 12, 'Y2': 540, 'Z2': 1, 'C2': 1, 'R2': 1, 'S2': 1, 'X3': 12, 'Y3': 540, 'Z3': 1, 'C3': 1, 'R3': 1, 'S3': 1, 'X4': 12, 'Y4': 540, 'Z4': 1, 'C4': 1, 'R4': 1, 'S4': 1, 'X5': 12, 'Y5': 540, 'Z5': 1, 'C5': 1, 'R5': 1, 'S5': 1, 'X6': 12, 'Y6': 540, 'Z6': 1, 'C6': 1, 'R6': 1, 'S6': 1, 'Z7': 1, 'C7': 1, 'R7': 1, 'S7': 1}
  GlobalBuffer: {'Q': 20, 'P': 1, 'X0': 20, 'Y0': 1, 'Z0': 1, 'C0': 1, 'R0': 1, 'S0': 1, 'X1': 20, 'Y1': 1, 'Z1': 1, 'C1': 1, 'R1': 1, 'S1': 1, 'X2': 20, 'Y2': 1, 'Z2': 1, 'C2': 1, 'R2': 1, 'S2': 1, 'X3': 20, 'Y3': 1, 'Z3': 1, 'C3': 1, 'R3': 1, 'S3': 1, 'X4': 20, 'Y4': 1, 'Z4': 1, 'C4': 1, 'R4': 1, 'S4': 1, 'X5': 20, 'Y5': 1, 'Z5': 1, 'C5': 1, 'R5': 1, 'S5': 1, 'X6': 20, 'Y6': 1, 'Z6': 1, 'C6': 1, 'R6': 1, 'S6': 1, 'Z7': 1, 'C7': 1, 'R7': 1, 'S7': 1}
  SACols: {'Q': 4, 'Z7': 1}
  SARows_0: {'S0': 4, 'C0': 1, 'Z0': 1}
  SARows_1: {'S1': 1, 'C1': 4, 'Z1': 1}
  SARows_2: {'S2': 3, 'C2': 1, 'Z2': 1}
  SARows_3: {'S3': 3, 'C3': 1, 'Z3': 1}
  SARows_4: {'S4': 3, 'C4': 1, 'Z4': 1}
  SARows_5: {'S5': 3, 'C5': 1, 'Z5': 1}
  SARows_6: {'S6': 1, 'C6': 4, 'Z6': 1}
  SARows_7: {'S7': 3, 'C7': 1, 'Z7': 1}
Creating architecture: Eyeriss_Constrained_8L_tile80_4x4 with coupling: dims: C0Y0X0R0S0Z0C1R1S1Y1X1Z1C2R2S2Y2X2Z2C3R3S3Y3X3Z3C4R4S4Y4X4Z4C5R5S5Y5X5Z5C6R6S6Y6X6Z6C7R7S7PQZ7, in_coupling: [C0][Y0+R0][X0+S0], w_coupling: W0: [Z0][C0][R0][S0],W1: [Z1][C1][R1][S1],W2: [Z2][C2][R2][S2],W3: [Z3][C3][R3][S3],W4: [Z4][C4][R4][S4],W5: [Z5][C5][R5][S5],W6: [Z6][C6][R6][S6],W7: [Z7][C7][R7][S7],, out_coupling: [Z7][P][Q]
final_layer_dims: {'Y0', 'R0', 'Q', 'C0', 'S0', 'Z7', 'R7', 'C7', 'X0', 'P', 'S7'}, coupling.dims: ['C0', 'Y0', 'X0', 'R0', 'S0', 'Z0', 'C1', 'R1', 'S1', 'Y1', 'X1', 'Z1', 'C2', 'R2', 'S2', 'Y2', 'X2', 'Z2', 'C3', 'R3', 'S3', 'Y3', 'X3', 'Z3', 'C4', 'R4', 'S4', 'Y4', 'X4', 'Z4', 'C5', 'R5', 'S5', 'Y5', 'X5', 'Z5', 'C6', 'R6', 'S6', 'Y6', 'X6', 'Z6', 'C7', 'R7', 'S7', 'P', 'Q', 'Z7']
------ loading Accelergy for Eyeriss ------
[Constrained Eyeriss] 8 layers, tile_size=80
  DRAM: {'Q': 12, 'P': 540, 'X0': 12, 'Y0': 540, 'Z0': 1, 'C0': 1, 'R0': 1, 'S0': 1, 'X1': 12, 'Y1': 540, 'Z1': 1, 'C1': 1, 'R1': 1, 'S1': 1, 'X2': 12, 'Y2': 540, 'Z2': 1, 'C2': 1, 'R2': 1, 'S2': 1, 'X3': 12, 'Y3': 540, 'Z3': 1, 'C3': 1, 'R3': 1, 'S3': 1, 'X4': 12, 'Y4': 540, 'Z4': 1, 'C4': 1, 'R4': 1, 'S4': 1, 'X5': 12, 'Y5': 540, 'Z5': 1, 'C5': 1, 'R5': 1, 'S5': 1, 'X6': 12, 'Y6': 540, 'Z6': 1, 'C6': 1, 'R6': 1, 'S6': 1, 'Z7': 1, 'C7': 1, 'R7': 1, 'S7': 1}
  GlobalBuffer: {'Q': 10, 'P': 1, 'X0': 10, 'Y0': 1, 'Z0': 1, 'C0': 1, 'R0': 1, 'S0': 1, 'X1': 10, 'Y1': 1, 'Z1': 1, 'C1': 1, 'R1': 1, 'S1': 1, 'X2': 10, 'Y2': 1, 'Z2': 1, 'C2': 1, 'R2': 1, 'S2': 1, 'X3': 10, 'Y3': 1, 'Z3': 1, 'C3': 1, 'R3': 1, 'S3': 1, 'X4': 10, 'Y4': 1, 'Z4': 1, 'C4': 1, 'R4': 1, 'S4': 1, 'X5': 10, 'Y5': 1, 'Z5': 1, 'C5': 1, 'R5': 1, 'S5': 1, 'X6': 10, 'Y6': 1, 'Z6': 1, 'C6': 1, 'R6': 1, 'S6': 1, 'Z7': 1, 'C7': 1, 'R7': 1, 'S7': 1}
  SACols: {'Q': 8, 'Z7': 1}
  SARows_0: {'S0': 4, 'C0': 1, 'Z0': 1}
  SARows_1: {'S1': 1, 'C1': 4, 'Z1': 1}
  SARows_2: {'S2': 3, 'C2': 1, 'Z2': 1}
  SARows_3: {'S3': 3, 'C3': 1, 'Z3': 1}
  SARows_4: {'S4': 3, 'C4': 1, 'Z4': 1}
  SARows_5: {'S5': 3, 'C5': 1, 'Z5': 1}
  SARows_6: {'S6': 1, 'C6': 4, 'Z6': 1}
  SARows_7: {'S7': 3, 'C7': 1, 'Z7': 1}
Creating architecture: Eyeriss_Constrained_8L_tile80_8x4 with coupling: dims: C0Y0X0R0S0Z0C1R1S1Y1X1Z1C2R2S2Y2X2Z2C3R3S3Y3X3Z3C4R4S4Y4X4Z4C5R5S5Y5X5Z5C6R6S6Y6X6Z6C7R7S7PQZ7, in_coupling: [C0][Y0+R0][X0+S0], w_coupling: W0: [Z0][C0][R0][S0],W1: [Z1][C1][R1][S1],W2: [Z2][C2][R2][S2],W3: [Z3][C3][R3][S3],W4: [Z4][C4][R4][S4],W5: [Z5][C5][R5][S5],W6: [Z6][C6][R6][S6],W7: [Z7][C7][R7][S7],, out_coupling: [Z7][P][Q]
final_layer_dims: {'Y0', 'R0', 'Q', 'C0', 'S0', 'Z7', 'R7', 'C7', 'X0', 'P', 'S7'}, coupling.dims: ['C0', 'Y0', 'X0', 'R0', 'S0', 'Z0', 'C1', 'R1', 'S1', 'Y1', 'X1', 'Z1', 'C2', 'R2', 'S2', 'Y2', 'X2', 'Z2', 'C3', 'R3', 'S3', 'Y3', 'X3', 'Z3', 'C4', 'R4', 'S4', 'Y4', 'X4', 'Z4', 'C5', 'R5', 'S5', 'Y5', 'X5', 'Z5', 'C6', 'R6', 'S6', 'Y6', 'X6', 'Z6', 'C7', 'R7', 'S7', 'P', 'Q', 'Z7']
------ loading Accelergy for Eyeriss ------
[Constrained Eyeriss] 8 layers, tile_size=80
  DRAM: {'Q': 12, 'P': 540, 'X0': 12, 'Y0': 540, 'Z0': 1, 'C0': 1, 'R0': 1, 'S0': 1, 'X1': 12, 'Y1': 540, 'Z1': 1, 'C1': 1, 'R1': 1, 'S1': 1, 'X2': 12, 'Y2': 540, 'Z2': 1, 'C2': 1, 'R2': 1, 'S2': 1, 'X3': 12, 'Y3': 540, 'Z3': 1, 'C3': 1, 'R3': 1, 'S3': 1, 'X4': 12, 'Y4': 540, 'Z4': 1, 'C4': 1, 'R4': 1, 'S4': 1, 'X5': 12, 'Y5': 540, 'Z5': 1, 'C5': 1, 'R5': 1, 'S5': 1, 'X6': 12, 'Y6': 540, 'Z6': 1, 'C6': 1, 'R6': 1, 'S6': 1, 'Z7': 1, 'C7': 1, 'R7': 1, 'S7': 1}
  GlobalBuffer: {'Q': 8, 'P': 1, 'X0': 8, 'Y0': 1, 'Z0': 1, 'C0': 1, 'R0': 1, 'S0': 1, 'X1': 8, 'Y1': 1, 'Z1': 1, 'C1': 1, 'R1': 1, 'S1': 1, 'X2': 8, 'Y2': 1, 'Z2': 1, 'C2': 1, 'R2': 1, 'S2': 1, 'X3': 8, 'Y3': 1, 'Z3': 1, 'C3': 1, 'R3': 1, 'S3': 1, 'X4': 8, 'Y4': 1, 'Z4': 1, 'C4': 1, 'R4': 1, 'S4': 1, 'X5': 8, 'Y5': 1, 'Z5': 1, 'C5': 1, 'R5': 1, 'S5': 1, 'X6': 8, 'Y6': 1, 'Z6': 1, 'C6': 1, 'R6': 1, 'S6': 1, 'Z7': 1, 'C7': 1, 'R7': 1, 'S7': 1}
  SACols: {'Q': 10, 'Z7': 1}
  SARows_0: {'S0': 4, 'C0': 1, 'Z0': 1}
  SARows_1: {'S1': 1, 'C1': 4, 'Z1': 1}
  SARows_2: {'S2': 3, 'C2': 1, 'Z2': 1}
  SARows_3: {'S3': 3, 'C3': 1, 'Z3': 1}
  SARows_4: {'S4': 3, 'C4': 1, 'Z4': 1}
  SARows_5: {'S5': 3, 'C5': 1, 'Z5': 1}
  SARows_6: {'S6': 1, 'C6': 4, 'Z6': 1}
  SARows_7: {'S7': 3, 'C7': 1, 'Z7': 1}
Creating architecture: Eyeriss_Constrained_8L_tile80_12x4 with coupling: dims: C0Y0X0R0S0Z0C1R1S1Y1X1Z1C2R2S2Y2X2Z2C3R3S3Y3X3Z3C4R4S4Y4X4Z4C5R5S5Y5X5Z5C6R6S6Y6X6Z6C7R7S7PQZ7, in_coupling: [C0][Y0+R0][X0+S0], w_coupling: W0: [Z0][C0][R0][S0],W1: [Z1][C1][R1][S1],W2: [Z2][C2][R2][S2],W3: [Z3][C3][R3][S3],W4: [Z4][C4][R4][S4],W5: [Z5][C5][R5][S5],W6: [Z6][C6][R6][S6],W7: [Z7][C7][R7][S7],, out_coupling: [Z7][P][Q]
final_layer_dims: {'Y0', 'R0', 'Q', 'C0', 'S0', 'Z7', 'R7', 'C7', 'X0', 'P', 'S7'}, coupling.dims: ['C0', 'Y0', 'X0', 'R0', 'S0', 'Z0', 'C1', 'R1', 'S1', 'Y1', 'X1', 'Z1', 'C2', 'R2', 'S2', 'Y2', 'X2', 'Z2', 'C3', 'R3', 'S3', 'Y3', 'X3', 'Z3', 'C4', 'R4', 'S4', 'Y4', 'X4', 'Z4', 'C5', 'R5', 'S5', 'Y5', 'X5', 'Z5', 'C6', 'R6', 'S6', 'Y6', 'X6', 'Z6', 'C7', 'R7', 'S7', 'P', 'Q', 'Z7']
------ loading Accelergy for Eyeriss ------
[Constrained Eyeriss] 8 layers, tile_size=80
  DRAM: {'Q': 12, 'P': 540, 'X0': 12, 'Y0': 540, 'Z0': 1, 'C0': 1, 'R0': 1, 'S0': 1, 'X1': 12, 'Y1': 540, 'Z1': 1, 'C1': 1, 'R1': 1, 'S1': 1, 'X2': 12, 'Y2': 540, 'Z2': 1, 'C2': 1, 'R2': 1, 'S2': 1, 'X3': 12, 'Y3': 540, 'Z3': 1, 'C3': 1, 'R3': 1, 'S3': 1, 'X4': 12, 'Y4': 540, 'Z4': 1, 'C4': 1, 'R4': 1, 'S4': 1, 'X5': 12, 'Y5': 540, 'Z5': 1, 'C5': 1, 'R5': 1, 'S5': 1, 'X6': 12, 'Y6': 540, 'Z6': 1, 'C6': 1, 'R6': 1, 'S6': 1, 'Z7': 1, 'C7': 1, 'R7': 1, 'S7': 1}
  GlobalBuffer: {'Q': 5, 'P': 1, 'X0': 5, 'Y0': 1, 'Z0': 1, 'C0': 1, 'R0': 1, 'S0': 1, 'X1': 5, 'Y1': 1, 'Z1': 1, 'C1': 1, 'R1': 1, 'S1': 1, 'X2': 5, 'Y2': 1, 'Z2': 1, 'C2': 1, 'R2': 1, 'S2': 1, 'X3': 5, 'Y3': 1, 'Z3': 1, 'C3': 1, 'R3': 1, 'S3': 1, 'X4': 5, 'Y4': 1, 'Z4': 1, 'C4': 1, 'R4': 1, 'S4': 1, 'X5': 5, 'Y5': 1, 'Z5': 1, 'C5': 1, 'R5': 1, 'S5': 1, 'X6': 5, 'Y6': 1, 'Z6': 1, 'C6': 1, 'R6': 1, 'S6': 1, 'Z7': 1, 'C7': 1, 'R7': 1, 'S7': 1}
  SACols: {'Q': 16, 'Z7': 1}
  SARows_0: {'S0': 4, 'C0': 1, 'Z0': 1}
  SARows_1: {'S1': 1, 'C1': 4, 'Z1': 1}
  SARows_2: {'S2': 3, 'C2': 1, 'Z2': 1}
  SARows_3: {'S3': 3, 'C3': 1, 'Z3': 1}
  SARows_4: {'S4': 3, 'C4': 1, 'Z4': 1}
  SARows_5: {'S5': 3, 'C5': 1, 'Z5': 1}
  SARows_6: {'S6': 1, 'C6': 4, 'Z6': 1}
  SARows_7: {'S7': 3, 'C7': 1, 'Z7': 1}
Creating architecture: Eyeriss_Constrained_8L_tile80_16x4 with coupling: dims: C0Y0X0R0S0Z0C1R1S1Y1X1Z1C2R2S2Y2X2Z2C3R3S3Y3X3Z3C4R4S4Y4X4Z4C5R5S5Y5X5Z5C6R6S6Y6X6Z6C7R7S7PQZ7, in_coupling: [C0][Y0+R0][X0+S0], w_coupling: W0: [Z0][C0][R0][S0],W1: [Z1][C1][R1][S1],W2: [Z2][C2][R2][S2],W3: [Z3][C3][R3][S3],W4: [Z4][C4][R4][S4],W5: [Z5][C5][R5][S5],W6: [Z6][C6][R6][S6],W7: [Z7][C7][R7][S7],, out_coupling: [Z7][P][Q]
final_layer_dims: {'Y0', 'R0', 'Q', 'C0', 'S0', 'Z7', 'R7', 'C7', 'X0', 'P', 'S7'}, coupling.dims: ['C0', 'Y0', 'X0', 'R0', 'S0', 'Z0', 'C1', 'R1', 'S1', 'Y1', 'X1', 'Z1', 'C2', 'R2', 'S2', 'Y2', 'X2', 'Z2', 'C3', 'R3', 'S3', 'Y3', 'X3', 'Z3', 'C4', 'R4', 'S4', 'Y4', 'X4', 'Z4', 'C5', 'R5', 'S5', 'Y5', 'X5', 'Z5', 'C6', 'R6', 'S6', 'Y6', 'X6', 'Z6', 'C7', 'R7', 'S7', 'P', 'Q', 'Z7']
------ loading Accelergy for Eyeriss ------
[Constrained Eyeriss] 8 layers, tile_size=80
  DRAM: {'Q': 12, 'P': 540, 'X0': 12, 'Y0': 540, 'Z0': 1, 'C0': 1, 'R0': 1, 'S0': 1, 'X1': 12, 'Y1': 540, 'Z1': 1, 'C1': 1, 'R1': 1, 'S1': 1, 'X2': 12, 'Y2': 540, 'Z2': 1, 'C2': 1, 'R2': 1, 'S2': 1, 'X3': 12, 'Y3': 540, 'Z3': 1, 'C3': 1, 'R3': 1, 'S3': 1, 'X4': 12, 'Y4': 540, 'Z4': 1, 'C4': 1, 'R4': 1, 'S4': 1, 'X5': 12, 'Y5': 540, 'Z5': 1, 'C5': 1, 'R5': 1, 'S5': 1, 'X6': 12, 'Y6': 540, 'Z6': 1, 'C6': 1, 'R6': 1, 'S6': 1, 'Z7': 1, 'C7': 1, 'R7': 1, 'S7': 1}
  GlobalBuffer: {'Q': 4, 'P': 1, 'X0': 4, 'Y0': 1, 'Z0': 1, 'C0': 1, 'R0': 1, 'S0': 1, 'X1': 4, 'Y1': 1, 'Z1': 1, 'C1': 1, 'R1': 1, 'S1': 1, 'X2': 4, 'Y2': 1, 'Z2': 1, 'C2': 1, 'R2': 1, 'S2': 1, 'X3': 4, 'Y3': 1, 'Z3': 1, 'C3': 1, 'R3': 1, 'S3': 1, 'X4': 4, 'Y4': 1, 'Z4': 1, 'C4': 1, 'R4': 1, 'S4': 1, 'X5': 4, 'Y5': 1, 'Z5': 1, 'C5': 1, 'R5': 1, 'S5': 1, 'X6': 4, 'Y6': 1, 'Z6': 1, 'C6': 1, 'R6': 1, 'S6': 1, 'Z7': 1, 'C7': 1, 'R7': 1, 'S7': 1}
  SACols: {'Q': 20, 'Z7': 1}
  SARows_0: {'S0': 4, 'C0': 1, 'Z0': 1}
  SARows_1: {'S1': 1, 'C1': 4, 'Z1': 1}
  SARows_2: {'S2': 3, 'C2': 1, 'Z2': 1}
  SARows_3: {'S3': 3, 'C3': 1, 'Z3': 1}
  SARows_4: {'S4': 3, 'C4': 1, 'Z4': 1}
  SARows_5: {'S5': 3, 'C5': 1, 'Z5': 1}
  SARows_6: {'S6': 1, 'C6': 4, 'Z6': 1}
  SARows_7: {'S7': 3, 'C7': 1, 'Z7': 1}
Creating architecture: Eyeriss_Constrained_8L_tile80_32x4 with coupling: dims: C0Y0X0R0S0Z0C1R1S1Y1X1Z1C2R2S2Y2X2Z2C3R3S3Y3X3Z3C4R4S4Y4X4Z4C5R5S5Y5X5Z5C6R6S6Y6X6Z6C7R7S7PQZ7, in_coupling: [C0][Y0+R0][X0+S0], w_coupling: W0: [Z0][C0][R0][S0],W1: [Z1][C1][R1][S1],W2: [Z2][C2][R2][S2],W3: [Z3][C3][R3][S3],W4: [Z4][C4][R4][S4],W5: [Z5][C5][R5][S5],W6: [Z6][C6][R6][S6],W7: [Z7][C7][R7][S7],, out_coupling: [Z7][P][Q]
final_layer_dims: {'Y0', 'R0', 'Q', 'C0', 'S0', 'Z7', 'R7', 'C7', 'X0', 'P', 'S7'}, coupling.dims: ['C0', 'Y0', 'X0', 'R0', 'S0', 'Z0', 'C1', 'R1', 'S1', 'Y1', 'X1', 'Z1', 'C2', 'R2', 'S2', 'Y2', 'X2', 'Z2', 'C3', 'R3', 'S3', 'Y3', 'X3', 'Z3', 'C4', 'R4', 'S4', 'Y4', 'X4', 'Z4', 'C5', 'R5', 'S5', 'Y5', 'X5', 'Z5', 'C6', 'R6', 'S6', 'Y6', 'X6', 'Z6', 'C7', 'R7', 'S7', 'P', 'Q', 'Z7']
------ loading Accelergy for Eyeriss ------
[Constrained Eyeriss] 8 layers, tile_size=80
  DRAM: {'Q': 12, 'P': 540, 'X0': 12, 'Y0': 540, 'Z0': 1, 'C0': 1, 'R0': 1, 'S0': 1, 'X1': 12, 'Y1': 540, 'Z1': 1, 'C1': 1, 'R1': 1, 'S1': 1, 'X2': 12, 'Y2': 540, 'Z2': 1, 'C2': 1, 'R2': 1, 'S2': 1, 'X3': 12, 'Y3': 540, 'Z3': 1, 'C3': 1, 'R3': 1, 'S3': 1, 'X4': 12, 'Y4': 540, 'Z4': 1, 'C4': 1, 'R4': 1, 'S4': 1, 'X5': 12, 'Y5': 540, 'Z5': 1, 'C5': 1, 'R5': 1, 'S5': 1, 'X6': 12, 'Y6': 540, 'Z6': 1, 'C6': 1, 'R6': 1, 'S6': 1, 'Z7': 1, 'C7': 1, 'R7': 1, 'S7': 1}
  GlobalBuffer: {'Q': 2, 'P': 1, 'X0': 2, 'Y0': 1, 'Z0': 1, 'C0': 1, 'R0': 1, 'S0': 1, 'X1': 2, 'Y1': 1, 'Z1': 1, 'C1': 1, 'R1': 1, 'S1': 1, 'X2': 2, 'Y2': 1, 'Z2': 1, 'C2': 1, 'R2': 1, 'S2': 1, 'X3': 2, 'Y3': 1, 'Z3': 1, 'C3': 1, 'R3': 1, 'S3': 1, 'X4': 2, 'Y4': 1, 'Z4': 1, 'C4': 1, 'R4': 1, 'S4': 1, 'X5': 2, 'Y5': 1, 'Z5': 1, 'C5': 1, 'R5': 1, 'S5': 1, 'X6': 2, 'Y6': 1, 'Z6': 1, 'C6': 1, 'R6': 1, 'S6': 1, 'Z7': 1, 'C7': 1, 'R7': 1, 'S7': 1}
  SACols: {'Q': 40, 'Z7': 1}
  SARows_0: {'S0': 4, 'C0': 1, 'Z0': 1}
  SARows_1: {'S1': 1, 'C1': 4, 'Z1': 1}
  SARows_2: {'S2': 3, 'C2': 1, 'Z2': 1}
  SARows_3: {'S3': 3, 'C3': 1, 'Z3': 1}
  SARows_4: {'S4': 3, 'C4': 1, 'Z4': 1}
  SARows_5: {'S5': 3, 'C5': 1, 'Z5': 1}
  SARows_6: {'S6': 1, 'C6': 4, 'Z6': 1}
  SARows_7: {'S7': 3, 'C7': 1, 'Z7': 1}
Creating architecture: Eyeriss_Constrained_8L_tile80_64x4 with coupling: dims: C0Y0X0R0S0Z0C1R1S1Y1X1Z1C2R2S2Y2X2Z2C3R3S3Y3X3Z3C4R4S4Y4X4Z4C5R5S5Y5X5Z5C6R6S6Y6X6Z6C7R7S7PQZ7, in_coupling: [C0][Y0+R0][X0+S0], w_coupling: W0: [Z0][C0][R0][S0],W1: [Z1][C1][R1][S1],W2: [Z2][C2][R2][S2],W3: [Z3][C3][R3][S3],W4: [Z4][C4][R4][S4],W5: [Z5][C5][R5][S5],W6: [Z6][C6][R6][S6],W7: [Z7][C7][R7][S7],, out_coupling: [Z7][P][Q]
final_layer_dims: {'Y0', 'R0', 'Q', 'C0', 'S0', 'Z7', 'R7', 'C7', 'X0', 'P', 'S7'}, coupling.dims: ['C0', 'Y0', 'X0', 'R0', 'S0', 'Z0', 'C1', 'R1', 'S1', 'Y1', 'X1', 'Z1', 'C2', 'R2', 'S2', 'Y2', 'X2', 'Z2', 'C3', 'R3', 'S3', 'Y3', 'X3', 'Z3', 'C4', 'R4', 'S4', 'Y4', 'X4', 'Z4', 'C5', 'R5', 'S5', 'Y5', 'X5', 'Z5', 'C6', 'R6', 'S6', 'Y6', 'X6', 'Z6', 'C7', 'R7', 'S7', 'P', 'Q', 'Z7']
------ loading Accelergy for Eyeriss ------
[Constrained Eyeriss] 8 layers, tile_size=80
  DRAM: {'Q': 12, 'P': 540, 'X0': 12, 'Y0': 540, 'Z0': 1, 'C0': 1, 'R0': 1, 'S0': 1, 'X1': 12, 'Y1': 540, 'Z1': 1, 'C1': 1, 'R1': 1, 'S1': 1, 'X2': 12, 'Y2': 540, 'Z2': 1, 'C2': 1, 'R2': 1, 'S2': 1, 'X3': 12, 'Y3': 540, 'Z3': 1, 'C3': 1, 'R3': 1, 'S3': 1, 'X4': 12, 'Y4': 540, 'Z4': 1, 'C4': 1, 'R4': 1, 'S4': 1, 'X5': 12, 'Y5': 540, 'Z5': 1, 'C5': 1, 'R5': 1, 'S5': 1, 'X6': 12, 'Y6': 540, 'Z6': 1, 'C6': 1, 'R6': 1, 'S6': 1, 'Z7': 1, 'C7': 1, 'R7': 1, 'S7': 1}
  GlobalBuffer: {'Q': 1, 'P': 1, 'X0': 1, 'Y0': 1, 'Z0': 1, 'C0': 1, 'R0': 1, 'S0': 1, 'X1': 1, 'Y1': 1, 'Z1': 1, 'C1': 1, 'R1': 1, 'S1': 1, 'X2': 1, 'Y2': 1, 'Z2': 1, 'C2': 1, 'R2': 1, 'S2': 1, 'X3': 1, 'Y3': 1, 'Z3': 1, 'C3': 1, 'R3': 1, 'S3': 1, 'X4': 1, 'Y4': 1, 'Z4': 1, 'C4': 1, 'R4': 1, 'S4': 1, 'X5': 1, 'Y5': 1, 'Z5': 1, 'C5': 1, 'R5': 1, 'S5': 1, 'X6': 1, 'Y6': 1, 'Z6': 1, 'C6': 1, 'R6': 1, 'S6': 1, 'Z7': 1, 'C7': 1, 'R7': 1, 'S7': 1}
  SACols: {'Q': 80, 'Z7': 1}
  SARows_0: {'S0': 4, 'C0': 1, 'Z0': 1}
  SARows_1: {'S1': 1, 'C1': 4, 'Z1': 1}
  SARows_2: {'S2': 3, 'C2': 1, 'Z2': 1}
  SARows_3: {'S3': 3, 'C3': 1, 'Z3': 1}
  SARows_4: {'S4': 3, 'C4': 1, 'Z4': 1}
  SARows_5: {'S5': 3, 'C5': 1, 'Z5': 1}
  SARows_6: {'S6': 1, 'C6': 4, 'Z6': 1}
  SARows_7: {'S7': 3, 'C7': 1, 'Z7': 1}
Creating architecture: Eyeriss_Constrained_8L_tile80_80x4 with coupling: dims: C0Y0X0R0S0Z0C1R1S1Y1X1Z1C2R2S2Y2X2Z2C3R3S3Y3X3Z3C4R4S4Y4X4Z4C5R5S5Y5X5Z5C6R6S6Y6X6Z6C7R7S7PQZ7, in_coupling: [C0][Y0+R0][X0+S0], w_coupling: W0: [Z0][C0][R0][S0],W1: [Z1][C1][R1][S1],W2: [Z2][C2][R2][S2],W3: [Z3][C3][R3][S3],W4: [Z4][C4][R4][S4],W5: [Z5][C5][R5][S5],W6: [Z6][C6][R6][S6],W7: [Z7][C7][R7][S7],, out_coupling: [Z7][P][Q]
final_layer_dims: {'Y0', 'R0', 'Q', 'C0', 'S0', 'Z7', 'R7', 'C7', 'X0', 'P', 'S7'}, coupling.dims: ['C0', 'Y0', 'X0', 'R0', 'S0', 'Z0', 'C1', 'R1', 'S1', 'Y1', 'X1', 'Z1', 'C2', 'R2', 'S2', 'Y2', 'X2', 'Z2', 'C3', 'R3', 'S3', 'Y3', 'X3', 'Z3', 'C4', 'R4', 'S4', 'Y4', 'X4', 'Z4', 'C5', 'R5', 'S5', 'Y5', 'X5', 'Z5', 'C6', 'R6', 'S6', 'Y6', 'X6', 'Z6', 'C7', 'R7', 'S7', 'P', 'Q', 'Z7']
------ loading Accelergy for Eyeriss ------
[Constrained Eyeriss] 8 layers, tile_size=80
  DRAM: {'Q': 12, 'P': 540, 'X0': 12, 'Y0': 540, 'Z0': 1, 'C0': 1, 'R0': 1, 'S0': 1, 'X1': 12, 'Y1': 540, 'Z1': 1, 'C1': 1, 'R1': 1, 'S1': 1, 'X2': 12, 'Y2': 540, 'Z2': 1, 'C2': 1, 'R2': 1, 'S2': 1, 'X3': 12, 'Y3': 540, 'Z3': 1, 'C3': 1, 'R3': 1, 'S3': 1, 'X4': 12, 'Y4': 540, 'Z4': 1, 'C4': 1, 'R4': 1, 'S4': 1, 'X5': 12, 'Y5': 540, 'Z5': 1, 'C5': 1, 'R5': 1, 'S5': 1, 'X6': 12, 'Y6': 540, 'Z6': 1, 'C6': 1, 'R6': 1, 'S6': 1, 'Z7': 1, 'C7': 1, 'R7': 1, 'S7': 1}
  GlobalBuffer: {'Q': 1, 'P': 1, 'X0': 1, 'Y0': 1, 'Z0': 1, 'C0': 1, 'R0': 1, 'S0': 1, 'X1': 1, 'Y1': 1, 'Z1': 1, 'C1': 1, 'R1': 1, 'S1': 1, 'X2': 1, 'Y2': 1, 'Z2': 1, 'C2': 1, 'R2': 1, 'S2': 1, 'X3': 1, 'Y3': 1, 'Z3': 1, 'C3': 1, 'R3': 1, 'S3': 1, 'X4': 1, 'Y4': 1, 'Z4': 1, 'C4': 1, 'R4': 1, 'S4': 1, 'X5': 1, 'Y5': 1, 'Z5': 1, 'C5': 1, 'R5': 1, 'S5': 1, 'X6': 1, 'Y6': 1, 'Z6': 1, 'C6': 1, 'R6': 1, 'S6': 1, 'Z7': 1, 'C7': 1, 'R7': 1, 'S7': 1}
  SACols: {'Q': 80, 'Z7': 1}
  SARows_0: {'S0': 4, 'C0': 1, 'Z0': 1}
  SARows_1: {'S1': 1, 'C1': 4, 'Z1': 1}
  SARows_2: {'S2': 3, 'C2': 1, 'Z2': 1}
  SARows_3: {'S3': 3, 'C3': 1, 'Z3': 1}
  SARows_4: {'S4': 3, 'C4': 1, 'Z4': 1}
  SARows_5: {'S5': 3, 'C5': 1, 'Z5': 1}
  SARows_6: {'S6': 1, 'C6': 4, 'Z6': 1}
  SARows_7: {'S7': 3, 'C7': 1, 'Z7': 1}
Creating architecture: Eyeriss_Constrained_8L_tile80_128x4 with coupling: dims: C0Y0X0R0S0Z0C1R1S1Y1X1Z1C2R2S2Y2X2Z2C3R3S3Y3X3Z3C4R4S4Y4X4Z4C5R5S5Y5X5Z5C6R6S6Y6X6Z6C7R7S7PQZ7, in_coupling: [C0][Y0+R0][X0+S0], w_coupling: W0: [Z0][C0][R0][S0],W1: [Z1][C1][R1][S1],W2: [Z2][C2][R2][S2],W3: [Z3][C3][R3][S3],W4: [Z4][C4][R4][S4],W5: [Z5][C5][R5][S5],W6: [Z6][C6][R6][S6],W7: [Z7][C7][R7][S7],, out_coupling: [Z7][P][Q]
final_layer_dims: {'Y0', 'R0', 'Q', 'C0', 'S0', 'Z7', 'R7', 'C7', 'X0', 'P', 'S7'}, coupling.dims: ['C0', 'Y0', 'X0', 'R0', 'S0', 'Z0', 'C1', 'R1', 'S1', 'Y1', 'X1', 'Z1', 'C2', 'R2', 'S2', 'Y2', 'X2', 'Z2', 'C3', 'R3', 'S3', 'Y3', 'X3', 'Z3', 'C4', 'R4', 'S4', 'Y4', 'X4', 'Z4', 'C5', 'R5', 'S5', 'Y5', 'X5', 'Z5', 'C6', 'R6', 'S6', 'Y6', 'X6', 'Z6', 'C7', 'R7', 'S7', 'P', 'Q', 'Z7']
------ loading Accelergy for Eyeriss ------
[Constrained Eyeriss] 8 layers, tile_size=80
  DRAM: {'Q': 12, 'P': 540, 'X0': 12, 'Y0': 540, 'Z0': 1, 'C0': 1, 'R0': 1, 'S0': 1, 'X1': 12, 'Y1': 540, 'Z1': 1, 'C1': 1, 'R1': 1, 'S1': 1, 'X2': 12, 'Y2': 540, 'Z2': 1, 'C2': 1, 'R2': 1, 'S2': 1, 'X3': 12, 'Y3': 540, 'Z3': 1, 'C3': 1, 'R3': 1, 'S3': 1, 'X4': 12, 'Y4': 540, 'Z4': 1, 'C4': 1, 'R4': 1, 'S4': 1, 'X5': 12, 'Y5': 540, 'Z5': 1, 'C5': 1, 'R5': 1, 'S5': 1, 'X6': 12, 'Y6': 540, 'Z6': 1, 'C6': 1, 'R6': 1, 'S6': 1, 'Z7': 1, 'C7': 1, 'R7': 1, 'S7': 1}
  GlobalBuffer: {'Q': 1, 'P': 1, 'X0': 1, 'Y0': 1, 'Z0': 1, 'C0': 1, 'R0': 1, 'S0': 1, 'X1': 1, 'Y1': 1, 'Z1': 1, 'C1': 1, 'R1': 1, 'S1': 1, 'X2': 1, 'Y2': 1, 'Z2': 1, 'C2': 1, 'R2': 1, 'S2': 1, 'X3': 1, 'Y3': 1, 'Z3': 1, 'C3': 1, 'R3': 1, 'S3': 1, 'X4': 1, 'Y4': 1, 'Z4': 1, 'C4': 1, 'R4': 1, 'S4': 1, 'X5': 1, 'Y5': 1, 'Z5': 1, 'C5': 1, 'R5': 1, 'S5': 1, 'X6': 1, 'Y6': 1, 'Z6': 1, 'C6': 1, 'R6': 1, 'S6': 1, 'Z7': 1, 'C7': 1, 'R7': 1, 'S7': 1}
  SACols: {'Q': 80, 'Z7': 2}
  SARows_0: {'S0': 4, 'C0': 1, 'Z0': 1}
  SARows_1: {'S1': 1, 'C1': 4, 'Z1': 1}
  SARows_2: {'S2': 3, 'C2': 1, 'Z2': 1}
  SARows_3: {'S3': 3, 'C3': 1, 'Z3': 1}
  SARows_4: {'S4': 3, 'C4': 1, 'Z4': 1}
  SARows_5: {'S5': 3, 'C5': 1, 'Z5': 1}
  SARows_6: {'S6': 1, 'C6': 4, 'Z6': 1}
  SARows_7: {'S7': 3, 'C7': 1, 'Z7': 1}
Creating architecture: Eyeriss_Constrained_8L_tile80_256x4 with coupling: dims: C0Y0X0R0S0Z0C1R1S1Y1X1Z1C2R2S2Y2X2Z2C3R3S3Y3X3Z3C4R4S4Y4X4Z4C5R5S5Y5X5Z5C6R6S6Y6X6Z6C7R7S7PQZ7, in_coupling: [C0][Y0+R0][X0+S0], w_coupling: W0: [Z0][C0][R0][S0],W1: [Z1][C1][R1][S1],W2: [Z2][C2][R2][S2],W3: [Z3][C3][R3][S3],W4: [Z4][C4][R4][S4],W5: [Z5][C5][R5][S5],W6: [Z6][C6][R6][S6],W7: [Z7][C7][R7][S7],, out_coupling: [Z7][P][Q]
final_layer_dims: {'Y0', 'R0', 'Q', 'C0', 'S0', 'Z7', 'R7', 'C7', 'X0', 'P', 'S7'}, coupling.dims: ['C0', 'Y0', 'X0', 'R0', 'S0', 'Z0', 'C1', 'R1', 'S1', 'Y1', 'X1', 'Z1', 'C2', 'R2', 'S2', 'Y2', 'X2', 'Z2', 'C3', 'R3', 'S3', 'Y3', 'X3', 'Z3', 'C4', 'R4', 'S4', 'Y4', 'X4', 'Z4', 'C5', 'R5', 'S5', 'Y5', 'X5', 'Z5', 'C6', 'R6', 'S6', 'Y6', 'X6', 'Z6', 'C7', 'R7', 'S7', 'P', 'Q', 'Z7']
------ loading Accelergy for Eyeriss ------
[Constrained Eyeriss] 8 layers, tile_size=80
  DRAM: {'Q': 12, 'P': 540, 'X0': 12, 'Y0': 540, 'Z0': 1, 'C0': 1, 'R0': 1, 'S0': 1, 'X1': 12, 'Y1': 540, 'Z1': 1, 'C1': 1, 'R1': 1, 'S1': 1, 'X2': 12, 'Y2': 540, 'Z2': 1, 'C2': 1, 'R2': 1, 'S2': 1, 'X3': 12, 'Y3': 540, 'Z3': 1, 'C3': 1, 'R3': 1, 'S3': 1, 'X4': 12, 'Y4': 540, 'Z4': 1, 'C4': 1, 'R4': 1, 'S4': 1, 'X5': 12, 'Y5': 540, 'Z5': 1, 'C5': 1, 'R5': 1, 'S5': 1, 'X6': 12, 'Y6': 540, 'Z6': 1, 'C6': 1, 'R6': 1, 'S6': 1, 'Z7': 1, 'C7': 1, 'R7': 1, 'S7': 1}
  GlobalBuffer: {'Q': 1, 'P': 1, 'X0': 1, 'Y0': 1, 'Z0': 1, 'C0': 1, 'R0': 1, 'S0': 1, 'X1': 1, 'Y1': 1, 'Z1': 1, 'C1': 1, 'R1': 1, 'S1': 1, 'X2': 1, 'Y2': 1, 'Z2': 1, 'C2': 1, 'R2': 1, 'S2': 1, 'X3': 1, 'Y3': 1, 'Z3': 1, 'C3': 1, 'R3': 1, 'S3': 1, 'X4': 1, 'Y4': 1, 'Z4': 1, 'C4': 1, 'R4': 1, 'S4': 1, 'X5': 1, 'Y5': 1, 'Z5': 1, 'C5': 1, 'R5': 1, 'S5': 1, 'X6': 1, 'Y6': 1, 'Z6': 1, 'C6': 1, 'R6': 1, 'S6': 1, 'Z7': 1, 'C7': 1, 'R7': 1, 'S7': 1}
  SACols: {'Q': 80, 'Z7': 4}
  SARows_0: {'S0': 4, 'C0': 1, 'Z0': 1}
  SARows_1: {'S1': 1, 'C1': 4, 'Z1': 1}
  SARows_2: {'S2': 3, 'C2': 1, 'Z2': 1}
  SARows_3: {'S3': 3, 'C3': 1, 'Z3': 1}
  SARows_4: {'S4': 3, 'C4': 1, 'Z4': 1}
  SARows_5: {'S5': 3, 'C5': 1, 'Z5': 1}
  SARows_6: {'S6': 1, 'C6': 4, 'Z6': 1}
  SARows_7: {'S7': 3, 'C7': 1, 'Z7': 1}
Creating architecture: Eyeriss_Constrained_8L_tile80_320x4 with coupling: dims: C0Y0X0R0S0Z0C1R1S1Y1X1Z1C2R2S2Y2X2Z2C3R3S3Y3X3Z3C4R4S4Y4X4Z4C5R5S5Y5X5Z5C6R6S6Y6X6Z6C7R7S7PQZ7, in_coupling: [C0][Y0+R0][X0+S0], w_coupling: W0: [Z0][C0][R0][S0],W1: [Z1][C1][R1][S1],W2: [Z2][C2][R2][S2],W3: [Z3][C3][R3][S3],W4: [Z4][C4][R4][S4],W5: [Z5][C5][R5][S5],W6: [Z6][C6][R6][S6],W7: [Z7][C7][R7][S7],, out_coupling: [Z7][P][Q]
final_layer_dims: {'Y0', 'R0', 'Q', 'C0', 'S0', 'Z7', 'R7', 'C7', 'X0', 'P', 'S7'}, coupling.dims: ['C0', 'Y0', 'X0', 'R0', 'S0', 'Z0', 'C1', 'R1', 'S1', 'Y1', 'X1', 'Z1', 'C2', 'R2', 'S2', 'Y2', 'X2', 'Z2', 'C3', 'R3', 'S3', 'Y3', 'X3', 'Z3', 'C4', 'R4', 'S4', 'Y4', 'X4', 'Z4', 'C5', 'R5', 'S5', 'Y5', 'X5', 'Z5', 'C6', 'R6', 'S6', 'Y6', 'X6', 'Z6', 'C7', 'R7', 'S7', 'P', 'Q', 'Z7']
------ loading Accelergy for Eyeriss ------
[Constrained Eyeriss] 8 layers, tile_size=80
  DRAM: {'Q': 12, 'P': 540, 'X0': 12, 'Y0': 540, 'Z0': 1, 'C0': 1, 'R0': 1, 'S0': 1, 'X1': 12, 'Y1': 540, 'Z1': 1, 'C1': 1, 'R1': 1, 'S1': 1, 'X2': 12, 'Y2': 540, 'Z2': 1, 'C2': 1, 'R2': 1, 'S2': 1, 'X3': 12, 'Y3': 540, 'Z3': 1, 'C3': 1, 'R3': 1, 'S3': 1, 'X4': 12, 'Y4': 540, 'Z4': 1, 'C4': 1, 'R4': 1, 'S4': 1, 'X5': 12, 'Y5': 540, 'Z5': 1, 'C5': 1, 'R5': 1, 'S5': 1, 'X6': 12, 'Y6': 540, 'Z6': 1, 'C6': 1, 'R6': 1, 'S6': 1, 'Z7': 1, 'C7': 1, 'R7': 1, 'S7': 1}
  GlobalBuffer: {'Q': 1, 'P': 1, 'X0': 1, 'Y0': 1, 'Z0': 1, 'C0': 1, 'R0': 1, 'S0': 1, 'X1': 1, 'Y1': 1, 'Z1': 1, 'C1': 1, 'R1': 1, 'S1': 1, 'X2': 1, 'Y2': 1, 'Z2': 1, 'C2': 1, 'R2': 1, 'S2': 1, 'X3': 1, 'Y3': 1, 'Z3': 1, 'C3': 1, 'R3': 1, 'S3': 1, 'X4': 1, 'Y4': 1, 'Z4': 1, 'C4': 1, 'R4': 1, 'S4': 1, 'X5': 1, 'Y5': 1, 'Z5': 1, 'C5': 1, 'R5': 1, 'S5': 1, 'X6': 1, 'Y6': 1, 'Z6': 1, 'C6': 1, 'R6': 1, 'S6': 1, 'Z7': 1, 'C7': 1, 'R7': 1, 'S7': 1}
  SACols: {'Q': 80, 'Z7': 4}
  SARows_0: {'S0': 4, 'C0': 1, 'Z0': 1}
  SARows_1: {'S1': 1, 'C1': 4, 'Z1': 1}
  SARows_2: {'S2': 3, 'C2': 1, 'Z2': 1}
  SARows_3: {'S3': 3, 'C3': 1, 'Z3': 1}
  SARows_4: {'S4': 3, 'C4': 1, 'Z4': 1}
  SARows_5: {'S5': 3, 'C5': 1, 'Z5': 1}
  SARows_6: {'S6': 1, 'C6': 4, 'Z6': 1}
  SARows_7: {'S7': 3, 'C7': 1, 'Z7': 1}
Creating architecture: Eyeriss_Constrained_8L_tile80_512x4 with coupling: dims: C0Y0X0R0S0Z0C1R1S1Y1X1Z1C2R2S2Y2X2Z2C3R3S3Y3X3Z3C4R4S4Y4X4Z4C5R5S5Y5X5Z5C6R6S6Y6X6Z6C7R7S7PQZ7, in_coupling: [C0][Y0+R0][X0+S0], w_coupling: W0: [Z0][C0][R0][S0],W1: [Z1][C1][R1][S1],W2: [Z2][C2][R2][S2],W3: [Z3][C3][R3][S3],W4: [Z4][C4][R4][S4],W5: [Z5][C5][R5][S5],W6: [Z6][C6][R6][S6],W7: [Z7][C7][R7][S7],, out_coupling: [Z7][P][Q]
final_layer_dims: {'Y0', 'R0', 'Q', 'C0', 'S0', 'Z7', 'R7', 'C7', 'X0', 'P', 'S7'}, coupling.dims: ['C0', 'Y0', 'X0', 'R0', 'S0', 'Z0', 'C1', 'R1', 'S1', 'Y1', 'X1', 'Z1', 'C2', 'R2', 'S2', 'Y2', 'X2', 'Z2', 'C3', 'R3', 'S3', 'Y3', 'X3', 'Z3', 'C4', 'R4', 'S4', 'Y4', 'X4', 'Z4', 'C5', 'R5', 'S5', 'Y5', 'X5', 'Z5', 'C6', 'R6', 'S6', 'Y6', 'X6', 'Z6', 'C7', 'R7', 'S7', 'P', 'Q', 'Z7']
------ loading Accelergy for Eyeriss ------
[Constrained Eyeriss] 8 layers, tile_size=80
  DRAM: {'Q': 12, 'P': 540, 'X0': 12, 'Y0': 540, 'Z0': 1, 'C0': 1, 'R0': 1, 'S0': 1, 'X1': 12, 'Y1': 540, 'Z1': 1, 'C1': 1, 'R1': 1, 'S1': 1, 'X2': 12, 'Y2': 540, 'Z2': 1, 'C2': 1, 'R2': 1, 'S2': 1, 'X3': 12, 'Y3': 540, 'Z3': 1, 'C3': 1, 'R3': 1, 'S3': 1, 'X4': 12, 'Y4': 540, 'Z4': 1, 'C4': 1, 'R4': 1, 'S4': 1, 'X5': 12, 'Y5': 540, 'Z5': 1, 'C5': 1, 'R5': 1, 'S5': 1, 'X6': 12, 'Y6': 540, 'Z6': 1, 'C6': 1, 'R6': 1, 'S6': 1, 'Z7': 1, 'C7': 1, 'R7': 1, 'S7': 1}
  GlobalBuffer: {'Q': 20, 'P': 1, 'X0': 20, 'Y0': 1, 'Z0': 1, 'C0': 1, 'R0': 1, 'S0': 1, 'X1': 20, 'Y1': 1, 'Z1': 1, 'C1': 1, 'R1': 1, 'S1': 1, 'X2': 20, 'Y2': 1, 'Z2': 1, 'C2': 1, 'R2': 1, 'S2': 1, 'X3': 20, 'Y3': 1, 'Z3': 1, 'C3': 1, 'R3': 1, 'S3': 1, 'X4': 20, 'Y4': 1, 'Z4': 1, 'C4': 1, 'R4': 1, 'S4': 1, 'X5': 20, 'Y5': 1, 'Z5': 1, 'C5': 1, 'R5': 1, 'S5': 1, 'X6': 20, 'Y6': 1, 'Z6': 1, 'C6': 1, 'R6': 1, 'S6': 1, 'Z7': 1, 'C7': 1, 'R7': 1, 'S7': 1}
  SACols: {'Q': 4, 'Z7': 1}
  SARows_0: {'S0': 5, 'C0': 1, 'Z0': 1}
  SARows_1: {'S1': 1, 'C1': 8, 'Z1': 1}
  SARows_2: {'S2': 3, 'C2': 2, 'Z2': 1}
  SARows_3: {'S3': 3, 'C3': 2, 'Z3': 1}
  SARows_4: {'S4': 3, 'C4': 2, 'Z4': 1}
  SARows_5: {'S5': 3, 'C5': 2, 'Z5': 1}
  SARows_6: {'S6': 1, 'C6': 6, 'Z6': 1}
  SARows_7: {'S7': 3, 'C7': 2, 'Z7': 1}
Creating architecture: Eyeriss_Constrained_8L_tile80_4x8 with coupling: dims: C0Y0X0R0S0Z0C1R1S1Y1X1Z1C2R2S2Y2X2Z2C3R3S3Y3X3Z3C4R4S4Y4X4Z4C5R5S5Y5X5Z5C6R6S6Y6X6Z6C7R7S7PQZ7, in_coupling: [C0][Y0+R0][X0+S0], w_coupling: W0: [Z0][C0][R0][S0],W1: [Z1][C1][R1][S1],W2: [Z2][C2][R2][S2],W3: [Z3][C3][R3][S3],W4: [Z4][C4][R4][S4],W5: [Z5][C5][R5][S5],W6: [Z6][C6][R6][S6],W7: [Z7][C7][R7][S7],, out_coupling: [Z7][P][Q]
final_layer_dims: {'Y0', 'R0', 'Q', 'C0', 'S0', 'Z7', 'R7', 'C7', 'X0', 'P', 'S7'}, coupling.dims: ['C0', 'Y0', 'X0', 'R0', 'S0', 'Z0', 'C1', 'R1', 'S1', 'Y1', 'X1', 'Z1', 'C2', 'R2', 'S2', 'Y2', 'X2', 'Z2', 'C3', 'R3', 'S3', 'Y3', 'X3', 'Z3', 'C4', 'R4', 'S4', 'Y4', 'X4', 'Z4', 'C5', 'R5', 'S5', 'Y5', 'X5', 'Z5', 'C6', 'R6', 'S6', 'Y6', 'X6', 'Z6', 'C7', 'R7', 'S7', 'P', 'Q', 'Z7']

================================================================================
MEMORY CONSTRAINT VIOLATION DEBUG - Level: InRegister
================================================================================
Memory footprint: 193 bytes
Memory available: 64 bytes
Overflow: 129 bytes

Full architecture mapping:
  DRAM: P:540, Q:12, Y6:540, X6:12, Y5:540, X5:12, Y4:540, X4:12, Y3:540, X3:12, Y2:540, X2:12, Y1:540, X1:12, Y0:540, X0:12
  GlobalBuffer: Q:20, X6:20, X5:20, X4:20, X3:20, X2:20, X1:20, X0:20
  SACols: Q:4
  SARows: S7:3, C7:2
  SACols_6: X6:4
  SARows_6: C6:6
  SACols_5: X5:4
  SARows_5: S5:3, C5:2
  SACols_4: X4:4
  SARows_4: S4:3, C4:2
  SACols_3: X3:4
  SARows_3: S3:3, C3:2
  SACols_2: X2:4
  SARows_2: S2:3, C2:2
  SACols_1: X1:4
  SARows_1: C1:8
  SACols_0: X0:4
  SARows_0: S0:5
  WRegister: C7:28, R7:3, C6:2, C5:6, R5:3, C4:6, R4:3, C3:6, R3:3, C2:6, R2:3, C1:7, C0:3, R0:5
  IntermediateRegister: Z6:56, Z5:12, Z4:12, Z3:12, Z2:12, Z1:12, Z0:56
  OutRegister: Z7:16
================================================================================


================================================================================
MEMORY CONSTRAINT VIOLATION DEBUG - Level: WRegister
================================================================================
Memory footprint: 3,244 bytes
Memory available: 200 bytes
Overflow: 3,044 bytes

Full architecture mapping:
  DRAM: P:540, Q:12, Y6:540, X6:12, Y5:540, X5:12, Y4:540, X4:12, Y3:540, X3:12, Y2:540, X2:12, Y1:540, X1:12, Y0:540, X0:12
  GlobalBuffer: Q:20, X6:20, X5:20, X4:20, X3:20, X2:20, X1:20, X0:20
  SACols: Q:4
  SARows: S7:3, C7:2
  SACols_6: X6:4
  SARows_6: C6:6
  SACols_5: X5:4
  SARows_5: S5:3, C5:2
  SACols_4: X4:4
  SARows_4: S4:3, C4:2
  SACols_3: X3:4
  SARows_3: S3:3, C3:2
  SACols_2: X2:4
  SARows_2: S2:3, C2:2
  SACols_1: X1:4
  SARows_1: C1:8
  SACols_0: X0:4
  SARows_0: S0:5
  WRegister: C7:28, R7:3, C6:2, C5:6, R5:3, C4:6, R4:3, C3:6, R3:3, C2:6, R2:3, C1:7, C0:3, R0:5
  IntermediateRegister: Z6:56, Z5:12, Z4:12, Z3:12, Z2:12, Z1:12, Z0:56
  OutRegister: Z7:16
================================================================================

------ loading Accelergy for Eyeriss ------
[Constrained Eyeriss] 8 layers, tile_size=80
  DRAM: {'Q': 12, 'P': 540, 'X0': 12, 'Y0': 540, 'Z0': 1, 'C0': 1, 'R0': 1, 'S0': 1, 'X1': 12, 'Y1': 540, 'Z1': 1, 'C1': 1, 'R1': 1, 'S1': 1, 'X2': 12, 'Y2': 540, 'Z2': 1, 'C2': 1, 'R2': 1, 'S2': 1, 'X3': 12, 'Y3': 540, 'Z3': 1, 'C3': 1, 'R3': 1, 'S3': 1, 'X4': 12, 'Y4': 540, 'Z4': 1, 'C4': 1, 'R4': 1, 'S4': 1, 'X5': 12, 'Y5': 540, 'Z5': 1, 'C5': 1, 'R5': 1, 'S5': 1, 'X6': 12, 'Y6': 540, 'Z6': 1, 'C6': 1, 'R6': 1, 'S6': 1, 'Z7': 1, 'C7': 1, 'R7': 1, 'S7': 1}
  GlobalBuffer: {'Q': 10, 'P': 1, 'X0': 10, 'Y0': 1, 'Z0': 1, 'C0': 1, 'R0': 1, 'S0': 1, 'X1': 10, 'Y1': 1, 'Z1': 1, 'C1': 1, 'R1': 1, 'S1': 1, 'X2': 10, 'Y2': 1, 'Z2': 1, 'C2': 1, 'R2': 1, 'S2': 1, 'X3': 10, 'Y3': 1, 'Z3': 1, 'C3': 1, 'R3': 1, 'S3': 1, 'X4': 10, 'Y4': 1, 'Z4': 1, 'C4': 1, 'R4': 1, 'S4': 1, 'X5': 10, 'Y5': 1, 'Z5': 1, 'C5': 1, 'R5': 1, 'S5': 1, 'X6': 10, 'Y6': 1, 'Z6': 1, 'C6': 1, 'R6': 1, 'S6': 1, 'Z7': 1, 'C7': 1, 'R7': 1, 'S7': 1}
  SACols: {'Q': 8, 'Z7': 1}
  SARows_0: {'S0': 5, 'C0': 1, 'Z0': 1}
  SARows_1: {'S1': 1, 'C1': 8, 'Z1': 1}
  SARows_2: {'S2': 3, 'C2': 2, 'Z2': 1}
  SARows_3: {'S3': 3, 'C3': 2, 'Z3': 1}
  SARows_4: {'S4': 3, 'C4': 2, 'Z4': 1}
  SARows_5: {'S5': 3, 'C5': 2, 'Z5': 1}
  SARows_6: {'S6': 1, 'C6': 6, 'Z6': 1}
  SARows_7: {'S7': 3, 'C7': 2, 'Z7': 1}

================================================================================
MEMORY CONSTRAINT VIOLATION DEBUG - Level: InRegister
================================================================================
Memory footprint: 193 bytes
Memory available: 64 bytes
Overflow: 129 bytes

Full architecture mapping:
  DRAM: P:540, Q:12, Y6:540, X6:12, Y5:540, X5:12, Y4:540, X4:12, Y3:540, X3:12, Y2:540, X2:12, Y1:540, X1:12, Y0:540, X0:12
  GlobalBuffer: Q:10, X6:10, X5:10, X4:10, X3:10, X2:10, X1:10, X0:10
  SACols: Q:8
  SARows: S7:3, C7:2
  SACols_6: X6:8
  SARows_6: C6:6
  SACols_5: X5:8
  SARows_5: S5:3, C5:2
  SACols_4: X4:8
  SARows_4: S4:3, C4:2
  SACols_3: X3:8
  SARows_3: S3:3, C3:2
  SACols_2: X2:8
  SARows_2: S2:3, C2:2
  SACols_1: X1:8
  SARows_1: C1:8
  SACols_0: X0:8
  SARows_0: S0:5
  WRegister: C7:28, R7:3, C6:2, C5:6, R5:3, C4:6, R4:3, C3:6, R3:3, C2:6, R2:3, C1:7, C0:3, R0:5
  IntermediateRegister: Z6:56, Z5:12, Z4:12, Z3:12, Z2:12, Z1:12, Z0:56
  OutRegister: Z7:16
================================================================================


================================================================================
MEMORY CONSTRAINT VIOLATION DEBUG - Level: WRegister
================================================================================
Memory footprint: 3,244 bytes
Memory available: 200 bytes
Overflow: 3,044 bytes

Full architecture mapping:
  DRAM: P:540, Q:12, Y6:540, X6:12, Y5:540, X5:12, Y4:540, X4:12, Y3:540, X3:12, Y2:540, X2:12, Y1:540, X1:12, Y0:540, X0:12
  GlobalBuffer: Q:10, X6:10, X5:10, X4:10, X3:10, X2:10, X1:10, X0:10
  SACols: Q:8
  SARows: S7:3, C7:2
  SACols_6: X6:8
  SARows_6: C6:6
  SACols_5: X5:8
  SARows_5: S5:3, C5:2
  SACols_4: X4:8
  SARows_4: S4:3, C4:2
  SACols_3: X3:8
  SARows_3: S3:3, C3:2
  SACols_2: X2:8
  SARows_2: S2:3, C2:2
  SACols_1: X1:8
  SARows_1: C1:8
  SACols_0: X0:8
  SARows_0: S0:5
  WRegister: C7:28, R7:3, C6:2, C5:6, R5:3, C4:6, R4:3, C3:6, R3:3, C2:6, R2:3, C1:7, C0:3, R0:5
  IntermediateRegister: Z6:56, Z5:12, Z4:12, Z3:12, Z2:12, Z1:12, Z0:56
  OutRegister: Z7:16
================================================================================

------ loading Accelergy for Eyeriss ------
[Constrained Eyeriss] 8 layers, tile_size=80
  DRAM: {'Q': 12, 'P': 540, 'X0': 12, 'Y0': 540, 'Z0': 1, 'C0': 1, 'R0': 1, 'S0': 1, 'X1': 12, 'Y1': 540, 'Z1': 1, 'C1': 1, 'R1': 1, 'S1': 1, 'X2': 12, 'Y2': 540, 'Z2': 1, 'C2': 1, 'R2': 1, 'S2': 1, 'X3': 12, 'Y3': 540, 'Z3': 1, 'C3': 1, 'R3': 1, 'S3': 1, 'X4': 12, 'Y4': 540, 'Z4': 1, 'C4': 1, 'R4': 1, 'S4': 1, 'X5': 12, 'Y5': 540, 'Z5': 1, 'C5': 1, 'R5': 1, 'S5': 1, 'X6': 12, 'Y6': 540, 'Z6': 1, 'C6': 1, 'R6': 1, 'S6': 1, 'Z7': 1, 'C7': 1, 'R7': 1, 'S7': 1}
  GlobalBuffer: {'Q': 8, 'P': 1, 'X0': 8, 'Y0': 1, 'Z0': 1, 'C0': 1, 'R0': 1, 'S0': 1, 'X1': 8, 'Y1': 1, 'Z1': 1, 'C1': 1, 'R1': 1, 'S1': 1, 'X2': 8, 'Y2': 1, 'Z2': 1, 'C2': 1, 'R2': 1, 'S2': 1, 'X3': 8, 'Y3': 1, 'Z3': 1, 'C3': 1, 'R3': 1, 'S3': 1, 'X4': 8, 'Y4': 1, 'Z4': 1, 'C4': 1, 'R4': 1, 'S4': 1, 'X5': 8, 'Y5': 1, 'Z5': 1, 'C5': 1, 'R5': 1, 'S5': 1, 'X6': 8, 'Y6': 1, 'Z6': 1, 'C6': 1, 'R6': 1, 'S6': 1, 'Z7': 1, 'C7': 1, 'R7': 1, 'S7': 1}
  SACols: {'Q': 10, 'Z7': 1}
  SARows_0: {'S0': 5, 'C0': 1, 'Z0': 1}
  SARows_1: {'S1': 1, 'C1': 8, 'Z1': 1}
  SARows_2: {'S2': 3, 'C2': 2, 'Z2': 1}
  SARows_3: {'S3': 3, 'C3': 2, 'Z3': 1}
  SARows_4: {'S4': 3, 'C4': 2, 'Z4': 1}
  SARows_5: {'S5': 3, 'C5': 2, 'Z5': 1}
  SARows_6: {'S6': 1, 'C6': 6, 'Z6': 1}
  SARows_7: {'S7': 3, 'C7': 2, 'Z7': 1}

================================================================================
MEMORY CONSTRAINT VIOLATION DEBUG - Level: InRegister
================================================================================
Memory footprint: 193 bytes
Memory available: 64 bytes
Overflow: 129 bytes

Full architecture mapping:
  DRAM: P:540, Q:12, Y6:540, X6:12, Y5:540, X5:12, Y4:540, X4:12, Y3:540, X3:12, Y2:540, X2:12, Y1:540, X1:12, Y0:540, X0:12
  GlobalBuffer: Q:8, X6:8, X5:8, X4:8, X3:8, X2:8, X1:8, X0:8
  SACols: Q:10
  SARows: S7:3, C7:2
  SACols_6: X6:10
  SARows_6: C6:6
  SACols_5: X5:10
  SARows_5: S5:3, C5:2
  SACols_4: X4:10
  SARows_4: S4:3, C4:2
  SACols_3: X3:10
  SARows_3: S3:3, C3:2
  SACols_2: X2:10
  SARows_2: S2:3, C2:2
  SACols_1: X1:10
  SARows_1: C1:8
  SACols_0: X0:10
  SARows_0: S0:5
  WRegister: C7:28, R7:3, C6:2, C5:6, R5:3, C4:6, R4:3, C3:6, R3:3, C2:6, R2:3, C1:7, C0:3, R0:5
  IntermediateRegister: Z6:56, Z5:12, Z4:12, Z3:12, Z2:12, Z1:12, Z0:56
  OutRegister: Z7:16
================================================================================


================================================================================
MEMORY CONSTRAINT VIOLATION DEBUG - Level: WRegister
================================================================================
Memory footprint: 3,244 bytes
Memory available: 200 bytes
Overflow: 3,044 bytes

Full architecture mapping:
  DRAM: P:540, Q:12, Y6:540, X6:12, Y5:540, X5:12, Y4:540, X4:12, Y3:540, X3:12, Y2:540, X2:12, Y1:540, X1:12, Y0:540, X0:12
  GlobalBuffer: Q:8, X6:8, X5:8, X4:8, X3:8, X2:8, X1:8, X0:8
  SACols: Q:10
  SARows: S7:3, C7:2
  SACols_6: X6:10
  SARows_6: C6:6
  SACols_5: X5:10
  SARows_5: S5:3, C5:2
  SACols_4: X4:10
  SARows_4: S4:3, C4:2
  SACols_3: X3:10
  SARows_3: S3:3, C3:2
  SACols_2: X2:10
  SARows_2: S2:3, C2:2
  SACols_1: X1:10
  SARows_1: C1:8
  SACols_0: X0:10
  SARows_0: S0:5
  WRegister: C7:28, R7:3, C6:2, C5:6, R5:3, C4:6, R4:3, C3:6, R3:3, C2:6, R2:3, C1:7, C0:3, R0:5
  IntermediateRegister: Z6:56, Z5:12, Z4:12, Z3:12, Z2:12, Z1:12, Z0:56
  OutRegister: Z7:16
================================================================================

------ loading Accelergy for Eyeriss ------
[Constrained Eyeriss] 8 layers, tile_size=80
  DRAM: {'Q': 12, 'P': 540, 'X0': 12, 'Y0': 540, 'Z0': 1, 'C0': 1, 'R0': 1, 'S0': 1, 'X1': 12, 'Y1': 540, 'Z1': 1, 'C1': 1, 'R1': 1, 'S1': 1, 'X2': 12, 'Y2': 540, 'Z2': 1, 'C2': 1, 'R2': 1, 'S2': 1, 'X3': 12, 'Y3': 540, 'Z3': 1, 'C3': 1, 'R3': 1, 'S3': 1, 'X4': 12, 'Y4': 540, 'Z4': 1, 'C4': 1, 'R4': 1, 'S4': 1, 'X5': 12, 'Y5': 540, 'Z5': 1, 'C5': 1, 'R5': 1, 'S5': 1, 'X6': 12, 'Y6': 540, 'Z6': 1, 'C6': 1, 'R6': 1, 'S6': 1, 'Z7': 1, 'C7': 1, 'R7': 1, 'S7': 1}
  GlobalBuffer: {'Q': 5, 'P': 1, 'X0': 5, 'Y0': 1, 'Z0': 1, 'C0': 1, 'R0': 1, 'S0': 1, 'X1': 5, 'Y1': 1, 'Z1': 1, 'C1': 1, 'R1': 1, 'S1': 1, 'X2': 5, 'Y2': 1, 'Z2': 1, 'C2': 1, 'R2': 1, 'S2': 1, 'X3': 5, 'Y3': 1, 'Z3': 1, 'C3': 1, 'R3': 1, 'S3': 1, 'X4': 5, 'Y4': 1, 'Z4': 1, 'C4': 1, 'R4': 1, 'S4': 1, 'X5': 5, 'Y5': 1, 'Z5': 1, 'C5': 1, 'R5': 1, 'S5': 1, 'X6': 5, 'Y6': 1, 'Z6': 1, 'C6': 1, 'R6': 1, 'S6': 1, 'Z7': 1, 'C7': 1, 'R7': 1, 'S7': 1}
  SACols: {'Q': 16, 'Z7': 1}
  SARows_0: {'S0': 5, 'C0': 1, 'Z0': 1}
  SARows_1: {'S1': 1, 'C1': 8, 'Z1': 1}
  SARows_2: {'S2': 3, 'C2': 2, 'Z2': 1}
  SARows_3: {'S3': 3, 'C3': 2, 'Z3': 1}
  SARows_4: {'S4': 3, 'C4': 2, 'Z4': 1}
  SARows_5: {'S5': 3, 'C5': 2, 'Z5': 1}
  SARows_6: {'S6': 1, 'C6': 6, 'Z6': 1}
  SARows_7: {'S7': 3, 'C7': 2, 'Z7': 1}

================================================================================
MEMORY CONSTRAINT VIOLATION DEBUG - Level: InRegister
================================================================================
Memory footprint: 193 bytes
Memory available: 64 bytes
Overflow: 129 bytes

Full architecture mapping:
  DRAM: P:540, Q:12, Y6:540, X6:12, Y5:540, X5:12, Y4:540, X4:12, Y3:540, X3:12, Y2:540, X2:12, Y1:540, X1:12, Y0:540, X0:12
  GlobalBuffer: Q:5, X6:5, X5:5, X4:5, X3:5, X2:5, X1:5, X0:5
  SACols: Q:16
  SARows: S7:3, C7:2
  SACols_6: X6:16
  SARows_6: C6:6
  SACols_5: X5:16
  SARows_5: S5:3, C5:2
  SACols_4: X4:16
  SARows_4: S4:3, C4:2
  SACols_3: X3:16
  SARows_3: S3:3, C3:2
  SACols_2: X2:16
  SARows_2: S2:3, C2:2
  SACols_1: X1:16
  SARows_1: C1:8
  SACols_0: X0:16
  SARows_0: S0:5
  WRegister: C7:28, R7:3, C6:2, C5:6, R5:3, C4:6, R4:3, C3:6, R3:3, C2:6, R2:3, C1:7, C0:3, R0:5
  IntermediateRegister: Z6:56, Z5:12, Z4:12, Z3:12, Z2:12, Z1:12, Z0:56
  OutRegister: Z7:16
================================================================================


================================================================================
MEMORY CONSTRAINT VIOLATION DEBUG - Level: WRegister
================================================================================
Memory footprint: 3,244 bytes
Memory available: 200 bytes
Overflow: 3,044 bytes

Full architecture mapping:
  DRAM: P:540, Q:12, Y6:540, X6:12, Y5:540, X5:12, Y4:540, X4:12, Y3:540, X3:12, Y2:540, X2:12, Y1:540, X1:12, Y0:540, X0:12
  GlobalBuffer: Q:5, X6:5, X5:5, X4:5, X3:5, X2:5, X1:5, X0:5
  SACols: Q:16
  SARows: S7:3, C7:2
  SACols_6: X6:16
  SARows_6: C6:6
  SACols_5: X5:16
  SARows_5: S5:3, C5:2
  SACols_4: X4:16
  SARows_4: S4:3, C4:2
  SACols_3: X3:16
  SARows_3: S3:3, C3:2
  SACols_2: X2:16
  SARows_2: S2:3, C2:2
  SACols_1: X1:16
  SARows_1: C1:8
  SACols_0: X0:16
  SARows_0: S0:5
  WRegister: C7:28, R7:3, C6:2, C5:6, R5:3, C4:6, R4:3, C3:6, R3:3, C2:6, R2:3, C1:7, C0:3, R0:5
  IntermediateRegister: Z6:56, Z5:12, Z4:12, Z3:12, Z2:12, Z1:12, Z0:56
  OutRegister: Z7:16
================================================================================

------ loading Accelergy for Eyeriss ------
[Constrained Eyeriss] 8 layers, tile_size=80
  DRAM: {'Q': 12, 'P': 540, 'X0': 12, 'Y0': 540, 'Z0': 1, 'C0': 1, 'R0': 1, 'S0': 1, 'X1': 12, 'Y1': 540, 'Z1': 1, 'C1': 1, 'R1': 1, 'S1': 1, 'X2': 12, 'Y2': 540, 'Z2': 1, 'C2': 1, 'R2': 1, 'S2': 1, 'X3': 12, 'Y3': 540, 'Z3': 1, 'C3': 1, 'R3': 1, 'S3': 1, 'X4': 12, 'Y4': 540, 'Z4': 1, 'C4': 1, 'R4': 1, 'S4': 1, 'X5': 12, 'Y5': 540, 'Z5': 1, 'C5': 1, 'R5': 1, 'S5': 1, 'X6': 12, 'Y6': 540, 'Z6': 1, 'C6': 1, 'R6': 1, 'S6': 1, 'Z7': 1, 'C7': 1, 'R7': 1, 'S7': 1}
  GlobalBuffer: {'Q': 4, 'P': 1, 'X0': 4, 'Y0': 1, 'Z0': 1, 'C0': 1, 'R0': 1, 'S0': 1, 'X1': 4, 'Y1': 1, 'Z1': 1, 'C1': 1, 'R1': 1, 'S1': 1, 'X2': 4, 'Y2': 1, 'Z2': 1, 'C2': 1, 'R2': 1, 'S2': 1, 'X3': 4, 'Y3': 1, 'Z3': 1, 'C3': 1, 'R3': 1, 'S3': 1, 'X4': 4, 'Y4': 1, 'Z4': 1, 'C4': 1, 'R4': 1, 'S4': 1, 'X5': 4, 'Y5': 1, 'Z5': 1, 'C5': 1, 'R5': 1, 'S5': 1, 'X6': 4, 'Y6': 1, 'Z6': 1, 'C6': 1, 'R6': 1, 'S6': 1, 'Z7': 1, 'C7': 1, 'R7': 1, 'S7': 1}
  SACols: {'Q': 20, 'Z7': 1}
  SARows_0: {'S0': 5, 'C0': 1, 'Z0': 1}
  SARows_1: {'S1': 1, 'C1': 8, 'Z1': 1}
  SARows_2: {'S2': 3, 'C2': 2, 'Z2': 1}
  SARows_3: {'S3': 3, 'C3': 2, 'Z3': 1}
  SARows_4: {'S4': 3, 'C4': 2, 'Z4': 1}
  SARows_5: {'S5': 3, 'C5': 2, 'Z5': 1}
  SARows_6: {'S6': 1, 'C6': 6, 'Z6': 1}
  SARows_7: {'S7': 3, 'C7': 2, 'Z7': 1}

================================================================================
MEMORY CONSTRAINT VIOLATION DEBUG - Level: InRegister
================================================================================
Memory footprint: 193 bytes
Memory available: 64 bytes
Overflow: 129 bytes

Full architecture mapping:
  DRAM: P:540, Q:12, Y6:540, X6:12, Y5:540, X5:12, Y4:540, X4:12, Y3:540, X3:12, Y2:540, X2:12, Y1:540, X1:12, Y0:540, X0:12
  GlobalBuffer: Q:4, X6:4, X5:4, X4:4, X3:4, X2:4, X1:4, X0:4
  SACols: Q:20
  SARows: S7:3, C7:2
  SACols_6: X6:20
  SARows_6: C6:6
  SACols_5: X5:20
  SARows_5: S5:3, C5:2
  SACols_4: X4:20
  SARows_4: S4:3, C4:2
  SACols_3: X3:20
  SARows_3: S3:3, C3:2
  SACols_2: X2:20
  SARows_2: S2:3, C2:2
  SACols_1: X1:20
  SARows_1: C1:8
  SACols_0: X0:20
  SARows_0: S0:5
  WRegister: C7:28, R7:3, C6:2, C5:6, R5:3, C4:6, R4:3, C3:6, R3:3, C2:6, R2:3, C1:7, C0:3, R0:5
  IntermediateRegister: Z6:56, Z5:12, Z4:12, Z3:12, Z2:12, Z1:12, Z0:56
  OutRegister: Z7:16
================================================================================


================================================================================
MEMORY CONSTRAINT VIOLATION DEBUG - Level: WRegister
================================================================================
Memory footprint: 3,244 bytes
Memory available: 200 bytes
Overflow: 3,044 bytes

Full architecture mapping:
  DRAM: P:540, Q:12, Y6:540, X6:12, Y5:540, X5:12, Y4:540, X4:12, Y3:540, X3:12, Y2:540, X2:12, Y1:540, X1:12, Y0:540, X0:12
  GlobalBuffer: Q:4, X6:4, X5:4, X4:4, X3:4, X2:4, X1:4, X0:4
  SACols: Q:20
  SARows: S7:3, C7:2
  SACols_6: X6:20
  SARows_6: C6:6
  SACols_5: X5:20
  SARows_5: S5:3, C5:2
  SACols_4: X4:20
  SARows_4: S4:3, C4:2
  SACols_3: X3:20
  SARows_3: S3:3, C3:2
  SACols_2: X2:20
  SARows_2: S2:3, C2:2
  SACols_1: X1:20
  SARows_1: C1:8
  SACols_0: X0:20
  SARows_0: S0:5
  WRegister: C7:28, R7:3, C6:2, C5:6, R5:3, C4:6, R4:3, C3:6, R3:3, C2:6, R2:3, C1:7, C0:3, R0:5
  IntermediateRegister: Z6:56, Z5:12, Z4:12, Z3:12, Z2:12, Z1:12, Z0:56
  OutRegister: Z7:16
================================================================================

------ loading Accelergy for Eyeriss ------
[Constrained Eyeriss] 8 layers, tile_size=80
  DRAM: {'Q': 12, 'P': 540, 'X0': 12, 'Y0': 540, 'Z0': 1, 'C0': 1, 'R0': 1, 'S0': 1, 'X1': 12, 'Y1': 540, 'Z1': 1, 'C1': 1, 'R1': 1, 'S1': 1, 'X2': 12, 'Y2': 540, 'Z2': 1, 'C2': 1, 'R2': 1, 'S2': 1, 'X3': 12, 'Y3': 540, 'Z3': 1, 'C3': 1, 'R3': 1, 'S3': 1, 'X4': 12, 'Y4': 540, 'Z4': 1, 'C4': 1, 'R4': 1, 'S4': 1, 'X5': 12, 'Y5': 540, 'Z5': 1, 'C5': 1, 'R5': 1, 'S5': 1, 'X6': 12, 'Y6': 540, 'Z6': 1, 'C6': 1, 'R6': 1, 'S6': 1, 'Z7': 1, 'C7': 1, 'R7': 1, 'S7': 1}
  GlobalBuffer: {'Q': 2, 'P': 1, 'X0': 2, 'Y0': 1, 'Z0': 1, 'C0': 1, 'R0': 1, 'S0': 1, 'X1': 2, 'Y1': 1, 'Z1': 1, 'C1': 1, 'R1': 1, 'S1': 1, 'X2': 2, 'Y2': 1, 'Z2': 1, 'C2': 1, 'R2': 1, 'S2': 1, 'X3': 2, 'Y3': 1, 'Z3': 1, 'C3': 1, 'R3': 1, 'S3': 1, 'X4': 2, 'Y4': 1, 'Z4': 1, 'C4': 1, 'R4': 1, 'S4': 1, 'X5': 2, 'Y5': 1, 'Z5': 1, 'C5': 1, 'R5': 1, 'S5': 1, 'X6': 2, 'Y6': 1, 'Z6': 1, 'C6': 1, 'R6': 1, 'S6': 1, 'Z7': 1, 'C7': 1, 'R7': 1, 'S7': 1}
  SACols: {'Q': 40, 'Z7': 1}
  SARows_0: {'S0': 5, 'C0': 1, 'Z0': 1}
  SARows_1: {'S1': 1, 'C1': 8, 'Z1': 1}
  SARows_2: {'S2': 3, 'C2': 2, 'Z2': 1}
  SARows_3: {'S3': 3, 'C3': 2, 'Z3': 1}
  SARows_4: {'S4': 3, 'C4': 2, 'Z4': 1}
  SARows_5: {'S5': 3, 'C5': 2, 'Z5': 1}
  SARows_6: {'S6': 1, 'C6': 6, 'Z6': 1}
  SARows_7: {'S7': 3, 'C7': 2, 'Z7': 1}

================================================================================
MEMORY CONSTRAINT VIOLATION DEBUG - Level: InRegister
================================================================================
Memory footprint: 193 bytes
Memory available: 64 bytes
Overflow: 129 bytes

Full architecture mapping:
  DRAM: P:540, Q:12, Y6:540, X6:12, Y5:540, X5:12, Y4:540, X4:12, Y3:540, X3:12, Y2:540, X2:12, Y1:540, X1:12, Y0:540, X0:12
  GlobalBuffer: Q:2, X6:2, X5:2, X4:2, X3:2, X2:2, X1:2, X0:2
  SACols: Q:40
  SARows: S7:3, C7:2
  SACols_6: X6:40
  SARows_6: C6:6
  SACols_5: X5:40
  SARows_5: S5:3, C5:2
  SACols_4: X4:40
  SARows_4: S4:3, C4:2
  SACols_3: X3:40
  SARows_3: S3:3, C3:2
  SACols_2: X2:40
  SARows_2: S2:3, C2:2
  SACols_1: X1:40
  SARows_1: C1:8
  SACols_0: X0:40
  SARows_0: S0:5
  WRegister: C7:28, R7:3, C6:2, C5:6, R5:3, C4:6, R4:3, C3:6, R3:3, C2:6, R2:3, C1:7, C0:3, R0:5
  IntermediateRegister: Z6:56, Z5:12, Z4:12, Z3:12, Z2:12, Z1:12, Z0:56
  OutRegister: Z7:16
================================================================================


================================================================================
MEMORY CONSTRAINT VIOLATION DEBUG - Level: WRegister
================================================================================
Memory footprint: 3,244 bytes
Memory available: 200 bytes
Overflow: 3,044 bytes

Full architecture mapping:
  DRAM: P:540, Q:12, Y6:540, X6:12, Y5:540, X5:12, Y4:540, X4:12, Y3:540, X3:12, Y2:540, X2:12, Y1:540, X1:12, Y0:540, X0:12
  GlobalBuffer: Q:2, X6:2, X5:2, X4:2, X3:2, X2:2, X1:2, X0:2
  SACols: Q:40
  SARows: S7:3, C7:2
  SACols_6: X6:40
  SARows_6: C6:6
  SACols_5: X5:40
  SARows_5: S5:3, C5:2
  SACols_4: X4:40
  SARows_4: S4:3, C4:2
  SACols_3: X3:40
  SARows_3: S3:3, C3:2
  SACols_2: X2:40
  SARows_2: S2:3, C2:2
  SACols_1: X1:40
  SARows_1: C1:8
  SACols_0: X0:40
  SARows_0: S0:5
  WRegister: C7:28, R7:3, C6:2, C5:6, R5:3, C4:6, R4:3, C3:6, R3:3, C2:6, R2:3, C1:7, C0:3, R0:5
  IntermediateRegister: Z6:56, Z5:12, Z4:12, Z3:12, Z2:12, Z1:12, Z0:56
  OutRegister: Z7:16
================================================================================

------ loading Accelergy for Eyeriss ------
[Constrained Eyeriss] 8 layers, tile_size=80
  DRAM: {'Q': 12, 'P': 540, 'X0': 12, 'Y0': 540, 'Z0': 1, 'C0': 1, 'R0': 1, 'S0': 1, 'X1': 12, 'Y1': 540, 'Z1': 1, 'C1': 1, 'R1': 1, 'S1': 1, 'X2': 12, 'Y2': 540, 'Z2': 1, 'C2': 1, 'R2': 1, 'S2': 1, 'X3': 12, 'Y3': 540, 'Z3': 1, 'C3': 1, 'R3': 1, 'S3': 1, 'X4': 12, 'Y4': 540, 'Z4': 1, 'C4': 1, 'R4': 1, 'S4': 1, 'X5': 12, 'Y5': 540, 'Z5': 1, 'C5': 1, 'R5': 1, 'S5': 1, 'X6': 12, 'Y6': 540, 'Z6': 1, 'C6': 1, 'R6': 1, 'S6': 1, 'Z7': 1, 'C7': 1, 'R7': 1, 'S7': 1}
  GlobalBuffer: {'Q': 1, 'P': 1, 'X0': 1, 'Y0': 1, 'Z0': 1, 'C0': 1, 'R0': 1, 'S0': 1, 'X1': 1, 'Y1': 1, 'Z1': 1, 'C1': 1, 'R1': 1, 'S1': 1, 'X2': 1, 'Y2': 1, 'Z2': 1, 'C2': 1, 'R2': 1, 'S2': 1, 'X3': 1, 'Y3': 1, 'Z3': 1, 'C3': 1, 'R3': 1, 'S3': 1, 'X4': 1, 'Y4': 1, 'Z4': 1, 'C4': 1, 'R4': 1, 'S4': 1, 'X5': 1, 'Y5': 1, 'Z5': 1, 'C5': 1, 'R5': 1, 'S5': 1, 'X6': 1, 'Y6': 1, 'Z6': 1, 'C6': 1, 'R6': 1, 'S6': 1, 'Z7': 1, 'C7': 1, 'R7': 1, 'S7': 1}
  SACols: {'Q': 80, 'Z7': 1}
  SARows_0: {'S0': 5, 'C0': 1, 'Z0': 1}
  SARows_1: {'S1': 1, 'C1': 8, 'Z1': 1}
  SARows_2: {'S2': 3, 'C2': 2, 'Z2': 1}
  SARows_3: {'S3': 3, 'C3': 2, 'Z3': 1}
  SARows_4: {'S4': 3, 'C4': 2, 'Z4': 1}
  SARows_5: {'S5': 3, 'C5': 2, 'Z5': 1}
  SARows_6: {'S6': 1, 'C6': 6, 'Z6': 1}
  SARows_7: {'S7': 3, 'C7': 2, 'Z7': 1}

================================================================================
MEMORY CONSTRAINT VIOLATION DEBUG - Level: InRegister
================================================================================
Memory footprint: 193 bytes
Memory available: 64 bytes
Overflow: 129 bytes

Full architecture mapping:
  DRAM: P:540, Q:12, Y6:540, X6:12, Y5:540, X5:12, Y4:540, X4:12, Y3:540, X3:12, Y2:540, X2:12, Y1:540, X1:12, Y0:540, X0:12
  SACols: Q:80
  SARows: S7:3, C7:2
  SACols_6: X6:80
  SARows_6: C6:6
  SACols_5: X5:80
  SARows_5: S5:3, C5:2
  SACols_4: X4:80
  SARows_4: S4:3, C4:2
  SACols_3: X3:80
  SARows_3: S3:3, C3:2
  SACols_2: X2:80
  SARows_2: S2:3, C2:2
  SACols_1: X1:80
  SARows_1: C1:8
  SACols_0: X0:80
  SARows_0: S0:5
  WRegister: C7:28, R7:3, C6:2, C5:6, R5:3, C4:6, R4:3, C3:6, R3:3, C2:6, R2:3, C1:7, C0:3, R0:5
  IntermediateRegister: Z6:56, Z5:12, Z4:12, Z3:12, Z2:12, Z1:12, Z0:56
  OutRegister: Z7:16
================================================================================


================================================================================
MEMORY CONSTRAINT VIOLATION DEBUG - Level: WRegister
================================================================================
Memory footprint: 3,244 bytes
Memory available: 200 bytes
Overflow: 3,044 bytes

Full architecture mapping:
  DRAM: P:540, Q:12, Y6:540, X6:12, Y5:540, X5:12, Y4:540, X4:12, Y3:540, X3:12, Y2:540, X2:12, Y1:540, X1:12, Y0:540, X0:12
  SACols: Q:80
  SARows: S7:3, C7:2
  SACols_6: X6:80
  SARows_6: C6:6
  SACols_5: X5:80
  SARows_5: S5:3, C5:2
  SACols_4: X4:80
  SARows_4: S4:3, C4:2
  SACols_3: X3:80
  SARows_3: S3:3, C3:2
  SACols_2: X2:80
  SARows_2: S2:3, C2:2
  SACols_1: X1:80
  SARows_1: C1:8
  SACols_0: X0:80
  SARows_0: S0:5
  WRegister: C7:28, R7:3, C6:2, C5:6, R5:3, C4:6, R4:3, C3:6, R3:3, C2:6, R2:3, C1:7, C0:3, R0:5
  IntermediateRegister: Z6:56, Z5:12, Z4:12, Z3:12, Z2:12, Z1:12, Z0:56
  OutRegister: Z7:16
================================================================================

------ loading Accelergy for Eyeriss ------
[Constrained Eyeriss] 8 layers, tile_size=80
  DRAM: {'Q': 12, 'P': 540, 'X0': 12, 'Y0': 540, 'Z0': 1, 'C0': 1, 'R0': 1, 'S0': 1, 'X1': 12, 'Y1': 540, 'Z1': 1, 'C1': 1, 'R1': 1, 'S1': 1, 'X2': 12, 'Y2': 540, 'Z2': 1, 'C2': 1, 'R2': 1, 'S2': 1, 'X3': 12, 'Y3': 540, 'Z3': 1, 'C3': 1, 'R3': 1, 'S3': 1, 'X4': 12, 'Y4': 540, 'Z4': 1, 'C4': 1, 'R4': 1, 'S4': 1, 'X5': 12, 'Y5': 540, 'Z5': 1, 'C5': 1, 'R5': 1, 'S5': 1, 'X6': 12, 'Y6': 540, 'Z6': 1, 'C6': 1, 'R6': 1, 'S6': 1, 'Z7': 1, 'C7': 1, 'R7': 1, 'S7': 1}
  GlobalBuffer: {'Q': 1, 'P': 1, 'X0': 1, 'Y0': 1, 'Z0': 1, 'C0': 1, 'R0': 1, 'S0': 1, 'X1': 1, 'Y1': 1, 'Z1': 1, 'C1': 1, 'R1': 1, 'S1': 1, 'X2': 1, 'Y2': 1, 'Z2': 1, 'C2': 1, 'R2': 1, 'S2': 1, 'X3': 1, 'Y3': 1, 'Z3': 1, 'C3': 1, 'R3': 1, 'S3': 1, 'X4': 1, 'Y4': 1, 'Z4': 1, 'C4': 1, 'R4': 1, 'S4': 1, 'X5': 1, 'Y5': 1, 'Z5': 1, 'C5': 1, 'R5': 1, 'S5': 1, 'X6': 1, 'Y6': 1, 'Z6': 1, 'C6': 1, 'R6': 1, 'S6': 1, 'Z7': 1, 'C7': 1, 'R7': 1, 'S7': 1}
  SACols: {'Q': 80, 'Z7': 1}
  SARows_0: {'S0': 5, 'C0': 1, 'Z0': 1}
  SARows_1: {'S1': 1, 'C1': 8, 'Z1': 1}
  SARows_2: {'S2': 3, 'C2': 2, 'Z2': 1}
  SARows_3: {'S3': 3, 'C3': 2, 'Z3': 1}
  SARows_4: {'S4': 3, 'C4': 2, 'Z4': 1}
  SARows_5: {'S5': 3, 'C5': 2, 'Z5': 1}
  SARows_6: {'S6': 1, 'C6': 6, 'Z6': 1}
  SARows_7: {'S7': 3, 'C7': 2, 'Z7': 1}

================================================================================
MEMORY CONSTRAINT VIOLATION DEBUG - Level: InRegister
================================================================================
Memory footprint: 193 bytes
Memory available: 64 bytes
Overflow: 129 bytes

Full architecture mapping:
  DRAM: P:540, Q:12, Y6:540, X6:12, Y5:540, X5:12, Y4:540, X4:12, Y3:540, X3:12, Y2:540, X2:12, Y1:540, X1:12, Y0:540, X0:12
  SACols: Q:80
  SARows: S7:3, C7:2
  SACols_6: X6:80
  SARows_6: C6:6
  SACols_5: X5:80
  SARows_5: S5:3, C5:2
  SACols_4: X4:80
  SARows_4: S4:3, C4:2
  SACols_3: X3:80
  SARows_3: S3:3, C3:2
  SACols_2: X2:80
  SARows_2: S2:3, C2:2
  SACols_1: X1:80
  SARows_1: C1:8
  SACols_0: X0:80
  SARows_0: S0:5
  WRegister: C7:28, R7:3, C6:2, C5:6, R5:3, C4:6, R4:3, C3:6, R3:3, C2:6, R2:3, C1:7, C0:3, R0:5
  IntermediateRegister: Z6:56, Z5:12, Z4:12, Z3:12, Z2:12, Z1:12, Z0:56
  OutRegister: Z7:16
================================================================================


================================================================================
MEMORY CONSTRAINT VIOLATION DEBUG - Level: WRegister
================================================================================
Memory footprint: 3,244 bytes
Memory available: 200 bytes
Overflow: 3,044 bytes

Full architecture mapping:
  DRAM: P:540, Q:12, Y6:540, X6:12, Y5:540, X5:12, Y4:540, X4:12, Y3:540, X3:12, Y2:540, X2:12, Y1:540, X1:12, Y0:540, X0:12
  SACols: Q:80
  SARows: S7:3, C7:2
  SACols_6: X6:80
  SARows_6: C6:6
  SACols_5: X5:80
  SARows_5: S5:3, C5:2
  SACols_4: X4:80
  SARows_4: S4:3, C4:2
  SACols_3: X3:80
  SARows_3: S3:3, C3:2
  SACols_2: X2:80
  SARows_2: S2:3, C2:2
  SACols_1: X1:80
  SARows_1: C1:8
  SACols_0: X0:80
  SARows_0: S0:5
  WRegister: C7:28, R7:3, C6:2, C5:6, R5:3, C4:6, R4:3, C3:6, R3:3, C2:6, R2:3, C1:7, C0:3, R0:5
  IntermediateRegister: Z6:56, Z5:12, Z4:12, Z3:12, Z2:12, Z1:12, Z0:56
  OutRegister: Z7:16
================================================================================

------ loading Accelergy for Eyeriss ------
[Constrained Eyeriss] 8 layers, tile_size=80
  DRAM: {'Q': 12, 'P': 540, 'X0': 12, 'Y0': 540, 'Z0': 1, 'C0': 1, 'R0': 1, 'S0': 1, 'X1': 12, 'Y1': 540, 'Z1': 1, 'C1': 1, 'R1': 1, 'S1': 1, 'X2': 12, 'Y2': 540, 'Z2': 1, 'C2': 1, 'R2': 1, 'S2': 1, 'X3': 12, 'Y3': 540, 'Z3': 1, 'C3': 1, 'R3': 1, 'S3': 1, 'X4': 12, 'Y4': 540, 'Z4': 1, 'C4': 1, 'R4': 1, 'S4': 1, 'X5': 12, 'Y5': 540, 'Z5': 1, 'C5': 1, 'R5': 1, 'S5': 1, 'X6': 12, 'Y6': 540, 'Z6': 1, 'C6': 1, 'R6': 1, 'S6': 1, 'Z7': 1, 'C7': 1, 'R7': 1, 'S7': 1}
  GlobalBuffer: {'Q': 1, 'P': 1, 'X0': 1, 'Y0': 1, 'Z0': 1, 'C0': 1, 'R0': 1, 'S0': 1, 'X1': 1, 'Y1': 1, 'Z1': 1, 'C1': 1, 'R1': 1, 'S1': 1, 'X2': 1, 'Y2': 1, 'Z2': 1, 'C2': 1, 'R2': 1, 'S2': 1, 'X3': 1, 'Y3': 1, 'Z3': 1, 'C3': 1, 'R3': 1, 'S3': 1, 'X4': 1, 'Y4': 1, 'Z4': 1, 'C4': 1, 'R4': 1, 'S4': 1, 'X5': 1, 'Y5': 1, 'Z5': 1, 'C5': 1, 'R5': 1, 'S5': 1, 'X6': 1, 'Y6': 1, 'Z6': 1, 'C6': 1, 'R6': 1, 'S6': 1, 'Z7': 1, 'C7': 1, 'R7': 1, 'S7': 1}
  SACols: {'Q': 80, 'Z7': 2}
  SARows_0: {'S0': 5, 'C0': 1, 'Z0': 1}
  SARows_1: {'S1': 1, 'C1': 8, 'Z1': 1}
  SARows_2: {'S2': 3, 'C2': 2, 'Z2': 1}
  SARows_3: {'S3': 3, 'C3': 2, 'Z3': 1}
  SARows_4: {'S4': 3, 'C4': 2, 'Z4': 1}
  SARows_5: {'S5': 3, 'C5': 2, 'Z5': 1}
  SARows_6: {'S6': 1, 'C6': 6, 'Z6': 1}
  SARows_7: {'S7': 3, 'C7': 2, 'Z7': 1}

================================================================================
MEMORY CONSTRAINT VIOLATION DEBUG - Level: InRegister
================================================================================
Memory footprint: 193 bytes
Memory available: 64 bytes
Overflow: 129 bytes

Full architecture mapping:
  DRAM: P:540, Q:12, Y6:540, X6:12, Y5:540, X5:12, Y4:540, X4:12, Y3:540, X3:12, Y2:540, X2:12, Y1:540, X1:12, Y0:540, X0:12
  SACols: Q:80, Z7:2
  SARows: S7:3, C7:2
  SACols_6: X6:80, Z6:2
  SARows_6: C6:6
  SACols_5: X5:80, Z5:3
  SARows_5: S5:3, C5:2
  SACols_4: X4:80, Z4:3
  SARows_4: S4:3, C4:2
  SACols_3: X3:80, Z3:3
  SARows_3: S3:3, C3:2
  SACols_2: X2:80, Z2:3
  SARows_2: S2:3, C2:2
  SACols_1: X1:80, Z1:3
  SARows_1: C1:8
  SACols_0: X0:80, Z0:2
  SARows_0: S0:5
  WRegister: C7:28, R7:3, C6:2, C5:6, R5:3, C4:6, R4:3, C3:6, R3:3, C2:6, R2:3, C1:7, C0:3, R0:5
  IntermediateRegister: Z6:28, Z5:4, Z4:4, Z3:4, Z2:4, Z1:4, Z0:28
  OutRegister: Z7:8
================================================================================


================================================================================
MEMORY CONSTRAINT VIOLATION DEBUG - Level: WRegister
================================================================================
Memory footprint: 1,464 bytes
Memory available: 200 bytes
Overflow: 1,264 bytes

Full architecture mapping:
  DRAM: P:540, Q:12, Y6:540, X6:12, Y5:540, X5:12, Y4:540, X4:12, Y3:540, X3:12, Y2:540, X2:12, Y1:540, X1:12, Y0:540, X0:12
  SACols: Q:80, Z7:2
  SARows: S7:3, C7:2
  SACols_6: X6:80, Z6:2
  SARows_6: C6:6
  SACols_5: X5:80, Z5:3
  SARows_5: S5:3, C5:2
  SACols_4: X4:80, Z4:3
  SARows_4: S4:3, C4:2
  SACols_3: X3:80, Z3:3
  SARows_3: S3:3, C3:2
  SACols_2: X2:80, Z2:3
  SARows_2: S2:3, C2:2
  SACols_1: X1:80, Z1:3
  SARows_1: C1:8
  SACols_0: X0:80, Z0:2
  SARows_0: S0:5
  WRegister: C7:28, R7:3, C6:2, C5:6, R5:3, C4:6, R4:3, C3:6, R3:3, C2:6, R2:3, C1:7, C0:3, R0:5
  IntermediateRegister: Z6:28, Z5:4, Z4:4, Z3:4, Z2:4, Z1:4, Z0:28
  OutRegister: Z7:8
================================================================================

------ loading Accelergy for Eyeriss ------
[Constrained Eyeriss] 8 layers, tile_size=80
  DRAM: {'Q': 12, 'P': 540, 'X0': 12, 'Y0': 540, 'Z0': 1, 'C0': 1, 'R0': 1, 'S0': 1, 'X1': 12, 'Y1': 540, 'Z1': 1, 'C1': 1, 'R1': 1, 'S1': 1, 'X2': 12, 'Y2': 540, 'Z2': 1, 'C2': 1, 'R2': 1, 'S2': 1, 'X3': 12, 'Y3': 540, 'Z3': 1, 'C3': 1, 'R3': 1, 'S3': 1, 'X4': 12, 'Y4': 540, 'Z4': 1, 'C4': 1, 'R4': 1, 'S4': 1, 'X5': 12, 'Y5': 540, 'Z5': 1, 'C5': 1, 'R5': 1, 'S5': 1, 'X6': 12, 'Y6': 540, 'Z6': 1, 'C6': 1, 'R6': 1, 'S6': 1, 'Z7': 1, 'C7': 1, 'R7': 1, 'S7': 1}
  GlobalBuffer: {'Q': 1, 'P': 1, 'X0': 1, 'Y0': 1, 'Z0': 1, 'C0': 1, 'R0': 1, 'S0': 1, 'X1': 1, 'Y1': 1, 'Z1': 1, 'C1': 1, 'R1': 1, 'S1': 1, 'X2': 1, 'Y2': 1, 'Z2': 1, 'C2': 1, 'R2': 1, 'S2': 1, 'X3': 1, 'Y3': 1, 'Z3': 1, 'C3': 1, 'R3': 1, 'S3': 1, 'X4': 1, 'Y4': 1, 'Z4': 1, 'C4': 1, 'R4': 1, 'S4': 1, 'X5': 1, 'Y5': 1, 'Z5': 1, 'C5': 1, 'R5': 1, 'S5': 1, 'X6': 1, 'Y6': 1, 'Z6': 1, 'C6': 1, 'R6': 1, 'S6': 1, 'Z7': 1, 'C7': 1, 'R7': 1, 'S7': 1}
  SACols: {'Q': 80, 'Z7': 4}
  SARows_0: {'S0': 5, 'C0': 1, 'Z0': 1}
  SARows_1: {'S1': 1, 'C1': 8, 'Z1': 1}
  SARows_2: {'S2': 3, 'C2': 2, 'Z2': 1}
  SARows_3: {'S3': 3, 'C3': 2, 'Z3': 1}
  SARows_4: {'S4': 3, 'C4': 2, 'Z4': 1}
  SARows_5: {'S5': 3, 'C5': 2, 'Z5': 1}
  SARows_6: {'S6': 1, 'C6': 6, 'Z6': 1}
  SARows_7: {'S7': 3, 'C7': 2, 'Z7': 1}

================================================================================
MEMORY CONSTRAINT VIOLATION DEBUG - Level: InRegister
================================================================================
Memory footprint: 193 bytes
Memory available: 64 bytes
Overflow: 129 bytes

Full architecture mapping:
  DRAM: P:540, Q:12, Y6:540, X6:12, Y5:540, X5:12, Y4:540, X4:12, Y3:540, X3:12, Y2:540, X2:12, Y1:540, X1:12, Y0:540, X0:12
  SACols: Q:80, Z7:4
  SARows: S7:3, C7:2
  SACols_6: X6:80, Z6:4
  SARows_6: C6:6
  SACols_5: X5:80, Z5:4
  SARows_5: S5:3, C5:2
  SACols_4: X4:80, Z4:4
  SARows_4: S4:3, C4:2
  SACols_3: X3:80, Z3:4
  SARows_3: S3:3, C3:2
  SACols_2: X2:80, Z2:4
  SARows_2: S2:3, C2:2
  SACols_1: X1:80, Z1:4
  SARows_1: C1:8
  SACols_0: X0:80, Z0:4
  SARows_0: S0:5
  WRegister: C7:28, R7:3, C6:2, C5:6, R5:3, C4:6, R4:3, C3:6, R3:3, C2:6, R2:3, C1:7, C0:3, R0:5
  IntermediateRegister: Z6:14, Z5:3, Z4:3, Z3:3, Z2:3, Z1:3, Z0:14
  OutRegister: Z7:4
================================================================================


================================================================================
MEMORY CONSTRAINT VIOLATION DEBUG - Level: WRegister
================================================================================
Memory footprint: 811 bytes
Memory available: 200 bytes
Overflow: 611 bytes

Full architecture mapping:
  DRAM: P:540, Q:12, Y6:540, X6:12, Y5:540, X5:12, Y4:540, X4:12, Y3:540, X3:12, Y2:540, X2:12, Y1:540, X1:12, Y0:540, X0:12
  SACols: Q:80, Z7:4
  SARows: S7:3, C7:2
  SACols_6: X6:80, Z6:4
  SARows_6: C6:6
  SACols_5: X5:80, Z5:4
  SARows_5: S5:3, C5:2
  SACols_4: X4:80, Z4:4
  SARows_4: S4:3, C4:2
  SACols_3: X3:80, Z3:4
  SARows_3: S3:3, C3:2
  SACols_2: X2:80, Z2:4
  SARows_2: S2:3, C2:2
  SACols_1: X1:80, Z1:4
  SARows_1: C1:8
  SACols_0: X0:80, Z0:4
  SARows_0: S0:5
  WRegister: C7:28, R7:3, C6:2, C5:6, R5:3, C4:6, R4:3, C3:6, R3:3, C2:6, R2:3, C1:7, C0:3, R0:5
  IntermediateRegister: Z6:14, Z5:3, Z4:3, Z3:3, Z2:3, Z1:3, Z0:14
  OutRegister: Z7:4
================================================================================

------ loading Accelergy for Eyeriss ------
[Constrained Eyeriss] 8 layers, tile_size=80
  DRAM: {'Q': 12, 'P': 540, 'X0': 12, 'Y0': 540, 'Z0': 1, 'C0': 1, 'R0': 1, 'S0': 1, 'X1': 12, 'Y1': 540, 'Z1': 1, 'C1': 1, 'R1': 1, 'S1': 1, 'X2': 12, 'Y2': 540, 'Z2': 1, 'C2': 1, 'R2': 1, 'S2': 1, 'X3': 12, 'Y3': 540, 'Z3': 1, 'C3': 1, 'R3': 1, 'S3': 1, 'X4': 12, 'Y4': 540, 'Z4': 1, 'C4': 1, 'R4': 1, 'S4': 1, 'X5': 12, 'Y5': 540, 'Z5': 1, 'C5': 1, 'R5': 1, 'S5': 1, 'X6': 12, 'Y6': 540, 'Z6': 1, 'C6': 1, 'R6': 1, 'S6': 1, 'Z7': 1, 'C7': 1, 'R7': 1, 'S7': 1}
  GlobalBuffer: {'Q': 1, 'P': 1, 'X0': 1, 'Y0': 1, 'Z0': 1, 'C0': 1, 'R0': 1, 'S0': 1, 'X1': 1, 'Y1': 1, 'Z1': 1, 'C1': 1, 'R1': 1, 'S1': 1, 'X2': 1, 'Y2': 1, 'Z2': 1, 'C2': 1, 'R2': 1, 'S2': 1, 'X3': 1, 'Y3': 1, 'Z3': 1, 'C3': 1, 'R3': 1, 'S3': 1, 'X4': 1, 'Y4': 1, 'Z4': 1, 'C4': 1, 'R4': 1, 'S4': 1, 'X5': 1, 'Y5': 1, 'Z5': 1, 'C5': 1, 'R5': 1, 'S5': 1, 'X6': 1, 'Y6': 1, 'Z6': 1, 'C6': 1, 'R6': 1, 'S6': 1, 'Z7': 1, 'C7': 1, 'R7': 1, 'S7': 1}
  SACols: {'Q': 80, 'Z7': 4}
  SARows_0: {'S0': 5, 'C0': 1, 'Z0': 1}
  SARows_1: {'S1': 1, 'C1': 8, 'Z1': 1}
  SARows_2: {'S2': 3, 'C2': 2, 'Z2': 1}
  SARows_3: {'S3': 3, 'C3': 2, 'Z3': 1}
  SARows_4: {'S4': 3, 'C4': 2, 'Z4': 1}
  SARows_5: {'S5': 3, 'C5': 2, 'Z5': 1}
  SARows_6: {'S6': 1, 'C6': 6, 'Z6': 1}
  SARows_7: {'S7': 3, 'C7': 2, 'Z7': 1}

================================================================================
MEMORY CONSTRAINT VIOLATION DEBUG - Level: InRegister
================================================================================
Memory footprint: 193 bytes
Memory available: 64 bytes
Overflow: 129 bytes

Full architecture mapping:
  DRAM: P:540, Q:12, Y6:540, X6:12, Y5:540, X5:12, Y4:540, X4:12, Y3:540, X3:12, Y2:540, X2:12, Y1:540, X1:12, Y0:540, X0:12
  SACols: Q:80, Z7:4
  SARows: S7:3, C7:2
  SACols_6: X6:80, Z6:4
  SARows_6: C6:6
  SACols_5: X5:80, Z5:6
  SARows_5: S5:3, C5:2
  SACols_4: X4:80, Z4:6
  SARows_4: S4:3, C4:2
  SACols_3: X3:80, Z3:6
  SARows_3: S3:3, C3:2
  SACols_2: X2:80, Z2:6
  SARows_2: S2:3, C2:2
  SACols_1: X1:80, Z1:6
  SARows_1: C1:8
  SACols_0: X0:80, Z0:4
  SARows_0: S0:5
  WRegister: C7:28, R7:3, C6:2, C5:6, R5:3, C4:6, R4:3, C3:6, R3:3, C2:6, R2:3, C1:7, C0:3, R0:5
  IntermediateRegister: Z6:14, Z5:2, Z4:2, Z3:2, Z2:2, Z1:2, Z0:14
  OutRegister: Z7:4
================================================================================


================================================================================
MEMORY CONSTRAINT VIOLATION DEBUG - Level: WRegister
================================================================================
Memory footprint: 732 bytes
Memory available: 200 bytes
Overflow: 532 bytes

Full architecture mapping:
  DRAM: P:540, Q:12, Y6:540, X6:12, Y5:540, X5:12, Y4:540, X4:12, Y3:540, X3:12, Y2:540, X2:12, Y1:540, X1:12, Y0:540, X0:12
  SACols: Q:80, Z7:4
  SARows: S7:3, C7:2
  SACols_6: X6:80, Z6:4
  SARows_6: C6:6
  SACols_5: X5:80, Z5:6
  SARows_5: S5:3, C5:2
  SACols_4: X4:80, Z4:6
  SARows_4: S4:3, C4:2
  SACols_3: X3:80, Z3:6
  SARows_3: S3:3, C3:2
  SACols_2: X2:80, Z2:6
  SARows_2: S2:3, C2:2
  SACols_1: X1:80, Z1:6
  SARows_1: C1:8
  SACols_0: X0:80, Z0:4
  SARows_0: S0:5
  WRegister: C7:28, R7:3, C6:2, C5:6, R5:3, C4:6, R4:3, C3:6, R3:3, C2:6, R2:3, C1:7, C0:3, R0:5
  IntermediateRegister: Z6:14, Z5:2, Z4:2, Z3:2, Z2:2, Z1:2, Z0:14
  OutRegister: Z7:4
================================================================================

------ loading Accelergy for Eyeriss ------
[Constrained Eyeriss] 8 layers, tile_size=80
  DRAM: {'Q': 12, 'P': 540, 'X0': 12, 'Y0': 540, 'Z0': 1, 'C0': 1, 'R0': 1, 'S0': 1, 'X1': 12, 'Y1': 540, 'Z1': 1, 'C1': 1, 'R1': 1, 'S1': 1, 'X2': 12, 'Y2': 540, 'Z2': 1, 'C2': 1, 'R2': 1, 'S2': 1, 'X3': 12, 'Y3': 540, 'Z3': 1, 'C3': 1, 'R3': 1, 'S3': 1, 'X4': 12, 'Y4': 540, 'Z4': 1, 'C4': 1, 'R4': 1, 'S4': 1, 'X5': 12, 'Y5': 540, 'Z5': 1, 'C5': 1, 'R5': 1, 'S5': 1, 'X6': 12, 'Y6': 540, 'Z6': 1, 'C6': 1, 'R6': 1, 'S6': 1, 'Z7': 1, 'C7': 1, 'R7': 1, 'S7': 1}
  GlobalBuffer: {'Q': 20, 'P': 1, 'X0': 20, 'Y0': 1, 'Z0': 1, 'C0': 1, 'R0': 1, 'S0': 1, 'X1': 20, 'Y1': 1, 'Z1': 1, 'C1': 1, 'R1': 1, 'S1': 1, 'X2': 20, 'Y2': 1, 'Z2': 1, 'C2': 1, 'R2': 1, 'S2': 1, 'X3': 20, 'Y3': 1, 'Z3': 1, 'C3': 1, 'R3': 1, 'S3': 1, 'X4': 20, 'Y4': 1, 'Z4': 1, 'C4': 1, 'R4': 1, 'S4': 1, 'X5': 20, 'Y5': 1, 'Z5': 1, 'C5': 1, 'R5': 1, 'S5': 1, 'X6': 20, 'Y6': 1, 'Z6': 1, 'C6': 1, 'R6': 1, 'S6': 1, 'Z7': 1, 'C7': 1, 'R7': 1, 'S7': 1}
  SACols: {'Q': 4, 'Z7': 1}
  SARows_0: {'S0': 5, 'C0': 1, 'Z0': 2}
  SARows_1: {'S1': 1, 'C1': 8, 'Z1': 1}
  SARows_2: {'S2': 3, 'C2': 4, 'Z2': 1}
  SARows_3: {'S3': 3, 'C3': 4, 'Z3': 1}
  SARows_4: {'S4': 3, 'C4': 4, 'Z4': 1}
  SARows_5: {'S5': 3, 'C5': 4, 'Z5': 1}
  SARows_6: {'S6': 1, 'C6': 12, 'Z6': 1}
  SARows_7: {'S7': 3, 'C7': 4, 'Z7': 1}

================================================================================
MEMORY CONSTRAINT VIOLATION DEBUG - Level: InRegister
================================================================================
Memory footprint: 114 bytes
Memory available: 64 bytes
Overflow: 50 bytes

Full architecture mapping:
  DRAM: P:540, Q:12, Y6:540, X6:12, Y5:540, X5:12, Y4:540, X4:12, Y3:540, X3:12, Y2:540, X2:12, Y1:540, X1:12, Y0:540, X0:12
  GlobalBuffer: Q:20, X6:20, X5:20, X4:20, X3:20, X2:20, X1:20, X0:20
  SACols: Q:4
  SARows: S7:3, C7:4
  SACols_6: X6:4
  SARows_6: C6:12
  SACols_5: X5:4
  SARows_5: S5:3, C5:4
  SACols_4: X4:4
  SARows_4: S4:3, C4:4
  SACols_3: X3:4
  SARows_3: S3:3, C3:4
  SACols_2: X2:4
  SARows_2: S2:3, C2:4
  SACols_1: X1:4
  SARows_1: C1:8
  SACols_0: X0:4
  SARows_0: S0:5, Z0:2
  WRegister: C7:14, R7:3, C5:3, R5:3, C4:3, R4:3, C3:3, R3:3, C2:3, R2:3, C1:7, C0:3, R0:5
  IntermediateRegister: Z6:56, Z5:12, Z4:12, Z3:12, Z2:12, Z1:12, Z0:28
  OutRegister: Z7:16
================================================================================


================================================================================
MEMORY CONSTRAINT VIOLATION DEBUG - Level: WRegister
================================================================================
Memory footprint: 1,664 bytes
Memory available: 200 bytes
Overflow: 1,464 bytes

Full architecture mapping:
  DRAM: P:540, Q:12, Y6:540, X6:12, Y5:540, X5:12, Y4:540, X4:12, Y3:540, X3:12, Y2:540, X2:12, Y1:540, X1:12, Y0:540, X0:12
  GlobalBuffer: Q:20, X6:20, X5:20, X4:20, X3:20, X2:20, X1:20, X0:20
  SACols: Q:4
  SARows: S7:3, C7:4
  SACols_6: X6:4
  SARows_6: C6:12
  SACols_5: X5:4
  SARows_5: S5:3, C5:4
  SACols_4: X4:4
  SARows_4: S4:3, C4:4
  SACols_3: X3:4
  SARows_3: S3:3, C3:4
  SACols_2: X2:4
  SARows_2: S2:3, C2:4
  SACols_1: X1:4
  SARows_1: C1:8
  SACols_0: X0:4
  SARows_0: S0:5, Z0:2
  WRegister: C7:14, R7:3, C5:3, R5:3, C4:3, R4:3, C3:3, R3:3, C2:3, R2:3, C1:7, C0:3, R0:5
  IntermediateRegister: Z6:56, Z5:12, Z4:12, Z3:12, Z2:12, Z1:12, Z0:28
  OutRegister: Z7:16
================================================================================

------ loading Accelergy for Eyeriss ------
[Constrained Eyeriss] 8 layers, tile_size=80
  DRAM: {'Q': 12, 'P': 540, 'X0': 12, 'Y0': 540, 'Z0': 1, 'C0': 1, 'R0': 1, 'S0': 1, 'X1': 12, 'Y1': 540, 'Z1': 1, 'C1': 1, 'R1': 1, 'S1': 1, 'X2': 12, 'Y2': 540, 'Z2': 1, 'C2': 1, 'R2': 1, 'S2': 1, 'X3': 12, 'Y3': 540, 'Z3': 1, 'C3': 1, 'R3': 1, 'S3': 1, 'X4': 12, 'Y4': 540, 'Z4': 1, 'C4': 1, 'R4': 1, 'S4': 1, 'X5': 12, 'Y5': 540, 'Z5': 1, 'C5': 1, 'R5': 1, 'S5': 1, 'X6': 12, 'Y6': 540, 'Z6': 1, 'C6': 1, 'R6': 1, 'S6': 1, 'Z7': 1, 'C7': 1, 'R7': 1, 'S7': 1}
  GlobalBuffer: {'Q': 10, 'P': 1, 'X0': 10, 'Y0': 1, 'Z0': 1, 'C0': 1, 'R0': 1, 'S0': 1, 'X1': 10, 'Y1': 1, 'Z1': 1, 'C1': 1, 'R1': 1, 'S1': 1, 'X2': 10, 'Y2': 1, 'Z2': 1, 'C2': 1, 'R2': 1, 'S2': 1, 'X3': 10, 'Y3': 1, 'Z3': 1, 'C3': 1, 'R3': 1, 'S3': 1, 'X4': 10, 'Y4': 1, 'Z4': 1, 'C4': 1, 'R4': 1, 'S4': 1, 'X5': 10, 'Y5': 1, 'Z5': 1, 'C5': 1, 'R5': 1, 'S5': 1, 'X6': 10, 'Y6': 1, 'Z6': 1, 'C6': 1, 'R6': 1, 'S6': 1, 'Z7': 1, 'C7': 1, 'R7': 1, 'S7': 1}
  SACols: {'Q': 8, 'Z7': 1}
  SARows_0: {'S0': 5, 'C0': 1, 'Z0': 2}
  SARows_1: {'S1': 1, 'C1': 8, 'Z1': 1}
  SARows_2: {'S2': 3, 'C2': 4, 'Z2': 1}
  SARows_3: {'S3': 3, 'C3': 4, 'Z3': 1}
  SARows_4: {'S4': 3, 'C4': 4, 'Z4': 1}
  SARows_5: {'S5': 3, 'C5': 4, 'Z5': 1}
  SARows_6: {'S6': 1, 'C6': 12, 'Z6': 1}
  SARows_7: {'S7': 3, 'C7': 4, 'Z7': 1}

================================================================================
MEMORY CONSTRAINT VIOLATION DEBUG - Level: InRegister
================================================================================
Memory footprint: 114 bytes
Memory available: 64 bytes
Overflow: 50 bytes

Full architecture mapping:
  DRAM: P:540, Q:12, Y6:540, X6:12, Y5:540, X5:12, Y4:540, X4:12, Y3:540, X3:12, Y2:540, X2:12, Y1:540, X1:12, Y0:540, X0:12
  GlobalBuffer: Q:10, X6:10, X5:10, X4:10, X3:10, X2:10, X1:10, X0:10
  SACols: Q:8
  SARows: S7:3, C7:4
  SACols_6: X6:8
  SARows_6: C6:12
  SACols_5: X5:8
  SARows_5: S5:3, C5:4
  SACols_4: X4:8
  SARows_4: S4:3, C4:4
  SACols_3: X3:8
  SARows_3: S3:3, C3:4
  SACols_2: X2:8
  SARows_2: S2:3, C2:4
  SACols_1: X1:8
  SARows_1: C1:8
  SACols_0: X0:8
  SARows_0: S0:5, Z0:2
  WRegister: C7:14, R7:3, C5:3, R5:3, C4:3, R4:3, C3:3, R3:3, C2:3, R2:3, C1:7, C0:3, R0:5
  IntermediateRegister: Z6:56, Z5:12, Z4:12, Z3:12, Z2:12, Z1:12, Z0:28
  OutRegister: Z7:16
================================================================================


================================================================================
MEMORY CONSTRAINT VIOLATION DEBUG - Level: WRegister
================================================================================
Memory footprint: 1,664 bytes
Memory available: 200 bytes
Overflow: 1,464 bytes

Full architecture mapping:
  DRAM: P:540, Q:12, Y6:540, X6:12, Y5:540, X5:12, Y4:540, X4:12, Y3:540, X3:12, Y2:540, X2:12, Y1:540, X1:12, Y0:540, X0:12
  GlobalBuffer: Q:10, X6:10, X5:10, X4:10, X3:10, X2:10, X1:10, X0:10
  SACols: Q:8
  SARows: S7:3, C7:4
  SACols_6: X6:8
  SARows_6: C6:12
  SACols_5: X5:8
  SARows_5: S5:3, C5:4
  SACols_4: X4:8
  SARows_4: S4:3, C4:4
  SACols_3: X3:8
  SARows_3: S3:3, C3:4
  SACols_2: X2:8
  SARows_2: S2:3, C2:4
  SACols_1: X1:8
  SARows_1: C1:8
  SACols_0: X0:8
  SARows_0: S0:5, Z0:2
  WRegister: C7:14, R7:3, C5:3, R5:3, C4:3, R4:3, C3:3, R3:3, C2:3, R2:3, C1:7, C0:3, R0:5
  IntermediateRegister: Z6:56, Z5:12, Z4:12, Z3:12, Z2:12, Z1:12, Z0:28
  OutRegister: Z7:16
================================================================================

------ loading Accelergy for Eyeriss ------
[Constrained Eyeriss] 8 layers, tile_size=80
  DRAM: {'Q': 12, 'P': 540, 'X0': 12, 'Y0': 540, 'Z0': 1, 'C0': 1, 'R0': 1, 'S0': 1, 'X1': 12, 'Y1': 540, 'Z1': 1, 'C1': 1, 'R1': 1, 'S1': 1, 'X2': 12, 'Y2': 540, 'Z2': 1, 'C2': 1, 'R2': 1, 'S2': 1, 'X3': 12, 'Y3': 540, 'Z3': 1, 'C3': 1, 'R3': 1, 'S3': 1, 'X4': 12, 'Y4': 540, 'Z4': 1, 'C4': 1, 'R4': 1, 'S4': 1, 'X5': 12, 'Y5': 540, 'Z5': 1, 'C5': 1, 'R5': 1, 'S5': 1, 'X6': 12, 'Y6': 540, 'Z6': 1, 'C6': 1, 'R6': 1, 'S6': 1, 'Z7': 1, 'C7': 1, 'R7': 1, 'S7': 1}
  GlobalBuffer: {'Q': 8, 'P': 1, 'X0': 8, 'Y0': 1, 'Z0': 1, 'C0': 1, 'R0': 1, 'S0': 1, 'X1': 8, 'Y1': 1, 'Z1': 1, 'C1': 1, 'R1': 1, 'S1': 1, 'X2': 8, 'Y2': 1, 'Z2': 1, 'C2': 1, 'R2': 1, 'S2': 1, 'X3': 8, 'Y3': 1, 'Z3': 1, 'C3': 1, 'R3': 1, 'S3': 1, 'X4': 8, 'Y4': 1, 'Z4': 1, 'C4': 1, 'R4': 1, 'S4': 1, 'X5': 8, 'Y5': 1, 'Z5': 1, 'C5': 1, 'R5': 1, 'S5': 1, 'X6': 8, 'Y6': 1, 'Z6': 1, 'C6': 1, 'R6': 1, 'S6': 1, 'Z7': 1, 'C7': 1, 'R7': 1, 'S7': 1}
  SACols: {'Q': 10, 'Z7': 1}
  SARows_0: {'S0': 5, 'C0': 1, 'Z0': 2}
  SARows_1: {'S1': 1, 'C1': 8, 'Z1': 1}
  SARows_2: {'S2': 3, 'C2': 4, 'Z2': 1}
  SARows_3: {'S3': 3, 'C3': 4, 'Z3': 1}
  SARows_4: {'S4': 3, 'C4': 4, 'Z4': 1}
  SARows_5: {'S5': 3, 'C5': 4, 'Z5': 1}
  SARows_6: {'S6': 1, 'C6': 12, 'Z6': 1}
  SARows_7: {'S7': 3, 'C7': 4, 'Z7': 1}

================================================================================
MEMORY CONSTRAINT VIOLATION DEBUG - Level: InRegister
================================================================================
Memory footprint: 114 bytes
Memory available: 64 bytes
Overflow: 50 bytes

Full architecture mapping:
  DRAM: P:540, Q:12, Y6:540, X6:12, Y5:540, X5:12, Y4:540, X4:12, Y3:540, X3:12, Y2:540, X2:12, Y1:540, X1:12, Y0:540, X0:12
  GlobalBuffer: Q:8, X6:8, X5:8, X4:8, X3:8, X2:8, X1:8, X0:8
  SACols: Q:10
  SARows: S7:3, C7:4
  SACols_6: X6:10
  SARows_6: C6:12
  SACols_5: X5:10
  SARows_5: S5:3, C5:4
  SACols_4: X4:10
  SARows_4: S4:3, C4:4
  SACols_3: X3:10
  SARows_3: S3:3, C3:4
  SACols_2: X2:10
  SARows_2: S2:3, C2:4
  SACols_1: X1:10
  SARows_1: C1:8
  SACols_0: X0:10
  SARows_0: S0:5, Z0:2
  WRegister: C7:14, R7:3, C5:3, R5:3, C4:3, R4:3, C3:3, R3:3, C2:3, R2:3, C1:7, C0:3, R0:5
  IntermediateRegister: Z6:56, Z5:12, Z4:12, Z3:12, Z2:12, Z1:12, Z0:28
  OutRegister: Z7:16
================================================================================


================================================================================
MEMORY CONSTRAINT VIOLATION DEBUG - Level: WRegister
================================================================================
Memory footprint: 1,664 bytes
Memory available: 200 bytes
Overflow: 1,464 bytes

Full architecture mapping:
  DRAM: P:540, Q:12, Y6:540, X6:12, Y5:540, X5:12, Y4:540, X4:12, Y3:540, X3:12, Y2:540, X2:12, Y1:540, X1:12, Y0:540, X0:12
  GlobalBuffer: Q:8, X6:8, X5:8, X4:8, X3:8, X2:8, X1:8, X0:8
  SACols: Q:10
  SARows: S7:3, C7:4
  SACols_6: X6:10
  SARows_6: C6:12
  SACols_5: X5:10
  SARows_5: S5:3, C5:4
  SACols_4: X4:10
  SARows_4: S4:3, C4:4
  SACols_3: X3:10
  SARows_3: S3:3, C3:4
  SACols_2: X2:10
  SARows_2: S2:3, C2:4
  SACols_1: X1:10
  SARows_1: C1:8
  SACols_0: X0:10
  SARows_0: S0:5, Z0:2
  WRegister: C7:14, R7:3, C5:3, R5:3, C4:3, R4:3, C3:3, R3:3, C2:3, R2:3, C1:7, C0:3, R0:5
  IntermediateRegister: Z6:56, Z5:12, Z4:12, Z3:12, Z2:12, Z1:12, Z0:28
  OutRegister: Z7:16
================================================================================

------ loading Accelergy for Eyeriss ------
[Constrained Eyeriss] 8 layers, tile_size=80
  DRAM: {'Q': 12, 'P': 540, 'X0': 12, 'Y0': 540, 'Z0': 1, 'C0': 1, 'R0': 1, 'S0': 1, 'X1': 12, 'Y1': 540, 'Z1': 1, 'C1': 1, 'R1': 1, 'S1': 1, 'X2': 12, 'Y2': 540, 'Z2': 1, 'C2': 1, 'R2': 1, 'S2': 1, 'X3': 12, 'Y3': 540, 'Z3': 1, 'C3': 1, 'R3': 1, 'S3': 1, 'X4': 12, 'Y4': 540, 'Z4': 1, 'C4': 1, 'R4': 1, 'S4': 1, 'X5': 12, 'Y5': 540, 'Z5': 1, 'C5': 1, 'R5': 1, 'S5': 1, 'X6': 12, 'Y6': 540, 'Z6': 1, 'C6': 1, 'R6': 1, 'S6': 1, 'Z7': 1, 'C7': 1, 'R7': 1, 'S7': 1}
  GlobalBuffer: {'Q': 5, 'P': 1, 'X0': 5, 'Y0': 1, 'Z0': 1, 'C0': 1, 'R0': 1, 'S0': 1, 'X1': 5, 'Y1': 1, 'Z1': 1, 'C1': 1, 'R1': 1, 'S1': 1, 'X2': 5, 'Y2': 1, 'Z2': 1, 'C2': 1, 'R2': 1, 'S2': 1, 'X3': 5, 'Y3': 1, 'Z3': 1, 'C3': 1, 'R3': 1, 'S3': 1, 'X4': 5, 'Y4': 1, 'Z4': 1, 'C4': 1, 'R4': 1, 'S4': 1, 'X5': 5, 'Y5': 1, 'Z5': 1, 'C5': 1, 'R5': 1, 'S5': 1, 'X6': 5, 'Y6': 1, 'Z6': 1, 'C6': 1, 'R6': 1, 'S6': 1, 'Z7': 1, 'C7': 1, 'R7': 1, 'S7': 1}
  SACols: {'Q': 16, 'Z7': 1}
  SARows_0: {'S0': 5, 'C0': 1, 'Z0': 2}
  SARows_1: {'S1': 1, 'C1': 8, 'Z1': 1}
  SARows_2: {'S2': 3, 'C2': 4, 'Z2': 1}
  SARows_3: {'S3': 3, 'C3': 4, 'Z3': 1}
  SARows_4: {'S4': 3, 'C4': 4, 'Z4': 1}
  SARows_5: {'S5': 3, 'C5': 4, 'Z5': 1}
  SARows_6: {'S6': 1, 'C6': 12, 'Z6': 1}
  SARows_7: {'S7': 3, 'C7': 4, 'Z7': 1}

================================================================================
MEMORY CONSTRAINT VIOLATION DEBUG - Level: InRegister
================================================================================
Memory footprint: 114 bytes
Memory available: 64 bytes
Overflow: 50 bytes

Full architecture mapping:
  DRAM: P:540, Q:12, Y6:540, X6:12, Y5:540, X5:12, Y4:540, X4:12, Y3:540, X3:12, Y2:540, X2:12, Y1:540, X1:12, Y0:540, X0:12
  GlobalBuffer: Q:5, X6:5, X5:5, X4:5, X3:5, X2:5, X1:5, X0:5
  SACols: Q:16
  SARows: S7:3, C7:4
  SACols_6: X6:16
  SARows_6: C6:12
  SACols_5: X5:16
  SARows_5: S5:3, C5:4
  SACols_4: X4:16
  SARows_4: S4:3, C4:4
  SACols_3: X3:16
  SARows_3: S3:3, C3:4
  SACols_2: X2:16
  SARows_2: S2:3, C2:4
  SACols_1: X1:16
  SARows_1: C1:8
  SACols_0: X0:16
  SARows_0: S0:5, Z0:2
  WRegister: C7:14, R7:3, C5:3, R5:3, C4:3, R4:3, C3:3, R3:3, C2:3, R2:3, C1:7, C0:3, R0:5
  IntermediateRegister: Z6:56, Z5:12, Z4:12, Z3:12, Z2:12, Z1:12, Z0:28
  OutRegister: Z7:16
================================================================================


================================================================================
MEMORY CONSTRAINT VIOLATION DEBUG - Level: WRegister
================================================================================
Memory footprint: 1,664 bytes
Memory available: 200 bytes
Overflow: 1,464 bytes

Full architecture mapping:
  DRAM: P:540, Q:12, Y6:540, X6:12, Y5:540, X5:12, Y4:540, X4:12, Y3:540, X3:12, Y2:540, X2:12, Y1:540, X1:12, Y0:540, X0:12
  GlobalBuffer: Q:5, X6:5, X5:5, X4:5, X3:5, X2:5, X1:5, X0:5
  SACols: Q:16
  SARows: S7:3, C7:4
  SACols_6: X6:16
  SARows_6: C6:12
  SACols_5: X5:16
  SARows_5: S5:3, C5:4
  SACols_4: X4:16
  SARows_4: S4:3, C4:4
  SACols_3: X3:16
  SARows_3: S3:3, C3:4
  SACols_2: X2:16
  SARows_2: S2:3, C2:4
  SACols_1: X1:16
  SARows_1: C1:8
  SACols_0: X0:16
  SARows_0: S0:5, Z0:2
  WRegister: C7:14, R7:3, C5:3, R5:3, C4:3, R4:3, C3:3, R3:3, C2:3, R2:3, C1:7, C0:3, R0:5
  IntermediateRegister: Z6:56, Z5:12, Z4:12, Z3:12, Z2:12, Z1:12, Z0:28
  OutRegister: Z7:16
================================================================================

------ loading Accelergy for Eyeriss ------
[Constrained Eyeriss] 8 layers, tile_size=80
  DRAM: {'Q': 12, 'P': 540, 'X0': 12, 'Y0': 540, 'Z0': 1, 'C0': 1, 'R0': 1, 'S0': 1, 'X1': 12, 'Y1': 540, 'Z1': 1, 'C1': 1, 'R1': 1, 'S1': 1, 'X2': 12, 'Y2': 540, 'Z2': 1, 'C2': 1, 'R2': 1, 'S2': 1, 'X3': 12, 'Y3': 540, 'Z3': 1, 'C3': 1, 'R3': 1, 'S3': 1, 'X4': 12, 'Y4': 540, 'Z4': 1, 'C4': 1, 'R4': 1, 'S4': 1, 'X5': 12, 'Y5': 540, 'Z5': 1, 'C5': 1, 'R5': 1, 'S5': 1, 'X6': 12, 'Y6': 540, 'Z6': 1, 'C6': 1, 'R6': 1, 'S6': 1, 'Z7': 1, 'C7': 1, 'R7': 1, 'S7': 1}
  GlobalBuffer: {'Q': 4, 'P': 1, 'X0': 4, 'Y0': 1, 'Z0': 1, 'C0': 1, 'R0': 1, 'S0': 1, 'X1': 4, 'Y1': 1, 'Z1': 1, 'C1': 1, 'R1': 1, 'S1': 1, 'X2': 4, 'Y2': 1, 'Z2': 1, 'C2': 1, 'R2': 1, 'S2': 1, 'X3': 4, 'Y3': 1, 'Z3': 1, 'C3': 1, 'R3': 1, 'S3': 1, 'X4': 4, 'Y4': 1, 'Z4': 1, 'C4': 1, 'R4': 1, 'S4': 1, 'X5': 4, 'Y5': 1, 'Z5': 1, 'C5': 1, 'R5': 1, 'S5': 1, 'X6': 4, 'Y6': 1, 'Z6': 1, 'C6': 1, 'R6': 1, 'S6': 1, 'Z7': 1, 'C7': 1, 'R7': 1, 'S7': 1}
  SACols: {'Q': 20, 'Z7': 1}
  SARows_0: {'S0': 5, 'C0': 1, 'Z0': 2}
  SARows_1: {'S1': 1, 'C1': 8, 'Z1': 1}
  SARows_2: {'S2': 3, 'C2': 4, 'Z2': 1}
  SARows_3: {'S3': 3, 'C3': 4, 'Z3': 1}
  SARows_4: {'S4': 3, 'C4': 4, 'Z4': 1}
  SARows_5: {'S5': 3, 'C5': 4, 'Z5': 1}
  SARows_6: {'S6': 1, 'C6': 12, 'Z6': 1}
  SARows_7: {'S7': 3, 'C7': 4, 'Z7': 1}

================================================================================
MEMORY CONSTRAINT VIOLATION DEBUG - Level: InRegister
================================================================================
Memory footprint: 114 bytes
Memory available: 64 bytes
Overflow: 50 bytes

Full architecture mapping:
  DRAM: P:540, Q:12, Y6:540, X6:12, Y5:540, X5:12, Y4:540, X4:12, Y3:540, X3:12, Y2:540, X2:12, Y1:540, X1:12, Y0:540, X0:12
  GlobalBuffer: Q:4, X6:4, X5:4, X4:4, X3:4, X2:4, X1:4, X0:4
  SACols: Q:20
  SARows: S7:3, C7:4
  SACols_6: X6:20
  SARows_6: C6:12
  SACols_5: X5:20
  SARows_5: S5:3, C5:4
  SACols_4: X4:20
  SARows_4: S4:3, C4:4
  SACols_3: X3:20
  SARows_3: S3:3, C3:4
  SACols_2: X2:20
  SARows_2: S2:3, C2:4
  SACols_1: X1:20
  SARows_1: C1:8
  SACols_0: X0:20
  SARows_0: S0:5, Z0:2
  WRegister: C7:14, R7:3, C5:3, R5:3, C4:3, R4:3, C3:3, R3:3, C2:3, R2:3, C1:7, C0:3, R0:5
  IntermediateRegister: Z6:56, Z5:12, Z4:12, Z3:12, Z2:12, Z1:12, Z0:28
  OutRegister: Z7:16
================================================================================


================================================================================
MEMORY CONSTRAINT VIOLATION DEBUG - Level: WRegister
================================================================================
Memory footprint: 1,664 bytes
Memory available: 200 bytes
Overflow: 1,464 bytes

Full architecture mapping:
  DRAM: P:540, Q:12, Y6:540, X6:12, Y5:540, X5:12, Y4:540, X4:12, Y3:540, X3:12, Y2:540, X2:12, Y1:540, X1:12, Y0:540, X0:12
  GlobalBuffer: Q:4, X6:4, X5:4, X4:4, X3:4, X2:4, X1:4, X0:4
  SACols: Q:20
  SARows: S7:3, C7:4
  SACols_6: X6:20
  SARows_6: C6:12
  SACols_5: X5:20
  SARows_5: S5:3, C5:4
  SACols_4: X4:20
  SARows_4: S4:3, C4:4
  SACols_3: X3:20
  SARows_3: S3:3, C3:4
  SACols_2: X2:20
  SARows_2: S2:3, C2:4
  SACols_1: X1:20
  SARows_1: C1:8
  SACols_0: X0:20
  SARows_0: S0:5, Z0:2
  WRegister: C7:14, R7:3, C5:3, R5:3, C4:3, R4:3, C3:3, R3:3, C2:3, R2:3, C1:7, C0:3, R0:5
  IntermediateRegister: Z6:56, Z5:12, Z4:12, Z3:12, Z2:12, Z1:12, Z0:28
  OutRegister: Z7:16
================================================================================

------ loading Accelergy for Eyeriss ------
[Constrained Eyeriss] 8 layers, tile_size=80
  DRAM: {'Q': 12, 'P': 540, 'X0': 12, 'Y0': 540, 'Z0': 1, 'C0': 1, 'R0': 1, 'S0': 1, 'X1': 12, 'Y1': 540, 'Z1': 1, 'C1': 1, 'R1': 1, 'S1': 1, 'X2': 12, 'Y2': 540, 'Z2': 1, 'C2': 1, 'R2': 1, 'S2': 1, 'X3': 12, 'Y3': 540, 'Z3': 1, 'C3': 1, 'R3': 1, 'S3': 1, 'X4': 12, 'Y4': 540, 'Z4': 1, 'C4': 1, 'R4': 1, 'S4': 1, 'X5': 12, 'Y5': 540, 'Z5': 1, 'C5': 1, 'R5': 1, 'S5': 1, 'X6': 12, 'Y6': 540, 'Z6': 1, 'C6': 1, 'R6': 1, 'S6': 1, 'Z7': 1, 'C7': 1, 'R7': 1, 'S7': 1}
  GlobalBuffer: {'Q': 2, 'P': 1, 'X0': 2, 'Y0': 1, 'Z0': 1, 'C0': 1, 'R0': 1, 'S0': 1, 'X1': 2, 'Y1': 1, 'Z1': 1, 'C1': 1, 'R1': 1, 'S1': 1, 'X2': 2, 'Y2': 1, 'Z2': 1, 'C2': 1, 'R2': 1, 'S2': 1, 'X3': 2, 'Y3': 1, 'Z3': 1, 'C3': 1, 'R3': 1, 'S3': 1, 'X4': 2, 'Y4': 1, 'Z4': 1, 'C4': 1, 'R4': 1, 'S4': 1, 'X5': 2, 'Y5': 1, 'Z5': 1, 'C5': 1, 'R5': 1, 'S5': 1, 'X6': 2, 'Y6': 1, 'Z6': 1, 'C6': 1, 'R6': 1, 'S6': 1, 'Z7': 1, 'C7': 1, 'R7': 1, 'S7': 1}
  SACols: {'Q': 40, 'Z7': 1}
  SARows_0: {'S0': 5, 'C0': 1, 'Z0': 2}
  SARows_1: {'S1': 1, 'C1': 8, 'Z1': 1}
  SARows_2: {'S2': 3, 'C2': 4, 'Z2': 1}
  SARows_3: {'S3': 3, 'C3': 4, 'Z3': 1}
  SARows_4: {'S4': 3, 'C4': 4, 'Z4': 1}
  SARows_5: {'S5': 3, 'C5': 4, 'Z5': 1}
  SARows_6: {'S6': 1, 'C6': 12, 'Z6': 1}
  SARows_7: {'S7': 3, 'C7': 4, 'Z7': 1}

================================================================================
MEMORY CONSTRAINT VIOLATION DEBUG - Level: InRegister
================================================================================
Memory footprint: 114 bytes
Memory available: 64 bytes
Overflow: 50 bytes

Full architecture mapping:
  DRAM: P:540, Q:12, Y6:540, X6:12, Y5:540, X5:12, Y4:540, X4:12, Y3:540, X3:12, Y2:540, X2:12, Y1:540, X1:12, Y0:540, X0:12
  GlobalBuffer: Q:2, X6:2, X5:2, X4:2, X3:2, X2:2, X1:2, X0:2
  SACols: Q:40
  SARows: S7:3, C7:4
  SACols_6: X6:40
  SARows_6: C6:12
  SACols_5: X5:40
  SARows_5: S5:3, C5:4
  SACols_4: X4:40
  SARows_4: S4:3, C4:4
  SACols_3: X3:40
  SARows_3: S3:3, C3:4
  SACols_2: X2:40
  SARows_2: S2:3, C2:4
  SACols_1: X1:40
  SARows_1: C1:8
  SACols_0: X0:40
  SARows_0: S0:5, Z0:2
  WRegister: C7:14, R7:3, C5:3, R5:3, C4:3, R4:3, C3:3, R3:3, C2:3, R2:3, C1:7, C0:3, R0:5
  IntermediateRegister: Z6:56, Z5:12, Z4:12, Z3:12, Z2:12, Z1:12, Z0:28
  OutRegister: Z7:16
================================================================================


================================================================================
MEMORY CONSTRAINT VIOLATION DEBUG - Level: WRegister
================================================================================
Memory footprint: 1,664 bytes
Memory available: 200 bytes
Overflow: 1,464 bytes

Full architecture mapping:
  DRAM: P:540, Q:12, Y6:540, X6:12, Y5:540, X5:12, Y4:540, X4:12, Y3:540, X3:12, Y2:540, X2:12, Y1:540, X1:12, Y0:540, X0:12
  GlobalBuffer: Q:2, X6:2, X5:2, X4:2, X3:2, X2:2, X1:2, X0:2
  SACols: Q:40
  SARows: S7:3, C7:4
  SACols_6: X6:40
  SARows_6: C6:12
  SACols_5: X5:40
  SARows_5: S5:3, C5:4
  SACols_4: X4:40
  SARows_4: S4:3, C4:4
  SACols_3: X3:40
  SARows_3: S3:3, C3:4
  SACols_2: X2:40
  SARows_2: S2:3, C2:4
  SACols_1: X1:40
  SARows_1: C1:8
  SACols_0: X0:40
  SARows_0: S0:5, Z0:2
  WRegister: C7:14, R7:3, C5:3, R5:3, C4:3, R4:3, C3:3, R3:3, C2:3, R2:3, C1:7, C0:3, R0:5
  IntermediateRegister: Z6:56, Z5:12, Z4:12, Z3:12, Z2:12, Z1:12, Z0:28
  OutRegister: Z7:16
================================================================================

------ loading Accelergy for Eyeriss ------
[Constrained Eyeriss] 8 layers, tile_size=80
  DRAM: {'Q': 12, 'P': 540, 'X0': 12, 'Y0': 540, 'Z0': 1, 'C0': 1, 'R0': 1, 'S0': 1, 'X1': 12, 'Y1': 540, 'Z1': 1, 'C1': 1, 'R1': 1, 'S1': 1, 'X2': 12, 'Y2': 540, 'Z2': 1, 'C2': 1, 'R2': 1, 'S2': 1, 'X3': 12, 'Y3': 540, 'Z3': 1, 'C3': 1, 'R3': 1, 'S3': 1, 'X4': 12, 'Y4': 540, 'Z4': 1, 'C4': 1, 'R4': 1, 'S4': 1, 'X5': 12, 'Y5': 540, 'Z5': 1, 'C5': 1, 'R5': 1, 'S5': 1, 'X6': 12, 'Y6': 540, 'Z6': 1, 'C6': 1, 'R6': 1, 'S6': 1, 'Z7': 1, 'C7': 1, 'R7': 1, 'S7': 1}
  GlobalBuffer: {'Q': 1, 'P': 1, 'X0': 1, 'Y0': 1, 'Z0': 1, 'C0': 1, 'R0': 1, 'S0': 1, 'X1': 1, 'Y1': 1, 'Z1': 1, 'C1': 1, 'R1': 1, 'S1': 1, 'X2': 1, 'Y2': 1, 'Z2': 1, 'C2': 1, 'R2': 1, 'S2': 1, 'X3': 1, 'Y3': 1, 'Z3': 1, 'C3': 1, 'R3': 1, 'S3': 1, 'X4': 1, 'Y4': 1, 'Z4': 1, 'C4': 1, 'R4': 1, 'S4': 1, 'X5': 1, 'Y5': 1, 'Z5': 1, 'C5': 1, 'R5': 1, 'S5': 1, 'X6': 1, 'Y6': 1, 'Z6': 1, 'C6': 1, 'R6': 1, 'S6': 1, 'Z7': 1, 'C7': 1, 'R7': 1, 'S7': 1}
  SACols: {'Q': 80, 'Z7': 1}
  SARows_0: {'S0': 5, 'C0': 1, 'Z0': 2}
  SARows_1: {'S1': 1, 'C1': 8, 'Z1': 1}
  SARows_2: {'S2': 3, 'C2': 4, 'Z2': 1}
  SARows_3: {'S3': 3, 'C3': 4, 'Z3': 1}
  SARows_4: {'S4': 3, 'C4': 4, 'Z4': 1}
  SARows_5: {'S5': 3, 'C5': 4, 'Z5': 1}
  SARows_6: {'S6': 1, 'C6': 12, 'Z6': 1}
  SARows_7: {'S7': 3, 'C7': 4, 'Z7': 1}

================================================================================
MEMORY CONSTRAINT VIOLATION DEBUG - Level: InRegister
================================================================================
Memory footprint: 114 bytes
Memory available: 64 bytes
Overflow: 50 bytes

Full architecture mapping:
  DRAM: P:540, Q:12, Y6:540, X6:12, Y5:540, X5:12, Y4:540, X4:12, Y3:540, X3:12, Y2:540, X2:12, Y1:540, X1:12, Y0:540, X0:12
  SACols: Q:80
  SARows: S7:3, C7:4
  SACols_6: X6:80
  SARows_6: C6:12
  SACols_5: X5:80
  SARows_5: S5:3, C5:4
  SACols_4: X4:80
  SARows_4: S4:3, C4:4
  SACols_3: X3:80
  SARows_3: S3:3, C3:4
  SACols_2: X2:80
  SARows_2: S2:3, C2:4
  SACols_1: X1:80
  SARows_1: C1:8
  SACols_0: X0:80
  SARows_0: S0:5, Z0:2
  WRegister: C7:14, R7:3, C5:3, R5:3, C4:3, R4:3, C3:3, R3:3, C2:3, R2:3, C1:7, C0:3, R0:5
  IntermediateRegister: Z6:56, Z5:12, Z4:12, Z3:12, Z2:12, Z1:12, Z0:28
  OutRegister: Z7:16
================================================================================


================================================================================
MEMORY CONSTRAINT VIOLATION DEBUG - Level: WRegister
================================================================================
Memory footprint: 1,664 bytes
Memory available: 200 bytes
Overflow: 1,464 bytes

Full architecture mapping:
  DRAM: P:540, Q:12, Y6:540, X6:12, Y5:540, X5:12, Y4:540, X4:12, Y3:540, X3:12, Y2:540, X2:12, Y1:540, X1:12, Y0:540, X0:12
  SACols: Q:80
  SARows: S7:3, C7:4
  SACols_6: X6:80
  SARows_6: C6:12
  SACols_5: X5:80
  SARows_5: S5:3, C5:4
  SACols_4: X4:80
  SARows_4: S4:3, C4:4
  SACols_3: X3:80
  SARows_3: S3:3, C3:4
  SACols_2: X2:80
  SARows_2: S2:3, C2:4
  SACols_1: X1:80
  SARows_1: C1:8
  SACols_0: X0:80
  SARows_0: S0:5, Z0:2
  WRegister: C7:14, R7:3, C5:3, R5:3, C4:3, R4:3, C3:3, R3:3, C2:3, R2:3, C1:7, C0:3, R0:5
  IntermediateRegister: Z6:56, Z5:12, Z4:12, Z3:12, Z2:12, Z1:12, Z0:28
  OutRegister: Z7:16
================================================================================

------ loading Accelergy for Eyeriss ------
[Constrained Eyeriss] 8 layers, tile_size=80
  DRAM: {'Q': 12, 'P': 540, 'X0': 12, 'Y0': 540, 'Z0': 1, 'C0': 1, 'R0': 1, 'S0': 1, 'X1': 12, 'Y1': 540, 'Z1': 1, 'C1': 1, 'R1': 1, 'S1': 1, 'X2': 12, 'Y2': 540, 'Z2': 1, 'C2': 1, 'R2': 1, 'S2': 1, 'X3': 12, 'Y3': 540, 'Z3': 1, 'C3': 1, 'R3': 1, 'S3': 1, 'X4': 12, 'Y4': 540, 'Z4': 1, 'C4': 1, 'R4': 1, 'S4': 1, 'X5': 12, 'Y5': 540, 'Z5': 1, 'C5': 1, 'R5': 1, 'S5': 1, 'X6': 12, 'Y6': 540, 'Z6': 1, 'C6': 1, 'R6': 1, 'S6': 1, 'Z7': 1, 'C7': 1, 'R7': 1, 'S7': 1}
  GlobalBuffer: {'Q': 1, 'P': 1, 'X0': 1, 'Y0': 1, 'Z0': 1, 'C0': 1, 'R0': 1, 'S0': 1, 'X1': 1, 'Y1': 1, 'Z1': 1, 'C1': 1, 'R1': 1, 'S1': 1, 'X2': 1, 'Y2': 1, 'Z2': 1, 'C2': 1, 'R2': 1, 'S2': 1, 'X3': 1, 'Y3': 1, 'Z3': 1, 'C3': 1, 'R3': 1, 'S3': 1, 'X4': 1, 'Y4': 1, 'Z4': 1, 'C4': 1, 'R4': 1, 'S4': 1, 'X5': 1, 'Y5': 1, 'Z5': 1, 'C5': 1, 'R5': 1, 'S5': 1, 'X6': 1, 'Y6': 1, 'Z6': 1, 'C6': 1, 'R6': 1, 'S6': 1, 'Z7': 1, 'C7': 1, 'R7': 1, 'S7': 1}
  SACols: {'Q': 80, 'Z7': 1}
  SARows_0: {'S0': 5, 'C0': 1, 'Z0': 2}
  SARows_1: {'S1': 1, 'C1': 8, 'Z1': 1}
  SARows_2: {'S2': 3, 'C2': 4, 'Z2': 1}
  SARows_3: {'S3': 3, 'C3': 4, 'Z3': 1}
  SARows_4: {'S4': 3, 'C4': 4, 'Z4': 1}
  SARows_5: {'S5': 3, 'C5': 4, 'Z5': 1}
  SARows_6: {'S6': 1, 'C6': 12, 'Z6': 1}
  SARows_7: {'S7': 3, 'C7': 4, 'Z7': 1}

================================================================================
MEMORY CONSTRAINT VIOLATION DEBUG - Level: InRegister
================================================================================
Memory footprint: 114 bytes
Memory available: 64 bytes
Overflow: 50 bytes

Full architecture mapping:
  DRAM: P:540, Q:12, Y6:540, X6:12, Y5:540, X5:12, Y4:540, X4:12, Y3:540, X3:12, Y2:540, X2:12, Y1:540, X1:12, Y0:540, X0:12
  SACols: Q:80
  SARows: S7:3, C7:4
  SACols_6: X6:80
  SARows_6: C6:12
  SACols_5: X5:80
  SARows_5: S5:3, C5:4
  SACols_4: X4:80
  SARows_4: S4:3, C4:4
  SACols_3: X3:80
  SARows_3: S3:3, C3:4
  SACols_2: X2:80
  SARows_2: S2:3, C2:4
  SACols_1: X1:80
  SARows_1: C1:8
  SACols_0: X0:80
  SARows_0: S0:5, Z0:2
  WRegister: C7:14, R7:3, C5:3, R5:3, C4:3, R4:3, C3:3, R3:3, C2:3, R2:3, C1:7, C0:3, R0:5
  IntermediateRegister: Z6:56, Z5:12, Z4:12, Z3:12, Z2:12, Z1:12, Z0:28
  OutRegister: Z7:16
================================================================================


================================================================================
MEMORY CONSTRAINT VIOLATION DEBUG - Level: WRegister
================================================================================
Memory footprint: 1,664 bytes
Memory available: 200 bytes
Overflow: 1,464 bytes

Full architecture mapping:
  DRAM: P:540, Q:12, Y6:540, X6:12, Y5:540, X5:12, Y4:540, X4:12, Y3:540, X3:12, Y2:540, X2:12, Y1:540, X1:12, Y0:540, X0:12
  SACols: Q:80
  SARows: S7:3, C7:4
  SACols_6: X6:80
  SARows_6: C6:12
  SACols_5: X5:80
  SARows_5: S5:3, C5:4
  SACols_4: X4:80
  SARows_4: S4:3, C4:4
  SACols_3: X3:80
  SARows_3: S3:3, C3:4
  SACols_2: X2:80
  SARows_2: S2:3, C2:4
  SACols_1: X1:80
  SARows_1: C1:8
  SACols_0: X0:80
  SARows_0: S0:5, Z0:2
  WRegister: C7:14, R7:3, C5:3, R5:3, C4:3, R4:3, C3:3, R3:3, C2:3, R2:3, C1:7, C0:3, R0:5
  IntermediateRegister: Z6:56, Z5:12, Z4:12, Z3:12, Z2:12, Z1:12, Z0:28
  OutRegister: Z7:16
================================================================================

------ loading Accelergy for Eyeriss ------
[Constrained Eyeriss] 8 layers, tile_size=80
  DRAM: {'Q': 12, 'P': 540, 'X0': 12, 'Y0': 540, 'Z0': 1, 'C0': 1, 'R0': 1, 'S0': 1, 'X1': 12, 'Y1': 540, 'Z1': 1, 'C1': 1, 'R1': 1, 'S1': 1, 'X2': 12, 'Y2': 540, 'Z2': 1, 'C2': 1, 'R2': 1, 'S2': 1, 'X3': 12, 'Y3': 540, 'Z3': 1, 'C3': 1, 'R3': 1, 'S3': 1, 'X4': 12, 'Y4': 540, 'Z4': 1, 'C4': 1, 'R4': 1, 'S4': 1, 'X5': 12, 'Y5': 540, 'Z5': 1, 'C5': 1, 'R5': 1, 'S5': 1, 'X6': 12, 'Y6': 540, 'Z6': 1, 'C6': 1, 'R6': 1, 'S6': 1, 'Z7': 1, 'C7': 1, 'R7': 1, 'S7': 1}
  GlobalBuffer: {'Q': 1, 'P': 1, 'X0': 1, 'Y0': 1, 'Z0': 1, 'C0': 1, 'R0': 1, 'S0': 1, 'X1': 1, 'Y1': 1, 'Z1': 1, 'C1': 1, 'R1': 1, 'S1': 1, 'X2': 1, 'Y2': 1, 'Z2': 1, 'C2': 1, 'R2': 1, 'S2': 1, 'X3': 1, 'Y3': 1, 'Z3': 1, 'C3': 1, 'R3': 1, 'S3': 1, 'X4': 1, 'Y4': 1, 'Z4': 1, 'C4': 1, 'R4': 1, 'S4': 1, 'X5': 1, 'Y5': 1, 'Z5': 1, 'C5': 1, 'R5': 1, 'S5': 1, 'X6': 1, 'Y6': 1, 'Z6': 1, 'C6': 1, 'R6': 1, 'S6': 1, 'Z7': 1, 'C7': 1, 'R7': 1, 'S7': 1}
  SACols: {'Q': 80, 'Z7': 2}
  SARows_0: {'S0': 5, 'C0': 1, 'Z0': 2}
  SARows_1: {'S1': 1, 'C1': 8, 'Z1': 1}
  SARows_2: {'S2': 3, 'C2': 4, 'Z2': 1}
  SARows_3: {'S3': 3, 'C3': 4, 'Z3': 1}
  SARows_4: {'S4': 3, 'C4': 4, 'Z4': 1}
  SARows_5: {'S5': 3, 'C5': 4, 'Z5': 1}
  SARows_6: {'S6': 1, 'C6': 12, 'Z6': 1}
  SARows_7: {'S7': 3, 'C7': 4, 'Z7': 1}

================================================================================
MEMORY CONSTRAINT VIOLATION DEBUG - Level: InRegister
================================================================================
Memory footprint: 114 bytes
Memory available: 64 bytes
Overflow: 50 bytes

Full architecture mapping:
  DRAM: P:540, Q:12, Y6:540, X6:12, Y5:540, X5:12, Y4:540, X4:12, Y3:540, X3:12, Y2:540, X2:12, Y1:540, X1:12, Y0:540, X0:12
  SACols: Q:80, Z7:2
  SARows: S7:3, C7:4
  SACols_6: X6:80, Z6:2
  SARows_6: C6:12
  SACols_5: X5:80, Z5:3
  SARows_5: S5:3, C5:4
  SACols_4: X4:80, Z4:3
  SARows_4: S4:3, C4:4
  SACols_3: X3:80, Z3:3
  SARows_3: S3:3, C3:4
  SACols_2: X2:80, Z2:3
  SARows_2: S2:3, C2:4
  SACols_1: X1:80, Z1:3
  SARows_1: C1:8
  SACols_0: X0:80, Z0:2
  SARows_0: S0:5, Z0:2
  WRegister: C7:14, R7:3, C5:3, R5:3, C4:3, R4:3, C3:3, R3:3, C2:3, R2:3, C1:7, C0:3, R0:5
  IntermediateRegister: Z6:28, Z5:4, Z4:4, Z3:4, Z2:4, Z1:4, Z0:14
  OutRegister: Z7:8
================================================================================


================================================================================
MEMORY CONSTRAINT VIOLATION DEBUG - Level: WRegister
================================================================================
Memory footprint: 746 bytes
Memory available: 200 bytes
Overflow: 546 bytes

Full architecture mapping:
  DRAM: P:540, Q:12, Y6:540, X6:12, Y5:540, X5:12, Y4:540, X4:12, Y3:540, X3:12, Y2:540, X2:12, Y1:540, X1:12, Y0:540, X0:12
  SACols: Q:80, Z7:2
  SARows: S7:3, C7:4
  SACols_6: X6:80, Z6:2
  SARows_6: C6:12
  SACols_5: X5:80, Z5:3
  SARows_5: S5:3, C5:4
  SACols_4: X4:80, Z4:3
  SARows_4: S4:3, C4:4
  SACols_3: X3:80, Z3:3
  SARows_3: S3:3, C3:4
  SACols_2: X2:80, Z2:3
  SARows_2: S2:3, C2:4
  SACols_1: X1:80, Z1:3
  SARows_1: C1:8
  SACols_0: X0:80, Z0:2
  SARows_0: S0:5, Z0:2
  WRegister: C7:14, R7:3, C5:3, R5:3, C4:3, R4:3, C3:3, R3:3, C2:3, R2:3, C1:7, C0:3, R0:5
  IntermediateRegister: Z6:28, Z5:4, Z4:4, Z3:4, Z2:4, Z1:4, Z0:14
  OutRegister: Z7:8
================================================================================

------ loading Accelergy for Eyeriss ------
[Constrained Eyeriss] 8 layers, tile_size=80
  DRAM: {'Q': 12, 'P': 540, 'X0': 12, 'Y0': 540, 'Z0': 1, 'C0': 1, 'R0': 1, 'S0': 1, 'X1': 12, 'Y1': 540, 'Z1': 1, 'C1': 1, 'R1': 1, 'S1': 1, 'X2': 12, 'Y2': 540, 'Z2': 1, 'C2': 1, 'R2': 1, 'S2': 1, 'X3': 12, 'Y3': 540, 'Z3': 1, 'C3': 1, 'R3': 1, 'S3': 1, 'X4': 12, 'Y4': 540, 'Z4': 1, 'C4': 1, 'R4': 1, 'S4': 1, 'X5': 12, 'Y5': 540, 'Z5': 1, 'C5': 1, 'R5': 1, 'S5': 1, 'X6': 12, 'Y6': 540, 'Z6': 1, 'C6': 1, 'R6': 1, 'S6': 1, 'Z7': 1, 'C7': 1, 'R7': 1, 'S7': 1}
  GlobalBuffer: {'Q': 1, 'P': 1, 'X0': 1, 'Y0': 1, 'Z0': 1, 'C0': 1, 'R0': 1, 'S0': 1, 'X1': 1, 'Y1': 1, 'Z1': 1, 'C1': 1, 'R1': 1, 'S1': 1, 'X2': 1, 'Y2': 1, 'Z2': 1, 'C2': 1, 'R2': 1, 'S2': 1, 'X3': 1, 'Y3': 1, 'Z3': 1, 'C3': 1, 'R3': 1, 'S3': 1, 'X4': 1, 'Y4': 1, 'Z4': 1, 'C4': 1, 'R4': 1, 'S4': 1, 'X5': 1, 'Y5': 1, 'Z5': 1, 'C5': 1, 'R5': 1, 'S5': 1, 'X6': 1, 'Y6': 1, 'Z6': 1, 'C6': 1, 'R6': 1, 'S6': 1, 'Z7': 1, 'C7': 1, 'R7': 1, 'S7': 1}
  SACols: {'Q': 80, 'Z7': 4}
  SARows_0: {'S0': 5, 'C0': 1, 'Z0': 2}
  SARows_1: {'S1': 1, 'C1': 8, 'Z1': 1}
  SARows_2: {'S2': 3, 'C2': 4, 'Z2': 1}
  SARows_3: {'S3': 3, 'C3': 4, 'Z3': 1}
  SARows_4: {'S4': 3, 'C4': 4, 'Z4': 1}
  SARows_5: {'S5': 3, 'C5': 4, 'Z5': 1}
  SARows_6: {'S6': 1, 'C6': 12, 'Z6': 1}
  SARows_7: {'S7': 3, 'C7': 4, 'Z7': 1}

================================================================================
MEMORY CONSTRAINT VIOLATION DEBUG - Level: InRegister
================================================================================
Memory footprint: 114 bytes
Memory available: 64 bytes
Overflow: 50 bytes

Full architecture mapping:
  DRAM: P:540, Q:12, Y6:540, X6:12, Y5:540, X5:12, Y4:540, X4:12, Y3:540, X3:12, Y2:540, X2:12, Y1:540, X1:12, Y0:540, X0:12
  SACols: Q:80, Z7:4
  SARows: S7:3, C7:4
  SACols_6: X6:80, Z6:4
  SARows_6: C6:12
  SACols_5: X5:80, Z5:4
  SARows_5: S5:3, C5:4
  SACols_4: X4:80, Z4:4
  SARows_4: S4:3, C4:4
  SACols_3: X3:80, Z3:4
  SARows_3: S3:3, C3:4
  SACols_2: X2:80, Z2:4
  SARows_2: S2:3, C2:4
  SACols_1: X1:80, Z1:4
  SARows_1: C1:8
  SACols_0: X0:80, Z0:4
  SARows_0: S0:5, Z0:2
  WRegister: C7:14, R7:3, C5:3, R5:3, C4:3, R4:3, C3:3, R3:3, C2:3, R2:3, C1:7, C0:3, R0:5
  IntermediateRegister: Z6:14, Z5:3, Z4:3, Z3:3, Z2:3, Z1:3, Z0:7
  OutRegister: Z7:4
================================================================================


================================================================================
MEMORY CONSTRAINT VIOLATION DEBUG - Level: WRegister
================================================================================
Memory footprint: 416 bytes
Memory available: 200 bytes
Overflow: 216 bytes

Full architecture mapping:
  DRAM: P:540, Q:12, Y6:540, X6:12, Y5:540, X5:12, Y4:540, X4:12, Y3:540, X3:12, Y2:540, X2:12, Y1:540, X1:12, Y0:540, X0:12
  SACols: Q:80, Z7:4
  SARows: S7:3, C7:4
  SACols_6: X6:80, Z6:4
  SARows_6: C6:12
  SACols_5: X5:80, Z5:4
  SARows_5: S5:3, C5:4
  SACols_4: X4:80, Z4:4
  SARows_4: S4:3, C4:4
  SACols_3: X3:80, Z3:4
  SARows_3: S3:3, C3:4
  SACols_2: X2:80, Z2:4
  SARows_2: S2:3, C2:4
  SACols_1: X1:80, Z1:4
  SARows_1: C1:8
  SACols_0: X0:80, Z0:4
  SARows_0: S0:5, Z0:2
  WRegister: C7:14, R7:3, C5:3, R5:3, C4:3, R4:3, C3:3, R3:3, C2:3, R2:3, C1:7, C0:3, R0:5
  IntermediateRegister: Z6:14, Z5:3, Z4:3, Z3:3, Z2:3, Z1:3, Z0:7
  OutRegister: Z7:4
================================================================================

------ loading Accelergy for Eyeriss ------
[Constrained Eyeriss] 8 layers, tile_size=80
  DRAM: {'Q': 12, 'P': 540, 'X0': 12, 'Y0': 540, 'Z0': 1, 'C0': 1, 'R0': 1, 'S0': 1, 'X1': 12, 'Y1': 540, 'Z1': 1, 'C1': 1, 'R1': 1, 'S1': 1, 'X2': 12, 'Y2': 540, 'Z2': 1, 'C2': 1, 'R2': 1, 'S2': 1, 'X3': 12, 'Y3': 540, 'Z3': 1, 'C3': 1, 'R3': 1, 'S3': 1, 'X4': 12, 'Y4': 540, 'Z4': 1, 'C4': 1, 'R4': 1, 'S4': 1, 'X5': 12, 'Y5': 540, 'Z5': 1, 'C5': 1, 'R5': 1, 'S5': 1, 'X6': 12, 'Y6': 540, 'Z6': 1, 'C6': 1, 'R6': 1, 'S6': 1, 'Z7': 1, 'C7': 1, 'R7': 1, 'S7': 1}
  GlobalBuffer: {'Q': 1, 'P': 1, 'X0': 1, 'Y0': 1, 'Z0': 1, 'C0': 1, 'R0': 1, 'S0': 1, 'X1': 1, 'Y1': 1, 'Z1': 1, 'C1': 1, 'R1': 1, 'S1': 1, 'X2': 1, 'Y2': 1, 'Z2': 1, 'C2': 1, 'R2': 1, 'S2': 1, 'X3': 1, 'Y3': 1, 'Z3': 1, 'C3': 1, 'R3': 1, 'S3': 1, 'X4': 1, 'Y4': 1, 'Z4': 1, 'C4': 1, 'R4': 1, 'S4': 1, 'X5': 1, 'Y5': 1, 'Z5': 1, 'C5': 1, 'R5': 1, 'S5': 1, 'X6': 1, 'Y6': 1, 'Z6': 1, 'C6': 1, 'R6': 1, 'S6': 1, 'Z7': 1, 'C7': 1, 'R7': 1, 'S7': 1}
  SACols: {'Q': 80, 'Z7': 4}
  SARows_0: {'S0': 5, 'C0': 1, 'Z0': 2}
  SARows_1: {'S1': 1, 'C1': 8, 'Z1': 1}
  SARows_2: {'S2': 3, 'C2': 4, 'Z2': 1}
  SARows_3: {'S3': 3, 'C3': 4, 'Z3': 1}
  SARows_4: {'S4': 3, 'C4': 4, 'Z4': 1}
  SARows_5: {'S5': 3, 'C5': 4, 'Z5': 1}
  SARows_6: {'S6': 1, 'C6': 12, 'Z6': 1}
  SARows_7: {'S7': 3, 'C7': 4, 'Z7': 1}

================================================================================
MEMORY CONSTRAINT VIOLATION DEBUG - Level: InRegister
================================================================================
Memory footprint: 114 bytes
Memory available: 64 bytes
Overflow: 50 bytes

Full architecture mapping:
  DRAM: P:540, Q:12, Y6:540, X6:12, Y5:540, X5:12, Y4:540, X4:12, Y3:540, X3:12, Y2:540, X2:12, Y1:540, X1:12, Y0:540, X0:12
  SACols: Q:80, Z7:4
  SARows: S7:3, C7:4
  SACols_6: X6:80, Z6:4
  SARows_6: C6:12
  SACols_5: X5:80, Z5:6
  SARows_5: S5:3, C5:4
  SACols_4: X4:80, Z4:6
  SARows_4: S4:3, C4:4
  SACols_3: X3:80, Z3:6
  SARows_3: S3:3, C3:4
  SACols_2: X2:80, Z2:6
  SARows_2: S2:3, C2:4
  SACols_1: X1:80, Z1:6
  SARows_1: C1:8
  SACols_0: X0:80, Z0:4
  SARows_0: S0:5, Z0:2
  WRegister: C7:14, R7:3, C5:3, R5:3, C4:3, R4:3, C3:3, R3:3, C2:3, R2:3, C1:7, C0:3, R0:5
  IntermediateRegister: Z6:14, Z5:2, Z4:2, Z3:2, Z2:2, Z1:2, Z0:7
  OutRegister: Z7:4
================================================================================


================================================================================
MEMORY CONSTRAINT VIOLATION DEBUG - Level: WRegister
================================================================================
Memory footprint: 373 bytes
Memory available: 200 bytes
Overflow: 173 bytes

Full architecture mapping:
  DRAM: P:540, Q:12, Y6:540, X6:12, Y5:540, X5:12, Y4:540, X4:12, Y3:540, X3:12, Y2:540, X2:12, Y1:540, X1:12, Y0:540, X0:12
  SACols: Q:80, Z7:4
  SARows: S7:3, C7:4
  SACols_6: X6:80, Z6:4
  SARows_6: C6:12
  SACols_5: X5:80, Z5:6
  SARows_5: S5:3, C5:4
  SACols_4: X4:80, Z4:6
  SARows_4: S4:3, C4:4
  SACols_3: X3:80, Z3:6
  SARows_3: S3:3, C3:4
  SACols_2: X2:80, Z2:6
  SARows_2: S2:3, C2:4
  SACols_1: X1:80, Z1:6
  SARows_1: C1:8
  SACols_0: X0:80, Z0:4
  SARows_0: S0:5, Z0:2
  WRegister: C7:14, R7:3, C5:3, R5:3, C4:3, R4:3, C3:3, R3:3, C2:3, R2:3, C1:7, C0:3, R0:5
  IntermediateRegister: Z6:14, Z5:2, Z4:2, Z3:2, Z2:2, Z1:2, Z0:7
  OutRegister: Z7:4
================================================================================

------ loading Accelergy for Eyeriss ------
[Constrained Eyeriss] 8 layers, tile_size=80
  DRAM: {'Q': 12, 'P': 540, 'X0': 12, 'Y0': 540, 'Z0': 1, 'C0': 1, 'R0': 1, 'S0': 1, 'X1': 12, 'Y1': 540, 'Z1': 1, 'C1': 1, 'R1': 1, 'S1': 1, 'X2': 12, 'Y2': 540, 'Z2': 1, 'C2': 1, 'R2': 1, 'S2': 1, 'X3': 12, 'Y3': 540, 'Z3': 1, 'C3': 1, 'R3': 1, 'S3': 1, 'X4': 12, 'Y4': 540, 'Z4': 1, 'C4': 1, 'R4': 1, 'S4': 1, 'X5': 12, 'Y5': 540, 'Z5': 1, 'C5': 1, 'R5': 1, 'S5': 1, 'X6': 12, 'Y6': 540, 'Z6': 1, 'C6': 1, 'R6': 1, 'S6': 1, 'Z7': 1, 'C7': 1, 'R7': 1, 'S7': 1}
  GlobalBuffer: {'Q': 20, 'P': 1, 'X0': 20, 'Y0': 1, 'Z0': 1, 'C0': 1, 'R0': 1, 'S0': 1, 'X1': 20, 'Y1': 1, 'Z1': 1, 'C1': 1, 'R1': 1, 'S1': 1, 'X2': 20, 'Y2': 1, 'Z2': 1, 'C2': 1, 'R2': 1, 'S2': 1, 'X3': 20, 'Y3': 1, 'Z3': 1, 'C3': 1, 'R3': 1, 'S3': 1, 'X4': 20, 'Y4': 1, 'Z4': 1, 'C4': 1, 'R4': 1, 'S4': 1, 'X5': 20, 'Y5': 1, 'Z5': 1, 'C5': 1, 'R5': 1, 'S5': 1, 'X6': 20, 'Y6': 1, 'Z6': 1, 'C6': 1, 'R6': 1, 'S6': 1, 'Z7': 1, 'C7': 1, 'R7': 1, 'S7': 1}
  SACols: {'Q': 4, 'Z7': 1}
  SARows_0: {'S0': 5, 'C0': 3, 'Z0': 1}
  SARows_1: {'S1': 1, 'C1': 14, 'Z1': 1}
  SARows_2: {'S2': 3, 'C2': 4, 'Z2': 1}
  SARows_3: {'S3': 3, 'C3': 4, 'Z3': 1}
  SARows_4: {'S4': 3, 'C4': 4, 'Z4': 1}
  SARows_5: {'S5': 3, 'C5': 4, 'Z5': 1}
  SARows_6: {'S6': 1, 'C6': 12, 'Z6': 1}
  SARows_7: {'S7': 3, 'C7': 4, 'Z7': 1}

================================================================================
MEMORY CONSTRAINT VIOLATION DEBUG - Level: InRegister
================================================================================
Memory footprint: 93 bytes
Memory available: 64 bytes
Overflow: 29 bytes

Full architecture mapping:
  DRAM: P:540, Q:12, Y6:540, X6:12, Y5:540, X5:12, Y4:540, X4:12, Y3:540, X3:12, Y2:540, X2:12, Y1:540, X1:12, Y0:540, X0:12
  GlobalBuffer: Q:20, X6:20, X5:20, X4:20, X3:20, X2:20, X1:20, X0:20
  SACols: Q:4
  SARows: S7:3, C7:4
  SACols_6: X6:4
  SARows_6: C6:12
  SACols_5: X5:4
  SARows_5: S5:3, C5:4
  SACols_4: X4:4
  SARows_4: S4:3, C4:4
  SACols_3: X3:4
  SARows_3: S3:3, C3:4
  SACols_2: X2:4
  SARows_2: S2:3, C2:4
  SACols_1: X1:4
  SARows_1: C1:14
  SACols_0: X0:4
  SARows_0: S0:5, C0:3
  WRegister: C7:14, R7:3, C5:3, R5:3, C4:3, R4:3, C3:3, R3:3, C2:3, R2:3, C1:4, R0:5
  IntermediateRegister: Z6:56, Z5:12, Z4:12, Z3:12, Z2:12, Z1:12, Z0:56
  OutRegister: Z7:16
================================================================================


================================================================================
MEMORY CONSTRAINT VIOLATION DEBUG - Level: WRegister
================================================================================
Memory footprint: 1,488 bytes
Memory available: 200 bytes
Overflow: 1,288 bytes

Full architecture mapping:
  DRAM: P:540, Q:12, Y6:540, X6:12, Y5:540, X5:12, Y4:540, X4:12, Y3:540, X3:12, Y2:540, X2:12, Y1:540, X1:12, Y0:540, X0:12
  GlobalBuffer: Q:20, X6:20, X5:20, X4:20, X3:20, X2:20, X1:20, X0:20
  SACols: Q:4
  SARows: S7:3, C7:4
  SACols_6: X6:4
  SARows_6: C6:12
  SACols_5: X5:4
  SARows_5: S5:3, C5:4
  SACols_4: X4:4
  SARows_4: S4:3, C4:4
  SACols_3: X3:4
  SARows_3: S3:3, C3:4
  SACols_2: X2:4
  SARows_2: S2:3, C2:4
  SACols_1: X1:4
  SARows_1: C1:14
  SACols_0: X0:4
  SARows_0: S0:5, C0:3
  WRegister: C7:14, R7:3, C5:3, R5:3, C4:3, R4:3, C3:3, R3:3, C2:3, R2:3, C1:4, R0:5
  IntermediateRegister: Z6:56, Z5:12, Z4:12, Z3:12, Z2:12, Z1:12, Z0:56
  OutRegister: Z7:16
================================================================================

------ loading Accelergy for Eyeriss ------
[Constrained Eyeriss] 8 layers, tile_size=80
  DRAM: {'Q': 12, 'P': 540, 'X0': 12, 'Y0': 540, 'Z0': 1, 'C0': 1, 'R0': 1, 'S0': 1, 'X1': 12, 'Y1': 540, 'Z1': 1, 'C1': 1, 'R1': 1, 'S1': 1, 'X2': 12, 'Y2': 540, 'Z2': 1, 'C2': 1, 'R2': 1, 'S2': 1, 'X3': 12, 'Y3': 540, 'Z3': 1, 'C3': 1, 'R3': 1, 'S3': 1, 'X4': 12, 'Y4': 540, 'Z4': 1, 'C4': 1, 'R4': 1, 'S4': 1, 'X5': 12, 'Y5': 540, 'Z5': 1, 'C5': 1, 'R5': 1, 'S5': 1, 'X6': 12, 'Y6': 540, 'Z6': 1, 'C6': 1, 'R6': 1, 'S6': 1, 'Z7': 1, 'C7': 1, 'R7': 1, 'S7': 1}
  GlobalBuffer: {'Q': 10, 'P': 1, 'X0': 10, 'Y0': 1, 'Z0': 1, 'C0': 1, 'R0': 1, 'S0': 1, 'X1': 10, 'Y1': 1, 'Z1': 1, 'C1': 1, 'R1': 1, 'S1': 1, 'X2': 10, 'Y2': 1, 'Z2': 1, 'C2': 1, 'R2': 1, 'S2': 1, 'X3': 10, 'Y3': 1, 'Z3': 1, 'C3': 1, 'R3': 1, 'S3': 1, 'X4': 10, 'Y4': 1, 'Z4': 1, 'C4': 1, 'R4': 1, 'S4': 1, 'X5': 10, 'Y5': 1, 'Z5': 1, 'C5': 1, 'R5': 1, 'S5': 1, 'X6': 10, 'Y6': 1, 'Z6': 1, 'C6': 1, 'R6': 1, 'S6': 1, 'Z7': 1, 'C7': 1, 'R7': 1, 'S7': 1}
  SACols: {'Q': 8, 'Z7': 1}
  SARows_0: {'S0': 5, 'C0': 3, 'Z0': 1}
  SARows_1: {'S1': 1, 'C1': 14, 'Z1': 1}
  SARows_2: {'S2': 3, 'C2': 4, 'Z2': 1}
  SARows_3: {'S3': 3, 'C3': 4, 'Z3': 1}
  SARows_4: {'S4': 3, 'C4': 4, 'Z4': 1}
  SARows_5: {'S5': 3, 'C5': 4, 'Z5': 1}
  SARows_6: {'S6': 1, 'C6': 12, 'Z6': 1}
  SARows_7: {'S7': 3, 'C7': 4, 'Z7': 1}

================================================================================
MEMORY CONSTRAINT VIOLATION DEBUG - Level: InRegister
================================================================================
Memory footprint: 93 bytes
Memory available: 64 bytes
Overflow: 29 bytes

Full architecture mapping:
  DRAM: P:540, Q:12, Y6:540, X6:12, Y5:540, X5:12, Y4:540, X4:12, Y3:540, X3:12, Y2:540, X2:12, Y1:540, X1:12, Y0:540, X0:12
  GlobalBuffer: Q:10, X6:10, X5:10, X4:10, X3:10, X2:10, X1:10, X0:10
  SACols: Q:8
  SARows: S7:3, C7:4
  SACols_6: X6:8
  SARows_6: C6:12
  SACols_5: X5:8
  SARows_5: S5:3, C5:4
  SACols_4: X4:8
  SARows_4: S4:3, C4:4
  SACols_3: X3:8
  SARows_3: S3:3, C3:4
  SACols_2: X2:8
  SARows_2: S2:3, C2:4
  SACols_1: X1:8
  SARows_1: C1:14
  SACols_0: X0:8
  SARows_0: S0:5, C0:3
  WRegister: C7:14, R7:3, C5:3, R5:3, C4:3, R4:3, C3:3, R3:3, C2:3, R2:3, C1:4, R0:5
  IntermediateRegister: Z6:56, Z5:12, Z4:12, Z3:12, Z2:12, Z1:12, Z0:56
  OutRegister: Z7:16
================================================================================


================================================================================
MEMORY CONSTRAINT VIOLATION DEBUG - Level: WRegister
================================================================================
Memory footprint: 1,488 bytes
Memory available: 200 bytes
Overflow: 1,288 bytes

Full architecture mapping:
  DRAM: P:540, Q:12, Y6:540, X6:12, Y5:540, X5:12, Y4:540, X4:12, Y3:540, X3:12, Y2:540, X2:12, Y1:540, X1:12, Y0:540, X0:12
  GlobalBuffer: Q:10, X6:10, X5:10, X4:10, X3:10, X2:10, X1:10, X0:10
  SACols: Q:8
  SARows: S7:3, C7:4
  SACols_6: X6:8
  SARows_6: C6:12
  SACols_5: X5:8
  SARows_5: S5:3, C5:4
  SACols_4: X4:8
  SARows_4: S4:3, C4:4
  SACols_3: X3:8
  SARows_3: S3:3, C3:4
  SACols_2: X2:8
  SARows_2: S2:3, C2:4
  SACols_1: X1:8
  SARows_1: C1:14
  SACols_0: X0:8
  SARows_0: S0:5, C0:3
  WRegister: C7:14, R7:3, C5:3, R5:3, C4:3, R4:3, C3:3, R3:3, C2:3, R2:3, C1:4, R0:5
  IntermediateRegister: Z6:56, Z5:12, Z4:12, Z3:12, Z2:12, Z1:12, Z0:56
  OutRegister: Z7:16
================================================================================

------ loading Accelergy for Eyeriss ------
[Constrained Eyeriss] 8 layers, tile_size=80
  DRAM: {'Q': 12, 'P': 540, 'X0': 12, 'Y0': 540, 'Z0': 1, 'C0': 1, 'R0': 1, 'S0': 1, 'X1': 12, 'Y1': 540, 'Z1': 1, 'C1': 1, 'R1': 1, 'S1': 1, 'X2': 12, 'Y2': 540, 'Z2': 1, 'C2': 1, 'R2': 1, 'S2': 1, 'X3': 12, 'Y3': 540, 'Z3': 1, 'C3': 1, 'R3': 1, 'S3': 1, 'X4': 12, 'Y4': 540, 'Z4': 1, 'C4': 1, 'R4': 1, 'S4': 1, 'X5': 12, 'Y5': 540, 'Z5': 1, 'C5': 1, 'R5': 1, 'S5': 1, 'X6': 12, 'Y6': 540, 'Z6': 1, 'C6': 1, 'R6': 1, 'S6': 1, 'Z7': 1, 'C7': 1, 'R7': 1, 'S7': 1}
  GlobalBuffer: {'Q': 8, 'P': 1, 'X0': 8, 'Y0': 1, 'Z0': 1, 'C0': 1, 'R0': 1, 'S0': 1, 'X1': 8, 'Y1': 1, 'Z1': 1, 'C1': 1, 'R1': 1, 'S1': 1, 'X2': 8, 'Y2': 1, 'Z2': 1, 'C2': 1, 'R2': 1, 'S2': 1, 'X3': 8, 'Y3': 1, 'Z3': 1, 'C3': 1, 'R3': 1, 'S3': 1, 'X4': 8, 'Y4': 1, 'Z4': 1, 'C4': 1, 'R4': 1, 'S4': 1, 'X5': 8, 'Y5': 1, 'Z5': 1, 'C5': 1, 'R5': 1, 'S5': 1, 'X6': 8, 'Y6': 1, 'Z6': 1, 'C6': 1, 'R6': 1, 'S6': 1, 'Z7': 1, 'C7': 1, 'R7': 1, 'S7': 1}
  SACols: {'Q': 10, 'Z7': 1}
  SARows_0: {'S0': 5, 'C0': 3, 'Z0': 1}
  SARows_1: {'S1': 1, 'C1': 14, 'Z1': 1}
  SARows_2: {'S2': 3, 'C2': 4, 'Z2': 1}
  SARows_3: {'S3': 3, 'C3': 4, 'Z3': 1}
  SARows_4: {'S4': 3, 'C4': 4, 'Z4': 1}
  SARows_5: {'S5': 3, 'C5': 4, 'Z5': 1}
  SARows_6: {'S6': 1, 'C6': 12, 'Z6': 1}
  SARows_7: {'S7': 3, 'C7': 4, 'Z7': 1}

================================================================================
MEMORY CONSTRAINT VIOLATION DEBUG - Level: InRegister
================================================================================
Memory footprint: 93 bytes
Memory available: 64 bytes
Overflow: 29 bytes

Full architecture mapping:
  DRAM: P:540, Q:12, Y6:540, X6:12, Y5:540, X5:12, Y4:540, X4:12, Y3:540, X3:12, Y2:540, X2:12, Y1:540, X1:12, Y0:540, X0:12
  GlobalBuffer: Q:8, X6:8, X5:8, X4:8, X3:8, X2:8, X1:8, X0:8
  SACols: Q:10
  SARows: S7:3, C7:4
  SACols_6: X6:10
  SARows_6: C6:12
  SACols_5: X5:10
  SARows_5: S5:3, C5:4
  SACols_4: X4:10
  SARows_4: S4:3, C4:4
  SACols_3: X3:10
  SARows_3: S3:3, C3:4
  SACols_2: X2:10
  SARows_2: S2:3, C2:4
  SACols_1: X1:10
  SARows_1: C1:14
  SACols_0: X0:10
  SARows_0: S0:5, C0:3
  WRegister: C7:14, R7:3, C5:3, R5:3, C4:3, R4:3, C3:3, R3:3, C2:3, R2:3, C1:4, R0:5
  IntermediateRegister: Z6:56, Z5:12, Z4:12, Z3:12, Z2:12, Z1:12, Z0:56
  OutRegister: Z7:16
================================================================================


================================================================================
MEMORY CONSTRAINT VIOLATION DEBUG - Level: WRegister
================================================================================
Memory footprint: 1,488 bytes
Memory available: 200 bytes
Overflow: 1,288 bytes

Full architecture mapping:
  DRAM: P:540, Q:12, Y6:540, X6:12, Y5:540, X5:12, Y4:540, X4:12, Y3:540, X3:12, Y2:540, X2:12, Y1:540, X1:12, Y0:540, X0:12
  GlobalBuffer: Q:8, X6:8, X5:8, X4:8, X3:8, X2:8, X1:8, X0:8
  SACols: Q:10
  SARows: S7:3, C7:4
  SACols_6: X6:10
  SARows_6: C6:12
  SACols_5: X5:10
  SARows_5: S5:3, C5:4
  SACols_4: X4:10
  SARows_4: S4:3, C4:4
  SACols_3: X3:10
  SARows_3: S3:3, C3:4
  SACols_2: X2:10
  SARows_2: S2:3, C2:4
  SACols_1: X1:10
  SARows_1: C1:14
  SACols_0: X0:10
  SARows_0: S0:5, C0:3
  WRegister: C7:14, R7:3, C5:3, R5:3, C4:3, R4:3, C3:3, R3:3, C2:3, R2:3, C1:4, R0:5
  IntermediateRegister: Z6:56, Z5:12, Z4:12, Z3:12, Z2:12, Z1:12, Z0:56
  OutRegister: Z7:16
================================================================================

------ loading Accelergy for Eyeriss ------
[Constrained Eyeriss] 8 layers, tile_size=80
  DRAM: {'Q': 12, 'P': 540, 'X0': 12, 'Y0': 540, 'Z0': 1, 'C0': 1, 'R0': 1, 'S0': 1, 'X1': 12, 'Y1': 540, 'Z1': 1, 'C1': 1, 'R1': 1, 'S1': 1, 'X2': 12, 'Y2': 540, 'Z2': 1, 'C2': 1, 'R2': 1, 'S2': 1, 'X3': 12, 'Y3': 540, 'Z3': 1, 'C3': 1, 'R3': 1, 'S3': 1, 'X4': 12, 'Y4': 540, 'Z4': 1, 'C4': 1, 'R4': 1, 'S4': 1, 'X5': 12, 'Y5': 540, 'Z5': 1, 'C5': 1, 'R5': 1, 'S5': 1, 'X6': 12, 'Y6': 540, 'Z6': 1, 'C6': 1, 'R6': 1, 'S6': 1, 'Z7': 1, 'C7': 1, 'R7': 1, 'S7': 1}
  GlobalBuffer: {'Q': 5, 'P': 1, 'X0': 5, 'Y0': 1, 'Z0': 1, 'C0': 1, 'R0': 1, 'S0': 1, 'X1': 5, 'Y1': 1, 'Z1': 1, 'C1': 1, 'R1': 1, 'S1': 1, 'X2': 5, 'Y2': 1, 'Z2': 1, 'C2': 1, 'R2': 1, 'S2': 1, 'X3': 5, 'Y3': 1, 'Z3': 1, 'C3': 1, 'R3': 1, 'S3': 1, 'X4': 5, 'Y4': 1, 'Z4': 1, 'C4': 1, 'R4': 1, 'S4': 1, 'X5': 5, 'Y5': 1, 'Z5': 1, 'C5': 1, 'R5': 1, 'S5': 1, 'X6': 5, 'Y6': 1, 'Z6': 1, 'C6': 1, 'R6': 1, 'S6': 1, 'Z7': 1, 'C7': 1, 'R7': 1, 'S7': 1}
  SACols: {'Q': 16, 'Z7': 1}
  SARows_0: {'S0': 5, 'C0': 3, 'Z0': 1}
  SARows_1: {'S1': 1, 'C1': 14, 'Z1': 1}
  SARows_2: {'S2': 3, 'C2': 4, 'Z2': 1}
  SARows_3: {'S3': 3, 'C3': 4, 'Z3': 1}
  SARows_4: {'S4': 3, 'C4': 4, 'Z4': 1}
  SARows_5: {'S5': 3, 'C5': 4, 'Z5': 1}
  SARows_6: {'S6': 1, 'C6': 12, 'Z6': 1}
  SARows_7: {'S7': 3, 'C7': 4, 'Z7': 1}

================================================================================
MEMORY CONSTRAINT VIOLATION DEBUG - Level: InRegister
================================================================================
Memory footprint: 93 bytes
Memory available: 64 bytes
Overflow: 29 bytes

Full architecture mapping:
  DRAM: P:540, Q:12, Y6:540, X6:12, Y5:540, X5:12, Y4:540, X4:12, Y3:540, X3:12, Y2:540, X2:12, Y1:540, X1:12, Y0:540, X0:12
  GlobalBuffer: Q:5, X6:5, X5:5, X4:5, X3:5, X2:5, X1:5, X0:5
  SACols: Q:16
  SARows: S7:3, C7:4
  SACols_6: X6:16
  SARows_6: C6:12
  SACols_5: X5:16
  SARows_5: S5:3, C5:4
  SACols_4: X4:16
  SARows_4: S4:3, C4:4
  SACols_3: X3:16
  SARows_3: S3:3, C3:4
  SACols_2: X2:16
  SARows_2: S2:3, C2:4
  SACols_1: X1:16
  SARows_1: C1:14
  SACols_0: X0:16
  SARows_0: S0:5, C0:3
  WRegister: C7:14, R7:3, C5:3, R5:3, C4:3, R4:3, C3:3, R3:3, C2:3, R2:3, C1:4, R0:5
  IntermediateRegister: Z6:56, Z5:12, Z4:12, Z3:12, Z2:12, Z1:12, Z0:56
  OutRegister: Z7:16
================================================================================


================================================================================
MEMORY CONSTRAINT VIOLATION DEBUG - Level: WRegister
================================================================================
Memory footprint: 1,488 bytes
Memory available: 200 bytes
Overflow: 1,288 bytes

Full architecture mapping:
  DRAM: P:540, Q:12, Y6:540, X6:12, Y5:540, X5:12, Y4:540, X4:12, Y3:540, X3:12, Y2:540, X2:12, Y1:540, X1:12, Y0:540, X0:12
  GlobalBuffer: Q:5, X6:5, X5:5, X4:5, X3:5, X2:5, X1:5, X0:5
  SACols: Q:16
  SARows: S7:3, C7:4
  SACols_6: X6:16
  SARows_6: C6:12
  SACols_5: X5:16
  SARows_5: S5:3, C5:4
  SACols_4: X4:16
  SARows_4: S4:3, C4:4
  SACols_3: X3:16
  SARows_3: S3:3, C3:4
  SACols_2: X2:16
  SARows_2: S2:3, C2:4
  SACols_1: X1:16
  SARows_1: C1:14
  SACols_0: X0:16
  SARows_0: S0:5, C0:3
  WRegister: C7:14, R7:3, C5:3, R5:3, C4:3, R4:3, C3:3, R3:3, C2:3, R2:3, C1:4, R0:5
  IntermediateRegister: Z6:56, Z5:12, Z4:12, Z3:12, Z2:12, Z1:12, Z0:56
  OutRegister: Z7:16
================================================================================

------ loading Accelergy for Eyeriss ------
[Constrained Eyeriss] 8 layers, tile_size=80
  DRAM: {'Q': 12, 'P': 540, 'X0': 12, 'Y0': 540, 'Z0': 1, 'C0': 1, 'R0': 1, 'S0': 1, 'X1': 12, 'Y1': 540, 'Z1': 1, 'C1': 1, 'R1': 1, 'S1': 1, 'X2': 12, 'Y2': 540, 'Z2': 1, 'C2': 1, 'R2': 1, 'S2': 1, 'X3': 12, 'Y3': 540, 'Z3': 1, 'C3': 1, 'R3': 1, 'S3': 1, 'X4': 12, 'Y4': 540, 'Z4': 1, 'C4': 1, 'R4': 1, 'S4': 1, 'X5': 12, 'Y5': 540, 'Z5': 1, 'C5': 1, 'R5': 1, 'S5': 1, 'X6': 12, 'Y6': 540, 'Z6': 1, 'C6': 1, 'R6': 1, 'S6': 1, 'Z7': 1, 'C7': 1, 'R7': 1, 'S7': 1}
  GlobalBuffer: {'Q': 4, 'P': 1, 'X0': 4, 'Y0': 1, 'Z0': 1, 'C0': 1, 'R0': 1, 'S0': 1, 'X1': 4, 'Y1': 1, 'Z1': 1, 'C1': 1, 'R1': 1, 'S1': 1, 'X2': 4, 'Y2': 1, 'Z2': 1, 'C2': 1, 'R2': 1, 'S2': 1, 'X3': 4, 'Y3': 1, 'Z3': 1, 'C3': 1, 'R3': 1, 'S3': 1, 'X4': 4, 'Y4': 1, 'Z4': 1, 'C4': 1, 'R4': 1, 'S4': 1, 'X5': 4, 'Y5': 1, 'Z5': 1, 'C5': 1, 'R5': 1, 'S5': 1, 'X6': 4, 'Y6': 1, 'Z6': 1, 'C6': 1, 'R6': 1, 'S6': 1, 'Z7': 1, 'C7': 1, 'R7': 1, 'S7': 1}
  SACols: {'Q': 20, 'Z7': 1}
  SARows_0: {'S0': 5, 'C0': 3, 'Z0': 1}
  SARows_1: {'S1': 1, 'C1': 14, 'Z1': 1}
  SARows_2: {'S2': 3, 'C2': 4, 'Z2': 1}
  SARows_3: {'S3': 3, 'C3': 4, 'Z3': 1}
  SARows_4: {'S4': 3, 'C4': 4, 'Z4': 1}
  SARows_5: {'S5': 3, 'C5': 4, 'Z5': 1}
  SARows_6: {'S6': 1, 'C6': 12, 'Z6': 1}
  SARows_7: {'S7': 3, 'C7': 4, 'Z7': 1}

================================================================================
MEMORY CONSTRAINT VIOLATION DEBUG - Level: InRegister
================================================================================
Memory footprint: 93 bytes
Memory available: 64 bytes
Overflow: 29 bytes

Full architecture mapping:
  DRAM: P:540, Q:12, Y6:540, X6:12, Y5:540, X5:12, Y4:540, X4:12, Y3:540, X3:12, Y2:540, X2:12, Y1:540, X1:12, Y0:540, X0:12
  GlobalBuffer: Q:4, X6:4, X5:4, X4:4, X3:4, X2:4, X1:4, X0:4
  SACols: Q:20
  SARows: S7:3, C7:4
  SACols_6: X6:20
  SARows_6: C6:12
  SACols_5: X5:20
  SARows_5: S5:3, C5:4
  SACols_4: X4:20
  SARows_4: S4:3, C4:4
  SACols_3: X3:20
  SARows_3: S3:3, C3:4
  SACols_2: X2:20
  SARows_2: S2:3, C2:4
  SACols_1: X1:20
  SARows_1: C1:14
  SACols_0: X0:20
  SARows_0: S0:5, C0:3
  WRegister: C7:14, R7:3, C5:3, R5:3, C4:3, R4:3, C3:3, R3:3, C2:3, R2:3, C1:4, R0:5
  IntermediateRegister: Z6:56, Z5:12, Z4:12, Z3:12, Z2:12, Z1:12, Z0:56
  OutRegister: Z7:16
================================================================================


================================================================================
MEMORY CONSTRAINT VIOLATION DEBUG - Level: WRegister
================================================================================
Memory footprint: 1,488 bytes
Memory available: 200 bytes
Overflow: 1,288 bytes

Full architecture mapping:
  DRAM: P:540, Q:12, Y6:540, X6:12, Y5:540, X5:12, Y4:540, X4:12, Y3:540, X3:12, Y2:540, X2:12, Y1:540, X1:12, Y0:540, X0:12
  GlobalBuffer: Q:4, X6:4, X5:4, X4:4, X3:4, X2:4, X1:4, X0:4
  SACols: Q:20
  SARows: S7:3, C7:4
  SACols_6: X6:20
  SARows_6: C6:12
  SACols_5: X5:20
  SARows_5: S5:3, C5:4
  SACols_4: X4:20
  SARows_4: S4:3, C4:4
  SACols_3: X3:20
  SARows_3: S3:3, C3:4
  SACols_2: X2:20
  SARows_2: S2:3, C2:4
  SACols_1: X1:20
  SARows_1: C1:14
  SACols_0: X0:20
  SARows_0: S0:5, C0:3
  WRegister: C7:14, R7:3, C5:3, R5:3, C4:3, R4:3, C3:3, R3:3, C2:3, R2:3, C1:4, R0:5
  IntermediateRegister: Z6:56, Z5:12, Z4:12, Z3:12, Z2:12, Z1:12, Z0:56
  OutRegister: Z7:16
================================================================================

------ loading Accelergy for Eyeriss ------
[Constrained Eyeriss] 8 layers, tile_size=80
  DRAM: {'Q': 12, 'P': 540, 'X0': 12, 'Y0': 540, 'Z0': 1, 'C0': 1, 'R0': 1, 'S0': 1, 'X1': 12, 'Y1': 540, 'Z1': 1, 'C1': 1, 'R1': 1, 'S1': 1, 'X2': 12, 'Y2': 540, 'Z2': 1, 'C2': 1, 'R2': 1, 'S2': 1, 'X3': 12, 'Y3': 540, 'Z3': 1, 'C3': 1, 'R3': 1, 'S3': 1, 'X4': 12, 'Y4': 540, 'Z4': 1, 'C4': 1, 'R4': 1, 'S4': 1, 'X5': 12, 'Y5': 540, 'Z5': 1, 'C5': 1, 'R5': 1, 'S5': 1, 'X6': 12, 'Y6': 540, 'Z6': 1, 'C6': 1, 'R6': 1, 'S6': 1, 'Z7': 1, 'C7': 1, 'R7': 1, 'S7': 1}
  GlobalBuffer: {'Q': 2, 'P': 1, 'X0': 2, 'Y0': 1, 'Z0': 1, 'C0': 1, 'R0': 1, 'S0': 1, 'X1': 2, 'Y1': 1, 'Z1': 1, 'C1': 1, 'R1': 1, 'S1': 1, 'X2': 2, 'Y2': 1, 'Z2': 1, 'C2': 1, 'R2': 1, 'S2': 1, 'X3': 2, 'Y3': 1, 'Z3': 1, 'C3': 1, 'R3': 1, 'S3': 1, 'X4': 2, 'Y4': 1, 'Z4': 1, 'C4': 1, 'R4': 1, 'S4': 1, 'X5': 2, 'Y5': 1, 'Z5': 1, 'C5': 1, 'R5': 1, 'S5': 1, 'X6': 2, 'Y6': 1, 'Z6': 1, 'C6': 1, 'R6': 1, 'S6': 1, 'Z7': 1, 'C7': 1, 'R7': 1, 'S7': 1}
  SACols: {'Q': 40, 'Z7': 1}
  SARows_0: {'S0': 5, 'C0': 3, 'Z0': 1}
  SARows_1: {'S1': 1, 'C1': 14, 'Z1': 1}
  SARows_2: {'S2': 3, 'C2': 4, 'Z2': 1}
  SARows_3: {'S3': 3, 'C3': 4, 'Z3': 1}
  SARows_4: {'S4': 3, 'C4': 4, 'Z4': 1}
  SARows_5: {'S5': 3, 'C5': 4, 'Z5': 1}
  SARows_6: {'S6': 1, 'C6': 12, 'Z6': 1}
  SARows_7: {'S7': 3, 'C7': 4, 'Z7': 1}

================================================================================
MEMORY CONSTRAINT VIOLATION DEBUG - Level: InRegister
================================================================================
Memory footprint: 93 bytes
Memory available: 64 bytes
Overflow: 29 bytes

Full architecture mapping:
  DRAM: P:540, Q:12, Y6:540, X6:12, Y5:540, X5:12, Y4:540, X4:12, Y3:540, X3:12, Y2:540, X2:12, Y1:540, X1:12, Y0:540, X0:12
  GlobalBuffer: Q:2, X6:2, X5:2, X4:2, X3:2, X2:2, X1:2, X0:2
  SACols: Q:40
  SARows: S7:3, C7:4
  SACols_6: X6:40
  SARows_6: C6:12
  SACols_5: X5:40
  SARows_5: S5:3, C5:4
  SACols_4: X4:40
  SARows_4: S4:3, C4:4
  SACols_3: X3:40
  SARows_3: S3:3, C3:4
  SACols_2: X2:40
  SARows_2: S2:3, C2:4
  SACols_1: X1:40
  SARows_1: C1:14
  SACols_0: X0:40
  SARows_0: S0:5, C0:3
  WRegister: C7:14, R7:3, C5:3, R5:3, C4:3, R4:3, C3:3, R3:3, C2:3, R2:3, C1:4, R0:5
  IntermediateRegister: Z6:56, Z5:12, Z4:12, Z3:12, Z2:12, Z1:12, Z0:56
  OutRegister: Z7:16
================================================================================


================================================================================
MEMORY CONSTRAINT VIOLATION DEBUG - Level: WRegister
================================================================================
Memory footprint: 1,488 bytes
Memory available: 200 bytes
Overflow: 1,288 bytes

Full architecture mapping:
  DRAM: P:540, Q:12, Y6:540, X6:12, Y5:540, X5:12, Y4:540, X4:12, Y3:540, X3:12, Y2:540, X2:12, Y1:540, X1:12, Y0:540, X0:12
  GlobalBuffer: Q:2, X6:2, X5:2, X4:2, X3:2, X2:2, X1:2, X0:2
  SACols: Q:40
  SARows: S7:3, C7:4
  SACols_6: X6:40
  SARows_6: C6:12
  SACols_5: X5:40
  SARows_5: S5:3, C5:4
  SACols_4: X4:40
  SARows_4: S4:3, C4:4
  SACols_3: X3:40
  SARows_3: S3:3, C3:4
  SACols_2: X2:40
  SARows_2: S2:3, C2:4
  SACols_1: X1:40
  SARows_1: C1:14
  SACols_0: X0:40
  SARows_0: S0:5, C0:3
  WRegister: C7:14, R7:3, C5:3, R5:3, C4:3, R4:3, C3:3, R3:3, C2:3, R2:3, C1:4, R0:5
  IntermediateRegister: Z6:56, Z5:12, Z4:12, Z3:12, Z2:12, Z1:12, Z0:56
  OutRegister: Z7:16
================================================================================

------ loading Accelergy for Eyeriss ------
[Constrained Eyeriss] 8 layers, tile_size=80
  DRAM: {'Q': 12, 'P': 540, 'X0': 12, 'Y0': 540, 'Z0': 1, 'C0': 1, 'R0': 1, 'S0': 1, 'X1': 12, 'Y1': 540, 'Z1': 1, 'C1': 1, 'R1': 1, 'S1': 1, 'X2': 12, 'Y2': 540, 'Z2': 1, 'C2': 1, 'R2': 1, 'S2': 1, 'X3': 12, 'Y3': 540, 'Z3': 1, 'C3': 1, 'R3': 1, 'S3': 1, 'X4': 12, 'Y4': 540, 'Z4': 1, 'C4': 1, 'R4': 1, 'S4': 1, 'X5': 12, 'Y5': 540, 'Z5': 1, 'C5': 1, 'R5': 1, 'S5': 1, 'X6': 12, 'Y6': 540, 'Z6': 1, 'C6': 1, 'R6': 1, 'S6': 1, 'Z7': 1, 'C7': 1, 'R7': 1, 'S7': 1}
  GlobalBuffer: {'Q': 1, 'P': 1, 'X0': 1, 'Y0': 1, 'Z0': 1, 'C0': 1, 'R0': 1, 'S0': 1, 'X1': 1, 'Y1': 1, 'Z1': 1, 'C1': 1, 'R1': 1, 'S1': 1, 'X2': 1, 'Y2': 1, 'Z2': 1, 'C2': 1, 'R2': 1, 'S2': 1, 'X3': 1, 'Y3': 1, 'Z3': 1, 'C3': 1, 'R3': 1, 'S3': 1, 'X4': 1, 'Y4': 1, 'Z4': 1, 'C4': 1, 'R4': 1, 'S4': 1, 'X5': 1, 'Y5': 1, 'Z5': 1, 'C5': 1, 'R5': 1, 'S5': 1, 'X6': 1, 'Y6': 1, 'Z6': 1, 'C6': 1, 'R6': 1, 'S6': 1, 'Z7': 1, 'C7': 1, 'R7': 1, 'S7': 1}
  SACols: {'Q': 80, 'Z7': 1}
  SARows_0: {'S0': 5, 'C0': 3, 'Z0': 1}
  SARows_1: {'S1': 1, 'C1': 14, 'Z1': 1}
  SARows_2: {'S2': 3, 'C2': 4, 'Z2': 1}
  SARows_3: {'S3': 3, 'C3': 4, 'Z3': 1}
  SARows_4: {'S4': 3, 'C4': 4, 'Z4': 1}
  SARows_5: {'S5': 3, 'C5': 4, 'Z5': 1}
  SARows_6: {'S6': 1, 'C6': 12, 'Z6': 1}
  SARows_7: {'S7': 3, 'C7': 4, 'Z7': 1}

================================================================================
MEMORY CONSTRAINT VIOLATION DEBUG - Level: InRegister
================================================================================
Memory footprint: 93 bytes
Memory available: 64 bytes
Overflow: 29 bytes

Full architecture mapping:
  DRAM: P:540, Q:12, Y6:540, X6:12, Y5:540, X5:12, Y4:540, X4:12, Y3:540, X3:12, Y2:540, X2:12, Y1:540, X1:12, Y0:540, X0:12
  SACols: Q:80
  SARows: S7:3, C7:4
  SACols_6: X6:80
  SARows_6: C6:12
  SACols_5: X5:80
  SARows_5: S5:3, C5:4
  SACols_4: X4:80
  SARows_4: S4:3, C4:4
  SACols_3: X3:80
  SARows_3: S3:3, C3:4
  SACols_2: X2:80
  SARows_2: S2:3, C2:4
  SACols_1: X1:80
  SARows_1: C1:14
  SACols_0: X0:80
  SARows_0: S0:5, C0:3
  WRegister: C7:14, R7:3, C5:3, R5:3, C4:3, R4:3, C3:3, R3:3, C2:3, R2:3, C1:4, R0:5
  IntermediateRegister: Z6:56, Z5:12, Z4:12, Z3:12, Z2:12, Z1:12, Z0:56
  OutRegister: Z7:16
================================================================================


================================================================================
MEMORY CONSTRAINT VIOLATION DEBUG - Level: WRegister
================================================================================
Memory footprint: 1,488 bytes
Memory available: 200 bytes
Overflow: 1,288 bytes

Full architecture mapping:
  DRAM: P:540, Q:12, Y6:540, X6:12, Y5:540, X5:12, Y4:540, X4:12, Y3:540, X3:12, Y2:540, X2:12, Y1:540, X1:12, Y0:540, X0:12
  SACols: Q:80
  SARows: S7:3, C7:4
  SACols_6: X6:80
  SARows_6: C6:12
  SACols_5: X5:80
  SARows_5: S5:3, C5:4
  SACols_4: X4:80
  SARows_4: S4:3, C4:4
  SACols_3: X3:80
  SARows_3: S3:3, C3:4
  SACols_2: X2:80
  SARows_2: S2:3, C2:4
  SACols_1: X1:80
  SARows_1: C1:14
  SACols_0: X0:80
  SARows_0: S0:5, C0:3
  WRegister: C7:14, R7:3, C5:3, R5:3, C4:3, R4:3, C3:3, R3:3, C2:3, R2:3, C1:4, R0:5
  IntermediateRegister: Z6:56, Z5:12, Z4:12, Z3:12, Z2:12, Z1:12, Z0:56
  OutRegister: Z7:16
================================================================================

------ loading Accelergy for Eyeriss ------
[Constrained Eyeriss] 8 layers, tile_size=80
  DRAM: {'Q': 12, 'P': 540, 'X0': 12, 'Y0': 540, 'Z0': 1, 'C0': 1, 'R0': 1, 'S0': 1, 'X1': 12, 'Y1': 540, 'Z1': 1, 'C1': 1, 'R1': 1, 'S1': 1, 'X2': 12, 'Y2': 540, 'Z2': 1, 'C2': 1, 'R2': 1, 'S2': 1, 'X3': 12, 'Y3': 540, 'Z3': 1, 'C3': 1, 'R3': 1, 'S3': 1, 'X4': 12, 'Y4': 540, 'Z4': 1, 'C4': 1, 'R4': 1, 'S4': 1, 'X5': 12, 'Y5': 540, 'Z5': 1, 'C5': 1, 'R5': 1, 'S5': 1, 'X6': 12, 'Y6': 540, 'Z6': 1, 'C6': 1, 'R6': 1, 'S6': 1, 'Z7': 1, 'C7': 1, 'R7': 1, 'S7': 1}
  GlobalBuffer: {'Q': 1, 'P': 1, 'X0': 1, 'Y0': 1, 'Z0': 1, 'C0': 1, 'R0': 1, 'S0': 1, 'X1': 1, 'Y1': 1, 'Z1': 1, 'C1': 1, 'R1': 1, 'S1': 1, 'X2': 1, 'Y2': 1, 'Z2': 1, 'C2': 1, 'R2': 1, 'S2': 1, 'X3': 1, 'Y3': 1, 'Z3': 1, 'C3': 1, 'R3': 1, 'S3': 1, 'X4': 1, 'Y4': 1, 'Z4': 1, 'C4': 1, 'R4': 1, 'S4': 1, 'X5': 1, 'Y5': 1, 'Z5': 1, 'C5': 1, 'R5': 1, 'S5': 1, 'X6': 1, 'Y6': 1, 'Z6': 1, 'C6': 1, 'R6': 1, 'S6': 1, 'Z7': 1, 'C7': 1, 'R7': 1, 'S7': 1}
  SACols: {'Q': 80, 'Z7': 1}
  SARows_0: {'S0': 5, 'C0': 3, 'Z0': 1}
  SARows_1: {'S1': 1, 'C1': 14, 'Z1': 1}
  SARows_2: {'S2': 3, 'C2': 4, 'Z2': 1}
  SARows_3: {'S3': 3, 'C3': 4, 'Z3': 1}
  SARows_4: {'S4': 3, 'C4': 4, 'Z4': 1}
  SARows_5: {'S5': 3, 'C5': 4, 'Z5': 1}
  SARows_6: {'S6': 1, 'C6': 12, 'Z6': 1}
  SARows_7: {'S7': 3, 'C7': 4, 'Z7': 1}

================================================================================
MEMORY CONSTRAINT VIOLATION DEBUG - Level: InRegister
================================================================================
Memory footprint: 93 bytes
Memory available: 64 bytes
Overflow: 29 bytes

Full architecture mapping:
  DRAM: P:540, Q:12, Y6:540, X6:12, Y5:540, X5:12, Y4:540, X4:12, Y3:540, X3:12, Y2:540, X2:12, Y1:540, X1:12, Y0:540, X0:12
  SACols: Q:80
  SARows: S7:3, C7:4
  SACols_6: X6:80
  SARows_6: C6:12
  SACols_5: X5:80
  SARows_5: S5:3, C5:4
  SACols_4: X4:80
  SARows_4: S4:3, C4:4
  SACols_3: X3:80
  SARows_3: S3:3, C3:4
  SACols_2: X2:80
  SARows_2: S2:3, C2:4
  SACols_1: X1:80
  SARows_1: C1:14
  SACols_0: X0:80
  SARows_0: S0:5, C0:3
  WRegister: C7:14, R7:3, C5:3, R5:3, C4:3, R4:3, C3:3, R3:3, C2:3, R2:3, C1:4, R0:5
  IntermediateRegister: Z6:56, Z5:12, Z4:12, Z3:12, Z2:12, Z1:12, Z0:56
  OutRegister: Z7:16
================================================================================


================================================================================
MEMORY CONSTRAINT VIOLATION DEBUG - Level: WRegister
================================================================================
Memory footprint: 1,488 bytes
Memory available: 200 bytes
Overflow: 1,288 bytes

Full architecture mapping:
  DRAM: P:540, Q:12, Y6:540, X6:12, Y5:540, X5:12, Y4:540, X4:12, Y3:540, X3:12, Y2:540, X2:12, Y1:540, X1:12, Y0:540, X0:12
  SACols: Q:80
  SARows: S7:3, C7:4
  SACols_6: X6:80
  SARows_6: C6:12
  SACols_5: X5:80
  SARows_5: S5:3, C5:4
  SACols_4: X4:80
  SARows_4: S4:3, C4:4
  SACols_3: X3:80
  SARows_3: S3:3, C3:4
  SACols_2: X2:80
  SARows_2: S2:3, C2:4
  SACols_1: X1:80
  SARows_1: C1:14
  SACols_0: X0:80
  SARows_0: S0:5, C0:3
  WRegister: C7:14, R7:3, C5:3, R5:3, C4:3, R4:3, C3:3, R3:3, C2:3, R2:3, C1:4, R0:5
  IntermediateRegister: Z6:56, Z5:12, Z4:12, Z3:12, Z2:12, Z1:12, Z0:56
  OutRegister: Z7:16
================================================================================

------ loading Accelergy for Eyeriss ------
[Constrained Eyeriss] 8 layers, tile_size=80
  DRAM: {'Q': 12, 'P': 540, 'X0': 12, 'Y0': 540, 'Z0': 1, 'C0': 1, 'R0': 1, 'S0': 1, 'X1': 12, 'Y1': 540, 'Z1': 1, 'C1': 1, 'R1': 1, 'S1': 1, 'X2': 12, 'Y2': 540, 'Z2': 1, 'C2': 1, 'R2': 1, 'S2': 1, 'X3': 12, 'Y3': 540, 'Z3': 1, 'C3': 1, 'R3': 1, 'S3': 1, 'X4': 12, 'Y4': 540, 'Z4': 1, 'C4': 1, 'R4': 1, 'S4': 1, 'X5': 12, 'Y5': 540, 'Z5': 1, 'C5': 1, 'R5': 1, 'S5': 1, 'X6': 12, 'Y6': 540, 'Z6': 1, 'C6': 1, 'R6': 1, 'S6': 1, 'Z7': 1, 'C7': 1, 'R7': 1, 'S7': 1}
  GlobalBuffer: {'Q': 1, 'P': 1, 'X0': 1, 'Y0': 1, 'Z0': 1, 'C0': 1, 'R0': 1, 'S0': 1, 'X1': 1, 'Y1': 1, 'Z1': 1, 'C1': 1, 'R1': 1, 'S1': 1, 'X2': 1, 'Y2': 1, 'Z2': 1, 'C2': 1, 'R2': 1, 'S2': 1, 'X3': 1, 'Y3': 1, 'Z3': 1, 'C3': 1, 'R3': 1, 'S3': 1, 'X4': 1, 'Y4': 1, 'Z4': 1, 'C4': 1, 'R4': 1, 'S4': 1, 'X5': 1, 'Y5': 1, 'Z5': 1, 'C5': 1, 'R5': 1, 'S5': 1, 'X6': 1, 'Y6': 1, 'Z6': 1, 'C6': 1, 'R6': 1, 'S6': 1, 'Z7': 1, 'C7': 1, 'R7': 1, 'S7': 1}
  SACols: {'Q': 80, 'Z7': 2}
  SARows_0: {'S0': 5, 'C0': 3, 'Z0': 1}
  SARows_1: {'S1': 1, 'C1': 14, 'Z1': 1}
  SARows_2: {'S2': 3, 'C2': 4, 'Z2': 1}
  SARows_3: {'S3': 3, 'C3': 4, 'Z3': 1}
  SARows_4: {'S4': 3, 'C4': 4, 'Z4': 1}
  SARows_5: {'S5': 3, 'C5': 4, 'Z5': 1}
  SARows_6: {'S6': 1, 'C6': 12, 'Z6': 1}
  SARows_7: {'S7': 3, 'C7': 4, 'Z7': 1}

================================================================================
MEMORY CONSTRAINT VIOLATION DEBUG - Level: InRegister
================================================================================
Memory footprint: 93 bytes
Memory available: 64 bytes
Overflow: 29 bytes

Full architecture mapping:
  DRAM: P:540, Q:12, Y6:540, X6:12, Y5:540, X5:12, Y4:540, X4:12, Y3:540, X3:12, Y2:540, X2:12, Y1:540, X1:12, Y0:540, X0:12
  SACols: Q:80, Z7:2
  SARows: S7:3, C7:4
  SACols_6: X6:80, Z6:2
  SARows_6: C6:12
  SACols_5: X5:80, Z5:3
  SARows_5: S5:3, C5:4
  SACols_4: X4:80, Z4:3
  SARows_4: S4:3, C4:4
  SACols_3: X3:80, Z3:3
  SARows_3: S3:3, C3:4
  SACols_2: X2:80, Z2:3
  SARows_2: S2:3, C2:4
  SACols_1: X1:80, Z1:3
  SARows_1: C1:14
  SACols_0: X0:80, Z0:2
  SARows_0: S0:5, C0:3
  WRegister: C7:14, R7:3, C5:3, R5:3, C4:3, R4:3, C3:3, R3:3, C2:3, R2:3, C1:4, R0:5
  IntermediateRegister: Z6:28, Z5:4, Z4:4, Z3:4, Z2:4, Z1:4, Z0:28
  OutRegister: Z7:8
================================================================================


================================================================================
MEMORY CONSTRAINT VIOLATION DEBUG - Level: WRegister
================================================================================
Memory footprint: 664 bytes
Memory available: 200 bytes
Overflow: 464 bytes

Full architecture mapping:
  DRAM: P:540, Q:12, Y6:540, X6:12, Y5:540, X5:12, Y4:540, X4:12, Y3:540, X3:12, Y2:540, X2:12, Y1:540, X1:12, Y0:540, X0:12
  SACols: Q:80, Z7:2
  SARows: S7:3, C7:4
  SACols_6: X6:80, Z6:2
  SARows_6: C6:12
  SACols_5: X5:80, Z5:3
  SARows_5: S5:3, C5:4
  SACols_4: X4:80, Z4:3
  SARows_4: S4:3, C4:4
  SACols_3: X3:80, Z3:3
  SARows_3: S3:3, C3:4
  SACols_2: X2:80, Z2:3
  SARows_2: S2:3, C2:4
  SACols_1: X1:80, Z1:3
  SARows_1: C1:14
  SACols_0: X0:80, Z0:2
  SARows_0: S0:5, C0:3
  WRegister: C7:14, R7:3, C5:3, R5:3, C4:3, R4:3, C3:3, R3:3, C2:3, R2:3, C1:4, R0:5
  IntermediateRegister: Z6:28, Z5:4, Z4:4, Z3:4, Z2:4, Z1:4, Z0:28
  OutRegister: Z7:8
================================================================================

------ loading Accelergy for Eyeriss ------
[Constrained Eyeriss] 8 layers, tile_size=80
  DRAM: {'Q': 12, 'P': 540, 'X0': 12, 'Y0': 540, 'Z0': 1, 'C0': 1, 'R0': 1, 'S0': 1, 'X1': 12, 'Y1': 540, 'Z1': 1, 'C1': 1, 'R1': 1, 'S1': 1, 'X2': 12, 'Y2': 540, 'Z2': 1, 'C2': 1, 'R2': 1, 'S2': 1, 'X3': 12, 'Y3': 540, 'Z3': 1, 'C3': 1, 'R3': 1, 'S3': 1, 'X4': 12, 'Y4': 540, 'Z4': 1, 'C4': 1, 'R4': 1, 'S4': 1, 'X5': 12, 'Y5': 540, 'Z5': 1, 'C5': 1, 'R5': 1, 'S5': 1, 'X6': 12, 'Y6': 540, 'Z6': 1, 'C6': 1, 'R6': 1, 'S6': 1, 'Z7': 1, 'C7': 1, 'R7': 1, 'S7': 1}
  GlobalBuffer: {'Q': 1, 'P': 1, 'X0': 1, 'Y0': 1, 'Z0': 1, 'C0': 1, 'R0': 1, 'S0': 1, 'X1': 1, 'Y1': 1, 'Z1': 1, 'C1': 1, 'R1': 1, 'S1': 1, 'X2': 1, 'Y2': 1, 'Z2': 1, 'C2': 1, 'R2': 1, 'S2': 1, 'X3': 1, 'Y3': 1, 'Z3': 1, 'C3': 1, 'R3': 1, 'S3': 1, 'X4': 1, 'Y4': 1, 'Z4': 1, 'C4': 1, 'R4': 1, 'S4': 1, 'X5': 1, 'Y5': 1, 'Z5': 1, 'C5': 1, 'R5': 1, 'S5': 1, 'X6': 1, 'Y6': 1, 'Z6': 1, 'C6': 1, 'R6': 1, 'S6': 1, 'Z7': 1, 'C7': 1, 'R7': 1, 'S7': 1}
  SACols: {'Q': 80, 'Z7': 4}
  SARows_0: {'S0': 5, 'C0': 3, 'Z0': 1}
  SARows_1: {'S1': 1, 'C1': 14, 'Z1': 1}
  SARows_2: {'S2': 3, 'C2': 4, 'Z2': 1}
  SARows_3: {'S3': 3, 'C3': 4, 'Z3': 1}
  SARows_4: {'S4': 3, 'C4': 4, 'Z4': 1}
  SARows_5: {'S5': 3, 'C5': 4, 'Z5': 1}
  SARows_6: {'S6': 1, 'C6': 12, 'Z6': 1}
  SARows_7: {'S7': 3, 'C7': 4, 'Z7': 1}

================================================================================
MEMORY CONSTRAINT VIOLATION DEBUG - Level: InRegister
================================================================================
Memory footprint: 93 bytes
Memory available: 64 bytes
Overflow: 29 bytes

Full architecture mapping:
  DRAM: P:540, Q:12, Y6:540, X6:12, Y5:540, X5:12, Y4:540, X4:12, Y3:540, X3:12, Y2:540, X2:12, Y1:540, X1:12, Y0:540, X0:12
  SACols: Q:80, Z7:4
  SARows: S7:3, C7:4
  SACols_6: X6:80, Z6:4
  SARows_6: C6:12
  SACols_5: X5:80, Z5:4
  SARows_5: S5:3, C5:4
  SACols_4: X4:80, Z4:4
  SARows_4: S4:3, C4:4
  SACols_3: X3:80, Z3:4
  SARows_3: S3:3, C3:4
  SACols_2: X2:80, Z2:4
  SARows_2: S2:3, C2:4
  SACols_1: X1:80, Z1:4
  SARows_1: C1:14
  SACols_0: X0:80, Z0:4
  SARows_0: S0:5, C0:3
  WRegister: C7:14, R7:3, C5:3, R5:3, C4:3, R4:3, C3:3, R3:3, C2:3, R2:3, C1:4, R0:5
  IntermediateRegister: Z6:14, Z5:3, Z4:3, Z3:3, Z2:3, Z1:3, Z0:14
  OutRegister: Z7:4
================================================================================


================================================================================
MEMORY CONSTRAINT VIOLATION DEBUG - Level: WRegister
================================================================================
Memory footprint: 372 bytes
Memory available: 200 bytes
Overflow: 172 bytes

Full architecture mapping:
  DRAM: P:540, Q:12, Y6:540, X6:12, Y5:540, X5:12, Y4:540, X4:12, Y3:540, X3:12, Y2:540, X2:12, Y1:540, X1:12, Y0:540, X0:12
  SACols: Q:80, Z7:4
  SARows: S7:3, C7:4
  SACols_6: X6:80, Z6:4
  SARows_6: C6:12
  SACols_5: X5:80, Z5:4
  SARows_5: S5:3, C5:4
  SACols_4: X4:80, Z4:4
  SARows_4: S4:3, C4:4
  SACols_3: X3:80, Z3:4
  SARows_3: S3:3, C3:4
  SACols_2: X2:80, Z2:4
  SARows_2: S2:3, C2:4
  SACols_1: X1:80, Z1:4
  SARows_1: C1:14
  SACols_0: X0:80, Z0:4
  SARows_0: S0:5, C0:3
  WRegister: C7:14, R7:3, C5:3, R5:3, C4:3, R4:3, C3:3, R3:3, C2:3, R2:3, C1:4, R0:5
  IntermediateRegister: Z6:14, Z5:3, Z4:3, Z3:3, Z2:3, Z1:3, Z0:14
  OutRegister: Z7:4
================================================================================

------ loading Accelergy for Eyeriss ------
[Constrained Eyeriss] 8 layers, tile_size=80
  DRAM: {'Q': 12, 'P': 540, 'X0': 12, 'Y0': 540, 'Z0': 1, 'C0': 1, 'R0': 1, 'S0': 1, 'X1': 12, 'Y1': 540, 'Z1': 1, 'C1': 1, 'R1': 1, 'S1': 1, 'X2': 12, 'Y2': 540, 'Z2': 1, 'C2': 1, 'R2': 1, 'S2': 1, 'X3': 12, 'Y3': 540, 'Z3': 1, 'C3': 1, 'R3': 1, 'S3': 1, 'X4': 12, 'Y4': 540, 'Z4': 1, 'C4': 1, 'R4': 1, 'S4': 1, 'X5': 12, 'Y5': 540, 'Z5': 1, 'C5': 1, 'R5': 1, 'S5': 1, 'X6': 12, 'Y6': 540, 'Z6': 1, 'C6': 1, 'R6': 1, 'S6': 1, 'Z7': 1, 'C7': 1, 'R7': 1, 'S7': 1}
  GlobalBuffer: {'Q': 1, 'P': 1, 'X0': 1, 'Y0': 1, 'Z0': 1, 'C0': 1, 'R0': 1, 'S0': 1, 'X1': 1, 'Y1': 1, 'Z1': 1, 'C1': 1, 'R1': 1, 'S1': 1, 'X2': 1, 'Y2': 1, 'Z2': 1, 'C2': 1, 'R2': 1, 'S2': 1, 'X3': 1, 'Y3': 1, 'Z3': 1, 'C3': 1, 'R3': 1, 'S3': 1, 'X4': 1, 'Y4': 1, 'Z4': 1, 'C4': 1, 'R4': 1, 'S4': 1, 'X5': 1, 'Y5': 1, 'Z5': 1, 'C5': 1, 'R5': 1, 'S5': 1, 'X6': 1, 'Y6': 1, 'Z6': 1, 'C6': 1, 'R6': 1, 'S6': 1, 'Z7': 1, 'C7': 1, 'R7': 1, 'S7': 1}
  SACols: {'Q': 80, 'Z7': 4}
  SARows_0: {'S0': 5, 'C0': 3, 'Z0': 1}
  SARows_1: {'S1': 1, 'C1': 14, 'Z1': 1}
  SARows_2: {'S2': 3, 'C2': 4, 'Z2': 1}
  SARows_3: {'S3': 3, 'C3': 4, 'Z3': 1}
  SARows_4: {'S4': 3, 'C4': 4, 'Z4': 1}
  SARows_5: {'S5': 3, 'C5': 4, 'Z5': 1}
  SARows_6: {'S6': 1, 'C6': 12, 'Z6': 1}
  SARows_7: {'S7': 3, 'C7': 4, 'Z7': 1}

================================================================================
MEMORY CONSTRAINT VIOLATION DEBUG - Level: InRegister
================================================================================
Memory footprint: 93 bytes
Memory available: 64 bytes
Overflow: 29 bytes

Full architecture mapping:
  DRAM: P:540, Q:12, Y6:540, X6:12, Y5:540, X5:12, Y4:540, X4:12, Y3:540, X3:12, Y2:540, X2:12, Y1:540, X1:12, Y0:540, X0:12
  SACols: Q:80, Z7:4
  SARows: S7:3, C7:4
  SACols_6: X6:80, Z6:4
  SARows_6: C6:12
  SACols_5: X5:80, Z5:6
  SARows_5: S5:3, C5:4
  SACols_4: X4:80, Z4:6
  SARows_4: S4:3, C4:4
  SACols_3: X3:80, Z3:6
  SARows_3: S3:3, C3:4
  SACols_2: X2:80, Z2:6
  SARows_2: S2:3, C2:4
  SACols_1: X1:80, Z1:6
  SARows_1: C1:14
  SACols_0: X0:80, Z0:4
  SARows_0: S0:5, C0:3
  WRegister: C7:14, R7:3, C5:3, R5:3, C4:3, R4:3, C3:3, R3:3, C2:3, R2:3, C1:4, R0:5
  IntermediateRegister: Z6:14, Z5:2, Z4:2, Z3:2, Z2:2, Z1:2, Z0:14
  OutRegister: Z7:4
================================================================================


================================================================================
MEMORY CONSTRAINT VIOLATION DEBUG - Level: WRegister
================================================================================
Memory footprint: 332 bytes
Memory available: 200 bytes
Overflow: 132 bytes

Full architecture mapping:
  DRAM: P:540, Q:12, Y6:540, X6:12, Y5:540, X5:12, Y4:540, X4:12, Y3:540, X3:12, Y2:540, X2:12, Y1:540, X1:12, Y0:540, X0:12
  SACols: Q:80, Z7:4
  SARows: S7:3, C7:4
  SACols_6: X6:80, Z6:4
  SARows_6: C6:12
  SACols_5: X5:80, Z5:6
  SARows_5: S5:3, C5:4
  SACols_4: X4:80, Z4:6
  SARows_4: S4:3, C4:4
  SACols_3: X3:80, Z3:6
  SARows_3: S3:3, C3:4
  SACols_2: X2:80, Z2:6
  SARows_2: S2:3, C2:4
  SACols_1: X1:80, Z1:6
  SARows_1: C1:14
  SACols_0: X0:80, Z0:4
  SARows_0: S0:5, C0:3
  WRegister: C7:14, R7:3, C5:3, R5:3, C4:3, R4:3, C3:3, R3:3, C2:3, R2:3, C1:4, R0:5
  IntermediateRegister: Z6:14, Z5:2, Z4:2, Z3:2, Z2:2, Z1:2, Z0:14
  OutRegister: Z7:4
================================================================================

------ loading Accelergy for Eyeriss ------
[Constrained Eyeriss] 8 layers, tile_size=80
  DRAM: {'Q': 12, 'P': 540, 'X0': 12, 'Y0': 540, 'Z0': 1, 'C0': 1, 'R0': 1, 'S0': 1, 'X1': 12, 'Y1': 540, 'Z1': 1, 'C1': 1, 'R1': 1, 'S1': 1, 'X2': 12, 'Y2': 540, 'Z2': 1, 'C2': 1, 'R2': 1, 'S2': 1, 'X3': 12, 'Y3': 540, 'Z3': 1, 'C3': 1, 'R3': 1, 'S3': 1, 'X4': 12, 'Y4': 540, 'Z4': 1, 'C4': 1, 'R4': 1, 'S4': 1, 'X5': 12, 'Y5': 540, 'Z5': 1, 'C5': 1, 'R5': 1, 'S5': 1, 'X6': 12, 'Y6': 540, 'Z6': 1, 'C6': 1, 'R6': 1, 'S6': 1, 'Z7': 1, 'C7': 1, 'R7': 1, 'S7': 1}
  GlobalBuffer: {'Q': 20, 'P': 1, 'X0': 20, 'Y0': 1, 'Z0': 1, 'C0': 1, 'R0': 1, 'S0': 1, 'X1': 20, 'Y1': 1, 'Z1': 1, 'C1': 1, 'R1': 1, 'S1': 1, 'X2': 20, 'Y2': 1, 'Z2': 1, 'C2': 1, 'R2': 1, 'S2': 1, 'X3': 20, 'Y3': 1, 'Z3': 1, 'C3': 1, 'R3': 1, 'S3': 1, 'X4': 20, 'Y4': 1, 'Z4': 1, 'C4': 1, 'R4': 1, 'S4': 1, 'X5': 20, 'Y5': 1, 'Z5': 1, 'C5': 1, 'R5': 1, 'S5': 1, 'X6': 20, 'Y6': 1, 'Z6': 1, 'C6': 1, 'R6': 1, 'S6': 1, 'Z7': 1, 'C7': 1, 'R7': 1, 'S7': 1}
  SACols: {'Q': 4, 'Z7': 1}
  SARows_0: {'S0': 5, 'C0': 3, 'Z0': 2}
  SARows_1: {'S1': 1, 'C1': 28, 'Z1': 1}
  SARows_2: {'S2': 3, 'C2': 6, 'Z2': 1}
  SARows_3: {'S3': 3, 'C3': 6, 'Z3': 1}
  SARows_4: {'S4': 3, 'C4': 6, 'Z4': 1}
  SARows_5: {'S5': 3, 'C5': 6, 'Z5': 1}
  SARows_6: {'S6': 1, 'C6': 12, 'Z6': 2}
  SARows_7: {'S7': 3, 'C7': 8, 'Z7': 1}

================================================================================
MEMORY CONSTRAINT VIOLATION DEBUG - Level: WRegister
================================================================================
Memory footprint: 816 bytes
Memory available: 200 bytes
Overflow: 616 bytes

Full architecture mapping:
  DRAM: P:540, Q:12, Y6:540, X6:12, Y5:540, X5:12, Y4:540, X4:12, Y3:540, X3:12, Y2:540, X2:12, Y1:540, X1:12, Y0:540, X0:12
  GlobalBuffer: Q:20, X6:20, X5:20, X4:20, X3:20, X2:20, X1:20, X0:20
  SACols: Q:4
  SARows: S7:3, C7:8
  SACols_6: X6:4
  SARows_6: C6:12, Z6:2
  SACols_5: X5:4
  SARows_5: S5:3, C5:6
  SACols_4: X4:4
  SARows_4: S4:3, C4:6
  SACols_3: X3:4
  SARows_3: S3:3, C3:6
  SACols_2: X2:4
  SARows_2: S2:3, C2:6
  SACols_1: X1:4
  SARows_1: C1:28
  SACols_0: X0:4
  SARows_0: S0:5, C0:3, Z0:2
  WRegister: C7:7, R7:3, C5:2, R5:3, C4:2, R4:3, C3:2, R3:3, C2:2, R2:3, C1:2, R0:5
  IntermediateRegister: Z6:28, Z5:12, Z4:12, Z3:12, Z2:12, Z1:12, Z0:28
  OutRegister: Z7:16
================================================================================

------ loading Accelergy for Eyeriss ------
[Constrained Eyeriss] 8 layers, tile_size=80
  DRAM: {'Q': 12, 'P': 540, 'X0': 12, 'Y0': 540, 'Z0': 1, 'C0': 1, 'R0': 1, 'S0': 1, 'X1': 12, 'Y1': 540, 'Z1': 1, 'C1': 1, 'R1': 1, 'S1': 1, 'X2': 12, 'Y2': 540, 'Z2': 1, 'C2': 1, 'R2': 1, 'S2': 1, 'X3': 12, 'Y3': 540, 'Z3': 1, 'C3': 1, 'R3': 1, 'S3': 1, 'X4': 12, 'Y4': 540, 'Z4': 1, 'C4': 1, 'R4': 1, 'S4': 1, 'X5': 12, 'Y5': 540, 'Z5': 1, 'C5': 1, 'R5': 1, 'S5': 1, 'X6': 12, 'Y6': 540, 'Z6': 1, 'C6': 1, 'R6': 1, 'S6': 1, 'Z7': 1, 'C7': 1, 'R7': 1, 'S7': 1}
  GlobalBuffer: {'Q': 10, 'P': 1, 'X0': 10, 'Y0': 1, 'Z0': 1, 'C0': 1, 'R0': 1, 'S0': 1, 'X1': 10, 'Y1': 1, 'Z1': 1, 'C1': 1, 'R1': 1, 'S1': 1, 'X2': 10, 'Y2': 1, 'Z2': 1, 'C2': 1, 'R2': 1, 'S2': 1, 'X3': 10, 'Y3': 1, 'Z3': 1, 'C3': 1, 'R3': 1, 'S3': 1, 'X4': 10, 'Y4': 1, 'Z4': 1, 'C4': 1, 'R4': 1, 'S4': 1, 'X5': 10, 'Y5': 1, 'Z5': 1, 'C5': 1, 'R5': 1, 'S5': 1, 'X6': 10, 'Y6': 1, 'Z6': 1, 'C6': 1, 'R6': 1, 'S6': 1, 'Z7': 1, 'C7': 1, 'R7': 1, 'S7': 1}
  SACols: {'Q': 8, 'Z7': 1}
  SARows_0: {'S0': 5, 'C0': 3, 'Z0': 2}
  SARows_1: {'S1': 1, 'C1': 28, 'Z1': 1}
  SARows_2: {'S2': 3, 'C2': 6, 'Z2': 1}
  SARows_3: {'S3': 3, 'C3': 6, 'Z3': 1}
  SARows_4: {'S4': 3, 'C4': 6, 'Z4': 1}
  SARows_5: {'S5': 3, 'C5': 6, 'Z5': 1}
  SARows_6: {'S6': 1, 'C6': 12, 'Z6': 2}
  SARows_7: {'S7': 3, 'C7': 8, 'Z7': 1}

================================================================================
MEMORY CONSTRAINT VIOLATION DEBUG - Level: WRegister
================================================================================
Memory footprint: 816 bytes
Memory available: 200 bytes
Overflow: 616 bytes

Full architecture mapping:
  DRAM: P:540, Q:12, Y6:540, X6:12, Y5:540, X5:12, Y4:540, X4:12, Y3:540, X3:12, Y2:540, X2:12, Y1:540, X1:12, Y0:540, X0:12
  GlobalBuffer: Q:10, X6:10, X5:10, X4:10, X3:10, X2:10, X1:10, X0:10
  SACols: Q:8
  SARows: S7:3, C7:8
  SACols_6: X6:8
  SARows_6: C6:12, Z6:2
  SACols_5: X5:8
  SARows_5: S5:3, C5:6
  SACols_4: X4:8
  SARows_4: S4:3, C4:6
  SACols_3: X3:8
  SARows_3: S3:3, C3:6
  SACols_2: X2:8
  SARows_2: S2:3, C2:6
  SACols_1: X1:8
  SARows_1: C1:28
  SACols_0: X0:8
  SARows_0: S0:5, C0:3, Z0:2
  WRegister: C7:7, R7:3, C5:2, R5:3, C4:2, R4:3, C3:2, R3:3, C2:2, R2:3, C1:2, R0:5
  IntermediateRegister: Z6:28, Z5:12, Z4:12, Z3:12, Z2:12, Z1:12, Z0:28
  OutRegister: Z7:16
================================================================================

------ loading Accelergy for Eyeriss ------
[Constrained Eyeriss] 8 layers, tile_size=80
  DRAM: {'Q': 12, 'P': 540, 'X0': 12, 'Y0': 540, 'Z0': 1, 'C0': 1, 'R0': 1, 'S0': 1, 'X1': 12, 'Y1': 540, 'Z1': 1, 'C1': 1, 'R1': 1, 'S1': 1, 'X2': 12, 'Y2': 540, 'Z2': 1, 'C2': 1, 'R2': 1, 'S2': 1, 'X3': 12, 'Y3': 540, 'Z3': 1, 'C3': 1, 'R3': 1, 'S3': 1, 'X4': 12, 'Y4': 540, 'Z4': 1, 'C4': 1, 'R4': 1, 'S4': 1, 'X5': 12, 'Y5': 540, 'Z5': 1, 'C5': 1, 'R5': 1, 'S5': 1, 'X6': 12, 'Y6': 540, 'Z6': 1, 'C6': 1, 'R6': 1, 'S6': 1, 'Z7': 1, 'C7': 1, 'R7': 1, 'S7': 1}
  GlobalBuffer: {'Q': 8, 'P': 1, 'X0': 8, 'Y0': 1, 'Z0': 1, 'C0': 1, 'R0': 1, 'S0': 1, 'X1': 8, 'Y1': 1, 'Z1': 1, 'C1': 1, 'R1': 1, 'S1': 1, 'X2': 8, 'Y2': 1, 'Z2': 1, 'C2': 1, 'R2': 1, 'S2': 1, 'X3': 8, 'Y3': 1, 'Z3': 1, 'C3': 1, 'R3': 1, 'S3': 1, 'X4': 8, 'Y4': 1, 'Z4': 1, 'C4': 1, 'R4': 1, 'S4': 1, 'X5': 8, 'Y5': 1, 'Z5': 1, 'C5': 1, 'R5': 1, 'S5': 1, 'X6': 8, 'Y6': 1, 'Z6': 1, 'C6': 1, 'R6': 1, 'S6': 1, 'Z7': 1, 'C7': 1, 'R7': 1, 'S7': 1}
  SACols: {'Q': 10, 'Z7': 1}
  SARows_0: {'S0': 5, 'C0': 3, 'Z0': 2}
  SARows_1: {'S1': 1, 'C1': 28, 'Z1': 1}
  SARows_2: {'S2': 3, 'C2': 6, 'Z2': 1}
  SARows_3: {'S3': 3, 'C3': 6, 'Z3': 1}
  SARows_4: {'S4': 3, 'C4': 6, 'Z4': 1}
  SARows_5: {'S5': 3, 'C5': 6, 'Z5': 1}
  SARows_6: {'S6': 1, 'C6': 12, 'Z6': 2}
  SARows_7: {'S7': 3, 'C7': 8, 'Z7': 1}

================================================================================
MEMORY CONSTRAINT VIOLATION DEBUG - Level: WRegister
================================================================================
Memory footprint: 816 bytes
Memory available: 200 bytes
Overflow: 616 bytes

Full architecture mapping:
  DRAM: P:540, Q:12, Y6:540, X6:12, Y5:540, X5:12, Y4:540, X4:12, Y3:540, X3:12, Y2:540, X2:12, Y1:540, X1:12, Y0:540, X0:12
  GlobalBuffer: Q:8, X6:8, X5:8, X4:8, X3:8, X2:8, X1:8, X0:8
  SACols: Q:10
  SARows: S7:3, C7:8
  SACols_6: X6:10
  SARows_6: C6:12, Z6:2
  SACols_5: X5:10
  SARows_5: S5:3, C5:6
  SACols_4: X4:10
  SARows_4: S4:3, C4:6
  SACols_3: X3:10
  SARows_3: S3:3, C3:6
  SACols_2: X2:10
  SARows_2: S2:3, C2:6
  SACols_1: X1:10
  SARows_1: C1:28
  SACols_0: X0:10
  SARows_0: S0:5, C0:3, Z0:2
  WRegister: C7:7, R7:3, C5:2, R5:3, C4:2, R4:3, C3:2, R3:3, C2:2, R2:3, C1:2, R0:5
  IntermediateRegister: Z6:28, Z5:12, Z4:12, Z3:12, Z2:12, Z1:12, Z0:28
  OutRegister: Z7:16
================================================================================

------ loading Accelergy for Eyeriss ------
[Constrained Eyeriss] 8 layers, tile_size=80
  DRAM: {'Q': 12, 'P': 540, 'X0': 12, 'Y0': 540, 'Z0': 1, 'C0': 1, 'R0': 1, 'S0': 1, 'X1': 12, 'Y1': 540, 'Z1': 1, 'C1': 1, 'R1': 1, 'S1': 1, 'X2': 12, 'Y2': 540, 'Z2': 1, 'C2': 1, 'R2': 1, 'S2': 1, 'X3': 12, 'Y3': 540, 'Z3': 1, 'C3': 1, 'R3': 1, 'S3': 1, 'X4': 12, 'Y4': 540, 'Z4': 1, 'C4': 1, 'R4': 1, 'S4': 1, 'X5': 12, 'Y5': 540, 'Z5': 1, 'C5': 1, 'R5': 1, 'S5': 1, 'X6': 12, 'Y6': 540, 'Z6': 1, 'C6': 1, 'R6': 1, 'S6': 1, 'Z7': 1, 'C7': 1, 'R7': 1, 'S7': 1}
  GlobalBuffer: {'Q': 5, 'P': 1, 'X0': 5, 'Y0': 1, 'Z0': 1, 'C0': 1, 'R0': 1, 'S0': 1, 'X1': 5, 'Y1': 1, 'Z1': 1, 'C1': 1, 'R1': 1, 'S1': 1, 'X2': 5, 'Y2': 1, 'Z2': 1, 'C2': 1, 'R2': 1, 'S2': 1, 'X3': 5, 'Y3': 1, 'Z3': 1, 'C3': 1, 'R3': 1, 'S3': 1, 'X4': 5, 'Y4': 1, 'Z4': 1, 'C4': 1, 'R4': 1, 'S4': 1, 'X5': 5, 'Y5': 1, 'Z5': 1, 'C5': 1, 'R5': 1, 'S5': 1, 'X6': 5, 'Y6': 1, 'Z6': 1, 'C6': 1, 'R6': 1, 'S6': 1, 'Z7': 1, 'C7': 1, 'R7': 1, 'S7': 1}
  SACols: {'Q': 16, 'Z7': 1}
  SARows_0: {'S0': 5, 'C0': 3, 'Z0': 2}
  SARows_1: {'S1': 1, 'C1': 28, 'Z1': 1}
  SARows_2: {'S2': 3, 'C2': 6, 'Z2': 1}
  SARows_3: {'S3': 3, 'C3': 6, 'Z3': 1}
  SARows_4: {'S4': 3, 'C4': 6, 'Z4': 1}
  SARows_5: {'S5': 3, 'C5': 6, 'Z5': 1}
  SARows_6: {'S6': 1, 'C6': 12, 'Z6': 2}
  SARows_7: {'S7': 3, 'C7': 8, 'Z7': 1}

================================================================================
MEMORY CONSTRAINT VIOLATION DEBUG - Level: WRegister
================================================================================
Memory footprint: 816 bytes
Memory available: 200 bytes
Overflow: 616 bytes

Full architecture mapping:
  DRAM: P:540, Q:12, Y6:540, X6:12, Y5:540, X5:12, Y4:540, X4:12, Y3:540, X3:12, Y2:540, X2:12, Y1:540, X1:12, Y0:540, X0:12
  GlobalBuffer: Q:5, X6:5, X5:5, X4:5, X3:5, X2:5, X1:5, X0:5
  SACols: Q:16
  SARows: S7:3, C7:8
  SACols_6: X6:16
  SARows_6: C6:12, Z6:2
  SACols_5: X5:16
  SARows_5: S5:3, C5:6
  SACols_4: X4:16
  SARows_4: S4:3, C4:6
  SACols_3: X3:16
  SARows_3: S3:3, C3:6
  SACols_2: X2:16
  SARows_2: S2:3, C2:6
  SACols_1: X1:16
  SARows_1: C1:28
  SACols_0: X0:16
  SARows_0: S0:5, C0:3, Z0:2
  WRegister: C7:7, R7:3, C5:2, R5:3, C4:2, R4:3, C3:2, R3:3, C2:2, R2:3, C1:2, R0:5
  IntermediateRegister: Z6:28, Z5:12, Z4:12, Z3:12, Z2:12, Z1:12, Z0:28
  OutRegister: Z7:16
================================================================================

------ loading Accelergy for Eyeriss ------
[Constrained Eyeriss] 8 layers, tile_size=80
  DRAM: {'Q': 12, 'P': 540, 'X0': 12, 'Y0': 540, 'Z0': 1, 'C0': 1, 'R0': 1, 'S0': 1, 'X1': 12, 'Y1': 540, 'Z1': 1, 'C1': 1, 'R1': 1, 'S1': 1, 'X2': 12, 'Y2': 540, 'Z2': 1, 'C2': 1, 'R2': 1, 'S2': 1, 'X3': 12, 'Y3': 540, 'Z3': 1, 'C3': 1, 'R3': 1, 'S3': 1, 'X4': 12, 'Y4': 540, 'Z4': 1, 'C4': 1, 'R4': 1, 'S4': 1, 'X5': 12, 'Y5': 540, 'Z5': 1, 'C5': 1, 'R5': 1, 'S5': 1, 'X6': 12, 'Y6': 540, 'Z6': 1, 'C6': 1, 'R6': 1, 'S6': 1, 'Z7': 1, 'C7': 1, 'R7': 1, 'S7': 1}
  GlobalBuffer: {'Q': 4, 'P': 1, 'X0': 4, 'Y0': 1, 'Z0': 1, 'C0': 1, 'R0': 1, 'S0': 1, 'X1': 4, 'Y1': 1, 'Z1': 1, 'C1': 1, 'R1': 1, 'S1': 1, 'X2': 4, 'Y2': 1, 'Z2': 1, 'C2': 1, 'R2': 1, 'S2': 1, 'X3': 4, 'Y3': 1, 'Z3': 1, 'C3': 1, 'R3': 1, 'S3': 1, 'X4': 4, 'Y4': 1, 'Z4': 1, 'C4': 1, 'R4': 1, 'S4': 1, 'X5': 4, 'Y5': 1, 'Z5': 1, 'C5': 1, 'R5': 1, 'S5': 1, 'X6': 4, 'Y6': 1, 'Z6': 1, 'C6': 1, 'R6': 1, 'S6': 1, 'Z7': 1, 'C7': 1, 'R7': 1, 'S7': 1}
  SACols: {'Q': 20, 'Z7': 1}
  SARows_0: {'S0': 5, 'C0': 3, 'Z0': 2}
  SARows_1: {'S1': 1, 'C1': 28, 'Z1': 1}
  SARows_2: {'S2': 3, 'C2': 6, 'Z2': 1}
  SARows_3: {'S3': 3, 'C3': 6, 'Z3': 1}
  SARows_4: {'S4': 3, 'C4': 6, 'Z4': 1}
  SARows_5: {'S5': 3, 'C5': 6, 'Z5': 1}
  SARows_6: {'S6': 1, 'C6': 12, 'Z6': 2}
  SARows_7: {'S7': 3, 'C7': 8, 'Z7': 1}

================================================================================
MEMORY CONSTRAINT VIOLATION DEBUG - Level: WRegister
================================================================================
Memory footprint: 816 bytes
Memory available: 200 bytes
Overflow: 616 bytes

Full architecture mapping:
  DRAM: P:540, Q:12, Y6:540, X6:12, Y5:540, X5:12, Y4:540, X4:12, Y3:540, X3:12, Y2:540, X2:12, Y1:540, X1:12, Y0:540, X0:12
  GlobalBuffer: Q:4, X6:4, X5:4, X4:4, X3:4, X2:4, X1:4, X0:4
  SACols: Q:20
  SARows: S7:3, C7:8
  SACols_6: X6:20
  SARows_6: C6:12, Z6:2
  SACols_5: X5:20
  SARows_5: S5:3, C5:6
  SACols_4: X4:20
  SARows_4: S4:3, C4:6
  SACols_3: X3:20
  SARows_3: S3:3, C3:6
  SACols_2: X2:20
  SARows_2: S2:3, C2:6
  SACols_1: X1:20
  SARows_1: C1:28
  SACols_0: X0:20
  SARows_0: S0:5, C0:3, Z0:2
  WRegister: C7:7, R7:3, C5:2, R5:3, C4:2, R4:3, C3:2, R3:3, C2:2, R2:3, C1:2, R0:5
  IntermediateRegister: Z6:28, Z5:12, Z4:12, Z3:12, Z2:12, Z1:12, Z0:28
  OutRegister: Z7:16
================================================================================

------ loading Accelergy for Eyeriss ------
[Constrained Eyeriss] 8 layers, tile_size=80
  DRAM: {'Q': 12, 'P': 540, 'X0': 12, 'Y0': 540, 'Z0': 1, 'C0': 1, 'R0': 1, 'S0': 1, 'X1': 12, 'Y1': 540, 'Z1': 1, 'C1': 1, 'R1': 1, 'S1': 1, 'X2': 12, 'Y2': 540, 'Z2': 1, 'C2': 1, 'R2': 1, 'S2': 1, 'X3': 12, 'Y3': 540, 'Z3': 1, 'C3': 1, 'R3': 1, 'S3': 1, 'X4': 12, 'Y4': 540, 'Z4': 1, 'C4': 1, 'R4': 1, 'S4': 1, 'X5': 12, 'Y5': 540, 'Z5': 1, 'C5': 1, 'R5': 1, 'S5': 1, 'X6': 12, 'Y6': 540, 'Z6': 1, 'C6': 1, 'R6': 1, 'S6': 1, 'Z7': 1, 'C7': 1, 'R7': 1, 'S7': 1}
  GlobalBuffer: {'Q': 2, 'P': 1, 'X0': 2, 'Y0': 1, 'Z0': 1, 'C0': 1, 'R0': 1, 'S0': 1, 'X1': 2, 'Y1': 1, 'Z1': 1, 'C1': 1, 'R1': 1, 'S1': 1, 'X2': 2, 'Y2': 1, 'Z2': 1, 'C2': 1, 'R2': 1, 'S2': 1, 'X3': 2, 'Y3': 1, 'Z3': 1, 'C3': 1, 'R3': 1, 'S3': 1, 'X4': 2, 'Y4': 1, 'Z4': 1, 'C4': 1, 'R4': 1, 'S4': 1, 'X5': 2, 'Y5': 1, 'Z5': 1, 'C5': 1, 'R5': 1, 'S5': 1, 'X6': 2, 'Y6': 1, 'Z6': 1, 'C6': 1, 'R6': 1, 'S6': 1, 'Z7': 1, 'C7': 1, 'R7': 1, 'S7': 1}
  SACols: {'Q': 40, 'Z7': 1}
  SARows_0: {'S0': 5, 'C0': 3, 'Z0': 2}
  SARows_1: {'S1': 1, 'C1': 28, 'Z1': 1}
  SARows_2: {'S2': 3, 'C2': 6, 'Z2': 1}
  SARows_3: {'S3': 3, 'C3': 6, 'Z3': 1}
  SARows_4: {'S4': 3, 'C4': 6, 'Z4': 1}
  SARows_5: {'S5': 3, 'C5': 6, 'Z5': 1}
  SARows_6: {'S6': 1, 'C6': 12, 'Z6': 2}
  SARows_7: {'S7': 3, 'C7': 8, 'Z7': 1}

================================================================================
MEMORY CONSTRAINT VIOLATION DEBUG - Level: WRegister
================================================================================
Memory footprint: 816 bytes
Memory available: 200 bytes
Overflow: 616 bytes

Full architecture mapping:
  DRAM: P:540, Q:12, Y6:540, X6:12, Y5:540, X5:12, Y4:540, X4:12, Y3:540, X3:12, Y2:540, X2:12, Y1:540, X1:12, Y0:540, X0:12
  GlobalBuffer: Q:2, X6:2, X5:2, X4:2, X3:2, X2:2, X1:2, X0:2
  SACols: Q:40
  SARows: S7:3, C7:8
  SACols_6: X6:40
  SARows_6: C6:12, Z6:2
  SACols_5: X5:40
  SARows_5: S5:3, C5:6
  SACols_4: X4:40
  SARows_4: S4:3, C4:6
  SACols_3: X3:40
  SARows_3: S3:3, C3:6
  SACols_2: X2:40
  SARows_2: S2:3, C2:6
  SACols_1: X1:40
  SARows_1: C1:28
  SACols_0: X0:40
  SARows_0: S0:5, C0:3, Z0:2
  WRegister: C7:7, R7:3, C5:2, R5:3, C4:2, R4:3, C3:2, R3:3, C2:2, R2:3, C1:2, R0:5
  IntermediateRegister: Z6:28, Z5:12, Z4:12, Z3:12, Z2:12, Z1:12, Z0:28
  OutRegister: Z7:16
================================================================================

------ loading Accelergy for Eyeriss ------
[Constrained Eyeriss] 8 layers, tile_size=80
  DRAM: {'Q': 12, 'P': 540, 'X0': 12, 'Y0': 540, 'Z0': 1, 'C0': 1, 'R0': 1, 'S0': 1, 'X1': 12, 'Y1': 540, 'Z1': 1, 'C1': 1, 'R1': 1, 'S1': 1, 'X2': 12, 'Y2': 540, 'Z2': 1, 'C2': 1, 'R2': 1, 'S2': 1, 'X3': 12, 'Y3': 540, 'Z3': 1, 'C3': 1, 'R3': 1, 'S3': 1, 'X4': 12, 'Y4': 540, 'Z4': 1, 'C4': 1, 'R4': 1, 'S4': 1, 'X5': 12, 'Y5': 540, 'Z5': 1, 'C5': 1, 'R5': 1, 'S5': 1, 'X6': 12, 'Y6': 540, 'Z6': 1, 'C6': 1, 'R6': 1, 'S6': 1, 'Z7': 1, 'C7': 1, 'R7': 1, 'S7': 1}
  GlobalBuffer: {'Q': 1, 'P': 1, 'X0': 1, 'Y0': 1, 'Z0': 1, 'C0': 1, 'R0': 1, 'S0': 1, 'X1': 1, 'Y1': 1, 'Z1': 1, 'C1': 1, 'R1': 1, 'S1': 1, 'X2': 1, 'Y2': 1, 'Z2': 1, 'C2': 1, 'R2': 1, 'S2': 1, 'X3': 1, 'Y3': 1, 'Z3': 1, 'C3': 1, 'R3': 1, 'S3': 1, 'X4': 1, 'Y4': 1, 'Z4': 1, 'C4': 1, 'R4': 1, 'S4': 1, 'X5': 1, 'Y5': 1, 'Z5': 1, 'C5': 1, 'R5': 1, 'S5': 1, 'X6': 1, 'Y6': 1, 'Z6': 1, 'C6': 1, 'R6': 1, 'S6': 1, 'Z7': 1, 'C7': 1, 'R7': 1, 'S7': 1}
  SACols: {'Q': 80, 'Z7': 1}
  SARows_0: {'S0': 5, 'C0': 3, 'Z0': 2}
  SARows_1: {'S1': 1, 'C1': 28, 'Z1': 1}
  SARows_2: {'S2': 3, 'C2': 6, 'Z2': 1}
  SARows_3: {'S3': 3, 'C3': 6, 'Z3': 1}
  SARows_4: {'S4': 3, 'C4': 6, 'Z4': 1}
  SARows_5: {'S5': 3, 'C5': 6, 'Z5': 1}
  SARows_6: {'S6': 1, 'C6': 12, 'Z6': 2}
  SARows_7: {'S7': 3, 'C7': 8, 'Z7': 1}

================================================================================
MEMORY CONSTRAINT VIOLATION DEBUG - Level: WRegister
================================================================================
Memory footprint: 816 bytes
Memory available: 200 bytes
Overflow: 616 bytes

Full architecture mapping:
  DRAM: P:540, Q:12, Y6:540, X6:12, Y5:540, X5:12, Y4:540, X4:12, Y3:540, X3:12, Y2:540, X2:12, Y1:540, X1:12, Y0:540, X0:12
  SACols: Q:80
  SARows: S7:3, C7:8
  SACols_6: X6:80
  SARows_6: C6:12, Z6:2
  SACols_5: X5:80
  SARows_5: S5:3, C5:6
  SACols_4: X4:80
  SARows_4: S4:3, C4:6
  SACols_3: X3:80
  SARows_3: S3:3, C3:6
  SACols_2: X2:80
  SARows_2: S2:3, C2:6
  SACols_1: X1:80
  SARows_1: C1:28
  SACols_0: X0:80
  SARows_0: S0:5, C0:3, Z0:2
  WRegister: C7:7, R7:3, C5:2, R5:3, C4:2, R4:3, C3:2, R3:3, C2:2, R2:3, C1:2, R0:5
  IntermediateRegister: Z6:28, Z5:12, Z4:12, Z3:12, Z2:12, Z1:12, Z0:28
  OutRegister: Z7:16
================================================================================

------ loading Accelergy for Eyeriss ------
[Constrained Eyeriss] 8 layers, tile_size=80
  DRAM: {'Q': 12, 'P': 540, 'X0': 12, 'Y0': 540, 'Z0': 1, 'C0': 1, 'R0': 1, 'S0': 1, 'X1': 12, 'Y1': 540, 'Z1': 1, 'C1': 1, 'R1': 1, 'S1': 1, 'X2': 12, 'Y2': 540, 'Z2': 1, 'C2': 1, 'R2': 1, 'S2': 1, 'X3': 12, 'Y3': 540, 'Z3': 1, 'C3': 1, 'R3': 1, 'S3': 1, 'X4': 12, 'Y4': 540, 'Z4': 1, 'C4': 1, 'R4': 1, 'S4': 1, 'X5': 12, 'Y5': 540, 'Z5': 1, 'C5': 1, 'R5': 1, 'S5': 1, 'X6': 12, 'Y6': 540, 'Z6': 1, 'C6': 1, 'R6': 1, 'S6': 1, 'Z7': 1, 'C7': 1, 'R7': 1, 'S7': 1}
  GlobalBuffer: {'Q': 1, 'P': 1, 'X0': 1, 'Y0': 1, 'Z0': 1, 'C0': 1, 'R0': 1, 'S0': 1, 'X1': 1, 'Y1': 1, 'Z1': 1, 'C1': 1, 'R1': 1, 'S1': 1, 'X2': 1, 'Y2': 1, 'Z2': 1, 'C2': 1, 'R2': 1, 'S2': 1, 'X3': 1, 'Y3': 1, 'Z3': 1, 'C3': 1, 'R3': 1, 'S3': 1, 'X4': 1, 'Y4': 1, 'Z4': 1, 'C4': 1, 'R4': 1, 'S4': 1, 'X5': 1, 'Y5': 1, 'Z5': 1, 'C5': 1, 'R5': 1, 'S5': 1, 'X6': 1, 'Y6': 1, 'Z6': 1, 'C6': 1, 'R6': 1, 'S6': 1, 'Z7': 1, 'C7': 1, 'R7': 1, 'S7': 1}
  SACols: {'Q': 80, 'Z7': 1}
  SARows_0: {'S0': 5, 'C0': 3, 'Z0': 2}
  SARows_1: {'S1': 1, 'C1': 28, 'Z1': 1}
  SARows_2: {'S2': 3, 'C2': 6, 'Z2': 1}
  SARows_3: {'S3': 3, 'C3': 6, 'Z3': 1}
  SARows_4: {'S4': 3, 'C4': 6, 'Z4': 1}
  SARows_5: {'S5': 3, 'C5': 6, 'Z5': 1}
  SARows_6: {'S6': 1, 'C6': 12, 'Z6': 2}
  SARows_7: {'S7': 3, 'C7': 8, 'Z7': 1}

================================================================================
MEMORY CONSTRAINT VIOLATION DEBUG - Level: WRegister
================================================================================
Memory footprint: 816 bytes
Memory available: 200 bytes
Overflow: 616 bytes

Full architecture mapping:
  DRAM: P:540, Q:12, Y6:540, X6:12, Y5:540, X5:12, Y4:540, X4:12, Y3:540, X3:12, Y2:540, X2:12, Y1:540, X1:12, Y0:540, X0:12
  SACols: Q:80
  SARows: S7:3, C7:8
  SACols_6: X6:80
  SARows_6: C6:12, Z6:2
  SACols_5: X5:80
  SARows_5: S5:3, C5:6
  SACols_4: X4:80
  SARows_4: S4:3, C4:6
  SACols_3: X3:80
  SARows_3: S3:3, C3:6
  SACols_2: X2:80
  SARows_2: S2:3, C2:6
  SACols_1: X1:80
  SARows_1: C1:28
  SACols_0: X0:80
  SARows_0: S0:5, C0:3, Z0:2
  WRegister: C7:7, R7:3, C5:2, R5:3, C4:2, R4:3, C3:2, R3:3, C2:2, R2:3, C1:2, R0:5
  IntermediateRegister: Z6:28, Z5:12, Z4:12, Z3:12, Z2:12, Z1:12, Z0:28
  OutRegister: Z7:16
================================================================================

------ loading Accelergy for Eyeriss ------
[Constrained Eyeriss] 8 layers, tile_size=80
  DRAM: {'Q': 12, 'P': 540, 'X0': 12, 'Y0': 540, 'Z0': 1, 'C0': 1, 'R0': 1, 'S0': 1, 'X1': 12, 'Y1': 540, 'Z1': 1, 'C1': 1, 'R1': 1, 'S1': 1, 'X2': 12, 'Y2': 540, 'Z2': 1, 'C2': 1, 'R2': 1, 'S2': 1, 'X3': 12, 'Y3': 540, 'Z3': 1, 'C3': 1, 'R3': 1, 'S3': 1, 'X4': 12, 'Y4': 540, 'Z4': 1, 'C4': 1, 'R4': 1, 'S4': 1, 'X5': 12, 'Y5': 540, 'Z5': 1, 'C5': 1, 'R5': 1, 'S5': 1, 'X6': 12, 'Y6': 540, 'Z6': 1, 'C6': 1, 'R6': 1, 'S6': 1, 'Z7': 1, 'C7': 1, 'R7': 1, 'S7': 1}
  GlobalBuffer: {'Q': 1, 'P': 1, 'X0': 1, 'Y0': 1, 'Z0': 1, 'C0': 1, 'R0': 1, 'S0': 1, 'X1': 1, 'Y1': 1, 'Z1': 1, 'C1': 1, 'R1': 1, 'S1': 1, 'X2': 1, 'Y2': 1, 'Z2': 1, 'C2': 1, 'R2': 1, 'S2': 1, 'X3': 1, 'Y3': 1, 'Z3': 1, 'C3': 1, 'R3': 1, 'S3': 1, 'X4': 1, 'Y4': 1, 'Z4': 1, 'C4': 1, 'R4': 1, 'S4': 1, 'X5': 1, 'Y5': 1, 'Z5': 1, 'C5': 1, 'R5': 1, 'S5': 1, 'X6': 1, 'Y6': 1, 'Z6': 1, 'C6': 1, 'R6': 1, 'S6': 1, 'Z7': 1, 'C7': 1, 'R7': 1, 'S7': 1}
  SACols: {'Q': 80, 'Z7': 2}
  SARows_0: {'S0': 5, 'C0': 3, 'Z0': 2}
  SARows_1: {'S1': 1, 'C1': 28, 'Z1': 1}
  SARows_2: {'S2': 3, 'C2': 6, 'Z2': 1}
  SARows_3: {'S3': 3, 'C3': 6, 'Z3': 1}
  SARows_4: {'S4': 3, 'C4': 6, 'Z4': 1}
  SARows_5: {'S5': 3, 'C5': 6, 'Z5': 1}
  SARows_6: {'S6': 1, 'C6': 12, 'Z6': 2}
  SARows_7: {'S7': 3, 'C7': 8, 'Z7': 1}

================================================================================
MEMORY CONSTRAINT VIOLATION DEBUG - Level: WRegister
================================================================================
Memory footprint: 356 bytes
Memory available: 200 bytes
Overflow: 156 bytes

Full architecture mapping:
  DRAM: P:540, Q:12, Y6:540, X6:12, Y5:540, X5:12, Y4:540, X4:12, Y3:540, X3:12, Y2:540, X2:12, Y1:540, X1:12, Y0:540, X0:12
  SACols: Q:80, Z7:2
  SARows: S7:3, C7:8
  SACols_6: X6:80, Z6:2
  SARows_6: C6:12, Z6:2
  SACols_5: X5:80, Z5:3
  SARows_5: S5:3, C5:6
  SACols_4: X4:80, Z4:3
  SARows_4: S4:3, C4:6
  SACols_3: X3:80, Z3:3
  SARows_3: S3:3, C3:6
  SACols_2: X2:80, Z2:3
  SARows_2: S2:3, C2:6
  SACols_1: X1:80, Z1:3
  SARows_1: C1:28
  SACols_0: X0:80, Z0:2
  SARows_0: S0:5, C0:3, Z0:2
  WRegister: C7:7, R7:3, C5:2, R5:3, C4:2, R4:3, C3:2, R3:3, C2:2, R2:3, C1:2, R0:5
  IntermediateRegister: Z6:14, Z5:4, Z4:4, Z3:4, Z2:4, Z1:4, Z0:14
  OutRegister: Z7:8
================================================================================

------ loading Accelergy for Eyeriss ------
[Constrained Eyeriss] 8 layers, tile_size=80
  DRAM: {'Q': 12, 'P': 540, 'X0': 12, 'Y0': 540, 'Z0': 1, 'C0': 1, 'R0': 1, 'S0': 1, 'X1': 12, 'Y1': 540, 'Z1': 1, 'C1': 1, 'R1': 1, 'S1': 1, 'X2': 12, 'Y2': 540, 'Z2': 1, 'C2': 1, 'R2': 1, 'S2': 1, 'X3': 12, 'Y3': 540, 'Z3': 1, 'C3': 1, 'R3': 1, 'S3': 1, 'X4': 12, 'Y4': 540, 'Z4': 1, 'C4': 1, 'R4': 1, 'S4': 1, 'X5': 12, 'Y5': 540, 'Z5': 1, 'C5': 1, 'R5': 1, 'S5': 1, 'X6': 12, 'Y6': 540, 'Z6': 1, 'C6': 1, 'R6': 1, 'S6': 1, 'Z7': 1, 'C7': 1, 'R7': 1, 'S7': 1}
  GlobalBuffer: {'Q': 1, 'P': 1, 'X0': 1, 'Y0': 1, 'Z0': 1, 'C0': 1, 'R0': 1, 'S0': 1, 'X1': 1, 'Y1': 1, 'Z1': 1, 'C1': 1, 'R1': 1, 'S1': 1, 'X2': 1, 'Y2': 1, 'Z2': 1, 'C2': 1, 'R2': 1, 'S2': 1, 'X3': 1, 'Y3': 1, 'Z3': 1, 'C3': 1, 'R3': 1, 'S3': 1, 'X4': 1, 'Y4': 1, 'Z4': 1, 'C4': 1, 'R4': 1, 'S4': 1, 'X5': 1, 'Y5': 1, 'Z5': 1, 'C5': 1, 'R5': 1, 'S5': 1, 'X6': 1, 'Y6': 1, 'Z6': 1, 'C6': 1, 'R6': 1, 'S6': 1, 'Z7': 1, 'C7': 1, 'R7': 1, 'S7': 1}
  SACols: {'Q': 80, 'Z7': 4}
  SARows_0: {'S0': 5, 'C0': 3, 'Z0': 2}
  SARows_1: {'S1': 1, 'C1': 28, 'Z1': 1}
  SARows_2: {'S2': 3, 'C2': 6, 'Z2': 1}
  SARows_3: {'S3': 3, 'C3': 6, 'Z3': 1}
  SARows_4: {'S4': 3, 'C4': 6, 'Z4': 1}
  SARows_5: {'S5': 3, 'C5': 6, 'Z5': 1}
  SARows_6: {'S6': 1, 'C6': 12, 'Z6': 2}
  SARows_7: {'S7': 3, 'C7': 8, 'Z7': 1}

================================================================================
MEMORY CONSTRAINT VIOLATION DEBUG - Level: WRegister
================================================================================
Memory footprint: 204 bytes
Memory available: 200 bytes
Overflow: 4 bytes

Full architecture mapping:
  DRAM: P:540, Q:12, Y6:540, X6:12, Y5:540, X5:12, Y4:540, X4:12, Y3:540, X3:12, Y2:540, X2:12, Y1:540, X1:12, Y0:540, X0:12
  SACols: Q:80, Z7:4
  SARows: S7:3, C7:8
  SACols_6: X6:80, Z6:4
  SARows_6: C6:12, Z6:2
  SACols_5: X5:80, Z5:4
  SARows_5: S5:3, C5:6
  SACols_4: X4:80, Z4:4
  SARows_4: S4:3, C4:6
  SACols_3: X3:80, Z3:4
  SARows_3: S3:3, C3:6
  SACols_2: X2:80, Z2:4
  SARows_2: S2:3, C2:6
  SACols_1: X1:80, Z1:4
  SARows_1: C1:28
  SACols_0: X0:80, Z0:4
  SARows_0: S0:5, C0:3, Z0:2
  WRegister: C7:7, R7:3, C5:2, R5:3, C4:2, R4:3, C3:2, R3:3, C2:2, R2:3, C1:2, R0:5
  IntermediateRegister: Z6:7, Z5:3, Z4:3, Z3:3, Z2:3, Z1:3, Z0:7
  OutRegister: Z7:4
================================================================================

------ loading Accelergy for Eyeriss ------
[Constrained Eyeriss] 8 layers, tile_size=80
  DRAM: {'Q': 12, 'P': 540, 'X0': 12, 'Y0': 540, 'Z0': 1, 'C0': 1, 'R0': 1, 'S0': 1, 'X1': 12, 'Y1': 540, 'Z1': 1, 'C1': 1, 'R1': 1, 'S1': 1, 'X2': 12, 'Y2': 540, 'Z2': 1, 'C2': 1, 'R2': 1, 'S2': 1, 'X3': 12, 'Y3': 540, 'Z3': 1, 'C3': 1, 'R3': 1, 'S3': 1, 'X4': 12, 'Y4': 540, 'Z4': 1, 'C4': 1, 'R4': 1, 'S4': 1, 'X5': 12, 'Y5': 540, 'Z5': 1, 'C5': 1, 'R5': 1, 'S5': 1, 'X6': 12, 'Y6': 540, 'Z6': 1, 'C6': 1, 'R6': 1, 'S6': 1, 'Z7': 1, 'C7': 1, 'R7': 1, 'S7': 1}
  GlobalBuffer: {'Q': 1, 'P': 1, 'X0': 1, 'Y0': 1, 'Z0': 1, 'C0': 1, 'R0': 1, 'S0': 1, 'X1': 1, 'Y1': 1, 'Z1': 1, 'C1': 1, 'R1': 1, 'S1': 1, 'X2': 1, 'Y2': 1, 'Z2': 1, 'C2': 1, 'R2': 1, 'S2': 1, 'X3': 1, 'Y3': 1, 'Z3': 1, 'C3': 1, 'R3': 1, 'S3': 1, 'X4': 1, 'Y4': 1, 'Z4': 1, 'C4': 1, 'R4': 1, 'S4': 1, 'X5': 1, 'Y5': 1, 'Z5': 1, 'C5': 1, 'R5': 1, 'S5': 1, 'X6': 1, 'Y6': 1, 'Z6': 1, 'C6': 1, 'R6': 1, 'S6': 1, 'Z7': 1, 'C7': 1, 'R7': 1, 'S7': 1}
  SACols: {'Q': 80, 'Z7': 4}
  SARows_0: {'S0': 5, 'C0': 3, 'Z0': 2}
  SARows_1: {'S1': 1, 'C1': 28, 'Z1': 1}
  SARows_2: {'S2': 3, 'C2': 6, 'Z2': 1}
  SARows_3: {'S3': 3, 'C3': 6, 'Z3': 1}
  SARows_4: {'S4': 3, 'C4': 6, 'Z4': 1}
  SARows_5: {'S5': 3, 'C5': 6, 'Z5': 1}
  SARows_6: {'S6': 1, 'C6': 12, 'Z6': 2}
  SARows_7: {'S7': 3, 'C7': 8, 'Z7': 1}
------ loading Accelergy for Eyeriss ------
[Constrained Eyeriss] 8 layers, tile_size=80
  DRAM: {'Q': 12, 'P': 540, 'X0': 12, 'Y0': 540, 'Z0': 1, 'C0': 1, 'R0': 1, 'S0': 1, 'X1': 12, 'Y1': 540, 'Z1': 1, 'C1': 1, 'R1': 1, 'S1': 1, 'X2': 12, 'Y2': 540, 'Z2': 1, 'C2': 1, 'R2': 1, 'S2': 1, 'X3': 12, 'Y3': 540, 'Z3': 1, 'C3': 1, 'R3': 1, 'S3': 1, 'X4': 12, 'Y4': 540, 'Z4': 1, 'C4': 1, 'R4': 1, 'S4': 1, 'X5': 12, 'Y5': 540, 'Z5': 1, 'C5': 1, 'R5': 1, 'S5': 1, 'X6': 12, 'Y6': 540, 'Z6': 1, 'C6': 1, 'R6': 1, 'S6': 1, 'Z7': 1, 'C7': 1, 'R7': 1, 'S7': 1}
  GlobalBuffer: {'Q': 20, 'P': 1, 'X0': 20, 'Y0': 1, 'Z0': 1, 'C0': 1, 'R0': 1, 'S0': 1, 'X1': 20, 'Y1': 1, 'Z1': 1, 'C1': 1, 'R1': 1, 'S1': 1, 'X2': 20, 'Y2': 1, 'Z2': 1, 'C2': 1, 'R2': 1, 'S2': 1, 'X3': 20, 'Y3': 1, 'Z3': 1, 'C3': 1, 'R3': 1, 'S3': 1, 'X4': 20, 'Y4': 1, 'Z4': 1, 'C4': 1, 'R4': 1, 'S4': 1, 'X5': 20, 'Y5': 1, 'Z5': 1, 'C5': 1, 'R5': 1, 'S5': 1, 'X6': 20, 'Y6': 1, 'Z6': 1, 'C6': 1, 'R6': 1, 'S6': 1, 'Z7': 1, 'C7': 1, 'R7': 1, 'S7': 1}
  SACols: {'Q': 4, 'Z7': 1}
  SARows_0: {'S0': 5, 'C0': 3, 'Z0': 4}
  SARows_1: {'S1': 1, 'C1': 56, 'Z1': 1}
  SARows_2: {'S2': 3, 'C2': 12, 'Z2': 1}
  SARows_3: {'S3': 3, 'C3': 12, 'Z3': 1}
  SARows_4: {'S4': 3, 'C4': 12, 'Z4': 1}
  SARows_5: {'S5': 3, 'C5': 12, 'Z5': 1}
  SARows_6: {'S6': 1, 'C6': 12, 'Z6': 4}
  SARows_7: {'S7': 3, 'C7': 14, 'Z7': 1}

================================================================================
MEMORY CONSTRAINT VIOLATION DEBUG - Level: WRegister
================================================================================
Memory footprint: 432 bytes
Memory available: 200 bytes
Overflow: 232 bytes

Full architecture mapping:
  DRAM: P:540, Q:12, Y6:540, X6:12, Y5:540, X5:12, Y4:540, X4:12, Y3:540, X3:12, Y2:540, X2:12, Y1:540, X1:12, Y0:540, X0:12
  GlobalBuffer: Q:20, X6:20, X5:20, X4:20, X3:20, X2:20, X1:20, X0:20
  SACols: Q:4
  SARows: S7:3, C7:14
  SACols_6: X6:4
  SARows_6: C6:12, Z6:4
  SACols_5: X5:4
  SARows_5: S5:3, C5:12
  SACols_4: X4:4
  SARows_4: S4:3, C4:12
  SACols_3: X3:4
  SARows_3: S3:3, C3:12
  SACols_2: X2:4
  SARows_2: S2:3, C2:12
  SACols_1: X1:4
  SARows_1: C1:56
  SACols_0: X0:4
  SARows_0: S0:5, C0:3, Z0:4
  WRegister: C7:4, R7:3, R5:3, R4:3, R3:3, R2:3, R0:5
  IntermediateRegister: Z6:14, Z5:12, Z4:12, Z3:12, Z2:12, Z1:12, Z0:14
  OutRegister: Z7:16
================================================================================

------ loading Accelergy for Eyeriss ------
[Constrained Eyeriss] 8 layers, tile_size=80
  DRAM: {'Q': 12, 'P': 540, 'X0': 12, 'Y0': 540, 'Z0': 1, 'C0': 1, 'R0': 1, 'S0': 1, 'X1': 12, 'Y1': 540, 'Z1': 1, 'C1': 1, 'R1': 1, 'S1': 1, 'X2': 12, 'Y2': 540, 'Z2': 1, 'C2': 1, 'R2': 1, 'S2': 1, 'X3': 12, 'Y3': 540, 'Z3': 1, 'C3': 1, 'R3': 1, 'S3': 1, 'X4': 12, 'Y4': 540, 'Z4': 1, 'C4': 1, 'R4': 1, 'S4': 1, 'X5': 12, 'Y5': 540, 'Z5': 1, 'C5': 1, 'R5': 1, 'S5': 1, 'X6': 12, 'Y6': 540, 'Z6': 1, 'C6': 1, 'R6': 1, 'S6': 1, 'Z7': 1, 'C7': 1, 'R7': 1, 'S7': 1}
  GlobalBuffer: {'Q': 10, 'P': 1, 'X0': 10, 'Y0': 1, 'Z0': 1, 'C0': 1, 'R0': 1, 'S0': 1, 'X1': 10, 'Y1': 1, 'Z1': 1, 'C1': 1, 'R1': 1, 'S1': 1, 'X2': 10, 'Y2': 1, 'Z2': 1, 'C2': 1, 'R2': 1, 'S2': 1, 'X3': 10, 'Y3': 1, 'Z3': 1, 'C3': 1, 'R3': 1, 'S3': 1, 'X4': 10, 'Y4': 1, 'Z4': 1, 'C4': 1, 'R4': 1, 'S4': 1, 'X5': 10, 'Y5': 1, 'Z5': 1, 'C5': 1, 'R5': 1, 'S5': 1, 'X6': 10, 'Y6': 1, 'Z6': 1, 'C6': 1, 'R6': 1, 'S6': 1, 'Z7': 1, 'C7': 1, 'R7': 1, 'S7': 1}
  SACols: {'Q': 8, 'Z7': 1}
  SARows_0: {'S0': 5, 'C0': 3, 'Z0': 4}
  SARows_1: {'S1': 1, 'C1': 56, 'Z1': 1}
  SARows_2: {'S2': 3, 'C2': 12, 'Z2': 1}
  SARows_3: {'S3': 3, 'C3': 12, 'Z3': 1}
  SARows_4: {'S4': 3, 'C4': 12, 'Z4': 1}
  SARows_5: {'S5': 3, 'C5': 12, 'Z5': 1}
  SARows_6: {'S6': 1, 'C6': 12, 'Z6': 4}
  SARows_7: {'S7': 3, 'C7': 14, 'Z7': 1}

================================================================================
MEMORY CONSTRAINT VIOLATION DEBUG - Level: WRegister
================================================================================
Memory footprint: 432 bytes
Memory available: 200 bytes
Overflow: 232 bytes

Full architecture mapping:
  DRAM: P:540, Q:12, Y6:540, X6:12, Y5:540, X5:12, Y4:540, X4:12, Y3:540, X3:12, Y2:540, X2:12, Y1:540, X1:12, Y0:540, X0:12
  GlobalBuffer: Q:10, X6:10, X5:10, X4:10, X3:10, X2:10, X1:10, X0:10
  SACols: Q:8
  SARows: S7:3, C7:14
  SACols_6: X6:8
  SARows_6: C6:12, Z6:4
  SACols_5: X5:8
  SARows_5: S5:3, C5:12
  SACols_4: X4:8
  SARows_4: S4:3, C4:12
  SACols_3: X3:8
  SARows_3: S3:3, C3:12
  SACols_2: X2:8
  SARows_2: S2:3, C2:12
  SACols_1: X1:8
  SARows_1: C1:56
  SACols_0: X0:8
  SARows_0: S0:5, C0:3, Z0:4
  WRegister: C7:4, R7:3, R5:3, R4:3, R3:3, R2:3, R0:5
  IntermediateRegister: Z6:14, Z5:12, Z4:12, Z3:12, Z2:12, Z1:12, Z0:14
  OutRegister: Z7:16
================================================================================

------ loading Accelergy for Eyeriss ------
[Constrained Eyeriss] 8 layers, tile_size=80
  DRAM: {'Q': 12, 'P': 540, 'X0': 12, 'Y0': 540, 'Z0': 1, 'C0': 1, 'R0': 1, 'S0': 1, 'X1': 12, 'Y1': 540, 'Z1': 1, 'C1': 1, 'R1': 1, 'S1': 1, 'X2': 12, 'Y2': 540, 'Z2': 1, 'C2': 1, 'R2': 1, 'S2': 1, 'X3': 12, 'Y3': 540, 'Z3': 1, 'C3': 1, 'R3': 1, 'S3': 1, 'X4': 12, 'Y4': 540, 'Z4': 1, 'C4': 1, 'R4': 1, 'S4': 1, 'X5': 12, 'Y5': 540, 'Z5': 1, 'C5': 1, 'R5': 1, 'S5': 1, 'X6': 12, 'Y6': 540, 'Z6': 1, 'C6': 1, 'R6': 1, 'S6': 1, 'Z7': 1, 'C7': 1, 'R7': 1, 'S7': 1}
  GlobalBuffer: {'Q': 8, 'P': 1, 'X0': 8, 'Y0': 1, 'Z0': 1, 'C0': 1, 'R0': 1, 'S0': 1, 'X1': 8, 'Y1': 1, 'Z1': 1, 'C1': 1, 'R1': 1, 'S1': 1, 'X2': 8, 'Y2': 1, 'Z2': 1, 'C2': 1, 'R2': 1, 'S2': 1, 'X3': 8, 'Y3': 1, 'Z3': 1, 'C3': 1, 'R3': 1, 'S3': 1, 'X4': 8, 'Y4': 1, 'Z4': 1, 'C4': 1, 'R4': 1, 'S4': 1, 'X5': 8, 'Y5': 1, 'Z5': 1, 'C5': 1, 'R5': 1, 'S5': 1, 'X6': 8, 'Y6': 1, 'Z6': 1, 'C6': 1, 'R6': 1, 'S6': 1, 'Z7': 1, 'C7': 1, 'R7': 1, 'S7': 1}
  SACols: {'Q': 10, 'Z7': 1}
  SARows_0: {'S0': 5, 'C0': 3, 'Z0': 4}
  SARows_1: {'S1': 1, 'C1': 56, 'Z1': 1}
  SARows_2: {'S2': 3, 'C2': 12, 'Z2': 1}
  SARows_3: {'S3': 3, 'C3': 12, 'Z3': 1}
  SARows_4: {'S4': 3, 'C4': 12, 'Z4': 1}
  SARows_5: {'S5': 3, 'C5': 12, 'Z5': 1}
  SARows_6: {'S6': 1, 'C6': 12, 'Z6': 4}
  SARows_7: {'S7': 3, 'C7': 14, 'Z7': 1}

================================================================================
MEMORY CONSTRAINT VIOLATION DEBUG - Level: WRegister
================================================================================
Memory footprint: 432 bytes
Memory available: 200 bytes
Overflow: 232 bytes

Full architecture mapping:
  DRAM: P:540, Q:12, Y6:540, X6:12, Y5:540, X5:12, Y4:540, X4:12, Y3:540, X3:12, Y2:540, X2:12, Y1:540, X1:12, Y0:540, X0:12
  GlobalBuffer: Q:8, X6:8, X5:8, X4:8, X3:8, X2:8, X1:8, X0:8
  SACols: Q:10
  SARows: S7:3, C7:14
  SACols_6: X6:10
  SARows_6: C6:12, Z6:4
  SACols_5: X5:10
  SARows_5: S5:3, C5:12
  SACols_4: X4:10
  SARows_4: S4:3, C4:12
  SACols_3: X3:10
  SARows_3: S3:3, C3:12
  SACols_2: X2:10
  SARows_2: S2:3, C2:12
  SACols_1: X1:10
  SARows_1: C1:56
  SACols_0: X0:10
  SARows_0: S0:5, C0:3, Z0:4
  WRegister: C7:4, R7:3, R5:3, R4:3, R3:3, R2:3, R0:5
  IntermediateRegister: Z6:14, Z5:12, Z4:12, Z3:12, Z2:12, Z1:12, Z0:14
  OutRegister: Z7:16
================================================================================

------ loading Accelergy for Eyeriss ------
[Constrained Eyeriss] 8 layers, tile_size=80
  DRAM: {'Q': 12, 'P': 540, 'X0': 12, 'Y0': 540, 'Z0': 1, 'C0': 1, 'R0': 1, 'S0': 1, 'X1': 12, 'Y1': 540, 'Z1': 1, 'C1': 1, 'R1': 1, 'S1': 1, 'X2': 12, 'Y2': 540, 'Z2': 1, 'C2': 1, 'R2': 1, 'S2': 1, 'X3': 12, 'Y3': 540, 'Z3': 1, 'C3': 1, 'R3': 1, 'S3': 1, 'X4': 12, 'Y4': 540, 'Z4': 1, 'C4': 1, 'R4': 1, 'S4': 1, 'X5': 12, 'Y5': 540, 'Z5': 1, 'C5': 1, 'R5': 1, 'S5': 1, 'X6': 12, 'Y6': 540, 'Z6': 1, 'C6': 1, 'R6': 1, 'S6': 1, 'Z7': 1, 'C7': 1, 'R7': 1, 'S7': 1}
  GlobalBuffer: {'Q': 5, 'P': 1, 'X0': 5, 'Y0': 1, 'Z0': 1, 'C0': 1, 'R0': 1, 'S0': 1, 'X1': 5, 'Y1': 1, 'Z1': 1, 'C1': 1, 'R1': 1, 'S1': 1, 'X2': 5, 'Y2': 1, 'Z2': 1, 'C2': 1, 'R2': 1, 'S2': 1, 'X3': 5, 'Y3': 1, 'Z3': 1, 'C3': 1, 'R3': 1, 'S3': 1, 'X4': 5, 'Y4': 1, 'Z4': 1, 'C4': 1, 'R4': 1, 'S4': 1, 'X5': 5, 'Y5': 1, 'Z5': 1, 'C5': 1, 'R5': 1, 'S5': 1, 'X6': 5, 'Y6': 1, 'Z6': 1, 'C6': 1, 'R6': 1, 'S6': 1, 'Z7': 1, 'C7': 1, 'R7': 1, 'S7': 1}
  SACols: {'Q': 16, 'Z7': 1}
  SARows_0: {'S0': 5, 'C0': 3, 'Z0': 4}
  SARows_1: {'S1': 1, 'C1': 56, 'Z1': 1}
  SARows_2: {'S2': 3, 'C2': 12, 'Z2': 1}
  SARows_3: {'S3': 3, 'C3': 12, 'Z3': 1}
  SARows_4: {'S4': 3, 'C4': 12, 'Z4': 1}
  SARows_5: {'S5': 3, 'C5': 12, 'Z5': 1}
  SARows_6: {'S6': 1, 'C6': 12, 'Z6': 4}
  SARows_7: {'S7': 3, 'C7': 14, 'Z7': 1}

================================================================================
MEMORY CONSTRAINT VIOLATION DEBUG - Level: WRegister
================================================================================
Memory footprint: 432 bytes
Memory available: 200 bytes
Overflow: 232 bytes

Full architecture mapping:
  DRAM: P:540, Q:12, Y6:540, X6:12, Y5:540, X5:12, Y4:540, X4:12, Y3:540, X3:12, Y2:540, X2:12, Y1:540, X1:12, Y0:540, X0:12
  GlobalBuffer: Q:5, X6:5, X5:5, X4:5, X3:5, X2:5, X1:5, X0:5
  SACols: Q:16
  SARows: S7:3, C7:14
  SACols_6: X6:16
  SARows_6: C6:12, Z6:4
  SACols_5: X5:16
  SARows_5: S5:3, C5:12
  SACols_4: X4:16
  SARows_4: S4:3, C4:12
  SACols_3: X3:16
  SARows_3: S3:3, C3:12
  SACols_2: X2:16
  SARows_2: S2:3, C2:12
  SACols_1: X1:16
  SARows_1: C1:56
  SACols_0: X0:16
  SARows_0: S0:5, C0:3, Z0:4
  WRegister: C7:4, R7:3, R5:3, R4:3, R3:3, R2:3, R0:5
  IntermediateRegister: Z6:14, Z5:12, Z4:12, Z3:12, Z2:12, Z1:12, Z0:14
  OutRegister: Z7:16
================================================================================

------ loading Accelergy for Eyeriss ------
[Constrained Eyeriss] 8 layers, tile_size=80
  DRAM: {'Q': 12, 'P': 540, 'X0': 12, 'Y0': 540, 'Z0': 1, 'C0': 1, 'R0': 1, 'S0': 1, 'X1': 12, 'Y1': 540, 'Z1': 1, 'C1': 1, 'R1': 1, 'S1': 1, 'X2': 12, 'Y2': 540, 'Z2': 1, 'C2': 1, 'R2': 1, 'S2': 1, 'X3': 12, 'Y3': 540, 'Z3': 1, 'C3': 1, 'R3': 1, 'S3': 1, 'X4': 12, 'Y4': 540, 'Z4': 1, 'C4': 1, 'R4': 1, 'S4': 1, 'X5': 12, 'Y5': 540, 'Z5': 1, 'C5': 1, 'R5': 1, 'S5': 1, 'X6': 12, 'Y6': 540, 'Z6': 1, 'C6': 1, 'R6': 1, 'S6': 1, 'Z7': 1, 'C7': 1, 'R7': 1, 'S7': 1}
  GlobalBuffer: {'Q': 4, 'P': 1, 'X0': 4, 'Y0': 1, 'Z0': 1, 'C0': 1, 'R0': 1, 'S0': 1, 'X1': 4, 'Y1': 1, 'Z1': 1, 'C1': 1, 'R1': 1, 'S1': 1, 'X2': 4, 'Y2': 1, 'Z2': 1, 'C2': 1, 'R2': 1, 'S2': 1, 'X3': 4, 'Y3': 1, 'Z3': 1, 'C3': 1, 'R3': 1, 'S3': 1, 'X4': 4, 'Y4': 1, 'Z4': 1, 'C4': 1, 'R4': 1, 'S4': 1, 'X5': 4, 'Y5': 1, 'Z5': 1, 'C5': 1, 'R5': 1, 'S5': 1, 'X6': 4, 'Y6': 1, 'Z6': 1, 'C6': 1, 'R6': 1, 'S6': 1, 'Z7': 1, 'C7': 1, 'R7': 1, 'S7': 1}
  SACols: {'Q': 20, 'Z7': 1}
  SARows_0: {'S0': 5, 'C0': 3, 'Z0': 4}
  SARows_1: {'S1': 1, 'C1': 56, 'Z1': 1}
  SARows_2: {'S2': 3, 'C2': 12, 'Z2': 1}
  SARows_3: {'S3': 3, 'C3': 12, 'Z3': 1}
  SARows_4: {'S4': 3, 'C4': 12, 'Z4': 1}
  SARows_5: {'S5': 3, 'C5': 12, 'Z5': 1}
  SARows_6: {'S6': 1, 'C6': 12, 'Z6': 4}
  SARows_7: {'S7': 3, 'C7': 14, 'Z7': 1}

================================================================================
MEMORY CONSTRAINT VIOLATION DEBUG - Level: WRegister
================================================================================
Memory footprint: 432 bytes
Memory available: 200 bytes
Overflow: 232 bytes

Full architecture mapping:
  DRAM: P:540, Q:12, Y6:540, X6:12, Y5:540, X5:12, Y4:540, X4:12, Y3:540, X3:12, Y2:540, X2:12, Y1:540, X1:12, Y0:540, X0:12
  GlobalBuffer: Q:4, X6:4, X5:4, X4:4, X3:4, X2:4, X1:4, X0:4
  SACols: Q:20
  SARows: S7:3, C7:14
  SACols_6: X6:20
  SARows_6: C6:12, Z6:4
  SACols_5: X5:20
  SARows_5: S5:3, C5:12
  SACols_4: X4:20
  SARows_4: S4:3, C4:12
  SACols_3: X3:20
  SARows_3: S3:3, C3:12
  SACols_2: X2:20
  SARows_2: S2:3, C2:12
  SACols_1: X1:20
  SARows_1: C1:56
  SACols_0: X0:20
  SARows_0: S0:5, C0:3, Z0:4
  WRegister: C7:4, R7:3, R5:3, R4:3, R3:3, R2:3, R0:5
  IntermediateRegister: Z6:14, Z5:12, Z4:12, Z3:12, Z2:12, Z1:12, Z0:14
  OutRegister: Z7:16
================================================================================

------ loading Accelergy for Eyeriss ------
[Constrained Eyeriss] 8 layers, tile_size=80
  DRAM: {'Q': 12, 'P': 540, 'X0': 12, 'Y0': 540, 'Z0': 1, 'C0': 1, 'R0': 1, 'S0': 1, 'X1': 12, 'Y1': 540, 'Z1': 1, 'C1': 1, 'R1': 1, 'S1': 1, 'X2': 12, 'Y2': 540, 'Z2': 1, 'C2': 1, 'R2': 1, 'S2': 1, 'X3': 12, 'Y3': 540, 'Z3': 1, 'C3': 1, 'R3': 1, 'S3': 1, 'X4': 12, 'Y4': 540, 'Z4': 1, 'C4': 1, 'R4': 1, 'S4': 1, 'X5': 12, 'Y5': 540, 'Z5': 1, 'C5': 1, 'R5': 1, 'S5': 1, 'X6': 12, 'Y6': 540, 'Z6': 1, 'C6': 1, 'R6': 1, 'S6': 1, 'Z7': 1, 'C7': 1, 'R7': 1, 'S7': 1}
  GlobalBuffer: {'Q': 2, 'P': 1, 'X0': 2, 'Y0': 1, 'Z0': 1, 'C0': 1, 'R0': 1, 'S0': 1, 'X1': 2, 'Y1': 1, 'Z1': 1, 'C1': 1, 'R1': 1, 'S1': 1, 'X2': 2, 'Y2': 1, 'Z2': 1, 'C2': 1, 'R2': 1, 'S2': 1, 'X3': 2, 'Y3': 1, 'Z3': 1, 'C3': 1, 'R3': 1, 'S3': 1, 'X4': 2, 'Y4': 1, 'Z4': 1, 'C4': 1, 'R4': 1, 'S4': 1, 'X5': 2, 'Y5': 1, 'Z5': 1, 'C5': 1, 'R5': 1, 'S5': 1, 'X6': 2, 'Y6': 1, 'Z6': 1, 'C6': 1, 'R6': 1, 'S6': 1, 'Z7': 1, 'C7': 1, 'R7': 1, 'S7': 1}
  SACols: {'Q': 40, 'Z7': 1}
  SARows_0: {'S0': 5, 'C0': 3, 'Z0': 4}
  SARows_1: {'S1': 1, 'C1': 56, 'Z1': 1}
  SARows_2: {'S2': 3, 'C2': 12, 'Z2': 1}
  SARows_3: {'S3': 3, 'C3': 12, 'Z3': 1}
  SARows_4: {'S4': 3, 'C4': 12, 'Z4': 1}
  SARows_5: {'S5': 3, 'C5': 12, 'Z5': 1}
  SARows_6: {'S6': 1, 'C6': 12, 'Z6': 4}
  SARows_7: {'S7': 3, 'C7': 14, 'Z7': 1}

================================================================================
MEMORY CONSTRAINT VIOLATION DEBUG - Level: WRegister
================================================================================
Memory footprint: 432 bytes
Memory available: 200 bytes
Overflow: 232 bytes

Full architecture mapping:
  DRAM: P:540, Q:12, Y6:540, X6:12, Y5:540, X5:12, Y4:540, X4:12, Y3:540, X3:12, Y2:540, X2:12, Y1:540, X1:12, Y0:540, X0:12
  GlobalBuffer: Q:2, X6:2, X5:2, X4:2, X3:2, X2:2, X1:2, X0:2
  SACols: Q:40
  SARows: S7:3, C7:14
  SACols_6: X6:40
  SARows_6: C6:12, Z6:4
  SACols_5: X5:40
  SARows_5: S5:3, C5:12
  SACols_4: X4:40
  SARows_4: S4:3, C4:12
  SACols_3: X3:40
  SARows_3: S3:3, C3:12
  SACols_2: X2:40
  SARows_2: S2:3, C2:12
  SACols_1: X1:40
  SARows_1: C1:56
  SACols_0: X0:40
  SARows_0: S0:5, C0:3, Z0:4
  WRegister: C7:4, R7:3, R5:3, R4:3, R3:3, R2:3, R0:5
  IntermediateRegister: Z6:14, Z5:12, Z4:12, Z3:12, Z2:12, Z1:12, Z0:14
  OutRegister: Z7:16
================================================================================

------ loading Accelergy for Eyeriss ------
[Constrained Eyeriss] 8 layers, tile_size=80
  DRAM: {'Q': 12, 'P': 540, 'X0': 12, 'Y0': 540, 'Z0': 1, 'C0': 1, 'R0': 1, 'S0': 1, 'X1': 12, 'Y1': 540, 'Z1': 1, 'C1': 1, 'R1': 1, 'S1': 1, 'X2': 12, 'Y2': 540, 'Z2': 1, 'C2': 1, 'R2': 1, 'S2': 1, 'X3': 12, 'Y3': 540, 'Z3': 1, 'C3': 1, 'R3': 1, 'S3': 1, 'X4': 12, 'Y4': 540, 'Z4': 1, 'C4': 1, 'R4': 1, 'S4': 1, 'X5': 12, 'Y5': 540, 'Z5': 1, 'C5': 1, 'R5': 1, 'S5': 1, 'X6': 12, 'Y6': 540, 'Z6': 1, 'C6': 1, 'R6': 1, 'S6': 1, 'Z7': 1, 'C7': 1, 'R7': 1, 'S7': 1}
  GlobalBuffer: {'Q': 1, 'P': 1, 'X0': 1, 'Y0': 1, 'Z0': 1, 'C0': 1, 'R0': 1, 'S0': 1, 'X1': 1, 'Y1': 1, 'Z1': 1, 'C1': 1, 'R1': 1, 'S1': 1, 'X2': 1, 'Y2': 1, 'Z2': 1, 'C2': 1, 'R2': 1, 'S2': 1, 'X3': 1, 'Y3': 1, 'Z3': 1, 'C3': 1, 'R3': 1, 'S3': 1, 'X4': 1, 'Y4': 1, 'Z4': 1, 'C4': 1, 'R4': 1, 'S4': 1, 'X5': 1, 'Y5': 1, 'Z5': 1, 'C5': 1, 'R5': 1, 'S5': 1, 'X6': 1, 'Y6': 1, 'Z6': 1, 'C6': 1, 'R6': 1, 'S6': 1, 'Z7': 1, 'C7': 1, 'R7': 1, 'S7': 1}
  SACols: {'Q': 80, 'Z7': 1}
  SARows_0: {'S0': 5, 'C0': 3, 'Z0': 4}
  SARows_1: {'S1': 1, 'C1': 56, 'Z1': 1}
  SARows_2: {'S2': 3, 'C2': 12, 'Z2': 1}
  SARows_3: {'S3': 3, 'C3': 12, 'Z3': 1}
  SARows_4: {'S4': 3, 'C4': 12, 'Z4': 1}
  SARows_5: {'S5': 3, 'C5': 12, 'Z5': 1}
  SARows_6: {'S6': 1, 'C6': 12, 'Z6': 4}
  SARows_7: {'S7': 3, 'C7': 14, 'Z7': 1}

================================================================================
MEMORY CONSTRAINT VIOLATION DEBUG - Level: WRegister
================================================================================
Memory footprint: 432 bytes
Memory available: 200 bytes
Overflow: 232 bytes

Full architecture mapping:
  DRAM: P:540, Q:12, Y6:540, X6:12, Y5:540, X5:12, Y4:540, X4:12, Y3:540, X3:12, Y2:540, X2:12, Y1:540, X1:12, Y0:540, X0:12
  SACols: Q:80
  SARows: S7:3, C7:14
  SACols_6: X6:80
  SARows_6: C6:12, Z6:4
  SACols_5: X5:80
  SARows_5: S5:3, C5:12
  SACols_4: X4:80
  SARows_4: S4:3, C4:12
  SACols_3: X3:80
  SARows_3: S3:3, C3:12
  SACols_2: X2:80
  SARows_2: S2:3, C2:12
  SACols_1: X1:80
  SARows_1: C1:56
  SACols_0: X0:80
  SARows_0: S0:5, C0:3, Z0:4
  WRegister: C7:4, R7:3, R5:3, R4:3, R3:3, R2:3, R0:5
  IntermediateRegister: Z6:14, Z5:12, Z4:12, Z3:12, Z2:12, Z1:12, Z0:14
  OutRegister: Z7:16
================================================================================

------ loading Accelergy for Eyeriss ------
[Constrained Eyeriss] 8 layers, tile_size=80
  DRAM: {'Q': 12, 'P': 540, 'X0': 12, 'Y0': 540, 'Z0': 1, 'C0': 1, 'R0': 1, 'S0': 1, 'X1': 12, 'Y1': 540, 'Z1': 1, 'C1': 1, 'R1': 1, 'S1': 1, 'X2': 12, 'Y2': 540, 'Z2': 1, 'C2': 1, 'R2': 1, 'S2': 1, 'X3': 12, 'Y3': 540, 'Z3': 1, 'C3': 1, 'R3': 1, 'S3': 1, 'X4': 12, 'Y4': 540, 'Z4': 1, 'C4': 1, 'R4': 1, 'S4': 1, 'X5': 12, 'Y5': 540, 'Z5': 1, 'C5': 1, 'R5': 1, 'S5': 1, 'X6': 12, 'Y6': 540, 'Z6': 1, 'C6': 1, 'R6': 1, 'S6': 1, 'Z7': 1, 'C7': 1, 'R7': 1, 'S7': 1}
  GlobalBuffer: {'Q': 1, 'P': 1, 'X0': 1, 'Y0': 1, 'Z0': 1, 'C0': 1, 'R0': 1, 'S0': 1, 'X1': 1, 'Y1': 1, 'Z1': 1, 'C1': 1, 'R1': 1, 'S1': 1, 'X2': 1, 'Y2': 1, 'Z2': 1, 'C2': 1, 'R2': 1, 'S2': 1, 'X3': 1, 'Y3': 1, 'Z3': 1, 'C3': 1, 'R3': 1, 'S3': 1, 'X4': 1, 'Y4': 1, 'Z4': 1, 'C4': 1, 'R4': 1, 'S4': 1, 'X5': 1, 'Y5': 1, 'Z5': 1, 'C5': 1, 'R5': 1, 'S5': 1, 'X6': 1, 'Y6': 1, 'Z6': 1, 'C6': 1, 'R6': 1, 'S6': 1, 'Z7': 1, 'C7': 1, 'R7': 1, 'S7': 1}
  SACols: {'Q': 80, 'Z7': 1}
  SARows_0: {'S0': 5, 'C0': 3, 'Z0': 4}
  SARows_1: {'S1': 1, 'C1': 56, 'Z1': 1}
  SARows_2: {'S2': 3, 'C2': 12, 'Z2': 1}
  SARows_3: {'S3': 3, 'C3': 12, 'Z3': 1}
  SARows_4: {'S4': 3, 'C4': 12, 'Z4': 1}
  SARows_5: {'S5': 3, 'C5': 12, 'Z5': 1}
  SARows_6: {'S6': 1, 'C6': 12, 'Z6': 4}
  SARows_7: {'S7': 3, 'C7': 14, 'Z7': 1}

================================================================================
MEMORY CONSTRAINT VIOLATION DEBUG - Level: WRegister
================================================================================
Memory footprint: 432 bytes
Memory available: 200 bytes
Overflow: 232 bytes

Full architecture mapping:
  DRAM: P:540, Q:12, Y6:540, X6:12, Y5:540, X5:12, Y4:540, X4:12, Y3:540, X3:12, Y2:540, X2:12, Y1:540, X1:12, Y0:540, X0:12
  SACols: Q:80
  SARows: S7:3, C7:14
  SACols_6: X6:80
  SARows_6: C6:12, Z6:4
  SACols_5: X5:80
  SARows_5: S5:3, C5:12
  SACols_4: X4:80
  SARows_4: S4:3, C4:12
  SACols_3: X3:80
  SARows_3: S3:3, C3:12
  SACols_2: X2:80
  SARows_2: S2:3, C2:12
  SACols_1: X1:80
  SARows_1: C1:56
  SACols_0: X0:80
  SARows_0: S0:5, C0:3, Z0:4
  WRegister: C7:4, R7:3, R5:3, R4:3, R3:3, R2:3, R0:5
  IntermediateRegister: Z6:14, Z5:12, Z4:12, Z3:12, Z2:12, Z1:12, Z0:14
  OutRegister: Z7:16
================================================================================

------ loading Accelergy for Eyeriss ------
[Constrained Eyeriss] 8 layers, tile_size=80
  DRAM: {'Q': 12, 'P': 540, 'X0': 12, 'Y0': 540, 'Z0': 1, 'C0': 1, 'R0': 1, 'S0': 1, 'X1': 12, 'Y1': 540, 'Z1': 1, 'C1': 1, 'R1': 1, 'S1': 1, 'X2': 12, 'Y2': 540, 'Z2': 1, 'C2': 1, 'R2': 1, 'S2': 1, 'X3': 12, 'Y3': 540, 'Z3': 1, 'C3': 1, 'R3': 1, 'S3': 1, 'X4': 12, 'Y4': 540, 'Z4': 1, 'C4': 1, 'R4': 1, 'S4': 1, 'X5': 12, 'Y5': 540, 'Z5': 1, 'C5': 1, 'R5': 1, 'S5': 1, 'X6': 12, 'Y6': 540, 'Z6': 1, 'C6': 1, 'R6': 1, 'S6': 1, 'Z7': 1, 'C7': 1, 'R7': 1, 'S7': 1}
  GlobalBuffer: {'Q': 1, 'P': 1, 'X0': 1, 'Y0': 1, 'Z0': 1, 'C0': 1, 'R0': 1, 'S0': 1, 'X1': 1, 'Y1': 1, 'Z1': 1, 'C1': 1, 'R1': 1, 'S1': 1, 'X2': 1, 'Y2': 1, 'Z2': 1, 'C2': 1, 'R2': 1, 'S2': 1, 'X3': 1, 'Y3': 1, 'Z3': 1, 'C3': 1, 'R3': 1, 'S3': 1, 'X4': 1, 'Y4': 1, 'Z4': 1, 'C4': 1, 'R4': 1, 'S4': 1, 'X5': 1, 'Y5': 1, 'Z5': 1, 'C5': 1, 'R5': 1, 'S5': 1, 'X6': 1, 'Y6': 1, 'Z6': 1, 'C6': 1, 'R6': 1, 'S6': 1, 'Z7': 1, 'C7': 1, 'R7': 1, 'S7': 1}
  SACols: {'Q': 80, 'Z7': 2}
  SARows_0: {'S0': 5, 'C0': 3, 'Z0': 4}
  SARows_1: {'S1': 1, 'C1': 56, 'Z1': 1}
  SARows_2: {'S2': 3, 'C2': 12, 'Z2': 1}
  SARows_3: {'S3': 3, 'C3': 12, 'Z3': 1}
  SARows_4: {'S4': 3, 'C4': 12, 'Z4': 1}
  SARows_5: {'S5': 3, 'C5': 12, 'Z5': 1}
  SARows_6: {'S6': 1, 'C6': 12, 'Z6': 4}
  SARows_7: {'S7': 3, 'C7': 14, 'Z7': 1}
------ loading Accelergy for Eyeriss ------
[Constrained Eyeriss] 8 layers, tile_size=80
  DRAM: {'Q': 12, 'P': 540, 'X0': 12, 'Y0': 540, 'Z0': 1, 'C0': 1, 'R0': 1, 'S0': 1, 'X1': 12, 'Y1': 540, 'Z1': 1, 'C1': 1, 'R1': 1, 'S1': 1, 'X2': 12, 'Y2': 540, 'Z2': 1, 'C2': 1, 'R2': 1, 'S2': 1, 'X3': 12, 'Y3': 540, 'Z3': 1, 'C3': 1, 'R3': 1, 'S3': 1, 'X4': 12, 'Y4': 540, 'Z4': 1, 'C4': 1, 'R4': 1, 'S4': 1, 'X5': 12, 'Y5': 540, 'Z5': 1, 'C5': 1, 'R5': 1, 'S5': 1, 'X6': 12, 'Y6': 540, 'Z6': 1, 'C6': 1, 'R6': 1, 'S6': 1, 'Z7': 1, 'C7': 1, 'R7': 1, 'S7': 1}
  GlobalBuffer: {'Q': 20, 'P': 1, 'X0': 20, 'Y0': 1, 'Z0': 1, 'C0': 1, 'R0': 1, 'S0': 1, 'X1': 20, 'Y1': 1, 'Z1': 1, 'C1': 1, 'R1': 1, 'S1': 1, 'X2': 20, 'Y2': 1, 'Z2': 1, 'C2': 1, 'R2': 1, 'S2': 1, 'X3': 20, 'Y3': 1, 'Z3': 1, 'C3': 1, 'R3': 1, 'S3': 1, 'X4': 20, 'Y4': 1, 'Z4': 1, 'C4': 1, 'R4': 1, 'S4': 1, 'X5': 20, 'Y5': 1, 'Z5': 1, 'C5': 1, 'R5': 1, 'S5': 1, 'X6': 20, 'Y6': 1, 'Z6': 1, 'C6': 1, 'R6': 1, 'S6': 1, 'Z7': 1, 'C7': 1, 'R7': 1, 'S7': 1}
  SACols: {'Q': 4, 'Z7': 1}
  SARows_0: {'S0': 5, 'C0': 3, 'Z0': 4}
  SARows_1: {'S1': 1, 'C1': 56, 'Z1': 1}
  SARows_2: {'S2': 3, 'C2': 12, 'Z2': 2}
  SARows_3: {'S3': 3, 'C3': 12, 'Z3': 2}
  SARows_4: {'S4': 3, 'C4': 12, 'Z4': 2}
  SARows_5: {'S5': 3, 'C5': 12, 'Z5': 2}
  SARows_6: {'S6': 1, 'C6': 12, 'Z6': 4}
  SARows_7: {'S7': 3, 'C7': 14, 'Z7': 1}

================================================================================
MEMORY CONSTRAINT VIOLATION DEBUG - Level: WRegister
================================================================================
Memory footprint: 360 bytes
Memory available: 200 bytes
Overflow: 160 bytes

Full architecture mapping:
  DRAM: P:540, Q:12, Y6:540, X6:12, Y5:540, X5:12, Y4:540, X4:12, Y3:540, X3:12, Y2:540, X2:12, Y1:540, X1:12, Y0:540, X0:12
  GlobalBuffer: Q:20, X6:20, X5:20, X4:20, X3:20, X2:20, X1:20, X0:20
  SACols: Q:4
  SARows: S7:3, C7:14
  SACols_6: X6:4
  SARows_6: C6:12, Z6:4
  SACols_5: X5:4
  SARows_5: S5:3, C5:12, Z5:2
  SACols_4: X4:4
  SARows_4: S4:3, C4:12, Z4:2
  SACols_3: X3:4
  SARows_3: S3:3, C3:12, Z3:2
  SACols_2: X2:4
  SARows_2: S2:3, C2:12, Z2:2
  SACols_1: X1:4
  SARows_1: C1:56
  SACols_0: X0:4
  SARows_0: S0:5, C0:3, Z0:4
  WRegister: C7:4, R7:3, R5:3, R4:3, R3:3, R2:3, R0:5
  IntermediateRegister: Z6:14, Z5:6, Z4:6, Z3:6, Z2:6, Z1:12, Z0:14
  OutRegister: Z7:16
================================================================================

------ loading Accelergy for Eyeriss ------
[Constrained Eyeriss] 8 layers, tile_size=80
  DRAM: {'Q': 12, 'P': 540, 'X0': 12, 'Y0': 540, 'Z0': 1, 'C0': 1, 'R0': 1, 'S0': 1, 'X1': 12, 'Y1': 540, 'Z1': 1, 'C1': 1, 'R1': 1, 'S1': 1, 'X2': 12, 'Y2': 540, 'Z2': 1, 'C2': 1, 'R2': 1, 'S2': 1, 'X3': 12, 'Y3': 540, 'Z3': 1, 'C3': 1, 'R3': 1, 'S3': 1, 'X4': 12, 'Y4': 540, 'Z4': 1, 'C4': 1, 'R4': 1, 'S4': 1, 'X5': 12, 'Y5': 540, 'Z5': 1, 'C5': 1, 'R5': 1, 'S5': 1, 'X6': 12, 'Y6': 540, 'Z6': 1, 'C6': 1, 'R6': 1, 'S6': 1, 'Z7': 1, 'C7': 1, 'R7': 1, 'S7': 1}
  GlobalBuffer: {'Q': 10, 'P': 1, 'X0': 10, 'Y0': 1, 'Z0': 1, 'C0': 1, 'R0': 1, 'S0': 1, 'X1': 10, 'Y1': 1, 'Z1': 1, 'C1': 1, 'R1': 1, 'S1': 1, 'X2': 10, 'Y2': 1, 'Z2': 1, 'C2': 1, 'R2': 1, 'S2': 1, 'X3': 10, 'Y3': 1, 'Z3': 1, 'C3': 1, 'R3': 1, 'S3': 1, 'X4': 10, 'Y4': 1, 'Z4': 1, 'C4': 1, 'R4': 1, 'S4': 1, 'X5': 10, 'Y5': 1, 'Z5': 1, 'C5': 1, 'R5': 1, 'S5': 1, 'X6': 10, 'Y6': 1, 'Z6': 1, 'C6': 1, 'R6': 1, 'S6': 1, 'Z7': 1, 'C7': 1, 'R7': 1, 'S7': 1}
  SACols: {'Q': 8, 'Z7': 1}
  SARows_0: {'S0': 5, 'C0': 3, 'Z0': 4}
  SARows_1: {'S1': 1, 'C1': 56, 'Z1': 1}
  SARows_2: {'S2': 3, 'C2': 12, 'Z2': 2}
  SARows_3: {'S3': 3, 'C3': 12, 'Z3': 2}
  SARows_4: {'S4': 3, 'C4': 12, 'Z4': 2}
  SARows_5: {'S5': 3, 'C5': 12, 'Z5': 2}
  SARows_6: {'S6': 1, 'C6': 12, 'Z6': 4}
  SARows_7: {'S7': 3, 'C7': 14, 'Z7': 1}

================================================================================
MEMORY CONSTRAINT VIOLATION DEBUG - Level: WRegister
================================================================================
Memory footprint: 360 bytes
Memory available: 200 bytes
Overflow: 160 bytes

Full architecture mapping:
  DRAM: P:540, Q:12, Y6:540, X6:12, Y5:540, X5:12, Y4:540, X4:12, Y3:540, X3:12, Y2:540, X2:12, Y1:540, X1:12, Y0:540, X0:12
  GlobalBuffer: Q:10, X6:10, X5:10, X4:10, X3:10, X2:10, X1:10, X0:10
  SACols: Q:8
  SARows: S7:3, C7:14
  SACols_6: X6:8
  SARows_6: C6:12, Z6:4
  SACols_5: X5:8
  SARows_5: S5:3, C5:12, Z5:2
  SACols_4: X4:8
  SARows_4: S4:3, C4:12, Z4:2
  SACols_3: X3:8
  SARows_3: S3:3, C3:12, Z3:2
  SACols_2: X2:8
  SARows_2: S2:3, C2:12, Z2:2
  SACols_1: X1:8
  SARows_1: C1:56
  SACols_0: X0:8
  SARows_0: S0:5, C0:3, Z0:4
  WRegister: C7:4, R7:3, R5:3, R4:3, R3:3, R2:3, R0:5
  IntermediateRegister: Z6:14, Z5:6, Z4:6, Z3:6, Z2:6, Z1:12, Z0:14
  OutRegister: Z7:16
================================================================================

------ loading Accelergy for Eyeriss ------
[Constrained Eyeriss] 8 layers, tile_size=80
  DRAM: {'Q': 12, 'P': 540, 'X0': 12, 'Y0': 540, 'Z0': 1, 'C0': 1, 'R0': 1, 'S0': 1, 'X1': 12, 'Y1': 540, 'Z1': 1, 'C1': 1, 'R1': 1, 'S1': 1, 'X2': 12, 'Y2': 540, 'Z2': 1, 'C2': 1, 'R2': 1, 'S2': 1, 'X3': 12, 'Y3': 540, 'Z3': 1, 'C3': 1, 'R3': 1, 'S3': 1, 'X4': 12, 'Y4': 540, 'Z4': 1, 'C4': 1, 'R4': 1, 'S4': 1, 'X5': 12, 'Y5': 540, 'Z5': 1, 'C5': 1, 'R5': 1, 'S5': 1, 'X6': 12, 'Y6': 540, 'Z6': 1, 'C6': 1, 'R6': 1, 'S6': 1, 'Z7': 1, 'C7': 1, 'R7': 1, 'S7': 1}
  GlobalBuffer: {'Q': 8, 'P': 1, 'X0': 8, 'Y0': 1, 'Z0': 1, 'C0': 1, 'R0': 1, 'S0': 1, 'X1': 8, 'Y1': 1, 'Z1': 1, 'C1': 1, 'R1': 1, 'S1': 1, 'X2': 8, 'Y2': 1, 'Z2': 1, 'C2': 1, 'R2': 1, 'S2': 1, 'X3': 8, 'Y3': 1, 'Z3': 1, 'C3': 1, 'R3': 1, 'S3': 1, 'X4': 8, 'Y4': 1, 'Z4': 1, 'C4': 1, 'R4': 1, 'S4': 1, 'X5': 8, 'Y5': 1, 'Z5': 1, 'C5': 1, 'R5': 1, 'S5': 1, 'X6': 8, 'Y6': 1, 'Z6': 1, 'C6': 1, 'R6': 1, 'S6': 1, 'Z7': 1, 'C7': 1, 'R7': 1, 'S7': 1}
  SACols: {'Q': 10, 'Z7': 1}
  SARows_0: {'S0': 5, 'C0': 3, 'Z0': 4}
  SARows_1: {'S1': 1, 'C1': 56, 'Z1': 1}
  SARows_2: {'S2': 3, 'C2': 12, 'Z2': 2}
  SARows_3: {'S3': 3, 'C3': 12, 'Z3': 2}
  SARows_4: {'S4': 3, 'C4': 12, 'Z4': 2}
  SARows_5: {'S5': 3, 'C5': 12, 'Z5': 2}
  SARows_6: {'S6': 1, 'C6': 12, 'Z6': 4}
  SARows_7: {'S7': 3, 'C7': 14, 'Z7': 1}

================================================================================
MEMORY CONSTRAINT VIOLATION DEBUG - Level: WRegister
================================================================================
Memory footprint: 360 bytes
Memory available: 200 bytes
Overflow: 160 bytes

Full architecture mapping:
  DRAM: P:540, Q:12, Y6:540, X6:12, Y5:540, X5:12, Y4:540, X4:12, Y3:540, X3:12, Y2:540, X2:12, Y1:540, X1:12, Y0:540, X0:12
  GlobalBuffer: Q:8, X6:8, X5:8, X4:8, X3:8, X2:8, X1:8, X0:8
  SACols: Q:10
  SARows: S7:3, C7:14
  SACols_6: X6:10
  SARows_6: C6:12, Z6:4
  SACols_5: X5:10
  SARows_5: S5:3, C5:12, Z5:2
  SACols_4: X4:10
  SARows_4: S4:3, C4:12, Z4:2
  SACols_3: X3:10
  SARows_3: S3:3, C3:12, Z3:2
  SACols_2: X2:10
  SARows_2: S2:3, C2:12, Z2:2
  SACols_1: X1:10
  SARows_1: C1:56
  SACols_0: X0:10
  SARows_0: S0:5, C0:3, Z0:4
  WRegister: C7:4, R7:3, R5:3, R4:3, R3:3, R2:3, R0:5
  IntermediateRegister: Z6:14, Z5:6, Z4:6, Z3:6, Z2:6, Z1:12, Z0:14
  OutRegister: Z7:16
================================================================================

------ loading Accelergy for Eyeriss ------
[Constrained Eyeriss] 8 layers, tile_size=80
  DRAM: {'Q': 12, 'P': 540, 'X0': 12, 'Y0': 540, 'Z0': 1, 'C0': 1, 'R0': 1, 'S0': 1, 'X1': 12, 'Y1': 540, 'Z1': 1, 'C1': 1, 'R1': 1, 'S1': 1, 'X2': 12, 'Y2': 540, 'Z2': 1, 'C2': 1, 'R2': 1, 'S2': 1, 'X3': 12, 'Y3': 540, 'Z3': 1, 'C3': 1, 'R3': 1, 'S3': 1, 'X4': 12, 'Y4': 540, 'Z4': 1, 'C4': 1, 'R4': 1, 'S4': 1, 'X5': 12, 'Y5': 540, 'Z5': 1, 'C5': 1, 'R5': 1, 'S5': 1, 'X6': 12, 'Y6': 540, 'Z6': 1, 'C6': 1, 'R6': 1, 'S6': 1, 'Z7': 1, 'C7': 1, 'R7': 1, 'S7': 1}
  GlobalBuffer: {'Q': 5, 'P': 1, 'X0': 5, 'Y0': 1, 'Z0': 1, 'C0': 1, 'R0': 1, 'S0': 1, 'X1': 5, 'Y1': 1, 'Z1': 1, 'C1': 1, 'R1': 1, 'S1': 1, 'X2': 5, 'Y2': 1, 'Z2': 1, 'C2': 1, 'R2': 1, 'S2': 1, 'X3': 5, 'Y3': 1, 'Z3': 1, 'C3': 1, 'R3': 1, 'S3': 1, 'X4': 5, 'Y4': 1, 'Z4': 1, 'C4': 1, 'R4': 1, 'S4': 1, 'X5': 5, 'Y5': 1, 'Z5': 1, 'C5': 1, 'R5': 1, 'S5': 1, 'X6': 5, 'Y6': 1, 'Z6': 1, 'C6': 1, 'R6': 1, 'S6': 1, 'Z7': 1, 'C7': 1, 'R7': 1, 'S7': 1}
  SACols: {'Q': 16, 'Z7': 1}
  SARows_0: {'S0': 5, 'C0': 3, 'Z0': 4}
  SARows_1: {'S1': 1, 'C1': 56, 'Z1': 1}
  SARows_2: {'S2': 3, 'C2': 12, 'Z2': 2}
  SARows_3: {'S3': 3, 'C3': 12, 'Z3': 2}
  SARows_4: {'S4': 3, 'C4': 12, 'Z4': 2}
  SARows_5: {'S5': 3, 'C5': 12, 'Z5': 2}
  SARows_6: {'S6': 1, 'C6': 12, 'Z6': 4}
  SARows_7: {'S7': 3, 'C7': 14, 'Z7': 1}

================================================================================
MEMORY CONSTRAINT VIOLATION DEBUG - Level: WRegister
================================================================================
Memory footprint: 360 bytes
Memory available: 200 bytes
Overflow: 160 bytes

Full architecture mapping:
  DRAM: P:540, Q:12, Y6:540, X6:12, Y5:540, X5:12, Y4:540, X4:12, Y3:540, X3:12, Y2:540, X2:12, Y1:540, X1:12, Y0:540, X0:12
  GlobalBuffer: Q:5, X6:5, X5:5, X4:5, X3:5, X2:5, X1:5, X0:5
  SACols: Q:16
  SARows: S7:3, C7:14
  SACols_6: X6:16
  SARows_6: C6:12, Z6:4
  SACols_5: X5:16
  SARows_5: S5:3, C5:12, Z5:2
  SACols_4: X4:16
  SARows_4: S4:3, C4:12, Z4:2
  SACols_3: X3:16
  SARows_3: S3:3, C3:12, Z3:2
  SACols_2: X2:16
  SARows_2: S2:3, C2:12, Z2:2
  SACols_1: X1:16
  SARows_1: C1:56
  SACols_0: X0:16
  SARows_0: S0:5, C0:3, Z0:4
  WRegister: C7:4, R7:3, R5:3, R4:3, R3:3, R2:3, R0:5
  IntermediateRegister: Z6:14, Z5:6, Z4:6, Z3:6, Z2:6, Z1:12, Z0:14
  OutRegister: Z7:16
================================================================================

------ loading Accelergy for Eyeriss ------
[Constrained Eyeriss] 8 layers, tile_size=80
  DRAM: {'Q': 12, 'P': 540, 'X0': 12, 'Y0': 540, 'Z0': 1, 'C0': 1, 'R0': 1, 'S0': 1, 'X1': 12, 'Y1': 540, 'Z1': 1, 'C1': 1, 'R1': 1, 'S1': 1, 'X2': 12, 'Y2': 540, 'Z2': 1, 'C2': 1, 'R2': 1, 'S2': 1, 'X3': 12, 'Y3': 540, 'Z3': 1, 'C3': 1, 'R3': 1, 'S3': 1, 'X4': 12, 'Y4': 540, 'Z4': 1, 'C4': 1, 'R4': 1, 'S4': 1, 'X5': 12, 'Y5': 540, 'Z5': 1, 'C5': 1, 'R5': 1, 'S5': 1, 'X6': 12, 'Y6': 540, 'Z6': 1, 'C6': 1, 'R6': 1, 'S6': 1, 'Z7': 1, 'C7': 1, 'R7': 1, 'S7': 1}
  GlobalBuffer: {'Q': 4, 'P': 1, 'X0': 4, 'Y0': 1, 'Z0': 1, 'C0': 1, 'R0': 1, 'S0': 1, 'X1': 4, 'Y1': 1, 'Z1': 1, 'C1': 1, 'R1': 1, 'S1': 1, 'X2': 4, 'Y2': 1, 'Z2': 1, 'C2': 1, 'R2': 1, 'S2': 1, 'X3': 4, 'Y3': 1, 'Z3': 1, 'C3': 1, 'R3': 1, 'S3': 1, 'X4': 4, 'Y4': 1, 'Z4': 1, 'C4': 1, 'R4': 1, 'S4': 1, 'X5': 4, 'Y5': 1, 'Z5': 1, 'C5': 1, 'R5': 1, 'S5': 1, 'X6': 4, 'Y6': 1, 'Z6': 1, 'C6': 1, 'R6': 1, 'S6': 1, 'Z7': 1, 'C7': 1, 'R7': 1, 'S7': 1}
  SACols: {'Q': 20, 'Z7': 1}
  SARows_0: {'S0': 5, 'C0': 3, 'Z0': 4}
  SARows_1: {'S1': 1, 'C1': 56, 'Z1': 1}
  SARows_2: {'S2': 3, 'C2': 12, 'Z2': 2}
  SARows_3: {'S3': 3, 'C3': 12, 'Z3': 2}
  SARows_4: {'S4': 3, 'C4': 12, 'Z4': 2}
  SARows_5: {'S5': 3, 'C5': 12, 'Z5': 2}
  SARows_6: {'S6': 1, 'C6': 12, 'Z6': 4}
  SARows_7: {'S7': 3, 'C7': 14, 'Z7': 1}

================================================================================
MEMORY CONSTRAINT VIOLATION DEBUG - Level: WRegister
================================================================================
Memory footprint: 360 bytes
Memory available: 200 bytes
Overflow: 160 bytes

Full architecture mapping:
  DRAM: P:540, Q:12, Y6:540, X6:12, Y5:540, X5:12, Y4:540, X4:12, Y3:540, X3:12, Y2:540, X2:12, Y1:540, X1:12, Y0:540, X0:12
  GlobalBuffer: Q:4, X6:4, X5:4, X4:4, X3:4, X2:4, X1:4, X0:4
  SACols: Q:20
  SARows: S7:3, C7:14
  SACols_6: X6:20
  SARows_6: C6:12, Z6:4
  SACols_5: X5:20
  SARows_5: S5:3, C5:12, Z5:2
  SACols_4: X4:20
  SARows_4: S4:3, C4:12, Z4:2
  SACols_3: X3:20
  SARows_3: S3:3, C3:12, Z3:2
  SACols_2: X2:20
  SARows_2: S2:3, C2:12, Z2:2
  SACols_1: X1:20
  SARows_1: C1:56
  SACols_0: X0:20
  SARows_0: S0:5, C0:3, Z0:4
  WRegister: C7:4, R7:3, R5:3, R4:3, R3:3, R2:3, R0:5
  IntermediateRegister: Z6:14, Z5:6, Z4:6, Z3:6, Z2:6, Z1:12, Z0:14
  OutRegister: Z7:16
================================================================================

------ loading Accelergy for Eyeriss ------
[Constrained Eyeriss] 8 layers, tile_size=80
  DRAM: {'Q': 12, 'P': 540, 'X0': 12, 'Y0': 540, 'Z0': 1, 'C0': 1, 'R0': 1, 'S0': 1, 'X1': 12, 'Y1': 540, 'Z1': 1, 'C1': 1, 'R1': 1, 'S1': 1, 'X2': 12, 'Y2': 540, 'Z2': 1, 'C2': 1, 'R2': 1, 'S2': 1, 'X3': 12, 'Y3': 540, 'Z3': 1, 'C3': 1, 'R3': 1, 'S3': 1, 'X4': 12, 'Y4': 540, 'Z4': 1, 'C4': 1, 'R4': 1, 'S4': 1, 'X5': 12, 'Y5': 540, 'Z5': 1, 'C5': 1, 'R5': 1, 'S5': 1, 'X6': 12, 'Y6': 540, 'Z6': 1, 'C6': 1, 'R6': 1, 'S6': 1, 'Z7': 1, 'C7': 1, 'R7': 1, 'S7': 1}
  GlobalBuffer: {'Q': 2, 'P': 1, 'X0': 2, 'Y0': 1, 'Z0': 1, 'C0': 1, 'R0': 1, 'S0': 1, 'X1': 2, 'Y1': 1, 'Z1': 1, 'C1': 1, 'R1': 1, 'S1': 1, 'X2': 2, 'Y2': 1, 'Z2': 1, 'C2': 1, 'R2': 1, 'S2': 1, 'X3': 2, 'Y3': 1, 'Z3': 1, 'C3': 1, 'R3': 1, 'S3': 1, 'X4': 2, 'Y4': 1, 'Z4': 1, 'C4': 1, 'R4': 1, 'S4': 1, 'X5': 2, 'Y5': 1, 'Z5': 1, 'C5': 1, 'R5': 1, 'S5': 1, 'X6': 2, 'Y6': 1, 'Z6': 1, 'C6': 1, 'R6': 1, 'S6': 1, 'Z7': 1, 'C7': 1, 'R7': 1, 'S7': 1}
  SACols: {'Q': 40, 'Z7': 1}
  SARows_0: {'S0': 5, 'C0': 3, 'Z0': 4}
  SARows_1: {'S1': 1, 'C1': 56, 'Z1': 1}
  SARows_2: {'S2': 3, 'C2': 12, 'Z2': 2}
  SARows_3: {'S3': 3, 'C3': 12, 'Z3': 2}
  SARows_4: {'S4': 3, 'C4': 12, 'Z4': 2}
  SARows_5: {'S5': 3, 'C5': 12, 'Z5': 2}
  SARows_6: {'S6': 1, 'C6': 12, 'Z6': 4}
  SARows_7: {'S7': 3, 'C7': 14, 'Z7': 1}

================================================================================
MEMORY CONSTRAINT VIOLATION DEBUG - Level: WRegister
================================================================================
Memory footprint: 360 bytes
Memory available: 200 bytes
Overflow: 160 bytes

Full architecture mapping:
  DRAM: P:540, Q:12, Y6:540, X6:12, Y5:540, X5:12, Y4:540, X4:12, Y3:540, X3:12, Y2:540, X2:12, Y1:540, X1:12, Y0:540, X0:12
  GlobalBuffer: Q:2, X6:2, X5:2, X4:2, X3:2, X2:2, X1:2, X0:2
  SACols: Q:40
  SARows: S7:3, C7:14
  SACols_6: X6:40
  SARows_6: C6:12, Z6:4
  SACols_5: X5:40
  SARows_5: S5:3, C5:12, Z5:2
  SACols_4: X4:40
  SARows_4: S4:3, C4:12, Z4:2
  SACols_3: X3:40
  SARows_3: S3:3, C3:12, Z3:2
  SACols_2: X2:40
  SARows_2: S2:3, C2:12, Z2:2
  SACols_1: X1:40
  SARows_1: C1:56
  SACols_0: X0:40
  SARows_0: S0:5, C0:3, Z0:4
  WRegister: C7:4, R7:3, R5:3, R4:3, R3:3, R2:3, R0:5
  IntermediateRegister: Z6:14, Z5:6, Z4:6, Z3:6, Z2:6, Z1:12, Z0:14
  OutRegister: Z7:16
================================================================================

------ loading Accelergy for Eyeriss ------
[Constrained Eyeriss] 8 layers, tile_size=80
  DRAM: {'Q': 12, 'P': 540, 'X0': 12, 'Y0': 540, 'Z0': 1, 'C0': 1, 'R0': 1, 'S0': 1, 'X1': 12, 'Y1': 540, 'Z1': 1, 'C1': 1, 'R1': 1, 'S1': 1, 'X2': 12, 'Y2': 540, 'Z2': 1, 'C2': 1, 'R2': 1, 'S2': 1, 'X3': 12, 'Y3': 540, 'Z3': 1, 'C3': 1, 'R3': 1, 'S3': 1, 'X4': 12, 'Y4': 540, 'Z4': 1, 'C4': 1, 'R4': 1, 'S4': 1, 'X5': 12, 'Y5': 540, 'Z5': 1, 'C5': 1, 'R5': 1, 'S5': 1, 'X6': 12, 'Y6': 540, 'Z6': 1, 'C6': 1, 'R6': 1, 'S6': 1, 'Z7': 1, 'C7': 1, 'R7': 1, 'S7': 1}
  GlobalBuffer: {'Q': 1, 'P': 1, 'X0': 1, 'Y0': 1, 'Z0': 1, 'C0': 1, 'R0': 1, 'S0': 1, 'X1': 1, 'Y1': 1, 'Z1': 1, 'C1': 1, 'R1': 1, 'S1': 1, 'X2': 1, 'Y2': 1, 'Z2': 1, 'C2': 1, 'R2': 1, 'S2': 1, 'X3': 1, 'Y3': 1, 'Z3': 1, 'C3': 1, 'R3': 1, 'S3': 1, 'X4': 1, 'Y4': 1, 'Z4': 1, 'C4': 1, 'R4': 1, 'S4': 1, 'X5': 1, 'Y5': 1, 'Z5': 1, 'C5': 1, 'R5': 1, 'S5': 1, 'X6': 1, 'Y6': 1, 'Z6': 1, 'C6': 1, 'R6': 1, 'S6': 1, 'Z7': 1, 'C7': 1, 'R7': 1, 'S7': 1}
  SACols: {'Q': 80, 'Z7': 1}
  SARows_0: {'S0': 5, 'C0': 3, 'Z0': 4}
  SARows_1: {'S1': 1, 'C1': 56, 'Z1': 1}
  SARows_2: {'S2': 3, 'C2': 12, 'Z2': 2}
  SARows_3: {'S3': 3, 'C3': 12, 'Z3': 2}
  SARows_4: {'S4': 3, 'C4': 12, 'Z4': 2}
  SARows_5: {'S5': 3, 'C5': 12, 'Z5': 2}
  SARows_6: {'S6': 1, 'C6': 12, 'Z6': 4}
  SARows_7: {'S7': 3, 'C7': 14, 'Z7': 1}

================================================================================
MEMORY CONSTRAINT VIOLATION DEBUG - Level: WRegister
================================================================================
Memory footprint: 360 bytes
Memory available: 200 bytes
Overflow: 160 bytes

Full architecture mapping:
  DRAM: P:540, Q:12, Y6:540, X6:12, Y5:540, X5:12, Y4:540, X4:12, Y3:540, X3:12, Y2:540, X2:12, Y1:540, X1:12, Y0:540, X0:12
  SACols: Q:80
  SARows: S7:3, C7:14
  SACols_6: X6:80
  SARows_6: C6:12, Z6:4
  SACols_5: X5:80
  SARows_5: S5:3, C5:12, Z5:2
  SACols_4: X4:80
  SARows_4: S4:3, C4:12, Z4:2
  SACols_3: X3:80
  SARows_3: S3:3, C3:12, Z3:2
  SACols_2: X2:80
  SARows_2: S2:3, C2:12, Z2:2
  SACols_1: X1:80
  SARows_1: C1:56
  SACols_0: X0:80
  SARows_0: S0:5, C0:3, Z0:4
  WRegister: C7:4, R7:3, R5:3, R4:3, R3:3, R2:3, R0:5
  IntermediateRegister: Z6:14, Z5:6, Z4:6, Z3:6, Z2:6, Z1:12, Z0:14
  OutRegister: Z7:16
================================================================================

------ loading Accelergy for Eyeriss ------
[Constrained Eyeriss] 8 layers, tile_size=80
  DRAM: {'Q': 12, 'P': 540, 'X0': 12, 'Y0': 540, 'Z0': 1, 'C0': 1, 'R0': 1, 'S0': 1, 'X1': 12, 'Y1': 540, 'Z1': 1, 'C1': 1, 'R1': 1, 'S1': 1, 'X2': 12, 'Y2': 540, 'Z2': 1, 'C2': 1, 'R2': 1, 'S2': 1, 'X3': 12, 'Y3': 540, 'Z3': 1, 'C3': 1, 'R3': 1, 'S3': 1, 'X4': 12, 'Y4': 540, 'Z4': 1, 'C4': 1, 'R4': 1, 'S4': 1, 'X5': 12, 'Y5': 540, 'Z5': 1, 'C5': 1, 'R5': 1, 'S5': 1, 'X6': 12, 'Y6': 540, 'Z6': 1, 'C6': 1, 'R6': 1, 'S6': 1, 'Z7': 1, 'C7': 1, 'R7': 1, 'S7': 1}
  GlobalBuffer: {'Q': 1, 'P': 1, 'X0': 1, 'Y0': 1, 'Z0': 1, 'C0': 1, 'R0': 1, 'S0': 1, 'X1': 1, 'Y1': 1, 'Z1': 1, 'C1': 1, 'R1': 1, 'S1': 1, 'X2': 1, 'Y2': 1, 'Z2': 1, 'C2': 1, 'R2': 1, 'S2': 1, 'X3': 1, 'Y3': 1, 'Z3': 1, 'C3': 1, 'R3': 1, 'S3': 1, 'X4': 1, 'Y4': 1, 'Z4': 1, 'C4': 1, 'R4': 1, 'S4': 1, 'X5': 1, 'Y5': 1, 'Z5': 1, 'C5': 1, 'R5': 1, 'S5': 1, 'X6': 1, 'Y6': 1, 'Z6': 1, 'C6': 1, 'R6': 1, 'S6': 1, 'Z7': 1, 'C7': 1, 'R7': 1, 'S7': 1}
  SACols: {'Q': 80, 'Z7': 1}
  SARows_0: {'S0': 5, 'C0': 3, 'Z0': 4}
  SARows_1: {'S1': 1, 'C1': 56, 'Z1': 1}
  SARows_2: {'S2': 3, 'C2': 12, 'Z2': 2}
  SARows_3: {'S3': 3, 'C3': 12, 'Z3': 2}
  SARows_4: {'S4': 3, 'C4': 12, 'Z4': 2}
  SARows_5: {'S5': 3, 'C5': 12, 'Z5': 2}
  SARows_6: {'S6': 1, 'C6': 12, 'Z6': 4}
  SARows_7: {'S7': 3, 'C7': 14, 'Z7': 1}

================================================================================
MEMORY CONSTRAINT VIOLATION DEBUG - Level: WRegister
================================================================================
Memory footprint: 360 bytes
Memory available: 200 bytes
Overflow: 160 bytes

Full architecture mapping:
  DRAM: P:540, Q:12, Y6:540, X6:12, Y5:540, X5:12, Y4:540, X4:12, Y3:540, X3:12, Y2:540, X2:12, Y1:540, X1:12, Y0:540, X0:12
  SACols: Q:80
  SARows: S7:3, C7:14
  SACols_6: X6:80
  SARows_6: C6:12, Z6:4
  SACols_5: X5:80
  SARows_5: S5:3, C5:12, Z5:2
  SACols_4: X4:80
  SARows_4: S4:3, C4:12, Z4:2
  SACols_3: X3:80
  SARows_3: S3:3, C3:12, Z3:2
  SACols_2: X2:80
  SARows_2: S2:3, C2:12, Z2:2
  SACols_1: X1:80
  SARows_1: C1:56
  SACols_0: X0:80
  SARows_0: S0:5, C0:3, Z0:4
  WRegister: C7:4, R7:3, R5:3, R4:3, R3:3, R2:3, R0:5
  IntermediateRegister: Z6:14, Z5:6, Z4:6, Z3:6, Z2:6, Z1:12, Z0:14
  OutRegister: Z7:16
================================================================================

------ loading Accelergy for Eyeriss ------
[Constrained Eyeriss] 8 layers, tile_size=80
  DRAM: {'Q': 12, 'P': 540, 'X0': 12, 'Y0': 540, 'Z0': 1, 'C0': 1, 'R0': 1, 'S0': 1, 'X1': 12, 'Y1': 540, 'Z1': 1, 'C1': 1, 'R1': 1, 'S1': 1, 'X2': 12, 'Y2': 540, 'Z2': 1, 'C2': 1, 'R2': 1, 'S2': 1, 'X3': 12, 'Y3': 540, 'Z3': 1, 'C3': 1, 'R3': 1, 'S3': 1, 'X4': 12, 'Y4': 540, 'Z4': 1, 'C4': 1, 'R4': 1, 'S4': 1, 'X5': 12, 'Y5': 540, 'Z5': 1, 'C5': 1, 'R5': 1, 'S5': 1, 'X6': 12, 'Y6': 540, 'Z6': 1, 'C6': 1, 'R6': 1, 'S6': 1, 'Z7': 1, 'C7': 1, 'R7': 1, 'S7': 1}
  GlobalBuffer: {'Q': 20, 'P': 1, 'X0': 20, 'Y0': 1, 'Z0': 1, 'C0': 1, 'R0': 1, 'S0': 1, 'X1': 20, 'Y1': 1, 'Z1': 1, 'C1': 1, 'R1': 1, 'S1': 1, 'X2': 20, 'Y2': 1, 'Z2': 1, 'C2': 1, 'R2': 1, 'S2': 1, 'X3': 20, 'Y3': 1, 'Z3': 1, 'C3': 1, 'R3': 1, 'S3': 1, 'X4': 20, 'Y4': 1, 'Z4': 1, 'C4': 1, 'R4': 1, 'S4': 1, 'X5': 20, 'Y5': 1, 'Z5': 1, 'C5': 1, 'R5': 1, 'S5': 1, 'X6': 20, 'Y6': 1, 'Z6': 1, 'C6': 1, 'R6': 1, 'S6': 1, 'Z7': 1, 'C7': 1, 'R7': 1, 'S7': 1}
  SACols: {'Q': 4, 'Z7': 1}
  SARows_0: {'S0': 5, 'C0': 3, 'Z0': 8}
  SARows_1: {'S1': 1, 'C1': 56, 'Z1': 2}
  SARows_2: {'S2': 3, 'C2': 12, 'Z2': 3}
  SARows_3: {'S3': 3, 'C3': 12, 'Z3': 3}
  SARows_4: {'S4': 3, 'C4': 12, 'Z4': 3}
  SARows_5: {'S5': 3, 'C5': 12, 'Z5': 3}
  SARows_6: {'S6': 1, 'C6': 12, 'Z6': 8}
  SARows_7: {'S7': 3, 'C7': 28, 'Z7': 1}
------ loading Accelergy for Eyeriss ------
[Constrained Eyeriss] 8 layers, tile_size=80
  DRAM: {'Q': 12, 'P': 540, 'X0': 12, 'Y0': 540, 'Z0': 1, 'C0': 1, 'R0': 1, 'S0': 1, 'X1': 12, 'Y1': 540, 'Z1': 1, 'C1': 1, 'R1': 1, 'S1': 1, 'X2': 12, 'Y2': 540, 'Z2': 1, 'C2': 1, 'R2': 1, 'S2': 1, 'X3': 12, 'Y3': 540, 'Z3': 1, 'C3': 1, 'R3': 1, 'S3': 1, 'X4': 12, 'Y4': 540, 'Z4': 1, 'C4': 1, 'R4': 1, 'S4': 1, 'X5': 12, 'Y5': 540, 'Z5': 1, 'C5': 1, 'R5': 1, 'S5': 1, 'X6': 12, 'Y6': 540, 'Z6': 1, 'C6': 1, 'R6': 1, 'S6': 1, 'Z7': 1, 'C7': 1, 'R7': 1, 'S7': 1}
  GlobalBuffer: {'Q': 10, 'P': 1, 'X0': 10, 'Y0': 1, 'Z0': 1, 'C0': 1, 'R0': 1, 'S0': 1, 'X1': 10, 'Y1': 1, 'Z1': 1, 'C1': 1, 'R1': 1, 'S1': 1, 'X2': 10, 'Y2': 1, 'Z2': 1, 'C2': 1, 'R2': 1, 'S2': 1, 'X3': 10, 'Y3': 1, 'Z3': 1, 'C3': 1, 'R3': 1, 'S3': 1, 'X4': 10, 'Y4': 1, 'Z4': 1, 'C4': 1, 'R4': 1, 'S4': 1, 'X5': 10, 'Y5': 1, 'Z5': 1, 'C5': 1, 'R5': 1, 'S5': 1, 'X6': 10, 'Y6': 1, 'Z6': 1, 'C6': 1, 'R6': 1, 'S6': 1, 'Z7': 1, 'C7': 1, 'R7': 1, 'S7': 1}
  SACols: {'Q': 8, 'Z7': 1}
  SARows_0: {'S0': 5, 'C0': 3, 'Z0': 8}
  SARows_1: {'S1': 1, 'C1': 56, 'Z1': 2}
  SARows_2: {'S2': 3, 'C2': 12, 'Z2': 3}
  SARows_3: {'S3': 3, 'C3': 12, 'Z3': 3}
  SARows_4: {'S4': 3, 'C4': 12, 'Z4': 3}
  SARows_5: {'S5': 3, 'C5': 12, 'Z5': 3}
  SARows_6: {'S6': 1, 'C6': 12, 'Z6': 8}
  SARows_7: {'S7': 3, 'C7': 28, 'Z7': 1}
------ loading Accelergy for Eyeriss ------
[Constrained Eyeriss] 8 layers, tile_size=80
  DRAM: {'Q': 12, 'P': 540, 'X0': 12, 'Y0': 540, 'Z0': 1, 'C0': 1, 'R0': 1, 'S0': 1, 'X1': 12, 'Y1': 540, 'Z1': 1, 'C1': 1, 'R1': 1, 'S1': 1, 'X2': 12, 'Y2': 540, 'Z2': 1, 'C2': 1, 'R2': 1, 'S2': 1, 'X3': 12, 'Y3': 540, 'Z3': 1, 'C3': 1, 'R3': 1, 'S3': 1, 'X4': 12, 'Y4': 540, 'Z4': 1, 'C4': 1, 'R4': 1, 'S4': 1, 'X5': 12, 'Y5': 540, 'Z5': 1, 'C5': 1, 'R5': 1, 'S5': 1, 'X6': 12, 'Y6': 540, 'Z6': 1, 'C6': 1, 'R6': 1, 'S6': 1, 'Z7': 1, 'C7': 1, 'R7': 1, 'S7': 1}
  GlobalBuffer: {'Q': 8, 'P': 1, 'X0': 8, 'Y0': 1, 'Z0': 1, 'C0': 1, 'R0': 1, 'S0': 1, 'X1': 8, 'Y1': 1, 'Z1': 1, 'C1': 1, 'R1': 1, 'S1': 1, 'X2': 8, 'Y2': 1, 'Z2': 1, 'C2': 1, 'R2': 1, 'S2': 1, 'X3': 8, 'Y3': 1, 'Z3': 1, 'C3': 1, 'R3': 1, 'S3': 1, 'X4': 8, 'Y4': 1, 'Z4': 1, 'C4': 1, 'R4': 1, 'S4': 1, 'X5': 8, 'Y5': 1, 'Z5': 1, 'C5': 1, 'R5': 1, 'S5': 1, 'X6': 8, 'Y6': 1, 'Z6': 1, 'C6': 1, 'R6': 1, 'S6': 1, 'Z7': 1, 'C7': 1, 'R7': 1, 'S7': 1}
  SACols: {'Q': 10, 'Z7': 1}
  SARows_0: {'S0': 5, 'C0': 3, 'Z0': 8}
  SARows_1: {'S1': 1, 'C1': 56, 'Z1': 2}
  SARows_2: {'S2': 3, 'C2': 12, 'Z2': 3}
  SARows_3: {'S3': 3, 'C3': 12, 'Z3': 3}
  SARows_4: {'S4': 3, 'C4': 12, 'Z4': 3}
  SARows_5: {'S5': 3, 'C5': 12, 'Z5': 3}
  SARows_6: {'S6': 1, 'C6': 12, 'Z6': 8}
  SARows_7: {'S7': 3, 'C7': 28, 'Z7': 1}
------ loading Accelergy for Eyeriss ------
[Constrained Eyeriss] 8 layers, tile_size=80
  DRAM: {'Q': 12, 'P': 540, 'X0': 12, 'Y0': 540, 'Z0': 1, 'C0': 1, 'R0': 1, 'S0': 1, 'X1': 12, 'Y1': 540, 'Z1': 1, 'C1': 1, 'R1': 1, 'S1': 1, 'X2': 12, 'Y2': 540, 'Z2': 1, 'C2': 1, 'R2': 1, 'S2': 1, 'X3': 12, 'Y3': 540, 'Z3': 1, 'C3': 1, 'R3': 1, 'S3': 1, 'X4': 12, 'Y4': 540, 'Z4': 1, 'C4': 1, 'R4': 1, 'S4': 1, 'X5': 12, 'Y5': 540, 'Z5': 1, 'C5': 1, 'R5': 1, 'S5': 1, 'X6': 12, 'Y6': 540, 'Z6': 1, 'C6': 1, 'R6': 1, 'S6': 1, 'Z7': 1, 'C7': 1, 'R7': 1, 'S7': 1}
  GlobalBuffer: {'Q': 5, 'P': 1, 'X0': 5, 'Y0': 1, 'Z0': 1, 'C0': 1, 'R0': 1, 'S0': 1, 'X1': 5, 'Y1': 1, 'Z1': 1, 'C1': 1, 'R1': 1, 'S1': 1, 'X2': 5, 'Y2': 1, 'Z2': 1, 'C2': 1, 'R2': 1, 'S2': 1, 'X3': 5, 'Y3': 1, 'Z3': 1, 'C3': 1, 'R3': 1, 'S3': 1, 'X4': 5, 'Y4': 1, 'Z4': 1, 'C4': 1, 'R4': 1, 'S4': 1, 'X5': 5, 'Y5': 1, 'Z5': 1, 'C5': 1, 'R5': 1, 'S5': 1, 'X6': 5, 'Y6': 1, 'Z6': 1, 'C6': 1, 'R6': 1, 'S6': 1, 'Z7': 1, 'C7': 1, 'R7': 1, 'S7': 1}
  SACols: {'Q': 16, 'Z7': 1}
  SARows_0: {'S0': 5, 'C0': 3, 'Z0': 8}
  SARows_1: {'S1': 1, 'C1': 56, 'Z1': 2}
  SARows_2: {'S2': 3, 'C2': 12, 'Z2': 3}
  SARows_3: {'S3': 3, 'C3': 12, 'Z3': 3}
  SARows_4: {'S4': 3, 'C4': 12, 'Z4': 3}
  SARows_5: {'S5': 3, 'C5': 12, 'Z5': 3}
  SARows_6: {'S6': 1, 'C6': 12, 'Z6': 8}
  SARows_7: {'S7': 3, 'C7': 28, 'Z7': 1}
------ loading Accelergy for Eyeriss ------
[Constrained Eyeriss] 8 layers, tile_size=80
  DRAM: {'Q': 12, 'P': 540, 'X0': 12, 'Y0': 540, 'Z0': 1, 'C0': 1, 'R0': 1, 'S0': 1, 'X1': 12, 'Y1': 540, 'Z1': 1, 'C1': 1, 'R1': 1, 'S1': 1, 'X2': 12, 'Y2': 540, 'Z2': 1, 'C2': 1, 'R2': 1, 'S2': 1, 'X3': 12, 'Y3': 540, 'Z3': 1, 'C3': 1, 'R3': 1, 'S3': 1, 'X4': 12, 'Y4': 540, 'Z4': 1, 'C4': 1, 'R4': 1, 'S4': 1, 'X5': 12, 'Y5': 540, 'Z5': 1, 'C5': 1, 'R5': 1, 'S5': 1, 'X6': 12, 'Y6': 540, 'Z6': 1, 'C6': 1, 'R6': 1, 'S6': 1, 'Z7': 1, 'C7': 1, 'R7': 1, 'S7': 1}
  GlobalBuffer: {'Q': 4, 'P': 1, 'X0': 4, 'Y0': 1, 'Z0': 1, 'C0': 1, 'R0': 1, 'S0': 1, 'X1': 4, 'Y1': 1, 'Z1': 1, 'C1': 1, 'R1': 1, 'S1': 1, 'X2': 4, 'Y2': 1, 'Z2': 1, 'C2': 1, 'R2': 1, 'S2': 1, 'X3': 4, 'Y3': 1, 'Z3': 1, 'C3': 1, 'R3': 1, 'S3': 1, 'X4': 4, 'Y4': 1, 'Z4': 1, 'C4': 1, 'R4': 1, 'S4': 1, 'X5': 4, 'Y5': 1, 'Z5': 1, 'C5': 1, 'R5': 1, 'S5': 1, 'X6': 4, 'Y6': 1, 'Z6': 1, 'C6': 1, 'R6': 1, 'S6': 1, 'Z7': 1, 'C7': 1, 'R7': 1, 'S7': 1}
  SACols: {'Q': 20, 'Z7': 1}
  SARows_0: {'S0': 5, 'C0': 3, 'Z0': 8}
  SARows_1: {'S1': 1, 'C1': 56, 'Z1': 2}
  SARows_2: {'S2': 3, 'C2': 12, 'Z2': 3}
  SARows_3: {'S3': 3, 'C3': 12, 'Z3': 3}
  SARows_4: {'S4': 3, 'C4': 12, 'Z4': 3}
  SARows_5: {'S5': 3, 'C5': 12, 'Z5': 3}
  SARows_6: {'S6': 1, 'C6': 12, 'Z6': 8}
  SARows_7: {'S7': 3, 'C7': 28, 'Z7': 1}
------ loading Accelergy for Eyeriss ------
[Constrained Eyeriss] 8 layers, tile_size=80
  DRAM: {'Q': 12, 'P': 540, 'X0': 12, 'Y0': 540, 'Z0': 1, 'C0': 1, 'R0': 1, 'S0': 1, 'X1': 12, 'Y1': 540, 'Z1': 1, 'C1': 1, 'R1': 1, 'S1': 1, 'X2': 12, 'Y2': 540, 'Z2': 1, 'C2': 1, 'R2': 1, 'S2': 1, 'X3': 12, 'Y3': 540, 'Z3': 1, 'C3': 1, 'R3': 1, 'S3': 1, 'X4': 12, 'Y4': 540, 'Z4': 1, 'C4': 1, 'R4': 1, 'S4': 1, 'X5': 12, 'Y5': 540, 'Z5': 1, 'C5': 1, 'R5': 1, 'S5': 1, 'X6': 12, 'Y6': 540, 'Z6': 1, 'C6': 1, 'R6': 1, 'S6': 1, 'Z7': 1, 'C7': 1, 'R7': 1, 'S7': 1}
  GlobalBuffer: {'Q': 2, 'P': 1, 'X0': 2, 'Y0': 1, 'Z0': 1, 'C0': 1, 'R0': 1, 'S0': 1, 'X1': 2, 'Y1': 1, 'Z1': 1, 'C1': 1, 'R1': 1, 'S1': 1, 'X2': 2, 'Y2': 1, 'Z2': 1, 'C2': 1, 'R2': 1, 'S2': 1, 'X3': 2, 'Y3': 1, 'Z3': 1, 'C3': 1, 'R3': 1, 'S3': 1, 'X4': 2, 'Y4': 1, 'Z4': 1, 'C4': 1, 'R4': 1, 'S4': 1, 'X5': 2, 'Y5': 1, 'Z5': 1, 'C5': 1, 'R5': 1, 'S5': 1, 'X6': 2, 'Y6': 1, 'Z6': 1, 'C6': 1, 'R6': 1, 'S6': 1, 'Z7': 1, 'C7': 1, 'R7': 1, 'S7': 1}
  SACols: {'Q': 40, 'Z7': 1}
  SARows_0: {'S0': 5, 'C0': 3, 'Z0': 8}
  SARows_1: {'S1': 1, 'C1': 56, 'Z1': 2}
  SARows_2: {'S2': 3, 'C2': 12, 'Z2': 3}
  SARows_3: {'S3': 3, 'C3': 12, 'Z3': 3}
  SARows_4: {'S4': 3, 'C4': 12, 'Z4': 3}
  SARows_5: {'S5': 3, 'C5': 12, 'Z5': 3}
  SARows_6: {'S6': 1, 'C6': 12, 'Z6': 8}
  SARows_7: {'S7': 3, 'C7': 28, 'Z7': 1}
------ loading Accelergy for Eyeriss ------
[Constrained Eyeriss] 8 layers, tile_size=80
  DRAM: {'Q': 12, 'P': 540, 'X0': 12, 'Y0': 540, 'Z0': 1, 'C0': 1, 'R0': 1, 'S0': 1, 'X1': 12, 'Y1': 540, 'Z1': 1, 'C1': 1, 'R1': 1, 'S1': 1, 'X2': 12, 'Y2': 540, 'Z2': 1, 'C2': 1, 'R2': 1, 'S2': 1, 'X3': 12, 'Y3': 540, 'Z3': 1, 'C3': 1, 'R3': 1, 'S3': 1, 'X4': 12, 'Y4': 540, 'Z4': 1, 'C4': 1, 'R4': 1, 'S4': 1, 'X5': 12, 'Y5': 540, 'Z5': 1, 'C5': 1, 'R5': 1, 'S5': 1, 'X6': 12, 'Y6': 540, 'Z6': 1, 'C6': 1, 'R6': 1, 'S6': 1, 'Z7': 1, 'C7': 1, 'R7': 1, 'S7': 1}
  GlobalBuffer: {'Q': 1, 'P': 1, 'X0': 1, 'Y0': 1, 'Z0': 1, 'C0': 1, 'R0': 1, 'S0': 1, 'X1': 1, 'Y1': 1, 'Z1': 1, 'C1': 1, 'R1': 1, 'S1': 1, 'X2': 1, 'Y2': 1, 'Z2': 1, 'C2': 1, 'R2': 1, 'S2': 1, 'X3': 1, 'Y3': 1, 'Z3': 1, 'C3': 1, 'R3': 1, 'S3': 1, 'X4': 1, 'Y4': 1, 'Z4': 1, 'C4': 1, 'R4': 1, 'S4': 1, 'X5': 1, 'Y5': 1, 'Z5': 1, 'C5': 1, 'R5': 1, 'S5': 1, 'X6': 1, 'Y6': 1, 'Z6': 1, 'C6': 1, 'R6': 1, 'S6': 1, 'Z7': 1, 'C7': 1, 'R7': 1, 'S7': 1}
  SACols: {'Q': 80, 'Z7': 1}
  SARows_0: {'S0': 5, 'C0': 3, 'Z0': 8}
  SARows_1: {'S1': 1, 'C1': 56, 'Z1': 2}
  SARows_2: {'S2': 3, 'C2': 12, 'Z2': 3}
  SARows_3: {'S3': 3, 'C3': 12, 'Z3': 3}
  SARows_4: {'S4': 3, 'C4': 12, 'Z4': 3}
  SARows_5: {'S5': 3, 'C5': 12, 'Z5': 3}
  SARows_6: {'S6': 1, 'C6': 12, 'Z6': 8}
  SARows_7: {'S7': 3, 'C7': 28, 'Z7': 1}
------ loading Accelergy for Eyeriss ------
[Constrained Eyeriss] 8 layers, tile_size=80
  DRAM: {'Q': 12, 'P': 540, 'X0': 12, 'Y0': 540, 'Z0': 1, 'C0': 1, 'R0': 1, 'S0': 1, 'X1': 12, 'Y1': 540, 'Z1': 1, 'C1': 1, 'R1': 1, 'S1': 1, 'X2': 12, 'Y2': 540, 'Z2': 1, 'C2': 1, 'R2': 1, 'S2': 1, 'X3': 12, 'Y3': 540, 'Z3': 1, 'C3': 1, 'R3': 1, 'S3': 1, 'X4': 12, 'Y4': 540, 'Z4': 1, 'C4': 1, 'R4': 1, 'S4': 1, 'X5': 12, 'Y5': 540, 'Z5': 1, 'C5': 1, 'R5': 1, 'S5': 1, 'X6': 12, 'Y6': 540, 'Z6': 1, 'C6': 1, 'R6': 1, 'S6': 1, 'Z7': 1, 'C7': 1, 'R7': 1, 'S7': 1}
  GlobalBuffer: {'Q': 1, 'P': 1, 'X0': 1, 'Y0': 1, 'Z0': 1, 'C0': 1, 'R0': 1, 'S0': 1, 'X1': 1, 'Y1': 1, 'Z1': 1, 'C1': 1, 'R1': 1, 'S1': 1, 'X2': 1, 'Y2': 1, 'Z2': 1, 'C2': 1, 'R2': 1, 'S2': 1, 'X3': 1, 'Y3': 1, 'Z3': 1, 'C3': 1, 'R3': 1, 'S3': 1, 'X4': 1, 'Y4': 1, 'Z4': 1, 'C4': 1, 'R4': 1, 'S4': 1, 'X5': 1, 'Y5': 1, 'Z5': 1, 'C5': 1, 'R5': 1, 'S5': 1, 'X6': 1, 'Y6': 1, 'Z6': 1, 'C6': 1, 'R6': 1, 'S6': 1, 'Z7': 1, 'C7': 1, 'R7': 1, 'S7': 1}
  SACols: {'Q': 80, 'Z7': 1}
  SARows_0: {'S0': 5, 'C0': 3, 'Z0': 8}
  SARows_1: {'S1': 1, 'C1': 56, 'Z1': 2}
  SARows_2: {'S2': 3, 'C2': 12, 'Z2': 3}
  SARows_3: {'S3': 3, 'C3': 12, 'Z3': 3}
  SARows_4: {'S4': 3, 'C4': 12, 'Z4': 3}
  SARows_5: {'S5': 3, 'C5': 12, 'Z5': 3}
  SARows_6: {'S6': 1, 'C6': 12, 'Z6': 8}
  SARows_7: {'S7': 3, 'C7': 28, 'Z7': 1}
------ loading Accelergy for Eyeriss ------
[Constrained Eyeriss] 8 layers, tile_size=80
  DRAM: {'Q': 12, 'P': 540, 'X0': 12, 'Y0': 540, 'Z0': 1, 'C0': 1, 'R0': 1, 'S0': 1, 'X1': 12, 'Y1': 540, 'Z1': 1, 'C1': 1, 'R1': 1, 'S1': 1, 'X2': 12, 'Y2': 540, 'Z2': 1, 'C2': 1, 'R2': 1, 'S2': 1, 'X3': 12, 'Y3': 540, 'Z3': 1, 'C3': 1, 'R3': 1, 'S3': 1, 'X4': 12, 'Y4': 540, 'Z4': 1, 'C4': 1, 'R4': 1, 'S4': 1, 'X5': 12, 'Y5': 540, 'Z5': 1, 'C5': 1, 'R5': 1, 'S5': 1, 'X6': 12, 'Y6': 540, 'Z6': 1, 'C6': 1, 'R6': 1, 'S6': 1, 'Z7': 1, 'C7': 1, 'R7': 1, 'S7': 1}
  GlobalBuffer: {'Q': 20, 'P': 1, 'X0': 20, 'Y0': 1, 'Z0': 1, 'C0': 1, 'R0': 1, 'S0': 1, 'X1': 20, 'Y1': 1, 'Z1': 1, 'C1': 1, 'R1': 1, 'S1': 1, 'X2': 20, 'Y2': 1, 'Z2': 1, 'C2': 1, 'R2': 1, 'S2': 1, 'X3': 20, 'Y3': 1, 'Z3': 1, 'C3': 1, 'R3': 1, 'S3': 1, 'X4': 20, 'Y4': 1, 'Z4': 1, 'C4': 1, 'R4': 1, 'S4': 1, 'X5': 20, 'Y5': 1, 'Z5': 1, 'C5': 1, 'R5': 1, 'S5': 1, 'X6': 20, 'Y6': 1, 'Z6': 1, 'C6': 1, 'R6': 1, 'S6': 1, 'Z7': 1, 'C7': 1, 'R7': 1, 'S7': 1}
  SACols: {'Q': 4, 'Z7': 1}
  SARows_0: {'S0': 5, 'C0': 3, 'Z0': 14}
  SARows_1: {'S1': 1, 'C1': 56, 'Z1': 4}
  SARows_2: {'S2': 3, 'C2': 12, 'Z2': 6}
  SARows_3: {'S3': 3, 'C3': 12, 'Z3': 6}
  SARows_4: {'S4': 3, 'C4': 12, 'Z4': 6}
  SARows_5: {'S5': 3, 'C5': 12, 'Z5': 6}
  SARows_6: {'S6': 1, 'C6': 12, 'Z6': 14}
  SARows_7: {'S7': 3, 'C7': 56, 'Z7': 1}
------ loading Accelergy for Eyeriss ------
[Constrained Eyeriss] 8 layers, tile_size=80
  DRAM: {'Q': 12, 'P': 540, 'X0': 12, 'Y0': 540, 'Z0': 1, 'C0': 1, 'R0': 1, 'S0': 1, 'X1': 12, 'Y1': 540, 'Z1': 1, 'C1': 1, 'R1': 1, 'S1': 1, 'X2': 12, 'Y2': 540, 'Z2': 1, 'C2': 1, 'R2': 1, 'S2': 1, 'X3': 12, 'Y3': 540, 'Z3': 1, 'C3': 1, 'R3': 1, 'S3': 1, 'X4': 12, 'Y4': 540, 'Z4': 1, 'C4': 1, 'R4': 1, 'S4': 1, 'X5': 12, 'Y5': 540, 'Z5': 1, 'C5': 1, 'R5': 1, 'S5': 1, 'X6': 12, 'Y6': 540, 'Z6': 1, 'C6': 1, 'R6': 1, 'S6': 1, 'Z7': 1, 'C7': 1, 'R7': 1, 'S7': 1}
  GlobalBuffer: {'Q': 10, 'P': 1, 'X0': 10, 'Y0': 1, 'Z0': 1, 'C0': 1, 'R0': 1, 'S0': 1, 'X1': 10, 'Y1': 1, 'Z1': 1, 'C1': 1, 'R1': 1, 'S1': 1, 'X2': 10, 'Y2': 1, 'Z2': 1, 'C2': 1, 'R2': 1, 'S2': 1, 'X3': 10, 'Y3': 1, 'Z3': 1, 'C3': 1, 'R3': 1, 'S3': 1, 'X4': 10, 'Y4': 1, 'Z4': 1, 'C4': 1, 'R4': 1, 'S4': 1, 'X5': 10, 'Y5': 1, 'Z5': 1, 'C5': 1, 'R5': 1, 'S5': 1, 'X6': 10, 'Y6': 1, 'Z6': 1, 'C6': 1, 'R6': 1, 'S6': 1, 'Z7': 1, 'C7': 1, 'R7': 1, 'S7': 1}
  SACols: {'Q': 8, 'Z7': 1}
  SARows_0: {'S0': 5, 'C0': 3, 'Z0': 14}
  SARows_1: {'S1': 1, 'C1': 56, 'Z1': 4}
  SARows_2: {'S2': 3, 'C2': 12, 'Z2': 6}
  SARows_3: {'S3': 3, 'C3': 12, 'Z3': 6}
  SARows_4: {'S4': 3, 'C4': 12, 'Z4': 6}
  SARows_5: {'S5': 3, 'C5': 12, 'Z5': 6}
  SARows_6: {'S6': 1, 'C6': 12, 'Z6': 14}
  SARows_7: {'S7': 3, 'C7': 56, 'Z7': 1}
------ loading Accelergy for Eyeriss ------
[Constrained Eyeriss] 8 layers, tile_size=80
  DRAM: {'Q': 12, 'P': 540, 'X0': 12, 'Y0': 540, 'Z0': 1, 'C0': 1, 'R0': 1, 'S0': 1, 'X1': 12, 'Y1': 540, 'Z1': 1, 'C1': 1, 'R1': 1, 'S1': 1, 'X2': 12, 'Y2': 540, 'Z2': 1, 'C2': 1, 'R2': 1, 'S2': 1, 'X3': 12, 'Y3': 540, 'Z3': 1, 'C3': 1, 'R3': 1, 'S3': 1, 'X4': 12, 'Y4': 540, 'Z4': 1, 'C4': 1, 'R4': 1, 'S4': 1, 'X5': 12, 'Y5': 540, 'Z5': 1, 'C5': 1, 'R5': 1, 'S5': 1, 'X6': 12, 'Y6': 540, 'Z6': 1, 'C6': 1, 'R6': 1, 'S6': 1, 'Z7': 1, 'C7': 1, 'R7': 1, 'S7': 1}
  GlobalBuffer: {'Q': 8, 'P': 1, 'X0': 8, 'Y0': 1, 'Z0': 1, 'C0': 1, 'R0': 1, 'S0': 1, 'X1': 8, 'Y1': 1, 'Z1': 1, 'C1': 1, 'R1': 1, 'S1': 1, 'X2': 8, 'Y2': 1, 'Z2': 1, 'C2': 1, 'R2': 1, 'S2': 1, 'X3': 8, 'Y3': 1, 'Z3': 1, 'C3': 1, 'R3': 1, 'S3': 1, 'X4': 8, 'Y4': 1, 'Z4': 1, 'C4': 1, 'R4': 1, 'S4': 1, 'X5': 8, 'Y5': 1, 'Z5': 1, 'C5': 1, 'R5': 1, 'S5': 1, 'X6': 8, 'Y6': 1, 'Z6': 1, 'C6': 1, 'R6': 1, 'S6': 1, 'Z7': 1, 'C7': 1, 'R7': 1, 'S7': 1}
  SACols: {'Q': 10, 'Z7': 1}
  SARows_0: {'S0': 5, 'C0': 3, 'Z0': 14}
  SARows_1: {'S1': 1, 'C1': 56, 'Z1': 4}
  SARows_2: {'S2': 3, 'C2': 12, 'Z2': 6}
  SARows_3: {'S3': 3, 'C3': 12, 'Z3': 6}
  SARows_4: {'S4': 3, 'C4': 12, 'Z4': 6}
  SARows_5: {'S5': 3, 'C5': 12, 'Z5': 6}
  SARows_6: {'S6': 1, 'C6': 12, 'Z6': 14}
  SARows_7: {'S7': 3, 'C7': 56, 'Z7': 1}
------ loading Accelergy for Eyeriss ------
[Constrained Eyeriss] 8 layers, tile_size=80
  DRAM: {'Q': 12, 'P': 540, 'X0': 12, 'Y0': 540, 'Z0': 1, 'C0': 1, 'R0': 1, 'S0': 1, 'X1': 12, 'Y1': 540, 'Z1': 1, 'C1': 1, 'R1': 1, 'S1': 1, 'X2': 12, 'Y2': 540, 'Z2': 1, 'C2': 1, 'R2': 1, 'S2': 1, 'X3': 12, 'Y3': 540, 'Z3': 1, 'C3': 1, 'R3': 1, 'S3': 1, 'X4': 12, 'Y4': 540, 'Z4': 1, 'C4': 1, 'R4': 1, 'S4': 1, 'X5': 12, 'Y5': 540, 'Z5': 1, 'C5': 1, 'R5': 1, 'S5': 1, 'X6': 12, 'Y6': 540, 'Z6': 1, 'C6': 1, 'R6': 1, 'S6': 1, 'Z7': 1, 'C7': 1, 'R7': 1, 'S7': 1}
  GlobalBuffer: {'Q': 5, 'P': 1, 'X0': 5, 'Y0': 1, 'Z0': 1, 'C0': 1, 'R0': 1, 'S0': 1, 'X1': 5, 'Y1': 1, 'Z1': 1, 'C1': 1, 'R1': 1, 'S1': 1, 'X2': 5, 'Y2': 1, 'Z2': 1, 'C2': 1, 'R2': 1, 'S2': 1, 'X3': 5, 'Y3': 1, 'Z3': 1, 'C3': 1, 'R3': 1, 'S3': 1, 'X4': 5, 'Y4': 1, 'Z4': 1, 'C4': 1, 'R4': 1, 'S4': 1, 'X5': 5, 'Y5': 1, 'Z5': 1, 'C5': 1, 'R5': 1, 'S5': 1, 'X6': 5, 'Y6': 1, 'Z6': 1, 'C6': 1, 'R6': 1, 'S6': 1, 'Z7': 1, 'C7': 1, 'R7': 1, 'S7': 1}
  SACols: {'Q': 16, 'Z7': 1}
  SARows_0: {'S0': 5, 'C0': 3, 'Z0': 14}
  SARows_1: {'S1': 1, 'C1': 56, 'Z1': 4}
  SARows_2: {'S2': 3, 'C2': 12, 'Z2': 6}
  SARows_3: {'S3': 3, 'C3': 12, 'Z3': 6}
  SARows_4: {'S4': 3, 'C4': 12, 'Z4': 6}
  SARows_5: {'S5': 3, 'C5': 12, 'Z5': 6}
  SARows_6: {'S6': 1, 'C6': 12, 'Z6': 14}
  SARows_7: {'S7': 3, 'C7': 56, 'Z7': 1}
------ loading Accelergy for Eyeriss ------
[Constrained Eyeriss] 8 layers, tile_size=80
  DRAM: {'Q': 12, 'P': 540, 'X0': 12, 'Y0': 540, 'Z0': 1, 'C0': 1, 'R0': 1, 'S0': 1, 'X1': 12, 'Y1': 540, 'Z1': 1, 'C1': 1, 'R1': 1, 'S1': 1, 'X2': 12, 'Y2': 540, 'Z2': 1, 'C2': 1, 'R2': 1, 'S2': 1, 'X3': 12, 'Y3': 540, 'Z3': 1, 'C3': 1, 'R3': 1, 'S3': 1, 'X4': 12, 'Y4': 540, 'Z4': 1, 'C4': 1, 'R4': 1, 'S4': 1, 'X5': 12, 'Y5': 540, 'Z5': 1, 'C5': 1, 'R5': 1, 'S5': 1, 'X6': 12, 'Y6': 540, 'Z6': 1, 'C6': 1, 'R6': 1, 'S6': 1, 'Z7': 1, 'C7': 1, 'R7': 1, 'S7': 1}
  GlobalBuffer: {'Q': 4, 'P': 1, 'X0': 4, 'Y0': 1, 'Z0': 1, 'C0': 1, 'R0': 1, 'S0': 1, 'X1': 4, 'Y1': 1, 'Z1': 1, 'C1': 1, 'R1': 1, 'S1': 1, 'X2': 4, 'Y2': 1, 'Z2': 1, 'C2': 1, 'R2': 1, 'S2': 1, 'X3': 4, 'Y3': 1, 'Z3': 1, 'C3': 1, 'R3': 1, 'S3': 1, 'X4': 4, 'Y4': 1, 'Z4': 1, 'C4': 1, 'R4': 1, 'S4': 1, 'X5': 4, 'Y5': 1, 'Z5': 1, 'C5': 1, 'R5': 1, 'S5': 1, 'X6': 4, 'Y6': 1, 'Z6': 1, 'C6': 1, 'R6': 1, 'S6': 1, 'Z7': 1, 'C7': 1, 'R7': 1, 'S7': 1}
  SACols: {'Q': 20, 'Z7': 1}
  SARows_0: {'S0': 5, 'C0': 3, 'Z0': 14}
  SARows_1: {'S1': 1, 'C1': 56, 'Z1': 4}
  SARows_2: {'S2': 3, 'C2': 12, 'Z2': 6}
  SARows_3: {'S3': 3, 'C3': 12, 'Z3': 6}
  SARows_4: {'S4': 3, 'C4': 12, 'Z4': 6}
  SARows_5: {'S5': 3, 'C5': 12, 'Z5': 6}
  SARows_6: {'S6': 1, 'C6': 12, 'Z6': 14}
  SARows_7: {'S7': 3, 'C7': 56, 'Z7': 1}
------ loading Accelergy for Eyeriss ------
[Constrained Eyeriss] 8 layers, tile_size=80
  DRAM: {'Q': 12, 'P': 540, 'X0': 12, 'Y0': 540, 'Z0': 1, 'C0': 1, 'R0': 1, 'S0': 1, 'X1': 12, 'Y1': 540, 'Z1': 1, 'C1': 1, 'R1': 1, 'S1': 1, 'X2': 12, 'Y2': 540, 'Z2': 1, 'C2': 1, 'R2': 1, 'S2': 1, 'X3': 12, 'Y3': 540, 'Z3': 1, 'C3': 1, 'R3': 1, 'S3': 1, 'X4': 12, 'Y4': 540, 'Z4': 1, 'C4': 1, 'R4': 1, 'S4': 1, 'X5': 12, 'Y5': 540, 'Z5': 1, 'C5': 1, 'R5': 1, 'S5': 1, 'X6': 12, 'Y6': 540, 'Z6': 1, 'C6': 1, 'R6': 1, 'S6': 1, 'Z7': 1, 'C7': 1, 'R7': 1, 'S7': 1}
  GlobalBuffer: {'Q': 2, 'P': 1, 'X0': 2, 'Y0': 1, 'Z0': 1, 'C0': 1, 'R0': 1, 'S0': 1, 'X1': 2, 'Y1': 1, 'Z1': 1, 'C1': 1, 'R1': 1, 'S1': 1, 'X2': 2, 'Y2': 1, 'Z2': 1, 'C2': 1, 'R2': 1, 'S2': 1, 'X3': 2, 'Y3': 1, 'Z3': 1, 'C3': 1, 'R3': 1, 'S3': 1, 'X4': 2, 'Y4': 1, 'Z4': 1, 'C4': 1, 'R4': 1, 'S4': 1, 'X5': 2, 'Y5': 1, 'Z5': 1, 'C5': 1, 'R5': 1, 'S5': 1, 'X6': 2, 'Y6': 1, 'Z6': 1, 'C6': 1, 'R6': 1, 'S6': 1, 'Z7': 1, 'C7': 1, 'R7': 1, 'S7': 1}
  SACols: {'Q': 40, 'Z7': 1}
  SARows_0: {'S0': 5, 'C0': 3, 'Z0': 14}
  SARows_1: {'S1': 1, 'C1': 56, 'Z1': 4}
  SARows_2: {'S2': 3, 'C2': 12, 'Z2': 6}
  SARows_3: {'S3': 3, 'C3': 12, 'Z3': 6}
  SARows_4: {'S4': 3, 'C4': 12, 'Z4': 6}
  SARows_5: {'S5': 3, 'C5': 12, 'Z5': 6}
  SARows_6: {'S6': 1, 'C6': 12, 'Z6': 14}
  SARows_7: {'S7': 3, 'C7': 56, 'Z7': 1}
------ loading Accelergy for Eyeriss ------
[Constrained Eyeriss] 8 layers, tile_size=80
  DRAM: {'Q': 12, 'P': 540, 'X0': 12, 'Y0': 540, 'Z0': 1, 'C0': 1, 'R0': 1, 'S0': 1, 'X1': 12, 'Y1': 540, 'Z1': 1, 'C1': 1, 'R1': 1, 'S1': 1, 'X2': 12, 'Y2': 540, 'Z2': 1, 'C2': 1, 'R2': 1, 'S2': 1, 'X3': 12, 'Y3': 540, 'Z3': 1, 'C3': 1, 'R3': 1, 'S3': 1, 'X4': 12, 'Y4': 540, 'Z4': 1, 'C4': 1, 'R4': 1, 'S4': 1, 'X5': 12, 'Y5': 540, 'Z5': 1, 'C5': 1, 'R5': 1, 'S5': 1, 'X6': 12, 'Y6': 540, 'Z6': 1, 'C6': 1, 'R6': 1, 'S6': 1, 'Z7': 1, 'C7': 1, 'R7': 1, 'S7': 1}
  GlobalBuffer: {'Q': 20, 'P': 1, 'X0': 20, 'Y0': 1, 'Z0': 1, 'C0': 1, 'R0': 1, 'S0': 1, 'X1': 20, 'Y1': 1, 'Z1': 1, 'C1': 1, 'R1': 1, 'S1': 1, 'X2': 20, 'Y2': 1, 'Z2': 1, 'C2': 1, 'R2': 1, 'S2': 1, 'X3': 20, 'Y3': 1, 'Z3': 1, 'C3': 1, 'R3': 1, 'S3': 1, 'X4': 20, 'Y4': 1, 'Z4': 1, 'C4': 1, 'R4': 1, 'S4': 1, 'X5': 20, 'Y5': 1, 'Z5': 1, 'C5': 1, 'R5': 1, 'S5': 1, 'X6': 20, 'Y6': 1, 'Z6': 1, 'C6': 1, 'R6': 1, 'S6': 1, 'Z7': 1, 'C7': 1, 'R7': 1, 'S7': 1}
  SACols: {'Q': 4, 'Z7': 1}
  SARows_0: {'S0': 5, 'C0': 3, 'Z0': 14}
  SARows_1: {'S1': 1, 'C1': 56, 'Z1': 4}
  SARows_2: {'S2': 3, 'C2': 12, 'Z2': 6}
  SARows_3: {'S3': 3, 'C3': 12, 'Z3': 6}
  SARows_4: {'S4': 3, 'C4': 12, 'Z4': 6}
  SARows_5: {'S5': 3, 'C5': 12, 'Z5': 6}
  SARows_6: {'S6': 1, 'C6': 12, 'Z6': 14}
  SARows_7: {'S7': 3, 'C7': 56, 'Z7': 1}
------ loading Accelergy for Eyeriss ------
[Constrained Eyeriss] 8 layers, tile_size=80
  DRAM: {'Q': 12, 'P': 540, 'X0': 12, 'Y0': 540, 'Z0': 1, 'C0': 1, 'R0': 1, 'S0': 1, 'X1': 12, 'Y1': 540, 'Z1': 1, 'C1': 1, 'R1': 1, 'S1': 1, 'X2': 12, 'Y2': 540, 'Z2': 1, 'C2': 1, 'R2': 1, 'S2': 1, 'X3': 12, 'Y3': 540, 'Z3': 1, 'C3': 1, 'R3': 1, 'S3': 1, 'X4': 12, 'Y4': 540, 'Z4': 1, 'C4': 1, 'R4': 1, 'S4': 1, 'X5': 12, 'Y5': 540, 'Z5': 1, 'C5': 1, 'R5': 1, 'S5': 1, 'X6': 12, 'Y6': 540, 'Z6': 1, 'C6': 1, 'R6': 1, 'S6': 1, 'Z7': 1, 'C7': 1, 'R7': 1, 'S7': 1}
  GlobalBuffer: {'Q': 10, 'P': 1, 'X0': 10, 'Y0': 1, 'Z0': 1, 'C0': 1, 'R0': 1, 'S0': 1, 'X1': 10, 'Y1': 1, 'Z1': 1, 'C1': 1, 'R1': 1, 'S1': 1, 'X2': 10, 'Y2': 1, 'Z2': 1, 'C2': 1, 'R2': 1, 'S2': 1, 'X3': 10, 'Y3': 1, 'Z3': 1, 'C3': 1, 'R3': 1, 'S3': 1, 'X4': 10, 'Y4': 1, 'Z4': 1, 'C4': 1, 'R4': 1, 'S4': 1, 'X5': 10, 'Y5': 1, 'Z5': 1, 'C5': 1, 'R5': 1, 'S5': 1, 'X6': 10, 'Y6': 1, 'Z6': 1, 'C6': 1, 'R6': 1, 'S6': 1, 'Z7': 1, 'C7': 1, 'R7': 1, 'S7': 1}
  SACols: {'Q': 8, 'Z7': 1}
  SARows_0: {'S0': 5, 'C0': 3, 'Z0': 14}
  SARows_1: {'S1': 1, 'C1': 56, 'Z1': 4}
  SARows_2: {'S2': 3, 'C2': 12, 'Z2': 6}
  SARows_3: {'S3': 3, 'C3': 12, 'Z3': 6}
  SARows_4: {'S4': 3, 'C4': 12, 'Z4': 6}
  SARows_5: {'S5': 3, 'C5': 12, 'Z5': 6}
  SARows_6: {'S6': 1, 'C6': 12, 'Z6': 14}
  SARows_7: {'S7': 3, 'C7': 56, 'Z7': 1}
------ loading Accelergy for Eyeriss ------
[Constrained Eyeriss] 8 layers, tile_size=80
  DRAM: {'Q': 12, 'P': 540, 'X0': 12, 'Y0': 540, 'Z0': 1, 'C0': 1, 'R0': 1, 'S0': 1, 'X1': 12, 'Y1': 540, 'Z1': 1, 'C1': 1, 'R1': 1, 'S1': 1, 'X2': 12, 'Y2': 540, 'Z2': 1, 'C2': 1, 'R2': 1, 'S2': 1, 'X3': 12, 'Y3': 540, 'Z3': 1, 'C3': 1, 'R3': 1, 'S3': 1, 'X4': 12, 'Y4': 540, 'Z4': 1, 'C4': 1, 'R4': 1, 'S4': 1, 'X5': 12, 'Y5': 540, 'Z5': 1, 'C5': 1, 'R5': 1, 'S5': 1, 'X6': 12, 'Y6': 540, 'Z6': 1, 'C6': 1, 'R6': 1, 'S6': 1, 'Z7': 1, 'C7': 1, 'R7': 1, 'S7': 1}
  GlobalBuffer: {'Q': 8, 'P': 1, 'X0': 8, 'Y0': 1, 'Z0': 1, 'C0': 1, 'R0': 1, 'S0': 1, 'X1': 8, 'Y1': 1, 'Z1': 1, 'C1': 1, 'R1': 1, 'S1': 1, 'X2': 8, 'Y2': 1, 'Z2': 1, 'C2': 1, 'R2': 1, 'S2': 1, 'X3': 8, 'Y3': 1, 'Z3': 1, 'C3': 1, 'R3': 1, 'S3': 1, 'X4': 8, 'Y4': 1, 'Z4': 1, 'C4': 1, 'R4': 1, 'S4': 1, 'X5': 8, 'Y5': 1, 'Z5': 1, 'C5': 1, 'R5': 1, 'S5': 1, 'X6': 8, 'Y6': 1, 'Z6': 1, 'C6': 1, 'R6': 1, 'S6': 1, 'Z7': 1, 'C7': 1, 'R7': 1, 'S7': 1}
  SACols: {'Q': 10, 'Z7': 1}
  SARows_0: {'S0': 5, 'C0': 3, 'Z0': 14}
  SARows_1: {'S1': 1, 'C1': 56, 'Z1': 4}
  SARows_2: {'S2': 3, 'C2': 12, 'Z2': 6}
  SARows_3: {'S3': 3, 'C3': 12, 'Z3': 6}
  SARows_4: {'S4': 3, 'C4': 12, 'Z4': 6}
  SARows_5: {'S5': 3, 'C5': 12, 'Z5': 6}
  SARows_6: {'S6': 1, 'C6': 12, 'Z6': 14}
  SARows_7: {'S7': 3, 'C7': 56, 'Z7': 1}
------ loading Accelergy for Eyeriss ------
[Constrained Eyeriss] 8 layers, tile_size=80
  DRAM: {'Q': 12, 'P': 540, 'X0': 12, 'Y0': 540, 'Z0': 1, 'C0': 1, 'R0': 1, 'S0': 1, 'X1': 12, 'Y1': 540, 'Z1': 1, 'C1': 1, 'R1': 1, 'S1': 1, 'X2': 12, 'Y2': 540, 'Z2': 1, 'C2': 1, 'R2': 1, 'S2': 1, 'X3': 12, 'Y3': 540, 'Z3': 1, 'C3': 1, 'R3': 1, 'S3': 1, 'X4': 12, 'Y4': 540, 'Z4': 1, 'C4': 1, 'R4': 1, 'S4': 1, 'X5': 12, 'Y5': 540, 'Z5': 1, 'C5': 1, 'R5': 1, 'S5': 1, 'X6': 12, 'Y6': 540, 'Z6': 1, 'C6': 1, 'R6': 1, 'S6': 1, 'Z7': 1, 'C7': 1, 'R7': 1, 'S7': 1}
  GlobalBuffer: {'Q': 5, 'P': 1, 'X0': 5, 'Y0': 1, 'Z0': 1, 'C0': 1, 'R0': 1, 'S0': 1, 'X1': 5, 'Y1': 1, 'Z1': 1, 'C1': 1, 'R1': 1, 'S1': 1, 'X2': 5, 'Y2': 1, 'Z2': 1, 'C2': 1, 'R2': 1, 'S2': 1, 'X3': 5, 'Y3': 1, 'Z3': 1, 'C3': 1, 'R3': 1, 'S3': 1, 'X4': 5, 'Y4': 1, 'Z4': 1, 'C4': 1, 'R4': 1, 'S4': 1, 'X5': 5, 'Y5': 1, 'Z5': 1, 'C5': 1, 'R5': 1, 'S5': 1, 'X6': 5, 'Y6': 1, 'Z6': 1, 'C6': 1, 'R6': 1, 'S6': 1, 'Z7': 1, 'C7': 1, 'R7': 1, 'S7': 1}
  SACols: {'Q': 16, 'Z7': 1}
  SARows_0: {'S0': 5, 'C0': 3, 'Z0': 14}
  SARows_1: {'S1': 1, 'C1': 56, 'Z1': 4}
  SARows_2: {'S2': 3, 'C2': 12, 'Z2': 6}
  SARows_3: {'S3': 3, 'C3': 12, 'Z3': 6}
  SARows_4: {'S4': 3, 'C4': 12, 'Z4': 6}
  SARows_5: {'S5': 3, 'C5': 12, 'Z5': 6}
  SARows_6: {'S6': 1, 'C6': 12, 'Z6': 14}
  SARows_7: {'S7': 3, 'C7': 56, 'Z7': 1}
------ loading Accelergy for Eyeriss ------
[Constrained Eyeriss] 8 layers, tile_size=80
  DRAM: {'Q': 12, 'P': 540, 'X0': 12, 'Y0': 540, 'Z0': 1, 'C0': 1, 'R0': 1, 'S0': 1, 'X1': 12, 'Y1': 540, 'Z1': 1, 'C1': 1, 'R1': 1, 'S1': 1, 'X2': 12, 'Y2': 540, 'Z2': 1, 'C2': 1, 'R2': 1, 'S2': 1, 'X3': 12, 'Y3': 540, 'Z3': 1, 'C3': 1, 'R3': 1, 'S3': 1, 'X4': 12, 'Y4': 540, 'Z4': 1, 'C4': 1, 'R4': 1, 'S4': 1, 'X5': 12, 'Y5': 540, 'Z5': 1, 'C5': 1, 'R5': 1, 'S5': 1, 'X6': 12, 'Y6': 540, 'Z6': 1, 'C6': 1, 'R6': 1, 'S6': 1, 'Z7': 1, 'C7': 1, 'R7': 1, 'S7': 1}
  GlobalBuffer: {'Q': 4, 'P': 1, 'X0': 4, 'Y0': 1, 'Z0': 1, 'C0': 1, 'R0': 1, 'S0': 1, 'X1': 4, 'Y1': 1, 'Z1': 1, 'C1': 1, 'R1': 1, 'S1': 1, 'X2': 4, 'Y2': 1, 'Z2': 1, 'C2': 1, 'R2': 1, 'S2': 1, 'X3': 4, 'Y3': 1, 'Z3': 1, 'C3': 1, 'R3': 1, 'S3': 1, 'X4': 4, 'Y4': 1, 'Z4': 1, 'C4': 1, 'R4': 1, 'S4': 1, 'X5': 4, 'Y5': 1, 'Z5': 1, 'C5': 1, 'R5': 1, 'S5': 1, 'X6': 4, 'Y6': 1, 'Z6': 1, 'C6': 1, 'R6': 1, 'S6': 1, 'Z7': 1, 'C7': 1, 'R7': 1, 'S7': 1}
  SACols: {'Q': 20, 'Z7': 1}
  SARows_0: {'S0': 5, 'C0': 3, 'Z0': 14}
  SARows_1: {'S1': 1, 'C1': 56, 'Z1': 4}
  SARows_2: {'S2': 3, 'C2': 12, 'Z2': 6}
  SARows_3: {'S3': 3, 'C3': 12, 'Z3': 6}
  SARows_4: {'S4': 3, 'C4': 12, 'Z4': 6}
  SARows_5: {'S5': 3, 'C5': 12, 'Z5': 6}
  SARows_6: {'S6': 1, 'C6': 12, 'Z6': 14}
  SARows_7: {'S7': 3, 'C7': 56, 'Z7': 1}
------ loading Accelergy for Eyeriss ------
[Constrained Eyeriss] 8 layers, tile_size=80
  DRAM: {'Q': 12, 'P': 540, 'X0': 12, 'Y0': 540, 'Z0': 1, 'C0': 1, 'R0': 1, 'S0': 1, 'X1': 12, 'Y1': 540, 'Z1': 1, 'C1': 1, 'R1': 1, 'S1': 1, 'X2': 12, 'Y2': 540, 'Z2': 1, 'C2': 1, 'R2': 1, 'S2': 1, 'X3': 12, 'Y3': 540, 'Z3': 1, 'C3': 1, 'R3': 1, 'S3': 1, 'X4': 12, 'Y4': 540, 'Z4': 1, 'C4': 1, 'R4': 1, 'S4': 1, 'X5': 12, 'Y5': 540, 'Z5': 1, 'C5': 1, 'R5': 1, 'S5': 1, 'X6': 12, 'Y6': 540, 'Z6': 1, 'C6': 1, 'R6': 1, 'S6': 1, 'Z7': 1, 'C7': 1, 'R7': 1, 'S7': 1}
  GlobalBuffer: {'Q': 20, 'P': 1, 'X0': 20, 'Y0': 1, 'Z0': 1, 'C0': 1, 'R0': 1, 'S0': 1, 'X1': 20, 'Y1': 1, 'Z1': 1, 'C1': 1, 'R1': 1, 'S1': 1, 'X2': 20, 'Y2': 1, 'Z2': 1, 'C2': 1, 'R2': 1, 'S2': 1, 'X3': 20, 'Y3': 1, 'Z3': 1, 'C3': 1, 'R3': 1, 'S3': 1, 'X4': 20, 'Y4': 1, 'Z4': 1, 'C4': 1, 'R4': 1, 'S4': 1, 'X5': 20, 'Y5': 1, 'Z5': 1, 'C5': 1, 'R5': 1, 'S5': 1, 'X6': 20, 'Y6': 1, 'Z6': 1, 'C6': 1, 'R6': 1, 'S6': 1, 'Z7': 1, 'C7': 1, 'R7': 1, 'S7': 1}
  SACols: {'Q': 4, 'Z7': 1}
  SARows_0: {'S0': 5, 'C0': 3, 'Z0': 28}
  SARows_1: {'S1': 1, 'C1': 56, 'Z1': 6}
  SARows_2: {'S2': 3, 'C2': 12, 'Z2': 12}
  SARows_3: {'S3': 3, 'C3': 12, 'Z3': 12}
  SARows_4: {'S4': 3, 'C4': 12, 'Z4': 12}
  SARows_5: {'S5': 3, 'C5': 12, 'Z5': 12}
  SARows_6: {'S6': 1, 'C6': 12, 'Z6': 28}
  SARows_7: {'S7': 3, 'C7': 56, 'Z7': 2}
------ loading Accelergy for Eyeriss ------
[Constrained Eyeriss] 8 layers, tile_size=80
  DRAM: {'Q': 12, 'P': 540, 'X0': 12, 'Y0': 540, 'Z0': 1, 'C0': 1, 'R0': 1, 'S0': 1, 'X1': 12, 'Y1': 540, 'Z1': 1, 'C1': 1, 'R1': 1, 'S1': 1, 'X2': 12, 'Y2': 540, 'Z2': 1, 'C2': 1, 'R2': 1, 'S2': 1, 'X3': 12, 'Y3': 540, 'Z3': 1, 'C3': 1, 'R3': 1, 'S3': 1, 'X4': 12, 'Y4': 540, 'Z4': 1, 'C4': 1, 'R4': 1, 'S4': 1, 'X5': 12, 'Y5': 540, 'Z5': 1, 'C5': 1, 'R5': 1, 'S5': 1, 'X6': 12, 'Y6': 540, 'Z6': 1, 'C6': 1, 'R6': 1, 'S6': 1, 'Z7': 1, 'C7': 1, 'R7': 1, 'S7': 1}
  GlobalBuffer: {'Q': 10, 'P': 1, 'X0': 10, 'Y0': 1, 'Z0': 1, 'C0': 1, 'R0': 1, 'S0': 1, 'X1': 10, 'Y1': 1, 'Z1': 1, 'C1': 1, 'R1': 1, 'S1': 1, 'X2': 10, 'Y2': 1, 'Z2': 1, 'C2': 1, 'R2': 1, 'S2': 1, 'X3': 10, 'Y3': 1, 'Z3': 1, 'C3': 1, 'R3': 1, 'S3': 1, 'X4': 10, 'Y4': 1, 'Z4': 1, 'C4': 1, 'R4': 1, 'S4': 1, 'X5': 10, 'Y5': 1, 'Z5': 1, 'C5': 1, 'R5': 1, 'S5': 1, 'X6': 10, 'Y6': 1, 'Z6': 1, 'C6': 1, 'R6': 1, 'S6': 1, 'Z7': 1, 'C7': 1, 'R7': 1, 'S7': 1}
  SACols: {'Q': 8, 'Z7': 1}
  SARows_0: {'S0': 5, 'C0': 3, 'Z0': 28}
  SARows_1: {'S1': 1, 'C1': 56, 'Z1': 6}
  SARows_2: {'S2': 3, 'C2': 12, 'Z2': 12}
  SARows_3: {'S3': 3, 'C3': 12, 'Z3': 12}
  SARows_4: {'S4': 3, 'C4': 12, 'Z4': 12}
  SARows_5: {'S5': 3, 'C5': 12, 'Z5': 12}
  SARows_6: {'S6': 1, 'C6': 12, 'Z6': 28}
  SARows_7: {'S7': 3, 'C7': 56, 'Z7': 2}
------ loading Accelergy for Eyeriss ------
[Constrained Eyeriss] 8 layers, tile_size=80
  DRAM: {'Q': 12, 'P': 540, 'X0': 12, 'Y0': 540, 'Z0': 1, 'C0': 1, 'R0': 1, 'S0': 1, 'X1': 12, 'Y1': 540, 'Z1': 1, 'C1': 1, 'R1': 1, 'S1': 1, 'X2': 12, 'Y2': 540, 'Z2': 1, 'C2': 1, 'R2': 1, 'S2': 1, 'X3': 12, 'Y3': 540, 'Z3': 1, 'C3': 1, 'R3': 1, 'S3': 1, 'X4': 12, 'Y4': 540, 'Z4': 1, 'C4': 1, 'R4': 1, 'S4': 1, 'X5': 12, 'Y5': 540, 'Z5': 1, 'C5': 1, 'R5': 1, 'S5': 1, 'X6': 12, 'Y6': 540, 'Z6': 1, 'C6': 1, 'R6': 1, 'S6': 1, 'Z7': 1, 'C7': 1, 'R7': 1, 'S7': 1}
  GlobalBuffer: {'Q': 8, 'P': 1, 'X0': 8, 'Y0': 1, 'Z0': 1, 'C0': 1, 'R0': 1, 'S0': 1, 'X1': 8, 'Y1': 1, 'Z1': 1, 'C1': 1, 'R1': 1, 'S1': 1, 'X2': 8, 'Y2': 1, 'Z2': 1, 'C2': 1, 'R2': 1, 'S2': 1, 'X3': 8, 'Y3': 1, 'Z3': 1, 'C3': 1, 'R3': 1, 'S3': 1, 'X4': 8, 'Y4': 1, 'Z4': 1, 'C4': 1, 'R4': 1, 'S4': 1, 'X5': 8, 'Y5': 1, 'Z5': 1, 'C5': 1, 'R5': 1, 'S5': 1, 'X6': 8, 'Y6': 1, 'Z6': 1, 'C6': 1, 'R6': 1, 'S6': 1, 'Z7': 1, 'C7': 1, 'R7': 1, 'S7': 1}
  SACols: {'Q': 10, 'Z7': 1}
  SARows_0: {'S0': 5, 'C0': 3, 'Z0': 28}
  SARows_1: {'S1': 1, 'C1': 56, 'Z1': 6}
  SARows_2: {'S2': 3, 'C2': 12, 'Z2': 12}
  SARows_3: {'S3': 3, 'C3': 12, 'Z3': 12}
  SARows_4: {'S4': 3, 'C4': 12, 'Z4': 12}
  SARows_5: {'S5': 3, 'C5': 12, 'Z5': 12}
  SARows_6: {'S6': 1, 'C6': 12, 'Z6': 28}
  SARows_7: {'S7': 3, 'C7': 56, 'Z7': 2}
------ loading Accelergy for Eyeriss ------
[Constrained Eyeriss] 8 layers, tile_size=80
  DRAM: {'Q': 12, 'P': 540, 'X0': 12, 'Y0': 540, 'Z0': 1, 'C0': 1, 'R0': 1, 'S0': 1, 'X1': 12, 'Y1': 540, 'Z1': 1, 'C1': 1, 'R1': 1, 'S1': 1, 'X2': 12, 'Y2': 540, 'Z2': 1, 'C2': 1, 'R2': 1, 'S2': 1, 'X3': 12, 'Y3': 540, 'Z3': 1, 'C3': 1, 'R3': 1, 'S3': 1, 'X4': 12, 'Y4': 540, 'Z4': 1, 'C4': 1, 'R4': 1, 'S4': 1, 'X5': 12, 'Y5': 540, 'Z5': 1, 'C5': 1, 'R5': 1, 'S5': 1, 'X6': 12, 'Y6': 540, 'Z6': 1, 'C6': 1, 'R6': 1, 'S6': 1, 'Z7': 1, 'C7': 1, 'R7': 1, 'S7': 1}
  GlobalBuffer: {'Q': 5, 'P': 1, 'X0': 5, 'Y0': 1, 'Z0': 1, 'C0': 1, 'R0': 1, 'S0': 1, 'X1': 5, 'Y1': 1, 'Z1': 1, 'C1': 1, 'R1': 1, 'S1': 1, 'X2': 5, 'Y2': 1, 'Z2': 1, 'C2': 1, 'R2': 1, 'S2': 1, 'X3': 5, 'Y3': 1, 'Z3': 1, 'C3': 1, 'R3': 1, 'S3': 1, 'X4': 5, 'Y4': 1, 'Z4': 1, 'C4': 1, 'R4': 1, 'S4': 1, 'X5': 5, 'Y5': 1, 'Z5': 1, 'C5': 1, 'R5': 1, 'S5': 1, 'X6': 5, 'Y6': 1, 'Z6': 1, 'C6': 1, 'R6': 1, 'S6': 1, 'Z7': 1, 'C7': 1, 'R7': 1, 'S7': 1}
  SACols: {'Q': 16, 'Z7': 1}
  SARows_0: {'S0': 5, 'C0': 3, 'Z0': 28}
  SARows_1: {'S1': 1, 'C1': 56, 'Z1': 6}
  SARows_2: {'S2': 3, 'C2': 12, 'Z2': 12}
  SARows_3: {'S3': 3, 'C3': 12, 'Z3': 12}
  SARows_4: {'S4': 3, 'C4': 12, 'Z4': 12}
  SARows_5: {'S5': 3, 'C5': 12, 'Z5': 12}
  SARows_6: {'S6': 1, 'C6': 12, 'Z6': 28}
  SARows_7: {'S7': 3, 'C7': 56, 'Z7': 2}
------ loading Accelergy for Eyeriss ------
[Constrained Eyeriss] 8 layers, tile_size=80
  DRAM: {'Q': 12, 'P': 540, 'X0': 12, 'Y0': 540, 'Z0': 1, 'C0': 1, 'R0': 1, 'S0': 1, 'X1': 12, 'Y1': 540, 'Z1': 1, 'C1': 1, 'R1': 1, 'S1': 1, 'X2': 12, 'Y2': 540, 'Z2': 1, 'C2': 1, 'R2': 1, 'S2': 1, 'X3': 12, 'Y3': 540, 'Z3': 1, 'C3': 1, 'R3': 1, 'S3': 1, 'X4': 12, 'Y4': 540, 'Z4': 1, 'C4': 1, 'R4': 1, 'S4': 1, 'X5': 12, 'Y5': 540, 'Z5': 1, 'C5': 1, 'R5': 1, 'S5': 1, 'X6': 12, 'Y6': 540, 'Z6': 1, 'C6': 1, 'R6': 1, 'S6': 1, 'Z7': 1, 'C7': 1, 'R7': 1, 'S7': 1}
  GlobalBuffer: {'Q': 4, 'P': 1, 'X0': 4, 'Y0': 1, 'Z0': 1, 'C0': 1, 'R0': 1, 'S0': 1, 'X1': 4, 'Y1': 1, 'Z1': 1, 'C1': 1, 'R1': 1, 'S1': 1, 'X2': 4, 'Y2': 1, 'Z2': 1, 'C2': 1, 'R2': 1, 'S2': 1, 'X3': 4, 'Y3': 1, 'Z3': 1, 'C3': 1, 'R3': 1, 'S3': 1, 'X4': 4, 'Y4': 1, 'Z4': 1, 'C4': 1, 'R4': 1, 'S4': 1, 'X5': 4, 'Y5': 1, 'Z5': 1, 'C5': 1, 'R5': 1, 'S5': 1, 'X6': 4, 'Y6': 1, 'Z6': 1, 'C6': 1, 'R6': 1, 'S6': 1, 'Z7': 1, 'C7': 1, 'R7': 1, 'S7': 1}
  SACols: {'Q': 20, 'Z7': 1}
  SARows_0: {'S0': 5, 'C0': 3, 'Z0': 28}
  SARows_1: {'S1': 1, 'C1': 56, 'Z1': 6}
  SARows_2: {'S2': 3, 'C2': 12, 'Z2': 12}
  SARows_3: {'S3': 3, 'C3': 12, 'Z3': 12}
  SARows_4: {'S4': 3, 'C4': 12, 'Z4': 12}
  SARows_5: {'S5': 3, 'C5': 12, 'Z5': 12}
  SARows_6: {'S6': 1, 'C6': 12, 'Z6': 28}
  SARows_7: {'S7': 3, 'C7': 56, 'Z7': 2}
  ✓ Min PEs config: 128×4 = 512 PEs (SACols Z: No)
    Energy: 1.203e+05 μJ, Latency: 2.760e+07 cc
  ✓ Min Latency config: 128×12 = 1536 PEs (SACols Z: No)
    Energy: 1.203e+05 μJ, Latency: 1.889e+07 cc

[WReg=300] Searching for optimal PE configurations...
------ loading Accelergy for Eyeriss ------
[Constrained Eyeriss] 8 layers, tile_size=80
  DRAM: {'Q': 12, 'P': 540, 'X0': 12, 'Y0': 540, 'Z0': 1, 'C0': 1, 'R0': 1, 'S0': 1, 'X1': 12, 'Y1': 540, 'Z1': 1, 'C1': 1, 'R1': 1, 'S1': 1, 'X2': 12, 'Y2': 540, 'Z2': 1, 'C2': 1, 'R2': 1, 'S2': 1, 'X3': 12, 'Y3': 540, 'Z3': 1, 'C3': 1, 'R3': 1, 'S3': 1, 'X4': 12, 'Y4': 540, 'Z4': 1, 'C4': 1, 'R4': 1, 'S4': 1, 'X5': 12, 'Y5': 540, 'Z5': 1, 'C5': 1, 'R5': 1, 'S5': 1, 'X6': 12, 'Y6': 540, 'Z6': 1, 'C6': 1, 'R6': 1, 'S6': 1, 'Z7': 1, 'C7': 1, 'R7': 1, 'S7': 1}
  GlobalBuffer: {'Q': 20, 'P': 1, 'X0': 20, 'Y0': 1, 'Z0': 1, 'C0': 1, 'R0': 1, 'S0': 1, 'X1': 20, 'Y1': 1, 'Z1': 1, 'C1': 1, 'R1': 1, 'S1': 1, 'X2': 20, 'Y2': 1, 'Z2': 1, 'C2': 1, 'R2': 1, 'S2': 1, 'X3': 20, 'Y3': 1, 'Z3': 1, 'C3': 1, 'R3': 1, 'S3': 1, 'X4': 20, 'Y4': 1, 'Z4': 1, 'C4': 1, 'R4': 1, 'S4': 1, 'X5': 20, 'Y5': 1, 'Z5': 1, 'C5': 1, 'R5': 1, 'S5': 1, 'X6': 20, 'Y6': 1, 'Z6': 1, 'C6': 1, 'R6': 1, 'S6': 1, 'Z7': 1, 'C7': 1, 'R7': 1, 'S7': 1}
  SACols: {'Q': 4, 'Z7': 1}
  SARows_0: {'S0': 4, 'C0': 1, 'Z0': 1}
  SARows_1: {'S1': 1, 'C1': 4, 'Z1': 1}
  SARows_2: {'S2': 3, 'C2': 1, 'Z2': 1}
  SARows_3: {'S3': 3, 'C3': 1, 'Z3': 1}
  SARows_4: {'S4': 3, 'C4': 1, 'Z4': 1}
  SARows_5: {'S5': 3, 'C5': 1, 'Z5': 1}
  SARows_6: {'S6': 1, 'C6': 4, 'Z6': 1}
  SARows_7: {'S7': 3, 'C7': 1, 'Z7': 1}
------ loading Accelergy for Eyeriss ------
[Constrained Eyeriss] 8 layers, tile_size=80
  DRAM: {'Q': 12, 'P': 540, 'X0': 12, 'Y0': 540, 'Z0': 1, 'C0': 1, 'R0': 1, 'S0': 1, 'X1': 12, 'Y1': 540, 'Z1': 1, 'C1': 1, 'R1': 1, 'S1': 1, 'X2': 12, 'Y2': 540, 'Z2': 1, 'C2': 1, 'R2': 1, 'S2': 1, 'X3': 12, 'Y3': 540, 'Z3': 1, 'C3': 1, 'R3': 1, 'S3': 1, 'X4': 12, 'Y4': 540, 'Z4': 1, 'C4': 1, 'R4': 1, 'S4': 1, 'X5': 12, 'Y5': 540, 'Z5': 1, 'C5': 1, 'R5': 1, 'S5': 1, 'X6': 12, 'Y6': 540, 'Z6': 1, 'C6': 1, 'R6': 1, 'S6': 1, 'Z7': 1, 'C7': 1, 'R7': 1, 'S7': 1}
  GlobalBuffer: {'Q': 10, 'P': 1, 'X0': 10, 'Y0': 1, 'Z0': 1, 'C0': 1, 'R0': 1, 'S0': 1, 'X1': 10, 'Y1': 1, 'Z1': 1, 'C1': 1, 'R1': 1, 'S1': 1, 'X2': 10, 'Y2': 1, 'Z2': 1, 'C2': 1, 'R2': 1, 'S2': 1, 'X3': 10, 'Y3': 1, 'Z3': 1, 'C3': 1, 'R3': 1, 'S3': 1, 'X4': 10, 'Y4': 1, 'Z4': 1, 'C4': 1, 'R4': 1, 'S4': 1, 'X5': 10, 'Y5': 1, 'Z5': 1, 'C5': 1, 'R5': 1, 'S5': 1, 'X6': 10, 'Y6': 1, 'Z6': 1, 'C6': 1, 'R6': 1, 'S6': 1, 'Z7': 1, 'C7': 1, 'R7': 1, 'S7': 1}
  SACols: {'Q': 8, 'Z7': 1}
  SARows_0: {'S0': 4, 'C0': 1, 'Z0': 1}
  SARows_1: {'S1': 1, 'C1': 4, 'Z1': 1}
  SARows_2: {'S2': 3, 'C2': 1, 'Z2': 1}
  SARows_3: {'S3': 3, 'C3': 1, 'Z3': 1}
  SARows_4: {'S4': 3, 'C4': 1, 'Z4': 1}
  SARows_5: {'S5': 3, 'C5': 1, 'Z5': 1}
  SARows_6: {'S6': 1, 'C6': 4, 'Z6': 1}
  SARows_7: {'S7': 3, 'C7': 1, 'Z7': 1}
------ loading Accelergy for Eyeriss ------
[Constrained Eyeriss] 8 layers, tile_size=80
  DRAM: {'Q': 12, 'P': 540, 'X0': 12, 'Y0': 540, 'Z0': 1, 'C0': 1, 'R0': 1, 'S0': 1, 'X1': 12, 'Y1': 540, 'Z1': 1, 'C1': 1, 'R1': 1, 'S1': 1, 'X2': 12, 'Y2': 540, 'Z2': 1, 'C2': 1, 'R2': 1, 'S2': 1, 'X3': 12, 'Y3': 540, 'Z3': 1, 'C3': 1, 'R3': 1, 'S3': 1, 'X4': 12, 'Y4': 540, 'Z4': 1, 'C4': 1, 'R4': 1, 'S4': 1, 'X5': 12, 'Y5': 540, 'Z5': 1, 'C5': 1, 'R5': 1, 'S5': 1, 'X6': 12, 'Y6': 540, 'Z6': 1, 'C6': 1, 'R6': 1, 'S6': 1, 'Z7': 1, 'C7': 1, 'R7': 1, 'S7': 1}
  GlobalBuffer: {'Q': 8, 'P': 1, 'X0': 8, 'Y0': 1, 'Z0': 1, 'C0': 1, 'R0': 1, 'S0': 1, 'X1': 8, 'Y1': 1, 'Z1': 1, 'C1': 1, 'R1': 1, 'S1': 1, 'X2': 8, 'Y2': 1, 'Z2': 1, 'C2': 1, 'R2': 1, 'S2': 1, 'X3': 8, 'Y3': 1, 'Z3': 1, 'C3': 1, 'R3': 1, 'S3': 1, 'X4': 8, 'Y4': 1, 'Z4': 1, 'C4': 1, 'R4': 1, 'S4': 1, 'X5': 8, 'Y5': 1, 'Z5': 1, 'C5': 1, 'R5': 1, 'S5': 1, 'X6': 8, 'Y6': 1, 'Z6': 1, 'C6': 1, 'R6': 1, 'S6': 1, 'Z7': 1, 'C7': 1, 'R7': 1, 'S7': 1}
  SACols: {'Q': 10, 'Z7': 1}
  SARows_0: {'S0': 4, 'C0': 1, 'Z0': 1}
  SARows_1: {'S1': 1, 'C1': 4, 'Z1': 1}
  SARows_2: {'S2': 3, 'C2': 1, 'Z2': 1}
  SARows_3: {'S3': 3, 'C3': 1, 'Z3': 1}
  SARows_4: {'S4': 3, 'C4': 1, 'Z4': 1}
  SARows_5: {'S5': 3, 'C5': 1, 'Z5': 1}
  SARows_6: {'S6': 1, 'C6': 4, 'Z6': 1}
  SARows_7: {'S7': 3, 'C7': 1, 'Z7': 1}
------ loading Accelergy for Eyeriss ------
[Constrained Eyeriss] 8 layers, tile_size=80
  DRAM: {'Q': 12, 'P': 540, 'X0': 12, 'Y0': 540, 'Z0': 1, 'C0': 1, 'R0': 1, 'S0': 1, 'X1': 12, 'Y1': 540, 'Z1': 1, 'C1': 1, 'R1': 1, 'S1': 1, 'X2': 12, 'Y2': 540, 'Z2': 1, 'C2': 1, 'R2': 1, 'S2': 1, 'X3': 12, 'Y3': 540, 'Z3': 1, 'C3': 1, 'R3': 1, 'S3': 1, 'X4': 12, 'Y4': 540, 'Z4': 1, 'C4': 1, 'R4': 1, 'S4': 1, 'X5': 12, 'Y5': 540, 'Z5': 1, 'C5': 1, 'R5': 1, 'S5': 1, 'X6': 12, 'Y6': 540, 'Z6': 1, 'C6': 1, 'R6': 1, 'S6': 1, 'Z7': 1, 'C7': 1, 'R7': 1, 'S7': 1}
  GlobalBuffer: {'Q': 5, 'P': 1, 'X0': 5, 'Y0': 1, 'Z0': 1, 'C0': 1, 'R0': 1, 'S0': 1, 'X1': 5, 'Y1': 1, 'Z1': 1, 'C1': 1, 'R1': 1, 'S1': 1, 'X2': 5, 'Y2': 1, 'Z2': 1, 'C2': 1, 'R2': 1, 'S2': 1, 'X3': 5, 'Y3': 1, 'Z3': 1, 'C3': 1, 'R3': 1, 'S3': 1, 'X4': 5, 'Y4': 1, 'Z4': 1, 'C4': 1, 'R4': 1, 'S4': 1, 'X5': 5, 'Y5': 1, 'Z5': 1, 'C5': 1, 'R5': 1, 'S5': 1, 'X6': 5, 'Y6': 1, 'Z6': 1, 'C6': 1, 'R6': 1, 'S6': 1, 'Z7': 1, 'C7': 1, 'R7': 1, 'S7': 1}
  SACols: {'Q': 16, 'Z7': 1}
  SARows_0: {'S0': 4, 'C0': 1, 'Z0': 1}
  SARows_1: {'S1': 1, 'C1': 4, 'Z1': 1}
  SARows_2: {'S2': 3, 'C2': 1, 'Z2': 1}
  SARows_3: {'S3': 3, 'C3': 1, 'Z3': 1}
  SARows_4: {'S4': 3, 'C4': 1, 'Z4': 1}
  SARows_5: {'S5': 3, 'C5': 1, 'Z5': 1}
  SARows_6: {'S6': 1, 'C6': 4, 'Z6': 1}
  SARows_7: {'S7': 3, 'C7': 1, 'Z7': 1}
------ loading Accelergy for Eyeriss ------
[Constrained Eyeriss] 8 layers, tile_size=80
  DRAM: {'Q': 12, 'P': 540, 'X0': 12, 'Y0': 540, 'Z0': 1, 'C0': 1, 'R0': 1, 'S0': 1, 'X1': 12, 'Y1': 540, 'Z1': 1, 'C1': 1, 'R1': 1, 'S1': 1, 'X2': 12, 'Y2': 540, 'Z2': 1, 'C2': 1, 'R2': 1, 'S2': 1, 'X3': 12, 'Y3': 540, 'Z3': 1, 'C3': 1, 'R3': 1, 'S3': 1, 'X4': 12, 'Y4': 540, 'Z4': 1, 'C4': 1, 'R4': 1, 'S4': 1, 'X5': 12, 'Y5': 540, 'Z5': 1, 'C5': 1, 'R5': 1, 'S5': 1, 'X6': 12, 'Y6': 540, 'Z6': 1, 'C6': 1, 'R6': 1, 'S6': 1, 'Z7': 1, 'C7': 1, 'R7': 1, 'S7': 1}
  GlobalBuffer: {'Q': 4, 'P': 1, 'X0': 4, 'Y0': 1, 'Z0': 1, 'C0': 1, 'R0': 1, 'S0': 1, 'X1': 4, 'Y1': 1, 'Z1': 1, 'C1': 1, 'R1': 1, 'S1': 1, 'X2': 4, 'Y2': 1, 'Z2': 1, 'C2': 1, 'R2': 1, 'S2': 1, 'X3': 4, 'Y3': 1, 'Z3': 1, 'C3': 1, 'R3': 1, 'S3': 1, 'X4': 4, 'Y4': 1, 'Z4': 1, 'C4': 1, 'R4': 1, 'S4': 1, 'X5': 4, 'Y5': 1, 'Z5': 1, 'C5': 1, 'R5': 1, 'S5': 1, 'X6': 4, 'Y6': 1, 'Z6': 1, 'C6': 1, 'R6': 1, 'S6': 1, 'Z7': 1, 'C7': 1, 'R7': 1, 'S7': 1}
  SACols: {'Q': 20, 'Z7': 1}
  SARows_0: {'S0': 4, 'C0': 1, 'Z0': 1}
  SARows_1: {'S1': 1, 'C1': 4, 'Z1': 1}
  SARows_2: {'S2': 3, 'C2': 1, 'Z2': 1}
  SARows_3: {'S3': 3, 'C3': 1, 'Z3': 1}
  SARows_4: {'S4': 3, 'C4': 1, 'Z4': 1}
  SARows_5: {'S5': 3, 'C5': 1, 'Z5': 1}
  SARows_6: {'S6': 1, 'C6': 4, 'Z6': 1}
  SARows_7: {'S7': 3, 'C7': 1, 'Z7': 1}
------ loading Accelergy for Eyeriss ------
[Constrained Eyeriss] 8 layers, tile_size=80
  DRAM: {'Q': 12, 'P': 540, 'X0': 12, 'Y0': 540, 'Z0': 1, 'C0': 1, 'R0': 1, 'S0': 1, 'X1': 12, 'Y1': 540, 'Z1': 1, 'C1': 1, 'R1': 1, 'S1': 1, 'X2': 12, 'Y2': 540, 'Z2': 1, 'C2': 1, 'R2': 1, 'S2': 1, 'X3': 12, 'Y3': 540, 'Z3': 1, 'C3': 1, 'R3': 1, 'S3': 1, 'X4': 12, 'Y4': 540, 'Z4': 1, 'C4': 1, 'R4': 1, 'S4': 1, 'X5': 12, 'Y5': 540, 'Z5': 1, 'C5': 1, 'R5': 1, 'S5': 1, 'X6': 12, 'Y6': 540, 'Z6': 1, 'C6': 1, 'R6': 1, 'S6': 1, 'Z7': 1, 'C7': 1, 'R7': 1, 'S7': 1}
  GlobalBuffer: {'Q': 2, 'P': 1, 'X0': 2, 'Y0': 1, 'Z0': 1, 'C0': 1, 'R0': 1, 'S0': 1, 'X1': 2, 'Y1': 1, 'Z1': 1, 'C1': 1, 'R1': 1, 'S1': 1, 'X2': 2, 'Y2': 1, 'Z2': 1, 'C2': 1, 'R2': 1, 'S2': 1, 'X3': 2, 'Y3': 1, 'Z3': 1, 'C3': 1, 'R3': 1, 'S3': 1, 'X4': 2, 'Y4': 1, 'Z4': 1, 'C4': 1, 'R4': 1, 'S4': 1, 'X5': 2, 'Y5': 1, 'Z5': 1, 'C5': 1, 'R5': 1, 'S5': 1, 'X6': 2, 'Y6': 1, 'Z6': 1, 'C6': 1, 'R6': 1, 'S6': 1, 'Z7': 1, 'C7': 1, 'R7': 1, 'S7': 1}
  SACols: {'Q': 40, 'Z7': 1}
  SARows_0: {'S0': 4, 'C0': 1, 'Z0': 1}
  SARows_1: {'S1': 1, 'C1': 4, 'Z1': 1}
  SARows_2: {'S2': 3, 'C2': 1, 'Z2': 1}
  SARows_3: {'S3': 3, 'C3': 1, 'Z3': 1}
  SARows_4: {'S4': 3, 'C4': 1, 'Z4': 1}
  SARows_5: {'S5': 3, 'C5': 1, 'Z5': 1}
  SARows_6: {'S6': 1, 'C6': 4, 'Z6': 1}
  SARows_7: {'S7': 3, 'C7': 1, 'Z7': 1}
------ loading Accelergy for Eyeriss ------
[Constrained Eyeriss] 8 layers, tile_size=80
  DRAM: {'Q': 12, 'P': 540, 'X0': 12, 'Y0': 540, 'Z0': 1, 'C0': 1, 'R0': 1, 'S0': 1, 'X1': 12, 'Y1': 540, 'Z1': 1, 'C1': 1, 'R1': 1, 'S1': 1, 'X2': 12, 'Y2': 540, 'Z2': 1, 'C2': 1, 'R2': 1, 'S2': 1, 'X3': 12, 'Y3': 540, 'Z3': 1, 'C3': 1, 'R3': 1, 'S3': 1, 'X4': 12, 'Y4': 540, 'Z4': 1, 'C4': 1, 'R4': 1, 'S4': 1, 'X5': 12, 'Y5': 540, 'Z5': 1, 'C5': 1, 'R5': 1, 'S5': 1, 'X6': 12, 'Y6': 540, 'Z6': 1, 'C6': 1, 'R6': 1, 'S6': 1, 'Z7': 1, 'C7': 1, 'R7': 1, 'S7': 1}
  GlobalBuffer: {'Q': 1, 'P': 1, 'X0': 1, 'Y0': 1, 'Z0': 1, 'C0': 1, 'R0': 1, 'S0': 1, 'X1': 1, 'Y1': 1, 'Z1': 1, 'C1': 1, 'R1': 1, 'S1': 1, 'X2': 1, 'Y2': 1, 'Z2': 1, 'C2': 1, 'R2': 1, 'S2': 1, 'X3': 1, 'Y3': 1, 'Z3': 1, 'C3': 1, 'R3': 1, 'S3': 1, 'X4': 1, 'Y4': 1, 'Z4': 1, 'C4': 1, 'R4': 1, 'S4': 1, 'X5': 1, 'Y5': 1, 'Z5': 1, 'C5': 1, 'R5': 1, 'S5': 1, 'X6': 1, 'Y6': 1, 'Z6': 1, 'C6': 1, 'R6': 1, 'S6': 1, 'Z7': 1, 'C7': 1, 'R7': 1, 'S7': 1}
  SACols: {'Q': 80, 'Z7': 1}
  SARows_0: {'S0': 4, 'C0': 1, 'Z0': 1}
  SARows_1: {'S1': 1, 'C1': 4, 'Z1': 1}
  SARows_2: {'S2': 3, 'C2': 1, 'Z2': 1}
  SARows_3: {'S3': 3, 'C3': 1, 'Z3': 1}
  SARows_4: {'S4': 3, 'C4': 1, 'Z4': 1}
  SARows_5: {'S5': 3, 'C5': 1, 'Z5': 1}
  SARows_6: {'S6': 1, 'C6': 4, 'Z6': 1}
  SARows_7: {'S7': 3, 'C7': 1, 'Z7': 1}
------ loading Accelergy for Eyeriss ------
[Constrained Eyeriss] 8 layers, tile_size=80
  DRAM: {'Q': 12, 'P': 540, 'X0': 12, 'Y0': 540, 'Z0': 1, 'C0': 1, 'R0': 1, 'S0': 1, 'X1': 12, 'Y1': 540, 'Z1': 1, 'C1': 1, 'R1': 1, 'S1': 1, 'X2': 12, 'Y2': 540, 'Z2': 1, 'C2': 1, 'R2': 1, 'S2': 1, 'X3': 12, 'Y3': 540, 'Z3': 1, 'C3': 1, 'R3': 1, 'S3': 1, 'X4': 12, 'Y4': 540, 'Z4': 1, 'C4': 1, 'R4': 1, 'S4': 1, 'X5': 12, 'Y5': 540, 'Z5': 1, 'C5': 1, 'R5': 1, 'S5': 1, 'X6': 12, 'Y6': 540, 'Z6': 1, 'C6': 1, 'R6': 1, 'S6': 1, 'Z7': 1, 'C7': 1, 'R7': 1, 'S7': 1}
  GlobalBuffer: {'Q': 1, 'P': 1, 'X0': 1, 'Y0': 1, 'Z0': 1, 'C0': 1, 'R0': 1, 'S0': 1, 'X1': 1, 'Y1': 1, 'Z1': 1, 'C1': 1, 'R1': 1, 'S1': 1, 'X2': 1, 'Y2': 1, 'Z2': 1, 'C2': 1, 'R2': 1, 'S2': 1, 'X3': 1, 'Y3': 1, 'Z3': 1, 'C3': 1, 'R3': 1, 'S3': 1, 'X4': 1, 'Y4': 1, 'Z4': 1, 'C4': 1, 'R4': 1, 'S4': 1, 'X5': 1, 'Y5': 1, 'Z5': 1, 'C5': 1, 'R5': 1, 'S5': 1, 'X6': 1, 'Y6': 1, 'Z6': 1, 'C6': 1, 'R6': 1, 'S6': 1, 'Z7': 1, 'C7': 1, 'R7': 1, 'S7': 1}
  SACols: {'Q': 80, 'Z7': 1}
  SARows_0: {'S0': 4, 'C0': 1, 'Z0': 1}
  SARows_1: {'S1': 1, 'C1': 4, 'Z1': 1}
  SARows_2: {'S2': 3, 'C2': 1, 'Z2': 1}
  SARows_3: {'S3': 3, 'C3': 1, 'Z3': 1}
  SARows_4: {'S4': 3, 'C4': 1, 'Z4': 1}
  SARows_5: {'S5': 3, 'C5': 1, 'Z5': 1}
  SARows_6: {'S6': 1, 'C6': 4, 'Z6': 1}
  SARows_7: {'S7': 3, 'C7': 1, 'Z7': 1}
------ loading Accelergy for Eyeriss ------
[Constrained Eyeriss] 8 layers, tile_size=80
  DRAM: {'Q': 12, 'P': 540, 'X0': 12, 'Y0': 540, 'Z0': 1, 'C0': 1, 'R0': 1, 'S0': 1, 'X1': 12, 'Y1': 540, 'Z1': 1, 'C1': 1, 'R1': 1, 'S1': 1, 'X2': 12, 'Y2': 540, 'Z2': 1, 'C2': 1, 'R2': 1, 'S2': 1, 'X3': 12, 'Y3': 540, 'Z3': 1, 'C3': 1, 'R3': 1, 'S3': 1, 'X4': 12, 'Y4': 540, 'Z4': 1, 'C4': 1, 'R4': 1, 'S4': 1, 'X5': 12, 'Y5': 540, 'Z5': 1, 'C5': 1, 'R5': 1, 'S5': 1, 'X6': 12, 'Y6': 540, 'Z6': 1, 'C6': 1, 'R6': 1, 'S6': 1, 'Z7': 1, 'C7': 1, 'R7': 1, 'S7': 1}
  GlobalBuffer: {'Q': 1, 'P': 1, 'X0': 1, 'Y0': 1, 'Z0': 1, 'C0': 1, 'R0': 1, 'S0': 1, 'X1': 1, 'Y1': 1, 'Z1': 1, 'C1': 1, 'R1': 1, 'S1': 1, 'X2': 1, 'Y2': 1, 'Z2': 1, 'C2': 1, 'R2': 1, 'S2': 1, 'X3': 1, 'Y3': 1, 'Z3': 1, 'C3': 1, 'R3': 1, 'S3': 1, 'X4': 1, 'Y4': 1, 'Z4': 1, 'C4': 1, 'R4': 1, 'S4': 1, 'X5': 1, 'Y5': 1, 'Z5': 1, 'C5': 1, 'R5': 1, 'S5': 1, 'X6': 1, 'Y6': 1, 'Z6': 1, 'C6': 1, 'R6': 1, 'S6': 1, 'Z7': 1, 'C7': 1, 'R7': 1, 'S7': 1}
  SACols: {'Q': 80, 'Z7': 2}
  SARows_0: {'S0': 4, 'C0': 1, 'Z0': 1}
  SARows_1: {'S1': 1, 'C1': 4, 'Z1': 1}
  SARows_2: {'S2': 3, 'C2': 1, 'Z2': 1}
  SARows_3: {'S3': 3, 'C3': 1, 'Z3': 1}
  SARows_4: {'S4': 3, 'C4': 1, 'Z4': 1}
  SARows_5: {'S5': 3, 'C5': 1, 'Z5': 1}
  SARows_6: {'S6': 1, 'C6': 4, 'Z6': 1}
  SARows_7: {'S7': 3, 'C7': 1, 'Z7': 1}
------ loading Accelergy for Eyeriss ------
[Constrained Eyeriss] 8 layers, tile_size=80
  DRAM: {'Q': 12, 'P': 540, 'X0': 12, 'Y0': 540, 'Z0': 1, 'C0': 1, 'R0': 1, 'S0': 1, 'X1': 12, 'Y1': 540, 'Z1': 1, 'C1': 1, 'R1': 1, 'S1': 1, 'X2': 12, 'Y2': 540, 'Z2': 1, 'C2': 1, 'R2': 1, 'S2': 1, 'X3': 12, 'Y3': 540, 'Z3': 1, 'C3': 1, 'R3': 1, 'S3': 1, 'X4': 12, 'Y4': 540, 'Z4': 1, 'C4': 1, 'R4': 1, 'S4': 1, 'X5': 12, 'Y5': 540, 'Z5': 1, 'C5': 1, 'R5': 1, 'S5': 1, 'X6': 12, 'Y6': 540, 'Z6': 1, 'C6': 1, 'R6': 1, 'S6': 1, 'Z7': 1, 'C7': 1, 'R7': 1, 'S7': 1}
  GlobalBuffer: {'Q': 1, 'P': 1, 'X0': 1, 'Y0': 1, 'Z0': 1, 'C0': 1, 'R0': 1, 'S0': 1, 'X1': 1, 'Y1': 1, 'Z1': 1, 'C1': 1, 'R1': 1, 'S1': 1, 'X2': 1, 'Y2': 1, 'Z2': 1, 'C2': 1, 'R2': 1, 'S2': 1, 'X3': 1, 'Y3': 1, 'Z3': 1, 'C3': 1, 'R3': 1, 'S3': 1, 'X4': 1, 'Y4': 1, 'Z4': 1, 'C4': 1, 'R4': 1, 'S4': 1, 'X5': 1, 'Y5': 1, 'Z5': 1, 'C5': 1, 'R5': 1, 'S5': 1, 'X6': 1, 'Y6': 1, 'Z6': 1, 'C6': 1, 'R6': 1, 'S6': 1, 'Z7': 1, 'C7': 1, 'R7': 1, 'S7': 1}
  SACols: {'Q': 80, 'Z7': 4}
  SARows_0: {'S0': 4, 'C0': 1, 'Z0': 1}
  SARows_1: {'S1': 1, 'C1': 4, 'Z1': 1}
  SARows_2: {'S2': 3, 'C2': 1, 'Z2': 1}
  SARows_3: {'S3': 3, 'C3': 1, 'Z3': 1}
  SARows_4: {'S4': 3, 'C4': 1, 'Z4': 1}
  SARows_5: {'S5': 3, 'C5': 1, 'Z5': 1}
  SARows_6: {'S6': 1, 'C6': 4, 'Z6': 1}
  SARows_7: {'S7': 3, 'C7': 1, 'Z7': 1}
------ loading Accelergy for Eyeriss ------
[Constrained Eyeriss] 8 layers, tile_size=80
  DRAM: {'Q': 12, 'P': 540, 'X0': 12, 'Y0': 540, 'Z0': 1, 'C0': 1, 'R0': 1, 'S0': 1, 'X1': 12, 'Y1': 540, 'Z1': 1, 'C1': 1, 'R1': 1, 'S1': 1, 'X2': 12, 'Y2': 540, 'Z2': 1, 'C2': 1, 'R2': 1, 'S2': 1, 'X3': 12, 'Y3': 540, 'Z3': 1, 'C3': 1, 'R3': 1, 'S3': 1, 'X4': 12, 'Y4': 540, 'Z4': 1, 'C4': 1, 'R4': 1, 'S4': 1, 'X5': 12, 'Y5': 540, 'Z5': 1, 'C5': 1, 'R5': 1, 'S5': 1, 'X6': 12, 'Y6': 540, 'Z6': 1, 'C6': 1, 'R6': 1, 'S6': 1, 'Z7': 1, 'C7': 1, 'R7': 1, 'S7': 1}
  GlobalBuffer: {'Q': 1, 'P': 1, 'X0': 1, 'Y0': 1, 'Z0': 1, 'C0': 1, 'R0': 1, 'S0': 1, 'X1': 1, 'Y1': 1, 'Z1': 1, 'C1': 1, 'R1': 1, 'S1': 1, 'X2': 1, 'Y2': 1, 'Z2': 1, 'C2': 1, 'R2': 1, 'S2': 1, 'X3': 1, 'Y3': 1, 'Z3': 1, 'C3': 1, 'R3': 1, 'S3': 1, 'X4': 1, 'Y4': 1, 'Z4': 1, 'C4': 1, 'R4': 1, 'S4': 1, 'X5': 1, 'Y5': 1, 'Z5': 1, 'C5': 1, 'R5': 1, 'S5': 1, 'X6': 1, 'Y6': 1, 'Z6': 1, 'C6': 1, 'R6': 1, 'S6': 1, 'Z7': 1, 'C7': 1, 'R7': 1, 'S7': 1}
  SACols: {'Q': 80, 'Z7': 4}
  SARows_0: {'S0': 4, 'C0': 1, 'Z0': 1}
  SARows_1: {'S1': 1, 'C1': 4, 'Z1': 1}
  SARows_2: {'S2': 3, 'C2': 1, 'Z2': 1}
  SARows_3: {'S3': 3, 'C3': 1, 'Z3': 1}
  SARows_4: {'S4': 3, 'C4': 1, 'Z4': 1}
  SARows_5: {'S5': 3, 'C5': 1, 'Z5': 1}
  SARows_6: {'S6': 1, 'C6': 4, 'Z6': 1}
  SARows_7: {'S7': 3, 'C7': 1, 'Z7': 1}
------ loading Accelergy for Eyeriss ------
[Constrained Eyeriss] 8 layers, tile_size=80
  DRAM: {'Q': 12, 'P': 540, 'X0': 12, 'Y0': 540, 'Z0': 1, 'C0': 1, 'R0': 1, 'S0': 1, 'X1': 12, 'Y1': 540, 'Z1': 1, 'C1': 1, 'R1': 1, 'S1': 1, 'X2': 12, 'Y2': 540, 'Z2': 1, 'C2': 1, 'R2': 1, 'S2': 1, 'X3': 12, 'Y3': 540, 'Z3': 1, 'C3': 1, 'R3': 1, 'S3': 1, 'X4': 12, 'Y4': 540, 'Z4': 1, 'C4': 1, 'R4': 1, 'S4': 1, 'X5': 12, 'Y5': 540, 'Z5': 1, 'C5': 1, 'R5': 1, 'S5': 1, 'X6': 12, 'Y6': 540, 'Z6': 1, 'C6': 1, 'R6': 1, 'S6': 1, 'Z7': 1, 'C7': 1, 'R7': 1, 'S7': 1}
  GlobalBuffer: {'Q': 20, 'P': 1, 'X0': 20, 'Y0': 1, 'Z0': 1, 'C0': 1, 'R0': 1, 'S0': 1, 'X1': 20, 'Y1': 1, 'Z1': 1, 'C1': 1, 'R1': 1, 'S1': 1, 'X2': 20, 'Y2': 1, 'Z2': 1, 'C2': 1, 'R2': 1, 'S2': 1, 'X3': 20, 'Y3': 1, 'Z3': 1, 'C3': 1, 'R3': 1, 'S3': 1, 'X4': 20, 'Y4': 1, 'Z4': 1, 'C4': 1, 'R4': 1, 'S4': 1, 'X5': 20, 'Y5': 1, 'Z5': 1, 'C5': 1, 'R5': 1, 'S5': 1, 'X6': 20, 'Y6': 1, 'Z6': 1, 'C6': 1, 'R6': 1, 'S6': 1, 'Z7': 1, 'C7': 1, 'R7': 1, 'S7': 1}
  SACols: {'Q': 4, 'Z7': 1}
  SARows_0: {'S0': 5, 'C0': 1, 'Z0': 1}
  SARows_1: {'S1': 1, 'C1': 8, 'Z1': 1}
  SARows_2: {'S2': 3, 'C2': 2, 'Z2': 1}
  SARows_3: {'S3': 3, 'C3': 2, 'Z3': 1}
  SARows_4: {'S4': 3, 'C4': 2, 'Z4': 1}
  SARows_5: {'S5': 3, 'C5': 2, 'Z5': 1}
  SARows_6: {'S6': 1, 'C6': 6, 'Z6': 1}
  SARows_7: {'S7': 3, 'C7': 2, 'Z7': 1}

================================================================================
MEMORY CONSTRAINT VIOLATION DEBUG - Level: InRegister
================================================================================
Memory footprint: 193 bytes
Memory available: 64 bytes
Overflow: 129 bytes

Full architecture mapping:
  DRAM: P:540, Q:12, Y6:540, X6:12, Y5:540, X5:12, Y4:540, X4:12, Y3:540, X3:12, Y2:540, X2:12, Y1:540, X1:12, Y0:540, X0:12
  GlobalBuffer: Q:20, X6:20, X5:20, X4:20, X3:20, X2:20, X1:20, X0:20
  SACols: Q:4
  SARows: S7:3, C7:2
  SACols_6: X6:4
  SARows_6: C6:6
  SACols_5: X5:4
  SARows_5: S5:3, C5:2
  SACols_4: X4:4
  SARows_4: S4:3, C4:2
  SACols_3: X3:4
  SARows_3: S3:3, C3:2
  SACols_2: X2:4
  SARows_2: S2:3, C2:2
  SACols_1: X1:4
  SARows_1: C1:8
  SACols_0: X0:4
  SARows_0: S0:5
  WRegister: C7:28, R7:3, C6:2, C5:6, R5:3, C4:6, R4:3, C3:6, R3:3, C2:6, R2:3, C1:7, C0:3, R0:5
  IntermediateRegister: Z6:56, Z5:12, Z4:12, Z3:12, Z2:12, Z1:12, Z0:56
  OutRegister: Z7:16
================================================================================


================================================================================
MEMORY CONSTRAINT VIOLATION DEBUG - Level: WRegister
================================================================================
Memory footprint: 3,244 bytes
Memory available: 300 bytes
Overflow: 2,944 bytes

Full architecture mapping:
  DRAM: P:540, Q:12, Y6:540, X6:12, Y5:540, X5:12, Y4:540, X4:12, Y3:540, X3:12, Y2:540, X2:12, Y1:540, X1:12, Y0:540, X0:12
  GlobalBuffer: Q:20, X6:20, X5:20, X4:20, X3:20, X2:20, X1:20, X0:20
  SACols: Q:4
  SARows: S7:3, C7:2
  SACols_6: X6:4
  SARows_6: C6:6
  SACols_5: X5:4
  SARows_5: S5:3, C5:2
  SACols_4: X4:4
  SARows_4: S4:3, C4:2
  SACols_3: X3:4
  SARows_3: S3:3, C3:2
  SACols_2: X2:4
  SARows_2: S2:3, C2:2
  SACols_1: X1:4
  SARows_1: C1:8
  SACols_0: X0:4
  SARows_0: S0:5
  WRegister: C7:28, R7:3, C6:2, C5:6, R5:3, C4:6, R4:3, C3:6, R3:3, C2:6, R2:3, C1:7, C0:3, R0:5
  IntermediateRegister: Z6:56, Z5:12, Z4:12, Z3:12, Z2:12, Z1:12, Z0:56
  OutRegister: Z7:16
================================================================================

------ loading Accelergy for Eyeriss ------
[Constrained Eyeriss] 8 layers, tile_size=80
  DRAM: {'Q': 12, 'P': 540, 'X0': 12, 'Y0': 540, 'Z0': 1, 'C0': 1, 'R0': 1, 'S0': 1, 'X1': 12, 'Y1': 540, 'Z1': 1, 'C1': 1, 'R1': 1, 'S1': 1, 'X2': 12, 'Y2': 540, 'Z2': 1, 'C2': 1, 'R2': 1, 'S2': 1, 'X3': 12, 'Y3': 540, 'Z3': 1, 'C3': 1, 'R3': 1, 'S3': 1, 'X4': 12, 'Y4': 540, 'Z4': 1, 'C4': 1, 'R4': 1, 'S4': 1, 'X5': 12, 'Y5': 540, 'Z5': 1, 'C5': 1, 'R5': 1, 'S5': 1, 'X6': 12, 'Y6': 540, 'Z6': 1, 'C6': 1, 'R6': 1, 'S6': 1, 'Z7': 1, 'C7': 1, 'R7': 1, 'S7': 1}
  GlobalBuffer: {'Q': 10, 'P': 1, 'X0': 10, 'Y0': 1, 'Z0': 1, 'C0': 1, 'R0': 1, 'S0': 1, 'X1': 10, 'Y1': 1, 'Z1': 1, 'C1': 1, 'R1': 1, 'S1': 1, 'X2': 10, 'Y2': 1, 'Z2': 1, 'C2': 1, 'R2': 1, 'S2': 1, 'X3': 10, 'Y3': 1, 'Z3': 1, 'C3': 1, 'R3': 1, 'S3': 1, 'X4': 10, 'Y4': 1, 'Z4': 1, 'C4': 1, 'R4': 1, 'S4': 1, 'X5': 10, 'Y5': 1, 'Z5': 1, 'C5': 1, 'R5': 1, 'S5': 1, 'X6': 10, 'Y6': 1, 'Z6': 1, 'C6': 1, 'R6': 1, 'S6': 1, 'Z7': 1, 'C7': 1, 'R7': 1, 'S7': 1}
  SACols: {'Q': 8, 'Z7': 1}
  SARows_0: {'S0': 5, 'C0': 1, 'Z0': 1}
  SARows_1: {'S1': 1, 'C1': 8, 'Z1': 1}
  SARows_2: {'S2': 3, 'C2': 2, 'Z2': 1}
  SARows_3: {'S3': 3, 'C3': 2, 'Z3': 1}
  SARows_4: {'S4': 3, 'C4': 2, 'Z4': 1}
  SARows_5: {'S5': 3, 'C5': 2, 'Z5': 1}
  SARows_6: {'S6': 1, 'C6': 6, 'Z6': 1}
  SARows_7: {'S7': 3, 'C7': 2, 'Z7': 1}

================================================================================
MEMORY CONSTRAINT VIOLATION DEBUG - Level: InRegister
================================================================================
Memory footprint: 193 bytes
Memory available: 64 bytes
Overflow: 129 bytes

Full architecture mapping:
  DRAM: P:540, Q:12, Y6:540, X6:12, Y5:540, X5:12, Y4:540, X4:12, Y3:540, X3:12, Y2:540, X2:12, Y1:540, X1:12, Y0:540, X0:12
  GlobalBuffer: Q:10, X6:10, X5:10, X4:10, X3:10, X2:10, X1:10, X0:10
  SACols: Q:8
  SARows: S7:3, C7:2
  SACols_6: X6:8
  SARows_6: C6:6
  SACols_5: X5:8
  SARows_5: S5:3, C5:2
  SACols_4: X4:8
  SARows_4: S4:3, C4:2
  SACols_3: X3:8
  SARows_3: S3:3, C3:2
  SACols_2: X2:8
  SARows_2: S2:3, C2:2
  SACols_1: X1:8
  SARows_1: C1:8
  SACols_0: X0:8
  SARows_0: S0:5
  WRegister: C7:28, R7:3, C6:2, C5:6, R5:3, C4:6, R4:3, C3:6, R3:3, C2:6, R2:3, C1:7, C0:3, R0:5
  IntermediateRegister: Z6:56, Z5:12, Z4:12, Z3:12, Z2:12, Z1:12, Z0:56
  OutRegister: Z7:16
================================================================================


================================================================================
MEMORY CONSTRAINT VIOLATION DEBUG - Level: WRegister
================================================================================
Memory footprint: 3,244 bytes
Memory available: 300 bytes
Overflow: 2,944 bytes

Full architecture mapping:
  DRAM: P:540, Q:12, Y6:540, X6:12, Y5:540, X5:12, Y4:540, X4:12, Y3:540, X3:12, Y2:540, X2:12, Y1:540, X1:12, Y0:540, X0:12
  GlobalBuffer: Q:10, X6:10, X5:10, X4:10, X3:10, X2:10, X1:10, X0:10
  SACols: Q:8
  SARows: S7:3, C7:2
  SACols_6: X6:8
  SARows_6: C6:6
  SACols_5: X5:8
  SARows_5: S5:3, C5:2
  SACols_4: X4:8
  SARows_4: S4:3, C4:2
  SACols_3: X3:8
  SARows_3: S3:3, C3:2
  SACols_2: X2:8
  SARows_2: S2:3, C2:2
  SACols_1: X1:8
  SARows_1: C1:8
  SACols_0: X0:8
  SARows_0: S0:5
  WRegister: C7:28, R7:3, C6:2, C5:6, R5:3, C4:6, R4:3, C3:6, R3:3, C2:6, R2:3, C1:7, C0:3, R0:5
  IntermediateRegister: Z6:56, Z5:12, Z4:12, Z3:12, Z2:12, Z1:12, Z0:56
  OutRegister: Z7:16
================================================================================

------ loading Accelergy for Eyeriss ------
[Constrained Eyeriss] 8 layers, tile_size=80
  DRAM: {'Q': 12, 'P': 540, 'X0': 12, 'Y0': 540, 'Z0': 1, 'C0': 1, 'R0': 1, 'S0': 1, 'X1': 12, 'Y1': 540, 'Z1': 1, 'C1': 1, 'R1': 1, 'S1': 1, 'X2': 12, 'Y2': 540, 'Z2': 1, 'C2': 1, 'R2': 1, 'S2': 1, 'X3': 12, 'Y3': 540, 'Z3': 1, 'C3': 1, 'R3': 1, 'S3': 1, 'X4': 12, 'Y4': 540, 'Z4': 1, 'C4': 1, 'R4': 1, 'S4': 1, 'X5': 12, 'Y5': 540, 'Z5': 1, 'C5': 1, 'R5': 1, 'S5': 1, 'X6': 12, 'Y6': 540, 'Z6': 1, 'C6': 1, 'R6': 1, 'S6': 1, 'Z7': 1, 'C7': 1, 'R7': 1, 'S7': 1}
  GlobalBuffer: {'Q': 8, 'P': 1, 'X0': 8, 'Y0': 1, 'Z0': 1, 'C0': 1, 'R0': 1, 'S0': 1, 'X1': 8, 'Y1': 1, 'Z1': 1, 'C1': 1, 'R1': 1, 'S1': 1, 'X2': 8, 'Y2': 1, 'Z2': 1, 'C2': 1, 'R2': 1, 'S2': 1, 'X3': 8, 'Y3': 1, 'Z3': 1, 'C3': 1, 'R3': 1, 'S3': 1, 'X4': 8, 'Y4': 1, 'Z4': 1, 'C4': 1, 'R4': 1, 'S4': 1, 'X5': 8, 'Y5': 1, 'Z5': 1, 'C5': 1, 'R5': 1, 'S5': 1, 'X6': 8, 'Y6': 1, 'Z6': 1, 'C6': 1, 'R6': 1, 'S6': 1, 'Z7': 1, 'C7': 1, 'R7': 1, 'S7': 1}
  SACols: {'Q': 10, 'Z7': 1}
  SARows_0: {'S0': 5, 'C0': 1, 'Z0': 1}
  SARows_1: {'S1': 1, 'C1': 8, 'Z1': 1}
  SARows_2: {'S2': 3, 'C2': 2, 'Z2': 1}
  SARows_3: {'S3': 3, 'C3': 2, 'Z3': 1}
  SARows_4: {'S4': 3, 'C4': 2, 'Z4': 1}
  SARows_5: {'S5': 3, 'C5': 2, 'Z5': 1}
  SARows_6: {'S6': 1, 'C6': 6, 'Z6': 1}
  SARows_7: {'S7': 3, 'C7': 2, 'Z7': 1}

================================================================================
MEMORY CONSTRAINT VIOLATION DEBUG - Level: InRegister
================================================================================
Memory footprint: 193 bytes
Memory available: 64 bytes
Overflow: 129 bytes

Full architecture mapping:
  DRAM: P:540, Q:12, Y6:540, X6:12, Y5:540, X5:12, Y4:540, X4:12, Y3:540, X3:12, Y2:540, X2:12, Y1:540, X1:12, Y0:540, X0:12
  GlobalBuffer: Q:8, X6:8, X5:8, X4:8, X3:8, X2:8, X1:8, X0:8
  SACols: Q:10
  SARows: S7:3, C7:2
  SACols_6: X6:10
  SARows_6: C6:6
  SACols_5: X5:10
  SARows_5: S5:3, C5:2
  SACols_4: X4:10
  SARows_4: S4:3, C4:2
  SACols_3: X3:10
  SARows_3: S3:3, C3:2
  SACols_2: X2:10
  SARows_2: S2:3, C2:2
  SACols_1: X1:10
  SARows_1: C1:8
  SACols_0: X0:10
  SARows_0: S0:5
  WRegister: C7:28, R7:3, C6:2, C5:6, R5:3, C4:6, R4:3, C3:6, R3:3, C2:6, R2:3, C1:7, C0:3, R0:5
  IntermediateRegister: Z6:56, Z5:12, Z4:12, Z3:12, Z2:12, Z1:12, Z0:56
  OutRegister: Z7:16
================================================================================


================================================================================
MEMORY CONSTRAINT VIOLATION DEBUG - Level: WRegister
================================================================================
Memory footprint: 3,244 bytes
Memory available: 300 bytes
Overflow: 2,944 bytes

Full architecture mapping:
  DRAM: P:540, Q:12, Y6:540, X6:12, Y5:540, X5:12, Y4:540, X4:12, Y3:540, X3:12, Y2:540, X2:12, Y1:540, X1:12, Y0:540, X0:12
  GlobalBuffer: Q:8, X6:8, X5:8, X4:8, X3:8, X2:8, X1:8, X0:8
  SACols: Q:10
  SARows: S7:3, C7:2
  SACols_6: X6:10
  SARows_6: C6:6
  SACols_5: X5:10
  SARows_5: S5:3, C5:2
  SACols_4: X4:10
  SARows_4: S4:3, C4:2
  SACols_3: X3:10
  SARows_3: S3:3, C3:2
  SACols_2: X2:10
  SARows_2: S2:3, C2:2
  SACols_1: X1:10
  SARows_1: C1:8
  SACols_0: X0:10
  SARows_0: S0:5
  WRegister: C7:28, R7:3, C6:2, C5:6, R5:3, C4:6, R4:3, C3:6, R3:3, C2:6, R2:3, C1:7, C0:3, R0:5
  IntermediateRegister: Z6:56, Z5:12, Z4:12, Z3:12, Z2:12, Z1:12, Z0:56
  OutRegister: Z7:16
================================================================================

------ loading Accelergy for Eyeriss ------
[Constrained Eyeriss] 8 layers, tile_size=80
  DRAM: {'Q': 12, 'P': 540, 'X0': 12, 'Y0': 540, 'Z0': 1, 'C0': 1, 'R0': 1, 'S0': 1, 'X1': 12, 'Y1': 540, 'Z1': 1, 'C1': 1, 'R1': 1, 'S1': 1, 'X2': 12, 'Y2': 540, 'Z2': 1, 'C2': 1, 'R2': 1, 'S2': 1, 'X3': 12, 'Y3': 540, 'Z3': 1, 'C3': 1, 'R3': 1, 'S3': 1, 'X4': 12, 'Y4': 540, 'Z4': 1, 'C4': 1, 'R4': 1, 'S4': 1, 'X5': 12, 'Y5': 540, 'Z5': 1, 'C5': 1, 'R5': 1, 'S5': 1, 'X6': 12, 'Y6': 540, 'Z6': 1, 'C6': 1, 'R6': 1, 'S6': 1, 'Z7': 1, 'C7': 1, 'R7': 1, 'S7': 1}
  GlobalBuffer: {'Q': 5, 'P': 1, 'X0': 5, 'Y0': 1, 'Z0': 1, 'C0': 1, 'R0': 1, 'S0': 1, 'X1': 5, 'Y1': 1, 'Z1': 1, 'C1': 1, 'R1': 1, 'S1': 1, 'X2': 5, 'Y2': 1, 'Z2': 1, 'C2': 1, 'R2': 1, 'S2': 1, 'X3': 5, 'Y3': 1, 'Z3': 1, 'C3': 1, 'R3': 1, 'S3': 1, 'X4': 5, 'Y4': 1, 'Z4': 1, 'C4': 1, 'R4': 1, 'S4': 1, 'X5': 5, 'Y5': 1, 'Z5': 1, 'C5': 1, 'R5': 1, 'S5': 1, 'X6': 5, 'Y6': 1, 'Z6': 1, 'C6': 1, 'R6': 1, 'S6': 1, 'Z7': 1, 'C7': 1, 'R7': 1, 'S7': 1}
  SACols: {'Q': 16, 'Z7': 1}
  SARows_0: {'S0': 5, 'C0': 1, 'Z0': 1}
  SARows_1: {'S1': 1, 'C1': 8, 'Z1': 1}
  SARows_2: {'S2': 3, 'C2': 2, 'Z2': 1}
  SARows_3: {'S3': 3, 'C3': 2, 'Z3': 1}
  SARows_4: {'S4': 3, 'C4': 2, 'Z4': 1}
  SARows_5: {'S5': 3, 'C5': 2, 'Z5': 1}
  SARows_6: {'S6': 1, 'C6': 6, 'Z6': 1}
  SARows_7: {'S7': 3, 'C7': 2, 'Z7': 1}

================================================================================
MEMORY CONSTRAINT VIOLATION DEBUG - Level: InRegister
================================================================================
Memory footprint: 193 bytes
Memory available: 64 bytes
Overflow: 129 bytes

Full architecture mapping:
  DRAM: P:540, Q:12, Y6:540, X6:12, Y5:540, X5:12, Y4:540, X4:12, Y3:540, X3:12, Y2:540, X2:12, Y1:540, X1:12, Y0:540, X0:12
  GlobalBuffer: Q:5, X6:5, X5:5, X4:5, X3:5, X2:5, X1:5, X0:5
  SACols: Q:16
  SARows: S7:3, C7:2
  SACols_6: X6:16
  SARows_6: C6:6
  SACols_5: X5:16
  SARows_5: S5:3, C5:2
  SACols_4: X4:16
  SARows_4: S4:3, C4:2
  SACols_3: X3:16
  SARows_3: S3:3, C3:2
  SACols_2: X2:16
  SARows_2: S2:3, C2:2
  SACols_1: X1:16
  SARows_1: C1:8
  SACols_0: X0:16
  SARows_0: S0:5
  WRegister: C7:28, R7:3, C6:2, C5:6, R5:3, C4:6, R4:3, C3:6, R3:3, C2:6, R2:3, C1:7, C0:3, R0:5
  IntermediateRegister: Z6:56, Z5:12, Z4:12, Z3:12, Z2:12, Z1:12, Z0:56
  OutRegister: Z7:16
================================================================================


================================================================================
MEMORY CONSTRAINT VIOLATION DEBUG - Level: WRegister
================================================================================
Memory footprint: 3,244 bytes
Memory available: 300 bytes
Overflow: 2,944 bytes

Full architecture mapping:
  DRAM: P:540, Q:12, Y6:540, X6:12, Y5:540, X5:12, Y4:540, X4:12, Y3:540, X3:12, Y2:540, X2:12, Y1:540, X1:12, Y0:540, X0:12
  GlobalBuffer: Q:5, X6:5, X5:5, X4:5, X3:5, X2:5, X1:5, X0:5
  SACols: Q:16
  SARows: S7:3, C7:2
  SACols_6: X6:16
  SARows_6: C6:6
  SACols_5: X5:16
  SARows_5: S5:3, C5:2
  SACols_4: X4:16
  SARows_4: S4:3, C4:2
  SACols_3: X3:16
  SARows_3: S3:3, C3:2
  SACols_2: X2:16
  SARows_2: S2:3, C2:2
  SACols_1: X1:16
  SARows_1: C1:8
  SACols_0: X0:16
  SARows_0: S0:5
  WRegister: C7:28, R7:3, C6:2, C5:6, R5:3, C4:6, R4:3, C3:6, R3:3, C2:6, R2:3, C1:7, C0:3, R0:5
  IntermediateRegister: Z6:56, Z5:12, Z4:12, Z3:12, Z2:12, Z1:12, Z0:56
  OutRegister: Z7:16
================================================================================

------ loading Accelergy for Eyeriss ------
[Constrained Eyeriss] 8 layers, tile_size=80
  DRAM: {'Q': 12, 'P': 540, 'X0': 12, 'Y0': 540, 'Z0': 1, 'C0': 1, 'R0': 1, 'S0': 1, 'X1': 12, 'Y1': 540, 'Z1': 1, 'C1': 1, 'R1': 1, 'S1': 1, 'X2': 12, 'Y2': 540, 'Z2': 1, 'C2': 1, 'R2': 1, 'S2': 1, 'X3': 12, 'Y3': 540, 'Z3': 1, 'C3': 1, 'R3': 1, 'S3': 1, 'X4': 12, 'Y4': 540, 'Z4': 1, 'C4': 1, 'R4': 1, 'S4': 1, 'X5': 12, 'Y5': 540, 'Z5': 1, 'C5': 1, 'R5': 1, 'S5': 1, 'X6': 12, 'Y6': 540, 'Z6': 1, 'C6': 1, 'R6': 1, 'S6': 1, 'Z7': 1, 'C7': 1, 'R7': 1, 'S7': 1}
  GlobalBuffer: {'Q': 4, 'P': 1, 'X0': 4, 'Y0': 1, 'Z0': 1, 'C0': 1, 'R0': 1, 'S0': 1, 'X1': 4, 'Y1': 1, 'Z1': 1, 'C1': 1, 'R1': 1, 'S1': 1, 'X2': 4, 'Y2': 1, 'Z2': 1, 'C2': 1, 'R2': 1, 'S2': 1, 'X3': 4, 'Y3': 1, 'Z3': 1, 'C3': 1, 'R3': 1, 'S3': 1, 'X4': 4, 'Y4': 1, 'Z4': 1, 'C4': 1, 'R4': 1, 'S4': 1, 'X5': 4, 'Y5': 1, 'Z5': 1, 'C5': 1, 'R5': 1, 'S5': 1, 'X6': 4, 'Y6': 1, 'Z6': 1, 'C6': 1, 'R6': 1, 'S6': 1, 'Z7': 1, 'C7': 1, 'R7': 1, 'S7': 1}
  SACols: {'Q': 20, 'Z7': 1}
  SARows_0: {'S0': 5, 'C0': 1, 'Z0': 1}
  SARows_1: {'S1': 1, 'C1': 8, 'Z1': 1}
  SARows_2: {'S2': 3, 'C2': 2, 'Z2': 1}
  SARows_3: {'S3': 3, 'C3': 2, 'Z3': 1}
  SARows_4: {'S4': 3, 'C4': 2, 'Z4': 1}
  SARows_5: {'S5': 3, 'C5': 2, 'Z5': 1}
  SARows_6: {'S6': 1, 'C6': 6, 'Z6': 1}
  SARows_7: {'S7': 3, 'C7': 2, 'Z7': 1}

================================================================================
MEMORY CONSTRAINT VIOLATION DEBUG - Level: InRegister
================================================================================
Memory footprint: 193 bytes
Memory available: 64 bytes
Overflow: 129 bytes

Full architecture mapping:
  DRAM: P:540, Q:12, Y6:540, X6:12, Y5:540, X5:12, Y4:540, X4:12, Y3:540, X3:12, Y2:540, X2:12, Y1:540, X1:12, Y0:540, X0:12
  GlobalBuffer: Q:4, X6:4, X5:4, X4:4, X3:4, X2:4, X1:4, X0:4
  SACols: Q:20
  SARows: S7:3, C7:2
  SACols_6: X6:20
  SARows_6: C6:6
  SACols_5: X5:20
  SARows_5: S5:3, C5:2
  SACols_4: X4:20
  SARows_4: S4:3, C4:2
  SACols_3: X3:20
  SARows_3: S3:3, C3:2
  SACols_2: X2:20
  SARows_2: S2:3, C2:2
  SACols_1: X1:20
  SARows_1: C1:8
  SACols_0: X0:20
  SARows_0: S0:5
  WRegister: C7:28, R7:3, C6:2, C5:6, R5:3, C4:6, R4:3, C3:6, R3:3, C2:6, R2:3, C1:7, C0:3, R0:5
  IntermediateRegister: Z6:56, Z5:12, Z4:12, Z3:12, Z2:12, Z1:12, Z0:56
  OutRegister: Z7:16
================================================================================


================================================================================
MEMORY CONSTRAINT VIOLATION DEBUG - Level: WRegister
================================================================================
Memory footprint: 3,244 bytes
Memory available: 300 bytes
Overflow: 2,944 bytes

Full architecture mapping:
  DRAM: P:540, Q:12, Y6:540, X6:12, Y5:540, X5:12, Y4:540, X4:12, Y3:540, X3:12, Y2:540, X2:12, Y1:540, X1:12, Y0:540, X0:12
  GlobalBuffer: Q:4, X6:4, X5:4, X4:4, X3:4, X2:4, X1:4, X0:4
  SACols: Q:20
  SARows: S7:3, C7:2
  SACols_6: X6:20
  SARows_6: C6:6
  SACols_5: X5:20
  SARows_5: S5:3, C5:2
  SACols_4: X4:20
  SARows_4: S4:3, C4:2
  SACols_3: X3:20
  SARows_3: S3:3, C3:2
  SACols_2: X2:20
  SARows_2: S2:3, C2:2
  SACols_1: X1:20
  SARows_1: C1:8
  SACols_0: X0:20
  SARows_0: S0:5
  WRegister: C7:28, R7:3, C6:2, C5:6, R5:3, C4:6, R4:3, C3:6, R3:3, C2:6, R2:3, C1:7, C0:3, R0:5
  IntermediateRegister: Z6:56, Z5:12, Z4:12, Z3:12, Z2:12, Z1:12, Z0:56
  OutRegister: Z7:16
================================================================================

------ loading Accelergy for Eyeriss ------
[Constrained Eyeriss] 8 layers, tile_size=80
  DRAM: {'Q': 12, 'P': 540, 'X0': 12, 'Y0': 540, 'Z0': 1, 'C0': 1, 'R0': 1, 'S0': 1, 'X1': 12, 'Y1': 540, 'Z1': 1, 'C1': 1, 'R1': 1, 'S1': 1, 'X2': 12, 'Y2': 540, 'Z2': 1, 'C2': 1, 'R2': 1, 'S2': 1, 'X3': 12, 'Y3': 540, 'Z3': 1, 'C3': 1, 'R3': 1, 'S3': 1, 'X4': 12, 'Y4': 540, 'Z4': 1, 'C4': 1, 'R4': 1, 'S4': 1, 'X5': 12, 'Y5': 540, 'Z5': 1, 'C5': 1, 'R5': 1, 'S5': 1, 'X6': 12, 'Y6': 540, 'Z6': 1, 'C6': 1, 'R6': 1, 'S6': 1, 'Z7': 1, 'C7': 1, 'R7': 1, 'S7': 1}
  GlobalBuffer: {'Q': 2, 'P': 1, 'X0': 2, 'Y0': 1, 'Z0': 1, 'C0': 1, 'R0': 1, 'S0': 1, 'X1': 2, 'Y1': 1, 'Z1': 1, 'C1': 1, 'R1': 1, 'S1': 1, 'X2': 2, 'Y2': 1, 'Z2': 1, 'C2': 1, 'R2': 1, 'S2': 1, 'X3': 2, 'Y3': 1, 'Z3': 1, 'C3': 1, 'R3': 1, 'S3': 1, 'X4': 2, 'Y4': 1, 'Z4': 1, 'C4': 1, 'R4': 1, 'S4': 1, 'X5': 2, 'Y5': 1, 'Z5': 1, 'C5': 1, 'R5': 1, 'S5': 1, 'X6': 2, 'Y6': 1, 'Z6': 1, 'C6': 1, 'R6': 1, 'S6': 1, 'Z7': 1, 'C7': 1, 'R7': 1, 'S7': 1}
  SACols: {'Q': 40, 'Z7': 1}
  SARows_0: {'S0': 5, 'C0': 1, 'Z0': 1}
  SARows_1: {'S1': 1, 'C1': 8, 'Z1': 1}
  SARows_2: {'S2': 3, 'C2': 2, 'Z2': 1}
  SARows_3: {'S3': 3, 'C3': 2, 'Z3': 1}
  SARows_4: {'S4': 3, 'C4': 2, 'Z4': 1}
  SARows_5: {'S5': 3, 'C5': 2, 'Z5': 1}
  SARows_6: {'S6': 1, 'C6': 6, 'Z6': 1}
  SARows_7: {'S7': 3, 'C7': 2, 'Z7': 1}

================================================================================
MEMORY CONSTRAINT VIOLATION DEBUG - Level: InRegister
================================================================================
Memory footprint: 193 bytes
Memory available: 64 bytes
Overflow: 129 bytes

Full architecture mapping:
  DRAM: P:540, Q:12, Y6:540, X6:12, Y5:540, X5:12, Y4:540, X4:12, Y3:540, X3:12, Y2:540, X2:12, Y1:540, X1:12, Y0:540, X0:12
  GlobalBuffer: Q:2, X6:2, X5:2, X4:2, X3:2, X2:2, X1:2, X0:2
  SACols: Q:40
  SARows: S7:3, C7:2
  SACols_6: X6:40
  SARows_6: C6:6
  SACols_5: X5:40
  SARows_5: S5:3, C5:2
  SACols_4: X4:40
  SARows_4: S4:3, C4:2
  SACols_3: X3:40
  SARows_3: S3:3, C3:2
  SACols_2: X2:40
  SARows_2: S2:3, C2:2
  SACols_1: X1:40
  SARows_1: C1:8
  SACols_0: X0:40
  SARows_0: S0:5
  WRegister: C7:28, R7:3, C6:2, C5:6, R5:3, C4:6, R4:3, C3:6, R3:3, C2:6, R2:3, C1:7, C0:3, R0:5
  IntermediateRegister: Z6:56, Z5:12, Z4:12, Z3:12, Z2:12, Z1:12, Z0:56
  OutRegister: Z7:16
================================================================================


================================================================================
MEMORY CONSTRAINT VIOLATION DEBUG - Level: WRegister
================================================================================
Memory footprint: 3,244 bytes
Memory available: 300 bytes
Overflow: 2,944 bytes

Full architecture mapping:
  DRAM: P:540, Q:12, Y6:540, X6:12, Y5:540, X5:12, Y4:540, X4:12, Y3:540, X3:12, Y2:540, X2:12, Y1:540, X1:12, Y0:540, X0:12
  GlobalBuffer: Q:2, X6:2, X5:2, X4:2, X3:2, X2:2, X1:2, X0:2
  SACols: Q:40
  SARows: S7:3, C7:2
  SACols_6: X6:40
  SARows_6: C6:6
  SACols_5: X5:40
  SARows_5: S5:3, C5:2
  SACols_4: X4:40
  SARows_4: S4:3, C4:2
  SACols_3: X3:40
  SARows_3: S3:3, C3:2
  SACols_2: X2:40
  SARows_2: S2:3, C2:2
  SACols_1: X1:40
  SARows_1: C1:8
  SACols_0: X0:40
  SARows_0: S0:5
  WRegister: C7:28, R7:3, C6:2, C5:6, R5:3, C4:6, R4:3, C3:6, R3:3, C2:6, R2:3, C1:7, C0:3, R0:5
  IntermediateRegister: Z6:56, Z5:12, Z4:12, Z3:12, Z2:12, Z1:12, Z0:56
  OutRegister: Z7:16
================================================================================

------ loading Accelergy for Eyeriss ------
[Constrained Eyeriss] 8 layers, tile_size=80
  DRAM: {'Q': 12, 'P': 540, 'X0': 12, 'Y0': 540, 'Z0': 1, 'C0': 1, 'R0': 1, 'S0': 1, 'X1': 12, 'Y1': 540, 'Z1': 1, 'C1': 1, 'R1': 1, 'S1': 1, 'X2': 12, 'Y2': 540, 'Z2': 1, 'C2': 1, 'R2': 1, 'S2': 1, 'X3': 12, 'Y3': 540, 'Z3': 1, 'C3': 1, 'R3': 1, 'S3': 1, 'X4': 12, 'Y4': 540, 'Z4': 1, 'C4': 1, 'R4': 1, 'S4': 1, 'X5': 12, 'Y5': 540, 'Z5': 1, 'C5': 1, 'R5': 1, 'S5': 1, 'X6': 12, 'Y6': 540, 'Z6': 1, 'C6': 1, 'R6': 1, 'S6': 1, 'Z7': 1, 'C7': 1, 'R7': 1, 'S7': 1}
  GlobalBuffer: {'Q': 1, 'P': 1, 'X0': 1, 'Y0': 1, 'Z0': 1, 'C0': 1, 'R0': 1, 'S0': 1, 'X1': 1, 'Y1': 1, 'Z1': 1, 'C1': 1, 'R1': 1, 'S1': 1, 'X2': 1, 'Y2': 1, 'Z2': 1, 'C2': 1, 'R2': 1, 'S2': 1, 'X3': 1, 'Y3': 1, 'Z3': 1, 'C3': 1, 'R3': 1, 'S3': 1, 'X4': 1, 'Y4': 1, 'Z4': 1, 'C4': 1, 'R4': 1, 'S4': 1, 'X5': 1, 'Y5': 1, 'Z5': 1, 'C5': 1, 'R5': 1, 'S5': 1, 'X6': 1, 'Y6': 1, 'Z6': 1, 'C6': 1, 'R6': 1, 'S6': 1, 'Z7': 1, 'C7': 1, 'R7': 1, 'S7': 1}
  SACols: {'Q': 80, 'Z7': 1}
  SARows_0: {'S0': 5, 'C0': 1, 'Z0': 1}
  SARows_1: {'S1': 1, 'C1': 8, 'Z1': 1}
  SARows_2: {'S2': 3, 'C2': 2, 'Z2': 1}
  SARows_3: {'S3': 3, 'C3': 2, 'Z3': 1}
  SARows_4: {'S4': 3, 'C4': 2, 'Z4': 1}
  SARows_5: {'S5': 3, 'C5': 2, 'Z5': 1}
  SARows_6: {'S6': 1, 'C6': 6, 'Z6': 1}
  SARows_7: {'S7': 3, 'C7': 2, 'Z7': 1}

================================================================================
MEMORY CONSTRAINT VIOLATION DEBUG - Level: InRegister
================================================================================
Memory footprint: 193 bytes
Memory available: 64 bytes
Overflow: 129 bytes

Full architecture mapping:
  DRAM: P:540, Q:12, Y6:540, X6:12, Y5:540, X5:12, Y4:540, X4:12, Y3:540, X3:12, Y2:540, X2:12, Y1:540, X1:12, Y0:540, X0:12
  SACols: Q:80
  SARows: S7:3, C7:2
  SACols_6: X6:80
  SARows_6: C6:6
  SACols_5: X5:80
  SARows_5: S5:3, C5:2
  SACols_4: X4:80
  SARows_4: S4:3, C4:2
  SACols_3: X3:80
  SARows_3: S3:3, C3:2
  SACols_2: X2:80
  SARows_2: S2:3, C2:2
  SACols_1: X1:80
  SARows_1: C1:8
  SACols_0: X0:80
  SARows_0: S0:5
  WRegister: C7:28, R7:3, C6:2, C5:6, R5:3, C4:6, R4:3, C3:6, R3:3, C2:6, R2:3, C1:7, C0:3, R0:5
  IntermediateRegister: Z6:56, Z5:12, Z4:12, Z3:12, Z2:12, Z1:12, Z0:56
  OutRegister: Z7:16
================================================================================


================================================================================
MEMORY CONSTRAINT VIOLATION DEBUG - Level: WRegister
================================================================================
Memory footprint: 3,244 bytes
Memory available: 300 bytes
Overflow: 2,944 bytes

Full architecture mapping:
  DRAM: P:540, Q:12, Y6:540, X6:12, Y5:540, X5:12, Y4:540, X4:12, Y3:540, X3:12, Y2:540, X2:12, Y1:540, X1:12, Y0:540, X0:12
  SACols: Q:80
  SARows: S7:3, C7:2
  SACols_6: X6:80
  SARows_6: C6:6
  SACols_5: X5:80
  SARows_5: S5:3, C5:2
  SACols_4: X4:80
  SARows_4: S4:3, C4:2
  SACols_3: X3:80
  SARows_3: S3:3, C3:2
  SACols_2: X2:80
  SARows_2: S2:3, C2:2
  SACols_1: X1:80
  SARows_1: C1:8
  SACols_0: X0:80
  SARows_0: S0:5
  WRegister: C7:28, R7:3, C6:2, C5:6, R5:3, C4:6, R4:3, C3:6, R3:3, C2:6, R2:3, C1:7, C0:3, R0:5
  IntermediateRegister: Z6:56, Z5:12, Z4:12, Z3:12, Z2:12, Z1:12, Z0:56
  OutRegister: Z7:16
================================================================================

------ loading Accelergy for Eyeriss ------
[Constrained Eyeriss] 8 layers, tile_size=80
  DRAM: {'Q': 12, 'P': 540, 'X0': 12, 'Y0': 540, 'Z0': 1, 'C0': 1, 'R0': 1, 'S0': 1, 'X1': 12, 'Y1': 540, 'Z1': 1, 'C1': 1, 'R1': 1, 'S1': 1, 'X2': 12, 'Y2': 540, 'Z2': 1, 'C2': 1, 'R2': 1, 'S2': 1, 'X3': 12, 'Y3': 540, 'Z3': 1, 'C3': 1, 'R3': 1, 'S3': 1, 'X4': 12, 'Y4': 540, 'Z4': 1, 'C4': 1, 'R4': 1, 'S4': 1, 'X5': 12, 'Y5': 540, 'Z5': 1, 'C5': 1, 'R5': 1, 'S5': 1, 'X6': 12, 'Y6': 540, 'Z6': 1, 'C6': 1, 'R6': 1, 'S6': 1, 'Z7': 1, 'C7': 1, 'R7': 1, 'S7': 1}
  GlobalBuffer: {'Q': 1, 'P': 1, 'X0': 1, 'Y0': 1, 'Z0': 1, 'C0': 1, 'R0': 1, 'S0': 1, 'X1': 1, 'Y1': 1, 'Z1': 1, 'C1': 1, 'R1': 1, 'S1': 1, 'X2': 1, 'Y2': 1, 'Z2': 1, 'C2': 1, 'R2': 1, 'S2': 1, 'X3': 1, 'Y3': 1, 'Z3': 1, 'C3': 1, 'R3': 1, 'S3': 1, 'X4': 1, 'Y4': 1, 'Z4': 1, 'C4': 1, 'R4': 1, 'S4': 1, 'X5': 1, 'Y5': 1, 'Z5': 1, 'C5': 1, 'R5': 1, 'S5': 1, 'X6': 1, 'Y6': 1, 'Z6': 1, 'C6': 1, 'R6': 1, 'S6': 1, 'Z7': 1, 'C7': 1, 'R7': 1, 'S7': 1}
  SACols: {'Q': 80, 'Z7': 1}
  SARows_0: {'S0': 5, 'C0': 1, 'Z0': 1}
  SARows_1: {'S1': 1, 'C1': 8, 'Z1': 1}
  SARows_2: {'S2': 3, 'C2': 2, 'Z2': 1}
  SARows_3: {'S3': 3, 'C3': 2, 'Z3': 1}
  SARows_4: {'S4': 3, 'C4': 2, 'Z4': 1}
  SARows_5: {'S5': 3, 'C5': 2, 'Z5': 1}
  SARows_6: {'S6': 1, 'C6': 6, 'Z6': 1}
  SARows_7: {'S7': 3, 'C7': 2, 'Z7': 1}

================================================================================
MEMORY CONSTRAINT VIOLATION DEBUG - Level: InRegister
================================================================================
Memory footprint: 193 bytes
Memory available: 64 bytes
Overflow: 129 bytes

Full architecture mapping:
  DRAM: P:540, Q:12, Y6:540, X6:12, Y5:540, X5:12, Y4:540, X4:12, Y3:540, X3:12, Y2:540, X2:12, Y1:540, X1:12, Y0:540, X0:12
  SACols: Q:80
  SARows: S7:3, C7:2
  SACols_6: X6:80
  SARows_6: C6:6
  SACols_5: X5:80
  SARows_5: S5:3, C5:2
  SACols_4: X4:80
  SARows_4: S4:3, C4:2
  SACols_3: X3:80
  SARows_3: S3:3, C3:2
  SACols_2: X2:80
  SARows_2: S2:3, C2:2
  SACols_1: X1:80
  SARows_1: C1:8
  SACols_0: X0:80
  SARows_0: S0:5
  WRegister: C7:28, R7:3, C6:2, C5:6, R5:3, C4:6, R4:3, C3:6, R3:3, C2:6, R2:3, C1:7, C0:3, R0:5
  IntermediateRegister: Z6:56, Z5:12, Z4:12, Z3:12, Z2:12, Z1:12, Z0:56
  OutRegister: Z7:16
================================================================================


================================================================================
MEMORY CONSTRAINT VIOLATION DEBUG - Level: WRegister
================================================================================
Memory footprint: 3,244 bytes
Memory available: 300 bytes
Overflow: 2,944 bytes

Full architecture mapping:
  DRAM: P:540, Q:12, Y6:540, X6:12, Y5:540, X5:12, Y4:540, X4:12, Y3:540, X3:12, Y2:540, X2:12, Y1:540, X1:12, Y0:540, X0:12
  SACols: Q:80
  SARows: S7:3, C7:2
  SACols_6: X6:80
  SARows_6: C6:6
  SACols_5: X5:80
  SARows_5: S5:3, C5:2
  SACols_4: X4:80
  SARows_4: S4:3, C4:2
  SACols_3: X3:80
  SARows_3: S3:3, C3:2
  SACols_2: X2:80
  SARows_2: S2:3, C2:2
  SACols_1: X1:80
  SARows_1: C1:8
  SACols_0: X0:80
  SARows_0: S0:5
  WRegister: C7:28, R7:3, C6:2, C5:6, R5:3, C4:6, R4:3, C3:6, R3:3, C2:6, R2:3, C1:7, C0:3, R0:5
  IntermediateRegister: Z6:56, Z5:12, Z4:12, Z3:12, Z2:12, Z1:12, Z0:56
  OutRegister: Z7:16
================================================================================

------ loading Accelergy for Eyeriss ------
[Constrained Eyeriss] 8 layers, tile_size=80
  DRAM: {'Q': 12, 'P': 540, 'X0': 12, 'Y0': 540, 'Z0': 1, 'C0': 1, 'R0': 1, 'S0': 1, 'X1': 12, 'Y1': 540, 'Z1': 1, 'C1': 1, 'R1': 1, 'S1': 1, 'X2': 12, 'Y2': 540, 'Z2': 1, 'C2': 1, 'R2': 1, 'S2': 1, 'X3': 12, 'Y3': 540, 'Z3': 1, 'C3': 1, 'R3': 1, 'S3': 1, 'X4': 12, 'Y4': 540, 'Z4': 1, 'C4': 1, 'R4': 1, 'S4': 1, 'X5': 12, 'Y5': 540, 'Z5': 1, 'C5': 1, 'R5': 1, 'S5': 1, 'X6': 12, 'Y6': 540, 'Z6': 1, 'C6': 1, 'R6': 1, 'S6': 1, 'Z7': 1, 'C7': 1, 'R7': 1, 'S7': 1}
  GlobalBuffer: {'Q': 1, 'P': 1, 'X0': 1, 'Y0': 1, 'Z0': 1, 'C0': 1, 'R0': 1, 'S0': 1, 'X1': 1, 'Y1': 1, 'Z1': 1, 'C1': 1, 'R1': 1, 'S1': 1, 'X2': 1, 'Y2': 1, 'Z2': 1, 'C2': 1, 'R2': 1, 'S2': 1, 'X3': 1, 'Y3': 1, 'Z3': 1, 'C3': 1, 'R3': 1, 'S3': 1, 'X4': 1, 'Y4': 1, 'Z4': 1, 'C4': 1, 'R4': 1, 'S4': 1, 'X5': 1, 'Y5': 1, 'Z5': 1, 'C5': 1, 'R5': 1, 'S5': 1, 'X6': 1, 'Y6': 1, 'Z6': 1, 'C6': 1, 'R6': 1, 'S6': 1, 'Z7': 1, 'C7': 1, 'R7': 1, 'S7': 1}
  SACols: {'Q': 80, 'Z7': 2}
  SARows_0: {'S0': 5, 'C0': 1, 'Z0': 1}
  SARows_1: {'S1': 1, 'C1': 8, 'Z1': 1}
  SARows_2: {'S2': 3, 'C2': 2, 'Z2': 1}
  SARows_3: {'S3': 3, 'C3': 2, 'Z3': 1}
  SARows_4: {'S4': 3, 'C4': 2, 'Z4': 1}
  SARows_5: {'S5': 3, 'C5': 2, 'Z5': 1}
  SARows_6: {'S6': 1, 'C6': 6, 'Z6': 1}
  SARows_7: {'S7': 3, 'C7': 2, 'Z7': 1}

================================================================================
MEMORY CONSTRAINT VIOLATION DEBUG - Level: InRegister
================================================================================
Memory footprint: 193 bytes
Memory available: 64 bytes
Overflow: 129 bytes

Full architecture mapping:
  DRAM: P:540, Q:12, Y6:540, X6:12, Y5:540, X5:12, Y4:540, X4:12, Y3:540, X3:12, Y2:540, X2:12, Y1:540, X1:12, Y0:540, X0:12
  SACols: Q:80, Z7:2
  SARows: S7:3, C7:2
  SACols_6: X6:80, Z6:2
  SARows_6: C6:6
  SACols_5: X5:80, Z5:3
  SARows_5: S5:3, C5:2
  SACols_4: X4:80, Z4:3
  SARows_4: S4:3, C4:2
  SACols_3: X3:80, Z3:3
  SARows_3: S3:3, C3:2
  SACols_2: X2:80, Z2:3
  SARows_2: S2:3, C2:2
  SACols_1: X1:80, Z1:3
  SARows_1: C1:8
  SACols_0: X0:80, Z0:2
  SARows_0: S0:5
  WRegister: C7:28, R7:3, C6:2, C5:6, R5:3, C4:6, R4:3, C3:6, R3:3, C2:6, R2:3, C1:7, C0:3, R0:5
  IntermediateRegister: Z6:28, Z5:4, Z4:4, Z3:4, Z2:4, Z1:4, Z0:28
  OutRegister: Z7:8
================================================================================


================================================================================
MEMORY CONSTRAINT VIOLATION DEBUG - Level: WRegister
================================================================================
Memory footprint: 1,464 bytes
Memory available: 300 bytes
Overflow: 1,164 bytes

Full architecture mapping:
  DRAM: P:540, Q:12, Y6:540, X6:12, Y5:540, X5:12, Y4:540, X4:12, Y3:540, X3:12, Y2:540, X2:12, Y1:540, X1:12, Y0:540, X0:12
  SACols: Q:80, Z7:2
  SARows: S7:3, C7:2
  SACols_6: X6:80, Z6:2
  SARows_6: C6:6
  SACols_5: X5:80, Z5:3
  SARows_5: S5:3, C5:2
  SACols_4: X4:80, Z4:3
  SARows_4: S4:3, C4:2
  SACols_3: X3:80, Z3:3
  SARows_3: S3:3, C3:2
  SACols_2: X2:80, Z2:3
  SARows_2: S2:3, C2:2
  SACols_1: X1:80, Z1:3
  SARows_1: C1:8
  SACols_0: X0:80, Z0:2
  SARows_0: S0:5
  WRegister: C7:28, R7:3, C6:2, C5:6, R5:3, C4:6, R4:3, C3:6, R3:3, C2:6, R2:3, C1:7, C0:3, R0:5
  IntermediateRegister: Z6:28, Z5:4, Z4:4, Z3:4, Z2:4, Z1:4, Z0:28
  OutRegister: Z7:8
================================================================================

------ loading Accelergy for Eyeriss ------
[Constrained Eyeriss] 8 layers, tile_size=80
  DRAM: {'Q': 12, 'P': 540, 'X0': 12, 'Y0': 540, 'Z0': 1, 'C0': 1, 'R0': 1, 'S0': 1, 'X1': 12, 'Y1': 540, 'Z1': 1, 'C1': 1, 'R1': 1, 'S1': 1, 'X2': 12, 'Y2': 540, 'Z2': 1, 'C2': 1, 'R2': 1, 'S2': 1, 'X3': 12, 'Y3': 540, 'Z3': 1, 'C3': 1, 'R3': 1, 'S3': 1, 'X4': 12, 'Y4': 540, 'Z4': 1, 'C4': 1, 'R4': 1, 'S4': 1, 'X5': 12, 'Y5': 540, 'Z5': 1, 'C5': 1, 'R5': 1, 'S5': 1, 'X6': 12, 'Y6': 540, 'Z6': 1, 'C6': 1, 'R6': 1, 'S6': 1, 'Z7': 1, 'C7': 1, 'R7': 1, 'S7': 1}
  GlobalBuffer: {'Q': 1, 'P': 1, 'X0': 1, 'Y0': 1, 'Z0': 1, 'C0': 1, 'R0': 1, 'S0': 1, 'X1': 1, 'Y1': 1, 'Z1': 1, 'C1': 1, 'R1': 1, 'S1': 1, 'X2': 1, 'Y2': 1, 'Z2': 1, 'C2': 1, 'R2': 1, 'S2': 1, 'X3': 1, 'Y3': 1, 'Z3': 1, 'C3': 1, 'R3': 1, 'S3': 1, 'X4': 1, 'Y4': 1, 'Z4': 1, 'C4': 1, 'R4': 1, 'S4': 1, 'X5': 1, 'Y5': 1, 'Z5': 1, 'C5': 1, 'R5': 1, 'S5': 1, 'X6': 1, 'Y6': 1, 'Z6': 1, 'C6': 1, 'R6': 1, 'S6': 1, 'Z7': 1, 'C7': 1, 'R7': 1, 'S7': 1}
  SACols: {'Q': 80, 'Z7': 4}
  SARows_0: {'S0': 5, 'C0': 1, 'Z0': 1}
  SARows_1: {'S1': 1, 'C1': 8, 'Z1': 1}
  SARows_2: {'S2': 3, 'C2': 2, 'Z2': 1}
  SARows_3: {'S3': 3, 'C3': 2, 'Z3': 1}
  SARows_4: {'S4': 3, 'C4': 2, 'Z4': 1}
  SARows_5: {'S5': 3, 'C5': 2, 'Z5': 1}
  SARows_6: {'S6': 1, 'C6': 6, 'Z6': 1}
  SARows_7: {'S7': 3, 'C7': 2, 'Z7': 1}

================================================================================
MEMORY CONSTRAINT VIOLATION DEBUG - Level: InRegister
================================================================================
Memory footprint: 193 bytes
Memory available: 64 bytes
Overflow: 129 bytes

Full architecture mapping:
  DRAM: P:540, Q:12, Y6:540, X6:12, Y5:540, X5:12, Y4:540, X4:12, Y3:540, X3:12, Y2:540, X2:12, Y1:540, X1:12, Y0:540, X0:12
  SACols: Q:80, Z7:4
  SARows: S7:3, C7:2
  SACols_6: X6:80, Z6:4
  SARows_6: C6:6
  SACols_5: X5:80, Z5:4
  SARows_5: S5:3, C5:2
  SACols_4: X4:80, Z4:4
  SARows_4: S4:3, C4:2
  SACols_3: X3:80, Z3:4
  SARows_3: S3:3, C3:2
  SACols_2: X2:80, Z2:4
  SARows_2: S2:3, C2:2
  SACols_1: X1:80, Z1:4
  SARows_1: C1:8
  SACols_0: X0:80, Z0:4
  SARows_0: S0:5
  WRegister: C7:28, R7:3, C6:2, C5:6, R5:3, C4:6, R4:3, C3:6, R3:3, C2:6, R2:3, C1:7, C0:3, R0:5
  IntermediateRegister: Z6:14, Z5:3, Z4:3, Z3:3, Z2:3, Z1:3, Z0:14
  OutRegister: Z7:4
================================================================================


================================================================================
MEMORY CONSTRAINT VIOLATION DEBUG - Level: WRegister
================================================================================
Memory footprint: 811 bytes
Memory available: 300 bytes
Overflow: 511 bytes

Full architecture mapping:
  DRAM: P:540, Q:12, Y6:540, X6:12, Y5:540, X5:12, Y4:540, X4:12, Y3:540, X3:12, Y2:540, X2:12, Y1:540, X1:12, Y0:540, X0:12
  SACols: Q:80, Z7:4
  SARows: S7:3, C7:2
  SACols_6: X6:80, Z6:4
  SARows_6: C6:6
  SACols_5: X5:80, Z5:4
  SARows_5: S5:3, C5:2
  SACols_4: X4:80, Z4:4
  SARows_4: S4:3, C4:2
  SACols_3: X3:80, Z3:4
  SARows_3: S3:3, C3:2
  SACols_2: X2:80, Z2:4
  SARows_2: S2:3, C2:2
  SACols_1: X1:80, Z1:4
  SARows_1: C1:8
  SACols_0: X0:80, Z0:4
  SARows_0: S0:5
  WRegister: C7:28, R7:3, C6:2, C5:6, R5:3, C4:6, R4:3, C3:6, R3:3, C2:6, R2:3, C1:7, C0:3, R0:5
  IntermediateRegister: Z6:14, Z5:3, Z4:3, Z3:3, Z2:3, Z1:3, Z0:14
  OutRegister: Z7:4
================================================================================

------ loading Accelergy for Eyeriss ------
[Constrained Eyeriss] 8 layers, tile_size=80
  DRAM: {'Q': 12, 'P': 540, 'X0': 12, 'Y0': 540, 'Z0': 1, 'C0': 1, 'R0': 1, 'S0': 1, 'X1': 12, 'Y1': 540, 'Z1': 1, 'C1': 1, 'R1': 1, 'S1': 1, 'X2': 12, 'Y2': 540, 'Z2': 1, 'C2': 1, 'R2': 1, 'S2': 1, 'X3': 12, 'Y3': 540, 'Z3': 1, 'C3': 1, 'R3': 1, 'S3': 1, 'X4': 12, 'Y4': 540, 'Z4': 1, 'C4': 1, 'R4': 1, 'S4': 1, 'X5': 12, 'Y5': 540, 'Z5': 1, 'C5': 1, 'R5': 1, 'S5': 1, 'X6': 12, 'Y6': 540, 'Z6': 1, 'C6': 1, 'R6': 1, 'S6': 1, 'Z7': 1, 'C7': 1, 'R7': 1, 'S7': 1}
  GlobalBuffer: {'Q': 1, 'P': 1, 'X0': 1, 'Y0': 1, 'Z0': 1, 'C0': 1, 'R0': 1, 'S0': 1, 'X1': 1, 'Y1': 1, 'Z1': 1, 'C1': 1, 'R1': 1, 'S1': 1, 'X2': 1, 'Y2': 1, 'Z2': 1, 'C2': 1, 'R2': 1, 'S2': 1, 'X3': 1, 'Y3': 1, 'Z3': 1, 'C3': 1, 'R3': 1, 'S3': 1, 'X4': 1, 'Y4': 1, 'Z4': 1, 'C4': 1, 'R4': 1, 'S4': 1, 'X5': 1, 'Y5': 1, 'Z5': 1, 'C5': 1, 'R5': 1, 'S5': 1, 'X6': 1, 'Y6': 1, 'Z6': 1, 'C6': 1, 'R6': 1, 'S6': 1, 'Z7': 1, 'C7': 1, 'R7': 1, 'S7': 1}
  SACols: {'Q': 80, 'Z7': 4}
  SARows_0: {'S0': 5, 'C0': 1, 'Z0': 1}
  SARows_1: {'S1': 1, 'C1': 8, 'Z1': 1}
  SARows_2: {'S2': 3, 'C2': 2, 'Z2': 1}
  SARows_3: {'S3': 3, 'C3': 2, 'Z3': 1}
  SARows_4: {'S4': 3, 'C4': 2, 'Z4': 1}
  SARows_5: {'S5': 3, 'C5': 2, 'Z5': 1}
  SARows_6: {'S6': 1, 'C6': 6, 'Z6': 1}
  SARows_7: {'S7': 3, 'C7': 2, 'Z7': 1}

================================================================================
MEMORY CONSTRAINT VIOLATION DEBUG - Level: InRegister
================================================================================
Memory footprint: 193 bytes
Memory available: 64 bytes
Overflow: 129 bytes

Full architecture mapping:
  DRAM: P:540, Q:12, Y6:540, X6:12, Y5:540, X5:12, Y4:540, X4:12, Y3:540, X3:12, Y2:540, X2:12, Y1:540, X1:12, Y0:540, X0:12
  SACols: Q:80, Z7:4
  SARows: S7:3, C7:2
  SACols_6: X6:80, Z6:4
  SARows_6: C6:6
  SACols_5: X5:80, Z5:6
  SARows_5: S5:3, C5:2
  SACols_4: X4:80, Z4:6
  SARows_4: S4:3, C4:2
  SACols_3: X3:80, Z3:6
  SARows_3: S3:3, C3:2
  SACols_2: X2:80, Z2:6
  SARows_2: S2:3, C2:2
  SACols_1: X1:80, Z1:6
  SARows_1: C1:8
  SACols_0: X0:80, Z0:4
  SARows_0: S0:5
  WRegister: C7:28, R7:3, C6:2, C5:6, R5:3, C4:6, R4:3, C3:6, R3:3, C2:6, R2:3, C1:7, C0:3, R0:5
  IntermediateRegister: Z6:14, Z5:2, Z4:2, Z3:2, Z2:2, Z1:2, Z0:14
  OutRegister: Z7:4
================================================================================


================================================================================
MEMORY CONSTRAINT VIOLATION DEBUG - Level: WRegister
================================================================================
Memory footprint: 732 bytes
Memory available: 300 bytes
Overflow: 432 bytes

Full architecture mapping:
  DRAM: P:540, Q:12, Y6:540, X6:12, Y5:540, X5:12, Y4:540, X4:12, Y3:540, X3:12, Y2:540, X2:12, Y1:540, X1:12, Y0:540, X0:12
  SACols: Q:80, Z7:4
  SARows: S7:3, C7:2
  SACols_6: X6:80, Z6:4
  SARows_6: C6:6
  SACols_5: X5:80, Z5:6
  SARows_5: S5:3, C5:2
  SACols_4: X4:80, Z4:6
  SARows_4: S4:3, C4:2
  SACols_3: X3:80, Z3:6
  SARows_3: S3:3, C3:2
  SACols_2: X2:80, Z2:6
  SARows_2: S2:3, C2:2
  SACols_1: X1:80, Z1:6
  SARows_1: C1:8
  SACols_0: X0:80, Z0:4
  SARows_0: S0:5
  WRegister: C7:28, R7:3, C6:2, C5:6, R5:3, C4:6, R4:3, C3:6, R3:3, C2:6, R2:3, C1:7, C0:3, R0:5
  IntermediateRegister: Z6:14, Z5:2, Z4:2, Z3:2, Z2:2, Z1:2, Z0:14
  OutRegister: Z7:4
================================================================================

------ loading Accelergy for Eyeriss ------
[Constrained Eyeriss] 8 layers, tile_size=80
  DRAM: {'Q': 12, 'P': 540, 'X0': 12, 'Y0': 540, 'Z0': 1, 'C0': 1, 'R0': 1, 'S0': 1, 'X1': 12, 'Y1': 540, 'Z1': 1, 'C1': 1, 'R1': 1, 'S1': 1, 'X2': 12, 'Y2': 540, 'Z2': 1, 'C2': 1, 'R2': 1, 'S2': 1, 'X3': 12, 'Y3': 540, 'Z3': 1, 'C3': 1, 'R3': 1, 'S3': 1, 'X4': 12, 'Y4': 540, 'Z4': 1, 'C4': 1, 'R4': 1, 'S4': 1, 'X5': 12, 'Y5': 540, 'Z5': 1, 'C5': 1, 'R5': 1, 'S5': 1, 'X6': 12, 'Y6': 540, 'Z6': 1, 'C6': 1, 'R6': 1, 'S6': 1, 'Z7': 1, 'C7': 1, 'R7': 1, 'S7': 1}
  GlobalBuffer: {'Q': 20, 'P': 1, 'X0': 20, 'Y0': 1, 'Z0': 1, 'C0': 1, 'R0': 1, 'S0': 1, 'X1': 20, 'Y1': 1, 'Z1': 1, 'C1': 1, 'R1': 1, 'S1': 1, 'X2': 20, 'Y2': 1, 'Z2': 1, 'C2': 1, 'R2': 1, 'S2': 1, 'X3': 20, 'Y3': 1, 'Z3': 1, 'C3': 1, 'R3': 1, 'S3': 1, 'X4': 20, 'Y4': 1, 'Z4': 1, 'C4': 1, 'R4': 1, 'S4': 1, 'X5': 20, 'Y5': 1, 'Z5': 1, 'C5': 1, 'R5': 1, 'S5': 1, 'X6': 20, 'Y6': 1, 'Z6': 1, 'C6': 1, 'R6': 1, 'S6': 1, 'Z7': 1, 'C7': 1, 'R7': 1, 'S7': 1}
  SACols: {'Q': 4, 'Z7': 1}
  SARows_0: {'S0': 5, 'C0': 1, 'Z0': 2}
  SARows_1: {'S1': 1, 'C1': 8, 'Z1': 1}
  SARows_2: {'S2': 3, 'C2': 4, 'Z2': 1}
  SARows_3: {'S3': 3, 'C3': 4, 'Z3': 1}
  SARows_4: {'S4': 3, 'C4': 4, 'Z4': 1}
  SARows_5: {'S5': 3, 'C5': 4, 'Z5': 1}
  SARows_6: {'S6': 1, 'C6': 12, 'Z6': 1}
  SARows_7: {'S7': 3, 'C7': 4, 'Z7': 1}

================================================================================
MEMORY CONSTRAINT VIOLATION DEBUG - Level: InRegister
================================================================================
Memory footprint: 114 bytes
Memory available: 64 bytes
Overflow: 50 bytes

Full architecture mapping:
  DRAM: P:540, Q:12, Y6:540, X6:12, Y5:540, X5:12, Y4:540, X4:12, Y3:540, X3:12, Y2:540, X2:12, Y1:540, X1:12, Y0:540, X0:12
  GlobalBuffer: Q:20, X6:20, X5:20, X4:20, X3:20, X2:20, X1:20, X0:20
  SACols: Q:4
  SARows: S7:3, C7:4
  SACols_6: X6:4
  SARows_6: C6:12
  SACols_5: X5:4
  SARows_5: S5:3, C5:4
  SACols_4: X4:4
  SARows_4: S4:3, C4:4
  SACols_3: X3:4
  SARows_3: S3:3, C3:4
  SACols_2: X2:4
  SARows_2: S2:3, C2:4
  SACols_1: X1:4
  SARows_1: C1:8
  SACols_0: X0:4
  SARows_0: S0:5, Z0:2
  WRegister: C7:14, R7:3, C5:3, R5:3, C4:3, R4:3, C3:3, R3:3, C2:3, R2:3, C1:7, C0:3, R0:5
  IntermediateRegister: Z6:56, Z5:12, Z4:12, Z3:12, Z2:12, Z1:12, Z0:28
  OutRegister: Z7:16
================================================================================


================================================================================
MEMORY CONSTRAINT VIOLATION DEBUG - Level: WRegister
================================================================================
Memory footprint: 1,664 bytes
Memory available: 300 bytes
Overflow: 1,364 bytes

Full architecture mapping:
  DRAM: P:540, Q:12, Y6:540, X6:12, Y5:540, X5:12, Y4:540, X4:12, Y3:540, X3:12, Y2:540, X2:12, Y1:540, X1:12, Y0:540, X0:12
  GlobalBuffer: Q:20, X6:20, X5:20, X4:20, X3:20, X2:20, X1:20, X0:20
  SACols: Q:4
  SARows: S7:3, C7:4
  SACols_6: X6:4
  SARows_6: C6:12
  SACols_5: X5:4
  SARows_5: S5:3, C5:4
  SACols_4: X4:4
  SARows_4: S4:3, C4:4
  SACols_3: X3:4
  SARows_3: S3:3, C3:4
  SACols_2: X2:4
  SARows_2: S2:3, C2:4
  SACols_1: X1:4
  SARows_1: C1:8
  SACols_0: X0:4
  SARows_0: S0:5, Z0:2
  WRegister: C7:14, R7:3, C5:3, R5:3, C4:3, R4:3, C3:3, R3:3, C2:3, R2:3, C1:7, C0:3, R0:5
  IntermediateRegister: Z6:56, Z5:12, Z4:12, Z3:12, Z2:12, Z1:12, Z0:28
  OutRegister: Z7:16
================================================================================

------ loading Accelergy for Eyeriss ------
[Constrained Eyeriss] 8 layers, tile_size=80
  DRAM: {'Q': 12, 'P': 540, 'X0': 12, 'Y0': 540, 'Z0': 1, 'C0': 1, 'R0': 1, 'S0': 1, 'X1': 12, 'Y1': 540, 'Z1': 1, 'C1': 1, 'R1': 1, 'S1': 1, 'X2': 12, 'Y2': 540, 'Z2': 1, 'C2': 1, 'R2': 1, 'S2': 1, 'X3': 12, 'Y3': 540, 'Z3': 1, 'C3': 1, 'R3': 1, 'S3': 1, 'X4': 12, 'Y4': 540, 'Z4': 1, 'C4': 1, 'R4': 1, 'S4': 1, 'X5': 12, 'Y5': 540, 'Z5': 1, 'C5': 1, 'R5': 1, 'S5': 1, 'X6': 12, 'Y6': 540, 'Z6': 1, 'C6': 1, 'R6': 1, 'S6': 1, 'Z7': 1, 'C7': 1, 'R7': 1, 'S7': 1}
  GlobalBuffer: {'Q': 10, 'P': 1, 'X0': 10, 'Y0': 1, 'Z0': 1, 'C0': 1, 'R0': 1, 'S0': 1, 'X1': 10, 'Y1': 1, 'Z1': 1, 'C1': 1, 'R1': 1, 'S1': 1, 'X2': 10, 'Y2': 1, 'Z2': 1, 'C2': 1, 'R2': 1, 'S2': 1, 'X3': 10, 'Y3': 1, 'Z3': 1, 'C3': 1, 'R3': 1, 'S3': 1, 'X4': 10, 'Y4': 1, 'Z4': 1, 'C4': 1, 'R4': 1, 'S4': 1, 'X5': 10, 'Y5': 1, 'Z5': 1, 'C5': 1, 'R5': 1, 'S5': 1, 'X6': 10, 'Y6': 1, 'Z6': 1, 'C6': 1, 'R6': 1, 'S6': 1, 'Z7': 1, 'C7': 1, 'R7': 1, 'S7': 1}
  SACols: {'Q': 8, 'Z7': 1}
  SARows_0: {'S0': 5, 'C0': 1, 'Z0': 2}
  SARows_1: {'S1': 1, 'C1': 8, 'Z1': 1}
  SARows_2: {'S2': 3, 'C2': 4, 'Z2': 1}
  SARows_3: {'S3': 3, 'C3': 4, 'Z3': 1}
  SARows_4: {'S4': 3, 'C4': 4, 'Z4': 1}
  SARows_5: {'S5': 3, 'C5': 4, 'Z5': 1}
  SARows_6: {'S6': 1, 'C6': 12, 'Z6': 1}
  SARows_7: {'S7': 3, 'C7': 4, 'Z7': 1}

================================================================================
MEMORY CONSTRAINT VIOLATION DEBUG - Level: InRegister
================================================================================
Memory footprint: 114 bytes
Memory available: 64 bytes
Overflow: 50 bytes

Full architecture mapping:
  DRAM: P:540, Q:12, Y6:540, X6:12, Y5:540, X5:12, Y4:540, X4:12, Y3:540, X3:12, Y2:540, X2:12, Y1:540, X1:12, Y0:540, X0:12
  GlobalBuffer: Q:10, X6:10, X5:10, X4:10, X3:10, X2:10, X1:10, X0:10
  SACols: Q:8
  SARows: S7:3, C7:4
  SACols_6: X6:8
  SARows_6: C6:12
  SACols_5: X5:8
  SARows_5: S5:3, C5:4
  SACols_4: X4:8
  SARows_4: S4:3, C4:4
  SACols_3: X3:8
  SARows_3: S3:3, C3:4
  SACols_2: X2:8
  SARows_2: S2:3, C2:4
  SACols_1: X1:8
  SARows_1: C1:8
  SACols_0: X0:8
  SARows_0: S0:5, Z0:2
  WRegister: C7:14, R7:3, C5:3, R5:3, C4:3, R4:3, C3:3, R3:3, C2:3, R2:3, C1:7, C0:3, R0:5
  IntermediateRegister: Z6:56, Z5:12, Z4:12, Z3:12, Z2:12, Z1:12, Z0:28
  OutRegister: Z7:16
================================================================================


================================================================================
MEMORY CONSTRAINT VIOLATION DEBUG - Level: WRegister
================================================================================
Memory footprint: 1,664 bytes
Memory available: 300 bytes
Overflow: 1,364 bytes

Full architecture mapping:
  DRAM: P:540, Q:12, Y6:540, X6:12, Y5:540, X5:12, Y4:540, X4:12, Y3:540, X3:12, Y2:540, X2:12, Y1:540, X1:12, Y0:540, X0:12
  GlobalBuffer: Q:10, X6:10, X5:10, X4:10, X3:10, X2:10, X1:10, X0:10
  SACols: Q:8
  SARows: S7:3, C7:4
  SACols_6: X6:8
  SARows_6: C6:12
  SACols_5: X5:8
  SARows_5: S5:3, C5:4
  SACols_4: X4:8
  SARows_4: S4:3, C4:4
  SACols_3: X3:8
  SARows_3: S3:3, C3:4
  SACols_2: X2:8
  SARows_2: S2:3, C2:4
  SACols_1: X1:8
  SARows_1: C1:8
  SACols_0: X0:8
  SARows_0: S0:5, Z0:2
  WRegister: C7:14, R7:3, C5:3, R5:3, C4:3, R4:3, C3:3, R3:3, C2:3, R2:3, C1:7, C0:3, R0:5
  IntermediateRegister: Z6:56, Z5:12, Z4:12, Z3:12, Z2:12, Z1:12, Z0:28
  OutRegister: Z7:16
================================================================================

------ loading Accelergy for Eyeriss ------
[Constrained Eyeriss] 8 layers, tile_size=80
  DRAM: {'Q': 12, 'P': 540, 'X0': 12, 'Y0': 540, 'Z0': 1, 'C0': 1, 'R0': 1, 'S0': 1, 'X1': 12, 'Y1': 540, 'Z1': 1, 'C1': 1, 'R1': 1, 'S1': 1, 'X2': 12, 'Y2': 540, 'Z2': 1, 'C2': 1, 'R2': 1, 'S2': 1, 'X3': 12, 'Y3': 540, 'Z3': 1, 'C3': 1, 'R3': 1, 'S3': 1, 'X4': 12, 'Y4': 540, 'Z4': 1, 'C4': 1, 'R4': 1, 'S4': 1, 'X5': 12, 'Y5': 540, 'Z5': 1, 'C5': 1, 'R5': 1, 'S5': 1, 'X6': 12, 'Y6': 540, 'Z6': 1, 'C6': 1, 'R6': 1, 'S6': 1, 'Z7': 1, 'C7': 1, 'R7': 1, 'S7': 1}
  GlobalBuffer: {'Q': 8, 'P': 1, 'X0': 8, 'Y0': 1, 'Z0': 1, 'C0': 1, 'R0': 1, 'S0': 1, 'X1': 8, 'Y1': 1, 'Z1': 1, 'C1': 1, 'R1': 1, 'S1': 1, 'X2': 8, 'Y2': 1, 'Z2': 1, 'C2': 1, 'R2': 1, 'S2': 1, 'X3': 8, 'Y3': 1, 'Z3': 1, 'C3': 1, 'R3': 1, 'S3': 1, 'X4': 8, 'Y4': 1, 'Z4': 1, 'C4': 1, 'R4': 1, 'S4': 1, 'X5': 8, 'Y5': 1, 'Z5': 1, 'C5': 1, 'R5': 1, 'S5': 1, 'X6': 8, 'Y6': 1, 'Z6': 1, 'C6': 1, 'R6': 1, 'S6': 1, 'Z7': 1, 'C7': 1, 'R7': 1, 'S7': 1}
  SACols: {'Q': 10, 'Z7': 1}
  SARows_0: {'S0': 5, 'C0': 1, 'Z0': 2}
  SARows_1: {'S1': 1, 'C1': 8, 'Z1': 1}
  SARows_2: {'S2': 3, 'C2': 4, 'Z2': 1}
  SARows_3: {'S3': 3, 'C3': 4, 'Z3': 1}
  SARows_4: {'S4': 3, 'C4': 4, 'Z4': 1}
  SARows_5: {'S5': 3, 'C5': 4, 'Z5': 1}
  SARows_6: {'S6': 1, 'C6': 12, 'Z6': 1}
  SARows_7: {'S7': 3, 'C7': 4, 'Z7': 1}

================================================================================
MEMORY CONSTRAINT VIOLATION DEBUG - Level: InRegister
================================================================================
Memory footprint: 114 bytes
Memory available: 64 bytes
Overflow: 50 bytes

Full architecture mapping:
  DRAM: P:540, Q:12, Y6:540, X6:12, Y5:540, X5:12, Y4:540, X4:12, Y3:540, X3:12, Y2:540, X2:12, Y1:540, X1:12, Y0:540, X0:12
  GlobalBuffer: Q:8, X6:8, X5:8, X4:8, X3:8, X2:8, X1:8, X0:8
  SACols: Q:10
  SARows: S7:3, C7:4
  SACols_6: X6:10
  SARows_6: C6:12
  SACols_5: X5:10
  SARows_5: S5:3, C5:4
  SACols_4: X4:10
  SARows_4: S4:3, C4:4
  SACols_3: X3:10
  SARows_3: S3:3, C3:4
  SACols_2: X2:10
  SARows_2: S2:3, C2:4
  SACols_1: X1:10
  SARows_1: C1:8
  SACols_0: X0:10
  SARows_0: S0:5, Z0:2
  WRegister: C7:14, R7:3, C5:3, R5:3, C4:3, R4:3, C3:3, R3:3, C2:3, R2:3, C1:7, C0:3, R0:5
  IntermediateRegister: Z6:56, Z5:12, Z4:12, Z3:12, Z2:12, Z1:12, Z0:28
  OutRegister: Z7:16
================================================================================


================================================================================
MEMORY CONSTRAINT VIOLATION DEBUG - Level: WRegister
================================================================================
Memory footprint: 1,664 bytes
Memory available: 300 bytes
Overflow: 1,364 bytes

Full architecture mapping:
  DRAM: P:540, Q:12, Y6:540, X6:12, Y5:540, X5:12, Y4:540, X4:12, Y3:540, X3:12, Y2:540, X2:12, Y1:540, X1:12, Y0:540, X0:12
  GlobalBuffer: Q:8, X6:8, X5:8, X4:8, X3:8, X2:8, X1:8, X0:8
  SACols: Q:10
  SARows: S7:3, C7:4
  SACols_6: X6:10
  SARows_6: C6:12
  SACols_5: X5:10
  SARows_5: S5:3, C5:4
  SACols_4: X4:10
  SARows_4: S4:3, C4:4
  SACols_3: X3:10
  SARows_3: S3:3, C3:4
  SACols_2: X2:10
  SARows_2: S2:3, C2:4
  SACols_1: X1:10
  SARows_1: C1:8
  SACols_0: X0:10
  SARows_0: S0:5, Z0:2
  WRegister: C7:14, R7:3, C5:3, R5:3, C4:3, R4:3, C3:3, R3:3, C2:3, R2:3, C1:7, C0:3, R0:5
  IntermediateRegister: Z6:56, Z5:12, Z4:12, Z3:12, Z2:12, Z1:12, Z0:28
  OutRegister: Z7:16
================================================================================

------ loading Accelergy for Eyeriss ------
[Constrained Eyeriss] 8 layers, tile_size=80
  DRAM: {'Q': 12, 'P': 540, 'X0': 12, 'Y0': 540, 'Z0': 1, 'C0': 1, 'R0': 1, 'S0': 1, 'X1': 12, 'Y1': 540, 'Z1': 1, 'C1': 1, 'R1': 1, 'S1': 1, 'X2': 12, 'Y2': 540, 'Z2': 1, 'C2': 1, 'R2': 1, 'S2': 1, 'X3': 12, 'Y3': 540, 'Z3': 1, 'C3': 1, 'R3': 1, 'S3': 1, 'X4': 12, 'Y4': 540, 'Z4': 1, 'C4': 1, 'R4': 1, 'S4': 1, 'X5': 12, 'Y5': 540, 'Z5': 1, 'C5': 1, 'R5': 1, 'S5': 1, 'X6': 12, 'Y6': 540, 'Z6': 1, 'C6': 1, 'R6': 1, 'S6': 1, 'Z7': 1, 'C7': 1, 'R7': 1, 'S7': 1}
  GlobalBuffer: {'Q': 5, 'P': 1, 'X0': 5, 'Y0': 1, 'Z0': 1, 'C0': 1, 'R0': 1, 'S0': 1, 'X1': 5, 'Y1': 1, 'Z1': 1, 'C1': 1, 'R1': 1, 'S1': 1, 'X2': 5, 'Y2': 1, 'Z2': 1, 'C2': 1, 'R2': 1, 'S2': 1, 'X3': 5, 'Y3': 1, 'Z3': 1, 'C3': 1, 'R3': 1, 'S3': 1, 'X4': 5, 'Y4': 1, 'Z4': 1, 'C4': 1, 'R4': 1, 'S4': 1, 'X5': 5, 'Y5': 1, 'Z5': 1, 'C5': 1, 'R5': 1, 'S5': 1, 'X6': 5, 'Y6': 1, 'Z6': 1, 'C6': 1, 'R6': 1, 'S6': 1, 'Z7': 1, 'C7': 1, 'R7': 1, 'S7': 1}
  SACols: {'Q': 16, 'Z7': 1}
  SARows_0: {'S0': 5, 'C0': 1, 'Z0': 2}
  SARows_1: {'S1': 1, 'C1': 8, 'Z1': 1}
  SARows_2: {'S2': 3, 'C2': 4, 'Z2': 1}
  SARows_3: {'S3': 3, 'C3': 4, 'Z3': 1}
  SARows_4: {'S4': 3, 'C4': 4, 'Z4': 1}
  SARows_5: {'S5': 3, 'C5': 4, 'Z5': 1}
  SARows_6: {'S6': 1, 'C6': 12, 'Z6': 1}
  SARows_7: {'S7': 3, 'C7': 4, 'Z7': 1}

================================================================================
MEMORY CONSTRAINT VIOLATION DEBUG - Level: InRegister
================================================================================
Memory footprint: 114 bytes
Memory available: 64 bytes
Overflow: 50 bytes

Full architecture mapping:
  DRAM: P:540, Q:12, Y6:540, X6:12, Y5:540, X5:12, Y4:540, X4:12, Y3:540, X3:12, Y2:540, X2:12, Y1:540, X1:12, Y0:540, X0:12
  GlobalBuffer: Q:5, X6:5, X5:5, X4:5, X3:5, X2:5, X1:5, X0:5
  SACols: Q:16
  SARows: S7:3, C7:4
  SACols_6: X6:16
  SARows_6: C6:12
  SACols_5: X5:16
  SARows_5: S5:3, C5:4
  SACols_4: X4:16
  SARows_4: S4:3, C4:4
  SACols_3: X3:16
  SARows_3: S3:3, C3:4
  SACols_2: X2:16
  SARows_2: S2:3, C2:4
  SACols_1: X1:16
  SARows_1: C1:8
  SACols_0: X0:16
  SARows_0: S0:5, Z0:2
  WRegister: C7:14, R7:3, C5:3, R5:3, C4:3, R4:3, C3:3, R3:3, C2:3, R2:3, C1:7, C0:3, R0:5
  IntermediateRegister: Z6:56, Z5:12, Z4:12, Z3:12, Z2:12, Z1:12, Z0:28
  OutRegister: Z7:16
================================================================================


================================================================================
MEMORY CONSTRAINT VIOLATION DEBUG - Level: WRegister
================================================================================
Memory footprint: 1,664 bytes
Memory available: 300 bytes
Overflow: 1,364 bytes

Full architecture mapping:
  DRAM: P:540, Q:12, Y6:540, X6:12, Y5:540, X5:12, Y4:540, X4:12, Y3:540, X3:12, Y2:540, X2:12, Y1:540, X1:12, Y0:540, X0:12
  GlobalBuffer: Q:5, X6:5, X5:5, X4:5, X3:5, X2:5, X1:5, X0:5
  SACols: Q:16
  SARows: S7:3, C7:4
  SACols_6: X6:16
  SARows_6: C6:12
  SACols_5: X5:16
  SARows_5: S5:3, C5:4
  SACols_4: X4:16
  SARows_4: S4:3, C4:4
  SACols_3: X3:16
  SARows_3: S3:3, C3:4
  SACols_2: X2:16
  SARows_2: S2:3, C2:4
  SACols_1: X1:16
  SARows_1: C1:8
  SACols_0: X0:16
  SARows_0: S0:5, Z0:2
  WRegister: C7:14, R7:3, C5:3, R5:3, C4:3, R4:3, C3:3, R3:3, C2:3, R2:3, C1:7, C0:3, R0:5
  IntermediateRegister: Z6:56, Z5:12, Z4:12, Z3:12, Z2:12, Z1:12, Z0:28
  OutRegister: Z7:16
================================================================================

------ loading Accelergy for Eyeriss ------
[Constrained Eyeriss] 8 layers, tile_size=80
  DRAM: {'Q': 12, 'P': 540, 'X0': 12, 'Y0': 540, 'Z0': 1, 'C0': 1, 'R0': 1, 'S0': 1, 'X1': 12, 'Y1': 540, 'Z1': 1, 'C1': 1, 'R1': 1, 'S1': 1, 'X2': 12, 'Y2': 540, 'Z2': 1, 'C2': 1, 'R2': 1, 'S2': 1, 'X3': 12, 'Y3': 540, 'Z3': 1, 'C3': 1, 'R3': 1, 'S3': 1, 'X4': 12, 'Y4': 540, 'Z4': 1, 'C4': 1, 'R4': 1, 'S4': 1, 'X5': 12, 'Y5': 540, 'Z5': 1, 'C5': 1, 'R5': 1, 'S5': 1, 'X6': 12, 'Y6': 540, 'Z6': 1, 'C6': 1, 'R6': 1, 'S6': 1, 'Z7': 1, 'C7': 1, 'R7': 1, 'S7': 1}
  GlobalBuffer: {'Q': 4, 'P': 1, 'X0': 4, 'Y0': 1, 'Z0': 1, 'C0': 1, 'R0': 1, 'S0': 1, 'X1': 4, 'Y1': 1, 'Z1': 1, 'C1': 1, 'R1': 1, 'S1': 1, 'X2': 4, 'Y2': 1, 'Z2': 1, 'C2': 1, 'R2': 1, 'S2': 1, 'X3': 4, 'Y3': 1, 'Z3': 1, 'C3': 1, 'R3': 1, 'S3': 1, 'X4': 4, 'Y4': 1, 'Z4': 1, 'C4': 1, 'R4': 1, 'S4': 1, 'X5': 4, 'Y5': 1, 'Z5': 1, 'C5': 1, 'R5': 1, 'S5': 1, 'X6': 4, 'Y6': 1, 'Z6': 1, 'C6': 1, 'R6': 1, 'S6': 1, 'Z7': 1, 'C7': 1, 'R7': 1, 'S7': 1}
  SACols: {'Q': 20, 'Z7': 1}
  SARows_0: {'S0': 5, 'C0': 1, 'Z0': 2}
  SARows_1: {'S1': 1, 'C1': 8, 'Z1': 1}
  SARows_2: {'S2': 3, 'C2': 4, 'Z2': 1}
  SARows_3: {'S3': 3, 'C3': 4, 'Z3': 1}
  SARows_4: {'S4': 3, 'C4': 4, 'Z4': 1}
  SARows_5: {'S5': 3, 'C5': 4, 'Z5': 1}
  SARows_6: {'S6': 1, 'C6': 12, 'Z6': 1}
  SARows_7: {'S7': 3, 'C7': 4, 'Z7': 1}

================================================================================
MEMORY CONSTRAINT VIOLATION DEBUG - Level: InRegister
================================================================================
Memory footprint: 114 bytes
Memory available: 64 bytes
Overflow: 50 bytes

Full architecture mapping:
  DRAM: P:540, Q:12, Y6:540, X6:12, Y5:540, X5:12, Y4:540, X4:12, Y3:540, X3:12, Y2:540, X2:12, Y1:540, X1:12, Y0:540, X0:12
  GlobalBuffer: Q:4, X6:4, X5:4, X4:4, X3:4, X2:4, X1:4, X0:4
  SACols: Q:20
  SARows: S7:3, C7:4
  SACols_6: X6:20
  SARows_6: C6:12
  SACols_5: X5:20
  SARows_5: S5:3, C5:4
  SACols_4: X4:20
  SARows_4: S4:3, C4:4
  SACols_3: X3:20
  SARows_3: S3:3, C3:4
  SACols_2: X2:20
  SARows_2: S2:3, C2:4
  SACols_1: X1:20
  SARows_1: C1:8
  SACols_0: X0:20
  SARows_0: S0:5, Z0:2
  WRegister: C7:14, R7:3, C5:3, R5:3, C4:3, R4:3, C3:3, R3:3, C2:3, R2:3, C1:7, C0:3, R0:5
  IntermediateRegister: Z6:56, Z5:12, Z4:12, Z3:12, Z2:12, Z1:12, Z0:28
  OutRegister: Z7:16
================================================================================


================================================================================
MEMORY CONSTRAINT VIOLATION DEBUG - Level: WRegister
================================================================================
Memory footprint: 1,664 bytes
Memory available: 300 bytes
Overflow: 1,364 bytes

Full architecture mapping:
  DRAM: P:540, Q:12, Y6:540, X6:12, Y5:540, X5:12, Y4:540, X4:12, Y3:540, X3:12, Y2:540, X2:12, Y1:540, X1:12, Y0:540, X0:12
  GlobalBuffer: Q:4, X6:4, X5:4, X4:4, X3:4, X2:4, X1:4, X0:4
  SACols: Q:20
  SARows: S7:3, C7:4
  SACols_6: X6:20
  SARows_6: C6:12
  SACols_5: X5:20
  SARows_5: S5:3, C5:4
  SACols_4: X4:20
  SARows_4: S4:3, C4:4
  SACols_3: X3:20
  SARows_3: S3:3, C3:4
  SACols_2: X2:20
  SARows_2: S2:3, C2:4
  SACols_1: X1:20
  SARows_1: C1:8
  SACols_0: X0:20
  SARows_0: S0:5, Z0:2
  WRegister: C7:14, R7:3, C5:3, R5:3, C4:3, R4:3, C3:3, R3:3, C2:3, R2:3, C1:7, C0:3, R0:5
  IntermediateRegister: Z6:56, Z5:12, Z4:12, Z3:12, Z2:12, Z1:12, Z0:28
  OutRegister: Z7:16
================================================================================

------ loading Accelergy for Eyeriss ------
[Constrained Eyeriss] 8 layers, tile_size=80
  DRAM: {'Q': 12, 'P': 540, 'X0': 12, 'Y0': 540, 'Z0': 1, 'C0': 1, 'R0': 1, 'S0': 1, 'X1': 12, 'Y1': 540, 'Z1': 1, 'C1': 1, 'R1': 1, 'S1': 1, 'X2': 12, 'Y2': 540, 'Z2': 1, 'C2': 1, 'R2': 1, 'S2': 1, 'X3': 12, 'Y3': 540, 'Z3': 1, 'C3': 1, 'R3': 1, 'S3': 1, 'X4': 12, 'Y4': 540, 'Z4': 1, 'C4': 1, 'R4': 1, 'S4': 1, 'X5': 12, 'Y5': 540, 'Z5': 1, 'C5': 1, 'R5': 1, 'S5': 1, 'X6': 12, 'Y6': 540, 'Z6': 1, 'C6': 1, 'R6': 1, 'S6': 1, 'Z7': 1, 'C7': 1, 'R7': 1, 'S7': 1}
  GlobalBuffer: {'Q': 2, 'P': 1, 'X0': 2, 'Y0': 1, 'Z0': 1, 'C0': 1, 'R0': 1, 'S0': 1, 'X1': 2, 'Y1': 1, 'Z1': 1, 'C1': 1, 'R1': 1, 'S1': 1, 'X2': 2, 'Y2': 1, 'Z2': 1, 'C2': 1, 'R2': 1, 'S2': 1, 'X3': 2, 'Y3': 1, 'Z3': 1, 'C3': 1, 'R3': 1, 'S3': 1, 'X4': 2, 'Y4': 1, 'Z4': 1, 'C4': 1, 'R4': 1, 'S4': 1, 'X5': 2, 'Y5': 1, 'Z5': 1, 'C5': 1, 'R5': 1, 'S5': 1, 'X6': 2, 'Y6': 1, 'Z6': 1, 'C6': 1, 'R6': 1, 'S6': 1, 'Z7': 1, 'C7': 1, 'R7': 1, 'S7': 1}
  SACols: {'Q': 40, 'Z7': 1}
  SARows_0: {'S0': 5, 'C0': 1, 'Z0': 2}
  SARows_1: {'S1': 1, 'C1': 8, 'Z1': 1}
  SARows_2: {'S2': 3, 'C2': 4, 'Z2': 1}
  SARows_3: {'S3': 3, 'C3': 4, 'Z3': 1}
  SARows_4: {'S4': 3, 'C4': 4, 'Z4': 1}
  SARows_5: {'S5': 3, 'C5': 4, 'Z5': 1}
  SARows_6: {'S6': 1, 'C6': 12, 'Z6': 1}
  SARows_7: {'S7': 3, 'C7': 4, 'Z7': 1}

================================================================================
MEMORY CONSTRAINT VIOLATION DEBUG - Level: InRegister
================================================================================
Memory footprint: 114 bytes
Memory available: 64 bytes
Overflow: 50 bytes

Full architecture mapping:
  DRAM: P:540, Q:12, Y6:540, X6:12, Y5:540, X5:12, Y4:540, X4:12, Y3:540, X3:12, Y2:540, X2:12, Y1:540, X1:12, Y0:540, X0:12
  GlobalBuffer: Q:2, X6:2, X5:2, X4:2, X3:2, X2:2, X1:2, X0:2
  SACols: Q:40
  SARows: S7:3, C7:4
  SACols_6: X6:40
  SARows_6: C6:12
  SACols_5: X5:40
  SARows_5: S5:3, C5:4
  SACols_4: X4:40
  SARows_4: S4:3, C4:4
  SACols_3: X3:40
  SARows_3: S3:3, C3:4
  SACols_2: X2:40
  SARows_2: S2:3, C2:4
  SACols_1: X1:40
  SARows_1: C1:8
  SACols_0: X0:40
  SARows_0: S0:5, Z0:2
  WRegister: C7:14, R7:3, C5:3, R5:3, C4:3, R4:3, C3:3, R3:3, C2:3, R2:3, C1:7, C0:3, R0:5
  IntermediateRegister: Z6:56, Z5:12, Z4:12, Z3:12, Z2:12, Z1:12, Z0:28
  OutRegister: Z7:16
================================================================================


================================================================================
MEMORY CONSTRAINT VIOLATION DEBUG - Level: WRegister
================================================================================
Memory footprint: 1,664 bytes
Memory available: 300 bytes
Overflow: 1,364 bytes

Full architecture mapping:
  DRAM: P:540, Q:12, Y6:540, X6:12, Y5:540, X5:12, Y4:540, X4:12, Y3:540, X3:12, Y2:540, X2:12, Y1:540, X1:12, Y0:540, X0:12
  GlobalBuffer: Q:2, X6:2, X5:2, X4:2, X3:2, X2:2, X1:2, X0:2
  SACols: Q:40
  SARows: S7:3, C7:4
  SACols_6: X6:40
  SARows_6: C6:12
  SACols_5: X5:40
  SARows_5: S5:3, C5:4
  SACols_4: X4:40
  SARows_4: S4:3, C4:4
  SACols_3: X3:40
  SARows_3: S3:3, C3:4
  SACols_2: X2:40
  SARows_2: S2:3, C2:4
  SACols_1: X1:40
  SARows_1: C1:8
  SACols_0: X0:40
  SARows_0: S0:5, Z0:2
  WRegister: C7:14, R7:3, C5:3, R5:3, C4:3, R4:3, C3:3, R3:3, C2:3, R2:3, C1:7, C0:3, R0:5
  IntermediateRegister: Z6:56, Z5:12, Z4:12, Z3:12, Z2:12, Z1:12, Z0:28
  OutRegister: Z7:16
================================================================================

------ loading Accelergy for Eyeriss ------
[Constrained Eyeriss] 8 layers, tile_size=80
  DRAM: {'Q': 12, 'P': 540, 'X0': 12, 'Y0': 540, 'Z0': 1, 'C0': 1, 'R0': 1, 'S0': 1, 'X1': 12, 'Y1': 540, 'Z1': 1, 'C1': 1, 'R1': 1, 'S1': 1, 'X2': 12, 'Y2': 540, 'Z2': 1, 'C2': 1, 'R2': 1, 'S2': 1, 'X3': 12, 'Y3': 540, 'Z3': 1, 'C3': 1, 'R3': 1, 'S3': 1, 'X4': 12, 'Y4': 540, 'Z4': 1, 'C4': 1, 'R4': 1, 'S4': 1, 'X5': 12, 'Y5': 540, 'Z5': 1, 'C5': 1, 'R5': 1, 'S5': 1, 'X6': 12, 'Y6': 540, 'Z6': 1, 'C6': 1, 'R6': 1, 'S6': 1, 'Z7': 1, 'C7': 1, 'R7': 1, 'S7': 1}
  GlobalBuffer: {'Q': 1, 'P': 1, 'X0': 1, 'Y0': 1, 'Z0': 1, 'C0': 1, 'R0': 1, 'S0': 1, 'X1': 1, 'Y1': 1, 'Z1': 1, 'C1': 1, 'R1': 1, 'S1': 1, 'X2': 1, 'Y2': 1, 'Z2': 1, 'C2': 1, 'R2': 1, 'S2': 1, 'X3': 1, 'Y3': 1, 'Z3': 1, 'C3': 1, 'R3': 1, 'S3': 1, 'X4': 1, 'Y4': 1, 'Z4': 1, 'C4': 1, 'R4': 1, 'S4': 1, 'X5': 1, 'Y5': 1, 'Z5': 1, 'C5': 1, 'R5': 1, 'S5': 1, 'X6': 1, 'Y6': 1, 'Z6': 1, 'C6': 1, 'R6': 1, 'S6': 1, 'Z7': 1, 'C7': 1, 'R7': 1, 'S7': 1}
  SACols: {'Q': 80, 'Z7': 1}
  SARows_0: {'S0': 5, 'C0': 1, 'Z0': 2}
  SARows_1: {'S1': 1, 'C1': 8, 'Z1': 1}
  SARows_2: {'S2': 3, 'C2': 4, 'Z2': 1}
  SARows_3: {'S3': 3, 'C3': 4, 'Z3': 1}
  SARows_4: {'S4': 3, 'C4': 4, 'Z4': 1}
  SARows_5: {'S5': 3, 'C5': 4, 'Z5': 1}
  SARows_6: {'S6': 1, 'C6': 12, 'Z6': 1}
  SARows_7: {'S7': 3, 'C7': 4, 'Z7': 1}

================================================================================
MEMORY CONSTRAINT VIOLATION DEBUG - Level: InRegister
================================================================================
Memory footprint: 114 bytes
Memory available: 64 bytes
Overflow: 50 bytes

Full architecture mapping:
  DRAM: P:540, Q:12, Y6:540, X6:12, Y5:540, X5:12, Y4:540, X4:12, Y3:540, X3:12, Y2:540, X2:12, Y1:540, X1:12, Y0:540, X0:12
  SACols: Q:80
  SARows: S7:3, C7:4
  SACols_6: X6:80
  SARows_6: C6:12
  SACols_5: X5:80
  SARows_5: S5:3, C5:4
  SACols_4: X4:80
  SARows_4: S4:3, C4:4
  SACols_3: X3:80
  SARows_3: S3:3, C3:4
  SACols_2: X2:80
  SARows_2: S2:3, C2:4
  SACols_1: X1:80
  SARows_1: C1:8
  SACols_0: X0:80
  SARows_0: S0:5, Z0:2
  WRegister: C7:14, R7:3, C5:3, R5:3, C4:3, R4:3, C3:3, R3:3, C2:3, R2:3, C1:7, C0:3, R0:5
  IntermediateRegister: Z6:56, Z5:12, Z4:12, Z3:12, Z2:12, Z1:12, Z0:28
  OutRegister: Z7:16
================================================================================


================================================================================
MEMORY CONSTRAINT VIOLATION DEBUG - Level: WRegister
================================================================================
Memory footprint: 1,664 bytes
Memory available: 300 bytes
Overflow: 1,364 bytes

Full architecture mapping:
  DRAM: P:540, Q:12, Y6:540, X6:12, Y5:540, X5:12, Y4:540, X4:12, Y3:540, X3:12, Y2:540, X2:12, Y1:540, X1:12, Y0:540, X0:12
  SACols: Q:80
  SARows: S7:3, C7:4
  SACols_6: X6:80
  SARows_6: C6:12
  SACols_5: X5:80
  SARows_5: S5:3, C5:4
  SACols_4: X4:80
  SARows_4: S4:3, C4:4
  SACols_3: X3:80
  SARows_3: S3:3, C3:4
  SACols_2: X2:80
  SARows_2: S2:3, C2:4
  SACols_1: X1:80
  SARows_1: C1:8
  SACols_0: X0:80
  SARows_0: S0:5, Z0:2
  WRegister: C7:14, R7:3, C5:3, R5:3, C4:3, R4:3, C3:3, R3:3, C2:3, R2:3, C1:7, C0:3, R0:5
  IntermediateRegister: Z6:56, Z5:12, Z4:12, Z3:12, Z2:12, Z1:12, Z0:28
  OutRegister: Z7:16
================================================================================

------ loading Accelergy for Eyeriss ------
[Constrained Eyeriss] 8 layers, tile_size=80
  DRAM: {'Q': 12, 'P': 540, 'X0': 12, 'Y0': 540, 'Z0': 1, 'C0': 1, 'R0': 1, 'S0': 1, 'X1': 12, 'Y1': 540, 'Z1': 1, 'C1': 1, 'R1': 1, 'S1': 1, 'X2': 12, 'Y2': 540, 'Z2': 1, 'C2': 1, 'R2': 1, 'S2': 1, 'X3': 12, 'Y3': 540, 'Z3': 1, 'C3': 1, 'R3': 1, 'S3': 1, 'X4': 12, 'Y4': 540, 'Z4': 1, 'C4': 1, 'R4': 1, 'S4': 1, 'X5': 12, 'Y5': 540, 'Z5': 1, 'C5': 1, 'R5': 1, 'S5': 1, 'X6': 12, 'Y6': 540, 'Z6': 1, 'C6': 1, 'R6': 1, 'S6': 1, 'Z7': 1, 'C7': 1, 'R7': 1, 'S7': 1}
  GlobalBuffer: {'Q': 1, 'P': 1, 'X0': 1, 'Y0': 1, 'Z0': 1, 'C0': 1, 'R0': 1, 'S0': 1, 'X1': 1, 'Y1': 1, 'Z1': 1, 'C1': 1, 'R1': 1, 'S1': 1, 'X2': 1, 'Y2': 1, 'Z2': 1, 'C2': 1, 'R2': 1, 'S2': 1, 'X3': 1, 'Y3': 1, 'Z3': 1, 'C3': 1, 'R3': 1, 'S3': 1, 'X4': 1, 'Y4': 1, 'Z4': 1, 'C4': 1, 'R4': 1, 'S4': 1, 'X5': 1, 'Y5': 1, 'Z5': 1, 'C5': 1, 'R5': 1, 'S5': 1, 'X6': 1, 'Y6': 1, 'Z6': 1, 'C6': 1, 'R6': 1, 'S6': 1, 'Z7': 1, 'C7': 1, 'R7': 1, 'S7': 1}
  SACols: {'Q': 80, 'Z7': 1}
  SARows_0: {'S0': 5, 'C0': 1, 'Z0': 2}
  SARows_1: {'S1': 1, 'C1': 8, 'Z1': 1}
  SARows_2: {'S2': 3, 'C2': 4, 'Z2': 1}
  SARows_3: {'S3': 3, 'C3': 4, 'Z3': 1}
  SARows_4: {'S4': 3, 'C4': 4, 'Z4': 1}
  SARows_5: {'S5': 3, 'C5': 4, 'Z5': 1}
  SARows_6: {'S6': 1, 'C6': 12, 'Z6': 1}
  SARows_7: {'S7': 3, 'C7': 4, 'Z7': 1}

================================================================================
MEMORY CONSTRAINT VIOLATION DEBUG - Level: InRegister
================================================================================
Memory footprint: 114 bytes
Memory available: 64 bytes
Overflow: 50 bytes

Full architecture mapping:
  DRAM: P:540, Q:12, Y6:540, X6:12, Y5:540, X5:12, Y4:540, X4:12, Y3:540, X3:12, Y2:540, X2:12, Y1:540, X1:12, Y0:540, X0:12
  SACols: Q:80
  SARows: S7:3, C7:4
  SACols_6: X6:80
  SARows_6: C6:12
  SACols_5: X5:80
  SARows_5: S5:3, C5:4
  SACols_4: X4:80
  SARows_4: S4:3, C4:4
  SACols_3: X3:80
  SARows_3: S3:3, C3:4
  SACols_2: X2:80
  SARows_2: S2:3, C2:4
  SACols_1: X1:80
  SARows_1: C1:8
  SACols_0: X0:80
  SARows_0: S0:5, Z0:2
  WRegister: C7:14, R7:3, C5:3, R5:3, C4:3, R4:3, C3:3, R3:3, C2:3, R2:3, C1:7, C0:3, R0:5
  IntermediateRegister: Z6:56, Z5:12, Z4:12, Z3:12, Z2:12, Z1:12, Z0:28
  OutRegister: Z7:16
================================================================================


================================================================================
MEMORY CONSTRAINT VIOLATION DEBUG - Level: WRegister
================================================================================
Memory footprint: 1,664 bytes
Memory available: 300 bytes
Overflow: 1,364 bytes

Full architecture mapping:
  DRAM: P:540, Q:12, Y6:540, X6:12, Y5:540, X5:12, Y4:540, X4:12, Y3:540, X3:12, Y2:540, X2:12, Y1:540, X1:12, Y0:540, X0:12
  SACols: Q:80
  SARows: S7:3, C7:4
  SACols_6: X6:80
  SARows_6: C6:12
  SACols_5: X5:80
  SARows_5: S5:3, C5:4
  SACols_4: X4:80
  SARows_4: S4:3, C4:4
  SACols_3: X3:80
  SARows_3: S3:3, C3:4
  SACols_2: X2:80
  SARows_2: S2:3, C2:4
  SACols_1: X1:80
  SARows_1: C1:8
  SACols_0: X0:80
  SARows_0: S0:5, Z0:2
  WRegister: C7:14, R7:3, C5:3, R5:3, C4:3, R4:3, C3:3, R3:3, C2:3, R2:3, C1:7, C0:3, R0:5
  IntermediateRegister: Z6:56, Z5:12, Z4:12, Z3:12, Z2:12, Z1:12, Z0:28
  OutRegister: Z7:16
================================================================================

------ loading Accelergy for Eyeriss ------
[Constrained Eyeriss] 8 layers, tile_size=80
  DRAM: {'Q': 12, 'P': 540, 'X0': 12, 'Y0': 540, 'Z0': 1, 'C0': 1, 'R0': 1, 'S0': 1, 'X1': 12, 'Y1': 540, 'Z1': 1, 'C1': 1, 'R1': 1, 'S1': 1, 'X2': 12, 'Y2': 540, 'Z2': 1, 'C2': 1, 'R2': 1, 'S2': 1, 'X3': 12, 'Y3': 540, 'Z3': 1, 'C3': 1, 'R3': 1, 'S3': 1, 'X4': 12, 'Y4': 540, 'Z4': 1, 'C4': 1, 'R4': 1, 'S4': 1, 'X5': 12, 'Y5': 540, 'Z5': 1, 'C5': 1, 'R5': 1, 'S5': 1, 'X6': 12, 'Y6': 540, 'Z6': 1, 'C6': 1, 'R6': 1, 'S6': 1, 'Z7': 1, 'C7': 1, 'R7': 1, 'S7': 1}
  GlobalBuffer: {'Q': 1, 'P': 1, 'X0': 1, 'Y0': 1, 'Z0': 1, 'C0': 1, 'R0': 1, 'S0': 1, 'X1': 1, 'Y1': 1, 'Z1': 1, 'C1': 1, 'R1': 1, 'S1': 1, 'X2': 1, 'Y2': 1, 'Z2': 1, 'C2': 1, 'R2': 1, 'S2': 1, 'X3': 1, 'Y3': 1, 'Z3': 1, 'C3': 1, 'R3': 1, 'S3': 1, 'X4': 1, 'Y4': 1, 'Z4': 1, 'C4': 1, 'R4': 1, 'S4': 1, 'X5': 1, 'Y5': 1, 'Z5': 1, 'C5': 1, 'R5': 1, 'S5': 1, 'X6': 1, 'Y6': 1, 'Z6': 1, 'C6': 1, 'R6': 1, 'S6': 1, 'Z7': 1, 'C7': 1, 'R7': 1, 'S7': 1}
  SACols: {'Q': 80, 'Z7': 2}
  SARows_0: {'S0': 5, 'C0': 1, 'Z0': 2}
  SARows_1: {'S1': 1, 'C1': 8, 'Z1': 1}
  SARows_2: {'S2': 3, 'C2': 4, 'Z2': 1}
  SARows_3: {'S3': 3, 'C3': 4, 'Z3': 1}
  SARows_4: {'S4': 3, 'C4': 4, 'Z4': 1}
  SARows_5: {'S5': 3, 'C5': 4, 'Z5': 1}
  SARows_6: {'S6': 1, 'C6': 12, 'Z6': 1}
  SARows_7: {'S7': 3, 'C7': 4, 'Z7': 1}

================================================================================
MEMORY CONSTRAINT VIOLATION DEBUG - Level: InRegister
================================================================================
Memory footprint: 114 bytes
Memory available: 64 bytes
Overflow: 50 bytes

Full architecture mapping:
  DRAM: P:540, Q:12, Y6:540, X6:12, Y5:540, X5:12, Y4:540, X4:12, Y3:540, X3:12, Y2:540, X2:12, Y1:540, X1:12, Y0:540, X0:12
  SACols: Q:80, Z7:2
  SARows: S7:3, C7:4
  SACols_6: X6:80, Z6:2
  SARows_6: C6:12
  SACols_5: X5:80, Z5:3
  SARows_5: S5:3, C5:4
  SACols_4: X4:80, Z4:3
  SARows_4: S4:3, C4:4
  SACols_3: X3:80, Z3:3
  SARows_3: S3:3, C3:4
  SACols_2: X2:80, Z2:3
  SARows_2: S2:3, C2:4
  SACols_1: X1:80, Z1:3
  SARows_1: C1:8
  SACols_0: X0:80, Z0:2
  SARows_0: S0:5, Z0:2
  WRegister: C7:14, R7:3, C5:3, R5:3, C4:3, R4:3, C3:3, R3:3, C2:3, R2:3, C1:7, C0:3, R0:5
  IntermediateRegister: Z6:28, Z5:4, Z4:4, Z3:4, Z2:4, Z1:4, Z0:14
  OutRegister: Z7:8
================================================================================


================================================================================
MEMORY CONSTRAINT VIOLATION DEBUG - Level: WRegister
================================================================================
Memory footprint: 746 bytes
Memory available: 300 bytes
Overflow: 446 bytes

Full architecture mapping:
  DRAM: P:540, Q:12, Y6:540, X6:12, Y5:540, X5:12, Y4:540, X4:12, Y3:540, X3:12, Y2:540, X2:12, Y1:540, X1:12, Y0:540, X0:12
  SACols: Q:80, Z7:2
  SARows: S7:3, C7:4
  SACols_6: X6:80, Z6:2
  SARows_6: C6:12
  SACols_5: X5:80, Z5:3
  SARows_5: S5:3, C5:4
  SACols_4: X4:80, Z4:3
  SARows_4: S4:3, C4:4
  SACols_3: X3:80, Z3:3
  SARows_3: S3:3, C3:4
  SACols_2: X2:80, Z2:3
  SARows_2: S2:3, C2:4
  SACols_1: X1:80, Z1:3
  SARows_1: C1:8
  SACols_0: X0:80, Z0:2
  SARows_0: S0:5, Z0:2
  WRegister: C7:14, R7:3, C5:3, R5:3, C4:3, R4:3, C3:3, R3:3, C2:3, R2:3, C1:7, C0:3, R0:5
  IntermediateRegister: Z6:28, Z5:4, Z4:4, Z3:4, Z2:4, Z1:4, Z0:14
  OutRegister: Z7:8
================================================================================

------ loading Accelergy for Eyeriss ------
[Constrained Eyeriss] 8 layers, tile_size=80
  DRAM: {'Q': 12, 'P': 540, 'X0': 12, 'Y0': 540, 'Z0': 1, 'C0': 1, 'R0': 1, 'S0': 1, 'X1': 12, 'Y1': 540, 'Z1': 1, 'C1': 1, 'R1': 1, 'S1': 1, 'X2': 12, 'Y2': 540, 'Z2': 1, 'C2': 1, 'R2': 1, 'S2': 1, 'X3': 12, 'Y3': 540, 'Z3': 1, 'C3': 1, 'R3': 1, 'S3': 1, 'X4': 12, 'Y4': 540, 'Z4': 1, 'C4': 1, 'R4': 1, 'S4': 1, 'X5': 12, 'Y5': 540, 'Z5': 1, 'C5': 1, 'R5': 1, 'S5': 1, 'X6': 12, 'Y6': 540, 'Z6': 1, 'C6': 1, 'R6': 1, 'S6': 1, 'Z7': 1, 'C7': 1, 'R7': 1, 'S7': 1}
  GlobalBuffer: {'Q': 1, 'P': 1, 'X0': 1, 'Y0': 1, 'Z0': 1, 'C0': 1, 'R0': 1, 'S0': 1, 'X1': 1, 'Y1': 1, 'Z1': 1, 'C1': 1, 'R1': 1, 'S1': 1, 'X2': 1, 'Y2': 1, 'Z2': 1, 'C2': 1, 'R2': 1, 'S2': 1, 'X3': 1, 'Y3': 1, 'Z3': 1, 'C3': 1, 'R3': 1, 'S3': 1, 'X4': 1, 'Y4': 1, 'Z4': 1, 'C4': 1, 'R4': 1, 'S4': 1, 'X5': 1, 'Y5': 1, 'Z5': 1, 'C5': 1, 'R5': 1, 'S5': 1, 'X6': 1, 'Y6': 1, 'Z6': 1, 'C6': 1, 'R6': 1, 'S6': 1, 'Z7': 1, 'C7': 1, 'R7': 1, 'S7': 1}
  SACols: {'Q': 80, 'Z7': 4}
  SARows_0: {'S0': 5, 'C0': 1, 'Z0': 2}
  SARows_1: {'S1': 1, 'C1': 8, 'Z1': 1}
  SARows_2: {'S2': 3, 'C2': 4, 'Z2': 1}
  SARows_3: {'S3': 3, 'C3': 4, 'Z3': 1}
  SARows_4: {'S4': 3, 'C4': 4, 'Z4': 1}
  SARows_5: {'S5': 3, 'C5': 4, 'Z5': 1}
  SARows_6: {'S6': 1, 'C6': 12, 'Z6': 1}
  SARows_7: {'S7': 3, 'C7': 4, 'Z7': 1}

================================================================================
MEMORY CONSTRAINT VIOLATION DEBUG - Level: InRegister
================================================================================
Memory footprint: 114 bytes
Memory available: 64 bytes
Overflow: 50 bytes

Full architecture mapping:
  DRAM: P:540, Q:12, Y6:540, X6:12, Y5:540, X5:12, Y4:540, X4:12, Y3:540, X3:12, Y2:540, X2:12, Y1:540, X1:12, Y0:540, X0:12
  SACols: Q:80, Z7:4
  SARows: S7:3, C7:4
  SACols_6: X6:80, Z6:4
  SARows_6: C6:12
  SACols_5: X5:80, Z5:4
  SARows_5: S5:3, C5:4
  SACols_4: X4:80, Z4:4
  SARows_4: S4:3, C4:4
  SACols_3: X3:80, Z3:4
  SARows_3: S3:3, C3:4
  SACols_2: X2:80, Z2:4
  SARows_2: S2:3, C2:4
  SACols_1: X1:80, Z1:4
  SARows_1: C1:8
  SACols_0: X0:80, Z0:4
  SARows_0: S0:5, Z0:2
  WRegister: C7:14, R7:3, C5:3, R5:3, C4:3, R4:3, C3:3, R3:3, C2:3, R2:3, C1:7, C0:3, R0:5
  IntermediateRegister: Z6:14, Z5:3, Z4:3, Z3:3, Z2:3, Z1:3, Z0:7
  OutRegister: Z7:4
================================================================================


================================================================================
MEMORY CONSTRAINT VIOLATION DEBUG - Level: WRegister
================================================================================
Memory footprint: 416 bytes
Memory available: 300 bytes
Overflow: 116 bytes

Full architecture mapping:
  DRAM: P:540, Q:12, Y6:540, X6:12, Y5:540, X5:12, Y4:540, X4:12, Y3:540, X3:12, Y2:540, X2:12, Y1:540, X1:12, Y0:540, X0:12
  SACols: Q:80, Z7:4
  SARows: S7:3, C7:4
  SACols_6: X6:80, Z6:4
  SARows_6: C6:12
  SACols_5: X5:80, Z5:4
  SARows_5: S5:3, C5:4
  SACols_4: X4:80, Z4:4
  SARows_4: S4:3, C4:4
  SACols_3: X3:80, Z3:4
  SARows_3: S3:3, C3:4
  SACols_2: X2:80, Z2:4
  SARows_2: S2:3, C2:4
  SACols_1: X1:80, Z1:4
  SARows_1: C1:8
  SACols_0: X0:80, Z0:4
  SARows_0: S0:5, Z0:2
  WRegister: C7:14, R7:3, C5:3, R5:3, C4:3, R4:3, C3:3, R3:3, C2:3, R2:3, C1:7, C0:3, R0:5
  IntermediateRegister: Z6:14, Z5:3, Z4:3, Z3:3, Z2:3, Z1:3, Z0:7
  OutRegister: Z7:4
================================================================================

------ loading Accelergy for Eyeriss ------
[Constrained Eyeriss] 8 layers, tile_size=80
  DRAM: {'Q': 12, 'P': 540, 'X0': 12, 'Y0': 540, 'Z0': 1, 'C0': 1, 'R0': 1, 'S0': 1, 'X1': 12, 'Y1': 540, 'Z1': 1, 'C1': 1, 'R1': 1, 'S1': 1, 'X2': 12, 'Y2': 540, 'Z2': 1, 'C2': 1, 'R2': 1, 'S2': 1, 'X3': 12, 'Y3': 540, 'Z3': 1, 'C3': 1, 'R3': 1, 'S3': 1, 'X4': 12, 'Y4': 540, 'Z4': 1, 'C4': 1, 'R4': 1, 'S4': 1, 'X5': 12, 'Y5': 540, 'Z5': 1, 'C5': 1, 'R5': 1, 'S5': 1, 'X6': 12, 'Y6': 540, 'Z6': 1, 'C6': 1, 'R6': 1, 'S6': 1, 'Z7': 1, 'C7': 1, 'R7': 1, 'S7': 1}
  GlobalBuffer: {'Q': 1, 'P': 1, 'X0': 1, 'Y0': 1, 'Z0': 1, 'C0': 1, 'R0': 1, 'S0': 1, 'X1': 1, 'Y1': 1, 'Z1': 1, 'C1': 1, 'R1': 1, 'S1': 1, 'X2': 1, 'Y2': 1, 'Z2': 1, 'C2': 1, 'R2': 1, 'S2': 1, 'X3': 1, 'Y3': 1, 'Z3': 1, 'C3': 1, 'R3': 1, 'S3': 1, 'X4': 1, 'Y4': 1, 'Z4': 1, 'C4': 1, 'R4': 1, 'S4': 1, 'X5': 1, 'Y5': 1, 'Z5': 1, 'C5': 1, 'R5': 1, 'S5': 1, 'X6': 1, 'Y6': 1, 'Z6': 1, 'C6': 1, 'R6': 1, 'S6': 1, 'Z7': 1, 'C7': 1, 'R7': 1, 'S7': 1}
  SACols: {'Q': 80, 'Z7': 4}
  SARows_0: {'S0': 5, 'C0': 1, 'Z0': 2}
  SARows_1: {'S1': 1, 'C1': 8, 'Z1': 1}
  SARows_2: {'S2': 3, 'C2': 4, 'Z2': 1}
  SARows_3: {'S3': 3, 'C3': 4, 'Z3': 1}
  SARows_4: {'S4': 3, 'C4': 4, 'Z4': 1}
  SARows_5: {'S5': 3, 'C5': 4, 'Z5': 1}
  SARows_6: {'S6': 1, 'C6': 12, 'Z6': 1}
  SARows_7: {'S7': 3, 'C7': 4, 'Z7': 1}

================================================================================
MEMORY CONSTRAINT VIOLATION DEBUG - Level: InRegister
================================================================================
Memory footprint: 114 bytes
Memory available: 64 bytes
Overflow: 50 bytes

Full architecture mapping:
  DRAM: P:540, Q:12, Y6:540, X6:12, Y5:540, X5:12, Y4:540, X4:12, Y3:540, X3:12, Y2:540, X2:12, Y1:540, X1:12, Y0:540, X0:12
  SACols: Q:80, Z7:4
  SARows: S7:3, C7:4
  SACols_6: X6:80, Z6:4
  SARows_6: C6:12
  SACols_5: X5:80, Z5:6
  SARows_5: S5:3, C5:4
  SACols_4: X4:80, Z4:6
  SARows_4: S4:3, C4:4
  SACols_3: X3:80, Z3:6
  SARows_3: S3:3, C3:4
  SACols_2: X2:80, Z2:6
  SARows_2: S2:3, C2:4
  SACols_1: X1:80, Z1:6
  SARows_1: C1:8
  SACols_0: X0:80, Z0:4
  SARows_0: S0:5, Z0:2
  WRegister: C7:14, R7:3, C5:3, R5:3, C4:3, R4:3, C3:3, R3:3, C2:3, R2:3, C1:7, C0:3, R0:5
  IntermediateRegister: Z6:14, Z5:2, Z4:2, Z3:2, Z2:2, Z1:2, Z0:7
  OutRegister: Z7:4
================================================================================


================================================================================
MEMORY CONSTRAINT VIOLATION DEBUG - Level: WRegister
================================================================================
Memory footprint: 373 bytes
Memory available: 300 bytes
Overflow: 73 bytes

Full architecture mapping:
  DRAM: P:540, Q:12, Y6:540, X6:12, Y5:540, X5:12, Y4:540, X4:12, Y3:540, X3:12, Y2:540, X2:12, Y1:540, X1:12, Y0:540, X0:12
  SACols: Q:80, Z7:4
  SARows: S7:3, C7:4
  SACols_6: X6:80, Z6:4
  SARows_6: C6:12
  SACols_5: X5:80, Z5:6
  SARows_5: S5:3, C5:4
  SACols_4: X4:80, Z4:6
  SARows_4: S4:3, C4:4
  SACols_3: X3:80, Z3:6
  SARows_3: S3:3, C3:4
  SACols_2: X2:80, Z2:6
  SARows_2: S2:3, C2:4
  SACols_1: X1:80, Z1:6
  SARows_1: C1:8
  SACols_0: X0:80, Z0:4
  SARows_0: S0:5, Z0:2
  WRegister: C7:14, R7:3, C5:3, R5:3, C4:3, R4:3, C3:3, R3:3, C2:3, R2:3, C1:7, C0:3, R0:5
  IntermediateRegister: Z6:14, Z5:2, Z4:2, Z3:2, Z2:2, Z1:2, Z0:7
  OutRegister: Z7:4
================================================================================

------ loading Accelergy for Eyeriss ------
[Constrained Eyeriss] 8 layers, tile_size=80
  DRAM: {'Q': 12, 'P': 540, 'X0': 12, 'Y0': 540, 'Z0': 1, 'C0': 1, 'R0': 1, 'S0': 1, 'X1': 12, 'Y1': 540, 'Z1': 1, 'C1': 1, 'R1': 1, 'S1': 1, 'X2': 12, 'Y2': 540, 'Z2': 1, 'C2': 1, 'R2': 1, 'S2': 1, 'X3': 12, 'Y3': 540, 'Z3': 1, 'C3': 1, 'R3': 1, 'S3': 1, 'X4': 12, 'Y4': 540, 'Z4': 1, 'C4': 1, 'R4': 1, 'S4': 1, 'X5': 12, 'Y5': 540, 'Z5': 1, 'C5': 1, 'R5': 1, 'S5': 1, 'X6': 12, 'Y6': 540, 'Z6': 1, 'C6': 1, 'R6': 1, 'S6': 1, 'Z7': 1, 'C7': 1, 'R7': 1, 'S7': 1}
  GlobalBuffer: {'Q': 20, 'P': 1, 'X0': 20, 'Y0': 1, 'Z0': 1, 'C0': 1, 'R0': 1, 'S0': 1, 'X1': 20, 'Y1': 1, 'Z1': 1, 'C1': 1, 'R1': 1, 'S1': 1, 'X2': 20, 'Y2': 1, 'Z2': 1, 'C2': 1, 'R2': 1, 'S2': 1, 'X3': 20, 'Y3': 1, 'Z3': 1, 'C3': 1, 'R3': 1, 'S3': 1, 'X4': 20, 'Y4': 1, 'Z4': 1, 'C4': 1, 'R4': 1, 'S4': 1, 'X5': 20, 'Y5': 1, 'Z5': 1, 'C5': 1, 'R5': 1, 'S5': 1, 'X6': 20, 'Y6': 1, 'Z6': 1, 'C6': 1, 'R6': 1, 'S6': 1, 'Z7': 1, 'C7': 1, 'R7': 1, 'S7': 1}
  SACols: {'Q': 4, 'Z7': 1}
  SARows_0: {'S0': 5, 'C0': 3, 'Z0': 1}
  SARows_1: {'S1': 1, 'C1': 14, 'Z1': 1}
  SARows_2: {'S2': 3, 'C2': 4, 'Z2': 1}
  SARows_3: {'S3': 3, 'C3': 4, 'Z3': 1}
  SARows_4: {'S4': 3, 'C4': 4, 'Z4': 1}
  SARows_5: {'S5': 3, 'C5': 4, 'Z5': 1}
  SARows_6: {'S6': 1, 'C6': 12, 'Z6': 1}
  SARows_7: {'S7': 3, 'C7': 4, 'Z7': 1}

================================================================================
MEMORY CONSTRAINT VIOLATION DEBUG - Level: InRegister
================================================================================
Memory footprint: 93 bytes
Memory available: 64 bytes
Overflow: 29 bytes

Full architecture mapping:
  DRAM: P:540, Q:12, Y6:540, X6:12, Y5:540, X5:12, Y4:540, X4:12, Y3:540, X3:12, Y2:540, X2:12, Y1:540, X1:12, Y0:540, X0:12
  GlobalBuffer: Q:20, X6:20, X5:20, X4:20, X3:20, X2:20, X1:20, X0:20
  SACols: Q:4
  SARows: S7:3, C7:4
  SACols_6: X6:4
  SARows_6: C6:12
  SACols_5: X5:4
  SARows_5: S5:3, C5:4
  SACols_4: X4:4
  SARows_4: S4:3, C4:4
  SACols_3: X3:4
  SARows_3: S3:3, C3:4
  SACols_2: X2:4
  SARows_2: S2:3, C2:4
  SACols_1: X1:4
  SARows_1: C1:14
  SACols_0: X0:4
  SARows_0: S0:5, C0:3
  WRegister: C7:14, R7:3, C5:3, R5:3, C4:3, R4:3, C3:3, R3:3, C2:3, R2:3, C1:4, R0:5
  IntermediateRegister: Z6:56, Z5:12, Z4:12, Z3:12, Z2:12, Z1:12, Z0:56
  OutRegister: Z7:16
================================================================================


================================================================================
MEMORY CONSTRAINT VIOLATION DEBUG - Level: WRegister
================================================================================
Memory footprint: 1,488 bytes
Memory available: 300 bytes
Overflow: 1,188 bytes

Full architecture mapping:
  DRAM: P:540, Q:12, Y6:540, X6:12, Y5:540, X5:12, Y4:540, X4:12, Y3:540, X3:12, Y2:540, X2:12, Y1:540, X1:12, Y0:540, X0:12
  GlobalBuffer: Q:20, X6:20, X5:20, X4:20, X3:20, X2:20, X1:20, X0:20
  SACols: Q:4
  SARows: S7:3, C7:4
  SACols_6: X6:4
  SARows_6: C6:12
  SACols_5: X5:4
  SARows_5: S5:3, C5:4
  SACols_4: X4:4
  SARows_4: S4:3, C4:4
  SACols_3: X3:4
  SARows_3: S3:3, C3:4
  SACols_2: X2:4
  SARows_2: S2:3, C2:4
  SACols_1: X1:4
  SARows_1: C1:14
  SACols_0: X0:4
  SARows_0: S0:5, C0:3
  WRegister: C7:14, R7:3, C5:3, R5:3, C4:3, R4:3, C3:3, R3:3, C2:3, R2:3, C1:4, R0:5
  IntermediateRegister: Z6:56, Z5:12, Z4:12, Z3:12, Z2:12, Z1:12, Z0:56
  OutRegister: Z7:16
================================================================================

------ loading Accelergy for Eyeriss ------
[Constrained Eyeriss] 8 layers, tile_size=80
  DRAM: {'Q': 12, 'P': 540, 'X0': 12, 'Y0': 540, 'Z0': 1, 'C0': 1, 'R0': 1, 'S0': 1, 'X1': 12, 'Y1': 540, 'Z1': 1, 'C1': 1, 'R1': 1, 'S1': 1, 'X2': 12, 'Y2': 540, 'Z2': 1, 'C2': 1, 'R2': 1, 'S2': 1, 'X3': 12, 'Y3': 540, 'Z3': 1, 'C3': 1, 'R3': 1, 'S3': 1, 'X4': 12, 'Y4': 540, 'Z4': 1, 'C4': 1, 'R4': 1, 'S4': 1, 'X5': 12, 'Y5': 540, 'Z5': 1, 'C5': 1, 'R5': 1, 'S5': 1, 'X6': 12, 'Y6': 540, 'Z6': 1, 'C6': 1, 'R6': 1, 'S6': 1, 'Z7': 1, 'C7': 1, 'R7': 1, 'S7': 1}
  GlobalBuffer: {'Q': 10, 'P': 1, 'X0': 10, 'Y0': 1, 'Z0': 1, 'C0': 1, 'R0': 1, 'S0': 1, 'X1': 10, 'Y1': 1, 'Z1': 1, 'C1': 1, 'R1': 1, 'S1': 1, 'X2': 10, 'Y2': 1, 'Z2': 1, 'C2': 1, 'R2': 1, 'S2': 1, 'X3': 10, 'Y3': 1, 'Z3': 1, 'C3': 1, 'R3': 1, 'S3': 1, 'X4': 10, 'Y4': 1, 'Z4': 1, 'C4': 1, 'R4': 1, 'S4': 1, 'X5': 10, 'Y5': 1, 'Z5': 1, 'C5': 1, 'R5': 1, 'S5': 1, 'X6': 10, 'Y6': 1, 'Z6': 1, 'C6': 1, 'R6': 1, 'S6': 1, 'Z7': 1, 'C7': 1, 'R7': 1, 'S7': 1}
  SACols: {'Q': 8, 'Z7': 1}
  SARows_0: {'S0': 5, 'C0': 3, 'Z0': 1}
  SARows_1: {'S1': 1, 'C1': 14, 'Z1': 1}
  SARows_2: {'S2': 3, 'C2': 4, 'Z2': 1}
  SARows_3: {'S3': 3, 'C3': 4, 'Z3': 1}
  SARows_4: {'S4': 3, 'C4': 4, 'Z4': 1}
  SARows_5: {'S5': 3, 'C5': 4, 'Z5': 1}
  SARows_6: {'S6': 1, 'C6': 12, 'Z6': 1}
  SARows_7: {'S7': 3, 'C7': 4, 'Z7': 1}

================================================================================
MEMORY CONSTRAINT VIOLATION DEBUG - Level: InRegister
================================================================================
Memory footprint: 93 bytes
Memory available: 64 bytes
Overflow: 29 bytes

Full architecture mapping:
  DRAM: P:540, Q:12, Y6:540, X6:12, Y5:540, X5:12, Y4:540, X4:12, Y3:540, X3:12, Y2:540, X2:12, Y1:540, X1:12, Y0:540, X0:12
  GlobalBuffer: Q:10, X6:10, X5:10, X4:10, X3:10, X2:10, X1:10, X0:10
  SACols: Q:8
  SARows: S7:3, C7:4
  SACols_6: X6:8
  SARows_6: C6:12
  SACols_5: X5:8
  SARows_5: S5:3, C5:4
  SACols_4: X4:8
  SARows_4: S4:3, C4:4
  SACols_3: X3:8
  SARows_3: S3:3, C3:4
  SACols_2: X2:8
  SARows_2: S2:3, C2:4
  SACols_1: X1:8
  SARows_1: C1:14
  SACols_0: X0:8
  SARows_0: S0:5, C0:3
  WRegister: C7:14, R7:3, C5:3, R5:3, C4:3, R4:3, C3:3, R3:3, C2:3, R2:3, C1:4, R0:5
  IntermediateRegister: Z6:56, Z5:12, Z4:12, Z3:12, Z2:12, Z1:12, Z0:56
  OutRegister: Z7:16
================================================================================


================================================================================
MEMORY CONSTRAINT VIOLATION DEBUG - Level: WRegister
================================================================================
Memory footprint: 1,488 bytes
Memory available: 300 bytes
Overflow: 1,188 bytes

Full architecture mapping:
  DRAM: P:540, Q:12, Y6:540, X6:12, Y5:540, X5:12, Y4:540, X4:12, Y3:540, X3:12, Y2:540, X2:12, Y1:540, X1:12, Y0:540, X0:12
  GlobalBuffer: Q:10, X6:10, X5:10, X4:10, X3:10, X2:10, X1:10, X0:10
  SACols: Q:8
  SARows: S7:3, C7:4
  SACols_6: X6:8
  SARows_6: C6:12
  SACols_5: X5:8
  SARows_5: S5:3, C5:4
  SACols_4: X4:8
  SARows_4: S4:3, C4:4
  SACols_3: X3:8
  SARows_3: S3:3, C3:4
  SACols_2: X2:8
  SARows_2: S2:3, C2:4
  SACols_1: X1:8
  SARows_1: C1:14
  SACols_0: X0:8
  SARows_0: S0:5, C0:3
  WRegister: C7:14, R7:3, C5:3, R5:3, C4:3, R4:3, C3:3, R3:3, C2:3, R2:3, C1:4, R0:5
  IntermediateRegister: Z6:56, Z5:12, Z4:12, Z3:12, Z2:12, Z1:12, Z0:56
  OutRegister: Z7:16
================================================================================

------ loading Accelergy for Eyeriss ------
[Constrained Eyeriss] 8 layers, tile_size=80
  DRAM: {'Q': 12, 'P': 540, 'X0': 12, 'Y0': 540, 'Z0': 1, 'C0': 1, 'R0': 1, 'S0': 1, 'X1': 12, 'Y1': 540, 'Z1': 1, 'C1': 1, 'R1': 1, 'S1': 1, 'X2': 12, 'Y2': 540, 'Z2': 1, 'C2': 1, 'R2': 1, 'S2': 1, 'X3': 12, 'Y3': 540, 'Z3': 1, 'C3': 1, 'R3': 1, 'S3': 1, 'X4': 12, 'Y4': 540, 'Z4': 1, 'C4': 1, 'R4': 1, 'S4': 1, 'X5': 12, 'Y5': 540, 'Z5': 1, 'C5': 1, 'R5': 1, 'S5': 1, 'X6': 12, 'Y6': 540, 'Z6': 1, 'C6': 1, 'R6': 1, 'S6': 1, 'Z7': 1, 'C7': 1, 'R7': 1, 'S7': 1}
  GlobalBuffer: {'Q': 8, 'P': 1, 'X0': 8, 'Y0': 1, 'Z0': 1, 'C0': 1, 'R0': 1, 'S0': 1, 'X1': 8, 'Y1': 1, 'Z1': 1, 'C1': 1, 'R1': 1, 'S1': 1, 'X2': 8, 'Y2': 1, 'Z2': 1, 'C2': 1, 'R2': 1, 'S2': 1, 'X3': 8, 'Y3': 1, 'Z3': 1, 'C3': 1, 'R3': 1, 'S3': 1, 'X4': 8, 'Y4': 1, 'Z4': 1, 'C4': 1, 'R4': 1, 'S4': 1, 'X5': 8, 'Y5': 1, 'Z5': 1, 'C5': 1, 'R5': 1, 'S5': 1, 'X6': 8, 'Y6': 1, 'Z6': 1, 'C6': 1, 'R6': 1, 'S6': 1, 'Z7': 1, 'C7': 1, 'R7': 1, 'S7': 1}
  SACols: {'Q': 10, 'Z7': 1}
  SARows_0: {'S0': 5, 'C0': 3, 'Z0': 1}
  SARows_1: {'S1': 1, 'C1': 14, 'Z1': 1}
  SARows_2: {'S2': 3, 'C2': 4, 'Z2': 1}
  SARows_3: {'S3': 3, 'C3': 4, 'Z3': 1}
  SARows_4: {'S4': 3, 'C4': 4, 'Z4': 1}
  SARows_5: {'S5': 3, 'C5': 4, 'Z5': 1}
  SARows_6: {'S6': 1, 'C6': 12, 'Z6': 1}
  SARows_7: {'S7': 3, 'C7': 4, 'Z7': 1}

================================================================================
MEMORY CONSTRAINT VIOLATION DEBUG - Level: InRegister
================================================================================
Memory footprint: 93 bytes
Memory available: 64 bytes
Overflow: 29 bytes

Full architecture mapping:
  DRAM: P:540, Q:12, Y6:540, X6:12, Y5:540, X5:12, Y4:540, X4:12, Y3:540, X3:12, Y2:540, X2:12, Y1:540, X1:12, Y0:540, X0:12
  GlobalBuffer: Q:8, X6:8, X5:8, X4:8, X3:8, X2:8, X1:8, X0:8
  SACols: Q:10
  SARows: S7:3, C7:4
  SACols_6: X6:10
  SARows_6: C6:12
  SACols_5: X5:10
  SARows_5: S5:3, C5:4
  SACols_4: X4:10
  SARows_4: S4:3, C4:4
  SACols_3: X3:10
  SARows_3: S3:3, C3:4
  SACols_2: X2:10
  SARows_2: S2:3, C2:4
  SACols_1: X1:10
  SARows_1: C1:14
  SACols_0: X0:10
  SARows_0: S0:5, C0:3
  WRegister: C7:14, R7:3, C5:3, R5:3, C4:3, R4:3, C3:3, R3:3, C2:3, R2:3, C1:4, R0:5
  IntermediateRegister: Z6:56, Z5:12, Z4:12, Z3:12, Z2:12, Z1:12, Z0:56
  OutRegister: Z7:16
================================================================================


================================================================================
MEMORY CONSTRAINT VIOLATION DEBUG - Level: WRegister
================================================================================
Memory footprint: 1,488 bytes
Memory available: 300 bytes
Overflow: 1,188 bytes

Full architecture mapping:
  DRAM: P:540, Q:12, Y6:540, X6:12, Y5:540, X5:12, Y4:540, X4:12, Y3:540, X3:12, Y2:540, X2:12, Y1:540, X1:12, Y0:540, X0:12
  GlobalBuffer: Q:8, X6:8, X5:8, X4:8, X3:8, X2:8, X1:8, X0:8
  SACols: Q:10
  SARows: S7:3, C7:4
  SACols_6: X6:10
  SARows_6: C6:12
  SACols_5: X5:10
  SARows_5: S5:3, C5:4
  SACols_4: X4:10
  SARows_4: S4:3, C4:4
  SACols_3: X3:10
  SARows_3: S3:3, C3:4
  SACols_2: X2:10
  SARows_2: S2:3, C2:4
  SACols_1: X1:10
  SARows_1: C1:14
  SACols_0: X0:10
  SARows_0: S0:5, C0:3
  WRegister: C7:14, R7:3, C5:3, R5:3, C4:3, R4:3, C3:3, R3:3, C2:3, R2:3, C1:4, R0:5
  IntermediateRegister: Z6:56, Z5:12, Z4:12, Z3:12, Z2:12, Z1:12, Z0:56
  OutRegister: Z7:16
================================================================================

------ loading Accelergy for Eyeriss ------
[Constrained Eyeriss] 8 layers, tile_size=80
  DRAM: {'Q': 12, 'P': 540, 'X0': 12, 'Y0': 540, 'Z0': 1, 'C0': 1, 'R0': 1, 'S0': 1, 'X1': 12, 'Y1': 540, 'Z1': 1, 'C1': 1, 'R1': 1, 'S1': 1, 'X2': 12, 'Y2': 540, 'Z2': 1, 'C2': 1, 'R2': 1, 'S2': 1, 'X3': 12, 'Y3': 540, 'Z3': 1, 'C3': 1, 'R3': 1, 'S3': 1, 'X4': 12, 'Y4': 540, 'Z4': 1, 'C4': 1, 'R4': 1, 'S4': 1, 'X5': 12, 'Y5': 540, 'Z5': 1, 'C5': 1, 'R5': 1, 'S5': 1, 'X6': 12, 'Y6': 540, 'Z6': 1, 'C6': 1, 'R6': 1, 'S6': 1, 'Z7': 1, 'C7': 1, 'R7': 1, 'S7': 1}
  GlobalBuffer: {'Q': 5, 'P': 1, 'X0': 5, 'Y0': 1, 'Z0': 1, 'C0': 1, 'R0': 1, 'S0': 1, 'X1': 5, 'Y1': 1, 'Z1': 1, 'C1': 1, 'R1': 1, 'S1': 1, 'X2': 5, 'Y2': 1, 'Z2': 1, 'C2': 1, 'R2': 1, 'S2': 1, 'X3': 5, 'Y3': 1, 'Z3': 1, 'C3': 1, 'R3': 1, 'S3': 1, 'X4': 5, 'Y4': 1, 'Z4': 1, 'C4': 1, 'R4': 1, 'S4': 1, 'X5': 5, 'Y5': 1, 'Z5': 1, 'C5': 1, 'R5': 1, 'S5': 1, 'X6': 5, 'Y6': 1, 'Z6': 1, 'C6': 1, 'R6': 1, 'S6': 1, 'Z7': 1, 'C7': 1, 'R7': 1, 'S7': 1}
  SACols: {'Q': 16, 'Z7': 1}
  SARows_0: {'S0': 5, 'C0': 3, 'Z0': 1}
  SARows_1: {'S1': 1, 'C1': 14, 'Z1': 1}
  SARows_2: {'S2': 3, 'C2': 4, 'Z2': 1}
  SARows_3: {'S3': 3, 'C3': 4, 'Z3': 1}
  SARows_4: {'S4': 3, 'C4': 4, 'Z4': 1}
  SARows_5: {'S5': 3, 'C5': 4, 'Z5': 1}
  SARows_6: {'S6': 1, 'C6': 12, 'Z6': 1}
  SARows_7: {'S7': 3, 'C7': 4, 'Z7': 1}

================================================================================
MEMORY CONSTRAINT VIOLATION DEBUG - Level: InRegister
================================================================================
Memory footprint: 93 bytes
Memory available: 64 bytes
Overflow: 29 bytes

Full architecture mapping:
  DRAM: P:540, Q:12, Y6:540, X6:12, Y5:540, X5:12, Y4:540, X4:12, Y3:540, X3:12, Y2:540, X2:12, Y1:540, X1:12, Y0:540, X0:12
  GlobalBuffer: Q:5, X6:5, X5:5, X4:5, X3:5, X2:5, X1:5, X0:5
  SACols: Q:16
  SARows: S7:3, C7:4
  SACols_6: X6:16
  SARows_6: C6:12
  SACols_5: X5:16
  SARows_5: S5:3, C5:4
  SACols_4: X4:16
  SARows_4: S4:3, C4:4
  SACols_3: X3:16
  SARows_3: S3:3, C3:4
  SACols_2: X2:16
  SARows_2: S2:3, C2:4
  SACols_1: X1:16
  SARows_1: C1:14
  SACols_0: X0:16
  SARows_0: S0:5, C0:3
  WRegister: C7:14, R7:3, C5:3, R5:3, C4:3, R4:3, C3:3, R3:3, C2:3, R2:3, C1:4, R0:5
  IntermediateRegister: Z6:56, Z5:12, Z4:12, Z3:12, Z2:12, Z1:12, Z0:56
  OutRegister: Z7:16
================================================================================


================================================================================
MEMORY CONSTRAINT VIOLATION DEBUG - Level: WRegister
================================================================================
Memory footprint: 1,488 bytes
Memory available: 300 bytes
Overflow: 1,188 bytes

Full architecture mapping:
  DRAM: P:540, Q:12, Y6:540, X6:12, Y5:540, X5:12, Y4:540, X4:12, Y3:540, X3:12, Y2:540, X2:12, Y1:540, X1:12, Y0:540, X0:12
  GlobalBuffer: Q:5, X6:5, X5:5, X4:5, X3:5, X2:5, X1:5, X0:5
  SACols: Q:16
  SARows: S7:3, C7:4
  SACols_6: X6:16
  SARows_6: C6:12
  SACols_5: X5:16
  SARows_5: S5:3, C5:4
  SACols_4: X4:16
  SARows_4: S4:3, C4:4
  SACols_3: X3:16
  SARows_3: S3:3, C3:4
  SACols_2: X2:16
  SARows_2: S2:3, C2:4
  SACols_1: X1:16
  SARows_1: C1:14
  SACols_0: X0:16
  SARows_0: S0:5, C0:3
  WRegister: C7:14, R7:3, C5:3, R5:3, C4:3, R4:3, C3:3, R3:3, C2:3, R2:3, C1:4, R0:5
  IntermediateRegister: Z6:56, Z5:12, Z4:12, Z3:12, Z2:12, Z1:12, Z0:56
  OutRegister: Z7:16
================================================================================

------ loading Accelergy for Eyeriss ------
[Constrained Eyeriss] 8 layers, tile_size=80
  DRAM: {'Q': 12, 'P': 540, 'X0': 12, 'Y0': 540, 'Z0': 1, 'C0': 1, 'R0': 1, 'S0': 1, 'X1': 12, 'Y1': 540, 'Z1': 1, 'C1': 1, 'R1': 1, 'S1': 1, 'X2': 12, 'Y2': 540, 'Z2': 1, 'C2': 1, 'R2': 1, 'S2': 1, 'X3': 12, 'Y3': 540, 'Z3': 1, 'C3': 1, 'R3': 1, 'S3': 1, 'X4': 12, 'Y4': 540, 'Z4': 1, 'C4': 1, 'R4': 1, 'S4': 1, 'X5': 12, 'Y5': 540, 'Z5': 1, 'C5': 1, 'R5': 1, 'S5': 1, 'X6': 12, 'Y6': 540, 'Z6': 1, 'C6': 1, 'R6': 1, 'S6': 1, 'Z7': 1, 'C7': 1, 'R7': 1, 'S7': 1}
  GlobalBuffer: {'Q': 4, 'P': 1, 'X0': 4, 'Y0': 1, 'Z0': 1, 'C0': 1, 'R0': 1, 'S0': 1, 'X1': 4, 'Y1': 1, 'Z1': 1, 'C1': 1, 'R1': 1, 'S1': 1, 'X2': 4, 'Y2': 1, 'Z2': 1, 'C2': 1, 'R2': 1, 'S2': 1, 'X3': 4, 'Y3': 1, 'Z3': 1, 'C3': 1, 'R3': 1, 'S3': 1, 'X4': 4, 'Y4': 1, 'Z4': 1, 'C4': 1, 'R4': 1, 'S4': 1, 'X5': 4, 'Y5': 1, 'Z5': 1, 'C5': 1, 'R5': 1, 'S5': 1, 'X6': 4, 'Y6': 1, 'Z6': 1, 'C6': 1, 'R6': 1, 'S6': 1, 'Z7': 1, 'C7': 1, 'R7': 1, 'S7': 1}
  SACols: {'Q': 20, 'Z7': 1}
  SARows_0: {'S0': 5, 'C0': 3, 'Z0': 1}
  SARows_1: {'S1': 1, 'C1': 14, 'Z1': 1}
  SARows_2: {'S2': 3, 'C2': 4, 'Z2': 1}
  SARows_3: {'S3': 3, 'C3': 4, 'Z3': 1}
  SARows_4: {'S4': 3, 'C4': 4, 'Z4': 1}
  SARows_5: {'S5': 3, 'C5': 4, 'Z5': 1}
  SARows_6: {'S6': 1, 'C6': 12, 'Z6': 1}
  SARows_7: {'S7': 3, 'C7': 4, 'Z7': 1}

================================================================================
MEMORY CONSTRAINT VIOLATION DEBUG - Level: InRegister
================================================================================
Memory footprint: 93 bytes
Memory available: 64 bytes
Overflow: 29 bytes

Full architecture mapping:
  DRAM: P:540, Q:12, Y6:540, X6:12, Y5:540, X5:12, Y4:540, X4:12, Y3:540, X3:12, Y2:540, X2:12, Y1:540, X1:12, Y0:540, X0:12
  GlobalBuffer: Q:4, X6:4, X5:4, X4:4, X3:4, X2:4, X1:4, X0:4
  SACols: Q:20
  SARows: S7:3, C7:4
  SACols_6: X6:20
  SARows_6: C6:12
  SACols_5: X5:20
  SARows_5: S5:3, C5:4
  SACols_4: X4:20
  SARows_4: S4:3, C4:4
  SACols_3: X3:20
  SARows_3: S3:3, C3:4
  SACols_2: X2:20
  SARows_2: S2:3, C2:4
  SACols_1: X1:20
  SARows_1: C1:14
  SACols_0: X0:20
  SARows_0: S0:5, C0:3
  WRegister: C7:14, R7:3, C5:3, R5:3, C4:3, R4:3, C3:3, R3:3, C2:3, R2:3, C1:4, R0:5
  IntermediateRegister: Z6:56, Z5:12, Z4:12, Z3:12, Z2:12, Z1:12, Z0:56
  OutRegister: Z7:16
================================================================================


================================================================================
MEMORY CONSTRAINT VIOLATION DEBUG - Level: WRegister
================================================================================
Memory footprint: 1,488 bytes
Memory available: 300 bytes
Overflow: 1,188 bytes

Full architecture mapping:
  DRAM: P:540, Q:12, Y6:540, X6:12, Y5:540, X5:12, Y4:540, X4:12, Y3:540, X3:12, Y2:540, X2:12, Y1:540, X1:12, Y0:540, X0:12
  GlobalBuffer: Q:4, X6:4, X5:4, X4:4, X3:4, X2:4, X1:4, X0:4
  SACols: Q:20
  SARows: S7:3, C7:4
  SACols_6: X6:20
  SARows_6: C6:12
  SACols_5: X5:20
  SARows_5: S5:3, C5:4
  SACols_4: X4:20
  SARows_4: S4:3, C4:4
  SACols_3: X3:20
  SARows_3: S3:3, C3:4
  SACols_2: X2:20
  SARows_2: S2:3, C2:4
  SACols_1: X1:20
  SARows_1: C1:14
  SACols_0: X0:20
  SARows_0: S0:5, C0:3
  WRegister: C7:14, R7:3, C5:3, R5:3, C4:3, R4:3, C3:3, R3:3, C2:3, R2:3, C1:4, R0:5
  IntermediateRegister: Z6:56, Z5:12, Z4:12, Z3:12, Z2:12, Z1:12, Z0:56
  OutRegister: Z7:16
================================================================================

------ loading Accelergy for Eyeriss ------
[Constrained Eyeriss] 8 layers, tile_size=80
  DRAM: {'Q': 12, 'P': 540, 'X0': 12, 'Y0': 540, 'Z0': 1, 'C0': 1, 'R0': 1, 'S0': 1, 'X1': 12, 'Y1': 540, 'Z1': 1, 'C1': 1, 'R1': 1, 'S1': 1, 'X2': 12, 'Y2': 540, 'Z2': 1, 'C2': 1, 'R2': 1, 'S2': 1, 'X3': 12, 'Y3': 540, 'Z3': 1, 'C3': 1, 'R3': 1, 'S3': 1, 'X4': 12, 'Y4': 540, 'Z4': 1, 'C4': 1, 'R4': 1, 'S4': 1, 'X5': 12, 'Y5': 540, 'Z5': 1, 'C5': 1, 'R5': 1, 'S5': 1, 'X6': 12, 'Y6': 540, 'Z6': 1, 'C6': 1, 'R6': 1, 'S6': 1, 'Z7': 1, 'C7': 1, 'R7': 1, 'S7': 1}
  GlobalBuffer: {'Q': 2, 'P': 1, 'X0': 2, 'Y0': 1, 'Z0': 1, 'C0': 1, 'R0': 1, 'S0': 1, 'X1': 2, 'Y1': 1, 'Z1': 1, 'C1': 1, 'R1': 1, 'S1': 1, 'X2': 2, 'Y2': 1, 'Z2': 1, 'C2': 1, 'R2': 1, 'S2': 1, 'X3': 2, 'Y3': 1, 'Z3': 1, 'C3': 1, 'R3': 1, 'S3': 1, 'X4': 2, 'Y4': 1, 'Z4': 1, 'C4': 1, 'R4': 1, 'S4': 1, 'X5': 2, 'Y5': 1, 'Z5': 1, 'C5': 1, 'R5': 1, 'S5': 1, 'X6': 2, 'Y6': 1, 'Z6': 1, 'C6': 1, 'R6': 1, 'S6': 1, 'Z7': 1, 'C7': 1, 'R7': 1, 'S7': 1}
  SACols: {'Q': 40, 'Z7': 1}
  SARows_0: {'S0': 5, 'C0': 3, 'Z0': 1}
  SARows_1: {'S1': 1, 'C1': 14, 'Z1': 1}
  SARows_2: {'S2': 3, 'C2': 4, 'Z2': 1}
  SARows_3: {'S3': 3, 'C3': 4, 'Z3': 1}
  SARows_4: {'S4': 3, 'C4': 4, 'Z4': 1}
  SARows_5: {'S5': 3, 'C5': 4, 'Z5': 1}
  SARows_6: {'S6': 1, 'C6': 12, 'Z6': 1}
  SARows_7: {'S7': 3, 'C7': 4, 'Z7': 1}

================================================================================
MEMORY CONSTRAINT VIOLATION DEBUG - Level: InRegister
================================================================================
Memory footprint: 93 bytes
Memory available: 64 bytes
Overflow: 29 bytes

Full architecture mapping:
  DRAM: P:540, Q:12, Y6:540, X6:12, Y5:540, X5:12, Y4:540, X4:12, Y3:540, X3:12, Y2:540, X2:12, Y1:540, X1:12, Y0:540, X0:12
  GlobalBuffer: Q:2, X6:2, X5:2, X4:2, X3:2, X2:2, X1:2, X0:2
  SACols: Q:40
  SARows: S7:3, C7:4
  SACols_6: X6:40
  SARows_6: C6:12
  SACols_5: X5:40
  SARows_5: S5:3, C5:4
  SACols_4: X4:40
  SARows_4: S4:3, C4:4
  SACols_3: X3:40
  SARows_3: S3:3, C3:4
  SACols_2: X2:40
  SARows_2: S2:3, C2:4
  SACols_1: X1:40
  SARows_1: C1:14
  SACols_0: X0:40
  SARows_0: S0:5, C0:3
  WRegister: C7:14, R7:3, C5:3, R5:3, C4:3, R4:3, C3:3, R3:3, C2:3, R2:3, C1:4, R0:5
  IntermediateRegister: Z6:56, Z5:12, Z4:12, Z3:12, Z2:12, Z1:12, Z0:56
  OutRegister: Z7:16
================================================================================


================================================================================
MEMORY CONSTRAINT VIOLATION DEBUG - Level: WRegister
================================================================================
Memory footprint: 1,488 bytes
Memory available: 300 bytes
Overflow: 1,188 bytes

Full architecture mapping:
  DRAM: P:540, Q:12, Y6:540, X6:12, Y5:540, X5:12, Y4:540, X4:12, Y3:540, X3:12, Y2:540, X2:12, Y1:540, X1:12, Y0:540, X0:12
  GlobalBuffer: Q:2, X6:2, X5:2, X4:2, X3:2, X2:2, X1:2, X0:2
  SACols: Q:40
  SARows: S7:3, C7:4
  SACols_6: X6:40
  SARows_6: C6:12
  SACols_5: X5:40
  SARows_5: S5:3, C5:4
  SACols_4: X4:40
  SARows_4: S4:3, C4:4
  SACols_3: X3:40
  SARows_3: S3:3, C3:4
  SACols_2: X2:40
  SARows_2: S2:3, C2:4
  SACols_1: X1:40
  SARows_1: C1:14
  SACols_0: X0:40
  SARows_0: S0:5, C0:3
  WRegister: C7:14, R7:3, C5:3, R5:3, C4:3, R4:3, C3:3, R3:3, C2:3, R2:3, C1:4, R0:5
  IntermediateRegister: Z6:56, Z5:12, Z4:12, Z3:12, Z2:12, Z1:12, Z0:56
  OutRegister: Z7:16
================================================================================

------ loading Accelergy for Eyeriss ------
[Constrained Eyeriss] 8 layers, tile_size=80
  DRAM: {'Q': 12, 'P': 540, 'X0': 12, 'Y0': 540, 'Z0': 1, 'C0': 1, 'R0': 1, 'S0': 1, 'X1': 12, 'Y1': 540, 'Z1': 1, 'C1': 1, 'R1': 1, 'S1': 1, 'X2': 12, 'Y2': 540, 'Z2': 1, 'C2': 1, 'R2': 1, 'S2': 1, 'X3': 12, 'Y3': 540, 'Z3': 1, 'C3': 1, 'R3': 1, 'S3': 1, 'X4': 12, 'Y4': 540, 'Z4': 1, 'C4': 1, 'R4': 1, 'S4': 1, 'X5': 12, 'Y5': 540, 'Z5': 1, 'C5': 1, 'R5': 1, 'S5': 1, 'X6': 12, 'Y6': 540, 'Z6': 1, 'C6': 1, 'R6': 1, 'S6': 1, 'Z7': 1, 'C7': 1, 'R7': 1, 'S7': 1}
  GlobalBuffer: {'Q': 1, 'P': 1, 'X0': 1, 'Y0': 1, 'Z0': 1, 'C0': 1, 'R0': 1, 'S0': 1, 'X1': 1, 'Y1': 1, 'Z1': 1, 'C1': 1, 'R1': 1, 'S1': 1, 'X2': 1, 'Y2': 1, 'Z2': 1, 'C2': 1, 'R2': 1, 'S2': 1, 'X3': 1, 'Y3': 1, 'Z3': 1, 'C3': 1, 'R3': 1, 'S3': 1, 'X4': 1, 'Y4': 1, 'Z4': 1, 'C4': 1, 'R4': 1, 'S4': 1, 'X5': 1, 'Y5': 1, 'Z5': 1, 'C5': 1, 'R5': 1, 'S5': 1, 'X6': 1, 'Y6': 1, 'Z6': 1, 'C6': 1, 'R6': 1, 'S6': 1, 'Z7': 1, 'C7': 1, 'R7': 1, 'S7': 1}
  SACols: {'Q': 80, 'Z7': 1}
  SARows_0: {'S0': 5, 'C0': 3, 'Z0': 1}
  SARows_1: {'S1': 1, 'C1': 14, 'Z1': 1}
  SARows_2: {'S2': 3, 'C2': 4, 'Z2': 1}
  SARows_3: {'S3': 3, 'C3': 4, 'Z3': 1}
  SARows_4: {'S4': 3, 'C4': 4, 'Z4': 1}
  SARows_5: {'S5': 3, 'C5': 4, 'Z5': 1}
  SARows_6: {'S6': 1, 'C6': 12, 'Z6': 1}
  SARows_7: {'S7': 3, 'C7': 4, 'Z7': 1}

================================================================================
MEMORY CONSTRAINT VIOLATION DEBUG - Level: InRegister
================================================================================
Memory footprint: 93 bytes
Memory available: 64 bytes
Overflow: 29 bytes

Full architecture mapping:
  DRAM: P:540, Q:12, Y6:540, X6:12, Y5:540, X5:12, Y4:540, X4:12, Y3:540, X3:12, Y2:540, X2:12, Y1:540, X1:12, Y0:540, X0:12
  SACols: Q:80
  SARows: S7:3, C7:4
  SACols_6: X6:80
  SARows_6: C6:12
  SACols_5: X5:80
  SARows_5: S5:3, C5:4
  SACols_4: X4:80
  SARows_4: S4:3, C4:4
  SACols_3: X3:80
  SARows_3: S3:3, C3:4
  SACols_2: X2:80
  SARows_2: S2:3, C2:4
  SACols_1: X1:80
  SARows_1: C1:14
  SACols_0: X0:80
  SARows_0: S0:5, C0:3
  WRegister: C7:14, R7:3, C5:3, R5:3, C4:3, R4:3, C3:3, R3:3, C2:3, R2:3, C1:4, R0:5
  IntermediateRegister: Z6:56, Z5:12, Z4:12, Z3:12, Z2:12, Z1:12, Z0:56
  OutRegister: Z7:16
================================================================================


================================================================================
MEMORY CONSTRAINT VIOLATION DEBUG - Level: WRegister
================================================================================
Memory footprint: 1,488 bytes
Memory available: 300 bytes
Overflow: 1,188 bytes

Full architecture mapping:
  DRAM: P:540, Q:12, Y6:540, X6:12, Y5:540, X5:12, Y4:540, X4:12, Y3:540, X3:12, Y2:540, X2:12, Y1:540, X1:12, Y0:540, X0:12
  SACols: Q:80
  SARows: S7:3, C7:4
  SACols_6: X6:80
  SARows_6: C6:12
  SACols_5: X5:80
  SARows_5: S5:3, C5:4
  SACols_4: X4:80
  SARows_4: S4:3, C4:4
  SACols_3: X3:80
  SARows_3: S3:3, C3:4
  SACols_2: X2:80
  SARows_2: S2:3, C2:4
  SACols_1: X1:80
  SARows_1: C1:14
  SACols_0: X0:80
  SARows_0: S0:5, C0:3
  WRegister: C7:14, R7:3, C5:3, R5:3, C4:3, R4:3, C3:3, R3:3, C2:3, R2:3, C1:4, R0:5
  IntermediateRegister: Z6:56, Z5:12, Z4:12, Z3:12, Z2:12, Z1:12, Z0:56
  OutRegister: Z7:16
================================================================================

------ loading Accelergy for Eyeriss ------
[Constrained Eyeriss] 8 layers, tile_size=80
  DRAM: {'Q': 12, 'P': 540, 'X0': 12, 'Y0': 540, 'Z0': 1, 'C0': 1, 'R0': 1, 'S0': 1, 'X1': 12, 'Y1': 540, 'Z1': 1, 'C1': 1, 'R1': 1, 'S1': 1, 'X2': 12, 'Y2': 540, 'Z2': 1, 'C2': 1, 'R2': 1, 'S2': 1, 'X3': 12, 'Y3': 540, 'Z3': 1, 'C3': 1, 'R3': 1, 'S3': 1, 'X4': 12, 'Y4': 540, 'Z4': 1, 'C4': 1, 'R4': 1, 'S4': 1, 'X5': 12, 'Y5': 540, 'Z5': 1, 'C5': 1, 'R5': 1, 'S5': 1, 'X6': 12, 'Y6': 540, 'Z6': 1, 'C6': 1, 'R6': 1, 'S6': 1, 'Z7': 1, 'C7': 1, 'R7': 1, 'S7': 1}
  GlobalBuffer: {'Q': 1, 'P': 1, 'X0': 1, 'Y0': 1, 'Z0': 1, 'C0': 1, 'R0': 1, 'S0': 1, 'X1': 1, 'Y1': 1, 'Z1': 1, 'C1': 1, 'R1': 1, 'S1': 1, 'X2': 1, 'Y2': 1, 'Z2': 1, 'C2': 1, 'R2': 1, 'S2': 1, 'X3': 1, 'Y3': 1, 'Z3': 1, 'C3': 1, 'R3': 1, 'S3': 1, 'X4': 1, 'Y4': 1, 'Z4': 1, 'C4': 1, 'R4': 1, 'S4': 1, 'X5': 1, 'Y5': 1, 'Z5': 1, 'C5': 1, 'R5': 1, 'S5': 1, 'X6': 1, 'Y6': 1, 'Z6': 1, 'C6': 1, 'R6': 1, 'S6': 1, 'Z7': 1, 'C7': 1, 'R7': 1, 'S7': 1}
  SACols: {'Q': 80, 'Z7': 1}
  SARows_0: {'S0': 5, 'C0': 3, 'Z0': 1}
  SARows_1: {'S1': 1, 'C1': 14, 'Z1': 1}
  SARows_2: {'S2': 3, 'C2': 4, 'Z2': 1}
  SARows_3: {'S3': 3, 'C3': 4, 'Z3': 1}
  SARows_4: {'S4': 3, 'C4': 4, 'Z4': 1}
  SARows_5: {'S5': 3, 'C5': 4, 'Z5': 1}
  SARows_6: {'S6': 1, 'C6': 12, 'Z6': 1}
  SARows_7: {'S7': 3, 'C7': 4, 'Z7': 1}

================================================================================
MEMORY CONSTRAINT VIOLATION DEBUG - Level: InRegister
================================================================================
Memory footprint: 93 bytes
Memory available: 64 bytes
Overflow: 29 bytes

Full architecture mapping:
  DRAM: P:540, Q:12, Y6:540, X6:12, Y5:540, X5:12, Y4:540, X4:12, Y3:540, X3:12, Y2:540, X2:12, Y1:540, X1:12, Y0:540, X0:12
  SACols: Q:80
  SARows: S7:3, C7:4
  SACols_6: X6:80
  SARows_6: C6:12
  SACols_5: X5:80
  SARows_5: S5:3, C5:4
  SACols_4: X4:80
  SARows_4: S4:3, C4:4
  SACols_3: X3:80
  SARows_3: S3:3, C3:4
  SACols_2: X2:80
  SARows_2: S2:3, C2:4
  SACols_1: X1:80
  SARows_1: C1:14
  SACols_0: X0:80
  SARows_0: S0:5, C0:3
  WRegister: C7:14, R7:3, C5:3, R5:3, C4:3, R4:3, C3:3, R3:3, C2:3, R2:3, C1:4, R0:5
  IntermediateRegister: Z6:56, Z5:12, Z4:12, Z3:12, Z2:12, Z1:12, Z0:56
  OutRegister: Z7:16
================================================================================


================================================================================
MEMORY CONSTRAINT VIOLATION DEBUG - Level: WRegister
================================================================================
Memory footprint: 1,488 bytes
Memory available: 300 bytes
Overflow: 1,188 bytes

Full architecture mapping:
  DRAM: P:540, Q:12, Y6:540, X6:12, Y5:540, X5:12, Y4:540, X4:12, Y3:540, X3:12, Y2:540, X2:12, Y1:540, X1:12, Y0:540, X0:12
  SACols: Q:80
  SARows: S7:3, C7:4
  SACols_6: X6:80
  SARows_6: C6:12
  SACols_5: X5:80
  SARows_5: S5:3, C5:4
  SACols_4: X4:80
  SARows_4: S4:3, C4:4
  SACols_3: X3:80
  SARows_3: S3:3, C3:4
  SACols_2: X2:80
  SARows_2: S2:3, C2:4
  SACols_1: X1:80
  SARows_1: C1:14
  SACols_0: X0:80
  SARows_0: S0:5, C0:3
  WRegister: C7:14, R7:3, C5:3, R5:3, C4:3, R4:3, C3:3, R3:3, C2:3, R2:3, C1:4, R0:5
  IntermediateRegister: Z6:56, Z5:12, Z4:12, Z3:12, Z2:12, Z1:12, Z0:56
  OutRegister: Z7:16
================================================================================

------ loading Accelergy for Eyeriss ------
[Constrained Eyeriss] 8 layers, tile_size=80
  DRAM: {'Q': 12, 'P': 540, 'X0': 12, 'Y0': 540, 'Z0': 1, 'C0': 1, 'R0': 1, 'S0': 1, 'X1': 12, 'Y1': 540, 'Z1': 1, 'C1': 1, 'R1': 1, 'S1': 1, 'X2': 12, 'Y2': 540, 'Z2': 1, 'C2': 1, 'R2': 1, 'S2': 1, 'X3': 12, 'Y3': 540, 'Z3': 1, 'C3': 1, 'R3': 1, 'S3': 1, 'X4': 12, 'Y4': 540, 'Z4': 1, 'C4': 1, 'R4': 1, 'S4': 1, 'X5': 12, 'Y5': 540, 'Z5': 1, 'C5': 1, 'R5': 1, 'S5': 1, 'X6': 12, 'Y6': 540, 'Z6': 1, 'C6': 1, 'R6': 1, 'S6': 1, 'Z7': 1, 'C7': 1, 'R7': 1, 'S7': 1}
  GlobalBuffer: {'Q': 1, 'P': 1, 'X0': 1, 'Y0': 1, 'Z0': 1, 'C0': 1, 'R0': 1, 'S0': 1, 'X1': 1, 'Y1': 1, 'Z1': 1, 'C1': 1, 'R1': 1, 'S1': 1, 'X2': 1, 'Y2': 1, 'Z2': 1, 'C2': 1, 'R2': 1, 'S2': 1, 'X3': 1, 'Y3': 1, 'Z3': 1, 'C3': 1, 'R3': 1, 'S3': 1, 'X4': 1, 'Y4': 1, 'Z4': 1, 'C4': 1, 'R4': 1, 'S4': 1, 'X5': 1, 'Y5': 1, 'Z5': 1, 'C5': 1, 'R5': 1, 'S5': 1, 'X6': 1, 'Y6': 1, 'Z6': 1, 'C6': 1, 'R6': 1, 'S6': 1, 'Z7': 1, 'C7': 1, 'R7': 1, 'S7': 1}
  SACols: {'Q': 80, 'Z7': 2}
  SARows_0: {'S0': 5, 'C0': 3, 'Z0': 1}
  SARows_1: {'S1': 1, 'C1': 14, 'Z1': 1}
  SARows_2: {'S2': 3, 'C2': 4, 'Z2': 1}
  SARows_3: {'S3': 3, 'C3': 4, 'Z3': 1}
  SARows_4: {'S4': 3, 'C4': 4, 'Z4': 1}
  SARows_5: {'S5': 3, 'C5': 4, 'Z5': 1}
  SARows_6: {'S6': 1, 'C6': 12, 'Z6': 1}
  SARows_7: {'S7': 3, 'C7': 4, 'Z7': 1}

================================================================================
MEMORY CONSTRAINT VIOLATION DEBUG - Level: InRegister
================================================================================
Memory footprint: 93 bytes
Memory available: 64 bytes
Overflow: 29 bytes

Full architecture mapping:
  DRAM: P:540, Q:12, Y6:540, X6:12, Y5:540, X5:12, Y4:540, X4:12, Y3:540, X3:12, Y2:540, X2:12, Y1:540, X1:12, Y0:540, X0:12
  SACols: Q:80, Z7:2
  SARows: S7:3, C7:4
  SACols_6: X6:80, Z6:2
  SARows_6: C6:12
  SACols_5: X5:80, Z5:3
  SARows_5: S5:3, C5:4
  SACols_4: X4:80, Z4:3
  SARows_4: S4:3, C4:4
  SACols_3: X3:80, Z3:3
  SARows_3: S3:3, C3:4
  SACols_2: X2:80, Z2:3
  SARows_2: S2:3, C2:4
  SACols_1: X1:80, Z1:3
  SARows_1: C1:14
  SACols_0: X0:80, Z0:2
  SARows_0: S0:5, C0:3
  WRegister: C7:14, R7:3, C5:3, R5:3, C4:3, R4:3, C3:3, R3:3, C2:3, R2:3, C1:4, R0:5
  IntermediateRegister: Z6:28, Z5:4, Z4:4, Z3:4, Z2:4, Z1:4, Z0:28
  OutRegister: Z7:8
================================================================================


================================================================================
MEMORY CONSTRAINT VIOLATION DEBUG - Level: WRegister
================================================================================
Memory footprint: 664 bytes
Memory available: 300 bytes
Overflow: 364 bytes

Full architecture mapping:
  DRAM: P:540, Q:12, Y6:540, X6:12, Y5:540, X5:12, Y4:540, X4:12, Y3:540, X3:12, Y2:540, X2:12, Y1:540, X1:12, Y0:540, X0:12
  SACols: Q:80, Z7:2
  SARows: S7:3, C7:4
  SACols_6: X6:80, Z6:2
  SARows_6: C6:12
  SACols_5: X5:80, Z5:3
  SARows_5: S5:3, C5:4
  SACols_4: X4:80, Z4:3
  SARows_4: S4:3, C4:4
  SACols_3: X3:80, Z3:3
  SARows_3: S3:3, C3:4
  SACols_2: X2:80, Z2:3
  SARows_2: S2:3, C2:4
  SACols_1: X1:80, Z1:3
  SARows_1: C1:14
  SACols_0: X0:80, Z0:2
  SARows_0: S0:5, C0:3
  WRegister: C7:14, R7:3, C5:3, R5:3, C4:3, R4:3, C3:3, R3:3, C2:3, R2:3, C1:4, R0:5
  IntermediateRegister: Z6:28, Z5:4, Z4:4, Z3:4, Z2:4, Z1:4, Z0:28
  OutRegister: Z7:8
================================================================================

------ loading Accelergy for Eyeriss ------
[Constrained Eyeriss] 8 layers, tile_size=80
  DRAM: {'Q': 12, 'P': 540, 'X0': 12, 'Y0': 540, 'Z0': 1, 'C0': 1, 'R0': 1, 'S0': 1, 'X1': 12, 'Y1': 540, 'Z1': 1, 'C1': 1, 'R1': 1, 'S1': 1, 'X2': 12, 'Y2': 540, 'Z2': 1, 'C2': 1, 'R2': 1, 'S2': 1, 'X3': 12, 'Y3': 540, 'Z3': 1, 'C3': 1, 'R3': 1, 'S3': 1, 'X4': 12, 'Y4': 540, 'Z4': 1, 'C4': 1, 'R4': 1, 'S4': 1, 'X5': 12, 'Y5': 540, 'Z5': 1, 'C5': 1, 'R5': 1, 'S5': 1, 'X6': 12, 'Y6': 540, 'Z6': 1, 'C6': 1, 'R6': 1, 'S6': 1, 'Z7': 1, 'C7': 1, 'R7': 1, 'S7': 1}
  GlobalBuffer: {'Q': 1, 'P': 1, 'X0': 1, 'Y0': 1, 'Z0': 1, 'C0': 1, 'R0': 1, 'S0': 1, 'X1': 1, 'Y1': 1, 'Z1': 1, 'C1': 1, 'R1': 1, 'S1': 1, 'X2': 1, 'Y2': 1, 'Z2': 1, 'C2': 1, 'R2': 1, 'S2': 1, 'X3': 1, 'Y3': 1, 'Z3': 1, 'C3': 1, 'R3': 1, 'S3': 1, 'X4': 1, 'Y4': 1, 'Z4': 1, 'C4': 1, 'R4': 1, 'S4': 1, 'X5': 1, 'Y5': 1, 'Z5': 1, 'C5': 1, 'R5': 1, 'S5': 1, 'X6': 1, 'Y6': 1, 'Z6': 1, 'C6': 1, 'R6': 1, 'S6': 1, 'Z7': 1, 'C7': 1, 'R7': 1, 'S7': 1}
  SACols: {'Q': 80, 'Z7': 4}
  SARows_0: {'S0': 5, 'C0': 3, 'Z0': 1}
  SARows_1: {'S1': 1, 'C1': 14, 'Z1': 1}
  SARows_2: {'S2': 3, 'C2': 4, 'Z2': 1}
  SARows_3: {'S3': 3, 'C3': 4, 'Z3': 1}
  SARows_4: {'S4': 3, 'C4': 4, 'Z4': 1}
  SARows_5: {'S5': 3, 'C5': 4, 'Z5': 1}
  SARows_6: {'S6': 1, 'C6': 12, 'Z6': 1}
  SARows_7: {'S7': 3, 'C7': 4, 'Z7': 1}

================================================================================
MEMORY CONSTRAINT VIOLATION DEBUG - Level: InRegister
================================================================================
Memory footprint: 93 bytes
Memory available: 64 bytes
Overflow: 29 bytes

Full architecture mapping:
  DRAM: P:540, Q:12, Y6:540, X6:12, Y5:540, X5:12, Y4:540, X4:12, Y3:540, X3:12, Y2:540, X2:12, Y1:540, X1:12, Y0:540, X0:12
  SACols: Q:80, Z7:4
  SARows: S7:3, C7:4
  SACols_6: X6:80, Z6:4
  SARows_6: C6:12
  SACols_5: X5:80, Z5:4
  SARows_5: S5:3, C5:4
  SACols_4: X4:80, Z4:4
  SARows_4: S4:3, C4:4
  SACols_3: X3:80, Z3:4
  SARows_3: S3:3, C3:4
  SACols_2: X2:80, Z2:4
  SARows_2: S2:3, C2:4
  SACols_1: X1:80, Z1:4
  SARows_1: C1:14
  SACols_0: X0:80, Z0:4
  SARows_0: S0:5, C0:3
  WRegister: C7:14, R7:3, C5:3, R5:3, C4:3, R4:3, C3:3, R3:3, C2:3, R2:3, C1:4, R0:5
  IntermediateRegister: Z6:14, Z5:3, Z4:3, Z3:3, Z2:3, Z1:3, Z0:14
  OutRegister: Z7:4
================================================================================


================================================================================
MEMORY CONSTRAINT VIOLATION DEBUG - Level: WRegister
================================================================================
Memory footprint: 372 bytes
Memory available: 300 bytes
Overflow: 72 bytes

Full architecture mapping:
  DRAM: P:540, Q:12, Y6:540, X6:12, Y5:540, X5:12, Y4:540, X4:12, Y3:540, X3:12, Y2:540, X2:12, Y1:540, X1:12, Y0:540, X0:12
  SACols: Q:80, Z7:4
  SARows: S7:3, C7:4
  SACols_6: X6:80, Z6:4
  SARows_6: C6:12
  SACols_5: X5:80, Z5:4
  SARows_5: S5:3, C5:4
  SACols_4: X4:80, Z4:4
  SARows_4: S4:3, C4:4
  SACols_3: X3:80, Z3:4
  SARows_3: S3:3, C3:4
  SACols_2: X2:80, Z2:4
  SARows_2: S2:3, C2:4
  SACols_1: X1:80, Z1:4
  SARows_1: C1:14
  SACols_0: X0:80, Z0:4
  SARows_0: S0:5, C0:3
  WRegister: C7:14, R7:3, C5:3, R5:3, C4:3, R4:3, C3:3, R3:3, C2:3, R2:3, C1:4, R0:5
  IntermediateRegister: Z6:14, Z5:3, Z4:3, Z3:3, Z2:3, Z1:3, Z0:14
  OutRegister: Z7:4
================================================================================

------ loading Accelergy for Eyeriss ------
[Constrained Eyeriss] 8 layers, tile_size=80
  DRAM: {'Q': 12, 'P': 540, 'X0': 12, 'Y0': 540, 'Z0': 1, 'C0': 1, 'R0': 1, 'S0': 1, 'X1': 12, 'Y1': 540, 'Z1': 1, 'C1': 1, 'R1': 1, 'S1': 1, 'X2': 12, 'Y2': 540, 'Z2': 1, 'C2': 1, 'R2': 1, 'S2': 1, 'X3': 12, 'Y3': 540, 'Z3': 1, 'C3': 1, 'R3': 1, 'S3': 1, 'X4': 12, 'Y4': 540, 'Z4': 1, 'C4': 1, 'R4': 1, 'S4': 1, 'X5': 12, 'Y5': 540, 'Z5': 1, 'C5': 1, 'R5': 1, 'S5': 1, 'X6': 12, 'Y6': 540, 'Z6': 1, 'C6': 1, 'R6': 1, 'S6': 1, 'Z7': 1, 'C7': 1, 'R7': 1, 'S7': 1}
  GlobalBuffer: {'Q': 1, 'P': 1, 'X0': 1, 'Y0': 1, 'Z0': 1, 'C0': 1, 'R0': 1, 'S0': 1, 'X1': 1, 'Y1': 1, 'Z1': 1, 'C1': 1, 'R1': 1, 'S1': 1, 'X2': 1, 'Y2': 1, 'Z2': 1, 'C2': 1, 'R2': 1, 'S2': 1, 'X3': 1, 'Y3': 1, 'Z3': 1, 'C3': 1, 'R3': 1, 'S3': 1, 'X4': 1, 'Y4': 1, 'Z4': 1, 'C4': 1, 'R4': 1, 'S4': 1, 'X5': 1, 'Y5': 1, 'Z5': 1, 'C5': 1, 'R5': 1, 'S5': 1, 'X6': 1, 'Y6': 1, 'Z6': 1, 'C6': 1, 'R6': 1, 'S6': 1, 'Z7': 1, 'C7': 1, 'R7': 1, 'S7': 1}
  SACols: {'Q': 80, 'Z7': 4}
  SARows_0: {'S0': 5, 'C0': 3, 'Z0': 1}
  SARows_1: {'S1': 1, 'C1': 14, 'Z1': 1}
  SARows_2: {'S2': 3, 'C2': 4, 'Z2': 1}
  SARows_3: {'S3': 3, 'C3': 4, 'Z3': 1}
  SARows_4: {'S4': 3, 'C4': 4, 'Z4': 1}
  SARows_5: {'S5': 3, 'C5': 4, 'Z5': 1}
  SARows_6: {'S6': 1, 'C6': 12, 'Z6': 1}
  SARows_7: {'S7': 3, 'C7': 4, 'Z7': 1}

================================================================================
MEMORY CONSTRAINT VIOLATION DEBUG - Level: InRegister
================================================================================
Memory footprint: 93 bytes
Memory available: 64 bytes
Overflow: 29 bytes

Full architecture mapping:
  DRAM: P:540, Q:12, Y6:540, X6:12, Y5:540, X5:12, Y4:540, X4:12, Y3:540, X3:12, Y2:540, X2:12, Y1:540, X1:12, Y0:540, X0:12
  SACols: Q:80, Z7:4
  SARows: S7:3, C7:4
  SACols_6: X6:80, Z6:4
  SARows_6: C6:12
  SACols_5: X5:80, Z5:6
  SARows_5: S5:3, C5:4
  SACols_4: X4:80, Z4:6
  SARows_4: S4:3, C4:4
  SACols_3: X3:80, Z3:6
  SARows_3: S3:3, C3:4
  SACols_2: X2:80, Z2:6
  SARows_2: S2:3, C2:4
  SACols_1: X1:80, Z1:6
  SARows_1: C1:14
  SACols_0: X0:80, Z0:4
  SARows_0: S0:5, C0:3
  WRegister: C7:14, R7:3, C5:3, R5:3, C4:3, R4:3, C3:3, R3:3, C2:3, R2:3, C1:4, R0:5
  IntermediateRegister: Z6:14, Z5:2, Z4:2, Z3:2, Z2:2, Z1:2, Z0:14
  OutRegister: Z7:4
================================================================================


================================================================================
MEMORY CONSTRAINT VIOLATION DEBUG - Level: WRegister
================================================================================
Memory footprint: 332 bytes
Memory available: 300 bytes
Overflow: 32 bytes

Full architecture mapping:
  DRAM: P:540, Q:12, Y6:540, X6:12, Y5:540, X5:12, Y4:540, X4:12, Y3:540, X3:12, Y2:540, X2:12, Y1:540, X1:12, Y0:540, X0:12
  SACols: Q:80, Z7:4
  SARows: S7:3, C7:4
  SACols_6: X6:80, Z6:4
  SARows_6: C6:12
  SACols_5: X5:80, Z5:6
  SARows_5: S5:3, C5:4
  SACols_4: X4:80, Z4:6
  SARows_4: S4:3, C4:4
  SACols_3: X3:80, Z3:6
  SARows_3: S3:3, C3:4
  SACols_2: X2:80, Z2:6
  SARows_2: S2:3, C2:4
  SACols_1: X1:80, Z1:6
  SARows_1: C1:14
  SACols_0: X0:80, Z0:4
  SARows_0: S0:5, C0:3
  WRegister: C7:14, R7:3, C5:3, R5:3, C4:3, R4:3, C3:3, R3:3, C2:3, R2:3, C1:4, R0:5
  IntermediateRegister: Z6:14, Z5:2, Z4:2, Z3:2, Z2:2, Z1:2, Z0:14
  OutRegister: Z7:4
================================================================================

------ loading Accelergy for Eyeriss ------
[Constrained Eyeriss] 8 layers, tile_size=80
  DRAM: {'Q': 12, 'P': 540, 'X0': 12, 'Y0': 540, 'Z0': 1, 'C0': 1, 'R0': 1, 'S0': 1, 'X1': 12, 'Y1': 540, 'Z1': 1, 'C1': 1, 'R1': 1, 'S1': 1, 'X2': 12, 'Y2': 540, 'Z2': 1, 'C2': 1, 'R2': 1, 'S2': 1, 'X3': 12, 'Y3': 540, 'Z3': 1, 'C3': 1, 'R3': 1, 'S3': 1, 'X4': 12, 'Y4': 540, 'Z4': 1, 'C4': 1, 'R4': 1, 'S4': 1, 'X5': 12, 'Y5': 540, 'Z5': 1, 'C5': 1, 'R5': 1, 'S5': 1, 'X6': 12, 'Y6': 540, 'Z6': 1, 'C6': 1, 'R6': 1, 'S6': 1, 'Z7': 1, 'C7': 1, 'R7': 1, 'S7': 1}
  GlobalBuffer: {'Q': 20, 'P': 1, 'X0': 20, 'Y0': 1, 'Z0': 1, 'C0': 1, 'R0': 1, 'S0': 1, 'X1': 20, 'Y1': 1, 'Z1': 1, 'C1': 1, 'R1': 1, 'S1': 1, 'X2': 20, 'Y2': 1, 'Z2': 1, 'C2': 1, 'R2': 1, 'S2': 1, 'X3': 20, 'Y3': 1, 'Z3': 1, 'C3': 1, 'R3': 1, 'S3': 1, 'X4': 20, 'Y4': 1, 'Z4': 1, 'C4': 1, 'R4': 1, 'S4': 1, 'X5': 20, 'Y5': 1, 'Z5': 1, 'C5': 1, 'R5': 1, 'S5': 1, 'X6': 20, 'Y6': 1, 'Z6': 1, 'C6': 1, 'R6': 1, 'S6': 1, 'Z7': 1, 'C7': 1, 'R7': 1, 'S7': 1}
  SACols: {'Q': 4, 'Z7': 1}
  SARows_0: {'S0': 5, 'C0': 3, 'Z0': 2}
  SARows_1: {'S1': 1, 'C1': 28, 'Z1': 1}
  SARows_2: {'S2': 3, 'C2': 6, 'Z2': 1}
  SARows_3: {'S3': 3, 'C3': 6, 'Z3': 1}
  SARows_4: {'S4': 3, 'C4': 6, 'Z4': 1}
  SARows_5: {'S5': 3, 'C5': 6, 'Z5': 1}
  SARows_6: {'S6': 1, 'C6': 12, 'Z6': 2}
  SARows_7: {'S7': 3, 'C7': 8, 'Z7': 1}

================================================================================
MEMORY CONSTRAINT VIOLATION DEBUG - Level: WRegister
================================================================================
Memory footprint: 816 bytes
Memory available: 300 bytes
Overflow: 516 bytes

Full architecture mapping:
  DRAM: P:540, Q:12, Y6:540, X6:12, Y5:540, X5:12, Y4:540, X4:12, Y3:540, X3:12, Y2:540, X2:12, Y1:540, X1:12, Y0:540, X0:12
  GlobalBuffer: Q:20, X6:20, X5:20, X4:20, X3:20, X2:20, X1:20, X0:20
  SACols: Q:4
  SARows: S7:3, C7:8
  SACols_6: X6:4
  SARows_6: C6:12, Z6:2
  SACols_5: X5:4
  SARows_5: S5:3, C5:6
  SACols_4: X4:4
  SARows_4: S4:3, C4:6
  SACols_3: X3:4
  SARows_3: S3:3, C3:6
  SACols_2: X2:4
  SARows_2: S2:3, C2:6
  SACols_1: X1:4
  SARows_1: C1:28
  SACols_0: X0:4
  SARows_0: S0:5, C0:3, Z0:2
  WRegister: C7:7, R7:3, C5:2, R5:3, C4:2, R4:3, C3:2, R3:3, C2:2, R2:3, C1:2, R0:5
  IntermediateRegister: Z6:28, Z5:12, Z4:12, Z3:12, Z2:12, Z1:12, Z0:28
  OutRegister: Z7:16
================================================================================

------ loading Accelergy for Eyeriss ------
[Constrained Eyeriss] 8 layers, tile_size=80
  DRAM: {'Q': 12, 'P': 540, 'X0': 12, 'Y0': 540, 'Z0': 1, 'C0': 1, 'R0': 1, 'S0': 1, 'X1': 12, 'Y1': 540, 'Z1': 1, 'C1': 1, 'R1': 1, 'S1': 1, 'X2': 12, 'Y2': 540, 'Z2': 1, 'C2': 1, 'R2': 1, 'S2': 1, 'X3': 12, 'Y3': 540, 'Z3': 1, 'C3': 1, 'R3': 1, 'S3': 1, 'X4': 12, 'Y4': 540, 'Z4': 1, 'C4': 1, 'R4': 1, 'S4': 1, 'X5': 12, 'Y5': 540, 'Z5': 1, 'C5': 1, 'R5': 1, 'S5': 1, 'X6': 12, 'Y6': 540, 'Z6': 1, 'C6': 1, 'R6': 1, 'S6': 1, 'Z7': 1, 'C7': 1, 'R7': 1, 'S7': 1}
  GlobalBuffer: {'Q': 10, 'P': 1, 'X0': 10, 'Y0': 1, 'Z0': 1, 'C0': 1, 'R0': 1, 'S0': 1, 'X1': 10, 'Y1': 1, 'Z1': 1, 'C1': 1, 'R1': 1, 'S1': 1, 'X2': 10, 'Y2': 1, 'Z2': 1, 'C2': 1, 'R2': 1, 'S2': 1, 'X3': 10, 'Y3': 1, 'Z3': 1, 'C3': 1, 'R3': 1, 'S3': 1, 'X4': 10, 'Y4': 1, 'Z4': 1, 'C4': 1, 'R4': 1, 'S4': 1, 'X5': 10, 'Y5': 1, 'Z5': 1, 'C5': 1, 'R5': 1, 'S5': 1, 'X6': 10, 'Y6': 1, 'Z6': 1, 'C6': 1, 'R6': 1, 'S6': 1, 'Z7': 1, 'C7': 1, 'R7': 1, 'S7': 1}
  SACols: {'Q': 8, 'Z7': 1}
  SARows_0: {'S0': 5, 'C0': 3, 'Z0': 2}
  SARows_1: {'S1': 1, 'C1': 28, 'Z1': 1}
  SARows_2: {'S2': 3, 'C2': 6, 'Z2': 1}
  SARows_3: {'S3': 3, 'C3': 6, 'Z3': 1}
  SARows_4: {'S4': 3, 'C4': 6, 'Z4': 1}
  SARows_5: {'S5': 3, 'C5': 6, 'Z5': 1}
  SARows_6: {'S6': 1, 'C6': 12, 'Z6': 2}
  SARows_7: {'S7': 3, 'C7': 8, 'Z7': 1}

================================================================================
MEMORY CONSTRAINT VIOLATION DEBUG - Level: WRegister
================================================================================
Memory footprint: 816 bytes
Memory available: 300 bytes
Overflow: 516 bytes

Full architecture mapping:
  DRAM: P:540, Q:12, Y6:540, X6:12, Y5:540, X5:12, Y4:540, X4:12, Y3:540, X3:12, Y2:540, X2:12, Y1:540, X1:12, Y0:540, X0:12
  GlobalBuffer: Q:10, X6:10, X5:10, X4:10, X3:10, X2:10, X1:10, X0:10
  SACols: Q:8
  SARows: S7:3, C7:8
  SACols_6: X6:8
  SARows_6: C6:12, Z6:2
  SACols_5: X5:8
  SARows_5: S5:3, C5:6
  SACols_4: X4:8
  SARows_4: S4:3, C4:6
  SACols_3: X3:8
  SARows_3: S3:3, C3:6
  SACols_2: X2:8
  SARows_2: S2:3, C2:6
  SACols_1: X1:8
  SARows_1: C1:28
  SACols_0: X0:8
  SARows_0: S0:5, C0:3, Z0:2
  WRegister: C7:7, R7:3, C5:2, R5:3, C4:2, R4:3, C3:2, R3:3, C2:2, R2:3, C1:2, R0:5
  IntermediateRegister: Z6:28, Z5:12, Z4:12, Z3:12, Z2:12, Z1:12, Z0:28
  OutRegister: Z7:16
================================================================================

------ loading Accelergy for Eyeriss ------
[Constrained Eyeriss] 8 layers, tile_size=80
  DRAM: {'Q': 12, 'P': 540, 'X0': 12, 'Y0': 540, 'Z0': 1, 'C0': 1, 'R0': 1, 'S0': 1, 'X1': 12, 'Y1': 540, 'Z1': 1, 'C1': 1, 'R1': 1, 'S1': 1, 'X2': 12, 'Y2': 540, 'Z2': 1, 'C2': 1, 'R2': 1, 'S2': 1, 'X3': 12, 'Y3': 540, 'Z3': 1, 'C3': 1, 'R3': 1, 'S3': 1, 'X4': 12, 'Y4': 540, 'Z4': 1, 'C4': 1, 'R4': 1, 'S4': 1, 'X5': 12, 'Y5': 540, 'Z5': 1, 'C5': 1, 'R5': 1, 'S5': 1, 'X6': 12, 'Y6': 540, 'Z6': 1, 'C6': 1, 'R6': 1, 'S6': 1, 'Z7': 1, 'C7': 1, 'R7': 1, 'S7': 1}
  GlobalBuffer: {'Q': 8, 'P': 1, 'X0': 8, 'Y0': 1, 'Z0': 1, 'C0': 1, 'R0': 1, 'S0': 1, 'X1': 8, 'Y1': 1, 'Z1': 1, 'C1': 1, 'R1': 1, 'S1': 1, 'X2': 8, 'Y2': 1, 'Z2': 1, 'C2': 1, 'R2': 1, 'S2': 1, 'X3': 8, 'Y3': 1, 'Z3': 1, 'C3': 1, 'R3': 1, 'S3': 1, 'X4': 8, 'Y4': 1, 'Z4': 1, 'C4': 1, 'R4': 1, 'S4': 1, 'X5': 8, 'Y5': 1, 'Z5': 1, 'C5': 1, 'R5': 1, 'S5': 1, 'X6': 8, 'Y6': 1, 'Z6': 1, 'C6': 1, 'R6': 1, 'S6': 1, 'Z7': 1, 'C7': 1, 'R7': 1, 'S7': 1}
  SACols: {'Q': 10, 'Z7': 1}
  SARows_0: {'S0': 5, 'C0': 3, 'Z0': 2}
  SARows_1: {'S1': 1, 'C1': 28, 'Z1': 1}
  SARows_2: {'S2': 3, 'C2': 6, 'Z2': 1}
  SARows_3: {'S3': 3, 'C3': 6, 'Z3': 1}
  SARows_4: {'S4': 3, 'C4': 6, 'Z4': 1}
  SARows_5: {'S5': 3, 'C5': 6, 'Z5': 1}
  SARows_6: {'S6': 1, 'C6': 12, 'Z6': 2}
  SARows_7: {'S7': 3, 'C7': 8, 'Z7': 1}

================================================================================
MEMORY CONSTRAINT VIOLATION DEBUG - Level: WRegister
================================================================================
Memory footprint: 816 bytes
Memory available: 300 bytes
Overflow: 516 bytes

Full architecture mapping:
  DRAM: P:540, Q:12, Y6:540, X6:12, Y5:540, X5:12, Y4:540, X4:12, Y3:540, X3:12, Y2:540, X2:12, Y1:540, X1:12, Y0:540, X0:12
  GlobalBuffer: Q:8, X6:8, X5:8, X4:8, X3:8, X2:8, X1:8, X0:8
  SACols: Q:10
  SARows: S7:3, C7:8
  SACols_6: X6:10
  SARows_6: C6:12, Z6:2
  SACols_5: X5:10
  SARows_5: S5:3, C5:6
  SACols_4: X4:10
  SARows_4: S4:3, C4:6
  SACols_3: X3:10
  SARows_3: S3:3, C3:6
  SACols_2: X2:10
  SARows_2: S2:3, C2:6
  SACols_1: X1:10
  SARows_1: C1:28
  SACols_0: X0:10
  SARows_0: S0:5, C0:3, Z0:2
  WRegister: C7:7, R7:3, C5:2, R5:3, C4:2, R4:3, C3:2, R3:3, C2:2, R2:3, C1:2, R0:5
  IntermediateRegister: Z6:28, Z5:12, Z4:12, Z3:12, Z2:12, Z1:12, Z0:28
  OutRegister: Z7:16
================================================================================

------ loading Accelergy for Eyeriss ------
[Constrained Eyeriss] 8 layers, tile_size=80
  DRAM: {'Q': 12, 'P': 540, 'X0': 12, 'Y0': 540, 'Z0': 1, 'C0': 1, 'R0': 1, 'S0': 1, 'X1': 12, 'Y1': 540, 'Z1': 1, 'C1': 1, 'R1': 1, 'S1': 1, 'X2': 12, 'Y2': 540, 'Z2': 1, 'C2': 1, 'R2': 1, 'S2': 1, 'X3': 12, 'Y3': 540, 'Z3': 1, 'C3': 1, 'R3': 1, 'S3': 1, 'X4': 12, 'Y4': 540, 'Z4': 1, 'C4': 1, 'R4': 1, 'S4': 1, 'X5': 12, 'Y5': 540, 'Z5': 1, 'C5': 1, 'R5': 1, 'S5': 1, 'X6': 12, 'Y6': 540, 'Z6': 1, 'C6': 1, 'R6': 1, 'S6': 1, 'Z7': 1, 'C7': 1, 'R7': 1, 'S7': 1}
  GlobalBuffer: {'Q': 5, 'P': 1, 'X0': 5, 'Y0': 1, 'Z0': 1, 'C0': 1, 'R0': 1, 'S0': 1, 'X1': 5, 'Y1': 1, 'Z1': 1, 'C1': 1, 'R1': 1, 'S1': 1, 'X2': 5, 'Y2': 1, 'Z2': 1, 'C2': 1, 'R2': 1, 'S2': 1, 'X3': 5, 'Y3': 1, 'Z3': 1, 'C3': 1, 'R3': 1, 'S3': 1, 'X4': 5, 'Y4': 1, 'Z4': 1, 'C4': 1, 'R4': 1, 'S4': 1, 'X5': 5, 'Y5': 1, 'Z5': 1, 'C5': 1, 'R5': 1, 'S5': 1, 'X6': 5, 'Y6': 1, 'Z6': 1, 'C6': 1, 'R6': 1, 'S6': 1, 'Z7': 1, 'C7': 1, 'R7': 1, 'S7': 1}
  SACols: {'Q': 16, 'Z7': 1}
  SARows_0: {'S0': 5, 'C0': 3, 'Z0': 2}
  SARows_1: {'S1': 1, 'C1': 28, 'Z1': 1}
  SARows_2: {'S2': 3, 'C2': 6, 'Z2': 1}
  SARows_3: {'S3': 3, 'C3': 6, 'Z3': 1}
  SARows_4: {'S4': 3, 'C4': 6, 'Z4': 1}
  SARows_5: {'S5': 3, 'C5': 6, 'Z5': 1}
  SARows_6: {'S6': 1, 'C6': 12, 'Z6': 2}
  SARows_7: {'S7': 3, 'C7': 8, 'Z7': 1}

================================================================================
MEMORY CONSTRAINT VIOLATION DEBUG - Level: WRegister
================================================================================
Memory footprint: 816 bytes
Memory available: 300 bytes
Overflow: 516 bytes

Full architecture mapping:
  DRAM: P:540, Q:12, Y6:540, X6:12, Y5:540, X5:12, Y4:540, X4:12, Y3:540, X3:12, Y2:540, X2:12, Y1:540, X1:12, Y0:540, X0:12
  GlobalBuffer: Q:5, X6:5, X5:5, X4:5, X3:5, X2:5, X1:5, X0:5
  SACols: Q:16
  SARows: S7:3, C7:8
  SACols_6: X6:16
  SARows_6: C6:12, Z6:2
  SACols_5: X5:16
  SARows_5: S5:3, C5:6
  SACols_4: X4:16
  SARows_4: S4:3, C4:6
  SACols_3: X3:16
  SARows_3: S3:3, C3:6
  SACols_2: X2:16
  SARows_2: S2:3, C2:6
  SACols_1: X1:16
  SARows_1: C1:28
  SACols_0: X0:16
  SARows_0: S0:5, C0:3, Z0:2
  WRegister: C7:7, R7:3, C5:2, R5:3, C4:2, R4:3, C3:2, R3:3, C2:2, R2:3, C1:2, R0:5
  IntermediateRegister: Z6:28, Z5:12, Z4:12, Z3:12, Z2:12, Z1:12, Z0:28
  OutRegister: Z7:16
================================================================================

------ loading Accelergy for Eyeriss ------
[Constrained Eyeriss] 8 layers, tile_size=80
  DRAM: {'Q': 12, 'P': 540, 'X0': 12, 'Y0': 540, 'Z0': 1, 'C0': 1, 'R0': 1, 'S0': 1, 'X1': 12, 'Y1': 540, 'Z1': 1, 'C1': 1, 'R1': 1, 'S1': 1, 'X2': 12, 'Y2': 540, 'Z2': 1, 'C2': 1, 'R2': 1, 'S2': 1, 'X3': 12, 'Y3': 540, 'Z3': 1, 'C3': 1, 'R3': 1, 'S3': 1, 'X4': 12, 'Y4': 540, 'Z4': 1, 'C4': 1, 'R4': 1, 'S4': 1, 'X5': 12, 'Y5': 540, 'Z5': 1, 'C5': 1, 'R5': 1, 'S5': 1, 'X6': 12, 'Y6': 540, 'Z6': 1, 'C6': 1, 'R6': 1, 'S6': 1, 'Z7': 1, 'C7': 1, 'R7': 1, 'S7': 1}
  GlobalBuffer: {'Q': 4, 'P': 1, 'X0': 4, 'Y0': 1, 'Z0': 1, 'C0': 1, 'R0': 1, 'S0': 1, 'X1': 4, 'Y1': 1, 'Z1': 1, 'C1': 1, 'R1': 1, 'S1': 1, 'X2': 4, 'Y2': 1, 'Z2': 1, 'C2': 1, 'R2': 1, 'S2': 1, 'X3': 4, 'Y3': 1, 'Z3': 1, 'C3': 1, 'R3': 1, 'S3': 1, 'X4': 4, 'Y4': 1, 'Z4': 1, 'C4': 1, 'R4': 1, 'S4': 1, 'X5': 4, 'Y5': 1, 'Z5': 1, 'C5': 1, 'R5': 1, 'S5': 1, 'X6': 4, 'Y6': 1, 'Z6': 1, 'C6': 1, 'R6': 1, 'S6': 1, 'Z7': 1, 'C7': 1, 'R7': 1, 'S7': 1}
  SACols: {'Q': 20, 'Z7': 1}
  SARows_0: {'S0': 5, 'C0': 3, 'Z0': 2}
  SARows_1: {'S1': 1, 'C1': 28, 'Z1': 1}
  SARows_2: {'S2': 3, 'C2': 6, 'Z2': 1}
  SARows_3: {'S3': 3, 'C3': 6, 'Z3': 1}
  SARows_4: {'S4': 3, 'C4': 6, 'Z4': 1}
  SARows_5: {'S5': 3, 'C5': 6, 'Z5': 1}
  SARows_6: {'S6': 1, 'C6': 12, 'Z6': 2}
  SARows_7: {'S7': 3, 'C7': 8, 'Z7': 1}

================================================================================
MEMORY CONSTRAINT VIOLATION DEBUG - Level: WRegister
================================================================================
Memory footprint: 816 bytes
Memory available: 300 bytes
Overflow: 516 bytes

Full architecture mapping:
  DRAM: P:540, Q:12, Y6:540, X6:12, Y5:540, X5:12, Y4:540, X4:12, Y3:540, X3:12, Y2:540, X2:12, Y1:540, X1:12, Y0:540, X0:12
  GlobalBuffer: Q:4, X6:4, X5:4, X4:4, X3:4, X2:4, X1:4, X0:4
  SACols: Q:20
  SARows: S7:3, C7:8
  SACols_6: X6:20
  SARows_6: C6:12, Z6:2
  SACols_5: X5:20
  SARows_5: S5:3, C5:6
  SACols_4: X4:20
  SARows_4: S4:3, C4:6
  SACols_3: X3:20
  SARows_3: S3:3, C3:6
  SACols_2: X2:20
  SARows_2: S2:3, C2:6
  SACols_1: X1:20
  SARows_1: C1:28
  SACols_0: X0:20
  SARows_0: S0:5, C0:3, Z0:2
  WRegister: C7:7, R7:3, C5:2, R5:3, C4:2, R4:3, C3:2, R3:3, C2:2, R2:3, C1:2, R0:5
  IntermediateRegister: Z6:28, Z5:12, Z4:12, Z3:12, Z2:12, Z1:12, Z0:28
  OutRegister: Z7:16
================================================================================

------ loading Accelergy for Eyeriss ------
[Constrained Eyeriss] 8 layers, tile_size=80
  DRAM: {'Q': 12, 'P': 540, 'X0': 12, 'Y0': 540, 'Z0': 1, 'C0': 1, 'R0': 1, 'S0': 1, 'X1': 12, 'Y1': 540, 'Z1': 1, 'C1': 1, 'R1': 1, 'S1': 1, 'X2': 12, 'Y2': 540, 'Z2': 1, 'C2': 1, 'R2': 1, 'S2': 1, 'X3': 12, 'Y3': 540, 'Z3': 1, 'C3': 1, 'R3': 1, 'S3': 1, 'X4': 12, 'Y4': 540, 'Z4': 1, 'C4': 1, 'R4': 1, 'S4': 1, 'X5': 12, 'Y5': 540, 'Z5': 1, 'C5': 1, 'R5': 1, 'S5': 1, 'X6': 12, 'Y6': 540, 'Z6': 1, 'C6': 1, 'R6': 1, 'S6': 1, 'Z7': 1, 'C7': 1, 'R7': 1, 'S7': 1}
  GlobalBuffer: {'Q': 2, 'P': 1, 'X0': 2, 'Y0': 1, 'Z0': 1, 'C0': 1, 'R0': 1, 'S0': 1, 'X1': 2, 'Y1': 1, 'Z1': 1, 'C1': 1, 'R1': 1, 'S1': 1, 'X2': 2, 'Y2': 1, 'Z2': 1, 'C2': 1, 'R2': 1, 'S2': 1, 'X3': 2, 'Y3': 1, 'Z3': 1, 'C3': 1, 'R3': 1, 'S3': 1, 'X4': 2, 'Y4': 1, 'Z4': 1, 'C4': 1, 'R4': 1, 'S4': 1, 'X5': 2, 'Y5': 1, 'Z5': 1, 'C5': 1, 'R5': 1, 'S5': 1, 'X6': 2, 'Y6': 1, 'Z6': 1, 'C6': 1, 'R6': 1, 'S6': 1, 'Z7': 1, 'C7': 1, 'R7': 1, 'S7': 1}
  SACols: {'Q': 40, 'Z7': 1}
  SARows_0: {'S0': 5, 'C0': 3, 'Z0': 2}
  SARows_1: {'S1': 1, 'C1': 28, 'Z1': 1}
  SARows_2: {'S2': 3, 'C2': 6, 'Z2': 1}
  SARows_3: {'S3': 3, 'C3': 6, 'Z3': 1}
  SARows_4: {'S4': 3, 'C4': 6, 'Z4': 1}
  SARows_5: {'S5': 3, 'C5': 6, 'Z5': 1}
  SARows_6: {'S6': 1, 'C6': 12, 'Z6': 2}
  SARows_7: {'S7': 3, 'C7': 8, 'Z7': 1}

================================================================================
MEMORY CONSTRAINT VIOLATION DEBUG - Level: WRegister
================================================================================
Memory footprint: 816 bytes
Memory available: 300 bytes
Overflow: 516 bytes

Full architecture mapping:
  DRAM: P:540, Q:12, Y6:540, X6:12, Y5:540, X5:12, Y4:540, X4:12, Y3:540, X3:12, Y2:540, X2:12, Y1:540, X1:12, Y0:540, X0:12
  GlobalBuffer: Q:2, X6:2, X5:2, X4:2, X3:2, X2:2, X1:2, X0:2
  SACols: Q:40
  SARows: S7:3, C7:8
  SACols_6: X6:40
  SARows_6: C6:12, Z6:2
  SACols_5: X5:40
  SARows_5: S5:3, C5:6
  SACols_4: X4:40
  SARows_4: S4:3, C4:6
  SACols_3: X3:40
  SARows_3: S3:3, C3:6
  SACols_2: X2:40
  SARows_2: S2:3, C2:6
  SACols_1: X1:40
  SARows_1: C1:28
  SACols_0: X0:40
  SARows_0: S0:5, C0:3, Z0:2
  WRegister: C7:7, R7:3, C5:2, R5:3, C4:2, R4:3, C3:2, R3:3, C2:2, R2:3, C1:2, R0:5
  IntermediateRegister: Z6:28, Z5:12, Z4:12, Z3:12, Z2:12, Z1:12, Z0:28
  OutRegister: Z7:16
================================================================================

------ loading Accelergy for Eyeriss ------
[Constrained Eyeriss] 8 layers, tile_size=80
  DRAM: {'Q': 12, 'P': 540, 'X0': 12, 'Y0': 540, 'Z0': 1, 'C0': 1, 'R0': 1, 'S0': 1, 'X1': 12, 'Y1': 540, 'Z1': 1, 'C1': 1, 'R1': 1, 'S1': 1, 'X2': 12, 'Y2': 540, 'Z2': 1, 'C2': 1, 'R2': 1, 'S2': 1, 'X3': 12, 'Y3': 540, 'Z3': 1, 'C3': 1, 'R3': 1, 'S3': 1, 'X4': 12, 'Y4': 540, 'Z4': 1, 'C4': 1, 'R4': 1, 'S4': 1, 'X5': 12, 'Y5': 540, 'Z5': 1, 'C5': 1, 'R5': 1, 'S5': 1, 'X6': 12, 'Y6': 540, 'Z6': 1, 'C6': 1, 'R6': 1, 'S6': 1, 'Z7': 1, 'C7': 1, 'R7': 1, 'S7': 1}
  GlobalBuffer: {'Q': 1, 'P': 1, 'X0': 1, 'Y0': 1, 'Z0': 1, 'C0': 1, 'R0': 1, 'S0': 1, 'X1': 1, 'Y1': 1, 'Z1': 1, 'C1': 1, 'R1': 1, 'S1': 1, 'X2': 1, 'Y2': 1, 'Z2': 1, 'C2': 1, 'R2': 1, 'S2': 1, 'X3': 1, 'Y3': 1, 'Z3': 1, 'C3': 1, 'R3': 1, 'S3': 1, 'X4': 1, 'Y4': 1, 'Z4': 1, 'C4': 1, 'R4': 1, 'S4': 1, 'X5': 1, 'Y5': 1, 'Z5': 1, 'C5': 1, 'R5': 1, 'S5': 1, 'X6': 1, 'Y6': 1, 'Z6': 1, 'C6': 1, 'R6': 1, 'S6': 1, 'Z7': 1, 'C7': 1, 'R7': 1, 'S7': 1}
  SACols: {'Q': 80, 'Z7': 1}
  SARows_0: {'S0': 5, 'C0': 3, 'Z0': 2}
  SARows_1: {'S1': 1, 'C1': 28, 'Z1': 1}
  SARows_2: {'S2': 3, 'C2': 6, 'Z2': 1}
  SARows_3: {'S3': 3, 'C3': 6, 'Z3': 1}
  SARows_4: {'S4': 3, 'C4': 6, 'Z4': 1}
  SARows_5: {'S5': 3, 'C5': 6, 'Z5': 1}
  SARows_6: {'S6': 1, 'C6': 12, 'Z6': 2}
  SARows_7: {'S7': 3, 'C7': 8, 'Z7': 1}

================================================================================
MEMORY CONSTRAINT VIOLATION DEBUG - Level: WRegister
================================================================================
Memory footprint: 816 bytes
Memory available: 300 bytes
Overflow: 516 bytes

Full architecture mapping:
  DRAM: P:540, Q:12, Y6:540, X6:12, Y5:540, X5:12, Y4:540, X4:12, Y3:540, X3:12, Y2:540, X2:12, Y1:540, X1:12, Y0:540, X0:12
  SACols: Q:80
  SARows: S7:3, C7:8
  SACols_6: X6:80
  SARows_6: C6:12, Z6:2
  SACols_5: X5:80
  SARows_5: S5:3, C5:6
  SACols_4: X4:80
  SARows_4: S4:3, C4:6
  SACols_3: X3:80
  SARows_3: S3:3, C3:6
  SACols_2: X2:80
  SARows_2: S2:3, C2:6
  SACols_1: X1:80
  SARows_1: C1:28
  SACols_0: X0:80
  SARows_0: S0:5, C0:3, Z0:2
  WRegister: C7:7, R7:3, C5:2, R5:3, C4:2, R4:3, C3:2, R3:3, C2:2, R2:3, C1:2, R0:5
  IntermediateRegister: Z6:28, Z5:12, Z4:12, Z3:12, Z2:12, Z1:12, Z0:28
  OutRegister: Z7:16
================================================================================

------ loading Accelergy for Eyeriss ------
[Constrained Eyeriss] 8 layers, tile_size=80
  DRAM: {'Q': 12, 'P': 540, 'X0': 12, 'Y0': 540, 'Z0': 1, 'C0': 1, 'R0': 1, 'S0': 1, 'X1': 12, 'Y1': 540, 'Z1': 1, 'C1': 1, 'R1': 1, 'S1': 1, 'X2': 12, 'Y2': 540, 'Z2': 1, 'C2': 1, 'R2': 1, 'S2': 1, 'X3': 12, 'Y3': 540, 'Z3': 1, 'C3': 1, 'R3': 1, 'S3': 1, 'X4': 12, 'Y4': 540, 'Z4': 1, 'C4': 1, 'R4': 1, 'S4': 1, 'X5': 12, 'Y5': 540, 'Z5': 1, 'C5': 1, 'R5': 1, 'S5': 1, 'X6': 12, 'Y6': 540, 'Z6': 1, 'C6': 1, 'R6': 1, 'S6': 1, 'Z7': 1, 'C7': 1, 'R7': 1, 'S7': 1}
  GlobalBuffer: {'Q': 1, 'P': 1, 'X0': 1, 'Y0': 1, 'Z0': 1, 'C0': 1, 'R0': 1, 'S0': 1, 'X1': 1, 'Y1': 1, 'Z1': 1, 'C1': 1, 'R1': 1, 'S1': 1, 'X2': 1, 'Y2': 1, 'Z2': 1, 'C2': 1, 'R2': 1, 'S2': 1, 'X3': 1, 'Y3': 1, 'Z3': 1, 'C3': 1, 'R3': 1, 'S3': 1, 'X4': 1, 'Y4': 1, 'Z4': 1, 'C4': 1, 'R4': 1, 'S4': 1, 'X5': 1, 'Y5': 1, 'Z5': 1, 'C5': 1, 'R5': 1, 'S5': 1, 'X6': 1, 'Y6': 1, 'Z6': 1, 'C6': 1, 'R6': 1, 'S6': 1, 'Z7': 1, 'C7': 1, 'R7': 1, 'S7': 1}
  SACols: {'Q': 80, 'Z7': 1}
  SARows_0: {'S0': 5, 'C0': 3, 'Z0': 2}
  SARows_1: {'S1': 1, 'C1': 28, 'Z1': 1}
  SARows_2: {'S2': 3, 'C2': 6, 'Z2': 1}
  SARows_3: {'S3': 3, 'C3': 6, 'Z3': 1}
  SARows_4: {'S4': 3, 'C4': 6, 'Z4': 1}
  SARows_5: {'S5': 3, 'C5': 6, 'Z5': 1}
  SARows_6: {'S6': 1, 'C6': 12, 'Z6': 2}
  SARows_7: {'S7': 3, 'C7': 8, 'Z7': 1}

================================================================================
MEMORY CONSTRAINT VIOLATION DEBUG - Level: WRegister
================================================================================
Memory footprint: 816 bytes
Memory available: 300 bytes
Overflow: 516 bytes

Full architecture mapping:
  DRAM: P:540, Q:12, Y6:540, X6:12, Y5:540, X5:12, Y4:540, X4:12, Y3:540, X3:12, Y2:540, X2:12, Y1:540, X1:12, Y0:540, X0:12
  SACols: Q:80
  SARows: S7:3, C7:8
  SACols_6: X6:80
  SARows_6: C6:12, Z6:2
  SACols_5: X5:80
  SARows_5: S5:3, C5:6
  SACols_4: X4:80
  SARows_4: S4:3, C4:6
  SACols_3: X3:80
  SARows_3: S3:3, C3:6
  SACols_2: X2:80
  SARows_2: S2:3, C2:6
  SACols_1: X1:80
  SARows_1: C1:28
  SACols_0: X0:80
  SARows_0: S0:5, C0:3, Z0:2
  WRegister: C7:7, R7:3, C5:2, R5:3, C4:2, R4:3, C3:2, R3:3, C2:2, R2:3, C1:2, R0:5
  IntermediateRegister: Z6:28, Z5:12, Z4:12, Z3:12, Z2:12, Z1:12, Z0:28
  OutRegister: Z7:16
================================================================================

------ loading Accelergy for Eyeriss ------
[Constrained Eyeriss] 8 layers, tile_size=80
  DRAM: {'Q': 12, 'P': 540, 'X0': 12, 'Y0': 540, 'Z0': 1, 'C0': 1, 'R0': 1, 'S0': 1, 'X1': 12, 'Y1': 540, 'Z1': 1, 'C1': 1, 'R1': 1, 'S1': 1, 'X2': 12, 'Y2': 540, 'Z2': 1, 'C2': 1, 'R2': 1, 'S2': 1, 'X3': 12, 'Y3': 540, 'Z3': 1, 'C3': 1, 'R3': 1, 'S3': 1, 'X4': 12, 'Y4': 540, 'Z4': 1, 'C4': 1, 'R4': 1, 'S4': 1, 'X5': 12, 'Y5': 540, 'Z5': 1, 'C5': 1, 'R5': 1, 'S5': 1, 'X6': 12, 'Y6': 540, 'Z6': 1, 'C6': 1, 'R6': 1, 'S6': 1, 'Z7': 1, 'C7': 1, 'R7': 1, 'S7': 1}
  GlobalBuffer: {'Q': 1, 'P': 1, 'X0': 1, 'Y0': 1, 'Z0': 1, 'C0': 1, 'R0': 1, 'S0': 1, 'X1': 1, 'Y1': 1, 'Z1': 1, 'C1': 1, 'R1': 1, 'S1': 1, 'X2': 1, 'Y2': 1, 'Z2': 1, 'C2': 1, 'R2': 1, 'S2': 1, 'X3': 1, 'Y3': 1, 'Z3': 1, 'C3': 1, 'R3': 1, 'S3': 1, 'X4': 1, 'Y4': 1, 'Z4': 1, 'C4': 1, 'R4': 1, 'S4': 1, 'X5': 1, 'Y5': 1, 'Z5': 1, 'C5': 1, 'R5': 1, 'S5': 1, 'X6': 1, 'Y6': 1, 'Z6': 1, 'C6': 1, 'R6': 1, 'S6': 1, 'Z7': 1, 'C7': 1, 'R7': 1, 'S7': 1}
  SACols: {'Q': 80, 'Z7': 2}
  SARows_0: {'S0': 5, 'C0': 3, 'Z0': 2}
  SARows_1: {'S1': 1, 'C1': 28, 'Z1': 1}
  SARows_2: {'S2': 3, 'C2': 6, 'Z2': 1}
  SARows_3: {'S3': 3, 'C3': 6, 'Z3': 1}
  SARows_4: {'S4': 3, 'C4': 6, 'Z4': 1}
  SARows_5: {'S5': 3, 'C5': 6, 'Z5': 1}
  SARows_6: {'S6': 1, 'C6': 12, 'Z6': 2}
  SARows_7: {'S7': 3, 'C7': 8, 'Z7': 1}

================================================================================
MEMORY CONSTRAINT VIOLATION DEBUG - Level: WRegister
================================================================================
Memory footprint: 356 bytes
Memory available: 300 bytes
Overflow: 56 bytes

Full architecture mapping:
  DRAM: P:540, Q:12, Y6:540, X6:12, Y5:540, X5:12, Y4:540, X4:12, Y3:540, X3:12, Y2:540, X2:12, Y1:540, X1:12, Y0:540, X0:12
  SACols: Q:80, Z7:2
  SARows: S7:3, C7:8
  SACols_6: X6:80, Z6:2
  SARows_6: C6:12, Z6:2
  SACols_5: X5:80, Z5:3
  SARows_5: S5:3, C5:6
  SACols_4: X4:80, Z4:3
  SARows_4: S4:3, C4:6
  SACols_3: X3:80, Z3:3
  SARows_3: S3:3, C3:6
  SACols_2: X2:80, Z2:3
  SARows_2: S2:3, C2:6
  SACols_1: X1:80, Z1:3
  SARows_1: C1:28
  SACols_0: X0:80, Z0:2
  SARows_0: S0:5, C0:3, Z0:2
  WRegister: C7:7, R7:3, C5:2, R5:3, C4:2, R4:3, C3:2, R3:3, C2:2, R2:3, C1:2, R0:5
  IntermediateRegister: Z6:14, Z5:4, Z4:4, Z3:4, Z2:4, Z1:4, Z0:14
  OutRegister: Z7:8
================================================================================

------ loading Accelergy for Eyeriss ------
[Constrained Eyeriss] 8 layers, tile_size=80
  DRAM: {'Q': 12, 'P': 540, 'X0': 12, 'Y0': 540, 'Z0': 1, 'C0': 1, 'R0': 1, 'S0': 1, 'X1': 12, 'Y1': 540, 'Z1': 1, 'C1': 1, 'R1': 1, 'S1': 1, 'X2': 12, 'Y2': 540, 'Z2': 1, 'C2': 1, 'R2': 1, 'S2': 1, 'X3': 12, 'Y3': 540, 'Z3': 1, 'C3': 1, 'R3': 1, 'S3': 1, 'X4': 12, 'Y4': 540, 'Z4': 1, 'C4': 1, 'R4': 1, 'S4': 1, 'X5': 12, 'Y5': 540, 'Z5': 1, 'C5': 1, 'R5': 1, 'S5': 1, 'X6': 12, 'Y6': 540, 'Z6': 1, 'C6': 1, 'R6': 1, 'S6': 1, 'Z7': 1, 'C7': 1, 'R7': 1, 'S7': 1}
  GlobalBuffer: {'Q': 1, 'P': 1, 'X0': 1, 'Y0': 1, 'Z0': 1, 'C0': 1, 'R0': 1, 'S0': 1, 'X1': 1, 'Y1': 1, 'Z1': 1, 'C1': 1, 'R1': 1, 'S1': 1, 'X2': 1, 'Y2': 1, 'Z2': 1, 'C2': 1, 'R2': 1, 'S2': 1, 'X3': 1, 'Y3': 1, 'Z3': 1, 'C3': 1, 'R3': 1, 'S3': 1, 'X4': 1, 'Y4': 1, 'Z4': 1, 'C4': 1, 'R4': 1, 'S4': 1, 'X5': 1, 'Y5': 1, 'Z5': 1, 'C5': 1, 'R5': 1, 'S5': 1, 'X6': 1, 'Y6': 1, 'Z6': 1, 'C6': 1, 'R6': 1, 'S6': 1, 'Z7': 1, 'C7': 1, 'R7': 1, 'S7': 1}
  SACols: {'Q': 80, 'Z7': 4}
  SARows_0: {'S0': 5, 'C0': 3, 'Z0': 2}
  SARows_1: {'S1': 1, 'C1': 28, 'Z1': 1}
  SARows_2: {'S2': 3, 'C2': 6, 'Z2': 1}
  SARows_3: {'S3': 3, 'C3': 6, 'Z3': 1}
  SARows_4: {'S4': 3, 'C4': 6, 'Z4': 1}
  SARows_5: {'S5': 3, 'C5': 6, 'Z5': 1}
  SARows_6: {'S6': 1, 'C6': 12, 'Z6': 2}
  SARows_7: {'S7': 3, 'C7': 8, 'Z7': 1}
------ loading Accelergy for Eyeriss ------
[Constrained Eyeriss] 8 layers, tile_size=80
  DRAM: {'Q': 12, 'P': 540, 'X0': 12, 'Y0': 540, 'Z0': 1, 'C0': 1, 'R0': 1, 'S0': 1, 'X1': 12, 'Y1': 540, 'Z1': 1, 'C1': 1, 'R1': 1, 'S1': 1, 'X2': 12, 'Y2': 540, 'Z2': 1, 'C2': 1, 'R2': 1, 'S2': 1, 'X3': 12, 'Y3': 540, 'Z3': 1, 'C3': 1, 'R3': 1, 'S3': 1, 'X4': 12, 'Y4': 540, 'Z4': 1, 'C4': 1, 'R4': 1, 'S4': 1, 'X5': 12, 'Y5': 540, 'Z5': 1, 'C5': 1, 'R5': 1, 'S5': 1, 'X6': 12, 'Y6': 540, 'Z6': 1, 'C6': 1, 'R6': 1, 'S6': 1, 'Z7': 1, 'C7': 1, 'R7': 1, 'S7': 1}
  GlobalBuffer: {'Q': 1, 'P': 1, 'X0': 1, 'Y0': 1, 'Z0': 1, 'C0': 1, 'R0': 1, 'S0': 1, 'X1': 1, 'Y1': 1, 'Z1': 1, 'C1': 1, 'R1': 1, 'S1': 1, 'X2': 1, 'Y2': 1, 'Z2': 1, 'C2': 1, 'R2': 1, 'S2': 1, 'X3': 1, 'Y3': 1, 'Z3': 1, 'C3': 1, 'R3': 1, 'S3': 1, 'X4': 1, 'Y4': 1, 'Z4': 1, 'C4': 1, 'R4': 1, 'S4': 1, 'X5': 1, 'Y5': 1, 'Z5': 1, 'C5': 1, 'R5': 1, 'S5': 1, 'X6': 1, 'Y6': 1, 'Z6': 1, 'C6': 1, 'R6': 1, 'S6': 1, 'Z7': 1, 'C7': 1, 'R7': 1, 'S7': 1}
  SACols: {'Q': 80, 'Z7': 4}
  SARows_0: {'S0': 5, 'C0': 3, 'Z0': 2}
  SARows_1: {'S1': 1, 'C1': 28, 'Z1': 1}
  SARows_2: {'S2': 3, 'C2': 6, 'Z2': 1}
  SARows_3: {'S3': 3, 'C3': 6, 'Z3': 1}
  SARows_4: {'S4': 3, 'C4': 6, 'Z4': 1}
  SARows_5: {'S5': 3, 'C5': 6, 'Z5': 1}
  SARows_6: {'S6': 1, 'C6': 12, 'Z6': 2}
  SARows_7: {'S7': 3, 'C7': 8, 'Z7': 1}
------ loading Accelergy for Eyeriss ------
[Constrained Eyeriss] 8 layers, tile_size=80
  DRAM: {'Q': 12, 'P': 540, 'X0': 12, 'Y0': 540, 'Z0': 1, 'C0': 1, 'R0': 1, 'S0': 1, 'X1': 12, 'Y1': 540, 'Z1': 1, 'C1': 1, 'R1': 1, 'S1': 1, 'X2': 12, 'Y2': 540, 'Z2': 1, 'C2': 1, 'R2': 1, 'S2': 1, 'X3': 12, 'Y3': 540, 'Z3': 1, 'C3': 1, 'R3': 1, 'S3': 1, 'X4': 12, 'Y4': 540, 'Z4': 1, 'C4': 1, 'R4': 1, 'S4': 1, 'X5': 12, 'Y5': 540, 'Z5': 1, 'C5': 1, 'R5': 1, 'S5': 1, 'X6': 12, 'Y6': 540, 'Z6': 1, 'C6': 1, 'R6': 1, 'S6': 1, 'Z7': 1, 'C7': 1, 'R7': 1, 'S7': 1}
  GlobalBuffer: {'Q': 20, 'P': 1, 'X0': 20, 'Y0': 1, 'Z0': 1, 'C0': 1, 'R0': 1, 'S0': 1, 'X1': 20, 'Y1': 1, 'Z1': 1, 'C1': 1, 'R1': 1, 'S1': 1, 'X2': 20, 'Y2': 1, 'Z2': 1, 'C2': 1, 'R2': 1, 'S2': 1, 'X3': 20, 'Y3': 1, 'Z3': 1, 'C3': 1, 'R3': 1, 'S3': 1, 'X4': 20, 'Y4': 1, 'Z4': 1, 'C4': 1, 'R4': 1, 'S4': 1, 'X5': 20, 'Y5': 1, 'Z5': 1, 'C5': 1, 'R5': 1, 'S5': 1, 'X6': 20, 'Y6': 1, 'Z6': 1, 'C6': 1, 'R6': 1, 'S6': 1, 'Z7': 1, 'C7': 1, 'R7': 1, 'S7': 1}
  SACols: {'Q': 4, 'Z7': 1}
  SARows_0: {'S0': 5, 'C0': 3, 'Z0': 4}
  SARows_1: {'S1': 1, 'C1': 56, 'Z1': 1}
  SARows_2: {'S2': 3, 'C2': 12, 'Z2': 1}
  SARows_3: {'S3': 3, 'C3': 12, 'Z3': 1}
  SARows_4: {'S4': 3, 'C4': 12, 'Z4': 1}
  SARows_5: {'S5': 3, 'C5': 12, 'Z5': 1}
  SARows_6: {'S6': 1, 'C6': 12, 'Z6': 4}
  SARows_7: {'S7': 3, 'C7': 14, 'Z7': 1}

================================================================================
MEMORY CONSTRAINT VIOLATION DEBUG - Level: WRegister
================================================================================
Memory footprint: 432 bytes
Memory available: 300 bytes
Overflow: 132 bytes

Full architecture mapping:
  DRAM: P:540, Q:12, Y6:540, X6:12, Y5:540, X5:12, Y4:540, X4:12, Y3:540, X3:12, Y2:540, X2:12, Y1:540, X1:12, Y0:540, X0:12
  GlobalBuffer: Q:20, X6:20, X5:20, X4:20, X3:20, X2:20, X1:20, X0:20
  SACols: Q:4
  SARows: S7:3, C7:14
  SACols_6: X6:4
  SARows_6: C6:12, Z6:4
  SACols_5: X5:4
  SARows_5: S5:3, C5:12
  SACols_4: X4:4
  SARows_4: S4:3, C4:12
  SACols_3: X3:4
  SARows_3: S3:3, C3:12
  SACols_2: X2:4
  SARows_2: S2:3, C2:12
  SACols_1: X1:4
  SARows_1: C1:56
  SACols_0: X0:4
  SARows_0: S0:5, C0:3, Z0:4
  WRegister: C7:4, R7:3, R5:3, R4:3, R3:3, R2:3, R0:5
  IntermediateRegister: Z6:14, Z5:12, Z4:12, Z3:12, Z2:12, Z1:12, Z0:14
  OutRegister: Z7:16
================================================================================

------ loading Accelergy for Eyeriss ------
[Constrained Eyeriss] 8 layers, tile_size=80
  DRAM: {'Q': 12, 'P': 540, 'X0': 12, 'Y0': 540, 'Z0': 1, 'C0': 1, 'R0': 1, 'S0': 1, 'X1': 12, 'Y1': 540, 'Z1': 1, 'C1': 1, 'R1': 1, 'S1': 1, 'X2': 12, 'Y2': 540, 'Z2': 1, 'C2': 1, 'R2': 1, 'S2': 1, 'X3': 12, 'Y3': 540, 'Z3': 1, 'C3': 1, 'R3': 1, 'S3': 1, 'X4': 12, 'Y4': 540, 'Z4': 1, 'C4': 1, 'R4': 1, 'S4': 1, 'X5': 12, 'Y5': 540, 'Z5': 1, 'C5': 1, 'R5': 1, 'S5': 1, 'X6': 12, 'Y6': 540, 'Z6': 1, 'C6': 1, 'R6': 1, 'S6': 1, 'Z7': 1, 'C7': 1, 'R7': 1, 'S7': 1}
  GlobalBuffer: {'Q': 10, 'P': 1, 'X0': 10, 'Y0': 1, 'Z0': 1, 'C0': 1, 'R0': 1, 'S0': 1, 'X1': 10, 'Y1': 1, 'Z1': 1, 'C1': 1, 'R1': 1, 'S1': 1, 'X2': 10, 'Y2': 1, 'Z2': 1, 'C2': 1, 'R2': 1, 'S2': 1, 'X3': 10, 'Y3': 1, 'Z3': 1, 'C3': 1, 'R3': 1, 'S3': 1, 'X4': 10, 'Y4': 1, 'Z4': 1, 'C4': 1, 'R4': 1, 'S4': 1, 'X5': 10, 'Y5': 1, 'Z5': 1, 'C5': 1, 'R5': 1, 'S5': 1, 'X6': 10, 'Y6': 1, 'Z6': 1, 'C6': 1, 'R6': 1, 'S6': 1, 'Z7': 1, 'C7': 1, 'R7': 1, 'S7': 1}
  SACols: {'Q': 8, 'Z7': 1}
  SARows_0: {'S0': 5, 'C0': 3, 'Z0': 4}
  SARows_1: {'S1': 1, 'C1': 56, 'Z1': 1}
  SARows_2: {'S2': 3, 'C2': 12, 'Z2': 1}
  SARows_3: {'S3': 3, 'C3': 12, 'Z3': 1}
  SARows_4: {'S4': 3, 'C4': 12, 'Z4': 1}
  SARows_5: {'S5': 3, 'C5': 12, 'Z5': 1}
  SARows_6: {'S6': 1, 'C6': 12, 'Z6': 4}
  SARows_7: {'S7': 3, 'C7': 14, 'Z7': 1}

================================================================================
MEMORY CONSTRAINT VIOLATION DEBUG - Level: WRegister
================================================================================
Memory footprint: 432 bytes
Memory available: 300 bytes
Overflow: 132 bytes

Full architecture mapping:
  DRAM: P:540, Q:12, Y6:540, X6:12, Y5:540, X5:12, Y4:540, X4:12, Y3:540, X3:12, Y2:540, X2:12, Y1:540, X1:12, Y0:540, X0:12
  GlobalBuffer: Q:10, X6:10, X5:10, X4:10, X3:10, X2:10, X1:10, X0:10
  SACols: Q:8
  SARows: S7:3, C7:14
  SACols_6: X6:8
  SARows_6: C6:12, Z6:4
  SACols_5: X5:8
  SARows_5: S5:3, C5:12
  SACols_4: X4:8
  SARows_4: S4:3, C4:12
  SACols_3: X3:8
  SARows_3: S3:3, C3:12
  SACols_2: X2:8
  SARows_2: S2:3, C2:12
  SACols_1: X1:8
  SARows_1: C1:56
  SACols_0: X0:8
  SARows_0: S0:5, C0:3, Z0:4
  WRegister: C7:4, R7:3, R5:3, R4:3, R3:3, R2:3, R0:5
  IntermediateRegister: Z6:14, Z5:12, Z4:12, Z3:12, Z2:12, Z1:12, Z0:14
  OutRegister: Z7:16
================================================================================

------ loading Accelergy for Eyeriss ------
[Constrained Eyeriss] 8 layers, tile_size=80
  DRAM: {'Q': 12, 'P': 540, 'X0': 12, 'Y0': 540, 'Z0': 1, 'C0': 1, 'R0': 1, 'S0': 1, 'X1': 12, 'Y1': 540, 'Z1': 1, 'C1': 1, 'R1': 1, 'S1': 1, 'X2': 12, 'Y2': 540, 'Z2': 1, 'C2': 1, 'R2': 1, 'S2': 1, 'X3': 12, 'Y3': 540, 'Z3': 1, 'C3': 1, 'R3': 1, 'S3': 1, 'X4': 12, 'Y4': 540, 'Z4': 1, 'C4': 1, 'R4': 1, 'S4': 1, 'X5': 12, 'Y5': 540, 'Z5': 1, 'C5': 1, 'R5': 1, 'S5': 1, 'X6': 12, 'Y6': 540, 'Z6': 1, 'C6': 1, 'R6': 1, 'S6': 1, 'Z7': 1, 'C7': 1, 'R7': 1, 'S7': 1}
  GlobalBuffer: {'Q': 8, 'P': 1, 'X0': 8, 'Y0': 1, 'Z0': 1, 'C0': 1, 'R0': 1, 'S0': 1, 'X1': 8, 'Y1': 1, 'Z1': 1, 'C1': 1, 'R1': 1, 'S1': 1, 'X2': 8, 'Y2': 1, 'Z2': 1, 'C2': 1, 'R2': 1, 'S2': 1, 'X3': 8, 'Y3': 1, 'Z3': 1, 'C3': 1, 'R3': 1, 'S3': 1, 'X4': 8, 'Y4': 1, 'Z4': 1, 'C4': 1, 'R4': 1, 'S4': 1, 'X5': 8, 'Y5': 1, 'Z5': 1, 'C5': 1, 'R5': 1, 'S5': 1, 'X6': 8, 'Y6': 1, 'Z6': 1, 'C6': 1, 'R6': 1, 'S6': 1, 'Z7': 1, 'C7': 1, 'R7': 1, 'S7': 1}
  SACols: {'Q': 10, 'Z7': 1}
  SARows_0: {'S0': 5, 'C0': 3, 'Z0': 4}
  SARows_1: {'S1': 1, 'C1': 56, 'Z1': 1}
  SARows_2: {'S2': 3, 'C2': 12, 'Z2': 1}
  SARows_3: {'S3': 3, 'C3': 12, 'Z3': 1}
  SARows_4: {'S4': 3, 'C4': 12, 'Z4': 1}
  SARows_5: {'S5': 3, 'C5': 12, 'Z5': 1}
  SARows_6: {'S6': 1, 'C6': 12, 'Z6': 4}
  SARows_7: {'S7': 3, 'C7': 14, 'Z7': 1}

================================================================================
MEMORY CONSTRAINT VIOLATION DEBUG - Level: WRegister
================================================================================
Memory footprint: 432 bytes
Memory available: 300 bytes
Overflow: 132 bytes

Full architecture mapping:
  DRAM: P:540, Q:12, Y6:540, X6:12, Y5:540, X5:12, Y4:540, X4:12, Y3:540, X3:12, Y2:540, X2:12, Y1:540, X1:12, Y0:540, X0:12
  GlobalBuffer: Q:8, X6:8, X5:8, X4:8, X3:8, X2:8, X1:8, X0:8
  SACols: Q:10
  SARows: S7:3, C7:14
  SACols_6: X6:10
  SARows_6: C6:12, Z6:4
  SACols_5: X5:10
  SARows_5: S5:3, C5:12
  SACols_4: X4:10
  SARows_4: S4:3, C4:12
  SACols_3: X3:10
  SARows_3: S3:3, C3:12
  SACols_2: X2:10
  SARows_2: S2:3, C2:12
  SACols_1: X1:10
  SARows_1: C1:56
  SACols_0: X0:10
  SARows_0: S0:5, C0:3, Z0:4
  WRegister: C7:4, R7:3, R5:3, R4:3, R3:3, R2:3, R0:5
  IntermediateRegister: Z6:14, Z5:12, Z4:12, Z3:12, Z2:12, Z1:12, Z0:14
  OutRegister: Z7:16
================================================================================

------ loading Accelergy for Eyeriss ------
[Constrained Eyeriss] 8 layers, tile_size=80
  DRAM: {'Q': 12, 'P': 540, 'X0': 12, 'Y0': 540, 'Z0': 1, 'C0': 1, 'R0': 1, 'S0': 1, 'X1': 12, 'Y1': 540, 'Z1': 1, 'C1': 1, 'R1': 1, 'S1': 1, 'X2': 12, 'Y2': 540, 'Z2': 1, 'C2': 1, 'R2': 1, 'S2': 1, 'X3': 12, 'Y3': 540, 'Z3': 1, 'C3': 1, 'R3': 1, 'S3': 1, 'X4': 12, 'Y4': 540, 'Z4': 1, 'C4': 1, 'R4': 1, 'S4': 1, 'X5': 12, 'Y5': 540, 'Z5': 1, 'C5': 1, 'R5': 1, 'S5': 1, 'X6': 12, 'Y6': 540, 'Z6': 1, 'C6': 1, 'R6': 1, 'S6': 1, 'Z7': 1, 'C7': 1, 'R7': 1, 'S7': 1}
  GlobalBuffer: {'Q': 5, 'P': 1, 'X0': 5, 'Y0': 1, 'Z0': 1, 'C0': 1, 'R0': 1, 'S0': 1, 'X1': 5, 'Y1': 1, 'Z1': 1, 'C1': 1, 'R1': 1, 'S1': 1, 'X2': 5, 'Y2': 1, 'Z2': 1, 'C2': 1, 'R2': 1, 'S2': 1, 'X3': 5, 'Y3': 1, 'Z3': 1, 'C3': 1, 'R3': 1, 'S3': 1, 'X4': 5, 'Y4': 1, 'Z4': 1, 'C4': 1, 'R4': 1, 'S4': 1, 'X5': 5, 'Y5': 1, 'Z5': 1, 'C5': 1, 'R5': 1, 'S5': 1, 'X6': 5, 'Y6': 1, 'Z6': 1, 'C6': 1, 'R6': 1, 'S6': 1, 'Z7': 1, 'C7': 1, 'R7': 1, 'S7': 1}
  SACols: {'Q': 16, 'Z7': 1}
  SARows_0: {'S0': 5, 'C0': 3, 'Z0': 4}
  SARows_1: {'S1': 1, 'C1': 56, 'Z1': 1}
  SARows_2: {'S2': 3, 'C2': 12, 'Z2': 1}
  SARows_3: {'S3': 3, 'C3': 12, 'Z3': 1}
  SARows_4: {'S4': 3, 'C4': 12, 'Z4': 1}
  SARows_5: {'S5': 3, 'C5': 12, 'Z5': 1}
  SARows_6: {'S6': 1, 'C6': 12, 'Z6': 4}
  SARows_7: {'S7': 3, 'C7': 14, 'Z7': 1}

================================================================================
MEMORY CONSTRAINT VIOLATION DEBUG - Level: WRegister
================================================================================
Memory footprint: 432 bytes
Memory available: 300 bytes
Overflow: 132 bytes

Full architecture mapping:
  DRAM: P:540, Q:12, Y6:540, X6:12, Y5:540, X5:12, Y4:540, X4:12, Y3:540, X3:12, Y2:540, X2:12, Y1:540, X1:12, Y0:540, X0:12
  GlobalBuffer: Q:5, X6:5, X5:5, X4:5, X3:5, X2:5, X1:5, X0:5
  SACols: Q:16
  SARows: S7:3, C7:14
  SACols_6: X6:16
  SARows_6: C6:12, Z6:4
  SACols_5: X5:16
  SARows_5: S5:3, C5:12
  SACols_4: X4:16
  SARows_4: S4:3, C4:12
  SACols_3: X3:16
  SARows_3: S3:3, C3:12
  SACols_2: X2:16
  SARows_2: S2:3, C2:12
  SACols_1: X1:16
  SARows_1: C1:56
  SACols_0: X0:16
  SARows_0: S0:5, C0:3, Z0:4
  WRegister: C7:4, R7:3, R5:3, R4:3, R3:3, R2:3, R0:5
  IntermediateRegister: Z6:14, Z5:12, Z4:12, Z3:12, Z2:12, Z1:12, Z0:14
  OutRegister: Z7:16
================================================================================

------ loading Accelergy for Eyeriss ------
[Constrained Eyeriss] 8 layers, tile_size=80
  DRAM: {'Q': 12, 'P': 540, 'X0': 12, 'Y0': 540, 'Z0': 1, 'C0': 1, 'R0': 1, 'S0': 1, 'X1': 12, 'Y1': 540, 'Z1': 1, 'C1': 1, 'R1': 1, 'S1': 1, 'X2': 12, 'Y2': 540, 'Z2': 1, 'C2': 1, 'R2': 1, 'S2': 1, 'X3': 12, 'Y3': 540, 'Z3': 1, 'C3': 1, 'R3': 1, 'S3': 1, 'X4': 12, 'Y4': 540, 'Z4': 1, 'C4': 1, 'R4': 1, 'S4': 1, 'X5': 12, 'Y5': 540, 'Z5': 1, 'C5': 1, 'R5': 1, 'S5': 1, 'X6': 12, 'Y6': 540, 'Z6': 1, 'C6': 1, 'R6': 1, 'S6': 1, 'Z7': 1, 'C7': 1, 'R7': 1, 'S7': 1}
  GlobalBuffer: {'Q': 4, 'P': 1, 'X0': 4, 'Y0': 1, 'Z0': 1, 'C0': 1, 'R0': 1, 'S0': 1, 'X1': 4, 'Y1': 1, 'Z1': 1, 'C1': 1, 'R1': 1, 'S1': 1, 'X2': 4, 'Y2': 1, 'Z2': 1, 'C2': 1, 'R2': 1, 'S2': 1, 'X3': 4, 'Y3': 1, 'Z3': 1, 'C3': 1, 'R3': 1, 'S3': 1, 'X4': 4, 'Y4': 1, 'Z4': 1, 'C4': 1, 'R4': 1, 'S4': 1, 'X5': 4, 'Y5': 1, 'Z5': 1, 'C5': 1, 'R5': 1, 'S5': 1, 'X6': 4, 'Y6': 1, 'Z6': 1, 'C6': 1, 'R6': 1, 'S6': 1, 'Z7': 1, 'C7': 1, 'R7': 1, 'S7': 1}
  SACols: {'Q': 20, 'Z7': 1}
  SARows_0: {'S0': 5, 'C0': 3, 'Z0': 4}
  SARows_1: {'S1': 1, 'C1': 56, 'Z1': 1}
  SARows_2: {'S2': 3, 'C2': 12, 'Z2': 1}
  SARows_3: {'S3': 3, 'C3': 12, 'Z3': 1}
  SARows_4: {'S4': 3, 'C4': 12, 'Z4': 1}
  SARows_5: {'S5': 3, 'C5': 12, 'Z5': 1}
  SARows_6: {'S6': 1, 'C6': 12, 'Z6': 4}
  SARows_7: {'S7': 3, 'C7': 14, 'Z7': 1}

================================================================================
MEMORY CONSTRAINT VIOLATION DEBUG - Level: WRegister
================================================================================
Memory footprint: 432 bytes
Memory available: 300 bytes
Overflow: 132 bytes

Full architecture mapping:
  DRAM: P:540, Q:12, Y6:540, X6:12, Y5:540, X5:12, Y4:540, X4:12, Y3:540, X3:12, Y2:540, X2:12, Y1:540, X1:12, Y0:540, X0:12
  GlobalBuffer: Q:4, X6:4, X5:4, X4:4, X3:4, X2:4, X1:4, X0:4
  SACols: Q:20
  SARows: S7:3, C7:14
  SACols_6: X6:20
  SARows_6: C6:12, Z6:4
  SACols_5: X5:20
  SARows_5: S5:3, C5:12
  SACols_4: X4:20
  SARows_4: S4:3, C4:12
  SACols_3: X3:20
  SARows_3: S3:3, C3:12
  SACols_2: X2:20
  SARows_2: S2:3, C2:12
  SACols_1: X1:20
  SARows_1: C1:56
  SACols_0: X0:20
  SARows_0: S0:5, C0:3, Z0:4
  WRegister: C7:4, R7:3, R5:3, R4:3, R3:3, R2:3, R0:5
  IntermediateRegister: Z6:14, Z5:12, Z4:12, Z3:12, Z2:12, Z1:12, Z0:14
  OutRegister: Z7:16
================================================================================

------ loading Accelergy for Eyeriss ------
[Constrained Eyeriss] 8 layers, tile_size=80
  DRAM: {'Q': 12, 'P': 540, 'X0': 12, 'Y0': 540, 'Z0': 1, 'C0': 1, 'R0': 1, 'S0': 1, 'X1': 12, 'Y1': 540, 'Z1': 1, 'C1': 1, 'R1': 1, 'S1': 1, 'X2': 12, 'Y2': 540, 'Z2': 1, 'C2': 1, 'R2': 1, 'S2': 1, 'X3': 12, 'Y3': 540, 'Z3': 1, 'C3': 1, 'R3': 1, 'S3': 1, 'X4': 12, 'Y4': 540, 'Z4': 1, 'C4': 1, 'R4': 1, 'S4': 1, 'X5': 12, 'Y5': 540, 'Z5': 1, 'C5': 1, 'R5': 1, 'S5': 1, 'X6': 12, 'Y6': 540, 'Z6': 1, 'C6': 1, 'R6': 1, 'S6': 1, 'Z7': 1, 'C7': 1, 'R7': 1, 'S7': 1}
  GlobalBuffer: {'Q': 2, 'P': 1, 'X0': 2, 'Y0': 1, 'Z0': 1, 'C0': 1, 'R0': 1, 'S0': 1, 'X1': 2, 'Y1': 1, 'Z1': 1, 'C1': 1, 'R1': 1, 'S1': 1, 'X2': 2, 'Y2': 1, 'Z2': 1, 'C2': 1, 'R2': 1, 'S2': 1, 'X3': 2, 'Y3': 1, 'Z3': 1, 'C3': 1, 'R3': 1, 'S3': 1, 'X4': 2, 'Y4': 1, 'Z4': 1, 'C4': 1, 'R4': 1, 'S4': 1, 'X5': 2, 'Y5': 1, 'Z5': 1, 'C5': 1, 'R5': 1, 'S5': 1, 'X6': 2, 'Y6': 1, 'Z6': 1, 'C6': 1, 'R6': 1, 'S6': 1, 'Z7': 1, 'C7': 1, 'R7': 1, 'S7': 1}
  SACols: {'Q': 40, 'Z7': 1}
  SARows_0: {'S0': 5, 'C0': 3, 'Z0': 4}
  SARows_1: {'S1': 1, 'C1': 56, 'Z1': 1}
  SARows_2: {'S2': 3, 'C2': 12, 'Z2': 1}
  SARows_3: {'S3': 3, 'C3': 12, 'Z3': 1}
  SARows_4: {'S4': 3, 'C4': 12, 'Z4': 1}
  SARows_5: {'S5': 3, 'C5': 12, 'Z5': 1}
  SARows_6: {'S6': 1, 'C6': 12, 'Z6': 4}
  SARows_7: {'S7': 3, 'C7': 14, 'Z7': 1}

================================================================================
MEMORY CONSTRAINT VIOLATION DEBUG - Level: WRegister
================================================================================
Memory footprint: 432 bytes
Memory available: 300 bytes
Overflow: 132 bytes

Full architecture mapping:
  DRAM: P:540, Q:12, Y6:540, X6:12, Y5:540, X5:12, Y4:540, X4:12, Y3:540, X3:12, Y2:540, X2:12, Y1:540, X1:12, Y0:540, X0:12
  GlobalBuffer: Q:2, X6:2, X5:2, X4:2, X3:2, X2:2, X1:2, X0:2
  SACols: Q:40
  SARows: S7:3, C7:14
  SACols_6: X6:40
  SARows_6: C6:12, Z6:4
  SACols_5: X5:40
  SARows_5: S5:3, C5:12
  SACols_4: X4:40
  SARows_4: S4:3, C4:12
  SACols_3: X3:40
  SARows_3: S3:3, C3:12
  SACols_2: X2:40
  SARows_2: S2:3, C2:12
  SACols_1: X1:40
  SARows_1: C1:56
  SACols_0: X0:40
  SARows_0: S0:5, C0:3, Z0:4
  WRegister: C7:4, R7:3, R5:3, R4:3, R3:3, R2:3, R0:5
  IntermediateRegister: Z6:14, Z5:12, Z4:12, Z3:12, Z2:12, Z1:12, Z0:14
  OutRegister: Z7:16
================================================================================

------ loading Accelergy for Eyeriss ------
[Constrained Eyeriss] 8 layers, tile_size=80
  DRAM: {'Q': 12, 'P': 540, 'X0': 12, 'Y0': 540, 'Z0': 1, 'C0': 1, 'R0': 1, 'S0': 1, 'X1': 12, 'Y1': 540, 'Z1': 1, 'C1': 1, 'R1': 1, 'S1': 1, 'X2': 12, 'Y2': 540, 'Z2': 1, 'C2': 1, 'R2': 1, 'S2': 1, 'X3': 12, 'Y3': 540, 'Z3': 1, 'C3': 1, 'R3': 1, 'S3': 1, 'X4': 12, 'Y4': 540, 'Z4': 1, 'C4': 1, 'R4': 1, 'S4': 1, 'X5': 12, 'Y5': 540, 'Z5': 1, 'C5': 1, 'R5': 1, 'S5': 1, 'X6': 12, 'Y6': 540, 'Z6': 1, 'C6': 1, 'R6': 1, 'S6': 1, 'Z7': 1, 'C7': 1, 'R7': 1, 'S7': 1}
  GlobalBuffer: {'Q': 1, 'P': 1, 'X0': 1, 'Y0': 1, 'Z0': 1, 'C0': 1, 'R0': 1, 'S0': 1, 'X1': 1, 'Y1': 1, 'Z1': 1, 'C1': 1, 'R1': 1, 'S1': 1, 'X2': 1, 'Y2': 1, 'Z2': 1, 'C2': 1, 'R2': 1, 'S2': 1, 'X3': 1, 'Y3': 1, 'Z3': 1, 'C3': 1, 'R3': 1, 'S3': 1, 'X4': 1, 'Y4': 1, 'Z4': 1, 'C4': 1, 'R4': 1, 'S4': 1, 'X5': 1, 'Y5': 1, 'Z5': 1, 'C5': 1, 'R5': 1, 'S5': 1, 'X6': 1, 'Y6': 1, 'Z6': 1, 'C6': 1, 'R6': 1, 'S6': 1, 'Z7': 1, 'C7': 1, 'R7': 1, 'S7': 1}
  SACols: {'Q': 80, 'Z7': 1}
  SARows_0: {'S0': 5, 'C0': 3, 'Z0': 4}
  SARows_1: {'S1': 1, 'C1': 56, 'Z1': 1}
  SARows_2: {'S2': 3, 'C2': 12, 'Z2': 1}
  SARows_3: {'S3': 3, 'C3': 12, 'Z3': 1}
  SARows_4: {'S4': 3, 'C4': 12, 'Z4': 1}
  SARows_5: {'S5': 3, 'C5': 12, 'Z5': 1}
  SARows_6: {'S6': 1, 'C6': 12, 'Z6': 4}
  SARows_7: {'S7': 3, 'C7': 14, 'Z7': 1}

================================================================================
MEMORY CONSTRAINT VIOLATION DEBUG - Level: WRegister
================================================================================
Memory footprint: 432 bytes
Memory available: 300 bytes
Overflow: 132 bytes

Full architecture mapping:
  DRAM: P:540, Q:12, Y6:540, X6:12, Y5:540, X5:12, Y4:540, X4:12, Y3:540, X3:12, Y2:540, X2:12, Y1:540, X1:12, Y0:540, X0:12
  SACols: Q:80
  SARows: S7:3, C7:14
  SACols_6: X6:80
  SARows_6: C6:12, Z6:4
  SACols_5: X5:80
  SARows_5: S5:3, C5:12
  SACols_4: X4:80
  SARows_4: S4:3, C4:12
  SACols_3: X3:80
  SARows_3: S3:3, C3:12
  SACols_2: X2:80
  SARows_2: S2:3, C2:12
  SACols_1: X1:80
  SARows_1: C1:56
  SACols_0: X0:80
  SARows_0: S0:5, C0:3, Z0:4
  WRegister: C7:4, R7:3, R5:3, R4:3, R3:3, R2:3, R0:5
  IntermediateRegister: Z6:14, Z5:12, Z4:12, Z3:12, Z2:12, Z1:12, Z0:14
  OutRegister: Z7:16
================================================================================

------ loading Accelergy for Eyeriss ------
[Constrained Eyeriss] 8 layers, tile_size=80
  DRAM: {'Q': 12, 'P': 540, 'X0': 12, 'Y0': 540, 'Z0': 1, 'C0': 1, 'R0': 1, 'S0': 1, 'X1': 12, 'Y1': 540, 'Z1': 1, 'C1': 1, 'R1': 1, 'S1': 1, 'X2': 12, 'Y2': 540, 'Z2': 1, 'C2': 1, 'R2': 1, 'S2': 1, 'X3': 12, 'Y3': 540, 'Z3': 1, 'C3': 1, 'R3': 1, 'S3': 1, 'X4': 12, 'Y4': 540, 'Z4': 1, 'C4': 1, 'R4': 1, 'S4': 1, 'X5': 12, 'Y5': 540, 'Z5': 1, 'C5': 1, 'R5': 1, 'S5': 1, 'X6': 12, 'Y6': 540, 'Z6': 1, 'C6': 1, 'R6': 1, 'S6': 1, 'Z7': 1, 'C7': 1, 'R7': 1, 'S7': 1}
  GlobalBuffer: {'Q': 1, 'P': 1, 'X0': 1, 'Y0': 1, 'Z0': 1, 'C0': 1, 'R0': 1, 'S0': 1, 'X1': 1, 'Y1': 1, 'Z1': 1, 'C1': 1, 'R1': 1, 'S1': 1, 'X2': 1, 'Y2': 1, 'Z2': 1, 'C2': 1, 'R2': 1, 'S2': 1, 'X3': 1, 'Y3': 1, 'Z3': 1, 'C3': 1, 'R3': 1, 'S3': 1, 'X4': 1, 'Y4': 1, 'Z4': 1, 'C4': 1, 'R4': 1, 'S4': 1, 'X5': 1, 'Y5': 1, 'Z5': 1, 'C5': 1, 'R5': 1, 'S5': 1, 'X6': 1, 'Y6': 1, 'Z6': 1, 'C6': 1, 'R6': 1, 'S6': 1, 'Z7': 1, 'C7': 1, 'R7': 1, 'S7': 1}
  SACols: {'Q': 80, 'Z7': 1}
  SARows_0: {'S0': 5, 'C0': 3, 'Z0': 4}
  SARows_1: {'S1': 1, 'C1': 56, 'Z1': 1}
  SARows_2: {'S2': 3, 'C2': 12, 'Z2': 1}
  SARows_3: {'S3': 3, 'C3': 12, 'Z3': 1}
  SARows_4: {'S4': 3, 'C4': 12, 'Z4': 1}
  SARows_5: {'S5': 3, 'C5': 12, 'Z5': 1}
  SARows_6: {'S6': 1, 'C6': 12, 'Z6': 4}
  SARows_7: {'S7': 3, 'C7': 14, 'Z7': 1}

================================================================================
MEMORY CONSTRAINT VIOLATION DEBUG - Level: WRegister
================================================================================
Memory footprint: 432 bytes
Memory available: 300 bytes
Overflow: 132 bytes

Full architecture mapping:
  DRAM: P:540, Q:12, Y6:540, X6:12, Y5:540, X5:12, Y4:540, X4:12, Y3:540, X3:12, Y2:540, X2:12, Y1:540, X1:12, Y0:540, X0:12
  SACols: Q:80
  SARows: S7:3, C7:14
  SACols_6: X6:80
  SARows_6: C6:12, Z6:4
  SACols_5: X5:80
  SARows_5: S5:3, C5:12
  SACols_4: X4:80
  SARows_4: S4:3, C4:12
  SACols_3: X3:80
  SARows_3: S3:3, C3:12
  SACols_2: X2:80
  SARows_2: S2:3, C2:12
  SACols_1: X1:80
  SARows_1: C1:56
  SACols_0: X0:80
  SARows_0: S0:5, C0:3, Z0:4
  WRegister: C7:4, R7:3, R5:3, R4:3, R3:3, R2:3, R0:5
  IntermediateRegister: Z6:14, Z5:12, Z4:12, Z3:12, Z2:12, Z1:12, Z0:14
  OutRegister: Z7:16
================================================================================

------ loading Accelergy for Eyeriss ------
[Constrained Eyeriss] 8 layers, tile_size=80
  DRAM: {'Q': 12, 'P': 540, 'X0': 12, 'Y0': 540, 'Z0': 1, 'C0': 1, 'R0': 1, 'S0': 1, 'X1': 12, 'Y1': 540, 'Z1': 1, 'C1': 1, 'R1': 1, 'S1': 1, 'X2': 12, 'Y2': 540, 'Z2': 1, 'C2': 1, 'R2': 1, 'S2': 1, 'X3': 12, 'Y3': 540, 'Z3': 1, 'C3': 1, 'R3': 1, 'S3': 1, 'X4': 12, 'Y4': 540, 'Z4': 1, 'C4': 1, 'R4': 1, 'S4': 1, 'X5': 12, 'Y5': 540, 'Z5': 1, 'C5': 1, 'R5': 1, 'S5': 1, 'X6': 12, 'Y6': 540, 'Z6': 1, 'C6': 1, 'R6': 1, 'S6': 1, 'Z7': 1, 'C7': 1, 'R7': 1, 'S7': 1}
  GlobalBuffer: {'Q': 1, 'P': 1, 'X0': 1, 'Y0': 1, 'Z0': 1, 'C0': 1, 'R0': 1, 'S0': 1, 'X1': 1, 'Y1': 1, 'Z1': 1, 'C1': 1, 'R1': 1, 'S1': 1, 'X2': 1, 'Y2': 1, 'Z2': 1, 'C2': 1, 'R2': 1, 'S2': 1, 'X3': 1, 'Y3': 1, 'Z3': 1, 'C3': 1, 'R3': 1, 'S3': 1, 'X4': 1, 'Y4': 1, 'Z4': 1, 'C4': 1, 'R4': 1, 'S4': 1, 'X5': 1, 'Y5': 1, 'Z5': 1, 'C5': 1, 'R5': 1, 'S5': 1, 'X6': 1, 'Y6': 1, 'Z6': 1, 'C6': 1, 'R6': 1, 'S6': 1, 'Z7': 1, 'C7': 1, 'R7': 1, 'S7': 1}
  SACols: {'Q': 80, 'Z7': 2}
  SARows_0: {'S0': 5, 'C0': 3, 'Z0': 4}
  SARows_1: {'S1': 1, 'C1': 56, 'Z1': 1}
  SARows_2: {'S2': 3, 'C2': 12, 'Z2': 1}
  SARows_3: {'S3': 3, 'C3': 12, 'Z3': 1}
  SARows_4: {'S4': 3, 'C4': 12, 'Z4': 1}
  SARows_5: {'S5': 3, 'C5': 12, 'Z5': 1}
  SARows_6: {'S6': 1, 'C6': 12, 'Z6': 4}
  SARows_7: {'S7': 3, 'C7': 14, 'Z7': 1}
------ loading Accelergy for Eyeriss ------
[Constrained Eyeriss] 8 layers, tile_size=80
  DRAM: {'Q': 12, 'P': 540, 'X0': 12, 'Y0': 540, 'Z0': 1, 'C0': 1, 'R0': 1, 'S0': 1, 'X1': 12, 'Y1': 540, 'Z1': 1, 'C1': 1, 'R1': 1, 'S1': 1, 'X2': 12, 'Y2': 540, 'Z2': 1, 'C2': 1, 'R2': 1, 'S2': 1, 'X3': 12, 'Y3': 540, 'Z3': 1, 'C3': 1, 'R3': 1, 'S3': 1, 'X4': 12, 'Y4': 540, 'Z4': 1, 'C4': 1, 'R4': 1, 'S4': 1, 'X5': 12, 'Y5': 540, 'Z5': 1, 'C5': 1, 'R5': 1, 'S5': 1, 'X6': 12, 'Y6': 540, 'Z6': 1, 'C6': 1, 'R6': 1, 'S6': 1, 'Z7': 1, 'C7': 1, 'R7': 1, 'S7': 1}
  GlobalBuffer: {'Q': 20, 'P': 1, 'X0': 20, 'Y0': 1, 'Z0': 1, 'C0': 1, 'R0': 1, 'S0': 1, 'X1': 20, 'Y1': 1, 'Z1': 1, 'C1': 1, 'R1': 1, 'S1': 1, 'X2': 20, 'Y2': 1, 'Z2': 1, 'C2': 1, 'R2': 1, 'S2': 1, 'X3': 20, 'Y3': 1, 'Z3': 1, 'C3': 1, 'R3': 1, 'S3': 1, 'X4': 20, 'Y4': 1, 'Z4': 1, 'C4': 1, 'R4': 1, 'S4': 1, 'X5': 20, 'Y5': 1, 'Z5': 1, 'C5': 1, 'R5': 1, 'S5': 1, 'X6': 20, 'Y6': 1, 'Z6': 1, 'C6': 1, 'R6': 1, 'S6': 1, 'Z7': 1, 'C7': 1, 'R7': 1, 'S7': 1}
  SACols: {'Q': 4, 'Z7': 1}
  SARows_0: {'S0': 5, 'C0': 3, 'Z0': 4}
  SARows_1: {'S1': 1, 'C1': 56, 'Z1': 1}
  SARows_2: {'S2': 3, 'C2': 12, 'Z2': 2}
  SARows_3: {'S3': 3, 'C3': 12, 'Z3': 2}
  SARows_4: {'S4': 3, 'C4': 12, 'Z4': 2}
  SARows_5: {'S5': 3, 'C5': 12, 'Z5': 2}
  SARows_6: {'S6': 1, 'C6': 12, 'Z6': 4}
  SARows_7: {'S7': 3, 'C7': 14, 'Z7': 1}

================================================================================
MEMORY CONSTRAINT VIOLATION DEBUG - Level: WRegister
================================================================================
Memory footprint: 360 bytes
Memory available: 300 bytes
Overflow: 60 bytes

Full architecture mapping:
  DRAM: P:540, Q:12, Y6:540, X6:12, Y5:540, X5:12, Y4:540, X4:12, Y3:540, X3:12, Y2:540, X2:12, Y1:540, X1:12, Y0:540, X0:12
  GlobalBuffer: Q:20, X6:20, X5:20, X4:20, X3:20, X2:20, X1:20, X0:20
  SACols: Q:4
  SARows: S7:3, C7:14
  SACols_6: X6:4
  SARows_6: C6:12, Z6:4
  SACols_5: X5:4
  SARows_5: S5:3, C5:12, Z5:2
  SACols_4: X4:4
  SARows_4: S4:3, C4:12, Z4:2
  SACols_3: X3:4
  SARows_3: S3:3, C3:12, Z3:2
  SACols_2: X2:4
  SARows_2: S2:3, C2:12, Z2:2
  SACols_1: X1:4
  SARows_1: C1:56
  SACols_0: X0:4
  SARows_0: S0:5, C0:3, Z0:4
  WRegister: C7:4, R7:3, R5:3, R4:3, R3:3, R2:3, R0:5
  IntermediateRegister: Z6:14, Z5:6, Z4:6, Z3:6, Z2:6, Z1:12, Z0:14
  OutRegister: Z7:16
================================================================================

------ loading Accelergy for Eyeriss ------
[Constrained Eyeriss] 8 layers, tile_size=80
  DRAM: {'Q': 12, 'P': 540, 'X0': 12, 'Y0': 540, 'Z0': 1, 'C0': 1, 'R0': 1, 'S0': 1, 'X1': 12, 'Y1': 540, 'Z1': 1, 'C1': 1, 'R1': 1, 'S1': 1, 'X2': 12, 'Y2': 540, 'Z2': 1, 'C2': 1, 'R2': 1, 'S2': 1, 'X3': 12, 'Y3': 540, 'Z3': 1, 'C3': 1, 'R3': 1, 'S3': 1, 'X4': 12, 'Y4': 540, 'Z4': 1, 'C4': 1, 'R4': 1, 'S4': 1, 'X5': 12, 'Y5': 540, 'Z5': 1, 'C5': 1, 'R5': 1, 'S5': 1, 'X6': 12, 'Y6': 540, 'Z6': 1, 'C6': 1, 'R6': 1, 'S6': 1, 'Z7': 1, 'C7': 1, 'R7': 1, 'S7': 1}
  GlobalBuffer: {'Q': 10, 'P': 1, 'X0': 10, 'Y0': 1, 'Z0': 1, 'C0': 1, 'R0': 1, 'S0': 1, 'X1': 10, 'Y1': 1, 'Z1': 1, 'C1': 1, 'R1': 1, 'S1': 1, 'X2': 10, 'Y2': 1, 'Z2': 1, 'C2': 1, 'R2': 1, 'S2': 1, 'X3': 10, 'Y3': 1, 'Z3': 1, 'C3': 1, 'R3': 1, 'S3': 1, 'X4': 10, 'Y4': 1, 'Z4': 1, 'C4': 1, 'R4': 1, 'S4': 1, 'X5': 10, 'Y5': 1, 'Z5': 1, 'C5': 1, 'R5': 1, 'S5': 1, 'X6': 10, 'Y6': 1, 'Z6': 1, 'C6': 1, 'R6': 1, 'S6': 1, 'Z7': 1, 'C7': 1, 'R7': 1, 'S7': 1}
  SACols: {'Q': 8, 'Z7': 1}
  SARows_0: {'S0': 5, 'C0': 3, 'Z0': 4}
  SARows_1: {'S1': 1, 'C1': 56, 'Z1': 1}
  SARows_2: {'S2': 3, 'C2': 12, 'Z2': 2}
  SARows_3: {'S3': 3, 'C3': 12, 'Z3': 2}
  SARows_4: {'S4': 3, 'C4': 12, 'Z4': 2}
  SARows_5: {'S5': 3, 'C5': 12, 'Z5': 2}
  SARows_6: {'S6': 1, 'C6': 12, 'Z6': 4}
  SARows_7: {'S7': 3, 'C7': 14, 'Z7': 1}

================================================================================
MEMORY CONSTRAINT VIOLATION DEBUG - Level: WRegister
================================================================================
Memory footprint: 360 bytes
Memory available: 300 bytes
Overflow: 60 bytes

Full architecture mapping:
  DRAM: P:540, Q:12, Y6:540, X6:12, Y5:540, X5:12, Y4:540, X4:12, Y3:540, X3:12, Y2:540, X2:12, Y1:540, X1:12, Y0:540, X0:12
  GlobalBuffer: Q:10, X6:10, X5:10, X4:10, X3:10, X2:10, X1:10, X0:10
  SACols: Q:8
  SARows: S7:3, C7:14
  SACols_6: X6:8
  SARows_6: C6:12, Z6:4
  SACols_5: X5:8
  SARows_5: S5:3, C5:12, Z5:2
  SACols_4: X4:8
  SARows_4: S4:3, C4:12, Z4:2
  SACols_3: X3:8
  SARows_3: S3:3, C3:12, Z3:2
  SACols_2: X2:8
  SARows_2: S2:3, C2:12, Z2:2
  SACols_1: X1:8
  SARows_1: C1:56
  SACols_0: X0:8
  SARows_0: S0:5, C0:3, Z0:4
  WRegister: C7:4, R7:3, R5:3, R4:3, R3:3, R2:3, R0:5
  IntermediateRegister: Z6:14, Z5:6, Z4:6, Z3:6, Z2:6, Z1:12, Z0:14
  OutRegister: Z7:16
================================================================================

------ loading Accelergy for Eyeriss ------
[Constrained Eyeriss] 8 layers, tile_size=80
  DRAM: {'Q': 12, 'P': 540, 'X0': 12, 'Y0': 540, 'Z0': 1, 'C0': 1, 'R0': 1, 'S0': 1, 'X1': 12, 'Y1': 540, 'Z1': 1, 'C1': 1, 'R1': 1, 'S1': 1, 'X2': 12, 'Y2': 540, 'Z2': 1, 'C2': 1, 'R2': 1, 'S2': 1, 'X3': 12, 'Y3': 540, 'Z3': 1, 'C3': 1, 'R3': 1, 'S3': 1, 'X4': 12, 'Y4': 540, 'Z4': 1, 'C4': 1, 'R4': 1, 'S4': 1, 'X5': 12, 'Y5': 540, 'Z5': 1, 'C5': 1, 'R5': 1, 'S5': 1, 'X6': 12, 'Y6': 540, 'Z6': 1, 'C6': 1, 'R6': 1, 'S6': 1, 'Z7': 1, 'C7': 1, 'R7': 1, 'S7': 1}
  GlobalBuffer: {'Q': 8, 'P': 1, 'X0': 8, 'Y0': 1, 'Z0': 1, 'C0': 1, 'R0': 1, 'S0': 1, 'X1': 8, 'Y1': 1, 'Z1': 1, 'C1': 1, 'R1': 1, 'S1': 1, 'X2': 8, 'Y2': 1, 'Z2': 1, 'C2': 1, 'R2': 1, 'S2': 1, 'X3': 8, 'Y3': 1, 'Z3': 1, 'C3': 1, 'R3': 1, 'S3': 1, 'X4': 8, 'Y4': 1, 'Z4': 1, 'C4': 1, 'R4': 1, 'S4': 1, 'X5': 8, 'Y5': 1, 'Z5': 1, 'C5': 1, 'R5': 1, 'S5': 1, 'X6': 8, 'Y6': 1, 'Z6': 1, 'C6': 1, 'R6': 1, 'S6': 1, 'Z7': 1, 'C7': 1, 'R7': 1, 'S7': 1}
  SACols: {'Q': 10, 'Z7': 1}
  SARows_0: {'S0': 5, 'C0': 3, 'Z0': 4}
  SARows_1: {'S1': 1, 'C1': 56, 'Z1': 1}
  SARows_2: {'S2': 3, 'C2': 12, 'Z2': 2}
  SARows_3: {'S3': 3, 'C3': 12, 'Z3': 2}
  SARows_4: {'S4': 3, 'C4': 12, 'Z4': 2}
  SARows_5: {'S5': 3, 'C5': 12, 'Z5': 2}
  SARows_6: {'S6': 1, 'C6': 12, 'Z6': 4}
  SARows_7: {'S7': 3, 'C7': 14, 'Z7': 1}

================================================================================
MEMORY CONSTRAINT VIOLATION DEBUG - Level: WRegister
================================================================================
Memory footprint: 360 bytes
Memory available: 300 bytes
Overflow: 60 bytes

Full architecture mapping:
  DRAM: P:540, Q:12, Y6:540, X6:12, Y5:540, X5:12, Y4:540, X4:12, Y3:540, X3:12, Y2:540, X2:12, Y1:540, X1:12, Y0:540, X0:12
  GlobalBuffer: Q:8, X6:8, X5:8, X4:8, X3:8, X2:8, X1:8, X0:8
  SACols: Q:10
  SARows: S7:3, C7:14
  SACols_6: X6:10
  SARows_6: C6:12, Z6:4
  SACols_5: X5:10
  SARows_5: S5:3, C5:12, Z5:2
  SACols_4: X4:10
  SARows_4: S4:3, C4:12, Z4:2
  SACols_3: X3:10
  SARows_3: S3:3, C3:12, Z3:2
  SACols_2: X2:10
  SARows_2: S2:3, C2:12, Z2:2
  SACols_1: X1:10
  SARows_1: C1:56
  SACols_0: X0:10
  SARows_0: S0:5, C0:3, Z0:4
  WRegister: C7:4, R7:3, R5:3, R4:3, R3:3, R2:3, R0:5
  IntermediateRegister: Z6:14, Z5:6, Z4:6, Z3:6, Z2:6, Z1:12, Z0:14
  OutRegister: Z7:16
================================================================================

------ loading Accelergy for Eyeriss ------
[Constrained Eyeriss] 8 layers, tile_size=80
  DRAM: {'Q': 12, 'P': 540, 'X0': 12, 'Y0': 540, 'Z0': 1, 'C0': 1, 'R0': 1, 'S0': 1, 'X1': 12, 'Y1': 540, 'Z1': 1, 'C1': 1, 'R1': 1, 'S1': 1, 'X2': 12, 'Y2': 540, 'Z2': 1, 'C2': 1, 'R2': 1, 'S2': 1, 'X3': 12, 'Y3': 540, 'Z3': 1, 'C3': 1, 'R3': 1, 'S3': 1, 'X4': 12, 'Y4': 540, 'Z4': 1, 'C4': 1, 'R4': 1, 'S4': 1, 'X5': 12, 'Y5': 540, 'Z5': 1, 'C5': 1, 'R5': 1, 'S5': 1, 'X6': 12, 'Y6': 540, 'Z6': 1, 'C6': 1, 'R6': 1, 'S6': 1, 'Z7': 1, 'C7': 1, 'R7': 1, 'S7': 1}
  GlobalBuffer: {'Q': 5, 'P': 1, 'X0': 5, 'Y0': 1, 'Z0': 1, 'C0': 1, 'R0': 1, 'S0': 1, 'X1': 5, 'Y1': 1, 'Z1': 1, 'C1': 1, 'R1': 1, 'S1': 1, 'X2': 5, 'Y2': 1, 'Z2': 1, 'C2': 1, 'R2': 1, 'S2': 1, 'X3': 5, 'Y3': 1, 'Z3': 1, 'C3': 1, 'R3': 1, 'S3': 1, 'X4': 5, 'Y4': 1, 'Z4': 1, 'C4': 1, 'R4': 1, 'S4': 1, 'X5': 5, 'Y5': 1, 'Z5': 1, 'C5': 1, 'R5': 1, 'S5': 1, 'X6': 5, 'Y6': 1, 'Z6': 1, 'C6': 1, 'R6': 1, 'S6': 1, 'Z7': 1, 'C7': 1, 'R7': 1, 'S7': 1}
  SACols: {'Q': 16, 'Z7': 1}
  SARows_0: {'S0': 5, 'C0': 3, 'Z0': 4}
  SARows_1: {'S1': 1, 'C1': 56, 'Z1': 1}
  SARows_2: {'S2': 3, 'C2': 12, 'Z2': 2}
  SARows_3: {'S3': 3, 'C3': 12, 'Z3': 2}
  SARows_4: {'S4': 3, 'C4': 12, 'Z4': 2}
  SARows_5: {'S5': 3, 'C5': 12, 'Z5': 2}
  SARows_6: {'S6': 1, 'C6': 12, 'Z6': 4}
  SARows_7: {'S7': 3, 'C7': 14, 'Z7': 1}

================================================================================
MEMORY CONSTRAINT VIOLATION DEBUG - Level: WRegister
================================================================================
Memory footprint: 360 bytes
Memory available: 300 bytes
Overflow: 60 bytes

Full architecture mapping:
  DRAM: P:540, Q:12, Y6:540, X6:12, Y5:540, X5:12, Y4:540, X4:12, Y3:540, X3:12, Y2:540, X2:12, Y1:540, X1:12, Y0:540, X0:12
  GlobalBuffer: Q:5, X6:5, X5:5, X4:5, X3:5, X2:5, X1:5, X0:5
  SACols: Q:16
  SARows: S7:3, C7:14
  SACols_6: X6:16
  SARows_6: C6:12, Z6:4
  SACols_5: X5:16
  SARows_5: S5:3, C5:12, Z5:2
  SACols_4: X4:16
  SARows_4: S4:3, C4:12, Z4:2
  SACols_3: X3:16
  SARows_3: S3:3, C3:12, Z3:2
  SACols_2: X2:16
  SARows_2: S2:3, C2:12, Z2:2
  SACols_1: X1:16
  SARows_1: C1:56
  SACols_0: X0:16
  SARows_0: S0:5, C0:3, Z0:4
  WRegister: C7:4, R7:3, R5:3, R4:3, R3:3, R2:3, R0:5
  IntermediateRegister: Z6:14, Z5:6, Z4:6, Z3:6, Z2:6, Z1:12, Z0:14
  OutRegister: Z7:16
================================================================================

------ loading Accelergy for Eyeriss ------
[Constrained Eyeriss] 8 layers, tile_size=80
  DRAM: {'Q': 12, 'P': 540, 'X0': 12, 'Y0': 540, 'Z0': 1, 'C0': 1, 'R0': 1, 'S0': 1, 'X1': 12, 'Y1': 540, 'Z1': 1, 'C1': 1, 'R1': 1, 'S1': 1, 'X2': 12, 'Y2': 540, 'Z2': 1, 'C2': 1, 'R2': 1, 'S2': 1, 'X3': 12, 'Y3': 540, 'Z3': 1, 'C3': 1, 'R3': 1, 'S3': 1, 'X4': 12, 'Y4': 540, 'Z4': 1, 'C4': 1, 'R4': 1, 'S4': 1, 'X5': 12, 'Y5': 540, 'Z5': 1, 'C5': 1, 'R5': 1, 'S5': 1, 'X6': 12, 'Y6': 540, 'Z6': 1, 'C6': 1, 'R6': 1, 'S6': 1, 'Z7': 1, 'C7': 1, 'R7': 1, 'S7': 1}
  GlobalBuffer: {'Q': 4, 'P': 1, 'X0': 4, 'Y0': 1, 'Z0': 1, 'C0': 1, 'R0': 1, 'S0': 1, 'X1': 4, 'Y1': 1, 'Z1': 1, 'C1': 1, 'R1': 1, 'S1': 1, 'X2': 4, 'Y2': 1, 'Z2': 1, 'C2': 1, 'R2': 1, 'S2': 1, 'X3': 4, 'Y3': 1, 'Z3': 1, 'C3': 1, 'R3': 1, 'S3': 1, 'X4': 4, 'Y4': 1, 'Z4': 1, 'C4': 1, 'R4': 1, 'S4': 1, 'X5': 4, 'Y5': 1, 'Z5': 1, 'C5': 1, 'R5': 1, 'S5': 1, 'X6': 4, 'Y6': 1, 'Z6': 1, 'C6': 1, 'R6': 1, 'S6': 1, 'Z7': 1, 'C7': 1, 'R7': 1, 'S7': 1}
  SACols: {'Q': 20, 'Z7': 1}
  SARows_0: {'S0': 5, 'C0': 3, 'Z0': 4}
  SARows_1: {'S1': 1, 'C1': 56, 'Z1': 1}
  SARows_2: {'S2': 3, 'C2': 12, 'Z2': 2}
  SARows_3: {'S3': 3, 'C3': 12, 'Z3': 2}
  SARows_4: {'S4': 3, 'C4': 12, 'Z4': 2}
  SARows_5: {'S5': 3, 'C5': 12, 'Z5': 2}
  SARows_6: {'S6': 1, 'C6': 12, 'Z6': 4}
  SARows_7: {'S7': 3, 'C7': 14, 'Z7': 1}

================================================================================
MEMORY CONSTRAINT VIOLATION DEBUG - Level: WRegister
================================================================================
Memory footprint: 360 bytes
Memory available: 300 bytes
Overflow: 60 bytes

Full architecture mapping:
  DRAM: P:540, Q:12, Y6:540, X6:12, Y5:540, X5:12, Y4:540, X4:12, Y3:540, X3:12, Y2:540, X2:12, Y1:540, X1:12, Y0:540, X0:12
  GlobalBuffer: Q:4, X6:4, X5:4, X4:4, X3:4, X2:4, X1:4, X0:4
  SACols: Q:20
  SARows: S7:3, C7:14
  SACols_6: X6:20
  SARows_6: C6:12, Z6:4
  SACols_5: X5:20
  SARows_5: S5:3, C5:12, Z5:2
  SACols_4: X4:20
  SARows_4: S4:3, C4:12, Z4:2
  SACols_3: X3:20
  SARows_3: S3:3, C3:12, Z3:2
  SACols_2: X2:20
  SARows_2: S2:3, C2:12, Z2:2
  SACols_1: X1:20
  SARows_1: C1:56
  SACols_0: X0:20
  SARows_0: S0:5, C0:3, Z0:4
  WRegister: C7:4, R7:3, R5:3, R4:3, R3:3, R2:3, R0:5
  IntermediateRegister: Z6:14, Z5:6, Z4:6, Z3:6, Z2:6, Z1:12, Z0:14
  OutRegister: Z7:16
================================================================================

------ loading Accelergy for Eyeriss ------
[Constrained Eyeriss] 8 layers, tile_size=80
  DRAM: {'Q': 12, 'P': 540, 'X0': 12, 'Y0': 540, 'Z0': 1, 'C0': 1, 'R0': 1, 'S0': 1, 'X1': 12, 'Y1': 540, 'Z1': 1, 'C1': 1, 'R1': 1, 'S1': 1, 'X2': 12, 'Y2': 540, 'Z2': 1, 'C2': 1, 'R2': 1, 'S2': 1, 'X3': 12, 'Y3': 540, 'Z3': 1, 'C3': 1, 'R3': 1, 'S3': 1, 'X4': 12, 'Y4': 540, 'Z4': 1, 'C4': 1, 'R4': 1, 'S4': 1, 'X5': 12, 'Y5': 540, 'Z5': 1, 'C5': 1, 'R5': 1, 'S5': 1, 'X6': 12, 'Y6': 540, 'Z6': 1, 'C6': 1, 'R6': 1, 'S6': 1, 'Z7': 1, 'C7': 1, 'R7': 1, 'S7': 1}
  GlobalBuffer: {'Q': 2, 'P': 1, 'X0': 2, 'Y0': 1, 'Z0': 1, 'C0': 1, 'R0': 1, 'S0': 1, 'X1': 2, 'Y1': 1, 'Z1': 1, 'C1': 1, 'R1': 1, 'S1': 1, 'X2': 2, 'Y2': 1, 'Z2': 1, 'C2': 1, 'R2': 1, 'S2': 1, 'X3': 2, 'Y3': 1, 'Z3': 1, 'C3': 1, 'R3': 1, 'S3': 1, 'X4': 2, 'Y4': 1, 'Z4': 1, 'C4': 1, 'R4': 1, 'S4': 1, 'X5': 2, 'Y5': 1, 'Z5': 1, 'C5': 1, 'R5': 1, 'S5': 1, 'X6': 2, 'Y6': 1, 'Z6': 1, 'C6': 1, 'R6': 1, 'S6': 1, 'Z7': 1, 'C7': 1, 'R7': 1, 'S7': 1}
  SACols: {'Q': 40, 'Z7': 1}
  SARows_0: {'S0': 5, 'C0': 3, 'Z0': 4}
  SARows_1: {'S1': 1, 'C1': 56, 'Z1': 1}
  SARows_2: {'S2': 3, 'C2': 12, 'Z2': 2}
  SARows_3: {'S3': 3, 'C3': 12, 'Z3': 2}
  SARows_4: {'S4': 3, 'C4': 12, 'Z4': 2}
  SARows_5: {'S5': 3, 'C5': 12, 'Z5': 2}
  SARows_6: {'S6': 1, 'C6': 12, 'Z6': 4}
  SARows_7: {'S7': 3, 'C7': 14, 'Z7': 1}

================================================================================
MEMORY CONSTRAINT VIOLATION DEBUG - Level: WRegister
================================================================================
Memory footprint: 360 bytes
Memory available: 300 bytes
Overflow: 60 bytes

Full architecture mapping:
  DRAM: P:540, Q:12, Y6:540, X6:12, Y5:540, X5:12, Y4:540, X4:12, Y3:540, X3:12, Y2:540, X2:12, Y1:540, X1:12, Y0:540, X0:12
  GlobalBuffer: Q:2, X6:2, X5:2, X4:2, X3:2, X2:2, X1:2, X0:2
  SACols: Q:40
  SARows: S7:3, C7:14
  SACols_6: X6:40
  SARows_6: C6:12, Z6:4
  SACols_5: X5:40
  SARows_5: S5:3, C5:12, Z5:2
  SACols_4: X4:40
  SARows_4: S4:3, C4:12, Z4:2
  SACols_3: X3:40
  SARows_3: S3:3, C3:12, Z3:2
  SACols_2: X2:40
  SARows_2: S2:3, C2:12, Z2:2
  SACols_1: X1:40
  SARows_1: C1:56
  SACols_0: X0:40
  SARows_0: S0:5, C0:3, Z0:4
  WRegister: C7:4, R7:3, R5:3, R4:3, R3:3, R2:3, R0:5
  IntermediateRegister: Z6:14, Z5:6, Z4:6, Z3:6, Z2:6, Z1:12, Z0:14
  OutRegister: Z7:16
================================================================================

------ loading Accelergy for Eyeriss ------
[Constrained Eyeriss] 8 layers, tile_size=80
  DRAM: {'Q': 12, 'P': 540, 'X0': 12, 'Y0': 540, 'Z0': 1, 'C0': 1, 'R0': 1, 'S0': 1, 'X1': 12, 'Y1': 540, 'Z1': 1, 'C1': 1, 'R1': 1, 'S1': 1, 'X2': 12, 'Y2': 540, 'Z2': 1, 'C2': 1, 'R2': 1, 'S2': 1, 'X3': 12, 'Y3': 540, 'Z3': 1, 'C3': 1, 'R3': 1, 'S3': 1, 'X4': 12, 'Y4': 540, 'Z4': 1, 'C4': 1, 'R4': 1, 'S4': 1, 'X5': 12, 'Y5': 540, 'Z5': 1, 'C5': 1, 'R5': 1, 'S5': 1, 'X6': 12, 'Y6': 540, 'Z6': 1, 'C6': 1, 'R6': 1, 'S6': 1, 'Z7': 1, 'C7': 1, 'R7': 1, 'S7': 1}
  GlobalBuffer: {'Q': 1, 'P': 1, 'X0': 1, 'Y0': 1, 'Z0': 1, 'C0': 1, 'R0': 1, 'S0': 1, 'X1': 1, 'Y1': 1, 'Z1': 1, 'C1': 1, 'R1': 1, 'S1': 1, 'X2': 1, 'Y2': 1, 'Z2': 1, 'C2': 1, 'R2': 1, 'S2': 1, 'X3': 1, 'Y3': 1, 'Z3': 1, 'C3': 1, 'R3': 1, 'S3': 1, 'X4': 1, 'Y4': 1, 'Z4': 1, 'C4': 1, 'R4': 1, 'S4': 1, 'X5': 1, 'Y5': 1, 'Z5': 1, 'C5': 1, 'R5': 1, 'S5': 1, 'X6': 1, 'Y6': 1, 'Z6': 1, 'C6': 1, 'R6': 1, 'S6': 1, 'Z7': 1, 'C7': 1, 'R7': 1, 'S7': 1}
  SACols: {'Q': 80, 'Z7': 1}
  SARows_0: {'S0': 5, 'C0': 3, 'Z0': 4}
  SARows_1: {'S1': 1, 'C1': 56, 'Z1': 1}
  SARows_2: {'S2': 3, 'C2': 12, 'Z2': 2}
  SARows_3: {'S3': 3, 'C3': 12, 'Z3': 2}
  SARows_4: {'S4': 3, 'C4': 12, 'Z4': 2}
  SARows_5: {'S5': 3, 'C5': 12, 'Z5': 2}
  SARows_6: {'S6': 1, 'C6': 12, 'Z6': 4}
  SARows_7: {'S7': 3, 'C7': 14, 'Z7': 1}

================================================================================
MEMORY CONSTRAINT VIOLATION DEBUG - Level: WRegister
================================================================================
Memory footprint: 360 bytes
Memory available: 300 bytes
Overflow: 60 bytes

Full architecture mapping:
  DRAM: P:540, Q:12, Y6:540, X6:12, Y5:540, X5:12, Y4:540, X4:12, Y3:540, X3:12, Y2:540, X2:12, Y1:540, X1:12, Y0:540, X0:12
  SACols: Q:80
  SARows: S7:3, C7:14
  SACols_6: X6:80
  SARows_6: C6:12, Z6:4
  SACols_5: X5:80
  SARows_5: S5:3, C5:12, Z5:2
  SACols_4: X4:80
  SARows_4: S4:3, C4:12, Z4:2
  SACols_3: X3:80
  SARows_3: S3:3, C3:12, Z3:2
  SACols_2: X2:80
  SARows_2: S2:3, C2:12, Z2:2
  SACols_1: X1:80
  SARows_1: C1:56
  SACols_0: X0:80
  SARows_0: S0:5, C0:3, Z0:4
  WRegister: C7:4, R7:3, R5:3, R4:3, R3:3, R2:3, R0:5
  IntermediateRegister: Z6:14, Z5:6, Z4:6, Z3:6, Z2:6, Z1:12, Z0:14
  OutRegister: Z7:16
================================================================================

------ loading Accelergy for Eyeriss ------
[Constrained Eyeriss] 8 layers, tile_size=80
  DRAM: {'Q': 12, 'P': 540, 'X0': 12, 'Y0': 540, 'Z0': 1, 'C0': 1, 'R0': 1, 'S0': 1, 'X1': 12, 'Y1': 540, 'Z1': 1, 'C1': 1, 'R1': 1, 'S1': 1, 'X2': 12, 'Y2': 540, 'Z2': 1, 'C2': 1, 'R2': 1, 'S2': 1, 'X3': 12, 'Y3': 540, 'Z3': 1, 'C3': 1, 'R3': 1, 'S3': 1, 'X4': 12, 'Y4': 540, 'Z4': 1, 'C4': 1, 'R4': 1, 'S4': 1, 'X5': 12, 'Y5': 540, 'Z5': 1, 'C5': 1, 'R5': 1, 'S5': 1, 'X6': 12, 'Y6': 540, 'Z6': 1, 'C6': 1, 'R6': 1, 'S6': 1, 'Z7': 1, 'C7': 1, 'R7': 1, 'S7': 1}
  GlobalBuffer: {'Q': 1, 'P': 1, 'X0': 1, 'Y0': 1, 'Z0': 1, 'C0': 1, 'R0': 1, 'S0': 1, 'X1': 1, 'Y1': 1, 'Z1': 1, 'C1': 1, 'R1': 1, 'S1': 1, 'X2': 1, 'Y2': 1, 'Z2': 1, 'C2': 1, 'R2': 1, 'S2': 1, 'X3': 1, 'Y3': 1, 'Z3': 1, 'C3': 1, 'R3': 1, 'S3': 1, 'X4': 1, 'Y4': 1, 'Z4': 1, 'C4': 1, 'R4': 1, 'S4': 1, 'X5': 1, 'Y5': 1, 'Z5': 1, 'C5': 1, 'R5': 1, 'S5': 1, 'X6': 1, 'Y6': 1, 'Z6': 1, 'C6': 1, 'R6': 1, 'S6': 1, 'Z7': 1, 'C7': 1, 'R7': 1, 'S7': 1}
  SACols: {'Q': 80, 'Z7': 1}
  SARows_0: {'S0': 5, 'C0': 3, 'Z0': 4}
  SARows_1: {'S1': 1, 'C1': 56, 'Z1': 1}
  SARows_2: {'S2': 3, 'C2': 12, 'Z2': 2}
  SARows_3: {'S3': 3, 'C3': 12, 'Z3': 2}
  SARows_4: {'S4': 3, 'C4': 12, 'Z4': 2}
  SARows_5: {'S5': 3, 'C5': 12, 'Z5': 2}
  SARows_6: {'S6': 1, 'C6': 12, 'Z6': 4}
  SARows_7: {'S7': 3, 'C7': 14, 'Z7': 1}

================================================================================
MEMORY CONSTRAINT VIOLATION DEBUG - Level: WRegister
================================================================================
Memory footprint: 360 bytes
Memory available: 300 bytes
Overflow: 60 bytes

Full architecture mapping:
  DRAM: P:540, Q:12, Y6:540, X6:12, Y5:540, X5:12, Y4:540, X4:12, Y3:540, X3:12, Y2:540, X2:12, Y1:540, X1:12, Y0:540, X0:12
  SACols: Q:80
  SARows: S7:3, C7:14
  SACols_6: X6:80
  SARows_6: C6:12, Z6:4
  SACols_5: X5:80
  SARows_5: S5:3, C5:12, Z5:2
  SACols_4: X4:80
  SARows_4: S4:3, C4:12, Z4:2
  SACols_3: X3:80
  SARows_3: S3:3, C3:12, Z3:2
  SACols_2: X2:80
  SARows_2: S2:3, C2:12, Z2:2
  SACols_1: X1:80
  SARows_1: C1:56
  SACols_0: X0:80
  SARows_0: S0:5, C0:3, Z0:4
  WRegister: C7:4, R7:3, R5:3, R4:3, R3:3, R2:3, R0:5
  IntermediateRegister: Z6:14, Z5:6, Z4:6, Z3:6, Z2:6, Z1:12, Z0:14
  OutRegister: Z7:16
================================================================================

------ loading Accelergy for Eyeriss ------
[Constrained Eyeriss] 8 layers, tile_size=80
  DRAM: {'Q': 12, 'P': 540, 'X0': 12, 'Y0': 540, 'Z0': 1, 'C0': 1, 'R0': 1, 'S0': 1, 'X1': 12, 'Y1': 540, 'Z1': 1, 'C1': 1, 'R1': 1, 'S1': 1, 'X2': 12, 'Y2': 540, 'Z2': 1, 'C2': 1, 'R2': 1, 'S2': 1, 'X3': 12, 'Y3': 540, 'Z3': 1, 'C3': 1, 'R3': 1, 'S3': 1, 'X4': 12, 'Y4': 540, 'Z4': 1, 'C4': 1, 'R4': 1, 'S4': 1, 'X5': 12, 'Y5': 540, 'Z5': 1, 'C5': 1, 'R5': 1, 'S5': 1, 'X6': 12, 'Y6': 540, 'Z6': 1, 'C6': 1, 'R6': 1, 'S6': 1, 'Z7': 1, 'C7': 1, 'R7': 1, 'S7': 1}
  GlobalBuffer: {'Q': 20, 'P': 1, 'X0': 20, 'Y0': 1, 'Z0': 1, 'C0': 1, 'R0': 1, 'S0': 1, 'X1': 20, 'Y1': 1, 'Z1': 1, 'C1': 1, 'R1': 1, 'S1': 1, 'X2': 20, 'Y2': 1, 'Z2': 1, 'C2': 1, 'R2': 1, 'S2': 1, 'X3': 20, 'Y3': 1, 'Z3': 1, 'C3': 1, 'R3': 1, 'S3': 1, 'X4': 20, 'Y4': 1, 'Z4': 1, 'C4': 1, 'R4': 1, 'S4': 1, 'X5': 20, 'Y5': 1, 'Z5': 1, 'C5': 1, 'R5': 1, 'S5': 1, 'X6': 20, 'Y6': 1, 'Z6': 1, 'C6': 1, 'R6': 1, 'S6': 1, 'Z7': 1, 'C7': 1, 'R7': 1, 'S7': 1}
  SACols: {'Q': 4, 'Z7': 1}
  SARows_0: {'S0': 5, 'C0': 3, 'Z0': 8}
  SARows_1: {'S1': 1, 'C1': 56, 'Z1': 2}
  SARows_2: {'S2': 3, 'C2': 12, 'Z2': 3}
  SARows_3: {'S3': 3, 'C3': 12, 'Z3': 3}
  SARows_4: {'S4': 3, 'C4': 12, 'Z4': 3}
  SARows_5: {'S5': 3, 'C5': 12, 'Z5': 3}
  SARows_6: {'S6': 1, 'C6': 12, 'Z6': 8}
  SARows_7: {'S7': 3, 'C7': 28, 'Z7': 1}
------ loading Accelergy for Eyeriss ------
[Constrained Eyeriss] 8 layers, tile_size=80
  DRAM: {'Q': 12, 'P': 540, 'X0': 12, 'Y0': 540, 'Z0': 1, 'C0': 1, 'R0': 1, 'S0': 1, 'X1': 12, 'Y1': 540, 'Z1': 1, 'C1': 1, 'R1': 1, 'S1': 1, 'X2': 12, 'Y2': 540, 'Z2': 1, 'C2': 1, 'R2': 1, 'S2': 1, 'X3': 12, 'Y3': 540, 'Z3': 1, 'C3': 1, 'R3': 1, 'S3': 1, 'X4': 12, 'Y4': 540, 'Z4': 1, 'C4': 1, 'R4': 1, 'S4': 1, 'X5': 12, 'Y5': 540, 'Z5': 1, 'C5': 1, 'R5': 1, 'S5': 1, 'X6': 12, 'Y6': 540, 'Z6': 1, 'C6': 1, 'R6': 1, 'S6': 1, 'Z7': 1, 'C7': 1, 'R7': 1, 'S7': 1}
  GlobalBuffer: {'Q': 10, 'P': 1, 'X0': 10, 'Y0': 1, 'Z0': 1, 'C0': 1, 'R0': 1, 'S0': 1, 'X1': 10, 'Y1': 1, 'Z1': 1, 'C1': 1, 'R1': 1, 'S1': 1, 'X2': 10, 'Y2': 1, 'Z2': 1, 'C2': 1, 'R2': 1, 'S2': 1, 'X3': 10, 'Y3': 1, 'Z3': 1, 'C3': 1, 'R3': 1, 'S3': 1, 'X4': 10, 'Y4': 1, 'Z4': 1, 'C4': 1, 'R4': 1, 'S4': 1, 'X5': 10, 'Y5': 1, 'Z5': 1, 'C5': 1, 'R5': 1, 'S5': 1, 'X6': 10, 'Y6': 1, 'Z6': 1, 'C6': 1, 'R6': 1, 'S6': 1, 'Z7': 1, 'C7': 1, 'R7': 1, 'S7': 1}
  SACols: {'Q': 8, 'Z7': 1}
  SARows_0: {'S0': 5, 'C0': 3, 'Z0': 8}
  SARows_1: {'S1': 1, 'C1': 56, 'Z1': 2}
  SARows_2: {'S2': 3, 'C2': 12, 'Z2': 3}
  SARows_3: {'S3': 3, 'C3': 12, 'Z3': 3}
  SARows_4: {'S4': 3, 'C4': 12, 'Z4': 3}
  SARows_5: {'S5': 3, 'C5': 12, 'Z5': 3}
  SARows_6: {'S6': 1, 'C6': 12, 'Z6': 8}
  SARows_7: {'S7': 3, 'C7': 28, 'Z7': 1}
------ loading Accelergy for Eyeriss ------
[Constrained Eyeriss] 8 layers, tile_size=80
  DRAM: {'Q': 12, 'P': 540, 'X0': 12, 'Y0': 540, 'Z0': 1, 'C0': 1, 'R0': 1, 'S0': 1, 'X1': 12, 'Y1': 540, 'Z1': 1, 'C1': 1, 'R1': 1, 'S1': 1, 'X2': 12, 'Y2': 540, 'Z2': 1, 'C2': 1, 'R2': 1, 'S2': 1, 'X3': 12, 'Y3': 540, 'Z3': 1, 'C3': 1, 'R3': 1, 'S3': 1, 'X4': 12, 'Y4': 540, 'Z4': 1, 'C4': 1, 'R4': 1, 'S4': 1, 'X5': 12, 'Y5': 540, 'Z5': 1, 'C5': 1, 'R5': 1, 'S5': 1, 'X6': 12, 'Y6': 540, 'Z6': 1, 'C6': 1, 'R6': 1, 'S6': 1, 'Z7': 1, 'C7': 1, 'R7': 1, 'S7': 1}
  GlobalBuffer: {'Q': 8, 'P': 1, 'X0': 8, 'Y0': 1, 'Z0': 1, 'C0': 1, 'R0': 1, 'S0': 1, 'X1': 8, 'Y1': 1, 'Z1': 1, 'C1': 1, 'R1': 1, 'S1': 1, 'X2': 8, 'Y2': 1, 'Z2': 1, 'C2': 1, 'R2': 1, 'S2': 1, 'X3': 8, 'Y3': 1, 'Z3': 1, 'C3': 1, 'R3': 1, 'S3': 1, 'X4': 8, 'Y4': 1, 'Z4': 1, 'C4': 1, 'R4': 1, 'S4': 1, 'X5': 8, 'Y5': 1, 'Z5': 1, 'C5': 1, 'R5': 1, 'S5': 1, 'X6': 8, 'Y6': 1, 'Z6': 1, 'C6': 1, 'R6': 1, 'S6': 1, 'Z7': 1, 'C7': 1, 'R7': 1, 'S7': 1}
  SACols: {'Q': 10, 'Z7': 1}
  SARows_0: {'S0': 5, 'C0': 3, 'Z0': 8}
  SARows_1: {'S1': 1, 'C1': 56, 'Z1': 2}
  SARows_2: {'S2': 3, 'C2': 12, 'Z2': 3}
  SARows_3: {'S3': 3, 'C3': 12, 'Z3': 3}
  SARows_4: {'S4': 3, 'C4': 12, 'Z4': 3}
  SARows_5: {'S5': 3, 'C5': 12, 'Z5': 3}
  SARows_6: {'S6': 1, 'C6': 12, 'Z6': 8}
  SARows_7: {'S7': 3, 'C7': 28, 'Z7': 1}
------ loading Accelergy for Eyeriss ------
[Constrained Eyeriss] 8 layers, tile_size=80
  DRAM: {'Q': 12, 'P': 540, 'X0': 12, 'Y0': 540, 'Z0': 1, 'C0': 1, 'R0': 1, 'S0': 1, 'X1': 12, 'Y1': 540, 'Z1': 1, 'C1': 1, 'R1': 1, 'S1': 1, 'X2': 12, 'Y2': 540, 'Z2': 1, 'C2': 1, 'R2': 1, 'S2': 1, 'X3': 12, 'Y3': 540, 'Z3': 1, 'C3': 1, 'R3': 1, 'S3': 1, 'X4': 12, 'Y4': 540, 'Z4': 1, 'C4': 1, 'R4': 1, 'S4': 1, 'X5': 12, 'Y5': 540, 'Z5': 1, 'C5': 1, 'R5': 1, 'S5': 1, 'X6': 12, 'Y6': 540, 'Z6': 1, 'C6': 1, 'R6': 1, 'S6': 1, 'Z7': 1, 'C7': 1, 'R7': 1, 'S7': 1}
  GlobalBuffer: {'Q': 5, 'P': 1, 'X0': 5, 'Y0': 1, 'Z0': 1, 'C0': 1, 'R0': 1, 'S0': 1, 'X1': 5, 'Y1': 1, 'Z1': 1, 'C1': 1, 'R1': 1, 'S1': 1, 'X2': 5, 'Y2': 1, 'Z2': 1, 'C2': 1, 'R2': 1, 'S2': 1, 'X3': 5, 'Y3': 1, 'Z3': 1, 'C3': 1, 'R3': 1, 'S3': 1, 'X4': 5, 'Y4': 1, 'Z4': 1, 'C4': 1, 'R4': 1, 'S4': 1, 'X5': 5, 'Y5': 1, 'Z5': 1, 'C5': 1, 'R5': 1, 'S5': 1, 'X6': 5, 'Y6': 1, 'Z6': 1, 'C6': 1, 'R6': 1, 'S6': 1, 'Z7': 1, 'C7': 1, 'R7': 1, 'S7': 1}
  SACols: {'Q': 16, 'Z7': 1}
  SARows_0: {'S0': 5, 'C0': 3, 'Z0': 8}
  SARows_1: {'S1': 1, 'C1': 56, 'Z1': 2}
  SARows_2: {'S2': 3, 'C2': 12, 'Z2': 3}
  SARows_3: {'S3': 3, 'C3': 12, 'Z3': 3}
  SARows_4: {'S4': 3, 'C4': 12, 'Z4': 3}
  SARows_5: {'S5': 3, 'C5': 12, 'Z5': 3}
  SARows_6: {'S6': 1, 'C6': 12, 'Z6': 8}
  SARows_7: {'S7': 3, 'C7': 28, 'Z7': 1}
------ loading Accelergy for Eyeriss ------
[Constrained Eyeriss] 8 layers, tile_size=80
  DRAM: {'Q': 12, 'P': 540, 'X0': 12, 'Y0': 540, 'Z0': 1, 'C0': 1, 'R0': 1, 'S0': 1, 'X1': 12, 'Y1': 540, 'Z1': 1, 'C1': 1, 'R1': 1, 'S1': 1, 'X2': 12, 'Y2': 540, 'Z2': 1, 'C2': 1, 'R2': 1, 'S2': 1, 'X3': 12, 'Y3': 540, 'Z3': 1, 'C3': 1, 'R3': 1, 'S3': 1, 'X4': 12, 'Y4': 540, 'Z4': 1, 'C4': 1, 'R4': 1, 'S4': 1, 'X5': 12, 'Y5': 540, 'Z5': 1, 'C5': 1, 'R5': 1, 'S5': 1, 'X6': 12, 'Y6': 540, 'Z6': 1, 'C6': 1, 'R6': 1, 'S6': 1, 'Z7': 1, 'C7': 1, 'R7': 1, 'S7': 1}
  GlobalBuffer: {'Q': 4, 'P': 1, 'X0': 4, 'Y0': 1, 'Z0': 1, 'C0': 1, 'R0': 1, 'S0': 1, 'X1': 4, 'Y1': 1, 'Z1': 1, 'C1': 1, 'R1': 1, 'S1': 1, 'X2': 4, 'Y2': 1, 'Z2': 1, 'C2': 1, 'R2': 1, 'S2': 1, 'X3': 4, 'Y3': 1, 'Z3': 1, 'C3': 1, 'R3': 1, 'S3': 1, 'X4': 4, 'Y4': 1, 'Z4': 1, 'C4': 1, 'R4': 1, 'S4': 1, 'X5': 4, 'Y5': 1, 'Z5': 1, 'C5': 1, 'R5': 1, 'S5': 1, 'X6': 4, 'Y6': 1, 'Z6': 1, 'C6': 1, 'R6': 1, 'S6': 1, 'Z7': 1, 'C7': 1, 'R7': 1, 'S7': 1}
  SACols: {'Q': 20, 'Z7': 1}
  SARows_0: {'S0': 5, 'C0': 3, 'Z0': 8}
  SARows_1: {'S1': 1, 'C1': 56, 'Z1': 2}
  SARows_2: {'S2': 3, 'C2': 12, 'Z2': 3}
  SARows_3: {'S3': 3, 'C3': 12, 'Z3': 3}
  SARows_4: {'S4': 3, 'C4': 12, 'Z4': 3}
  SARows_5: {'S5': 3, 'C5': 12, 'Z5': 3}
  SARows_6: {'S6': 1, 'C6': 12, 'Z6': 8}
  SARows_7: {'S7': 3, 'C7': 28, 'Z7': 1}
------ loading Accelergy for Eyeriss ------
[Constrained Eyeriss] 8 layers, tile_size=80
  DRAM: {'Q': 12, 'P': 540, 'X0': 12, 'Y0': 540, 'Z0': 1, 'C0': 1, 'R0': 1, 'S0': 1, 'X1': 12, 'Y1': 540, 'Z1': 1, 'C1': 1, 'R1': 1, 'S1': 1, 'X2': 12, 'Y2': 540, 'Z2': 1, 'C2': 1, 'R2': 1, 'S2': 1, 'X3': 12, 'Y3': 540, 'Z3': 1, 'C3': 1, 'R3': 1, 'S3': 1, 'X4': 12, 'Y4': 540, 'Z4': 1, 'C4': 1, 'R4': 1, 'S4': 1, 'X5': 12, 'Y5': 540, 'Z5': 1, 'C5': 1, 'R5': 1, 'S5': 1, 'X6': 12, 'Y6': 540, 'Z6': 1, 'C6': 1, 'R6': 1, 'S6': 1, 'Z7': 1, 'C7': 1, 'R7': 1, 'S7': 1}
  GlobalBuffer: {'Q': 2, 'P': 1, 'X0': 2, 'Y0': 1, 'Z0': 1, 'C0': 1, 'R0': 1, 'S0': 1, 'X1': 2, 'Y1': 1, 'Z1': 1, 'C1': 1, 'R1': 1, 'S1': 1, 'X2': 2, 'Y2': 1, 'Z2': 1, 'C2': 1, 'R2': 1, 'S2': 1, 'X3': 2, 'Y3': 1, 'Z3': 1, 'C3': 1, 'R3': 1, 'S3': 1, 'X4': 2, 'Y4': 1, 'Z4': 1, 'C4': 1, 'R4': 1, 'S4': 1, 'X5': 2, 'Y5': 1, 'Z5': 1, 'C5': 1, 'R5': 1, 'S5': 1, 'X6': 2, 'Y6': 1, 'Z6': 1, 'C6': 1, 'R6': 1, 'S6': 1, 'Z7': 1, 'C7': 1, 'R7': 1, 'S7': 1}
  SACols: {'Q': 40, 'Z7': 1}
  SARows_0: {'S0': 5, 'C0': 3, 'Z0': 8}
  SARows_1: {'S1': 1, 'C1': 56, 'Z1': 2}
  SARows_2: {'S2': 3, 'C2': 12, 'Z2': 3}
  SARows_3: {'S3': 3, 'C3': 12, 'Z3': 3}
  SARows_4: {'S4': 3, 'C4': 12, 'Z4': 3}
  SARows_5: {'S5': 3, 'C5': 12, 'Z5': 3}
  SARows_6: {'S6': 1, 'C6': 12, 'Z6': 8}
  SARows_7: {'S7': 3, 'C7': 28, 'Z7': 1}
------ loading Accelergy for Eyeriss ------
[Constrained Eyeriss] 8 layers, tile_size=80
  DRAM: {'Q': 12, 'P': 540, 'X0': 12, 'Y0': 540, 'Z0': 1, 'C0': 1, 'R0': 1, 'S0': 1, 'X1': 12, 'Y1': 540, 'Z1': 1, 'C1': 1, 'R1': 1, 'S1': 1, 'X2': 12, 'Y2': 540, 'Z2': 1, 'C2': 1, 'R2': 1, 'S2': 1, 'X3': 12, 'Y3': 540, 'Z3': 1, 'C3': 1, 'R3': 1, 'S3': 1, 'X4': 12, 'Y4': 540, 'Z4': 1, 'C4': 1, 'R4': 1, 'S4': 1, 'X5': 12, 'Y5': 540, 'Z5': 1, 'C5': 1, 'R5': 1, 'S5': 1, 'X6': 12, 'Y6': 540, 'Z6': 1, 'C6': 1, 'R6': 1, 'S6': 1, 'Z7': 1, 'C7': 1, 'R7': 1, 'S7': 1}
  GlobalBuffer: {'Q': 1, 'P': 1, 'X0': 1, 'Y0': 1, 'Z0': 1, 'C0': 1, 'R0': 1, 'S0': 1, 'X1': 1, 'Y1': 1, 'Z1': 1, 'C1': 1, 'R1': 1, 'S1': 1, 'X2': 1, 'Y2': 1, 'Z2': 1, 'C2': 1, 'R2': 1, 'S2': 1, 'X3': 1, 'Y3': 1, 'Z3': 1, 'C3': 1, 'R3': 1, 'S3': 1, 'X4': 1, 'Y4': 1, 'Z4': 1, 'C4': 1, 'R4': 1, 'S4': 1, 'X5': 1, 'Y5': 1, 'Z5': 1, 'C5': 1, 'R5': 1, 'S5': 1, 'X6': 1, 'Y6': 1, 'Z6': 1, 'C6': 1, 'R6': 1, 'S6': 1, 'Z7': 1, 'C7': 1, 'R7': 1, 'S7': 1}
  SACols: {'Q': 80, 'Z7': 1}
  SARows_0: {'S0': 5, 'C0': 3, 'Z0': 8}
  SARows_1: {'S1': 1, 'C1': 56, 'Z1': 2}
  SARows_2: {'S2': 3, 'C2': 12, 'Z2': 3}
  SARows_3: {'S3': 3, 'C3': 12, 'Z3': 3}
  SARows_4: {'S4': 3, 'C4': 12, 'Z4': 3}
  SARows_5: {'S5': 3, 'C5': 12, 'Z5': 3}
  SARows_6: {'S6': 1, 'C6': 12, 'Z6': 8}
  SARows_7: {'S7': 3, 'C7': 28, 'Z7': 1}
------ loading Accelergy for Eyeriss ------
[Constrained Eyeriss] 8 layers, tile_size=80
  DRAM: {'Q': 12, 'P': 540, 'X0': 12, 'Y0': 540, 'Z0': 1, 'C0': 1, 'R0': 1, 'S0': 1, 'X1': 12, 'Y1': 540, 'Z1': 1, 'C1': 1, 'R1': 1, 'S1': 1, 'X2': 12, 'Y2': 540, 'Z2': 1, 'C2': 1, 'R2': 1, 'S2': 1, 'X3': 12, 'Y3': 540, 'Z3': 1, 'C3': 1, 'R3': 1, 'S3': 1, 'X4': 12, 'Y4': 540, 'Z4': 1, 'C4': 1, 'R4': 1, 'S4': 1, 'X5': 12, 'Y5': 540, 'Z5': 1, 'C5': 1, 'R5': 1, 'S5': 1, 'X6': 12, 'Y6': 540, 'Z6': 1, 'C6': 1, 'R6': 1, 'S6': 1, 'Z7': 1, 'C7': 1, 'R7': 1, 'S7': 1}
  GlobalBuffer: {'Q': 1, 'P': 1, 'X0': 1, 'Y0': 1, 'Z0': 1, 'C0': 1, 'R0': 1, 'S0': 1, 'X1': 1, 'Y1': 1, 'Z1': 1, 'C1': 1, 'R1': 1, 'S1': 1, 'X2': 1, 'Y2': 1, 'Z2': 1, 'C2': 1, 'R2': 1, 'S2': 1, 'X3': 1, 'Y3': 1, 'Z3': 1, 'C3': 1, 'R3': 1, 'S3': 1, 'X4': 1, 'Y4': 1, 'Z4': 1, 'C4': 1, 'R4': 1, 'S4': 1, 'X5': 1, 'Y5': 1, 'Z5': 1, 'C5': 1, 'R5': 1, 'S5': 1, 'X6': 1, 'Y6': 1, 'Z6': 1, 'C6': 1, 'R6': 1, 'S6': 1, 'Z7': 1, 'C7': 1, 'R7': 1, 'S7': 1}
  SACols: {'Q': 80, 'Z7': 1}
  SARows_0: {'S0': 5, 'C0': 3, 'Z0': 8}
  SARows_1: {'S1': 1, 'C1': 56, 'Z1': 2}
  SARows_2: {'S2': 3, 'C2': 12, 'Z2': 3}
  SARows_3: {'S3': 3, 'C3': 12, 'Z3': 3}
  SARows_4: {'S4': 3, 'C4': 12, 'Z4': 3}
  SARows_5: {'S5': 3, 'C5': 12, 'Z5': 3}
  SARows_6: {'S6': 1, 'C6': 12, 'Z6': 8}
  SARows_7: {'S7': 3, 'C7': 28, 'Z7': 1}
------ loading Accelergy for Eyeriss ------
[Constrained Eyeriss] 8 layers, tile_size=80
  DRAM: {'Q': 12, 'P': 540, 'X0': 12, 'Y0': 540, 'Z0': 1, 'C0': 1, 'R0': 1, 'S0': 1, 'X1': 12, 'Y1': 540, 'Z1': 1, 'C1': 1, 'R1': 1, 'S1': 1, 'X2': 12, 'Y2': 540, 'Z2': 1, 'C2': 1, 'R2': 1, 'S2': 1, 'X3': 12, 'Y3': 540, 'Z3': 1, 'C3': 1, 'R3': 1, 'S3': 1, 'X4': 12, 'Y4': 540, 'Z4': 1, 'C4': 1, 'R4': 1, 'S4': 1, 'X5': 12, 'Y5': 540, 'Z5': 1, 'C5': 1, 'R5': 1, 'S5': 1, 'X6': 12, 'Y6': 540, 'Z6': 1, 'C6': 1, 'R6': 1, 'S6': 1, 'Z7': 1, 'C7': 1, 'R7': 1, 'S7': 1}
  GlobalBuffer: {'Q': 20, 'P': 1, 'X0': 20, 'Y0': 1, 'Z0': 1, 'C0': 1, 'R0': 1, 'S0': 1, 'X1': 20, 'Y1': 1, 'Z1': 1, 'C1': 1, 'R1': 1, 'S1': 1, 'X2': 20, 'Y2': 1, 'Z2': 1, 'C2': 1, 'R2': 1, 'S2': 1, 'X3': 20, 'Y3': 1, 'Z3': 1, 'C3': 1, 'R3': 1, 'S3': 1, 'X4': 20, 'Y4': 1, 'Z4': 1, 'C4': 1, 'R4': 1, 'S4': 1, 'X5': 20, 'Y5': 1, 'Z5': 1, 'C5': 1, 'R5': 1, 'S5': 1, 'X6': 20, 'Y6': 1, 'Z6': 1, 'C6': 1, 'R6': 1, 'S6': 1, 'Z7': 1, 'C7': 1, 'R7': 1, 'S7': 1}
  SACols: {'Q': 4, 'Z7': 1}
  SARows_0: {'S0': 5, 'C0': 3, 'Z0': 14}
  SARows_1: {'S1': 1, 'C1': 56, 'Z1': 4}
  SARows_2: {'S2': 3, 'C2': 12, 'Z2': 6}
  SARows_3: {'S3': 3, 'C3': 12, 'Z3': 6}
  SARows_4: {'S4': 3, 'C4': 12, 'Z4': 6}
  SARows_5: {'S5': 3, 'C5': 12, 'Z5': 6}
  SARows_6: {'S6': 1, 'C6': 12, 'Z6': 14}
  SARows_7: {'S7': 3, 'C7': 56, 'Z7': 1}
------ loading Accelergy for Eyeriss ------
[Constrained Eyeriss] 8 layers, tile_size=80
  DRAM: {'Q': 12, 'P': 540, 'X0': 12, 'Y0': 540, 'Z0': 1, 'C0': 1, 'R0': 1, 'S0': 1, 'X1': 12, 'Y1': 540, 'Z1': 1, 'C1': 1, 'R1': 1, 'S1': 1, 'X2': 12, 'Y2': 540, 'Z2': 1, 'C2': 1, 'R2': 1, 'S2': 1, 'X3': 12, 'Y3': 540, 'Z3': 1, 'C3': 1, 'R3': 1, 'S3': 1, 'X4': 12, 'Y4': 540, 'Z4': 1, 'C4': 1, 'R4': 1, 'S4': 1, 'X5': 12, 'Y5': 540, 'Z5': 1, 'C5': 1, 'R5': 1, 'S5': 1, 'X6': 12, 'Y6': 540, 'Z6': 1, 'C6': 1, 'R6': 1, 'S6': 1, 'Z7': 1, 'C7': 1, 'R7': 1, 'S7': 1}
  GlobalBuffer: {'Q': 10, 'P': 1, 'X0': 10, 'Y0': 1, 'Z0': 1, 'C0': 1, 'R0': 1, 'S0': 1, 'X1': 10, 'Y1': 1, 'Z1': 1, 'C1': 1, 'R1': 1, 'S1': 1, 'X2': 10, 'Y2': 1, 'Z2': 1, 'C2': 1, 'R2': 1, 'S2': 1, 'X3': 10, 'Y3': 1, 'Z3': 1, 'C3': 1, 'R3': 1, 'S3': 1, 'X4': 10, 'Y4': 1, 'Z4': 1, 'C4': 1, 'R4': 1, 'S4': 1, 'X5': 10, 'Y5': 1, 'Z5': 1, 'C5': 1, 'R5': 1, 'S5': 1, 'X6': 10, 'Y6': 1, 'Z6': 1, 'C6': 1, 'R6': 1, 'S6': 1, 'Z7': 1, 'C7': 1, 'R7': 1, 'S7': 1}
  SACols: {'Q': 8, 'Z7': 1}
  SARows_0: {'S0': 5, 'C0': 3, 'Z0': 14}
  SARows_1: {'S1': 1, 'C1': 56, 'Z1': 4}
  SARows_2: {'S2': 3, 'C2': 12, 'Z2': 6}
  SARows_3: {'S3': 3, 'C3': 12, 'Z3': 6}
  SARows_4: {'S4': 3, 'C4': 12, 'Z4': 6}
  SARows_5: {'S5': 3, 'C5': 12, 'Z5': 6}
  SARows_6: {'S6': 1, 'C6': 12, 'Z6': 14}
  SARows_7: {'S7': 3, 'C7': 56, 'Z7': 1}
------ loading Accelergy for Eyeriss ------
[Constrained Eyeriss] 8 layers, tile_size=80
  DRAM: {'Q': 12, 'P': 540, 'X0': 12, 'Y0': 540, 'Z0': 1, 'C0': 1, 'R0': 1, 'S0': 1, 'X1': 12, 'Y1': 540, 'Z1': 1, 'C1': 1, 'R1': 1, 'S1': 1, 'X2': 12, 'Y2': 540, 'Z2': 1, 'C2': 1, 'R2': 1, 'S2': 1, 'X3': 12, 'Y3': 540, 'Z3': 1, 'C3': 1, 'R3': 1, 'S3': 1, 'X4': 12, 'Y4': 540, 'Z4': 1, 'C4': 1, 'R4': 1, 'S4': 1, 'X5': 12, 'Y5': 540, 'Z5': 1, 'C5': 1, 'R5': 1, 'S5': 1, 'X6': 12, 'Y6': 540, 'Z6': 1, 'C6': 1, 'R6': 1, 'S6': 1, 'Z7': 1, 'C7': 1, 'R7': 1, 'S7': 1}
  GlobalBuffer: {'Q': 8, 'P': 1, 'X0': 8, 'Y0': 1, 'Z0': 1, 'C0': 1, 'R0': 1, 'S0': 1, 'X1': 8, 'Y1': 1, 'Z1': 1, 'C1': 1, 'R1': 1, 'S1': 1, 'X2': 8, 'Y2': 1, 'Z2': 1, 'C2': 1, 'R2': 1, 'S2': 1, 'X3': 8, 'Y3': 1, 'Z3': 1, 'C3': 1, 'R3': 1, 'S3': 1, 'X4': 8, 'Y4': 1, 'Z4': 1, 'C4': 1, 'R4': 1, 'S4': 1, 'X5': 8, 'Y5': 1, 'Z5': 1, 'C5': 1, 'R5': 1, 'S5': 1, 'X6': 8, 'Y6': 1, 'Z6': 1, 'C6': 1, 'R6': 1, 'S6': 1, 'Z7': 1, 'C7': 1, 'R7': 1, 'S7': 1}
  SACols: {'Q': 10, 'Z7': 1}
  SARows_0: {'S0': 5, 'C0': 3, 'Z0': 14}
  SARows_1: {'S1': 1, 'C1': 56, 'Z1': 4}
  SARows_2: {'S2': 3, 'C2': 12, 'Z2': 6}
  SARows_3: {'S3': 3, 'C3': 12, 'Z3': 6}
  SARows_4: {'S4': 3, 'C4': 12, 'Z4': 6}
  SARows_5: {'S5': 3, 'C5': 12, 'Z5': 6}
  SARows_6: {'S6': 1, 'C6': 12, 'Z6': 14}
  SARows_7: {'S7': 3, 'C7': 56, 'Z7': 1}
------ loading Accelergy for Eyeriss ------
[Constrained Eyeriss] 8 layers, tile_size=80
  DRAM: {'Q': 12, 'P': 540, 'X0': 12, 'Y0': 540, 'Z0': 1, 'C0': 1, 'R0': 1, 'S0': 1, 'X1': 12, 'Y1': 540, 'Z1': 1, 'C1': 1, 'R1': 1, 'S1': 1, 'X2': 12, 'Y2': 540, 'Z2': 1, 'C2': 1, 'R2': 1, 'S2': 1, 'X3': 12, 'Y3': 540, 'Z3': 1, 'C3': 1, 'R3': 1, 'S3': 1, 'X4': 12, 'Y4': 540, 'Z4': 1, 'C4': 1, 'R4': 1, 'S4': 1, 'X5': 12, 'Y5': 540, 'Z5': 1, 'C5': 1, 'R5': 1, 'S5': 1, 'X6': 12, 'Y6': 540, 'Z6': 1, 'C6': 1, 'R6': 1, 'S6': 1, 'Z7': 1, 'C7': 1, 'R7': 1, 'S7': 1}
  GlobalBuffer: {'Q': 5, 'P': 1, 'X0': 5, 'Y0': 1, 'Z0': 1, 'C0': 1, 'R0': 1, 'S0': 1, 'X1': 5, 'Y1': 1, 'Z1': 1, 'C1': 1, 'R1': 1, 'S1': 1, 'X2': 5, 'Y2': 1, 'Z2': 1, 'C2': 1, 'R2': 1, 'S2': 1, 'X3': 5, 'Y3': 1, 'Z3': 1, 'C3': 1, 'R3': 1, 'S3': 1, 'X4': 5, 'Y4': 1, 'Z4': 1, 'C4': 1, 'R4': 1, 'S4': 1, 'X5': 5, 'Y5': 1, 'Z5': 1, 'C5': 1, 'R5': 1, 'S5': 1, 'X6': 5, 'Y6': 1, 'Z6': 1, 'C6': 1, 'R6': 1, 'S6': 1, 'Z7': 1, 'C7': 1, 'R7': 1, 'S7': 1}
  SACols: {'Q': 16, 'Z7': 1}
  SARows_0: {'S0': 5, 'C0': 3, 'Z0': 14}
  SARows_1: {'S1': 1, 'C1': 56, 'Z1': 4}
  SARows_2: {'S2': 3, 'C2': 12, 'Z2': 6}
  SARows_3: {'S3': 3, 'C3': 12, 'Z3': 6}
  SARows_4: {'S4': 3, 'C4': 12, 'Z4': 6}
  SARows_5: {'S5': 3, 'C5': 12, 'Z5': 6}
  SARows_6: {'S6': 1, 'C6': 12, 'Z6': 14}
  SARows_7: {'S7': 3, 'C7': 56, 'Z7': 1}
------ loading Accelergy for Eyeriss ------
[Constrained Eyeriss] 8 layers, tile_size=80
  DRAM: {'Q': 12, 'P': 540, 'X0': 12, 'Y0': 540, 'Z0': 1, 'C0': 1, 'R0': 1, 'S0': 1, 'X1': 12, 'Y1': 540, 'Z1': 1, 'C1': 1, 'R1': 1, 'S1': 1, 'X2': 12, 'Y2': 540, 'Z2': 1, 'C2': 1, 'R2': 1, 'S2': 1, 'X3': 12, 'Y3': 540, 'Z3': 1, 'C3': 1, 'R3': 1, 'S3': 1, 'X4': 12, 'Y4': 540, 'Z4': 1, 'C4': 1, 'R4': 1, 'S4': 1, 'X5': 12, 'Y5': 540, 'Z5': 1, 'C5': 1, 'R5': 1, 'S5': 1, 'X6': 12, 'Y6': 540, 'Z6': 1, 'C6': 1, 'R6': 1, 'S6': 1, 'Z7': 1, 'C7': 1, 'R7': 1, 'S7': 1}
  GlobalBuffer: {'Q': 4, 'P': 1, 'X0': 4, 'Y0': 1, 'Z0': 1, 'C0': 1, 'R0': 1, 'S0': 1, 'X1': 4, 'Y1': 1, 'Z1': 1, 'C1': 1, 'R1': 1, 'S1': 1, 'X2': 4, 'Y2': 1, 'Z2': 1, 'C2': 1, 'R2': 1, 'S2': 1, 'X3': 4, 'Y3': 1, 'Z3': 1, 'C3': 1, 'R3': 1, 'S3': 1, 'X4': 4, 'Y4': 1, 'Z4': 1, 'C4': 1, 'R4': 1, 'S4': 1, 'X5': 4, 'Y5': 1, 'Z5': 1, 'C5': 1, 'R5': 1, 'S5': 1, 'X6': 4, 'Y6': 1, 'Z6': 1, 'C6': 1, 'R6': 1, 'S6': 1, 'Z7': 1, 'C7': 1, 'R7': 1, 'S7': 1}
  SACols: {'Q': 20, 'Z7': 1}
  SARows_0: {'S0': 5, 'C0': 3, 'Z0': 14}
  SARows_1: {'S1': 1, 'C1': 56, 'Z1': 4}
  SARows_2: {'S2': 3, 'C2': 12, 'Z2': 6}
  SARows_3: {'S3': 3, 'C3': 12, 'Z3': 6}
  SARows_4: {'S4': 3, 'C4': 12, 'Z4': 6}
  SARows_5: {'S5': 3, 'C5': 12, 'Z5': 6}
  SARows_6: {'S6': 1, 'C6': 12, 'Z6': 14}
  SARows_7: {'S7': 3, 'C7': 56, 'Z7': 1}
------ loading Accelergy for Eyeriss ------
[Constrained Eyeriss] 8 layers, tile_size=80
  DRAM: {'Q': 12, 'P': 540, 'X0': 12, 'Y0': 540, 'Z0': 1, 'C0': 1, 'R0': 1, 'S0': 1, 'X1': 12, 'Y1': 540, 'Z1': 1, 'C1': 1, 'R1': 1, 'S1': 1, 'X2': 12, 'Y2': 540, 'Z2': 1, 'C2': 1, 'R2': 1, 'S2': 1, 'X3': 12, 'Y3': 540, 'Z3': 1, 'C3': 1, 'R3': 1, 'S3': 1, 'X4': 12, 'Y4': 540, 'Z4': 1, 'C4': 1, 'R4': 1, 'S4': 1, 'X5': 12, 'Y5': 540, 'Z5': 1, 'C5': 1, 'R5': 1, 'S5': 1, 'X6': 12, 'Y6': 540, 'Z6': 1, 'C6': 1, 'R6': 1, 'S6': 1, 'Z7': 1, 'C7': 1, 'R7': 1, 'S7': 1}
  GlobalBuffer: {'Q': 2, 'P': 1, 'X0': 2, 'Y0': 1, 'Z0': 1, 'C0': 1, 'R0': 1, 'S0': 1, 'X1': 2, 'Y1': 1, 'Z1': 1, 'C1': 1, 'R1': 1, 'S1': 1, 'X2': 2, 'Y2': 1, 'Z2': 1, 'C2': 1, 'R2': 1, 'S2': 1, 'X3': 2, 'Y3': 1, 'Z3': 1, 'C3': 1, 'R3': 1, 'S3': 1, 'X4': 2, 'Y4': 1, 'Z4': 1, 'C4': 1, 'R4': 1, 'S4': 1, 'X5': 2, 'Y5': 1, 'Z5': 1, 'C5': 1, 'R5': 1, 'S5': 1, 'X6': 2, 'Y6': 1, 'Z6': 1, 'C6': 1, 'R6': 1, 'S6': 1, 'Z7': 1, 'C7': 1, 'R7': 1, 'S7': 1}
  SACols: {'Q': 40, 'Z7': 1}
  SARows_0: {'S0': 5, 'C0': 3, 'Z0': 14}
  SARows_1: {'S1': 1, 'C1': 56, 'Z1': 4}
  SARows_2: {'S2': 3, 'C2': 12, 'Z2': 6}
  SARows_3: {'S3': 3, 'C3': 12, 'Z3': 6}
  SARows_4: {'S4': 3, 'C4': 12, 'Z4': 6}
  SARows_5: {'S5': 3, 'C5': 12, 'Z5': 6}
  SARows_6: {'S6': 1, 'C6': 12, 'Z6': 14}
  SARows_7: {'S7': 3, 'C7': 56, 'Z7': 1}
------ loading Accelergy for Eyeriss ------
[Constrained Eyeriss] 8 layers, tile_size=80
  DRAM: {'Q': 12, 'P': 540, 'X0': 12, 'Y0': 540, 'Z0': 1, 'C0': 1, 'R0': 1, 'S0': 1, 'X1': 12, 'Y1': 540, 'Z1': 1, 'C1': 1, 'R1': 1, 'S1': 1, 'X2': 12, 'Y2': 540, 'Z2': 1, 'C2': 1, 'R2': 1, 'S2': 1, 'X3': 12, 'Y3': 540, 'Z3': 1, 'C3': 1, 'R3': 1, 'S3': 1, 'X4': 12, 'Y4': 540, 'Z4': 1, 'C4': 1, 'R4': 1, 'S4': 1, 'X5': 12, 'Y5': 540, 'Z5': 1, 'C5': 1, 'R5': 1, 'S5': 1, 'X6': 12, 'Y6': 540, 'Z6': 1, 'C6': 1, 'R6': 1, 'S6': 1, 'Z7': 1, 'C7': 1, 'R7': 1, 'S7': 1}
  GlobalBuffer: {'Q': 20, 'P': 1, 'X0': 20, 'Y0': 1, 'Z0': 1, 'C0': 1, 'R0': 1, 'S0': 1, 'X1': 20, 'Y1': 1, 'Z1': 1, 'C1': 1, 'R1': 1, 'S1': 1, 'X2': 20, 'Y2': 1, 'Z2': 1, 'C2': 1, 'R2': 1, 'S2': 1, 'X3': 20, 'Y3': 1, 'Z3': 1, 'C3': 1, 'R3': 1, 'S3': 1, 'X4': 20, 'Y4': 1, 'Z4': 1, 'C4': 1, 'R4': 1, 'S4': 1, 'X5': 20, 'Y5': 1, 'Z5': 1, 'C5': 1, 'R5': 1, 'S5': 1, 'X6': 20, 'Y6': 1, 'Z6': 1, 'C6': 1, 'R6': 1, 'S6': 1, 'Z7': 1, 'C7': 1, 'R7': 1, 'S7': 1}
  SACols: {'Q': 4, 'Z7': 1}
  SARows_0: {'S0': 5, 'C0': 3, 'Z0': 14}
  SARows_1: {'S1': 1, 'C1': 56, 'Z1': 4}
  SARows_2: {'S2': 3, 'C2': 12, 'Z2': 6}
  SARows_3: {'S3': 3, 'C3': 12, 'Z3': 6}
  SARows_4: {'S4': 3, 'C4': 12, 'Z4': 6}
  SARows_5: {'S5': 3, 'C5': 12, 'Z5': 6}
  SARows_6: {'S6': 1, 'C6': 12, 'Z6': 14}
  SARows_7: {'S7': 3, 'C7': 56, 'Z7': 1}
------ loading Accelergy for Eyeriss ------
[Constrained Eyeriss] 8 layers, tile_size=80
  DRAM: {'Q': 12, 'P': 540, 'X0': 12, 'Y0': 540, 'Z0': 1, 'C0': 1, 'R0': 1, 'S0': 1, 'X1': 12, 'Y1': 540, 'Z1': 1, 'C1': 1, 'R1': 1, 'S1': 1, 'X2': 12, 'Y2': 540, 'Z2': 1, 'C2': 1, 'R2': 1, 'S2': 1, 'X3': 12, 'Y3': 540, 'Z3': 1, 'C3': 1, 'R3': 1, 'S3': 1, 'X4': 12, 'Y4': 540, 'Z4': 1, 'C4': 1, 'R4': 1, 'S4': 1, 'X5': 12, 'Y5': 540, 'Z5': 1, 'C5': 1, 'R5': 1, 'S5': 1, 'X6': 12, 'Y6': 540, 'Z6': 1, 'C6': 1, 'R6': 1, 'S6': 1, 'Z7': 1, 'C7': 1, 'R7': 1, 'S7': 1}
  GlobalBuffer: {'Q': 10, 'P': 1, 'X0': 10, 'Y0': 1, 'Z0': 1, 'C0': 1, 'R0': 1, 'S0': 1, 'X1': 10, 'Y1': 1, 'Z1': 1, 'C1': 1, 'R1': 1, 'S1': 1, 'X2': 10, 'Y2': 1, 'Z2': 1, 'C2': 1, 'R2': 1, 'S2': 1, 'X3': 10, 'Y3': 1, 'Z3': 1, 'C3': 1, 'R3': 1, 'S3': 1, 'X4': 10, 'Y4': 1, 'Z4': 1, 'C4': 1, 'R4': 1, 'S4': 1, 'X5': 10, 'Y5': 1, 'Z5': 1, 'C5': 1, 'R5': 1, 'S5': 1, 'X6': 10, 'Y6': 1, 'Z6': 1, 'C6': 1, 'R6': 1, 'S6': 1, 'Z7': 1, 'C7': 1, 'R7': 1, 'S7': 1}
  SACols: {'Q': 8, 'Z7': 1}
  SARows_0: {'S0': 5, 'C0': 3, 'Z0': 14}
  SARows_1: {'S1': 1, 'C1': 56, 'Z1': 4}
  SARows_2: {'S2': 3, 'C2': 12, 'Z2': 6}
  SARows_3: {'S3': 3, 'C3': 12, 'Z3': 6}
  SARows_4: {'S4': 3, 'C4': 12, 'Z4': 6}
  SARows_5: {'S5': 3, 'C5': 12, 'Z5': 6}
  SARows_6: {'S6': 1, 'C6': 12, 'Z6': 14}
  SARows_7: {'S7': 3, 'C7': 56, 'Z7': 1}
------ loading Accelergy for Eyeriss ------
[Constrained Eyeriss] 8 layers, tile_size=80
  DRAM: {'Q': 12, 'P': 540, 'X0': 12, 'Y0': 540, 'Z0': 1, 'C0': 1, 'R0': 1, 'S0': 1, 'X1': 12, 'Y1': 540, 'Z1': 1, 'C1': 1, 'R1': 1, 'S1': 1, 'X2': 12, 'Y2': 540, 'Z2': 1, 'C2': 1, 'R2': 1, 'S2': 1, 'X3': 12, 'Y3': 540, 'Z3': 1, 'C3': 1, 'R3': 1, 'S3': 1, 'X4': 12, 'Y4': 540, 'Z4': 1, 'C4': 1, 'R4': 1, 'S4': 1, 'X5': 12, 'Y5': 540, 'Z5': 1, 'C5': 1, 'R5': 1, 'S5': 1, 'X6': 12, 'Y6': 540, 'Z6': 1, 'C6': 1, 'R6': 1, 'S6': 1, 'Z7': 1, 'C7': 1, 'R7': 1, 'S7': 1}
  GlobalBuffer: {'Q': 8, 'P': 1, 'X0': 8, 'Y0': 1, 'Z0': 1, 'C0': 1, 'R0': 1, 'S0': 1, 'X1': 8, 'Y1': 1, 'Z1': 1, 'C1': 1, 'R1': 1, 'S1': 1, 'X2': 8, 'Y2': 1, 'Z2': 1, 'C2': 1, 'R2': 1, 'S2': 1, 'X3': 8, 'Y3': 1, 'Z3': 1, 'C3': 1, 'R3': 1, 'S3': 1, 'X4': 8, 'Y4': 1, 'Z4': 1, 'C4': 1, 'R4': 1, 'S4': 1, 'X5': 8, 'Y5': 1, 'Z5': 1, 'C5': 1, 'R5': 1, 'S5': 1, 'X6': 8, 'Y6': 1, 'Z6': 1, 'C6': 1, 'R6': 1, 'S6': 1, 'Z7': 1, 'C7': 1, 'R7': 1, 'S7': 1}
  SACols: {'Q': 10, 'Z7': 1}
  SARows_0: {'S0': 5, 'C0': 3, 'Z0': 14}
  SARows_1: {'S1': 1, 'C1': 56, 'Z1': 4}
  SARows_2: {'S2': 3, 'C2': 12, 'Z2': 6}
  SARows_3: {'S3': 3, 'C3': 12, 'Z3': 6}
  SARows_4: {'S4': 3, 'C4': 12, 'Z4': 6}
  SARows_5: {'S5': 3, 'C5': 12, 'Z5': 6}
  SARows_6: {'S6': 1, 'C6': 12, 'Z6': 14}
  SARows_7: {'S7': 3, 'C7': 56, 'Z7': 1}
------ loading Accelergy for Eyeriss ------
[Constrained Eyeriss] 8 layers, tile_size=80
  DRAM: {'Q': 12, 'P': 540, 'X0': 12, 'Y0': 540, 'Z0': 1, 'C0': 1, 'R0': 1, 'S0': 1, 'X1': 12, 'Y1': 540, 'Z1': 1, 'C1': 1, 'R1': 1, 'S1': 1, 'X2': 12, 'Y2': 540, 'Z2': 1, 'C2': 1, 'R2': 1, 'S2': 1, 'X3': 12, 'Y3': 540, 'Z3': 1, 'C3': 1, 'R3': 1, 'S3': 1, 'X4': 12, 'Y4': 540, 'Z4': 1, 'C4': 1, 'R4': 1, 'S4': 1, 'X5': 12, 'Y5': 540, 'Z5': 1, 'C5': 1, 'R5': 1, 'S5': 1, 'X6': 12, 'Y6': 540, 'Z6': 1, 'C6': 1, 'R6': 1, 'S6': 1, 'Z7': 1, 'C7': 1, 'R7': 1, 'S7': 1}
  GlobalBuffer: {'Q': 5, 'P': 1, 'X0': 5, 'Y0': 1, 'Z0': 1, 'C0': 1, 'R0': 1, 'S0': 1, 'X1': 5, 'Y1': 1, 'Z1': 1, 'C1': 1, 'R1': 1, 'S1': 1, 'X2': 5, 'Y2': 1, 'Z2': 1, 'C2': 1, 'R2': 1, 'S2': 1, 'X3': 5, 'Y3': 1, 'Z3': 1, 'C3': 1, 'R3': 1, 'S3': 1, 'X4': 5, 'Y4': 1, 'Z4': 1, 'C4': 1, 'R4': 1, 'S4': 1, 'X5': 5, 'Y5': 1, 'Z5': 1, 'C5': 1, 'R5': 1, 'S5': 1, 'X6': 5, 'Y6': 1, 'Z6': 1, 'C6': 1, 'R6': 1, 'S6': 1, 'Z7': 1, 'C7': 1, 'R7': 1, 'S7': 1}
  SACols: {'Q': 16, 'Z7': 1}
  SARows_0: {'S0': 5, 'C0': 3, 'Z0': 14}
  SARows_1: {'S1': 1, 'C1': 56, 'Z1': 4}
  SARows_2: {'S2': 3, 'C2': 12, 'Z2': 6}
  SARows_3: {'S3': 3, 'C3': 12, 'Z3': 6}
  SARows_4: {'S4': 3, 'C4': 12, 'Z4': 6}
  SARows_5: {'S5': 3, 'C5': 12, 'Z5': 6}
  SARows_6: {'S6': 1, 'C6': 12, 'Z6': 14}
  SARows_7: {'S7': 3, 'C7': 56, 'Z7': 1}
------ loading Accelergy for Eyeriss ------
[Constrained Eyeriss] 8 layers, tile_size=80
  DRAM: {'Q': 12, 'P': 540, 'X0': 12, 'Y0': 540, 'Z0': 1, 'C0': 1, 'R0': 1, 'S0': 1, 'X1': 12, 'Y1': 540, 'Z1': 1, 'C1': 1, 'R1': 1, 'S1': 1, 'X2': 12, 'Y2': 540, 'Z2': 1, 'C2': 1, 'R2': 1, 'S2': 1, 'X3': 12, 'Y3': 540, 'Z3': 1, 'C3': 1, 'R3': 1, 'S3': 1, 'X4': 12, 'Y4': 540, 'Z4': 1, 'C4': 1, 'R4': 1, 'S4': 1, 'X5': 12, 'Y5': 540, 'Z5': 1, 'C5': 1, 'R5': 1, 'S5': 1, 'X6': 12, 'Y6': 540, 'Z6': 1, 'C6': 1, 'R6': 1, 'S6': 1, 'Z7': 1, 'C7': 1, 'R7': 1, 'S7': 1}
  GlobalBuffer: {'Q': 4, 'P': 1, 'X0': 4, 'Y0': 1, 'Z0': 1, 'C0': 1, 'R0': 1, 'S0': 1, 'X1': 4, 'Y1': 1, 'Z1': 1, 'C1': 1, 'R1': 1, 'S1': 1, 'X2': 4, 'Y2': 1, 'Z2': 1, 'C2': 1, 'R2': 1, 'S2': 1, 'X3': 4, 'Y3': 1, 'Z3': 1, 'C3': 1, 'R3': 1, 'S3': 1, 'X4': 4, 'Y4': 1, 'Z4': 1, 'C4': 1, 'R4': 1, 'S4': 1, 'X5': 4, 'Y5': 1, 'Z5': 1, 'C5': 1, 'R5': 1, 'S5': 1, 'X6': 4, 'Y6': 1, 'Z6': 1, 'C6': 1, 'R6': 1, 'S6': 1, 'Z7': 1, 'C7': 1, 'R7': 1, 'S7': 1}
  SACols: {'Q': 20, 'Z7': 1}
  SARows_0: {'S0': 5, 'C0': 3, 'Z0': 14}
  SARows_1: {'S1': 1, 'C1': 56, 'Z1': 4}
  SARows_2: {'S2': 3, 'C2': 12, 'Z2': 6}
  SARows_3: {'S3': 3, 'C3': 12, 'Z3': 6}
  SARows_4: {'S4': 3, 'C4': 12, 'Z4': 6}
  SARows_5: {'S5': 3, 'C5': 12, 'Z5': 6}
  SARows_6: {'S6': 1, 'C6': 12, 'Z6': 14}
  SARows_7: {'S7': 3, 'C7': 56, 'Z7': 1}
------ loading Accelergy for Eyeriss ------
[Constrained Eyeriss] 8 layers, tile_size=80
  DRAM: {'Q': 12, 'P': 540, 'X0': 12, 'Y0': 540, 'Z0': 1, 'C0': 1, 'R0': 1, 'S0': 1, 'X1': 12, 'Y1': 540, 'Z1': 1, 'C1': 1, 'R1': 1, 'S1': 1, 'X2': 12, 'Y2': 540, 'Z2': 1, 'C2': 1, 'R2': 1, 'S2': 1, 'X3': 12, 'Y3': 540, 'Z3': 1, 'C3': 1, 'R3': 1, 'S3': 1, 'X4': 12, 'Y4': 540, 'Z4': 1, 'C4': 1, 'R4': 1, 'S4': 1, 'X5': 12, 'Y5': 540, 'Z5': 1, 'C5': 1, 'R5': 1, 'S5': 1, 'X6': 12, 'Y6': 540, 'Z6': 1, 'C6': 1, 'R6': 1, 'S6': 1, 'Z7': 1, 'C7': 1, 'R7': 1, 'S7': 1}
  GlobalBuffer: {'Q': 20, 'P': 1, 'X0': 20, 'Y0': 1, 'Z0': 1, 'C0': 1, 'R0': 1, 'S0': 1, 'X1': 20, 'Y1': 1, 'Z1': 1, 'C1': 1, 'R1': 1, 'S1': 1, 'X2': 20, 'Y2': 1, 'Z2': 1, 'C2': 1, 'R2': 1, 'S2': 1, 'X3': 20, 'Y3': 1, 'Z3': 1, 'C3': 1, 'R3': 1, 'S3': 1, 'X4': 20, 'Y4': 1, 'Z4': 1, 'C4': 1, 'R4': 1, 'S4': 1, 'X5': 20, 'Y5': 1, 'Z5': 1, 'C5': 1, 'R5': 1, 'S5': 1, 'X6': 20, 'Y6': 1, 'Z6': 1, 'C6': 1, 'R6': 1, 'S6': 1, 'Z7': 1, 'C7': 1, 'R7': 1, 'S7': 1}
  SACols: {'Q': 4, 'Z7': 1}
  SARows_0: {'S0': 5, 'C0': 3, 'Z0': 28}
  SARows_1: {'S1': 1, 'C1': 56, 'Z1': 6}
  SARows_2: {'S2': 3, 'C2': 12, 'Z2': 12}
  SARows_3: {'S3': 3, 'C3': 12, 'Z3': 12}
  SARows_4: {'S4': 3, 'C4': 12, 'Z4': 12}
  SARows_5: {'S5': 3, 'C5': 12, 'Z5': 12}
  SARows_6: {'S6': 1, 'C6': 12, 'Z6': 28}
  SARows_7: {'S7': 3, 'C7': 56, 'Z7': 2}
------ loading Accelergy for Eyeriss ------
[Constrained Eyeriss] 8 layers, tile_size=80
  DRAM: {'Q': 12, 'P': 540, 'X0': 12, 'Y0': 540, 'Z0': 1, 'C0': 1, 'R0': 1, 'S0': 1, 'X1': 12, 'Y1': 540, 'Z1': 1, 'C1': 1, 'R1': 1, 'S1': 1, 'X2': 12, 'Y2': 540, 'Z2': 1, 'C2': 1, 'R2': 1, 'S2': 1, 'X3': 12, 'Y3': 540, 'Z3': 1, 'C3': 1, 'R3': 1, 'S3': 1, 'X4': 12, 'Y4': 540, 'Z4': 1, 'C4': 1, 'R4': 1, 'S4': 1, 'X5': 12, 'Y5': 540, 'Z5': 1, 'C5': 1, 'R5': 1, 'S5': 1, 'X6': 12, 'Y6': 540, 'Z6': 1, 'C6': 1, 'R6': 1, 'S6': 1, 'Z7': 1, 'C7': 1, 'R7': 1, 'S7': 1}
  GlobalBuffer: {'Q': 10, 'P': 1, 'X0': 10, 'Y0': 1, 'Z0': 1, 'C0': 1, 'R0': 1, 'S0': 1, 'X1': 10, 'Y1': 1, 'Z1': 1, 'C1': 1, 'R1': 1, 'S1': 1, 'X2': 10, 'Y2': 1, 'Z2': 1, 'C2': 1, 'R2': 1, 'S2': 1, 'X3': 10, 'Y3': 1, 'Z3': 1, 'C3': 1, 'R3': 1, 'S3': 1, 'X4': 10, 'Y4': 1, 'Z4': 1, 'C4': 1, 'R4': 1, 'S4': 1, 'X5': 10, 'Y5': 1, 'Z5': 1, 'C5': 1, 'R5': 1, 'S5': 1, 'X6': 10, 'Y6': 1, 'Z6': 1, 'C6': 1, 'R6': 1, 'S6': 1, 'Z7': 1, 'C7': 1, 'R7': 1, 'S7': 1}
  SACols: {'Q': 8, 'Z7': 1}
  SARows_0: {'S0': 5, 'C0': 3, 'Z0': 28}
  SARows_1: {'S1': 1, 'C1': 56, 'Z1': 6}
  SARows_2: {'S2': 3, 'C2': 12, 'Z2': 12}
  SARows_3: {'S3': 3, 'C3': 12, 'Z3': 12}
  SARows_4: {'S4': 3, 'C4': 12, 'Z4': 12}
  SARows_5: {'S5': 3, 'C5': 12, 'Z5': 12}
  SARows_6: {'S6': 1, 'C6': 12, 'Z6': 28}
  SARows_7: {'S7': 3, 'C7': 56, 'Z7': 2}
------ loading Accelergy for Eyeriss ------
[Constrained Eyeriss] 8 layers, tile_size=80
  DRAM: {'Q': 12, 'P': 540, 'X0': 12, 'Y0': 540, 'Z0': 1, 'C0': 1, 'R0': 1, 'S0': 1, 'X1': 12, 'Y1': 540, 'Z1': 1, 'C1': 1, 'R1': 1, 'S1': 1, 'X2': 12, 'Y2': 540, 'Z2': 1, 'C2': 1, 'R2': 1, 'S2': 1, 'X3': 12, 'Y3': 540, 'Z3': 1, 'C3': 1, 'R3': 1, 'S3': 1, 'X4': 12, 'Y4': 540, 'Z4': 1, 'C4': 1, 'R4': 1, 'S4': 1, 'X5': 12, 'Y5': 540, 'Z5': 1, 'C5': 1, 'R5': 1, 'S5': 1, 'X6': 12, 'Y6': 540, 'Z6': 1, 'C6': 1, 'R6': 1, 'S6': 1, 'Z7': 1, 'C7': 1, 'R7': 1, 'S7': 1}
  GlobalBuffer: {'Q': 8, 'P': 1, 'X0': 8, 'Y0': 1, 'Z0': 1, 'C0': 1, 'R0': 1, 'S0': 1, 'X1': 8, 'Y1': 1, 'Z1': 1, 'C1': 1, 'R1': 1, 'S1': 1, 'X2': 8, 'Y2': 1, 'Z2': 1, 'C2': 1, 'R2': 1, 'S2': 1, 'X3': 8, 'Y3': 1, 'Z3': 1, 'C3': 1, 'R3': 1, 'S3': 1, 'X4': 8, 'Y4': 1, 'Z4': 1, 'C4': 1, 'R4': 1, 'S4': 1, 'X5': 8, 'Y5': 1, 'Z5': 1, 'C5': 1, 'R5': 1, 'S5': 1, 'X6': 8, 'Y6': 1, 'Z6': 1, 'C6': 1, 'R6': 1, 'S6': 1, 'Z7': 1, 'C7': 1, 'R7': 1, 'S7': 1}
  SACols: {'Q': 10, 'Z7': 1}
  SARows_0: {'S0': 5, 'C0': 3, 'Z0': 28}
  SARows_1: {'S1': 1, 'C1': 56, 'Z1': 6}
  SARows_2: {'S2': 3, 'C2': 12, 'Z2': 12}
  SARows_3: {'S3': 3, 'C3': 12, 'Z3': 12}
  SARows_4: {'S4': 3, 'C4': 12, 'Z4': 12}
  SARows_5: {'S5': 3, 'C5': 12, 'Z5': 12}
  SARows_6: {'S6': 1, 'C6': 12, 'Z6': 28}
  SARows_7: {'S7': 3, 'C7': 56, 'Z7': 2}
------ loading Accelergy for Eyeriss ------
[Constrained Eyeriss] 8 layers, tile_size=80
  DRAM: {'Q': 12, 'P': 540, 'X0': 12, 'Y0': 540, 'Z0': 1, 'C0': 1, 'R0': 1, 'S0': 1, 'X1': 12, 'Y1': 540, 'Z1': 1, 'C1': 1, 'R1': 1, 'S1': 1, 'X2': 12, 'Y2': 540, 'Z2': 1, 'C2': 1, 'R2': 1, 'S2': 1, 'X3': 12, 'Y3': 540, 'Z3': 1, 'C3': 1, 'R3': 1, 'S3': 1, 'X4': 12, 'Y4': 540, 'Z4': 1, 'C4': 1, 'R4': 1, 'S4': 1, 'X5': 12, 'Y5': 540, 'Z5': 1, 'C5': 1, 'R5': 1, 'S5': 1, 'X6': 12, 'Y6': 540, 'Z6': 1, 'C6': 1, 'R6': 1, 'S6': 1, 'Z7': 1, 'C7': 1, 'R7': 1, 'S7': 1}
  GlobalBuffer: {'Q': 5, 'P': 1, 'X0': 5, 'Y0': 1, 'Z0': 1, 'C0': 1, 'R0': 1, 'S0': 1, 'X1': 5, 'Y1': 1, 'Z1': 1, 'C1': 1, 'R1': 1, 'S1': 1, 'X2': 5, 'Y2': 1, 'Z2': 1, 'C2': 1, 'R2': 1, 'S2': 1, 'X3': 5, 'Y3': 1, 'Z3': 1, 'C3': 1, 'R3': 1, 'S3': 1, 'X4': 5, 'Y4': 1, 'Z4': 1, 'C4': 1, 'R4': 1, 'S4': 1, 'X5': 5, 'Y5': 1, 'Z5': 1, 'C5': 1, 'R5': 1, 'S5': 1, 'X6': 5, 'Y6': 1, 'Z6': 1, 'C6': 1, 'R6': 1, 'S6': 1, 'Z7': 1, 'C7': 1, 'R7': 1, 'S7': 1}
  SACols: {'Q': 16, 'Z7': 1}
  SARows_0: {'S0': 5, 'C0': 3, 'Z0': 28}
  SARows_1: {'S1': 1, 'C1': 56, 'Z1': 6}
  SARows_2: {'S2': 3, 'C2': 12, 'Z2': 12}
  SARows_3: {'S3': 3, 'C3': 12, 'Z3': 12}
  SARows_4: {'S4': 3, 'C4': 12, 'Z4': 12}
  SARows_5: {'S5': 3, 'C5': 12, 'Z5': 12}
  SARows_6: {'S6': 1, 'C6': 12, 'Z6': 28}
  SARows_7: {'S7': 3, 'C7': 56, 'Z7': 2}
------ loading Accelergy for Eyeriss ------
[Constrained Eyeriss] 8 layers, tile_size=80
  DRAM: {'Q': 12, 'P': 540, 'X0': 12, 'Y0': 540, 'Z0': 1, 'C0': 1, 'R0': 1, 'S0': 1, 'X1': 12, 'Y1': 540, 'Z1': 1, 'C1': 1, 'R1': 1, 'S1': 1, 'X2': 12, 'Y2': 540, 'Z2': 1, 'C2': 1, 'R2': 1, 'S2': 1, 'X3': 12, 'Y3': 540, 'Z3': 1, 'C3': 1, 'R3': 1, 'S3': 1, 'X4': 12, 'Y4': 540, 'Z4': 1, 'C4': 1, 'R4': 1, 'S4': 1, 'X5': 12, 'Y5': 540, 'Z5': 1, 'C5': 1, 'R5': 1, 'S5': 1, 'X6': 12, 'Y6': 540, 'Z6': 1, 'C6': 1, 'R6': 1, 'S6': 1, 'Z7': 1, 'C7': 1, 'R7': 1, 'S7': 1}
  GlobalBuffer: {'Q': 4, 'P': 1, 'X0': 4, 'Y0': 1, 'Z0': 1, 'C0': 1, 'R0': 1, 'S0': 1, 'X1': 4, 'Y1': 1, 'Z1': 1, 'C1': 1, 'R1': 1, 'S1': 1, 'X2': 4, 'Y2': 1, 'Z2': 1, 'C2': 1, 'R2': 1, 'S2': 1, 'X3': 4, 'Y3': 1, 'Z3': 1, 'C3': 1, 'R3': 1, 'S3': 1, 'X4': 4, 'Y4': 1, 'Z4': 1, 'C4': 1, 'R4': 1, 'S4': 1, 'X5': 4, 'Y5': 1, 'Z5': 1, 'C5': 1, 'R5': 1, 'S5': 1, 'X6': 4, 'Y6': 1, 'Z6': 1, 'C6': 1, 'R6': 1, 'S6': 1, 'Z7': 1, 'C7': 1, 'R7': 1, 'S7': 1}
  SACols: {'Q': 20, 'Z7': 1}
  SARows_0: {'S0': 5, 'C0': 3, 'Z0': 28}
  SARows_1: {'S1': 1, 'C1': 56, 'Z1': 6}
  SARows_2: {'S2': 3, 'C2': 12, 'Z2': 12}
  SARows_3: {'S3': 3, 'C3': 12, 'Z3': 12}
  SARows_4: {'S4': 3, 'C4': 12, 'Z4': 12}
  SARows_5: {'S5': 3, 'C5': 12, 'Z5': 12}
  SARows_6: {'S6': 1, 'C6': 12, 'Z6': 28}
  SARows_7: {'S7': 3, 'C7': 56, 'Z7': 2}
  ✓ Min PEs config: 128×4 = 512 PEs (SACols Z: No)
    Energy: 1.310e+05 μJ, Latency: 2.760e+07 cc
  ✓ Min Latency config: 128×12 = 1536 PEs (SACols Z: No)
    Energy: 1.310e+05 μJ, Latency: 1.889e+07 cc

[WReg=400] Searching for optimal PE configurations...
------ loading Accelergy for Eyeriss ------
[Constrained Eyeriss] 8 layers, tile_size=80
  DRAM: {'Q': 12, 'P': 540, 'X0': 12, 'Y0': 540, 'Z0': 1, 'C0': 1, 'R0': 1, 'S0': 1, 'X1': 12, 'Y1': 540, 'Z1': 1, 'C1': 1, 'R1': 1, 'S1': 1, 'X2': 12, 'Y2': 540, 'Z2': 1, 'C2': 1, 'R2': 1, 'S2': 1, 'X3': 12, 'Y3': 540, 'Z3': 1, 'C3': 1, 'R3': 1, 'S3': 1, 'X4': 12, 'Y4': 540, 'Z4': 1, 'C4': 1, 'R4': 1, 'S4': 1, 'X5': 12, 'Y5': 540, 'Z5': 1, 'C5': 1, 'R5': 1, 'S5': 1, 'X6': 12, 'Y6': 540, 'Z6': 1, 'C6': 1, 'R6': 1, 'S6': 1, 'Z7': 1, 'C7': 1, 'R7': 1, 'S7': 1}
  GlobalBuffer: {'Q': 20, 'P': 1, 'X0': 20, 'Y0': 1, 'Z0': 1, 'C0': 1, 'R0': 1, 'S0': 1, 'X1': 20, 'Y1': 1, 'Z1': 1, 'C1': 1, 'R1': 1, 'S1': 1, 'X2': 20, 'Y2': 1, 'Z2': 1, 'C2': 1, 'R2': 1, 'S2': 1, 'X3': 20, 'Y3': 1, 'Z3': 1, 'C3': 1, 'R3': 1, 'S3': 1, 'X4': 20, 'Y4': 1, 'Z4': 1, 'C4': 1, 'R4': 1, 'S4': 1, 'X5': 20, 'Y5': 1, 'Z5': 1, 'C5': 1, 'R5': 1, 'S5': 1, 'X6': 20, 'Y6': 1, 'Z6': 1, 'C6': 1, 'R6': 1, 'S6': 1, 'Z7': 1, 'C7': 1, 'R7': 1, 'S7': 1}
  SACols: {'Q': 4, 'Z7': 1}
  SARows_0: {'S0': 4, 'C0': 1, 'Z0': 1}
  SARows_1: {'S1': 1, 'C1': 4, 'Z1': 1}
  SARows_2: {'S2': 3, 'C2': 1, 'Z2': 1}
  SARows_3: {'S3': 3, 'C3': 1, 'Z3': 1}
  SARows_4: {'S4': 3, 'C4': 1, 'Z4': 1}
  SARows_5: {'S5': 3, 'C5': 1, 'Z5': 1}
  SARows_6: {'S6': 1, 'C6': 4, 'Z6': 1}
  SARows_7: {'S7': 3, 'C7': 1, 'Z7': 1}
------ loading Accelergy for Eyeriss ------
[Constrained Eyeriss] 8 layers, tile_size=80
  DRAM: {'Q': 12, 'P': 540, 'X0': 12, 'Y0': 540, 'Z0': 1, 'C0': 1, 'R0': 1, 'S0': 1, 'X1': 12, 'Y1': 540, 'Z1': 1, 'C1': 1, 'R1': 1, 'S1': 1, 'X2': 12, 'Y2': 540, 'Z2': 1, 'C2': 1, 'R2': 1, 'S2': 1, 'X3': 12, 'Y3': 540, 'Z3': 1, 'C3': 1, 'R3': 1, 'S3': 1, 'X4': 12, 'Y4': 540, 'Z4': 1, 'C4': 1, 'R4': 1, 'S4': 1, 'X5': 12, 'Y5': 540, 'Z5': 1, 'C5': 1, 'R5': 1, 'S5': 1, 'X6': 12, 'Y6': 540, 'Z6': 1, 'C6': 1, 'R6': 1, 'S6': 1, 'Z7': 1, 'C7': 1, 'R7': 1, 'S7': 1}
  GlobalBuffer: {'Q': 10, 'P': 1, 'X0': 10, 'Y0': 1, 'Z0': 1, 'C0': 1, 'R0': 1, 'S0': 1, 'X1': 10, 'Y1': 1, 'Z1': 1, 'C1': 1, 'R1': 1, 'S1': 1, 'X2': 10, 'Y2': 1, 'Z2': 1, 'C2': 1, 'R2': 1, 'S2': 1, 'X3': 10, 'Y3': 1, 'Z3': 1, 'C3': 1, 'R3': 1, 'S3': 1, 'X4': 10, 'Y4': 1, 'Z4': 1, 'C4': 1, 'R4': 1, 'S4': 1, 'X5': 10, 'Y5': 1, 'Z5': 1, 'C5': 1, 'R5': 1, 'S5': 1, 'X6': 10, 'Y6': 1, 'Z6': 1, 'C6': 1, 'R6': 1, 'S6': 1, 'Z7': 1, 'C7': 1, 'R7': 1, 'S7': 1}
  SACols: {'Q': 8, 'Z7': 1}
  SARows_0: {'S0': 4, 'C0': 1, 'Z0': 1}
  SARows_1: {'S1': 1, 'C1': 4, 'Z1': 1}
  SARows_2: {'S2': 3, 'C2': 1, 'Z2': 1}
  SARows_3: {'S3': 3, 'C3': 1, 'Z3': 1}
  SARows_4: {'S4': 3, 'C4': 1, 'Z4': 1}
  SARows_5: {'S5': 3, 'C5': 1, 'Z5': 1}
  SARows_6: {'S6': 1, 'C6': 4, 'Z6': 1}
  SARows_7: {'S7': 3, 'C7': 1, 'Z7': 1}
------ loading Accelergy for Eyeriss ------
[Constrained Eyeriss] 8 layers, tile_size=80
  DRAM: {'Q': 12, 'P': 540, 'X0': 12, 'Y0': 540, 'Z0': 1, 'C0': 1, 'R0': 1, 'S0': 1, 'X1': 12, 'Y1': 540, 'Z1': 1, 'C1': 1, 'R1': 1, 'S1': 1, 'X2': 12, 'Y2': 540, 'Z2': 1, 'C2': 1, 'R2': 1, 'S2': 1, 'X3': 12, 'Y3': 540, 'Z3': 1, 'C3': 1, 'R3': 1, 'S3': 1, 'X4': 12, 'Y4': 540, 'Z4': 1, 'C4': 1, 'R4': 1, 'S4': 1, 'X5': 12, 'Y5': 540, 'Z5': 1, 'C5': 1, 'R5': 1, 'S5': 1, 'X6': 12, 'Y6': 540, 'Z6': 1, 'C6': 1, 'R6': 1, 'S6': 1, 'Z7': 1, 'C7': 1, 'R7': 1, 'S7': 1}
  GlobalBuffer: {'Q': 8, 'P': 1, 'X0': 8, 'Y0': 1, 'Z0': 1, 'C0': 1, 'R0': 1, 'S0': 1, 'X1': 8, 'Y1': 1, 'Z1': 1, 'C1': 1, 'R1': 1, 'S1': 1, 'X2': 8, 'Y2': 1, 'Z2': 1, 'C2': 1, 'R2': 1, 'S2': 1, 'X3': 8, 'Y3': 1, 'Z3': 1, 'C3': 1, 'R3': 1, 'S3': 1, 'X4': 8, 'Y4': 1, 'Z4': 1, 'C4': 1, 'R4': 1, 'S4': 1, 'X5': 8, 'Y5': 1, 'Z5': 1, 'C5': 1, 'R5': 1, 'S5': 1, 'X6': 8, 'Y6': 1, 'Z6': 1, 'C6': 1, 'R6': 1, 'S6': 1, 'Z7': 1, 'C7': 1, 'R7': 1, 'S7': 1}
  SACols: {'Q': 10, 'Z7': 1}
  SARows_0: {'S0': 4, 'C0': 1, 'Z0': 1}
  SARows_1: {'S1': 1, 'C1': 4, 'Z1': 1}
  SARows_2: {'S2': 3, 'C2': 1, 'Z2': 1}
  SARows_3: {'S3': 3, 'C3': 1, 'Z3': 1}
  SARows_4: {'S4': 3, 'C4': 1, 'Z4': 1}
  SARows_5: {'S5': 3, 'C5': 1, 'Z5': 1}
  SARows_6: {'S6': 1, 'C6': 4, 'Z6': 1}
  SARows_7: {'S7': 3, 'C7': 1, 'Z7': 1}
------ loading Accelergy for Eyeriss ------
[Constrained Eyeriss] 8 layers, tile_size=80
  DRAM: {'Q': 12, 'P': 540, 'X0': 12, 'Y0': 540, 'Z0': 1, 'C0': 1, 'R0': 1, 'S0': 1, 'X1': 12, 'Y1': 540, 'Z1': 1, 'C1': 1, 'R1': 1, 'S1': 1, 'X2': 12, 'Y2': 540, 'Z2': 1, 'C2': 1, 'R2': 1, 'S2': 1, 'X3': 12, 'Y3': 540, 'Z3': 1, 'C3': 1, 'R3': 1, 'S3': 1, 'X4': 12, 'Y4': 540, 'Z4': 1, 'C4': 1, 'R4': 1, 'S4': 1, 'X5': 12, 'Y5': 540, 'Z5': 1, 'C5': 1, 'R5': 1, 'S5': 1, 'X6': 12, 'Y6': 540, 'Z6': 1, 'C6': 1, 'R6': 1, 'S6': 1, 'Z7': 1, 'C7': 1, 'R7': 1, 'S7': 1}
  GlobalBuffer: {'Q': 5, 'P': 1, 'X0': 5, 'Y0': 1, 'Z0': 1, 'C0': 1, 'R0': 1, 'S0': 1, 'X1': 5, 'Y1': 1, 'Z1': 1, 'C1': 1, 'R1': 1, 'S1': 1, 'X2': 5, 'Y2': 1, 'Z2': 1, 'C2': 1, 'R2': 1, 'S2': 1, 'X3': 5, 'Y3': 1, 'Z3': 1, 'C3': 1, 'R3': 1, 'S3': 1, 'X4': 5, 'Y4': 1, 'Z4': 1, 'C4': 1, 'R4': 1, 'S4': 1, 'X5': 5, 'Y5': 1, 'Z5': 1, 'C5': 1, 'R5': 1, 'S5': 1, 'X6': 5, 'Y6': 1, 'Z6': 1, 'C6': 1, 'R6': 1, 'S6': 1, 'Z7': 1, 'C7': 1, 'R7': 1, 'S7': 1}
  SACols: {'Q': 16, 'Z7': 1}
  SARows_0: {'S0': 4, 'C0': 1, 'Z0': 1}
  SARows_1: {'S1': 1, 'C1': 4, 'Z1': 1}
  SARows_2: {'S2': 3, 'C2': 1, 'Z2': 1}
  SARows_3: {'S3': 3, 'C3': 1, 'Z3': 1}
  SARows_4: {'S4': 3, 'C4': 1, 'Z4': 1}
  SARows_5: {'S5': 3, 'C5': 1, 'Z5': 1}
  SARows_6: {'S6': 1, 'C6': 4, 'Z6': 1}
  SARows_7: {'S7': 3, 'C7': 1, 'Z7': 1}
------ loading Accelergy for Eyeriss ------
[Constrained Eyeriss] 8 layers, tile_size=80
  DRAM: {'Q': 12, 'P': 540, 'X0': 12, 'Y0': 540, 'Z0': 1, 'C0': 1, 'R0': 1, 'S0': 1, 'X1': 12, 'Y1': 540, 'Z1': 1, 'C1': 1, 'R1': 1, 'S1': 1, 'X2': 12, 'Y2': 540, 'Z2': 1, 'C2': 1, 'R2': 1, 'S2': 1, 'X3': 12, 'Y3': 540, 'Z3': 1, 'C3': 1, 'R3': 1, 'S3': 1, 'X4': 12, 'Y4': 540, 'Z4': 1, 'C4': 1, 'R4': 1, 'S4': 1, 'X5': 12, 'Y5': 540, 'Z5': 1, 'C5': 1, 'R5': 1, 'S5': 1, 'X6': 12, 'Y6': 540, 'Z6': 1, 'C6': 1, 'R6': 1, 'S6': 1, 'Z7': 1, 'C7': 1, 'R7': 1, 'S7': 1}
  GlobalBuffer: {'Q': 4, 'P': 1, 'X0': 4, 'Y0': 1, 'Z0': 1, 'C0': 1, 'R0': 1, 'S0': 1, 'X1': 4, 'Y1': 1, 'Z1': 1, 'C1': 1, 'R1': 1, 'S1': 1, 'X2': 4, 'Y2': 1, 'Z2': 1, 'C2': 1, 'R2': 1, 'S2': 1, 'X3': 4, 'Y3': 1, 'Z3': 1, 'C3': 1, 'R3': 1, 'S3': 1, 'X4': 4, 'Y4': 1, 'Z4': 1, 'C4': 1, 'R4': 1, 'S4': 1, 'X5': 4, 'Y5': 1, 'Z5': 1, 'C5': 1, 'R5': 1, 'S5': 1, 'X6': 4, 'Y6': 1, 'Z6': 1, 'C6': 1, 'R6': 1, 'S6': 1, 'Z7': 1, 'C7': 1, 'R7': 1, 'S7': 1}
  SACols: {'Q': 20, 'Z7': 1}
  SARows_0: {'S0': 4, 'C0': 1, 'Z0': 1}
  SARows_1: {'S1': 1, 'C1': 4, 'Z1': 1}
  SARows_2: {'S2': 3, 'C2': 1, 'Z2': 1}
  SARows_3: {'S3': 3, 'C3': 1, 'Z3': 1}
  SARows_4: {'S4': 3, 'C4': 1, 'Z4': 1}
  SARows_5: {'S5': 3, 'C5': 1, 'Z5': 1}
  SARows_6: {'S6': 1, 'C6': 4, 'Z6': 1}
  SARows_7: {'S7': 3, 'C7': 1, 'Z7': 1}
------ loading Accelergy for Eyeriss ------
[Constrained Eyeriss] 8 layers, tile_size=80
  DRAM: {'Q': 12, 'P': 540, 'X0': 12, 'Y0': 540, 'Z0': 1, 'C0': 1, 'R0': 1, 'S0': 1, 'X1': 12, 'Y1': 540, 'Z1': 1, 'C1': 1, 'R1': 1, 'S1': 1, 'X2': 12, 'Y2': 540, 'Z2': 1, 'C2': 1, 'R2': 1, 'S2': 1, 'X3': 12, 'Y3': 540, 'Z3': 1, 'C3': 1, 'R3': 1, 'S3': 1, 'X4': 12, 'Y4': 540, 'Z4': 1, 'C4': 1, 'R4': 1, 'S4': 1, 'X5': 12, 'Y5': 540, 'Z5': 1, 'C5': 1, 'R5': 1, 'S5': 1, 'X6': 12, 'Y6': 540, 'Z6': 1, 'C6': 1, 'R6': 1, 'S6': 1, 'Z7': 1, 'C7': 1, 'R7': 1, 'S7': 1}
  GlobalBuffer: {'Q': 2, 'P': 1, 'X0': 2, 'Y0': 1, 'Z0': 1, 'C0': 1, 'R0': 1, 'S0': 1, 'X1': 2, 'Y1': 1, 'Z1': 1, 'C1': 1, 'R1': 1, 'S1': 1, 'X2': 2, 'Y2': 1, 'Z2': 1, 'C2': 1, 'R2': 1, 'S2': 1, 'X3': 2, 'Y3': 1, 'Z3': 1, 'C3': 1, 'R3': 1, 'S3': 1, 'X4': 2, 'Y4': 1, 'Z4': 1, 'C4': 1, 'R4': 1, 'S4': 1, 'X5': 2, 'Y5': 1, 'Z5': 1, 'C5': 1, 'R5': 1, 'S5': 1, 'X6': 2, 'Y6': 1, 'Z6': 1, 'C6': 1, 'R6': 1, 'S6': 1, 'Z7': 1, 'C7': 1, 'R7': 1, 'S7': 1}
  SACols: {'Q': 40, 'Z7': 1}
  SARows_0: {'S0': 4, 'C0': 1, 'Z0': 1}
  SARows_1: {'S1': 1, 'C1': 4, 'Z1': 1}
  SARows_2: {'S2': 3, 'C2': 1, 'Z2': 1}
  SARows_3: {'S3': 3, 'C3': 1, 'Z3': 1}
  SARows_4: {'S4': 3, 'C4': 1, 'Z4': 1}
  SARows_5: {'S5': 3, 'C5': 1, 'Z5': 1}
  SARows_6: {'S6': 1, 'C6': 4, 'Z6': 1}
  SARows_7: {'S7': 3, 'C7': 1, 'Z7': 1}
------ loading Accelergy for Eyeriss ------
[Constrained Eyeriss] 8 layers, tile_size=80
  DRAM: {'Q': 12, 'P': 540, 'X0': 12, 'Y0': 540, 'Z0': 1, 'C0': 1, 'R0': 1, 'S0': 1, 'X1': 12, 'Y1': 540, 'Z1': 1, 'C1': 1, 'R1': 1, 'S1': 1, 'X2': 12, 'Y2': 540, 'Z2': 1, 'C2': 1, 'R2': 1, 'S2': 1, 'X3': 12, 'Y3': 540, 'Z3': 1, 'C3': 1, 'R3': 1, 'S3': 1, 'X4': 12, 'Y4': 540, 'Z4': 1, 'C4': 1, 'R4': 1, 'S4': 1, 'X5': 12, 'Y5': 540, 'Z5': 1, 'C5': 1, 'R5': 1, 'S5': 1, 'X6': 12, 'Y6': 540, 'Z6': 1, 'C6': 1, 'R6': 1, 'S6': 1, 'Z7': 1, 'C7': 1, 'R7': 1, 'S7': 1}
  GlobalBuffer: {'Q': 1, 'P': 1, 'X0': 1, 'Y0': 1, 'Z0': 1, 'C0': 1, 'R0': 1, 'S0': 1, 'X1': 1, 'Y1': 1, 'Z1': 1, 'C1': 1, 'R1': 1, 'S1': 1, 'X2': 1, 'Y2': 1, 'Z2': 1, 'C2': 1, 'R2': 1, 'S2': 1, 'X3': 1, 'Y3': 1, 'Z3': 1, 'C3': 1, 'R3': 1, 'S3': 1, 'X4': 1, 'Y4': 1, 'Z4': 1, 'C4': 1, 'R4': 1, 'S4': 1, 'X5': 1, 'Y5': 1, 'Z5': 1, 'C5': 1, 'R5': 1, 'S5': 1, 'X6': 1, 'Y6': 1, 'Z6': 1, 'C6': 1, 'R6': 1, 'S6': 1, 'Z7': 1, 'C7': 1, 'R7': 1, 'S7': 1}
  SACols: {'Q': 80, 'Z7': 1}
  SARows_0: {'S0': 4, 'C0': 1, 'Z0': 1}
  SARows_1: {'S1': 1, 'C1': 4, 'Z1': 1}
  SARows_2: {'S2': 3, 'C2': 1, 'Z2': 1}
  SARows_3: {'S3': 3, 'C3': 1, 'Z3': 1}
  SARows_4: {'S4': 3, 'C4': 1, 'Z4': 1}
  SARows_5: {'S5': 3, 'C5': 1, 'Z5': 1}
  SARows_6: {'S6': 1, 'C6': 4, 'Z6': 1}
  SARows_7: {'S7': 3, 'C7': 1, 'Z7': 1}
------ loading Accelergy for Eyeriss ------
[Constrained Eyeriss] 8 layers, tile_size=80
  DRAM: {'Q': 12, 'P': 540, 'X0': 12, 'Y0': 540, 'Z0': 1, 'C0': 1, 'R0': 1, 'S0': 1, 'X1': 12, 'Y1': 540, 'Z1': 1, 'C1': 1, 'R1': 1, 'S1': 1, 'X2': 12, 'Y2': 540, 'Z2': 1, 'C2': 1, 'R2': 1, 'S2': 1, 'X3': 12, 'Y3': 540, 'Z3': 1, 'C3': 1, 'R3': 1, 'S3': 1, 'X4': 12, 'Y4': 540, 'Z4': 1, 'C4': 1, 'R4': 1, 'S4': 1, 'X5': 12, 'Y5': 540, 'Z5': 1, 'C5': 1, 'R5': 1, 'S5': 1, 'X6': 12, 'Y6': 540, 'Z6': 1, 'C6': 1, 'R6': 1, 'S6': 1, 'Z7': 1, 'C7': 1, 'R7': 1, 'S7': 1}
  GlobalBuffer: {'Q': 1, 'P': 1, 'X0': 1, 'Y0': 1, 'Z0': 1, 'C0': 1, 'R0': 1, 'S0': 1, 'X1': 1, 'Y1': 1, 'Z1': 1, 'C1': 1, 'R1': 1, 'S1': 1, 'X2': 1, 'Y2': 1, 'Z2': 1, 'C2': 1, 'R2': 1, 'S2': 1, 'X3': 1, 'Y3': 1, 'Z3': 1, 'C3': 1, 'R3': 1, 'S3': 1, 'X4': 1, 'Y4': 1, 'Z4': 1, 'C4': 1, 'R4': 1, 'S4': 1, 'X5': 1, 'Y5': 1, 'Z5': 1, 'C5': 1, 'R5': 1, 'S5': 1, 'X6': 1, 'Y6': 1, 'Z6': 1, 'C6': 1, 'R6': 1, 'S6': 1, 'Z7': 1, 'C7': 1, 'R7': 1, 'S7': 1}
  SACols: {'Q': 80, 'Z7': 1}
  SARows_0: {'S0': 4, 'C0': 1, 'Z0': 1}
  SARows_1: {'S1': 1, 'C1': 4, 'Z1': 1}
  SARows_2: {'S2': 3, 'C2': 1, 'Z2': 1}
  SARows_3: {'S3': 3, 'C3': 1, 'Z3': 1}
  SARows_4: {'S4': 3, 'C4': 1, 'Z4': 1}
  SARows_5: {'S5': 3, 'C5': 1, 'Z5': 1}
  SARows_6: {'S6': 1, 'C6': 4, 'Z6': 1}
  SARows_7: {'S7': 3, 'C7': 1, 'Z7': 1}
------ loading Accelergy for Eyeriss ------
[Constrained Eyeriss] 8 layers, tile_size=80
  DRAM: {'Q': 12, 'P': 540, 'X0': 12, 'Y0': 540, 'Z0': 1, 'C0': 1, 'R0': 1, 'S0': 1, 'X1': 12, 'Y1': 540, 'Z1': 1, 'C1': 1, 'R1': 1, 'S1': 1, 'X2': 12, 'Y2': 540, 'Z2': 1, 'C2': 1, 'R2': 1, 'S2': 1, 'X3': 12, 'Y3': 540, 'Z3': 1, 'C3': 1, 'R3': 1, 'S3': 1, 'X4': 12, 'Y4': 540, 'Z4': 1, 'C4': 1, 'R4': 1, 'S4': 1, 'X5': 12, 'Y5': 540, 'Z5': 1, 'C5': 1, 'R5': 1, 'S5': 1, 'X6': 12, 'Y6': 540, 'Z6': 1, 'C6': 1, 'R6': 1, 'S6': 1, 'Z7': 1, 'C7': 1, 'R7': 1, 'S7': 1}
  GlobalBuffer: {'Q': 1, 'P': 1, 'X0': 1, 'Y0': 1, 'Z0': 1, 'C0': 1, 'R0': 1, 'S0': 1, 'X1': 1, 'Y1': 1, 'Z1': 1, 'C1': 1, 'R1': 1, 'S1': 1, 'X2': 1, 'Y2': 1, 'Z2': 1, 'C2': 1, 'R2': 1, 'S2': 1, 'X3': 1, 'Y3': 1, 'Z3': 1, 'C3': 1, 'R3': 1, 'S3': 1, 'X4': 1, 'Y4': 1, 'Z4': 1, 'C4': 1, 'R4': 1, 'S4': 1, 'X5': 1, 'Y5': 1, 'Z5': 1, 'C5': 1, 'R5': 1, 'S5': 1, 'X6': 1, 'Y6': 1, 'Z6': 1, 'C6': 1, 'R6': 1, 'S6': 1, 'Z7': 1, 'C7': 1, 'R7': 1, 'S7': 1}
  SACols: {'Q': 80, 'Z7': 2}
  SARows_0: {'S0': 4, 'C0': 1, 'Z0': 1}
  SARows_1: {'S1': 1, 'C1': 4, 'Z1': 1}
  SARows_2: {'S2': 3, 'C2': 1, 'Z2': 1}
  SARows_3: {'S3': 3, 'C3': 1, 'Z3': 1}
  SARows_4: {'S4': 3, 'C4': 1, 'Z4': 1}
  SARows_5: {'S5': 3, 'C5': 1, 'Z5': 1}
  SARows_6: {'S6': 1, 'C6': 4, 'Z6': 1}
  SARows_7: {'S7': 3, 'C7': 1, 'Z7': 1}
------ loading Accelergy for Eyeriss ------
[Constrained Eyeriss] 8 layers, tile_size=80
  DRAM: {'Q': 12, 'P': 540, 'X0': 12, 'Y0': 540, 'Z0': 1, 'C0': 1, 'R0': 1, 'S0': 1, 'X1': 12, 'Y1': 540, 'Z1': 1, 'C1': 1, 'R1': 1, 'S1': 1, 'X2': 12, 'Y2': 540, 'Z2': 1, 'C2': 1, 'R2': 1, 'S2': 1, 'X3': 12, 'Y3': 540, 'Z3': 1, 'C3': 1, 'R3': 1, 'S3': 1, 'X4': 12, 'Y4': 540, 'Z4': 1, 'C4': 1, 'R4': 1, 'S4': 1, 'X5': 12, 'Y5': 540, 'Z5': 1, 'C5': 1, 'R5': 1, 'S5': 1, 'X6': 12, 'Y6': 540, 'Z6': 1, 'C6': 1, 'R6': 1, 'S6': 1, 'Z7': 1, 'C7': 1, 'R7': 1, 'S7': 1}
  GlobalBuffer: {'Q': 1, 'P': 1, 'X0': 1, 'Y0': 1, 'Z0': 1, 'C0': 1, 'R0': 1, 'S0': 1, 'X1': 1, 'Y1': 1, 'Z1': 1, 'C1': 1, 'R1': 1, 'S1': 1, 'X2': 1, 'Y2': 1, 'Z2': 1, 'C2': 1, 'R2': 1, 'S2': 1, 'X3': 1, 'Y3': 1, 'Z3': 1, 'C3': 1, 'R3': 1, 'S3': 1, 'X4': 1, 'Y4': 1, 'Z4': 1, 'C4': 1, 'R4': 1, 'S4': 1, 'X5': 1, 'Y5': 1, 'Z5': 1, 'C5': 1, 'R5': 1, 'S5': 1, 'X6': 1, 'Y6': 1, 'Z6': 1, 'C6': 1, 'R6': 1, 'S6': 1, 'Z7': 1, 'C7': 1, 'R7': 1, 'S7': 1}
  SACols: {'Q': 80, 'Z7': 4}
  SARows_0: {'S0': 4, 'C0': 1, 'Z0': 1}
  SARows_1: {'S1': 1, 'C1': 4, 'Z1': 1}
  SARows_2: {'S2': 3, 'C2': 1, 'Z2': 1}
  SARows_3: {'S3': 3, 'C3': 1, 'Z3': 1}
  SARows_4: {'S4': 3, 'C4': 1, 'Z4': 1}
  SARows_5: {'S5': 3, 'C5': 1, 'Z5': 1}
  SARows_6: {'S6': 1, 'C6': 4, 'Z6': 1}
  SARows_7: {'S7': 3, 'C7': 1, 'Z7': 1}
------ loading Accelergy for Eyeriss ------
[Constrained Eyeriss] 8 layers, tile_size=80
  DRAM: {'Q': 12, 'P': 540, 'X0': 12, 'Y0': 540, 'Z0': 1, 'C0': 1, 'R0': 1, 'S0': 1, 'X1': 12, 'Y1': 540, 'Z1': 1, 'C1': 1, 'R1': 1, 'S1': 1, 'X2': 12, 'Y2': 540, 'Z2': 1, 'C2': 1, 'R2': 1, 'S2': 1, 'X3': 12, 'Y3': 540, 'Z3': 1, 'C3': 1, 'R3': 1, 'S3': 1, 'X4': 12, 'Y4': 540, 'Z4': 1, 'C4': 1, 'R4': 1, 'S4': 1, 'X5': 12, 'Y5': 540, 'Z5': 1, 'C5': 1, 'R5': 1, 'S5': 1, 'X6': 12, 'Y6': 540, 'Z6': 1, 'C6': 1, 'R6': 1, 'S6': 1, 'Z7': 1, 'C7': 1, 'R7': 1, 'S7': 1}
  GlobalBuffer: {'Q': 1, 'P': 1, 'X0': 1, 'Y0': 1, 'Z0': 1, 'C0': 1, 'R0': 1, 'S0': 1, 'X1': 1, 'Y1': 1, 'Z1': 1, 'C1': 1, 'R1': 1, 'S1': 1, 'X2': 1, 'Y2': 1, 'Z2': 1, 'C2': 1, 'R2': 1, 'S2': 1, 'X3': 1, 'Y3': 1, 'Z3': 1, 'C3': 1, 'R3': 1, 'S3': 1, 'X4': 1, 'Y4': 1, 'Z4': 1, 'C4': 1, 'R4': 1, 'S4': 1, 'X5': 1, 'Y5': 1, 'Z5': 1, 'C5': 1, 'R5': 1, 'S5': 1, 'X6': 1, 'Y6': 1, 'Z6': 1, 'C6': 1, 'R6': 1, 'S6': 1, 'Z7': 1, 'C7': 1, 'R7': 1, 'S7': 1}
  SACols: {'Q': 80, 'Z7': 4}
  SARows_0: {'S0': 4, 'C0': 1, 'Z0': 1}
  SARows_1: {'S1': 1, 'C1': 4, 'Z1': 1}
  SARows_2: {'S2': 3, 'C2': 1, 'Z2': 1}
  SARows_3: {'S3': 3, 'C3': 1, 'Z3': 1}
  SARows_4: {'S4': 3, 'C4': 1, 'Z4': 1}
  SARows_5: {'S5': 3, 'C5': 1, 'Z5': 1}
  SARows_6: {'S6': 1, 'C6': 4, 'Z6': 1}
  SARows_7: {'S7': 3, 'C7': 1, 'Z7': 1}
------ loading Accelergy for Eyeriss ------
[Constrained Eyeriss] 8 layers, tile_size=80
  DRAM: {'Q': 12, 'P': 540, 'X0': 12, 'Y0': 540, 'Z0': 1, 'C0': 1, 'R0': 1, 'S0': 1, 'X1': 12, 'Y1': 540, 'Z1': 1, 'C1': 1, 'R1': 1, 'S1': 1, 'X2': 12, 'Y2': 540, 'Z2': 1, 'C2': 1, 'R2': 1, 'S2': 1, 'X3': 12, 'Y3': 540, 'Z3': 1, 'C3': 1, 'R3': 1, 'S3': 1, 'X4': 12, 'Y4': 540, 'Z4': 1, 'C4': 1, 'R4': 1, 'S4': 1, 'X5': 12, 'Y5': 540, 'Z5': 1, 'C5': 1, 'R5': 1, 'S5': 1, 'X6': 12, 'Y6': 540, 'Z6': 1, 'C6': 1, 'R6': 1, 'S6': 1, 'Z7': 1, 'C7': 1, 'R7': 1, 'S7': 1}
  GlobalBuffer: {'Q': 20, 'P': 1, 'X0': 20, 'Y0': 1, 'Z0': 1, 'C0': 1, 'R0': 1, 'S0': 1, 'X1': 20, 'Y1': 1, 'Z1': 1, 'C1': 1, 'R1': 1, 'S1': 1, 'X2': 20, 'Y2': 1, 'Z2': 1, 'C2': 1, 'R2': 1, 'S2': 1, 'X3': 20, 'Y3': 1, 'Z3': 1, 'C3': 1, 'R3': 1, 'S3': 1, 'X4': 20, 'Y4': 1, 'Z4': 1, 'C4': 1, 'R4': 1, 'S4': 1, 'X5': 20, 'Y5': 1, 'Z5': 1, 'C5': 1, 'R5': 1, 'S5': 1, 'X6': 20, 'Y6': 1, 'Z6': 1, 'C6': 1, 'R6': 1, 'S6': 1, 'Z7': 1, 'C7': 1, 'R7': 1, 'S7': 1}
  SACols: {'Q': 4, 'Z7': 1}
  SARows_0: {'S0': 5, 'C0': 1, 'Z0': 1}
  SARows_1: {'S1': 1, 'C1': 8, 'Z1': 1}
  SARows_2: {'S2': 3, 'C2': 2, 'Z2': 1}
  SARows_3: {'S3': 3, 'C3': 2, 'Z3': 1}
  SARows_4: {'S4': 3, 'C4': 2, 'Z4': 1}
  SARows_5: {'S5': 3, 'C5': 2, 'Z5': 1}
  SARows_6: {'S6': 1, 'C6': 6, 'Z6': 1}
  SARows_7: {'S7': 3, 'C7': 2, 'Z7': 1}

================================================================================
MEMORY CONSTRAINT VIOLATION DEBUG - Level: InRegister
================================================================================
Memory footprint: 193 bytes
Memory available: 64 bytes
Overflow: 129 bytes

Full architecture mapping:
  DRAM: P:540, Q:12, Y6:540, X6:12, Y5:540, X5:12, Y4:540, X4:12, Y3:540, X3:12, Y2:540, X2:12, Y1:540, X1:12, Y0:540, X0:12
  GlobalBuffer: Q:20, X6:20, X5:20, X4:20, X3:20, X2:20, X1:20, X0:20
  SACols: Q:4
  SARows: S7:3, C7:2
  SACols_6: X6:4
  SARows_6: C6:6
  SACols_5: X5:4
  SARows_5: S5:3, C5:2
  SACols_4: X4:4
  SARows_4: S4:3, C4:2
  SACols_3: X3:4
  SARows_3: S3:3, C3:2
  SACols_2: X2:4
  SARows_2: S2:3, C2:2
  SACols_1: X1:4
  SARows_1: C1:8
  SACols_0: X0:4
  SARows_0: S0:5
  WRegister: C7:28, R7:3, C6:2, C5:6, R5:3, C4:6, R4:3, C3:6, R3:3, C2:6, R2:3, C1:7, C0:3, R0:5
  IntermediateRegister: Z6:56, Z5:12, Z4:12, Z3:12, Z2:12, Z1:12, Z0:56
  OutRegister: Z7:16
================================================================================


================================================================================
MEMORY CONSTRAINT VIOLATION DEBUG - Level: WRegister
================================================================================
Memory footprint: 3,244 bytes
Memory available: 400 bytes
Overflow: 2,844 bytes

Full architecture mapping:
  DRAM: P:540, Q:12, Y6:540, X6:12, Y5:540, X5:12, Y4:540, X4:12, Y3:540, X3:12, Y2:540, X2:12, Y1:540, X1:12, Y0:540, X0:12
  GlobalBuffer: Q:20, X6:20, X5:20, X4:20, X3:20, X2:20, X1:20, X0:20
  SACols: Q:4
  SARows: S7:3, C7:2
  SACols_6: X6:4
  SARows_6: C6:6
  SACols_5: X5:4
  SARows_5: S5:3, C5:2
  SACols_4: X4:4
  SARows_4: S4:3, C4:2
  SACols_3: X3:4
  SARows_3: S3:3, C3:2
  SACols_2: X2:4
  SARows_2: S2:3, C2:2
  SACols_1: X1:4
  SARows_1: C1:8
  SACols_0: X0:4
  SARows_0: S0:5
  WRegister: C7:28, R7:3, C6:2, C5:6, R5:3, C4:6, R4:3, C3:6, R3:3, C2:6, R2:3, C1:7, C0:3, R0:5
  IntermediateRegister: Z6:56, Z5:12, Z4:12, Z3:12, Z2:12, Z1:12, Z0:56
  OutRegister: Z7:16
================================================================================

------ loading Accelergy for Eyeriss ------
[Constrained Eyeriss] 8 layers, tile_size=80
  DRAM: {'Q': 12, 'P': 540, 'X0': 12, 'Y0': 540, 'Z0': 1, 'C0': 1, 'R0': 1, 'S0': 1, 'X1': 12, 'Y1': 540, 'Z1': 1, 'C1': 1, 'R1': 1, 'S1': 1, 'X2': 12, 'Y2': 540, 'Z2': 1, 'C2': 1, 'R2': 1, 'S2': 1, 'X3': 12, 'Y3': 540, 'Z3': 1, 'C3': 1, 'R3': 1, 'S3': 1, 'X4': 12, 'Y4': 540, 'Z4': 1, 'C4': 1, 'R4': 1, 'S4': 1, 'X5': 12, 'Y5': 540, 'Z5': 1, 'C5': 1, 'R5': 1, 'S5': 1, 'X6': 12, 'Y6': 540, 'Z6': 1, 'C6': 1, 'R6': 1, 'S6': 1, 'Z7': 1, 'C7': 1, 'R7': 1, 'S7': 1}
  GlobalBuffer: {'Q': 10, 'P': 1, 'X0': 10, 'Y0': 1, 'Z0': 1, 'C0': 1, 'R0': 1, 'S0': 1, 'X1': 10, 'Y1': 1, 'Z1': 1, 'C1': 1, 'R1': 1, 'S1': 1, 'X2': 10, 'Y2': 1, 'Z2': 1, 'C2': 1, 'R2': 1, 'S2': 1, 'X3': 10, 'Y3': 1, 'Z3': 1, 'C3': 1, 'R3': 1, 'S3': 1, 'X4': 10, 'Y4': 1, 'Z4': 1, 'C4': 1, 'R4': 1, 'S4': 1, 'X5': 10, 'Y5': 1, 'Z5': 1, 'C5': 1, 'R5': 1, 'S5': 1, 'X6': 10, 'Y6': 1, 'Z6': 1, 'C6': 1, 'R6': 1, 'S6': 1, 'Z7': 1, 'C7': 1, 'R7': 1, 'S7': 1}
  SACols: {'Q': 8, 'Z7': 1}
  SARows_0: {'S0': 5, 'C0': 1, 'Z0': 1}
  SARows_1: {'S1': 1, 'C1': 8, 'Z1': 1}
  SARows_2: {'S2': 3, 'C2': 2, 'Z2': 1}
  SARows_3: {'S3': 3, 'C3': 2, 'Z3': 1}
  SARows_4: {'S4': 3, 'C4': 2, 'Z4': 1}
  SARows_5: {'S5': 3, 'C5': 2, 'Z5': 1}
  SARows_6: {'S6': 1, 'C6': 6, 'Z6': 1}
  SARows_7: {'S7': 3, 'C7': 2, 'Z7': 1}

================================================================================
MEMORY CONSTRAINT VIOLATION DEBUG - Level: InRegister
================================================================================
Memory footprint: 193 bytes
Memory available: 64 bytes
Overflow: 129 bytes

Full architecture mapping:
  DRAM: P:540, Q:12, Y6:540, X6:12, Y5:540, X5:12, Y4:540, X4:12, Y3:540, X3:12, Y2:540, X2:12, Y1:540, X1:12, Y0:540, X0:12
  GlobalBuffer: Q:10, X6:10, X5:10, X4:10, X3:10, X2:10, X1:10, X0:10
  SACols: Q:8
  SARows: S7:3, C7:2
  SACols_6: X6:8
  SARows_6: C6:6
  SACols_5: X5:8
  SARows_5: S5:3, C5:2
  SACols_4: X4:8
  SARows_4: S4:3, C4:2
  SACols_3: X3:8
  SARows_3: S3:3, C3:2
  SACols_2: X2:8
  SARows_2: S2:3, C2:2
  SACols_1: X1:8
  SARows_1: C1:8
  SACols_0: X0:8
  SARows_0: S0:5
  WRegister: C7:28, R7:3, C6:2, C5:6, R5:3, C4:6, R4:3, C3:6, R3:3, C2:6, R2:3, C1:7, C0:3, R0:5
  IntermediateRegister: Z6:56, Z5:12, Z4:12, Z3:12, Z2:12, Z1:12, Z0:56
  OutRegister: Z7:16
================================================================================


================================================================================
MEMORY CONSTRAINT VIOLATION DEBUG - Level: WRegister
================================================================================
Memory footprint: 3,244 bytes
Memory available: 400 bytes
Overflow: 2,844 bytes

Full architecture mapping:
  DRAM: P:540, Q:12, Y6:540, X6:12, Y5:540, X5:12, Y4:540, X4:12, Y3:540, X3:12, Y2:540, X2:12, Y1:540, X1:12, Y0:540, X0:12
  GlobalBuffer: Q:10, X6:10, X5:10, X4:10, X3:10, X2:10, X1:10, X0:10
  SACols: Q:8
  SARows: S7:3, C7:2
  SACols_6: X6:8
  SARows_6: C6:6
  SACols_5: X5:8
  SARows_5: S5:3, C5:2
  SACols_4: X4:8
  SARows_4: S4:3, C4:2
  SACols_3: X3:8
  SARows_3: S3:3, C3:2
  SACols_2: X2:8
  SARows_2: S2:3, C2:2
  SACols_1: X1:8
  SARows_1: C1:8
  SACols_0: X0:8
  SARows_0: S0:5
  WRegister: C7:28, R7:3, C6:2, C5:6, R5:3, C4:6, R4:3, C3:6, R3:3, C2:6, R2:3, C1:7, C0:3, R0:5
  IntermediateRegister: Z6:56, Z5:12, Z4:12, Z3:12, Z2:12, Z1:12, Z0:56
  OutRegister: Z7:16
================================================================================

------ loading Accelergy for Eyeriss ------
[Constrained Eyeriss] 8 layers, tile_size=80
  DRAM: {'Q': 12, 'P': 540, 'X0': 12, 'Y0': 540, 'Z0': 1, 'C0': 1, 'R0': 1, 'S0': 1, 'X1': 12, 'Y1': 540, 'Z1': 1, 'C1': 1, 'R1': 1, 'S1': 1, 'X2': 12, 'Y2': 540, 'Z2': 1, 'C2': 1, 'R2': 1, 'S2': 1, 'X3': 12, 'Y3': 540, 'Z3': 1, 'C3': 1, 'R3': 1, 'S3': 1, 'X4': 12, 'Y4': 540, 'Z4': 1, 'C4': 1, 'R4': 1, 'S4': 1, 'X5': 12, 'Y5': 540, 'Z5': 1, 'C5': 1, 'R5': 1, 'S5': 1, 'X6': 12, 'Y6': 540, 'Z6': 1, 'C6': 1, 'R6': 1, 'S6': 1, 'Z7': 1, 'C7': 1, 'R7': 1, 'S7': 1}
  GlobalBuffer: {'Q': 8, 'P': 1, 'X0': 8, 'Y0': 1, 'Z0': 1, 'C0': 1, 'R0': 1, 'S0': 1, 'X1': 8, 'Y1': 1, 'Z1': 1, 'C1': 1, 'R1': 1, 'S1': 1, 'X2': 8, 'Y2': 1, 'Z2': 1, 'C2': 1, 'R2': 1, 'S2': 1, 'X3': 8, 'Y3': 1, 'Z3': 1, 'C3': 1, 'R3': 1, 'S3': 1, 'X4': 8, 'Y4': 1, 'Z4': 1, 'C4': 1, 'R4': 1, 'S4': 1, 'X5': 8, 'Y5': 1, 'Z5': 1, 'C5': 1, 'R5': 1, 'S5': 1, 'X6': 8, 'Y6': 1, 'Z6': 1, 'C6': 1, 'R6': 1, 'S6': 1, 'Z7': 1, 'C7': 1, 'R7': 1, 'S7': 1}
  SACols: {'Q': 10, 'Z7': 1}
  SARows_0: {'S0': 5, 'C0': 1, 'Z0': 1}
  SARows_1: {'S1': 1, 'C1': 8, 'Z1': 1}
  SARows_2: {'S2': 3, 'C2': 2, 'Z2': 1}
  SARows_3: {'S3': 3, 'C3': 2, 'Z3': 1}
  SARows_4: {'S4': 3, 'C4': 2, 'Z4': 1}
  SARows_5: {'S5': 3, 'C5': 2, 'Z5': 1}
  SARows_6: {'S6': 1, 'C6': 6, 'Z6': 1}
  SARows_7: {'S7': 3, 'C7': 2, 'Z7': 1}

================================================================================
MEMORY CONSTRAINT VIOLATION DEBUG - Level: InRegister
================================================================================
Memory footprint: 193 bytes
Memory available: 64 bytes
Overflow: 129 bytes

Full architecture mapping:
  DRAM: P:540, Q:12, Y6:540, X6:12, Y5:540, X5:12, Y4:540, X4:12, Y3:540, X3:12, Y2:540, X2:12, Y1:540, X1:12, Y0:540, X0:12
  GlobalBuffer: Q:8, X6:8, X5:8, X4:8, X3:8, X2:8, X1:8, X0:8
  SACols: Q:10
  SARows: S7:3, C7:2
  SACols_6: X6:10
  SARows_6: C6:6
  SACols_5: X5:10
  SARows_5: S5:3, C5:2
  SACols_4: X4:10
  SARows_4: S4:3, C4:2
  SACols_3: X3:10
  SARows_3: S3:3, C3:2
  SACols_2: X2:10
  SARows_2: S2:3, C2:2
  SACols_1: X1:10
  SARows_1: C1:8
  SACols_0: X0:10
  SARows_0: S0:5
  WRegister: C7:28, R7:3, C6:2, C5:6, R5:3, C4:6, R4:3, C3:6, R3:3, C2:6, R2:3, C1:7, C0:3, R0:5
  IntermediateRegister: Z6:56, Z5:12, Z4:12, Z3:12, Z2:12, Z1:12, Z0:56
  OutRegister: Z7:16
================================================================================


================================================================================
MEMORY CONSTRAINT VIOLATION DEBUG - Level: WRegister
================================================================================
Memory footprint: 3,244 bytes
Memory available: 400 bytes
Overflow: 2,844 bytes

Full architecture mapping:
  DRAM: P:540, Q:12, Y6:540, X6:12, Y5:540, X5:12, Y4:540, X4:12, Y3:540, X3:12, Y2:540, X2:12, Y1:540, X1:12, Y0:540, X0:12
  GlobalBuffer: Q:8, X6:8, X5:8, X4:8, X3:8, X2:8, X1:8, X0:8
  SACols: Q:10
  SARows: S7:3, C7:2
  SACols_6: X6:10
  SARows_6: C6:6
  SACols_5: X5:10
  SARows_5: S5:3, C5:2
  SACols_4: X4:10
  SARows_4: S4:3, C4:2
  SACols_3: X3:10
  SARows_3: S3:3, C3:2
  SACols_2: X2:10
  SARows_2: S2:3, C2:2
  SACols_1: X1:10
  SARows_1: C1:8
  SACols_0: X0:10
  SARows_0: S0:5
  WRegister: C7:28, R7:3, C6:2, C5:6, R5:3, C4:6, R4:3, C3:6, R3:3, C2:6, R2:3, C1:7, C0:3, R0:5
  IntermediateRegister: Z6:56, Z5:12, Z4:12, Z3:12, Z2:12, Z1:12, Z0:56
  OutRegister: Z7:16
================================================================================

------ loading Accelergy for Eyeriss ------
[Constrained Eyeriss] 8 layers, tile_size=80
  DRAM: {'Q': 12, 'P': 540, 'X0': 12, 'Y0': 540, 'Z0': 1, 'C0': 1, 'R0': 1, 'S0': 1, 'X1': 12, 'Y1': 540, 'Z1': 1, 'C1': 1, 'R1': 1, 'S1': 1, 'X2': 12, 'Y2': 540, 'Z2': 1, 'C2': 1, 'R2': 1, 'S2': 1, 'X3': 12, 'Y3': 540, 'Z3': 1, 'C3': 1, 'R3': 1, 'S3': 1, 'X4': 12, 'Y4': 540, 'Z4': 1, 'C4': 1, 'R4': 1, 'S4': 1, 'X5': 12, 'Y5': 540, 'Z5': 1, 'C5': 1, 'R5': 1, 'S5': 1, 'X6': 12, 'Y6': 540, 'Z6': 1, 'C6': 1, 'R6': 1, 'S6': 1, 'Z7': 1, 'C7': 1, 'R7': 1, 'S7': 1}
  GlobalBuffer: {'Q': 5, 'P': 1, 'X0': 5, 'Y0': 1, 'Z0': 1, 'C0': 1, 'R0': 1, 'S0': 1, 'X1': 5, 'Y1': 1, 'Z1': 1, 'C1': 1, 'R1': 1, 'S1': 1, 'X2': 5, 'Y2': 1, 'Z2': 1, 'C2': 1, 'R2': 1, 'S2': 1, 'X3': 5, 'Y3': 1, 'Z3': 1, 'C3': 1, 'R3': 1, 'S3': 1, 'X4': 5, 'Y4': 1, 'Z4': 1, 'C4': 1, 'R4': 1, 'S4': 1, 'X5': 5, 'Y5': 1, 'Z5': 1, 'C5': 1, 'R5': 1, 'S5': 1, 'X6': 5, 'Y6': 1, 'Z6': 1, 'C6': 1, 'R6': 1, 'S6': 1, 'Z7': 1, 'C7': 1, 'R7': 1, 'S7': 1}
  SACols: {'Q': 16, 'Z7': 1}
  SARows_0: {'S0': 5, 'C0': 1, 'Z0': 1}
  SARows_1: {'S1': 1, 'C1': 8, 'Z1': 1}
  SARows_2: {'S2': 3, 'C2': 2, 'Z2': 1}
  SARows_3: {'S3': 3, 'C3': 2, 'Z3': 1}
  SARows_4: {'S4': 3, 'C4': 2, 'Z4': 1}
  SARows_5: {'S5': 3, 'C5': 2, 'Z5': 1}
  SARows_6: {'S6': 1, 'C6': 6, 'Z6': 1}
  SARows_7: {'S7': 3, 'C7': 2, 'Z7': 1}

================================================================================
MEMORY CONSTRAINT VIOLATION DEBUG - Level: InRegister
================================================================================
Memory footprint: 193 bytes
Memory available: 64 bytes
Overflow: 129 bytes

Full architecture mapping:
  DRAM: P:540, Q:12, Y6:540, X6:12, Y5:540, X5:12, Y4:540, X4:12, Y3:540, X3:12, Y2:540, X2:12, Y1:540, X1:12, Y0:540, X0:12
  GlobalBuffer: Q:5, X6:5, X5:5, X4:5, X3:5, X2:5, X1:5, X0:5
  SACols: Q:16
  SARows: S7:3, C7:2
  SACols_6: X6:16
  SARows_6: C6:6
  SACols_5: X5:16
  SARows_5: S5:3, C5:2
  SACols_4: X4:16
  SARows_4: S4:3, C4:2
  SACols_3: X3:16
  SARows_3: S3:3, C3:2
  SACols_2: X2:16
  SARows_2: S2:3, C2:2
  SACols_1: X1:16
  SARows_1: C1:8
  SACols_0: X0:16
  SARows_0: S0:5
  WRegister: C7:28, R7:3, C6:2, C5:6, R5:3, C4:6, R4:3, C3:6, R3:3, C2:6, R2:3, C1:7, C0:3, R0:5
  IntermediateRegister: Z6:56, Z5:12, Z4:12, Z3:12, Z2:12, Z1:12, Z0:56
  OutRegister: Z7:16
================================================================================


================================================================================
MEMORY CONSTRAINT VIOLATION DEBUG - Level: WRegister
================================================================================
Memory footprint: 3,244 bytes
Memory available: 400 bytes
Overflow: 2,844 bytes

Full architecture mapping:
  DRAM: P:540, Q:12, Y6:540, X6:12, Y5:540, X5:12, Y4:540, X4:12, Y3:540, X3:12, Y2:540, X2:12, Y1:540, X1:12, Y0:540, X0:12
  GlobalBuffer: Q:5, X6:5, X5:5, X4:5, X3:5, X2:5, X1:5, X0:5
  SACols: Q:16
  SARows: S7:3, C7:2
  SACols_6: X6:16
  SARows_6: C6:6
  SACols_5: X5:16
  SARows_5: S5:3, C5:2
  SACols_4: X4:16
  SARows_4: S4:3, C4:2
  SACols_3: X3:16
  SARows_3: S3:3, C3:2
  SACols_2: X2:16
  SARows_2: S2:3, C2:2
  SACols_1: X1:16
  SARows_1: C1:8
  SACols_0: X0:16
  SARows_0: S0:5
  WRegister: C7:28, R7:3, C6:2, C5:6, R5:3, C4:6, R4:3, C3:6, R3:3, C2:6, R2:3, C1:7, C0:3, R0:5
  IntermediateRegister: Z6:56, Z5:12, Z4:12, Z3:12, Z2:12, Z1:12, Z0:56
  OutRegister: Z7:16
================================================================================

------ loading Accelergy for Eyeriss ------
[Constrained Eyeriss] 8 layers, tile_size=80
  DRAM: {'Q': 12, 'P': 540, 'X0': 12, 'Y0': 540, 'Z0': 1, 'C0': 1, 'R0': 1, 'S0': 1, 'X1': 12, 'Y1': 540, 'Z1': 1, 'C1': 1, 'R1': 1, 'S1': 1, 'X2': 12, 'Y2': 540, 'Z2': 1, 'C2': 1, 'R2': 1, 'S2': 1, 'X3': 12, 'Y3': 540, 'Z3': 1, 'C3': 1, 'R3': 1, 'S3': 1, 'X4': 12, 'Y4': 540, 'Z4': 1, 'C4': 1, 'R4': 1, 'S4': 1, 'X5': 12, 'Y5': 540, 'Z5': 1, 'C5': 1, 'R5': 1, 'S5': 1, 'X6': 12, 'Y6': 540, 'Z6': 1, 'C6': 1, 'R6': 1, 'S6': 1, 'Z7': 1, 'C7': 1, 'R7': 1, 'S7': 1}
  GlobalBuffer: {'Q': 4, 'P': 1, 'X0': 4, 'Y0': 1, 'Z0': 1, 'C0': 1, 'R0': 1, 'S0': 1, 'X1': 4, 'Y1': 1, 'Z1': 1, 'C1': 1, 'R1': 1, 'S1': 1, 'X2': 4, 'Y2': 1, 'Z2': 1, 'C2': 1, 'R2': 1, 'S2': 1, 'X3': 4, 'Y3': 1, 'Z3': 1, 'C3': 1, 'R3': 1, 'S3': 1, 'X4': 4, 'Y4': 1, 'Z4': 1, 'C4': 1, 'R4': 1, 'S4': 1, 'X5': 4, 'Y5': 1, 'Z5': 1, 'C5': 1, 'R5': 1, 'S5': 1, 'X6': 4, 'Y6': 1, 'Z6': 1, 'C6': 1, 'R6': 1, 'S6': 1, 'Z7': 1, 'C7': 1, 'R7': 1, 'S7': 1}
  SACols: {'Q': 20, 'Z7': 1}
  SARows_0: {'S0': 5, 'C0': 1, 'Z0': 1}
  SARows_1: {'S1': 1, 'C1': 8, 'Z1': 1}
  SARows_2: {'S2': 3, 'C2': 2, 'Z2': 1}
  SARows_3: {'S3': 3, 'C3': 2, 'Z3': 1}
  SARows_4: {'S4': 3, 'C4': 2, 'Z4': 1}
  SARows_5: {'S5': 3, 'C5': 2, 'Z5': 1}
  SARows_6: {'S6': 1, 'C6': 6, 'Z6': 1}
  SARows_7: {'S7': 3, 'C7': 2, 'Z7': 1}

================================================================================
MEMORY CONSTRAINT VIOLATION DEBUG - Level: InRegister
================================================================================
Memory footprint: 193 bytes
Memory available: 64 bytes
Overflow: 129 bytes

Full architecture mapping:
  DRAM: P:540, Q:12, Y6:540, X6:12, Y5:540, X5:12, Y4:540, X4:12, Y3:540, X3:12, Y2:540, X2:12, Y1:540, X1:12, Y0:540, X0:12
  GlobalBuffer: Q:4, X6:4, X5:4, X4:4, X3:4, X2:4, X1:4, X0:4
  SACols: Q:20
  SARows: S7:3, C7:2
  SACols_6: X6:20
  SARows_6: C6:6
  SACols_5: X5:20
  SARows_5: S5:3, C5:2
  SACols_4: X4:20
  SARows_4: S4:3, C4:2
  SACols_3: X3:20
  SARows_3: S3:3, C3:2
  SACols_2: X2:20
  SARows_2: S2:3, C2:2
  SACols_1: X1:20
  SARows_1: C1:8
  SACols_0: X0:20
  SARows_0: S0:5
  WRegister: C7:28, R7:3, C6:2, C5:6, R5:3, C4:6, R4:3, C3:6, R3:3, C2:6, R2:3, C1:7, C0:3, R0:5
  IntermediateRegister: Z6:56, Z5:12, Z4:12, Z3:12, Z2:12, Z1:12, Z0:56
  OutRegister: Z7:16
================================================================================


================================================================================
MEMORY CONSTRAINT VIOLATION DEBUG - Level: WRegister
================================================================================
Memory footprint: 3,244 bytes
Memory available: 400 bytes
Overflow: 2,844 bytes

Full architecture mapping:
  DRAM: P:540, Q:12, Y6:540, X6:12, Y5:540, X5:12, Y4:540, X4:12, Y3:540, X3:12, Y2:540, X2:12, Y1:540, X1:12, Y0:540, X0:12
  GlobalBuffer: Q:4, X6:4, X5:4, X4:4, X3:4, X2:4, X1:4, X0:4
  SACols: Q:20
  SARows: S7:3, C7:2
  SACols_6: X6:20
  SARows_6: C6:6
  SACols_5: X5:20
  SARows_5: S5:3, C5:2
  SACols_4: X4:20
  SARows_4: S4:3, C4:2
  SACols_3: X3:20
  SARows_3: S3:3, C3:2
  SACols_2: X2:20
  SARows_2: S2:3, C2:2
  SACols_1: X1:20
  SARows_1: C1:8
  SACols_0: X0:20
  SARows_0: S0:5
  WRegister: C7:28, R7:3, C6:2, C5:6, R5:3, C4:6, R4:3, C3:6, R3:3, C2:6, R2:3, C1:7, C0:3, R0:5
  IntermediateRegister: Z6:56, Z5:12, Z4:12, Z3:12, Z2:12, Z1:12, Z0:56
  OutRegister: Z7:16
================================================================================

------ loading Accelergy for Eyeriss ------
[Constrained Eyeriss] 8 layers, tile_size=80
  DRAM: {'Q': 12, 'P': 540, 'X0': 12, 'Y0': 540, 'Z0': 1, 'C0': 1, 'R0': 1, 'S0': 1, 'X1': 12, 'Y1': 540, 'Z1': 1, 'C1': 1, 'R1': 1, 'S1': 1, 'X2': 12, 'Y2': 540, 'Z2': 1, 'C2': 1, 'R2': 1, 'S2': 1, 'X3': 12, 'Y3': 540, 'Z3': 1, 'C3': 1, 'R3': 1, 'S3': 1, 'X4': 12, 'Y4': 540, 'Z4': 1, 'C4': 1, 'R4': 1, 'S4': 1, 'X5': 12, 'Y5': 540, 'Z5': 1, 'C5': 1, 'R5': 1, 'S5': 1, 'X6': 12, 'Y6': 540, 'Z6': 1, 'C6': 1, 'R6': 1, 'S6': 1, 'Z7': 1, 'C7': 1, 'R7': 1, 'S7': 1}
  GlobalBuffer: {'Q': 2, 'P': 1, 'X0': 2, 'Y0': 1, 'Z0': 1, 'C0': 1, 'R0': 1, 'S0': 1, 'X1': 2, 'Y1': 1, 'Z1': 1, 'C1': 1, 'R1': 1, 'S1': 1, 'X2': 2, 'Y2': 1, 'Z2': 1, 'C2': 1, 'R2': 1, 'S2': 1, 'X3': 2, 'Y3': 1, 'Z3': 1, 'C3': 1, 'R3': 1, 'S3': 1, 'X4': 2, 'Y4': 1, 'Z4': 1, 'C4': 1, 'R4': 1, 'S4': 1, 'X5': 2, 'Y5': 1, 'Z5': 1, 'C5': 1, 'R5': 1, 'S5': 1, 'X6': 2, 'Y6': 1, 'Z6': 1, 'C6': 1, 'R6': 1, 'S6': 1, 'Z7': 1, 'C7': 1, 'R7': 1, 'S7': 1}
  SACols: {'Q': 40, 'Z7': 1}
  SARows_0: {'S0': 5, 'C0': 1, 'Z0': 1}
  SARows_1: {'S1': 1, 'C1': 8, 'Z1': 1}
  SARows_2: {'S2': 3, 'C2': 2, 'Z2': 1}
  SARows_3: {'S3': 3, 'C3': 2, 'Z3': 1}
  SARows_4: {'S4': 3, 'C4': 2, 'Z4': 1}
  SARows_5: {'S5': 3, 'C5': 2, 'Z5': 1}
  SARows_6: {'S6': 1, 'C6': 6, 'Z6': 1}
  SARows_7: {'S7': 3, 'C7': 2, 'Z7': 1}

================================================================================
MEMORY CONSTRAINT VIOLATION DEBUG - Level: InRegister
================================================================================
Memory footprint: 193 bytes
Memory available: 64 bytes
Overflow: 129 bytes

Full architecture mapping:
  DRAM: P:540, Q:12, Y6:540, X6:12, Y5:540, X5:12, Y4:540, X4:12, Y3:540, X3:12, Y2:540, X2:12, Y1:540, X1:12, Y0:540, X0:12
  GlobalBuffer: Q:2, X6:2, X5:2, X4:2, X3:2, X2:2, X1:2, X0:2
  SACols: Q:40
  SARows: S7:3, C7:2
  SACols_6: X6:40
  SARows_6: C6:6
  SACols_5: X5:40
  SARows_5: S5:3, C5:2
  SACols_4: X4:40
  SARows_4: S4:3, C4:2
  SACols_3: X3:40
  SARows_3: S3:3, C3:2
  SACols_2: X2:40
  SARows_2: S2:3, C2:2
  SACols_1: X1:40
  SARows_1: C1:8
  SACols_0: X0:40
  SARows_0: S0:5
  WRegister: C7:28, R7:3, C6:2, C5:6, R5:3, C4:6, R4:3, C3:6, R3:3, C2:6, R2:3, C1:7, C0:3, R0:5
  IntermediateRegister: Z6:56, Z5:12, Z4:12, Z3:12, Z2:12, Z1:12, Z0:56
  OutRegister: Z7:16
================================================================================


================================================================================
MEMORY CONSTRAINT VIOLATION DEBUG - Level: WRegister
================================================================================
Memory footprint: 3,244 bytes
Memory available: 400 bytes
Overflow: 2,844 bytes

Full architecture mapping:
  DRAM: P:540, Q:12, Y6:540, X6:12, Y5:540, X5:12, Y4:540, X4:12, Y3:540, X3:12, Y2:540, X2:12, Y1:540, X1:12, Y0:540, X0:12
  GlobalBuffer: Q:2, X6:2, X5:2, X4:2, X3:2, X2:2, X1:2, X0:2
  SACols: Q:40
  SARows: S7:3, C7:2
  SACols_6: X6:40
  SARows_6: C6:6
  SACols_5: X5:40
  SARows_5: S5:3, C5:2
  SACols_4: X4:40
  SARows_4: S4:3, C4:2
  SACols_3: X3:40
  SARows_3: S3:3, C3:2
  SACols_2: X2:40
  SARows_2: S2:3, C2:2
  SACols_1: X1:40
  SARows_1: C1:8
  SACols_0: X0:40
  SARows_0: S0:5
  WRegister: C7:28, R7:3, C6:2, C5:6, R5:3, C4:6, R4:3, C3:6, R3:3, C2:6, R2:3, C1:7, C0:3, R0:5
  IntermediateRegister: Z6:56, Z5:12, Z4:12, Z3:12, Z2:12, Z1:12, Z0:56
  OutRegister: Z7:16
================================================================================

------ loading Accelergy for Eyeriss ------
[Constrained Eyeriss] 8 layers, tile_size=80
  DRAM: {'Q': 12, 'P': 540, 'X0': 12, 'Y0': 540, 'Z0': 1, 'C0': 1, 'R0': 1, 'S0': 1, 'X1': 12, 'Y1': 540, 'Z1': 1, 'C1': 1, 'R1': 1, 'S1': 1, 'X2': 12, 'Y2': 540, 'Z2': 1, 'C2': 1, 'R2': 1, 'S2': 1, 'X3': 12, 'Y3': 540, 'Z3': 1, 'C3': 1, 'R3': 1, 'S3': 1, 'X4': 12, 'Y4': 540, 'Z4': 1, 'C4': 1, 'R4': 1, 'S4': 1, 'X5': 12, 'Y5': 540, 'Z5': 1, 'C5': 1, 'R5': 1, 'S5': 1, 'X6': 12, 'Y6': 540, 'Z6': 1, 'C6': 1, 'R6': 1, 'S6': 1, 'Z7': 1, 'C7': 1, 'R7': 1, 'S7': 1}
  GlobalBuffer: {'Q': 1, 'P': 1, 'X0': 1, 'Y0': 1, 'Z0': 1, 'C0': 1, 'R0': 1, 'S0': 1, 'X1': 1, 'Y1': 1, 'Z1': 1, 'C1': 1, 'R1': 1, 'S1': 1, 'X2': 1, 'Y2': 1, 'Z2': 1, 'C2': 1, 'R2': 1, 'S2': 1, 'X3': 1, 'Y3': 1, 'Z3': 1, 'C3': 1, 'R3': 1, 'S3': 1, 'X4': 1, 'Y4': 1, 'Z4': 1, 'C4': 1, 'R4': 1, 'S4': 1, 'X5': 1, 'Y5': 1, 'Z5': 1, 'C5': 1, 'R5': 1, 'S5': 1, 'X6': 1, 'Y6': 1, 'Z6': 1, 'C6': 1, 'R6': 1, 'S6': 1, 'Z7': 1, 'C7': 1, 'R7': 1, 'S7': 1}
  SACols: {'Q': 80, 'Z7': 1}
  SARows_0: {'S0': 5, 'C0': 1, 'Z0': 1}
  SARows_1: {'S1': 1, 'C1': 8, 'Z1': 1}
  SARows_2: {'S2': 3, 'C2': 2, 'Z2': 1}
  SARows_3: {'S3': 3, 'C3': 2, 'Z3': 1}
  SARows_4: {'S4': 3, 'C4': 2, 'Z4': 1}
  SARows_5: {'S5': 3, 'C5': 2, 'Z5': 1}
  SARows_6: {'S6': 1, 'C6': 6, 'Z6': 1}
  SARows_7: {'S7': 3, 'C7': 2, 'Z7': 1}

================================================================================
MEMORY CONSTRAINT VIOLATION DEBUG - Level: InRegister
================================================================================
Memory footprint: 193 bytes
Memory available: 64 bytes
Overflow: 129 bytes

Full architecture mapping:
  DRAM: P:540, Q:12, Y6:540, X6:12, Y5:540, X5:12, Y4:540, X4:12, Y3:540, X3:12, Y2:540, X2:12, Y1:540, X1:12, Y0:540, X0:12
  SACols: Q:80
  SARows: S7:3, C7:2
  SACols_6: X6:80
  SARows_6: C6:6
  SACols_5: X5:80
  SARows_5: S5:3, C5:2
  SACols_4: X4:80
  SARows_4: S4:3, C4:2
  SACols_3: X3:80
  SARows_3: S3:3, C3:2
  SACols_2: X2:80
  SARows_2: S2:3, C2:2
  SACols_1: X1:80
  SARows_1: C1:8
  SACols_0: X0:80
  SARows_0: S0:5
  WRegister: C7:28, R7:3, C6:2, C5:6, R5:3, C4:6, R4:3, C3:6, R3:3, C2:6, R2:3, C1:7, C0:3, R0:5
  IntermediateRegister: Z6:56, Z5:12, Z4:12, Z3:12, Z2:12, Z1:12, Z0:56
  OutRegister: Z7:16
================================================================================


================================================================================
MEMORY CONSTRAINT VIOLATION DEBUG - Level: WRegister
================================================================================
Memory footprint: 3,244 bytes
Memory available: 400 bytes
Overflow: 2,844 bytes

Full architecture mapping:
  DRAM: P:540, Q:12, Y6:540, X6:12, Y5:540, X5:12, Y4:540, X4:12, Y3:540, X3:12, Y2:540, X2:12, Y1:540, X1:12, Y0:540, X0:12
  SACols: Q:80
  SARows: S7:3, C7:2
  SACols_6: X6:80
  SARows_6: C6:6
  SACols_5: X5:80
  SARows_5: S5:3, C5:2
  SACols_4: X4:80
  SARows_4: S4:3, C4:2
  SACols_3: X3:80
  SARows_3: S3:3, C3:2
  SACols_2: X2:80
  SARows_2: S2:3, C2:2
  SACols_1: X1:80
  SARows_1: C1:8
  SACols_0: X0:80
  SARows_0: S0:5
  WRegister: C7:28, R7:3, C6:2, C5:6, R5:3, C4:6, R4:3, C3:6, R3:3, C2:6, R2:3, C1:7, C0:3, R0:5
  IntermediateRegister: Z6:56, Z5:12, Z4:12, Z3:12, Z2:12, Z1:12, Z0:56
  OutRegister: Z7:16
================================================================================

------ loading Accelergy for Eyeriss ------
[Constrained Eyeriss] 8 layers, tile_size=80
  DRAM: {'Q': 12, 'P': 540, 'X0': 12, 'Y0': 540, 'Z0': 1, 'C0': 1, 'R0': 1, 'S0': 1, 'X1': 12, 'Y1': 540, 'Z1': 1, 'C1': 1, 'R1': 1, 'S1': 1, 'X2': 12, 'Y2': 540, 'Z2': 1, 'C2': 1, 'R2': 1, 'S2': 1, 'X3': 12, 'Y3': 540, 'Z3': 1, 'C3': 1, 'R3': 1, 'S3': 1, 'X4': 12, 'Y4': 540, 'Z4': 1, 'C4': 1, 'R4': 1, 'S4': 1, 'X5': 12, 'Y5': 540, 'Z5': 1, 'C5': 1, 'R5': 1, 'S5': 1, 'X6': 12, 'Y6': 540, 'Z6': 1, 'C6': 1, 'R6': 1, 'S6': 1, 'Z7': 1, 'C7': 1, 'R7': 1, 'S7': 1}
  GlobalBuffer: {'Q': 1, 'P': 1, 'X0': 1, 'Y0': 1, 'Z0': 1, 'C0': 1, 'R0': 1, 'S0': 1, 'X1': 1, 'Y1': 1, 'Z1': 1, 'C1': 1, 'R1': 1, 'S1': 1, 'X2': 1, 'Y2': 1, 'Z2': 1, 'C2': 1, 'R2': 1, 'S2': 1, 'X3': 1, 'Y3': 1, 'Z3': 1, 'C3': 1, 'R3': 1, 'S3': 1, 'X4': 1, 'Y4': 1, 'Z4': 1, 'C4': 1, 'R4': 1, 'S4': 1, 'X5': 1, 'Y5': 1, 'Z5': 1, 'C5': 1, 'R5': 1, 'S5': 1, 'X6': 1, 'Y6': 1, 'Z6': 1, 'C6': 1, 'R6': 1, 'S6': 1, 'Z7': 1, 'C7': 1, 'R7': 1, 'S7': 1}
  SACols: {'Q': 80, 'Z7': 1}
  SARows_0: {'S0': 5, 'C0': 1, 'Z0': 1}
  SARows_1: {'S1': 1, 'C1': 8, 'Z1': 1}
  SARows_2: {'S2': 3, 'C2': 2, 'Z2': 1}
  SARows_3: {'S3': 3, 'C3': 2, 'Z3': 1}
  SARows_4: {'S4': 3, 'C4': 2, 'Z4': 1}
  SARows_5: {'S5': 3, 'C5': 2, 'Z5': 1}
  SARows_6: {'S6': 1, 'C6': 6, 'Z6': 1}
  SARows_7: {'S7': 3, 'C7': 2, 'Z7': 1}

================================================================================
MEMORY CONSTRAINT VIOLATION DEBUG - Level: InRegister
================================================================================
Memory footprint: 193 bytes
Memory available: 64 bytes
Overflow: 129 bytes

Full architecture mapping:
  DRAM: P:540, Q:12, Y6:540, X6:12, Y5:540, X5:12, Y4:540, X4:12, Y3:540, X3:12, Y2:540, X2:12, Y1:540, X1:12, Y0:540, X0:12
  SACols: Q:80
  SARows: S7:3, C7:2
  SACols_6: X6:80
  SARows_6: C6:6
  SACols_5: X5:80
  SARows_5: S5:3, C5:2
  SACols_4: X4:80
  SARows_4: S4:3, C4:2
  SACols_3: X3:80
  SARows_3: S3:3, C3:2
  SACols_2: X2:80
  SARows_2: S2:3, C2:2
  SACols_1: X1:80
  SARows_1: C1:8
  SACols_0: X0:80
  SARows_0: S0:5
  WRegister: C7:28, R7:3, C6:2, C5:6, R5:3, C4:6, R4:3, C3:6, R3:3, C2:6, R2:3, C1:7, C0:3, R0:5
  IntermediateRegister: Z6:56, Z5:12, Z4:12, Z3:12, Z2:12, Z1:12, Z0:56
  OutRegister: Z7:16
================================================================================


================================================================================
MEMORY CONSTRAINT VIOLATION DEBUG - Level: WRegister
================================================================================
Memory footprint: 3,244 bytes
Memory available: 400 bytes
Overflow: 2,844 bytes

Full architecture mapping:
  DRAM: P:540, Q:12, Y6:540, X6:12, Y5:540, X5:12, Y4:540, X4:12, Y3:540, X3:12, Y2:540, X2:12, Y1:540, X1:12, Y0:540, X0:12
  SACols: Q:80
  SARows: S7:3, C7:2
  SACols_6: X6:80
  SARows_6: C6:6
  SACols_5: X5:80
  SARows_5: S5:3, C5:2
  SACols_4: X4:80
  SARows_4: S4:3, C4:2
  SACols_3: X3:80
  SARows_3: S3:3, C3:2
  SACols_2: X2:80
  SARows_2: S2:3, C2:2
  SACols_1: X1:80
  SARows_1: C1:8
  SACols_0: X0:80
  SARows_0: S0:5
  WRegister: C7:28, R7:3, C6:2, C5:6, R5:3, C4:6, R4:3, C3:6, R3:3, C2:6, R2:3, C1:7, C0:3, R0:5
  IntermediateRegister: Z6:56, Z5:12, Z4:12, Z3:12, Z2:12, Z1:12, Z0:56
  OutRegister: Z7:16
================================================================================

------ loading Accelergy for Eyeriss ------
[Constrained Eyeriss] 8 layers, tile_size=80
  DRAM: {'Q': 12, 'P': 540, 'X0': 12, 'Y0': 540, 'Z0': 1, 'C0': 1, 'R0': 1, 'S0': 1, 'X1': 12, 'Y1': 540, 'Z1': 1, 'C1': 1, 'R1': 1, 'S1': 1, 'X2': 12, 'Y2': 540, 'Z2': 1, 'C2': 1, 'R2': 1, 'S2': 1, 'X3': 12, 'Y3': 540, 'Z3': 1, 'C3': 1, 'R3': 1, 'S3': 1, 'X4': 12, 'Y4': 540, 'Z4': 1, 'C4': 1, 'R4': 1, 'S4': 1, 'X5': 12, 'Y5': 540, 'Z5': 1, 'C5': 1, 'R5': 1, 'S5': 1, 'X6': 12, 'Y6': 540, 'Z6': 1, 'C6': 1, 'R6': 1, 'S6': 1, 'Z7': 1, 'C7': 1, 'R7': 1, 'S7': 1}
  GlobalBuffer: {'Q': 1, 'P': 1, 'X0': 1, 'Y0': 1, 'Z0': 1, 'C0': 1, 'R0': 1, 'S0': 1, 'X1': 1, 'Y1': 1, 'Z1': 1, 'C1': 1, 'R1': 1, 'S1': 1, 'X2': 1, 'Y2': 1, 'Z2': 1, 'C2': 1, 'R2': 1, 'S2': 1, 'X3': 1, 'Y3': 1, 'Z3': 1, 'C3': 1, 'R3': 1, 'S3': 1, 'X4': 1, 'Y4': 1, 'Z4': 1, 'C4': 1, 'R4': 1, 'S4': 1, 'X5': 1, 'Y5': 1, 'Z5': 1, 'C5': 1, 'R5': 1, 'S5': 1, 'X6': 1, 'Y6': 1, 'Z6': 1, 'C6': 1, 'R6': 1, 'S6': 1, 'Z7': 1, 'C7': 1, 'R7': 1, 'S7': 1}
  SACols: {'Q': 80, 'Z7': 2}
  SARows_0: {'S0': 5, 'C0': 1, 'Z0': 1}
  SARows_1: {'S1': 1, 'C1': 8, 'Z1': 1}
  SARows_2: {'S2': 3, 'C2': 2, 'Z2': 1}
  SARows_3: {'S3': 3, 'C3': 2, 'Z3': 1}
  SARows_4: {'S4': 3, 'C4': 2, 'Z4': 1}
  SARows_5: {'S5': 3, 'C5': 2, 'Z5': 1}
  SARows_6: {'S6': 1, 'C6': 6, 'Z6': 1}
  SARows_7: {'S7': 3, 'C7': 2, 'Z7': 1}

================================================================================
MEMORY CONSTRAINT VIOLATION DEBUG - Level: InRegister
================================================================================
Memory footprint: 193 bytes
Memory available: 64 bytes
Overflow: 129 bytes

Full architecture mapping:
  DRAM: P:540, Q:12, Y6:540, X6:12, Y5:540, X5:12, Y4:540, X4:12, Y3:540, X3:12, Y2:540, X2:12, Y1:540, X1:12, Y0:540, X0:12
  SACols: Q:80, Z7:2
  SARows: S7:3, C7:2
  SACols_6: X6:80, Z6:2
  SARows_6: C6:6
  SACols_5: X5:80, Z5:3
  SARows_5: S5:3, C5:2
  SACols_4: X4:80, Z4:3
  SARows_4: S4:3, C4:2
  SACols_3: X3:80, Z3:3
  SARows_3: S3:3, C3:2
  SACols_2: X2:80, Z2:3
  SARows_2: S2:3, C2:2
  SACols_1: X1:80, Z1:3
  SARows_1: C1:8
  SACols_0: X0:80, Z0:2
  SARows_0: S0:5
  WRegister: C7:28, R7:3, C6:2, C5:6, R5:3, C4:6, R4:3, C3:6, R3:3, C2:6, R2:3, C1:7, C0:3, R0:5
  IntermediateRegister: Z6:28, Z5:4, Z4:4, Z3:4, Z2:4, Z1:4, Z0:28
  OutRegister: Z7:8
================================================================================


================================================================================
MEMORY CONSTRAINT VIOLATION DEBUG - Level: WRegister
================================================================================
Memory footprint: 1,464 bytes
Memory available: 400 bytes
Overflow: 1,064 bytes

Full architecture mapping:
  DRAM: P:540, Q:12, Y6:540, X6:12, Y5:540, X5:12, Y4:540, X4:12, Y3:540, X3:12, Y2:540, X2:12, Y1:540, X1:12, Y0:540, X0:12
  SACols: Q:80, Z7:2
  SARows: S7:3, C7:2
  SACols_6: X6:80, Z6:2
  SARows_6: C6:6
  SACols_5: X5:80, Z5:3
  SARows_5: S5:3, C5:2
  SACols_4: X4:80, Z4:3
  SARows_4: S4:3, C4:2
  SACols_3: X3:80, Z3:3
  SARows_3: S3:3, C3:2
  SACols_2: X2:80, Z2:3
  SARows_2: S2:3, C2:2
  SACols_1: X1:80, Z1:3
  SARows_1: C1:8
  SACols_0: X0:80, Z0:2
  SARows_0: S0:5
  WRegister: C7:28, R7:3, C6:2, C5:6, R5:3, C4:6, R4:3, C3:6, R3:3, C2:6, R2:3, C1:7, C0:3, R0:5
  IntermediateRegister: Z6:28, Z5:4, Z4:4, Z3:4, Z2:4, Z1:4, Z0:28
  OutRegister: Z7:8
================================================================================

------ loading Accelergy for Eyeriss ------
[Constrained Eyeriss] 8 layers, tile_size=80
  DRAM: {'Q': 12, 'P': 540, 'X0': 12, 'Y0': 540, 'Z0': 1, 'C0': 1, 'R0': 1, 'S0': 1, 'X1': 12, 'Y1': 540, 'Z1': 1, 'C1': 1, 'R1': 1, 'S1': 1, 'X2': 12, 'Y2': 540, 'Z2': 1, 'C2': 1, 'R2': 1, 'S2': 1, 'X3': 12, 'Y3': 540, 'Z3': 1, 'C3': 1, 'R3': 1, 'S3': 1, 'X4': 12, 'Y4': 540, 'Z4': 1, 'C4': 1, 'R4': 1, 'S4': 1, 'X5': 12, 'Y5': 540, 'Z5': 1, 'C5': 1, 'R5': 1, 'S5': 1, 'X6': 12, 'Y6': 540, 'Z6': 1, 'C6': 1, 'R6': 1, 'S6': 1, 'Z7': 1, 'C7': 1, 'R7': 1, 'S7': 1}
  GlobalBuffer: {'Q': 1, 'P': 1, 'X0': 1, 'Y0': 1, 'Z0': 1, 'C0': 1, 'R0': 1, 'S0': 1, 'X1': 1, 'Y1': 1, 'Z1': 1, 'C1': 1, 'R1': 1, 'S1': 1, 'X2': 1, 'Y2': 1, 'Z2': 1, 'C2': 1, 'R2': 1, 'S2': 1, 'X3': 1, 'Y3': 1, 'Z3': 1, 'C3': 1, 'R3': 1, 'S3': 1, 'X4': 1, 'Y4': 1, 'Z4': 1, 'C4': 1, 'R4': 1, 'S4': 1, 'X5': 1, 'Y5': 1, 'Z5': 1, 'C5': 1, 'R5': 1, 'S5': 1, 'X6': 1, 'Y6': 1, 'Z6': 1, 'C6': 1, 'R6': 1, 'S6': 1, 'Z7': 1, 'C7': 1, 'R7': 1, 'S7': 1}
  SACols: {'Q': 80, 'Z7': 4}
  SARows_0: {'S0': 5, 'C0': 1, 'Z0': 1}
  SARows_1: {'S1': 1, 'C1': 8, 'Z1': 1}
  SARows_2: {'S2': 3, 'C2': 2, 'Z2': 1}
  SARows_3: {'S3': 3, 'C3': 2, 'Z3': 1}
  SARows_4: {'S4': 3, 'C4': 2, 'Z4': 1}
  SARows_5: {'S5': 3, 'C5': 2, 'Z5': 1}
  SARows_6: {'S6': 1, 'C6': 6, 'Z6': 1}
  SARows_7: {'S7': 3, 'C7': 2, 'Z7': 1}

================================================================================
MEMORY CONSTRAINT VIOLATION DEBUG - Level: InRegister
================================================================================
Memory footprint: 193 bytes
Memory available: 64 bytes
Overflow: 129 bytes

Full architecture mapping:
  DRAM: P:540, Q:12, Y6:540, X6:12, Y5:540, X5:12, Y4:540, X4:12, Y3:540, X3:12, Y2:540, X2:12, Y1:540, X1:12, Y0:540, X0:12
  SACols: Q:80, Z7:4
  SARows: S7:3, C7:2
  SACols_6: X6:80, Z6:4
  SARows_6: C6:6
  SACols_5: X5:80, Z5:4
  SARows_5: S5:3, C5:2
  SACols_4: X4:80, Z4:4
  SARows_4: S4:3, C4:2
  SACols_3: X3:80, Z3:4
  SARows_3: S3:3, C3:2
  SACols_2: X2:80, Z2:4
  SARows_2: S2:3, C2:2
  SACols_1: X1:80, Z1:4
  SARows_1: C1:8
  SACols_0: X0:80, Z0:4
  SARows_0: S0:5
  WRegister: C7:28, R7:3, C6:2, C5:6, R5:3, C4:6, R4:3, C3:6, R3:3, C2:6, R2:3, C1:7, C0:3, R0:5
  IntermediateRegister: Z6:14, Z5:3, Z4:3, Z3:3, Z2:3, Z1:3, Z0:14
  OutRegister: Z7:4
================================================================================


================================================================================
MEMORY CONSTRAINT VIOLATION DEBUG - Level: WRegister
================================================================================
Memory footprint: 811 bytes
Memory available: 400 bytes
Overflow: 411 bytes

Full architecture mapping:
  DRAM: P:540, Q:12, Y6:540, X6:12, Y5:540, X5:12, Y4:540, X4:12, Y3:540, X3:12, Y2:540, X2:12, Y1:540, X1:12, Y0:540, X0:12
  SACols: Q:80, Z7:4
  SARows: S7:3, C7:2
  SACols_6: X6:80, Z6:4
  SARows_6: C6:6
  SACols_5: X5:80, Z5:4
  SARows_5: S5:3, C5:2
  SACols_4: X4:80, Z4:4
  SARows_4: S4:3, C4:2
  SACols_3: X3:80, Z3:4
  SARows_3: S3:3, C3:2
  SACols_2: X2:80, Z2:4
  SARows_2: S2:3, C2:2
  SACols_1: X1:80, Z1:4
  SARows_1: C1:8
  SACols_0: X0:80, Z0:4
  SARows_0: S0:5
  WRegister: C7:28, R7:3, C6:2, C5:6, R5:3, C4:6, R4:3, C3:6, R3:3, C2:6, R2:3, C1:7, C0:3, R0:5
  IntermediateRegister: Z6:14, Z5:3, Z4:3, Z3:3, Z2:3, Z1:3, Z0:14
  OutRegister: Z7:4
================================================================================

------ loading Accelergy for Eyeriss ------
[Constrained Eyeriss] 8 layers, tile_size=80
  DRAM: {'Q': 12, 'P': 540, 'X0': 12, 'Y0': 540, 'Z0': 1, 'C0': 1, 'R0': 1, 'S0': 1, 'X1': 12, 'Y1': 540, 'Z1': 1, 'C1': 1, 'R1': 1, 'S1': 1, 'X2': 12, 'Y2': 540, 'Z2': 1, 'C2': 1, 'R2': 1, 'S2': 1, 'X3': 12, 'Y3': 540, 'Z3': 1, 'C3': 1, 'R3': 1, 'S3': 1, 'X4': 12, 'Y4': 540, 'Z4': 1, 'C4': 1, 'R4': 1, 'S4': 1, 'X5': 12, 'Y5': 540, 'Z5': 1, 'C5': 1, 'R5': 1, 'S5': 1, 'X6': 12, 'Y6': 540, 'Z6': 1, 'C6': 1, 'R6': 1, 'S6': 1, 'Z7': 1, 'C7': 1, 'R7': 1, 'S7': 1}
  GlobalBuffer: {'Q': 1, 'P': 1, 'X0': 1, 'Y0': 1, 'Z0': 1, 'C0': 1, 'R0': 1, 'S0': 1, 'X1': 1, 'Y1': 1, 'Z1': 1, 'C1': 1, 'R1': 1, 'S1': 1, 'X2': 1, 'Y2': 1, 'Z2': 1, 'C2': 1, 'R2': 1, 'S2': 1, 'X3': 1, 'Y3': 1, 'Z3': 1, 'C3': 1, 'R3': 1, 'S3': 1, 'X4': 1, 'Y4': 1, 'Z4': 1, 'C4': 1, 'R4': 1, 'S4': 1, 'X5': 1, 'Y5': 1, 'Z5': 1, 'C5': 1, 'R5': 1, 'S5': 1, 'X6': 1, 'Y6': 1, 'Z6': 1, 'C6': 1, 'R6': 1, 'S6': 1, 'Z7': 1, 'C7': 1, 'R7': 1, 'S7': 1}
  SACols: {'Q': 80, 'Z7': 4}
  SARows_0: {'S0': 5, 'C0': 1, 'Z0': 1}
  SARows_1: {'S1': 1, 'C1': 8, 'Z1': 1}
  SARows_2: {'S2': 3, 'C2': 2, 'Z2': 1}
  SARows_3: {'S3': 3, 'C3': 2, 'Z3': 1}
  SARows_4: {'S4': 3, 'C4': 2, 'Z4': 1}
  SARows_5: {'S5': 3, 'C5': 2, 'Z5': 1}
  SARows_6: {'S6': 1, 'C6': 6, 'Z6': 1}
  SARows_7: {'S7': 3, 'C7': 2, 'Z7': 1}

================================================================================
MEMORY CONSTRAINT VIOLATION DEBUG - Level: InRegister
================================================================================
Memory footprint: 193 bytes
Memory available: 64 bytes
Overflow: 129 bytes

Full architecture mapping:
  DRAM: P:540, Q:12, Y6:540, X6:12, Y5:540, X5:12, Y4:540, X4:12, Y3:540, X3:12, Y2:540, X2:12, Y1:540, X1:12, Y0:540, X0:12
  SACols: Q:80, Z7:4
  SARows: S7:3, C7:2
  SACols_6: X6:80, Z6:4
  SARows_6: C6:6
  SACols_5: X5:80, Z5:6
  SARows_5: S5:3, C5:2
  SACols_4: X4:80, Z4:6
  SARows_4: S4:3, C4:2
  SACols_3: X3:80, Z3:6
  SARows_3: S3:3, C3:2
  SACols_2: X2:80, Z2:6
  SARows_2: S2:3, C2:2
  SACols_1: X1:80, Z1:6
  SARows_1: C1:8
  SACols_0: X0:80, Z0:4
  SARows_0: S0:5
  WRegister: C7:28, R7:3, C6:2, C5:6, R5:3, C4:6, R4:3, C3:6, R3:3, C2:6, R2:3, C1:7, C0:3, R0:5
  IntermediateRegister: Z6:14, Z5:2, Z4:2, Z3:2, Z2:2, Z1:2, Z0:14
  OutRegister: Z7:4
================================================================================


================================================================================
MEMORY CONSTRAINT VIOLATION DEBUG - Level: WRegister
================================================================================
Memory footprint: 732 bytes
Memory available: 400 bytes
Overflow: 332 bytes

Full architecture mapping:
  DRAM: P:540, Q:12, Y6:540, X6:12, Y5:540, X5:12, Y4:540, X4:12, Y3:540, X3:12, Y2:540, X2:12, Y1:540, X1:12, Y0:540, X0:12
  SACols: Q:80, Z7:4
  SARows: S7:3, C7:2
  SACols_6: X6:80, Z6:4
  SARows_6: C6:6
  SACols_5: X5:80, Z5:6
  SARows_5: S5:3, C5:2
  SACols_4: X4:80, Z4:6
  SARows_4: S4:3, C4:2
  SACols_3: X3:80, Z3:6
  SARows_3: S3:3, C3:2
  SACols_2: X2:80, Z2:6
  SARows_2: S2:3, C2:2
  SACols_1: X1:80, Z1:6
  SARows_1: C1:8
  SACols_0: X0:80, Z0:4
  SARows_0: S0:5
  WRegister: C7:28, R7:3, C6:2, C5:6, R5:3, C4:6, R4:3, C3:6, R3:3, C2:6, R2:3, C1:7, C0:3, R0:5
  IntermediateRegister: Z6:14, Z5:2, Z4:2, Z3:2, Z2:2, Z1:2, Z0:14
  OutRegister: Z7:4
================================================================================

------ loading Accelergy for Eyeriss ------
[Constrained Eyeriss] 8 layers, tile_size=80
  DRAM: {'Q': 12, 'P': 540, 'X0': 12, 'Y0': 540, 'Z0': 1, 'C0': 1, 'R0': 1, 'S0': 1, 'X1': 12, 'Y1': 540, 'Z1': 1, 'C1': 1, 'R1': 1, 'S1': 1, 'X2': 12, 'Y2': 540, 'Z2': 1, 'C2': 1, 'R2': 1, 'S2': 1, 'X3': 12, 'Y3': 540, 'Z3': 1, 'C3': 1, 'R3': 1, 'S3': 1, 'X4': 12, 'Y4': 540, 'Z4': 1, 'C4': 1, 'R4': 1, 'S4': 1, 'X5': 12, 'Y5': 540, 'Z5': 1, 'C5': 1, 'R5': 1, 'S5': 1, 'X6': 12, 'Y6': 540, 'Z6': 1, 'C6': 1, 'R6': 1, 'S6': 1, 'Z7': 1, 'C7': 1, 'R7': 1, 'S7': 1}
  GlobalBuffer: {'Q': 20, 'P': 1, 'X0': 20, 'Y0': 1, 'Z0': 1, 'C0': 1, 'R0': 1, 'S0': 1, 'X1': 20, 'Y1': 1, 'Z1': 1, 'C1': 1, 'R1': 1, 'S1': 1, 'X2': 20, 'Y2': 1, 'Z2': 1, 'C2': 1, 'R2': 1, 'S2': 1, 'X3': 20, 'Y3': 1, 'Z3': 1, 'C3': 1, 'R3': 1, 'S3': 1, 'X4': 20, 'Y4': 1, 'Z4': 1, 'C4': 1, 'R4': 1, 'S4': 1, 'X5': 20, 'Y5': 1, 'Z5': 1, 'C5': 1, 'R5': 1, 'S5': 1, 'X6': 20, 'Y6': 1, 'Z6': 1, 'C6': 1, 'R6': 1, 'S6': 1, 'Z7': 1, 'C7': 1, 'R7': 1, 'S7': 1}
  SACols: {'Q': 4, 'Z7': 1}
  SARows_0: {'S0': 5, 'C0': 1, 'Z0': 2}
  SARows_1: {'S1': 1, 'C1': 8, 'Z1': 1}
  SARows_2: {'S2': 3, 'C2': 4, 'Z2': 1}
  SARows_3: {'S3': 3, 'C3': 4, 'Z3': 1}
  SARows_4: {'S4': 3, 'C4': 4, 'Z4': 1}
  SARows_5: {'S5': 3, 'C5': 4, 'Z5': 1}
  SARows_6: {'S6': 1, 'C6': 12, 'Z6': 1}
  SARows_7: {'S7': 3, 'C7': 4, 'Z7': 1}

================================================================================
MEMORY CONSTRAINT VIOLATION DEBUG - Level: InRegister
================================================================================
Memory footprint: 114 bytes
Memory available: 64 bytes
Overflow: 50 bytes

Full architecture mapping:
  DRAM: P:540, Q:12, Y6:540, X6:12, Y5:540, X5:12, Y4:540, X4:12, Y3:540, X3:12, Y2:540, X2:12, Y1:540, X1:12, Y0:540, X0:12
  GlobalBuffer: Q:20, X6:20, X5:20, X4:20, X3:20, X2:20, X1:20, X0:20
  SACols: Q:4
  SARows: S7:3, C7:4
  SACols_6: X6:4
  SARows_6: C6:12
  SACols_5: X5:4
  SARows_5: S5:3, C5:4
  SACols_4: X4:4
  SARows_4: S4:3, C4:4
  SACols_3: X3:4
  SARows_3: S3:3, C3:4
  SACols_2: X2:4
  SARows_2: S2:3, C2:4
  SACols_1: X1:4
  SARows_1: C1:8
  SACols_0: X0:4
  SARows_0: S0:5, Z0:2
  WRegister: C7:14, R7:3, C5:3, R5:3, C4:3, R4:3, C3:3, R3:3, C2:3, R2:3, C1:7, C0:3, R0:5
  IntermediateRegister: Z6:56, Z5:12, Z4:12, Z3:12, Z2:12, Z1:12, Z0:28
  OutRegister: Z7:16
================================================================================


================================================================================
MEMORY CONSTRAINT VIOLATION DEBUG - Level: WRegister
================================================================================
Memory footprint: 1,664 bytes
Memory available: 400 bytes
Overflow: 1,264 bytes

Full architecture mapping:
  DRAM: P:540, Q:12, Y6:540, X6:12, Y5:540, X5:12, Y4:540, X4:12, Y3:540, X3:12, Y2:540, X2:12, Y1:540, X1:12, Y0:540, X0:12
  GlobalBuffer: Q:20, X6:20, X5:20, X4:20, X3:20, X2:20, X1:20, X0:20
  SACols: Q:4
  SARows: S7:3, C7:4
  SACols_6: X6:4
  SARows_6: C6:12
  SACols_5: X5:4
  SARows_5: S5:3, C5:4
  SACols_4: X4:4
  SARows_4: S4:3, C4:4
  SACols_3: X3:4
  SARows_3: S3:3, C3:4
  SACols_2: X2:4
  SARows_2: S2:3, C2:4
  SACols_1: X1:4
  SARows_1: C1:8
  SACols_0: X0:4
  SARows_0: S0:5, Z0:2
  WRegister: C7:14, R7:3, C5:3, R5:3, C4:3, R4:3, C3:3, R3:3, C2:3, R2:3, C1:7, C0:3, R0:5
  IntermediateRegister: Z6:56, Z5:12, Z4:12, Z3:12, Z2:12, Z1:12, Z0:28
  OutRegister: Z7:16
================================================================================

------ loading Accelergy for Eyeriss ------
[Constrained Eyeriss] 8 layers, tile_size=80
  DRAM: {'Q': 12, 'P': 540, 'X0': 12, 'Y0': 540, 'Z0': 1, 'C0': 1, 'R0': 1, 'S0': 1, 'X1': 12, 'Y1': 540, 'Z1': 1, 'C1': 1, 'R1': 1, 'S1': 1, 'X2': 12, 'Y2': 540, 'Z2': 1, 'C2': 1, 'R2': 1, 'S2': 1, 'X3': 12, 'Y3': 540, 'Z3': 1, 'C3': 1, 'R3': 1, 'S3': 1, 'X4': 12, 'Y4': 540, 'Z4': 1, 'C4': 1, 'R4': 1, 'S4': 1, 'X5': 12, 'Y5': 540, 'Z5': 1, 'C5': 1, 'R5': 1, 'S5': 1, 'X6': 12, 'Y6': 540, 'Z6': 1, 'C6': 1, 'R6': 1, 'S6': 1, 'Z7': 1, 'C7': 1, 'R7': 1, 'S7': 1}
  GlobalBuffer: {'Q': 10, 'P': 1, 'X0': 10, 'Y0': 1, 'Z0': 1, 'C0': 1, 'R0': 1, 'S0': 1, 'X1': 10, 'Y1': 1, 'Z1': 1, 'C1': 1, 'R1': 1, 'S1': 1, 'X2': 10, 'Y2': 1, 'Z2': 1, 'C2': 1, 'R2': 1, 'S2': 1, 'X3': 10, 'Y3': 1, 'Z3': 1, 'C3': 1, 'R3': 1, 'S3': 1, 'X4': 10, 'Y4': 1, 'Z4': 1, 'C4': 1, 'R4': 1, 'S4': 1, 'X5': 10, 'Y5': 1, 'Z5': 1, 'C5': 1, 'R5': 1, 'S5': 1, 'X6': 10, 'Y6': 1, 'Z6': 1, 'C6': 1, 'R6': 1, 'S6': 1, 'Z7': 1, 'C7': 1, 'R7': 1, 'S7': 1}
  SACols: {'Q': 8, 'Z7': 1}
  SARows_0: {'S0': 5, 'C0': 1, 'Z0': 2}
  SARows_1: {'S1': 1, 'C1': 8, 'Z1': 1}
  SARows_2: {'S2': 3, 'C2': 4, 'Z2': 1}
  SARows_3: {'S3': 3, 'C3': 4, 'Z3': 1}
  SARows_4: {'S4': 3, 'C4': 4, 'Z4': 1}
  SARows_5: {'S5': 3, 'C5': 4, 'Z5': 1}
  SARows_6: {'S6': 1, 'C6': 12, 'Z6': 1}
  SARows_7: {'S7': 3, 'C7': 4, 'Z7': 1}

================================================================================
MEMORY CONSTRAINT VIOLATION DEBUG - Level: InRegister
================================================================================
Memory footprint: 114 bytes
Memory available: 64 bytes
Overflow: 50 bytes

Full architecture mapping:
  DRAM: P:540, Q:12, Y6:540, X6:12, Y5:540, X5:12, Y4:540, X4:12, Y3:540, X3:12, Y2:540, X2:12, Y1:540, X1:12, Y0:540, X0:12
  GlobalBuffer: Q:10, X6:10, X5:10, X4:10, X3:10, X2:10, X1:10, X0:10
  SACols: Q:8
  SARows: S7:3, C7:4
  SACols_6: X6:8
  SARows_6: C6:12
  SACols_5: X5:8
  SARows_5: S5:3, C5:4
  SACols_4: X4:8
  SARows_4: S4:3, C4:4
  SACols_3: X3:8
  SARows_3: S3:3, C3:4
  SACols_2: X2:8
  SARows_2: S2:3, C2:4
  SACols_1: X1:8
  SARows_1: C1:8
  SACols_0: X0:8
  SARows_0: S0:5, Z0:2
  WRegister: C7:14, R7:3, C5:3, R5:3, C4:3, R4:3, C3:3, R3:3, C2:3, R2:3, C1:7, C0:3, R0:5
  IntermediateRegister: Z6:56, Z5:12, Z4:12, Z3:12, Z2:12, Z1:12, Z0:28
  OutRegister: Z7:16
================================================================================


================================================================================
MEMORY CONSTRAINT VIOLATION DEBUG - Level: WRegister
================================================================================
Memory footprint: 1,664 bytes
Memory available: 400 bytes
Overflow: 1,264 bytes

Full architecture mapping:
  DRAM: P:540, Q:12, Y6:540, X6:12, Y5:540, X5:12, Y4:540, X4:12, Y3:540, X3:12, Y2:540, X2:12, Y1:540, X1:12, Y0:540, X0:12
  GlobalBuffer: Q:10, X6:10, X5:10, X4:10, X3:10, X2:10, X1:10, X0:10
  SACols: Q:8
  SARows: S7:3, C7:4
  SACols_6: X6:8
  SARows_6: C6:12
  SACols_5: X5:8
  SARows_5: S5:3, C5:4
  SACols_4: X4:8
  SARows_4: S4:3, C4:4
  SACols_3: X3:8
  SARows_3: S3:3, C3:4
  SACols_2: X2:8
  SARows_2: S2:3, C2:4
  SACols_1: X1:8
  SARows_1: C1:8
  SACols_0: X0:8
  SARows_0: S0:5, Z0:2
  WRegister: C7:14, R7:3, C5:3, R5:3, C4:3, R4:3, C3:3, R3:3, C2:3, R2:3, C1:7, C0:3, R0:5
  IntermediateRegister: Z6:56, Z5:12, Z4:12, Z3:12, Z2:12, Z1:12, Z0:28
  OutRegister: Z7:16
================================================================================

------ loading Accelergy for Eyeriss ------
[Constrained Eyeriss] 8 layers, tile_size=80
  DRAM: {'Q': 12, 'P': 540, 'X0': 12, 'Y0': 540, 'Z0': 1, 'C0': 1, 'R0': 1, 'S0': 1, 'X1': 12, 'Y1': 540, 'Z1': 1, 'C1': 1, 'R1': 1, 'S1': 1, 'X2': 12, 'Y2': 540, 'Z2': 1, 'C2': 1, 'R2': 1, 'S2': 1, 'X3': 12, 'Y3': 540, 'Z3': 1, 'C3': 1, 'R3': 1, 'S3': 1, 'X4': 12, 'Y4': 540, 'Z4': 1, 'C4': 1, 'R4': 1, 'S4': 1, 'X5': 12, 'Y5': 540, 'Z5': 1, 'C5': 1, 'R5': 1, 'S5': 1, 'X6': 12, 'Y6': 540, 'Z6': 1, 'C6': 1, 'R6': 1, 'S6': 1, 'Z7': 1, 'C7': 1, 'R7': 1, 'S7': 1}
  GlobalBuffer: {'Q': 8, 'P': 1, 'X0': 8, 'Y0': 1, 'Z0': 1, 'C0': 1, 'R0': 1, 'S0': 1, 'X1': 8, 'Y1': 1, 'Z1': 1, 'C1': 1, 'R1': 1, 'S1': 1, 'X2': 8, 'Y2': 1, 'Z2': 1, 'C2': 1, 'R2': 1, 'S2': 1, 'X3': 8, 'Y3': 1, 'Z3': 1, 'C3': 1, 'R3': 1, 'S3': 1, 'X4': 8, 'Y4': 1, 'Z4': 1, 'C4': 1, 'R4': 1, 'S4': 1, 'X5': 8, 'Y5': 1, 'Z5': 1, 'C5': 1, 'R5': 1, 'S5': 1, 'X6': 8, 'Y6': 1, 'Z6': 1, 'C6': 1, 'R6': 1, 'S6': 1, 'Z7': 1, 'C7': 1, 'R7': 1, 'S7': 1}
  SACols: {'Q': 10, 'Z7': 1}
  SARows_0: {'S0': 5, 'C0': 1, 'Z0': 2}
  SARows_1: {'S1': 1, 'C1': 8, 'Z1': 1}
  SARows_2: {'S2': 3, 'C2': 4, 'Z2': 1}
  SARows_3: {'S3': 3, 'C3': 4, 'Z3': 1}
  SARows_4: {'S4': 3, 'C4': 4, 'Z4': 1}
  SARows_5: {'S5': 3, 'C5': 4, 'Z5': 1}
  SARows_6: {'S6': 1, 'C6': 12, 'Z6': 1}
  SARows_7: {'S7': 3, 'C7': 4, 'Z7': 1}

================================================================================
MEMORY CONSTRAINT VIOLATION DEBUG - Level: InRegister
================================================================================
Memory footprint: 114 bytes
Memory available: 64 bytes
Overflow: 50 bytes

Full architecture mapping:
  DRAM: P:540, Q:12, Y6:540, X6:12, Y5:540, X5:12, Y4:540, X4:12, Y3:540, X3:12, Y2:540, X2:12, Y1:540, X1:12, Y0:540, X0:12
  GlobalBuffer: Q:8, X6:8, X5:8, X4:8, X3:8, X2:8, X1:8, X0:8
  SACols: Q:10
  SARows: S7:3, C7:4
  SACols_6: X6:10
  SARows_6: C6:12
  SACols_5: X5:10
  SARows_5: S5:3, C5:4
  SACols_4: X4:10
  SARows_4: S4:3, C4:4
  SACols_3: X3:10
  SARows_3: S3:3, C3:4
  SACols_2: X2:10
  SARows_2: S2:3, C2:4
  SACols_1: X1:10
  SARows_1: C1:8
  SACols_0: X0:10
  SARows_0: S0:5, Z0:2
  WRegister: C7:14, R7:3, C5:3, R5:3, C4:3, R4:3, C3:3, R3:3, C2:3, R2:3, C1:7, C0:3, R0:5
  IntermediateRegister: Z6:56, Z5:12, Z4:12, Z3:12, Z2:12, Z1:12, Z0:28
  OutRegister: Z7:16
================================================================================


================================================================================
MEMORY CONSTRAINT VIOLATION DEBUG - Level: WRegister
================================================================================
Memory footprint: 1,664 bytes
Memory available: 400 bytes
Overflow: 1,264 bytes

Full architecture mapping:
  DRAM: P:540, Q:12, Y6:540, X6:12, Y5:540, X5:12, Y4:540, X4:12, Y3:540, X3:12, Y2:540, X2:12, Y1:540, X1:12, Y0:540, X0:12
  GlobalBuffer: Q:8, X6:8, X5:8, X4:8, X3:8, X2:8, X1:8, X0:8
  SACols: Q:10
  SARows: S7:3, C7:4
  SACols_6: X6:10
  SARows_6: C6:12
  SACols_5: X5:10
  SARows_5: S5:3, C5:4
  SACols_4: X4:10
  SARows_4: S4:3, C4:4
  SACols_3: X3:10
  SARows_3: S3:3, C3:4
  SACols_2: X2:10
  SARows_2: S2:3, C2:4
  SACols_1: X1:10
  SARows_1: C1:8
  SACols_0: X0:10
  SARows_0: S0:5, Z0:2
  WRegister: C7:14, R7:3, C5:3, R5:3, C4:3, R4:3, C3:3, R3:3, C2:3, R2:3, C1:7, C0:3, R0:5
  IntermediateRegister: Z6:56, Z5:12, Z4:12, Z3:12, Z2:12, Z1:12, Z0:28
  OutRegister: Z7:16
================================================================================

------ loading Accelergy for Eyeriss ------
[Constrained Eyeriss] 8 layers, tile_size=80
  DRAM: {'Q': 12, 'P': 540, 'X0': 12, 'Y0': 540, 'Z0': 1, 'C0': 1, 'R0': 1, 'S0': 1, 'X1': 12, 'Y1': 540, 'Z1': 1, 'C1': 1, 'R1': 1, 'S1': 1, 'X2': 12, 'Y2': 540, 'Z2': 1, 'C2': 1, 'R2': 1, 'S2': 1, 'X3': 12, 'Y3': 540, 'Z3': 1, 'C3': 1, 'R3': 1, 'S3': 1, 'X4': 12, 'Y4': 540, 'Z4': 1, 'C4': 1, 'R4': 1, 'S4': 1, 'X5': 12, 'Y5': 540, 'Z5': 1, 'C5': 1, 'R5': 1, 'S5': 1, 'X6': 12, 'Y6': 540, 'Z6': 1, 'C6': 1, 'R6': 1, 'S6': 1, 'Z7': 1, 'C7': 1, 'R7': 1, 'S7': 1}
  GlobalBuffer: {'Q': 5, 'P': 1, 'X0': 5, 'Y0': 1, 'Z0': 1, 'C0': 1, 'R0': 1, 'S0': 1, 'X1': 5, 'Y1': 1, 'Z1': 1, 'C1': 1, 'R1': 1, 'S1': 1, 'X2': 5, 'Y2': 1, 'Z2': 1, 'C2': 1, 'R2': 1, 'S2': 1, 'X3': 5, 'Y3': 1, 'Z3': 1, 'C3': 1, 'R3': 1, 'S3': 1, 'X4': 5, 'Y4': 1, 'Z4': 1, 'C4': 1, 'R4': 1, 'S4': 1, 'X5': 5, 'Y5': 1, 'Z5': 1, 'C5': 1, 'R5': 1, 'S5': 1, 'X6': 5, 'Y6': 1, 'Z6': 1, 'C6': 1, 'R6': 1, 'S6': 1, 'Z7': 1, 'C7': 1, 'R7': 1, 'S7': 1}
  SACols: {'Q': 16, 'Z7': 1}
  SARows_0: {'S0': 5, 'C0': 1, 'Z0': 2}
  SARows_1: {'S1': 1, 'C1': 8, 'Z1': 1}
  SARows_2: {'S2': 3, 'C2': 4, 'Z2': 1}
  SARows_3: {'S3': 3, 'C3': 4, 'Z3': 1}
  SARows_4: {'S4': 3, 'C4': 4, 'Z4': 1}
  SARows_5: {'S5': 3, 'C5': 4, 'Z5': 1}
  SARows_6: {'S6': 1, 'C6': 12, 'Z6': 1}
  SARows_7: {'S7': 3, 'C7': 4, 'Z7': 1}

================================================================================
MEMORY CONSTRAINT VIOLATION DEBUG - Level: InRegister
================================================================================
Memory footprint: 114 bytes
Memory available: 64 bytes
Overflow: 50 bytes

Full architecture mapping:
  DRAM: P:540, Q:12, Y6:540, X6:12, Y5:540, X5:12, Y4:540, X4:12, Y3:540, X3:12, Y2:540, X2:12, Y1:540, X1:12, Y0:540, X0:12
  GlobalBuffer: Q:5, X6:5, X5:5, X4:5, X3:5, X2:5, X1:5, X0:5
  SACols: Q:16
  SARows: S7:3, C7:4
  SACols_6: X6:16
  SARows_6: C6:12
  SACols_5: X5:16
  SARows_5: S5:3, C5:4
  SACols_4: X4:16
  SARows_4: S4:3, C4:4
  SACols_3: X3:16
  SARows_3: S3:3, C3:4
  SACols_2: X2:16
  SARows_2: S2:3, C2:4
  SACols_1: X1:16
  SARows_1: C1:8
  SACols_0: X0:16
  SARows_0: S0:5, Z0:2
  WRegister: C7:14, R7:3, C5:3, R5:3, C4:3, R4:3, C3:3, R3:3, C2:3, R2:3, C1:7, C0:3, R0:5
  IntermediateRegister: Z6:56, Z5:12, Z4:12, Z3:12, Z2:12, Z1:12, Z0:28
  OutRegister: Z7:16
================================================================================


================================================================================
MEMORY CONSTRAINT VIOLATION DEBUG - Level: WRegister
================================================================================
Memory footprint: 1,664 bytes
Memory available: 400 bytes
Overflow: 1,264 bytes

Full architecture mapping:
  DRAM: P:540, Q:12, Y6:540, X6:12, Y5:540, X5:12, Y4:540, X4:12, Y3:540, X3:12, Y2:540, X2:12, Y1:540, X1:12, Y0:540, X0:12
  GlobalBuffer: Q:5, X6:5, X5:5, X4:5, X3:5, X2:5, X1:5, X0:5
  SACols: Q:16
  SARows: S7:3, C7:4
  SACols_6: X6:16
  SARows_6: C6:12
  SACols_5: X5:16
  SARows_5: S5:3, C5:4
  SACols_4: X4:16
  SARows_4: S4:3, C4:4
  SACols_3: X3:16
  SARows_3: S3:3, C3:4
  SACols_2: X2:16
  SARows_2: S2:3, C2:4
  SACols_1: X1:16
  SARows_1: C1:8
  SACols_0: X0:16
  SARows_0: S0:5, Z0:2
  WRegister: C7:14, R7:3, C5:3, R5:3, C4:3, R4:3, C3:3, R3:3, C2:3, R2:3, C1:7, C0:3, R0:5
  IntermediateRegister: Z6:56, Z5:12, Z4:12, Z3:12, Z2:12, Z1:12, Z0:28
  OutRegister: Z7:16
================================================================================

------ loading Accelergy for Eyeriss ------
[Constrained Eyeriss] 8 layers, tile_size=80
  DRAM: {'Q': 12, 'P': 540, 'X0': 12, 'Y0': 540, 'Z0': 1, 'C0': 1, 'R0': 1, 'S0': 1, 'X1': 12, 'Y1': 540, 'Z1': 1, 'C1': 1, 'R1': 1, 'S1': 1, 'X2': 12, 'Y2': 540, 'Z2': 1, 'C2': 1, 'R2': 1, 'S2': 1, 'X3': 12, 'Y3': 540, 'Z3': 1, 'C3': 1, 'R3': 1, 'S3': 1, 'X4': 12, 'Y4': 540, 'Z4': 1, 'C4': 1, 'R4': 1, 'S4': 1, 'X5': 12, 'Y5': 540, 'Z5': 1, 'C5': 1, 'R5': 1, 'S5': 1, 'X6': 12, 'Y6': 540, 'Z6': 1, 'C6': 1, 'R6': 1, 'S6': 1, 'Z7': 1, 'C7': 1, 'R7': 1, 'S7': 1}
  GlobalBuffer: {'Q': 4, 'P': 1, 'X0': 4, 'Y0': 1, 'Z0': 1, 'C0': 1, 'R0': 1, 'S0': 1, 'X1': 4, 'Y1': 1, 'Z1': 1, 'C1': 1, 'R1': 1, 'S1': 1, 'X2': 4, 'Y2': 1, 'Z2': 1, 'C2': 1, 'R2': 1, 'S2': 1, 'X3': 4, 'Y3': 1, 'Z3': 1, 'C3': 1, 'R3': 1, 'S3': 1, 'X4': 4, 'Y4': 1, 'Z4': 1, 'C4': 1, 'R4': 1, 'S4': 1, 'X5': 4, 'Y5': 1, 'Z5': 1, 'C5': 1, 'R5': 1, 'S5': 1, 'X6': 4, 'Y6': 1, 'Z6': 1, 'C6': 1, 'R6': 1, 'S6': 1, 'Z7': 1, 'C7': 1, 'R7': 1, 'S7': 1}
  SACols: {'Q': 20, 'Z7': 1}
  SARows_0: {'S0': 5, 'C0': 1, 'Z0': 2}
  SARows_1: {'S1': 1, 'C1': 8, 'Z1': 1}
  SARows_2: {'S2': 3, 'C2': 4, 'Z2': 1}
  SARows_3: {'S3': 3, 'C3': 4, 'Z3': 1}
  SARows_4: {'S4': 3, 'C4': 4, 'Z4': 1}
  SARows_5: {'S5': 3, 'C5': 4, 'Z5': 1}
  SARows_6: {'S6': 1, 'C6': 12, 'Z6': 1}
  SARows_7: {'S7': 3, 'C7': 4, 'Z7': 1}

================================================================================
MEMORY CONSTRAINT VIOLATION DEBUG - Level: InRegister
================================================================================
Memory footprint: 114 bytes
Memory available: 64 bytes
Overflow: 50 bytes

Full architecture mapping:
  DRAM: P:540, Q:12, Y6:540, X6:12, Y5:540, X5:12, Y4:540, X4:12, Y3:540, X3:12, Y2:540, X2:12, Y1:540, X1:12, Y0:540, X0:12
  GlobalBuffer: Q:4, X6:4, X5:4, X4:4, X3:4, X2:4, X1:4, X0:4
  SACols: Q:20
  SARows: S7:3, C7:4
  SACols_6: X6:20
  SARows_6: C6:12
  SACols_5: X5:20
  SARows_5: S5:3, C5:4
  SACols_4: X4:20
  SARows_4: S4:3, C4:4
  SACols_3: X3:20
  SARows_3: S3:3, C3:4
  SACols_2: X2:20
  SARows_2: S2:3, C2:4
  SACols_1: X1:20
  SARows_1: C1:8
  SACols_0: X0:20
  SARows_0: S0:5, Z0:2
  WRegister: C7:14, R7:3, C5:3, R5:3, C4:3, R4:3, C3:3, R3:3, C2:3, R2:3, C1:7, C0:3, R0:5
  IntermediateRegister: Z6:56, Z5:12, Z4:12, Z3:12, Z2:12, Z1:12, Z0:28
  OutRegister: Z7:16
================================================================================


================================================================================
MEMORY CONSTRAINT VIOLATION DEBUG - Level: WRegister
================================================================================
Memory footprint: 1,664 bytes
Memory available: 400 bytes
Overflow: 1,264 bytes

Full architecture mapping:
  DRAM: P:540, Q:12, Y6:540, X6:12, Y5:540, X5:12, Y4:540, X4:12, Y3:540, X3:12, Y2:540, X2:12, Y1:540, X1:12, Y0:540, X0:12
  GlobalBuffer: Q:4, X6:4, X5:4, X4:4, X3:4, X2:4, X1:4, X0:4
  SACols: Q:20
  SARows: S7:3, C7:4
  SACols_6: X6:20
  SARows_6: C6:12
  SACols_5: X5:20
  SARows_5: S5:3, C5:4
  SACols_4: X4:20
  SARows_4: S4:3, C4:4
  SACols_3: X3:20
  SARows_3: S3:3, C3:4
  SACols_2: X2:20
  SARows_2: S2:3, C2:4
  SACols_1: X1:20
  SARows_1: C1:8
  SACols_0: X0:20
  SARows_0: S0:5, Z0:2
  WRegister: C7:14, R7:3, C5:3, R5:3, C4:3, R4:3, C3:3, R3:3, C2:3, R2:3, C1:7, C0:3, R0:5
  IntermediateRegister: Z6:56, Z5:12, Z4:12, Z3:12, Z2:12, Z1:12, Z0:28
  OutRegister: Z7:16
================================================================================

------ loading Accelergy for Eyeriss ------
[Constrained Eyeriss] 8 layers, tile_size=80
  DRAM: {'Q': 12, 'P': 540, 'X0': 12, 'Y0': 540, 'Z0': 1, 'C0': 1, 'R0': 1, 'S0': 1, 'X1': 12, 'Y1': 540, 'Z1': 1, 'C1': 1, 'R1': 1, 'S1': 1, 'X2': 12, 'Y2': 540, 'Z2': 1, 'C2': 1, 'R2': 1, 'S2': 1, 'X3': 12, 'Y3': 540, 'Z3': 1, 'C3': 1, 'R3': 1, 'S3': 1, 'X4': 12, 'Y4': 540, 'Z4': 1, 'C4': 1, 'R4': 1, 'S4': 1, 'X5': 12, 'Y5': 540, 'Z5': 1, 'C5': 1, 'R5': 1, 'S5': 1, 'X6': 12, 'Y6': 540, 'Z6': 1, 'C6': 1, 'R6': 1, 'S6': 1, 'Z7': 1, 'C7': 1, 'R7': 1, 'S7': 1}
  GlobalBuffer: {'Q': 2, 'P': 1, 'X0': 2, 'Y0': 1, 'Z0': 1, 'C0': 1, 'R0': 1, 'S0': 1, 'X1': 2, 'Y1': 1, 'Z1': 1, 'C1': 1, 'R1': 1, 'S1': 1, 'X2': 2, 'Y2': 1, 'Z2': 1, 'C2': 1, 'R2': 1, 'S2': 1, 'X3': 2, 'Y3': 1, 'Z3': 1, 'C3': 1, 'R3': 1, 'S3': 1, 'X4': 2, 'Y4': 1, 'Z4': 1, 'C4': 1, 'R4': 1, 'S4': 1, 'X5': 2, 'Y5': 1, 'Z5': 1, 'C5': 1, 'R5': 1, 'S5': 1, 'X6': 2, 'Y6': 1, 'Z6': 1, 'C6': 1, 'R6': 1, 'S6': 1, 'Z7': 1, 'C7': 1, 'R7': 1, 'S7': 1}
  SACols: {'Q': 40, 'Z7': 1}
  SARows_0: {'S0': 5, 'C0': 1, 'Z0': 2}
  SARows_1: {'S1': 1, 'C1': 8, 'Z1': 1}
  SARows_2: {'S2': 3, 'C2': 4, 'Z2': 1}
  SARows_3: {'S3': 3, 'C3': 4, 'Z3': 1}
  SARows_4: {'S4': 3, 'C4': 4, 'Z4': 1}
  SARows_5: {'S5': 3, 'C5': 4, 'Z5': 1}
  SARows_6: {'S6': 1, 'C6': 12, 'Z6': 1}
  SARows_7: {'S7': 3, 'C7': 4, 'Z7': 1}

================================================================================
MEMORY CONSTRAINT VIOLATION DEBUG - Level: InRegister
================================================================================
Memory footprint: 114 bytes
Memory available: 64 bytes
Overflow: 50 bytes

Full architecture mapping:
  DRAM: P:540, Q:12, Y6:540, X6:12, Y5:540, X5:12, Y4:540, X4:12, Y3:540, X3:12, Y2:540, X2:12, Y1:540, X1:12, Y0:540, X0:12
  GlobalBuffer: Q:2, X6:2, X5:2, X4:2, X3:2, X2:2, X1:2, X0:2
  SACols: Q:40
  SARows: S7:3, C7:4
  SACols_6: X6:40
  SARows_6: C6:12
  SACols_5: X5:40
  SARows_5: S5:3, C5:4
  SACols_4: X4:40
  SARows_4: S4:3, C4:4
  SACols_3: X3:40
  SARows_3: S3:3, C3:4
  SACols_2: X2:40
  SARows_2: S2:3, C2:4
  SACols_1: X1:40
  SARows_1: C1:8
  SACols_0: X0:40
  SARows_0: S0:5, Z0:2
  WRegister: C7:14, R7:3, C5:3, R5:3, C4:3, R4:3, C3:3, R3:3, C2:3, R2:3, C1:7, C0:3, R0:5
  IntermediateRegister: Z6:56, Z5:12, Z4:12, Z3:12, Z2:12, Z1:12, Z0:28
  OutRegister: Z7:16
================================================================================


================================================================================
MEMORY CONSTRAINT VIOLATION DEBUG - Level: WRegister
================================================================================
Memory footprint: 1,664 bytes
Memory available: 400 bytes
Overflow: 1,264 bytes

Full architecture mapping:
  DRAM: P:540, Q:12, Y6:540, X6:12, Y5:540, X5:12, Y4:540, X4:12, Y3:540, X3:12, Y2:540, X2:12, Y1:540, X1:12, Y0:540, X0:12
  GlobalBuffer: Q:2, X6:2, X5:2, X4:2, X3:2, X2:2, X1:2, X0:2
  SACols: Q:40
  SARows: S7:3, C7:4
  SACols_6: X6:40
  SARows_6: C6:12
  SACols_5: X5:40
  SARows_5: S5:3, C5:4
  SACols_4: X4:40
  SARows_4: S4:3, C4:4
  SACols_3: X3:40
  SARows_3: S3:3, C3:4
  SACols_2: X2:40
  SARows_2: S2:3, C2:4
  SACols_1: X1:40
  SARows_1: C1:8
  SACols_0: X0:40
  SARows_0: S0:5, Z0:2
  WRegister: C7:14, R7:3, C5:3, R5:3, C4:3, R4:3, C3:3, R3:3, C2:3, R2:3, C1:7, C0:3, R0:5
  IntermediateRegister: Z6:56, Z5:12, Z4:12, Z3:12, Z2:12, Z1:12, Z0:28
  OutRegister: Z7:16
================================================================================

------ loading Accelergy for Eyeriss ------
[Constrained Eyeriss] 8 layers, tile_size=80
  DRAM: {'Q': 12, 'P': 540, 'X0': 12, 'Y0': 540, 'Z0': 1, 'C0': 1, 'R0': 1, 'S0': 1, 'X1': 12, 'Y1': 540, 'Z1': 1, 'C1': 1, 'R1': 1, 'S1': 1, 'X2': 12, 'Y2': 540, 'Z2': 1, 'C2': 1, 'R2': 1, 'S2': 1, 'X3': 12, 'Y3': 540, 'Z3': 1, 'C3': 1, 'R3': 1, 'S3': 1, 'X4': 12, 'Y4': 540, 'Z4': 1, 'C4': 1, 'R4': 1, 'S4': 1, 'X5': 12, 'Y5': 540, 'Z5': 1, 'C5': 1, 'R5': 1, 'S5': 1, 'X6': 12, 'Y6': 540, 'Z6': 1, 'C6': 1, 'R6': 1, 'S6': 1, 'Z7': 1, 'C7': 1, 'R7': 1, 'S7': 1}
  GlobalBuffer: {'Q': 1, 'P': 1, 'X0': 1, 'Y0': 1, 'Z0': 1, 'C0': 1, 'R0': 1, 'S0': 1, 'X1': 1, 'Y1': 1, 'Z1': 1, 'C1': 1, 'R1': 1, 'S1': 1, 'X2': 1, 'Y2': 1, 'Z2': 1, 'C2': 1, 'R2': 1, 'S2': 1, 'X3': 1, 'Y3': 1, 'Z3': 1, 'C3': 1, 'R3': 1, 'S3': 1, 'X4': 1, 'Y4': 1, 'Z4': 1, 'C4': 1, 'R4': 1, 'S4': 1, 'X5': 1, 'Y5': 1, 'Z5': 1, 'C5': 1, 'R5': 1, 'S5': 1, 'X6': 1, 'Y6': 1, 'Z6': 1, 'C6': 1, 'R6': 1, 'S6': 1, 'Z7': 1, 'C7': 1, 'R7': 1, 'S7': 1}
  SACols: {'Q': 80, 'Z7': 1}
  SARows_0: {'S0': 5, 'C0': 1, 'Z0': 2}
  SARows_1: {'S1': 1, 'C1': 8, 'Z1': 1}
  SARows_2: {'S2': 3, 'C2': 4, 'Z2': 1}
  SARows_3: {'S3': 3, 'C3': 4, 'Z3': 1}
  SARows_4: {'S4': 3, 'C4': 4, 'Z4': 1}
  SARows_5: {'S5': 3, 'C5': 4, 'Z5': 1}
  SARows_6: {'S6': 1, 'C6': 12, 'Z6': 1}
  SARows_7: {'S7': 3, 'C7': 4, 'Z7': 1}

================================================================================
MEMORY CONSTRAINT VIOLATION DEBUG - Level: InRegister
================================================================================
Memory footprint: 114 bytes
Memory available: 64 bytes
Overflow: 50 bytes

Full architecture mapping:
  DRAM: P:540, Q:12, Y6:540, X6:12, Y5:540, X5:12, Y4:540, X4:12, Y3:540, X3:12, Y2:540, X2:12, Y1:540, X1:12, Y0:540, X0:12
  SACols: Q:80
  SARows: S7:3, C7:4
  SACols_6: X6:80
  SARows_6: C6:12
  SACols_5: X5:80
  SARows_5: S5:3, C5:4
  SACols_4: X4:80
  SARows_4: S4:3, C4:4
  SACols_3: X3:80
  SARows_3: S3:3, C3:4
  SACols_2: X2:80
  SARows_2: S2:3, C2:4
  SACols_1: X1:80
  SARows_1: C1:8
  SACols_0: X0:80
  SARows_0: S0:5, Z0:2
  WRegister: C7:14, R7:3, C5:3, R5:3, C4:3, R4:3, C3:3, R3:3, C2:3, R2:3, C1:7, C0:3, R0:5
  IntermediateRegister: Z6:56, Z5:12, Z4:12, Z3:12, Z2:12, Z1:12, Z0:28
  OutRegister: Z7:16
================================================================================


================================================================================
MEMORY CONSTRAINT VIOLATION DEBUG - Level: WRegister
================================================================================
Memory footprint: 1,664 bytes
Memory available: 400 bytes
Overflow: 1,264 bytes

Full architecture mapping:
  DRAM: P:540, Q:12, Y6:540, X6:12, Y5:540, X5:12, Y4:540, X4:12, Y3:540, X3:12, Y2:540, X2:12, Y1:540, X1:12, Y0:540, X0:12
  SACols: Q:80
  SARows: S7:3, C7:4
  SACols_6: X6:80
  SARows_6: C6:12
  SACols_5: X5:80
  SARows_5: S5:3, C5:4
  SACols_4: X4:80
  SARows_4: S4:3, C4:4
  SACols_3: X3:80
  SARows_3: S3:3, C3:4
  SACols_2: X2:80
  SARows_2: S2:3, C2:4
  SACols_1: X1:80
  SARows_1: C1:8
  SACols_0: X0:80
  SARows_0: S0:5, Z0:2
  WRegister: C7:14, R7:3, C5:3, R5:3, C4:3, R4:3, C3:3, R3:3, C2:3, R2:3, C1:7, C0:3, R0:5
  IntermediateRegister: Z6:56, Z5:12, Z4:12, Z3:12, Z2:12, Z1:12, Z0:28
  OutRegister: Z7:16
================================================================================

------ loading Accelergy for Eyeriss ------
[Constrained Eyeriss] 8 layers, tile_size=80
  DRAM: {'Q': 12, 'P': 540, 'X0': 12, 'Y0': 540, 'Z0': 1, 'C0': 1, 'R0': 1, 'S0': 1, 'X1': 12, 'Y1': 540, 'Z1': 1, 'C1': 1, 'R1': 1, 'S1': 1, 'X2': 12, 'Y2': 540, 'Z2': 1, 'C2': 1, 'R2': 1, 'S2': 1, 'X3': 12, 'Y3': 540, 'Z3': 1, 'C3': 1, 'R3': 1, 'S3': 1, 'X4': 12, 'Y4': 540, 'Z4': 1, 'C4': 1, 'R4': 1, 'S4': 1, 'X5': 12, 'Y5': 540, 'Z5': 1, 'C5': 1, 'R5': 1, 'S5': 1, 'X6': 12, 'Y6': 540, 'Z6': 1, 'C6': 1, 'R6': 1, 'S6': 1, 'Z7': 1, 'C7': 1, 'R7': 1, 'S7': 1}
  GlobalBuffer: {'Q': 1, 'P': 1, 'X0': 1, 'Y0': 1, 'Z0': 1, 'C0': 1, 'R0': 1, 'S0': 1, 'X1': 1, 'Y1': 1, 'Z1': 1, 'C1': 1, 'R1': 1, 'S1': 1, 'X2': 1, 'Y2': 1, 'Z2': 1, 'C2': 1, 'R2': 1, 'S2': 1, 'X3': 1, 'Y3': 1, 'Z3': 1, 'C3': 1, 'R3': 1, 'S3': 1, 'X4': 1, 'Y4': 1, 'Z4': 1, 'C4': 1, 'R4': 1, 'S4': 1, 'X5': 1, 'Y5': 1, 'Z5': 1, 'C5': 1, 'R5': 1, 'S5': 1, 'X6': 1, 'Y6': 1, 'Z6': 1, 'C6': 1, 'R6': 1, 'S6': 1, 'Z7': 1, 'C7': 1, 'R7': 1, 'S7': 1}
  SACols: {'Q': 80, 'Z7': 1}
  SARows_0: {'S0': 5, 'C0': 1, 'Z0': 2}
  SARows_1: {'S1': 1, 'C1': 8, 'Z1': 1}
  SARows_2: {'S2': 3, 'C2': 4, 'Z2': 1}
  SARows_3: {'S3': 3, 'C3': 4, 'Z3': 1}
  SARows_4: {'S4': 3, 'C4': 4, 'Z4': 1}
  SARows_5: {'S5': 3, 'C5': 4, 'Z5': 1}
  SARows_6: {'S6': 1, 'C6': 12, 'Z6': 1}
  SARows_7: {'S7': 3, 'C7': 4, 'Z7': 1}

================================================================================
MEMORY CONSTRAINT VIOLATION DEBUG - Level: InRegister
================================================================================
Memory footprint: 114 bytes
Memory available: 64 bytes
Overflow: 50 bytes

Full architecture mapping:
  DRAM: P:540, Q:12, Y6:540, X6:12, Y5:540, X5:12, Y4:540, X4:12, Y3:540, X3:12, Y2:540, X2:12, Y1:540, X1:12, Y0:540, X0:12
  SACols: Q:80
  SARows: S7:3, C7:4
  SACols_6: X6:80
  SARows_6: C6:12
  SACols_5: X5:80
  SARows_5: S5:3, C5:4
  SACols_4: X4:80
  SARows_4: S4:3, C4:4
  SACols_3: X3:80
  SARows_3: S3:3, C3:4
  SACols_2: X2:80
  SARows_2: S2:3, C2:4
  SACols_1: X1:80
  SARows_1: C1:8
  SACols_0: X0:80
  SARows_0: S0:5, Z0:2
  WRegister: C7:14, R7:3, C5:3, R5:3, C4:3, R4:3, C3:3, R3:3, C2:3, R2:3, C1:7, C0:3, R0:5
  IntermediateRegister: Z6:56, Z5:12, Z4:12, Z3:12, Z2:12, Z1:12, Z0:28
  OutRegister: Z7:16
================================================================================


================================================================================
MEMORY CONSTRAINT VIOLATION DEBUG - Level: WRegister
================================================================================
Memory footprint: 1,664 bytes
Memory available: 400 bytes
Overflow: 1,264 bytes

Full architecture mapping:
  DRAM: P:540, Q:12, Y6:540, X6:12, Y5:540, X5:12, Y4:540, X4:12, Y3:540, X3:12, Y2:540, X2:12, Y1:540, X1:12, Y0:540, X0:12
  SACols: Q:80
  SARows: S7:3, C7:4
  SACols_6: X6:80
  SARows_6: C6:12
  SACols_5: X5:80
  SARows_5: S5:3, C5:4
  SACols_4: X4:80
  SARows_4: S4:3, C4:4
  SACols_3: X3:80
  SARows_3: S3:3, C3:4
  SACols_2: X2:80
  SARows_2: S2:3, C2:4
  SACols_1: X1:80
  SARows_1: C1:8
  SACols_0: X0:80
  SARows_0: S0:5, Z0:2
  WRegister: C7:14, R7:3, C5:3, R5:3, C4:3, R4:3, C3:3, R3:3, C2:3, R2:3, C1:7, C0:3, R0:5
  IntermediateRegister: Z6:56, Z5:12, Z4:12, Z3:12, Z2:12, Z1:12, Z0:28
  OutRegister: Z7:16
================================================================================

------ loading Accelergy for Eyeriss ------
[Constrained Eyeriss] 8 layers, tile_size=80
  DRAM: {'Q': 12, 'P': 540, 'X0': 12, 'Y0': 540, 'Z0': 1, 'C0': 1, 'R0': 1, 'S0': 1, 'X1': 12, 'Y1': 540, 'Z1': 1, 'C1': 1, 'R1': 1, 'S1': 1, 'X2': 12, 'Y2': 540, 'Z2': 1, 'C2': 1, 'R2': 1, 'S2': 1, 'X3': 12, 'Y3': 540, 'Z3': 1, 'C3': 1, 'R3': 1, 'S3': 1, 'X4': 12, 'Y4': 540, 'Z4': 1, 'C4': 1, 'R4': 1, 'S4': 1, 'X5': 12, 'Y5': 540, 'Z5': 1, 'C5': 1, 'R5': 1, 'S5': 1, 'X6': 12, 'Y6': 540, 'Z6': 1, 'C6': 1, 'R6': 1, 'S6': 1, 'Z7': 1, 'C7': 1, 'R7': 1, 'S7': 1}
  GlobalBuffer: {'Q': 1, 'P': 1, 'X0': 1, 'Y0': 1, 'Z0': 1, 'C0': 1, 'R0': 1, 'S0': 1, 'X1': 1, 'Y1': 1, 'Z1': 1, 'C1': 1, 'R1': 1, 'S1': 1, 'X2': 1, 'Y2': 1, 'Z2': 1, 'C2': 1, 'R2': 1, 'S2': 1, 'X3': 1, 'Y3': 1, 'Z3': 1, 'C3': 1, 'R3': 1, 'S3': 1, 'X4': 1, 'Y4': 1, 'Z4': 1, 'C4': 1, 'R4': 1, 'S4': 1, 'X5': 1, 'Y5': 1, 'Z5': 1, 'C5': 1, 'R5': 1, 'S5': 1, 'X6': 1, 'Y6': 1, 'Z6': 1, 'C6': 1, 'R6': 1, 'S6': 1, 'Z7': 1, 'C7': 1, 'R7': 1, 'S7': 1}
  SACols: {'Q': 80, 'Z7': 2}
  SARows_0: {'S0': 5, 'C0': 1, 'Z0': 2}
  SARows_1: {'S1': 1, 'C1': 8, 'Z1': 1}
  SARows_2: {'S2': 3, 'C2': 4, 'Z2': 1}
  SARows_3: {'S3': 3, 'C3': 4, 'Z3': 1}
  SARows_4: {'S4': 3, 'C4': 4, 'Z4': 1}
  SARows_5: {'S5': 3, 'C5': 4, 'Z5': 1}
  SARows_6: {'S6': 1, 'C6': 12, 'Z6': 1}
  SARows_7: {'S7': 3, 'C7': 4, 'Z7': 1}

================================================================================
MEMORY CONSTRAINT VIOLATION DEBUG - Level: InRegister
================================================================================
Memory footprint: 114 bytes
Memory available: 64 bytes
Overflow: 50 bytes

Full architecture mapping:
  DRAM: P:540, Q:12, Y6:540, X6:12, Y5:540, X5:12, Y4:540, X4:12, Y3:540, X3:12, Y2:540, X2:12, Y1:540, X1:12, Y0:540, X0:12
  SACols: Q:80, Z7:2
  SARows: S7:3, C7:4
  SACols_6: X6:80, Z6:2
  SARows_6: C6:12
  SACols_5: X5:80, Z5:3
  SARows_5: S5:3, C5:4
  SACols_4: X4:80, Z4:3
  SARows_4: S4:3, C4:4
  SACols_3: X3:80, Z3:3
  SARows_3: S3:3, C3:4
  SACols_2: X2:80, Z2:3
  SARows_2: S2:3, C2:4
  SACols_1: X1:80, Z1:3
  SARows_1: C1:8
  SACols_0: X0:80, Z0:2
  SARows_0: S0:5, Z0:2
  WRegister: C7:14, R7:3, C5:3, R5:3, C4:3, R4:3, C3:3, R3:3, C2:3, R2:3, C1:7, C0:3, R0:5
  IntermediateRegister: Z6:28, Z5:4, Z4:4, Z3:4, Z2:4, Z1:4, Z0:14
  OutRegister: Z7:8
================================================================================


================================================================================
MEMORY CONSTRAINT VIOLATION DEBUG - Level: WRegister
================================================================================
Memory footprint: 746 bytes
Memory available: 400 bytes
Overflow: 346 bytes

Full architecture mapping:
  DRAM: P:540, Q:12, Y6:540, X6:12, Y5:540, X5:12, Y4:540, X4:12, Y3:540, X3:12, Y2:540, X2:12, Y1:540, X1:12, Y0:540, X0:12
  SACols: Q:80, Z7:2
  SARows: S7:3, C7:4
  SACols_6: X6:80, Z6:2
  SARows_6: C6:12
  SACols_5: X5:80, Z5:3
  SARows_5: S5:3, C5:4
  SACols_4: X4:80, Z4:3
  SARows_4: S4:3, C4:4
  SACols_3: X3:80, Z3:3
  SARows_3: S3:3, C3:4
  SACols_2: X2:80, Z2:3
  SARows_2: S2:3, C2:4
  SACols_1: X1:80, Z1:3
  SARows_1: C1:8
  SACols_0: X0:80, Z0:2
  SARows_0: S0:5, Z0:2
  WRegister: C7:14, R7:3, C5:3, R5:3, C4:3, R4:3, C3:3, R3:3, C2:3, R2:3, C1:7, C0:3, R0:5
  IntermediateRegister: Z6:28, Z5:4, Z4:4, Z3:4, Z2:4, Z1:4, Z0:14
  OutRegister: Z7:8
================================================================================

------ loading Accelergy for Eyeriss ------
[Constrained Eyeriss] 8 layers, tile_size=80
  DRAM: {'Q': 12, 'P': 540, 'X0': 12, 'Y0': 540, 'Z0': 1, 'C0': 1, 'R0': 1, 'S0': 1, 'X1': 12, 'Y1': 540, 'Z1': 1, 'C1': 1, 'R1': 1, 'S1': 1, 'X2': 12, 'Y2': 540, 'Z2': 1, 'C2': 1, 'R2': 1, 'S2': 1, 'X3': 12, 'Y3': 540, 'Z3': 1, 'C3': 1, 'R3': 1, 'S3': 1, 'X4': 12, 'Y4': 540, 'Z4': 1, 'C4': 1, 'R4': 1, 'S4': 1, 'X5': 12, 'Y5': 540, 'Z5': 1, 'C5': 1, 'R5': 1, 'S5': 1, 'X6': 12, 'Y6': 540, 'Z6': 1, 'C6': 1, 'R6': 1, 'S6': 1, 'Z7': 1, 'C7': 1, 'R7': 1, 'S7': 1}
  GlobalBuffer: {'Q': 1, 'P': 1, 'X0': 1, 'Y0': 1, 'Z0': 1, 'C0': 1, 'R0': 1, 'S0': 1, 'X1': 1, 'Y1': 1, 'Z1': 1, 'C1': 1, 'R1': 1, 'S1': 1, 'X2': 1, 'Y2': 1, 'Z2': 1, 'C2': 1, 'R2': 1, 'S2': 1, 'X3': 1, 'Y3': 1, 'Z3': 1, 'C3': 1, 'R3': 1, 'S3': 1, 'X4': 1, 'Y4': 1, 'Z4': 1, 'C4': 1, 'R4': 1, 'S4': 1, 'X5': 1, 'Y5': 1, 'Z5': 1, 'C5': 1, 'R5': 1, 'S5': 1, 'X6': 1, 'Y6': 1, 'Z6': 1, 'C6': 1, 'R6': 1, 'S6': 1, 'Z7': 1, 'C7': 1, 'R7': 1, 'S7': 1}
  SACols: {'Q': 80, 'Z7': 4}
  SARows_0: {'S0': 5, 'C0': 1, 'Z0': 2}
  SARows_1: {'S1': 1, 'C1': 8, 'Z1': 1}
  SARows_2: {'S2': 3, 'C2': 4, 'Z2': 1}
  SARows_3: {'S3': 3, 'C3': 4, 'Z3': 1}
  SARows_4: {'S4': 3, 'C4': 4, 'Z4': 1}
  SARows_5: {'S5': 3, 'C5': 4, 'Z5': 1}
  SARows_6: {'S6': 1, 'C6': 12, 'Z6': 1}
  SARows_7: {'S7': 3, 'C7': 4, 'Z7': 1}

================================================================================
MEMORY CONSTRAINT VIOLATION DEBUG - Level: InRegister
================================================================================
Memory footprint: 114 bytes
Memory available: 64 bytes
Overflow: 50 bytes

Full architecture mapping:
  DRAM: P:540, Q:12, Y6:540, X6:12, Y5:540, X5:12, Y4:540, X4:12, Y3:540, X3:12, Y2:540, X2:12, Y1:540, X1:12, Y0:540, X0:12
  SACols: Q:80, Z7:4
  SARows: S7:3, C7:4
  SACols_6: X6:80, Z6:4
  SARows_6: C6:12
  SACols_5: X5:80, Z5:4
  SARows_5: S5:3, C5:4
  SACols_4: X4:80, Z4:4
  SARows_4: S4:3, C4:4
  SACols_3: X3:80, Z3:4
  SARows_3: S3:3, C3:4
  SACols_2: X2:80, Z2:4
  SARows_2: S2:3, C2:4
  SACols_1: X1:80, Z1:4
  SARows_1: C1:8
  SACols_0: X0:80, Z0:4
  SARows_0: S0:5, Z0:2
  WRegister: C7:14, R7:3, C5:3, R5:3, C4:3, R4:3, C3:3, R3:3, C2:3, R2:3, C1:7, C0:3, R0:5
  IntermediateRegister: Z6:14, Z5:3, Z4:3, Z3:3, Z2:3, Z1:3, Z0:7
  OutRegister: Z7:4
================================================================================


================================================================================
MEMORY CONSTRAINT VIOLATION DEBUG - Level: WRegister
================================================================================
Memory footprint: 416 bytes
Memory available: 400 bytes
Overflow: 16 bytes

Full architecture mapping:
  DRAM: P:540, Q:12, Y6:540, X6:12, Y5:540, X5:12, Y4:540, X4:12, Y3:540, X3:12, Y2:540, X2:12, Y1:540, X1:12, Y0:540, X0:12
  SACols: Q:80, Z7:4
  SARows: S7:3, C7:4
  SACols_6: X6:80, Z6:4
  SARows_6: C6:12
  SACols_5: X5:80, Z5:4
  SARows_5: S5:3, C5:4
  SACols_4: X4:80, Z4:4
  SARows_4: S4:3, C4:4
  SACols_3: X3:80, Z3:4
  SARows_3: S3:3, C3:4
  SACols_2: X2:80, Z2:4
  SARows_2: S2:3, C2:4
  SACols_1: X1:80, Z1:4
  SARows_1: C1:8
  SACols_0: X0:80, Z0:4
  SARows_0: S0:5, Z0:2
  WRegister: C7:14, R7:3, C5:3, R5:3, C4:3, R4:3, C3:3, R3:3, C2:3, R2:3, C1:7, C0:3, R0:5
  IntermediateRegister: Z6:14, Z5:3, Z4:3, Z3:3, Z2:3, Z1:3, Z0:7
  OutRegister: Z7:4
================================================================================

------ loading Accelergy for Eyeriss ------
[Constrained Eyeriss] 8 layers, tile_size=80
  DRAM: {'Q': 12, 'P': 540, 'X0': 12, 'Y0': 540, 'Z0': 1, 'C0': 1, 'R0': 1, 'S0': 1, 'X1': 12, 'Y1': 540, 'Z1': 1, 'C1': 1, 'R1': 1, 'S1': 1, 'X2': 12, 'Y2': 540, 'Z2': 1, 'C2': 1, 'R2': 1, 'S2': 1, 'X3': 12, 'Y3': 540, 'Z3': 1, 'C3': 1, 'R3': 1, 'S3': 1, 'X4': 12, 'Y4': 540, 'Z4': 1, 'C4': 1, 'R4': 1, 'S4': 1, 'X5': 12, 'Y5': 540, 'Z5': 1, 'C5': 1, 'R5': 1, 'S5': 1, 'X6': 12, 'Y6': 540, 'Z6': 1, 'C6': 1, 'R6': 1, 'S6': 1, 'Z7': 1, 'C7': 1, 'R7': 1, 'S7': 1}
  GlobalBuffer: {'Q': 1, 'P': 1, 'X0': 1, 'Y0': 1, 'Z0': 1, 'C0': 1, 'R0': 1, 'S0': 1, 'X1': 1, 'Y1': 1, 'Z1': 1, 'C1': 1, 'R1': 1, 'S1': 1, 'X2': 1, 'Y2': 1, 'Z2': 1, 'C2': 1, 'R2': 1, 'S2': 1, 'X3': 1, 'Y3': 1, 'Z3': 1, 'C3': 1, 'R3': 1, 'S3': 1, 'X4': 1, 'Y4': 1, 'Z4': 1, 'C4': 1, 'R4': 1, 'S4': 1, 'X5': 1, 'Y5': 1, 'Z5': 1, 'C5': 1, 'R5': 1, 'S5': 1, 'X6': 1, 'Y6': 1, 'Z6': 1, 'C6': 1, 'R6': 1, 'S6': 1, 'Z7': 1, 'C7': 1, 'R7': 1, 'S7': 1}
  SACols: {'Q': 80, 'Z7': 4}
  SARows_0: {'S0': 5, 'C0': 1, 'Z0': 2}
  SARows_1: {'S1': 1, 'C1': 8, 'Z1': 1}
  SARows_2: {'S2': 3, 'C2': 4, 'Z2': 1}
  SARows_3: {'S3': 3, 'C3': 4, 'Z3': 1}
  SARows_4: {'S4': 3, 'C4': 4, 'Z4': 1}
  SARows_5: {'S5': 3, 'C5': 4, 'Z5': 1}
  SARows_6: {'S6': 1, 'C6': 12, 'Z6': 1}
  SARows_7: {'S7': 3, 'C7': 4, 'Z7': 1}

================================================================================
MEMORY CONSTRAINT VIOLATION DEBUG - Level: InRegister
================================================================================
Memory footprint: 114 bytes
Memory available: 64 bytes
Overflow: 50 bytes

Full architecture mapping:
  DRAM: P:540, Q:12, Y6:540, X6:12, Y5:540, X5:12, Y4:540, X4:12, Y3:540, X3:12, Y2:540, X2:12, Y1:540, X1:12, Y0:540, X0:12
  SACols: Q:80, Z7:4
  SARows: S7:3, C7:4
  SACols_6: X6:80, Z6:4
  SARows_6: C6:12
  SACols_5: X5:80, Z5:6
  SARows_5: S5:3, C5:4
  SACols_4: X4:80, Z4:6
  SARows_4: S4:3, C4:4
  SACols_3: X3:80, Z3:6
  SARows_3: S3:3, C3:4
  SACols_2: X2:80, Z2:6
  SARows_2: S2:3, C2:4
  SACols_1: X1:80, Z1:6
  SARows_1: C1:8
  SACols_0: X0:80, Z0:4
  SARows_0: S0:5, Z0:2
  WRegister: C7:14, R7:3, C5:3, R5:3, C4:3, R4:3, C3:3, R3:3, C2:3, R2:3, C1:7, C0:3, R0:5
  IntermediateRegister: Z6:14, Z5:2, Z4:2, Z3:2, Z2:2, Z1:2, Z0:7
  OutRegister: Z7:4
================================================================================

------ loading Accelergy for Eyeriss ------
[Constrained Eyeriss] 8 layers, tile_size=80
  DRAM: {'Q': 12, 'P': 540, 'X0': 12, 'Y0': 540, 'Z0': 1, 'C0': 1, 'R0': 1, 'S0': 1, 'X1': 12, 'Y1': 540, 'Z1': 1, 'C1': 1, 'R1': 1, 'S1': 1, 'X2': 12, 'Y2': 540, 'Z2': 1, 'C2': 1, 'R2': 1, 'S2': 1, 'X3': 12, 'Y3': 540, 'Z3': 1, 'C3': 1, 'R3': 1, 'S3': 1, 'X4': 12, 'Y4': 540, 'Z4': 1, 'C4': 1, 'R4': 1, 'S4': 1, 'X5': 12, 'Y5': 540, 'Z5': 1, 'C5': 1, 'R5': 1, 'S5': 1, 'X6': 12, 'Y6': 540, 'Z6': 1, 'C6': 1, 'R6': 1, 'S6': 1, 'Z7': 1, 'C7': 1, 'R7': 1, 'S7': 1}
  GlobalBuffer: {'Q': 20, 'P': 1, 'X0': 20, 'Y0': 1, 'Z0': 1, 'C0': 1, 'R0': 1, 'S0': 1, 'X1': 20, 'Y1': 1, 'Z1': 1, 'C1': 1, 'R1': 1, 'S1': 1, 'X2': 20, 'Y2': 1, 'Z2': 1, 'C2': 1, 'R2': 1, 'S2': 1, 'X3': 20, 'Y3': 1, 'Z3': 1, 'C3': 1, 'R3': 1, 'S3': 1, 'X4': 20, 'Y4': 1, 'Z4': 1, 'C4': 1, 'R4': 1, 'S4': 1, 'X5': 20, 'Y5': 1, 'Z5': 1, 'C5': 1, 'R5': 1, 'S5': 1, 'X6': 20, 'Y6': 1, 'Z6': 1, 'C6': 1, 'R6': 1, 'S6': 1, 'Z7': 1, 'C7': 1, 'R7': 1, 'S7': 1}
  SACols: {'Q': 4, 'Z7': 1}
  SARows_0: {'S0': 5, 'C0': 3, 'Z0': 1}
  SARows_1: {'S1': 1, 'C1': 14, 'Z1': 1}
  SARows_2: {'S2': 3, 'C2': 4, 'Z2': 1}
  SARows_3: {'S3': 3, 'C3': 4, 'Z3': 1}
  SARows_4: {'S4': 3, 'C4': 4, 'Z4': 1}
  SARows_5: {'S5': 3, 'C5': 4, 'Z5': 1}
  SARows_6: {'S6': 1, 'C6': 12, 'Z6': 1}
  SARows_7: {'S7': 3, 'C7': 4, 'Z7': 1}

================================================================================
MEMORY CONSTRAINT VIOLATION DEBUG - Level: InRegister
================================================================================
Memory footprint: 93 bytes
Memory available: 64 bytes
Overflow: 29 bytes

Full architecture mapping:
  DRAM: P:540, Q:12, Y6:540, X6:12, Y5:540, X5:12, Y4:540, X4:12, Y3:540, X3:12, Y2:540, X2:12, Y1:540, X1:12, Y0:540, X0:12
  GlobalBuffer: Q:20, X6:20, X5:20, X4:20, X3:20, X2:20, X1:20, X0:20
  SACols: Q:4
  SARows: S7:3, C7:4
  SACols_6: X6:4
  SARows_6: C6:12
  SACols_5: X5:4
  SARows_5: S5:3, C5:4
  SACols_4: X4:4
  SARows_4: S4:3, C4:4
  SACols_3: X3:4
  SARows_3: S3:3, C3:4
  SACols_2: X2:4
  SARows_2: S2:3, C2:4
  SACols_1: X1:4
  SARows_1: C1:14
  SACols_0: X0:4
  SARows_0: S0:5, C0:3
  WRegister: C7:14, R7:3, C5:3, R5:3, C4:3, R4:3, C3:3, R3:3, C2:3, R2:3, C1:4, R0:5
  IntermediateRegister: Z6:56, Z5:12, Z4:12, Z3:12, Z2:12, Z1:12, Z0:56
  OutRegister: Z7:16
================================================================================


================================================================================
MEMORY CONSTRAINT VIOLATION DEBUG - Level: WRegister
================================================================================
Memory footprint: 1,488 bytes
Memory available: 400 bytes
Overflow: 1,088 bytes

Full architecture mapping:
  DRAM: P:540, Q:12, Y6:540, X6:12, Y5:540, X5:12, Y4:540, X4:12, Y3:540, X3:12, Y2:540, X2:12, Y1:540, X1:12, Y0:540, X0:12
  GlobalBuffer: Q:20, X6:20, X5:20, X4:20, X3:20, X2:20, X1:20, X0:20
  SACols: Q:4
  SARows: S7:3, C7:4
  SACols_6: X6:4
  SARows_6: C6:12
  SACols_5: X5:4
  SARows_5: S5:3, C5:4
  SACols_4: X4:4
  SARows_4: S4:3, C4:4
  SACols_3: X3:4
  SARows_3: S3:3, C3:4
  SACols_2: X2:4
  SARows_2: S2:3, C2:4
  SACols_1: X1:4
  SARows_1: C1:14
  SACols_0: X0:4
  SARows_0: S0:5, C0:3
  WRegister: C7:14, R7:3, C5:3, R5:3, C4:3, R4:3, C3:3, R3:3, C2:3, R2:3, C1:4, R0:5
  IntermediateRegister: Z6:56, Z5:12, Z4:12, Z3:12, Z2:12, Z1:12, Z0:56
  OutRegister: Z7:16
================================================================================

------ loading Accelergy for Eyeriss ------
[Constrained Eyeriss] 8 layers, tile_size=80
  DRAM: {'Q': 12, 'P': 540, 'X0': 12, 'Y0': 540, 'Z0': 1, 'C0': 1, 'R0': 1, 'S0': 1, 'X1': 12, 'Y1': 540, 'Z1': 1, 'C1': 1, 'R1': 1, 'S1': 1, 'X2': 12, 'Y2': 540, 'Z2': 1, 'C2': 1, 'R2': 1, 'S2': 1, 'X3': 12, 'Y3': 540, 'Z3': 1, 'C3': 1, 'R3': 1, 'S3': 1, 'X4': 12, 'Y4': 540, 'Z4': 1, 'C4': 1, 'R4': 1, 'S4': 1, 'X5': 12, 'Y5': 540, 'Z5': 1, 'C5': 1, 'R5': 1, 'S5': 1, 'X6': 12, 'Y6': 540, 'Z6': 1, 'C6': 1, 'R6': 1, 'S6': 1, 'Z7': 1, 'C7': 1, 'R7': 1, 'S7': 1}
  GlobalBuffer: {'Q': 10, 'P': 1, 'X0': 10, 'Y0': 1, 'Z0': 1, 'C0': 1, 'R0': 1, 'S0': 1, 'X1': 10, 'Y1': 1, 'Z1': 1, 'C1': 1, 'R1': 1, 'S1': 1, 'X2': 10, 'Y2': 1, 'Z2': 1, 'C2': 1, 'R2': 1, 'S2': 1, 'X3': 10, 'Y3': 1, 'Z3': 1, 'C3': 1, 'R3': 1, 'S3': 1, 'X4': 10, 'Y4': 1, 'Z4': 1, 'C4': 1, 'R4': 1, 'S4': 1, 'X5': 10, 'Y5': 1, 'Z5': 1, 'C5': 1, 'R5': 1, 'S5': 1, 'X6': 10, 'Y6': 1, 'Z6': 1, 'C6': 1, 'R6': 1, 'S6': 1, 'Z7': 1, 'C7': 1, 'R7': 1, 'S7': 1}
  SACols: {'Q': 8, 'Z7': 1}
  SARows_0: {'S0': 5, 'C0': 3, 'Z0': 1}
  SARows_1: {'S1': 1, 'C1': 14, 'Z1': 1}
  SARows_2: {'S2': 3, 'C2': 4, 'Z2': 1}
  SARows_3: {'S3': 3, 'C3': 4, 'Z3': 1}
  SARows_4: {'S4': 3, 'C4': 4, 'Z4': 1}
  SARows_5: {'S5': 3, 'C5': 4, 'Z5': 1}
  SARows_6: {'S6': 1, 'C6': 12, 'Z6': 1}
  SARows_7: {'S7': 3, 'C7': 4, 'Z7': 1}

================================================================================
MEMORY CONSTRAINT VIOLATION DEBUG - Level: InRegister
================================================================================
Memory footprint: 93 bytes
Memory available: 64 bytes
Overflow: 29 bytes

Full architecture mapping:
  DRAM: P:540, Q:12, Y6:540, X6:12, Y5:540, X5:12, Y4:540, X4:12, Y3:540, X3:12, Y2:540, X2:12, Y1:540, X1:12, Y0:540, X0:12
  GlobalBuffer: Q:10, X6:10, X5:10, X4:10, X3:10, X2:10, X1:10, X0:10
  SACols: Q:8
  SARows: S7:3, C7:4
  SACols_6: X6:8
  SARows_6: C6:12
  SACols_5: X5:8
  SARows_5: S5:3, C5:4
  SACols_4: X4:8
  SARows_4: S4:3, C4:4
  SACols_3: X3:8
  SARows_3: S3:3, C3:4
  SACols_2: X2:8
  SARows_2: S2:3, C2:4
  SACols_1: X1:8
  SARows_1: C1:14
  SACols_0: X0:8
  SARows_0: S0:5, C0:3
  WRegister: C7:14, R7:3, C5:3, R5:3, C4:3, R4:3, C3:3, R3:3, C2:3, R2:3, C1:4, R0:5
  IntermediateRegister: Z6:56, Z5:12, Z4:12, Z3:12, Z2:12, Z1:12, Z0:56
  OutRegister: Z7:16
================================================================================


================================================================================
MEMORY CONSTRAINT VIOLATION DEBUG - Level: WRegister
================================================================================
Memory footprint: 1,488 bytes
Memory available: 400 bytes
Overflow: 1,088 bytes

Full architecture mapping:
  DRAM: P:540, Q:12, Y6:540, X6:12, Y5:540, X5:12, Y4:540, X4:12, Y3:540, X3:12, Y2:540, X2:12, Y1:540, X1:12, Y0:540, X0:12
  GlobalBuffer: Q:10, X6:10, X5:10, X4:10, X3:10, X2:10, X1:10, X0:10
  SACols: Q:8
  SARows: S7:3, C7:4
  SACols_6: X6:8
  SARows_6: C6:12
  SACols_5: X5:8
  SARows_5: S5:3, C5:4
  SACols_4: X4:8
  SARows_4: S4:3, C4:4
  SACols_3: X3:8
  SARows_3: S3:3, C3:4
  SACols_2: X2:8
  SARows_2: S2:3, C2:4
  SACols_1: X1:8
  SARows_1: C1:14
  SACols_0: X0:8
  SARows_0: S0:5, C0:3
  WRegister: C7:14, R7:3, C5:3, R5:3, C4:3, R4:3, C3:3, R3:3, C2:3, R2:3, C1:4, R0:5
  IntermediateRegister: Z6:56, Z5:12, Z4:12, Z3:12, Z2:12, Z1:12, Z0:56
  OutRegister: Z7:16
================================================================================

------ loading Accelergy for Eyeriss ------
[Constrained Eyeriss] 8 layers, tile_size=80
  DRAM: {'Q': 12, 'P': 540, 'X0': 12, 'Y0': 540, 'Z0': 1, 'C0': 1, 'R0': 1, 'S0': 1, 'X1': 12, 'Y1': 540, 'Z1': 1, 'C1': 1, 'R1': 1, 'S1': 1, 'X2': 12, 'Y2': 540, 'Z2': 1, 'C2': 1, 'R2': 1, 'S2': 1, 'X3': 12, 'Y3': 540, 'Z3': 1, 'C3': 1, 'R3': 1, 'S3': 1, 'X4': 12, 'Y4': 540, 'Z4': 1, 'C4': 1, 'R4': 1, 'S4': 1, 'X5': 12, 'Y5': 540, 'Z5': 1, 'C5': 1, 'R5': 1, 'S5': 1, 'X6': 12, 'Y6': 540, 'Z6': 1, 'C6': 1, 'R6': 1, 'S6': 1, 'Z7': 1, 'C7': 1, 'R7': 1, 'S7': 1}
  GlobalBuffer: {'Q': 8, 'P': 1, 'X0': 8, 'Y0': 1, 'Z0': 1, 'C0': 1, 'R0': 1, 'S0': 1, 'X1': 8, 'Y1': 1, 'Z1': 1, 'C1': 1, 'R1': 1, 'S1': 1, 'X2': 8, 'Y2': 1, 'Z2': 1, 'C2': 1, 'R2': 1, 'S2': 1, 'X3': 8, 'Y3': 1, 'Z3': 1, 'C3': 1, 'R3': 1, 'S3': 1, 'X4': 8, 'Y4': 1, 'Z4': 1, 'C4': 1, 'R4': 1, 'S4': 1, 'X5': 8, 'Y5': 1, 'Z5': 1, 'C5': 1, 'R5': 1, 'S5': 1, 'X6': 8, 'Y6': 1, 'Z6': 1, 'C6': 1, 'R6': 1, 'S6': 1, 'Z7': 1, 'C7': 1, 'R7': 1, 'S7': 1}
  SACols: {'Q': 10, 'Z7': 1}
  SARows_0: {'S0': 5, 'C0': 3, 'Z0': 1}
  SARows_1: {'S1': 1, 'C1': 14, 'Z1': 1}
  SARows_2: {'S2': 3, 'C2': 4, 'Z2': 1}
  SARows_3: {'S3': 3, 'C3': 4, 'Z3': 1}
  SARows_4: {'S4': 3, 'C4': 4, 'Z4': 1}
  SARows_5: {'S5': 3, 'C5': 4, 'Z5': 1}
  SARows_6: {'S6': 1, 'C6': 12, 'Z6': 1}
  SARows_7: {'S7': 3, 'C7': 4, 'Z7': 1}

================================================================================
MEMORY CONSTRAINT VIOLATION DEBUG - Level: InRegister
================================================================================
Memory footprint: 93 bytes
Memory available: 64 bytes
Overflow: 29 bytes

Full architecture mapping:
  DRAM: P:540, Q:12, Y6:540, X6:12, Y5:540, X5:12, Y4:540, X4:12, Y3:540, X3:12, Y2:540, X2:12, Y1:540, X1:12, Y0:540, X0:12
  GlobalBuffer: Q:8, X6:8, X5:8, X4:8, X3:8, X2:8, X1:8, X0:8
  SACols: Q:10
  SARows: S7:3, C7:4
  SACols_6: X6:10
  SARows_6: C6:12
  SACols_5: X5:10
  SARows_5: S5:3, C5:4
  SACols_4: X4:10
  SARows_4: S4:3, C4:4
  SACols_3: X3:10
  SARows_3: S3:3, C3:4
  SACols_2: X2:10
  SARows_2: S2:3, C2:4
  SACols_1: X1:10
  SARows_1: C1:14
  SACols_0: X0:10
  SARows_0: S0:5, C0:3
  WRegister: C7:14, R7:3, C5:3, R5:3, C4:3, R4:3, C3:3, R3:3, C2:3, R2:3, C1:4, R0:5
  IntermediateRegister: Z6:56, Z5:12, Z4:12, Z3:12, Z2:12, Z1:12, Z0:56
  OutRegister: Z7:16
================================================================================


================================================================================
MEMORY CONSTRAINT VIOLATION DEBUG - Level: WRegister
================================================================================
Memory footprint: 1,488 bytes
Memory available: 400 bytes
Overflow: 1,088 bytes

Full architecture mapping:
  DRAM: P:540, Q:12, Y6:540, X6:12, Y5:540, X5:12, Y4:540, X4:12, Y3:540, X3:12, Y2:540, X2:12, Y1:540, X1:12, Y0:540, X0:12
  GlobalBuffer: Q:8, X6:8, X5:8, X4:8, X3:8, X2:8, X1:8, X0:8
  SACols: Q:10
  SARows: S7:3, C7:4
  SACols_6: X6:10
  SARows_6: C6:12
  SACols_5: X5:10
  SARows_5: S5:3, C5:4
  SACols_4: X4:10
  SARows_4: S4:3, C4:4
  SACols_3: X3:10
  SARows_3: S3:3, C3:4
  SACols_2: X2:10
  SARows_2: S2:3, C2:4
  SACols_1: X1:10
  SARows_1: C1:14
  SACols_0: X0:10
  SARows_0: S0:5, C0:3
  WRegister: C7:14, R7:3, C5:3, R5:3, C4:3, R4:3, C3:3, R3:3, C2:3, R2:3, C1:4, R0:5
  IntermediateRegister: Z6:56, Z5:12, Z4:12, Z3:12, Z2:12, Z1:12, Z0:56
  OutRegister: Z7:16
================================================================================

------ loading Accelergy for Eyeriss ------
[Constrained Eyeriss] 8 layers, tile_size=80
  DRAM: {'Q': 12, 'P': 540, 'X0': 12, 'Y0': 540, 'Z0': 1, 'C0': 1, 'R0': 1, 'S0': 1, 'X1': 12, 'Y1': 540, 'Z1': 1, 'C1': 1, 'R1': 1, 'S1': 1, 'X2': 12, 'Y2': 540, 'Z2': 1, 'C2': 1, 'R2': 1, 'S2': 1, 'X3': 12, 'Y3': 540, 'Z3': 1, 'C3': 1, 'R3': 1, 'S3': 1, 'X4': 12, 'Y4': 540, 'Z4': 1, 'C4': 1, 'R4': 1, 'S4': 1, 'X5': 12, 'Y5': 540, 'Z5': 1, 'C5': 1, 'R5': 1, 'S5': 1, 'X6': 12, 'Y6': 540, 'Z6': 1, 'C6': 1, 'R6': 1, 'S6': 1, 'Z7': 1, 'C7': 1, 'R7': 1, 'S7': 1}
  GlobalBuffer: {'Q': 5, 'P': 1, 'X0': 5, 'Y0': 1, 'Z0': 1, 'C0': 1, 'R0': 1, 'S0': 1, 'X1': 5, 'Y1': 1, 'Z1': 1, 'C1': 1, 'R1': 1, 'S1': 1, 'X2': 5, 'Y2': 1, 'Z2': 1, 'C2': 1, 'R2': 1, 'S2': 1, 'X3': 5, 'Y3': 1, 'Z3': 1, 'C3': 1, 'R3': 1, 'S3': 1, 'X4': 5, 'Y4': 1, 'Z4': 1, 'C4': 1, 'R4': 1, 'S4': 1, 'X5': 5, 'Y5': 1, 'Z5': 1, 'C5': 1, 'R5': 1, 'S5': 1, 'X6': 5, 'Y6': 1, 'Z6': 1, 'C6': 1, 'R6': 1, 'S6': 1, 'Z7': 1, 'C7': 1, 'R7': 1, 'S7': 1}
  SACols: {'Q': 16, 'Z7': 1}
  SARows_0: {'S0': 5, 'C0': 3, 'Z0': 1}
  SARows_1: {'S1': 1, 'C1': 14, 'Z1': 1}
  SARows_2: {'S2': 3, 'C2': 4, 'Z2': 1}
  SARows_3: {'S3': 3, 'C3': 4, 'Z3': 1}
  SARows_4: {'S4': 3, 'C4': 4, 'Z4': 1}
  SARows_5: {'S5': 3, 'C5': 4, 'Z5': 1}
  SARows_6: {'S6': 1, 'C6': 12, 'Z6': 1}
  SARows_7: {'S7': 3, 'C7': 4, 'Z7': 1}

================================================================================
MEMORY CONSTRAINT VIOLATION DEBUG - Level: InRegister
================================================================================
Memory footprint: 93 bytes
Memory available: 64 bytes
Overflow: 29 bytes

Full architecture mapping:
  DRAM: P:540, Q:12, Y6:540, X6:12, Y5:540, X5:12, Y4:540, X4:12, Y3:540, X3:12, Y2:540, X2:12, Y1:540, X1:12, Y0:540, X0:12
  GlobalBuffer: Q:5, X6:5, X5:5, X4:5, X3:5, X2:5, X1:5, X0:5
  SACols: Q:16
  SARows: S7:3, C7:4
  SACols_6: X6:16
  SARows_6: C6:12
  SACols_5: X5:16
  SARows_5: S5:3, C5:4
  SACols_4: X4:16
  SARows_4: S4:3, C4:4
  SACols_3: X3:16
  SARows_3: S3:3, C3:4
  SACols_2: X2:16
  SARows_2: S2:3, C2:4
  SACols_1: X1:16
  SARows_1: C1:14
  SACols_0: X0:16
  SARows_0: S0:5, C0:3
  WRegister: C7:14, R7:3, C5:3, R5:3, C4:3, R4:3, C3:3, R3:3, C2:3, R2:3, C1:4, R0:5
  IntermediateRegister: Z6:56, Z5:12, Z4:12, Z3:12, Z2:12, Z1:12, Z0:56
  OutRegister: Z7:16
================================================================================


================================================================================
MEMORY CONSTRAINT VIOLATION DEBUG - Level: WRegister
================================================================================
Memory footprint: 1,488 bytes
Memory available: 400 bytes
Overflow: 1,088 bytes

Full architecture mapping:
  DRAM: P:540, Q:12, Y6:540, X6:12, Y5:540, X5:12, Y4:540, X4:12, Y3:540, X3:12, Y2:540, X2:12, Y1:540, X1:12, Y0:540, X0:12
  GlobalBuffer: Q:5, X6:5, X5:5, X4:5, X3:5, X2:5, X1:5, X0:5
  SACols: Q:16
  SARows: S7:3, C7:4
  SACols_6: X6:16
  SARows_6: C6:12
  SACols_5: X5:16
  SARows_5: S5:3, C5:4
  SACols_4: X4:16
  SARows_4: S4:3, C4:4
  SACols_3: X3:16
  SARows_3: S3:3, C3:4
  SACols_2: X2:16
  SARows_2: S2:3, C2:4
  SACols_1: X1:16
  SARows_1: C1:14
  SACols_0: X0:16
  SARows_0: S0:5, C0:3
  WRegister: C7:14, R7:3, C5:3, R5:3, C4:3, R4:3, C3:3, R3:3, C2:3, R2:3, C1:4, R0:5
  IntermediateRegister: Z6:56, Z5:12, Z4:12, Z3:12, Z2:12, Z1:12, Z0:56
  OutRegister: Z7:16
================================================================================

------ loading Accelergy for Eyeriss ------
[Constrained Eyeriss] 8 layers, tile_size=80
  DRAM: {'Q': 12, 'P': 540, 'X0': 12, 'Y0': 540, 'Z0': 1, 'C0': 1, 'R0': 1, 'S0': 1, 'X1': 12, 'Y1': 540, 'Z1': 1, 'C1': 1, 'R1': 1, 'S1': 1, 'X2': 12, 'Y2': 540, 'Z2': 1, 'C2': 1, 'R2': 1, 'S2': 1, 'X3': 12, 'Y3': 540, 'Z3': 1, 'C3': 1, 'R3': 1, 'S3': 1, 'X4': 12, 'Y4': 540, 'Z4': 1, 'C4': 1, 'R4': 1, 'S4': 1, 'X5': 12, 'Y5': 540, 'Z5': 1, 'C5': 1, 'R5': 1, 'S5': 1, 'X6': 12, 'Y6': 540, 'Z6': 1, 'C6': 1, 'R6': 1, 'S6': 1, 'Z7': 1, 'C7': 1, 'R7': 1, 'S7': 1}
  GlobalBuffer: {'Q': 4, 'P': 1, 'X0': 4, 'Y0': 1, 'Z0': 1, 'C0': 1, 'R0': 1, 'S0': 1, 'X1': 4, 'Y1': 1, 'Z1': 1, 'C1': 1, 'R1': 1, 'S1': 1, 'X2': 4, 'Y2': 1, 'Z2': 1, 'C2': 1, 'R2': 1, 'S2': 1, 'X3': 4, 'Y3': 1, 'Z3': 1, 'C3': 1, 'R3': 1, 'S3': 1, 'X4': 4, 'Y4': 1, 'Z4': 1, 'C4': 1, 'R4': 1, 'S4': 1, 'X5': 4, 'Y5': 1, 'Z5': 1, 'C5': 1, 'R5': 1, 'S5': 1, 'X6': 4, 'Y6': 1, 'Z6': 1, 'C6': 1, 'R6': 1, 'S6': 1, 'Z7': 1, 'C7': 1, 'R7': 1, 'S7': 1}
  SACols: {'Q': 20, 'Z7': 1}
  SARows_0: {'S0': 5, 'C0': 3, 'Z0': 1}
  SARows_1: {'S1': 1, 'C1': 14, 'Z1': 1}
  SARows_2: {'S2': 3, 'C2': 4, 'Z2': 1}
  SARows_3: {'S3': 3, 'C3': 4, 'Z3': 1}
  SARows_4: {'S4': 3, 'C4': 4, 'Z4': 1}
  SARows_5: {'S5': 3, 'C5': 4, 'Z5': 1}
  SARows_6: {'S6': 1, 'C6': 12, 'Z6': 1}
  SARows_7: {'S7': 3, 'C7': 4, 'Z7': 1}

================================================================================
MEMORY CONSTRAINT VIOLATION DEBUG - Level: InRegister
================================================================================
Memory footprint: 93 bytes
Memory available: 64 bytes
Overflow: 29 bytes

Full architecture mapping:
  DRAM: P:540, Q:12, Y6:540, X6:12, Y5:540, X5:12, Y4:540, X4:12, Y3:540, X3:12, Y2:540, X2:12, Y1:540, X1:12, Y0:540, X0:12
  GlobalBuffer: Q:4, X6:4, X5:4, X4:4, X3:4, X2:4, X1:4, X0:4
  SACols: Q:20
  SARows: S7:3, C7:4
  SACols_6: X6:20
  SARows_6: C6:12
  SACols_5: X5:20
  SARows_5: S5:3, C5:4
  SACols_4: X4:20
  SARows_4: S4:3, C4:4
  SACols_3: X3:20
  SARows_3: S3:3, C3:4
  SACols_2: X2:20
  SARows_2: S2:3, C2:4
  SACols_1: X1:20
  SARows_1: C1:14
  SACols_0: X0:20
  SARows_0: S0:5, C0:3
  WRegister: C7:14, R7:3, C5:3, R5:3, C4:3, R4:3, C3:3, R3:3, C2:3, R2:3, C1:4, R0:5
  IntermediateRegister: Z6:56, Z5:12, Z4:12, Z3:12, Z2:12, Z1:12, Z0:56
  OutRegister: Z7:16
================================================================================


================================================================================
MEMORY CONSTRAINT VIOLATION DEBUG - Level: WRegister
================================================================================
Memory footprint: 1,488 bytes
Memory available: 400 bytes
Overflow: 1,088 bytes

Full architecture mapping:
  DRAM: P:540, Q:12, Y6:540, X6:12, Y5:540, X5:12, Y4:540, X4:12, Y3:540, X3:12, Y2:540, X2:12, Y1:540, X1:12, Y0:540, X0:12
  GlobalBuffer: Q:4, X6:4, X5:4, X4:4, X3:4, X2:4, X1:4, X0:4
  SACols: Q:20
  SARows: S7:3, C7:4
  SACols_6: X6:20
  SARows_6: C6:12
  SACols_5: X5:20
  SARows_5: S5:3, C5:4
  SACols_4: X4:20
  SARows_4: S4:3, C4:4
  SACols_3: X3:20
  SARows_3: S3:3, C3:4
  SACols_2: X2:20
  SARows_2: S2:3, C2:4
  SACols_1: X1:20
  SARows_1: C1:14
  SACols_0: X0:20
  SARows_0: S0:5, C0:3
  WRegister: C7:14, R7:3, C5:3, R5:3, C4:3, R4:3, C3:3, R3:3, C2:3, R2:3, C1:4, R0:5
  IntermediateRegister: Z6:56, Z5:12, Z4:12, Z3:12, Z2:12, Z1:12, Z0:56
  OutRegister: Z7:16
================================================================================

------ loading Accelergy for Eyeriss ------
[Constrained Eyeriss] 8 layers, tile_size=80
  DRAM: {'Q': 12, 'P': 540, 'X0': 12, 'Y0': 540, 'Z0': 1, 'C0': 1, 'R0': 1, 'S0': 1, 'X1': 12, 'Y1': 540, 'Z1': 1, 'C1': 1, 'R1': 1, 'S1': 1, 'X2': 12, 'Y2': 540, 'Z2': 1, 'C2': 1, 'R2': 1, 'S2': 1, 'X3': 12, 'Y3': 540, 'Z3': 1, 'C3': 1, 'R3': 1, 'S3': 1, 'X4': 12, 'Y4': 540, 'Z4': 1, 'C4': 1, 'R4': 1, 'S4': 1, 'X5': 12, 'Y5': 540, 'Z5': 1, 'C5': 1, 'R5': 1, 'S5': 1, 'X6': 12, 'Y6': 540, 'Z6': 1, 'C6': 1, 'R6': 1, 'S6': 1, 'Z7': 1, 'C7': 1, 'R7': 1, 'S7': 1}
  GlobalBuffer: {'Q': 2, 'P': 1, 'X0': 2, 'Y0': 1, 'Z0': 1, 'C0': 1, 'R0': 1, 'S0': 1, 'X1': 2, 'Y1': 1, 'Z1': 1, 'C1': 1, 'R1': 1, 'S1': 1, 'X2': 2, 'Y2': 1, 'Z2': 1, 'C2': 1, 'R2': 1, 'S2': 1, 'X3': 2, 'Y3': 1, 'Z3': 1, 'C3': 1, 'R3': 1, 'S3': 1, 'X4': 2, 'Y4': 1, 'Z4': 1, 'C4': 1, 'R4': 1, 'S4': 1, 'X5': 2, 'Y5': 1, 'Z5': 1, 'C5': 1, 'R5': 1, 'S5': 1, 'X6': 2, 'Y6': 1, 'Z6': 1, 'C6': 1, 'R6': 1, 'S6': 1, 'Z7': 1, 'C7': 1, 'R7': 1, 'S7': 1}
  SACols: {'Q': 40, 'Z7': 1}
  SARows_0: {'S0': 5, 'C0': 3, 'Z0': 1}
  SARows_1: {'S1': 1, 'C1': 14, 'Z1': 1}
  SARows_2: {'S2': 3, 'C2': 4, 'Z2': 1}
  SARows_3: {'S3': 3, 'C3': 4, 'Z3': 1}
  SARows_4: {'S4': 3, 'C4': 4, 'Z4': 1}
  SARows_5: {'S5': 3, 'C5': 4, 'Z5': 1}
  SARows_6: {'S6': 1, 'C6': 12, 'Z6': 1}
  SARows_7: {'S7': 3, 'C7': 4, 'Z7': 1}

================================================================================
MEMORY CONSTRAINT VIOLATION DEBUG - Level: InRegister
================================================================================
Memory footprint: 93 bytes
Memory available: 64 bytes
Overflow: 29 bytes

Full architecture mapping:
  DRAM: P:540, Q:12, Y6:540, X6:12, Y5:540, X5:12, Y4:540, X4:12, Y3:540, X3:12, Y2:540, X2:12, Y1:540, X1:12, Y0:540, X0:12
  GlobalBuffer: Q:2, X6:2, X5:2, X4:2, X3:2, X2:2, X1:2, X0:2
  SACols: Q:40
  SARows: S7:3, C7:4
  SACols_6: X6:40
  SARows_6: C6:12
  SACols_5: X5:40
  SARows_5: S5:3, C5:4
  SACols_4: X4:40
  SARows_4: S4:3, C4:4
  SACols_3: X3:40
  SARows_3: S3:3, C3:4
  SACols_2: X2:40
  SARows_2: S2:3, C2:4
  SACols_1: X1:40
  SARows_1: C1:14
  SACols_0: X0:40
  SARows_0: S0:5, C0:3
  WRegister: C7:14, R7:3, C5:3, R5:3, C4:3, R4:3, C3:3, R3:3, C2:3, R2:3, C1:4, R0:5
  IntermediateRegister: Z6:56, Z5:12, Z4:12, Z3:12, Z2:12, Z1:12, Z0:56
  OutRegister: Z7:16
================================================================================


================================================================================
MEMORY CONSTRAINT VIOLATION DEBUG - Level: WRegister
================================================================================
Memory footprint: 1,488 bytes
Memory available: 400 bytes
Overflow: 1,088 bytes

Full architecture mapping:
  DRAM: P:540, Q:12, Y6:540, X6:12, Y5:540, X5:12, Y4:540, X4:12, Y3:540, X3:12, Y2:540, X2:12, Y1:540, X1:12, Y0:540, X0:12
  GlobalBuffer: Q:2, X6:2, X5:2, X4:2, X3:2, X2:2, X1:2, X0:2
  SACols: Q:40
  SARows: S7:3, C7:4
  SACols_6: X6:40
  SARows_6: C6:12
  SACols_5: X5:40
  SARows_5: S5:3, C5:4
  SACols_4: X4:40
  SARows_4: S4:3, C4:4
  SACols_3: X3:40
  SARows_3: S3:3, C3:4
  SACols_2: X2:40
  SARows_2: S2:3, C2:4
  SACols_1: X1:40
  SARows_1: C1:14
  SACols_0: X0:40
  SARows_0: S0:5, C0:3
  WRegister: C7:14, R7:3, C5:3, R5:3, C4:3, R4:3, C3:3, R3:3, C2:3, R2:3, C1:4, R0:5
  IntermediateRegister: Z6:56, Z5:12, Z4:12, Z3:12, Z2:12, Z1:12, Z0:56
  OutRegister: Z7:16
================================================================================

------ loading Accelergy for Eyeriss ------
[Constrained Eyeriss] 8 layers, tile_size=80
  DRAM: {'Q': 12, 'P': 540, 'X0': 12, 'Y0': 540, 'Z0': 1, 'C0': 1, 'R0': 1, 'S0': 1, 'X1': 12, 'Y1': 540, 'Z1': 1, 'C1': 1, 'R1': 1, 'S1': 1, 'X2': 12, 'Y2': 540, 'Z2': 1, 'C2': 1, 'R2': 1, 'S2': 1, 'X3': 12, 'Y3': 540, 'Z3': 1, 'C3': 1, 'R3': 1, 'S3': 1, 'X4': 12, 'Y4': 540, 'Z4': 1, 'C4': 1, 'R4': 1, 'S4': 1, 'X5': 12, 'Y5': 540, 'Z5': 1, 'C5': 1, 'R5': 1, 'S5': 1, 'X6': 12, 'Y6': 540, 'Z6': 1, 'C6': 1, 'R6': 1, 'S6': 1, 'Z7': 1, 'C7': 1, 'R7': 1, 'S7': 1}
  GlobalBuffer: {'Q': 1, 'P': 1, 'X0': 1, 'Y0': 1, 'Z0': 1, 'C0': 1, 'R0': 1, 'S0': 1, 'X1': 1, 'Y1': 1, 'Z1': 1, 'C1': 1, 'R1': 1, 'S1': 1, 'X2': 1, 'Y2': 1, 'Z2': 1, 'C2': 1, 'R2': 1, 'S2': 1, 'X3': 1, 'Y3': 1, 'Z3': 1, 'C3': 1, 'R3': 1, 'S3': 1, 'X4': 1, 'Y4': 1, 'Z4': 1, 'C4': 1, 'R4': 1, 'S4': 1, 'X5': 1, 'Y5': 1, 'Z5': 1, 'C5': 1, 'R5': 1, 'S5': 1, 'X6': 1, 'Y6': 1, 'Z6': 1, 'C6': 1, 'R6': 1, 'S6': 1, 'Z7': 1, 'C7': 1, 'R7': 1, 'S7': 1}
  SACols: {'Q': 80, 'Z7': 1}
  SARows_0: {'S0': 5, 'C0': 3, 'Z0': 1}
  SARows_1: {'S1': 1, 'C1': 14, 'Z1': 1}
  SARows_2: {'S2': 3, 'C2': 4, 'Z2': 1}
  SARows_3: {'S3': 3, 'C3': 4, 'Z3': 1}
  SARows_4: {'S4': 3, 'C4': 4, 'Z4': 1}
  SARows_5: {'S5': 3, 'C5': 4, 'Z5': 1}
  SARows_6: {'S6': 1, 'C6': 12, 'Z6': 1}
  SARows_7: {'S7': 3, 'C7': 4, 'Z7': 1}

================================================================================
MEMORY CONSTRAINT VIOLATION DEBUG - Level: InRegister
================================================================================
Memory footprint: 93 bytes
Memory available: 64 bytes
Overflow: 29 bytes

Full architecture mapping:
  DRAM: P:540, Q:12, Y6:540, X6:12, Y5:540, X5:12, Y4:540, X4:12, Y3:540, X3:12, Y2:540, X2:12, Y1:540, X1:12, Y0:540, X0:12
  SACols: Q:80
  SARows: S7:3, C7:4
  SACols_6: X6:80
  SARows_6: C6:12
  SACols_5: X5:80
  SARows_5: S5:3, C5:4
  SACols_4: X4:80
  SARows_4: S4:3, C4:4
  SACols_3: X3:80
  SARows_3: S3:3, C3:4
  SACols_2: X2:80
  SARows_2: S2:3, C2:4
  SACols_1: X1:80
  SARows_1: C1:14
  SACols_0: X0:80
  SARows_0: S0:5, C0:3
  WRegister: C7:14, R7:3, C5:3, R5:3, C4:3, R4:3, C3:3, R3:3, C2:3, R2:3, C1:4, R0:5
  IntermediateRegister: Z6:56, Z5:12, Z4:12, Z3:12, Z2:12, Z1:12, Z0:56
  OutRegister: Z7:16
================================================================================


================================================================================
MEMORY CONSTRAINT VIOLATION DEBUG - Level: WRegister
================================================================================
Memory footprint: 1,488 bytes
Memory available: 400 bytes
Overflow: 1,088 bytes

Full architecture mapping:
  DRAM: P:540, Q:12, Y6:540, X6:12, Y5:540, X5:12, Y4:540, X4:12, Y3:540, X3:12, Y2:540, X2:12, Y1:540, X1:12, Y0:540, X0:12
  SACols: Q:80
  SARows: S7:3, C7:4
  SACols_6: X6:80
  SARows_6: C6:12
  SACols_5: X5:80
  SARows_5: S5:3, C5:4
  SACols_4: X4:80
  SARows_4: S4:3, C4:4
  SACols_3: X3:80
  SARows_3: S3:3, C3:4
  SACols_2: X2:80
  SARows_2: S2:3, C2:4
  SACols_1: X1:80
  SARows_1: C1:14
  SACols_0: X0:80
  SARows_0: S0:5, C0:3
  WRegister: C7:14, R7:3, C5:3, R5:3, C4:3, R4:3, C3:3, R3:3, C2:3, R2:3, C1:4, R0:5
  IntermediateRegister: Z6:56, Z5:12, Z4:12, Z3:12, Z2:12, Z1:12, Z0:56
  OutRegister: Z7:16
================================================================================

------ loading Accelergy for Eyeriss ------
[Constrained Eyeriss] 8 layers, tile_size=80
  DRAM: {'Q': 12, 'P': 540, 'X0': 12, 'Y0': 540, 'Z0': 1, 'C0': 1, 'R0': 1, 'S0': 1, 'X1': 12, 'Y1': 540, 'Z1': 1, 'C1': 1, 'R1': 1, 'S1': 1, 'X2': 12, 'Y2': 540, 'Z2': 1, 'C2': 1, 'R2': 1, 'S2': 1, 'X3': 12, 'Y3': 540, 'Z3': 1, 'C3': 1, 'R3': 1, 'S3': 1, 'X4': 12, 'Y4': 540, 'Z4': 1, 'C4': 1, 'R4': 1, 'S4': 1, 'X5': 12, 'Y5': 540, 'Z5': 1, 'C5': 1, 'R5': 1, 'S5': 1, 'X6': 12, 'Y6': 540, 'Z6': 1, 'C6': 1, 'R6': 1, 'S6': 1, 'Z7': 1, 'C7': 1, 'R7': 1, 'S7': 1}
  GlobalBuffer: {'Q': 1, 'P': 1, 'X0': 1, 'Y0': 1, 'Z0': 1, 'C0': 1, 'R0': 1, 'S0': 1, 'X1': 1, 'Y1': 1, 'Z1': 1, 'C1': 1, 'R1': 1, 'S1': 1, 'X2': 1, 'Y2': 1, 'Z2': 1, 'C2': 1, 'R2': 1, 'S2': 1, 'X3': 1, 'Y3': 1, 'Z3': 1, 'C3': 1, 'R3': 1, 'S3': 1, 'X4': 1, 'Y4': 1, 'Z4': 1, 'C4': 1, 'R4': 1, 'S4': 1, 'X5': 1, 'Y5': 1, 'Z5': 1, 'C5': 1, 'R5': 1, 'S5': 1, 'X6': 1, 'Y6': 1, 'Z6': 1, 'C6': 1, 'R6': 1, 'S6': 1, 'Z7': 1, 'C7': 1, 'R7': 1, 'S7': 1}
  SACols: {'Q': 80, 'Z7': 1}
  SARows_0: {'S0': 5, 'C0': 3, 'Z0': 1}
  SARows_1: {'S1': 1, 'C1': 14, 'Z1': 1}
  SARows_2: {'S2': 3, 'C2': 4, 'Z2': 1}
  SARows_3: {'S3': 3, 'C3': 4, 'Z3': 1}
  SARows_4: {'S4': 3, 'C4': 4, 'Z4': 1}
  SARows_5: {'S5': 3, 'C5': 4, 'Z5': 1}
  SARows_6: {'S6': 1, 'C6': 12, 'Z6': 1}
  SARows_7: {'S7': 3, 'C7': 4, 'Z7': 1}

================================================================================
MEMORY CONSTRAINT VIOLATION DEBUG - Level: InRegister
================================================================================
Memory footprint: 93 bytes
Memory available: 64 bytes
Overflow: 29 bytes

Full architecture mapping:
  DRAM: P:540, Q:12, Y6:540, X6:12, Y5:540, X5:12, Y4:540, X4:12, Y3:540, X3:12, Y2:540, X2:12, Y1:540, X1:12, Y0:540, X0:12
  SACols: Q:80
  SARows: S7:3, C7:4
  SACols_6: X6:80
  SARows_6: C6:12
  SACols_5: X5:80
  SARows_5: S5:3, C5:4
  SACols_4: X4:80
  SARows_4: S4:3, C4:4
  SACols_3: X3:80
  SARows_3: S3:3, C3:4
  SACols_2: X2:80
  SARows_2: S2:3, C2:4
  SACols_1: X1:80
  SARows_1: C1:14
  SACols_0: X0:80
  SARows_0: S0:5, C0:3
  WRegister: C7:14, R7:3, C5:3, R5:3, C4:3, R4:3, C3:3, R3:3, C2:3, R2:3, C1:4, R0:5
  IntermediateRegister: Z6:56, Z5:12, Z4:12, Z3:12, Z2:12, Z1:12, Z0:56
  OutRegister: Z7:16
================================================================================


================================================================================
MEMORY CONSTRAINT VIOLATION DEBUG - Level: WRegister
================================================================================
Memory footprint: 1,488 bytes
Memory available: 400 bytes
Overflow: 1,088 bytes

Full architecture mapping:
  DRAM: P:540, Q:12, Y6:540, X6:12, Y5:540, X5:12, Y4:540, X4:12, Y3:540, X3:12, Y2:540, X2:12, Y1:540, X1:12, Y0:540, X0:12
  SACols: Q:80
  SARows: S7:3, C7:4
  SACols_6: X6:80
  SARows_6: C6:12
  SACols_5: X5:80
  SARows_5: S5:3, C5:4
  SACols_4: X4:80
  SARows_4: S4:3, C4:4
  SACols_3: X3:80
  SARows_3: S3:3, C3:4
  SACols_2: X2:80
  SARows_2: S2:3, C2:4
  SACols_1: X1:80
  SARows_1: C1:14
  SACols_0: X0:80
  SARows_0: S0:5, C0:3
  WRegister: C7:14, R7:3, C5:3, R5:3, C4:3, R4:3, C3:3, R3:3, C2:3, R2:3, C1:4, R0:5
  IntermediateRegister: Z6:56, Z5:12, Z4:12, Z3:12, Z2:12, Z1:12, Z0:56
  OutRegister: Z7:16
================================================================================

------ loading Accelergy for Eyeriss ------
[Constrained Eyeriss] 8 layers, tile_size=80
  DRAM: {'Q': 12, 'P': 540, 'X0': 12, 'Y0': 540, 'Z0': 1, 'C0': 1, 'R0': 1, 'S0': 1, 'X1': 12, 'Y1': 540, 'Z1': 1, 'C1': 1, 'R1': 1, 'S1': 1, 'X2': 12, 'Y2': 540, 'Z2': 1, 'C2': 1, 'R2': 1, 'S2': 1, 'X3': 12, 'Y3': 540, 'Z3': 1, 'C3': 1, 'R3': 1, 'S3': 1, 'X4': 12, 'Y4': 540, 'Z4': 1, 'C4': 1, 'R4': 1, 'S4': 1, 'X5': 12, 'Y5': 540, 'Z5': 1, 'C5': 1, 'R5': 1, 'S5': 1, 'X6': 12, 'Y6': 540, 'Z6': 1, 'C6': 1, 'R6': 1, 'S6': 1, 'Z7': 1, 'C7': 1, 'R7': 1, 'S7': 1}
  GlobalBuffer: {'Q': 1, 'P': 1, 'X0': 1, 'Y0': 1, 'Z0': 1, 'C0': 1, 'R0': 1, 'S0': 1, 'X1': 1, 'Y1': 1, 'Z1': 1, 'C1': 1, 'R1': 1, 'S1': 1, 'X2': 1, 'Y2': 1, 'Z2': 1, 'C2': 1, 'R2': 1, 'S2': 1, 'X3': 1, 'Y3': 1, 'Z3': 1, 'C3': 1, 'R3': 1, 'S3': 1, 'X4': 1, 'Y4': 1, 'Z4': 1, 'C4': 1, 'R4': 1, 'S4': 1, 'X5': 1, 'Y5': 1, 'Z5': 1, 'C5': 1, 'R5': 1, 'S5': 1, 'X6': 1, 'Y6': 1, 'Z6': 1, 'C6': 1, 'R6': 1, 'S6': 1, 'Z7': 1, 'C7': 1, 'R7': 1, 'S7': 1}
  SACols: {'Q': 80, 'Z7': 2}
  SARows_0: {'S0': 5, 'C0': 3, 'Z0': 1}
  SARows_1: {'S1': 1, 'C1': 14, 'Z1': 1}
  SARows_2: {'S2': 3, 'C2': 4, 'Z2': 1}
  SARows_3: {'S3': 3, 'C3': 4, 'Z3': 1}
  SARows_4: {'S4': 3, 'C4': 4, 'Z4': 1}
  SARows_5: {'S5': 3, 'C5': 4, 'Z5': 1}
  SARows_6: {'S6': 1, 'C6': 12, 'Z6': 1}
  SARows_7: {'S7': 3, 'C7': 4, 'Z7': 1}

================================================================================
MEMORY CONSTRAINT VIOLATION DEBUG - Level: InRegister
================================================================================
Memory footprint: 93 bytes
Memory available: 64 bytes
Overflow: 29 bytes

Full architecture mapping:
  DRAM: P:540, Q:12, Y6:540, X6:12, Y5:540, X5:12, Y4:540, X4:12, Y3:540, X3:12, Y2:540, X2:12, Y1:540, X1:12, Y0:540, X0:12
  SACols: Q:80, Z7:2
  SARows: S7:3, C7:4
  SACols_6: X6:80, Z6:2
  SARows_6: C6:12
  SACols_5: X5:80, Z5:3
  SARows_5: S5:3, C5:4
  SACols_4: X4:80, Z4:3
  SARows_4: S4:3, C4:4
  SACols_3: X3:80, Z3:3
  SARows_3: S3:3, C3:4
  SACols_2: X2:80, Z2:3
  SARows_2: S2:3, C2:4
  SACols_1: X1:80, Z1:3
  SARows_1: C1:14
  SACols_0: X0:80, Z0:2
  SARows_0: S0:5, C0:3
  WRegister: C7:14, R7:3, C5:3, R5:3, C4:3, R4:3, C3:3, R3:3, C2:3, R2:3, C1:4, R0:5
  IntermediateRegister: Z6:28, Z5:4, Z4:4, Z3:4, Z2:4, Z1:4, Z0:28
  OutRegister: Z7:8
================================================================================


================================================================================
MEMORY CONSTRAINT VIOLATION DEBUG - Level: WRegister
================================================================================
Memory footprint: 664 bytes
Memory available: 400 bytes
Overflow: 264 bytes

Full architecture mapping:
  DRAM: P:540, Q:12, Y6:540, X6:12, Y5:540, X5:12, Y4:540, X4:12, Y3:540, X3:12, Y2:540, X2:12, Y1:540, X1:12, Y0:540, X0:12
  SACols: Q:80, Z7:2
  SARows: S7:3, C7:4
  SACols_6: X6:80, Z6:2
  SARows_6: C6:12
  SACols_5: X5:80, Z5:3
  SARows_5: S5:3, C5:4
  SACols_4: X4:80, Z4:3
  SARows_4: S4:3, C4:4
  SACols_3: X3:80, Z3:3
  SARows_3: S3:3, C3:4
  SACols_2: X2:80, Z2:3
  SARows_2: S2:3, C2:4
  SACols_1: X1:80, Z1:3
  SARows_1: C1:14
  SACols_0: X0:80, Z0:2
  SARows_0: S0:5, C0:3
  WRegister: C7:14, R7:3, C5:3, R5:3, C4:3, R4:3, C3:3, R3:3, C2:3, R2:3, C1:4, R0:5
  IntermediateRegister: Z6:28, Z5:4, Z4:4, Z3:4, Z2:4, Z1:4, Z0:28
  OutRegister: Z7:8
================================================================================

------ loading Accelergy for Eyeriss ------
[Constrained Eyeriss] 8 layers, tile_size=80
  DRAM: {'Q': 12, 'P': 540, 'X0': 12, 'Y0': 540, 'Z0': 1, 'C0': 1, 'R0': 1, 'S0': 1, 'X1': 12, 'Y1': 540, 'Z1': 1, 'C1': 1, 'R1': 1, 'S1': 1, 'X2': 12, 'Y2': 540, 'Z2': 1, 'C2': 1, 'R2': 1, 'S2': 1, 'X3': 12, 'Y3': 540, 'Z3': 1, 'C3': 1, 'R3': 1, 'S3': 1, 'X4': 12, 'Y4': 540, 'Z4': 1, 'C4': 1, 'R4': 1, 'S4': 1, 'X5': 12, 'Y5': 540, 'Z5': 1, 'C5': 1, 'R5': 1, 'S5': 1, 'X6': 12, 'Y6': 540, 'Z6': 1, 'C6': 1, 'R6': 1, 'S6': 1, 'Z7': 1, 'C7': 1, 'R7': 1, 'S7': 1}
  GlobalBuffer: {'Q': 1, 'P': 1, 'X0': 1, 'Y0': 1, 'Z0': 1, 'C0': 1, 'R0': 1, 'S0': 1, 'X1': 1, 'Y1': 1, 'Z1': 1, 'C1': 1, 'R1': 1, 'S1': 1, 'X2': 1, 'Y2': 1, 'Z2': 1, 'C2': 1, 'R2': 1, 'S2': 1, 'X3': 1, 'Y3': 1, 'Z3': 1, 'C3': 1, 'R3': 1, 'S3': 1, 'X4': 1, 'Y4': 1, 'Z4': 1, 'C4': 1, 'R4': 1, 'S4': 1, 'X5': 1, 'Y5': 1, 'Z5': 1, 'C5': 1, 'R5': 1, 'S5': 1, 'X6': 1, 'Y6': 1, 'Z6': 1, 'C6': 1, 'R6': 1, 'S6': 1, 'Z7': 1, 'C7': 1, 'R7': 1, 'S7': 1}
  SACols: {'Q': 80, 'Z7': 4}
  SARows_0: {'S0': 5, 'C0': 3, 'Z0': 1}
  SARows_1: {'S1': 1, 'C1': 14, 'Z1': 1}
  SARows_2: {'S2': 3, 'C2': 4, 'Z2': 1}
  SARows_3: {'S3': 3, 'C3': 4, 'Z3': 1}
  SARows_4: {'S4': 3, 'C4': 4, 'Z4': 1}
  SARows_5: {'S5': 3, 'C5': 4, 'Z5': 1}
  SARows_6: {'S6': 1, 'C6': 12, 'Z6': 1}
  SARows_7: {'S7': 3, 'C7': 4, 'Z7': 1}

================================================================================
MEMORY CONSTRAINT VIOLATION DEBUG - Level: InRegister
================================================================================
Memory footprint: 93 bytes
Memory available: 64 bytes
Overflow: 29 bytes

Full architecture mapping:
  DRAM: P:540, Q:12, Y6:540, X6:12, Y5:540, X5:12, Y4:540, X4:12, Y3:540, X3:12, Y2:540, X2:12, Y1:540, X1:12, Y0:540, X0:12
  SACols: Q:80, Z7:4
  SARows: S7:3, C7:4
  SACols_6: X6:80, Z6:4
  SARows_6: C6:12
  SACols_5: X5:80, Z5:4
  SARows_5: S5:3, C5:4
  SACols_4: X4:80, Z4:4
  SARows_4: S4:3, C4:4
  SACols_3: X3:80, Z3:4
  SARows_3: S3:3, C3:4
  SACols_2: X2:80, Z2:4
  SARows_2: S2:3, C2:4
  SACols_1: X1:80, Z1:4
  SARows_1: C1:14
  SACols_0: X0:80, Z0:4
  SARows_0: S0:5, C0:3
  WRegister: C7:14, R7:3, C5:3, R5:3, C4:3, R4:3, C3:3, R3:3, C2:3, R2:3, C1:4, R0:5
  IntermediateRegister: Z6:14, Z5:3, Z4:3, Z3:3, Z2:3, Z1:3, Z0:14
  OutRegister: Z7:4
================================================================================

------ loading Accelergy for Eyeriss ------
[Constrained Eyeriss] 8 layers, tile_size=80
  DRAM: {'Q': 12, 'P': 540, 'X0': 12, 'Y0': 540, 'Z0': 1, 'C0': 1, 'R0': 1, 'S0': 1, 'X1': 12, 'Y1': 540, 'Z1': 1, 'C1': 1, 'R1': 1, 'S1': 1, 'X2': 12, 'Y2': 540, 'Z2': 1, 'C2': 1, 'R2': 1, 'S2': 1, 'X3': 12, 'Y3': 540, 'Z3': 1, 'C3': 1, 'R3': 1, 'S3': 1, 'X4': 12, 'Y4': 540, 'Z4': 1, 'C4': 1, 'R4': 1, 'S4': 1, 'X5': 12, 'Y5': 540, 'Z5': 1, 'C5': 1, 'R5': 1, 'S5': 1, 'X6': 12, 'Y6': 540, 'Z6': 1, 'C6': 1, 'R6': 1, 'S6': 1, 'Z7': 1, 'C7': 1, 'R7': 1, 'S7': 1}
  GlobalBuffer: {'Q': 1, 'P': 1, 'X0': 1, 'Y0': 1, 'Z0': 1, 'C0': 1, 'R0': 1, 'S0': 1, 'X1': 1, 'Y1': 1, 'Z1': 1, 'C1': 1, 'R1': 1, 'S1': 1, 'X2': 1, 'Y2': 1, 'Z2': 1, 'C2': 1, 'R2': 1, 'S2': 1, 'X3': 1, 'Y3': 1, 'Z3': 1, 'C3': 1, 'R3': 1, 'S3': 1, 'X4': 1, 'Y4': 1, 'Z4': 1, 'C4': 1, 'R4': 1, 'S4': 1, 'X5': 1, 'Y5': 1, 'Z5': 1, 'C5': 1, 'R5': 1, 'S5': 1, 'X6': 1, 'Y6': 1, 'Z6': 1, 'C6': 1, 'R6': 1, 'S6': 1, 'Z7': 1, 'C7': 1, 'R7': 1, 'S7': 1}
  SACols: {'Q': 80, 'Z7': 4}
  SARows_0: {'S0': 5, 'C0': 3, 'Z0': 1}
  SARows_1: {'S1': 1, 'C1': 14, 'Z1': 1}
  SARows_2: {'S2': 3, 'C2': 4, 'Z2': 1}
  SARows_3: {'S3': 3, 'C3': 4, 'Z3': 1}
  SARows_4: {'S4': 3, 'C4': 4, 'Z4': 1}
  SARows_5: {'S5': 3, 'C5': 4, 'Z5': 1}
  SARows_6: {'S6': 1, 'C6': 12, 'Z6': 1}
  SARows_7: {'S7': 3, 'C7': 4, 'Z7': 1}

================================================================================
MEMORY CONSTRAINT VIOLATION DEBUG - Level: InRegister
================================================================================
Memory footprint: 93 bytes
Memory available: 64 bytes
Overflow: 29 bytes

Full architecture mapping:
  DRAM: P:540, Q:12, Y6:540, X6:12, Y5:540, X5:12, Y4:540, X4:12, Y3:540, X3:12, Y2:540, X2:12, Y1:540, X1:12, Y0:540, X0:12
  SACols: Q:80, Z7:4
  SARows: S7:3, C7:4
  SACols_6: X6:80, Z6:4
  SARows_6: C6:12
  SACols_5: X5:80, Z5:6
  SARows_5: S5:3, C5:4
  SACols_4: X4:80, Z4:6
  SARows_4: S4:3, C4:4
  SACols_3: X3:80, Z3:6
  SARows_3: S3:3, C3:4
  SACols_2: X2:80, Z2:6
  SARows_2: S2:3, C2:4
  SACols_1: X1:80, Z1:6
  SARows_1: C1:14
  SACols_0: X0:80, Z0:4
  SARows_0: S0:5, C0:3
  WRegister: C7:14, R7:3, C5:3, R5:3, C4:3, R4:3, C3:3, R3:3, C2:3, R2:3, C1:4, R0:5
  IntermediateRegister: Z6:14, Z5:2, Z4:2, Z3:2, Z2:2, Z1:2, Z0:14
  OutRegister: Z7:4
================================================================================

------ loading Accelergy for Eyeriss ------
[Constrained Eyeriss] 8 layers, tile_size=80
  DRAM: {'Q': 12, 'P': 540, 'X0': 12, 'Y0': 540, 'Z0': 1, 'C0': 1, 'R0': 1, 'S0': 1, 'X1': 12, 'Y1': 540, 'Z1': 1, 'C1': 1, 'R1': 1, 'S1': 1, 'X2': 12, 'Y2': 540, 'Z2': 1, 'C2': 1, 'R2': 1, 'S2': 1, 'X3': 12, 'Y3': 540, 'Z3': 1, 'C3': 1, 'R3': 1, 'S3': 1, 'X4': 12, 'Y4': 540, 'Z4': 1, 'C4': 1, 'R4': 1, 'S4': 1, 'X5': 12, 'Y5': 540, 'Z5': 1, 'C5': 1, 'R5': 1, 'S5': 1, 'X6': 12, 'Y6': 540, 'Z6': 1, 'C6': 1, 'R6': 1, 'S6': 1, 'Z7': 1, 'C7': 1, 'R7': 1, 'S7': 1}
  GlobalBuffer: {'Q': 20, 'P': 1, 'X0': 20, 'Y0': 1, 'Z0': 1, 'C0': 1, 'R0': 1, 'S0': 1, 'X1': 20, 'Y1': 1, 'Z1': 1, 'C1': 1, 'R1': 1, 'S1': 1, 'X2': 20, 'Y2': 1, 'Z2': 1, 'C2': 1, 'R2': 1, 'S2': 1, 'X3': 20, 'Y3': 1, 'Z3': 1, 'C3': 1, 'R3': 1, 'S3': 1, 'X4': 20, 'Y4': 1, 'Z4': 1, 'C4': 1, 'R4': 1, 'S4': 1, 'X5': 20, 'Y5': 1, 'Z5': 1, 'C5': 1, 'R5': 1, 'S5': 1, 'X6': 20, 'Y6': 1, 'Z6': 1, 'C6': 1, 'R6': 1, 'S6': 1, 'Z7': 1, 'C7': 1, 'R7': 1, 'S7': 1}
  SACols: {'Q': 4, 'Z7': 1}
  SARows_0: {'S0': 5, 'C0': 3, 'Z0': 2}
  SARows_1: {'S1': 1, 'C1': 28, 'Z1': 1}
  SARows_2: {'S2': 3, 'C2': 6, 'Z2': 1}
  SARows_3: {'S3': 3, 'C3': 6, 'Z3': 1}
  SARows_4: {'S4': 3, 'C4': 6, 'Z4': 1}
  SARows_5: {'S5': 3, 'C5': 6, 'Z5': 1}
  SARows_6: {'S6': 1, 'C6': 12, 'Z6': 2}
  SARows_7: {'S7': 3, 'C7': 8, 'Z7': 1}

================================================================================
MEMORY CONSTRAINT VIOLATION DEBUG - Level: WRegister
================================================================================
Memory footprint: 816 bytes
Memory available: 400 bytes
Overflow: 416 bytes

Full architecture mapping:
  DRAM: P:540, Q:12, Y6:540, X6:12, Y5:540, X5:12, Y4:540, X4:12, Y3:540, X3:12, Y2:540, X2:12, Y1:540, X1:12, Y0:540, X0:12
  GlobalBuffer: Q:20, X6:20, X5:20, X4:20, X3:20, X2:20, X1:20, X0:20
  SACols: Q:4
  SARows: S7:3, C7:8
  SACols_6: X6:4
  SARows_6: C6:12, Z6:2
  SACols_5: X5:4
  SARows_5: S5:3, C5:6
  SACols_4: X4:4
  SARows_4: S4:3, C4:6
  SACols_3: X3:4
  SARows_3: S3:3, C3:6
  SACols_2: X2:4
  SARows_2: S2:3, C2:6
  SACols_1: X1:4
  SARows_1: C1:28
  SACols_0: X0:4
  SARows_0: S0:5, C0:3, Z0:2
  WRegister: C7:7, R7:3, C5:2, R5:3, C4:2, R4:3, C3:2, R3:3, C2:2, R2:3, C1:2, R0:5
  IntermediateRegister: Z6:28, Z5:12, Z4:12, Z3:12, Z2:12, Z1:12, Z0:28
  OutRegister: Z7:16
================================================================================

------ loading Accelergy for Eyeriss ------
[Constrained Eyeriss] 8 layers, tile_size=80
  DRAM: {'Q': 12, 'P': 540, 'X0': 12, 'Y0': 540, 'Z0': 1, 'C0': 1, 'R0': 1, 'S0': 1, 'X1': 12, 'Y1': 540, 'Z1': 1, 'C1': 1, 'R1': 1, 'S1': 1, 'X2': 12, 'Y2': 540, 'Z2': 1, 'C2': 1, 'R2': 1, 'S2': 1, 'X3': 12, 'Y3': 540, 'Z3': 1, 'C3': 1, 'R3': 1, 'S3': 1, 'X4': 12, 'Y4': 540, 'Z4': 1, 'C4': 1, 'R4': 1, 'S4': 1, 'X5': 12, 'Y5': 540, 'Z5': 1, 'C5': 1, 'R5': 1, 'S5': 1, 'X6': 12, 'Y6': 540, 'Z6': 1, 'C6': 1, 'R6': 1, 'S6': 1, 'Z7': 1, 'C7': 1, 'R7': 1, 'S7': 1}
  GlobalBuffer: {'Q': 10, 'P': 1, 'X0': 10, 'Y0': 1, 'Z0': 1, 'C0': 1, 'R0': 1, 'S0': 1, 'X1': 10, 'Y1': 1, 'Z1': 1, 'C1': 1, 'R1': 1, 'S1': 1, 'X2': 10, 'Y2': 1, 'Z2': 1, 'C2': 1, 'R2': 1, 'S2': 1, 'X3': 10, 'Y3': 1, 'Z3': 1, 'C3': 1, 'R3': 1, 'S3': 1, 'X4': 10, 'Y4': 1, 'Z4': 1, 'C4': 1, 'R4': 1, 'S4': 1, 'X5': 10, 'Y5': 1, 'Z5': 1, 'C5': 1, 'R5': 1, 'S5': 1, 'X6': 10, 'Y6': 1, 'Z6': 1, 'C6': 1, 'R6': 1, 'S6': 1, 'Z7': 1, 'C7': 1, 'R7': 1, 'S7': 1}
  SACols: {'Q': 8, 'Z7': 1}
  SARows_0: {'S0': 5, 'C0': 3, 'Z0': 2}
  SARows_1: {'S1': 1, 'C1': 28, 'Z1': 1}
  SARows_2: {'S2': 3, 'C2': 6, 'Z2': 1}
  SARows_3: {'S3': 3, 'C3': 6, 'Z3': 1}
  SARows_4: {'S4': 3, 'C4': 6, 'Z4': 1}
  SARows_5: {'S5': 3, 'C5': 6, 'Z5': 1}
  SARows_6: {'S6': 1, 'C6': 12, 'Z6': 2}
  SARows_7: {'S7': 3, 'C7': 8, 'Z7': 1}

================================================================================
MEMORY CONSTRAINT VIOLATION DEBUG - Level: WRegister
================================================================================
Memory footprint: 816 bytes
Memory available: 400 bytes
Overflow: 416 bytes

Full architecture mapping:
  DRAM: P:540, Q:12, Y6:540, X6:12, Y5:540, X5:12, Y4:540, X4:12, Y3:540, X3:12, Y2:540, X2:12, Y1:540, X1:12, Y0:540, X0:12
  GlobalBuffer: Q:10, X6:10, X5:10, X4:10, X3:10, X2:10, X1:10, X0:10
  SACols: Q:8
  SARows: S7:3, C7:8
  SACols_6: X6:8
  SARows_6: C6:12, Z6:2
  SACols_5: X5:8
  SARows_5: S5:3, C5:6
  SACols_4: X4:8
  SARows_4: S4:3, C4:6
  SACols_3: X3:8
  SARows_3: S3:3, C3:6
  SACols_2: X2:8
  SARows_2: S2:3, C2:6
  SACols_1: X1:8
  SARows_1: C1:28
  SACols_0: X0:8
  SARows_0: S0:5, C0:3, Z0:2
  WRegister: C7:7, R7:3, C5:2, R5:3, C4:2, R4:3, C3:2, R3:3, C2:2, R2:3, C1:2, R0:5
  IntermediateRegister: Z6:28, Z5:12, Z4:12, Z3:12, Z2:12, Z1:12, Z0:28
  OutRegister: Z7:16
================================================================================

------ loading Accelergy for Eyeriss ------
[Constrained Eyeriss] 8 layers, tile_size=80
  DRAM: {'Q': 12, 'P': 540, 'X0': 12, 'Y0': 540, 'Z0': 1, 'C0': 1, 'R0': 1, 'S0': 1, 'X1': 12, 'Y1': 540, 'Z1': 1, 'C1': 1, 'R1': 1, 'S1': 1, 'X2': 12, 'Y2': 540, 'Z2': 1, 'C2': 1, 'R2': 1, 'S2': 1, 'X3': 12, 'Y3': 540, 'Z3': 1, 'C3': 1, 'R3': 1, 'S3': 1, 'X4': 12, 'Y4': 540, 'Z4': 1, 'C4': 1, 'R4': 1, 'S4': 1, 'X5': 12, 'Y5': 540, 'Z5': 1, 'C5': 1, 'R5': 1, 'S5': 1, 'X6': 12, 'Y6': 540, 'Z6': 1, 'C6': 1, 'R6': 1, 'S6': 1, 'Z7': 1, 'C7': 1, 'R7': 1, 'S7': 1}
  GlobalBuffer: {'Q': 8, 'P': 1, 'X0': 8, 'Y0': 1, 'Z0': 1, 'C0': 1, 'R0': 1, 'S0': 1, 'X1': 8, 'Y1': 1, 'Z1': 1, 'C1': 1, 'R1': 1, 'S1': 1, 'X2': 8, 'Y2': 1, 'Z2': 1, 'C2': 1, 'R2': 1, 'S2': 1, 'X3': 8, 'Y3': 1, 'Z3': 1, 'C3': 1, 'R3': 1, 'S3': 1, 'X4': 8, 'Y4': 1, 'Z4': 1, 'C4': 1, 'R4': 1, 'S4': 1, 'X5': 8, 'Y5': 1, 'Z5': 1, 'C5': 1, 'R5': 1, 'S5': 1, 'X6': 8, 'Y6': 1, 'Z6': 1, 'C6': 1, 'R6': 1, 'S6': 1, 'Z7': 1, 'C7': 1, 'R7': 1, 'S7': 1}
  SACols: {'Q': 10, 'Z7': 1}
  SARows_0: {'S0': 5, 'C0': 3, 'Z0': 2}
  SARows_1: {'S1': 1, 'C1': 28, 'Z1': 1}
  SARows_2: {'S2': 3, 'C2': 6, 'Z2': 1}
  SARows_3: {'S3': 3, 'C3': 6, 'Z3': 1}
  SARows_4: {'S4': 3, 'C4': 6, 'Z4': 1}
  SARows_5: {'S5': 3, 'C5': 6, 'Z5': 1}
  SARows_6: {'S6': 1, 'C6': 12, 'Z6': 2}
  SARows_7: {'S7': 3, 'C7': 8, 'Z7': 1}

================================================================================
MEMORY CONSTRAINT VIOLATION DEBUG - Level: WRegister
================================================================================
Memory footprint: 816 bytes
Memory available: 400 bytes
Overflow: 416 bytes

Full architecture mapping:
  DRAM: P:540, Q:12, Y6:540, X6:12, Y5:540, X5:12, Y4:540, X4:12, Y3:540, X3:12, Y2:540, X2:12, Y1:540, X1:12, Y0:540, X0:12
  GlobalBuffer: Q:8, X6:8, X5:8, X4:8, X3:8, X2:8, X1:8, X0:8
  SACols: Q:10
  SARows: S7:3, C7:8
  SACols_6: X6:10
  SARows_6: C6:12, Z6:2
  SACols_5: X5:10
  SARows_5: S5:3, C5:6
  SACols_4: X4:10
  SARows_4: S4:3, C4:6
  SACols_3: X3:10
  SARows_3: S3:3, C3:6
  SACols_2: X2:10
  SARows_2: S2:3, C2:6
  SACols_1: X1:10
  SARows_1: C1:28
  SACols_0: X0:10
  SARows_0: S0:5, C0:3, Z0:2
  WRegister: C7:7, R7:3, C5:2, R5:3, C4:2, R4:3, C3:2, R3:3, C2:2, R2:3, C1:2, R0:5
  IntermediateRegister: Z6:28, Z5:12, Z4:12, Z3:12, Z2:12, Z1:12, Z0:28
  OutRegister: Z7:16
================================================================================

------ loading Accelergy for Eyeriss ------
[Constrained Eyeriss] 8 layers, tile_size=80
  DRAM: {'Q': 12, 'P': 540, 'X0': 12, 'Y0': 540, 'Z0': 1, 'C0': 1, 'R0': 1, 'S0': 1, 'X1': 12, 'Y1': 540, 'Z1': 1, 'C1': 1, 'R1': 1, 'S1': 1, 'X2': 12, 'Y2': 540, 'Z2': 1, 'C2': 1, 'R2': 1, 'S2': 1, 'X3': 12, 'Y3': 540, 'Z3': 1, 'C3': 1, 'R3': 1, 'S3': 1, 'X4': 12, 'Y4': 540, 'Z4': 1, 'C4': 1, 'R4': 1, 'S4': 1, 'X5': 12, 'Y5': 540, 'Z5': 1, 'C5': 1, 'R5': 1, 'S5': 1, 'X6': 12, 'Y6': 540, 'Z6': 1, 'C6': 1, 'R6': 1, 'S6': 1, 'Z7': 1, 'C7': 1, 'R7': 1, 'S7': 1}
  GlobalBuffer: {'Q': 5, 'P': 1, 'X0': 5, 'Y0': 1, 'Z0': 1, 'C0': 1, 'R0': 1, 'S0': 1, 'X1': 5, 'Y1': 1, 'Z1': 1, 'C1': 1, 'R1': 1, 'S1': 1, 'X2': 5, 'Y2': 1, 'Z2': 1, 'C2': 1, 'R2': 1, 'S2': 1, 'X3': 5, 'Y3': 1, 'Z3': 1, 'C3': 1, 'R3': 1, 'S3': 1, 'X4': 5, 'Y4': 1, 'Z4': 1, 'C4': 1, 'R4': 1, 'S4': 1, 'X5': 5, 'Y5': 1, 'Z5': 1, 'C5': 1, 'R5': 1, 'S5': 1, 'X6': 5, 'Y6': 1, 'Z6': 1, 'C6': 1, 'R6': 1, 'S6': 1, 'Z7': 1, 'C7': 1, 'R7': 1, 'S7': 1}
  SACols: {'Q': 16, 'Z7': 1}
  SARows_0: {'S0': 5, 'C0': 3, 'Z0': 2}
  SARows_1: {'S1': 1, 'C1': 28, 'Z1': 1}
  SARows_2: {'S2': 3, 'C2': 6, 'Z2': 1}
  SARows_3: {'S3': 3, 'C3': 6, 'Z3': 1}
  SARows_4: {'S4': 3, 'C4': 6, 'Z4': 1}
  SARows_5: {'S5': 3, 'C5': 6, 'Z5': 1}
  SARows_6: {'S6': 1, 'C6': 12, 'Z6': 2}
  SARows_7: {'S7': 3, 'C7': 8, 'Z7': 1}

================================================================================
MEMORY CONSTRAINT VIOLATION DEBUG - Level: WRegister
================================================================================
Memory footprint: 816 bytes
Memory available: 400 bytes
Overflow: 416 bytes

Full architecture mapping:
  DRAM: P:540, Q:12, Y6:540, X6:12, Y5:540, X5:12, Y4:540, X4:12, Y3:540, X3:12, Y2:540, X2:12, Y1:540, X1:12, Y0:540, X0:12
  GlobalBuffer: Q:5, X6:5, X5:5, X4:5, X3:5, X2:5, X1:5, X0:5
  SACols: Q:16
  SARows: S7:3, C7:8
  SACols_6: X6:16
  SARows_6: C6:12, Z6:2
  SACols_5: X5:16
  SARows_5: S5:3, C5:6
  SACols_4: X4:16
  SARows_4: S4:3, C4:6
  SACols_3: X3:16
  SARows_3: S3:3, C3:6
  SACols_2: X2:16
  SARows_2: S2:3, C2:6
  SACols_1: X1:16
  SARows_1: C1:28
  SACols_0: X0:16
  SARows_0: S0:5, C0:3, Z0:2
  WRegister: C7:7, R7:3, C5:2, R5:3, C4:2, R4:3, C3:2, R3:3, C2:2, R2:3, C1:2, R0:5
  IntermediateRegister: Z6:28, Z5:12, Z4:12, Z3:12, Z2:12, Z1:12, Z0:28
  OutRegister: Z7:16
================================================================================

------ loading Accelergy for Eyeriss ------
[Constrained Eyeriss] 8 layers, tile_size=80
  DRAM: {'Q': 12, 'P': 540, 'X0': 12, 'Y0': 540, 'Z0': 1, 'C0': 1, 'R0': 1, 'S0': 1, 'X1': 12, 'Y1': 540, 'Z1': 1, 'C1': 1, 'R1': 1, 'S1': 1, 'X2': 12, 'Y2': 540, 'Z2': 1, 'C2': 1, 'R2': 1, 'S2': 1, 'X3': 12, 'Y3': 540, 'Z3': 1, 'C3': 1, 'R3': 1, 'S3': 1, 'X4': 12, 'Y4': 540, 'Z4': 1, 'C4': 1, 'R4': 1, 'S4': 1, 'X5': 12, 'Y5': 540, 'Z5': 1, 'C5': 1, 'R5': 1, 'S5': 1, 'X6': 12, 'Y6': 540, 'Z6': 1, 'C6': 1, 'R6': 1, 'S6': 1, 'Z7': 1, 'C7': 1, 'R7': 1, 'S7': 1}
  GlobalBuffer: {'Q': 4, 'P': 1, 'X0': 4, 'Y0': 1, 'Z0': 1, 'C0': 1, 'R0': 1, 'S0': 1, 'X1': 4, 'Y1': 1, 'Z1': 1, 'C1': 1, 'R1': 1, 'S1': 1, 'X2': 4, 'Y2': 1, 'Z2': 1, 'C2': 1, 'R2': 1, 'S2': 1, 'X3': 4, 'Y3': 1, 'Z3': 1, 'C3': 1, 'R3': 1, 'S3': 1, 'X4': 4, 'Y4': 1, 'Z4': 1, 'C4': 1, 'R4': 1, 'S4': 1, 'X5': 4, 'Y5': 1, 'Z5': 1, 'C5': 1, 'R5': 1, 'S5': 1, 'X6': 4, 'Y6': 1, 'Z6': 1, 'C6': 1, 'R6': 1, 'S6': 1, 'Z7': 1, 'C7': 1, 'R7': 1, 'S7': 1}
  SACols: {'Q': 20, 'Z7': 1}
  SARows_0: {'S0': 5, 'C0': 3, 'Z0': 2}
  SARows_1: {'S1': 1, 'C1': 28, 'Z1': 1}
  SARows_2: {'S2': 3, 'C2': 6, 'Z2': 1}
  SARows_3: {'S3': 3, 'C3': 6, 'Z3': 1}
  SARows_4: {'S4': 3, 'C4': 6, 'Z4': 1}
  SARows_5: {'S5': 3, 'C5': 6, 'Z5': 1}
  SARows_6: {'S6': 1, 'C6': 12, 'Z6': 2}
  SARows_7: {'S7': 3, 'C7': 8, 'Z7': 1}

================================================================================
MEMORY CONSTRAINT VIOLATION DEBUG - Level: WRegister
================================================================================
Memory footprint: 816 bytes
Memory available: 400 bytes
Overflow: 416 bytes

Full architecture mapping:
  DRAM: P:540, Q:12, Y6:540, X6:12, Y5:540, X5:12, Y4:540, X4:12, Y3:540, X3:12, Y2:540, X2:12, Y1:540, X1:12, Y0:540, X0:12
  GlobalBuffer: Q:4, X6:4, X5:4, X4:4, X3:4, X2:4, X1:4, X0:4
  SACols: Q:20
  SARows: S7:3, C7:8
  SACols_6: X6:20
  SARows_6: C6:12, Z6:2
  SACols_5: X5:20
  SARows_5: S5:3, C5:6
  SACols_4: X4:20
  SARows_4: S4:3, C4:6
  SACols_3: X3:20
  SARows_3: S3:3, C3:6
  SACols_2: X2:20
  SARows_2: S2:3, C2:6
  SACols_1: X1:20
  SARows_1: C1:28
  SACols_0: X0:20
  SARows_0: S0:5, C0:3, Z0:2
  WRegister: C7:7, R7:3, C5:2, R5:3, C4:2, R4:3, C3:2, R3:3, C2:2, R2:3, C1:2, R0:5
  IntermediateRegister: Z6:28, Z5:12, Z4:12, Z3:12, Z2:12, Z1:12, Z0:28
  OutRegister: Z7:16
================================================================================

------ loading Accelergy for Eyeriss ------
[Constrained Eyeriss] 8 layers, tile_size=80
  DRAM: {'Q': 12, 'P': 540, 'X0': 12, 'Y0': 540, 'Z0': 1, 'C0': 1, 'R0': 1, 'S0': 1, 'X1': 12, 'Y1': 540, 'Z1': 1, 'C1': 1, 'R1': 1, 'S1': 1, 'X2': 12, 'Y2': 540, 'Z2': 1, 'C2': 1, 'R2': 1, 'S2': 1, 'X3': 12, 'Y3': 540, 'Z3': 1, 'C3': 1, 'R3': 1, 'S3': 1, 'X4': 12, 'Y4': 540, 'Z4': 1, 'C4': 1, 'R4': 1, 'S4': 1, 'X5': 12, 'Y5': 540, 'Z5': 1, 'C5': 1, 'R5': 1, 'S5': 1, 'X6': 12, 'Y6': 540, 'Z6': 1, 'C6': 1, 'R6': 1, 'S6': 1, 'Z7': 1, 'C7': 1, 'R7': 1, 'S7': 1}
  GlobalBuffer: {'Q': 2, 'P': 1, 'X0': 2, 'Y0': 1, 'Z0': 1, 'C0': 1, 'R0': 1, 'S0': 1, 'X1': 2, 'Y1': 1, 'Z1': 1, 'C1': 1, 'R1': 1, 'S1': 1, 'X2': 2, 'Y2': 1, 'Z2': 1, 'C2': 1, 'R2': 1, 'S2': 1, 'X3': 2, 'Y3': 1, 'Z3': 1, 'C3': 1, 'R3': 1, 'S3': 1, 'X4': 2, 'Y4': 1, 'Z4': 1, 'C4': 1, 'R4': 1, 'S4': 1, 'X5': 2, 'Y5': 1, 'Z5': 1, 'C5': 1, 'R5': 1, 'S5': 1, 'X6': 2, 'Y6': 1, 'Z6': 1, 'C6': 1, 'R6': 1, 'S6': 1, 'Z7': 1, 'C7': 1, 'R7': 1, 'S7': 1}
  SACols: {'Q': 40, 'Z7': 1}
  SARows_0: {'S0': 5, 'C0': 3, 'Z0': 2}
  SARows_1: {'S1': 1, 'C1': 28, 'Z1': 1}
  SARows_2: {'S2': 3, 'C2': 6, 'Z2': 1}
  SARows_3: {'S3': 3, 'C3': 6, 'Z3': 1}
  SARows_4: {'S4': 3, 'C4': 6, 'Z4': 1}
  SARows_5: {'S5': 3, 'C5': 6, 'Z5': 1}
  SARows_6: {'S6': 1, 'C6': 12, 'Z6': 2}
  SARows_7: {'S7': 3, 'C7': 8, 'Z7': 1}

================================================================================
MEMORY CONSTRAINT VIOLATION DEBUG - Level: WRegister
================================================================================
Memory footprint: 816 bytes
Memory available: 400 bytes
Overflow: 416 bytes

Full architecture mapping:
  DRAM: P:540, Q:12, Y6:540, X6:12, Y5:540, X5:12, Y4:540, X4:12, Y3:540, X3:12, Y2:540, X2:12, Y1:540, X1:12, Y0:540, X0:12
  GlobalBuffer: Q:2, X6:2, X5:2, X4:2, X3:2, X2:2, X1:2, X0:2
  SACols: Q:40
  SARows: S7:3, C7:8
  SACols_6: X6:40
  SARows_6: C6:12, Z6:2
  SACols_5: X5:40
  SARows_5: S5:3, C5:6
  SACols_4: X4:40
  SARows_4: S4:3, C4:6
  SACols_3: X3:40
  SARows_3: S3:3, C3:6
  SACols_2: X2:40
  SARows_2: S2:3, C2:6
  SACols_1: X1:40
  SARows_1: C1:28
  SACols_0: X0:40
  SARows_0: S0:5, C0:3, Z0:2
  WRegister: C7:7, R7:3, C5:2, R5:3, C4:2, R4:3, C3:2, R3:3, C2:2, R2:3, C1:2, R0:5
  IntermediateRegister: Z6:28, Z5:12, Z4:12, Z3:12, Z2:12, Z1:12, Z0:28
  OutRegister: Z7:16
================================================================================

------ loading Accelergy for Eyeriss ------
[Constrained Eyeriss] 8 layers, tile_size=80
  DRAM: {'Q': 12, 'P': 540, 'X0': 12, 'Y0': 540, 'Z0': 1, 'C0': 1, 'R0': 1, 'S0': 1, 'X1': 12, 'Y1': 540, 'Z1': 1, 'C1': 1, 'R1': 1, 'S1': 1, 'X2': 12, 'Y2': 540, 'Z2': 1, 'C2': 1, 'R2': 1, 'S2': 1, 'X3': 12, 'Y3': 540, 'Z3': 1, 'C3': 1, 'R3': 1, 'S3': 1, 'X4': 12, 'Y4': 540, 'Z4': 1, 'C4': 1, 'R4': 1, 'S4': 1, 'X5': 12, 'Y5': 540, 'Z5': 1, 'C5': 1, 'R5': 1, 'S5': 1, 'X6': 12, 'Y6': 540, 'Z6': 1, 'C6': 1, 'R6': 1, 'S6': 1, 'Z7': 1, 'C7': 1, 'R7': 1, 'S7': 1}
  GlobalBuffer: {'Q': 1, 'P': 1, 'X0': 1, 'Y0': 1, 'Z0': 1, 'C0': 1, 'R0': 1, 'S0': 1, 'X1': 1, 'Y1': 1, 'Z1': 1, 'C1': 1, 'R1': 1, 'S1': 1, 'X2': 1, 'Y2': 1, 'Z2': 1, 'C2': 1, 'R2': 1, 'S2': 1, 'X3': 1, 'Y3': 1, 'Z3': 1, 'C3': 1, 'R3': 1, 'S3': 1, 'X4': 1, 'Y4': 1, 'Z4': 1, 'C4': 1, 'R4': 1, 'S4': 1, 'X5': 1, 'Y5': 1, 'Z5': 1, 'C5': 1, 'R5': 1, 'S5': 1, 'X6': 1, 'Y6': 1, 'Z6': 1, 'C6': 1, 'R6': 1, 'S6': 1, 'Z7': 1, 'C7': 1, 'R7': 1, 'S7': 1}
  SACols: {'Q': 80, 'Z7': 1}
  SARows_0: {'S0': 5, 'C0': 3, 'Z0': 2}
  SARows_1: {'S1': 1, 'C1': 28, 'Z1': 1}
  SARows_2: {'S2': 3, 'C2': 6, 'Z2': 1}
  SARows_3: {'S3': 3, 'C3': 6, 'Z3': 1}
  SARows_4: {'S4': 3, 'C4': 6, 'Z4': 1}
  SARows_5: {'S5': 3, 'C5': 6, 'Z5': 1}
  SARows_6: {'S6': 1, 'C6': 12, 'Z6': 2}
  SARows_7: {'S7': 3, 'C7': 8, 'Z7': 1}

================================================================================
MEMORY CONSTRAINT VIOLATION DEBUG - Level: WRegister
================================================================================
Memory footprint: 816 bytes
Memory available: 400 bytes
Overflow: 416 bytes

Full architecture mapping:
  DRAM: P:540, Q:12, Y6:540, X6:12, Y5:540, X5:12, Y4:540, X4:12, Y3:540, X3:12, Y2:540, X2:12, Y1:540, X1:12, Y0:540, X0:12
  SACols: Q:80
  SARows: S7:3, C7:8
  SACols_6: X6:80
  SARows_6: C6:12, Z6:2
  SACols_5: X5:80
  SARows_5: S5:3, C5:6
  SACols_4: X4:80
  SARows_4: S4:3, C4:6
  SACols_3: X3:80
  SARows_3: S3:3, C3:6
  SACols_2: X2:80
  SARows_2: S2:3, C2:6
  SACols_1: X1:80
  SARows_1: C1:28
  SACols_0: X0:80
  SARows_0: S0:5, C0:3, Z0:2
  WRegister: C7:7, R7:3, C5:2, R5:3, C4:2, R4:3, C3:2, R3:3, C2:2, R2:3, C1:2, R0:5
  IntermediateRegister: Z6:28, Z5:12, Z4:12, Z3:12, Z2:12, Z1:12, Z0:28
  OutRegister: Z7:16
================================================================================

------ loading Accelergy for Eyeriss ------
[Constrained Eyeriss] 8 layers, tile_size=80
  DRAM: {'Q': 12, 'P': 540, 'X0': 12, 'Y0': 540, 'Z0': 1, 'C0': 1, 'R0': 1, 'S0': 1, 'X1': 12, 'Y1': 540, 'Z1': 1, 'C1': 1, 'R1': 1, 'S1': 1, 'X2': 12, 'Y2': 540, 'Z2': 1, 'C2': 1, 'R2': 1, 'S2': 1, 'X3': 12, 'Y3': 540, 'Z3': 1, 'C3': 1, 'R3': 1, 'S3': 1, 'X4': 12, 'Y4': 540, 'Z4': 1, 'C4': 1, 'R4': 1, 'S4': 1, 'X5': 12, 'Y5': 540, 'Z5': 1, 'C5': 1, 'R5': 1, 'S5': 1, 'X6': 12, 'Y6': 540, 'Z6': 1, 'C6': 1, 'R6': 1, 'S6': 1, 'Z7': 1, 'C7': 1, 'R7': 1, 'S7': 1}
  GlobalBuffer: {'Q': 1, 'P': 1, 'X0': 1, 'Y0': 1, 'Z0': 1, 'C0': 1, 'R0': 1, 'S0': 1, 'X1': 1, 'Y1': 1, 'Z1': 1, 'C1': 1, 'R1': 1, 'S1': 1, 'X2': 1, 'Y2': 1, 'Z2': 1, 'C2': 1, 'R2': 1, 'S2': 1, 'X3': 1, 'Y3': 1, 'Z3': 1, 'C3': 1, 'R3': 1, 'S3': 1, 'X4': 1, 'Y4': 1, 'Z4': 1, 'C4': 1, 'R4': 1, 'S4': 1, 'X5': 1, 'Y5': 1, 'Z5': 1, 'C5': 1, 'R5': 1, 'S5': 1, 'X6': 1, 'Y6': 1, 'Z6': 1, 'C6': 1, 'R6': 1, 'S6': 1, 'Z7': 1, 'C7': 1, 'R7': 1, 'S7': 1}
  SACols: {'Q': 80, 'Z7': 1}
  SARows_0: {'S0': 5, 'C0': 3, 'Z0': 2}
  SARows_1: {'S1': 1, 'C1': 28, 'Z1': 1}
  SARows_2: {'S2': 3, 'C2': 6, 'Z2': 1}
  SARows_3: {'S3': 3, 'C3': 6, 'Z3': 1}
  SARows_4: {'S4': 3, 'C4': 6, 'Z4': 1}
  SARows_5: {'S5': 3, 'C5': 6, 'Z5': 1}
  SARows_6: {'S6': 1, 'C6': 12, 'Z6': 2}
  SARows_7: {'S7': 3, 'C7': 8, 'Z7': 1}

================================================================================
MEMORY CONSTRAINT VIOLATION DEBUG - Level: WRegister
================================================================================
Memory footprint: 816 bytes
Memory available: 400 bytes
Overflow: 416 bytes

Full architecture mapping:
  DRAM: P:540, Q:12, Y6:540, X6:12, Y5:540, X5:12, Y4:540, X4:12, Y3:540, X3:12, Y2:540, X2:12, Y1:540, X1:12, Y0:540, X0:12
  SACols: Q:80
  SARows: S7:3, C7:8
  SACols_6: X6:80
  SARows_6: C6:12, Z6:2
  SACols_5: X5:80
  SARows_5: S5:3, C5:6
  SACols_4: X4:80
  SARows_4: S4:3, C4:6
  SACols_3: X3:80
  SARows_3: S3:3, C3:6
  SACols_2: X2:80
  SARows_2: S2:3, C2:6
  SACols_1: X1:80
  SARows_1: C1:28
  SACols_0: X0:80
  SARows_0: S0:5, C0:3, Z0:2
  WRegister: C7:7, R7:3, C5:2, R5:3, C4:2, R4:3, C3:2, R3:3, C2:2, R2:3, C1:2, R0:5
  IntermediateRegister: Z6:28, Z5:12, Z4:12, Z3:12, Z2:12, Z1:12, Z0:28
  OutRegister: Z7:16
================================================================================

------ loading Accelergy for Eyeriss ------
[Constrained Eyeriss] 8 layers, tile_size=80
  DRAM: {'Q': 12, 'P': 540, 'X0': 12, 'Y0': 540, 'Z0': 1, 'C0': 1, 'R0': 1, 'S0': 1, 'X1': 12, 'Y1': 540, 'Z1': 1, 'C1': 1, 'R1': 1, 'S1': 1, 'X2': 12, 'Y2': 540, 'Z2': 1, 'C2': 1, 'R2': 1, 'S2': 1, 'X3': 12, 'Y3': 540, 'Z3': 1, 'C3': 1, 'R3': 1, 'S3': 1, 'X4': 12, 'Y4': 540, 'Z4': 1, 'C4': 1, 'R4': 1, 'S4': 1, 'X5': 12, 'Y5': 540, 'Z5': 1, 'C5': 1, 'R5': 1, 'S5': 1, 'X6': 12, 'Y6': 540, 'Z6': 1, 'C6': 1, 'R6': 1, 'S6': 1, 'Z7': 1, 'C7': 1, 'R7': 1, 'S7': 1}
  GlobalBuffer: {'Q': 1, 'P': 1, 'X0': 1, 'Y0': 1, 'Z0': 1, 'C0': 1, 'R0': 1, 'S0': 1, 'X1': 1, 'Y1': 1, 'Z1': 1, 'C1': 1, 'R1': 1, 'S1': 1, 'X2': 1, 'Y2': 1, 'Z2': 1, 'C2': 1, 'R2': 1, 'S2': 1, 'X3': 1, 'Y3': 1, 'Z3': 1, 'C3': 1, 'R3': 1, 'S3': 1, 'X4': 1, 'Y4': 1, 'Z4': 1, 'C4': 1, 'R4': 1, 'S4': 1, 'X5': 1, 'Y5': 1, 'Z5': 1, 'C5': 1, 'R5': 1, 'S5': 1, 'X6': 1, 'Y6': 1, 'Z6': 1, 'C6': 1, 'R6': 1, 'S6': 1, 'Z7': 1, 'C7': 1, 'R7': 1, 'S7': 1}
  SACols: {'Q': 80, 'Z7': 2}
  SARows_0: {'S0': 5, 'C0': 3, 'Z0': 2}
  SARows_1: {'S1': 1, 'C1': 28, 'Z1': 1}
  SARows_2: {'S2': 3, 'C2': 6, 'Z2': 1}
  SARows_3: {'S3': 3, 'C3': 6, 'Z3': 1}
  SARows_4: {'S4': 3, 'C4': 6, 'Z4': 1}
  SARows_5: {'S5': 3, 'C5': 6, 'Z5': 1}
  SARows_6: {'S6': 1, 'C6': 12, 'Z6': 2}
  SARows_7: {'S7': 3, 'C7': 8, 'Z7': 1}
------ loading Accelergy for Eyeriss ------
[Constrained Eyeriss] 8 layers, tile_size=80
  DRAM: {'Q': 12, 'P': 540, 'X0': 12, 'Y0': 540, 'Z0': 1, 'C0': 1, 'R0': 1, 'S0': 1, 'X1': 12, 'Y1': 540, 'Z1': 1, 'C1': 1, 'R1': 1, 'S1': 1, 'X2': 12, 'Y2': 540, 'Z2': 1, 'C2': 1, 'R2': 1, 'S2': 1, 'X3': 12, 'Y3': 540, 'Z3': 1, 'C3': 1, 'R3': 1, 'S3': 1, 'X4': 12, 'Y4': 540, 'Z4': 1, 'C4': 1, 'R4': 1, 'S4': 1, 'X5': 12, 'Y5': 540, 'Z5': 1, 'C5': 1, 'R5': 1, 'S5': 1, 'X6': 12, 'Y6': 540, 'Z6': 1, 'C6': 1, 'R6': 1, 'S6': 1, 'Z7': 1, 'C7': 1, 'R7': 1, 'S7': 1}
  GlobalBuffer: {'Q': 1, 'P': 1, 'X0': 1, 'Y0': 1, 'Z0': 1, 'C0': 1, 'R0': 1, 'S0': 1, 'X1': 1, 'Y1': 1, 'Z1': 1, 'C1': 1, 'R1': 1, 'S1': 1, 'X2': 1, 'Y2': 1, 'Z2': 1, 'C2': 1, 'R2': 1, 'S2': 1, 'X3': 1, 'Y3': 1, 'Z3': 1, 'C3': 1, 'R3': 1, 'S3': 1, 'X4': 1, 'Y4': 1, 'Z4': 1, 'C4': 1, 'R4': 1, 'S4': 1, 'X5': 1, 'Y5': 1, 'Z5': 1, 'C5': 1, 'R5': 1, 'S5': 1, 'X6': 1, 'Y6': 1, 'Z6': 1, 'C6': 1, 'R6': 1, 'S6': 1, 'Z7': 1, 'C7': 1, 'R7': 1, 'S7': 1}
  SACols: {'Q': 80, 'Z7': 4}
  SARows_0: {'S0': 5, 'C0': 3, 'Z0': 2}
  SARows_1: {'S1': 1, 'C1': 28, 'Z1': 1}
  SARows_2: {'S2': 3, 'C2': 6, 'Z2': 1}
  SARows_3: {'S3': 3, 'C3': 6, 'Z3': 1}
  SARows_4: {'S4': 3, 'C4': 6, 'Z4': 1}
  SARows_5: {'S5': 3, 'C5': 6, 'Z5': 1}
  SARows_6: {'S6': 1, 'C6': 12, 'Z6': 2}
  SARows_7: {'S7': 3, 'C7': 8, 'Z7': 1}
------ loading Accelergy for Eyeriss ------
[Constrained Eyeriss] 8 layers, tile_size=80
  DRAM: {'Q': 12, 'P': 540, 'X0': 12, 'Y0': 540, 'Z0': 1, 'C0': 1, 'R0': 1, 'S0': 1, 'X1': 12, 'Y1': 540, 'Z1': 1, 'C1': 1, 'R1': 1, 'S1': 1, 'X2': 12, 'Y2': 540, 'Z2': 1, 'C2': 1, 'R2': 1, 'S2': 1, 'X3': 12, 'Y3': 540, 'Z3': 1, 'C3': 1, 'R3': 1, 'S3': 1, 'X4': 12, 'Y4': 540, 'Z4': 1, 'C4': 1, 'R4': 1, 'S4': 1, 'X5': 12, 'Y5': 540, 'Z5': 1, 'C5': 1, 'R5': 1, 'S5': 1, 'X6': 12, 'Y6': 540, 'Z6': 1, 'C6': 1, 'R6': 1, 'S6': 1, 'Z7': 1, 'C7': 1, 'R7': 1, 'S7': 1}
  GlobalBuffer: {'Q': 1, 'P': 1, 'X0': 1, 'Y0': 1, 'Z0': 1, 'C0': 1, 'R0': 1, 'S0': 1, 'X1': 1, 'Y1': 1, 'Z1': 1, 'C1': 1, 'R1': 1, 'S1': 1, 'X2': 1, 'Y2': 1, 'Z2': 1, 'C2': 1, 'R2': 1, 'S2': 1, 'X3': 1, 'Y3': 1, 'Z3': 1, 'C3': 1, 'R3': 1, 'S3': 1, 'X4': 1, 'Y4': 1, 'Z4': 1, 'C4': 1, 'R4': 1, 'S4': 1, 'X5': 1, 'Y5': 1, 'Z5': 1, 'C5': 1, 'R5': 1, 'S5': 1, 'X6': 1, 'Y6': 1, 'Z6': 1, 'C6': 1, 'R6': 1, 'S6': 1, 'Z7': 1, 'C7': 1, 'R7': 1, 'S7': 1}
  SACols: {'Q': 80, 'Z7': 4}
  SARows_0: {'S0': 5, 'C0': 3, 'Z0': 2}
  SARows_1: {'S1': 1, 'C1': 28, 'Z1': 1}
  SARows_2: {'S2': 3, 'C2': 6, 'Z2': 1}
  SARows_3: {'S3': 3, 'C3': 6, 'Z3': 1}
  SARows_4: {'S4': 3, 'C4': 6, 'Z4': 1}
  SARows_5: {'S5': 3, 'C5': 6, 'Z5': 1}
  SARows_6: {'S6': 1, 'C6': 12, 'Z6': 2}
  SARows_7: {'S7': 3, 'C7': 8, 'Z7': 1}
------ loading Accelergy for Eyeriss ------
[Constrained Eyeriss] 8 layers, tile_size=80
  DRAM: {'Q': 12, 'P': 540, 'X0': 12, 'Y0': 540, 'Z0': 1, 'C0': 1, 'R0': 1, 'S0': 1, 'X1': 12, 'Y1': 540, 'Z1': 1, 'C1': 1, 'R1': 1, 'S1': 1, 'X2': 12, 'Y2': 540, 'Z2': 1, 'C2': 1, 'R2': 1, 'S2': 1, 'X3': 12, 'Y3': 540, 'Z3': 1, 'C3': 1, 'R3': 1, 'S3': 1, 'X4': 12, 'Y4': 540, 'Z4': 1, 'C4': 1, 'R4': 1, 'S4': 1, 'X5': 12, 'Y5': 540, 'Z5': 1, 'C5': 1, 'R5': 1, 'S5': 1, 'X6': 12, 'Y6': 540, 'Z6': 1, 'C6': 1, 'R6': 1, 'S6': 1, 'Z7': 1, 'C7': 1, 'R7': 1, 'S7': 1}
  GlobalBuffer: {'Q': 20, 'P': 1, 'X0': 20, 'Y0': 1, 'Z0': 1, 'C0': 1, 'R0': 1, 'S0': 1, 'X1': 20, 'Y1': 1, 'Z1': 1, 'C1': 1, 'R1': 1, 'S1': 1, 'X2': 20, 'Y2': 1, 'Z2': 1, 'C2': 1, 'R2': 1, 'S2': 1, 'X3': 20, 'Y3': 1, 'Z3': 1, 'C3': 1, 'R3': 1, 'S3': 1, 'X4': 20, 'Y4': 1, 'Z4': 1, 'C4': 1, 'R4': 1, 'S4': 1, 'X5': 20, 'Y5': 1, 'Z5': 1, 'C5': 1, 'R5': 1, 'S5': 1, 'X6': 20, 'Y6': 1, 'Z6': 1, 'C6': 1, 'R6': 1, 'S6': 1, 'Z7': 1, 'C7': 1, 'R7': 1, 'S7': 1}
  SACols: {'Q': 4, 'Z7': 1}
  SARows_0: {'S0': 5, 'C0': 3, 'Z0': 4}
  SARows_1: {'S1': 1, 'C1': 56, 'Z1': 1}
  SARows_2: {'S2': 3, 'C2': 12, 'Z2': 1}
  SARows_3: {'S3': 3, 'C3': 12, 'Z3': 1}
  SARows_4: {'S4': 3, 'C4': 12, 'Z4': 1}
  SARows_5: {'S5': 3, 'C5': 12, 'Z5': 1}
  SARows_6: {'S6': 1, 'C6': 12, 'Z6': 4}
  SARows_7: {'S7': 3, 'C7': 14, 'Z7': 1}

================================================================================
MEMORY CONSTRAINT VIOLATION DEBUG - Level: WRegister
================================================================================
Memory footprint: 432 bytes
Memory available: 400 bytes
Overflow: 32 bytes

Full architecture mapping:
  DRAM: P:540, Q:12, Y6:540, X6:12, Y5:540, X5:12, Y4:540, X4:12, Y3:540, X3:12, Y2:540, X2:12, Y1:540, X1:12, Y0:540, X0:12
  GlobalBuffer: Q:20, X6:20, X5:20, X4:20, X3:20, X2:20, X1:20, X0:20
  SACols: Q:4
  SARows: S7:3, C7:14
  SACols_6: X6:4
  SARows_6: C6:12, Z6:4
  SACols_5: X5:4
  SARows_5: S5:3, C5:12
  SACols_4: X4:4
  SARows_4: S4:3, C4:12
  SACols_3: X3:4
  SARows_3: S3:3, C3:12
  SACols_2: X2:4
  SARows_2: S2:3, C2:12
  SACols_1: X1:4
  SARows_1: C1:56
  SACols_0: X0:4
  SARows_0: S0:5, C0:3, Z0:4
  WRegister: C7:4, R7:3, R5:3, R4:3, R3:3, R2:3, R0:5
  IntermediateRegister: Z6:14, Z5:12, Z4:12, Z3:12, Z2:12, Z1:12, Z0:14
  OutRegister: Z7:16
================================================================================

------ loading Accelergy for Eyeriss ------
[Constrained Eyeriss] 8 layers, tile_size=80
  DRAM: {'Q': 12, 'P': 540, 'X0': 12, 'Y0': 540, 'Z0': 1, 'C0': 1, 'R0': 1, 'S0': 1, 'X1': 12, 'Y1': 540, 'Z1': 1, 'C1': 1, 'R1': 1, 'S1': 1, 'X2': 12, 'Y2': 540, 'Z2': 1, 'C2': 1, 'R2': 1, 'S2': 1, 'X3': 12, 'Y3': 540, 'Z3': 1, 'C3': 1, 'R3': 1, 'S3': 1, 'X4': 12, 'Y4': 540, 'Z4': 1, 'C4': 1, 'R4': 1, 'S4': 1, 'X5': 12, 'Y5': 540, 'Z5': 1, 'C5': 1, 'R5': 1, 'S5': 1, 'X6': 12, 'Y6': 540, 'Z6': 1, 'C6': 1, 'R6': 1, 'S6': 1, 'Z7': 1, 'C7': 1, 'R7': 1, 'S7': 1}
  GlobalBuffer: {'Q': 10, 'P': 1, 'X0': 10, 'Y0': 1, 'Z0': 1, 'C0': 1, 'R0': 1, 'S0': 1, 'X1': 10, 'Y1': 1, 'Z1': 1, 'C1': 1, 'R1': 1, 'S1': 1, 'X2': 10, 'Y2': 1, 'Z2': 1, 'C2': 1, 'R2': 1, 'S2': 1, 'X3': 10, 'Y3': 1, 'Z3': 1, 'C3': 1, 'R3': 1, 'S3': 1, 'X4': 10, 'Y4': 1, 'Z4': 1, 'C4': 1, 'R4': 1, 'S4': 1, 'X5': 10, 'Y5': 1, 'Z5': 1, 'C5': 1, 'R5': 1, 'S5': 1, 'X6': 10, 'Y6': 1, 'Z6': 1, 'C6': 1, 'R6': 1, 'S6': 1, 'Z7': 1, 'C7': 1, 'R7': 1, 'S7': 1}
  SACols: {'Q': 8, 'Z7': 1}
  SARows_0: {'S0': 5, 'C0': 3, 'Z0': 4}
  SARows_1: {'S1': 1, 'C1': 56, 'Z1': 1}
  SARows_2: {'S2': 3, 'C2': 12, 'Z2': 1}
  SARows_3: {'S3': 3, 'C3': 12, 'Z3': 1}
  SARows_4: {'S4': 3, 'C4': 12, 'Z4': 1}
  SARows_5: {'S5': 3, 'C5': 12, 'Z5': 1}
  SARows_6: {'S6': 1, 'C6': 12, 'Z6': 4}
  SARows_7: {'S7': 3, 'C7': 14, 'Z7': 1}

================================================================================
MEMORY CONSTRAINT VIOLATION DEBUG - Level: WRegister
================================================================================
Memory footprint: 432 bytes
Memory available: 400 bytes
Overflow: 32 bytes

Full architecture mapping:
  DRAM: P:540, Q:12, Y6:540, X6:12, Y5:540, X5:12, Y4:540, X4:12, Y3:540, X3:12, Y2:540, X2:12, Y1:540, X1:12, Y0:540, X0:12
  GlobalBuffer: Q:10, X6:10, X5:10, X4:10, X3:10, X2:10, X1:10, X0:10
  SACols: Q:8
  SARows: S7:3, C7:14
  SACols_6: X6:8
  SARows_6: C6:12, Z6:4
  SACols_5: X5:8
  SARows_5: S5:3, C5:12
  SACols_4: X4:8
  SARows_4: S4:3, C4:12
  SACols_3: X3:8
  SARows_3: S3:3, C3:12
  SACols_2: X2:8
  SARows_2: S2:3, C2:12
  SACols_1: X1:8
  SARows_1: C1:56
  SACols_0: X0:8
  SARows_0: S0:5, C0:3, Z0:4
  WRegister: C7:4, R7:3, R5:3, R4:3, R3:3, R2:3, R0:5
  IntermediateRegister: Z6:14, Z5:12, Z4:12, Z3:12, Z2:12, Z1:12, Z0:14
  OutRegister: Z7:16
================================================================================

------ loading Accelergy for Eyeriss ------
[Constrained Eyeriss] 8 layers, tile_size=80
  DRAM: {'Q': 12, 'P': 540, 'X0': 12, 'Y0': 540, 'Z0': 1, 'C0': 1, 'R0': 1, 'S0': 1, 'X1': 12, 'Y1': 540, 'Z1': 1, 'C1': 1, 'R1': 1, 'S1': 1, 'X2': 12, 'Y2': 540, 'Z2': 1, 'C2': 1, 'R2': 1, 'S2': 1, 'X3': 12, 'Y3': 540, 'Z3': 1, 'C3': 1, 'R3': 1, 'S3': 1, 'X4': 12, 'Y4': 540, 'Z4': 1, 'C4': 1, 'R4': 1, 'S4': 1, 'X5': 12, 'Y5': 540, 'Z5': 1, 'C5': 1, 'R5': 1, 'S5': 1, 'X6': 12, 'Y6': 540, 'Z6': 1, 'C6': 1, 'R6': 1, 'S6': 1, 'Z7': 1, 'C7': 1, 'R7': 1, 'S7': 1}
  GlobalBuffer: {'Q': 8, 'P': 1, 'X0': 8, 'Y0': 1, 'Z0': 1, 'C0': 1, 'R0': 1, 'S0': 1, 'X1': 8, 'Y1': 1, 'Z1': 1, 'C1': 1, 'R1': 1, 'S1': 1, 'X2': 8, 'Y2': 1, 'Z2': 1, 'C2': 1, 'R2': 1, 'S2': 1, 'X3': 8, 'Y3': 1, 'Z3': 1, 'C3': 1, 'R3': 1, 'S3': 1, 'X4': 8, 'Y4': 1, 'Z4': 1, 'C4': 1, 'R4': 1, 'S4': 1, 'X5': 8, 'Y5': 1, 'Z5': 1, 'C5': 1, 'R5': 1, 'S5': 1, 'X6': 8, 'Y6': 1, 'Z6': 1, 'C6': 1, 'R6': 1, 'S6': 1, 'Z7': 1, 'C7': 1, 'R7': 1, 'S7': 1}
  SACols: {'Q': 10, 'Z7': 1}
  SARows_0: {'S0': 5, 'C0': 3, 'Z0': 4}
  SARows_1: {'S1': 1, 'C1': 56, 'Z1': 1}
  SARows_2: {'S2': 3, 'C2': 12, 'Z2': 1}
  SARows_3: {'S3': 3, 'C3': 12, 'Z3': 1}
  SARows_4: {'S4': 3, 'C4': 12, 'Z4': 1}
  SARows_5: {'S5': 3, 'C5': 12, 'Z5': 1}
  SARows_6: {'S6': 1, 'C6': 12, 'Z6': 4}
  SARows_7: {'S7': 3, 'C7': 14, 'Z7': 1}

================================================================================
MEMORY CONSTRAINT VIOLATION DEBUG - Level: WRegister
================================================================================
Memory footprint: 432 bytes
Memory available: 400 bytes
Overflow: 32 bytes

Full architecture mapping:
  DRAM: P:540, Q:12, Y6:540, X6:12, Y5:540, X5:12, Y4:540, X4:12, Y3:540, X3:12, Y2:540, X2:12, Y1:540, X1:12, Y0:540, X0:12
  GlobalBuffer: Q:8, X6:8, X5:8, X4:8, X3:8, X2:8, X1:8, X0:8
  SACols: Q:10
  SARows: S7:3, C7:14
  SACols_6: X6:10
  SARows_6: C6:12, Z6:4
  SACols_5: X5:10
  SARows_5: S5:3, C5:12
  SACols_4: X4:10
  SARows_4: S4:3, C4:12
  SACols_3: X3:10
  SARows_3: S3:3, C3:12
  SACols_2: X2:10
  SARows_2: S2:3, C2:12
  SACols_1: X1:10
  SARows_1: C1:56
  SACols_0: X0:10
  SARows_0: S0:5, C0:3, Z0:4
  WRegister: C7:4, R7:3, R5:3, R4:3, R3:3, R2:3, R0:5
  IntermediateRegister: Z6:14, Z5:12, Z4:12, Z3:12, Z2:12, Z1:12, Z0:14
  OutRegister: Z7:16
================================================================================

------ loading Accelergy for Eyeriss ------
[Constrained Eyeriss] 8 layers, tile_size=80
  DRAM: {'Q': 12, 'P': 540, 'X0': 12, 'Y0': 540, 'Z0': 1, 'C0': 1, 'R0': 1, 'S0': 1, 'X1': 12, 'Y1': 540, 'Z1': 1, 'C1': 1, 'R1': 1, 'S1': 1, 'X2': 12, 'Y2': 540, 'Z2': 1, 'C2': 1, 'R2': 1, 'S2': 1, 'X3': 12, 'Y3': 540, 'Z3': 1, 'C3': 1, 'R3': 1, 'S3': 1, 'X4': 12, 'Y4': 540, 'Z4': 1, 'C4': 1, 'R4': 1, 'S4': 1, 'X5': 12, 'Y5': 540, 'Z5': 1, 'C5': 1, 'R5': 1, 'S5': 1, 'X6': 12, 'Y6': 540, 'Z6': 1, 'C6': 1, 'R6': 1, 'S6': 1, 'Z7': 1, 'C7': 1, 'R7': 1, 'S7': 1}
  GlobalBuffer: {'Q': 5, 'P': 1, 'X0': 5, 'Y0': 1, 'Z0': 1, 'C0': 1, 'R0': 1, 'S0': 1, 'X1': 5, 'Y1': 1, 'Z1': 1, 'C1': 1, 'R1': 1, 'S1': 1, 'X2': 5, 'Y2': 1, 'Z2': 1, 'C2': 1, 'R2': 1, 'S2': 1, 'X3': 5, 'Y3': 1, 'Z3': 1, 'C3': 1, 'R3': 1, 'S3': 1, 'X4': 5, 'Y4': 1, 'Z4': 1, 'C4': 1, 'R4': 1, 'S4': 1, 'X5': 5, 'Y5': 1, 'Z5': 1, 'C5': 1, 'R5': 1, 'S5': 1, 'X6': 5, 'Y6': 1, 'Z6': 1, 'C6': 1, 'R6': 1, 'S6': 1, 'Z7': 1, 'C7': 1, 'R7': 1, 'S7': 1}
  SACols: {'Q': 16, 'Z7': 1}
  SARows_0: {'S0': 5, 'C0': 3, 'Z0': 4}
  SARows_1: {'S1': 1, 'C1': 56, 'Z1': 1}
  SARows_2: {'S2': 3, 'C2': 12, 'Z2': 1}
  SARows_3: {'S3': 3, 'C3': 12, 'Z3': 1}
  SARows_4: {'S4': 3, 'C4': 12, 'Z4': 1}
  SARows_5: {'S5': 3, 'C5': 12, 'Z5': 1}
  SARows_6: {'S6': 1, 'C6': 12, 'Z6': 4}
  SARows_7: {'S7': 3, 'C7': 14, 'Z7': 1}

================================================================================
MEMORY CONSTRAINT VIOLATION DEBUG - Level: WRegister
================================================================================
Memory footprint: 432 bytes
Memory available: 400 bytes
Overflow: 32 bytes

Full architecture mapping:
  DRAM: P:540, Q:12, Y6:540, X6:12, Y5:540, X5:12, Y4:540, X4:12, Y3:540, X3:12, Y2:540, X2:12, Y1:540, X1:12, Y0:540, X0:12
  GlobalBuffer: Q:5, X6:5, X5:5, X4:5, X3:5, X2:5, X1:5, X0:5
  SACols: Q:16
  SARows: S7:3, C7:14
  SACols_6: X6:16
  SARows_6: C6:12, Z6:4
  SACols_5: X5:16
  SARows_5: S5:3, C5:12
  SACols_4: X4:16
  SARows_4: S4:3, C4:12
  SACols_3: X3:16
  SARows_3: S3:3, C3:12
  SACols_2: X2:16
  SARows_2: S2:3, C2:12
  SACols_1: X1:16
  SARows_1: C1:56
  SACols_0: X0:16
  SARows_0: S0:5, C0:3, Z0:4
  WRegister: C7:4, R7:3, R5:3, R4:3, R3:3, R2:3, R0:5
  IntermediateRegister: Z6:14, Z5:12, Z4:12, Z3:12, Z2:12, Z1:12, Z0:14
  OutRegister: Z7:16
================================================================================

------ loading Accelergy for Eyeriss ------
[Constrained Eyeriss] 8 layers, tile_size=80
  DRAM: {'Q': 12, 'P': 540, 'X0': 12, 'Y0': 540, 'Z0': 1, 'C0': 1, 'R0': 1, 'S0': 1, 'X1': 12, 'Y1': 540, 'Z1': 1, 'C1': 1, 'R1': 1, 'S1': 1, 'X2': 12, 'Y2': 540, 'Z2': 1, 'C2': 1, 'R2': 1, 'S2': 1, 'X3': 12, 'Y3': 540, 'Z3': 1, 'C3': 1, 'R3': 1, 'S3': 1, 'X4': 12, 'Y4': 540, 'Z4': 1, 'C4': 1, 'R4': 1, 'S4': 1, 'X5': 12, 'Y5': 540, 'Z5': 1, 'C5': 1, 'R5': 1, 'S5': 1, 'X6': 12, 'Y6': 540, 'Z6': 1, 'C6': 1, 'R6': 1, 'S6': 1, 'Z7': 1, 'C7': 1, 'R7': 1, 'S7': 1}
  GlobalBuffer: {'Q': 4, 'P': 1, 'X0': 4, 'Y0': 1, 'Z0': 1, 'C0': 1, 'R0': 1, 'S0': 1, 'X1': 4, 'Y1': 1, 'Z1': 1, 'C1': 1, 'R1': 1, 'S1': 1, 'X2': 4, 'Y2': 1, 'Z2': 1, 'C2': 1, 'R2': 1, 'S2': 1, 'X3': 4, 'Y3': 1, 'Z3': 1, 'C3': 1, 'R3': 1, 'S3': 1, 'X4': 4, 'Y4': 1, 'Z4': 1, 'C4': 1, 'R4': 1, 'S4': 1, 'X5': 4, 'Y5': 1, 'Z5': 1, 'C5': 1, 'R5': 1, 'S5': 1, 'X6': 4, 'Y6': 1, 'Z6': 1, 'C6': 1, 'R6': 1, 'S6': 1, 'Z7': 1, 'C7': 1, 'R7': 1, 'S7': 1}
  SACols: {'Q': 20, 'Z7': 1}
  SARows_0: {'S0': 5, 'C0': 3, 'Z0': 4}
  SARows_1: {'S1': 1, 'C1': 56, 'Z1': 1}
  SARows_2: {'S2': 3, 'C2': 12, 'Z2': 1}
  SARows_3: {'S3': 3, 'C3': 12, 'Z3': 1}
  SARows_4: {'S4': 3, 'C4': 12, 'Z4': 1}
  SARows_5: {'S5': 3, 'C5': 12, 'Z5': 1}
  SARows_6: {'S6': 1, 'C6': 12, 'Z6': 4}
  SARows_7: {'S7': 3, 'C7': 14, 'Z7': 1}

================================================================================
MEMORY CONSTRAINT VIOLATION DEBUG - Level: WRegister
================================================================================
Memory footprint: 432 bytes
Memory available: 400 bytes
Overflow: 32 bytes

Full architecture mapping:
  DRAM: P:540, Q:12, Y6:540, X6:12, Y5:540, X5:12, Y4:540, X4:12, Y3:540, X3:12, Y2:540, X2:12, Y1:540, X1:12, Y0:540, X0:12
  GlobalBuffer: Q:4, X6:4, X5:4, X4:4, X3:4, X2:4, X1:4, X0:4
  SACols: Q:20
  SARows: S7:3, C7:14
  SACols_6: X6:20
  SARows_6: C6:12, Z6:4
  SACols_5: X5:20
  SARows_5: S5:3, C5:12
  SACols_4: X4:20
  SARows_4: S4:3, C4:12
  SACols_3: X3:20
  SARows_3: S3:3, C3:12
  SACols_2: X2:20
  SARows_2: S2:3, C2:12
  SACols_1: X1:20
  SARows_1: C1:56
  SACols_0: X0:20
  SARows_0: S0:5, C0:3, Z0:4
  WRegister: C7:4, R7:3, R5:3, R4:3, R3:3, R2:3, R0:5
  IntermediateRegister: Z6:14, Z5:12, Z4:12, Z3:12, Z2:12, Z1:12, Z0:14
  OutRegister: Z7:16
================================================================================

------ loading Accelergy for Eyeriss ------
[Constrained Eyeriss] 8 layers, tile_size=80
  DRAM: {'Q': 12, 'P': 540, 'X0': 12, 'Y0': 540, 'Z0': 1, 'C0': 1, 'R0': 1, 'S0': 1, 'X1': 12, 'Y1': 540, 'Z1': 1, 'C1': 1, 'R1': 1, 'S1': 1, 'X2': 12, 'Y2': 540, 'Z2': 1, 'C2': 1, 'R2': 1, 'S2': 1, 'X3': 12, 'Y3': 540, 'Z3': 1, 'C3': 1, 'R3': 1, 'S3': 1, 'X4': 12, 'Y4': 540, 'Z4': 1, 'C4': 1, 'R4': 1, 'S4': 1, 'X5': 12, 'Y5': 540, 'Z5': 1, 'C5': 1, 'R5': 1, 'S5': 1, 'X6': 12, 'Y6': 540, 'Z6': 1, 'C6': 1, 'R6': 1, 'S6': 1, 'Z7': 1, 'C7': 1, 'R7': 1, 'S7': 1}
  GlobalBuffer: {'Q': 2, 'P': 1, 'X0': 2, 'Y0': 1, 'Z0': 1, 'C0': 1, 'R0': 1, 'S0': 1, 'X1': 2, 'Y1': 1, 'Z1': 1, 'C1': 1, 'R1': 1, 'S1': 1, 'X2': 2, 'Y2': 1, 'Z2': 1, 'C2': 1, 'R2': 1, 'S2': 1, 'X3': 2, 'Y3': 1, 'Z3': 1, 'C3': 1, 'R3': 1, 'S3': 1, 'X4': 2, 'Y4': 1, 'Z4': 1, 'C4': 1, 'R4': 1, 'S4': 1, 'X5': 2, 'Y5': 1, 'Z5': 1, 'C5': 1, 'R5': 1, 'S5': 1, 'X6': 2, 'Y6': 1, 'Z6': 1, 'C6': 1, 'R6': 1, 'S6': 1, 'Z7': 1, 'C7': 1, 'R7': 1, 'S7': 1}
  SACols: {'Q': 40, 'Z7': 1}
  SARows_0: {'S0': 5, 'C0': 3, 'Z0': 4}
  SARows_1: {'S1': 1, 'C1': 56, 'Z1': 1}
  SARows_2: {'S2': 3, 'C2': 12, 'Z2': 1}
  SARows_3: {'S3': 3, 'C3': 12, 'Z3': 1}
  SARows_4: {'S4': 3, 'C4': 12, 'Z4': 1}
  SARows_5: {'S5': 3, 'C5': 12, 'Z5': 1}
  SARows_6: {'S6': 1, 'C6': 12, 'Z6': 4}
  SARows_7: {'S7': 3, 'C7': 14, 'Z7': 1}

================================================================================
MEMORY CONSTRAINT VIOLATION DEBUG - Level: WRegister
================================================================================
Memory footprint: 432 bytes
Memory available: 400 bytes
Overflow: 32 bytes

Full architecture mapping:
  DRAM: P:540, Q:12, Y6:540, X6:12, Y5:540, X5:12, Y4:540, X4:12, Y3:540, X3:12, Y2:540, X2:12, Y1:540, X1:12, Y0:540, X0:12
  GlobalBuffer: Q:2, X6:2, X5:2, X4:2, X3:2, X2:2, X1:2, X0:2
  SACols: Q:40
  SARows: S7:3, C7:14
  SACols_6: X6:40
  SARows_6: C6:12, Z6:4
  SACols_5: X5:40
  SARows_5: S5:3, C5:12
  SACols_4: X4:40
  SARows_4: S4:3, C4:12
  SACols_3: X3:40
  SARows_3: S3:3, C3:12
  SACols_2: X2:40
  SARows_2: S2:3, C2:12
  SACols_1: X1:40
  SARows_1: C1:56
  SACols_0: X0:40
  SARows_0: S0:5, C0:3, Z0:4
  WRegister: C7:4, R7:3, R5:3, R4:3, R3:3, R2:3, R0:5
  IntermediateRegister: Z6:14, Z5:12, Z4:12, Z3:12, Z2:12, Z1:12, Z0:14
  OutRegister: Z7:16
================================================================================

------ loading Accelergy for Eyeriss ------
[Constrained Eyeriss] 8 layers, tile_size=80
  DRAM: {'Q': 12, 'P': 540, 'X0': 12, 'Y0': 540, 'Z0': 1, 'C0': 1, 'R0': 1, 'S0': 1, 'X1': 12, 'Y1': 540, 'Z1': 1, 'C1': 1, 'R1': 1, 'S1': 1, 'X2': 12, 'Y2': 540, 'Z2': 1, 'C2': 1, 'R2': 1, 'S2': 1, 'X3': 12, 'Y3': 540, 'Z3': 1, 'C3': 1, 'R3': 1, 'S3': 1, 'X4': 12, 'Y4': 540, 'Z4': 1, 'C4': 1, 'R4': 1, 'S4': 1, 'X5': 12, 'Y5': 540, 'Z5': 1, 'C5': 1, 'R5': 1, 'S5': 1, 'X6': 12, 'Y6': 540, 'Z6': 1, 'C6': 1, 'R6': 1, 'S6': 1, 'Z7': 1, 'C7': 1, 'R7': 1, 'S7': 1}
  GlobalBuffer: {'Q': 1, 'P': 1, 'X0': 1, 'Y0': 1, 'Z0': 1, 'C0': 1, 'R0': 1, 'S0': 1, 'X1': 1, 'Y1': 1, 'Z1': 1, 'C1': 1, 'R1': 1, 'S1': 1, 'X2': 1, 'Y2': 1, 'Z2': 1, 'C2': 1, 'R2': 1, 'S2': 1, 'X3': 1, 'Y3': 1, 'Z3': 1, 'C3': 1, 'R3': 1, 'S3': 1, 'X4': 1, 'Y4': 1, 'Z4': 1, 'C4': 1, 'R4': 1, 'S4': 1, 'X5': 1, 'Y5': 1, 'Z5': 1, 'C5': 1, 'R5': 1, 'S5': 1, 'X6': 1, 'Y6': 1, 'Z6': 1, 'C6': 1, 'R6': 1, 'S6': 1, 'Z7': 1, 'C7': 1, 'R7': 1, 'S7': 1}
  SACols: {'Q': 80, 'Z7': 1}
  SARows_0: {'S0': 5, 'C0': 3, 'Z0': 4}
  SARows_1: {'S1': 1, 'C1': 56, 'Z1': 1}
  SARows_2: {'S2': 3, 'C2': 12, 'Z2': 1}
  SARows_3: {'S3': 3, 'C3': 12, 'Z3': 1}
  SARows_4: {'S4': 3, 'C4': 12, 'Z4': 1}
  SARows_5: {'S5': 3, 'C5': 12, 'Z5': 1}
  SARows_6: {'S6': 1, 'C6': 12, 'Z6': 4}
  SARows_7: {'S7': 3, 'C7': 14, 'Z7': 1}

================================================================================
MEMORY CONSTRAINT VIOLATION DEBUG - Level: WRegister
================================================================================
Memory footprint: 432 bytes
Memory available: 400 bytes
Overflow: 32 bytes

Full architecture mapping:
  DRAM: P:540, Q:12, Y6:540, X6:12, Y5:540, X5:12, Y4:540, X4:12, Y3:540, X3:12, Y2:540, X2:12, Y1:540, X1:12, Y0:540, X0:12
  SACols: Q:80
  SARows: S7:3, C7:14
  SACols_6: X6:80
  SARows_6: C6:12, Z6:4
  SACols_5: X5:80
  SARows_5: S5:3, C5:12
  SACols_4: X4:80
  SARows_4: S4:3, C4:12
  SACols_3: X3:80
  SARows_3: S3:3, C3:12
  SACols_2: X2:80
  SARows_2: S2:3, C2:12
  SACols_1: X1:80
  SARows_1: C1:56
  SACols_0: X0:80
  SARows_0: S0:5, C0:3, Z0:4
  WRegister: C7:4, R7:3, R5:3, R4:3, R3:3, R2:3, R0:5
  IntermediateRegister: Z6:14, Z5:12, Z4:12, Z3:12, Z2:12, Z1:12, Z0:14
  OutRegister: Z7:16
================================================================================

------ loading Accelergy for Eyeriss ------
[Constrained Eyeriss] 8 layers, tile_size=80
  DRAM: {'Q': 12, 'P': 540, 'X0': 12, 'Y0': 540, 'Z0': 1, 'C0': 1, 'R0': 1, 'S0': 1, 'X1': 12, 'Y1': 540, 'Z1': 1, 'C1': 1, 'R1': 1, 'S1': 1, 'X2': 12, 'Y2': 540, 'Z2': 1, 'C2': 1, 'R2': 1, 'S2': 1, 'X3': 12, 'Y3': 540, 'Z3': 1, 'C3': 1, 'R3': 1, 'S3': 1, 'X4': 12, 'Y4': 540, 'Z4': 1, 'C4': 1, 'R4': 1, 'S4': 1, 'X5': 12, 'Y5': 540, 'Z5': 1, 'C5': 1, 'R5': 1, 'S5': 1, 'X6': 12, 'Y6': 540, 'Z6': 1, 'C6': 1, 'R6': 1, 'S6': 1, 'Z7': 1, 'C7': 1, 'R7': 1, 'S7': 1}
  GlobalBuffer: {'Q': 1, 'P': 1, 'X0': 1, 'Y0': 1, 'Z0': 1, 'C0': 1, 'R0': 1, 'S0': 1, 'X1': 1, 'Y1': 1, 'Z1': 1, 'C1': 1, 'R1': 1, 'S1': 1, 'X2': 1, 'Y2': 1, 'Z2': 1, 'C2': 1, 'R2': 1, 'S2': 1, 'X3': 1, 'Y3': 1, 'Z3': 1, 'C3': 1, 'R3': 1, 'S3': 1, 'X4': 1, 'Y4': 1, 'Z4': 1, 'C4': 1, 'R4': 1, 'S4': 1, 'X5': 1, 'Y5': 1, 'Z5': 1, 'C5': 1, 'R5': 1, 'S5': 1, 'X6': 1, 'Y6': 1, 'Z6': 1, 'C6': 1, 'R6': 1, 'S6': 1, 'Z7': 1, 'C7': 1, 'R7': 1, 'S7': 1}
  SACols: {'Q': 80, 'Z7': 1}
  SARows_0: {'S0': 5, 'C0': 3, 'Z0': 4}
  SARows_1: {'S1': 1, 'C1': 56, 'Z1': 1}
  SARows_2: {'S2': 3, 'C2': 12, 'Z2': 1}
  SARows_3: {'S3': 3, 'C3': 12, 'Z3': 1}
  SARows_4: {'S4': 3, 'C4': 12, 'Z4': 1}
  SARows_5: {'S5': 3, 'C5': 12, 'Z5': 1}
  SARows_6: {'S6': 1, 'C6': 12, 'Z6': 4}
  SARows_7: {'S7': 3, 'C7': 14, 'Z7': 1}

================================================================================
MEMORY CONSTRAINT VIOLATION DEBUG - Level: WRegister
================================================================================
Memory footprint: 432 bytes
Memory available: 400 bytes
Overflow: 32 bytes

Full architecture mapping:
  DRAM: P:540, Q:12, Y6:540, X6:12, Y5:540, X5:12, Y4:540, X4:12, Y3:540, X3:12, Y2:540, X2:12, Y1:540, X1:12, Y0:540, X0:12
  SACols: Q:80
  SARows: S7:3, C7:14
  SACols_6: X6:80
  SARows_6: C6:12, Z6:4
  SACols_5: X5:80
  SARows_5: S5:3, C5:12
  SACols_4: X4:80
  SARows_4: S4:3, C4:12
  SACols_3: X3:80
  SARows_3: S3:3, C3:12
  SACols_2: X2:80
  SARows_2: S2:3, C2:12
  SACols_1: X1:80
  SARows_1: C1:56
  SACols_0: X0:80
  SARows_0: S0:5, C0:3, Z0:4
  WRegister: C7:4, R7:3, R5:3, R4:3, R3:3, R2:3, R0:5
  IntermediateRegister: Z6:14, Z5:12, Z4:12, Z3:12, Z2:12, Z1:12, Z0:14
  OutRegister: Z7:16
================================================================================

------ loading Accelergy for Eyeriss ------
[Constrained Eyeriss] 8 layers, tile_size=80
  DRAM: {'Q': 12, 'P': 540, 'X0': 12, 'Y0': 540, 'Z0': 1, 'C0': 1, 'R0': 1, 'S0': 1, 'X1': 12, 'Y1': 540, 'Z1': 1, 'C1': 1, 'R1': 1, 'S1': 1, 'X2': 12, 'Y2': 540, 'Z2': 1, 'C2': 1, 'R2': 1, 'S2': 1, 'X3': 12, 'Y3': 540, 'Z3': 1, 'C3': 1, 'R3': 1, 'S3': 1, 'X4': 12, 'Y4': 540, 'Z4': 1, 'C4': 1, 'R4': 1, 'S4': 1, 'X5': 12, 'Y5': 540, 'Z5': 1, 'C5': 1, 'R5': 1, 'S5': 1, 'X6': 12, 'Y6': 540, 'Z6': 1, 'C6': 1, 'R6': 1, 'S6': 1, 'Z7': 1, 'C7': 1, 'R7': 1, 'S7': 1}
  GlobalBuffer: {'Q': 1, 'P': 1, 'X0': 1, 'Y0': 1, 'Z0': 1, 'C0': 1, 'R0': 1, 'S0': 1, 'X1': 1, 'Y1': 1, 'Z1': 1, 'C1': 1, 'R1': 1, 'S1': 1, 'X2': 1, 'Y2': 1, 'Z2': 1, 'C2': 1, 'R2': 1, 'S2': 1, 'X3': 1, 'Y3': 1, 'Z3': 1, 'C3': 1, 'R3': 1, 'S3': 1, 'X4': 1, 'Y4': 1, 'Z4': 1, 'C4': 1, 'R4': 1, 'S4': 1, 'X5': 1, 'Y5': 1, 'Z5': 1, 'C5': 1, 'R5': 1, 'S5': 1, 'X6': 1, 'Y6': 1, 'Z6': 1, 'C6': 1, 'R6': 1, 'S6': 1, 'Z7': 1, 'C7': 1, 'R7': 1, 'S7': 1}
  SACols: {'Q': 80, 'Z7': 2}
  SARows_0: {'S0': 5, 'C0': 3, 'Z0': 4}
  SARows_1: {'S1': 1, 'C1': 56, 'Z1': 1}
  SARows_2: {'S2': 3, 'C2': 12, 'Z2': 1}
  SARows_3: {'S3': 3, 'C3': 12, 'Z3': 1}
  SARows_4: {'S4': 3, 'C4': 12, 'Z4': 1}
  SARows_5: {'S5': 3, 'C5': 12, 'Z5': 1}
  SARows_6: {'S6': 1, 'C6': 12, 'Z6': 4}
  SARows_7: {'S7': 3, 'C7': 14, 'Z7': 1}
------ loading Accelergy for Eyeriss ------
[Constrained Eyeriss] 8 layers, tile_size=80
  DRAM: {'Q': 12, 'P': 540, 'X0': 12, 'Y0': 540, 'Z0': 1, 'C0': 1, 'R0': 1, 'S0': 1, 'X1': 12, 'Y1': 540, 'Z1': 1, 'C1': 1, 'R1': 1, 'S1': 1, 'X2': 12, 'Y2': 540, 'Z2': 1, 'C2': 1, 'R2': 1, 'S2': 1, 'X3': 12, 'Y3': 540, 'Z3': 1, 'C3': 1, 'R3': 1, 'S3': 1, 'X4': 12, 'Y4': 540, 'Z4': 1, 'C4': 1, 'R4': 1, 'S4': 1, 'X5': 12, 'Y5': 540, 'Z5': 1, 'C5': 1, 'R5': 1, 'S5': 1, 'X6': 12, 'Y6': 540, 'Z6': 1, 'C6': 1, 'R6': 1, 'S6': 1, 'Z7': 1, 'C7': 1, 'R7': 1, 'S7': 1}
  GlobalBuffer: {'Q': 20, 'P': 1, 'X0': 20, 'Y0': 1, 'Z0': 1, 'C0': 1, 'R0': 1, 'S0': 1, 'X1': 20, 'Y1': 1, 'Z1': 1, 'C1': 1, 'R1': 1, 'S1': 1, 'X2': 20, 'Y2': 1, 'Z2': 1, 'C2': 1, 'R2': 1, 'S2': 1, 'X3': 20, 'Y3': 1, 'Z3': 1, 'C3': 1, 'R3': 1, 'S3': 1, 'X4': 20, 'Y4': 1, 'Z4': 1, 'C4': 1, 'R4': 1, 'S4': 1, 'X5': 20, 'Y5': 1, 'Z5': 1, 'C5': 1, 'R5': 1, 'S5': 1, 'X6': 20, 'Y6': 1, 'Z6': 1, 'C6': 1, 'R6': 1, 'S6': 1, 'Z7': 1, 'C7': 1, 'R7': 1, 'S7': 1}
  SACols: {'Q': 4, 'Z7': 1}
  SARows_0: {'S0': 5, 'C0': 3, 'Z0': 4}
  SARows_1: {'S1': 1, 'C1': 56, 'Z1': 1}
  SARows_2: {'S2': 3, 'C2': 12, 'Z2': 2}
  SARows_3: {'S3': 3, 'C3': 12, 'Z3': 2}
  SARows_4: {'S4': 3, 'C4': 12, 'Z4': 2}
  SARows_5: {'S5': 3, 'C5': 12, 'Z5': 2}
  SARows_6: {'S6': 1, 'C6': 12, 'Z6': 4}
  SARows_7: {'S7': 3, 'C7': 14, 'Z7': 1}
------ loading Accelergy for Eyeriss ------
[Constrained Eyeriss] 8 layers, tile_size=80
  DRAM: {'Q': 12, 'P': 540, 'X0': 12, 'Y0': 540, 'Z0': 1, 'C0': 1, 'R0': 1, 'S0': 1, 'X1': 12, 'Y1': 540, 'Z1': 1, 'C1': 1, 'R1': 1, 'S1': 1, 'X2': 12, 'Y2': 540, 'Z2': 1, 'C2': 1, 'R2': 1, 'S2': 1, 'X3': 12, 'Y3': 540, 'Z3': 1, 'C3': 1, 'R3': 1, 'S3': 1, 'X4': 12, 'Y4': 540, 'Z4': 1, 'C4': 1, 'R4': 1, 'S4': 1, 'X5': 12, 'Y5': 540, 'Z5': 1, 'C5': 1, 'R5': 1, 'S5': 1, 'X6': 12, 'Y6': 540, 'Z6': 1, 'C6': 1, 'R6': 1, 'S6': 1, 'Z7': 1, 'C7': 1, 'R7': 1, 'S7': 1}
  GlobalBuffer: {'Q': 10, 'P': 1, 'X0': 10, 'Y0': 1, 'Z0': 1, 'C0': 1, 'R0': 1, 'S0': 1, 'X1': 10, 'Y1': 1, 'Z1': 1, 'C1': 1, 'R1': 1, 'S1': 1, 'X2': 10, 'Y2': 1, 'Z2': 1, 'C2': 1, 'R2': 1, 'S2': 1, 'X3': 10, 'Y3': 1, 'Z3': 1, 'C3': 1, 'R3': 1, 'S3': 1, 'X4': 10, 'Y4': 1, 'Z4': 1, 'C4': 1, 'R4': 1, 'S4': 1, 'X5': 10, 'Y5': 1, 'Z5': 1, 'C5': 1, 'R5': 1, 'S5': 1, 'X6': 10, 'Y6': 1, 'Z6': 1, 'C6': 1, 'R6': 1, 'S6': 1, 'Z7': 1, 'C7': 1, 'R7': 1, 'S7': 1}
  SACols: {'Q': 8, 'Z7': 1}
  SARows_0: {'S0': 5, 'C0': 3, 'Z0': 4}
  SARows_1: {'S1': 1, 'C1': 56, 'Z1': 1}
  SARows_2: {'S2': 3, 'C2': 12, 'Z2': 2}
  SARows_3: {'S3': 3, 'C3': 12, 'Z3': 2}
  SARows_4: {'S4': 3, 'C4': 12, 'Z4': 2}
  SARows_5: {'S5': 3, 'C5': 12, 'Z5': 2}
  SARows_6: {'S6': 1, 'C6': 12, 'Z6': 4}
  SARows_7: {'S7': 3, 'C7': 14, 'Z7': 1}
------ loading Accelergy for Eyeriss ------
[Constrained Eyeriss] 8 layers, tile_size=80
  DRAM: {'Q': 12, 'P': 540, 'X0': 12, 'Y0': 540, 'Z0': 1, 'C0': 1, 'R0': 1, 'S0': 1, 'X1': 12, 'Y1': 540, 'Z1': 1, 'C1': 1, 'R1': 1, 'S1': 1, 'X2': 12, 'Y2': 540, 'Z2': 1, 'C2': 1, 'R2': 1, 'S2': 1, 'X3': 12, 'Y3': 540, 'Z3': 1, 'C3': 1, 'R3': 1, 'S3': 1, 'X4': 12, 'Y4': 540, 'Z4': 1, 'C4': 1, 'R4': 1, 'S4': 1, 'X5': 12, 'Y5': 540, 'Z5': 1, 'C5': 1, 'R5': 1, 'S5': 1, 'X6': 12, 'Y6': 540, 'Z6': 1, 'C6': 1, 'R6': 1, 'S6': 1, 'Z7': 1, 'C7': 1, 'R7': 1, 'S7': 1}
  GlobalBuffer: {'Q': 8, 'P': 1, 'X0': 8, 'Y0': 1, 'Z0': 1, 'C0': 1, 'R0': 1, 'S0': 1, 'X1': 8, 'Y1': 1, 'Z1': 1, 'C1': 1, 'R1': 1, 'S1': 1, 'X2': 8, 'Y2': 1, 'Z2': 1, 'C2': 1, 'R2': 1, 'S2': 1, 'X3': 8, 'Y3': 1, 'Z3': 1, 'C3': 1, 'R3': 1, 'S3': 1, 'X4': 8, 'Y4': 1, 'Z4': 1, 'C4': 1, 'R4': 1, 'S4': 1, 'X5': 8, 'Y5': 1, 'Z5': 1, 'C5': 1, 'R5': 1, 'S5': 1, 'X6': 8, 'Y6': 1, 'Z6': 1, 'C6': 1, 'R6': 1, 'S6': 1, 'Z7': 1, 'C7': 1, 'R7': 1, 'S7': 1}
  SACols: {'Q': 10, 'Z7': 1}
  SARows_0: {'S0': 5, 'C0': 3, 'Z0': 4}
  SARows_1: {'S1': 1, 'C1': 56, 'Z1': 1}
  SARows_2: {'S2': 3, 'C2': 12, 'Z2': 2}
  SARows_3: {'S3': 3, 'C3': 12, 'Z3': 2}
  SARows_4: {'S4': 3, 'C4': 12, 'Z4': 2}
  SARows_5: {'S5': 3, 'C5': 12, 'Z5': 2}
  SARows_6: {'S6': 1, 'C6': 12, 'Z6': 4}
  SARows_7: {'S7': 3, 'C7': 14, 'Z7': 1}
------ loading Accelergy for Eyeriss ------
[Constrained Eyeriss] 8 layers, tile_size=80
  DRAM: {'Q': 12, 'P': 540, 'X0': 12, 'Y0': 540, 'Z0': 1, 'C0': 1, 'R0': 1, 'S0': 1, 'X1': 12, 'Y1': 540, 'Z1': 1, 'C1': 1, 'R1': 1, 'S1': 1, 'X2': 12, 'Y2': 540, 'Z2': 1, 'C2': 1, 'R2': 1, 'S2': 1, 'X3': 12, 'Y3': 540, 'Z3': 1, 'C3': 1, 'R3': 1, 'S3': 1, 'X4': 12, 'Y4': 540, 'Z4': 1, 'C4': 1, 'R4': 1, 'S4': 1, 'X5': 12, 'Y5': 540, 'Z5': 1, 'C5': 1, 'R5': 1, 'S5': 1, 'X6': 12, 'Y6': 540, 'Z6': 1, 'C6': 1, 'R6': 1, 'S6': 1, 'Z7': 1, 'C7': 1, 'R7': 1, 'S7': 1}
  GlobalBuffer: {'Q': 5, 'P': 1, 'X0': 5, 'Y0': 1, 'Z0': 1, 'C0': 1, 'R0': 1, 'S0': 1, 'X1': 5, 'Y1': 1, 'Z1': 1, 'C1': 1, 'R1': 1, 'S1': 1, 'X2': 5, 'Y2': 1, 'Z2': 1, 'C2': 1, 'R2': 1, 'S2': 1, 'X3': 5, 'Y3': 1, 'Z3': 1, 'C3': 1, 'R3': 1, 'S3': 1, 'X4': 5, 'Y4': 1, 'Z4': 1, 'C4': 1, 'R4': 1, 'S4': 1, 'X5': 5, 'Y5': 1, 'Z5': 1, 'C5': 1, 'R5': 1, 'S5': 1, 'X6': 5, 'Y6': 1, 'Z6': 1, 'C6': 1, 'R6': 1, 'S6': 1, 'Z7': 1, 'C7': 1, 'R7': 1, 'S7': 1}
  SACols: {'Q': 16, 'Z7': 1}
  SARows_0: {'S0': 5, 'C0': 3, 'Z0': 4}
  SARows_1: {'S1': 1, 'C1': 56, 'Z1': 1}
  SARows_2: {'S2': 3, 'C2': 12, 'Z2': 2}
  SARows_3: {'S3': 3, 'C3': 12, 'Z3': 2}
  SARows_4: {'S4': 3, 'C4': 12, 'Z4': 2}
  SARows_5: {'S5': 3, 'C5': 12, 'Z5': 2}
  SARows_6: {'S6': 1, 'C6': 12, 'Z6': 4}
  SARows_7: {'S7': 3, 'C7': 14, 'Z7': 1}
------ loading Accelergy for Eyeriss ------
[Constrained Eyeriss] 8 layers, tile_size=80
  DRAM: {'Q': 12, 'P': 540, 'X0': 12, 'Y0': 540, 'Z0': 1, 'C0': 1, 'R0': 1, 'S0': 1, 'X1': 12, 'Y1': 540, 'Z1': 1, 'C1': 1, 'R1': 1, 'S1': 1, 'X2': 12, 'Y2': 540, 'Z2': 1, 'C2': 1, 'R2': 1, 'S2': 1, 'X3': 12, 'Y3': 540, 'Z3': 1, 'C3': 1, 'R3': 1, 'S3': 1, 'X4': 12, 'Y4': 540, 'Z4': 1, 'C4': 1, 'R4': 1, 'S4': 1, 'X5': 12, 'Y5': 540, 'Z5': 1, 'C5': 1, 'R5': 1, 'S5': 1, 'X6': 12, 'Y6': 540, 'Z6': 1, 'C6': 1, 'R6': 1, 'S6': 1, 'Z7': 1, 'C7': 1, 'R7': 1, 'S7': 1}
  GlobalBuffer: {'Q': 4, 'P': 1, 'X0': 4, 'Y0': 1, 'Z0': 1, 'C0': 1, 'R0': 1, 'S0': 1, 'X1': 4, 'Y1': 1, 'Z1': 1, 'C1': 1, 'R1': 1, 'S1': 1, 'X2': 4, 'Y2': 1, 'Z2': 1, 'C2': 1, 'R2': 1, 'S2': 1, 'X3': 4, 'Y3': 1, 'Z3': 1, 'C3': 1, 'R3': 1, 'S3': 1, 'X4': 4, 'Y4': 1, 'Z4': 1, 'C4': 1, 'R4': 1, 'S4': 1, 'X5': 4, 'Y5': 1, 'Z5': 1, 'C5': 1, 'R5': 1, 'S5': 1, 'X6': 4, 'Y6': 1, 'Z6': 1, 'C6': 1, 'R6': 1, 'S6': 1, 'Z7': 1, 'C7': 1, 'R7': 1, 'S7': 1}
  SACols: {'Q': 20, 'Z7': 1}
  SARows_0: {'S0': 5, 'C0': 3, 'Z0': 4}
  SARows_1: {'S1': 1, 'C1': 56, 'Z1': 1}
  SARows_2: {'S2': 3, 'C2': 12, 'Z2': 2}
  SARows_3: {'S3': 3, 'C3': 12, 'Z3': 2}
  SARows_4: {'S4': 3, 'C4': 12, 'Z4': 2}
  SARows_5: {'S5': 3, 'C5': 12, 'Z5': 2}
  SARows_6: {'S6': 1, 'C6': 12, 'Z6': 4}
  SARows_7: {'S7': 3, 'C7': 14, 'Z7': 1}
------ loading Accelergy for Eyeriss ------
[Constrained Eyeriss] 8 layers, tile_size=80
  DRAM: {'Q': 12, 'P': 540, 'X0': 12, 'Y0': 540, 'Z0': 1, 'C0': 1, 'R0': 1, 'S0': 1, 'X1': 12, 'Y1': 540, 'Z1': 1, 'C1': 1, 'R1': 1, 'S1': 1, 'X2': 12, 'Y2': 540, 'Z2': 1, 'C2': 1, 'R2': 1, 'S2': 1, 'X3': 12, 'Y3': 540, 'Z3': 1, 'C3': 1, 'R3': 1, 'S3': 1, 'X4': 12, 'Y4': 540, 'Z4': 1, 'C4': 1, 'R4': 1, 'S4': 1, 'X5': 12, 'Y5': 540, 'Z5': 1, 'C5': 1, 'R5': 1, 'S5': 1, 'X6': 12, 'Y6': 540, 'Z6': 1, 'C6': 1, 'R6': 1, 'S6': 1, 'Z7': 1, 'C7': 1, 'R7': 1, 'S7': 1}
  GlobalBuffer: {'Q': 2, 'P': 1, 'X0': 2, 'Y0': 1, 'Z0': 1, 'C0': 1, 'R0': 1, 'S0': 1, 'X1': 2, 'Y1': 1, 'Z1': 1, 'C1': 1, 'R1': 1, 'S1': 1, 'X2': 2, 'Y2': 1, 'Z2': 1, 'C2': 1, 'R2': 1, 'S2': 1, 'X3': 2, 'Y3': 1, 'Z3': 1, 'C3': 1, 'R3': 1, 'S3': 1, 'X4': 2, 'Y4': 1, 'Z4': 1, 'C4': 1, 'R4': 1, 'S4': 1, 'X5': 2, 'Y5': 1, 'Z5': 1, 'C5': 1, 'R5': 1, 'S5': 1, 'X6': 2, 'Y6': 1, 'Z6': 1, 'C6': 1, 'R6': 1, 'S6': 1, 'Z7': 1, 'C7': 1, 'R7': 1, 'S7': 1}
  SACols: {'Q': 40, 'Z7': 1}
  SARows_0: {'S0': 5, 'C0': 3, 'Z0': 4}
  SARows_1: {'S1': 1, 'C1': 56, 'Z1': 1}
  SARows_2: {'S2': 3, 'C2': 12, 'Z2': 2}
  SARows_3: {'S3': 3, 'C3': 12, 'Z3': 2}
  SARows_4: {'S4': 3, 'C4': 12, 'Z4': 2}
  SARows_5: {'S5': 3, 'C5': 12, 'Z5': 2}
  SARows_6: {'S6': 1, 'C6': 12, 'Z6': 4}
  SARows_7: {'S7': 3, 'C7': 14, 'Z7': 1}
------ loading Accelergy for Eyeriss ------
[Constrained Eyeriss] 8 layers, tile_size=80
  DRAM: {'Q': 12, 'P': 540, 'X0': 12, 'Y0': 540, 'Z0': 1, 'C0': 1, 'R0': 1, 'S0': 1, 'X1': 12, 'Y1': 540, 'Z1': 1, 'C1': 1, 'R1': 1, 'S1': 1, 'X2': 12, 'Y2': 540, 'Z2': 1, 'C2': 1, 'R2': 1, 'S2': 1, 'X3': 12, 'Y3': 540, 'Z3': 1, 'C3': 1, 'R3': 1, 'S3': 1, 'X4': 12, 'Y4': 540, 'Z4': 1, 'C4': 1, 'R4': 1, 'S4': 1, 'X5': 12, 'Y5': 540, 'Z5': 1, 'C5': 1, 'R5': 1, 'S5': 1, 'X6': 12, 'Y6': 540, 'Z6': 1, 'C6': 1, 'R6': 1, 'S6': 1, 'Z7': 1, 'C7': 1, 'R7': 1, 'S7': 1}
  GlobalBuffer: {'Q': 1, 'P': 1, 'X0': 1, 'Y0': 1, 'Z0': 1, 'C0': 1, 'R0': 1, 'S0': 1, 'X1': 1, 'Y1': 1, 'Z1': 1, 'C1': 1, 'R1': 1, 'S1': 1, 'X2': 1, 'Y2': 1, 'Z2': 1, 'C2': 1, 'R2': 1, 'S2': 1, 'X3': 1, 'Y3': 1, 'Z3': 1, 'C3': 1, 'R3': 1, 'S3': 1, 'X4': 1, 'Y4': 1, 'Z4': 1, 'C4': 1, 'R4': 1, 'S4': 1, 'X5': 1, 'Y5': 1, 'Z5': 1, 'C5': 1, 'R5': 1, 'S5': 1, 'X6': 1, 'Y6': 1, 'Z6': 1, 'C6': 1, 'R6': 1, 'S6': 1, 'Z7': 1, 'C7': 1, 'R7': 1, 'S7': 1}
  SACols: {'Q': 80, 'Z7': 1}
  SARows_0: {'S0': 5, 'C0': 3, 'Z0': 4}
  SARows_1: {'S1': 1, 'C1': 56, 'Z1': 1}
  SARows_2: {'S2': 3, 'C2': 12, 'Z2': 2}
  SARows_3: {'S3': 3, 'C3': 12, 'Z3': 2}
  SARows_4: {'S4': 3, 'C4': 12, 'Z4': 2}
  SARows_5: {'S5': 3, 'C5': 12, 'Z5': 2}
  SARows_6: {'S6': 1, 'C6': 12, 'Z6': 4}
  SARows_7: {'S7': 3, 'C7': 14, 'Z7': 1}
------ loading Accelergy for Eyeriss ------
[Constrained Eyeriss] 8 layers, tile_size=80
  DRAM: {'Q': 12, 'P': 540, 'X0': 12, 'Y0': 540, 'Z0': 1, 'C0': 1, 'R0': 1, 'S0': 1, 'X1': 12, 'Y1': 540, 'Z1': 1, 'C1': 1, 'R1': 1, 'S1': 1, 'X2': 12, 'Y2': 540, 'Z2': 1, 'C2': 1, 'R2': 1, 'S2': 1, 'X3': 12, 'Y3': 540, 'Z3': 1, 'C3': 1, 'R3': 1, 'S3': 1, 'X4': 12, 'Y4': 540, 'Z4': 1, 'C4': 1, 'R4': 1, 'S4': 1, 'X5': 12, 'Y5': 540, 'Z5': 1, 'C5': 1, 'R5': 1, 'S5': 1, 'X6': 12, 'Y6': 540, 'Z6': 1, 'C6': 1, 'R6': 1, 'S6': 1, 'Z7': 1, 'C7': 1, 'R7': 1, 'S7': 1}
  GlobalBuffer: {'Q': 1, 'P': 1, 'X0': 1, 'Y0': 1, 'Z0': 1, 'C0': 1, 'R0': 1, 'S0': 1, 'X1': 1, 'Y1': 1, 'Z1': 1, 'C1': 1, 'R1': 1, 'S1': 1, 'X2': 1, 'Y2': 1, 'Z2': 1, 'C2': 1, 'R2': 1, 'S2': 1, 'X3': 1, 'Y3': 1, 'Z3': 1, 'C3': 1, 'R3': 1, 'S3': 1, 'X4': 1, 'Y4': 1, 'Z4': 1, 'C4': 1, 'R4': 1, 'S4': 1, 'X5': 1, 'Y5': 1, 'Z5': 1, 'C5': 1, 'R5': 1, 'S5': 1, 'X6': 1, 'Y6': 1, 'Z6': 1, 'C6': 1, 'R6': 1, 'S6': 1, 'Z7': 1, 'C7': 1, 'R7': 1, 'S7': 1}
  SACols: {'Q': 80, 'Z7': 1}
  SARows_0: {'S0': 5, 'C0': 3, 'Z0': 4}
  SARows_1: {'S1': 1, 'C1': 56, 'Z1': 1}
  SARows_2: {'S2': 3, 'C2': 12, 'Z2': 2}
  SARows_3: {'S3': 3, 'C3': 12, 'Z3': 2}
  SARows_4: {'S4': 3, 'C4': 12, 'Z4': 2}
  SARows_5: {'S5': 3, 'C5': 12, 'Z5': 2}
  SARows_6: {'S6': 1, 'C6': 12, 'Z6': 4}
  SARows_7: {'S7': 3, 'C7': 14, 'Z7': 1}
------ loading Accelergy for Eyeriss ------
[Constrained Eyeriss] 8 layers, tile_size=80
  DRAM: {'Q': 12, 'P': 540, 'X0': 12, 'Y0': 540, 'Z0': 1, 'C0': 1, 'R0': 1, 'S0': 1, 'X1': 12, 'Y1': 540, 'Z1': 1, 'C1': 1, 'R1': 1, 'S1': 1, 'X2': 12, 'Y2': 540, 'Z2': 1, 'C2': 1, 'R2': 1, 'S2': 1, 'X3': 12, 'Y3': 540, 'Z3': 1, 'C3': 1, 'R3': 1, 'S3': 1, 'X4': 12, 'Y4': 540, 'Z4': 1, 'C4': 1, 'R4': 1, 'S4': 1, 'X5': 12, 'Y5': 540, 'Z5': 1, 'C5': 1, 'R5': 1, 'S5': 1, 'X6': 12, 'Y6': 540, 'Z6': 1, 'C6': 1, 'R6': 1, 'S6': 1, 'Z7': 1, 'C7': 1, 'R7': 1, 'S7': 1}
  GlobalBuffer: {'Q': 20, 'P': 1, 'X0': 20, 'Y0': 1, 'Z0': 1, 'C0': 1, 'R0': 1, 'S0': 1, 'X1': 20, 'Y1': 1, 'Z1': 1, 'C1': 1, 'R1': 1, 'S1': 1, 'X2': 20, 'Y2': 1, 'Z2': 1, 'C2': 1, 'R2': 1, 'S2': 1, 'X3': 20, 'Y3': 1, 'Z3': 1, 'C3': 1, 'R3': 1, 'S3': 1, 'X4': 20, 'Y4': 1, 'Z4': 1, 'C4': 1, 'R4': 1, 'S4': 1, 'X5': 20, 'Y5': 1, 'Z5': 1, 'C5': 1, 'R5': 1, 'S5': 1, 'X6': 20, 'Y6': 1, 'Z6': 1, 'C6': 1, 'R6': 1, 'S6': 1, 'Z7': 1, 'C7': 1, 'R7': 1, 'S7': 1}
  SACols: {'Q': 4, 'Z7': 1}
  SARows_0: {'S0': 5, 'C0': 3, 'Z0': 8}
  SARows_1: {'S1': 1, 'C1': 56, 'Z1': 2}
  SARows_2: {'S2': 3, 'C2': 12, 'Z2': 3}
  SARows_3: {'S3': 3, 'C3': 12, 'Z3': 3}
  SARows_4: {'S4': 3, 'C4': 12, 'Z4': 3}
  SARows_5: {'S5': 3, 'C5': 12, 'Z5': 3}
  SARows_6: {'S6': 1, 'C6': 12, 'Z6': 8}
  SARows_7: {'S7': 3, 'C7': 28, 'Z7': 1}
------ loading Accelergy for Eyeriss ------
[Constrained Eyeriss] 8 layers, tile_size=80
  DRAM: {'Q': 12, 'P': 540, 'X0': 12, 'Y0': 540, 'Z0': 1, 'C0': 1, 'R0': 1, 'S0': 1, 'X1': 12, 'Y1': 540, 'Z1': 1, 'C1': 1, 'R1': 1, 'S1': 1, 'X2': 12, 'Y2': 540, 'Z2': 1, 'C2': 1, 'R2': 1, 'S2': 1, 'X3': 12, 'Y3': 540, 'Z3': 1, 'C3': 1, 'R3': 1, 'S3': 1, 'X4': 12, 'Y4': 540, 'Z4': 1, 'C4': 1, 'R4': 1, 'S4': 1, 'X5': 12, 'Y5': 540, 'Z5': 1, 'C5': 1, 'R5': 1, 'S5': 1, 'X6': 12, 'Y6': 540, 'Z6': 1, 'C6': 1, 'R6': 1, 'S6': 1, 'Z7': 1, 'C7': 1, 'R7': 1, 'S7': 1}
  GlobalBuffer: {'Q': 10, 'P': 1, 'X0': 10, 'Y0': 1, 'Z0': 1, 'C0': 1, 'R0': 1, 'S0': 1, 'X1': 10, 'Y1': 1, 'Z1': 1, 'C1': 1, 'R1': 1, 'S1': 1, 'X2': 10, 'Y2': 1, 'Z2': 1, 'C2': 1, 'R2': 1, 'S2': 1, 'X3': 10, 'Y3': 1, 'Z3': 1, 'C3': 1, 'R3': 1, 'S3': 1, 'X4': 10, 'Y4': 1, 'Z4': 1, 'C4': 1, 'R4': 1, 'S4': 1, 'X5': 10, 'Y5': 1, 'Z5': 1, 'C5': 1, 'R5': 1, 'S5': 1, 'X6': 10, 'Y6': 1, 'Z6': 1, 'C6': 1, 'R6': 1, 'S6': 1, 'Z7': 1, 'C7': 1, 'R7': 1, 'S7': 1}
  SACols: {'Q': 8, 'Z7': 1}
  SARows_0: {'S0': 5, 'C0': 3, 'Z0': 8}
  SARows_1: {'S1': 1, 'C1': 56, 'Z1': 2}
  SARows_2: {'S2': 3, 'C2': 12, 'Z2': 3}
  SARows_3: {'S3': 3, 'C3': 12, 'Z3': 3}
  SARows_4: {'S4': 3, 'C4': 12, 'Z4': 3}
  SARows_5: {'S5': 3, 'C5': 12, 'Z5': 3}
  SARows_6: {'S6': 1, 'C6': 12, 'Z6': 8}
  SARows_7: {'S7': 3, 'C7': 28, 'Z7': 1}
------ loading Accelergy for Eyeriss ------
[Constrained Eyeriss] 8 layers, tile_size=80
  DRAM: {'Q': 12, 'P': 540, 'X0': 12, 'Y0': 540, 'Z0': 1, 'C0': 1, 'R0': 1, 'S0': 1, 'X1': 12, 'Y1': 540, 'Z1': 1, 'C1': 1, 'R1': 1, 'S1': 1, 'X2': 12, 'Y2': 540, 'Z2': 1, 'C2': 1, 'R2': 1, 'S2': 1, 'X3': 12, 'Y3': 540, 'Z3': 1, 'C3': 1, 'R3': 1, 'S3': 1, 'X4': 12, 'Y4': 540, 'Z4': 1, 'C4': 1, 'R4': 1, 'S4': 1, 'X5': 12, 'Y5': 540, 'Z5': 1, 'C5': 1, 'R5': 1, 'S5': 1, 'X6': 12, 'Y6': 540, 'Z6': 1, 'C6': 1, 'R6': 1, 'S6': 1, 'Z7': 1, 'C7': 1, 'R7': 1, 'S7': 1}
  GlobalBuffer: {'Q': 8, 'P': 1, 'X0': 8, 'Y0': 1, 'Z0': 1, 'C0': 1, 'R0': 1, 'S0': 1, 'X1': 8, 'Y1': 1, 'Z1': 1, 'C1': 1, 'R1': 1, 'S1': 1, 'X2': 8, 'Y2': 1, 'Z2': 1, 'C2': 1, 'R2': 1, 'S2': 1, 'X3': 8, 'Y3': 1, 'Z3': 1, 'C3': 1, 'R3': 1, 'S3': 1, 'X4': 8, 'Y4': 1, 'Z4': 1, 'C4': 1, 'R4': 1, 'S4': 1, 'X5': 8, 'Y5': 1, 'Z5': 1, 'C5': 1, 'R5': 1, 'S5': 1, 'X6': 8, 'Y6': 1, 'Z6': 1, 'C6': 1, 'R6': 1, 'S6': 1, 'Z7': 1, 'C7': 1, 'R7': 1, 'S7': 1}
  SACols: {'Q': 10, 'Z7': 1}
  SARows_0: {'S0': 5, 'C0': 3, 'Z0': 8}
  SARows_1: {'S1': 1, 'C1': 56, 'Z1': 2}
  SARows_2: {'S2': 3, 'C2': 12, 'Z2': 3}
  SARows_3: {'S3': 3, 'C3': 12, 'Z3': 3}
  SARows_4: {'S4': 3, 'C4': 12, 'Z4': 3}
  SARows_5: {'S5': 3, 'C5': 12, 'Z5': 3}
  SARows_6: {'S6': 1, 'C6': 12, 'Z6': 8}
  SARows_7: {'S7': 3, 'C7': 28, 'Z7': 1}
------ loading Accelergy for Eyeriss ------
[Constrained Eyeriss] 8 layers, tile_size=80
  DRAM: {'Q': 12, 'P': 540, 'X0': 12, 'Y0': 540, 'Z0': 1, 'C0': 1, 'R0': 1, 'S0': 1, 'X1': 12, 'Y1': 540, 'Z1': 1, 'C1': 1, 'R1': 1, 'S1': 1, 'X2': 12, 'Y2': 540, 'Z2': 1, 'C2': 1, 'R2': 1, 'S2': 1, 'X3': 12, 'Y3': 540, 'Z3': 1, 'C3': 1, 'R3': 1, 'S3': 1, 'X4': 12, 'Y4': 540, 'Z4': 1, 'C4': 1, 'R4': 1, 'S4': 1, 'X5': 12, 'Y5': 540, 'Z5': 1, 'C5': 1, 'R5': 1, 'S5': 1, 'X6': 12, 'Y6': 540, 'Z6': 1, 'C6': 1, 'R6': 1, 'S6': 1, 'Z7': 1, 'C7': 1, 'R7': 1, 'S7': 1}
  GlobalBuffer: {'Q': 5, 'P': 1, 'X0': 5, 'Y0': 1, 'Z0': 1, 'C0': 1, 'R0': 1, 'S0': 1, 'X1': 5, 'Y1': 1, 'Z1': 1, 'C1': 1, 'R1': 1, 'S1': 1, 'X2': 5, 'Y2': 1, 'Z2': 1, 'C2': 1, 'R2': 1, 'S2': 1, 'X3': 5, 'Y3': 1, 'Z3': 1, 'C3': 1, 'R3': 1, 'S3': 1, 'X4': 5, 'Y4': 1, 'Z4': 1, 'C4': 1, 'R4': 1, 'S4': 1, 'X5': 5, 'Y5': 1, 'Z5': 1, 'C5': 1, 'R5': 1, 'S5': 1, 'X6': 5, 'Y6': 1, 'Z6': 1, 'C6': 1, 'R6': 1, 'S6': 1, 'Z7': 1, 'C7': 1, 'R7': 1, 'S7': 1}
  SACols: {'Q': 16, 'Z7': 1}
  SARows_0: {'S0': 5, 'C0': 3, 'Z0': 8}
  SARows_1: {'S1': 1, 'C1': 56, 'Z1': 2}
  SARows_2: {'S2': 3, 'C2': 12, 'Z2': 3}
  SARows_3: {'S3': 3, 'C3': 12, 'Z3': 3}
  SARows_4: {'S4': 3, 'C4': 12, 'Z4': 3}
  SARows_5: {'S5': 3, 'C5': 12, 'Z5': 3}
  SARows_6: {'S6': 1, 'C6': 12, 'Z6': 8}
  SARows_7: {'S7': 3, 'C7': 28, 'Z7': 1}
------ loading Accelergy for Eyeriss ------
[Constrained Eyeriss] 8 layers, tile_size=80
  DRAM: {'Q': 12, 'P': 540, 'X0': 12, 'Y0': 540, 'Z0': 1, 'C0': 1, 'R0': 1, 'S0': 1, 'X1': 12, 'Y1': 540, 'Z1': 1, 'C1': 1, 'R1': 1, 'S1': 1, 'X2': 12, 'Y2': 540, 'Z2': 1, 'C2': 1, 'R2': 1, 'S2': 1, 'X3': 12, 'Y3': 540, 'Z3': 1, 'C3': 1, 'R3': 1, 'S3': 1, 'X4': 12, 'Y4': 540, 'Z4': 1, 'C4': 1, 'R4': 1, 'S4': 1, 'X5': 12, 'Y5': 540, 'Z5': 1, 'C5': 1, 'R5': 1, 'S5': 1, 'X6': 12, 'Y6': 540, 'Z6': 1, 'C6': 1, 'R6': 1, 'S6': 1, 'Z7': 1, 'C7': 1, 'R7': 1, 'S7': 1}
  GlobalBuffer: {'Q': 4, 'P': 1, 'X0': 4, 'Y0': 1, 'Z0': 1, 'C0': 1, 'R0': 1, 'S0': 1, 'X1': 4, 'Y1': 1, 'Z1': 1, 'C1': 1, 'R1': 1, 'S1': 1, 'X2': 4, 'Y2': 1, 'Z2': 1, 'C2': 1, 'R2': 1, 'S2': 1, 'X3': 4, 'Y3': 1, 'Z3': 1, 'C3': 1, 'R3': 1, 'S3': 1, 'X4': 4, 'Y4': 1, 'Z4': 1, 'C4': 1, 'R4': 1, 'S4': 1, 'X5': 4, 'Y5': 1, 'Z5': 1, 'C5': 1, 'R5': 1, 'S5': 1, 'X6': 4, 'Y6': 1, 'Z6': 1, 'C6': 1, 'R6': 1, 'S6': 1, 'Z7': 1, 'C7': 1, 'R7': 1, 'S7': 1}
  SACols: {'Q': 20, 'Z7': 1}
  SARows_0: {'S0': 5, 'C0': 3, 'Z0': 8}
  SARows_1: {'S1': 1, 'C1': 56, 'Z1': 2}
  SARows_2: {'S2': 3, 'C2': 12, 'Z2': 3}
  SARows_3: {'S3': 3, 'C3': 12, 'Z3': 3}
  SARows_4: {'S4': 3, 'C4': 12, 'Z4': 3}
  SARows_5: {'S5': 3, 'C5': 12, 'Z5': 3}
  SARows_6: {'S6': 1, 'C6': 12, 'Z6': 8}
  SARows_7: {'S7': 3, 'C7': 28, 'Z7': 1}
------ loading Accelergy for Eyeriss ------
[Constrained Eyeriss] 8 layers, tile_size=80
  DRAM: {'Q': 12, 'P': 540, 'X0': 12, 'Y0': 540, 'Z0': 1, 'C0': 1, 'R0': 1, 'S0': 1, 'X1': 12, 'Y1': 540, 'Z1': 1, 'C1': 1, 'R1': 1, 'S1': 1, 'X2': 12, 'Y2': 540, 'Z2': 1, 'C2': 1, 'R2': 1, 'S2': 1, 'X3': 12, 'Y3': 540, 'Z3': 1, 'C3': 1, 'R3': 1, 'S3': 1, 'X4': 12, 'Y4': 540, 'Z4': 1, 'C4': 1, 'R4': 1, 'S4': 1, 'X5': 12, 'Y5': 540, 'Z5': 1, 'C5': 1, 'R5': 1, 'S5': 1, 'X6': 12, 'Y6': 540, 'Z6': 1, 'C6': 1, 'R6': 1, 'S6': 1, 'Z7': 1, 'C7': 1, 'R7': 1, 'S7': 1}
  GlobalBuffer: {'Q': 2, 'P': 1, 'X0': 2, 'Y0': 1, 'Z0': 1, 'C0': 1, 'R0': 1, 'S0': 1, 'X1': 2, 'Y1': 1, 'Z1': 1, 'C1': 1, 'R1': 1, 'S1': 1, 'X2': 2, 'Y2': 1, 'Z2': 1, 'C2': 1, 'R2': 1, 'S2': 1, 'X3': 2, 'Y3': 1, 'Z3': 1, 'C3': 1, 'R3': 1, 'S3': 1, 'X4': 2, 'Y4': 1, 'Z4': 1, 'C4': 1, 'R4': 1, 'S4': 1, 'X5': 2, 'Y5': 1, 'Z5': 1, 'C5': 1, 'R5': 1, 'S5': 1, 'X6': 2, 'Y6': 1, 'Z6': 1, 'C6': 1, 'R6': 1, 'S6': 1, 'Z7': 1, 'C7': 1, 'R7': 1, 'S7': 1}
  SACols: {'Q': 40, 'Z7': 1}
  SARows_0: {'S0': 5, 'C0': 3, 'Z0': 8}
  SARows_1: {'S1': 1, 'C1': 56, 'Z1': 2}
  SARows_2: {'S2': 3, 'C2': 12, 'Z2': 3}
  SARows_3: {'S3': 3, 'C3': 12, 'Z3': 3}
  SARows_4: {'S4': 3, 'C4': 12, 'Z4': 3}
  SARows_5: {'S5': 3, 'C5': 12, 'Z5': 3}
  SARows_6: {'S6': 1, 'C6': 12, 'Z6': 8}
  SARows_7: {'S7': 3, 'C7': 28, 'Z7': 1}
------ loading Accelergy for Eyeriss ------
[Constrained Eyeriss] 8 layers, tile_size=80
  DRAM: {'Q': 12, 'P': 540, 'X0': 12, 'Y0': 540, 'Z0': 1, 'C0': 1, 'R0': 1, 'S0': 1, 'X1': 12, 'Y1': 540, 'Z1': 1, 'C1': 1, 'R1': 1, 'S1': 1, 'X2': 12, 'Y2': 540, 'Z2': 1, 'C2': 1, 'R2': 1, 'S2': 1, 'X3': 12, 'Y3': 540, 'Z3': 1, 'C3': 1, 'R3': 1, 'S3': 1, 'X4': 12, 'Y4': 540, 'Z4': 1, 'C4': 1, 'R4': 1, 'S4': 1, 'X5': 12, 'Y5': 540, 'Z5': 1, 'C5': 1, 'R5': 1, 'S5': 1, 'X6': 12, 'Y6': 540, 'Z6': 1, 'C6': 1, 'R6': 1, 'S6': 1, 'Z7': 1, 'C7': 1, 'R7': 1, 'S7': 1}
  GlobalBuffer: {'Q': 1, 'P': 1, 'X0': 1, 'Y0': 1, 'Z0': 1, 'C0': 1, 'R0': 1, 'S0': 1, 'X1': 1, 'Y1': 1, 'Z1': 1, 'C1': 1, 'R1': 1, 'S1': 1, 'X2': 1, 'Y2': 1, 'Z2': 1, 'C2': 1, 'R2': 1, 'S2': 1, 'X3': 1, 'Y3': 1, 'Z3': 1, 'C3': 1, 'R3': 1, 'S3': 1, 'X4': 1, 'Y4': 1, 'Z4': 1, 'C4': 1, 'R4': 1, 'S4': 1, 'X5': 1, 'Y5': 1, 'Z5': 1, 'C5': 1, 'R5': 1, 'S5': 1, 'X6': 1, 'Y6': 1, 'Z6': 1, 'C6': 1, 'R6': 1, 'S6': 1, 'Z7': 1, 'C7': 1, 'R7': 1, 'S7': 1}
  SACols: {'Q': 80, 'Z7': 1}
  SARows_0: {'S0': 5, 'C0': 3, 'Z0': 8}
  SARows_1: {'S1': 1, 'C1': 56, 'Z1': 2}
  SARows_2: {'S2': 3, 'C2': 12, 'Z2': 3}
  SARows_3: {'S3': 3, 'C3': 12, 'Z3': 3}
  SARows_4: {'S4': 3, 'C4': 12, 'Z4': 3}
  SARows_5: {'S5': 3, 'C5': 12, 'Z5': 3}
  SARows_6: {'S6': 1, 'C6': 12, 'Z6': 8}
  SARows_7: {'S7': 3, 'C7': 28, 'Z7': 1}
------ loading Accelergy for Eyeriss ------
[Constrained Eyeriss] 8 layers, tile_size=80
  DRAM: {'Q': 12, 'P': 540, 'X0': 12, 'Y0': 540, 'Z0': 1, 'C0': 1, 'R0': 1, 'S0': 1, 'X1': 12, 'Y1': 540, 'Z1': 1, 'C1': 1, 'R1': 1, 'S1': 1, 'X2': 12, 'Y2': 540, 'Z2': 1, 'C2': 1, 'R2': 1, 'S2': 1, 'X3': 12, 'Y3': 540, 'Z3': 1, 'C3': 1, 'R3': 1, 'S3': 1, 'X4': 12, 'Y4': 540, 'Z4': 1, 'C4': 1, 'R4': 1, 'S4': 1, 'X5': 12, 'Y5': 540, 'Z5': 1, 'C5': 1, 'R5': 1, 'S5': 1, 'X6': 12, 'Y6': 540, 'Z6': 1, 'C6': 1, 'R6': 1, 'S6': 1, 'Z7': 1, 'C7': 1, 'R7': 1, 'S7': 1}
  GlobalBuffer: {'Q': 1, 'P': 1, 'X0': 1, 'Y0': 1, 'Z0': 1, 'C0': 1, 'R0': 1, 'S0': 1, 'X1': 1, 'Y1': 1, 'Z1': 1, 'C1': 1, 'R1': 1, 'S1': 1, 'X2': 1, 'Y2': 1, 'Z2': 1, 'C2': 1, 'R2': 1, 'S2': 1, 'X3': 1, 'Y3': 1, 'Z3': 1, 'C3': 1, 'R3': 1, 'S3': 1, 'X4': 1, 'Y4': 1, 'Z4': 1, 'C4': 1, 'R4': 1, 'S4': 1, 'X5': 1, 'Y5': 1, 'Z5': 1, 'C5': 1, 'R5': 1, 'S5': 1, 'X6': 1, 'Y6': 1, 'Z6': 1, 'C6': 1, 'R6': 1, 'S6': 1, 'Z7': 1, 'C7': 1, 'R7': 1, 'S7': 1}
  SACols: {'Q': 80, 'Z7': 1}
  SARows_0: {'S0': 5, 'C0': 3, 'Z0': 8}
  SARows_1: {'S1': 1, 'C1': 56, 'Z1': 2}
  SARows_2: {'S2': 3, 'C2': 12, 'Z2': 3}
  SARows_3: {'S3': 3, 'C3': 12, 'Z3': 3}
  SARows_4: {'S4': 3, 'C4': 12, 'Z4': 3}
  SARows_5: {'S5': 3, 'C5': 12, 'Z5': 3}
  SARows_6: {'S6': 1, 'C6': 12, 'Z6': 8}
  SARows_7: {'S7': 3, 'C7': 28, 'Z7': 1}
------ loading Accelergy for Eyeriss ------
[Constrained Eyeriss] 8 layers, tile_size=80
  DRAM: {'Q': 12, 'P': 540, 'X0': 12, 'Y0': 540, 'Z0': 1, 'C0': 1, 'R0': 1, 'S0': 1, 'X1': 12, 'Y1': 540, 'Z1': 1, 'C1': 1, 'R1': 1, 'S1': 1, 'X2': 12, 'Y2': 540, 'Z2': 1, 'C2': 1, 'R2': 1, 'S2': 1, 'X3': 12, 'Y3': 540, 'Z3': 1, 'C3': 1, 'R3': 1, 'S3': 1, 'X4': 12, 'Y4': 540, 'Z4': 1, 'C4': 1, 'R4': 1, 'S4': 1, 'X5': 12, 'Y5': 540, 'Z5': 1, 'C5': 1, 'R5': 1, 'S5': 1, 'X6': 12, 'Y6': 540, 'Z6': 1, 'C6': 1, 'R6': 1, 'S6': 1, 'Z7': 1, 'C7': 1, 'R7': 1, 'S7': 1}
  GlobalBuffer: {'Q': 20, 'P': 1, 'X0': 20, 'Y0': 1, 'Z0': 1, 'C0': 1, 'R0': 1, 'S0': 1, 'X1': 20, 'Y1': 1, 'Z1': 1, 'C1': 1, 'R1': 1, 'S1': 1, 'X2': 20, 'Y2': 1, 'Z2': 1, 'C2': 1, 'R2': 1, 'S2': 1, 'X3': 20, 'Y3': 1, 'Z3': 1, 'C3': 1, 'R3': 1, 'S3': 1, 'X4': 20, 'Y4': 1, 'Z4': 1, 'C4': 1, 'R4': 1, 'S4': 1, 'X5': 20, 'Y5': 1, 'Z5': 1, 'C5': 1, 'R5': 1, 'S5': 1, 'X6': 20, 'Y6': 1, 'Z6': 1, 'C6': 1, 'R6': 1, 'S6': 1, 'Z7': 1, 'C7': 1, 'R7': 1, 'S7': 1}
  SACols: {'Q': 4, 'Z7': 1}
  SARows_0: {'S0': 5, 'C0': 3, 'Z0': 14}
  SARows_1: {'S1': 1, 'C1': 56, 'Z1': 4}
  SARows_2: {'S2': 3, 'C2': 12, 'Z2': 6}
  SARows_3: {'S3': 3, 'C3': 12, 'Z3': 6}
  SARows_4: {'S4': 3, 'C4': 12, 'Z4': 6}
  SARows_5: {'S5': 3, 'C5': 12, 'Z5': 6}
  SARows_6: {'S6': 1, 'C6': 12, 'Z6': 14}
  SARows_7: {'S7': 3, 'C7': 56, 'Z7': 1}
------ loading Accelergy for Eyeriss ------
[Constrained Eyeriss] 8 layers, tile_size=80
  DRAM: {'Q': 12, 'P': 540, 'X0': 12, 'Y0': 540, 'Z0': 1, 'C0': 1, 'R0': 1, 'S0': 1, 'X1': 12, 'Y1': 540, 'Z1': 1, 'C1': 1, 'R1': 1, 'S1': 1, 'X2': 12, 'Y2': 540, 'Z2': 1, 'C2': 1, 'R2': 1, 'S2': 1, 'X3': 12, 'Y3': 540, 'Z3': 1, 'C3': 1, 'R3': 1, 'S3': 1, 'X4': 12, 'Y4': 540, 'Z4': 1, 'C4': 1, 'R4': 1, 'S4': 1, 'X5': 12, 'Y5': 540, 'Z5': 1, 'C5': 1, 'R5': 1, 'S5': 1, 'X6': 12, 'Y6': 540, 'Z6': 1, 'C6': 1, 'R6': 1, 'S6': 1, 'Z7': 1, 'C7': 1, 'R7': 1, 'S7': 1}
  GlobalBuffer: {'Q': 10, 'P': 1, 'X0': 10, 'Y0': 1, 'Z0': 1, 'C0': 1, 'R0': 1, 'S0': 1, 'X1': 10, 'Y1': 1, 'Z1': 1, 'C1': 1, 'R1': 1, 'S1': 1, 'X2': 10, 'Y2': 1, 'Z2': 1, 'C2': 1, 'R2': 1, 'S2': 1, 'X3': 10, 'Y3': 1, 'Z3': 1, 'C3': 1, 'R3': 1, 'S3': 1, 'X4': 10, 'Y4': 1, 'Z4': 1, 'C4': 1, 'R4': 1, 'S4': 1, 'X5': 10, 'Y5': 1, 'Z5': 1, 'C5': 1, 'R5': 1, 'S5': 1, 'X6': 10, 'Y6': 1, 'Z6': 1, 'C6': 1, 'R6': 1, 'S6': 1, 'Z7': 1, 'C7': 1, 'R7': 1, 'S7': 1}
  SACols: {'Q': 8, 'Z7': 1}
  SARows_0: {'S0': 5, 'C0': 3, 'Z0': 14}
  SARows_1: {'S1': 1, 'C1': 56, 'Z1': 4}
  SARows_2: {'S2': 3, 'C2': 12, 'Z2': 6}
  SARows_3: {'S3': 3, 'C3': 12, 'Z3': 6}
  SARows_4: {'S4': 3, 'C4': 12, 'Z4': 6}
  SARows_5: {'S5': 3, 'C5': 12, 'Z5': 6}
  SARows_6: {'S6': 1, 'C6': 12, 'Z6': 14}
  SARows_7: {'S7': 3, 'C7': 56, 'Z7': 1}
------ loading Accelergy for Eyeriss ------
[Constrained Eyeriss] 8 layers, tile_size=80
  DRAM: {'Q': 12, 'P': 540, 'X0': 12, 'Y0': 540, 'Z0': 1, 'C0': 1, 'R0': 1, 'S0': 1, 'X1': 12, 'Y1': 540, 'Z1': 1, 'C1': 1, 'R1': 1, 'S1': 1, 'X2': 12, 'Y2': 540, 'Z2': 1, 'C2': 1, 'R2': 1, 'S2': 1, 'X3': 12, 'Y3': 540, 'Z3': 1, 'C3': 1, 'R3': 1, 'S3': 1, 'X4': 12, 'Y4': 540, 'Z4': 1, 'C4': 1, 'R4': 1, 'S4': 1, 'X5': 12, 'Y5': 540, 'Z5': 1, 'C5': 1, 'R5': 1, 'S5': 1, 'X6': 12, 'Y6': 540, 'Z6': 1, 'C6': 1, 'R6': 1, 'S6': 1, 'Z7': 1, 'C7': 1, 'R7': 1, 'S7': 1}
  GlobalBuffer: {'Q': 8, 'P': 1, 'X0': 8, 'Y0': 1, 'Z0': 1, 'C0': 1, 'R0': 1, 'S0': 1, 'X1': 8, 'Y1': 1, 'Z1': 1, 'C1': 1, 'R1': 1, 'S1': 1, 'X2': 8, 'Y2': 1, 'Z2': 1, 'C2': 1, 'R2': 1, 'S2': 1, 'X3': 8, 'Y3': 1, 'Z3': 1, 'C3': 1, 'R3': 1, 'S3': 1, 'X4': 8, 'Y4': 1, 'Z4': 1, 'C4': 1, 'R4': 1, 'S4': 1, 'X5': 8, 'Y5': 1, 'Z5': 1, 'C5': 1, 'R5': 1, 'S5': 1, 'X6': 8, 'Y6': 1, 'Z6': 1, 'C6': 1, 'R6': 1, 'S6': 1, 'Z7': 1, 'C7': 1, 'R7': 1, 'S7': 1}
  SACols: {'Q': 10, 'Z7': 1}
  SARows_0: {'S0': 5, 'C0': 3, 'Z0': 14}
  SARows_1: {'S1': 1, 'C1': 56, 'Z1': 4}
  SARows_2: {'S2': 3, 'C2': 12, 'Z2': 6}
  SARows_3: {'S3': 3, 'C3': 12, 'Z3': 6}
  SARows_4: {'S4': 3, 'C4': 12, 'Z4': 6}
  SARows_5: {'S5': 3, 'C5': 12, 'Z5': 6}
  SARows_6: {'S6': 1, 'C6': 12, 'Z6': 14}
  SARows_7: {'S7': 3, 'C7': 56, 'Z7': 1}
------ loading Accelergy for Eyeriss ------
[Constrained Eyeriss] 8 layers, tile_size=80
  DRAM: {'Q': 12, 'P': 540, 'X0': 12, 'Y0': 540, 'Z0': 1, 'C0': 1, 'R0': 1, 'S0': 1, 'X1': 12, 'Y1': 540, 'Z1': 1, 'C1': 1, 'R1': 1, 'S1': 1, 'X2': 12, 'Y2': 540, 'Z2': 1, 'C2': 1, 'R2': 1, 'S2': 1, 'X3': 12, 'Y3': 540, 'Z3': 1, 'C3': 1, 'R3': 1, 'S3': 1, 'X4': 12, 'Y4': 540, 'Z4': 1, 'C4': 1, 'R4': 1, 'S4': 1, 'X5': 12, 'Y5': 540, 'Z5': 1, 'C5': 1, 'R5': 1, 'S5': 1, 'X6': 12, 'Y6': 540, 'Z6': 1, 'C6': 1, 'R6': 1, 'S6': 1, 'Z7': 1, 'C7': 1, 'R7': 1, 'S7': 1}
  GlobalBuffer: {'Q': 5, 'P': 1, 'X0': 5, 'Y0': 1, 'Z0': 1, 'C0': 1, 'R0': 1, 'S0': 1, 'X1': 5, 'Y1': 1, 'Z1': 1, 'C1': 1, 'R1': 1, 'S1': 1, 'X2': 5, 'Y2': 1, 'Z2': 1, 'C2': 1, 'R2': 1, 'S2': 1, 'X3': 5, 'Y3': 1, 'Z3': 1, 'C3': 1, 'R3': 1, 'S3': 1, 'X4': 5, 'Y4': 1, 'Z4': 1, 'C4': 1, 'R4': 1, 'S4': 1, 'X5': 5, 'Y5': 1, 'Z5': 1, 'C5': 1, 'R5': 1, 'S5': 1, 'X6': 5, 'Y6': 1, 'Z6': 1, 'C6': 1, 'R6': 1, 'S6': 1, 'Z7': 1, 'C7': 1, 'R7': 1, 'S7': 1}
  SACols: {'Q': 16, 'Z7': 1}
  SARows_0: {'S0': 5, 'C0': 3, 'Z0': 14}
  SARows_1: {'S1': 1, 'C1': 56, 'Z1': 4}
  SARows_2: {'S2': 3, 'C2': 12, 'Z2': 6}
  SARows_3: {'S3': 3, 'C3': 12, 'Z3': 6}
  SARows_4: {'S4': 3, 'C4': 12, 'Z4': 6}
  SARows_5: {'S5': 3, 'C5': 12, 'Z5': 6}
  SARows_6: {'S6': 1, 'C6': 12, 'Z6': 14}
  SARows_7: {'S7': 3, 'C7': 56, 'Z7': 1}
------ loading Accelergy for Eyeriss ------
[Constrained Eyeriss] 8 layers, tile_size=80
  DRAM: {'Q': 12, 'P': 540, 'X0': 12, 'Y0': 540, 'Z0': 1, 'C0': 1, 'R0': 1, 'S0': 1, 'X1': 12, 'Y1': 540, 'Z1': 1, 'C1': 1, 'R1': 1, 'S1': 1, 'X2': 12, 'Y2': 540, 'Z2': 1, 'C2': 1, 'R2': 1, 'S2': 1, 'X3': 12, 'Y3': 540, 'Z3': 1, 'C3': 1, 'R3': 1, 'S3': 1, 'X4': 12, 'Y4': 540, 'Z4': 1, 'C4': 1, 'R4': 1, 'S4': 1, 'X5': 12, 'Y5': 540, 'Z5': 1, 'C5': 1, 'R5': 1, 'S5': 1, 'X6': 12, 'Y6': 540, 'Z6': 1, 'C6': 1, 'R6': 1, 'S6': 1, 'Z7': 1, 'C7': 1, 'R7': 1, 'S7': 1}
  GlobalBuffer: {'Q': 4, 'P': 1, 'X0': 4, 'Y0': 1, 'Z0': 1, 'C0': 1, 'R0': 1, 'S0': 1, 'X1': 4, 'Y1': 1, 'Z1': 1, 'C1': 1, 'R1': 1, 'S1': 1, 'X2': 4, 'Y2': 1, 'Z2': 1, 'C2': 1, 'R2': 1, 'S2': 1, 'X3': 4, 'Y3': 1, 'Z3': 1, 'C3': 1, 'R3': 1, 'S3': 1, 'X4': 4, 'Y4': 1, 'Z4': 1, 'C4': 1, 'R4': 1, 'S4': 1, 'X5': 4, 'Y5': 1, 'Z5': 1, 'C5': 1, 'R5': 1, 'S5': 1, 'X6': 4, 'Y6': 1, 'Z6': 1, 'C6': 1, 'R6': 1, 'S6': 1, 'Z7': 1, 'C7': 1, 'R7': 1, 'S7': 1}
  SACols: {'Q': 20, 'Z7': 1}
  SARows_0: {'S0': 5, 'C0': 3, 'Z0': 14}
  SARows_1: {'S1': 1, 'C1': 56, 'Z1': 4}
  SARows_2: {'S2': 3, 'C2': 12, 'Z2': 6}
  SARows_3: {'S3': 3, 'C3': 12, 'Z3': 6}
  SARows_4: {'S4': 3, 'C4': 12, 'Z4': 6}
  SARows_5: {'S5': 3, 'C5': 12, 'Z5': 6}
  SARows_6: {'S6': 1, 'C6': 12, 'Z6': 14}
  SARows_7: {'S7': 3, 'C7': 56, 'Z7': 1}
------ loading Accelergy for Eyeriss ------
[Constrained Eyeriss] 8 layers, tile_size=80
  DRAM: {'Q': 12, 'P': 540, 'X0': 12, 'Y0': 540, 'Z0': 1, 'C0': 1, 'R0': 1, 'S0': 1, 'X1': 12, 'Y1': 540, 'Z1': 1, 'C1': 1, 'R1': 1, 'S1': 1, 'X2': 12, 'Y2': 540, 'Z2': 1, 'C2': 1, 'R2': 1, 'S2': 1, 'X3': 12, 'Y3': 540, 'Z3': 1, 'C3': 1, 'R3': 1, 'S3': 1, 'X4': 12, 'Y4': 540, 'Z4': 1, 'C4': 1, 'R4': 1, 'S4': 1, 'X5': 12, 'Y5': 540, 'Z5': 1, 'C5': 1, 'R5': 1, 'S5': 1, 'X6': 12, 'Y6': 540, 'Z6': 1, 'C6': 1, 'R6': 1, 'S6': 1, 'Z7': 1, 'C7': 1, 'R7': 1, 'S7': 1}
  GlobalBuffer: {'Q': 2, 'P': 1, 'X0': 2, 'Y0': 1, 'Z0': 1, 'C0': 1, 'R0': 1, 'S0': 1, 'X1': 2, 'Y1': 1, 'Z1': 1, 'C1': 1, 'R1': 1, 'S1': 1, 'X2': 2, 'Y2': 1, 'Z2': 1, 'C2': 1, 'R2': 1, 'S2': 1, 'X3': 2, 'Y3': 1, 'Z3': 1, 'C3': 1, 'R3': 1, 'S3': 1, 'X4': 2, 'Y4': 1, 'Z4': 1, 'C4': 1, 'R4': 1, 'S4': 1, 'X5': 2, 'Y5': 1, 'Z5': 1, 'C5': 1, 'R5': 1, 'S5': 1, 'X6': 2, 'Y6': 1, 'Z6': 1, 'C6': 1, 'R6': 1, 'S6': 1, 'Z7': 1, 'C7': 1, 'R7': 1, 'S7': 1}
  SACols: {'Q': 40, 'Z7': 1}
  SARows_0: {'S0': 5, 'C0': 3, 'Z0': 14}
  SARows_1: {'S1': 1, 'C1': 56, 'Z1': 4}
  SARows_2: {'S2': 3, 'C2': 12, 'Z2': 6}
  SARows_3: {'S3': 3, 'C3': 12, 'Z3': 6}
  SARows_4: {'S4': 3, 'C4': 12, 'Z4': 6}
  SARows_5: {'S5': 3, 'C5': 12, 'Z5': 6}
  SARows_6: {'S6': 1, 'C6': 12, 'Z6': 14}
  SARows_7: {'S7': 3, 'C7': 56, 'Z7': 1}
------ loading Accelergy for Eyeriss ------
[Constrained Eyeriss] 8 layers, tile_size=80
  DRAM: {'Q': 12, 'P': 540, 'X0': 12, 'Y0': 540, 'Z0': 1, 'C0': 1, 'R0': 1, 'S0': 1, 'X1': 12, 'Y1': 540, 'Z1': 1, 'C1': 1, 'R1': 1, 'S1': 1, 'X2': 12, 'Y2': 540, 'Z2': 1, 'C2': 1, 'R2': 1, 'S2': 1, 'X3': 12, 'Y3': 540, 'Z3': 1, 'C3': 1, 'R3': 1, 'S3': 1, 'X4': 12, 'Y4': 540, 'Z4': 1, 'C4': 1, 'R4': 1, 'S4': 1, 'X5': 12, 'Y5': 540, 'Z5': 1, 'C5': 1, 'R5': 1, 'S5': 1, 'X6': 12, 'Y6': 540, 'Z6': 1, 'C6': 1, 'R6': 1, 'S6': 1, 'Z7': 1, 'C7': 1, 'R7': 1, 'S7': 1}
  GlobalBuffer: {'Q': 20, 'P': 1, 'X0': 20, 'Y0': 1, 'Z0': 1, 'C0': 1, 'R0': 1, 'S0': 1, 'X1': 20, 'Y1': 1, 'Z1': 1, 'C1': 1, 'R1': 1, 'S1': 1, 'X2': 20, 'Y2': 1, 'Z2': 1, 'C2': 1, 'R2': 1, 'S2': 1, 'X3': 20, 'Y3': 1, 'Z3': 1, 'C3': 1, 'R3': 1, 'S3': 1, 'X4': 20, 'Y4': 1, 'Z4': 1, 'C4': 1, 'R4': 1, 'S4': 1, 'X5': 20, 'Y5': 1, 'Z5': 1, 'C5': 1, 'R5': 1, 'S5': 1, 'X6': 20, 'Y6': 1, 'Z6': 1, 'C6': 1, 'R6': 1, 'S6': 1, 'Z7': 1, 'C7': 1, 'R7': 1, 'S7': 1}
  SACols: {'Q': 4, 'Z7': 1}
  SARows_0: {'S0': 5, 'C0': 3, 'Z0': 14}
  SARows_1: {'S1': 1, 'C1': 56, 'Z1': 4}
  SARows_2: {'S2': 3, 'C2': 12, 'Z2': 6}
  SARows_3: {'S3': 3, 'C3': 12, 'Z3': 6}
  SARows_4: {'S4': 3, 'C4': 12, 'Z4': 6}
  SARows_5: {'S5': 3, 'C5': 12, 'Z5': 6}
  SARows_6: {'S6': 1, 'C6': 12, 'Z6': 14}
  SARows_7: {'S7': 3, 'C7': 56, 'Z7': 1}
------ loading Accelergy for Eyeriss ------
[Constrained Eyeriss] 8 layers, tile_size=80
  DRAM: {'Q': 12, 'P': 540, 'X0': 12, 'Y0': 540, 'Z0': 1, 'C0': 1, 'R0': 1, 'S0': 1, 'X1': 12, 'Y1': 540, 'Z1': 1, 'C1': 1, 'R1': 1, 'S1': 1, 'X2': 12, 'Y2': 540, 'Z2': 1, 'C2': 1, 'R2': 1, 'S2': 1, 'X3': 12, 'Y3': 540, 'Z3': 1, 'C3': 1, 'R3': 1, 'S3': 1, 'X4': 12, 'Y4': 540, 'Z4': 1, 'C4': 1, 'R4': 1, 'S4': 1, 'X5': 12, 'Y5': 540, 'Z5': 1, 'C5': 1, 'R5': 1, 'S5': 1, 'X6': 12, 'Y6': 540, 'Z6': 1, 'C6': 1, 'R6': 1, 'S6': 1, 'Z7': 1, 'C7': 1, 'R7': 1, 'S7': 1}
  GlobalBuffer: {'Q': 10, 'P': 1, 'X0': 10, 'Y0': 1, 'Z0': 1, 'C0': 1, 'R0': 1, 'S0': 1, 'X1': 10, 'Y1': 1, 'Z1': 1, 'C1': 1, 'R1': 1, 'S1': 1, 'X2': 10, 'Y2': 1, 'Z2': 1, 'C2': 1, 'R2': 1, 'S2': 1, 'X3': 10, 'Y3': 1, 'Z3': 1, 'C3': 1, 'R3': 1, 'S3': 1, 'X4': 10, 'Y4': 1, 'Z4': 1, 'C4': 1, 'R4': 1, 'S4': 1, 'X5': 10, 'Y5': 1, 'Z5': 1, 'C5': 1, 'R5': 1, 'S5': 1, 'X6': 10, 'Y6': 1, 'Z6': 1, 'C6': 1, 'R6': 1, 'S6': 1, 'Z7': 1, 'C7': 1, 'R7': 1, 'S7': 1}
  SACols: {'Q': 8, 'Z7': 1}
  SARows_0: {'S0': 5, 'C0': 3, 'Z0': 14}
  SARows_1: {'S1': 1, 'C1': 56, 'Z1': 4}
  SARows_2: {'S2': 3, 'C2': 12, 'Z2': 6}
  SARows_3: {'S3': 3, 'C3': 12, 'Z3': 6}
  SARows_4: {'S4': 3, 'C4': 12, 'Z4': 6}
  SARows_5: {'S5': 3, 'C5': 12, 'Z5': 6}
  SARows_6: {'S6': 1, 'C6': 12, 'Z6': 14}
  SARows_7: {'S7': 3, 'C7': 56, 'Z7': 1}
------ loading Accelergy for Eyeriss ------
[Constrained Eyeriss] 8 layers, tile_size=80
  DRAM: {'Q': 12, 'P': 540, 'X0': 12, 'Y0': 540, 'Z0': 1, 'C0': 1, 'R0': 1, 'S0': 1, 'X1': 12, 'Y1': 540, 'Z1': 1, 'C1': 1, 'R1': 1, 'S1': 1, 'X2': 12, 'Y2': 540, 'Z2': 1, 'C2': 1, 'R2': 1, 'S2': 1, 'X3': 12, 'Y3': 540, 'Z3': 1, 'C3': 1, 'R3': 1, 'S3': 1, 'X4': 12, 'Y4': 540, 'Z4': 1, 'C4': 1, 'R4': 1, 'S4': 1, 'X5': 12, 'Y5': 540, 'Z5': 1, 'C5': 1, 'R5': 1, 'S5': 1, 'X6': 12, 'Y6': 540, 'Z6': 1, 'C6': 1, 'R6': 1, 'S6': 1, 'Z7': 1, 'C7': 1, 'R7': 1, 'S7': 1}
  GlobalBuffer: {'Q': 8, 'P': 1, 'X0': 8, 'Y0': 1, 'Z0': 1, 'C0': 1, 'R0': 1, 'S0': 1, 'X1': 8, 'Y1': 1, 'Z1': 1, 'C1': 1, 'R1': 1, 'S1': 1, 'X2': 8, 'Y2': 1, 'Z2': 1, 'C2': 1, 'R2': 1, 'S2': 1, 'X3': 8, 'Y3': 1, 'Z3': 1, 'C3': 1, 'R3': 1, 'S3': 1, 'X4': 8, 'Y4': 1, 'Z4': 1, 'C4': 1, 'R4': 1, 'S4': 1, 'X5': 8, 'Y5': 1, 'Z5': 1, 'C5': 1, 'R5': 1, 'S5': 1, 'X6': 8, 'Y6': 1, 'Z6': 1, 'C6': 1, 'R6': 1, 'S6': 1, 'Z7': 1, 'C7': 1, 'R7': 1, 'S7': 1}
  SACols: {'Q': 10, 'Z7': 1}
  SARows_0: {'S0': 5, 'C0': 3, 'Z0': 14}
  SARows_1: {'S1': 1, 'C1': 56, 'Z1': 4}
  SARows_2: {'S2': 3, 'C2': 12, 'Z2': 6}
  SARows_3: {'S3': 3, 'C3': 12, 'Z3': 6}
  SARows_4: {'S4': 3, 'C4': 12, 'Z4': 6}
  SARows_5: {'S5': 3, 'C5': 12, 'Z5': 6}
  SARows_6: {'S6': 1, 'C6': 12, 'Z6': 14}
  SARows_7: {'S7': 3, 'C7': 56, 'Z7': 1}
------ loading Accelergy for Eyeriss ------
[Constrained Eyeriss] 8 layers, tile_size=80
  DRAM: {'Q': 12, 'P': 540, 'X0': 12, 'Y0': 540, 'Z0': 1, 'C0': 1, 'R0': 1, 'S0': 1, 'X1': 12, 'Y1': 540, 'Z1': 1, 'C1': 1, 'R1': 1, 'S1': 1, 'X2': 12, 'Y2': 540, 'Z2': 1, 'C2': 1, 'R2': 1, 'S2': 1, 'X3': 12, 'Y3': 540, 'Z3': 1, 'C3': 1, 'R3': 1, 'S3': 1, 'X4': 12, 'Y4': 540, 'Z4': 1, 'C4': 1, 'R4': 1, 'S4': 1, 'X5': 12, 'Y5': 540, 'Z5': 1, 'C5': 1, 'R5': 1, 'S5': 1, 'X6': 12, 'Y6': 540, 'Z6': 1, 'C6': 1, 'R6': 1, 'S6': 1, 'Z7': 1, 'C7': 1, 'R7': 1, 'S7': 1}
  GlobalBuffer: {'Q': 5, 'P': 1, 'X0': 5, 'Y0': 1, 'Z0': 1, 'C0': 1, 'R0': 1, 'S0': 1, 'X1': 5, 'Y1': 1, 'Z1': 1, 'C1': 1, 'R1': 1, 'S1': 1, 'X2': 5, 'Y2': 1, 'Z2': 1, 'C2': 1, 'R2': 1, 'S2': 1, 'X3': 5, 'Y3': 1, 'Z3': 1, 'C3': 1, 'R3': 1, 'S3': 1, 'X4': 5, 'Y4': 1, 'Z4': 1, 'C4': 1, 'R4': 1, 'S4': 1, 'X5': 5, 'Y5': 1, 'Z5': 1, 'C5': 1, 'R5': 1, 'S5': 1, 'X6': 5, 'Y6': 1, 'Z6': 1, 'C6': 1, 'R6': 1, 'S6': 1, 'Z7': 1, 'C7': 1, 'R7': 1, 'S7': 1}
  SACols: {'Q': 16, 'Z7': 1}
  SARows_0: {'S0': 5, 'C0': 3, 'Z0': 14}
  SARows_1: {'S1': 1, 'C1': 56, 'Z1': 4}
  SARows_2: {'S2': 3, 'C2': 12, 'Z2': 6}
  SARows_3: {'S3': 3, 'C3': 12, 'Z3': 6}
  SARows_4: {'S4': 3, 'C4': 12, 'Z4': 6}
  SARows_5: {'S5': 3, 'C5': 12, 'Z5': 6}
  SARows_6: {'S6': 1, 'C6': 12, 'Z6': 14}
  SARows_7: {'S7': 3, 'C7': 56, 'Z7': 1}
------ loading Accelergy for Eyeriss ------
[Constrained Eyeriss] 8 layers, tile_size=80
  DRAM: {'Q': 12, 'P': 540, 'X0': 12, 'Y0': 540, 'Z0': 1, 'C0': 1, 'R0': 1, 'S0': 1, 'X1': 12, 'Y1': 540, 'Z1': 1, 'C1': 1, 'R1': 1, 'S1': 1, 'X2': 12, 'Y2': 540, 'Z2': 1, 'C2': 1, 'R2': 1, 'S2': 1, 'X3': 12, 'Y3': 540, 'Z3': 1, 'C3': 1, 'R3': 1, 'S3': 1, 'X4': 12, 'Y4': 540, 'Z4': 1, 'C4': 1, 'R4': 1, 'S4': 1, 'X5': 12, 'Y5': 540, 'Z5': 1, 'C5': 1, 'R5': 1, 'S5': 1, 'X6': 12, 'Y6': 540, 'Z6': 1, 'C6': 1, 'R6': 1, 'S6': 1, 'Z7': 1, 'C7': 1, 'R7': 1, 'S7': 1}
  GlobalBuffer: {'Q': 4, 'P': 1, 'X0': 4, 'Y0': 1, 'Z0': 1, 'C0': 1, 'R0': 1, 'S0': 1, 'X1': 4, 'Y1': 1, 'Z1': 1, 'C1': 1, 'R1': 1, 'S1': 1, 'X2': 4, 'Y2': 1, 'Z2': 1, 'C2': 1, 'R2': 1, 'S2': 1, 'X3': 4, 'Y3': 1, 'Z3': 1, 'C3': 1, 'R3': 1, 'S3': 1, 'X4': 4, 'Y4': 1, 'Z4': 1, 'C4': 1, 'R4': 1, 'S4': 1, 'X5': 4, 'Y5': 1, 'Z5': 1, 'C5': 1, 'R5': 1, 'S5': 1, 'X6': 4, 'Y6': 1, 'Z6': 1, 'C6': 1, 'R6': 1, 'S6': 1, 'Z7': 1, 'C7': 1, 'R7': 1, 'S7': 1}
  SACols: {'Q': 20, 'Z7': 1}
  SARows_0: {'S0': 5, 'C0': 3, 'Z0': 14}
  SARows_1: {'S1': 1, 'C1': 56, 'Z1': 4}
  SARows_2: {'S2': 3, 'C2': 12, 'Z2': 6}
  SARows_3: {'S3': 3, 'C3': 12, 'Z3': 6}
  SARows_4: {'S4': 3, 'C4': 12, 'Z4': 6}
  SARows_5: {'S5': 3, 'C5': 12, 'Z5': 6}
  SARows_6: {'S6': 1, 'C6': 12, 'Z6': 14}
  SARows_7: {'S7': 3, 'C7': 56, 'Z7': 1}
------ loading Accelergy for Eyeriss ------
[Constrained Eyeriss] 8 layers, tile_size=80
  DRAM: {'Q': 12, 'P': 540, 'X0': 12, 'Y0': 540, 'Z0': 1, 'C0': 1, 'R0': 1, 'S0': 1, 'X1': 12, 'Y1': 540, 'Z1': 1, 'C1': 1, 'R1': 1, 'S1': 1, 'X2': 12, 'Y2': 540, 'Z2': 1, 'C2': 1, 'R2': 1, 'S2': 1, 'X3': 12, 'Y3': 540, 'Z3': 1, 'C3': 1, 'R3': 1, 'S3': 1, 'X4': 12, 'Y4': 540, 'Z4': 1, 'C4': 1, 'R4': 1, 'S4': 1, 'X5': 12, 'Y5': 540, 'Z5': 1, 'C5': 1, 'R5': 1, 'S5': 1, 'X6': 12, 'Y6': 540, 'Z6': 1, 'C6': 1, 'R6': 1, 'S6': 1, 'Z7': 1, 'C7': 1, 'R7': 1, 'S7': 1}
  GlobalBuffer: {'Q': 20, 'P': 1, 'X0': 20, 'Y0': 1, 'Z0': 1, 'C0': 1, 'R0': 1, 'S0': 1, 'X1': 20, 'Y1': 1, 'Z1': 1, 'C1': 1, 'R1': 1, 'S1': 1, 'X2': 20, 'Y2': 1, 'Z2': 1, 'C2': 1, 'R2': 1, 'S2': 1, 'X3': 20, 'Y3': 1, 'Z3': 1, 'C3': 1, 'R3': 1, 'S3': 1, 'X4': 20, 'Y4': 1, 'Z4': 1, 'C4': 1, 'R4': 1, 'S4': 1, 'X5': 20, 'Y5': 1, 'Z5': 1, 'C5': 1, 'R5': 1, 'S5': 1, 'X6': 20, 'Y6': 1, 'Z6': 1, 'C6': 1, 'R6': 1, 'S6': 1, 'Z7': 1, 'C7': 1, 'R7': 1, 'S7': 1}
  SACols: {'Q': 4, 'Z7': 1}
  SARows_0: {'S0': 5, 'C0': 3, 'Z0': 28}
  SARows_1: {'S1': 1, 'C1': 56, 'Z1': 6}
  SARows_2: {'S2': 3, 'C2': 12, 'Z2': 12}
  SARows_3: {'S3': 3, 'C3': 12, 'Z3': 12}
  SARows_4: {'S4': 3, 'C4': 12, 'Z4': 12}
  SARows_5: {'S5': 3, 'C5': 12, 'Z5': 12}
  SARows_6: {'S6': 1, 'C6': 12, 'Z6': 28}
  SARows_7: {'S7': 3, 'C7': 56, 'Z7': 2}
------ loading Accelergy for Eyeriss ------
[Constrained Eyeriss] 8 layers, tile_size=80
  DRAM: {'Q': 12, 'P': 540, 'X0': 12, 'Y0': 540, 'Z0': 1, 'C0': 1, 'R0': 1, 'S0': 1, 'X1': 12, 'Y1': 540, 'Z1': 1, 'C1': 1, 'R1': 1, 'S1': 1, 'X2': 12, 'Y2': 540, 'Z2': 1, 'C2': 1, 'R2': 1, 'S2': 1, 'X3': 12, 'Y3': 540, 'Z3': 1, 'C3': 1, 'R3': 1, 'S3': 1, 'X4': 12, 'Y4': 540, 'Z4': 1, 'C4': 1, 'R4': 1, 'S4': 1, 'X5': 12, 'Y5': 540, 'Z5': 1, 'C5': 1, 'R5': 1, 'S5': 1, 'X6': 12, 'Y6': 540, 'Z6': 1, 'C6': 1, 'R6': 1, 'S6': 1, 'Z7': 1, 'C7': 1, 'R7': 1, 'S7': 1}
  GlobalBuffer: {'Q': 10, 'P': 1, 'X0': 10, 'Y0': 1, 'Z0': 1, 'C0': 1, 'R0': 1, 'S0': 1, 'X1': 10, 'Y1': 1, 'Z1': 1, 'C1': 1, 'R1': 1, 'S1': 1, 'X2': 10, 'Y2': 1, 'Z2': 1, 'C2': 1, 'R2': 1, 'S2': 1, 'X3': 10, 'Y3': 1, 'Z3': 1, 'C3': 1, 'R3': 1, 'S3': 1, 'X4': 10, 'Y4': 1, 'Z4': 1, 'C4': 1, 'R4': 1, 'S4': 1, 'X5': 10, 'Y5': 1, 'Z5': 1, 'C5': 1, 'R5': 1, 'S5': 1, 'X6': 10, 'Y6': 1, 'Z6': 1, 'C6': 1, 'R6': 1, 'S6': 1, 'Z7': 1, 'C7': 1, 'R7': 1, 'S7': 1}
  SACols: {'Q': 8, 'Z7': 1}
  SARows_0: {'S0': 5, 'C0': 3, 'Z0': 28}
  SARows_1: {'S1': 1, 'C1': 56, 'Z1': 6}
  SARows_2: {'S2': 3, 'C2': 12, 'Z2': 12}
  SARows_3: {'S3': 3, 'C3': 12, 'Z3': 12}
  SARows_4: {'S4': 3, 'C4': 12, 'Z4': 12}
  SARows_5: {'S5': 3, 'C5': 12, 'Z5': 12}
  SARows_6: {'S6': 1, 'C6': 12, 'Z6': 28}
  SARows_7: {'S7': 3, 'C7': 56, 'Z7': 2}
------ loading Accelergy for Eyeriss ------
[Constrained Eyeriss] 8 layers, tile_size=80
  DRAM: {'Q': 12, 'P': 540, 'X0': 12, 'Y0': 540, 'Z0': 1, 'C0': 1, 'R0': 1, 'S0': 1, 'X1': 12, 'Y1': 540, 'Z1': 1, 'C1': 1, 'R1': 1, 'S1': 1, 'X2': 12, 'Y2': 540, 'Z2': 1, 'C2': 1, 'R2': 1, 'S2': 1, 'X3': 12, 'Y3': 540, 'Z3': 1, 'C3': 1, 'R3': 1, 'S3': 1, 'X4': 12, 'Y4': 540, 'Z4': 1, 'C4': 1, 'R4': 1, 'S4': 1, 'X5': 12, 'Y5': 540, 'Z5': 1, 'C5': 1, 'R5': 1, 'S5': 1, 'X6': 12, 'Y6': 540, 'Z6': 1, 'C6': 1, 'R6': 1, 'S6': 1, 'Z7': 1, 'C7': 1, 'R7': 1, 'S7': 1}
  GlobalBuffer: {'Q': 8, 'P': 1, 'X0': 8, 'Y0': 1, 'Z0': 1, 'C0': 1, 'R0': 1, 'S0': 1, 'X1': 8, 'Y1': 1, 'Z1': 1, 'C1': 1, 'R1': 1, 'S1': 1, 'X2': 8, 'Y2': 1, 'Z2': 1, 'C2': 1, 'R2': 1, 'S2': 1, 'X3': 8, 'Y3': 1, 'Z3': 1, 'C3': 1, 'R3': 1, 'S3': 1, 'X4': 8, 'Y4': 1, 'Z4': 1, 'C4': 1, 'R4': 1, 'S4': 1, 'X5': 8, 'Y5': 1, 'Z5': 1, 'C5': 1, 'R5': 1, 'S5': 1, 'X6': 8, 'Y6': 1, 'Z6': 1, 'C6': 1, 'R6': 1, 'S6': 1, 'Z7': 1, 'C7': 1, 'R7': 1, 'S7': 1}
  SACols: {'Q': 10, 'Z7': 1}
  SARows_0: {'S0': 5, 'C0': 3, 'Z0': 28}
  SARows_1: {'S1': 1, 'C1': 56, 'Z1': 6}
  SARows_2: {'S2': 3, 'C2': 12, 'Z2': 12}
  SARows_3: {'S3': 3, 'C3': 12, 'Z3': 12}
  SARows_4: {'S4': 3, 'C4': 12, 'Z4': 12}
  SARows_5: {'S5': 3, 'C5': 12, 'Z5': 12}
  SARows_6: {'S6': 1, 'C6': 12, 'Z6': 28}
  SARows_7: {'S7': 3, 'C7': 56, 'Z7': 2}
------ loading Accelergy for Eyeriss ------
[Constrained Eyeriss] 8 layers, tile_size=80
  DRAM: {'Q': 12, 'P': 540, 'X0': 12, 'Y0': 540, 'Z0': 1, 'C0': 1, 'R0': 1, 'S0': 1, 'X1': 12, 'Y1': 540, 'Z1': 1, 'C1': 1, 'R1': 1, 'S1': 1, 'X2': 12, 'Y2': 540, 'Z2': 1, 'C2': 1, 'R2': 1, 'S2': 1, 'X3': 12, 'Y3': 540, 'Z3': 1, 'C3': 1, 'R3': 1, 'S3': 1, 'X4': 12, 'Y4': 540, 'Z4': 1, 'C4': 1, 'R4': 1, 'S4': 1, 'X5': 12, 'Y5': 540, 'Z5': 1, 'C5': 1, 'R5': 1, 'S5': 1, 'X6': 12, 'Y6': 540, 'Z6': 1, 'C6': 1, 'R6': 1, 'S6': 1, 'Z7': 1, 'C7': 1, 'R7': 1, 'S7': 1}
  GlobalBuffer: {'Q': 5, 'P': 1, 'X0': 5, 'Y0': 1, 'Z0': 1, 'C0': 1, 'R0': 1, 'S0': 1, 'X1': 5, 'Y1': 1, 'Z1': 1, 'C1': 1, 'R1': 1, 'S1': 1, 'X2': 5, 'Y2': 1, 'Z2': 1, 'C2': 1, 'R2': 1, 'S2': 1, 'X3': 5, 'Y3': 1, 'Z3': 1, 'C3': 1, 'R3': 1, 'S3': 1, 'X4': 5, 'Y4': 1, 'Z4': 1, 'C4': 1, 'R4': 1, 'S4': 1, 'X5': 5, 'Y5': 1, 'Z5': 1, 'C5': 1, 'R5': 1, 'S5': 1, 'X6': 5, 'Y6': 1, 'Z6': 1, 'C6': 1, 'R6': 1, 'S6': 1, 'Z7': 1, 'C7': 1, 'R7': 1, 'S7': 1}
  SACols: {'Q': 16, 'Z7': 1}
  SARows_0: {'S0': 5, 'C0': 3, 'Z0': 28}
  SARows_1: {'S1': 1, 'C1': 56, 'Z1': 6}
  SARows_2: {'S2': 3, 'C2': 12, 'Z2': 12}
  SARows_3: {'S3': 3, 'C3': 12, 'Z3': 12}
  SARows_4: {'S4': 3, 'C4': 12, 'Z4': 12}
  SARows_5: {'S5': 3, 'C5': 12, 'Z5': 12}
  SARows_6: {'S6': 1, 'C6': 12, 'Z6': 28}
  SARows_7: {'S7': 3, 'C7': 56, 'Z7': 2}
------ loading Accelergy for Eyeriss ------
[Constrained Eyeriss] 8 layers, tile_size=80
  DRAM: {'Q': 12, 'P': 540, 'X0': 12, 'Y0': 540, 'Z0': 1, 'C0': 1, 'R0': 1, 'S0': 1, 'X1': 12, 'Y1': 540, 'Z1': 1, 'C1': 1, 'R1': 1, 'S1': 1, 'X2': 12, 'Y2': 540, 'Z2': 1, 'C2': 1, 'R2': 1, 'S2': 1, 'X3': 12, 'Y3': 540, 'Z3': 1, 'C3': 1, 'R3': 1, 'S3': 1, 'X4': 12, 'Y4': 540, 'Z4': 1, 'C4': 1, 'R4': 1, 'S4': 1, 'X5': 12, 'Y5': 540, 'Z5': 1, 'C5': 1, 'R5': 1, 'S5': 1, 'X6': 12, 'Y6': 540, 'Z6': 1, 'C6': 1, 'R6': 1, 'S6': 1, 'Z7': 1, 'C7': 1, 'R7': 1, 'S7': 1}
  GlobalBuffer: {'Q': 4, 'P': 1, 'X0': 4, 'Y0': 1, 'Z0': 1, 'C0': 1, 'R0': 1, 'S0': 1, 'X1': 4, 'Y1': 1, 'Z1': 1, 'C1': 1, 'R1': 1, 'S1': 1, 'X2': 4, 'Y2': 1, 'Z2': 1, 'C2': 1, 'R2': 1, 'S2': 1, 'X3': 4, 'Y3': 1, 'Z3': 1, 'C3': 1, 'R3': 1, 'S3': 1, 'X4': 4, 'Y4': 1, 'Z4': 1, 'C4': 1, 'R4': 1, 'S4': 1, 'X5': 4, 'Y5': 1, 'Z5': 1, 'C5': 1, 'R5': 1, 'S5': 1, 'X6': 4, 'Y6': 1, 'Z6': 1, 'C6': 1, 'R6': 1, 'S6': 1, 'Z7': 1, 'C7': 1, 'R7': 1, 'S7': 1}
  SACols: {'Q': 20, 'Z7': 1}
  SARows_0: {'S0': 5, 'C0': 3, 'Z0': 28}
  SARows_1: {'S1': 1, 'C1': 56, 'Z1': 6}
  SARows_2: {'S2': 3, 'C2': 12, 'Z2': 12}
  SARows_3: {'S3': 3, 'C3': 12, 'Z3': 12}
  SARows_4: {'S4': 3, 'C4': 12, 'Z4': 12}
  SARows_5: {'S5': 3, 'C5': 12, 'Z5': 12}
  SARows_6: {'S6': 1, 'C6': 12, 'Z6': 28}
  SARows_7: {'S7': 3, 'C7': 56, 'Z7': 2}
  ✓ Min PEs config: 80×4 = 320 PEs (SACols Z: No)
    Energy: 1.412e+05 μJ, Latency: 4.769e+07 cc
  ✓ Min Latency config: 128×12 = 1536 PEs (SACols Z: No)
    Energy: 1.416e+05 μJ, Latency: 1.889e+07 cc

========================================================================================================================
CASE STUDY 1 SUMMARY (A): WRegister Size vs MINIMUM PEs Configuration
(Finds config with fewest total PEs, regardless of latency)
========================================================================================================================
      WReg    PE Rows    PE Cols    Total PEs   SACols Z     Energy(μJ)    Latency(cc)            EDP
------------------------------------------------------------------------------------------------------------------------
       200        128          4          512         No      1.203e+05      2.760e+07       3.33e+06
       300        128          4          512         No      1.310e+05      2.760e+07       3.62e+06
       400         80          4          320         No      1.412e+05      4.769e+07       6.75e+06

========================================================================================================================
CASE STUDY 1 SUMMARY (B): WRegister Size vs MINIMUM LATENCY Configuration
(Finds config with best latency, then minimum PEs among equal-latency configs)
========================================================================================================================
      WReg    PE Rows    PE Cols    Total PEs   SACols Z     Energy(μJ)    Latency(cc)            EDP
------------------------------------------------------------------------------------------------------------------------
       200        128         12         1536         No      1.203e+05      1.889e+07       2.28e+06
       300        128         12         1536         No      1.310e+05      1.889e+07       2.48e+06
       400        128         12         1536         No      1.416e+05      1.889e+07       2.68e+06

========================================================================================================================
CASE STUDY 1 SUMMARY (C): ALL Feasible Configurations per WReg Size
(Every PE config that produced a valid mapping, sorted by total PEs)
========================================================================================================================

  WReg=200: 26 feasible config(s)
     PE Config    Total PEs   SACols Z     Energy(μJ)    Latency(cc)            EDP
  --------------------------------------------------------------------------------
  128×    4          512         No      1.203e+05      2.760e+07       3.33e+06
  128×    8        1,024         No      1.203e+05      1.915e+07       2.31e+06
  256×    4        1,024         No      1.212e+05      1.944e+07       2.37e+06
  320×    4        1,280         No      1.212e+05      1.944e+07       2.37e+06
  128×   12        1,536         No      1.203e+05      1.889e+07       2.28e+06
  128×   16        2,048         No      1.203e+05      1.889e+07       2.28e+06
  256×    8        2,048         No      1.212e+05      1.889e+07       2.30e+06
  512×    4        2,048         No      1.229e+05      1.889e+07       2.34e+06
  320×    8        2,560         No      1.212e+05      1.889e+07       2.30e+06
  256×   12        3,072         No      1.212e+05      1.889e+07       2.30e+06
  320×   12        3,840         No      1.212e+05      1.889e+07       2.30e+06
  128×   32        4,096         No      1.203e+05      1.889e+07       2.28e+06
  256×   16        4,096         No      1.212e+05      1.889e+07       2.30e+06
  512×    8        4,096         No      1.229e+05      1.889e+07       2.34e+06
  320×   16        5,120         No      1.212e+05      1.889e+07       2.30e+06
  512×   12        6,144         No      1.229e+05      1.889e+07       2.34e+06
  128×   64        8,192         No      1.203e+05      1.889e+07       2.28e+06
  256×   32        8,192         No      1.212e+05      1.889e+07       2.30e+06
  512×   16        8,192         No      1.229e+05      1.889e+07       2.34e+06
  128×   80       10,240         No      1.203e+05      1.889e+07       2.28e+06
  320×   32       10,240         No      1.212e+05      1.889e+07       2.30e+06
  32×  512       16,384        Yes      1.140e+05      1.889e+07       2.17e+06
  64×  256       16,384        Yes      1.203e+05      1.889e+07       2.28e+06
  128×  128       16,384         No      1.203e+05      1.889e+07       2.28e+06
  256×   64       16,384         No      1.212e+05      1.889e+07       2.30e+06
  512×   32       16,384         No      1.229e+05      1.889e+07       2.34e+06

  WReg=300: 27 feasible config(s)
     PE Config    Total PEs   SACols Z     Energy(μJ)    Latency(cc)            EDP
  --------------------------------------------------------------------------------
  128×    4          512         No      1.310e+05      2.760e+07       3.62e+06
  128×    8        1,024         No      1.310e+05      1.915e+07       2.51e+06
  256×    4        1,024         No      1.318e+05      1.944e+07       2.57e+06
  320×    4        1,280         No      1.318e+05      1.944e+07       2.57e+06
  128×   12        1,536         No      1.310e+05      1.889e+07       2.48e+06
  128×   16        2,048         No      1.310e+05      1.889e+07       2.48e+06
  256×    8        2,048         No      1.318e+05      1.889e+07       2.50e+06
  512×    4        2,048         No      1.335e+05      1.889e+07       2.54e+06
  320×    8        2,560         No      1.318e+05      1.889e+07       2.50e+06
  256×   12        3,072         No      1.318e+05      1.889e+07       2.50e+06
  320×   12        3,840         No      1.318e+05      1.889e+07       2.50e+06
  128×   32        4,096         No      1.310e+05      1.889e+07       2.48e+06
  256×   16        4,096         No      1.318e+05      1.889e+07       2.50e+06
  512×    8        4,096         No      1.335e+05      1.889e+07       2.54e+06
  320×   16        5,120         No      1.318e+05      1.889e+07       2.50e+06
  512×   12        6,144         No      1.335e+05      1.889e+07       2.54e+06
  128×   64        8,192         No      1.310e+05      1.889e+07       2.48e+06
  256×   32        8,192         No      1.318e+05      1.889e+07       2.50e+06
  512×   16        8,192         No      1.335e+05      1.889e+07       2.54e+06
  32×  320       10,240        Yes      1.243e+05      1.889e+07       2.36e+06
  128×   80       10,240         No      1.310e+05      1.889e+07       2.48e+06
  320×   32       10,240         No      1.318e+05      1.889e+07       2.50e+06
  32×  512       16,384        Yes      1.247e+05      1.889e+07       2.37e+06
  64×  256       16,384        Yes      1.310e+05      1.889e+07       2.48e+06
  128×  128       16,384         No      1.310e+05      1.889e+07       2.48e+06
  256×   64       16,384         No      1.318e+05      1.889e+07       2.50e+06
  512×   32       16,384         No      1.335e+05      1.889e+07       2.54e+06

  WReg=400: 36 feasible config(s)
     PE Config    Total PEs   SACols Z     Energy(μJ)    Latency(cc)            EDP
  --------------------------------------------------------------------------------
  80×    4          320         No      1.412e+05      4.769e+07       6.75e+06
  128×    4          512         No      1.416e+05      2.760e+07       3.92e+06
  80×    8          640         No      1.412e+05      2.760e+07       3.91e+06
  80×   12          960         No      1.412e+05      2.421e+07       3.42e+06
  128×    8        1,024         No      1.416e+05      1.915e+07       2.72e+06
  256×    4        1,024         No      1.425e+05      1.944e+07       2.78e+06
  80×   16        1,280         No      1.412e+05      1.915e+07       2.71e+06
  320×    4        1,280         No      1.425e+05      1.944e+07       2.78e+06
  128×   12        1,536         No      1.416e+05      1.889e+07       2.68e+06
  128×   16        2,048         No      1.416e+05      1.889e+07       2.68e+06
  256×    8        2,048         No      1.425e+05      1.889e+07       2.70e+06
  512×    4        2,048         No      1.442e+05      1.889e+07       2.75e+06
  80×   32        2,560         No      1.412e+05      1.889e+07       2.67e+06
  320×    8        2,560         No      1.425e+05      1.889e+07       2.70e+06
  256×   12        3,072         No      1.425e+05      1.889e+07       2.70e+06
  320×   12        3,840         No      1.425e+05      1.889e+07       2.70e+06
  128×   32        4,096         No      1.416e+05      1.889e+07       2.68e+06
  256×   16        4,096         No      1.425e+05      1.889e+07       2.70e+06
  512×    8        4,096         No      1.442e+05      1.889e+07       2.75e+06
  80×   64        5,120         No      1.412e+05      1.889e+07       2.67e+06
  320×   16        5,120         No      1.425e+05      1.889e+07       2.70e+06
  512×   12        6,144         No      1.442e+05      1.889e+07       2.75e+06
  80×   80        6,400         No      1.412e+05      1.889e+07       2.67e+06
  32×  256        8,192        Yes      1.345e+05      1.889e+07       2.55e+06
  128×   64        8,192         No      1.416e+05      1.889e+07       2.68e+06
  256×   32        8,192         No      1.425e+05      1.889e+07       2.70e+06
  512×   16        8,192         No      1.442e+05      1.889e+07       2.75e+06
  32×  320       10,240        Yes      1.349e+05      1.889e+07       2.56e+06
  80×  128       10,240         No      1.412e+05      1.889e+07       2.67e+06
  128×   80       10,240         No      1.416e+05      1.889e+07       2.68e+06
  320×   32       10,240         No      1.425e+05      1.889e+07       2.70e+06
  32×  512       16,384        Yes      1.353e+05      1.889e+07       2.57e+06
  64×  256       16,384        Yes      1.416e+05      1.889e+07       2.68e+06
  128×  128       16,384         No      1.416e+05      1.889e+07       2.68e+06
  256×   64       16,384         No      1.425e+05      1.889e+07       2.70e+06
  512×   32       16,384         No      1.442e+05      1.889e+07       2.75e+06
Results exported to: results/results_20260214_110105.csv

================================================================================
EXPERIMENT SUMMARY
================================================================================

Total experiments: 288
Successful: 89
Failed: 199

────────────────────────────────────────────────────────────────────────────────
Results by workload:
────────────────────────────────────────────────────────────────────────────────

FSRCNN:
  full/8layer, fmem_size: 1056kB, wmem_size: 524kB, pe_rows: 32, pe_cols: 512 -> E=1.14e+05μJ, L=1.89e+07cc, EDP=2.17e+06
  full/8layer, fmem_size: 1056kB, wmem_size: 524kB, pe_rows: 64, pe_cols: 256 -> E=1.20e+05μJ, L=1.89e+07cc, EDP=2.28e+06
  full/8layer, fmem_size: 1056kB, wmem_size: 524kB, pe_rows: 128, pe_cols: 4 -> E=1.20e+05μJ, L=2.76e+07cc, EDP=3.33e+06
  full/8layer, fmem_size: 1056kB, wmem_size: 524kB, pe_rows: 128, pe_cols: 8 -> E=1.20e+05μJ, L=1.91e+07cc, EDP=2.31e+06
  full/8layer, fmem_size: 1056kB, wmem_size: 524kB, pe_rows: 128, pe_cols: 12 -> E=1.20e+05μJ, L=1.89e+07cc, EDP=2.28e+06
  full/8layer, fmem_size: 1056kB, wmem_size: 524kB, pe_rows: 128, pe_cols: 16 -> E=1.20e+05μJ, L=1.89e+07cc, EDP=2.28e+06
  full/8layer, fmem_size: 1056kB, wmem_size: 524kB, pe_rows: 128, pe_cols: 32 -> E=1.20e+05μJ, L=1.89e+07cc, EDP=2.28e+06
  full/8layer, fmem_size: 1056kB, wmem_size: 524kB, pe_rows: 128, pe_cols: 64 -> E=1.20e+05μJ, L=1.89e+07cc, EDP=2.28e+06
  full/8layer, fmem_size: 1056kB, wmem_size: 524kB, pe_rows: 128, pe_cols: 80 -> E=1.20e+05μJ, L=1.89e+07cc, EDP=2.28e+06
  full/8layer, fmem_size: 1056kB, wmem_size: 524kB, pe_rows: 128, pe_cols: 128 -> E=1.20e+05μJ, L=1.89e+07cc, EDP=2.28e+06
  full/8layer, fmem_size: 1056kB, wmem_size: 524kB, pe_rows: 256, pe_cols: 4 -> E=1.21e+05μJ, L=1.94e+07cc, EDP=2.37e+06
  full/8layer, fmem_size: 1056kB, wmem_size: 524kB, pe_rows: 256, pe_cols: 8 -> E=1.21e+05μJ, L=1.89e+07cc, EDP=2.30e+06
  full/8layer, fmem_size: 1056kB, wmem_size: 524kB, pe_rows: 256, pe_cols: 12 -> E=1.21e+05μJ, L=1.89e+07cc, EDP=2.30e+06
  full/8layer, fmem_size: 1056kB, wmem_size: 524kB, pe_rows: 256, pe_cols: 16 -> E=1.21e+05μJ, L=1.89e+07cc, EDP=2.30e+06
  full/8layer, fmem_size: 1056kB, wmem_size: 524kB, pe_rows: 256, pe_cols: 32 -> E=1.21e+05μJ, L=1.89e+07cc, EDP=2.30e+06
  full/8layer, fmem_size: 1056kB, wmem_size: 524kB, pe_rows: 256, pe_cols: 64 -> E=1.21e+05μJ, L=1.89e+07cc, EDP=2.30e+06
  full/8layer, fmem_size: 1056kB, wmem_size: 524kB, pe_rows: 320, pe_cols: 4 -> E=1.21e+05μJ, L=1.94e+07cc, EDP=2.37e+06
  full/8layer, fmem_size: 1056kB, wmem_size: 524kB, pe_rows: 320, pe_cols: 8 -> E=1.21e+05μJ, L=1.89e+07cc, EDP=2.30e+06
  full/8layer, fmem_size: 1056kB, wmem_size: 524kB, pe_rows: 320, pe_cols: 12 -> E=1.21e+05μJ, L=1.89e+07cc, EDP=2.30e+06
  full/8layer, fmem_size: 1056kB, wmem_size: 524kB, pe_rows: 320, pe_cols: 16 -> E=1.21e+05μJ, L=1.89e+07cc, EDP=2.30e+06
  full/8layer, fmem_size: 1056kB, wmem_size: 524kB, pe_rows: 320, pe_cols: 32 -> E=1.21e+05μJ, L=1.89e+07cc, EDP=2.30e+06
  full/8layer, fmem_size: 1056kB, wmem_size: 524kB, pe_rows: 512, pe_cols: 4 -> E=1.23e+05μJ, L=1.89e+07cc, EDP=2.34e+06
  full/8layer, fmem_size: 1056kB, wmem_size: 524kB, pe_rows: 512, pe_cols: 8 -> E=1.23e+05μJ, L=1.89e+07cc, EDP=2.34e+06
  full/8layer, fmem_size: 1056kB, wmem_size: 524kB, pe_rows: 512, pe_cols: 12 -> E=1.23e+05μJ, L=1.89e+07cc, EDP=2.34e+06
  full/8layer, fmem_size: 1056kB, wmem_size: 524kB, pe_rows: 512, pe_cols: 16 -> E=1.23e+05μJ, L=1.89e+07cc, EDP=2.34e+06
  full/8layer, fmem_size: 1056kB, wmem_size: 524kB, pe_rows: 512, pe_cols: 32 -> E=1.23e+05μJ, L=1.89e+07cc, EDP=2.34e+06
  full/8layer, fmem_size: 1056kB, wmem_size: 524kB, pe_rows: 32, pe_cols: 320 -> E=1.24e+05μJ, L=1.89e+07cc, EDP=2.36e+06
  full/8layer, fmem_size: 1056kB, wmem_size: 524kB, pe_rows: 32, pe_cols: 512 -> E=1.25e+05μJ, L=1.89e+07cc, EDP=2.37e+06
  full/8layer, fmem_size: 1056kB, wmem_size: 524kB, pe_rows: 64, pe_cols: 256 -> E=1.31e+05μJ, L=1.89e+07cc, EDP=2.48e+06
  full/8layer, fmem_size: 1056kB, wmem_size: 524kB, pe_rows: 128, pe_cols: 4 -> E=1.31e+05μJ, L=2.76e+07cc, EDP=3.62e+06
  full/8layer, fmem_size: 1056kB, wmem_size: 524kB, pe_rows: 128, pe_cols: 8 -> E=1.31e+05μJ, L=1.91e+07cc, EDP=2.51e+06
  full/8layer, fmem_size: 1056kB, wmem_size: 524kB, pe_rows: 128, pe_cols: 12 -> E=1.31e+05μJ, L=1.89e+07cc, EDP=2.48e+06
  full/8layer, fmem_size: 1056kB, wmem_size: 524kB, pe_rows: 128, pe_cols: 16 -> E=1.31e+05μJ, L=1.89e+07cc, EDP=2.48e+06
  full/8layer, fmem_size: 1056kB, wmem_size: 524kB, pe_rows: 128, pe_cols: 32 -> E=1.31e+05μJ, L=1.89e+07cc, EDP=2.48e+06
  full/8layer, fmem_size: 1056kB, wmem_size: 524kB, pe_rows: 128, pe_cols: 64 -> E=1.31e+05μJ, L=1.89e+07cc, EDP=2.48e+06
  full/8layer, fmem_size: 1056kB, wmem_size: 524kB, pe_rows: 128, pe_cols: 80 -> E=1.31e+05μJ, L=1.89e+07cc, EDP=2.48e+06
  full/8layer, fmem_size: 1056kB, wmem_size: 524kB, pe_rows: 128, pe_cols: 128 -> E=1.31e+05μJ, L=1.89e+07cc, EDP=2.48e+06
  full/8layer, fmem_size: 1056kB, wmem_size: 524kB, pe_rows: 256, pe_cols: 4 -> E=1.32e+05μJ, L=1.94e+07cc, EDP=2.57e+06
  full/8layer, fmem_size: 1056kB, wmem_size: 524kB, pe_rows: 256, pe_cols: 8 -> E=1.32e+05μJ, L=1.89e+07cc, EDP=2.50e+06
  full/8layer, fmem_size: 1056kB, wmem_size: 524kB, pe_rows: 256, pe_cols: 12 -> E=1.32e+05μJ, L=1.89e+07cc, EDP=2.50e+06
  full/8layer, fmem_size: 1056kB, wmem_size: 524kB, pe_rows: 256, pe_cols: 16 -> E=1.32e+05μJ, L=1.89e+07cc, EDP=2.50e+06
  full/8layer, fmem_size: 1056kB, wmem_size: 524kB, pe_rows: 256, pe_cols: 32 -> E=1.32e+05μJ, L=1.89e+07cc, EDP=2.50e+06
  full/8layer, fmem_size: 1056kB, wmem_size: 524kB, pe_rows: 256, pe_cols: 64 -> E=1.32e+05μJ, L=1.89e+07cc, EDP=2.50e+06
  full/8layer, fmem_size: 1056kB, wmem_size: 524kB, pe_rows: 320, pe_cols: 4 -> E=1.32e+05μJ, L=1.94e+07cc, EDP=2.57e+06
  full/8layer, fmem_size: 1056kB, wmem_size: 524kB, pe_rows: 320, pe_cols: 8 -> E=1.32e+05μJ, L=1.89e+07cc, EDP=2.50e+06
  full/8layer, fmem_size: 1056kB, wmem_size: 524kB, pe_rows: 320, pe_cols: 12 -> E=1.32e+05μJ, L=1.89e+07cc, EDP=2.50e+06
  full/8layer, fmem_size: 1056kB, wmem_size: 524kB, pe_rows: 320, pe_cols: 16 -> E=1.32e+05μJ, L=1.89e+07cc, EDP=2.50e+06
  full/8layer, fmem_size: 1056kB, wmem_size: 524kB, pe_rows: 320, pe_cols: 32 -> E=1.32e+05μJ, L=1.89e+07cc, EDP=2.50e+06
  full/8layer, fmem_size: 1056kB, wmem_size: 524kB, pe_rows: 512, pe_cols: 4 -> E=1.34e+05μJ, L=1.89e+07cc, EDP=2.54e+06
  full/8layer, fmem_size: 1056kB, wmem_size: 524kB, pe_rows: 512, pe_cols: 8 -> E=1.34e+05μJ, L=1.89e+07cc, EDP=2.54e+06
  full/8layer, fmem_size: 1056kB, wmem_size: 524kB, pe_rows: 512, pe_cols: 12 -> E=1.34e+05μJ, L=1.89e+07cc, EDP=2.54e+06
  full/8layer, fmem_size: 1056kB, wmem_size: 524kB, pe_rows: 512, pe_cols: 16 -> E=1.34e+05μJ, L=1.89e+07cc, EDP=2.54e+06
  full/8layer, fmem_size: 1056kB, wmem_size: 524kB, pe_rows: 512, pe_cols: 32 -> E=1.34e+05μJ, L=1.89e+07cc, EDP=2.54e+06
  full/8layer, fmem_size: 1056kB, wmem_size: 524kB, pe_rows: 32, pe_cols: 256 -> E=1.35e+05μJ, L=1.89e+07cc, EDP=2.55e+06
  full/8layer, fmem_size: 1056kB, wmem_size: 524kB, pe_rows: 32, pe_cols: 320 -> E=1.35e+05μJ, L=1.89e+07cc, EDP=2.56e+06
  full/8layer, fmem_size: 1056kB, wmem_size: 524kB, pe_rows: 32, pe_cols: 512 -> E=1.35e+05μJ, L=1.89e+07cc, EDP=2.57e+06
  full/8layer, fmem_size: 1056kB, wmem_size: 524kB, pe_rows: 64, pe_cols: 256 -> E=1.42e+05μJ, L=1.89e+07cc, EDP=2.68e+06
  full/8layer, fmem_size: 1056kB, wmem_size: 524kB, pe_rows: 80, pe_cols: 4 -> E=1.41e+05μJ, L=4.77e+07cc, EDP=6.75e+06
  full/8layer, fmem_size: 1056kB, wmem_size: 524kB, pe_rows: 80, pe_cols: 8 -> E=1.41e+05μJ, L=2.76e+07cc, EDP=3.91e+06
  full/8layer, fmem_size: 1056kB, wmem_size: 524kB, pe_rows: 80, pe_cols: 12 -> E=1.41e+05μJ, L=2.42e+07cc, EDP=3.42e+06
  full/8layer, fmem_size: 1056kB, wmem_size: 524kB, pe_rows: 80, pe_cols: 16 -> E=1.41e+05μJ, L=1.91e+07cc, EDP=2.71e+06
  full/8layer, fmem_size: 1056kB, wmem_size: 524kB, pe_rows: 80, pe_cols: 32 -> E=1.41e+05μJ, L=1.89e+07cc, EDP=2.67e+06
  full/8layer, fmem_size: 1056kB, wmem_size: 524kB, pe_rows: 80, pe_cols: 64 -> E=1.41e+05μJ, L=1.89e+07cc, EDP=2.67e+06
  full/8layer, fmem_size: 1056kB, wmem_size: 524kB, pe_rows: 80, pe_cols: 80 -> E=1.41e+05μJ, L=1.89e+07cc, EDP=2.67e+06
  full/8layer, fmem_size: 1056kB, wmem_size: 524kB, pe_rows: 80, pe_cols: 128 -> E=1.41e+05μJ, L=1.89e+07cc, EDP=2.67e+06
  full/8layer, fmem_size: 1056kB, wmem_size: 524kB, pe_rows: 128, pe_cols: 4 -> E=1.42e+05μJ, L=2.76e+07cc, EDP=3.92e+06
  full/8layer, fmem_size: 1056kB, wmem_size: 524kB, pe_rows: 128, pe_cols: 8 -> E=1.42e+05μJ, L=1.91e+07cc, EDP=2.72e+06
  full/8layer, fmem_size: 1056kB, wmem_size: 524kB, pe_rows: 128, pe_cols: 12 -> E=1.42e+05μJ, L=1.89e+07cc, EDP=2.68e+06
  full/8layer, fmem_size: 1056kB, wmem_size: 524kB, pe_rows: 128, pe_cols: 16 -> E=1.42e+05μJ, L=1.89e+07cc, EDP=2.68e+06
  full/8layer, fmem_size: 1056kB, wmem_size: 524kB, pe_rows: 128, pe_cols: 32 -> E=1.42e+05μJ, L=1.89e+07cc, EDP=2.68e+06
  full/8layer, fmem_size: 1056kB, wmem_size: 524kB, pe_rows: 128, pe_cols: 64 -> E=1.42e+05μJ, L=1.89e+07cc, EDP=2.68e+06
  full/8layer, fmem_size: 1056kB, wmem_size: 524kB, pe_rows: 128, pe_cols: 80 -> E=1.42e+05μJ, L=1.89e+07cc, EDP=2.68e+06
  full/8layer, fmem_size: 1056kB, wmem_size: 524kB, pe_rows: 128, pe_cols: 128 -> E=1.42e+05μJ, L=1.89e+07cc, EDP=2.68e+06
  full/8layer, fmem_size: 1056kB, wmem_size: 524kB, pe_rows: 256, pe_cols: 4 -> E=1.42e+05μJ, L=1.94e+07cc, EDP=2.78e+06
  full/8layer, fmem_size: 1056kB, wmem_size: 524kB, pe_rows: 256, pe_cols: 8 -> E=1.42e+05μJ, L=1.89e+07cc, EDP=2.70e+06
  full/8layer, fmem_size: 1056kB, wmem_size: 524kB, pe_rows: 256, pe_cols: 12 -> E=1.42e+05μJ, L=1.89e+07cc, EDP=2.70e+06
  full/8layer, fmem_size: 1056kB, wmem_size: 524kB, pe_rows: 256, pe_cols: 16 -> E=1.42e+05μJ, L=1.89e+07cc, EDP=2.70e+06
  full/8layer, fmem_size: 1056kB, wmem_size: 524kB, pe_rows: 256, pe_cols: 32 -> E=1.42e+05μJ, L=1.89e+07cc, EDP=2.70e+06
  full/8layer, fmem_size: 1056kB, wmem_size: 524kB, pe_rows: 256, pe_cols: 64 -> E=1.42e+05μJ, L=1.89e+07cc, EDP=2.70e+06
  full/8layer, fmem_size: 1056kB, wmem_size: 524kB, pe_rows: 320, pe_cols: 4 -> E=1.42e+05μJ, L=1.94e+07cc, EDP=2.78e+06
  full/8layer, fmem_size: 1056kB, wmem_size: 524kB, pe_rows: 320, pe_cols: 8 -> E=1.42e+05μJ, L=1.89e+07cc, EDP=2.70e+06
  full/8layer, fmem_size: 1056kB, wmem_size: 524kB, pe_rows: 320, pe_cols: 12 -> E=1.42e+05μJ, L=1.89e+07cc, EDP=2.70e+06
  full/8layer, fmem_size: 1056kB, wmem_size: 524kB, pe_rows: 320, pe_cols: 16 -> E=1.42e+05μJ, L=1.89e+07cc, EDP=2.70e+06
  full/8layer, fmem_size: 1056kB, wmem_size: 524kB, pe_rows: 320, pe_cols: 32 -> E=1.42e+05μJ, L=1.89e+07cc, EDP=2.70e+06
  full/8layer, fmem_size: 1056kB, wmem_size: 524kB, pe_rows: 512, pe_cols: 4 -> E=1.44e+05μJ, L=1.89e+07cc, EDP=2.75e+06
  full/8layer, fmem_size: 1056kB, wmem_size: 524kB, pe_rows: 512, pe_cols: 8 -> E=1.44e+05μJ, L=1.89e+07cc, EDP=2.75e+06
  full/8layer, fmem_size: 1056kB, wmem_size: 524kB, pe_rows: 512, pe_cols: 12 -> E=1.44e+05μJ, L=1.89e+07cc, EDP=2.75e+06
  full/8layer, fmem_size: 1056kB, wmem_size: 524kB, pe_rows: 512, pe_cols: 16 -> E=1.44e+05μJ, L=1.89e+07cc, EDP=2.75e+06
  full/8layer, fmem_size: 1056kB, wmem_size: 524kB, pe_rows: 512, pe_cols: 32 -> E=1.44e+05μJ, L=1.89e+07cc, EDP=2.75e+06
