Creating architecture: Gemmini with coupling: dims: MKN, in_coupling: [K][N], w_coupling: W0: [M][K],, out_coupling: [M][N]
Creating architecture: Gemmini (conv) with coupling: dims: NMPQCRS, in_coupling: [N][C][Pstride*P+Rdilation*R][Qstride*Q+Sdilation*S], w_coupling: W0: [M][C][R][S],, out_coupling: [N][M][P][Q]
Creating architecture: Eyeriss with coupling: dims: MKN, in_coupling: [K][N], w_coupling: W0: [M][K],, out_coupling: [M][N]
Creating architecture: Eyeriss (conv) with coupling: dims: NMPQCRS, in_coupling: [N][C][Pstride*P+Rdilation*R][Qstride*Q+Sdilation*S], w_coupling: W0: [M][C][R][S],, out_coupling: [N][M][P][Q]
Creating architecture: Simba with coupling: dims: MKN, in_coupling: [K][N], w_coupling: W0: [M][K],, out_coupling: [M][N]
Creating architecture: Simba (conv) with coupling: dims: NMPQCRS, in_coupling: [N][C][Pstride*P+Rdilation*R][Qstride*Q+Sdilation*S], w_coupling: W0: [M][C][R][S],, out_coupling: [N][M][P][Q]
Creating architecture: TPUv1 with coupling: dims: MKN, in_coupling: [K][N], w_coupling: W0: [M][K],, out_coupling: [M][N]
Creating architecture: TPUv1 (conv) with coupling: dims: NMPQCRS, in_coupling: [N][C][Pstride*P+Rdilation*R][Qstride*Q+Sdilation*S], w_coupling: W0: [M][C][R][S],, out_coupling: [N][M][P][Q]

====================================================================================================
FIXED-CONFIG FUSION COMPARISON: FSRCNN -- FULL FUSION vs Sum SINGLES
====================================================================================================
Architecture: Eyeriss, PE=128x16 (2,048 total)
  GB=128KB, WReg=384, InReg=34, IntReg=32, OutReg=64
  Tile size override: 1
  ⚡ DRAM energy override: 160.0 pJ/byte (default: 32 pJ/byte)
  ALL experiments use IDENTICAL architecture (fair comparison)
====================================================================================================

  Per-block tile sizes (from full fusion stride propagation):
    L0_L1_L2: tile=1
    L3_L4_L5: tile=1
    L6_L7_expanding_output: tile=1
--- FULL FUSION: fsrcnn/full/8layer ---
------ loading Accelergy for Eyeriss ------
------ loading Accelergy ------
WARNING: Accelergy package not found or incompatible, trying a manual import from ACCELERGY_PATH.
ACCELERGY PLUG-INS: ['Library', 'dummy', 'ADC Plug-In', 'DEPRECATED table-based-plug-ins. Use the Library plug-in instead.', 'Neurosim Plug-In', 'Aladdin_table', 'CactiCache', 'CactiDRAM', 'CactiSRAM']
[Constrained Eyeriss] 8 layers, tile_size=1
  DRAM: {'Q': 960, 'P': 540, 'X0': 960, 'Y0': 540, 'Z0': 1, 'C0': 1, 'R0': 1, 'S0': 1, 'X1': 960, 'Y1': 540, 'Z1': 1, 'C1': 1, 'R1': 1, 'S1': 1, 'X2': 960, 'Y2': 540, 'Z2': 1, 'C2': 1, 'R2': 1, 'S2': 1, 'X3': 960, 'Y3': 540, 'Z3': 1, 'C3': 1, 'R3': 1, 'S3': 1, 'X4': 960, 'Y4': 540, 'Z4': 1, 'C4': 1, 'R4': 1, 'S4': 1, 'X5': 960, 'Y5': 540, 'Z5': 1, 'C5': 1, 'R5': 1, 'S5': 1, 'X6': 960, 'Y6': 540, 'Z6': 1, 'C6': 1, 'R6': 1, 'S6': 1, 'Z7': 1, 'C7': 1, 'R7': 1, 'S7': 1}
  GlobalBuffer: {'Q': 1, 'P': 1, 'X0': 1, 'Y0': 1, 'Z0': 1, 'C0': 1, 'R0': 1, 'S0': 1, 'X1': 1, 'Y1': 1, 'Z1': 1, 'C1': 1, 'R1': 1, 'S1': 1, 'X2': 1, 'Y2': 1, 'Z2': 1, 'C2': 1, 'R2': 1, 'S2': 1, 'X3': 1, 'Y3': 1, 'Z3': 1, 'C3': 1, 'R3': 1, 'S3': 1, 'X4': 1, 'Y4': 1, 'Z4': 1, 'C4': 1, 'R4': 1, 'S4': 1, 'X5': 1, 'Y5': 1, 'Z5': 1, 'C5': 1, 'R5': 1, 'S5': 1, 'X6': 1, 'Y6': 1, 'Z6': 1, 'C6': 1, 'R6': 1, 'S6': 1, 'Z7': 1, 'C7': 1, 'R7': 1, 'S7': 1}
  SACols: {'Q': 1, 'Z7': 16}
  SARows_0: {'S0': 5, 'C0': 3, 'Z0': 4}
  SARows_1: {'S1': 1, 'C1': 56, 'Z1': 1}
  SARows_2: {'S2': 3, 'C2': 12, 'Z2': 1}
  SARows_3: {'S3': 3, 'C3': 12, 'Z3': 1}
  SARows_4: {'S4': 3, 'C4': 12, 'Z4': 1}
  SARows_5: {'S5': 3, 'C5': 12, 'Z5': 1}
  SARows_6: {'S6': 1, 'C6': 12, 'Z6': 4}
  SARows_7: {'S7': 3, 'C7': 28, 'Z7': 1}
Creating architecture: Eyeriss_Constrained_8L_tile1_16x128 with coupling: dims: C0Y0X0R0S0Z0C1R1S1Y1X1Z1C2R2S2Y2X2Z2C3R3S3Y3X3Z3C4R4S4Y4X4Z4C5R5S5Y5X5Z5C6R6S6Y6X6Z6C7R7S7PQZ7, in_coupling: [C0][Y0+R0][X0+S0], w_coupling: W0: [Z0][C0][R0][S0],W1: [Z1][C1][R1][S1],W2: [Z2][C2][R2][S2],W3: [Z3][C3][R3][S3],W4: [Z4][C4][R4][S4],W5: [Z5][C5][R5][S5],W6: [Z6][C6][R6][S6],W7: [Z7][C7][R7][S7],, out_coupling: [Z7][P][Q]
final_layer_dims: {'C7', 'S0', 'Q', 'X0', 'C0', 'Z7', 'Y0', 'R0', 'S7', 'R7', 'P'}, coupling.dims: ['C0', 'Y0', 'X0', 'R0', 'S0', 'Z0', 'C1', 'R1', 'S1', 'Y1', 'X1', 'Z1', 'C2', 'R2', 'S2', 'Y2', 'X2', 'Z2', 'C3', 'R3', 'S3', 'Y3', 'X3', 'Z3', 'C4', 'R4', 'S4', 'Y4', 'X4', 'Z4', 'C5', 'R5', 'S5', 'Y5', 'X5', 'Z5', 'C6', 'R6', 'S6', 'Y6', 'X6', 'Z6', 'C7', 'R7', 'S7', 'P', 'Q', 'Z7']
INFO: Arch: Eyeriss_Constrained_8L_tile1_16x128: identified intermediate dimensions: {'S4', 'X6', 'S1', 'S3', 'C3', 'Z2', 'C6', 'C2', 'Z5', 'X1', 'Y2', 'C5', 'R5', 'S6', 'C4', 'R3', 'R6', 'X4', 'X3', 'Y1', 'R2', 'X2', 'Y6', 'S5', 'X5', 'Z3', 'S2', 'Y4', 'Z4', 'Y5', 'R1', 'Z0', 'Z6', 'R4', 'Z1', 'C1', 'Y3'}
INFO: Added high constraint for intermediate dimension P in level InRegister
INFO: Added high constraint for intermediate dimension R1 in level InRegister
INFO: Added high constraint for intermediate dimension P in level WRegister
INFO: Added high constraint for intermediate dimension R1 in level WRegister
INFO: Added high constraint for intermediate dimension P in level IntermediateRegister
INFO: Added high constraint for intermediate dimension R1 in level IntermediateRegister
INFO: Added high constraint for intermediate dimension P in level OutRegister
INFO: Added high constraint for intermediate dimension R1 in level OutRegister
WARNING: Arch: Eyeriss_Constrained_8L_tile1_16x128 -> Level: IntermediateRegister: updating constraint (Z0: 14) to (Z0: 1) to fit the computation.
WARNING: Arch: Eyeriss_Constrained_8L_tile1_16x128 -> Level: IntermediateRegister: updating constraint (Z1: 12) to (Z1: 1) to fit the computation.
WARNING: Arch: Eyeriss_Constrained_8L_tile1_16x128 -> Level: IntermediateRegister: updating constraint (Z2: 12) to (Z2: 1) to fit the computation.
WARNING: Arch: Eyeriss_Constrained_8L_tile1_16x128 -> Level: IntermediateRegister: updating constraint (Z3: 12) to (Z3: 1) to fit the computation.
WARNING: Arch: Eyeriss_Constrained_8L_tile1_16x128 -> Level: IntermediateRegister: updating constraint (Z4: 12) to (Z4: 1) to fit the computation.
WARNING: Arch: Eyeriss_Constrained_8L_tile1_16x128 -> Level: IntermediateRegister: updating constraint (Z5: 12) to (Z5: 1) to fit the computation.
WARNING: Arch: Eyeriss_Constrained_8L_tile1_16x128 -> Level: IntermediateRegister: updating constraint (Z6: 14) to (Z6: 1) to fit the computation.
WARNING: Arch: Eyeriss_Constrained_8L_tile1_16x128 -> Level: OutRegister: updating constraint (Z7: 16) to (Z7: 1) to fit the computation.
Starting engine with mapper: breadthfirst_local

WARNING: running on a Python version without free-threading (GIL enabled), this program relies heavily on true multithreading, thus expect a severe performance hit with your current setup. Consider updating to Python 3.13t or newer.
INFO: running multithreaded with THREADS_COUNT = 8

DEBUG interleave: START - Called from breadthfirst_local.py:600 in optimizeDataflows()
                       array=['P', 'Q', 'Z7', 'C7', 'R7', 'S7', 'Y6', 'X6', 'Z6', 'C6', 'R6', 'S6', 'Y5', 'X5', 'Z5', 'C5', 'R5', 'S5', 'Y4', 'X4', 'Z4', 'C4', 'R4', 'S4', 'Y3', 'X3', 'Z3', 'C3', 'R3', 'S3', 'Y2', 'X2', 'Z2', 'C2', 'R2', 'S2', 'Y1', 'X1', 'Z1', 'C1', 'R1', 'S1', 'Y0', 'X0', 'Z0', 'C0', 'R0', 'S0'], elements=[] (len=0)
['C1', 'Y1', 'R1', 'X1', 'S1']
['C2', 'Y2', 'R2', 'X2', 'S2']
['C3', 'Y3', 'R3', 'X3', 'S3']
['C4', 'Y4', 'R4', 'X4', 'S4']
['C5', 'Y5', 'R5', 'X5', 'S5']
['C6', 'Y6', 'R6', 'X6', 'S6']
['C7', 'P', 'R7', 'Q', 'S7']
DEBUG interleave: START - Called from breadthfirst_local.py:600 in optimizeDataflows()
                       array=['P', 'Q', 'Z7', 'C7', 'R7', 'S7', 'Y6', 'X6', 'Z6', 'C6', 'R6', 'S6', 'Y5', 'X5', 'Z5', 'C5', 'R5', 'S5', 'Y4', 'X4', 'Z4', 'C4', 'R4', 'S4', 'Y3', 'X3', 'Z3', 'C3', 'R3', 'S3', 'Y2', 'X2', 'Z2', 'C2', 'R2', 'S2', 'Y1', 'X1', 'Z1', 'C1', 'R1', 'S1', 'Y0', 'X0', 'Z0', 'C0', 'R0', 'S0'], elements=[] (len=0)
['C1', 'Y1', 'R1', 'X1', 'S1']
['C2', 'Y2', 'R2', 'X2', 'S2']
['C3', 'Y3', 'R3', 'X3', 'S3']
['C4', 'Y4', 'R4', 'X4', 'S4']
['C5', 'Y5', 'R5', 'X5', 'S5']
['C6', 'Y6', 'R6', 'X6', 'S6']
['C7', 'P', 'R7', 'Q', 'S7']
DEBUG interleave: START - Called from breadthfirst_local.py:600 in optimizeDataflows()
                       array=['P', 'Q', 'Z7', 'C7', 'R7', 'S7', 'Y6', 'X6', 'Z6', 'C6', 'R6', 'S6', 'Y5', 'X5', 'Z5', 'C5', 'R5', 'S5', 'Y4', 'X4', 'Z4', 'C4', 'R4', 'S4', 'Y3', 'X3', 'Z3', 'C3', 'R3', 'S3', 'Y2', 'X2', 'Z2', 'C2', 'R2', 'S2', 'Y1', 'X1', 'Z1', 'C1', 'R1', 'S1', 'Y0', 'X0', 'Z0', 'C0', 'R0', 'S0'], elements=[] (len=0)
['C1', 'Y1', 'R1', 'X1', 'S1']
['C2', 'Y2', 'R2', 'X2', 'S2']
['C3', 'Y3', 'R3', 'X3', 'S3']
['C4', 'Y4', 'R4', 'X4', 'S4']
['C5', 'Y5', 'R5', 'X5', 'S5']
['C6', 'Y6', 'R6', 'X6', 'S6']
['C7', 'P', 'R7', 'Q', 'S7']
DEBUG interleave: START - Called from breadthfirst_local.py:600 in optimizeDataflows()
                       array=['P', 'Q', 'Z7', 'C7', 'R7', 'S7', 'Y6', 'X6', 'Z6', 'C6', 'R6', 'S6', 'Y5', 'X5', 'Z5', 'C5', 'R5', 'S5', 'Y4', 'X4', 'Z4', 'C4', 'R4', 'S4', 'Y3', 'X3', 'Z3', 'C3', 'R3', 'S3', 'Y2', 'X2', 'Z2', 'C2', 'R2', 'S2', 'Y1', 'X1', 'Z1', 'C1', 'R1', 'S1', 'Y0', 'X0', 'Z0', 'C0', 'R0', 'S0'], elements=[] (len=0)
['C1', 'Y1', 'R1', 'X1', 'S1']
['C2', 'Y2', 'R2', 'X2', 'S2']
['C3', 'Y3', 'R3', 'X3', 'S3']
['C4', 'Y4', 'R4', 'X4', 'S4']
['C5', 'Y5', 'R5', 'X5', 'S5']
['C6', 'Y6', 'R6', 'X6', 'S6']
['C7', 'P', 'R7', 'Q', 'S7']
DEBUG interleave: START - Called from breadthfirst_local.py:600 in optimizeDataflows()
                       array=['P', 'Q', 'Z7', 'C7', 'R7', 'S7', 'Y6', 'X6', 'Z6', 'C6', 'R6', 'S6', 'Y5', 'X5', 'Z5', 'C5', 'R5', 'S5', 'Y4', 'X4', 'Z4', 'C4', 'R4', 'S4', 'Y3', 'X3', 'Z3', 'C3', 'R3', 'S3', 'Y2', 'X2', 'Z2', 'C2', 'R2', 'S2', 'Y1', 'X1', 'Z1', 'C1', 'R1', 'S1', 'Y0', 'X0', 'Z0', 'C0', 'R0', 'S0'], elements=[] (len=0)
['C1', 'Y1', 'R1', 'X1', 'S1']
['C2', 'Y2', 'R2', 'X2', 'S2']
['C3', 'Y3', 'R3', 'X3', 'S3']
['C4', 'Y4', 'R4', 'X4', 'S4']
['C5', 'Y5', 'R5', 'X5', 'S5']
['C6', 'Y6', 'R6', 'X6', 'S6']
['C7', 'P', 'R7', 'Q', 'S7']
DEBUG interleave: START - Called from breadthfirst_local.py:600 in optimizeDataflows()
                       array=['P', 'Q', 'Z7', 'C7', 'R7', 'S7', 'Y6', 'X6', 'Z6', 'C6', 'R6', 'S6', 'Y5', 'X5', 'Z5', 'C5', 'R5', 'S5', 'Y4', 'X4', 'Z4', 'C4', 'R4', 'S4', 'Y3', 'X3', 'Z3', 'C3', 'R3', 'S3', 'Y2', 'X2', 'Z2', 'C2', 'R2', 'S2', 'Y1', 'X1', 'Z1', 'C1', 'R1', 'S1', 'Y0', 'X0', 'Z0', 'C0', 'R0', 'S0'], elements=[] (len=0)
['C1', 'Y1', 'R1', 'X1', 'S1']
['C2', 'Y2', 'R2', 'X2', 'S2']
['C3', 'Y3', 'R3', 'X3', 'S3']
['C4', 'Y4', 'R4', 'X4', 'S4']
['C5', 'Y5', 'R5', 'X5', 'S5']
['C6', 'Y6', 'R6', 'X6', 'S6']
['C7', 'P', 'R7', 'Q', 'S7']
-------- factorFlow -------- CIAO
Arch after initialization:
tile_sizes[dim]: [1, 5], self._dim_products[dim]: [960, 1]
input_FC_size distinct: 11520
Input FC size: 11520

Input size: 1573248

Output size: 8294400

Weight size: 18792

Intermediate input size: 89477216
Total intermediate size (input + output): 0

input_size: 1573248, output_size: 8294400, weight_size: 18792, intermediate_size: 0
Total mem footprint: 9897960



tile_sizes[dim]: [1, 5], self._dim_products[dim]: [1, 1]
input_FC_size distinct: 12
Input FC size: 12

Input size: 75

Output size: 16

Weight size: 0

Intermediate input size: 1004
Total intermediate size (input + output): 1176

input_size: 75, output_size: 16, weight_size: 0, intermediate_size: 1176
Total mem footprint: 1280



tile_sizes[dim]: [1, 1], self._dim_products[dim]: [1, 1]
input_FC_size distinct: 4
Input FC size: 4

Input size: 5

Output size: 0

Weight size: 0

Intermediate input size: 20
Total intermediate size (input + output): 20

input_size: 5, output_size: 0, weight_size: 0, intermediate_size: 20
Total mem footprint: 30



tile_sizes[dim]: [1, 1], self._dim_products[dim]: [1, 1]
input_FC_size distinct: 0
Input FC size: 0

Input size: 0

Output size: 0

Weight size: 25

Intermediate input size: 20
Total intermediate size (input + output): 0

input_size: 0, output_size: 0, weight_size: 25, intermediate_size: 0
Total mem footprint: 25



tile_sizes[dim]: [1, 1], self._dim_products[dim]: [1, 1]
input_FC_size distinct: 0
Input FC size: 0

Input size: 0

Output size: 0

Weight size: 0

Intermediate input size: 7
Total intermediate size (input + output): 7

input_size: 0, output_size: 0, weight_size: 0, intermediate_size: 7
Total mem footprint: 7



tile_sizes[dim]: [1, 1], self._dim_products[dim]: [1, 1]
input_FC_size distinct: 0
Input FC size: 0

Input size: 0

Output size: 1

Weight size: 0

Intermediate input size: 7
Total intermediate size (input + output): 0

input_size: 0, output_size: 1, weight_size: 0, intermediate_size: 0
Total mem footprint: 1



DRAM ----------> P: 540, Q: 960, Y6: 540, X6: 960, Y5: 540, X5: 960, Y4: 540, X4: 960, Y3: 540, X3: 960, Y2: 540, X2: 960, Y1: 540, X1: 960, Y0: 540, X0: 960
GlobalBuffer --
SACols --------> Z7: 16
SARows --------> S7: 3, C7: 28
SACols_6 ------> Z6: 14
SARows_6 ------> C6: 12, Z6: 4
SACols_5 ------> Z5: 12
SARows_5 ------> S5: 3, C5: 12
SACols_4 ------> Z4: 12
SARows_4 ------> S4: 3, C4: 12
SACols_3 ------> Z3: 12
SARows_3 ------> S3: 3, C3: 12
SACols_2 ------> Z2: 12
SARows_2 ------> S2: 3, C2: 12
SACols_1 ------> Z1: 12
SARows_1 ------> C1: 56
SACols_0 ------> Z0: 14
SARows_0 ------> S0: 5, C0: 3, Z0: 4
InRegister ----
WRegister -----> C7: 2, R7: 3, R5: 3, R4: 3, R3: 3, R2: 3, R0: 5
IntermediateRegister 
OutRegister ---
Compute -------

Starting FactorFlow tiling optimization:

é stato chiamato update stats! 




Questo mops è chiamato da update stats
Level: DRAM, arch bypasses for the level: ['int_in', 'int_out'], in_bp: 1, w_bp: 0, out_bp: 1, int_in_bp: 0, int_out_bp: 0
DEBUG updateStats pre scaling: Level DRAM:
  in_reads: 1555200
  per_layer_w_reads: {0: 4200, 1: 672, 2: 1296, 3: 1296, 4: 1296, 5: 1296, 6: 672, 7: 8064}
  per_layer_int_in_reads: {0: 0, 1: 0, 2: 0, 3: 0, 4: 0, 5: 0, 6: 0}
  per_layer_int_out_reads: {0: 0, 1: 0, 2: 0, 3: 0, 4: 0, 5: 0, 6: 0}
  per_layer_int_out_writes: {0: 0, 1: 0, 2: 0, 3: 0, 4: 0, 5: 0, 6: 0}
  out_reads: 8294400
  out_writes: 8294400
  out_reads_factors: 1
scale_per_layer[0]: 1, temporal_iterations_per_layer[0]: 1, spatial_iterations_per_layer[0]: 1
DEBUG: results after scaling: Level DRAM: in_reads=1555200, w_reads=18792, int_in_reads=0, int_out_reads=0, int_out_writes=0, out_writes=8294400, out_reads=8294400, out_reads_factors=1
DEBUG: Level DRAM adjusted out_reads for no bias read: 0
DEBUG: Level DRAM bypasses intermediate storage
DEBUG updateStats post scaling: Level DRAM:
  in_reads: 1,555,200
  per_layer_w_reads: {0: 4200, 1: 672, 2: 1296, 3: 1296, 4: 1296, 5: 1296, 6: 672, 7: 8064}
  w_reads: 18,792
  per_layer_int_in_reads: {0: 0, 1: 0, 2: 0, 3: 0, 4: 0, 5: 0, 6: 0}
  per_layer_int_in_writes: {0: 0, 1: 0, 2: 0, 3: 0, 4: 0, 5: 0, 6: 0}
  int_in_reads: 0
  per_layer_int_out_reads: {0: 0, 1: 0, 2: 0, 3: 0, 4: 0, 5: 0, 6: 0}
  per_layer_int_out_writes: {0: 0, 1: 0, 2: 0, 3: 0, 4: 0, 5: 0, 6: 0}
  int_out_reads: 0
  out_reads: 0
  out_writes: 8,294,400
  out_reads_factors: 1
in_writes: 0, w_writes: 0, int_in_writes: 0, int_out_writes: 0, out_writes: 8294400
Name of the level: DRAM, level active instances per layer: {0: 1, 1: 1, 2: 1, 3: 1, 4: 1, 5: 1, 6: 1, 7: 1}, level active instances: 1
Level DRAM, Layer 0: total_reads = 1559400, total_writes = 0
Level DRAM, Layer 1: total_reads = 672, total_writes = 0
Level DRAM, Layer 2: total_reads = 1296, total_writes = 0
Level DRAM, Layer 3: total_reads = 1296, total_writes = 0
Level DRAM, Layer 4: total_reads = 1296, total_writes = 0
Level DRAM, Layer 5: total_reads = 1296, total_writes = 0
Level DRAM, Layer 6: total_reads = 672, total_writes = 0
DEBUG: Level DRAM, Layer 7, per_layer_int_in_reads6: 0, per_layer_w_reads7: 8064, out_reads: 0
Level DRAM, Layer 7: total_reads = 8064, total_writes = 8294400
Check: Per Layer Total reads: {0: 1559400, 1: 672, 2: 1296, 3: 1296, 4: 1296, 5: 1296, 6: 672, 7: 8064}, total: 1573992
Check: Per Layer Total writes: {0: 0, 1: 0, 2: 0, 3: 0, 4: 0, 5: 0, 6: 0, 7: 8294400}, 
 total: 8294400
Level DRAM total WMOPs from per layer sum: 1,578,942,720.000
Level DRAM total WMOPs from total reads/writes: 1,578,942,720.000
End first part of update for level: DRAM



Questo mops è chiamato da update stats
Level: GlobalBuffer, arch bypasses for the level: ['w'], in_bp: 1, w_bp: 0, out_bp: 0, int_in_bp: 1, int_out_bp: 0
DEBUG updateStats pre scaling: Level GlobalBuffer:
  in_reads: 15
  per_layer_w_reads: {0: 0, 1: 0, 2: 0, 3: 0, 4: 0, 5: 0, 6: 0, 7: 0}
  per_layer_int_in_reads: {0: 56, 1: 36, 2: 36, 3: 36, 4: 36, 5: 12, 6: 168}
  per_layer_int_out_reads: {0: 56, 1: 12, 2: 12, 3: 12, 4: 12, 5: 12, 6: 56}
  per_layer_int_out_writes: {0: 56, 1: 12, 2: 12, 3: 12, 4: 12, 5: 12, 6: 56}
  out_reads: 16
  out_writes: 16
  out_reads_factors: 1
scale_per_layer[0]: 518400, temporal_iterations_per_layer[0]: 518400, spatial_iterations_per_layer[0]: 1
DEBUG: results after scaling: Level GlobalBuffer: in_reads=7776000, w_reads=0, int_in_reads=196992000, int_out_reads=89164800, int_out_writes=89164800, out_writes=8294400, out_reads=8294400, out_reads_factors=1
DEBUG: Level GlobalBuffer adjusted out_reads for no bias read: 0
DEBUG updateStats post scaling: Level GlobalBuffer:
  in_reads: 7,776,000
  per_layer_w_reads: {0: 0, 1: 0, 2: 0, 3: 0, 4: 0, 5: 0, 6: 0, 7: 0}
  w_reads: 0
  per_layer_int_in_reads: {0: 29030400, 1: 18662400, 2: 18662400, 3: 18662400, 4: 18662400, 5: 6220800, 6: 87091200}
  per_layer_int_in_writes: {0: 0, 1: 0, 2: 0, 3: 0, 4: 0, 5: 0, 6: 0}
  int_in_reads: 196,992,000
  per_layer_int_out_reads: {0: 29030400, 1: 6220800, 2: 6220800, 3: 6220800, 4: 6220800, 5: 6220800, 6: 29030400}
  per_layer_int_out_writes: {0: 29030400, 1: 6220800, 2: 6220800, 3: 6220800, 4: 6220800, 5: 6220800, 6: 29030400}
  int_out_reads: 89,164,800
  out_reads: 0
  out_writes: 8,294,400
  out_reads_factors: 1
in_writes: 1555200, w_writes: 0, int_in_writes: 0, int_out_writes: 89164800, out_writes: 8294400
Name of the level: GlobalBuffer, level active instances per layer: {0: 1, 1: 1, 2: 1, 3: 1, 4: 1, 5: 1, 6: 1, 7: 1}, level active instances: 1
Level GlobalBuffer, Layer 0: total_reads = 36806400, total_writes = 30585600
Level GlobalBuffer, Layer 1: total_reads = 35251200, total_writes = 6220800
Level GlobalBuffer, Layer 2: total_reads = 24883200, total_writes = 6220800
Level GlobalBuffer, Layer 3: total_reads = 24883200, total_writes = 6220800
Level GlobalBuffer, Layer 4: total_reads = 24883200, total_writes = 6220800
Level GlobalBuffer, Layer 5: total_reads = 24883200, total_writes = 6220800
Level GlobalBuffer, Layer 6: total_reads = 35251200, total_writes = 29030400
DEBUG: Level GlobalBuffer, Layer 7, per_layer_int_in_reads6: 87091200, per_layer_w_reads7: 0, out_reads: 0
Level GlobalBuffer, Layer 7: total_reads = 87091200, total_writes = 8294400
Check: Per Layer Total reads: {0: 36806400, 1: 35251200, 2: 24883200, 3: 24883200, 4: 24883200, 5: 24883200, 6: 35251200, 7: 87091200}, total: 293932800
Check: Per Layer Total writes: {0: 30585600, 1: 6220800, 2: 6220800, 3: 6220800, 4: 6220800, 5: 6220800, 6: 29030400, 7: 8294400}, 
 total: 99014400
Level GlobalBuffer total WMOPs from per layer sum: 1,674,842,859.147
Level GlobalBuffer total WMOPs from total reads/writes: 1,674,842,859.147
End first part of update for level: GlobalBuffer



Calculating Fanout Level: SACols, updating spatial and last reads
Fanout Level SACols, Layer 7, dim Q, layer_iterations: 1
Fanout Level SACols, Layer 7, dim Z7, layer_iterations: 16
End of the first part of Update Stats for fanout level: SACols


Calculating Fanout Level: SARows, updating spatial and last reads
Fanout Level SARows, Layer 7, dim S7, layer_iterations: 3
Fanout Level SARows, Layer 7, dim C7, layer_iterations: 28
Fanout Level SARows, Layer 7, dim Z7, layer_iterations: 1
End of the first part of Update Stats for fanout level: SARows


Calculating Fanout Level: SACols_6, updating spatial and last reads
Fanout Level SACols_6, Layer 6, dim X6, layer_iterations: 1
Fanout Level SACols_6, Layer 6, dim Z6, layer_iterations: 14
End of the first part of Update Stats for fanout level: SACols_6


Calculating Fanout Level: SARows_6, updating spatial and last reads
Fanout Level SARows_6, Layer 6, dim S6, layer_iterations: 1
Fanout Level SARows_6, Layer 6, dim C6, layer_iterations: 12
Fanout Level SARows_6, Layer 6, dim Z6, layer_iterations: 4
End of the first part of Update Stats for fanout level: SARows_6


Calculating Fanout Level: SACols_5, updating spatial and last reads
Fanout Level SACols_5, Layer 5, dim X5, layer_iterations: 1
Fanout Level SACols_5, Layer 5, dim Z5, layer_iterations: 12
End of the first part of Update Stats for fanout level: SACols_5


Calculating Fanout Level: SARows_5, updating spatial and last reads
Fanout Level SARows_5, Layer 5, dim S5, layer_iterations: 3
Fanout Level SARows_5, Layer 5, dim C5, layer_iterations: 12
Fanout Level SARows_5, Layer 5, dim Z5, layer_iterations: 1
End of the first part of Update Stats for fanout level: SARows_5


Calculating Fanout Level: SACols_4, updating spatial and last reads
Fanout Level SACols_4, Layer 4, dim X4, layer_iterations: 1
Fanout Level SACols_4, Layer 4, dim Z4, layer_iterations: 12
End of the first part of Update Stats for fanout level: SACols_4


Calculating Fanout Level: SARows_4, updating spatial and last reads
Fanout Level SARows_4, Layer 4, dim S4, layer_iterations: 3
Fanout Level SARows_4, Layer 4, dim C4, layer_iterations: 12
Fanout Level SARows_4, Layer 4, dim Z4, layer_iterations: 1
End of the first part of Update Stats for fanout level: SARows_4


Calculating Fanout Level: SACols_3, updating spatial and last reads
Fanout Level SACols_3, Layer 3, dim X3, layer_iterations: 1
Fanout Level SACols_3, Layer 3, dim Z3, layer_iterations: 12
End of the first part of Update Stats for fanout level: SACols_3


Calculating Fanout Level: SARows_3, updating spatial and last reads
Fanout Level SARows_3, Layer 3, dim S3, layer_iterations: 3
Fanout Level SARows_3, Layer 3, dim C3, layer_iterations: 12
Fanout Level SARows_3, Layer 3, dim Z3, layer_iterations: 1
End of the first part of Update Stats for fanout level: SARows_3


Calculating Fanout Level: SACols_2, updating spatial and last reads
Fanout Level SACols_2, Layer 2, dim X2, layer_iterations: 1
Fanout Level SACols_2, Layer 2, dim Z2, layer_iterations: 12
End of the first part of Update Stats for fanout level: SACols_2


Calculating Fanout Level: SARows_2, updating spatial and last reads
Fanout Level SARows_2, Layer 2, dim S2, layer_iterations: 3
Fanout Level SARows_2, Layer 2, dim C2, layer_iterations: 12
Fanout Level SARows_2, Layer 2, dim Z2, layer_iterations: 1
End of the first part of Update Stats for fanout level: SARows_2


Calculating Fanout Level: SACols_1, updating spatial and last reads
Fanout Level SACols_1, Layer 1, dim X1, layer_iterations: 1
Fanout Level SACols_1, Layer 1, dim Z1, layer_iterations: 12
End of the first part of Update Stats for fanout level: SACols_1


Calculating Fanout Level: SARows_1, updating spatial and last reads
Fanout Level SARows_1, Layer 1, dim S1, layer_iterations: 1
Fanout Level SARows_1, Layer 1, dim C1, layer_iterations: 56
Fanout Level SARows_1, Layer 1, dim Z1, layer_iterations: 1
End of the first part of Update Stats for fanout level: SARows_1


Calculating Fanout Level: SACols_0, updating spatial and last reads
Fanout Level SACols_0, Layer 0, dim X0, layer_iterations: 1
Fanout Level SACols_0, Layer 0, dim Z0, layer_iterations: 14
End of the first part of Update Stats for fanout level: SACols_0


Calculating Fanout Level: SARows_0, updating spatial and last reads
Fanout Level SARows_0, Layer 0, dim S0, layer_iterations: 5
Fanout Level SARows_0, Layer 0, dim C0, layer_iterations: 3
Fanout Level SARows_0, Layer 0, dim Z0, layer_iterations: 4
End of the first part of Update Stats for fanout level: SARows_0


Questo mops è chiamato da update stats
Level: InRegister, arch bypasses for the level: ['w', 'out', 'int_out'], in_bp: 0, w_bp: 0, out_bp: 0, int_in_bp: 0, int_out_bp: 0
DEBUG updateStats pre scaling: Level InRegister:
  in_reads: 5
  per_layer_w_reads: {0: 0, 1: 0, 2: 0, 3: 0, 4: 0, 5: 0, 6: 0, 7: 0}
  per_layer_int_in_reads: {0: 1, 1: 3, 2: 3, 3: 3, 4: 3, 5: 1, 6: 6}
  per_layer_int_out_reads: {0: 0, 1: 0, 2: 0, 3: 0, 4: 0, 5: 0, 6: 0}
  per_layer_int_out_writes: {0: 0, 1: 0, 2: 0, 3: 0, 4: 0, 5: 0, 6: 0}
  out_reads: 0
  out_writes: 0
  out_reads_factors: 0
scale_per_layer[0]: 435456000, temporal_iterations_per_layer[0]: 518400, spatial_iterations_per_layer[0]: 840
DEBUG: results after scaling: Level InRegister: in_reads=2177280000, w_reads=0, int_in_reads=7564492800, int_out_reads=0, int_out_writes=0, out_writes=0, out_reads=0, out_reads_factors=0
DEBUG: Level InRegister bypasses intermediate storage
DEBUG updateStats post scaling: Level InRegister:
  in_reads: 2,177,280,000
  per_layer_w_reads: {0: 0, 1: 0, 2: 0, 3: 0, 4: 0, 5: 0, 6: 0, 7: 0}
  w_reads: 0
  per_layer_int_in_reads: {0: 348364800, 1: 671846400, 2: 671846400, 3: 671846400, 4: 671846400, 5: 348364800, 6: 4180377600}
  per_layer_int_in_writes: {0: 348364800, 1: 223948800, 2: 223948800, 3: 223948800, 4: 223948800, 5: 348364800, 6: 1393459200}
  int_in_reads: 7,564,492,800
  per_layer_int_out_reads: {0: 0, 1: 0, 2: 0, 3: 0, 4: 0, 5: 0, 6: 0}
  per_layer_int_out_writes: {0: 0, 1: 0, 2: 0, 3: 0, 4: 0, 5: 0, 6: 0}
  int_out_reads: 0
  out_reads: 0
  out_writes: 0
  out_reads_factors: 0
in_writes: 435456000, w_writes: 0, int_in_writes: 2985984000, int_out_writes: 0, out_writes: 0
Name of the level: InRegister, level active instances per layer: {0: 840, 1: 672, 2: 432, 3: 432, 4: 432, 5: 432, 6: 672, 7: 1344}, level active instances: 17756284224279297392640
Level InRegister, Layer 0: total_reads = 2177280000, total_writes = 435456000
Level InRegister, Layer 1: total_reads = 348364800, total_writes = 348364800
Level InRegister, Layer 2: total_reads = 671846400, total_writes = 223948800
Level InRegister, Layer 3: total_reads = 671846400, total_writes = 223948800
Level InRegister, Layer 4: total_reads = 671846400, total_writes = 223948800
Level InRegister, Layer 5: total_reads = 671846400, total_writes = 223948800
Level InRegister, Layer 6: total_reads = 348364800, total_writes = 348364800
DEBUG: Level InRegister, Layer 7, per_layer_int_in_reads6: 4180377600, per_layer_w_reads7: 0, out_reads: 0
Level InRegister, Layer 7: total_reads = 4180377600, total_writes = 1393459200
Check: Per Layer Total reads: {0: 2177280000, 1: 348364800, 2: 671846400, 3: 671846400, 4: 671846400, 5: 671846400, 6: 348364800, 7: 4180377600}, total: 9741772800
Check: Per Layer Total writes: {0: 435456000, 1: 348364800, 2: 223948800, 3: 223948800, 4: 223948800, 5: 223948800, 6: 348364800, 7: 1393459200}, 
 total: 3421440000
Level InRegister total WMOPs from per layer sum: 6,386,361,369.980
Level InRegister total WMOPs from total reads/writes: 6,386,361,369.980
End first part of update for level: InRegister



Questo mops è chiamato da update stats
Level: WRegister, arch bypasses for the level: ['in', 'out', 'int_in', 'int_out'], in_bp: 0, w_bp: 0, out_bp: 0, int_in_bp: 0, int_out_bp: 0
DEBUG updateStats pre scaling: Level WRegister:
  in_reads: 0
  per_layer_w_reads: {0: 5, 1: 1, 2: 3, 3: 3, 4: 3, 5: 3, 6: 1, 7: 6}
  per_layer_int_in_reads: {0: 0, 1: 0, 2: 0, 3: 0, 4: 0, 5: 0, 6: 0}
  per_layer_int_out_reads: {0: 0, 1: 0, 2: 0, 3: 0, 4: 0, 5: 0, 6: 0}
  per_layer_int_out_writes: {0: 0, 1: 0, 2: 0, 3: 0, 4: 0, 5: 0, 6: 0}
  out_reads: 0
  out_writes: 0
  out_reads_factors: 0
scale_per_layer[0]: 435456000, temporal_iterations_per_layer[0]: 518400, spatial_iterations_per_layer[0]: 840
DEBUG: results after scaling: Level WRegister: in_reads=0, w_reads=9741772800, int_in_reads=0, int_out_reads=0, int_out_writes=0, out_writes=0, out_reads=0, out_reads_factors=0
DEBUG: Level WRegister bypasses intermediate storage
DEBUG updateStats post scaling: Level WRegister:
  in_reads: 0
  per_layer_w_reads: {0: 2177280000, 1: 348364800, 2: 671846400, 3: 671846400, 4: 671846400, 5: 671846400, 6: 348364800, 7: 4180377600}
  w_reads: 9,741,772,800
  per_layer_int_in_reads: {0: 0, 1: 0, 2: 0, 3: 0, 4: 0, 5: 0, 6: 0}
  per_layer_int_in_writes: {0: 0, 1: 0, 2: 0, 3: 0, 4: 0, 5: 0, 6: 0}
  int_in_reads: 0
  per_layer_int_out_reads: {0: 0, 1: 0, 2: 0, 3: 0, 4: 0, 5: 0, 6: 0}
  per_layer_int_out_writes: {0: 0, 1: 0, 2: 0, 3: 0, 4: 0, 5: 0, 6: 0}
  int_out_reads: 0
  out_reads: 0
  out_writes: 0
  out_reads_factors: 0
in_writes: 0, w_writes: 18792, int_in_writes: 0, int_out_writes: 0, out_writes: 0
Name of the level: WRegister, level active instances per layer: {0: 840, 1: 672, 2: 432, 3: 432, 4: 432, 5: 432, 6: 672, 7: 1344}, level active instances: 17756284224279297392640
Level WRegister, Layer 0: total_reads = 2177280000, total_writes = 4200
Level WRegister, Layer 1: total_reads = 348364800, total_writes = 672
Level WRegister, Layer 2: total_reads = 671846400, total_writes = 1296
Level WRegister, Layer 3: total_reads = 671846400, total_writes = 1296
Level WRegister, Layer 4: total_reads = 671846400, total_writes = 1296
Level WRegister, Layer 5: total_reads = 671846400, total_writes = 1296
Level WRegister, Layer 6: total_reads = 348364800, total_writes = 672
DEBUG: Level WRegister, Layer 7, per_layer_int_in_reads6: 0, per_layer_w_reads7: 4180377600, out_reads: 0
Level WRegister, Layer 7: total_reads = 4180377600, total_writes = 8064
Check: Per Layer Total reads: {0: 2177280000, 1: 348364800, 2: 671846400, 3: 671846400, 4: 671846400, 5: 671846400, 6: 348364800, 7: 4180377600}, total: 9741772800
Check: Per Layer Total writes: {0: 4200, 1: 672, 2: 1296, 3: 1296, 4: 1296, 5: 1296, 6: 672, 7: 8064}, 
 total: 18792
Level WRegister total WMOPs from per layer sum: 24,786,972,978.065
Level WRegister total WMOPs from total reads/writes: 24,786,972,978.065
End first part of update for level: WRegister



Questo mops è chiamato da update stats
Level: IntermediateRegister, arch bypasses for the level: ['in', 'w', 'out', 'int_in'], in_bp: 0, w_bp: 0, out_bp: 0, int_in_bp: 0, int_out_bp: 0
DEBUG updateStats pre scaling: Level IntermediateRegister:
  in_reads: 0
  per_layer_w_reads: {0: 0, 1: 0, 2: 0, 3: 0, 4: 0, 5: 0, 6: 0, 7: 0}
  per_layer_int_in_reads: {0: 0, 1: 0, 2: 0, 3: 0, 4: 0, 5: 0, 6: 0}
  per_layer_int_out_reads: {0: 1, 1: 1, 2: 1, 3: 1, 4: 1, 5: 1, 6: 1}
  per_layer_int_out_writes: {0: 1, 1: 1, 2: 1, 3: 1, 4: 1, 5: 1, 6: 1}
  out_reads: 0
  out_writes: 0
  out_reads_factors: 0
scale_per_layer[0]: 2177280000, temporal_iterations_per_layer[0]: 2592000, spatial_iterations_per_layer[0]: 840
DEBUG: results after scaling: Level IntermediateRegister: in_reads=0, w_reads=0, int_in_reads=0, int_out_reads=5561395200, int_out_writes=5561395200, out_writes=0, out_reads=0, out_reads_factors=0
DEBUG updateStats post scaling: Level IntermediateRegister:
  in_reads: 0
  per_layer_w_reads: {0: 0, 1: 0, 2: 0, 3: 0, 4: 0, 5: 0, 6: 0, 7: 0}
  w_reads: 0
  per_layer_int_in_reads: {0: 0, 1: 0, 2: 0, 3: 0, 4: 0, 5: 0, 6: 0}
  per_layer_int_in_writes: {0: 0, 1: 0, 2: 0, 3: 0, 4: 0, 5: 0, 6: 0}
  int_in_reads: 0
  per_layer_int_out_reads: {0: 2177280000, 1: 348364800, 2: 671846400, 3: 671846400, 4: 671846400, 5: 671846400, 6: 348364800}
  per_layer_int_out_writes: {0: 2612736000, 1: 696729600, 2: 895795200, 3: 895795200, 4: 895795200, 5: 895795200, 6: 696729600}
  int_out_reads: 5,561,395,200
  out_reads: 0
  out_writes: 0
  out_reads_factors: 0
in_writes: 0, w_writes: 0, int_in_writes: 0, int_out_writes: 5561395200, out_writes: 0
Name of the level: IntermediateRegister, level active instances per layer: {0: 840, 1: 672, 2: 432, 3: 432, 4: 432, 5: 432, 6: 672, 7: 1344}, level active instances: 17756284224279297392640
Level IntermediateRegister, Layer 0: total_reads = 2177280000, total_writes = 2612736000
Level IntermediateRegister, Layer 1: total_reads = 348364800, total_writes = 696729600
Level IntermediateRegister, Layer 2: total_reads = 671846400, total_writes = 895795200
Level IntermediateRegister, Layer 3: total_reads = 671846400, total_writes = 895795200
Level IntermediateRegister, Layer 4: total_reads = 671846400, total_writes = 895795200
Level IntermediateRegister, Layer 5: total_reads = 671846400, total_writes = 895795200
Level IntermediateRegister, Layer 6: total_reads = 348364800, total_writes = 696729600
DEBUG: Level IntermediateRegister, Layer 7, per_layer_int_in_reads6: 0, per_layer_w_reads7: 0, out_reads: 0
Level IntermediateRegister, Layer 7: total_reads = 0, total_writes = 0
Check: Per Layer Total reads: {0: 2177280000, 1: 348364800, 2: 671846400, 3: 671846400, 4: 671846400, 5: 671846400, 6: 348364800, 7: 0}, total: 5561395200
Check: Per Layer Total writes: {0: 2612736000, 1: 696729600, 2: 895795200, 3: 895795200, 4: 895795200, 5: 895795200, 6: 696729600, 7: 0}, 
 total: 7589376000
Level IntermediateRegister total WMOPs from per layer sum: 29,494,038,257.791
Level IntermediateRegister total WMOPs from total reads/writes: 28,768,161,587.407
End first part of update for level: IntermediateRegister



Questo mops è chiamato da update stats
Level: OutRegister, arch bypasses for the level: ['in', 'w', 'int_in', 'int_out'], in_bp: 0, w_bp: 0, out_bp: 1, int_in_bp: 0, int_out_bp: 0
DEBUG updateStats pre scaling: Level OutRegister:
  in_reads: 0
  per_layer_w_reads: {0: 0, 1: 0, 2: 0, 3: 0, 4: 0, 5: 0, 6: 0, 7: 0}
  per_layer_int_in_reads: {0: 0, 1: 0, 2: 0, 3: 0, 4: 0, 5: 0, 6: 0}
  per_layer_int_out_reads: {0: 0, 1: 0, 2: 0, 3: 0, 4: 0, 5: 0, 6: 0}
  per_layer_int_out_writes: {0: 0, 1: 0, 2: 0, 3: 0, 4: 0, 5: 0, 6: 0}
  out_reads: 1
  out_writes: 1
  out_reads_factors: 1
scale_per_layer[0]: 2177280000, temporal_iterations_per_layer[0]: 2592000, spatial_iterations_per_layer[0]: 840
DEBUG: results after scaling: Level OutRegister: in_reads=0, w_reads=0, int_in_reads=0, int_out_reads=0, int_out_writes=0, out_writes=4180377600, out_reads=4180377600, out_reads_factors=6
DEBUG: Level OutRegister adjusted out_reads for no bias read: 3483648000
DEBUG: Level OutRegister bypasses intermediate storage
DEBUG updateStats post scaling: Level OutRegister:
  in_reads: 0
  per_layer_w_reads: {0: 0, 1: 0, 2: 0, 3: 0, 4: 0, 5: 0, 6: 0, 7: 0}
  w_reads: 0
  per_layer_int_in_reads: {0: 0, 1: 0, 2: 0, 3: 0, 4: 0, 5: 0, 6: 0}
  per_layer_int_in_writes: {0: 0, 1: 0, 2: 0, 3: 0, 4: 0, 5: 0, 6: 0}
  int_in_reads: 0
  per_layer_int_out_reads: {0: 0, 1: 0, 2: 0, 3: 0, 4: 0, 5: 0, 6: 0}
  per_layer_int_out_writes: {0: 0, 1: 0, 2: 0, 3: 0, 4: 0, 5: 0, 6: 0}
  int_out_reads: 0
  out_reads: 3,483,648,000
  out_writes: 4,180,377,600
  out_reads_factors: 6
in_writes: 0, w_writes: 0, int_in_writes: 0, int_out_writes: 0, out_writes: 4180377600
Name of the level: OutRegister, level active instances per layer: {0: 840, 1: 672, 2: 432, 3: 432, 4: 432, 5: 432, 6: 672, 7: 1344}, level active instances: 17756284224279297392640
Level OutRegister, Layer 0: total_reads = 0, total_writes = 0
Level OutRegister, Layer 1: total_reads = 0, total_writes = 0
Level OutRegister, Layer 2: total_reads = 0, total_writes = 0
Level OutRegister, Layer 3: total_reads = 0, total_writes = 0
Level OutRegister, Layer 4: total_reads = 0, total_writes = 0
Level OutRegister, Layer 5: total_reads = 0, total_writes = 0
Level OutRegister, Layer 6: total_reads = 0, total_writes = 0
DEBUG: Level OutRegister, Layer 7, per_layer_int_in_reads6: 0, per_layer_w_reads7: 0, out_reads: 3483648000
Level OutRegister, Layer 7: total_reads = 3483648000, total_writes = 4180377600
Check: Per Layer Total reads: {0: 0, 1: 0, 2: 0, 3: 0, 4: 0, 5: 0, 6: 0, 7: 3483648000}, total: 3483648000
Check: Per Layer Total writes: {0: 0, 1: 0, 2: 0, 3: 0, 4: 0, 5: 0, 6: 0, 7: 4180377600}, 
 total: 4180377600
Level OutRegister total WMOPs from per layer sum: 32,237,228,619.486
Level OutRegister total WMOPs from total reads/writes: 31,511,351,949.102
End first part of update for level: OutRegister



Calculating WMOPs for Compute Level
Compute Level Compute WMOPs_per_layer: {0: 7205316937.219854, 1: 1320032169.7038214, 2: 2213214910.4047337, 3: 2213214910.4047337, 4: 2213214910.4047337, 5: 2213214910.4047337, 6: 1325598932.398369, 7: 14326122223.592735}
WMOPs_till_now before compute level: 32,237,228,619.486
Compute Level Compute total WMOPs from per layer sum: 33029929904.533714
Compute Level Compute total WMOPs: 1.831259413789411e+70
Total WMOPs after adding compute level: 65267158524.01943
END FIRST PART OF UPDATE STATS


First cc_per_tile, it is from compute = 1
First cc_per_tile_per_layer it is from compute = {0: 1, 1: 1, 2: 1, 3: 1, 4: 1, 5: 1, 6: 1, 7: 1}


Calculating Latency for Level: OutRegister

Latency for layer: 0 of Level: OutRegister
level.active_instances_per_layer[0]: 840
level.temporal_iterations_per_layer[0]: 2592000
Scaling per layer[0]: 2,177,280,000
Single Tile latency: cc_per_tile_per_layer[0]: 1
Ideal Case, Latency at this level without stalls: cc_per_all_tiles_per_layer[0]: 1
SCALED cc_per_all_tiles_per_layer[0]: 2,177,280,000
level.getReadPerLayer[0](): 0
  (For comparison - full reads including accumulation: 0)
ideal_bandwidth_read_per_layer[0]: 0.0
INFO: forcefully updating setting FREE_DRAINS to False
level.getDrainPerLayer[0](): 0
ideal_bandwidth_drain_per_layer[0]: 0.0
ideal_bandwidth_update_per_layer[0]: 0.0
  (For comparison - full updates including accumulation: 0)
level.getFillPerLayer[0](): 0
ideal_bandwidth_fill_per_layer[0]: 0.0

Latency for layer: 1 of Level: OutRegister
level.active_instances_per_layer[1]: 672
level.temporal_iterations_per_layer[1]: 518400
Scaling per layer[1]: 348,364,800
Single Tile latency: cc_per_tile_per_layer[1]: 1
Ideal Case, Latency at this level without stalls: cc_per_all_tiles_per_layer[1]: 1
SCALED cc_per_all_tiles_per_layer[1]: 348,364,800
level.getReadPerLayer[1](): 0
  (For comparison - full reads including accumulation: 0)
ideal_bandwidth_read_per_layer[1]: 0.0
level.getDrainPerLayer[1](): 0
ideal_bandwidth_drain_per_layer[1]: 0.0
ideal_bandwidth_update_per_layer[1]: 0.0
  (For comparison - full updates including accumulation: 0)
level.getFillPerLayer[1](): 0
ideal_bandwidth_fill_per_layer[1]: 0.0

Latency for layer: 2 of Level: OutRegister
level.active_instances_per_layer[2]: 432
level.temporal_iterations_per_layer[2]: 1555200
Scaling per layer[2]: 671,846,400
Single Tile latency: cc_per_tile_per_layer[2]: 1
Ideal Case, Latency at this level without stalls: cc_per_all_tiles_per_layer[2]: 1
SCALED cc_per_all_tiles_per_layer[2]: 671,846,400
level.getReadPerLayer[2](): 0
  (For comparison - full reads including accumulation: 0)
ideal_bandwidth_read_per_layer[2]: 0.0
level.getDrainPerLayer[2](): 0
ideal_bandwidth_drain_per_layer[2]: 0.0
ideal_bandwidth_update_per_layer[2]: 0.0
  (For comparison - full updates including accumulation: 0)
level.getFillPerLayer[2](): 0
ideal_bandwidth_fill_per_layer[2]: 0.0

Latency for layer: 3 of Level: OutRegister
level.active_instances_per_layer[3]: 432
level.temporal_iterations_per_layer[3]: 1555200
Scaling per layer[3]: 671,846,400
Single Tile latency: cc_per_tile_per_layer[3]: 1
Ideal Case, Latency at this level without stalls: cc_per_all_tiles_per_layer[3]: 1
SCALED cc_per_all_tiles_per_layer[3]: 671,846,400
level.getReadPerLayer[3](): 0
  (For comparison - full reads including accumulation: 0)
ideal_bandwidth_read_per_layer[3]: 0.0
level.getDrainPerLayer[3](): 0
ideal_bandwidth_drain_per_layer[3]: 0.0
ideal_bandwidth_update_per_layer[3]: 0.0
  (For comparison - full updates including accumulation: 0)
level.getFillPerLayer[3](): 0
ideal_bandwidth_fill_per_layer[3]: 0.0

Latency for layer: 4 of Level: OutRegister
level.active_instances_per_layer[4]: 432
level.temporal_iterations_per_layer[4]: 1555200
Scaling per layer[4]: 671,846,400
Single Tile latency: cc_per_tile_per_layer[4]: 1
Ideal Case, Latency at this level without stalls: cc_per_all_tiles_per_layer[4]: 1
SCALED cc_per_all_tiles_per_layer[4]: 671,846,400
level.getReadPerLayer[4](): 0
  (For comparison - full reads including accumulation: 0)
ideal_bandwidth_read_per_layer[4]: 0.0
level.getDrainPerLayer[4](): 0
ideal_bandwidth_drain_per_layer[4]: 0.0
ideal_bandwidth_update_per_layer[4]: 0.0
  (For comparison - full updates including accumulation: 0)
level.getFillPerLayer[4](): 0
ideal_bandwidth_fill_per_layer[4]: 0.0

Latency for layer: 5 of Level: OutRegister
level.active_instances_per_layer[5]: 432
level.temporal_iterations_per_layer[5]: 1555200
Scaling per layer[5]: 671,846,400
Single Tile latency: cc_per_tile_per_layer[5]: 1
Ideal Case, Latency at this level without stalls: cc_per_all_tiles_per_layer[5]: 1
SCALED cc_per_all_tiles_per_layer[5]: 671,846,400
level.getReadPerLayer[5](): 0
  (For comparison - full reads including accumulation: 0)
ideal_bandwidth_read_per_layer[5]: 0.0
level.getDrainPerLayer[5](): 0
ideal_bandwidth_drain_per_layer[5]: 0.0
ideal_bandwidth_update_per_layer[5]: 0.0
  (For comparison - full updates including accumulation: 0)
level.getFillPerLayer[5](): 0
ideal_bandwidth_fill_per_layer[5]: 0.0

Latency for layer: 6 of Level: OutRegister
level.active_instances_per_layer[6]: 672
level.temporal_iterations_per_layer[6]: 518400
Scaling per layer[6]: 348,364,800
Single Tile latency: cc_per_tile_per_layer[6]: 1
Ideal Case, Latency at this level without stalls: cc_per_all_tiles_per_layer[6]: 1
SCALED cc_per_all_tiles_per_layer[6]: 348,364,800
level.getReadPerLayer[6](): 0
  (For comparison - full reads including accumulation: 0)
ideal_bandwidth_read_per_layer[6]: 0.0
level.getDrainPerLayer[6](): 0
ideal_bandwidth_drain_per_layer[6]: 0.0
ideal_bandwidth_update_per_layer[6]: 0.0
  (For comparison - full updates including accumulation: 0)
level.getFillPerLayer[6](): 0
ideal_bandwidth_fill_per_layer[6]: 0.0

Latency for layer: 7 of Level: OutRegister
level.active_instances_per_layer[7]: 1344
level.temporal_iterations_per_layer[7]: 3110400
Scaling per layer[7]: 4,180,377,600
Single Tile latency: cc_per_tile_per_layer[7]: 1
Ideal Case, Latency at this level without stalls: cc_per_all_tiles_per_layer[7]: 1
SCALED cc_per_all_tiles_per_layer[7]: 4,180,377,600
level.getReadPerLayer[7](): 3,483,648,000
  (For comparison - full reads including accumulation: 3,483,648,000)
ideal_bandwidth_read_per_layer[7]: 0.8333333333333334
level.getDrainPerLayer[7](): 0
ideal_bandwidth_drain_per_layer[7]: 0.0
ideal_bandwidth_update_per_layer[7]: 1.0
  (For comparison - full updates including accumulation: 4,180,377,600)
level.getFillPerLayer[7](): 0
ideal_bandwidth_fill_per_layer[7]: 0.0

Start of calculation of latency:


Layer_id: 0 in OutRegister

ideal_bandwidth_read_per_layer[0] + ideal_bandwidth_drain_per_layer[0]: 0.0 vs level.read_bandwidth: 2.0
I am in Compute Bound
cc_per_all_tiles_per_layer[0]: 1
STANDARD CASE latency_read_drain_per_layer[0]: 1

ideal_bandwidth_fill_per_layer[0] + ideal_bandwidth_update_per_layer[0]: 0.0 vs level.write_bandwidth: 2.0
previous_fanout_pe_to_pe_warmup: 0
STANDARD CASE latency_fill_update_per_layer[0]: 1


Layer_id: 1 in OutRegister

ideal_bandwidth_read_per_layer[1] + ideal_bandwidth_drain_per_layer[1]: 0.0 vs level.read_bandwidth: 2.0
I am in Compute Bound
cc_per_all_tiles_per_layer[1]: 1
STANDARD CASE latency_read_drain_per_layer[1]: 1

ideal_bandwidth_fill_per_layer[1] + ideal_bandwidth_update_per_layer[1]: 0.0 vs level.write_bandwidth: 2.0
previous_fanout_pe_to_pe_warmup: 0
STANDARD CASE latency_fill_update_per_layer[1]: 1


Layer_id: 2 in OutRegister

ideal_bandwidth_read_per_layer[2] + ideal_bandwidth_drain_per_layer[2]: 0.0 vs level.read_bandwidth: 2.0
I am in Compute Bound
cc_per_all_tiles_per_layer[2]: 1
STANDARD CASE latency_read_drain_per_layer[2]: 1

ideal_bandwidth_fill_per_layer[2] + ideal_bandwidth_update_per_layer[2]: 0.0 vs level.write_bandwidth: 2.0
previous_fanout_pe_to_pe_warmup: 0
STANDARD CASE latency_fill_update_per_layer[2]: 1


Layer_id: 3 in OutRegister

ideal_bandwidth_read_per_layer[3] + ideal_bandwidth_drain_per_layer[3]: 0.0 vs level.read_bandwidth: 2.0
I am in Compute Bound
cc_per_all_tiles_per_layer[3]: 1
STANDARD CASE latency_read_drain_per_layer[3]: 1

ideal_bandwidth_fill_per_layer[3] + ideal_bandwidth_update_per_layer[3]: 0.0 vs level.write_bandwidth: 2.0
previous_fanout_pe_to_pe_warmup: 0
STANDARD CASE latency_fill_update_per_layer[3]: 1


Layer_id: 4 in OutRegister

ideal_bandwidth_read_per_layer[4] + ideal_bandwidth_drain_per_layer[4]: 0.0 vs level.read_bandwidth: 2.0
I am in Compute Bound
cc_per_all_tiles_per_layer[4]: 1
STANDARD CASE latency_read_drain_per_layer[4]: 1

ideal_bandwidth_fill_per_layer[4] + ideal_bandwidth_update_per_layer[4]: 0.0 vs level.write_bandwidth: 2.0
previous_fanout_pe_to_pe_warmup: 0
STANDARD CASE latency_fill_update_per_layer[4]: 1


Layer_id: 5 in OutRegister

ideal_bandwidth_read_per_layer[5] + ideal_bandwidth_drain_per_layer[5]: 0.0 vs level.read_bandwidth: 2.0
I am in Compute Bound
cc_per_all_tiles_per_layer[5]: 1
STANDARD CASE latency_read_drain_per_layer[5]: 1

ideal_bandwidth_fill_per_layer[5] + ideal_bandwidth_update_per_layer[5]: 0.0 vs level.write_bandwidth: 2.0
previous_fanout_pe_to_pe_warmup: 0
STANDARD CASE latency_fill_update_per_layer[5]: 1


Layer_id: 6 in OutRegister

ideal_bandwidth_read_per_layer[6] + ideal_bandwidth_drain_per_layer[6]: 0.0 vs level.read_bandwidth: 2.0
I am in Compute Bound
cc_per_all_tiles_per_layer[6]: 1
STANDARD CASE latency_read_drain_per_layer[6]: 1

ideal_bandwidth_fill_per_layer[6] + ideal_bandwidth_update_per_layer[6]: 0.0 vs level.write_bandwidth: 2.0
previous_fanout_pe_to_pe_warmup: 0
STANDARD CASE latency_fill_update_per_layer[6]: 1


Layer_id: 7 in OutRegister

ideal_bandwidth_read_per_layer[7] + ideal_bandwidth_drain_per_layer[7]: 0.8333333333333334 vs level.read_bandwidth: 2.0
I am in Compute Bound
cc_per_all_tiles_per_layer[7]: 1
STANDARD CASE latency_read_drain_per_layer[7]: 1

ideal_bandwidth_fill_per_layer[7] + ideal_bandwidth_update_per_layer[7]: 1.0 vs level.write_bandwidth: 2.0
previous_fanout_pe_to_pe_warmup: 0
STANDARD CASE latency_fill_update_per_layer[7]: 1

End of calculation of latency.

Calculating per tile final latency and stall for layer 0 in OutRegister: latency_read_drain_per_layer[0] = 1, latency_fill_update_per_layer[0] = 1
Final per tile latency_per_layer[0]: 1
Final per tile stall_cycles_per_layer[0]: 0
Ideal case: no stall introduced by this level per this layer: cc_per_all_tiles_per_layer[0]: 1
Calculating per tile final latency and stall for layer 1 in OutRegister: latency_read_drain_per_layer[1] = 1, latency_fill_update_per_layer[1] = 1
Final per tile latency_per_layer[1]: 1
Final per tile stall_cycles_per_layer[1]: 0
Ideal case: no stall introduced by this level per this layer: cc_per_all_tiles_per_layer[1]: 1
Calculating per tile final latency and stall for layer 2 in OutRegister: latency_read_drain_per_layer[2] = 1, latency_fill_update_per_layer[2] = 1
Final per tile latency_per_layer[2]: 1
Final per tile stall_cycles_per_layer[2]: 0
Ideal case: no stall introduced by this level per this layer: cc_per_all_tiles_per_layer[2]: 1
Calculating per tile final latency and stall for layer 3 in OutRegister: latency_read_drain_per_layer[3] = 1, latency_fill_update_per_layer[3] = 1
Final per tile latency_per_layer[3]: 1
Final per tile stall_cycles_per_layer[3]: 0
Ideal case: no stall introduced by this level per this layer: cc_per_all_tiles_per_layer[3]: 1
Calculating per tile final latency and stall for layer 4 in OutRegister: latency_read_drain_per_layer[4] = 1, latency_fill_update_per_layer[4] = 1
Final per tile latency_per_layer[4]: 1
Final per tile stall_cycles_per_layer[4]: 0
Ideal case: no stall introduced by this level per this layer: cc_per_all_tiles_per_layer[4]: 1
Calculating per tile final latency and stall for layer 5 in OutRegister: latency_read_drain_per_layer[5] = 1, latency_fill_update_per_layer[5] = 1
Final per tile latency_per_layer[5]: 1
Final per tile stall_cycles_per_layer[5]: 0
Ideal case: no stall introduced by this level per this layer: cc_per_all_tiles_per_layer[5]: 1
Calculating per tile final latency and stall for layer 6 in OutRegister: latency_read_drain_per_layer[6] = 1, latency_fill_update_per_layer[6] = 1
Final per tile latency_per_layer[6]: 1
Final per tile stall_cycles_per_layer[6]: 0
Ideal case: no stall introduced by this level per this layer: cc_per_all_tiles_per_layer[6]: 1
Calculating per tile final latency and stall for layer 7 in OutRegister: latency_read_drain_per_layer[7] = 1, latency_fill_update_per_layer[7] = 1
Final per tile latency_per_layer[7]: 1
Final per tile stall_cycles_per_layer[7]: 0
Ideal case: no stall introduced by this level per this layer: cc_per_all_tiles_per_layer[7]: 1


Calculating Latency for Level: IntermediateRegister

Latency for layer: 0 of Level: IntermediateRegister
level.active_instances_per_layer[0]: 840
level.temporal_iterations_per_layer[0]: 2592000
Scaling per layer[0]: 2,177,280,000
Single Tile latency: cc_per_tile_per_layer[0]: 1
Ideal Case, Latency at this level without stalls: cc_per_all_tiles_per_layer[0]: 1
SCALED cc_per_all_tiles_per_layer[0]: 2,177,280,000
level.getReadPerLayer[0](): 2,177,280,000
  (For comparison - full reads including accumulation: 2,177,280,000)
ideal_bandwidth_read_per_layer[0]: 1.0
level.getDrainPerLayer[0](): 0
ideal_bandwidth_drain_per_layer[0]: 0.0
ideal_bandwidth_update_per_layer[0]: 1.0
  (For comparison - full updates including accumulation: 2,177,280,000)
level.getFillPerLayer[0](): 435,456,000
ideal_bandwidth_fill_per_layer[0]: 0.2

Latency for layer: 1 of Level: IntermediateRegister
level.active_instances_per_layer[1]: 672
level.temporal_iterations_per_layer[1]: 518400
Scaling per layer[1]: 348,364,800
Single Tile latency: cc_per_tile_per_layer[1]: 1
Ideal Case, Latency at this level without stalls: cc_per_all_tiles_per_layer[1]: 1
SCALED cc_per_all_tiles_per_layer[1]: 348,364,800
level.getReadPerLayer[1](): 348,364,800
  (For comparison - full reads including accumulation: 348,364,800)
ideal_bandwidth_read_per_layer[1]: 1.0
level.getDrainPerLayer[1](): 0
ideal_bandwidth_drain_per_layer[1]: 0.0
ideal_bandwidth_update_per_layer[1]: 1.0
  (For comparison - full updates including accumulation: 348,364,800)
level.getFillPerLayer[1](): 348,364,800
ideal_bandwidth_fill_per_layer[1]: 1.0

Latency for layer: 2 of Level: IntermediateRegister
level.active_instances_per_layer[2]: 432
level.temporal_iterations_per_layer[2]: 1555200
Scaling per layer[2]: 671,846,400
Single Tile latency: cc_per_tile_per_layer[2]: 1
Ideal Case, Latency at this level without stalls: cc_per_all_tiles_per_layer[2]: 1
SCALED cc_per_all_tiles_per_layer[2]: 671,846,400
level.getReadPerLayer[2](): 671,846,400
  (For comparison - full reads including accumulation: 671,846,400)
ideal_bandwidth_read_per_layer[2]: 1.0
level.getDrainPerLayer[2](): 0
ideal_bandwidth_drain_per_layer[2]: 0.0
ideal_bandwidth_update_per_layer[2]: 1.0
  (For comparison - full updates including accumulation: 671,846,400)
level.getFillPerLayer[2](): 223,948,800
ideal_bandwidth_fill_per_layer[2]: 0.3333333333333333

Latency for layer: 3 of Level: IntermediateRegister
level.active_instances_per_layer[3]: 432
level.temporal_iterations_per_layer[3]: 1555200
Scaling per layer[3]: 671,846,400
Single Tile latency: cc_per_tile_per_layer[3]: 1
Ideal Case, Latency at this level without stalls: cc_per_all_tiles_per_layer[3]: 1
SCALED cc_per_all_tiles_per_layer[3]: 671,846,400
level.getReadPerLayer[3](): 671,846,400
  (For comparison - full reads including accumulation: 671,846,400)
ideal_bandwidth_read_per_layer[3]: 1.0
level.getDrainPerLayer[3](): 0
ideal_bandwidth_drain_per_layer[3]: 0.0
ideal_bandwidth_update_per_layer[3]: 1.0
  (For comparison - full updates including accumulation: 671,846,400)
level.getFillPerLayer[3](): 223,948,800
ideal_bandwidth_fill_per_layer[3]: 0.3333333333333333

Latency for layer: 4 of Level: IntermediateRegister
level.active_instances_per_layer[4]: 432
level.temporal_iterations_per_layer[4]: 1555200
Scaling per layer[4]: 671,846,400
Single Tile latency: cc_per_tile_per_layer[4]: 1
Ideal Case, Latency at this level without stalls: cc_per_all_tiles_per_layer[4]: 1
SCALED cc_per_all_tiles_per_layer[4]: 671,846,400
level.getReadPerLayer[4](): 671,846,400
  (For comparison - full reads including accumulation: 671,846,400)
ideal_bandwidth_read_per_layer[4]: 1.0
level.getDrainPerLayer[4](): 0
ideal_bandwidth_drain_per_layer[4]: 0.0
ideal_bandwidth_update_per_layer[4]: 1.0
  (For comparison - full updates including accumulation: 671,846,400)
level.getFillPerLayer[4](): 223,948,800
ideal_bandwidth_fill_per_layer[4]: 0.3333333333333333

Latency for layer: 5 of Level: IntermediateRegister
level.active_instances_per_layer[5]: 432
level.temporal_iterations_per_layer[5]: 1555200
Scaling per layer[5]: 671,846,400
Single Tile latency: cc_per_tile_per_layer[5]: 1
Ideal Case, Latency at this level without stalls: cc_per_all_tiles_per_layer[5]: 1
SCALED cc_per_all_tiles_per_layer[5]: 671,846,400
level.getReadPerLayer[5](): 671,846,400
  (For comparison - full reads including accumulation: 671,846,400)
ideal_bandwidth_read_per_layer[5]: 1.0
level.getDrainPerLayer[5](): 0
ideal_bandwidth_drain_per_layer[5]: 0.0
ideal_bandwidth_update_per_layer[5]: 1.0
  (For comparison - full updates including accumulation: 671,846,400)
level.getFillPerLayer[5](): 223,948,800
ideal_bandwidth_fill_per_layer[5]: 0.3333333333333333

Latency for layer: 6 of Level: IntermediateRegister
level.active_instances_per_layer[6]: 672
level.temporal_iterations_per_layer[6]: 518400
Scaling per layer[6]: 348,364,800
Single Tile latency: cc_per_tile_per_layer[6]: 1
Ideal Case, Latency at this level without stalls: cc_per_all_tiles_per_layer[6]: 1
SCALED cc_per_all_tiles_per_layer[6]: 348,364,800
level.getReadPerLayer[6](): 348,364,800
  (For comparison - full reads including accumulation: 348,364,800)
ideal_bandwidth_read_per_layer[6]: 1.0
level.getDrainPerLayer[6](): 0
ideal_bandwidth_drain_per_layer[6]: 0.0
ideal_bandwidth_update_per_layer[6]: 1.0
  (For comparison - full updates including accumulation: 348,364,800)
level.getFillPerLayer[6](): 348,364,800
ideal_bandwidth_fill_per_layer[6]: 1.0

Latency for layer: 7 of Level: IntermediateRegister
level.active_instances_per_layer[7]: 1344
level.temporal_iterations_per_layer[7]: 3110400
Scaling per layer[7]: 4,180,377,600
Single Tile latency: cc_per_tile_per_layer[7]: 1
Ideal Case, Latency at this level without stalls: cc_per_all_tiles_per_layer[7]: 1
SCALED cc_per_all_tiles_per_layer[7]: 4,180,377,600
level.getReadPerLayer[7](): 0
  (For comparison - full reads including accumulation: 0)
ideal_bandwidth_read_per_layer[7]: 0.0
level.getDrainPerLayer[7](): 0
ideal_bandwidth_drain_per_layer[7]: 0.0
ideal_bandwidth_update_per_layer[7]: 0.0
  (For comparison - full updates including accumulation: 0)
level.getFillPerLayer[7](): 0
ideal_bandwidth_fill_per_layer[7]: 0.0

Start of calculation of latency:


Layer_id: 0 in IntermediateRegister

ideal_bandwidth_read_per_layer[0] + ideal_bandwidth_drain_per_layer[0]: 1.0 vs level.read_bandwidth: 2.0
I am in Compute Bound
cc_per_all_tiles_per_layer[0]: 1
STANDARD CASE latency_read_drain_per_layer[0]: 1

ideal_bandwidth_fill_per_layer[0] + ideal_bandwidth_update_per_layer[0]: 1.2 vs level.write_bandwidth: 2.0
previous_fanout_pe_to_pe_warmup: 0
STANDARD CASE latency_fill_update_per_layer[0]: 1


Layer_id: 1 in IntermediateRegister

ideal_bandwidth_read_per_layer[1] + ideal_bandwidth_drain_per_layer[1]: 1.0 vs level.read_bandwidth: 2.0
I am in Compute Bound
cc_per_all_tiles_per_layer[1]: 1
STANDARD CASE latency_read_drain_per_layer[1]: 1

ideal_bandwidth_fill_per_layer[1] + ideal_bandwidth_update_per_layer[1]: 2.0 vs level.write_bandwidth: 2.0
previous_fanout_pe_to_pe_warmup: 0
STANDARD CASE latency_fill_update_per_layer[1]: 1


Layer_id: 2 in IntermediateRegister

ideal_bandwidth_read_per_layer[2] + ideal_bandwidth_drain_per_layer[2]: 1.0 vs level.read_bandwidth: 2.0
I am in Compute Bound
cc_per_all_tiles_per_layer[2]: 1
STANDARD CASE latency_read_drain_per_layer[2]: 1

ideal_bandwidth_fill_per_layer[2] + ideal_bandwidth_update_per_layer[2]: 1.3333333333333333 vs level.write_bandwidth: 2.0
previous_fanout_pe_to_pe_warmup: 0
STANDARD CASE latency_fill_update_per_layer[2]: 1


Layer_id: 3 in IntermediateRegister

ideal_bandwidth_read_per_layer[3] + ideal_bandwidth_drain_per_layer[3]: 1.0 vs level.read_bandwidth: 2.0
I am in Compute Bound
cc_per_all_tiles_per_layer[3]: 1
STANDARD CASE latency_read_drain_per_layer[3]: 1

ideal_bandwidth_fill_per_layer[3] + ideal_bandwidth_update_per_layer[3]: 1.3333333333333333 vs level.write_bandwidth: 2.0
previous_fanout_pe_to_pe_warmup: 0
STANDARD CASE latency_fill_update_per_layer[3]: 1


Layer_id: 4 in IntermediateRegister

ideal_bandwidth_read_per_layer[4] + ideal_bandwidth_drain_per_layer[4]: 1.0 vs level.read_bandwidth: 2.0
I am in Compute Bound
cc_per_all_tiles_per_layer[4]: 1
STANDARD CASE latency_read_drain_per_layer[4]: 1

ideal_bandwidth_fill_per_layer[4] + ideal_bandwidth_update_per_layer[4]: 1.3333333333333333 vs level.write_bandwidth: 2.0
previous_fanout_pe_to_pe_warmup: 0
STANDARD CASE latency_fill_update_per_layer[4]: 1


Layer_id: 5 in IntermediateRegister

ideal_bandwidth_read_per_layer[5] + ideal_bandwidth_drain_per_layer[5]: 1.0 vs level.read_bandwidth: 2.0
I am in Compute Bound
cc_per_all_tiles_per_layer[5]: 1
STANDARD CASE latency_read_drain_per_layer[5]: 1

ideal_bandwidth_fill_per_layer[5] + ideal_bandwidth_update_per_layer[5]: 1.3333333333333333 vs level.write_bandwidth: 2.0
previous_fanout_pe_to_pe_warmup: 0
STANDARD CASE latency_fill_update_per_layer[5]: 1


Layer_id: 6 in IntermediateRegister

ideal_bandwidth_read_per_layer[6] + ideal_bandwidth_drain_per_layer[6]: 1.0 vs level.read_bandwidth: 2.0
I am in Compute Bound
cc_per_all_tiles_per_layer[6]: 1
STANDARD CASE latency_read_drain_per_layer[6]: 1

ideal_bandwidth_fill_per_layer[6] + ideal_bandwidth_update_per_layer[6]: 2.0 vs level.write_bandwidth: 2.0
previous_fanout_pe_to_pe_warmup: 0
STANDARD CASE latency_fill_update_per_layer[6]: 1


Layer_id: 7 in IntermediateRegister

ideal_bandwidth_read_per_layer[7] + ideal_bandwidth_drain_per_layer[7]: 0.0 vs level.read_bandwidth: 2.0
I am in Compute Bound
cc_per_all_tiles_per_layer[7]: 1
STANDARD CASE latency_read_drain_per_layer[7]: 1

ideal_bandwidth_fill_per_layer[7] + ideal_bandwidth_update_per_layer[7]: 0.0 vs level.write_bandwidth: 2.0
previous_fanout_pe_to_pe_warmup: 0
STANDARD CASE latency_fill_update_per_layer[7]: 1

End of calculation of latency.

Calculating per tile final latency and stall for layer 0 in IntermediateRegister: latency_read_drain_per_layer[0] = 1, latency_fill_update_per_layer[0] = 1
Final per tile latency_per_layer[0]: 1
Final per tile stall_cycles_per_layer[0]: 0
Ideal case: no stall introduced by this level per this layer: cc_per_all_tiles_per_layer[0]: 1
Calculating per tile final latency and stall for layer 1 in IntermediateRegister: latency_read_drain_per_layer[1] = 1, latency_fill_update_per_layer[1] = 1
Final per tile latency_per_layer[1]: 1
Final per tile stall_cycles_per_layer[1]: 0
Ideal case: no stall introduced by this level per this layer: cc_per_all_tiles_per_layer[1]: 1
Calculating per tile final latency and stall for layer 2 in IntermediateRegister: latency_read_drain_per_layer[2] = 1, latency_fill_update_per_layer[2] = 1
Final per tile latency_per_layer[2]: 1
Final per tile stall_cycles_per_layer[2]: 0
Ideal case: no stall introduced by this level per this layer: cc_per_all_tiles_per_layer[2]: 1
Calculating per tile final latency and stall for layer 3 in IntermediateRegister: latency_read_drain_per_layer[3] = 1, latency_fill_update_per_layer[3] = 1
Final per tile latency_per_layer[3]: 1
Final per tile stall_cycles_per_layer[3]: 0
Ideal case: no stall introduced by this level per this layer: cc_per_all_tiles_per_layer[3]: 1
Calculating per tile final latency and stall for layer 4 in IntermediateRegister: latency_read_drain_per_layer[4] = 1, latency_fill_update_per_layer[4] = 1
Final per tile latency_per_layer[4]: 1
Final per tile stall_cycles_per_layer[4]: 0
Ideal case: no stall introduced by this level per this layer: cc_per_all_tiles_per_layer[4]: 1
Calculating per tile final latency and stall for layer 5 in IntermediateRegister: latency_read_drain_per_layer[5] = 1, latency_fill_update_per_layer[5] = 1
Final per tile latency_per_layer[5]: 1
Final per tile stall_cycles_per_layer[5]: 0
Ideal case: no stall introduced by this level per this layer: cc_per_all_tiles_per_layer[5]: 1
Calculating per tile final latency and stall for layer 6 in IntermediateRegister: latency_read_drain_per_layer[6] = 1, latency_fill_update_per_layer[6] = 1
Final per tile latency_per_layer[6]: 1
Final per tile stall_cycles_per_layer[6]: 0
Ideal case: no stall introduced by this level per this layer: cc_per_all_tiles_per_layer[6]: 1
Calculating per tile final latency and stall for layer 7 in IntermediateRegister: latency_read_drain_per_layer[7] = 1, latency_fill_update_per_layer[7] = 1
Final per tile latency_per_layer[7]: 1
Final per tile stall_cycles_per_layer[7]: 0
Ideal case: no stall introduced by this level per this layer: cc_per_all_tiles_per_layer[7]: 1


Calculating Latency for Level: WRegister

Latency for layer: 0 of Level: WRegister
level.active_instances_per_layer[0]: 840
level.temporal_iterations_per_layer[0]: 518400
Scaling per layer[0]: 435,456,000
Single Tile latency: cc_per_tile_per_layer[0]: 1
Ideal Case, Latency at this level without stalls: cc_per_all_tiles_per_layer[0]: 5
SCALED cc_per_all_tiles_per_layer[0]: 2,177,280,000
level.getReadPerLayer[0](): 2,177,280,000
  (For comparison - full reads including accumulation: 2,177,280,000)
ideal_bandwidth_read_per_layer[0]: 1.0
level.getDrainPerLayer[0](): 0
ideal_bandwidth_drain_per_layer[0]: 0.0
ideal_bandwidth_update_per_layer[0]: 0.0
  (For comparison - full updates including accumulation: 0)
level.getFillPerLayer[0](): 4,200
ideal_bandwidth_fill_per_layer[0]: 1.9290123456790124e-06

Latency for layer: 1 of Level: WRegister
level.active_instances_per_layer[1]: 672
level.temporal_iterations_per_layer[1]: 518400
Scaling per layer[1]: 348,364,800
Single Tile latency: cc_per_tile_per_layer[1]: 1
Ideal Case, Latency at this level without stalls: cc_per_all_tiles_per_layer[1]: 1
SCALED cc_per_all_tiles_per_layer[1]: 348,364,800
level.getReadPerLayer[1](): 348,364,800
  (For comparison - full reads including accumulation: 348,364,800)
ideal_bandwidth_read_per_layer[1]: 1.0
level.getDrainPerLayer[1](): 0
ideal_bandwidth_drain_per_layer[1]: 0.0
ideal_bandwidth_update_per_layer[1]: 0.0
  (For comparison - full updates including accumulation: 0)
level.getFillPerLayer[1](): 672
ideal_bandwidth_fill_per_layer[1]: 1.9290123456790124e-06

Latency for layer: 2 of Level: WRegister
level.active_instances_per_layer[2]: 432
level.temporal_iterations_per_layer[2]: 518400
Scaling per layer[2]: 223,948,800
Single Tile latency: cc_per_tile_per_layer[2]: 1
Ideal Case, Latency at this level without stalls: cc_per_all_tiles_per_layer[2]: 3
SCALED cc_per_all_tiles_per_layer[2]: 671,846,400
level.getReadPerLayer[2](): 671,846,400
  (For comparison - full reads including accumulation: 671,846,400)
ideal_bandwidth_read_per_layer[2]: 1.0
level.getDrainPerLayer[2](): 0
ideal_bandwidth_drain_per_layer[2]: 0.0
ideal_bandwidth_update_per_layer[2]: 0.0
  (For comparison - full updates including accumulation: 0)
level.getFillPerLayer[2](): 1,296
ideal_bandwidth_fill_per_layer[2]: 1.9290123456790124e-06

Latency for layer: 3 of Level: WRegister
level.active_instances_per_layer[3]: 432
level.temporal_iterations_per_layer[3]: 518400
Scaling per layer[3]: 223,948,800
Single Tile latency: cc_per_tile_per_layer[3]: 1
Ideal Case, Latency at this level without stalls: cc_per_all_tiles_per_layer[3]: 3
SCALED cc_per_all_tiles_per_layer[3]: 671,846,400
level.getReadPerLayer[3](): 671,846,400
  (For comparison - full reads including accumulation: 671,846,400)
ideal_bandwidth_read_per_layer[3]: 1.0
level.getDrainPerLayer[3](): 0
ideal_bandwidth_drain_per_layer[3]: 0.0
ideal_bandwidth_update_per_layer[3]: 0.0
  (For comparison - full updates including accumulation: 0)
level.getFillPerLayer[3](): 1,296
ideal_bandwidth_fill_per_layer[3]: 1.9290123456790124e-06

Latency for layer: 4 of Level: WRegister
level.active_instances_per_layer[4]: 432
level.temporal_iterations_per_layer[4]: 518400
Scaling per layer[4]: 223,948,800
Single Tile latency: cc_per_tile_per_layer[4]: 1
Ideal Case, Latency at this level without stalls: cc_per_all_tiles_per_layer[4]: 3
SCALED cc_per_all_tiles_per_layer[4]: 671,846,400
level.getReadPerLayer[4](): 671,846,400
  (For comparison - full reads including accumulation: 671,846,400)
ideal_bandwidth_read_per_layer[4]: 1.0
level.getDrainPerLayer[4](): 0
ideal_bandwidth_drain_per_layer[4]: 0.0
ideal_bandwidth_update_per_layer[4]: 0.0
  (For comparison - full updates including accumulation: 0)
level.getFillPerLayer[4](): 1,296
ideal_bandwidth_fill_per_layer[4]: 1.9290123456790124e-06

Latency for layer: 5 of Level: WRegister
level.active_instances_per_layer[5]: 432
level.temporal_iterations_per_layer[5]: 518400
Scaling per layer[5]: 223,948,800
Single Tile latency: cc_per_tile_per_layer[5]: 1
Ideal Case, Latency at this level without stalls: cc_per_all_tiles_per_layer[5]: 3
SCALED cc_per_all_tiles_per_layer[5]: 671,846,400
level.getReadPerLayer[5](): 671,846,400
  (For comparison - full reads including accumulation: 671,846,400)
ideal_bandwidth_read_per_layer[5]: 1.0
level.getDrainPerLayer[5](): 0
ideal_bandwidth_drain_per_layer[5]: 0.0
ideal_bandwidth_update_per_layer[5]: 0.0
  (For comparison - full updates including accumulation: 0)
level.getFillPerLayer[5](): 1,296
ideal_bandwidth_fill_per_layer[5]: 1.9290123456790124e-06

Latency for layer: 6 of Level: WRegister
level.active_instances_per_layer[6]: 672
level.temporal_iterations_per_layer[6]: 518400
Scaling per layer[6]: 348,364,800
Single Tile latency: cc_per_tile_per_layer[6]: 1
Ideal Case, Latency at this level without stalls: cc_per_all_tiles_per_layer[6]: 1
SCALED cc_per_all_tiles_per_layer[6]: 348,364,800
level.getReadPerLayer[6](): 348,364,800
  (For comparison - full reads including accumulation: 348,364,800)
ideal_bandwidth_read_per_layer[6]: 1.0
level.getDrainPerLayer[6](): 0
ideal_bandwidth_drain_per_layer[6]: 0.0
ideal_bandwidth_update_per_layer[6]: 0.0
  (For comparison - full updates including accumulation: 0)
level.getFillPerLayer[6](): 672
ideal_bandwidth_fill_per_layer[6]: 1.9290123456790124e-06

Latency for layer: 7 of Level: WRegister
level.active_instances_per_layer[7]: 1344
level.temporal_iterations_per_layer[7]: 518400
Scaling per layer[7]: 696,729,600
Single Tile latency: cc_per_tile_per_layer[7]: 1
Ideal Case, Latency at this level without stalls: cc_per_all_tiles_per_layer[7]: 6
SCALED cc_per_all_tiles_per_layer[7]: 4,180,377,600
level.getReadPerLayer[7](): 4,180,377,600
  (For comparison - full reads including accumulation: 4,180,377,600)
ideal_bandwidth_read_per_layer[7]: 1.0
level.getDrainPerLayer[7](): 0
ideal_bandwidth_drain_per_layer[7]: 0.0
ideal_bandwidth_update_per_layer[7]: 0.0
  (For comparison - full updates including accumulation: 0)
level.getFillPerLayer[7](): 8,064
ideal_bandwidth_fill_per_layer[7]: 1.9290123456790124e-06

Start of calculation of latency:


Layer_id: 0 in WRegister

ideal_bandwidth_read_per_layer[0] + ideal_bandwidth_drain_per_layer[0]: 1.0 vs level.read_bandwidth: 2.0
I am in Compute Bound
cc_per_all_tiles_per_layer[0]: 5
STANDARD CASE latency_read_drain_per_layer[0]: 5

ideal_bandwidth_fill_per_layer[0] + ideal_bandwidth_update_per_layer[0]: 1.9290123456790124e-06 vs level.write_bandwidth: 2.0
previous_fanout_pe_to_pe_warmup: 0
STANDARD CASE latency_fill_update_per_layer[0]: 5


Layer_id: 1 in WRegister

ideal_bandwidth_read_per_layer[1] + ideal_bandwidth_drain_per_layer[1]: 1.0 vs level.read_bandwidth: 2.0
I am in Compute Bound
cc_per_all_tiles_per_layer[1]: 1
STANDARD CASE latency_read_drain_per_layer[1]: 1

ideal_bandwidth_fill_per_layer[1] + ideal_bandwidth_update_per_layer[1]: 1.9290123456790124e-06 vs level.write_bandwidth: 2.0
previous_fanout_pe_to_pe_warmup: 0
STANDARD CASE latency_fill_update_per_layer[1]: 1


Layer_id: 2 in WRegister

ideal_bandwidth_read_per_layer[2] + ideal_bandwidth_drain_per_layer[2]: 1.0 vs level.read_bandwidth: 2.0
I am in Compute Bound
cc_per_all_tiles_per_layer[2]: 3
STANDARD CASE latency_read_drain_per_layer[2]: 3

ideal_bandwidth_fill_per_layer[2] + ideal_bandwidth_update_per_layer[2]: 1.9290123456790124e-06 vs level.write_bandwidth: 2.0
previous_fanout_pe_to_pe_warmup: 0
STANDARD CASE latency_fill_update_per_layer[2]: 3


Layer_id: 3 in WRegister

ideal_bandwidth_read_per_layer[3] + ideal_bandwidth_drain_per_layer[3]: 1.0 vs level.read_bandwidth: 2.0
I am in Compute Bound
cc_per_all_tiles_per_layer[3]: 3
STANDARD CASE latency_read_drain_per_layer[3]: 3

ideal_bandwidth_fill_per_layer[3] + ideal_bandwidth_update_per_layer[3]: 1.9290123456790124e-06 vs level.write_bandwidth: 2.0
previous_fanout_pe_to_pe_warmup: 0
STANDARD CASE latency_fill_update_per_layer[3]: 3


Layer_id: 4 in WRegister

ideal_bandwidth_read_per_layer[4] + ideal_bandwidth_drain_per_layer[4]: 1.0 vs level.read_bandwidth: 2.0
I am in Compute Bound
cc_per_all_tiles_per_layer[4]: 3
STANDARD CASE latency_read_drain_per_layer[4]: 3

ideal_bandwidth_fill_per_layer[4] + ideal_bandwidth_update_per_layer[4]: 1.9290123456790124e-06 vs level.write_bandwidth: 2.0
previous_fanout_pe_to_pe_warmup: 0
STANDARD CASE latency_fill_update_per_layer[4]: 3


Layer_id: 5 in WRegister

ideal_bandwidth_read_per_layer[5] + ideal_bandwidth_drain_per_layer[5]: 1.0 vs level.read_bandwidth: 2.0
I am in Compute Bound
cc_per_all_tiles_per_layer[5]: 3
STANDARD CASE latency_read_drain_per_layer[5]: 3

ideal_bandwidth_fill_per_layer[5] + ideal_bandwidth_update_per_layer[5]: 1.9290123456790124e-06 vs level.write_bandwidth: 2.0
previous_fanout_pe_to_pe_warmup: 0
STANDARD CASE latency_fill_update_per_layer[5]: 3


Layer_id: 6 in WRegister

ideal_bandwidth_read_per_layer[6] + ideal_bandwidth_drain_per_layer[6]: 1.0 vs level.read_bandwidth: 2.0
I am in Compute Bound
cc_per_all_tiles_per_layer[6]: 1
STANDARD CASE latency_read_drain_per_layer[6]: 1

ideal_bandwidth_fill_per_layer[6] + ideal_bandwidth_update_per_layer[6]: 1.9290123456790124e-06 vs level.write_bandwidth: 2.0
previous_fanout_pe_to_pe_warmup: 0
STANDARD CASE latency_fill_update_per_layer[6]: 1


Layer_id: 7 in WRegister

ideal_bandwidth_read_per_layer[7] + ideal_bandwidth_drain_per_layer[7]: 1.0 vs level.read_bandwidth: 2.0
I am in Compute Bound
cc_per_all_tiles_per_layer[7]: 6
STANDARD CASE latency_read_drain_per_layer[7]: 6

ideal_bandwidth_fill_per_layer[7] + ideal_bandwidth_update_per_layer[7]: 1.9290123456790124e-06 vs level.write_bandwidth: 2.0
previous_fanout_pe_to_pe_warmup: 0
STANDARD CASE latency_fill_update_per_layer[7]: 6

End of calculation of latency.

Calculating per tile final latency and stall for layer 0 in WRegister: latency_read_drain_per_layer[0] = 5, latency_fill_update_per_layer[0] = 5
Final per tile latency_per_layer[0]: 5
Final per tile stall_cycles_per_layer[0]: 0
Ideal case: no stall introduced by this level per this layer: cc_per_all_tiles_per_layer[0]: 5
Calculating per tile final latency and stall for layer 1 in WRegister: latency_read_drain_per_layer[1] = 1, latency_fill_update_per_layer[1] = 1
Final per tile latency_per_layer[1]: 1
Final per tile stall_cycles_per_layer[1]: 0
Ideal case: no stall introduced by this level per this layer: cc_per_all_tiles_per_layer[1]: 1
Calculating per tile final latency and stall for layer 2 in WRegister: latency_read_drain_per_layer[2] = 3, latency_fill_update_per_layer[2] = 3
Final per tile latency_per_layer[2]: 3
Final per tile stall_cycles_per_layer[2]: 0
Ideal case: no stall introduced by this level per this layer: cc_per_all_tiles_per_layer[2]: 3
Calculating per tile final latency and stall for layer 3 in WRegister: latency_read_drain_per_layer[3] = 3, latency_fill_update_per_layer[3] = 3
Final per tile latency_per_layer[3]: 3
Final per tile stall_cycles_per_layer[3]: 0
Ideal case: no stall introduced by this level per this layer: cc_per_all_tiles_per_layer[3]: 3
Calculating per tile final latency and stall for layer 4 in WRegister: latency_read_drain_per_layer[4] = 3, latency_fill_update_per_layer[4] = 3
Final per tile latency_per_layer[4]: 3
Final per tile stall_cycles_per_layer[4]: 0
Ideal case: no stall introduced by this level per this layer: cc_per_all_tiles_per_layer[4]: 3
Calculating per tile final latency and stall for layer 5 in WRegister: latency_read_drain_per_layer[5] = 3, latency_fill_update_per_layer[5] = 3
Final per tile latency_per_layer[5]: 3
Final per tile stall_cycles_per_layer[5]: 0
Ideal case: no stall introduced by this level per this layer: cc_per_all_tiles_per_layer[5]: 3
Calculating per tile final latency and stall for layer 6 in WRegister: latency_read_drain_per_layer[6] = 1, latency_fill_update_per_layer[6] = 1
Final per tile latency_per_layer[6]: 1
Final per tile stall_cycles_per_layer[6]: 0
Ideal case: no stall introduced by this level per this layer: cc_per_all_tiles_per_layer[6]: 1
Calculating per tile final latency and stall for layer 7 in WRegister: latency_read_drain_per_layer[7] = 6, latency_fill_update_per_layer[7] = 6
Final per tile latency_per_layer[7]: 6
Final per tile stall_cycles_per_layer[7]: 0
Ideal case: no stall introduced by this level per this layer: cc_per_all_tiles_per_layer[7]: 6


Calculating Latency for Level: InRegister

Latency for layer: 0 of Level: InRegister
level.active_instances_per_layer[0]: 840
level.temporal_iterations_per_layer[0]: 518400
Scaling per layer[0]: 435,456,000
Single Tile latency: cc_per_tile_per_layer[0]: 5
Ideal Case, Latency at this level without stalls: cc_per_all_tiles_per_layer[0]: 5
SCALED cc_per_all_tiles_per_layer[0]: 2,177,280,000
level.getReadPerLayer[0](): 2,177,280,000
  (For comparison - full reads including accumulation: 2,177,280,000)
ideal_bandwidth_read_per_layer[0]: 1.0
level.getDrainPerLayer[0](): 0
ideal_bandwidth_drain_per_layer[0]: 0.0
ideal_bandwidth_update_per_layer[0]: 0.0
  (For comparison - full updates including accumulation: 0)
level.getFillPerLayer[0](): 435,456,000
ideal_bandwidth_fill_per_layer[0]: 0.2

Latency for layer: 1 of Level: InRegister
level.active_instances_per_layer[1]: 672
level.temporal_iterations_per_layer[1]: 518400
Scaling per layer[1]: 348,364,800
Single Tile latency: cc_per_tile_per_layer[1]: 1
Ideal Case, Latency at this level without stalls: cc_per_all_tiles_per_layer[1]: 1
SCALED cc_per_all_tiles_per_layer[1]: 348,364,800
level.getReadPerLayer[1](): 348,364,800
  (For comparison - full reads including accumulation: 348,364,800)
ideal_bandwidth_read_per_layer[1]: 1.0
level.getDrainPerLayer[1](): 0
ideal_bandwidth_drain_per_layer[1]: 0.0
ideal_bandwidth_update_per_layer[1]: 0.0
  (For comparison - full updates including accumulation: 0)
level.getFillPerLayer[1](): 348,364,800
ideal_bandwidth_fill_per_layer[1]: 1.0

Latency for layer: 2 of Level: InRegister
level.active_instances_per_layer[2]: 432
level.temporal_iterations_per_layer[2]: 518400
Scaling per layer[2]: 223,948,800
Single Tile latency: cc_per_tile_per_layer[2]: 3
Ideal Case, Latency at this level without stalls: cc_per_all_tiles_per_layer[2]: 3
SCALED cc_per_all_tiles_per_layer[2]: 671,846,400
level.getReadPerLayer[2](): 671,846,400
  (For comparison - full reads including accumulation: 671,846,400)
ideal_bandwidth_read_per_layer[2]: 1.0
level.getDrainPerLayer[2](): 0
ideal_bandwidth_drain_per_layer[2]: 0.0
ideal_bandwidth_update_per_layer[2]: 0.0
  (For comparison - full updates including accumulation: 0)
level.getFillPerLayer[2](): 223,948,800
ideal_bandwidth_fill_per_layer[2]: 0.3333333333333333

Latency for layer: 3 of Level: InRegister
level.active_instances_per_layer[3]: 432
level.temporal_iterations_per_layer[3]: 518400
Scaling per layer[3]: 223,948,800
Single Tile latency: cc_per_tile_per_layer[3]: 3
Ideal Case, Latency at this level without stalls: cc_per_all_tiles_per_layer[3]: 3
SCALED cc_per_all_tiles_per_layer[3]: 671,846,400
level.getReadPerLayer[3](): 671,846,400
  (For comparison - full reads including accumulation: 671,846,400)
ideal_bandwidth_read_per_layer[3]: 1.0
level.getDrainPerLayer[3](): 0
ideal_bandwidth_drain_per_layer[3]: 0.0
ideal_bandwidth_update_per_layer[3]: 0.0
  (For comparison - full updates including accumulation: 0)
level.getFillPerLayer[3](): 223,948,800
ideal_bandwidth_fill_per_layer[3]: 0.3333333333333333

Latency for layer: 4 of Level: InRegister
level.active_instances_per_layer[4]: 432
level.temporal_iterations_per_layer[4]: 518400
Scaling per layer[4]: 223,948,800
Single Tile latency: cc_per_tile_per_layer[4]: 3
Ideal Case, Latency at this level without stalls: cc_per_all_tiles_per_layer[4]: 3
SCALED cc_per_all_tiles_per_layer[4]: 671,846,400
level.getReadPerLayer[4](): 671,846,400
  (For comparison - full reads including accumulation: 671,846,400)
ideal_bandwidth_read_per_layer[4]: 1.0
level.getDrainPerLayer[4](): 0
ideal_bandwidth_drain_per_layer[4]: 0.0
ideal_bandwidth_update_per_layer[4]: 0.0
  (For comparison - full updates including accumulation: 0)
level.getFillPerLayer[4](): 223,948,800
ideal_bandwidth_fill_per_layer[4]: 0.3333333333333333

Latency for layer: 5 of Level: InRegister
level.active_instances_per_layer[5]: 432
level.temporal_iterations_per_layer[5]: 518400
Scaling per layer[5]: 223,948,800
Single Tile latency: cc_per_tile_per_layer[5]: 3
Ideal Case, Latency at this level without stalls: cc_per_all_tiles_per_layer[5]: 3
SCALED cc_per_all_tiles_per_layer[5]: 671,846,400
level.getReadPerLayer[5](): 671,846,400
  (For comparison - full reads including accumulation: 671,846,400)
ideal_bandwidth_read_per_layer[5]: 1.0
level.getDrainPerLayer[5](): 0
ideal_bandwidth_drain_per_layer[5]: 0.0
ideal_bandwidth_update_per_layer[5]: 0.0
  (For comparison - full updates including accumulation: 0)
level.getFillPerLayer[5](): 223,948,800
ideal_bandwidth_fill_per_layer[5]: 0.3333333333333333

Latency for layer: 6 of Level: InRegister
level.active_instances_per_layer[6]: 672
level.temporal_iterations_per_layer[6]: 518400
Scaling per layer[6]: 348,364,800
Single Tile latency: cc_per_tile_per_layer[6]: 1
Ideal Case, Latency at this level without stalls: cc_per_all_tiles_per_layer[6]: 1
SCALED cc_per_all_tiles_per_layer[6]: 348,364,800
level.getReadPerLayer[6](): 348,364,800
  (For comparison - full reads including accumulation: 348,364,800)
ideal_bandwidth_read_per_layer[6]: 1.0
level.getDrainPerLayer[6](): 0
ideal_bandwidth_drain_per_layer[6]: 0.0
ideal_bandwidth_update_per_layer[6]: 0.0
  (For comparison - full updates including accumulation: 0)
level.getFillPerLayer[6](): 348,364,800
ideal_bandwidth_fill_per_layer[6]: 1.0

Latency for layer: 7 of Level: InRegister
level.active_instances_per_layer[7]: 1344
level.temporal_iterations_per_layer[7]: 518400
Scaling per layer[7]: 696,729,600
Single Tile latency: cc_per_tile_per_layer[7]: 6
Ideal Case, Latency at this level without stalls: cc_per_all_tiles_per_layer[7]: 6
SCALED cc_per_all_tiles_per_layer[7]: 4,180,377,600
level.getReadPerLayer[7](): 4,180,377,600
  (For comparison - full reads including accumulation: 4,180,377,600)
ideal_bandwidth_read_per_layer[7]: 1.0
level.getDrainPerLayer[7](): 0
ideal_bandwidth_drain_per_layer[7]: 0.0
ideal_bandwidth_update_per_layer[7]: 0.0
  (For comparison - full updates including accumulation: 0)
level.getFillPerLayer[7](): 1,393,459,200
ideal_bandwidth_fill_per_layer[7]: 0.3333333333333333

Start of calculation of latency:


Layer_id: 0 in InRegister

ideal_bandwidth_read_per_layer[0] + ideal_bandwidth_drain_per_layer[0]: 1.0 vs level.read_bandwidth: 2.0
I am in Compute Bound
cc_per_all_tiles_per_layer[0]: 5
STANDARD CASE latency_read_drain_per_layer[0]: 5

ideal_bandwidth_fill_per_layer[0] + ideal_bandwidth_update_per_layer[0]: 0.2 vs level.write_bandwidth: 2.0
previous_fanout_pe_to_pe_warmup: 0
STANDARD CASE latency_fill_update_per_layer[0]: 5


Layer_id: 1 in InRegister

ideal_bandwidth_read_per_layer[1] + ideal_bandwidth_drain_per_layer[1]: 1.0 vs level.read_bandwidth: 2.0
I am in Compute Bound
cc_per_all_tiles_per_layer[1]: 1
STANDARD CASE latency_read_drain_per_layer[1]: 1

ideal_bandwidth_fill_per_layer[1] + ideal_bandwidth_update_per_layer[1]: 1.0 vs level.write_bandwidth: 2.0
previous_fanout_pe_to_pe_warmup: 0
STANDARD CASE latency_fill_update_per_layer[1]: 1


Layer_id: 2 in InRegister

ideal_bandwidth_read_per_layer[2] + ideal_bandwidth_drain_per_layer[2]: 1.0 vs level.read_bandwidth: 2.0
I am in Compute Bound
cc_per_all_tiles_per_layer[2]: 3
STANDARD CASE latency_read_drain_per_layer[2]: 3

ideal_bandwidth_fill_per_layer[2] + ideal_bandwidth_update_per_layer[2]: 0.3333333333333333 vs level.write_bandwidth: 2.0
previous_fanout_pe_to_pe_warmup: 0
STANDARD CASE latency_fill_update_per_layer[2]: 3


Layer_id: 3 in InRegister

ideal_bandwidth_read_per_layer[3] + ideal_bandwidth_drain_per_layer[3]: 1.0 vs level.read_bandwidth: 2.0
I am in Compute Bound
cc_per_all_tiles_per_layer[3]: 3
STANDARD CASE latency_read_drain_per_layer[3]: 3

ideal_bandwidth_fill_per_layer[3] + ideal_bandwidth_update_per_layer[3]: 0.3333333333333333 vs level.write_bandwidth: 2.0
previous_fanout_pe_to_pe_warmup: 0
STANDARD CASE latency_fill_update_per_layer[3]: 3


Layer_id: 4 in InRegister

ideal_bandwidth_read_per_layer[4] + ideal_bandwidth_drain_per_layer[4]: 1.0 vs level.read_bandwidth: 2.0
I am in Compute Bound
cc_per_all_tiles_per_layer[4]: 3
STANDARD CASE latency_read_drain_per_layer[4]: 3

ideal_bandwidth_fill_per_layer[4] + ideal_bandwidth_update_per_layer[4]: 0.3333333333333333 vs level.write_bandwidth: 2.0
previous_fanout_pe_to_pe_warmup: 0
STANDARD CASE latency_fill_update_per_layer[4]: 3


Layer_id: 5 in InRegister

ideal_bandwidth_read_per_layer[5] + ideal_bandwidth_drain_per_layer[5]: 1.0 vs level.read_bandwidth: 2.0
I am in Compute Bound
cc_per_all_tiles_per_layer[5]: 3
STANDARD CASE latency_read_drain_per_layer[5]: 3

ideal_bandwidth_fill_per_layer[5] + ideal_bandwidth_update_per_layer[5]: 0.3333333333333333 vs level.write_bandwidth: 2.0
previous_fanout_pe_to_pe_warmup: 0
STANDARD CASE latency_fill_update_per_layer[5]: 3


Layer_id: 6 in InRegister

ideal_bandwidth_read_per_layer[6] + ideal_bandwidth_drain_per_layer[6]: 1.0 vs level.read_bandwidth: 2.0
I am in Compute Bound
cc_per_all_tiles_per_layer[6]: 1
STANDARD CASE latency_read_drain_per_layer[6]: 1

ideal_bandwidth_fill_per_layer[6] + ideal_bandwidth_update_per_layer[6]: 1.0 vs level.write_bandwidth: 2.0
previous_fanout_pe_to_pe_warmup: 0
STANDARD CASE latency_fill_update_per_layer[6]: 1


Layer_id: 7 in InRegister

ideal_bandwidth_read_per_layer[7] + ideal_bandwidth_drain_per_layer[7]: 1.0 vs level.read_bandwidth: 2.0
I am in Compute Bound
cc_per_all_tiles_per_layer[7]: 6
STANDARD CASE latency_read_drain_per_layer[7]: 6

ideal_bandwidth_fill_per_layer[7] + ideal_bandwidth_update_per_layer[7]: 0.3333333333333333 vs level.write_bandwidth: 2.0
previous_fanout_pe_to_pe_warmup: 0
STANDARD CASE latency_fill_update_per_layer[7]: 6

End of calculation of latency.

Calculating per tile final latency and stall for layer 0 in InRegister: latency_read_drain_per_layer[0] = 5, latency_fill_update_per_layer[0] = 5
Final per tile latency_per_layer[0]: 5
Final per tile stall_cycles_per_layer[0]: 0
Ideal case: no stall introduced by this level per this layer: cc_per_all_tiles_per_layer[0]: 5
Calculating per tile final latency and stall for layer 1 in InRegister: latency_read_drain_per_layer[1] = 1, latency_fill_update_per_layer[1] = 1
Final per tile latency_per_layer[1]: 1
Final per tile stall_cycles_per_layer[1]: 0
Ideal case: no stall introduced by this level per this layer: cc_per_all_tiles_per_layer[1]: 1
Calculating per tile final latency and stall for layer 2 in InRegister: latency_read_drain_per_layer[2] = 3, latency_fill_update_per_layer[2] = 3
Final per tile latency_per_layer[2]: 3
Final per tile stall_cycles_per_layer[2]: 0
Ideal case: no stall introduced by this level per this layer: cc_per_all_tiles_per_layer[2]: 3
Calculating per tile final latency and stall for layer 3 in InRegister: latency_read_drain_per_layer[3] = 3, latency_fill_update_per_layer[3] = 3
Final per tile latency_per_layer[3]: 3
Final per tile stall_cycles_per_layer[3]: 0
Ideal case: no stall introduced by this level per this layer: cc_per_all_tiles_per_layer[3]: 3
Calculating per tile final latency and stall for layer 4 in InRegister: latency_read_drain_per_layer[4] = 3, latency_fill_update_per_layer[4] = 3
Final per tile latency_per_layer[4]: 3
Final per tile stall_cycles_per_layer[4]: 0
Ideal case: no stall introduced by this level per this layer: cc_per_all_tiles_per_layer[4]: 3
Calculating per tile final latency and stall for layer 5 in InRegister: latency_read_drain_per_layer[5] = 3, latency_fill_update_per_layer[5] = 3
Final per tile latency_per_layer[5]: 3
Final per tile stall_cycles_per_layer[5]: 0
Ideal case: no stall introduced by this level per this layer: cc_per_all_tiles_per_layer[5]: 3
Calculating per tile final latency and stall for layer 6 in InRegister: latency_read_drain_per_layer[6] = 1, latency_fill_update_per_layer[6] = 1
Final per tile latency_per_layer[6]: 1
Final per tile stall_cycles_per_layer[6]: 0
Ideal case: no stall introduced by this level per this layer: cc_per_all_tiles_per_layer[6]: 1
Calculating per tile final latency and stall for layer 7 in InRegister: latency_read_drain_per_layer[7] = 6, latency_fill_update_per_layer[7] = 6
Final per tile latency_per_layer[7]: 6
Final per tile stall_cycles_per_layer[7]: 0
Ideal case: no stall introduced by this level per this layer: cc_per_all_tiles_per_layer[7]: 6


Calculating Latency for Level: GlobalBuffer

Latency for layer: 0 of Level: GlobalBuffer
level.active_instances_per_layer[0]: 1
level.temporal_iterations_per_layer[0]: 518400
Scaling per layer[0]: 518,400
Single Tile latency: cc_per_tile_per_layer[0]: 5
Ideal Case, Latency at this level without stalls: cc_per_all_tiles_per_layer[0]: 5
SCALED cc_per_all_tiles_per_layer[0]: 2,592,000
level.getReadPerLayer[0](): 36,806,400
  (For comparison - full reads including accumulation: 36,806,400)
ideal_bandwidth_read_per_layer[0]: 14.2
level.getDrainPerLayer[0](): 0
ideal_bandwidth_drain_per_layer[0]: 0.0
ideal_bandwidth_update_per_layer[0]: 11.2
  (For comparison - full updates including accumulation: 29,030,400)
level.getFillPerLayer[0](): 1,555,200
ideal_bandwidth_fill_per_layer[0]: 0.6

Latency for layer: 1 of Level: GlobalBuffer
level.active_instances_per_layer[1]: 1
level.temporal_iterations_per_layer[1]: 518400
Scaling per layer[1]: 518,400
Single Tile latency: cc_per_tile_per_layer[1]: 1
Ideal Case, Latency at this level without stalls: cc_per_all_tiles_per_layer[1]: 1
SCALED cc_per_all_tiles_per_layer[1]: 518,400
level.getReadPerLayer[1](): 35,251,200
  (For comparison - full reads including accumulation: 35,251,200)
ideal_bandwidth_read_per_layer[1]: 68.0
level.getDrainPerLayer[1](): 0
ideal_bandwidth_drain_per_layer[1]: 0.0
ideal_bandwidth_update_per_layer[1]: 12.0
  (For comparison - full updates including accumulation: 6,220,800)
level.getFillPerLayer[1](): 0
ideal_bandwidth_fill_per_layer[1]: 0.0

Latency for layer: 2 of Level: GlobalBuffer
level.active_instances_per_layer[2]: 1
level.temporal_iterations_per_layer[2]: 518400
Scaling per layer[2]: 518,400
Single Tile latency: cc_per_tile_per_layer[2]: 3
Ideal Case, Latency at this level without stalls: cc_per_all_tiles_per_layer[2]: 3
SCALED cc_per_all_tiles_per_layer[2]: 1,555,200
level.getReadPerLayer[2](): 24,883,200
  (For comparison - full reads including accumulation: 24,883,200)
ideal_bandwidth_read_per_layer[2]: 16.0
level.getDrainPerLayer[2](): 0
ideal_bandwidth_drain_per_layer[2]: 0.0
ideal_bandwidth_update_per_layer[2]: 4.0
  (For comparison - full updates including accumulation: 6,220,800)
level.getFillPerLayer[2](): 0
ideal_bandwidth_fill_per_layer[2]: 0.0

Latency for layer: 3 of Level: GlobalBuffer
level.active_instances_per_layer[3]: 1
level.temporal_iterations_per_layer[3]: 518400
Scaling per layer[3]: 518,400
Single Tile latency: cc_per_tile_per_layer[3]: 3
Ideal Case, Latency at this level without stalls: cc_per_all_tiles_per_layer[3]: 3
SCALED cc_per_all_tiles_per_layer[3]: 1,555,200
level.getReadPerLayer[3](): 24,883,200
  (For comparison - full reads including accumulation: 24,883,200)
ideal_bandwidth_read_per_layer[3]: 16.0
level.getDrainPerLayer[3](): 0
ideal_bandwidth_drain_per_layer[3]: 0.0
ideal_bandwidth_update_per_layer[3]: 4.0
  (For comparison - full updates including accumulation: 6,220,800)
level.getFillPerLayer[3](): 0
ideal_bandwidth_fill_per_layer[3]: 0.0

Latency for layer: 4 of Level: GlobalBuffer
level.active_instances_per_layer[4]: 1
level.temporal_iterations_per_layer[4]: 518400
Scaling per layer[4]: 518,400
Single Tile latency: cc_per_tile_per_layer[4]: 3
Ideal Case, Latency at this level without stalls: cc_per_all_tiles_per_layer[4]: 3
SCALED cc_per_all_tiles_per_layer[4]: 1,555,200
level.getReadPerLayer[4](): 24,883,200
  (For comparison - full reads including accumulation: 24,883,200)
ideal_bandwidth_read_per_layer[4]: 16.0
level.getDrainPerLayer[4](): 0
ideal_bandwidth_drain_per_layer[4]: 0.0
ideal_bandwidth_update_per_layer[4]: 4.0
  (For comparison - full updates including accumulation: 6,220,800)
level.getFillPerLayer[4](): 0
ideal_bandwidth_fill_per_layer[4]: 0.0

Latency for layer: 5 of Level: GlobalBuffer
level.active_instances_per_layer[5]: 1
level.temporal_iterations_per_layer[5]: 518400
Scaling per layer[5]: 518,400
Single Tile latency: cc_per_tile_per_layer[5]: 3
Ideal Case, Latency at this level without stalls: cc_per_all_tiles_per_layer[5]: 3
SCALED cc_per_all_tiles_per_layer[5]: 1,555,200
level.getReadPerLayer[5](): 24,883,200
  (For comparison - full reads including accumulation: 24,883,200)
ideal_bandwidth_read_per_layer[5]: 16.0
level.getDrainPerLayer[5](): 0
ideal_bandwidth_drain_per_layer[5]: 0.0
ideal_bandwidth_update_per_layer[5]: 4.0
  (For comparison - full updates including accumulation: 6,220,800)
level.getFillPerLayer[5](): 0
ideal_bandwidth_fill_per_layer[5]: 0.0

Latency for layer: 6 of Level: GlobalBuffer
level.active_instances_per_layer[6]: 1
level.temporal_iterations_per_layer[6]: 518400
Scaling per layer[6]: 518,400
Single Tile latency: cc_per_tile_per_layer[6]: 1
Ideal Case, Latency at this level without stalls: cc_per_all_tiles_per_layer[6]: 1
SCALED cc_per_all_tiles_per_layer[6]: 518,400
level.getReadPerLayer[6](): 35,251,200
  (For comparison - full reads including accumulation: 35,251,200)
ideal_bandwidth_read_per_layer[6]: 68.0
level.getDrainPerLayer[6](): 0
ideal_bandwidth_drain_per_layer[6]: 0.0
ideal_bandwidth_update_per_layer[6]: 56.0
  (For comparison - full updates including accumulation: 29,030,400)
level.getFillPerLayer[6](): 0
ideal_bandwidth_fill_per_layer[6]: 0.0

Latency for layer: 7 of Level: GlobalBuffer
level.active_instances_per_layer[7]: 1
level.temporal_iterations_per_layer[7]: 518400
Scaling per layer[7]: 518,400
Single Tile latency: cc_per_tile_per_layer[7]: 6
Ideal Case, Latency at this level without stalls: cc_per_all_tiles_per_layer[7]: 6
SCALED cc_per_all_tiles_per_layer[7]: 3,110,400
level.getReadPerLayer[7](): 87,091,200
  (For comparison - full reads including accumulation: 87,091,200)
ideal_bandwidth_read_per_layer[7]: 28.0
level.getDrainPerLayer[7](): 0
ideal_bandwidth_drain_per_layer[7]: 0.0
ideal_bandwidth_update_per_layer[7]: 2.6666666666666665
  (For comparison - full updates including accumulation: 8,294,400)
level.getFillPerLayer[7](): 0
ideal_bandwidth_fill_per_layer[7]: 0.0

Start of calculation of latency:


Layer_id: 0 in GlobalBuffer

ideal_bandwidth_read_per_layer[0] + ideal_bandwidth_drain_per_layer[0]: 14.2 vs level.read_bandwidth: 16.0
I am in Compute Bound
cc_per_all_tiles_per_layer[0]: 5
STANDARD CASE latency_read_drain_per_layer[0]: 5

ideal_bandwidth_fill_per_layer[0] + ideal_bandwidth_update_per_layer[0]: 11.799999999999999 vs level.write_bandwidth: 16.0
previous_fanout_pe_to_pe_warmup: 0
STANDARD CASE latency_fill_update_per_layer[0]: 5


Layer_id: 1 in GlobalBuffer

ideal_bandwidth_read_per_layer[1] + ideal_bandwidth_drain_per_layer[1]: 68.0 vs level.read_bandwidth: 16.0
I am in Slowdown: Memory Bound
ideal_bandwidth_read_per_layer[1]: 68.0
ideal_bandwidth_drain_per_layer[1]: 0.0
level.read_bandwidth: 16.0
total data (for bandwidth): 35251200
scaling_per_layer[1]: 518400
SLOWDOWN CASE latency_read_drain_per_layer[1]: 4.25

ideal_bandwidth_fill_per_layer[1] + ideal_bandwidth_update_per_layer[1]: 12.0 vs level.write_bandwidth: 16.0
previous_fanout_pe_to_pe_warmup: 0
STANDARD CASE latency_fill_update_per_layer[1]: 1


Layer_id: 2 in GlobalBuffer

ideal_bandwidth_read_per_layer[2] + ideal_bandwidth_drain_per_layer[2]: 16.0 vs level.read_bandwidth: 16.0
I am in Compute Bound
cc_per_all_tiles_per_layer[2]: 3
STANDARD CASE latency_read_drain_per_layer[2]: 3

ideal_bandwidth_fill_per_layer[2] + ideal_bandwidth_update_per_layer[2]: 4.0 vs level.write_bandwidth: 16.0
previous_fanout_pe_to_pe_warmup: 0
STANDARD CASE latency_fill_update_per_layer[2]: 3


Layer_id: 3 in GlobalBuffer

ideal_bandwidth_read_per_layer[3] + ideal_bandwidth_drain_per_layer[3]: 16.0 vs level.read_bandwidth: 16.0
I am in Compute Bound
cc_per_all_tiles_per_layer[3]: 3
STANDARD CASE latency_read_drain_per_layer[3]: 3

ideal_bandwidth_fill_per_layer[3] + ideal_bandwidth_update_per_layer[3]: 4.0 vs level.write_bandwidth: 16.0
previous_fanout_pe_to_pe_warmup: 0
STANDARD CASE latency_fill_update_per_layer[3]: 3


Layer_id: 4 in GlobalBuffer

ideal_bandwidth_read_per_layer[4] + ideal_bandwidth_drain_per_layer[4]: 16.0 vs level.read_bandwidth: 16.0
I am in Compute Bound
cc_per_all_tiles_per_layer[4]: 3
STANDARD CASE latency_read_drain_per_layer[4]: 3

ideal_bandwidth_fill_per_layer[4] + ideal_bandwidth_update_per_layer[4]: 4.0 vs level.write_bandwidth: 16.0
previous_fanout_pe_to_pe_warmup: 0
STANDARD CASE latency_fill_update_per_layer[4]: 3


Layer_id: 5 in GlobalBuffer

ideal_bandwidth_read_per_layer[5] + ideal_bandwidth_drain_per_layer[5]: 16.0 vs level.read_bandwidth: 16.0
I am in Compute Bound
cc_per_all_tiles_per_layer[5]: 3
STANDARD CASE latency_read_drain_per_layer[5]: 3

ideal_bandwidth_fill_per_layer[5] + ideal_bandwidth_update_per_layer[5]: 4.0 vs level.write_bandwidth: 16.0
previous_fanout_pe_to_pe_warmup: 0
STANDARD CASE latency_fill_update_per_layer[5]: 3


Layer_id: 6 in GlobalBuffer

ideal_bandwidth_read_per_layer[6] + ideal_bandwidth_drain_per_layer[6]: 68.0 vs level.read_bandwidth: 16.0
I am in Slowdown: Memory Bound
ideal_bandwidth_read_per_layer[6]: 68.0
ideal_bandwidth_drain_per_layer[6]: 0.0
level.read_bandwidth: 16.0
total data (for bandwidth): 35251200
scaling_per_layer[6]: 518400
SLOWDOWN CASE latency_read_drain_per_layer[6]: 4.25

ideal_bandwidth_fill_per_layer[6] + ideal_bandwidth_update_per_layer[6]: 56.0 vs level.write_bandwidth: 16.0
ideal_bandwidth_fill_per_layer[6]: 0.0
ideal_bandwidth_update_per_layer[6]: 56.0
level.write_bandwidth: 16.0
total data (for bandwidth): 29030400
scaling_per_layer[6]: 518400
SLOWDOWN CASE latency_fill_update_per_layer[6]: 3.5


Layer_id: 7 in GlobalBuffer

ideal_bandwidth_read_per_layer[7] + ideal_bandwidth_drain_per_layer[7]: 28.0 vs level.read_bandwidth: 16.0
I am in Slowdown: Memory Bound
ideal_bandwidth_read_per_layer[7]: 28.0
ideal_bandwidth_drain_per_layer[7]: 0.0
level.read_bandwidth: 16.0
total data (for bandwidth): 87091200
scaling_per_layer[7]: 518400
SLOWDOWN CASE latency_read_drain_per_layer[7]: 10.5

ideal_bandwidth_fill_per_layer[7] + ideal_bandwidth_update_per_layer[7]: 2.6666666666666665 vs level.write_bandwidth: 16.0
previous_fanout_pe_to_pe_warmup: 0
STANDARD CASE latency_fill_update_per_layer[7]: 6

End of calculation of latency.

Calculating per tile final latency and stall for layer 0 in GlobalBuffer: latency_read_drain_per_layer[0] = 5, latency_fill_update_per_layer[0] = 5
Final per tile latency_per_layer[0]: 5
Final per tile stall_cycles_per_layer[0]: 0
Ideal case: no stall introduced by this level per this layer: cc_per_all_tiles_per_layer[0]: 5
Calculating per tile final latency and stall for layer 1 in GlobalBuffer: latency_read_drain_per_layer[1] = 4.25, latency_fill_update_per_layer[1] = 1
Final per tile latency_per_layer[1]: 4
Final per tile stall_cycles_per_layer[1]: 3
Ideal case: no stall introduced by this level per this layer: cc_per_all_tiles_per_layer[1]: 1
Calculating per tile final latency and stall for layer 2 in GlobalBuffer: latency_read_drain_per_layer[2] = 3, latency_fill_update_per_layer[2] = 3
Final per tile latency_per_layer[2]: 3
Final per tile stall_cycles_per_layer[2]: 0
Ideal case: no stall introduced by this level per this layer: cc_per_all_tiles_per_layer[2]: 3
Calculating per tile final latency and stall for layer 3 in GlobalBuffer: latency_read_drain_per_layer[3] = 3, latency_fill_update_per_layer[3] = 3
Final per tile latency_per_layer[3]: 3
Final per tile stall_cycles_per_layer[3]: 0
Ideal case: no stall introduced by this level per this layer: cc_per_all_tiles_per_layer[3]: 3
Calculating per tile final latency and stall for layer 4 in GlobalBuffer: latency_read_drain_per_layer[4] = 3, latency_fill_update_per_layer[4] = 3
Final per tile latency_per_layer[4]: 3
Final per tile stall_cycles_per_layer[4]: 0
Ideal case: no stall introduced by this level per this layer: cc_per_all_tiles_per_layer[4]: 3
Calculating per tile final latency and stall for layer 5 in GlobalBuffer: latency_read_drain_per_layer[5] = 3, latency_fill_update_per_layer[5] = 3
Final per tile latency_per_layer[5]: 3
Final per tile stall_cycles_per_layer[5]: 0
Ideal case: no stall introduced by this level per this layer: cc_per_all_tiles_per_layer[5]: 3
Calculating per tile final latency and stall for layer 6 in GlobalBuffer: latency_read_drain_per_layer[6] = 4.25, latency_fill_update_per_layer[6] = 3.5
Final per tile latency_per_layer[6]: 4
Final per tile stall_cycles_per_layer[6]: 3
Ideal case: no stall introduced by this level per this layer: cc_per_all_tiles_per_layer[6]: 1
Calculating per tile final latency and stall for layer 7 in GlobalBuffer: latency_read_drain_per_layer[7] = 10.5, latency_fill_update_per_layer[7] = 6
Final per tile latency_per_layer[7]: 10
Final per tile stall_cycles_per_layer[7]: 4
Ideal case: no stall introduced by this level per this layer: cc_per_all_tiles_per_layer[7]: 6


Calculating Latency for Level: DRAM

Latency for layer: 0 of Level: DRAM
level.active_instances_per_layer[0]: 1
level.temporal_iterations_per_layer[0]: 1
Scaling per layer[0]: 1
Single Tile latency: cc_per_tile_per_layer[0]: 5
Ideal Case, Latency at this level without stalls: cc_per_all_tiles_per_layer[0]: 2592000
SCALED cc_per_all_tiles_per_layer[0]: 2,592,000
level.getReadPerLayer[0](): 1,559,400
  (For comparison - full reads including accumulation: 1,559,400)
ideal_bandwidth_read_per_layer[0]: 0.6016203703703704
level.getDrainPerLayer[0](): 0
ideal_bandwidth_drain_per_layer[0]: 0.0
ideal_bandwidth_update_per_layer[0]: 0.0
  (For comparison - full updates including accumulation: 0)
level.getFillPerLayer[0](): 0
ideal_bandwidth_fill_per_layer[0]: 0.0

Latency for layer: 1 of Level: DRAM
level.active_instances_per_layer[1]: 1
level.temporal_iterations_per_layer[1]: 1
Scaling per layer[1]: 1
Single Tile latency: cc_per_tile_per_layer[1]: 4.25
Ideal Case, Latency at this level without stalls: cc_per_all_tiles_per_layer[1]: 2203200.0
SCALED cc_per_all_tiles_per_layer[1]: 2,203,200
level.getReadPerLayer[1](): 672
  (For comparison - full reads including accumulation: 672)
ideal_bandwidth_read_per_layer[1]: 0.00030501089324618734
level.getDrainPerLayer[1](): 0
ideal_bandwidth_drain_per_layer[1]: 0.0
ideal_bandwidth_update_per_layer[1]: 0.0
  (For comparison - full updates including accumulation: 0)
level.getFillPerLayer[1](): 0
ideal_bandwidth_fill_per_layer[1]: 0.0

Latency for layer: 2 of Level: DRAM
level.active_instances_per_layer[2]: 1
level.temporal_iterations_per_layer[2]: 1
Scaling per layer[2]: 1
Single Tile latency: cc_per_tile_per_layer[2]: 3
Ideal Case, Latency at this level without stalls: cc_per_all_tiles_per_layer[2]: 1555200
SCALED cc_per_all_tiles_per_layer[2]: 1,555,200
level.getReadPerLayer[2](): 1,296
  (For comparison - full reads including accumulation: 1,296)
ideal_bandwidth_read_per_layer[2]: 0.0008333333333333334
level.getDrainPerLayer[2](): 0
ideal_bandwidth_drain_per_layer[2]: 0.0
ideal_bandwidth_update_per_layer[2]: 0.0
  (For comparison - full updates including accumulation: 0)
level.getFillPerLayer[2](): 0
ideal_bandwidth_fill_per_layer[2]: 0.0

Latency for layer: 3 of Level: DRAM
level.active_instances_per_layer[3]: 1
level.temporal_iterations_per_layer[3]: 1
Scaling per layer[3]: 1
Single Tile latency: cc_per_tile_per_layer[3]: 3
Ideal Case, Latency at this level without stalls: cc_per_all_tiles_per_layer[3]: 1555200
SCALED cc_per_all_tiles_per_layer[3]: 1,555,200
level.getReadPerLayer[3](): 1,296
  (For comparison - full reads including accumulation: 1,296)
ideal_bandwidth_read_per_layer[3]: 0.0008333333333333334
level.getDrainPerLayer[3](): 0
ideal_bandwidth_drain_per_layer[3]: 0.0
ideal_bandwidth_update_per_layer[3]: 0.0
  (For comparison - full updates including accumulation: 0)
level.getFillPerLayer[3](): 0
ideal_bandwidth_fill_per_layer[3]: 0.0

Latency for layer: 4 of Level: DRAM
level.active_instances_per_layer[4]: 1
level.temporal_iterations_per_layer[4]: 1
Scaling per layer[4]: 1
Single Tile latency: cc_per_tile_per_layer[4]: 3
Ideal Case, Latency at this level without stalls: cc_per_all_tiles_per_layer[4]: 1555200
SCALED cc_per_all_tiles_per_layer[4]: 1,555,200
level.getReadPerLayer[4](): 1,296
  (For comparison - full reads including accumulation: 1,296)
ideal_bandwidth_read_per_layer[4]: 0.0008333333333333334
level.getDrainPerLayer[4](): 0
ideal_bandwidth_drain_per_layer[4]: 0.0
ideal_bandwidth_update_per_layer[4]: 0.0
  (For comparison - full updates including accumulation: 0)
level.getFillPerLayer[4](): 0
ideal_bandwidth_fill_per_layer[4]: 0.0

Latency for layer: 5 of Level: DRAM
level.active_instances_per_layer[5]: 1
level.temporal_iterations_per_layer[5]: 1
Scaling per layer[5]: 1
Single Tile latency: cc_per_tile_per_layer[5]: 3
Ideal Case, Latency at this level without stalls: cc_per_all_tiles_per_layer[5]: 1555200
SCALED cc_per_all_tiles_per_layer[5]: 1,555,200
level.getReadPerLayer[5](): 1,296
  (For comparison - full reads including accumulation: 1,296)
ideal_bandwidth_read_per_layer[5]: 0.0008333333333333334
level.getDrainPerLayer[5](): 0
ideal_bandwidth_drain_per_layer[5]: 0.0
ideal_bandwidth_update_per_layer[5]: 0.0
  (For comparison - full updates including accumulation: 0)
level.getFillPerLayer[5](): 0
ideal_bandwidth_fill_per_layer[5]: 0.0

Latency for layer: 6 of Level: DRAM
level.active_instances_per_layer[6]: 1
level.temporal_iterations_per_layer[6]: 1
Scaling per layer[6]: 1
Single Tile latency: cc_per_tile_per_layer[6]: 4.25
Ideal Case, Latency at this level without stalls: cc_per_all_tiles_per_layer[6]: 2203200.0
SCALED cc_per_all_tiles_per_layer[6]: 2,203,200
level.getReadPerLayer[6](): 672
  (For comparison - full reads including accumulation: 672)
ideal_bandwidth_read_per_layer[6]: 0.00030501089324618734
level.getDrainPerLayer[6](): 0
ideal_bandwidth_drain_per_layer[6]: 0.0
ideal_bandwidth_update_per_layer[6]: 0.0
  (For comparison - full updates including accumulation: 0)
level.getFillPerLayer[6](): 0
ideal_bandwidth_fill_per_layer[6]: 0.0

Latency for layer: 7 of Level: DRAM
level.active_instances_per_layer[7]: 1
level.temporal_iterations_per_layer[7]: 1
Scaling per layer[7]: 1
Single Tile latency: cc_per_tile_per_layer[7]: 10.5
Ideal Case, Latency at this level without stalls: cc_per_all_tiles_per_layer[7]: 5443200.0
SCALED cc_per_all_tiles_per_layer[7]: 5,443,200
level.getReadPerLayer[7](): 8,064
  (For comparison - full reads including accumulation: 8,064)
ideal_bandwidth_read_per_layer[7]: 0.0014814814814814814
level.getDrainPerLayer[7](): 0
ideal_bandwidth_drain_per_layer[7]: 0.0
ideal_bandwidth_update_per_layer[7]: 1.5238095238095237
  (For comparison - full updates including accumulation: 8,294,400)
level.getFillPerLayer[7](): 0
ideal_bandwidth_fill_per_layer[7]: 0.0

Start of calculation of latency:


Layer_id: 0 in DRAM

ideal_bandwidth_read_per_layer[0] + ideal_bandwidth_drain_per_layer[0]: 0.6016203703703704 vs level.read_bandwidth: 4.0
I am in Compute Bound
cc_per_all_tiles_per_layer[0]: 2592000
STANDARD CASE latency_read_drain_per_layer[0]: 2592000

ideal_bandwidth_fill_per_layer[0] + ideal_bandwidth_update_per_layer[0]: 0.0 vs level.write_bandwidth: 4.0
previous_fanout_pe_to_pe_warmup: 0
STANDARD CASE latency_fill_update_per_layer[0]: 2592000


Layer_id: 1 in DRAM

ideal_bandwidth_read_per_layer[1] + ideal_bandwidth_drain_per_layer[1]: 0.00030501089324618734 vs level.read_bandwidth: 4.0
I am in Compute Bound
cc_per_all_tiles_per_layer[1]: 2203200.0
STANDARD CASE latency_read_drain_per_layer[1]: 2203200.0

ideal_bandwidth_fill_per_layer[1] + ideal_bandwidth_update_per_layer[1]: 0.0 vs level.write_bandwidth: 4.0
previous_fanout_pe_to_pe_warmup: 0
STANDARD CASE latency_fill_update_per_layer[1]: 2203200.0


Layer_id: 2 in DRAM

ideal_bandwidth_read_per_layer[2] + ideal_bandwidth_drain_per_layer[2]: 0.0008333333333333334 vs level.read_bandwidth: 4.0
I am in Compute Bound
cc_per_all_tiles_per_layer[2]: 1555200
STANDARD CASE latency_read_drain_per_layer[2]: 1555200

ideal_bandwidth_fill_per_layer[2] + ideal_bandwidth_update_per_layer[2]: 0.0 vs level.write_bandwidth: 4.0
previous_fanout_pe_to_pe_warmup: 0
STANDARD CASE latency_fill_update_per_layer[2]: 1555200


Layer_id: 3 in DRAM

ideal_bandwidth_read_per_layer[3] + ideal_bandwidth_drain_per_layer[3]: 0.0008333333333333334 vs level.read_bandwidth: 4.0
I am in Compute Bound
cc_per_all_tiles_per_layer[3]: 1555200
STANDARD CASE latency_read_drain_per_layer[3]: 1555200

ideal_bandwidth_fill_per_layer[3] + ideal_bandwidth_update_per_layer[3]: 0.0 vs level.write_bandwidth: 4.0
previous_fanout_pe_to_pe_warmup: 0
STANDARD CASE latency_fill_update_per_layer[3]: 1555200


Layer_id: 4 in DRAM

ideal_bandwidth_read_per_layer[4] + ideal_bandwidth_drain_per_layer[4]: 0.0008333333333333334 vs level.read_bandwidth: 4.0
I am in Compute Bound
cc_per_all_tiles_per_layer[4]: 1555200
STANDARD CASE latency_read_drain_per_layer[4]: 1555200

ideal_bandwidth_fill_per_layer[4] + ideal_bandwidth_update_per_layer[4]: 0.0 vs level.write_bandwidth: 4.0
previous_fanout_pe_to_pe_warmup: 0
STANDARD CASE latency_fill_update_per_layer[4]: 1555200


Layer_id: 5 in DRAM

ideal_bandwidth_read_per_layer[5] + ideal_bandwidth_drain_per_layer[5]: 0.0008333333333333334 vs level.read_bandwidth: 4.0
I am in Compute Bound
cc_per_all_tiles_per_layer[5]: 1555200
STANDARD CASE latency_read_drain_per_layer[5]: 1555200

ideal_bandwidth_fill_per_layer[5] + ideal_bandwidth_update_per_layer[5]: 0.0 vs level.write_bandwidth: 4.0
previous_fanout_pe_to_pe_warmup: 0
STANDARD CASE latency_fill_update_per_layer[5]: 1555200


Layer_id: 6 in DRAM

ideal_bandwidth_read_per_layer[6] + ideal_bandwidth_drain_per_layer[6]: 0.00030501089324618734 vs level.read_bandwidth: 4.0
I am in Compute Bound
cc_per_all_tiles_per_layer[6]: 2203200.0
STANDARD CASE latency_read_drain_per_layer[6]: 2203200.0

ideal_bandwidth_fill_per_layer[6] + ideal_bandwidth_update_per_layer[6]: 0.0 vs level.write_bandwidth: 4.0
previous_fanout_pe_to_pe_warmup: 0
STANDARD CASE latency_fill_update_per_layer[6]: 2203200.0


Layer_id: 7 in DRAM

ideal_bandwidth_read_per_layer[7] + ideal_bandwidth_drain_per_layer[7]: 0.0014814814814814814 vs level.read_bandwidth: 4.0
I am in Compute Bound
cc_per_all_tiles_per_layer[7]: 5443200.0
STANDARD CASE latency_read_drain_per_layer[7]: 5443200.0

ideal_bandwidth_fill_per_layer[7] + ideal_bandwidth_update_per_layer[7]: 1.5238095238095237 vs level.write_bandwidth: 4.0
previous_fanout_pe_to_pe_warmup: 0
STANDARD CASE latency_fill_update_per_layer[7]: 5443200.0

End of calculation of latency.

Calculating per tile final latency and stall for layer 0 in DRAM: latency_read_drain_per_layer[0] = 2592000, latency_fill_update_per_layer[0] = 2592000
Final per tile latency_per_layer[0]: 2,592,000
Final per tile stall_cycles_per_layer[0]: 0
Ideal case: no stall introduced by this level per this layer: cc_per_all_tiles_per_layer[0]: 2,592,000
Calculating per tile final latency and stall for layer 1 in DRAM: latency_read_drain_per_layer[1] = 2203200.0, latency_fill_update_per_layer[1] = 2203200.0
Final per tile latency_per_layer[1]: 2,203,200
Final per tile stall_cycles_per_layer[1]: 0
Ideal case: no stall introduced by this level per this layer: cc_per_all_tiles_per_layer[1]: 2,203,200
Calculating per tile final latency and stall for layer 2 in DRAM: latency_read_drain_per_layer[2] = 1555200, latency_fill_update_per_layer[2] = 1555200
Final per tile latency_per_layer[2]: 1,555,200
Final per tile stall_cycles_per_layer[2]: 0
Ideal case: no stall introduced by this level per this layer: cc_per_all_tiles_per_layer[2]: 1,555,200
Calculating per tile final latency and stall for layer 3 in DRAM: latency_read_drain_per_layer[3] = 1555200, latency_fill_update_per_layer[3] = 1555200
Final per tile latency_per_layer[3]: 1,555,200
Final per tile stall_cycles_per_layer[3]: 0
Ideal case: no stall introduced by this level per this layer: cc_per_all_tiles_per_layer[3]: 1,555,200
Calculating per tile final latency and stall for layer 4 in DRAM: latency_read_drain_per_layer[4] = 1555200, latency_fill_update_per_layer[4] = 1555200
Final per tile latency_per_layer[4]: 1,555,200
Final per tile stall_cycles_per_layer[4]: 0
Ideal case: no stall introduced by this level per this layer: cc_per_all_tiles_per_layer[4]: 1,555,200
Calculating per tile final latency and stall for layer 5 in DRAM: latency_read_drain_per_layer[5] = 1555200, latency_fill_update_per_layer[5] = 1555200
Final per tile latency_per_layer[5]: 1,555,200
Final per tile stall_cycles_per_layer[5]: 0
Ideal case: no stall introduced by this level per this layer: cc_per_all_tiles_per_layer[5]: 1,555,200
Calculating per tile final latency and stall for layer 6 in DRAM: latency_read_drain_per_layer[6] = 2203200.0, latency_fill_update_per_layer[6] = 2203200.0
Final per tile latency_per_layer[6]: 2,203,200
Final per tile stall_cycles_per_layer[6]: 0
Ideal case: no stall introduced by this level per this layer: cc_per_all_tiles_per_layer[6]: 2,203,200
Calculating per tile final latency and stall for layer 7 in DRAM: latency_read_drain_per_layer[7] = 5443200.0, latency_fill_update_per_layer[7] = 5443200.0
Final per tile latency_per_layer[7]: 5,443,200
Final per tile stall_cycles_per_layer[7]: 0
Ideal case: no stall introduced by this level per this layer: cc_per_all_tiles_per_layer[7]: 5,443,200


Final WMOPs and Latency calculation for Level: DRAM
Level: DRAM, Layer: 0
max_latency_per_layer[0]: 0 before update
level.getSettedLatencyPerLayer[0](): 2,592,000
Level: DRAM, Layer: 1
max_latency_per_layer[1]: 0 before update
level.getSettedLatencyPerLayer[1](): 2,203,200
Level: DRAM, Layer: 2
max_latency_per_layer[2]: 0 before update
level.getSettedLatencyPerLayer[2](): 1,555,200
Level: DRAM, Layer: 3
max_latency_per_layer[3]: 0 before update
level.getSettedLatencyPerLayer[3](): 1,555,200
Level: DRAM, Layer: 4
max_latency_per_layer[4]: 0 before update
level.getSettedLatencyPerLayer[4](): 1,555,200
Level: DRAM, Layer: 5
max_latency_per_layer[5]: 0 before update
level.getSettedLatencyPerLayer[5](): 1,555,200
Level: DRAM, Layer: 6
max_latency_per_layer[6]: 0 before update
level.getSettedLatencyPerLayer[6](): 2,203,200
Level: DRAM, Layer: 7
max_latency_per_layer[7]: 0 before update
level.getSettedLatencyPerLayer[7](): 5,443,200
Level DRAM: Eyeriss_Constrained_8L_tile1_16x128, max_latency (sequential layers): 18,662,400


Final WMOPs and Latency calculation for Level: GlobalBuffer
Level: GlobalBuffer, Layer: 0
max_latency_per_layer[0]: 2,592,000 before update
level.getSettedLatencyPerLayer[0](): 5
Level: GlobalBuffer, Layer: 1
max_latency_per_layer[1]: 2,203,200 before update
level.getSettedLatencyPerLayer[1](): 4
Level: GlobalBuffer, Layer: 2
max_latency_per_layer[2]: 1,555,200 before update
level.getSettedLatencyPerLayer[2](): 3
Level: GlobalBuffer, Layer: 3
max_latency_per_layer[3]: 1,555,200 before update
level.getSettedLatencyPerLayer[3](): 3
Level: GlobalBuffer, Layer: 4
max_latency_per_layer[4]: 1,555,200 before update
level.getSettedLatencyPerLayer[4](): 3
Level: GlobalBuffer, Layer: 5
max_latency_per_layer[5]: 1,555,200 before update
level.getSettedLatencyPerLayer[5](): 3
Level: GlobalBuffer, Layer: 6
max_latency_per_layer[6]: 2,203,200 before update
level.getSettedLatencyPerLayer[6](): 4
Level: GlobalBuffer, Layer: 7
max_latency_per_layer[7]: 5,443,200 before update
level.getSettedLatencyPerLayer[7](): 5,443,200
Level GlobalBuffer: Eyeriss_Constrained_8L_tile1_16x128, max_latency (sequential layers): 18,662,400


Final WMOPs and Latency calculation for Level: SACols


Final WMOPs and Latency calculation for Level: SARows


Final WMOPs and Latency calculation for Level: SACols_6


Final WMOPs and Latency calculation for Level: SARows_6


Final WMOPs and Latency calculation for Level: SACols_5


Final WMOPs and Latency calculation for Level: SARows_5


Final WMOPs and Latency calculation for Level: SACols_4


Final WMOPs and Latency calculation for Level: SARows_4


Final WMOPs and Latency calculation for Level: SACols_3


Final WMOPs and Latency calculation for Level: SARows_3


Final WMOPs and Latency calculation for Level: SACols_2


Final WMOPs and Latency calculation for Level: SARows_2


Final WMOPs and Latency calculation for Level: SACols_1


Final WMOPs and Latency calculation for Level: SARows_1


Final WMOPs and Latency calculation for Level: SACols_0


Final WMOPs and Latency calculation for Level: SARows_0


Final WMOPs and Latency calculation for Level: InRegister
Level: InRegister, Layer: 0
max_latency_per_layer[0]: 2,592,000 before update
level.getSettedLatencyPerLayer[0](): 5
Level: InRegister, Layer: 1
max_latency_per_layer[1]: 2,203,200 before update
level.getSettedLatencyPerLayer[1](): 1
Level: InRegister, Layer: 2
max_latency_per_layer[2]: 1,555,200 before update
level.getSettedLatencyPerLayer[2](): 3
Level: InRegister, Layer: 3
max_latency_per_layer[3]: 1,555,200 before update
level.getSettedLatencyPerLayer[3](): 3
Level: InRegister, Layer: 4
max_latency_per_layer[4]: 1,555,200 before update
level.getSettedLatencyPerLayer[4](): 3
Level: InRegister, Layer: 5
max_latency_per_layer[5]: 1,555,200 before update
level.getSettedLatencyPerLayer[5](): 3
Level: InRegister, Layer: 6
max_latency_per_layer[6]: 2,203,200 before update
level.getSettedLatencyPerLayer[6](): 1
Level: InRegister, Layer: 7
max_latency_per_layer[7]: 5,443,200 before update
level.getSettedLatencyPerLayer[7](): 3,110,400
Level InRegister: Eyeriss_Constrained_8L_tile1_16x128, max_latency (sequential layers): 18,662,400


Final WMOPs and Latency calculation for Level: WRegister
Level: WRegister, Layer: 0
max_latency_per_layer[0]: 2,592,000 before update
level.getSettedLatencyPerLayer[0](): 5
Level: WRegister, Layer: 1
max_latency_per_layer[1]: 2,203,200 before update
level.getSettedLatencyPerLayer[1](): 1
Level: WRegister, Layer: 2
max_latency_per_layer[2]: 1,555,200 before update
level.getSettedLatencyPerLayer[2](): 3
Level: WRegister, Layer: 3
max_latency_per_layer[3]: 1,555,200 before update
level.getSettedLatencyPerLayer[3](): 3
Level: WRegister, Layer: 4
max_latency_per_layer[4]: 1,555,200 before update
level.getSettedLatencyPerLayer[4](): 3
Level: WRegister, Layer: 5
max_latency_per_layer[5]: 1,555,200 before update
level.getSettedLatencyPerLayer[5](): 3
Level: WRegister, Layer: 6
max_latency_per_layer[6]: 2,203,200 before update
level.getSettedLatencyPerLayer[6](): 1
Level: WRegister, Layer: 7
max_latency_per_layer[7]: 5,443,200 before update
level.getSettedLatencyPerLayer[7](): 3,110,400
Level WRegister: Eyeriss_Constrained_8L_tile1_16x128, max_latency (sequential layers): 18,662,400


Final WMOPs and Latency calculation for Level: IntermediateRegister
Level: IntermediateRegister, Layer: 0
max_latency_per_layer[0]: 2,592,000 before update
level.getSettedLatencyPerLayer[0](): 1
Level: IntermediateRegister, Layer: 1
max_latency_per_layer[1]: 2,203,200 before update
level.getSettedLatencyPerLayer[1](): 1
Level: IntermediateRegister, Layer: 2
max_latency_per_layer[2]: 1,555,200 before update
level.getSettedLatencyPerLayer[2](): 1
Level: IntermediateRegister, Layer: 3
max_latency_per_layer[3]: 1,555,200 before update
level.getSettedLatencyPerLayer[3](): 1
Level: IntermediateRegister, Layer: 4
max_latency_per_layer[4]: 1,555,200 before update
level.getSettedLatencyPerLayer[4](): 1
Level: IntermediateRegister, Layer: 5
max_latency_per_layer[5]: 1,555,200 before update
level.getSettedLatencyPerLayer[5](): 1
Level: IntermediateRegister, Layer: 6
max_latency_per_layer[6]: 2,203,200 before update
level.getSettedLatencyPerLayer[6](): 1
Level: IntermediateRegister, Layer: 7
max_latency_per_layer[7]: 5,443,200 before update
level.getSettedLatencyPerLayer[7](): 3,110,400
Level IntermediateRegister: Eyeriss_Constrained_8L_tile1_16x128, max_latency (sequential layers): 18,662,400


Final WMOPs and Latency calculation for Level: OutRegister
Level: OutRegister, Layer: 0
max_latency_per_layer[0]: 2,592,000 before update
level.getSettedLatencyPerLayer[0](): 1
Level: OutRegister, Layer: 1
max_latency_per_layer[1]: 2,203,200 before update
level.getSettedLatencyPerLayer[1](): 1
Level: OutRegister, Layer: 2
max_latency_per_layer[2]: 1,555,200 before update
level.getSettedLatencyPerLayer[2](): 1
Level: OutRegister, Layer: 3
max_latency_per_layer[3]: 1,555,200 before update
level.getSettedLatencyPerLayer[3](): 1
Level: OutRegister, Layer: 4
max_latency_per_layer[4]: 1,555,200 before update
level.getSettedLatencyPerLayer[4](): 1
Level: OutRegister, Layer: 5
max_latency_per_layer[5]: 1,555,200 before update
level.getSettedLatencyPerLayer[5](): 1
Level: OutRegister, Layer: 6
max_latency_per_layer[6]: 2,203,200 before update
level.getSettedLatencyPerLayer[6](): 1
Level: OutRegister, Layer: 7
max_latency_per_layer[7]: 5,443,200 before update
level.getSettedLatencyPerLayer[7](): 3,110,400
Level OutRegister: Eyeriss_Constrained_8L_tile1_16x128, max_latency (sequential layers): 18,662,400


Final WMOPs and Latency calculation for Level: Compute
Compute level latency: 1
Compute latency for layer 0: 2,592,000
Compute latency for layer 1: 518,400
Compute latency for layer 2: 1,555,200
Compute latency for layer 3: 1,555,200
Compute latency for layer 4: 1,555,200
Compute latency for layer 5: 1,555,200
Compute latency for layer 6: 518,400
Compute latency for layer 7: 3,110,400
max_latency initially: 18662400.0
compute_latency from compute level: 12,960,000
max_latency after compute: 18,662,400, before fanout_level
level SACols utilization: 16/16=1.0
utilization after level SACols: 1.0
level SARows utilization: 84/128=0.65625
utilization after level SARows: 0.65625
level SACols_6 utilization: 14/16=0.875
utilization after level SACols_6: 0.57421875
level SARows_6 utilization: 48/128=0.375
utilization after level SARows_6: 0.21533203125
level SACols_5 utilization: 12/16=0.75
utilization after level SACols_5: 0.1614990234375
level SARows_5 utilization: 36/128=0.28125
utilization after level SARows_5: 0.045421600341796875
level SACols_4 utilization: 12/16=0.75
utilization after level SACols_4: 0.034066200256347656
level SARows_4 utilization: 36/128=0.28125
utilization after level SARows_4: 0.009581118822097778
level SACols_3 utilization: 12/16=0.75
utilization after level SACols_3: 0.007185839116573334
level SARows_3 utilization: 36/128=0.28125
utilization after level SARows_3: 0.00202101725153625
level SACols_2 utilization: 12/16=0.75
utilization after level SACols_2: 0.0015157629386521876
level SARows_2 utilization: 36/128=0.28125
utilization after level SARows_2: 0.00042630832649592776
level SACols_1 utilization: 12/16=0.75
utilization after level SACols_1: 0.0003197312448719458
level SARows_1 utilization: 56/128=0.4375
utilization after level SARows_1: 0.0001398824196314763
level SACols_0 utilization: 14/16=0.875
utilization after level SACols_0: 0.00012239711717754176
level SARows_0 utilization: 60/128=0.46875
utilization after level SARows_0: 5.73736486769727e-05
level Compute utilization: 1/1=1.0
utilization after level Compute: 5.73736486769727e-05
Arch: Eyeriss_Constrained_8L_tile1_16x128: spatial utilization is 5.73736486769727e-05
utilization used in WART calculation: 5.73736486769727e-05
CIAO!
updateStats2
-- fanout maximization --
tile_sizes[dim]: [1, 5], self._dim_products[dim]: [960, 1]
input_FC_size distinct: 11520
Input FC size: 11520

Input size: 1573248

Output size: 129600

Weight size: 18792

Intermediate input size: 60794576
Total intermediate size (input + output): 0

input_size: 1573248, output_size: 129600, weight_size: 18792, intermediate_size: 0
Total mem footprint: 1733160



tile_sizes[dim]: [1, 5], self._dim_products[dim]: [960, 1]
input_FC_size distinct: 11520
Input FC size: 11520

Input size: 1573248

Output size: 259200

Weight size: 18792

Intermediate input size: 61249856
Total intermediate size (input + output): 0

input_size: 1573248, output_size: 259200, weight_size: 18792, intermediate_size: 0
Total mem footprint: 1862760



tile_sizes[dim]: [1, 5], self._dim_products[dim]: [960, 1]
input_FC_size distinct: 11520
Input FC size: 11520

Input size: 1573248

Output size: 518400

Weight size: 18792

Intermediate input size: 62160416
Total intermediate size (input + output): 0

input_size: 1573248, output_size: 518400, weight_size: 18792, intermediate_size: 0
Total mem footprint: 2121960



tile_sizes[dim]: [1, 5], self._dim_products[dim]: [960, 1]
input_FC_size distinct: 11520
Input FC size: 11520

Input size: 1573248

Output size: 1036800

Weight size: 18792

Intermediate input size: 63981536
Total intermediate size (input + output): 0

input_size: 1573248, output_size: 1036800, weight_size: 18792, intermediate_size: 0
Total mem footprint: 2640360



tile_sizes[dim]: [1, 5], self._dim_products[dim]: [960, 1]
input_FC_size distinct: 11520
Input FC size: 11520

Input size: 1573248

Output size: 2073600

Weight size: 18792

Intermediate input size: 67623776
Total intermediate size (input + output): 0

input_size: 1573248, output_size: 2073600, weight_size: 18792, intermediate_size: 0
Total mem footprint: 3677160



tile_sizes[dim]: [1, 5], self._dim_products[dim]: [960, 1]
input_FC_size distinct: 11520
Input FC size: 11520

Input size: 1573248

Output size: 4147200

Weight size: 18792

Intermediate input size: 74908256
Total intermediate size (input + output): 0

input_size: 1573248, output_size: 4147200, weight_size: 18792, intermediate_size: 0
Total mem footprint: 5750760



tile_sizes[dim]: [1, 5], self._dim_products[dim]: [960, 1]
input_FC_size distinct: 11520
Input FC size: 11520

Input size: 1573248

Output size: 8294400

Weight size: 18792

Intermediate input size: 83353616
Total intermediate size (input + output): 0

input_size: 1573248, output_size: 8294400, weight_size: 18792, intermediate_size: 0
Total mem footprint: 9897960



tile_sizes[dim]: [1, 5], self._dim_products[dim]: [960, 1]
input_FC_size distinct: 11520
Input FC size: 11520

Input size: 1573248

Output size: 8294400

Weight size: 18792

Intermediate input size: 83450816
Total intermediate size (input + output): 0

input_size: 1573248, output_size: 8294400, weight_size: 18792, intermediate_size: 0
Total mem footprint: 9897960



tile_sizes[dim]: [1, 5], self._dim_products[dim]: [960, 1]
input_FC_size distinct: 11520
Input FC size: 11520

Input size: 1573248

Output size: 8294400

Weight size: 18792

Intermediate input size: 83645216
Total intermediate size (input + output): 0

input_size: 1573248, output_size: 8294400, weight_size: 18792, intermediate_size: 0
Total mem footprint: 9897960



tile_sizes[dim]: [1, 5], self._dim_products[dim]: [960, 1]
input_FC_size distinct: 11520
Input FC size: 11520

Input size: 1573248

Output size: 8294400

Weight size: 18792

Intermediate input size: 84034016
Total intermediate size (input + output): 0

input_size: 1573248, output_size: 8294400, weight_size: 18792, intermediate_size: 0
Total mem footprint: 9897960



tile_sizes[dim]: [1, 5], self._dim_products[dim]: [960, 1]
input_FC_size distinct: 11520
Input FC size: 11520

Input size: 1573248

Output size: 8294400

Weight size: 18792

Intermediate input size: 84811616
Total intermediate size (input + output): 0

input_size: 1573248, output_size: 8294400, weight_size: 18792, intermediate_size: 0
Total mem footprint: 9897960



tile_sizes[dim]: [1, 5], self._dim_products[dim]: [960, 1]
input_FC_size distinct: 11520
Input FC size: 11520

Input size: 1573248

Output size: 8294400

Weight size: 18792

Intermediate input size: 86366816
Total intermediate size (input + output): 0

input_size: 1573248, output_size: 8294400, weight_size: 18792, intermediate_size: 0
Total mem footprint: 9897960



tile_sizes[dim]: [1, 5], self._dim_products[dim]: [960, 1]
input_FC_size distinct: 11520
Input FC size: 11520

Input size: 1573248

Output size: 8294400

Weight size: 18792

Intermediate input size: 83330936
Total intermediate size (input + output): 0

input_size: 1573248, output_size: 8294400, weight_size: 18792, intermediate_size: 0
Total mem footprint: 9897960



tile_sizes[dim]: [1, 5], self._dim_products[dim]: [960, 1]
input_FC_size distinct: 11520
Input FC size: 11520

Input size: 1573248

Output size: 8294400

Weight size: 18792

Intermediate input size: 83428496
Total intermediate size (input + output): 0

input_size: 1573248, output_size: 8294400, weight_size: 18792, intermediate_size: 0
Total mem footprint: 9897960



tile_sizes[dim]: [1, 5], self._dim_products[dim]: [960, 1]
input_FC_size distinct: 11520
Input FC size: 11520

Input size: 1573248

Output size: 8294400

Weight size: 18792

Intermediate input size: 83623616
Total intermediate size (input + output): 0

input_size: 1573248, output_size: 8294400, weight_size: 18792, intermediate_size: 0
Total mem footprint: 9897960



tile_sizes[dim]: [1, 5], self._dim_products[dim]: [960, 1]
input_FC_size distinct: 11520
Input FC size: 11520

Input size: 1573248

Output size: 8294400

Weight size: 18792

Intermediate input size: 84013856
Total intermediate size (input + output): 0

input_size: 1573248, output_size: 8294400, weight_size: 18792, intermediate_size: 0
Total mem footprint: 9897960



tile_sizes[dim]: [1, 5], self._dim_products[dim]: [960, 1]
input_FC_size distinct: 11520
Input FC size: 11520

Input size: 1573248

Output size: 8294400

Weight size: 18792

Intermediate input size: 84794336
Total intermediate size (input + output): 0

input_size: 1573248, output_size: 8294400, weight_size: 18792, intermediate_size: 0
Total mem footprint: 9897960



tile_sizes[dim]: [1, 5], self._dim_products[dim]: [960, 1]
input_FC_size distinct: 11520
Input FC size: 11520

Input size: 1573248

Output size: 8294400

Weight size: 18792

Intermediate input size: 86355296
Total intermediate size (input + output): 0

input_size: 1573248, output_size: 8294400, weight_size: 18792, intermediate_size: 0
Total mem footprint: 9897960



tile_sizes[dim]: [1, 5], self._dim_products[dim]: [960, 1]
input_FC_size distinct: 11520
Input FC size: 11520

Input size: 1573248

Output size: 8294400

Weight size: 18792

Intermediate input size: 83330936
Total intermediate size (input + output): 0

input_size: 1573248, output_size: 8294400, weight_size: 18792, intermediate_size: 0
Total mem footprint: 9897960



tile_sizes[dim]: [1, 5], self._dim_products[dim]: [960, 1]
input_FC_size distinct: 11520
Input FC size: 11520

Input size: 1573248

Output size: 8294400

Weight size: 18792

Intermediate input size: 83428496
Total intermediate size (input + output): 0

input_size: 1573248, output_size: 8294400, weight_size: 18792, intermediate_size: 0
Total mem footprint: 9897960



tile_sizes[dim]: [1, 5], self._dim_products[dim]: [960, 1]
input_FC_size distinct: 11520
Input FC size: 11520

Input size: 1573248

Output size: 8294400

Weight size: 18792

Intermediate input size: 83623616
Total intermediate size (input + output): 0

input_size: 1573248, output_size: 8294400, weight_size: 18792, intermediate_size: 0
Total mem footprint: 9897960



tile_sizes[dim]: [1, 5], self._dim_products[dim]: [960, 1]
input_FC_size distinct: 11520
Input FC size: 11520

Input size: 1573248

Output size: 8294400

Weight size: 18792

Intermediate input size: 84013856
Total intermediate size (input + output): 0

input_size: 1573248, output_size: 8294400, weight_size: 18792, intermediate_size: 0
Total mem footprint: 9897960



tile_sizes[dim]: [1, 5], self._dim_products[dim]: [960, 1]
input_FC_size distinct: 11520
Input FC size: 11520

Input size: 1573248

Output size: 8294400

Weight size: 18792

Intermediate input size: 84794336
Total intermediate size (input + output): 0

input_size: 1573248, output_size: 8294400, weight_size: 18792, intermediate_size: 0
Total mem footprint: 9897960



tile_sizes[dim]: [1, 5], self._dim_products[dim]: [960, 1]
input_FC_size distinct: 11520
Input FC size: 11520

Input size: 1573248

Output size: 8294400

Weight size: 18792

Intermediate input size: 86355296
Total intermediate size (input + output): 0

input_size: 1573248, output_size: 8294400, weight_size: 18792, intermediate_size: 0
Total mem footprint: 9897960



tile_sizes[dim]: [1, 5], self._dim_products[dim]: [960, 1]
input_FC_size distinct: 11520
Input FC size: 11520

Input size: 1573248

Output size: 8294400

Weight size: 18792

Intermediate input size: 83330936
Total intermediate size (input + output): 0

input_size: 1573248, output_size: 8294400, weight_size: 18792, intermediate_size: 0
Total mem footprint: 9897960



tile_sizes[dim]: [1, 5], self._dim_products[dim]: [960, 1]
input_FC_size distinct: 11520
Input FC size: 11520

Input size: 1573248

Output size: 8294400

Weight size: 18792

Intermediate input size: 83428496
Total intermediate size (input + output): 0

input_size: 1573248, output_size: 8294400, weight_size: 18792, intermediate_size: 0
Total mem footprint: 9897960



tile_sizes[dim]: [1, 5], self._dim_products[dim]: [960, 1]
input_FC_size distinct: 11520
Input FC size: 11520

Input size: 1573248

Output size: 8294400

Weight size: 18792

Intermediate input size: 83623616
Total intermediate size (input + output): 0

input_size: 1573248, output_size: 8294400, weight_size: 18792, intermediate_size: 0
Total mem footprint: 9897960



tile_sizes[dim]: [1, 5], self._dim_products[dim]: [960, 1]
input_FC_size distinct: 11520
Input FC size: 11520

Input size: 1573248

Output size: 8294400

Weight size: 18792

Intermediate input size: 84013856
Total intermediate size (input + output): 0

input_size: 1573248, output_size: 8294400, weight_size: 18792, intermediate_size: 0
Total mem footprint: 9897960



tile_sizes[dim]: [1, 5], self._dim_products[dim]: [960, 1]
input_FC_size distinct: 11520
Input FC size: 11520

Input size: 1573248

Output size: 8294400

Weight size: 18792

Intermediate input size: 84794336
Total intermediate size (input + output): 0

input_size: 1573248, output_size: 8294400, weight_size: 18792, intermediate_size: 0
Total mem footprint: 9897960



tile_sizes[dim]: [1, 5], self._dim_products[dim]: [960, 1]
input_FC_size distinct: 11520
Input FC size: 11520

Input size: 1573248

Output size: 8294400

Weight size: 18792

Intermediate input size: 86355296
Total intermediate size (input + output): 0

input_size: 1573248, output_size: 8294400, weight_size: 18792, intermediate_size: 0
Total mem footprint: 9897960



tile_sizes[dim]: [1, 5], self._dim_products[dim]: [960, 1]
input_FC_size distinct: 11520
Input FC size: 11520

Input size: 1573248

Output size: 8294400

Weight size: 18792

Intermediate input size: 83330936
Total intermediate size (input + output): 0

input_size: 1573248, output_size: 8294400, weight_size: 18792, intermediate_size: 0
Total mem footprint: 9897960



tile_sizes[dim]: [1, 5], self._dim_products[dim]: [960, 1]
input_FC_size distinct: 11520
Input FC size: 11520

Input size: 1573248

Output size: 8294400

Weight size: 18792

Intermediate input size: 83428496
Total intermediate size (input + output): 0

input_size: 1573248, output_size: 8294400, weight_size: 18792, intermediate_size: 0
Total mem footprint: 9897960



tile_sizes[dim]: [1, 5], self._dim_products[dim]: [960, 1]
input_FC_size distinct: 11520
Input FC size: 11520

Input size: 1573248

Output size: 8294400

Weight size: 18792

Intermediate input size: 83623616
Total intermediate size (input + output): 0

input_size: 1573248, output_size: 8294400, weight_size: 18792, intermediate_size: 0
Total mem footprint: 9897960



tile_sizes[dim]: [1, 5], self._dim_products[dim]: [960, 1]
input_FC_size distinct: 11520
Input FC size: 11520

Input size: 1573248

Output size: 8294400

Weight size: 18792

Intermediate input size: 84013856
Total intermediate size (input + output): 0

input_size: 1573248, output_size: 8294400, weight_size: 18792, intermediate_size: 0
Total mem footprint: 9897960



tile_sizes[dim]: [1, 5], self._dim_products[dim]: [960, 1]
input_FC_size distinct: 11520
Input FC size: 11520

Input size: 1573248

Output size: 8294400

Weight size: 18792

Intermediate input size: 84794336
Total intermediate size (input + output): 0

input_size: 1573248, output_size: 8294400, weight_size: 18792, intermediate_size: 0
Total mem footprint: 9897960



tile_sizes[dim]: [1, 5], self._dim_products[dim]: [960, 1]
input_FC_size distinct: 11520
Input FC size: 11520

Input size: 1573248

Output size: 8294400

Weight size: 18792

Intermediate input size: 86355296
Total intermediate size (input + output): 0

input_size: 1573248, output_size: 8294400, weight_size: 18792, intermediate_size: 0
Total mem footprint: 9897960



tile_sizes[dim]: [1, 5], self._dim_products[dim]: [960, 1]
input_FC_size distinct: 11520
Input FC size: 11520

Input size: 1573248

Output size: 8294400

Weight size: 18792

Intermediate input size: 60900416
Total intermediate size (input + output): 0

input_size: 1573248, output_size: 8294400, weight_size: 18792, intermediate_size: 0
Total mem footprint: 9897960



tile_sizes[dim]: [1, 5], self._dim_products[dim]: [960, 1]
input_FC_size distinct: 11520
Input FC size: 11520

Input size: 1573248

Output size: 8294400

Weight size: 18792

Intermediate input size: 61354016
Total intermediate size (input + output): 0

input_size: 1573248, output_size: 8294400, weight_size: 18792, intermediate_size: 0
Total mem footprint: 9897960



tile_sizes[dim]: [1, 5], self._dim_products[dim]: [960, 1]
input_FC_size distinct: 11520
Input FC size: 11520

Input size: 1573248

Output size: 8294400

Weight size: 18792

Intermediate input size: 62261216
Total intermediate size (input + output): 0

input_size: 1573248, output_size: 8294400, weight_size: 18792, intermediate_size: 0
Total mem footprint: 9897960



tile_sizes[dim]: [1, 5], self._dim_products[dim]: [960, 1]
input_FC_size distinct: 11520
Input FC size: 11520

Input size: 1573248

Output size: 8294400

Weight size: 18792

Intermediate input size: 64075616
Total intermediate size (input + output): 0

input_size: 1573248, output_size: 8294400, weight_size: 18792, intermediate_size: 0
Total mem footprint: 9897960



tile_sizes[dim]: [1, 5], self._dim_products[dim]: [960, 1]
input_FC_size distinct: 11520
Input FC size: 11520

Input size: 1573248

Output size: 8294400

Weight size: 18792

Intermediate input size: 67704416
Total intermediate size (input + output): 0

input_size: 1573248, output_size: 8294400, weight_size: 18792, intermediate_size: 0
Total mem footprint: 9897960



tile_sizes[dim]: [1, 5], self._dim_products[dim]: [960, 1]
input_FC_size distinct: 11520
Input FC size: 11520

Input size: 1573248

Output size: 8294400

Weight size: 18792

Intermediate input size: 74962016
Total intermediate size (input + output): 0

input_size: 1573248, output_size: 8294400, weight_size: 18792, intermediate_size: 0
Total mem footprint: 9897960



tile_sizes[dim]: [1, 5], self._dim_products[dim]: [15, 1]
input_FC_size distinct: 180
Input FC size: 180

Input size: 31008

Output size: 8294400

Weight size: 18792

Intermediate input size: 89477216
Total intermediate size (input + output): 0

input_size: 31008, output_size: 8294400, weight_size: 18792, intermediate_size: 0
Total mem footprint: 8344380



tile_sizes[dim]: [1, 5], self._dim_products[dim]: [30, 1]
input_FC_size distinct: 360
Input FC size: 360

Input size: 55488

Output size: 8294400

Weight size: 18792

Intermediate input size: 89477216
Total intermediate size (input + output): 0

input_size: 55488, output_size: 8294400, weight_size: 18792, intermediate_size: 0
Total mem footprint: 8369040



tile_sizes[dim]: [1, 5], self._dim_products[dim]: [60, 1]
input_FC_size distinct: 720
Input FC size: 720

Input size: 104448

Output size: 8294400

Weight size: 18792

Intermediate input size: 89477216
Total intermediate size (input + output): 0

input_size: 104448, output_size: 8294400, weight_size: 18792, intermediate_size: 0
Total mem footprint: 8418360



tile_sizes[dim]: [1, 5], self._dim_products[dim]: [120, 1]
input_FC_size distinct: 1440
Input FC size: 1440

Input size: 202368

Output size: 8294400

Weight size: 18792

Intermediate input size: 89477216
Total intermediate size (input + output): 0

input_size: 202368, output_size: 8294400, weight_size: 18792, intermediate_size: 0
Total mem footprint: 8517000



tile_sizes[dim]: [1, 5], self._dim_products[dim]: [240, 1]
input_FC_size distinct: 2880
Input FC size: 2880

Input size: 398208

Output size: 8294400

Weight size: 18792

Intermediate input size: 89477216
Total intermediate size (input + output): 0

input_size: 398208, output_size: 8294400, weight_size: 18792, intermediate_size: 0
Total mem footprint: 8714280



tile_sizes[dim]: [1, 5], self._dim_products[dim]: [480, 1]
input_FC_size distinct: 5760
Input FC size: 5760

Input size: 789888

Output size: 8294400

Weight size: 18792

Intermediate input size: 89477216
Total intermediate size (input + output): 0

input_size: 789888, output_size: 8294400, weight_size: 18792, intermediate_size: 0
Total mem footprint: 9108840



-- local search of memory levels --
Choices after one step: {}
No valid follow-up configuration, stopping, current Wart: 4.189e+49
Total moves: 0
Total choices: 1
Choices: {}
Getting flat weight coupling for layer None
Getting flat weight coupling for layer None
Getting flat weight coupling for layer None
Getting flat weight coupling for layer None
-- spatial-memory levels co-optimization --
Choices after one step: {}
No valid follow-up configuration, stopping, current Wart: 4.189e+49
Total moves: 0
Total choices: 1
Choices: {}
Getting flat weight coupling for layer None
Getting flat weight coupling for layer None
Getting flat weight coupling for layer None
Getting flat weight coupling for layer None
é stato chiamato update stats! 




Questo mops è chiamato da update stats
Level: DRAM, arch bypasses for the level: ['int_in', 'int_out'], in_bp: 1, w_bp: 0, out_bp: 1, int_in_bp: 0, int_out_bp: 0
DEBUG updateStats pre scaling: Level DRAM:
  in_reads: 1555200
  per_layer_w_reads: {0: 4200, 1: 672, 2: 1296, 3: 1296, 4: 1296, 5: 1296, 6: 672, 7: 8064}
  per_layer_int_in_reads: {0: 0, 1: 0, 2: 0, 3: 0, 4: 0, 5: 0, 6: 0}
  per_layer_int_out_reads: {0: 0, 1: 0, 2: 0, 3: 0, 4: 0, 5: 0, 6: 0}
  per_layer_int_out_writes: {0: 0, 1: 0, 2: 0, 3: 0, 4: 0, 5: 0, 6: 0}
  out_reads: 8294400
  out_writes: 8294400
  out_reads_factors: 1
scale_per_layer[0]: 1, temporal_iterations_per_layer[0]: 1, spatial_iterations_per_layer[0]: 1
DEBUG: results after scaling: Level DRAM: in_reads=1555200, w_reads=18792, int_in_reads=0, int_out_reads=0, int_out_writes=0, out_writes=8294400, out_reads=8294400, out_reads_factors=1
DEBUG: Level DRAM adjusted out_reads for no bias read: 0
DEBUG: Level DRAM bypasses intermediate storage
DEBUG updateStats post scaling: Level DRAM:
  in_reads: 1,555,200
  per_layer_w_reads: {0: 4200, 1: 672, 2: 1296, 3: 1296, 4: 1296, 5: 1296, 6: 672, 7: 8064}
  w_reads: 18,792
  per_layer_int_in_reads: {0: 0, 1: 0, 2: 0, 3: 0, 4: 0, 5: 0, 6: 0}
  per_layer_int_in_writes: {0: 0, 1: 0, 2: 0, 3: 0, 4: 0, 5: 0, 6: 0}
  int_in_reads: 0
  per_layer_int_out_reads: {0: 0, 1: 0, 2: 0, 3: 0, 4: 0, 5: 0, 6: 0}
  per_layer_int_out_writes: {0: 0, 1: 0, 2: 0, 3: 0, 4: 0, 5: 0, 6: 0}
  int_out_reads: 0
  out_reads: 0
  out_writes: 8,294,400
  out_reads_factors: 1
in_writes: 0, w_writes: 0, int_in_writes: 0, int_out_writes: 0, out_writes: 8294400
Name of the level: DRAM, level active instances per layer: {0: 1, 1: 1, 2: 1, 3: 1, 4: 1, 5: 1, 6: 1, 7: 1}, level active instances: 1
Level DRAM, Layer 0: total_reads = 1559400, total_writes = 0
Level DRAM, Layer 1: total_reads = 672, total_writes = 0
Level DRAM, Layer 2: total_reads = 1296, total_writes = 0
Level DRAM, Layer 3: total_reads = 1296, total_writes = 0
Level DRAM, Layer 4: total_reads = 1296, total_writes = 0
Level DRAM, Layer 5: total_reads = 1296, total_writes = 0
Level DRAM, Layer 6: total_reads = 672, total_writes = 0
DEBUG: Level DRAM, Layer 7, per_layer_int_in_reads6: 0, per_layer_w_reads7: 8064, out_reads: 0
Level DRAM, Layer 7: total_reads = 8064, total_writes = 8294400
Check: Per Layer Total reads: {0: 1559400, 1: 672, 2: 1296, 3: 1296, 4: 1296, 5: 1296, 6: 672, 7: 8064}, total: 1573992
Check: Per Layer Total writes: {0: 0, 1: 0, 2: 0, 3: 0, 4: 0, 5: 0, 6: 0, 7: 8294400}, 
 total: 8294400
Level DRAM total WMOPs from per layer sum: 1,578,942,720.000
Level DRAM total WMOPs from total reads/writes: 1,578,942,720.000
End first part of update for level: DRAM



Questo mops è chiamato da update stats
Level: GlobalBuffer, arch bypasses for the level: ['w'], in_bp: 1, w_bp: 0, out_bp: 0, int_in_bp: 1, int_out_bp: 0
DEBUG updateStats pre scaling: Level GlobalBuffer:
  in_reads: 15
  per_layer_w_reads: {0: 0, 1: 0, 2: 0, 3: 0, 4: 0, 5: 0, 6: 0, 7: 0}
  per_layer_int_in_reads: {0: 56, 1: 36, 2: 36, 3: 36, 4: 36, 5: 12, 6: 168}
  per_layer_int_out_reads: {0: 56, 1: 12, 2: 12, 3: 12, 4: 12, 5: 12, 6: 56}
  per_layer_int_out_writes: {0: 56, 1: 12, 2: 12, 3: 12, 4: 12, 5: 12, 6: 56}
  out_reads: 16
  out_writes: 16
  out_reads_factors: 1
scale_per_layer[0]: 518400, temporal_iterations_per_layer[0]: 518400, spatial_iterations_per_layer[0]: 1
DEBUG: results after scaling: Level GlobalBuffer: in_reads=7776000, w_reads=0, int_in_reads=196992000, int_out_reads=89164800, int_out_writes=89164800, out_writes=8294400, out_reads=8294400, out_reads_factors=1
DEBUG: Level GlobalBuffer adjusted out_reads for no bias read: 0
DEBUG updateStats post scaling: Level GlobalBuffer:
  in_reads: 7,776,000
  per_layer_w_reads: {0: 0, 1: 0, 2: 0, 3: 0, 4: 0, 5: 0, 6: 0, 7: 0}
  w_reads: 0
  per_layer_int_in_reads: {0: 29030400, 1: 18662400, 2: 18662400, 3: 18662400, 4: 18662400, 5: 6220800, 6: 87091200}
  per_layer_int_in_writes: {0: 0, 1: 0, 2: 0, 3: 0, 4: 0, 5: 0, 6: 0}
  int_in_reads: 196,992,000
  per_layer_int_out_reads: {0: 29030400, 1: 6220800, 2: 6220800, 3: 6220800, 4: 6220800, 5: 6220800, 6: 29030400}
  per_layer_int_out_writes: {0: 29030400, 1: 6220800, 2: 6220800, 3: 6220800, 4: 6220800, 5: 6220800, 6: 29030400}
  int_out_reads: 89,164,800
  out_reads: 8,294,400
  out_writes: 8,294,400
  out_reads_factors: 1
in_writes: 1555200, w_writes: 0, int_in_writes: 0, int_out_writes: 89164800, out_writes: 8294400
Name of the level: GlobalBuffer, level active instances per layer: {0: 1, 1: 1, 2: 1, 3: 1, 4: 1, 5: 1, 6: 1, 7: 1}, level active instances: 1
Level GlobalBuffer, Layer 0: total_reads = 36806400, total_writes = 30585600
Level GlobalBuffer, Layer 1: total_reads = 35251200, total_writes = 6220800
Level GlobalBuffer, Layer 2: total_reads = 24883200, total_writes = 6220800
Level GlobalBuffer, Layer 3: total_reads = 24883200, total_writes = 6220800
Level GlobalBuffer, Layer 4: total_reads = 24883200, total_writes = 6220800
Level GlobalBuffer, Layer 5: total_reads = 24883200, total_writes = 6220800
Level GlobalBuffer, Layer 6: total_reads = 35251200, total_writes = 29030400
DEBUG: Level GlobalBuffer, Layer 7, per_layer_int_in_reads6: 87091200, per_layer_w_reads7: 0, out_reads: 8294400
Level GlobalBuffer, Layer 7: total_reads = 95385600, total_writes = 8294400
Check: Per Layer Total reads: {0: 36806400, 1: 35251200, 2: 24883200, 3: 24883200, 4: 24883200, 5: 24883200, 6: 35251200, 7: 95385600}, total: 302227200
Check: Per Layer Total writes: {0: 30585600, 1: 6220800, 2: 6220800, 3: 6220800, 4: 6220800, 5: 6220800, 6: 29030400, 7: 8294400}, 
 total: 99014400
Level GlobalBuffer total WMOPs from per layer sum: 1,676,867,136.490
Level GlobalBuffer total WMOPs from total reads/writes: 1,676,867,136.490
End first part of update for level: GlobalBuffer



Calculating Fanout Level: SACols, updating spatial and last reads
Fanout Level SACols, Layer 7, dim Q, layer_iterations: 1
Fanout Level SACols, Layer 7, dim Z7, layer_iterations: 16
End of the first part of Update Stats for fanout level: SACols


Calculating Fanout Level: SARows, updating spatial and last reads
Fanout Level SARows, Layer 7, dim S7, layer_iterations: 3
Fanout Level SARows, Layer 7, dim C7, layer_iterations: 28
Fanout Level SARows, Layer 7, dim Z7, layer_iterations: 1
End of the first part of Update Stats for fanout level: SARows


Calculating Fanout Level: SACols_6, updating spatial and last reads
Fanout Level SACols_6, Layer 6, dim X6, layer_iterations: 1
Fanout Level SACols_6, Layer 6, dim Z6, layer_iterations: 14
End of the first part of Update Stats for fanout level: SACols_6


Calculating Fanout Level: SARows_6, updating spatial and last reads
Fanout Level SARows_6, Layer 6, dim S6, layer_iterations: 1
Fanout Level SARows_6, Layer 6, dim C6, layer_iterations: 12
Fanout Level SARows_6, Layer 6, dim Z6, layer_iterations: 4
End of the first part of Update Stats for fanout level: SARows_6


Calculating Fanout Level: SACols_5, updating spatial and last reads
Fanout Level SACols_5, Layer 5, dim X5, layer_iterations: 1
Fanout Level SACols_5, Layer 5, dim Z5, layer_iterations: 12
End of the first part of Update Stats for fanout level: SACols_5


Calculating Fanout Level: SARows_5, updating spatial and last reads
Fanout Level SARows_5, Layer 5, dim S5, layer_iterations: 3
Fanout Level SARows_5, Layer 5, dim C5, layer_iterations: 12
Fanout Level SARows_5, Layer 5, dim Z5, layer_iterations: 1
End of the first part of Update Stats for fanout level: SARows_5


Calculating Fanout Level: SACols_4, updating spatial and last reads
Fanout Level SACols_4, Layer 4, dim X4, layer_iterations: 1
Fanout Level SACols_4, Layer 4, dim Z4, layer_iterations: 12
End of the first part of Update Stats for fanout level: SACols_4


Calculating Fanout Level: SARows_4, updating spatial and last reads
Fanout Level SARows_4, Layer 4, dim S4, layer_iterations: 3
Fanout Level SARows_4, Layer 4, dim C4, layer_iterations: 12
Fanout Level SARows_4, Layer 4, dim Z4, layer_iterations: 1
End of the first part of Update Stats for fanout level: SARows_4


Calculating Fanout Level: SACols_3, updating spatial and last reads
Fanout Level SACols_3, Layer 3, dim X3, layer_iterations: 1
Fanout Level SACols_3, Layer 3, dim Z3, layer_iterations: 12
End of the first part of Update Stats for fanout level: SACols_3


Calculating Fanout Level: SARows_3, updating spatial and last reads
Fanout Level SARows_3, Layer 3, dim S3, layer_iterations: 3
Fanout Level SARows_3, Layer 3, dim C3, layer_iterations: 12
Fanout Level SARows_3, Layer 3, dim Z3, layer_iterations: 1
End of the first part of Update Stats for fanout level: SARows_3


Calculating Fanout Level: SACols_2, updating spatial and last reads
Fanout Level SACols_2, Layer 2, dim X2, layer_iterations: 1
Fanout Level SACols_2, Layer 2, dim Z2, layer_iterations: 12
End of the first part of Update Stats for fanout level: SACols_2


Calculating Fanout Level: SARows_2, updating spatial and last reads
Fanout Level SARows_2, Layer 2, dim S2, layer_iterations: 3
Fanout Level SARows_2, Layer 2, dim C2, layer_iterations: 12
Fanout Level SARows_2, Layer 2, dim Z2, layer_iterations: 1
End of the first part of Update Stats for fanout level: SARows_2


Calculating Fanout Level: SACols_1, updating spatial and last reads
Fanout Level SACols_1, Layer 1, dim X1, layer_iterations: 1
Fanout Level SACols_1, Layer 1, dim Z1, layer_iterations: 12
End of the first part of Update Stats for fanout level: SACols_1


Calculating Fanout Level: SARows_1, updating spatial and last reads
Fanout Level SARows_1, Layer 1, dim S1, layer_iterations: 1
Fanout Level SARows_1, Layer 1, dim C1, layer_iterations: 56
Fanout Level SARows_1, Layer 1, dim Z1, layer_iterations: 1
End of the first part of Update Stats for fanout level: SARows_1


Calculating Fanout Level: SACols_0, updating spatial and last reads
Fanout Level SACols_0, Layer 0, dim X0, layer_iterations: 1
Fanout Level SACols_0, Layer 0, dim Z0, layer_iterations: 14
End of the first part of Update Stats for fanout level: SACols_0


Calculating Fanout Level: SARows_0, updating spatial and last reads
Fanout Level SARows_0, Layer 0, dim S0, layer_iterations: 5
Fanout Level SARows_0, Layer 0, dim C0, layer_iterations: 3
Fanout Level SARows_0, Layer 0, dim Z0, layer_iterations: 4
End of the first part of Update Stats for fanout level: SARows_0


Questo mops è chiamato da update stats
Level: InRegister, arch bypasses for the level: ['w', 'out', 'int_out'], in_bp: 0, w_bp: 0, out_bp: 0, int_in_bp: 0, int_out_bp: 0
DEBUG updateStats pre scaling: Level InRegister:
  in_reads: 5
  per_layer_w_reads: {0: 0, 1: 0, 2: 0, 3: 0, 4: 0, 5: 0, 6: 0, 7: 0}
  per_layer_int_in_reads: {0: 1, 1: 3, 2: 3, 3: 3, 4: 3, 5: 1, 6: 6}
  per_layer_int_out_reads: {0: 0, 1: 0, 2: 0, 3: 0, 4: 0, 5: 0, 6: 0}
  per_layer_int_out_writes: {0: 0, 1: 0, 2: 0, 3: 0, 4: 0, 5: 0, 6: 0}
  out_reads: 0
  out_writes: 0
  out_reads_factors: 0
scale_per_layer[0]: 435456000, temporal_iterations_per_layer[0]: 518400, spatial_iterations_per_layer[0]: 840
DEBUG: results after scaling: Level InRegister: in_reads=2177280000, w_reads=0, int_in_reads=7564492800, int_out_reads=0, int_out_writes=0, out_writes=0, out_reads=0, out_reads_factors=0
DEBUG: Level InRegister bypasses intermediate storage
DEBUG updateStats post scaling: Level InRegister:
  in_reads: 2,177,280,000
  per_layer_w_reads: {0: 0, 1: 0, 2: 0, 3: 0, 4: 0, 5: 0, 6: 0, 7: 0}
  w_reads: 0
  per_layer_int_in_reads: {0: 348364800, 1: 671846400, 2: 671846400, 3: 671846400, 4: 671846400, 5: 348364800, 6: 4180377600}
  per_layer_int_in_writes: {0: 348364800, 1: 223948800, 2: 223948800, 3: 223948800, 4: 223948800, 5: 348364800, 6: 1393459200}
  int_in_reads: 7,564,492,800
  per_layer_int_out_reads: {0: 0, 1: 0, 2: 0, 3: 0, 4: 0, 5: 0, 6: 0}
  per_layer_int_out_writes: {0: 0, 1: 0, 2: 0, 3: 0, 4: 0, 5: 0, 6: 0}
  int_out_reads: 0
  out_reads: 0
  out_writes: 0
  out_reads_factors: 0
in_writes: 435456000, w_writes: 0, int_in_writes: 2985984000, int_out_writes: 0, out_writes: 0
Name of the level: InRegister, level active instances per layer: {0: 840, 1: 672, 2: 432, 3: 432, 4: 432, 5: 432, 6: 672, 7: 1344}, level active instances: 17756284224279297392640
Level InRegister, Layer 0: total_reads = 2177280000, total_writes = 435456000
Level InRegister, Layer 1: total_reads = 348364800, total_writes = 348364800
Level InRegister, Layer 2: total_reads = 671846400, total_writes = 223948800
Level InRegister, Layer 3: total_reads = 671846400, total_writes = 223948800
Level InRegister, Layer 4: total_reads = 671846400, total_writes = 223948800
Level InRegister, Layer 5: total_reads = 671846400, total_writes = 223948800
Level InRegister, Layer 6: total_reads = 348364800, total_writes = 348364800
DEBUG: Level InRegister, Layer 7, per_layer_int_in_reads6: 4180377600, per_layer_w_reads7: 0, out_reads: 0
Level InRegister, Layer 7: total_reads = 4180377600, total_writes = 1393459200
Check: Per Layer Total reads: {0: 2177280000, 1: 348364800, 2: 671846400, 3: 671846400, 4: 671846400, 5: 671846400, 6: 348364800, 7: 4180377600}, total: 9741772800
Check: Per Layer Total writes: {0: 435456000, 1: 348364800, 2: 223948800, 3: 223948800, 4: 223948800, 5: 223948800, 6: 348364800, 7: 1393459200}, 
 total: 3421440000
Level InRegister total WMOPs from per layer sum: 6,388,385,647.323
Level InRegister total WMOPs from total reads/writes: 6,388,385,647.323
End first part of update for level: InRegister



Questo mops è chiamato da update stats
Level: WRegister, arch bypasses for the level: ['in', 'out', 'int_in', 'int_out'], in_bp: 0, w_bp: 0, out_bp: 0, int_in_bp: 0, int_out_bp: 0
DEBUG updateStats pre scaling: Level WRegister:
  in_reads: 0
  per_layer_w_reads: {0: 5, 1: 1, 2: 3, 3: 3, 4: 3, 5: 3, 6: 1, 7: 6}
  per_layer_int_in_reads: {0: 0, 1: 0, 2: 0, 3: 0, 4: 0, 5: 0, 6: 0}
  per_layer_int_out_reads: {0: 0, 1: 0, 2: 0, 3: 0, 4: 0, 5: 0, 6: 0}
  per_layer_int_out_writes: {0: 0, 1: 0, 2: 0, 3: 0, 4: 0, 5: 0, 6: 0}
  out_reads: 0
  out_writes: 0
  out_reads_factors: 0
scale_per_layer[0]: 435456000, temporal_iterations_per_layer[0]: 518400, spatial_iterations_per_layer[0]: 840
DEBUG: results after scaling: Level WRegister: in_reads=0, w_reads=9741772800, int_in_reads=0, int_out_reads=0, int_out_writes=0, out_writes=0, out_reads=0, out_reads_factors=0
DEBUG: Level WRegister bypasses intermediate storage
DEBUG updateStats post scaling: Level WRegister:
  in_reads: 0
  per_layer_w_reads: {0: 2177280000, 1: 348364800, 2: 671846400, 3: 671846400, 4: 671846400, 5: 671846400, 6: 348364800, 7: 4180377600}
  w_reads: 9,741,772,800
  per_layer_int_in_reads: {0: 0, 1: 0, 2: 0, 3: 0, 4: 0, 5: 0, 6: 0}
  per_layer_int_in_writes: {0: 0, 1: 0, 2: 0, 3: 0, 4: 0, 5: 0, 6: 0}
  int_in_reads: 0
  per_layer_int_out_reads: {0: 0, 1: 0, 2: 0, 3: 0, 4: 0, 5: 0, 6: 0}
  per_layer_int_out_writes: {0: 0, 1: 0, 2: 0, 3: 0, 4: 0, 5: 0, 6: 0}
  int_out_reads: 0
  out_reads: 0
  out_writes: 0
  out_reads_factors: 0
in_writes: 0, w_writes: 18792, int_in_writes: 0, int_out_writes: 0, out_writes: 0
Name of the level: WRegister, level active instances per layer: {0: 840, 1: 672, 2: 432, 3: 432, 4: 432, 5: 432, 6: 672, 7: 1344}, level active instances: 17756284224279297392640
Level WRegister, Layer 0: total_reads = 2177280000, total_writes = 4200
Level WRegister, Layer 1: total_reads = 348364800, total_writes = 672
Level WRegister, Layer 2: total_reads = 671846400, total_writes = 1296
Level WRegister, Layer 3: total_reads = 671846400, total_writes = 1296
Level WRegister, Layer 4: total_reads = 671846400, total_writes = 1296
Level WRegister, Layer 5: total_reads = 671846400, total_writes = 1296
Level WRegister, Layer 6: total_reads = 348364800, total_writes = 672
DEBUG: Level WRegister, Layer 7, per_layer_int_in_reads6: 0, per_layer_w_reads7: 4180377600, out_reads: 0
Level WRegister, Layer 7: total_reads = 4180377600, total_writes = 8064
Check: Per Layer Total reads: {0: 2177280000, 1: 348364800, 2: 671846400, 3: 671846400, 4: 671846400, 5: 671846400, 6: 348364800, 7: 4180377600}, total: 9741772800
Check: Per Layer Total writes: {0: 4200, 1: 672, 2: 1296, 3: 1296, 4: 1296, 5: 1296, 6: 672, 7: 8064}, 
 total: 18792
Level WRegister total WMOPs from per layer sum: 24,788,997,255.408
Level WRegister total WMOPs from total reads/writes: 24,788,997,255.408
End first part of update for level: WRegister



Questo mops è chiamato da update stats
Level: IntermediateRegister, arch bypasses for the level: ['in', 'w', 'out', 'int_in'], in_bp: 0, w_bp: 0, out_bp: 0, int_in_bp: 0, int_out_bp: 0
DEBUG updateStats pre scaling: Level IntermediateRegister:
  in_reads: 0
  per_layer_w_reads: {0: 0, 1: 0, 2: 0, 3: 0, 4: 0, 5: 0, 6: 0, 7: 0}
  per_layer_int_in_reads: {0: 0, 1: 0, 2: 0, 3: 0, 4: 0, 5: 0, 6: 0}
  per_layer_int_out_reads: {0: 1, 1: 1, 2: 1, 3: 1, 4: 1, 5: 1, 6: 1}
  per_layer_int_out_writes: {0: 1, 1: 1, 2: 1, 3: 1, 4: 1, 5: 1, 6: 1}
  out_reads: 0
  out_writes: 0
  out_reads_factors: 0
scale_per_layer[0]: 2177280000, temporal_iterations_per_layer[0]: 2592000, spatial_iterations_per_layer[0]: 840
DEBUG: results after scaling: Level IntermediateRegister: in_reads=0, w_reads=0, int_in_reads=0, int_out_reads=5561395200, int_out_writes=5561395200, out_writes=0, out_reads=0, out_reads_factors=0
DEBUG updateStats post scaling: Level IntermediateRegister:
  in_reads: 0
  per_layer_w_reads: {0: 0, 1: 0, 2: 0, 3: 0, 4: 0, 5: 0, 6: 0, 7: 0}
  w_reads: 0
  per_layer_int_in_reads: {0: 0, 1: 0, 2: 0, 3: 0, 4: 0, 5: 0, 6: 0}
  per_layer_int_in_writes: {0: 0, 1: 0, 2: 0, 3: 0, 4: 0, 5: 0, 6: 0}
  int_in_reads: 0
  per_layer_int_out_reads: {0: 2612736000, 1: 696729600, 2: 895795200, 3: 895795200, 4: 895795200, 5: 895795200, 6: 696729600}
  per_layer_int_out_writes: {0: 2612736000, 1: 696729600, 2: 895795200, 3: 895795200, 4: 895795200, 5: 895795200, 6: 696729600}
  int_out_reads: 5,561,395,200
  out_reads: 0
  out_writes: 0
  out_reads_factors: 0
in_writes: 0, w_writes: 0, int_in_writes: 0, int_out_writes: 5561395200, out_writes: 0
Name of the level: IntermediateRegister, level active instances per layer: {0: 840, 1: 672, 2: 432, 3: 432, 4: 432, 5: 432, 6: 672, 7: 1344}, level active instances: 17756284224279297392640
Level IntermediateRegister, Layer 0: total_reads = 2612736000, total_writes = 2612736000
Level IntermediateRegister, Layer 1: total_reads = 696729600, total_writes = 696729600
Level IntermediateRegister, Layer 2: total_reads = 895795200, total_writes = 895795200
Level IntermediateRegister, Layer 3: total_reads = 895795200, total_writes = 895795200
Level IntermediateRegister, Layer 4: total_reads = 895795200, total_writes = 895795200
Level IntermediateRegister, Layer 5: total_reads = 895795200, total_writes = 895795200
Level IntermediateRegister, Layer 6: total_reads = 696729600, total_writes = 696729600
DEBUG: Level IntermediateRegister, Layer 7, per_layer_int_in_reads6: 0, per_layer_w_reads7: 0, out_reads: 0
Level IntermediateRegister, Layer 7: total_reads = 0, total_writes = 0
Check: Per Layer Total reads: {0: 2612736000, 1: 696729600, 2: 895795200, 3: 895795200, 4: 895795200, 5: 895795200, 6: 696729600, 7: 0}, total: 7589376000
Check: Per Layer Total writes: {0: 2612736000, 1: 696729600, 2: 895795200, 3: 895795200, 4: 895795200, 5: 895795200, 6: 696729600, 7: 0}, 
 total: 7589376000
Level IntermediateRegister total WMOPs from per layer sum: 30,221,939,205.518
Level IntermediateRegister total WMOPs from total reads/writes: 28,770,185,864.751
End first part of update for level: IntermediateRegister



Questo mops è chiamato da update stats
Level: OutRegister, arch bypasses for the level: ['in', 'w', 'int_in', 'int_out'], in_bp: 0, w_bp: 0, out_bp: 1, int_in_bp: 0, int_out_bp: 0
DEBUG updateStats pre scaling: Level OutRegister:
  in_reads: 0
  per_layer_w_reads: {0: 0, 1: 0, 2: 0, 3: 0, 4: 0, 5: 0, 6: 0, 7: 0}
  per_layer_int_in_reads: {0: 0, 1: 0, 2: 0, 3: 0, 4: 0, 5: 0, 6: 0}
  per_layer_int_out_reads: {0: 0, 1: 0, 2: 0, 3: 0, 4: 0, 5: 0, 6: 0}
  per_layer_int_out_writes: {0: 0, 1: 0, 2: 0, 3: 0, 4: 0, 5: 0, 6: 0}
  out_reads: 1
  out_writes: 1
  out_reads_factors: 1
scale_per_layer[0]: 2177280000, temporal_iterations_per_layer[0]: 2592000, spatial_iterations_per_layer[0]: 840
DEBUG: results after scaling: Level OutRegister: in_reads=0, w_reads=0, int_in_reads=0, int_out_reads=0, int_out_writes=0, out_writes=4180377600, out_reads=4180377600, out_reads_factors=6
DEBUG: Level OutRegister adjusted out_reads for no bias read: 3483648000
DEBUG: Level OutRegister bypasses intermediate storage
DEBUG updateStats post scaling: Level OutRegister:
  in_reads: 0
  per_layer_w_reads: {0: 0, 1: 0, 2: 0, 3: 0, 4: 0, 5: 0, 6: 0, 7: 0}
  w_reads: 0
  per_layer_int_in_reads: {0: 0, 1: 0, 2: 0, 3: 0, 4: 0, 5: 0, 6: 0}
  per_layer_int_in_writes: {0: 0, 1: 0, 2: 0, 3: 0, 4: 0, 5: 0, 6: 0}
  int_in_reads: 0
  per_layer_int_out_reads: {0: 0, 1: 0, 2: 0, 3: 0, 4: 0, 5: 0, 6: 0}
  per_layer_int_out_writes: {0: 0, 1: 0, 2: 0, 3: 0, 4: 0, 5: 0, 6: 0}
  int_out_reads: 0
  out_reads: 4,180,377,600
  out_writes: 4,180,377,600
  out_reads_factors: 6
in_writes: 0, w_writes: 0, int_in_writes: 0, int_out_writes: 0, out_writes: 4180377600
Name of the level: OutRegister, level active instances per layer: {0: 840, 1: 672, 2: 432, 3: 432, 4: 432, 5: 432, 6: 672, 7: 1344}, level active instances: 17756284224279297392640
Level OutRegister, Layer 0: total_reads = 0, total_writes = 0
Level OutRegister, Layer 1: total_reads = 0, total_writes = 0
Level OutRegister, Layer 2: total_reads = 0, total_writes = 0
Level OutRegister, Layer 3: total_reads = 0, total_writes = 0
Level OutRegister, Layer 4: total_reads = 0, total_writes = 0
Level OutRegister, Layer 5: total_reads = 0, total_writes = 0
Level OutRegister, Layer 6: total_reads = 0, total_writes = 0
DEBUG: Level OutRegister, Layer 7, per_layer_int_in_reads6: 0, per_layer_w_reads7: 0, out_reads: 4180377600
Level OutRegister, Layer 7: total_reads = 4180377600, total_writes = 4180377600
Check: Per Layer Total reads: {0: 0, 1: 0, 2: 0, 3: 0, 4: 0, 5: 0, 6: 0, 7: 4180377600}, total: 4180377600
Check: Per Layer Total writes: {0: 0, 1: 0, 2: 0, 3: 0, 4: 0, 5: 0, 6: 0, 7: 4180377600}, 
 total: 4180377600
Level OutRegister total WMOPs from per layer sum: 33,214,510,509.185
Level OutRegister total WMOPs from total reads/writes: 31,762,757,168.418
End first part of update for level: OutRegister



Calculating WMOPs for Compute Level
Compute Level Compute WMOPs_per_layer: {0: 7361180025.95251, 1: 1444722640.6899457, 2: 2293373070.324385, 3: 2293373070.324385, 4: 2293373070.324385, 5: 2293373070.324385, 6: 1450289403.3844934, 7: 14577527442.908457}
WMOPs_till_now before compute level: 33,214,510,509.185
Compute Level Compute total WMOPs from per layer sum: 34007211794.23295
Compute Level Compute total WMOPs: 1.831259413789411e+70
Total WMOPs after adding compute level: 67221722303.41789
END FIRST PART OF UPDATE STATS


First cc_per_tile, it is from compute = 1
First cc_per_tile_per_layer it is from compute = {0: 1, 1: 1, 2: 1, 3: 1, 4: 1, 5: 1, 6: 1, 7: 1}


Calculating Latency for Level: OutRegister

Latency for layer: 0 of Level: OutRegister
level.active_instances_per_layer[0]: 840
level.temporal_iterations_per_layer[0]: 2592000
Scaling per layer[0]: 2,177,280,000
Single Tile latency: cc_per_tile_per_layer[0]: 1
Ideal Case, Latency at this level without stalls: cc_per_all_tiles_per_layer[0]: 1
SCALED cc_per_all_tiles_per_layer[0]: 2,177,280,000
level.getReadPerLayer[0](): 0
  (For comparison - full reads including accumulation: 0)
ideal_bandwidth_read_per_layer[0]: 0.0
level.getDrainPerLayer[0](): 0
ideal_bandwidth_drain_per_layer[0]: 0.0
ideal_bandwidth_update_per_layer[0]: 0.0
  (For comparison - full updates including accumulation: 0)
level.getFillPerLayer[0](): 0
ideal_bandwidth_fill_per_layer[0]: 0.0

Latency for layer: 1 of Level: OutRegister
level.active_instances_per_layer[1]: 672
level.temporal_iterations_per_layer[1]: 518400
Scaling per layer[1]: 348,364,800
Single Tile latency: cc_per_tile_per_layer[1]: 1
Ideal Case, Latency at this level without stalls: cc_per_all_tiles_per_layer[1]: 1
SCALED cc_per_all_tiles_per_layer[1]: 348,364,800
level.getReadPerLayer[1](): 0
  (For comparison - full reads including accumulation: 0)
ideal_bandwidth_read_per_layer[1]: 0.0
level.getDrainPerLayer[1](): 0
ideal_bandwidth_drain_per_layer[1]: 0.0
ideal_bandwidth_update_per_layer[1]: 0.0
  (For comparison - full updates including accumulation: 0)
level.getFillPerLayer[1](): 0
ideal_bandwidth_fill_per_layer[1]: 0.0

Latency for layer: 2 of Level: OutRegister
level.active_instances_per_layer[2]: 432
level.temporal_iterations_per_layer[2]: 1555200
Scaling per layer[2]: 671,846,400
Single Tile latency: cc_per_tile_per_layer[2]: 1
Ideal Case, Latency at this level without stalls: cc_per_all_tiles_per_layer[2]: 1
SCALED cc_per_all_tiles_per_layer[2]: 671,846,400
level.getReadPerLayer[2](): 0
  (For comparison - full reads including accumulation: 0)
ideal_bandwidth_read_per_layer[2]: 0.0
level.getDrainPerLayer[2](): 0
ideal_bandwidth_drain_per_layer[2]: 0.0
ideal_bandwidth_update_per_layer[2]: 0.0
  (For comparison - full updates including accumulation: 0)
level.getFillPerLayer[2](): 0
ideal_bandwidth_fill_per_layer[2]: 0.0

Latency for layer: 3 of Level: OutRegister
level.active_instances_per_layer[3]: 432
level.temporal_iterations_per_layer[3]: 1555200
Scaling per layer[3]: 671,846,400
Single Tile latency: cc_per_tile_per_layer[3]: 1
Ideal Case, Latency at this level without stalls: cc_per_all_tiles_per_layer[3]: 1
SCALED cc_per_all_tiles_per_layer[3]: 671,846,400
level.getReadPerLayer[3](): 0
  (For comparison - full reads including accumulation: 0)
ideal_bandwidth_read_per_layer[3]: 0.0
level.getDrainPerLayer[3](): 0
ideal_bandwidth_drain_per_layer[3]: 0.0
ideal_bandwidth_update_per_layer[3]: 0.0
  (For comparison - full updates including accumulation: 0)
level.getFillPerLayer[3](): 0
ideal_bandwidth_fill_per_layer[3]: 0.0

Latency for layer: 4 of Level: OutRegister
level.active_instances_per_layer[4]: 432
level.temporal_iterations_per_layer[4]: 1555200
Scaling per layer[4]: 671,846,400
Single Tile latency: cc_per_tile_per_layer[4]: 1
Ideal Case, Latency at this level without stalls: cc_per_all_tiles_per_layer[4]: 1
SCALED cc_per_all_tiles_per_layer[4]: 671,846,400
level.getReadPerLayer[4](): 0
  (For comparison - full reads including accumulation: 0)
ideal_bandwidth_read_per_layer[4]: 0.0
level.getDrainPerLayer[4](): 0
ideal_bandwidth_drain_per_layer[4]: 0.0
ideal_bandwidth_update_per_layer[4]: 0.0
  (For comparison - full updates including accumulation: 0)
level.getFillPerLayer[4](): 0
ideal_bandwidth_fill_per_layer[4]: 0.0

Latency for layer: 5 of Level: OutRegister
level.active_instances_per_layer[5]: 432
level.temporal_iterations_per_layer[5]: 1555200
Scaling per layer[5]: 671,846,400
Single Tile latency: cc_per_tile_per_layer[5]: 1
Ideal Case, Latency at this level without stalls: cc_per_all_tiles_per_layer[5]: 1
SCALED cc_per_all_tiles_per_layer[5]: 671,846,400
level.getReadPerLayer[5](): 0
  (For comparison - full reads including accumulation: 0)
ideal_bandwidth_read_per_layer[5]: 0.0
level.getDrainPerLayer[5](): 0
ideal_bandwidth_drain_per_layer[5]: 0.0
ideal_bandwidth_update_per_layer[5]: 0.0
  (For comparison - full updates including accumulation: 0)
level.getFillPerLayer[5](): 0
ideal_bandwidth_fill_per_layer[5]: 0.0

Latency for layer: 6 of Level: OutRegister
level.active_instances_per_layer[6]: 672
level.temporal_iterations_per_layer[6]: 518400
Scaling per layer[6]: 348,364,800
Single Tile latency: cc_per_tile_per_layer[6]: 1
Ideal Case, Latency at this level without stalls: cc_per_all_tiles_per_layer[6]: 1
SCALED cc_per_all_tiles_per_layer[6]: 348,364,800
level.getReadPerLayer[6](): 0
  (For comparison - full reads including accumulation: 0)
ideal_bandwidth_read_per_layer[6]: 0.0
level.getDrainPerLayer[6](): 0
ideal_bandwidth_drain_per_layer[6]: 0.0
ideal_bandwidth_update_per_layer[6]: 0.0
  (For comparison - full updates including accumulation: 0)
level.getFillPerLayer[6](): 0
ideal_bandwidth_fill_per_layer[6]: 0.0

Latency for layer: 7 of Level: OutRegister
level.active_instances_per_layer[7]: 1344
level.temporal_iterations_per_layer[7]: 3110400
Scaling per layer[7]: 4,180,377,600
Single Tile latency: cc_per_tile_per_layer[7]: 1
Ideal Case, Latency at this level without stalls: cc_per_all_tiles_per_layer[7]: 1
SCALED cc_per_all_tiles_per_layer[7]: 4,180,377,600
level.getReadPerLayer[7](): 3,483,648,000
  (For comparison - full reads including accumulation: 3,483,648,000)
ideal_bandwidth_read_per_layer[7]: 0.8333333333333334
level.getDrainPerLayer[7](): 696,729,600
ideal_bandwidth_drain_per_layer[7]: 0.16666666666666666
ideal_bandwidth_update_per_layer[7]: 1.0
  (For comparison - full updates including accumulation: 4,180,377,600)
level.getFillPerLayer[7](): 0
ideal_bandwidth_fill_per_layer[7]: 0.0

Start of calculation of latency:


Layer_id: 0 in OutRegister

ideal_bandwidth_read_per_layer[0] + ideal_bandwidth_drain_per_layer[0]: 0.0 vs level.read_bandwidth: 2.0
I am in Compute Bound
cc_per_all_tiles_per_layer[0]: 1
STANDARD CASE latency_read_drain_per_layer[0]: 1

ideal_bandwidth_fill_per_layer[0] + ideal_bandwidth_update_per_layer[0]: 0.0 vs level.write_bandwidth: 2.0
previous_fanout_pe_to_pe_warmup: 0
STANDARD CASE latency_fill_update_per_layer[0]: 1


Layer_id: 1 in OutRegister

ideal_bandwidth_read_per_layer[1] + ideal_bandwidth_drain_per_layer[1]: 0.0 vs level.read_bandwidth: 2.0
I am in Compute Bound
cc_per_all_tiles_per_layer[1]: 1
STANDARD CASE latency_read_drain_per_layer[1]: 1

ideal_bandwidth_fill_per_layer[1] + ideal_bandwidth_update_per_layer[1]: 0.0 vs level.write_bandwidth: 2.0
previous_fanout_pe_to_pe_warmup: 0
STANDARD CASE latency_fill_update_per_layer[1]: 1


Layer_id: 2 in OutRegister

ideal_bandwidth_read_per_layer[2] + ideal_bandwidth_drain_per_layer[2]: 0.0 vs level.read_bandwidth: 2.0
I am in Compute Bound
cc_per_all_tiles_per_layer[2]: 1
STANDARD CASE latency_read_drain_per_layer[2]: 1

ideal_bandwidth_fill_per_layer[2] + ideal_bandwidth_update_per_layer[2]: 0.0 vs level.write_bandwidth: 2.0
previous_fanout_pe_to_pe_warmup: 0
STANDARD CASE latency_fill_update_per_layer[2]: 1


Layer_id: 3 in OutRegister

ideal_bandwidth_read_per_layer[3] + ideal_bandwidth_drain_per_layer[3]: 0.0 vs level.read_bandwidth: 2.0
I am in Compute Bound
cc_per_all_tiles_per_layer[3]: 1
STANDARD CASE latency_read_drain_per_layer[3]: 1

ideal_bandwidth_fill_per_layer[3] + ideal_bandwidth_update_per_layer[3]: 0.0 vs level.write_bandwidth: 2.0
previous_fanout_pe_to_pe_warmup: 0
STANDARD CASE latency_fill_update_per_layer[3]: 1


Layer_id: 4 in OutRegister

ideal_bandwidth_read_per_layer[4] + ideal_bandwidth_drain_per_layer[4]: 0.0 vs level.read_bandwidth: 2.0
I am in Compute Bound
cc_per_all_tiles_per_layer[4]: 1
STANDARD CASE latency_read_drain_per_layer[4]: 1

ideal_bandwidth_fill_per_layer[4] + ideal_bandwidth_update_per_layer[4]: 0.0 vs level.write_bandwidth: 2.0
previous_fanout_pe_to_pe_warmup: 0
STANDARD CASE latency_fill_update_per_layer[4]: 1


Layer_id: 5 in OutRegister

ideal_bandwidth_read_per_layer[5] + ideal_bandwidth_drain_per_layer[5]: 0.0 vs level.read_bandwidth: 2.0
I am in Compute Bound
cc_per_all_tiles_per_layer[5]: 1
STANDARD CASE latency_read_drain_per_layer[5]: 1

ideal_bandwidth_fill_per_layer[5] + ideal_bandwidth_update_per_layer[5]: 0.0 vs level.write_bandwidth: 2.0
previous_fanout_pe_to_pe_warmup: 0
STANDARD CASE latency_fill_update_per_layer[5]: 1


Layer_id: 6 in OutRegister

ideal_bandwidth_read_per_layer[6] + ideal_bandwidth_drain_per_layer[6]: 0.0 vs level.read_bandwidth: 2.0
I am in Compute Bound
cc_per_all_tiles_per_layer[6]: 1
STANDARD CASE latency_read_drain_per_layer[6]: 1

ideal_bandwidth_fill_per_layer[6] + ideal_bandwidth_update_per_layer[6]: 0.0 vs level.write_bandwidth: 2.0
previous_fanout_pe_to_pe_warmup: 0
STANDARD CASE latency_fill_update_per_layer[6]: 1


Layer_id: 7 in OutRegister

ideal_bandwidth_read_per_layer[7] + ideal_bandwidth_drain_per_layer[7]: 1.0 vs level.read_bandwidth: 2.0
I am in Compute Bound
cc_per_all_tiles_per_layer[7]: 1
STANDARD CASE latency_read_drain_per_layer[7]: 1

ideal_bandwidth_fill_per_layer[7] + ideal_bandwidth_update_per_layer[7]: 1.0 vs level.write_bandwidth: 2.0
previous_fanout_pe_to_pe_warmup: 0
STANDARD CASE latency_fill_update_per_layer[7]: 1

End of calculation of latency.

Calculating per tile final latency and stall for layer 0 in OutRegister: latency_read_drain_per_layer[0] = 1, latency_fill_update_per_layer[0] = 1
Final per tile latency_per_layer[0]: 1
Final per tile stall_cycles_per_layer[0]: 0
Ideal case: no stall introduced by this level per this layer: cc_per_all_tiles_per_layer[0]: 1
Calculating per tile final latency and stall for layer 1 in OutRegister: latency_read_drain_per_layer[1] = 1, latency_fill_update_per_layer[1] = 1
Final per tile latency_per_layer[1]: 1
Final per tile stall_cycles_per_layer[1]: 0
Ideal case: no stall introduced by this level per this layer: cc_per_all_tiles_per_layer[1]: 1
Calculating per tile final latency and stall for layer 2 in OutRegister: latency_read_drain_per_layer[2] = 1, latency_fill_update_per_layer[2] = 1
Final per tile latency_per_layer[2]: 1
Final per tile stall_cycles_per_layer[2]: 0
Ideal case: no stall introduced by this level per this layer: cc_per_all_tiles_per_layer[2]: 1
Calculating per tile final latency and stall for layer 3 in OutRegister: latency_read_drain_per_layer[3] = 1, latency_fill_update_per_layer[3] = 1
Final per tile latency_per_layer[3]: 1
Final per tile stall_cycles_per_layer[3]: 0
Ideal case: no stall introduced by this level per this layer: cc_per_all_tiles_per_layer[3]: 1
Calculating per tile final latency and stall for layer 4 in OutRegister: latency_read_drain_per_layer[4] = 1, latency_fill_update_per_layer[4] = 1
Final per tile latency_per_layer[4]: 1
Final per tile stall_cycles_per_layer[4]: 0
Ideal case: no stall introduced by this level per this layer: cc_per_all_tiles_per_layer[4]: 1
Calculating per tile final latency and stall for layer 5 in OutRegister: latency_read_drain_per_layer[5] = 1, latency_fill_update_per_layer[5] = 1
Final per tile latency_per_layer[5]: 1
Final per tile stall_cycles_per_layer[5]: 0
Ideal case: no stall introduced by this level per this layer: cc_per_all_tiles_per_layer[5]: 1
Calculating per tile final latency and stall for layer 6 in OutRegister: latency_read_drain_per_layer[6] = 1, latency_fill_update_per_layer[6] = 1
Final per tile latency_per_layer[6]: 1
Final per tile stall_cycles_per_layer[6]: 0
Ideal case: no stall introduced by this level per this layer: cc_per_all_tiles_per_layer[6]: 1
Calculating per tile final latency and stall for layer 7 in OutRegister: latency_read_drain_per_layer[7] = 1, latency_fill_update_per_layer[7] = 1
Final per tile latency_per_layer[7]: 1
Final per tile stall_cycles_per_layer[7]: 0
Ideal case: no stall introduced by this level per this layer: cc_per_all_tiles_per_layer[7]: 1


Calculating Latency for Level: IntermediateRegister

Latency for layer: 0 of Level: IntermediateRegister
level.active_instances_per_layer[0]: 840
level.temporal_iterations_per_layer[0]: 2592000
Scaling per layer[0]: 2,177,280,000
Single Tile latency: cc_per_tile_per_layer[0]: 1
Ideal Case, Latency at this level without stalls: cc_per_all_tiles_per_layer[0]: 1
SCALED cc_per_all_tiles_per_layer[0]: 2,177,280,000
level.getReadPerLayer[0](): 2,612,736,000
  (For comparison - full reads including accumulation: 2,612,736,000)
ideal_bandwidth_read_per_layer[0]: 1.2
level.getDrainPerLayer[0](): 435,456,000
ideal_bandwidth_drain_per_layer[0]: 0.2
ideal_bandwidth_update_per_layer[0]: 1.0
  (For comparison - full updates including accumulation: 2,177,280,000)
level.getFillPerLayer[0](): 435,456,000
ideal_bandwidth_fill_per_layer[0]: 0.2

Latency for layer: 1 of Level: IntermediateRegister
level.active_instances_per_layer[1]: 672
level.temporal_iterations_per_layer[1]: 518400
Scaling per layer[1]: 348,364,800
Single Tile latency: cc_per_tile_per_layer[1]: 1
Ideal Case, Latency at this level without stalls: cc_per_all_tiles_per_layer[1]: 1
SCALED cc_per_all_tiles_per_layer[1]: 348,364,800
level.getReadPerLayer[1](): 348,364,800
  (For comparison - full reads including accumulation: 348,364,800)
ideal_bandwidth_read_per_layer[1]: 1.0
level.getDrainPerLayer[1](): 348,364,800
ideal_bandwidth_drain_per_layer[1]: 1.0
ideal_bandwidth_update_per_layer[1]: 1.0
  (For comparison - full updates including accumulation: 348,364,800)
level.getFillPerLayer[1](): 348,364,800
ideal_bandwidth_fill_per_layer[1]: 1.0

Latency for layer: 2 of Level: IntermediateRegister
level.active_instances_per_layer[2]: 432
level.temporal_iterations_per_layer[2]: 1555200
Scaling per layer[2]: 671,846,400
Single Tile latency: cc_per_tile_per_layer[2]: 1
Ideal Case, Latency at this level without stalls: cc_per_all_tiles_per_layer[2]: 1
SCALED cc_per_all_tiles_per_layer[2]: 671,846,400
level.getReadPerLayer[2](): 671,846,400
  (For comparison - full reads including accumulation: 671,846,400)
ideal_bandwidth_read_per_layer[2]: 1.0
level.getDrainPerLayer[2](): 223,948,800
ideal_bandwidth_drain_per_layer[2]: 0.3333333333333333
ideal_bandwidth_update_per_layer[2]: 1.0
  (For comparison - full updates including accumulation: 671,846,400)
level.getFillPerLayer[2](): 223,948,800
ideal_bandwidth_fill_per_layer[2]: 0.3333333333333333

Latency for layer: 3 of Level: IntermediateRegister
level.active_instances_per_layer[3]: 432
level.temporal_iterations_per_layer[3]: 1555200
Scaling per layer[3]: 671,846,400
Single Tile latency: cc_per_tile_per_layer[3]: 1
Ideal Case, Latency at this level without stalls: cc_per_all_tiles_per_layer[3]: 1
SCALED cc_per_all_tiles_per_layer[3]: 671,846,400
level.getReadPerLayer[3](): 671,846,400
  (For comparison - full reads including accumulation: 671,846,400)
ideal_bandwidth_read_per_layer[3]: 1.0
level.getDrainPerLayer[3](): 223,948,800
ideal_bandwidth_drain_per_layer[3]: 0.3333333333333333
ideal_bandwidth_update_per_layer[3]: 1.0
  (For comparison - full updates including accumulation: 671,846,400)
level.getFillPerLayer[3](): 223,948,800
ideal_bandwidth_fill_per_layer[3]: 0.3333333333333333

Latency for layer: 4 of Level: IntermediateRegister
level.active_instances_per_layer[4]: 432
level.temporal_iterations_per_layer[4]: 1555200
Scaling per layer[4]: 671,846,400
Single Tile latency: cc_per_tile_per_layer[4]: 1
Ideal Case, Latency at this level without stalls: cc_per_all_tiles_per_layer[4]: 1
SCALED cc_per_all_tiles_per_layer[4]: 671,846,400
level.getReadPerLayer[4](): 671,846,400
  (For comparison - full reads including accumulation: 671,846,400)
ideal_bandwidth_read_per_layer[4]: 1.0
level.getDrainPerLayer[4](): 223,948,800
ideal_bandwidth_drain_per_layer[4]: 0.3333333333333333
ideal_bandwidth_update_per_layer[4]: 1.0
  (For comparison - full updates including accumulation: 671,846,400)
level.getFillPerLayer[4](): 223,948,800
ideal_bandwidth_fill_per_layer[4]: 0.3333333333333333

Latency for layer: 5 of Level: IntermediateRegister
level.active_instances_per_layer[5]: 432
level.temporal_iterations_per_layer[5]: 1555200
Scaling per layer[5]: 671,846,400
Single Tile latency: cc_per_tile_per_layer[5]: 1
Ideal Case, Latency at this level without stalls: cc_per_all_tiles_per_layer[5]: 1
SCALED cc_per_all_tiles_per_layer[5]: 671,846,400
level.getReadPerLayer[5](): 671,846,400
  (For comparison - full reads including accumulation: 671,846,400)
ideal_bandwidth_read_per_layer[5]: 1.0
level.getDrainPerLayer[5](): 223,948,800
ideal_bandwidth_drain_per_layer[5]: 0.3333333333333333
ideal_bandwidth_update_per_layer[5]: 1.0
  (For comparison - full updates including accumulation: 671,846,400)
level.getFillPerLayer[5](): 223,948,800
ideal_bandwidth_fill_per_layer[5]: 0.3333333333333333

Latency for layer: 6 of Level: IntermediateRegister
level.active_instances_per_layer[6]: 672
level.temporal_iterations_per_layer[6]: 518400
Scaling per layer[6]: 348,364,800
Single Tile latency: cc_per_tile_per_layer[6]: 1
Ideal Case, Latency at this level without stalls: cc_per_all_tiles_per_layer[6]: 1
SCALED cc_per_all_tiles_per_layer[6]: 348,364,800
level.getReadPerLayer[6](): 348,364,800
  (For comparison - full reads including accumulation: 348,364,800)
ideal_bandwidth_read_per_layer[6]: 1.0
level.getDrainPerLayer[6](): 348,364,800
ideal_bandwidth_drain_per_layer[6]: 1.0
ideal_bandwidth_update_per_layer[6]: 1.0
  (For comparison - full updates including accumulation: 348,364,800)
level.getFillPerLayer[6](): 348,364,800
ideal_bandwidth_fill_per_layer[6]: 1.0

Latency for layer: 7 of Level: IntermediateRegister
level.active_instances_per_layer[7]: 1344
level.temporal_iterations_per_layer[7]: 3110400
Scaling per layer[7]: 4,180,377,600
Single Tile latency: cc_per_tile_per_layer[7]: 1
Ideal Case, Latency at this level without stalls: cc_per_all_tiles_per_layer[7]: 1
SCALED cc_per_all_tiles_per_layer[7]: 4,180,377,600
level.getReadPerLayer[7](): 0
  (For comparison - full reads including accumulation: 0)
ideal_bandwidth_read_per_layer[7]: 0.0
level.getDrainPerLayer[7](): 0
ideal_bandwidth_drain_per_layer[7]: 0.0
ideal_bandwidth_update_per_layer[7]: 0.0
  (For comparison - full updates including accumulation: 0)
level.getFillPerLayer[7](): 0
ideal_bandwidth_fill_per_layer[7]: 0.0

Start of calculation of latency:


Layer_id: 0 in IntermediateRegister

ideal_bandwidth_read_per_layer[0] + ideal_bandwidth_drain_per_layer[0]: 1.4 vs level.read_bandwidth: 2.0
I am in Compute Bound
cc_per_all_tiles_per_layer[0]: 1
STANDARD CASE latency_read_drain_per_layer[0]: 1

ideal_bandwidth_fill_per_layer[0] + ideal_bandwidth_update_per_layer[0]: 1.2 vs level.write_bandwidth: 2.0
previous_fanout_pe_to_pe_warmup: 0
STANDARD CASE latency_fill_update_per_layer[0]: 1


Layer_id: 1 in IntermediateRegister

ideal_bandwidth_read_per_layer[1] + ideal_bandwidth_drain_per_layer[1]: 2.0 vs level.read_bandwidth: 2.0
I am in Compute Bound
cc_per_all_tiles_per_layer[1]: 1
STANDARD CASE latency_read_drain_per_layer[1]: 1

ideal_bandwidth_fill_per_layer[1] + ideal_bandwidth_update_per_layer[1]: 2.0 vs level.write_bandwidth: 2.0
previous_fanout_pe_to_pe_warmup: 0
STANDARD CASE latency_fill_update_per_layer[1]: 1


Layer_id: 2 in IntermediateRegister

ideal_bandwidth_read_per_layer[2] + ideal_bandwidth_drain_per_layer[2]: 1.3333333333333333 vs level.read_bandwidth: 2.0
I am in Compute Bound
cc_per_all_tiles_per_layer[2]: 1
STANDARD CASE latency_read_drain_per_layer[2]: 1

ideal_bandwidth_fill_per_layer[2] + ideal_bandwidth_update_per_layer[2]: 1.3333333333333333 vs level.write_bandwidth: 2.0
previous_fanout_pe_to_pe_warmup: 0
STANDARD CASE latency_fill_update_per_layer[2]: 1


Layer_id: 3 in IntermediateRegister

ideal_bandwidth_read_per_layer[3] + ideal_bandwidth_drain_per_layer[3]: 1.3333333333333333 vs level.read_bandwidth: 2.0
I am in Compute Bound
cc_per_all_tiles_per_layer[3]: 1
STANDARD CASE latency_read_drain_per_layer[3]: 1

ideal_bandwidth_fill_per_layer[3] + ideal_bandwidth_update_per_layer[3]: 1.3333333333333333 vs level.write_bandwidth: 2.0
previous_fanout_pe_to_pe_warmup: 0
STANDARD CASE latency_fill_update_per_layer[3]: 1


Layer_id: 4 in IntermediateRegister

ideal_bandwidth_read_per_layer[4] + ideal_bandwidth_drain_per_layer[4]: 1.3333333333333333 vs level.read_bandwidth: 2.0
I am in Compute Bound
cc_per_all_tiles_per_layer[4]: 1
STANDARD CASE latency_read_drain_per_layer[4]: 1

ideal_bandwidth_fill_per_layer[4] + ideal_bandwidth_update_per_layer[4]: 1.3333333333333333 vs level.write_bandwidth: 2.0
previous_fanout_pe_to_pe_warmup: 0
STANDARD CASE latency_fill_update_per_layer[4]: 1


Layer_id: 5 in IntermediateRegister

ideal_bandwidth_read_per_layer[5] + ideal_bandwidth_drain_per_layer[5]: 1.3333333333333333 vs level.read_bandwidth: 2.0
I am in Compute Bound
cc_per_all_tiles_per_layer[5]: 1
STANDARD CASE latency_read_drain_per_layer[5]: 1

ideal_bandwidth_fill_per_layer[5] + ideal_bandwidth_update_per_layer[5]: 1.3333333333333333 vs level.write_bandwidth: 2.0
previous_fanout_pe_to_pe_warmup: 0
STANDARD CASE latency_fill_update_per_layer[5]: 1


Layer_id: 6 in IntermediateRegister

ideal_bandwidth_read_per_layer[6] + ideal_bandwidth_drain_per_layer[6]: 2.0 vs level.read_bandwidth: 2.0
I am in Compute Bound
cc_per_all_tiles_per_layer[6]: 1
STANDARD CASE latency_read_drain_per_layer[6]: 1

ideal_bandwidth_fill_per_layer[6] + ideal_bandwidth_update_per_layer[6]: 2.0 vs level.write_bandwidth: 2.0
previous_fanout_pe_to_pe_warmup: 0
STANDARD CASE latency_fill_update_per_layer[6]: 1


Layer_id: 7 in IntermediateRegister

ideal_bandwidth_read_per_layer[7] + ideal_bandwidth_drain_per_layer[7]: 0.0 vs level.read_bandwidth: 2.0
I am in Compute Bound
cc_per_all_tiles_per_layer[7]: 1
STANDARD CASE latency_read_drain_per_layer[7]: 1

ideal_bandwidth_fill_per_layer[7] + ideal_bandwidth_update_per_layer[7]: 0.0 vs level.write_bandwidth: 2.0
previous_fanout_pe_to_pe_warmup: 0
STANDARD CASE latency_fill_update_per_layer[7]: 1

End of calculation of latency.

Calculating per tile final latency and stall for layer 0 in IntermediateRegister: latency_read_drain_per_layer[0] = 1, latency_fill_update_per_layer[0] = 1
Final per tile latency_per_layer[0]: 1
Final per tile stall_cycles_per_layer[0]: 0
Ideal case: no stall introduced by this level per this layer: cc_per_all_tiles_per_layer[0]: 1
Calculating per tile final latency and stall for layer 1 in IntermediateRegister: latency_read_drain_per_layer[1] = 1, latency_fill_update_per_layer[1] = 1
Final per tile latency_per_layer[1]: 1
Final per tile stall_cycles_per_layer[1]: 0
Ideal case: no stall introduced by this level per this layer: cc_per_all_tiles_per_layer[1]: 1
Calculating per tile final latency and stall for layer 2 in IntermediateRegister: latency_read_drain_per_layer[2] = 1, latency_fill_update_per_layer[2] = 1
Final per tile latency_per_layer[2]: 1
Final per tile stall_cycles_per_layer[2]: 0
Ideal case: no stall introduced by this level per this layer: cc_per_all_tiles_per_layer[2]: 1
Calculating per tile final latency and stall for layer 3 in IntermediateRegister: latency_read_drain_per_layer[3] = 1, latency_fill_update_per_layer[3] = 1
Final per tile latency_per_layer[3]: 1
Final per tile stall_cycles_per_layer[3]: 0
Ideal case: no stall introduced by this level per this layer: cc_per_all_tiles_per_layer[3]: 1
Calculating per tile final latency and stall for layer 4 in IntermediateRegister: latency_read_drain_per_layer[4] = 1, latency_fill_update_per_layer[4] = 1
Final per tile latency_per_layer[4]: 1
Final per tile stall_cycles_per_layer[4]: 0
Ideal case: no stall introduced by this level per this layer: cc_per_all_tiles_per_layer[4]: 1
Calculating per tile final latency and stall for layer 5 in IntermediateRegister: latency_read_drain_per_layer[5] = 1, latency_fill_update_per_layer[5] = 1
Final per tile latency_per_layer[5]: 1
Final per tile stall_cycles_per_layer[5]: 0
Ideal case: no stall introduced by this level per this layer: cc_per_all_tiles_per_layer[5]: 1
Calculating per tile final latency and stall for layer 6 in IntermediateRegister: latency_read_drain_per_layer[6] = 1, latency_fill_update_per_layer[6] = 1
Final per tile latency_per_layer[6]: 1
Final per tile stall_cycles_per_layer[6]: 0
Ideal case: no stall introduced by this level per this layer: cc_per_all_tiles_per_layer[6]: 1
Calculating per tile final latency and stall for layer 7 in IntermediateRegister: latency_read_drain_per_layer[7] = 1, latency_fill_update_per_layer[7] = 1
Final per tile latency_per_layer[7]: 1
Final per tile stall_cycles_per_layer[7]: 0
Ideal case: no stall introduced by this level per this layer: cc_per_all_tiles_per_layer[7]: 1


Calculating Latency for Level: WRegister

Latency for layer: 0 of Level: WRegister
level.active_instances_per_layer[0]: 840
level.temporal_iterations_per_layer[0]: 518400
Scaling per layer[0]: 435,456,000
Single Tile latency: cc_per_tile_per_layer[0]: 1
Ideal Case, Latency at this level without stalls: cc_per_all_tiles_per_layer[0]: 5
SCALED cc_per_all_tiles_per_layer[0]: 2,177,280,000
level.getReadPerLayer[0](): 2,177,280,000
  (For comparison - full reads including accumulation: 2,177,280,000)
ideal_bandwidth_read_per_layer[0]: 1.0
level.getDrainPerLayer[0](): 0
ideal_bandwidth_drain_per_layer[0]: 0.0
ideal_bandwidth_update_per_layer[0]: 0.0
  (For comparison - full updates including accumulation: 0)
level.getFillPerLayer[0](): 4,200
ideal_bandwidth_fill_per_layer[0]: 1.9290123456790124e-06

Latency for layer: 1 of Level: WRegister
level.active_instances_per_layer[1]: 672
level.temporal_iterations_per_layer[1]: 518400
Scaling per layer[1]: 348,364,800
Single Tile latency: cc_per_tile_per_layer[1]: 1
Ideal Case, Latency at this level without stalls: cc_per_all_tiles_per_layer[1]: 1
SCALED cc_per_all_tiles_per_layer[1]: 348,364,800
level.getReadPerLayer[1](): 348,364,800
  (For comparison - full reads including accumulation: 348,364,800)
ideal_bandwidth_read_per_layer[1]: 1.0
level.getDrainPerLayer[1](): 0
ideal_bandwidth_drain_per_layer[1]: 0.0
ideal_bandwidth_update_per_layer[1]: 0.0
  (For comparison - full updates including accumulation: 0)
level.getFillPerLayer[1](): 672
ideal_bandwidth_fill_per_layer[1]: 1.9290123456790124e-06

Latency for layer: 2 of Level: WRegister
level.active_instances_per_layer[2]: 432
level.temporal_iterations_per_layer[2]: 518400
Scaling per layer[2]: 223,948,800
Single Tile latency: cc_per_tile_per_layer[2]: 1
Ideal Case, Latency at this level without stalls: cc_per_all_tiles_per_layer[2]: 3
SCALED cc_per_all_tiles_per_layer[2]: 671,846,400
level.getReadPerLayer[2](): 671,846,400
  (For comparison - full reads including accumulation: 671,846,400)
ideal_bandwidth_read_per_layer[2]: 1.0
level.getDrainPerLayer[2](): 0
ideal_bandwidth_drain_per_layer[2]: 0.0
ideal_bandwidth_update_per_layer[2]: 0.0
  (For comparison - full updates including accumulation: 0)
level.getFillPerLayer[2](): 1,296
ideal_bandwidth_fill_per_layer[2]: 1.9290123456790124e-06

Latency for layer: 3 of Level: WRegister
level.active_instances_per_layer[3]: 432
level.temporal_iterations_per_layer[3]: 518400
Scaling per layer[3]: 223,948,800
Single Tile latency: cc_per_tile_per_layer[3]: 1
Ideal Case, Latency at this level without stalls: cc_per_all_tiles_per_layer[3]: 3
SCALED cc_per_all_tiles_per_layer[3]: 671,846,400
level.getReadPerLayer[3](): 671,846,400
  (For comparison - full reads including accumulation: 671,846,400)
ideal_bandwidth_read_per_layer[3]: 1.0
level.getDrainPerLayer[3](): 0
ideal_bandwidth_drain_per_layer[3]: 0.0
ideal_bandwidth_update_per_layer[3]: 0.0
  (For comparison - full updates including accumulation: 0)
level.getFillPerLayer[3](): 1,296
ideal_bandwidth_fill_per_layer[3]: 1.9290123456790124e-06

Latency for layer: 4 of Level: WRegister
level.active_instances_per_layer[4]: 432
level.temporal_iterations_per_layer[4]: 518400
Scaling per layer[4]: 223,948,800
Single Tile latency: cc_per_tile_per_layer[4]: 1
Ideal Case, Latency at this level without stalls: cc_per_all_tiles_per_layer[4]: 3
SCALED cc_per_all_tiles_per_layer[4]: 671,846,400
level.getReadPerLayer[4](): 671,846,400
  (For comparison - full reads including accumulation: 671,846,400)
ideal_bandwidth_read_per_layer[4]: 1.0
level.getDrainPerLayer[4](): 0
ideal_bandwidth_drain_per_layer[4]: 0.0
ideal_bandwidth_update_per_layer[4]: 0.0
  (For comparison - full updates including accumulation: 0)
level.getFillPerLayer[4](): 1,296
ideal_bandwidth_fill_per_layer[4]: 1.9290123456790124e-06

Latency for layer: 5 of Level: WRegister
level.active_instances_per_layer[5]: 432
level.temporal_iterations_per_layer[5]: 518400
Scaling per layer[5]: 223,948,800
Single Tile latency: cc_per_tile_per_layer[5]: 1
Ideal Case, Latency at this level without stalls: cc_per_all_tiles_per_layer[5]: 3
SCALED cc_per_all_tiles_per_layer[5]: 671,846,400
level.getReadPerLayer[5](): 671,846,400
  (For comparison - full reads including accumulation: 671,846,400)
ideal_bandwidth_read_per_layer[5]: 1.0
level.getDrainPerLayer[5](): 0
ideal_bandwidth_drain_per_layer[5]: 0.0
ideal_bandwidth_update_per_layer[5]: 0.0
  (For comparison - full updates including accumulation: 0)
level.getFillPerLayer[5](): 1,296
ideal_bandwidth_fill_per_layer[5]: 1.9290123456790124e-06

Latency for layer: 6 of Level: WRegister
level.active_instances_per_layer[6]: 672
level.temporal_iterations_per_layer[6]: 518400
Scaling per layer[6]: 348,364,800
Single Tile latency: cc_per_tile_per_layer[6]: 1
Ideal Case, Latency at this level without stalls: cc_per_all_tiles_per_layer[6]: 1
SCALED cc_per_all_tiles_per_layer[6]: 348,364,800
level.getReadPerLayer[6](): 348,364,800
  (For comparison - full reads including accumulation: 348,364,800)
ideal_bandwidth_read_per_layer[6]: 1.0
level.getDrainPerLayer[6](): 0
ideal_bandwidth_drain_per_layer[6]: 0.0
ideal_bandwidth_update_per_layer[6]: 0.0
  (For comparison - full updates including accumulation: 0)
level.getFillPerLayer[6](): 672
ideal_bandwidth_fill_per_layer[6]: 1.9290123456790124e-06

Latency for layer: 7 of Level: WRegister
level.active_instances_per_layer[7]: 1344
level.temporal_iterations_per_layer[7]: 518400
Scaling per layer[7]: 696,729,600
Single Tile latency: cc_per_tile_per_layer[7]: 1
Ideal Case, Latency at this level without stalls: cc_per_all_tiles_per_layer[7]: 6
SCALED cc_per_all_tiles_per_layer[7]: 4,180,377,600
level.getReadPerLayer[7](): 4,180,377,600
  (For comparison - full reads including accumulation: 4,180,377,600)
ideal_bandwidth_read_per_layer[7]: 1.0
level.getDrainPerLayer[7](): 0
ideal_bandwidth_drain_per_layer[7]: 0.0
ideal_bandwidth_update_per_layer[7]: 0.0
  (For comparison - full updates including accumulation: 0)
level.getFillPerLayer[7](): 8,064
ideal_bandwidth_fill_per_layer[7]: 1.9290123456790124e-06

Start of calculation of latency:


Layer_id: 0 in WRegister

ideal_bandwidth_read_per_layer[0] + ideal_bandwidth_drain_per_layer[0]: 1.0 vs level.read_bandwidth: 2.0
I am in Compute Bound
cc_per_all_tiles_per_layer[0]: 5
STANDARD CASE latency_read_drain_per_layer[0]: 5

ideal_bandwidth_fill_per_layer[0] + ideal_bandwidth_update_per_layer[0]: 1.9290123456790124e-06 vs level.write_bandwidth: 2.0
previous_fanout_pe_to_pe_warmup: 0
STANDARD CASE latency_fill_update_per_layer[0]: 5


Layer_id: 1 in WRegister

ideal_bandwidth_read_per_layer[1] + ideal_bandwidth_drain_per_layer[1]: 1.0 vs level.read_bandwidth: 2.0
I am in Compute Bound
cc_per_all_tiles_per_layer[1]: 1
STANDARD CASE latency_read_drain_per_layer[1]: 1

ideal_bandwidth_fill_per_layer[1] + ideal_bandwidth_update_per_layer[1]: 1.9290123456790124e-06 vs level.write_bandwidth: 2.0
previous_fanout_pe_to_pe_warmup: 0
STANDARD CASE latency_fill_update_per_layer[1]: 1


Layer_id: 2 in WRegister

ideal_bandwidth_read_per_layer[2] + ideal_bandwidth_drain_per_layer[2]: 1.0 vs level.read_bandwidth: 2.0
I am in Compute Bound
cc_per_all_tiles_per_layer[2]: 3
STANDARD CASE latency_read_drain_per_layer[2]: 3

ideal_bandwidth_fill_per_layer[2] + ideal_bandwidth_update_per_layer[2]: 1.9290123456790124e-06 vs level.write_bandwidth: 2.0
previous_fanout_pe_to_pe_warmup: 0
STANDARD CASE latency_fill_update_per_layer[2]: 3


Layer_id: 3 in WRegister

ideal_bandwidth_read_per_layer[3] + ideal_bandwidth_drain_per_layer[3]: 1.0 vs level.read_bandwidth: 2.0
I am in Compute Bound
cc_per_all_tiles_per_layer[3]: 3
STANDARD CASE latency_read_drain_per_layer[3]: 3

ideal_bandwidth_fill_per_layer[3] + ideal_bandwidth_update_per_layer[3]: 1.9290123456790124e-06 vs level.write_bandwidth: 2.0
previous_fanout_pe_to_pe_warmup: 0
STANDARD CASE latency_fill_update_per_layer[3]: 3


Layer_id: 4 in WRegister

ideal_bandwidth_read_per_layer[4] + ideal_bandwidth_drain_per_layer[4]: 1.0 vs level.read_bandwidth: 2.0
I am in Compute Bound
cc_per_all_tiles_per_layer[4]: 3
STANDARD CASE latency_read_drain_per_layer[4]: 3

ideal_bandwidth_fill_per_layer[4] + ideal_bandwidth_update_per_layer[4]: 1.9290123456790124e-06 vs level.write_bandwidth: 2.0
previous_fanout_pe_to_pe_warmup: 0
STANDARD CASE latency_fill_update_per_layer[4]: 3


Layer_id: 5 in WRegister

ideal_bandwidth_read_per_layer[5] + ideal_bandwidth_drain_per_layer[5]: 1.0 vs level.read_bandwidth: 2.0
I am in Compute Bound
cc_per_all_tiles_per_layer[5]: 3
STANDARD CASE latency_read_drain_per_layer[5]: 3

ideal_bandwidth_fill_per_layer[5] + ideal_bandwidth_update_per_layer[5]: 1.9290123456790124e-06 vs level.write_bandwidth: 2.0
previous_fanout_pe_to_pe_warmup: 0
STANDARD CASE latency_fill_update_per_layer[5]: 3


Layer_id: 6 in WRegister

ideal_bandwidth_read_per_layer[6] + ideal_bandwidth_drain_per_layer[6]: 1.0 vs level.read_bandwidth: 2.0
I am in Compute Bound
cc_per_all_tiles_per_layer[6]: 1
STANDARD CASE latency_read_drain_per_layer[6]: 1

ideal_bandwidth_fill_per_layer[6] + ideal_bandwidth_update_per_layer[6]: 1.9290123456790124e-06 vs level.write_bandwidth: 2.0
previous_fanout_pe_to_pe_warmup: 0
STANDARD CASE latency_fill_update_per_layer[6]: 1


Layer_id: 7 in WRegister

ideal_bandwidth_read_per_layer[7] + ideal_bandwidth_drain_per_layer[7]: 1.0 vs level.read_bandwidth: 2.0
I am in Compute Bound
cc_per_all_tiles_per_layer[7]: 6
STANDARD CASE latency_read_drain_per_layer[7]: 6

ideal_bandwidth_fill_per_layer[7] + ideal_bandwidth_update_per_layer[7]: 1.9290123456790124e-06 vs level.write_bandwidth: 2.0
previous_fanout_pe_to_pe_warmup: 0
STANDARD CASE latency_fill_update_per_layer[7]: 6

End of calculation of latency.

Calculating per tile final latency and stall for layer 0 in WRegister: latency_read_drain_per_layer[0] = 5, latency_fill_update_per_layer[0] = 5
Final per tile latency_per_layer[0]: 5
Final per tile stall_cycles_per_layer[0]: 0
Ideal case: no stall introduced by this level per this layer: cc_per_all_tiles_per_layer[0]: 5
Calculating per tile final latency and stall for layer 1 in WRegister: latency_read_drain_per_layer[1] = 1, latency_fill_update_per_layer[1] = 1
Final per tile latency_per_layer[1]: 1
Final per tile stall_cycles_per_layer[1]: 0
Ideal case: no stall introduced by this level per this layer: cc_per_all_tiles_per_layer[1]: 1
Calculating per tile final latency and stall for layer 2 in WRegister: latency_read_drain_per_layer[2] = 3, latency_fill_update_per_layer[2] = 3
Final per tile latency_per_layer[2]: 3
Final per tile stall_cycles_per_layer[2]: 0
Ideal case: no stall introduced by this level per this layer: cc_per_all_tiles_per_layer[2]: 3
Calculating per tile final latency and stall for layer 3 in WRegister: latency_read_drain_per_layer[3] = 3, latency_fill_update_per_layer[3] = 3
Final per tile latency_per_layer[3]: 3
Final per tile stall_cycles_per_layer[3]: 0
Ideal case: no stall introduced by this level per this layer: cc_per_all_tiles_per_layer[3]: 3
Calculating per tile final latency and stall for layer 4 in WRegister: latency_read_drain_per_layer[4] = 3, latency_fill_update_per_layer[4] = 3
Final per tile latency_per_layer[4]: 3
Final per tile stall_cycles_per_layer[4]: 0
Ideal case: no stall introduced by this level per this layer: cc_per_all_tiles_per_layer[4]: 3
Calculating per tile final latency and stall for layer 5 in WRegister: latency_read_drain_per_layer[5] = 3, latency_fill_update_per_layer[5] = 3
Final per tile latency_per_layer[5]: 3
Final per tile stall_cycles_per_layer[5]: 0
Ideal case: no stall introduced by this level per this layer: cc_per_all_tiles_per_layer[5]: 3
Calculating per tile final latency and stall for layer 6 in WRegister: latency_read_drain_per_layer[6] = 1, latency_fill_update_per_layer[6] = 1
Final per tile latency_per_layer[6]: 1
Final per tile stall_cycles_per_layer[6]: 0
Ideal case: no stall introduced by this level per this layer: cc_per_all_tiles_per_layer[6]: 1
Calculating per tile final latency and stall for layer 7 in WRegister: latency_read_drain_per_layer[7] = 6, latency_fill_update_per_layer[7] = 6
Final per tile latency_per_layer[7]: 6
Final per tile stall_cycles_per_layer[7]: 0
Ideal case: no stall introduced by this level per this layer: cc_per_all_tiles_per_layer[7]: 6


Calculating Latency for Level: InRegister

Latency for layer: 0 of Level: InRegister
level.active_instances_per_layer[0]: 840
level.temporal_iterations_per_layer[0]: 518400
Scaling per layer[0]: 435,456,000
Single Tile latency: cc_per_tile_per_layer[0]: 5
Ideal Case, Latency at this level without stalls: cc_per_all_tiles_per_layer[0]: 5
SCALED cc_per_all_tiles_per_layer[0]: 2,177,280,000
level.getReadPerLayer[0](): 2,177,280,000
  (For comparison - full reads including accumulation: 2,177,280,000)
ideal_bandwidth_read_per_layer[0]: 1.0
level.getDrainPerLayer[0](): 0
ideal_bandwidth_drain_per_layer[0]: 0.0
ideal_bandwidth_update_per_layer[0]: 0.0
  (For comparison - full updates including accumulation: 0)
level.getFillPerLayer[0](): 435,456,000
ideal_bandwidth_fill_per_layer[0]: 0.2

Latency for layer: 1 of Level: InRegister
level.active_instances_per_layer[1]: 672
level.temporal_iterations_per_layer[1]: 518400
Scaling per layer[1]: 348,364,800
Single Tile latency: cc_per_tile_per_layer[1]: 1
Ideal Case, Latency at this level without stalls: cc_per_all_tiles_per_layer[1]: 1
SCALED cc_per_all_tiles_per_layer[1]: 348,364,800
level.getReadPerLayer[1](): 348,364,800
  (For comparison - full reads including accumulation: 348,364,800)
ideal_bandwidth_read_per_layer[1]: 1.0
level.getDrainPerLayer[1](): 0
ideal_bandwidth_drain_per_layer[1]: 0.0
ideal_bandwidth_update_per_layer[1]: 0.0
  (For comparison - full updates including accumulation: 0)
level.getFillPerLayer[1](): 348,364,800
ideal_bandwidth_fill_per_layer[1]: 1.0

Latency for layer: 2 of Level: InRegister
level.active_instances_per_layer[2]: 432
level.temporal_iterations_per_layer[2]: 518400
Scaling per layer[2]: 223,948,800
Single Tile latency: cc_per_tile_per_layer[2]: 3
Ideal Case, Latency at this level without stalls: cc_per_all_tiles_per_layer[2]: 3
SCALED cc_per_all_tiles_per_layer[2]: 671,846,400
level.getReadPerLayer[2](): 671,846,400
  (For comparison - full reads including accumulation: 671,846,400)
ideal_bandwidth_read_per_layer[2]: 1.0
level.getDrainPerLayer[2](): 0
ideal_bandwidth_drain_per_layer[2]: 0.0
ideal_bandwidth_update_per_layer[2]: 0.0
  (For comparison - full updates including accumulation: 0)
level.getFillPerLayer[2](): 223,948,800
ideal_bandwidth_fill_per_layer[2]: 0.3333333333333333

Latency for layer: 3 of Level: InRegister
level.active_instances_per_layer[3]: 432
level.temporal_iterations_per_layer[3]: 518400
Scaling per layer[3]: 223,948,800
Single Tile latency: cc_per_tile_per_layer[3]: 3
Ideal Case, Latency at this level without stalls: cc_per_all_tiles_per_layer[3]: 3
SCALED cc_per_all_tiles_per_layer[3]: 671,846,400
level.getReadPerLayer[3](): 671,846,400
  (For comparison - full reads including accumulation: 671,846,400)
ideal_bandwidth_read_per_layer[3]: 1.0
level.getDrainPerLayer[3](): 0
ideal_bandwidth_drain_per_layer[3]: 0.0
ideal_bandwidth_update_per_layer[3]: 0.0
  (For comparison - full updates including accumulation: 0)
level.getFillPerLayer[3](): 223,948,800
ideal_bandwidth_fill_per_layer[3]: 0.3333333333333333

Latency for layer: 4 of Level: InRegister
level.active_instances_per_layer[4]: 432
level.temporal_iterations_per_layer[4]: 518400
Scaling per layer[4]: 223,948,800
Single Tile latency: cc_per_tile_per_layer[4]: 3
Ideal Case, Latency at this level without stalls: cc_per_all_tiles_per_layer[4]: 3
SCALED cc_per_all_tiles_per_layer[4]: 671,846,400
level.getReadPerLayer[4](): 671,846,400
  (For comparison - full reads including accumulation: 671,846,400)
ideal_bandwidth_read_per_layer[4]: 1.0
level.getDrainPerLayer[4](): 0
ideal_bandwidth_drain_per_layer[4]: 0.0
ideal_bandwidth_update_per_layer[4]: 0.0
  (For comparison - full updates including accumulation: 0)
level.getFillPerLayer[4](): 223,948,800
ideal_bandwidth_fill_per_layer[4]: 0.3333333333333333

Latency for layer: 5 of Level: InRegister
level.active_instances_per_layer[5]: 432
level.temporal_iterations_per_layer[5]: 518400
Scaling per layer[5]: 223,948,800
Single Tile latency: cc_per_tile_per_layer[5]: 3
Ideal Case, Latency at this level without stalls: cc_per_all_tiles_per_layer[5]: 3
SCALED cc_per_all_tiles_per_layer[5]: 671,846,400
level.getReadPerLayer[5](): 671,846,400
  (For comparison - full reads including accumulation: 671,846,400)
ideal_bandwidth_read_per_layer[5]: 1.0
level.getDrainPerLayer[5](): 0
ideal_bandwidth_drain_per_layer[5]: 0.0
ideal_bandwidth_update_per_layer[5]: 0.0
  (For comparison - full updates including accumulation: 0)
level.getFillPerLayer[5](): 223,948,800
ideal_bandwidth_fill_per_layer[5]: 0.3333333333333333

Latency for layer: 6 of Level: InRegister
level.active_instances_per_layer[6]: 672
level.temporal_iterations_per_layer[6]: 518400
Scaling per layer[6]: 348,364,800
Single Tile latency: cc_per_tile_per_layer[6]: 1
Ideal Case, Latency at this level without stalls: cc_per_all_tiles_per_layer[6]: 1
SCALED cc_per_all_tiles_per_layer[6]: 348,364,800
level.getReadPerLayer[6](): 348,364,800
  (For comparison - full reads including accumulation: 348,364,800)
ideal_bandwidth_read_per_layer[6]: 1.0
level.getDrainPerLayer[6](): 0
ideal_bandwidth_drain_per_layer[6]: 0.0
ideal_bandwidth_update_per_layer[6]: 0.0
  (For comparison - full updates including accumulation: 0)
level.getFillPerLayer[6](): 348,364,800
ideal_bandwidth_fill_per_layer[6]: 1.0

Latency for layer: 7 of Level: InRegister
level.active_instances_per_layer[7]: 1344
level.temporal_iterations_per_layer[7]: 518400
Scaling per layer[7]: 696,729,600
Single Tile latency: cc_per_tile_per_layer[7]: 6
Ideal Case, Latency at this level without stalls: cc_per_all_tiles_per_layer[7]: 6
SCALED cc_per_all_tiles_per_layer[7]: 4,180,377,600
level.getReadPerLayer[7](): 4,180,377,600
  (For comparison - full reads including accumulation: 4,180,377,600)
ideal_bandwidth_read_per_layer[7]: 1.0
level.getDrainPerLayer[7](): 0
ideal_bandwidth_drain_per_layer[7]: 0.0
ideal_bandwidth_update_per_layer[7]: 0.0
  (For comparison - full updates including accumulation: 0)
level.getFillPerLayer[7](): 1,393,459,200
ideal_bandwidth_fill_per_layer[7]: 0.3333333333333333

Start of calculation of latency:


Layer_id: 0 in InRegister

ideal_bandwidth_read_per_layer[0] + ideal_bandwidth_drain_per_layer[0]: 1.0 vs level.read_bandwidth: 2.0
I am in Compute Bound
cc_per_all_tiles_per_layer[0]: 5
STANDARD CASE latency_read_drain_per_layer[0]: 5

ideal_bandwidth_fill_per_layer[0] + ideal_bandwidth_update_per_layer[0]: 0.2 vs level.write_bandwidth: 2.0
previous_fanout_pe_to_pe_warmup: 0
STANDARD CASE latency_fill_update_per_layer[0]: 5


Layer_id: 1 in InRegister

ideal_bandwidth_read_per_layer[1] + ideal_bandwidth_drain_per_layer[1]: 1.0 vs level.read_bandwidth: 2.0
I am in Compute Bound
cc_per_all_tiles_per_layer[1]: 1
STANDARD CASE latency_read_drain_per_layer[1]: 1

ideal_bandwidth_fill_per_layer[1] + ideal_bandwidth_update_per_layer[1]: 1.0 vs level.write_bandwidth: 2.0
previous_fanout_pe_to_pe_warmup: 0
STANDARD CASE latency_fill_update_per_layer[1]: 1


Layer_id: 2 in InRegister

ideal_bandwidth_read_per_layer[2] + ideal_bandwidth_drain_per_layer[2]: 1.0 vs level.read_bandwidth: 2.0
I am in Compute Bound
cc_per_all_tiles_per_layer[2]: 3
STANDARD CASE latency_read_drain_per_layer[2]: 3

ideal_bandwidth_fill_per_layer[2] + ideal_bandwidth_update_per_layer[2]: 0.3333333333333333 vs level.write_bandwidth: 2.0
previous_fanout_pe_to_pe_warmup: 0
STANDARD CASE latency_fill_update_per_layer[2]: 3


Layer_id: 3 in InRegister

ideal_bandwidth_read_per_layer[3] + ideal_bandwidth_drain_per_layer[3]: 1.0 vs level.read_bandwidth: 2.0
I am in Compute Bound
cc_per_all_tiles_per_layer[3]: 3
STANDARD CASE latency_read_drain_per_layer[3]: 3

ideal_bandwidth_fill_per_layer[3] + ideal_bandwidth_update_per_layer[3]: 0.3333333333333333 vs level.write_bandwidth: 2.0
previous_fanout_pe_to_pe_warmup: 0
STANDARD CASE latency_fill_update_per_layer[3]: 3


Layer_id: 4 in InRegister

ideal_bandwidth_read_per_layer[4] + ideal_bandwidth_drain_per_layer[4]: 1.0 vs level.read_bandwidth: 2.0
I am in Compute Bound
cc_per_all_tiles_per_layer[4]: 3
STANDARD CASE latency_read_drain_per_layer[4]: 3

ideal_bandwidth_fill_per_layer[4] + ideal_bandwidth_update_per_layer[4]: 0.3333333333333333 vs level.write_bandwidth: 2.0
previous_fanout_pe_to_pe_warmup: 0
STANDARD CASE latency_fill_update_per_layer[4]: 3


Layer_id: 5 in InRegister

ideal_bandwidth_read_per_layer[5] + ideal_bandwidth_drain_per_layer[5]: 1.0 vs level.read_bandwidth: 2.0
I am in Compute Bound
cc_per_all_tiles_per_layer[5]: 3
STANDARD CASE latency_read_drain_per_layer[5]: 3

ideal_bandwidth_fill_per_layer[5] + ideal_bandwidth_update_per_layer[5]: 0.3333333333333333 vs level.write_bandwidth: 2.0
previous_fanout_pe_to_pe_warmup: 0
STANDARD CASE latency_fill_update_per_layer[5]: 3


Layer_id: 6 in InRegister

ideal_bandwidth_read_per_layer[6] + ideal_bandwidth_drain_per_layer[6]: 1.0 vs level.read_bandwidth: 2.0
I am in Compute Bound
cc_per_all_tiles_per_layer[6]: 1
STANDARD CASE latency_read_drain_per_layer[6]: 1

ideal_bandwidth_fill_per_layer[6] + ideal_bandwidth_update_per_layer[6]: 1.0 vs level.write_bandwidth: 2.0
previous_fanout_pe_to_pe_warmup: 0
STANDARD CASE latency_fill_update_per_layer[6]: 1


Layer_id: 7 in InRegister

ideal_bandwidth_read_per_layer[7] + ideal_bandwidth_drain_per_layer[7]: 1.0 vs level.read_bandwidth: 2.0
I am in Compute Bound
cc_per_all_tiles_per_layer[7]: 6
STANDARD CASE latency_read_drain_per_layer[7]: 6

ideal_bandwidth_fill_per_layer[7] + ideal_bandwidth_update_per_layer[7]: 0.3333333333333333 vs level.write_bandwidth: 2.0
previous_fanout_pe_to_pe_warmup: 0
STANDARD CASE latency_fill_update_per_layer[7]: 6

End of calculation of latency.

Calculating per tile final latency and stall for layer 0 in InRegister: latency_read_drain_per_layer[0] = 5, latency_fill_update_per_layer[0] = 5
Final per tile latency_per_layer[0]: 5
Final per tile stall_cycles_per_layer[0]: 0
Ideal case: no stall introduced by this level per this layer: cc_per_all_tiles_per_layer[0]: 5
Calculating per tile final latency and stall for layer 1 in InRegister: latency_read_drain_per_layer[1] = 1, latency_fill_update_per_layer[1] = 1
Final per tile latency_per_layer[1]: 1
Final per tile stall_cycles_per_layer[1]: 0
Ideal case: no stall introduced by this level per this layer: cc_per_all_tiles_per_layer[1]: 1
Calculating per tile final latency and stall for layer 2 in InRegister: latency_read_drain_per_layer[2] = 3, latency_fill_update_per_layer[2] = 3
Final per tile latency_per_layer[2]: 3
Final per tile stall_cycles_per_layer[2]: 0
Ideal case: no stall introduced by this level per this layer: cc_per_all_tiles_per_layer[2]: 3
Calculating per tile final latency and stall for layer 3 in InRegister: latency_read_drain_per_layer[3] = 3, latency_fill_update_per_layer[3] = 3
Final per tile latency_per_layer[3]: 3
Final per tile stall_cycles_per_layer[3]: 0
Ideal case: no stall introduced by this level per this layer: cc_per_all_tiles_per_layer[3]: 3
Calculating per tile final latency and stall for layer 4 in InRegister: latency_read_drain_per_layer[4] = 3, latency_fill_update_per_layer[4] = 3
Final per tile latency_per_layer[4]: 3
Final per tile stall_cycles_per_layer[4]: 0
Ideal case: no stall introduced by this level per this layer: cc_per_all_tiles_per_layer[4]: 3
Calculating per tile final latency and stall for layer 5 in InRegister: latency_read_drain_per_layer[5] = 3, latency_fill_update_per_layer[5] = 3
Final per tile latency_per_layer[5]: 3
Final per tile stall_cycles_per_layer[5]: 0
Ideal case: no stall introduced by this level per this layer: cc_per_all_tiles_per_layer[5]: 3
Calculating per tile final latency and stall for layer 6 in InRegister: latency_read_drain_per_layer[6] = 1, latency_fill_update_per_layer[6] = 1
Final per tile latency_per_layer[6]: 1
Final per tile stall_cycles_per_layer[6]: 0
Ideal case: no stall introduced by this level per this layer: cc_per_all_tiles_per_layer[6]: 1
Calculating per tile final latency and stall for layer 7 in InRegister: latency_read_drain_per_layer[7] = 6, latency_fill_update_per_layer[7] = 6
Final per tile latency_per_layer[7]: 6
Final per tile stall_cycles_per_layer[7]: 0
Ideal case: no stall introduced by this level per this layer: cc_per_all_tiles_per_layer[7]: 6


Calculating Latency for Level: GlobalBuffer

Latency for layer: 0 of Level: GlobalBuffer
level.active_instances_per_layer[0]: 1
level.temporal_iterations_per_layer[0]: 518400
Scaling per layer[0]: 518,400
Single Tile latency: cc_per_tile_per_layer[0]: 5
Ideal Case, Latency at this level without stalls: cc_per_all_tiles_per_layer[0]: 5
SCALED cc_per_all_tiles_per_layer[0]: 2,592,000
level.getReadPerLayer[0](): 36,806,400
  (For comparison - full reads including accumulation: 36,806,400)
ideal_bandwidth_read_per_layer[0]: 14.2
level.getDrainPerLayer[0](): 0
ideal_bandwidth_drain_per_layer[0]: 0.0
ideal_bandwidth_update_per_layer[0]: 11.2
  (For comparison - full updates including accumulation: 29,030,400)
level.getFillPerLayer[0](): 1,555,200
ideal_bandwidth_fill_per_layer[0]: 0.6

Latency for layer: 1 of Level: GlobalBuffer
level.active_instances_per_layer[1]: 1
level.temporal_iterations_per_layer[1]: 518400
Scaling per layer[1]: 518,400
Single Tile latency: cc_per_tile_per_layer[1]: 1
Ideal Case, Latency at this level without stalls: cc_per_all_tiles_per_layer[1]: 1
SCALED cc_per_all_tiles_per_layer[1]: 518,400
level.getReadPerLayer[1](): 35,251,200
  (For comparison - full reads including accumulation: 35,251,200)
ideal_bandwidth_read_per_layer[1]: 68.0
level.getDrainPerLayer[1](): 0
ideal_bandwidth_drain_per_layer[1]: 0.0
ideal_bandwidth_update_per_layer[1]: 12.0
  (For comparison - full updates including accumulation: 6,220,800)
level.getFillPerLayer[1](): 0
ideal_bandwidth_fill_per_layer[1]: 0.0

Latency for layer: 2 of Level: GlobalBuffer
level.active_instances_per_layer[2]: 1
level.temporal_iterations_per_layer[2]: 518400
Scaling per layer[2]: 518,400
Single Tile latency: cc_per_tile_per_layer[2]: 3
Ideal Case, Latency at this level without stalls: cc_per_all_tiles_per_layer[2]: 3
SCALED cc_per_all_tiles_per_layer[2]: 1,555,200
level.getReadPerLayer[2](): 24,883,200
  (For comparison - full reads including accumulation: 24,883,200)
ideal_bandwidth_read_per_layer[2]: 16.0
level.getDrainPerLayer[2](): 0
ideal_bandwidth_drain_per_layer[2]: 0.0
ideal_bandwidth_update_per_layer[2]: 4.0
  (For comparison - full updates including accumulation: 6,220,800)
level.getFillPerLayer[2](): 0
ideal_bandwidth_fill_per_layer[2]: 0.0

Latency for layer: 3 of Level: GlobalBuffer
level.active_instances_per_layer[3]: 1
level.temporal_iterations_per_layer[3]: 518400
Scaling per layer[3]: 518,400
Single Tile latency: cc_per_tile_per_layer[3]: 3
Ideal Case, Latency at this level without stalls: cc_per_all_tiles_per_layer[3]: 3
SCALED cc_per_all_tiles_per_layer[3]: 1,555,200
level.getReadPerLayer[3](): 24,883,200
  (For comparison - full reads including accumulation: 24,883,200)
ideal_bandwidth_read_per_layer[3]: 16.0
level.getDrainPerLayer[3](): 0
ideal_bandwidth_drain_per_layer[3]: 0.0
ideal_bandwidth_update_per_layer[3]: 4.0
  (For comparison - full updates including accumulation: 6,220,800)
level.getFillPerLayer[3](): 0
ideal_bandwidth_fill_per_layer[3]: 0.0

Latency for layer: 4 of Level: GlobalBuffer
level.active_instances_per_layer[4]: 1
level.temporal_iterations_per_layer[4]: 518400
Scaling per layer[4]: 518,400
Single Tile latency: cc_per_tile_per_layer[4]: 3
Ideal Case, Latency at this level without stalls: cc_per_all_tiles_per_layer[4]: 3
SCALED cc_per_all_tiles_per_layer[4]: 1,555,200
level.getReadPerLayer[4](): 24,883,200
  (For comparison - full reads including accumulation: 24,883,200)
ideal_bandwidth_read_per_layer[4]: 16.0
level.getDrainPerLayer[4](): 0
ideal_bandwidth_drain_per_layer[4]: 0.0
ideal_bandwidth_update_per_layer[4]: 4.0
  (For comparison - full updates including accumulation: 6,220,800)
level.getFillPerLayer[4](): 0
ideal_bandwidth_fill_per_layer[4]: 0.0

Latency for layer: 5 of Level: GlobalBuffer
level.active_instances_per_layer[5]: 1
level.temporal_iterations_per_layer[5]: 518400
Scaling per layer[5]: 518,400
Single Tile latency: cc_per_tile_per_layer[5]: 3
Ideal Case, Latency at this level without stalls: cc_per_all_tiles_per_layer[5]: 3
SCALED cc_per_all_tiles_per_layer[5]: 1,555,200
level.getReadPerLayer[5](): 24,883,200
  (For comparison - full reads including accumulation: 24,883,200)
ideal_bandwidth_read_per_layer[5]: 16.0
level.getDrainPerLayer[5](): 0
ideal_bandwidth_drain_per_layer[5]: 0.0
ideal_bandwidth_update_per_layer[5]: 4.0
  (For comparison - full updates including accumulation: 6,220,800)
level.getFillPerLayer[5](): 0
ideal_bandwidth_fill_per_layer[5]: 0.0

Latency for layer: 6 of Level: GlobalBuffer
level.active_instances_per_layer[6]: 1
level.temporal_iterations_per_layer[6]: 518400
Scaling per layer[6]: 518,400
Single Tile latency: cc_per_tile_per_layer[6]: 1
Ideal Case, Latency at this level without stalls: cc_per_all_tiles_per_layer[6]: 1
SCALED cc_per_all_tiles_per_layer[6]: 518,400
level.getReadPerLayer[6](): 35,251,200
  (For comparison - full reads including accumulation: 35,251,200)
ideal_bandwidth_read_per_layer[6]: 68.0
level.getDrainPerLayer[6](): 0
ideal_bandwidth_drain_per_layer[6]: 0.0
ideal_bandwidth_update_per_layer[6]: 56.0
  (For comparison - full updates including accumulation: 29,030,400)
level.getFillPerLayer[6](): 0
ideal_bandwidth_fill_per_layer[6]: 0.0

Latency for layer: 7 of Level: GlobalBuffer
level.active_instances_per_layer[7]: 1
level.temporal_iterations_per_layer[7]: 518400
Scaling per layer[7]: 518,400
Single Tile latency: cc_per_tile_per_layer[7]: 6
Ideal Case, Latency at this level without stalls: cc_per_all_tiles_per_layer[7]: 6
SCALED cc_per_all_tiles_per_layer[7]: 3,110,400
level.getReadPerLayer[7](): 87,091,200
  (For comparison - full reads including accumulation: 87,091,200)
ideal_bandwidth_read_per_layer[7]: 28.0
level.getDrainPerLayer[7](): 8,294,400
ideal_bandwidth_drain_per_layer[7]: 2.6666666666666665
ideal_bandwidth_update_per_layer[7]: 2.6666666666666665
  (For comparison - full updates including accumulation: 8,294,400)
level.getFillPerLayer[7](): 0
ideal_bandwidth_fill_per_layer[7]: 0.0

Start of calculation of latency:


Layer_id: 0 in GlobalBuffer

ideal_bandwidth_read_per_layer[0] + ideal_bandwidth_drain_per_layer[0]: 14.2 vs level.read_bandwidth: 16.0
I am in Compute Bound
cc_per_all_tiles_per_layer[0]: 5
STANDARD CASE latency_read_drain_per_layer[0]: 5

ideal_bandwidth_fill_per_layer[0] + ideal_bandwidth_update_per_layer[0]: 11.799999999999999 vs level.write_bandwidth: 16.0
previous_fanout_pe_to_pe_warmup: 0
STANDARD CASE latency_fill_update_per_layer[0]: 5


Layer_id: 1 in GlobalBuffer

ideal_bandwidth_read_per_layer[1] + ideal_bandwidth_drain_per_layer[1]: 68.0 vs level.read_bandwidth: 16.0
I am in Slowdown: Memory Bound
ideal_bandwidth_read_per_layer[1]: 68.0
ideal_bandwidth_drain_per_layer[1]: 0.0
level.read_bandwidth: 16.0
total data (for bandwidth): 35251200
scaling_per_layer[1]: 518400
SLOWDOWN CASE latency_read_drain_per_layer[1]: 4.25

ideal_bandwidth_fill_per_layer[1] + ideal_bandwidth_update_per_layer[1]: 12.0 vs level.write_bandwidth: 16.0
previous_fanout_pe_to_pe_warmup: 0
STANDARD CASE latency_fill_update_per_layer[1]: 1


Layer_id: 2 in GlobalBuffer

ideal_bandwidth_read_per_layer[2] + ideal_bandwidth_drain_per_layer[2]: 16.0 vs level.read_bandwidth: 16.0
I am in Compute Bound
cc_per_all_tiles_per_layer[2]: 3
STANDARD CASE latency_read_drain_per_layer[2]: 3

ideal_bandwidth_fill_per_layer[2] + ideal_bandwidth_update_per_layer[2]: 4.0 vs level.write_bandwidth: 16.0
previous_fanout_pe_to_pe_warmup: 0
STANDARD CASE latency_fill_update_per_layer[2]: 3


Layer_id: 3 in GlobalBuffer

ideal_bandwidth_read_per_layer[3] + ideal_bandwidth_drain_per_layer[3]: 16.0 vs level.read_bandwidth: 16.0
I am in Compute Bound
cc_per_all_tiles_per_layer[3]: 3
STANDARD CASE latency_read_drain_per_layer[3]: 3

ideal_bandwidth_fill_per_layer[3] + ideal_bandwidth_update_per_layer[3]: 4.0 vs level.write_bandwidth: 16.0
previous_fanout_pe_to_pe_warmup: 0
STANDARD CASE latency_fill_update_per_layer[3]: 3


Layer_id: 4 in GlobalBuffer

ideal_bandwidth_read_per_layer[4] + ideal_bandwidth_drain_per_layer[4]: 16.0 vs level.read_bandwidth: 16.0
I am in Compute Bound
cc_per_all_tiles_per_layer[4]: 3
STANDARD CASE latency_read_drain_per_layer[4]: 3

ideal_bandwidth_fill_per_layer[4] + ideal_bandwidth_update_per_layer[4]: 4.0 vs level.write_bandwidth: 16.0
previous_fanout_pe_to_pe_warmup: 0
STANDARD CASE latency_fill_update_per_layer[4]: 3


Layer_id: 5 in GlobalBuffer

ideal_bandwidth_read_per_layer[5] + ideal_bandwidth_drain_per_layer[5]: 16.0 vs level.read_bandwidth: 16.0
I am in Compute Bound
cc_per_all_tiles_per_layer[5]: 3
STANDARD CASE latency_read_drain_per_layer[5]: 3

ideal_bandwidth_fill_per_layer[5] + ideal_bandwidth_update_per_layer[5]: 4.0 vs level.write_bandwidth: 16.0
previous_fanout_pe_to_pe_warmup: 0
STANDARD CASE latency_fill_update_per_layer[5]: 3


Layer_id: 6 in GlobalBuffer

ideal_bandwidth_read_per_layer[6] + ideal_bandwidth_drain_per_layer[6]: 68.0 vs level.read_bandwidth: 16.0
I am in Slowdown: Memory Bound
ideal_bandwidth_read_per_layer[6]: 68.0
ideal_bandwidth_drain_per_layer[6]: 0.0
level.read_bandwidth: 16.0
total data (for bandwidth): 35251200
scaling_per_layer[6]: 518400
SLOWDOWN CASE latency_read_drain_per_layer[6]: 4.25

ideal_bandwidth_fill_per_layer[6] + ideal_bandwidth_update_per_layer[6]: 56.0 vs level.write_bandwidth: 16.0
ideal_bandwidth_fill_per_layer[6]: 0.0
ideal_bandwidth_update_per_layer[6]: 56.0
level.write_bandwidth: 16.0
total data (for bandwidth): 29030400
scaling_per_layer[6]: 518400
SLOWDOWN CASE latency_fill_update_per_layer[6]: 3.5


Layer_id: 7 in GlobalBuffer

ideal_bandwidth_read_per_layer[7] + ideal_bandwidth_drain_per_layer[7]: 30.666666666666668 vs level.read_bandwidth: 16.0
I am in Slowdown: Memory Bound
ideal_bandwidth_read_per_layer[7]: 28.0
ideal_bandwidth_drain_per_layer[7]: 2.6666666666666665
level.read_bandwidth: 16.0
total data (for bandwidth): 95385600
scaling_per_layer[7]: 518400
SLOWDOWN CASE latency_read_drain_per_layer[7]: 11.5

ideal_bandwidth_fill_per_layer[7] + ideal_bandwidth_update_per_layer[7]: 2.6666666666666665 vs level.write_bandwidth: 16.0
previous_fanout_pe_to_pe_warmup: 0
STANDARD CASE latency_fill_update_per_layer[7]: 6

End of calculation of latency.

Calculating per tile final latency and stall for layer 0 in GlobalBuffer: latency_read_drain_per_layer[0] = 5, latency_fill_update_per_layer[0] = 5
Final per tile latency_per_layer[0]: 5
Final per tile stall_cycles_per_layer[0]: 0
Ideal case: no stall introduced by this level per this layer: cc_per_all_tiles_per_layer[0]: 5
Calculating per tile final latency and stall for layer 1 in GlobalBuffer: latency_read_drain_per_layer[1] = 4.25, latency_fill_update_per_layer[1] = 1
Final per tile latency_per_layer[1]: 4
Final per tile stall_cycles_per_layer[1]: 3
Ideal case: no stall introduced by this level per this layer: cc_per_all_tiles_per_layer[1]: 1
Calculating per tile final latency and stall for layer 2 in GlobalBuffer: latency_read_drain_per_layer[2] = 3, latency_fill_update_per_layer[2] = 3
Final per tile latency_per_layer[2]: 3
Final per tile stall_cycles_per_layer[2]: 0
Ideal case: no stall introduced by this level per this layer: cc_per_all_tiles_per_layer[2]: 3
Calculating per tile final latency and stall for layer 3 in GlobalBuffer: latency_read_drain_per_layer[3] = 3, latency_fill_update_per_layer[3] = 3
Final per tile latency_per_layer[3]: 3
Final per tile stall_cycles_per_layer[3]: 0
Ideal case: no stall introduced by this level per this layer: cc_per_all_tiles_per_layer[3]: 3
Calculating per tile final latency and stall for layer 4 in GlobalBuffer: latency_read_drain_per_layer[4] = 3, latency_fill_update_per_layer[4] = 3
Final per tile latency_per_layer[4]: 3
Final per tile stall_cycles_per_layer[4]: 0
Ideal case: no stall introduced by this level per this layer: cc_per_all_tiles_per_layer[4]: 3
Calculating per tile final latency and stall for layer 5 in GlobalBuffer: latency_read_drain_per_layer[5] = 3, latency_fill_update_per_layer[5] = 3
Final per tile latency_per_layer[5]: 3
Final per tile stall_cycles_per_layer[5]: 0
Ideal case: no stall introduced by this level per this layer: cc_per_all_tiles_per_layer[5]: 3
Calculating per tile final latency and stall for layer 6 in GlobalBuffer: latency_read_drain_per_layer[6] = 4.25, latency_fill_update_per_layer[6] = 3.5
Final per tile latency_per_layer[6]: 4
Final per tile stall_cycles_per_layer[6]: 3
Ideal case: no stall introduced by this level per this layer: cc_per_all_tiles_per_layer[6]: 1
Calculating per tile final latency and stall for layer 7 in GlobalBuffer: latency_read_drain_per_layer[7] = 11.5, latency_fill_update_per_layer[7] = 6
Final per tile latency_per_layer[7]: 12
Final per tile stall_cycles_per_layer[7]: 6
Ideal case: no stall introduced by this level per this layer: cc_per_all_tiles_per_layer[7]: 6


Calculating Latency for Level: DRAM

Latency for layer: 0 of Level: DRAM
level.active_instances_per_layer[0]: 1
level.temporal_iterations_per_layer[0]: 1
Scaling per layer[0]: 1
Single Tile latency: cc_per_tile_per_layer[0]: 5
Ideal Case, Latency at this level without stalls: cc_per_all_tiles_per_layer[0]: 2592000
SCALED cc_per_all_tiles_per_layer[0]: 2,592,000
level.getReadPerLayer[0](): 1,559,400
  (For comparison - full reads including accumulation: 1,559,400)
ideal_bandwidth_read_per_layer[0]: 0.6016203703703704
level.getDrainPerLayer[0](): 0
ideal_bandwidth_drain_per_layer[0]: 0.0
ideal_bandwidth_update_per_layer[0]: 0.0
  (For comparison - full updates including accumulation: 0)
level.getFillPerLayer[0](): 0
ideal_bandwidth_fill_per_layer[0]: 0.0

Latency for layer: 1 of Level: DRAM
level.active_instances_per_layer[1]: 1
level.temporal_iterations_per_layer[1]: 1
Scaling per layer[1]: 1
Single Tile latency: cc_per_tile_per_layer[1]: 4.25
Ideal Case, Latency at this level without stalls: cc_per_all_tiles_per_layer[1]: 2203200.0
SCALED cc_per_all_tiles_per_layer[1]: 2,203,200
level.getReadPerLayer[1](): 672
  (For comparison - full reads including accumulation: 672)
ideal_bandwidth_read_per_layer[1]: 0.00030501089324618734
level.getDrainPerLayer[1](): 0
ideal_bandwidth_drain_per_layer[1]: 0.0
ideal_bandwidth_update_per_layer[1]: 0.0
  (For comparison - full updates including accumulation: 0)
level.getFillPerLayer[1](): 0
ideal_bandwidth_fill_per_layer[1]: 0.0

Latency for layer: 2 of Level: DRAM
level.active_instances_per_layer[2]: 1
level.temporal_iterations_per_layer[2]: 1
Scaling per layer[2]: 1
Single Tile latency: cc_per_tile_per_layer[2]: 3
Ideal Case, Latency at this level without stalls: cc_per_all_tiles_per_layer[2]: 1555200
SCALED cc_per_all_tiles_per_layer[2]: 1,555,200
level.getReadPerLayer[2](): 1,296
  (For comparison - full reads including accumulation: 1,296)
ideal_bandwidth_read_per_layer[2]: 0.0008333333333333334
level.getDrainPerLayer[2](): 0
ideal_bandwidth_drain_per_layer[2]: 0.0
ideal_bandwidth_update_per_layer[2]: 0.0
  (For comparison - full updates including accumulation: 0)
level.getFillPerLayer[2](): 0
ideal_bandwidth_fill_per_layer[2]: 0.0

Latency for layer: 3 of Level: DRAM
level.active_instances_per_layer[3]: 1
level.temporal_iterations_per_layer[3]: 1
Scaling per layer[3]: 1
Single Tile latency: cc_per_tile_per_layer[3]: 3
Ideal Case, Latency at this level without stalls: cc_per_all_tiles_per_layer[3]: 1555200
SCALED cc_per_all_tiles_per_layer[3]: 1,555,200
level.getReadPerLayer[3](): 1,296
  (For comparison - full reads including accumulation: 1,296)
ideal_bandwidth_read_per_layer[3]: 0.0008333333333333334
level.getDrainPerLayer[3](): 0
ideal_bandwidth_drain_per_layer[3]: 0.0
ideal_bandwidth_update_per_layer[3]: 0.0
  (For comparison - full updates including accumulation: 0)
level.getFillPerLayer[3](): 0
ideal_bandwidth_fill_per_layer[3]: 0.0

Latency for layer: 4 of Level: DRAM
level.active_instances_per_layer[4]: 1
level.temporal_iterations_per_layer[4]: 1
Scaling per layer[4]: 1
Single Tile latency: cc_per_tile_per_layer[4]: 3
Ideal Case, Latency at this level without stalls: cc_per_all_tiles_per_layer[4]: 1555200
SCALED cc_per_all_tiles_per_layer[4]: 1,555,200
level.getReadPerLayer[4](): 1,296
  (For comparison - full reads including accumulation: 1,296)
ideal_bandwidth_read_per_layer[4]: 0.0008333333333333334
level.getDrainPerLayer[4](): 0
ideal_bandwidth_drain_per_layer[4]: 0.0
ideal_bandwidth_update_per_layer[4]: 0.0
  (For comparison - full updates including accumulation: 0)
level.getFillPerLayer[4](): 0
ideal_bandwidth_fill_per_layer[4]: 0.0

Latency for layer: 5 of Level: DRAM
level.active_instances_per_layer[5]: 1
level.temporal_iterations_per_layer[5]: 1
Scaling per layer[5]: 1
Single Tile latency: cc_per_tile_per_layer[5]: 3
Ideal Case, Latency at this level without stalls: cc_per_all_tiles_per_layer[5]: 1555200
SCALED cc_per_all_tiles_per_layer[5]: 1,555,200
level.getReadPerLayer[5](): 1,296
  (For comparison - full reads including accumulation: 1,296)
ideal_bandwidth_read_per_layer[5]: 0.0008333333333333334
level.getDrainPerLayer[5](): 0
ideal_bandwidth_drain_per_layer[5]: 0.0
ideal_bandwidth_update_per_layer[5]: 0.0
  (For comparison - full updates including accumulation: 0)
level.getFillPerLayer[5](): 0
ideal_bandwidth_fill_per_layer[5]: 0.0

Latency for layer: 6 of Level: DRAM
level.active_instances_per_layer[6]: 1
level.temporal_iterations_per_layer[6]: 1
Scaling per layer[6]: 1
Single Tile latency: cc_per_tile_per_layer[6]: 4.25
Ideal Case, Latency at this level without stalls: cc_per_all_tiles_per_layer[6]: 2203200.0
SCALED cc_per_all_tiles_per_layer[6]: 2,203,200
level.getReadPerLayer[6](): 672
  (For comparison - full reads including accumulation: 672)
ideal_bandwidth_read_per_layer[6]: 0.00030501089324618734
level.getDrainPerLayer[6](): 0
ideal_bandwidth_drain_per_layer[6]: 0.0
ideal_bandwidth_update_per_layer[6]: 0.0
  (For comparison - full updates including accumulation: 0)
level.getFillPerLayer[6](): 0
ideal_bandwidth_fill_per_layer[6]: 0.0

Latency for layer: 7 of Level: DRAM
level.active_instances_per_layer[7]: 1
level.temporal_iterations_per_layer[7]: 1
Scaling per layer[7]: 1
Single Tile latency: cc_per_tile_per_layer[7]: 11.5
Ideal Case, Latency at this level without stalls: cc_per_all_tiles_per_layer[7]: 5961600.0
SCALED cc_per_all_tiles_per_layer[7]: 5,961,600
level.getReadPerLayer[7](): 8,064
  (For comparison - full reads including accumulation: 8,064)
ideal_bandwidth_read_per_layer[7]: 0.001352657004830918
level.getDrainPerLayer[7](): 0
ideal_bandwidth_drain_per_layer[7]: 0.0
ideal_bandwidth_update_per_layer[7]: 1.391304347826087
  (For comparison - full updates including accumulation: 8,294,400)
level.getFillPerLayer[7](): 0
ideal_bandwidth_fill_per_layer[7]: 0.0

Start of calculation of latency:


Layer_id: 0 in DRAM

ideal_bandwidth_read_per_layer[0] + ideal_bandwidth_drain_per_layer[0]: 0.6016203703703704 vs level.read_bandwidth: 4.0
I am in Compute Bound
cc_per_all_tiles_per_layer[0]: 2592000
STANDARD CASE latency_read_drain_per_layer[0]: 2592000

ideal_bandwidth_fill_per_layer[0] + ideal_bandwidth_update_per_layer[0]: 0.0 vs level.write_bandwidth: 4.0
previous_fanout_pe_to_pe_warmup: 0
STANDARD CASE latency_fill_update_per_layer[0]: 2592000


Layer_id: 1 in DRAM

ideal_bandwidth_read_per_layer[1] + ideal_bandwidth_drain_per_layer[1]: 0.00030501089324618734 vs level.read_bandwidth: 4.0
I am in Compute Bound
cc_per_all_tiles_per_layer[1]: 2203200.0
STANDARD CASE latency_read_drain_per_layer[1]: 2203200.0

ideal_bandwidth_fill_per_layer[1] + ideal_bandwidth_update_per_layer[1]: 0.0 vs level.write_bandwidth: 4.0
previous_fanout_pe_to_pe_warmup: 0
STANDARD CASE latency_fill_update_per_layer[1]: 2203200.0


Layer_id: 2 in DRAM

ideal_bandwidth_read_per_layer[2] + ideal_bandwidth_drain_per_layer[2]: 0.0008333333333333334 vs level.read_bandwidth: 4.0
I am in Compute Bound
cc_per_all_tiles_per_layer[2]: 1555200
STANDARD CASE latency_read_drain_per_layer[2]: 1555200

ideal_bandwidth_fill_per_layer[2] + ideal_bandwidth_update_per_layer[2]: 0.0 vs level.write_bandwidth: 4.0
previous_fanout_pe_to_pe_warmup: 0
STANDARD CASE latency_fill_update_per_layer[2]: 1555200


Layer_id: 3 in DRAM

ideal_bandwidth_read_per_layer[3] + ideal_bandwidth_drain_per_layer[3]: 0.0008333333333333334 vs level.read_bandwidth: 4.0
I am in Compute Bound
cc_per_all_tiles_per_layer[3]: 1555200
STANDARD CASE latency_read_drain_per_layer[3]: 1555200

ideal_bandwidth_fill_per_layer[3] + ideal_bandwidth_update_per_layer[3]: 0.0 vs level.write_bandwidth: 4.0
previous_fanout_pe_to_pe_warmup: 0
STANDARD CASE latency_fill_update_per_layer[3]: 1555200


Layer_id: 4 in DRAM

ideal_bandwidth_read_per_layer[4] + ideal_bandwidth_drain_per_layer[4]: 0.0008333333333333334 vs level.read_bandwidth: 4.0
I am in Compute Bound
cc_per_all_tiles_per_layer[4]: 1555200
STANDARD CASE latency_read_drain_per_layer[4]: 1555200

ideal_bandwidth_fill_per_layer[4] + ideal_bandwidth_update_per_layer[4]: 0.0 vs level.write_bandwidth: 4.0
previous_fanout_pe_to_pe_warmup: 0
STANDARD CASE latency_fill_update_per_layer[4]: 1555200


Layer_id: 5 in DRAM

ideal_bandwidth_read_per_layer[5] + ideal_bandwidth_drain_per_layer[5]: 0.0008333333333333334 vs level.read_bandwidth: 4.0
I am in Compute Bound
cc_per_all_tiles_per_layer[5]: 1555200
STANDARD CASE latency_read_drain_per_layer[5]: 1555200

ideal_bandwidth_fill_per_layer[5] + ideal_bandwidth_update_per_layer[5]: 0.0 vs level.write_bandwidth: 4.0
previous_fanout_pe_to_pe_warmup: 0
STANDARD CASE latency_fill_update_per_layer[5]: 1555200


Layer_id: 6 in DRAM

ideal_bandwidth_read_per_layer[6] + ideal_bandwidth_drain_per_layer[6]: 0.00030501089324618734 vs level.read_bandwidth: 4.0
I am in Compute Bound
cc_per_all_tiles_per_layer[6]: 2203200.0
STANDARD CASE latency_read_drain_per_layer[6]: 2203200.0

ideal_bandwidth_fill_per_layer[6] + ideal_bandwidth_update_per_layer[6]: 0.0 vs level.write_bandwidth: 4.0
previous_fanout_pe_to_pe_warmup: 0
STANDARD CASE latency_fill_update_per_layer[6]: 2203200.0


Layer_id: 7 in DRAM

ideal_bandwidth_read_per_layer[7] + ideal_bandwidth_drain_per_layer[7]: 0.001352657004830918 vs level.read_bandwidth: 4.0
I am in Compute Bound
cc_per_all_tiles_per_layer[7]: 5961600.0
STANDARD CASE latency_read_drain_per_layer[7]: 5961600.0

ideal_bandwidth_fill_per_layer[7] + ideal_bandwidth_update_per_layer[7]: 1.391304347826087 vs level.write_bandwidth: 4.0
previous_fanout_pe_to_pe_warmup: 0
STANDARD CASE latency_fill_update_per_layer[7]: 5961600.0

End of calculation of latency.

Calculating per tile final latency and stall for layer 0 in DRAM: latency_read_drain_per_layer[0] = 2592000, latency_fill_update_per_layer[0] = 2592000
Final per tile latency_per_layer[0]: 2,592,000
Final per tile stall_cycles_per_layer[0]: 0
Ideal case: no stall introduced by this level per this layer: cc_per_all_tiles_per_layer[0]: 2,592,000
Calculating per tile final latency and stall for layer 1 in DRAM: latency_read_drain_per_layer[1] = 2203200.0, latency_fill_update_per_layer[1] = 2203200.0
Final per tile latency_per_layer[1]: 2,203,200
Final per tile stall_cycles_per_layer[1]: 0
Ideal case: no stall introduced by this level per this layer: cc_per_all_tiles_per_layer[1]: 2,203,200
Calculating per tile final latency and stall for layer 2 in DRAM: latency_read_drain_per_layer[2] = 1555200, latency_fill_update_per_layer[2] = 1555200
Final per tile latency_per_layer[2]: 1,555,200
Final per tile stall_cycles_per_layer[2]: 0
Ideal case: no stall introduced by this level per this layer: cc_per_all_tiles_per_layer[2]: 1,555,200
Calculating per tile final latency and stall for layer 3 in DRAM: latency_read_drain_per_layer[3] = 1555200, latency_fill_update_per_layer[3] = 1555200
Final per tile latency_per_layer[3]: 1,555,200
Final per tile stall_cycles_per_layer[3]: 0
Ideal case: no stall introduced by this level per this layer: cc_per_all_tiles_per_layer[3]: 1,555,200
Calculating per tile final latency and stall for layer 4 in DRAM: latency_read_drain_per_layer[4] = 1555200, latency_fill_update_per_layer[4] = 1555200
Final per tile latency_per_layer[4]: 1,555,200
Final per tile stall_cycles_per_layer[4]: 0
Ideal case: no stall introduced by this level per this layer: cc_per_all_tiles_per_layer[4]: 1,555,200
Calculating per tile final latency and stall for layer 5 in DRAM: latency_read_drain_per_layer[5] = 1555200, latency_fill_update_per_layer[5] = 1555200
Final per tile latency_per_layer[5]: 1,555,200
Final per tile stall_cycles_per_layer[5]: 0
Ideal case: no stall introduced by this level per this layer: cc_per_all_tiles_per_layer[5]: 1,555,200
Calculating per tile final latency and stall for layer 6 in DRAM: latency_read_drain_per_layer[6] = 2203200.0, latency_fill_update_per_layer[6] = 2203200.0
Final per tile latency_per_layer[6]: 2,203,200
Final per tile stall_cycles_per_layer[6]: 0
Ideal case: no stall introduced by this level per this layer: cc_per_all_tiles_per_layer[6]: 2,203,200
Calculating per tile final latency and stall for layer 7 in DRAM: latency_read_drain_per_layer[7] = 5961600.0, latency_fill_update_per_layer[7] = 5961600.0
Final per tile latency_per_layer[7]: 5,961,600
Final per tile stall_cycles_per_layer[7]: 0
Ideal case: no stall introduced by this level per this layer: cc_per_all_tiles_per_layer[7]: 5,961,600


Final WMOPs and Latency calculation for Level: DRAM
Level: DRAM, Layer: 0
max_latency_per_layer[0]: 0 before update
level.getSettedLatencyPerLayer[0](): 2,592,000
Level: DRAM, Layer: 1
max_latency_per_layer[1]: 0 before update
level.getSettedLatencyPerLayer[1](): 2,203,200
Level: DRAM, Layer: 2
max_latency_per_layer[2]: 0 before update
level.getSettedLatencyPerLayer[2](): 1,555,200
Level: DRAM, Layer: 3
max_latency_per_layer[3]: 0 before update
level.getSettedLatencyPerLayer[3](): 1,555,200
Level: DRAM, Layer: 4
max_latency_per_layer[4]: 0 before update
level.getSettedLatencyPerLayer[4](): 1,555,200
Level: DRAM, Layer: 5
max_latency_per_layer[5]: 0 before update
level.getSettedLatencyPerLayer[5](): 1,555,200
Level: DRAM, Layer: 6
max_latency_per_layer[6]: 0 before update
level.getSettedLatencyPerLayer[6](): 2,203,200
Level: DRAM, Layer: 7
max_latency_per_layer[7]: 0 before update
level.getSettedLatencyPerLayer[7](): 5,961,600
Level DRAM: Eyeriss_Constrained_8L_tile1_16x128, max_latency (sequential layers): 19,180,800


Final WMOPs and Latency calculation for Level: GlobalBuffer
Level: GlobalBuffer, Layer: 0
max_latency_per_layer[0]: 2,592,000 before update
level.getSettedLatencyPerLayer[0](): 5
Level: GlobalBuffer, Layer: 1
max_latency_per_layer[1]: 2,203,200 before update
level.getSettedLatencyPerLayer[1](): 4
Level: GlobalBuffer, Layer: 2
max_latency_per_layer[2]: 1,555,200 before update
level.getSettedLatencyPerLayer[2](): 3
Level: GlobalBuffer, Layer: 3
max_latency_per_layer[3]: 1,555,200 before update
level.getSettedLatencyPerLayer[3](): 3
Level: GlobalBuffer, Layer: 4
max_latency_per_layer[4]: 1,555,200 before update
level.getSettedLatencyPerLayer[4](): 3
Level: GlobalBuffer, Layer: 5
max_latency_per_layer[5]: 1,555,200 before update
level.getSettedLatencyPerLayer[5](): 3
Level: GlobalBuffer, Layer: 6
max_latency_per_layer[6]: 2,203,200 before update
level.getSettedLatencyPerLayer[6](): 4
Level: GlobalBuffer, Layer: 7
max_latency_per_layer[7]: 5,961,600 before update
level.getSettedLatencyPerLayer[7](): 5,961,600
Level GlobalBuffer: Eyeriss_Constrained_8L_tile1_16x128, max_latency (sequential layers): 19,180,800


Final WMOPs and Latency calculation for Level: SACols


Final WMOPs and Latency calculation for Level: SARows


Final WMOPs and Latency calculation for Level: SACols_6


Final WMOPs and Latency calculation for Level: SARows_6


Final WMOPs and Latency calculation for Level: SACols_5


Final WMOPs and Latency calculation for Level: SARows_5


Final WMOPs and Latency calculation for Level: SACols_4


Final WMOPs and Latency calculation for Level: SARows_4


Final WMOPs and Latency calculation for Level: SACols_3


Final WMOPs and Latency calculation for Level: SARows_3


Final WMOPs and Latency calculation for Level: SACols_2


Final WMOPs and Latency calculation for Level: SARows_2


Final WMOPs and Latency calculation for Level: SACols_1


Final WMOPs and Latency calculation for Level: SARows_1


Final WMOPs and Latency calculation for Level: SACols_0


Final WMOPs and Latency calculation for Level: SARows_0


Final WMOPs and Latency calculation for Level: InRegister
Level: InRegister, Layer: 0
max_latency_per_layer[0]: 2,592,000 before update
level.getSettedLatencyPerLayer[0](): 5
Level: InRegister, Layer: 1
max_latency_per_layer[1]: 2,203,200 before update
level.getSettedLatencyPerLayer[1](): 1
Level: InRegister, Layer: 2
max_latency_per_layer[2]: 1,555,200 before update
level.getSettedLatencyPerLayer[2](): 3
Level: InRegister, Layer: 3
max_latency_per_layer[3]: 1,555,200 before update
level.getSettedLatencyPerLayer[3](): 3
Level: InRegister, Layer: 4
max_latency_per_layer[4]: 1,555,200 before update
level.getSettedLatencyPerLayer[4](): 3
Level: InRegister, Layer: 5
max_latency_per_layer[5]: 1,555,200 before update
level.getSettedLatencyPerLayer[5](): 3
Level: InRegister, Layer: 6
max_latency_per_layer[6]: 2,203,200 before update
level.getSettedLatencyPerLayer[6](): 1
Level: InRegister, Layer: 7
max_latency_per_layer[7]: 5,961,600 before update
level.getSettedLatencyPerLayer[7](): 3,110,400
Level InRegister: Eyeriss_Constrained_8L_tile1_16x128, max_latency (sequential layers): 19,180,800


Final WMOPs and Latency calculation for Level: WRegister
Level: WRegister, Layer: 0
max_latency_per_layer[0]: 2,592,000 before update
level.getSettedLatencyPerLayer[0](): 5
Level: WRegister, Layer: 1
max_latency_per_layer[1]: 2,203,200 before update
level.getSettedLatencyPerLayer[1](): 1
Level: WRegister, Layer: 2
max_latency_per_layer[2]: 1,555,200 before update
level.getSettedLatencyPerLayer[2](): 3
Level: WRegister, Layer: 3
max_latency_per_layer[3]: 1,555,200 before update
level.getSettedLatencyPerLayer[3](): 3
Level: WRegister, Layer: 4
max_latency_per_layer[4]: 1,555,200 before update
level.getSettedLatencyPerLayer[4](): 3
Level: WRegister, Layer: 5
max_latency_per_layer[5]: 1,555,200 before update
level.getSettedLatencyPerLayer[5](): 3
Level: WRegister, Layer: 6
max_latency_per_layer[6]: 2,203,200 before update
level.getSettedLatencyPerLayer[6](): 1
Level: WRegister, Layer: 7
max_latency_per_layer[7]: 5,961,600 before update
level.getSettedLatencyPerLayer[7](): 3,110,400
Level WRegister: Eyeriss_Constrained_8L_tile1_16x128, max_latency (sequential layers): 19,180,800


Final WMOPs and Latency calculation for Level: IntermediateRegister
Level: IntermediateRegister, Layer: 0
max_latency_per_layer[0]: 2,592,000 before update
level.getSettedLatencyPerLayer[0](): 1
Level: IntermediateRegister, Layer: 1
max_latency_per_layer[1]: 2,203,200 before update
level.getSettedLatencyPerLayer[1](): 1
Level: IntermediateRegister, Layer: 2
max_latency_per_layer[2]: 1,555,200 before update
level.getSettedLatencyPerLayer[2](): 1
Level: IntermediateRegister, Layer: 3
max_latency_per_layer[3]: 1,555,200 before update
level.getSettedLatencyPerLayer[3](): 1
Level: IntermediateRegister, Layer: 4
max_latency_per_layer[4]: 1,555,200 before update
level.getSettedLatencyPerLayer[4](): 1
Level: IntermediateRegister, Layer: 5
max_latency_per_layer[5]: 1,555,200 before update
level.getSettedLatencyPerLayer[5](): 1
Level: IntermediateRegister, Layer: 6
max_latency_per_layer[6]: 2,203,200 before update
level.getSettedLatencyPerLayer[6](): 1
Level: IntermediateRegister, Layer: 7
max_latency_per_layer[7]: 5,961,600 before update
level.getSettedLatencyPerLayer[7](): 3,110,400
Level IntermediateRegister: Eyeriss_Constrained_8L_tile1_16x128, max_latency (sequential layers): 19,180,800


Final WMOPs and Latency calculation for Level: OutRegister
Level: OutRegister, Layer: 0
max_latency_per_layer[0]: 2,592,000 before update
level.getSettedLatencyPerLayer[0](): 1
Level: OutRegister, Layer: 1
max_latency_per_layer[1]: 2,203,200 before update
level.getSettedLatencyPerLayer[1](): 1
Level: OutRegister, Layer: 2
max_latency_per_layer[2]: 1,555,200 before update
level.getSettedLatencyPerLayer[2](): 1
Level: OutRegister, Layer: 3
max_latency_per_layer[3]: 1,555,200 before update
level.getSettedLatencyPerLayer[3](): 1
Level: OutRegister, Layer: 4
max_latency_per_layer[4]: 1,555,200 before update
level.getSettedLatencyPerLayer[4](): 1
Level: OutRegister, Layer: 5
max_latency_per_layer[5]: 1,555,200 before update
level.getSettedLatencyPerLayer[5](): 1
Level: OutRegister, Layer: 6
max_latency_per_layer[6]: 2,203,200 before update
level.getSettedLatencyPerLayer[6](): 1
Level: OutRegister, Layer: 7
max_latency_per_layer[7]: 5,961,600 before update
level.getSettedLatencyPerLayer[7](): 3,110,400
Level OutRegister: Eyeriss_Constrained_8L_tile1_16x128, max_latency (sequential layers): 19,180,800


Final WMOPs and Latency calculation for Level: Compute
Compute level latency: 1
Compute latency for layer 0: 2,592,000
Compute latency for layer 1: 518,400
Compute latency for layer 2: 1,555,200
Compute latency for layer 3: 1,555,200
Compute latency for layer 4: 1,555,200
Compute latency for layer 5: 1,555,200
Compute latency for layer 6: 518,400
Compute latency for layer 7: 3,110,400
max_latency initially: 19180800.0
compute_latency from compute level: 12,960,000
max_latency after compute: 19,180,800, before fanout_level
é stato chiamato update stats! 




Questo mops è chiamato da update stats
Level: DRAM, arch bypasses for the level: ['int_in', 'int_out'], in_bp: 1, w_bp: 0, out_bp: 1, int_in_bp: 0, int_out_bp: 0
DEBUG updateStats pre scaling: Level DRAM:
  in_reads: 1555200
  per_layer_w_reads: {0: 4200, 1: 672, 2: 1296, 3: 1296, 4: 1296, 5: 1296, 6: 672, 7: 8064}
  per_layer_int_in_reads: {0: 0, 1: 0, 2: 0, 3: 0, 4: 0, 5: 0, 6: 0}
  per_layer_int_out_reads: {0: 0, 1: 0, 2: 0, 3: 0, 4: 0, 5: 0, 6: 0}
  per_layer_int_out_writes: {0: 0, 1: 0, 2: 0, 3: 0, 4: 0, 5: 0, 6: 0}
  out_reads: 8294400
  out_writes: 8294400
  out_reads_factors: 1
scale_per_layer[0]: 1, temporal_iterations_per_layer[0]: 1, spatial_iterations_per_layer[0]: 1
DEBUG: results after scaling: Level DRAM: in_reads=1555200, w_reads=18792, int_in_reads=0, int_out_reads=0, int_out_writes=0, out_writes=8294400, out_reads=8294400, out_reads_factors=1
DEBUG: Level DRAM adjusted out_reads for no bias read: 0
DEBUG: Level DRAM bypasses intermediate storage
DEBUG updateStats post scaling: Level DRAM:
  in_reads: 1,555,200
  per_layer_w_reads: {0: 4200, 1: 672, 2: 1296, 3: 1296, 4: 1296, 5: 1296, 6: 672, 7: 8064}
  w_reads: 18,792
  per_layer_int_in_reads: {0: 0, 1: 0, 2: 0, 3: 0, 4: 0, 5: 0, 6: 0}
  per_layer_int_in_writes: {0: 0, 1: 0, 2: 0, 3: 0, 4: 0, 5: 0, 6: 0}
  int_in_reads: 0
  per_layer_int_out_reads: {0: 0, 1: 0, 2: 0, 3: 0, 4: 0, 5: 0, 6: 0}
  per_layer_int_out_writes: {0: 0, 1: 0, 2: 0, 3: 0, 4: 0, 5: 0, 6: 0}
  int_out_reads: 0
  out_reads: 0
  out_writes: 8,294,400
  out_reads_factors: 1
in_writes: 0, w_writes: 0, int_in_writes: 0, int_out_writes: 0, out_writes: 8294400
Name of the level: DRAM, level active instances per layer: {0: 1, 1: 1, 2: 1, 3: 1, 4: 1, 5: 1, 6: 1, 7: 1}, level active instances: 1
Level DRAM, Layer 0: total_reads = 1559400, total_writes = 0
Level DRAM, Layer 1: total_reads = 672, total_writes = 0
Level DRAM, Layer 2: total_reads = 1296, total_writes = 0
Level DRAM, Layer 3: total_reads = 1296, total_writes = 0
Level DRAM, Layer 4: total_reads = 1296, total_writes = 0
Level DRAM, Layer 5: total_reads = 1296, total_writes = 0
Level DRAM, Layer 6: total_reads = 672, total_writes = 0
DEBUG: Level DRAM, Layer 7, per_layer_int_in_reads6: 0, per_layer_w_reads7: 8064, out_reads: 0
Level DRAM, Layer 7: total_reads = 8064, total_writes = 8294400
Check: Per Layer Total reads: {0: 1559400, 1: 672, 2: 1296, 3: 1296, 4: 1296, 5: 1296, 6: 672, 7: 8064}, total: 1573992
Check: Per Layer Total writes: {0: 0, 1: 0, 2: 0, 3: 0, 4: 0, 5: 0, 6: 0, 7: 8294400}, 
 total: 8294400
Level DRAM total WMOPs from per layer sum: 1,578,942,720.000
Level DRAM total WMOPs from total reads/writes: 1,578,942,720.000
End first part of update for level: DRAM



Questo mops è chiamato da update stats
Level: GlobalBuffer, arch bypasses for the level: ['w'], in_bp: 1, w_bp: 0, out_bp: 0, int_in_bp: 1, int_out_bp: 0
DEBUG updateStats pre scaling: Level GlobalBuffer:
  in_reads: 15
  per_layer_w_reads: {0: 0, 1: 0, 2: 0, 3: 0, 4: 0, 5: 0, 6: 0, 7: 0}
  per_layer_int_in_reads: {0: 56, 1: 36, 2: 36, 3: 36, 4: 36, 5: 12, 6: 168}
  per_layer_int_out_reads: {0: 56, 1: 12, 2: 12, 3: 12, 4: 12, 5: 12, 6: 56}
  per_layer_int_out_writes: {0: 56, 1: 12, 2: 12, 3: 12, 4: 12, 5: 12, 6: 56}
  out_reads: 16
  out_writes: 16
  out_reads_factors: 1
scale_per_layer[0]: 518400, temporal_iterations_per_layer[0]: 518400, spatial_iterations_per_layer[0]: 1
DEBUG: results after scaling: Level GlobalBuffer: in_reads=7776000, w_reads=0, int_in_reads=196992000, int_out_reads=89164800, int_out_writes=89164800, out_writes=8294400, out_reads=8294400, out_reads_factors=1
DEBUG: Level GlobalBuffer adjusted out_reads for no bias read: 0
DEBUG updateStats post scaling: Level GlobalBuffer:
  in_reads: 7,776,000
  per_layer_w_reads: {0: 0, 1: 0, 2: 0, 3: 0, 4: 0, 5: 0, 6: 0, 7: 0}
  w_reads: 0
  per_layer_int_in_reads: {0: 29030400, 1: 18662400, 2: 18662400, 3: 18662400, 4: 18662400, 5: 6220800, 6: 87091200}
  per_layer_int_in_writes: {0: 0, 1: 0, 2: 0, 3: 0, 4: 0, 5: 0, 6: 0}
  int_in_reads: 196,992,000
  per_layer_int_out_reads: {0: 29030400, 1: 6220800, 2: 6220800, 3: 6220800, 4: 6220800, 5: 6220800, 6: 29030400}
  per_layer_int_out_writes: {0: 29030400, 1: 6220800, 2: 6220800, 3: 6220800, 4: 6220800, 5: 6220800, 6: 29030400}
  int_out_reads: 89,164,800
  out_reads: 8,294,400
  out_writes: 8,294,400
  out_reads_factors: 1
in_writes: 1555200, w_writes: 0, int_in_writes: 0, int_out_writes: 89164800, out_writes: 8294400
Name of the level: GlobalBuffer, level active instances per layer: {0: 1, 1: 1, 2: 1, 3: 1, 4: 1, 5: 1, 6: 1, 7: 1}, level active instances: 1
Level GlobalBuffer, Layer 0: total_reads = 36806400, total_writes = 30585600
Level GlobalBuffer, Layer 1: total_reads = 35251200, total_writes = 6220800
Level GlobalBuffer, Layer 2: total_reads = 24883200, total_writes = 6220800
Level GlobalBuffer, Layer 3: total_reads = 24883200, total_writes = 6220800
Level GlobalBuffer, Layer 4: total_reads = 24883200, total_writes = 6220800
Level GlobalBuffer, Layer 5: total_reads = 24883200, total_writes = 6220800
Level GlobalBuffer, Layer 6: total_reads = 35251200, total_writes = 29030400
DEBUG: Level GlobalBuffer, Layer 7, per_layer_int_in_reads6: 87091200, per_layer_w_reads7: 0, out_reads: 8294400
Level GlobalBuffer, Layer 7: total_reads = 95385600, total_writes = 8294400
Check: Per Layer Total reads: {0: 36806400, 1: 35251200, 2: 24883200, 3: 24883200, 4: 24883200, 5: 24883200, 6: 35251200, 7: 95385600}, total: 302227200
Check: Per Layer Total writes: {0: 30585600, 1: 6220800, 2: 6220800, 3: 6220800, 4: 6220800, 5: 6220800, 6: 29030400, 7: 8294400}, 
 total: 99014400
Level GlobalBuffer total WMOPs from per layer sum: 1,676,867,136.490
Level GlobalBuffer total WMOPs from total reads/writes: 1,676,867,136.490
End first part of update for level: GlobalBuffer



Calculating Fanout Level: SACols, updating spatial and last reads
Fanout Level SACols, Layer 7, dim Q, layer_iterations: 1
Fanout Level SACols, Layer 7, dim Z7, layer_iterations: 16
End of the first part of Update Stats for fanout level: SACols


Calculating Fanout Level: SARows, updating spatial and last reads
Fanout Level SARows, Layer 7, dim S7, layer_iterations: 3
Fanout Level SARows, Layer 7, dim C7, layer_iterations: 28
Fanout Level SARows, Layer 7, dim Z7, layer_iterations: 1
End of the first part of Update Stats for fanout level: SARows


Calculating Fanout Level: SACols_6, updating spatial and last reads
Fanout Level SACols_6, Layer 6, dim X6, layer_iterations: 1
Fanout Level SACols_6, Layer 6, dim Z6, layer_iterations: 14
End of the first part of Update Stats for fanout level: SACols_6


Calculating Fanout Level: SARows_6, updating spatial and last reads
Fanout Level SARows_6, Layer 6, dim S6, layer_iterations: 1
Fanout Level SARows_6, Layer 6, dim C6, layer_iterations: 12
Fanout Level SARows_6, Layer 6, dim Z6, layer_iterations: 4
End of the first part of Update Stats for fanout level: SARows_6


Calculating Fanout Level: SACols_5, updating spatial and last reads
Fanout Level SACols_5, Layer 5, dim X5, layer_iterations: 1
Fanout Level SACols_5, Layer 5, dim Z5, layer_iterations: 12
End of the first part of Update Stats for fanout level: SACols_5


Calculating Fanout Level: SARows_5, updating spatial and last reads
Fanout Level SARows_5, Layer 5, dim S5, layer_iterations: 3
Fanout Level SARows_5, Layer 5, dim C5, layer_iterations: 12
Fanout Level SARows_5, Layer 5, dim Z5, layer_iterations: 1
End of the first part of Update Stats for fanout level: SARows_5


Calculating Fanout Level: SACols_4, updating spatial and last reads
Fanout Level SACols_4, Layer 4, dim X4, layer_iterations: 1
Fanout Level SACols_4, Layer 4, dim Z4, layer_iterations: 12
End of the first part of Update Stats for fanout level: SACols_4


Calculating Fanout Level: SARows_4, updating spatial and last reads
Fanout Level SARows_4, Layer 4, dim S4, layer_iterations: 3
Fanout Level SARows_4, Layer 4, dim C4, layer_iterations: 12
Fanout Level SARows_4, Layer 4, dim Z4, layer_iterations: 1
End of the first part of Update Stats for fanout level: SARows_4


Calculating Fanout Level: SACols_3, updating spatial and last reads
Fanout Level SACols_3, Layer 3, dim X3, layer_iterations: 1
Fanout Level SACols_3, Layer 3, dim Z3, layer_iterations: 12
End of the first part of Update Stats for fanout level: SACols_3


Calculating Fanout Level: SARows_3, updating spatial and last reads
Fanout Level SARows_3, Layer 3, dim S3, layer_iterations: 3
Fanout Level SARows_3, Layer 3, dim C3, layer_iterations: 12
Fanout Level SARows_3, Layer 3, dim Z3, layer_iterations: 1
End of the first part of Update Stats for fanout level: SARows_3


Calculating Fanout Level: SACols_2, updating spatial and last reads
Fanout Level SACols_2, Layer 2, dim X2, layer_iterations: 1
Fanout Level SACols_2, Layer 2, dim Z2, layer_iterations: 12
End of the first part of Update Stats for fanout level: SACols_2


Calculating Fanout Level: SARows_2, updating spatial and last reads
Fanout Level SARows_2, Layer 2, dim S2, layer_iterations: 3
Fanout Level SARows_2, Layer 2, dim C2, layer_iterations: 12
Fanout Level SARows_2, Layer 2, dim Z2, layer_iterations: 1
End of the first part of Update Stats for fanout level: SARows_2


Calculating Fanout Level: SACols_1, updating spatial and last reads
Fanout Level SACols_1, Layer 1, dim X1, layer_iterations: 1
Fanout Level SACols_1, Layer 1, dim Z1, layer_iterations: 12
End of the first part of Update Stats for fanout level: SACols_1


Calculating Fanout Level: SARows_1, updating spatial and last reads
Fanout Level SARows_1, Layer 1, dim S1, layer_iterations: 1
Fanout Level SARows_1, Layer 1, dim C1, layer_iterations: 56
Fanout Level SARows_1, Layer 1, dim Z1, layer_iterations: 1
End of the first part of Update Stats for fanout level: SARows_1


Calculating Fanout Level: SACols_0, updating spatial and last reads
Fanout Level SACols_0, Layer 0, dim X0, layer_iterations: 1
Fanout Level SACols_0, Layer 0, dim Z0, layer_iterations: 14
End of the first part of Update Stats for fanout level: SACols_0


Calculating Fanout Level: SARows_0, updating spatial and last reads
Fanout Level SARows_0, Layer 0, dim S0, layer_iterations: 5
Fanout Level SARows_0, Layer 0, dim C0, layer_iterations: 3
Fanout Level SARows_0, Layer 0, dim Z0, layer_iterations: 4
End of the first part of Update Stats for fanout level: SARows_0


Questo mops è chiamato da update stats
Level: InRegister, arch bypasses for the level: ['w', 'out', 'int_out'], in_bp: 0, w_bp: 0, out_bp: 0, int_in_bp: 0, int_out_bp: 0
DEBUG updateStats pre scaling: Level InRegister:
  in_reads: 5
  per_layer_w_reads: {0: 0, 1: 0, 2: 0, 3: 0, 4: 0, 5: 0, 6: 0, 7: 0}
  per_layer_int_in_reads: {0: 1, 1: 3, 2: 3, 3: 3, 4: 3, 5: 1, 6: 6}
  per_layer_int_out_reads: {0: 0, 1: 0, 2: 0, 3: 0, 4: 0, 5: 0, 6: 0}
  per_layer_int_out_writes: {0: 0, 1: 0, 2: 0, 3: 0, 4: 0, 5: 0, 6: 0}
  out_reads: 0
  out_writes: 0
  out_reads_factors: 0
scale_per_layer[0]: 435456000, temporal_iterations_per_layer[0]: 518400, spatial_iterations_per_layer[0]: 840
DEBUG: results after scaling: Level InRegister: in_reads=2177280000, w_reads=0, int_in_reads=7564492800, int_out_reads=0, int_out_writes=0, out_writes=0, out_reads=0, out_reads_factors=0
DEBUG: Level InRegister bypasses intermediate storage
DEBUG updateStats post scaling: Level InRegister:
  in_reads: 2,177,280,000
  per_layer_w_reads: {0: 0, 1: 0, 2: 0, 3: 0, 4: 0, 5: 0, 6: 0, 7: 0}
  w_reads: 0
  per_layer_int_in_reads: {0: 348364800, 1: 671846400, 2: 671846400, 3: 671846400, 4: 671846400, 5: 348364800, 6: 4180377600}
  per_layer_int_in_writes: {0: 348364800, 1: 223948800, 2: 223948800, 3: 223948800, 4: 223948800, 5: 348364800, 6: 1393459200}
  int_in_reads: 7,564,492,800
  per_layer_int_out_reads: {0: 0, 1: 0, 2: 0, 3: 0, 4: 0, 5: 0, 6: 0}
  per_layer_int_out_writes: {0: 0, 1: 0, 2: 0, 3: 0, 4: 0, 5: 0, 6: 0}
  int_out_reads: 0
  out_reads: 0
  out_writes: 0
  out_reads_factors: 0
in_writes: 435456000, w_writes: 0, int_in_writes: 2985984000, int_out_writes: 0, out_writes: 0
Name of the level: InRegister, level active instances per layer: {0: 840, 1: 672, 2: 432, 3: 432, 4: 432, 5: 432, 6: 672, 7: 1344}, level active instances: 17756284224279297392640
Level InRegister, Layer 0: total_reads = 2177280000, total_writes = 435456000
Level InRegister, Layer 1: total_reads = 348364800, total_writes = 348364800
Level InRegister, Layer 2: total_reads = 671846400, total_writes = 223948800
Level InRegister, Layer 3: total_reads = 671846400, total_writes = 223948800
Level InRegister, Layer 4: total_reads = 671846400, total_writes = 223948800
Level InRegister, Layer 5: total_reads = 671846400, total_writes = 223948800
Level InRegister, Layer 6: total_reads = 348364800, total_writes = 348364800
DEBUG: Level InRegister, Layer 7, per_layer_int_in_reads6: 4180377600, per_layer_w_reads7: 0, out_reads: 0
Level InRegister, Layer 7: total_reads = 4180377600, total_writes = 1393459200
Check: Per Layer Total reads: {0: 2177280000, 1: 348364800, 2: 671846400, 3: 671846400, 4: 671846400, 5: 671846400, 6: 348364800, 7: 4180377600}, total: 9741772800
Check: Per Layer Total writes: {0: 435456000, 1: 348364800, 2: 223948800, 3: 223948800, 4: 223948800, 5: 223948800, 6: 348364800, 7: 1393459200}, 
 total: 3421440000
Level InRegister total WMOPs from per layer sum: 6,388,385,647.323
Level InRegister total WMOPs from total reads/writes: 6,388,385,647.323
End first part of update for level: InRegister



Questo mops è chiamato da update stats
Level: WRegister, arch bypasses for the level: ['in', 'out', 'int_in', 'int_out'], in_bp: 0, w_bp: 0, out_bp: 0, int_in_bp: 0, int_out_bp: 0
DEBUG updateStats pre scaling: Level WRegister:
  in_reads: 0
  per_layer_w_reads: {0: 5, 1: 1, 2: 3, 3: 3, 4: 3, 5: 3, 6: 1, 7: 6}
  per_layer_int_in_reads: {0: 0, 1: 0, 2: 0, 3: 0, 4: 0, 5: 0, 6: 0}
  per_layer_int_out_reads: {0: 0, 1: 0, 2: 0, 3: 0, 4: 0, 5: 0, 6: 0}
  per_layer_int_out_writes: {0: 0, 1: 0, 2: 0, 3: 0, 4: 0, 5: 0, 6: 0}
  out_reads: 0
  out_writes: 0
  out_reads_factors: 0
scale_per_layer[0]: 435456000, temporal_iterations_per_layer[0]: 518400, spatial_iterations_per_layer[0]: 840
DEBUG: results after scaling: Level WRegister: in_reads=0, w_reads=9741772800, int_in_reads=0, int_out_reads=0, int_out_writes=0, out_writes=0, out_reads=0, out_reads_factors=0
DEBUG: Level WRegister bypasses intermediate storage
DEBUG updateStats post scaling: Level WRegister:
  in_reads: 0
  per_layer_w_reads: {0: 2177280000, 1: 348364800, 2: 671846400, 3: 671846400, 4: 671846400, 5: 671846400, 6: 348364800, 7: 4180377600}
  w_reads: 9,741,772,800
  per_layer_int_in_reads: {0: 0, 1: 0, 2: 0, 3: 0, 4: 0, 5: 0, 6: 0}
  per_layer_int_in_writes: {0: 0, 1: 0, 2: 0, 3: 0, 4: 0, 5: 0, 6: 0}
  int_in_reads: 0
  per_layer_int_out_reads: {0: 0, 1: 0, 2: 0, 3: 0, 4: 0, 5: 0, 6: 0}
  per_layer_int_out_writes: {0: 0, 1: 0, 2: 0, 3: 0, 4: 0, 5: 0, 6: 0}
  int_out_reads: 0
  out_reads: 0
  out_writes: 0
  out_reads_factors: 0
in_writes: 0, w_writes: 18792, int_in_writes: 0, int_out_writes: 0, out_writes: 0
Name of the level: WRegister, level active instances per layer: {0: 840, 1: 672, 2: 432, 3: 432, 4: 432, 5: 432, 6: 672, 7: 1344}, level active instances: 17756284224279297392640
Level WRegister, Layer 0: total_reads = 2177280000, total_writes = 4200
Level WRegister, Layer 1: total_reads = 348364800, total_writes = 672
Level WRegister, Layer 2: total_reads = 671846400, total_writes = 1296
Level WRegister, Layer 3: total_reads = 671846400, total_writes = 1296
Level WRegister, Layer 4: total_reads = 671846400, total_writes = 1296
Level WRegister, Layer 5: total_reads = 671846400, total_writes = 1296
Level WRegister, Layer 6: total_reads = 348364800, total_writes = 672
DEBUG: Level WRegister, Layer 7, per_layer_int_in_reads6: 0, per_layer_w_reads7: 4180377600, out_reads: 0
Level WRegister, Layer 7: total_reads = 4180377600, total_writes = 8064
Check: Per Layer Total reads: {0: 2177280000, 1: 348364800, 2: 671846400, 3: 671846400, 4: 671846400, 5: 671846400, 6: 348364800, 7: 4180377600}, total: 9741772800
Check: Per Layer Total writes: {0: 4200, 1: 672, 2: 1296, 3: 1296, 4: 1296, 5: 1296, 6: 672, 7: 8064}, 
 total: 18792
Level WRegister total WMOPs from per layer sum: 24,788,997,255.408
Level WRegister total WMOPs from total reads/writes: 24,788,997,255.408
End first part of update for level: WRegister



Questo mops è chiamato da update stats
Level: IntermediateRegister, arch bypasses for the level: ['in', 'w', 'out', 'int_in'], in_bp: 0, w_bp: 0, out_bp: 0, int_in_bp: 0, int_out_bp: 0
DEBUG updateStats pre scaling: Level IntermediateRegister:
  in_reads: 0
  per_layer_w_reads: {0: 0, 1: 0, 2: 0, 3: 0, 4: 0, 5: 0, 6: 0, 7: 0}
  per_layer_int_in_reads: {0: 0, 1: 0, 2: 0, 3: 0, 4: 0, 5: 0, 6: 0}
  per_layer_int_out_reads: {0: 1, 1: 1, 2: 1, 3: 1, 4: 1, 5: 1, 6: 1}
  per_layer_int_out_writes: {0: 1, 1: 1, 2: 1, 3: 1, 4: 1, 5: 1, 6: 1}
  out_reads: 0
  out_writes: 0
  out_reads_factors: 0
scale_per_layer[0]: 2177280000, temporal_iterations_per_layer[0]: 2592000, spatial_iterations_per_layer[0]: 840
DEBUG: results after scaling: Level IntermediateRegister: in_reads=0, w_reads=0, int_in_reads=0, int_out_reads=5561395200, int_out_writes=5561395200, out_writes=0, out_reads=0, out_reads_factors=0
DEBUG updateStats post scaling: Level IntermediateRegister:
  in_reads: 0
  per_layer_w_reads: {0: 0, 1: 0, 2: 0, 3: 0, 4: 0, 5: 0, 6: 0, 7: 0}
  w_reads: 0
  per_layer_int_in_reads: {0: 0, 1: 0, 2: 0, 3: 0, 4: 0, 5: 0, 6: 0}
  per_layer_int_in_writes: {0: 0, 1: 0, 2: 0, 3: 0, 4: 0, 5: 0, 6: 0}
  int_in_reads: 0
  per_layer_int_out_reads: {0: 2612736000, 1: 696729600, 2: 895795200, 3: 895795200, 4: 895795200, 5: 895795200, 6: 696729600}
  per_layer_int_out_writes: {0: 2612736000, 1: 696729600, 2: 895795200, 3: 895795200, 4: 895795200, 5: 895795200, 6: 696729600}
  int_out_reads: 5,561,395,200
  out_reads: 0
  out_writes: 0
  out_reads_factors: 0
in_writes: 0, w_writes: 0, int_in_writes: 0, int_out_writes: 5561395200, out_writes: 0
Name of the level: IntermediateRegister, level active instances per layer: {0: 840, 1: 672, 2: 432, 3: 432, 4: 432, 5: 432, 6: 672, 7: 1344}, level active instances: 17756284224279297392640
Level IntermediateRegister, Layer 0: total_reads = 2612736000, total_writes = 2612736000
Level IntermediateRegister, Layer 1: total_reads = 696729600, total_writes = 696729600
Level IntermediateRegister, Layer 2: total_reads = 895795200, total_writes = 895795200
Level IntermediateRegister, Layer 3: total_reads = 895795200, total_writes = 895795200
Level IntermediateRegister, Layer 4: total_reads = 895795200, total_writes = 895795200
Level IntermediateRegister, Layer 5: total_reads = 895795200, total_writes = 895795200
Level IntermediateRegister, Layer 6: total_reads = 696729600, total_writes = 696729600
DEBUG: Level IntermediateRegister, Layer 7, per_layer_int_in_reads6: 0, per_layer_w_reads7: 0, out_reads: 0
Level IntermediateRegister, Layer 7: total_reads = 0, total_writes = 0
Check: Per Layer Total reads: {0: 2612736000, 1: 696729600, 2: 895795200, 3: 895795200, 4: 895795200, 5: 895795200, 6: 696729600, 7: 0}, total: 7589376000
Check: Per Layer Total writes: {0: 2612736000, 1: 696729600, 2: 895795200, 3: 895795200, 4: 895795200, 5: 895795200, 6: 696729600, 7: 0}, 
 total: 7589376000
Level IntermediateRegister total WMOPs from per layer sum: 30,221,939,205.518
Level IntermediateRegister total WMOPs from total reads/writes: 28,770,185,864.751
End first part of update for level: IntermediateRegister



Questo mops è chiamato da update stats
Level: OutRegister, arch bypasses for the level: ['in', 'w', 'int_in', 'int_out'], in_bp: 0, w_bp: 0, out_bp: 1, int_in_bp: 0, int_out_bp: 0
DEBUG updateStats pre scaling: Level OutRegister:
  in_reads: 0
  per_layer_w_reads: {0: 0, 1: 0, 2: 0, 3: 0, 4: 0, 5: 0, 6: 0, 7: 0}
  per_layer_int_in_reads: {0: 0, 1: 0, 2: 0, 3: 0, 4: 0, 5: 0, 6: 0}
  per_layer_int_out_reads: {0: 0, 1: 0, 2: 0, 3: 0, 4: 0, 5: 0, 6: 0}
  per_layer_int_out_writes: {0: 0, 1: 0, 2: 0, 3: 0, 4: 0, 5: 0, 6: 0}
  out_reads: 1
  out_writes: 1
  out_reads_factors: 1
scale_per_layer[0]: 2177280000, temporal_iterations_per_layer[0]: 2592000, spatial_iterations_per_layer[0]: 840
DEBUG: results after scaling: Level OutRegister: in_reads=0, w_reads=0, int_in_reads=0, int_out_reads=0, int_out_writes=0, out_writes=4180377600, out_reads=4180377600, out_reads_factors=6
DEBUG: Level OutRegister adjusted out_reads for no bias read: 3483648000
DEBUG: Level OutRegister bypasses intermediate storage
DEBUG updateStats post scaling: Level OutRegister:
  in_reads: 0
  per_layer_w_reads: {0: 0, 1: 0, 2: 0, 3: 0, 4: 0, 5: 0, 6: 0, 7: 0}
  w_reads: 0
  per_layer_int_in_reads: {0: 0, 1: 0, 2: 0, 3: 0, 4: 0, 5: 0, 6: 0}
  per_layer_int_in_writes: {0: 0, 1: 0, 2: 0, 3: 0, 4: 0, 5: 0, 6: 0}
  int_in_reads: 0
  per_layer_int_out_reads: {0: 0, 1: 0, 2: 0, 3: 0, 4: 0, 5: 0, 6: 0}
  per_layer_int_out_writes: {0: 0, 1: 0, 2: 0, 3: 0, 4: 0, 5: 0, 6: 0}
  int_out_reads: 0
  out_reads: 4,180,377,600
  out_writes: 4,180,377,600
  out_reads_factors: 6
in_writes: 0, w_writes: 0, int_in_writes: 0, int_out_writes: 0, out_writes: 4180377600
Name of the level: OutRegister, level active instances per layer: {0: 840, 1: 672, 2: 432, 3: 432, 4: 432, 5: 432, 6: 672, 7: 1344}, level active instances: 17756284224279297392640
Level OutRegister, Layer 0: total_reads = 0, total_writes = 0
Level OutRegister, Layer 1: total_reads = 0, total_writes = 0
Level OutRegister, Layer 2: total_reads = 0, total_writes = 0
Level OutRegister, Layer 3: total_reads = 0, total_writes = 0
Level OutRegister, Layer 4: total_reads = 0, total_writes = 0
Level OutRegister, Layer 5: total_reads = 0, total_writes = 0
Level OutRegister, Layer 6: total_reads = 0, total_writes = 0
DEBUG: Level OutRegister, Layer 7, per_layer_int_in_reads6: 0, per_layer_w_reads7: 0, out_reads: 4180377600
Level OutRegister, Layer 7: total_reads = 4180377600, total_writes = 4180377600
Check: Per Layer Total reads: {0: 0, 1: 0, 2: 0, 3: 0, 4: 0, 5: 0, 6: 0, 7: 4180377600}, total: 4180377600
Check: Per Layer Total writes: {0: 0, 1: 0, 2: 0, 3: 0, 4: 0, 5: 0, 6: 0, 7: 4180377600}, 
 total: 4180377600
Level OutRegister total WMOPs from per layer sum: 33,214,510,509.185
Level OutRegister total WMOPs from total reads/writes: 31,762,757,168.418
End first part of update for level: OutRegister



Calculating WMOPs for Compute Level
Compute Level Compute WMOPs_per_layer: {0: 7361180025.95251, 1: 1444722640.6899457, 2: 2293373070.324385, 3: 2293373070.324385, 4: 2293373070.324385, 5: 2293373070.324385, 6: 1450289403.3844934, 7: 14577527442.908457}
WMOPs_till_now before compute level: 33,214,510,509.185
Compute Level Compute total WMOPs from per layer sum: 34007211794.23295
Compute Level Compute total WMOPs: 1.831259413789411e+70
Total WMOPs after adding compute level: 67221722303.41789
END FIRST PART OF UPDATE STATS


First cc_per_tile, it is from compute = 1
First cc_per_tile_per_layer it is from compute = {0: 1, 1: 1, 2: 1, 3: 1, 4: 1, 5: 1, 6: 1, 7: 1}


Calculating Latency for Level: OutRegister

Latency for layer: 0 of Level: OutRegister
level.active_instances_per_layer[0]: 840
level.temporal_iterations_per_layer[0]: 2592000
Scaling per layer[0]: 2,177,280,000
Single Tile latency: cc_per_tile_per_layer[0]: 1
Ideal Case, Latency at this level without stalls: cc_per_all_tiles_per_layer[0]: 1
SCALED cc_per_all_tiles_per_layer[0]: 2,177,280,000
level.getReadPerLayer[0](): 0
  (For comparison - full reads including accumulation: 0)
ideal_bandwidth_read_per_layer[0]: 0.0
level.getDrainPerLayer[0](): 0
ideal_bandwidth_drain_per_layer[0]: 0.0
ideal_bandwidth_update_per_layer[0]: 0.0
  (For comparison - full updates including accumulation: 0)
level.getFillPerLayer[0](): 0
ideal_bandwidth_fill_per_layer[0]: 0.0

Latency for layer: 1 of Level: OutRegister
level.active_instances_per_layer[1]: 672
level.temporal_iterations_per_layer[1]: 518400
Scaling per layer[1]: 348,364,800
Single Tile latency: cc_per_tile_per_layer[1]: 1
Ideal Case, Latency at this level without stalls: cc_per_all_tiles_per_layer[1]: 1
SCALED cc_per_all_tiles_per_layer[1]: 348,364,800
level.getReadPerLayer[1](): 0
  (For comparison - full reads including accumulation: 0)
ideal_bandwidth_read_per_layer[1]: 0.0
level.getDrainPerLayer[1](): 0
ideal_bandwidth_drain_per_layer[1]: 0.0
ideal_bandwidth_update_per_layer[1]: 0.0
  (For comparison - full updates including accumulation: 0)
level.getFillPerLayer[1](): 0
ideal_bandwidth_fill_per_layer[1]: 0.0

Latency for layer: 2 of Level: OutRegister
level.active_instances_per_layer[2]: 432
level.temporal_iterations_per_layer[2]: 1555200
Scaling per layer[2]: 671,846,400
Single Tile latency: cc_per_tile_per_layer[2]: 1
Ideal Case, Latency at this level without stalls: cc_per_all_tiles_per_layer[2]: 1
SCALED cc_per_all_tiles_per_layer[2]: 671,846,400
level.getReadPerLayer[2](): 0
  (For comparison - full reads including accumulation: 0)
ideal_bandwidth_read_per_layer[2]: 0.0
level.getDrainPerLayer[2](): 0
ideal_bandwidth_drain_per_layer[2]: 0.0
ideal_bandwidth_update_per_layer[2]: 0.0
  (For comparison - full updates including accumulation: 0)
level.getFillPerLayer[2](): 0
ideal_bandwidth_fill_per_layer[2]: 0.0

Latency for layer: 3 of Level: OutRegister
level.active_instances_per_layer[3]: 432
level.temporal_iterations_per_layer[3]: 1555200
Scaling per layer[3]: 671,846,400
Single Tile latency: cc_per_tile_per_layer[3]: 1
Ideal Case, Latency at this level without stalls: cc_per_all_tiles_per_layer[3]: 1
SCALED cc_per_all_tiles_per_layer[3]: 671,846,400
level.getReadPerLayer[3](): 0
  (For comparison - full reads including accumulation: 0)
ideal_bandwidth_read_per_layer[3]: 0.0
level.getDrainPerLayer[3](): 0
ideal_bandwidth_drain_per_layer[3]: 0.0
ideal_bandwidth_update_per_layer[3]: 0.0
  (For comparison - full updates including accumulation: 0)
level.getFillPerLayer[3](): 0
ideal_bandwidth_fill_per_layer[3]: 0.0

Latency for layer: 4 of Level: OutRegister
level.active_instances_per_layer[4]: 432
level.temporal_iterations_per_layer[4]: 1555200
Scaling per layer[4]: 671,846,400
Single Tile latency: cc_per_tile_per_layer[4]: 1
Ideal Case, Latency at this level without stalls: cc_per_all_tiles_per_layer[4]: 1
SCALED cc_per_all_tiles_per_layer[4]: 671,846,400
level.getReadPerLayer[4](): 0
  (For comparison - full reads including accumulation: 0)
ideal_bandwidth_read_per_layer[4]: 0.0
level.getDrainPerLayer[4](): 0
ideal_bandwidth_drain_per_layer[4]: 0.0
ideal_bandwidth_update_per_layer[4]: 0.0
  (For comparison - full updates including accumulation: 0)
level.getFillPerLayer[4](): 0
ideal_bandwidth_fill_per_layer[4]: 0.0

Latency for layer: 5 of Level: OutRegister
level.active_instances_per_layer[5]: 432
level.temporal_iterations_per_layer[5]: 1555200
Scaling per layer[5]: 671,846,400
Single Tile latency: cc_per_tile_per_layer[5]: 1
Ideal Case, Latency at this level without stalls: cc_per_all_tiles_per_layer[5]: 1
SCALED cc_per_all_tiles_per_layer[5]: 671,846,400
level.getReadPerLayer[5](): 0
  (For comparison - full reads including accumulation: 0)
ideal_bandwidth_read_per_layer[5]: 0.0
level.getDrainPerLayer[5](): 0
ideal_bandwidth_drain_per_layer[5]: 0.0
ideal_bandwidth_update_per_layer[5]: 0.0
  (For comparison - full updates including accumulation: 0)
level.getFillPerLayer[5](): 0
ideal_bandwidth_fill_per_layer[5]: 0.0

Latency for layer: 6 of Level: OutRegister
level.active_instances_per_layer[6]: 672
level.temporal_iterations_per_layer[6]: 518400
Scaling per layer[6]: 348,364,800
Single Tile latency: cc_per_tile_per_layer[6]: 1
Ideal Case, Latency at this level without stalls: cc_per_all_tiles_per_layer[6]: 1
SCALED cc_per_all_tiles_per_layer[6]: 348,364,800
level.getReadPerLayer[6](): 0
  (For comparison - full reads including accumulation: 0)
ideal_bandwidth_read_per_layer[6]: 0.0
level.getDrainPerLayer[6](): 0
ideal_bandwidth_drain_per_layer[6]: 0.0
ideal_bandwidth_update_per_layer[6]: 0.0
  (For comparison - full updates including accumulation: 0)
level.getFillPerLayer[6](): 0
ideal_bandwidth_fill_per_layer[6]: 0.0

Latency for layer: 7 of Level: OutRegister
level.active_instances_per_layer[7]: 1344
level.temporal_iterations_per_layer[7]: 3110400
Scaling per layer[7]: 4,180,377,600
Single Tile latency: cc_per_tile_per_layer[7]: 1
Ideal Case, Latency at this level without stalls: cc_per_all_tiles_per_layer[7]: 1
SCALED cc_per_all_tiles_per_layer[7]: 4,180,377,600
level.getReadPerLayer[7](): 3,483,648,000
  (For comparison - full reads including accumulation: 3,483,648,000)
ideal_bandwidth_read_per_layer[7]: 0.8333333333333334
level.getDrainPerLayer[7](): 696,729,600
ideal_bandwidth_drain_per_layer[7]: 0.16666666666666666
ideal_bandwidth_update_per_layer[7]: 1.0
  (For comparison - full updates including accumulation: 4,180,377,600)
level.getFillPerLayer[7](): 0
ideal_bandwidth_fill_per_layer[7]: 0.0

Start of calculation of latency:


Layer_id: 0 in OutRegister

ideal_bandwidth_read_per_layer[0] + ideal_bandwidth_drain_per_layer[0]: 0.0 vs level.read_bandwidth: 2.0
I am in Compute Bound
cc_per_all_tiles_per_layer[0]: 1
STANDARD CASE latency_read_drain_per_layer[0]: 1

ideal_bandwidth_fill_per_layer[0] + ideal_bandwidth_update_per_layer[0]: 0.0 vs level.write_bandwidth: 2.0
previous_fanout_pe_to_pe_warmup: 0
STANDARD CASE latency_fill_update_per_layer[0]: 1


Layer_id: 1 in OutRegister

ideal_bandwidth_read_per_layer[1] + ideal_bandwidth_drain_per_layer[1]: 0.0 vs level.read_bandwidth: 2.0
I am in Compute Bound
cc_per_all_tiles_per_layer[1]: 1
STANDARD CASE latency_read_drain_per_layer[1]: 1

ideal_bandwidth_fill_per_layer[1] + ideal_bandwidth_update_per_layer[1]: 0.0 vs level.write_bandwidth: 2.0
previous_fanout_pe_to_pe_warmup: 0
STANDARD CASE latency_fill_update_per_layer[1]: 1


Layer_id: 2 in OutRegister

ideal_bandwidth_read_per_layer[2] + ideal_bandwidth_drain_per_layer[2]: 0.0 vs level.read_bandwidth: 2.0
I am in Compute Bound
cc_per_all_tiles_per_layer[2]: 1
STANDARD CASE latency_read_drain_per_layer[2]: 1

ideal_bandwidth_fill_per_layer[2] + ideal_bandwidth_update_per_layer[2]: 0.0 vs level.write_bandwidth: 2.0
previous_fanout_pe_to_pe_warmup: 0
STANDARD CASE latency_fill_update_per_layer[2]: 1


Layer_id: 3 in OutRegister

ideal_bandwidth_read_per_layer[3] + ideal_bandwidth_drain_per_layer[3]: 0.0 vs level.read_bandwidth: 2.0
I am in Compute Bound
cc_per_all_tiles_per_layer[3]: 1
STANDARD CASE latency_read_drain_per_layer[3]: 1

ideal_bandwidth_fill_per_layer[3] + ideal_bandwidth_update_per_layer[3]: 0.0 vs level.write_bandwidth: 2.0
previous_fanout_pe_to_pe_warmup: 0
STANDARD CASE latency_fill_update_per_layer[3]: 1


Layer_id: 4 in OutRegister

ideal_bandwidth_read_per_layer[4] + ideal_bandwidth_drain_per_layer[4]: 0.0 vs level.read_bandwidth: 2.0
I am in Compute Bound
cc_per_all_tiles_per_layer[4]: 1
STANDARD CASE latency_read_drain_per_layer[4]: 1

ideal_bandwidth_fill_per_layer[4] + ideal_bandwidth_update_per_layer[4]: 0.0 vs level.write_bandwidth: 2.0
previous_fanout_pe_to_pe_warmup: 0
STANDARD CASE latency_fill_update_per_layer[4]: 1


Layer_id: 5 in OutRegister

ideal_bandwidth_read_per_layer[5] + ideal_bandwidth_drain_per_layer[5]: 0.0 vs level.read_bandwidth: 2.0
I am in Compute Bound
cc_per_all_tiles_per_layer[5]: 1
STANDARD CASE latency_read_drain_per_layer[5]: 1

ideal_bandwidth_fill_per_layer[5] + ideal_bandwidth_update_per_layer[5]: 0.0 vs level.write_bandwidth: 2.0
previous_fanout_pe_to_pe_warmup: 0
STANDARD CASE latency_fill_update_per_layer[5]: 1


Layer_id: 6 in OutRegister

ideal_bandwidth_read_per_layer[6] + ideal_bandwidth_drain_per_layer[6]: 0.0 vs level.read_bandwidth: 2.0
I am in Compute Bound
cc_per_all_tiles_per_layer[6]: 1
STANDARD CASE latency_read_drain_per_layer[6]: 1

ideal_bandwidth_fill_per_layer[6] + ideal_bandwidth_update_per_layer[6]: 0.0 vs level.write_bandwidth: 2.0
previous_fanout_pe_to_pe_warmup: 0
STANDARD CASE latency_fill_update_per_layer[6]: 1


Layer_id: 7 in OutRegister

ideal_bandwidth_read_per_layer[7] + ideal_bandwidth_drain_per_layer[7]: 1.0 vs level.read_bandwidth: 2.0
I am in Compute Bound
cc_per_all_tiles_per_layer[7]: 1
STANDARD CASE latency_read_drain_per_layer[7]: 1

ideal_bandwidth_fill_per_layer[7] + ideal_bandwidth_update_per_layer[7]: 1.0 vs level.write_bandwidth: 2.0
previous_fanout_pe_to_pe_warmup: 0
STANDARD CASE latency_fill_update_per_layer[7]: 1

End of calculation of latency.

Calculating per tile final latency and stall for layer 0 in OutRegister: latency_read_drain_per_layer[0] = 1, latency_fill_update_per_layer[0] = 1
Final per tile latency_per_layer[0]: 1
Final per tile stall_cycles_per_layer[0]: 0
Ideal case: no stall introduced by this level per this layer: cc_per_all_tiles_per_layer[0]: 1
Calculating per tile final latency and stall for layer 1 in OutRegister: latency_read_drain_per_layer[1] = 1, latency_fill_update_per_layer[1] = 1
Final per tile latency_per_layer[1]: 1
Final per tile stall_cycles_per_layer[1]: 0
Ideal case: no stall introduced by this level per this layer: cc_per_all_tiles_per_layer[1]: 1
Calculating per tile final latency and stall for layer 2 in OutRegister: latency_read_drain_per_layer[2] = 1, latency_fill_update_per_layer[2] = 1
Final per tile latency_per_layer[2]: 1
Final per tile stall_cycles_per_layer[2]: 0
Ideal case: no stall introduced by this level per this layer: cc_per_all_tiles_per_layer[2]: 1
Calculating per tile final latency and stall for layer 3 in OutRegister: latency_read_drain_per_layer[3] = 1, latency_fill_update_per_layer[3] = 1
Final per tile latency_per_layer[3]: 1
Final per tile stall_cycles_per_layer[3]: 0
Ideal case: no stall introduced by this level per this layer: cc_per_all_tiles_per_layer[3]: 1
Calculating per tile final latency and stall for layer 4 in OutRegister: latency_read_drain_per_layer[4] = 1, latency_fill_update_per_layer[4] = 1
Final per tile latency_per_layer[4]: 1
Final per tile stall_cycles_per_layer[4]: 0
Ideal case: no stall introduced by this level per this layer: cc_per_all_tiles_per_layer[4]: 1
Calculating per tile final latency and stall for layer 5 in OutRegister: latency_read_drain_per_layer[5] = 1, latency_fill_update_per_layer[5] = 1
Final per tile latency_per_layer[5]: 1
Final per tile stall_cycles_per_layer[5]: 0
Ideal case: no stall introduced by this level per this layer: cc_per_all_tiles_per_layer[5]: 1
Calculating per tile final latency and stall for layer 6 in OutRegister: latency_read_drain_per_layer[6] = 1, latency_fill_update_per_layer[6] = 1
Final per tile latency_per_layer[6]: 1
Final per tile stall_cycles_per_layer[6]: 0
Ideal case: no stall introduced by this level per this layer: cc_per_all_tiles_per_layer[6]: 1
Calculating per tile final latency and stall for layer 7 in OutRegister: latency_read_drain_per_layer[7] = 1, latency_fill_update_per_layer[7] = 1
Final per tile latency_per_layer[7]: 1
Final per tile stall_cycles_per_layer[7]: 0
Ideal case: no stall introduced by this level per this layer: cc_per_all_tiles_per_layer[7]: 1


Calculating Latency for Level: IntermediateRegister

Latency for layer: 0 of Level: IntermediateRegister
level.active_instances_per_layer[0]: 840
level.temporal_iterations_per_layer[0]: 2592000
Scaling per layer[0]: 2,177,280,000
Single Tile latency: cc_per_tile_per_layer[0]: 1
Ideal Case, Latency at this level without stalls: cc_per_all_tiles_per_layer[0]: 1
SCALED cc_per_all_tiles_per_layer[0]: 2,177,280,000
level.getReadPerLayer[0](): 2,612,736,000
  (For comparison - full reads including accumulation: 2,612,736,000)
ideal_bandwidth_read_per_layer[0]: 1.2
level.getDrainPerLayer[0](): 435,456,000
ideal_bandwidth_drain_per_layer[0]: 0.2
ideal_bandwidth_update_per_layer[0]: 1.0
  (For comparison - full updates including accumulation: 2,177,280,000)
level.getFillPerLayer[0](): 435,456,000
ideal_bandwidth_fill_per_layer[0]: 0.2

Latency for layer: 1 of Level: IntermediateRegister
level.active_instances_per_layer[1]: 672
level.temporal_iterations_per_layer[1]: 518400
Scaling per layer[1]: 348,364,800
Single Tile latency: cc_per_tile_per_layer[1]: 1
Ideal Case, Latency at this level without stalls: cc_per_all_tiles_per_layer[1]: 1
SCALED cc_per_all_tiles_per_layer[1]: 348,364,800
level.getReadPerLayer[1](): 348,364,800
  (For comparison - full reads including accumulation: 348,364,800)
ideal_bandwidth_read_per_layer[1]: 1.0
level.getDrainPerLayer[1](): 348,364,800
ideal_bandwidth_drain_per_layer[1]: 1.0
ideal_bandwidth_update_per_layer[1]: 1.0
  (For comparison - full updates including accumulation: 348,364,800)
level.getFillPerLayer[1](): 348,364,800
ideal_bandwidth_fill_per_layer[1]: 1.0

Latency for layer: 2 of Level: IntermediateRegister
level.active_instances_per_layer[2]: 432
level.temporal_iterations_per_layer[2]: 1555200
Scaling per layer[2]: 671,846,400
Single Tile latency: cc_per_tile_per_layer[2]: 1
Ideal Case, Latency at this level without stalls: cc_per_all_tiles_per_layer[2]: 1
SCALED cc_per_all_tiles_per_layer[2]: 671,846,400
level.getReadPerLayer[2](): 671,846,400
  (For comparison - full reads including accumulation: 671,846,400)
ideal_bandwidth_read_per_layer[2]: 1.0
level.getDrainPerLayer[2](): 223,948,800
ideal_bandwidth_drain_per_layer[2]: 0.3333333333333333
ideal_bandwidth_update_per_layer[2]: 1.0
  (For comparison - full updates including accumulation: 671,846,400)
level.getFillPerLayer[2](): 223,948,800
ideal_bandwidth_fill_per_layer[2]: 0.3333333333333333

Latency for layer: 3 of Level: IntermediateRegister
level.active_instances_per_layer[3]: 432
level.temporal_iterations_per_layer[3]: 1555200
Scaling per layer[3]: 671,846,400
Single Tile latency: cc_per_tile_per_layer[3]: 1
Ideal Case, Latency at this level without stalls: cc_per_all_tiles_per_layer[3]: 1
SCALED cc_per_all_tiles_per_layer[3]: 671,846,400
level.getReadPerLayer[3](): 671,846,400
  (For comparison - full reads including accumulation: 671,846,400)
ideal_bandwidth_read_per_layer[3]: 1.0
level.getDrainPerLayer[3](): 223,948,800
ideal_bandwidth_drain_per_layer[3]: 0.3333333333333333
ideal_bandwidth_update_per_layer[3]: 1.0
  (For comparison - full updates including accumulation: 671,846,400)
level.getFillPerLayer[3](): 223,948,800
ideal_bandwidth_fill_per_layer[3]: 0.3333333333333333

Latency for layer: 4 of Level: IntermediateRegister
level.active_instances_per_layer[4]: 432
level.temporal_iterations_per_layer[4]: 1555200
Scaling per layer[4]: 671,846,400
Single Tile latency: cc_per_tile_per_layer[4]: 1
Ideal Case, Latency at this level without stalls: cc_per_all_tiles_per_layer[4]: 1
SCALED cc_per_all_tiles_per_layer[4]: 671,846,400
level.getReadPerLayer[4](): 671,846,400
  (For comparison - full reads including accumulation: 671,846,400)
ideal_bandwidth_read_per_layer[4]: 1.0
level.getDrainPerLayer[4](): 223,948,800
ideal_bandwidth_drain_per_layer[4]: 0.3333333333333333
ideal_bandwidth_update_per_layer[4]: 1.0
  (For comparison - full updates including accumulation: 671,846,400)
level.getFillPerLayer[4](): 223,948,800
ideal_bandwidth_fill_per_layer[4]: 0.3333333333333333

Latency for layer: 5 of Level: IntermediateRegister
level.active_instances_per_layer[5]: 432
level.temporal_iterations_per_layer[5]: 1555200
Scaling per layer[5]: 671,846,400
Single Tile latency: cc_per_tile_per_layer[5]: 1
Ideal Case, Latency at this level without stalls: cc_per_all_tiles_per_layer[5]: 1
SCALED cc_per_all_tiles_per_layer[5]: 671,846,400
level.getReadPerLayer[5](): 671,846,400
  (For comparison - full reads including accumulation: 671,846,400)
ideal_bandwidth_read_per_layer[5]: 1.0
level.getDrainPerLayer[5](): 223,948,800
ideal_bandwidth_drain_per_layer[5]: 0.3333333333333333
ideal_bandwidth_update_per_layer[5]: 1.0
  (For comparison - full updates including accumulation: 671,846,400)
level.getFillPerLayer[5](): 223,948,800
ideal_bandwidth_fill_per_layer[5]: 0.3333333333333333

Latency for layer: 6 of Level: IntermediateRegister
level.active_instances_per_layer[6]: 672
level.temporal_iterations_per_layer[6]: 518400
Scaling per layer[6]: 348,364,800
Single Tile latency: cc_per_tile_per_layer[6]: 1
Ideal Case, Latency at this level without stalls: cc_per_all_tiles_per_layer[6]: 1
SCALED cc_per_all_tiles_per_layer[6]: 348,364,800
level.getReadPerLayer[6](): 348,364,800
  (For comparison - full reads including accumulation: 348,364,800)
ideal_bandwidth_read_per_layer[6]: 1.0
level.getDrainPerLayer[6](): 348,364,800
ideal_bandwidth_drain_per_layer[6]: 1.0
ideal_bandwidth_update_per_layer[6]: 1.0
  (For comparison - full updates including accumulation: 348,364,800)
level.getFillPerLayer[6](): 348,364,800
ideal_bandwidth_fill_per_layer[6]: 1.0

Latency for layer: 7 of Level: IntermediateRegister
level.active_instances_per_layer[7]: 1344
level.temporal_iterations_per_layer[7]: 3110400
Scaling per layer[7]: 4,180,377,600
Single Tile latency: cc_per_tile_per_layer[7]: 1
Ideal Case, Latency at this level without stalls: cc_per_all_tiles_per_layer[7]: 1
SCALED cc_per_all_tiles_per_layer[7]: 4,180,377,600
level.getReadPerLayer[7](): 0
  (For comparison - full reads including accumulation: 0)
ideal_bandwidth_read_per_layer[7]: 0.0
level.getDrainPerLayer[7](): 0
ideal_bandwidth_drain_per_layer[7]: 0.0
ideal_bandwidth_update_per_layer[7]: 0.0
  (For comparison - full updates including accumulation: 0)
level.getFillPerLayer[7](): 0
ideal_bandwidth_fill_per_layer[7]: 0.0

Start of calculation of latency:


Layer_id: 0 in IntermediateRegister

ideal_bandwidth_read_per_layer[0] + ideal_bandwidth_drain_per_layer[0]: 1.4 vs level.read_bandwidth: 2.0
I am in Compute Bound
cc_per_all_tiles_per_layer[0]: 1
STANDARD CASE latency_read_drain_per_layer[0]: 1

ideal_bandwidth_fill_per_layer[0] + ideal_bandwidth_update_per_layer[0]: 1.2 vs level.write_bandwidth: 2.0
previous_fanout_pe_to_pe_warmup: 0
STANDARD CASE latency_fill_update_per_layer[0]: 1


Layer_id: 1 in IntermediateRegister

ideal_bandwidth_read_per_layer[1] + ideal_bandwidth_drain_per_layer[1]: 2.0 vs level.read_bandwidth: 2.0
I am in Compute Bound
cc_per_all_tiles_per_layer[1]: 1
STANDARD CASE latency_read_drain_per_layer[1]: 1

ideal_bandwidth_fill_per_layer[1] + ideal_bandwidth_update_per_layer[1]: 2.0 vs level.write_bandwidth: 2.0
previous_fanout_pe_to_pe_warmup: 0
STANDARD CASE latency_fill_update_per_layer[1]: 1


Layer_id: 2 in IntermediateRegister

ideal_bandwidth_read_per_layer[2] + ideal_bandwidth_drain_per_layer[2]: 1.3333333333333333 vs level.read_bandwidth: 2.0
I am in Compute Bound
cc_per_all_tiles_per_layer[2]: 1
STANDARD CASE latency_read_drain_per_layer[2]: 1

ideal_bandwidth_fill_per_layer[2] + ideal_bandwidth_update_per_layer[2]: 1.3333333333333333 vs level.write_bandwidth: 2.0
previous_fanout_pe_to_pe_warmup: 0
STANDARD CASE latency_fill_update_per_layer[2]: 1


Layer_id: 3 in IntermediateRegister

ideal_bandwidth_read_per_layer[3] + ideal_bandwidth_drain_per_layer[3]: 1.3333333333333333 vs level.read_bandwidth: 2.0
I am in Compute Bound
cc_per_all_tiles_per_layer[3]: 1
STANDARD CASE latency_read_drain_per_layer[3]: 1

ideal_bandwidth_fill_per_layer[3] + ideal_bandwidth_update_per_layer[3]: 1.3333333333333333 vs level.write_bandwidth: 2.0
previous_fanout_pe_to_pe_warmup: 0
STANDARD CASE latency_fill_update_per_layer[3]: 1


Layer_id: 4 in IntermediateRegister

ideal_bandwidth_read_per_layer[4] + ideal_bandwidth_drain_per_layer[4]: 1.3333333333333333 vs level.read_bandwidth: 2.0
I am in Compute Bound
cc_per_all_tiles_per_layer[4]: 1
STANDARD CASE latency_read_drain_per_layer[4]: 1

ideal_bandwidth_fill_per_layer[4] + ideal_bandwidth_update_per_layer[4]: 1.3333333333333333 vs level.write_bandwidth: 2.0
previous_fanout_pe_to_pe_warmup: 0
STANDARD CASE latency_fill_update_per_layer[4]: 1


Layer_id: 5 in IntermediateRegister

ideal_bandwidth_read_per_layer[5] + ideal_bandwidth_drain_per_layer[5]: 1.3333333333333333 vs level.read_bandwidth: 2.0
I am in Compute Bound
cc_per_all_tiles_per_layer[5]: 1
STANDARD CASE latency_read_drain_per_layer[5]: 1

ideal_bandwidth_fill_per_layer[5] + ideal_bandwidth_update_per_layer[5]: 1.3333333333333333 vs level.write_bandwidth: 2.0
previous_fanout_pe_to_pe_warmup: 0
STANDARD CASE latency_fill_update_per_layer[5]: 1


Layer_id: 6 in IntermediateRegister

ideal_bandwidth_read_per_layer[6] + ideal_bandwidth_drain_per_layer[6]: 2.0 vs level.read_bandwidth: 2.0
I am in Compute Bound
cc_per_all_tiles_per_layer[6]: 1
STANDARD CASE latency_read_drain_per_layer[6]: 1

ideal_bandwidth_fill_per_layer[6] + ideal_bandwidth_update_per_layer[6]: 2.0 vs level.write_bandwidth: 2.0
previous_fanout_pe_to_pe_warmup: 0
STANDARD CASE latency_fill_update_per_layer[6]: 1


Layer_id: 7 in IntermediateRegister

ideal_bandwidth_read_per_layer[7] + ideal_bandwidth_drain_per_layer[7]: 0.0 vs level.read_bandwidth: 2.0
I am in Compute Bound
cc_per_all_tiles_per_layer[7]: 1
STANDARD CASE latency_read_drain_per_layer[7]: 1

ideal_bandwidth_fill_per_layer[7] + ideal_bandwidth_update_per_layer[7]: 0.0 vs level.write_bandwidth: 2.0
previous_fanout_pe_to_pe_warmup: 0
STANDARD CASE latency_fill_update_per_layer[7]: 1

End of calculation of latency.

Calculating per tile final latency and stall for layer 0 in IntermediateRegister: latency_read_drain_per_layer[0] = 1, latency_fill_update_per_layer[0] = 1
Final per tile latency_per_layer[0]: 1
Final per tile stall_cycles_per_layer[0]: 0
Ideal case: no stall introduced by this level per this layer: cc_per_all_tiles_per_layer[0]: 1
Calculating per tile final latency and stall for layer 1 in IntermediateRegister: latency_read_drain_per_layer[1] = 1, latency_fill_update_per_layer[1] = 1
Final per tile latency_per_layer[1]: 1
Final per tile stall_cycles_per_layer[1]: 0
Ideal case: no stall introduced by this level per this layer: cc_per_all_tiles_per_layer[1]: 1
Calculating per tile final latency and stall for layer 2 in IntermediateRegister: latency_read_drain_per_layer[2] = 1, latency_fill_update_per_layer[2] = 1
Final per tile latency_per_layer[2]: 1
Final per tile stall_cycles_per_layer[2]: 0
Ideal case: no stall introduced by this level per this layer: cc_per_all_tiles_per_layer[2]: 1
Calculating per tile final latency and stall for layer 3 in IntermediateRegister: latency_read_drain_per_layer[3] = 1, latency_fill_update_per_layer[3] = 1
Final per tile latency_per_layer[3]: 1
Final per tile stall_cycles_per_layer[3]: 0
Ideal case: no stall introduced by this level per this layer: cc_per_all_tiles_per_layer[3]: 1
Calculating per tile final latency and stall for layer 4 in IntermediateRegister: latency_read_drain_per_layer[4] = 1, latency_fill_update_per_layer[4] = 1
Final per tile latency_per_layer[4]: 1
Final per tile stall_cycles_per_layer[4]: 0
Ideal case: no stall introduced by this level per this layer: cc_per_all_tiles_per_layer[4]: 1
Calculating per tile final latency and stall for layer 5 in IntermediateRegister: latency_read_drain_per_layer[5] = 1, latency_fill_update_per_layer[5] = 1
Final per tile latency_per_layer[5]: 1
Final per tile stall_cycles_per_layer[5]: 0
Ideal case: no stall introduced by this level per this layer: cc_per_all_tiles_per_layer[5]: 1
Calculating per tile final latency and stall for layer 6 in IntermediateRegister: latency_read_drain_per_layer[6] = 1, latency_fill_update_per_layer[6] = 1
Final per tile latency_per_layer[6]: 1
Final per tile stall_cycles_per_layer[6]: 0
Ideal case: no stall introduced by this level per this layer: cc_per_all_tiles_per_layer[6]: 1
Calculating per tile final latency and stall for layer 7 in IntermediateRegister: latency_read_drain_per_layer[7] = 1, latency_fill_update_per_layer[7] = 1
Final per tile latency_per_layer[7]: 1
Final per tile stall_cycles_per_layer[7]: 0
Ideal case: no stall introduced by this level per this layer: cc_per_all_tiles_per_layer[7]: 1


Calculating Latency for Level: WRegister

Latency for layer: 0 of Level: WRegister
level.active_instances_per_layer[0]: 840
level.temporal_iterations_per_layer[0]: 518400
Scaling per layer[0]: 435,456,000
Single Tile latency: cc_per_tile_per_layer[0]: 1
Ideal Case, Latency at this level without stalls: cc_per_all_tiles_per_layer[0]: 5
SCALED cc_per_all_tiles_per_layer[0]: 2,177,280,000
level.getReadPerLayer[0](): 2,177,280,000
  (For comparison - full reads including accumulation: 2,177,280,000)
ideal_bandwidth_read_per_layer[0]: 1.0
level.getDrainPerLayer[0](): 0
ideal_bandwidth_drain_per_layer[0]: 0.0
ideal_bandwidth_update_per_layer[0]: 0.0
  (For comparison - full updates including accumulation: 0)
level.getFillPerLayer[0](): 4,200
ideal_bandwidth_fill_per_layer[0]: 1.9290123456790124e-06

Latency for layer: 1 of Level: WRegister
level.active_instances_per_layer[1]: 672
level.temporal_iterations_per_layer[1]: 518400
Scaling per layer[1]: 348,364,800
Single Tile latency: cc_per_tile_per_layer[1]: 1
Ideal Case, Latency at this level without stalls: cc_per_all_tiles_per_layer[1]: 1
SCALED cc_per_all_tiles_per_layer[1]: 348,364,800
level.getReadPerLayer[1](): 348,364,800
  (For comparison - full reads including accumulation: 348,364,800)
ideal_bandwidth_read_per_layer[1]: 1.0
level.getDrainPerLayer[1](): 0
ideal_bandwidth_drain_per_layer[1]: 0.0
ideal_bandwidth_update_per_layer[1]: 0.0
  (For comparison - full updates including accumulation: 0)
level.getFillPerLayer[1](): 672
ideal_bandwidth_fill_per_layer[1]: 1.9290123456790124e-06

Latency for layer: 2 of Level: WRegister
level.active_instances_per_layer[2]: 432
level.temporal_iterations_per_layer[2]: 518400
Scaling per layer[2]: 223,948,800
Single Tile latency: cc_per_tile_per_layer[2]: 1
Ideal Case, Latency at this level without stalls: cc_per_all_tiles_per_layer[2]: 3
SCALED cc_per_all_tiles_per_layer[2]: 671,846,400
level.getReadPerLayer[2](): 671,846,400
  (For comparison - full reads including accumulation: 671,846,400)
ideal_bandwidth_read_per_layer[2]: 1.0
level.getDrainPerLayer[2](): 0
ideal_bandwidth_drain_per_layer[2]: 0.0
ideal_bandwidth_update_per_layer[2]: 0.0
  (For comparison - full updates including accumulation: 0)
level.getFillPerLayer[2](): 1,296
ideal_bandwidth_fill_per_layer[2]: 1.9290123456790124e-06

Latency for layer: 3 of Level: WRegister
level.active_instances_per_layer[3]: 432
level.temporal_iterations_per_layer[3]: 518400
Scaling per layer[3]: 223,948,800
Single Tile latency: cc_per_tile_per_layer[3]: 1
Ideal Case, Latency at this level without stalls: cc_per_all_tiles_per_layer[3]: 3
SCALED cc_per_all_tiles_per_layer[3]: 671,846,400
level.getReadPerLayer[3](): 671,846,400
  (For comparison - full reads including accumulation: 671,846,400)
ideal_bandwidth_read_per_layer[3]: 1.0
level.getDrainPerLayer[3](): 0
ideal_bandwidth_drain_per_layer[3]: 0.0
ideal_bandwidth_update_per_layer[3]: 0.0
  (For comparison - full updates including accumulation: 0)
level.getFillPerLayer[3](): 1,296
ideal_bandwidth_fill_per_layer[3]: 1.9290123456790124e-06

Latency for layer: 4 of Level: WRegister
level.active_instances_per_layer[4]: 432
level.temporal_iterations_per_layer[4]: 518400
Scaling per layer[4]: 223,948,800
Single Tile latency: cc_per_tile_per_layer[4]: 1
Ideal Case, Latency at this level without stalls: cc_per_all_tiles_per_layer[4]: 3
SCALED cc_per_all_tiles_per_layer[4]: 671,846,400
level.getReadPerLayer[4](): 671,846,400
  (For comparison - full reads including accumulation: 671,846,400)
ideal_bandwidth_read_per_layer[4]: 1.0
level.getDrainPerLayer[4](): 0
ideal_bandwidth_drain_per_layer[4]: 0.0
ideal_bandwidth_update_per_layer[4]: 0.0
  (For comparison - full updates including accumulation: 0)
level.getFillPerLayer[4](): 1,296
ideal_bandwidth_fill_per_layer[4]: 1.9290123456790124e-06

Latency for layer: 5 of Level: WRegister
level.active_instances_per_layer[5]: 432
level.temporal_iterations_per_layer[5]: 518400
Scaling per layer[5]: 223,948,800
Single Tile latency: cc_per_tile_per_layer[5]: 1
Ideal Case, Latency at this level without stalls: cc_per_all_tiles_per_layer[5]: 3
SCALED cc_per_all_tiles_per_layer[5]: 671,846,400
level.getReadPerLayer[5](): 671,846,400
  (For comparison - full reads including accumulation: 671,846,400)
ideal_bandwidth_read_per_layer[5]: 1.0
level.getDrainPerLayer[5](): 0
ideal_bandwidth_drain_per_layer[5]: 0.0
ideal_bandwidth_update_per_layer[5]: 0.0
  (For comparison - full updates including accumulation: 0)
level.getFillPerLayer[5](): 1,296
ideal_bandwidth_fill_per_layer[5]: 1.9290123456790124e-06

Latency for layer: 6 of Level: WRegister
level.active_instances_per_layer[6]: 672
level.temporal_iterations_per_layer[6]: 518400
Scaling per layer[6]: 348,364,800
Single Tile latency: cc_per_tile_per_layer[6]: 1
Ideal Case, Latency at this level without stalls: cc_per_all_tiles_per_layer[6]: 1
SCALED cc_per_all_tiles_per_layer[6]: 348,364,800
level.getReadPerLayer[6](): 348,364,800
  (For comparison - full reads including accumulation: 348,364,800)
ideal_bandwidth_read_per_layer[6]: 1.0
level.getDrainPerLayer[6](): 0
ideal_bandwidth_drain_per_layer[6]: 0.0
ideal_bandwidth_update_per_layer[6]: 0.0
  (For comparison - full updates including accumulation: 0)
level.getFillPerLayer[6](): 672
ideal_bandwidth_fill_per_layer[6]: 1.9290123456790124e-06

Latency for layer: 7 of Level: WRegister
level.active_instances_per_layer[7]: 1344
level.temporal_iterations_per_layer[7]: 518400
Scaling per layer[7]: 696,729,600
Single Tile latency: cc_per_tile_per_layer[7]: 1
Ideal Case, Latency at this level without stalls: cc_per_all_tiles_per_layer[7]: 6
SCALED cc_per_all_tiles_per_layer[7]: 4,180,377,600
level.getReadPerLayer[7](): 4,180,377,600
  (For comparison - full reads including accumulation: 4,180,377,600)
ideal_bandwidth_read_per_layer[7]: 1.0
level.getDrainPerLayer[7](): 0
ideal_bandwidth_drain_per_layer[7]: 0.0
ideal_bandwidth_update_per_layer[7]: 0.0
  (For comparison - full updates including accumulation: 0)
level.getFillPerLayer[7](): 8,064
ideal_bandwidth_fill_per_layer[7]: 1.9290123456790124e-06

Start of calculation of latency:


Layer_id: 0 in WRegister

ideal_bandwidth_read_per_layer[0] + ideal_bandwidth_drain_per_layer[0]: 1.0 vs level.read_bandwidth: 2.0
I am in Compute Bound
cc_per_all_tiles_per_layer[0]: 5
STANDARD CASE latency_read_drain_per_layer[0]: 5

ideal_bandwidth_fill_per_layer[0] + ideal_bandwidth_update_per_layer[0]: 1.9290123456790124e-06 vs level.write_bandwidth: 2.0
previous_fanout_pe_to_pe_warmup: 0
STANDARD CASE latency_fill_update_per_layer[0]: 5


Layer_id: 1 in WRegister

ideal_bandwidth_read_per_layer[1] + ideal_bandwidth_drain_per_layer[1]: 1.0 vs level.read_bandwidth: 2.0
I am in Compute Bound
cc_per_all_tiles_per_layer[1]: 1
STANDARD CASE latency_read_drain_per_layer[1]: 1

ideal_bandwidth_fill_per_layer[1] + ideal_bandwidth_update_per_layer[1]: 1.9290123456790124e-06 vs level.write_bandwidth: 2.0
previous_fanout_pe_to_pe_warmup: 0
STANDARD CASE latency_fill_update_per_layer[1]: 1


Layer_id: 2 in WRegister

ideal_bandwidth_read_per_layer[2] + ideal_bandwidth_drain_per_layer[2]: 1.0 vs level.read_bandwidth: 2.0
I am in Compute Bound
cc_per_all_tiles_per_layer[2]: 3
STANDARD CASE latency_read_drain_per_layer[2]: 3

ideal_bandwidth_fill_per_layer[2] + ideal_bandwidth_update_per_layer[2]: 1.9290123456790124e-06 vs level.write_bandwidth: 2.0
previous_fanout_pe_to_pe_warmup: 0
STANDARD CASE latency_fill_update_per_layer[2]: 3


Layer_id: 3 in WRegister

ideal_bandwidth_read_per_layer[3] + ideal_bandwidth_drain_per_layer[3]: 1.0 vs level.read_bandwidth: 2.0
I am in Compute Bound
cc_per_all_tiles_per_layer[3]: 3
STANDARD CASE latency_read_drain_per_layer[3]: 3

ideal_bandwidth_fill_per_layer[3] + ideal_bandwidth_update_per_layer[3]: 1.9290123456790124e-06 vs level.write_bandwidth: 2.0
previous_fanout_pe_to_pe_warmup: 0
STANDARD CASE latency_fill_update_per_layer[3]: 3


Layer_id: 4 in WRegister

ideal_bandwidth_read_per_layer[4] + ideal_bandwidth_drain_per_layer[4]: 1.0 vs level.read_bandwidth: 2.0
I am in Compute Bound
cc_per_all_tiles_per_layer[4]: 3
STANDARD CASE latency_read_drain_per_layer[4]: 3

ideal_bandwidth_fill_per_layer[4] + ideal_bandwidth_update_per_layer[4]: 1.9290123456790124e-06 vs level.write_bandwidth: 2.0
previous_fanout_pe_to_pe_warmup: 0
STANDARD CASE latency_fill_update_per_layer[4]: 3


Layer_id: 5 in WRegister

ideal_bandwidth_read_per_layer[5] + ideal_bandwidth_drain_per_layer[5]: 1.0 vs level.read_bandwidth: 2.0
I am in Compute Bound
cc_per_all_tiles_per_layer[5]: 3
STANDARD CASE latency_read_drain_per_layer[5]: 3

ideal_bandwidth_fill_per_layer[5] + ideal_bandwidth_update_per_layer[5]: 1.9290123456790124e-06 vs level.write_bandwidth: 2.0
previous_fanout_pe_to_pe_warmup: 0
STANDARD CASE latency_fill_update_per_layer[5]: 3


Layer_id: 6 in WRegister

ideal_bandwidth_read_per_layer[6] + ideal_bandwidth_drain_per_layer[6]: 1.0 vs level.read_bandwidth: 2.0
I am in Compute Bound
cc_per_all_tiles_per_layer[6]: 1
STANDARD CASE latency_read_drain_per_layer[6]: 1

ideal_bandwidth_fill_per_layer[6] + ideal_bandwidth_update_per_layer[6]: 1.9290123456790124e-06 vs level.write_bandwidth: 2.0
previous_fanout_pe_to_pe_warmup: 0
STANDARD CASE latency_fill_update_per_layer[6]: 1


Layer_id: 7 in WRegister

ideal_bandwidth_read_per_layer[7] + ideal_bandwidth_drain_per_layer[7]: 1.0 vs level.read_bandwidth: 2.0
I am in Compute Bound
cc_per_all_tiles_per_layer[7]: 6
STANDARD CASE latency_read_drain_per_layer[7]: 6

ideal_bandwidth_fill_per_layer[7] + ideal_bandwidth_update_per_layer[7]: 1.9290123456790124e-06 vs level.write_bandwidth: 2.0
previous_fanout_pe_to_pe_warmup: 0
STANDARD CASE latency_fill_update_per_layer[7]: 6

End of calculation of latency.

Calculating per tile final latency and stall for layer 0 in WRegister: latency_read_drain_per_layer[0] = 5, latency_fill_update_per_layer[0] = 5
Final per tile latency_per_layer[0]: 5
Final per tile stall_cycles_per_layer[0]: 0
Ideal case: no stall introduced by this level per this layer: cc_per_all_tiles_per_layer[0]: 5
Calculating per tile final latency and stall for layer 1 in WRegister: latency_read_drain_per_layer[1] = 1, latency_fill_update_per_layer[1] = 1
Final per tile latency_per_layer[1]: 1
Final per tile stall_cycles_per_layer[1]: 0
Ideal case: no stall introduced by this level per this layer: cc_per_all_tiles_per_layer[1]: 1
Calculating per tile final latency and stall for layer 2 in WRegister: latency_read_drain_per_layer[2] = 3, latency_fill_update_per_layer[2] = 3
Final per tile latency_per_layer[2]: 3
Final per tile stall_cycles_per_layer[2]: 0
Ideal case: no stall introduced by this level per this layer: cc_per_all_tiles_per_layer[2]: 3
Calculating per tile final latency and stall for layer 3 in WRegister: latency_read_drain_per_layer[3] = 3, latency_fill_update_per_layer[3] = 3
Final per tile latency_per_layer[3]: 3
Final per tile stall_cycles_per_layer[3]: 0
Ideal case: no stall introduced by this level per this layer: cc_per_all_tiles_per_layer[3]: 3
Calculating per tile final latency and stall for layer 4 in WRegister: latency_read_drain_per_layer[4] = 3, latency_fill_update_per_layer[4] = 3
Final per tile latency_per_layer[4]: 3
Final per tile stall_cycles_per_layer[4]: 0
Ideal case: no stall introduced by this level per this layer: cc_per_all_tiles_per_layer[4]: 3
Calculating per tile final latency and stall for layer 5 in WRegister: latency_read_drain_per_layer[5] = 3, latency_fill_update_per_layer[5] = 3
Final per tile latency_per_layer[5]: 3
Final per tile stall_cycles_per_layer[5]: 0
Ideal case: no stall introduced by this level per this layer: cc_per_all_tiles_per_layer[5]: 3
Calculating per tile final latency and stall for layer 6 in WRegister: latency_read_drain_per_layer[6] = 1, latency_fill_update_per_layer[6] = 1
Final per tile latency_per_layer[6]: 1
Final per tile stall_cycles_per_layer[6]: 0
Ideal case: no stall introduced by this level per this layer: cc_per_all_tiles_per_layer[6]: 1
Calculating per tile final latency and stall for layer 7 in WRegister: latency_read_drain_per_layer[7] = 6, latency_fill_update_per_layer[7] = 6
Final per tile latency_per_layer[7]: 6
Final per tile stall_cycles_per_layer[7]: 0
Ideal case: no stall introduced by this level per this layer: cc_per_all_tiles_per_layer[7]: 6


Calculating Latency for Level: InRegister

Latency for layer: 0 of Level: InRegister
level.active_instances_per_layer[0]: 840
level.temporal_iterations_per_layer[0]: 518400
Scaling per layer[0]: 435,456,000
Single Tile latency: cc_per_tile_per_layer[0]: 5
Ideal Case, Latency at this level without stalls: cc_per_all_tiles_per_layer[0]: 5
SCALED cc_per_all_tiles_per_layer[0]: 2,177,280,000
level.getReadPerLayer[0](): 2,177,280,000
  (For comparison - full reads including accumulation: 2,177,280,000)
ideal_bandwidth_read_per_layer[0]: 1.0
level.getDrainPerLayer[0](): 0
ideal_bandwidth_drain_per_layer[0]: 0.0
ideal_bandwidth_update_per_layer[0]: 0.0
  (For comparison - full updates including accumulation: 0)
level.getFillPerLayer[0](): 435,456,000
ideal_bandwidth_fill_per_layer[0]: 0.2

Latency for layer: 1 of Level: InRegister
level.active_instances_per_layer[1]: 672
level.temporal_iterations_per_layer[1]: 518400
Scaling per layer[1]: 348,364,800
Single Tile latency: cc_per_tile_per_layer[1]: 1
Ideal Case, Latency at this level without stalls: cc_per_all_tiles_per_layer[1]: 1
SCALED cc_per_all_tiles_per_layer[1]: 348,364,800
level.getReadPerLayer[1](): 348,364,800
  (For comparison - full reads including accumulation: 348,364,800)
ideal_bandwidth_read_per_layer[1]: 1.0
level.getDrainPerLayer[1](): 0
ideal_bandwidth_drain_per_layer[1]: 0.0
ideal_bandwidth_update_per_layer[1]: 0.0
  (For comparison - full updates including accumulation: 0)
level.getFillPerLayer[1](): 348,364,800
ideal_bandwidth_fill_per_layer[1]: 1.0

Latency for layer: 2 of Level: InRegister
level.active_instances_per_layer[2]: 432
level.temporal_iterations_per_layer[2]: 518400
Scaling per layer[2]: 223,948,800
Single Tile latency: cc_per_tile_per_layer[2]: 3
Ideal Case, Latency at this level without stalls: cc_per_all_tiles_per_layer[2]: 3
SCALED cc_per_all_tiles_per_layer[2]: 671,846,400
level.getReadPerLayer[2](): 671,846,400
  (For comparison - full reads including accumulation: 671,846,400)
ideal_bandwidth_read_per_layer[2]: 1.0
level.getDrainPerLayer[2](): 0
ideal_bandwidth_drain_per_layer[2]: 0.0
ideal_bandwidth_update_per_layer[2]: 0.0
  (For comparison - full updates including accumulation: 0)
level.getFillPerLayer[2](): 223,948,800
ideal_bandwidth_fill_per_layer[2]: 0.3333333333333333

Latency for layer: 3 of Level: InRegister
level.active_instances_per_layer[3]: 432
level.temporal_iterations_per_layer[3]: 518400
Scaling per layer[3]: 223,948,800
Single Tile latency: cc_per_tile_per_layer[3]: 3
Ideal Case, Latency at this level without stalls: cc_per_all_tiles_per_layer[3]: 3
SCALED cc_per_all_tiles_per_layer[3]: 671,846,400
level.getReadPerLayer[3](): 671,846,400
  (For comparison - full reads including accumulation: 671,846,400)
ideal_bandwidth_read_per_layer[3]: 1.0
level.getDrainPerLayer[3](): 0
ideal_bandwidth_drain_per_layer[3]: 0.0
ideal_bandwidth_update_per_layer[3]: 0.0
  (For comparison - full updates including accumulation: 0)
level.getFillPerLayer[3](): 223,948,800
ideal_bandwidth_fill_per_layer[3]: 0.3333333333333333

Latency for layer: 4 of Level: InRegister
level.active_instances_per_layer[4]: 432
level.temporal_iterations_per_layer[4]: 518400
Scaling per layer[4]: 223,948,800
Single Tile latency: cc_per_tile_per_layer[4]: 3
Ideal Case, Latency at this level without stalls: cc_per_all_tiles_per_layer[4]: 3
SCALED cc_per_all_tiles_per_layer[4]: 671,846,400
level.getReadPerLayer[4](): 671,846,400
  (For comparison - full reads including accumulation: 671,846,400)
ideal_bandwidth_read_per_layer[4]: 1.0
level.getDrainPerLayer[4](): 0
ideal_bandwidth_drain_per_layer[4]: 0.0
ideal_bandwidth_update_per_layer[4]: 0.0
  (For comparison - full updates including accumulation: 0)
level.getFillPerLayer[4](): 223,948,800
ideal_bandwidth_fill_per_layer[4]: 0.3333333333333333

Latency for layer: 5 of Level: InRegister
level.active_instances_per_layer[5]: 432
level.temporal_iterations_per_layer[5]: 518400
Scaling per layer[5]: 223,948,800
Single Tile latency: cc_per_tile_per_layer[5]: 3
Ideal Case, Latency at this level without stalls: cc_per_all_tiles_per_layer[5]: 3
SCALED cc_per_all_tiles_per_layer[5]: 671,846,400
level.getReadPerLayer[5](): 671,846,400
  (For comparison - full reads including accumulation: 671,846,400)
ideal_bandwidth_read_per_layer[5]: 1.0
level.getDrainPerLayer[5](): 0
ideal_bandwidth_drain_per_layer[5]: 0.0
ideal_bandwidth_update_per_layer[5]: 0.0
  (For comparison - full updates including accumulation: 0)
level.getFillPerLayer[5](): 223,948,800
ideal_bandwidth_fill_per_layer[5]: 0.3333333333333333

Latency for layer: 6 of Level: InRegister
level.active_instances_per_layer[6]: 672
level.temporal_iterations_per_layer[6]: 518400
Scaling per layer[6]: 348,364,800
Single Tile latency: cc_per_tile_per_layer[6]: 1
Ideal Case, Latency at this level without stalls: cc_per_all_tiles_per_layer[6]: 1
SCALED cc_per_all_tiles_per_layer[6]: 348,364,800
level.getReadPerLayer[6](): 348,364,800
  (For comparison - full reads including accumulation: 348,364,800)
ideal_bandwidth_read_per_layer[6]: 1.0
level.getDrainPerLayer[6](): 0
ideal_bandwidth_drain_per_layer[6]: 0.0
ideal_bandwidth_update_per_layer[6]: 0.0
  (For comparison - full updates including accumulation: 0)
level.getFillPerLayer[6](): 348,364,800
ideal_bandwidth_fill_per_layer[6]: 1.0

Latency for layer: 7 of Level: InRegister
level.active_instances_per_layer[7]: 1344
level.temporal_iterations_per_layer[7]: 518400
Scaling per layer[7]: 696,729,600
Single Tile latency: cc_per_tile_per_layer[7]: 6
Ideal Case, Latency at this level without stalls: cc_per_all_tiles_per_layer[7]: 6
SCALED cc_per_all_tiles_per_layer[7]: 4,180,377,600
level.getReadPerLayer[7](): 4,180,377,600
  (For comparison - full reads including accumulation: 4,180,377,600)
ideal_bandwidth_read_per_layer[7]: 1.0
level.getDrainPerLayer[7](): 0
ideal_bandwidth_drain_per_layer[7]: 0.0
ideal_bandwidth_update_per_layer[7]: 0.0
  (For comparison - full updates including accumulation: 0)
level.getFillPerLayer[7](): 1,393,459,200
ideal_bandwidth_fill_per_layer[7]: 0.3333333333333333

Start of calculation of latency:


Layer_id: 0 in InRegister

ideal_bandwidth_read_per_layer[0] + ideal_bandwidth_drain_per_layer[0]: 1.0 vs level.read_bandwidth: 2.0
I am in Compute Bound
cc_per_all_tiles_per_layer[0]: 5
STANDARD CASE latency_read_drain_per_layer[0]: 5

ideal_bandwidth_fill_per_layer[0] + ideal_bandwidth_update_per_layer[0]: 0.2 vs level.write_bandwidth: 2.0
previous_fanout_pe_to_pe_warmup: 0
STANDARD CASE latency_fill_update_per_layer[0]: 5


Layer_id: 1 in InRegister

ideal_bandwidth_read_per_layer[1] + ideal_bandwidth_drain_per_layer[1]: 1.0 vs level.read_bandwidth: 2.0
I am in Compute Bound
cc_per_all_tiles_per_layer[1]: 1
STANDARD CASE latency_read_drain_per_layer[1]: 1

ideal_bandwidth_fill_per_layer[1] + ideal_bandwidth_update_per_layer[1]: 1.0 vs level.write_bandwidth: 2.0
previous_fanout_pe_to_pe_warmup: 0
STANDARD CASE latency_fill_update_per_layer[1]: 1


Layer_id: 2 in InRegister

ideal_bandwidth_read_per_layer[2] + ideal_bandwidth_drain_per_layer[2]: 1.0 vs level.read_bandwidth: 2.0
I am in Compute Bound
cc_per_all_tiles_per_layer[2]: 3
STANDARD CASE latency_read_drain_per_layer[2]: 3

ideal_bandwidth_fill_per_layer[2] + ideal_bandwidth_update_per_layer[2]: 0.3333333333333333 vs level.write_bandwidth: 2.0
previous_fanout_pe_to_pe_warmup: 0
STANDARD CASE latency_fill_update_per_layer[2]: 3


Layer_id: 3 in InRegister

ideal_bandwidth_read_per_layer[3] + ideal_bandwidth_drain_per_layer[3]: 1.0 vs level.read_bandwidth: 2.0
I am in Compute Bound
cc_per_all_tiles_per_layer[3]: 3
STANDARD CASE latency_read_drain_per_layer[3]: 3

ideal_bandwidth_fill_per_layer[3] + ideal_bandwidth_update_per_layer[3]: 0.3333333333333333 vs level.write_bandwidth: 2.0
previous_fanout_pe_to_pe_warmup: 0
STANDARD CASE latency_fill_update_per_layer[3]: 3


Layer_id: 4 in InRegister

ideal_bandwidth_read_per_layer[4] + ideal_bandwidth_drain_per_layer[4]: 1.0 vs level.read_bandwidth: 2.0
I am in Compute Bound
cc_per_all_tiles_per_layer[4]: 3
STANDARD CASE latency_read_drain_per_layer[4]: 3

ideal_bandwidth_fill_per_layer[4] + ideal_bandwidth_update_per_layer[4]: 0.3333333333333333 vs level.write_bandwidth: 2.0
previous_fanout_pe_to_pe_warmup: 0
STANDARD CASE latency_fill_update_per_layer[4]: 3


Layer_id: 5 in InRegister

ideal_bandwidth_read_per_layer[5] + ideal_bandwidth_drain_per_layer[5]: 1.0 vs level.read_bandwidth: 2.0
I am in Compute Bound
cc_per_all_tiles_per_layer[5]: 3
STANDARD CASE latency_read_drain_per_layer[5]: 3

ideal_bandwidth_fill_per_layer[5] + ideal_bandwidth_update_per_layer[5]: 0.3333333333333333 vs level.write_bandwidth: 2.0
previous_fanout_pe_to_pe_warmup: 0
STANDARD CASE latency_fill_update_per_layer[5]: 3


Layer_id: 6 in InRegister

ideal_bandwidth_read_per_layer[6] + ideal_bandwidth_drain_per_layer[6]: 1.0 vs level.read_bandwidth: 2.0
I am in Compute Bound
cc_per_all_tiles_per_layer[6]: 1
STANDARD CASE latency_read_drain_per_layer[6]: 1

ideal_bandwidth_fill_per_layer[6] + ideal_bandwidth_update_per_layer[6]: 1.0 vs level.write_bandwidth: 2.0
previous_fanout_pe_to_pe_warmup: 0
STANDARD CASE latency_fill_update_per_layer[6]: 1


Layer_id: 7 in InRegister

ideal_bandwidth_read_per_layer[7] + ideal_bandwidth_drain_per_layer[7]: 1.0 vs level.read_bandwidth: 2.0
I am in Compute Bound
cc_per_all_tiles_per_layer[7]: 6
STANDARD CASE latency_read_drain_per_layer[7]: 6

ideal_bandwidth_fill_per_layer[7] + ideal_bandwidth_update_per_layer[7]: 0.3333333333333333 vs level.write_bandwidth: 2.0
previous_fanout_pe_to_pe_warmup: 0
STANDARD CASE latency_fill_update_per_layer[7]: 6

End of calculation of latency.

Calculating per tile final latency and stall for layer 0 in InRegister: latency_read_drain_per_layer[0] = 5, latency_fill_update_per_layer[0] = 5
Final per tile latency_per_layer[0]: 5
Final per tile stall_cycles_per_layer[0]: 0
Ideal case: no stall introduced by this level per this layer: cc_per_all_tiles_per_layer[0]: 5
Calculating per tile final latency and stall for layer 1 in InRegister: latency_read_drain_per_layer[1] = 1, latency_fill_update_per_layer[1] = 1
Final per tile latency_per_layer[1]: 1
Final per tile stall_cycles_per_layer[1]: 0
Ideal case: no stall introduced by this level per this layer: cc_per_all_tiles_per_layer[1]: 1
Calculating per tile final latency and stall for layer 2 in InRegister: latency_read_drain_per_layer[2] = 3, latency_fill_update_per_layer[2] = 3
Final per tile latency_per_layer[2]: 3
Final per tile stall_cycles_per_layer[2]: 0
Ideal case: no stall introduced by this level per this layer: cc_per_all_tiles_per_layer[2]: 3
Calculating per tile final latency and stall for layer 3 in InRegister: latency_read_drain_per_layer[3] = 3, latency_fill_update_per_layer[3] = 3
Final per tile latency_per_layer[3]: 3
Final per tile stall_cycles_per_layer[3]: 0
Ideal case: no stall introduced by this level per this layer: cc_per_all_tiles_per_layer[3]: 3
Calculating per tile final latency and stall for layer 4 in InRegister: latency_read_drain_per_layer[4] = 3, latency_fill_update_per_layer[4] = 3
Final per tile latency_per_layer[4]: 3
Final per tile stall_cycles_per_layer[4]: 0
Ideal case: no stall introduced by this level per this layer: cc_per_all_tiles_per_layer[4]: 3
Calculating per tile final latency and stall for layer 5 in InRegister: latency_read_drain_per_layer[5] = 3, latency_fill_update_per_layer[5] = 3
Final per tile latency_per_layer[5]: 3
Final per tile stall_cycles_per_layer[5]: 0
Ideal case: no stall introduced by this level per this layer: cc_per_all_tiles_per_layer[5]: 3
Calculating per tile final latency and stall for layer 6 in InRegister: latency_read_drain_per_layer[6] = 1, latency_fill_update_per_layer[6] = 1
Final per tile latency_per_layer[6]: 1
Final per tile stall_cycles_per_layer[6]: 0
Ideal case: no stall introduced by this level per this layer: cc_per_all_tiles_per_layer[6]: 1
Calculating per tile final latency and stall for layer 7 in InRegister: latency_read_drain_per_layer[7] = 6, latency_fill_update_per_layer[7] = 6
Final per tile latency_per_layer[7]: 6
Final per tile stall_cycles_per_layer[7]: 0
Ideal case: no stall introduced by this level per this layer: cc_per_all_tiles_per_layer[7]: 6


Calculating Latency for Level: GlobalBuffer

Latency for layer: 0 of Level: GlobalBuffer
level.active_instances_per_layer[0]: 1
level.temporal_iterations_per_layer[0]: 518400
Scaling per layer[0]: 518,400
Single Tile latency: cc_per_tile_per_layer[0]: 5
Ideal Case, Latency at this level without stalls: cc_per_all_tiles_per_layer[0]: 5
SCALED cc_per_all_tiles_per_layer[0]: 2,592,000
level.getReadPerLayer[0](): 36,806,400
  (For comparison - full reads including accumulation: 36,806,400)
ideal_bandwidth_read_per_layer[0]: 14.2
level.getDrainPerLayer[0](): 0
ideal_bandwidth_drain_per_layer[0]: 0.0
ideal_bandwidth_update_per_layer[0]: 11.2
  (For comparison - full updates including accumulation: 29,030,400)
level.getFillPerLayer[0](): 1,555,200
ideal_bandwidth_fill_per_layer[0]: 0.6

Latency for layer: 1 of Level: GlobalBuffer
level.active_instances_per_layer[1]: 1
level.temporal_iterations_per_layer[1]: 518400
Scaling per layer[1]: 518,400
Single Tile latency: cc_per_tile_per_layer[1]: 1
Ideal Case, Latency at this level without stalls: cc_per_all_tiles_per_layer[1]: 1
SCALED cc_per_all_tiles_per_layer[1]: 518,400
level.getReadPerLayer[1](): 35,251,200
  (For comparison - full reads including accumulation: 35,251,200)
ideal_bandwidth_read_per_layer[1]: 68.0
level.getDrainPerLayer[1](): 0
ideal_bandwidth_drain_per_layer[1]: 0.0
ideal_bandwidth_update_per_layer[1]: 12.0
  (For comparison - full updates including accumulation: 6,220,800)
level.getFillPerLayer[1](): 0
ideal_bandwidth_fill_per_layer[1]: 0.0

Latency for layer: 2 of Level: GlobalBuffer
level.active_instances_per_layer[2]: 1
level.temporal_iterations_per_layer[2]: 518400
Scaling per layer[2]: 518,400
Single Tile latency: cc_per_tile_per_layer[2]: 3
Ideal Case, Latency at this level without stalls: cc_per_all_tiles_per_layer[2]: 3
SCALED cc_per_all_tiles_per_layer[2]: 1,555,200
level.getReadPerLayer[2](): 24,883,200
  (For comparison - full reads including accumulation: 24,883,200)
ideal_bandwidth_read_per_layer[2]: 16.0
level.getDrainPerLayer[2](): 0
ideal_bandwidth_drain_per_layer[2]: 0.0
ideal_bandwidth_update_per_layer[2]: 4.0
  (For comparison - full updates including accumulation: 6,220,800)
level.getFillPerLayer[2](): 0
ideal_bandwidth_fill_per_layer[2]: 0.0

Latency for layer: 3 of Level: GlobalBuffer
level.active_instances_per_layer[3]: 1
level.temporal_iterations_per_layer[3]: 518400
Scaling per layer[3]: 518,400
Single Tile latency: cc_per_tile_per_layer[3]: 3
Ideal Case, Latency at this level without stalls: cc_per_all_tiles_per_layer[3]: 3
SCALED cc_per_all_tiles_per_layer[3]: 1,555,200
level.getReadPerLayer[3](): 24,883,200
  (For comparison - full reads including accumulation: 24,883,200)
ideal_bandwidth_read_per_layer[3]: 16.0
level.getDrainPerLayer[3](): 0
ideal_bandwidth_drain_per_layer[3]: 0.0
ideal_bandwidth_update_per_layer[3]: 4.0
  (For comparison - full updates including accumulation: 6,220,800)
level.getFillPerLayer[3](): 0
ideal_bandwidth_fill_per_layer[3]: 0.0

Latency for layer: 4 of Level: GlobalBuffer
level.active_instances_per_layer[4]: 1
level.temporal_iterations_per_layer[4]: 518400
Scaling per layer[4]: 518,400
Single Tile latency: cc_per_tile_per_layer[4]: 3
Ideal Case, Latency at this level without stalls: cc_per_all_tiles_per_layer[4]: 3
SCALED cc_per_all_tiles_per_layer[4]: 1,555,200
level.getReadPerLayer[4](): 24,883,200
  (For comparison - full reads including accumulation: 24,883,200)
ideal_bandwidth_read_per_layer[4]: 16.0
level.getDrainPerLayer[4](): 0
ideal_bandwidth_drain_per_layer[4]: 0.0
ideal_bandwidth_update_per_layer[4]: 4.0
  (For comparison - full updates including accumulation: 6,220,800)
level.getFillPerLayer[4](): 0
ideal_bandwidth_fill_per_layer[4]: 0.0

Latency for layer: 5 of Level: GlobalBuffer
level.active_instances_per_layer[5]: 1
level.temporal_iterations_per_layer[5]: 518400
Scaling per layer[5]: 518,400
Single Tile latency: cc_per_tile_per_layer[5]: 3
Ideal Case, Latency at this level without stalls: cc_per_all_tiles_per_layer[5]: 3
SCALED cc_per_all_tiles_per_layer[5]: 1,555,200
level.getReadPerLayer[5](): 24,883,200
  (For comparison - full reads including accumulation: 24,883,200)
ideal_bandwidth_read_per_layer[5]: 16.0
level.getDrainPerLayer[5](): 0
ideal_bandwidth_drain_per_layer[5]: 0.0
ideal_bandwidth_update_per_layer[5]: 4.0
  (For comparison - full updates including accumulation: 6,220,800)
level.getFillPerLayer[5](): 0
ideal_bandwidth_fill_per_layer[5]: 0.0

Latency for layer: 6 of Level: GlobalBuffer
level.active_instances_per_layer[6]: 1
level.temporal_iterations_per_layer[6]: 518400
Scaling per layer[6]: 518,400
Single Tile latency: cc_per_tile_per_layer[6]: 1
Ideal Case, Latency at this level without stalls: cc_per_all_tiles_per_layer[6]: 1
SCALED cc_per_all_tiles_per_layer[6]: 518,400
level.getReadPerLayer[6](): 35,251,200
  (For comparison - full reads including accumulation: 35,251,200)
ideal_bandwidth_read_per_layer[6]: 68.0
level.getDrainPerLayer[6](): 0
ideal_bandwidth_drain_per_layer[6]: 0.0
ideal_bandwidth_update_per_layer[6]: 56.0
  (For comparison - full updates including accumulation: 29,030,400)
level.getFillPerLayer[6](): 0
ideal_bandwidth_fill_per_layer[6]: 0.0

Latency for layer: 7 of Level: GlobalBuffer
level.active_instances_per_layer[7]: 1
level.temporal_iterations_per_layer[7]: 518400
Scaling per layer[7]: 518,400
Single Tile latency: cc_per_tile_per_layer[7]: 6
Ideal Case, Latency at this level without stalls: cc_per_all_tiles_per_layer[7]: 6
SCALED cc_per_all_tiles_per_layer[7]: 3,110,400
level.getReadPerLayer[7](): 87,091,200
  (For comparison - full reads including accumulation: 87,091,200)
ideal_bandwidth_read_per_layer[7]: 28.0
level.getDrainPerLayer[7](): 8,294,400
ideal_bandwidth_drain_per_layer[7]: 2.6666666666666665
ideal_bandwidth_update_per_layer[7]: 2.6666666666666665
  (For comparison - full updates including accumulation: 8,294,400)
level.getFillPerLayer[7](): 0
ideal_bandwidth_fill_per_layer[7]: 0.0

Start of calculation of latency:


Layer_id: 0 in GlobalBuffer

ideal_bandwidth_read_per_layer[0] + ideal_bandwidth_drain_per_layer[0]: 14.2 vs level.read_bandwidth: 16.0
I am in Compute Bound
cc_per_all_tiles_per_layer[0]: 5
STANDARD CASE latency_read_drain_per_layer[0]: 5

ideal_bandwidth_fill_per_layer[0] + ideal_bandwidth_update_per_layer[0]: 11.799999999999999 vs level.write_bandwidth: 16.0
previous_fanout_pe_to_pe_warmup: 0
STANDARD CASE latency_fill_update_per_layer[0]: 5


Layer_id: 1 in GlobalBuffer

ideal_bandwidth_read_per_layer[1] + ideal_bandwidth_drain_per_layer[1]: 68.0 vs level.read_bandwidth: 16.0
I am in Slowdown: Memory Bound
ideal_bandwidth_read_per_layer[1]: 68.0
ideal_bandwidth_drain_per_layer[1]: 0.0
level.read_bandwidth: 16.0
total data (for bandwidth): 35251200
scaling_per_layer[1]: 518400
SLOWDOWN CASE latency_read_drain_per_layer[1]: 4.25

ideal_bandwidth_fill_per_layer[1] + ideal_bandwidth_update_per_layer[1]: 12.0 vs level.write_bandwidth: 16.0
previous_fanout_pe_to_pe_warmup: 0
STANDARD CASE latency_fill_update_per_layer[1]: 1


Layer_id: 2 in GlobalBuffer

ideal_bandwidth_read_per_layer[2] + ideal_bandwidth_drain_per_layer[2]: 16.0 vs level.read_bandwidth: 16.0
I am in Compute Bound
cc_per_all_tiles_per_layer[2]: 3
STANDARD CASE latency_read_drain_per_layer[2]: 3

ideal_bandwidth_fill_per_layer[2] + ideal_bandwidth_update_per_layer[2]: 4.0 vs level.write_bandwidth: 16.0
previous_fanout_pe_to_pe_warmup: 0
STANDARD CASE latency_fill_update_per_layer[2]: 3


Layer_id: 3 in GlobalBuffer

ideal_bandwidth_read_per_layer[3] + ideal_bandwidth_drain_per_layer[3]: 16.0 vs level.read_bandwidth: 16.0
I am in Compute Bound
cc_per_all_tiles_per_layer[3]: 3
STANDARD CASE latency_read_drain_per_layer[3]: 3

ideal_bandwidth_fill_per_layer[3] + ideal_bandwidth_update_per_layer[3]: 4.0 vs level.write_bandwidth: 16.0
previous_fanout_pe_to_pe_warmup: 0
STANDARD CASE latency_fill_update_per_layer[3]: 3


Layer_id: 4 in GlobalBuffer

ideal_bandwidth_read_per_layer[4] + ideal_bandwidth_drain_per_layer[4]: 16.0 vs level.read_bandwidth: 16.0
I am in Compute Bound
cc_per_all_tiles_per_layer[4]: 3
STANDARD CASE latency_read_drain_per_layer[4]: 3

ideal_bandwidth_fill_per_layer[4] + ideal_bandwidth_update_per_layer[4]: 4.0 vs level.write_bandwidth: 16.0
previous_fanout_pe_to_pe_warmup: 0
STANDARD CASE latency_fill_update_per_layer[4]: 3


Layer_id: 5 in GlobalBuffer

ideal_bandwidth_read_per_layer[5] + ideal_bandwidth_drain_per_layer[5]: 16.0 vs level.read_bandwidth: 16.0
I am in Compute Bound
cc_per_all_tiles_per_layer[5]: 3
STANDARD CASE latency_read_drain_per_layer[5]: 3

ideal_bandwidth_fill_per_layer[5] + ideal_bandwidth_update_per_layer[5]: 4.0 vs level.write_bandwidth: 16.0
previous_fanout_pe_to_pe_warmup: 0
STANDARD CASE latency_fill_update_per_layer[5]: 3


Layer_id: 6 in GlobalBuffer

ideal_bandwidth_read_per_layer[6] + ideal_bandwidth_drain_per_layer[6]: 68.0 vs level.read_bandwidth: 16.0
I am in Slowdown: Memory Bound
ideal_bandwidth_read_per_layer[6]: 68.0
ideal_bandwidth_drain_per_layer[6]: 0.0
level.read_bandwidth: 16.0
total data (for bandwidth): 35251200
scaling_per_layer[6]: 518400
SLOWDOWN CASE latency_read_drain_per_layer[6]: 4.25

ideal_bandwidth_fill_per_layer[6] + ideal_bandwidth_update_per_layer[6]: 56.0 vs level.write_bandwidth: 16.0
ideal_bandwidth_fill_per_layer[6]: 0.0
ideal_bandwidth_update_per_layer[6]: 56.0
level.write_bandwidth: 16.0
total data (for bandwidth): 29030400
scaling_per_layer[6]: 518400
SLOWDOWN CASE latency_fill_update_per_layer[6]: 3.5


Layer_id: 7 in GlobalBuffer

ideal_bandwidth_read_per_layer[7] + ideal_bandwidth_drain_per_layer[7]: 30.666666666666668 vs level.read_bandwidth: 16.0
I am in Slowdown: Memory Bound
ideal_bandwidth_read_per_layer[7]: 28.0
ideal_bandwidth_drain_per_layer[7]: 2.6666666666666665
level.read_bandwidth: 16.0
total data (for bandwidth): 95385600
scaling_per_layer[7]: 518400
SLOWDOWN CASE latency_read_drain_per_layer[7]: 11.5

ideal_bandwidth_fill_per_layer[7] + ideal_bandwidth_update_per_layer[7]: 2.6666666666666665 vs level.write_bandwidth: 16.0
previous_fanout_pe_to_pe_warmup: 0
STANDARD CASE latency_fill_update_per_layer[7]: 6

End of calculation of latency.

Calculating per tile final latency and stall for layer 0 in GlobalBuffer: latency_read_drain_per_layer[0] = 5, latency_fill_update_per_layer[0] = 5
Final per tile latency_per_layer[0]: 5
Final per tile stall_cycles_per_layer[0]: 0
Ideal case: no stall introduced by this level per this layer: cc_per_all_tiles_per_layer[0]: 5
Calculating per tile final latency and stall for layer 1 in GlobalBuffer: latency_read_drain_per_layer[1] = 4.25, latency_fill_update_per_layer[1] = 1
Final per tile latency_per_layer[1]: 4
Final per tile stall_cycles_per_layer[1]: 3
Ideal case: no stall introduced by this level per this layer: cc_per_all_tiles_per_layer[1]: 1
Calculating per tile final latency and stall for layer 2 in GlobalBuffer: latency_read_drain_per_layer[2] = 3, latency_fill_update_per_layer[2] = 3
Final per tile latency_per_layer[2]: 3
Final per tile stall_cycles_per_layer[2]: 0
Ideal case: no stall introduced by this level per this layer: cc_per_all_tiles_per_layer[2]: 3
Calculating per tile final latency and stall for layer 3 in GlobalBuffer: latency_read_drain_per_layer[3] = 3, latency_fill_update_per_layer[3] = 3
Final per tile latency_per_layer[3]: 3
Final per tile stall_cycles_per_layer[3]: 0
Ideal case: no stall introduced by this level per this layer: cc_per_all_tiles_per_layer[3]: 3
Calculating per tile final latency and stall for layer 4 in GlobalBuffer: latency_read_drain_per_layer[4] = 3, latency_fill_update_per_layer[4] = 3
Final per tile latency_per_layer[4]: 3
Final per tile stall_cycles_per_layer[4]: 0
Ideal case: no stall introduced by this level per this layer: cc_per_all_tiles_per_layer[4]: 3
Calculating per tile final latency and stall for layer 5 in GlobalBuffer: latency_read_drain_per_layer[5] = 3, latency_fill_update_per_layer[5] = 3
Final per tile latency_per_layer[5]: 3
Final per tile stall_cycles_per_layer[5]: 0
Ideal case: no stall introduced by this level per this layer: cc_per_all_tiles_per_layer[5]: 3
Calculating per tile final latency and stall for layer 6 in GlobalBuffer: latency_read_drain_per_layer[6] = 4.25, latency_fill_update_per_layer[6] = 3.5
Final per tile latency_per_layer[6]: 4
Final per tile stall_cycles_per_layer[6]: 3
Ideal case: no stall introduced by this level per this layer: cc_per_all_tiles_per_layer[6]: 1
Calculating per tile final latency and stall for layer 7 in GlobalBuffer: latency_read_drain_per_layer[7] = 11.5, latency_fill_update_per_layer[7] = 6
Final per tile latency_per_layer[7]: 12
Final per tile stall_cycles_per_layer[7]: 6
Ideal case: no stall introduced by this level per this layer: cc_per_all_tiles_per_layer[7]: 6


Calculating Latency for Level: DRAM

Latency for layer: 0 of Level: DRAM
level.active_instances_per_layer[0]: 1
level.temporal_iterations_per_layer[0]: 1
Scaling per layer[0]: 1
Single Tile latency: cc_per_tile_per_layer[0]: 5
Ideal Case, Latency at this level without stalls: cc_per_all_tiles_per_layer[0]: 2592000
SCALED cc_per_all_tiles_per_layer[0]: 2,592,000
level.getReadPerLayer[0](): 1,559,400
  (For comparison - full reads including accumulation: 1,559,400)
ideal_bandwidth_read_per_layer[0]: 0.6016203703703704
level.getDrainPerLayer[0](): 0
ideal_bandwidth_drain_per_layer[0]: 0.0
ideal_bandwidth_update_per_layer[0]: 0.0
  (For comparison - full updates including accumulation: 0)
level.getFillPerLayer[0](): 0
ideal_bandwidth_fill_per_layer[0]: 0.0

Latency for layer: 1 of Level: DRAM
level.active_instances_per_layer[1]: 1
level.temporal_iterations_per_layer[1]: 1
Scaling per layer[1]: 1
Single Tile latency: cc_per_tile_per_layer[1]: 4.25
Ideal Case, Latency at this level without stalls: cc_per_all_tiles_per_layer[1]: 2203200.0
SCALED cc_per_all_tiles_per_layer[1]: 2,203,200
level.getReadPerLayer[1](): 672
  (For comparison - full reads including accumulation: 672)
ideal_bandwidth_read_per_layer[1]: 0.00030501089324618734
level.getDrainPerLayer[1](): 0
ideal_bandwidth_drain_per_layer[1]: 0.0
ideal_bandwidth_update_per_layer[1]: 0.0
  (For comparison - full updates including accumulation: 0)
level.getFillPerLayer[1](): 0
ideal_bandwidth_fill_per_layer[1]: 0.0

Latency for layer: 2 of Level: DRAM
level.active_instances_per_layer[2]: 1
level.temporal_iterations_per_layer[2]: 1
Scaling per layer[2]: 1
Single Tile latency: cc_per_tile_per_layer[2]: 3
Ideal Case, Latency at this level without stalls: cc_per_all_tiles_per_layer[2]: 1555200
SCALED cc_per_all_tiles_per_layer[2]: 1,555,200
level.getReadPerLayer[2](): 1,296
  (For comparison - full reads including accumulation: 1,296)
ideal_bandwidth_read_per_layer[2]: 0.0008333333333333334
level.getDrainPerLayer[2](): 0
ideal_bandwidth_drain_per_layer[2]: 0.0
ideal_bandwidth_update_per_layer[2]: 0.0
  (For comparison - full updates including accumulation: 0)
level.getFillPerLayer[2](): 0
ideal_bandwidth_fill_per_layer[2]: 0.0

Latency for layer: 3 of Level: DRAM
level.active_instances_per_layer[3]: 1
level.temporal_iterations_per_layer[3]: 1
Scaling per layer[3]: 1
Single Tile latency: cc_per_tile_per_layer[3]: 3
Ideal Case, Latency at this level without stalls: cc_per_all_tiles_per_layer[3]: 1555200
SCALED cc_per_all_tiles_per_layer[3]: 1,555,200
level.getReadPerLayer[3](): 1,296
  (For comparison - full reads including accumulation: 1,296)
ideal_bandwidth_read_per_layer[3]: 0.0008333333333333334
level.getDrainPerLayer[3](): 0
ideal_bandwidth_drain_per_layer[3]: 0.0
ideal_bandwidth_update_per_layer[3]: 0.0
  (For comparison - full updates including accumulation: 0)
level.getFillPerLayer[3](): 0
ideal_bandwidth_fill_per_layer[3]: 0.0

Latency for layer: 4 of Level: DRAM
level.active_instances_per_layer[4]: 1
level.temporal_iterations_per_layer[4]: 1
Scaling per layer[4]: 1
Single Tile latency: cc_per_tile_per_layer[4]: 3
Ideal Case, Latency at this level without stalls: cc_per_all_tiles_per_layer[4]: 1555200
SCALED cc_per_all_tiles_per_layer[4]: 1,555,200
level.getReadPerLayer[4](): 1,296
  (For comparison - full reads including accumulation: 1,296)
ideal_bandwidth_read_per_layer[4]: 0.0008333333333333334
level.getDrainPerLayer[4](): 0
ideal_bandwidth_drain_per_layer[4]: 0.0
ideal_bandwidth_update_per_layer[4]: 0.0
  (For comparison - full updates including accumulation: 0)
level.getFillPerLayer[4](): 0
ideal_bandwidth_fill_per_layer[4]: 0.0

Latency for layer: 5 of Level: DRAM
level.active_instances_per_layer[5]: 1
level.temporal_iterations_per_layer[5]: 1
Scaling per layer[5]: 1
Single Tile latency: cc_per_tile_per_layer[5]: 3
Ideal Case, Latency at this level without stalls: cc_per_all_tiles_per_layer[5]: 1555200
SCALED cc_per_all_tiles_per_layer[5]: 1,555,200
level.getReadPerLayer[5](): 1,296
  (For comparison - full reads including accumulation: 1,296)
ideal_bandwidth_read_per_layer[5]: 0.0008333333333333334
level.getDrainPerLayer[5](): 0
ideal_bandwidth_drain_per_layer[5]: 0.0
ideal_bandwidth_update_per_layer[5]: 0.0
  (For comparison - full updates including accumulation: 0)
level.getFillPerLayer[5](): 0
ideal_bandwidth_fill_per_layer[5]: 0.0

Latency for layer: 6 of Level: DRAM
level.active_instances_per_layer[6]: 1
level.temporal_iterations_per_layer[6]: 1
Scaling per layer[6]: 1
Single Tile latency: cc_per_tile_per_layer[6]: 4.25
Ideal Case, Latency at this level without stalls: cc_per_all_tiles_per_layer[6]: 2203200.0
SCALED cc_per_all_tiles_per_layer[6]: 2,203,200
level.getReadPerLayer[6](): 672
  (For comparison - full reads including accumulation: 672)
ideal_bandwidth_read_per_layer[6]: 0.00030501089324618734
level.getDrainPerLayer[6](): 0
ideal_bandwidth_drain_per_layer[6]: 0.0
ideal_bandwidth_update_per_layer[6]: 0.0
  (For comparison - full updates including accumulation: 0)
level.getFillPerLayer[6](): 0
ideal_bandwidth_fill_per_layer[6]: 0.0

Latency for layer: 7 of Level: DRAM
level.active_instances_per_layer[7]: 1
level.temporal_iterations_per_layer[7]: 1
Scaling per layer[7]: 1
Single Tile latency: cc_per_tile_per_layer[7]: 11.5
Ideal Case, Latency at this level without stalls: cc_per_all_tiles_per_layer[7]: 5961600.0
SCALED cc_per_all_tiles_per_layer[7]: 5,961,600
level.getReadPerLayer[7](): 8,064
  (For comparison - full reads including accumulation: 8,064)
ideal_bandwidth_read_per_layer[7]: 0.001352657004830918
level.getDrainPerLayer[7](): 0
ideal_bandwidth_drain_per_layer[7]: 0.0
ideal_bandwidth_update_per_layer[7]: 1.391304347826087
  (For comparison - full updates including accumulation: 8,294,400)
level.getFillPerLayer[7](): 0
ideal_bandwidth_fill_per_layer[7]: 0.0

Start of calculation of latency:


Layer_id: 0 in DRAM

ideal_bandwidth_read_per_layer[0] + ideal_bandwidth_drain_per_layer[0]: 0.6016203703703704 vs level.read_bandwidth: 4.0
I am in Compute Bound
cc_per_all_tiles_per_layer[0]: 2592000
STANDARD CASE latency_read_drain_per_layer[0]: 2592000

ideal_bandwidth_fill_per_layer[0] + ideal_bandwidth_update_per_layer[0]: 0.0 vs level.write_bandwidth: 4.0
previous_fanout_pe_to_pe_warmup: 0
STANDARD CASE latency_fill_update_per_layer[0]: 2592000


Layer_id: 1 in DRAM

ideal_bandwidth_read_per_layer[1] + ideal_bandwidth_drain_per_layer[1]: 0.00030501089324618734 vs level.read_bandwidth: 4.0
I am in Compute Bound
cc_per_all_tiles_per_layer[1]: 2203200.0
STANDARD CASE latency_read_drain_per_layer[1]: 2203200.0

ideal_bandwidth_fill_per_layer[1] + ideal_bandwidth_update_per_layer[1]: 0.0 vs level.write_bandwidth: 4.0
previous_fanout_pe_to_pe_warmup: 0
STANDARD CASE latency_fill_update_per_layer[1]: 2203200.0


Layer_id: 2 in DRAM

ideal_bandwidth_read_per_layer[2] + ideal_bandwidth_drain_per_layer[2]: 0.0008333333333333334 vs level.read_bandwidth: 4.0
I am in Compute Bound
cc_per_all_tiles_per_layer[2]: 1555200
STANDARD CASE latency_read_drain_per_layer[2]: 1555200

ideal_bandwidth_fill_per_layer[2] + ideal_bandwidth_update_per_layer[2]: 0.0 vs level.write_bandwidth: 4.0
previous_fanout_pe_to_pe_warmup: 0
STANDARD CASE latency_fill_update_per_layer[2]: 1555200


Layer_id: 3 in DRAM

ideal_bandwidth_read_per_layer[3] + ideal_bandwidth_drain_per_layer[3]: 0.0008333333333333334 vs level.read_bandwidth: 4.0
I am in Compute Bound
cc_per_all_tiles_per_layer[3]: 1555200
STANDARD CASE latency_read_drain_per_layer[3]: 1555200

ideal_bandwidth_fill_per_layer[3] + ideal_bandwidth_update_per_layer[3]: 0.0 vs level.write_bandwidth: 4.0
previous_fanout_pe_to_pe_warmup: 0
STANDARD CASE latency_fill_update_per_layer[3]: 1555200


Layer_id: 4 in DRAM

ideal_bandwidth_read_per_layer[4] + ideal_bandwidth_drain_per_layer[4]: 0.0008333333333333334 vs level.read_bandwidth: 4.0
I am in Compute Bound
cc_per_all_tiles_per_layer[4]: 1555200
STANDARD CASE latency_read_drain_per_layer[4]: 1555200

ideal_bandwidth_fill_per_layer[4] + ideal_bandwidth_update_per_layer[4]: 0.0 vs level.write_bandwidth: 4.0
previous_fanout_pe_to_pe_warmup: 0
STANDARD CASE latency_fill_update_per_layer[4]: 1555200


Layer_id: 5 in DRAM

ideal_bandwidth_read_per_layer[5] + ideal_bandwidth_drain_per_layer[5]: 0.0008333333333333334 vs level.read_bandwidth: 4.0
I am in Compute Bound
cc_per_all_tiles_per_layer[5]: 1555200
STANDARD CASE latency_read_drain_per_layer[5]: 1555200

ideal_bandwidth_fill_per_layer[5] + ideal_bandwidth_update_per_layer[5]: 0.0 vs level.write_bandwidth: 4.0
previous_fanout_pe_to_pe_warmup: 0
STANDARD CASE latency_fill_update_per_layer[5]: 1555200


Layer_id: 6 in DRAM

ideal_bandwidth_read_per_layer[6] + ideal_bandwidth_drain_per_layer[6]: 0.00030501089324618734 vs level.read_bandwidth: 4.0
I am in Compute Bound
cc_per_all_tiles_per_layer[6]: 2203200.0
STANDARD CASE latency_read_drain_per_layer[6]: 2203200.0

ideal_bandwidth_fill_per_layer[6] + ideal_bandwidth_update_per_layer[6]: 0.0 vs level.write_bandwidth: 4.0
previous_fanout_pe_to_pe_warmup: 0
STANDARD CASE latency_fill_update_per_layer[6]: 2203200.0


Layer_id: 7 in DRAM

ideal_bandwidth_read_per_layer[7] + ideal_bandwidth_drain_per_layer[7]: 0.001352657004830918 vs level.read_bandwidth: 4.0
I am in Compute Bound
cc_per_all_tiles_per_layer[7]: 5961600.0
STANDARD CASE latency_read_drain_per_layer[7]: 5961600.0

ideal_bandwidth_fill_per_layer[7] + ideal_bandwidth_update_per_layer[7]: 1.391304347826087 vs level.write_bandwidth: 4.0
previous_fanout_pe_to_pe_warmup: 0
STANDARD CASE latency_fill_update_per_layer[7]: 5961600.0

End of calculation of latency.

Calculating per tile final latency and stall for layer 0 in DRAM: latency_read_drain_per_layer[0] = 2592000, latency_fill_update_per_layer[0] = 2592000
Final per tile latency_per_layer[0]: 2,592,000
Final per tile stall_cycles_per_layer[0]: 0
Ideal case: no stall introduced by this level per this layer: cc_per_all_tiles_per_layer[0]: 2,592,000
Calculating per tile final latency and stall for layer 1 in DRAM: latency_read_drain_per_layer[1] = 2203200.0, latency_fill_update_per_layer[1] = 2203200.0
Final per tile latency_per_layer[1]: 2,203,200
Final per tile stall_cycles_per_layer[1]: 0
Ideal case: no stall introduced by this level per this layer: cc_per_all_tiles_per_layer[1]: 2,203,200
Calculating per tile final latency and stall for layer 2 in DRAM: latency_read_drain_per_layer[2] = 1555200, latency_fill_update_per_layer[2] = 1555200
Final per tile latency_per_layer[2]: 1,555,200
Final per tile stall_cycles_per_layer[2]: 0
Ideal case: no stall introduced by this level per this layer: cc_per_all_tiles_per_layer[2]: 1,555,200
Calculating per tile final latency and stall for layer 3 in DRAM: latency_read_drain_per_layer[3] = 1555200, latency_fill_update_per_layer[3] = 1555200
Final per tile latency_per_layer[3]: 1,555,200
Final per tile stall_cycles_per_layer[3]: 0
Ideal case: no stall introduced by this level per this layer: cc_per_all_tiles_per_layer[3]: 1,555,200
Calculating per tile final latency and stall for layer 4 in DRAM: latency_read_drain_per_layer[4] = 1555200, latency_fill_update_per_layer[4] = 1555200
Final per tile latency_per_layer[4]: 1,555,200
Final per tile stall_cycles_per_layer[4]: 0
Ideal case: no stall introduced by this level per this layer: cc_per_all_tiles_per_layer[4]: 1,555,200
Calculating per tile final latency and stall for layer 5 in DRAM: latency_read_drain_per_layer[5] = 1555200, latency_fill_update_per_layer[5] = 1555200
Final per tile latency_per_layer[5]: 1,555,200
Final per tile stall_cycles_per_layer[5]: 0
Ideal case: no stall introduced by this level per this layer: cc_per_all_tiles_per_layer[5]: 1,555,200
Calculating per tile final latency and stall for layer 6 in DRAM: latency_read_drain_per_layer[6] = 2203200.0, latency_fill_update_per_layer[6] = 2203200.0
Final per tile latency_per_layer[6]: 2,203,200
Final per tile stall_cycles_per_layer[6]: 0
Ideal case: no stall introduced by this level per this layer: cc_per_all_tiles_per_layer[6]: 2,203,200
Calculating per tile final latency and stall for layer 7 in DRAM: latency_read_drain_per_layer[7] = 5961600.0, latency_fill_update_per_layer[7] = 5961600.0
Final per tile latency_per_layer[7]: 5,961,600
Final per tile stall_cycles_per_layer[7]: 0
Ideal case: no stall introduced by this level per this layer: cc_per_all_tiles_per_layer[7]: 5,961,600


Final WMOPs and Latency calculation for Level: DRAM
Level: DRAM, Layer: 0
max_latency_per_layer[0]: 0 before update
level.getSettedLatencyPerLayer[0](): 2,592,000
Level: DRAM, Layer: 1
max_latency_per_layer[1]: 0 before update
level.getSettedLatencyPerLayer[1](): 2,203,200
Level: DRAM, Layer: 2
max_latency_per_layer[2]: 0 before update
level.getSettedLatencyPerLayer[2](): 1,555,200
Level: DRAM, Layer: 3
max_latency_per_layer[3]: 0 before update
level.getSettedLatencyPerLayer[3](): 1,555,200
Level: DRAM, Layer: 4
max_latency_per_layer[4]: 0 before update
level.getSettedLatencyPerLayer[4](): 1,555,200
Level: DRAM, Layer: 5
max_latency_per_layer[5]: 0 before update
level.getSettedLatencyPerLayer[5](): 1,555,200
Level: DRAM, Layer: 6
max_latency_per_layer[6]: 0 before update
level.getSettedLatencyPerLayer[6](): 2,203,200
Level: DRAM, Layer: 7
max_latency_per_layer[7]: 0 before update
level.getSettedLatencyPerLayer[7](): 5,961,600
Level DRAM: Eyeriss_Constrained_8L_tile1_16x128, max_latency (sequential layers): 19,180,800


Final WMOPs and Latency calculation for Level: GlobalBuffer
Level: GlobalBuffer, Layer: 0
max_latency_per_layer[0]: 2,592,000 before update
level.getSettedLatencyPerLayer[0](): 5
Level: GlobalBuffer, Layer: 1
max_latency_per_layer[1]: 2,203,200 before update
level.getSettedLatencyPerLayer[1](): 4
Level: GlobalBuffer, Layer: 2
max_latency_per_layer[2]: 1,555,200 before update
level.getSettedLatencyPerLayer[2](): 3
Level: GlobalBuffer, Layer: 3
max_latency_per_layer[3]: 1,555,200 before update
level.getSettedLatencyPerLayer[3](): 3
Level: GlobalBuffer, Layer: 4
max_latency_per_layer[4]: 1,555,200 before update
level.getSettedLatencyPerLayer[4](): 3
Level: GlobalBuffer, Layer: 5
max_latency_per_layer[5]: 1,555,200 before update
level.getSettedLatencyPerLayer[5](): 3
Level: GlobalBuffer, Layer: 6
max_latency_per_layer[6]: 2,203,200 before update
level.getSettedLatencyPerLayer[6](): 4
Level: GlobalBuffer, Layer: 7
max_latency_per_layer[7]: 5,961,600 before update
level.getSettedLatencyPerLayer[7](): 5,961,600
Level GlobalBuffer: Eyeriss_Constrained_8L_tile1_16x128, max_latency (sequential layers): 19,180,800


Final WMOPs and Latency calculation for Level: SACols


Final WMOPs and Latency calculation for Level: SARows


Final WMOPs and Latency calculation for Level: SACols_6


Final WMOPs and Latency calculation for Level: SARows_6


Final WMOPs and Latency calculation for Level: SACols_5


Final WMOPs and Latency calculation for Level: SARows_5


Final WMOPs and Latency calculation for Level: SACols_4


Final WMOPs and Latency calculation for Level: SARows_4


Final WMOPs and Latency calculation for Level: SACols_3


Final WMOPs and Latency calculation for Level: SARows_3


Final WMOPs and Latency calculation for Level: SACols_2


Final WMOPs and Latency calculation for Level: SARows_2


Final WMOPs and Latency calculation for Level: SACols_1


Final WMOPs and Latency calculation for Level: SARows_1


Final WMOPs and Latency calculation for Level: SACols_0


Final WMOPs and Latency calculation for Level: SARows_0


Final WMOPs and Latency calculation for Level: InRegister
Level: InRegister, Layer: 0
max_latency_per_layer[0]: 2,592,000 before update
level.getSettedLatencyPerLayer[0](): 5
Level: InRegister, Layer: 1
max_latency_per_layer[1]: 2,203,200 before update
level.getSettedLatencyPerLayer[1](): 1
Level: InRegister, Layer: 2
max_latency_per_layer[2]: 1,555,200 before update
level.getSettedLatencyPerLayer[2](): 3
Level: InRegister, Layer: 3
max_latency_per_layer[3]: 1,555,200 before update
level.getSettedLatencyPerLayer[3](): 3
Level: InRegister, Layer: 4
max_latency_per_layer[4]: 1,555,200 before update
level.getSettedLatencyPerLayer[4](): 3
Level: InRegister, Layer: 5
max_latency_per_layer[5]: 1,555,200 before update
level.getSettedLatencyPerLayer[5](): 3
Level: InRegister, Layer: 6
max_latency_per_layer[6]: 2,203,200 before update
level.getSettedLatencyPerLayer[6](): 1
Level: InRegister, Layer: 7
max_latency_per_layer[7]: 5,961,600 before update
level.getSettedLatencyPerLayer[7](): 3,110,400
Level InRegister: Eyeriss_Constrained_8L_tile1_16x128, max_latency (sequential layers): 19,180,800


Final WMOPs and Latency calculation for Level: WRegister
Level: WRegister, Layer: 0
max_latency_per_layer[0]: 2,592,000 before update
level.getSettedLatencyPerLayer[0](): 5
Level: WRegister, Layer: 1
max_latency_per_layer[1]: 2,203,200 before update
level.getSettedLatencyPerLayer[1](): 1
Level: WRegister, Layer: 2
max_latency_per_layer[2]: 1,555,200 before update
level.getSettedLatencyPerLayer[2](): 3
Level: WRegister, Layer: 3
max_latency_per_layer[3]: 1,555,200 before update
level.getSettedLatencyPerLayer[3](): 3
Level: WRegister, Layer: 4
max_latency_per_layer[4]: 1,555,200 before update
level.getSettedLatencyPerLayer[4](): 3
Level: WRegister, Layer: 5
max_latency_per_layer[5]: 1,555,200 before update
level.getSettedLatencyPerLayer[5](): 3
Level: WRegister, Layer: 6
max_latency_per_layer[6]: 2,203,200 before update
level.getSettedLatencyPerLayer[6](): 1
Level: WRegister, Layer: 7
max_latency_per_layer[7]: 5,961,600 before update
level.getSettedLatencyPerLayer[7](): 3,110,400
Level WRegister: Eyeriss_Constrained_8L_tile1_16x128, max_latency (sequential layers): 19,180,800


Final WMOPs and Latency calculation for Level: IntermediateRegister
Level: IntermediateRegister, Layer: 0
max_latency_per_layer[0]: 2,592,000 before update
level.getSettedLatencyPerLayer[0](): 1
Level: IntermediateRegister, Layer: 1
max_latency_per_layer[1]: 2,203,200 before update
level.getSettedLatencyPerLayer[1](): 1
Level: IntermediateRegister, Layer: 2
max_latency_per_layer[2]: 1,555,200 before update
level.getSettedLatencyPerLayer[2](): 1
Level: IntermediateRegister, Layer: 3
max_latency_per_layer[3]: 1,555,200 before update
level.getSettedLatencyPerLayer[3](): 1
Level: IntermediateRegister, Layer: 4
max_latency_per_layer[4]: 1,555,200 before update
level.getSettedLatencyPerLayer[4](): 1
Level: IntermediateRegister, Layer: 5
max_latency_per_layer[5]: 1,555,200 before update
level.getSettedLatencyPerLayer[5](): 1
Level: IntermediateRegister, Layer: 6
max_latency_per_layer[6]: 2,203,200 before update
level.getSettedLatencyPerLayer[6](): 1
Level: IntermediateRegister, Layer: 7
max_latency_per_layer[7]: 5,961,600 before update
level.getSettedLatencyPerLayer[7](): 3,110,400
Level IntermediateRegister: Eyeriss_Constrained_8L_tile1_16x128, max_latency (sequential layers): 19,180,800


Final WMOPs and Latency calculation for Level: OutRegister
Level: OutRegister, Layer: 0
max_latency_per_layer[0]: 2,592,000 before update
level.getSettedLatencyPerLayer[0](): 1
Level: OutRegister, Layer: 1
max_latency_per_layer[1]: 2,203,200 before update
level.getSettedLatencyPerLayer[1](): 1
Level: OutRegister, Layer: 2
max_latency_per_layer[2]: 1,555,200 before update
level.getSettedLatencyPerLayer[2](): 1
Level: OutRegister, Layer: 3
max_latency_per_layer[3]: 1,555,200 before update
level.getSettedLatencyPerLayer[3](): 1
Level: OutRegister, Layer: 4
max_latency_per_layer[4]: 1,555,200 before update
level.getSettedLatencyPerLayer[4](): 1
Level: OutRegister, Layer: 5
max_latency_per_layer[5]: 1,555,200 before update
level.getSettedLatencyPerLayer[5](): 1
Level: OutRegister, Layer: 6
max_latency_per_layer[6]: 2,203,200 before update
level.getSettedLatencyPerLayer[6](): 1
Level: OutRegister, Layer: 7
max_latency_per_layer[7]: 5,961,600 before update
level.getSettedLatencyPerLayer[7](): 3,110,400
Level OutRegister: Eyeriss_Constrained_8L_tile1_16x128, max_latency (sequential layers): 19,180,800


Final WMOPs and Latency calculation for Level: Compute
Compute level latency: 1
Compute latency for layer 0: 2,592,000
Compute latency for layer 1: 518,400
Compute latency for layer 2: 1,555,200
Compute latency for layer 3: 1,555,200
Compute latency for layer 4: 1,555,200
Compute latency for layer 5: 1,555,200
Compute latency for layer 6: 518,400
Compute latency for layer 7: 3,110,400
max_latency initially: 19180800.0
compute_latency from compute level: 12,960,000
max_latency after compute: 19,180,800, before fanout_level

Final condition:
Wart: 4.189e+49
EDP: 6.523e+05 (J*cycle)
DRAM ----------> P: 540, Q: 960, Y6: 540, X6: 960, Y5: 540, X5: 960, Y4: 540, X4: 960, Y3: 540, X3: 960, Y2: 540, X2: 960, Y1: 540, X1: 960, Y0: 540, X0: 960
GlobalBuffer --
SACols --------> Z7: 16
SARows --------> S7: 3, C7: 28
SACols_6 ------> Z6: 14
SARows_6 ------> C6: 12, Z6: 4
SACols_5 ------> Z5: 12
SARows_5 ------> S5: 3, C5: 12
SACols_4 ------> Z4: 12
SARows_4 ------> S4: 3, C4: 12
SACols_3 ------> Z3: 12
SARows_3 ------> S3: 3, C3: 12
SACols_2 ------> Z2: 12
SARows_2 ------> S2: 3, C2: 12
SACols_1 ------> Z1: 12
SARows_1 ------> C1: 56
SACols_0 ------> Z0: 14
SARows_0 ------> S0: 5, C0: 3, Z0: 4
InRegister ----
WRegister -----> C7: 2, R7: 3, R5: 3, R4: 3, R3: 3, R2: 3, R0: 5
IntermediateRegister 
OutRegister ---
Compute -------

Visited mappings: 1

Performed moves: 0
é stato chiamato update stats! 




Questo mops è chiamato da update stats
Level: DRAM, arch bypasses for the level: ['int_in', 'int_out'], in_bp: 1, w_bp: 0, out_bp: 1, int_in_bp: 0, int_out_bp: 0
DEBUG updateStats pre scaling: Level DRAM:
  in_reads: 1555200
  per_layer_w_reads: {0: 4200, 1: 672, 2: 1296, 3: 1296, 4: 1296, 5: 1296, 6: 672, 7: 8064}
  per_layer_int_in_reads: {0: 0, 1: 0, 2: 0, 3: 0, 4: 0, 5: 0, 6: 0}
  per_layer_int_out_reads: {0: 0, 1: 0, 2: 0, 3: 0, 4: 0, 5: 0, 6: 0}
  per_layer_int_out_writes: {0: 0, 1: 0, 2: 0, 3: 0, 4: 0, 5: 0, 6: 0}
  out_reads: 8294400
  out_writes: 8294400
  out_reads_factors: 1
scale_per_layer[0]: 1, temporal_iterations_per_layer[0]: 1, spatial_iterations_per_layer[0]: 1
DEBUG: results after scaling: Level DRAM: in_reads=1555200, w_reads=18792, int_in_reads=0, int_out_reads=0, int_out_writes=0, out_writes=8294400, out_reads=8294400, out_reads_factors=1
DEBUG: Level DRAM adjusted out_reads for no bias read: 0
DEBUG: Level DRAM bypasses intermediate storage
DEBUG updateStats post scaling: Level DRAM:
  in_reads: 1,555,200
  per_layer_w_reads: {0: 4200, 1: 672, 2: 1296, 3: 1296, 4: 1296, 5: 1296, 6: 672, 7: 8064}
  w_reads: 18,792
  per_layer_int_in_reads: {0: 0, 1: 0, 2: 0, 3: 0, 4: 0, 5: 0, 6: 0}
  per_layer_int_in_writes: {0: 0, 1: 0, 2: 0, 3: 0, 4: 0, 5: 0, 6: 0}
  int_in_reads: 0
  per_layer_int_out_reads: {0: 0, 1: 0, 2: 0, 3: 0, 4: 0, 5: 0, 6: 0}
  per_layer_int_out_writes: {0: 0, 1: 0, 2: 0, 3: 0, 4: 0, 5: 0, 6: 0}
  int_out_reads: 0
  out_reads: 0
  out_writes: 8,294,400
  out_reads_factors: 1
in_writes: 0, w_writes: 0, int_in_writes: 0, int_out_writes: 0, out_writes: 8294400
Name of the level: DRAM, level active instances per layer: {0: 1, 1: 1, 2: 1, 3: 1, 4: 1, 5: 1, 6: 1, 7: 1}, level active instances: 1
Level DRAM, Layer 0: total_reads = 1559400, total_writes = 0
Level DRAM, Layer 1: total_reads = 672, total_writes = 0
Level DRAM, Layer 2: total_reads = 1296, total_writes = 0
Level DRAM, Layer 3: total_reads = 1296, total_writes = 0
Level DRAM, Layer 4: total_reads = 1296, total_writes = 0
Level DRAM, Layer 5: total_reads = 1296, total_writes = 0
Level DRAM, Layer 6: total_reads = 672, total_writes = 0
DEBUG: Level DRAM, Layer 7, per_layer_int_in_reads6: 0, per_layer_w_reads7: 8064, out_reads: 0
Level DRAM, Layer 7: total_reads = 8064, total_writes = 8294400
Check: Per Layer Total reads: {0: 1559400, 1: 672, 2: 1296, 3: 1296, 4: 1296, 5: 1296, 6: 672, 7: 8064}, total: 1573992
Check: Per Layer Total writes: {0: 0, 1: 0, 2: 0, 3: 0, 4: 0, 5: 0, 6: 0, 7: 8294400}, 
 total: 8294400
Level DRAM total WMOPs from per layer sum: 1,578,942,720.000
Level DRAM total WMOPs from total reads/writes: 1,578,942,720.000
End first part of update for level: DRAM



Questo mops è chiamato da update stats
Level: GlobalBuffer, arch bypasses for the level: ['w'], in_bp: 1, w_bp: 0, out_bp: 0, int_in_bp: 1, int_out_bp: 0
DEBUG updateStats pre scaling: Level GlobalBuffer:
  in_reads: 15
  per_layer_w_reads: {0: 0, 1: 0, 2: 0, 3: 0, 4: 0, 5: 0, 6: 0, 7: 0}
  per_layer_int_in_reads: {0: 56, 1: 36, 2: 36, 3: 36, 4: 36, 5: 12, 6: 168}
  per_layer_int_out_reads: {0: 56, 1: 12, 2: 12, 3: 12, 4: 12, 5: 12, 6: 56}
  per_layer_int_out_writes: {0: 56, 1: 12, 2: 12, 3: 12, 4: 12, 5: 12, 6: 56}
  out_reads: 16
  out_writes: 16
  out_reads_factors: 1
scale_per_layer[0]: 518400, temporal_iterations_per_layer[0]: 518400, spatial_iterations_per_layer[0]: 1
DEBUG: results after scaling: Level GlobalBuffer: in_reads=7776000, w_reads=0, int_in_reads=196992000, int_out_reads=89164800, int_out_writes=89164800, out_writes=8294400, out_reads=8294400, out_reads_factors=1
DEBUG: Level GlobalBuffer adjusted out_reads for no bias read: 0
DEBUG updateStats post scaling: Level GlobalBuffer:
  in_reads: 7,776,000
  per_layer_w_reads: {0: 0, 1: 0, 2: 0, 3: 0, 4: 0, 5: 0, 6: 0, 7: 0}
  w_reads: 0
  per_layer_int_in_reads: {0: 29030400, 1: 18662400, 2: 18662400, 3: 18662400, 4: 18662400, 5: 6220800, 6: 87091200}
  per_layer_int_in_writes: {0: 0, 1: 0, 2: 0, 3: 0, 4: 0, 5: 0, 6: 0}
  int_in_reads: 196,992,000
  per_layer_int_out_reads: {0: 29030400, 1: 6220800, 2: 6220800, 3: 6220800, 4: 6220800, 5: 6220800, 6: 29030400}
  per_layer_int_out_writes: {0: 29030400, 1: 6220800, 2: 6220800, 3: 6220800, 4: 6220800, 5: 6220800, 6: 29030400}
  int_out_reads: 89,164,800
  out_reads: 8,294,400
  out_writes: 8,294,400
  out_reads_factors: 1
in_writes: 1555200, w_writes: 0, int_in_writes: 0, int_out_writes: 89164800, out_writes: 8294400
Name of the level: GlobalBuffer, level active instances per layer: {0: 1, 1: 1, 2: 1, 3: 1, 4: 1, 5: 1, 6: 1, 7: 1}, level active instances: 1
Level GlobalBuffer, Layer 0: total_reads = 36806400, total_writes = 30585600
Level GlobalBuffer, Layer 1: total_reads = 35251200, total_writes = 6220800
Level GlobalBuffer, Layer 2: total_reads = 24883200, total_writes = 6220800
Level GlobalBuffer, Layer 3: total_reads = 24883200, total_writes = 6220800
Level GlobalBuffer, Layer 4: total_reads = 24883200, total_writes = 6220800
Level GlobalBuffer, Layer 5: total_reads = 24883200, total_writes = 6220800
Level GlobalBuffer, Layer 6: total_reads = 35251200, total_writes = 29030400
DEBUG: Level GlobalBuffer, Layer 7, per_layer_int_in_reads6: 87091200, per_layer_w_reads7: 0, out_reads: 8294400
Level GlobalBuffer, Layer 7: total_reads = 95385600, total_writes = 8294400
Check: Per Layer Total reads: {0: 36806400, 1: 35251200, 2: 24883200, 3: 24883200, 4: 24883200, 5: 24883200, 6: 35251200, 7: 95385600}, total: 302227200
Check: Per Layer Total writes: {0: 30585600, 1: 6220800, 2: 6220800, 3: 6220800, 4: 6220800, 5: 6220800, 6: 29030400, 7: 8294400}, 
 total: 99014400
Level GlobalBuffer total WMOPs from per layer sum: 1,676,867,136.490
Level GlobalBuffer total WMOPs from total reads/writes: 1,676,867,136.490
End first part of update for level: GlobalBuffer



Calculating Fanout Level: SACols, updating spatial and last reads
Fanout Level SACols, Layer 7, dim Q, layer_iterations: 1
Fanout Level SACols, Layer 7, dim Z7, layer_iterations: 16
End of the first part of Update Stats for fanout level: SACols


Calculating Fanout Level: SARows, updating spatial and last reads
Fanout Level SARows, Layer 7, dim S7, layer_iterations: 3
Fanout Level SARows, Layer 7, dim C7, layer_iterations: 28
Fanout Level SARows, Layer 7, dim Z7, layer_iterations: 1
End of the first part of Update Stats for fanout level: SARows


Calculating Fanout Level: SACols_6, updating spatial and last reads
Fanout Level SACols_6, Layer 6, dim X6, layer_iterations: 1
Fanout Level SACols_6, Layer 6, dim Z6, layer_iterations: 14
End of the first part of Update Stats for fanout level: SACols_6


Calculating Fanout Level: SARows_6, updating spatial and last reads
Fanout Level SARows_6, Layer 6, dim S6, layer_iterations: 1
Fanout Level SARows_6, Layer 6, dim C6, layer_iterations: 12
Fanout Level SARows_6, Layer 6, dim Z6, layer_iterations: 4
End of the first part of Update Stats for fanout level: SARows_6


Calculating Fanout Level: SACols_5, updating spatial and last reads
Fanout Level SACols_5, Layer 5, dim X5, layer_iterations: 1
Fanout Level SACols_5, Layer 5, dim Z5, layer_iterations: 12
End of the first part of Update Stats for fanout level: SACols_5


Calculating Fanout Level: SARows_5, updating spatial and last reads
Fanout Level SARows_5, Layer 5, dim S5, layer_iterations: 3
Fanout Level SARows_5, Layer 5, dim C5, layer_iterations: 12
Fanout Level SARows_5, Layer 5, dim Z5, layer_iterations: 1
End of the first part of Update Stats for fanout level: SARows_5


Calculating Fanout Level: SACols_4, updating spatial and last reads
Fanout Level SACols_4, Layer 4, dim X4, layer_iterations: 1
Fanout Level SACols_4, Layer 4, dim Z4, layer_iterations: 12
End of the first part of Update Stats for fanout level: SACols_4


Calculating Fanout Level: SARows_4, updating spatial and last reads
Fanout Level SARows_4, Layer 4, dim S4, layer_iterations: 3
Fanout Level SARows_4, Layer 4, dim C4, layer_iterations: 12
Fanout Level SARows_4, Layer 4, dim Z4, layer_iterations: 1
End of the first part of Update Stats for fanout level: SARows_4


Calculating Fanout Level: SACols_3, updating spatial and last reads
Fanout Level SACols_3, Layer 3, dim X3, layer_iterations: 1
Fanout Level SACols_3, Layer 3, dim Z3, layer_iterations: 12
End of the first part of Update Stats for fanout level: SACols_3


Calculating Fanout Level: SARows_3, updating spatial and last reads
Fanout Level SARows_3, Layer 3, dim S3, layer_iterations: 3
Fanout Level SARows_3, Layer 3, dim C3, layer_iterations: 12
Fanout Level SARows_3, Layer 3, dim Z3, layer_iterations: 1
End of the first part of Update Stats for fanout level: SARows_3


Calculating Fanout Level: SACols_2, updating spatial and last reads
Fanout Level SACols_2, Layer 2, dim X2, layer_iterations: 1
Fanout Level SACols_2, Layer 2, dim Z2, layer_iterations: 12
End of the first part of Update Stats for fanout level: SACols_2


Calculating Fanout Level: SARows_2, updating spatial and last reads
Fanout Level SARows_2, Layer 2, dim S2, layer_iterations: 3
Fanout Level SARows_2, Layer 2, dim C2, layer_iterations: 12
Fanout Level SARows_2, Layer 2, dim Z2, layer_iterations: 1
End of the first part of Update Stats for fanout level: SARows_2


Calculating Fanout Level: SACols_1, updating spatial and last reads
Fanout Level SACols_1, Layer 1, dim X1, layer_iterations: 1
Fanout Level SACols_1, Layer 1, dim Z1, layer_iterations: 12
End of the first part of Update Stats for fanout level: SACols_1


Calculating Fanout Level: SARows_1, updating spatial and last reads
Fanout Level SARows_1, Layer 1, dim S1, layer_iterations: 1
Fanout Level SARows_1, Layer 1, dim C1, layer_iterations: 56
Fanout Level SARows_1, Layer 1, dim Z1, layer_iterations: 1
End of the first part of Update Stats for fanout level: SARows_1


Calculating Fanout Level: SACols_0, updating spatial and last reads
Fanout Level SACols_0, Layer 0, dim X0, layer_iterations: 1
Fanout Level SACols_0, Layer 0, dim Z0, layer_iterations: 14
End of the first part of Update Stats for fanout level: SACols_0


Calculating Fanout Level: SARows_0, updating spatial and last reads
Fanout Level SARows_0, Layer 0, dim S0, layer_iterations: 5
Fanout Level SARows_0, Layer 0, dim C0, layer_iterations: 3
Fanout Level SARows_0, Layer 0, dim Z0, layer_iterations: 4
End of the first part of Update Stats for fanout level: SARows_0


Questo mops è chiamato da update stats
Level: InRegister, arch bypasses for the level: ['w', 'out', 'int_out'], in_bp: 0, w_bp: 0, out_bp: 0, int_in_bp: 0, int_out_bp: 0
DEBUG updateStats pre scaling: Level InRegister:
  in_reads: 5
  per_layer_w_reads: {0: 0, 1: 0, 2: 0, 3: 0, 4: 0, 5: 0, 6: 0, 7: 0}
  per_layer_int_in_reads: {0: 1, 1: 3, 2: 3, 3: 3, 4: 3, 5: 1, 6: 6}
  per_layer_int_out_reads: {0: 0, 1: 0, 2: 0, 3: 0, 4: 0, 5: 0, 6: 0}
  per_layer_int_out_writes: {0: 0, 1: 0, 2: 0, 3: 0, 4: 0, 5: 0, 6: 0}
  out_reads: 0
  out_writes: 0
  out_reads_factors: 0
scale_per_layer[0]: 435456000, temporal_iterations_per_layer[0]: 518400, spatial_iterations_per_layer[0]: 840
DEBUG: results after scaling: Level InRegister: in_reads=2177280000, w_reads=0, int_in_reads=7564492800, int_out_reads=0, int_out_writes=0, out_writes=0, out_reads=0, out_reads_factors=0
DEBUG: Level InRegister bypasses intermediate storage
DEBUG updateStats post scaling: Level InRegister:
  in_reads: 2,177,280,000
  per_layer_w_reads: {0: 0, 1: 0, 2: 0, 3: 0, 4: 0, 5: 0, 6: 0, 7: 0}
  w_reads: 0
  per_layer_int_in_reads: {0: 348364800, 1: 671846400, 2: 671846400, 3: 671846400, 4: 671846400, 5: 348364800, 6: 4180377600}
  per_layer_int_in_writes: {0: 348364800, 1: 223948800, 2: 223948800, 3: 223948800, 4: 223948800, 5: 348364800, 6: 1393459200}
  int_in_reads: 7,564,492,800
  per_layer_int_out_reads: {0: 0, 1: 0, 2: 0, 3: 0, 4: 0, 5: 0, 6: 0}
  per_layer_int_out_writes: {0: 0, 1: 0, 2: 0, 3: 0, 4: 0, 5: 0, 6: 0}
  int_out_reads: 0
  out_reads: 0
  out_writes: 0
  out_reads_factors: 0
in_writes: 435456000, w_writes: 0, int_in_writes: 2985984000, int_out_writes: 0, out_writes: 0
Name of the level: InRegister, level active instances per layer: {0: 840, 1: 672, 2: 432, 3: 432, 4: 432, 5: 432, 6: 672, 7: 1344}, level active instances: 17756284224279297392640
Level InRegister, Layer 0: total_reads = 2177280000, total_writes = 435456000
Level InRegister, Layer 1: total_reads = 348364800, total_writes = 348364800
Level InRegister, Layer 2: total_reads = 671846400, total_writes = 223948800
Level InRegister, Layer 3: total_reads = 671846400, total_writes = 223948800
Level InRegister, Layer 4: total_reads = 671846400, total_writes = 223948800
Level InRegister, Layer 5: total_reads = 671846400, total_writes = 223948800
Level InRegister, Layer 6: total_reads = 348364800, total_writes = 348364800
DEBUG: Level InRegister, Layer 7, per_layer_int_in_reads6: 4180377600, per_layer_w_reads7: 0, out_reads: 0
Level InRegister, Layer 7: total_reads = 4180377600, total_writes = 1393459200
Check: Per Layer Total reads: {0: 2177280000, 1: 348364800, 2: 671846400, 3: 671846400, 4: 671846400, 5: 671846400, 6: 348364800, 7: 4180377600}, total: 9741772800
Check: Per Layer Total writes: {0: 435456000, 1: 348364800, 2: 223948800, 3: 223948800, 4: 223948800, 5: 223948800, 6: 348364800, 7: 1393459200}, 
 total: 3421440000
Level InRegister total WMOPs from per layer sum: 6,388,385,647.323
Level InRegister total WMOPs from total reads/writes: 6,388,385,647.323
End first part of update for level: InRegister



Questo mops è chiamato da update stats
Level: WRegister, arch bypasses for the level: ['in', 'out', 'int_in', 'int_out'], in_bp: 0, w_bp: 0, out_bp: 0, int_in_bp: 0, int_out_bp: 0
DEBUG updateStats pre scaling: Level WRegister:
  in_reads: 0
  per_layer_w_reads: {0: 5, 1: 1, 2: 3, 3: 3, 4: 3, 5: 3, 6: 1, 7: 6}
  per_layer_int_in_reads: {0: 0, 1: 0, 2: 0, 3: 0, 4: 0, 5: 0, 6: 0}
  per_layer_int_out_reads: {0: 0, 1: 0, 2: 0, 3: 0, 4: 0, 5: 0, 6: 0}
  per_layer_int_out_writes: {0: 0, 1: 0, 2: 0, 3: 0, 4: 0, 5: 0, 6: 0}
  out_reads: 0
  out_writes: 0
  out_reads_factors: 0
scale_per_layer[0]: 435456000, temporal_iterations_per_layer[0]: 518400, spatial_iterations_per_layer[0]: 840
DEBUG: results after scaling: Level WRegister: in_reads=0, w_reads=9741772800, int_in_reads=0, int_out_reads=0, int_out_writes=0, out_writes=0, out_reads=0, out_reads_factors=0
DEBUG: Level WRegister bypasses intermediate storage
DEBUG updateStats post scaling: Level WRegister:
  in_reads: 0
  per_layer_w_reads: {0: 2177280000, 1: 348364800, 2: 671846400, 3: 671846400, 4: 671846400, 5: 671846400, 6: 348364800, 7: 4180377600}
  w_reads: 9,741,772,800
  per_layer_int_in_reads: {0: 0, 1: 0, 2: 0, 3: 0, 4: 0, 5: 0, 6: 0}
  per_layer_int_in_writes: {0: 0, 1: 0, 2: 0, 3: 0, 4: 0, 5: 0, 6: 0}
  int_in_reads: 0
  per_layer_int_out_reads: {0: 0, 1: 0, 2: 0, 3: 0, 4: 0, 5: 0, 6: 0}
  per_layer_int_out_writes: {0: 0, 1: 0, 2: 0, 3: 0, 4: 0, 5: 0, 6: 0}
  int_out_reads: 0
  out_reads: 0
  out_writes: 0
  out_reads_factors: 0
in_writes: 0, w_writes: 18792, int_in_writes: 0, int_out_writes: 0, out_writes: 0
Name of the level: WRegister, level active instances per layer: {0: 840, 1: 672, 2: 432, 3: 432, 4: 432, 5: 432, 6: 672, 7: 1344}, level active instances: 17756284224279297392640
Level WRegister, Layer 0: total_reads = 2177280000, total_writes = 4200
Level WRegister, Layer 1: total_reads = 348364800, total_writes = 672
Level WRegister, Layer 2: total_reads = 671846400, total_writes = 1296
Level WRegister, Layer 3: total_reads = 671846400, total_writes = 1296
Level WRegister, Layer 4: total_reads = 671846400, total_writes = 1296
Level WRegister, Layer 5: total_reads = 671846400, total_writes = 1296
Level WRegister, Layer 6: total_reads = 348364800, total_writes = 672
DEBUG: Level WRegister, Layer 7, per_layer_int_in_reads6: 0, per_layer_w_reads7: 4180377600, out_reads: 0
Level WRegister, Layer 7: total_reads = 4180377600, total_writes = 8064
Check: Per Layer Total reads: {0: 2177280000, 1: 348364800, 2: 671846400, 3: 671846400, 4: 671846400, 5: 671846400, 6: 348364800, 7: 4180377600}, total: 9741772800
Check: Per Layer Total writes: {0: 4200, 1: 672, 2: 1296, 3: 1296, 4: 1296, 5: 1296, 6: 672, 7: 8064}, 
 total: 18792
Level WRegister total WMOPs from per layer sum: 24,788,997,255.408
Level WRegister total WMOPs from total reads/writes: 24,788,997,255.408
End first part of update for level: WRegister



Questo mops è chiamato da update stats
Level: IntermediateRegister, arch bypasses for the level: ['in', 'w', 'out', 'int_in'], in_bp: 0, w_bp: 0, out_bp: 0, int_in_bp: 0, int_out_bp: 0
DEBUG updateStats pre scaling: Level IntermediateRegister:
  in_reads: 0
  per_layer_w_reads: {0: 0, 1: 0, 2: 0, 3: 0, 4: 0, 5: 0, 6: 0, 7: 0}
  per_layer_int_in_reads: {0: 0, 1: 0, 2: 0, 3: 0, 4: 0, 5: 0, 6: 0}
  per_layer_int_out_reads: {0: 1, 1: 1, 2: 1, 3: 1, 4: 1, 5: 1, 6: 1}
  per_layer_int_out_writes: {0: 1, 1: 1, 2: 1, 3: 1, 4: 1, 5: 1, 6: 1}
  out_reads: 0
  out_writes: 0
  out_reads_factors: 0
scale_per_layer[0]: 2177280000, temporal_iterations_per_layer[0]: 2592000, spatial_iterations_per_layer[0]: 840
DEBUG: results after scaling: Level IntermediateRegister: in_reads=0, w_reads=0, int_in_reads=0, int_out_reads=5561395200, int_out_writes=5561395200, out_writes=0, out_reads=0, out_reads_factors=0
DEBUG updateStats post scaling: Level IntermediateRegister:
  in_reads: 0
  per_layer_w_reads: {0: 0, 1: 0, 2: 0, 3: 0, 4: 0, 5: 0, 6: 0, 7: 0}
  w_reads: 0
  per_layer_int_in_reads: {0: 0, 1: 0, 2: 0, 3: 0, 4: 0, 5: 0, 6: 0}
  per_layer_int_in_writes: {0: 0, 1: 0, 2: 0, 3: 0, 4: 0, 5: 0, 6: 0}
  int_in_reads: 0
  per_layer_int_out_reads: {0: 2612736000, 1: 696729600, 2: 895795200, 3: 895795200, 4: 895795200, 5: 895795200, 6: 696729600}
  per_layer_int_out_writes: {0: 2612736000, 1: 696729600, 2: 895795200, 3: 895795200, 4: 895795200, 5: 895795200, 6: 696729600}
  int_out_reads: 5,561,395,200
  out_reads: 0
  out_writes: 0
  out_reads_factors: 0
in_writes: 0, w_writes: 0, int_in_writes: 0, int_out_writes: 5561395200, out_writes: 0
Name of the level: IntermediateRegister, level active instances per layer: {0: 840, 1: 672, 2: 432, 3: 432, 4: 432, 5: 432, 6: 672, 7: 1344}, level active instances: 17756284224279297392640
Level IntermediateRegister, Layer 0: total_reads = 2612736000, total_writes = 2612736000
Level IntermediateRegister, Layer 1: total_reads = 696729600, total_writes = 696729600
Level IntermediateRegister, Layer 2: total_reads = 895795200, total_writes = 895795200
Level IntermediateRegister, Layer 3: total_reads = 895795200, total_writes = 895795200
Level IntermediateRegister, Layer 4: total_reads = 895795200, total_writes = 895795200
Level IntermediateRegister, Layer 5: total_reads = 895795200, total_writes = 895795200
Level IntermediateRegister, Layer 6: total_reads = 696729600, total_writes = 696729600
DEBUG: Level IntermediateRegister, Layer 7, per_layer_int_in_reads6: 0, per_layer_w_reads7: 0, out_reads: 0
Level IntermediateRegister, Layer 7: total_reads = 0, total_writes = 0
Check: Per Layer Total reads: {0: 2612736000, 1: 696729600, 2: 895795200, 3: 895795200, 4: 895795200, 5: 895795200, 6: 696729600, 7: 0}, total: 7589376000
Check: Per Layer Total writes: {0: 2612736000, 1: 696729600, 2: 895795200, 3: 895795200, 4: 895795200, 5: 895795200, 6: 696729600, 7: 0}, 
 total: 7589376000
Level IntermediateRegister total WMOPs from per layer sum: 30,221,939,205.518
Level IntermediateRegister total WMOPs from total reads/writes: 28,770,185,864.751
End first part of update for level: IntermediateRegister



Questo mops è chiamato da update stats
Level: OutRegister, arch bypasses for the level: ['in', 'w', 'int_in', 'int_out'], in_bp: 0, w_bp: 0, out_bp: 1, int_in_bp: 0, int_out_bp: 0
DEBUG updateStats pre scaling: Level OutRegister:
  in_reads: 0
  per_layer_w_reads: {0: 0, 1: 0, 2: 0, 3: 0, 4: 0, 5: 0, 6: 0, 7: 0}
  per_layer_int_in_reads: {0: 0, 1: 0, 2: 0, 3: 0, 4: 0, 5: 0, 6: 0}
  per_layer_int_out_reads: {0: 0, 1: 0, 2: 0, 3: 0, 4: 0, 5: 0, 6: 0}
  per_layer_int_out_writes: {0: 0, 1: 0, 2: 0, 3: 0, 4: 0, 5: 0, 6: 0}
  out_reads: 1
  out_writes: 1
  out_reads_factors: 1
scale_per_layer[0]: 2177280000, temporal_iterations_per_layer[0]: 2592000, spatial_iterations_per_layer[0]: 840
DEBUG: results after scaling: Level OutRegister: in_reads=0, w_reads=0, int_in_reads=0, int_out_reads=0, int_out_writes=0, out_writes=4180377600, out_reads=4180377600, out_reads_factors=6
DEBUG: Level OutRegister adjusted out_reads for no bias read: 3483648000
DEBUG: Level OutRegister bypasses intermediate storage
DEBUG updateStats post scaling: Level OutRegister:
  in_reads: 0
  per_layer_w_reads: {0: 0, 1: 0, 2: 0, 3: 0, 4: 0, 5: 0, 6: 0, 7: 0}
  w_reads: 0
  per_layer_int_in_reads: {0: 0, 1: 0, 2: 0, 3: 0, 4: 0, 5: 0, 6: 0}
  per_layer_int_in_writes: {0: 0, 1: 0, 2: 0, 3: 0, 4: 0, 5: 0, 6: 0}
  int_in_reads: 0
  per_layer_int_out_reads: {0: 0, 1: 0, 2: 0, 3: 0, 4: 0, 5: 0, 6: 0}
  per_layer_int_out_writes: {0: 0, 1: 0, 2: 0, 3: 0, 4: 0, 5: 0, 6: 0}
  int_out_reads: 0
  out_reads: 4,180,377,600
  out_writes: 4,180,377,600
  out_reads_factors: 6
in_writes: 0, w_writes: 0, int_in_writes: 0, int_out_writes: 0, out_writes: 4180377600
Name of the level: OutRegister, level active instances per layer: {0: 840, 1: 672, 2: 432, 3: 432, 4: 432, 5: 432, 6: 672, 7: 1344}, level active instances: 17756284224279297392640
Level OutRegister, Layer 0: total_reads = 0, total_writes = 0
Level OutRegister, Layer 1: total_reads = 0, total_writes = 0
Level OutRegister, Layer 2: total_reads = 0, total_writes = 0
Level OutRegister, Layer 3: total_reads = 0, total_writes = 0
Level OutRegister, Layer 4: total_reads = 0, total_writes = 0
Level OutRegister, Layer 5: total_reads = 0, total_writes = 0
Level OutRegister, Layer 6: total_reads = 0, total_writes = 0
DEBUG: Level OutRegister, Layer 7, per_layer_int_in_reads6: 0, per_layer_w_reads7: 0, out_reads: 4180377600
Level OutRegister, Layer 7: total_reads = 4180377600, total_writes = 4180377600
Check: Per Layer Total reads: {0: 0, 1: 0, 2: 0, 3: 0, 4: 0, 5: 0, 6: 0, 7: 4180377600}, total: 4180377600
Check: Per Layer Total writes: {0: 0, 1: 0, 2: 0, 3: 0, 4: 0, 5: 0, 6: 0, 7: 4180377600}, 
 total: 4180377600
Level OutRegister total WMOPs from per layer sum: 33,214,510,509.185
Level OutRegister total WMOPs from total reads/writes: 31,762,757,168.418
End first part of update for level: OutRegister



Calculating WMOPs for Compute Level
Compute Level Compute WMOPs_per_layer: {0: 7361180025.95251, 1: 1444722640.6899457, 2: 2293373070.324385, 3: 2293373070.324385, 4: 2293373070.324385, 5: 2293373070.324385, 6: 1450289403.3844934, 7: 14577527442.908457}
WMOPs_till_now before compute level: 33,214,510,509.185
Compute Level Compute total WMOPs from per layer sum: 34007211794.23295
Compute Level Compute total WMOPs: 1.831259413789411e+70
Total WMOPs after adding compute level: 67221722303.41789
END FIRST PART OF UPDATE STATS


First cc_per_tile, it is from compute = 1
First cc_per_tile_per_layer it is from compute = {0: 1, 1: 1, 2: 1, 3: 1, 4: 1, 5: 1, 6: 1, 7: 1}


Calculating Latency for Level: OutRegister

Latency for layer: 0 of Level: OutRegister
level.active_instances_per_layer[0]: 840
level.temporal_iterations_per_layer[0]: 2592000
Scaling per layer[0]: 2,177,280,000
Single Tile latency: cc_per_tile_per_layer[0]: 1
Ideal Case, Latency at this level without stalls: cc_per_all_tiles_per_layer[0]: 1
SCALED cc_per_all_tiles_per_layer[0]: 2,177,280,000
level.getReadPerLayer[0](): 0
  (For comparison - full reads including accumulation: 0)
ideal_bandwidth_read_per_layer[0]: 0.0
level.getDrainPerLayer[0](): 0
ideal_bandwidth_drain_per_layer[0]: 0.0
ideal_bandwidth_update_per_layer[0]: 0.0
  (For comparison - full updates including accumulation: 0)
level.getFillPerLayer[0](): 0
ideal_bandwidth_fill_per_layer[0]: 0.0

Latency for layer: 1 of Level: OutRegister
level.active_instances_per_layer[1]: 672
level.temporal_iterations_per_layer[1]: 518400
Scaling per layer[1]: 348,364,800
Single Tile latency: cc_per_tile_per_layer[1]: 1
Ideal Case, Latency at this level without stalls: cc_per_all_tiles_per_layer[1]: 1
SCALED cc_per_all_tiles_per_layer[1]: 348,364,800
level.getReadPerLayer[1](): 0
  (For comparison - full reads including accumulation: 0)
ideal_bandwidth_read_per_layer[1]: 0.0
level.getDrainPerLayer[1](): 0
ideal_bandwidth_drain_per_layer[1]: 0.0
ideal_bandwidth_update_per_layer[1]: 0.0
  (For comparison - full updates including accumulation: 0)
level.getFillPerLayer[1](): 0
ideal_bandwidth_fill_per_layer[1]: 0.0

Latency for layer: 2 of Level: OutRegister
level.active_instances_per_layer[2]: 432
level.temporal_iterations_per_layer[2]: 1555200
Scaling per layer[2]: 671,846,400
Single Tile latency: cc_per_tile_per_layer[2]: 1
Ideal Case, Latency at this level without stalls: cc_per_all_tiles_per_layer[2]: 1
SCALED cc_per_all_tiles_per_layer[2]: 671,846,400
level.getReadPerLayer[2](): 0
  (For comparison - full reads including accumulation: 0)
ideal_bandwidth_read_per_layer[2]: 0.0
level.getDrainPerLayer[2](): 0
ideal_bandwidth_drain_per_layer[2]: 0.0
ideal_bandwidth_update_per_layer[2]: 0.0
  (For comparison - full updates including accumulation: 0)
level.getFillPerLayer[2](): 0
ideal_bandwidth_fill_per_layer[2]: 0.0

Latency for layer: 3 of Level: OutRegister
level.active_instances_per_layer[3]: 432
level.temporal_iterations_per_layer[3]: 1555200
Scaling per layer[3]: 671,846,400
Single Tile latency: cc_per_tile_per_layer[3]: 1
Ideal Case, Latency at this level without stalls: cc_per_all_tiles_per_layer[3]: 1
SCALED cc_per_all_tiles_per_layer[3]: 671,846,400
level.getReadPerLayer[3](): 0
  (For comparison - full reads including accumulation: 0)
ideal_bandwidth_read_per_layer[3]: 0.0
level.getDrainPerLayer[3](): 0
ideal_bandwidth_drain_per_layer[3]: 0.0
ideal_bandwidth_update_per_layer[3]: 0.0
  (For comparison - full updates including accumulation: 0)
level.getFillPerLayer[3](): 0
ideal_bandwidth_fill_per_layer[3]: 0.0

Latency for layer: 4 of Level: OutRegister
level.active_instances_per_layer[4]: 432
level.temporal_iterations_per_layer[4]: 1555200
Scaling per layer[4]: 671,846,400
Single Tile latency: cc_per_tile_per_layer[4]: 1
Ideal Case, Latency at this level without stalls: cc_per_all_tiles_per_layer[4]: 1
SCALED cc_per_all_tiles_per_layer[4]: 671,846,400
level.getReadPerLayer[4](): 0
  (For comparison - full reads including accumulation: 0)
ideal_bandwidth_read_per_layer[4]: 0.0
level.getDrainPerLayer[4](): 0
ideal_bandwidth_drain_per_layer[4]: 0.0
ideal_bandwidth_update_per_layer[4]: 0.0
  (For comparison - full updates including accumulation: 0)
level.getFillPerLayer[4](): 0
ideal_bandwidth_fill_per_layer[4]: 0.0

Latency for layer: 5 of Level: OutRegister
level.active_instances_per_layer[5]: 432
level.temporal_iterations_per_layer[5]: 1555200
Scaling per layer[5]: 671,846,400
Single Tile latency: cc_per_tile_per_layer[5]: 1
Ideal Case, Latency at this level without stalls: cc_per_all_tiles_per_layer[5]: 1
SCALED cc_per_all_tiles_per_layer[5]: 671,846,400
level.getReadPerLayer[5](): 0
  (For comparison - full reads including accumulation: 0)
ideal_bandwidth_read_per_layer[5]: 0.0
level.getDrainPerLayer[5](): 0
ideal_bandwidth_drain_per_layer[5]: 0.0
ideal_bandwidth_update_per_layer[5]: 0.0
  (For comparison - full updates including accumulation: 0)
level.getFillPerLayer[5](): 0
ideal_bandwidth_fill_per_layer[5]: 0.0

Latency for layer: 6 of Level: OutRegister
level.active_instances_per_layer[6]: 672
level.temporal_iterations_per_layer[6]: 518400
Scaling per layer[6]: 348,364,800
Single Tile latency: cc_per_tile_per_layer[6]: 1
Ideal Case, Latency at this level without stalls: cc_per_all_tiles_per_layer[6]: 1
SCALED cc_per_all_tiles_per_layer[6]: 348,364,800
level.getReadPerLayer[6](): 0
  (For comparison - full reads including accumulation: 0)
ideal_bandwidth_read_per_layer[6]: 0.0
level.getDrainPerLayer[6](): 0
ideal_bandwidth_drain_per_layer[6]: 0.0
ideal_bandwidth_update_per_layer[6]: 0.0
  (For comparison - full updates including accumulation: 0)
level.getFillPerLayer[6](): 0
ideal_bandwidth_fill_per_layer[6]: 0.0

Latency for layer: 7 of Level: OutRegister
level.active_instances_per_layer[7]: 1344
level.temporal_iterations_per_layer[7]: 3110400
Scaling per layer[7]: 4,180,377,600
Single Tile latency: cc_per_tile_per_layer[7]: 1
Ideal Case, Latency at this level without stalls: cc_per_all_tiles_per_layer[7]: 1
SCALED cc_per_all_tiles_per_layer[7]: 4,180,377,600
level.getReadPerLayer[7](): 3,483,648,000
  (For comparison - full reads including accumulation: 3,483,648,000)
ideal_bandwidth_read_per_layer[7]: 0.8333333333333334
level.getDrainPerLayer[7](): 696,729,600
ideal_bandwidth_drain_per_layer[7]: 0.16666666666666666
ideal_bandwidth_update_per_layer[7]: 1.0
  (For comparison - full updates including accumulation: 4,180,377,600)
level.getFillPerLayer[7](): 0
ideal_bandwidth_fill_per_layer[7]: 0.0

Start of calculation of latency:


Layer_id: 0 in OutRegister

ideal_bandwidth_read_per_layer[0] + ideal_bandwidth_drain_per_layer[0]: 0.0 vs level.read_bandwidth: 2.0
I am in Compute Bound
cc_per_all_tiles_per_layer[0]: 1
STANDARD CASE latency_read_drain_per_layer[0]: 1

ideal_bandwidth_fill_per_layer[0] + ideal_bandwidth_update_per_layer[0]: 0.0 vs level.write_bandwidth: 2.0
previous_fanout_pe_to_pe_warmup: 0
STANDARD CASE latency_fill_update_per_layer[0]: 1


Layer_id: 1 in OutRegister

ideal_bandwidth_read_per_layer[1] + ideal_bandwidth_drain_per_layer[1]: 0.0 vs level.read_bandwidth: 2.0
I am in Compute Bound
cc_per_all_tiles_per_layer[1]: 1
STANDARD CASE latency_read_drain_per_layer[1]: 1

ideal_bandwidth_fill_per_layer[1] + ideal_bandwidth_update_per_layer[1]: 0.0 vs level.write_bandwidth: 2.0
previous_fanout_pe_to_pe_warmup: 0
STANDARD CASE latency_fill_update_per_layer[1]: 1


Layer_id: 2 in OutRegister

ideal_bandwidth_read_per_layer[2] + ideal_bandwidth_drain_per_layer[2]: 0.0 vs level.read_bandwidth: 2.0
I am in Compute Bound
cc_per_all_tiles_per_layer[2]: 1
STANDARD CASE latency_read_drain_per_layer[2]: 1

ideal_bandwidth_fill_per_layer[2] + ideal_bandwidth_update_per_layer[2]: 0.0 vs level.write_bandwidth: 2.0
previous_fanout_pe_to_pe_warmup: 0
STANDARD CASE latency_fill_update_per_layer[2]: 1


Layer_id: 3 in OutRegister

ideal_bandwidth_read_per_layer[3] + ideal_bandwidth_drain_per_layer[3]: 0.0 vs level.read_bandwidth: 2.0
I am in Compute Bound
cc_per_all_tiles_per_layer[3]: 1
STANDARD CASE latency_read_drain_per_layer[3]: 1

ideal_bandwidth_fill_per_layer[3] + ideal_bandwidth_update_per_layer[3]: 0.0 vs level.write_bandwidth: 2.0
previous_fanout_pe_to_pe_warmup: 0
STANDARD CASE latency_fill_update_per_layer[3]: 1


Layer_id: 4 in OutRegister

ideal_bandwidth_read_per_layer[4] + ideal_bandwidth_drain_per_layer[4]: 0.0 vs level.read_bandwidth: 2.0
I am in Compute Bound
cc_per_all_tiles_per_layer[4]: 1
STANDARD CASE latency_read_drain_per_layer[4]: 1

ideal_bandwidth_fill_per_layer[4] + ideal_bandwidth_update_per_layer[4]: 0.0 vs level.write_bandwidth: 2.0
previous_fanout_pe_to_pe_warmup: 0
STANDARD CASE latency_fill_update_per_layer[4]: 1


Layer_id: 5 in OutRegister

ideal_bandwidth_read_per_layer[5] + ideal_bandwidth_drain_per_layer[5]: 0.0 vs level.read_bandwidth: 2.0
I am in Compute Bound
cc_per_all_tiles_per_layer[5]: 1
STANDARD CASE latency_read_drain_per_layer[5]: 1

ideal_bandwidth_fill_per_layer[5] + ideal_bandwidth_update_per_layer[5]: 0.0 vs level.write_bandwidth: 2.0
previous_fanout_pe_to_pe_warmup: 0
STANDARD CASE latency_fill_update_per_layer[5]: 1


Layer_id: 6 in OutRegister

ideal_bandwidth_read_per_layer[6] + ideal_bandwidth_drain_per_layer[6]: 0.0 vs level.read_bandwidth: 2.0
I am in Compute Bound
cc_per_all_tiles_per_layer[6]: 1
STANDARD CASE latency_read_drain_per_layer[6]: 1

ideal_bandwidth_fill_per_layer[6] + ideal_bandwidth_update_per_layer[6]: 0.0 vs level.write_bandwidth: 2.0
previous_fanout_pe_to_pe_warmup: 0
STANDARD CASE latency_fill_update_per_layer[6]: 1


Layer_id: 7 in OutRegister

ideal_bandwidth_read_per_layer[7] + ideal_bandwidth_drain_per_layer[7]: 1.0 vs level.read_bandwidth: 2.0
I am in Compute Bound
cc_per_all_tiles_per_layer[7]: 1
STANDARD CASE latency_read_drain_per_layer[7]: 1

ideal_bandwidth_fill_per_layer[7] + ideal_bandwidth_update_per_layer[7]: 1.0 vs level.write_bandwidth: 2.0
previous_fanout_pe_to_pe_warmup: 0
STANDARD CASE latency_fill_update_per_layer[7]: 1

End of calculation of latency.

Calculating per tile final latency and stall for layer 0 in OutRegister: latency_read_drain_per_layer[0] = 1, latency_fill_update_per_layer[0] = 1
Final per tile latency_per_layer[0]: 1
Final per tile stall_cycles_per_layer[0]: 0
Ideal case: no stall introduced by this level per this layer: cc_per_all_tiles_per_layer[0]: 1
Calculating per tile final latency and stall for layer 1 in OutRegister: latency_read_drain_per_layer[1] = 1, latency_fill_update_per_layer[1] = 1
Final per tile latency_per_layer[1]: 1
Final per tile stall_cycles_per_layer[1]: 0
Ideal case: no stall introduced by this level per this layer: cc_per_all_tiles_per_layer[1]: 1
Calculating per tile final latency and stall for layer 2 in OutRegister: latency_read_drain_per_layer[2] = 1, latency_fill_update_per_layer[2] = 1
Final per tile latency_per_layer[2]: 1
Final per tile stall_cycles_per_layer[2]: 0
Ideal case: no stall introduced by this level per this layer: cc_per_all_tiles_per_layer[2]: 1
Calculating per tile final latency and stall for layer 3 in OutRegister: latency_read_drain_per_layer[3] = 1, latency_fill_update_per_layer[3] = 1
Final per tile latency_per_layer[3]: 1
Final per tile stall_cycles_per_layer[3]: 0
Ideal case: no stall introduced by this level per this layer: cc_per_all_tiles_per_layer[3]: 1
Calculating per tile final latency and stall for layer 4 in OutRegister: latency_read_drain_per_layer[4] = 1, latency_fill_update_per_layer[4] = 1
Final per tile latency_per_layer[4]: 1
Final per tile stall_cycles_per_layer[4]: 0
Ideal case: no stall introduced by this level per this layer: cc_per_all_tiles_per_layer[4]: 1
Calculating per tile final latency and stall for layer 5 in OutRegister: latency_read_drain_per_layer[5] = 1, latency_fill_update_per_layer[5] = 1
Final per tile latency_per_layer[5]: 1
Final per tile stall_cycles_per_layer[5]: 0
Ideal case: no stall introduced by this level per this layer: cc_per_all_tiles_per_layer[5]: 1
Calculating per tile final latency and stall for layer 6 in OutRegister: latency_read_drain_per_layer[6] = 1, latency_fill_update_per_layer[6] = 1
Final per tile latency_per_layer[6]: 1
Final per tile stall_cycles_per_layer[6]: 0
Ideal case: no stall introduced by this level per this layer: cc_per_all_tiles_per_layer[6]: 1
Calculating per tile final latency and stall for layer 7 in OutRegister: latency_read_drain_per_layer[7] = 1, latency_fill_update_per_layer[7] = 1
Final per tile latency_per_layer[7]: 1
Final per tile stall_cycles_per_layer[7]: 0
Ideal case: no stall introduced by this level per this layer: cc_per_all_tiles_per_layer[7]: 1


Calculating Latency for Level: IntermediateRegister

Latency for layer: 0 of Level: IntermediateRegister
level.active_instances_per_layer[0]: 840
level.temporal_iterations_per_layer[0]: 2592000
Scaling per layer[0]: 2,177,280,000
Single Tile latency: cc_per_tile_per_layer[0]: 1
Ideal Case, Latency at this level without stalls: cc_per_all_tiles_per_layer[0]: 1
SCALED cc_per_all_tiles_per_layer[0]: 2,177,280,000
level.getReadPerLayer[0](): 2,612,736,000
  (For comparison - full reads including accumulation: 2,612,736,000)
ideal_bandwidth_read_per_layer[0]: 1.2
level.getDrainPerLayer[0](): 435,456,000
ideal_bandwidth_drain_per_layer[0]: 0.2
ideal_bandwidth_update_per_layer[0]: 1.0
  (For comparison - full updates including accumulation: 2,177,280,000)
level.getFillPerLayer[0](): 435,456,000
ideal_bandwidth_fill_per_layer[0]: 0.2

Latency for layer: 1 of Level: IntermediateRegister
level.active_instances_per_layer[1]: 672
level.temporal_iterations_per_layer[1]: 518400
Scaling per layer[1]: 348,364,800
Single Tile latency: cc_per_tile_per_layer[1]: 1
Ideal Case, Latency at this level without stalls: cc_per_all_tiles_per_layer[1]: 1
SCALED cc_per_all_tiles_per_layer[1]: 348,364,800
level.getReadPerLayer[1](): 348,364,800
  (For comparison - full reads including accumulation: 348,364,800)
ideal_bandwidth_read_per_layer[1]: 1.0
level.getDrainPerLayer[1](): 348,364,800
ideal_bandwidth_drain_per_layer[1]: 1.0
ideal_bandwidth_update_per_layer[1]: 1.0
  (For comparison - full updates including accumulation: 348,364,800)
level.getFillPerLayer[1](): 348,364,800
ideal_bandwidth_fill_per_layer[1]: 1.0

Latency for layer: 2 of Level: IntermediateRegister
level.active_instances_per_layer[2]: 432
level.temporal_iterations_per_layer[2]: 1555200
Scaling per layer[2]: 671,846,400
Single Tile latency: cc_per_tile_per_layer[2]: 1
Ideal Case, Latency at this level without stalls: cc_per_all_tiles_per_layer[2]: 1
SCALED cc_per_all_tiles_per_layer[2]: 671,846,400
level.getReadPerLayer[2](): 671,846,400
  (For comparison - full reads including accumulation: 671,846,400)
ideal_bandwidth_read_per_layer[2]: 1.0
level.getDrainPerLayer[2](): 223,948,800
ideal_bandwidth_drain_per_layer[2]: 0.3333333333333333
ideal_bandwidth_update_per_layer[2]: 1.0
  (For comparison - full updates including accumulation: 671,846,400)
level.getFillPerLayer[2](): 223,948,800
ideal_bandwidth_fill_per_layer[2]: 0.3333333333333333

Latency for layer: 3 of Level: IntermediateRegister
level.active_instances_per_layer[3]: 432
level.temporal_iterations_per_layer[3]: 1555200
Scaling per layer[3]: 671,846,400
Single Tile latency: cc_per_tile_per_layer[3]: 1
Ideal Case, Latency at this level without stalls: cc_per_all_tiles_per_layer[3]: 1
SCALED cc_per_all_tiles_per_layer[3]: 671,846,400
level.getReadPerLayer[3](): 671,846,400
  (For comparison - full reads including accumulation: 671,846,400)
ideal_bandwidth_read_per_layer[3]: 1.0
level.getDrainPerLayer[3](): 223,948,800
ideal_bandwidth_drain_per_layer[3]: 0.3333333333333333
ideal_bandwidth_update_per_layer[3]: 1.0
  (For comparison - full updates including accumulation: 671,846,400)
level.getFillPerLayer[3](): 223,948,800
ideal_bandwidth_fill_per_layer[3]: 0.3333333333333333

Latency for layer: 4 of Level: IntermediateRegister
level.active_instances_per_layer[4]: 432
level.temporal_iterations_per_layer[4]: 1555200
Scaling per layer[4]: 671,846,400
Single Tile latency: cc_per_tile_per_layer[4]: 1
Ideal Case, Latency at this level without stalls: cc_per_all_tiles_per_layer[4]: 1
SCALED cc_per_all_tiles_per_layer[4]: 671,846,400
level.getReadPerLayer[4](): 671,846,400
  (For comparison - full reads including accumulation: 671,846,400)
ideal_bandwidth_read_per_layer[4]: 1.0
level.getDrainPerLayer[4](): 223,948,800
ideal_bandwidth_drain_per_layer[4]: 0.3333333333333333
ideal_bandwidth_update_per_layer[4]: 1.0
  (For comparison - full updates including accumulation: 671,846,400)
level.getFillPerLayer[4](): 223,948,800
ideal_bandwidth_fill_per_layer[4]: 0.3333333333333333

Latency for layer: 5 of Level: IntermediateRegister
level.active_instances_per_layer[5]: 432
level.temporal_iterations_per_layer[5]: 1555200
Scaling per layer[5]: 671,846,400
Single Tile latency: cc_per_tile_per_layer[5]: 1
Ideal Case, Latency at this level without stalls: cc_per_all_tiles_per_layer[5]: 1
SCALED cc_per_all_tiles_per_layer[5]: 671,846,400
level.getReadPerLayer[5](): 671,846,400
  (For comparison - full reads including accumulation: 671,846,400)
ideal_bandwidth_read_per_layer[5]: 1.0
level.getDrainPerLayer[5](): 223,948,800
ideal_bandwidth_drain_per_layer[5]: 0.3333333333333333
ideal_bandwidth_update_per_layer[5]: 1.0
  (For comparison - full updates including accumulation: 671,846,400)
level.getFillPerLayer[5](): 223,948,800
ideal_bandwidth_fill_per_layer[5]: 0.3333333333333333

Latency for layer: 6 of Level: IntermediateRegister
level.active_instances_per_layer[6]: 672
level.temporal_iterations_per_layer[6]: 518400
Scaling per layer[6]: 348,364,800
Single Tile latency: cc_per_tile_per_layer[6]: 1
Ideal Case, Latency at this level without stalls: cc_per_all_tiles_per_layer[6]: 1
SCALED cc_per_all_tiles_per_layer[6]: 348,364,800
level.getReadPerLayer[6](): 348,364,800
  (For comparison - full reads including accumulation: 348,364,800)
ideal_bandwidth_read_per_layer[6]: 1.0
level.getDrainPerLayer[6](): 348,364,800
ideal_bandwidth_drain_per_layer[6]: 1.0
ideal_bandwidth_update_per_layer[6]: 1.0
  (For comparison - full updates including accumulation: 348,364,800)
level.getFillPerLayer[6](): 348,364,800
ideal_bandwidth_fill_per_layer[6]: 1.0

Latency for layer: 7 of Level: IntermediateRegister
level.active_instances_per_layer[7]: 1344
level.temporal_iterations_per_layer[7]: 3110400
Scaling per layer[7]: 4,180,377,600
Single Tile latency: cc_per_tile_per_layer[7]: 1
Ideal Case, Latency at this level without stalls: cc_per_all_tiles_per_layer[7]: 1
SCALED cc_per_all_tiles_per_layer[7]: 4,180,377,600
level.getReadPerLayer[7](): 0
  (For comparison - full reads including accumulation: 0)
ideal_bandwidth_read_per_layer[7]: 0.0
level.getDrainPerLayer[7](): 0
ideal_bandwidth_drain_per_layer[7]: 0.0
ideal_bandwidth_update_per_layer[7]: 0.0
  (For comparison - full updates including accumulation: 0)
level.getFillPerLayer[7](): 0
ideal_bandwidth_fill_per_layer[7]: 0.0

Start of calculation of latency:


Layer_id: 0 in IntermediateRegister

ideal_bandwidth_read_per_layer[0] + ideal_bandwidth_drain_per_layer[0]: 1.4 vs level.read_bandwidth: 2.0
I am in Compute Bound
cc_per_all_tiles_per_layer[0]: 1
STANDARD CASE latency_read_drain_per_layer[0]: 1

ideal_bandwidth_fill_per_layer[0] + ideal_bandwidth_update_per_layer[0]: 1.2 vs level.write_bandwidth: 2.0
previous_fanout_pe_to_pe_warmup: 0
STANDARD CASE latency_fill_update_per_layer[0]: 1


Layer_id: 1 in IntermediateRegister

ideal_bandwidth_read_per_layer[1] + ideal_bandwidth_drain_per_layer[1]: 2.0 vs level.read_bandwidth: 2.0
I am in Compute Bound
cc_per_all_tiles_per_layer[1]: 1
STANDARD CASE latency_read_drain_per_layer[1]: 1

ideal_bandwidth_fill_per_layer[1] + ideal_bandwidth_update_per_layer[1]: 2.0 vs level.write_bandwidth: 2.0
previous_fanout_pe_to_pe_warmup: 0
STANDARD CASE latency_fill_update_per_layer[1]: 1


Layer_id: 2 in IntermediateRegister

ideal_bandwidth_read_per_layer[2] + ideal_bandwidth_drain_per_layer[2]: 1.3333333333333333 vs level.read_bandwidth: 2.0
I am in Compute Bound
cc_per_all_tiles_per_layer[2]: 1
STANDARD CASE latency_read_drain_per_layer[2]: 1

ideal_bandwidth_fill_per_layer[2] + ideal_bandwidth_update_per_layer[2]: 1.3333333333333333 vs level.write_bandwidth: 2.0
previous_fanout_pe_to_pe_warmup: 0
STANDARD CASE latency_fill_update_per_layer[2]: 1


Layer_id: 3 in IntermediateRegister

ideal_bandwidth_read_per_layer[3] + ideal_bandwidth_drain_per_layer[3]: 1.3333333333333333 vs level.read_bandwidth: 2.0
I am in Compute Bound
cc_per_all_tiles_per_layer[3]: 1
STANDARD CASE latency_read_drain_per_layer[3]: 1

ideal_bandwidth_fill_per_layer[3] + ideal_bandwidth_update_per_layer[3]: 1.3333333333333333 vs level.write_bandwidth: 2.0
previous_fanout_pe_to_pe_warmup: 0
STANDARD CASE latency_fill_update_per_layer[3]: 1


Layer_id: 4 in IntermediateRegister

ideal_bandwidth_read_per_layer[4] + ideal_bandwidth_drain_per_layer[4]: 1.3333333333333333 vs level.read_bandwidth: 2.0
I am in Compute Bound
cc_per_all_tiles_per_layer[4]: 1
STANDARD CASE latency_read_drain_per_layer[4]: 1

ideal_bandwidth_fill_per_layer[4] + ideal_bandwidth_update_per_layer[4]: 1.3333333333333333 vs level.write_bandwidth: 2.0
previous_fanout_pe_to_pe_warmup: 0
STANDARD CASE latency_fill_update_per_layer[4]: 1


Layer_id: 5 in IntermediateRegister

ideal_bandwidth_read_per_layer[5] + ideal_bandwidth_drain_per_layer[5]: 1.3333333333333333 vs level.read_bandwidth: 2.0
I am in Compute Bound
cc_per_all_tiles_per_layer[5]: 1
STANDARD CASE latency_read_drain_per_layer[5]: 1

ideal_bandwidth_fill_per_layer[5] + ideal_bandwidth_update_per_layer[5]: 1.3333333333333333 vs level.write_bandwidth: 2.0
previous_fanout_pe_to_pe_warmup: 0
STANDARD CASE latency_fill_update_per_layer[5]: 1


Layer_id: 6 in IntermediateRegister

ideal_bandwidth_read_per_layer[6] + ideal_bandwidth_drain_per_layer[6]: 2.0 vs level.read_bandwidth: 2.0
I am in Compute Bound
cc_per_all_tiles_per_layer[6]: 1
STANDARD CASE latency_read_drain_per_layer[6]: 1

ideal_bandwidth_fill_per_layer[6] + ideal_bandwidth_update_per_layer[6]: 2.0 vs level.write_bandwidth: 2.0
previous_fanout_pe_to_pe_warmup: 0
STANDARD CASE latency_fill_update_per_layer[6]: 1


Layer_id: 7 in IntermediateRegister

ideal_bandwidth_read_per_layer[7] + ideal_bandwidth_drain_per_layer[7]: 0.0 vs level.read_bandwidth: 2.0
I am in Compute Bound
cc_per_all_tiles_per_layer[7]: 1
STANDARD CASE latency_read_drain_per_layer[7]: 1

ideal_bandwidth_fill_per_layer[7] + ideal_bandwidth_update_per_layer[7]: 0.0 vs level.write_bandwidth: 2.0
previous_fanout_pe_to_pe_warmup: 0
STANDARD CASE latency_fill_update_per_layer[7]: 1

End of calculation of latency.

Calculating per tile final latency and stall for layer 0 in IntermediateRegister: latency_read_drain_per_layer[0] = 1, latency_fill_update_per_layer[0] = 1
Final per tile latency_per_layer[0]: 1
Final per tile stall_cycles_per_layer[0]: 0
Ideal case: no stall introduced by this level per this layer: cc_per_all_tiles_per_layer[0]: 1
Calculating per tile final latency and stall for layer 1 in IntermediateRegister: latency_read_drain_per_layer[1] = 1, latency_fill_update_per_layer[1] = 1
Final per tile latency_per_layer[1]: 1
Final per tile stall_cycles_per_layer[1]: 0
Ideal case: no stall introduced by this level per this layer: cc_per_all_tiles_per_layer[1]: 1
Calculating per tile final latency and stall for layer 2 in IntermediateRegister: latency_read_drain_per_layer[2] = 1, latency_fill_update_per_layer[2] = 1
Final per tile latency_per_layer[2]: 1
Final per tile stall_cycles_per_layer[2]: 0
Ideal case: no stall introduced by this level per this layer: cc_per_all_tiles_per_layer[2]: 1
Calculating per tile final latency and stall for layer 3 in IntermediateRegister: latency_read_drain_per_layer[3] = 1, latency_fill_update_per_layer[3] = 1
Final per tile latency_per_layer[3]: 1
Final per tile stall_cycles_per_layer[3]: 0
Ideal case: no stall introduced by this level per this layer: cc_per_all_tiles_per_layer[3]: 1
Calculating per tile final latency and stall for layer 4 in IntermediateRegister: latency_read_drain_per_layer[4] = 1, latency_fill_update_per_layer[4] = 1
Final per tile latency_per_layer[4]: 1
Final per tile stall_cycles_per_layer[4]: 0
Ideal case: no stall introduced by this level per this layer: cc_per_all_tiles_per_layer[4]: 1
Calculating per tile final latency and stall for layer 5 in IntermediateRegister: latency_read_drain_per_layer[5] = 1, latency_fill_update_per_layer[5] = 1
Final per tile latency_per_layer[5]: 1
Final per tile stall_cycles_per_layer[5]: 0
Ideal case: no stall introduced by this level per this layer: cc_per_all_tiles_per_layer[5]: 1
Calculating per tile final latency and stall for layer 6 in IntermediateRegister: latency_read_drain_per_layer[6] = 1, latency_fill_update_per_layer[6] = 1
Final per tile latency_per_layer[6]: 1
Final per tile stall_cycles_per_layer[6]: 0
Ideal case: no stall introduced by this level per this layer: cc_per_all_tiles_per_layer[6]: 1
Calculating per tile final latency and stall for layer 7 in IntermediateRegister: latency_read_drain_per_layer[7] = 1, latency_fill_update_per_layer[7] = 1
Final per tile latency_per_layer[7]: 1
Final per tile stall_cycles_per_layer[7]: 0
Ideal case: no stall introduced by this level per this layer: cc_per_all_tiles_per_layer[7]: 1


Calculating Latency for Level: WRegister

Latency for layer: 0 of Level: WRegister
level.active_instances_per_layer[0]: 840
level.temporal_iterations_per_layer[0]: 518400
Scaling per layer[0]: 435,456,000
Single Tile latency: cc_per_tile_per_layer[0]: 1
Ideal Case, Latency at this level without stalls: cc_per_all_tiles_per_layer[0]: 5
SCALED cc_per_all_tiles_per_layer[0]: 2,177,280,000
level.getReadPerLayer[0](): 2,177,280,000
  (For comparison - full reads including accumulation: 2,177,280,000)
ideal_bandwidth_read_per_layer[0]: 1.0
level.getDrainPerLayer[0](): 0
ideal_bandwidth_drain_per_layer[0]: 0.0
ideal_bandwidth_update_per_layer[0]: 0.0
  (For comparison - full updates including accumulation: 0)
level.getFillPerLayer[0](): 4,200
ideal_bandwidth_fill_per_layer[0]: 1.9290123456790124e-06

Latency for layer: 1 of Level: WRegister
level.active_instances_per_layer[1]: 672
level.temporal_iterations_per_layer[1]: 518400
Scaling per layer[1]: 348,364,800
Single Tile latency: cc_per_tile_per_layer[1]: 1
Ideal Case, Latency at this level without stalls: cc_per_all_tiles_per_layer[1]: 1
SCALED cc_per_all_tiles_per_layer[1]: 348,364,800
level.getReadPerLayer[1](): 348,364,800
  (For comparison - full reads including accumulation: 348,364,800)
ideal_bandwidth_read_per_layer[1]: 1.0
level.getDrainPerLayer[1](): 0
ideal_bandwidth_drain_per_layer[1]: 0.0
ideal_bandwidth_update_per_layer[1]: 0.0
  (For comparison - full updates including accumulation: 0)
level.getFillPerLayer[1](): 672
ideal_bandwidth_fill_per_layer[1]: 1.9290123456790124e-06

Latency for layer: 2 of Level: WRegister
level.active_instances_per_layer[2]: 432
level.temporal_iterations_per_layer[2]: 518400
Scaling per layer[2]: 223,948,800
Single Tile latency: cc_per_tile_per_layer[2]: 1
Ideal Case, Latency at this level without stalls: cc_per_all_tiles_per_layer[2]: 3
SCALED cc_per_all_tiles_per_layer[2]: 671,846,400
level.getReadPerLayer[2](): 671,846,400
  (For comparison - full reads including accumulation: 671,846,400)
ideal_bandwidth_read_per_layer[2]: 1.0
level.getDrainPerLayer[2](): 0
ideal_bandwidth_drain_per_layer[2]: 0.0
ideal_bandwidth_update_per_layer[2]: 0.0
  (For comparison - full updates including accumulation: 0)
level.getFillPerLayer[2](): 1,296
ideal_bandwidth_fill_per_layer[2]: 1.9290123456790124e-06

Latency for layer: 3 of Level: WRegister
level.active_instances_per_layer[3]: 432
level.temporal_iterations_per_layer[3]: 518400
Scaling per layer[3]: 223,948,800
Single Tile latency: cc_per_tile_per_layer[3]: 1
Ideal Case, Latency at this level without stalls: cc_per_all_tiles_per_layer[3]: 3
SCALED cc_per_all_tiles_per_layer[3]: 671,846,400
level.getReadPerLayer[3](): 671,846,400
  (For comparison - full reads including accumulation: 671,846,400)
ideal_bandwidth_read_per_layer[3]: 1.0
level.getDrainPerLayer[3](): 0
ideal_bandwidth_drain_per_layer[3]: 0.0
ideal_bandwidth_update_per_layer[3]: 0.0
  (For comparison - full updates including accumulation: 0)
level.getFillPerLayer[3](): 1,296
ideal_bandwidth_fill_per_layer[3]: 1.9290123456790124e-06

Latency for layer: 4 of Level: WRegister
level.active_instances_per_layer[4]: 432
level.temporal_iterations_per_layer[4]: 518400
Scaling per layer[4]: 223,948,800
Single Tile latency: cc_per_tile_per_layer[4]: 1
Ideal Case, Latency at this level without stalls: cc_per_all_tiles_per_layer[4]: 3
SCALED cc_per_all_tiles_per_layer[4]: 671,846,400
level.getReadPerLayer[4](): 671,846,400
  (For comparison - full reads including accumulation: 671,846,400)
ideal_bandwidth_read_per_layer[4]: 1.0
level.getDrainPerLayer[4](): 0
ideal_bandwidth_drain_per_layer[4]: 0.0
ideal_bandwidth_update_per_layer[4]: 0.0
  (For comparison - full updates including accumulation: 0)
level.getFillPerLayer[4](): 1,296
ideal_bandwidth_fill_per_layer[4]: 1.9290123456790124e-06

Latency for layer: 5 of Level: WRegister
level.active_instances_per_layer[5]: 432
level.temporal_iterations_per_layer[5]: 518400
Scaling per layer[5]: 223,948,800
Single Tile latency: cc_per_tile_per_layer[5]: 1
Ideal Case, Latency at this level without stalls: cc_per_all_tiles_per_layer[5]: 3
SCALED cc_per_all_tiles_per_layer[5]: 671,846,400
level.getReadPerLayer[5](): 671,846,400
  (For comparison - full reads including accumulation: 671,846,400)
ideal_bandwidth_read_per_layer[5]: 1.0
level.getDrainPerLayer[5](): 0
ideal_bandwidth_drain_per_layer[5]: 0.0
ideal_bandwidth_update_per_layer[5]: 0.0
  (For comparison - full updates including accumulation: 0)
level.getFillPerLayer[5](): 1,296
ideal_bandwidth_fill_per_layer[5]: 1.9290123456790124e-06

Latency for layer: 6 of Level: WRegister
level.active_instances_per_layer[6]: 672
level.temporal_iterations_per_layer[6]: 518400
Scaling per layer[6]: 348,364,800
Single Tile latency: cc_per_tile_per_layer[6]: 1
Ideal Case, Latency at this level without stalls: cc_per_all_tiles_per_layer[6]: 1
SCALED cc_per_all_tiles_per_layer[6]: 348,364,800
level.getReadPerLayer[6](): 348,364,800
  (For comparison - full reads including accumulation: 348,364,800)
ideal_bandwidth_read_per_layer[6]: 1.0
level.getDrainPerLayer[6](): 0
ideal_bandwidth_drain_per_layer[6]: 0.0
ideal_bandwidth_update_per_layer[6]: 0.0
  (For comparison - full updates including accumulation: 0)
level.getFillPerLayer[6](): 672
ideal_bandwidth_fill_per_layer[6]: 1.9290123456790124e-06

Latency for layer: 7 of Level: WRegister
level.active_instances_per_layer[7]: 1344
level.temporal_iterations_per_layer[7]: 518400
Scaling per layer[7]: 696,729,600
Single Tile latency: cc_per_tile_per_layer[7]: 1
Ideal Case, Latency at this level without stalls: cc_per_all_tiles_per_layer[7]: 6
SCALED cc_per_all_tiles_per_layer[7]: 4,180,377,600
level.getReadPerLayer[7](): 4,180,377,600
  (For comparison - full reads including accumulation: 4,180,377,600)
ideal_bandwidth_read_per_layer[7]: 1.0
level.getDrainPerLayer[7](): 0
ideal_bandwidth_drain_per_layer[7]: 0.0
ideal_bandwidth_update_per_layer[7]: 0.0
  (For comparison - full updates including accumulation: 0)
level.getFillPerLayer[7](): 8,064
ideal_bandwidth_fill_per_layer[7]: 1.9290123456790124e-06

Start of calculation of latency:


Layer_id: 0 in WRegister

ideal_bandwidth_read_per_layer[0] + ideal_bandwidth_drain_per_layer[0]: 1.0 vs level.read_bandwidth: 2.0
I am in Compute Bound
cc_per_all_tiles_per_layer[0]: 5
STANDARD CASE latency_read_drain_per_layer[0]: 5

ideal_bandwidth_fill_per_layer[0] + ideal_bandwidth_update_per_layer[0]: 1.9290123456790124e-06 vs level.write_bandwidth: 2.0
previous_fanout_pe_to_pe_warmup: 0
STANDARD CASE latency_fill_update_per_layer[0]: 5


Layer_id: 1 in WRegister

ideal_bandwidth_read_per_layer[1] + ideal_bandwidth_drain_per_layer[1]: 1.0 vs level.read_bandwidth: 2.0
I am in Compute Bound
cc_per_all_tiles_per_layer[1]: 1
STANDARD CASE latency_read_drain_per_layer[1]: 1

ideal_bandwidth_fill_per_layer[1] + ideal_bandwidth_update_per_layer[1]: 1.9290123456790124e-06 vs level.write_bandwidth: 2.0
previous_fanout_pe_to_pe_warmup: 0
STANDARD CASE latency_fill_update_per_layer[1]: 1


Layer_id: 2 in WRegister

ideal_bandwidth_read_per_layer[2] + ideal_bandwidth_drain_per_layer[2]: 1.0 vs level.read_bandwidth: 2.0
I am in Compute Bound
cc_per_all_tiles_per_layer[2]: 3
STANDARD CASE latency_read_drain_per_layer[2]: 3

ideal_bandwidth_fill_per_layer[2] + ideal_bandwidth_update_per_layer[2]: 1.9290123456790124e-06 vs level.write_bandwidth: 2.0
previous_fanout_pe_to_pe_warmup: 0
STANDARD CASE latency_fill_update_per_layer[2]: 3


Layer_id: 3 in WRegister

ideal_bandwidth_read_per_layer[3] + ideal_bandwidth_drain_per_layer[3]: 1.0 vs level.read_bandwidth: 2.0
I am in Compute Bound
cc_per_all_tiles_per_layer[3]: 3
STANDARD CASE latency_read_drain_per_layer[3]: 3

ideal_bandwidth_fill_per_layer[3] + ideal_bandwidth_update_per_layer[3]: 1.9290123456790124e-06 vs level.write_bandwidth: 2.0
previous_fanout_pe_to_pe_warmup: 0
STANDARD CASE latency_fill_update_per_layer[3]: 3


Layer_id: 4 in WRegister

ideal_bandwidth_read_per_layer[4] + ideal_bandwidth_drain_per_layer[4]: 1.0 vs level.read_bandwidth: 2.0
I am in Compute Bound
cc_per_all_tiles_per_layer[4]: 3
STANDARD CASE latency_read_drain_per_layer[4]: 3

ideal_bandwidth_fill_per_layer[4] + ideal_bandwidth_update_per_layer[4]: 1.9290123456790124e-06 vs level.write_bandwidth: 2.0
previous_fanout_pe_to_pe_warmup: 0
STANDARD CASE latency_fill_update_per_layer[4]: 3


Layer_id: 5 in WRegister

ideal_bandwidth_read_per_layer[5] + ideal_bandwidth_drain_per_layer[5]: 1.0 vs level.read_bandwidth: 2.0
I am in Compute Bound
cc_per_all_tiles_per_layer[5]: 3
STANDARD CASE latency_read_drain_per_layer[5]: 3

ideal_bandwidth_fill_per_layer[5] + ideal_bandwidth_update_per_layer[5]: 1.9290123456790124e-06 vs level.write_bandwidth: 2.0
previous_fanout_pe_to_pe_warmup: 0
STANDARD CASE latency_fill_update_per_layer[5]: 3


Layer_id: 6 in WRegister

ideal_bandwidth_read_per_layer[6] + ideal_bandwidth_drain_per_layer[6]: 1.0 vs level.read_bandwidth: 2.0
I am in Compute Bound
cc_per_all_tiles_per_layer[6]: 1
STANDARD CASE latency_read_drain_per_layer[6]: 1

ideal_bandwidth_fill_per_layer[6] + ideal_bandwidth_update_per_layer[6]: 1.9290123456790124e-06 vs level.write_bandwidth: 2.0
previous_fanout_pe_to_pe_warmup: 0
STANDARD CASE latency_fill_update_per_layer[6]: 1


Layer_id: 7 in WRegister

ideal_bandwidth_read_per_layer[7] + ideal_bandwidth_drain_per_layer[7]: 1.0 vs level.read_bandwidth: 2.0
I am in Compute Bound
cc_per_all_tiles_per_layer[7]: 6
STANDARD CASE latency_read_drain_per_layer[7]: 6

ideal_bandwidth_fill_per_layer[7] + ideal_bandwidth_update_per_layer[7]: 1.9290123456790124e-06 vs level.write_bandwidth: 2.0
previous_fanout_pe_to_pe_warmup: 0
STANDARD CASE latency_fill_update_per_layer[7]: 6

End of calculation of latency.

Calculating per tile final latency and stall for layer 0 in WRegister: latency_read_drain_per_layer[0] = 5, latency_fill_update_per_layer[0] = 5
Final per tile latency_per_layer[0]: 5
Final per tile stall_cycles_per_layer[0]: 0
Ideal case: no stall introduced by this level per this layer: cc_per_all_tiles_per_layer[0]: 5
Calculating per tile final latency and stall for layer 1 in WRegister: latency_read_drain_per_layer[1] = 1, latency_fill_update_per_layer[1] = 1
Final per tile latency_per_layer[1]: 1
Final per tile stall_cycles_per_layer[1]: 0
Ideal case: no stall introduced by this level per this layer: cc_per_all_tiles_per_layer[1]: 1
Calculating per tile final latency and stall for layer 2 in WRegister: latency_read_drain_per_layer[2] = 3, latency_fill_update_per_layer[2] = 3
Final per tile latency_per_layer[2]: 3
Final per tile stall_cycles_per_layer[2]: 0
Ideal case: no stall introduced by this level per this layer: cc_per_all_tiles_per_layer[2]: 3
Calculating per tile final latency and stall for layer 3 in WRegister: latency_read_drain_per_layer[3] = 3, latency_fill_update_per_layer[3] = 3
Final per tile latency_per_layer[3]: 3
Final per tile stall_cycles_per_layer[3]: 0
Ideal case: no stall introduced by this level per this layer: cc_per_all_tiles_per_layer[3]: 3
Calculating per tile final latency and stall for layer 4 in WRegister: latency_read_drain_per_layer[4] = 3, latency_fill_update_per_layer[4] = 3
Final per tile latency_per_layer[4]: 3
Final per tile stall_cycles_per_layer[4]: 0
Ideal case: no stall introduced by this level per this layer: cc_per_all_tiles_per_layer[4]: 3
Calculating per tile final latency and stall for layer 5 in WRegister: latency_read_drain_per_layer[5] = 3, latency_fill_update_per_layer[5] = 3
Final per tile latency_per_layer[5]: 3
Final per tile stall_cycles_per_layer[5]: 0
Ideal case: no stall introduced by this level per this layer: cc_per_all_tiles_per_layer[5]: 3
Calculating per tile final latency and stall for layer 6 in WRegister: latency_read_drain_per_layer[6] = 1, latency_fill_update_per_layer[6] = 1
Final per tile latency_per_layer[6]: 1
Final per tile stall_cycles_per_layer[6]: 0
Ideal case: no stall introduced by this level per this layer: cc_per_all_tiles_per_layer[6]: 1
Calculating per tile final latency and stall for layer 7 in WRegister: latency_read_drain_per_layer[7] = 6, latency_fill_update_per_layer[7] = 6
Final per tile latency_per_layer[7]: 6
Final per tile stall_cycles_per_layer[7]: 0
Ideal case: no stall introduced by this level per this layer: cc_per_all_tiles_per_layer[7]: 6


Calculating Latency for Level: InRegister

Latency for layer: 0 of Level: InRegister
level.active_instances_per_layer[0]: 840
level.temporal_iterations_per_layer[0]: 518400
Scaling per layer[0]: 435,456,000
Single Tile latency: cc_per_tile_per_layer[0]: 5
Ideal Case, Latency at this level without stalls: cc_per_all_tiles_per_layer[0]: 5
SCALED cc_per_all_tiles_per_layer[0]: 2,177,280,000
level.getReadPerLayer[0](): 2,177,280,000
  (For comparison - full reads including accumulation: 2,177,280,000)
ideal_bandwidth_read_per_layer[0]: 1.0
level.getDrainPerLayer[0](): 0
ideal_bandwidth_drain_per_layer[0]: 0.0
ideal_bandwidth_update_per_layer[0]: 0.0
  (For comparison - full updates including accumulation: 0)
level.getFillPerLayer[0](): 435,456,000
ideal_bandwidth_fill_per_layer[0]: 0.2

Latency for layer: 1 of Level: InRegister
level.active_instances_per_layer[1]: 672
level.temporal_iterations_per_layer[1]: 518400
Scaling per layer[1]: 348,364,800
Single Tile latency: cc_per_tile_per_layer[1]: 1
Ideal Case, Latency at this level without stalls: cc_per_all_tiles_per_layer[1]: 1
SCALED cc_per_all_tiles_per_layer[1]: 348,364,800
level.getReadPerLayer[1](): 348,364,800
  (For comparison - full reads including accumulation: 348,364,800)
ideal_bandwidth_read_per_layer[1]: 1.0
level.getDrainPerLayer[1](): 0
ideal_bandwidth_drain_per_layer[1]: 0.0
ideal_bandwidth_update_per_layer[1]: 0.0
  (For comparison - full updates including accumulation: 0)
level.getFillPerLayer[1](): 348,364,800
ideal_bandwidth_fill_per_layer[1]: 1.0

Latency for layer: 2 of Level: InRegister
level.active_instances_per_layer[2]: 432
level.temporal_iterations_per_layer[2]: 518400
Scaling per layer[2]: 223,948,800
Single Tile latency: cc_per_tile_per_layer[2]: 3
Ideal Case, Latency at this level without stalls: cc_per_all_tiles_per_layer[2]: 3
SCALED cc_per_all_tiles_per_layer[2]: 671,846,400
level.getReadPerLayer[2](): 671,846,400
  (For comparison - full reads including accumulation: 671,846,400)
ideal_bandwidth_read_per_layer[2]: 1.0
level.getDrainPerLayer[2](): 0
ideal_bandwidth_drain_per_layer[2]: 0.0
ideal_bandwidth_update_per_layer[2]: 0.0
  (For comparison - full updates including accumulation: 0)
level.getFillPerLayer[2](): 223,948,800
ideal_bandwidth_fill_per_layer[2]: 0.3333333333333333

Latency for layer: 3 of Level: InRegister
level.active_instances_per_layer[3]: 432
level.temporal_iterations_per_layer[3]: 518400
Scaling per layer[3]: 223,948,800
Single Tile latency: cc_per_tile_per_layer[3]: 3
Ideal Case, Latency at this level without stalls: cc_per_all_tiles_per_layer[3]: 3
SCALED cc_per_all_tiles_per_layer[3]: 671,846,400
level.getReadPerLayer[3](): 671,846,400
  (For comparison - full reads including accumulation: 671,846,400)
ideal_bandwidth_read_per_layer[3]: 1.0
level.getDrainPerLayer[3](): 0
ideal_bandwidth_drain_per_layer[3]: 0.0
ideal_bandwidth_update_per_layer[3]: 0.0
  (For comparison - full updates including accumulation: 0)
level.getFillPerLayer[3](): 223,948,800
ideal_bandwidth_fill_per_layer[3]: 0.3333333333333333

Latency for layer: 4 of Level: InRegister
level.active_instances_per_layer[4]: 432
level.temporal_iterations_per_layer[4]: 518400
Scaling per layer[4]: 223,948,800
Single Tile latency: cc_per_tile_per_layer[4]: 3
Ideal Case, Latency at this level without stalls: cc_per_all_tiles_per_layer[4]: 3
SCALED cc_per_all_tiles_per_layer[4]: 671,846,400
level.getReadPerLayer[4](): 671,846,400
  (For comparison - full reads including accumulation: 671,846,400)
ideal_bandwidth_read_per_layer[4]: 1.0
level.getDrainPerLayer[4](): 0
ideal_bandwidth_drain_per_layer[4]: 0.0
ideal_bandwidth_update_per_layer[4]: 0.0
  (For comparison - full updates including accumulation: 0)
level.getFillPerLayer[4](): 223,948,800
ideal_bandwidth_fill_per_layer[4]: 0.3333333333333333

Latency for layer: 5 of Level: InRegister
level.active_instances_per_layer[5]: 432
level.temporal_iterations_per_layer[5]: 518400
Scaling per layer[5]: 223,948,800
Single Tile latency: cc_per_tile_per_layer[5]: 3
Ideal Case, Latency at this level without stalls: cc_per_all_tiles_per_layer[5]: 3
SCALED cc_per_all_tiles_per_layer[5]: 671,846,400
level.getReadPerLayer[5](): 671,846,400
  (For comparison - full reads including accumulation: 671,846,400)
ideal_bandwidth_read_per_layer[5]: 1.0
level.getDrainPerLayer[5](): 0
ideal_bandwidth_drain_per_layer[5]: 0.0
ideal_bandwidth_update_per_layer[5]: 0.0
  (For comparison - full updates including accumulation: 0)
level.getFillPerLayer[5](): 223,948,800
ideal_bandwidth_fill_per_layer[5]: 0.3333333333333333

Latency for layer: 6 of Level: InRegister
level.active_instances_per_layer[6]: 672
level.temporal_iterations_per_layer[6]: 518400
Scaling per layer[6]: 348,364,800
Single Tile latency: cc_per_tile_per_layer[6]: 1
Ideal Case, Latency at this level without stalls: cc_per_all_tiles_per_layer[6]: 1
SCALED cc_per_all_tiles_per_layer[6]: 348,364,800
level.getReadPerLayer[6](): 348,364,800
  (For comparison - full reads including accumulation: 348,364,800)
ideal_bandwidth_read_per_layer[6]: 1.0
level.getDrainPerLayer[6](): 0
ideal_bandwidth_drain_per_layer[6]: 0.0
ideal_bandwidth_update_per_layer[6]: 0.0
  (For comparison - full updates including accumulation: 0)
level.getFillPerLayer[6](): 348,364,800
ideal_bandwidth_fill_per_layer[6]: 1.0

Latency for layer: 7 of Level: InRegister
level.active_instances_per_layer[7]: 1344
level.temporal_iterations_per_layer[7]: 518400
Scaling per layer[7]: 696,729,600
Single Tile latency: cc_per_tile_per_layer[7]: 6
Ideal Case, Latency at this level without stalls: cc_per_all_tiles_per_layer[7]: 6
SCALED cc_per_all_tiles_per_layer[7]: 4,180,377,600
level.getReadPerLayer[7](): 4,180,377,600
  (For comparison - full reads including accumulation: 4,180,377,600)
ideal_bandwidth_read_per_layer[7]: 1.0
level.getDrainPerLayer[7](): 0
ideal_bandwidth_drain_per_layer[7]: 0.0
ideal_bandwidth_update_per_layer[7]: 0.0
  (For comparison - full updates including accumulation: 0)
level.getFillPerLayer[7](): 1,393,459,200
ideal_bandwidth_fill_per_layer[7]: 0.3333333333333333

Start of calculation of latency:


Layer_id: 0 in InRegister

ideal_bandwidth_read_per_layer[0] + ideal_bandwidth_drain_per_layer[0]: 1.0 vs level.read_bandwidth: 2.0
I am in Compute Bound
cc_per_all_tiles_per_layer[0]: 5
STANDARD CASE latency_read_drain_per_layer[0]: 5

ideal_bandwidth_fill_per_layer[0] + ideal_bandwidth_update_per_layer[0]: 0.2 vs level.write_bandwidth: 2.0
previous_fanout_pe_to_pe_warmup: 0
STANDARD CASE latency_fill_update_per_layer[0]: 5


Layer_id: 1 in InRegister

ideal_bandwidth_read_per_layer[1] + ideal_bandwidth_drain_per_layer[1]: 1.0 vs level.read_bandwidth: 2.0
I am in Compute Bound
cc_per_all_tiles_per_layer[1]: 1
STANDARD CASE latency_read_drain_per_layer[1]: 1

ideal_bandwidth_fill_per_layer[1] + ideal_bandwidth_update_per_layer[1]: 1.0 vs level.write_bandwidth: 2.0
previous_fanout_pe_to_pe_warmup: 0
STANDARD CASE latency_fill_update_per_layer[1]: 1


Layer_id: 2 in InRegister

ideal_bandwidth_read_per_layer[2] + ideal_bandwidth_drain_per_layer[2]: 1.0 vs level.read_bandwidth: 2.0
I am in Compute Bound
cc_per_all_tiles_per_layer[2]: 3
STANDARD CASE latency_read_drain_per_layer[2]: 3

ideal_bandwidth_fill_per_layer[2] + ideal_bandwidth_update_per_layer[2]: 0.3333333333333333 vs level.write_bandwidth: 2.0
previous_fanout_pe_to_pe_warmup: 0
STANDARD CASE latency_fill_update_per_layer[2]: 3


Layer_id: 3 in InRegister

ideal_bandwidth_read_per_layer[3] + ideal_bandwidth_drain_per_layer[3]: 1.0 vs level.read_bandwidth: 2.0
I am in Compute Bound
cc_per_all_tiles_per_layer[3]: 3
STANDARD CASE latency_read_drain_per_layer[3]: 3

ideal_bandwidth_fill_per_layer[3] + ideal_bandwidth_update_per_layer[3]: 0.3333333333333333 vs level.write_bandwidth: 2.0
previous_fanout_pe_to_pe_warmup: 0
STANDARD CASE latency_fill_update_per_layer[3]: 3


Layer_id: 4 in InRegister

ideal_bandwidth_read_per_layer[4] + ideal_bandwidth_drain_per_layer[4]: 1.0 vs level.read_bandwidth: 2.0
I am in Compute Bound
cc_per_all_tiles_per_layer[4]: 3
STANDARD CASE latency_read_drain_per_layer[4]: 3

ideal_bandwidth_fill_per_layer[4] + ideal_bandwidth_update_per_layer[4]: 0.3333333333333333 vs level.write_bandwidth: 2.0
previous_fanout_pe_to_pe_warmup: 0
STANDARD CASE latency_fill_update_per_layer[4]: 3


Layer_id: 5 in InRegister

ideal_bandwidth_read_per_layer[5] + ideal_bandwidth_drain_per_layer[5]: 1.0 vs level.read_bandwidth: 2.0
I am in Compute Bound
cc_per_all_tiles_per_layer[5]: 3
STANDARD CASE latency_read_drain_per_layer[5]: 3

ideal_bandwidth_fill_per_layer[5] + ideal_bandwidth_update_per_layer[5]: 0.3333333333333333 vs level.write_bandwidth: 2.0
previous_fanout_pe_to_pe_warmup: 0
STANDARD CASE latency_fill_update_per_layer[5]: 3


Layer_id: 6 in InRegister

ideal_bandwidth_read_per_layer[6] + ideal_bandwidth_drain_per_layer[6]: 1.0 vs level.read_bandwidth: 2.0
I am in Compute Bound
cc_per_all_tiles_per_layer[6]: 1
STANDARD CASE latency_read_drain_per_layer[6]: 1

ideal_bandwidth_fill_per_layer[6] + ideal_bandwidth_update_per_layer[6]: 1.0 vs level.write_bandwidth: 2.0
previous_fanout_pe_to_pe_warmup: 0
STANDARD CASE latency_fill_update_per_layer[6]: 1


Layer_id: 7 in InRegister

ideal_bandwidth_read_per_layer[7] + ideal_bandwidth_drain_per_layer[7]: 1.0 vs level.read_bandwidth: 2.0
I am in Compute Bound
cc_per_all_tiles_per_layer[7]: 6
STANDARD CASE latency_read_drain_per_layer[7]: 6

ideal_bandwidth_fill_per_layer[7] + ideal_bandwidth_update_per_layer[7]: 0.3333333333333333 vs level.write_bandwidth: 2.0
previous_fanout_pe_to_pe_warmup: 0
STANDARD CASE latency_fill_update_per_layer[7]: 6

End of calculation of latency.

Calculating per tile final latency and stall for layer 0 in InRegister: latency_read_drain_per_layer[0] = 5, latency_fill_update_per_layer[0] = 5
Final per tile latency_per_layer[0]: 5
Final per tile stall_cycles_per_layer[0]: 0
Ideal case: no stall introduced by this level per this layer: cc_per_all_tiles_per_layer[0]: 5
Calculating per tile final latency and stall for layer 1 in InRegister: latency_read_drain_per_layer[1] = 1, latency_fill_update_per_layer[1] = 1
Final per tile latency_per_layer[1]: 1
Final per tile stall_cycles_per_layer[1]: 0
Ideal case: no stall introduced by this level per this layer: cc_per_all_tiles_per_layer[1]: 1
Calculating per tile final latency and stall for layer 2 in InRegister: latency_read_drain_per_layer[2] = 3, latency_fill_update_per_layer[2] = 3
Final per tile latency_per_layer[2]: 3
Final per tile stall_cycles_per_layer[2]: 0
Ideal case: no stall introduced by this level per this layer: cc_per_all_tiles_per_layer[2]: 3
Calculating per tile final latency and stall for layer 3 in InRegister: latency_read_drain_per_layer[3] = 3, latency_fill_update_per_layer[3] = 3
Final per tile latency_per_layer[3]: 3
Final per tile stall_cycles_per_layer[3]: 0
Ideal case: no stall introduced by this level per this layer: cc_per_all_tiles_per_layer[3]: 3
Calculating per tile final latency and stall for layer 4 in InRegister: latency_read_drain_per_layer[4] = 3, latency_fill_update_per_layer[4] = 3
Final per tile latency_per_layer[4]: 3
Final per tile stall_cycles_per_layer[4]: 0
Ideal case: no stall introduced by this level per this layer: cc_per_all_tiles_per_layer[4]: 3
Calculating per tile final latency and stall for layer 5 in InRegister: latency_read_drain_per_layer[5] = 3, latency_fill_update_per_layer[5] = 3
Final per tile latency_per_layer[5]: 3
Final per tile stall_cycles_per_layer[5]: 0
Ideal case: no stall introduced by this level per this layer: cc_per_all_tiles_per_layer[5]: 3
Calculating per tile final latency and stall for layer 6 in InRegister: latency_read_drain_per_layer[6] = 1, latency_fill_update_per_layer[6] = 1
Final per tile latency_per_layer[6]: 1
Final per tile stall_cycles_per_layer[6]: 0
Ideal case: no stall introduced by this level per this layer: cc_per_all_tiles_per_layer[6]: 1
Calculating per tile final latency and stall for layer 7 in InRegister: latency_read_drain_per_layer[7] = 6, latency_fill_update_per_layer[7] = 6
Final per tile latency_per_layer[7]: 6
Final per tile stall_cycles_per_layer[7]: 0
Ideal case: no stall introduced by this level per this layer: cc_per_all_tiles_per_layer[7]: 6


Calculating Latency for Level: GlobalBuffer

Latency for layer: 0 of Level: GlobalBuffer
level.active_instances_per_layer[0]: 1
level.temporal_iterations_per_layer[0]: 518400
Scaling per layer[0]: 518,400
Single Tile latency: cc_per_tile_per_layer[0]: 5
Ideal Case, Latency at this level without stalls: cc_per_all_tiles_per_layer[0]: 5
SCALED cc_per_all_tiles_per_layer[0]: 2,592,000
level.getReadPerLayer[0](): 36,806,400
  (For comparison - full reads including accumulation: 36,806,400)
ideal_bandwidth_read_per_layer[0]: 14.2
level.getDrainPerLayer[0](): 0
ideal_bandwidth_drain_per_layer[0]: 0.0
ideal_bandwidth_update_per_layer[0]: 11.2
  (For comparison - full updates including accumulation: 29,030,400)
level.getFillPerLayer[0](): 1,555,200
ideal_bandwidth_fill_per_layer[0]: 0.6

Latency for layer: 1 of Level: GlobalBuffer
level.active_instances_per_layer[1]: 1
level.temporal_iterations_per_layer[1]: 518400
Scaling per layer[1]: 518,400
Single Tile latency: cc_per_tile_per_layer[1]: 1
Ideal Case, Latency at this level without stalls: cc_per_all_tiles_per_layer[1]: 1
SCALED cc_per_all_tiles_per_layer[1]: 518,400
level.getReadPerLayer[1](): 35,251,200
  (For comparison - full reads including accumulation: 35,251,200)
ideal_bandwidth_read_per_layer[1]: 68.0
level.getDrainPerLayer[1](): 0
ideal_bandwidth_drain_per_layer[1]: 0.0
ideal_bandwidth_update_per_layer[1]: 12.0
  (For comparison - full updates including accumulation: 6,220,800)
level.getFillPerLayer[1](): 0
ideal_bandwidth_fill_per_layer[1]: 0.0

Latency for layer: 2 of Level: GlobalBuffer
level.active_instances_per_layer[2]: 1
level.temporal_iterations_per_layer[2]: 518400
Scaling per layer[2]: 518,400
Single Tile latency: cc_per_tile_per_layer[2]: 3
Ideal Case, Latency at this level without stalls: cc_per_all_tiles_per_layer[2]: 3
SCALED cc_per_all_tiles_per_layer[2]: 1,555,200
level.getReadPerLayer[2](): 24,883,200
  (For comparison - full reads including accumulation: 24,883,200)
ideal_bandwidth_read_per_layer[2]: 16.0
level.getDrainPerLayer[2](): 0
ideal_bandwidth_drain_per_layer[2]: 0.0
ideal_bandwidth_update_per_layer[2]: 4.0
  (For comparison - full updates including accumulation: 6,220,800)
level.getFillPerLayer[2](): 0
ideal_bandwidth_fill_per_layer[2]: 0.0

Latency for layer: 3 of Level: GlobalBuffer
level.active_instances_per_layer[3]: 1
level.temporal_iterations_per_layer[3]: 518400
Scaling per layer[3]: 518,400
Single Tile latency: cc_per_tile_per_layer[3]: 3
Ideal Case, Latency at this level without stalls: cc_per_all_tiles_per_layer[3]: 3
SCALED cc_per_all_tiles_per_layer[3]: 1,555,200
level.getReadPerLayer[3](): 24,883,200
  (For comparison - full reads including accumulation: 24,883,200)
ideal_bandwidth_read_per_layer[3]: 16.0
level.getDrainPerLayer[3](): 0
ideal_bandwidth_drain_per_layer[3]: 0.0
ideal_bandwidth_update_per_layer[3]: 4.0
  (For comparison - full updates including accumulation: 6,220,800)
level.getFillPerLayer[3](): 0
ideal_bandwidth_fill_per_layer[3]: 0.0

Latency for layer: 4 of Level: GlobalBuffer
level.active_instances_per_layer[4]: 1
level.temporal_iterations_per_layer[4]: 518400
Scaling per layer[4]: 518,400
Single Tile latency: cc_per_tile_per_layer[4]: 3
Ideal Case, Latency at this level without stalls: cc_per_all_tiles_per_layer[4]: 3
SCALED cc_per_all_tiles_per_layer[4]: 1,555,200
level.getReadPerLayer[4](): 24,883,200
  (For comparison - full reads including accumulation: 24,883,200)
ideal_bandwidth_read_per_layer[4]: 16.0
level.getDrainPerLayer[4](): 0
ideal_bandwidth_drain_per_layer[4]: 0.0
ideal_bandwidth_update_per_layer[4]: 4.0
  (For comparison - full updates including accumulation: 6,220,800)
level.getFillPerLayer[4](): 0
ideal_bandwidth_fill_per_layer[4]: 0.0

Latency for layer: 5 of Level: GlobalBuffer
level.active_instances_per_layer[5]: 1
level.temporal_iterations_per_layer[5]: 518400
Scaling per layer[5]: 518,400
Single Tile latency: cc_per_tile_per_layer[5]: 3
Ideal Case, Latency at this level without stalls: cc_per_all_tiles_per_layer[5]: 3
SCALED cc_per_all_tiles_per_layer[5]: 1,555,200
level.getReadPerLayer[5](): 24,883,200
  (For comparison - full reads including accumulation: 24,883,200)
ideal_bandwidth_read_per_layer[5]: 16.0
level.getDrainPerLayer[5](): 0
ideal_bandwidth_drain_per_layer[5]: 0.0
ideal_bandwidth_update_per_layer[5]: 4.0
  (For comparison - full updates including accumulation: 6,220,800)
level.getFillPerLayer[5](): 0
ideal_bandwidth_fill_per_layer[5]: 0.0

Latency for layer: 6 of Level: GlobalBuffer
level.active_instances_per_layer[6]: 1
level.temporal_iterations_per_layer[6]: 518400
Scaling per layer[6]: 518,400
Single Tile latency: cc_per_tile_per_layer[6]: 1
Ideal Case, Latency at this level without stalls: cc_per_all_tiles_per_layer[6]: 1
SCALED cc_per_all_tiles_per_layer[6]: 518,400
level.getReadPerLayer[6](): 35,251,200
  (For comparison - full reads including accumulation: 35,251,200)
ideal_bandwidth_read_per_layer[6]: 68.0
level.getDrainPerLayer[6](): 0
ideal_bandwidth_drain_per_layer[6]: 0.0
ideal_bandwidth_update_per_layer[6]: 56.0
  (For comparison - full updates including accumulation: 29,030,400)
level.getFillPerLayer[6](): 0
ideal_bandwidth_fill_per_layer[6]: 0.0

Latency for layer: 7 of Level: GlobalBuffer
level.active_instances_per_layer[7]: 1
level.temporal_iterations_per_layer[7]: 518400
Scaling per layer[7]: 518,400
Single Tile latency: cc_per_tile_per_layer[7]: 6
Ideal Case, Latency at this level without stalls: cc_per_all_tiles_per_layer[7]: 6
SCALED cc_per_all_tiles_per_layer[7]: 3,110,400
level.getReadPerLayer[7](): 87,091,200
  (For comparison - full reads including accumulation: 87,091,200)
ideal_bandwidth_read_per_layer[7]: 28.0
level.getDrainPerLayer[7](): 8,294,400
ideal_bandwidth_drain_per_layer[7]: 2.6666666666666665
ideal_bandwidth_update_per_layer[7]: 2.6666666666666665
  (For comparison - full updates including accumulation: 8,294,400)
level.getFillPerLayer[7](): 0
ideal_bandwidth_fill_per_layer[7]: 0.0

Start of calculation of latency:


Layer_id: 0 in GlobalBuffer

ideal_bandwidth_read_per_layer[0] + ideal_bandwidth_drain_per_layer[0]: 14.2 vs level.read_bandwidth: 16.0
I am in Compute Bound
cc_per_all_tiles_per_layer[0]: 5
STANDARD CASE latency_read_drain_per_layer[0]: 5

ideal_bandwidth_fill_per_layer[0] + ideal_bandwidth_update_per_layer[0]: 11.799999999999999 vs level.write_bandwidth: 16.0
previous_fanout_pe_to_pe_warmup: 0
STANDARD CASE latency_fill_update_per_layer[0]: 5


Layer_id: 1 in GlobalBuffer

ideal_bandwidth_read_per_layer[1] + ideal_bandwidth_drain_per_layer[1]: 68.0 vs level.read_bandwidth: 16.0
I am in Slowdown: Memory Bound
ideal_bandwidth_read_per_layer[1]: 68.0
ideal_bandwidth_drain_per_layer[1]: 0.0
level.read_bandwidth: 16.0
total data (for bandwidth): 35251200
scaling_per_layer[1]: 518400
SLOWDOWN CASE latency_read_drain_per_layer[1]: 4.25

ideal_bandwidth_fill_per_layer[1] + ideal_bandwidth_update_per_layer[1]: 12.0 vs level.write_bandwidth: 16.0
previous_fanout_pe_to_pe_warmup: 0
STANDARD CASE latency_fill_update_per_layer[1]: 1


Layer_id: 2 in GlobalBuffer

ideal_bandwidth_read_per_layer[2] + ideal_bandwidth_drain_per_layer[2]: 16.0 vs level.read_bandwidth: 16.0
I am in Compute Bound
cc_per_all_tiles_per_layer[2]: 3
STANDARD CASE latency_read_drain_per_layer[2]: 3

ideal_bandwidth_fill_per_layer[2] + ideal_bandwidth_update_per_layer[2]: 4.0 vs level.write_bandwidth: 16.0
previous_fanout_pe_to_pe_warmup: 0
STANDARD CASE latency_fill_update_per_layer[2]: 3


Layer_id: 3 in GlobalBuffer

ideal_bandwidth_read_per_layer[3] + ideal_bandwidth_drain_per_layer[3]: 16.0 vs level.read_bandwidth: 16.0
I am in Compute Bound
cc_per_all_tiles_per_layer[3]: 3
STANDARD CASE latency_read_drain_per_layer[3]: 3

ideal_bandwidth_fill_per_layer[3] + ideal_bandwidth_update_per_layer[3]: 4.0 vs level.write_bandwidth: 16.0
previous_fanout_pe_to_pe_warmup: 0
STANDARD CASE latency_fill_update_per_layer[3]: 3


Layer_id: 4 in GlobalBuffer

ideal_bandwidth_read_per_layer[4] + ideal_bandwidth_drain_per_layer[4]: 16.0 vs level.read_bandwidth: 16.0
I am in Compute Bound
cc_per_all_tiles_per_layer[4]: 3
STANDARD CASE latency_read_drain_per_layer[4]: 3

ideal_bandwidth_fill_per_layer[4] + ideal_bandwidth_update_per_layer[4]: 4.0 vs level.write_bandwidth: 16.0
previous_fanout_pe_to_pe_warmup: 0
STANDARD CASE latency_fill_update_per_layer[4]: 3


Layer_id: 5 in GlobalBuffer

ideal_bandwidth_read_per_layer[5] + ideal_bandwidth_drain_per_layer[5]: 16.0 vs level.read_bandwidth: 16.0
I am in Compute Bound
cc_per_all_tiles_per_layer[5]: 3
STANDARD CASE latency_read_drain_per_layer[5]: 3

ideal_bandwidth_fill_per_layer[5] + ideal_bandwidth_update_per_layer[5]: 4.0 vs level.write_bandwidth: 16.0
previous_fanout_pe_to_pe_warmup: 0
STANDARD CASE latency_fill_update_per_layer[5]: 3


Layer_id: 6 in GlobalBuffer

ideal_bandwidth_read_per_layer[6] + ideal_bandwidth_drain_per_layer[6]: 68.0 vs level.read_bandwidth: 16.0
I am in Slowdown: Memory Bound
ideal_bandwidth_read_per_layer[6]: 68.0
ideal_bandwidth_drain_per_layer[6]: 0.0
level.read_bandwidth: 16.0
total data (for bandwidth): 35251200
scaling_per_layer[6]: 518400
SLOWDOWN CASE latency_read_drain_per_layer[6]: 4.25

ideal_bandwidth_fill_per_layer[6] + ideal_bandwidth_update_per_layer[6]: 56.0 vs level.write_bandwidth: 16.0
ideal_bandwidth_fill_per_layer[6]: 0.0
ideal_bandwidth_update_per_layer[6]: 56.0
level.write_bandwidth: 16.0
total data (for bandwidth): 29030400
scaling_per_layer[6]: 518400
SLOWDOWN CASE latency_fill_update_per_layer[6]: 3.5


Layer_id: 7 in GlobalBuffer

ideal_bandwidth_read_per_layer[7] + ideal_bandwidth_drain_per_layer[7]: 30.666666666666668 vs level.read_bandwidth: 16.0
I am in Slowdown: Memory Bound
ideal_bandwidth_read_per_layer[7]: 28.0
ideal_bandwidth_drain_per_layer[7]: 2.6666666666666665
level.read_bandwidth: 16.0
total data (for bandwidth): 95385600
scaling_per_layer[7]: 518400
SLOWDOWN CASE latency_read_drain_per_layer[7]: 11.5

ideal_bandwidth_fill_per_layer[7] + ideal_bandwidth_update_per_layer[7]: 2.6666666666666665 vs level.write_bandwidth: 16.0
previous_fanout_pe_to_pe_warmup: 0
STANDARD CASE latency_fill_update_per_layer[7]: 6

End of calculation of latency.

Calculating per tile final latency and stall for layer 0 in GlobalBuffer: latency_read_drain_per_layer[0] = 5, latency_fill_update_per_layer[0] = 5
Final per tile latency_per_layer[0]: 5
Final per tile stall_cycles_per_layer[0]: 0
Ideal case: no stall introduced by this level per this layer: cc_per_all_tiles_per_layer[0]: 5
Calculating per tile final latency and stall for layer 1 in GlobalBuffer: latency_read_drain_per_layer[1] = 4.25, latency_fill_update_per_layer[1] = 1
Final per tile latency_per_layer[1]: 4
Final per tile stall_cycles_per_layer[1]: 3
Ideal case: no stall introduced by this level per this layer: cc_per_all_tiles_per_layer[1]: 1
Calculating per tile final latency and stall for layer 2 in GlobalBuffer: latency_read_drain_per_layer[2] = 3, latency_fill_update_per_layer[2] = 3
Final per tile latency_per_layer[2]: 3
Final per tile stall_cycles_per_layer[2]: 0
Ideal case: no stall introduced by this level per this layer: cc_per_all_tiles_per_layer[2]: 3
Calculating per tile final latency and stall for layer 3 in GlobalBuffer: latency_read_drain_per_layer[3] = 3, latency_fill_update_per_layer[3] = 3
Final per tile latency_per_layer[3]: 3
Final per tile stall_cycles_per_layer[3]: 0
Ideal case: no stall introduced by this level per this layer: cc_per_all_tiles_per_layer[3]: 3
Calculating per tile final latency and stall for layer 4 in GlobalBuffer: latency_read_drain_per_layer[4] = 3, latency_fill_update_per_layer[4] = 3
Final per tile latency_per_layer[4]: 3
Final per tile stall_cycles_per_layer[4]: 0
Ideal case: no stall introduced by this level per this layer: cc_per_all_tiles_per_layer[4]: 3
Calculating per tile final latency and stall for layer 5 in GlobalBuffer: latency_read_drain_per_layer[5] = 3, latency_fill_update_per_layer[5] = 3
Final per tile latency_per_layer[5]: 3
Final per tile stall_cycles_per_layer[5]: 0
Ideal case: no stall introduced by this level per this layer: cc_per_all_tiles_per_layer[5]: 3
Calculating per tile final latency and stall for layer 6 in GlobalBuffer: latency_read_drain_per_layer[6] = 4.25, latency_fill_update_per_layer[6] = 3.5
Final per tile latency_per_layer[6]: 4
Final per tile stall_cycles_per_layer[6]: 3
Ideal case: no stall introduced by this level per this layer: cc_per_all_tiles_per_layer[6]: 1
Calculating per tile final latency and stall for layer 7 in GlobalBuffer: latency_read_drain_per_layer[7] = 11.5, latency_fill_update_per_layer[7] = 6
Final per tile latency_per_layer[7]: 12
Final per tile stall_cycles_per_layer[7]: 6
Ideal case: no stall introduced by this level per this layer: cc_per_all_tiles_per_layer[7]: 6


Calculating Latency for Level: DRAM

Latency for layer: 0 of Level: DRAM
level.active_instances_per_layer[0]: 1
level.temporal_iterations_per_layer[0]: 1
Scaling per layer[0]: 1
Single Tile latency: cc_per_tile_per_layer[0]: 5
Ideal Case, Latency at this level without stalls: cc_per_all_tiles_per_layer[0]: 2592000
SCALED cc_per_all_tiles_per_layer[0]: 2,592,000
level.getReadPerLayer[0](): 1,559,400
  (For comparison - full reads including accumulation: 1,559,400)
ideal_bandwidth_read_per_layer[0]: 0.6016203703703704
level.getDrainPerLayer[0](): 0
ideal_bandwidth_drain_per_layer[0]: 0.0
ideal_bandwidth_update_per_layer[0]: 0.0
  (For comparison - full updates including accumulation: 0)
level.getFillPerLayer[0](): 0
ideal_bandwidth_fill_per_layer[0]: 0.0

Latency for layer: 1 of Level: DRAM
level.active_instances_per_layer[1]: 1
level.temporal_iterations_per_layer[1]: 1
Scaling per layer[1]: 1
Single Tile latency: cc_per_tile_per_layer[1]: 4.25
Ideal Case, Latency at this level without stalls: cc_per_all_tiles_per_layer[1]: 2203200.0
SCALED cc_per_all_tiles_per_layer[1]: 2,203,200
level.getReadPerLayer[1](): 672
  (For comparison - full reads including accumulation: 672)
ideal_bandwidth_read_per_layer[1]: 0.00030501089324618734
level.getDrainPerLayer[1](): 0
ideal_bandwidth_drain_per_layer[1]: 0.0
ideal_bandwidth_update_per_layer[1]: 0.0
  (For comparison - full updates including accumulation: 0)
level.getFillPerLayer[1](): 0
ideal_bandwidth_fill_per_layer[1]: 0.0

Latency for layer: 2 of Level: DRAM
level.active_instances_per_layer[2]: 1
level.temporal_iterations_per_layer[2]: 1
Scaling per layer[2]: 1
Single Tile latency: cc_per_tile_per_layer[2]: 3
Ideal Case, Latency at this level without stalls: cc_per_all_tiles_per_layer[2]: 1555200
SCALED cc_per_all_tiles_per_layer[2]: 1,555,200
level.getReadPerLayer[2](): 1,296
  (For comparison - full reads including accumulation: 1,296)
ideal_bandwidth_read_per_layer[2]: 0.0008333333333333334
level.getDrainPerLayer[2](): 0
ideal_bandwidth_drain_per_layer[2]: 0.0
ideal_bandwidth_update_per_layer[2]: 0.0
  (For comparison - full updates including accumulation: 0)
level.getFillPerLayer[2](): 0
ideal_bandwidth_fill_per_layer[2]: 0.0

Latency for layer: 3 of Level: DRAM
level.active_instances_per_layer[3]: 1
level.temporal_iterations_per_layer[3]: 1
Scaling per layer[3]: 1
Single Tile latency: cc_per_tile_per_layer[3]: 3
Ideal Case, Latency at this level without stalls: cc_per_all_tiles_per_layer[3]: 1555200
SCALED cc_per_all_tiles_per_layer[3]: 1,555,200
level.getReadPerLayer[3](): 1,296
  (For comparison - full reads including accumulation: 1,296)
ideal_bandwidth_read_per_layer[3]: 0.0008333333333333334
level.getDrainPerLayer[3](): 0
ideal_bandwidth_drain_per_layer[3]: 0.0
ideal_bandwidth_update_per_layer[3]: 0.0
  (For comparison - full updates including accumulation: 0)
level.getFillPerLayer[3](): 0
ideal_bandwidth_fill_per_layer[3]: 0.0

Latency for layer: 4 of Level: DRAM
level.active_instances_per_layer[4]: 1
level.temporal_iterations_per_layer[4]: 1
Scaling per layer[4]: 1
Single Tile latency: cc_per_tile_per_layer[4]: 3
Ideal Case, Latency at this level without stalls: cc_per_all_tiles_per_layer[4]: 1555200
SCALED cc_per_all_tiles_per_layer[4]: 1,555,200
level.getReadPerLayer[4](): 1,296
  (For comparison - full reads including accumulation: 1,296)
ideal_bandwidth_read_per_layer[4]: 0.0008333333333333334
level.getDrainPerLayer[4](): 0
ideal_bandwidth_drain_per_layer[4]: 0.0
ideal_bandwidth_update_per_layer[4]: 0.0
  (For comparison - full updates including accumulation: 0)
level.getFillPerLayer[4](): 0
ideal_bandwidth_fill_per_layer[4]: 0.0

Latency for layer: 5 of Level: DRAM
level.active_instances_per_layer[5]: 1
level.temporal_iterations_per_layer[5]: 1
Scaling per layer[5]: 1
Single Tile latency: cc_per_tile_per_layer[5]: 3
Ideal Case, Latency at this level without stalls: cc_per_all_tiles_per_layer[5]: 1555200
SCALED cc_per_all_tiles_per_layer[5]: 1,555,200
level.getReadPerLayer[5](): 1,296
  (For comparison - full reads including accumulation: 1,296)
ideal_bandwidth_read_per_layer[5]: 0.0008333333333333334
level.getDrainPerLayer[5](): 0
ideal_bandwidth_drain_per_layer[5]: 0.0
ideal_bandwidth_update_per_layer[5]: 0.0
  (For comparison - full updates including accumulation: 0)
level.getFillPerLayer[5](): 0
ideal_bandwidth_fill_per_layer[5]: 0.0

Latency for layer: 6 of Level: DRAM
level.active_instances_per_layer[6]: 1
level.temporal_iterations_per_layer[6]: 1
Scaling per layer[6]: 1
Single Tile latency: cc_per_tile_per_layer[6]: 4.25
Ideal Case, Latency at this level without stalls: cc_per_all_tiles_per_layer[6]: 2203200.0
SCALED cc_per_all_tiles_per_layer[6]: 2,203,200
level.getReadPerLayer[6](): 672
  (For comparison - full reads including accumulation: 672)
ideal_bandwidth_read_per_layer[6]: 0.00030501089324618734
level.getDrainPerLayer[6](): 0
ideal_bandwidth_drain_per_layer[6]: 0.0
ideal_bandwidth_update_per_layer[6]: 0.0
  (For comparison - full updates including accumulation: 0)
level.getFillPerLayer[6](): 0
ideal_bandwidth_fill_per_layer[6]: 0.0

Latency for layer: 7 of Level: DRAM
level.active_instances_per_layer[7]: 1
level.temporal_iterations_per_layer[7]: 1
Scaling per layer[7]: 1
Single Tile latency: cc_per_tile_per_layer[7]: 11.5
Ideal Case, Latency at this level without stalls: cc_per_all_tiles_per_layer[7]: 5961600.0
SCALED cc_per_all_tiles_per_layer[7]: 5,961,600
level.getReadPerLayer[7](): 8,064
  (For comparison - full reads including accumulation: 8,064)
ideal_bandwidth_read_per_layer[7]: 0.001352657004830918
level.getDrainPerLayer[7](): 0
ideal_bandwidth_drain_per_layer[7]: 0.0
ideal_bandwidth_update_per_layer[7]: 1.391304347826087
  (For comparison - full updates including accumulation: 8,294,400)
level.getFillPerLayer[7](): 0
ideal_bandwidth_fill_per_layer[7]: 0.0

Start of calculation of latency:


Layer_id: 0 in DRAM

ideal_bandwidth_read_per_layer[0] + ideal_bandwidth_drain_per_layer[0]: 0.6016203703703704 vs level.read_bandwidth: 4.0
I am in Compute Bound
cc_per_all_tiles_per_layer[0]: 2592000
STANDARD CASE latency_read_drain_per_layer[0]: 2592000

ideal_bandwidth_fill_per_layer[0] + ideal_bandwidth_update_per_layer[0]: 0.0 vs level.write_bandwidth: 4.0
previous_fanout_pe_to_pe_warmup: 0
STANDARD CASE latency_fill_update_per_layer[0]: 2592000


Layer_id: 1 in DRAM

ideal_bandwidth_read_per_layer[1] + ideal_bandwidth_drain_per_layer[1]: 0.00030501089324618734 vs level.read_bandwidth: 4.0
I am in Compute Bound
cc_per_all_tiles_per_layer[1]: 2203200.0
STANDARD CASE latency_read_drain_per_layer[1]: 2203200.0

ideal_bandwidth_fill_per_layer[1] + ideal_bandwidth_update_per_layer[1]: 0.0 vs level.write_bandwidth: 4.0
previous_fanout_pe_to_pe_warmup: 0
STANDARD CASE latency_fill_update_per_layer[1]: 2203200.0


Layer_id: 2 in DRAM

ideal_bandwidth_read_per_layer[2] + ideal_bandwidth_drain_per_layer[2]: 0.0008333333333333334 vs level.read_bandwidth: 4.0
I am in Compute Bound
cc_per_all_tiles_per_layer[2]: 1555200
STANDARD CASE latency_read_drain_per_layer[2]: 1555200

ideal_bandwidth_fill_per_layer[2] + ideal_bandwidth_update_per_layer[2]: 0.0 vs level.write_bandwidth: 4.0
previous_fanout_pe_to_pe_warmup: 0
STANDARD CASE latency_fill_update_per_layer[2]: 1555200


Layer_id: 3 in DRAM

ideal_bandwidth_read_per_layer[3] + ideal_bandwidth_drain_per_layer[3]: 0.0008333333333333334 vs level.read_bandwidth: 4.0
I am in Compute Bound
cc_per_all_tiles_per_layer[3]: 1555200
STANDARD CASE latency_read_drain_per_layer[3]: 1555200

ideal_bandwidth_fill_per_layer[3] + ideal_bandwidth_update_per_layer[3]: 0.0 vs level.write_bandwidth: 4.0
previous_fanout_pe_to_pe_warmup: 0
STANDARD CASE latency_fill_update_per_layer[3]: 1555200


Layer_id: 4 in DRAM

ideal_bandwidth_read_per_layer[4] + ideal_bandwidth_drain_per_layer[4]: 0.0008333333333333334 vs level.read_bandwidth: 4.0
I am in Compute Bound
cc_per_all_tiles_per_layer[4]: 1555200
STANDARD CASE latency_read_drain_per_layer[4]: 1555200

ideal_bandwidth_fill_per_layer[4] + ideal_bandwidth_update_per_layer[4]: 0.0 vs level.write_bandwidth: 4.0
previous_fanout_pe_to_pe_warmup: 0
STANDARD CASE latency_fill_update_per_layer[4]: 1555200


Layer_id: 5 in DRAM

ideal_bandwidth_read_per_layer[5] + ideal_bandwidth_drain_per_layer[5]: 0.0008333333333333334 vs level.read_bandwidth: 4.0
I am in Compute Bound
cc_per_all_tiles_per_layer[5]: 1555200
STANDARD CASE latency_read_drain_per_layer[5]: 1555200

ideal_bandwidth_fill_per_layer[5] + ideal_bandwidth_update_per_layer[5]: 0.0 vs level.write_bandwidth: 4.0
previous_fanout_pe_to_pe_warmup: 0
STANDARD CASE latency_fill_update_per_layer[5]: 1555200


Layer_id: 6 in DRAM

ideal_bandwidth_read_per_layer[6] + ideal_bandwidth_drain_per_layer[6]: 0.00030501089324618734 vs level.read_bandwidth: 4.0
I am in Compute Bound
cc_per_all_tiles_per_layer[6]: 2203200.0
STANDARD CASE latency_read_drain_per_layer[6]: 2203200.0

ideal_bandwidth_fill_per_layer[6] + ideal_bandwidth_update_per_layer[6]: 0.0 vs level.write_bandwidth: 4.0
previous_fanout_pe_to_pe_warmup: 0
STANDARD CASE latency_fill_update_per_layer[6]: 2203200.0


Layer_id: 7 in DRAM

ideal_bandwidth_read_per_layer[7] + ideal_bandwidth_drain_per_layer[7]: 0.001352657004830918 vs level.read_bandwidth: 4.0
I am in Compute Bound
cc_per_all_tiles_per_layer[7]: 5961600.0
STANDARD CASE latency_read_drain_per_layer[7]: 5961600.0

ideal_bandwidth_fill_per_layer[7] + ideal_bandwidth_update_per_layer[7]: 1.391304347826087 vs level.write_bandwidth: 4.0
previous_fanout_pe_to_pe_warmup: 0
STANDARD CASE latency_fill_update_per_layer[7]: 5961600.0

End of calculation of latency.

Calculating per tile final latency and stall for layer 0 in DRAM: latency_read_drain_per_layer[0] = 2592000, latency_fill_update_per_layer[0] = 2592000
Final per tile latency_per_layer[0]: 2,592,000
Final per tile stall_cycles_per_layer[0]: 0
Ideal case: no stall introduced by this level per this layer: cc_per_all_tiles_per_layer[0]: 2,592,000
Calculating per tile final latency and stall for layer 1 in DRAM: latency_read_drain_per_layer[1] = 2203200.0, latency_fill_update_per_layer[1] = 2203200.0
Final per tile latency_per_layer[1]: 2,203,200
Final per tile stall_cycles_per_layer[1]: 0
Ideal case: no stall introduced by this level per this layer: cc_per_all_tiles_per_layer[1]: 2,203,200
Calculating per tile final latency and stall for layer 2 in DRAM: latency_read_drain_per_layer[2] = 1555200, latency_fill_update_per_layer[2] = 1555200
Final per tile latency_per_layer[2]: 1,555,200
Final per tile stall_cycles_per_layer[2]: 0
Ideal case: no stall introduced by this level per this layer: cc_per_all_tiles_per_layer[2]: 1,555,200
Calculating per tile final latency and stall for layer 3 in DRAM: latency_read_drain_per_layer[3] = 1555200, latency_fill_update_per_layer[3] = 1555200
Final per tile latency_per_layer[3]: 1,555,200
Final per tile stall_cycles_per_layer[3]: 0
Ideal case: no stall introduced by this level per this layer: cc_per_all_tiles_per_layer[3]: 1,555,200
Calculating per tile final latency and stall for layer 4 in DRAM: latency_read_drain_per_layer[4] = 1555200, latency_fill_update_per_layer[4] = 1555200
Final per tile latency_per_layer[4]: 1,555,200
Final per tile stall_cycles_per_layer[4]: 0
Ideal case: no stall introduced by this level per this layer: cc_per_all_tiles_per_layer[4]: 1,555,200
Calculating per tile final latency and stall for layer 5 in DRAM: latency_read_drain_per_layer[5] = 1555200, latency_fill_update_per_layer[5] = 1555200
Final per tile latency_per_layer[5]: 1,555,200
Final per tile stall_cycles_per_layer[5]: 0
Ideal case: no stall introduced by this level per this layer: cc_per_all_tiles_per_layer[5]: 1,555,200
Calculating per tile final latency and stall for layer 6 in DRAM: latency_read_drain_per_layer[6] = 2203200.0, latency_fill_update_per_layer[6] = 2203200.0
Final per tile latency_per_layer[6]: 2,203,200
Final per tile stall_cycles_per_layer[6]: 0
Ideal case: no stall introduced by this level per this layer: cc_per_all_tiles_per_layer[6]: 2,203,200
Calculating per tile final latency and stall for layer 7 in DRAM: latency_read_drain_per_layer[7] = 5961600.0, latency_fill_update_per_layer[7] = 5961600.0
Final per tile latency_per_layer[7]: 5,961,600
Final per tile stall_cycles_per_layer[7]: 0
Ideal case: no stall introduced by this level per this layer: cc_per_all_tiles_per_layer[7]: 5,961,600


Final WMOPs and Latency calculation for Level: DRAM
Level: DRAM, Layer: 0
max_latency_per_layer[0]: 0 before update
level.getSettedLatencyPerLayer[0](): 2,592,000
Level: DRAM, Layer: 1
max_latency_per_layer[1]: 0 before update
level.getSettedLatencyPerLayer[1](): 2,203,200
Level: DRAM, Layer: 2
max_latency_per_layer[2]: 0 before update
level.getSettedLatencyPerLayer[2](): 1,555,200
Level: DRAM, Layer: 3
max_latency_per_layer[3]: 0 before update
level.getSettedLatencyPerLayer[3](): 1,555,200
Level: DRAM, Layer: 4
max_latency_per_layer[4]: 0 before update
level.getSettedLatencyPerLayer[4](): 1,555,200
Level: DRAM, Layer: 5
max_latency_per_layer[5]: 0 before update
level.getSettedLatencyPerLayer[5](): 1,555,200
Level: DRAM, Layer: 6
max_latency_per_layer[6]: 0 before update
level.getSettedLatencyPerLayer[6](): 2,203,200
Level: DRAM, Layer: 7
max_latency_per_layer[7]: 0 before update
level.getSettedLatencyPerLayer[7](): 5,961,600
Level DRAM: Eyeriss_Constrained_8L_tile1_16x128, max_latency (sequential layers): 19,180,800


Final WMOPs and Latency calculation for Level: GlobalBuffer
Level: GlobalBuffer, Layer: 0
max_latency_per_layer[0]: 2,592,000 before update
level.getSettedLatencyPerLayer[0](): 5
Level: GlobalBuffer, Layer: 1
max_latency_per_layer[1]: 2,203,200 before update
level.getSettedLatencyPerLayer[1](): 4
Level: GlobalBuffer, Layer: 2
max_latency_per_layer[2]: 1,555,200 before update
level.getSettedLatencyPerLayer[2](): 3
Level: GlobalBuffer, Layer: 3
max_latency_per_layer[3]: 1,555,200 before update
level.getSettedLatencyPerLayer[3](): 3
Level: GlobalBuffer, Layer: 4
max_latency_per_layer[4]: 1,555,200 before update
level.getSettedLatencyPerLayer[4](): 3
Level: GlobalBuffer, Layer: 5
max_latency_per_layer[5]: 1,555,200 before update
level.getSettedLatencyPerLayer[5](): 3
Level: GlobalBuffer, Layer: 6
max_latency_per_layer[6]: 2,203,200 before update
level.getSettedLatencyPerLayer[6](): 4
Level: GlobalBuffer, Layer: 7
max_latency_per_layer[7]: 5,961,600 before update
level.getSettedLatencyPerLayer[7](): 5,961,600
Level GlobalBuffer: Eyeriss_Constrained_8L_tile1_16x128, max_latency (sequential layers): 19,180,800


Final WMOPs and Latency calculation for Level: SACols


Final WMOPs and Latency calculation for Level: SARows


Final WMOPs and Latency calculation for Level: SACols_6


Final WMOPs and Latency calculation for Level: SARows_6


Final WMOPs and Latency calculation for Level: SACols_5


Final WMOPs and Latency calculation for Level: SARows_5


Final WMOPs and Latency calculation for Level: SACols_4


Final WMOPs and Latency calculation for Level: SARows_4


Final WMOPs and Latency calculation for Level: SACols_3


Final WMOPs and Latency calculation for Level: SARows_3


Final WMOPs and Latency calculation for Level: SACols_2


Final WMOPs and Latency calculation for Level: SARows_2


Final WMOPs and Latency calculation for Level: SACols_1


Final WMOPs and Latency calculation for Level: SARows_1


Final WMOPs and Latency calculation for Level: SACols_0


Final WMOPs and Latency calculation for Level: SARows_0


Final WMOPs and Latency calculation for Level: InRegister
Level: InRegister, Layer: 0
max_latency_per_layer[0]: 2,592,000 before update
level.getSettedLatencyPerLayer[0](): 5
Level: InRegister, Layer: 1
max_latency_per_layer[1]: 2,203,200 before update
level.getSettedLatencyPerLayer[1](): 1
Level: InRegister, Layer: 2
max_latency_per_layer[2]: 1,555,200 before update
level.getSettedLatencyPerLayer[2](): 3
Level: InRegister, Layer: 3
max_latency_per_layer[3]: 1,555,200 before update
level.getSettedLatencyPerLayer[3](): 3
Level: InRegister, Layer: 4
max_latency_per_layer[4]: 1,555,200 before update
level.getSettedLatencyPerLayer[4](): 3
Level: InRegister, Layer: 5
max_latency_per_layer[5]: 1,555,200 before update
level.getSettedLatencyPerLayer[5](): 3
Level: InRegister, Layer: 6
max_latency_per_layer[6]: 2,203,200 before update
level.getSettedLatencyPerLayer[6](): 1
Level: InRegister, Layer: 7
max_latency_per_layer[7]: 5,961,600 before update
level.getSettedLatencyPerLayer[7](): 3,110,400
Level InRegister: Eyeriss_Constrained_8L_tile1_16x128, max_latency (sequential layers): 19,180,800


Final WMOPs and Latency calculation for Level: WRegister
Level: WRegister, Layer: 0
max_latency_per_layer[0]: 2,592,000 before update
level.getSettedLatencyPerLayer[0](): 5
Level: WRegister, Layer: 1
max_latency_per_layer[1]: 2,203,200 before update
level.getSettedLatencyPerLayer[1](): 1
Level: WRegister, Layer: 2
max_latency_per_layer[2]: 1,555,200 before update
level.getSettedLatencyPerLayer[2](): 3
Level: WRegister, Layer: 3
max_latency_per_layer[3]: 1,555,200 before update
level.getSettedLatencyPerLayer[3](): 3
Level: WRegister, Layer: 4
max_latency_per_layer[4]: 1,555,200 before update
level.getSettedLatencyPerLayer[4](): 3
Level: WRegister, Layer: 5
max_latency_per_layer[5]: 1,555,200 before update
level.getSettedLatencyPerLayer[5](): 3
Level: WRegister, Layer: 6
max_latency_per_layer[6]: 2,203,200 before update
level.getSettedLatencyPerLayer[6](): 1
Level: WRegister, Layer: 7
max_latency_per_layer[7]: 5,961,600 before update
level.getSettedLatencyPerLayer[7](): 3,110,400
Level WRegister: Eyeriss_Constrained_8L_tile1_16x128, max_latency (sequential layers): 19,180,800


Final WMOPs and Latency calculation for Level: IntermediateRegister
Level: IntermediateRegister, Layer: 0
max_latency_per_layer[0]: 2,592,000 before update
level.getSettedLatencyPerLayer[0](): 1
Level: IntermediateRegister, Layer: 1
max_latency_per_layer[1]: 2,203,200 before update
level.getSettedLatencyPerLayer[1](): 1
Level: IntermediateRegister, Layer: 2
max_latency_per_layer[2]: 1,555,200 before update
level.getSettedLatencyPerLayer[2](): 1
Level: IntermediateRegister, Layer: 3
max_latency_per_layer[3]: 1,555,200 before update
level.getSettedLatencyPerLayer[3](): 1
Level: IntermediateRegister, Layer: 4
max_latency_per_layer[4]: 1,555,200 before update
level.getSettedLatencyPerLayer[4](): 1
Level: IntermediateRegister, Layer: 5
max_latency_per_layer[5]: 1,555,200 before update
level.getSettedLatencyPerLayer[5](): 1
Level: IntermediateRegister, Layer: 6
max_latency_per_layer[6]: 2,203,200 before update
level.getSettedLatencyPerLayer[6](): 1
Level: IntermediateRegister, Layer: 7
max_latency_per_layer[7]: 5,961,600 before update
level.getSettedLatencyPerLayer[7](): 3,110,400
Level IntermediateRegister: Eyeriss_Constrained_8L_tile1_16x128, max_latency (sequential layers): 19,180,800


Final WMOPs and Latency calculation for Level: OutRegister
Level: OutRegister, Layer: 0
max_latency_per_layer[0]: 2,592,000 before update
level.getSettedLatencyPerLayer[0](): 1
Level: OutRegister, Layer: 1
max_latency_per_layer[1]: 2,203,200 before update
level.getSettedLatencyPerLayer[1](): 1
Level: OutRegister, Layer: 2
max_latency_per_layer[2]: 1,555,200 before update
level.getSettedLatencyPerLayer[2](): 1
Level: OutRegister, Layer: 3
max_latency_per_layer[3]: 1,555,200 before update
level.getSettedLatencyPerLayer[3](): 1
Level: OutRegister, Layer: 4
max_latency_per_layer[4]: 1,555,200 before update
level.getSettedLatencyPerLayer[4](): 1
Level: OutRegister, Layer: 5
max_latency_per_layer[5]: 1,555,200 before update
level.getSettedLatencyPerLayer[5](): 1
Level: OutRegister, Layer: 6
max_latency_per_layer[6]: 2,203,200 before update
level.getSettedLatencyPerLayer[6](): 1
Level: OutRegister, Layer: 7
max_latency_per_layer[7]: 5,961,600 before update
level.getSettedLatencyPerLayer[7](): 3,110,400
Level OutRegister: Eyeriss_Constrained_8L_tile1_16x128, max_latency (sequential layers): 19,180,800


Final WMOPs and Latency calculation for Level: Compute
Compute level latency: 1
Compute latency for layer 0: 2,592,000
Compute latency for layer 1: 518,400
Compute latency for layer 2: 1,555,200
Compute latency for layer 3: 1,555,200
Compute latency for layer 4: 1,555,200
Compute latency for layer 5: 1,555,200
Compute latency for layer 6: 518,400
Compute latency for layer 7: 3,110,400
max_latency initially: 19180800.0
compute_latency from compute level: 12,960,000
max_latency after compute: 19,180,800, before fanout_level
DRAM in_reads set to: 1555200, w_reads set to: 18792, out_reads: 0, int_in_reads: 0, int_out_reads: 0
DRAM Reads: 1573992: in:1555200, w:18792, out:0, int_in:0, int_out:0
level SACols utilization: 16/16=1.0
utilization after level SACols: 1.0
level SARows utilization: 84/128=0.65625
utilization after level SARows: 0.65625
level SACols_6 utilization: 14/16=0.875
utilization after level SACols_6: 0.57421875
level SARows_6 utilization: 48/128=0.375
utilization after level SARows_6: 0.21533203125
level SACols_5 utilization: 12/16=0.75
utilization after level SACols_5: 0.1614990234375
level SARows_5 utilization: 36/128=0.28125
utilization after level SARows_5: 0.045421600341796875
level SACols_4 utilization: 12/16=0.75
utilization after level SACols_4: 0.034066200256347656
level SARows_4 utilization: 36/128=0.28125
utilization after level SARows_4: 0.009581118822097778
level SACols_3 utilization: 12/16=0.75
utilization after level SACols_3: 0.007185839116573334
level SARows_3 utilization: 36/128=0.28125
utilization after level SARows_3: 0.00202101725153625
level SACols_2 utilization: 12/16=0.75
utilization after level SACols_2: 0.0015157629386521876
level SARows_2 utilization: 36/128=0.28125
utilization after level SARows_2: 0.00042630832649592776
level SACols_1 utilization: 12/16=0.75
utilization after level SACols_1: 0.0003197312448719458
level SARows_1 utilization: 56/128=0.4375
utilization after level SARows_1: 0.0001398824196314763
level SACols_0 utilization: 14/16=0.875
utilization after level SACols_0: 0.00012239711717754176
level SARows_0 utilization: 60/128=0.46875
utilization after level SARows_0: 5.73736486769727e-05
level Compute utilization: 1/1=1.0
utilization after level Compute: 5.73736486769727e-05
Arch: Eyeriss_Constrained_8L_tile1_16x128: spatial utilization is 5.73736486769727e-05

Finished in: 0.241s

Best mapping found with:
	Wart: 4.189e+49
	EDP: 6.523e+05 (J*cycle)
	Energy: 3.294e+04 (uJ)
	Latency: 1.918e+07 (cc)

Mapping:
DRAM ----------> P: 540, Q: 960, Y6: 540, X6: 960, Y5: 540, X5: 960, Y4: 540, X4: 960, Y3: 540, X3: 960, Y2: 540, X2: 960, Y1: 540, X1: 960, Y0: 540, X0: 960
GlobalBuffer --
SACols --------> Z7: 16
SARows --------> S7: 3, C7: 28
SACols_6 ------> Z6: 14
SARows_6 ------> C6: 12, Z6: 4
SACols_5 ------> Z5: 12
SARows_5 ------> S5: 3, C5: 12
SACols_4 ------> Z4: 12
SARows_4 ------> S4: 3, C4: 12
SACols_3 ------> Z3: 12
SARows_3 ------> S3: 3, C3: 12
SACols_2 ------> Z2: 12
SARows_2 ------> S2: 3, C2: 12
SACols_1 ------> Z1: 12
SARows_1 ------> C1: 56
SACols_0 ------> Z0: 14
SARows_0 ------> S0: 5, C0: 3, Z0: 4
InRegister ----
WRegister -----> C7: 2, R7: 3, R5: 3, R4: 3, R3: 3, R2: 3, R0: 5
IntermediateRegister 
OutRegister ---
Compute -------

Final MOPs per memory level:
PRINT MOP FUSION!!!
DRAM:		Output Reads = 0 (reads) + 0 (drains), Output Writes = 8,294,400 (updates) + 0 (fills)
DRAM:		Input Reads = 1,555,200 (reads), Input Writes = 0 (writes)
DRAM:		Per-Layer W_R: [L0: 4,200, L1: 672, L2: 1,296, L3: 1,296, L4: 1,296, L5: 1,296, L6: 672, L7: 8,064], Total: 18,792
DRAM:		Per-Layer Int_In_R: [L0: 0, L1: 0, L2: 0, L3: 0, L4: 0, L5: 0, L6: 0], Total: 0
DRAM:		Per-Layer Int_Out_R: [L0: 0, L1: 0, L2: 0, L3: 0, L4: 0, L5: 0, L6: 0], Total: 0
DRAM:		Per-Layer Int_Out_W: [L0: 0, L1: 0, L2: 0, L3: 0, L4: 0, L5: 0, L6: 0], Total: 0
DRAM:		Total Reads = 1,573,992, Total Writes = 8,294,400
DEBUG: Calculating WMOPs for level DRAM with reads=1573992, writes=8294400
DEBUG: WMOPs for level DRAM = 1,578,942,720.000, 1.579e+09 pJ
GlobalBuffer:	Output Reads = 0 (reads) + 8,294,400 (drains), Output Writes = 8,294,400 (updates) + 0 (fills)
GlobalBuffer:	Input Reads = 7,776,000 (reads), Input Writes = 1,555,200 (writes)
GlobalBuffer:	Per-Layer W_R: [L0: 0, L1: 0, L2: 0, L3: 0, L4: 0, L5: 0, L6: 0, L7: 0], Total: 0
GlobalBuffer:	Per-Layer Int_In_R: [L0: 29,030,400, L1: 18,662,400, L2: 18,662,400, L3: 18,662,400, L4: 18,662,400, L5: 6,220,800, L6: 87,091,200], Total: 196,992,000
GlobalBuffer:	Per-Layer Int_Out_R: [L0: 29,030,400, L1: 6,220,800, L2: 6,220,800, L3: 6,220,800, L4: 6,220,800, L5: 6,220,800, L6: 29,030,400], Total: 89,164,800
GlobalBuffer:	Per-Layer Int_Out_W: [L0: 29,030,400, L1: 6,220,800, L2: 6,220,800, L3: 6,220,800, L4: 6,220,800, L5: 6,220,800, L6: 29,030,400], Total: 89,164,800
GlobalBuffer:	Total Reads = 302,227,200, Total Writes = 99,014,400
DEBUG: Calculating WMOPs for level GlobalBuffer with reads=302227200, writes=99014400
DEBUG: WMOPs for level GlobalBuffer = 1,676,867,136.490, 1.677e+09 pJ
InRegister:	Input Reads = 2,177,280,000 (reads), Input Writes = 435,456,000 (writes)
InRegister:	Per-Layer W_R: [L0: 0, L1: 0, L2: 0, L3: 0, L4: 0, L5: 0, L6: 0, L7: 0], Total: 0
InRegister:	Per-Layer Int_In_R: [L0: 348,364,800, L1: 671,846,400, L2: 671,846,400, L3: 671,846,400, L4: 671,846,400, L5: 348,364,800, L6: 4,180,377,600], Total: 7,564,492,800
InRegister:	Per-Layer Int_Out_R: [L0: 0, L1: 0, L2: 0, L3: 0, L4: 0, L5: 0, L6: 0], Total: 0
InRegister:	Per-Layer Int_Out_W: [L0: 0, L1: 0, L2: 0, L3: 0, L4: 0, L5: 0, L6: 0], Total: 0
InRegister:	Total Reads = 9,741,772,800, Total Writes = 435,456,000
DEBUG: Calculating WMOPs for level InRegister with reads=9741772800, writes=435456000
DEBUG: WMOPs for level InRegister = 5,319,610,181.728, 5.320e+09 pJ
WRegister:	Per-Layer W_R: [L0: 2,177,280,000, L1: 348,364,800, L2: 671,846,400, L3: 671,846,400, L4: 671,846,400, L5: 671,846,400, L6: 348,364,800, L7: 4,180,377,600], Total: 9,741,772,800
WRegister:	Per-Layer Int_In_R: [L0: 0, L1: 0, L2: 0, L3: 0, L4: 0, L5: 0, L6: 0], Total: 0
WRegister:	Per-Layer Int_Out_R: [L0: 0, L1: 0, L2: 0, L3: 0, L4: 0, L5: 0, L6: 0], Total: 0
WRegister:	Per-Layer Int_Out_W: [L0: 0, L1: 0, L2: 0, L3: 0, L4: 0, L5: 0, L6: 0], Total: 0
WRegister:	Total Reads = 9,741,772,800, Total Writes = 0
DEBUG: Calculating WMOPs for level WRegister with reads=9741772800, writes=0
DEBUG: WMOPs for level WRegister = 23,720,186,294.874, 2.372e+10 pJ
IntermediateRegister:Per-Layer W_R: [L0: 0, L1: 0, L2: 0, L3: 0, L4: 0, L5: 0, L6: 0, L7: 0], Total: 0
IntermediateRegister:Per-Layer Int_In_R: [L0: 0, L1: 0, L2: 0, L3: 0, L4: 0, L5: 0, L6: 0], Total: 0
IntermediateRegister:Per-Layer Int_Out_R: [L0: 2,612,736,000, L1: 696,729,600, L2: 895,795,200, L3: 895,795,200, L4: 895,795,200, L5: 895,795,200, L6: 696,729,600], Total: 7,589,376,000
IntermediateRegister:Per-Layer Int_Out_W: [L0: 2,612,736,000, L1: 696,729,600, L2: 895,795,200, L3: 895,795,200, L4: 895,795,200, L5: 895,795,200, L6: 696,729,600], Total: 7,589,376,000
IntermediateRegister:Total Reads = 7,589,376,000, Total Writes = 7,589,376,000
DEBUG: Calculating WMOPs for level IntermediateRegister with reads=7589376000, writes=7589376000
DEBUG: WMOPs for level IntermediateRegister = 29,153,128,244.984, 2.915e+10 pJ
OutRegister:	Output Reads = 3,483,648,000 (reads) + 696,729,600 (drains), Output Writes = 4,180,377,600 (updates) + 0 (fills)
OutRegister:	Per-Layer W_R: [L0: 0, L1: 0, L2: 0, L3: 0, L4: 0, L5: 0, L6: 0, L7: 0], Total: 0
OutRegister:	Per-Layer Int_In_R: [L0: 0, L1: 0, L2: 0, L3: 0, L4: 0, L5: 0, L6: 0], Total: 0
OutRegister:	Per-Layer Int_Out_R: [L0: 0, L1: 0, L2: 0, L3: 0, L4: 0, L5: 0, L6: 0], Total: 0
OutRegister:	Per-Layer Int_Out_W: [L0: 0, L1: 0, L2: 0, L3: 0, L4: 0, L5: 0, L6: 0], Total: 0
OutRegister:	Total Reads = 4,180,377,600, Total Writes = 4,180,377,600
DEBUG: Calculating WMOPs for level OutRegister with reads=4180377600, writes=4180377600
DEBUG: WMOPs for level OutRegister = 32,145,699,548.651, 3.215e+10 pJ
Totals:		31,557,100,392 R, 12,312,518,400 W, 43,869,618,792 Tot
Energy:		32,938.401 uJ

Final Latency per level:
DRAM:		19,180,800 cc Read Drain , 19,180,800 cc Fill Update (Total across 8 layers), 4.0 Read Bandwidth , 4.0 Write Bandwidth,
		0.602 Max Ideal Read , 0.000 Max Ideal Drain , 1.391 Max Ideal Update , 0.000 Max Ideal Fill , 
		0 Total Stall Cycles
GlobalBuffer:	5,961,626 cc Read Drain , 3,110,422 cc Fill Update (Total across 8 layers), 16.0 Read Bandwidth , 16.0 Write Bandwidth,
		68.000 Max Ideal Read , 2.667 Max Ideal Drain , 56.000 Max Ideal Update , 0.600 Max Ideal Fill , 
		12 Total Stall Cycles
InRegister:	3,110,419 cc Read Drain , 3,110,419 cc Fill Update (Total across 8 layers), 2.0 Read Bandwidth , 2.0 Write Bandwidth,
		1.000 Max Ideal Read , 0.000 Max Ideal Drain , 0.000 Max Ideal Update , 1.000 Max Ideal Fill , 
		0 Total Stall Cycles
WRegister:	3,110,419 cc Read Drain , 3,110,419 cc Fill Update (Total across 8 layers), 2.0 Read Bandwidth , 2.0 Write Bandwidth,
		1.000 Max Ideal Read , 0.000 Max Ideal Drain , 0.000 Max Ideal Update , 0.000 Max Ideal Fill , 
		0 Total Stall Cycles
IntermediateRegister:3,110,407 cc Read Drain , 3,110,407 cc Fill Update (Total across 8 layers), 2.0 Read Bandwidth , 2.0 Write Bandwidth,
		1.200 Max Ideal Read , 1.000 Max Ideal Drain , 1.000 Max Ideal Update , 1.000 Max Ideal Fill , 
		0 Total Stall Cycles
OutRegister:	3,110,407 cc Read Drain , 3,110,407 cc Fill Update (Total across 8 layers), 2.0 Read Bandwidth , 2.0 Write Bandwidth,
		0.833 Max Ideal Read , 0.167 Max Ideal Drain , 1.000 Max Ideal Update , 0.000 Max Ideal Fill , 
		0 Total Stall Cycles
Max Latency:	5,961,600 cc of level GlobalBuffer
  OK Energy: 3.294e+04 uJ, Latency: 1.918e+07 cc, EDP: 6.52e+05

--- BASELINE: SINGLE LAYERS ---
------ loading Accelergy for Eyeriss ------
[Constrained Eyeriss] Single layer, tile_size=1
  DRAM: {'Q': 960, 'P': 540, 'M': 1, 'C': 1, 'R': 1, 'S': 1}
  GlobalBuffer: {'Q': 1, 'P': 1, 'M': 1, 'C': 1, 'R': 1, 'S': 1}
  SACols: {'Q': 1, 'M': 14}
  SARows: {'S': 5, 'C': 3, 'M': 4}
  WRegister: {'C': 1, 'R': 5, 'M': 1, 'P': 1, 'Q': 1, 'S': 1}
  OutRegister: {'M': 1, 'C': 1, 'P': 1, 'Q': 1, 'R': 1, 'S': 1}
Creating architecture: Eyeriss_Constrained_1L_tile1_16x128 with coupling: dims: MPQCRS, in_coupling: [C][P+R][Q+S], w_coupling: W0: [M][C][R][S],, out_coupling: [M][P][Q]
Starting engine with mapper: breadthfirst_local

WARNING: running on a Python version without free-threading (GIL enabled), this program relies heavily on true multithreading, thus expect a severe performance hit with your current setup. Consider updating to Python 3.13t or newer.
INFO: running multithreaded with THREADS_COUNT = 8

DEBUG interleave: START - Called from breadthfirst_local.py:600 in optimizeDataflows()
                       array=['P', 'Q'], elements=['M', 'C', 'R', 'S'] (len=4)
DEBUG interleave: START - Called from breadthfirst_local.py:600 in optimizeDataflows()
                       array=['Q', 'S', 'C', 'R'], elements=['M', 'P'] (len=2)
DEBUG interleave: START - Called from breadthfirst_local.py:600 in optimizeDataflows()
                       array=['S', 'R', 'Q', 'P', 'C', 'M'], elements=[] (len=0)
DEBUG interleave: START - Called from breadthfirst_local.py:600 in optimizeDataflows()
                       array=['C', 'R', 'S', 'Q', 'P', 'M'], elements=[] (len=0)
DEBUG interleave: START - Called from breadthfirst_local.py:600 in optimizeDataflows()
                       array=['M', 'S', 'R', 'Q', 'P', 'C'], elements=[] (len=0)
-------- factorFlow -------- CIAO
Arch after initialization:
Input FC size: 1

Input size: 1573248

Output size: 29030400

Weight size: 4200

Intermediate input size: 0
Total intermediate size (input + output): 0

input_size: 1573248, output_size: 29030400, weight_size: 4200, intermediate_size: 0
Total mem footprint: 30607850



Input FC size: 1

Input size: 75

Output size: 56

Weight size: 0

Intermediate input size: 0
Total intermediate size (input + output): 0

input_size: 75, output_size: 56, weight_size: 0, intermediate_size: 0
Total mem footprint: 133



Input FC size: 1

Input size: 5

Output size: 0

Weight size: 0

Intermediate input size: 0
Total intermediate size (input + output): 0

input_size: 5, output_size: 0, weight_size: 0, intermediate_size: 0
Total mem footprint: 7



Input FC size: 1

Input size: 0

Output size: 0

Weight size: 5

Intermediate input size: 0
Total intermediate size (input + output): 0

input_size: 0, output_size: 0, weight_size: 5, intermediate_size: 0
Total mem footprint: 6



Input FC size: 1

Input size: 0

Output size: 1

Weight size: 0

Intermediate input size: 0
Total intermediate size (input + output): 0

input_size: 0, output_size: 1, weight_size: 0, intermediate_size: 0
Total mem footprint: 2



DRAM ----------> P: 540, Q: 960
GlobalBuffer --
SACols --------> M: 14
SARows --------> S: 5, C: 3, M: 4
InRegister ----
WRegister -----> R: 5
OutRegister ---
Compute -------

Starting FactorFlow tiling optimization:

é stato chiamato update stats! 




Questo mops è chiamato da update stats
Level: DRAM, arch bypasses for the level: [], in_bp: 1, w_bp: 0, out_bp: 1, int_in_bp: 1, int_out_bp: 1
DEBUG updateStats pre scaling: Level DRAM:
  in_reads: 1555200
  per_layer_w_reads: {0: 4200}
  per_layer_int_in_reads: {}
  per_layer_int_out_reads: {}
  per_layer_int_out_writes: {}
  out_reads: 29030400
  out_writes: 29030400
  out_reads_factors: 1
scale_per_layer[0]: 1, temporal_iterations_per_layer[0]: 1, spatial_iterations_per_layer[0]: 1
DEBUG: results after scaling: Level DRAM: in_reads=1555200, w_reads=4200, int_in_reads=0, int_out_reads=0, int_out_writes=0, out_writes=29030400, out_reads=29030400, out_reads_factors=1
DEBUG: Level DRAM adjusted out_reads for no bias read: 0
DEBUG updateStats post scaling: Level DRAM:
  in_reads: 1,555,200
  per_layer_w_reads: {0: 4200}
  w_reads: 4,200
  per_layer_int_in_reads: {}
  per_layer_int_in_writes: {}
  int_in_reads: 0
  per_layer_int_out_reads: {}
  per_layer_int_out_writes: {}
  int_out_reads: 0
  out_reads: 0
  out_writes: 29,030,400
  out_reads_factors: 1
in_writes: 0, w_writes: 0, int_in_writes: 0, int_out_writes: 0, out_writes: 29030400
Name of the level: DRAM, level active instances per layer: {0: 1}, level active instances: 1
End first part of update for level: DRAM



Questo mops è chiamato da update stats
Level: GlobalBuffer, arch bypasses for the level: ['w'], in_bp: 1, w_bp: 0, out_bp: 0, int_in_bp: 1, int_out_bp: 1
DEBUG updateStats pre scaling: Level GlobalBuffer:
  in_reads: 15
  per_layer_w_reads: {0: 0}
  per_layer_int_in_reads: {}
  per_layer_int_out_reads: {}
  per_layer_int_out_writes: {}
  out_reads: 56
  out_writes: 56
  out_reads_factors: 1
scale_per_layer[0]: 518400, temporal_iterations_per_layer[0]: 518400, spatial_iterations_per_layer[0]: 1
DEBUG: results after scaling: Level GlobalBuffer: in_reads=7776000, w_reads=0, int_in_reads=0, int_out_reads=0, int_out_writes=0, out_writes=29030400, out_reads=29030400, out_reads_factors=1
DEBUG: Level GlobalBuffer adjusted out_reads for no bias read: 0
DEBUG updateStats post scaling: Level GlobalBuffer:
  in_reads: 7,776,000
  per_layer_w_reads: {0: 0}
  w_reads: 0
  per_layer_int_in_reads: {}
  per_layer_int_in_writes: {}
  int_in_reads: 0
  per_layer_int_out_reads: {}
  per_layer_int_out_writes: {}
  int_out_reads: 0
  out_reads: 29,030,400
  out_writes: 29,030,400
  out_reads_factors: 1
in_writes: 1555200, w_writes: 0, int_in_writes: 0, int_out_writes: 0, out_writes: 29030400
Name of the level: GlobalBuffer, level active instances per layer: {0: 1}, level active instances: 1
End first part of update for level: GlobalBuffer



Calculating Fanout Level: SACols, updating spatial and last reads
End of the first part of Update Stats for fanout level: SACols


Calculating Fanout Level: SARows, updating spatial and last reads
End of the first part of Update Stats for fanout level: SARows


Questo mops è chiamato da update stats
Level: InRegister, arch bypasses for the level: ['w', 'out'], in_bp: 0, w_bp: 0, out_bp: 0, int_in_bp: 1, int_out_bp: 1
DEBUG updateStats pre scaling: Level InRegister:
  in_reads: 5
  per_layer_w_reads: {0: 0}
  per_layer_int_in_reads: {}
  per_layer_int_out_reads: {}
  per_layer_int_out_writes: {}
  out_reads: 0
  out_writes: 0
  out_reads_factors: 0
scale_per_layer[0]: 518400, temporal_iterations_per_layer[0]: 518400, spatial_iterations_per_layer[0]: 1
DEBUG: results after scaling: Level InRegister: in_reads=2592000, w_reads=0, int_in_reads=0, int_out_reads=0, int_out_writes=0, out_writes=0, out_reads=0, out_reads_factors=0
DEBUG updateStats post scaling: Level InRegister:
  in_reads: 2,592,000
  per_layer_w_reads: {0: 0}
  w_reads: 0
  per_layer_int_in_reads: {}
  per_layer_int_in_writes: {}
  int_in_reads: 0
  per_layer_int_out_reads: {}
  per_layer_int_out_writes: {}
  int_out_reads: 0
  out_reads: 0
  out_writes: 0
  out_reads_factors: 0
in_writes: 435456000, w_writes: 0, int_in_writes: 0, int_out_writes: 0, out_writes: 0
Name of the level: InRegister, level active instances per layer: {0: 1}, level active instances: 840
End first part of update for level: InRegister



Questo mops è chiamato da update stats
Level: WRegister, arch bypasses for the level: ['in', 'out'], in_bp: 0, w_bp: 0, out_bp: 0, int_in_bp: 1, int_out_bp: 1
DEBUG updateStats pre scaling: Level WRegister:
  in_reads: 0
  per_layer_w_reads: {0: 5}
  per_layer_int_in_reads: {}
  per_layer_int_out_reads: {}
  per_layer_int_out_writes: {}
  out_reads: 0
  out_writes: 0
  out_reads_factors: 0
scale_per_layer[0]: 518400, temporal_iterations_per_layer[0]: 518400, spatial_iterations_per_layer[0]: 1
DEBUG: results after scaling: Level WRegister: in_reads=0, w_reads=2592000, int_in_reads=0, int_out_reads=0, int_out_writes=0, out_writes=0, out_reads=0, out_reads_factors=0
DEBUG updateStats post scaling: Level WRegister:
  in_reads: 0
  per_layer_w_reads: {0: 2592000}
  w_reads: 2,592,000
  per_layer_int_in_reads: {}
  per_layer_int_in_writes: {}
  int_in_reads: 0
  per_layer_int_out_reads: {}
  per_layer_int_out_writes: {}
  int_out_reads: 0
  out_reads: 0
  out_writes: 0
  out_reads_factors: 0
in_writes: 0, w_writes: 4200, int_in_writes: 0, int_out_writes: 0, out_writes: 0
Name of the level: WRegister, level active instances per layer: {0: 1}, level active instances: 840
End first part of update for level: WRegister



Questo mops è chiamato da update stats
Level: OutRegister, arch bypasses for the level: ['in', 'w'], in_bp: 0, w_bp: 0, out_bp: 1, int_in_bp: 1, int_out_bp: 1
DEBUG updateStats pre scaling: Level OutRegister:
  in_reads: 0
  per_layer_w_reads: {0: 0}
  per_layer_int_in_reads: {}
  per_layer_int_out_reads: {}
  per_layer_int_out_writes: {}
  out_reads: 1
  out_writes: 1
  out_reads_factors: 1
scale_per_layer[0]: 2592000, temporal_iterations_per_layer[0]: 2592000, spatial_iterations_per_layer[0]: 1
DEBUG: results after scaling: Level OutRegister: in_reads=0, w_reads=0, int_in_reads=0, int_out_reads=0, int_out_writes=0, out_writes=2592000, out_reads=2592000, out_reads_factors=5
DEBUG: Level OutRegister adjusted out_reads for no bias read: 2073600
DEBUG updateStats post scaling: Level OutRegister:
  in_reads: 0
  per_layer_w_reads: {0: 0}
  w_reads: 0
  per_layer_int_in_reads: {}
  per_layer_int_in_writes: {}
  int_in_reads: 0
  per_layer_int_out_reads: {}
  per_layer_int_out_writes: {}
  int_out_reads: 0
  out_reads: 437,529,600
  out_writes: 2,592,000
  out_reads_factors: 5
in_writes: 0, w_writes: 0, int_in_writes: 0, int_out_writes: 0, out_writes: 2592000
Name of the level: OutRegister, level active instances per layer: {0: 1}, level active instances: 840
End first part of update for level: OutRegister



Calculating WMOPs for Compute Level
Compute Level Compute WMOPs_per_layer: {0: 210914.56073009706}
WMOPs_till_now before compute level: 5,230,042,935.707
Compute Level Compute total WMOPs from per layer sum: 210914.56073009706
Compute Level Compute total WMOPs: 177168231.01328152
Total WMOPs after adding compute level: 5230253850.268189
END FIRST PART OF UPDATE STATS


First cc_per_tile, it is from compute = 1
First cc_per_tile_per_layer it is from compute = {0: 1}


Calculating Latency for Level: OutRegister
ideal_bandwidth_read + ideal_bandwidth_drain: 0.20095238095238097 vs level.read_bandwidth: 2.0
entro nel caso ideale read + drain
ideal_bandwidth_fill + ideal_bandwidth_update: 0.0011904761904761906 vs level.write_bandwidth: 2.0
entro nel caso ideale fill + update


Calculating Latency for Level: WRegister
ideal_bandwidth_read + ideal_bandwidth_drain: 0.0011904761904761906 vs level.read_bandwidth: 2.0
entro nel caso ideale read + drain
ideal_bandwidth_fill + ideal_bandwidth_update: 0.0 vs level.write_bandwidth: 2.0
entro nel caso ideale fill + update


Calculating Latency for Level: InRegister
ideal_bandwidth_read + ideal_bandwidth_drain: 0.0011904761904761906 vs level.read_bandwidth: 2.0
entro nel caso ideale read + drain
ideal_bandwidth_fill + ideal_bandwidth_update: 0.2 vs level.write_bandwidth: 2.0
entro nel caso ideale fill + update


Calculating Latency for Level: GlobalBuffer
ideal_bandwidth_read + ideal_bandwidth_drain: 14.2 vs level.read_bandwidth: 16.0
entro nel caso ideale read + drain
ideal_bandwidth_fill + ideal_bandwidth_update: 11.799999999999999 vs level.write_bandwidth: 16.0
entro nel caso ideale fill + update


Calculating Latency for Level: DRAM
ideal_bandwidth_read + ideal_bandwidth_drain: 0.6016203703703704 vs level.read_bandwidth: 4.0
entro nel caso ideale read + drain
ideal_bandwidth_fill + ideal_bandwidth_update: 11.2 vs level.write_bandwidth: 4.0


Final WMOPs and Latency calculation for Level: DRAM


Final WMOPs and Latency calculation for Level: GlobalBuffer


Final WMOPs and Latency calculation for Level: SACols


Final WMOPs and Latency calculation for Level: SARows


Final WMOPs and Latency calculation for Level: InRegister


Final WMOPs and Latency calculation for Level: WRegister


Final WMOPs and Latency calculation for Level: OutRegister


Final WMOPs and Latency calculation for Level: Compute
Compute level latency: 1
level SACols utilization: 14/16=0.875
utilization after level SACols: 0.875
level SARows utilization: 60/128=0.46875
utilization after level SARows: 0.41015625
level Compute utilization: 1/1=1.0
utilization after level Compute: 0.41015625
Arch: Eyeriss_Constrained_1L_tile1_16x128: spatial utilization is 0.41015625
utilization used in WART calculation: 0.41015625
CIAO!
updateStats2
-- fanout maximization --
Input FC size: 1

Input size: 31008

Output size: 453600

Weight size: 4200

Intermediate input size: 0
Total intermediate size (input + output): 0

input_size: 31008, output_size: 453600, weight_size: 4200, intermediate_size: 0
Total mem footprint: 488810



Input FC size: 1

Input size: 55488

Output size: 907200

Weight size: 4200

Intermediate input size: 0
Total intermediate size (input + output): 0

input_size: 55488, output_size: 907200, weight_size: 4200, intermediate_size: 0
Total mem footprint: 966890



Input FC size: 1

Input size: 104448

Output size: 1814400

Weight size: 4200

Intermediate input size: 0
Total intermediate size (input + output): 0

input_size: 104448, output_size: 1814400, weight_size: 4200, intermediate_size: 0
Total mem footprint: 1923050



Input FC size: 1

Input size: 202368

Output size: 3628800

Weight size: 4200

Intermediate input size: 0
Total intermediate size (input + output): 0

input_size: 202368, output_size: 3628800, weight_size: 4200, intermediate_size: 0
Total mem footprint: 3835370



Input FC size: 1

Input size: 398208

Output size: 7257600

Weight size: 4200

Intermediate input size: 0
Total intermediate size (input + output): 0

input_size: 398208, output_size: 7257600, weight_size: 4200, intermediate_size: 0
Total mem footprint: 7660010



Input FC size: 1

Input size: 789888

Output size: 14515200

Weight size: 4200

Intermediate input size: 0
Total intermediate size (input + output): 0

input_size: 789888, output_size: 14515200, weight_size: 4200, intermediate_size: 0
Total mem footprint: 15309290



-- local search of memory levels --
Choices after one step: {}
No valid follow-up configuration, stopping, current Wart: 4.705e-08
Total moves: 0
Total choices: 1
Choices: {}
Getting flat weight coupling for layer None
Getting flat weight coupling for layer None
Getting flat weight coupling for layer None
-- spatial-memory levels co-optimization --
Choices after one step: {}
No valid follow-up configuration, stopping, current Wart: 4.705e-08
Total moves: 0
Total choices: 1
Choices: {}
Getting flat weight coupling for layer None
Getting flat weight coupling for layer None
Getting flat weight coupling for layer None
é stato chiamato update stats! 




Questo mops è chiamato da update stats
Level: DRAM, arch bypasses for the level: [], in_bp: 1, w_bp: 0, out_bp: 1, int_in_bp: 1, int_out_bp: 1
DEBUG updateStats pre scaling: Level DRAM:
  in_reads: 1555200
  per_layer_w_reads: {0: 4200}
  per_layer_int_in_reads: {}
  per_layer_int_out_reads: {}
  per_layer_int_out_writes: {}
  out_reads: 29030400
  out_writes: 29030400
  out_reads_factors: 1
scale_per_layer[0]: 1, temporal_iterations_per_layer[0]: 1, spatial_iterations_per_layer[0]: 1
DEBUG: results after scaling: Level DRAM: in_reads=1555200, w_reads=4200, int_in_reads=0, int_out_reads=0, int_out_writes=0, out_writes=29030400, out_reads=29030400, out_reads_factors=1
DEBUG: Level DRAM adjusted out_reads for no bias read: 0
DEBUG updateStats post scaling: Level DRAM:
  in_reads: 1,555,200
  per_layer_w_reads: {0: 4200}
  w_reads: 4,200
  per_layer_int_in_reads: {}
  per_layer_int_in_writes: {}
  int_in_reads: 0
  per_layer_int_out_reads: {}
  per_layer_int_out_writes: {}
  int_out_reads: 0
  out_reads: 0
  out_writes: 29,030,400
  out_reads_factors: 1
in_writes: 0, w_writes: 0, int_in_writes: 0, int_out_writes: 0, out_writes: 29030400
Name of the level: DRAM, level active instances per layer: {0: 1}, level active instances: 1
End first part of update for level: DRAM



Questo mops è chiamato da update stats
Level: GlobalBuffer, arch bypasses for the level: ['w'], in_bp: 1, w_bp: 0, out_bp: 0, int_in_bp: 1, int_out_bp: 1
DEBUG updateStats pre scaling: Level GlobalBuffer:
  in_reads: 15
  per_layer_w_reads: {0: 0}
  per_layer_int_in_reads: {}
  per_layer_int_out_reads: {}
  per_layer_int_out_writes: {}
  out_reads: 56
  out_writes: 56
  out_reads_factors: 1
scale_per_layer[0]: 518400, temporal_iterations_per_layer[0]: 518400, spatial_iterations_per_layer[0]: 1
DEBUG: results after scaling: Level GlobalBuffer: in_reads=7776000, w_reads=0, int_in_reads=0, int_out_reads=0, int_out_writes=0, out_writes=29030400, out_reads=29030400, out_reads_factors=1
DEBUG: Level GlobalBuffer adjusted out_reads for no bias read: 0
DEBUG updateStats post scaling: Level GlobalBuffer:
  in_reads: 7,776,000
  per_layer_w_reads: {0: 0}
  w_reads: 0
  per_layer_int_in_reads: {}
  per_layer_int_in_writes: {}
  int_in_reads: 0
  per_layer_int_out_reads: {}
  per_layer_int_out_writes: {}
  int_out_reads: 0
  out_reads: 29,030,400
  out_writes: 29,030,400
  out_reads_factors: 1
in_writes: 1555200, w_writes: 0, int_in_writes: 0, int_out_writes: 0, out_writes: 29030400
Name of the level: GlobalBuffer, level active instances per layer: {0: 1}, level active instances: 1
End first part of update for level: GlobalBuffer



Calculating Fanout Level: SACols, updating spatial and last reads
End of the first part of Update Stats for fanout level: SACols


Calculating Fanout Level: SARows, updating spatial and last reads
End of the first part of Update Stats for fanout level: SARows


Questo mops è chiamato da update stats
Level: InRegister, arch bypasses for the level: ['w', 'out'], in_bp: 0, w_bp: 0, out_bp: 0, int_in_bp: 1, int_out_bp: 1
DEBUG updateStats pre scaling: Level InRegister:
  in_reads: 5
  per_layer_w_reads: {0: 0}
  per_layer_int_in_reads: {}
  per_layer_int_out_reads: {}
  per_layer_int_out_writes: {}
  out_reads: 0
  out_writes: 0
  out_reads_factors: 0
scale_per_layer[0]: 518400, temporal_iterations_per_layer[0]: 518400, spatial_iterations_per_layer[0]: 1
DEBUG: results after scaling: Level InRegister: in_reads=2592000, w_reads=0, int_in_reads=0, int_out_reads=0, int_out_writes=0, out_writes=0, out_reads=0, out_reads_factors=0
DEBUG updateStats post scaling: Level InRegister:
  in_reads: 2,592,000
  per_layer_w_reads: {0: 0}
  w_reads: 0
  per_layer_int_in_reads: {}
  per_layer_int_in_writes: {}
  int_in_reads: 0
  per_layer_int_out_reads: {}
  per_layer_int_out_writes: {}
  int_out_reads: 0
  out_reads: 0
  out_writes: 0
  out_reads_factors: 0
in_writes: 435456000, w_writes: 0, int_in_writes: 0, int_out_writes: 0, out_writes: 0
Name of the level: InRegister, level active instances per layer: {0: 1}, level active instances: 840
End first part of update for level: InRegister



Questo mops è chiamato da update stats
Level: WRegister, arch bypasses for the level: ['in', 'out'], in_bp: 0, w_bp: 0, out_bp: 0, int_in_bp: 1, int_out_bp: 1
DEBUG updateStats pre scaling: Level WRegister:
  in_reads: 0
  per_layer_w_reads: {0: 5}
  per_layer_int_in_reads: {}
  per_layer_int_out_reads: {}
  per_layer_int_out_writes: {}
  out_reads: 0
  out_writes: 0
  out_reads_factors: 0
scale_per_layer[0]: 518400, temporal_iterations_per_layer[0]: 518400, spatial_iterations_per_layer[0]: 1
DEBUG: results after scaling: Level WRegister: in_reads=0, w_reads=2592000, int_in_reads=0, int_out_reads=0, int_out_writes=0, out_writes=0, out_reads=0, out_reads_factors=0
DEBUG updateStats post scaling: Level WRegister:
  in_reads: 0
  per_layer_w_reads: {0: 2592000}
  w_reads: 2,592,000
  per_layer_int_in_reads: {}
  per_layer_int_in_writes: {}
  int_in_reads: 0
  per_layer_int_out_reads: {}
  per_layer_int_out_writes: {}
  int_out_reads: 0
  out_reads: 0
  out_writes: 0
  out_reads_factors: 0
in_writes: 0, w_writes: 4200, int_in_writes: 0, int_out_writes: 0, out_writes: 0
Name of the level: WRegister, level active instances per layer: {0: 1}, level active instances: 840
End first part of update for level: WRegister



Questo mops è chiamato da update stats
Level: OutRegister, arch bypasses for the level: ['in', 'w'], in_bp: 0, w_bp: 0, out_bp: 1, int_in_bp: 1, int_out_bp: 1
DEBUG updateStats pre scaling: Level OutRegister:
  in_reads: 0
  per_layer_w_reads: {0: 0}
  per_layer_int_in_reads: {}
  per_layer_int_out_reads: {}
  per_layer_int_out_writes: {}
  out_reads: 1
  out_writes: 1
  out_reads_factors: 1
scale_per_layer[0]: 2592000, temporal_iterations_per_layer[0]: 2592000, spatial_iterations_per_layer[0]: 1
DEBUG: results after scaling: Level OutRegister: in_reads=0, w_reads=0, int_in_reads=0, int_out_reads=0, int_out_writes=0, out_writes=2592000, out_reads=2592000, out_reads_factors=5
DEBUG: Level OutRegister adjusted out_reads for no bias read: 2073600
DEBUG updateStats post scaling: Level OutRegister:
  in_reads: 0
  per_layer_w_reads: {0: 0}
  w_reads: 0
  per_layer_int_in_reads: {}
  per_layer_int_in_writes: {}
  int_in_reads: 0
  per_layer_int_out_reads: {}
  per_layer_int_out_writes: {}
  int_out_reads: 0
  out_reads: 437,529,600
  out_writes: 2,592,000
  out_reads_factors: 5
in_writes: 0, w_writes: 0, int_in_writes: 0, int_out_writes: 0, out_writes: 2592000
Name of the level: OutRegister, level active instances per layer: {0: 1}, level active instances: 840
End first part of update for level: OutRegister



Calculating WMOPs for Compute Level
Compute Level Compute WMOPs_per_layer: {0: 210914.56073009706}
WMOPs_till_now before compute level: 5,230,042,935.707
Compute Level Compute total WMOPs from per layer sum: 210914.56073009706
Compute Level Compute total WMOPs: 177168231.01328152
Total WMOPs after adding compute level: 5230253850.268189
END FIRST PART OF UPDATE STATS


First cc_per_tile, it is from compute = 1
First cc_per_tile_per_layer it is from compute = {0: 1}


Calculating Latency for Level: OutRegister
ideal_bandwidth_read + ideal_bandwidth_drain: 0.20095238095238097 vs level.read_bandwidth: 2.0
entro nel caso ideale read + drain
ideal_bandwidth_fill + ideal_bandwidth_update: 0.0011904761904761906 vs level.write_bandwidth: 2.0
entro nel caso ideale fill + update


Calculating Latency for Level: WRegister
ideal_bandwidth_read + ideal_bandwidth_drain: 0.0011904761904761906 vs level.read_bandwidth: 2.0
entro nel caso ideale read + drain
ideal_bandwidth_fill + ideal_bandwidth_update: 0.0 vs level.write_bandwidth: 2.0
entro nel caso ideale fill + update


Calculating Latency for Level: InRegister
ideal_bandwidth_read + ideal_bandwidth_drain: 0.0011904761904761906 vs level.read_bandwidth: 2.0
entro nel caso ideale read + drain
ideal_bandwidth_fill + ideal_bandwidth_update: 0.2 vs level.write_bandwidth: 2.0
entro nel caso ideale fill + update


Calculating Latency for Level: GlobalBuffer
ideal_bandwidth_read + ideal_bandwidth_drain: 14.2 vs level.read_bandwidth: 16.0
entro nel caso ideale read + drain
ideal_bandwidth_fill + ideal_bandwidth_update: 11.799999999999999 vs level.write_bandwidth: 16.0
entro nel caso ideale fill + update


Calculating Latency for Level: DRAM
ideal_bandwidth_read + ideal_bandwidth_drain: 0.6016203703703704 vs level.read_bandwidth: 4.0
entro nel caso ideale read + drain
ideal_bandwidth_fill + ideal_bandwidth_update: 11.2 vs level.write_bandwidth: 4.0


Final WMOPs and Latency calculation for Level: DRAM


Final WMOPs and Latency calculation for Level: GlobalBuffer


Final WMOPs and Latency calculation for Level: SACols


Final WMOPs and Latency calculation for Level: SARows


Final WMOPs and Latency calculation for Level: InRegister


Final WMOPs and Latency calculation for Level: WRegister


Final WMOPs and Latency calculation for Level: OutRegister


Final WMOPs and Latency calculation for Level: Compute
Compute level latency: 1
é stato chiamato update stats! 




Questo mops è chiamato da update stats
Level: DRAM, arch bypasses for the level: [], in_bp: 1, w_bp: 0, out_bp: 1, int_in_bp: 1, int_out_bp: 1
DEBUG updateStats pre scaling: Level DRAM:
  in_reads: 1555200
  per_layer_w_reads: {0: 4200}
  per_layer_int_in_reads: {}
  per_layer_int_out_reads: {}
  per_layer_int_out_writes: {}
  out_reads: 29030400
  out_writes: 29030400
  out_reads_factors: 1
scale_per_layer[0]: 1, temporal_iterations_per_layer[0]: 1, spatial_iterations_per_layer[0]: 1
DEBUG: results after scaling: Level DRAM: in_reads=1555200, w_reads=4200, int_in_reads=0, int_out_reads=0, int_out_writes=0, out_writes=29030400, out_reads=29030400, out_reads_factors=1
DEBUG: Level DRAM adjusted out_reads for no bias read: 0
DEBUG updateStats post scaling: Level DRAM:
  in_reads: 1,555,200
  per_layer_w_reads: {0: 4200}
  w_reads: 4,200
  per_layer_int_in_reads: {}
  per_layer_int_in_writes: {}
  int_in_reads: 0
  per_layer_int_out_reads: {}
  per_layer_int_out_writes: {}
  int_out_reads: 0
  out_reads: 0
  out_writes: 29,030,400
  out_reads_factors: 1
in_writes: 0, w_writes: 0, int_in_writes: 0, int_out_writes: 0, out_writes: 29030400
Name of the level: DRAM, level active instances per layer: {0: 1}, level active instances: 1
End first part of update for level: DRAM



Questo mops è chiamato da update stats
Level: GlobalBuffer, arch bypasses for the level: ['w'], in_bp: 1, w_bp: 0, out_bp: 0, int_in_bp: 1, int_out_bp: 1
DEBUG updateStats pre scaling: Level GlobalBuffer:
  in_reads: 15
  per_layer_w_reads: {0: 0}
  per_layer_int_in_reads: {}
  per_layer_int_out_reads: {}
  per_layer_int_out_writes: {}
  out_reads: 56
  out_writes: 56
  out_reads_factors: 1
scale_per_layer[0]: 518400, temporal_iterations_per_layer[0]: 518400, spatial_iterations_per_layer[0]: 1
DEBUG: results after scaling: Level GlobalBuffer: in_reads=7776000, w_reads=0, int_in_reads=0, int_out_reads=0, int_out_writes=0, out_writes=29030400, out_reads=29030400, out_reads_factors=1
DEBUG: Level GlobalBuffer adjusted out_reads for no bias read: 0
DEBUG updateStats post scaling: Level GlobalBuffer:
  in_reads: 7,776,000
  per_layer_w_reads: {0: 0}
  w_reads: 0
  per_layer_int_in_reads: {}
  per_layer_int_in_writes: {}
  int_in_reads: 0
  per_layer_int_out_reads: {}
  per_layer_int_out_writes: {}
  int_out_reads: 0
  out_reads: 29,030,400
  out_writes: 29,030,400
  out_reads_factors: 1
in_writes: 1555200, w_writes: 0, int_in_writes: 0, int_out_writes: 0, out_writes: 29030400
Name of the level: GlobalBuffer, level active instances per layer: {0: 1}, level active instances: 1
End first part of update for level: GlobalBuffer



Calculating Fanout Level: SACols, updating spatial and last reads
End of the first part of Update Stats for fanout level: SACols


Calculating Fanout Level: SARows, updating spatial and last reads
End of the first part of Update Stats for fanout level: SARows


Questo mops è chiamato da update stats
Level: InRegister, arch bypasses for the level: ['w', 'out'], in_bp: 0, w_bp: 0, out_bp: 0, int_in_bp: 1, int_out_bp: 1
DEBUG updateStats pre scaling: Level InRegister:
  in_reads: 5
  per_layer_w_reads: {0: 0}
  per_layer_int_in_reads: {}
  per_layer_int_out_reads: {}
  per_layer_int_out_writes: {}
  out_reads: 0
  out_writes: 0
  out_reads_factors: 0
scale_per_layer[0]: 518400, temporal_iterations_per_layer[0]: 518400, spatial_iterations_per_layer[0]: 1
DEBUG: results after scaling: Level InRegister: in_reads=2592000, w_reads=0, int_in_reads=0, int_out_reads=0, int_out_writes=0, out_writes=0, out_reads=0, out_reads_factors=0
DEBUG updateStats post scaling: Level InRegister:
  in_reads: 2,592,000
  per_layer_w_reads: {0: 0}
  w_reads: 0
  per_layer_int_in_reads: {}
  per_layer_int_in_writes: {}
  int_in_reads: 0
  per_layer_int_out_reads: {}
  per_layer_int_out_writes: {}
  int_out_reads: 0
  out_reads: 0
  out_writes: 0
  out_reads_factors: 0
in_writes: 435456000, w_writes: 0, int_in_writes: 0, int_out_writes: 0, out_writes: 0
Name of the level: InRegister, level active instances per layer: {0: 1}, level active instances: 840
End first part of update for level: InRegister



Questo mops è chiamato da update stats
Level: WRegister, arch bypasses for the level: ['in', 'out'], in_bp: 0, w_bp: 0, out_bp: 0, int_in_bp: 1, int_out_bp: 1
DEBUG updateStats pre scaling: Level WRegister:
  in_reads: 0
  per_layer_w_reads: {0: 5}
  per_layer_int_in_reads: {}
  per_layer_int_out_reads: {}
  per_layer_int_out_writes: {}
  out_reads: 0
  out_writes: 0
  out_reads_factors: 0
scale_per_layer[0]: 518400, temporal_iterations_per_layer[0]: 518400, spatial_iterations_per_layer[0]: 1
DEBUG: results after scaling: Level WRegister: in_reads=0, w_reads=2592000, int_in_reads=0, int_out_reads=0, int_out_writes=0, out_writes=0, out_reads=0, out_reads_factors=0
DEBUG updateStats post scaling: Level WRegister:
  in_reads: 0
  per_layer_w_reads: {0: 2592000}
  w_reads: 2,592,000
  per_layer_int_in_reads: {}
  per_layer_int_in_writes: {}
  int_in_reads: 0
  per_layer_int_out_reads: {}
  per_layer_int_out_writes: {}
  int_out_reads: 0
  out_reads: 0
  out_writes: 0
  out_reads_factors: 0
in_writes: 0, w_writes: 4200, int_in_writes: 0, int_out_writes: 0, out_writes: 0
Name of the level: WRegister, level active instances per layer: {0: 1}, level active instances: 840
End first part of update for level: WRegister



Questo mops è chiamato da update stats
Level: OutRegister, arch bypasses for the level: ['in', 'w'], in_bp: 0, w_bp: 0, out_bp: 1, int_in_bp: 1, int_out_bp: 1
DEBUG updateStats pre scaling: Level OutRegister:
  in_reads: 0
  per_layer_w_reads: {0: 0}
  per_layer_int_in_reads: {}
  per_layer_int_out_reads: {}
  per_layer_int_out_writes: {}
  out_reads: 1
  out_writes: 1
  out_reads_factors: 1
scale_per_layer[0]: 2592000, temporal_iterations_per_layer[0]: 2592000, spatial_iterations_per_layer[0]: 1
DEBUG: results after scaling: Level OutRegister: in_reads=0, w_reads=0, int_in_reads=0, int_out_reads=0, int_out_writes=0, out_writes=2592000, out_reads=2592000, out_reads_factors=5
DEBUG: Level OutRegister adjusted out_reads for no bias read: 2073600
DEBUG updateStats post scaling: Level OutRegister:
  in_reads: 0
  per_layer_w_reads: {0: 0}
  w_reads: 0
  per_layer_int_in_reads: {}
  per_layer_int_in_writes: {}
  int_in_reads: 0
  per_layer_int_out_reads: {}
  per_layer_int_out_writes: {}
  int_out_reads: 0
  out_reads: 437,529,600
  out_writes: 2,592,000
  out_reads_factors: 5
in_writes: 0, w_writes: 0, int_in_writes: 0, int_out_writes: 0, out_writes: 2592000
Name of the level: OutRegister, level active instances per layer: {0: 1}, level active instances: 840
End first part of update for level: OutRegister



Calculating WMOPs for Compute Level
Compute Level Compute WMOPs_per_layer: {0: 210914.56073009706}
WMOPs_till_now before compute level: 5,230,042,935.707
Compute Level Compute total WMOPs from per layer sum: 210914.56073009706
Compute Level Compute total WMOPs: 177168231.01328152
Total WMOPs after adding compute level: 5230253850.268189
END FIRST PART OF UPDATE STATS


First cc_per_tile, it is from compute = 1
First cc_per_tile_per_layer it is from compute = {0: 1}


Calculating Latency for Level: OutRegister
ideal_bandwidth_read + ideal_bandwidth_drain: 0.20095238095238097 vs level.read_bandwidth: 2.0
entro nel caso ideale read + drain
ideal_bandwidth_fill + ideal_bandwidth_update: 0.0011904761904761906 vs level.write_bandwidth: 2.0
entro nel caso ideale fill + update


Calculating Latency for Level: WRegister
ideal_bandwidth_read + ideal_bandwidth_drain: 0.0011904761904761906 vs level.read_bandwidth: 2.0
entro nel caso ideale read + drain
ideal_bandwidth_fill + ideal_bandwidth_update: 0.0 vs level.write_bandwidth: 2.0
entro nel caso ideale fill + update


Calculating Latency for Level: InRegister
ideal_bandwidth_read + ideal_bandwidth_drain: 0.0011904761904761906 vs level.read_bandwidth: 2.0
entro nel caso ideale read + drain
ideal_bandwidth_fill + ideal_bandwidth_update: 0.2 vs level.write_bandwidth: 2.0
entro nel caso ideale fill + update


Calculating Latency for Level: GlobalBuffer
ideal_bandwidth_read + ideal_bandwidth_drain: 14.2 vs level.read_bandwidth: 16.0
entro nel caso ideale read + drain
ideal_bandwidth_fill + ideal_bandwidth_update: 11.799999999999999 vs level.write_bandwidth: 16.0
entro nel caso ideale fill + update


Calculating Latency for Level: DRAM
ideal_bandwidth_read + ideal_bandwidth_drain: 0.6016203703703704 vs level.read_bandwidth: 4.0
entro nel caso ideale read + drain
ideal_bandwidth_fill + ideal_bandwidth_update: 11.2 vs level.write_bandwidth: 4.0


Final WMOPs and Latency calculation for Level: DRAM


Final WMOPs and Latency calculation for Level: GlobalBuffer


Final WMOPs and Latency calculation for Level: SACols


Final WMOPs and Latency calculation for Level: SARows


Final WMOPs and Latency calculation for Level: InRegister


Final WMOPs and Latency calculation for Level: WRegister


Final WMOPs and Latency calculation for Level: OutRegister


Final WMOPs and Latency calculation for Level: Compute
Compute level latency: 1

Final condition:
Wart: 4.705e-08
EDP: 3.796e+04 (J*cycle)
DRAM ----------> P: 540, Q: 960
GlobalBuffer --
SACols --------> M: 14
SARows --------> S: 5, C: 3, M: 4
InRegister ----
WRegister -----> R: 5
OutRegister ---
Compute -------

Visited mappings: 1

Performed moves: 0
é stato chiamato update stats! 




Questo mops è chiamato da update stats
Level: DRAM, arch bypasses for the level: [], in_bp: 1, w_bp: 0, out_bp: 1, int_in_bp: 1, int_out_bp: 1
DEBUG updateStats pre scaling: Level DRAM:
  in_reads: 1555200
  per_layer_w_reads: {0: 4200}
  per_layer_int_in_reads: {}
  per_layer_int_out_reads: {}
  per_layer_int_out_writes: {}
  out_reads: 29030400
  out_writes: 29030400
  out_reads_factors: 1
scale_per_layer[0]: 1, temporal_iterations_per_layer[0]: 1, spatial_iterations_per_layer[0]: 1
DEBUG: results after scaling: Level DRAM: in_reads=1555200, w_reads=4200, int_in_reads=0, int_out_reads=0, int_out_writes=0, out_writes=29030400, out_reads=29030400, out_reads_factors=1
DEBUG: Level DRAM adjusted out_reads for no bias read: 0
DEBUG updateStats post scaling: Level DRAM:
  in_reads: 1,555,200
  per_layer_w_reads: {0: 4200}
  w_reads: 4,200
  per_layer_int_in_reads: {}
  per_layer_int_in_writes: {}
  int_in_reads: 0
  per_layer_int_out_reads: {}
  per_layer_int_out_writes: {}
  int_out_reads: 0
  out_reads: 0
  out_writes: 29,030,400
  out_reads_factors: 1
in_writes: 0, w_writes: 0, int_in_writes: 0, int_out_writes: 0, out_writes: 29030400
Name of the level: DRAM, level active instances per layer: {0: 1}, level active instances: 1
End first part of update for level: DRAM



Questo mops è chiamato da update stats
Level: GlobalBuffer, arch bypasses for the level: ['w'], in_bp: 1, w_bp: 0, out_bp: 0, int_in_bp: 1, int_out_bp: 1
DEBUG updateStats pre scaling: Level GlobalBuffer:
  in_reads: 15
  per_layer_w_reads: {0: 0}
  per_layer_int_in_reads: {}
  per_layer_int_out_reads: {}
  per_layer_int_out_writes: {}
  out_reads: 56
  out_writes: 56
  out_reads_factors: 1
scale_per_layer[0]: 518400, temporal_iterations_per_layer[0]: 518400, spatial_iterations_per_layer[0]: 1
DEBUG: results after scaling: Level GlobalBuffer: in_reads=7776000, w_reads=0, int_in_reads=0, int_out_reads=0, int_out_writes=0, out_writes=29030400, out_reads=29030400, out_reads_factors=1
DEBUG: Level GlobalBuffer adjusted out_reads for no bias read: 0
DEBUG updateStats post scaling: Level GlobalBuffer:
  in_reads: 7,776,000
  per_layer_w_reads: {0: 0}
  w_reads: 0
  per_layer_int_in_reads: {}
  per_layer_int_in_writes: {}
  int_in_reads: 0
  per_layer_int_out_reads: {}
  per_layer_int_out_writes: {}
  int_out_reads: 0
  out_reads: 29,030,400
  out_writes: 29,030,400
  out_reads_factors: 1
in_writes: 1555200, w_writes: 0, int_in_writes: 0, int_out_writes: 0, out_writes: 29030400
Name of the level: GlobalBuffer, level active instances per layer: {0: 1}, level active instances: 1
End first part of update for level: GlobalBuffer



Calculating Fanout Level: SACols, updating spatial and last reads
End of the first part of Update Stats for fanout level: SACols


Calculating Fanout Level: SARows, updating spatial and last reads
End of the first part of Update Stats for fanout level: SARows


Questo mops è chiamato da update stats
Level: InRegister, arch bypasses for the level: ['w', 'out'], in_bp: 0, w_bp: 0, out_bp: 0, int_in_bp: 1, int_out_bp: 1
DEBUG updateStats pre scaling: Level InRegister:
  in_reads: 5
  per_layer_w_reads: {0: 0}
  per_layer_int_in_reads: {}
  per_layer_int_out_reads: {}
  per_layer_int_out_writes: {}
  out_reads: 0
  out_writes: 0
  out_reads_factors: 0
scale_per_layer[0]: 518400, temporal_iterations_per_layer[0]: 518400, spatial_iterations_per_layer[0]: 1
DEBUG: results after scaling: Level InRegister: in_reads=2592000, w_reads=0, int_in_reads=0, int_out_reads=0, int_out_writes=0, out_writes=0, out_reads=0, out_reads_factors=0
DEBUG updateStats post scaling: Level InRegister:
  in_reads: 2,592,000
  per_layer_w_reads: {0: 0}
  w_reads: 0
  per_layer_int_in_reads: {}
  per_layer_int_in_writes: {}
  int_in_reads: 0
  per_layer_int_out_reads: {}
  per_layer_int_out_writes: {}
  int_out_reads: 0
  out_reads: 0
  out_writes: 0
  out_reads_factors: 0
in_writes: 435456000, w_writes: 0, int_in_writes: 0, int_out_writes: 0, out_writes: 0
Name of the level: InRegister, level active instances per layer: {0: 1}, level active instances: 840
End first part of update for level: InRegister



Questo mops è chiamato da update stats
Level: WRegister, arch bypasses for the level: ['in', 'out'], in_bp: 0, w_bp: 0, out_bp: 0, int_in_bp: 1, int_out_bp: 1
DEBUG updateStats pre scaling: Level WRegister:
  in_reads: 0
  per_layer_w_reads: {0: 5}
  per_layer_int_in_reads: {}
  per_layer_int_out_reads: {}
  per_layer_int_out_writes: {}
  out_reads: 0
  out_writes: 0
  out_reads_factors: 0
scale_per_layer[0]: 518400, temporal_iterations_per_layer[0]: 518400, spatial_iterations_per_layer[0]: 1
DEBUG: results after scaling: Level WRegister: in_reads=0, w_reads=2592000, int_in_reads=0, int_out_reads=0, int_out_writes=0, out_writes=0, out_reads=0, out_reads_factors=0
DEBUG updateStats post scaling: Level WRegister:
  in_reads: 0
  per_layer_w_reads: {0: 2592000}
  w_reads: 2,592,000
  per_layer_int_in_reads: {}
  per_layer_int_in_writes: {}
  int_in_reads: 0
  per_layer_int_out_reads: {}
  per_layer_int_out_writes: {}
  int_out_reads: 0
  out_reads: 0
  out_writes: 0
  out_reads_factors: 0
in_writes: 0, w_writes: 4200, int_in_writes: 0, int_out_writes: 0, out_writes: 0
Name of the level: WRegister, level active instances per layer: {0: 1}, level active instances: 840
End first part of update for level: WRegister



Questo mops è chiamato da update stats
Level: OutRegister, arch bypasses for the level: ['in', 'w'], in_bp: 0, w_bp: 0, out_bp: 1, int_in_bp: 1, int_out_bp: 1
DEBUG updateStats pre scaling: Level OutRegister:
  in_reads: 0
  per_layer_w_reads: {0: 0}
  per_layer_int_in_reads: {}
  per_layer_int_out_reads: {}
  per_layer_int_out_writes: {}
  out_reads: 1
  out_writes: 1
  out_reads_factors: 1
scale_per_layer[0]: 2592000, temporal_iterations_per_layer[0]: 2592000, spatial_iterations_per_layer[0]: 1
DEBUG: results after scaling: Level OutRegister: in_reads=0, w_reads=0, int_in_reads=0, int_out_reads=0, int_out_writes=0, out_writes=2592000, out_reads=2592000, out_reads_factors=5
DEBUG: Level OutRegister adjusted out_reads for no bias read: 2073600
DEBUG updateStats post scaling: Level OutRegister:
  in_reads: 0
  per_layer_w_reads: {0: 0}
  w_reads: 0
  per_layer_int_in_reads: {}
  per_layer_int_in_writes: {}
  int_in_reads: 0
  per_layer_int_out_reads: {}
  per_layer_int_out_writes: {}
  int_out_reads: 0
  out_reads: 437,529,600
  out_writes: 2,592,000
  out_reads_factors: 5
in_writes: 0, w_writes: 0, int_in_writes: 0, int_out_writes: 0, out_writes: 2592000
Name of the level: OutRegister, level active instances per layer: {0: 1}, level active instances: 840
End first part of update for level: OutRegister



Calculating WMOPs for Compute Level
Compute Level Compute WMOPs_per_layer: {0: 210914.56073009706}
WMOPs_till_now before compute level: 5,230,042,935.707
Compute Level Compute total WMOPs from per layer sum: 210914.56073009706
Compute Level Compute total WMOPs: 177168231.01328152
Total WMOPs after adding compute level: 5230253850.268189
END FIRST PART OF UPDATE STATS


First cc_per_tile, it is from compute = 1
First cc_per_tile_per_layer it is from compute = {0: 1}


Calculating Latency for Level: OutRegister
ideal_bandwidth_read + ideal_bandwidth_drain: 0.20095238095238097 vs level.read_bandwidth: 2.0
entro nel caso ideale read + drain
ideal_bandwidth_fill + ideal_bandwidth_update: 0.0011904761904761906 vs level.write_bandwidth: 2.0
entro nel caso ideale fill + update


Calculating Latency for Level: WRegister
ideal_bandwidth_read + ideal_bandwidth_drain: 0.0011904761904761906 vs level.read_bandwidth: 2.0
entro nel caso ideale read + drain
ideal_bandwidth_fill + ideal_bandwidth_update: 0.0 vs level.write_bandwidth: 2.0
entro nel caso ideale fill + update


Calculating Latency for Level: InRegister
ideal_bandwidth_read + ideal_bandwidth_drain: 0.0011904761904761906 vs level.read_bandwidth: 2.0
entro nel caso ideale read + drain
ideal_bandwidth_fill + ideal_bandwidth_update: 0.2 vs level.write_bandwidth: 2.0
entro nel caso ideale fill + update


Calculating Latency for Level: GlobalBuffer
ideal_bandwidth_read + ideal_bandwidth_drain: 14.2 vs level.read_bandwidth: 16.0
entro nel caso ideale read + drain
ideal_bandwidth_fill + ideal_bandwidth_update: 11.799999999999999 vs level.write_bandwidth: 16.0
entro nel caso ideale fill + update


Calculating Latency for Level: DRAM
ideal_bandwidth_read + ideal_bandwidth_drain: 0.6016203703703704 vs level.read_bandwidth: 4.0
entro nel caso ideale read + drain
ideal_bandwidth_fill + ideal_bandwidth_update: 11.2 vs level.write_bandwidth: 4.0


Final WMOPs and Latency calculation for Level: DRAM


Final WMOPs and Latency calculation for Level: GlobalBuffer


Final WMOPs and Latency calculation for Level: SACols


Final WMOPs and Latency calculation for Level: SARows


Final WMOPs and Latency calculation for Level: InRegister


Final WMOPs and Latency calculation for Level: WRegister


Final WMOPs and Latency calculation for Level: OutRegister


Final WMOPs and Latency calculation for Level: Compute
Compute level latency: 1
DRAM in_reads set to: 1555200, w_reads set to: 4200, out_reads: 0, int_in_reads: 0, int_out_reads: 0
DRAM Reads: 1559400: in:1555200, w:4200, out:0, int_in:0, int_out:0
level SACols utilization: 14/16=0.875
utilization after level SACols: 0.875
level SARows utilization: 60/128=0.46875
utilization after level SARows: 0.41015625
level Compute utilization: 1/1=1.0
utilization after level Compute: 0.41015625
Arch: Eyeriss_Constrained_1L_tile1_16x128: spatial utilization is 0.41015625

Finished in: 0.079s

Best mapping found with:
	Wart: 4.705e-08
	EDP: 3.796e+04 (J*cycle)
	Energy: 5.230e+03 (uJ)
	Latency: 7.258e+06 (cc)

Mapping:
DRAM ----------> P: 540, Q: 960
GlobalBuffer --
SACols --------> M: 14
SARows --------> S: 5, C: 3, M: 4
InRegister ----
WRegister -----> R: 5
OutRegister ---
Compute -------

Final MOPs per memory level:
PRINT MOP FUSION!!!
DRAM:		Output Reads = 0 (reads) + 0 (drains), Output Writes = 29,030,400 (updates) + 0 (fills)
DRAM:		Input Reads = 1,555,200 (reads), Input Writes = 0 (writes)
DRAM:		Per-Layer W_R: [L0: 4,200], Total: 4,200
DRAM:		Total Reads = 1,559,400, Total Writes = 29,030,400
DEBUG: Calculating WMOPs for level DRAM with reads=1559400, writes=29030400
DEBUG: WMOPs for level DRAM = 4,894,368,000.000, 4.894e+09 pJ
GlobalBuffer:	Output Reads = 0 (reads) + 29,030,400 (drains), Output Writes = 29,030,400 (updates) + 0 (fills)
GlobalBuffer:	Input Reads = 7,776,000 (reads), Input Writes = 1,555,200 (writes)
GlobalBuffer:	Per-Layer W_R: [L0: 0], Total: 0
GlobalBuffer:	Total Reads = 36,806,400, Total Writes = 30,585,600
DEBUG: Calculating WMOPs for level GlobalBuffer with reads=36806400, writes=30585600
DEBUG: WMOPs for level GlobalBuffer = 4,910,815,253.416, 4.911e+09 pJ
InRegister:	Input Reads = 2,592,000 (reads), Input Writes = 435,456,000 (writes)
InRegister:	Per-Layer W_R: [L0: 0], Total: 0
InRegister:	Total Reads = 2,592,000, Total Writes = 435,456,000
DEBUG: Calculating WMOPs for level InRegister with reads=2592000, writes=435456000
DEBUG: WMOPs for level InRegister = 5,067,606,098.629, 5.068e+09 pJ
WRegister:	Per-Layer W_R: [L0: 2,592,000], Total: 2,592,000
WRegister:	Total Reads = 2,592,000, Total Writes = 0
DEBUG: Calculating WMOPs for level WRegister with reads=2592000, writes=0
DEBUG: WMOPs for level WRegister = 5,072,501,952.214, 5.073e+09 pJ
OutRegister:	Output Reads = 2,073,600 (reads) + 435,456,000 (drains), Output Writes = 2,592,000 (updates) + 0 (fills)
OutRegister:	Per-Layer W_R: [L0: 0], Total: 0
OutRegister:	Total Reads = 437,529,600, Total Writes = 2,592,000
DEBUG: Calculating WMOPs for level OutRegister with reads=437529600, writes=2592000
DEBUG: WMOPs for level OutRegister = 5,230,035,002.611, 5.230e+09 pJ
Totals:		481,079,400 R, 497,664,000 W, 978,743,400 Tot
Energy:		5,230.246 uJ

Final Latency per level:
DRAM:		2,592,000 cc Read Drain and 7,257,600 cc Fill Update Latency, 4.0 Read Bandwidth and 4.0 Write Bandwidth,
		0.602 R and 11.200 U and 0.000 F and 0.000 D Ideal Bandwidth,
		1 cc per Tile, 4,665,600 Stall Cycles
GlobalBuffer:	2,592,000 cc Read Drain and 2,592,000 cc Fill Update Latency, 16.0 Read Bandwidth and 16.0 Write Bandwidth,
		3.000 R and 11.200 U and 0.600 F and 11.200 D Ideal Bandwidth,
		1 cc per Tile, 0 Stall Cycles
InRegister:	2,592,000 cc Read Drain and 2,592,000 cc Fill Update Latency, 2.0 Read Bandwidth and 2.0 Write Bandwidth,
		0.001 R and 0.000 U and 0.200 F and 0.000 D Ideal Bandwidth,
		1 cc per Tile, 0 Stall Cycles
WRegister:	2,592,000 cc Read Drain and 2,592,000 cc Fill Update Latency, 2.0 Read Bandwidth and 2.0 Write Bandwidth,
		0.001 R and 0.000 U and 0.000 F and 0.000 D Ideal Bandwidth,
		1 cc per Tile, 0 Stall Cycles
OutRegister:	2,592,000 cc Read Drain and 2,592,000 cc Fill Update Latency, 2.0 Read Bandwidth and 2.0 Write Bandwidth,
		0.001 R and 0.001 U and 0.000 F and 0.200 D Ideal Bandwidth,
		1 cc per Tile, 0 Stall Cycles
Max Latency:	7,257,600 cc of level DRAM
  OK L0_feature_extraction: E=5.230e+03 uJ, L=7.258e+06 cc, EDP=3.80e+04
------ loading Accelergy for Eyeriss ------
[Constrained Eyeriss] Single layer, tile_size=1
  DRAM: {'Q': 960, 'P': 540, 'M': 1, 'C': 1, 'R': 1, 'S': 1}
  GlobalBuffer: {'Q': 1, 'P': 1, 'M': 1, 'C': 1, 'R': 1, 'S': 1}
  SACols: {'Q': 1, 'M': 12}
  SARows: {'S': 1, 'C': 56, 'M': 1}
  WRegister: {'C': 1, 'R': 1, 'M': 1, 'P': 1, 'Q': 1, 'S': 1}
  OutRegister: {'M': 1, 'C': 1, 'P': 1, 'Q': 1, 'R': 1, 'S': 1}
Creating architecture: Eyeriss_Constrained_1L_tile1_16x128 with coupling: dims: MPQCRS, in_coupling: [C][P+R][Q+S], w_coupling: W0: [M][C][R][S],, out_coupling: [M][P][Q]
Starting engine with mapper: breadthfirst_local

WARNING: running on a Python version without free-threading (GIL enabled), this program relies heavily on true multithreading, thus expect a severe performance hit with your current setup. Consider updating to Python 3.13t or newer.
INFO: running multithreaded with THREADS_COUNT = 8

DEBUG interleave: START - Called from breadthfirst_local.py:600 in optimizeDataflows()
                       array=['P', 'Q'], elements=['M', 'C', 'R', 'S'] (len=4)
DEBUG interleave: START - Called from breadthfirst_local.py:600 in optimizeDataflows()
                       array=['Q', 'S', 'C', 'R'], elements=['M', 'P'] (len=2)
DEBUG interleave: START - Called from breadthfirst_local.py:600 in optimizeDataflows()
                       array=['S', 'R', 'Q', 'P', 'C', 'M'], elements=[] (len=0)
DEBUG interleave: START - Called from breadthfirst_local.py:600 in optimizeDataflows()
                       array=['C', 'R', 'S', 'Q', 'P', 'M'], elements=[] (len=0)
DEBUG interleave: START - Called from breadthfirst_local.py:600 in optimizeDataflows()
                       array=['M', 'S', 'R', 'Q', 'P', 'C'], elements=[] (len=0)
-------- factorFlow -------- CIAO
Arch after initialization:
Input FC size: 1

Input size: 29030400

Output size: 6220800

Weight size: 672

Intermediate input size: 0
Total intermediate size (input + output): 0

input_size: 29030400, output_size: 6220800, weight_size: 672, intermediate_size: 0
Total mem footprint: 35251874



Input FC size: 1

Input size: 56

Output size: 12

Weight size: 0

Intermediate input size: 0
Total intermediate size (input + output): 0

input_size: 56, output_size: 12, weight_size: 0, intermediate_size: 0
Total mem footprint: 70



Input FC size: 1

Input size: 1

Output size: 0

Weight size: 0

Intermediate input size: 0
Total intermediate size (input + output): 0

input_size: 1, output_size: 0, weight_size: 0, intermediate_size: 0
Total mem footprint: 3



Input FC size: 1

Input size: 0

Output size: 0

Weight size: 1

Intermediate input size: 0
Total intermediate size (input + output): 0

input_size: 0, output_size: 0, weight_size: 1, intermediate_size: 0
Total mem footprint: 2



Input FC size: 1

Input size: 0

Output size: 1

Weight size: 0

Intermediate input size: 0
Total intermediate size (input + output): 0

input_size: 0, output_size: 1, weight_size: 0, intermediate_size: 0
Total mem footprint: 2



DRAM ----------> P: 540, Q: 960
GlobalBuffer --
SACols --------> M: 12
SARows --------> C: 56
InRegister ----
WRegister -----
OutRegister ---
Compute -------

Starting FactorFlow tiling optimization:

é stato chiamato update stats! 




Questo mops è chiamato da update stats
Level: DRAM, arch bypasses for the level: [], in_bp: 1, w_bp: 0, out_bp: 1, int_in_bp: 1, int_out_bp: 1
DEBUG updateStats pre scaling: Level DRAM:
  in_reads: 29030400
  per_layer_w_reads: {0: 672}
  per_layer_int_in_reads: {}
  per_layer_int_out_reads: {}
  per_layer_int_out_writes: {}
  out_reads: 6220800
  out_writes: 6220800
  out_reads_factors: 1
scale_per_layer[0]: 1, temporal_iterations_per_layer[0]: 1, spatial_iterations_per_layer[0]: 1
DEBUG: results after scaling: Level DRAM: in_reads=29030400, w_reads=672, int_in_reads=0, int_out_reads=0, int_out_writes=0, out_writes=6220800, out_reads=6220800, out_reads_factors=1
DEBUG: Level DRAM adjusted out_reads for no bias read: 0
DEBUG updateStats post scaling: Level DRAM:
  in_reads: 29,030,400
  per_layer_w_reads: {0: 672}
  w_reads: 672
  per_layer_int_in_reads: {}
  per_layer_int_in_writes: {}
  int_in_reads: 0
  per_layer_int_out_reads: {}
  per_layer_int_out_writes: {}
  int_out_reads: 0
  out_reads: 0
  out_writes: 6,220,800
  out_reads_factors: 1
in_writes: 0, w_writes: 0, int_in_writes: 0, int_out_writes: 0, out_writes: 6220800
Name of the level: DRAM, level active instances per layer: {0: 1}, level active instances: 1
End first part of update for level: DRAM



Questo mops è chiamato da update stats
Level: GlobalBuffer, arch bypasses for the level: ['w'], in_bp: 1, w_bp: 0, out_bp: 0, int_in_bp: 1, int_out_bp: 1
DEBUG updateStats pre scaling: Level GlobalBuffer:
  in_reads: 56
  per_layer_w_reads: {0: 0}
  per_layer_int_in_reads: {}
  per_layer_int_out_reads: {}
  per_layer_int_out_writes: {}
  out_reads: 12
  out_writes: 12
  out_reads_factors: 1
scale_per_layer[0]: 518400, temporal_iterations_per_layer[0]: 518400, spatial_iterations_per_layer[0]: 1
DEBUG: results after scaling: Level GlobalBuffer: in_reads=29030400, w_reads=0, int_in_reads=0, int_out_reads=0, int_out_writes=0, out_writes=6220800, out_reads=6220800, out_reads_factors=1
DEBUG: Level GlobalBuffer adjusted out_reads for no bias read: 0
DEBUG updateStats post scaling: Level GlobalBuffer:
  in_reads: 29,030,400
  per_layer_w_reads: {0: 0}
  w_reads: 0
  per_layer_int_in_reads: {}
  per_layer_int_in_writes: {}
  int_in_reads: 0
  per_layer_int_out_reads: {}
  per_layer_int_out_writes: {}
  int_out_reads: 0
  out_reads: 6,220,800
  out_writes: 6,220,800
  out_reads_factors: 1
in_writes: 29030400, w_writes: 0, int_in_writes: 0, int_out_writes: 0, out_writes: 6220800
Name of the level: GlobalBuffer, level active instances per layer: {0: 1}, level active instances: 1
End first part of update for level: GlobalBuffer



Calculating Fanout Level: SACols, updating spatial and last reads
End of the first part of Update Stats for fanout level: SACols


Calculating Fanout Level: SARows, updating spatial and last reads
End of the first part of Update Stats for fanout level: SARows


Questo mops è chiamato da update stats
Level: InRegister, arch bypasses for the level: ['w', 'out'], in_bp: 0, w_bp: 0, out_bp: 0, int_in_bp: 1, int_out_bp: 1
DEBUG updateStats pre scaling: Level InRegister:
  in_reads: 1
  per_layer_w_reads: {0: 0}
  per_layer_int_in_reads: {}
  per_layer_int_out_reads: {}
  per_layer_int_out_writes: {}
  out_reads: 0
  out_writes: 0
  out_reads_factors: 0
scale_per_layer[0]: 518400, temporal_iterations_per_layer[0]: 518400, spatial_iterations_per_layer[0]: 1
DEBUG: results after scaling: Level InRegister: in_reads=518400, w_reads=0, int_in_reads=0, int_out_reads=0, int_out_writes=0, out_writes=0, out_reads=0, out_reads_factors=0
DEBUG updateStats post scaling: Level InRegister:
  in_reads: 518,400
  per_layer_w_reads: {0: 0}
  w_reads: 0
  per_layer_int_in_reads: {}
  per_layer_int_in_writes: {}
  int_in_reads: 0
  per_layer_int_out_reads: {}
  per_layer_int_out_writes: {}
  int_out_reads: 0
  out_reads: 0
  out_writes: 0
  out_reads_factors: 0
in_writes: 348364800, w_writes: 0, int_in_writes: 0, int_out_writes: 0, out_writes: 0
Name of the level: InRegister, level active instances per layer: {0: 1}, level active instances: 672
End first part of update for level: InRegister



Questo mops è chiamato da update stats
Level: WRegister, arch bypasses for the level: ['in', 'out'], in_bp: 0, w_bp: 0, out_bp: 0, int_in_bp: 1, int_out_bp: 1
DEBUG updateStats pre scaling: Level WRegister:
  in_reads: 0
  per_layer_w_reads: {0: 1}
  per_layer_int_in_reads: {}
  per_layer_int_out_reads: {}
  per_layer_int_out_writes: {}
  out_reads: 0
  out_writes: 0
  out_reads_factors: 0
scale_per_layer[0]: 518400, temporal_iterations_per_layer[0]: 518400, spatial_iterations_per_layer[0]: 1
DEBUG: results after scaling: Level WRegister: in_reads=0, w_reads=518400, int_in_reads=0, int_out_reads=0, int_out_writes=0, out_writes=0, out_reads=0, out_reads_factors=0
DEBUG updateStats post scaling: Level WRegister:
  in_reads: 0
  per_layer_w_reads: {0: 518400}
  w_reads: 518,400
  per_layer_int_in_reads: {}
  per_layer_int_in_writes: {}
  int_in_reads: 0
  per_layer_int_out_reads: {}
  per_layer_int_out_writes: {}
  int_out_reads: 0
  out_reads: 0
  out_writes: 0
  out_reads_factors: 0
in_writes: 0, w_writes: 672, int_in_writes: 0, int_out_writes: 0, out_writes: 0
Name of the level: WRegister, level active instances per layer: {0: 1}, level active instances: 672
End first part of update for level: WRegister



Questo mops è chiamato da update stats
Level: OutRegister, arch bypasses for the level: ['in', 'w'], in_bp: 0, w_bp: 0, out_bp: 1, int_in_bp: 1, int_out_bp: 1
DEBUG updateStats pre scaling: Level OutRegister:
  in_reads: 0
  per_layer_w_reads: {0: 0}
  per_layer_int_in_reads: {}
  per_layer_int_out_reads: {}
  per_layer_int_out_writes: {}
  out_reads: 1
  out_writes: 1
  out_reads_factors: 1
scale_per_layer[0]: 518400, temporal_iterations_per_layer[0]: 518400, spatial_iterations_per_layer[0]: 1
DEBUG: results after scaling: Level OutRegister: in_reads=0, w_reads=0, int_in_reads=0, int_out_reads=0, int_out_writes=0, out_writes=518400, out_reads=518400, out_reads_factors=1
DEBUG: Level OutRegister adjusted out_reads for no bias read: 0
DEBUG updateStats post scaling: Level OutRegister:
  in_reads: 0
  per_layer_w_reads: {0: 0}
  w_reads: 0
  per_layer_int_in_reads: {}
  per_layer_int_in_writes: {}
  int_in_reads: 0
  per_layer_int_out_reads: {}
  per_layer_int_out_writes: {}
  int_out_reads: 0
  out_reads: 348,364,800
  out_writes: 518,400
  out_reads_factors: 1
in_writes: 0, w_writes: 0, int_in_writes: 0, int_out_writes: 0, out_writes: 518400
Name of the level: OutRegister, level active instances per layer: {0: 1}, level active instances: 672
End first part of update for level: OutRegister



Calculating WMOPs for Compute Level
Compute Level Compute WMOPs_per_layer: {0: 42182.912146019415}
WMOPs_till_now before compute level: 5,908,238,361.996
Compute Level Compute total WMOPs from per layer sum: 42182.912146019415
Compute Level Compute total WMOPs: 28346916.962125044
Total WMOPs after adding compute level: 5908280544.908461
END FIRST PART OF UPDATE STATS


First cc_per_tile, it is from compute = 1
First cc_per_tile_per_layer it is from compute = {0: 1}


Calculating Latency for Level: OutRegister
ideal_bandwidth_read + ideal_bandwidth_drain: 1.0 vs level.read_bandwidth: 2.0
entro nel caso ideale read + drain
ideal_bandwidth_fill + ideal_bandwidth_update: 0.001488095238095238 vs level.write_bandwidth: 2.0
entro nel caso ideale fill + update


Calculating Latency for Level: WRegister
ideal_bandwidth_read + ideal_bandwidth_drain: 0.001488095238095238 vs level.read_bandwidth: 2.0
entro nel caso ideale read + drain
ideal_bandwidth_fill + ideal_bandwidth_update: 0.0 vs level.write_bandwidth: 2.0
entro nel caso ideale fill + update


Calculating Latency for Level: InRegister
ideal_bandwidth_read + ideal_bandwidth_drain: 0.001488095238095238 vs level.read_bandwidth: 2.0
entro nel caso ideale read + drain
ideal_bandwidth_fill + ideal_bandwidth_update: 1.0 vs level.write_bandwidth: 2.0
entro nel caso ideale fill + update


Calculating Latency for Level: GlobalBuffer
ideal_bandwidth_read + ideal_bandwidth_drain: 68.0 vs level.read_bandwidth: 16.0
ideal_bandwidth_fill + ideal_bandwidth_update: 68.0 vs level.write_bandwidth: 16.0


Calculating Latency for Level: DRAM
ideal_bandwidth_read + ideal_bandwidth_drain: 13.17677559912854 vs level.read_bandwidth: 4.0
ideal_bandwidth_fill + ideal_bandwidth_update: 2.823529411764706 vs level.write_bandwidth: 4.0
entro nel caso ideale fill + update


Final WMOPs and Latency calculation for Level: DRAM


Final WMOPs and Latency calculation for Level: GlobalBuffer


Final WMOPs and Latency calculation for Level: SACols


Final WMOPs and Latency calculation for Level: SARows


Final WMOPs and Latency calculation for Level: InRegister


Final WMOPs and Latency calculation for Level: WRegister


Final WMOPs and Latency calculation for Level: OutRegister


Final WMOPs and Latency calculation for Level: Compute
Compute level latency: 1
level SACols utilization: 12/16=0.75
utilization after level SACols: 0.75
level SARows utilization: 56/128=0.4375
utilization after level SARows: 0.328125
level Compute utilization: 1/1=1.0
utilization after level Compute: 0.328125
Arch: Eyeriss_Constrained_1L_tile1_16x128: spatial utilization is 0.328125
utilization used in WART calculation: 0.328125
CIAO!
updateStats2
-- fanout maximization --
Input FC size: 1

Input size: 453600

Output size: 97200

Weight size: 672

Intermediate input size: 0
Total intermediate size (input + output): 0

input_size: 453600, output_size: 97200, weight_size: 672, intermediate_size: 0
Total mem footprint: 551474



Input FC size: 1

Input size: 907200

Output size: 194400

Weight size: 672

Intermediate input size: 0
Total intermediate size (input + output): 0

input_size: 907200, output_size: 194400, weight_size: 672, intermediate_size: 0
Total mem footprint: 1102274



Input FC size: 1

Input size: 1814400

Output size: 388800

Weight size: 672

Intermediate input size: 0
Total intermediate size (input + output): 0

input_size: 1814400, output_size: 388800, weight_size: 672, intermediate_size: 0
Total mem footprint: 2203874



Input FC size: 1

Input size: 3628800

Output size: 777600

Weight size: 672

Intermediate input size: 0
Total intermediate size (input + output): 0

input_size: 3628800, output_size: 777600, weight_size: 672, intermediate_size: 0
Total mem footprint: 4407074



Input FC size: 1

Input size: 7257600

Output size: 1555200

Weight size: 672

Intermediate input size: 0
Total intermediate size (input + output): 0

input_size: 7257600, output_size: 1555200, weight_size: 672, intermediate_size: 0
Total mem footprint: 8813474



Input FC size: 1

Input size: 14515200

Output size: 3110400

Weight size: 672

Intermediate input size: 0
Total intermediate size (input + output): 0

input_size: 14515200, output_size: 3110400, weight_size: 672, intermediate_size: 0
Total mem footprint: 17626274



-- local search of memory levels --
Choices after one step: {}
No valid follow-up configuration, stopping, current Wart: 5.331e-09
Total moves: 0
Total choices: 1
Choices: {}
Getting flat weight coupling for layer None
Getting flat weight coupling for layer None
Getting flat weight coupling for layer None
-- spatial-memory levels co-optimization --
Choices after one step: {}
No valid follow-up configuration, stopping, current Wart: 5.331e-09
Total moves: 0
Total choices: 1
Choices: {}
Getting flat weight coupling for layer None
Getting flat weight coupling for layer None
Getting flat weight coupling for layer None
é stato chiamato update stats! 




Questo mops è chiamato da update stats
Level: DRAM, arch bypasses for the level: [], in_bp: 1, w_bp: 0, out_bp: 1, int_in_bp: 1, int_out_bp: 1
DEBUG updateStats pre scaling: Level DRAM:
  in_reads: 29030400
  per_layer_w_reads: {0: 672}
  per_layer_int_in_reads: {}
  per_layer_int_out_reads: {}
  per_layer_int_out_writes: {}
  out_reads: 6220800
  out_writes: 6220800
  out_reads_factors: 1
scale_per_layer[0]: 1, temporal_iterations_per_layer[0]: 1, spatial_iterations_per_layer[0]: 1
DEBUG: results after scaling: Level DRAM: in_reads=29030400, w_reads=672, int_in_reads=0, int_out_reads=0, int_out_writes=0, out_writes=6220800, out_reads=6220800, out_reads_factors=1
DEBUG: Level DRAM adjusted out_reads for no bias read: 0
DEBUG updateStats post scaling: Level DRAM:
  in_reads: 29,030,400
  per_layer_w_reads: {0: 672}
  w_reads: 672
  per_layer_int_in_reads: {}
  per_layer_int_in_writes: {}
  int_in_reads: 0
  per_layer_int_out_reads: {}
  per_layer_int_out_writes: {}
  int_out_reads: 0
  out_reads: 0
  out_writes: 6,220,800
  out_reads_factors: 1
in_writes: 0, w_writes: 0, int_in_writes: 0, int_out_writes: 0, out_writes: 6220800
Name of the level: DRAM, level active instances per layer: {0: 1}, level active instances: 1
End first part of update for level: DRAM



Questo mops è chiamato da update stats
Level: GlobalBuffer, arch bypasses for the level: ['w'], in_bp: 1, w_bp: 0, out_bp: 0, int_in_bp: 1, int_out_bp: 1
DEBUG updateStats pre scaling: Level GlobalBuffer:
  in_reads: 56
  per_layer_w_reads: {0: 0}
  per_layer_int_in_reads: {}
  per_layer_int_out_reads: {}
  per_layer_int_out_writes: {}
  out_reads: 12
  out_writes: 12
  out_reads_factors: 1
scale_per_layer[0]: 518400, temporal_iterations_per_layer[0]: 518400, spatial_iterations_per_layer[0]: 1
DEBUG: results after scaling: Level GlobalBuffer: in_reads=29030400, w_reads=0, int_in_reads=0, int_out_reads=0, int_out_writes=0, out_writes=6220800, out_reads=6220800, out_reads_factors=1
DEBUG: Level GlobalBuffer adjusted out_reads for no bias read: 0
DEBUG updateStats post scaling: Level GlobalBuffer:
  in_reads: 29,030,400
  per_layer_w_reads: {0: 0}
  w_reads: 0
  per_layer_int_in_reads: {}
  per_layer_int_in_writes: {}
  int_in_reads: 0
  per_layer_int_out_reads: {}
  per_layer_int_out_writes: {}
  int_out_reads: 0
  out_reads: 6,220,800
  out_writes: 6,220,800
  out_reads_factors: 1
in_writes: 29030400, w_writes: 0, int_in_writes: 0, int_out_writes: 0, out_writes: 6220800
Name of the level: GlobalBuffer, level active instances per layer: {0: 1}, level active instances: 1
End first part of update for level: GlobalBuffer



Calculating Fanout Level: SACols, updating spatial and last reads
End of the first part of Update Stats for fanout level: SACols


Calculating Fanout Level: SARows, updating spatial and last reads
End of the first part of Update Stats for fanout level: SARows


Questo mops è chiamato da update stats
Level: InRegister, arch bypasses for the level: ['w', 'out'], in_bp: 0, w_bp: 0, out_bp: 0, int_in_bp: 1, int_out_bp: 1
DEBUG updateStats pre scaling: Level InRegister:
  in_reads: 1
  per_layer_w_reads: {0: 0}
  per_layer_int_in_reads: {}
  per_layer_int_out_reads: {}
  per_layer_int_out_writes: {}
  out_reads: 0
  out_writes: 0
  out_reads_factors: 0
scale_per_layer[0]: 518400, temporal_iterations_per_layer[0]: 518400, spatial_iterations_per_layer[0]: 1
DEBUG: results after scaling: Level InRegister: in_reads=518400, w_reads=0, int_in_reads=0, int_out_reads=0, int_out_writes=0, out_writes=0, out_reads=0, out_reads_factors=0
DEBUG updateStats post scaling: Level InRegister:
  in_reads: 518,400
  per_layer_w_reads: {0: 0}
  w_reads: 0
  per_layer_int_in_reads: {}
  per_layer_int_in_writes: {}
  int_in_reads: 0
  per_layer_int_out_reads: {}
  per_layer_int_out_writes: {}
  int_out_reads: 0
  out_reads: 0
  out_writes: 0
  out_reads_factors: 0
in_writes: 348364800, w_writes: 0, int_in_writes: 0, int_out_writes: 0, out_writes: 0
Name of the level: InRegister, level active instances per layer: {0: 1}, level active instances: 672
End first part of update for level: InRegister



Questo mops è chiamato da update stats
Level: WRegister, arch bypasses for the level: ['in', 'out'], in_bp: 0, w_bp: 0, out_bp: 0, int_in_bp: 1, int_out_bp: 1
DEBUG updateStats pre scaling: Level WRegister:
  in_reads: 0
  per_layer_w_reads: {0: 1}
  per_layer_int_in_reads: {}
  per_layer_int_out_reads: {}
  per_layer_int_out_writes: {}
  out_reads: 0
  out_writes: 0
  out_reads_factors: 0
scale_per_layer[0]: 518400, temporal_iterations_per_layer[0]: 518400, spatial_iterations_per_layer[0]: 1
DEBUG: results after scaling: Level WRegister: in_reads=0, w_reads=518400, int_in_reads=0, int_out_reads=0, int_out_writes=0, out_writes=0, out_reads=0, out_reads_factors=0
DEBUG updateStats post scaling: Level WRegister:
  in_reads: 0
  per_layer_w_reads: {0: 518400}
  w_reads: 518,400
  per_layer_int_in_reads: {}
  per_layer_int_in_writes: {}
  int_in_reads: 0
  per_layer_int_out_reads: {}
  per_layer_int_out_writes: {}
  int_out_reads: 0
  out_reads: 0
  out_writes: 0
  out_reads_factors: 0
in_writes: 0, w_writes: 672, int_in_writes: 0, int_out_writes: 0, out_writes: 0
Name of the level: WRegister, level active instances per layer: {0: 1}, level active instances: 672
End first part of update for level: WRegister



Questo mops è chiamato da update stats
Level: OutRegister, arch bypasses for the level: ['in', 'w'], in_bp: 0, w_bp: 0, out_bp: 1, int_in_bp: 1, int_out_bp: 1
DEBUG updateStats pre scaling: Level OutRegister:
  in_reads: 0
  per_layer_w_reads: {0: 0}
  per_layer_int_in_reads: {}
  per_layer_int_out_reads: {}
  per_layer_int_out_writes: {}
  out_reads: 1
  out_writes: 1
  out_reads_factors: 1
scale_per_layer[0]: 518400, temporal_iterations_per_layer[0]: 518400, spatial_iterations_per_layer[0]: 1
DEBUG: results after scaling: Level OutRegister: in_reads=0, w_reads=0, int_in_reads=0, int_out_reads=0, int_out_writes=0, out_writes=518400, out_reads=518400, out_reads_factors=1
DEBUG: Level OutRegister adjusted out_reads for no bias read: 0
DEBUG updateStats post scaling: Level OutRegister:
  in_reads: 0
  per_layer_w_reads: {0: 0}
  w_reads: 0
  per_layer_int_in_reads: {}
  per_layer_int_in_writes: {}
  int_in_reads: 0
  per_layer_int_out_reads: {}
  per_layer_int_out_writes: {}
  int_out_reads: 0
  out_reads: 348,364,800
  out_writes: 518,400
  out_reads_factors: 1
in_writes: 0, w_writes: 0, int_in_writes: 0, int_out_writes: 0, out_writes: 518400
Name of the level: OutRegister, level active instances per layer: {0: 1}, level active instances: 672
End first part of update for level: OutRegister



Calculating WMOPs for Compute Level
Compute Level Compute WMOPs_per_layer: {0: 42182.912146019415}
WMOPs_till_now before compute level: 5,908,238,361.996
Compute Level Compute total WMOPs from per layer sum: 42182.912146019415
Compute Level Compute total WMOPs: 28346916.962125044
Total WMOPs after adding compute level: 5908280544.908461
END FIRST PART OF UPDATE STATS


First cc_per_tile, it is from compute = 1
First cc_per_tile_per_layer it is from compute = {0: 1}


Calculating Latency for Level: OutRegister
ideal_bandwidth_read + ideal_bandwidth_drain: 1.0 vs level.read_bandwidth: 2.0
entro nel caso ideale read + drain
ideal_bandwidth_fill + ideal_bandwidth_update: 0.001488095238095238 vs level.write_bandwidth: 2.0
entro nel caso ideale fill + update


Calculating Latency for Level: WRegister
ideal_bandwidth_read + ideal_bandwidth_drain: 0.001488095238095238 vs level.read_bandwidth: 2.0
entro nel caso ideale read + drain
ideal_bandwidth_fill + ideal_bandwidth_update: 0.0 vs level.write_bandwidth: 2.0
entro nel caso ideale fill + update


Calculating Latency for Level: InRegister
ideal_bandwidth_read + ideal_bandwidth_drain: 0.001488095238095238 vs level.read_bandwidth: 2.0
entro nel caso ideale read + drain
ideal_bandwidth_fill + ideal_bandwidth_update: 1.0 vs level.write_bandwidth: 2.0
entro nel caso ideale fill + update


Calculating Latency for Level: GlobalBuffer
ideal_bandwidth_read + ideal_bandwidth_drain: 68.0 vs level.read_bandwidth: 16.0
ideal_bandwidth_fill + ideal_bandwidth_update: 68.0 vs level.write_bandwidth: 16.0


Calculating Latency for Level: DRAM
ideal_bandwidth_read + ideal_bandwidth_drain: 13.17677559912854 vs level.read_bandwidth: 4.0
ideal_bandwidth_fill + ideal_bandwidth_update: 2.823529411764706 vs level.write_bandwidth: 4.0
entro nel caso ideale fill + update


Final WMOPs and Latency calculation for Level: DRAM


Final WMOPs and Latency calculation for Level: GlobalBuffer


Final WMOPs and Latency calculation for Level: SACols


Final WMOPs and Latency calculation for Level: SARows


Final WMOPs and Latency calculation for Level: InRegister


Final WMOPs and Latency calculation for Level: WRegister


Final WMOPs and Latency calculation for Level: OutRegister


Final WMOPs and Latency calculation for Level: Compute
Compute level latency: 1
é stato chiamato update stats! 




Questo mops è chiamato da update stats
Level: DRAM, arch bypasses for the level: [], in_bp: 1, w_bp: 0, out_bp: 1, int_in_bp: 1, int_out_bp: 1
DEBUG updateStats pre scaling: Level DRAM:
  in_reads: 29030400
  per_layer_w_reads: {0: 672}
  per_layer_int_in_reads: {}
  per_layer_int_out_reads: {}
  per_layer_int_out_writes: {}
  out_reads: 6220800
  out_writes: 6220800
  out_reads_factors: 1
scale_per_layer[0]: 1, temporal_iterations_per_layer[0]: 1, spatial_iterations_per_layer[0]: 1
DEBUG: results after scaling: Level DRAM: in_reads=29030400, w_reads=672, int_in_reads=0, int_out_reads=0, int_out_writes=0, out_writes=6220800, out_reads=6220800, out_reads_factors=1
DEBUG: Level DRAM adjusted out_reads for no bias read: 0
DEBUG updateStats post scaling: Level DRAM:
  in_reads: 29,030,400
  per_layer_w_reads: {0: 672}
  w_reads: 672
  per_layer_int_in_reads: {}
  per_layer_int_in_writes: {}
  int_in_reads: 0
  per_layer_int_out_reads: {}
  per_layer_int_out_writes: {}
  int_out_reads: 0
  out_reads: 0
  out_writes: 6,220,800
  out_reads_factors: 1
in_writes: 0, w_writes: 0, int_in_writes: 0, int_out_writes: 0, out_writes: 6220800
Name of the level: DRAM, level active instances per layer: {0: 1}, level active instances: 1
End first part of update for level: DRAM



Questo mops è chiamato da update stats
Level: GlobalBuffer, arch bypasses for the level: ['w'], in_bp: 1, w_bp: 0, out_bp: 0, int_in_bp: 1, int_out_bp: 1
DEBUG updateStats pre scaling: Level GlobalBuffer:
  in_reads: 56
  per_layer_w_reads: {0: 0}
  per_layer_int_in_reads: {}
  per_layer_int_out_reads: {}
  per_layer_int_out_writes: {}
  out_reads: 12
  out_writes: 12
  out_reads_factors: 1
scale_per_layer[0]: 518400, temporal_iterations_per_layer[0]: 518400, spatial_iterations_per_layer[0]: 1
DEBUG: results after scaling: Level GlobalBuffer: in_reads=29030400, w_reads=0, int_in_reads=0, int_out_reads=0, int_out_writes=0, out_writes=6220800, out_reads=6220800, out_reads_factors=1
DEBUG: Level GlobalBuffer adjusted out_reads for no bias read: 0
DEBUG updateStats post scaling: Level GlobalBuffer:
  in_reads: 29,030,400
  per_layer_w_reads: {0: 0}
  w_reads: 0
  per_layer_int_in_reads: {}
  per_layer_int_in_writes: {}
  int_in_reads: 0
  per_layer_int_out_reads: {}
  per_layer_int_out_writes: {}
  int_out_reads: 0
  out_reads: 6,220,800
  out_writes: 6,220,800
  out_reads_factors: 1
in_writes: 29030400, w_writes: 0, int_in_writes: 0, int_out_writes: 0, out_writes: 6220800
Name of the level: GlobalBuffer, level active instances per layer: {0: 1}, level active instances: 1
End first part of update for level: GlobalBuffer



Calculating Fanout Level: SACols, updating spatial and last reads
End of the first part of Update Stats for fanout level: SACols


Calculating Fanout Level: SARows, updating spatial and last reads
End of the first part of Update Stats for fanout level: SARows


Questo mops è chiamato da update stats
Level: InRegister, arch bypasses for the level: ['w', 'out'], in_bp: 0, w_bp: 0, out_bp: 0, int_in_bp: 1, int_out_bp: 1
DEBUG updateStats pre scaling: Level InRegister:
  in_reads: 1
  per_layer_w_reads: {0: 0}
  per_layer_int_in_reads: {}
  per_layer_int_out_reads: {}
  per_layer_int_out_writes: {}
  out_reads: 0
  out_writes: 0
  out_reads_factors: 0
scale_per_layer[0]: 518400, temporal_iterations_per_layer[0]: 518400, spatial_iterations_per_layer[0]: 1
DEBUG: results after scaling: Level InRegister: in_reads=518400, w_reads=0, int_in_reads=0, int_out_reads=0, int_out_writes=0, out_writes=0, out_reads=0, out_reads_factors=0
DEBUG updateStats post scaling: Level InRegister:
  in_reads: 518,400
  per_layer_w_reads: {0: 0}
  w_reads: 0
  per_layer_int_in_reads: {}
  per_layer_int_in_writes: {}
  int_in_reads: 0
  per_layer_int_out_reads: {}
  per_layer_int_out_writes: {}
  int_out_reads: 0
  out_reads: 0
  out_writes: 0
  out_reads_factors: 0
in_writes: 348364800, w_writes: 0, int_in_writes: 0, int_out_writes: 0, out_writes: 0
Name of the level: InRegister, level active instances per layer: {0: 1}, level active instances: 672
End first part of update for level: InRegister



Questo mops è chiamato da update stats
Level: WRegister, arch bypasses for the level: ['in', 'out'], in_bp: 0, w_bp: 0, out_bp: 0, int_in_bp: 1, int_out_bp: 1
DEBUG updateStats pre scaling: Level WRegister:
  in_reads: 0
  per_layer_w_reads: {0: 1}
  per_layer_int_in_reads: {}
  per_layer_int_out_reads: {}
  per_layer_int_out_writes: {}
  out_reads: 0
  out_writes: 0
  out_reads_factors: 0
scale_per_layer[0]: 518400, temporal_iterations_per_layer[0]: 518400, spatial_iterations_per_layer[0]: 1
DEBUG: results after scaling: Level WRegister: in_reads=0, w_reads=518400, int_in_reads=0, int_out_reads=0, int_out_writes=0, out_writes=0, out_reads=0, out_reads_factors=0
DEBUG updateStats post scaling: Level WRegister:
  in_reads: 0
  per_layer_w_reads: {0: 518400}
  w_reads: 518,400
  per_layer_int_in_reads: {}
  per_layer_int_in_writes: {}
  int_in_reads: 0
  per_layer_int_out_reads: {}
  per_layer_int_out_writes: {}
  int_out_reads: 0
  out_reads: 0
  out_writes: 0
  out_reads_factors: 0
in_writes: 0, w_writes: 672, int_in_writes: 0, int_out_writes: 0, out_writes: 0
Name of the level: WRegister, level active instances per layer: {0: 1}, level active instances: 672
End first part of update for level: WRegister



Questo mops è chiamato da update stats
Level: OutRegister, arch bypasses for the level: ['in', 'w'], in_bp: 0, w_bp: 0, out_bp: 1, int_in_bp: 1, int_out_bp: 1
DEBUG updateStats pre scaling: Level OutRegister:
  in_reads: 0
  per_layer_w_reads: {0: 0}
  per_layer_int_in_reads: {}
  per_layer_int_out_reads: {}
  per_layer_int_out_writes: {}
  out_reads: 1
  out_writes: 1
  out_reads_factors: 1
scale_per_layer[0]: 518400, temporal_iterations_per_layer[0]: 518400, spatial_iterations_per_layer[0]: 1
DEBUG: results after scaling: Level OutRegister: in_reads=0, w_reads=0, int_in_reads=0, int_out_reads=0, int_out_writes=0, out_writes=518400, out_reads=518400, out_reads_factors=1
DEBUG: Level OutRegister adjusted out_reads for no bias read: 0
DEBUG updateStats post scaling: Level OutRegister:
  in_reads: 0
  per_layer_w_reads: {0: 0}
  w_reads: 0
  per_layer_int_in_reads: {}
  per_layer_int_in_writes: {}
  int_in_reads: 0
  per_layer_int_out_reads: {}
  per_layer_int_out_writes: {}
  int_out_reads: 0
  out_reads: 348,364,800
  out_writes: 518,400
  out_reads_factors: 1
in_writes: 0, w_writes: 0, int_in_writes: 0, int_out_writes: 0, out_writes: 518400
Name of the level: OutRegister, level active instances per layer: {0: 1}, level active instances: 672
End first part of update for level: OutRegister



Calculating WMOPs for Compute Level
Compute Level Compute WMOPs_per_layer: {0: 42182.912146019415}
WMOPs_till_now before compute level: 5,908,238,361.996
Compute Level Compute total WMOPs from per layer sum: 42182.912146019415
Compute Level Compute total WMOPs: 28346916.962125044
Total WMOPs after adding compute level: 5908280544.908461
END FIRST PART OF UPDATE STATS


First cc_per_tile, it is from compute = 1
First cc_per_tile_per_layer it is from compute = {0: 1}


Calculating Latency for Level: OutRegister
ideal_bandwidth_read + ideal_bandwidth_drain: 1.0 vs level.read_bandwidth: 2.0
entro nel caso ideale read + drain
ideal_bandwidth_fill + ideal_bandwidth_update: 0.001488095238095238 vs level.write_bandwidth: 2.0
entro nel caso ideale fill + update


Calculating Latency for Level: WRegister
ideal_bandwidth_read + ideal_bandwidth_drain: 0.001488095238095238 vs level.read_bandwidth: 2.0
entro nel caso ideale read + drain
ideal_bandwidth_fill + ideal_bandwidth_update: 0.0 vs level.write_bandwidth: 2.0
entro nel caso ideale fill + update


Calculating Latency for Level: InRegister
ideal_bandwidth_read + ideal_bandwidth_drain: 0.001488095238095238 vs level.read_bandwidth: 2.0
entro nel caso ideale read + drain
ideal_bandwidth_fill + ideal_bandwidth_update: 1.0 vs level.write_bandwidth: 2.0
entro nel caso ideale fill + update


Calculating Latency for Level: GlobalBuffer
ideal_bandwidth_read + ideal_bandwidth_drain: 68.0 vs level.read_bandwidth: 16.0
ideal_bandwidth_fill + ideal_bandwidth_update: 68.0 vs level.write_bandwidth: 16.0


Calculating Latency for Level: DRAM
ideal_bandwidth_read + ideal_bandwidth_drain: 13.17677559912854 vs level.read_bandwidth: 4.0
ideal_bandwidth_fill + ideal_bandwidth_update: 2.823529411764706 vs level.write_bandwidth: 4.0
entro nel caso ideale fill + update


Final WMOPs and Latency calculation for Level: DRAM


Final WMOPs and Latency calculation for Level: GlobalBuffer


Final WMOPs and Latency calculation for Level: SACols


Final WMOPs and Latency calculation for Level: SARows


Final WMOPs and Latency calculation for Level: InRegister


Final WMOPs and Latency calculation for Level: WRegister


Final WMOPs and Latency calculation for Level: OutRegister


Final WMOPs and Latency calculation for Level: Compute
Compute level latency: 1

Final condition:
Wart: 5.331e-09
EDP: 4.288e+04 (J*cycle)
DRAM ----------> P: 540, Q: 960
GlobalBuffer --
SACols --------> M: 12
SARows --------> C: 56
InRegister ----
WRegister -----
OutRegister ---
Compute -------

Visited mappings: 1

Performed moves: 0
é stato chiamato update stats! 




Questo mops è chiamato da update stats
Level: DRAM, arch bypasses for the level: [], in_bp: 1, w_bp: 0, out_bp: 1, int_in_bp: 1, int_out_bp: 1
DEBUG updateStats pre scaling: Level DRAM:
  in_reads: 29030400
  per_layer_w_reads: {0: 672}
  per_layer_int_in_reads: {}
  per_layer_int_out_reads: {}
  per_layer_int_out_writes: {}
  out_reads: 6220800
  out_writes: 6220800
  out_reads_factors: 1
scale_per_layer[0]: 1, temporal_iterations_per_layer[0]: 1, spatial_iterations_per_layer[0]: 1
DEBUG: results after scaling: Level DRAM: in_reads=29030400, w_reads=672, int_in_reads=0, int_out_reads=0, int_out_writes=0, out_writes=6220800, out_reads=6220800, out_reads_factors=1
DEBUG: Level DRAM adjusted out_reads for no bias read: 0
DEBUG updateStats post scaling: Level DRAM:
  in_reads: 29,030,400
  per_layer_w_reads: {0: 672}
  w_reads: 672
  per_layer_int_in_reads: {}
  per_layer_int_in_writes: {}
  int_in_reads: 0
  per_layer_int_out_reads: {}
  per_layer_int_out_writes: {}
  int_out_reads: 0
  out_reads: 0
  out_writes: 6,220,800
  out_reads_factors: 1
in_writes: 0, w_writes: 0, int_in_writes: 0, int_out_writes: 0, out_writes: 6220800
Name of the level: DRAM, level active instances per layer: {0: 1}, level active instances: 1
End first part of update for level: DRAM



Questo mops è chiamato da update stats
Level: GlobalBuffer, arch bypasses for the level: ['w'], in_bp: 1, w_bp: 0, out_bp: 0, int_in_bp: 1, int_out_bp: 1
DEBUG updateStats pre scaling: Level GlobalBuffer:
  in_reads: 56
  per_layer_w_reads: {0: 0}
  per_layer_int_in_reads: {}
  per_layer_int_out_reads: {}
  per_layer_int_out_writes: {}
  out_reads: 12
  out_writes: 12
  out_reads_factors: 1
scale_per_layer[0]: 518400, temporal_iterations_per_layer[0]: 518400, spatial_iterations_per_layer[0]: 1
DEBUG: results after scaling: Level GlobalBuffer: in_reads=29030400, w_reads=0, int_in_reads=0, int_out_reads=0, int_out_writes=0, out_writes=6220800, out_reads=6220800, out_reads_factors=1
DEBUG: Level GlobalBuffer adjusted out_reads for no bias read: 0
DEBUG updateStats post scaling: Level GlobalBuffer:
  in_reads: 29,030,400
  per_layer_w_reads: {0: 0}
  w_reads: 0
  per_layer_int_in_reads: {}
  per_layer_int_in_writes: {}
  int_in_reads: 0
  per_layer_int_out_reads: {}
  per_layer_int_out_writes: {}
  int_out_reads: 0
  out_reads: 6,220,800
  out_writes: 6,220,800
  out_reads_factors: 1
in_writes: 29030400, w_writes: 0, int_in_writes: 0, int_out_writes: 0, out_writes: 6220800
Name of the level: GlobalBuffer, level active instances per layer: {0: 1}, level active instances: 1
End first part of update for level: GlobalBuffer



Calculating Fanout Level: SACols, updating spatial and last reads
End of the first part of Update Stats for fanout level: SACols


Calculating Fanout Level: SARows, updating spatial and last reads
End of the first part of Update Stats for fanout level: SARows


Questo mops è chiamato da update stats
Level: InRegister, arch bypasses for the level: ['w', 'out'], in_bp: 0, w_bp: 0, out_bp: 0, int_in_bp: 1, int_out_bp: 1
DEBUG updateStats pre scaling: Level InRegister:
  in_reads: 1
  per_layer_w_reads: {0: 0}
  per_layer_int_in_reads: {}
  per_layer_int_out_reads: {}
  per_layer_int_out_writes: {}
  out_reads: 0
  out_writes: 0
  out_reads_factors: 0
scale_per_layer[0]: 518400, temporal_iterations_per_layer[0]: 518400, spatial_iterations_per_layer[0]: 1
DEBUG: results after scaling: Level InRegister: in_reads=518400, w_reads=0, int_in_reads=0, int_out_reads=0, int_out_writes=0, out_writes=0, out_reads=0, out_reads_factors=0
DEBUG updateStats post scaling: Level InRegister:
  in_reads: 518,400
  per_layer_w_reads: {0: 0}
  w_reads: 0
  per_layer_int_in_reads: {}
  per_layer_int_in_writes: {}
  int_in_reads: 0
  per_layer_int_out_reads: {}
  per_layer_int_out_writes: {}
  int_out_reads: 0
  out_reads: 0
  out_writes: 0
  out_reads_factors: 0
in_writes: 348364800, w_writes: 0, int_in_writes: 0, int_out_writes: 0, out_writes: 0
Name of the level: InRegister, level active instances per layer: {0: 1}, level active instances: 672
End first part of update for level: InRegister



Questo mops è chiamato da update stats
Level: WRegister, arch bypasses for the level: ['in', 'out'], in_bp: 0, w_bp: 0, out_bp: 0, int_in_bp: 1, int_out_bp: 1
DEBUG updateStats pre scaling: Level WRegister:
  in_reads: 0
  per_layer_w_reads: {0: 1}
  per_layer_int_in_reads: {}
  per_layer_int_out_reads: {}
  per_layer_int_out_writes: {}
  out_reads: 0
  out_writes: 0
  out_reads_factors: 0
scale_per_layer[0]: 518400, temporal_iterations_per_layer[0]: 518400, spatial_iterations_per_layer[0]: 1
DEBUG: results after scaling: Level WRegister: in_reads=0, w_reads=518400, int_in_reads=0, int_out_reads=0, int_out_writes=0, out_writes=0, out_reads=0, out_reads_factors=0
DEBUG updateStats post scaling: Level WRegister:
  in_reads: 0
  per_layer_w_reads: {0: 518400}
  w_reads: 518,400
  per_layer_int_in_reads: {}
  per_layer_int_in_writes: {}
  int_in_reads: 0
  per_layer_int_out_reads: {}
  per_layer_int_out_writes: {}
  int_out_reads: 0
  out_reads: 0
  out_writes: 0
  out_reads_factors: 0
in_writes: 0, w_writes: 672, int_in_writes: 0, int_out_writes: 0, out_writes: 0
Name of the level: WRegister, level active instances per layer: {0: 1}, level active instances: 672
End first part of update for level: WRegister



Questo mops è chiamato da update stats
Level: OutRegister, arch bypasses for the level: ['in', 'w'], in_bp: 0, w_bp: 0, out_bp: 1, int_in_bp: 1, int_out_bp: 1
DEBUG updateStats pre scaling: Level OutRegister:
  in_reads: 0
  per_layer_w_reads: {0: 0}
  per_layer_int_in_reads: {}
  per_layer_int_out_reads: {}
  per_layer_int_out_writes: {}
  out_reads: 1
  out_writes: 1
  out_reads_factors: 1
scale_per_layer[0]: 518400, temporal_iterations_per_layer[0]: 518400, spatial_iterations_per_layer[0]: 1
DEBUG: results after scaling: Level OutRegister: in_reads=0, w_reads=0, int_in_reads=0, int_out_reads=0, int_out_writes=0, out_writes=518400, out_reads=518400, out_reads_factors=1
DEBUG: Level OutRegister adjusted out_reads for no bias read: 0
DEBUG updateStats post scaling: Level OutRegister:
  in_reads: 0
  per_layer_w_reads: {0: 0}
  w_reads: 0
  per_layer_int_in_reads: {}
  per_layer_int_in_writes: {}
  int_in_reads: 0
  per_layer_int_out_reads: {}
  per_layer_int_out_writes: {}
  int_out_reads: 0
  out_reads: 348,364,800
  out_writes: 518,400
  out_reads_factors: 1
in_writes: 0, w_writes: 0, int_in_writes: 0, int_out_writes: 0, out_writes: 518400
Name of the level: OutRegister, level active instances per layer: {0: 1}, level active instances: 672
End first part of update for level: OutRegister



Calculating WMOPs for Compute Level
Compute Level Compute WMOPs_per_layer: {0: 42182.912146019415}
WMOPs_till_now before compute level: 5,908,238,361.996
Compute Level Compute total WMOPs from per layer sum: 42182.912146019415
Compute Level Compute total WMOPs: 28346916.962125044
Total WMOPs after adding compute level: 5908280544.908461
END FIRST PART OF UPDATE STATS


First cc_per_tile, it is from compute = 1
First cc_per_tile_per_layer it is from compute = {0: 1}


Calculating Latency for Level: OutRegister
ideal_bandwidth_read + ideal_bandwidth_drain: 1.0 vs level.read_bandwidth: 2.0
entro nel caso ideale read + drain
ideal_bandwidth_fill + ideal_bandwidth_update: 0.001488095238095238 vs level.write_bandwidth: 2.0
entro nel caso ideale fill + update


Calculating Latency for Level: WRegister
ideal_bandwidth_read + ideal_bandwidth_drain: 0.001488095238095238 vs level.read_bandwidth: 2.0
entro nel caso ideale read + drain
ideal_bandwidth_fill + ideal_bandwidth_update: 0.0 vs level.write_bandwidth: 2.0
entro nel caso ideale fill + update


Calculating Latency for Level: InRegister
ideal_bandwidth_read + ideal_bandwidth_drain: 0.001488095238095238 vs level.read_bandwidth: 2.0
entro nel caso ideale read + drain
ideal_bandwidth_fill + ideal_bandwidth_update: 1.0 vs level.write_bandwidth: 2.0
entro nel caso ideale fill + update


Calculating Latency for Level: GlobalBuffer
ideal_bandwidth_read + ideal_bandwidth_drain: 68.0 vs level.read_bandwidth: 16.0
ideal_bandwidth_fill + ideal_bandwidth_update: 68.0 vs level.write_bandwidth: 16.0


Calculating Latency for Level: DRAM
ideal_bandwidth_read + ideal_bandwidth_drain: 13.17677559912854 vs level.read_bandwidth: 4.0
ideal_bandwidth_fill + ideal_bandwidth_update: 2.823529411764706 vs level.write_bandwidth: 4.0
entro nel caso ideale fill + update


Final WMOPs and Latency calculation for Level: DRAM


Final WMOPs and Latency calculation for Level: GlobalBuffer


Final WMOPs and Latency calculation for Level: SACols


Final WMOPs and Latency calculation for Level: SARows


Final WMOPs and Latency calculation for Level: InRegister


Final WMOPs and Latency calculation for Level: WRegister


Final WMOPs and Latency calculation for Level: OutRegister


Final WMOPs and Latency calculation for Level: Compute
Compute level latency: 1
DRAM in_reads set to: 29030400, w_reads set to: 672, out_reads: 0, int_in_reads: 0, int_out_reads: 0
DRAM Reads: 29031072: in:29030400, w:672, out:0, int_in:0, int_out:0
level SACols utilization: 12/16=0.75
utilization after level SACols: 0.75
level SARows utilization: 56/128=0.4375
utilization after level SARows: 0.328125
level Compute utilization: 1/1=1.0
utilization after level Compute: 0.328125
Arch: Eyeriss_Constrained_1L_tile1_16x128: spatial utilization is 0.328125

Finished in: 0.052s

Best mapping found with:
	Wart: 5.331e-09
	EDP: 4.288e+04 (J*cycle)
	Energy: 5.908e+03 (uJ)
	Latency: 7.258e+06 (cc)

Mapping:
DRAM ----------> P: 540, Q: 960
GlobalBuffer --
SACols --------> M: 12
SARows --------> C: 56
InRegister ----
WRegister -----
OutRegister ---
Compute -------

Final MOPs per memory level:
PRINT MOP FUSION!!!
DRAM:		Output Reads = 0 (reads) + 0 (drains), Output Writes = 6,220,800 (updates) + 0 (fills)
DRAM:		Input Reads = 29,030,400 (reads), Input Writes = 0 (writes)
DRAM:		Per-Layer W_R: [L0: 672], Total: 672
DRAM:		Total Reads = 29,031,072, Total Writes = 6,220,800
DEBUG: Calculating WMOPs for level DRAM with reads=29031072, writes=6220800
DEBUG: WMOPs for level DRAM = 5,640,299,520.000, 5.640e+09 pJ
GlobalBuffer:	Output Reads = 0 (reads) + 6,220,800 (drains), Output Writes = 6,220,800 (updates) + 0 (fills)
GlobalBuffer:	Input Reads = 29,030,400 (reads), Input Writes = 29,030,400 (writes)
GlobalBuffer:	Per-Layer W_R: [L0: 0], Total: 0
GlobalBuffer:	Total Reads = 35,251,200, Total Writes = 35,251,200
DEBUG: Calculating WMOPs for level GlobalBuffer with reads=35251200, writes=35251200
DEBUG: WMOPs for level GlobalBuffer = 5,657,505,877.420, 5.658e+09 pJ
InRegister:	Input Reads = 518,400 (reads), Input Writes = 348,364,800 (writes)
InRegister:	Per-Layer W_R: [L0: 0], Total: 0
InRegister:	Total Reads = 518,400, Total Writes = 348,364,800
DEBUG: Calculating WMOPs for level InRegister with reads=518400, writes=348364800
DEBUG: WMOPs for level InRegister = 5,782,381,899.702, 5.782e+09 pJ
WRegister:	Per-Layer W_R: [L0: 518,400], Total: 518,400
WRegister:	Total Reads = 518,400, Total Writes = 0
DEBUG: Calculating WMOPs for level WRegister with reads=518400, writes=0
DEBUG: WMOPs for level WRegister = 5,783,361,070.419, 5.783e+09 pJ
OutRegister:	Output Reads = 0 (reads) + 348,364,800 (drains), Output Writes = 518,400 (updates) + 0 (fills)
OutRegister:	Per-Layer W_R: [L0: 0], Total: 0
OutRegister:	Total Reads = 348,364,800, Total Writes = 518,400
DEBUG: Calculating WMOPs for level OutRegister with reads=348364800, writes=518400
DEBUG: WMOPs for level OutRegister = 5,908,237,092.701, 5.908e+09 pJ
Totals:		413,683,872 R, 390,355,200 W, 804,039,072 Tot
Energy:		5,908.279 uJ

Final Latency per level:
DRAM:		7,257,768 cc Read Drain and 2,203,200 cc Fill Update Latency, 4.0 Read Bandwidth and 4.0 Write Bandwidth,
		13.177 R and 2.824 U and 0.000 F and 0.000 D Ideal Bandwidth,
		1 cc per Tile, 5,054,568 Stall Cycles
GlobalBuffer:	2,203,200 cc Read Drain and 2,203,200 cc Fill Update Latency, 16.0 Read Bandwidth and 16.0 Write Bandwidth,
		56.000 R and 12.000 U and 56.000 F and 12.000 D Ideal Bandwidth,
		1 cc per Tile, 1,684,800 Stall Cycles
InRegister:	518,400 cc Read Drain and 518,400 cc Fill Update Latency, 2.0 Read Bandwidth and 2.0 Write Bandwidth,
		0.001 R and 0.000 U and 1.000 F and 0.000 D Ideal Bandwidth,
		1 cc per Tile, 0 Stall Cycles
WRegister:	518,400 cc Read Drain and 518,400 cc Fill Update Latency, 2.0 Read Bandwidth and 2.0 Write Bandwidth,
		0.001 R and 0.000 U and 0.000 F and 0.000 D Ideal Bandwidth,
		1 cc per Tile, 0 Stall Cycles
OutRegister:	518,400 cc Read Drain and 518,400 cc Fill Update Latency, 2.0 Read Bandwidth and 2.0 Write Bandwidth,
		0.000 R and 0.001 U and 0.000 F and 1.000 D Ideal Bandwidth,
		1 cc per Tile, 0 Stall Cycles
Max Latency:	7,257,768 cc of level DRAM
  OK L1_shrinking: E=5.908e+03 uJ, L=7.258e+06 cc, EDP=4.29e+04
------ loading Accelergy for Eyeriss ------
[Constrained Eyeriss] Single layer, tile_size=1
  DRAM: {'Q': 960, 'P': 540, 'M': 1, 'C': 1, 'R': 1, 'S': 1}
  GlobalBuffer: {'Q': 1, 'P': 1, 'M': 1, 'C': 1, 'R': 1, 'S': 1}
  SACols: {'Q': 1, 'M': 12}
  SARows: {'S': 3, 'C': 12, 'M': 1}
  WRegister: {'C': 1, 'R': 3, 'M': 1, 'P': 1, 'Q': 1, 'S': 1}
  OutRegister: {'M': 1, 'C': 1, 'P': 1, 'Q': 1, 'R': 1, 'S': 1}
Creating architecture: Eyeriss_Constrained_1L_tile1_16x128 with coupling: dims: MPQCRS, in_coupling: [C][P+R][Q+S], w_coupling: W0: [M][C][R][S],, out_coupling: [M][P][Q]
Starting engine with mapper: breadthfirst_local

WARNING: running on a Python version without free-threading (GIL enabled), this program relies heavily on true multithreading, thus expect a severe performance hit with your current setup. Consider updating to Python 3.13t or newer.
INFO: running multithreaded with THREADS_COUNT = 8

DEBUG interleave: START - Called from breadthfirst_local.py:600 in optimizeDataflows()
                       array=['P', 'Q'], elements=['M', 'C', 'R', 'S'] (len=4)
DEBUG interleave: START - Called from breadthfirst_local.py:600 in optimizeDataflows()
                       array=['Q', 'S', 'C', 'R'], elements=['M', 'P'] (len=2)
DEBUG interleave: START - Called from breadthfirst_local.py:600 in optimizeDataflows()
                       array=['S', 'R', 'Q', 'P', 'C', 'M'], elements=[] (len=0)
DEBUG interleave: START - Called from breadthfirst_local.py:600 in optimizeDataflows()
                       array=['C', 'R', 'S', 'Q', 'P', 'M'], elements=[] (len=0)
DEBUG interleave: START - Called from breadthfirst_local.py:600 in optimizeDataflows()
                       array=['M', 'S', 'R', 'Q', 'P', 'C'], elements=[] (len=0)
-------- factorFlow -------- CIAO
Arch after initialization:
Input FC size: 1

Input size: 6256848

Output size: 6220800

Weight size: 1296

Intermediate input size: 0
Total intermediate size (input + output): 0

input_size: 6256848, output_size: 6220800, weight_size: 1296, intermediate_size: 0
Total mem footprint: 12478946



Input FC size: 1

Input size: 108

Output size: 12

Weight size: 0

Intermediate input size: 0
Total intermediate size (input + output): 0

input_size: 108, output_size: 12, weight_size: 0, intermediate_size: 0
Total mem footprint: 122



Input FC size: 1

Input size: 3

Output size: 0

Weight size: 0

Intermediate input size: 0
Total intermediate size (input + output): 0

input_size: 3, output_size: 0, weight_size: 0, intermediate_size: 0
Total mem footprint: 5



Input FC size: 1

Input size: 0

Output size: 0

Weight size: 3

Intermediate input size: 0
Total intermediate size (input + output): 0

input_size: 0, output_size: 0, weight_size: 3, intermediate_size: 0
Total mem footprint: 4



Input FC size: 1

Input size: 0

Output size: 1

Weight size: 0

Intermediate input size: 0
Total intermediate size (input + output): 0

input_size: 0, output_size: 1, weight_size: 0, intermediate_size: 0
Total mem footprint: 2



DRAM ----------> P: 540, Q: 960
GlobalBuffer --
SACols --------> M: 12
SARows --------> S: 3, C: 12
InRegister ----
WRegister -----> R: 3
OutRegister ---
Compute -------

Starting FactorFlow tiling optimization:

é stato chiamato update stats! 




Questo mops è chiamato da update stats
Level: DRAM, arch bypasses for the level: [], in_bp: 1, w_bp: 0, out_bp: 1, int_in_bp: 1, int_out_bp: 1
DEBUG updateStats pre scaling: Level DRAM:
  in_reads: 6220800
  per_layer_w_reads: {0: 1296}
  per_layer_int_in_reads: {}
  per_layer_int_out_reads: {}
  per_layer_int_out_writes: {}
  out_reads: 6220800
  out_writes: 6220800
  out_reads_factors: 1
scale_per_layer[0]: 1, temporal_iterations_per_layer[0]: 1, spatial_iterations_per_layer[0]: 1
DEBUG: results after scaling: Level DRAM: in_reads=6220800, w_reads=1296, int_in_reads=0, int_out_reads=0, int_out_writes=0, out_writes=6220800, out_reads=6220800, out_reads_factors=1
DEBUG: Level DRAM adjusted out_reads for no bias read: 0
DEBUG updateStats post scaling: Level DRAM:
  in_reads: 6,220,800
  per_layer_w_reads: {0: 1296}
  w_reads: 1,296
  per_layer_int_in_reads: {}
  per_layer_int_in_writes: {}
  int_in_reads: 0
  per_layer_int_out_reads: {}
  per_layer_int_out_writes: {}
  int_out_reads: 0
  out_reads: 0
  out_writes: 6,220,800
  out_reads_factors: 1
in_writes: 0, w_writes: 0, int_in_writes: 0, int_out_writes: 0, out_writes: 6220800
Name of the level: DRAM, level active instances per layer: {0: 1}, level active instances: 1
End first part of update for level: DRAM



Questo mops è chiamato da update stats
Level: GlobalBuffer, arch bypasses for the level: ['w'], in_bp: 1, w_bp: 0, out_bp: 0, int_in_bp: 1, int_out_bp: 1
DEBUG updateStats pre scaling: Level GlobalBuffer:
  in_reads: 36
  per_layer_w_reads: {0: 0}
  per_layer_int_in_reads: {}
  per_layer_int_out_reads: {}
  per_layer_int_out_writes: {}
  out_reads: 12
  out_writes: 12
  out_reads_factors: 1
scale_per_layer[0]: 518400, temporal_iterations_per_layer[0]: 518400, spatial_iterations_per_layer[0]: 1
DEBUG: results after scaling: Level GlobalBuffer: in_reads=18662400, w_reads=0, int_in_reads=0, int_out_reads=0, int_out_writes=0, out_writes=6220800, out_reads=6220800, out_reads_factors=1
DEBUG: Level GlobalBuffer adjusted out_reads for no bias read: 0
DEBUG updateStats post scaling: Level GlobalBuffer:
  in_reads: 18,662,400
  per_layer_w_reads: {0: 0}
  w_reads: 0
  per_layer_int_in_reads: {}
  per_layer_int_in_writes: {}
  int_in_reads: 0
  per_layer_int_out_reads: {}
  per_layer_int_out_writes: {}
  int_out_reads: 0
  out_reads: 6,220,800
  out_writes: 6,220,800
  out_reads_factors: 1
in_writes: 6220800, w_writes: 0, int_in_writes: 0, int_out_writes: 0, out_writes: 6220800
Name of the level: GlobalBuffer, level active instances per layer: {0: 1}, level active instances: 1
End first part of update for level: GlobalBuffer



Calculating Fanout Level: SACols, updating spatial and last reads
End of the first part of Update Stats for fanout level: SACols


Calculating Fanout Level: SARows, updating spatial and last reads
End of the first part of Update Stats for fanout level: SARows


Questo mops è chiamato da update stats
Level: InRegister, arch bypasses for the level: ['w', 'out'], in_bp: 0, w_bp: 0, out_bp: 0, int_in_bp: 1, int_out_bp: 1
DEBUG updateStats pre scaling: Level InRegister:
  in_reads: 3
  per_layer_w_reads: {0: 0}
  per_layer_int_in_reads: {}
  per_layer_int_out_reads: {}
  per_layer_int_out_writes: {}
  out_reads: 0
  out_writes: 0
  out_reads_factors: 0
scale_per_layer[0]: 518400, temporal_iterations_per_layer[0]: 518400, spatial_iterations_per_layer[0]: 1
DEBUG: results after scaling: Level InRegister: in_reads=1555200, w_reads=0, int_in_reads=0, int_out_reads=0, int_out_writes=0, out_writes=0, out_reads=0, out_reads_factors=0
DEBUG updateStats post scaling: Level InRegister:
  in_reads: 1,555,200
  per_layer_w_reads: {0: 0}
  w_reads: 0
  per_layer_int_in_reads: {}
  per_layer_int_in_writes: {}
  int_in_reads: 0
  per_layer_int_out_reads: {}
  per_layer_int_out_writes: {}
  int_out_reads: 0
  out_reads: 0
  out_writes: 0
  out_reads_factors: 0
in_writes: 223948800, w_writes: 0, int_in_writes: 0, int_out_writes: 0, out_writes: 0
Name of the level: InRegister, level active instances per layer: {0: 1}, level active instances: 432
End first part of update for level: InRegister



Questo mops è chiamato da update stats
Level: WRegister, arch bypasses for the level: ['in', 'out'], in_bp: 0, w_bp: 0, out_bp: 0, int_in_bp: 1, int_out_bp: 1
DEBUG updateStats pre scaling: Level WRegister:
  in_reads: 0
  per_layer_w_reads: {0: 3}
  per_layer_int_in_reads: {}
  per_layer_int_out_reads: {}
  per_layer_int_out_writes: {}
  out_reads: 0
  out_writes: 0
  out_reads_factors: 0
scale_per_layer[0]: 518400, temporal_iterations_per_layer[0]: 518400, spatial_iterations_per_layer[0]: 1
DEBUG: results after scaling: Level WRegister: in_reads=0, w_reads=1555200, int_in_reads=0, int_out_reads=0, int_out_writes=0, out_writes=0, out_reads=0, out_reads_factors=0
DEBUG updateStats post scaling: Level WRegister:
  in_reads: 0
  per_layer_w_reads: {0: 1555200}
  w_reads: 1,555,200
  per_layer_int_in_reads: {}
  per_layer_int_in_writes: {}
  int_in_reads: 0
  per_layer_int_out_reads: {}
  per_layer_int_out_writes: {}
  int_out_reads: 0
  out_reads: 0
  out_writes: 0
  out_reads_factors: 0
in_writes: 0, w_writes: 1296, int_in_writes: 0, int_out_writes: 0, out_writes: 0
Name of the level: WRegister, level active instances per layer: {0: 1}, level active instances: 432
End first part of update for level: WRegister



Questo mops è chiamato da update stats
Level: OutRegister, arch bypasses for the level: ['in', 'w'], in_bp: 0, w_bp: 0, out_bp: 1, int_in_bp: 1, int_out_bp: 1
DEBUG updateStats pre scaling: Level OutRegister:
  in_reads: 0
  per_layer_w_reads: {0: 0}
  per_layer_int_in_reads: {}
  per_layer_int_out_reads: {}
  per_layer_int_out_writes: {}
  out_reads: 1
  out_writes: 1
  out_reads_factors: 1
scale_per_layer[0]: 1555200, temporal_iterations_per_layer[0]: 1555200, spatial_iterations_per_layer[0]: 1
DEBUG: results after scaling: Level OutRegister: in_reads=0, w_reads=0, int_in_reads=0, int_out_reads=0, int_out_writes=0, out_writes=1555200, out_reads=1555200, out_reads_factors=3
DEBUG: Level OutRegister adjusted out_reads for no bias read: 1036800
DEBUG updateStats post scaling: Level OutRegister:
  in_reads: 0
  per_layer_w_reads: {0: 0}
  w_reads: 0
  per_layer_int_in_reads: {}
  per_layer_int_in_writes: {}
  int_in_reads: 0
  per_layer_int_out_reads: {}
  per_layer_int_out_writes: {}
  int_out_reads: 0
  out_reads: 224,985,600
  out_writes: 1,555,200
  out_reads_factors: 3
in_writes: 0, w_writes: 0, int_in_writes: 0, int_out_writes: 0, out_writes: 1555200
Name of the level: OutRegister, level active instances per layer: {0: 1}, level active instances: 432
End first part of update for level: OutRegister



Calculating WMOPs for Compute Level
Compute Level Compute WMOPs_per_layer: {0: 126548.73643805823}
WMOPs_till_now before compute level: 2,164,713,298.331
Compute Level Compute total WMOPs from per layer sum: 126548.73643805823
Compute Level Compute total WMOPs: 54669054.141241156
Total WMOPs after adding compute level: 2164839847.067925
END FIRST PART OF UPDATE STATS


First cc_per_tile, it is from compute = 1
First cc_per_tile_per_layer it is from compute = {0: 1}


Calculating Latency for Level: OutRegister
ideal_bandwidth_read + ideal_bandwidth_drain: 0.33487654320987653 vs level.read_bandwidth: 2.0
entro nel caso ideale read + drain
ideal_bandwidth_fill + ideal_bandwidth_update: 0.0023148148148148147 vs level.write_bandwidth: 2.0
entro nel caso ideale fill + update


Calculating Latency for Level: WRegister
ideal_bandwidth_read + ideal_bandwidth_drain: 0.0023148148148148147 vs level.read_bandwidth: 2.0
entro nel caso ideale read + drain
ideal_bandwidth_fill + ideal_bandwidth_update: 0.0 vs level.write_bandwidth: 2.0
entro nel caso ideale fill + update


Calculating Latency for Level: InRegister
ideal_bandwidth_read + ideal_bandwidth_drain: 0.0023148148148148147 vs level.read_bandwidth: 2.0
entro nel caso ideale read + drain
ideal_bandwidth_fill + ideal_bandwidth_update: 0.3333333333333333 vs level.write_bandwidth: 2.0
entro nel caso ideale fill + update


Calculating Latency for Level: GlobalBuffer
ideal_bandwidth_read + ideal_bandwidth_drain: 16.0 vs level.read_bandwidth: 16.0
entro nel caso ideale read + drain
ideal_bandwidth_fill + ideal_bandwidth_update: 8.0 vs level.write_bandwidth: 16.0
entro nel caso ideale fill + update


Calculating Latency for Level: DRAM
ideal_bandwidth_read + ideal_bandwidth_drain: 4.0008333333333335 vs level.read_bandwidth: 4.0
ideal_bandwidth_fill + ideal_bandwidth_update: 4.0 vs level.write_bandwidth: 4.0
entro nel caso ideale fill + update


Final WMOPs and Latency calculation for Level: DRAM


Final WMOPs and Latency calculation for Level: GlobalBuffer


Final WMOPs and Latency calculation for Level: SACols


Final WMOPs and Latency calculation for Level: SARows


Final WMOPs and Latency calculation for Level: InRegister


Final WMOPs and Latency calculation for Level: WRegister


Final WMOPs and Latency calculation for Level: OutRegister


Final WMOPs and Latency calculation for Level: Compute
Compute level latency: 1
level SACols utilization: 12/16=0.75
utilization after level SACols: 0.75
level SARows utilization: 36/128=0.28125
utilization after level SARows: 0.2109375
level Compute utilization: 1/1=1.0
utilization after level Compute: 0.2109375
Arch: Eyeriss_Constrained_1L_tile1_16x128: spatial utilization is 0.2109375
utilization used in WART calculation: 0.2109375
CIAO!
updateStats2
-- fanout maximization --
Input FC size: 1

Input size: 110568

Output size: 97200

Weight size: 1296

Intermediate input size: 0
Total intermediate size (input + output): 0

input_size: 110568, output_size: 97200, weight_size: 1296, intermediate_size: 0
Total mem footprint: 209066



Input FC size: 1

Input size: 208128

Output size: 194400

Weight size: 1296

Intermediate input size: 0
Total intermediate size (input + output): 0

input_size: 208128, output_size: 194400, weight_size: 1296, intermediate_size: 0
Total mem footprint: 403826



Input FC size: 1

Input size: 403248

Output size: 388800

Weight size: 1296

Intermediate input size: 0
Total intermediate size (input + output): 0

input_size: 403248, output_size: 388800, weight_size: 1296, intermediate_size: 0
Total mem footprint: 793346



Input FC size: 1

Input size: 793488

Output size: 777600

Weight size: 1296

Intermediate input size: 0
Total intermediate size (input + output): 0

input_size: 793488, output_size: 777600, weight_size: 1296, intermediate_size: 0
Total mem footprint: 1572386



Input FC size: 1

Input size: 1573968

Output size: 1555200

Weight size: 1296

Intermediate input size: 0
Total intermediate size (input + output): 0

input_size: 1573968, output_size: 1555200, weight_size: 1296, intermediate_size: 0
Total mem footprint: 3130466



Input FC size: 1

Input size: 3134928

Output size: 3110400

Weight size: 1296

Intermediate input size: 0
Total intermediate size (input + output): 0

input_size: 3134928, output_size: 3110400, weight_size: 1296, intermediate_size: 0
Total mem footprint: 6246626



-- local search of memory levels --
Choices after one step: {}
No valid follow-up configuration, stopping, current Wart: 8.417e-08
Total moves: 0
Total choices: 1
Choices: {}
Getting flat weight coupling for layer None
Getting flat weight coupling for layer None
Getting flat weight coupling for layer None
-- spatial-memory levels co-optimization --
Choices after one step: {}
No valid follow-up configuration, stopping, current Wart: 8.417e-08
Total moves: 0
Total choices: 1
Choices: {}
Getting flat weight coupling for layer None
Getting flat weight coupling for layer None
Getting flat weight coupling for layer None
é stato chiamato update stats! 




Questo mops è chiamato da update stats
Level: DRAM, arch bypasses for the level: [], in_bp: 1, w_bp: 0, out_bp: 1, int_in_bp: 1, int_out_bp: 1
DEBUG updateStats pre scaling: Level DRAM:
  in_reads: 6220800
  per_layer_w_reads: {0: 1296}
  per_layer_int_in_reads: {}
  per_layer_int_out_reads: {}
  per_layer_int_out_writes: {}
  out_reads: 6220800
  out_writes: 6220800
  out_reads_factors: 1
scale_per_layer[0]: 1, temporal_iterations_per_layer[0]: 1, spatial_iterations_per_layer[0]: 1
DEBUG: results after scaling: Level DRAM: in_reads=6220800, w_reads=1296, int_in_reads=0, int_out_reads=0, int_out_writes=0, out_writes=6220800, out_reads=6220800, out_reads_factors=1
DEBUG: Level DRAM adjusted out_reads for no bias read: 0
DEBUG updateStats post scaling: Level DRAM:
  in_reads: 6,220,800
  per_layer_w_reads: {0: 1296}
  w_reads: 1,296
  per_layer_int_in_reads: {}
  per_layer_int_in_writes: {}
  int_in_reads: 0
  per_layer_int_out_reads: {}
  per_layer_int_out_writes: {}
  int_out_reads: 0
  out_reads: 0
  out_writes: 6,220,800
  out_reads_factors: 1
in_writes: 0, w_writes: 0, int_in_writes: 0, int_out_writes: 0, out_writes: 6220800
Name of the level: DRAM, level active instances per layer: {0: 1}, level active instances: 1
End first part of update for level: DRAM



Questo mops è chiamato da update stats
Level: GlobalBuffer, arch bypasses for the level: ['w'], in_bp: 1, w_bp: 0, out_bp: 0, int_in_bp: 1, int_out_bp: 1
DEBUG updateStats pre scaling: Level GlobalBuffer:
  in_reads: 36
  per_layer_w_reads: {0: 0}
  per_layer_int_in_reads: {}
  per_layer_int_out_reads: {}
  per_layer_int_out_writes: {}
  out_reads: 12
  out_writes: 12
  out_reads_factors: 1
scale_per_layer[0]: 518400, temporal_iterations_per_layer[0]: 518400, spatial_iterations_per_layer[0]: 1
DEBUG: results after scaling: Level GlobalBuffer: in_reads=18662400, w_reads=0, int_in_reads=0, int_out_reads=0, int_out_writes=0, out_writes=6220800, out_reads=6220800, out_reads_factors=1
DEBUG: Level GlobalBuffer adjusted out_reads for no bias read: 0
DEBUG updateStats post scaling: Level GlobalBuffer:
  in_reads: 18,662,400
  per_layer_w_reads: {0: 0}
  w_reads: 0
  per_layer_int_in_reads: {}
  per_layer_int_in_writes: {}
  int_in_reads: 0
  per_layer_int_out_reads: {}
  per_layer_int_out_writes: {}
  int_out_reads: 0
  out_reads: 6,220,800
  out_writes: 6,220,800
  out_reads_factors: 1
in_writes: 6220800, w_writes: 0, int_in_writes: 0, int_out_writes: 0, out_writes: 6220800
Name of the level: GlobalBuffer, level active instances per layer: {0: 1}, level active instances: 1
End first part of update for level: GlobalBuffer



Calculating Fanout Level: SACols, updating spatial and last reads
End of the first part of Update Stats for fanout level: SACols


Calculating Fanout Level: SARows, updating spatial and last reads
End of the first part of Update Stats for fanout level: SARows


Questo mops è chiamato da update stats
Level: InRegister, arch bypasses for the level: ['w', 'out'], in_bp: 0, w_bp: 0, out_bp: 0, int_in_bp: 1, int_out_bp: 1
DEBUG updateStats pre scaling: Level InRegister:
  in_reads: 3
  per_layer_w_reads: {0: 0}
  per_layer_int_in_reads: {}
  per_layer_int_out_reads: {}
  per_layer_int_out_writes: {}
  out_reads: 0
  out_writes: 0
  out_reads_factors: 0
scale_per_layer[0]: 518400, temporal_iterations_per_layer[0]: 518400, spatial_iterations_per_layer[0]: 1
DEBUG: results after scaling: Level InRegister: in_reads=1555200, w_reads=0, int_in_reads=0, int_out_reads=0, int_out_writes=0, out_writes=0, out_reads=0, out_reads_factors=0
DEBUG updateStats post scaling: Level InRegister:
  in_reads: 1,555,200
  per_layer_w_reads: {0: 0}
  w_reads: 0
  per_layer_int_in_reads: {}
  per_layer_int_in_writes: {}
  int_in_reads: 0
  per_layer_int_out_reads: {}
  per_layer_int_out_writes: {}
  int_out_reads: 0
  out_reads: 0
  out_writes: 0
  out_reads_factors: 0
in_writes: 223948800, w_writes: 0, int_in_writes: 0, int_out_writes: 0, out_writes: 0
Name of the level: InRegister, level active instances per layer: {0: 1}, level active instances: 432
End first part of update for level: InRegister



Questo mops è chiamato da update stats
