experiment_id,workload_name,workload_variant,fusion_level,num_fused_layers,arch_type,arch_name,fmem_size_kB,wmem_size_kB,gb_size_kB,pe_rows,pe_cols,tile_size,scale_bandwidth,success,error_message,energy_uJ,latency_cycles,edp,mops,utilization,mapping_time_s,mapping
resnet18_17layer_2026-02-21T06:59:26.872664,resnet18,17layer,full,17,eyeriss,thesis_arch,1056,524,128,4,4,1,False,False,"Arch: Eyeriss_Constrained_17L_tile1_4x4 -> Level: SARows_0: Failed to fit comp to arch because the level's constraint (S0: 4) does not divide comp dimension S0 (7) exactly. To compensate, consider setting 'Settings.PADDED_MAPPINGS' to True.",0.000e+00,0.000e+00,0.00e+00,0,0.0,0.0,
resnet18_17layer_2026-02-21T06:59:27.502674,resnet18,17layer,full,17,eyeriss,thesis_arch,1056,524,128,4,16,1,False,False,"Arch: Eyeriss_Constrained_17L_tile1_16x4 -> Level: SARows_0: Failed to fit comp to arch because the level's constraint (S0: 4) does not divide comp dimension S0 (7) exactly. To compensate, consider setting 'Settings.PADDED_MAPPINGS' to True.",0.000e+00,0.000e+00,0.00e+00,0,0.0,0.0,
resnet18_17layer_2026-02-21T06:59:27.858588,resnet18,17layer,full,17,eyeriss,thesis_arch,1056,524,128,4,32,1,False,False,"Arch: Eyeriss_Constrained_17L_tile1_32x4 -> Level: SARows_0: Failed to fit comp to arch because the level's constraint (S0: 4) does not divide comp dimension S0 (7) exactly. To compensate, consider setting 'Settings.PADDED_MAPPINGS' to True.",0.000e+00,0.000e+00,0.00e+00,0,0.0,0.0,
resnet18_17layer_2026-02-21T06:59:28.196483,resnet18,17layer,full,17,eyeriss,thesis_arch,1056,524,128,4,64,1,False,False,"Arch: Eyeriss_Constrained_17L_tile1_64x4 -> Level: SARows_0: Failed to fit comp to arch because the level's constraint (S0: 4) does not divide comp dimension S0 (7) exactly. To compensate, consider setting 'Settings.PADDED_MAPPINGS' to True.",0.000e+00,0.000e+00,0.00e+00,0,0.0,0.0,
resnet18_17layer_2026-02-21T06:59:28.515406,resnet18,17layer,full,17,eyeriss,thesis_arch,1056,524,128,4,128,1,False,False,"Arch: Eyeriss_Constrained_17L_tile1_128x4 -> Level: SARows_0: Failed to fit comp to arch because the level's constraint (S0: 4) does not divide comp dimension S0 (7) exactly. To compensate, consider setting 'Settings.PADDED_MAPPINGS' to True.",0.000e+00,0.000e+00,0.00e+00,0,0.0,0.0,
resnet18_17layer_2026-02-21T06:59:28.784354,resnet18,17layer,full,17,eyeriss,thesis_arch,1056,524,128,4,256,1,False,False,"Arch: Eyeriss_Constrained_17L_tile1_256x4 -> Level: SARows_0: Failed to fit comp to arch because the level's constraint (S0: 4) does not divide comp dimension S0 (7) exactly. To compensate, consider setting 'Settings.PADDED_MAPPINGS' to True.",0.000e+00,0.000e+00,0.00e+00,0,0.0,0.0,
resnet18_17layer_2026-02-21T06:59:29.029373,resnet18,17layer,full,17,eyeriss,thesis_arch,1056,524,128,4,512,1,False,False,"Arch: Eyeriss_Constrained_17L_tile1_512x4 -> Level: SARows_0: Failed to fit comp to arch because the level's constraint (S0: 4) does not divide comp dimension S0 (7) exactly. To compensate, consider setting 'Settings.PADDED_MAPPINGS' to True.",0.000e+00,0.000e+00,0.00e+00,0,0.0,0.0,
resnet18_17layer_2026-02-21T06:59:29.321761,resnet18,17layer,full,17,eyeriss,thesis_arch,1056,524,128,16,4,1,False,False,"Ill-posed constraints:
CONSTRAINTS VIOLATION: Arch: Eyeriss_Constrained_17L_tile1_4x16 -> Level: InRegister: memory footprint: 2584 VS memory available: 400
CONSTRAINTS VIOLATION: Arch: Eyeriss_Constrained_17L_tile1_4x16 -> Level: WRegister: memory footprint: 229032 VS memory available: 4000
CONSTRAINTS VIOLATION: Arch: Eyeriss_Constrained_17L_tile1_4x16 -> Level: IntermediateRegister: memory footprint: 840 VS memory available: 50
CONSTRAINTS VIOLATION: Arch: Eyeriss_Constrained_17L_tile1_4x16 -> Level: OutRegister: memory footprint: 128 VS memory available: 64",0.000e+00,0.000e+00,0.00e+00,0,0.0,0.0,
resnet18_17layer_2026-02-21T06:59:29.648566,resnet18,17layer,full,17,eyeriss,thesis_arch,1056,524,128,16,16,1,False,False,"Ill-posed constraints:
CONSTRAINTS VIOLATION: Arch: Eyeriss_Constrained_17L_tile1_16x16 -> Level: InRegister: memory footprint: 2584 VS memory available: 400
CONSTRAINTS VIOLATION: Arch: Eyeriss_Constrained_17L_tile1_16x16 -> Level: WRegister: memory footprint: 57258 VS memory available: 4000
CONSTRAINTS VIOLATION: Arch: Eyeriss_Constrained_17L_tile1_16x16 -> Level: IntermediateRegister: memory footprint: 210 VS memory available: 50",0.000e+00,0.000e+00,0.00e+00,0,0.0,0.0,
resnet18_17layer_2026-02-21T06:59:29.963440,resnet18,17layer,full,17,eyeriss,thesis_arch,1056,524,128,16,32,1,False,False,"Ill-posed constraints:
CONSTRAINTS VIOLATION: Arch: Eyeriss_Constrained_17L_tile1_32x16 -> Level: InRegister: memory footprint: 2584 VS memory available: 400
CONSTRAINTS VIOLATION: Arch: Eyeriss_Constrained_17L_tile1_32x16 -> Level: WRegister: memory footprint: 28629 VS memory available: 4000
CONSTRAINTS VIOLATION: Arch: Eyeriss_Constrained_17L_tile1_32x16 -> Level: IntermediateRegister: memory footprint: 105 VS memory available: 50",0.000e+00,0.000e+00,0.00e+00,0,0.0,0.0,
resnet18_17layer_2026-02-21T06:59:30.279180,resnet18,17layer,full,17,eyeriss,thesis_arch,1056,524,128,16,64,1,False,False,"Ill-posed constraints:
CONSTRAINTS VIOLATION: Arch: Eyeriss_Constrained_17L_tile1_64x16 -> Level: InRegister: memory footprint: 2584 VS memory available: 400
CONSTRAINTS VIOLATION: Arch: Eyeriss_Constrained_17L_tile1_64x16 -> Level: WRegister: memory footprint: 14325 VS memory available: 4000
CONSTRAINTS VIOLATION: Arch: Eyeriss_Constrained_17L_tile1_64x16 -> Level: IntermediateRegister: memory footprint: 53 VS memory available: 50",0.000e+00,0.000e+00,0.00e+00,0,0.0,0.0,
resnet18_17layer_2026-02-21T06:59:30.568380,resnet18,17layer,full,17,eyeriss,thesis_arch,1056,524,128,16,128,1,False,False,"Ill-posed constraints:
CONSTRAINTS VIOLATION: Arch: Eyeriss_Constrained_17L_tile1_128x16 -> Level: InRegister: memory footprint: 2584 VS memory available: 400
CONSTRAINTS VIOLATION: Arch: Eyeriss_Constrained_17L_tile1_128x16 -> Level: WRegister: memory footprint: 7269 VS memory available: 4000",0.000e+00,0.000e+00,0.00e+00,0,0.0,0.0,
resnet18_17layer_2026-02-21T06:59:30.897430,resnet18,17layer,full,17,eyeriss,thesis_arch,1056,524,128,16,256,1,False,False,"Ill-posed constraints:
CONSTRAINTS VIOLATION: Arch: Eyeriss_Constrained_17L_tile1_256x16 -> Level: InRegister: memory footprint: 2584 VS memory available: 400",0.000e+00,0.000e+00,0.00e+00,0,0.0,0.0,
resnet18_17layer_2026-02-21T06:59:31.206630,resnet18,17layer,full,17,eyeriss,thesis_arch,1056,524,128,16,512,1,False,False,"Ill-posed constraints:
CONSTRAINTS VIOLATION: Arch: Eyeriss_Constrained_17L_tile1_512x16 -> Level: InRegister: memory footprint: 2584 VS memory available: 400",0.000e+00,0.000e+00,0.00e+00,0,0.0,0.0,
resnet18_17layer_2026-02-21T06:59:31.513978,resnet18,17layer,full,17,eyeriss,thesis_arch,1056,524,128,32,4,1,False,False,"Ill-posed constraints:
CONSTRAINTS VIOLATION: Arch: Eyeriss_Constrained_17L_tile1_4x32 -> Level: InRegister: memory footprint: 1286 VS memory available: 400
CONSTRAINTS VIOLATION: Arch: Eyeriss_Constrained_17L_tile1_4x32 -> Level: WRegister: memory footprint: 114544 VS memory available: 4000
CONSTRAINTS VIOLATION: Arch: Eyeriss_Constrained_17L_tile1_4x32 -> Level: IntermediateRegister: memory footprint: 848 VS memory available: 50
CONSTRAINTS VIOLATION: Arch: Eyeriss_Constrained_17L_tile1_4x32 -> Level: OutRegister: memory footprint: 128 VS memory available: 64",0.000e+00,0.000e+00,0.00e+00,0,0.0,0.0,
resnet18_17layer_2026-02-21T06:59:31.771728,resnet18,17layer,full,17,eyeriss,thesis_arch,1056,524,128,32,16,1,False,False,"Ill-posed constraints:
CONSTRAINTS VIOLATION: Arch: Eyeriss_Constrained_17L_tile1_16x32 -> Level: InRegister: memory footprint: 1286 VS memory available: 400
CONSTRAINTS VIOLATION: Arch: Eyeriss_Constrained_17L_tile1_16x32 -> Level: WRegister: memory footprint: 28636 VS memory available: 4000
CONSTRAINTS VIOLATION: Arch: Eyeriss_Constrained_17L_tile1_16x32 -> Level: IntermediateRegister: memory footprint: 212 VS memory available: 50",0.000e+00,0.000e+00,0.00e+00,0,0.0,0.0,
resnet18_17layer_2026-02-21T06:59:32.186697,resnet18,17layer,full,17,eyeriss,thesis_arch,1056,524,128,32,32,1,False,False,"Ill-posed constraints:
CONSTRAINTS VIOLATION: Arch: Eyeriss_Constrained_17L_tile1_32x32 -> Level: InRegister: memory footprint: 1286 VS memory available: 400
CONSTRAINTS VIOLATION: Arch: Eyeriss_Constrained_17L_tile1_32x32 -> Level: WRegister: memory footprint: 14318 VS memory available: 4000
CONSTRAINTS VIOLATION: Arch: Eyeriss_Constrained_17L_tile1_32x32 -> Level: IntermediateRegister: memory footprint: 106 VS memory available: 50",0.000e+00,0.000e+00,0.00e+00,0,0.0,0.0,
resnet18_17layer_2026-02-21T06:59:32.558624,resnet18,17layer,full,17,eyeriss,thesis_arch,1056,524,128,32,64,1,False,False,"Ill-posed constraints:
CONSTRAINTS VIOLATION: Arch: Eyeriss_Constrained_17L_tile1_64x32 -> Level: InRegister: memory footprint: 1286 VS memory available: 400
CONSTRAINTS VIOLATION: Arch: Eyeriss_Constrained_17L_tile1_64x32 -> Level: WRegister: memory footprint: 7159 VS memory available: 4000
CONSTRAINTS VIOLATION: Arch: Eyeriss_Constrained_17L_tile1_64x32 -> Level: IntermediateRegister: memory footprint: 53 VS memory available: 50",0.000e+00,0.000e+00,0.00e+00,0,0.0,0.0,
resnet18_17layer_2026-02-21T06:59:32.878405,resnet18,17layer,full,17,eyeriss,thesis_arch,1056,524,128,32,128,1,False,False,"Ill-posed constraints:
CONSTRAINTS VIOLATION: Arch: Eyeriss_Constrained_17L_tile1_128x32 -> Level: InRegister: memory footprint: 1286 VS memory available: 400",0.000e+00,0.000e+00,0.00e+00,0,0.0,0.0,
resnet18_17layer_2026-02-21T06:59:33.330827,resnet18,17layer,full,17,eyeriss,thesis_arch,1056,524,128,32,256,1,False,False,"Ill-posed constraints:
CONSTRAINTS VIOLATION: Arch: Eyeriss_Constrained_17L_tile1_256x32 -> Level: InRegister: memory footprint: 1286 VS memory available: 400",0.000e+00,0.000e+00,0.00e+00,0,0.0,0.0,
resnet18_17layer_2026-02-21T06:59:33.754281,resnet18,17layer,full,17,eyeriss,thesis_arch,1056,524,128,32,512,1,False,False,"Ill-posed constraints:
CONSTRAINTS VIOLATION: Arch: Eyeriss_Constrained_17L_tile1_512x32 -> Level: InRegister: memory footprint: 1286 VS memory available: 400",0.000e+00,0.000e+00,0.00e+00,0,0.0,0.0,
resnet18_17layer_2026-02-21T06:59:34.175047,resnet18,17layer,full,17,eyeriss,thesis_arch,1056,524,128,64,4,1,False,False,"Ill-posed constraints:
CONSTRAINTS VIOLATION: Arch: Eyeriss_Constrained_17L_tile1_4x64 -> Level: InRegister: memory footprint: 650 VS memory available: 400
CONSTRAINTS VIOLATION: Arch: Eyeriss_Constrained_17L_tile1_4x64 -> Level: WRegister: memory footprint: 57272 VS memory available: 4000
CONSTRAINTS VIOLATION: Arch: Eyeriss_Constrained_17L_tile1_4x64 -> Level: IntermediateRegister: memory footprint: 840 VS memory available: 50
CONSTRAINTS VIOLATION: Arch: Eyeriss_Constrained_17L_tile1_4x64 -> Level: OutRegister: memory footprint: 128 VS memory available: 64",0.000e+00,0.000e+00,0.00e+00,0,0.0,0.0,
resnet18_17layer_2026-02-21T06:59:34.517499,resnet18,17layer,full,17,eyeriss,thesis_arch,1056,524,128,64,16,1,False,False,"Ill-posed constraints:
CONSTRAINTS VIOLATION: Arch: Eyeriss_Constrained_17L_tile1_16x64 -> Level: InRegister: memory footprint: 650 VS memory available: 400
CONSTRAINTS VIOLATION: Arch: Eyeriss_Constrained_17L_tile1_16x64 -> Level: WRegister: memory footprint: 14318 VS memory available: 4000
CONSTRAINTS VIOLATION: Arch: Eyeriss_Constrained_17L_tile1_16x64 -> Level: IntermediateRegister: memory footprint: 210 VS memory available: 50",0.000e+00,0.000e+00,0.00e+00,0,0.0,0.0,
resnet18_17layer_2026-02-21T06:59:34.885949,resnet18,17layer,full,17,eyeriss,thesis_arch,1056,524,128,64,32,1,False,False,"Ill-posed constraints:
CONSTRAINTS VIOLATION: Arch: Eyeriss_Constrained_17L_tile1_32x64 -> Level: InRegister: memory footprint: 650 VS memory available: 400
CONSTRAINTS VIOLATION: Arch: Eyeriss_Constrained_17L_tile1_32x64 -> Level: WRegister: memory footprint: 7159 VS memory available: 4000
CONSTRAINTS VIOLATION: Arch: Eyeriss_Constrained_17L_tile1_32x64 -> Level: IntermediateRegister: memory footprint: 105 VS memory available: 50",0.000e+00,0.000e+00,0.00e+00,0,0.0,0.0,
resnet18_17layer_2026-02-21T06:59:35.352762,resnet18,17layer,full,17,eyeriss,thesis_arch,1056,524,128,64,64,1,False,False,"Ill-posed constraints:
CONSTRAINTS VIOLATION: Arch: Eyeriss_Constrained_17L_tile1_64x64 -> Level: InRegister: memory footprint: 650 VS memory available: 400
CONSTRAINTS VIOLATION: Arch: Eyeriss_Constrained_17L_tile1_64x64 -> Level: IntermediateRegister: memory footprint: 53 VS memory available: 50",0.000e+00,0.000e+00,0.00e+00,0,0.0,0.0,
resnet18_17layer_2026-02-21T06:59:35.806640,resnet18,17layer,full,17,eyeriss,thesis_arch,1056,524,128,64,128,1,False,False,"Ill-posed constraints:
CONSTRAINTS VIOLATION: Arch: Eyeriss_Constrained_17L_tile1_128x64 -> Level: InRegister: memory footprint: 650 VS memory available: 400",0.000e+00,0.000e+00,0.00e+00,0,0.0,0.0,
resnet18_17layer_2026-02-21T06:59:36.218040,resnet18,17layer,full,17,eyeriss,thesis_arch,1056,524,128,64,256,1,False,False,"Ill-posed constraints:
CONSTRAINTS VIOLATION: Arch: Eyeriss_Constrained_17L_tile1_256x64 -> Level: InRegister: memory footprint: 650 VS memory available: 400",0.000e+00,0.000e+00,0.00e+00,0,0.0,0.0,
resnet18_17layer_2026-02-21T06:59:36.602610,resnet18,17layer,full,17,eyeriss,thesis_arch,1056,524,128,128,4,1,False,False,"Ill-posed constraints:
CONSTRAINTS VIOLATION: Arch: Eyeriss_Constrained_17L_tile1_4x128 -> Level: WRegister: memory footprint: 28636 VS memory available: 4000
CONSTRAINTS VIOLATION: Arch: Eyeriss_Constrained_17L_tile1_4x128 -> Level: IntermediateRegister: memory footprint: 836 VS memory available: 50
CONSTRAINTS VIOLATION: Arch: Eyeriss_Constrained_17L_tile1_4x128 -> Level: OutRegister: memory footprint: 128 VS memory available: 64",0.000e+00,0.000e+00,0.00e+00,0,0.0,0.0,
resnet18_17layer_2026-02-21T06:59:36.959367,resnet18,17layer,full,17,eyeriss,thesis_arch,1056,524,128,128,16,1,False,False,"Ill-posed constraints:
CONSTRAINTS VIOLATION: Arch: Eyeriss_Constrained_17L_tile1_16x128 -> Level: WRegister: memory footprint: 7159 VS memory available: 4000
CONSTRAINTS VIOLATION: Arch: Eyeriss_Constrained_17L_tile1_16x128 -> Level: IntermediateRegister: memory footprint: 209 VS memory available: 50",0.000e+00,0.000e+00,0.00e+00,0,0.0,0.0,
resnet18_17layer_2026-02-21T06:59:37.311566,resnet18,17layer,full,17,eyeriss,thesis_arch,1056,524,128,128,32,1,False,False,"Ill-posed constraints:
CONSTRAINTS VIOLATION: Arch: Eyeriss_Constrained_17L_tile1_32x128 -> Level: IntermediateRegister: memory footprint: 105 VS memory available: 50",0.000e+00,0.000e+00,0.00e+00,0,0.0,0.0,
resnet18_17layer_2026-02-21T06:59:37.656130,resnet18,17layer,full,17,eyeriss,thesis_arch,1056,524,128,128,64,1,False,False,"Ill-posed constraints:
CONSTRAINTS VIOLATION: Arch: Eyeriss_Constrained_17L_tile1_64x128 -> Level: IntermediateRegister: memory footprint: 53 VS memory available: 50",0.000e+00,0.000e+00,0.00e+00,0,0.0,0.0,
resnet18_17layer_2026-02-21T06:59:37.921177,resnet18,17layer,full,17,eyeriss,thesis_arch,1056,524,128,128,128,1,False,True,,1.139e+05,3.042e+06,3.55e+05,"(6536433856, 2543810304)",5.138537864013415e-05,0.562511682510376,DRAM[P=7 Q=7 Z16=1 C16=1 R16=1 S16=1 Y15=7 X15=7 Z15=1 C15=1 R15=1 S15=1 Y14=7 X14=7 Z14=1 C14=1 R14=1 S14=1 Y13=14 X13=14 Z13=1 C13=1 R13=1 S13=1 Y12=14 X12=14 Z12=1 C12=1 R12=1 S12=1 Y11=14 X11=14 Z11=1 C11=1 R11=1 S11=1 Y10=14 X10=14 Z10=1 C10=1 R10=1 S10=1 Y9=28 X9=28 Z9=1 C9=1 R9=1 S9=1 Y8=28 X8=28 Z8=1 C8=1 R8=1 S8=1 Y7=28 X7=28 Z7=1 C7=1 R7=1 S7=1 Y6=28 X6=28 Z6=1 C6=1 R6=1 S6=1 Y5=56 X5=56 Z5=1 C5=1 R5=1 S5=1 Y4=56 X4=56 Z4=1 C4=1 R4=1 S4=1 Y3=56 X3=56 Z3=1 C3=1 R3=1 S3=1 Y2=56 X2=56 Z2=1 C2=1 R2=1 S2=1 Y1=56 X1=56 Z1=1 C1=1 R1=1 S1=1 Y0=112 X0=112 Z0=1 C0=1 R0=1 S0=1] GlobalBuffer[P=1 Q=1 Z16=1 C16=1 R16=1 S16=1 Y15=1 X15=1 Z15=1 C15=1 R15=1 S15=1 Y14=1 X14=1 Z14=1 C14=1 R14=1 S14=1 Y13=1 X13=1 Z13=1 C13=1 R13=1 S13=1 Y12=1 X12=1 Z12=1 C12=1 R12=1 S12=1 Y11=1 X11=1 Z11=1 C11=1 R11=1 S11=1 Y10=1 X10=1 Z10=1 C10=1 R10=1 S10=1 Y9=1 X9=1 Z9=1 C9=1 R9=1 S9=1 Y8=1 X8=1 Z8=1 C8=1 R8=1 S8=1 Y7=1 X7=1 Z7=1 C7=1 R7=1 S7=1 Y6=1 X6=1 Z6=1 C6=1 R6=1 S6=1 Y5=1 X5=1 Z5=1 C5=1 R5=1 S5=1 Y4=1 X4=1 Z4=1 C4=1 R4=1 S4=1 Y3=1 X3=1 Z3=1 C3=1 R3=1 S3=1 Y2=1 X2=1 Z2=1 C2=1 R2=1 S2=1 Y1=1 X1=1 Z1=1 C1=1 R1=1 S1=1 Y0=1 X0=1 Z0=1 C0=1 R0=1 S0=1] SACols[Q=1 Z16=128] SARows[S16=3 C16=32 Z16=1] SACols_15[X15=1 Z15=128] SARows_15[S15=3 C15=32 Z15=1] SACols_14[X14=1 Z14=128] SARows_14[S14=3 C14=32 Z14=1] SACols_13[X13=1 Z13=128] SARows_13[S13=3 C13=32 Z13=1] SACols_12[X12=1 Z12=128] SARows_12[S12=3 C12=32 Z12=1] SACols_11[X11=1 Z11=128] SARows_11[S11=3 C11=32 Z11=1] SACols_10[X10=1 Z10=128] SARows_10[S10=3 C10=32 Z10=1] SACols_9[X9=1 Z9=128] SARows_9[S9=3 C9=32 Z9=1] SACols_8[X8=1 Z8=128] SARows_8[S8=3 C8=32 Z8=1] SACols_7[X7=1 Z7=128] SARows_7[S7=3 C7=32 Z7=1] SACols_6[X6=1 Z6=128] SARows_6[S6=3 C6=32 Z6=1] SACols_5[X5=1 Z5=128] SARows_5[S5=3 C5=32 Z5=1] SACols_4[X4=1 Z4=64] SARows_4[S4=3 C4=32 Z4=1] SACols_3[X3=1 Z3=64] SARows_3[S3=3 C3=32 Z3=1] SACols_2[X2=1 Z2=64] SARows_2[S2=3 C2=32 Z2=1] SACols_1[X1=1 Z1=64] SARows_1[S1=3 C1=32 Z1=1] SACols_0[X0=1 Z0=64] SARows_0[S0=7 C0=3 Z0=1] InRegister[P=1 Q=1 Z16=1 C16=1 R16=1 S16=1 Y15=1 X15=1 Z15=1 C15=1 R15=1 S15=1 Y14=1 X14=1 Z14=1 C14=1 R14=1 S14=1 Y13=1 X13=1 Z13=1 C13=1 R13=1 S13=1 Y12=1 X12=1 Z12=1 C12=1 R12=1 S12=1 Y11=1 X11=1 Z11=1 C11=1 R11=1 S11=1 Y10=1 X10=1 Z10=1 C10=1 R10=1 S10=1 Y9=1 X9=1 Z9=1 C9=1 R9=1 S9=1 Y8=1 X8=1 Z8=1 C8=1 R8=1 S8=1 Y7=1 X7=1 Z7=1 C7=1 R7=1 S7=1 Y6=1 X6=1 Z6=1 C6=1 R6=1 S6=1 Y5=1 X5=1 Z5=1 C5=1 R5=1 S5=1 Y4=1 X4=1 Z4=1 C4=1 R4=1 S4=1 Y3=1 X3=1 Z3=1 C3=1 R3=1 S3=1 Y2=1 X2=1 Z2=1 C2=1 R2=1 S2=1 Y1=1 X1=1 Z1=1 C1=1 R1=1 S1=1 Y0=1 X0=1 Z0=1 C0=1 R0=1 S0=1] WRegister[P=1 Q=1 Z16=1 C16=16 R16=3 S16=1 Y15=1 X15=1 Z15=1 C15=16 R15=3 S15=1 Y14=1 X14=1 Z14=1 C14=16 R14=3 S14=1 Y13=1 X13=1 Z13=1 C13=8 R13=3 S13=1 Y12=1 X12=1 Z12=1 C12=8 R12=3 S12=1 Y11=1 X11=1 Z11=1 C11=8 R11=3 S11=1 Y10=1 X10=1 Z10=1 C10=8 R10=3 S10=1 Y9=1 X9=1 Z9=1 C9=4 R9=3 S9=1 Y8=1 X8=1 Z8=1 C8=4 R8=3 S8=1 Y7=1 X7=1 Z7=1 C7=4 R7=3 S7=1 Y6=1 X6=1 Z6=1 C6=4 R6=3 S6=1 Y5=1 X5=1 Z5=1 C5=2 R5=3 S5=1 Y4=1 X4=1 Z4=1 C4=2 R4=3 S4=1 Y3=1 X3=1 Z3=1 C3=2 R3=3 S3=1 Y2=1 X2=1 Z2=1 C2=2 R2=3 S2=1 Y1=1 X1=1 Z1=1 C1=2 R1=3 S1=1 Y0=1 X0=1 Z0=1 C0=1 R0=7 S0=1] IntermediateRegister[P=1 Q=1 Z16=1 C16=1 R16=1 S16=1 Y15=1 X15=1 Z15=4 C15=1 R15=1 S15=1 Y14=1 X14=1 Z14=4 C14=1 R14=1 S14=1 Y13=1 X13=1 Z13=4 C13=1 R13=1 S13=1 Y12=1 X12=1 Z12=2 C12=1 R12=1 S12=1 Y11=1 X11=1 Z11=2 C11=1 R11=1 S11=1 Y10=1 X10=1 Z10=2 C10=1 R10=1 S10=1 Y9=1 X9=1 Z9=2 C9=1 R9=1 S9=1 Y8=1 X8=1 Z8=1 C8=1 R8=1 S8=1 Y7=1 X7=1 Z7=1 C7=1 R7=1 S7=1 Y6=1 X6=1 Z6=1 C6=1 R6=1 S6=1 Y5=1 X5=1 Z5=1 C5=1 R5=1 S5=1 Y4=1 X4=1 Z4=1 C4=1 R4=1 S4=1 Y3=1 X3=1 Z3=1 C3=1 R3=1 S3=1 Y2=1 X2=1 Z2=1 C2=1 R2=1 S2=1 Y1=1 X1=1 Z1=1 C1=1 R1=1 S1=1 Y0=1 X0=1 Z0=1 C0=1 R0=1 S0=1] OutRegister[P=1 Q=1 Z16=4 C16=1 R16=1 S16=1 Y15=1 X15=1 Z15=1 C15=1 R15=1 S15=1 Y14=1 X14=1 Z14=1 C14=1 R14=1 S14=1 Y13=1 X13=1 Z13=1 C13=1 R13=1 S13=1 Y12=1 X12=1 Z12=1 C12=1 R12=1 S12=1 Y11=1 X11=1 Z11=1 C11=1 R11=1 S11=1 Y10=1 X10=1 Z10=1 C10=1 R10=1 S10=1 Y9=1 X9=1 Z9=1 C9=1 R9=1 S9=1 Y8=1 X8=1 Z8=1 C8=1 R8=1 S8=1 Y7=1 X7=1 Z7=1 C7=1 R7=1 S7=1 Y6=1 X6=1 Z6=1 C6=1 R6=1 S6=1 Y5=1 X5=1 Z5=1 C5=1 R5=1 S5=1 Y4=1 X4=1 Z4=1 C4=1 R4=1 S4=1 Y3=1 X3=1 Z3=1 C3=1 R3=1 S3=1 Y2=1 X2=1 Z2=1 C2=1 R2=1 S2=1 Y1=1 X1=1 Z1=1 C1=1 R1=1 S1=1 Y0=1 X0=1 Z0=1 C0=1 R0=1 S0=1] Compute] 
resnet18_17layer_2026-02-21T06:59:38.835111,resnet18,17layer,full,17,eyeriss,thesis_arch,1056,524,128,256,4,1,False,False,"Ill-posed constraints:
CONSTRAINTS VIOLATION: Arch: Eyeriss_Constrained_17L_tile1_4x256 -> Level: WRegister: memory footprint: 14318 VS memory available: 4000
CONSTRAINTS VIOLATION: Arch: Eyeriss_Constrained_17L_tile1_4x256 -> Level: IntermediateRegister: memory footprint: 834 VS memory available: 50
CONSTRAINTS VIOLATION: Arch: Eyeriss_Constrained_17L_tile1_4x256 -> Level: OutRegister: memory footprint: 128 VS memory available: 64",0.000e+00,0.000e+00,0.00e+00,0,0.0,0.0,
resnet18_17layer_2026-02-21T06:59:39.283474,resnet18,17layer,full,17,eyeriss,thesis_arch,1056,524,128,256,16,1,False,False,"Ill-posed constraints:
CONSTRAINTS VIOLATION: Arch: Eyeriss_Constrained_17L_tile1_16x256 -> Level: IntermediateRegister: memory footprint: 209 VS memory available: 50",0.000e+00,0.000e+00,0.00e+00,0,0.0,0.0,
resnet18_17layer_2026-02-21T06:59:39.627798,resnet18,17layer,full,17,eyeriss,thesis_arch,1056,524,128,256,32,1,False,False,"Ill-posed constraints:
CONSTRAINTS VIOLATION: Arch: Eyeriss_Constrained_17L_tile1_32x256 -> Level: IntermediateRegister: memory footprint: 105 VS memory available: 50",0.000e+00,0.000e+00,0.00e+00,0,0.0,0.0,
resnet18_17layer_2026-02-21T06:59:40.051736,resnet18,17layer,full,17,eyeriss,thesis_arch,1056,524,128,256,64,1,False,False,"Ill-posed constraints:
CONSTRAINTS VIOLATION: Arch: Eyeriss_Constrained_17L_tile1_64x256 -> Level: IntermediateRegister: memory footprint: 53 VS memory available: 50",0.000e+00,0.000e+00,0.00e+00,0,0.0,0.0,
resnet18_17layer_2026-02-21T06:59:40.820599,resnet18,17layer,full,17,eyeriss,thesis_arch,1056,524,128,512,4,1,False,False,"Ill-posed constraints:
CONSTRAINTS VIOLATION: Arch: Eyeriss_Constrained_17L_tile1_4x512 -> Level: WRegister: memory footprint: 7159 VS memory available: 4000
CONSTRAINTS VIOLATION: Arch: Eyeriss_Constrained_17L_tile1_4x512 -> Level: IntermediateRegister: memory footprint: 785 VS memory available: 50
CONSTRAINTS VIOLATION: Arch: Eyeriss_Constrained_17L_tile1_4x512 -> Level: OutRegister: memory footprint: 128 VS memory available: 64",0.000e+00,0.000e+00,0.00e+00,0,0.0,0.0,
resnet18_17layer_2026-02-21T06:59:41.548480,resnet18,17layer,full,17,eyeriss,thesis_arch,1056,524,128,512,16,1,False,False,"Ill-posed constraints:
CONSTRAINTS VIOLATION: Arch: Eyeriss_Constrained_17L_tile1_16x512 -> Level: IntermediateRegister: memory footprint: 197 VS memory available: 50",0.000e+00,0.000e+00,0.00e+00,0,0.0,0.0,
resnet18_17layer_2026-02-21T06:59:42.436660,resnet18,17layer,full,17,eyeriss,thesis_arch,1056,524,128,512,32,1,False,False,"Ill-posed constraints:
CONSTRAINTS VIOLATION: Arch: Eyeriss_Constrained_17L_tile1_32x512 -> Level: IntermediateRegister: memory footprint: 99 VS memory available: 50",0.000e+00,0.000e+00,0.00e+00,0,0.0,0.0,
resnet18_17layer_2026-02-21T06:59:43.345688,resnet18,17layer,full,17,eyeriss,thesis_arch,1056,524,128,4,4,1,False,False,"Arch: Eyeriss_Constrained_17L_tile1_4x4 -> Level: SARows_0: Failed to fit comp to arch because the level's constraint (S0: 4) does not divide comp dimension S0 (7) exactly. To compensate, consider setting 'Settings.PADDED_MAPPINGS' to True.",0.000e+00,0.000e+00,0.00e+00,0,0.0,0.0,
resnet18_17layer_2026-02-21T06:59:44.114855,resnet18,17layer,full,17,eyeriss,thesis_arch,1056,524,128,4,16,1,False,False,"Arch: Eyeriss_Constrained_17L_tile1_16x4 -> Level: SARows_0: Failed to fit comp to arch because the level's constraint (S0: 4) does not divide comp dimension S0 (7) exactly. To compensate, consider setting 'Settings.PADDED_MAPPINGS' to True.",0.000e+00,0.000e+00,0.00e+00,0,0.0,0.0,
resnet18_17layer_2026-02-21T06:59:44.634407,resnet18,17layer,full,17,eyeriss,thesis_arch,1056,524,128,4,32,1,False,False,"Arch: Eyeriss_Constrained_17L_tile1_32x4 -> Level: SARows_0: Failed to fit comp to arch because the level's constraint (S0: 4) does not divide comp dimension S0 (7) exactly. To compensate, consider setting 'Settings.PADDED_MAPPINGS' to True.",0.000e+00,0.000e+00,0.00e+00,0,0.0,0.0,
resnet18_17layer_2026-02-21T06:59:45.076580,resnet18,17layer,full,17,eyeriss,thesis_arch,1056,524,128,4,64,1,False,False,"Arch: Eyeriss_Constrained_17L_tile1_64x4 -> Level: SARows_0: Failed to fit comp to arch because the level's constraint (S0: 4) does not divide comp dimension S0 (7) exactly. To compensate, consider setting 'Settings.PADDED_MAPPINGS' to True.",0.000e+00,0.000e+00,0.00e+00,0,0.0,0.0,
resnet18_17layer_2026-02-21T06:59:45.902685,resnet18,17layer,full,17,eyeriss,thesis_arch,1056,524,128,4,128,1,False,False,"Arch: Eyeriss_Constrained_17L_tile1_128x4 -> Level: SARows_0: Failed to fit comp to arch because the level's constraint (S0: 4) does not divide comp dimension S0 (7) exactly. To compensate, consider setting 'Settings.PADDED_MAPPINGS' to True.",0.000e+00,0.000e+00,0.00e+00,0,0.0,0.0,
resnet18_17layer_2026-02-21T06:59:46.742978,resnet18,17layer,full,17,eyeriss,thesis_arch,1056,524,128,4,256,1,False,False,"Arch: Eyeriss_Constrained_17L_tile1_256x4 -> Level: SARows_0: Failed to fit comp to arch because the level's constraint (S0: 4) does not divide comp dimension S0 (7) exactly. To compensate, consider setting 'Settings.PADDED_MAPPINGS' to True.",0.000e+00,0.000e+00,0.00e+00,0,0.0,0.0,
resnet18_17layer_2026-02-21T06:59:47.266872,resnet18,17layer,full,17,eyeriss,thesis_arch,1056,524,128,4,512,1,False,False,"Arch: Eyeriss_Constrained_17L_tile1_512x4 -> Level: SARows_0: Failed to fit comp to arch because the level's constraint (S0: 4) does not divide comp dimension S0 (7) exactly. To compensate, consider setting 'Settings.PADDED_MAPPINGS' to True.",0.000e+00,0.000e+00,0.00e+00,0,0.0,0.0,
resnet18_17layer_2026-02-21T06:59:48.068989,resnet18,17layer,full,17,eyeriss,thesis_arch,1056,524,128,16,4,1,False,False,"Ill-posed constraints:
CONSTRAINTS VIOLATION: Arch: Eyeriss_Constrained_17L_tile1_4x16 -> Level: InRegister: memory footprint: 2584 VS memory available: 400
CONSTRAINTS VIOLATION: Arch: Eyeriss_Constrained_17L_tile1_4x16 -> Level: WRegister: memory footprint: 229032 VS memory available: 4000
CONSTRAINTS VIOLATION: Arch: Eyeriss_Constrained_17L_tile1_4x16 -> Level: IntermediateRegister: memory footprint: 840 VS memory available: 100
CONSTRAINTS VIOLATION: Arch: Eyeriss_Constrained_17L_tile1_4x16 -> Level: OutRegister: memory footprint: 128 VS memory available: 64",0.000e+00,0.000e+00,0.00e+00,0,0.0,0.0,
resnet18_17layer_2026-02-21T06:59:48.933423,resnet18,17layer,full,17,eyeriss,thesis_arch,1056,524,128,16,16,1,False,False,"Ill-posed constraints:
CONSTRAINTS VIOLATION: Arch: Eyeriss_Constrained_17L_tile1_16x16 -> Level: InRegister: memory footprint: 2584 VS memory available: 400
CONSTRAINTS VIOLATION: Arch: Eyeriss_Constrained_17L_tile1_16x16 -> Level: WRegister: memory footprint: 57258 VS memory available: 4000
CONSTRAINTS VIOLATION: Arch: Eyeriss_Constrained_17L_tile1_16x16 -> Level: IntermediateRegister: memory footprint: 210 VS memory available: 100",0.000e+00,0.000e+00,0.00e+00,0,0.0,0.0,
resnet18_17layer_2026-02-21T06:59:49.833493,resnet18,17layer,full,17,eyeriss,thesis_arch,1056,524,128,16,32,1,False,False,"Ill-posed constraints:
CONSTRAINTS VIOLATION: Arch: Eyeriss_Constrained_17L_tile1_32x16 -> Level: InRegister: memory footprint: 2584 VS memory available: 400
CONSTRAINTS VIOLATION: Arch: Eyeriss_Constrained_17L_tile1_32x16 -> Level: WRegister: memory footprint: 28629 VS memory available: 4000
CONSTRAINTS VIOLATION: Arch: Eyeriss_Constrained_17L_tile1_32x16 -> Level: IntermediateRegister: memory footprint: 105 VS memory available: 100",0.000e+00,0.000e+00,0.00e+00,0,0.0,0.0,
resnet18_17layer_2026-02-21T06:59:50.454693,resnet18,17layer,full,17,eyeriss,thesis_arch,1056,524,128,16,64,1,False,False,"Ill-posed constraints:
CONSTRAINTS VIOLATION: Arch: Eyeriss_Constrained_17L_tile1_64x16 -> Level: InRegister: memory footprint: 2584 VS memory available: 400
CONSTRAINTS VIOLATION: Arch: Eyeriss_Constrained_17L_tile1_64x16 -> Level: WRegister: memory footprint: 14325 VS memory available: 4000",0.000e+00,0.000e+00,0.00e+00,0,0.0,0.0,
resnet18_17layer_2026-02-21T06:59:51.052307,resnet18,17layer,full,17,eyeriss,thesis_arch,1056,524,128,16,128,1,False,False,"Ill-posed constraints:
CONSTRAINTS VIOLATION: Arch: Eyeriss_Constrained_17L_tile1_128x16 -> Level: InRegister: memory footprint: 2584 VS memory available: 400
CONSTRAINTS VIOLATION: Arch: Eyeriss_Constrained_17L_tile1_128x16 -> Level: WRegister: memory footprint: 7269 VS memory available: 4000",0.000e+00,0.000e+00,0.00e+00,0,0.0,0.0,
resnet18_17layer_2026-02-21T06:59:51.637037,resnet18,17layer,full,17,eyeriss,thesis_arch,1056,524,128,16,256,1,False,False,"Ill-posed constraints:
CONSTRAINTS VIOLATION: Arch: Eyeriss_Constrained_17L_tile1_256x16 -> Level: InRegister: memory footprint: 2584 VS memory available: 400",0.000e+00,0.000e+00,0.00e+00,0,0.0,0.0,
resnet18_17layer_2026-02-21T06:59:52.393639,resnet18,17layer,full,17,eyeriss,thesis_arch,1056,524,128,16,512,1,False,False,"Ill-posed constraints:
CONSTRAINTS VIOLATION: Arch: Eyeriss_Constrained_17L_tile1_512x16 -> Level: InRegister: memory footprint: 2584 VS memory available: 400",0.000e+00,0.000e+00,0.00e+00,0,0.0,0.0,
resnet18_17layer_2026-02-21T06:59:53.346936,resnet18,17layer,full,17,eyeriss,thesis_arch,1056,524,128,32,4,1,False,False,"Ill-posed constraints:
CONSTRAINTS VIOLATION: Arch: Eyeriss_Constrained_17L_tile1_4x32 -> Level: InRegister: memory footprint: 1286 VS memory available: 400
CONSTRAINTS VIOLATION: Arch: Eyeriss_Constrained_17L_tile1_4x32 -> Level: WRegister: memory footprint: 114544 VS memory available: 4000
CONSTRAINTS VIOLATION: Arch: Eyeriss_Constrained_17L_tile1_4x32 -> Level: IntermediateRegister: memory footprint: 848 VS memory available: 100
CONSTRAINTS VIOLATION: Arch: Eyeriss_Constrained_17L_tile1_4x32 -> Level: OutRegister: memory footprint: 128 VS memory available: 64",0.000e+00,0.000e+00,0.00e+00,0,0.0,0.0,
resnet18_17layer_2026-02-21T06:59:53.960020,resnet18,17layer,full,17,eyeriss,thesis_arch,1056,524,128,32,16,1,False,False,"Ill-posed constraints:
CONSTRAINTS VIOLATION: Arch: Eyeriss_Constrained_17L_tile1_16x32 -> Level: InRegister: memory footprint: 1286 VS memory available: 400
CONSTRAINTS VIOLATION: Arch: Eyeriss_Constrained_17L_tile1_16x32 -> Level: WRegister: memory footprint: 28636 VS memory available: 4000
CONSTRAINTS VIOLATION: Arch: Eyeriss_Constrained_17L_tile1_16x32 -> Level: IntermediateRegister: memory footprint: 212 VS memory available: 100",0.000e+00,0.000e+00,0.00e+00,0,0.0,0.0,
resnet18_17layer_2026-02-21T06:59:54.763462,resnet18,17layer,full,17,eyeriss,thesis_arch,1056,524,128,32,32,1,False,False,"Ill-posed constraints:
CONSTRAINTS VIOLATION: Arch: Eyeriss_Constrained_17L_tile1_32x32 -> Level: InRegister: memory footprint: 1286 VS memory available: 400
CONSTRAINTS VIOLATION: Arch: Eyeriss_Constrained_17L_tile1_32x32 -> Level: WRegister: memory footprint: 14318 VS memory available: 4000
CONSTRAINTS VIOLATION: Arch: Eyeriss_Constrained_17L_tile1_32x32 -> Level: IntermediateRegister: memory footprint: 106 VS memory available: 100",0.000e+00,0.000e+00,0.00e+00,0,0.0,0.0,
resnet18_17layer_2026-02-21T06:59:55.285595,resnet18,17layer,full,17,eyeriss,thesis_arch,1056,524,128,32,64,1,False,False,"Ill-posed constraints:
CONSTRAINTS VIOLATION: Arch: Eyeriss_Constrained_17L_tile1_64x32 -> Level: InRegister: memory footprint: 1286 VS memory available: 400
CONSTRAINTS VIOLATION: Arch: Eyeriss_Constrained_17L_tile1_64x32 -> Level: WRegister: memory footprint: 7159 VS memory available: 4000",0.000e+00,0.000e+00,0.00e+00,0,0.0,0.0,
resnet18_17layer_2026-02-21T06:59:55.961543,resnet18,17layer,full,17,eyeriss,thesis_arch,1056,524,128,32,128,1,False,False,"Ill-posed constraints:
CONSTRAINTS VIOLATION: Arch: Eyeriss_Constrained_17L_tile1_128x32 -> Level: InRegister: memory footprint: 1286 VS memory available: 400",0.000e+00,0.000e+00,0.00e+00,0,0.0,0.0,
resnet18_17layer_2026-02-21T06:59:56.484985,resnet18,17layer,full,17,eyeriss,thesis_arch,1056,524,128,32,256,1,False,False,"Ill-posed constraints:
CONSTRAINTS VIOLATION: Arch: Eyeriss_Constrained_17L_tile1_256x32 -> Level: InRegister: memory footprint: 1286 VS memory available: 400",0.000e+00,0.000e+00,0.00e+00,0,0.0,0.0,
resnet18_17layer_2026-02-21T06:59:57.214745,resnet18,17layer,full,17,eyeriss,thesis_arch,1056,524,128,32,512,1,False,False,"Ill-posed constraints:
CONSTRAINTS VIOLATION: Arch: Eyeriss_Constrained_17L_tile1_512x32 -> Level: InRegister: memory footprint: 1286 VS memory available: 400",0.000e+00,0.000e+00,0.00e+00,0,0.0,0.0,
resnet18_17layer_2026-02-21T06:59:57.859557,resnet18,17layer,full,17,eyeriss,thesis_arch,1056,524,128,64,4,1,False,False,"Ill-posed constraints:
CONSTRAINTS VIOLATION: Arch: Eyeriss_Constrained_17L_tile1_4x64 -> Level: InRegister: memory footprint: 650 VS memory available: 400
CONSTRAINTS VIOLATION: Arch: Eyeriss_Constrained_17L_tile1_4x64 -> Level: WRegister: memory footprint: 57272 VS memory available: 4000
CONSTRAINTS VIOLATION: Arch: Eyeriss_Constrained_17L_tile1_4x64 -> Level: IntermediateRegister: memory footprint: 840 VS memory available: 100
CONSTRAINTS VIOLATION: Arch: Eyeriss_Constrained_17L_tile1_4x64 -> Level: OutRegister: memory footprint: 128 VS memory available: 64",0.000e+00,0.000e+00,0.00e+00,0,0.0,0.0,
resnet18_17layer_2026-02-21T06:59:58.389596,resnet18,17layer,full,17,eyeriss,thesis_arch,1056,524,128,64,16,1,False,False,"Ill-posed constraints:
CONSTRAINTS VIOLATION: Arch: Eyeriss_Constrained_17L_tile1_16x64 -> Level: InRegister: memory footprint: 650 VS memory available: 400
CONSTRAINTS VIOLATION: Arch: Eyeriss_Constrained_17L_tile1_16x64 -> Level: WRegister: memory footprint: 14318 VS memory available: 4000
CONSTRAINTS VIOLATION: Arch: Eyeriss_Constrained_17L_tile1_16x64 -> Level: IntermediateRegister: memory footprint: 210 VS memory available: 100",0.000e+00,0.000e+00,0.00e+00,0,0.0,0.0,
resnet18_17layer_2026-02-21T06:59:58.974391,resnet18,17layer,full,17,eyeriss,thesis_arch,1056,524,128,64,32,1,False,False,"Ill-posed constraints:
CONSTRAINTS VIOLATION: Arch: Eyeriss_Constrained_17L_tile1_32x64 -> Level: InRegister: memory footprint: 650 VS memory available: 400
CONSTRAINTS VIOLATION: Arch: Eyeriss_Constrained_17L_tile1_32x64 -> Level: WRegister: memory footprint: 7159 VS memory available: 4000
CONSTRAINTS VIOLATION: Arch: Eyeriss_Constrained_17L_tile1_32x64 -> Level: IntermediateRegister: memory footprint: 105 VS memory available: 100",0.000e+00,0.000e+00,0.00e+00,0,0.0,0.0,
resnet18_17layer_2026-02-21T06:59:59.581246,resnet18,17layer,full,17,eyeriss,thesis_arch,1056,524,128,64,64,1,False,False,"Ill-posed constraints:
CONSTRAINTS VIOLATION: Arch: Eyeriss_Constrained_17L_tile1_64x64 -> Level: InRegister: memory footprint: 650 VS memory available: 400",0.000e+00,0.000e+00,0.00e+00,0,0.0,0.0,
resnet18_17layer_2026-02-21T07:00:00.270946,resnet18,17layer,full,17,eyeriss,thesis_arch,1056,524,128,64,128,1,False,False,"Ill-posed constraints:
CONSTRAINTS VIOLATION: Arch: Eyeriss_Constrained_17L_tile1_128x64 -> Level: InRegister: memory footprint: 650 VS memory available: 400",0.000e+00,0.000e+00,0.00e+00,0,0.0,0.0,
resnet18_17layer_2026-02-21T07:00:00.678185,resnet18,17layer,full,17,eyeriss,thesis_arch,1056,524,128,64,256,1,False,False,"Ill-posed constraints:
CONSTRAINTS VIOLATION: Arch: Eyeriss_Constrained_17L_tile1_256x64 -> Level: InRegister: memory footprint: 650 VS memory available: 400",0.000e+00,0.000e+00,0.00e+00,0,0.0,0.0,
resnet18_17layer_2026-02-21T07:00:01.392139,resnet18,17layer,full,17,eyeriss,thesis_arch,1056,524,128,128,4,1,False,False,"Ill-posed constraints:
CONSTRAINTS VIOLATION: Arch: Eyeriss_Constrained_17L_tile1_4x128 -> Level: WRegister: memory footprint: 28636 VS memory available: 4000
CONSTRAINTS VIOLATION: Arch: Eyeriss_Constrained_17L_tile1_4x128 -> Level: IntermediateRegister: memory footprint: 836 VS memory available: 100
CONSTRAINTS VIOLATION: Arch: Eyeriss_Constrained_17L_tile1_4x128 -> Level: OutRegister: memory footprint: 128 VS memory available: 64",0.000e+00,0.000e+00,0.00e+00,0,0.0,0.0,
resnet18_17layer_2026-02-21T07:00:01.772708,resnet18,17layer,full,17,eyeriss,thesis_arch,1056,524,128,128,16,1,False,False,"Ill-posed constraints:
CONSTRAINTS VIOLATION: Arch: Eyeriss_Constrained_17L_tile1_16x128 -> Level: WRegister: memory footprint: 7159 VS memory available: 4000
CONSTRAINTS VIOLATION: Arch: Eyeriss_Constrained_17L_tile1_16x128 -> Level: IntermediateRegister: memory footprint: 209 VS memory available: 100",0.000e+00,0.000e+00,0.00e+00,0,0.0,0.0,
resnet18_17layer_2026-02-21T07:00:02.469022,resnet18,17layer,full,17,eyeriss,thesis_arch,1056,524,128,128,32,1,False,False,"Ill-posed constraints:
CONSTRAINTS VIOLATION: Arch: Eyeriss_Constrained_17L_tile1_32x128 -> Level: IntermediateRegister: memory footprint: 105 VS memory available: 100",0.000e+00,0.000e+00,0.00e+00,0,0.0,0.0,
resnet18_17layer_2026-02-21T07:00:03.226156,resnet18,17layer,full,17,eyeriss,thesis_arch,1056,524,128,128,64,1,False,True,,1.136e+05,3.042e+06,3.52e+05,"(6045110464, 2543810304)",0.0016443321164842928,0.8382840156555176,DRAM[P=7 Q=7 Z16=1 C16=1 R16=1 S16=1 Y15=7 X15=7 Z15=1 C15=1 R15=1 S15=1 Y14=7 X14=7 Z14=1 C14=1 R14=1 S14=1 Y13=14 X13=14 Z13=1 C13=1 R13=1 S13=1 Y12=14 X12=14 Z12=1 C12=1 R12=1 S12=1 Y11=14 X11=14 Z11=1 C11=1 R11=1 S11=1 Y10=14 X10=14 Z10=1 C10=1 R10=1 S10=1 Y9=28 X9=28 Z9=1 C9=1 R9=1 S9=1 Y8=28 X8=28 Z8=1 C8=1 R8=1 S8=1 Y7=28 X7=28 Z7=1 C7=1 R7=1 S7=1 Y6=28 X6=28 Z6=1 C6=1 R6=1 S6=1 Y5=56 X5=56 Z5=1 C5=1 R5=1 S5=1 Y4=56 X4=56 Z4=1 C4=1 R4=1 S4=1 Y3=56 X3=56 Z3=1 C3=1 R3=1 S3=1 Y2=56 X2=56 Z2=1 C2=1 R2=1 S2=1 Y1=56 X1=56 Z1=1 C1=1 R1=1 S1=1 Y0=112 X0=112 Z0=1 C0=1 R0=1 S0=1] GlobalBuffer[P=1 Q=1 Z16=1 C16=1 R16=1 S16=1 Y15=1 X15=1 Z15=1 C15=1 R15=1 S15=1 Y14=1 X14=1 Z14=1 C14=1 R14=1 S14=1 Y13=1 X13=1 Z13=1 C13=1 R13=1 S13=1 Y12=1 X12=1 Z12=1 C12=1 R12=1 S12=1 Y11=1 X11=1 Z11=1 C11=1 R11=1 S11=1 Y10=1 X10=1 Z10=1 C10=1 R10=1 S10=1 Y9=1 X9=1 Z9=1 C9=1 R9=1 S9=1 Y8=1 X8=1 Z8=1 C8=1 R8=1 S8=1 Y7=1 X7=1 Z7=1 C7=1 R7=1 S7=1 Y6=1 X6=1 Z6=1 C6=1 R6=1 S6=1 Y5=1 X5=1 Z5=1 C5=1 R5=1 S5=1 Y4=1 X4=1 Z4=1 C4=1 R4=1 S4=1 Y3=1 X3=1 Z3=1 C3=1 R3=1 S3=1 Y2=1 X2=1 Z2=1 C2=1 R2=1 S2=1 Y1=1 X1=1 Z1=1 C1=1 R1=1 S1=1 Y0=1 X0=1 Z0=1 C0=1 R0=1 S0=1] SACols[Q=1 Z16=64] SARows[S16=3 C16=32 Z16=1] SACols_15[X15=1 Z15=64] SARows_15[S15=3 C15=32 Z15=1] SACols_14[X14=1 Z14=64] SARows_14[S14=3 C14=32 Z14=1] SACols_13[X13=1 Z13=64] SARows_13[S13=3 C13=32 Z13=1] SACols_12[X12=1 Z12=64] SARows_12[S12=3 C12=32 Z12=1] SACols_11[X11=1 Z11=64] SARows_11[S11=3 C11=32 Z11=1] SACols_10[X10=1 Z10=64] SARows_10[S10=3 C10=32 Z10=1] SACols_9[X9=1 Z9=64] SARows_9[S9=3 C9=32 Z9=1] SACols_8[X8=1 Z8=64] SARows_8[S8=3 C8=32 Z8=1] SACols_7[X7=1 Z7=64] SARows_7[S7=3 C7=32 Z7=1] SACols_6[X6=1 Z6=64] SARows_6[S6=3 C6=32 Z6=1] SACols_5[X5=1 Z5=64] SARows_5[S5=3 C5=32 Z5=1] SACols_4[X4=1 Z4=64] SARows_4[S4=3 C4=32 Z4=1] SACols_3[X3=1 Z3=64] SARows_3[S3=3 C3=32 Z3=1] SACols_2[X2=1 Z2=64] SARows_2[S2=3 C2=32 Z2=1] SACols_1[X1=1 Z1=64] SARows_1[S1=3 C1=32 Z1=1] SACols_0[X0=1 Z0=64] SARows_0[S0=7 C0=3 Z0=1] InRegister[P=1 Q=1 Z16=1 C16=1 R16=1 S16=1 Y15=1 X15=1 Z15=1 C15=1 R15=1 S15=1 Y14=1 X14=1 Z14=1 C14=1 R14=1 S14=1 Y13=1 X13=1 Z13=1 C13=1 R13=1 S13=1 Y12=1 X12=1 Z12=1 C12=1 R12=1 S12=1 Y11=1 X11=1 Z11=1 C11=1 R11=1 S11=1 Y10=1 X10=1 Z10=1 C10=1 R10=1 S10=1 Y9=1 X9=1 Z9=1 C9=1 R9=1 S9=1 Y8=1 X8=1 Z8=1 C8=1 R8=1 S8=1 Y7=1 X7=1 Z7=1 C7=1 R7=1 S7=1 Y6=1 X6=1 Z6=1 C6=1 R6=1 S6=1 Y5=1 X5=1 Z5=1 C5=1 R5=1 S5=1 Y4=1 X4=1 Z4=1 C4=1 R4=1 S4=1 Y3=1 X3=1 Z3=1 C3=1 R3=1 S3=1 Y2=1 X2=1 Z2=1 C2=1 R2=1 S2=1 Y1=1 X1=1 Z1=1 C1=1 R1=1 S1=1 Y0=1 X0=1 Z0=1 C0=1 R0=1 S0=1] WRegister[P=1 Q=1 Z16=1 C16=16 R16=3 S16=1 Y15=1 X15=1 Z15=1 C15=16 R15=3 S15=1 Y14=1 X14=1 Z14=1 C14=16 R14=3 S14=1 Y13=1 X13=1 Z13=1 C13=8 R13=3 S13=1 Y12=1 X12=1 Z12=1 C12=8 R12=3 S12=1 Y11=1 X11=1 Z11=1 C11=8 R11=3 S11=1 Y10=1 X10=1 Z10=1 C10=8 R10=3 S10=1 Y9=1 X9=1 Z9=1 C9=4 R9=3 S9=1 Y8=1 X8=1 Z8=1 C8=4 R8=3 S8=1 Y7=1 X7=1 Z7=1 C7=4 R7=3 S7=1 Y6=1 X6=1 Z6=1 C6=4 R6=3 S6=1 Y5=1 X5=1 Z5=1 C5=2 R5=3 S5=1 Y4=1 X4=1 Z4=1 C4=2 R4=3 S4=1 Y3=1 X3=1 Z3=1 C3=2 R3=3 S3=1 Y2=1 X2=1 Z2=1 C2=2 R2=3 S2=1 Y1=1 X1=1 Z1=1 C1=2 R1=3 S1=1 Y0=1 X0=1 Z0=1 C0=1 R0=7 S0=1] IntermediateRegister[P=1 Q=1 Z16=1 C16=1 R16=1 S16=1 Y15=1 X15=1 Z15=8 C15=1 R15=1 S15=1 Y14=1 X14=1 Z14=8 C14=1 R14=1 S14=1 Y13=1 X13=1 Z13=8 C13=1 R13=1 S13=1 Y12=1 X12=1 Z12=4 C12=1 R12=1 S12=1 Y11=1 X11=1 Z11=4 C11=1 R11=1 S11=1 Y10=1 X10=1 Z10=4 C10=1 R10=1 S10=1 Y9=1 X9=1 Z9=4 C9=1 R9=1 S9=1 Y8=1 X8=1 Z8=2 C8=1 R8=1 S8=1 Y7=1 X7=1 Z7=2 C7=1 R7=1 S7=1 Y6=1 X6=1 Z6=2 C6=1 R6=1 S6=1 Y5=1 X5=1 Z5=2 C5=1 R5=1 S5=1 Y4=1 X4=1 Z4=1 C4=1 R4=1 S4=1 Y3=1 X3=1 Z3=1 C3=1 R3=1 S3=1 Y2=1 X2=1 Z2=1 C2=1 R2=1 S2=1 Y1=1 X1=1 Z1=1 C1=1 R1=1 S1=1 Y0=1 X0=1 Z0=1 C0=1 R0=1 S0=1] OutRegister[P=1 Q=1 Z16=8 C16=1 R16=1 S16=1 Y15=1 X15=1 Z15=1 C15=1 R15=1 S15=1 Y14=1 X14=1 Z14=1 C14=1 R14=1 S14=1 Y13=1 X13=1 Z13=1 C13=1 R13=1 S13=1 Y12=1 X12=1 Z12=1 C12=1 R12=1 S12=1 Y11=1 X11=1 Z11=1 C11=1 R11=1 S11=1 Y10=1 X10=1 Z10=1 C10=1 R10=1 S10=1 Y9=1 X9=1 Z9=1 C9=1 R9=1 S9=1 Y8=1 X8=1 Z8=1 C8=1 R8=1 S8=1 Y7=1 X7=1 Z7=1 C7=1 R7=1 S7=1 Y6=1 X6=1 Z6=1 C6=1 R6=1 S6=1 Y5=1 X5=1 Z5=1 C5=1 R5=1 S5=1 Y4=1 X4=1 Z4=1 C4=1 R4=1 S4=1 Y3=1 X3=1 Z3=1 C3=1 R3=1 S3=1 Y2=1 X2=1 Z2=1 C2=1 R2=1 S2=1 Y1=1 X1=1 Z1=1 C1=1 R1=1 S1=1 Y0=1 X0=1 Z0=1 C0=1 R0=1 S0=1] Compute] 
resnet18_17layer_2026-02-21T07:00:04.759727,resnet18,17layer,full,17,eyeriss,thesis_arch,1056,524,128,128,128,1,False,True,,1.158e+05,3.042e+06,3.61e+05,"(6536433856, 2543810304)",5.138537864013415e-05,0.6102404594421387,DRAM[P=7 Q=7 Z16=1 C16=1 R16=1 S16=1 Y15=7 X15=7 Z15=1 C15=1 R15=1 S15=1 Y14=7 X14=7 Z14=1 C14=1 R14=1 S14=1 Y13=14 X13=14 Z13=1 C13=1 R13=1 S13=1 Y12=14 X12=14 Z12=1 C12=1 R12=1 S12=1 Y11=14 X11=14 Z11=1 C11=1 R11=1 S11=1 Y10=14 X10=14 Z10=1 C10=1 R10=1 S10=1 Y9=28 X9=28 Z9=1 C9=1 R9=1 S9=1 Y8=28 X8=28 Z8=1 C8=1 R8=1 S8=1 Y7=28 X7=28 Z7=1 C7=1 R7=1 S7=1 Y6=28 X6=28 Z6=1 C6=1 R6=1 S6=1 Y5=56 X5=56 Z5=1 C5=1 R5=1 S5=1 Y4=56 X4=56 Z4=1 C4=1 R4=1 S4=1 Y3=56 X3=56 Z3=1 C3=1 R3=1 S3=1 Y2=56 X2=56 Z2=1 C2=1 R2=1 S2=1 Y1=56 X1=56 Z1=1 C1=1 R1=1 S1=1 Y0=112 X0=112 Z0=1 C0=1 R0=1 S0=1] GlobalBuffer[P=1 Q=1 Z16=1 C16=1 R16=1 S16=1 Y15=1 X15=1 Z15=1 C15=1 R15=1 S15=1 Y14=1 X14=1 Z14=1 C14=1 R14=1 S14=1 Y13=1 X13=1 Z13=1 C13=1 R13=1 S13=1 Y12=1 X12=1 Z12=1 C12=1 R12=1 S12=1 Y11=1 X11=1 Z11=1 C11=1 R11=1 S11=1 Y10=1 X10=1 Z10=1 C10=1 R10=1 S10=1 Y9=1 X9=1 Z9=1 C9=1 R9=1 S9=1 Y8=1 X8=1 Z8=1 C8=1 R8=1 S8=1 Y7=1 X7=1 Z7=1 C7=1 R7=1 S7=1 Y6=1 X6=1 Z6=1 C6=1 R6=1 S6=1 Y5=1 X5=1 Z5=1 C5=1 R5=1 S5=1 Y4=1 X4=1 Z4=1 C4=1 R4=1 S4=1 Y3=1 X3=1 Z3=1 C3=1 R3=1 S3=1 Y2=1 X2=1 Z2=1 C2=1 R2=1 S2=1 Y1=1 X1=1 Z1=1 C1=1 R1=1 S1=1 Y0=1 X0=1 Z0=1 C0=1 R0=1 S0=1] SACols[Q=1 Z16=128] SARows[S16=3 C16=32 Z16=1] SACols_15[X15=1 Z15=128] SARows_15[S15=3 C15=32 Z15=1] SACols_14[X14=1 Z14=128] SARows_14[S14=3 C14=32 Z14=1] SACols_13[X13=1 Z13=128] SARows_13[S13=3 C13=32 Z13=1] SACols_12[X12=1 Z12=128] SARows_12[S12=3 C12=32 Z12=1] SACols_11[X11=1 Z11=128] SARows_11[S11=3 C11=32 Z11=1] SACols_10[X10=1 Z10=128] SARows_10[S10=3 C10=32 Z10=1] SACols_9[X9=1 Z9=128] SARows_9[S9=3 C9=32 Z9=1] SACols_8[X8=1 Z8=128] SARows_8[S8=3 C8=32 Z8=1] SACols_7[X7=1 Z7=128] SARows_7[S7=3 C7=32 Z7=1] SACols_6[X6=1 Z6=128] SARows_6[S6=3 C6=32 Z6=1] SACols_5[X5=1 Z5=128] SARows_5[S5=3 C5=32 Z5=1] SACols_4[X4=1 Z4=64] SARows_4[S4=3 C4=32 Z4=1] SACols_3[X3=1 Z3=64] SARows_3[S3=3 C3=32 Z3=1] SACols_2[X2=1 Z2=64] SARows_2[S2=3 C2=32 Z2=1] SACols_1[X1=1 Z1=64] SARows_1[S1=3 C1=32 Z1=1] SACols_0[X0=1 Z0=64] SARows_0[S0=7 C0=3 Z0=1] InRegister[P=1 Q=1 Z16=1 C16=1 R16=1 S16=1 Y15=1 X15=1 Z15=1 C15=1 R15=1 S15=1 Y14=1 X14=1 Z14=1 C14=1 R14=1 S14=1 Y13=1 X13=1 Z13=1 C13=1 R13=1 S13=1 Y12=1 X12=1 Z12=1 C12=1 R12=1 S12=1 Y11=1 X11=1 Z11=1 C11=1 R11=1 S11=1 Y10=1 X10=1 Z10=1 C10=1 R10=1 S10=1 Y9=1 X9=1 Z9=1 C9=1 R9=1 S9=1 Y8=1 X8=1 Z8=1 C8=1 R8=1 S8=1 Y7=1 X7=1 Z7=1 C7=1 R7=1 S7=1 Y6=1 X6=1 Z6=1 C6=1 R6=1 S6=1 Y5=1 X5=1 Z5=1 C5=1 R5=1 S5=1 Y4=1 X4=1 Z4=1 C4=1 R4=1 S4=1 Y3=1 X3=1 Z3=1 C3=1 R3=1 S3=1 Y2=1 X2=1 Z2=1 C2=1 R2=1 S2=1 Y1=1 X1=1 Z1=1 C1=1 R1=1 S1=1 Y0=1 X0=1 Z0=1 C0=1 R0=1 S0=1] WRegister[P=1 Q=1 Z16=1 C16=16 R16=3 S16=1 Y15=1 X15=1 Z15=1 C15=16 R15=3 S15=1 Y14=1 X14=1 Z14=1 C14=16 R14=3 S14=1 Y13=1 X13=1 Z13=1 C13=8 R13=3 S13=1 Y12=1 X12=1 Z12=1 C12=8 R12=3 S12=1 Y11=1 X11=1 Z11=1 C11=8 R11=3 S11=1 Y10=1 X10=1 Z10=1 C10=8 R10=3 S10=1 Y9=1 X9=1 Z9=1 C9=4 R9=3 S9=1 Y8=1 X8=1 Z8=1 C8=4 R8=3 S8=1 Y7=1 X7=1 Z7=1 C7=4 R7=3 S7=1 Y6=1 X6=1 Z6=1 C6=4 R6=3 S6=1 Y5=1 X5=1 Z5=1 C5=2 R5=3 S5=1 Y4=1 X4=1 Z4=1 C4=2 R4=3 S4=1 Y3=1 X3=1 Z3=1 C3=2 R3=3 S3=1 Y2=1 X2=1 Z2=1 C2=2 R2=3 S2=1 Y1=1 X1=1 Z1=1 C1=2 R1=3 S1=1 Y0=1 X0=1 Z0=1 C0=1 R0=7 S0=1] IntermediateRegister[P=1 Q=1 Z16=1 C16=1 R16=1 S16=1 Y15=1 X15=1 Z15=4 C15=1 R15=1 S15=1 Y14=1 X14=1 Z14=4 C14=1 R14=1 S14=1 Y13=1 X13=1 Z13=4 C13=1 R13=1 S13=1 Y12=1 X12=1 Z12=2 C12=1 R12=1 S12=1 Y11=1 X11=1 Z11=2 C11=1 R11=1 S11=1 Y10=1 X10=1 Z10=2 C10=1 R10=1 S10=1 Y9=1 X9=1 Z9=2 C9=1 R9=1 S9=1 Y8=1 X8=1 Z8=1 C8=1 R8=1 S8=1 Y7=1 X7=1 Z7=1 C7=1 R7=1 S7=1 Y6=1 X6=1 Z6=1 C6=1 R6=1 S6=1 Y5=1 X5=1 Z5=1 C5=1 R5=1 S5=1 Y4=1 X4=1 Z4=1 C4=1 R4=1 S4=1 Y3=1 X3=1 Z3=1 C3=1 R3=1 S3=1 Y2=1 X2=1 Z2=1 C2=1 R2=1 S2=1 Y1=1 X1=1 Z1=1 C1=1 R1=1 S1=1 Y0=1 X0=1 Z0=1 C0=1 R0=1 S0=1] OutRegister[P=1 Q=1 Z16=4 C16=1 R16=1 S16=1 Y15=1 X15=1 Z15=1 C15=1 R15=1 S15=1 Y14=1 X14=1 Z14=1 C14=1 R14=1 S14=1 Y13=1 X13=1 Z13=1 C13=1 R13=1 S13=1 Y12=1 X12=1 Z12=1 C12=1 R12=1 S12=1 Y11=1 X11=1 Z11=1 C11=1 R11=1 S11=1 Y10=1 X10=1 Z10=1 C10=1 R10=1 S10=1 Y9=1 X9=1 Z9=1 C9=1 R9=1 S9=1 Y8=1 X8=1 Z8=1 C8=1 R8=1 S8=1 Y7=1 X7=1 Z7=1 C7=1 R7=1 S7=1 Y6=1 X6=1 Z6=1 C6=1 R6=1 S6=1 Y5=1 X5=1 Z5=1 C5=1 R5=1 S5=1 Y4=1 X4=1 Z4=1 C4=1 R4=1 S4=1 Y3=1 X3=1 Z3=1 C3=1 R3=1 S3=1 Y2=1 X2=1 Z2=1 C2=1 R2=1 S2=1 Y1=1 X1=1 Z1=1 C1=1 R1=1 S1=1 Y0=1 X0=1 Z0=1 C0=1 R0=1 S0=1] Compute] 
resnet18_17layer_2026-02-21T07:00:06.308911,resnet18,17layer,full,17,eyeriss,thesis_arch,1056,524,128,256,4,1,False,False,"Ill-posed constraints:
CONSTRAINTS VIOLATION: Arch: Eyeriss_Constrained_17L_tile1_4x256 -> Level: WRegister: memory footprint: 14318 VS memory available: 4000
CONSTRAINTS VIOLATION: Arch: Eyeriss_Constrained_17L_tile1_4x256 -> Level: IntermediateRegister: memory footprint: 834 VS memory available: 100
CONSTRAINTS VIOLATION: Arch: Eyeriss_Constrained_17L_tile1_4x256 -> Level: OutRegister: memory footprint: 128 VS memory available: 64",0.000e+00,0.000e+00,0.00e+00,0,0.0,0.0,
resnet18_17layer_2026-02-21T07:00:07.100549,resnet18,17layer,full,17,eyeriss,thesis_arch,1056,524,128,256,16,1,False,False,"Ill-posed constraints:
CONSTRAINTS VIOLATION: Arch: Eyeriss_Constrained_17L_tile1_16x256 -> Level: IntermediateRegister: memory footprint: 209 VS memory available: 100",0.000e+00,0.000e+00,0.00e+00,0,0.0,0.0,
resnet18_17layer_2026-02-21T07:00:07.880237,resnet18,17layer,full,17,eyeriss,thesis_arch,1056,524,128,256,32,1,False,False,"Ill-posed constraints:
CONSTRAINTS VIOLATION: Arch: Eyeriss_Constrained_17L_tile1_32x256 -> Level: IntermediateRegister: memory footprint: 105 VS memory available: 100",0.000e+00,0.000e+00,0.00e+00,0,0.0,0.0,
resnet18_17layer_2026-02-21T07:00:08.585911,resnet18,17layer,full,17,eyeriss,thesis_arch,1056,524,128,256,64,1,False,True,,1.141e+05,3.042e+06,3.53e+05,"(6237786304, 2736486144)",0.0008221660582421464,0.7273683547973633,DRAM[P=7 Q=7 Z16=1 C16=1 R16=1 S16=1 Y15=7 X15=7 Z15=1 C15=1 R15=1 S15=1 Y14=7 X14=7 Z14=1 C14=1 R14=1 S14=1 Y13=14 X13=14 Z13=1 C13=1 R13=1 S13=1 Y12=14 X12=14 Z12=1 C12=1 R12=1 S12=1 Y11=14 X11=14 Z11=1 C11=1 R11=1 S11=1 Y10=14 X10=14 Z10=1 C10=1 R10=1 S10=1 Y9=28 X9=28 Z9=1 C9=1 R9=1 S9=1 Y8=28 X8=28 Z8=1 C8=1 R8=1 S8=1 Y7=28 X7=28 Z7=1 C7=1 R7=1 S7=1 Y6=28 X6=28 Z6=1 C6=1 R6=1 S6=1 Y5=56 X5=56 Z5=1 C5=1 R5=1 S5=1 Y4=56 X4=56 Z4=1 C4=1 R4=1 S4=1 Y3=56 X3=56 Z3=1 C3=1 R3=1 S3=1 Y2=56 X2=56 Z2=1 C2=1 R2=1 S2=1 Y1=56 X1=56 Z1=1 C1=1 R1=1 S1=1 Y0=112 X0=112 Z0=1 C0=1 R0=1 S0=1] GlobalBuffer[P=1 Q=1 Z16=1 C16=1 R16=1 S16=1 Y15=1 X15=1 Z15=1 C15=1 R15=1 S15=1 Y14=1 X14=1 Z14=1 C14=1 R14=1 S14=1 Y13=1 X13=1 Z13=1 C13=1 R13=1 S13=1 Y12=1 X12=1 Z12=1 C12=1 R12=1 S12=1 Y11=1 X11=1 Z11=1 C11=1 R11=1 S11=1 Y10=1 X10=1 Z10=1 C10=1 R10=1 S10=1 Y9=1 X9=1 Z9=1 C9=1 R9=1 S9=1 Y8=1 X8=1 Z8=1 C8=1 R8=1 S8=1 Y7=1 X7=1 Z7=1 C7=1 R7=1 S7=1 Y6=1 X6=1 Z6=1 C6=1 R6=1 S6=1 Y5=1 X5=1 Z5=1 C5=1 R5=1 S5=1 Y4=1 X4=1 Z4=1 C4=1 R4=1 S4=1 Y3=1 X3=1 Z3=1 C3=1 R3=1 S3=1 Y2=1 X2=1 Z2=1 C2=1 R2=1 S2=1 Y1=1 X1=1 Z1=1 C1=1 R1=1 S1=1 Y0=1 X0=1 Z0=1 C0=1 R0=1 S0=1] SACols[Q=1 Z16=64] SARows[S16=3 C16=64 Z16=1] SACols_15[X15=1 Z15=64] SARows_15[S15=3 C15=64 Z15=1] SACols_14[X14=1 Z14=64] SARows_14[S14=3 C14=64 Z14=1] SACols_13[X13=1 Z13=64] SARows_13[S13=3 C13=64 Z13=1] SACols_12[X12=1 Z12=64] SARows_12[S12=3 C12=64 Z12=1] SACols_11[X11=1 Z11=64] SARows_11[S11=3 C11=64 Z11=1] SACols_10[X10=1 Z10=64] SARows_10[S10=3 C10=64 Z10=1] SACols_9[X9=1 Z9=64] SARows_9[S9=3 C9=64 Z9=1] SACols_8[X8=1 Z8=64] SARows_8[S8=3 C8=64 Z8=1] SACols_7[X7=1 Z7=64] SARows_7[S7=3 C7=64 Z7=1] SACols_6[X6=1 Z6=64] SARows_6[S6=3 C6=64 Z6=1] SACols_5[X5=1 Z5=64] SARows_5[S5=3 C5=64 Z5=1] SACols_4[X4=1 Z4=64] SARows_4[S4=3 C4=64 Z4=1] SACols_3[X3=1 Z3=64] SARows_3[S3=3 C3=64 Z3=1] SACols_2[X2=1 Z2=64] SARows_2[S2=3 C2=64 Z2=1] SACols_1[X1=1 Z1=64] SARows_1[S1=3 C1=64 Z1=1] SACols_0[X0=1 Z0=64] SARows_0[S0=7 C0=3 Z0=1] InRegister[P=1 Q=1 Z16=1 C16=1 R16=1 S16=1 Y15=1 X15=1 Z15=1 C15=1 R15=1 S15=1 Y14=1 X14=1 Z14=1 C14=1 R14=1 S14=1 Y13=1 X13=1 Z13=1 C13=1 R13=1 S13=1 Y12=1 X12=1 Z12=1 C12=1 R12=1 S12=1 Y11=1 X11=1 Z11=1 C11=1 R11=1 S11=1 Y10=1 X10=1 Z10=1 C10=1 R10=1 S10=1 Y9=1 X9=1 Z9=1 C9=1 R9=1 S9=1 Y8=1 X8=1 Z8=1 C8=1 R8=1 S8=1 Y7=1 X7=1 Z7=1 C7=1 R7=1 S7=1 Y6=1 X6=1 Z6=1 C6=1 R6=1 S6=1 Y5=1 X5=1 Z5=1 C5=1 R5=1 S5=1 Y4=1 X4=1 Z4=1 C4=1 R4=1 S4=1 Y3=1 X3=1 Z3=1 C3=1 R3=1 S3=1 Y2=1 X2=1 Z2=1 C2=1 R2=1 S2=1 Y1=1 X1=1 Z1=1 C1=1 R1=1 S1=1 Y0=1 X0=1 Z0=1 C0=1 R0=1 S0=1] WRegister[P=1 Q=1 Z16=1 C16=8 R16=3 S16=1 Y15=1 X15=1 Z15=1 C15=8 R15=3 S15=1 Y14=1 X14=1 Z14=1 C14=8 R14=3 S14=1 Y13=1 X13=1 Z13=1 C13=4 R13=3 S13=1 Y12=1 X12=1 Z12=1 C12=4 R12=3 S12=1 Y11=1 X11=1 Z11=1 C11=4 R11=3 S11=1 Y10=1 X10=1 Z10=1 C10=4 R10=3 S10=1 Y9=1 X9=1 Z9=1 C9=2 R9=3 S9=1 Y8=1 X8=1 Z8=1 C8=2 R8=3 S8=1 Y7=1 X7=1 Z7=1 C7=2 R7=3 S7=1 Y6=1 X6=1 Z6=1 C6=2 R6=3 S6=1 Y5=1 X5=1 Z5=1 C5=1 R5=3 S5=1 Y4=1 X4=1 Z4=1 C4=1 R4=3 S4=1 Y3=1 X3=1 Z3=1 C3=1 R3=3 S3=1 Y2=1 X2=1 Z2=1 C2=1 R2=3 S2=1 Y1=1 X1=1 Z1=1 C1=1 R1=3 S1=1 Y0=1 X0=1 Z0=1 C0=1 R0=7 S0=1] IntermediateRegister[P=1 Q=1 Z16=1 C16=1 R16=1 S16=1 Y15=1 X15=1 Z15=8 C15=1 R15=1 S15=1 Y14=1 X14=1 Z14=8 C14=1 R14=1 S14=1 Y13=1 X13=1 Z13=8 C13=1 R13=1 S13=1 Y12=1 X12=1 Z12=4 C12=1 R12=1 S12=1 Y11=1 X11=1 Z11=4 C11=1 R11=1 S11=1 Y10=1 X10=1 Z10=4 C10=1 R10=1 S10=1 Y9=1 X9=1 Z9=4 C9=1 R9=1 S9=1 Y8=1 X8=1 Z8=2 C8=1 R8=1 S8=1 Y7=1 X7=1 Z7=2 C7=1 R7=1 S7=1 Y6=1 X6=1 Z6=2 C6=1 R6=1 S6=1 Y5=1 X5=1 Z5=2 C5=1 R5=1 S5=1 Y4=1 X4=1 Z4=1 C4=1 R4=1 S4=1 Y3=1 X3=1 Z3=1 C3=1 R3=1 S3=1 Y2=1 X2=1 Z2=1 C2=1 R2=1 S2=1 Y1=1 X1=1 Z1=1 C1=1 R1=1 S1=1 Y0=1 X0=1 Z0=1 C0=1 R0=1 S0=1] OutRegister[P=1 Q=1 Z16=8 C16=1 R16=1 S16=1 Y15=1 X15=1 Z15=1 C15=1 R15=1 S15=1 Y14=1 X14=1 Z14=1 C14=1 R14=1 S14=1 Y13=1 X13=1 Z13=1 C13=1 R13=1 S13=1 Y12=1 X12=1 Z12=1 C12=1 R12=1 S12=1 Y11=1 X11=1 Z11=1 C11=1 R11=1 S11=1 Y10=1 X10=1 Z10=1 C10=1 R10=1 S10=1 Y9=1 X9=1 Z9=1 C9=1 R9=1 S9=1 Y8=1 X8=1 Z8=1 C8=1 R8=1 S8=1 Y7=1 X7=1 Z7=1 C7=1 R7=1 S7=1 Y6=1 X6=1 Z6=1 C6=1 R6=1 S6=1 Y5=1 X5=1 Z5=1 C5=1 R5=1 S5=1 Y4=1 X4=1 Z4=1 C4=1 R4=1 S4=1 Y3=1 X3=1 Z3=1 C3=1 R3=1 S3=1 Y2=1 X2=1 Z2=1 C2=1 R2=1 S2=1 Y1=1 X1=1 Z1=1 C1=1 R1=1 S1=1 Y0=1 X0=1 Z0=1 C0=1 R0=1 S0=1] Compute] 
resnet18_17layer_2026-02-21T07:00:10.338007,resnet18,17layer,full,17,eyeriss,thesis_arch,1056,524,128,512,4,1,False,False,"Ill-posed constraints:
CONSTRAINTS VIOLATION: Arch: Eyeriss_Constrained_17L_tile1_4x512 -> Level: WRegister: memory footprint: 7159 VS memory available: 4000
CONSTRAINTS VIOLATION: Arch: Eyeriss_Constrained_17L_tile1_4x512 -> Level: IntermediateRegister: memory footprint: 785 VS memory available: 100
CONSTRAINTS VIOLATION: Arch: Eyeriss_Constrained_17L_tile1_4x512 -> Level: OutRegister: memory footprint: 128 VS memory available: 64",0.000e+00,0.000e+00,0.00e+00,0,0.0,0.0,
resnet18_17layer_2026-02-21T07:00:10.919855,resnet18,17layer,full,17,eyeriss,thesis_arch,1056,524,128,512,16,1,False,False,"Ill-posed constraints:
CONSTRAINTS VIOLATION: Arch: Eyeriss_Constrained_17L_tile1_16x512 -> Level: IntermediateRegister: memory footprint: 197 VS memory available: 100",0.000e+00,0.000e+00,0.00e+00,0,0.0,0.0,
resnet18_17layer_2026-02-21T07:00:11.445295,resnet18,17layer,full,17,eyeriss,thesis_arch,1056,524,128,512,32,1,False,True,,1.136e+05,3.042e+06,3.51e+05,"(6204068032, 2890626816)",0.0008221660582421464,0.5717933177947998,DRAM[P=7 Q=7 Z16=1 C16=1 R16=1 S16=1 Y15=7 X15=7 Z15=1 C15=1 R15=1 S15=1 Y14=7 X14=7 Z14=1 C14=1 R14=1 S14=1 Y13=14 X13=14 Z13=1 C13=1 R13=1 S13=1 Y12=14 X12=14 Z12=1 C12=1 R12=1 S12=1 Y11=14 X11=14 Z11=1 C11=1 R11=1 S11=1 Y10=14 X10=14 Z10=1 C10=1 R10=1 S10=1 Y9=28 X9=28 Z9=1 C9=1 R9=1 S9=1 Y8=28 X8=28 Z8=1 C8=1 R8=1 S8=1 Y7=28 X7=28 Z7=1 C7=1 R7=1 S7=1 Y6=28 X6=28 Z6=1 C6=1 R6=1 S6=1 Y5=56 X5=56 Z5=1 C5=1 R5=1 S5=1 Y4=56 X4=56 Z4=1 C4=1 R4=1 S4=1 Y3=56 X3=56 Z3=1 C3=1 R3=1 S3=1 Y2=56 X2=56 Z2=1 C2=1 R2=1 S2=1 Y1=56 X1=56 Z1=1 C1=1 R1=1 S1=1 Y0=112 X0=112 Z0=1 C0=1 R0=1 S0=1] GlobalBuffer[P=1 Q=1 Z16=1 C16=1 R16=1 S16=1 Y15=1 X15=1 Z15=1 C15=1 R15=1 S15=1 Y14=1 X14=1 Z14=1 C14=1 R14=1 S14=1 Y13=1 X13=1 Z13=1 C13=1 R13=1 S13=1 Y12=1 X12=1 Z12=1 C12=1 R12=1 S12=1 Y11=1 X11=1 Z11=1 C11=1 R11=1 S11=1 Y10=1 X10=1 Z10=1 C10=1 R10=1 S10=1 Y9=1 X9=1 Z9=1 C9=1 R9=1 S9=1 Y8=1 X8=1 Z8=1 C8=1 R8=1 S8=1 Y7=1 X7=1 Z7=1 C7=1 R7=1 S7=1 Y6=1 X6=1 Z6=1 C6=1 R6=1 S6=1 Y5=1 X5=1 Z5=1 C5=1 R5=1 S5=1 Y4=1 X4=1 Z4=1 C4=1 R4=1 S4=1 Y3=1 X3=1 Z3=1 C3=1 R3=1 S3=1 Y2=1 X2=1 Z2=1 C2=1 R2=1 S2=1 Y1=1 X1=1 Z1=1 C1=1 R1=1 S1=1 Y0=1 X0=1 Z0=1 C0=1 R0=1 S0=1] SACols[Q=1 Z16=32] SARows[S16=3 C16=128 Z16=1] SACols_15[X15=1 Z15=32] SARows_15[S15=3 C15=128 Z15=1] SACols_14[X14=1 Z14=32] SARows_14[S14=3 C14=128 Z14=1] SACols_13[X13=1 Z13=32] SARows_13[S13=3 C13=128 Z13=1] SACols_12[X12=1 Z12=32] SARows_12[S12=3 C12=128 Z12=1] SACols_11[X11=1 Z11=32] SARows_11[S11=3 C11=128 Z11=1] SACols_10[X10=1 Z10=32] SARows_10[S10=3 C10=128 Z10=1] SACols_9[X9=1 Z9=32] SARows_9[S9=3 C9=128 Z9=1] SACols_8[X8=1 Z8=32] SARows_8[S8=3 C8=128 Z8=1] SACols_7[X7=1 Z7=32] SARows_7[S7=3 C7=128 Z7=1] SACols_6[X6=1 Z6=32] SARows_6[S6=3 C6=128 Z6=1] SACols_5[X5=1 Z5=32] SARows_5[S5=3 C5=64 Z5=2] SACols_4[X4=1 Z4=32] SARows_4[S4=3 C4=64 Z4=2] SACols_3[X3=1 Z3=32] SARows_3[S3=3 C3=64 Z3=2] SACols_2[X2=1 Z2=32] SARows_2[S2=3 C2=64 Z2=2] SACols_1[X1=1 Z1=32] SARows_1[S1=3 C1=64 Z1=2] SACols_0[X0=1 Z0=32] SARows_0[S0=7 C0=3 Z0=2] InRegister[P=1 Q=1 Z16=1 C16=1 R16=1 S16=1 Y15=1 X15=1 Z15=1 C15=1 R15=1 S15=1 Y14=1 X14=1 Z14=1 C14=1 R14=1 S14=1 Y13=1 X13=1 Z13=1 C13=1 R13=1 S13=1 Y12=1 X12=1 Z12=1 C12=1 R12=1 S12=1 Y11=1 X11=1 Z11=1 C11=1 R11=1 S11=1 Y10=1 X10=1 Z10=1 C10=1 R10=1 S10=1 Y9=1 X9=1 Z9=1 C9=1 R9=1 S9=1 Y8=1 X8=1 Z8=1 C8=1 R8=1 S8=1 Y7=1 X7=1 Z7=1 C7=1 R7=1 S7=1 Y6=1 X6=1 Z6=1 C6=1 R6=1 S6=1 Y5=1 X5=1 Z5=1 C5=1 R5=1 S5=1 Y4=1 X4=1 Z4=1 C4=1 R4=1 S4=1 Y3=1 X3=1 Z3=1 C3=1 R3=1 S3=1 Y2=1 X2=1 Z2=1 C2=1 R2=1 S2=1 Y1=1 X1=1 Z1=1 C1=1 R1=1 S1=1 Y0=1 X0=1 Z0=1 C0=1 R0=1 S0=1] WRegister[P=1 Q=1 Z16=1 C16=4 R16=3 S16=1 Y15=1 X15=1 Z15=1 C15=4 R15=3 S15=1 Y14=1 X14=1 Z14=1 C14=4 R14=3 S14=1 Y13=1 X13=1 Z13=1 C13=2 R13=3 S13=1 Y12=1 X12=1 Z12=1 C12=2 R12=3 S12=1 Y11=1 X11=1 Z11=1 C11=2 R11=3 S11=1 Y10=1 X10=1 Z10=1 C10=2 R10=3 S10=1 Y9=1 X9=1 Z9=1 C9=1 R9=3 S9=1 Y8=1 X8=1 Z8=1 C8=1 R8=3 S8=1 Y7=1 X7=1 Z7=1 C7=1 R7=3 S7=1 Y6=1 X6=1 Z6=1 C6=1 R6=3 S6=1 Y5=1 X5=1 Z5=1 C5=1 R5=3 S5=1 Y4=1 X4=1 Z4=1 C4=1 R4=3 S4=1 Y3=1 X3=1 Z3=1 C3=1 R3=3 S3=1 Y2=1 X2=1 Z2=1 C2=1 R2=3 S2=1 Y1=1 X1=1 Z1=1 C1=1 R1=3 S1=1 Y0=1 X0=1 Z0=1 C0=1 R0=7 S0=1] IntermediateRegister[P=1 Q=1 Z16=1 C16=1 R16=1 S16=1 Y15=1 X15=1 Z15=16 C15=1 R15=1 S15=1 Y14=1 X14=1 Z14=16 C14=1 R14=1 S14=1 Y13=1 X13=1 Z13=16 C13=1 R13=1 S13=1 Y12=1 X12=1 Z12=8 C12=1 R12=1 S12=1 Y11=1 X11=1 Z11=8 C11=1 R11=1 S11=1 Y10=1 X10=1 Z10=8 C10=1 R10=1 S10=1 Y9=1 X9=1 Z9=8 C9=1 R9=1 S9=1 Y8=1 X8=1 Z8=4 C8=1 R8=1 S8=1 Y7=1 X7=1 Z7=4 C7=1 R7=1 S7=1 Y6=1 X6=1 Z6=4 C6=1 R6=1 S6=1 Y5=1 X5=1 Z5=2 C5=1 R5=1 S5=1 Y4=1 X4=1 Z4=1 C4=1 R4=1 S4=1 Y3=1 X3=1 Z3=1 C3=1 R3=1 S3=1 Y2=1 X2=1 Z2=1 C2=1 R2=1 S2=1 Y1=1 X1=1 Z1=1 C1=1 R1=1 S1=1 Y0=1 X0=1 Z0=1 C0=1 R0=1 S0=1] OutRegister[P=1 Q=1 Z16=16 C16=1 R16=1 S16=1 Y15=1 X15=1 Z15=1 C15=1 R15=1 S15=1 Y14=1 X14=1 Z14=1 C14=1 R14=1 S14=1 Y13=1 X13=1 Z13=1 C13=1 R13=1 S13=1 Y12=1 X12=1 Z12=1 C12=1 R12=1 S12=1 Y11=1 X11=1 Z11=1 C11=1 R11=1 S11=1 Y10=1 X10=1 Z10=1 C10=1 R10=1 S10=1 Y9=1 X9=1 Z9=1 C9=1 R9=1 S9=1 Y8=1 X8=1 Z8=1 C8=1 R8=1 S8=1 Y7=1 X7=1 Z7=1 C7=1 R7=1 S7=1 Y6=1 X6=1 Z6=1 C6=1 R6=1 S6=1 Y5=1 X5=1 Z5=1 C5=1 R5=1 S5=1 Y4=1 X4=1 Z4=1 C4=1 R4=1 S4=1 Y3=1 X3=1 Z3=1 C3=1 R3=1 S3=1 Y2=1 X2=1 Z2=1 C2=1 R2=1 S2=1 Y1=1 X1=1 Z1=1 C1=1 R1=1 S1=1 Y0=1 X0=1 Z0=1 C0=1 R0=1 S0=1] Compute] 
resnet18_17layer_2026-02-21T07:00:12.668444,resnet18,17layer,full,17,eyeriss,thesis_arch,1056,524,128,4,4,1,False,False,"Arch: Eyeriss_Constrained_17L_tile1_4x4 -> Level: SARows_0: Failed to fit comp to arch because the level's constraint (S0: 4) does not divide comp dimension S0 (7) exactly. To compensate, consider setting 'Settings.PADDED_MAPPINGS' to True.",0.000e+00,0.000e+00,0.00e+00,0,0.0,0.0,
resnet18_17layer_2026-02-21T07:00:13.738702,resnet18,17layer,full,17,eyeriss,thesis_arch,1056,524,128,4,16,1,False,False,"Arch: Eyeriss_Constrained_17L_tile1_16x4 -> Level: SARows_0: Failed to fit comp to arch because the level's constraint (S0: 4) does not divide comp dimension S0 (7) exactly. To compensate, consider setting 'Settings.PADDED_MAPPINGS' to True.",0.000e+00,0.000e+00,0.00e+00,0,0.0,0.0,
resnet18_17layer_2026-02-21T07:00:14.539150,resnet18,17layer,full,17,eyeriss,thesis_arch,1056,524,128,4,32,1,False,False,"Arch: Eyeriss_Constrained_17L_tile1_32x4 -> Level: SARows_0: Failed to fit comp to arch because the level's constraint (S0: 4) does not divide comp dimension S0 (7) exactly. To compensate, consider setting 'Settings.PADDED_MAPPINGS' to True.",0.000e+00,0.000e+00,0.00e+00,0,0.0,0.0,
resnet18_17layer_2026-02-21T07:00:15.123424,resnet18,17layer,full,17,eyeriss,thesis_arch,1056,524,128,4,64,1,False,False,"Arch: Eyeriss_Constrained_17L_tile1_64x4 -> Level: SARows_0: Failed to fit comp to arch because the level's constraint (S0: 4) does not divide comp dimension S0 (7) exactly. To compensate, consider setting 'Settings.PADDED_MAPPINGS' to True.",0.000e+00,0.000e+00,0.00e+00,0,0.0,0.0,
resnet18_17layer_2026-02-21T07:00:15.747994,resnet18,17layer,full,17,eyeriss,thesis_arch,1056,524,128,4,128,1,False,False,"Arch: Eyeriss_Constrained_17L_tile1_128x4 -> Level: SARows_0: Failed to fit comp to arch because the level's constraint (S0: 4) does not divide comp dimension S0 (7) exactly. To compensate, consider setting 'Settings.PADDED_MAPPINGS' to True.",0.000e+00,0.000e+00,0.00e+00,0,0.0,0.0,
resnet18_17layer_2026-02-21T07:00:16.439356,resnet18,17layer,full,17,eyeriss,thesis_arch,1056,524,128,4,256,1,False,False,"Arch: Eyeriss_Constrained_17L_tile1_256x4 -> Level: SARows_0: Failed to fit comp to arch because the level's constraint (S0: 4) does not divide comp dimension S0 (7) exactly. To compensate, consider setting 'Settings.PADDED_MAPPINGS' to True.",0.000e+00,0.000e+00,0.00e+00,0,0.0,0.0,
resnet18_17layer_2026-02-21T07:00:17.001328,resnet18,17layer,full,17,eyeriss,thesis_arch,1056,524,128,4,512,1,False,False,"Arch: Eyeriss_Constrained_17L_tile1_512x4 -> Level: SARows_0: Failed to fit comp to arch because the level's constraint (S0: 4) does not divide comp dimension S0 (7) exactly. To compensate, consider setting 'Settings.PADDED_MAPPINGS' to True.",0.000e+00,0.000e+00,0.00e+00,0,0.0,0.0,
resnet18_17layer_2026-02-21T07:00:17.613516,resnet18,17layer,full,17,eyeriss,thesis_arch,1056,524,128,16,4,1,False,False,"Ill-posed constraints:
CONSTRAINTS VIOLATION: Arch: Eyeriss_Constrained_17L_tile1_4x16 -> Level: InRegister: memory footprint: 2584 VS memory available: 400
CONSTRAINTS VIOLATION: Arch: Eyeriss_Constrained_17L_tile1_4x16 -> Level: WRegister: memory footprint: 229032 VS memory available: 4000
CONSTRAINTS VIOLATION: Arch: Eyeriss_Constrained_17L_tile1_4x16 -> Level: IntermediateRegister: memory footprint: 840 VS memory available: 200
CONSTRAINTS VIOLATION: Arch: Eyeriss_Constrained_17L_tile1_4x16 -> Level: OutRegister: memory footprint: 128 VS memory available: 64",0.000e+00,0.000e+00,0.00e+00,0,0.0,0.0,
resnet18_17layer_2026-02-21T07:00:18.452658,resnet18,17layer,full,17,eyeriss,thesis_arch,1056,524,128,16,16,1,False,False,"Ill-posed constraints:
CONSTRAINTS VIOLATION: Arch: Eyeriss_Constrained_17L_tile1_16x16 -> Level: InRegister: memory footprint: 2584 VS memory available: 400
CONSTRAINTS VIOLATION: Arch: Eyeriss_Constrained_17L_tile1_16x16 -> Level: WRegister: memory footprint: 57258 VS memory available: 4000
CONSTRAINTS VIOLATION: Arch: Eyeriss_Constrained_17L_tile1_16x16 -> Level: IntermediateRegister: memory footprint: 210 VS memory available: 200",0.000e+00,0.000e+00,0.00e+00,0,0.0,0.0,
resnet18_17layer_2026-02-21T07:00:19.118464,resnet18,17layer,full,17,eyeriss,thesis_arch,1056,524,128,16,32,1,False,False,"Ill-posed constraints:
CONSTRAINTS VIOLATION: Arch: Eyeriss_Constrained_17L_tile1_32x16 -> Level: InRegister: memory footprint: 2584 VS memory available: 400
CONSTRAINTS VIOLATION: Arch: Eyeriss_Constrained_17L_tile1_32x16 -> Level: WRegister: memory footprint: 28629 VS memory available: 4000",0.000e+00,0.000e+00,0.00e+00,0,0.0,0.0,
resnet18_17layer_2026-02-21T07:00:19.817568,resnet18,17layer,full,17,eyeriss,thesis_arch,1056,524,128,16,64,1,False,False,"Ill-posed constraints:
CONSTRAINTS VIOLATION: Arch: Eyeriss_Constrained_17L_tile1_64x16 -> Level: InRegister: memory footprint: 2584 VS memory available: 400
CONSTRAINTS VIOLATION: Arch: Eyeriss_Constrained_17L_tile1_64x16 -> Level: WRegister: memory footprint: 14325 VS memory available: 4000",0.000e+00,0.000e+00,0.00e+00,0,0.0,0.0,
resnet18_17layer_2026-02-21T07:00:20.502551,resnet18,17layer,full,17,eyeriss,thesis_arch,1056,524,128,16,128,1,False,False,"Ill-posed constraints:
CONSTRAINTS VIOLATION: Arch: Eyeriss_Constrained_17L_tile1_128x16 -> Level: InRegister: memory footprint: 2584 VS memory available: 400
CONSTRAINTS VIOLATION: Arch: Eyeriss_Constrained_17L_tile1_128x16 -> Level: WRegister: memory footprint: 7269 VS memory available: 4000",0.000e+00,0.000e+00,0.00e+00,0,0.0,0.0,
resnet18_17layer_2026-02-21T07:00:21.109965,resnet18,17layer,full,17,eyeriss,thesis_arch,1056,524,128,16,256,1,False,False,"Ill-posed constraints:
CONSTRAINTS VIOLATION: Arch: Eyeriss_Constrained_17L_tile1_256x16 -> Level: InRegister: memory footprint: 2584 VS memory available: 400",0.000e+00,0.000e+00,0.00e+00,0,0.0,0.0,
resnet18_17layer_2026-02-21T07:00:21.875917,resnet18,17layer,full,17,eyeriss,thesis_arch,1056,524,128,16,512,1,False,False,"Ill-posed constraints:
CONSTRAINTS VIOLATION: Arch: Eyeriss_Constrained_17L_tile1_512x16 -> Level: InRegister: memory footprint: 2584 VS memory available: 400",0.000e+00,0.000e+00,0.00e+00,0,0.0,0.0,
resnet18_17layer_2026-02-21T07:00:22.971749,resnet18,17layer,full,17,eyeriss,thesis_arch,1056,524,128,32,4,1,False,False,"Ill-posed constraints:
CONSTRAINTS VIOLATION: Arch: Eyeriss_Constrained_17L_tile1_4x32 -> Level: InRegister: memory footprint: 1286 VS memory available: 400
CONSTRAINTS VIOLATION: Arch: Eyeriss_Constrained_17L_tile1_4x32 -> Level: WRegister: memory footprint: 114544 VS memory available: 4000
CONSTRAINTS VIOLATION: Arch: Eyeriss_Constrained_17L_tile1_4x32 -> Level: IntermediateRegister: memory footprint: 848 VS memory available: 200
CONSTRAINTS VIOLATION: Arch: Eyeriss_Constrained_17L_tile1_4x32 -> Level: OutRegister: memory footprint: 128 VS memory available: 64",0.000e+00,0.000e+00,0.00e+00,0,0.0,0.0,
resnet18_17layer_2026-02-21T07:00:23.770335,resnet18,17layer,full,17,eyeriss,thesis_arch,1056,524,128,32,16,1,False,False,"Ill-posed constraints:
CONSTRAINTS VIOLATION: Arch: Eyeriss_Constrained_17L_tile1_16x32 -> Level: InRegister: memory footprint: 1286 VS memory available: 400
CONSTRAINTS VIOLATION: Arch: Eyeriss_Constrained_17L_tile1_16x32 -> Level: WRegister: memory footprint: 28636 VS memory available: 4000
CONSTRAINTS VIOLATION: Arch: Eyeriss_Constrained_17L_tile1_16x32 -> Level: IntermediateRegister: memory footprint: 212 VS memory available: 200",0.000e+00,0.000e+00,0.00e+00,0,0.0,0.0,
resnet18_17layer_2026-02-21T07:00:24.814337,resnet18,17layer,full,17,eyeriss,thesis_arch,1056,524,128,32,32,1,False,False,"Ill-posed constraints:
CONSTRAINTS VIOLATION: Arch: Eyeriss_Constrained_17L_tile1_32x32 -> Level: InRegister: memory footprint: 1286 VS memory available: 400
CONSTRAINTS VIOLATION: Arch: Eyeriss_Constrained_17L_tile1_32x32 -> Level: WRegister: memory footprint: 14318 VS memory available: 4000",0.000e+00,0.000e+00,0.00e+00,0,0.0,0.0,
resnet18_17layer_2026-02-21T07:00:25.573960,resnet18,17layer,full,17,eyeriss,thesis_arch,1056,524,128,32,64,1,False,False,"Ill-posed constraints:
CONSTRAINTS VIOLATION: Arch: Eyeriss_Constrained_17L_tile1_64x32 -> Level: InRegister: memory footprint: 1286 VS memory available: 400
CONSTRAINTS VIOLATION: Arch: Eyeriss_Constrained_17L_tile1_64x32 -> Level: WRegister: memory footprint: 7159 VS memory available: 4000",0.000e+00,0.000e+00,0.00e+00,0,0.0,0.0,
resnet18_17layer_2026-02-21T07:00:26.096127,resnet18,17layer,full,17,eyeriss,thesis_arch,1056,524,128,32,128,1,False,False,"Ill-posed constraints:
CONSTRAINTS VIOLATION: Arch: Eyeriss_Constrained_17L_tile1_128x32 -> Level: InRegister: memory footprint: 1286 VS memory available: 400",0.000e+00,0.000e+00,0.00e+00,0,0.0,0.0,
resnet18_17layer_2026-02-21T07:00:26.742727,resnet18,17layer,full,17,eyeriss,thesis_arch,1056,524,128,32,256,1,False,False,"Ill-posed constraints:
CONSTRAINTS VIOLATION: Arch: Eyeriss_Constrained_17L_tile1_256x32 -> Level: InRegister: memory footprint: 1286 VS memory available: 400",0.000e+00,0.000e+00,0.00e+00,0,0.0,0.0,
resnet18_17layer_2026-02-21T07:00:27.470139,resnet18,17layer,full,17,eyeriss,thesis_arch,1056,524,128,32,512,1,False,False,"Ill-posed constraints:
CONSTRAINTS VIOLATION: Arch: Eyeriss_Constrained_17L_tile1_512x32 -> Level: InRegister: memory footprint: 1286 VS memory available: 400",0.000e+00,0.000e+00,0.00e+00,0,0.0,0.0,
resnet18_17layer_2026-02-21T07:00:28.665230,resnet18,17layer,full,17,eyeriss,thesis_arch,1056,524,128,64,4,1,False,False,"Ill-posed constraints:
CONSTRAINTS VIOLATION: Arch: Eyeriss_Constrained_17L_tile1_4x64 -> Level: InRegister: memory footprint: 650 VS memory available: 400
CONSTRAINTS VIOLATION: Arch: Eyeriss_Constrained_17L_tile1_4x64 -> Level: WRegister: memory footprint: 57272 VS memory available: 4000
CONSTRAINTS VIOLATION: Arch: Eyeriss_Constrained_17L_tile1_4x64 -> Level: IntermediateRegister: memory footprint: 840 VS memory available: 200
CONSTRAINTS VIOLATION: Arch: Eyeriss_Constrained_17L_tile1_4x64 -> Level: OutRegister: memory footprint: 128 VS memory available: 64",0.000e+00,0.000e+00,0.00e+00,0,0.0,0.0,
resnet18_17layer_2026-02-21T07:00:29.489946,resnet18,17layer,full,17,eyeriss,thesis_arch,1056,524,128,64,16,1,False,False,"Ill-posed constraints:
CONSTRAINTS VIOLATION: Arch: Eyeriss_Constrained_17L_tile1_16x64 -> Level: InRegister: memory footprint: 650 VS memory available: 400
CONSTRAINTS VIOLATION: Arch: Eyeriss_Constrained_17L_tile1_16x64 -> Level: WRegister: memory footprint: 14318 VS memory available: 4000
CONSTRAINTS VIOLATION: Arch: Eyeriss_Constrained_17L_tile1_16x64 -> Level: IntermediateRegister: memory footprint: 210 VS memory available: 200",0.000e+00,0.000e+00,0.00e+00,0,0.0,0.0,
resnet18_17layer_2026-02-21T07:00:30.179318,resnet18,17layer,full,17,eyeriss,thesis_arch,1056,524,128,64,32,1,False,False,"Ill-posed constraints:
CONSTRAINTS VIOLATION: Arch: Eyeriss_Constrained_17L_tile1_32x64 -> Level: InRegister: memory footprint: 650 VS memory available: 400
CONSTRAINTS VIOLATION: Arch: Eyeriss_Constrained_17L_tile1_32x64 -> Level: WRegister: memory footprint: 7159 VS memory available: 4000",0.000e+00,0.000e+00,0.00e+00,0,0.0,0.0,
resnet18_17layer_2026-02-21T07:00:30.710992,resnet18,17layer,full,17,eyeriss,thesis_arch,1056,524,128,64,64,1,False,False,"Ill-posed constraints:
CONSTRAINTS VIOLATION: Arch: Eyeriss_Constrained_17L_tile1_64x64 -> Level: InRegister: memory footprint: 650 VS memory available: 400",0.000e+00,0.000e+00,0.00e+00,0,0.0,0.0,
resnet18_17layer_2026-02-21T07:00:31.269382,resnet18,17layer,full,17,eyeriss,thesis_arch,1056,524,128,64,128,1,False,False,"Ill-posed constraints:
CONSTRAINTS VIOLATION: Arch: Eyeriss_Constrained_17L_tile1_128x64 -> Level: InRegister: memory footprint: 650 VS memory available: 400",0.000e+00,0.000e+00,0.00e+00,0,0.0,0.0,
resnet18_17layer_2026-02-21T07:00:31.960495,resnet18,17layer,full,17,eyeriss,thesis_arch,1056,524,128,64,256,1,False,False,"Ill-posed constraints:
CONSTRAINTS VIOLATION: Arch: Eyeriss_Constrained_17L_tile1_256x64 -> Level: InRegister: memory footprint: 650 VS memory available: 400",0.000e+00,0.000e+00,0.00e+00,0,0.0,0.0,
resnet18_17layer_2026-02-21T07:00:32.696709,resnet18,17layer,full,17,eyeriss,thesis_arch,1056,524,128,128,4,1,False,False,"Ill-posed constraints:
CONSTRAINTS VIOLATION: Arch: Eyeriss_Constrained_17L_tile1_4x128 -> Level: WRegister: memory footprint: 28636 VS memory available: 4000
CONSTRAINTS VIOLATION: Arch: Eyeriss_Constrained_17L_tile1_4x128 -> Level: IntermediateRegister: memory footprint: 836 VS memory available: 200
CONSTRAINTS VIOLATION: Arch: Eyeriss_Constrained_17L_tile1_4x128 -> Level: OutRegister: memory footprint: 128 VS memory available: 64",0.000e+00,0.000e+00,0.00e+00,0,0.0,0.0,
resnet18_17layer_2026-02-21T07:00:33.721530,resnet18,17layer,full,17,eyeriss,thesis_arch,1056,524,128,128,16,1,False,False,"Ill-posed constraints:
CONSTRAINTS VIOLATION: Arch: Eyeriss_Constrained_17L_tile1_16x128 -> Level: WRegister: memory footprint: 7159 VS memory available: 4000
CONSTRAINTS VIOLATION: Arch: Eyeriss_Constrained_17L_tile1_16x128 -> Level: IntermediateRegister: memory footprint: 209 VS memory available: 200",0.000e+00,0.000e+00,0.00e+00,0,0.0,0.0,
resnet18_17layer_2026-02-21T07:00:34.253301,resnet18,17layer,full,17,eyeriss,thesis_arch,1056,524,128,128,32,1,False,True,,1.168e+05,3.059e+06,3.61e+05,"(5568237760, 2543810304)",0.0032886642329685856,0.6948637962341309,DRAM[P=7 Q=7 Z16=1 C16=1 R16=1 S16=1 Y15=7 X15=7 Z15=1 C15=1 R15=1 S15=1 Y14=7 X14=7 Z14=1 C14=1 R14=1 S14=1 Y13=14 X13=14 Z13=1 C13=1 R13=1 S13=1 Y12=14 X12=14 Z12=1 C12=1 R12=1 S12=1 Y11=14 X11=14 Z11=1 C11=1 R11=1 S11=1 Y10=14 X10=14 Z10=1 C10=1 R10=1 S10=1 Y9=28 X9=28 Z9=1 C9=1 R9=1 S9=1 Y8=28 X8=28 Z8=1 C8=1 R8=1 S8=1 Y7=28 X7=28 Z7=1 C7=1 R7=1 S7=1 Y6=28 X6=28 Z6=1 C6=1 R6=1 S6=1 Y5=56 X5=56 Z5=1 C5=1 R5=1 S5=1 Y4=56 X4=56 Z4=1 C4=1 R4=1 S4=1 Y3=56 X3=56 Z3=1 C3=1 R3=1 S3=1 Y2=56 X2=56 Z2=1 C2=1 R2=1 S2=1 Y1=56 X1=56 Z1=1 C1=1 R1=1 S1=1 Y0=112 X0=112 Z0=1 C0=1 R0=1 S0=1] GlobalBuffer[P=1 Q=1 Z16=1 C16=1 R16=1 S16=1 Y15=1 X15=1 Z15=1 C15=1 R15=1 S15=1 Y14=1 X14=1 Z14=1 C14=1 R14=1 S14=1 Y13=1 X13=1 Z13=1 C13=1 R13=1 S13=1 Y12=1 X12=1 Z12=1 C12=1 R12=1 S12=1 Y11=1 X11=1 Z11=1 C11=1 R11=1 S11=1 Y10=1 X10=1 Z10=1 C10=1 R10=1 S10=1 Y9=1 X9=1 Z9=1 C9=1 R9=1 S9=1 Y8=1 X8=1 Z8=1 C8=1 R8=1 S8=1 Y7=1 X7=1 Z7=1 C7=1 R7=1 S7=1 Y6=1 X6=1 Z6=1 C6=1 R6=1 S6=1 Y5=1 X5=1 Z5=1 C5=1 R5=1 S5=1 Y4=1 X4=1 Z4=1 C4=1 R4=1 S4=1 Y3=1 X3=1 Z3=1 C3=1 R3=1 S3=1 Y2=1 X2=1 Z2=1 C2=1 R2=1 S2=1 Y1=1 X1=1 Z1=1 C1=1 R1=1 S1=1 Y0=1 X0=1 Z0=1 C0=1 R0=1 S0=1] SACols[Q=1 Z16=32] SARows[S16=3 C16=32 Z16=1] SACols_15[X15=1 Z15=32] SARows_15[S15=3 C15=32 Z15=1] SACols_14[X14=1 Z14=32] SARows_14[S14=3 C14=32 Z14=1] SACols_13[X13=1 Z13=32] SARows_13[S13=3 C13=32 Z13=1] SACols_12[X12=1 Z12=32] SARows_12[S12=3 C12=32 Z12=1] SACols_11[X11=1 Z11=32] SARows_11[S11=3 C11=32 Z11=1] SACols_10[X10=1 Z10=32] SARows_10[S10=3 C10=32 Z10=1] SACols_9[X9=1 Z9=32] SARows_9[S9=3 C9=32 Z9=1] SACols_8[X8=1 Z8=32] SARows_8[S8=3 C8=32 Z8=1] SACols_7[X7=1 Z7=32] SARows_7[S7=3 C7=32 Z7=1] SACols_6[X6=1 Z6=32] SARows_6[S6=3 C6=32 Z6=1] SACols_5[X5=1 Z5=32] SARows_5[S5=3 C5=32 Z5=1] SACols_4[X4=1 Z4=32] SARows_4[S4=3 C4=32 Z4=1] SACols_3[X3=1 Z3=32] SARows_3[S3=3 C3=32 Z3=1] SACols_2[X2=1 Z2=32] SARows_2[S2=3 C2=32 Z2=1] SACols_1[X1=1 Z1=32] SARows_1[S1=3 C1=32 Z1=1] SACols_0[X0=1 Z0=32] SARows_0[S0=7 C0=3 Z0=2] InRegister[P=1 Q=1 Z16=1 C16=1 R16=1 S16=1 Y15=1 X15=1 Z15=1 C15=1 R15=1 S15=1 Y14=1 X14=1 Z14=1 C14=1 R14=1 S14=1 Y13=1 X13=1 Z13=1 C13=1 R13=1 S13=1 Y12=1 X12=1 Z12=1 C12=1 R12=1 S12=1 Y11=1 X11=1 Z11=1 C11=1 R11=1 S11=1 Y10=1 X10=1 Z10=1 C10=1 R10=1 S10=1 Y9=1 X9=1 Z9=1 C9=1 R9=1 S9=1 Y8=1 X8=1 Z8=1 C8=1 R8=1 S8=1 Y7=1 X7=1 Z7=1 C7=1 R7=1 S7=1 Y6=1 X6=1 Z6=1 C6=1 R6=1 S6=1 Y5=1 X5=1 Z5=1 C5=1 R5=1 S5=1 Y4=1 X4=1 Z4=1 C4=1 R4=1 S4=1 Y3=1 X3=1 Z3=1 C3=1 R3=1 S3=1 Y2=1 X2=1 Z2=1 C2=1 R2=1 S2=1 Y1=1 X1=1 Z1=1 C1=1 R1=1 S1=1 Y0=1 X0=1 Z0=1 C0=1 R0=1 S0=1] WRegister[P=1 Q=1 Z16=1 C16=16 R16=3 S16=1 Y15=1 X15=1 Z15=1 C15=16 R15=3 S15=1 Y14=1 X14=1 Z14=1 C14=16 R14=3 S14=1 Y13=1 X13=1 Z13=1 C13=8 R13=3 S13=1 Y12=1 X12=1 Z12=1 C12=8 R12=3 S12=1 Y11=1 X11=1 Z11=1 C11=8 R11=3 S11=1 Y10=1 X10=1 Z10=1 C10=8 R10=3 S10=1 Y9=1 X9=1 Z9=1 C9=4 R9=3 S9=1 Y8=1 X8=1 Z8=1 C8=4 R8=3 S8=1 Y7=1 X7=1 Z7=1 C7=4 R7=3 S7=1 Y6=1 X6=1 Z6=1 C6=4 R6=3 S6=1 Y5=1 X5=1 Z5=1 C5=2 R5=3 S5=1 Y4=1 X4=1 Z4=1 C4=2 R4=3 S4=1 Y3=1 X3=1 Z3=1 C3=2 R3=3 S3=1 Y2=1 X2=1 Z2=1 C2=2 R2=3 S2=1 Y1=1 X1=1 Z1=1 C1=2 R1=3 S1=1 Y0=1 X0=1 Z0=1 C0=1 R0=7 S0=1] IntermediateRegister[P=1 Q=1 Z16=1 C16=1 R16=1 S16=1 Y15=1 X15=1 Z15=16 C15=1 R15=1 S15=1 Y14=1 X14=1 Z14=16 C14=1 R14=1 S14=1 Y13=1 X13=1 Z13=16 C13=1 R13=1 S13=1 Y12=1 X12=1 Z12=8 C12=1 R12=1 S12=1 Y11=1 X11=1 Z11=8 C11=1 R11=1 S11=1 Y10=1 X10=1 Z10=8 C10=1 R10=1 S10=1 Y9=1 X9=1 Z9=8 C9=1 R9=1 S9=1 Y8=1 X8=1 Z8=4 C8=1 R8=1 S8=1 Y7=1 X7=1 Z7=4 C7=1 R7=1 S7=1 Y6=1 X6=1 Z6=4 C6=1 R6=1 S6=1 Y5=1 X5=1 Z5=4 C5=1 R5=1 S5=1 Y4=1 X4=1 Z4=2 C4=1 R4=1 S4=1 Y3=1 X3=1 Z3=2 C3=1 R3=1 S3=1 Y2=1 X2=1 Z2=2 C2=1 R2=1 S2=1 Y1=1 X1=1 Z1=2 C1=1 R1=1 S1=1 Y0=1 X0=1 Z0=1 C0=1 R0=1 S0=1] OutRegister[P=1 Q=1 Z16=16 C16=1 R16=1 S16=1 Y15=1 X15=1 Z15=1 C15=1 R15=1 S15=1 Y14=1 X14=1 Z14=1 C14=1 R14=1 S14=1 Y13=1 X13=1 Z13=1 C13=1 R13=1 S13=1 Y12=1 X12=1 Z12=1 C12=1 R12=1 S12=1 Y11=1 X11=1 Z11=1 C11=1 R11=1 S11=1 Y10=1 X10=1 Z10=1 C10=1 R10=1 S10=1 Y9=1 X9=1 Z9=1 C9=1 R9=1 S9=1 Y8=1 X8=1 Z8=1 C8=1 R8=1 S8=1 Y7=1 X7=1 Z7=1 C7=1 R7=1 S7=1 Y6=1 X6=1 Z6=1 C6=1 R6=1 S6=1 Y5=1 X5=1 Z5=1 C5=1 R5=1 S5=1 Y4=1 X4=1 Z4=1 C4=1 R4=1 S4=1 Y3=1 X3=1 Z3=1 C3=1 R3=1 S3=1 Y2=1 X2=1 Z2=1 C2=1 R2=1 S2=1 Y1=1 X1=1 Z1=1 C1=1 R1=1 S1=1 Y0=1 X0=1 Z0=1 C0=1 R0=1 S0=1] Compute] 
resnet18_17layer_2026-02-21T07:00:35.668837,resnet18,17layer,full,17,eyeriss,thesis_arch,1056,524,128,128,64,1,False,True,,1.189e+05,3.042e+06,3.68e+05,"(6045110464, 2543810304)",0.0016443321164842928,0.7423152923583984,DRAM[P=7 Q=7 Z16=1 C16=1 R16=1 S16=1 Y15=7 X15=7 Z15=1 C15=1 R15=1 S15=1 Y14=7 X14=7 Z14=1 C14=1 R14=1 S14=1 Y13=14 X13=14 Z13=1 C13=1 R13=1 S13=1 Y12=14 X12=14 Z12=1 C12=1 R12=1 S12=1 Y11=14 X11=14 Z11=1 C11=1 R11=1 S11=1 Y10=14 X10=14 Z10=1 C10=1 R10=1 S10=1 Y9=28 X9=28 Z9=1 C9=1 R9=1 S9=1 Y8=28 X8=28 Z8=1 C8=1 R8=1 S8=1 Y7=28 X7=28 Z7=1 C7=1 R7=1 S7=1 Y6=28 X6=28 Z6=1 C6=1 R6=1 S6=1 Y5=56 X5=56 Z5=1 C5=1 R5=1 S5=1 Y4=56 X4=56 Z4=1 C4=1 R4=1 S4=1 Y3=56 X3=56 Z3=1 C3=1 R3=1 S3=1 Y2=56 X2=56 Z2=1 C2=1 R2=1 S2=1 Y1=56 X1=56 Z1=1 C1=1 R1=1 S1=1 Y0=112 X0=112 Z0=1 C0=1 R0=1 S0=1] GlobalBuffer[P=1 Q=1 Z16=1 C16=1 R16=1 S16=1 Y15=1 X15=1 Z15=1 C15=1 R15=1 S15=1 Y14=1 X14=1 Z14=1 C14=1 R14=1 S14=1 Y13=1 X13=1 Z13=1 C13=1 R13=1 S13=1 Y12=1 X12=1 Z12=1 C12=1 R12=1 S12=1 Y11=1 X11=1 Z11=1 C11=1 R11=1 S11=1 Y10=1 X10=1 Z10=1 C10=1 R10=1 S10=1 Y9=1 X9=1 Z9=1 C9=1 R9=1 S9=1 Y8=1 X8=1 Z8=1 C8=1 R8=1 S8=1 Y7=1 X7=1 Z7=1 C7=1 R7=1 S7=1 Y6=1 X6=1 Z6=1 C6=1 R6=1 S6=1 Y5=1 X5=1 Z5=1 C5=1 R5=1 S5=1 Y4=1 X4=1 Z4=1 C4=1 R4=1 S4=1 Y3=1 X3=1 Z3=1 C3=1 R3=1 S3=1 Y2=1 X2=1 Z2=1 C2=1 R2=1 S2=1 Y1=1 X1=1 Z1=1 C1=1 R1=1 S1=1 Y0=1 X0=1 Z0=1 C0=1 R0=1 S0=1] SACols[Q=1 Z16=64] SARows[S16=3 C16=32 Z16=1] SACols_15[X15=1 Z15=64] SARows_15[S15=3 C15=32 Z15=1] SACols_14[X14=1 Z14=64] SARows_14[S14=3 C14=32 Z14=1] SACols_13[X13=1 Z13=64] SARows_13[S13=3 C13=32 Z13=1] SACols_12[X12=1 Z12=64] SARows_12[S12=3 C12=32 Z12=1] SACols_11[X11=1 Z11=64] SARows_11[S11=3 C11=32 Z11=1] SACols_10[X10=1 Z10=64] SARows_10[S10=3 C10=32 Z10=1] SACols_9[X9=1 Z9=64] SARows_9[S9=3 C9=32 Z9=1] SACols_8[X8=1 Z8=64] SARows_8[S8=3 C8=32 Z8=1] SACols_7[X7=1 Z7=64] SARows_7[S7=3 C7=32 Z7=1] SACols_6[X6=1 Z6=64] SARows_6[S6=3 C6=32 Z6=1] SACols_5[X5=1 Z5=64] SARows_5[S5=3 C5=32 Z5=1] SACols_4[X4=1 Z4=64] SARows_4[S4=3 C4=32 Z4=1] SACols_3[X3=1 Z3=64] SARows_3[S3=3 C3=32 Z3=1] SACols_2[X2=1 Z2=64] SARows_2[S2=3 C2=32 Z2=1] SACols_1[X1=1 Z1=64] SARows_1[S1=3 C1=32 Z1=1] SACols_0[X0=1 Z0=64] SARows_0[S0=7 C0=3 Z0=1] InRegister[P=1 Q=1 Z16=1 C16=1 R16=1 S16=1 Y15=1 X15=1 Z15=1 C15=1 R15=1 S15=1 Y14=1 X14=1 Z14=1 C14=1 R14=1 S14=1 Y13=1 X13=1 Z13=1 C13=1 R13=1 S13=1 Y12=1 X12=1 Z12=1 C12=1 R12=1 S12=1 Y11=1 X11=1 Z11=1 C11=1 R11=1 S11=1 Y10=1 X10=1 Z10=1 C10=1 R10=1 S10=1 Y9=1 X9=1 Z9=1 C9=1 R9=1 S9=1 Y8=1 X8=1 Z8=1 C8=1 R8=1 S8=1 Y7=1 X7=1 Z7=1 C7=1 R7=1 S7=1 Y6=1 X6=1 Z6=1 C6=1 R6=1 S6=1 Y5=1 X5=1 Z5=1 C5=1 R5=1 S5=1 Y4=1 X4=1 Z4=1 C4=1 R4=1 S4=1 Y3=1 X3=1 Z3=1 C3=1 R3=1 S3=1 Y2=1 X2=1 Z2=1 C2=1 R2=1 S2=1 Y1=1 X1=1 Z1=1 C1=1 R1=1 S1=1 Y0=1 X0=1 Z0=1 C0=1 R0=1 S0=1] WRegister[P=1 Q=1 Z16=1 C16=16 R16=3 S16=1 Y15=1 X15=1 Z15=1 C15=16 R15=3 S15=1 Y14=1 X14=1 Z14=1 C14=16 R14=3 S14=1 Y13=1 X13=1 Z13=1 C13=8 R13=3 S13=1 Y12=1 X12=1 Z12=1 C12=8 R12=3 S12=1 Y11=1 X11=1 Z11=1 C11=8 R11=3 S11=1 Y10=1 X10=1 Z10=1 C10=8 R10=3 S10=1 Y9=1 X9=1 Z9=1 C9=4 R9=3 S9=1 Y8=1 X8=1 Z8=1 C8=4 R8=3 S8=1 Y7=1 X7=1 Z7=1 C7=4 R7=3 S7=1 Y6=1 X6=1 Z6=1 C6=4 R6=3 S6=1 Y5=1 X5=1 Z5=1 C5=2 R5=3 S5=1 Y4=1 X4=1 Z4=1 C4=2 R4=3 S4=1 Y3=1 X3=1 Z3=1 C3=2 R3=3 S3=1 Y2=1 X2=1 Z2=1 C2=2 R2=3 S2=1 Y1=1 X1=1 Z1=1 C1=2 R1=3 S1=1 Y0=1 X0=1 Z0=1 C0=1 R0=7 S0=1] IntermediateRegister[P=1 Q=1 Z16=1 C16=1 R16=1 S16=1 Y15=1 X15=1 Z15=8 C15=1 R15=1 S15=1 Y14=1 X14=1 Z14=8 C14=1 R14=1 S14=1 Y13=1 X13=1 Z13=8 C13=1 R13=1 S13=1 Y12=1 X12=1 Z12=4 C12=1 R12=1 S12=1 Y11=1 X11=1 Z11=4 C11=1 R11=1 S11=1 Y10=1 X10=1 Z10=4 C10=1 R10=1 S10=1 Y9=1 X9=1 Z9=4 C9=1 R9=1 S9=1 Y8=1 X8=1 Z8=2 C8=1 R8=1 S8=1 Y7=1 X7=1 Z7=2 C7=1 R7=1 S7=1 Y6=1 X6=1 Z6=2 C6=1 R6=1 S6=1 Y5=1 X5=1 Z5=2 C5=1 R5=1 S5=1 Y4=1 X4=1 Z4=1 C4=1 R4=1 S4=1 Y3=1 X3=1 Z3=1 C3=1 R3=1 S3=1 Y2=1 X2=1 Z2=1 C2=1 R2=1 S2=1 Y1=1 X1=1 Z1=1 C1=1 R1=1 S1=1 Y0=1 X0=1 Z0=1 C0=1 R0=1 S0=1] OutRegister[P=1 Q=1 Z16=8 C16=1 R16=1 S16=1 Y15=1 X15=1 Z15=1 C15=1 R15=1 S15=1 Y14=1 X14=1 Z14=1 C14=1 R14=1 S14=1 Y13=1 X13=1 Z13=1 C13=1 R13=1 S13=1 Y12=1 X12=1 Z12=1 C12=1 R12=1 S12=1 Y11=1 X11=1 Z11=1 C11=1 R11=1 S11=1 Y10=1 X10=1 Z10=1 C10=1 R10=1 S10=1 Y9=1 X9=1 Z9=1 C9=1 R9=1 S9=1 Y8=1 X8=1 Z8=1 C8=1 R8=1 S8=1 Y7=1 X7=1 Z7=1 C7=1 R7=1 S7=1 Y6=1 X6=1 Z6=1 C6=1 R6=1 S6=1 Y5=1 X5=1 Z5=1 C5=1 R5=1 S5=1 Y4=1 X4=1 Z4=1 C4=1 R4=1 S4=1 Y3=1 X3=1 Z3=1 C3=1 R3=1 S3=1 Y2=1 X2=1 Z2=1 C2=1 R2=1 S2=1 Y1=1 X1=1 Z1=1 C1=1 R1=1 S1=1 Y0=1 X0=1 Z0=1 C0=1 R0=1 S0=1] Compute] 
resnet18_17layer_2026-02-21T07:00:37.177180,resnet18,17layer,full,17,eyeriss,thesis_arch,1056,524,128,128,128,1,False,True,,1.211e+05,3.042e+06,3.77e+05,"(6536433856, 2543810304)",5.138537864013415e-05,0.8863224983215332,DRAM[P=7 Q=7 Z16=1 C16=1 R16=1 S16=1 Y15=7 X15=7 Z15=1 C15=1 R15=1 S15=1 Y14=7 X14=7 Z14=1 C14=1 R14=1 S14=1 Y13=14 X13=14 Z13=1 C13=1 R13=1 S13=1 Y12=14 X12=14 Z12=1 C12=1 R12=1 S12=1 Y11=14 X11=14 Z11=1 C11=1 R11=1 S11=1 Y10=14 X10=14 Z10=1 C10=1 R10=1 S10=1 Y9=28 X9=28 Z9=1 C9=1 R9=1 S9=1 Y8=28 X8=28 Z8=1 C8=1 R8=1 S8=1 Y7=28 X7=28 Z7=1 C7=1 R7=1 S7=1 Y6=28 X6=28 Z6=1 C6=1 R6=1 S6=1 Y5=56 X5=56 Z5=1 C5=1 R5=1 S5=1 Y4=56 X4=56 Z4=1 C4=1 R4=1 S4=1 Y3=56 X3=56 Z3=1 C3=1 R3=1 S3=1 Y2=56 X2=56 Z2=1 C2=1 R2=1 S2=1 Y1=56 X1=56 Z1=1 C1=1 R1=1 S1=1 Y0=112 X0=112 Z0=1 C0=1 R0=1 S0=1] GlobalBuffer[P=1 Q=1 Z16=1 C16=1 R16=1 S16=1 Y15=1 X15=1 Z15=1 C15=1 R15=1 S15=1 Y14=1 X14=1 Z14=1 C14=1 R14=1 S14=1 Y13=1 X13=1 Z13=1 C13=1 R13=1 S13=1 Y12=1 X12=1 Z12=1 C12=1 R12=1 S12=1 Y11=1 X11=1 Z11=1 C11=1 R11=1 S11=1 Y10=1 X10=1 Z10=1 C10=1 R10=1 S10=1 Y9=1 X9=1 Z9=1 C9=1 R9=1 S9=1 Y8=1 X8=1 Z8=1 C8=1 R8=1 S8=1 Y7=1 X7=1 Z7=1 C7=1 R7=1 S7=1 Y6=1 X6=1 Z6=1 C6=1 R6=1 S6=1 Y5=1 X5=1 Z5=1 C5=1 R5=1 S5=1 Y4=1 X4=1 Z4=1 C4=1 R4=1 S4=1 Y3=1 X3=1 Z3=1 C3=1 R3=1 S3=1 Y2=1 X2=1 Z2=1 C2=1 R2=1 S2=1 Y1=1 X1=1 Z1=1 C1=1 R1=1 S1=1 Y0=1 X0=1 Z0=1 C0=1 R0=1 S0=1] SACols[Q=1 Z16=128] SARows[S16=3 C16=32 Z16=1] SACols_15[X15=1 Z15=128] SARows_15[S15=3 C15=32 Z15=1] SACols_14[X14=1 Z14=128] SARows_14[S14=3 C14=32 Z14=1] SACols_13[X13=1 Z13=128] SARows_13[S13=3 C13=32 Z13=1] SACols_12[X12=1 Z12=128] SARows_12[S12=3 C12=32 Z12=1] SACols_11[X11=1 Z11=128] SARows_11[S11=3 C11=32 Z11=1] SACols_10[X10=1 Z10=128] SARows_10[S10=3 C10=32 Z10=1] SACols_9[X9=1 Z9=128] SARows_9[S9=3 C9=32 Z9=1] SACols_8[X8=1 Z8=128] SARows_8[S8=3 C8=32 Z8=1] SACols_7[X7=1 Z7=128] SARows_7[S7=3 C7=32 Z7=1] SACols_6[X6=1 Z6=128] SARows_6[S6=3 C6=32 Z6=1] SACols_5[X5=1 Z5=128] SARows_5[S5=3 C5=32 Z5=1] SACols_4[X4=1 Z4=64] SARows_4[S4=3 C4=32 Z4=1] SACols_3[X3=1 Z3=64] SARows_3[S3=3 C3=32 Z3=1] SACols_2[X2=1 Z2=64] SARows_2[S2=3 C2=32 Z2=1] SACols_1[X1=1 Z1=64] SARows_1[S1=3 C1=32 Z1=1] SACols_0[X0=1 Z0=64] SARows_0[S0=7 C0=3 Z0=1] InRegister[P=1 Q=1 Z16=1 C16=1 R16=1 S16=1 Y15=1 X15=1 Z15=1 C15=1 R15=1 S15=1 Y14=1 X14=1 Z14=1 C14=1 R14=1 S14=1 Y13=1 X13=1 Z13=1 C13=1 R13=1 S13=1 Y12=1 X12=1 Z12=1 C12=1 R12=1 S12=1 Y11=1 X11=1 Z11=1 C11=1 R11=1 S11=1 Y10=1 X10=1 Z10=1 C10=1 R10=1 S10=1 Y9=1 X9=1 Z9=1 C9=1 R9=1 S9=1 Y8=1 X8=1 Z8=1 C8=1 R8=1 S8=1 Y7=1 X7=1 Z7=1 C7=1 R7=1 S7=1 Y6=1 X6=1 Z6=1 C6=1 R6=1 S6=1 Y5=1 X5=1 Z5=1 C5=1 R5=1 S5=1 Y4=1 X4=1 Z4=1 C4=1 R4=1 S4=1 Y3=1 X3=1 Z3=1 C3=1 R3=1 S3=1 Y2=1 X2=1 Z2=1 C2=1 R2=1 S2=1 Y1=1 X1=1 Z1=1 C1=1 R1=1 S1=1 Y0=1 X0=1 Z0=1 C0=1 R0=1 S0=1] WRegister[P=1 Q=1 Z16=1 C16=16 R16=3 S16=1 Y15=1 X15=1 Z15=1 C15=16 R15=3 S15=1 Y14=1 X14=1 Z14=1 C14=16 R14=3 S14=1 Y13=1 X13=1 Z13=1 C13=8 R13=3 S13=1 Y12=1 X12=1 Z12=1 C12=8 R12=3 S12=1 Y11=1 X11=1 Z11=1 C11=8 R11=3 S11=1 Y10=1 X10=1 Z10=1 C10=8 R10=3 S10=1 Y9=1 X9=1 Z9=1 C9=4 R9=3 S9=1 Y8=1 X8=1 Z8=1 C8=4 R8=3 S8=1 Y7=1 X7=1 Z7=1 C7=4 R7=3 S7=1 Y6=1 X6=1 Z6=1 C6=4 R6=3 S6=1 Y5=1 X5=1 Z5=1 C5=2 R5=3 S5=1 Y4=1 X4=1 Z4=1 C4=2 R4=3 S4=1 Y3=1 X3=1 Z3=1 C3=2 R3=3 S3=1 Y2=1 X2=1 Z2=1 C2=2 R2=3 S2=1 Y1=1 X1=1 Z1=1 C1=2 R1=3 S1=1 Y0=1 X0=1 Z0=1 C0=1 R0=7 S0=1] IntermediateRegister[P=1 Q=1 Z16=1 C16=1 R16=1 S16=1 Y15=1 X15=1 Z15=4 C15=1 R15=1 S15=1 Y14=1 X14=1 Z14=4 C14=1 R14=1 S14=1 Y13=1 X13=1 Z13=4 C13=1 R13=1 S13=1 Y12=1 X12=1 Z12=2 C12=1 R12=1 S12=1 Y11=1 X11=1 Z11=2 C11=1 R11=1 S11=1 Y10=1 X10=1 Z10=2 C10=1 R10=1 S10=1 Y9=1 X9=1 Z9=2 C9=1 R9=1 S9=1 Y8=1 X8=1 Z8=1 C8=1 R8=1 S8=1 Y7=1 X7=1 Z7=1 C7=1 R7=1 S7=1 Y6=1 X6=1 Z6=1 C6=1 R6=1 S6=1 Y5=1 X5=1 Z5=1 C5=1 R5=1 S5=1 Y4=1 X4=1 Z4=1 C4=1 R4=1 S4=1 Y3=1 X3=1 Z3=1 C3=1 R3=1 S3=1 Y2=1 X2=1 Z2=1 C2=1 R2=1 S2=1 Y1=1 X1=1 Z1=1 C1=1 R1=1 S1=1 Y0=1 X0=1 Z0=1 C0=1 R0=1 S0=1] OutRegister[P=1 Q=1 Z16=4 C16=1 R16=1 S16=1 Y15=1 X15=1 Z15=1 C15=1 R15=1 S15=1 Y14=1 X14=1 Z14=1 C14=1 R14=1 S14=1 Y13=1 X13=1 Z13=1 C13=1 R13=1 S13=1 Y12=1 X12=1 Z12=1 C12=1 R12=1 S12=1 Y11=1 X11=1 Z11=1 C11=1 R11=1 S11=1 Y10=1 X10=1 Z10=1 C10=1 R10=1 S10=1 Y9=1 X9=1 Z9=1 C9=1 R9=1 S9=1 Y8=1 X8=1 Z8=1 C8=1 R8=1 S8=1 Y7=1 X7=1 Z7=1 C7=1 R7=1 S7=1 Y6=1 X6=1 Z6=1 C6=1 R6=1 S6=1 Y5=1 X5=1 Z5=1 C5=1 R5=1 S5=1 Y4=1 X4=1 Z4=1 C4=1 R4=1 S4=1 Y3=1 X3=1 Z3=1 C3=1 R3=1 S3=1 Y2=1 X2=1 Z2=1 C2=1 R2=1 S2=1 Y1=1 X1=1 Z1=1 C1=1 R1=1 S1=1 Y0=1 X0=1 Z0=1 C0=1 R0=1 S0=1] Compute] 
resnet18_17layer_2026-02-21T07:00:38.855619,resnet18,17layer,full,17,eyeriss,thesis_arch,1056,524,128,256,4,1,False,False,"Ill-posed constraints:
CONSTRAINTS VIOLATION: Arch: Eyeriss_Constrained_17L_tile1_4x256 -> Level: WRegister: memory footprint: 14318 VS memory available: 4000
CONSTRAINTS VIOLATION: Arch: Eyeriss_Constrained_17L_tile1_4x256 -> Level: IntermediateRegister: memory footprint: 834 VS memory available: 200
CONSTRAINTS VIOLATION: Arch: Eyeriss_Constrained_17L_tile1_4x256 -> Level: OutRegister: memory footprint: 128 VS memory available: 64",0.000e+00,0.000e+00,0.00e+00,0,0.0,0.0,
resnet18_17layer_2026-02-21T07:00:39.429379,resnet18,17layer,full,17,eyeriss,thesis_arch,1056,524,128,256,16,1,False,False,"Ill-posed constraints:
CONSTRAINTS VIOLATION: Arch: Eyeriss_Constrained_17L_tile1_16x256 -> Level: IntermediateRegister: memory footprint: 209 VS memory available: 200",0.000e+00,0.000e+00,0.00e+00,0,0.0,0.0,
resnet18_17layer_2026-02-21T07:00:40.084405,resnet18,17layer,full,17,eyeriss,thesis_arch,1056,524,128,256,32,1,False,True,,1.176e+05,3.042e+06,3.62e+05,"(5760913600, 2736486144)",0.0016443321164842928,0.5790359973907471,DRAM[P=7 Q=7 Z16=1 C16=1 R16=1 S16=1 Y15=7 X15=7 Z15=1 C15=1 R15=1 S15=1 Y14=7 X14=7 Z14=1 C14=1 R14=1 S14=1 Y13=14 X13=14 Z13=1 C13=1 R13=1 S13=1 Y12=14 X12=14 Z12=1 C12=1 R12=1 S12=1 Y11=14 X11=14 Z11=1 C11=1 R11=1 S11=1 Y10=14 X10=14 Z10=1 C10=1 R10=1 S10=1 Y9=28 X9=28 Z9=1 C9=1 R9=1 S9=1 Y8=28 X8=28 Z8=1 C8=1 R8=1 S8=1 Y7=28 X7=28 Z7=1 C7=1 R7=1 S7=1 Y6=28 X6=28 Z6=1 C6=1 R6=1 S6=1 Y5=56 X5=56 Z5=1 C5=1 R5=1 S5=1 Y4=56 X4=56 Z4=1 C4=1 R4=1 S4=1 Y3=56 X3=56 Z3=1 C3=1 R3=1 S3=1 Y2=56 X2=56 Z2=1 C2=1 R2=1 S2=1 Y1=56 X1=56 Z1=1 C1=1 R1=1 S1=1 Y0=112 X0=112 Z0=1 C0=1 R0=1 S0=1] GlobalBuffer[P=1 Q=1 Z16=1 C16=1 R16=1 S16=1 Y15=1 X15=1 Z15=1 C15=1 R15=1 S15=1 Y14=1 X14=1 Z14=1 C14=1 R14=1 S14=1 Y13=1 X13=1 Z13=1 C13=1 R13=1 S13=1 Y12=1 X12=1 Z12=1 C12=1 R12=1 S12=1 Y11=1 X11=1 Z11=1 C11=1 R11=1 S11=1 Y10=1 X10=1 Z10=1 C10=1 R10=1 S10=1 Y9=1 X9=1 Z9=1 C9=1 R9=1 S9=1 Y8=1 X8=1 Z8=1 C8=1 R8=1 S8=1 Y7=1 X7=1 Z7=1 C7=1 R7=1 S7=1 Y6=1 X6=1 Z6=1 C6=1 R6=1 S6=1 Y5=1 X5=1 Z5=1 C5=1 R5=1 S5=1 Y4=1 X4=1 Z4=1 C4=1 R4=1 S4=1 Y3=1 X3=1 Z3=1 C3=1 R3=1 S3=1 Y2=1 X2=1 Z2=1 C2=1 R2=1 S2=1 Y1=1 X1=1 Z1=1 C1=1 R1=1 S1=1 Y0=1 X0=1 Z0=1 C0=1 R0=1 S0=1] SACols[Q=1 Z16=32] SARows[S16=3 C16=64 Z16=1] SACols_15[X15=1 Z15=32] SARows_15[S15=3 C15=64 Z15=1] SACols_14[X14=1 Z14=32] SARows_14[S14=3 C14=64 Z14=1] SACols_13[X13=1 Z13=32] SARows_13[S13=3 C13=64 Z13=1] SACols_12[X12=1 Z12=32] SARows_12[S12=3 C12=64 Z12=1] SACols_11[X11=1 Z11=32] SARows_11[S11=3 C11=64 Z11=1] SACols_10[X10=1 Z10=32] SARows_10[S10=3 C10=64 Z10=1] SACols_9[X9=1 Z9=32] SARows_9[S9=3 C9=64 Z9=1] SACols_8[X8=1 Z8=32] SARows_8[S8=3 C8=64 Z8=1] SACols_7[X7=1 Z7=32] SARows_7[S7=3 C7=64 Z7=1] SACols_6[X6=1 Z6=32] SARows_6[S6=3 C6=64 Z6=1] SACols_5[X5=1 Z5=32] SARows_5[S5=3 C5=64 Z5=1] SACols_4[X4=1 Z4=32] SARows_4[S4=3 C4=64 Z4=1] SACols_3[X3=1 Z3=32] SARows_3[S3=3 C3=64 Z3=1] SACols_2[X2=1 Z2=32] SARows_2[S2=3 C2=64 Z2=1] SACols_1[X1=1 Z1=32] SARows_1[S1=3 C1=64 Z1=1] SACols_0[X0=1 Z0=32] SARows_0[S0=7 C0=3 Z0=2] InRegister[P=1 Q=1 Z16=1 C16=1 R16=1 S16=1 Y15=1 X15=1 Z15=1 C15=1 R15=1 S15=1 Y14=1 X14=1 Z14=1 C14=1 R14=1 S14=1 Y13=1 X13=1 Z13=1 C13=1 R13=1 S13=1 Y12=1 X12=1 Z12=1 C12=1 R12=1 S12=1 Y11=1 X11=1 Z11=1 C11=1 R11=1 S11=1 Y10=1 X10=1 Z10=1 C10=1 R10=1 S10=1 Y9=1 X9=1 Z9=1 C9=1 R9=1 S9=1 Y8=1 X8=1 Z8=1 C8=1 R8=1 S8=1 Y7=1 X7=1 Z7=1 C7=1 R7=1 S7=1 Y6=1 X6=1 Z6=1 C6=1 R6=1 S6=1 Y5=1 X5=1 Z5=1 C5=1 R5=1 S5=1 Y4=1 X4=1 Z4=1 C4=1 R4=1 S4=1 Y3=1 X3=1 Z3=1 C3=1 R3=1 S3=1 Y2=1 X2=1 Z2=1 C2=1 R2=1 S2=1 Y1=1 X1=1 Z1=1 C1=1 R1=1 S1=1 Y0=1 X0=1 Z0=1 C0=1 R0=1 S0=1] WRegister[P=1 Q=1 Z16=1 C16=8 R16=3 S16=1 Y15=1 X15=1 Z15=1 C15=8 R15=3 S15=1 Y14=1 X14=1 Z14=1 C14=8 R14=3 S14=1 Y13=1 X13=1 Z13=1 C13=4 R13=3 S13=1 Y12=1 X12=1 Z12=1 C12=4 R12=3 S12=1 Y11=1 X11=1 Z11=1 C11=4 R11=3 S11=1 Y10=1 X10=1 Z10=1 C10=4 R10=3 S10=1 Y9=1 X9=1 Z9=1 C9=2 R9=3 S9=1 Y8=1 X8=1 Z8=1 C8=2 R8=3 S8=1 Y7=1 X7=1 Z7=1 C7=2 R7=3 S7=1 Y6=1 X6=1 Z6=1 C6=2 R6=3 S6=1 Y5=1 X5=1 Z5=1 C5=1 R5=3 S5=1 Y4=1 X4=1 Z4=1 C4=1 R4=3 S4=1 Y3=1 X3=1 Z3=1 C3=1 R3=3 S3=1 Y2=1 X2=1 Z2=1 C2=1 R2=3 S2=1 Y1=1 X1=1 Z1=1 C1=1 R1=3 S1=1 Y0=1 X0=1 Z0=1 C0=1 R0=7 S0=1] IntermediateRegister[P=1 Q=1 Z16=1 C16=1 R16=1 S16=1 Y15=1 X15=1 Z15=16 C15=1 R15=1 S15=1 Y14=1 X14=1 Z14=16 C14=1 R14=1 S14=1 Y13=1 X13=1 Z13=16 C13=1 R13=1 S13=1 Y12=1 X12=1 Z12=8 C12=1 R12=1 S12=1 Y11=1 X11=1 Z11=8 C11=1 R11=1 S11=1 Y10=1 X10=1 Z10=8 C10=1 R10=1 S10=1 Y9=1 X9=1 Z9=8 C9=1 R9=1 S9=1 Y8=1 X8=1 Z8=4 C8=1 R8=1 S8=1 Y7=1 X7=1 Z7=4 C7=1 R7=1 S7=1 Y6=1 X6=1 Z6=4 C6=1 R6=1 S6=1 Y5=1 X5=1 Z5=4 C5=1 R5=1 S5=1 Y4=1 X4=1 Z4=2 C4=1 R4=1 S4=1 Y3=1 X3=1 Z3=2 C3=1 R3=1 S3=1 Y2=1 X2=1 Z2=2 C2=1 R2=1 S2=1 Y1=1 X1=1 Z1=2 C1=1 R1=1 S1=1 Y0=1 X0=1 Z0=1 C0=1 R0=1 S0=1] OutRegister[P=1 Q=1 Z16=16 C16=1 R16=1 S16=1 Y15=1 X15=1 Z15=1 C15=1 R15=1 S15=1 Y14=1 X14=1 Z14=1 C14=1 R14=1 S14=1 Y13=1 X13=1 Z13=1 C13=1 R13=1 S13=1 Y12=1 X12=1 Z12=1 C12=1 R12=1 S12=1 Y11=1 X11=1 Z11=1 C11=1 R11=1 S11=1 Y10=1 X10=1 Z10=1 C10=1 R10=1 S10=1 Y9=1 X9=1 Z9=1 C9=1 R9=1 S9=1 Y8=1 X8=1 Z8=1 C8=1 R8=1 S8=1 Y7=1 X7=1 Z7=1 C7=1 R7=1 S7=1 Y6=1 X6=1 Z6=1 C6=1 R6=1 S6=1 Y5=1 X5=1 Z5=1 C5=1 R5=1 S5=1 Y4=1 X4=1 Z4=1 C4=1 R4=1 S4=1 Y3=1 X3=1 Z3=1 C3=1 R3=1 S3=1 Y2=1 X2=1 Z2=1 C2=1 R2=1 S2=1 Y1=1 X1=1 Z1=1 C1=1 R1=1 S1=1 Y0=1 X0=1 Z0=1 C0=1 R0=1 S0=1] Compute] 
resnet18_17layer_2026-02-21T07:00:41.107131,resnet18,17layer,full,17,eyeriss,thesis_arch,1056,524,128,256,64,1,False,True,,1.198e+05,3.042e+06,3.70e+05,"(6237786304, 2736486144)",0.0008221660582421464,0.7023837566375732,DRAM[P=7 Q=7 Z16=1 C16=1 R16=1 S16=1 Y15=7 X15=7 Z15=1 C15=1 R15=1 S15=1 Y14=7 X14=7 Z14=1 C14=1 R14=1 S14=1 Y13=14 X13=14 Z13=1 C13=1 R13=1 S13=1 Y12=14 X12=14 Z12=1 C12=1 R12=1 S12=1 Y11=14 X11=14 Z11=1 C11=1 R11=1 S11=1 Y10=14 X10=14 Z10=1 C10=1 R10=1 S10=1 Y9=28 X9=28 Z9=1 C9=1 R9=1 S9=1 Y8=28 X8=28 Z8=1 C8=1 R8=1 S8=1 Y7=28 X7=28 Z7=1 C7=1 R7=1 S7=1 Y6=28 X6=28 Z6=1 C6=1 R6=1 S6=1 Y5=56 X5=56 Z5=1 C5=1 R5=1 S5=1 Y4=56 X4=56 Z4=1 C4=1 R4=1 S4=1 Y3=56 X3=56 Z3=1 C3=1 R3=1 S3=1 Y2=56 X2=56 Z2=1 C2=1 R2=1 S2=1 Y1=56 X1=56 Z1=1 C1=1 R1=1 S1=1 Y0=112 X0=112 Z0=1 C0=1 R0=1 S0=1] GlobalBuffer[P=1 Q=1 Z16=1 C16=1 R16=1 S16=1 Y15=1 X15=1 Z15=1 C15=1 R15=1 S15=1 Y14=1 X14=1 Z14=1 C14=1 R14=1 S14=1 Y13=1 X13=1 Z13=1 C13=1 R13=1 S13=1 Y12=1 X12=1 Z12=1 C12=1 R12=1 S12=1 Y11=1 X11=1 Z11=1 C11=1 R11=1 S11=1 Y10=1 X10=1 Z10=1 C10=1 R10=1 S10=1 Y9=1 X9=1 Z9=1 C9=1 R9=1 S9=1 Y8=1 X8=1 Z8=1 C8=1 R8=1 S8=1 Y7=1 X7=1 Z7=1 C7=1 R7=1 S7=1 Y6=1 X6=1 Z6=1 C6=1 R6=1 S6=1 Y5=1 X5=1 Z5=1 C5=1 R5=1 S5=1 Y4=1 X4=1 Z4=1 C4=1 R4=1 S4=1 Y3=1 X3=1 Z3=1 C3=1 R3=1 S3=1 Y2=1 X2=1 Z2=1 C2=1 R2=1 S2=1 Y1=1 X1=1 Z1=1 C1=1 R1=1 S1=1 Y0=1 X0=1 Z0=1 C0=1 R0=1 S0=1] SACols[Q=1 Z16=64] SARows[S16=3 C16=64 Z16=1] SACols_15[X15=1 Z15=64] SARows_15[S15=3 C15=64 Z15=1] SACols_14[X14=1 Z14=64] SARows_14[S14=3 C14=64 Z14=1] SACols_13[X13=1 Z13=64] SARows_13[S13=3 C13=64 Z13=1] SACols_12[X12=1 Z12=64] SARows_12[S12=3 C12=64 Z12=1] SACols_11[X11=1 Z11=64] SARows_11[S11=3 C11=64 Z11=1] SACols_10[X10=1 Z10=64] SARows_10[S10=3 C10=64 Z10=1] SACols_9[X9=1 Z9=64] SARows_9[S9=3 C9=64 Z9=1] SACols_8[X8=1 Z8=64] SARows_8[S8=3 C8=64 Z8=1] SACols_7[X7=1 Z7=64] SARows_7[S7=3 C7=64 Z7=1] SACols_6[X6=1 Z6=64] SARows_6[S6=3 C6=64 Z6=1] SACols_5[X5=1 Z5=64] SARows_5[S5=3 C5=64 Z5=1] SACols_4[X4=1 Z4=64] SARows_4[S4=3 C4=64 Z4=1] SACols_3[X3=1 Z3=64] SARows_3[S3=3 C3=64 Z3=1] SACols_2[X2=1 Z2=64] SARows_2[S2=3 C2=64 Z2=1] SACols_1[X1=1 Z1=64] SARows_1[S1=3 C1=64 Z1=1] SACols_0[X0=1 Z0=64] SARows_0[S0=7 C0=3 Z0=1] InRegister[P=1 Q=1 Z16=1 C16=1 R16=1 S16=1 Y15=1 X15=1 Z15=1 C15=1 R15=1 S15=1 Y14=1 X14=1 Z14=1 C14=1 R14=1 S14=1 Y13=1 X13=1 Z13=1 C13=1 R13=1 S13=1 Y12=1 X12=1 Z12=1 C12=1 R12=1 S12=1 Y11=1 X11=1 Z11=1 C11=1 R11=1 S11=1 Y10=1 X10=1 Z10=1 C10=1 R10=1 S10=1 Y9=1 X9=1 Z9=1 C9=1 R9=1 S9=1 Y8=1 X8=1 Z8=1 C8=1 R8=1 S8=1 Y7=1 X7=1 Z7=1 C7=1 R7=1 S7=1 Y6=1 X6=1 Z6=1 C6=1 R6=1 S6=1 Y5=1 X5=1 Z5=1 C5=1 R5=1 S5=1 Y4=1 X4=1 Z4=1 C4=1 R4=1 S4=1 Y3=1 X3=1 Z3=1 C3=1 R3=1 S3=1 Y2=1 X2=1 Z2=1 C2=1 R2=1 S2=1 Y1=1 X1=1 Z1=1 C1=1 R1=1 S1=1 Y0=1 X0=1 Z0=1 C0=1 R0=1 S0=1] WRegister[P=1 Q=1 Z16=1 C16=8 R16=3 S16=1 Y15=1 X15=1 Z15=1 C15=8 R15=3 S15=1 Y14=1 X14=1 Z14=1 C14=8 R14=3 S14=1 Y13=1 X13=1 Z13=1 C13=4 R13=3 S13=1 Y12=1 X12=1 Z12=1 C12=4 R12=3 S12=1 Y11=1 X11=1 Z11=1 C11=4 R11=3 S11=1 Y10=1 X10=1 Z10=1 C10=4 R10=3 S10=1 Y9=1 X9=1 Z9=1 C9=2 R9=3 S9=1 Y8=1 X8=1 Z8=1 C8=2 R8=3 S8=1 Y7=1 X7=1 Z7=1 C7=2 R7=3 S7=1 Y6=1 X6=1 Z6=1 C6=2 R6=3 S6=1 Y5=1 X5=1 Z5=1 C5=1 R5=3 S5=1 Y4=1 X4=1 Z4=1 C4=1 R4=3 S4=1 Y3=1 X3=1 Z3=1 C3=1 R3=3 S3=1 Y2=1 X2=1 Z2=1 C2=1 R2=3 S2=1 Y1=1 X1=1 Z1=1 C1=1 R1=3 S1=1 Y0=1 X0=1 Z0=1 C0=1 R0=7 S0=1] IntermediateRegister[P=1 Q=1 Z16=1 C16=1 R16=1 S16=1 Y15=1 X15=1 Z15=8 C15=1 R15=1 S15=1 Y14=1 X14=1 Z14=8 C14=1 R14=1 S14=1 Y13=1 X13=1 Z13=8 C13=1 R13=1 S13=1 Y12=1 X12=1 Z12=4 C12=1 R12=1 S12=1 Y11=1 X11=1 Z11=4 C11=1 R11=1 S11=1 Y10=1 X10=1 Z10=4 C10=1 R10=1 S10=1 Y9=1 X9=1 Z9=4 C9=1 R9=1 S9=1 Y8=1 X8=1 Z8=2 C8=1 R8=1 S8=1 Y7=1 X7=1 Z7=2 C7=1 R7=1 S7=1 Y6=1 X6=1 Z6=2 C6=1 R6=1 S6=1 Y5=1 X5=1 Z5=2 C5=1 R5=1 S5=1 Y4=1 X4=1 Z4=1 C4=1 R4=1 S4=1 Y3=1 X3=1 Z3=1 C3=1 R3=1 S3=1 Y2=1 X2=1 Z2=1 C2=1 R2=1 S2=1 Y1=1 X1=1 Z1=1 C1=1 R1=1 S1=1 Y0=1 X0=1 Z0=1 C0=1 R0=1 S0=1] OutRegister[P=1 Q=1 Z16=8 C16=1 R16=1 S16=1 Y15=1 X15=1 Z15=1 C15=1 R15=1 S15=1 Y14=1 X14=1 Z14=1 C14=1 R14=1 S14=1 Y13=1 X13=1 Z13=1 C13=1 R13=1 S13=1 Y12=1 X12=1 Z12=1 C12=1 R12=1 S12=1 Y11=1 X11=1 Z11=1 C11=1 R11=1 S11=1 Y10=1 X10=1 Z10=1 C10=1 R10=1 S10=1 Y9=1 X9=1 Z9=1 C9=1 R9=1 S9=1 Y8=1 X8=1 Z8=1 C8=1 R8=1 S8=1 Y7=1 X7=1 Z7=1 C7=1 R7=1 S7=1 Y6=1 X6=1 Z6=1 C6=1 R6=1 S6=1 Y5=1 X5=1 Z5=1 C5=1 R5=1 S5=1 Y4=1 X4=1 Z4=1 C4=1 R4=1 S4=1 Y3=1 X3=1 Z3=1 C3=1 R3=1 S3=1 Y2=1 X2=1 Z2=1 C2=1 R2=1 S2=1 Y1=1 X1=1 Z1=1 C1=1 R1=1 S1=1 Y0=1 X0=1 Z0=1 C0=1 R0=1 S0=1] Compute] 
resnet18_17layer_2026-02-21T07:00:42.516118,resnet18,17layer,full,17,eyeriss,thesis_arch,1056,524,128,512,4,1,False,False,"Ill-posed constraints:
CONSTRAINTS VIOLATION: Arch: Eyeriss_Constrained_17L_tile1_4x512 -> Level: WRegister: memory footprint: 7159 VS memory available: 4000
CONSTRAINTS VIOLATION: Arch: Eyeriss_Constrained_17L_tile1_4x512 -> Level: IntermediateRegister: memory footprint: 785 VS memory available: 200
CONSTRAINTS VIOLATION: Arch: Eyeriss_Constrained_17L_tile1_4x512 -> Level: OutRegister: memory footprint: 128 VS memory available: 64",0.000e+00,0.000e+00,0.00e+00,0,0.0,0.0,
resnet18_17layer_2026-02-21T07:00:43.046032,resnet18,17layer,full,17,eyeriss,thesis_arch,1056,524,128,512,16,1,False,True,,1.179e+05,3.042e+06,3.62e+05,"(5821124800, 2890626816)",0.0016443321164842928,0.59568190574646,DRAM[P=7 Q=7 Z16=1 C16=1 R16=1 S16=1 Y15=7 X15=7 Z15=1 C15=1 R15=1 S15=1 Y14=7 X14=7 Z14=1 C14=1 R14=1 S14=1 Y13=14 X13=14 Z13=1 C13=1 R13=1 S13=1 Y12=14 X12=14 Z12=1 C12=1 R12=1 S12=1 Y11=14 X11=14 Z11=1 C11=1 R11=1 S11=1 Y10=14 X10=14 Z10=1 C10=1 R10=1 S10=1 Y9=28 X9=28 Z9=1 C9=1 R9=1 S9=1 Y8=28 X8=28 Z8=1 C8=1 R8=1 S8=1 Y7=28 X7=28 Z7=1 C7=1 R7=1 S7=1 Y6=28 X6=28 Z6=1 C6=1 R6=1 S6=1 Y5=56 X5=56 Z5=1 C5=1 R5=1 S5=1 Y4=56 X4=56 Z4=1 C4=1 R4=1 S4=1 Y3=56 X3=56 Z3=1 C3=1 R3=1 S3=1 Y2=56 X2=56 Z2=1 C2=1 R2=1 S2=1 Y1=56 X1=56 Z1=1 C1=1 R1=1 S1=1 Y0=112 X0=112 Z0=1 C0=1 R0=1 S0=1] GlobalBuffer[P=1 Q=1 Z16=1 C16=1 R16=1 S16=1 Y15=1 X15=1 Z15=1 C15=1 R15=1 S15=1 Y14=1 X14=1 Z14=1 C14=1 R14=1 S14=1 Y13=1 X13=1 Z13=1 C13=1 R13=1 S13=1 Y12=1 X12=1 Z12=1 C12=1 R12=1 S12=1 Y11=1 X11=1 Z11=1 C11=1 R11=1 S11=1 Y10=1 X10=1 Z10=1 C10=1 R10=1 S10=1 Y9=1 X9=1 Z9=1 C9=1 R9=1 S9=1 Y8=1 X8=1 Z8=1 C8=1 R8=1 S8=1 Y7=1 X7=1 Z7=1 C7=1 R7=1 S7=1 Y6=1 X6=1 Z6=1 C6=1 R6=1 S6=1 Y5=1 X5=1 Z5=1 C5=1 R5=1 S5=1 Y4=1 X4=1 Z4=1 C4=1 R4=1 S4=1 Y3=1 X3=1 Z3=1 C3=1 R3=1 S3=1 Y2=1 X2=1 Z2=1 C2=1 R2=1 S2=1 Y1=1 X1=1 Z1=1 C1=1 R1=1 S1=1 Y0=1 X0=1 Z0=1 C0=1 R0=1 S0=1] SACols[Q=1 Z16=16] SARows[S16=3 C16=128 Z16=1] SACols_15[X15=1 Z15=16] SARows_15[S15=3 C15=128 Z15=1] SACols_14[X14=1 Z14=16] SARows_14[S14=3 C14=128 Z14=1] SACols_13[X13=1 Z13=16] SARows_13[S13=3 C13=128 Z13=1] SACols_12[X12=1 Z12=16] SARows_12[S12=3 C12=128 Z12=1] SACols_11[X11=1 Z11=16] SARows_11[S11=3 C11=128 Z11=1] SACols_10[X10=1 Z10=16] SARows_10[S10=3 C10=128 Z10=1] SACols_9[X9=1 Z9=16] SARows_9[S9=3 C9=128 Z9=1] SACols_8[X8=1 Z8=16] SARows_8[S8=3 C8=128 Z8=1] SACols_7[X7=1 Z7=16] SARows_7[S7=3 C7=128 Z7=1] SACols_6[X6=1 Z6=16] SARows_6[S6=3 C6=128 Z6=1] SACols_5[X5=1 Z5=16] SARows_5[S5=3 C5=64 Z5=2] SACols_4[X4=1 Z4=16] SARows_4[S4=3 C4=64 Z4=2] SACols_3[X3=1 Z3=16] SARows_3[S3=3 C3=64 Z3=2] SACols_2[X2=1 Z2=16] SARows_2[S2=3 C2=64 Z2=2] SACols_1[X1=1 Z1=16] SARows_1[S1=3 C1=64 Z1=2] SACols_0[X0=1 Z0=16] SARows_0[S0=7 C0=3 Z0=4] InRegister[P=1 Q=1 Z16=1 C16=1 R16=1 S16=1 Y15=1 X15=1 Z15=1 C15=1 R15=1 S15=1 Y14=1 X14=1 Z14=1 C14=1 R14=1 S14=1 Y13=1 X13=1 Z13=1 C13=1 R13=1 S13=1 Y12=1 X12=1 Z12=1 C12=1 R12=1 S12=1 Y11=1 X11=1 Z11=1 C11=1 R11=1 S11=1 Y10=1 X10=1 Z10=1 C10=1 R10=1 S10=1 Y9=1 X9=1 Z9=1 C9=1 R9=1 S9=1 Y8=1 X8=1 Z8=1 C8=1 R8=1 S8=1 Y7=1 X7=1 Z7=1 C7=1 R7=1 S7=1 Y6=1 X6=1 Z6=1 C6=1 R6=1 S6=1 Y5=1 X5=1 Z5=1 C5=1 R5=1 S5=1 Y4=1 X4=1 Z4=1 C4=1 R4=1 S4=1 Y3=1 X3=1 Z3=1 C3=1 R3=1 S3=1 Y2=1 X2=1 Z2=1 C2=1 R2=1 S2=1 Y1=1 X1=1 Z1=1 C1=1 R1=1 S1=1 Y0=1 X0=1 Z0=1 C0=1 R0=1 S0=1] WRegister[P=1 Q=1 Z16=1 C16=4 R16=3 S16=1 Y15=1 X15=1 Z15=1 C15=4 R15=3 S15=1 Y14=1 X14=1 Z14=1 C14=4 R14=3 S14=1 Y13=1 X13=1 Z13=1 C13=2 R13=3 S13=1 Y12=1 X12=1 Z12=1 C12=2 R12=3 S12=1 Y11=1 X11=1 Z11=1 C11=2 R11=3 S11=1 Y10=1 X10=1 Z10=1 C10=2 R10=3 S10=1 Y9=1 X9=1 Z9=1 C9=1 R9=3 S9=1 Y8=1 X8=1 Z8=1 C8=1 R8=3 S8=1 Y7=1 X7=1 Z7=1 C7=1 R7=3 S7=1 Y6=1 X6=1 Z6=1 C6=1 R6=3 S6=1 Y5=1 X5=1 Z5=1 C5=1 R5=3 S5=1 Y4=1 X4=1 Z4=1 C4=1 R4=3 S4=1 Y3=1 X3=1 Z3=1 C3=1 R3=3 S3=1 Y2=1 X2=1 Z2=1 C2=1 R2=3 S2=1 Y1=1 X1=1 Z1=1 C1=1 R1=3 S1=1 Y0=1 X0=1 Z0=1 C0=1 R0=7 S0=1] IntermediateRegister[P=1 Q=1 Z16=1 C16=1 R16=1 S16=1 Y15=1 X15=1 Z15=32 C15=1 R15=1 S15=1 Y14=1 X14=1 Z14=32 C14=1 R14=1 S14=1 Y13=1 X13=1 Z13=32 C13=1 R13=1 S13=1 Y12=1 X12=1 Z12=16 C12=1 R12=1 S12=1 Y11=1 X11=1 Z11=16 C11=1 R11=1 S11=1 Y10=1 X10=1 Z10=16 C10=1 R10=1 S10=1 Y9=1 X9=1 Z9=16 C9=1 R9=1 S9=1 Y8=1 X8=1 Z8=8 C8=1 R8=1 S8=1 Y7=1 X7=1 Z7=8 C7=1 R7=1 S7=1 Y6=1 X6=1 Z6=8 C6=1 R6=1 S6=1 Y5=1 X5=1 Z5=4 C5=1 R5=1 S5=1 Y4=1 X4=1 Z4=2 C4=1 R4=1 S4=1 Y3=1 X3=1 Z3=2 C3=1 R3=1 S3=1 Y2=1 X2=1 Z2=2 C2=1 R2=1 S2=1 Y1=1 X1=1 Z1=2 C1=1 R1=1 S1=1 Y0=1 X0=1 Z0=1 C0=1 R0=1 S0=1] OutRegister[P=1 Q=1 Z16=32 C16=1 R16=1 S16=1 Y15=1 X15=1 Z15=1 C15=1 R15=1 S15=1 Y14=1 X14=1 Z14=1 C14=1 R14=1 S14=1 Y13=1 X13=1 Z13=1 C13=1 R13=1 S13=1 Y12=1 X12=1 Z12=1 C12=1 R12=1 S12=1 Y11=1 X11=1 Z11=1 C11=1 R11=1 S11=1 Y10=1 X10=1 Z10=1 C10=1 R10=1 S10=1 Y9=1 X9=1 Z9=1 C9=1 R9=1 S9=1 Y8=1 X8=1 Z8=1 C8=1 R8=1 S8=1 Y7=1 X7=1 Z7=1 C7=1 R7=1 S7=1 Y6=1 X6=1 Z6=1 C6=1 R6=1 S6=1 Y5=1 X5=1 Z5=1 C5=1 R5=1 S5=1 Y4=1 X4=1 Z4=1 C4=1 R4=1 S4=1 Y3=1 X3=1 Z3=1 C3=1 R3=1 S3=1 Y2=1 X2=1 Z2=1 C2=1 R2=1 S2=1 Y1=1 X1=1 Z1=1 C1=1 R1=1 S1=1 Y0=1 X0=1 Z0=1 C0=1 R0=1 S0=1] Compute] 
resnet18_17layer_2026-02-21T07:00:44.239765,resnet18,17layer,full,17,eyeriss,thesis_arch,1056,524,128,512,32,1,False,True,,1.196e+05,3.042e+06,3.69e+05,"(6204068032, 2890626816)",0.0008221660582421464,0.7831339836120605,DRAM[P=7 Q=7 Z16=1 C16=1 R16=1 S16=1 Y15=7 X15=7 Z15=1 C15=1 R15=1 S15=1 Y14=7 X14=7 Z14=1 C14=1 R14=1 S14=1 Y13=14 X13=14 Z13=1 C13=1 R13=1 S13=1 Y12=14 X12=14 Z12=1 C12=1 R12=1 S12=1 Y11=14 X11=14 Z11=1 C11=1 R11=1 S11=1 Y10=14 X10=14 Z10=1 C10=1 R10=1 S10=1 Y9=28 X9=28 Z9=1 C9=1 R9=1 S9=1 Y8=28 X8=28 Z8=1 C8=1 R8=1 S8=1 Y7=28 X7=28 Z7=1 C7=1 R7=1 S7=1 Y6=28 X6=28 Z6=1 C6=1 R6=1 S6=1 Y5=56 X5=56 Z5=1 C5=1 R5=1 S5=1 Y4=56 X4=56 Z4=1 C4=1 R4=1 S4=1 Y3=56 X3=56 Z3=1 C3=1 R3=1 S3=1 Y2=56 X2=56 Z2=1 C2=1 R2=1 S2=1 Y1=56 X1=56 Z1=1 C1=1 R1=1 S1=1 Y0=112 X0=112 Z0=1 C0=1 R0=1 S0=1] GlobalBuffer[P=1 Q=1 Z16=1 C16=1 R16=1 S16=1 Y15=1 X15=1 Z15=1 C15=1 R15=1 S15=1 Y14=1 X14=1 Z14=1 C14=1 R14=1 S14=1 Y13=1 X13=1 Z13=1 C13=1 R13=1 S13=1 Y12=1 X12=1 Z12=1 C12=1 R12=1 S12=1 Y11=1 X11=1 Z11=1 C11=1 R11=1 S11=1 Y10=1 X10=1 Z10=1 C10=1 R10=1 S10=1 Y9=1 X9=1 Z9=1 C9=1 R9=1 S9=1 Y8=1 X8=1 Z8=1 C8=1 R8=1 S8=1 Y7=1 X7=1 Z7=1 C7=1 R7=1 S7=1 Y6=1 X6=1 Z6=1 C6=1 R6=1 S6=1 Y5=1 X5=1 Z5=1 C5=1 R5=1 S5=1 Y4=1 X4=1 Z4=1 C4=1 R4=1 S4=1 Y3=1 X3=1 Z3=1 C3=1 R3=1 S3=1 Y2=1 X2=1 Z2=1 C2=1 R2=1 S2=1 Y1=1 X1=1 Z1=1 C1=1 R1=1 S1=1 Y0=1 X0=1 Z0=1 C0=1 R0=1 S0=1] SACols[Q=1 Z16=32] SARows[S16=3 C16=128 Z16=1] SACols_15[X15=1 Z15=32] SARows_15[S15=3 C15=128 Z15=1] SACols_14[X14=1 Z14=32] SARows_14[S14=3 C14=128 Z14=1] SACols_13[X13=1 Z13=32] SARows_13[S13=3 C13=128 Z13=1] SACols_12[X12=1 Z12=32] SARows_12[S12=3 C12=128 Z12=1] SACols_11[X11=1 Z11=32] SARows_11[S11=3 C11=128 Z11=1] SACols_10[X10=1 Z10=32] SARows_10[S10=3 C10=128 Z10=1] SACols_9[X9=1 Z9=32] SARows_9[S9=3 C9=128 Z9=1] SACols_8[X8=1 Z8=32] SARows_8[S8=3 C8=128 Z8=1] SACols_7[X7=1 Z7=32] SARows_7[S7=3 C7=128 Z7=1] SACols_6[X6=1 Z6=32] SARows_6[S6=3 C6=128 Z6=1] SACols_5[X5=1 Z5=32] SARows_5[S5=3 C5=64 Z5=2] SACols_4[X4=1 Z4=32] SARows_4[S4=3 C4=64 Z4=2] SACols_3[X3=1 Z3=32] SARows_3[S3=3 C3=64 Z3=2] SACols_2[X2=1 Z2=32] SARows_2[S2=3 C2=64 Z2=2] SACols_1[X1=1 Z1=32] SARows_1[S1=3 C1=64 Z1=2] SACols_0[X0=1 Z0=32] SARows_0[S0=7 C0=3 Z0=2] InRegister[P=1 Q=1 Z16=1 C16=1 R16=1 S16=1 Y15=1 X15=1 Z15=1 C15=1 R15=1 S15=1 Y14=1 X14=1 Z14=1 C14=1 R14=1 S14=1 Y13=1 X13=1 Z13=1 C13=1 R13=1 S13=1 Y12=1 X12=1 Z12=1 C12=1 R12=1 S12=1 Y11=1 X11=1 Z11=1 C11=1 R11=1 S11=1 Y10=1 X10=1 Z10=1 C10=1 R10=1 S10=1 Y9=1 X9=1 Z9=1 C9=1 R9=1 S9=1 Y8=1 X8=1 Z8=1 C8=1 R8=1 S8=1 Y7=1 X7=1 Z7=1 C7=1 R7=1 S7=1 Y6=1 X6=1 Z6=1 C6=1 R6=1 S6=1 Y5=1 X5=1 Z5=1 C5=1 R5=1 S5=1 Y4=1 X4=1 Z4=1 C4=1 R4=1 S4=1 Y3=1 X3=1 Z3=1 C3=1 R3=1 S3=1 Y2=1 X2=1 Z2=1 C2=1 R2=1 S2=1 Y1=1 X1=1 Z1=1 C1=1 R1=1 S1=1 Y0=1 X0=1 Z0=1 C0=1 R0=1 S0=1] WRegister[P=1 Q=1 Z16=1 C16=4 R16=3 S16=1 Y15=1 X15=1 Z15=1 C15=4 R15=3 S15=1 Y14=1 X14=1 Z14=1 C14=4 R14=3 S14=1 Y13=1 X13=1 Z13=1 C13=2 R13=3 S13=1 Y12=1 X12=1 Z12=1 C12=2 R12=3 S12=1 Y11=1 X11=1 Z11=1 C11=2 R11=3 S11=1 Y10=1 X10=1 Z10=1 C10=2 R10=3 S10=1 Y9=1 X9=1 Z9=1 C9=1 R9=3 S9=1 Y8=1 X8=1 Z8=1 C8=1 R8=3 S8=1 Y7=1 X7=1 Z7=1 C7=1 R7=3 S7=1 Y6=1 X6=1 Z6=1 C6=1 R6=3 S6=1 Y5=1 X5=1 Z5=1 C5=1 R5=3 S5=1 Y4=1 X4=1 Z4=1 C4=1 R4=3 S4=1 Y3=1 X3=1 Z3=1 C3=1 R3=3 S3=1 Y2=1 X2=1 Z2=1 C2=1 R2=3 S2=1 Y1=1 X1=1 Z1=1 C1=1 R1=3 S1=1 Y0=1 X0=1 Z0=1 C0=1 R0=7 S0=1] IntermediateRegister[P=1 Q=1 Z16=1 C16=1 R16=1 S16=1 Y15=1 X15=1 Z15=16 C15=1 R15=1 S15=1 Y14=1 X14=1 Z14=16 C14=1 R14=1 S14=1 Y13=1 X13=1 Z13=16 C13=1 R13=1 S13=1 Y12=1 X12=1 Z12=8 C12=1 R12=1 S12=1 Y11=1 X11=1 Z11=8 C11=1 R11=1 S11=1 Y10=1 X10=1 Z10=8 C10=1 R10=1 S10=1 Y9=1 X9=1 Z9=8 C9=1 R9=1 S9=1 Y8=1 X8=1 Z8=4 C8=1 R8=1 S8=1 Y7=1 X7=1 Z7=4 C7=1 R7=1 S7=1 Y6=1 X6=1 Z6=4 C6=1 R6=1 S6=1 Y5=1 X5=1 Z5=2 C5=1 R5=1 S5=1 Y4=1 X4=1 Z4=1 C4=1 R4=1 S4=1 Y3=1 X3=1 Z3=1 C3=1 R3=1 S3=1 Y2=1 X2=1 Z2=1 C2=1 R2=1 S2=1 Y1=1 X1=1 Z1=1 C1=1 R1=1 S1=1 Y0=1 X0=1 Z0=1 C0=1 R0=1 S0=1] OutRegister[P=1 Q=1 Z16=16 C16=1 R16=1 S16=1 Y15=1 X15=1 Z15=1 C15=1 R15=1 S15=1 Y14=1 X14=1 Z14=1 C14=1 R14=1 S14=1 Y13=1 X13=1 Z13=1 C13=1 R13=1 S13=1 Y12=1 X12=1 Z12=1 C12=1 R12=1 S12=1 Y11=1 X11=1 Z11=1 C11=1 R11=1 S11=1 Y10=1 X10=1 Z10=1 C10=1 R10=1 S10=1 Y9=1 X9=1 Z9=1 C9=1 R9=1 S9=1 Y8=1 X8=1 Z8=1 C8=1 R8=1 S8=1 Y7=1 X7=1 Z7=1 C7=1 R7=1 S7=1 Y6=1 X6=1 Z6=1 C6=1 R6=1 S6=1 Y5=1 X5=1 Z5=1 C5=1 R5=1 S5=1 Y4=1 X4=1 Z4=1 C4=1 R4=1 S4=1 Y3=1 X3=1 Z3=1 C3=1 R3=1 S3=1 Y2=1 X2=1 Z2=1 C2=1 R2=1 S2=1 Y1=1 X1=1 Z1=1 C1=1 R1=1 S1=1 Y0=1 X0=1 Z0=1 C0=1 R0=1 S0=1] Compute] 
resnet18_17layer_2026-02-21T07:00:45.972060,resnet18,17layer,full,17,eyeriss,thesis_arch,1056,524,128,4,4,1,False,False,"Arch: Eyeriss_Constrained_17L_tile1_4x4 -> Level: SARows_0: Failed to fit comp to arch because the level's constraint (S0: 4) does not divide comp dimension S0 (7) exactly. To compensate, consider setting 'Settings.PADDED_MAPPINGS' to True.",0.000e+00,0.000e+00,0.00e+00,0,0.0,0.0,
resnet18_17layer_2026-02-21T07:00:46.843869,resnet18,17layer,full,17,eyeriss,thesis_arch,1056,524,128,4,16,1,False,False,"Arch: Eyeriss_Constrained_17L_tile1_16x4 -> Level: SARows_0: Failed to fit comp to arch because the level's constraint (S0: 4) does not divide comp dimension S0 (7) exactly. To compensate, consider setting 'Settings.PADDED_MAPPINGS' to True.",0.000e+00,0.000e+00,0.00e+00,0,0.0,0.0,
resnet18_17layer_2026-02-21T07:00:47.569525,resnet18,17layer,full,17,eyeriss,thesis_arch,1056,524,128,4,32,1,False,False,"Arch: Eyeriss_Constrained_17L_tile1_32x4 -> Level: SARows_0: Failed to fit comp to arch because the level's constraint (S0: 4) does not divide comp dimension S0 (7) exactly. To compensate, consider setting 'Settings.PADDED_MAPPINGS' to True.",0.000e+00,0.000e+00,0.00e+00,0,0.0,0.0,
resnet18_17layer_2026-02-21T07:00:48.346101,resnet18,17layer,full,17,eyeriss,thesis_arch,1056,524,128,4,64,1,False,False,"Arch: Eyeriss_Constrained_17L_tile1_64x4 -> Level: SARows_0: Failed to fit comp to arch because the level's constraint (S0: 4) does not divide comp dimension S0 (7) exactly. To compensate, consider setting 'Settings.PADDED_MAPPINGS' to True.",0.000e+00,0.000e+00,0.00e+00,0,0.0,0.0,
resnet18_17layer_2026-02-21T07:00:48.968885,resnet18,17layer,full,17,eyeriss,thesis_arch,1056,524,128,4,128,1,False,False,"Arch: Eyeriss_Constrained_17L_tile1_128x4 -> Level: SARows_0: Failed to fit comp to arch because the level's constraint (S0: 4) does not divide comp dimension S0 (7) exactly. To compensate, consider setting 'Settings.PADDED_MAPPINGS' to True.",0.000e+00,0.000e+00,0.00e+00,0,0.0,0.0,
resnet18_17layer_2026-02-21T07:00:49.487329,resnet18,17layer,full,17,eyeriss,thesis_arch,1056,524,128,4,256,1,False,False,"Arch: Eyeriss_Constrained_17L_tile1_256x4 -> Level: SARows_0: Failed to fit comp to arch because the level's constraint (S0: 4) does not divide comp dimension S0 (7) exactly. To compensate, consider setting 'Settings.PADDED_MAPPINGS' to True.",0.000e+00,0.000e+00,0.00e+00,0,0.0,0.0,
resnet18_17layer_2026-02-21T07:00:50.223136,resnet18,17layer,full,17,eyeriss,thesis_arch,1056,524,128,4,512,1,False,False,"Arch: Eyeriss_Constrained_17L_tile1_512x4 -> Level: SARows_0: Failed to fit comp to arch because the level's constraint (S0: 4) does not divide comp dimension S0 (7) exactly. To compensate, consider setting 'Settings.PADDED_MAPPINGS' to True.",0.000e+00,0.000e+00,0.00e+00,0,0.0,0.0,
resnet18_17layer_2026-02-21T07:00:50.858839,resnet18,17layer,full,17,eyeriss,thesis_arch,1056,524,128,16,4,1,False,False,"Ill-posed constraints:
CONSTRAINTS VIOLATION: Arch: Eyeriss_Constrained_17L_tile1_4x16 -> Level: InRegister: memory footprint: 2584 VS memory available: 400
CONSTRAINTS VIOLATION: Arch: Eyeriss_Constrained_17L_tile1_4x16 -> Level: WRegister: memory footprint: 229032 VS memory available: 4000
CONSTRAINTS VIOLATION: Arch: Eyeriss_Constrained_17L_tile1_4x16 -> Level: IntermediateRegister: memory footprint: 840 VS memory available: 400
CONSTRAINTS VIOLATION: Arch: Eyeriss_Constrained_17L_tile1_4x16 -> Level: OutRegister: memory footprint: 128 VS memory available: 64",0.000e+00,0.000e+00,0.00e+00,0,0.0,0.0,
resnet18_17layer_2026-02-21T07:00:51.492716,resnet18,17layer,full,17,eyeriss,thesis_arch,1056,524,128,16,16,1,False,False,"Ill-posed constraints:
CONSTRAINTS VIOLATION: Arch: Eyeriss_Constrained_17L_tile1_16x16 -> Level: InRegister: memory footprint: 2584 VS memory available: 400
CONSTRAINTS VIOLATION: Arch: Eyeriss_Constrained_17L_tile1_16x16 -> Level: WRegister: memory footprint: 57258 VS memory available: 4000",0.000e+00,0.000e+00,0.00e+00,0,0.0,0.0,
resnet18_17layer_2026-02-21T07:00:52.035562,resnet18,17layer,full,17,eyeriss,thesis_arch,1056,524,128,16,32,1,False,False,"Ill-posed constraints:
CONSTRAINTS VIOLATION: Arch: Eyeriss_Constrained_17L_tile1_32x16 -> Level: InRegister: memory footprint: 2584 VS memory available: 400
CONSTRAINTS VIOLATION: Arch: Eyeriss_Constrained_17L_tile1_32x16 -> Level: WRegister: memory footprint: 28629 VS memory available: 4000",0.000e+00,0.000e+00,0.00e+00,0,0.0,0.0,
resnet18_17layer_2026-02-21T07:00:52.539873,resnet18,17layer,full,17,eyeriss,thesis_arch,1056,524,128,16,64,1,False,False,"Ill-posed constraints:
CONSTRAINTS VIOLATION: Arch: Eyeriss_Constrained_17L_tile1_64x16 -> Level: InRegister: memory footprint: 2584 VS memory available: 400
CONSTRAINTS VIOLATION: Arch: Eyeriss_Constrained_17L_tile1_64x16 -> Level: WRegister: memory footprint: 14325 VS memory available: 4000",0.000e+00,0.000e+00,0.00e+00,0,0.0,0.0,
resnet18_17layer_2026-02-21T07:00:53.313577,resnet18,17layer,full,17,eyeriss,thesis_arch,1056,524,128,16,128,1,False,False,"Ill-posed constraints:
CONSTRAINTS VIOLATION: Arch: Eyeriss_Constrained_17L_tile1_128x16 -> Level: InRegister: memory footprint: 2584 VS memory available: 400
CONSTRAINTS VIOLATION: Arch: Eyeriss_Constrained_17L_tile1_128x16 -> Level: WRegister: memory footprint: 7269 VS memory available: 4000",0.000e+00,0.000e+00,0.00e+00,0,0.0,0.0,
resnet18_17layer_2026-02-21T07:00:53.821515,resnet18,17layer,full,17,eyeriss,thesis_arch,1056,524,128,16,256,1,False,False,"Ill-posed constraints:
CONSTRAINTS VIOLATION: Arch: Eyeriss_Constrained_17L_tile1_256x16 -> Level: InRegister: memory footprint: 2584 VS memory available: 400",0.000e+00,0.000e+00,0.00e+00,0,0.0,0.0,
resnet18_17layer_2026-02-21T07:00:54.432377,resnet18,17layer,full,17,eyeriss,thesis_arch,1056,524,128,16,512,1,False,False,"Ill-posed constraints:
CONSTRAINTS VIOLATION: Arch: Eyeriss_Constrained_17L_tile1_512x16 -> Level: InRegister: memory footprint: 2584 VS memory available: 400",0.000e+00,0.000e+00,0.00e+00,0,0.0,0.0,
resnet18_17layer_2026-02-21T07:00:55.143856,resnet18,17layer,full,17,eyeriss,thesis_arch,1056,524,128,32,4,1,False,False,"Ill-posed constraints:
CONSTRAINTS VIOLATION: Arch: Eyeriss_Constrained_17L_tile1_4x32 -> Level: InRegister: memory footprint: 1286 VS memory available: 400
CONSTRAINTS VIOLATION: Arch: Eyeriss_Constrained_17L_tile1_4x32 -> Level: WRegister: memory footprint: 114544 VS memory available: 4000
CONSTRAINTS VIOLATION: Arch: Eyeriss_Constrained_17L_tile1_4x32 -> Level: IntermediateRegister: memory footprint: 848 VS memory available: 400
CONSTRAINTS VIOLATION: Arch: Eyeriss_Constrained_17L_tile1_4x32 -> Level: OutRegister: memory footprint: 128 VS memory available: 64",0.000e+00,0.000e+00,0.00e+00,0,0.0,0.0,
resnet18_17layer_2026-02-21T07:00:55.702196,resnet18,17layer,full,17,eyeriss,thesis_arch,1056,524,128,32,16,1,False,False,"Ill-posed constraints:
CONSTRAINTS VIOLATION: Arch: Eyeriss_Constrained_17L_tile1_16x32 -> Level: InRegister: memory footprint: 1286 VS memory available: 400
CONSTRAINTS VIOLATION: Arch: Eyeriss_Constrained_17L_tile1_16x32 -> Level: WRegister: memory footprint: 28636 VS memory available: 4000",0.000e+00,0.000e+00,0.00e+00,0,0.0,0.0,
resnet18_17layer_2026-02-21T07:00:56.444993,resnet18,17layer,full,17,eyeriss,thesis_arch,1056,524,128,32,32,1,False,False,"Ill-posed constraints:
CONSTRAINTS VIOLATION: Arch: Eyeriss_Constrained_17L_tile1_32x32 -> Level: InRegister: memory footprint: 1286 VS memory available: 400
CONSTRAINTS VIOLATION: Arch: Eyeriss_Constrained_17L_tile1_32x32 -> Level: WRegister: memory footprint: 14318 VS memory available: 4000",0.000e+00,0.000e+00,0.00e+00,0,0.0,0.0,
resnet18_17layer_2026-02-21T07:00:57.068404,resnet18,17layer,full,17,eyeriss,thesis_arch,1056,524,128,32,64,1,False,False,"Ill-posed constraints:
CONSTRAINTS VIOLATION: Arch: Eyeriss_Constrained_17L_tile1_64x32 -> Level: InRegister: memory footprint: 1286 VS memory available: 400
CONSTRAINTS VIOLATION: Arch: Eyeriss_Constrained_17L_tile1_64x32 -> Level: WRegister: memory footprint: 7159 VS memory available: 4000",0.000e+00,0.000e+00,0.00e+00,0,0.0,0.0,
resnet18_17layer_2026-02-21T07:00:57.466512,resnet18,17layer,full,17,eyeriss,thesis_arch,1056,524,128,32,128,1,False,False,"Ill-posed constraints:
CONSTRAINTS VIOLATION: Arch: Eyeriss_Constrained_17L_tile1_128x32 -> Level: InRegister: memory footprint: 1286 VS memory available: 400",0.000e+00,0.000e+00,0.00e+00,0,0.0,0.0,
resnet18_17layer_2026-02-21T07:00:57.977534,resnet18,17layer,full,17,eyeriss,thesis_arch,1056,524,128,32,256,1,False,False,"Ill-posed constraints:
CONSTRAINTS VIOLATION: Arch: Eyeriss_Constrained_17L_tile1_256x32 -> Level: InRegister: memory footprint: 1286 VS memory available: 400",0.000e+00,0.000e+00,0.00e+00,0,0.0,0.0,
resnet18_17layer_2026-02-21T07:00:58.598414,resnet18,17layer,full,17,eyeriss,thesis_arch,1056,524,128,32,512,1,False,False,"Ill-posed constraints:
CONSTRAINTS VIOLATION: Arch: Eyeriss_Constrained_17L_tile1_512x32 -> Level: InRegister: memory footprint: 1286 VS memory available: 400",0.000e+00,0.000e+00,0.00e+00,0,0.0,0.0,
resnet18_17layer_2026-02-21T07:00:59.220610,resnet18,17layer,full,17,eyeriss,thesis_arch,1056,524,128,64,4,1,False,False,"Ill-posed constraints:
CONSTRAINTS VIOLATION: Arch: Eyeriss_Constrained_17L_tile1_4x64 -> Level: InRegister: memory footprint: 650 VS memory available: 400
CONSTRAINTS VIOLATION: Arch: Eyeriss_Constrained_17L_tile1_4x64 -> Level: WRegister: memory footprint: 57272 VS memory available: 4000
CONSTRAINTS VIOLATION: Arch: Eyeriss_Constrained_17L_tile1_4x64 -> Level: IntermediateRegister: memory footprint: 840 VS memory available: 400
CONSTRAINTS VIOLATION: Arch: Eyeriss_Constrained_17L_tile1_4x64 -> Level: OutRegister: memory footprint: 128 VS memory available: 64",0.000e+00,0.000e+00,0.00e+00,0,0.0,0.0,
resnet18_17layer_2026-02-21T07:00:59.923006,resnet18,17layer,full,17,eyeriss,thesis_arch,1056,524,128,64,16,1,False,False,"Ill-posed constraints:
CONSTRAINTS VIOLATION: Arch: Eyeriss_Constrained_17L_tile1_16x64 -> Level: InRegister: memory footprint: 650 VS memory available: 400
CONSTRAINTS VIOLATION: Arch: Eyeriss_Constrained_17L_tile1_16x64 -> Level: WRegister: memory footprint: 14318 VS memory available: 4000",0.000e+00,0.000e+00,0.00e+00,0,0.0,0.0,
resnet18_17layer_2026-02-21T07:01:00.460834,resnet18,17layer,full,17,eyeriss,thesis_arch,1056,524,128,64,32,1,False,False,"Ill-posed constraints:
CONSTRAINTS VIOLATION: Arch: Eyeriss_Constrained_17L_tile1_32x64 -> Level: InRegister: memory footprint: 650 VS memory available: 400
CONSTRAINTS VIOLATION: Arch: Eyeriss_Constrained_17L_tile1_32x64 -> Level: WRegister: memory footprint: 7159 VS memory available: 4000",0.000e+00,0.000e+00,0.00e+00,0,0.0,0.0,
resnet18_17layer_2026-02-21T07:01:00.981767,resnet18,17layer,full,17,eyeriss,thesis_arch,1056,524,128,64,64,1,False,False,"Ill-posed constraints:
CONSTRAINTS VIOLATION: Arch: Eyeriss_Constrained_17L_tile1_64x64 -> Level: InRegister: memory footprint: 650 VS memory available: 400",0.000e+00,0.000e+00,0.00e+00,0,0.0,0.0,
resnet18_17layer_2026-02-21T07:01:01.623304,resnet18,17layer,full,17,eyeriss,thesis_arch,1056,524,128,64,128,1,False,False,"Ill-posed constraints:
CONSTRAINTS VIOLATION: Arch: Eyeriss_Constrained_17L_tile1_128x64 -> Level: InRegister: memory footprint: 650 VS memory available: 400",0.000e+00,0.000e+00,0.00e+00,0,0.0,0.0,
resnet18_17layer_2026-02-21T07:01:02.370497,resnet18,17layer,full,17,eyeriss,thesis_arch,1056,524,128,64,256,1,False,False,"Ill-posed constraints:
CONSTRAINTS VIOLATION: Arch: Eyeriss_Constrained_17L_tile1_256x64 -> Level: InRegister: memory footprint: 650 VS memory available: 400",0.000e+00,0.000e+00,0.00e+00,0,0.0,0.0,
resnet18_17layer_2026-02-21T07:01:03.235685,resnet18,17layer,full,17,eyeriss,thesis_arch,1056,524,128,128,4,1,False,False,"Ill-posed constraints:
CONSTRAINTS VIOLATION: Arch: Eyeriss_Constrained_17L_tile1_4x128 -> Level: WRegister: memory footprint: 28636 VS memory available: 4000
CONSTRAINTS VIOLATION: Arch: Eyeriss_Constrained_17L_tile1_4x128 -> Level: IntermediateRegister: memory footprint: 836 VS memory available: 400
CONSTRAINTS VIOLATION: Arch: Eyeriss_Constrained_17L_tile1_4x128 -> Level: OutRegister: memory footprint: 128 VS memory available: 64",0.000e+00,0.000e+00,0.00e+00,0,0.0,0.0,
resnet18_17layer_2026-02-21T07:01:03.807872,resnet18,17layer,full,17,eyeriss,thesis_arch,1056,524,128,128,16,1,False,False,"Ill-posed constraints:
CONSTRAINTS VIOLATION: Arch: Eyeriss_Constrained_17L_tile1_16x128 -> Level: WRegister: memory footprint: 7159 VS memory available: 4000",0.000e+00,0.000e+00,0.00e+00,0,0.0,0.0,
resnet18_17layer_2026-02-21T07:01:04.640970,resnet18,17layer,full,17,eyeriss,thesis_arch,1056,524,128,128,32,1,False,True,,1.273e+05,3.059e+06,3.93e+05,"(5568237760, 2543810304)",0.0032886642329685856,0.8973329067230225,DRAM[P=7 Q=7 Z16=1 C16=1 R16=1 S16=1 Y15=7 X15=7 Z15=1 C15=1 R15=1 S15=1 Y14=7 X14=7 Z14=1 C14=1 R14=1 S14=1 Y13=14 X13=14 Z13=1 C13=1 R13=1 S13=1 Y12=14 X12=14 Z12=1 C12=1 R12=1 S12=1 Y11=14 X11=14 Z11=1 C11=1 R11=1 S11=1 Y10=14 X10=14 Z10=1 C10=1 R10=1 S10=1 Y9=28 X9=28 Z9=1 C9=1 R9=1 S9=1 Y8=28 X8=28 Z8=1 C8=1 R8=1 S8=1 Y7=28 X7=28 Z7=1 C7=1 R7=1 S7=1 Y6=28 X6=28 Z6=1 C6=1 R6=1 S6=1 Y5=56 X5=56 Z5=1 C5=1 R5=1 S5=1 Y4=56 X4=56 Z4=1 C4=1 R4=1 S4=1 Y3=56 X3=56 Z3=1 C3=1 R3=1 S3=1 Y2=56 X2=56 Z2=1 C2=1 R2=1 S2=1 Y1=56 X1=56 Z1=1 C1=1 R1=1 S1=1 Y0=112 X0=112 Z0=1 C0=1 R0=1 S0=1] GlobalBuffer[P=1 Q=1 Z16=1 C16=1 R16=1 S16=1 Y15=1 X15=1 Z15=1 C15=1 R15=1 S15=1 Y14=1 X14=1 Z14=1 C14=1 R14=1 S14=1 Y13=1 X13=1 Z13=1 C13=1 R13=1 S13=1 Y12=1 X12=1 Z12=1 C12=1 R12=1 S12=1 Y11=1 X11=1 Z11=1 C11=1 R11=1 S11=1 Y10=1 X10=1 Z10=1 C10=1 R10=1 S10=1 Y9=1 X9=1 Z9=1 C9=1 R9=1 S9=1 Y8=1 X8=1 Z8=1 C8=1 R8=1 S8=1 Y7=1 X7=1 Z7=1 C7=1 R7=1 S7=1 Y6=1 X6=1 Z6=1 C6=1 R6=1 S6=1 Y5=1 X5=1 Z5=1 C5=1 R5=1 S5=1 Y4=1 X4=1 Z4=1 C4=1 R4=1 S4=1 Y3=1 X3=1 Z3=1 C3=1 R3=1 S3=1 Y2=1 X2=1 Z2=1 C2=1 R2=1 S2=1 Y1=1 X1=1 Z1=1 C1=1 R1=1 S1=1 Y0=1 X0=1 Z0=1 C0=1 R0=1 S0=1] SACols[Q=1 Z16=32] SARows[S16=3 C16=32 Z16=1] SACols_15[X15=1 Z15=32] SARows_15[S15=3 C15=32 Z15=1] SACols_14[X14=1 Z14=32] SARows_14[S14=3 C14=32 Z14=1] SACols_13[X13=1 Z13=32] SARows_13[S13=3 C13=32 Z13=1] SACols_12[X12=1 Z12=32] SARows_12[S12=3 C12=32 Z12=1] SACols_11[X11=1 Z11=32] SARows_11[S11=3 C11=32 Z11=1] SACols_10[X10=1 Z10=32] SARows_10[S10=3 C10=32 Z10=1] SACols_9[X9=1 Z9=32] SARows_9[S9=3 C9=32 Z9=1] SACols_8[X8=1 Z8=32] SARows_8[S8=3 C8=32 Z8=1] SACols_7[X7=1 Z7=32] SARows_7[S7=3 C7=32 Z7=1] SACols_6[X6=1 Z6=32] SARows_6[S6=3 C6=32 Z6=1] SACols_5[X5=1 Z5=32] SARows_5[S5=3 C5=32 Z5=1] SACols_4[X4=1 Z4=32] SARows_4[S4=3 C4=32 Z4=1] SACols_3[X3=1 Z3=32] SARows_3[S3=3 C3=32 Z3=1] SACols_2[X2=1 Z2=32] SARows_2[S2=3 C2=32 Z2=1] SACols_1[X1=1 Z1=32] SARows_1[S1=3 C1=32 Z1=1] SACols_0[X0=1 Z0=32] SARows_0[S0=7 C0=3 Z0=2] InRegister[P=1 Q=1 Z16=1 C16=1 R16=1 S16=1 Y15=1 X15=1 Z15=1 C15=1 R15=1 S15=1 Y14=1 X14=1 Z14=1 C14=1 R14=1 S14=1 Y13=1 X13=1 Z13=1 C13=1 R13=1 S13=1 Y12=1 X12=1 Z12=1 C12=1 R12=1 S12=1 Y11=1 X11=1 Z11=1 C11=1 R11=1 S11=1 Y10=1 X10=1 Z10=1 C10=1 R10=1 S10=1 Y9=1 X9=1 Z9=1 C9=1 R9=1 S9=1 Y8=1 X8=1 Z8=1 C8=1 R8=1 S8=1 Y7=1 X7=1 Z7=1 C7=1 R7=1 S7=1 Y6=1 X6=1 Z6=1 C6=1 R6=1 S6=1 Y5=1 X5=1 Z5=1 C5=1 R5=1 S5=1 Y4=1 X4=1 Z4=1 C4=1 R4=1 S4=1 Y3=1 X3=1 Z3=1 C3=1 R3=1 S3=1 Y2=1 X2=1 Z2=1 C2=1 R2=1 S2=1 Y1=1 X1=1 Z1=1 C1=1 R1=1 S1=1 Y0=1 X0=1 Z0=1 C0=1 R0=1 S0=1] WRegister[P=1 Q=1 Z16=1 C16=16 R16=3 S16=1 Y15=1 X15=1 Z15=1 C15=16 R15=3 S15=1 Y14=1 X14=1 Z14=1 C14=16 R14=3 S14=1 Y13=1 X13=1 Z13=1 C13=8 R13=3 S13=1 Y12=1 X12=1 Z12=1 C12=8 R12=3 S12=1 Y11=1 X11=1 Z11=1 C11=8 R11=3 S11=1 Y10=1 X10=1 Z10=1 C10=8 R10=3 S10=1 Y9=1 X9=1 Z9=1 C9=4 R9=3 S9=1 Y8=1 X8=1 Z8=1 C8=4 R8=3 S8=1 Y7=1 X7=1 Z7=1 C7=4 R7=3 S7=1 Y6=1 X6=1 Z6=1 C6=4 R6=3 S6=1 Y5=1 X5=1 Z5=1 C5=2 R5=3 S5=1 Y4=1 X4=1 Z4=1 C4=2 R4=3 S4=1 Y3=1 X3=1 Z3=1 C3=2 R3=3 S3=1 Y2=1 X2=1 Z2=1 C2=2 R2=3 S2=1 Y1=1 X1=1 Z1=1 C1=2 R1=3 S1=1 Y0=1 X0=1 Z0=1 C0=1 R0=7 S0=1] IntermediateRegister[P=1 Q=1 Z16=1 C16=1 R16=1 S16=1 Y15=1 X15=1 Z15=16 C15=1 R15=1 S15=1 Y14=1 X14=1 Z14=16 C14=1 R14=1 S14=1 Y13=1 X13=1 Z13=16 C13=1 R13=1 S13=1 Y12=1 X12=1 Z12=8 C12=1 R12=1 S12=1 Y11=1 X11=1 Z11=8 C11=1 R11=1 S11=1 Y10=1 X10=1 Z10=8 C10=1 R10=1 S10=1 Y9=1 X9=1 Z9=8 C9=1 R9=1 S9=1 Y8=1 X8=1 Z8=4 C8=1 R8=1 S8=1 Y7=1 X7=1 Z7=4 C7=1 R7=1 S7=1 Y6=1 X6=1 Z6=4 C6=1 R6=1 S6=1 Y5=1 X5=1 Z5=4 C5=1 R5=1 S5=1 Y4=1 X4=1 Z4=2 C4=1 R4=1 S4=1 Y3=1 X3=1 Z3=2 C3=1 R3=1 S3=1 Y2=1 X2=1 Z2=2 C2=1 R2=1 S2=1 Y1=1 X1=1 Z1=2 C1=1 R1=1 S1=1 Y0=1 X0=1 Z0=1 C0=1 R0=1 S0=1] OutRegister[P=1 Q=1 Z16=16 C16=1 R16=1 S16=1 Y15=1 X15=1 Z15=1 C15=1 R15=1 S15=1 Y14=1 X14=1 Z14=1 C14=1 R14=1 S14=1 Y13=1 X13=1 Z13=1 C13=1 R13=1 S13=1 Y12=1 X12=1 Z12=1 C12=1 R12=1 S12=1 Y11=1 X11=1 Z11=1 C11=1 R11=1 S11=1 Y10=1 X10=1 Z10=1 C10=1 R10=1 S10=1 Y9=1 X9=1 Z9=1 C9=1 R9=1 S9=1 Y8=1 X8=1 Z8=1 C8=1 R8=1 S8=1 Y7=1 X7=1 Z7=1 C7=1 R7=1 S7=1 Y6=1 X6=1 Z6=1 C6=1 R6=1 S6=1 Y5=1 X5=1 Z5=1 C5=1 R5=1 S5=1 Y4=1 X4=1 Z4=1 C4=1 R4=1 S4=1 Y3=1 X3=1 Z3=1 C3=1 R3=1 S3=1 Y2=1 X2=1 Z2=1 C2=1 R2=1 S2=1 Y1=1 X1=1 Z1=1 C1=1 R1=1 S1=1 Y0=1 X0=1 Z0=1 C0=1 R0=1 S0=1] Compute] 
resnet18_17layer_2026-02-21T07:01:06.134400,resnet18,17layer,full,17,eyeriss,thesis_arch,1056,524,128,128,64,1,False,True,,1.294e+05,3.042e+06,4.00e+05,"(6045110464, 2543810304)",0.0016443321164842928,0.8937606811523438,DRAM[P=7 Q=7 Z16=1 C16=1 R16=1 S16=1 Y15=7 X15=7 Z15=1 C15=1 R15=1 S15=1 Y14=7 X14=7 Z14=1 C14=1 R14=1 S14=1 Y13=14 X13=14 Z13=1 C13=1 R13=1 S13=1 Y12=14 X12=14 Z12=1 C12=1 R12=1 S12=1 Y11=14 X11=14 Z11=1 C11=1 R11=1 S11=1 Y10=14 X10=14 Z10=1 C10=1 R10=1 S10=1 Y9=28 X9=28 Z9=1 C9=1 R9=1 S9=1 Y8=28 X8=28 Z8=1 C8=1 R8=1 S8=1 Y7=28 X7=28 Z7=1 C7=1 R7=1 S7=1 Y6=28 X6=28 Z6=1 C6=1 R6=1 S6=1 Y5=56 X5=56 Z5=1 C5=1 R5=1 S5=1 Y4=56 X4=56 Z4=1 C4=1 R4=1 S4=1 Y3=56 X3=56 Z3=1 C3=1 R3=1 S3=1 Y2=56 X2=56 Z2=1 C2=1 R2=1 S2=1 Y1=56 X1=56 Z1=1 C1=1 R1=1 S1=1 Y0=112 X0=112 Z0=1 C0=1 R0=1 S0=1] GlobalBuffer[P=1 Q=1 Z16=1 C16=1 R16=1 S16=1 Y15=1 X15=1 Z15=1 C15=1 R15=1 S15=1 Y14=1 X14=1 Z14=1 C14=1 R14=1 S14=1 Y13=1 X13=1 Z13=1 C13=1 R13=1 S13=1 Y12=1 X12=1 Z12=1 C12=1 R12=1 S12=1 Y11=1 X11=1 Z11=1 C11=1 R11=1 S11=1 Y10=1 X10=1 Z10=1 C10=1 R10=1 S10=1 Y9=1 X9=1 Z9=1 C9=1 R9=1 S9=1 Y8=1 X8=1 Z8=1 C8=1 R8=1 S8=1 Y7=1 X7=1 Z7=1 C7=1 R7=1 S7=1 Y6=1 X6=1 Z6=1 C6=1 R6=1 S6=1 Y5=1 X5=1 Z5=1 C5=1 R5=1 S5=1 Y4=1 X4=1 Z4=1 C4=1 R4=1 S4=1 Y3=1 X3=1 Z3=1 C3=1 R3=1 S3=1 Y2=1 X2=1 Z2=1 C2=1 R2=1 S2=1 Y1=1 X1=1 Z1=1 C1=1 R1=1 S1=1 Y0=1 X0=1 Z0=1 C0=1 R0=1 S0=1] SACols[Q=1 Z16=64] SARows[S16=3 C16=32 Z16=1] SACols_15[X15=1 Z15=64] SARows_15[S15=3 C15=32 Z15=1] SACols_14[X14=1 Z14=64] SARows_14[S14=3 C14=32 Z14=1] SACols_13[X13=1 Z13=64] SARows_13[S13=3 C13=32 Z13=1] SACols_12[X12=1 Z12=64] SARows_12[S12=3 C12=32 Z12=1] SACols_11[X11=1 Z11=64] SARows_11[S11=3 C11=32 Z11=1] SACols_10[X10=1 Z10=64] SARows_10[S10=3 C10=32 Z10=1] SACols_9[X9=1 Z9=64] SARows_9[S9=3 C9=32 Z9=1] SACols_8[X8=1 Z8=64] SARows_8[S8=3 C8=32 Z8=1] SACols_7[X7=1 Z7=64] SARows_7[S7=3 C7=32 Z7=1] SACols_6[X6=1 Z6=64] SARows_6[S6=3 C6=32 Z6=1] SACols_5[X5=1 Z5=64] SARows_5[S5=3 C5=32 Z5=1] SACols_4[X4=1 Z4=64] SARows_4[S4=3 C4=32 Z4=1] SACols_3[X3=1 Z3=64] SARows_3[S3=3 C3=32 Z3=1] SACols_2[X2=1 Z2=64] SARows_2[S2=3 C2=32 Z2=1] SACols_1[X1=1 Z1=64] SARows_1[S1=3 C1=32 Z1=1] SACols_0[X0=1 Z0=64] SARows_0[S0=7 C0=3 Z0=1] InRegister[P=1 Q=1 Z16=1 C16=1 R16=1 S16=1 Y15=1 X15=1 Z15=1 C15=1 R15=1 S15=1 Y14=1 X14=1 Z14=1 C14=1 R14=1 S14=1 Y13=1 X13=1 Z13=1 C13=1 R13=1 S13=1 Y12=1 X12=1 Z12=1 C12=1 R12=1 S12=1 Y11=1 X11=1 Z11=1 C11=1 R11=1 S11=1 Y10=1 X10=1 Z10=1 C10=1 R10=1 S10=1 Y9=1 X9=1 Z9=1 C9=1 R9=1 S9=1 Y8=1 X8=1 Z8=1 C8=1 R8=1 S8=1 Y7=1 X7=1 Z7=1 C7=1 R7=1 S7=1 Y6=1 X6=1 Z6=1 C6=1 R6=1 S6=1 Y5=1 X5=1 Z5=1 C5=1 R5=1 S5=1 Y4=1 X4=1 Z4=1 C4=1 R4=1 S4=1 Y3=1 X3=1 Z3=1 C3=1 R3=1 S3=1 Y2=1 X2=1 Z2=1 C2=1 R2=1 S2=1 Y1=1 X1=1 Z1=1 C1=1 R1=1 S1=1 Y0=1 X0=1 Z0=1 C0=1 R0=1 S0=1] WRegister[P=1 Q=1 Z16=1 C16=16 R16=3 S16=1 Y15=1 X15=1 Z15=1 C15=16 R15=3 S15=1 Y14=1 X14=1 Z14=1 C14=16 R14=3 S14=1 Y13=1 X13=1 Z13=1 C13=8 R13=3 S13=1 Y12=1 X12=1 Z12=1 C12=8 R12=3 S12=1 Y11=1 X11=1 Z11=1 C11=8 R11=3 S11=1 Y10=1 X10=1 Z10=1 C10=8 R10=3 S10=1 Y9=1 X9=1 Z9=1 C9=4 R9=3 S9=1 Y8=1 X8=1 Z8=1 C8=4 R8=3 S8=1 Y7=1 X7=1 Z7=1 C7=4 R7=3 S7=1 Y6=1 X6=1 Z6=1 C6=4 R6=3 S6=1 Y5=1 X5=1 Z5=1 C5=2 R5=3 S5=1 Y4=1 X4=1 Z4=1 C4=2 R4=3 S4=1 Y3=1 X3=1 Z3=1 C3=2 R3=3 S3=1 Y2=1 X2=1 Z2=1 C2=2 R2=3 S2=1 Y1=1 X1=1 Z1=1 C1=2 R1=3 S1=1 Y0=1 X0=1 Z0=1 C0=1 R0=7 S0=1] IntermediateRegister[P=1 Q=1 Z16=1 C16=1 R16=1 S16=1 Y15=1 X15=1 Z15=8 C15=1 R15=1 S15=1 Y14=1 X14=1 Z14=8 C14=1 R14=1 S14=1 Y13=1 X13=1 Z13=8 C13=1 R13=1 S13=1 Y12=1 X12=1 Z12=4 C12=1 R12=1 S12=1 Y11=1 X11=1 Z11=4 C11=1 R11=1 S11=1 Y10=1 X10=1 Z10=4 C10=1 R10=1 S10=1 Y9=1 X9=1 Z9=4 C9=1 R9=1 S9=1 Y8=1 X8=1 Z8=2 C8=1 R8=1 S8=1 Y7=1 X7=1 Z7=2 C7=1 R7=1 S7=1 Y6=1 X6=1 Z6=2 C6=1 R6=1 S6=1 Y5=1 X5=1 Z5=2 C5=1 R5=1 S5=1 Y4=1 X4=1 Z4=1 C4=1 R4=1 S4=1 Y3=1 X3=1 Z3=1 C3=1 R3=1 S3=1 Y2=1 X2=1 Z2=1 C2=1 R2=1 S2=1 Y1=1 X1=1 Z1=1 C1=1 R1=1 S1=1 Y0=1 X0=1 Z0=1 C0=1 R0=1 S0=1] OutRegister[P=1 Q=1 Z16=8 C16=1 R16=1 S16=1 Y15=1 X15=1 Z15=1 C15=1 R15=1 S15=1 Y14=1 X14=1 Z14=1 C14=1 R14=1 S14=1 Y13=1 X13=1 Z13=1 C13=1 R13=1 S13=1 Y12=1 X12=1 Z12=1 C12=1 R12=1 S12=1 Y11=1 X11=1 Z11=1 C11=1 R11=1 S11=1 Y10=1 X10=1 Z10=1 C10=1 R10=1 S10=1 Y9=1 X9=1 Z9=1 C9=1 R9=1 S9=1 Y8=1 X8=1 Z8=1 C8=1 R8=1 S8=1 Y7=1 X7=1 Z7=1 C7=1 R7=1 S7=1 Y6=1 X6=1 Z6=1 C6=1 R6=1 S6=1 Y5=1 X5=1 Z5=1 C5=1 R5=1 S5=1 Y4=1 X4=1 Z4=1 C4=1 R4=1 S4=1 Y3=1 X3=1 Z3=1 C3=1 R3=1 S3=1 Y2=1 X2=1 Z2=1 C2=1 R2=1 S2=1 Y1=1 X1=1 Z1=1 C1=1 R1=1 S1=1 Y0=1 X0=1 Z0=1 C0=1 R0=1 S0=1] Compute] 
resnet18_17layer_2026-02-21T07:01:07.759282,resnet18,17layer,full,17,eyeriss,thesis_arch,1056,524,128,128,128,1,False,True,,1.316e+05,3.042e+06,4.09e+05,"(6536433856, 2543810304)",5.138537864013415e-05,0.7304689884185791,DRAM[P=7 Q=7 Z16=1 C16=1 R16=1 S16=1 Y15=7 X15=7 Z15=1 C15=1 R15=1 S15=1 Y14=7 X14=7 Z14=1 C14=1 R14=1 S14=1 Y13=14 X13=14 Z13=1 C13=1 R13=1 S13=1 Y12=14 X12=14 Z12=1 C12=1 R12=1 S12=1 Y11=14 X11=14 Z11=1 C11=1 R11=1 S11=1 Y10=14 X10=14 Z10=1 C10=1 R10=1 S10=1 Y9=28 X9=28 Z9=1 C9=1 R9=1 S9=1 Y8=28 X8=28 Z8=1 C8=1 R8=1 S8=1 Y7=28 X7=28 Z7=1 C7=1 R7=1 S7=1 Y6=28 X6=28 Z6=1 C6=1 R6=1 S6=1 Y5=56 X5=56 Z5=1 C5=1 R5=1 S5=1 Y4=56 X4=56 Z4=1 C4=1 R4=1 S4=1 Y3=56 X3=56 Z3=1 C3=1 R3=1 S3=1 Y2=56 X2=56 Z2=1 C2=1 R2=1 S2=1 Y1=56 X1=56 Z1=1 C1=1 R1=1 S1=1 Y0=112 X0=112 Z0=1 C0=1 R0=1 S0=1] GlobalBuffer[P=1 Q=1 Z16=1 C16=1 R16=1 S16=1 Y15=1 X15=1 Z15=1 C15=1 R15=1 S15=1 Y14=1 X14=1 Z14=1 C14=1 R14=1 S14=1 Y13=1 X13=1 Z13=1 C13=1 R13=1 S13=1 Y12=1 X12=1 Z12=1 C12=1 R12=1 S12=1 Y11=1 X11=1 Z11=1 C11=1 R11=1 S11=1 Y10=1 X10=1 Z10=1 C10=1 R10=1 S10=1 Y9=1 X9=1 Z9=1 C9=1 R9=1 S9=1 Y8=1 X8=1 Z8=1 C8=1 R8=1 S8=1 Y7=1 X7=1 Z7=1 C7=1 R7=1 S7=1 Y6=1 X6=1 Z6=1 C6=1 R6=1 S6=1 Y5=1 X5=1 Z5=1 C5=1 R5=1 S5=1 Y4=1 X4=1 Z4=1 C4=1 R4=1 S4=1 Y3=1 X3=1 Z3=1 C3=1 R3=1 S3=1 Y2=1 X2=1 Z2=1 C2=1 R2=1 S2=1 Y1=1 X1=1 Z1=1 C1=1 R1=1 S1=1 Y0=1 X0=1 Z0=1 C0=1 R0=1 S0=1] SACols[Q=1 Z16=128] SARows[S16=3 C16=32 Z16=1] SACols_15[X15=1 Z15=128] SARows_15[S15=3 C15=32 Z15=1] SACols_14[X14=1 Z14=128] SARows_14[S14=3 C14=32 Z14=1] SACols_13[X13=1 Z13=128] SARows_13[S13=3 C13=32 Z13=1] SACols_12[X12=1 Z12=128] SARows_12[S12=3 C12=32 Z12=1] SACols_11[X11=1 Z11=128] SARows_11[S11=3 C11=32 Z11=1] SACols_10[X10=1 Z10=128] SARows_10[S10=3 C10=32 Z10=1] SACols_9[X9=1 Z9=128] SARows_9[S9=3 C9=32 Z9=1] SACols_8[X8=1 Z8=128] SARows_8[S8=3 C8=32 Z8=1] SACols_7[X7=1 Z7=128] SARows_7[S7=3 C7=32 Z7=1] SACols_6[X6=1 Z6=128] SARows_6[S6=3 C6=32 Z6=1] SACols_5[X5=1 Z5=128] SARows_5[S5=3 C5=32 Z5=1] SACols_4[X4=1 Z4=64] SARows_4[S4=3 C4=32 Z4=1] SACols_3[X3=1 Z3=64] SARows_3[S3=3 C3=32 Z3=1] SACols_2[X2=1 Z2=64] SARows_2[S2=3 C2=32 Z2=1] SACols_1[X1=1 Z1=64] SARows_1[S1=3 C1=32 Z1=1] SACols_0[X0=1 Z0=64] SARows_0[S0=7 C0=3 Z0=1] InRegister[P=1 Q=1 Z16=1 C16=1 R16=1 S16=1 Y15=1 X15=1 Z15=1 C15=1 R15=1 S15=1 Y14=1 X14=1 Z14=1 C14=1 R14=1 S14=1 Y13=1 X13=1 Z13=1 C13=1 R13=1 S13=1 Y12=1 X12=1 Z12=1 C12=1 R12=1 S12=1 Y11=1 X11=1 Z11=1 C11=1 R11=1 S11=1 Y10=1 X10=1 Z10=1 C10=1 R10=1 S10=1 Y9=1 X9=1 Z9=1 C9=1 R9=1 S9=1 Y8=1 X8=1 Z8=1 C8=1 R8=1 S8=1 Y7=1 X7=1 Z7=1 C7=1 R7=1 S7=1 Y6=1 X6=1 Z6=1 C6=1 R6=1 S6=1 Y5=1 X5=1 Z5=1 C5=1 R5=1 S5=1 Y4=1 X4=1 Z4=1 C4=1 R4=1 S4=1 Y3=1 X3=1 Z3=1 C3=1 R3=1 S3=1 Y2=1 X2=1 Z2=1 C2=1 R2=1 S2=1 Y1=1 X1=1 Z1=1 C1=1 R1=1 S1=1 Y0=1 X0=1 Z0=1 C0=1 R0=1 S0=1] WRegister[P=1 Q=1 Z16=1 C16=16 R16=3 S16=1 Y15=1 X15=1 Z15=1 C15=16 R15=3 S15=1 Y14=1 X14=1 Z14=1 C14=16 R14=3 S14=1 Y13=1 X13=1 Z13=1 C13=8 R13=3 S13=1 Y12=1 X12=1 Z12=1 C12=8 R12=3 S12=1 Y11=1 X11=1 Z11=1 C11=8 R11=3 S11=1 Y10=1 X10=1 Z10=1 C10=8 R10=3 S10=1 Y9=1 X9=1 Z9=1 C9=4 R9=3 S9=1 Y8=1 X8=1 Z8=1 C8=4 R8=3 S8=1 Y7=1 X7=1 Z7=1 C7=4 R7=3 S7=1 Y6=1 X6=1 Z6=1 C6=4 R6=3 S6=1 Y5=1 X5=1 Z5=1 C5=2 R5=3 S5=1 Y4=1 X4=1 Z4=1 C4=2 R4=3 S4=1 Y3=1 X3=1 Z3=1 C3=2 R3=3 S3=1 Y2=1 X2=1 Z2=1 C2=2 R2=3 S2=1 Y1=1 X1=1 Z1=1 C1=2 R1=3 S1=1 Y0=1 X0=1 Z0=1 C0=1 R0=7 S0=1] IntermediateRegister[P=1 Q=1 Z16=1 C16=1 R16=1 S16=1 Y15=1 X15=1 Z15=4 C15=1 R15=1 S15=1 Y14=1 X14=1 Z14=4 C14=1 R14=1 S14=1 Y13=1 X13=1 Z13=4 C13=1 R13=1 S13=1 Y12=1 X12=1 Z12=2 C12=1 R12=1 S12=1 Y11=1 X11=1 Z11=2 C11=1 R11=1 S11=1 Y10=1 X10=1 Z10=2 C10=1 R10=1 S10=1 Y9=1 X9=1 Z9=2 C9=1 R9=1 S9=1 Y8=1 X8=1 Z8=1 C8=1 R8=1 S8=1 Y7=1 X7=1 Z7=1 C7=1 R7=1 S7=1 Y6=1 X6=1 Z6=1 C6=1 R6=1 S6=1 Y5=1 X5=1 Z5=1 C5=1 R5=1 S5=1 Y4=1 X4=1 Z4=1 C4=1 R4=1 S4=1 Y3=1 X3=1 Z3=1 C3=1 R3=1 S3=1 Y2=1 X2=1 Z2=1 C2=1 R2=1 S2=1 Y1=1 X1=1 Z1=1 C1=1 R1=1 S1=1 Y0=1 X0=1 Z0=1 C0=1 R0=1 S0=1] OutRegister[P=1 Q=1 Z16=4 C16=1 R16=1 S16=1 Y15=1 X15=1 Z15=1 C15=1 R15=1 S15=1 Y14=1 X14=1 Z14=1 C14=1 R14=1 S14=1 Y13=1 X13=1 Z13=1 C13=1 R13=1 S13=1 Y12=1 X12=1 Z12=1 C12=1 R12=1 S12=1 Y11=1 X11=1 Z11=1 C11=1 R11=1 S11=1 Y10=1 X10=1 Z10=1 C10=1 R10=1 S10=1 Y9=1 X9=1 Z9=1 C9=1 R9=1 S9=1 Y8=1 X8=1 Z8=1 C8=1 R8=1 S8=1 Y7=1 X7=1 Z7=1 C7=1 R7=1 S7=1 Y6=1 X6=1 Z6=1 C6=1 R6=1 S6=1 Y5=1 X5=1 Z5=1 C5=1 R5=1 S5=1 Y4=1 X4=1 Z4=1 C4=1 R4=1 S4=1 Y3=1 X3=1 Z3=1 C3=1 R3=1 S3=1 Y2=1 X2=1 Z2=1 C2=1 R2=1 S2=1 Y1=1 X1=1 Z1=1 C1=1 R1=1 S1=1 Y0=1 X0=1 Z0=1 C0=1 R0=1 S0=1] Compute] 
resnet18_17layer_2026-02-21T07:01:09.198152,resnet18,17layer,full,17,eyeriss,thesis_arch,1056,524,128,256,4,1,False,False,"Ill-posed constraints:
CONSTRAINTS VIOLATION: Arch: Eyeriss_Constrained_17L_tile1_4x256 -> Level: WRegister: memory footprint: 14318 VS memory available: 4000
CONSTRAINTS VIOLATION: Arch: Eyeriss_Constrained_17L_tile1_4x256 -> Level: IntermediateRegister: memory footprint: 834 VS memory available: 400
CONSTRAINTS VIOLATION: Arch: Eyeriss_Constrained_17L_tile1_4x256 -> Level: OutRegister: memory footprint: 128 VS memory available: 64",0.000e+00,0.000e+00,0.00e+00,0,0.0,0.0,
resnet18_17layer_2026-02-21T07:01:09.957803,resnet18,17layer,full,17,eyeriss,thesis_arch,1056,524,128,256,16,1,False,True,,1.279e+05,3.059e+06,3.94e+05,"(5522477248, 2736486144)",0.0032886642329685856,0.876124382019043,DRAM[P=7 Q=7 Z16=1 C16=1 R16=1 S16=1 Y15=7 X15=7 Z15=1 C15=1 R15=1 S15=1 Y14=7 X14=7 Z14=1 C14=1 R14=1 S14=1 Y13=14 X13=14 Z13=1 C13=1 R13=1 S13=1 Y12=14 X12=14 Z12=1 C12=1 R12=1 S12=1 Y11=14 X11=14 Z11=1 C11=1 R11=1 S11=1 Y10=14 X10=14 Z10=1 C10=1 R10=1 S10=1 Y9=28 X9=28 Z9=1 C9=1 R9=1 S9=1 Y8=28 X8=28 Z8=1 C8=1 R8=1 S8=1 Y7=28 X7=28 Z7=1 C7=1 R7=1 S7=1 Y6=28 X6=28 Z6=1 C6=1 R6=1 S6=1 Y5=56 X5=56 Z5=1 C5=1 R5=1 S5=1 Y4=56 X4=56 Z4=1 C4=1 R4=1 S4=1 Y3=56 X3=56 Z3=1 C3=1 R3=1 S3=1 Y2=56 X2=56 Z2=1 C2=1 R2=1 S2=1 Y1=56 X1=56 Z1=1 C1=1 R1=1 S1=1 Y0=112 X0=112 Z0=1 C0=1 R0=1 S0=1] GlobalBuffer[P=1 Q=1 Z16=1 C16=1 R16=1 S16=1 Y15=1 X15=1 Z15=1 C15=1 R15=1 S15=1 Y14=1 X14=1 Z14=1 C14=1 R14=1 S14=1 Y13=1 X13=1 Z13=1 C13=1 R13=1 S13=1 Y12=1 X12=1 Z12=1 C12=1 R12=1 S12=1 Y11=1 X11=1 Z11=1 C11=1 R11=1 S11=1 Y10=1 X10=1 Z10=1 C10=1 R10=1 S10=1 Y9=1 X9=1 Z9=1 C9=1 R9=1 S9=1 Y8=1 X8=1 Z8=1 C8=1 R8=1 S8=1 Y7=1 X7=1 Z7=1 C7=1 R7=1 S7=1 Y6=1 X6=1 Z6=1 C6=1 R6=1 S6=1 Y5=1 X5=1 Z5=1 C5=1 R5=1 S5=1 Y4=1 X4=1 Z4=1 C4=1 R4=1 S4=1 Y3=1 X3=1 Z3=1 C3=1 R3=1 S3=1 Y2=1 X2=1 Z2=1 C2=1 R2=1 S2=1 Y1=1 X1=1 Z1=1 C1=1 R1=1 S1=1 Y0=1 X0=1 Z0=1 C0=1 R0=1 S0=1] SACols[Q=1 Z16=16] SARows[S16=3 C16=64 Z16=1] SACols_15[X15=1 Z15=16] SARows_15[S15=3 C15=64 Z15=1] SACols_14[X14=1 Z14=16] SARows_14[S14=3 C14=64 Z14=1] SACols_13[X13=1 Z13=16] SARows_13[S13=3 C13=64 Z13=1] SACols_12[X12=1 Z12=16] SARows_12[S12=3 C12=64 Z12=1] SACols_11[X11=1 Z11=16] SARows_11[S11=3 C11=64 Z11=1] SACols_10[X10=1 Z10=16] SARows_10[S10=3 C10=64 Z10=1] SACols_9[X9=1 Z9=16] SARows_9[S9=3 C9=64 Z9=1] SACols_8[X8=1 Z8=16] SARows_8[S8=3 C8=64 Z8=1] SACols_7[X7=1 Z7=16] SARows_7[S7=3 C7=64 Z7=1] SACols_6[X6=1 Z6=16] SARows_6[S6=3 C6=64 Z6=1] SACols_5[X5=1 Z5=16] SARows_5[S5=3 C5=64 Z5=1] SACols_4[X4=1 Z4=16] SARows_4[S4=3 C4=64 Z4=1] SACols_3[X3=1 Z3=16] SARows_3[S3=3 C3=64 Z3=1] SACols_2[X2=1 Z2=16] SARows_2[S2=3 C2=64 Z2=1] SACols_1[X1=1 Z1=16] SARows_1[S1=3 C1=64 Z1=1] SACols_0[X0=1 Z0=16] SARows_0[S0=7 C0=3 Z0=4] InRegister[P=1 Q=1 Z16=1 C16=1 R16=1 S16=1 Y15=1 X15=1 Z15=1 C15=1 R15=1 S15=1 Y14=1 X14=1 Z14=1 C14=1 R14=1 S14=1 Y13=1 X13=1 Z13=1 C13=1 R13=1 S13=1 Y12=1 X12=1 Z12=1 C12=1 R12=1 S12=1 Y11=1 X11=1 Z11=1 C11=1 R11=1 S11=1 Y10=1 X10=1 Z10=1 C10=1 R10=1 S10=1 Y9=1 X9=1 Z9=1 C9=1 R9=1 S9=1 Y8=1 X8=1 Z8=1 C8=1 R8=1 S8=1 Y7=1 X7=1 Z7=1 C7=1 R7=1 S7=1 Y6=1 X6=1 Z6=1 C6=1 R6=1 S6=1 Y5=1 X5=1 Z5=1 C5=1 R5=1 S5=1 Y4=1 X4=1 Z4=1 C4=1 R4=1 S4=1 Y3=1 X3=1 Z3=1 C3=1 R3=1 S3=1 Y2=1 X2=1 Z2=1 C2=1 R2=1 S2=1 Y1=1 X1=1 Z1=1 C1=1 R1=1 S1=1 Y0=1 X0=1 Z0=1 C0=1 R0=1 S0=1] WRegister[P=1 Q=1 Z16=1 C16=8 R16=3 S16=1 Y15=1 X15=1 Z15=1 C15=8 R15=3 S15=1 Y14=1 X14=1 Z14=1 C14=8 R14=3 S14=1 Y13=1 X13=1 Z13=1 C13=4 R13=3 S13=1 Y12=1 X12=1 Z12=1 C12=4 R12=3 S12=1 Y11=1 X11=1 Z11=1 C11=4 R11=3 S11=1 Y10=1 X10=1 Z10=1 C10=4 R10=3 S10=1 Y9=1 X9=1 Z9=1 C9=2 R9=3 S9=1 Y8=1 X8=1 Z8=1 C8=2 R8=3 S8=1 Y7=1 X7=1 Z7=1 C7=2 R7=3 S7=1 Y6=1 X6=1 Z6=1 C6=2 R6=3 S6=1 Y5=1 X5=1 Z5=1 C5=1 R5=3 S5=1 Y4=1 X4=1 Z4=1 C4=1 R4=3 S4=1 Y3=1 X3=1 Z3=1 C3=1 R3=3 S3=1 Y2=1 X2=1 Z2=1 C2=1 R2=3 S2=1 Y1=1 X1=1 Z1=1 C1=1 R1=3 S1=1 Y0=1 X0=1 Z0=1 C0=1 R0=7 S0=1] IntermediateRegister[P=1 Q=1 Z16=1 C16=1 R16=1 S16=1 Y15=1 X15=1 Z15=32 C15=1 R15=1 S15=1 Y14=1 X14=1 Z14=32 C14=1 R14=1 S14=1 Y13=1 X13=1 Z13=32 C13=1 R13=1 S13=1 Y12=1 X12=1 Z12=16 C12=1 R12=1 S12=1 Y11=1 X11=1 Z11=16 C11=1 R11=1 S11=1 Y10=1 X10=1 Z10=16 C10=1 R10=1 S10=1 Y9=1 X9=1 Z9=16 C9=1 R9=1 S9=1 Y8=1 X8=1 Z8=8 C8=1 R8=1 S8=1 Y7=1 X7=1 Z7=8 C7=1 R7=1 S7=1 Y6=1 X6=1 Z6=8 C6=1 R6=1 S6=1 Y5=1 X5=1 Z5=8 C5=1 R5=1 S5=1 Y4=1 X4=1 Z4=4 C4=1 R4=1 S4=1 Y3=1 X3=1 Z3=4 C3=1 R3=1 S3=1 Y2=1 X2=1 Z2=4 C2=1 R2=1 S2=1 Y1=1 X1=1 Z1=4 C1=1 R1=1 S1=1 Y0=1 X0=1 Z0=1 C0=1 R0=1 S0=1] OutRegister[P=1 Q=1 Z16=32 C16=1 R16=1 S16=1 Y15=1 X15=1 Z15=1 C15=1 R15=1 S15=1 Y14=1 X14=1 Z14=1 C14=1 R14=1 S14=1 Y13=1 X13=1 Z13=1 C13=1 R13=1 S13=1 Y12=1 X12=1 Z12=1 C12=1 R12=1 S12=1 Y11=1 X11=1 Z11=1 C11=1 R11=1 S11=1 Y10=1 X10=1 Z10=1 C10=1 R10=1 S10=1 Y9=1 X9=1 Z9=1 C9=1 R9=1 S9=1 Y8=1 X8=1 Z8=1 C8=1 R8=1 S8=1 Y7=1 X7=1 Z7=1 C7=1 R7=1 S7=1 Y6=1 X6=1 Z6=1 C6=1 R6=1 S6=1 Y5=1 X5=1 Z5=1 C5=1 R5=1 S5=1 Y4=1 X4=1 Z4=1 C4=1 R4=1 S4=1 Y3=1 X3=1 Z3=1 C3=1 R3=1 S3=1 Y2=1 X2=1 Z2=1 C2=1 R2=1 S2=1 Y1=1 X1=1 Z1=1 C1=1 R1=1 S1=1 Y0=1 X0=1 Z0=1 C0=1 R0=1 S0=1] Compute] 
resnet18_17layer_2026-02-21T07:01:11.607057,resnet18,17layer,full,17,eyeriss,thesis_arch,1056,524,128,256,32,1,False,True,,1.290e+05,3.042e+06,3.96e+05,"(5760913600, 2736486144)",0.0016443321164842928,0.8414158821105957,DRAM[P=7 Q=7 Z16=1 C16=1 R16=1 S16=1 Y15=7 X15=7 Z15=1 C15=1 R15=1 S15=1 Y14=7 X14=7 Z14=1 C14=1 R14=1 S14=1 Y13=14 X13=14 Z13=1 C13=1 R13=1 S13=1 Y12=14 X12=14 Z12=1 C12=1 R12=1 S12=1 Y11=14 X11=14 Z11=1 C11=1 R11=1 S11=1 Y10=14 X10=14 Z10=1 C10=1 R10=1 S10=1 Y9=28 X9=28 Z9=1 C9=1 R9=1 S9=1 Y8=28 X8=28 Z8=1 C8=1 R8=1 S8=1 Y7=28 X7=28 Z7=1 C7=1 R7=1 S7=1 Y6=28 X6=28 Z6=1 C6=1 R6=1 S6=1 Y5=56 X5=56 Z5=1 C5=1 R5=1 S5=1 Y4=56 X4=56 Z4=1 C4=1 R4=1 S4=1 Y3=56 X3=56 Z3=1 C3=1 R3=1 S3=1 Y2=56 X2=56 Z2=1 C2=1 R2=1 S2=1 Y1=56 X1=56 Z1=1 C1=1 R1=1 S1=1 Y0=112 X0=112 Z0=1 C0=1 R0=1 S0=1] GlobalBuffer[P=1 Q=1 Z16=1 C16=1 R16=1 S16=1 Y15=1 X15=1 Z15=1 C15=1 R15=1 S15=1 Y14=1 X14=1 Z14=1 C14=1 R14=1 S14=1 Y13=1 X13=1 Z13=1 C13=1 R13=1 S13=1 Y12=1 X12=1 Z12=1 C12=1 R12=1 S12=1 Y11=1 X11=1 Z11=1 C11=1 R11=1 S11=1 Y10=1 X10=1 Z10=1 C10=1 R10=1 S10=1 Y9=1 X9=1 Z9=1 C9=1 R9=1 S9=1 Y8=1 X8=1 Z8=1 C8=1 R8=1 S8=1 Y7=1 X7=1 Z7=1 C7=1 R7=1 S7=1 Y6=1 X6=1 Z6=1 C6=1 R6=1 S6=1 Y5=1 X5=1 Z5=1 C5=1 R5=1 S5=1 Y4=1 X4=1 Z4=1 C4=1 R4=1 S4=1 Y3=1 X3=1 Z3=1 C3=1 R3=1 S3=1 Y2=1 X2=1 Z2=1 C2=1 R2=1 S2=1 Y1=1 X1=1 Z1=1 C1=1 R1=1 S1=1 Y0=1 X0=1 Z0=1 C0=1 R0=1 S0=1] SACols[Q=1 Z16=32] SARows[S16=3 C16=64 Z16=1] SACols_15[X15=1 Z15=32] SARows_15[S15=3 C15=64 Z15=1] SACols_14[X14=1 Z14=32] SARows_14[S14=3 C14=64 Z14=1] SACols_13[X13=1 Z13=32] SARows_13[S13=3 C13=64 Z13=1] SACols_12[X12=1 Z12=32] SARows_12[S12=3 C12=64 Z12=1] SACols_11[X11=1 Z11=32] SARows_11[S11=3 C11=64 Z11=1] SACols_10[X10=1 Z10=32] SARows_10[S10=3 C10=64 Z10=1] SACols_9[X9=1 Z9=32] SARows_9[S9=3 C9=64 Z9=1] SACols_8[X8=1 Z8=32] SARows_8[S8=3 C8=64 Z8=1] SACols_7[X7=1 Z7=32] SARows_7[S7=3 C7=64 Z7=1] SACols_6[X6=1 Z6=32] SARows_6[S6=3 C6=64 Z6=1] SACols_5[X5=1 Z5=32] SARows_5[S5=3 C5=64 Z5=1] SACols_4[X4=1 Z4=32] SARows_4[S4=3 C4=64 Z4=1] SACols_3[X3=1 Z3=32] SARows_3[S3=3 C3=64 Z3=1] SACols_2[X2=1 Z2=32] SARows_2[S2=3 C2=64 Z2=1] SACols_1[X1=1 Z1=32] SARows_1[S1=3 C1=64 Z1=1] SACols_0[X0=1 Z0=32] SARows_0[S0=7 C0=3 Z0=2] InRegister[P=1 Q=1 Z16=1 C16=1 R16=1 S16=1 Y15=1 X15=1 Z15=1 C15=1 R15=1 S15=1 Y14=1 X14=1 Z14=1 C14=1 R14=1 S14=1 Y13=1 X13=1 Z13=1 C13=1 R13=1 S13=1 Y12=1 X12=1 Z12=1 C12=1 R12=1 S12=1 Y11=1 X11=1 Z11=1 C11=1 R11=1 S11=1 Y10=1 X10=1 Z10=1 C10=1 R10=1 S10=1 Y9=1 X9=1 Z9=1 C9=1 R9=1 S9=1 Y8=1 X8=1 Z8=1 C8=1 R8=1 S8=1 Y7=1 X7=1 Z7=1 C7=1 R7=1 S7=1 Y6=1 X6=1 Z6=1 C6=1 R6=1 S6=1 Y5=1 X5=1 Z5=1 C5=1 R5=1 S5=1 Y4=1 X4=1 Z4=1 C4=1 R4=1 S4=1 Y3=1 X3=1 Z3=1 C3=1 R3=1 S3=1 Y2=1 X2=1 Z2=1 C2=1 R2=1 S2=1 Y1=1 X1=1 Z1=1 C1=1 R1=1 S1=1 Y0=1 X0=1 Z0=1 C0=1 R0=1 S0=1] WRegister[P=1 Q=1 Z16=1 C16=8 R16=3 S16=1 Y15=1 X15=1 Z15=1 C15=8 R15=3 S15=1 Y14=1 X14=1 Z14=1 C14=8 R14=3 S14=1 Y13=1 X13=1 Z13=1 C13=4 R13=3 S13=1 Y12=1 X12=1 Z12=1 C12=4 R12=3 S12=1 Y11=1 X11=1 Z11=1 C11=4 R11=3 S11=1 Y10=1 X10=1 Z10=1 C10=4 R10=3 S10=1 Y9=1 X9=1 Z9=1 C9=2 R9=3 S9=1 Y8=1 X8=1 Z8=1 C8=2 R8=3 S8=1 Y7=1 X7=1 Z7=1 C7=2 R7=3 S7=1 Y6=1 X6=1 Z6=1 C6=2 R6=3 S6=1 Y5=1 X5=1 Z5=1 C5=1 R5=3 S5=1 Y4=1 X4=1 Z4=1 C4=1 R4=3 S4=1 Y3=1 X3=1 Z3=1 C3=1 R3=3 S3=1 Y2=1 X2=1 Z2=1 C2=1 R2=3 S2=1 Y1=1 X1=1 Z1=1 C1=1 R1=3 S1=1 Y0=1 X0=1 Z0=1 C0=1 R0=7 S0=1] IntermediateRegister[P=1 Q=1 Z16=1 C16=1 R16=1 S16=1 Y15=1 X15=1 Z15=16 C15=1 R15=1 S15=1 Y14=1 X14=1 Z14=16 C14=1 R14=1 S14=1 Y13=1 X13=1 Z13=16 C13=1 R13=1 S13=1 Y12=1 X12=1 Z12=8 C12=1 R12=1 S12=1 Y11=1 X11=1 Z11=8 C11=1 R11=1 S11=1 Y10=1 X10=1 Z10=8 C10=1 R10=1 S10=1 Y9=1 X9=1 Z9=8 C9=1 R9=1 S9=1 Y8=1 X8=1 Z8=4 C8=1 R8=1 S8=1 Y7=1 X7=1 Z7=4 C7=1 R7=1 S7=1 Y6=1 X6=1 Z6=4 C6=1 R6=1 S6=1 Y5=1 X5=1 Z5=4 C5=1 R5=1 S5=1 Y4=1 X4=1 Z4=2 C4=1 R4=1 S4=1 Y3=1 X3=1 Z3=2 C3=1 R3=1 S3=1 Y2=1 X2=1 Z2=2 C2=1 R2=1 S2=1 Y1=1 X1=1 Z1=2 C1=1 R1=1 S1=1 Y0=1 X0=1 Z0=1 C0=1 R0=1 S0=1] OutRegister[P=1 Q=1 Z16=16 C16=1 R16=1 S16=1 Y15=1 X15=1 Z15=1 C15=1 R15=1 S15=1 Y14=1 X14=1 Z14=1 C14=1 R14=1 S14=1 Y13=1 X13=1 Z13=1 C13=1 R13=1 S13=1 Y12=1 X12=1 Z12=1 C12=1 R12=1 S12=1 Y11=1 X11=1 Z11=1 C11=1 R11=1 S11=1 Y10=1 X10=1 Z10=1 C10=1 R10=1 S10=1 Y9=1 X9=1 Z9=1 C9=1 R9=1 S9=1 Y8=1 X8=1 Z8=1 C8=1 R8=1 S8=1 Y7=1 X7=1 Z7=1 C7=1 R7=1 S7=1 Y6=1 X6=1 Z6=1 C6=1 R6=1 S6=1 Y5=1 X5=1 Z5=1 C5=1 R5=1 S5=1 Y4=1 X4=1 Z4=1 C4=1 R4=1 S4=1 Y3=1 X3=1 Z3=1 C3=1 R3=1 S3=1 Y2=1 X2=1 Z2=1 C2=1 R2=1 S2=1 Y1=1 X1=1 Z1=1 C1=1 R1=1 S1=1 Y0=1 X0=1 Z0=1 C0=1 R0=1 S0=1] Compute] 
resnet18_17layer_2026-02-21T07:01:13.220648,resnet18,17layer,full,17,eyeriss,thesis_arch,1056,524,128,256,64,1,False,True,,1.311e+05,3.042e+06,4.05e+05,"(6237786304, 2736486144)",0.0008221660582421464,0.79984450340271,DRAM[P=7 Q=7 Z16=1 C16=1 R16=1 S16=1 Y15=7 X15=7 Z15=1 C15=1 R15=1 S15=1 Y14=7 X14=7 Z14=1 C14=1 R14=1 S14=1 Y13=14 X13=14 Z13=1 C13=1 R13=1 S13=1 Y12=14 X12=14 Z12=1 C12=1 R12=1 S12=1 Y11=14 X11=14 Z11=1 C11=1 R11=1 S11=1 Y10=14 X10=14 Z10=1 C10=1 R10=1 S10=1 Y9=28 X9=28 Z9=1 C9=1 R9=1 S9=1 Y8=28 X8=28 Z8=1 C8=1 R8=1 S8=1 Y7=28 X7=28 Z7=1 C7=1 R7=1 S7=1 Y6=28 X6=28 Z6=1 C6=1 R6=1 S6=1 Y5=56 X5=56 Z5=1 C5=1 R5=1 S5=1 Y4=56 X4=56 Z4=1 C4=1 R4=1 S4=1 Y3=56 X3=56 Z3=1 C3=1 R3=1 S3=1 Y2=56 X2=56 Z2=1 C2=1 R2=1 S2=1 Y1=56 X1=56 Z1=1 C1=1 R1=1 S1=1 Y0=112 X0=112 Z0=1 C0=1 R0=1 S0=1] GlobalBuffer[P=1 Q=1 Z16=1 C16=1 R16=1 S16=1 Y15=1 X15=1 Z15=1 C15=1 R15=1 S15=1 Y14=1 X14=1 Z14=1 C14=1 R14=1 S14=1 Y13=1 X13=1 Z13=1 C13=1 R13=1 S13=1 Y12=1 X12=1 Z12=1 C12=1 R12=1 S12=1 Y11=1 X11=1 Z11=1 C11=1 R11=1 S11=1 Y10=1 X10=1 Z10=1 C10=1 R10=1 S10=1 Y9=1 X9=1 Z9=1 C9=1 R9=1 S9=1 Y8=1 X8=1 Z8=1 C8=1 R8=1 S8=1 Y7=1 X7=1 Z7=1 C7=1 R7=1 S7=1 Y6=1 X6=1 Z6=1 C6=1 R6=1 S6=1 Y5=1 X5=1 Z5=1 C5=1 R5=1 S5=1 Y4=1 X4=1 Z4=1 C4=1 R4=1 S4=1 Y3=1 X3=1 Z3=1 C3=1 R3=1 S3=1 Y2=1 X2=1 Z2=1 C2=1 R2=1 S2=1 Y1=1 X1=1 Z1=1 C1=1 R1=1 S1=1 Y0=1 X0=1 Z0=1 C0=1 R0=1 S0=1] SACols[Q=1 Z16=64] SARows[S16=3 C16=64 Z16=1] SACols_15[X15=1 Z15=64] SARows_15[S15=3 C15=64 Z15=1] SACols_14[X14=1 Z14=64] SARows_14[S14=3 C14=64 Z14=1] SACols_13[X13=1 Z13=64] SARows_13[S13=3 C13=64 Z13=1] SACols_12[X12=1 Z12=64] SARows_12[S12=3 C12=64 Z12=1] SACols_11[X11=1 Z11=64] SARows_11[S11=3 C11=64 Z11=1] SACols_10[X10=1 Z10=64] SARows_10[S10=3 C10=64 Z10=1] SACols_9[X9=1 Z9=64] SARows_9[S9=3 C9=64 Z9=1] SACols_8[X8=1 Z8=64] SARows_8[S8=3 C8=64 Z8=1] SACols_7[X7=1 Z7=64] SARows_7[S7=3 C7=64 Z7=1] SACols_6[X6=1 Z6=64] SARows_6[S6=3 C6=64 Z6=1] SACols_5[X5=1 Z5=64] SARows_5[S5=3 C5=64 Z5=1] SACols_4[X4=1 Z4=64] SARows_4[S4=3 C4=64 Z4=1] SACols_3[X3=1 Z3=64] SARows_3[S3=3 C3=64 Z3=1] SACols_2[X2=1 Z2=64] SARows_2[S2=3 C2=64 Z2=1] SACols_1[X1=1 Z1=64] SARows_1[S1=3 C1=64 Z1=1] SACols_0[X0=1 Z0=64] SARows_0[S0=7 C0=3 Z0=1] InRegister[P=1 Q=1 Z16=1 C16=1 R16=1 S16=1 Y15=1 X15=1 Z15=1 C15=1 R15=1 S15=1 Y14=1 X14=1 Z14=1 C14=1 R14=1 S14=1 Y13=1 X13=1 Z13=1 C13=1 R13=1 S13=1 Y12=1 X12=1 Z12=1 C12=1 R12=1 S12=1 Y11=1 X11=1 Z11=1 C11=1 R11=1 S11=1 Y10=1 X10=1 Z10=1 C10=1 R10=1 S10=1 Y9=1 X9=1 Z9=1 C9=1 R9=1 S9=1 Y8=1 X8=1 Z8=1 C8=1 R8=1 S8=1 Y7=1 X7=1 Z7=1 C7=1 R7=1 S7=1 Y6=1 X6=1 Z6=1 C6=1 R6=1 S6=1 Y5=1 X5=1 Z5=1 C5=1 R5=1 S5=1 Y4=1 X4=1 Z4=1 C4=1 R4=1 S4=1 Y3=1 X3=1 Z3=1 C3=1 R3=1 S3=1 Y2=1 X2=1 Z2=1 C2=1 R2=1 S2=1 Y1=1 X1=1 Z1=1 C1=1 R1=1 S1=1 Y0=1 X0=1 Z0=1 C0=1 R0=1 S0=1] WRegister[P=1 Q=1 Z16=1 C16=8 R16=3 S16=1 Y15=1 X15=1 Z15=1 C15=8 R15=3 S15=1 Y14=1 X14=1 Z14=1 C14=8 R14=3 S14=1 Y13=1 X13=1 Z13=1 C13=4 R13=3 S13=1 Y12=1 X12=1 Z12=1 C12=4 R12=3 S12=1 Y11=1 X11=1 Z11=1 C11=4 R11=3 S11=1 Y10=1 X10=1 Z10=1 C10=4 R10=3 S10=1 Y9=1 X9=1 Z9=1 C9=2 R9=3 S9=1 Y8=1 X8=1 Z8=1 C8=2 R8=3 S8=1 Y7=1 X7=1 Z7=1 C7=2 R7=3 S7=1 Y6=1 X6=1 Z6=1 C6=2 R6=3 S6=1 Y5=1 X5=1 Z5=1 C5=1 R5=3 S5=1 Y4=1 X4=1 Z4=1 C4=1 R4=3 S4=1 Y3=1 X3=1 Z3=1 C3=1 R3=3 S3=1 Y2=1 X2=1 Z2=1 C2=1 R2=3 S2=1 Y1=1 X1=1 Z1=1 C1=1 R1=3 S1=1 Y0=1 X0=1 Z0=1 C0=1 R0=7 S0=1] IntermediateRegister[P=1 Q=1 Z16=1 C16=1 R16=1 S16=1 Y15=1 X15=1 Z15=8 C15=1 R15=1 S15=1 Y14=1 X14=1 Z14=8 C14=1 R14=1 S14=1 Y13=1 X13=1 Z13=8 C13=1 R13=1 S13=1 Y12=1 X12=1 Z12=4 C12=1 R12=1 S12=1 Y11=1 X11=1 Z11=4 C11=1 R11=1 S11=1 Y10=1 X10=1 Z10=4 C10=1 R10=1 S10=1 Y9=1 X9=1 Z9=4 C9=1 R9=1 S9=1 Y8=1 X8=1 Z8=2 C8=1 R8=1 S8=1 Y7=1 X7=1 Z7=2 C7=1 R7=1 S7=1 Y6=1 X6=1 Z6=2 C6=1 R6=1 S6=1 Y5=1 X5=1 Z5=2 C5=1 R5=1 S5=1 Y4=1 X4=1 Z4=1 C4=1 R4=1 S4=1 Y3=1 X3=1 Z3=1 C3=1 R3=1 S3=1 Y2=1 X2=1 Z2=1 C2=1 R2=1 S2=1 Y1=1 X1=1 Z1=1 C1=1 R1=1 S1=1 Y0=1 X0=1 Z0=1 C0=1 R0=1 S0=1] OutRegister[P=1 Q=1 Z16=8 C16=1 R16=1 S16=1 Y15=1 X15=1 Z15=1 C15=1 R15=1 S15=1 Y14=1 X14=1 Z14=1 C14=1 R14=1 S14=1 Y13=1 X13=1 Z13=1 C13=1 R13=1 S13=1 Y12=1 X12=1 Z12=1 C12=1 R12=1 S12=1 Y11=1 X11=1 Z11=1 C11=1 R11=1 S11=1 Y10=1 X10=1 Z10=1 C10=1 R10=1 S10=1 Y9=1 X9=1 Z9=1 C9=1 R9=1 S9=1 Y8=1 X8=1 Z8=1 C8=1 R8=1 S8=1 Y7=1 X7=1 Z7=1 C7=1 R7=1 S7=1 Y6=1 X6=1 Z6=1 C6=1 R6=1 S6=1 Y5=1 X5=1 Z5=1 C5=1 R5=1 S5=1 Y4=1 X4=1 Z4=1 C4=1 R4=1 S4=1 Y3=1 X3=1 Z3=1 C3=1 R3=1 S3=1 Y2=1 X2=1 Z2=1 C2=1 R2=1 S2=1 Y1=1 X1=1 Z1=1 C1=1 R1=1 S1=1 Y0=1 X0=1 Z0=1 C0=1 R0=1 S0=1] Compute] 
resnet18_17layer_2026-02-21T07:01:14.679208,resnet18,17layer,full,17,eyeriss,thesis_arch,1056,524,128,512,4,1,False,False,"Ill-posed constraints:
CONSTRAINTS VIOLATION: Arch: Eyeriss_Constrained_17L_tile1_4x512 -> Level: WRegister: memory footprint: 7159 VS memory available: 4000
CONSTRAINTS VIOLATION: Arch: Eyeriss_Constrained_17L_tile1_4x512 -> Level: IntermediateRegister: memory footprint: 785 VS memory available: 400
CONSTRAINTS VIOLATION: Arch: Eyeriss_Constrained_17L_tile1_4x512 -> Level: OutRegister: memory footprint: 128 VS memory available: 64",0.000e+00,0.000e+00,0.00e+00,0,0.0,0.0,
resnet18_17layer_2026-02-21T07:01:15.278455,resnet18,17layer,full,17,eyeriss,thesis_arch,1056,524,128,512,16,1,False,True,,1.300e+05,3.042e+06,3.99e+05,"(5821124800, 2890626816)",0.0016443321164842928,0.6234939098358154,DRAM[P=7 Q=7 Z16=1 C16=1 R16=1 S16=1 Y15=7 X15=7 Z15=1 C15=1 R15=1 S15=1 Y14=7 X14=7 Z14=1 C14=1 R14=1 S14=1 Y13=14 X13=14 Z13=1 C13=1 R13=1 S13=1 Y12=14 X12=14 Z12=1 C12=1 R12=1 S12=1 Y11=14 X11=14 Z11=1 C11=1 R11=1 S11=1 Y10=14 X10=14 Z10=1 C10=1 R10=1 S10=1 Y9=28 X9=28 Z9=1 C9=1 R9=1 S9=1 Y8=28 X8=28 Z8=1 C8=1 R8=1 S8=1 Y7=28 X7=28 Z7=1 C7=1 R7=1 S7=1 Y6=28 X6=28 Z6=1 C6=1 R6=1 S6=1 Y5=56 X5=56 Z5=1 C5=1 R5=1 S5=1 Y4=56 X4=56 Z4=1 C4=1 R4=1 S4=1 Y3=56 X3=56 Z3=1 C3=1 R3=1 S3=1 Y2=56 X2=56 Z2=1 C2=1 R2=1 S2=1 Y1=56 X1=56 Z1=1 C1=1 R1=1 S1=1 Y0=112 X0=112 Z0=1 C0=1 R0=1 S0=1] GlobalBuffer[P=1 Q=1 Z16=1 C16=1 R16=1 S16=1 Y15=1 X15=1 Z15=1 C15=1 R15=1 S15=1 Y14=1 X14=1 Z14=1 C14=1 R14=1 S14=1 Y13=1 X13=1 Z13=1 C13=1 R13=1 S13=1 Y12=1 X12=1 Z12=1 C12=1 R12=1 S12=1 Y11=1 X11=1 Z11=1 C11=1 R11=1 S11=1 Y10=1 X10=1 Z10=1 C10=1 R10=1 S10=1 Y9=1 X9=1 Z9=1 C9=1 R9=1 S9=1 Y8=1 X8=1 Z8=1 C8=1 R8=1 S8=1 Y7=1 X7=1 Z7=1 C7=1 R7=1 S7=1 Y6=1 X6=1 Z6=1 C6=1 R6=1 S6=1 Y5=1 X5=1 Z5=1 C5=1 R5=1 S5=1 Y4=1 X4=1 Z4=1 C4=1 R4=1 S4=1 Y3=1 X3=1 Z3=1 C3=1 R3=1 S3=1 Y2=1 X2=1 Z2=1 C2=1 R2=1 S2=1 Y1=1 X1=1 Z1=1 C1=1 R1=1 S1=1 Y0=1 X0=1 Z0=1 C0=1 R0=1 S0=1] SACols[Q=1 Z16=16] SARows[S16=3 C16=128 Z16=1] SACols_15[X15=1 Z15=16] SARows_15[S15=3 C15=128 Z15=1] SACols_14[X14=1 Z14=16] SARows_14[S14=3 C14=128 Z14=1] SACols_13[X13=1 Z13=16] SARows_13[S13=3 C13=128 Z13=1] SACols_12[X12=1 Z12=16] SARows_12[S12=3 C12=128 Z12=1] SACols_11[X11=1 Z11=16] SARows_11[S11=3 C11=128 Z11=1] SACols_10[X10=1 Z10=16] SARows_10[S10=3 C10=128 Z10=1] SACols_9[X9=1 Z9=16] SARows_9[S9=3 C9=128 Z9=1] SACols_8[X8=1 Z8=16] SARows_8[S8=3 C8=128 Z8=1] SACols_7[X7=1 Z7=16] SARows_7[S7=3 C7=128 Z7=1] SACols_6[X6=1 Z6=16] SARows_6[S6=3 C6=128 Z6=1] SACols_5[X5=1 Z5=16] SARows_5[S5=3 C5=64 Z5=2] SACols_4[X4=1 Z4=16] SARows_4[S4=3 C4=64 Z4=2] SACols_3[X3=1 Z3=16] SARows_3[S3=3 C3=64 Z3=2] SACols_2[X2=1 Z2=16] SARows_2[S2=3 C2=64 Z2=2] SACols_1[X1=1 Z1=16] SARows_1[S1=3 C1=64 Z1=2] SACols_0[X0=1 Z0=16] SARows_0[S0=7 C0=3 Z0=4] InRegister[P=1 Q=1 Z16=1 C16=1 R16=1 S16=1 Y15=1 X15=1 Z15=1 C15=1 R15=1 S15=1 Y14=1 X14=1 Z14=1 C14=1 R14=1 S14=1 Y13=1 X13=1 Z13=1 C13=1 R13=1 S13=1 Y12=1 X12=1 Z12=1 C12=1 R12=1 S12=1 Y11=1 X11=1 Z11=1 C11=1 R11=1 S11=1 Y10=1 X10=1 Z10=1 C10=1 R10=1 S10=1 Y9=1 X9=1 Z9=1 C9=1 R9=1 S9=1 Y8=1 X8=1 Z8=1 C8=1 R8=1 S8=1 Y7=1 X7=1 Z7=1 C7=1 R7=1 S7=1 Y6=1 X6=1 Z6=1 C6=1 R6=1 S6=1 Y5=1 X5=1 Z5=1 C5=1 R5=1 S5=1 Y4=1 X4=1 Z4=1 C4=1 R4=1 S4=1 Y3=1 X3=1 Z3=1 C3=1 R3=1 S3=1 Y2=1 X2=1 Z2=1 C2=1 R2=1 S2=1 Y1=1 X1=1 Z1=1 C1=1 R1=1 S1=1 Y0=1 X0=1 Z0=1 C0=1 R0=1 S0=1] WRegister[P=1 Q=1 Z16=1 C16=4 R16=3 S16=1 Y15=1 X15=1 Z15=1 C15=4 R15=3 S15=1 Y14=1 X14=1 Z14=1 C14=4 R14=3 S14=1 Y13=1 X13=1 Z13=1 C13=2 R13=3 S13=1 Y12=1 X12=1 Z12=1 C12=2 R12=3 S12=1 Y11=1 X11=1 Z11=1 C11=2 R11=3 S11=1 Y10=1 X10=1 Z10=1 C10=2 R10=3 S10=1 Y9=1 X9=1 Z9=1 C9=1 R9=3 S9=1 Y8=1 X8=1 Z8=1 C8=1 R8=3 S8=1 Y7=1 X7=1 Z7=1 C7=1 R7=3 S7=1 Y6=1 X6=1 Z6=1 C6=1 R6=3 S6=1 Y5=1 X5=1 Z5=1 C5=1 R5=3 S5=1 Y4=1 X4=1 Z4=1 C4=1 R4=3 S4=1 Y3=1 X3=1 Z3=1 C3=1 R3=3 S3=1 Y2=1 X2=1 Z2=1 C2=1 R2=3 S2=1 Y1=1 X1=1 Z1=1 C1=1 R1=3 S1=1 Y0=1 X0=1 Z0=1 C0=1 R0=7 S0=1] IntermediateRegister[P=1 Q=1 Z16=1 C16=1 R16=1 S16=1 Y15=1 X15=1 Z15=32 C15=1 R15=1 S15=1 Y14=1 X14=1 Z14=32 C14=1 R14=1 S14=1 Y13=1 X13=1 Z13=32 C13=1 R13=1 S13=1 Y12=1 X12=1 Z12=16 C12=1 R12=1 S12=1 Y11=1 X11=1 Z11=16 C11=1 R11=1 S11=1 Y10=1 X10=1 Z10=16 C10=1 R10=1 S10=1 Y9=1 X9=1 Z9=16 C9=1 R9=1 S9=1 Y8=1 X8=1 Z8=8 C8=1 R8=1 S8=1 Y7=1 X7=1 Z7=8 C7=1 R7=1 S7=1 Y6=1 X6=1 Z6=8 C6=1 R6=1 S6=1 Y5=1 X5=1 Z5=4 C5=1 R5=1 S5=1 Y4=1 X4=1 Z4=2 C4=1 R4=1 S4=1 Y3=1 X3=1 Z3=2 C3=1 R3=1 S3=1 Y2=1 X2=1 Z2=2 C2=1 R2=1 S2=1 Y1=1 X1=1 Z1=2 C1=1 R1=1 S1=1 Y0=1 X0=1 Z0=1 C0=1 R0=1 S0=1] OutRegister[P=1 Q=1 Z16=32 C16=1 R16=1 S16=1 Y15=1 X15=1 Z15=1 C15=1 R15=1 S15=1 Y14=1 X14=1 Z14=1 C14=1 R14=1 S14=1 Y13=1 X13=1 Z13=1 C13=1 R13=1 S13=1 Y12=1 X12=1 Z12=1 C12=1 R12=1 S12=1 Y11=1 X11=1 Z11=1 C11=1 R11=1 S11=1 Y10=1 X10=1 Z10=1 C10=1 R10=1 S10=1 Y9=1 X9=1 Z9=1 C9=1 R9=1 S9=1 Y8=1 X8=1 Z8=1 C8=1 R8=1 S8=1 Y7=1 X7=1 Z7=1 C7=1 R7=1 S7=1 Y6=1 X6=1 Z6=1 C6=1 R6=1 S6=1 Y5=1 X5=1 Z5=1 C5=1 R5=1 S5=1 Y4=1 X4=1 Z4=1 C4=1 R4=1 S4=1 Y3=1 X3=1 Z3=1 C3=1 R3=1 S3=1 Y2=1 X2=1 Z2=1 C2=1 R2=1 S2=1 Y1=1 X1=1 Z1=1 C1=1 R1=1 S1=1 Y0=1 X0=1 Z0=1 C0=1 R0=1 S0=1] Compute] 
resnet18_17layer_2026-02-21T07:01:16.700454,resnet18,17layer,full,17,eyeriss,thesis_arch,1056,524,128,512,32,1,False,True,,1.317e+05,3.042e+06,4.06e+05,"(6204068032, 2890626816)",0.0008221660582421464,0.6881740093231201,DRAM[P=7 Q=7 Z16=1 C16=1 R16=1 S16=1 Y15=7 X15=7 Z15=1 C15=1 R15=1 S15=1 Y14=7 X14=7 Z14=1 C14=1 R14=1 S14=1 Y13=14 X13=14 Z13=1 C13=1 R13=1 S13=1 Y12=14 X12=14 Z12=1 C12=1 R12=1 S12=1 Y11=14 X11=14 Z11=1 C11=1 R11=1 S11=1 Y10=14 X10=14 Z10=1 C10=1 R10=1 S10=1 Y9=28 X9=28 Z9=1 C9=1 R9=1 S9=1 Y8=28 X8=28 Z8=1 C8=1 R8=1 S8=1 Y7=28 X7=28 Z7=1 C7=1 R7=1 S7=1 Y6=28 X6=28 Z6=1 C6=1 R6=1 S6=1 Y5=56 X5=56 Z5=1 C5=1 R5=1 S5=1 Y4=56 X4=56 Z4=1 C4=1 R4=1 S4=1 Y3=56 X3=56 Z3=1 C3=1 R3=1 S3=1 Y2=56 X2=56 Z2=1 C2=1 R2=1 S2=1 Y1=56 X1=56 Z1=1 C1=1 R1=1 S1=1 Y0=112 X0=112 Z0=1 C0=1 R0=1 S0=1] GlobalBuffer[P=1 Q=1 Z16=1 C16=1 R16=1 S16=1 Y15=1 X15=1 Z15=1 C15=1 R15=1 S15=1 Y14=1 X14=1 Z14=1 C14=1 R14=1 S14=1 Y13=1 X13=1 Z13=1 C13=1 R13=1 S13=1 Y12=1 X12=1 Z12=1 C12=1 R12=1 S12=1 Y11=1 X11=1 Z11=1 C11=1 R11=1 S11=1 Y10=1 X10=1 Z10=1 C10=1 R10=1 S10=1 Y9=1 X9=1 Z9=1 C9=1 R9=1 S9=1 Y8=1 X8=1 Z8=1 C8=1 R8=1 S8=1 Y7=1 X7=1 Z7=1 C7=1 R7=1 S7=1 Y6=1 X6=1 Z6=1 C6=1 R6=1 S6=1 Y5=1 X5=1 Z5=1 C5=1 R5=1 S5=1 Y4=1 X4=1 Z4=1 C4=1 R4=1 S4=1 Y3=1 X3=1 Z3=1 C3=1 R3=1 S3=1 Y2=1 X2=1 Z2=1 C2=1 R2=1 S2=1 Y1=1 X1=1 Z1=1 C1=1 R1=1 S1=1 Y0=1 X0=1 Z0=1 C0=1 R0=1 S0=1] SACols[Q=1 Z16=32] SARows[S16=3 C16=128 Z16=1] SACols_15[X15=1 Z15=32] SARows_15[S15=3 C15=128 Z15=1] SACols_14[X14=1 Z14=32] SARows_14[S14=3 C14=128 Z14=1] SACols_13[X13=1 Z13=32] SARows_13[S13=3 C13=128 Z13=1] SACols_12[X12=1 Z12=32] SARows_12[S12=3 C12=128 Z12=1] SACols_11[X11=1 Z11=32] SARows_11[S11=3 C11=128 Z11=1] SACols_10[X10=1 Z10=32] SARows_10[S10=3 C10=128 Z10=1] SACols_9[X9=1 Z9=32] SARows_9[S9=3 C9=128 Z9=1] SACols_8[X8=1 Z8=32] SARows_8[S8=3 C8=128 Z8=1] SACols_7[X7=1 Z7=32] SARows_7[S7=3 C7=128 Z7=1] SACols_6[X6=1 Z6=32] SARows_6[S6=3 C6=128 Z6=1] SACols_5[X5=1 Z5=32] SARows_5[S5=3 C5=64 Z5=2] SACols_4[X4=1 Z4=32] SARows_4[S4=3 C4=64 Z4=2] SACols_3[X3=1 Z3=32] SARows_3[S3=3 C3=64 Z3=2] SACols_2[X2=1 Z2=32] SARows_2[S2=3 C2=64 Z2=2] SACols_1[X1=1 Z1=32] SARows_1[S1=3 C1=64 Z1=2] SACols_0[X0=1 Z0=32] SARows_0[S0=7 C0=3 Z0=2] InRegister[P=1 Q=1 Z16=1 C16=1 R16=1 S16=1 Y15=1 X15=1 Z15=1 C15=1 R15=1 S15=1 Y14=1 X14=1 Z14=1 C14=1 R14=1 S14=1 Y13=1 X13=1 Z13=1 C13=1 R13=1 S13=1 Y12=1 X12=1 Z12=1 C12=1 R12=1 S12=1 Y11=1 X11=1 Z11=1 C11=1 R11=1 S11=1 Y10=1 X10=1 Z10=1 C10=1 R10=1 S10=1 Y9=1 X9=1 Z9=1 C9=1 R9=1 S9=1 Y8=1 X8=1 Z8=1 C8=1 R8=1 S8=1 Y7=1 X7=1 Z7=1 C7=1 R7=1 S7=1 Y6=1 X6=1 Z6=1 C6=1 R6=1 S6=1 Y5=1 X5=1 Z5=1 C5=1 R5=1 S5=1 Y4=1 X4=1 Z4=1 C4=1 R4=1 S4=1 Y3=1 X3=1 Z3=1 C3=1 R3=1 S3=1 Y2=1 X2=1 Z2=1 C2=1 R2=1 S2=1 Y1=1 X1=1 Z1=1 C1=1 R1=1 S1=1 Y0=1 X0=1 Z0=1 C0=1 R0=1 S0=1] WRegister[P=1 Q=1 Z16=1 C16=4 R16=3 S16=1 Y15=1 X15=1 Z15=1 C15=4 R15=3 S15=1 Y14=1 X14=1 Z14=1 C14=4 R14=3 S14=1 Y13=1 X13=1 Z13=1 C13=2 R13=3 S13=1 Y12=1 X12=1 Z12=1 C12=2 R12=3 S12=1 Y11=1 X11=1 Z11=1 C11=2 R11=3 S11=1 Y10=1 X10=1 Z10=1 C10=2 R10=3 S10=1 Y9=1 X9=1 Z9=1 C9=1 R9=3 S9=1 Y8=1 X8=1 Z8=1 C8=1 R8=3 S8=1 Y7=1 X7=1 Z7=1 C7=1 R7=3 S7=1 Y6=1 X6=1 Z6=1 C6=1 R6=3 S6=1 Y5=1 X5=1 Z5=1 C5=1 R5=3 S5=1 Y4=1 X4=1 Z4=1 C4=1 R4=3 S4=1 Y3=1 X3=1 Z3=1 C3=1 R3=3 S3=1 Y2=1 X2=1 Z2=1 C2=1 R2=3 S2=1 Y1=1 X1=1 Z1=1 C1=1 R1=3 S1=1 Y0=1 X0=1 Z0=1 C0=1 R0=7 S0=1] IntermediateRegister[P=1 Q=1 Z16=1 C16=1 R16=1 S16=1 Y15=1 X15=1 Z15=16 C15=1 R15=1 S15=1 Y14=1 X14=1 Z14=16 C14=1 R14=1 S14=1 Y13=1 X13=1 Z13=16 C13=1 R13=1 S13=1 Y12=1 X12=1 Z12=8 C12=1 R12=1 S12=1 Y11=1 X11=1 Z11=8 C11=1 R11=1 S11=1 Y10=1 X10=1 Z10=8 C10=1 R10=1 S10=1 Y9=1 X9=1 Z9=8 C9=1 R9=1 S9=1 Y8=1 X8=1 Z8=4 C8=1 R8=1 S8=1 Y7=1 X7=1 Z7=4 C7=1 R7=1 S7=1 Y6=1 X6=1 Z6=4 C6=1 R6=1 S6=1 Y5=1 X5=1 Z5=2 C5=1 R5=1 S5=1 Y4=1 X4=1 Z4=1 C4=1 R4=1 S4=1 Y3=1 X3=1 Z3=1 C3=1 R3=1 S3=1 Y2=1 X2=1 Z2=1 C2=1 R2=1 S2=1 Y1=1 X1=1 Z1=1 C1=1 R1=1 S1=1 Y0=1 X0=1 Z0=1 C0=1 R0=1 S0=1] OutRegister[P=1 Q=1 Z16=16 C16=1 R16=1 S16=1 Y15=1 X15=1 Z15=1 C15=1 R15=1 S15=1 Y14=1 X14=1 Z14=1 C14=1 R14=1 S14=1 Y13=1 X13=1 Z13=1 C13=1 R13=1 S13=1 Y12=1 X12=1 Z12=1 C12=1 R12=1 S12=1 Y11=1 X11=1 Z11=1 C11=1 R11=1 S11=1 Y10=1 X10=1 Z10=1 C10=1 R10=1 S10=1 Y9=1 X9=1 Z9=1 C9=1 R9=1 S9=1 Y8=1 X8=1 Z8=1 C8=1 R8=1 S8=1 Y7=1 X7=1 Z7=1 C7=1 R7=1 S7=1 Y6=1 X6=1 Z6=1 C6=1 R6=1 S6=1 Y5=1 X5=1 Z5=1 C5=1 R5=1 S5=1 Y4=1 X4=1 Z4=1 C4=1 R4=1 S4=1 Y3=1 X3=1 Z3=1 C3=1 R3=1 S3=1 Y2=1 X2=1 Z2=1 C2=1 R2=1 S2=1 Y1=1 X1=1 Z1=1 C1=1 R1=1 S1=1 Y0=1 X0=1 Z0=1 C0=1 R0=1 S0=1] Compute] 
resnet18_17layer_2026-02-21T07:01:18.192265,resnet18,17layer,full,17,eyeriss,thesis_arch,1056,524,128,4,4,1,False,False,"Arch: Eyeriss_Constrained_17L_tile1_4x4 -> Level: SARows_0: Failed to fit comp to arch because the level's constraint (S0: 4) does not divide comp dimension S0 (7) exactly. To compensate, consider setting 'Settings.PADDED_MAPPINGS' to True.",0.000e+00,0.000e+00,0.00e+00,0,0.0,0.0,
resnet18_17layer_2026-02-21T07:01:18.803219,resnet18,17layer,full,17,eyeriss,thesis_arch,1056,524,128,4,16,1,False,False,"Arch: Eyeriss_Constrained_17L_tile1_16x4 -> Level: SARows_0: Failed to fit comp to arch because the level's constraint (S0: 4) does not divide comp dimension S0 (7) exactly. To compensate, consider setting 'Settings.PADDED_MAPPINGS' to True.",0.000e+00,0.000e+00,0.00e+00,0,0.0,0.0,
resnet18_17layer_2026-02-21T07:01:19.176562,resnet18,17layer,full,17,eyeriss,thesis_arch,1056,524,128,4,32,1,False,False,"Arch: Eyeriss_Constrained_17L_tile1_32x4 -> Level: SARows_0: Failed to fit comp to arch because the level's constraint (S0: 4) does not divide comp dimension S0 (7) exactly. To compensate, consider setting 'Settings.PADDED_MAPPINGS' to True.",0.000e+00,0.000e+00,0.00e+00,0,0.0,0.0,
resnet18_17layer_2026-02-21T07:01:19.743093,resnet18,17layer,full,17,eyeriss,thesis_arch,1056,524,128,4,64,1,False,False,"Arch: Eyeriss_Constrained_17L_tile1_64x4 -> Level: SARows_0: Failed to fit comp to arch because the level's constraint (S0: 4) does not divide comp dimension S0 (7) exactly. To compensate, consider setting 'Settings.PADDED_MAPPINGS' to True.",0.000e+00,0.000e+00,0.00e+00,0,0.0,0.0,
resnet18_17layer_2026-02-21T07:01:20.240225,resnet18,17layer,full,17,eyeriss,thesis_arch,1056,524,128,4,128,1,False,False,"Arch: Eyeriss_Constrained_17L_tile1_128x4 -> Level: SARows_0: Failed to fit comp to arch because the level's constraint (S0: 4) does not divide comp dimension S0 (7) exactly. To compensate, consider setting 'Settings.PADDED_MAPPINGS' to True.",0.000e+00,0.000e+00,0.00e+00,0,0.0,0.0,
resnet18_17layer_2026-02-21T07:01:20.852647,resnet18,17layer,full,17,eyeriss,thesis_arch,1056,524,128,4,256,1,False,False,"Arch: Eyeriss_Constrained_17L_tile1_256x4 -> Level: SARows_0: Failed to fit comp to arch because the level's constraint (S0: 4) does not divide comp dimension S0 (7) exactly. To compensate, consider setting 'Settings.PADDED_MAPPINGS' to True.",0.000e+00,0.000e+00,0.00e+00,0,0.0,0.0,
resnet18_17layer_2026-02-21T07:01:21.659766,resnet18,17layer,full,17,eyeriss,thesis_arch,1056,524,128,4,512,1,False,False,"Arch: Eyeriss_Constrained_17L_tile1_512x4 -> Level: SARows_0: Failed to fit comp to arch because the level's constraint (S0: 4) does not divide comp dimension S0 (7) exactly. To compensate, consider setting 'Settings.PADDED_MAPPINGS' to True.",0.000e+00,0.000e+00,0.00e+00,0,0.0,0.0,
resnet18_17layer_2026-02-21T07:01:22.239590,resnet18,17layer,full,17,eyeriss,thesis_arch,1056,524,128,16,4,1,False,False,"Ill-posed constraints:
CONSTRAINTS VIOLATION: Arch: Eyeriss_Constrained_17L_tile1_4x16 -> Level: InRegister: memory footprint: 2584 VS memory available: 400
CONSTRAINTS VIOLATION: Arch: Eyeriss_Constrained_17L_tile1_4x16 -> Level: WRegister: memory footprint: 229032 VS memory available: 4000
CONSTRAINTS VIOLATION: Arch: Eyeriss_Constrained_17L_tile1_4x16 -> Level: OutRegister: memory footprint: 128 VS memory available: 64",0.000e+00,0.000e+00,0.00e+00,0,0.0,0.0,
resnet18_17layer_2026-02-21T07:01:23.207777,resnet18,17layer,full,17,eyeriss,thesis_arch,1056,524,128,16,16,1,False,False,"Ill-posed constraints:
CONSTRAINTS VIOLATION: Arch: Eyeriss_Constrained_17L_tile1_16x16 -> Level: InRegister: memory footprint: 2584 VS memory available: 400
CONSTRAINTS VIOLATION: Arch: Eyeriss_Constrained_17L_tile1_16x16 -> Level: WRegister: memory footprint: 57258 VS memory available: 4000",0.000e+00,0.000e+00,0.00e+00,0,0.0,0.0,
resnet18_17layer_2026-02-21T07:01:23.875186,resnet18,17layer,full,17,eyeriss,thesis_arch,1056,524,128,16,32,1,False,False,"Ill-posed constraints:
CONSTRAINTS VIOLATION: Arch: Eyeriss_Constrained_17L_tile1_32x16 -> Level: InRegister: memory footprint: 2584 VS memory available: 400
CONSTRAINTS VIOLATION: Arch: Eyeriss_Constrained_17L_tile1_32x16 -> Level: WRegister: memory footprint: 28629 VS memory available: 4000",0.000e+00,0.000e+00,0.00e+00,0,0.0,0.0,
resnet18_17layer_2026-02-21T07:01:24.562048,resnet18,17layer,full,17,eyeriss,thesis_arch,1056,524,128,16,64,1,False,False,"Ill-posed constraints:
CONSTRAINTS VIOLATION: Arch: Eyeriss_Constrained_17L_tile1_64x16 -> Level: InRegister: memory footprint: 2584 VS memory available: 400
CONSTRAINTS VIOLATION: Arch: Eyeriss_Constrained_17L_tile1_64x16 -> Level: WRegister: memory footprint: 14325 VS memory available: 4000",0.000e+00,0.000e+00,0.00e+00,0,0.0,0.0,
resnet18_17layer_2026-02-21T07:01:25.163405,resnet18,17layer,full,17,eyeriss,thesis_arch,1056,524,128,16,128,1,False,False,"Ill-posed constraints:
CONSTRAINTS VIOLATION: Arch: Eyeriss_Constrained_17L_tile1_128x16 -> Level: InRegister: memory footprint: 2584 VS memory available: 400
CONSTRAINTS VIOLATION: Arch: Eyeriss_Constrained_17L_tile1_128x16 -> Level: WRegister: memory footprint: 7269 VS memory available: 4000",0.000e+00,0.000e+00,0.00e+00,0,0.0,0.0,
resnet18_17layer_2026-02-21T07:01:25.714073,resnet18,17layer,full,17,eyeriss,thesis_arch,1056,524,128,16,256,1,False,False,"Ill-posed constraints:
CONSTRAINTS VIOLATION: Arch: Eyeriss_Constrained_17L_tile1_256x16 -> Level: InRegister: memory footprint: 2584 VS memory available: 400",0.000e+00,0.000e+00,0.00e+00,0,0.0,0.0,
resnet18_17layer_2026-02-21T07:01:26.204217,resnet18,17layer,full,17,eyeriss,thesis_arch,1056,524,128,16,512,1,False,False,"Ill-posed constraints:
CONSTRAINTS VIOLATION: Arch: Eyeriss_Constrained_17L_tile1_512x16 -> Level: InRegister: memory footprint: 2584 VS memory available: 400",0.000e+00,0.000e+00,0.00e+00,0,0.0,0.0,
resnet18_17layer_2026-02-21T07:01:26.885599,resnet18,17layer,full,17,eyeriss,thesis_arch,1056,524,128,32,4,1,False,False,"Ill-posed constraints:
CONSTRAINTS VIOLATION: Arch: Eyeriss_Constrained_17L_tile1_4x32 -> Level: InRegister: memory footprint: 1286 VS memory available: 400
CONSTRAINTS VIOLATION: Arch: Eyeriss_Constrained_17L_tile1_4x32 -> Level: WRegister: memory footprint: 114544 VS memory available: 4000
CONSTRAINTS VIOLATION: Arch: Eyeriss_Constrained_17L_tile1_4x32 -> Level: OutRegister: memory footprint: 128 VS memory available: 64",0.000e+00,0.000e+00,0.00e+00,0,0.0,0.0,
resnet18_17layer_2026-02-21T07:01:27.457172,resnet18,17layer,full,17,eyeriss,thesis_arch,1056,524,128,32,16,1,False,False,"Ill-posed constraints:
CONSTRAINTS VIOLATION: Arch: Eyeriss_Constrained_17L_tile1_16x32 -> Level: InRegister: memory footprint: 1286 VS memory available: 400
CONSTRAINTS VIOLATION: Arch: Eyeriss_Constrained_17L_tile1_16x32 -> Level: WRegister: memory footprint: 28636 VS memory available: 4000",0.000e+00,0.000e+00,0.00e+00,0,0.0,0.0,
resnet18_17layer_2026-02-21T07:01:28.052269,resnet18,17layer,full,17,eyeriss,thesis_arch,1056,524,128,32,32,1,False,False,"Ill-posed constraints:
CONSTRAINTS VIOLATION: Arch: Eyeriss_Constrained_17L_tile1_32x32 -> Level: InRegister: memory footprint: 1286 VS memory available: 400
CONSTRAINTS VIOLATION: Arch: Eyeriss_Constrained_17L_tile1_32x32 -> Level: WRegister: memory footprint: 14318 VS memory available: 4000",0.000e+00,0.000e+00,0.00e+00,0,0.0,0.0,
resnet18_17layer_2026-02-21T07:01:28.909785,resnet18,17layer,full,17,eyeriss,thesis_arch,1056,524,128,32,64,1,False,False,"Ill-posed constraints:
CONSTRAINTS VIOLATION: Arch: Eyeriss_Constrained_17L_tile1_64x32 -> Level: InRegister: memory footprint: 1286 VS memory available: 400
CONSTRAINTS VIOLATION: Arch: Eyeriss_Constrained_17L_tile1_64x32 -> Level: WRegister: memory footprint: 7159 VS memory available: 4000",0.000e+00,0.000e+00,0.00e+00,0,0.0,0.0,
resnet18_17layer_2026-02-21T07:01:29.754745,resnet18,17layer,full,17,eyeriss,thesis_arch,1056,524,128,32,128,1,False,False,"Ill-posed constraints:
CONSTRAINTS VIOLATION: Arch: Eyeriss_Constrained_17L_tile1_128x32 -> Level: InRegister: memory footprint: 1286 VS memory available: 400",0.000e+00,0.000e+00,0.00e+00,0,0.0,0.0,
resnet18_17layer_2026-02-21T07:01:30.240772,resnet18,17layer,full,17,eyeriss,thesis_arch,1056,524,128,32,256,1,False,False,"Ill-posed constraints:
CONSTRAINTS VIOLATION: Arch: Eyeriss_Constrained_17L_tile1_256x32 -> Level: InRegister: memory footprint: 1286 VS memory available: 400",0.000e+00,0.000e+00,0.00e+00,0,0.0,0.0,
resnet18_17layer_2026-02-21T07:01:30.664971,resnet18,17layer,full,17,eyeriss,thesis_arch,1056,524,128,32,512,1,False,False,"Ill-posed constraints:
CONSTRAINTS VIOLATION: Arch: Eyeriss_Constrained_17L_tile1_512x32 -> Level: InRegister: memory footprint: 1286 VS memory available: 400",0.000e+00,0.000e+00,0.00e+00,0,0.0,0.0,
resnet18_17layer_2026-02-21T07:01:31.035147,resnet18,17layer,full,17,eyeriss,thesis_arch,1056,524,128,64,4,1,False,False,"Ill-posed constraints:
CONSTRAINTS VIOLATION: Arch: Eyeriss_Constrained_17L_tile1_4x64 -> Level: InRegister: memory footprint: 650 VS memory available: 400
CONSTRAINTS VIOLATION: Arch: Eyeriss_Constrained_17L_tile1_4x64 -> Level: WRegister: memory footprint: 57272 VS memory available: 4000
CONSTRAINTS VIOLATION: Arch: Eyeriss_Constrained_17L_tile1_4x64 -> Level: OutRegister: memory footprint: 128 VS memory available: 64",0.000e+00,0.000e+00,0.00e+00,0,0.0,0.0,
resnet18_17layer_2026-02-21T07:01:31.578536,resnet18,17layer,full,17,eyeriss,thesis_arch,1056,524,128,64,16,1,False,False,"Ill-posed constraints:
CONSTRAINTS VIOLATION: Arch: Eyeriss_Constrained_17L_tile1_16x64 -> Level: InRegister: memory footprint: 650 VS memory available: 400
CONSTRAINTS VIOLATION: Arch: Eyeriss_Constrained_17L_tile1_16x64 -> Level: WRegister: memory footprint: 14318 VS memory available: 4000",0.000e+00,0.000e+00,0.00e+00,0,0.0,0.0,
resnet18_17layer_2026-02-21T07:01:32.096241,resnet18,17layer,full,17,eyeriss,thesis_arch,1056,524,128,64,32,1,False,False,"Ill-posed constraints:
CONSTRAINTS VIOLATION: Arch: Eyeriss_Constrained_17L_tile1_32x64 -> Level: InRegister: memory footprint: 650 VS memory available: 400
CONSTRAINTS VIOLATION: Arch: Eyeriss_Constrained_17L_tile1_32x64 -> Level: WRegister: memory footprint: 7159 VS memory available: 4000",0.000e+00,0.000e+00,0.00e+00,0,0.0,0.0,
resnet18_17layer_2026-02-21T07:01:32.723397,resnet18,17layer,full,17,eyeriss,thesis_arch,1056,524,128,64,64,1,False,False,"Ill-posed constraints:
CONSTRAINTS VIOLATION: Arch: Eyeriss_Constrained_17L_tile1_64x64 -> Level: InRegister: memory footprint: 650 VS memory available: 400",0.000e+00,0.000e+00,0.00e+00,0,0.0,0.0,
resnet18_17layer_2026-02-21T07:01:33.708531,resnet18,17layer,full,17,eyeriss,thesis_arch,1056,524,128,64,128,1,False,False,"Ill-posed constraints:
CONSTRAINTS VIOLATION: Arch: Eyeriss_Constrained_17L_tile1_128x64 -> Level: InRegister: memory footprint: 650 VS memory available: 400",0.000e+00,0.000e+00,0.00e+00,0,0.0,0.0,
resnet18_17layer_2026-02-21T07:01:34.474541,resnet18,17layer,full,17,eyeriss,thesis_arch,1056,524,128,64,256,1,False,False,"Ill-posed constraints:
CONSTRAINTS VIOLATION: Arch: Eyeriss_Constrained_17L_tile1_256x64 -> Level: InRegister: memory footprint: 650 VS memory available: 400",0.000e+00,0.000e+00,0.00e+00,0,0.0,0.0,
resnet18_17layer_2026-02-21T07:01:35.105056,resnet18,17layer,full,17,eyeriss,thesis_arch,1056,524,128,128,4,1,False,False,"Ill-posed constraints:
CONSTRAINTS VIOLATION: Arch: Eyeriss_Constrained_17L_tile1_4x128 -> Level: WRegister: memory footprint: 28636 VS memory available: 4000
CONSTRAINTS VIOLATION: Arch: Eyeriss_Constrained_17L_tile1_4x128 -> Level: OutRegister: memory footprint: 128 VS memory available: 64",0.000e+00,0.000e+00,0.00e+00,0,0.0,0.0,
resnet18_17layer_2026-02-21T07:01:35.686128,resnet18,17layer,full,17,eyeriss,thesis_arch,1056,524,128,128,16,1,False,False,"Ill-posed constraints:
CONSTRAINTS VIOLATION: Arch: Eyeriss_Constrained_17L_tile1_16x128 -> Level: WRegister: memory footprint: 7159 VS memory available: 4000",0.000e+00,0.000e+00,0.00e+00,0,0.0,0.0,
resnet18_17layer_2026-02-21T07:01:36.264428,resnet18,17layer,full,17,eyeriss,thesis_arch,1056,524,128,128,32,1,False,True,,1.589e+05,3.059e+06,4.90e+05,"(5568237760, 2543810304)",0.0032886642329685856,0.785858154296875,DRAM[P=7 Q=7 Z16=1 C16=1 R16=1 S16=1 Y15=7 X15=7 Z15=1 C15=1 R15=1 S15=1 Y14=7 X14=7 Z14=1 C14=1 R14=1 S14=1 Y13=14 X13=14 Z13=1 C13=1 R13=1 S13=1 Y12=14 X12=14 Z12=1 C12=1 R12=1 S12=1 Y11=14 X11=14 Z11=1 C11=1 R11=1 S11=1 Y10=14 X10=14 Z10=1 C10=1 R10=1 S10=1 Y9=28 X9=28 Z9=1 C9=1 R9=1 S9=1 Y8=28 X8=28 Z8=1 C8=1 R8=1 S8=1 Y7=28 X7=28 Z7=1 C7=1 R7=1 S7=1 Y6=28 X6=28 Z6=1 C6=1 R6=1 S6=1 Y5=56 X5=56 Z5=1 C5=1 R5=1 S5=1 Y4=56 X4=56 Z4=1 C4=1 R4=1 S4=1 Y3=56 X3=56 Z3=1 C3=1 R3=1 S3=1 Y2=56 X2=56 Z2=1 C2=1 R2=1 S2=1 Y1=56 X1=56 Z1=1 C1=1 R1=1 S1=1 Y0=112 X0=112 Z0=1 C0=1 R0=1 S0=1] GlobalBuffer[P=1 Q=1 Z16=1 C16=1 R16=1 S16=1 Y15=1 X15=1 Z15=1 C15=1 R15=1 S15=1 Y14=1 X14=1 Z14=1 C14=1 R14=1 S14=1 Y13=1 X13=1 Z13=1 C13=1 R13=1 S13=1 Y12=1 X12=1 Z12=1 C12=1 R12=1 S12=1 Y11=1 X11=1 Z11=1 C11=1 R11=1 S11=1 Y10=1 X10=1 Z10=1 C10=1 R10=1 S10=1 Y9=1 X9=1 Z9=1 C9=1 R9=1 S9=1 Y8=1 X8=1 Z8=1 C8=1 R8=1 S8=1 Y7=1 X7=1 Z7=1 C7=1 R7=1 S7=1 Y6=1 X6=1 Z6=1 C6=1 R6=1 S6=1 Y5=1 X5=1 Z5=1 C5=1 R5=1 S5=1 Y4=1 X4=1 Z4=1 C4=1 R4=1 S4=1 Y3=1 X3=1 Z3=1 C3=1 R3=1 S3=1 Y2=1 X2=1 Z2=1 C2=1 R2=1 S2=1 Y1=1 X1=1 Z1=1 C1=1 R1=1 S1=1 Y0=1 X0=1 Z0=1 C0=1 R0=1 S0=1] SACols[Q=1 Z16=32] SARows[S16=3 C16=32 Z16=1] SACols_15[X15=1 Z15=32] SARows_15[S15=3 C15=32 Z15=1] SACols_14[X14=1 Z14=32] SARows_14[S14=3 C14=32 Z14=1] SACols_13[X13=1 Z13=32] SARows_13[S13=3 C13=32 Z13=1] SACols_12[X12=1 Z12=32] SARows_12[S12=3 C12=32 Z12=1] SACols_11[X11=1 Z11=32] SARows_11[S11=3 C11=32 Z11=1] SACols_10[X10=1 Z10=32] SARows_10[S10=3 C10=32 Z10=1] SACols_9[X9=1 Z9=32] SARows_9[S9=3 C9=32 Z9=1] SACols_8[X8=1 Z8=32] SARows_8[S8=3 C8=32 Z8=1] SACols_7[X7=1 Z7=32] SARows_7[S7=3 C7=32 Z7=1] SACols_6[X6=1 Z6=32] SARows_6[S6=3 C6=32 Z6=1] SACols_5[X5=1 Z5=32] SARows_5[S5=3 C5=32 Z5=1] SACols_4[X4=1 Z4=32] SARows_4[S4=3 C4=32 Z4=1] SACols_3[X3=1 Z3=32] SARows_3[S3=3 C3=32 Z3=1] SACols_2[X2=1 Z2=32] SARows_2[S2=3 C2=32 Z2=1] SACols_1[X1=1 Z1=32] SARows_1[S1=3 C1=32 Z1=1] SACols_0[X0=1 Z0=32] SARows_0[S0=7 C0=3 Z0=2] InRegister[P=1 Q=1 Z16=1 C16=1 R16=1 S16=1 Y15=1 X15=1 Z15=1 C15=1 R15=1 S15=1 Y14=1 X14=1 Z14=1 C14=1 R14=1 S14=1 Y13=1 X13=1 Z13=1 C13=1 R13=1 S13=1 Y12=1 X12=1 Z12=1 C12=1 R12=1 S12=1 Y11=1 X11=1 Z11=1 C11=1 R11=1 S11=1 Y10=1 X10=1 Z10=1 C10=1 R10=1 S10=1 Y9=1 X9=1 Z9=1 C9=1 R9=1 S9=1 Y8=1 X8=1 Z8=1 C8=1 R8=1 S8=1 Y7=1 X7=1 Z7=1 C7=1 R7=1 S7=1 Y6=1 X6=1 Z6=1 C6=1 R6=1 S6=1 Y5=1 X5=1 Z5=1 C5=1 R5=1 S5=1 Y4=1 X4=1 Z4=1 C4=1 R4=1 S4=1 Y3=1 X3=1 Z3=1 C3=1 R3=1 S3=1 Y2=1 X2=1 Z2=1 C2=1 R2=1 S2=1 Y1=1 X1=1 Z1=1 C1=1 R1=1 S1=1 Y0=1 X0=1 Z0=1 C0=1 R0=1 S0=1] WRegister[P=1 Q=1 Z16=1 C16=16 R16=3 S16=1 Y15=1 X15=1 Z15=1 C15=16 R15=3 S15=1 Y14=1 X14=1 Z14=1 C14=16 R14=3 S14=1 Y13=1 X13=1 Z13=1 C13=8 R13=3 S13=1 Y12=1 X12=1 Z12=1 C12=8 R12=3 S12=1 Y11=1 X11=1 Z11=1 C11=8 R11=3 S11=1 Y10=1 X10=1 Z10=1 C10=8 R10=3 S10=1 Y9=1 X9=1 Z9=1 C9=4 R9=3 S9=1 Y8=1 X8=1 Z8=1 C8=4 R8=3 S8=1 Y7=1 X7=1 Z7=1 C7=4 R7=3 S7=1 Y6=1 X6=1 Z6=1 C6=4 R6=3 S6=1 Y5=1 X5=1 Z5=1 C5=2 R5=3 S5=1 Y4=1 X4=1 Z4=1 C4=2 R4=3 S4=1 Y3=1 X3=1 Z3=1 C3=2 R3=3 S3=1 Y2=1 X2=1 Z2=1 C2=2 R2=3 S2=1 Y1=1 X1=1 Z1=1 C1=2 R1=3 S1=1 Y0=1 X0=1 Z0=1 C0=1 R0=7 S0=1] IntermediateRegister[P=1 Q=1 Z16=1 C16=1 R16=1 S16=1 Y15=1 X15=1 Z15=16 C15=1 R15=1 S15=1 Y14=1 X14=1 Z14=16 C14=1 R14=1 S14=1 Y13=1 X13=1 Z13=16 C13=1 R13=1 S13=1 Y12=1 X12=1 Z12=8 C12=1 R12=1 S12=1 Y11=1 X11=1 Z11=8 C11=1 R11=1 S11=1 Y10=1 X10=1 Z10=8 C10=1 R10=1 S10=1 Y9=1 X9=1 Z9=8 C9=1 R9=1 S9=1 Y8=1 X8=1 Z8=4 C8=1 R8=1 S8=1 Y7=1 X7=1 Z7=4 C7=1 R7=1 S7=1 Y6=1 X6=1 Z6=4 C6=1 R6=1 S6=1 Y5=1 X5=1 Z5=4 C5=1 R5=1 S5=1 Y4=1 X4=1 Z4=2 C4=1 R4=1 S4=1 Y3=1 X3=1 Z3=2 C3=1 R3=1 S3=1 Y2=1 X2=1 Z2=2 C2=1 R2=1 S2=1 Y1=1 X1=1 Z1=2 C1=1 R1=1 S1=1 Y0=1 X0=1 Z0=1 C0=1 R0=1 S0=1] OutRegister[P=1 Q=1 Z16=16 C16=1 R16=1 S16=1 Y15=1 X15=1 Z15=1 C15=1 R15=1 S15=1 Y14=1 X14=1 Z14=1 C14=1 R14=1 S14=1 Y13=1 X13=1 Z13=1 C13=1 R13=1 S13=1 Y12=1 X12=1 Z12=1 C12=1 R12=1 S12=1 Y11=1 X11=1 Z11=1 C11=1 R11=1 S11=1 Y10=1 X10=1 Z10=1 C10=1 R10=1 S10=1 Y9=1 X9=1 Z9=1 C9=1 R9=1 S9=1 Y8=1 X8=1 Z8=1 C8=1 R8=1 S8=1 Y7=1 X7=1 Z7=1 C7=1 R7=1 S7=1 Y6=1 X6=1 Z6=1 C6=1 R6=1 S6=1 Y5=1 X5=1 Z5=1 C5=1 R5=1 S5=1 Y4=1 X4=1 Z4=1 C4=1 R4=1 S4=1 Y3=1 X3=1 Z3=1 C3=1 R3=1 S3=1 Y2=1 X2=1 Z2=1 C2=1 R2=1 S2=1 Y1=1 X1=1 Z1=1 C1=1 R1=1 S1=1 Y0=1 X0=1 Z0=1 C0=1 R0=1 S0=1] Compute] 
resnet18_17layer_2026-02-21T07:01:37.618767,resnet18,17layer,full,17,eyeriss,thesis_arch,1056,524,128,128,64,1,False,True,,1.610e+05,3.042e+06,4.96e+05,"(6045110464, 2543810304)",0.0016443321164842928,0.4534316062927246,DRAM[P=7 Q=7 Z16=1 C16=1 R16=1 S16=1 Y15=7 X15=7 Z15=1 C15=1 R15=1 S15=1 Y14=7 X14=7 Z14=1 C14=1 R14=1 S14=1 Y13=14 X13=14 Z13=1 C13=1 R13=1 S13=1 Y12=14 X12=14 Z12=1 C12=1 R12=1 S12=1 Y11=14 X11=14 Z11=1 C11=1 R11=1 S11=1 Y10=14 X10=14 Z10=1 C10=1 R10=1 S10=1 Y9=28 X9=28 Z9=1 C9=1 R9=1 S9=1 Y8=28 X8=28 Z8=1 C8=1 R8=1 S8=1 Y7=28 X7=28 Z7=1 C7=1 R7=1 S7=1 Y6=28 X6=28 Z6=1 C6=1 R6=1 S6=1 Y5=56 X5=56 Z5=1 C5=1 R5=1 S5=1 Y4=56 X4=56 Z4=1 C4=1 R4=1 S4=1 Y3=56 X3=56 Z3=1 C3=1 R3=1 S3=1 Y2=56 X2=56 Z2=1 C2=1 R2=1 S2=1 Y1=56 X1=56 Z1=1 C1=1 R1=1 S1=1 Y0=112 X0=112 Z0=1 C0=1 R0=1 S0=1] GlobalBuffer[P=1 Q=1 Z16=1 C16=1 R16=1 S16=1 Y15=1 X15=1 Z15=1 C15=1 R15=1 S15=1 Y14=1 X14=1 Z14=1 C14=1 R14=1 S14=1 Y13=1 X13=1 Z13=1 C13=1 R13=1 S13=1 Y12=1 X12=1 Z12=1 C12=1 R12=1 S12=1 Y11=1 X11=1 Z11=1 C11=1 R11=1 S11=1 Y10=1 X10=1 Z10=1 C10=1 R10=1 S10=1 Y9=1 X9=1 Z9=1 C9=1 R9=1 S9=1 Y8=1 X8=1 Z8=1 C8=1 R8=1 S8=1 Y7=1 X7=1 Z7=1 C7=1 R7=1 S7=1 Y6=1 X6=1 Z6=1 C6=1 R6=1 S6=1 Y5=1 X5=1 Z5=1 C5=1 R5=1 S5=1 Y4=1 X4=1 Z4=1 C4=1 R4=1 S4=1 Y3=1 X3=1 Z3=1 C3=1 R3=1 S3=1 Y2=1 X2=1 Z2=1 C2=1 R2=1 S2=1 Y1=1 X1=1 Z1=1 C1=1 R1=1 S1=1 Y0=1 X0=1 Z0=1 C0=1 R0=1 S0=1] SACols[Q=1 Z16=64] SARows[S16=3 C16=32 Z16=1] SACols_15[X15=1 Z15=64] SARows_15[S15=3 C15=32 Z15=1] SACols_14[X14=1 Z14=64] SARows_14[S14=3 C14=32 Z14=1] SACols_13[X13=1 Z13=64] SARows_13[S13=3 C13=32 Z13=1] SACols_12[X12=1 Z12=64] SARows_12[S12=3 C12=32 Z12=1] SACols_11[X11=1 Z11=64] SARows_11[S11=3 C11=32 Z11=1] SACols_10[X10=1 Z10=64] SARows_10[S10=3 C10=32 Z10=1] SACols_9[X9=1 Z9=64] SARows_9[S9=3 C9=32 Z9=1] SACols_8[X8=1 Z8=64] SARows_8[S8=3 C8=32 Z8=1] SACols_7[X7=1 Z7=64] SARows_7[S7=3 C7=32 Z7=1] SACols_6[X6=1 Z6=64] SARows_6[S6=3 C6=32 Z6=1] SACols_5[X5=1 Z5=64] SARows_5[S5=3 C5=32 Z5=1] SACols_4[X4=1 Z4=64] SARows_4[S4=3 C4=32 Z4=1] SACols_3[X3=1 Z3=64] SARows_3[S3=3 C3=32 Z3=1] SACols_2[X2=1 Z2=64] SARows_2[S2=3 C2=32 Z2=1] SACols_1[X1=1 Z1=64] SARows_1[S1=3 C1=32 Z1=1] SACols_0[X0=1 Z0=64] SARows_0[S0=7 C0=3 Z0=1] InRegister[P=1 Q=1 Z16=1 C16=1 R16=1 S16=1 Y15=1 X15=1 Z15=1 C15=1 R15=1 S15=1 Y14=1 X14=1 Z14=1 C14=1 R14=1 S14=1 Y13=1 X13=1 Z13=1 C13=1 R13=1 S13=1 Y12=1 X12=1 Z12=1 C12=1 R12=1 S12=1 Y11=1 X11=1 Z11=1 C11=1 R11=1 S11=1 Y10=1 X10=1 Z10=1 C10=1 R10=1 S10=1 Y9=1 X9=1 Z9=1 C9=1 R9=1 S9=1 Y8=1 X8=1 Z8=1 C8=1 R8=1 S8=1 Y7=1 X7=1 Z7=1 C7=1 R7=1 S7=1 Y6=1 X6=1 Z6=1 C6=1 R6=1 S6=1 Y5=1 X5=1 Z5=1 C5=1 R5=1 S5=1 Y4=1 X4=1 Z4=1 C4=1 R4=1 S4=1 Y3=1 X3=1 Z3=1 C3=1 R3=1 S3=1 Y2=1 X2=1 Z2=1 C2=1 R2=1 S2=1 Y1=1 X1=1 Z1=1 C1=1 R1=1 S1=1 Y0=1 X0=1 Z0=1 C0=1 R0=1 S0=1] WRegister[P=1 Q=1 Z16=1 C16=16 R16=3 S16=1 Y15=1 X15=1 Z15=1 C15=16 R15=3 S15=1 Y14=1 X14=1 Z14=1 C14=16 R14=3 S14=1 Y13=1 X13=1 Z13=1 C13=8 R13=3 S13=1 Y12=1 X12=1 Z12=1 C12=8 R12=3 S12=1 Y11=1 X11=1 Z11=1 C11=8 R11=3 S11=1 Y10=1 X10=1 Z10=1 C10=8 R10=3 S10=1 Y9=1 X9=1 Z9=1 C9=4 R9=3 S9=1 Y8=1 X8=1 Z8=1 C8=4 R8=3 S8=1 Y7=1 X7=1 Z7=1 C7=4 R7=3 S7=1 Y6=1 X6=1 Z6=1 C6=4 R6=3 S6=1 Y5=1 X5=1 Z5=1 C5=2 R5=3 S5=1 Y4=1 X4=1 Z4=1 C4=2 R4=3 S4=1 Y3=1 X3=1 Z3=1 C3=2 R3=3 S3=1 Y2=1 X2=1 Z2=1 C2=2 R2=3 S2=1 Y1=1 X1=1 Z1=1 C1=2 R1=3 S1=1 Y0=1 X0=1 Z0=1 C0=1 R0=7 S0=1] IntermediateRegister[P=1 Q=1 Z16=1 C16=1 R16=1 S16=1 Y15=1 X15=1 Z15=8 C15=1 R15=1 S15=1 Y14=1 X14=1 Z14=8 C14=1 R14=1 S14=1 Y13=1 X13=1 Z13=8 C13=1 R13=1 S13=1 Y12=1 X12=1 Z12=4 C12=1 R12=1 S12=1 Y11=1 X11=1 Z11=4 C11=1 R11=1 S11=1 Y10=1 X10=1 Z10=4 C10=1 R10=1 S10=1 Y9=1 X9=1 Z9=4 C9=1 R9=1 S9=1 Y8=1 X8=1 Z8=2 C8=1 R8=1 S8=1 Y7=1 X7=1 Z7=2 C7=1 R7=1 S7=1 Y6=1 X6=1 Z6=2 C6=1 R6=1 S6=1 Y5=1 X5=1 Z5=2 C5=1 R5=1 S5=1 Y4=1 X4=1 Z4=1 C4=1 R4=1 S4=1 Y3=1 X3=1 Z3=1 C3=1 R3=1 S3=1 Y2=1 X2=1 Z2=1 C2=1 R2=1 S2=1 Y1=1 X1=1 Z1=1 C1=1 R1=1 S1=1 Y0=1 X0=1 Z0=1 C0=1 R0=1 S0=1] OutRegister[P=1 Q=1 Z16=8 C16=1 R16=1 S16=1 Y15=1 X15=1 Z15=1 C15=1 R15=1 S15=1 Y14=1 X14=1 Z14=1 C14=1 R14=1 S14=1 Y13=1 X13=1 Z13=1 C13=1 R13=1 S13=1 Y12=1 X12=1 Z12=1 C12=1 R12=1 S12=1 Y11=1 X11=1 Z11=1 C11=1 R11=1 S11=1 Y10=1 X10=1 Z10=1 C10=1 R10=1 S10=1 Y9=1 X9=1 Z9=1 C9=1 R9=1 S9=1 Y8=1 X8=1 Z8=1 C8=1 R8=1 S8=1 Y7=1 X7=1 Z7=1 C7=1 R7=1 S7=1 Y6=1 X6=1 Z6=1 C6=1 R6=1 S6=1 Y5=1 X5=1 Z5=1 C5=1 R5=1 S5=1 Y4=1 X4=1 Z4=1 C4=1 R4=1 S4=1 Y3=1 X3=1 Z3=1 C3=1 R3=1 S3=1 Y2=1 X2=1 Z2=1 C2=1 R2=1 S2=1 Y1=1 X1=1 Z1=1 C1=1 R1=1 S1=1 Y0=1 X0=1 Z0=1 C0=1 R0=1 S0=1] Compute] 
resnet18_17layer_2026-02-21T07:01:38.984931,resnet18,17layer,full,17,eyeriss,thesis_arch,1056,524,128,128,128,1,False,True,,1.632e+05,3.042e+06,5.05e+05,"(6536433856, 2543810304)",5.138537864013415e-05,0.645510196685791,DRAM[P=7 Q=7 Z16=1 C16=1 R16=1 S16=1 Y15=7 X15=7 Z15=1 C15=1 R15=1 S15=1 Y14=7 X14=7 Z14=1 C14=1 R14=1 S14=1 Y13=14 X13=14 Z13=1 C13=1 R13=1 S13=1 Y12=14 X12=14 Z12=1 C12=1 R12=1 S12=1 Y11=14 X11=14 Z11=1 C11=1 R11=1 S11=1 Y10=14 X10=14 Z10=1 C10=1 R10=1 S10=1 Y9=28 X9=28 Z9=1 C9=1 R9=1 S9=1 Y8=28 X8=28 Z8=1 C8=1 R8=1 S8=1 Y7=28 X7=28 Z7=1 C7=1 R7=1 S7=1 Y6=28 X6=28 Z6=1 C6=1 R6=1 S6=1 Y5=56 X5=56 Z5=1 C5=1 R5=1 S5=1 Y4=56 X4=56 Z4=1 C4=1 R4=1 S4=1 Y3=56 X3=56 Z3=1 C3=1 R3=1 S3=1 Y2=56 X2=56 Z2=1 C2=1 R2=1 S2=1 Y1=56 X1=56 Z1=1 C1=1 R1=1 S1=1 Y0=112 X0=112 Z0=1 C0=1 R0=1 S0=1] GlobalBuffer[P=1 Q=1 Z16=1 C16=1 R16=1 S16=1 Y15=1 X15=1 Z15=1 C15=1 R15=1 S15=1 Y14=1 X14=1 Z14=1 C14=1 R14=1 S14=1 Y13=1 X13=1 Z13=1 C13=1 R13=1 S13=1 Y12=1 X12=1 Z12=1 C12=1 R12=1 S12=1 Y11=1 X11=1 Z11=1 C11=1 R11=1 S11=1 Y10=1 X10=1 Z10=1 C10=1 R10=1 S10=1 Y9=1 X9=1 Z9=1 C9=1 R9=1 S9=1 Y8=1 X8=1 Z8=1 C8=1 R8=1 S8=1 Y7=1 X7=1 Z7=1 C7=1 R7=1 S7=1 Y6=1 X6=1 Z6=1 C6=1 R6=1 S6=1 Y5=1 X5=1 Z5=1 C5=1 R5=1 S5=1 Y4=1 X4=1 Z4=1 C4=1 R4=1 S4=1 Y3=1 X3=1 Z3=1 C3=1 R3=1 S3=1 Y2=1 X2=1 Z2=1 C2=1 R2=1 S2=1 Y1=1 X1=1 Z1=1 C1=1 R1=1 S1=1 Y0=1 X0=1 Z0=1 C0=1 R0=1 S0=1] SACols[Q=1 Z16=128] SARows[S16=3 C16=32 Z16=1] SACols_15[X15=1 Z15=128] SARows_15[S15=3 C15=32 Z15=1] SACols_14[X14=1 Z14=128] SARows_14[S14=3 C14=32 Z14=1] SACols_13[X13=1 Z13=128] SARows_13[S13=3 C13=32 Z13=1] SACols_12[X12=1 Z12=128] SARows_12[S12=3 C12=32 Z12=1] SACols_11[X11=1 Z11=128] SARows_11[S11=3 C11=32 Z11=1] SACols_10[X10=1 Z10=128] SARows_10[S10=3 C10=32 Z10=1] SACols_9[X9=1 Z9=128] SARows_9[S9=3 C9=32 Z9=1] SACols_8[X8=1 Z8=128] SARows_8[S8=3 C8=32 Z8=1] SACols_7[X7=1 Z7=128] SARows_7[S7=3 C7=32 Z7=1] SACols_6[X6=1 Z6=128] SARows_6[S6=3 C6=32 Z6=1] SACols_5[X5=1 Z5=128] SARows_5[S5=3 C5=32 Z5=1] SACols_4[X4=1 Z4=64] SARows_4[S4=3 C4=32 Z4=1] SACols_3[X3=1 Z3=64] SARows_3[S3=3 C3=32 Z3=1] SACols_2[X2=1 Z2=64] SARows_2[S2=3 C2=32 Z2=1] SACols_1[X1=1 Z1=64] SARows_1[S1=3 C1=32 Z1=1] SACols_0[X0=1 Z0=64] SARows_0[S0=7 C0=3 Z0=1] InRegister[P=1 Q=1 Z16=1 C16=1 R16=1 S16=1 Y15=1 X15=1 Z15=1 C15=1 R15=1 S15=1 Y14=1 X14=1 Z14=1 C14=1 R14=1 S14=1 Y13=1 X13=1 Z13=1 C13=1 R13=1 S13=1 Y12=1 X12=1 Z12=1 C12=1 R12=1 S12=1 Y11=1 X11=1 Z11=1 C11=1 R11=1 S11=1 Y10=1 X10=1 Z10=1 C10=1 R10=1 S10=1 Y9=1 X9=1 Z9=1 C9=1 R9=1 S9=1 Y8=1 X8=1 Z8=1 C8=1 R8=1 S8=1 Y7=1 X7=1 Z7=1 C7=1 R7=1 S7=1 Y6=1 X6=1 Z6=1 C6=1 R6=1 S6=1 Y5=1 X5=1 Z5=1 C5=1 R5=1 S5=1 Y4=1 X4=1 Z4=1 C4=1 R4=1 S4=1 Y3=1 X3=1 Z3=1 C3=1 R3=1 S3=1 Y2=1 X2=1 Z2=1 C2=1 R2=1 S2=1 Y1=1 X1=1 Z1=1 C1=1 R1=1 S1=1 Y0=1 X0=1 Z0=1 C0=1 R0=1 S0=1] WRegister[P=1 Q=1 Z16=1 C16=16 R16=3 S16=1 Y15=1 X15=1 Z15=1 C15=16 R15=3 S15=1 Y14=1 X14=1 Z14=1 C14=16 R14=3 S14=1 Y13=1 X13=1 Z13=1 C13=8 R13=3 S13=1 Y12=1 X12=1 Z12=1 C12=8 R12=3 S12=1 Y11=1 X11=1 Z11=1 C11=8 R11=3 S11=1 Y10=1 X10=1 Z10=1 C10=8 R10=3 S10=1 Y9=1 X9=1 Z9=1 C9=4 R9=3 S9=1 Y8=1 X8=1 Z8=1 C8=4 R8=3 S8=1 Y7=1 X7=1 Z7=1 C7=4 R7=3 S7=1 Y6=1 X6=1 Z6=1 C6=4 R6=3 S6=1 Y5=1 X5=1 Z5=1 C5=2 R5=3 S5=1 Y4=1 X4=1 Z4=1 C4=2 R4=3 S4=1 Y3=1 X3=1 Z3=1 C3=2 R3=3 S3=1 Y2=1 X2=1 Z2=1 C2=2 R2=3 S2=1 Y1=1 X1=1 Z1=1 C1=2 R1=3 S1=1 Y0=1 X0=1 Z0=1 C0=1 R0=7 S0=1] IntermediateRegister[P=1 Q=1 Z16=1 C16=1 R16=1 S16=1 Y15=1 X15=1 Z15=4 C15=1 R15=1 S15=1 Y14=1 X14=1 Z14=4 C14=1 R14=1 S14=1 Y13=1 X13=1 Z13=4 C13=1 R13=1 S13=1 Y12=1 X12=1 Z12=2 C12=1 R12=1 S12=1 Y11=1 X11=1 Z11=2 C11=1 R11=1 S11=1 Y10=1 X10=1 Z10=2 C10=1 R10=1 S10=1 Y9=1 X9=1 Z9=2 C9=1 R9=1 S9=1 Y8=1 X8=1 Z8=1 C8=1 R8=1 S8=1 Y7=1 X7=1 Z7=1 C7=1 R7=1 S7=1 Y6=1 X6=1 Z6=1 C6=1 R6=1 S6=1 Y5=1 X5=1 Z5=1 C5=1 R5=1 S5=1 Y4=1 X4=1 Z4=1 C4=1 R4=1 S4=1 Y3=1 X3=1 Z3=1 C3=1 R3=1 S3=1 Y2=1 X2=1 Z2=1 C2=1 R2=1 S2=1 Y1=1 X1=1 Z1=1 C1=1 R1=1 S1=1 Y0=1 X0=1 Z0=1 C0=1 R0=1 S0=1] OutRegister[P=1 Q=1 Z16=4 C16=1 R16=1 S16=1 Y15=1 X15=1 Z15=1 C15=1 R15=1 S15=1 Y14=1 X14=1 Z14=1 C14=1 R14=1 S14=1 Y13=1 X13=1 Z13=1 C13=1 R13=1 S13=1 Y12=1 X12=1 Z12=1 C12=1 R12=1 S12=1 Y11=1 X11=1 Z11=1 C11=1 R11=1 S11=1 Y10=1 X10=1 Z10=1 C10=1 R10=1 S10=1 Y9=1 X9=1 Z9=1 C9=1 R9=1 S9=1 Y8=1 X8=1 Z8=1 C8=1 R8=1 S8=1 Y7=1 X7=1 Z7=1 C7=1 R7=1 S7=1 Y6=1 X6=1 Z6=1 C6=1 R6=1 S6=1 Y5=1 X5=1 Z5=1 C5=1 R5=1 S5=1 Y4=1 X4=1 Z4=1 C4=1 R4=1 S4=1 Y3=1 X3=1 Z3=1 C3=1 R3=1 S3=1 Y2=1 X2=1 Z2=1 C2=1 R2=1 S2=1 Y1=1 X1=1 Z1=1 C1=1 R1=1 S1=1 Y0=1 X0=1 Z0=1 C0=1 R0=1 S0=1] Compute] 
resnet18_17layer_2026-02-21T07:01:40.393788,resnet18,17layer,full,17,eyeriss,thesis_arch,1056,524,128,256,4,1,False,False,"Ill-posed constraints:
CONSTRAINTS VIOLATION: Arch: Eyeriss_Constrained_17L_tile1_4x256 -> Level: WRegister: memory footprint: 14318 VS memory available: 4000
CONSTRAINTS VIOLATION: Arch: Eyeriss_Constrained_17L_tile1_4x256 -> Level: OutRegister: memory footprint: 128 VS memory available: 64",0.000e+00,0.000e+00,0.00e+00,0,0.0,0.0,
resnet18_17layer_2026-02-21T07:01:40.887912,resnet18,17layer,full,17,eyeriss,thesis_arch,1056,524,128,256,16,1,False,True,,1.621e+05,3.059e+06,4.98e+05,"(5522477248, 2736486144)",0.0032886642329685856,0.6671099662780762,DRAM[P=7 Q=7 Z16=1 C16=1 R16=1 S16=1 Y15=7 X15=7 Z15=1 C15=1 R15=1 S15=1 Y14=7 X14=7 Z14=1 C14=1 R14=1 S14=1 Y13=14 X13=14 Z13=1 C13=1 R13=1 S13=1 Y12=14 X12=14 Z12=1 C12=1 R12=1 S12=1 Y11=14 X11=14 Z11=1 C11=1 R11=1 S11=1 Y10=14 X10=14 Z10=1 C10=1 R10=1 S10=1 Y9=28 X9=28 Z9=1 C9=1 R9=1 S9=1 Y8=28 X8=28 Z8=1 C8=1 R8=1 S8=1 Y7=28 X7=28 Z7=1 C7=1 R7=1 S7=1 Y6=28 X6=28 Z6=1 C6=1 R6=1 S6=1 Y5=56 X5=56 Z5=1 C5=1 R5=1 S5=1 Y4=56 X4=56 Z4=1 C4=1 R4=1 S4=1 Y3=56 X3=56 Z3=1 C3=1 R3=1 S3=1 Y2=56 X2=56 Z2=1 C2=1 R2=1 S2=1 Y1=56 X1=56 Z1=1 C1=1 R1=1 S1=1 Y0=112 X0=112 Z0=1 C0=1 R0=1 S0=1] GlobalBuffer[P=1 Q=1 Z16=1 C16=1 R16=1 S16=1 Y15=1 X15=1 Z15=1 C15=1 R15=1 S15=1 Y14=1 X14=1 Z14=1 C14=1 R14=1 S14=1 Y13=1 X13=1 Z13=1 C13=1 R13=1 S13=1 Y12=1 X12=1 Z12=1 C12=1 R12=1 S12=1 Y11=1 X11=1 Z11=1 C11=1 R11=1 S11=1 Y10=1 X10=1 Z10=1 C10=1 R10=1 S10=1 Y9=1 X9=1 Z9=1 C9=1 R9=1 S9=1 Y8=1 X8=1 Z8=1 C8=1 R8=1 S8=1 Y7=1 X7=1 Z7=1 C7=1 R7=1 S7=1 Y6=1 X6=1 Z6=1 C6=1 R6=1 S6=1 Y5=1 X5=1 Z5=1 C5=1 R5=1 S5=1 Y4=1 X4=1 Z4=1 C4=1 R4=1 S4=1 Y3=1 X3=1 Z3=1 C3=1 R3=1 S3=1 Y2=1 X2=1 Z2=1 C2=1 R2=1 S2=1 Y1=1 X1=1 Z1=1 C1=1 R1=1 S1=1 Y0=1 X0=1 Z0=1 C0=1 R0=1 S0=1] SACols[Q=1 Z16=16] SARows[S16=3 C16=64 Z16=1] SACols_15[X15=1 Z15=16] SARows_15[S15=3 C15=64 Z15=1] SACols_14[X14=1 Z14=16] SARows_14[S14=3 C14=64 Z14=1] SACols_13[X13=1 Z13=16] SARows_13[S13=3 C13=64 Z13=1] SACols_12[X12=1 Z12=16] SARows_12[S12=3 C12=64 Z12=1] SACols_11[X11=1 Z11=16] SARows_11[S11=3 C11=64 Z11=1] SACols_10[X10=1 Z10=16] SARows_10[S10=3 C10=64 Z10=1] SACols_9[X9=1 Z9=16] SARows_9[S9=3 C9=64 Z9=1] SACols_8[X8=1 Z8=16] SARows_8[S8=3 C8=64 Z8=1] SACols_7[X7=1 Z7=16] SARows_7[S7=3 C7=64 Z7=1] SACols_6[X6=1 Z6=16] SARows_6[S6=3 C6=64 Z6=1] SACols_5[X5=1 Z5=16] SARows_5[S5=3 C5=64 Z5=1] SACols_4[X4=1 Z4=16] SARows_4[S4=3 C4=64 Z4=1] SACols_3[X3=1 Z3=16] SARows_3[S3=3 C3=64 Z3=1] SACols_2[X2=1 Z2=16] SARows_2[S2=3 C2=64 Z2=1] SACols_1[X1=1 Z1=16] SARows_1[S1=3 C1=64 Z1=1] SACols_0[X0=1 Z0=16] SARows_0[S0=7 C0=3 Z0=4] InRegister[P=1 Q=1 Z16=1 C16=1 R16=1 S16=1 Y15=1 X15=1 Z15=1 C15=1 R15=1 S15=1 Y14=1 X14=1 Z14=1 C14=1 R14=1 S14=1 Y13=1 X13=1 Z13=1 C13=1 R13=1 S13=1 Y12=1 X12=1 Z12=1 C12=1 R12=1 S12=1 Y11=1 X11=1 Z11=1 C11=1 R11=1 S11=1 Y10=1 X10=1 Z10=1 C10=1 R10=1 S10=1 Y9=1 X9=1 Z9=1 C9=1 R9=1 S9=1 Y8=1 X8=1 Z8=1 C8=1 R8=1 S8=1 Y7=1 X7=1 Z7=1 C7=1 R7=1 S7=1 Y6=1 X6=1 Z6=1 C6=1 R6=1 S6=1 Y5=1 X5=1 Z5=1 C5=1 R5=1 S5=1 Y4=1 X4=1 Z4=1 C4=1 R4=1 S4=1 Y3=1 X3=1 Z3=1 C3=1 R3=1 S3=1 Y2=1 X2=1 Z2=1 C2=1 R2=1 S2=1 Y1=1 X1=1 Z1=1 C1=1 R1=1 S1=1 Y0=1 X0=1 Z0=1 C0=1 R0=1 S0=1] WRegister[P=1 Q=1 Z16=1 C16=8 R16=3 S16=1 Y15=1 X15=1 Z15=1 C15=8 R15=3 S15=1 Y14=1 X14=1 Z14=1 C14=8 R14=3 S14=1 Y13=1 X13=1 Z13=1 C13=4 R13=3 S13=1 Y12=1 X12=1 Z12=1 C12=4 R12=3 S12=1 Y11=1 X11=1 Z11=1 C11=4 R11=3 S11=1 Y10=1 X10=1 Z10=1 C10=4 R10=3 S10=1 Y9=1 X9=1 Z9=1 C9=2 R9=3 S9=1 Y8=1 X8=1 Z8=1 C8=2 R8=3 S8=1 Y7=1 X7=1 Z7=1 C7=2 R7=3 S7=1 Y6=1 X6=1 Z6=1 C6=2 R6=3 S6=1 Y5=1 X5=1 Z5=1 C5=1 R5=3 S5=1 Y4=1 X4=1 Z4=1 C4=1 R4=3 S4=1 Y3=1 X3=1 Z3=1 C3=1 R3=3 S3=1 Y2=1 X2=1 Z2=1 C2=1 R2=3 S2=1 Y1=1 X1=1 Z1=1 C1=1 R1=3 S1=1 Y0=1 X0=1 Z0=1 C0=1 R0=7 S0=1] IntermediateRegister[P=1 Q=1 Z16=1 C16=1 R16=1 S16=1 Y15=1 X15=1 Z15=32 C15=1 R15=1 S15=1 Y14=1 X14=1 Z14=32 C14=1 R14=1 S14=1 Y13=1 X13=1 Z13=32 C13=1 R13=1 S13=1 Y12=1 X12=1 Z12=16 C12=1 R12=1 S12=1 Y11=1 X11=1 Z11=16 C11=1 R11=1 S11=1 Y10=1 X10=1 Z10=16 C10=1 R10=1 S10=1 Y9=1 X9=1 Z9=16 C9=1 R9=1 S9=1 Y8=1 X8=1 Z8=8 C8=1 R8=1 S8=1 Y7=1 X7=1 Z7=8 C7=1 R7=1 S7=1 Y6=1 X6=1 Z6=8 C6=1 R6=1 S6=1 Y5=1 X5=1 Z5=8 C5=1 R5=1 S5=1 Y4=1 X4=1 Z4=4 C4=1 R4=1 S4=1 Y3=1 X3=1 Z3=4 C3=1 R3=1 S3=1 Y2=1 X2=1 Z2=4 C2=1 R2=1 S2=1 Y1=1 X1=1 Z1=4 C1=1 R1=1 S1=1 Y0=1 X0=1 Z0=1 C0=1 R0=1 S0=1] OutRegister[P=1 Q=1 Z16=32 C16=1 R16=1 S16=1 Y15=1 X15=1 Z15=1 C15=1 R15=1 S15=1 Y14=1 X14=1 Z14=1 C14=1 R14=1 S14=1 Y13=1 X13=1 Z13=1 C13=1 R13=1 S13=1 Y12=1 X12=1 Z12=1 C12=1 R12=1 S12=1 Y11=1 X11=1 Z11=1 C11=1 R11=1 S11=1 Y10=1 X10=1 Z10=1 C10=1 R10=1 S10=1 Y9=1 X9=1 Z9=1 C9=1 R9=1 S9=1 Y8=1 X8=1 Z8=1 C8=1 R8=1 S8=1 Y7=1 X7=1 Z7=1 C7=1 R7=1 S7=1 Y6=1 X6=1 Z6=1 C6=1 R6=1 S6=1 Y5=1 X5=1 Z5=1 C5=1 R5=1 S5=1 Y4=1 X4=1 Z4=1 C4=1 R4=1 S4=1 Y3=1 X3=1 Z3=1 C3=1 R3=1 S3=1 Y2=1 X2=1 Z2=1 C2=1 R2=1 S2=1 Y1=1 X1=1 Z1=1 C1=1 R1=1 S1=1 Y0=1 X0=1 Z0=1 C0=1 R0=1 S0=1] Compute] 
resnet18_17layer_2026-02-21T07:01:42.408013,resnet18,17layer,full,17,eyeriss,thesis_arch,1056,524,128,256,32,1,False,True,,1.631e+05,3.042e+06,5.00e+05,"(5760913600, 2736486144)",0.0016443321164842928,0.6100749969482422,DRAM[P=7 Q=7 Z16=1 C16=1 R16=1 S16=1 Y15=7 X15=7 Z15=1 C15=1 R15=1 S15=1 Y14=7 X14=7 Z14=1 C14=1 R14=1 S14=1 Y13=14 X13=14 Z13=1 C13=1 R13=1 S13=1 Y12=14 X12=14 Z12=1 C12=1 R12=1 S12=1 Y11=14 X11=14 Z11=1 C11=1 R11=1 S11=1 Y10=14 X10=14 Z10=1 C10=1 R10=1 S10=1 Y9=28 X9=28 Z9=1 C9=1 R9=1 S9=1 Y8=28 X8=28 Z8=1 C8=1 R8=1 S8=1 Y7=28 X7=28 Z7=1 C7=1 R7=1 S7=1 Y6=28 X6=28 Z6=1 C6=1 R6=1 S6=1 Y5=56 X5=56 Z5=1 C5=1 R5=1 S5=1 Y4=56 X4=56 Z4=1 C4=1 R4=1 S4=1 Y3=56 X3=56 Z3=1 C3=1 R3=1 S3=1 Y2=56 X2=56 Z2=1 C2=1 R2=1 S2=1 Y1=56 X1=56 Z1=1 C1=1 R1=1 S1=1 Y0=112 X0=112 Z0=1 C0=1 R0=1 S0=1] GlobalBuffer[P=1 Q=1 Z16=1 C16=1 R16=1 S16=1 Y15=1 X15=1 Z15=1 C15=1 R15=1 S15=1 Y14=1 X14=1 Z14=1 C14=1 R14=1 S14=1 Y13=1 X13=1 Z13=1 C13=1 R13=1 S13=1 Y12=1 X12=1 Z12=1 C12=1 R12=1 S12=1 Y11=1 X11=1 Z11=1 C11=1 R11=1 S11=1 Y10=1 X10=1 Z10=1 C10=1 R10=1 S10=1 Y9=1 X9=1 Z9=1 C9=1 R9=1 S9=1 Y8=1 X8=1 Z8=1 C8=1 R8=1 S8=1 Y7=1 X7=1 Z7=1 C7=1 R7=1 S7=1 Y6=1 X6=1 Z6=1 C6=1 R6=1 S6=1 Y5=1 X5=1 Z5=1 C5=1 R5=1 S5=1 Y4=1 X4=1 Z4=1 C4=1 R4=1 S4=1 Y3=1 X3=1 Z3=1 C3=1 R3=1 S3=1 Y2=1 X2=1 Z2=1 C2=1 R2=1 S2=1 Y1=1 X1=1 Z1=1 C1=1 R1=1 S1=1 Y0=1 X0=1 Z0=1 C0=1 R0=1 S0=1] SACols[Q=1 Z16=32] SARows[S16=3 C16=64 Z16=1] SACols_15[X15=1 Z15=32] SARows_15[S15=3 C15=64 Z15=1] SACols_14[X14=1 Z14=32] SARows_14[S14=3 C14=64 Z14=1] SACols_13[X13=1 Z13=32] SARows_13[S13=3 C13=64 Z13=1] SACols_12[X12=1 Z12=32] SARows_12[S12=3 C12=64 Z12=1] SACols_11[X11=1 Z11=32] SARows_11[S11=3 C11=64 Z11=1] SACols_10[X10=1 Z10=32] SARows_10[S10=3 C10=64 Z10=1] SACols_9[X9=1 Z9=32] SARows_9[S9=3 C9=64 Z9=1] SACols_8[X8=1 Z8=32] SARows_8[S8=3 C8=64 Z8=1] SACols_7[X7=1 Z7=32] SARows_7[S7=3 C7=64 Z7=1] SACols_6[X6=1 Z6=32] SARows_6[S6=3 C6=64 Z6=1] SACols_5[X5=1 Z5=32] SARows_5[S5=3 C5=64 Z5=1] SACols_4[X4=1 Z4=32] SARows_4[S4=3 C4=64 Z4=1] SACols_3[X3=1 Z3=32] SARows_3[S3=3 C3=64 Z3=1] SACols_2[X2=1 Z2=32] SARows_2[S2=3 C2=64 Z2=1] SACols_1[X1=1 Z1=32] SARows_1[S1=3 C1=64 Z1=1] SACols_0[X0=1 Z0=32] SARows_0[S0=7 C0=3 Z0=2] InRegister[P=1 Q=1 Z16=1 C16=1 R16=1 S16=1 Y15=1 X15=1 Z15=1 C15=1 R15=1 S15=1 Y14=1 X14=1 Z14=1 C14=1 R14=1 S14=1 Y13=1 X13=1 Z13=1 C13=1 R13=1 S13=1 Y12=1 X12=1 Z12=1 C12=1 R12=1 S12=1 Y11=1 X11=1 Z11=1 C11=1 R11=1 S11=1 Y10=1 X10=1 Z10=1 C10=1 R10=1 S10=1 Y9=1 X9=1 Z9=1 C9=1 R9=1 S9=1 Y8=1 X8=1 Z8=1 C8=1 R8=1 S8=1 Y7=1 X7=1 Z7=1 C7=1 R7=1 S7=1 Y6=1 X6=1 Z6=1 C6=1 R6=1 S6=1 Y5=1 X5=1 Z5=1 C5=1 R5=1 S5=1 Y4=1 X4=1 Z4=1 C4=1 R4=1 S4=1 Y3=1 X3=1 Z3=1 C3=1 R3=1 S3=1 Y2=1 X2=1 Z2=1 C2=1 R2=1 S2=1 Y1=1 X1=1 Z1=1 C1=1 R1=1 S1=1 Y0=1 X0=1 Z0=1 C0=1 R0=1 S0=1] WRegister[P=1 Q=1 Z16=1 C16=8 R16=3 S16=1 Y15=1 X15=1 Z15=1 C15=8 R15=3 S15=1 Y14=1 X14=1 Z14=1 C14=8 R14=3 S14=1 Y13=1 X13=1 Z13=1 C13=4 R13=3 S13=1 Y12=1 X12=1 Z12=1 C12=4 R12=3 S12=1 Y11=1 X11=1 Z11=1 C11=4 R11=3 S11=1 Y10=1 X10=1 Z10=1 C10=4 R10=3 S10=1 Y9=1 X9=1 Z9=1 C9=2 R9=3 S9=1 Y8=1 X8=1 Z8=1 C8=2 R8=3 S8=1 Y7=1 X7=1 Z7=1 C7=2 R7=3 S7=1 Y6=1 X6=1 Z6=1 C6=2 R6=3 S6=1 Y5=1 X5=1 Z5=1 C5=1 R5=3 S5=1 Y4=1 X4=1 Z4=1 C4=1 R4=3 S4=1 Y3=1 X3=1 Z3=1 C3=1 R3=3 S3=1 Y2=1 X2=1 Z2=1 C2=1 R2=3 S2=1 Y1=1 X1=1 Z1=1 C1=1 R1=3 S1=1 Y0=1 X0=1 Z0=1 C0=1 R0=7 S0=1] IntermediateRegister[P=1 Q=1 Z16=1 C16=1 R16=1 S16=1 Y15=1 X15=1 Z15=16 C15=1 R15=1 S15=1 Y14=1 X14=1 Z14=16 C14=1 R14=1 S14=1 Y13=1 X13=1 Z13=16 C13=1 R13=1 S13=1 Y12=1 X12=1 Z12=8 C12=1 R12=1 S12=1 Y11=1 X11=1 Z11=8 C11=1 R11=1 S11=1 Y10=1 X10=1 Z10=8 C10=1 R10=1 S10=1 Y9=1 X9=1 Z9=8 C9=1 R9=1 S9=1 Y8=1 X8=1 Z8=4 C8=1 R8=1 S8=1 Y7=1 X7=1 Z7=4 C7=1 R7=1 S7=1 Y6=1 X6=1 Z6=4 C6=1 R6=1 S6=1 Y5=1 X5=1 Z5=4 C5=1 R5=1 S5=1 Y4=1 X4=1 Z4=2 C4=1 R4=1 S4=1 Y3=1 X3=1 Z3=2 C3=1 R3=1 S3=1 Y2=1 X2=1 Z2=2 C2=1 R2=1 S2=1 Y1=1 X1=1 Z1=2 C1=1 R1=1 S1=1 Y0=1 X0=1 Z0=1 C0=1 R0=1 S0=1] OutRegister[P=1 Q=1 Z16=16 C16=1 R16=1 S16=1 Y15=1 X15=1 Z15=1 C15=1 R15=1 S15=1 Y14=1 X14=1 Z14=1 C14=1 R14=1 S14=1 Y13=1 X13=1 Z13=1 C13=1 R13=1 S13=1 Y12=1 X12=1 Z12=1 C12=1 R12=1 S12=1 Y11=1 X11=1 Z11=1 C11=1 R11=1 S11=1 Y10=1 X10=1 Z10=1 C10=1 R10=1 S10=1 Y9=1 X9=1 Z9=1 C9=1 R9=1 S9=1 Y8=1 X8=1 Z8=1 C8=1 R8=1 S8=1 Y7=1 X7=1 Z7=1 C7=1 R7=1 S7=1 Y6=1 X6=1 Z6=1 C6=1 R6=1 S6=1 Y5=1 X5=1 Z5=1 C5=1 R5=1 S5=1 Y4=1 X4=1 Z4=1 C4=1 R4=1 S4=1 Y3=1 X3=1 Z3=1 C3=1 R3=1 S3=1 Y2=1 X2=1 Z2=1 C2=1 R2=1 S2=1 Y1=1 X1=1 Z1=1 C1=1 R1=1 S1=1 Y0=1 X0=1 Z0=1 C0=1 R0=1 S0=1] Compute] 
resnet18_17layer_2026-02-21T07:01:43.493772,resnet18,17layer,full,17,eyeriss,thesis_arch,1056,524,128,256,64,1,False,True,,1.653e+05,3.042e+06,5.09e+05,"(6237786304, 2736486144)",0.0008221660582421464,0.4816274642944336,DRAM[P=7 Q=7 Z16=1 C16=1 R16=1 S16=1 Y15=7 X15=7 Z15=1 C15=1 R15=1 S15=1 Y14=7 X14=7 Z14=1 C14=1 R14=1 S14=1 Y13=14 X13=14 Z13=1 C13=1 R13=1 S13=1 Y12=14 X12=14 Z12=1 C12=1 R12=1 S12=1 Y11=14 X11=14 Z11=1 C11=1 R11=1 S11=1 Y10=14 X10=14 Z10=1 C10=1 R10=1 S10=1 Y9=28 X9=28 Z9=1 C9=1 R9=1 S9=1 Y8=28 X8=28 Z8=1 C8=1 R8=1 S8=1 Y7=28 X7=28 Z7=1 C7=1 R7=1 S7=1 Y6=28 X6=28 Z6=1 C6=1 R6=1 S6=1 Y5=56 X5=56 Z5=1 C5=1 R5=1 S5=1 Y4=56 X4=56 Z4=1 C4=1 R4=1 S4=1 Y3=56 X3=56 Z3=1 C3=1 R3=1 S3=1 Y2=56 X2=56 Z2=1 C2=1 R2=1 S2=1 Y1=56 X1=56 Z1=1 C1=1 R1=1 S1=1 Y0=112 X0=112 Z0=1 C0=1 R0=1 S0=1] GlobalBuffer[P=1 Q=1 Z16=1 C16=1 R16=1 S16=1 Y15=1 X15=1 Z15=1 C15=1 R15=1 S15=1 Y14=1 X14=1 Z14=1 C14=1 R14=1 S14=1 Y13=1 X13=1 Z13=1 C13=1 R13=1 S13=1 Y12=1 X12=1 Z12=1 C12=1 R12=1 S12=1 Y11=1 X11=1 Z11=1 C11=1 R11=1 S11=1 Y10=1 X10=1 Z10=1 C10=1 R10=1 S10=1 Y9=1 X9=1 Z9=1 C9=1 R9=1 S9=1 Y8=1 X8=1 Z8=1 C8=1 R8=1 S8=1 Y7=1 X7=1 Z7=1 C7=1 R7=1 S7=1 Y6=1 X6=1 Z6=1 C6=1 R6=1 S6=1 Y5=1 X5=1 Z5=1 C5=1 R5=1 S5=1 Y4=1 X4=1 Z4=1 C4=1 R4=1 S4=1 Y3=1 X3=1 Z3=1 C3=1 R3=1 S3=1 Y2=1 X2=1 Z2=1 C2=1 R2=1 S2=1 Y1=1 X1=1 Z1=1 C1=1 R1=1 S1=1 Y0=1 X0=1 Z0=1 C0=1 R0=1 S0=1] SACols[Q=1 Z16=64] SARows[S16=3 C16=64 Z16=1] SACols_15[X15=1 Z15=64] SARows_15[S15=3 C15=64 Z15=1] SACols_14[X14=1 Z14=64] SARows_14[S14=3 C14=64 Z14=1] SACols_13[X13=1 Z13=64] SARows_13[S13=3 C13=64 Z13=1] SACols_12[X12=1 Z12=64] SARows_12[S12=3 C12=64 Z12=1] SACols_11[X11=1 Z11=64] SARows_11[S11=3 C11=64 Z11=1] SACols_10[X10=1 Z10=64] SARows_10[S10=3 C10=64 Z10=1] SACols_9[X9=1 Z9=64] SARows_9[S9=3 C9=64 Z9=1] SACols_8[X8=1 Z8=64] SARows_8[S8=3 C8=64 Z8=1] SACols_7[X7=1 Z7=64] SARows_7[S7=3 C7=64 Z7=1] SACols_6[X6=1 Z6=64] SARows_6[S6=3 C6=64 Z6=1] SACols_5[X5=1 Z5=64] SARows_5[S5=3 C5=64 Z5=1] SACols_4[X4=1 Z4=64] SARows_4[S4=3 C4=64 Z4=1] SACols_3[X3=1 Z3=64] SARows_3[S3=3 C3=64 Z3=1] SACols_2[X2=1 Z2=64] SARows_2[S2=3 C2=64 Z2=1] SACols_1[X1=1 Z1=64] SARows_1[S1=3 C1=64 Z1=1] SACols_0[X0=1 Z0=64] SARows_0[S0=7 C0=3 Z0=1] InRegister[P=1 Q=1 Z16=1 C16=1 R16=1 S16=1 Y15=1 X15=1 Z15=1 C15=1 R15=1 S15=1 Y14=1 X14=1 Z14=1 C14=1 R14=1 S14=1 Y13=1 X13=1 Z13=1 C13=1 R13=1 S13=1 Y12=1 X12=1 Z12=1 C12=1 R12=1 S12=1 Y11=1 X11=1 Z11=1 C11=1 R11=1 S11=1 Y10=1 X10=1 Z10=1 C10=1 R10=1 S10=1 Y9=1 X9=1 Z9=1 C9=1 R9=1 S9=1 Y8=1 X8=1 Z8=1 C8=1 R8=1 S8=1 Y7=1 X7=1 Z7=1 C7=1 R7=1 S7=1 Y6=1 X6=1 Z6=1 C6=1 R6=1 S6=1 Y5=1 X5=1 Z5=1 C5=1 R5=1 S5=1 Y4=1 X4=1 Z4=1 C4=1 R4=1 S4=1 Y3=1 X3=1 Z3=1 C3=1 R3=1 S3=1 Y2=1 X2=1 Z2=1 C2=1 R2=1 S2=1 Y1=1 X1=1 Z1=1 C1=1 R1=1 S1=1 Y0=1 X0=1 Z0=1 C0=1 R0=1 S0=1] WRegister[P=1 Q=1 Z16=1 C16=8 R16=3 S16=1 Y15=1 X15=1 Z15=1 C15=8 R15=3 S15=1 Y14=1 X14=1 Z14=1 C14=8 R14=3 S14=1 Y13=1 X13=1 Z13=1 C13=4 R13=3 S13=1 Y12=1 X12=1 Z12=1 C12=4 R12=3 S12=1 Y11=1 X11=1 Z11=1 C11=4 R11=3 S11=1 Y10=1 X10=1 Z10=1 C10=4 R10=3 S10=1 Y9=1 X9=1 Z9=1 C9=2 R9=3 S9=1 Y8=1 X8=1 Z8=1 C8=2 R8=3 S8=1 Y7=1 X7=1 Z7=1 C7=2 R7=3 S7=1 Y6=1 X6=1 Z6=1 C6=2 R6=3 S6=1 Y5=1 X5=1 Z5=1 C5=1 R5=3 S5=1 Y4=1 X4=1 Z4=1 C4=1 R4=3 S4=1 Y3=1 X3=1 Z3=1 C3=1 R3=3 S3=1 Y2=1 X2=1 Z2=1 C2=1 R2=3 S2=1 Y1=1 X1=1 Z1=1 C1=1 R1=3 S1=1 Y0=1 X0=1 Z0=1 C0=1 R0=7 S0=1] IntermediateRegister[P=1 Q=1 Z16=1 C16=1 R16=1 S16=1 Y15=1 X15=1 Z15=8 C15=1 R15=1 S15=1 Y14=1 X14=1 Z14=8 C14=1 R14=1 S14=1 Y13=1 X13=1 Z13=8 C13=1 R13=1 S13=1 Y12=1 X12=1 Z12=4 C12=1 R12=1 S12=1 Y11=1 X11=1 Z11=4 C11=1 R11=1 S11=1 Y10=1 X10=1 Z10=4 C10=1 R10=1 S10=1 Y9=1 X9=1 Z9=4 C9=1 R9=1 S9=1 Y8=1 X8=1 Z8=2 C8=1 R8=1 S8=1 Y7=1 X7=1 Z7=2 C7=1 R7=1 S7=1 Y6=1 X6=1 Z6=2 C6=1 R6=1 S6=1 Y5=1 X5=1 Z5=2 C5=1 R5=1 S5=1 Y4=1 X4=1 Z4=1 C4=1 R4=1 S4=1 Y3=1 X3=1 Z3=1 C3=1 R3=1 S3=1 Y2=1 X2=1 Z2=1 C2=1 R2=1 S2=1 Y1=1 X1=1 Z1=1 C1=1 R1=1 S1=1 Y0=1 X0=1 Z0=1 C0=1 R0=1 S0=1] OutRegister[P=1 Q=1 Z16=8 C16=1 R16=1 S16=1 Y15=1 X15=1 Z15=1 C15=1 R15=1 S15=1 Y14=1 X14=1 Z14=1 C14=1 R14=1 S14=1 Y13=1 X13=1 Z13=1 C13=1 R13=1 S13=1 Y12=1 X12=1 Z12=1 C12=1 R12=1 S12=1 Y11=1 X11=1 Z11=1 C11=1 R11=1 S11=1 Y10=1 X10=1 Z10=1 C10=1 R10=1 S10=1 Y9=1 X9=1 Z9=1 C9=1 R9=1 S9=1 Y8=1 X8=1 Z8=1 C8=1 R8=1 S8=1 Y7=1 X7=1 Z7=1 C7=1 R7=1 S7=1 Y6=1 X6=1 Z6=1 C6=1 R6=1 S6=1 Y5=1 X5=1 Z5=1 C5=1 R5=1 S5=1 Y4=1 X4=1 Z4=1 C4=1 R4=1 S4=1 Y3=1 X3=1 Z3=1 C3=1 R3=1 S3=1 Y2=1 X2=1 Z2=1 C2=1 R2=1 S2=1 Y1=1 X1=1 Z1=1 C1=1 R1=1 S1=1 Y0=1 X0=1 Z0=1 C0=1 R0=1 S0=1] Compute] 
resnet18_17layer_2026-02-21T07:01:44.848841,resnet18,17layer,full,17,eyeriss,thesis_arch,1056,524,128,512,4,1,False,False,"Ill-posed constraints:
CONSTRAINTS VIOLATION: Arch: Eyeriss_Constrained_17L_tile1_4x512 -> Level: WRegister: memory footprint: 7159 VS memory available: 4000
CONSTRAINTS VIOLATION: Arch: Eyeriss_Constrained_17L_tile1_4x512 -> Level: OutRegister: memory footprint: 128 VS memory available: 64",0.000e+00,0.000e+00,0.00e+00,0,0.0,0.0,
resnet18_17layer_2026-02-21T07:01:45.358571,resnet18,17layer,full,17,eyeriss,thesis_arch,1056,524,128,512,16,1,False,True,,1.661e+05,3.042e+06,5.09e+05,"(5821124800, 2890626816)",0.0016443321164842928,0.7049131393432617,DRAM[P=7 Q=7 Z16=1 C16=1 R16=1 S16=1 Y15=7 X15=7 Z15=1 C15=1 R15=1 S15=1 Y14=7 X14=7 Z14=1 C14=1 R14=1 S14=1 Y13=14 X13=14 Z13=1 C13=1 R13=1 S13=1 Y12=14 X12=14 Z12=1 C12=1 R12=1 S12=1 Y11=14 X11=14 Z11=1 C11=1 R11=1 S11=1 Y10=14 X10=14 Z10=1 C10=1 R10=1 S10=1 Y9=28 X9=28 Z9=1 C9=1 R9=1 S9=1 Y8=28 X8=28 Z8=1 C8=1 R8=1 S8=1 Y7=28 X7=28 Z7=1 C7=1 R7=1 S7=1 Y6=28 X6=28 Z6=1 C6=1 R6=1 S6=1 Y5=56 X5=56 Z5=1 C5=1 R5=1 S5=1 Y4=56 X4=56 Z4=1 C4=1 R4=1 S4=1 Y3=56 X3=56 Z3=1 C3=1 R3=1 S3=1 Y2=56 X2=56 Z2=1 C2=1 R2=1 S2=1 Y1=56 X1=56 Z1=1 C1=1 R1=1 S1=1 Y0=112 X0=112 Z0=1 C0=1 R0=1 S0=1] GlobalBuffer[P=1 Q=1 Z16=1 C16=1 R16=1 S16=1 Y15=1 X15=1 Z15=1 C15=1 R15=1 S15=1 Y14=1 X14=1 Z14=1 C14=1 R14=1 S14=1 Y13=1 X13=1 Z13=1 C13=1 R13=1 S13=1 Y12=1 X12=1 Z12=1 C12=1 R12=1 S12=1 Y11=1 X11=1 Z11=1 C11=1 R11=1 S11=1 Y10=1 X10=1 Z10=1 C10=1 R10=1 S10=1 Y9=1 X9=1 Z9=1 C9=1 R9=1 S9=1 Y8=1 X8=1 Z8=1 C8=1 R8=1 S8=1 Y7=1 X7=1 Z7=1 C7=1 R7=1 S7=1 Y6=1 X6=1 Z6=1 C6=1 R6=1 S6=1 Y5=1 X5=1 Z5=1 C5=1 R5=1 S5=1 Y4=1 X4=1 Z4=1 C4=1 R4=1 S4=1 Y3=1 X3=1 Z3=1 C3=1 R3=1 S3=1 Y2=1 X2=1 Z2=1 C2=1 R2=1 S2=1 Y1=1 X1=1 Z1=1 C1=1 R1=1 S1=1 Y0=1 X0=1 Z0=1 C0=1 R0=1 S0=1] SACols[Q=1 Z16=16] SARows[S16=3 C16=128 Z16=1] SACols_15[X15=1 Z15=16] SARows_15[S15=3 C15=128 Z15=1] SACols_14[X14=1 Z14=16] SARows_14[S14=3 C14=128 Z14=1] SACols_13[X13=1 Z13=16] SARows_13[S13=3 C13=128 Z13=1] SACols_12[X12=1 Z12=16] SARows_12[S12=3 C12=128 Z12=1] SACols_11[X11=1 Z11=16] SARows_11[S11=3 C11=128 Z11=1] SACols_10[X10=1 Z10=16] SARows_10[S10=3 C10=128 Z10=1] SACols_9[X9=1 Z9=16] SARows_9[S9=3 C9=128 Z9=1] SACols_8[X8=1 Z8=16] SARows_8[S8=3 C8=128 Z8=1] SACols_7[X7=1 Z7=16] SARows_7[S7=3 C7=128 Z7=1] SACols_6[X6=1 Z6=16] SARows_6[S6=3 C6=128 Z6=1] SACols_5[X5=1 Z5=16] SARows_5[S5=3 C5=64 Z5=2] SACols_4[X4=1 Z4=16] SARows_4[S4=3 C4=64 Z4=2] SACols_3[X3=1 Z3=16] SARows_3[S3=3 C3=64 Z3=2] SACols_2[X2=1 Z2=16] SARows_2[S2=3 C2=64 Z2=2] SACols_1[X1=1 Z1=16] SARows_1[S1=3 C1=64 Z1=2] SACols_0[X0=1 Z0=16] SARows_0[S0=7 C0=3 Z0=4] InRegister[P=1 Q=1 Z16=1 C16=1 R16=1 S16=1 Y15=1 X15=1 Z15=1 C15=1 R15=1 S15=1 Y14=1 X14=1 Z14=1 C14=1 R14=1 S14=1 Y13=1 X13=1 Z13=1 C13=1 R13=1 S13=1 Y12=1 X12=1 Z12=1 C12=1 R12=1 S12=1 Y11=1 X11=1 Z11=1 C11=1 R11=1 S11=1 Y10=1 X10=1 Z10=1 C10=1 R10=1 S10=1 Y9=1 X9=1 Z9=1 C9=1 R9=1 S9=1 Y8=1 X8=1 Z8=1 C8=1 R8=1 S8=1 Y7=1 X7=1 Z7=1 C7=1 R7=1 S7=1 Y6=1 X6=1 Z6=1 C6=1 R6=1 S6=1 Y5=1 X5=1 Z5=1 C5=1 R5=1 S5=1 Y4=1 X4=1 Z4=1 C4=1 R4=1 S4=1 Y3=1 X3=1 Z3=1 C3=1 R3=1 S3=1 Y2=1 X2=1 Z2=1 C2=1 R2=1 S2=1 Y1=1 X1=1 Z1=1 C1=1 R1=1 S1=1 Y0=1 X0=1 Z0=1 C0=1 R0=1 S0=1] WRegister[P=1 Q=1 Z16=1 C16=4 R16=3 S16=1 Y15=1 X15=1 Z15=1 C15=4 R15=3 S15=1 Y14=1 X14=1 Z14=1 C14=4 R14=3 S14=1 Y13=1 X13=1 Z13=1 C13=2 R13=3 S13=1 Y12=1 X12=1 Z12=1 C12=2 R12=3 S12=1 Y11=1 X11=1 Z11=1 C11=2 R11=3 S11=1 Y10=1 X10=1 Z10=1 C10=2 R10=3 S10=1 Y9=1 X9=1 Z9=1 C9=1 R9=3 S9=1 Y8=1 X8=1 Z8=1 C8=1 R8=3 S8=1 Y7=1 X7=1 Z7=1 C7=1 R7=3 S7=1 Y6=1 X6=1 Z6=1 C6=1 R6=3 S6=1 Y5=1 X5=1 Z5=1 C5=1 R5=3 S5=1 Y4=1 X4=1 Z4=1 C4=1 R4=3 S4=1 Y3=1 X3=1 Z3=1 C3=1 R3=3 S3=1 Y2=1 X2=1 Z2=1 C2=1 R2=3 S2=1 Y1=1 X1=1 Z1=1 C1=1 R1=3 S1=1 Y0=1 X0=1 Z0=1 C0=1 R0=7 S0=1] IntermediateRegister[P=1 Q=1 Z16=1 C16=1 R16=1 S16=1 Y15=1 X15=1 Z15=32 C15=1 R15=1 S15=1 Y14=1 X14=1 Z14=32 C14=1 R14=1 S14=1 Y13=1 X13=1 Z13=32 C13=1 R13=1 S13=1 Y12=1 X12=1 Z12=16 C12=1 R12=1 S12=1 Y11=1 X11=1 Z11=16 C11=1 R11=1 S11=1 Y10=1 X10=1 Z10=16 C10=1 R10=1 S10=1 Y9=1 X9=1 Z9=16 C9=1 R9=1 S9=1 Y8=1 X8=1 Z8=8 C8=1 R8=1 S8=1 Y7=1 X7=1 Z7=8 C7=1 R7=1 S7=1 Y6=1 X6=1 Z6=8 C6=1 R6=1 S6=1 Y5=1 X5=1 Z5=4 C5=1 R5=1 S5=1 Y4=1 X4=1 Z4=2 C4=1 R4=1 S4=1 Y3=1 X3=1 Z3=2 C3=1 R3=1 S3=1 Y2=1 X2=1 Z2=2 C2=1 R2=1 S2=1 Y1=1 X1=1 Z1=2 C1=1 R1=1 S1=1 Y0=1 X0=1 Z0=1 C0=1 R0=1 S0=1] OutRegister[P=1 Q=1 Z16=32 C16=1 R16=1 S16=1 Y15=1 X15=1 Z15=1 C15=1 R15=1 S15=1 Y14=1 X14=1 Z14=1 C14=1 R14=1 S14=1 Y13=1 X13=1 Z13=1 C13=1 R13=1 S13=1 Y12=1 X12=1 Z12=1 C12=1 R12=1 S12=1 Y11=1 X11=1 Z11=1 C11=1 R11=1 S11=1 Y10=1 X10=1 Z10=1 C10=1 R10=1 S10=1 Y9=1 X9=1 Z9=1 C9=1 R9=1 S9=1 Y8=1 X8=1 Z8=1 C8=1 R8=1 S8=1 Y7=1 X7=1 Z7=1 C7=1 R7=1 S7=1 Y6=1 X6=1 Z6=1 C6=1 R6=1 S6=1 Y5=1 X5=1 Z5=1 C5=1 R5=1 S5=1 Y4=1 X4=1 Z4=1 C4=1 R4=1 S4=1 Y3=1 X3=1 Z3=1 C3=1 R3=1 S3=1 Y2=1 X2=1 Z2=1 C2=1 R2=1 S2=1 Y1=1 X1=1 Z1=1 C1=1 R1=1 S1=1 Y0=1 X0=1 Z0=1 C0=1 R0=1 S0=1] Compute] 
resnet18_17layer_2026-02-21T07:01:46.740886,resnet18,17layer,full,17,eyeriss,thesis_arch,1056,524,128,512,32,1,False,True,,1.678e+05,3.042e+06,5.16e+05,"(6204068032, 2890626816)",0.0008221660582421464,0.8310003280639648,DRAM[P=7 Q=7 Z16=1 C16=1 R16=1 S16=1 Y15=7 X15=7 Z15=1 C15=1 R15=1 S15=1 Y14=7 X14=7 Z14=1 C14=1 R14=1 S14=1 Y13=14 X13=14 Z13=1 C13=1 R13=1 S13=1 Y12=14 X12=14 Z12=1 C12=1 R12=1 S12=1 Y11=14 X11=14 Z11=1 C11=1 R11=1 S11=1 Y10=14 X10=14 Z10=1 C10=1 R10=1 S10=1 Y9=28 X9=28 Z9=1 C9=1 R9=1 S9=1 Y8=28 X8=28 Z8=1 C8=1 R8=1 S8=1 Y7=28 X7=28 Z7=1 C7=1 R7=1 S7=1 Y6=28 X6=28 Z6=1 C6=1 R6=1 S6=1 Y5=56 X5=56 Z5=1 C5=1 R5=1 S5=1 Y4=56 X4=56 Z4=1 C4=1 R4=1 S4=1 Y3=56 X3=56 Z3=1 C3=1 R3=1 S3=1 Y2=56 X2=56 Z2=1 C2=1 R2=1 S2=1 Y1=56 X1=56 Z1=1 C1=1 R1=1 S1=1 Y0=112 X0=112 Z0=1 C0=1 R0=1 S0=1] GlobalBuffer[P=1 Q=1 Z16=1 C16=1 R16=1 S16=1 Y15=1 X15=1 Z15=1 C15=1 R15=1 S15=1 Y14=1 X14=1 Z14=1 C14=1 R14=1 S14=1 Y13=1 X13=1 Z13=1 C13=1 R13=1 S13=1 Y12=1 X12=1 Z12=1 C12=1 R12=1 S12=1 Y11=1 X11=1 Z11=1 C11=1 R11=1 S11=1 Y10=1 X10=1 Z10=1 C10=1 R10=1 S10=1 Y9=1 X9=1 Z9=1 C9=1 R9=1 S9=1 Y8=1 X8=1 Z8=1 C8=1 R8=1 S8=1 Y7=1 X7=1 Z7=1 C7=1 R7=1 S7=1 Y6=1 X6=1 Z6=1 C6=1 R6=1 S6=1 Y5=1 X5=1 Z5=1 C5=1 R5=1 S5=1 Y4=1 X4=1 Z4=1 C4=1 R4=1 S4=1 Y3=1 X3=1 Z3=1 C3=1 R3=1 S3=1 Y2=1 X2=1 Z2=1 C2=1 R2=1 S2=1 Y1=1 X1=1 Z1=1 C1=1 R1=1 S1=1 Y0=1 X0=1 Z0=1 C0=1 R0=1 S0=1] SACols[Q=1 Z16=32] SARows[S16=3 C16=128 Z16=1] SACols_15[X15=1 Z15=32] SARows_15[S15=3 C15=128 Z15=1] SACols_14[X14=1 Z14=32] SARows_14[S14=3 C14=128 Z14=1] SACols_13[X13=1 Z13=32] SARows_13[S13=3 C13=128 Z13=1] SACols_12[X12=1 Z12=32] SARows_12[S12=3 C12=128 Z12=1] SACols_11[X11=1 Z11=32] SARows_11[S11=3 C11=128 Z11=1] SACols_10[X10=1 Z10=32] SARows_10[S10=3 C10=128 Z10=1] SACols_9[X9=1 Z9=32] SARows_9[S9=3 C9=128 Z9=1] SACols_8[X8=1 Z8=32] SARows_8[S8=3 C8=128 Z8=1] SACols_7[X7=1 Z7=32] SARows_7[S7=3 C7=128 Z7=1] SACols_6[X6=1 Z6=32] SARows_6[S6=3 C6=128 Z6=1] SACols_5[X5=1 Z5=32] SARows_5[S5=3 C5=64 Z5=2] SACols_4[X4=1 Z4=32] SARows_4[S4=3 C4=64 Z4=2] SACols_3[X3=1 Z3=32] SARows_3[S3=3 C3=64 Z3=2] SACols_2[X2=1 Z2=32] SARows_2[S2=3 C2=64 Z2=2] SACols_1[X1=1 Z1=32] SARows_1[S1=3 C1=64 Z1=2] SACols_0[X0=1 Z0=32] SARows_0[S0=7 C0=3 Z0=2] InRegister[P=1 Q=1 Z16=1 C16=1 R16=1 S16=1 Y15=1 X15=1 Z15=1 C15=1 R15=1 S15=1 Y14=1 X14=1 Z14=1 C14=1 R14=1 S14=1 Y13=1 X13=1 Z13=1 C13=1 R13=1 S13=1 Y12=1 X12=1 Z12=1 C12=1 R12=1 S12=1 Y11=1 X11=1 Z11=1 C11=1 R11=1 S11=1 Y10=1 X10=1 Z10=1 C10=1 R10=1 S10=1 Y9=1 X9=1 Z9=1 C9=1 R9=1 S9=1 Y8=1 X8=1 Z8=1 C8=1 R8=1 S8=1 Y7=1 X7=1 Z7=1 C7=1 R7=1 S7=1 Y6=1 X6=1 Z6=1 C6=1 R6=1 S6=1 Y5=1 X5=1 Z5=1 C5=1 R5=1 S5=1 Y4=1 X4=1 Z4=1 C4=1 R4=1 S4=1 Y3=1 X3=1 Z3=1 C3=1 R3=1 S3=1 Y2=1 X2=1 Z2=1 C2=1 R2=1 S2=1 Y1=1 X1=1 Z1=1 C1=1 R1=1 S1=1 Y0=1 X0=1 Z0=1 C0=1 R0=1 S0=1] WRegister[P=1 Q=1 Z16=1 C16=4 R16=3 S16=1 Y15=1 X15=1 Z15=1 C15=4 R15=3 S15=1 Y14=1 X14=1 Z14=1 C14=4 R14=3 S14=1 Y13=1 X13=1 Z13=1 C13=2 R13=3 S13=1 Y12=1 X12=1 Z12=1 C12=2 R12=3 S12=1 Y11=1 X11=1 Z11=1 C11=2 R11=3 S11=1 Y10=1 X10=1 Z10=1 C10=2 R10=3 S10=1 Y9=1 X9=1 Z9=1 C9=1 R9=3 S9=1 Y8=1 X8=1 Z8=1 C8=1 R8=3 S8=1 Y7=1 X7=1 Z7=1 C7=1 R7=3 S7=1 Y6=1 X6=1 Z6=1 C6=1 R6=3 S6=1 Y5=1 X5=1 Z5=1 C5=1 R5=3 S5=1 Y4=1 X4=1 Z4=1 C4=1 R4=3 S4=1 Y3=1 X3=1 Z3=1 C3=1 R3=3 S3=1 Y2=1 X2=1 Z2=1 C2=1 R2=3 S2=1 Y1=1 X1=1 Z1=1 C1=1 R1=3 S1=1 Y0=1 X0=1 Z0=1 C0=1 R0=7 S0=1] IntermediateRegister[P=1 Q=1 Z16=1 C16=1 R16=1 S16=1 Y15=1 X15=1 Z15=16 C15=1 R15=1 S15=1 Y14=1 X14=1 Z14=16 C14=1 R14=1 S14=1 Y13=1 X13=1 Z13=16 C13=1 R13=1 S13=1 Y12=1 X12=1 Z12=8 C12=1 R12=1 S12=1 Y11=1 X11=1 Z11=8 C11=1 R11=1 S11=1 Y10=1 X10=1 Z10=8 C10=1 R10=1 S10=1 Y9=1 X9=1 Z9=8 C9=1 R9=1 S9=1 Y8=1 X8=1 Z8=4 C8=1 R8=1 S8=1 Y7=1 X7=1 Z7=4 C7=1 R7=1 S7=1 Y6=1 X6=1 Z6=4 C6=1 R6=1 S6=1 Y5=1 X5=1 Z5=2 C5=1 R5=1 S5=1 Y4=1 X4=1 Z4=1 C4=1 R4=1 S4=1 Y3=1 X3=1 Z3=1 C3=1 R3=1 S3=1 Y2=1 X2=1 Z2=1 C2=1 R2=1 S2=1 Y1=1 X1=1 Z1=1 C1=1 R1=1 S1=1 Y0=1 X0=1 Z0=1 C0=1 R0=1 S0=1] OutRegister[P=1 Q=1 Z16=16 C16=1 R16=1 S16=1 Y15=1 X15=1 Z15=1 C15=1 R15=1 S15=1 Y14=1 X14=1 Z14=1 C14=1 R14=1 S14=1 Y13=1 X13=1 Z13=1 C13=1 R13=1 S13=1 Y12=1 X12=1 Z12=1 C12=1 R12=1 S12=1 Y11=1 X11=1 Z11=1 C11=1 R11=1 S11=1 Y10=1 X10=1 Z10=1 C10=1 R10=1 S10=1 Y9=1 X9=1 Z9=1 C9=1 R9=1 S9=1 Y8=1 X8=1 Z8=1 C8=1 R8=1 S8=1 Y7=1 X7=1 Z7=1 C7=1 R7=1 S7=1 Y6=1 X6=1 Z6=1 C6=1 R6=1 S6=1 Y5=1 X5=1 Z5=1 C5=1 R5=1 S5=1 Y4=1 X4=1 Z4=1 C4=1 R4=1 S4=1 Y3=1 X3=1 Z3=1 C3=1 R3=1 S3=1 Y2=1 X2=1 Z2=1 C2=1 R2=1 S2=1 Y1=1 X1=1 Z1=1 C1=1 R1=1 S1=1 Y0=1 X0=1 Z0=1 C0=1 R0=1 S0=1] Compute] 
