experiment_id,workload_name,workload_variant,fusion_level,num_fused_layers,arch_type,arch_name,fmem_size_kB,wmem_size_kB,gb_size_kB,pe_rows,pe_cols,tile_size,scale_bandwidth,success,error_message,energy_uJ,latency_cycles,edp,mops,utilization,mapping_time_s,mapping
resnet18_17layer_2026-02-25T17:21:16.149270,resnet18,17layer,full,17,eyeriss,thesis_arch,1056,524,128,4,4,1,False,False,"Arch: Eyeriss_Constrained_17L_tile1_4x4 -> Level: SARows_0: Failed to fit comp to arch because the level's constraint (S0: 4) does not divide comp dimension S0 (7) exactly. To compensate, consider setting 'Settings.PADDED_MAPPINGS' to True.",0.000e+00,0.000e+00,0.00e+00,0,0.0,0.0,
resnet18_17layer_2026-02-25T17:21:16.918036,resnet18,17layer,full,17,eyeriss,thesis_arch,1056,524,128,4,16,1,False,False,"Arch: Eyeriss_Constrained_17L_tile1_16x4 -> Level: SARows_0: Failed to fit comp to arch because the level's constraint (S0: 4) does not divide comp dimension S0 (7) exactly. To compensate, consider setting 'Settings.PADDED_MAPPINGS' to True.",0.000e+00,0.000e+00,0.00e+00,0,0.0,0.0,
resnet18_17layer_2026-02-25T17:21:17.549883,resnet18,17layer,full,17,eyeriss,thesis_arch,1056,524,128,4,32,1,False,False,"Arch: Eyeriss_Constrained_17L_tile1_32x4 -> Level: SARows_0: Failed to fit comp to arch because the level's constraint (S0: 4) does not divide comp dimension S0 (7) exactly. To compensate, consider setting 'Settings.PADDED_MAPPINGS' to True.",0.000e+00,0.000e+00,0.00e+00,0,0.0,0.0,
resnet18_17layer_2026-02-25T17:21:18.231590,resnet18,17layer,full,17,eyeriss,thesis_arch,1056,524,128,4,64,1,False,False,"Arch: Eyeriss_Constrained_17L_tile1_64x4 -> Level: SARows_0: Failed to fit comp to arch because the level's constraint (S0: 4) does not divide comp dimension S0 (7) exactly. To compensate, consider setting 'Settings.PADDED_MAPPINGS' to True.",0.000e+00,0.000e+00,0.00e+00,0,0.0,0.0,
resnet18_17layer_2026-02-25T17:21:18.688391,resnet18,17layer,full,17,eyeriss,thesis_arch,1056,524,128,4,128,1,False,False,"Arch: Eyeriss_Constrained_17L_tile1_128x4 -> Level: SARows_0: Failed to fit comp to arch because the level's constraint (S0: 4) does not divide comp dimension S0 (7) exactly. To compensate, consider setting 'Settings.PADDED_MAPPINGS' to True.",0.000e+00,0.000e+00,0.00e+00,0,0.0,0.0,
resnet18_17layer_2026-02-25T17:21:18.981845,resnet18,17layer,full,17,eyeriss,thesis_arch,1056,524,128,4,256,1,False,False,"Arch: Eyeriss_Constrained_17L_tile1_256x4 -> Level: SARows_0: Failed to fit comp to arch because the level's constraint (S0: 4) does not divide comp dimension S0 (7) exactly. To compensate, consider setting 'Settings.PADDED_MAPPINGS' to True.",0.000e+00,0.000e+00,0.00e+00,0,0.0,0.0,
resnet18_17layer_2026-02-25T17:21:19.381736,resnet18,17layer,full,17,eyeriss,thesis_arch,1056,524,128,4,512,1,False,False,"Arch: Eyeriss_Constrained_17L_tile1_512x4 -> Level: SARows_0: Failed to fit comp to arch because the level's constraint (S0: 4) does not divide comp dimension S0 (7) exactly. To compensate, consider setting 'Settings.PADDED_MAPPINGS' to True.",0.000e+00,0.000e+00,0.00e+00,0,0.0,0.0,
resnet18_17layer_2026-02-25T17:21:19.772956,resnet18,17layer,full,17,eyeriss,thesis_arch,1056,524,128,16,4,1,False,False,"Ill-posed constraints:
CONSTRAINTS VIOLATION: Arch: Eyeriss_Constrained_17L_tile1_4x16 -> Level: InRegister: memory footprint: 2584 VS memory available: 400
CONSTRAINTS VIOLATION: Arch: Eyeriss_Constrained_17L_tile1_4x16 -> Level: WRegister: memory footprint: 229032 VS memory available: 902
CONSTRAINTS VIOLATION: Arch: Eyeriss_Constrained_17L_tile1_4x16 -> Level: IntermediateRegister: memory footprint: 840 VS memory available: 350
CONSTRAINTS VIOLATION: Arch: Eyeriss_Constrained_17L_tile1_4x16 -> Level: OutRegister: memory footprint: 128 VS memory available: 64",0.000e+00,0.000e+00,0.00e+00,0,0.0,0.0,
resnet18_17layer_2026-02-25T17:21:20.152892,resnet18,17layer,full,17,eyeriss,thesis_arch,1056,524,128,16,16,1,False,False,"Ill-posed constraints:
CONSTRAINTS VIOLATION: Arch: Eyeriss_Constrained_17L_tile1_16x16 -> Level: InRegister: memory footprint: 2584 VS memory available: 400
CONSTRAINTS VIOLATION: Arch: Eyeriss_Constrained_17L_tile1_16x16 -> Level: WRegister: memory footprint: 57258 VS memory available: 902",0.000e+00,0.000e+00,0.00e+00,0,0.0,0.0,
resnet18_17layer_2026-02-25T17:21:20.550461,resnet18,17layer,full,17,eyeriss,thesis_arch,1056,524,128,16,32,1,False,False,"Ill-posed constraints:
CONSTRAINTS VIOLATION: Arch: Eyeriss_Constrained_17L_tile1_32x16 -> Level: InRegister: memory footprint: 2584 VS memory available: 400
CONSTRAINTS VIOLATION: Arch: Eyeriss_Constrained_17L_tile1_32x16 -> Level: WRegister: memory footprint: 28629 VS memory available: 902",0.000e+00,0.000e+00,0.00e+00,0,0.0,0.0,
resnet18_17layer_2026-02-25T17:21:20.932531,resnet18,17layer,full,17,eyeriss,thesis_arch,1056,524,128,16,64,1,False,False,"Ill-posed constraints:
CONSTRAINTS VIOLATION: Arch: Eyeriss_Constrained_17L_tile1_64x16 -> Level: InRegister: memory footprint: 2584 VS memory available: 400
CONSTRAINTS VIOLATION: Arch: Eyeriss_Constrained_17L_tile1_64x16 -> Level: WRegister: memory footprint: 14325 VS memory available: 902",0.000e+00,0.000e+00,0.00e+00,0,0.0,0.0,
resnet18_17layer_2026-02-25T17:21:21.224733,resnet18,17layer,full,17,eyeriss,thesis_arch,1056,524,128,16,128,1,False,False,"Ill-posed constraints:
CONSTRAINTS VIOLATION: Arch: Eyeriss_Constrained_17L_tile1_128x16 -> Level: InRegister: memory footprint: 2584 VS memory available: 400
CONSTRAINTS VIOLATION: Arch: Eyeriss_Constrained_17L_tile1_128x16 -> Level: WRegister: memory footprint: 7269 VS memory available: 902",0.000e+00,0.000e+00,0.00e+00,0,0.0,0.0,
resnet18_17layer_2026-02-25T17:21:21.558031,resnet18,17layer,full,17,eyeriss,thesis_arch,1056,524,128,16,256,1,False,False,"Ill-posed constraints:
CONSTRAINTS VIOLATION: Arch: Eyeriss_Constrained_17L_tile1_256x16 -> Level: InRegister: memory footprint: 2584 VS memory available: 400
CONSTRAINTS VIOLATION: Arch: Eyeriss_Constrained_17L_tile1_256x16 -> Level: WRegister: memory footprint: 3909 VS memory available: 902",0.000e+00,0.000e+00,0.00e+00,0,0.0,0.0,
resnet18_17layer_2026-02-25T17:21:22.156027,resnet18,17layer,full,17,eyeriss,thesis_arch,1056,524,128,16,512,1,False,False,"Ill-posed constraints:
CONSTRAINTS VIOLATION: Arch: Eyeriss_Constrained_17L_tile1_512x16 -> Level: InRegister: memory footprint: 2584 VS memory available: 400
CONSTRAINTS VIOLATION: Arch: Eyeriss_Constrained_17L_tile1_512x16 -> Level: WRegister: memory footprint: 2565 VS memory available: 902",0.000e+00,0.000e+00,0.00e+00,0,0.0,0.0,
resnet18_17layer_2026-02-25T17:21:22.534580,resnet18,17layer,full,17,eyeriss,thesis_arch,1056,524,128,32,4,1,False,False,"Ill-posed constraints:
CONSTRAINTS VIOLATION: Arch: Eyeriss_Constrained_17L_tile1_4x32 -> Level: InRegister: memory footprint: 1286 VS memory available: 400
CONSTRAINTS VIOLATION: Arch: Eyeriss_Constrained_17L_tile1_4x32 -> Level: WRegister: memory footprint: 114544 VS memory available: 902
CONSTRAINTS VIOLATION: Arch: Eyeriss_Constrained_17L_tile1_4x32 -> Level: IntermediateRegister: memory footprint: 848 VS memory available: 350
CONSTRAINTS VIOLATION: Arch: Eyeriss_Constrained_17L_tile1_4x32 -> Level: OutRegister: memory footprint: 128 VS memory available: 64",0.000e+00,0.000e+00,0.00e+00,0,0.0,0.0,
resnet18_17layer_2026-02-25T17:21:22.915147,resnet18,17layer,full,17,eyeriss,thesis_arch,1056,524,128,32,16,1,False,False,"Ill-posed constraints:
CONSTRAINTS VIOLATION: Arch: Eyeriss_Constrained_17L_tile1_16x32 -> Level: InRegister: memory footprint: 1286 VS memory available: 400
CONSTRAINTS VIOLATION: Arch: Eyeriss_Constrained_17L_tile1_16x32 -> Level: WRegister: memory footprint: 28636 VS memory available: 902",0.000e+00,0.000e+00,0.00e+00,0,0.0,0.0,
resnet18_17layer_2026-02-25T17:21:23.340326,resnet18,17layer,full,17,eyeriss,thesis_arch,1056,524,128,32,32,1,False,False,"Ill-posed constraints:
CONSTRAINTS VIOLATION: Arch: Eyeriss_Constrained_17L_tile1_32x32 -> Level: InRegister: memory footprint: 1286 VS memory available: 400
CONSTRAINTS VIOLATION: Arch: Eyeriss_Constrained_17L_tile1_32x32 -> Level: WRegister: memory footprint: 14318 VS memory available: 902",0.000e+00,0.000e+00,0.00e+00,0,0.0,0.0,
resnet18_17layer_2026-02-25T17:21:23.762803,resnet18,17layer,full,17,eyeriss,thesis_arch,1056,524,128,32,64,1,False,False,"Ill-posed constraints:
CONSTRAINTS VIOLATION: Arch: Eyeriss_Constrained_17L_tile1_64x32 -> Level: InRegister: memory footprint: 1286 VS memory available: 400
CONSTRAINTS VIOLATION: Arch: Eyeriss_Constrained_17L_tile1_64x32 -> Level: WRegister: memory footprint: 7159 VS memory available: 902",0.000e+00,0.000e+00,0.00e+00,0,0.0,0.0,
resnet18_17layer_2026-02-25T17:21:24.075853,resnet18,17layer,full,17,eyeriss,thesis_arch,1056,524,128,32,128,1,False,False,"Ill-posed constraints:
CONSTRAINTS VIOLATION: Arch: Eyeriss_Constrained_17L_tile1_128x32 -> Level: InRegister: memory footprint: 1286 VS memory available: 400
CONSTRAINTS VIOLATION: Arch: Eyeriss_Constrained_17L_tile1_128x32 -> Level: WRegister: memory footprint: 3631 VS memory available: 902",0.000e+00,0.000e+00,0.00e+00,0,0.0,0.0,
resnet18_17layer_2026-02-25T17:21:24.451131,resnet18,17layer,full,17,eyeriss,thesis_arch,1056,524,128,32,256,1,False,False,"Ill-posed constraints:
CONSTRAINTS VIOLATION: Arch: Eyeriss_Constrained_17L_tile1_256x32 -> Level: InRegister: memory footprint: 1286 VS memory available: 400
CONSTRAINTS VIOLATION: Arch: Eyeriss_Constrained_17L_tile1_256x32 -> Level: WRegister: memory footprint: 1951 VS memory available: 902",0.000e+00,0.000e+00,0.00e+00,0,0.0,0.0,
resnet18_17layer_2026-02-25T17:21:24.746871,resnet18,17layer,full,17,eyeriss,thesis_arch,1056,524,128,32,512,1,False,False,"Ill-posed constraints:
CONSTRAINTS VIOLATION: Arch: Eyeriss_Constrained_17L_tile1_512x32 -> Level: InRegister: memory footprint: 1286 VS memory available: 400
CONSTRAINTS VIOLATION: Arch: Eyeriss_Constrained_17L_tile1_512x32 -> Level: WRegister: memory footprint: 1279 VS memory available: 902",0.000e+00,0.000e+00,0.00e+00,0,0.0,0.0,
resnet18_17layer_2026-02-25T17:21:25.133214,resnet18,17layer,full,17,eyeriss,thesis_arch,1056,524,128,64,4,1,False,False,"Ill-posed constraints:
CONSTRAINTS VIOLATION: Arch: Eyeriss_Constrained_17L_tile1_4x64 -> Level: InRegister: memory footprint: 650 VS memory available: 400
CONSTRAINTS VIOLATION: Arch: Eyeriss_Constrained_17L_tile1_4x64 -> Level: WRegister: memory footprint: 57272 VS memory available: 902
CONSTRAINTS VIOLATION: Arch: Eyeriss_Constrained_17L_tile1_4x64 -> Level: IntermediateRegister: memory footprint: 840 VS memory available: 350
CONSTRAINTS VIOLATION: Arch: Eyeriss_Constrained_17L_tile1_4x64 -> Level: OutRegister: memory footprint: 128 VS memory available: 64",0.000e+00,0.000e+00,0.00e+00,0,0.0,0.0,
resnet18_17layer_2026-02-25T17:21:25.499963,resnet18,17layer,full,17,eyeriss,thesis_arch,1056,524,128,64,16,1,False,False,"Ill-posed constraints:
CONSTRAINTS VIOLATION: Arch: Eyeriss_Constrained_17L_tile1_16x64 -> Level: InRegister: memory footprint: 650 VS memory available: 400
CONSTRAINTS VIOLATION: Arch: Eyeriss_Constrained_17L_tile1_16x64 -> Level: WRegister: memory footprint: 14318 VS memory available: 902",0.000e+00,0.000e+00,0.00e+00,0,0.0,0.0,
resnet18_17layer_2026-02-25T17:21:25.835204,resnet18,17layer,full,17,eyeriss,thesis_arch,1056,524,128,64,32,1,False,False,"Ill-posed constraints:
CONSTRAINTS VIOLATION: Arch: Eyeriss_Constrained_17L_tile1_32x64 -> Level: InRegister: memory footprint: 650 VS memory available: 400
CONSTRAINTS VIOLATION: Arch: Eyeriss_Constrained_17L_tile1_32x64 -> Level: WRegister: memory footprint: 7159 VS memory available: 902",0.000e+00,0.000e+00,0.00e+00,0,0.0,0.0,
resnet18_17layer_2026-02-25T17:21:26.186377,resnet18,17layer,full,17,eyeriss,thesis_arch,1056,524,128,64,64,1,False,False,"Ill-posed constraints:
CONSTRAINTS VIOLATION: Arch: Eyeriss_Constrained_17L_tile1_64x64 -> Level: InRegister: memory footprint: 650 VS memory available: 400
CONSTRAINTS VIOLATION: Arch: Eyeriss_Constrained_17L_tile1_64x64 -> Level: WRegister: memory footprint: 3583 VS memory available: 902",0.000e+00,0.000e+00,0.00e+00,0,0.0,0.0,
resnet18_17layer_2026-02-25T17:21:26.499296,resnet18,17layer,full,17,eyeriss,thesis_arch,1056,524,128,64,128,1,False,False,"Ill-posed constraints:
CONSTRAINTS VIOLATION: Arch: Eyeriss_Constrained_17L_tile1_128x64 -> Level: InRegister: memory footprint: 650 VS memory available: 400
CONSTRAINTS VIOLATION: Arch: Eyeriss_Constrained_17L_tile1_128x64 -> Level: WRegister: memory footprint: 1819 VS memory available: 902",0.000e+00,0.000e+00,0.00e+00,0,0.0,0.0,
resnet18_17layer_2026-02-25T17:21:26.918260,resnet18,17layer,full,17,eyeriss,thesis_arch,1056,524,128,64,256,1,False,False,"Ill-posed constraints:
CONSTRAINTS VIOLATION: Arch: Eyeriss_Constrained_17L_tile1_256x64 -> Level: InRegister: memory footprint: 650 VS memory available: 400
CONSTRAINTS VIOLATION: Arch: Eyeriss_Constrained_17L_tile1_256x64 -> Level: WRegister: memory footprint: 979 VS memory available: 902",0.000e+00,0.000e+00,0.00e+00,0,0.0,0.0,
resnet18_17layer_2026-02-25T17:21:27.215992,resnet18,17layer,full,17,eyeriss,thesis_arch,1056,524,128,128,4,1,False,False,"Ill-posed constraints:
CONSTRAINTS VIOLATION: Arch: Eyeriss_Constrained_17L_tile1_4x128 -> Level: WRegister: memory footprint: 28636 VS memory available: 902
CONSTRAINTS VIOLATION: Arch: Eyeriss_Constrained_17L_tile1_4x128 -> Level: IntermediateRegister: memory footprint: 836 VS memory available: 350
CONSTRAINTS VIOLATION: Arch: Eyeriss_Constrained_17L_tile1_4x128 -> Level: OutRegister: memory footprint: 128 VS memory available: 64",0.000e+00,0.000e+00,0.00e+00,0,0.0,0.0,
resnet18_17layer_2026-02-25T17:21:27.600664,resnet18,17layer,full,17,eyeriss,thesis_arch,1056,524,128,128,16,1,False,False,"Ill-posed constraints:
CONSTRAINTS VIOLATION: Arch: Eyeriss_Constrained_17L_tile1_16x128 -> Level: WRegister: memory footprint: 7159 VS memory available: 902",0.000e+00,0.000e+00,0.00e+00,0,0.0,0.0,
resnet18_17layer_2026-02-25T17:21:27.996561,resnet18,17layer,full,17,eyeriss,thesis_arch,1056,524,128,128,32,1,False,False,"Ill-posed constraints:
CONSTRAINTS VIOLATION: Arch: Eyeriss_Constrained_17L_tile1_32x128 -> Level: WRegister: memory footprint: 3583 VS memory available: 902",0.000e+00,0.000e+00,0.00e+00,0,0.0,0.0,
resnet18_17layer_2026-02-25T17:21:28.382792,resnet18,17layer,full,17,eyeriss,thesis_arch,1056,524,128,128,64,1,False,False,"Ill-posed constraints:
CONSTRAINTS VIOLATION: Arch: Eyeriss_Constrained_17L_tile1_64x128 -> Level: WRegister: memory footprint: 1795 VS memory available: 902",0.000e+00,0.000e+00,0.00e+00,0,0.0,0.0,
resnet18_17layer_2026-02-25T17:21:28.661033,resnet18,17layer,full,17,eyeriss,thesis_arch,1056,524,128,128,128,1,False,False,"Ill-posed constraints:
CONSTRAINTS VIOLATION: Arch: Eyeriss_Constrained_17L_tile1_128x128 -> Level: WRegister: memory footprint: 913 VS memory available: 902",0.000e+00,0.000e+00,0.00e+00,0,0.0,0.0,
resnet18_17layer_2026-02-25T17:21:28.945376,resnet18,17layer,full,17,eyeriss,thesis_arch,1056,524,128,256,4,1,False,False,"Ill-posed constraints:
CONSTRAINTS VIOLATION: Arch: Eyeriss_Constrained_17L_tile1_4x256 -> Level: WRegister: memory footprint: 14318 VS memory available: 902
CONSTRAINTS VIOLATION: Arch: Eyeriss_Constrained_17L_tile1_4x256 -> Level: IntermediateRegister: memory footprint: 834 VS memory available: 350
CONSTRAINTS VIOLATION: Arch: Eyeriss_Constrained_17L_tile1_4x256 -> Level: OutRegister: memory footprint: 128 VS memory available: 64",0.000e+00,0.000e+00,0.00e+00,0,0.0,0.0,
resnet18_17layer_2026-02-25T17:21:29.331559,resnet18,17layer,full,17,eyeriss,thesis_arch,1056,524,128,256,16,1,False,False,"Ill-posed constraints:
CONSTRAINTS VIOLATION: Arch: Eyeriss_Constrained_17L_tile1_16x256 -> Level: WRegister: memory footprint: 3583 VS memory available: 902",0.000e+00,0.000e+00,0.00e+00,0,0.0,0.0,
resnet18_17layer_2026-02-25T17:21:29.714748,resnet18,17layer,full,17,eyeriss,thesis_arch,1056,524,128,256,32,1,False,False,"Ill-posed constraints:
CONSTRAINTS VIOLATION: Arch: Eyeriss_Constrained_17L_tile1_32x256 -> Level: WRegister: memory footprint: 1795 VS memory available: 902",0.000e+00,0.000e+00,0.00e+00,0,0.0,0.0,
resnet18_17layer_2026-02-25T17:21:30.013190,resnet18,17layer,full,17,eyeriss,thesis_arch,1056,524,128,256,64,1,False,True,,2.350e+04,3.042e+06,7.36e+04,"(6237786304, 2736486144)",0.0008221660582421464,0.3407106399536133,DRAM[P=7 Q=7 Z16=1 C16=1 R16=1 S16=1 Y15=7 X15=7 Z15=1 C15=1 R15=1 S15=1 Y14=7 X14=7 Z14=1 C14=1 R14=1 S14=1 Y13=14 X13=14 Z13=1 C13=1 R13=1 S13=1 Y12=14 X12=14 Z12=1 C12=1 R12=1 S12=1 Y11=14 X11=14 Z11=1 C11=1 R11=1 S11=1 Y10=14 X10=14 Z10=1 C10=1 R10=1 S10=1 Y9=28 X9=28 Z9=1 C9=1 R9=1 S9=1 Y8=28 X8=28 Z8=1 C8=1 R8=1 S8=1 Y7=28 X7=28 Z7=1 C7=1 R7=1 S7=1 Y6=28 X6=28 Z6=1 C6=1 R6=1 S6=1 Y5=56 X5=56 Z5=1 C5=1 R5=1 S5=1 Y4=56 X4=56 Z4=1 C4=1 R4=1 S4=1 Y3=56 X3=56 Z3=1 C3=1 R3=1 S3=1 Y2=56 X2=56 Z2=1 C2=1 R2=1 S2=1 Y1=56 X1=56 Z1=1 C1=1 R1=1 S1=1 Y0=112 X0=112 Z0=1 C0=1 R0=1 S0=1] GlobalBuffer[P=1 Q=1 Z16=1 C16=1 R16=1 S16=1 Y15=1 X15=1 Z15=1 C15=1 R15=1 S15=1 Y14=1 X14=1 Z14=1 C14=1 R14=1 S14=1 Y13=1 X13=1 Z13=1 C13=1 R13=1 S13=1 Y12=1 X12=1 Z12=1 C12=1 R12=1 S12=1 Y11=1 X11=1 Z11=1 C11=1 R11=1 S11=1 Y10=1 X10=1 Z10=1 C10=1 R10=1 S10=1 Y9=1 X9=1 Z9=1 C9=1 R9=1 S9=1 Y8=1 X8=1 Z8=1 C8=1 R8=1 S8=1 Y7=1 X7=1 Z7=1 C7=1 R7=1 S7=1 Y6=1 X6=1 Z6=1 C6=1 R6=1 S6=1 Y5=1 X5=1 Z5=1 C5=1 R5=1 S5=1 Y4=1 X4=1 Z4=1 C4=1 R4=1 S4=1 Y3=1 X3=1 Z3=1 C3=1 R3=1 S3=1 Y2=1 X2=1 Z2=1 C2=1 R2=1 S2=1 Y1=1 X1=1 Z1=1 C1=1 R1=1 S1=1 Y0=1 X0=1 Z0=1 C0=1 R0=1 S0=1] SACols[Q=1 Z16=64] SARows[S16=3 C16=64 Z16=1] SACols_15[X15=1 Z15=64] SARows_15[S15=3 C15=64 Z15=1] SACols_14[X14=1 Z14=64] SARows_14[S14=3 C14=64 Z14=1] SACols_13[X13=1 Z13=64] SARows_13[S13=3 C13=64 Z13=1] SACols_12[X12=1 Z12=64] SARows_12[S12=3 C12=64 Z12=1] SACols_11[X11=1 Z11=64] SARows_11[S11=3 C11=64 Z11=1] SACols_10[X10=1 Z10=64] SARows_10[S10=3 C10=64 Z10=1] SACols_9[X9=1 Z9=64] SARows_9[S9=3 C9=64 Z9=1] SACols_8[X8=1 Z8=64] SARows_8[S8=3 C8=64 Z8=1] SACols_7[X7=1 Z7=64] SARows_7[S7=3 C7=64 Z7=1] SACols_6[X6=1 Z6=64] SARows_6[S6=3 C6=64 Z6=1] SACols_5[X5=1 Z5=64] SARows_5[S5=3 C5=64 Z5=1] SACols_4[X4=1 Z4=64] SARows_4[S4=3 C4=64 Z4=1] SACols_3[X3=1 Z3=64] SARows_3[S3=3 C3=64 Z3=1] SACols_2[X2=1 Z2=64] SARows_2[S2=3 C2=64 Z2=1] SACols_1[X1=1 Z1=64] SARows_1[S1=3 C1=64 Z1=1] SACols_0[X0=1 Z0=64] SARows_0[S0=7 C0=3 Z0=1] InRegister[P=1 Q=1 Z16=1 C16=1 R16=1 S16=1 Y15=1 X15=1 Z15=1 C15=1 R15=1 S15=1 Y14=1 X14=1 Z14=1 C14=1 R14=1 S14=1 Y13=1 X13=1 Z13=1 C13=1 R13=1 S13=1 Y12=1 X12=1 Z12=1 C12=1 R12=1 S12=1 Y11=1 X11=1 Z11=1 C11=1 R11=1 S11=1 Y10=1 X10=1 Z10=1 C10=1 R10=1 S10=1 Y9=1 X9=1 Z9=1 C9=1 R9=1 S9=1 Y8=1 X8=1 Z8=1 C8=1 R8=1 S8=1 Y7=1 X7=1 Z7=1 C7=1 R7=1 S7=1 Y6=1 X6=1 Z6=1 C6=1 R6=1 S6=1 Y5=1 X5=1 Z5=1 C5=1 R5=1 S5=1 Y4=1 X4=1 Z4=1 C4=1 R4=1 S4=1 Y3=1 X3=1 Z3=1 C3=1 R3=1 S3=1 Y2=1 X2=1 Z2=1 C2=1 R2=1 S2=1 Y1=1 X1=1 Z1=1 C1=1 R1=1 S1=1 Y0=1 X0=1 Z0=1 C0=1 R0=1 S0=1] WRegister[P=1 Q=1 Z16=1 C16=8 R16=3 S16=1 Y15=1 X15=1 Z15=1 C15=8 R15=3 S15=1 Y14=1 X14=1 Z14=1 C14=8 R14=3 S14=1 Y13=1 X13=1 Z13=1 C13=4 R13=3 S13=1 Y12=1 X12=1 Z12=1 C12=4 R12=3 S12=1 Y11=1 X11=1 Z11=1 C11=4 R11=3 S11=1 Y10=1 X10=1 Z10=1 C10=4 R10=3 S10=1 Y9=1 X9=1 Z9=1 C9=2 R9=3 S9=1 Y8=1 X8=1 Z8=1 C8=2 R8=3 S8=1 Y7=1 X7=1 Z7=1 C7=2 R7=3 S7=1 Y6=1 X6=1 Z6=1 C6=2 R6=3 S6=1 Y5=1 X5=1 Z5=1 C5=1 R5=3 S5=1 Y4=1 X4=1 Z4=1 C4=1 R4=3 S4=1 Y3=1 X3=1 Z3=1 C3=1 R3=3 S3=1 Y2=1 X2=1 Z2=1 C2=1 R2=3 S2=1 Y1=1 X1=1 Z1=1 C1=1 R1=3 S1=1 Y0=1 X0=1 Z0=1 C0=1 R0=7 S0=1] IntermediateRegister[P=1 Q=1 Z16=1 C16=1 R16=1 S16=1 Y15=1 X15=1 Z15=8 C15=1 R15=1 S15=1 Y14=1 X14=1 Z14=8 C14=1 R14=1 S14=1 Y13=1 X13=1 Z13=8 C13=1 R13=1 S13=1 Y12=1 X12=1 Z12=4 C12=1 R12=1 S12=1 Y11=1 X11=1 Z11=4 C11=1 R11=1 S11=1 Y10=1 X10=1 Z10=4 C10=1 R10=1 S10=1 Y9=1 X9=1 Z9=4 C9=1 R9=1 S9=1 Y8=1 X8=1 Z8=2 C8=1 R8=1 S8=1 Y7=1 X7=1 Z7=2 C7=1 R7=1 S7=1 Y6=1 X6=1 Z6=2 C6=1 R6=1 S6=1 Y5=1 X5=1 Z5=2 C5=1 R5=1 S5=1 Y4=1 X4=1 Z4=1 C4=1 R4=1 S4=1 Y3=1 X3=1 Z3=1 C3=1 R3=1 S3=1 Y2=1 X2=1 Z2=1 C2=1 R2=1 S2=1 Y1=1 X1=1 Z1=1 C1=1 R1=1 S1=1 Y0=1 X0=1 Z0=1 C0=1 R0=1 S0=1] OutRegister[P=1 Q=1 Z16=8 C16=1 R16=1 S16=1 Y15=1 X15=1 Z15=1 C15=1 R15=1 S15=1 Y14=1 X14=1 Z14=1 C14=1 R14=1 S14=1 Y13=1 X13=1 Z13=1 C13=1 R13=1 S13=1 Y12=1 X12=1 Z12=1 C12=1 R12=1 S12=1 Y11=1 X11=1 Z11=1 C11=1 R11=1 S11=1 Y10=1 X10=1 Z10=1 C10=1 R10=1 S10=1 Y9=1 X9=1 Z9=1 C9=1 R9=1 S9=1 Y8=1 X8=1 Z8=1 C8=1 R8=1 S8=1 Y7=1 X7=1 Z7=1 C7=1 R7=1 S7=1 Y6=1 X6=1 Z6=1 C6=1 R6=1 S6=1 Y5=1 X5=1 Z5=1 C5=1 R5=1 S5=1 Y4=1 X4=1 Z4=1 C4=1 R4=1 S4=1 Y3=1 X3=1 Z3=1 C3=1 R3=1 S3=1 Y2=1 X2=1 Z2=1 C2=1 R2=1 S2=1 Y1=1 X1=1 Z1=1 C1=1 R1=1 S1=1 Y0=1 X0=1 Z0=1 C0=1 R0=1 S0=1] Compute] 
resnet18_17layer_2026-02-25T17:21:30.747433,resnet18,17layer,full,17,eyeriss,thesis_arch,1056,524,128,512,4,1,False,False,"Ill-posed constraints:
CONSTRAINTS VIOLATION: Arch: Eyeriss_Constrained_17L_tile1_4x512 -> Level: WRegister: memory footprint: 7159 VS memory available: 902
CONSTRAINTS VIOLATION: Arch: Eyeriss_Constrained_17L_tile1_4x512 -> Level: IntermediateRegister: memory footprint: 785 VS memory available: 350
CONSTRAINTS VIOLATION: Arch: Eyeriss_Constrained_17L_tile1_4x512 -> Level: OutRegister: memory footprint: 128 VS memory available: 64",0.000e+00,0.000e+00,0.00e+00,0,0.0,0.0,
resnet18_17layer_2026-02-25T17:21:31.089928,resnet18,17layer,full,17,eyeriss,thesis_arch,1056,524,128,512,16,1,False,False,"Ill-posed constraints:
CONSTRAINTS VIOLATION: Arch: Eyeriss_Constrained_17L_tile1_16x512 -> Level: WRegister: memory footprint: 1795 VS memory available: 902",0.000e+00,0.000e+00,0.00e+00,0,0.0,0.0,
resnet18_17layer_2026-02-25T17:21:31.416972,resnet18,17layer,full,17,eyeriss,thesis_arch,1056,524,128,512,32,1,False,True,,2.366e+04,3.042e+06,7.37e+04,"(6204068032, 2890626816)",0.0008221660582421464,0.6437652111053467,DRAM[P=7 Q=7 Z16=1 C16=1 R16=1 S16=1 Y15=7 X15=7 Z15=1 C15=1 R15=1 S15=1 Y14=7 X14=7 Z14=1 C14=1 R14=1 S14=1 Y13=14 X13=14 Z13=1 C13=1 R13=1 S13=1 Y12=14 X12=14 Z12=1 C12=1 R12=1 S12=1 Y11=14 X11=14 Z11=1 C11=1 R11=1 S11=1 Y10=14 X10=14 Z10=1 C10=1 R10=1 S10=1 Y9=28 X9=28 Z9=1 C9=1 R9=1 S9=1 Y8=28 X8=28 Z8=1 C8=1 R8=1 S8=1 Y7=28 X7=28 Z7=1 C7=1 R7=1 S7=1 Y6=28 X6=28 Z6=1 C6=1 R6=1 S6=1 Y5=56 X5=56 Z5=1 C5=1 R5=1 S5=1 Y4=56 X4=56 Z4=1 C4=1 R4=1 S4=1 Y3=56 X3=56 Z3=1 C3=1 R3=1 S3=1 Y2=56 X2=56 Z2=1 C2=1 R2=1 S2=1 Y1=56 X1=56 Z1=1 C1=1 R1=1 S1=1 Y0=112 X0=112 Z0=1 C0=1 R0=1 S0=1] GlobalBuffer[P=1 Q=1 Z16=1 C16=1 R16=1 S16=1 Y15=1 X15=1 Z15=1 C15=1 R15=1 S15=1 Y14=1 X14=1 Z14=1 C14=1 R14=1 S14=1 Y13=1 X13=1 Z13=1 C13=1 R13=1 S13=1 Y12=1 X12=1 Z12=1 C12=1 R12=1 S12=1 Y11=1 X11=1 Z11=1 C11=1 R11=1 S11=1 Y10=1 X10=1 Z10=1 C10=1 R10=1 S10=1 Y9=1 X9=1 Z9=1 C9=1 R9=1 S9=1 Y8=1 X8=1 Z8=1 C8=1 R8=1 S8=1 Y7=1 X7=1 Z7=1 C7=1 R7=1 S7=1 Y6=1 X6=1 Z6=1 C6=1 R6=1 S6=1 Y5=1 X5=1 Z5=1 C5=1 R5=1 S5=1 Y4=1 X4=1 Z4=1 C4=1 R4=1 S4=1 Y3=1 X3=1 Z3=1 C3=1 R3=1 S3=1 Y2=1 X2=1 Z2=1 C2=1 R2=1 S2=1 Y1=1 X1=1 Z1=1 C1=1 R1=1 S1=1 Y0=1 X0=1 Z0=1 C0=1 R0=1 S0=1] SACols[Q=1 Z16=32] SARows[S16=3 C16=128 Z16=1] SACols_15[X15=1 Z15=32] SARows_15[S15=3 C15=128 Z15=1] SACols_14[X14=1 Z14=32] SARows_14[S14=3 C14=128 Z14=1] SACols_13[X13=1 Z13=32] SARows_13[S13=3 C13=128 Z13=1] SACols_12[X12=1 Z12=32] SARows_12[S12=3 C12=128 Z12=1] SACols_11[X11=1 Z11=32] SARows_11[S11=3 C11=128 Z11=1] SACols_10[X10=1 Z10=32] SARows_10[S10=3 C10=128 Z10=1] SACols_9[X9=1 Z9=32] SARows_9[S9=3 C9=128 Z9=1] SACols_8[X8=1 Z8=32] SARows_8[S8=3 C8=128 Z8=1] SACols_7[X7=1 Z7=32] SARows_7[S7=3 C7=128 Z7=1] SACols_6[X6=1 Z6=32] SARows_6[S6=3 C6=128 Z6=1] SACols_5[X5=1 Z5=32] SARows_5[S5=3 C5=64 Z5=2] SACols_4[X4=1 Z4=32] SARows_4[S4=3 C4=64 Z4=2] SACols_3[X3=1 Z3=32] SARows_3[S3=3 C3=64 Z3=2] SACols_2[X2=1 Z2=32] SARows_2[S2=3 C2=64 Z2=2] SACols_1[X1=1 Z1=32] SARows_1[S1=3 C1=64 Z1=2] SACols_0[X0=1 Z0=32] SARows_0[S0=7 C0=3 Z0=2] InRegister[P=1 Q=1 Z16=1 C16=1 R16=1 S16=1 Y15=1 X15=1 Z15=1 C15=1 R15=1 S15=1 Y14=1 X14=1 Z14=1 C14=1 R14=1 S14=1 Y13=1 X13=1 Z13=1 C13=1 R13=1 S13=1 Y12=1 X12=1 Z12=1 C12=1 R12=1 S12=1 Y11=1 X11=1 Z11=1 C11=1 R11=1 S11=1 Y10=1 X10=1 Z10=1 C10=1 R10=1 S10=1 Y9=1 X9=1 Z9=1 C9=1 R9=1 S9=1 Y8=1 X8=1 Z8=1 C8=1 R8=1 S8=1 Y7=1 X7=1 Z7=1 C7=1 R7=1 S7=1 Y6=1 X6=1 Z6=1 C6=1 R6=1 S6=1 Y5=1 X5=1 Z5=1 C5=1 R5=1 S5=1 Y4=1 X4=1 Z4=1 C4=1 R4=1 S4=1 Y3=1 X3=1 Z3=1 C3=1 R3=1 S3=1 Y2=1 X2=1 Z2=1 C2=1 R2=1 S2=1 Y1=1 X1=1 Z1=1 C1=1 R1=1 S1=1 Y0=1 X0=1 Z0=1 C0=1 R0=1 S0=1] WRegister[P=1 Q=1 Z16=1 C16=4 R16=3 S16=1 Y15=1 X15=1 Z15=1 C15=4 R15=3 S15=1 Y14=1 X14=1 Z14=1 C14=4 R14=3 S14=1 Y13=1 X13=1 Z13=1 C13=2 R13=3 S13=1 Y12=1 X12=1 Z12=1 C12=2 R12=3 S12=1 Y11=1 X11=1 Z11=1 C11=2 R11=3 S11=1 Y10=1 X10=1 Z10=1 C10=2 R10=3 S10=1 Y9=1 X9=1 Z9=1 C9=1 R9=3 S9=1 Y8=1 X8=1 Z8=1 C8=1 R8=3 S8=1 Y7=1 X7=1 Z7=1 C7=1 R7=3 S7=1 Y6=1 X6=1 Z6=1 C6=1 R6=3 S6=1 Y5=1 X5=1 Z5=1 C5=1 R5=3 S5=1 Y4=1 X4=1 Z4=1 C4=1 R4=3 S4=1 Y3=1 X3=1 Z3=1 C3=1 R3=3 S3=1 Y2=1 X2=1 Z2=1 C2=1 R2=3 S2=1 Y1=1 X1=1 Z1=1 C1=1 R1=3 S1=1 Y0=1 X0=1 Z0=1 C0=1 R0=7 S0=1] IntermediateRegister[P=1 Q=1 Z16=1 C16=1 R16=1 S16=1 Y15=1 X15=1 Z15=16 C15=1 R15=1 S15=1 Y14=1 X14=1 Z14=16 C14=1 R14=1 S14=1 Y13=1 X13=1 Z13=16 C13=1 R13=1 S13=1 Y12=1 X12=1 Z12=8 C12=1 R12=1 S12=1 Y11=1 X11=1 Z11=8 C11=1 R11=1 S11=1 Y10=1 X10=1 Z10=8 C10=1 R10=1 S10=1 Y9=1 X9=1 Z9=8 C9=1 R9=1 S9=1 Y8=1 X8=1 Z8=4 C8=1 R8=1 S8=1 Y7=1 X7=1 Z7=4 C7=1 R7=1 S7=1 Y6=1 X6=1 Z6=4 C6=1 R6=1 S6=1 Y5=1 X5=1 Z5=2 C5=1 R5=1 S5=1 Y4=1 X4=1 Z4=1 C4=1 R4=1 S4=1 Y3=1 X3=1 Z3=1 C3=1 R3=1 S3=1 Y2=1 X2=1 Z2=1 C2=1 R2=1 S2=1 Y1=1 X1=1 Z1=1 C1=1 R1=1 S1=1 Y0=1 X0=1 Z0=1 C0=1 R0=1 S0=1] OutRegister[P=1 Q=1 Z16=16 C16=1 R16=1 S16=1 Y15=1 X15=1 Z15=1 C15=1 R15=1 S15=1 Y14=1 X14=1 Z14=1 C14=1 R14=1 S14=1 Y13=1 X13=1 Z13=1 C13=1 R13=1 S13=1 Y12=1 X12=1 Z12=1 C12=1 R12=1 S12=1 Y11=1 X11=1 Z11=1 C11=1 R11=1 S11=1 Y10=1 X10=1 Z10=1 C10=1 R10=1 S10=1 Y9=1 X9=1 Z9=1 C9=1 R9=1 S9=1 Y8=1 X8=1 Z8=1 C8=1 R8=1 S8=1 Y7=1 X7=1 Z7=1 C7=1 R7=1 S7=1 Y6=1 X6=1 Z6=1 C6=1 R6=1 S6=1 Y5=1 X5=1 Z5=1 C5=1 R5=1 S5=1 Y4=1 X4=1 Z4=1 C4=1 R4=1 S4=1 Y3=1 X3=1 Z3=1 C3=1 R3=1 S3=1 Y2=1 X2=1 Z2=1 C2=1 R2=1 S2=1 Y1=1 X1=1 Z1=1 C1=1 R1=1 S1=1 Y0=1 X0=1 Z0=1 C0=1 R0=1 S0=1] Compute] 
resnet18_17layer_2026-02-25T17:21:32.570662,resnet18,17layer,full,17,eyeriss,thesis_arch,1056,524,128,4,4,1,False,False,"Arch: Eyeriss_Constrained_17L_tile1_4x4 -> Level: SARows_0: Failed to fit comp to arch because the level's constraint (S0: 4) does not divide comp dimension S0 (7) exactly. To compensate, consider setting 'Settings.PADDED_MAPPINGS' to True.",0.000e+00,0.000e+00,0.00e+00,0,0.0,0.0,
resnet18_17layer_2026-02-25T17:21:32.887849,resnet18,17layer,full,17,eyeriss,thesis_arch,1056,524,128,4,16,1,False,False,"Arch: Eyeriss_Constrained_17L_tile1_16x4 -> Level: SARows_0: Failed to fit comp to arch because the level's constraint (S0: 4) does not divide comp dimension S0 (7) exactly. To compensate, consider setting 'Settings.PADDED_MAPPINGS' to True.",0.000e+00,0.000e+00,0.00e+00,0,0.0,0.0,
resnet18_17layer_2026-02-25T17:21:33.230813,resnet18,17layer,full,17,eyeriss,thesis_arch,1056,524,128,4,32,1,False,False,"Arch: Eyeriss_Constrained_17L_tile1_32x4 -> Level: SARows_0: Failed to fit comp to arch because the level's constraint (S0: 4) does not divide comp dimension S0 (7) exactly. To compensate, consider setting 'Settings.PADDED_MAPPINGS' to True.",0.000e+00,0.000e+00,0.00e+00,0,0.0,0.0,
resnet18_17layer_2026-02-25T17:21:33.550865,resnet18,17layer,full,17,eyeriss,thesis_arch,1056,524,128,4,64,1,False,False,"Arch: Eyeriss_Constrained_17L_tile1_64x4 -> Level: SARows_0: Failed to fit comp to arch because the level's constraint (S0: 4) does not divide comp dimension S0 (7) exactly. To compensate, consider setting 'Settings.PADDED_MAPPINGS' to True.",0.000e+00,0.000e+00,0.00e+00,0,0.0,0.0,
resnet18_17layer_2026-02-25T17:21:33.893798,resnet18,17layer,full,17,eyeriss,thesis_arch,1056,524,128,4,128,1,False,False,"Arch: Eyeriss_Constrained_17L_tile1_128x4 -> Level: SARows_0: Failed to fit comp to arch because the level's constraint (S0: 4) does not divide comp dimension S0 (7) exactly. To compensate, consider setting 'Settings.PADDED_MAPPINGS' to True.",0.000e+00,0.000e+00,0.00e+00,0,0.0,0.0,
resnet18_17layer_2026-02-25T17:21:34.256746,resnet18,17layer,full,17,eyeriss,thesis_arch,1056,524,128,4,256,1,False,False,"Arch: Eyeriss_Constrained_17L_tile1_256x4 -> Level: SARows_0: Failed to fit comp to arch because the level's constraint (S0: 4) does not divide comp dimension S0 (7) exactly. To compensate, consider setting 'Settings.PADDED_MAPPINGS' to True.",0.000e+00,0.000e+00,0.00e+00,0,0.0,0.0,
resnet18_17layer_2026-02-25T17:21:34.628236,resnet18,17layer,full,17,eyeriss,thesis_arch,1056,524,128,4,512,1,False,False,"Arch: Eyeriss_Constrained_17L_tile1_512x4 -> Level: SARows_0: Failed to fit comp to arch because the level's constraint (S0: 4) does not divide comp dimension S0 (7) exactly. To compensate, consider setting 'Settings.PADDED_MAPPINGS' to True.",0.000e+00,0.000e+00,0.00e+00,0,0.0,0.0,
resnet18_17layer_2026-02-25T17:21:34.963329,resnet18,17layer,full,17,eyeriss,thesis_arch,1056,524,128,16,4,1,False,False,"Ill-posed constraints:
CONSTRAINTS VIOLATION: Arch: Eyeriss_Constrained_17L_tile1_4x16 -> Level: InRegister: memory footprint: 2584 VS memory available: 400
CONSTRAINTS VIOLATION: Arch: Eyeriss_Constrained_17L_tile1_4x16 -> Level: WRegister: memory footprint: 229032 VS memory available: 1800
CONSTRAINTS VIOLATION: Arch: Eyeriss_Constrained_17L_tile1_4x16 -> Level: IntermediateRegister: memory footprint: 840 VS memory available: 350
CONSTRAINTS VIOLATION: Arch: Eyeriss_Constrained_17L_tile1_4x16 -> Level: OutRegister: memory footprint: 128 VS memory available: 64",0.000e+00,0.000e+00,0.00e+00,0,0.0,0.0,
resnet18_17layer_2026-02-25T17:21:35.281770,resnet18,17layer,full,17,eyeriss,thesis_arch,1056,524,128,16,16,1,False,False,"Ill-posed constraints:
CONSTRAINTS VIOLATION: Arch: Eyeriss_Constrained_17L_tile1_16x16 -> Level: InRegister: memory footprint: 2584 VS memory available: 400
CONSTRAINTS VIOLATION: Arch: Eyeriss_Constrained_17L_tile1_16x16 -> Level: WRegister: memory footprint: 57258 VS memory available: 1800",0.000e+00,0.000e+00,0.00e+00,0,0.0,0.0,
resnet18_17layer_2026-02-25T17:21:35.653807,resnet18,17layer,full,17,eyeriss,thesis_arch,1056,524,128,16,32,1,False,False,"Ill-posed constraints:
CONSTRAINTS VIOLATION: Arch: Eyeriss_Constrained_17L_tile1_32x16 -> Level: InRegister: memory footprint: 2584 VS memory available: 400
CONSTRAINTS VIOLATION: Arch: Eyeriss_Constrained_17L_tile1_32x16 -> Level: WRegister: memory footprint: 28629 VS memory available: 1800",0.000e+00,0.000e+00,0.00e+00,0,0.0,0.0,
resnet18_17layer_2026-02-25T17:21:36.036445,resnet18,17layer,full,17,eyeriss,thesis_arch,1056,524,128,16,64,1,False,False,"Ill-posed constraints:
CONSTRAINTS VIOLATION: Arch: Eyeriss_Constrained_17L_tile1_64x16 -> Level: InRegister: memory footprint: 2584 VS memory available: 400
CONSTRAINTS VIOLATION: Arch: Eyeriss_Constrained_17L_tile1_64x16 -> Level: WRegister: memory footprint: 14325 VS memory available: 1800",0.000e+00,0.000e+00,0.00e+00,0,0.0,0.0,
resnet18_17layer_2026-02-25T17:21:36.332709,resnet18,17layer,full,17,eyeriss,thesis_arch,1056,524,128,16,128,1,False,False,"Ill-posed constraints:
CONSTRAINTS VIOLATION: Arch: Eyeriss_Constrained_17L_tile1_128x16 -> Level: InRegister: memory footprint: 2584 VS memory available: 400
CONSTRAINTS VIOLATION: Arch: Eyeriss_Constrained_17L_tile1_128x16 -> Level: WRegister: memory footprint: 7269 VS memory available: 1800",0.000e+00,0.000e+00,0.00e+00,0,0.0,0.0,
resnet18_17layer_2026-02-25T17:21:36.604419,resnet18,17layer,full,17,eyeriss,thesis_arch,1056,524,128,16,256,1,False,False,"Ill-posed constraints:
CONSTRAINTS VIOLATION: Arch: Eyeriss_Constrained_17L_tile1_256x16 -> Level: InRegister: memory footprint: 2584 VS memory available: 400
CONSTRAINTS VIOLATION: Arch: Eyeriss_Constrained_17L_tile1_256x16 -> Level: WRegister: memory footprint: 3909 VS memory available: 1800",0.000e+00,0.000e+00,0.00e+00,0,0.0,0.0,
resnet18_17layer_2026-02-25T17:21:36.975204,resnet18,17layer,full,17,eyeriss,thesis_arch,1056,524,128,16,512,1,False,False,"Ill-posed constraints:
CONSTRAINTS VIOLATION: Arch: Eyeriss_Constrained_17L_tile1_512x16 -> Level: InRegister: memory footprint: 2584 VS memory available: 400
CONSTRAINTS VIOLATION: Arch: Eyeriss_Constrained_17L_tile1_512x16 -> Level: WRegister: memory footprint: 2565 VS memory available: 1800",0.000e+00,0.000e+00,0.00e+00,0,0.0,0.0,
resnet18_17layer_2026-02-25T17:21:37.361705,resnet18,17layer,full,17,eyeriss,thesis_arch,1056,524,128,32,4,1,False,False,"Ill-posed constraints:
CONSTRAINTS VIOLATION: Arch: Eyeriss_Constrained_17L_tile1_4x32 -> Level: InRegister: memory footprint: 1286 VS memory available: 400
CONSTRAINTS VIOLATION: Arch: Eyeriss_Constrained_17L_tile1_4x32 -> Level: WRegister: memory footprint: 114544 VS memory available: 1800
CONSTRAINTS VIOLATION: Arch: Eyeriss_Constrained_17L_tile1_4x32 -> Level: IntermediateRegister: memory footprint: 848 VS memory available: 350
CONSTRAINTS VIOLATION: Arch: Eyeriss_Constrained_17L_tile1_4x32 -> Level: OutRegister: memory footprint: 128 VS memory available: 64",0.000e+00,0.000e+00,0.00e+00,0,0.0,0.0,
resnet18_17layer_2026-02-25T17:21:37.763078,resnet18,17layer,full,17,eyeriss,thesis_arch,1056,524,128,32,16,1,False,False,"Ill-posed constraints:
CONSTRAINTS VIOLATION: Arch: Eyeriss_Constrained_17L_tile1_16x32 -> Level: InRegister: memory footprint: 1286 VS memory available: 400
CONSTRAINTS VIOLATION: Arch: Eyeriss_Constrained_17L_tile1_16x32 -> Level: WRegister: memory footprint: 28636 VS memory available: 1800",0.000e+00,0.000e+00,0.00e+00,0,0.0,0.0,
resnet18_17layer_2026-02-25T17:21:38.139543,resnet18,17layer,full,17,eyeriss,thesis_arch,1056,524,128,32,32,1,False,False,"Ill-posed constraints:
CONSTRAINTS VIOLATION: Arch: Eyeriss_Constrained_17L_tile1_32x32 -> Level: InRegister: memory footprint: 1286 VS memory available: 400
CONSTRAINTS VIOLATION: Arch: Eyeriss_Constrained_17L_tile1_32x32 -> Level: WRegister: memory footprint: 14318 VS memory available: 1800",0.000e+00,0.000e+00,0.00e+00,0,0.0,0.0,
resnet18_17layer_2026-02-25T17:21:38.538673,resnet18,17layer,full,17,eyeriss,thesis_arch,1056,524,128,32,64,1,False,False,"Ill-posed constraints:
CONSTRAINTS VIOLATION: Arch: Eyeriss_Constrained_17L_tile1_64x32 -> Level: InRegister: memory footprint: 1286 VS memory available: 400
CONSTRAINTS VIOLATION: Arch: Eyeriss_Constrained_17L_tile1_64x32 -> Level: WRegister: memory footprint: 7159 VS memory available: 1800",0.000e+00,0.000e+00,0.00e+00,0,0.0,0.0,
resnet18_17layer_2026-02-25T17:21:38.822857,resnet18,17layer,full,17,eyeriss,thesis_arch,1056,524,128,32,128,1,False,False,"Ill-posed constraints:
CONSTRAINTS VIOLATION: Arch: Eyeriss_Constrained_17L_tile1_128x32 -> Level: InRegister: memory footprint: 1286 VS memory available: 400
CONSTRAINTS VIOLATION: Arch: Eyeriss_Constrained_17L_tile1_128x32 -> Level: WRegister: memory footprint: 3631 VS memory available: 1800",0.000e+00,0.000e+00,0.00e+00,0,0.0,0.0,
resnet18_17layer_2026-02-25T17:21:39.228933,resnet18,17layer,full,17,eyeriss,thesis_arch,1056,524,128,32,256,1,False,False,"Ill-posed constraints:
CONSTRAINTS VIOLATION: Arch: Eyeriss_Constrained_17L_tile1_256x32 -> Level: InRegister: memory footprint: 1286 VS memory available: 400
CONSTRAINTS VIOLATION: Arch: Eyeriss_Constrained_17L_tile1_256x32 -> Level: WRegister: memory footprint: 1951 VS memory available: 1800",0.000e+00,0.000e+00,0.00e+00,0,0.0,0.0,
resnet18_17layer_2026-02-25T17:21:39.536462,resnet18,17layer,full,17,eyeriss,thesis_arch,1056,524,128,32,512,1,False,False,"Ill-posed constraints:
CONSTRAINTS VIOLATION: Arch: Eyeriss_Constrained_17L_tile1_512x32 -> Level: InRegister: memory footprint: 1286 VS memory available: 400",0.000e+00,0.000e+00,0.00e+00,0,0.0,0.0,
resnet18_17layer_2026-02-25T17:21:39.893488,resnet18,17layer,full,17,eyeriss,thesis_arch,1056,524,128,64,4,1,False,False,"Ill-posed constraints:
CONSTRAINTS VIOLATION: Arch: Eyeriss_Constrained_17L_tile1_4x64 -> Level: InRegister: memory footprint: 650 VS memory available: 400
CONSTRAINTS VIOLATION: Arch: Eyeriss_Constrained_17L_tile1_4x64 -> Level: WRegister: memory footprint: 57272 VS memory available: 1800
CONSTRAINTS VIOLATION: Arch: Eyeriss_Constrained_17L_tile1_4x64 -> Level: IntermediateRegister: memory footprint: 840 VS memory available: 350
CONSTRAINTS VIOLATION: Arch: Eyeriss_Constrained_17L_tile1_4x64 -> Level: OutRegister: memory footprint: 128 VS memory available: 64",0.000e+00,0.000e+00,0.00e+00,0,0.0,0.0,
resnet18_17layer_2026-02-25T17:21:40.238847,resnet18,17layer,full,17,eyeriss,thesis_arch,1056,524,128,64,16,1,False,False,"Ill-posed constraints:
CONSTRAINTS VIOLATION: Arch: Eyeriss_Constrained_17L_tile1_16x64 -> Level: InRegister: memory footprint: 650 VS memory available: 400
CONSTRAINTS VIOLATION: Arch: Eyeriss_Constrained_17L_tile1_16x64 -> Level: WRegister: memory footprint: 14318 VS memory available: 1800",0.000e+00,0.000e+00,0.00e+00,0,0.0,0.0,
resnet18_17layer_2026-02-25T17:21:40.522302,resnet18,17layer,full,17,eyeriss,thesis_arch,1056,524,128,64,32,1,False,False,"Ill-posed constraints:
CONSTRAINTS VIOLATION: Arch: Eyeriss_Constrained_17L_tile1_32x64 -> Level: InRegister: memory footprint: 650 VS memory available: 400
CONSTRAINTS VIOLATION: Arch: Eyeriss_Constrained_17L_tile1_32x64 -> Level: WRegister: memory footprint: 7159 VS memory available: 1800",0.000e+00,0.000e+00,0.00e+00,0,0.0,0.0,
resnet18_17layer_2026-02-25T17:21:40.875041,resnet18,17layer,full,17,eyeriss,thesis_arch,1056,524,128,64,64,1,False,False,"Ill-posed constraints:
CONSTRAINTS VIOLATION: Arch: Eyeriss_Constrained_17L_tile1_64x64 -> Level: InRegister: memory footprint: 650 VS memory available: 400
CONSTRAINTS VIOLATION: Arch: Eyeriss_Constrained_17L_tile1_64x64 -> Level: WRegister: memory footprint: 3583 VS memory available: 1800",0.000e+00,0.000e+00,0.00e+00,0,0.0,0.0,
resnet18_17layer_2026-02-25T17:21:41.165764,resnet18,17layer,full,17,eyeriss,thesis_arch,1056,524,128,64,128,1,False,False,"Ill-posed constraints:
CONSTRAINTS VIOLATION: Arch: Eyeriss_Constrained_17L_tile1_128x64 -> Level: InRegister: memory footprint: 650 VS memory available: 400
CONSTRAINTS VIOLATION: Arch: Eyeriss_Constrained_17L_tile1_128x64 -> Level: WRegister: memory footprint: 1819 VS memory available: 1800",0.000e+00,0.000e+00,0.00e+00,0,0.0,0.0,
resnet18_17layer_2026-02-25T17:21:41.457834,resnet18,17layer,full,17,eyeriss,thesis_arch,1056,524,128,64,256,1,False,False,"Ill-posed constraints:
CONSTRAINTS VIOLATION: Arch: Eyeriss_Constrained_17L_tile1_256x64 -> Level: InRegister: memory footprint: 650 VS memory available: 400",0.000e+00,0.000e+00,0.00e+00,0,0.0,0.0,
resnet18_17layer_2026-02-25T17:21:41.736820,resnet18,17layer,full,17,eyeriss,thesis_arch,1056,524,128,128,4,1,False,False,"Ill-posed constraints:
CONSTRAINTS VIOLATION: Arch: Eyeriss_Constrained_17L_tile1_4x128 -> Level: WRegister: memory footprint: 28636 VS memory available: 1800
CONSTRAINTS VIOLATION: Arch: Eyeriss_Constrained_17L_tile1_4x128 -> Level: IntermediateRegister: memory footprint: 836 VS memory available: 350
CONSTRAINTS VIOLATION: Arch: Eyeriss_Constrained_17L_tile1_4x128 -> Level: OutRegister: memory footprint: 128 VS memory available: 64",0.000e+00,0.000e+00,0.00e+00,0,0.0,0.0,
resnet18_17layer_2026-02-25T17:21:42.047579,resnet18,17layer,full,17,eyeriss,thesis_arch,1056,524,128,128,16,1,False,False,"Ill-posed constraints:
CONSTRAINTS VIOLATION: Arch: Eyeriss_Constrained_17L_tile1_16x128 -> Level: WRegister: memory footprint: 7159 VS memory available: 1800",0.000e+00,0.000e+00,0.00e+00,0,0.0,0.0,
resnet18_17layer_2026-02-25T17:21:42.411475,resnet18,17layer,full,17,eyeriss,thesis_arch,1056,524,128,128,32,1,False,False,"Ill-posed constraints:
CONSTRAINTS VIOLATION: Arch: Eyeriss_Constrained_17L_tile1_32x128 -> Level: WRegister: memory footprint: 3583 VS memory available: 1800",0.000e+00,0.000e+00,0.00e+00,0,0.0,0.0,
resnet18_17layer_2026-02-25T17:21:42.692070,resnet18,17layer,full,17,eyeriss,thesis_arch,1056,524,128,128,64,1,False,True,,3.278e+04,3.042e+06,1.02e+05,"(6045110464, 2543810304)",0.0016443321164842928,0.35174989700317383,DRAM[P=7 Q=7 Z16=1 C16=1 R16=1 S16=1 Y15=7 X15=7 Z15=1 C15=1 R15=1 S15=1 Y14=7 X14=7 Z14=1 C14=1 R14=1 S14=1 Y13=14 X13=14 Z13=1 C13=1 R13=1 S13=1 Y12=14 X12=14 Z12=1 C12=1 R12=1 S12=1 Y11=14 X11=14 Z11=1 C11=1 R11=1 S11=1 Y10=14 X10=14 Z10=1 C10=1 R10=1 S10=1 Y9=28 X9=28 Z9=1 C9=1 R9=1 S9=1 Y8=28 X8=28 Z8=1 C8=1 R8=1 S8=1 Y7=28 X7=28 Z7=1 C7=1 R7=1 S7=1 Y6=28 X6=28 Z6=1 C6=1 R6=1 S6=1 Y5=56 X5=56 Z5=1 C5=1 R5=1 S5=1 Y4=56 X4=56 Z4=1 C4=1 R4=1 S4=1 Y3=56 X3=56 Z3=1 C3=1 R3=1 S3=1 Y2=56 X2=56 Z2=1 C2=1 R2=1 S2=1 Y1=56 X1=56 Z1=1 C1=1 R1=1 S1=1 Y0=112 X0=112 Z0=1 C0=1 R0=1 S0=1] GlobalBuffer[P=1 Q=1 Z16=1 C16=1 R16=1 S16=1 Y15=1 X15=1 Z15=1 C15=1 R15=1 S15=1 Y14=1 X14=1 Z14=1 C14=1 R14=1 S14=1 Y13=1 X13=1 Z13=1 C13=1 R13=1 S13=1 Y12=1 X12=1 Z12=1 C12=1 R12=1 S12=1 Y11=1 X11=1 Z11=1 C11=1 R11=1 S11=1 Y10=1 X10=1 Z10=1 C10=1 R10=1 S10=1 Y9=1 X9=1 Z9=1 C9=1 R9=1 S9=1 Y8=1 X8=1 Z8=1 C8=1 R8=1 S8=1 Y7=1 X7=1 Z7=1 C7=1 R7=1 S7=1 Y6=1 X6=1 Z6=1 C6=1 R6=1 S6=1 Y5=1 X5=1 Z5=1 C5=1 R5=1 S5=1 Y4=1 X4=1 Z4=1 C4=1 R4=1 S4=1 Y3=1 X3=1 Z3=1 C3=1 R3=1 S3=1 Y2=1 X2=1 Z2=1 C2=1 R2=1 S2=1 Y1=1 X1=1 Z1=1 C1=1 R1=1 S1=1 Y0=1 X0=1 Z0=1 C0=1 R0=1 S0=1] SACols[Q=1 Z16=64] SARows[S16=3 C16=32 Z16=1] SACols_15[X15=1 Z15=64] SARows_15[S15=3 C15=32 Z15=1] SACols_14[X14=1 Z14=64] SARows_14[S14=3 C14=32 Z14=1] SACols_13[X13=1 Z13=64] SARows_13[S13=3 C13=32 Z13=1] SACols_12[X12=1 Z12=64] SARows_12[S12=3 C12=32 Z12=1] SACols_11[X11=1 Z11=64] SARows_11[S11=3 C11=32 Z11=1] SACols_10[X10=1 Z10=64] SARows_10[S10=3 C10=32 Z10=1] SACols_9[X9=1 Z9=64] SARows_9[S9=3 C9=32 Z9=1] SACols_8[X8=1 Z8=64] SARows_8[S8=3 C8=32 Z8=1] SACols_7[X7=1 Z7=64] SARows_7[S7=3 C7=32 Z7=1] SACols_6[X6=1 Z6=64] SARows_6[S6=3 C6=32 Z6=1] SACols_5[X5=1 Z5=64] SARows_5[S5=3 C5=32 Z5=1] SACols_4[X4=1 Z4=64] SARows_4[S4=3 C4=32 Z4=1] SACols_3[X3=1 Z3=64] SARows_3[S3=3 C3=32 Z3=1] SACols_2[X2=1 Z2=64] SARows_2[S2=3 C2=32 Z2=1] SACols_1[X1=1 Z1=64] SARows_1[S1=3 C1=32 Z1=1] SACols_0[X0=1 Z0=64] SARows_0[S0=7 C0=3 Z0=1] InRegister[P=1 Q=1 Z16=1 C16=1 R16=1 S16=1 Y15=1 X15=1 Z15=1 C15=1 R15=1 S15=1 Y14=1 X14=1 Z14=1 C14=1 R14=1 S14=1 Y13=1 X13=1 Z13=1 C13=1 R13=1 S13=1 Y12=1 X12=1 Z12=1 C12=1 R12=1 S12=1 Y11=1 X11=1 Z11=1 C11=1 R11=1 S11=1 Y10=1 X10=1 Z10=1 C10=1 R10=1 S10=1 Y9=1 X9=1 Z9=1 C9=1 R9=1 S9=1 Y8=1 X8=1 Z8=1 C8=1 R8=1 S8=1 Y7=1 X7=1 Z7=1 C7=1 R7=1 S7=1 Y6=1 X6=1 Z6=1 C6=1 R6=1 S6=1 Y5=1 X5=1 Z5=1 C5=1 R5=1 S5=1 Y4=1 X4=1 Z4=1 C4=1 R4=1 S4=1 Y3=1 X3=1 Z3=1 C3=1 R3=1 S3=1 Y2=1 X2=1 Z2=1 C2=1 R2=1 S2=1 Y1=1 X1=1 Z1=1 C1=1 R1=1 S1=1 Y0=1 X0=1 Z0=1 C0=1 R0=1 S0=1] WRegister[P=1 Q=1 Z16=1 C16=16 R16=3 S16=1 Y15=1 X15=1 Z15=1 C15=16 R15=3 S15=1 Y14=1 X14=1 Z14=1 C14=16 R14=3 S14=1 Y13=1 X13=1 Z13=1 C13=8 R13=3 S13=1 Y12=1 X12=1 Z12=1 C12=8 R12=3 S12=1 Y11=1 X11=1 Z11=1 C11=8 R11=3 S11=1 Y10=1 X10=1 Z10=1 C10=8 R10=3 S10=1 Y9=1 X9=1 Z9=1 C9=4 R9=3 S9=1 Y8=1 X8=1 Z8=1 C8=4 R8=3 S8=1 Y7=1 X7=1 Z7=1 C7=4 R7=3 S7=1 Y6=1 X6=1 Z6=1 C6=4 R6=3 S6=1 Y5=1 X5=1 Z5=1 C5=2 R5=3 S5=1 Y4=1 X4=1 Z4=1 C4=2 R4=3 S4=1 Y3=1 X3=1 Z3=1 C3=2 R3=3 S3=1 Y2=1 X2=1 Z2=1 C2=2 R2=3 S2=1 Y1=1 X1=1 Z1=1 C1=2 R1=3 S1=1 Y0=1 X0=1 Z0=1 C0=1 R0=7 S0=1] IntermediateRegister[P=1 Q=1 Z16=1 C16=1 R16=1 S16=1 Y15=1 X15=1 Z15=8 C15=1 R15=1 S15=1 Y14=1 X14=1 Z14=8 C14=1 R14=1 S14=1 Y13=1 X13=1 Z13=8 C13=1 R13=1 S13=1 Y12=1 X12=1 Z12=4 C12=1 R12=1 S12=1 Y11=1 X11=1 Z11=4 C11=1 R11=1 S11=1 Y10=1 X10=1 Z10=4 C10=1 R10=1 S10=1 Y9=1 X9=1 Z9=4 C9=1 R9=1 S9=1 Y8=1 X8=1 Z8=2 C8=1 R8=1 S8=1 Y7=1 X7=1 Z7=2 C7=1 R7=1 S7=1 Y6=1 X6=1 Z6=2 C6=1 R6=1 S6=1 Y5=1 X5=1 Z5=2 C5=1 R5=1 S5=1 Y4=1 X4=1 Z4=1 C4=1 R4=1 S4=1 Y3=1 X3=1 Z3=1 C3=1 R3=1 S3=1 Y2=1 X2=1 Z2=1 C2=1 R2=1 S2=1 Y1=1 X1=1 Z1=1 C1=1 R1=1 S1=1 Y0=1 X0=1 Z0=1 C0=1 R0=1 S0=1] OutRegister[P=1 Q=1 Z16=8 C16=1 R16=1 S16=1 Y15=1 X15=1 Z15=1 C15=1 R15=1 S15=1 Y14=1 X14=1 Z14=1 C14=1 R14=1 S14=1 Y13=1 X13=1 Z13=1 C13=1 R13=1 S13=1 Y12=1 X12=1 Z12=1 C12=1 R12=1 S12=1 Y11=1 X11=1 Z11=1 C11=1 R11=1 S11=1 Y10=1 X10=1 Z10=1 C10=1 R10=1 S10=1 Y9=1 X9=1 Z9=1 C9=1 R9=1 S9=1 Y8=1 X8=1 Z8=1 C8=1 R8=1 S8=1 Y7=1 X7=1 Z7=1 C7=1 R7=1 S7=1 Y6=1 X6=1 Z6=1 C6=1 R6=1 S6=1 Y5=1 X5=1 Z5=1 C5=1 R5=1 S5=1 Y4=1 X4=1 Z4=1 C4=1 R4=1 S4=1 Y3=1 X3=1 Z3=1 C3=1 R3=1 S3=1 Y2=1 X2=1 Z2=1 C2=1 R2=1 S2=1 Y1=1 X1=1 Z1=1 C1=1 R1=1 S1=1 Y0=1 X0=1 Z0=1 C0=1 R0=1 S0=1] Compute] 
resnet18_17layer_2026-02-25T17:21:43.350365,resnet18,17layer,full,17,eyeriss,thesis_arch,1056,524,128,128,128,1,False,True,,3.374e+04,3.042e+06,1.06e+05,"(6536433856, 2543810304)",5.138537864013415e-05,0.37236976623535156,DRAM[P=7 Q=7 Z16=1 C16=1 R16=1 S16=1 Y15=7 X15=7 Z15=1 C15=1 R15=1 S15=1 Y14=7 X14=7 Z14=1 C14=1 R14=1 S14=1 Y13=14 X13=14 Z13=1 C13=1 R13=1 S13=1 Y12=14 X12=14 Z12=1 C12=1 R12=1 S12=1 Y11=14 X11=14 Z11=1 C11=1 R11=1 S11=1 Y10=14 X10=14 Z10=1 C10=1 R10=1 S10=1 Y9=28 X9=28 Z9=1 C9=1 R9=1 S9=1 Y8=28 X8=28 Z8=1 C8=1 R8=1 S8=1 Y7=28 X7=28 Z7=1 C7=1 R7=1 S7=1 Y6=28 X6=28 Z6=1 C6=1 R6=1 S6=1 Y5=56 X5=56 Z5=1 C5=1 R5=1 S5=1 Y4=56 X4=56 Z4=1 C4=1 R4=1 S4=1 Y3=56 X3=56 Z3=1 C3=1 R3=1 S3=1 Y2=56 X2=56 Z2=1 C2=1 R2=1 S2=1 Y1=56 X1=56 Z1=1 C1=1 R1=1 S1=1 Y0=112 X0=112 Z0=1 C0=1 R0=1 S0=1] GlobalBuffer[P=1 Q=1 Z16=1 C16=1 R16=1 S16=1 Y15=1 X15=1 Z15=1 C15=1 R15=1 S15=1 Y14=1 X14=1 Z14=1 C14=1 R14=1 S14=1 Y13=1 X13=1 Z13=1 C13=1 R13=1 S13=1 Y12=1 X12=1 Z12=1 C12=1 R12=1 S12=1 Y11=1 X11=1 Z11=1 C11=1 R11=1 S11=1 Y10=1 X10=1 Z10=1 C10=1 R10=1 S10=1 Y9=1 X9=1 Z9=1 C9=1 R9=1 S9=1 Y8=1 X8=1 Z8=1 C8=1 R8=1 S8=1 Y7=1 X7=1 Z7=1 C7=1 R7=1 S7=1 Y6=1 X6=1 Z6=1 C6=1 R6=1 S6=1 Y5=1 X5=1 Z5=1 C5=1 R5=1 S5=1 Y4=1 X4=1 Z4=1 C4=1 R4=1 S4=1 Y3=1 X3=1 Z3=1 C3=1 R3=1 S3=1 Y2=1 X2=1 Z2=1 C2=1 R2=1 S2=1 Y1=1 X1=1 Z1=1 C1=1 R1=1 S1=1 Y0=1 X0=1 Z0=1 C0=1 R0=1 S0=1] SACols[Q=1 Z16=128] SARows[S16=3 C16=32 Z16=1] SACols_15[X15=1 Z15=128] SARows_15[S15=3 C15=32 Z15=1] SACols_14[X14=1 Z14=128] SARows_14[S14=3 C14=32 Z14=1] SACols_13[X13=1 Z13=128] SARows_13[S13=3 C13=32 Z13=1] SACols_12[X12=1 Z12=128] SARows_12[S12=3 C12=32 Z12=1] SACols_11[X11=1 Z11=128] SARows_11[S11=3 C11=32 Z11=1] SACols_10[X10=1 Z10=128] SARows_10[S10=3 C10=32 Z10=1] SACols_9[X9=1 Z9=128] SARows_9[S9=3 C9=32 Z9=1] SACols_8[X8=1 Z8=128] SARows_8[S8=3 C8=32 Z8=1] SACols_7[X7=1 Z7=128] SARows_7[S7=3 C7=32 Z7=1] SACols_6[X6=1 Z6=128] SARows_6[S6=3 C6=32 Z6=1] SACols_5[X5=1 Z5=128] SARows_5[S5=3 C5=32 Z5=1] SACols_4[X4=1 Z4=64] SARows_4[S4=3 C4=32 Z4=1] SACols_3[X3=1 Z3=64] SARows_3[S3=3 C3=32 Z3=1] SACols_2[X2=1 Z2=64] SARows_2[S2=3 C2=32 Z2=1] SACols_1[X1=1 Z1=64] SARows_1[S1=3 C1=32 Z1=1] SACols_0[X0=1 Z0=64] SARows_0[S0=7 C0=3 Z0=1] InRegister[P=1 Q=1 Z16=1 C16=1 R16=1 S16=1 Y15=1 X15=1 Z15=1 C15=1 R15=1 S15=1 Y14=1 X14=1 Z14=1 C14=1 R14=1 S14=1 Y13=1 X13=1 Z13=1 C13=1 R13=1 S13=1 Y12=1 X12=1 Z12=1 C12=1 R12=1 S12=1 Y11=1 X11=1 Z11=1 C11=1 R11=1 S11=1 Y10=1 X10=1 Z10=1 C10=1 R10=1 S10=1 Y9=1 X9=1 Z9=1 C9=1 R9=1 S9=1 Y8=1 X8=1 Z8=1 C8=1 R8=1 S8=1 Y7=1 X7=1 Z7=1 C7=1 R7=1 S7=1 Y6=1 X6=1 Z6=1 C6=1 R6=1 S6=1 Y5=1 X5=1 Z5=1 C5=1 R5=1 S5=1 Y4=1 X4=1 Z4=1 C4=1 R4=1 S4=1 Y3=1 X3=1 Z3=1 C3=1 R3=1 S3=1 Y2=1 X2=1 Z2=1 C2=1 R2=1 S2=1 Y1=1 X1=1 Z1=1 C1=1 R1=1 S1=1 Y0=1 X0=1 Z0=1 C0=1 R0=1 S0=1] WRegister[P=1 Q=1 Z16=1 C16=16 R16=3 S16=1 Y15=1 X15=1 Z15=1 C15=16 R15=3 S15=1 Y14=1 X14=1 Z14=1 C14=16 R14=3 S14=1 Y13=1 X13=1 Z13=1 C13=8 R13=3 S13=1 Y12=1 X12=1 Z12=1 C12=8 R12=3 S12=1 Y11=1 X11=1 Z11=1 C11=8 R11=3 S11=1 Y10=1 X10=1 Z10=1 C10=8 R10=3 S10=1 Y9=1 X9=1 Z9=1 C9=4 R9=3 S9=1 Y8=1 X8=1 Z8=1 C8=4 R8=3 S8=1 Y7=1 X7=1 Z7=1 C7=4 R7=3 S7=1 Y6=1 X6=1 Z6=1 C6=4 R6=3 S6=1 Y5=1 X5=1 Z5=1 C5=2 R5=3 S5=1 Y4=1 X4=1 Z4=1 C4=2 R4=3 S4=1 Y3=1 X3=1 Z3=1 C3=2 R3=3 S3=1 Y2=1 X2=1 Z2=1 C2=2 R2=3 S2=1 Y1=1 X1=1 Z1=1 C1=2 R1=3 S1=1 Y0=1 X0=1 Z0=1 C0=1 R0=7 S0=1] IntermediateRegister[P=1 Q=1 Z16=1 C16=1 R16=1 S16=1 Y15=1 X15=1 Z15=4 C15=1 R15=1 S15=1 Y14=1 X14=1 Z14=4 C14=1 R14=1 S14=1 Y13=1 X13=1 Z13=4 C13=1 R13=1 S13=1 Y12=1 X12=1 Z12=2 C12=1 R12=1 S12=1 Y11=1 X11=1 Z11=2 C11=1 R11=1 S11=1 Y10=1 X10=1 Z10=2 C10=1 R10=1 S10=1 Y9=1 X9=1 Z9=2 C9=1 R9=1 S9=1 Y8=1 X8=1 Z8=1 C8=1 R8=1 S8=1 Y7=1 X7=1 Z7=1 C7=1 R7=1 S7=1 Y6=1 X6=1 Z6=1 C6=1 R6=1 S6=1 Y5=1 X5=1 Z5=1 C5=1 R5=1 S5=1 Y4=1 X4=1 Z4=1 C4=1 R4=1 S4=1 Y3=1 X3=1 Z3=1 C3=1 R3=1 S3=1 Y2=1 X2=1 Z2=1 C2=1 R2=1 S2=1 Y1=1 X1=1 Z1=1 C1=1 R1=1 S1=1 Y0=1 X0=1 Z0=1 C0=1 R0=1 S0=1] OutRegister[P=1 Q=1 Z16=4 C16=1 R16=1 S16=1 Y15=1 X15=1 Z15=1 C15=1 R15=1 S15=1 Y14=1 X14=1 Z14=1 C14=1 R14=1 S14=1 Y13=1 X13=1 Z13=1 C13=1 R13=1 S13=1 Y12=1 X12=1 Z12=1 C12=1 R12=1 S12=1 Y11=1 X11=1 Z11=1 C11=1 R11=1 S11=1 Y10=1 X10=1 Z10=1 C10=1 R10=1 S10=1 Y9=1 X9=1 Z9=1 C9=1 R9=1 S9=1 Y8=1 X8=1 Z8=1 C8=1 R8=1 S8=1 Y7=1 X7=1 Z7=1 C7=1 R7=1 S7=1 Y6=1 X6=1 Z6=1 C6=1 R6=1 S6=1 Y5=1 X5=1 Z5=1 C5=1 R5=1 S5=1 Y4=1 X4=1 Z4=1 C4=1 R4=1 S4=1 Y3=1 X3=1 Z3=1 C3=1 R3=1 S3=1 Y2=1 X2=1 Z2=1 C2=1 R2=1 S2=1 Y1=1 X1=1 Z1=1 C1=1 R1=1 S1=1 Y0=1 X0=1 Z0=1 C0=1 R0=1 S0=1] Compute] 
resnet18_17layer_2026-02-25T17:21:44.138313,resnet18,17layer,full,17,eyeriss,thesis_arch,1056,524,128,256,4,1,False,False,"Ill-posed constraints:
CONSTRAINTS VIOLATION: Arch: Eyeriss_Constrained_17L_tile1_4x256 -> Level: WRegister: memory footprint: 14318 VS memory available: 1800
CONSTRAINTS VIOLATION: Arch: Eyeriss_Constrained_17L_tile1_4x256 -> Level: IntermediateRegister: memory footprint: 834 VS memory available: 350
CONSTRAINTS VIOLATION: Arch: Eyeriss_Constrained_17L_tile1_4x256 -> Level: OutRegister: memory footprint: 128 VS memory available: 64",0.000e+00,0.000e+00,0.00e+00,0,0.0,0.0,
resnet18_17layer_2026-02-25T17:21:44.563813,resnet18,17layer,full,17,eyeriss,thesis_arch,1056,524,128,256,16,1,False,False,"Ill-posed constraints:
CONSTRAINTS VIOLATION: Arch: Eyeriss_Constrained_17L_tile1_16x256 -> Level: WRegister: memory footprint: 3583 VS memory available: 1800",0.000e+00,0.000e+00,0.00e+00,0,0.0,0.0,
resnet18_17layer_2026-02-25T17:21:44.938435,resnet18,17layer,full,17,eyeriss,thesis_arch,1056,524,128,256,32,1,False,True,,3.250e+04,3.042e+06,1.00e+05,"(5760913600, 2736486144)",0.0016443321164842928,0.3558766841888428,DRAM[P=7 Q=7 Z16=1 C16=1 R16=1 S16=1 Y15=7 X15=7 Z15=1 C15=1 R15=1 S15=1 Y14=7 X14=7 Z14=1 C14=1 R14=1 S14=1 Y13=14 X13=14 Z13=1 C13=1 R13=1 S13=1 Y12=14 X12=14 Z12=1 C12=1 R12=1 S12=1 Y11=14 X11=14 Z11=1 C11=1 R11=1 S11=1 Y10=14 X10=14 Z10=1 C10=1 R10=1 S10=1 Y9=28 X9=28 Z9=1 C9=1 R9=1 S9=1 Y8=28 X8=28 Z8=1 C8=1 R8=1 S8=1 Y7=28 X7=28 Z7=1 C7=1 R7=1 S7=1 Y6=28 X6=28 Z6=1 C6=1 R6=1 S6=1 Y5=56 X5=56 Z5=1 C5=1 R5=1 S5=1 Y4=56 X4=56 Z4=1 C4=1 R4=1 S4=1 Y3=56 X3=56 Z3=1 C3=1 R3=1 S3=1 Y2=56 X2=56 Z2=1 C2=1 R2=1 S2=1 Y1=56 X1=56 Z1=1 C1=1 R1=1 S1=1 Y0=112 X0=112 Z0=1 C0=1 R0=1 S0=1] GlobalBuffer[P=1 Q=1 Z16=1 C16=1 R16=1 S16=1 Y15=1 X15=1 Z15=1 C15=1 R15=1 S15=1 Y14=1 X14=1 Z14=1 C14=1 R14=1 S14=1 Y13=1 X13=1 Z13=1 C13=1 R13=1 S13=1 Y12=1 X12=1 Z12=1 C12=1 R12=1 S12=1 Y11=1 X11=1 Z11=1 C11=1 R11=1 S11=1 Y10=1 X10=1 Z10=1 C10=1 R10=1 S10=1 Y9=1 X9=1 Z9=1 C9=1 R9=1 S9=1 Y8=1 X8=1 Z8=1 C8=1 R8=1 S8=1 Y7=1 X7=1 Z7=1 C7=1 R7=1 S7=1 Y6=1 X6=1 Z6=1 C6=1 R6=1 S6=1 Y5=1 X5=1 Z5=1 C5=1 R5=1 S5=1 Y4=1 X4=1 Z4=1 C4=1 R4=1 S4=1 Y3=1 X3=1 Z3=1 C3=1 R3=1 S3=1 Y2=1 X2=1 Z2=1 C2=1 R2=1 S2=1 Y1=1 X1=1 Z1=1 C1=1 R1=1 S1=1 Y0=1 X0=1 Z0=1 C0=1 R0=1 S0=1] SACols[Q=1 Z16=32] SARows[S16=3 C16=64 Z16=1] SACols_15[X15=1 Z15=32] SARows_15[S15=3 C15=64 Z15=1] SACols_14[X14=1 Z14=32] SARows_14[S14=3 C14=64 Z14=1] SACols_13[X13=1 Z13=32] SARows_13[S13=3 C13=64 Z13=1] SACols_12[X12=1 Z12=32] SARows_12[S12=3 C12=64 Z12=1] SACols_11[X11=1 Z11=32] SARows_11[S11=3 C11=64 Z11=1] SACols_10[X10=1 Z10=32] SARows_10[S10=3 C10=64 Z10=1] SACols_9[X9=1 Z9=32] SARows_9[S9=3 C9=64 Z9=1] SACols_8[X8=1 Z8=32] SARows_8[S8=3 C8=64 Z8=1] SACols_7[X7=1 Z7=32] SARows_7[S7=3 C7=64 Z7=1] SACols_6[X6=1 Z6=32] SARows_6[S6=3 C6=64 Z6=1] SACols_5[X5=1 Z5=32] SARows_5[S5=3 C5=64 Z5=1] SACols_4[X4=1 Z4=32] SARows_4[S4=3 C4=64 Z4=1] SACols_3[X3=1 Z3=32] SARows_3[S3=3 C3=64 Z3=1] SACols_2[X2=1 Z2=32] SARows_2[S2=3 C2=64 Z2=1] SACols_1[X1=1 Z1=32] SARows_1[S1=3 C1=64 Z1=1] SACols_0[X0=1 Z0=32] SARows_0[S0=7 C0=3 Z0=2] InRegister[P=1 Q=1 Z16=1 C16=1 R16=1 S16=1 Y15=1 X15=1 Z15=1 C15=1 R15=1 S15=1 Y14=1 X14=1 Z14=1 C14=1 R14=1 S14=1 Y13=1 X13=1 Z13=1 C13=1 R13=1 S13=1 Y12=1 X12=1 Z12=1 C12=1 R12=1 S12=1 Y11=1 X11=1 Z11=1 C11=1 R11=1 S11=1 Y10=1 X10=1 Z10=1 C10=1 R10=1 S10=1 Y9=1 X9=1 Z9=1 C9=1 R9=1 S9=1 Y8=1 X8=1 Z8=1 C8=1 R8=1 S8=1 Y7=1 X7=1 Z7=1 C7=1 R7=1 S7=1 Y6=1 X6=1 Z6=1 C6=1 R6=1 S6=1 Y5=1 X5=1 Z5=1 C5=1 R5=1 S5=1 Y4=1 X4=1 Z4=1 C4=1 R4=1 S4=1 Y3=1 X3=1 Z3=1 C3=1 R3=1 S3=1 Y2=1 X2=1 Z2=1 C2=1 R2=1 S2=1 Y1=1 X1=1 Z1=1 C1=1 R1=1 S1=1 Y0=1 X0=1 Z0=1 C0=1 R0=1 S0=1] WRegister[P=1 Q=1 Z16=1 C16=8 R16=3 S16=1 Y15=1 X15=1 Z15=1 C15=8 R15=3 S15=1 Y14=1 X14=1 Z14=1 C14=8 R14=3 S14=1 Y13=1 X13=1 Z13=1 C13=4 R13=3 S13=1 Y12=1 X12=1 Z12=1 C12=4 R12=3 S12=1 Y11=1 X11=1 Z11=1 C11=4 R11=3 S11=1 Y10=1 X10=1 Z10=1 C10=4 R10=3 S10=1 Y9=1 X9=1 Z9=1 C9=2 R9=3 S9=1 Y8=1 X8=1 Z8=1 C8=2 R8=3 S8=1 Y7=1 X7=1 Z7=1 C7=2 R7=3 S7=1 Y6=1 X6=1 Z6=1 C6=2 R6=3 S6=1 Y5=1 X5=1 Z5=1 C5=1 R5=3 S5=1 Y4=1 X4=1 Z4=1 C4=1 R4=3 S4=1 Y3=1 X3=1 Z3=1 C3=1 R3=3 S3=1 Y2=1 X2=1 Z2=1 C2=1 R2=3 S2=1 Y1=1 X1=1 Z1=1 C1=1 R1=3 S1=1 Y0=1 X0=1 Z0=1 C0=1 R0=7 S0=1] IntermediateRegister[P=1 Q=1 Z16=1 C16=1 R16=1 S16=1 Y15=1 X15=1 Z15=16 C15=1 R15=1 S15=1 Y14=1 X14=1 Z14=16 C14=1 R14=1 S14=1 Y13=1 X13=1 Z13=16 C13=1 R13=1 S13=1 Y12=1 X12=1 Z12=8 C12=1 R12=1 S12=1 Y11=1 X11=1 Z11=8 C11=1 R11=1 S11=1 Y10=1 X10=1 Z10=8 C10=1 R10=1 S10=1 Y9=1 X9=1 Z9=8 C9=1 R9=1 S9=1 Y8=1 X8=1 Z8=4 C8=1 R8=1 S8=1 Y7=1 X7=1 Z7=4 C7=1 R7=1 S7=1 Y6=1 X6=1 Z6=4 C6=1 R6=1 S6=1 Y5=1 X5=1 Z5=4 C5=1 R5=1 S5=1 Y4=1 X4=1 Z4=2 C4=1 R4=1 S4=1 Y3=1 X3=1 Z3=2 C3=1 R3=1 S3=1 Y2=1 X2=1 Z2=2 C2=1 R2=1 S2=1 Y1=1 X1=1 Z1=2 C1=1 R1=1 S1=1 Y0=1 X0=1 Z0=1 C0=1 R0=1 S0=1] OutRegister[P=1 Q=1 Z16=16 C16=1 R16=1 S16=1 Y15=1 X15=1 Z15=1 C15=1 R15=1 S15=1 Y14=1 X14=1 Z14=1 C14=1 R14=1 S14=1 Y13=1 X13=1 Z13=1 C13=1 R13=1 S13=1 Y12=1 X12=1 Z12=1 C12=1 R12=1 S12=1 Y11=1 X11=1 Z11=1 C11=1 R11=1 S11=1 Y10=1 X10=1 Z10=1 C10=1 R10=1 S10=1 Y9=1 X9=1 Z9=1 C9=1 R9=1 S9=1 Y8=1 X8=1 Z8=1 C8=1 R8=1 S8=1 Y7=1 X7=1 Z7=1 C7=1 R7=1 S7=1 Y6=1 X6=1 Z6=1 C6=1 R6=1 S6=1 Y5=1 X5=1 Z5=1 C5=1 R5=1 S5=1 Y4=1 X4=1 Z4=1 C4=1 R4=1 S4=1 Y3=1 X3=1 Z3=1 C3=1 R3=1 S3=1 Y2=1 X2=1 Z2=1 C2=1 R2=1 S2=1 Y1=1 X1=1 Z1=1 C1=1 R1=1 S1=1 Y0=1 X0=1 Z0=1 C0=1 R0=1 S0=1] Compute] 
resnet18_17layer_2026-02-25T17:21:45.733893,resnet18,17layer,full,17,eyeriss,thesis_arch,1056,524,128,256,64,1,False,True,,3.344e+04,3.042e+06,1.04e+05,"(6237786304, 2736486144)",0.0008221660582421464,0.34146738052368164,DRAM[P=7 Q=7 Z16=1 C16=1 R16=1 S16=1 Y15=7 X15=7 Z15=1 C15=1 R15=1 S15=1 Y14=7 X14=7 Z14=1 C14=1 R14=1 S14=1 Y13=14 X13=14 Z13=1 C13=1 R13=1 S13=1 Y12=14 X12=14 Z12=1 C12=1 R12=1 S12=1 Y11=14 X11=14 Z11=1 C11=1 R11=1 S11=1 Y10=14 X10=14 Z10=1 C10=1 R10=1 S10=1 Y9=28 X9=28 Z9=1 C9=1 R9=1 S9=1 Y8=28 X8=28 Z8=1 C8=1 R8=1 S8=1 Y7=28 X7=28 Z7=1 C7=1 R7=1 S7=1 Y6=28 X6=28 Z6=1 C6=1 R6=1 S6=1 Y5=56 X5=56 Z5=1 C5=1 R5=1 S5=1 Y4=56 X4=56 Z4=1 C4=1 R4=1 S4=1 Y3=56 X3=56 Z3=1 C3=1 R3=1 S3=1 Y2=56 X2=56 Z2=1 C2=1 R2=1 S2=1 Y1=56 X1=56 Z1=1 C1=1 R1=1 S1=1 Y0=112 X0=112 Z0=1 C0=1 R0=1 S0=1] GlobalBuffer[P=1 Q=1 Z16=1 C16=1 R16=1 S16=1 Y15=1 X15=1 Z15=1 C15=1 R15=1 S15=1 Y14=1 X14=1 Z14=1 C14=1 R14=1 S14=1 Y13=1 X13=1 Z13=1 C13=1 R13=1 S13=1 Y12=1 X12=1 Z12=1 C12=1 R12=1 S12=1 Y11=1 X11=1 Z11=1 C11=1 R11=1 S11=1 Y10=1 X10=1 Z10=1 C10=1 R10=1 S10=1 Y9=1 X9=1 Z9=1 C9=1 R9=1 S9=1 Y8=1 X8=1 Z8=1 C8=1 R8=1 S8=1 Y7=1 X7=1 Z7=1 C7=1 R7=1 S7=1 Y6=1 X6=1 Z6=1 C6=1 R6=1 S6=1 Y5=1 X5=1 Z5=1 C5=1 R5=1 S5=1 Y4=1 X4=1 Z4=1 C4=1 R4=1 S4=1 Y3=1 X3=1 Z3=1 C3=1 R3=1 S3=1 Y2=1 X2=1 Z2=1 C2=1 R2=1 S2=1 Y1=1 X1=1 Z1=1 C1=1 R1=1 S1=1 Y0=1 X0=1 Z0=1 C0=1 R0=1 S0=1] SACols[Q=1 Z16=64] SARows[S16=3 C16=64 Z16=1] SACols_15[X15=1 Z15=64] SARows_15[S15=3 C15=64 Z15=1] SACols_14[X14=1 Z14=64] SARows_14[S14=3 C14=64 Z14=1] SACols_13[X13=1 Z13=64] SARows_13[S13=3 C13=64 Z13=1] SACols_12[X12=1 Z12=64] SARows_12[S12=3 C12=64 Z12=1] SACols_11[X11=1 Z11=64] SARows_11[S11=3 C11=64 Z11=1] SACols_10[X10=1 Z10=64] SARows_10[S10=3 C10=64 Z10=1] SACols_9[X9=1 Z9=64] SARows_9[S9=3 C9=64 Z9=1] SACols_8[X8=1 Z8=64] SARows_8[S8=3 C8=64 Z8=1] SACols_7[X7=1 Z7=64] SARows_7[S7=3 C7=64 Z7=1] SACols_6[X6=1 Z6=64] SARows_6[S6=3 C6=64 Z6=1] SACols_5[X5=1 Z5=64] SARows_5[S5=3 C5=64 Z5=1] SACols_4[X4=1 Z4=64] SARows_4[S4=3 C4=64 Z4=1] SACols_3[X3=1 Z3=64] SARows_3[S3=3 C3=64 Z3=1] SACols_2[X2=1 Z2=64] SARows_2[S2=3 C2=64 Z2=1] SACols_1[X1=1 Z1=64] SARows_1[S1=3 C1=64 Z1=1] SACols_0[X0=1 Z0=64] SARows_0[S0=7 C0=3 Z0=1] InRegister[P=1 Q=1 Z16=1 C16=1 R16=1 S16=1 Y15=1 X15=1 Z15=1 C15=1 R15=1 S15=1 Y14=1 X14=1 Z14=1 C14=1 R14=1 S14=1 Y13=1 X13=1 Z13=1 C13=1 R13=1 S13=1 Y12=1 X12=1 Z12=1 C12=1 R12=1 S12=1 Y11=1 X11=1 Z11=1 C11=1 R11=1 S11=1 Y10=1 X10=1 Z10=1 C10=1 R10=1 S10=1 Y9=1 X9=1 Z9=1 C9=1 R9=1 S9=1 Y8=1 X8=1 Z8=1 C8=1 R8=1 S8=1 Y7=1 X7=1 Z7=1 C7=1 R7=1 S7=1 Y6=1 X6=1 Z6=1 C6=1 R6=1 S6=1 Y5=1 X5=1 Z5=1 C5=1 R5=1 S5=1 Y4=1 X4=1 Z4=1 C4=1 R4=1 S4=1 Y3=1 X3=1 Z3=1 C3=1 R3=1 S3=1 Y2=1 X2=1 Z2=1 C2=1 R2=1 S2=1 Y1=1 X1=1 Z1=1 C1=1 R1=1 S1=1 Y0=1 X0=1 Z0=1 C0=1 R0=1 S0=1] WRegister[P=1 Q=1 Z16=1 C16=8 R16=3 S16=1 Y15=1 X15=1 Z15=1 C15=8 R15=3 S15=1 Y14=1 X14=1 Z14=1 C14=8 R14=3 S14=1 Y13=1 X13=1 Z13=1 C13=4 R13=3 S13=1 Y12=1 X12=1 Z12=1 C12=4 R12=3 S12=1 Y11=1 X11=1 Z11=1 C11=4 R11=3 S11=1 Y10=1 X10=1 Z10=1 C10=4 R10=3 S10=1 Y9=1 X9=1 Z9=1 C9=2 R9=3 S9=1 Y8=1 X8=1 Z8=1 C8=2 R8=3 S8=1 Y7=1 X7=1 Z7=1 C7=2 R7=3 S7=1 Y6=1 X6=1 Z6=1 C6=2 R6=3 S6=1 Y5=1 X5=1 Z5=1 C5=1 R5=3 S5=1 Y4=1 X4=1 Z4=1 C4=1 R4=3 S4=1 Y3=1 X3=1 Z3=1 C3=1 R3=3 S3=1 Y2=1 X2=1 Z2=1 C2=1 R2=3 S2=1 Y1=1 X1=1 Z1=1 C1=1 R1=3 S1=1 Y0=1 X0=1 Z0=1 C0=1 R0=7 S0=1] IntermediateRegister[P=1 Q=1 Z16=1 C16=1 R16=1 S16=1 Y15=1 X15=1 Z15=8 C15=1 R15=1 S15=1 Y14=1 X14=1 Z14=8 C14=1 R14=1 S14=1 Y13=1 X13=1 Z13=8 C13=1 R13=1 S13=1 Y12=1 X12=1 Z12=4 C12=1 R12=1 S12=1 Y11=1 X11=1 Z11=4 C11=1 R11=1 S11=1 Y10=1 X10=1 Z10=4 C10=1 R10=1 S10=1 Y9=1 X9=1 Z9=4 C9=1 R9=1 S9=1 Y8=1 X8=1 Z8=2 C8=1 R8=1 S8=1 Y7=1 X7=1 Z7=2 C7=1 R7=1 S7=1 Y6=1 X6=1 Z6=2 C6=1 R6=1 S6=1 Y5=1 X5=1 Z5=2 C5=1 R5=1 S5=1 Y4=1 X4=1 Z4=1 C4=1 R4=1 S4=1 Y3=1 X3=1 Z3=1 C3=1 R3=1 S3=1 Y2=1 X2=1 Z2=1 C2=1 R2=1 S2=1 Y1=1 X1=1 Z1=1 C1=1 R1=1 S1=1 Y0=1 X0=1 Z0=1 C0=1 R0=1 S0=1] OutRegister[P=1 Q=1 Z16=8 C16=1 R16=1 S16=1 Y15=1 X15=1 Z15=1 C15=1 R15=1 S15=1 Y14=1 X14=1 Z14=1 C14=1 R14=1 S14=1 Y13=1 X13=1 Z13=1 C13=1 R13=1 S13=1 Y12=1 X12=1 Z12=1 C12=1 R12=1 S12=1 Y11=1 X11=1 Z11=1 C11=1 R11=1 S11=1 Y10=1 X10=1 Z10=1 C10=1 R10=1 S10=1 Y9=1 X9=1 Z9=1 C9=1 R9=1 S9=1 Y8=1 X8=1 Z8=1 C8=1 R8=1 S8=1 Y7=1 X7=1 Z7=1 C7=1 R7=1 S7=1 Y6=1 X6=1 Z6=1 C6=1 R6=1 S6=1 Y5=1 X5=1 Z5=1 C5=1 R5=1 S5=1 Y4=1 X4=1 Z4=1 C4=1 R4=1 S4=1 Y3=1 X3=1 Z3=1 C3=1 R3=1 S3=1 Y2=1 X2=1 Z2=1 C2=1 R2=1 S2=1 Y1=1 X1=1 Z1=1 C1=1 R1=1 S1=1 Y0=1 X0=1 Z0=1 C0=1 R0=1 S0=1] Compute] 
resnet18_17layer_2026-02-25T17:21:46.505315,resnet18,17layer,full,17,eyeriss,thesis_arch,1056,524,128,512,4,1,False,False,"Ill-posed constraints:
CONSTRAINTS VIOLATION: Arch: Eyeriss_Constrained_17L_tile1_4x512 -> Level: WRegister: memory footprint: 7159 VS memory available: 1800
CONSTRAINTS VIOLATION: Arch: Eyeriss_Constrained_17L_tile1_4x512 -> Level: IntermediateRegister: memory footprint: 785 VS memory available: 350
CONSTRAINTS VIOLATION: Arch: Eyeriss_Constrained_17L_tile1_4x512 -> Level: OutRegister: memory footprint: 128 VS memory available: 64",0.000e+00,0.000e+00,0.00e+00,0,0.0,0.0,
resnet18_17layer_2026-02-25T17:21:46.919236,resnet18,17layer,full,17,eyeriss,thesis_arch,1056,524,128,512,16,1,False,True,,3.285e+04,3.042e+06,1.01e+05,"(5821124800, 2890626816)",0.0016443321164842928,0.3265378475189209,DRAM[P=7 Q=7 Z16=1 C16=1 R16=1 S16=1 Y15=7 X15=7 Z15=1 C15=1 R15=1 S15=1 Y14=7 X14=7 Z14=1 C14=1 R14=1 S14=1 Y13=14 X13=14 Z13=1 C13=1 R13=1 S13=1 Y12=14 X12=14 Z12=1 C12=1 R12=1 S12=1 Y11=14 X11=14 Z11=1 C11=1 R11=1 S11=1 Y10=14 X10=14 Z10=1 C10=1 R10=1 S10=1 Y9=28 X9=28 Z9=1 C9=1 R9=1 S9=1 Y8=28 X8=28 Z8=1 C8=1 R8=1 S8=1 Y7=28 X7=28 Z7=1 C7=1 R7=1 S7=1 Y6=28 X6=28 Z6=1 C6=1 R6=1 S6=1 Y5=56 X5=56 Z5=1 C5=1 R5=1 S5=1 Y4=56 X4=56 Z4=1 C4=1 R4=1 S4=1 Y3=56 X3=56 Z3=1 C3=1 R3=1 S3=1 Y2=56 X2=56 Z2=1 C2=1 R2=1 S2=1 Y1=56 X1=56 Z1=1 C1=1 R1=1 S1=1 Y0=112 X0=112 Z0=1 C0=1 R0=1 S0=1] GlobalBuffer[P=1 Q=1 Z16=1 C16=1 R16=1 S16=1 Y15=1 X15=1 Z15=1 C15=1 R15=1 S15=1 Y14=1 X14=1 Z14=1 C14=1 R14=1 S14=1 Y13=1 X13=1 Z13=1 C13=1 R13=1 S13=1 Y12=1 X12=1 Z12=1 C12=1 R12=1 S12=1 Y11=1 X11=1 Z11=1 C11=1 R11=1 S11=1 Y10=1 X10=1 Z10=1 C10=1 R10=1 S10=1 Y9=1 X9=1 Z9=1 C9=1 R9=1 S9=1 Y8=1 X8=1 Z8=1 C8=1 R8=1 S8=1 Y7=1 X7=1 Z7=1 C7=1 R7=1 S7=1 Y6=1 X6=1 Z6=1 C6=1 R6=1 S6=1 Y5=1 X5=1 Z5=1 C5=1 R5=1 S5=1 Y4=1 X4=1 Z4=1 C4=1 R4=1 S4=1 Y3=1 X3=1 Z3=1 C3=1 R3=1 S3=1 Y2=1 X2=1 Z2=1 C2=1 R2=1 S2=1 Y1=1 X1=1 Z1=1 C1=1 R1=1 S1=1 Y0=1 X0=1 Z0=1 C0=1 R0=1 S0=1] SACols[Q=1 Z16=16] SARows[S16=3 C16=128 Z16=1] SACols_15[X15=1 Z15=16] SARows_15[S15=3 C15=128 Z15=1] SACols_14[X14=1 Z14=16] SARows_14[S14=3 C14=128 Z14=1] SACols_13[X13=1 Z13=16] SARows_13[S13=3 C13=128 Z13=1] SACols_12[X12=1 Z12=16] SARows_12[S12=3 C12=128 Z12=1] SACols_11[X11=1 Z11=16] SARows_11[S11=3 C11=128 Z11=1] SACols_10[X10=1 Z10=16] SARows_10[S10=3 C10=128 Z10=1] SACols_9[X9=1 Z9=16] SARows_9[S9=3 C9=128 Z9=1] SACols_8[X8=1 Z8=16] SARows_8[S8=3 C8=128 Z8=1] SACols_7[X7=1 Z7=16] SARows_7[S7=3 C7=128 Z7=1] SACols_6[X6=1 Z6=16] SARows_6[S6=3 C6=128 Z6=1] SACols_5[X5=1 Z5=16] SARows_5[S5=3 C5=64 Z5=2] SACols_4[X4=1 Z4=16] SARows_4[S4=3 C4=64 Z4=2] SACols_3[X3=1 Z3=16] SARows_3[S3=3 C3=64 Z3=2] SACols_2[X2=1 Z2=16] SARows_2[S2=3 C2=64 Z2=2] SACols_1[X1=1 Z1=16] SARows_1[S1=3 C1=64 Z1=2] SACols_0[X0=1 Z0=16] SARows_0[S0=7 C0=3 Z0=4] InRegister[P=1 Q=1 Z16=1 C16=1 R16=1 S16=1 Y15=1 X15=1 Z15=1 C15=1 R15=1 S15=1 Y14=1 X14=1 Z14=1 C14=1 R14=1 S14=1 Y13=1 X13=1 Z13=1 C13=1 R13=1 S13=1 Y12=1 X12=1 Z12=1 C12=1 R12=1 S12=1 Y11=1 X11=1 Z11=1 C11=1 R11=1 S11=1 Y10=1 X10=1 Z10=1 C10=1 R10=1 S10=1 Y9=1 X9=1 Z9=1 C9=1 R9=1 S9=1 Y8=1 X8=1 Z8=1 C8=1 R8=1 S8=1 Y7=1 X7=1 Z7=1 C7=1 R7=1 S7=1 Y6=1 X6=1 Z6=1 C6=1 R6=1 S6=1 Y5=1 X5=1 Z5=1 C5=1 R5=1 S5=1 Y4=1 X4=1 Z4=1 C4=1 R4=1 S4=1 Y3=1 X3=1 Z3=1 C3=1 R3=1 S3=1 Y2=1 X2=1 Z2=1 C2=1 R2=1 S2=1 Y1=1 X1=1 Z1=1 C1=1 R1=1 S1=1 Y0=1 X0=1 Z0=1 C0=1 R0=1 S0=1] WRegister[P=1 Q=1 Z16=1 C16=4 R16=3 S16=1 Y15=1 X15=1 Z15=1 C15=4 R15=3 S15=1 Y14=1 X14=1 Z14=1 C14=4 R14=3 S14=1 Y13=1 X13=1 Z13=1 C13=2 R13=3 S13=1 Y12=1 X12=1 Z12=1 C12=2 R12=3 S12=1 Y11=1 X11=1 Z11=1 C11=2 R11=3 S11=1 Y10=1 X10=1 Z10=1 C10=2 R10=3 S10=1 Y9=1 X9=1 Z9=1 C9=1 R9=3 S9=1 Y8=1 X8=1 Z8=1 C8=1 R8=3 S8=1 Y7=1 X7=1 Z7=1 C7=1 R7=3 S7=1 Y6=1 X6=1 Z6=1 C6=1 R6=3 S6=1 Y5=1 X5=1 Z5=1 C5=1 R5=3 S5=1 Y4=1 X4=1 Z4=1 C4=1 R4=3 S4=1 Y3=1 X3=1 Z3=1 C3=1 R3=3 S3=1 Y2=1 X2=1 Z2=1 C2=1 R2=3 S2=1 Y1=1 X1=1 Z1=1 C1=1 R1=3 S1=1 Y0=1 X0=1 Z0=1 C0=1 R0=7 S0=1] IntermediateRegister[P=1 Q=1 Z16=1 C16=1 R16=1 S16=1 Y15=1 X15=1 Z15=32 C15=1 R15=1 S15=1 Y14=1 X14=1 Z14=32 C14=1 R14=1 S14=1 Y13=1 X13=1 Z13=32 C13=1 R13=1 S13=1 Y12=1 X12=1 Z12=16 C12=1 R12=1 S12=1 Y11=1 X11=1 Z11=16 C11=1 R11=1 S11=1 Y10=1 X10=1 Z10=16 C10=1 R10=1 S10=1 Y9=1 X9=1 Z9=16 C9=1 R9=1 S9=1 Y8=1 X8=1 Z8=8 C8=1 R8=1 S8=1 Y7=1 X7=1 Z7=8 C7=1 R7=1 S7=1 Y6=1 X6=1 Z6=8 C6=1 R6=1 S6=1 Y5=1 X5=1 Z5=4 C5=1 R5=1 S5=1 Y4=1 X4=1 Z4=2 C4=1 R4=1 S4=1 Y3=1 X3=1 Z3=2 C3=1 R3=1 S3=1 Y2=1 X2=1 Z2=2 C2=1 R2=1 S2=1 Y1=1 X1=1 Z1=2 C1=1 R1=1 S1=1 Y0=1 X0=1 Z0=1 C0=1 R0=1 S0=1] OutRegister[P=1 Q=1 Z16=32 C16=1 R16=1 S16=1 Y15=1 X15=1 Z15=1 C15=1 R15=1 S15=1 Y14=1 X14=1 Z14=1 C14=1 R14=1 S14=1 Y13=1 X13=1 Z13=1 C13=1 R13=1 S13=1 Y12=1 X12=1 Z12=1 C12=1 R12=1 S12=1 Y11=1 X11=1 Z11=1 C11=1 R11=1 S11=1 Y10=1 X10=1 Z10=1 C10=1 R10=1 S10=1 Y9=1 X9=1 Z9=1 C9=1 R9=1 S9=1 Y8=1 X8=1 Z8=1 C8=1 R8=1 S8=1 Y7=1 X7=1 Z7=1 C7=1 R7=1 S7=1 Y6=1 X6=1 Z6=1 C6=1 R6=1 S6=1 Y5=1 X5=1 Z5=1 C5=1 R5=1 S5=1 Y4=1 X4=1 Z4=1 C4=1 R4=1 S4=1 Y3=1 X3=1 Z3=1 C3=1 R3=1 S3=1 Y2=1 X2=1 Z2=1 C2=1 R2=1 S2=1 Y1=1 X1=1 Z1=1 C1=1 R1=1 S1=1 Y0=1 X0=1 Z0=1 C0=1 R0=1 S0=1] Compute] 
resnet18_17layer_2026-02-25T17:21:47.576108,resnet18,17layer,full,17,eyeriss,thesis_arch,1056,524,128,512,32,1,False,True,,3.360e+04,3.042e+06,1.04e+05,"(6204068032, 2890626816)",0.0008221660582421464,0.32201647758483887,DRAM[P=7 Q=7 Z16=1 C16=1 R16=1 S16=1 Y15=7 X15=7 Z15=1 C15=1 R15=1 S15=1 Y14=7 X14=7 Z14=1 C14=1 R14=1 S14=1 Y13=14 X13=14 Z13=1 C13=1 R13=1 S13=1 Y12=14 X12=14 Z12=1 C12=1 R12=1 S12=1 Y11=14 X11=14 Z11=1 C11=1 R11=1 S11=1 Y10=14 X10=14 Z10=1 C10=1 R10=1 S10=1 Y9=28 X9=28 Z9=1 C9=1 R9=1 S9=1 Y8=28 X8=28 Z8=1 C8=1 R8=1 S8=1 Y7=28 X7=28 Z7=1 C7=1 R7=1 S7=1 Y6=28 X6=28 Z6=1 C6=1 R6=1 S6=1 Y5=56 X5=56 Z5=1 C5=1 R5=1 S5=1 Y4=56 X4=56 Z4=1 C4=1 R4=1 S4=1 Y3=56 X3=56 Z3=1 C3=1 R3=1 S3=1 Y2=56 X2=56 Z2=1 C2=1 R2=1 S2=1 Y1=56 X1=56 Z1=1 C1=1 R1=1 S1=1 Y0=112 X0=112 Z0=1 C0=1 R0=1 S0=1] GlobalBuffer[P=1 Q=1 Z16=1 C16=1 R16=1 S16=1 Y15=1 X15=1 Z15=1 C15=1 R15=1 S15=1 Y14=1 X14=1 Z14=1 C14=1 R14=1 S14=1 Y13=1 X13=1 Z13=1 C13=1 R13=1 S13=1 Y12=1 X12=1 Z12=1 C12=1 R12=1 S12=1 Y11=1 X11=1 Z11=1 C11=1 R11=1 S11=1 Y10=1 X10=1 Z10=1 C10=1 R10=1 S10=1 Y9=1 X9=1 Z9=1 C9=1 R9=1 S9=1 Y8=1 X8=1 Z8=1 C8=1 R8=1 S8=1 Y7=1 X7=1 Z7=1 C7=1 R7=1 S7=1 Y6=1 X6=1 Z6=1 C6=1 R6=1 S6=1 Y5=1 X5=1 Z5=1 C5=1 R5=1 S5=1 Y4=1 X4=1 Z4=1 C4=1 R4=1 S4=1 Y3=1 X3=1 Z3=1 C3=1 R3=1 S3=1 Y2=1 X2=1 Z2=1 C2=1 R2=1 S2=1 Y1=1 X1=1 Z1=1 C1=1 R1=1 S1=1 Y0=1 X0=1 Z0=1 C0=1 R0=1 S0=1] SACols[Q=1 Z16=32] SARows[S16=3 C16=128 Z16=1] SACols_15[X15=1 Z15=32] SARows_15[S15=3 C15=128 Z15=1] SACols_14[X14=1 Z14=32] SARows_14[S14=3 C14=128 Z14=1] SACols_13[X13=1 Z13=32] SARows_13[S13=3 C13=128 Z13=1] SACols_12[X12=1 Z12=32] SARows_12[S12=3 C12=128 Z12=1] SACols_11[X11=1 Z11=32] SARows_11[S11=3 C11=128 Z11=1] SACols_10[X10=1 Z10=32] SARows_10[S10=3 C10=128 Z10=1] SACols_9[X9=1 Z9=32] SARows_9[S9=3 C9=128 Z9=1] SACols_8[X8=1 Z8=32] SARows_8[S8=3 C8=128 Z8=1] SACols_7[X7=1 Z7=32] SARows_7[S7=3 C7=128 Z7=1] SACols_6[X6=1 Z6=32] SARows_6[S6=3 C6=128 Z6=1] SACols_5[X5=1 Z5=32] SARows_5[S5=3 C5=64 Z5=2] SACols_4[X4=1 Z4=32] SARows_4[S4=3 C4=64 Z4=2] SACols_3[X3=1 Z3=32] SARows_3[S3=3 C3=64 Z3=2] SACols_2[X2=1 Z2=32] SARows_2[S2=3 C2=64 Z2=2] SACols_1[X1=1 Z1=32] SARows_1[S1=3 C1=64 Z1=2] SACols_0[X0=1 Z0=32] SARows_0[S0=7 C0=3 Z0=2] InRegister[P=1 Q=1 Z16=1 C16=1 R16=1 S16=1 Y15=1 X15=1 Z15=1 C15=1 R15=1 S15=1 Y14=1 X14=1 Z14=1 C14=1 R14=1 S14=1 Y13=1 X13=1 Z13=1 C13=1 R13=1 S13=1 Y12=1 X12=1 Z12=1 C12=1 R12=1 S12=1 Y11=1 X11=1 Z11=1 C11=1 R11=1 S11=1 Y10=1 X10=1 Z10=1 C10=1 R10=1 S10=1 Y9=1 X9=1 Z9=1 C9=1 R9=1 S9=1 Y8=1 X8=1 Z8=1 C8=1 R8=1 S8=1 Y7=1 X7=1 Z7=1 C7=1 R7=1 S7=1 Y6=1 X6=1 Z6=1 C6=1 R6=1 S6=1 Y5=1 X5=1 Z5=1 C5=1 R5=1 S5=1 Y4=1 X4=1 Z4=1 C4=1 R4=1 S4=1 Y3=1 X3=1 Z3=1 C3=1 R3=1 S3=1 Y2=1 X2=1 Z2=1 C2=1 R2=1 S2=1 Y1=1 X1=1 Z1=1 C1=1 R1=1 S1=1 Y0=1 X0=1 Z0=1 C0=1 R0=1 S0=1] WRegister[P=1 Q=1 Z16=1 C16=4 R16=3 S16=1 Y15=1 X15=1 Z15=1 C15=4 R15=3 S15=1 Y14=1 X14=1 Z14=1 C14=4 R14=3 S14=1 Y13=1 X13=1 Z13=1 C13=2 R13=3 S13=1 Y12=1 X12=1 Z12=1 C12=2 R12=3 S12=1 Y11=1 X11=1 Z11=1 C11=2 R11=3 S11=1 Y10=1 X10=1 Z10=1 C10=2 R10=3 S10=1 Y9=1 X9=1 Z9=1 C9=1 R9=3 S9=1 Y8=1 X8=1 Z8=1 C8=1 R8=3 S8=1 Y7=1 X7=1 Z7=1 C7=1 R7=3 S7=1 Y6=1 X6=1 Z6=1 C6=1 R6=3 S6=1 Y5=1 X5=1 Z5=1 C5=1 R5=3 S5=1 Y4=1 X4=1 Z4=1 C4=1 R4=3 S4=1 Y3=1 X3=1 Z3=1 C3=1 R3=3 S3=1 Y2=1 X2=1 Z2=1 C2=1 R2=3 S2=1 Y1=1 X1=1 Z1=1 C1=1 R1=3 S1=1 Y0=1 X0=1 Z0=1 C0=1 R0=7 S0=1] IntermediateRegister[P=1 Q=1 Z16=1 C16=1 R16=1 S16=1 Y15=1 X15=1 Z15=16 C15=1 R15=1 S15=1 Y14=1 X14=1 Z14=16 C14=1 R14=1 S14=1 Y13=1 X13=1 Z13=16 C13=1 R13=1 S13=1 Y12=1 X12=1 Z12=8 C12=1 R12=1 S12=1 Y11=1 X11=1 Z11=8 C11=1 R11=1 S11=1 Y10=1 X10=1 Z10=8 C10=1 R10=1 S10=1 Y9=1 X9=1 Z9=8 C9=1 R9=1 S9=1 Y8=1 X8=1 Z8=4 C8=1 R8=1 S8=1 Y7=1 X7=1 Z7=4 C7=1 R7=1 S7=1 Y6=1 X6=1 Z6=4 C6=1 R6=1 S6=1 Y5=1 X5=1 Z5=2 C5=1 R5=1 S5=1 Y4=1 X4=1 Z4=1 C4=1 R4=1 S4=1 Y3=1 X3=1 Z3=1 C3=1 R3=1 S3=1 Y2=1 X2=1 Z2=1 C2=1 R2=1 S2=1 Y1=1 X1=1 Z1=1 C1=1 R1=1 S1=1 Y0=1 X0=1 Z0=1 C0=1 R0=1 S0=1] OutRegister[P=1 Q=1 Z16=16 C16=1 R16=1 S16=1 Y15=1 X15=1 Z15=1 C15=1 R15=1 S15=1 Y14=1 X14=1 Z14=1 C14=1 R14=1 S14=1 Y13=1 X13=1 Z13=1 C13=1 R13=1 S13=1 Y12=1 X12=1 Z12=1 C12=1 R12=1 S12=1 Y11=1 X11=1 Z11=1 C11=1 R11=1 S11=1 Y10=1 X10=1 Z10=1 C10=1 R10=1 S10=1 Y9=1 X9=1 Z9=1 C9=1 R9=1 S9=1 Y8=1 X8=1 Z8=1 C8=1 R8=1 S8=1 Y7=1 X7=1 Z7=1 C7=1 R7=1 S7=1 Y6=1 X6=1 Z6=1 C6=1 R6=1 S6=1 Y5=1 X5=1 Z5=1 C5=1 R5=1 S5=1 Y4=1 X4=1 Z4=1 C4=1 R4=1 S4=1 Y3=1 X3=1 Z3=1 C3=1 R3=1 S3=1 Y2=1 X2=1 Z2=1 C2=1 R2=1 S2=1 Y1=1 X1=1 Z1=1 C1=1 R1=1 S1=1 Y0=1 X0=1 Z0=1 C0=1 R0=1 S0=1] Compute] 
resnet18_17layer_2026-02-25T17:21:48.217089,resnet18,17layer,full,17,eyeriss,thesis_arch,1056,524,128,4,4,1,False,False,"Arch: Eyeriss_Constrained_17L_tile1_4x4 -> Level: SARows_0: Failed to fit comp to arch because the level's constraint (S0: 4) does not divide comp dimension S0 (7) exactly. To compensate, consider setting 'Settings.PADDED_MAPPINGS' to True.",0.000e+00,0.000e+00,0.00e+00,0,0.0,0.0,
resnet18_17layer_2026-02-25T17:21:48.519154,resnet18,17layer,full,17,eyeriss,thesis_arch,1056,524,128,4,16,1,False,False,"Arch: Eyeriss_Constrained_17L_tile1_16x4 -> Level: SARows_0: Failed to fit comp to arch because the level's constraint (S0: 4) does not divide comp dimension S0 (7) exactly. To compensate, consider setting 'Settings.PADDED_MAPPINGS' to True.",0.000e+00,0.000e+00,0.00e+00,0,0.0,0.0,
resnet18_17layer_2026-02-25T17:21:48.888145,resnet18,17layer,full,17,eyeriss,thesis_arch,1056,524,128,4,32,1,False,False,"Arch: Eyeriss_Constrained_17L_tile1_32x4 -> Level: SARows_0: Failed to fit comp to arch because the level's constraint (S0: 4) does not divide comp dimension S0 (7) exactly. To compensate, consider setting 'Settings.PADDED_MAPPINGS' to True.",0.000e+00,0.000e+00,0.00e+00,0,0.0,0.0,
resnet18_17layer_2026-02-25T17:21:49.162448,resnet18,17layer,full,17,eyeriss,thesis_arch,1056,524,128,4,64,1,False,False,"Arch: Eyeriss_Constrained_17L_tile1_64x4 -> Level: SARows_0: Failed to fit comp to arch because the level's constraint (S0: 4) does not divide comp dimension S0 (7) exactly. To compensate, consider setting 'Settings.PADDED_MAPPINGS' to True.",0.000e+00,0.000e+00,0.00e+00,0,0.0,0.0,
resnet18_17layer_2026-02-25T17:21:49.475000,resnet18,17layer,full,17,eyeriss,thesis_arch,1056,524,128,4,128,1,False,False,"Arch: Eyeriss_Constrained_17L_tile1_128x4 -> Level: SARows_0: Failed to fit comp to arch because the level's constraint (S0: 4) does not divide comp dimension S0 (7) exactly. To compensate, consider setting 'Settings.PADDED_MAPPINGS' to True.",0.000e+00,0.000e+00,0.00e+00,0,0.0,0.0,
resnet18_17layer_2026-02-25T17:21:49.726363,resnet18,17layer,full,17,eyeriss,thesis_arch,1056,524,128,4,256,1,False,False,"Arch: Eyeriss_Constrained_17L_tile1_256x4 -> Level: SARows_0: Failed to fit comp to arch because the level's constraint (S0: 4) does not divide comp dimension S0 (7) exactly. To compensate, consider setting 'Settings.PADDED_MAPPINGS' to True.",0.000e+00,0.000e+00,0.00e+00,0,0.0,0.0,
resnet18_17layer_2026-02-25T17:21:50.045389,resnet18,17layer,full,17,eyeriss,thesis_arch,1056,524,128,4,512,1,False,False,"Arch: Eyeriss_Constrained_17L_tile1_512x4 -> Level: SARows_0: Failed to fit comp to arch because the level's constraint (S0: 4) does not divide comp dimension S0 (7) exactly. To compensate, consider setting 'Settings.PADDED_MAPPINGS' to True.",0.000e+00,0.000e+00,0.00e+00,0,0.0,0.0,
resnet18_17layer_2026-02-25T17:21:50.333982,resnet18,17layer,full,17,eyeriss,thesis_arch,1056,524,128,16,4,1,False,False,"Ill-posed constraints:
CONSTRAINTS VIOLATION: Arch: Eyeriss_Constrained_17L_tile1_4x16 -> Level: InRegister: memory footprint: 2584 VS memory available: 400
CONSTRAINTS VIOLATION: Arch: Eyeriss_Constrained_17L_tile1_4x16 -> Level: WRegister: memory footprint: 229032 VS memory available: 3600
CONSTRAINTS VIOLATION: Arch: Eyeriss_Constrained_17L_tile1_4x16 -> Level: IntermediateRegister: memory footprint: 840 VS memory available: 350
CONSTRAINTS VIOLATION: Arch: Eyeriss_Constrained_17L_tile1_4x16 -> Level: OutRegister: memory footprint: 128 VS memory available: 64",0.000e+00,0.000e+00,0.00e+00,0,0.0,0.0,
resnet18_17layer_2026-02-25T17:21:50.616366,resnet18,17layer,full,17,eyeriss,thesis_arch,1056,524,128,16,16,1,False,False,"Ill-posed constraints:
CONSTRAINTS VIOLATION: Arch: Eyeriss_Constrained_17L_tile1_16x16 -> Level: InRegister: memory footprint: 2584 VS memory available: 400
CONSTRAINTS VIOLATION: Arch: Eyeriss_Constrained_17L_tile1_16x16 -> Level: WRegister: memory footprint: 57258 VS memory available: 3600",0.000e+00,0.000e+00,0.00e+00,0,0.0,0.0,
resnet18_17layer_2026-02-25T17:21:51.007829,resnet18,17layer,full,17,eyeriss,thesis_arch,1056,524,128,16,32,1,False,False,"Ill-posed constraints:
CONSTRAINTS VIOLATION: Arch: Eyeriss_Constrained_17L_tile1_32x16 -> Level: InRegister: memory footprint: 2584 VS memory available: 400
CONSTRAINTS VIOLATION: Arch: Eyeriss_Constrained_17L_tile1_32x16 -> Level: WRegister: memory footprint: 28629 VS memory available: 3600",0.000e+00,0.000e+00,0.00e+00,0,0.0,0.0,
resnet18_17layer_2026-02-25T17:21:51.276796,resnet18,17layer,full,17,eyeriss,thesis_arch,1056,524,128,16,64,1,False,False,"Ill-posed constraints:
CONSTRAINTS VIOLATION: Arch: Eyeriss_Constrained_17L_tile1_64x16 -> Level: InRegister: memory footprint: 2584 VS memory available: 400
CONSTRAINTS VIOLATION: Arch: Eyeriss_Constrained_17L_tile1_64x16 -> Level: WRegister: memory footprint: 14325 VS memory available: 3600",0.000e+00,0.000e+00,0.00e+00,0,0.0,0.0,
resnet18_17layer_2026-02-25T17:21:51.635549,resnet18,17layer,full,17,eyeriss,thesis_arch,1056,524,128,16,128,1,False,False,"Ill-posed constraints:
CONSTRAINTS VIOLATION: Arch: Eyeriss_Constrained_17L_tile1_128x16 -> Level: InRegister: memory footprint: 2584 VS memory available: 400
CONSTRAINTS VIOLATION: Arch: Eyeriss_Constrained_17L_tile1_128x16 -> Level: WRegister: memory footprint: 7269 VS memory available: 3600",0.000e+00,0.000e+00,0.00e+00,0,0.0,0.0,
resnet18_17layer_2026-02-25T17:21:51.983475,resnet18,17layer,full,17,eyeriss,thesis_arch,1056,524,128,16,256,1,False,False,"Ill-posed constraints:
CONSTRAINTS VIOLATION: Arch: Eyeriss_Constrained_17L_tile1_256x16 -> Level: InRegister: memory footprint: 2584 VS memory available: 400
CONSTRAINTS VIOLATION: Arch: Eyeriss_Constrained_17L_tile1_256x16 -> Level: WRegister: memory footprint: 3909 VS memory available: 3600",0.000e+00,0.000e+00,0.00e+00,0,0.0,0.0,
resnet18_17layer_2026-02-25T17:21:52.361843,resnet18,17layer,full,17,eyeriss,thesis_arch,1056,524,128,16,512,1,False,False,"Ill-posed constraints:
CONSTRAINTS VIOLATION: Arch: Eyeriss_Constrained_17L_tile1_512x16 -> Level: InRegister: memory footprint: 2584 VS memory available: 400",0.000e+00,0.000e+00,0.00e+00,0,0.0,0.0,
resnet18_17layer_2026-02-25T17:21:52.766914,resnet18,17layer,full,17,eyeriss,thesis_arch,1056,524,128,32,4,1,False,False,"Ill-posed constraints:
CONSTRAINTS VIOLATION: Arch: Eyeriss_Constrained_17L_tile1_4x32 -> Level: InRegister: memory footprint: 1286 VS memory available: 400
CONSTRAINTS VIOLATION: Arch: Eyeriss_Constrained_17L_tile1_4x32 -> Level: WRegister: memory footprint: 114544 VS memory available: 3600
CONSTRAINTS VIOLATION: Arch: Eyeriss_Constrained_17L_tile1_4x32 -> Level: IntermediateRegister: memory footprint: 848 VS memory available: 350
CONSTRAINTS VIOLATION: Arch: Eyeriss_Constrained_17L_tile1_4x32 -> Level: OutRegister: memory footprint: 128 VS memory available: 64",0.000e+00,0.000e+00,0.00e+00,0,0.0,0.0,
resnet18_17layer_2026-02-25T17:21:53.094703,resnet18,17layer,full,17,eyeriss,thesis_arch,1056,524,128,32,16,1,False,False,"Ill-posed constraints:
CONSTRAINTS VIOLATION: Arch: Eyeriss_Constrained_17L_tile1_16x32 -> Level: InRegister: memory footprint: 1286 VS memory available: 400
CONSTRAINTS VIOLATION: Arch: Eyeriss_Constrained_17L_tile1_16x32 -> Level: WRegister: memory footprint: 28636 VS memory available: 3600",0.000e+00,0.000e+00,0.00e+00,0,0.0,0.0,
resnet18_17layer_2026-02-25T17:21:53.377887,resnet18,17layer,full,17,eyeriss,thesis_arch,1056,524,128,32,32,1,False,False,"Ill-posed constraints:
CONSTRAINTS VIOLATION: Arch: Eyeriss_Constrained_17L_tile1_32x32 -> Level: InRegister: memory footprint: 1286 VS memory available: 400
CONSTRAINTS VIOLATION: Arch: Eyeriss_Constrained_17L_tile1_32x32 -> Level: WRegister: memory footprint: 14318 VS memory available: 3600",0.000e+00,0.000e+00,0.00e+00,0,0.0,0.0,
resnet18_17layer_2026-02-25T17:21:53.707462,resnet18,17layer,full,17,eyeriss,thesis_arch,1056,524,128,32,64,1,False,False,"Ill-posed constraints:
CONSTRAINTS VIOLATION: Arch: Eyeriss_Constrained_17L_tile1_64x32 -> Level: InRegister: memory footprint: 1286 VS memory available: 400
CONSTRAINTS VIOLATION: Arch: Eyeriss_Constrained_17L_tile1_64x32 -> Level: WRegister: memory footprint: 7159 VS memory available: 3600",0.000e+00,0.000e+00,0.00e+00,0,0.0,0.0,
resnet18_17layer_2026-02-25T17:21:53.979645,resnet18,17layer,full,17,eyeriss,thesis_arch,1056,524,128,32,128,1,False,False,"Ill-posed constraints:
CONSTRAINTS VIOLATION: Arch: Eyeriss_Constrained_17L_tile1_128x32 -> Level: InRegister: memory footprint: 1286 VS memory available: 400
CONSTRAINTS VIOLATION: Arch: Eyeriss_Constrained_17L_tile1_128x32 -> Level: WRegister: memory footprint: 3631 VS memory available: 3600",0.000e+00,0.000e+00,0.00e+00,0,0.0,0.0,
resnet18_17layer_2026-02-25T17:21:54.381551,resnet18,17layer,full,17,eyeriss,thesis_arch,1056,524,128,32,256,1,False,False,"Ill-posed constraints:
CONSTRAINTS VIOLATION: Arch: Eyeriss_Constrained_17L_tile1_256x32 -> Level: InRegister: memory footprint: 1286 VS memory available: 400",0.000e+00,0.000e+00,0.00e+00,0,0.0,0.0,
resnet18_17layer_2026-02-25T17:21:54.844477,resnet18,17layer,full,17,eyeriss,thesis_arch,1056,524,128,32,512,1,False,False,"Ill-posed constraints:
CONSTRAINTS VIOLATION: Arch: Eyeriss_Constrained_17L_tile1_512x32 -> Level: InRegister: memory footprint: 1286 VS memory available: 400",0.000e+00,0.000e+00,0.00e+00,0,0.0,0.0,
resnet18_17layer_2026-02-25T17:21:55.349210,resnet18,17layer,full,17,eyeriss,thesis_arch,1056,524,128,64,4,1,False,False,"Ill-posed constraints:
CONSTRAINTS VIOLATION: Arch: Eyeriss_Constrained_17L_tile1_4x64 -> Level: InRegister: memory footprint: 650 VS memory available: 400
CONSTRAINTS VIOLATION: Arch: Eyeriss_Constrained_17L_tile1_4x64 -> Level: WRegister: memory footprint: 57272 VS memory available: 3600
CONSTRAINTS VIOLATION: Arch: Eyeriss_Constrained_17L_tile1_4x64 -> Level: IntermediateRegister: memory footprint: 840 VS memory available: 350
CONSTRAINTS VIOLATION: Arch: Eyeriss_Constrained_17L_tile1_4x64 -> Level: OutRegister: memory footprint: 128 VS memory available: 64",0.000e+00,0.000e+00,0.00e+00,0,0.0,0.0,
resnet18_17layer_2026-02-25T17:21:55.653226,resnet18,17layer,full,17,eyeriss,thesis_arch,1056,524,128,64,16,1,False,False,"Ill-posed constraints:
CONSTRAINTS VIOLATION: Arch: Eyeriss_Constrained_17L_tile1_16x64 -> Level: InRegister: memory footprint: 650 VS memory available: 400
CONSTRAINTS VIOLATION: Arch: Eyeriss_Constrained_17L_tile1_16x64 -> Level: WRegister: memory footprint: 14318 VS memory available: 3600",0.000e+00,0.000e+00,0.00e+00,0,0.0,0.0,
resnet18_17layer_2026-02-25T17:21:56.050784,resnet18,17layer,full,17,eyeriss,thesis_arch,1056,524,128,64,32,1,False,False,"Ill-posed constraints:
CONSTRAINTS VIOLATION: Arch: Eyeriss_Constrained_17L_tile1_32x64 -> Level: InRegister: memory footprint: 650 VS memory available: 400
CONSTRAINTS VIOLATION: Arch: Eyeriss_Constrained_17L_tile1_32x64 -> Level: WRegister: memory footprint: 7159 VS memory available: 3600",0.000e+00,0.000e+00,0.00e+00,0,0.0,0.0,
resnet18_17layer_2026-02-25T17:21:56.397056,resnet18,17layer,full,17,eyeriss,thesis_arch,1056,524,128,64,64,1,False,False,"Ill-posed constraints:
CONSTRAINTS VIOLATION: Arch: Eyeriss_Constrained_17L_tile1_64x64 -> Level: InRegister: memory footprint: 650 VS memory available: 400",0.000e+00,0.000e+00,0.00e+00,0,0.0,0.0,
resnet18_17layer_2026-02-25T17:21:56.764539,resnet18,17layer,full,17,eyeriss,thesis_arch,1056,524,128,64,128,1,False,False,"Ill-posed constraints:
CONSTRAINTS VIOLATION: Arch: Eyeriss_Constrained_17L_tile1_128x64 -> Level: InRegister: memory footprint: 650 VS memory available: 400",0.000e+00,0.000e+00,0.00e+00,0,0.0,0.0,
resnet18_17layer_2026-02-25T17:21:57.128172,resnet18,17layer,full,17,eyeriss,thesis_arch,1056,524,128,64,256,1,False,False,"Ill-posed constraints:
CONSTRAINTS VIOLATION: Arch: Eyeriss_Constrained_17L_tile1_256x64 -> Level: InRegister: memory footprint: 650 VS memory available: 400",0.000e+00,0.000e+00,0.00e+00,0,0.0,0.0,
resnet18_17layer_2026-02-25T17:21:57.521457,resnet18,17layer,full,17,eyeriss,thesis_arch,1056,524,128,128,4,1,False,False,"Ill-posed constraints:
CONSTRAINTS VIOLATION: Arch: Eyeriss_Constrained_17L_tile1_4x128 -> Level: WRegister: memory footprint: 28636 VS memory available: 3600
CONSTRAINTS VIOLATION: Arch: Eyeriss_Constrained_17L_tile1_4x128 -> Level: IntermediateRegister: memory footprint: 836 VS memory available: 350
CONSTRAINTS VIOLATION: Arch: Eyeriss_Constrained_17L_tile1_4x128 -> Level: OutRegister: memory footprint: 128 VS memory available: 64",0.000e+00,0.000e+00,0.00e+00,0,0.0,0.0,
resnet18_17layer_2026-02-25T17:21:57.848361,resnet18,17layer,full,17,eyeriss,thesis_arch,1056,524,128,128,16,1,False,False,"Ill-posed constraints:
CONSTRAINTS VIOLATION: Arch: Eyeriss_Constrained_17L_tile1_16x128 -> Level: WRegister: memory footprint: 7159 VS memory available: 3600",0.000e+00,0.000e+00,0.00e+00,0,0.0,0.0,
resnet18_17layer_2026-02-25T17:21:58.152129,resnet18,17layer,full,17,eyeriss,thesis_arch,1056,524,128,128,32,1,False,True,,5.177e+04,3.059e+06,1.60e+05,"(5568237760, 2543810304)",0.0032886642329685856,0.320265531539917,DRAM[P=7 Q=7 Z16=1 C16=1 R16=1 S16=1 Y15=7 X15=7 Z15=1 C15=1 R15=1 S15=1 Y14=7 X14=7 Z14=1 C14=1 R14=1 S14=1 Y13=14 X13=14 Z13=1 C13=1 R13=1 S13=1 Y12=14 X12=14 Z12=1 C12=1 R12=1 S12=1 Y11=14 X11=14 Z11=1 C11=1 R11=1 S11=1 Y10=14 X10=14 Z10=1 C10=1 R10=1 S10=1 Y9=28 X9=28 Z9=1 C9=1 R9=1 S9=1 Y8=28 X8=28 Z8=1 C8=1 R8=1 S8=1 Y7=28 X7=28 Z7=1 C7=1 R7=1 S7=1 Y6=28 X6=28 Z6=1 C6=1 R6=1 S6=1 Y5=56 X5=56 Z5=1 C5=1 R5=1 S5=1 Y4=56 X4=56 Z4=1 C4=1 R4=1 S4=1 Y3=56 X3=56 Z3=1 C3=1 R3=1 S3=1 Y2=56 X2=56 Z2=1 C2=1 R2=1 S2=1 Y1=56 X1=56 Z1=1 C1=1 R1=1 S1=1 Y0=112 X0=112 Z0=1 C0=1 R0=1 S0=1] GlobalBuffer[P=1 Q=1 Z16=1 C16=1 R16=1 S16=1 Y15=1 X15=1 Z15=1 C15=1 R15=1 S15=1 Y14=1 X14=1 Z14=1 C14=1 R14=1 S14=1 Y13=1 X13=1 Z13=1 C13=1 R13=1 S13=1 Y12=1 X12=1 Z12=1 C12=1 R12=1 S12=1 Y11=1 X11=1 Z11=1 C11=1 R11=1 S11=1 Y10=1 X10=1 Z10=1 C10=1 R10=1 S10=1 Y9=1 X9=1 Z9=1 C9=1 R9=1 S9=1 Y8=1 X8=1 Z8=1 C8=1 R8=1 S8=1 Y7=1 X7=1 Z7=1 C7=1 R7=1 S7=1 Y6=1 X6=1 Z6=1 C6=1 R6=1 S6=1 Y5=1 X5=1 Z5=1 C5=1 R5=1 S5=1 Y4=1 X4=1 Z4=1 C4=1 R4=1 S4=1 Y3=1 X3=1 Z3=1 C3=1 R3=1 S3=1 Y2=1 X2=1 Z2=1 C2=1 R2=1 S2=1 Y1=1 X1=1 Z1=1 C1=1 R1=1 S1=1 Y0=1 X0=1 Z0=1 C0=1 R0=1 S0=1] SACols[Q=1 Z16=32] SARows[S16=3 C16=32 Z16=1] SACols_15[X15=1 Z15=32] SARows_15[S15=3 C15=32 Z15=1] SACols_14[X14=1 Z14=32] SARows_14[S14=3 C14=32 Z14=1] SACols_13[X13=1 Z13=32] SARows_13[S13=3 C13=32 Z13=1] SACols_12[X12=1 Z12=32] SARows_12[S12=3 C12=32 Z12=1] SACols_11[X11=1 Z11=32] SARows_11[S11=3 C11=32 Z11=1] SACols_10[X10=1 Z10=32] SARows_10[S10=3 C10=32 Z10=1] SACols_9[X9=1 Z9=32] SARows_9[S9=3 C9=32 Z9=1] SACols_8[X8=1 Z8=32] SARows_8[S8=3 C8=32 Z8=1] SACols_7[X7=1 Z7=32] SARows_7[S7=3 C7=32 Z7=1] SACols_6[X6=1 Z6=32] SARows_6[S6=3 C6=32 Z6=1] SACols_5[X5=1 Z5=32] SARows_5[S5=3 C5=32 Z5=1] SACols_4[X4=1 Z4=32] SARows_4[S4=3 C4=32 Z4=1] SACols_3[X3=1 Z3=32] SARows_3[S3=3 C3=32 Z3=1] SACols_2[X2=1 Z2=32] SARows_2[S2=3 C2=32 Z2=1] SACols_1[X1=1 Z1=32] SARows_1[S1=3 C1=32 Z1=1] SACols_0[X0=1 Z0=32] SARows_0[S0=7 C0=3 Z0=2] InRegister[P=1 Q=1 Z16=1 C16=1 R16=1 S16=1 Y15=1 X15=1 Z15=1 C15=1 R15=1 S15=1 Y14=1 X14=1 Z14=1 C14=1 R14=1 S14=1 Y13=1 X13=1 Z13=1 C13=1 R13=1 S13=1 Y12=1 X12=1 Z12=1 C12=1 R12=1 S12=1 Y11=1 X11=1 Z11=1 C11=1 R11=1 S11=1 Y10=1 X10=1 Z10=1 C10=1 R10=1 S10=1 Y9=1 X9=1 Z9=1 C9=1 R9=1 S9=1 Y8=1 X8=1 Z8=1 C8=1 R8=1 S8=1 Y7=1 X7=1 Z7=1 C7=1 R7=1 S7=1 Y6=1 X6=1 Z6=1 C6=1 R6=1 S6=1 Y5=1 X5=1 Z5=1 C5=1 R5=1 S5=1 Y4=1 X4=1 Z4=1 C4=1 R4=1 S4=1 Y3=1 X3=1 Z3=1 C3=1 R3=1 S3=1 Y2=1 X2=1 Z2=1 C2=1 R2=1 S2=1 Y1=1 X1=1 Z1=1 C1=1 R1=1 S1=1 Y0=1 X0=1 Z0=1 C0=1 R0=1 S0=1] WRegister[P=1 Q=1 Z16=1 C16=16 R16=3 S16=1 Y15=1 X15=1 Z15=1 C15=16 R15=3 S15=1 Y14=1 X14=1 Z14=1 C14=16 R14=3 S14=1 Y13=1 X13=1 Z13=1 C13=8 R13=3 S13=1 Y12=1 X12=1 Z12=1 C12=8 R12=3 S12=1 Y11=1 X11=1 Z11=1 C11=8 R11=3 S11=1 Y10=1 X10=1 Z10=1 C10=8 R10=3 S10=1 Y9=1 X9=1 Z9=1 C9=4 R9=3 S9=1 Y8=1 X8=1 Z8=1 C8=4 R8=3 S8=1 Y7=1 X7=1 Z7=1 C7=4 R7=3 S7=1 Y6=1 X6=1 Z6=1 C6=4 R6=3 S6=1 Y5=1 X5=1 Z5=1 C5=2 R5=3 S5=1 Y4=1 X4=1 Z4=1 C4=2 R4=3 S4=1 Y3=1 X3=1 Z3=1 C3=2 R3=3 S3=1 Y2=1 X2=1 Z2=1 C2=2 R2=3 S2=1 Y1=1 X1=1 Z1=1 C1=2 R1=3 S1=1 Y0=1 X0=1 Z0=1 C0=1 R0=7 S0=1] IntermediateRegister[P=1 Q=1 Z16=1 C16=1 R16=1 S16=1 Y15=1 X15=1 Z15=16 C15=1 R15=1 S15=1 Y14=1 X14=1 Z14=16 C14=1 R14=1 S14=1 Y13=1 X13=1 Z13=16 C13=1 R13=1 S13=1 Y12=1 X12=1 Z12=8 C12=1 R12=1 S12=1 Y11=1 X11=1 Z11=8 C11=1 R11=1 S11=1 Y10=1 X10=1 Z10=8 C10=1 R10=1 S10=1 Y9=1 X9=1 Z9=8 C9=1 R9=1 S9=1 Y8=1 X8=1 Z8=4 C8=1 R8=1 S8=1 Y7=1 X7=1 Z7=4 C7=1 R7=1 S7=1 Y6=1 X6=1 Z6=4 C6=1 R6=1 S6=1 Y5=1 X5=1 Z5=4 C5=1 R5=1 S5=1 Y4=1 X4=1 Z4=2 C4=1 R4=1 S4=1 Y3=1 X3=1 Z3=2 C3=1 R3=1 S3=1 Y2=1 X2=1 Z2=2 C2=1 R2=1 S2=1 Y1=1 X1=1 Z1=2 C1=1 R1=1 S1=1 Y0=1 X0=1 Z0=1 C0=1 R0=1 S0=1] OutRegister[P=1 Q=1 Z16=16 C16=1 R16=1 S16=1 Y15=1 X15=1 Z15=1 C15=1 R15=1 S15=1 Y14=1 X14=1 Z14=1 C14=1 R14=1 S14=1 Y13=1 X13=1 Z13=1 C13=1 R13=1 S13=1 Y12=1 X12=1 Z12=1 C12=1 R12=1 S12=1 Y11=1 X11=1 Z11=1 C11=1 R11=1 S11=1 Y10=1 X10=1 Z10=1 C10=1 R10=1 S10=1 Y9=1 X9=1 Z9=1 C9=1 R9=1 S9=1 Y8=1 X8=1 Z8=1 C8=1 R8=1 S8=1 Y7=1 X7=1 Z7=1 C7=1 R7=1 S7=1 Y6=1 X6=1 Z6=1 C6=1 R6=1 S6=1 Y5=1 X5=1 Z5=1 C5=1 R5=1 S5=1 Y4=1 X4=1 Z4=1 C4=1 R4=1 S4=1 Y3=1 X3=1 Z3=1 C3=1 R3=1 S3=1 Y2=1 X2=1 Z2=1 C2=1 R2=1 S2=1 Y1=1 X1=1 Z1=1 C1=1 R1=1 S1=1 Y0=1 X0=1 Z0=1 C0=1 R0=1 S0=1] Compute] 
resnet18_17layer_2026-02-25T17:21:58.873528,resnet18,17layer,full,17,eyeriss,thesis_arch,1056,524,128,128,64,1,False,True,,5.271e+04,3.042e+06,1.63e+05,"(6045110464, 2543810304)",0.0016443321164842928,0.34212779998779297,DRAM[P=7 Q=7 Z16=1 C16=1 R16=1 S16=1 Y15=7 X15=7 Z15=1 C15=1 R15=1 S15=1 Y14=7 X14=7 Z14=1 C14=1 R14=1 S14=1 Y13=14 X13=14 Z13=1 C13=1 R13=1 S13=1 Y12=14 X12=14 Z12=1 C12=1 R12=1 S12=1 Y11=14 X11=14 Z11=1 C11=1 R11=1 S11=1 Y10=14 X10=14 Z10=1 C10=1 R10=1 S10=1 Y9=28 X9=28 Z9=1 C9=1 R9=1 S9=1 Y8=28 X8=28 Z8=1 C8=1 R8=1 S8=1 Y7=28 X7=28 Z7=1 C7=1 R7=1 S7=1 Y6=28 X6=28 Z6=1 C6=1 R6=1 S6=1 Y5=56 X5=56 Z5=1 C5=1 R5=1 S5=1 Y4=56 X4=56 Z4=1 C4=1 R4=1 S4=1 Y3=56 X3=56 Z3=1 C3=1 R3=1 S3=1 Y2=56 X2=56 Z2=1 C2=1 R2=1 S2=1 Y1=56 X1=56 Z1=1 C1=1 R1=1 S1=1 Y0=112 X0=112 Z0=1 C0=1 R0=1 S0=1] GlobalBuffer[P=1 Q=1 Z16=1 C16=1 R16=1 S16=1 Y15=1 X15=1 Z15=1 C15=1 R15=1 S15=1 Y14=1 X14=1 Z14=1 C14=1 R14=1 S14=1 Y13=1 X13=1 Z13=1 C13=1 R13=1 S13=1 Y12=1 X12=1 Z12=1 C12=1 R12=1 S12=1 Y11=1 X11=1 Z11=1 C11=1 R11=1 S11=1 Y10=1 X10=1 Z10=1 C10=1 R10=1 S10=1 Y9=1 X9=1 Z9=1 C9=1 R9=1 S9=1 Y8=1 X8=1 Z8=1 C8=1 R8=1 S8=1 Y7=1 X7=1 Z7=1 C7=1 R7=1 S7=1 Y6=1 X6=1 Z6=1 C6=1 R6=1 S6=1 Y5=1 X5=1 Z5=1 C5=1 R5=1 S5=1 Y4=1 X4=1 Z4=1 C4=1 R4=1 S4=1 Y3=1 X3=1 Z3=1 C3=1 R3=1 S3=1 Y2=1 X2=1 Z2=1 C2=1 R2=1 S2=1 Y1=1 X1=1 Z1=1 C1=1 R1=1 S1=1 Y0=1 X0=1 Z0=1 C0=1 R0=1 S0=1] SACols[Q=1 Z16=64] SARows[S16=3 C16=32 Z16=1] SACols_15[X15=1 Z15=64] SARows_15[S15=3 C15=32 Z15=1] SACols_14[X14=1 Z14=64] SARows_14[S14=3 C14=32 Z14=1] SACols_13[X13=1 Z13=64] SARows_13[S13=3 C13=32 Z13=1] SACols_12[X12=1 Z12=64] SARows_12[S12=3 C12=32 Z12=1] SACols_11[X11=1 Z11=64] SARows_11[S11=3 C11=32 Z11=1] SACols_10[X10=1 Z10=64] SARows_10[S10=3 C10=32 Z10=1] SACols_9[X9=1 Z9=64] SARows_9[S9=3 C9=32 Z9=1] SACols_8[X8=1 Z8=64] SARows_8[S8=3 C8=32 Z8=1] SACols_7[X7=1 Z7=64] SARows_7[S7=3 C7=32 Z7=1] SACols_6[X6=1 Z6=64] SARows_6[S6=3 C6=32 Z6=1] SACols_5[X5=1 Z5=64] SARows_5[S5=3 C5=32 Z5=1] SACols_4[X4=1 Z4=64] SARows_4[S4=3 C4=32 Z4=1] SACols_3[X3=1 Z3=64] SARows_3[S3=3 C3=32 Z3=1] SACols_2[X2=1 Z2=64] SARows_2[S2=3 C2=32 Z2=1] SACols_1[X1=1 Z1=64] SARows_1[S1=3 C1=32 Z1=1] SACols_0[X0=1 Z0=64] SARows_0[S0=7 C0=3 Z0=1] InRegister[P=1 Q=1 Z16=1 C16=1 R16=1 S16=1 Y15=1 X15=1 Z15=1 C15=1 R15=1 S15=1 Y14=1 X14=1 Z14=1 C14=1 R14=1 S14=1 Y13=1 X13=1 Z13=1 C13=1 R13=1 S13=1 Y12=1 X12=1 Z12=1 C12=1 R12=1 S12=1 Y11=1 X11=1 Z11=1 C11=1 R11=1 S11=1 Y10=1 X10=1 Z10=1 C10=1 R10=1 S10=1 Y9=1 X9=1 Z9=1 C9=1 R9=1 S9=1 Y8=1 X8=1 Z8=1 C8=1 R8=1 S8=1 Y7=1 X7=1 Z7=1 C7=1 R7=1 S7=1 Y6=1 X6=1 Z6=1 C6=1 R6=1 S6=1 Y5=1 X5=1 Z5=1 C5=1 R5=1 S5=1 Y4=1 X4=1 Z4=1 C4=1 R4=1 S4=1 Y3=1 X3=1 Z3=1 C3=1 R3=1 S3=1 Y2=1 X2=1 Z2=1 C2=1 R2=1 S2=1 Y1=1 X1=1 Z1=1 C1=1 R1=1 S1=1 Y0=1 X0=1 Z0=1 C0=1 R0=1 S0=1] WRegister[P=1 Q=1 Z16=1 C16=16 R16=3 S16=1 Y15=1 X15=1 Z15=1 C15=16 R15=3 S15=1 Y14=1 X14=1 Z14=1 C14=16 R14=3 S14=1 Y13=1 X13=1 Z13=1 C13=8 R13=3 S13=1 Y12=1 X12=1 Z12=1 C12=8 R12=3 S12=1 Y11=1 X11=1 Z11=1 C11=8 R11=3 S11=1 Y10=1 X10=1 Z10=1 C10=8 R10=3 S10=1 Y9=1 X9=1 Z9=1 C9=4 R9=3 S9=1 Y8=1 X8=1 Z8=1 C8=4 R8=3 S8=1 Y7=1 X7=1 Z7=1 C7=4 R7=3 S7=1 Y6=1 X6=1 Z6=1 C6=4 R6=3 S6=1 Y5=1 X5=1 Z5=1 C5=2 R5=3 S5=1 Y4=1 X4=1 Z4=1 C4=2 R4=3 S4=1 Y3=1 X3=1 Z3=1 C3=2 R3=3 S3=1 Y2=1 X2=1 Z2=1 C2=2 R2=3 S2=1 Y1=1 X1=1 Z1=1 C1=2 R1=3 S1=1 Y0=1 X0=1 Z0=1 C0=1 R0=7 S0=1] IntermediateRegister[P=1 Q=1 Z16=1 C16=1 R16=1 S16=1 Y15=1 X15=1 Z15=8 C15=1 R15=1 S15=1 Y14=1 X14=1 Z14=8 C14=1 R14=1 S14=1 Y13=1 X13=1 Z13=8 C13=1 R13=1 S13=1 Y12=1 X12=1 Z12=4 C12=1 R12=1 S12=1 Y11=1 X11=1 Z11=4 C11=1 R11=1 S11=1 Y10=1 X10=1 Z10=4 C10=1 R10=1 S10=1 Y9=1 X9=1 Z9=4 C9=1 R9=1 S9=1 Y8=1 X8=1 Z8=2 C8=1 R8=1 S8=1 Y7=1 X7=1 Z7=2 C7=1 R7=1 S7=1 Y6=1 X6=1 Z6=2 C6=1 R6=1 S6=1 Y5=1 X5=1 Z5=2 C5=1 R5=1 S5=1 Y4=1 X4=1 Z4=1 C4=1 R4=1 S4=1 Y3=1 X3=1 Z3=1 C3=1 R3=1 S3=1 Y2=1 X2=1 Z2=1 C2=1 R2=1 S2=1 Y1=1 X1=1 Z1=1 C1=1 R1=1 S1=1 Y0=1 X0=1 Z0=1 C0=1 R0=1 S0=1] OutRegister[P=1 Q=1 Z16=8 C16=1 R16=1 S16=1 Y15=1 X15=1 Z15=1 C15=1 R15=1 S15=1 Y14=1 X14=1 Z14=1 C14=1 R14=1 S14=1 Y13=1 X13=1 Z13=1 C13=1 R13=1 S13=1 Y12=1 X12=1 Z12=1 C12=1 R12=1 S12=1 Y11=1 X11=1 Z11=1 C11=1 R11=1 S11=1 Y10=1 X10=1 Z10=1 C10=1 R10=1 S10=1 Y9=1 X9=1 Z9=1 C9=1 R9=1 S9=1 Y8=1 X8=1 Z8=1 C8=1 R8=1 S8=1 Y7=1 X7=1 Z7=1 C7=1 R7=1 S7=1 Y6=1 X6=1 Z6=1 C6=1 R6=1 S6=1 Y5=1 X5=1 Z5=1 C5=1 R5=1 S5=1 Y4=1 X4=1 Z4=1 C4=1 R4=1 S4=1 Y3=1 X3=1 Z3=1 C3=1 R3=1 S3=1 Y2=1 X2=1 Z2=1 C2=1 R2=1 S2=1 Y1=1 X1=1 Z1=1 C1=1 R1=1 S1=1 Y0=1 X0=1 Z0=1 C0=1 R0=1 S0=1] Compute] 
resnet18_17layer_2026-02-25T17:21:59.645728,resnet18,17layer,full,17,eyeriss,thesis_arch,1056,524,128,128,128,1,False,True,,5.367e+04,3.042e+06,1.67e+05,"(6536433856, 2543810304)",5.138537864013415e-05,0.38013553619384766,DRAM[P=7 Q=7 Z16=1 C16=1 R16=1 S16=1 Y15=7 X15=7 Z15=1 C15=1 R15=1 S15=1 Y14=7 X14=7 Z14=1 C14=1 R14=1 S14=1 Y13=14 X13=14 Z13=1 C13=1 R13=1 S13=1 Y12=14 X12=14 Z12=1 C12=1 R12=1 S12=1 Y11=14 X11=14 Z11=1 C11=1 R11=1 S11=1 Y10=14 X10=14 Z10=1 C10=1 R10=1 S10=1 Y9=28 X9=28 Z9=1 C9=1 R9=1 S9=1 Y8=28 X8=28 Z8=1 C8=1 R8=1 S8=1 Y7=28 X7=28 Z7=1 C7=1 R7=1 S7=1 Y6=28 X6=28 Z6=1 C6=1 R6=1 S6=1 Y5=56 X5=56 Z5=1 C5=1 R5=1 S5=1 Y4=56 X4=56 Z4=1 C4=1 R4=1 S4=1 Y3=56 X3=56 Z3=1 C3=1 R3=1 S3=1 Y2=56 X2=56 Z2=1 C2=1 R2=1 S2=1 Y1=56 X1=56 Z1=1 C1=1 R1=1 S1=1 Y0=112 X0=112 Z0=1 C0=1 R0=1 S0=1] GlobalBuffer[P=1 Q=1 Z16=1 C16=1 R16=1 S16=1 Y15=1 X15=1 Z15=1 C15=1 R15=1 S15=1 Y14=1 X14=1 Z14=1 C14=1 R14=1 S14=1 Y13=1 X13=1 Z13=1 C13=1 R13=1 S13=1 Y12=1 X12=1 Z12=1 C12=1 R12=1 S12=1 Y11=1 X11=1 Z11=1 C11=1 R11=1 S11=1 Y10=1 X10=1 Z10=1 C10=1 R10=1 S10=1 Y9=1 X9=1 Z9=1 C9=1 R9=1 S9=1 Y8=1 X8=1 Z8=1 C8=1 R8=1 S8=1 Y7=1 X7=1 Z7=1 C7=1 R7=1 S7=1 Y6=1 X6=1 Z6=1 C6=1 R6=1 S6=1 Y5=1 X5=1 Z5=1 C5=1 R5=1 S5=1 Y4=1 X4=1 Z4=1 C4=1 R4=1 S4=1 Y3=1 X3=1 Z3=1 C3=1 R3=1 S3=1 Y2=1 X2=1 Z2=1 C2=1 R2=1 S2=1 Y1=1 X1=1 Z1=1 C1=1 R1=1 S1=1 Y0=1 X0=1 Z0=1 C0=1 R0=1 S0=1] SACols[Q=1 Z16=128] SARows[S16=3 C16=32 Z16=1] SACols_15[X15=1 Z15=128] SARows_15[S15=3 C15=32 Z15=1] SACols_14[X14=1 Z14=128] SARows_14[S14=3 C14=32 Z14=1] SACols_13[X13=1 Z13=128] SARows_13[S13=3 C13=32 Z13=1] SACols_12[X12=1 Z12=128] SARows_12[S12=3 C12=32 Z12=1] SACols_11[X11=1 Z11=128] SARows_11[S11=3 C11=32 Z11=1] SACols_10[X10=1 Z10=128] SARows_10[S10=3 C10=32 Z10=1] SACols_9[X9=1 Z9=128] SARows_9[S9=3 C9=32 Z9=1] SACols_8[X8=1 Z8=128] SARows_8[S8=3 C8=32 Z8=1] SACols_7[X7=1 Z7=128] SARows_7[S7=3 C7=32 Z7=1] SACols_6[X6=1 Z6=128] SARows_6[S6=3 C6=32 Z6=1] SACols_5[X5=1 Z5=128] SARows_5[S5=3 C5=32 Z5=1] SACols_4[X4=1 Z4=64] SARows_4[S4=3 C4=32 Z4=1] SACols_3[X3=1 Z3=64] SARows_3[S3=3 C3=32 Z3=1] SACols_2[X2=1 Z2=64] SARows_2[S2=3 C2=32 Z2=1] SACols_1[X1=1 Z1=64] SARows_1[S1=3 C1=32 Z1=1] SACols_0[X0=1 Z0=64] SARows_0[S0=7 C0=3 Z0=1] InRegister[P=1 Q=1 Z16=1 C16=1 R16=1 S16=1 Y15=1 X15=1 Z15=1 C15=1 R15=1 S15=1 Y14=1 X14=1 Z14=1 C14=1 R14=1 S14=1 Y13=1 X13=1 Z13=1 C13=1 R13=1 S13=1 Y12=1 X12=1 Z12=1 C12=1 R12=1 S12=1 Y11=1 X11=1 Z11=1 C11=1 R11=1 S11=1 Y10=1 X10=1 Z10=1 C10=1 R10=1 S10=1 Y9=1 X9=1 Z9=1 C9=1 R9=1 S9=1 Y8=1 X8=1 Z8=1 C8=1 R8=1 S8=1 Y7=1 X7=1 Z7=1 C7=1 R7=1 S7=1 Y6=1 X6=1 Z6=1 C6=1 R6=1 S6=1 Y5=1 X5=1 Z5=1 C5=1 R5=1 S5=1 Y4=1 X4=1 Z4=1 C4=1 R4=1 S4=1 Y3=1 X3=1 Z3=1 C3=1 R3=1 S3=1 Y2=1 X2=1 Z2=1 C2=1 R2=1 S2=1 Y1=1 X1=1 Z1=1 C1=1 R1=1 S1=1 Y0=1 X0=1 Z0=1 C0=1 R0=1 S0=1] WRegister[P=1 Q=1 Z16=1 C16=16 R16=3 S16=1 Y15=1 X15=1 Z15=1 C15=16 R15=3 S15=1 Y14=1 X14=1 Z14=1 C14=16 R14=3 S14=1 Y13=1 X13=1 Z13=1 C13=8 R13=3 S13=1 Y12=1 X12=1 Z12=1 C12=8 R12=3 S12=1 Y11=1 X11=1 Z11=1 C11=8 R11=3 S11=1 Y10=1 X10=1 Z10=1 C10=8 R10=3 S10=1 Y9=1 X9=1 Z9=1 C9=4 R9=3 S9=1 Y8=1 X8=1 Z8=1 C8=4 R8=3 S8=1 Y7=1 X7=1 Z7=1 C7=4 R7=3 S7=1 Y6=1 X6=1 Z6=1 C6=4 R6=3 S6=1 Y5=1 X5=1 Z5=1 C5=2 R5=3 S5=1 Y4=1 X4=1 Z4=1 C4=2 R4=3 S4=1 Y3=1 X3=1 Z3=1 C3=2 R3=3 S3=1 Y2=1 X2=1 Z2=1 C2=2 R2=3 S2=1 Y1=1 X1=1 Z1=1 C1=2 R1=3 S1=1 Y0=1 X0=1 Z0=1 C0=1 R0=7 S0=1] IntermediateRegister[P=1 Q=1 Z16=1 C16=1 R16=1 S16=1 Y15=1 X15=1 Z15=4 C15=1 R15=1 S15=1 Y14=1 X14=1 Z14=4 C14=1 R14=1 S14=1 Y13=1 X13=1 Z13=4 C13=1 R13=1 S13=1 Y12=1 X12=1 Z12=2 C12=1 R12=1 S12=1 Y11=1 X11=1 Z11=2 C11=1 R11=1 S11=1 Y10=1 X10=1 Z10=2 C10=1 R10=1 S10=1 Y9=1 X9=1 Z9=2 C9=1 R9=1 S9=1 Y8=1 X8=1 Z8=1 C8=1 R8=1 S8=1 Y7=1 X7=1 Z7=1 C7=1 R7=1 S7=1 Y6=1 X6=1 Z6=1 C6=1 R6=1 S6=1 Y5=1 X5=1 Z5=1 C5=1 R5=1 S5=1 Y4=1 X4=1 Z4=1 C4=1 R4=1 S4=1 Y3=1 X3=1 Z3=1 C3=1 R3=1 S3=1 Y2=1 X2=1 Z2=1 C2=1 R2=1 S2=1 Y1=1 X1=1 Z1=1 C1=1 R1=1 S1=1 Y0=1 X0=1 Z0=1 C0=1 R0=1 S0=1] OutRegister[P=1 Q=1 Z16=4 C16=1 R16=1 S16=1 Y15=1 X15=1 Z15=1 C15=1 R15=1 S15=1 Y14=1 X14=1 Z14=1 C14=1 R14=1 S14=1 Y13=1 X13=1 Z13=1 C13=1 R13=1 S13=1 Y12=1 X12=1 Z12=1 C12=1 R12=1 S12=1 Y11=1 X11=1 Z11=1 C11=1 R11=1 S11=1 Y10=1 X10=1 Z10=1 C10=1 R10=1 S10=1 Y9=1 X9=1 Z9=1 C9=1 R9=1 S9=1 Y8=1 X8=1 Z8=1 C8=1 R8=1 S8=1 Y7=1 X7=1 Z7=1 C7=1 R7=1 S7=1 Y6=1 X6=1 Z6=1 C6=1 R6=1 S6=1 Y5=1 X5=1 Z5=1 C5=1 R5=1 S5=1 Y4=1 X4=1 Z4=1 C4=1 R4=1 S4=1 Y3=1 X3=1 Z3=1 C3=1 R3=1 S3=1 Y2=1 X2=1 Z2=1 C2=1 R2=1 S2=1 Y1=1 X1=1 Z1=1 C1=1 R1=1 S1=1 Y0=1 X0=1 Z0=1 C0=1 R0=1 S0=1] Compute] 
resnet18_17layer_2026-02-25T17:22:00.436594,resnet18,17layer,full,17,eyeriss,thesis_arch,1056,524,128,256,4,1,False,False,"Ill-posed constraints:
CONSTRAINTS VIOLATION: Arch: Eyeriss_Constrained_17L_tile1_4x256 -> Level: WRegister: memory footprint: 14318 VS memory available: 3600
CONSTRAINTS VIOLATION: Arch: Eyeriss_Constrained_17L_tile1_4x256 -> Level: IntermediateRegister: memory footprint: 834 VS memory available: 350
CONSTRAINTS VIOLATION: Arch: Eyeriss_Constrained_17L_tile1_4x256 -> Level: OutRegister: memory footprint: 128 VS memory available: 64",0.000e+00,0.000e+00,0.00e+00,0,0.0,0.0,
resnet18_17layer_2026-02-25T17:22:00.891686,resnet18,17layer,full,17,eyeriss,thesis_arch,1056,524,128,256,16,1,False,True,,5.197e+04,3.059e+06,1.60e+05,"(5522477248, 2736486144)",0.0032886642329685856,0.3770878314971924,DRAM[P=7 Q=7 Z16=1 C16=1 R16=1 S16=1 Y15=7 X15=7 Z15=1 C15=1 R15=1 S15=1 Y14=7 X14=7 Z14=1 C14=1 R14=1 S14=1 Y13=14 X13=14 Z13=1 C13=1 R13=1 S13=1 Y12=14 X12=14 Z12=1 C12=1 R12=1 S12=1 Y11=14 X11=14 Z11=1 C11=1 R11=1 S11=1 Y10=14 X10=14 Z10=1 C10=1 R10=1 S10=1 Y9=28 X9=28 Z9=1 C9=1 R9=1 S9=1 Y8=28 X8=28 Z8=1 C8=1 R8=1 S8=1 Y7=28 X7=28 Z7=1 C7=1 R7=1 S7=1 Y6=28 X6=28 Z6=1 C6=1 R6=1 S6=1 Y5=56 X5=56 Z5=1 C5=1 R5=1 S5=1 Y4=56 X4=56 Z4=1 C4=1 R4=1 S4=1 Y3=56 X3=56 Z3=1 C3=1 R3=1 S3=1 Y2=56 X2=56 Z2=1 C2=1 R2=1 S2=1 Y1=56 X1=56 Z1=1 C1=1 R1=1 S1=1 Y0=112 X0=112 Z0=1 C0=1 R0=1 S0=1] GlobalBuffer[P=1 Q=1 Z16=1 C16=1 R16=1 S16=1 Y15=1 X15=1 Z15=1 C15=1 R15=1 S15=1 Y14=1 X14=1 Z14=1 C14=1 R14=1 S14=1 Y13=1 X13=1 Z13=1 C13=1 R13=1 S13=1 Y12=1 X12=1 Z12=1 C12=1 R12=1 S12=1 Y11=1 X11=1 Z11=1 C11=1 R11=1 S11=1 Y10=1 X10=1 Z10=1 C10=1 R10=1 S10=1 Y9=1 X9=1 Z9=1 C9=1 R9=1 S9=1 Y8=1 X8=1 Z8=1 C8=1 R8=1 S8=1 Y7=1 X7=1 Z7=1 C7=1 R7=1 S7=1 Y6=1 X6=1 Z6=1 C6=1 R6=1 S6=1 Y5=1 X5=1 Z5=1 C5=1 R5=1 S5=1 Y4=1 X4=1 Z4=1 C4=1 R4=1 S4=1 Y3=1 X3=1 Z3=1 C3=1 R3=1 S3=1 Y2=1 X2=1 Z2=1 C2=1 R2=1 S2=1 Y1=1 X1=1 Z1=1 C1=1 R1=1 S1=1 Y0=1 X0=1 Z0=1 C0=1 R0=1 S0=1] SACols[Q=1 Z16=16] SARows[S16=3 C16=64 Z16=1] SACols_15[X15=1 Z15=16] SARows_15[S15=3 C15=64 Z15=1] SACols_14[X14=1 Z14=16] SARows_14[S14=3 C14=64 Z14=1] SACols_13[X13=1 Z13=16] SARows_13[S13=3 C13=64 Z13=1] SACols_12[X12=1 Z12=16] SARows_12[S12=3 C12=64 Z12=1] SACols_11[X11=1 Z11=16] SARows_11[S11=3 C11=64 Z11=1] SACols_10[X10=1 Z10=16] SARows_10[S10=3 C10=64 Z10=1] SACols_9[X9=1 Z9=16] SARows_9[S9=3 C9=64 Z9=1] SACols_8[X8=1 Z8=16] SARows_8[S8=3 C8=64 Z8=1] SACols_7[X7=1 Z7=16] SARows_7[S7=3 C7=64 Z7=1] SACols_6[X6=1 Z6=16] SARows_6[S6=3 C6=64 Z6=1] SACols_5[X5=1 Z5=16] SARows_5[S5=3 C5=64 Z5=1] SACols_4[X4=1 Z4=16] SARows_4[S4=3 C4=64 Z4=1] SACols_3[X3=1 Z3=16] SARows_3[S3=3 C3=64 Z3=1] SACols_2[X2=1 Z2=16] SARows_2[S2=3 C2=64 Z2=1] SACols_1[X1=1 Z1=16] SARows_1[S1=3 C1=64 Z1=1] SACols_0[X0=1 Z0=16] SARows_0[S0=7 C0=3 Z0=4] InRegister[P=1 Q=1 Z16=1 C16=1 R16=1 S16=1 Y15=1 X15=1 Z15=1 C15=1 R15=1 S15=1 Y14=1 X14=1 Z14=1 C14=1 R14=1 S14=1 Y13=1 X13=1 Z13=1 C13=1 R13=1 S13=1 Y12=1 X12=1 Z12=1 C12=1 R12=1 S12=1 Y11=1 X11=1 Z11=1 C11=1 R11=1 S11=1 Y10=1 X10=1 Z10=1 C10=1 R10=1 S10=1 Y9=1 X9=1 Z9=1 C9=1 R9=1 S9=1 Y8=1 X8=1 Z8=1 C8=1 R8=1 S8=1 Y7=1 X7=1 Z7=1 C7=1 R7=1 S7=1 Y6=1 X6=1 Z6=1 C6=1 R6=1 S6=1 Y5=1 X5=1 Z5=1 C5=1 R5=1 S5=1 Y4=1 X4=1 Z4=1 C4=1 R4=1 S4=1 Y3=1 X3=1 Z3=1 C3=1 R3=1 S3=1 Y2=1 X2=1 Z2=1 C2=1 R2=1 S2=1 Y1=1 X1=1 Z1=1 C1=1 R1=1 S1=1 Y0=1 X0=1 Z0=1 C0=1 R0=1 S0=1] WRegister[P=1 Q=1 Z16=1 C16=8 R16=3 S16=1 Y15=1 X15=1 Z15=1 C15=8 R15=3 S15=1 Y14=1 X14=1 Z14=1 C14=8 R14=3 S14=1 Y13=1 X13=1 Z13=1 C13=4 R13=3 S13=1 Y12=1 X12=1 Z12=1 C12=4 R12=3 S12=1 Y11=1 X11=1 Z11=1 C11=4 R11=3 S11=1 Y10=1 X10=1 Z10=1 C10=4 R10=3 S10=1 Y9=1 X9=1 Z9=1 C9=2 R9=3 S9=1 Y8=1 X8=1 Z8=1 C8=2 R8=3 S8=1 Y7=1 X7=1 Z7=1 C7=2 R7=3 S7=1 Y6=1 X6=1 Z6=1 C6=2 R6=3 S6=1 Y5=1 X5=1 Z5=1 C5=1 R5=3 S5=1 Y4=1 X4=1 Z4=1 C4=1 R4=3 S4=1 Y3=1 X3=1 Z3=1 C3=1 R3=3 S3=1 Y2=1 X2=1 Z2=1 C2=1 R2=3 S2=1 Y1=1 X1=1 Z1=1 C1=1 R1=3 S1=1 Y0=1 X0=1 Z0=1 C0=1 R0=7 S0=1] IntermediateRegister[P=1 Q=1 Z16=1 C16=1 R16=1 S16=1 Y15=1 X15=1 Z15=32 C15=1 R15=1 S15=1 Y14=1 X14=1 Z14=32 C14=1 R14=1 S14=1 Y13=1 X13=1 Z13=32 C13=1 R13=1 S13=1 Y12=1 X12=1 Z12=16 C12=1 R12=1 S12=1 Y11=1 X11=1 Z11=16 C11=1 R11=1 S11=1 Y10=1 X10=1 Z10=16 C10=1 R10=1 S10=1 Y9=1 X9=1 Z9=16 C9=1 R9=1 S9=1 Y8=1 X8=1 Z8=8 C8=1 R8=1 S8=1 Y7=1 X7=1 Z7=8 C7=1 R7=1 S7=1 Y6=1 X6=1 Z6=8 C6=1 R6=1 S6=1 Y5=1 X5=1 Z5=8 C5=1 R5=1 S5=1 Y4=1 X4=1 Z4=4 C4=1 R4=1 S4=1 Y3=1 X3=1 Z3=4 C3=1 R3=1 S3=1 Y2=1 X2=1 Z2=4 C2=1 R2=1 S2=1 Y1=1 X1=1 Z1=4 C1=1 R1=1 S1=1 Y0=1 X0=1 Z0=1 C0=1 R0=1 S0=1] OutRegister[P=1 Q=1 Z16=32 C16=1 R16=1 S16=1 Y15=1 X15=1 Z15=1 C15=1 R15=1 S15=1 Y14=1 X14=1 Z14=1 C14=1 R14=1 S14=1 Y13=1 X13=1 Z13=1 C13=1 R13=1 S13=1 Y12=1 X12=1 Z12=1 C12=1 R12=1 S12=1 Y11=1 X11=1 Z11=1 C11=1 R11=1 S11=1 Y10=1 X10=1 Z10=1 C10=1 R10=1 S10=1 Y9=1 X9=1 Z9=1 C9=1 R9=1 S9=1 Y8=1 X8=1 Z8=1 C8=1 R8=1 S8=1 Y7=1 X7=1 Z7=1 C7=1 R7=1 S7=1 Y6=1 X6=1 Z6=1 C6=1 R6=1 S6=1 Y5=1 X5=1 Z5=1 C5=1 R5=1 S5=1 Y4=1 X4=1 Z4=1 C4=1 R4=1 S4=1 Y3=1 X3=1 Z3=1 C3=1 R3=1 S3=1 Y2=1 X2=1 Z2=1 C2=1 R2=1 S2=1 Y1=1 X1=1 Z1=1 C1=1 R1=1 S1=1 Y0=1 X0=1 Z0=1 C0=1 R0=1 S0=1] Compute] 
resnet18_17layer_2026-02-25T17:22:01.638356,resnet18,17layer,full,17,eyeriss,thesis_arch,1056,524,128,256,32,1,False,True,,5.243e+04,3.042e+06,1.61e+05,"(5760913600, 2736486144)",0.0016443321164842928,0.4519968032836914,DRAM[P=7 Q=7 Z16=1 C16=1 R16=1 S16=1 Y15=7 X15=7 Z15=1 C15=1 R15=1 S15=1 Y14=7 X14=7 Z14=1 C14=1 R14=1 S14=1 Y13=14 X13=14 Z13=1 C13=1 R13=1 S13=1 Y12=14 X12=14 Z12=1 C12=1 R12=1 S12=1 Y11=14 X11=14 Z11=1 C11=1 R11=1 S11=1 Y10=14 X10=14 Z10=1 C10=1 R10=1 S10=1 Y9=28 X9=28 Z9=1 C9=1 R9=1 S9=1 Y8=28 X8=28 Z8=1 C8=1 R8=1 S8=1 Y7=28 X7=28 Z7=1 C7=1 R7=1 S7=1 Y6=28 X6=28 Z6=1 C6=1 R6=1 S6=1 Y5=56 X5=56 Z5=1 C5=1 R5=1 S5=1 Y4=56 X4=56 Z4=1 C4=1 R4=1 S4=1 Y3=56 X3=56 Z3=1 C3=1 R3=1 S3=1 Y2=56 X2=56 Z2=1 C2=1 R2=1 S2=1 Y1=56 X1=56 Z1=1 C1=1 R1=1 S1=1 Y0=112 X0=112 Z0=1 C0=1 R0=1 S0=1] GlobalBuffer[P=1 Q=1 Z16=1 C16=1 R16=1 S16=1 Y15=1 X15=1 Z15=1 C15=1 R15=1 S15=1 Y14=1 X14=1 Z14=1 C14=1 R14=1 S14=1 Y13=1 X13=1 Z13=1 C13=1 R13=1 S13=1 Y12=1 X12=1 Z12=1 C12=1 R12=1 S12=1 Y11=1 X11=1 Z11=1 C11=1 R11=1 S11=1 Y10=1 X10=1 Z10=1 C10=1 R10=1 S10=1 Y9=1 X9=1 Z9=1 C9=1 R9=1 S9=1 Y8=1 X8=1 Z8=1 C8=1 R8=1 S8=1 Y7=1 X7=1 Z7=1 C7=1 R7=1 S7=1 Y6=1 X6=1 Z6=1 C6=1 R6=1 S6=1 Y5=1 X5=1 Z5=1 C5=1 R5=1 S5=1 Y4=1 X4=1 Z4=1 C4=1 R4=1 S4=1 Y3=1 X3=1 Z3=1 C3=1 R3=1 S3=1 Y2=1 X2=1 Z2=1 C2=1 R2=1 S2=1 Y1=1 X1=1 Z1=1 C1=1 R1=1 S1=1 Y0=1 X0=1 Z0=1 C0=1 R0=1 S0=1] SACols[Q=1 Z16=32] SARows[S16=3 C16=64 Z16=1] SACols_15[X15=1 Z15=32] SARows_15[S15=3 C15=64 Z15=1] SACols_14[X14=1 Z14=32] SARows_14[S14=3 C14=64 Z14=1] SACols_13[X13=1 Z13=32] SARows_13[S13=3 C13=64 Z13=1] SACols_12[X12=1 Z12=32] SARows_12[S12=3 C12=64 Z12=1] SACols_11[X11=1 Z11=32] SARows_11[S11=3 C11=64 Z11=1] SACols_10[X10=1 Z10=32] SARows_10[S10=3 C10=64 Z10=1] SACols_9[X9=1 Z9=32] SARows_9[S9=3 C9=64 Z9=1] SACols_8[X8=1 Z8=32] SARows_8[S8=3 C8=64 Z8=1] SACols_7[X7=1 Z7=32] SARows_7[S7=3 C7=64 Z7=1] SACols_6[X6=1 Z6=32] SARows_6[S6=3 C6=64 Z6=1] SACols_5[X5=1 Z5=32] SARows_5[S5=3 C5=64 Z5=1] SACols_4[X4=1 Z4=32] SARows_4[S4=3 C4=64 Z4=1] SACols_3[X3=1 Z3=32] SARows_3[S3=3 C3=64 Z3=1] SACols_2[X2=1 Z2=32] SARows_2[S2=3 C2=64 Z2=1] SACols_1[X1=1 Z1=32] SARows_1[S1=3 C1=64 Z1=1] SACols_0[X0=1 Z0=32] SARows_0[S0=7 C0=3 Z0=2] InRegister[P=1 Q=1 Z16=1 C16=1 R16=1 S16=1 Y15=1 X15=1 Z15=1 C15=1 R15=1 S15=1 Y14=1 X14=1 Z14=1 C14=1 R14=1 S14=1 Y13=1 X13=1 Z13=1 C13=1 R13=1 S13=1 Y12=1 X12=1 Z12=1 C12=1 R12=1 S12=1 Y11=1 X11=1 Z11=1 C11=1 R11=1 S11=1 Y10=1 X10=1 Z10=1 C10=1 R10=1 S10=1 Y9=1 X9=1 Z9=1 C9=1 R9=1 S9=1 Y8=1 X8=1 Z8=1 C8=1 R8=1 S8=1 Y7=1 X7=1 Z7=1 C7=1 R7=1 S7=1 Y6=1 X6=1 Z6=1 C6=1 R6=1 S6=1 Y5=1 X5=1 Z5=1 C5=1 R5=1 S5=1 Y4=1 X4=1 Z4=1 C4=1 R4=1 S4=1 Y3=1 X3=1 Z3=1 C3=1 R3=1 S3=1 Y2=1 X2=1 Z2=1 C2=1 R2=1 S2=1 Y1=1 X1=1 Z1=1 C1=1 R1=1 S1=1 Y0=1 X0=1 Z0=1 C0=1 R0=1 S0=1] WRegister[P=1 Q=1 Z16=1 C16=8 R16=3 S16=1 Y15=1 X15=1 Z15=1 C15=8 R15=3 S15=1 Y14=1 X14=1 Z14=1 C14=8 R14=3 S14=1 Y13=1 X13=1 Z13=1 C13=4 R13=3 S13=1 Y12=1 X12=1 Z12=1 C12=4 R12=3 S12=1 Y11=1 X11=1 Z11=1 C11=4 R11=3 S11=1 Y10=1 X10=1 Z10=1 C10=4 R10=3 S10=1 Y9=1 X9=1 Z9=1 C9=2 R9=3 S9=1 Y8=1 X8=1 Z8=1 C8=2 R8=3 S8=1 Y7=1 X7=1 Z7=1 C7=2 R7=3 S7=1 Y6=1 X6=1 Z6=1 C6=2 R6=3 S6=1 Y5=1 X5=1 Z5=1 C5=1 R5=3 S5=1 Y4=1 X4=1 Z4=1 C4=1 R4=3 S4=1 Y3=1 X3=1 Z3=1 C3=1 R3=3 S3=1 Y2=1 X2=1 Z2=1 C2=1 R2=3 S2=1 Y1=1 X1=1 Z1=1 C1=1 R1=3 S1=1 Y0=1 X0=1 Z0=1 C0=1 R0=7 S0=1] IntermediateRegister[P=1 Q=1 Z16=1 C16=1 R16=1 S16=1 Y15=1 X15=1 Z15=16 C15=1 R15=1 S15=1 Y14=1 X14=1 Z14=16 C14=1 R14=1 S14=1 Y13=1 X13=1 Z13=16 C13=1 R13=1 S13=1 Y12=1 X12=1 Z12=8 C12=1 R12=1 S12=1 Y11=1 X11=1 Z11=8 C11=1 R11=1 S11=1 Y10=1 X10=1 Z10=8 C10=1 R10=1 S10=1 Y9=1 X9=1 Z9=8 C9=1 R9=1 S9=1 Y8=1 X8=1 Z8=4 C8=1 R8=1 S8=1 Y7=1 X7=1 Z7=4 C7=1 R7=1 S7=1 Y6=1 X6=1 Z6=4 C6=1 R6=1 S6=1 Y5=1 X5=1 Z5=4 C5=1 R5=1 S5=1 Y4=1 X4=1 Z4=2 C4=1 R4=1 S4=1 Y3=1 X3=1 Z3=2 C3=1 R3=1 S3=1 Y2=1 X2=1 Z2=2 C2=1 R2=1 S2=1 Y1=1 X1=1 Z1=2 C1=1 R1=1 S1=1 Y0=1 X0=1 Z0=1 C0=1 R0=1 S0=1] OutRegister[P=1 Q=1 Z16=16 C16=1 R16=1 S16=1 Y15=1 X15=1 Z15=1 C15=1 R15=1 S15=1 Y14=1 X14=1 Z14=1 C14=1 R14=1 S14=1 Y13=1 X13=1 Z13=1 C13=1 R13=1 S13=1 Y12=1 X12=1 Z12=1 C12=1 R12=1 S12=1 Y11=1 X11=1 Z11=1 C11=1 R11=1 S11=1 Y10=1 X10=1 Z10=1 C10=1 R10=1 S10=1 Y9=1 X9=1 Z9=1 C9=1 R9=1 S9=1 Y8=1 X8=1 Z8=1 C8=1 R8=1 S8=1 Y7=1 X7=1 Z7=1 C7=1 R7=1 S7=1 Y6=1 X6=1 Z6=1 C6=1 R6=1 S6=1 Y5=1 X5=1 Z5=1 C5=1 R5=1 S5=1 Y4=1 X4=1 Z4=1 C4=1 R4=1 S4=1 Y3=1 X3=1 Z3=1 C3=1 R3=1 S3=1 Y2=1 X2=1 Z2=1 C2=1 R2=1 S2=1 Y1=1 X1=1 Z1=1 C1=1 R1=1 S1=1 Y0=1 X0=1 Z0=1 C0=1 R0=1 S0=1] Compute] 
resnet18_17layer_2026-02-25T17:22:02.505659,resnet18,17layer,full,17,eyeriss,thesis_arch,1056,524,128,256,64,1,False,True,,5.337e+04,3.042e+06,1.65e+05,"(6237786304, 2736486144)",0.0008221660582421464,0.5215675830841064,DRAM[P=7 Q=7 Z16=1 C16=1 R16=1 S16=1 Y15=7 X15=7 Z15=1 C15=1 R15=1 S15=1 Y14=7 X14=7 Z14=1 C14=1 R14=1 S14=1 Y13=14 X13=14 Z13=1 C13=1 R13=1 S13=1 Y12=14 X12=14 Z12=1 C12=1 R12=1 S12=1 Y11=14 X11=14 Z11=1 C11=1 R11=1 S11=1 Y10=14 X10=14 Z10=1 C10=1 R10=1 S10=1 Y9=28 X9=28 Z9=1 C9=1 R9=1 S9=1 Y8=28 X8=28 Z8=1 C8=1 R8=1 S8=1 Y7=28 X7=28 Z7=1 C7=1 R7=1 S7=1 Y6=28 X6=28 Z6=1 C6=1 R6=1 S6=1 Y5=56 X5=56 Z5=1 C5=1 R5=1 S5=1 Y4=56 X4=56 Z4=1 C4=1 R4=1 S4=1 Y3=56 X3=56 Z3=1 C3=1 R3=1 S3=1 Y2=56 X2=56 Z2=1 C2=1 R2=1 S2=1 Y1=56 X1=56 Z1=1 C1=1 R1=1 S1=1 Y0=112 X0=112 Z0=1 C0=1 R0=1 S0=1] GlobalBuffer[P=1 Q=1 Z16=1 C16=1 R16=1 S16=1 Y15=1 X15=1 Z15=1 C15=1 R15=1 S15=1 Y14=1 X14=1 Z14=1 C14=1 R14=1 S14=1 Y13=1 X13=1 Z13=1 C13=1 R13=1 S13=1 Y12=1 X12=1 Z12=1 C12=1 R12=1 S12=1 Y11=1 X11=1 Z11=1 C11=1 R11=1 S11=1 Y10=1 X10=1 Z10=1 C10=1 R10=1 S10=1 Y9=1 X9=1 Z9=1 C9=1 R9=1 S9=1 Y8=1 X8=1 Z8=1 C8=1 R8=1 S8=1 Y7=1 X7=1 Z7=1 C7=1 R7=1 S7=1 Y6=1 X6=1 Z6=1 C6=1 R6=1 S6=1 Y5=1 X5=1 Z5=1 C5=1 R5=1 S5=1 Y4=1 X4=1 Z4=1 C4=1 R4=1 S4=1 Y3=1 X3=1 Z3=1 C3=1 R3=1 S3=1 Y2=1 X2=1 Z2=1 C2=1 R2=1 S2=1 Y1=1 X1=1 Z1=1 C1=1 R1=1 S1=1 Y0=1 X0=1 Z0=1 C0=1 R0=1 S0=1] SACols[Q=1 Z16=64] SARows[S16=3 C16=64 Z16=1] SACols_15[X15=1 Z15=64] SARows_15[S15=3 C15=64 Z15=1] SACols_14[X14=1 Z14=64] SARows_14[S14=3 C14=64 Z14=1] SACols_13[X13=1 Z13=64] SARows_13[S13=3 C13=64 Z13=1] SACols_12[X12=1 Z12=64] SARows_12[S12=3 C12=64 Z12=1] SACols_11[X11=1 Z11=64] SARows_11[S11=3 C11=64 Z11=1] SACols_10[X10=1 Z10=64] SARows_10[S10=3 C10=64 Z10=1] SACols_9[X9=1 Z9=64] SARows_9[S9=3 C9=64 Z9=1] SACols_8[X8=1 Z8=64] SARows_8[S8=3 C8=64 Z8=1] SACols_7[X7=1 Z7=64] SARows_7[S7=3 C7=64 Z7=1] SACols_6[X6=1 Z6=64] SARows_6[S6=3 C6=64 Z6=1] SACols_5[X5=1 Z5=64] SARows_5[S5=3 C5=64 Z5=1] SACols_4[X4=1 Z4=64] SARows_4[S4=3 C4=64 Z4=1] SACols_3[X3=1 Z3=64] SARows_3[S3=3 C3=64 Z3=1] SACols_2[X2=1 Z2=64] SARows_2[S2=3 C2=64 Z2=1] SACols_1[X1=1 Z1=64] SARows_1[S1=3 C1=64 Z1=1] SACols_0[X0=1 Z0=64] SARows_0[S0=7 C0=3 Z0=1] InRegister[P=1 Q=1 Z16=1 C16=1 R16=1 S16=1 Y15=1 X15=1 Z15=1 C15=1 R15=1 S15=1 Y14=1 X14=1 Z14=1 C14=1 R14=1 S14=1 Y13=1 X13=1 Z13=1 C13=1 R13=1 S13=1 Y12=1 X12=1 Z12=1 C12=1 R12=1 S12=1 Y11=1 X11=1 Z11=1 C11=1 R11=1 S11=1 Y10=1 X10=1 Z10=1 C10=1 R10=1 S10=1 Y9=1 X9=1 Z9=1 C9=1 R9=1 S9=1 Y8=1 X8=1 Z8=1 C8=1 R8=1 S8=1 Y7=1 X7=1 Z7=1 C7=1 R7=1 S7=1 Y6=1 X6=1 Z6=1 C6=1 R6=1 S6=1 Y5=1 X5=1 Z5=1 C5=1 R5=1 S5=1 Y4=1 X4=1 Z4=1 C4=1 R4=1 S4=1 Y3=1 X3=1 Z3=1 C3=1 R3=1 S3=1 Y2=1 X2=1 Z2=1 C2=1 R2=1 S2=1 Y1=1 X1=1 Z1=1 C1=1 R1=1 S1=1 Y0=1 X0=1 Z0=1 C0=1 R0=1 S0=1] WRegister[P=1 Q=1 Z16=1 C16=8 R16=3 S16=1 Y15=1 X15=1 Z15=1 C15=8 R15=3 S15=1 Y14=1 X14=1 Z14=1 C14=8 R14=3 S14=1 Y13=1 X13=1 Z13=1 C13=4 R13=3 S13=1 Y12=1 X12=1 Z12=1 C12=4 R12=3 S12=1 Y11=1 X11=1 Z11=1 C11=4 R11=3 S11=1 Y10=1 X10=1 Z10=1 C10=4 R10=3 S10=1 Y9=1 X9=1 Z9=1 C9=2 R9=3 S9=1 Y8=1 X8=1 Z8=1 C8=2 R8=3 S8=1 Y7=1 X7=1 Z7=1 C7=2 R7=3 S7=1 Y6=1 X6=1 Z6=1 C6=2 R6=3 S6=1 Y5=1 X5=1 Z5=1 C5=1 R5=3 S5=1 Y4=1 X4=1 Z4=1 C4=1 R4=3 S4=1 Y3=1 X3=1 Z3=1 C3=1 R3=3 S3=1 Y2=1 X2=1 Z2=1 C2=1 R2=3 S2=1 Y1=1 X1=1 Z1=1 C1=1 R1=3 S1=1 Y0=1 X0=1 Z0=1 C0=1 R0=7 S0=1] IntermediateRegister[P=1 Q=1 Z16=1 C16=1 R16=1 S16=1 Y15=1 X15=1 Z15=8 C15=1 R15=1 S15=1 Y14=1 X14=1 Z14=8 C14=1 R14=1 S14=1 Y13=1 X13=1 Z13=8 C13=1 R13=1 S13=1 Y12=1 X12=1 Z12=4 C12=1 R12=1 S12=1 Y11=1 X11=1 Z11=4 C11=1 R11=1 S11=1 Y10=1 X10=1 Z10=4 C10=1 R10=1 S10=1 Y9=1 X9=1 Z9=4 C9=1 R9=1 S9=1 Y8=1 X8=1 Z8=2 C8=1 R8=1 S8=1 Y7=1 X7=1 Z7=2 C7=1 R7=1 S7=1 Y6=1 X6=1 Z6=2 C6=1 R6=1 S6=1 Y5=1 X5=1 Z5=2 C5=1 R5=1 S5=1 Y4=1 X4=1 Z4=1 C4=1 R4=1 S4=1 Y3=1 X3=1 Z3=1 C3=1 R3=1 S3=1 Y2=1 X2=1 Z2=1 C2=1 R2=1 S2=1 Y1=1 X1=1 Z1=1 C1=1 R1=1 S1=1 Y0=1 X0=1 Z0=1 C0=1 R0=1 S0=1] OutRegister[P=1 Q=1 Z16=8 C16=1 R16=1 S16=1 Y15=1 X15=1 Z15=1 C15=1 R15=1 S15=1 Y14=1 X14=1 Z14=1 C14=1 R14=1 S14=1 Y13=1 X13=1 Z13=1 C13=1 R13=1 S13=1 Y12=1 X12=1 Z12=1 C12=1 R12=1 S12=1 Y11=1 X11=1 Z11=1 C11=1 R11=1 S11=1 Y10=1 X10=1 Z10=1 C10=1 R10=1 S10=1 Y9=1 X9=1 Z9=1 C9=1 R9=1 S9=1 Y8=1 X8=1 Z8=1 C8=1 R8=1 S8=1 Y7=1 X7=1 Z7=1 C7=1 R7=1 S7=1 Y6=1 X6=1 Z6=1 C6=1 R6=1 S6=1 Y5=1 X5=1 Z5=1 C5=1 R5=1 S5=1 Y4=1 X4=1 Z4=1 C4=1 R4=1 S4=1 Y3=1 X3=1 Z3=1 C3=1 R3=1 S3=1 Y2=1 X2=1 Z2=1 C2=1 R2=1 S2=1 Y1=1 X1=1 Z1=1 C1=1 R1=1 S1=1 Y0=1 X0=1 Z0=1 C0=1 R0=1 S0=1] Compute] 
resnet18_17layer_2026-02-25T17:22:03.536644,resnet18,17layer,full,17,eyeriss,thesis_arch,1056,524,128,512,4,1,False,False,"Ill-posed constraints:
CONSTRAINTS VIOLATION: Arch: Eyeriss_Constrained_17L_tile1_4x512 -> Level: WRegister: memory footprint: 7159 VS memory available: 3600
CONSTRAINTS VIOLATION: Arch: Eyeriss_Constrained_17L_tile1_4x512 -> Level: IntermediateRegister: memory footprint: 785 VS memory available: 350
CONSTRAINTS VIOLATION: Arch: Eyeriss_Constrained_17L_tile1_4x512 -> Level: OutRegister: memory footprint: 128 VS memory available: 64",0.000e+00,0.000e+00,0.00e+00,0,0.0,0.0,
resnet18_17layer_2026-02-25T17:22:03.998975,resnet18,17layer,full,17,eyeriss,thesis_arch,1056,524,128,512,16,1,False,True,,5.278e+04,3.042e+06,1.62e+05,"(5821124800, 2890626816)",0.0016443321164842928,0.2907881736755371,DRAM[P=7 Q=7 Z16=1 C16=1 R16=1 S16=1 Y15=7 X15=7 Z15=1 C15=1 R15=1 S15=1 Y14=7 X14=7 Z14=1 C14=1 R14=1 S14=1 Y13=14 X13=14 Z13=1 C13=1 R13=1 S13=1 Y12=14 X12=14 Z12=1 C12=1 R12=1 S12=1 Y11=14 X11=14 Z11=1 C11=1 R11=1 S11=1 Y10=14 X10=14 Z10=1 C10=1 R10=1 S10=1 Y9=28 X9=28 Z9=1 C9=1 R9=1 S9=1 Y8=28 X8=28 Z8=1 C8=1 R8=1 S8=1 Y7=28 X7=28 Z7=1 C7=1 R7=1 S7=1 Y6=28 X6=28 Z6=1 C6=1 R6=1 S6=1 Y5=56 X5=56 Z5=1 C5=1 R5=1 S5=1 Y4=56 X4=56 Z4=1 C4=1 R4=1 S4=1 Y3=56 X3=56 Z3=1 C3=1 R3=1 S3=1 Y2=56 X2=56 Z2=1 C2=1 R2=1 S2=1 Y1=56 X1=56 Z1=1 C1=1 R1=1 S1=1 Y0=112 X0=112 Z0=1 C0=1 R0=1 S0=1] GlobalBuffer[P=1 Q=1 Z16=1 C16=1 R16=1 S16=1 Y15=1 X15=1 Z15=1 C15=1 R15=1 S15=1 Y14=1 X14=1 Z14=1 C14=1 R14=1 S14=1 Y13=1 X13=1 Z13=1 C13=1 R13=1 S13=1 Y12=1 X12=1 Z12=1 C12=1 R12=1 S12=1 Y11=1 X11=1 Z11=1 C11=1 R11=1 S11=1 Y10=1 X10=1 Z10=1 C10=1 R10=1 S10=1 Y9=1 X9=1 Z9=1 C9=1 R9=1 S9=1 Y8=1 X8=1 Z8=1 C8=1 R8=1 S8=1 Y7=1 X7=1 Z7=1 C7=1 R7=1 S7=1 Y6=1 X6=1 Z6=1 C6=1 R6=1 S6=1 Y5=1 X5=1 Z5=1 C5=1 R5=1 S5=1 Y4=1 X4=1 Z4=1 C4=1 R4=1 S4=1 Y3=1 X3=1 Z3=1 C3=1 R3=1 S3=1 Y2=1 X2=1 Z2=1 C2=1 R2=1 S2=1 Y1=1 X1=1 Z1=1 C1=1 R1=1 S1=1 Y0=1 X0=1 Z0=1 C0=1 R0=1 S0=1] SACols[Q=1 Z16=16] SARows[S16=3 C16=128 Z16=1] SACols_15[X15=1 Z15=16] SARows_15[S15=3 C15=128 Z15=1] SACols_14[X14=1 Z14=16] SARows_14[S14=3 C14=128 Z14=1] SACols_13[X13=1 Z13=16] SARows_13[S13=3 C13=128 Z13=1] SACols_12[X12=1 Z12=16] SARows_12[S12=3 C12=128 Z12=1] SACols_11[X11=1 Z11=16] SARows_11[S11=3 C11=128 Z11=1] SACols_10[X10=1 Z10=16] SARows_10[S10=3 C10=128 Z10=1] SACols_9[X9=1 Z9=16] SARows_9[S9=3 C9=128 Z9=1] SACols_8[X8=1 Z8=16] SARows_8[S8=3 C8=128 Z8=1] SACols_7[X7=1 Z7=16] SARows_7[S7=3 C7=128 Z7=1] SACols_6[X6=1 Z6=16] SARows_6[S6=3 C6=128 Z6=1] SACols_5[X5=1 Z5=16] SARows_5[S5=3 C5=64 Z5=2] SACols_4[X4=1 Z4=16] SARows_4[S4=3 C4=64 Z4=2] SACols_3[X3=1 Z3=16] SARows_3[S3=3 C3=64 Z3=2] SACols_2[X2=1 Z2=16] SARows_2[S2=3 C2=64 Z2=2] SACols_1[X1=1 Z1=16] SARows_1[S1=3 C1=64 Z1=2] SACols_0[X0=1 Z0=16] SARows_0[S0=7 C0=3 Z0=4] InRegister[P=1 Q=1 Z16=1 C16=1 R16=1 S16=1 Y15=1 X15=1 Z15=1 C15=1 R15=1 S15=1 Y14=1 X14=1 Z14=1 C14=1 R14=1 S14=1 Y13=1 X13=1 Z13=1 C13=1 R13=1 S13=1 Y12=1 X12=1 Z12=1 C12=1 R12=1 S12=1 Y11=1 X11=1 Z11=1 C11=1 R11=1 S11=1 Y10=1 X10=1 Z10=1 C10=1 R10=1 S10=1 Y9=1 X9=1 Z9=1 C9=1 R9=1 S9=1 Y8=1 X8=1 Z8=1 C8=1 R8=1 S8=1 Y7=1 X7=1 Z7=1 C7=1 R7=1 S7=1 Y6=1 X6=1 Z6=1 C6=1 R6=1 S6=1 Y5=1 X5=1 Z5=1 C5=1 R5=1 S5=1 Y4=1 X4=1 Z4=1 C4=1 R4=1 S4=1 Y3=1 X3=1 Z3=1 C3=1 R3=1 S3=1 Y2=1 X2=1 Z2=1 C2=1 R2=1 S2=1 Y1=1 X1=1 Z1=1 C1=1 R1=1 S1=1 Y0=1 X0=1 Z0=1 C0=1 R0=1 S0=1] WRegister[P=1 Q=1 Z16=1 C16=4 R16=3 S16=1 Y15=1 X15=1 Z15=1 C15=4 R15=3 S15=1 Y14=1 X14=1 Z14=1 C14=4 R14=3 S14=1 Y13=1 X13=1 Z13=1 C13=2 R13=3 S13=1 Y12=1 X12=1 Z12=1 C12=2 R12=3 S12=1 Y11=1 X11=1 Z11=1 C11=2 R11=3 S11=1 Y10=1 X10=1 Z10=1 C10=2 R10=3 S10=1 Y9=1 X9=1 Z9=1 C9=1 R9=3 S9=1 Y8=1 X8=1 Z8=1 C8=1 R8=3 S8=1 Y7=1 X7=1 Z7=1 C7=1 R7=3 S7=1 Y6=1 X6=1 Z6=1 C6=1 R6=3 S6=1 Y5=1 X5=1 Z5=1 C5=1 R5=3 S5=1 Y4=1 X4=1 Z4=1 C4=1 R4=3 S4=1 Y3=1 X3=1 Z3=1 C3=1 R3=3 S3=1 Y2=1 X2=1 Z2=1 C2=1 R2=3 S2=1 Y1=1 X1=1 Z1=1 C1=1 R1=3 S1=1 Y0=1 X0=1 Z0=1 C0=1 R0=7 S0=1] IntermediateRegister[P=1 Q=1 Z16=1 C16=1 R16=1 S16=1 Y15=1 X15=1 Z15=32 C15=1 R15=1 S15=1 Y14=1 X14=1 Z14=32 C14=1 R14=1 S14=1 Y13=1 X13=1 Z13=32 C13=1 R13=1 S13=1 Y12=1 X12=1 Z12=16 C12=1 R12=1 S12=1 Y11=1 X11=1 Z11=16 C11=1 R11=1 S11=1 Y10=1 X10=1 Z10=16 C10=1 R10=1 S10=1 Y9=1 X9=1 Z9=16 C9=1 R9=1 S9=1 Y8=1 X8=1 Z8=8 C8=1 R8=1 S8=1 Y7=1 X7=1 Z7=8 C7=1 R7=1 S7=1 Y6=1 X6=1 Z6=8 C6=1 R6=1 S6=1 Y5=1 X5=1 Z5=4 C5=1 R5=1 S5=1 Y4=1 X4=1 Z4=2 C4=1 R4=1 S4=1 Y3=1 X3=1 Z3=2 C3=1 R3=1 S3=1 Y2=1 X2=1 Z2=2 C2=1 R2=1 S2=1 Y1=1 X1=1 Z1=2 C1=1 R1=1 S1=1 Y0=1 X0=1 Z0=1 C0=1 R0=1 S0=1] OutRegister[P=1 Q=1 Z16=32 C16=1 R16=1 S16=1 Y15=1 X15=1 Z15=1 C15=1 R15=1 S15=1 Y14=1 X14=1 Z14=1 C14=1 R14=1 S14=1 Y13=1 X13=1 Z13=1 C13=1 R13=1 S13=1 Y12=1 X12=1 Z12=1 C12=1 R12=1 S12=1 Y11=1 X11=1 Z11=1 C11=1 R11=1 S11=1 Y10=1 X10=1 Z10=1 C10=1 R10=1 S10=1 Y9=1 X9=1 Z9=1 C9=1 R9=1 S9=1 Y8=1 X8=1 Z8=1 C8=1 R8=1 S8=1 Y7=1 X7=1 Z7=1 C7=1 R7=1 S7=1 Y6=1 X6=1 Z6=1 C6=1 R6=1 S6=1 Y5=1 X5=1 Z5=1 C5=1 R5=1 S5=1 Y4=1 X4=1 Z4=1 C4=1 R4=1 S4=1 Y3=1 X3=1 Z3=1 C3=1 R3=1 S3=1 Y2=1 X2=1 Z2=1 C2=1 R2=1 S2=1 Y1=1 X1=1 Z1=1 C1=1 R1=1 S1=1 Y0=1 X0=1 Z0=1 C0=1 R0=1 S0=1] Compute] 
resnet18_17layer_2026-02-25T17:22:04.679460,resnet18,17layer,full,17,eyeriss,thesis_arch,1056,524,128,512,32,1,False,True,,5.353e+04,3.042e+06,1.65e+05,"(6204068032, 2890626816)",0.0008221660582421464,0.40918827056884766,DRAM[P=7 Q=7 Z16=1 C16=1 R16=1 S16=1 Y15=7 X15=7 Z15=1 C15=1 R15=1 S15=1 Y14=7 X14=7 Z14=1 C14=1 R14=1 S14=1 Y13=14 X13=14 Z13=1 C13=1 R13=1 S13=1 Y12=14 X12=14 Z12=1 C12=1 R12=1 S12=1 Y11=14 X11=14 Z11=1 C11=1 R11=1 S11=1 Y10=14 X10=14 Z10=1 C10=1 R10=1 S10=1 Y9=28 X9=28 Z9=1 C9=1 R9=1 S9=1 Y8=28 X8=28 Z8=1 C8=1 R8=1 S8=1 Y7=28 X7=28 Z7=1 C7=1 R7=1 S7=1 Y6=28 X6=28 Z6=1 C6=1 R6=1 S6=1 Y5=56 X5=56 Z5=1 C5=1 R5=1 S5=1 Y4=56 X4=56 Z4=1 C4=1 R4=1 S4=1 Y3=56 X3=56 Z3=1 C3=1 R3=1 S3=1 Y2=56 X2=56 Z2=1 C2=1 R2=1 S2=1 Y1=56 X1=56 Z1=1 C1=1 R1=1 S1=1 Y0=112 X0=112 Z0=1 C0=1 R0=1 S0=1] GlobalBuffer[P=1 Q=1 Z16=1 C16=1 R16=1 S16=1 Y15=1 X15=1 Z15=1 C15=1 R15=1 S15=1 Y14=1 X14=1 Z14=1 C14=1 R14=1 S14=1 Y13=1 X13=1 Z13=1 C13=1 R13=1 S13=1 Y12=1 X12=1 Z12=1 C12=1 R12=1 S12=1 Y11=1 X11=1 Z11=1 C11=1 R11=1 S11=1 Y10=1 X10=1 Z10=1 C10=1 R10=1 S10=1 Y9=1 X9=1 Z9=1 C9=1 R9=1 S9=1 Y8=1 X8=1 Z8=1 C8=1 R8=1 S8=1 Y7=1 X7=1 Z7=1 C7=1 R7=1 S7=1 Y6=1 X6=1 Z6=1 C6=1 R6=1 S6=1 Y5=1 X5=1 Z5=1 C5=1 R5=1 S5=1 Y4=1 X4=1 Z4=1 C4=1 R4=1 S4=1 Y3=1 X3=1 Z3=1 C3=1 R3=1 S3=1 Y2=1 X2=1 Z2=1 C2=1 R2=1 S2=1 Y1=1 X1=1 Z1=1 C1=1 R1=1 S1=1 Y0=1 X0=1 Z0=1 C0=1 R0=1 S0=1] SACols[Q=1 Z16=32] SARows[S16=3 C16=128 Z16=1] SACols_15[X15=1 Z15=32] SARows_15[S15=3 C15=128 Z15=1] SACols_14[X14=1 Z14=32] SARows_14[S14=3 C14=128 Z14=1] SACols_13[X13=1 Z13=32] SARows_13[S13=3 C13=128 Z13=1] SACols_12[X12=1 Z12=32] SARows_12[S12=3 C12=128 Z12=1] SACols_11[X11=1 Z11=32] SARows_11[S11=3 C11=128 Z11=1] SACols_10[X10=1 Z10=32] SARows_10[S10=3 C10=128 Z10=1] SACols_9[X9=1 Z9=32] SARows_9[S9=3 C9=128 Z9=1] SACols_8[X8=1 Z8=32] SARows_8[S8=3 C8=128 Z8=1] SACols_7[X7=1 Z7=32] SARows_7[S7=3 C7=128 Z7=1] SACols_6[X6=1 Z6=32] SARows_6[S6=3 C6=128 Z6=1] SACols_5[X5=1 Z5=32] SARows_5[S5=3 C5=64 Z5=2] SACols_4[X4=1 Z4=32] SARows_4[S4=3 C4=64 Z4=2] SACols_3[X3=1 Z3=32] SARows_3[S3=3 C3=64 Z3=2] SACols_2[X2=1 Z2=32] SARows_2[S2=3 C2=64 Z2=2] SACols_1[X1=1 Z1=32] SARows_1[S1=3 C1=64 Z1=2] SACols_0[X0=1 Z0=32] SARows_0[S0=7 C0=3 Z0=2] InRegister[P=1 Q=1 Z16=1 C16=1 R16=1 S16=1 Y15=1 X15=1 Z15=1 C15=1 R15=1 S15=1 Y14=1 X14=1 Z14=1 C14=1 R14=1 S14=1 Y13=1 X13=1 Z13=1 C13=1 R13=1 S13=1 Y12=1 X12=1 Z12=1 C12=1 R12=1 S12=1 Y11=1 X11=1 Z11=1 C11=1 R11=1 S11=1 Y10=1 X10=1 Z10=1 C10=1 R10=1 S10=1 Y9=1 X9=1 Z9=1 C9=1 R9=1 S9=1 Y8=1 X8=1 Z8=1 C8=1 R8=1 S8=1 Y7=1 X7=1 Z7=1 C7=1 R7=1 S7=1 Y6=1 X6=1 Z6=1 C6=1 R6=1 S6=1 Y5=1 X5=1 Z5=1 C5=1 R5=1 S5=1 Y4=1 X4=1 Z4=1 C4=1 R4=1 S4=1 Y3=1 X3=1 Z3=1 C3=1 R3=1 S3=1 Y2=1 X2=1 Z2=1 C2=1 R2=1 S2=1 Y1=1 X1=1 Z1=1 C1=1 R1=1 S1=1 Y0=1 X0=1 Z0=1 C0=1 R0=1 S0=1] WRegister[P=1 Q=1 Z16=1 C16=4 R16=3 S16=1 Y15=1 X15=1 Z15=1 C15=4 R15=3 S15=1 Y14=1 X14=1 Z14=1 C14=4 R14=3 S14=1 Y13=1 X13=1 Z13=1 C13=2 R13=3 S13=1 Y12=1 X12=1 Z12=1 C12=2 R12=3 S12=1 Y11=1 X11=1 Z11=1 C11=2 R11=3 S11=1 Y10=1 X10=1 Z10=1 C10=2 R10=3 S10=1 Y9=1 X9=1 Z9=1 C9=1 R9=3 S9=1 Y8=1 X8=1 Z8=1 C8=1 R8=3 S8=1 Y7=1 X7=1 Z7=1 C7=1 R7=3 S7=1 Y6=1 X6=1 Z6=1 C6=1 R6=3 S6=1 Y5=1 X5=1 Z5=1 C5=1 R5=3 S5=1 Y4=1 X4=1 Z4=1 C4=1 R4=3 S4=1 Y3=1 X3=1 Z3=1 C3=1 R3=3 S3=1 Y2=1 X2=1 Z2=1 C2=1 R2=3 S2=1 Y1=1 X1=1 Z1=1 C1=1 R1=3 S1=1 Y0=1 X0=1 Z0=1 C0=1 R0=7 S0=1] IntermediateRegister[P=1 Q=1 Z16=1 C16=1 R16=1 S16=1 Y15=1 X15=1 Z15=16 C15=1 R15=1 S15=1 Y14=1 X14=1 Z14=16 C14=1 R14=1 S14=1 Y13=1 X13=1 Z13=16 C13=1 R13=1 S13=1 Y12=1 X12=1 Z12=8 C12=1 R12=1 S12=1 Y11=1 X11=1 Z11=8 C11=1 R11=1 S11=1 Y10=1 X10=1 Z10=8 C10=1 R10=1 S10=1 Y9=1 X9=1 Z9=8 C9=1 R9=1 S9=1 Y8=1 X8=1 Z8=4 C8=1 R8=1 S8=1 Y7=1 X7=1 Z7=4 C7=1 R7=1 S7=1 Y6=1 X6=1 Z6=4 C6=1 R6=1 S6=1 Y5=1 X5=1 Z5=2 C5=1 R5=1 S5=1 Y4=1 X4=1 Z4=1 C4=1 R4=1 S4=1 Y3=1 X3=1 Z3=1 C3=1 R3=1 S3=1 Y2=1 X2=1 Z2=1 C2=1 R2=1 S2=1 Y1=1 X1=1 Z1=1 C1=1 R1=1 S1=1 Y0=1 X0=1 Z0=1 C0=1 R0=1 S0=1] OutRegister[P=1 Q=1 Z16=16 C16=1 R16=1 S16=1 Y15=1 X15=1 Z15=1 C15=1 R15=1 S15=1 Y14=1 X14=1 Z14=1 C14=1 R14=1 S14=1 Y13=1 X13=1 Z13=1 C13=1 R13=1 S13=1 Y12=1 X12=1 Z12=1 C12=1 R12=1 S12=1 Y11=1 X11=1 Z11=1 C11=1 R11=1 S11=1 Y10=1 X10=1 Z10=1 C10=1 R10=1 S10=1 Y9=1 X9=1 Z9=1 C9=1 R9=1 S9=1 Y8=1 X8=1 Z8=1 C8=1 R8=1 S8=1 Y7=1 X7=1 Z7=1 C7=1 R7=1 S7=1 Y6=1 X6=1 Z6=1 C6=1 R6=1 S6=1 Y5=1 X5=1 Z5=1 C5=1 R5=1 S5=1 Y4=1 X4=1 Z4=1 C4=1 R4=1 S4=1 Y3=1 X3=1 Z3=1 C3=1 R3=1 S3=1 Y2=1 X2=1 Z2=1 C2=1 R2=1 S2=1 Y1=1 X1=1 Z1=1 C1=1 R1=1 S1=1 Y0=1 X0=1 Z0=1 C0=1 R0=1 S0=1] Compute] 
