experiment_id,workload_name,workload_variant,fusion_level,num_fused_layers,arch_type,arch_name,fmem_size_kB,wmem_size_kB,gb_size_kB,pe_rows,pe_cols,tile_size,scale_bandwidth,success,error_message,energy_uJ,latency_cycles,edp,mops,utilization,mapping_time_s,mapping
vgg16_13layer_2026-02-25T17:20:05.219951,vgg16,13layer,full,13,eyeriss,thesis_arch,1056,524,128,4,4,1,False,False,"Ill-posed constraints:
CONSTRAINTS VIOLATION: Arch: Eyeriss_Constrained_13L_tile1_4x4 -> Level: InRegister: memory footprint: 11152 VS memory available: 400
CONSTRAINTS VIOLATION: Arch: Eyeriss_Constrained_13L_tile1_4x4 -> Level: WRegister: memory footprint: 1225872 VS memory available: 1200
CONSTRAINTS VIOLATION: Arch: Eyeriss_Constrained_13L_tile1_4x4 -> Level: IntermediateRegister: memory footprint: 928 VS memory available: 350
CONSTRAINTS VIOLATION: Arch: Eyeriss_Constrained_13L_tile1_4x4 -> Level: OutRegister: memory footprint: 128 VS memory available: 64",0.000e+00,0.000e+00,0.00e+00,0,0.0,0.0,
vgg16_13layer_2026-02-25T17:20:06.277667,vgg16,13layer,full,13,eyeriss,thesis_arch,1056,524,128,4,16,1,False,False,"Ill-posed constraints:
CONSTRAINTS VIOLATION: Arch: Eyeriss_Constrained_13L_tile1_16x4 -> Level: InRegister: memory footprint: 11152 VS memory available: 400
CONSTRAINTS VIOLATION: Arch: Eyeriss_Constrained_13L_tile1_16x4 -> Level: WRegister: memory footprint: 306468 VS memory available: 1200",0.000e+00,0.000e+00,0.00e+00,0,0.0,0.0,
vgg16_13layer_2026-02-25T17:20:06.813312,vgg16,13layer,full,13,eyeriss,thesis_arch,1056,524,128,4,32,1,False,False,"Ill-posed constraints:
CONSTRAINTS VIOLATION: Arch: Eyeriss_Constrained_13L_tile1_32x4 -> Level: InRegister: memory footprint: 11152 VS memory available: 400
CONSTRAINTS VIOLATION: Arch: Eyeriss_Constrained_13L_tile1_32x4 -> Level: WRegister: memory footprint: 153234 VS memory available: 1200",0.000e+00,0.000e+00,0.00e+00,0,0.0,0.0,
vgg16_13layer_2026-02-25T17:20:07.272440,vgg16,13layer,full,13,eyeriss,thesis_arch,1056,524,128,4,64,1,False,False,"Ill-posed constraints:
CONSTRAINTS VIOLATION: Arch: Eyeriss_Constrained_13L_tile1_64x4 -> Level: InRegister: memory footprint: 11152 VS memory available: 400
CONSTRAINTS VIOLATION: Arch: Eyeriss_Constrained_13L_tile1_64x4 -> Level: WRegister: memory footprint: 76617 VS memory available: 1200",0.000e+00,0.000e+00,0.00e+00,0,0.0,0.0,
vgg16_13layer_2026-02-25T17:20:07.552962,vgg16,13layer,full,13,eyeriss,thesis_arch,1056,524,128,4,128,1,False,False,"Ill-posed constraints:
CONSTRAINTS VIOLATION: Arch: Eyeriss_Constrained_13L_tile1_128x4 -> Level: InRegister: memory footprint: 11152 VS memory available: 400
CONSTRAINTS VIOLATION: Arch: Eyeriss_Constrained_13L_tile1_128x4 -> Level: WRegister: memory footprint: 38409 VS memory available: 1200",0.000e+00,0.000e+00,0.00e+00,0,0.0,0.0,
vgg16_13layer_2026-02-25T17:20:07.915342,vgg16,13layer,full,13,eyeriss,thesis_arch,1056,524,128,4,256,1,False,False,"Ill-posed constraints:
CONSTRAINTS VIOLATION: Arch: Eyeriss_Constrained_13L_tile1_256x4 -> Level: InRegister: memory footprint: 11152 VS memory available: 400
CONSTRAINTS VIOLATION: Arch: Eyeriss_Constrained_13L_tile1_256x4 -> Level: WRegister: memory footprint: 19593 VS memory available: 1200",0.000e+00,0.000e+00,0.00e+00,0,0.0,0.0,
vgg16_13layer_2026-02-25T17:20:08.212628,vgg16,13layer,full,13,eyeriss,thesis_arch,1056,524,128,4,512,1,False,False,"Ill-posed constraints:
CONSTRAINTS VIOLATION: Arch: Eyeriss_Constrained_13L_tile1_512x4 -> Level: InRegister: memory footprint: 11152 VS memory available: 400
CONSTRAINTS VIOLATION: Arch: Eyeriss_Constrained_13L_tile1_512x4 -> Level: WRegister: memory footprint: 11145 VS memory available: 1200",0.000e+00,0.000e+00,0.00e+00,0,0.0,0.0,
vgg16_13layer_2026-02-25T17:20:08.479788,vgg16,13layer,full,13,eyeriss,thesis_arch,1056,524,128,16,4,1,False,False,"Ill-posed constraints:
CONSTRAINTS VIOLATION: Arch: Eyeriss_Constrained_13L_tile1_4x16 -> Level: InRegister: memory footprint: 2790 VS memory available: 400
CONSTRAINTS VIOLATION: Arch: Eyeriss_Constrained_13L_tile1_4x16 -> Level: WRegister: memory footprint: 306480 VS memory available: 1200
CONSTRAINTS VIOLATION: Arch: Eyeriss_Constrained_13L_tile1_4x16 -> Level: IntermediateRegister: memory footprint: 928 VS memory available: 350
CONSTRAINTS VIOLATION: Arch: Eyeriss_Constrained_13L_tile1_4x16 -> Level: OutRegister: memory footprint: 128 VS memory available: 64",0.000e+00,0.000e+00,0.00e+00,0,0.0,0.0,
vgg16_13layer_2026-02-25T17:20:08.809073,vgg16,13layer,full,13,eyeriss,thesis_arch,1056,524,128,16,16,1,False,False,"Ill-posed constraints:
CONSTRAINTS VIOLATION: Arch: Eyeriss_Constrained_13L_tile1_16x16 -> Level: InRegister: memory footprint: 2790 VS memory available: 400
CONSTRAINTS VIOLATION: Arch: Eyeriss_Constrained_13L_tile1_16x16 -> Level: WRegister: memory footprint: 76620 VS memory available: 1200",0.000e+00,0.000e+00,0.00e+00,0,0.0,0.0,
vgg16_13layer_2026-02-25T17:20:09.172202,vgg16,13layer,full,13,eyeriss,thesis_arch,1056,524,128,16,32,1,False,False,"Ill-posed constraints:
CONSTRAINTS VIOLATION: Arch: Eyeriss_Constrained_13L_tile1_32x16 -> Level: InRegister: memory footprint: 2790 VS memory available: 400
CONSTRAINTS VIOLATION: Arch: Eyeriss_Constrained_13L_tile1_32x16 -> Level: WRegister: memory footprint: 38310 VS memory available: 1200",0.000e+00,0.000e+00,0.00e+00,0,0.0,0.0,
vgg16_13layer_2026-02-25T17:20:09.488148,vgg16,13layer,full,13,eyeriss,thesis_arch,1056,524,128,16,64,1,False,False,"Ill-posed constraints:
CONSTRAINTS VIOLATION: Arch: Eyeriss_Constrained_13L_tile1_64x16 -> Level: InRegister: memory footprint: 2790 VS memory available: 400
CONSTRAINTS VIOLATION: Arch: Eyeriss_Constrained_13L_tile1_64x16 -> Level: WRegister: memory footprint: 19155 VS memory available: 1200",0.000e+00,0.000e+00,0.00e+00,0,0.0,0.0,
vgg16_13layer_2026-02-25T17:20:09.823318,vgg16,13layer,full,13,eyeriss,thesis_arch,1056,524,128,16,128,1,False,False,"Ill-posed constraints:
CONSTRAINTS VIOLATION: Arch: Eyeriss_Constrained_13L_tile1_128x16 -> Level: InRegister: memory footprint: 2790 VS memory available: 400
CONSTRAINTS VIOLATION: Arch: Eyeriss_Constrained_13L_tile1_128x16 -> Level: WRegister: memory footprint: 9603 VS memory available: 1200",0.000e+00,0.000e+00,0.00e+00,0,0.0,0.0,
vgg16_13layer_2026-02-25T17:20:10.184688,vgg16,13layer,full,13,eyeriss,thesis_arch,1056,524,128,16,256,1,False,False,"Ill-posed constraints:
CONSTRAINTS VIOLATION: Arch: Eyeriss_Constrained_13L_tile1_256x16 -> Level: InRegister: memory footprint: 2790 VS memory available: 400
CONSTRAINTS VIOLATION: Arch: Eyeriss_Constrained_13L_tile1_256x16 -> Level: WRegister: memory footprint: 4899 VS memory available: 1200",0.000e+00,0.000e+00,0.00e+00,0,0.0,0.0,
vgg16_13layer_2026-02-25T17:20:10.465635,vgg16,13layer,full,13,eyeriss,thesis_arch,1056,524,128,16,512,1,False,False,"Ill-posed constraints:
CONSTRAINTS VIOLATION: Arch: Eyeriss_Constrained_13L_tile1_512x16 -> Level: InRegister: memory footprint: 2790 VS memory available: 400
CONSTRAINTS VIOLATION: Arch: Eyeriss_Constrained_13L_tile1_512x16 -> Level: WRegister: memory footprint: 2787 VS memory available: 1200",0.000e+00,0.000e+00,0.00e+00,0,0.0,0.0,
vgg16_13layer_2026-02-25T17:20:10.753128,vgg16,13layer,full,13,eyeriss,thesis_arch,1056,524,128,32,4,1,False,False,"Ill-posed constraints:
CONSTRAINTS VIOLATION: Arch: Eyeriss_Constrained_13L_tile1_4x32 -> Level: InRegister: memory footprint: 1398 VS memory available: 400
CONSTRAINTS VIOLATION: Arch: Eyeriss_Constrained_13L_tile1_4x32 -> Level: WRegister: memory footprint: 153240 VS memory available: 1200
CONSTRAINTS VIOLATION: Arch: Eyeriss_Constrained_13L_tile1_4x32 -> Level: IntermediateRegister: memory footprint: 920 VS memory available: 350
CONSTRAINTS VIOLATION: Arch: Eyeriss_Constrained_13L_tile1_4x32 -> Level: OutRegister: memory footprint: 128 VS memory available: 64",0.000e+00,0.000e+00,0.00e+00,0,0.0,0.0,
vgg16_13layer_2026-02-25T17:20:11.036968,vgg16,13layer,full,13,eyeriss,thesis_arch,1056,524,128,32,16,1,False,False,"Ill-posed constraints:
CONSTRAINTS VIOLATION: Arch: Eyeriss_Constrained_13L_tile1_16x32 -> Level: InRegister: memory footprint: 1398 VS memory available: 400
CONSTRAINTS VIOLATION: Arch: Eyeriss_Constrained_13L_tile1_16x32 -> Level: WRegister: memory footprint: 38310 VS memory available: 1200",0.000e+00,0.000e+00,0.00e+00,0,0.0,0.0,
vgg16_13layer_2026-02-25T17:20:11.325771,vgg16,13layer,full,13,eyeriss,thesis_arch,1056,524,128,32,32,1,False,False,"Ill-posed constraints:
CONSTRAINTS VIOLATION: Arch: Eyeriss_Constrained_13L_tile1_32x32 -> Level: InRegister: memory footprint: 1398 VS memory available: 400
CONSTRAINTS VIOLATION: Arch: Eyeriss_Constrained_13L_tile1_32x32 -> Level: WRegister: memory footprint: 19155 VS memory available: 1200",0.000e+00,0.000e+00,0.00e+00,0,0.0,0.0,
vgg16_13layer_2026-02-25T17:20:11.663677,vgg16,13layer,full,13,eyeriss,thesis_arch,1056,524,128,32,64,1,False,False,"Ill-posed constraints:
CONSTRAINTS VIOLATION: Arch: Eyeriss_Constrained_13L_tile1_64x32 -> Level: InRegister: memory footprint: 1398 VS memory available: 400
CONSTRAINTS VIOLATION: Arch: Eyeriss_Constrained_13L_tile1_64x32 -> Level: WRegister: memory footprint: 9579 VS memory available: 1200",0.000e+00,0.000e+00,0.00e+00,0,0.0,0.0,
vgg16_13layer_2026-02-25T17:20:11.981836,vgg16,13layer,full,13,eyeriss,thesis_arch,1056,524,128,32,128,1,False,False,"Ill-posed constraints:
CONSTRAINTS VIOLATION: Arch: Eyeriss_Constrained_13L_tile1_128x32 -> Level: InRegister: memory footprint: 1398 VS memory available: 400
CONSTRAINTS VIOLATION: Arch: Eyeriss_Constrained_13L_tile1_128x32 -> Level: WRegister: memory footprint: 4803 VS memory available: 1200",0.000e+00,0.000e+00,0.00e+00,0,0.0,0.0,
vgg16_13layer_2026-02-25T17:20:12.336925,vgg16,13layer,full,13,eyeriss,thesis_arch,1056,524,128,32,256,1,False,False,"Ill-posed constraints:
CONSTRAINTS VIOLATION: Arch: Eyeriss_Constrained_13L_tile1_256x32 -> Level: InRegister: memory footprint: 1398 VS memory available: 400
CONSTRAINTS VIOLATION: Arch: Eyeriss_Constrained_13L_tile1_256x32 -> Level: WRegister: memory footprint: 2451 VS memory available: 1200",0.000e+00,0.000e+00,0.00e+00,0,0.0,0.0,
vgg16_13layer_2026-02-25T17:20:12.629211,vgg16,13layer,full,13,eyeriss,thesis_arch,1056,524,128,32,512,1,False,False,"Ill-posed constraints:
CONSTRAINTS VIOLATION: Arch: Eyeriss_Constrained_13L_tile1_512x32 -> Level: InRegister: memory footprint: 1398 VS memory available: 400
CONSTRAINTS VIOLATION: Arch: Eyeriss_Constrained_13L_tile1_512x32 -> Level: WRegister: memory footprint: 1395 VS memory available: 1200",0.000e+00,0.000e+00,0.00e+00,0,0.0,0.0,
vgg16_13layer_2026-02-25T17:20:13.003125,vgg16,13layer,full,13,eyeriss,thesis_arch,1056,524,128,64,4,1,False,False,"Ill-posed constraints:
CONSTRAINTS VIOLATION: Arch: Eyeriss_Constrained_13L_tile1_4x64 -> Level: InRegister: memory footprint: 702 VS memory available: 400
CONSTRAINTS VIOLATION: Arch: Eyeriss_Constrained_13L_tile1_4x64 -> Level: WRegister: memory footprint: 76620 VS memory available: 1200
CONSTRAINTS VIOLATION: Arch: Eyeriss_Constrained_13L_tile1_4x64 -> Level: IntermediateRegister: memory footprint: 916 VS memory available: 350
CONSTRAINTS VIOLATION: Arch: Eyeriss_Constrained_13L_tile1_4x64 -> Level: OutRegister: memory footprint: 128 VS memory available: 64",0.000e+00,0.000e+00,0.00e+00,0,0.0,0.0,
vgg16_13layer_2026-02-25T17:20:13.355845,vgg16,13layer,full,13,eyeriss,thesis_arch,1056,524,128,64,16,1,False,False,"Ill-posed constraints:
CONSTRAINTS VIOLATION: Arch: Eyeriss_Constrained_13L_tile1_16x64 -> Level: InRegister: memory footprint: 702 VS memory available: 400
CONSTRAINTS VIOLATION: Arch: Eyeriss_Constrained_13L_tile1_16x64 -> Level: WRegister: memory footprint: 19155 VS memory available: 1200",0.000e+00,0.000e+00,0.00e+00,0,0.0,0.0,
vgg16_13layer_2026-02-25T17:20:13.634146,vgg16,13layer,full,13,eyeriss,thesis_arch,1056,524,128,64,32,1,False,False,"Ill-posed constraints:
CONSTRAINTS VIOLATION: Arch: Eyeriss_Constrained_13L_tile1_32x64 -> Level: InRegister: memory footprint: 702 VS memory available: 400
CONSTRAINTS VIOLATION: Arch: Eyeriss_Constrained_13L_tile1_32x64 -> Level: WRegister: memory footprint: 9579 VS memory available: 1200",0.000e+00,0.000e+00,0.00e+00,0,0.0,0.0,
vgg16_13layer_2026-02-25T17:20:13.909737,vgg16,13layer,full,13,eyeriss,thesis_arch,1056,524,128,64,64,1,False,False,"Ill-posed constraints:
CONSTRAINTS VIOLATION: Arch: Eyeriss_Constrained_13L_tile1_64x64 -> Level: InRegister: memory footprint: 702 VS memory available: 400
CONSTRAINTS VIOLATION: Arch: Eyeriss_Constrained_13L_tile1_64x64 -> Level: WRegister: memory footprint: 4791 VS memory available: 1200",0.000e+00,0.000e+00,0.00e+00,0,0.0,0.0,
vgg16_13layer_2026-02-25T17:20:14.216062,vgg16,13layer,full,13,eyeriss,thesis_arch,1056,524,128,64,128,1,False,False,"Ill-posed constraints:
CONSTRAINTS VIOLATION: Arch: Eyeriss_Constrained_13L_tile1_128x64 -> Level: InRegister: memory footprint: 702 VS memory available: 400
CONSTRAINTS VIOLATION: Arch: Eyeriss_Constrained_13L_tile1_128x64 -> Level: WRegister: memory footprint: 2403 VS memory available: 1200",0.000e+00,0.000e+00,0.00e+00,0,0.0,0.0,
vgg16_13layer_2026-02-25T17:20:14.597215,vgg16,13layer,full,13,eyeriss,thesis_arch,1056,524,128,64,256,1,False,False,"Ill-posed constraints:
CONSTRAINTS VIOLATION: Arch: Eyeriss_Constrained_13L_tile1_256x64 -> Level: InRegister: memory footprint: 702 VS memory available: 400
CONSTRAINTS VIOLATION: Arch: Eyeriss_Constrained_13L_tile1_256x64 -> Level: WRegister: memory footprint: 1227 VS memory available: 1200",0.000e+00,0.000e+00,0.00e+00,0,0.0,0.0,
vgg16_13layer_2026-02-25T17:20:14.936061,vgg16,13layer,full,13,eyeriss,thesis_arch,1056,524,128,128,4,1,False,False,"Ill-posed constraints:
CONSTRAINTS VIOLATION: Arch: Eyeriss_Constrained_13L_tile1_4x128 -> Level: WRegister: memory footprint: 38310 VS memory available: 1200
CONSTRAINTS VIOLATION: Arch: Eyeriss_Constrained_13L_tile1_4x128 -> Level: IntermediateRegister: memory footprint: 914 VS memory available: 350
CONSTRAINTS VIOLATION: Arch: Eyeriss_Constrained_13L_tile1_4x128 -> Level: OutRegister: memory footprint: 128 VS memory available: 64",0.000e+00,0.000e+00,0.00e+00,0,0.0,0.0,
vgg16_13layer_2026-02-25T17:20:15.186528,vgg16,13layer,full,13,eyeriss,thesis_arch,1056,524,128,128,16,1,False,False,"Ill-posed constraints:
CONSTRAINTS VIOLATION: Arch: Eyeriss_Constrained_13L_tile1_16x128 -> Level: WRegister: memory footprint: 9579 VS memory available: 1200",0.000e+00,0.000e+00,0.00e+00,0,0.0,0.0,
vgg16_13layer_2026-02-25T17:20:15.557206,vgg16,13layer,full,13,eyeriss,thesis_arch,1056,524,128,128,32,1,False,False,"Ill-posed constraints:
CONSTRAINTS VIOLATION: Arch: Eyeriss_Constrained_13L_tile1_32x128 -> Level: WRegister: memory footprint: 4791 VS memory available: 1200",0.000e+00,0.000e+00,0.00e+00,0,0.0,0.0,
vgg16_13layer_2026-02-25T17:20:15.914318,vgg16,13layer,full,13,eyeriss,thesis_arch,1056,524,128,128,64,1,False,False,"Ill-posed constraints:
CONSTRAINTS VIOLATION: Arch: Eyeriss_Constrained_13L_tile1_64x128 -> Level: WRegister: memory footprint: 2397 VS memory available: 1200",0.000e+00,0.000e+00,0.00e+00,0,0.0,0.0,
vgg16_13layer_2026-02-25T17:20:16.187680,vgg16,13layer,full,13,eyeriss,thesis_arch,1056,524,128,128,128,1,False,False,"Ill-posed constraints:
CONSTRAINTS VIOLATION: Arch: Eyeriss_Constrained_13L_tile1_128x128 -> Level: WRegister: memory footprint: 1203 VS memory available: 1200",0.000e+00,0.000e+00,0.00e+00,0,0.0,0.0,
vgg16_13layer_2026-02-25T17:20:16.459055,vgg16,13layer,full,13,eyeriss,thesis_arch,1056,524,128,256,4,1,False,False,"Ill-posed constraints:
CONSTRAINTS VIOLATION: Arch: Eyeriss_Constrained_13L_tile1_4x256 -> Level: WRegister: memory footprint: 19155 VS memory available: 1200
CONSTRAINTS VIOLATION: Arch: Eyeriss_Constrained_13L_tile1_4x256 -> Level: IntermediateRegister: memory footprint: 913 VS memory available: 350
CONSTRAINTS VIOLATION: Arch: Eyeriss_Constrained_13L_tile1_4x256 -> Level: OutRegister: memory footprint: 128 VS memory available: 64",0.000e+00,0.000e+00,0.00e+00,0,0.0,0.0,
vgg16_13layer_2026-02-25T17:20:16.769398,vgg16,13layer,full,13,eyeriss,thesis_arch,1056,524,128,256,16,1,False,False,"Ill-posed constraints:
CONSTRAINTS VIOLATION: Arch: Eyeriss_Constrained_13L_tile1_16x256 -> Level: WRegister: memory footprint: 4791 VS memory available: 1200",0.000e+00,0.000e+00,0.00e+00,0,0.0,0.0,
vgg16_13layer_2026-02-25T17:20:17.433139,vgg16,13layer,full,13,eyeriss,thesis_arch,1056,524,128,256,32,1,False,False,"Ill-posed constraints:
CONSTRAINTS VIOLATION: Arch: Eyeriss_Constrained_13L_tile1_32x256 -> Level: WRegister: memory footprint: 2397 VS memory available: 1200",0.000e+00,0.000e+00,0.00e+00,0,0.0,0.0,
vgg16_13layer_2026-02-25T17:20:17.922523,vgg16,13layer,full,13,eyeriss,thesis_arch,1056,524,128,256,64,1,False,True,,1.623e+05,5.455e+06,9.04e+05,"(38378878656, 17383525376)",0.0011136217508465052,0.39268946647644043,DRAM[P=14 Q=14 Z12=1 C12=1 R12=1 S12=1 Y11=14 X11=14 Z11=1 C11=1 R11=1 S11=1 Y10=14 X10=14 Z10=1 C10=1 R10=1 S10=1 Y9=28 X9=28 Z9=1 C9=1 R9=1 S9=1 Y8=28 X8=28 Z8=1 C8=1 R8=1 S8=1 Y7=28 X7=28 Z7=1 C7=1 R7=1 S7=1 Y6=56 X6=56 Z6=1 C6=1 R6=1 S6=1 Y5=56 X5=56 Z5=1 C5=1 R5=1 S5=1 Y4=56 X4=56 Z4=1 C4=1 R4=1 S4=1 Y3=112 X3=112 Z3=1 C3=1 R3=1 S3=1 Y2=112 X2=112 Z2=1 C2=1 R2=1 S2=1 Y1=224 X1=224 Z1=1 C1=1 R1=1 S1=1 Y0=224 X0=224 Z0=1 C0=1 R0=1 S0=1] GlobalBuffer[P=1 Q=1 Z12=1 C12=1 R12=1 S12=1 Y11=1 X11=1 Z11=1 C11=1 R11=1 S11=1 Y10=1 X10=1 Z10=1 C10=1 R10=1 S10=1 Y9=1 X9=1 Z9=1 C9=1 R9=1 S9=1 Y8=1 X8=1 Z8=1 C8=1 R8=1 S8=1 Y7=1 X7=1 Z7=1 C7=1 R7=1 S7=1 Y6=1 X6=1 Z6=1 C6=1 R6=1 S6=1 Y5=1 X5=1 Z5=1 C5=1 R5=1 S5=1 Y4=1 X4=1 Z4=1 C4=1 R4=1 S4=1 Y3=1 X3=1 Z3=1 C3=1 R3=1 S3=1 Y2=1 X2=1 Z2=1 C2=1 R2=1 S2=1 Y1=1 X1=1 Z1=1 C1=1 R1=1 S1=1 Y0=1 X0=1 Z0=1 C0=1 R0=1 S0=1] SACols[Q=1 Z12=64] SARows[S12=3 C12=64 Z12=1] SACols_11[X11=1 Z11=64] SARows_11[S11=3 C11=64 Z11=1] SACols_10[X10=1 Z10=64] SARows_10[S10=3 C10=64 Z10=1] SACols_9[X9=1 Z9=64] SARows_9[S9=3 C9=64 Z9=1] SACols_8[X8=1 Z8=64] SARows_8[S8=3 C8=64 Z8=1] SACols_7[X7=1 Z7=64] SARows_7[S7=3 C7=64 Z7=1] SACols_6[X6=1 Z6=64] SARows_6[S6=3 C6=64 Z6=1] SACols_5[X5=1 Z5=64] SARows_5[S5=3 C5=64 Z5=1] SACols_4[X4=1 Z4=64] SARows_4[S4=3 C4=64 Z4=1] SACols_3[X3=1 Z3=64] SARows_3[S3=3 C3=64 Z3=1] SACols_2[X2=1 Z2=64] SARows_2[S2=3 C2=64 Z2=1] SACols_1[X1=1 Z1=64] SARows_1[S1=3 C1=64 Z1=1] SACols_0[X0=1 Z0=64] SARows_0[S0=3 C0=3 Z0=1] InRegister[P=1 Q=1 Z12=1 C12=1 R12=1 S12=1 Y11=1 X11=1 Z11=1 C11=1 R11=1 S11=1 Y10=1 X10=1 Z10=1 C10=1 R10=1 S10=1 Y9=1 X9=1 Z9=1 C9=1 R9=1 S9=1 Y8=1 X8=1 Z8=1 C8=1 R8=1 S8=1 Y7=1 X7=1 Z7=1 C7=1 R7=1 S7=1 Y6=1 X6=1 Z6=1 C6=1 R6=1 S6=1 Y5=1 X5=1 Z5=1 C5=1 R5=1 S5=1 Y4=1 X4=1 Z4=1 C4=1 R4=1 S4=1 Y3=1 X3=1 Z3=1 C3=1 R3=1 S3=1 Y2=1 X2=1 Z2=1 C2=1 R2=1 S2=1 Y1=1 X1=1 Z1=1 C1=1 R1=1 S1=1 Y0=1 X0=1 Z0=1 C0=1 R0=1 S0=1] WRegister[P=1 Q=1 Z12=1 C12=8 R12=3 S12=1 Y11=1 X11=1 Z11=1 C11=8 R11=3 S11=1 Y10=1 X10=1 Z10=1 C10=8 R10=3 S10=1 Y9=1 X9=1 Z9=1 C9=8 R9=3 S9=1 Y8=1 X8=1 Z8=1 C8=8 R8=3 S8=1 Y7=1 X7=1 Z7=1 C7=4 R7=3 S7=1 Y6=1 X6=1 Z6=1 C6=4 R6=3 S6=1 Y5=1 X5=1 Z5=1 C5=4 R5=3 S5=1 Y4=1 X4=1 Z4=1 C4=2 R4=3 S4=1 Y3=1 X3=1 Z3=1 C3=2 R3=3 S3=1 Y2=1 X2=1 Z2=1 C2=1 R2=3 S2=1 Y1=1 X1=1 Z1=1 C1=1 R1=3 S1=1 Y0=1 X0=1 Z0=1 C0=1 R0=3 S0=1] IntermediateRegister[P=1 Q=1 Z12=1 C12=1 R12=1 S12=1 Y11=1 X11=1 Z11=8 C11=1 R11=1 S11=1 Y10=1 X10=1 Z10=8 C10=1 R10=1 S10=1 Y9=1 X9=1 Z9=8 C9=1 R9=1 S9=1 Y8=1 X8=1 Z8=8 C8=1 R8=1 S8=1 Y7=1 X7=1 Z7=8 C7=1 R7=1 S7=1 Y6=1 X6=1 Z6=4 C6=1 R6=1 S6=1 Y5=1 X5=1 Z5=4 C5=1 R5=1 S5=1 Y4=1 X4=1 Z4=4 C4=1 R4=1 S4=1 Y3=1 X3=1 Z3=2 C3=1 R3=1 S3=1 Y2=1 X2=1 Z2=2 C2=1 R2=1 S2=1 Y1=1 X1=1 Z1=1 C1=1 R1=1 S1=1 Y0=1 X0=1 Z0=1 C0=1 R0=1 S0=1] OutRegister[P=1 Q=1 Z12=8 C12=1 R12=1 S12=1 Y11=1 X11=1 Z11=1 C11=1 R11=1 S11=1 Y10=1 X10=1 Z10=1 C10=1 R10=1 S10=1 Y9=1 X9=1 Z9=1 C9=1 R9=1 S9=1 Y8=1 X8=1 Z8=1 C8=1 R8=1 S8=1 Y7=1 X7=1 Z7=1 C7=1 R7=1 S7=1 Y6=1 X6=1 Z6=1 C6=1 R6=1 S6=1 Y5=1 X5=1 Z5=1 C5=1 R5=1 S5=1 Y4=1 X4=1 Z4=1 C4=1 R4=1 S4=1 Y3=1 X3=1 Z3=1 C3=1 R3=1 S3=1 Y2=1 X2=1 Z2=1 C2=1 R2=1 S2=1 Y1=1 X1=1 Z1=1 C1=1 R1=1 S1=1 Y0=1 X0=1 Z0=1 C0=1 R0=1 S0=1] Compute] 
vgg16_13layer_2026-02-25T17:20:18.688975,vgg16,13layer,full,13,eyeriss,thesis_arch,1056,524,128,512,4,1,False,False,"Ill-posed constraints:
CONSTRAINTS VIOLATION: Arch: Eyeriss_Constrained_13L_tile1_4x512 -> Level: WRegister: memory footprint: 9579 VS memory available: 1200
CONSTRAINTS VIOLATION: Arch: Eyeriss_Constrained_13L_tile1_4x512 -> Level: IntermediateRegister: memory footprint: 889 VS memory available: 350
CONSTRAINTS VIOLATION: Arch: Eyeriss_Constrained_13L_tile1_4x512 -> Level: OutRegister: memory footprint: 128 VS memory available: 64",0.000e+00,0.000e+00,0.00e+00,0,0.0,0.0,
vgg16_13layer_2026-02-25T17:20:19.032966,vgg16,13layer,full,13,eyeriss,thesis_arch,1056,524,128,512,16,1,False,False,"Ill-posed constraints:
CONSTRAINTS VIOLATION: Arch: Eyeriss_Constrained_13L_tile1_16x512 -> Level: WRegister: memory footprint: 2397 VS memory available: 1200",0.000e+00,0.000e+00,0.00e+00,0,0.0,0.0,
vgg16_13layer_2026-02-25T17:20:19.314062,vgg16,13layer,full,13,eyeriss,thesis_arch,1056,524,128,512,32,1,False,True,,1.632e+05,5.455e+06,9.04e+05,"(38032062144, 18423974912)",0.0011136217508465052,0.2010481357574463,DRAM[P=14 Q=14 Z12=1 C12=1 R12=1 S12=1 Y11=14 X11=14 Z11=1 C11=1 R11=1 S11=1 Y10=14 X10=14 Z10=1 C10=1 R10=1 S10=1 Y9=28 X9=28 Z9=1 C9=1 R9=1 S9=1 Y8=28 X8=28 Z8=1 C8=1 R8=1 S8=1 Y7=28 X7=28 Z7=1 C7=1 R7=1 S7=1 Y6=56 X6=56 Z6=1 C6=1 R6=1 S6=1 Y5=56 X5=56 Z5=1 C5=1 R5=1 S5=1 Y4=56 X4=56 Z4=1 C4=1 R4=1 S4=1 Y3=112 X3=112 Z3=1 C3=1 R3=1 S3=1 Y2=112 X2=112 Z2=1 C2=1 R2=1 S2=1 Y1=224 X1=224 Z1=1 C1=1 R1=1 S1=1 Y0=224 X0=224 Z0=1 C0=1 R0=1 S0=1] GlobalBuffer[P=1 Q=1 Z12=1 C12=1 R12=1 S12=1 Y11=1 X11=1 Z11=1 C11=1 R11=1 S11=1 Y10=1 X10=1 Z10=1 C10=1 R10=1 S10=1 Y9=1 X9=1 Z9=1 C9=1 R9=1 S9=1 Y8=1 X8=1 Z8=1 C8=1 R8=1 S8=1 Y7=1 X7=1 Z7=1 C7=1 R7=1 S7=1 Y6=1 X6=1 Z6=1 C6=1 R6=1 S6=1 Y5=1 X5=1 Z5=1 C5=1 R5=1 S5=1 Y4=1 X4=1 Z4=1 C4=1 R4=1 S4=1 Y3=1 X3=1 Z3=1 C3=1 R3=1 S3=1 Y2=1 X2=1 Z2=1 C2=1 R2=1 S2=1 Y1=1 X1=1 Z1=1 C1=1 R1=1 S1=1 Y0=1 X0=1 Z0=1 C0=1 R0=1 S0=1] SACols[Q=1 Z12=32] SARows[S12=3 C12=128 Z12=1] SACols_11[X11=1 Z11=32] SARows_11[S11=3 C11=128 Z11=1] SACols_10[X10=1 Z10=32] SARows_10[S10=3 C10=128 Z10=1] SACols_9[X9=1 Z9=32] SARows_9[S9=3 C9=128 Z9=1] SACols_8[X8=1 Z8=32] SARows_8[S8=3 C8=128 Z8=1] SACols_7[X7=1 Z7=32] SARows_7[S7=3 C7=128 Z7=1] SACols_6[X6=1 Z6=32] SARows_6[S6=3 C6=128 Z6=1] SACols_5[X5=1 Z5=32] SARows_5[S5=3 C5=128 Z5=1] SACols_4[X4=1 Z4=32] SARows_4[S4=3 C4=128 Z4=1] SACols_3[X3=1 Z3=32] SARows_3[S3=3 C3=128 Z3=1] SACols_2[X2=1 Z2=32] SARows_2[S2=3 C2=64 Z2=2] SACols_1[X1=1 Z1=32] SARows_1[S1=3 C1=64 Z1=2] SACols_0[X0=1 Z0=32] SARows_0[S0=3 C0=3 Z0=2] InRegister[P=1 Q=1 Z12=1 C12=1 R12=1 S12=1 Y11=1 X11=1 Z11=1 C11=1 R11=1 S11=1 Y10=1 X10=1 Z10=1 C10=1 R10=1 S10=1 Y9=1 X9=1 Z9=1 C9=1 R9=1 S9=1 Y8=1 X8=1 Z8=1 C8=1 R8=1 S8=1 Y7=1 X7=1 Z7=1 C7=1 R7=1 S7=1 Y6=1 X6=1 Z6=1 C6=1 R6=1 S6=1 Y5=1 X5=1 Z5=1 C5=1 R5=1 S5=1 Y4=1 X4=1 Z4=1 C4=1 R4=1 S4=1 Y3=1 X3=1 Z3=1 C3=1 R3=1 S3=1 Y2=1 X2=1 Z2=1 C2=1 R2=1 S2=1 Y1=1 X1=1 Z1=1 C1=1 R1=1 S1=1 Y0=1 X0=1 Z0=1 C0=1 R0=1 S0=1] WRegister[P=1 Q=1 Z12=1 C12=4 R12=3 S12=1 Y11=1 X11=1 Z11=1 C11=4 R11=3 S11=1 Y10=1 X10=1 Z10=1 C10=4 R10=3 S10=1 Y9=1 X9=1 Z9=1 C9=4 R9=3 S9=1 Y8=1 X8=1 Z8=1 C8=4 R8=3 S8=1 Y7=1 X7=1 Z7=1 C7=2 R7=3 S7=1 Y6=1 X6=1 Z6=1 C6=2 R6=3 S6=1 Y5=1 X5=1 Z5=1 C5=2 R5=3 S5=1 Y4=1 X4=1 Z4=1 C4=1 R4=3 S4=1 Y3=1 X3=1 Z3=1 C3=1 R3=3 S3=1 Y2=1 X2=1 Z2=1 C2=1 R2=3 S2=1 Y1=1 X1=1 Z1=1 C1=1 R1=3 S1=1 Y0=1 X0=1 Z0=1 C0=1 R0=3 S0=1] IntermediateRegister[P=1 Q=1 Z12=1 C12=1 R12=1 S12=1 Y11=1 X11=1 Z11=16 C11=1 R11=1 S11=1 Y10=1 X10=1 Z10=16 C10=1 R10=1 S10=1 Y9=1 X9=1 Z9=16 C9=1 R9=1 S9=1 Y8=1 X8=1 Z8=16 C8=1 R8=1 S8=1 Y7=1 X7=1 Z7=16 C7=1 R7=1 S7=1 Y6=1 X6=1 Z6=8 C6=1 R6=1 S6=1 Y5=1 X5=1 Z5=8 C5=1 R5=1 S5=1 Y4=1 X4=1 Z4=8 C4=1 R4=1 S4=1 Y3=1 X3=1 Z3=4 C3=1 R3=1 S3=1 Y2=1 X2=1 Z2=2 C2=1 R2=1 S2=1 Y1=1 X1=1 Z1=1 C1=1 R1=1 S1=1 Y0=1 X0=1 Z0=1 C0=1 R0=1 S0=1] OutRegister[P=1 Q=1 Z12=16 C12=1 R12=1 S12=1 Y11=1 X11=1 Z11=1 C11=1 R11=1 S11=1 Y10=1 X10=1 Z10=1 C10=1 R10=1 S10=1 Y9=1 X9=1 Z9=1 C9=1 R9=1 S9=1 Y8=1 X8=1 Z8=1 C8=1 R8=1 S8=1 Y7=1 X7=1 Z7=1 C7=1 R7=1 S7=1 Y6=1 X6=1 Z6=1 C6=1 R6=1 S6=1 Y5=1 X5=1 Z5=1 C5=1 R5=1 S5=1 Y4=1 X4=1 Z4=1 C4=1 R4=1 S4=1 Y3=1 X3=1 Z3=1 C3=1 R3=1 S3=1 Y2=1 X2=1 Z2=1 C2=1 R2=1 S2=1 Y1=1 X1=1 Z1=1 C1=1 R1=1 S1=1 Y0=1 X0=1 Z0=1 C0=1 R0=1 S0=1] Compute] 
vgg16_13layer_2026-02-25T17:20:19.876174,vgg16,13layer,full,13,eyeriss,thesis_arch,1056,524,128,4,4,1,False,False,"Ill-posed constraints:
CONSTRAINTS VIOLATION: Arch: Eyeriss_Constrained_13L_tile1_4x4 -> Level: InRegister: memory footprint: 11152 VS memory available: 400
CONSTRAINTS VIOLATION: Arch: Eyeriss_Constrained_13L_tile1_4x4 -> Level: WRegister: memory footprint: 1225872 VS memory available: 2400
CONSTRAINTS VIOLATION: Arch: Eyeriss_Constrained_13L_tile1_4x4 -> Level: IntermediateRegister: memory footprint: 928 VS memory available: 350
CONSTRAINTS VIOLATION: Arch: Eyeriss_Constrained_13L_tile1_4x4 -> Level: OutRegister: memory footprint: 128 VS memory available: 64",0.000e+00,0.000e+00,0.00e+00,0,0.0,0.0,
vgg16_13layer_2026-02-25T17:20:20.239550,vgg16,13layer,full,13,eyeriss,thesis_arch,1056,524,128,4,16,1,False,False,"Ill-posed constraints:
CONSTRAINTS VIOLATION: Arch: Eyeriss_Constrained_13L_tile1_16x4 -> Level: InRegister: memory footprint: 11152 VS memory available: 400
CONSTRAINTS VIOLATION: Arch: Eyeriss_Constrained_13L_tile1_16x4 -> Level: WRegister: memory footprint: 306468 VS memory available: 2400",0.000e+00,0.000e+00,0.00e+00,0,0.0,0.0,
vgg16_13layer_2026-02-25T17:20:20.557698,vgg16,13layer,full,13,eyeriss,thesis_arch,1056,524,128,4,32,1,False,False,"Ill-posed constraints:
CONSTRAINTS VIOLATION: Arch: Eyeriss_Constrained_13L_tile1_32x4 -> Level: InRegister: memory footprint: 11152 VS memory available: 400
CONSTRAINTS VIOLATION: Arch: Eyeriss_Constrained_13L_tile1_32x4 -> Level: WRegister: memory footprint: 153234 VS memory available: 2400",0.000e+00,0.000e+00,0.00e+00,0,0.0,0.0,
vgg16_13layer_2026-02-25T17:20:20.925429,vgg16,13layer,full,13,eyeriss,thesis_arch,1056,524,128,4,64,1,False,False,"Ill-posed constraints:
CONSTRAINTS VIOLATION: Arch: Eyeriss_Constrained_13L_tile1_64x4 -> Level: InRegister: memory footprint: 11152 VS memory available: 400
CONSTRAINTS VIOLATION: Arch: Eyeriss_Constrained_13L_tile1_64x4 -> Level: WRegister: memory footprint: 76617 VS memory available: 2400",0.000e+00,0.000e+00,0.00e+00,0,0.0,0.0,
vgg16_13layer_2026-02-25T17:20:21.214413,vgg16,13layer,full,13,eyeriss,thesis_arch,1056,524,128,4,128,1,False,False,"Ill-posed constraints:
CONSTRAINTS VIOLATION: Arch: Eyeriss_Constrained_13L_tile1_128x4 -> Level: InRegister: memory footprint: 11152 VS memory available: 400
CONSTRAINTS VIOLATION: Arch: Eyeriss_Constrained_13L_tile1_128x4 -> Level: WRegister: memory footprint: 38409 VS memory available: 2400",0.000e+00,0.000e+00,0.00e+00,0,0.0,0.0,
vgg16_13layer_2026-02-25T17:20:21.603407,vgg16,13layer,full,13,eyeriss,thesis_arch,1056,524,128,4,256,1,False,False,"Ill-posed constraints:
CONSTRAINTS VIOLATION: Arch: Eyeriss_Constrained_13L_tile1_256x4 -> Level: InRegister: memory footprint: 11152 VS memory available: 400
CONSTRAINTS VIOLATION: Arch: Eyeriss_Constrained_13L_tile1_256x4 -> Level: WRegister: memory footprint: 19593 VS memory available: 2400",0.000e+00,0.000e+00,0.00e+00,0,0.0,0.0,
vgg16_13layer_2026-02-25T17:20:21.917320,vgg16,13layer,full,13,eyeriss,thesis_arch,1056,524,128,4,512,1,False,False,"Ill-posed constraints:
CONSTRAINTS VIOLATION: Arch: Eyeriss_Constrained_13L_tile1_512x4 -> Level: InRegister: memory footprint: 11152 VS memory available: 400
CONSTRAINTS VIOLATION: Arch: Eyeriss_Constrained_13L_tile1_512x4 -> Level: WRegister: memory footprint: 11145 VS memory available: 2400",0.000e+00,0.000e+00,0.00e+00,0,0.0,0.0,
vgg16_13layer_2026-02-25T17:20:22.270487,vgg16,13layer,full,13,eyeriss,thesis_arch,1056,524,128,16,4,1,False,False,"Ill-posed constraints:
CONSTRAINTS VIOLATION: Arch: Eyeriss_Constrained_13L_tile1_4x16 -> Level: InRegister: memory footprint: 2790 VS memory available: 400
CONSTRAINTS VIOLATION: Arch: Eyeriss_Constrained_13L_tile1_4x16 -> Level: WRegister: memory footprint: 306480 VS memory available: 2400
CONSTRAINTS VIOLATION: Arch: Eyeriss_Constrained_13L_tile1_4x16 -> Level: IntermediateRegister: memory footprint: 928 VS memory available: 350
CONSTRAINTS VIOLATION: Arch: Eyeriss_Constrained_13L_tile1_4x16 -> Level: OutRegister: memory footprint: 128 VS memory available: 64",0.000e+00,0.000e+00,0.00e+00,0,0.0,0.0,
vgg16_13layer_2026-02-25T17:20:22.551313,vgg16,13layer,full,13,eyeriss,thesis_arch,1056,524,128,16,16,1,False,False,"Ill-posed constraints:
CONSTRAINTS VIOLATION: Arch: Eyeriss_Constrained_13L_tile1_16x16 -> Level: InRegister: memory footprint: 2790 VS memory available: 400
CONSTRAINTS VIOLATION: Arch: Eyeriss_Constrained_13L_tile1_16x16 -> Level: WRegister: memory footprint: 76620 VS memory available: 2400",0.000e+00,0.000e+00,0.00e+00,0,0.0,0.0,
vgg16_13layer_2026-02-25T17:20:22.847286,vgg16,13layer,full,13,eyeriss,thesis_arch,1056,524,128,16,32,1,False,False,"Ill-posed constraints:
CONSTRAINTS VIOLATION: Arch: Eyeriss_Constrained_13L_tile1_32x16 -> Level: InRegister: memory footprint: 2790 VS memory available: 400
CONSTRAINTS VIOLATION: Arch: Eyeriss_Constrained_13L_tile1_32x16 -> Level: WRegister: memory footprint: 38310 VS memory available: 2400",0.000e+00,0.000e+00,0.00e+00,0,0.0,0.0,
vgg16_13layer_2026-02-25T17:20:23.221933,vgg16,13layer,full,13,eyeriss,thesis_arch,1056,524,128,16,64,1,False,False,"Ill-posed constraints:
CONSTRAINTS VIOLATION: Arch: Eyeriss_Constrained_13L_tile1_64x16 -> Level: InRegister: memory footprint: 2790 VS memory available: 400
CONSTRAINTS VIOLATION: Arch: Eyeriss_Constrained_13L_tile1_64x16 -> Level: WRegister: memory footprint: 19155 VS memory available: 2400",0.000e+00,0.000e+00,0.00e+00,0,0.0,0.0,
vgg16_13layer_2026-02-25T17:20:23.570265,vgg16,13layer,full,13,eyeriss,thesis_arch,1056,524,128,16,128,1,False,False,"Ill-posed constraints:
CONSTRAINTS VIOLATION: Arch: Eyeriss_Constrained_13L_tile1_128x16 -> Level: InRegister: memory footprint: 2790 VS memory available: 400
CONSTRAINTS VIOLATION: Arch: Eyeriss_Constrained_13L_tile1_128x16 -> Level: WRegister: memory footprint: 9603 VS memory available: 2400",0.000e+00,0.000e+00,0.00e+00,0,0.0,0.0,
vgg16_13layer_2026-02-25T17:20:23.832431,vgg16,13layer,full,13,eyeriss,thesis_arch,1056,524,128,16,256,1,False,False,"Ill-posed constraints:
CONSTRAINTS VIOLATION: Arch: Eyeriss_Constrained_13L_tile1_256x16 -> Level: InRegister: memory footprint: 2790 VS memory available: 400
CONSTRAINTS VIOLATION: Arch: Eyeriss_Constrained_13L_tile1_256x16 -> Level: WRegister: memory footprint: 4899 VS memory available: 2400",0.000e+00,0.000e+00,0.00e+00,0,0.0,0.0,
vgg16_13layer_2026-02-25T17:20:24.175949,vgg16,13layer,full,13,eyeriss,thesis_arch,1056,524,128,16,512,1,False,False,"Ill-posed constraints:
CONSTRAINTS VIOLATION: Arch: Eyeriss_Constrained_13L_tile1_512x16 -> Level: InRegister: memory footprint: 2790 VS memory available: 400
CONSTRAINTS VIOLATION: Arch: Eyeriss_Constrained_13L_tile1_512x16 -> Level: WRegister: memory footprint: 2787 VS memory available: 2400",0.000e+00,0.000e+00,0.00e+00,0,0.0,0.0,
vgg16_13layer_2026-02-25T17:20:24.555767,vgg16,13layer,full,13,eyeriss,thesis_arch,1056,524,128,32,4,1,False,False,"Ill-posed constraints:
CONSTRAINTS VIOLATION: Arch: Eyeriss_Constrained_13L_tile1_4x32 -> Level: InRegister: memory footprint: 1398 VS memory available: 400
CONSTRAINTS VIOLATION: Arch: Eyeriss_Constrained_13L_tile1_4x32 -> Level: WRegister: memory footprint: 153240 VS memory available: 2400
CONSTRAINTS VIOLATION: Arch: Eyeriss_Constrained_13L_tile1_4x32 -> Level: IntermediateRegister: memory footprint: 920 VS memory available: 350
CONSTRAINTS VIOLATION: Arch: Eyeriss_Constrained_13L_tile1_4x32 -> Level: OutRegister: memory footprint: 128 VS memory available: 64",0.000e+00,0.000e+00,0.00e+00,0,0.0,0.0,
vgg16_13layer_2026-02-25T17:20:24.827219,vgg16,13layer,full,13,eyeriss,thesis_arch,1056,524,128,32,16,1,False,False,"Ill-posed constraints:
CONSTRAINTS VIOLATION: Arch: Eyeriss_Constrained_13L_tile1_16x32 -> Level: InRegister: memory footprint: 1398 VS memory available: 400
CONSTRAINTS VIOLATION: Arch: Eyeriss_Constrained_13L_tile1_16x32 -> Level: WRegister: memory footprint: 38310 VS memory available: 2400",0.000e+00,0.000e+00,0.00e+00,0,0.0,0.0,
vgg16_13layer_2026-02-25T17:20:25.161741,vgg16,13layer,full,13,eyeriss,thesis_arch,1056,524,128,32,32,1,False,False,"Ill-posed constraints:
CONSTRAINTS VIOLATION: Arch: Eyeriss_Constrained_13L_tile1_32x32 -> Level: InRegister: memory footprint: 1398 VS memory available: 400
CONSTRAINTS VIOLATION: Arch: Eyeriss_Constrained_13L_tile1_32x32 -> Level: WRegister: memory footprint: 19155 VS memory available: 2400",0.000e+00,0.000e+00,0.00e+00,0,0.0,0.0,
vgg16_13layer_2026-02-25T17:20:25.507426,vgg16,13layer,full,13,eyeriss,thesis_arch,1056,524,128,32,64,1,False,False,"Ill-posed constraints:
CONSTRAINTS VIOLATION: Arch: Eyeriss_Constrained_13L_tile1_64x32 -> Level: InRegister: memory footprint: 1398 VS memory available: 400
CONSTRAINTS VIOLATION: Arch: Eyeriss_Constrained_13L_tile1_64x32 -> Level: WRegister: memory footprint: 9579 VS memory available: 2400",0.000e+00,0.000e+00,0.00e+00,0,0.0,0.0,
vgg16_13layer_2026-02-25T17:20:25.837379,vgg16,13layer,full,13,eyeriss,thesis_arch,1056,524,128,32,128,1,False,False,"Ill-posed constraints:
CONSTRAINTS VIOLATION: Arch: Eyeriss_Constrained_13L_tile1_128x32 -> Level: InRegister: memory footprint: 1398 VS memory available: 400
CONSTRAINTS VIOLATION: Arch: Eyeriss_Constrained_13L_tile1_128x32 -> Level: WRegister: memory footprint: 4803 VS memory available: 2400",0.000e+00,0.000e+00,0.00e+00,0,0.0,0.0,
vgg16_13layer_2026-02-25T17:20:26.099244,vgg16,13layer,full,13,eyeriss,thesis_arch,1056,524,128,32,256,1,False,False,"Ill-posed constraints:
CONSTRAINTS VIOLATION: Arch: Eyeriss_Constrained_13L_tile1_256x32 -> Level: InRegister: memory footprint: 1398 VS memory available: 400
CONSTRAINTS VIOLATION: Arch: Eyeriss_Constrained_13L_tile1_256x32 -> Level: WRegister: memory footprint: 2451 VS memory available: 2400",0.000e+00,0.000e+00,0.00e+00,0,0.0,0.0,
vgg16_13layer_2026-02-25T17:20:26.458855,vgg16,13layer,full,13,eyeriss,thesis_arch,1056,524,128,32,512,1,False,False,"Ill-posed constraints:
CONSTRAINTS VIOLATION: Arch: Eyeriss_Constrained_13L_tile1_512x32 -> Level: InRegister: memory footprint: 1398 VS memory available: 400",0.000e+00,0.000e+00,0.00e+00,0,0.0,0.0,
vgg16_13layer_2026-02-25T17:20:26.835990,vgg16,13layer,full,13,eyeriss,thesis_arch,1056,524,128,64,4,1,False,False,"Ill-posed constraints:
CONSTRAINTS VIOLATION: Arch: Eyeriss_Constrained_13L_tile1_4x64 -> Level: InRegister: memory footprint: 702 VS memory available: 400
CONSTRAINTS VIOLATION: Arch: Eyeriss_Constrained_13L_tile1_4x64 -> Level: WRegister: memory footprint: 76620 VS memory available: 2400
CONSTRAINTS VIOLATION: Arch: Eyeriss_Constrained_13L_tile1_4x64 -> Level: IntermediateRegister: memory footprint: 916 VS memory available: 350
CONSTRAINTS VIOLATION: Arch: Eyeriss_Constrained_13L_tile1_4x64 -> Level: OutRegister: memory footprint: 128 VS memory available: 64",0.000e+00,0.000e+00,0.00e+00,0,0.0,0.0,
vgg16_13layer_2026-02-25T17:20:27.274233,vgg16,13layer,full,13,eyeriss,thesis_arch,1056,524,128,64,16,1,False,False,"Ill-posed constraints:
CONSTRAINTS VIOLATION: Arch: Eyeriss_Constrained_13L_tile1_16x64 -> Level: InRegister: memory footprint: 702 VS memory available: 400
CONSTRAINTS VIOLATION: Arch: Eyeriss_Constrained_13L_tile1_16x64 -> Level: WRegister: memory footprint: 19155 VS memory available: 2400",0.000e+00,0.000e+00,0.00e+00,0,0.0,0.0,
vgg16_13layer_2026-02-25T17:20:27.761229,vgg16,13layer,full,13,eyeriss,thesis_arch,1056,524,128,64,32,1,False,False,"Ill-posed constraints:
CONSTRAINTS VIOLATION: Arch: Eyeriss_Constrained_13L_tile1_32x64 -> Level: InRegister: memory footprint: 702 VS memory available: 400
CONSTRAINTS VIOLATION: Arch: Eyeriss_Constrained_13L_tile1_32x64 -> Level: WRegister: memory footprint: 9579 VS memory available: 2400",0.000e+00,0.000e+00,0.00e+00,0,0.0,0.0,
vgg16_13layer_2026-02-25T17:20:28.151411,vgg16,13layer,full,13,eyeriss,thesis_arch,1056,524,128,64,64,1,False,False,"Ill-posed constraints:
CONSTRAINTS VIOLATION: Arch: Eyeriss_Constrained_13L_tile1_64x64 -> Level: InRegister: memory footprint: 702 VS memory available: 400
CONSTRAINTS VIOLATION: Arch: Eyeriss_Constrained_13L_tile1_64x64 -> Level: WRegister: memory footprint: 4791 VS memory available: 2400",0.000e+00,0.000e+00,0.00e+00,0,0.0,0.0,
vgg16_13layer_2026-02-25T17:20:28.521269,vgg16,13layer,full,13,eyeriss,thesis_arch,1056,524,128,64,128,1,False,False,"Ill-posed constraints:
CONSTRAINTS VIOLATION: Arch: Eyeriss_Constrained_13L_tile1_128x64 -> Level: InRegister: memory footprint: 702 VS memory available: 400
CONSTRAINTS VIOLATION: Arch: Eyeriss_Constrained_13L_tile1_128x64 -> Level: WRegister: memory footprint: 2403 VS memory available: 2400",0.000e+00,0.000e+00,0.00e+00,0,0.0,0.0,
vgg16_13layer_2026-02-25T17:20:28.867871,vgg16,13layer,full,13,eyeriss,thesis_arch,1056,524,128,64,256,1,False,False,"Ill-posed constraints:
CONSTRAINTS VIOLATION: Arch: Eyeriss_Constrained_13L_tile1_256x64 -> Level: InRegister: memory footprint: 702 VS memory available: 400",0.000e+00,0.000e+00,0.00e+00,0,0.0,0.0,
vgg16_13layer_2026-02-25T17:20:29.257014,vgg16,13layer,full,13,eyeriss,thesis_arch,1056,524,128,128,4,1,False,False,"Ill-posed constraints:
CONSTRAINTS VIOLATION: Arch: Eyeriss_Constrained_13L_tile1_4x128 -> Level: WRegister: memory footprint: 38310 VS memory available: 2400
CONSTRAINTS VIOLATION: Arch: Eyeriss_Constrained_13L_tile1_4x128 -> Level: IntermediateRegister: memory footprint: 914 VS memory available: 350
CONSTRAINTS VIOLATION: Arch: Eyeriss_Constrained_13L_tile1_4x128 -> Level: OutRegister: memory footprint: 128 VS memory available: 64",0.000e+00,0.000e+00,0.00e+00,0,0.0,0.0,
vgg16_13layer_2026-02-25T17:20:29.653617,vgg16,13layer,full,13,eyeriss,thesis_arch,1056,524,128,128,16,1,False,False,"Ill-posed constraints:
CONSTRAINTS VIOLATION: Arch: Eyeriss_Constrained_13L_tile1_16x128 -> Level: WRegister: memory footprint: 9579 VS memory available: 2400",0.000e+00,0.000e+00,0.00e+00,0,0.0,0.0,
vgg16_13layer_2026-02-25T17:20:29.949953,vgg16,13layer,full,13,eyeriss,thesis_arch,1056,524,128,128,32,1,False,False,"Ill-posed constraints:
CONSTRAINTS VIOLATION: Arch: Eyeriss_Constrained_13L_tile1_32x128 -> Level: WRegister: memory footprint: 4791 VS memory available: 2400",0.000e+00,0.000e+00,0.00e+00,0,0.0,0.0,
vgg16_13layer_2026-02-25T17:20:30.335111,vgg16,13layer,full,13,eyeriss,thesis_arch,1056,524,128,128,64,1,False,True,,2.470e+05,5.681e+06,1.42e+06,"(37396231872, 16400878592)",0.0022272435016930103,0.26889920234680176,DRAM[P=14 Q=14 Z12=1 C12=1 R12=1 S12=1 Y11=14 X11=14 Z11=1 C11=1 R11=1 S11=1 Y10=14 X10=14 Z10=1 C10=1 R10=1 S10=1 Y9=28 X9=28 Z9=1 C9=1 R9=1 S9=1 Y8=28 X8=28 Z8=1 C8=1 R8=1 S8=1 Y7=28 X7=28 Z7=1 C7=1 R7=1 S7=1 Y6=56 X6=56 Z6=1 C6=1 R6=1 S6=1 Y5=56 X5=56 Z5=1 C5=1 R5=1 S5=1 Y4=56 X4=56 Z4=1 C4=1 R4=1 S4=1 Y3=112 X3=112 Z3=1 C3=1 R3=1 S3=1 Y2=112 X2=112 Z2=1 C2=1 R2=1 S2=1 Y1=224 X1=224 Z1=1 C1=1 R1=1 S1=1 Y0=224 X0=224 Z0=1 C0=1 R0=1 S0=1] GlobalBuffer[P=1 Q=1 Z12=1 C12=1 R12=1 S12=1 Y11=1 X11=1 Z11=1 C11=1 R11=1 S11=1 Y10=1 X10=1 Z10=1 C10=1 R10=1 S10=1 Y9=1 X9=1 Z9=1 C9=1 R9=1 S9=1 Y8=1 X8=1 Z8=1 C8=1 R8=1 S8=1 Y7=1 X7=1 Z7=1 C7=1 R7=1 S7=1 Y6=1 X6=1 Z6=1 C6=1 R6=1 S6=1 Y5=1 X5=1 Z5=1 C5=1 R5=1 S5=1 Y4=1 X4=1 Z4=1 C4=1 R4=1 S4=1 Y3=1 X3=1 Z3=1 C3=1 R3=1 S3=1 Y2=1 X2=1 Z2=1 C2=1 R2=1 S2=1 Y1=1 X1=1 Z1=1 C1=1 R1=1 S1=1 Y0=1 X0=1 Z0=1 C0=1 R0=1 S0=1] SACols[Q=1 Z12=64] SARows[S12=3 C12=32 Z12=1] SACols_11[X11=1 Z11=64] SARows_11[S11=3 C11=32 Z11=1] SACols_10[X10=1 Z10=64] SARows_10[S10=3 C10=32 Z10=1] SACols_9[X9=1 Z9=64] SARows_9[S9=3 C9=32 Z9=1] SACols_8[X8=1 Z8=64] SARows_8[S8=3 C8=32 Z8=1] SACols_7[X7=1 Z7=64] SARows_7[S7=3 C7=32 Z7=1] SACols_6[X6=1 Z6=64] SARows_6[S6=3 C6=32 Z6=1] SACols_5[X5=1 Z5=64] SARows_5[S5=3 C5=32 Z5=1] SACols_4[X4=1 Z4=64] SARows_4[S4=3 C4=32 Z4=1] SACols_3[X3=1 Z3=64] SARows_3[S3=3 C3=32 Z3=1] SACols_2[X2=1 Z2=64] SARows_2[S2=3 C2=32 Z2=1] SACols_1[X1=1 Z1=64] SARows_1[S1=3 C1=32 Z1=1] SACols_0[X0=1 Z0=64] SARows_0[S0=3 C0=3 Z0=1] InRegister[P=1 Q=1 Z12=1 C12=1 R12=1 S12=1 Y11=1 X11=1 Z11=1 C11=1 R11=1 S11=1 Y10=1 X10=1 Z10=1 C10=1 R10=1 S10=1 Y9=1 X9=1 Z9=1 C9=1 R9=1 S9=1 Y8=1 X8=1 Z8=1 C8=1 R8=1 S8=1 Y7=1 X7=1 Z7=1 C7=1 R7=1 S7=1 Y6=1 X6=1 Z6=1 C6=1 R6=1 S6=1 Y5=1 X5=1 Z5=1 C5=1 R5=1 S5=1 Y4=1 X4=1 Z4=1 C4=1 R4=1 S4=1 Y3=1 X3=1 Z3=1 C3=1 R3=1 S3=1 Y2=1 X2=1 Z2=1 C2=1 R2=1 S2=1 Y1=1 X1=1 Z1=1 C1=1 R1=1 S1=1 Y0=1 X0=1 Z0=1 C0=1 R0=1 S0=1] WRegister[P=1 Q=1 Z12=1 C12=16 R12=3 S12=1 Y11=1 X11=1 Z11=1 C11=16 R11=3 S11=1 Y10=1 X10=1 Z10=1 C10=16 R10=3 S10=1 Y9=1 X9=1 Z9=1 C9=16 R9=3 S9=1 Y8=1 X8=1 Z8=1 C8=16 R8=3 S8=1 Y7=1 X7=1 Z7=1 C7=8 R7=3 S7=1 Y6=1 X6=1 Z6=1 C6=8 R6=3 S6=1 Y5=1 X5=1 Z5=1 C5=8 R5=3 S5=1 Y4=1 X4=1 Z4=1 C4=4 R4=3 S4=1 Y3=1 X3=1 Z3=1 C3=4 R3=3 S3=1 Y2=1 X2=1 Z2=1 C2=2 R2=3 S2=1 Y1=1 X1=1 Z1=1 C1=2 R1=3 S1=1 Y0=1 X0=1 Z0=1 C0=1 R0=3 S0=1] IntermediateRegister[P=1 Q=1 Z12=1 C12=1 R12=1 S12=1 Y11=1 X11=1 Z11=8 C11=1 R11=1 S11=1 Y10=1 X10=1 Z10=8 C10=1 R10=1 S10=1 Y9=1 X9=1 Z9=8 C9=1 R9=1 S9=1 Y8=1 X8=1 Z8=8 C8=1 R8=1 S8=1 Y7=1 X7=1 Z7=8 C7=1 R7=1 S7=1 Y6=1 X6=1 Z6=4 C6=1 R6=1 S6=1 Y5=1 X5=1 Z5=4 C5=1 R5=1 S5=1 Y4=1 X4=1 Z4=4 C4=1 R4=1 S4=1 Y3=1 X3=1 Z3=2 C3=1 R3=1 S3=1 Y2=1 X2=1 Z2=2 C2=1 R2=1 S2=1 Y1=1 X1=1 Z1=1 C1=1 R1=1 S1=1 Y0=1 X0=1 Z0=1 C0=1 R0=1 S0=1] OutRegister[P=1 Q=1 Z12=8 C12=1 R12=1 S12=1 Y11=1 X11=1 Z11=1 C11=1 R11=1 S11=1 Y10=1 X10=1 Z10=1 C10=1 R10=1 S10=1 Y9=1 X9=1 Z9=1 C9=1 R9=1 S9=1 Y8=1 X8=1 Z8=1 C8=1 R8=1 S8=1 Y7=1 X7=1 Z7=1 C7=1 R7=1 S7=1 Y6=1 X6=1 Z6=1 C6=1 R6=1 S6=1 Y5=1 X5=1 Z5=1 C5=1 R5=1 S5=1 Y4=1 X4=1 Z4=1 C4=1 R4=1 S4=1 Y3=1 X3=1 Z3=1 C3=1 R3=1 S3=1 Y2=1 X2=1 Z2=1 C2=1 R2=1 S2=1 Y1=1 X1=1 Z1=1 C1=1 R1=1 S1=1 Y0=1 X0=1 Z0=1 C0=1 R0=1 S0=1] Compute] 
vgg16_13layer_2026-02-25T17:20:31.006179,vgg16,13layer,full,13,eyeriss,thesis_arch,1056,524,128,128,128,1,False,True,,2.534e+05,5.455e+06,1.41e+06,"(40633185984, 16400878592)",0.0005568108754232526,0.23656249046325684,DRAM[P=14 Q=14 Z12=1 C12=1 R12=1 S12=1 Y11=14 X11=14 Z11=1 C11=1 R11=1 S11=1 Y10=14 X10=14 Z10=1 C10=1 R10=1 S10=1 Y9=28 X9=28 Z9=1 C9=1 R9=1 S9=1 Y8=28 X8=28 Z8=1 C8=1 R8=1 S8=1 Y7=28 X7=28 Z7=1 C7=1 R7=1 S7=1 Y6=56 X6=56 Z6=1 C6=1 R6=1 S6=1 Y5=56 X5=56 Z5=1 C5=1 R5=1 S5=1 Y4=56 X4=56 Z4=1 C4=1 R4=1 S4=1 Y3=112 X3=112 Z3=1 C3=1 R3=1 S3=1 Y2=112 X2=112 Z2=1 C2=1 R2=1 S2=1 Y1=224 X1=224 Z1=1 C1=1 R1=1 S1=1 Y0=224 X0=224 Z0=1 C0=1 R0=1 S0=1] GlobalBuffer[P=1 Q=1 Z12=1 C12=1 R12=1 S12=1 Y11=1 X11=1 Z11=1 C11=1 R11=1 S11=1 Y10=1 X10=1 Z10=1 C10=1 R10=1 S10=1 Y9=1 X9=1 Z9=1 C9=1 R9=1 S9=1 Y8=1 X8=1 Z8=1 C8=1 R8=1 S8=1 Y7=1 X7=1 Z7=1 C7=1 R7=1 S7=1 Y6=1 X6=1 Z6=1 C6=1 R6=1 S6=1 Y5=1 X5=1 Z5=1 C5=1 R5=1 S5=1 Y4=1 X4=1 Z4=1 C4=1 R4=1 S4=1 Y3=1 X3=1 Z3=1 C3=1 R3=1 S3=1 Y2=1 X2=1 Z2=1 C2=1 R2=1 S2=1 Y1=1 X1=1 Z1=1 C1=1 R1=1 S1=1 Y0=1 X0=1 Z0=1 C0=1 R0=1 S0=1] SACols[Q=1 Z12=128] SARows[S12=3 C12=32 Z12=1] SACols_11[X11=1 Z11=128] SARows_11[S11=3 C11=32 Z11=1] SACols_10[X10=1 Z10=128] SARows_10[S10=3 C10=32 Z10=1] SACols_9[X9=1 Z9=128] SARows_9[S9=3 C9=32 Z9=1] SACols_8[X8=1 Z8=128] SARows_8[S8=3 C8=32 Z8=1] SACols_7[X7=1 Z7=128] SARows_7[S7=3 C7=32 Z7=1] SACols_6[X6=1 Z6=128] SARows_6[S6=3 C6=32 Z6=1] SACols_5[X5=1 Z5=128] SARows_5[S5=3 C5=32 Z5=1] SACols_4[X4=1 Z4=128] SARows_4[S4=3 C4=32 Z4=1] SACols_3[X3=1 Z3=128] SARows_3[S3=3 C3=32 Z3=1] SACols_2[X2=1 Z2=128] SARows_2[S2=3 C2=32 Z2=1] SACols_1[X1=1 Z1=64] SARows_1[S1=3 C1=32 Z1=1] SACols_0[X0=1 Z0=64] SARows_0[S0=3 C0=3 Z0=1] InRegister[P=1 Q=1 Z12=1 C12=1 R12=1 S12=1 Y11=1 X11=1 Z11=1 C11=1 R11=1 S11=1 Y10=1 X10=1 Z10=1 C10=1 R10=1 S10=1 Y9=1 X9=1 Z9=1 C9=1 R9=1 S9=1 Y8=1 X8=1 Z8=1 C8=1 R8=1 S8=1 Y7=1 X7=1 Z7=1 C7=1 R7=1 S7=1 Y6=1 X6=1 Z6=1 C6=1 R6=1 S6=1 Y5=1 X5=1 Z5=1 C5=1 R5=1 S5=1 Y4=1 X4=1 Z4=1 C4=1 R4=1 S4=1 Y3=1 X3=1 Z3=1 C3=1 R3=1 S3=1 Y2=1 X2=1 Z2=1 C2=1 R2=1 S2=1 Y1=1 X1=1 Z1=1 C1=1 R1=1 S1=1 Y0=1 X0=1 Z0=1 C0=1 R0=1 S0=1] WRegister[P=1 Q=1 Z12=1 C12=16 R12=3 S12=1 Y11=1 X11=1 Z11=1 C11=16 R11=3 S11=1 Y10=1 X10=1 Z10=1 C10=16 R10=3 S10=1 Y9=1 X9=1 Z9=1 C9=16 R9=3 S9=1 Y8=1 X8=1 Z8=1 C8=16 R8=3 S8=1 Y7=1 X7=1 Z7=1 C7=8 R7=3 S7=1 Y6=1 X6=1 Z6=1 C6=8 R6=3 S6=1 Y5=1 X5=1 Z5=1 C5=8 R5=3 S5=1 Y4=1 X4=1 Z4=1 C4=4 R4=3 S4=1 Y3=1 X3=1 Z3=1 C3=4 R3=3 S3=1 Y2=1 X2=1 Z2=1 C2=2 R2=3 S2=1 Y1=1 X1=1 Z1=1 C1=2 R1=3 S1=1 Y0=1 X0=1 Z0=1 C0=1 R0=3 S0=1] IntermediateRegister[P=1 Q=1 Z12=1 C12=1 R12=1 S12=1 Y11=1 X11=1 Z11=4 C11=1 R11=1 S11=1 Y10=1 X10=1 Z10=4 C10=1 R10=1 S10=1 Y9=1 X9=1 Z9=4 C9=1 R9=1 S9=1 Y8=1 X8=1 Z8=4 C8=1 R8=1 S8=1 Y7=1 X7=1 Z7=4 C7=1 R7=1 S7=1 Y6=1 X6=1 Z6=2 C6=1 R6=1 S6=1 Y5=1 X5=1 Z5=2 C5=1 R5=1 S5=1 Y4=1 X4=1 Z4=2 C4=1 R4=1 S4=1 Y3=1 X3=1 Z3=1 C3=1 R3=1 S3=1 Y2=1 X2=1 Z2=1 C2=1 R2=1 S2=1 Y1=1 X1=1 Z1=1 C1=1 R1=1 S1=1 Y0=1 X0=1 Z0=1 C0=1 R0=1 S0=1] OutRegister[P=1 Q=1 Z12=4 C12=1 R12=1 S12=1 Y11=1 X11=1 Z11=1 C11=1 R11=1 S11=1 Y10=1 X10=1 Z10=1 C10=1 R10=1 S10=1 Y9=1 X9=1 Z9=1 C9=1 R9=1 S9=1 Y8=1 X8=1 Z8=1 C8=1 R8=1 S8=1 Y7=1 X7=1 Z7=1 C7=1 R7=1 S7=1 Y6=1 X6=1 Z6=1 C6=1 R6=1 S6=1 Y5=1 X5=1 Z5=1 C5=1 R5=1 S5=1 Y4=1 X4=1 Z4=1 C4=1 R4=1 S4=1 Y3=1 X3=1 Z3=1 C3=1 R3=1 S3=1 Y2=1 X2=1 Z2=1 C2=1 R2=1 S2=1 Y1=1 X1=1 Z1=1 C1=1 R1=1 S1=1 Y0=1 X0=1 Z0=1 C0=1 R0=1 S0=1] Compute] 
vgg16_13layer_2026-02-25T17:20:31.597654,vgg16,13layer,full,13,eyeriss,thesis_arch,1056,524,128,256,4,1,False,False,"Ill-posed constraints:
CONSTRAINTS VIOLATION: Arch: Eyeriss_Constrained_13L_tile1_4x256 -> Level: WRegister: memory footprint: 19155 VS memory available: 2400
CONSTRAINTS VIOLATION: Arch: Eyeriss_Constrained_13L_tile1_4x256 -> Level: IntermediateRegister: memory footprint: 913 VS memory available: 350
CONSTRAINTS VIOLATION: Arch: Eyeriss_Constrained_13L_tile1_4x256 -> Level: OutRegister: memory footprint: 128 VS memory available: 64",0.000e+00,0.000e+00,0.00e+00,0,0.0,0.0,
vgg16_13layer_2026-02-25T17:20:31.861220,vgg16,13layer,full,13,eyeriss,thesis_arch,1056,524,128,256,16,1,False,False,"Ill-posed constraints:
CONSTRAINTS VIOLATION: Arch: Eyeriss_Constrained_13L_tile1_16x256 -> Level: WRegister: memory footprint: 4791 VS memory available: 2400",0.000e+00,0.000e+00,0.00e+00,0,0.0,0.0,
vgg16_13layer_2026-02-25T17:20:32.116284,vgg16,13layer,full,13,eyeriss,thesis_arch,1056,524,128,256,32,1,False,True,,2.454e+05,5.681e+06,1.40e+06,"(35835557568, 17383525376)",0.0022272435016930103,0.22826218605041504,DRAM[P=14 Q=14 Z12=1 C12=1 R12=1 S12=1 Y11=14 X11=14 Z11=1 C11=1 R11=1 S11=1 Y10=14 X10=14 Z10=1 C10=1 R10=1 S10=1 Y9=28 X9=28 Z9=1 C9=1 R9=1 S9=1 Y8=28 X8=28 Z8=1 C8=1 R8=1 S8=1 Y7=28 X7=28 Z7=1 C7=1 R7=1 S7=1 Y6=56 X6=56 Z6=1 C6=1 R6=1 S6=1 Y5=56 X5=56 Z5=1 C5=1 R5=1 S5=1 Y4=56 X4=56 Z4=1 C4=1 R4=1 S4=1 Y3=112 X3=112 Z3=1 C3=1 R3=1 S3=1 Y2=112 X2=112 Z2=1 C2=1 R2=1 S2=1 Y1=224 X1=224 Z1=1 C1=1 R1=1 S1=1 Y0=224 X0=224 Z0=1 C0=1 R0=1 S0=1] GlobalBuffer[P=1 Q=1 Z12=1 C12=1 R12=1 S12=1 Y11=1 X11=1 Z11=1 C11=1 R11=1 S11=1 Y10=1 X10=1 Z10=1 C10=1 R10=1 S10=1 Y9=1 X9=1 Z9=1 C9=1 R9=1 S9=1 Y8=1 X8=1 Z8=1 C8=1 R8=1 S8=1 Y7=1 X7=1 Z7=1 C7=1 R7=1 S7=1 Y6=1 X6=1 Z6=1 C6=1 R6=1 S6=1 Y5=1 X5=1 Z5=1 C5=1 R5=1 S5=1 Y4=1 X4=1 Z4=1 C4=1 R4=1 S4=1 Y3=1 X3=1 Z3=1 C3=1 R3=1 S3=1 Y2=1 X2=1 Z2=1 C2=1 R2=1 S2=1 Y1=1 X1=1 Z1=1 C1=1 R1=1 S1=1 Y0=1 X0=1 Z0=1 C0=1 R0=1 S0=1] SACols[Q=1 Z12=32] SARows[S12=3 C12=64 Z12=1] SACols_11[X11=1 Z11=32] SARows_11[S11=3 C11=64 Z11=1] SACols_10[X10=1 Z10=32] SARows_10[S10=3 C10=64 Z10=1] SACols_9[X9=1 Z9=32] SARows_9[S9=3 C9=64 Z9=1] SACols_8[X8=1 Z8=32] SARows_8[S8=3 C8=64 Z8=1] SACols_7[X7=1 Z7=32] SARows_7[S7=3 C7=64 Z7=1] SACols_6[X6=1 Z6=32] SARows_6[S6=3 C6=64 Z6=1] SACols_5[X5=1 Z5=32] SARows_5[S5=3 C5=64 Z5=1] SACols_4[X4=1 Z4=32] SARows_4[S4=3 C4=64 Z4=1] SACols_3[X3=1 Z3=32] SARows_3[S3=3 C3=64 Z3=1] SACols_2[X2=1 Z2=32] SARows_2[S2=3 C2=64 Z2=1] SACols_1[X1=1 Z1=32] SARows_1[S1=3 C1=64 Z1=1] SACols_0[X0=1 Z0=32] SARows_0[S0=3 C0=3 Z0=2] InRegister[P=1 Q=1 Z12=1 C12=1 R12=1 S12=1 Y11=1 X11=1 Z11=1 C11=1 R11=1 S11=1 Y10=1 X10=1 Z10=1 C10=1 R10=1 S10=1 Y9=1 X9=1 Z9=1 C9=1 R9=1 S9=1 Y8=1 X8=1 Z8=1 C8=1 R8=1 S8=1 Y7=1 X7=1 Z7=1 C7=1 R7=1 S7=1 Y6=1 X6=1 Z6=1 C6=1 R6=1 S6=1 Y5=1 X5=1 Z5=1 C5=1 R5=1 S5=1 Y4=1 X4=1 Z4=1 C4=1 R4=1 S4=1 Y3=1 X3=1 Z3=1 C3=1 R3=1 S3=1 Y2=1 X2=1 Z2=1 C2=1 R2=1 S2=1 Y1=1 X1=1 Z1=1 C1=1 R1=1 S1=1 Y0=1 X0=1 Z0=1 C0=1 R0=1 S0=1] WRegister[P=1 Q=1 Z12=1 C12=8 R12=3 S12=1 Y11=1 X11=1 Z11=1 C11=8 R11=3 S11=1 Y10=1 X10=1 Z10=1 C10=8 R10=3 S10=1 Y9=1 X9=1 Z9=1 C9=8 R9=3 S9=1 Y8=1 X8=1 Z8=1 C8=8 R8=3 S8=1 Y7=1 X7=1 Z7=1 C7=4 R7=3 S7=1 Y6=1 X6=1 Z6=1 C6=4 R6=3 S6=1 Y5=1 X5=1 Z5=1 C5=4 R5=3 S5=1 Y4=1 X4=1 Z4=1 C4=2 R4=3 S4=1 Y3=1 X3=1 Z3=1 C3=2 R3=3 S3=1 Y2=1 X2=1 Z2=1 C2=1 R2=3 S2=1 Y1=1 X1=1 Z1=1 C1=1 R1=3 S1=1 Y0=1 X0=1 Z0=1 C0=1 R0=3 S0=1] IntermediateRegister[P=1 Q=1 Z12=1 C12=1 R12=1 S12=1 Y11=1 X11=1 Z11=16 C11=1 R11=1 S11=1 Y10=1 X10=1 Z10=16 C10=1 R10=1 S10=1 Y9=1 X9=1 Z9=16 C9=1 R9=1 S9=1 Y8=1 X8=1 Z8=16 C8=1 R8=1 S8=1 Y7=1 X7=1 Z7=16 C7=1 R7=1 S7=1 Y6=1 X6=1 Z6=8 C6=1 R6=1 S6=1 Y5=1 X5=1 Z5=8 C5=1 R5=1 S5=1 Y4=1 X4=1 Z4=8 C4=1 R4=1 S4=1 Y3=1 X3=1 Z3=4 C3=1 R3=1 S3=1 Y2=1 X2=1 Z2=4 C2=1 R2=1 S2=1 Y1=1 X1=1 Z1=2 C1=1 R1=1 S1=1 Y0=1 X0=1 Z0=1 C0=1 R0=1 S0=1] OutRegister[P=1 Q=1 Z12=16 C12=1 R12=1 S12=1 Y11=1 X11=1 Z11=1 C11=1 R11=1 S11=1 Y10=1 X10=1 Z10=1 C10=1 R10=1 S10=1 Y9=1 X9=1 Z9=1 C9=1 R9=1 S9=1 Y8=1 X8=1 Z8=1 C8=1 R8=1 S8=1 Y7=1 X7=1 Z7=1 C7=1 R7=1 S7=1 Y6=1 X6=1 Z6=1 C6=1 R6=1 S6=1 Y5=1 X5=1 Z5=1 C5=1 R5=1 S5=1 Y4=1 X4=1 Z4=1 C4=1 R4=1 S4=1 Y3=1 X3=1 Z3=1 C3=1 R3=1 S3=1 Y2=1 X2=1 Z2=1 C2=1 R2=1 S2=1 Y1=1 X1=1 Z1=1 C1=1 R1=1 S1=1 Y0=1 X0=1 Z0=1 C0=1 R0=1 S0=1] Compute] 
vgg16_13layer_2026-02-25T17:20:32.748117,vgg16,13layer,full,13,eyeriss,thesis_arch,1056,524,128,256,64,1,False,True,,2.504e+05,5.455e+06,1.39e+06,"(38378878656, 17383525376)",0.0011136217508465052,0.211883544921875,DRAM[P=14 Q=14 Z12=1 C12=1 R12=1 S12=1 Y11=14 X11=14 Z11=1 C11=1 R11=1 S11=1 Y10=14 X10=14 Z10=1 C10=1 R10=1 S10=1 Y9=28 X9=28 Z9=1 C9=1 R9=1 S9=1 Y8=28 X8=28 Z8=1 C8=1 R8=1 S8=1 Y7=28 X7=28 Z7=1 C7=1 R7=1 S7=1 Y6=56 X6=56 Z6=1 C6=1 R6=1 S6=1 Y5=56 X5=56 Z5=1 C5=1 R5=1 S5=1 Y4=56 X4=56 Z4=1 C4=1 R4=1 S4=1 Y3=112 X3=112 Z3=1 C3=1 R3=1 S3=1 Y2=112 X2=112 Z2=1 C2=1 R2=1 S2=1 Y1=224 X1=224 Z1=1 C1=1 R1=1 S1=1 Y0=224 X0=224 Z0=1 C0=1 R0=1 S0=1] GlobalBuffer[P=1 Q=1 Z12=1 C12=1 R12=1 S12=1 Y11=1 X11=1 Z11=1 C11=1 R11=1 S11=1 Y10=1 X10=1 Z10=1 C10=1 R10=1 S10=1 Y9=1 X9=1 Z9=1 C9=1 R9=1 S9=1 Y8=1 X8=1 Z8=1 C8=1 R8=1 S8=1 Y7=1 X7=1 Z7=1 C7=1 R7=1 S7=1 Y6=1 X6=1 Z6=1 C6=1 R6=1 S6=1 Y5=1 X5=1 Z5=1 C5=1 R5=1 S5=1 Y4=1 X4=1 Z4=1 C4=1 R4=1 S4=1 Y3=1 X3=1 Z3=1 C3=1 R3=1 S3=1 Y2=1 X2=1 Z2=1 C2=1 R2=1 S2=1 Y1=1 X1=1 Z1=1 C1=1 R1=1 S1=1 Y0=1 X0=1 Z0=1 C0=1 R0=1 S0=1] SACols[Q=1 Z12=64] SARows[S12=3 C12=64 Z12=1] SACols_11[X11=1 Z11=64] SARows_11[S11=3 C11=64 Z11=1] SACols_10[X10=1 Z10=64] SARows_10[S10=3 C10=64 Z10=1] SACols_9[X9=1 Z9=64] SARows_9[S9=3 C9=64 Z9=1] SACols_8[X8=1 Z8=64] SARows_8[S8=3 C8=64 Z8=1] SACols_7[X7=1 Z7=64] SARows_7[S7=3 C7=64 Z7=1] SACols_6[X6=1 Z6=64] SARows_6[S6=3 C6=64 Z6=1] SACols_5[X5=1 Z5=64] SARows_5[S5=3 C5=64 Z5=1] SACols_4[X4=1 Z4=64] SARows_4[S4=3 C4=64 Z4=1] SACols_3[X3=1 Z3=64] SARows_3[S3=3 C3=64 Z3=1] SACols_2[X2=1 Z2=64] SARows_2[S2=3 C2=64 Z2=1] SACols_1[X1=1 Z1=64] SARows_1[S1=3 C1=64 Z1=1] SACols_0[X0=1 Z0=64] SARows_0[S0=3 C0=3 Z0=1] InRegister[P=1 Q=1 Z12=1 C12=1 R12=1 S12=1 Y11=1 X11=1 Z11=1 C11=1 R11=1 S11=1 Y10=1 X10=1 Z10=1 C10=1 R10=1 S10=1 Y9=1 X9=1 Z9=1 C9=1 R9=1 S9=1 Y8=1 X8=1 Z8=1 C8=1 R8=1 S8=1 Y7=1 X7=1 Z7=1 C7=1 R7=1 S7=1 Y6=1 X6=1 Z6=1 C6=1 R6=1 S6=1 Y5=1 X5=1 Z5=1 C5=1 R5=1 S5=1 Y4=1 X4=1 Z4=1 C4=1 R4=1 S4=1 Y3=1 X3=1 Z3=1 C3=1 R3=1 S3=1 Y2=1 X2=1 Z2=1 C2=1 R2=1 S2=1 Y1=1 X1=1 Z1=1 C1=1 R1=1 S1=1 Y0=1 X0=1 Z0=1 C0=1 R0=1 S0=1] WRegister[P=1 Q=1 Z12=1 C12=8 R12=3 S12=1 Y11=1 X11=1 Z11=1 C11=8 R11=3 S11=1 Y10=1 X10=1 Z10=1 C10=8 R10=3 S10=1 Y9=1 X9=1 Z9=1 C9=8 R9=3 S9=1 Y8=1 X8=1 Z8=1 C8=8 R8=3 S8=1 Y7=1 X7=1 Z7=1 C7=4 R7=3 S7=1 Y6=1 X6=1 Z6=1 C6=4 R6=3 S6=1 Y5=1 X5=1 Z5=1 C5=4 R5=3 S5=1 Y4=1 X4=1 Z4=1 C4=2 R4=3 S4=1 Y3=1 X3=1 Z3=1 C3=2 R3=3 S3=1 Y2=1 X2=1 Z2=1 C2=1 R2=3 S2=1 Y1=1 X1=1 Z1=1 C1=1 R1=3 S1=1 Y0=1 X0=1 Z0=1 C0=1 R0=3 S0=1] IntermediateRegister[P=1 Q=1 Z12=1 C12=1 R12=1 S12=1 Y11=1 X11=1 Z11=8 C11=1 R11=1 S11=1 Y10=1 X10=1 Z10=8 C10=1 R10=1 S10=1 Y9=1 X9=1 Z9=8 C9=1 R9=1 S9=1 Y8=1 X8=1 Z8=8 C8=1 R8=1 S8=1 Y7=1 X7=1 Z7=8 C7=1 R7=1 S7=1 Y6=1 X6=1 Z6=4 C6=1 R6=1 S6=1 Y5=1 X5=1 Z5=4 C5=1 R5=1 S5=1 Y4=1 X4=1 Z4=4 C4=1 R4=1 S4=1 Y3=1 X3=1 Z3=2 C3=1 R3=1 S3=1 Y2=1 X2=1 Z2=2 C2=1 R2=1 S2=1 Y1=1 X1=1 Z1=1 C1=1 R1=1 S1=1 Y0=1 X0=1 Z0=1 C0=1 R0=1 S0=1] OutRegister[P=1 Q=1 Z12=8 C12=1 R12=1 S12=1 Y11=1 X11=1 Z11=1 C11=1 R11=1 S11=1 Y10=1 X10=1 Z10=1 C10=1 R10=1 S10=1 Y9=1 X9=1 Z9=1 C9=1 R9=1 S9=1 Y8=1 X8=1 Z8=1 C8=1 R8=1 S8=1 Y7=1 X7=1 Z7=1 C7=1 R7=1 S7=1 Y6=1 X6=1 Z6=1 C6=1 R6=1 S6=1 Y5=1 X5=1 Z5=1 C5=1 R5=1 S5=1 Y4=1 X4=1 Z4=1 C4=1 R4=1 S4=1 Y3=1 X3=1 Z3=1 C3=1 R3=1 S3=1 Y2=1 X2=1 Z2=1 C2=1 R2=1 S2=1 Y1=1 X1=1 Z1=1 C1=1 R1=1 S1=1 Y0=1 X0=1 Z0=1 C0=1 R0=1 S0=1] Compute] 
vgg16_13layer_2026-02-25T17:20:33.240137,vgg16,13layer,full,13,eyeriss,thesis_arch,1056,524,128,512,4,1,False,False,"Ill-posed constraints:
CONSTRAINTS VIOLATION: Arch: Eyeriss_Constrained_13L_tile1_4x512 -> Level: WRegister: memory footprint: 9579 VS memory available: 2400
CONSTRAINTS VIOLATION: Arch: Eyeriss_Constrained_13L_tile1_4x512 -> Level: IntermediateRegister: memory footprint: 889 VS memory available: 350
CONSTRAINTS VIOLATION: Arch: Eyeriss_Constrained_13L_tile1_4x512 -> Level: OutRegister: memory footprint: 128 VS memory available: 64",0.000e+00,0.000e+00,0.00e+00,0,0.0,0.0,
vgg16_13layer_2026-02-25T17:20:33.492411,vgg16,13layer,full,13,eyeriss,thesis_arch,1056,524,128,512,16,1,False,True,,2.476e+05,5.681e+06,1.41e+06,"(36182374080, 18423974912)",0.0022272435016930103,0.20894813537597656,DRAM[P=14 Q=14 Z12=1 C12=1 R12=1 S12=1 Y11=14 X11=14 Z11=1 C11=1 R11=1 S11=1 Y10=14 X10=14 Z10=1 C10=1 R10=1 S10=1 Y9=28 X9=28 Z9=1 C9=1 R9=1 S9=1 Y8=28 X8=28 Z8=1 C8=1 R8=1 S8=1 Y7=28 X7=28 Z7=1 C7=1 R7=1 S7=1 Y6=56 X6=56 Z6=1 C6=1 R6=1 S6=1 Y5=56 X5=56 Z5=1 C5=1 R5=1 S5=1 Y4=56 X4=56 Z4=1 C4=1 R4=1 S4=1 Y3=112 X3=112 Z3=1 C3=1 R3=1 S3=1 Y2=112 X2=112 Z2=1 C2=1 R2=1 S2=1 Y1=224 X1=224 Z1=1 C1=1 R1=1 S1=1 Y0=224 X0=224 Z0=1 C0=1 R0=1 S0=1] GlobalBuffer[P=1 Q=1 Z12=1 C12=1 R12=1 S12=1 Y11=1 X11=1 Z11=1 C11=1 R11=1 S11=1 Y10=1 X10=1 Z10=1 C10=1 R10=1 S10=1 Y9=1 X9=1 Z9=1 C9=1 R9=1 S9=1 Y8=1 X8=1 Z8=1 C8=1 R8=1 S8=1 Y7=1 X7=1 Z7=1 C7=1 R7=1 S7=1 Y6=1 X6=1 Z6=1 C6=1 R6=1 S6=1 Y5=1 X5=1 Z5=1 C5=1 R5=1 S5=1 Y4=1 X4=1 Z4=1 C4=1 R4=1 S4=1 Y3=1 X3=1 Z3=1 C3=1 R3=1 S3=1 Y2=1 X2=1 Z2=1 C2=1 R2=1 S2=1 Y1=1 X1=1 Z1=1 C1=1 R1=1 S1=1 Y0=1 X0=1 Z0=1 C0=1 R0=1 S0=1] SACols[Q=1 Z12=16] SARows[S12=3 C12=128 Z12=1] SACols_11[X11=1 Z11=16] SARows_11[S11=3 C11=128 Z11=1] SACols_10[X10=1 Z10=16] SARows_10[S10=3 C10=128 Z10=1] SACols_9[X9=1 Z9=16] SARows_9[S9=3 C9=128 Z9=1] SACols_8[X8=1 Z8=16] SARows_8[S8=3 C8=128 Z8=1] SACols_7[X7=1 Z7=16] SARows_7[S7=3 C7=128 Z7=1] SACols_6[X6=1 Z6=16] SARows_6[S6=3 C6=128 Z6=1] SACols_5[X5=1 Z5=16] SARows_5[S5=3 C5=128 Z5=1] SACols_4[X4=1 Z4=16] SARows_4[S4=3 C4=128 Z4=1] SACols_3[X3=1 Z3=16] SARows_3[S3=3 C3=128 Z3=1] SACols_2[X2=1 Z2=16] SARows_2[S2=3 C2=64 Z2=2] SACols_1[X1=1 Z1=16] SARows_1[S1=3 C1=64 Z1=2] SACols_0[X0=1 Z0=16] SARows_0[S0=3 C0=3 Z0=4] InRegister[P=1 Q=1 Z12=1 C12=1 R12=1 S12=1 Y11=1 X11=1 Z11=1 C11=1 R11=1 S11=1 Y10=1 X10=1 Z10=1 C10=1 R10=1 S10=1 Y9=1 X9=1 Z9=1 C9=1 R9=1 S9=1 Y8=1 X8=1 Z8=1 C8=1 R8=1 S8=1 Y7=1 X7=1 Z7=1 C7=1 R7=1 S7=1 Y6=1 X6=1 Z6=1 C6=1 R6=1 S6=1 Y5=1 X5=1 Z5=1 C5=1 R5=1 S5=1 Y4=1 X4=1 Z4=1 C4=1 R4=1 S4=1 Y3=1 X3=1 Z3=1 C3=1 R3=1 S3=1 Y2=1 X2=1 Z2=1 C2=1 R2=1 S2=1 Y1=1 X1=1 Z1=1 C1=1 R1=1 S1=1 Y0=1 X0=1 Z0=1 C0=1 R0=1 S0=1] WRegister[P=1 Q=1 Z12=1 C12=4 R12=3 S12=1 Y11=1 X11=1 Z11=1 C11=4 R11=3 S11=1 Y10=1 X10=1 Z10=1 C10=4 R10=3 S10=1 Y9=1 X9=1 Z9=1 C9=4 R9=3 S9=1 Y8=1 X8=1 Z8=1 C8=4 R8=3 S8=1 Y7=1 X7=1 Z7=1 C7=2 R7=3 S7=1 Y6=1 X6=1 Z6=1 C6=2 R6=3 S6=1 Y5=1 X5=1 Z5=1 C5=2 R5=3 S5=1 Y4=1 X4=1 Z4=1 C4=1 R4=3 S4=1 Y3=1 X3=1 Z3=1 C3=1 R3=3 S3=1 Y2=1 X2=1 Z2=1 C2=1 R2=3 S2=1 Y1=1 X1=1 Z1=1 C1=1 R1=3 S1=1 Y0=1 X0=1 Z0=1 C0=1 R0=3 S0=1] IntermediateRegister[P=1 Q=1 Z12=1 C12=1 R12=1 S12=1 Y11=1 X11=1 Z11=32 C11=1 R11=1 S11=1 Y10=1 X10=1 Z10=32 C10=1 R10=1 S10=1 Y9=1 X9=1 Z9=32 C9=1 R9=1 S9=1 Y8=1 X8=1 Z8=32 C8=1 R8=1 S8=1 Y7=1 X7=1 Z7=32 C7=1 R7=1 S7=1 Y6=1 X6=1 Z6=16 C6=1 R6=1 S6=1 Y5=1 X5=1 Z5=16 C5=1 R5=1 S5=1 Y4=1 X4=1 Z4=16 C4=1 R4=1 S4=1 Y3=1 X3=1 Z3=8 C3=1 R3=1 S3=1 Y2=1 X2=1 Z2=4 C2=1 R2=1 S2=1 Y1=1 X1=1 Z1=2 C1=1 R1=1 S1=1 Y0=1 X0=1 Z0=1 C0=1 R0=1 S0=1] OutRegister[P=1 Q=1 Z12=32 C12=1 R12=1 S12=1 Y11=1 X11=1 Z11=1 C11=1 R11=1 S11=1 Y10=1 X10=1 Z10=1 C10=1 R10=1 S10=1 Y9=1 X9=1 Z9=1 C9=1 R9=1 S9=1 Y8=1 X8=1 Z8=1 C8=1 R8=1 S8=1 Y7=1 X7=1 Z7=1 C7=1 R7=1 S7=1 Y6=1 X6=1 Z6=1 C6=1 R6=1 S6=1 Y5=1 X5=1 Z5=1 C5=1 R5=1 S5=1 Y4=1 X4=1 Z4=1 C4=1 R4=1 S4=1 Y3=1 X3=1 Z3=1 C3=1 R3=1 S3=1 Y2=1 X2=1 Z2=1 C2=1 R2=1 S2=1 Y1=1 X1=1 Z1=1 C1=1 R1=1 S1=1 Y0=1 X0=1 Z0=1 C0=1 R0=1 S0=1] Compute] 
vgg16_13layer_2026-02-25T17:20:34.077921,vgg16,13layer,full,13,eyeriss,thesis_arch,1056,524,128,512,32,1,False,True,,2.513e+05,5.455e+06,1.38e+06,"(38032062144, 18423974912)",0.0011136217508465052,0.253162145614624,DRAM[P=14 Q=14 Z12=1 C12=1 R12=1 S12=1 Y11=14 X11=14 Z11=1 C11=1 R11=1 S11=1 Y10=14 X10=14 Z10=1 C10=1 R10=1 S10=1 Y9=28 X9=28 Z9=1 C9=1 R9=1 S9=1 Y8=28 X8=28 Z8=1 C8=1 R8=1 S8=1 Y7=28 X7=28 Z7=1 C7=1 R7=1 S7=1 Y6=56 X6=56 Z6=1 C6=1 R6=1 S6=1 Y5=56 X5=56 Z5=1 C5=1 R5=1 S5=1 Y4=56 X4=56 Z4=1 C4=1 R4=1 S4=1 Y3=112 X3=112 Z3=1 C3=1 R3=1 S3=1 Y2=112 X2=112 Z2=1 C2=1 R2=1 S2=1 Y1=224 X1=224 Z1=1 C1=1 R1=1 S1=1 Y0=224 X0=224 Z0=1 C0=1 R0=1 S0=1] GlobalBuffer[P=1 Q=1 Z12=1 C12=1 R12=1 S12=1 Y11=1 X11=1 Z11=1 C11=1 R11=1 S11=1 Y10=1 X10=1 Z10=1 C10=1 R10=1 S10=1 Y9=1 X9=1 Z9=1 C9=1 R9=1 S9=1 Y8=1 X8=1 Z8=1 C8=1 R8=1 S8=1 Y7=1 X7=1 Z7=1 C7=1 R7=1 S7=1 Y6=1 X6=1 Z6=1 C6=1 R6=1 S6=1 Y5=1 X5=1 Z5=1 C5=1 R5=1 S5=1 Y4=1 X4=1 Z4=1 C4=1 R4=1 S4=1 Y3=1 X3=1 Z3=1 C3=1 R3=1 S3=1 Y2=1 X2=1 Z2=1 C2=1 R2=1 S2=1 Y1=1 X1=1 Z1=1 C1=1 R1=1 S1=1 Y0=1 X0=1 Z0=1 C0=1 R0=1 S0=1] SACols[Q=1 Z12=32] SARows[S12=3 C12=128 Z12=1] SACols_11[X11=1 Z11=32] SARows_11[S11=3 C11=128 Z11=1] SACols_10[X10=1 Z10=32] SARows_10[S10=3 C10=128 Z10=1] SACols_9[X9=1 Z9=32] SARows_9[S9=3 C9=128 Z9=1] SACols_8[X8=1 Z8=32] SARows_8[S8=3 C8=128 Z8=1] SACols_7[X7=1 Z7=32] SARows_7[S7=3 C7=128 Z7=1] SACols_6[X6=1 Z6=32] SARows_6[S6=3 C6=128 Z6=1] SACols_5[X5=1 Z5=32] SARows_5[S5=3 C5=128 Z5=1] SACols_4[X4=1 Z4=32] SARows_4[S4=3 C4=128 Z4=1] SACols_3[X3=1 Z3=32] SARows_3[S3=3 C3=128 Z3=1] SACols_2[X2=1 Z2=32] SARows_2[S2=3 C2=64 Z2=2] SACols_1[X1=1 Z1=32] SARows_1[S1=3 C1=64 Z1=2] SACols_0[X0=1 Z0=32] SARows_0[S0=3 C0=3 Z0=2] InRegister[P=1 Q=1 Z12=1 C12=1 R12=1 S12=1 Y11=1 X11=1 Z11=1 C11=1 R11=1 S11=1 Y10=1 X10=1 Z10=1 C10=1 R10=1 S10=1 Y9=1 X9=1 Z9=1 C9=1 R9=1 S9=1 Y8=1 X8=1 Z8=1 C8=1 R8=1 S8=1 Y7=1 X7=1 Z7=1 C7=1 R7=1 S7=1 Y6=1 X6=1 Z6=1 C6=1 R6=1 S6=1 Y5=1 X5=1 Z5=1 C5=1 R5=1 S5=1 Y4=1 X4=1 Z4=1 C4=1 R4=1 S4=1 Y3=1 X3=1 Z3=1 C3=1 R3=1 S3=1 Y2=1 X2=1 Z2=1 C2=1 R2=1 S2=1 Y1=1 X1=1 Z1=1 C1=1 R1=1 S1=1 Y0=1 X0=1 Z0=1 C0=1 R0=1 S0=1] WRegister[P=1 Q=1 Z12=1 C12=4 R12=3 S12=1 Y11=1 X11=1 Z11=1 C11=4 R11=3 S11=1 Y10=1 X10=1 Z10=1 C10=4 R10=3 S10=1 Y9=1 X9=1 Z9=1 C9=4 R9=3 S9=1 Y8=1 X8=1 Z8=1 C8=4 R8=3 S8=1 Y7=1 X7=1 Z7=1 C7=2 R7=3 S7=1 Y6=1 X6=1 Z6=1 C6=2 R6=3 S6=1 Y5=1 X5=1 Z5=1 C5=2 R5=3 S5=1 Y4=1 X4=1 Z4=1 C4=1 R4=3 S4=1 Y3=1 X3=1 Z3=1 C3=1 R3=3 S3=1 Y2=1 X2=1 Z2=1 C2=1 R2=3 S2=1 Y1=1 X1=1 Z1=1 C1=1 R1=3 S1=1 Y0=1 X0=1 Z0=1 C0=1 R0=3 S0=1] IntermediateRegister[P=1 Q=1 Z12=1 C12=1 R12=1 S12=1 Y11=1 X11=1 Z11=16 C11=1 R11=1 S11=1 Y10=1 X10=1 Z10=16 C10=1 R10=1 S10=1 Y9=1 X9=1 Z9=16 C9=1 R9=1 S9=1 Y8=1 X8=1 Z8=16 C8=1 R8=1 S8=1 Y7=1 X7=1 Z7=16 C7=1 R7=1 S7=1 Y6=1 X6=1 Z6=8 C6=1 R6=1 S6=1 Y5=1 X5=1 Z5=8 C5=1 R5=1 S5=1 Y4=1 X4=1 Z4=8 C4=1 R4=1 S4=1 Y3=1 X3=1 Z3=4 C3=1 R3=1 S3=1 Y2=1 X2=1 Z2=2 C2=1 R2=1 S2=1 Y1=1 X1=1 Z1=1 C1=1 R1=1 S1=1 Y0=1 X0=1 Z0=1 C0=1 R0=1 S0=1] OutRegister[P=1 Q=1 Z12=16 C12=1 R12=1 S12=1 Y11=1 X11=1 Z11=1 C11=1 R11=1 S11=1 Y10=1 X10=1 Z10=1 C10=1 R10=1 S10=1 Y9=1 X9=1 Z9=1 C9=1 R9=1 S9=1 Y8=1 X8=1 Z8=1 C8=1 R8=1 S8=1 Y7=1 X7=1 Z7=1 C7=1 R7=1 S7=1 Y6=1 X6=1 Z6=1 C6=1 R6=1 S6=1 Y5=1 X5=1 Z5=1 C5=1 R5=1 S5=1 Y4=1 X4=1 Z4=1 C4=1 R4=1 S4=1 Y3=1 X3=1 Z3=1 C3=1 R3=1 S3=1 Y2=1 X2=1 Z2=1 C2=1 R2=1 S2=1 Y1=1 X1=1 Z1=1 C1=1 R1=1 S1=1 Y0=1 X0=1 Z0=1 C0=1 R0=1 S0=1] Compute] 
vgg16_13layer_2026-02-25T17:20:34.725136,vgg16,13layer,full,13,eyeriss,thesis_arch,1056,524,128,4,4,1,False,False,"Ill-posed constraints:
CONSTRAINTS VIOLATION: Arch: Eyeriss_Constrained_13L_tile1_4x4 -> Level: InRegister: memory footprint: 11152 VS memory available: 400
CONSTRAINTS VIOLATION: Arch: Eyeriss_Constrained_13L_tile1_4x4 -> Level: WRegister: memory footprint: 1225872 VS memory available: 4800
CONSTRAINTS VIOLATION: Arch: Eyeriss_Constrained_13L_tile1_4x4 -> Level: IntermediateRegister: memory footprint: 928 VS memory available: 350
CONSTRAINTS VIOLATION: Arch: Eyeriss_Constrained_13L_tile1_4x4 -> Level: OutRegister: memory footprint: 128 VS memory available: 64",0.000e+00,0.000e+00,0.00e+00,0,0.0,0.0,
vgg16_13layer_2026-02-25T17:20:35.098273,vgg16,13layer,full,13,eyeriss,thesis_arch,1056,524,128,4,16,1,False,False,"Ill-posed constraints:
CONSTRAINTS VIOLATION: Arch: Eyeriss_Constrained_13L_tile1_16x4 -> Level: InRegister: memory footprint: 11152 VS memory available: 400
CONSTRAINTS VIOLATION: Arch: Eyeriss_Constrained_13L_tile1_16x4 -> Level: WRegister: memory footprint: 306468 VS memory available: 4800",0.000e+00,0.000e+00,0.00e+00,0,0.0,0.0,
vgg16_13layer_2026-02-25T17:20:35.391600,vgg16,13layer,full,13,eyeriss,thesis_arch,1056,524,128,4,32,1,False,False,"Ill-posed constraints:
CONSTRAINTS VIOLATION: Arch: Eyeriss_Constrained_13L_tile1_32x4 -> Level: InRegister: memory footprint: 11152 VS memory available: 400
CONSTRAINTS VIOLATION: Arch: Eyeriss_Constrained_13L_tile1_32x4 -> Level: WRegister: memory footprint: 153234 VS memory available: 4800",0.000e+00,0.000e+00,0.00e+00,0,0.0,0.0,
vgg16_13layer_2026-02-25T17:20:35.723370,vgg16,13layer,full,13,eyeriss,thesis_arch,1056,524,128,4,64,1,False,False,"Ill-posed constraints:
CONSTRAINTS VIOLATION: Arch: Eyeriss_Constrained_13L_tile1_64x4 -> Level: InRegister: memory footprint: 11152 VS memory available: 400
CONSTRAINTS VIOLATION: Arch: Eyeriss_Constrained_13L_tile1_64x4 -> Level: WRegister: memory footprint: 76617 VS memory available: 4800",0.000e+00,0.000e+00,0.00e+00,0,0.0,0.0,
vgg16_13layer_2026-02-25T17:20:35.975577,vgg16,13layer,full,13,eyeriss,thesis_arch,1056,524,128,4,128,1,False,False,"Ill-posed constraints:
CONSTRAINTS VIOLATION: Arch: Eyeriss_Constrained_13L_tile1_128x4 -> Level: InRegister: memory footprint: 11152 VS memory available: 400
CONSTRAINTS VIOLATION: Arch: Eyeriss_Constrained_13L_tile1_128x4 -> Level: WRegister: memory footprint: 38409 VS memory available: 4800",0.000e+00,0.000e+00,0.00e+00,0,0.0,0.0,
vgg16_13layer_2026-02-25T17:20:36.317732,vgg16,13layer,full,13,eyeriss,thesis_arch,1056,524,128,4,256,1,False,False,"Ill-posed constraints:
CONSTRAINTS VIOLATION: Arch: Eyeriss_Constrained_13L_tile1_256x4 -> Level: InRegister: memory footprint: 11152 VS memory available: 400
CONSTRAINTS VIOLATION: Arch: Eyeriss_Constrained_13L_tile1_256x4 -> Level: WRegister: memory footprint: 19593 VS memory available: 4800",0.000e+00,0.000e+00,0.00e+00,0,0.0,0.0,
vgg16_13layer_2026-02-25T17:20:36.655830,vgg16,13layer,full,13,eyeriss,thesis_arch,1056,524,128,4,512,1,False,False,"Ill-posed constraints:
CONSTRAINTS VIOLATION: Arch: Eyeriss_Constrained_13L_tile1_512x4 -> Level: InRegister: memory footprint: 11152 VS memory available: 400
CONSTRAINTS VIOLATION: Arch: Eyeriss_Constrained_13L_tile1_512x4 -> Level: WRegister: memory footprint: 11145 VS memory available: 4800",0.000e+00,0.000e+00,0.00e+00,0,0.0,0.0,
vgg16_13layer_2026-02-25T17:20:36.905470,vgg16,13layer,full,13,eyeriss,thesis_arch,1056,524,128,16,4,1,False,False,"Ill-posed constraints:
CONSTRAINTS VIOLATION: Arch: Eyeriss_Constrained_13L_tile1_4x16 -> Level: InRegister: memory footprint: 2790 VS memory available: 400
CONSTRAINTS VIOLATION: Arch: Eyeriss_Constrained_13L_tile1_4x16 -> Level: WRegister: memory footprint: 306480 VS memory available: 4800
CONSTRAINTS VIOLATION: Arch: Eyeriss_Constrained_13L_tile1_4x16 -> Level: IntermediateRegister: memory footprint: 928 VS memory available: 350
CONSTRAINTS VIOLATION: Arch: Eyeriss_Constrained_13L_tile1_4x16 -> Level: OutRegister: memory footprint: 128 VS memory available: 64",0.000e+00,0.000e+00,0.00e+00,0,0.0,0.0,
vgg16_13layer_2026-02-25T17:20:37.256074,vgg16,13layer,full,13,eyeriss,thesis_arch,1056,524,128,16,16,1,False,False,"Ill-posed constraints:
CONSTRAINTS VIOLATION: Arch: Eyeriss_Constrained_13L_tile1_16x16 -> Level: InRegister: memory footprint: 2790 VS memory available: 400
CONSTRAINTS VIOLATION: Arch: Eyeriss_Constrained_13L_tile1_16x16 -> Level: WRegister: memory footprint: 76620 VS memory available: 4800",0.000e+00,0.000e+00,0.00e+00,0,0.0,0.0,
vgg16_13layer_2026-02-25T17:20:37.549618,vgg16,13layer,full,13,eyeriss,thesis_arch,1056,524,128,16,32,1,False,False,"Ill-posed constraints:
CONSTRAINTS VIOLATION: Arch: Eyeriss_Constrained_13L_tile1_32x16 -> Level: InRegister: memory footprint: 2790 VS memory available: 400
CONSTRAINTS VIOLATION: Arch: Eyeriss_Constrained_13L_tile1_32x16 -> Level: WRegister: memory footprint: 38310 VS memory available: 4800",0.000e+00,0.000e+00,0.00e+00,0,0.0,0.0,
vgg16_13layer_2026-02-25T17:20:37.883343,vgg16,13layer,full,13,eyeriss,thesis_arch,1056,524,128,16,64,1,False,False,"Ill-posed constraints:
CONSTRAINTS VIOLATION: Arch: Eyeriss_Constrained_13L_tile1_64x16 -> Level: InRegister: memory footprint: 2790 VS memory available: 400
CONSTRAINTS VIOLATION: Arch: Eyeriss_Constrained_13L_tile1_64x16 -> Level: WRegister: memory footprint: 19155 VS memory available: 4800",0.000e+00,0.000e+00,0.00e+00,0,0.0,0.0,
vgg16_13layer_2026-02-25T17:20:38.259505,vgg16,13layer,full,13,eyeriss,thesis_arch,1056,524,128,16,128,1,False,False,"Ill-posed constraints:
CONSTRAINTS VIOLATION: Arch: Eyeriss_Constrained_13L_tile1_128x16 -> Level: InRegister: memory footprint: 2790 VS memory available: 400
CONSTRAINTS VIOLATION: Arch: Eyeriss_Constrained_13L_tile1_128x16 -> Level: WRegister: memory footprint: 9603 VS memory available: 4800",0.000e+00,0.000e+00,0.00e+00,0,0.0,0.0,
vgg16_13layer_2026-02-25T17:20:38.564600,vgg16,13layer,full,13,eyeriss,thesis_arch,1056,524,128,16,256,1,False,False,"Ill-posed constraints:
CONSTRAINTS VIOLATION: Arch: Eyeriss_Constrained_13L_tile1_256x16 -> Level: InRegister: memory footprint: 2790 VS memory available: 400
CONSTRAINTS VIOLATION: Arch: Eyeriss_Constrained_13L_tile1_256x16 -> Level: WRegister: memory footprint: 4899 VS memory available: 4800",0.000e+00,0.000e+00,0.00e+00,0,0.0,0.0,
vgg16_13layer_2026-02-25T17:20:38.906450,vgg16,13layer,full,13,eyeriss,thesis_arch,1056,524,128,16,512,1,False,False,"Ill-posed constraints:
CONSTRAINTS VIOLATION: Arch: Eyeriss_Constrained_13L_tile1_512x16 -> Level: InRegister: memory footprint: 2790 VS memory available: 400",0.000e+00,0.000e+00,0.00e+00,0,0.0,0.0,
vgg16_13layer_2026-02-25T17:20:39.270814,vgg16,13layer,full,13,eyeriss,thesis_arch,1056,524,128,32,4,1,False,False,"Ill-posed constraints:
CONSTRAINTS VIOLATION: Arch: Eyeriss_Constrained_13L_tile1_4x32 -> Level: InRegister: memory footprint: 1398 VS memory available: 400
CONSTRAINTS VIOLATION: Arch: Eyeriss_Constrained_13L_tile1_4x32 -> Level: WRegister: memory footprint: 153240 VS memory available: 4800
CONSTRAINTS VIOLATION: Arch: Eyeriss_Constrained_13L_tile1_4x32 -> Level: IntermediateRegister: memory footprint: 920 VS memory available: 350
CONSTRAINTS VIOLATION: Arch: Eyeriss_Constrained_13L_tile1_4x32 -> Level: OutRegister: memory footprint: 128 VS memory available: 64",0.000e+00,0.000e+00,0.00e+00,0,0.0,0.0,
vgg16_13layer_2026-02-25T17:20:39.567229,vgg16,13layer,full,13,eyeriss,thesis_arch,1056,524,128,32,16,1,False,False,"Ill-posed constraints:
CONSTRAINTS VIOLATION: Arch: Eyeriss_Constrained_13L_tile1_16x32 -> Level: InRegister: memory footprint: 1398 VS memory available: 400
CONSTRAINTS VIOLATION: Arch: Eyeriss_Constrained_13L_tile1_16x32 -> Level: WRegister: memory footprint: 38310 VS memory available: 4800",0.000e+00,0.000e+00,0.00e+00,0,0.0,0.0,
vgg16_13layer_2026-02-25T17:20:39.813307,vgg16,13layer,full,13,eyeriss,thesis_arch,1056,524,128,32,32,1,False,False,"Ill-posed constraints:
CONSTRAINTS VIOLATION: Arch: Eyeriss_Constrained_13L_tile1_32x32 -> Level: InRegister: memory footprint: 1398 VS memory available: 400
CONSTRAINTS VIOLATION: Arch: Eyeriss_Constrained_13L_tile1_32x32 -> Level: WRegister: memory footprint: 19155 VS memory available: 4800",0.000e+00,0.000e+00,0.00e+00,0,0.0,0.0,
vgg16_13layer_2026-02-25T17:20:40.147900,vgg16,13layer,full,13,eyeriss,thesis_arch,1056,524,128,32,64,1,False,False,"Ill-posed constraints:
CONSTRAINTS VIOLATION: Arch: Eyeriss_Constrained_13L_tile1_64x32 -> Level: InRegister: memory footprint: 1398 VS memory available: 400
CONSTRAINTS VIOLATION: Arch: Eyeriss_Constrained_13L_tile1_64x32 -> Level: WRegister: memory footprint: 9579 VS memory available: 4800",0.000e+00,0.000e+00,0.00e+00,0,0.0,0.0,
vgg16_13layer_2026-02-25T17:20:40.435230,vgg16,13layer,full,13,eyeriss,thesis_arch,1056,524,128,32,128,1,False,False,"Ill-posed constraints:
CONSTRAINTS VIOLATION: Arch: Eyeriss_Constrained_13L_tile1_128x32 -> Level: InRegister: memory footprint: 1398 VS memory available: 400
CONSTRAINTS VIOLATION: Arch: Eyeriss_Constrained_13L_tile1_128x32 -> Level: WRegister: memory footprint: 4803 VS memory available: 4800",0.000e+00,0.000e+00,0.00e+00,0,0.0,0.0,
vgg16_13layer_2026-02-25T17:20:40.812550,vgg16,13layer,full,13,eyeriss,thesis_arch,1056,524,128,32,256,1,False,False,"Ill-posed constraints:
CONSTRAINTS VIOLATION: Arch: Eyeriss_Constrained_13L_tile1_256x32 -> Level: InRegister: memory footprint: 1398 VS memory available: 400",0.000e+00,0.000e+00,0.00e+00,0,0.0,0.0,
vgg16_13layer_2026-02-25T17:20:41.173755,vgg16,13layer,full,13,eyeriss,thesis_arch,1056,524,128,32,512,1,False,False,"Ill-posed constraints:
CONSTRAINTS VIOLATION: Arch: Eyeriss_Constrained_13L_tile1_512x32 -> Level: InRegister: memory footprint: 1398 VS memory available: 400",0.000e+00,0.000e+00,0.00e+00,0,0.0,0.0,
vgg16_13layer_2026-02-25T17:20:41.520438,vgg16,13layer,full,13,eyeriss,thesis_arch,1056,524,128,64,4,1,False,False,"Ill-posed constraints:
CONSTRAINTS VIOLATION: Arch: Eyeriss_Constrained_13L_tile1_4x64 -> Level: InRegister: memory footprint: 702 VS memory available: 400
CONSTRAINTS VIOLATION: Arch: Eyeriss_Constrained_13L_tile1_4x64 -> Level: WRegister: memory footprint: 76620 VS memory available: 4800
CONSTRAINTS VIOLATION: Arch: Eyeriss_Constrained_13L_tile1_4x64 -> Level: IntermediateRegister: memory footprint: 916 VS memory available: 350
CONSTRAINTS VIOLATION: Arch: Eyeriss_Constrained_13L_tile1_4x64 -> Level: OutRegister: memory footprint: 128 VS memory available: 64",0.000e+00,0.000e+00,0.00e+00,0,0.0,0.0,
vgg16_13layer_2026-02-25T17:20:41.799075,vgg16,13layer,full,13,eyeriss,thesis_arch,1056,524,128,64,16,1,False,False,"Ill-posed constraints:
CONSTRAINTS VIOLATION: Arch: Eyeriss_Constrained_13L_tile1_16x64 -> Level: InRegister: memory footprint: 702 VS memory available: 400
CONSTRAINTS VIOLATION: Arch: Eyeriss_Constrained_13L_tile1_16x64 -> Level: WRegister: memory footprint: 19155 VS memory available: 4800",0.000e+00,0.000e+00,0.00e+00,0,0.0,0.0,
vgg16_13layer_2026-02-25T17:20:42.051598,vgg16,13layer,full,13,eyeriss,thesis_arch,1056,524,128,64,32,1,False,False,"Ill-posed constraints:
CONSTRAINTS VIOLATION: Arch: Eyeriss_Constrained_13L_tile1_32x64 -> Level: InRegister: memory footprint: 702 VS memory available: 400
CONSTRAINTS VIOLATION: Arch: Eyeriss_Constrained_13L_tile1_32x64 -> Level: WRegister: memory footprint: 9579 VS memory available: 4800",0.000e+00,0.000e+00,0.00e+00,0,0.0,0.0,
vgg16_13layer_2026-02-25T17:20:42.333318,vgg16,13layer,full,13,eyeriss,thesis_arch,1056,524,128,64,64,1,False,False,"Ill-posed constraints:
CONSTRAINTS VIOLATION: Arch: Eyeriss_Constrained_13L_tile1_64x64 -> Level: InRegister: memory footprint: 702 VS memory available: 400",0.000e+00,0.000e+00,0.00e+00,0,0.0,0.0,
vgg16_13layer_2026-02-25T17:20:42.704699,vgg16,13layer,full,13,eyeriss,thesis_arch,1056,524,128,64,128,1,False,False,"Ill-posed constraints:
CONSTRAINTS VIOLATION: Arch: Eyeriss_Constrained_13L_tile1_128x64 -> Level: InRegister: memory footprint: 702 VS memory available: 400",0.000e+00,0.000e+00,0.00e+00,0,0.0,0.0,
vgg16_13layer_2026-02-25T17:20:43.082584,vgg16,13layer,full,13,eyeriss,thesis_arch,1056,524,128,64,256,1,False,False,"Ill-posed constraints:
CONSTRAINTS VIOLATION: Arch: Eyeriss_Constrained_13L_tile1_256x64 -> Level: InRegister: memory footprint: 702 VS memory available: 400",0.000e+00,0.000e+00,0.00e+00,0,0.0,0.0,
vgg16_13layer_2026-02-25T17:20:43.360369,vgg16,13layer,full,13,eyeriss,thesis_arch,1056,524,128,128,4,1,False,False,"Ill-posed constraints:
CONSTRAINTS VIOLATION: Arch: Eyeriss_Constrained_13L_tile1_4x128 -> Level: WRegister: memory footprint: 38310 VS memory available: 4800
CONSTRAINTS VIOLATION: Arch: Eyeriss_Constrained_13L_tile1_4x128 -> Level: IntermediateRegister: memory footprint: 914 VS memory available: 350
CONSTRAINTS VIOLATION: Arch: Eyeriss_Constrained_13L_tile1_4x128 -> Level: OutRegister: memory footprint: 128 VS memory available: 64",0.000e+00,0.000e+00,0.00e+00,0,0.0,0.0,
vgg16_13layer_2026-02-25T17:20:43.710097,vgg16,13layer,full,13,eyeriss,thesis_arch,1056,524,128,128,16,1,False,False,"Ill-posed constraints:
CONSTRAINTS VIOLATION: Arch: Eyeriss_Constrained_13L_tile1_16x128 -> Level: WRegister: memory footprint: 9579 VS memory available: 4800",0.000e+00,0.000e+00,0.00e+00,0,0.0,0.0,
vgg16_13layer_2026-02-25T17:20:43.980886,vgg16,13layer,full,13,eyeriss,thesis_arch,1056,524,128,128,32,1,False,True,,4.182e+05,6.715e+06,2.82e+06,"(34852910784, 16400878592)",0.004454487003386021,0.2348003387451172,DRAM[P=14 Q=14 Z12=1 C12=1 R12=1 S12=1 Y11=14 X11=14 Z11=1 C11=1 R11=1 S11=1 Y10=14 X10=14 Z10=1 C10=1 R10=1 S10=1 Y9=28 X9=28 Z9=1 C9=1 R9=1 S9=1 Y8=28 X8=28 Z8=1 C8=1 R8=1 S8=1 Y7=28 X7=28 Z7=1 C7=1 R7=1 S7=1 Y6=56 X6=56 Z6=1 C6=1 R6=1 S6=1 Y5=56 X5=56 Z5=1 C5=1 R5=1 S5=1 Y4=56 X4=56 Z4=1 C4=1 R4=1 S4=1 Y3=112 X3=112 Z3=1 C3=1 R3=1 S3=1 Y2=112 X2=112 Z2=1 C2=1 R2=1 S2=1 Y1=224 X1=224 Z1=1 C1=1 R1=1 S1=1 Y0=224 X0=224 Z0=1 C0=1 R0=1 S0=1] GlobalBuffer[P=1 Q=1 Z12=1 C12=1 R12=1 S12=1 Y11=1 X11=1 Z11=1 C11=1 R11=1 S11=1 Y10=1 X10=1 Z10=1 C10=1 R10=1 S10=1 Y9=1 X9=1 Z9=1 C9=1 R9=1 S9=1 Y8=1 X8=1 Z8=1 C8=1 R8=1 S8=1 Y7=1 X7=1 Z7=1 C7=1 R7=1 S7=1 Y6=1 X6=1 Z6=1 C6=1 R6=1 S6=1 Y5=1 X5=1 Z5=1 C5=1 R5=1 S5=1 Y4=1 X4=1 Z4=1 C4=1 R4=1 S4=1 Y3=1 X3=1 Z3=1 C3=1 R3=1 S3=1 Y2=1 X2=1 Z2=1 C2=1 R2=1 S2=1 Y1=1 X1=1 Z1=1 C1=1 R1=1 S1=1 Y0=1 X0=1 Z0=1 C0=1 R0=1 S0=1] SACols[Q=1 Z12=32] SARows[S12=3 C12=32 Z12=1] SACols_11[X11=1 Z11=32] SARows_11[S11=3 C11=32 Z11=1] SACols_10[X10=1 Z10=32] SARows_10[S10=3 C10=32 Z10=1] SACols_9[X9=1 Z9=32] SARows_9[S9=3 C9=32 Z9=1] SACols_8[X8=1 Z8=32] SARows_8[S8=3 C8=32 Z8=1] SACols_7[X7=1 Z7=32] SARows_7[S7=3 C7=32 Z7=1] SACols_6[X6=1 Z6=32] SARows_6[S6=3 C6=32 Z6=1] SACols_5[X5=1 Z5=32] SARows_5[S5=3 C5=32 Z5=1] SACols_4[X4=1 Z4=32] SARows_4[S4=3 C4=32 Z4=1] SACols_3[X3=1 Z3=32] SARows_3[S3=3 C3=32 Z3=1] SACols_2[X2=1 Z2=32] SARows_2[S2=3 C2=32 Z2=1] SACols_1[X1=1 Z1=32] SARows_1[S1=3 C1=32 Z1=1] SACols_0[X0=1 Z0=32] SARows_0[S0=3 C0=3 Z0=2] InRegister[P=1 Q=1 Z12=1 C12=1 R12=1 S12=1 Y11=1 X11=1 Z11=1 C11=1 R11=1 S11=1 Y10=1 X10=1 Z10=1 C10=1 R10=1 S10=1 Y9=1 X9=1 Z9=1 C9=1 R9=1 S9=1 Y8=1 X8=1 Z8=1 C8=1 R8=1 S8=1 Y7=1 X7=1 Z7=1 C7=1 R7=1 S7=1 Y6=1 X6=1 Z6=1 C6=1 R6=1 S6=1 Y5=1 X5=1 Z5=1 C5=1 R5=1 S5=1 Y4=1 X4=1 Z4=1 C4=1 R4=1 S4=1 Y3=1 X3=1 Z3=1 C3=1 R3=1 S3=1 Y2=1 X2=1 Z2=1 C2=1 R2=1 S2=1 Y1=1 X1=1 Z1=1 C1=1 R1=1 S1=1 Y0=1 X0=1 Z0=1 C0=1 R0=1 S0=1] WRegister[P=1 Q=1 Z12=1 C12=16 R12=3 S12=1 Y11=1 X11=1 Z11=1 C11=16 R11=3 S11=1 Y10=1 X10=1 Z10=1 C10=16 R10=3 S10=1 Y9=1 X9=1 Z9=1 C9=16 R9=3 S9=1 Y8=1 X8=1 Z8=1 C8=16 R8=3 S8=1 Y7=1 X7=1 Z7=1 C7=8 R7=3 S7=1 Y6=1 X6=1 Z6=1 C6=8 R6=3 S6=1 Y5=1 X5=1 Z5=1 C5=8 R5=3 S5=1 Y4=1 X4=1 Z4=1 C4=4 R4=3 S4=1 Y3=1 X3=1 Z3=1 C3=4 R3=3 S3=1 Y2=1 X2=1 Z2=1 C2=2 R2=3 S2=1 Y1=1 X1=1 Z1=1 C1=2 R1=3 S1=1 Y0=1 X0=1 Z0=1 C0=1 R0=3 S0=1] IntermediateRegister[P=1 Q=1 Z12=1 C12=1 R12=1 S12=1 Y11=1 X11=1 Z11=16 C11=1 R11=1 S11=1 Y10=1 X10=1 Z10=16 C10=1 R10=1 S10=1 Y9=1 X9=1 Z9=16 C9=1 R9=1 S9=1 Y8=1 X8=1 Z8=16 C8=1 R8=1 S8=1 Y7=1 X7=1 Z7=16 C7=1 R7=1 S7=1 Y6=1 X6=1 Z6=8 C6=1 R6=1 S6=1 Y5=1 X5=1 Z5=8 C5=1 R5=1 S5=1 Y4=1 X4=1 Z4=8 C4=1 R4=1 S4=1 Y3=1 X3=1 Z3=4 C3=1 R3=1 S3=1 Y2=1 X2=1 Z2=4 C2=1 R2=1 S2=1 Y1=1 X1=1 Z1=2 C1=1 R1=1 S1=1 Y0=1 X0=1 Z0=1 C0=1 R0=1 S0=1] OutRegister[P=1 Q=1 Z12=16 C12=1 R12=1 S12=1 Y11=1 X11=1 Z11=1 C11=1 R11=1 S11=1 Y10=1 X10=1 Z10=1 C10=1 R10=1 S10=1 Y9=1 X9=1 Z9=1 C9=1 R9=1 S9=1 Y8=1 X8=1 Z8=1 C8=1 R8=1 S8=1 Y7=1 X7=1 Z7=1 C7=1 R7=1 S7=1 Y6=1 X6=1 Z6=1 C6=1 R6=1 S6=1 Y5=1 X5=1 Z5=1 C5=1 R5=1 S5=1 Y4=1 X4=1 Z4=1 C4=1 R4=1 S4=1 Y3=1 X3=1 Z3=1 C3=1 R3=1 S3=1 Y2=1 X2=1 Z2=1 C2=1 R2=1 S2=1 Y1=1 X1=1 Z1=1 C1=1 R1=1 S1=1 Y0=1 X0=1 Z0=1 C0=1 R0=1 S0=1] Compute] 
vgg16_13layer_2026-02-25T17:20:44.486372,vgg16,13layer,full,13,eyeriss,thesis_arch,1056,524,128,128,64,1,False,True,,4.232e+05,5.681e+06,2.43e+06,"(37396231872, 16400878592)",0.0022272435016930103,0.20318269729614258,DRAM[P=14 Q=14 Z12=1 C12=1 R12=1 S12=1 Y11=14 X11=14 Z11=1 C11=1 R11=1 S11=1 Y10=14 X10=14 Z10=1 C10=1 R10=1 S10=1 Y9=28 X9=28 Z9=1 C9=1 R9=1 S9=1 Y8=28 X8=28 Z8=1 C8=1 R8=1 S8=1 Y7=28 X7=28 Z7=1 C7=1 R7=1 S7=1 Y6=56 X6=56 Z6=1 C6=1 R6=1 S6=1 Y5=56 X5=56 Z5=1 C5=1 R5=1 S5=1 Y4=56 X4=56 Z4=1 C4=1 R4=1 S4=1 Y3=112 X3=112 Z3=1 C3=1 R3=1 S3=1 Y2=112 X2=112 Z2=1 C2=1 R2=1 S2=1 Y1=224 X1=224 Z1=1 C1=1 R1=1 S1=1 Y0=224 X0=224 Z0=1 C0=1 R0=1 S0=1] GlobalBuffer[P=1 Q=1 Z12=1 C12=1 R12=1 S12=1 Y11=1 X11=1 Z11=1 C11=1 R11=1 S11=1 Y10=1 X10=1 Z10=1 C10=1 R10=1 S10=1 Y9=1 X9=1 Z9=1 C9=1 R9=1 S9=1 Y8=1 X8=1 Z8=1 C8=1 R8=1 S8=1 Y7=1 X7=1 Z7=1 C7=1 R7=1 S7=1 Y6=1 X6=1 Z6=1 C6=1 R6=1 S6=1 Y5=1 X5=1 Z5=1 C5=1 R5=1 S5=1 Y4=1 X4=1 Z4=1 C4=1 R4=1 S4=1 Y3=1 X3=1 Z3=1 C3=1 R3=1 S3=1 Y2=1 X2=1 Z2=1 C2=1 R2=1 S2=1 Y1=1 X1=1 Z1=1 C1=1 R1=1 S1=1 Y0=1 X0=1 Z0=1 C0=1 R0=1 S0=1] SACols[Q=1 Z12=64] SARows[S12=3 C12=32 Z12=1] SACols_11[X11=1 Z11=64] SARows_11[S11=3 C11=32 Z11=1] SACols_10[X10=1 Z10=64] SARows_10[S10=3 C10=32 Z10=1] SACols_9[X9=1 Z9=64] SARows_9[S9=3 C9=32 Z9=1] SACols_8[X8=1 Z8=64] SARows_8[S8=3 C8=32 Z8=1] SACols_7[X7=1 Z7=64] SARows_7[S7=3 C7=32 Z7=1] SACols_6[X6=1 Z6=64] SARows_6[S6=3 C6=32 Z6=1] SACols_5[X5=1 Z5=64] SARows_5[S5=3 C5=32 Z5=1] SACols_4[X4=1 Z4=64] SARows_4[S4=3 C4=32 Z4=1] SACols_3[X3=1 Z3=64] SARows_3[S3=3 C3=32 Z3=1] SACols_2[X2=1 Z2=64] SARows_2[S2=3 C2=32 Z2=1] SACols_1[X1=1 Z1=64] SARows_1[S1=3 C1=32 Z1=1] SACols_0[X0=1 Z0=64] SARows_0[S0=3 C0=3 Z0=1] InRegister[P=1 Q=1 Z12=1 C12=1 R12=1 S12=1 Y11=1 X11=1 Z11=1 C11=1 R11=1 S11=1 Y10=1 X10=1 Z10=1 C10=1 R10=1 S10=1 Y9=1 X9=1 Z9=1 C9=1 R9=1 S9=1 Y8=1 X8=1 Z8=1 C8=1 R8=1 S8=1 Y7=1 X7=1 Z7=1 C7=1 R7=1 S7=1 Y6=1 X6=1 Z6=1 C6=1 R6=1 S6=1 Y5=1 X5=1 Z5=1 C5=1 R5=1 S5=1 Y4=1 X4=1 Z4=1 C4=1 R4=1 S4=1 Y3=1 X3=1 Z3=1 C3=1 R3=1 S3=1 Y2=1 X2=1 Z2=1 C2=1 R2=1 S2=1 Y1=1 X1=1 Z1=1 C1=1 R1=1 S1=1 Y0=1 X0=1 Z0=1 C0=1 R0=1 S0=1] WRegister[P=1 Q=1 Z12=1 C12=16 R12=3 S12=1 Y11=1 X11=1 Z11=1 C11=16 R11=3 S11=1 Y10=1 X10=1 Z10=1 C10=16 R10=3 S10=1 Y9=1 X9=1 Z9=1 C9=16 R9=3 S9=1 Y8=1 X8=1 Z8=1 C8=16 R8=3 S8=1 Y7=1 X7=1 Z7=1 C7=8 R7=3 S7=1 Y6=1 X6=1 Z6=1 C6=8 R6=3 S6=1 Y5=1 X5=1 Z5=1 C5=8 R5=3 S5=1 Y4=1 X4=1 Z4=1 C4=4 R4=3 S4=1 Y3=1 X3=1 Z3=1 C3=4 R3=3 S3=1 Y2=1 X2=1 Z2=1 C2=2 R2=3 S2=1 Y1=1 X1=1 Z1=1 C1=2 R1=3 S1=1 Y0=1 X0=1 Z0=1 C0=1 R0=3 S0=1] IntermediateRegister[P=1 Q=1 Z12=1 C12=1 R12=1 S12=1 Y11=1 X11=1 Z11=8 C11=1 R11=1 S11=1 Y10=1 X10=1 Z10=8 C10=1 R10=1 S10=1 Y9=1 X9=1 Z9=8 C9=1 R9=1 S9=1 Y8=1 X8=1 Z8=8 C8=1 R8=1 S8=1 Y7=1 X7=1 Z7=8 C7=1 R7=1 S7=1 Y6=1 X6=1 Z6=4 C6=1 R6=1 S6=1 Y5=1 X5=1 Z5=4 C5=1 R5=1 S5=1 Y4=1 X4=1 Z4=4 C4=1 R4=1 S4=1 Y3=1 X3=1 Z3=2 C3=1 R3=1 S3=1 Y2=1 X2=1 Z2=2 C2=1 R2=1 S2=1 Y1=1 X1=1 Z1=1 C1=1 R1=1 S1=1 Y0=1 X0=1 Z0=1 C0=1 R0=1 S0=1] OutRegister[P=1 Q=1 Z12=8 C12=1 R12=1 S12=1 Y11=1 X11=1 Z11=1 C11=1 R11=1 S11=1 Y10=1 X10=1 Z10=1 C10=1 R10=1 S10=1 Y9=1 X9=1 Z9=1 C9=1 R9=1 S9=1 Y8=1 X8=1 Z8=1 C8=1 R8=1 S8=1 Y7=1 X7=1 Z7=1 C7=1 R7=1 S7=1 Y6=1 X6=1 Z6=1 C6=1 R6=1 S6=1 Y5=1 X5=1 Z5=1 C5=1 R5=1 S5=1 Y4=1 X4=1 Z4=1 C4=1 R4=1 S4=1 Y3=1 X3=1 Z3=1 C3=1 R3=1 S3=1 Y2=1 X2=1 Z2=1 C2=1 R2=1 S2=1 Y1=1 X1=1 Z1=1 C1=1 R1=1 S1=1 Y0=1 X0=1 Z0=1 C0=1 R0=1 S0=1] Compute] 
vgg16_13layer_2026-02-25T17:20:45.060744,vgg16,13layer,full,13,eyeriss,thesis_arch,1056,524,128,128,128,1,False,True,,4.296e+05,5.455e+06,2.38e+06,"(40633185984, 16400878592)",0.0005568108754232526,0.20857715606689453,DRAM[P=14 Q=14 Z12=1 C12=1 R12=1 S12=1 Y11=14 X11=14 Z11=1 C11=1 R11=1 S11=1 Y10=14 X10=14 Z10=1 C10=1 R10=1 S10=1 Y9=28 X9=28 Z9=1 C9=1 R9=1 S9=1 Y8=28 X8=28 Z8=1 C8=1 R8=1 S8=1 Y7=28 X7=28 Z7=1 C7=1 R7=1 S7=1 Y6=56 X6=56 Z6=1 C6=1 R6=1 S6=1 Y5=56 X5=56 Z5=1 C5=1 R5=1 S5=1 Y4=56 X4=56 Z4=1 C4=1 R4=1 S4=1 Y3=112 X3=112 Z3=1 C3=1 R3=1 S3=1 Y2=112 X2=112 Z2=1 C2=1 R2=1 S2=1 Y1=224 X1=224 Z1=1 C1=1 R1=1 S1=1 Y0=224 X0=224 Z0=1 C0=1 R0=1 S0=1] GlobalBuffer[P=1 Q=1 Z12=1 C12=1 R12=1 S12=1 Y11=1 X11=1 Z11=1 C11=1 R11=1 S11=1 Y10=1 X10=1 Z10=1 C10=1 R10=1 S10=1 Y9=1 X9=1 Z9=1 C9=1 R9=1 S9=1 Y8=1 X8=1 Z8=1 C8=1 R8=1 S8=1 Y7=1 X7=1 Z7=1 C7=1 R7=1 S7=1 Y6=1 X6=1 Z6=1 C6=1 R6=1 S6=1 Y5=1 X5=1 Z5=1 C5=1 R5=1 S5=1 Y4=1 X4=1 Z4=1 C4=1 R4=1 S4=1 Y3=1 X3=1 Z3=1 C3=1 R3=1 S3=1 Y2=1 X2=1 Z2=1 C2=1 R2=1 S2=1 Y1=1 X1=1 Z1=1 C1=1 R1=1 S1=1 Y0=1 X0=1 Z0=1 C0=1 R0=1 S0=1] SACols[Q=1 Z12=128] SARows[S12=3 C12=32 Z12=1] SACols_11[X11=1 Z11=128] SARows_11[S11=3 C11=32 Z11=1] SACols_10[X10=1 Z10=128] SARows_10[S10=3 C10=32 Z10=1] SACols_9[X9=1 Z9=128] SARows_9[S9=3 C9=32 Z9=1] SACols_8[X8=1 Z8=128] SARows_8[S8=3 C8=32 Z8=1] SACols_7[X7=1 Z7=128] SARows_7[S7=3 C7=32 Z7=1] SACols_6[X6=1 Z6=128] SARows_6[S6=3 C6=32 Z6=1] SACols_5[X5=1 Z5=128] SARows_5[S5=3 C5=32 Z5=1] SACols_4[X4=1 Z4=128] SARows_4[S4=3 C4=32 Z4=1] SACols_3[X3=1 Z3=128] SARows_3[S3=3 C3=32 Z3=1] SACols_2[X2=1 Z2=128] SARows_2[S2=3 C2=32 Z2=1] SACols_1[X1=1 Z1=64] SARows_1[S1=3 C1=32 Z1=1] SACols_0[X0=1 Z0=64] SARows_0[S0=3 C0=3 Z0=1] InRegister[P=1 Q=1 Z12=1 C12=1 R12=1 S12=1 Y11=1 X11=1 Z11=1 C11=1 R11=1 S11=1 Y10=1 X10=1 Z10=1 C10=1 R10=1 S10=1 Y9=1 X9=1 Z9=1 C9=1 R9=1 S9=1 Y8=1 X8=1 Z8=1 C8=1 R8=1 S8=1 Y7=1 X7=1 Z7=1 C7=1 R7=1 S7=1 Y6=1 X6=1 Z6=1 C6=1 R6=1 S6=1 Y5=1 X5=1 Z5=1 C5=1 R5=1 S5=1 Y4=1 X4=1 Z4=1 C4=1 R4=1 S4=1 Y3=1 X3=1 Z3=1 C3=1 R3=1 S3=1 Y2=1 X2=1 Z2=1 C2=1 R2=1 S2=1 Y1=1 X1=1 Z1=1 C1=1 R1=1 S1=1 Y0=1 X0=1 Z0=1 C0=1 R0=1 S0=1] WRegister[P=1 Q=1 Z12=1 C12=16 R12=3 S12=1 Y11=1 X11=1 Z11=1 C11=16 R11=3 S11=1 Y10=1 X10=1 Z10=1 C10=16 R10=3 S10=1 Y9=1 X9=1 Z9=1 C9=16 R9=3 S9=1 Y8=1 X8=1 Z8=1 C8=16 R8=3 S8=1 Y7=1 X7=1 Z7=1 C7=8 R7=3 S7=1 Y6=1 X6=1 Z6=1 C6=8 R6=3 S6=1 Y5=1 X5=1 Z5=1 C5=8 R5=3 S5=1 Y4=1 X4=1 Z4=1 C4=4 R4=3 S4=1 Y3=1 X3=1 Z3=1 C3=4 R3=3 S3=1 Y2=1 X2=1 Z2=1 C2=2 R2=3 S2=1 Y1=1 X1=1 Z1=1 C1=2 R1=3 S1=1 Y0=1 X0=1 Z0=1 C0=1 R0=3 S0=1] IntermediateRegister[P=1 Q=1 Z12=1 C12=1 R12=1 S12=1 Y11=1 X11=1 Z11=4 C11=1 R11=1 S11=1 Y10=1 X10=1 Z10=4 C10=1 R10=1 S10=1 Y9=1 X9=1 Z9=4 C9=1 R9=1 S9=1 Y8=1 X8=1 Z8=4 C8=1 R8=1 S8=1 Y7=1 X7=1 Z7=4 C7=1 R7=1 S7=1 Y6=1 X6=1 Z6=2 C6=1 R6=1 S6=1 Y5=1 X5=1 Z5=2 C5=1 R5=1 S5=1 Y4=1 X4=1 Z4=2 C4=1 R4=1 S4=1 Y3=1 X3=1 Z3=1 C3=1 R3=1 S3=1 Y2=1 X2=1 Z2=1 C2=1 R2=1 S2=1 Y1=1 X1=1 Z1=1 C1=1 R1=1 S1=1 Y0=1 X0=1 Z0=1 C0=1 R0=1 S0=1] OutRegister[P=1 Q=1 Z12=4 C12=1 R12=1 S12=1 Y11=1 X11=1 Z11=1 C11=1 R11=1 S11=1 Y10=1 X10=1 Z10=1 C10=1 R10=1 S10=1 Y9=1 X9=1 Z9=1 C9=1 R9=1 S9=1 Y8=1 X8=1 Z8=1 C8=1 R8=1 S8=1 Y7=1 X7=1 Z7=1 C7=1 R7=1 S7=1 Y6=1 X6=1 Z6=1 C6=1 R6=1 S6=1 Y5=1 X5=1 Z5=1 C5=1 R5=1 S5=1 Y4=1 X4=1 Z4=1 C4=1 R4=1 S4=1 Y3=1 X3=1 Z3=1 C3=1 R3=1 S3=1 Y2=1 X2=1 Z2=1 C2=1 R2=1 S2=1 Y1=1 X1=1 Z1=1 C1=1 R1=1 S1=1 Y0=1 X0=1 Z0=1 C0=1 R0=1 S0=1] Compute] 
vgg16_13layer_2026-02-25T17:20:45.576039,vgg16,13layer,full,13,eyeriss,thesis_arch,1056,524,128,256,4,1,False,False,"Ill-posed constraints:
CONSTRAINTS VIOLATION: Arch: Eyeriss_Constrained_13L_tile1_4x256 -> Level: WRegister: memory footprint: 19155 VS memory available: 4800
CONSTRAINTS VIOLATION: Arch: Eyeriss_Constrained_13L_tile1_4x256 -> Level: IntermediateRegister: memory footprint: 913 VS memory available: 350
CONSTRAINTS VIOLATION: Arch: Eyeriss_Constrained_13L_tile1_4x256 -> Level: OutRegister: memory footprint: 128 VS memory available: 64",0.000e+00,0.000e+00,0.00e+00,0,0.0,0.0,
vgg16_13layer_2026-02-25T17:20:45.927731,vgg16,13layer,full,13,eyeriss,thesis_arch,1056,524,128,256,16,1,False,True,,4.191e+05,6.715e+06,2.82e+06,"(34563897024, 17383525376)",0.004454487003386021,0.2401132583618164,DRAM[P=14 Q=14 Z12=1 C12=1 R12=1 S12=1 Y11=14 X11=14 Z11=1 C11=1 R11=1 S11=1 Y10=14 X10=14 Z10=1 C10=1 R10=1 S10=1 Y9=28 X9=28 Z9=1 C9=1 R9=1 S9=1 Y8=28 X8=28 Z8=1 C8=1 R8=1 S8=1 Y7=28 X7=28 Z7=1 C7=1 R7=1 S7=1 Y6=56 X6=56 Z6=1 C6=1 R6=1 S6=1 Y5=56 X5=56 Z5=1 C5=1 R5=1 S5=1 Y4=56 X4=56 Z4=1 C4=1 R4=1 S4=1 Y3=112 X3=112 Z3=1 C3=1 R3=1 S3=1 Y2=112 X2=112 Z2=1 C2=1 R2=1 S2=1 Y1=224 X1=224 Z1=1 C1=1 R1=1 S1=1 Y0=224 X0=224 Z0=1 C0=1 R0=1 S0=1] GlobalBuffer[P=1 Q=1 Z12=1 C12=1 R12=1 S12=1 Y11=1 X11=1 Z11=1 C11=1 R11=1 S11=1 Y10=1 X10=1 Z10=1 C10=1 R10=1 S10=1 Y9=1 X9=1 Z9=1 C9=1 R9=1 S9=1 Y8=1 X8=1 Z8=1 C8=1 R8=1 S8=1 Y7=1 X7=1 Z7=1 C7=1 R7=1 S7=1 Y6=1 X6=1 Z6=1 C6=1 R6=1 S6=1 Y5=1 X5=1 Z5=1 C5=1 R5=1 S5=1 Y4=1 X4=1 Z4=1 C4=1 R4=1 S4=1 Y3=1 X3=1 Z3=1 C3=1 R3=1 S3=1 Y2=1 X2=1 Z2=1 C2=1 R2=1 S2=1 Y1=1 X1=1 Z1=1 C1=1 R1=1 S1=1 Y0=1 X0=1 Z0=1 C0=1 R0=1 S0=1] SACols[Q=1 Z12=16] SARows[S12=3 C12=64 Z12=1] SACols_11[X11=1 Z11=16] SARows_11[S11=3 C11=64 Z11=1] SACols_10[X10=1 Z10=16] SARows_10[S10=3 C10=64 Z10=1] SACols_9[X9=1 Z9=16] SARows_9[S9=3 C9=64 Z9=1] SACols_8[X8=1 Z8=16] SARows_8[S8=3 C8=64 Z8=1] SACols_7[X7=1 Z7=16] SARows_7[S7=3 C7=64 Z7=1] SACols_6[X6=1 Z6=16] SARows_6[S6=3 C6=64 Z6=1] SACols_5[X5=1 Z5=16] SARows_5[S5=3 C5=64 Z5=1] SACols_4[X4=1 Z4=16] SARows_4[S4=3 C4=64 Z4=1] SACols_3[X3=1 Z3=16] SARows_3[S3=3 C3=64 Z3=1] SACols_2[X2=1 Z2=16] SARows_2[S2=3 C2=64 Z2=1] SACols_1[X1=1 Z1=16] SARows_1[S1=3 C1=64 Z1=1] SACols_0[X0=1 Z0=16] SARows_0[S0=3 C0=3 Z0=4] InRegister[P=1 Q=1 Z12=1 C12=1 R12=1 S12=1 Y11=1 X11=1 Z11=1 C11=1 R11=1 S11=1 Y10=1 X10=1 Z10=1 C10=1 R10=1 S10=1 Y9=1 X9=1 Z9=1 C9=1 R9=1 S9=1 Y8=1 X8=1 Z8=1 C8=1 R8=1 S8=1 Y7=1 X7=1 Z7=1 C7=1 R7=1 S7=1 Y6=1 X6=1 Z6=1 C6=1 R6=1 S6=1 Y5=1 X5=1 Z5=1 C5=1 R5=1 S5=1 Y4=1 X4=1 Z4=1 C4=1 R4=1 S4=1 Y3=1 X3=1 Z3=1 C3=1 R3=1 S3=1 Y2=1 X2=1 Z2=1 C2=1 R2=1 S2=1 Y1=1 X1=1 Z1=1 C1=1 R1=1 S1=1 Y0=1 X0=1 Z0=1 C0=1 R0=1 S0=1] WRegister[P=1 Q=1 Z12=1 C12=8 R12=3 S12=1 Y11=1 X11=1 Z11=1 C11=8 R11=3 S11=1 Y10=1 X10=1 Z10=1 C10=8 R10=3 S10=1 Y9=1 X9=1 Z9=1 C9=8 R9=3 S9=1 Y8=1 X8=1 Z8=1 C8=8 R8=3 S8=1 Y7=1 X7=1 Z7=1 C7=4 R7=3 S7=1 Y6=1 X6=1 Z6=1 C6=4 R6=3 S6=1 Y5=1 X5=1 Z5=1 C5=4 R5=3 S5=1 Y4=1 X4=1 Z4=1 C4=2 R4=3 S4=1 Y3=1 X3=1 Z3=1 C3=2 R3=3 S3=1 Y2=1 X2=1 Z2=1 C2=1 R2=3 S2=1 Y1=1 X1=1 Z1=1 C1=1 R1=3 S1=1 Y0=1 X0=1 Z0=1 C0=1 R0=3 S0=1] IntermediateRegister[P=1 Q=1 Z12=1 C12=1 R12=1 S12=1 Y11=1 X11=1 Z11=32 C11=1 R11=1 S11=1 Y10=1 X10=1 Z10=32 C10=1 R10=1 S10=1 Y9=1 X9=1 Z9=32 C9=1 R9=1 S9=1 Y8=1 X8=1 Z8=32 C8=1 R8=1 S8=1 Y7=1 X7=1 Z7=32 C7=1 R7=1 S7=1 Y6=1 X6=1 Z6=16 C6=1 R6=1 S6=1 Y5=1 X5=1 Z5=16 C5=1 R5=1 S5=1 Y4=1 X4=1 Z4=16 C4=1 R4=1 S4=1 Y3=1 X3=1 Z3=8 C3=1 R3=1 S3=1 Y2=1 X2=1 Z2=8 C2=1 R2=1 S2=1 Y1=1 X1=1 Z1=4 C1=1 R1=1 S1=1 Y0=1 X0=1 Z0=1 C0=1 R0=1 S0=1] OutRegister[P=1 Q=1 Z12=32 C12=1 R12=1 S12=1 Y11=1 X11=1 Z11=1 C11=1 R11=1 S11=1 Y10=1 X10=1 Z10=1 C10=1 R10=1 S10=1 Y9=1 X9=1 Z9=1 C9=1 R9=1 S9=1 Y8=1 X8=1 Z8=1 C8=1 R8=1 S8=1 Y7=1 X7=1 Z7=1 C7=1 R7=1 S7=1 Y6=1 X6=1 Z6=1 C6=1 R6=1 S6=1 Y5=1 X5=1 Z5=1 C5=1 R5=1 S5=1 Y4=1 X4=1 Z4=1 C4=1 R4=1 S4=1 Y3=1 X3=1 Z3=1 C3=1 R3=1 S3=1 Y2=1 X2=1 Z2=1 C2=1 R2=1 S2=1 Y1=1 X1=1 Z1=1 C1=1 R1=1 S1=1 Y0=1 X0=1 Z0=1 C0=1 R0=1 S0=1] Compute] 
vgg16_13layer_2026-02-25T17:20:46.478692,vgg16,13layer,full,13,eyeriss,thesis_arch,1056,524,128,256,32,1,False,True,,4.216e+05,5.681e+06,2.41e+06,"(35835557568, 17383525376)",0.0022272435016930103,0.23720097541809082,DRAM[P=14 Q=14 Z12=1 C12=1 R12=1 S12=1 Y11=14 X11=14 Z11=1 C11=1 R11=1 S11=1 Y10=14 X10=14 Z10=1 C10=1 R10=1 S10=1 Y9=28 X9=28 Z9=1 C9=1 R9=1 S9=1 Y8=28 X8=28 Z8=1 C8=1 R8=1 S8=1 Y7=28 X7=28 Z7=1 C7=1 R7=1 S7=1 Y6=56 X6=56 Z6=1 C6=1 R6=1 S6=1 Y5=56 X5=56 Z5=1 C5=1 R5=1 S5=1 Y4=56 X4=56 Z4=1 C4=1 R4=1 S4=1 Y3=112 X3=112 Z3=1 C3=1 R3=1 S3=1 Y2=112 X2=112 Z2=1 C2=1 R2=1 S2=1 Y1=224 X1=224 Z1=1 C1=1 R1=1 S1=1 Y0=224 X0=224 Z0=1 C0=1 R0=1 S0=1] GlobalBuffer[P=1 Q=1 Z12=1 C12=1 R12=1 S12=1 Y11=1 X11=1 Z11=1 C11=1 R11=1 S11=1 Y10=1 X10=1 Z10=1 C10=1 R10=1 S10=1 Y9=1 X9=1 Z9=1 C9=1 R9=1 S9=1 Y8=1 X8=1 Z8=1 C8=1 R8=1 S8=1 Y7=1 X7=1 Z7=1 C7=1 R7=1 S7=1 Y6=1 X6=1 Z6=1 C6=1 R6=1 S6=1 Y5=1 X5=1 Z5=1 C5=1 R5=1 S5=1 Y4=1 X4=1 Z4=1 C4=1 R4=1 S4=1 Y3=1 X3=1 Z3=1 C3=1 R3=1 S3=1 Y2=1 X2=1 Z2=1 C2=1 R2=1 S2=1 Y1=1 X1=1 Z1=1 C1=1 R1=1 S1=1 Y0=1 X0=1 Z0=1 C0=1 R0=1 S0=1] SACols[Q=1 Z12=32] SARows[S12=3 C12=64 Z12=1] SACols_11[X11=1 Z11=32] SARows_11[S11=3 C11=64 Z11=1] SACols_10[X10=1 Z10=32] SARows_10[S10=3 C10=64 Z10=1] SACols_9[X9=1 Z9=32] SARows_9[S9=3 C9=64 Z9=1] SACols_8[X8=1 Z8=32] SARows_8[S8=3 C8=64 Z8=1] SACols_7[X7=1 Z7=32] SARows_7[S7=3 C7=64 Z7=1] SACols_6[X6=1 Z6=32] SARows_6[S6=3 C6=64 Z6=1] SACols_5[X5=1 Z5=32] SARows_5[S5=3 C5=64 Z5=1] SACols_4[X4=1 Z4=32] SARows_4[S4=3 C4=64 Z4=1] SACols_3[X3=1 Z3=32] SARows_3[S3=3 C3=64 Z3=1] SACols_2[X2=1 Z2=32] SARows_2[S2=3 C2=64 Z2=1] SACols_1[X1=1 Z1=32] SARows_1[S1=3 C1=64 Z1=1] SACols_0[X0=1 Z0=32] SARows_0[S0=3 C0=3 Z0=2] InRegister[P=1 Q=1 Z12=1 C12=1 R12=1 S12=1 Y11=1 X11=1 Z11=1 C11=1 R11=1 S11=1 Y10=1 X10=1 Z10=1 C10=1 R10=1 S10=1 Y9=1 X9=1 Z9=1 C9=1 R9=1 S9=1 Y8=1 X8=1 Z8=1 C8=1 R8=1 S8=1 Y7=1 X7=1 Z7=1 C7=1 R7=1 S7=1 Y6=1 X6=1 Z6=1 C6=1 R6=1 S6=1 Y5=1 X5=1 Z5=1 C5=1 R5=1 S5=1 Y4=1 X4=1 Z4=1 C4=1 R4=1 S4=1 Y3=1 X3=1 Z3=1 C3=1 R3=1 S3=1 Y2=1 X2=1 Z2=1 C2=1 R2=1 S2=1 Y1=1 X1=1 Z1=1 C1=1 R1=1 S1=1 Y0=1 X0=1 Z0=1 C0=1 R0=1 S0=1] WRegister[P=1 Q=1 Z12=1 C12=8 R12=3 S12=1 Y11=1 X11=1 Z11=1 C11=8 R11=3 S11=1 Y10=1 X10=1 Z10=1 C10=8 R10=3 S10=1 Y9=1 X9=1 Z9=1 C9=8 R9=3 S9=1 Y8=1 X8=1 Z8=1 C8=8 R8=3 S8=1 Y7=1 X7=1 Z7=1 C7=4 R7=3 S7=1 Y6=1 X6=1 Z6=1 C6=4 R6=3 S6=1 Y5=1 X5=1 Z5=1 C5=4 R5=3 S5=1 Y4=1 X4=1 Z4=1 C4=2 R4=3 S4=1 Y3=1 X3=1 Z3=1 C3=2 R3=3 S3=1 Y2=1 X2=1 Z2=1 C2=1 R2=3 S2=1 Y1=1 X1=1 Z1=1 C1=1 R1=3 S1=1 Y0=1 X0=1 Z0=1 C0=1 R0=3 S0=1] IntermediateRegister[P=1 Q=1 Z12=1 C12=1 R12=1 S12=1 Y11=1 X11=1 Z11=16 C11=1 R11=1 S11=1 Y10=1 X10=1 Z10=16 C10=1 R10=1 S10=1 Y9=1 X9=1 Z9=16 C9=1 R9=1 S9=1 Y8=1 X8=1 Z8=16 C8=1 R8=1 S8=1 Y7=1 X7=1 Z7=16 C7=1 R7=1 S7=1 Y6=1 X6=1 Z6=8 C6=1 R6=1 S6=1 Y5=1 X5=1 Z5=8 C5=1 R5=1 S5=1 Y4=1 X4=1 Z4=8 C4=1 R4=1 S4=1 Y3=1 X3=1 Z3=4 C3=1 R3=1 S3=1 Y2=1 X2=1 Z2=4 C2=1 R2=1 S2=1 Y1=1 X1=1 Z1=2 C1=1 R1=1 S1=1 Y0=1 X0=1 Z0=1 C0=1 R0=1 S0=1] OutRegister[P=1 Q=1 Z12=16 C12=1 R12=1 S12=1 Y11=1 X11=1 Z11=1 C11=1 R11=1 S11=1 Y10=1 X10=1 Z10=1 C10=1 R10=1 S10=1 Y9=1 X9=1 Z9=1 C9=1 R9=1 S9=1 Y8=1 X8=1 Z8=1 C8=1 R8=1 S8=1 Y7=1 X7=1 Z7=1 C7=1 R7=1 S7=1 Y6=1 X6=1 Z6=1 C6=1 R6=1 S6=1 Y5=1 X5=1 Z5=1 C5=1 R5=1 S5=1 Y4=1 X4=1 Z4=1 C4=1 R4=1 S4=1 Y3=1 X3=1 Z3=1 C3=1 R3=1 S3=1 Y2=1 X2=1 Z2=1 C2=1 R2=1 S2=1 Y1=1 X1=1 Z1=1 C1=1 R1=1 S1=1 Y0=1 X0=1 Z0=1 C0=1 R0=1 S0=1] Compute] 
vgg16_13layer_2026-02-25T17:20:47.075189,vgg16,13layer,full,13,eyeriss,thesis_arch,1056,524,128,256,64,1,False,True,,4.266e+05,5.455e+06,2.35e+06,"(38378878656, 17383525376)",0.0011136217508465052,0.2081298828125,DRAM[P=14 Q=14 Z12=1 C12=1 R12=1 S12=1 Y11=14 X11=14 Z11=1 C11=1 R11=1 S11=1 Y10=14 X10=14 Z10=1 C10=1 R10=1 S10=1 Y9=28 X9=28 Z9=1 C9=1 R9=1 S9=1 Y8=28 X8=28 Z8=1 C8=1 R8=1 S8=1 Y7=28 X7=28 Z7=1 C7=1 R7=1 S7=1 Y6=56 X6=56 Z6=1 C6=1 R6=1 S6=1 Y5=56 X5=56 Z5=1 C5=1 R5=1 S5=1 Y4=56 X4=56 Z4=1 C4=1 R4=1 S4=1 Y3=112 X3=112 Z3=1 C3=1 R3=1 S3=1 Y2=112 X2=112 Z2=1 C2=1 R2=1 S2=1 Y1=224 X1=224 Z1=1 C1=1 R1=1 S1=1 Y0=224 X0=224 Z0=1 C0=1 R0=1 S0=1] GlobalBuffer[P=1 Q=1 Z12=1 C12=1 R12=1 S12=1 Y11=1 X11=1 Z11=1 C11=1 R11=1 S11=1 Y10=1 X10=1 Z10=1 C10=1 R10=1 S10=1 Y9=1 X9=1 Z9=1 C9=1 R9=1 S9=1 Y8=1 X8=1 Z8=1 C8=1 R8=1 S8=1 Y7=1 X7=1 Z7=1 C7=1 R7=1 S7=1 Y6=1 X6=1 Z6=1 C6=1 R6=1 S6=1 Y5=1 X5=1 Z5=1 C5=1 R5=1 S5=1 Y4=1 X4=1 Z4=1 C4=1 R4=1 S4=1 Y3=1 X3=1 Z3=1 C3=1 R3=1 S3=1 Y2=1 X2=1 Z2=1 C2=1 R2=1 S2=1 Y1=1 X1=1 Z1=1 C1=1 R1=1 S1=1 Y0=1 X0=1 Z0=1 C0=1 R0=1 S0=1] SACols[Q=1 Z12=64] SARows[S12=3 C12=64 Z12=1] SACols_11[X11=1 Z11=64] SARows_11[S11=3 C11=64 Z11=1] SACols_10[X10=1 Z10=64] SARows_10[S10=3 C10=64 Z10=1] SACols_9[X9=1 Z9=64] SARows_9[S9=3 C9=64 Z9=1] SACols_8[X8=1 Z8=64] SARows_8[S8=3 C8=64 Z8=1] SACols_7[X7=1 Z7=64] SARows_7[S7=3 C7=64 Z7=1] SACols_6[X6=1 Z6=64] SARows_6[S6=3 C6=64 Z6=1] SACols_5[X5=1 Z5=64] SARows_5[S5=3 C5=64 Z5=1] SACols_4[X4=1 Z4=64] SARows_4[S4=3 C4=64 Z4=1] SACols_3[X3=1 Z3=64] SARows_3[S3=3 C3=64 Z3=1] SACols_2[X2=1 Z2=64] SARows_2[S2=3 C2=64 Z2=1] SACols_1[X1=1 Z1=64] SARows_1[S1=3 C1=64 Z1=1] SACols_0[X0=1 Z0=64] SARows_0[S0=3 C0=3 Z0=1] InRegister[P=1 Q=1 Z12=1 C12=1 R12=1 S12=1 Y11=1 X11=1 Z11=1 C11=1 R11=1 S11=1 Y10=1 X10=1 Z10=1 C10=1 R10=1 S10=1 Y9=1 X9=1 Z9=1 C9=1 R9=1 S9=1 Y8=1 X8=1 Z8=1 C8=1 R8=1 S8=1 Y7=1 X7=1 Z7=1 C7=1 R7=1 S7=1 Y6=1 X6=1 Z6=1 C6=1 R6=1 S6=1 Y5=1 X5=1 Z5=1 C5=1 R5=1 S5=1 Y4=1 X4=1 Z4=1 C4=1 R4=1 S4=1 Y3=1 X3=1 Z3=1 C3=1 R3=1 S3=1 Y2=1 X2=1 Z2=1 C2=1 R2=1 S2=1 Y1=1 X1=1 Z1=1 C1=1 R1=1 S1=1 Y0=1 X0=1 Z0=1 C0=1 R0=1 S0=1] WRegister[P=1 Q=1 Z12=1 C12=8 R12=3 S12=1 Y11=1 X11=1 Z11=1 C11=8 R11=3 S11=1 Y10=1 X10=1 Z10=1 C10=8 R10=3 S10=1 Y9=1 X9=1 Z9=1 C9=8 R9=3 S9=1 Y8=1 X8=1 Z8=1 C8=8 R8=3 S8=1 Y7=1 X7=1 Z7=1 C7=4 R7=3 S7=1 Y6=1 X6=1 Z6=1 C6=4 R6=3 S6=1 Y5=1 X5=1 Z5=1 C5=4 R5=3 S5=1 Y4=1 X4=1 Z4=1 C4=2 R4=3 S4=1 Y3=1 X3=1 Z3=1 C3=2 R3=3 S3=1 Y2=1 X2=1 Z2=1 C2=1 R2=3 S2=1 Y1=1 X1=1 Z1=1 C1=1 R1=3 S1=1 Y0=1 X0=1 Z0=1 C0=1 R0=3 S0=1] IntermediateRegister[P=1 Q=1 Z12=1 C12=1 R12=1 S12=1 Y11=1 X11=1 Z11=8 C11=1 R11=1 S11=1 Y10=1 X10=1 Z10=8 C10=1 R10=1 S10=1 Y9=1 X9=1 Z9=8 C9=1 R9=1 S9=1 Y8=1 X8=1 Z8=8 C8=1 R8=1 S8=1 Y7=1 X7=1 Z7=8 C7=1 R7=1 S7=1 Y6=1 X6=1 Z6=4 C6=1 R6=1 S6=1 Y5=1 X5=1 Z5=4 C5=1 R5=1 S5=1 Y4=1 X4=1 Z4=4 C4=1 R4=1 S4=1 Y3=1 X3=1 Z3=2 C3=1 R3=1 S3=1 Y2=1 X2=1 Z2=2 C2=1 R2=1 S2=1 Y1=1 X1=1 Z1=1 C1=1 R1=1 S1=1 Y0=1 X0=1 Z0=1 C0=1 R0=1 S0=1] OutRegister[P=1 Q=1 Z12=8 C12=1 R12=1 S12=1 Y11=1 X11=1 Z11=1 C11=1 R11=1 S11=1 Y10=1 X10=1 Z10=1 C10=1 R10=1 S10=1 Y9=1 X9=1 Z9=1 C9=1 R9=1 S9=1 Y8=1 X8=1 Z8=1 C8=1 R8=1 S8=1 Y7=1 X7=1 Z7=1 C7=1 R7=1 S7=1 Y6=1 X6=1 Z6=1 C6=1 R6=1 S6=1 Y5=1 X5=1 Z5=1 C5=1 R5=1 S5=1 Y4=1 X4=1 Z4=1 C4=1 R4=1 S4=1 Y3=1 X3=1 Z3=1 C3=1 R3=1 S3=1 Y2=1 X2=1 Z2=1 C2=1 R2=1 S2=1 Y1=1 X1=1 Z1=1 C1=1 R1=1 S1=1 Y0=1 X0=1 Z0=1 C0=1 R0=1 S0=1] Compute] 
vgg16_13layer_2026-02-25T17:20:47.647752,vgg16,13layer,full,13,eyeriss,thesis_arch,1056,524,128,512,4,1,False,False,"Ill-posed constraints:
CONSTRAINTS VIOLATION: Arch: Eyeriss_Constrained_13L_tile1_4x512 -> Level: WRegister: memory footprint: 9579 VS memory available: 4800
CONSTRAINTS VIOLATION: Arch: Eyeriss_Constrained_13L_tile1_4x512 -> Level: IntermediateRegister: memory footprint: 889 VS memory available: 350
CONSTRAINTS VIOLATION: Arch: Eyeriss_Constrained_13L_tile1_4x512 -> Level: OutRegister: memory footprint: 128 VS memory available: 64",0.000e+00,0.000e+00,0.00e+00,0,0.0,0.0,
vgg16_13layer_2026-02-25T17:20:48.010864,vgg16,13layer,full,13,eyeriss,thesis_arch,1056,524,128,512,16,1,False,True,,4.238e+05,5.681e+06,2.42e+06,"(36182374080, 18423974912)",0.0022272435016930103,0.27209019660949707,DRAM[P=14 Q=14 Z12=1 C12=1 R12=1 S12=1 Y11=14 X11=14 Z11=1 C11=1 R11=1 S11=1 Y10=14 X10=14 Z10=1 C10=1 R10=1 S10=1 Y9=28 X9=28 Z9=1 C9=1 R9=1 S9=1 Y8=28 X8=28 Z8=1 C8=1 R8=1 S8=1 Y7=28 X7=28 Z7=1 C7=1 R7=1 S7=1 Y6=56 X6=56 Z6=1 C6=1 R6=1 S6=1 Y5=56 X5=56 Z5=1 C5=1 R5=1 S5=1 Y4=56 X4=56 Z4=1 C4=1 R4=1 S4=1 Y3=112 X3=112 Z3=1 C3=1 R3=1 S3=1 Y2=112 X2=112 Z2=1 C2=1 R2=1 S2=1 Y1=224 X1=224 Z1=1 C1=1 R1=1 S1=1 Y0=224 X0=224 Z0=1 C0=1 R0=1 S0=1] GlobalBuffer[P=1 Q=1 Z12=1 C12=1 R12=1 S12=1 Y11=1 X11=1 Z11=1 C11=1 R11=1 S11=1 Y10=1 X10=1 Z10=1 C10=1 R10=1 S10=1 Y9=1 X9=1 Z9=1 C9=1 R9=1 S9=1 Y8=1 X8=1 Z8=1 C8=1 R8=1 S8=1 Y7=1 X7=1 Z7=1 C7=1 R7=1 S7=1 Y6=1 X6=1 Z6=1 C6=1 R6=1 S6=1 Y5=1 X5=1 Z5=1 C5=1 R5=1 S5=1 Y4=1 X4=1 Z4=1 C4=1 R4=1 S4=1 Y3=1 X3=1 Z3=1 C3=1 R3=1 S3=1 Y2=1 X2=1 Z2=1 C2=1 R2=1 S2=1 Y1=1 X1=1 Z1=1 C1=1 R1=1 S1=1 Y0=1 X0=1 Z0=1 C0=1 R0=1 S0=1] SACols[Q=1 Z12=16] SARows[S12=3 C12=128 Z12=1] SACols_11[X11=1 Z11=16] SARows_11[S11=3 C11=128 Z11=1] SACols_10[X10=1 Z10=16] SARows_10[S10=3 C10=128 Z10=1] SACols_9[X9=1 Z9=16] SARows_9[S9=3 C9=128 Z9=1] SACols_8[X8=1 Z8=16] SARows_8[S8=3 C8=128 Z8=1] SACols_7[X7=1 Z7=16] SARows_7[S7=3 C7=128 Z7=1] SACols_6[X6=1 Z6=16] SARows_6[S6=3 C6=128 Z6=1] SACols_5[X5=1 Z5=16] SARows_5[S5=3 C5=128 Z5=1] SACols_4[X4=1 Z4=16] SARows_4[S4=3 C4=128 Z4=1] SACols_3[X3=1 Z3=16] SARows_3[S3=3 C3=128 Z3=1] SACols_2[X2=1 Z2=16] SARows_2[S2=3 C2=64 Z2=2] SACols_1[X1=1 Z1=16] SARows_1[S1=3 C1=64 Z1=2] SACols_0[X0=1 Z0=16] SARows_0[S0=3 C0=3 Z0=4] InRegister[P=1 Q=1 Z12=1 C12=1 R12=1 S12=1 Y11=1 X11=1 Z11=1 C11=1 R11=1 S11=1 Y10=1 X10=1 Z10=1 C10=1 R10=1 S10=1 Y9=1 X9=1 Z9=1 C9=1 R9=1 S9=1 Y8=1 X8=1 Z8=1 C8=1 R8=1 S8=1 Y7=1 X7=1 Z7=1 C7=1 R7=1 S7=1 Y6=1 X6=1 Z6=1 C6=1 R6=1 S6=1 Y5=1 X5=1 Z5=1 C5=1 R5=1 S5=1 Y4=1 X4=1 Z4=1 C4=1 R4=1 S4=1 Y3=1 X3=1 Z3=1 C3=1 R3=1 S3=1 Y2=1 X2=1 Z2=1 C2=1 R2=1 S2=1 Y1=1 X1=1 Z1=1 C1=1 R1=1 S1=1 Y0=1 X0=1 Z0=1 C0=1 R0=1 S0=1] WRegister[P=1 Q=1 Z12=1 C12=4 R12=3 S12=1 Y11=1 X11=1 Z11=1 C11=4 R11=3 S11=1 Y10=1 X10=1 Z10=1 C10=4 R10=3 S10=1 Y9=1 X9=1 Z9=1 C9=4 R9=3 S9=1 Y8=1 X8=1 Z8=1 C8=4 R8=3 S8=1 Y7=1 X7=1 Z7=1 C7=2 R7=3 S7=1 Y6=1 X6=1 Z6=1 C6=2 R6=3 S6=1 Y5=1 X5=1 Z5=1 C5=2 R5=3 S5=1 Y4=1 X4=1 Z4=1 C4=1 R4=3 S4=1 Y3=1 X3=1 Z3=1 C3=1 R3=3 S3=1 Y2=1 X2=1 Z2=1 C2=1 R2=3 S2=1 Y1=1 X1=1 Z1=1 C1=1 R1=3 S1=1 Y0=1 X0=1 Z0=1 C0=1 R0=3 S0=1] IntermediateRegister[P=1 Q=1 Z12=1 C12=1 R12=1 S12=1 Y11=1 X11=1 Z11=32 C11=1 R11=1 S11=1 Y10=1 X10=1 Z10=32 C10=1 R10=1 S10=1 Y9=1 X9=1 Z9=32 C9=1 R9=1 S9=1 Y8=1 X8=1 Z8=32 C8=1 R8=1 S8=1 Y7=1 X7=1 Z7=32 C7=1 R7=1 S7=1 Y6=1 X6=1 Z6=16 C6=1 R6=1 S6=1 Y5=1 X5=1 Z5=16 C5=1 R5=1 S5=1 Y4=1 X4=1 Z4=16 C4=1 R4=1 S4=1 Y3=1 X3=1 Z3=8 C3=1 R3=1 S3=1 Y2=1 X2=1 Z2=4 C2=1 R2=1 S2=1 Y1=1 X1=1 Z1=2 C1=1 R1=1 S1=1 Y0=1 X0=1 Z0=1 C0=1 R0=1 S0=1] OutRegister[P=1 Q=1 Z12=32 C12=1 R12=1 S12=1 Y11=1 X11=1 Z11=1 C11=1 R11=1 S11=1 Y10=1 X10=1 Z10=1 C10=1 R10=1 S10=1 Y9=1 X9=1 Z9=1 C9=1 R9=1 S9=1 Y8=1 X8=1 Z8=1 C8=1 R8=1 S8=1 Y7=1 X7=1 Z7=1 C7=1 R7=1 S7=1 Y6=1 X6=1 Z6=1 C6=1 R6=1 S6=1 Y5=1 X5=1 Z5=1 C5=1 R5=1 S5=1 Y4=1 X4=1 Z4=1 C4=1 R4=1 S4=1 Y3=1 X3=1 Z3=1 C3=1 R3=1 S3=1 Y2=1 X2=1 Z2=1 C2=1 R2=1 S2=1 Y1=1 X1=1 Z1=1 C1=1 R1=1 S1=1 Y0=1 X0=1 Z0=1 C0=1 R0=1 S0=1] Compute] 
vgg16_13layer_2026-02-25T17:20:48.684678,vgg16,13layer,full,13,eyeriss,thesis_arch,1056,524,128,512,32,1,False,True,,4.275e+05,5.455e+06,2.35e+06,"(38032062144, 18423974912)",0.0011136217508465052,0.26545262336730957,DRAM[P=14 Q=14 Z12=1 C12=1 R12=1 S12=1 Y11=14 X11=14 Z11=1 C11=1 R11=1 S11=1 Y10=14 X10=14 Z10=1 C10=1 R10=1 S10=1 Y9=28 X9=28 Z9=1 C9=1 R9=1 S9=1 Y8=28 X8=28 Z8=1 C8=1 R8=1 S8=1 Y7=28 X7=28 Z7=1 C7=1 R7=1 S7=1 Y6=56 X6=56 Z6=1 C6=1 R6=1 S6=1 Y5=56 X5=56 Z5=1 C5=1 R5=1 S5=1 Y4=56 X4=56 Z4=1 C4=1 R4=1 S4=1 Y3=112 X3=112 Z3=1 C3=1 R3=1 S3=1 Y2=112 X2=112 Z2=1 C2=1 R2=1 S2=1 Y1=224 X1=224 Z1=1 C1=1 R1=1 S1=1 Y0=224 X0=224 Z0=1 C0=1 R0=1 S0=1] GlobalBuffer[P=1 Q=1 Z12=1 C12=1 R12=1 S12=1 Y11=1 X11=1 Z11=1 C11=1 R11=1 S11=1 Y10=1 X10=1 Z10=1 C10=1 R10=1 S10=1 Y9=1 X9=1 Z9=1 C9=1 R9=1 S9=1 Y8=1 X8=1 Z8=1 C8=1 R8=1 S8=1 Y7=1 X7=1 Z7=1 C7=1 R7=1 S7=1 Y6=1 X6=1 Z6=1 C6=1 R6=1 S6=1 Y5=1 X5=1 Z5=1 C5=1 R5=1 S5=1 Y4=1 X4=1 Z4=1 C4=1 R4=1 S4=1 Y3=1 X3=1 Z3=1 C3=1 R3=1 S3=1 Y2=1 X2=1 Z2=1 C2=1 R2=1 S2=1 Y1=1 X1=1 Z1=1 C1=1 R1=1 S1=1 Y0=1 X0=1 Z0=1 C0=1 R0=1 S0=1] SACols[Q=1 Z12=32] SARows[S12=3 C12=128 Z12=1] SACols_11[X11=1 Z11=32] SARows_11[S11=3 C11=128 Z11=1] SACols_10[X10=1 Z10=32] SARows_10[S10=3 C10=128 Z10=1] SACols_9[X9=1 Z9=32] SARows_9[S9=3 C9=128 Z9=1] SACols_8[X8=1 Z8=32] SARows_8[S8=3 C8=128 Z8=1] SACols_7[X7=1 Z7=32] SARows_7[S7=3 C7=128 Z7=1] SACols_6[X6=1 Z6=32] SARows_6[S6=3 C6=128 Z6=1] SACols_5[X5=1 Z5=32] SARows_5[S5=3 C5=128 Z5=1] SACols_4[X4=1 Z4=32] SARows_4[S4=3 C4=128 Z4=1] SACols_3[X3=1 Z3=32] SARows_3[S3=3 C3=128 Z3=1] SACols_2[X2=1 Z2=32] SARows_2[S2=3 C2=64 Z2=2] SACols_1[X1=1 Z1=32] SARows_1[S1=3 C1=64 Z1=2] SACols_0[X0=1 Z0=32] SARows_0[S0=3 C0=3 Z0=2] InRegister[P=1 Q=1 Z12=1 C12=1 R12=1 S12=1 Y11=1 X11=1 Z11=1 C11=1 R11=1 S11=1 Y10=1 X10=1 Z10=1 C10=1 R10=1 S10=1 Y9=1 X9=1 Z9=1 C9=1 R9=1 S9=1 Y8=1 X8=1 Z8=1 C8=1 R8=1 S8=1 Y7=1 X7=1 Z7=1 C7=1 R7=1 S7=1 Y6=1 X6=1 Z6=1 C6=1 R6=1 S6=1 Y5=1 X5=1 Z5=1 C5=1 R5=1 S5=1 Y4=1 X4=1 Z4=1 C4=1 R4=1 S4=1 Y3=1 X3=1 Z3=1 C3=1 R3=1 S3=1 Y2=1 X2=1 Z2=1 C2=1 R2=1 S2=1 Y1=1 X1=1 Z1=1 C1=1 R1=1 S1=1 Y0=1 X0=1 Z0=1 C0=1 R0=1 S0=1] WRegister[P=1 Q=1 Z12=1 C12=4 R12=3 S12=1 Y11=1 X11=1 Z11=1 C11=4 R11=3 S11=1 Y10=1 X10=1 Z10=1 C10=4 R10=3 S10=1 Y9=1 X9=1 Z9=1 C9=4 R9=3 S9=1 Y8=1 X8=1 Z8=1 C8=4 R8=3 S8=1 Y7=1 X7=1 Z7=1 C7=2 R7=3 S7=1 Y6=1 X6=1 Z6=1 C6=2 R6=3 S6=1 Y5=1 X5=1 Z5=1 C5=2 R5=3 S5=1 Y4=1 X4=1 Z4=1 C4=1 R4=3 S4=1 Y3=1 X3=1 Z3=1 C3=1 R3=3 S3=1 Y2=1 X2=1 Z2=1 C2=1 R2=3 S2=1 Y1=1 X1=1 Z1=1 C1=1 R1=3 S1=1 Y0=1 X0=1 Z0=1 C0=1 R0=3 S0=1] IntermediateRegister[P=1 Q=1 Z12=1 C12=1 R12=1 S12=1 Y11=1 X11=1 Z11=16 C11=1 R11=1 S11=1 Y10=1 X10=1 Z10=16 C10=1 R10=1 S10=1 Y9=1 X9=1 Z9=16 C9=1 R9=1 S9=1 Y8=1 X8=1 Z8=16 C8=1 R8=1 S8=1 Y7=1 X7=1 Z7=16 C7=1 R7=1 S7=1 Y6=1 X6=1 Z6=8 C6=1 R6=1 S6=1 Y5=1 X5=1 Z5=8 C5=1 R5=1 S5=1 Y4=1 X4=1 Z4=8 C4=1 R4=1 S4=1 Y3=1 X3=1 Z3=4 C3=1 R3=1 S3=1 Y2=1 X2=1 Z2=2 C2=1 R2=1 S2=1 Y1=1 X1=1 Z1=1 C1=1 R1=1 S1=1 Y0=1 X0=1 Z0=1 C0=1 R0=1 S0=1] OutRegister[P=1 Q=1 Z12=16 C12=1 R12=1 S12=1 Y11=1 X11=1 Z11=1 C11=1 R11=1 S11=1 Y10=1 X10=1 Z10=1 C10=1 R10=1 S10=1 Y9=1 X9=1 Z9=1 C9=1 R9=1 S9=1 Y8=1 X8=1 Z8=1 C8=1 R8=1 S8=1 Y7=1 X7=1 Z7=1 C7=1 R7=1 S7=1 Y6=1 X6=1 Z6=1 C6=1 R6=1 S6=1 Y5=1 X5=1 Z5=1 C5=1 R5=1 S5=1 Y4=1 X4=1 Z4=1 C4=1 R4=1 S4=1 Y3=1 X3=1 Z3=1 C3=1 R3=1 S3=1 Y2=1 X2=1 Z2=1 C2=1 R2=1 S2=1 Y1=1 X1=1 Z1=1 C1=1 R1=1 S1=1 Y0=1 X0=1 Z0=1 C0=1 R0=1 S0=1] Compute] 
