experiment_id,workload_name,workload_variant,fusion_level,num_fused_layers,arch_type,arch_name,fmem_size_kB,wmem_size_kB,gb_size_kB,pe_rows,pe_cols,tile_size,scale_bandwidth,success,error_message,energy_uJ,latency_cycles,edp,mops,utilization,mapping_time_s,mapping
fsrcnn_8layer_2026-02-21T06:52:20.726956,fsrcnn,8layer,full,8,eyeriss,thesis_arch,1056,524,128,4,4,120,False,False,"Arch: Eyeriss_Constrained_8L_tile120_4x4 -> Level: SARows_0: Failed to fit comp to arch because the level's constraint (S0: 4) does not divide comp dimension S0 (5) exactly. To compensate, consider setting 'Settings.PADDED_MAPPINGS' to True.",0.000e+00,0.000e+00,0.00e+00,0,0.0,0.0,
fsrcnn_8layer_2026-02-21T06:52:21.923349,fsrcnn,8layer,full,8,eyeriss,thesis_arch,1056,524,128,4,16,120,False,False,"Arch: Eyeriss_Constrained_8L_tile120_16x4 -> Level: SARows_0: Failed to fit comp to arch because the level's constraint (S0: 4) does not divide comp dimension S0 (5) exactly. To compensate, consider setting 'Settings.PADDED_MAPPINGS' to True.",0.000e+00,0.000e+00,0.00e+00,0,0.0,0.0,
fsrcnn_8layer_2026-02-21T06:52:22.547077,fsrcnn,8layer,full,8,eyeriss,thesis_arch,1056,524,128,4,32,120,False,False,"Arch: Eyeriss_Constrained_8L_tile120_32x4 -> Level: SARows_0: Failed to fit comp to arch because the level's constraint (S0: 4) does not divide comp dimension S0 (5) exactly. To compensate, consider setting 'Settings.PADDED_MAPPINGS' to True.",0.000e+00,0.000e+00,0.00e+00,0,0.0,0.0,
fsrcnn_8layer_2026-02-21T06:52:22.953821,fsrcnn,8layer,full,8,eyeriss,thesis_arch,1056,524,128,4,64,120,False,False,"Arch: Eyeriss_Constrained_8L_tile120_64x4 -> Level: SARows_0: Failed to fit comp to arch because the level's constraint (S0: 4) does not divide comp dimension S0 (5) exactly. To compensate, consider setting 'Settings.PADDED_MAPPINGS' to True.",0.000e+00,0.000e+00,0.00e+00,0,0.0,0.0,
fsrcnn_8layer_2026-02-21T06:52:23.302652,fsrcnn,8layer,full,8,eyeriss,thesis_arch,1056,524,128,4,128,120,False,False,"Arch: Eyeriss_Constrained_8L_tile120_128x4 -> Level: SARows_0: Failed to fit comp to arch because the level's constraint (S0: 4) does not divide comp dimension S0 (5) exactly. To compensate, consider setting 'Settings.PADDED_MAPPINGS' to True.",0.000e+00,0.000e+00,0.00e+00,0,0.0,0.0,
fsrcnn_8layer_2026-02-21T06:52:23.623315,fsrcnn,8layer,full,8,eyeriss,thesis_arch,1056,524,128,4,256,120,False,False,"Arch: Eyeriss_Constrained_8L_tile120_256x4 -> Level: SARows_0: Failed to fit comp to arch because the level's constraint (S0: 4) does not divide comp dimension S0 (5) exactly. To compensate, consider setting 'Settings.PADDED_MAPPINGS' to True.",0.000e+00,0.000e+00,0.00e+00,0,0.0,0.0,
fsrcnn_8layer_2026-02-21T06:52:23.941234,fsrcnn,8layer,full,8,eyeriss,thesis_arch,1056,524,128,4,512,120,False,False,"Arch: Eyeriss_Constrained_8L_tile120_512x4 -> Level: SARows_0: Failed to fit comp to arch because the level's constraint (S0: 4) does not divide comp dimension S0 (5) exactly. To compensate, consider setting 'Settings.PADDED_MAPPINGS' to True.",0.000e+00,0.000e+00,0.00e+00,0,0.0,0.0,
fsrcnn_8layer_2026-02-21T06:52:24.261355,fsrcnn,8layer,full,8,eyeriss,thesis_arch,1056,524,128,16,4,120,False,False,"Ill-posed constraints:
CONSTRAINTS VIOLATION: Arch: Eyeriss_Constrained_8L_tile120_4x16 -> Level: InRegister: memory footprint: 93 VS memory available: 34
CONSTRAINTS VIOLATION: Arch: Eyeriss_Constrained_8L_tile120_4x16 -> Level: WRegister: memory footprint: 372 VS memory available: 200
CONSTRAINTS VIOLATION: Arch: Eyeriss_Constrained_8L_tile120_4x16 -> Level: IntermediateRegister: memory footprint: 43 VS memory available: 32",0.000e+00,0.000e+00,0.00e+00,0,0.0,0.0,
fsrcnn_8layer_2026-02-21T06:52:24.668669,fsrcnn,8layer,full,8,eyeriss,thesis_arch,1056,524,128,16,16,120,False,False,"Ill-posed constraints:
CONSTRAINTS VIOLATION: Arch: Eyeriss_Constrained_8L_tile120_16x16 -> Level: InRegister: memory footprint: 93 VS memory available: 34",0.000e+00,0.000e+00,0.00e+00,0,0.0,0.0,
fsrcnn_8layer_2026-02-21T06:52:25.129736,fsrcnn,8layer,full,8,eyeriss,thesis_arch,1056,524,128,16,32,120,False,False,"Ill-posed constraints:
CONSTRAINTS VIOLATION: Arch: Eyeriss_Constrained_8L_tile120_32x16 -> Level: InRegister: memory footprint: 93 VS memory available: 34",0.000e+00,0.000e+00,0.00e+00,0,0.0,0.0,
fsrcnn_8layer_2026-02-21T06:52:25.546637,fsrcnn,8layer,full,8,eyeriss,thesis_arch,1056,524,128,16,64,120,False,False,"Ill-posed constraints:
CONSTRAINTS VIOLATION: Arch: Eyeriss_Constrained_8L_tile120_64x16 -> Level: InRegister: memory footprint: 93 VS memory available: 34",0.000e+00,0.000e+00,0.00e+00,0,0.0,0.0,
fsrcnn_8layer_2026-02-21T06:52:25.945252,fsrcnn,8layer,full,8,eyeriss,thesis_arch,1056,524,128,16,128,120,False,False,"Ill-posed constraints:
CONSTRAINTS VIOLATION: Arch: Eyeriss_Constrained_8L_tile120_128x16 -> Level: InRegister: memory footprint: 93 VS memory available: 34",0.000e+00,0.000e+00,0.00e+00,0,0.0,0.0,
fsrcnn_8layer_2026-02-21T06:52:26.353686,fsrcnn,8layer,full,8,eyeriss,thesis_arch,1056,524,128,16,256,120,False,False,"Ill-posed constraints:
CONSTRAINTS VIOLATION: Arch: Eyeriss_Constrained_8L_tile120_256x16 -> Level: InRegister: memory footprint: 93 VS memory available: 34",0.000e+00,0.000e+00,0.00e+00,0,0.0,0.0,
fsrcnn_8layer_2026-02-21T06:52:26.821217,fsrcnn,8layer,full,8,eyeriss,thesis_arch,1056,524,128,16,512,120,False,False,"Ill-posed constraints:
CONSTRAINTS VIOLATION: Arch: Eyeriss_Constrained_8L_tile120_512x16 -> Level: InRegister: memory footprint: 93 VS memory available: 34",0.000e+00,0.000e+00,0.00e+00,0,0.0,0.0,
fsrcnn_8layer_2026-02-21T06:52:27.591266,fsrcnn,8layer,full,8,eyeriss,thesis_arch,1056,524,128,32,4,120,False,False,"Ill-posed constraints:
CONSTRAINTS VIOLATION: Arch: Eyeriss_Constrained_8L_tile120_4x32 -> Level: InRegister: memory footprint: 58 VS memory available: 34
CONSTRAINTS VIOLATION: Arch: Eyeriss_Constrained_8L_tile120_4x32 -> Level: WRegister: memory footprint: 204 VS memory available: 200",0.000e+00,0.000e+00,0.00e+00,0,0.0,0.0,
fsrcnn_8layer_2026-02-21T06:52:28.161668,fsrcnn,8layer,full,8,eyeriss,thesis_arch,1056,524,128,32,16,120,False,False,"Ill-posed constraints:
CONSTRAINTS VIOLATION: Arch: Eyeriss_Constrained_8L_tile120_16x32 -> Level: InRegister: memory footprint: 58 VS memory available: 34",0.000e+00,0.000e+00,0.00e+00,0,0.0,0.0,
fsrcnn_8layer_2026-02-21T06:52:28.476254,fsrcnn,8layer,full,8,eyeriss,thesis_arch,1056,524,128,32,32,120,False,False,"Ill-posed constraints:
CONSTRAINTS VIOLATION: Arch: Eyeriss_Constrained_8L_tile120_32x32 -> Level: InRegister: memory footprint: 58 VS memory available: 34",0.000e+00,0.000e+00,0.00e+00,0,0.0,0.0,
fsrcnn_8layer_2026-02-21T06:52:28.803429,fsrcnn,8layer,full,8,eyeriss,thesis_arch,1056,524,128,32,64,120,False,False,"Ill-posed constraints:
CONSTRAINTS VIOLATION: Arch: Eyeriss_Constrained_8L_tile120_64x32 -> Level: InRegister: memory footprint: 58 VS memory available: 34",0.000e+00,0.000e+00,0.00e+00,0,0.0,0.0,
fsrcnn_8layer_2026-02-21T06:52:29.203751,fsrcnn,8layer,full,8,eyeriss,thesis_arch,1056,524,128,32,128,120,False,False,"Ill-posed constraints:
CONSTRAINTS VIOLATION: Arch: Eyeriss_Constrained_8L_tile120_128x32 -> Level: InRegister: memory footprint: 58 VS memory available: 34",0.000e+00,0.000e+00,0.00e+00,0,0.0,0.0,
fsrcnn_8layer_2026-02-21T06:52:29.604436,fsrcnn,8layer,full,8,eyeriss,thesis_arch,1056,524,128,32,256,120,False,False,"Ill-posed constraints:
CONSTRAINTS VIOLATION: Arch: Eyeriss_Constrained_8L_tile120_256x32 -> Level: InRegister: memory footprint: 58 VS memory available: 34",0.000e+00,0.000e+00,0.00e+00,0,0.0,0.0,
fsrcnn_8layer_2026-02-21T06:52:29.938044,fsrcnn,8layer,full,8,eyeriss,thesis_arch,1056,524,128,32,512,120,False,False,"Ill-posed constraints:
CONSTRAINTS VIOLATION: Arch: Eyeriss_Constrained_8L_tile120_512x32 -> Level: InRegister: memory footprint: 58 VS memory available: 34",0.000e+00,0.000e+00,0.00e+00,0,0.0,0.0,
fsrcnn_8layer_2026-02-21T06:52:30.263588,fsrcnn,8layer,full,8,eyeriss,thesis_arch,1056,524,128,64,4,120,False,False,"Ill-posed constraints:
CONSTRAINTS VIOLATION: Arch: Eyeriss_Constrained_8L_tile120_4x64 -> Level: InRegister: memory footprint: 36 VS memory available: 34",0.000e+00,0.000e+00,0.00e+00,0,0.0,0.0,
fsrcnn_8layer_2026-02-21T06:52:30.605431,fsrcnn,8layer,full,8,eyeriss,thesis_arch,1056,524,128,64,16,120,False,False,"Ill-posed constraints:
CONSTRAINTS VIOLATION: Arch: Eyeriss_Constrained_8L_tile120_16x64 -> Level: InRegister: memory footprint: 36 VS memory available: 34",0.000e+00,0.000e+00,0.00e+00,0,0.0,0.0,
fsrcnn_8layer_2026-02-21T06:52:31.171969,fsrcnn,8layer,full,8,eyeriss,thesis_arch,1056,524,128,64,32,120,False,False,"Ill-posed constraints:
CONSTRAINTS VIOLATION: Arch: Eyeriss_Constrained_8L_tile120_32x64 -> Level: InRegister: memory footprint: 36 VS memory available: 34",0.000e+00,0.000e+00,0.00e+00,0,0.0,0.0,
fsrcnn_8layer_2026-02-21T06:52:32.013559,fsrcnn,8layer,full,8,eyeriss,thesis_arch,1056,524,128,64,64,120,False,False,"Ill-posed constraints:
CONSTRAINTS VIOLATION: Arch: Eyeriss_Constrained_8L_tile120_64x64 -> Level: InRegister: memory footprint: 36 VS memory available: 34",0.000e+00,0.000e+00,0.00e+00,0,0.0,0.0,
fsrcnn_8layer_2026-02-21T06:52:32.547073,fsrcnn,8layer,full,8,eyeriss,thesis_arch,1056,524,128,64,128,120,False,False,"Ill-posed constraints:
CONSTRAINTS VIOLATION: Arch: Eyeriss_Constrained_8L_tile120_128x64 -> Level: InRegister: memory footprint: 36 VS memory available: 34",0.000e+00,0.000e+00,0.00e+00,0,0.0,0.0,
fsrcnn_8layer_2026-02-21T06:52:32.891415,fsrcnn,8layer,full,8,eyeriss,thesis_arch,1056,524,128,64,256,120,False,False,"Ill-posed constraints:
CONSTRAINTS VIOLATION: Arch: Eyeriss_Constrained_8L_tile120_256x64 -> Level: InRegister: memory footprint: 36 VS memory available: 34",0.000e+00,0.000e+00,0.00e+00,0,0.0,0.0,
fsrcnn_8layer_2026-02-21T06:52:33.223687,fsrcnn,8layer,full,8,eyeriss,thesis_arch,1056,524,128,128,4,120,False,True,,5.052e+04,2.825e+07,1.46e+06,"(30062034792, 12094790400)",0.07833415499362673,0.1251528263092041,DRAM[P=540 Q=8 Z7=1 C7=1 R7=1 S7=1 Y6=540 X6=8 Z6=1 C6=1 R6=1 S6=1 Y5=540 X5=8 Z5=1 C5=1 R5=1 S5=1 Y4=540 X4=8 Z4=1 C4=1 R4=1 S4=1 Y3=540 X3=8 Z3=1 C3=1 R3=1 S3=1 Y2=540 X2=8 Z2=1 C2=1 R2=1 S2=1 Y1=540 X1=8 Z1=1 C1=1 R1=1 S1=1 Y0=540 X0=8 Z0=1 C0=1 R0=1 S0=1] GlobalBuffer[P=1 Q=120 Z7=1 C7=1 R7=1 S7=1 Y6=1 X6=120 Z6=1 C6=1 R6=1 S6=1 Y5=1 X5=120 Z5=1 C5=1 R5=1 S5=1 Y4=1 X4=120 Z4=1 C4=1 R4=1 S4=1 Y3=1 X3=120 Z3=1 C3=1 R3=1 S3=1 Y2=1 X2=120 Z2=1 C2=1 R2=1 S2=1 Y1=1 X1=120 Z1=1 C1=1 R1=1 S1=1 Y0=1 X0=120 Z0=1 C0=1 R0=1 S0=1] SACols[Q=1 Z7=4] SARows[S7=3 C7=28 Z7=1] SACols_6[X6=1 Z6=4] SARows_6[S6=1 C6=12 Z6=7] SACols_5[X5=1 Z5=4] SARows_5[S5=3 C5=12 Z5=3] SACols_4[X4=1 Z4=4] SARows_4[S4=3 C4=12 Z4=3] SACols_3[X3=1 Z3=4] SARows_3[S3=3 C3=12 Z3=3] SACols_2[X2=1 Z2=4] SARows_2[S2=3 C2=12 Z2=3] SACols_1[X1=1 Z1=4] SARows_1[S1=1 C1=56 Z1=1] SACols_0[X0=1 Z0=4] SARows_0[S0=5 C0=3 Z0=7] InRegister[P=1 Q=1 Z7=1 C7=1 R7=1 S7=1 Y6=1 X6=1 Z6=1 C6=1 R6=1 S6=1 Y5=1 X5=1 Z5=1 C5=1 R5=1 S5=1 Y4=1 X4=1 Z4=1 C4=1 R4=1 S4=1 Y3=1 X3=1 Z3=1 C3=1 R3=1 S3=1 Y2=1 X2=1 Z2=1 C2=1 R2=1 S2=1 Y1=1 X1=1 Z1=1 C1=1 R1=1 S1=1 Y0=1 X0=1 Z0=1 C0=1 R0=1 S0=1] WRegister[P=1 Q=1 Z7=1 C7=2 R7=3 S7=1 Y6=1 X6=1 Z6=1 C6=1 R6=1 S6=1 Y5=1 X5=1 Z5=1 C5=1 R5=3 S5=1 Y4=1 X4=1 Z4=1 C4=1 R4=3 S4=1 Y3=1 X3=1 Z3=1 C3=1 R3=3 S3=1 Y2=1 X2=1 Z2=1 C2=1 R2=3 S2=1 Y1=1 X1=1 Z1=1 C1=1 R1=1 S1=1 Y0=1 X0=1 Z0=1 C0=1 R0=5 S0=1] IntermediateRegister[P=1 Q=1 Z7=1 C7=1 R7=1 S7=1 Y6=1 X6=1 Z6=2 C6=1 R6=1 S6=1 Y5=1 X5=1 Z5=1 C5=1 R5=1 S5=1 Y4=1 X4=1 Z4=1 C4=1 R4=1 S4=1 Y3=1 X3=1 Z3=1 C3=1 R3=1 S3=1 Y2=1 X2=1 Z2=1 C2=1 R2=1 S2=1 Y1=1 X1=1 Z1=3 C1=1 R1=1 S1=1 Y0=1 X0=1 Z0=2 C0=1 R0=1 S0=1] OutRegister[P=1 Q=1 Z7=4 C7=1 R7=1 S7=1 Y6=1 X6=1 Z6=1 C6=1 R6=1 S6=1 Y5=1 X5=1 Z5=1 C5=1 R5=1 S5=1 Y4=1 X4=1 Z4=1 C4=1 R4=1 S4=1 Y3=1 X3=1 Z3=1 C3=1 R3=1 S3=1 Y2=1 X2=1 Z2=1 C2=1 R2=1 S2=1 Y1=1 X1=1 Z1=1 C1=1 R1=1 S1=1 Y0=1 X0=1 Z0=1 C0=1 R0=1 S0=1] Compute] 
fsrcnn_8layer_2026-02-21T06:52:33.727544,fsrcnn,8layer,full,8,eyeriss,thesis_arch,1056,524,128,128,16,120,False,True,,5.190e+04,1.918e+07,1.04e+06,"(31557100392, 12312518400)",5.73736486769727e-05,0.31186652183532715,DRAM[P=540 Q=8 Z7=1 C7=1 R7=1 S7=1 Y6=540 X6=8 Z6=1 C6=1 R6=1 S6=1 Y5=540 X5=8 Z5=1 C5=1 R5=1 S5=1 Y4=540 X4=8 Z4=1 C4=1 R4=1 S4=1 Y3=540 X3=8 Z3=1 C3=1 R3=1 S3=1 Y2=540 X2=8 Z2=1 C2=1 R2=1 S2=1 Y1=540 X1=8 Z1=1 C1=1 R1=1 S1=1 Y0=540 X0=8 Z0=1 C0=1 R0=1 S0=1] GlobalBuffer[P=1 Q=120 Z7=1 C7=1 R7=1 S7=1 Y6=1 X6=120 Z6=1 C6=1 R6=1 S6=1 Y5=1 X5=120 Z5=1 C5=1 R5=1 S5=1 Y4=1 X4=120 Z4=1 C4=1 R4=1 S4=1 Y3=1 X3=120 Z3=1 C3=1 R3=1 S3=1 Y2=1 X2=120 Z2=1 C2=1 R2=1 S2=1 Y1=1 X1=120 Z1=1 C1=1 R1=1 S1=1 Y0=1 X0=120 Z0=1 C0=1 R0=1 S0=1] SACols[Q=1 Z7=16] SARows[S7=3 C7=28 Z7=1] SACols_6[X6=1 Z6=14] SARows_6[S6=1 C6=12 Z6=4] SACols_5[X5=1 Z5=12] SARows_5[S5=3 C5=12 Z5=1] SACols_4[X4=1 Z4=12] SARows_4[S4=3 C4=12 Z4=1] SACols_3[X3=1 Z3=12] SARows_3[S3=3 C3=12 Z3=1] SACols_2[X2=1 Z2=12] SARows_2[S2=3 C2=12 Z2=1] SACols_1[X1=1 Z1=12] SARows_1[S1=1 C1=56 Z1=1] SACols_0[X0=1 Z0=14] SARows_0[S0=5 C0=3 Z0=4] InRegister[P=1 Q=1 Z7=1 C7=1 R7=1 S7=1 Y6=1 X6=1 Z6=1 C6=1 R6=1 S6=1 Y5=1 X5=1 Z5=1 C5=1 R5=1 S5=1 Y4=1 X4=1 Z4=1 C4=1 R4=1 S4=1 Y3=1 X3=1 Z3=1 C3=1 R3=1 S3=1 Y2=1 X2=1 Z2=1 C2=1 R2=1 S2=1 Y1=1 X1=1 Z1=1 C1=1 R1=1 S1=1 Y0=1 X0=1 Z0=1 C0=1 R0=1 S0=1] WRegister[P=1 Q=1 Z7=1 C7=2 R7=3 S7=1 Y6=1 X6=1 Z6=1 C6=1 R6=1 S6=1 Y5=1 X5=1 Z5=1 C5=1 R5=3 S5=1 Y4=1 X4=1 Z4=1 C4=1 R4=3 S4=1 Y3=1 X3=1 Z3=1 C3=1 R3=3 S3=1 Y2=1 X2=1 Z2=1 C2=1 R2=3 S2=1 Y1=1 X1=1 Z1=1 C1=1 R1=1 S1=1 Y0=1 X0=1 Z0=1 C0=1 R0=5 S0=1] IntermediateRegister[P=1 Q=1 Z7=1 C7=1 R7=1 S7=1 Y6=1 X6=1 Z6=1 C6=1 R6=1 S6=1 Y5=1 X5=1 Z5=1 C5=1 R5=1 S5=1 Y4=1 X4=1 Z4=1 C4=1 R4=1 S4=1 Y3=1 X3=1 Z3=1 C3=1 R3=1 S3=1 Y2=1 X2=1 Z2=1 C2=1 R2=1 S2=1 Y1=1 X1=1 Z1=1 C1=1 R1=1 S1=1 Y0=1 X0=1 Z0=1 C0=1 R0=1 S0=1] OutRegister[P=1 Q=1 Z7=1 C7=1 R7=1 S7=1 Y6=1 X6=1 Z6=1 C6=1 R6=1 S6=1 Y5=1 X5=1 Z5=1 C5=1 R5=1 S5=1 Y4=1 X4=1 Z4=1 C4=1 R4=1 S4=1 Y3=1 X3=1 Z3=1 C3=1 R3=1 S3=1 Y2=1 X2=1 Z2=1 C2=1 R2=1 S2=1 Y1=1 X1=1 Z1=1 C1=1 R1=1 S1=1 Y0=1 X0=1 Z0=1 C0=1 R0=1 S0=1] Compute] 
fsrcnn_8layer_2026-02-21T06:52:34.484996,fsrcnn,8layer,full,8,eyeriss,thesis_arch,1056,524,128,128,32,120,False,True,,5.190e+04,1.918e+07,1.04e+06,"(31557100392, 12312518400)",1.4343412169243175e-05,0.3116483688354492,DRAM[P=540 Q=8 Z7=1 C7=1 R7=1 S7=1 Y6=540 X6=8 Z6=1 C6=1 R6=1 S6=1 Y5=540 X5=8 Z5=1 C5=1 R5=1 S5=1 Y4=540 X4=8 Z4=1 C4=1 R4=1 S4=1 Y3=540 X3=8 Z3=1 C3=1 R3=1 S3=1 Y2=540 X2=8 Z2=1 C2=1 R2=1 S2=1 Y1=540 X1=8 Z1=1 C1=1 R1=1 S1=1 Y0=540 X0=8 Z0=1 C0=1 R0=1 S0=1] GlobalBuffer[P=1 Q=60 Z7=1 C7=1 R7=1 S7=1 Y6=1 X6=120 Z6=1 C6=1 R6=1 S6=1 Y5=1 X5=60 Z5=1 C5=1 R5=1 S5=1 Y4=1 X4=60 Z4=1 C4=1 R4=1 S4=1 Y3=1 X3=60 Z3=1 C3=1 R3=1 S3=1 Y2=1 X2=60 Z2=1 C2=1 R2=1 S2=1 Y1=1 X1=60 Z1=1 C1=1 R1=1 S1=1 Y0=1 X0=120 Z0=1 C0=1 R0=1 S0=1] SACols[Q=2 Z7=16] SARows[S7=3 C7=28 Z7=1] SACols_6[X6=1 Z6=28] SARows_6[S6=1 C6=12 Z6=2] SACols_5[X5=2 Z5=12] SARows_5[S5=3 C5=12 Z5=1] SACols_4[X4=2 Z4=12] SARows_4[S4=3 C4=12 Z4=1] SACols_3[X3=2 Z3=12] SARows_3[S3=3 C3=12 Z3=1] SACols_2[X2=2 Z2=12] SARows_2[S2=3 C2=12 Z2=1] SACols_1[X1=2 Z1=12] SARows_1[S1=1 C1=56 Z1=1] SACols_0[X0=1 Z0=28] SARows_0[S0=5 C0=3 Z0=2] InRegister[P=1 Q=1 Z7=1 C7=1 R7=1 S7=1 Y6=1 X6=1 Z6=1 C6=1 R6=1 S6=1 Y5=1 X5=1 Z5=1 C5=1 R5=1 S5=1 Y4=1 X4=1 Z4=1 C4=1 R4=1 S4=1 Y3=1 X3=1 Z3=1 C3=1 R3=1 S3=1 Y2=1 X2=1 Z2=1 C2=1 R2=1 S2=1 Y1=1 X1=1 Z1=1 C1=1 R1=1 S1=1 Y0=1 X0=1 Z0=1 C0=1 R0=1 S0=1] WRegister[P=1 Q=1 Z7=1 C7=2 R7=3 S7=1 Y6=1 X6=1 Z6=1 C6=1 R6=1 S6=1 Y5=1 X5=1 Z5=1 C5=1 R5=3 S5=1 Y4=1 X4=1 Z4=1 C4=1 R4=3 S4=1 Y3=1 X3=1 Z3=1 C3=1 R3=3 S3=1 Y2=1 X2=1 Z2=1 C2=1 R2=3 S2=1 Y1=1 X1=1 Z1=1 C1=1 R1=1 S1=1 Y0=1 X0=1 Z0=1 C0=1 R0=5 S0=1] IntermediateRegister[P=1 Q=1 Z7=1 C7=1 R7=1 S7=1 Y6=1 X6=1 Z6=1 C6=1 R6=1 S6=1 Y5=1 X5=1 Z5=1 C5=1 R5=1 S5=1 Y4=1 X4=1 Z4=1 C4=1 R4=1 S4=1 Y3=1 X3=1 Z3=1 C3=1 R3=1 S3=1 Y2=1 X2=1 Z2=1 C2=1 R2=1 S2=1 Y1=1 X1=1 Z1=1 C1=1 R1=1 S1=1 Y0=1 X0=1 Z0=1 C0=1 R0=1 S0=1] OutRegister[P=1 Q=1 Z7=1 C7=1 R7=1 S7=1 Y6=1 X6=1 Z6=1 C6=1 R6=1 S6=1 Y5=1 X5=1 Z5=1 C5=1 R5=1 S5=1 Y4=1 X4=1 Z4=1 C4=1 R4=1 S4=1 Y3=1 X3=1 Z3=1 C3=1 R3=1 S3=1 Y2=1 X2=1 Z2=1 C2=1 R2=1 S2=1 Y1=1 X1=1 Z1=1 C1=1 R1=1 S1=1 Y0=1 X0=1 Z0=1 C0=1 R0=1 S0=1] Compute] 
fsrcnn_8layer_2026-02-21T06:52:35.442352,fsrcnn,8layer,full,8,eyeriss,thesis_arch,1056,524,128,128,64,120,False,True,,5.190e+04,1.918e+07,1.04e+06,"(31557100392, 12312518400)",1.0943155036348858e-05,0.20780110359191895,DRAM[P=540 Q=8 Z7=1 C7=1 R7=1 S7=1 Y6=540 X6=8 Z6=1 C6=1 R6=1 S6=1 Y5=540 X5=8 Z5=1 C5=1 R5=1 S5=1 Y4=540 X4=8 Z4=1 C4=1 R4=1 S4=1 Y3=540 X3=8 Z3=1 C3=1 R3=1 S3=1 Y2=540 X2=8 Z2=1 C2=1 R2=1 S2=1 Y1=540 X1=8 Z1=1 C1=1 R1=1 S1=1 Y0=540 X0=8 Z0=1 C0=1 R0=1 S0=1] GlobalBuffer[P=1 Q=30 Z7=1 C7=1 R7=1 S7=1 Y6=1 X6=120 Z6=1 C6=1 R6=1 S6=1 Y5=1 X5=24 Z5=1 C5=1 R5=1 S5=1 Y4=1 X4=24 Z4=1 C4=1 R4=1 S4=1 Y3=1 X3=24 Z3=1 C3=1 R3=1 S3=1 Y2=1 X2=24 Z2=1 C2=1 R2=1 S2=1 Y1=1 X1=24 Z1=1 C1=1 R1=1 S1=1 Y0=1 X0=120 Z0=1 C0=1 R0=1 S0=1] SACols[Q=4 Z7=16] SARows[S7=3 C7=28 Z7=1] SACols_6[X6=1 Z6=56] SARows_6[S6=1 C6=12 Z6=1] SACols_5[X5=5 Z5=12] SARows_5[S5=3 C5=12 Z5=1] SACols_4[X4=5 Z4=12] SARows_4[S4=3 C4=12 Z4=1] SACols_3[X3=5 Z3=12] SARows_3[S3=3 C3=12 Z3=1] SACols_2[X2=5 Z2=12] SARows_2[S2=3 C2=12 Z2=1] SACols_1[X1=5 Z1=12] SARows_1[S1=1 C1=56 Z1=1] SACols_0[X0=1 Z0=56] SARows_0[S0=5 C0=3 Z0=1] InRegister[P=1 Q=1 Z7=1 C7=1 R7=1 S7=1 Y6=1 X6=1 Z6=1 C6=1 R6=1 S6=1 Y5=1 X5=1 Z5=1 C5=1 R5=1 S5=1 Y4=1 X4=1 Z4=1 C4=1 R4=1 S4=1 Y3=1 X3=1 Z3=1 C3=1 R3=1 S3=1 Y2=1 X2=1 Z2=1 C2=1 R2=1 S2=1 Y1=1 X1=1 Z1=1 C1=1 R1=1 S1=1 Y0=1 X0=1 Z0=1 C0=1 R0=1 S0=1] WRegister[P=1 Q=1 Z7=1 C7=2 R7=3 S7=1 Y6=1 X6=1 Z6=1 C6=1 R6=1 S6=1 Y5=1 X5=1 Z5=1 C5=1 R5=3 S5=1 Y4=1 X4=1 Z4=1 C4=1 R4=3 S4=1 Y3=1 X3=1 Z3=1 C3=1 R3=3 S3=1 Y2=1 X2=1 Z2=1 C2=1 R2=3 S2=1 Y1=1 X1=1 Z1=1 C1=1 R1=1 S1=1 Y0=1 X0=1 Z0=1 C0=1 R0=5 S0=1] IntermediateRegister[P=1 Q=1 Z7=1 C7=1 R7=1 S7=1 Y6=1 X6=1 Z6=1 C6=1 R6=1 S6=1 Y5=1 X5=1 Z5=1 C5=1 R5=1 S5=1 Y4=1 X4=1 Z4=1 C4=1 R4=1 S4=1 Y3=1 X3=1 Z3=1 C3=1 R3=1 S3=1 Y2=1 X2=1 Z2=1 C2=1 R2=1 S2=1 Y1=1 X1=1 Z1=1 C1=1 R1=1 S1=1 Y0=1 X0=1 Z0=1 C0=1 R0=1 S0=1] OutRegister[P=1 Q=1 Z7=1 C7=1 R7=1 S7=1 Y6=1 X6=1 Z6=1 C6=1 R6=1 S6=1 Y5=1 X5=1 Z5=1 C5=1 R5=1 S5=1 Y4=1 X4=1 Z4=1 C4=1 R4=1 S4=1 Y3=1 X3=1 Z3=1 C3=1 R3=1 S3=1 Y2=1 X2=1 Z2=1 C2=1 R2=1 S2=1 Y1=1 X1=1 Z1=1 C1=1 R1=1 S1=1 Y0=1 X0=1 Z0=1 C0=1 R0=1 S0=1] Compute] 
fsrcnn_8layer_2026-02-21T06:52:36.291238,fsrcnn,8layer,full,8,eyeriss,thesis_arch,1056,524,128,128,128,120,False,True,,5.190e+04,1.889e+07,1.03e+06,"(31557100392, 12312518400)",1.0943155036348858e-05,0.2232670783996582,DRAM[P=540 Q=8 Z7=1 C7=1 R7=1 S7=1 Y6=540 X6=8 Z6=1 C6=1 R6=1 S6=1 Y5=540 X5=8 Z5=1 C5=1 R5=1 S5=1 Y4=540 X4=8 Z4=1 C4=1 R4=1 S4=1 Y3=540 X3=8 Z3=1 C3=1 R3=1 S3=1 Y2=540 X2=8 Z2=1 C2=1 R2=1 S2=1 Y1=540 X1=8 Z1=1 C1=1 R1=1 S1=1 Y0=540 X0=8 Z0=1 C0=1 R0=1 S0=1] GlobalBuffer[P=1 Q=15 Z7=1 C7=1 R7=1 S7=1 Y6=1 X6=60 Z6=1 C6=1 R6=1 S6=1 Y5=1 X5=12 Z5=1 C5=1 R5=1 S5=1 Y4=1 X4=12 Z4=1 C4=1 R4=1 S4=1 Y3=1 X3=12 Z3=1 C3=1 R3=1 S3=1 Y2=1 X2=12 Z2=1 C2=1 R2=1 S2=1 Y1=1 X1=12 Z1=1 C1=1 R1=1 S1=1 Y0=1 X0=60 Z0=1 C0=1 R0=1 S0=1] SACols[Q=8 Z7=16] SARows[S7=3 C7=28 Z7=1] SACols_6[X6=2 Z6=56] SARows_6[S6=1 C6=12 Z6=1] SACols_5[X5=10 Z5=12] SARows_5[S5=3 C5=12 Z5=1] SACols_4[X4=10 Z4=12] SARows_4[S4=3 C4=12 Z4=1] SACols_3[X3=10 Z3=12] SARows_3[S3=3 C3=12 Z3=1] SACols_2[X2=10 Z2=12] SARows_2[S2=3 C2=12 Z2=1] SACols_1[X1=10 Z1=12] SARows_1[S1=1 C1=56 Z1=1] SACols_0[X0=2 Z0=56] SARows_0[S0=5 C0=3 Z0=1] InRegister[P=1 Q=1 Z7=1 C7=1 R7=1 S7=1 Y6=1 X6=1 Z6=1 C6=1 R6=1 S6=1 Y5=1 X5=1 Z5=1 C5=1 R5=1 S5=1 Y4=1 X4=1 Z4=1 C4=1 R4=1 S4=1 Y3=1 X3=1 Z3=1 C3=1 R3=1 S3=1 Y2=1 X2=1 Z2=1 C2=1 R2=1 S2=1 Y1=1 X1=1 Z1=1 C1=1 R1=1 S1=1 Y0=1 X0=1 Z0=1 C0=1 R0=1 S0=1] WRegister[P=1 Q=1 Z7=1 C7=2 R7=3 S7=1 Y6=1 X6=1 Z6=1 C6=1 R6=1 S6=1 Y5=1 X5=1 Z5=1 C5=1 R5=3 S5=1 Y4=1 X4=1 Z4=1 C4=1 R4=3 S4=1 Y3=1 X3=1 Z3=1 C3=1 R3=3 S3=1 Y2=1 X2=1 Z2=1 C2=1 R2=3 S2=1 Y1=1 X1=1 Z1=1 C1=1 R1=1 S1=1 Y0=1 X0=1 Z0=1 C0=1 R0=5 S0=1] IntermediateRegister[P=1 Q=1 Z7=1 C7=1 R7=1 S7=1 Y6=1 X6=1 Z6=1 C6=1 R6=1 S6=1 Y5=1 X5=1 Z5=1 C5=1 R5=1 S5=1 Y4=1 X4=1 Z4=1 C4=1 R4=1 S4=1 Y3=1 X3=1 Z3=1 C3=1 R3=1 S3=1 Y2=1 X2=1 Z2=1 C2=1 R2=1 S2=1 Y1=1 X1=1 Z1=1 C1=1 R1=1 S1=1 Y0=1 X0=1 Z0=1 C0=1 R0=1 S0=1] OutRegister[P=1 Q=1 Z7=1 C7=1 R7=1 S7=1 Y6=1 X6=1 Z6=1 C6=1 R6=1 S6=1 Y5=1 X5=1 Z5=1 C5=1 R5=1 S5=1 Y4=1 X4=1 Z4=1 C4=1 R4=1 S4=1 Y3=1 X3=1 Z3=1 C3=1 R3=1 S3=1 Y2=1 X2=1 Z2=1 C2=1 R2=1 S2=1 Y1=1 X1=1 Z1=1 C1=1 R1=1 S1=1 Y0=1 X0=1 Z0=1 C0=1 R0=1 S0=1] Compute] 
fsrcnn_8layer_2026-02-21T06:52:36.954952,fsrcnn,8layer,full,8,eyeriss,thesis_arch,1056,524,128,256,4,120,False,True,,5.190e+04,1.944e+07,1.04e+06,"(31557100392, 12312518400)",0.0073438270306525055,0.26125264167785645,DRAM[P=540 Q=8 Z7=1 C7=1 R7=1 S7=1 Y6=540 X6=8 Z6=1 C6=1 R6=1 S6=1 Y5=540 X5=8 Z5=1 C5=1 R5=1 S5=1 Y4=540 X4=8 Z4=1 C4=1 R4=1 S4=1 Y3=540 X3=8 Z3=1 C3=1 R3=1 S3=1 Y2=540 X2=8 Z2=1 C2=1 R2=1 S2=1 Y1=540 X1=8 Z1=1 C1=1 R1=1 S1=1 Y0=540 X0=8 Z0=1 C0=1 R0=1 S0=1] GlobalBuffer[P=1 Q=120 Z7=1 C7=1 R7=1 S7=1 Y6=1 X6=120 Z6=1 C6=1 R6=1 S6=1 Y5=1 X5=120 Z5=1 C5=1 R5=1 S5=1 Y4=1 X4=120 Z4=1 C4=1 R4=1 S4=1 Y3=1 X3=120 Z3=1 C3=1 R3=1 S3=1 Y2=1 X2=120 Z2=1 C2=1 R2=1 S2=1 Y1=1 X1=120 Z1=1 C1=1 R1=1 S1=1 Y0=1 X0=120 Z0=1 C0=1 R0=1 S0=1] SACols[Q=1 Z7=4] SARows[S7=3 C7=56 Z7=1] SACols_6[X6=1 Z6=4] SARows_6[S6=1 C6=12 Z6=14] SACols_5[X5=1 Z5=4] SARows_5[S5=3 C5=12 Z5=3] SACols_4[X4=1 Z4=4] SARows_4[S4=3 C4=12 Z4=3] SACols_3[X3=1 Z3=4] SARows_3[S3=3 C3=12 Z3=3] SACols_2[X2=1 Z2=4] SARows_2[S2=3 C2=12 Z2=3] SACols_1[X1=1 Z1=4] SARows_1[S1=1 C1=56 Z1=3] SACols_0[X0=1 Z0=4] SARows_0[S0=5 C0=3 Z0=14] InRegister[P=1 Q=1 Z7=1 C7=1 R7=1 S7=1 Y6=1 X6=1 Z6=1 C6=1 R6=1 S6=1 Y5=1 X5=1 Z5=1 C5=1 R5=1 S5=1 Y4=1 X4=1 Z4=1 C4=1 R4=1 S4=1 Y3=1 X3=1 Z3=1 C3=1 R3=1 S3=1 Y2=1 X2=1 Z2=1 C2=1 R2=1 S2=1 Y1=1 X1=1 Z1=1 C1=1 R1=1 S1=1 Y0=1 X0=1 Z0=1 C0=1 R0=1 S0=1] WRegister[P=1 Q=1 Z7=1 C7=1 R7=3 S7=1 Y6=1 X6=1 Z6=1 C6=1 R6=1 S6=1 Y5=1 X5=1 Z5=1 C5=1 R5=3 S5=1 Y4=1 X4=1 Z4=1 C4=1 R4=3 S4=1 Y3=1 X3=1 Z3=1 C3=1 R3=3 S3=1 Y2=1 X2=1 Z2=1 C2=1 R2=3 S2=1 Y1=1 X1=1 Z1=1 C1=1 R1=1 S1=1 Y0=1 X0=1 Z0=1 C0=1 R0=5 S0=1] IntermediateRegister[P=1 Q=1 Z7=1 C7=1 R7=1 S7=1 Y6=1 X6=1 Z6=1 C6=1 R6=1 S6=1 Y5=1 X5=1 Z5=1 C5=1 R5=1 S5=1 Y4=1 X4=1 Z4=1 C4=1 R4=1 S4=1 Y3=1 X3=1 Z3=1 C3=1 R3=1 S3=1 Y2=1 X2=1 Z2=1 C2=1 R2=1 S2=1 Y1=1 X1=1 Z1=1 C1=1 R1=1 S1=1 Y0=1 X0=1 Z0=1 C0=1 R0=1 S0=1] OutRegister[P=1 Q=1 Z7=4 C7=1 R7=1 S7=1 Y6=1 X6=1 Z6=1 C6=1 R6=1 S6=1 Y5=1 X5=1 Z5=1 C5=1 R5=1 S5=1 Y4=1 X4=1 Z4=1 C4=1 R4=1 S4=1 Y3=1 X3=1 Z3=1 C3=1 R3=1 S3=1 Y2=1 X2=1 Z2=1 C2=1 R2=1 S2=1 Y1=1 X1=1 Z1=1 C1=1 R1=1 S1=1 Y0=1 X0=1 Z0=1 C0=1 R0=1 S0=1] Compute] 
fsrcnn_8layer_2026-02-21T06:52:37.793423,fsrcnn,8layer,full,8,eyeriss,thesis_arch,1056,524,128,256,16,120,False,True,,5.190e+04,1.918e+07,1.04e+06,"(31557100392, 12312518400)",4.482316302888492e-07,0.2115035057067871,DRAM[P=540 Q=8 Z7=1 C7=1 R7=1 S7=1 Y6=540 X6=8 Z6=1 C6=1 R6=1 S6=1 Y5=540 X5=8 Z5=1 C5=1 R5=1 S5=1 Y4=540 X4=8 Z4=1 C4=1 R4=1 S4=1 Y3=540 X3=8 Z3=1 C3=1 R3=1 S3=1 Y2=540 X2=8 Z2=1 C2=1 R2=1 S2=1 Y1=540 X1=8 Z1=1 C1=1 R1=1 S1=1 Y0=540 X0=8 Z0=1 C0=1 R0=1 S0=1] GlobalBuffer[P=1 Q=120 Z7=1 C7=1 R7=1 S7=1 Y6=1 X6=120 Z6=1 C6=1 R6=1 S6=1 Y5=1 X5=120 Z5=1 C5=1 R5=1 S5=1 Y4=1 X4=120 Z4=1 C4=1 R4=1 S4=1 Y3=1 X3=120 Z3=1 C3=1 R3=1 S3=1 Y2=1 X2=120 Z2=1 C2=1 R2=1 S2=1 Y1=1 X1=120 Z1=1 C1=1 R1=1 S1=1 Y0=1 X0=120 Z0=1 C0=1 R0=1 S0=1] SACols[Q=1 Z7=16] SARows[S7=3 C7=56 Z7=1] SACols_6[X6=1 Z6=14] SARows_6[S6=1 C6=12 Z6=4] SACols_5[X5=1 Z5=12] SARows_5[S5=3 C5=12 Z5=1] SACols_4[X4=1 Z4=12] SARows_4[S4=3 C4=12 Z4=1] SACols_3[X3=1 Z3=12] SARows_3[S3=3 C3=12 Z3=1] SACols_2[X2=1 Z2=12] SARows_2[S2=3 C2=12 Z2=1] SACols_1[X1=1 Z1=12] SARows_1[S1=1 C1=56 Z1=1] SACols_0[X0=1 Z0=14] SARows_0[S0=5 C0=3 Z0=4] InRegister[P=1 Q=1 Z7=1 C7=1 R7=1 S7=1 Y6=1 X6=1 Z6=1 C6=1 R6=1 S6=1 Y5=1 X5=1 Z5=1 C5=1 R5=1 S5=1 Y4=1 X4=1 Z4=1 C4=1 R4=1 S4=1 Y3=1 X3=1 Z3=1 C3=1 R3=1 S3=1 Y2=1 X2=1 Z2=1 C2=1 R2=1 S2=1 Y1=1 X1=1 Z1=1 C1=1 R1=1 S1=1 Y0=1 X0=1 Z0=1 C0=1 R0=1 S0=1] WRegister[P=1 Q=1 Z7=1 C7=1 R7=3 S7=1 Y6=1 X6=1 Z6=1 C6=1 R6=1 S6=1 Y5=1 X5=1 Z5=1 C5=1 R5=3 S5=1 Y4=1 X4=1 Z4=1 C4=1 R4=3 S4=1 Y3=1 X3=1 Z3=1 C3=1 R3=3 S3=1 Y2=1 X2=1 Z2=1 C2=1 R2=3 S2=1 Y1=1 X1=1 Z1=1 C1=1 R1=1 S1=1 Y0=1 X0=1 Z0=1 C0=1 R0=5 S0=1] IntermediateRegister[P=1 Q=1 Z7=1 C7=1 R7=1 S7=1 Y6=1 X6=1 Z6=1 C6=1 R6=1 S6=1 Y5=1 X5=1 Z5=1 C5=1 R5=1 S5=1 Y4=1 X4=1 Z4=1 C4=1 R4=1 S4=1 Y3=1 X3=1 Z3=1 C3=1 R3=1 S3=1 Y2=1 X2=1 Z2=1 C2=1 R2=1 S2=1 Y1=1 X1=1 Z1=1 C1=1 R1=1 S1=1 Y0=1 X0=1 Z0=1 C0=1 R0=1 S0=1] OutRegister[P=1 Q=1 Z7=1 C7=1 R7=1 S7=1 Y6=1 X6=1 Z6=1 C6=1 R6=1 S6=1 Y5=1 X5=1 Z5=1 C5=1 R5=1 S5=1 Y4=1 X4=1 Z4=1 C4=1 R4=1 S4=1 Y3=1 X3=1 Z3=1 C3=1 R3=1 S3=1 Y2=1 X2=1 Z2=1 C2=1 R2=1 S2=1 Y1=1 X1=1 Z1=1 C1=1 R1=1 S1=1 Y0=1 X0=1 Z0=1 C0=1 R0=1 S0=1] Compute] 
fsrcnn_8layer_2026-02-21T06:52:38.485806,fsrcnn,8layer,full,8,eyeriss,thesis_arch,1056,524,128,256,32,120,False,True,,5.190e+04,1.918e+07,1.04e+06,"(31557100392, 12312518400)",1.120579075722123e-07,0.19108223915100098,DRAM[P=540 Q=8 Z7=1 C7=1 R7=1 S7=1 Y6=540 X6=8 Z6=1 C6=1 R6=1 S6=1 Y5=540 X5=8 Z5=1 C5=1 R5=1 S5=1 Y4=540 X4=8 Z4=1 C4=1 R4=1 S4=1 Y3=540 X3=8 Z3=1 C3=1 R3=1 S3=1 Y2=540 X2=8 Z2=1 C2=1 R2=1 S2=1 Y1=540 X1=8 Z1=1 C1=1 R1=1 S1=1 Y0=540 X0=8 Z0=1 C0=1 R0=1 S0=1] GlobalBuffer[P=1 Q=60 Z7=1 C7=1 R7=1 S7=1 Y6=1 X6=120 Z6=1 C6=1 R6=1 S6=1 Y5=1 X5=60 Z5=1 C5=1 R5=1 S5=1 Y4=1 X4=60 Z4=1 C4=1 R4=1 S4=1 Y3=1 X3=60 Z3=1 C3=1 R3=1 S3=1 Y2=1 X2=60 Z2=1 C2=1 R2=1 S2=1 Y1=1 X1=60 Z1=1 C1=1 R1=1 S1=1 Y0=1 X0=120 Z0=1 C0=1 R0=1 S0=1] SACols[Q=2 Z7=16] SARows[S7=3 C7=56 Z7=1] SACols_6[X6=1 Z6=28] SARows_6[S6=1 C6=12 Z6=2] SACols_5[X5=2 Z5=12] SARows_5[S5=3 C5=12 Z5=1] SACols_4[X4=2 Z4=12] SARows_4[S4=3 C4=12 Z4=1] SACols_3[X3=2 Z3=12] SARows_3[S3=3 C3=12 Z3=1] SACols_2[X2=2 Z2=12] SARows_2[S2=3 C2=12 Z2=1] SACols_1[X1=2 Z1=12] SARows_1[S1=1 C1=56 Z1=1] SACols_0[X0=1 Z0=28] SARows_0[S0=5 C0=3 Z0=2] InRegister[P=1 Q=1 Z7=1 C7=1 R7=1 S7=1 Y6=1 X6=1 Z6=1 C6=1 R6=1 S6=1 Y5=1 X5=1 Z5=1 C5=1 R5=1 S5=1 Y4=1 X4=1 Z4=1 C4=1 R4=1 S4=1 Y3=1 X3=1 Z3=1 C3=1 R3=1 S3=1 Y2=1 X2=1 Z2=1 C2=1 R2=1 S2=1 Y1=1 X1=1 Z1=1 C1=1 R1=1 S1=1 Y0=1 X0=1 Z0=1 C0=1 R0=1 S0=1] WRegister[P=1 Q=1 Z7=1 C7=1 R7=3 S7=1 Y6=1 X6=1 Z6=1 C6=1 R6=1 S6=1 Y5=1 X5=1 Z5=1 C5=1 R5=3 S5=1 Y4=1 X4=1 Z4=1 C4=1 R4=3 S4=1 Y3=1 X3=1 Z3=1 C3=1 R3=3 S3=1 Y2=1 X2=1 Z2=1 C2=1 R2=3 S2=1 Y1=1 X1=1 Z1=1 C1=1 R1=1 S1=1 Y0=1 X0=1 Z0=1 C0=1 R0=5 S0=1] IntermediateRegister[P=1 Q=1 Z7=1 C7=1 R7=1 S7=1 Y6=1 X6=1 Z6=1 C6=1 R6=1 S6=1 Y5=1 X5=1 Z5=1 C5=1 R5=1 S5=1 Y4=1 X4=1 Z4=1 C4=1 R4=1 S4=1 Y3=1 X3=1 Z3=1 C3=1 R3=1 S3=1 Y2=1 X2=1 Z2=1 C2=1 R2=1 S2=1 Y1=1 X1=1 Z1=1 C1=1 R1=1 S1=1 Y0=1 X0=1 Z0=1 C0=1 R0=1 S0=1] OutRegister[P=1 Q=1 Z7=1 C7=1 R7=1 S7=1 Y6=1 X6=1 Z6=1 C6=1 R6=1 S6=1 Y5=1 X5=1 Z5=1 C5=1 R5=1 S5=1 Y4=1 X4=1 Z4=1 C4=1 R4=1 S4=1 Y3=1 X3=1 Z3=1 C3=1 R3=1 S3=1 Y2=1 X2=1 Z2=1 C2=1 R2=1 S2=1 Y1=1 X1=1 Z1=1 C1=1 R1=1 S1=1 Y0=1 X0=1 Z0=1 C0=1 R0=1 S0=1] Compute] 
fsrcnn_8layer_2026-02-21T06:52:39.081792,fsrcnn,8layer,full,8,eyeriss,thesis_arch,1056,524,128,256,64,120,False,True,,5.190e+04,1.918e+07,1.04e+06,"(31557100392, 12312518400)",8.549339872147545e-08,0.1640617847442627,DRAM[P=540 Q=8 Z7=1 C7=1 R7=1 S7=1 Y6=540 X6=8 Z6=1 C6=1 R6=1 S6=1 Y5=540 X5=8 Z5=1 C5=1 R5=1 S5=1 Y4=540 X4=8 Z4=1 C4=1 R4=1 S4=1 Y3=540 X3=8 Z3=1 C3=1 R3=1 S3=1 Y2=540 X2=8 Z2=1 C2=1 R2=1 S2=1 Y1=540 X1=8 Z1=1 C1=1 R1=1 S1=1 Y0=540 X0=8 Z0=1 C0=1 R0=1 S0=1] GlobalBuffer[P=1 Q=30 Z7=1 C7=1 R7=1 S7=1 Y6=1 X6=120 Z6=1 C6=1 R6=1 S6=1 Y5=1 X5=24 Z5=1 C5=1 R5=1 S5=1 Y4=1 X4=24 Z4=1 C4=1 R4=1 S4=1 Y3=1 X3=24 Z3=1 C3=1 R3=1 S3=1 Y2=1 X2=24 Z2=1 C2=1 R2=1 S2=1 Y1=1 X1=24 Z1=1 C1=1 R1=1 S1=1 Y0=1 X0=120 Z0=1 C0=1 R0=1 S0=1] SACols[Q=4 Z7=16] SARows[S7=3 C7=56 Z7=1] SACols_6[X6=1 Z6=56] SARows_6[S6=1 C6=12 Z6=1] SACols_5[X5=5 Z5=12] SARows_5[S5=3 C5=12 Z5=1] SACols_4[X4=5 Z4=12] SARows_4[S4=3 C4=12 Z4=1] SACols_3[X3=5 Z3=12] SARows_3[S3=3 C3=12 Z3=1] SACols_2[X2=5 Z2=12] SARows_2[S2=3 C2=12 Z2=1] SACols_1[X1=5 Z1=12] SARows_1[S1=1 C1=56 Z1=1] SACols_0[X0=1 Z0=56] SARows_0[S0=5 C0=3 Z0=1] InRegister[P=1 Q=1 Z7=1 C7=1 R7=1 S7=1 Y6=1 X6=1 Z6=1 C6=1 R6=1 S6=1 Y5=1 X5=1 Z5=1 C5=1 R5=1 S5=1 Y4=1 X4=1 Z4=1 C4=1 R4=1 S4=1 Y3=1 X3=1 Z3=1 C3=1 R3=1 S3=1 Y2=1 X2=1 Z2=1 C2=1 R2=1 S2=1 Y1=1 X1=1 Z1=1 C1=1 R1=1 S1=1 Y0=1 X0=1 Z0=1 C0=1 R0=1 S0=1] WRegister[P=1 Q=1 Z7=1 C7=1 R7=3 S7=1 Y6=1 X6=1 Z6=1 C6=1 R6=1 S6=1 Y5=1 X5=1 Z5=1 C5=1 R5=3 S5=1 Y4=1 X4=1 Z4=1 C4=1 R4=3 S4=1 Y3=1 X3=1 Z3=1 C3=1 R3=3 S3=1 Y2=1 X2=1 Z2=1 C2=1 R2=3 S2=1 Y1=1 X1=1 Z1=1 C1=1 R1=1 S1=1 Y0=1 X0=1 Z0=1 C0=1 R0=5 S0=1] IntermediateRegister[P=1 Q=1 Z7=1 C7=1 R7=1 S7=1 Y6=1 X6=1 Z6=1 C6=1 R6=1 S6=1 Y5=1 X5=1 Z5=1 C5=1 R5=1 S5=1 Y4=1 X4=1 Z4=1 C4=1 R4=1 S4=1 Y3=1 X3=1 Z3=1 C3=1 R3=1 S3=1 Y2=1 X2=1 Z2=1 C2=1 R2=1 S2=1 Y1=1 X1=1 Z1=1 C1=1 R1=1 S1=1 Y0=1 X0=1 Z0=1 C0=1 R0=1 S0=1] OutRegister[P=1 Q=1 Z7=1 C7=1 R7=1 S7=1 Y6=1 X6=1 Z6=1 C6=1 R6=1 S6=1 Y5=1 X5=1 Z5=1 C5=1 R5=1 S5=1 Y4=1 X4=1 Z4=1 C4=1 R4=1 S4=1 Y3=1 X3=1 Z3=1 C3=1 R3=1 S3=1 Y2=1 X2=1 Z2=1 C2=1 R2=1 S2=1 Y1=1 X1=1 Z1=1 C1=1 R1=1 S1=1 Y0=1 X0=1 Z0=1 C0=1 R0=1 S0=1] Compute] 
fsrcnn_8layer_2026-02-21T06:52:39.692385,fsrcnn,8layer,full,8,eyeriss,thesis_arch,1056,524,128,512,4,120,False,True,,5.190e+04,1.918e+07,1.03e+06,"(31557100392, 12312518400)",5.73736486769727e-05,0.11762070655822754,DRAM[P=540 Q=8 Z7=1 C7=1 R7=1 S7=1 Y6=540 X6=8 Z6=1 C6=1 R6=1 S6=1 Y5=540 X5=8 Z5=1 C5=1 R5=1 S5=1 Y4=540 X4=8 Z4=1 C4=1 R4=1 S4=1 Y3=540 X3=8 Z3=1 C3=1 R3=1 S3=1 Y2=540 X2=8 Z2=1 C2=1 R2=1 S2=1 Y1=540 X1=8 Z1=1 C1=1 R1=1 S1=1 Y0=540 X0=8 Z0=1 C0=1 R0=1 S0=1] GlobalBuffer[P=1 Q=120 Z7=1 C7=1 R7=1 S7=1 Y6=1 X6=120 Z6=1 C6=1 R6=1 S6=1 Y5=1 X5=120 Z5=1 C5=1 R5=1 S5=1 Y4=1 X4=120 Z4=1 C4=1 R4=1 S4=1 Y3=1 X3=120 Z3=1 C3=1 R3=1 S3=1 Y2=1 X2=120 Z2=1 C2=1 R2=1 S2=1 Y1=1 X1=120 Z1=1 C1=1 R1=1 S1=1 Y0=1 X0=120 Z0=1 C0=1 R0=1 S0=1] SACols[Q=1 Z7=4] SARows[S7=3 C7=56 Z7=2] SACols_6[X6=1 Z6=4] SARows_6[S6=1 C6=12 Z6=14] SACols_5[X5=1 Z5=4] SARows_5[S5=3 C5=12 Z5=3] SACols_4[X4=1 Z4=4] SARows_4[S4=3 C4=12 Z4=3] SACols_3[X3=1 Z3=4] SARows_3[S3=3 C3=12 Z3=3] SACols_2[X2=1 Z2=4] SARows_2[S2=3 C2=12 Z2=3] SACols_1[X1=1 Z1=4] SARows_1[S1=1 C1=56 Z1=3] SACols_0[X0=1 Z0=4] SARows_0[S0=5 C0=3 Z0=14] InRegister[P=1 Q=1 Z7=1 C7=1 R7=1 S7=1 Y6=1 X6=1 Z6=1 C6=1 R6=1 S6=1 Y5=1 X5=1 Z5=1 C5=1 R5=1 S5=1 Y4=1 X4=1 Z4=1 C4=1 R4=1 S4=1 Y3=1 X3=1 Z3=1 C3=1 R3=1 S3=1 Y2=1 X2=1 Z2=1 C2=1 R2=1 S2=1 Y1=1 X1=1 Z1=1 C1=1 R1=1 S1=1 Y0=1 X0=1 Z0=1 C0=1 R0=1 S0=1] WRegister[P=1 Q=1 Z7=1 C7=1 R7=3 S7=1 Y6=1 X6=1 Z6=1 C6=1 R6=1 S6=1 Y5=1 X5=1 Z5=1 C5=1 R5=3 S5=1 Y4=1 X4=1 Z4=1 C4=1 R4=3 S4=1 Y3=1 X3=1 Z3=1 C3=1 R3=3 S3=1 Y2=1 X2=1 Z2=1 C2=1 R2=3 S2=1 Y1=1 X1=1 Z1=1 C1=1 R1=1 S1=1 Y0=1 X0=1 Z0=1 C0=1 R0=5 S0=1] IntermediateRegister[P=1 Q=1 Z7=1 C7=1 R7=1 S7=1 Y6=1 X6=1 Z6=1 C6=1 R6=1 S6=1 Y5=1 X5=1 Z5=1 C5=1 R5=1 S5=1 Y4=1 X4=1 Z4=1 C4=1 R4=1 S4=1 Y3=1 X3=1 Z3=1 C3=1 R3=1 S3=1 Y2=1 X2=1 Z2=1 C2=1 R2=1 S2=1 Y1=1 X1=1 Z1=1 C1=1 R1=1 S1=1 Y0=1 X0=1 Z0=1 C0=1 R0=1 S0=1] OutRegister[P=1 Q=1 Z7=2 C7=1 R7=1 S7=1 Y6=1 X6=1 Z6=1 C6=1 R6=1 S6=1 Y5=1 X5=1 Z5=1 C5=1 R5=1 S5=1 Y4=1 X4=1 Z4=1 C4=1 R4=1 S4=1 Y3=1 X3=1 Z3=1 C3=1 R3=1 S3=1 Y2=1 X2=1 Z2=1 C2=1 R2=1 S2=1 Y1=1 X1=1 Z1=1 C1=1 R1=1 S1=1 Y0=1 X0=1 Z0=1 C0=1 R0=1 S0=1] Compute] 
fsrcnn_8layer_2026-02-21T06:52:40.144297,fsrcnn,8layer,full,8,eyeriss,thesis_arch,1056,524,128,512,16,120,False,True,,5.190e+04,1.918e+07,1.04e+06,"(31557100392, 12312518400)",1.7509048058158172e-09,0.11602330207824707,DRAM[P=540 Q=8 Z7=1 C7=1 R7=1 S7=1 Y6=540 X6=8 Z6=1 C6=1 R6=1 S6=1 Y5=540 X5=8 Z5=1 C5=1 R5=1 S5=1 Y4=540 X4=8 Z4=1 C4=1 R4=1 S4=1 Y3=540 X3=8 Z3=1 C3=1 R3=1 S3=1 Y2=540 X2=8 Z2=1 C2=1 R2=1 S2=1 Y1=540 X1=8 Z1=1 C1=1 R1=1 S1=1 Y0=540 X0=8 Z0=1 C0=1 R0=1 S0=1] GlobalBuffer[P=1 Q=120 Z7=1 C7=1 R7=1 S7=1 Y6=1 X6=120 Z6=1 C6=1 R6=1 S6=1 Y5=1 X5=120 Z5=1 C5=1 R5=1 S5=1 Y4=1 X4=120 Z4=1 C4=1 R4=1 S4=1 Y3=1 X3=120 Z3=1 C3=1 R3=1 S3=1 Y2=1 X2=120 Z2=1 C2=1 R2=1 S2=1 Y1=1 X1=120 Z1=1 C1=1 R1=1 S1=1 Y0=1 X0=120 Z0=1 C0=1 R0=1 S0=1] SACols[Q=1 Z7=16] SARows[S7=3 C7=56 Z7=1] SACols_6[X6=1 Z6=14] SARows_6[S6=1 C6=12 Z6=4] SACols_5[X5=1 Z5=12] SARows_5[S5=3 C5=12 Z5=1] SACols_4[X4=1 Z4=12] SARows_4[S4=3 C4=12 Z4=1] SACols_3[X3=1 Z3=12] SARows_3[S3=3 C3=12 Z3=1] SACols_2[X2=1 Z2=12] SARows_2[S2=3 C2=12 Z2=1] SACols_1[X1=1 Z1=12] SARows_1[S1=1 C1=56 Z1=1] SACols_0[X0=1 Z0=14] SARows_0[S0=5 C0=3 Z0=4] InRegister[P=1 Q=1 Z7=1 C7=1 R7=1 S7=1 Y6=1 X6=1 Z6=1 C6=1 R6=1 S6=1 Y5=1 X5=1 Z5=1 C5=1 R5=1 S5=1 Y4=1 X4=1 Z4=1 C4=1 R4=1 S4=1 Y3=1 X3=1 Z3=1 C3=1 R3=1 S3=1 Y2=1 X2=1 Z2=1 C2=1 R2=1 S2=1 Y1=1 X1=1 Z1=1 C1=1 R1=1 S1=1 Y0=1 X0=1 Z0=1 C0=1 R0=1 S0=1] WRegister[P=1 Q=1 Z7=1 C7=1 R7=3 S7=1 Y6=1 X6=1 Z6=1 C6=1 R6=1 S6=1 Y5=1 X5=1 Z5=1 C5=1 R5=3 S5=1 Y4=1 X4=1 Z4=1 C4=1 R4=3 S4=1 Y3=1 X3=1 Z3=1 C3=1 R3=3 S3=1 Y2=1 X2=1 Z2=1 C2=1 R2=3 S2=1 Y1=1 X1=1 Z1=1 C1=1 R1=1 S1=1 Y0=1 X0=1 Z0=1 C0=1 R0=5 S0=1] IntermediateRegister[P=1 Q=1 Z7=1 C7=1 R7=1 S7=1 Y6=1 X6=1 Z6=1 C6=1 R6=1 S6=1 Y5=1 X5=1 Z5=1 C5=1 R5=1 S5=1 Y4=1 X4=1 Z4=1 C4=1 R4=1 S4=1 Y3=1 X3=1 Z3=1 C3=1 R3=1 S3=1 Y2=1 X2=1 Z2=1 C2=1 R2=1 S2=1 Y1=1 X1=1 Z1=1 C1=1 R1=1 S1=1 Y0=1 X0=1 Z0=1 C0=1 R0=1 S0=1] OutRegister[P=1 Q=1 Z7=1 C7=1 R7=1 S7=1 Y6=1 X6=1 Z6=1 C6=1 R6=1 S6=1 Y5=1 X5=1 Z5=1 C5=1 R5=1 S5=1 Y4=1 X4=1 Z4=1 C4=1 R4=1 S4=1 Y3=1 X3=1 Z3=1 C3=1 R3=1 S3=1 Y2=1 X2=1 Z2=1 C2=1 R2=1 S2=1 Y1=1 X1=1 Z1=1 C1=1 R1=1 S1=1 Y0=1 X0=1 Z0=1 C0=1 R0=1 S0=1] Compute] 
fsrcnn_8layer_2026-02-21T06:52:40.596101,fsrcnn,8layer,full,8,eyeriss,thesis_arch,1056,524,128,512,32,120,False,True,,5.190e+04,1.918e+07,1.04e+06,"(31557100392, 12312518400)",4.377262014539543e-10,0.13433527946472168,DRAM[P=540 Q=8 Z7=1 C7=1 R7=1 S7=1 Y6=540 X6=8 Z6=1 C6=1 R6=1 S6=1 Y5=540 X5=8 Z5=1 C5=1 R5=1 S5=1 Y4=540 X4=8 Z4=1 C4=1 R4=1 S4=1 Y3=540 X3=8 Z3=1 C3=1 R3=1 S3=1 Y2=540 X2=8 Z2=1 C2=1 R2=1 S2=1 Y1=540 X1=8 Z1=1 C1=1 R1=1 S1=1 Y0=540 X0=8 Z0=1 C0=1 R0=1 S0=1] GlobalBuffer[P=1 Q=60 Z7=1 C7=1 R7=1 S7=1 Y6=1 X6=120 Z6=1 C6=1 R6=1 S6=1 Y5=1 X5=60 Z5=1 C5=1 R5=1 S5=1 Y4=1 X4=60 Z4=1 C4=1 R4=1 S4=1 Y3=1 X3=60 Z3=1 C3=1 R3=1 S3=1 Y2=1 X2=60 Z2=1 C2=1 R2=1 S2=1 Y1=1 X1=60 Z1=1 C1=1 R1=1 S1=1 Y0=1 X0=120 Z0=1 C0=1 R0=1 S0=1] SACols[Q=2 Z7=16] SARows[S7=3 C7=56 Z7=1] SACols_6[X6=1 Z6=28] SARows_6[S6=1 C6=12 Z6=2] SACols_5[X5=2 Z5=12] SARows_5[S5=3 C5=12 Z5=1] SACols_4[X4=2 Z4=12] SARows_4[S4=3 C4=12 Z4=1] SACols_3[X3=2 Z3=12] SARows_3[S3=3 C3=12 Z3=1] SACols_2[X2=2 Z2=12] SARows_2[S2=3 C2=12 Z2=1] SACols_1[X1=2 Z1=12] SARows_1[S1=1 C1=56 Z1=1] SACols_0[X0=1 Z0=28] SARows_0[S0=5 C0=3 Z0=2] InRegister[P=1 Q=1 Z7=1 C7=1 R7=1 S7=1 Y6=1 X6=1 Z6=1 C6=1 R6=1 S6=1 Y5=1 X5=1 Z5=1 C5=1 R5=1 S5=1 Y4=1 X4=1 Z4=1 C4=1 R4=1 S4=1 Y3=1 X3=1 Z3=1 C3=1 R3=1 S3=1 Y2=1 X2=1 Z2=1 C2=1 R2=1 S2=1 Y1=1 X1=1 Z1=1 C1=1 R1=1 S1=1 Y0=1 X0=1 Z0=1 C0=1 R0=1 S0=1] WRegister[P=1 Q=1 Z7=1 C7=1 R7=3 S7=1 Y6=1 X6=1 Z6=1 C6=1 R6=1 S6=1 Y5=1 X5=1 Z5=1 C5=1 R5=3 S5=1 Y4=1 X4=1 Z4=1 C4=1 R4=3 S4=1 Y3=1 X3=1 Z3=1 C3=1 R3=3 S3=1 Y2=1 X2=1 Z2=1 C2=1 R2=3 S2=1 Y1=1 X1=1 Z1=1 C1=1 R1=1 S1=1 Y0=1 X0=1 Z0=1 C0=1 R0=5 S0=1] IntermediateRegister[P=1 Q=1 Z7=1 C7=1 R7=1 S7=1 Y6=1 X6=1 Z6=1 C6=1 R6=1 S6=1 Y5=1 X5=1 Z5=1 C5=1 R5=1 S5=1 Y4=1 X4=1 Z4=1 C4=1 R4=1 S4=1 Y3=1 X3=1 Z3=1 C3=1 R3=1 S3=1 Y2=1 X2=1 Z2=1 C2=1 R2=1 S2=1 Y1=1 X1=1 Z1=1 C1=1 R1=1 S1=1 Y0=1 X0=1 Z0=1 C0=1 R0=1 S0=1] OutRegister[P=1 Q=1 Z7=1 C7=1 R7=1 S7=1 Y6=1 X6=1 Z6=1 C6=1 R6=1 S6=1 Y5=1 X5=1 Z5=1 C5=1 R5=1 S5=1 Y4=1 X4=1 Z4=1 C4=1 R4=1 S4=1 Y3=1 X3=1 Z3=1 C3=1 R3=1 S3=1 Y2=1 X2=1 Z2=1 C2=1 R2=1 S2=1 Y1=1 X1=1 Z1=1 C1=1 R1=1 S1=1 Y0=1 X0=1 Z0=1 C0=1 R0=1 S0=1] Compute] 
fsrcnn_8layer_2026-02-21T06:52:41.097180,fsrcnn,8layer,full,8,eyeriss,thesis_arch,1056,524,128,4,4,120,False,False,"Arch: Eyeriss_Constrained_8L_tile120_4x4 -> Level: SARows_0: Failed to fit comp to arch because the level's constraint (S0: 4) does not divide comp dimension S0 (5) exactly. To compensate, consider setting 'Settings.PADDED_MAPPINGS' to True.",0.000e+00,0.000e+00,0.00e+00,0,0.0,0.0,
fsrcnn_8layer_2026-02-21T06:52:41.518055,fsrcnn,8layer,full,8,eyeriss,thesis_arch,1056,524,128,4,16,120,False,False,"Arch: Eyeriss_Constrained_8L_tile120_16x4 -> Level: SARows_0: Failed to fit comp to arch because the level's constraint (S0: 4) does not divide comp dimension S0 (5) exactly. To compensate, consider setting 'Settings.PADDED_MAPPINGS' to True.",0.000e+00,0.000e+00,0.00e+00,0,0.0,0.0,
fsrcnn_8layer_2026-02-21T06:52:42.100860,fsrcnn,8layer,full,8,eyeriss,thesis_arch,1056,524,128,4,32,120,False,False,"Arch: Eyeriss_Constrained_8L_tile120_32x4 -> Level: SARows_0: Failed to fit comp to arch because the level's constraint (S0: 4) does not divide comp dimension S0 (5) exactly. To compensate, consider setting 'Settings.PADDED_MAPPINGS' to True.",0.000e+00,0.000e+00,0.00e+00,0,0.0,0.0,
fsrcnn_8layer_2026-02-21T06:52:42.491285,fsrcnn,8layer,full,8,eyeriss,thesis_arch,1056,524,128,4,64,120,False,False,"Arch: Eyeriss_Constrained_8L_tile120_64x4 -> Level: SARows_0: Failed to fit comp to arch because the level's constraint (S0: 4) does not divide comp dimension S0 (5) exactly. To compensate, consider setting 'Settings.PADDED_MAPPINGS' to True.",0.000e+00,0.000e+00,0.00e+00,0,0.0,0.0,
fsrcnn_8layer_2026-02-21T06:52:42.824380,fsrcnn,8layer,full,8,eyeriss,thesis_arch,1056,524,128,4,128,120,False,False,"Arch: Eyeriss_Constrained_8L_tile120_128x4 -> Level: SARows_0: Failed to fit comp to arch because the level's constraint (S0: 4) does not divide comp dimension S0 (5) exactly. To compensate, consider setting 'Settings.PADDED_MAPPINGS' to True.",0.000e+00,0.000e+00,0.00e+00,0,0.0,0.0,
fsrcnn_8layer_2026-02-21T06:52:43.191444,fsrcnn,8layer,full,8,eyeriss,thesis_arch,1056,524,128,4,256,120,False,False,"Arch: Eyeriss_Constrained_8L_tile120_256x4 -> Level: SARows_0: Failed to fit comp to arch because the level's constraint (S0: 4) does not divide comp dimension S0 (5) exactly. To compensate, consider setting 'Settings.PADDED_MAPPINGS' to True.",0.000e+00,0.000e+00,0.00e+00,0,0.0,0.0,
fsrcnn_8layer_2026-02-21T06:52:43.587758,fsrcnn,8layer,full,8,eyeriss,thesis_arch,1056,524,128,4,512,120,False,False,"Arch: Eyeriss_Constrained_8L_tile120_512x4 -> Level: SARows_0: Failed to fit comp to arch because the level's constraint (S0: 4) does not divide comp dimension S0 (5) exactly. To compensate, consider setting 'Settings.PADDED_MAPPINGS' to True.",0.000e+00,0.000e+00,0.00e+00,0,0.0,0.0,
fsrcnn_8layer_2026-02-21T06:52:43.944378,fsrcnn,8layer,full,8,eyeriss,thesis_arch,1056,524,128,16,4,120,False,False,"Ill-posed constraints:
CONSTRAINTS VIOLATION: Arch: Eyeriss_Constrained_8L_tile120_4x16 -> Level: InRegister: memory footprint: 93 VS memory available: 34
CONSTRAINTS VIOLATION: Arch: Eyeriss_Constrained_8L_tile120_4x16 -> Level: WRegister: memory footprint: 372 VS memory available: 300
CONSTRAINTS VIOLATION: Arch: Eyeriss_Constrained_8L_tile120_4x16 -> Level: IntermediateRegister: memory footprint: 43 VS memory available: 32",0.000e+00,0.000e+00,0.00e+00,0,0.0,0.0,
fsrcnn_8layer_2026-02-21T06:52:44.352890,fsrcnn,8layer,full,8,eyeriss,thesis_arch,1056,524,128,16,16,120,False,False,"Ill-posed constraints:
CONSTRAINTS VIOLATION: Arch: Eyeriss_Constrained_8L_tile120_16x16 -> Level: InRegister: memory footprint: 93 VS memory available: 34",0.000e+00,0.000e+00,0.00e+00,0,0.0,0.0,
fsrcnn_8layer_2026-02-21T06:52:44.766361,fsrcnn,8layer,full,8,eyeriss,thesis_arch,1056,524,128,16,32,120,False,False,"Ill-posed constraints:
CONSTRAINTS VIOLATION: Arch: Eyeriss_Constrained_8L_tile120_32x16 -> Level: InRegister: memory footprint: 93 VS memory available: 34",0.000e+00,0.000e+00,0.00e+00,0,0.0,0.0,
fsrcnn_8layer_2026-02-21T06:52:45.148939,fsrcnn,8layer,full,8,eyeriss,thesis_arch,1056,524,128,16,64,120,False,False,"Ill-posed constraints:
CONSTRAINTS VIOLATION: Arch: Eyeriss_Constrained_8L_tile120_64x16 -> Level: InRegister: memory footprint: 93 VS memory available: 34",0.000e+00,0.000e+00,0.00e+00,0,0.0,0.0,
fsrcnn_8layer_2026-02-21T06:52:45.557382,fsrcnn,8layer,full,8,eyeriss,thesis_arch,1056,524,128,16,128,120,False,False,"Ill-posed constraints:
CONSTRAINTS VIOLATION: Arch: Eyeriss_Constrained_8L_tile120_128x16 -> Level: InRegister: memory footprint: 93 VS memory available: 34",0.000e+00,0.000e+00,0.00e+00,0,0.0,0.0,
fsrcnn_8layer_2026-02-21T06:52:45.941361,fsrcnn,8layer,full,8,eyeriss,thesis_arch,1056,524,128,16,256,120,False,False,"Ill-posed constraints:
CONSTRAINTS VIOLATION: Arch: Eyeriss_Constrained_8L_tile120_256x16 -> Level: InRegister: memory footprint: 93 VS memory available: 34",0.000e+00,0.000e+00,0.00e+00,0,0.0,0.0,
fsrcnn_8layer_2026-02-21T06:52:46.652396,fsrcnn,8layer,full,8,eyeriss,thesis_arch,1056,524,128,16,512,120,False,False,"Ill-posed constraints:
CONSTRAINTS VIOLATION: Arch: Eyeriss_Constrained_8L_tile120_512x16 -> Level: InRegister: memory footprint: 93 VS memory available: 34",0.000e+00,0.000e+00,0.00e+00,0,0.0,0.0,
fsrcnn_8layer_2026-02-21T06:52:47.033446,fsrcnn,8layer,full,8,eyeriss,thesis_arch,1056,524,128,32,4,120,False,False,"Ill-posed constraints:
CONSTRAINTS VIOLATION: Arch: Eyeriss_Constrained_8L_tile120_4x32 -> Level: InRegister: memory footprint: 58 VS memory available: 34",0.000e+00,0.000e+00,0.00e+00,0,0.0,0.0,
fsrcnn_8layer_2026-02-21T06:52:47.328979,fsrcnn,8layer,full,8,eyeriss,thesis_arch,1056,524,128,32,16,120,False,False,"Ill-posed constraints:
CONSTRAINTS VIOLATION: Arch: Eyeriss_Constrained_8L_tile120_16x32 -> Level: InRegister: memory footprint: 58 VS memory available: 34",0.000e+00,0.000e+00,0.00e+00,0,0.0,0.0,
fsrcnn_8layer_2026-02-21T06:52:47.641705,fsrcnn,8layer,full,8,eyeriss,thesis_arch,1056,524,128,32,32,120,False,False,"Ill-posed constraints:
CONSTRAINTS VIOLATION: Arch: Eyeriss_Constrained_8L_tile120_32x32 -> Level: InRegister: memory footprint: 58 VS memory available: 34",0.000e+00,0.000e+00,0.00e+00,0,0.0,0.0,
fsrcnn_8layer_2026-02-21T06:52:48.007237,fsrcnn,8layer,full,8,eyeriss,thesis_arch,1056,524,128,32,64,120,False,False,"Ill-posed constraints:
CONSTRAINTS VIOLATION: Arch: Eyeriss_Constrained_8L_tile120_64x32 -> Level: InRegister: memory footprint: 58 VS memory available: 34",0.000e+00,0.000e+00,0.00e+00,0,0.0,0.0,
fsrcnn_8layer_2026-02-21T06:52:48.350120,fsrcnn,8layer,full,8,eyeriss,thesis_arch,1056,524,128,32,128,120,False,False,"Ill-posed constraints:
CONSTRAINTS VIOLATION: Arch: Eyeriss_Constrained_8L_tile120_128x32 -> Level: InRegister: memory footprint: 58 VS memory available: 34",0.000e+00,0.000e+00,0.00e+00,0,0.0,0.0,
fsrcnn_8layer_2026-02-21T06:52:48.620089,fsrcnn,8layer,full,8,eyeriss,thesis_arch,1056,524,128,32,256,120,False,False,"Ill-posed constraints:
CONSTRAINTS VIOLATION: Arch: Eyeriss_Constrained_8L_tile120_256x32 -> Level: InRegister: memory footprint: 58 VS memory available: 34",0.000e+00,0.000e+00,0.00e+00,0,0.0,0.0,
fsrcnn_8layer_2026-02-21T06:52:48.916637,fsrcnn,8layer,full,8,eyeriss,thesis_arch,1056,524,128,32,512,120,False,False,"Ill-posed constraints:
CONSTRAINTS VIOLATION: Arch: Eyeriss_Constrained_8L_tile120_512x32 -> Level: InRegister: memory footprint: 58 VS memory available: 34",0.000e+00,0.000e+00,0.00e+00,0,0.0,0.0,
fsrcnn_8layer_2026-02-21T06:52:49.219555,fsrcnn,8layer,full,8,eyeriss,thesis_arch,1056,524,128,64,4,120,False,False,"Ill-posed constraints:
CONSTRAINTS VIOLATION: Arch: Eyeriss_Constrained_8L_tile120_4x64 -> Level: InRegister: memory footprint: 36 VS memory available: 34",0.000e+00,0.000e+00,0.00e+00,0,0.0,0.0,
fsrcnn_8layer_2026-02-21T06:52:49.622675,fsrcnn,8layer,full,8,eyeriss,thesis_arch,1056,524,128,64,16,120,False,False,"Ill-posed constraints:
CONSTRAINTS VIOLATION: Arch: Eyeriss_Constrained_8L_tile120_16x64 -> Level: InRegister: memory footprint: 36 VS memory available: 34",0.000e+00,0.000e+00,0.00e+00,0,0.0,0.0,
fsrcnn_8layer_2026-02-21T06:52:49.977948,fsrcnn,8layer,full,8,eyeriss,thesis_arch,1056,524,128,64,32,120,False,False,"Ill-posed constraints:
CONSTRAINTS VIOLATION: Arch: Eyeriss_Constrained_8L_tile120_32x64 -> Level: InRegister: memory footprint: 36 VS memory available: 34",0.000e+00,0.000e+00,0.00e+00,0,0.0,0.0,
fsrcnn_8layer_2026-02-21T06:52:50.375051,fsrcnn,8layer,full,8,eyeriss,thesis_arch,1056,524,128,64,64,120,False,False,"Ill-posed constraints:
CONSTRAINTS VIOLATION: Arch: Eyeriss_Constrained_8L_tile120_64x64 -> Level: InRegister: memory footprint: 36 VS memory available: 34",0.000e+00,0.000e+00,0.00e+00,0,0.0,0.0,
fsrcnn_8layer_2026-02-21T06:52:50.706926,fsrcnn,8layer,full,8,eyeriss,thesis_arch,1056,524,128,64,128,120,False,False,"Ill-posed constraints:
CONSTRAINTS VIOLATION: Arch: Eyeriss_Constrained_8L_tile120_128x64 -> Level: InRegister: memory footprint: 36 VS memory available: 34",0.000e+00,0.000e+00,0.00e+00,0,0.0,0.0,
fsrcnn_8layer_2026-02-21T06:52:51.026731,fsrcnn,8layer,full,8,eyeriss,thesis_arch,1056,524,128,64,256,120,False,False,"Ill-posed constraints:
CONSTRAINTS VIOLATION: Arch: Eyeriss_Constrained_8L_tile120_256x64 -> Level: InRegister: memory footprint: 36 VS memory available: 34",0.000e+00,0.000e+00,0.00e+00,0,0.0,0.0,
fsrcnn_8layer_2026-02-21T06:52:51.399191,fsrcnn,8layer,full,8,eyeriss,thesis_arch,1056,524,128,128,4,120,False,True,,6.116e+04,2.825e+07,1.76e+06,"(30062034792, 12094790400)",0.07833415499362673,0.1304025650024414,DRAM[P=540 Q=8 Z7=1 C7=1 R7=1 S7=1 Y6=540 X6=8 Z6=1 C6=1 R6=1 S6=1 Y5=540 X5=8 Z5=1 C5=1 R5=1 S5=1 Y4=540 X4=8 Z4=1 C4=1 R4=1 S4=1 Y3=540 X3=8 Z3=1 C3=1 R3=1 S3=1 Y2=540 X2=8 Z2=1 C2=1 R2=1 S2=1 Y1=540 X1=8 Z1=1 C1=1 R1=1 S1=1 Y0=540 X0=8 Z0=1 C0=1 R0=1 S0=1] GlobalBuffer[P=1 Q=120 Z7=1 C7=1 R7=1 S7=1 Y6=1 X6=120 Z6=1 C6=1 R6=1 S6=1 Y5=1 X5=120 Z5=1 C5=1 R5=1 S5=1 Y4=1 X4=120 Z4=1 C4=1 R4=1 S4=1 Y3=1 X3=120 Z3=1 C3=1 R3=1 S3=1 Y2=1 X2=120 Z2=1 C2=1 R2=1 S2=1 Y1=1 X1=120 Z1=1 C1=1 R1=1 S1=1 Y0=1 X0=120 Z0=1 C0=1 R0=1 S0=1] SACols[Q=1 Z7=4] SARows[S7=3 C7=28 Z7=1] SACols_6[X6=1 Z6=4] SARows_6[S6=1 C6=12 Z6=7] SACols_5[X5=1 Z5=4] SARows_5[S5=3 C5=12 Z5=3] SACols_4[X4=1 Z4=4] SARows_4[S4=3 C4=12 Z4=3] SACols_3[X3=1 Z3=4] SARows_3[S3=3 C3=12 Z3=3] SACols_2[X2=1 Z2=4] SARows_2[S2=3 C2=12 Z2=3] SACols_1[X1=1 Z1=4] SARows_1[S1=1 C1=56 Z1=1] SACols_0[X0=1 Z0=4] SARows_0[S0=5 C0=3 Z0=7] InRegister[P=1 Q=1 Z7=1 C7=1 R7=1 S7=1 Y6=1 X6=1 Z6=1 C6=1 R6=1 S6=1 Y5=1 X5=1 Z5=1 C5=1 R5=1 S5=1 Y4=1 X4=1 Z4=1 C4=1 R4=1 S4=1 Y3=1 X3=1 Z3=1 C3=1 R3=1 S3=1 Y2=1 X2=1 Z2=1 C2=1 R2=1 S2=1 Y1=1 X1=1 Z1=1 C1=1 R1=1 S1=1 Y0=1 X0=1 Z0=1 C0=1 R0=1 S0=1] WRegister[P=1 Q=1 Z7=1 C7=2 R7=3 S7=1 Y6=1 X6=1 Z6=1 C6=1 R6=1 S6=1 Y5=1 X5=1 Z5=1 C5=1 R5=3 S5=1 Y4=1 X4=1 Z4=1 C4=1 R4=3 S4=1 Y3=1 X3=1 Z3=1 C3=1 R3=3 S3=1 Y2=1 X2=1 Z2=1 C2=1 R2=3 S2=1 Y1=1 X1=1 Z1=1 C1=1 R1=1 S1=1 Y0=1 X0=1 Z0=1 C0=1 R0=5 S0=1] IntermediateRegister[P=1 Q=1 Z7=1 C7=1 R7=1 S7=1 Y6=1 X6=1 Z6=2 C6=1 R6=1 S6=1 Y5=1 X5=1 Z5=1 C5=1 R5=1 S5=1 Y4=1 X4=1 Z4=1 C4=1 R4=1 S4=1 Y3=1 X3=1 Z3=1 C3=1 R3=1 S3=1 Y2=1 X2=1 Z2=1 C2=1 R2=1 S2=1 Y1=1 X1=1 Z1=3 C1=1 R1=1 S1=1 Y0=1 X0=1 Z0=2 C0=1 R0=1 S0=1] OutRegister[P=1 Q=1 Z7=4 C7=1 R7=1 S7=1 Y6=1 X6=1 Z6=1 C6=1 R6=1 S6=1 Y5=1 X5=1 Z5=1 C5=1 R5=1 S5=1 Y4=1 X4=1 Z4=1 C4=1 R4=1 S4=1 Y3=1 X3=1 Z3=1 C3=1 R3=1 S3=1 Y2=1 X2=1 Z2=1 C2=1 R2=1 S2=1 Y1=1 X1=1 Z1=1 C1=1 R1=1 S1=1 Y0=1 X0=1 Z0=1 C0=1 R0=1 S0=1] Compute] 
fsrcnn_8layer_2026-02-21T06:52:51.872484,fsrcnn,8layer,full,8,eyeriss,thesis_arch,1056,524,128,128,16,120,False,True,,6.255e+04,1.918e+07,1.25e+06,"(31557100392, 12312518400)",5.73736486769727e-05,0.18234801292419434,DRAM[P=540 Q=8 Z7=1 C7=1 R7=1 S7=1 Y6=540 X6=8 Z6=1 C6=1 R6=1 S6=1 Y5=540 X5=8 Z5=1 C5=1 R5=1 S5=1 Y4=540 X4=8 Z4=1 C4=1 R4=1 S4=1 Y3=540 X3=8 Z3=1 C3=1 R3=1 S3=1 Y2=540 X2=8 Z2=1 C2=1 R2=1 S2=1 Y1=540 X1=8 Z1=1 C1=1 R1=1 S1=1 Y0=540 X0=8 Z0=1 C0=1 R0=1 S0=1] GlobalBuffer[P=1 Q=120 Z7=1 C7=1 R7=1 S7=1 Y6=1 X6=120 Z6=1 C6=1 R6=1 S6=1 Y5=1 X5=120 Z5=1 C5=1 R5=1 S5=1 Y4=1 X4=120 Z4=1 C4=1 R4=1 S4=1 Y3=1 X3=120 Z3=1 C3=1 R3=1 S3=1 Y2=1 X2=120 Z2=1 C2=1 R2=1 S2=1 Y1=1 X1=120 Z1=1 C1=1 R1=1 S1=1 Y0=1 X0=120 Z0=1 C0=1 R0=1 S0=1] SACols[Q=1 Z7=16] SARows[S7=3 C7=28 Z7=1] SACols_6[X6=1 Z6=14] SARows_6[S6=1 C6=12 Z6=4] SACols_5[X5=1 Z5=12] SARows_5[S5=3 C5=12 Z5=1] SACols_4[X4=1 Z4=12] SARows_4[S4=3 C4=12 Z4=1] SACols_3[X3=1 Z3=12] SARows_3[S3=3 C3=12 Z3=1] SACols_2[X2=1 Z2=12] SARows_2[S2=3 C2=12 Z2=1] SACols_1[X1=1 Z1=12] SARows_1[S1=1 C1=56 Z1=1] SACols_0[X0=1 Z0=14] SARows_0[S0=5 C0=3 Z0=4] InRegister[P=1 Q=1 Z7=1 C7=1 R7=1 S7=1 Y6=1 X6=1 Z6=1 C6=1 R6=1 S6=1 Y5=1 X5=1 Z5=1 C5=1 R5=1 S5=1 Y4=1 X4=1 Z4=1 C4=1 R4=1 S4=1 Y3=1 X3=1 Z3=1 C3=1 R3=1 S3=1 Y2=1 X2=1 Z2=1 C2=1 R2=1 S2=1 Y1=1 X1=1 Z1=1 C1=1 R1=1 S1=1 Y0=1 X0=1 Z0=1 C0=1 R0=1 S0=1] WRegister[P=1 Q=1 Z7=1 C7=2 R7=3 S7=1 Y6=1 X6=1 Z6=1 C6=1 R6=1 S6=1 Y5=1 X5=1 Z5=1 C5=1 R5=3 S5=1 Y4=1 X4=1 Z4=1 C4=1 R4=3 S4=1 Y3=1 X3=1 Z3=1 C3=1 R3=3 S3=1 Y2=1 X2=1 Z2=1 C2=1 R2=3 S2=1 Y1=1 X1=1 Z1=1 C1=1 R1=1 S1=1 Y0=1 X0=1 Z0=1 C0=1 R0=5 S0=1] IntermediateRegister[P=1 Q=1 Z7=1 C7=1 R7=1 S7=1 Y6=1 X6=1 Z6=1 C6=1 R6=1 S6=1 Y5=1 X5=1 Z5=1 C5=1 R5=1 S5=1 Y4=1 X4=1 Z4=1 C4=1 R4=1 S4=1 Y3=1 X3=1 Z3=1 C3=1 R3=1 S3=1 Y2=1 X2=1 Z2=1 C2=1 R2=1 S2=1 Y1=1 X1=1 Z1=1 C1=1 R1=1 S1=1 Y0=1 X0=1 Z0=1 C0=1 R0=1 S0=1] OutRegister[P=1 Q=1 Z7=1 C7=1 R7=1 S7=1 Y6=1 X6=1 Z6=1 C6=1 R6=1 S6=1 Y5=1 X5=1 Z5=1 C5=1 R5=1 S5=1 Y4=1 X4=1 Z4=1 C4=1 R4=1 S4=1 Y3=1 X3=1 Z3=1 C3=1 R3=1 S3=1 Y2=1 X2=1 Z2=1 C2=1 R2=1 S2=1 Y1=1 X1=1 Z1=1 C1=1 R1=1 S1=1 Y0=1 X0=1 Z0=1 C0=1 R0=1 S0=1] Compute] 
fsrcnn_8layer_2026-02-21T06:52:52.447215,fsrcnn,8layer,full,8,eyeriss,thesis_arch,1056,524,128,128,32,120,False,True,,6.255e+04,1.918e+07,1.25e+06,"(31557100392, 12312518400)",1.4343412169243175e-05,0.25534844398498535,DRAM[P=540 Q=8 Z7=1 C7=1 R7=1 S7=1 Y6=540 X6=8 Z6=1 C6=1 R6=1 S6=1 Y5=540 X5=8 Z5=1 C5=1 R5=1 S5=1 Y4=540 X4=8 Z4=1 C4=1 R4=1 S4=1 Y3=540 X3=8 Z3=1 C3=1 R3=1 S3=1 Y2=540 X2=8 Z2=1 C2=1 R2=1 S2=1 Y1=540 X1=8 Z1=1 C1=1 R1=1 S1=1 Y0=540 X0=8 Z0=1 C0=1 R0=1 S0=1] GlobalBuffer[P=1 Q=60 Z7=1 C7=1 R7=1 S7=1 Y6=1 X6=120 Z6=1 C6=1 R6=1 S6=1 Y5=1 X5=60 Z5=1 C5=1 R5=1 S5=1 Y4=1 X4=60 Z4=1 C4=1 R4=1 S4=1 Y3=1 X3=60 Z3=1 C3=1 R3=1 S3=1 Y2=1 X2=60 Z2=1 C2=1 R2=1 S2=1 Y1=1 X1=60 Z1=1 C1=1 R1=1 S1=1 Y0=1 X0=120 Z0=1 C0=1 R0=1 S0=1] SACols[Q=2 Z7=16] SARows[S7=3 C7=28 Z7=1] SACols_6[X6=1 Z6=28] SARows_6[S6=1 C6=12 Z6=2] SACols_5[X5=2 Z5=12] SARows_5[S5=3 C5=12 Z5=1] SACols_4[X4=2 Z4=12] SARows_4[S4=3 C4=12 Z4=1] SACols_3[X3=2 Z3=12] SARows_3[S3=3 C3=12 Z3=1] SACols_2[X2=2 Z2=12] SARows_2[S2=3 C2=12 Z2=1] SACols_1[X1=2 Z1=12] SARows_1[S1=1 C1=56 Z1=1] SACols_0[X0=1 Z0=28] SARows_0[S0=5 C0=3 Z0=2] InRegister[P=1 Q=1 Z7=1 C7=1 R7=1 S7=1 Y6=1 X6=1 Z6=1 C6=1 R6=1 S6=1 Y5=1 X5=1 Z5=1 C5=1 R5=1 S5=1 Y4=1 X4=1 Z4=1 C4=1 R4=1 S4=1 Y3=1 X3=1 Z3=1 C3=1 R3=1 S3=1 Y2=1 X2=1 Z2=1 C2=1 R2=1 S2=1 Y1=1 X1=1 Z1=1 C1=1 R1=1 S1=1 Y0=1 X0=1 Z0=1 C0=1 R0=1 S0=1] WRegister[P=1 Q=1 Z7=1 C7=2 R7=3 S7=1 Y6=1 X6=1 Z6=1 C6=1 R6=1 S6=1 Y5=1 X5=1 Z5=1 C5=1 R5=3 S5=1 Y4=1 X4=1 Z4=1 C4=1 R4=3 S4=1 Y3=1 X3=1 Z3=1 C3=1 R3=3 S3=1 Y2=1 X2=1 Z2=1 C2=1 R2=3 S2=1 Y1=1 X1=1 Z1=1 C1=1 R1=1 S1=1 Y0=1 X0=1 Z0=1 C0=1 R0=5 S0=1] IntermediateRegister[P=1 Q=1 Z7=1 C7=1 R7=1 S7=1 Y6=1 X6=1 Z6=1 C6=1 R6=1 S6=1 Y5=1 X5=1 Z5=1 C5=1 R5=1 S5=1 Y4=1 X4=1 Z4=1 C4=1 R4=1 S4=1 Y3=1 X3=1 Z3=1 C3=1 R3=1 S3=1 Y2=1 X2=1 Z2=1 C2=1 R2=1 S2=1 Y1=1 X1=1 Z1=1 C1=1 R1=1 S1=1 Y0=1 X0=1 Z0=1 C0=1 R0=1 S0=1] OutRegister[P=1 Q=1 Z7=1 C7=1 R7=1 S7=1 Y6=1 X6=1 Z6=1 C6=1 R6=1 S6=1 Y5=1 X5=1 Z5=1 C5=1 R5=1 S5=1 Y4=1 X4=1 Z4=1 C4=1 R4=1 S4=1 Y3=1 X3=1 Z3=1 C3=1 R3=1 S3=1 Y2=1 X2=1 Z2=1 C2=1 R2=1 S2=1 Y1=1 X1=1 Z1=1 C1=1 R1=1 S1=1 Y0=1 X0=1 Z0=1 C0=1 R0=1 S0=1] Compute] 
fsrcnn_8layer_2026-02-21T06:52:53.015683,fsrcnn,8layer,full,8,eyeriss,thesis_arch,1056,524,128,128,64,120,False,True,,6.255e+04,1.918e+07,1.25e+06,"(31557100392, 12312518400)",1.0943155036348858e-05,0.1683361530303955,DRAM[P=540 Q=8 Z7=1 C7=1 R7=1 S7=1 Y6=540 X6=8 Z6=1 C6=1 R6=1 S6=1 Y5=540 X5=8 Z5=1 C5=1 R5=1 S5=1 Y4=540 X4=8 Z4=1 C4=1 R4=1 S4=1 Y3=540 X3=8 Z3=1 C3=1 R3=1 S3=1 Y2=540 X2=8 Z2=1 C2=1 R2=1 S2=1 Y1=540 X1=8 Z1=1 C1=1 R1=1 S1=1 Y0=540 X0=8 Z0=1 C0=1 R0=1 S0=1] GlobalBuffer[P=1 Q=30 Z7=1 C7=1 R7=1 S7=1 Y6=1 X6=120 Z6=1 C6=1 R6=1 S6=1 Y5=1 X5=24 Z5=1 C5=1 R5=1 S5=1 Y4=1 X4=24 Z4=1 C4=1 R4=1 S4=1 Y3=1 X3=24 Z3=1 C3=1 R3=1 S3=1 Y2=1 X2=24 Z2=1 C2=1 R2=1 S2=1 Y1=1 X1=24 Z1=1 C1=1 R1=1 S1=1 Y0=1 X0=120 Z0=1 C0=1 R0=1 S0=1] SACols[Q=4 Z7=16] SARows[S7=3 C7=28 Z7=1] SACols_6[X6=1 Z6=56] SARows_6[S6=1 C6=12 Z6=1] SACols_5[X5=5 Z5=12] SARows_5[S5=3 C5=12 Z5=1] SACols_4[X4=5 Z4=12] SARows_4[S4=3 C4=12 Z4=1] SACols_3[X3=5 Z3=12] SARows_3[S3=3 C3=12 Z3=1] SACols_2[X2=5 Z2=12] SARows_2[S2=3 C2=12 Z2=1] SACols_1[X1=5 Z1=12] SARows_1[S1=1 C1=56 Z1=1] SACols_0[X0=1 Z0=56] SARows_0[S0=5 C0=3 Z0=1] InRegister[P=1 Q=1 Z7=1 C7=1 R7=1 S7=1 Y6=1 X6=1 Z6=1 C6=1 R6=1 S6=1 Y5=1 X5=1 Z5=1 C5=1 R5=1 S5=1 Y4=1 X4=1 Z4=1 C4=1 R4=1 S4=1 Y3=1 X3=1 Z3=1 C3=1 R3=1 S3=1 Y2=1 X2=1 Z2=1 C2=1 R2=1 S2=1 Y1=1 X1=1 Z1=1 C1=1 R1=1 S1=1 Y0=1 X0=1 Z0=1 C0=1 R0=1 S0=1] WRegister[P=1 Q=1 Z7=1 C7=2 R7=3 S7=1 Y6=1 X6=1 Z6=1 C6=1 R6=1 S6=1 Y5=1 X5=1 Z5=1 C5=1 R5=3 S5=1 Y4=1 X4=1 Z4=1 C4=1 R4=3 S4=1 Y3=1 X3=1 Z3=1 C3=1 R3=3 S3=1 Y2=1 X2=1 Z2=1 C2=1 R2=3 S2=1 Y1=1 X1=1 Z1=1 C1=1 R1=1 S1=1 Y0=1 X0=1 Z0=1 C0=1 R0=5 S0=1] IntermediateRegister[P=1 Q=1 Z7=1 C7=1 R7=1 S7=1 Y6=1 X6=1 Z6=1 C6=1 R6=1 S6=1 Y5=1 X5=1 Z5=1 C5=1 R5=1 S5=1 Y4=1 X4=1 Z4=1 C4=1 R4=1 S4=1 Y3=1 X3=1 Z3=1 C3=1 R3=1 S3=1 Y2=1 X2=1 Z2=1 C2=1 R2=1 S2=1 Y1=1 X1=1 Z1=1 C1=1 R1=1 S1=1 Y0=1 X0=1 Z0=1 C0=1 R0=1 S0=1] OutRegister[P=1 Q=1 Z7=1 C7=1 R7=1 S7=1 Y6=1 X6=1 Z6=1 C6=1 R6=1 S6=1 Y5=1 X5=1 Z5=1 C5=1 R5=1 S5=1 Y4=1 X4=1 Z4=1 C4=1 R4=1 S4=1 Y3=1 X3=1 Z3=1 C3=1 R3=1 S3=1 Y2=1 X2=1 Z2=1 C2=1 R2=1 S2=1 Y1=1 X1=1 Z1=1 C1=1 R1=1 S1=1 Y0=1 X0=1 Z0=1 C0=1 R0=1 S0=1] Compute] 
fsrcnn_8layer_2026-02-21T06:52:53.687300,fsrcnn,8layer,full,8,eyeriss,thesis_arch,1056,524,128,128,128,120,False,True,,6.255e+04,1.889e+07,1.23e+06,"(31557100392, 12312518400)",1.0943155036348858e-05,0.17003846168518066,DRAM[P=540 Q=8 Z7=1 C7=1 R7=1 S7=1 Y6=540 X6=8 Z6=1 C6=1 R6=1 S6=1 Y5=540 X5=8 Z5=1 C5=1 R5=1 S5=1 Y4=540 X4=8 Z4=1 C4=1 R4=1 S4=1 Y3=540 X3=8 Z3=1 C3=1 R3=1 S3=1 Y2=540 X2=8 Z2=1 C2=1 R2=1 S2=1 Y1=540 X1=8 Z1=1 C1=1 R1=1 S1=1 Y0=540 X0=8 Z0=1 C0=1 R0=1 S0=1] GlobalBuffer[P=1 Q=15 Z7=1 C7=1 R7=1 S7=1 Y6=1 X6=60 Z6=1 C6=1 R6=1 S6=1 Y5=1 X5=12 Z5=1 C5=1 R5=1 S5=1 Y4=1 X4=12 Z4=1 C4=1 R4=1 S4=1 Y3=1 X3=12 Z3=1 C3=1 R3=1 S3=1 Y2=1 X2=12 Z2=1 C2=1 R2=1 S2=1 Y1=1 X1=12 Z1=1 C1=1 R1=1 S1=1 Y0=1 X0=60 Z0=1 C0=1 R0=1 S0=1] SACols[Q=8 Z7=16] SARows[S7=3 C7=28 Z7=1] SACols_6[X6=2 Z6=56] SARows_6[S6=1 C6=12 Z6=1] SACols_5[X5=10 Z5=12] SARows_5[S5=3 C5=12 Z5=1] SACols_4[X4=10 Z4=12] SARows_4[S4=3 C4=12 Z4=1] SACols_3[X3=10 Z3=12] SARows_3[S3=3 C3=12 Z3=1] SACols_2[X2=10 Z2=12] SARows_2[S2=3 C2=12 Z2=1] SACols_1[X1=10 Z1=12] SARows_1[S1=1 C1=56 Z1=1] SACols_0[X0=2 Z0=56] SARows_0[S0=5 C0=3 Z0=1] InRegister[P=1 Q=1 Z7=1 C7=1 R7=1 S7=1 Y6=1 X6=1 Z6=1 C6=1 R6=1 S6=1 Y5=1 X5=1 Z5=1 C5=1 R5=1 S5=1 Y4=1 X4=1 Z4=1 C4=1 R4=1 S4=1 Y3=1 X3=1 Z3=1 C3=1 R3=1 S3=1 Y2=1 X2=1 Z2=1 C2=1 R2=1 S2=1 Y1=1 X1=1 Z1=1 C1=1 R1=1 S1=1 Y0=1 X0=1 Z0=1 C0=1 R0=1 S0=1] WRegister[P=1 Q=1 Z7=1 C7=2 R7=3 S7=1 Y6=1 X6=1 Z6=1 C6=1 R6=1 S6=1 Y5=1 X5=1 Z5=1 C5=1 R5=3 S5=1 Y4=1 X4=1 Z4=1 C4=1 R4=3 S4=1 Y3=1 X3=1 Z3=1 C3=1 R3=3 S3=1 Y2=1 X2=1 Z2=1 C2=1 R2=3 S2=1 Y1=1 X1=1 Z1=1 C1=1 R1=1 S1=1 Y0=1 X0=1 Z0=1 C0=1 R0=5 S0=1] IntermediateRegister[P=1 Q=1 Z7=1 C7=1 R7=1 S7=1 Y6=1 X6=1 Z6=1 C6=1 R6=1 S6=1 Y5=1 X5=1 Z5=1 C5=1 R5=1 S5=1 Y4=1 X4=1 Z4=1 C4=1 R4=1 S4=1 Y3=1 X3=1 Z3=1 C3=1 R3=1 S3=1 Y2=1 X2=1 Z2=1 C2=1 R2=1 S2=1 Y1=1 X1=1 Z1=1 C1=1 R1=1 S1=1 Y0=1 X0=1 Z0=1 C0=1 R0=1 S0=1] OutRegister[P=1 Q=1 Z7=1 C7=1 R7=1 S7=1 Y6=1 X6=1 Z6=1 C6=1 R6=1 S6=1 Y5=1 X5=1 Z5=1 C5=1 R5=1 S5=1 Y4=1 X4=1 Z4=1 C4=1 R4=1 S4=1 Y3=1 X3=1 Z3=1 C3=1 R3=1 S3=1 Y2=1 X2=1 Z2=1 C2=1 R2=1 S2=1 Y1=1 X1=1 Z1=1 C1=1 R1=1 S1=1 Y0=1 X0=1 Z0=1 C0=1 R0=1 S0=1] Compute] 
fsrcnn_8layer_2026-02-21T06:52:54.275252,fsrcnn,8layer,full,8,eyeriss,thesis_arch,1056,524,128,256,4,120,False,True,,6.255e+04,1.944e+07,1.25e+06,"(31557100392, 12312518400)",0.0073438270306525055,0.2161397933959961,DRAM[P=540 Q=8 Z7=1 C7=1 R7=1 S7=1 Y6=540 X6=8 Z6=1 C6=1 R6=1 S6=1 Y5=540 X5=8 Z5=1 C5=1 R5=1 S5=1 Y4=540 X4=8 Z4=1 C4=1 R4=1 S4=1 Y3=540 X3=8 Z3=1 C3=1 R3=1 S3=1 Y2=540 X2=8 Z2=1 C2=1 R2=1 S2=1 Y1=540 X1=8 Z1=1 C1=1 R1=1 S1=1 Y0=540 X0=8 Z0=1 C0=1 R0=1 S0=1] GlobalBuffer[P=1 Q=120 Z7=1 C7=1 R7=1 S7=1 Y6=1 X6=120 Z6=1 C6=1 R6=1 S6=1 Y5=1 X5=120 Z5=1 C5=1 R5=1 S5=1 Y4=1 X4=120 Z4=1 C4=1 R4=1 S4=1 Y3=1 X3=120 Z3=1 C3=1 R3=1 S3=1 Y2=1 X2=120 Z2=1 C2=1 R2=1 S2=1 Y1=1 X1=120 Z1=1 C1=1 R1=1 S1=1 Y0=1 X0=120 Z0=1 C0=1 R0=1 S0=1] SACols[Q=1 Z7=4] SARows[S7=3 C7=56 Z7=1] SACols_6[X6=1 Z6=4] SARows_6[S6=1 C6=12 Z6=14] SACols_5[X5=1 Z5=4] SARows_5[S5=3 C5=12 Z5=3] SACols_4[X4=1 Z4=4] SARows_4[S4=3 C4=12 Z4=3] SACols_3[X3=1 Z3=4] SARows_3[S3=3 C3=12 Z3=3] SACols_2[X2=1 Z2=4] SARows_2[S2=3 C2=12 Z2=3] SACols_1[X1=1 Z1=4] SARows_1[S1=1 C1=56 Z1=3] SACols_0[X0=1 Z0=4] SARows_0[S0=5 C0=3 Z0=14] InRegister[P=1 Q=1 Z7=1 C7=1 R7=1 S7=1 Y6=1 X6=1 Z6=1 C6=1 R6=1 S6=1 Y5=1 X5=1 Z5=1 C5=1 R5=1 S5=1 Y4=1 X4=1 Z4=1 C4=1 R4=1 S4=1 Y3=1 X3=1 Z3=1 C3=1 R3=1 S3=1 Y2=1 X2=1 Z2=1 C2=1 R2=1 S2=1 Y1=1 X1=1 Z1=1 C1=1 R1=1 S1=1 Y0=1 X0=1 Z0=1 C0=1 R0=1 S0=1] WRegister[P=1 Q=1 Z7=1 C7=1 R7=3 S7=1 Y6=1 X6=1 Z6=1 C6=1 R6=1 S6=1 Y5=1 X5=1 Z5=1 C5=1 R5=3 S5=1 Y4=1 X4=1 Z4=1 C4=1 R4=3 S4=1 Y3=1 X3=1 Z3=1 C3=1 R3=3 S3=1 Y2=1 X2=1 Z2=1 C2=1 R2=3 S2=1 Y1=1 X1=1 Z1=1 C1=1 R1=1 S1=1 Y0=1 X0=1 Z0=1 C0=1 R0=5 S0=1] IntermediateRegister[P=1 Q=1 Z7=1 C7=1 R7=1 S7=1 Y6=1 X6=1 Z6=1 C6=1 R6=1 S6=1 Y5=1 X5=1 Z5=1 C5=1 R5=1 S5=1 Y4=1 X4=1 Z4=1 C4=1 R4=1 S4=1 Y3=1 X3=1 Z3=1 C3=1 R3=1 S3=1 Y2=1 X2=1 Z2=1 C2=1 R2=1 S2=1 Y1=1 X1=1 Z1=1 C1=1 R1=1 S1=1 Y0=1 X0=1 Z0=1 C0=1 R0=1 S0=1] OutRegister[P=1 Q=1 Z7=4 C7=1 R7=1 S7=1 Y6=1 X6=1 Z6=1 C6=1 R6=1 S6=1 Y5=1 X5=1 Z5=1 C5=1 R5=1 S5=1 Y4=1 X4=1 Z4=1 C4=1 R4=1 S4=1 Y3=1 X3=1 Z3=1 C3=1 R3=1 S3=1 Y2=1 X2=1 Z2=1 C2=1 R2=1 S2=1 Y1=1 X1=1 Z1=1 C1=1 R1=1 S1=1 Y0=1 X0=1 Z0=1 C0=1 R0=1 S0=1] Compute] 
fsrcnn_8layer_2026-02-21T06:52:54.938358,fsrcnn,8layer,full,8,eyeriss,thesis_arch,1056,524,128,256,16,120,False,True,,6.255e+04,1.918e+07,1.25e+06,"(31557100392, 12312518400)",4.482316302888492e-07,0.16506385803222656,DRAM[P=540 Q=8 Z7=1 C7=1 R7=1 S7=1 Y6=540 X6=8 Z6=1 C6=1 R6=1 S6=1 Y5=540 X5=8 Z5=1 C5=1 R5=1 S5=1 Y4=540 X4=8 Z4=1 C4=1 R4=1 S4=1 Y3=540 X3=8 Z3=1 C3=1 R3=1 S3=1 Y2=540 X2=8 Z2=1 C2=1 R2=1 S2=1 Y1=540 X1=8 Z1=1 C1=1 R1=1 S1=1 Y0=540 X0=8 Z0=1 C0=1 R0=1 S0=1] GlobalBuffer[P=1 Q=120 Z7=1 C7=1 R7=1 S7=1 Y6=1 X6=120 Z6=1 C6=1 R6=1 S6=1 Y5=1 X5=120 Z5=1 C5=1 R5=1 S5=1 Y4=1 X4=120 Z4=1 C4=1 R4=1 S4=1 Y3=1 X3=120 Z3=1 C3=1 R3=1 S3=1 Y2=1 X2=120 Z2=1 C2=1 R2=1 S2=1 Y1=1 X1=120 Z1=1 C1=1 R1=1 S1=1 Y0=1 X0=120 Z0=1 C0=1 R0=1 S0=1] SACols[Q=1 Z7=16] SARows[S7=3 C7=56 Z7=1] SACols_6[X6=1 Z6=14] SARows_6[S6=1 C6=12 Z6=4] SACols_5[X5=1 Z5=12] SARows_5[S5=3 C5=12 Z5=1] SACols_4[X4=1 Z4=12] SARows_4[S4=3 C4=12 Z4=1] SACols_3[X3=1 Z3=12] SARows_3[S3=3 C3=12 Z3=1] SACols_2[X2=1 Z2=12] SARows_2[S2=3 C2=12 Z2=1] SACols_1[X1=1 Z1=12] SARows_1[S1=1 C1=56 Z1=1] SACols_0[X0=1 Z0=14] SARows_0[S0=5 C0=3 Z0=4] InRegister[P=1 Q=1 Z7=1 C7=1 R7=1 S7=1 Y6=1 X6=1 Z6=1 C6=1 R6=1 S6=1 Y5=1 X5=1 Z5=1 C5=1 R5=1 S5=1 Y4=1 X4=1 Z4=1 C4=1 R4=1 S4=1 Y3=1 X3=1 Z3=1 C3=1 R3=1 S3=1 Y2=1 X2=1 Z2=1 C2=1 R2=1 S2=1 Y1=1 X1=1 Z1=1 C1=1 R1=1 S1=1 Y0=1 X0=1 Z0=1 C0=1 R0=1 S0=1] WRegister[P=1 Q=1 Z7=1 C7=1 R7=3 S7=1 Y6=1 X6=1 Z6=1 C6=1 R6=1 S6=1 Y5=1 X5=1 Z5=1 C5=1 R5=3 S5=1 Y4=1 X4=1 Z4=1 C4=1 R4=3 S4=1 Y3=1 X3=1 Z3=1 C3=1 R3=3 S3=1 Y2=1 X2=1 Z2=1 C2=1 R2=3 S2=1 Y1=1 X1=1 Z1=1 C1=1 R1=1 S1=1 Y0=1 X0=1 Z0=1 C0=1 R0=5 S0=1] IntermediateRegister[P=1 Q=1 Z7=1 C7=1 R7=1 S7=1 Y6=1 X6=1 Z6=1 C6=1 R6=1 S6=1 Y5=1 X5=1 Z5=1 C5=1 R5=1 S5=1 Y4=1 X4=1 Z4=1 C4=1 R4=1 S4=1 Y3=1 X3=1 Z3=1 C3=1 R3=1 S3=1 Y2=1 X2=1 Z2=1 C2=1 R2=1 S2=1 Y1=1 X1=1 Z1=1 C1=1 R1=1 S1=1 Y0=1 X0=1 Z0=1 C0=1 R0=1 S0=1] OutRegister[P=1 Q=1 Z7=1 C7=1 R7=1 S7=1 Y6=1 X6=1 Z6=1 C6=1 R6=1 S6=1 Y5=1 X5=1 Z5=1 C5=1 R5=1 S5=1 Y4=1 X4=1 Z4=1 C4=1 R4=1 S4=1 Y3=1 X3=1 Z3=1 C3=1 R3=1 S3=1 Y2=1 X2=1 Z2=1 C2=1 R2=1 S2=1 Y1=1 X1=1 Z1=1 C1=1 R1=1 S1=1 Y0=1 X0=1 Z0=1 C0=1 R0=1 S0=1] Compute] 
fsrcnn_8layer_2026-02-21T06:52:55.631667,fsrcnn,8layer,full,8,eyeriss,thesis_arch,1056,524,128,256,32,120,False,True,,6.255e+04,1.918e+07,1.25e+06,"(31557100392, 12312518400)",1.120579075722123e-07,0.2306838035583496,DRAM[P=540 Q=8 Z7=1 C7=1 R7=1 S7=1 Y6=540 X6=8 Z6=1 C6=1 R6=1 S6=1 Y5=540 X5=8 Z5=1 C5=1 R5=1 S5=1 Y4=540 X4=8 Z4=1 C4=1 R4=1 S4=1 Y3=540 X3=8 Z3=1 C3=1 R3=1 S3=1 Y2=540 X2=8 Z2=1 C2=1 R2=1 S2=1 Y1=540 X1=8 Z1=1 C1=1 R1=1 S1=1 Y0=540 X0=8 Z0=1 C0=1 R0=1 S0=1] GlobalBuffer[P=1 Q=60 Z7=1 C7=1 R7=1 S7=1 Y6=1 X6=120 Z6=1 C6=1 R6=1 S6=1 Y5=1 X5=60 Z5=1 C5=1 R5=1 S5=1 Y4=1 X4=60 Z4=1 C4=1 R4=1 S4=1 Y3=1 X3=60 Z3=1 C3=1 R3=1 S3=1 Y2=1 X2=60 Z2=1 C2=1 R2=1 S2=1 Y1=1 X1=60 Z1=1 C1=1 R1=1 S1=1 Y0=1 X0=120 Z0=1 C0=1 R0=1 S0=1] SACols[Q=2 Z7=16] SARows[S7=3 C7=56 Z7=1] SACols_6[X6=1 Z6=28] SARows_6[S6=1 C6=12 Z6=2] SACols_5[X5=2 Z5=12] SARows_5[S5=3 C5=12 Z5=1] SACols_4[X4=2 Z4=12] SARows_4[S4=3 C4=12 Z4=1] SACols_3[X3=2 Z3=12] SARows_3[S3=3 C3=12 Z3=1] SACols_2[X2=2 Z2=12] SARows_2[S2=3 C2=12 Z2=1] SACols_1[X1=2 Z1=12] SARows_1[S1=1 C1=56 Z1=1] SACols_0[X0=1 Z0=28] SARows_0[S0=5 C0=3 Z0=2] InRegister[P=1 Q=1 Z7=1 C7=1 R7=1 S7=1 Y6=1 X6=1 Z6=1 C6=1 R6=1 S6=1 Y5=1 X5=1 Z5=1 C5=1 R5=1 S5=1 Y4=1 X4=1 Z4=1 C4=1 R4=1 S4=1 Y3=1 X3=1 Z3=1 C3=1 R3=1 S3=1 Y2=1 X2=1 Z2=1 C2=1 R2=1 S2=1 Y1=1 X1=1 Z1=1 C1=1 R1=1 S1=1 Y0=1 X0=1 Z0=1 C0=1 R0=1 S0=1] WRegister[P=1 Q=1 Z7=1 C7=1 R7=3 S7=1 Y6=1 X6=1 Z6=1 C6=1 R6=1 S6=1 Y5=1 X5=1 Z5=1 C5=1 R5=3 S5=1 Y4=1 X4=1 Z4=1 C4=1 R4=3 S4=1 Y3=1 X3=1 Z3=1 C3=1 R3=3 S3=1 Y2=1 X2=1 Z2=1 C2=1 R2=3 S2=1 Y1=1 X1=1 Z1=1 C1=1 R1=1 S1=1 Y0=1 X0=1 Z0=1 C0=1 R0=5 S0=1] IntermediateRegister[P=1 Q=1 Z7=1 C7=1 R7=1 S7=1 Y6=1 X6=1 Z6=1 C6=1 R6=1 S6=1 Y5=1 X5=1 Z5=1 C5=1 R5=1 S5=1 Y4=1 X4=1 Z4=1 C4=1 R4=1 S4=1 Y3=1 X3=1 Z3=1 C3=1 R3=1 S3=1 Y2=1 X2=1 Z2=1 C2=1 R2=1 S2=1 Y1=1 X1=1 Z1=1 C1=1 R1=1 S1=1 Y0=1 X0=1 Z0=1 C0=1 R0=1 S0=1] OutRegister[P=1 Q=1 Z7=1 C7=1 R7=1 S7=1 Y6=1 X6=1 Z6=1 C6=1 R6=1 S6=1 Y5=1 X5=1 Z5=1 C5=1 R5=1 S5=1 Y4=1 X4=1 Z4=1 C4=1 R4=1 S4=1 Y3=1 X3=1 Z3=1 C3=1 R3=1 S3=1 Y2=1 X2=1 Z2=1 C2=1 R2=1 S2=1 Y1=1 X1=1 Z1=1 C1=1 R1=1 S1=1 Y0=1 X0=1 Z0=1 C0=1 R0=1 S0=1] Compute] 
fsrcnn_8layer_2026-02-21T06:52:56.196602,fsrcnn,8layer,full,8,eyeriss,thesis_arch,1056,524,128,256,64,120,False,True,,6.255e+04,1.918e+07,1.25e+06,"(31557100392, 12312518400)",8.549339872147545e-08,0.47382092475891113,DRAM[P=540 Q=8 Z7=1 C7=1 R7=1 S7=1 Y6=540 X6=8 Z6=1 C6=1 R6=1 S6=1 Y5=540 X5=8 Z5=1 C5=1 R5=1 S5=1 Y4=540 X4=8 Z4=1 C4=1 R4=1 S4=1 Y3=540 X3=8 Z3=1 C3=1 R3=1 S3=1 Y2=540 X2=8 Z2=1 C2=1 R2=1 S2=1 Y1=540 X1=8 Z1=1 C1=1 R1=1 S1=1 Y0=540 X0=8 Z0=1 C0=1 R0=1 S0=1] GlobalBuffer[P=1 Q=30 Z7=1 C7=1 R7=1 S7=1 Y6=1 X6=120 Z6=1 C6=1 R6=1 S6=1 Y5=1 X5=24 Z5=1 C5=1 R5=1 S5=1 Y4=1 X4=24 Z4=1 C4=1 R4=1 S4=1 Y3=1 X3=24 Z3=1 C3=1 R3=1 S3=1 Y2=1 X2=24 Z2=1 C2=1 R2=1 S2=1 Y1=1 X1=24 Z1=1 C1=1 R1=1 S1=1 Y0=1 X0=120 Z0=1 C0=1 R0=1 S0=1] SACols[Q=4 Z7=16] SARows[S7=3 C7=56 Z7=1] SACols_6[X6=1 Z6=56] SARows_6[S6=1 C6=12 Z6=1] SACols_5[X5=5 Z5=12] SARows_5[S5=3 C5=12 Z5=1] SACols_4[X4=5 Z4=12] SARows_4[S4=3 C4=12 Z4=1] SACols_3[X3=5 Z3=12] SARows_3[S3=3 C3=12 Z3=1] SACols_2[X2=5 Z2=12] SARows_2[S2=3 C2=12 Z2=1] SACols_1[X1=5 Z1=12] SARows_1[S1=1 C1=56 Z1=1] SACols_0[X0=1 Z0=56] SARows_0[S0=5 C0=3 Z0=1] InRegister[P=1 Q=1 Z7=1 C7=1 R7=1 S7=1 Y6=1 X6=1 Z6=1 C6=1 R6=1 S6=1 Y5=1 X5=1 Z5=1 C5=1 R5=1 S5=1 Y4=1 X4=1 Z4=1 C4=1 R4=1 S4=1 Y3=1 X3=1 Z3=1 C3=1 R3=1 S3=1 Y2=1 X2=1 Z2=1 C2=1 R2=1 S2=1 Y1=1 X1=1 Z1=1 C1=1 R1=1 S1=1 Y0=1 X0=1 Z0=1 C0=1 R0=1 S0=1] WRegister[P=1 Q=1 Z7=1 C7=1 R7=3 S7=1 Y6=1 X6=1 Z6=1 C6=1 R6=1 S6=1 Y5=1 X5=1 Z5=1 C5=1 R5=3 S5=1 Y4=1 X4=1 Z4=1 C4=1 R4=3 S4=1 Y3=1 X3=1 Z3=1 C3=1 R3=3 S3=1 Y2=1 X2=1 Z2=1 C2=1 R2=3 S2=1 Y1=1 X1=1 Z1=1 C1=1 R1=1 S1=1 Y0=1 X0=1 Z0=1 C0=1 R0=5 S0=1] IntermediateRegister[P=1 Q=1 Z7=1 C7=1 R7=1 S7=1 Y6=1 X6=1 Z6=1 C6=1 R6=1 S6=1 Y5=1 X5=1 Z5=1 C5=1 R5=1 S5=1 Y4=1 X4=1 Z4=1 C4=1 R4=1 S4=1 Y3=1 X3=1 Z3=1 C3=1 R3=1 S3=1 Y2=1 X2=1 Z2=1 C2=1 R2=1 S2=1 Y1=1 X1=1 Z1=1 C1=1 R1=1 S1=1 Y0=1 X0=1 Z0=1 C0=1 R0=1 S0=1] OutRegister[P=1 Q=1 Z7=1 C7=1 R7=1 S7=1 Y6=1 X6=1 Z6=1 C6=1 R6=1 S6=1 Y5=1 X5=1 Z5=1 C5=1 R5=1 S5=1 Y4=1 X4=1 Z4=1 C4=1 R4=1 S4=1 Y3=1 X3=1 Z3=1 C3=1 R3=1 S3=1 Y2=1 X2=1 Z2=1 C2=1 R2=1 S2=1 Y1=1 X1=1 Z1=1 C1=1 R1=1 S1=1 Y0=1 X0=1 Z0=1 C0=1 R0=1 S0=1] Compute] 
fsrcnn_8layer_2026-02-21T06:52:57.282068,fsrcnn,8layer,full,8,eyeriss,thesis_arch,1056,524,128,512,4,120,False,True,,6.255e+04,1.918e+07,1.24e+06,"(31557100392, 12312518400)",5.73736486769727e-05,0.4820382595062256,DRAM[P=540 Q=8 Z7=1 C7=1 R7=1 S7=1 Y6=540 X6=8 Z6=1 C6=1 R6=1 S6=1 Y5=540 X5=8 Z5=1 C5=1 R5=1 S5=1 Y4=540 X4=8 Z4=1 C4=1 R4=1 S4=1 Y3=540 X3=8 Z3=1 C3=1 R3=1 S3=1 Y2=540 X2=8 Z2=1 C2=1 R2=1 S2=1 Y1=540 X1=8 Z1=1 C1=1 R1=1 S1=1 Y0=540 X0=8 Z0=1 C0=1 R0=1 S0=1] GlobalBuffer[P=1 Q=120 Z7=1 C7=1 R7=1 S7=1 Y6=1 X6=120 Z6=1 C6=1 R6=1 S6=1 Y5=1 X5=120 Z5=1 C5=1 R5=1 S5=1 Y4=1 X4=120 Z4=1 C4=1 R4=1 S4=1 Y3=1 X3=120 Z3=1 C3=1 R3=1 S3=1 Y2=1 X2=120 Z2=1 C2=1 R2=1 S2=1 Y1=1 X1=120 Z1=1 C1=1 R1=1 S1=1 Y0=1 X0=120 Z0=1 C0=1 R0=1 S0=1] SACols[Q=1 Z7=4] SARows[S7=3 C7=56 Z7=2] SACols_6[X6=1 Z6=4] SARows_6[S6=1 C6=12 Z6=14] SACols_5[X5=1 Z5=4] SARows_5[S5=3 C5=12 Z5=3] SACols_4[X4=1 Z4=4] SARows_4[S4=3 C4=12 Z4=3] SACols_3[X3=1 Z3=4] SARows_3[S3=3 C3=12 Z3=3] SACols_2[X2=1 Z2=4] SARows_2[S2=3 C2=12 Z2=3] SACols_1[X1=1 Z1=4] SARows_1[S1=1 C1=56 Z1=3] SACols_0[X0=1 Z0=4] SARows_0[S0=5 C0=3 Z0=14] InRegister[P=1 Q=1 Z7=1 C7=1 R7=1 S7=1 Y6=1 X6=1 Z6=1 C6=1 R6=1 S6=1 Y5=1 X5=1 Z5=1 C5=1 R5=1 S5=1 Y4=1 X4=1 Z4=1 C4=1 R4=1 S4=1 Y3=1 X3=1 Z3=1 C3=1 R3=1 S3=1 Y2=1 X2=1 Z2=1 C2=1 R2=1 S2=1 Y1=1 X1=1 Z1=1 C1=1 R1=1 S1=1 Y0=1 X0=1 Z0=1 C0=1 R0=1 S0=1] WRegister[P=1 Q=1 Z7=1 C7=1 R7=3 S7=1 Y6=1 X6=1 Z6=1 C6=1 R6=1 S6=1 Y5=1 X5=1 Z5=1 C5=1 R5=3 S5=1 Y4=1 X4=1 Z4=1 C4=1 R4=3 S4=1 Y3=1 X3=1 Z3=1 C3=1 R3=3 S3=1 Y2=1 X2=1 Z2=1 C2=1 R2=3 S2=1 Y1=1 X1=1 Z1=1 C1=1 R1=1 S1=1 Y0=1 X0=1 Z0=1 C0=1 R0=5 S0=1] IntermediateRegister[P=1 Q=1 Z7=1 C7=1 R7=1 S7=1 Y6=1 X6=1 Z6=1 C6=1 R6=1 S6=1 Y5=1 X5=1 Z5=1 C5=1 R5=1 S5=1 Y4=1 X4=1 Z4=1 C4=1 R4=1 S4=1 Y3=1 X3=1 Z3=1 C3=1 R3=1 S3=1 Y2=1 X2=1 Z2=1 C2=1 R2=1 S2=1 Y1=1 X1=1 Z1=1 C1=1 R1=1 S1=1 Y0=1 X0=1 Z0=1 C0=1 R0=1 S0=1] OutRegister[P=1 Q=1 Z7=2 C7=1 R7=1 S7=1 Y6=1 X6=1 Z6=1 C6=1 R6=1 S6=1 Y5=1 X5=1 Z5=1 C5=1 R5=1 S5=1 Y4=1 X4=1 Z4=1 C4=1 R4=1 S4=1 Y3=1 X3=1 Z3=1 C3=1 R3=1 S3=1 Y2=1 X2=1 Z2=1 C2=1 R2=1 S2=1 Y1=1 X1=1 Z1=1 C1=1 R1=1 S1=1 Y0=1 X0=1 Z0=1 C0=1 R0=1 S0=1] Compute] 
fsrcnn_8layer_2026-02-21T06:52:58.428722,fsrcnn,8layer,full,8,eyeriss,thesis_arch,1056,524,128,512,16,120,False,True,,6.255e+04,1.918e+07,1.25e+06,"(31557100392, 12312518400)",1.7509048058158172e-09,0.3790884017944336,DRAM[P=540 Q=8 Z7=1 C7=1 R7=1 S7=1 Y6=540 X6=8 Z6=1 C6=1 R6=1 S6=1 Y5=540 X5=8 Z5=1 C5=1 R5=1 S5=1 Y4=540 X4=8 Z4=1 C4=1 R4=1 S4=1 Y3=540 X3=8 Z3=1 C3=1 R3=1 S3=1 Y2=540 X2=8 Z2=1 C2=1 R2=1 S2=1 Y1=540 X1=8 Z1=1 C1=1 R1=1 S1=1 Y0=540 X0=8 Z0=1 C0=1 R0=1 S0=1] GlobalBuffer[P=1 Q=120 Z7=1 C7=1 R7=1 S7=1 Y6=1 X6=120 Z6=1 C6=1 R6=1 S6=1 Y5=1 X5=120 Z5=1 C5=1 R5=1 S5=1 Y4=1 X4=120 Z4=1 C4=1 R4=1 S4=1 Y3=1 X3=120 Z3=1 C3=1 R3=1 S3=1 Y2=1 X2=120 Z2=1 C2=1 R2=1 S2=1 Y1=1 X1=120 Z1=1 C1=1 R1=1 S1=1 Y0=1 X0=120 Z0=1 C0=1 R0=1 S0=1] SACols[Q=1 Z7=16] SARows[S7=3 C7=56 Z7=1] SACols_6[X6=1 Z6=14] SARows_6[S6=1 C6=12 Z6=4] SACols_5[X5=1 Z5=12] SARows_5[S5=3 C5=12 Z5=1] SACols_4[X4=1 Z4=12] SARows_4[S4=3 C4=12 Z4=1] SACols_3[X3=1 Z3=12] SARows_3[S3=3 C3=12 Z3=1] SACols_2[X2=1 Z2=12] SARows_2[S2=3 C2=12 Z2=1] SACols_1[X1=1 Z1=12] SARows_1[S1=1 C1=56 Z1=1] SACols_0[X0=1 Z0=14] SARows_0[S0=5 C0=3 Z0=4] InRegister[P=1 Q=1 Z7=1 C7=1 R7=1 S7=1 Y6=1 X6=1 Z6=1 C6=1 R6=1 S6=1 Y5=1 X5=1 Z5=1 C5=1 R5=1 S5=1 Y4=1 X4=1 Z4=1 C4=1 R4=1 S4=1 Y3=1 X3=1 Z3=1 C3=1 R3=1 S3=1 Y2=1 X2=1 Z2=1 C2=1 R2=1 S2=1 Y1=1 X1=1 Z1=1 C1=1 R1=1 S1=1 Y0=1 X0=1 Z0=1 C0=1 R0=1 S0=1] WRegister[P=1 Q=1 Z7=1 C7=1 R7=3 S7=1 Y6=1 X6=1 Z6=1 C6=1 R6=1 S6=1 Y5=1 X5=1 Z5=1 C5=1 R5=3 S5=1 Y4=1 X4=1 Z4=1 C4=1 R4=3 S4=1 Y3=1 X3=1 Z3=1 C3=1 R3=3 S3=1 Y2=1 X2=1 Z2=1 C2=1 R2=3 S2=1 Y1=1 X1=1 Z1=1 C1=1 R1=1 S1=1 Y0=1 X0=1 Z0=1 C0=1 R0=5 S0=1] IntermediateRegister[P=1 Q=1 Z7=1 C7=1 R7=1 S7=1 Y6=1 X6=1 Z6=1 C6=1 R6=1 S6=1 Y5=1 X5=1 Z5=1 C5=1 R5=1 S5=1 Y4=1 X4=1 Z4=1 C4=1 R4=1 S4=1 Y3=1 X3=1 Z3=1 C3=1 R3=1 S3=1 Y2=1 X2=1 Z2=1 C2=1 R2=1 S2=1 Y1=1 X1=1 Z1=1 C1=1 R1=1 S1=1 Y0=1 X0=1 Z0=1 C0=1 R0=1 S0=1] OutRegister[P=1 Q=1 Z7=1 C7=1 R7=1 S7=1 Y6=1 X6=1 Z6=1 C6=1 R6=1 S6=1 Y5=1 X5=1 Z5=1 C5=1 R5=1 S5=1 Y4=1 X4=1 Z4=1 C4=1 R4=1 S4=1 Y3=1 X3=1 Z3=1 C3=1 R3=1 S3=1 Y2=1 X2=1 Z2=1 C2=1 R2=1 S2=1 Y1=1 X1=1 Z1=1 C1=1 R1=1 S1=1 Y0=1 X0=1 Z0=1 C0=1 R0=1 S0=1] Compute] 
fsrcnn_8layer_2026-02-21T06:52:59.885248,fsrcnn,8layer,full,8,eyeriss,thesis_arch,1056,524,128,512,32,120,False,True,,6.255e+04,1.918e+07,1.25e+06,"(31557100392, 12312518400)",4.377262014539543e-10,0.1613011360168457,DRAM[P=540 Q=8 Z7=1 C7=1 R7=1 S7=1 Y6=540 X6=8 Z6=1 C6=1 R6=1 S6=1 Y5=540 X5=8 Z5=1 C5=1 R5=1 S5=1 Y4=540 X4=8 Z4=1 C4=1 R4=1 S4=1 Y3=540 X3=8 Z3=1 C3=1 R3=1 S3=1 Y2=540 X2=8 Z2=1 C2=1 R2=1 S2=1 Y1=540 X1=8 Z1=1 C1=1 R1=1 S1=1 Y0=540 X0=8 Z0=1 C0=1 R0=1 S0=1] GlobalBuffer[P=1 Q=60 Z7=1 C7=1 R7=1 S7=1 Y6=1 X6=120 Z6=1 C6=1 R6=1 S6=1 Y5=1 X5=60 Z5=1 C5=1 R5=1 S5=1 Y4=1 X4=60 Z4=1 C4=1 R4=1 S4=1 Y3=1 X3=60 Z3=1 C3=1 R3=1 S3=1 Y2=1 X2=60 Z2=1 C2=1 R2=1 S2=1 Y1=1 X1=60 Z1=1 C1=1 R1=1 S1=1 Y0=1 X0=120 Z0=1 C0=1 R0=1 S0=1] SACols[Q=2 Z7=16] SARows[S7=3 C7=56 Z7=1] SACols_6[X6=1 Z6=28] SARows_6[S6=1 C6=12 Z6=2] SACols_5[X5=2 Z5=12] SARows_5[S5=3 C5=12 Z5=1] SACols_4[X4=2 Z4=12] SARows_4[S4=3 C4=12 Z4=1] SACols_3[X3=2 Z3=12] SARows_3[S3=3 C3=12 Z3=1] SACols_2[X2=2 Z2=12] SARows_2[S2=3 C2=12 Z2=1] SACols_1[X1=2 Z1=12] SARows_1[S1=1 C1=56 Z1=1] SACols_0[X0=1 Z0=28] SARows_0[S0=5 C0=3 Z0=2] InRegister[P=1 Q=1 Z7=1 C7=1 R7=1 S7=1 Y6=1 X6=1 Z6=1 C6=1 R6=1 S6=1 Y5=1 X5=1 Z5=1 C5=1 R5=1 S5=1 Y4=1 X4=1 Z4=1 C4=1 R4=1 S4=1 Y3=1 X3=1 Z3=1 C3=1 R3=1 S3=1 Y2=1 X2=1 Z2=1 C2=1 R2=1 S2=1 Y1=1 X1=1 Z1=1 C1=1 R1=1 S1=1 Y0=1 X0=1 Z0=1 C0=1 R0=1 S0=1] WRegister[P=1 Q=1 Z7=1 C7=1 R7=3 S7=1 Y6=1 X6=1 Z6=1 C6=1 R6=1 S6=1 Y5=1 X5=1 Z5=1 C5=1 R5=3 S5=1 Y4=1 X4=1 Z4=1 C4=1 R4=3 S4=1 Y3=1 X3=1 Z3=1 C3=1 R3=3 S3=1 Y2=1 X2=1 Z2=1 C2=1 R2=3 S2=1 Y1=1 X1=1 Z1=1 C1=1 R1=1 S1=1 Y0=1 X0=1 Z0=1 C0=1 R0=5 S0=1] IntermediateRegister[P=1 Q=1 Z7=1 C7=1 R7=1 S7=1 Y6=1 X6=1 Z6=1 C6=1 R6=1 S6=1 Y5=1 X5=1 Z5=1 C5=1 R5=1 S5=1 Y4=1 X4=1 Z4=1 C4=1 R4=1 S4=1 Y3=1 X3=1 Z3=1 C3=1 R3=1 S3=1 Y2=1 X2=1 Z2=1 C2=1 R2=1 S2=1 Y1=1 X1=1 Z1=1 C1=1 R1=1 S1=1 Y0=1 X0=1 Z0=1 C0=1 R0=1 S0=1] OutRegister[P=1 Q=1 Z7=1 C7=1 R7=1 S7=1 Y6=1 X6=1 Z6=1 C6=1 R6=1 S6=1 Y5=1 X5=1 Z5=1 C5=1 R5=1 S5=1 Y4=1 X4=1 Z4=1 C4=1 R4=1 S4=1 Y3=1 X3=1 Z3=1 C3=1 R3=1 S3=1 Y2=1 X2=1 Z2=1 C2=1 R2=1 S2=1 Y1=1 X1=1 Z1=1 C1=1 R1=1 S1=1 Y0=1 X0=1 Z0=1 C0=1 R0=1 S0=1] Compute] 
fsrcnn_8layer_2026-02-21T06:53:00.448043,fsrcnn,8layer,full,8,eyeriss,thesis_arch,1056,524,128,4,4,120,False,False,"Arch: Eyeriss_Constrained_8L_tile120_4x4 -> Level: SARows_0: Failed to fit comp to arch because the level's constraint (S0: 4) does not divide comp dimension S0 (5) exactly. To compensate, consider setting 'Settings.PADDED_MAPPINGS' to True.",0.000e+00,0.000e+00,0.00e+00,0,0.0,0.0,
fsrcnn_8layer_2026-02-21T06:53:01.387879,fsrcnn,8layer,full,8,eyeriss,thesis_arch,1056,524,128,4,16,120,False,False,"Arch: Eyeriss_Constrained_8L_tile120_16x4 -> Level: SARows_0: Failed to fit comp to arch because the level's constraint (S0: 4) does not divide comp dimension S0 (5) exactly. To compensate, consider setting 'Settings.PADDED_MAPPINGS' to True.",0.000e+00,0.000e+00,0.00e+00,0,0.0,0.0,
fsrcnn_8layer_2026-02-21T06:53:01.908629,fsrcnn,8layer,full,8,eyeriss,thesis_arch,1056,524,128,4,32,120,False,False,"Arch: Eyeriss_Constrained_8L_tile120_32x4 -> Level: SARows_0: Failed to fit comp to arch because the level's constraint (S0: 4) does not divide comp dimension S0 (5) exactly. To compensate, consider setting 'Settings.PADDED_MAPPINGS' to True.",0.000e+00,0.000e+00,0.00e+00,0,0.0,0.0,
fsrcnn_8layer_2026-02-21T06:53:02.422389,fsrcnn,8layer,full,8,eyeriss,thesis_arch,1056,524,128,4,64,120,False,False,"Arch: Eyeriss_Constrained_8L_tile120_64x4 -> Level: SARows_0: Failed to fit comp to arch because the level's constraint (S0: 4) does not divide comp dimension S0 (5) exactly. To compensate, consider setting 'Settings.PADDED_MAPPINGS' to True.",0.000e+00,0.000e+00,0.00e+00,0,0.0,0.0,
fsrcnn_8layer_2026-02-21T06:53:02.998655,fsrcnn,8layer,full,8,eyeriss,thesis_arch,1056,524,128,4,128,120,False,False,"Arch: Eyeriss_Constrained_8L_tile120_128x4 -> Level: SARows_0: Failed to fit comp to arch because the level's constraint (S0: 4) does not divide comp dimension S0 (5) exactly. To compensate, consider setting 'Settings.PADDED_MAPPINGS' to True.",0.000e+00,0.000e+00,0.00e+00,0,0.0,0.0,
fsrcnn_8layer_2026-02-21T06:53:03.837420,fsrcnn,8layer,full,8,eyeriss,thesis_arch,1056,524,128,4,256,120,False,False,"Arch: Eyeriss_Constrained_8L_tile120_256x4 -> Level: SARows_0: Failed to fit comp to arch because the level's constraint (S0: 4) does not divide comp dimension S0 (5) exactly. To compensate, consider setting 'Settings.PADDED_MAPPINGS' to True.",0.000e+00,0.000e+00,0.00e+00,0,0.0,0.0,
fsrcnn_8layer_2026-02-21T06:53:04.664025,fsrcnn,8layer,full,8,eyeriss,thesis_arch,1056,524,128,4,512,120,False,False,"Arch: Eyeriss_Constrained_8L_tile120_512x4 -> Level: SARows_0: Failed to fit comp to arch because the level's constraint (S0: 4) does not divide comp dimension S0 (5) exactly. To compensate, consider setting 'Settings.PADDED_MAPPINGS' to True.",0.000e+00,0.000e+00,0.00e+00,0,0.0,0.0,
fsrcnn_8layer_2026-02-21T06:53:05.222379,fsrcnn,8layer,full,8,eyeriss,thesis_arch,1056,524,128,16,4,120,False,False,"Ill-posed constraints:
CONSTRAINTS VIOLATION: Arch: Eyeriss_Constrained_8L_tile120_4x16 -> Level: InRegister: memory footprint: 93 VS memory available: 34
CONSTRAINTS VIOLATION: Arch: Eyeriss_Constrained_8L_tile120_4x16 -> Level: IntermediateRegister: memory footprint: 43 VS memory available: 32",0.000e+00,0.000e+00,0.00e+00,0,0.0,0.0,
fsrcnn_8layer_2026-02-21T06:53:05.851948,fsrcnn,8layer,full,8,eyeriss,thesis_arch,1056,524,128,16,16,120,False,False,"Ill-posed constraints:
CONSTRAINTS VIOLATION: Arch: Eyeriss_Constrained_8L_tile120_16x16 -> Level: InRegister: memory footprint: 93 VS memory available: 34",0.000e+00,0.000e+00,0.00e+00,0,0.0,0.0,
fsrcnn_8layer_2026-02-21T06:53:06.425402,fsrcnn,8layer,full,8,eyeriss,thesis_arch,1056,524,128,16,32,120,False,False,"Ill-posed constraints:
CONSTRAINTS VIOLATION: Arch: Eyeriss_Constrained_8L_tile120_32x16 -> Level: InRegister: memory footprint: 93 VS memory available: 34",0.000e+00,0.000e+00,0.00e+00,0,0.0,0.0,
fsrcnn_8layer_2026-02-21T06:53:07.046408,fsrcnn,8layer,full,8,eyeriss,thesis_arch,1056,524,128,16,64,120,False,False,"Ill-posed constraints:
CONSTRAINTS VIOLATION: Arch: Eyeriss_Constrained_8L_tile120_64x16 -> Level: InRegister: memory footprint: 93 VS memory available: 34",0.000e+00,0.000e+00,0.00e+00,0,0.0,0.0,
fsrcnn_8layer_2026-02-21T06:53:07.512257,fsrcnn,8layer,full,8,eyeriss,thesis_arch,1056,524,128,16,128,120,False,False,"Ill-posed constraints:
CONSTRAINTS VIOLATION: Arch: Eyeriss_Constrained_8L_tile120_128x16 -> Level: InRegister: memory footprint: 93 VS memory available: 34",0.000e+00,0.000e+00,0.00e+00,0,0.0,0.0,
fsrcnn_8layer_2026-02-21T06:53:08.106263,fsrcnn,8layer,full,8,eyeriss,thesis_arch,1056,524,128,16,256,120,False,False,"Ill-posed constraints:
CONSTRAINTS VIOLATION: Arch: Eyeriss_Constrained_8L_tile120_256x16 -> Level: InRegister: memory footprint: 93 VS memory available: 34",0.000e+00,0.000e+00,0.00e+00,0,0.0,0.0,
fsrcnn_8layer_2026-02-21T06:53:08.557146,fsrcnn,8layer,full,8,eyeriss,thesis_arch,1056,524,128,16,512,120,False,False,"Ill-posed constraints:
CONSTRAINTS VIOLATION: Arch: Eyeriss_Constrained_8L_tile120_512x16 -> Level: InRegister: memory footprint: 93 VS memory available: 34",0.000e+00,0.000e+00,0.00e+00,0,0.0,0.0,
fsrcnn_8layer_2026-02-21T06:53:09.243902,fsrcnn,8layer,full,8,eyeriss,thesis_arch,1056,524,128,32,4,120,False,False,"Ill-posed constraints:
CONSTRAINTS VIOLATION: Arch: Eyeriss_Constrained_8L_tile120_4x32 -> Level: InRegister: memory footprint: 58 VS memory available: 34",0.000e+00,0.000e+00,0.00e+00,0,0.0,0.0,
fsrcnn_8layer_2026-02-21T06:53:10.023369,fsrcnn,8layer,full,8,eyeriss,thesis_arch,1056,524,128,32,16,120,False,False,"Ill-posed constraints:
CONSTRAINTS VIOLATION: Arch: Eyeriss_Constrained_8L_tile120_16x32 -> Level: InRegister: memory footprint: 58 VS memory available: 34",0.000e+00,0.000e+00,0.00e+00,0,0.0,0.0,
fsrcnn_8layer_2026-02-21T06:53:10.469287,fsrcnn,8layer,full,8,eyeriss,thesis_arch,1056,524,128,32,32,120,False,False,"Ill-posed constraints:
CONSTRAINTS VIOLATION: Arch: Eyeriss_Constrained_8L_tile120_32x32 -> Level: InRegister: memory footprint: 58 VS memory available: 34",0.000e+00,0.000e+00,0.00e+00,0,0.0,0.0,
fsrcnn_8layer_2026-02-21T06:53:10.773641,fsrcnn,8layer,full,8,eyeriss,thesis_arch,1056,524,128,32,64,120,False,False,"Ill-posed constraints:
CONSTRAINTS VIOLATION: Arch: Eyeriss_Constrained_8L_tile120_64x32 -> Level: InRegister: memory footprint: 58 VS memory available: 34",0.000e+00,0.000e+00,0.00e+00,0,0.0,0.0,
fsrcnn_8layer_2026-02-21T06:53:11.314928,fsrcnn,8layer,full,8,eyeriss,thesis_arch,1056,524,128,32,128,120,False,False,"Ill-posed constraints:
CONSTRAINTS VIOLATION: Arch: Eyeriss_Constrained_8L_tile120_128x32 -> Level: InRegister: memory footprint: 58 VS memory available: 34",0.000e+00,0.000e+00,0.00e+00,0,0.0,0.0,
fsrcnn_8layer_2026-02-21T06:53:12.162870,fsrcnn,8layer,full,8,eyeriss,thesis_arch,1056,524,128,32,256,120,False,False,"Ill-posed constraints:
CONSTRAINTS VIOLATION: Arch: Eyeriss_Constrained_8L_tile120_256x32 -> Level: InRegister: memory footprint: 58 VS memory available: 34",0.000e+00,0.000e+00,0.00e+00,0,0.0,0.0,
fsrcnn_8layer_2026-02-21T06:53:13.005941,fsrcnn,8layer,full,8,eyeriss,thesis_arch,1056,524,128,32,512,120,False,False,"Ill-posed constraints:
CONSTRAINTS VIOLATION: Arch: Eyeriss_Constrained_8L_tile120_512x32 -> Level: InRegister: memory footprint: 58 VS memory available: 34",0.000e+00,0.000e+00,0.00e+00,0,0.0,0.0,
fsrcnn_8layer_2026-02-21T06:53:13.524242,fsrcnn,8layer,full,8,eyeriss,thesis_arch,1056,524,128,64,4,120,False,False,"Ill-posed constraints:
CONSTRAINTS VIOLATION: Arch: Eyeriss_Constrained_8L_tile120_4x64 -> Level: InRegister: memory footprint: 36 VS memory available: 34",0.000e+00,0.000e+00,0.00e+00,0,0.0,0.0,
fsrcnn_8layer_2026-02-21T06:53:14.393575,fsrcnn,8layer,full,8,eyeriss,thesis_arch,1056,524,128,64,16,120,False,False,"Ill-posed constraints:
CONSTRAINTS VIOLATION: Arch: Eyeriss_Constrained_8L_tile120_16x64 -> Level: InRegister: memory footprint: 36 VS memory available: 34",0.000e+00,0.000e+00,0.00e+00,0,0.0,0.0,
fsrcnn_8layer_2026-02-21T06:53:15.259919,fsrcnn,8layer,full,8,eyeriss,thesis_arch,1056,524,128,64,32,120,False,False,"Ill-posed constraints:
CONSTRAINTS VIOLATION: Arch: Eyeriss_Constrained_8L_tile120_32x64 -> Level: InRegister: memory footprint: 36 VS memory available: 34",0.000e+00,0.000e+00,0.00e+00,0,0.0,0.0,
fsrcnn_8layer_2026-02-21T06:53:15.867132,fsrcnn,8layer,full,8,eyeriss,thesis_arch,1056,524,128,64,64,120,False,False,"Ill-posed constraints:
CONSTRAINTS VIOLATION: Arch: Eyeriss_Constrained_8L_tile120_64x64 -> Level: InRegister: memory footprint: 36 VS memory available: 34",0.000e+00,0.000e+00,0.00e+00,0,0.0,0.0,
fsrcnn_8layer_2026-02-21T06:53:16.184196,fsrcnn,8layer,full,8,eyeriss,thesis_arch,1056,524,128,64,128,120,False,False,"Ill-posed constraints:
CONSTRAINTS VIOLATION: Arch: Eyeriss_Constrained_8L_tile120_128x64 -> Level: InRegister: memory footprint: 36 VS memory available: 34",0.000e+00,0.000e+00,0.00e+00,0,0.0,0.0,
fsrcnn_8layer_2026-02-21T06:53:16.691762,fsrcnn,8layer,full,8,eyeriss,thesis_arch,1056,524,128,64,256,120,False,False,"Ill-posed constraints:
CONSTRAINTS VIOLATION: Arch: Eyeriss_Constrained_8L_tile120_256x64 -> Level: InRegister: memory footprint: 36 VS memory available: 34",0.000e+00,0.000e+00,0.00e+00,0,0.0,0.0,
fsrcnn_8layer_2026-02-21T06:53:17.428685,fsrcnn,8layer,full,8,eyeriss,thesis_arch,1056,524,128,128,4,120,False,True,,7.181e+04,2.825e+07,2.06e+06,"(30062034792, 12094790400)",0.07833415499362673,0.14754509925842285,DRAM[P=540 Q=8 Z7=1 C7=1 R7=1 S7=1 Y6=540 X6=8 Z6=1 C6=1 R6=1 S6=1 Y5=540 X5=8 Z5=1 C5=1 R5=1 S5=1 Y4=540 X4=8 Z4=1 C4=1 R4=1 S4=1 Y3=540 X3=8 Z3=1 C3=1 R3=1 S3=1 Y2=540 X2=8 Z2=1 C2=1 R2=1 S2=1 Y1=540 X1=8 Z1=1 C1=1 R1=1 S1=1 Y0=540 X0=8 Z0=1 C0=1 R0=1 S0=1] GlobalBuffer[P=1 Q=120 Z7=1 C7=1 R7=1 S7=1 Y6=1 X6=120 Z6=1 C6=1 R6=1 S6=1 Y5=1 X5=120 Z5=1 C5=1 R5=1 S5=1 Y4=1 X4=120 Z4=1 C4=1 R4=1 S4=1 Y3=1 X3=120 Z3=1 C3=1 R3=1 S3=1 Y2=1 X2=120 Z2=1 C2=1 R2=1 S2=1 Y1=1 X1=120 Z1=1 C1=1 R1=1 S1=1 Y0=1 X0=120 Z0=1 C0=1 R0=1 S0=1] SACols[Q=1 Z7=4] SARows[S7=3 C7=28 Z7=1] SACols_6[X6=1 Z6=4] SARows_6[S6=1 C6=12 Z6=7] SACols_5[X5=1 Z5=4] SARows_5[S5=3 C5=12 Z5=3] SACols_4[X4=1 Z4=4] SARows_4[S4=3 C4=12 Z4=3] SACols_3[X3=1 Z3=4] SARows_3[S3=3 C3=12 Z3=3] SACols_2[X2=1 Z2=4] SARows_2[S2=3 C2=12 Z2=3] SACols_1[X1=1 Z1=4] SARows_1[S1=1 C1=56 Z1=1] SACols_0[X0=1 Z0=4] SARows_0[S0=5 C0=3 Z0=7] InRegister[P=1 Q=1 Z7=1 C7=1 R7=1 S7=1 Y6=1 X6=1 Z6=1 C6=1 R6=1 S6=1 Y5=1 X5=1 Z5=1 C5=1 R5=1 S5=1 Y4=1 X4=1 Z4=1 C4=1 R4=1 S4=1 Y3=1 X3=1 Z3=1 C3=1 R3=1 S3=1 Y2=1 X2=1 Z2=1 C2=1 R2=1 S2=1 Y1=1 X1=1 Z1=1 C1=1 R1=1 S1=1 Y0=1 X0=1 Z0=1 C0=1 R0=1 S0=1] WRegister[P=1 Q=1 Z7=1 C7=2 R7=3 S7=1 Y6=1 X6=1 Z6=1 C6=1 R6=1 S6=1 Y5=1 X5=1 Z5=1 C5=1 R5=3 S5=1 Y4=1 X4=1 Z4=1 C4=1 R4=3 S4=1 Y3=1 X3=1 Z3=1 C3=1 R3=3 S3=1 Y2=1 X2=1 Z2=1 C2=1 R2=3 S2=1 Y1=1 X1=1 Z1=1 C1=1 R1=1 S1=1 Y0=1 X0=1 Z0=1 C0=1 R0=5 S0=1] IntermediateRegister[P=1 Q=1 Z7=1 C7=1 R7=1 S7=1 Y6=1 X6=1 Z6=2 C6=1 R6=1 S6=1 Y5=1 X5=1 Z5=1 C5=1 R5=1 S5=1 Y4=1 X4=1 Z4=1 C4=1 R4=1 S4=1 Y3=1 X3=1 Z3=1 C3=1 R3=1 S3=1 Y2=1 X2=1 Z2=1 C2=1 R2=1 S2=1 Y1=1 X1=1 Z1=3 C1=1 R1=1 S1=1 Y0=1 X0=1 Z0=2 C0=1 R0=1 S0=1] OutRegister[P=1 Q=1 Z7=4 C7=1 R7=1 S7=1 Y6=1 X6=1 Z6=1 C6=1 R6=1 S6=1 Y5=1 X5=1 Z5=1 C5=1 R5=1 S5=1 Y4=1 X4=1 Z4=1 C4=1 R4=1 S4=1 Y3=1 X3=1 Z3=1 C3=1 R3=1 S3=1 Y2=1 X2=1 Z2=1 C2=1 R2=1 S2=1 Y1=1 X1=1 Z1=1 C1=1 R1=1 S1=1 Y0=1 X0=1 Z0=1 C0=1 R0=1 S0=1] Compute] 
fsrcnn_8layer_2026-02-21T06:53:17.985242,fsrcnn,8layer,full,8,eyeriss,thesis_arch,1056,524,128,128,16,120,False,True,,7.320e+04,1.918e+07,1.45e+06,"(31557100392, 12312518400)",5.73736486769727e-05,0.26281237602233887,DRAM[P=540 Q=8 Z7=1 C7=1 R7=1 S7=1 Y6=540 X6=8 Z6=1 C6=1 R6=1 S6=1 Y5=540 X5=8 Z5=1 C5=1 R5=1 S5=1 Y4=540 X4=8 Z4=1 C4=1 R4=1 S4=1 Y3=540 X3=8 Z3=1 C3=1 R3=1 S3=1 Y2=540 X2=8 Z2=1 C2=1 R2=1 S2=1 Y1=540 X1=8 Z1=1 C1=1 R1=1 S1=1 Y0=540 X0=8 Z0=1 C0=1 R0=1 S0=1] GlobalBuffer[P=1 Q=120 Z7=1 C7=1 R7=1 S7=1 Y6=1 X6=120 Z6=1 C6=1 R6=1 S6=1 Y5=1 X5=120 Z5=1 C5=1 R5=1 S5=1 Y4=1 X4=120 Z4=1 C4=1 R4=1 S4=1 Y3=1 X3=120 Z3=1 C3=1 R3=1 S3=1 Y2=1 X2=120 Z2=1 C2=1 R2=1 S2=1 Y1=1 X1=120 Z1=1 C1=1 R1=1 S1=1 Y0=1 X0=120 Z0=1 C0=1 R0=1 S0=1] SACols[Q=1 Z7=16] SARows[S7=3 C7=28 Z7=1] SACols_6[X6=1 Z6=14] SARows_6[S6=1 C6=12 Z6=4] SACols_5[X5=1 Z5=12] SARows_5[S5=3 C5=12 Z5=1] SACols_4[X4=1 Z4=12] SARows_4[S4=3 C4=12 Z4=1] SACols_3[X3=1 Z3=12] SARows_3[S3=3 C3=12 Z3=1] SACols_2[X2=1 Z2=12] SARows_2[S2=3 C2=12 Z2=1] SACols_1[X1=1 Z1=12] SARows_1[S1=1 C1=56 Z1=1] SACols_0[X0=1 Z0=14] SARows_0[S0=5 C0=3 Z0=4] InRegister[P=1 Q=1 Z7=1 C7=1 R7=1 S7=1 Y6=1 X6=1 Z6=1 C6=1 R6=1 S6=1 Y5=1 X5=1 Z5=1 C5=1 R5=1 S5=1 Y4=1 X4=1 Z4=1 C4=1 R4=1 S4=1 Y3=1 X3=1 Z3=1 C3=1 R3=1 S3=1 Y2=1 X2=1 Z2=1 C2=1 R2=1 S2=1 Y1=1 X1=1 Z1=1 C1=1 R1=1 S1=1 Y0=1 X0=1 Z0=1 C0=1 R0=1 S0=1] WRegister[P=1 Q=1 Z7=1 C7=2 R7=3 S7=1 Y6=1 X6=1 Z6=1 C6=1 R6=1 S6=1 Y5=1 X5=1 Z5=1 C5=1 R5=3 S5=1 Y4=1 X4=1 Z4=1 C4=1 R4=3 S4=1 Y3=1 X3=1 Z3=1 C3=1 R3=3 S3=1 Y2=1 X2=1 Z2=1 C2=1 R2=3 S2=1 Y1=1 X1=1 Z1=1 C1=1 R1=1 S1=1 Y0=1 X0=1 Z0=1 C0=1 R0=5 S0=1] IntermediateRegister[P=1 Q=1 Z7=1 C7=1 R7=1 S7=1 Y6=1 X6=1 Z6=1 C6=1 R6=1 S6=1 Y5=1 X5=1 Z5=1 C5=1 R5=1 S5=1 Y4=1 X4=1 Z4=1 C4=1 R4=1 S4=1 Y3=1 X3=1 Z3=1 C3=1 R3=1 S3=1 Y2=1 X2=1 Z2=1 C2=1 R2=1 S2=1 Y1=1 X1=1 Z1=1 C1=1 R1=1 S1=1 Y0=1 X0=1 Z0=1 C0=1 R0=1 S0=1] OutRegister[P=1 Q=1 Z7=1 C7=1 R7=1 S7=1 Y6=1 X6=1 Z6=1 C6=1 R6=1 S6=1 Y5=1 X5=1 Z5=1 C5=1 R5=1 S5=1 Y4=1 X4=1 Z4=1 C4=1 R4=1 S4=1 Y3=1 X3=1 Z3=1 C3=1 R3=1 S3=1 Y2=1 X2=1 Z2=1 C2=1 R2=1 S2=1 Y1=1 X1=1 Z1=1 C1=1 R1=1 S1=1 Y0=1 X0=1 Z0=1 C0=1 R0=1 S0=1] Compute] 
fsrcnn_8layer_2026-02-21T06:53:18.994712,fsrcnn,8layer,full,8,eyeriss,thesis_arch,1056,524,128,128,32,120,False,True,,7.320e+04,1.918e+07,1.45e+06,"(31557100392, 12312518400)",1.4343412169243175e-05,0.32911181449890137,DRAM[P=540 Q=8 Z7=1 C7=1 R7=1 S7=1 Y6=540 X6=8 Z6=1 C6=1 R6=1 S6=1 Y5=540 X5=8 Z5=1 C5=1 R5=1 S5=1 Y4=540 X4=8 Z4=1 C4=1 R4=1 S4=1 Y3=540 X3=8 Z3=1 C3=1 R3=1 S3=1 Y2=540 X2=8 Z2=1 C2=1 R2=1 S2=1 Y1=540 X1=8 Z1=1 C1=1 R1=1 S1=1 Y0=540 X0=8 Z0=1 C0=1 R0=1 S0=1] GlobalBuffer[P=1 Q=60 Z7=1 C7=1 R7=1 S7=1 Y6=1 X6=120 Z6=1 C6=1 R6=1 S6=1 Y5=1 X5=60 Z5=1 C5=1 R5=1 S5=1 Y4=1 X4=60 Z4=1 C4=1 R4=1 S4=1 Y3=1 X3=60 Z3=1 C3=1 R3=1 S3=1 Y2=1 X2=60 Z2=1 C2=1 R2=1 S2=1 Y1=1 X1=60 Z1=1 C1=1 R1=1 S1=1 Y0=1 X0=120 Z0=1 C0=1 R0=1 S0=1] SACols[Q=2 Z7=16] SARows[S7=3 C7=28 Z7=1] SACols_6[X6=1 Z6=28] SARows_6[S6=1 C6=12 Z6=2] SACols_5[X5=2 Z5=12] SARows_5[S5=3 C5=12 Z5=1] SACols_4[X4=2 Z4=12] SARows_4[S4=3 C4=12 Z4=1] SACols_3[X3=2 Z3=12] SARows_3[S3=3 C3=12 Z3=1] SACols_2[X2=2 Z2=12] SARows_2[S2=3 C2=12 Z2=1] SACols_1[X1=2 Z1=12] SARows_1[S1=1 C1=56 Z1=1] SACols_0[X0=1 Z0=28] SARows_0[S0=5 C0=3 Z0=2] InRegister[P=1 Q=1 Z7=1 C7=1 R7=1 S7=1 Y6=1 X6=1 Z6=1 C6=1 R6=1 S6=1 Y5=1 X5=1 Z5=1 C5=1 R5=1 S5=1 Y4=1 X4=1 Z4=1 C4=1 R4=1 S4=1 Y3=1 X3=1 Z3=1 C3=1 R3=1 S3=1 Y2=1 X2=1 Z2=1 C2=1 R2=1 S2=1 Y1=1 X1=1 Z1=1 C1=1 R1=1 S1=1 Y0=1 X0=1 Z0=1 C0=1 R0=1 S0=1] WRegister[P=1 Q=1 Z7=1 C7=2 R7=3 S7=1 Y6=1 X6=1 Z6=1 C6=1 R6=1 S6=1 Y5=1 X5=1 Z5=1 C5=1 R5=3 S5=1 Y4=1 X4=1 Z4=1 C4=1 R4=3 S4=1 Y3=1 X3=1 Z3=1 C3=1 R3=3 S3=1 Y2=1 X2=1 Z2=1 C2=1 R2=3 S2=1 Y1=1 X1=1 Z1=1 C1=1 R1=1 S1=1 Y0=1 X0=1 Z0=1 C0=1 R0=5 S0=1] IntermediateRegister[P=1 Q=1 Z7=1 C7=1 R7=1 S7=1 Y6=1 X6=1 Z6=1 C6=1 R6=1 S6=1 Y5=1 X5=1 Z5=1 C5=1 R5=1 S5=1 Y4=1 X4=1 Z4=1 C4=1 R4=1 S4=1 Y3=1 X3=1 Z3=1 C3=1 R3=1 S3=1 Y2=1 X2=1 Z2=1 C2=1 R2=1 S2=1 Y1=1 X1=1 Z1=1 C1=1 R1=1 S1=1 Y0=1 X0=1 Z0=1 C0=1 R0=1 S0=1] OutRegister[P=1 Q=1 Z7=1 C7=1 R7=1 S7=1 Y6=1 X6=1 Z6=1 C6=1 R6=1 S6=1 Y5=1 X5=1 Z5=1 C5=1 R5=1 S5=1 Y4=1 X4=1 Z4=1 C4=1 R4=1 S4=1 Y3=1 X3=1 Z3=1 C3=1 R3=1 S3=1 Y2=1 X2=1 Z2=1 C2=1 R2=1 S2=1 Y1=1 X1=1 Z1=1 C1=1 R1=1 S1=1 Y0=1 X0=1 Z0=1 C0=1 R0=1 S0=1] Compute] 
fsrcnn_8layer_2026-02-21T06:53:20.047278,fsrcnn,8layer,full,8,eyeriss,thesis_arch,1056,524,128,128,64,120,False,True,,7.320e+04,1.918e+07,1.45e+06,"(31557100392, 12312518400)",1.0943155036348858e-05,0.558931827545166,DRAM[P=540 Q=8 Z7=1 C7=1 R7=1 S7=1 Y6=540 X6=8 Z6=1 C6=1 R6=1 S6=1 Y5=540 X5=8 Z5=1 C5=1 R5=1 S5=1 Y4=540 X4=8 Z4=1 C4=1 R4=1 S4=1 Y3=540 X3=8 Z3=1 C3=1 R3=1 S3=1 Y2=540 X2=8 Z2=1 C2=1 R2=1 S2=1 Y1=540 X1=8 Z1=1 C1=1 R1=1 S1=1 Y0=540 X0=8 Z0=1 C0=1 R0=1 S0=1] GlobalBuffer[P=1 Q=30 Z7=1 C7=1 R7=1 S7=1 Y6=1 X6=120 Z6=1 C6=1 R6=1 S6=1 Y5=1 X5=24 Z5=1 C5=1 R5=1 S5=1 Y4=1 X4=24 Z4=1 C4=1 R4=1 S4=1 Y3=1 X3=24 Z3=1 C3=1 R3=1 S3=1 Y2=1 X2=24 Z2=1 C2=1 R2=1 S2=1 Y1=1 X1=24 Z1=1 C1=1 R1=1 S1=1 Y0=1 X0=120 Z0=1 C0=1 R0=1 S0=1] SACols[Q=4 Z7=16] SARows[S7=3 C7=28 Z7=1] SACols_6[X6=1 Z6=56] SARows_6[S6=1 C6=12 Z6=1] SACols_5[X5=5 Z5=12] SARows_5[S5=3 C5=12 Z5=1] SACols_4[X4=5 Z4=12] SARows_4[S4=3 C4=12 Z4=1] SACols_3[X3=5 Z3=12] SARows_3[S3=3 C3=12 Z3=1] SACols_2[X2=5 Z2=12] SARows_2[S2=3 C2=12 Z2=1] SACols_1[X1=5 Z1=12] SARows_1[S1=1 C1=56 Z1=1] SACols_0[X0=1 Z0=56] SARows_0[S0=5 C0=3 Z0=1] InRegister[P=1 Q=1 Z7=1 C7=1 R7=1 S7=1 Y6=1 X6=1 Z6=1 C6=1 R6=1 S6=1 Y5=1 X5=1 Z5=1 C5=1 R5=1 S5=1 Y4=1 X4=1 Z4=1 C4=1 R4=1 S4=1 Y3=1 X3=1 Z3=1 C3=1 R3=1 S3=1 Y2=1 X2=1 Z2=1 C2=1 R2=1 S2=1 Y1=1 X1=1 Z1=1 C1=1 R1=1 S1=1 Y0=1 X0=1 Z0=1 C0=1 R0=1 S0=1] WRegister[P=1 Q=1 Z7=1 C7=2 R7=3 S7=1 Y6=1 X6=1 Z6=1 C6=1 R6=1 S6=1 Y5=1 X5=1 Z5=1 C5=1 R5=3 S5=1 Y4=1 X4=1 Z4=1 C4=1 R4=3 S4=1 Y3=1 X3=1 Z3=1 C3=1 R3=3 S3=1 Y2=1 X2=1 Z2=1 C2=1 R2=3 S2=1 Y1=1 X1=1 Z1=1 C1=1 R1=1 S1=1 Y0=1 X0=1 Z0=1 C0=1 R0=5 S0=1] IntermediateRegister[P=1 Q=1 Z7=1 C7=1 R7=1 S7=1 Y6=1 X6=1 Z6=1 C6=1 R6=1 S6=1 Y5=1 X5=1 Z5=1 C5=1 R5=1 S5=1 Y4=1 X4=1 Z4=1 C4=1 R4=1 S4=1 Y3=1 X3=1 Z3=1 C3=1 R3=1 S3=1 Y2=1 X2=1 Z2=1 C2=1 R2=1 S2=1 Y1=1 X1=1 Z1=1 C1=1 R1=1 S1=1 Y0=1 X0=1 Z0=1 C0=1 R0=1 S0=1] OutRegister[P=1 Q=1 Z7=1 C7=1 R7=1 S7=1 Y6=1 X6=1 Z6=1 C6=1 R6=1 S6=1 Y5=1 X5=1 Z5=1 C5=1 R5=1 S5=1 Y4=1 X4=1 Z4=1 C4=1 R4=1 S4=1 Y3=1 X3=1 Z3=1 C3=1 R3=1 S3=1 Y2=1 X2=1 Z2=1 C2=1 R2=1 S2=1 Y1=1 X1=1 Z1=1 C1=1 R1=1 S1=1 Y0=1 X0=1 Z0=1 C0=1 R0=1 S0=1] Compute] 
fsrcnn_8layer_2026-02-21T06:53:21.405094,fsrcnn,8layer,full,8,eyeriss,thesis_arch,1056,524,128,128,128,120,False,True,,7.320e+04,1.889e+07,1.43e+06,"(31557100392, 12312518400)",1.0943155036348858e-05,0.13106131553649902,DRAM[P=540 Q=8 Z7=1 C7=1 R7=1 S7=1 Y6=540 X6=8 Z6=1 C6=1 R6=1 S6=1 Y5=540 X5=8 Z5=1 C5=1 R5=1 S5=1 Y4=540 X4=8 Z4=1 C4=1 R4=1 S4=1 Y3=540 X3=8 Z3=1 C3=1 R3=1 S3=1 Y2=540 X2=8 Z2=1 C2=1 R2=1 S2=1 Y1=540 X1=8 Z1=1 C1=1 R1=1 S1=1 Y0=540 X0=8 Z0=1 C0=1 R0=1 S0=1] GlobalBuffer[P=1 Q=15 Z7=1 C7=1 R7=1 S7=1 Y6=1 X6=60 Z6=1 C6=1 R6=1 S6=1 Y5=1 X5=12 Z5=1 C5=1 R5=1 S5=1 Y4=1 X4=12 Z4=1 C4=1 R4=1 S4=1 Y3=1 X3=12 Z3=1 C3=1 R3=1 S3=1 Y2=1 X2=12 Z2=1 C2=1 R2=1 S2=1 Y1=1 X1=12 Z1=1 C1=1 R1=1 S1=1 Y0=1 X0=60 Z0=1 C0=1 R0=1 S0=1] SACols[Q=8 Z7=16] SARows[S7=3 C7=28 Z7=1] SACols_6[X6=2 Z6=56] SARows_6[S6=1 C6=12 Z6=1] SACols_5[X5=10 Z5=12] SARows_5[S5=3 C5=12 Z5=1] SACols_4[X4=10 Z4=12] SARows_4[S4=3 C4=12 Z4=1] SACols_3[X3=10 Z3=12] SARows_3[S3=3 C3=12 Z3=1] SACols_2[X2=10 Z2=12] SARows_2[S2=3 C2=12 Z2=1] SACols_1[X1=10 Z1=12] SARows_1[S1=1 C1=56 Z1=1] SACols_0[X0=2 Z0=56] SARows_0[S0=5 C0=3 Z0=1] InRegister[P=1 Q=1 Z7=1 C7=1 R7=1 S7=1 Y6=1 X6=1 Z6=1 C6=1 R6=1 S6=1 Y5=1 X5=1 Z5=1 C5=1 R5=1 S5=1 Y4=1 X4=1 Z4=1 C4=1 R4=1 S4=1 Y3=1 X3=1 Z3=1 C3=1 R3=1 S3=1 Y2=1 X2=1 Z2=1 C2=1 R2=1 S2=1 Y1=1 X1=1 Z1=1 C1=1 R1=1 S1=1 Y0=1 X0=1 Z0=1 C0=1 R0=1 S0=1] WRegister[P=1 Q=1 Z7=1 C7=2 R7=3 S7=1 Y6=1 X6=1 Z6=1 C6=1 R6=1 S6=1 Y5=1 X5=1 Z5=1 C5=1 R5=3 S5=1 Y4=1 X4=1 Z4=1 C4=1 R4=3 S4=1 Y3=1 X3=1 Z3=1 C3=1 R3=3 S3=1 Y2=1 X2=1 Z2=1 C2=1 R2=3 S2=1 Y1=1 X1=1 Z1=1 C1=1 R1=1 S1=1 Y0=1 X0=1 Z0=1 C0=1 R0=5 S0=1] IntermediateRegister[P=1 Q=1 Z7=1 C7=1 R7=1 S7=1 Y6=1 X6=1 Z6=1 C6=1 R6=1 S6=1 Y5=1 X5=1 Z5=1 C5=1 R5=1 S5=1 Y4=1 X4=1 Z4=1 C4=1 R4=1 S4=1 Y3=1 X3=1 Z3=1 C3=1 R3=1 S3=1 Y2=1 X2=1 Z2=1 C2=1 R2=1 S2=1 Y1=1 X1=1 Z1=1 C1=1 R1=1 S1=1 Y0=1 X0=1 Z0=1 C0=1 R0=1 S0=1] OutRegister[P=1 Q=1 Z7=1 C7=1 R7=1 S7=1 Y6=1 X6=1 Z6=1 C6=1 R6=1 S6=1 Y5=1 X5=1 Z5=1 C5=1 R5=1 S5=1 Y4=1 X4=1 Z4=1 C4=1 R4=1 S4=1 Y3=1 X3=1 Z3=1 C3=1 R3=1 S3=1 Y2=1 X2=1 Z2=1 C2=1 R2=1 S2=1 Y1=1 X1=1 Z1=1 C1=1 R1=1 S1=1 Y0=1 X0=1 Z0=1 C0=1 R0=1 S0=1] Compute] 
fsrcnn_8layer_2026-02-21T06:53:22.600124,fsrcnn,8layer,full,8,eyeriss,thesis_arch,1056,524,128,256,4,120,False,True,,7.320e+04,1.944e+07,1.45e+06,"(31557100392, 12312518400)",0.0073438270306525055,0.2227470874786377,DRAM[P=540 Q=8 Z7=1 C7=1 R7=1 S7=1 Y6=540 X6=8 Z6=1 C6=1 R6=1 S6=1 Y5=540 X5=8 Z5=1 C5=1 R5=1 S5=1 Y4=540 X4=8 Z4=1 C4=1 R4=1 S4=1 Y3=540 X3=8 Z3=1 C3=1 R3=1 S3=1 Y2=540 X2=8 Z2=1 C2=1 R2=1 S2=1 Y1=540 X1=8 Z1=1 C1=1 R1=1 S1=1 Y0=540 X0=8 Z0=1 C0=1 R0=1 S0=1] GlobalBuffer[P=1 Q=120 Z7=1 C7=1 R7=1 S7=1 Y6=1 X6=120 Z6=1 C6=1 R6=1 S6=1 Y5=1 X5=120 Z5=1 C5=1 R5=1 S5=1 Y4=1 X4=120 Z4=1 C4=1 R4=1 S4=1 Y3=1 X3=120 Z3=1 C3=1 R3=1 S3=1 Y2=1 X2=120 Z2=1 C2=1 R2=1 S2=1 Y1=1 X1=120 Z1=1 C1=1 R1=1 S1=1 Y0=1 X0=120 Z0=1 C0=1 R0=1 S0=1] SACols[Q=1 Z7=4] SARows[S7=3 C7=56 Z7=1] SACols_6[X6=1 Z6=4] SARows_6[S6=1 C6=12 Z6=14] SACols_5[X5=1 Z5=4] SARows_5[S5=3 C5=12 Z5=3] SACols_4[X4=1 Z4=4] SARows_4[S4=3 C4=12 Z4=3] SACols_3[X3=1 Z3=4] SARows_3[S3=3 C3=12 Z3=3] SACols_2[X2=1 Z2=4] SARows_2[S2=3 C2=12 Z2=3] SACols_1[X1=1 Z1=4] SARows_1[S1=1 C1=56 Z1=3] SACols_0[X0=1 Z0=4] SARows_0[S0=5 C0=3 Z0=14] InRegister[P=1 Q=1 Z7=1 C7=1 R7=1 S7=1 Y6=1 X6=1 Z6=1 C6=1 R6=1 S6=1 Y5=1 X5=1 Z5=1 C5=1 R5=1 S5=1 Y4=1 X4=1 Z4=1 C4=1 R4=1 S4=1 Y3=1 X3=1 Z3=1 C3=1 R3=1 S3=1 Y2=1 X2=1 Z2=1 C2=1 R2=1 S2=1 Y1=1 X1=1 Z1=1 C1=1 R1=1 S1=1 Y0=1 X0=1 Z0=1 C0=1 R0=1 S0=1] WRegister[P=1 Q=1 Z7=1 C7=1 R7=3 S7=1 Y6=1 X6=1 Z6=1 C6=1 R6=1 S6=1 Y5=1 X5=1 Z5=1 C5=1 R5=3 S5=1 Y4=1 X4=1 Z4=1 C4=1 R4=3 S4=1 Y3=1 X3=1 Z3=1 C3=1 R3=3 S3=1 Y2=1 X2=1 Z2=1 C2=1 R2=3 S2=1 Y1=1 X1=1 Z1=1 C1=1 R1=1 S1=1 Y0=1 X0=1 Z0=1 C0=1 R0=5 S0=1] IntermediateRegister[P=1 Q=1 Z7=1 C7=1 R7=1 S7=1 Y6=1 X6=1 Z6=1 C6=1 R6=1 S6=1 Y5=1 X5=1 Z5=1 C5=1 R5=1 S5=1 Y4=1 X4=1 Z4=1 C4=1 R4=1 S4=1 Y3=1 X3=1 Z3=1 C3=1 R3=1 S3=1 Y2=1 X2=1 Z2=1 C2=1 R2=1 S2=1 Y1=1 X1=1 Z1=1 C1=1 R1=1 S1=1 Y0=1 X0=1 Z0=1 C0=1 R0=1 S0=1] OutRegister[P=1 Q=1 Z7=4 C7=1 R7=1 S7=1 Y6=1 X6=1 Z6=1 C6=1 R6=1 S6=1 Y5=1 X5=1 Z5=1 C5=1 R5=1 S5=1 Y4=1 X4=1 Z4=1 C4=1 R4=1 S4=1 Y3=1 X3=1 Z3=1 C3=1 R3=1 S3=1 Y2=1 X2=1 Z2=1 C2=1 R2=1 S2=1 Y1=1 X1=1 Z1=1 C1=1 R1=1 S1=1 Y0=1 X0=1 Z0=1 C0=1 R0=1 S0=1] Compute] 
fsrcnn_8layer_2026-02-21T06:53:23.543833,fsrcnn,8layer,full,8,eyeriss,thesis_arch,1056,524,128,256,16,120,False,True,,7.320e+04,1.918e+07,1.45e+06,"(31557100392, 12312518400)",4.482316302888492e-07,0.38910555839538574,DRAM[P=540 Q=8 Z7=1 C7=1 R7=1 S7=1 Y6=540 X6=8 Z6=1 C6=1 R6=1 S6=1 Y5=540 X5=8 Z5=1 C5=1 R5=1 S5=1 Y4=540 X4=8 Z4=1 C4=1 R4=1 S4=1 Y3=540 X3=8 Z3=1 C3=1 R3=1 S3=1 Y2=540 X2=8 Z2=1 C2=1 R2=1 S2=1 Y1=540 X1=8 Z1=1 C1=1 R1=1 S1=1 Y0=540 X0=8 Z0=1 C0=1 R0=1 S0=1] GlobalBuffer[P=1 Q=120 Z7=1 C7=1 R7=1 S7=1 Y6=1 X6=120 Z6=1 C6=1 R6=1 S6=1 Y5=1 X5=120 Z5=1 C5=1 R5=1 S5=1 Y4=1 X4=120 Z4=1 C4=1 R4=1 S4=1 Y3=1 X3=120 Z3=1 C3=1 R3=1 S3=1 Y2=1 X2=120 Z2=1 C2=1 R2=1 S2=1 Y1=1 X1=120 Z1=1 C1=1 R1=1 S1=1 Y0=1 X0=120 Z0=1 C0=1 R0=1 S0=1] SACols[Q=1 Z7=16] SARows[S7=3 C7=56 Z7=1] SACols_6[X6=1 Z6=14] SARows_6[S6=1 C6=12 Z6=4] SACols_5[X5=1 Z5=12] SARows_5[S5=3 C5=12 Z5=1] SACols_4[X4=1 Z4=12] SARows_4[S4=3 C4=12 Z4=1] SACols_3[X3=1 Z3=12] SARows_3[S3=3 C3=12 Z3=1] SACols_2[X2=1 Z2=12] SARows_2[S2=3 C2=12 Z2=1] SACols_1[X1=1 Z1=12] SARows_1[S1=1 C1=56 Z1=1] SACols_0[X0=1 Z0=14] SARows_0[S0=5 C0=3 Z0=4] InRegister[P=1 Q=1 Z7=1 C7=1 R7=1 S7=1 Y6=1 X6=1 Z6=1 C6=1 R6=1 S6=1 Y5=1 X5=1 Z5=1 C5=1 R5=1 S5=1 Y4=1 X4=1 Z4=1 C4=1 R4=1 S4=1 Y3=1 X3=1 Z3=1 C3=1 R3=1 S3=1 Y2=1 X2=1 Z2=1 C2=1 R2=1 S2=1 Y1=1 X1=1 Z1=1 C1=1 R1=1 S1=1 Y0=1 X0=1 Z0=1 C0=1 R0=1 S0=1] WRegister[P=1 Q=1 Z7=1 C7=1 R7=3 S7=1 Y6=1 X6=1 Z6=1 C6=1 R6=1 S6=1 Y5=1 X5=1 Z5=1 C5=1 R5=3 S5=1 Y4=1 X4=1 Z4=1 C4=1 R4=3 S4=1 Y3=1 X3=1 Z3=1 C3=1 R3=3 S3=1 Y2=1 X2=1 Z2=1 C2=1 R2=3 S2=1 Y1=1 X1=1 Z1=1 C1=1 R1=1 S1=1 Y0=1 X0=1 Z0=1 C0=1 R0=5 S0=1] IntermediateRegister[P=1 Q=1 Z7=1 C7=1 R7=1 S7=1 Y6=1 X6=1 Z6=1 C6=1 R6=1 S6=1 Y5=1 X5=1 Z5=1 C5=1 R5=1 S5=1 Y4=1 X4=1 Z4=1 C4=1 R4=1 S4=1 Y3=1 X3=1 Z3=1 C3=1 R3=1 S3=1 Y2=1 X2=1 Z2=1 C2=1 R2=1 S2=1 Y1=1 X1=1 Z1=1 C1=1 R1=1 S1=1 Y0=1 X0=1 Z0=1 C0=1 R0=1 S0=1] OutRegister[P=1 Q=1 Z7=1 C7=1 R7=1 S7=1 Y6=1 X6=1 Z6=1 C6=1 R6=1 S6=1 Y5=1 X5=1 Z5=1 C5=1 R5=1 S5=1 Y4=1 X4=1 Z4=1 C4=1 R4=1 S4=1 Y3=1 X3=1 Z3=1 C3=1 R3=1 S3=1 Y2=1 X2=1 Z2=1 C2=1 R2=1 S2=1 Y1=1 X1=1 Z1=1 C1=1 R1=1 S1=1 Y0=1 X0=1 Z0=1 C0=1 R0=1 S0=1] Compute] 
fsrcnn_8layer_2026-02-21T06:53:24.395520,fsrcnn,8layer,full,8,eyeriss,thesis_arch,1056,524,128,256,32,120,False,True,,7.320e+04,1.918e+07,1.45e+06,"(31557100392, 12312518400)",1.120579075722123e-07,0.5778546333312988,DRAM[P=540 Q=8 Z7=1 C7=1 R7=1 S7=1 Y6=540 X6=8 Z6=1 C6=1 R6=1 S6=1 Y5=540 X5=8 Z5=1 C5=1 R5=1 S5=1 Y4=540 X4=8 Z4=1 C4=1 R4=1 S4=1 Y3=540 X3=8 Z3=1 C3=1 R3=1 S3=1 Y2=540 X2=8 Z2=1 C2=1 R2=1 S2=1 Y1=540 X1=8 Z1=1 C1=1 R1=1 S1=1 Y0=540 X0=8 Z0=1 C0=1 R0=1 S0=1] GlobalBuffer[P=1 Q=60 Z7=1 C7=1 R7=1 S7=1 Y6=1 X6=120 Z6=1 C6=1 R6=1 S6=1 Y5=1 X5=60 Z5=1 C5=1 R5=1 S5=1 Y4=1 X4=60 Z4=1 C4=1 R4=1 S4=1 Y3=1 X3=60 Z3=1 C3=1 R3=1 S3=1 Y2=1 X2=60 Z2=1 C2=1 R2=1 S2=1 Y1=1 X1=60 Z1=1 C1=1 R1=1 S1=1 Y0=1 X0=120 Z0=1 C0=1 R0=1 S0=1] SACols[Q=2 Z7=16] SARows[S7=3 C7=56 Z7=1] SACols_6[X6=1 Z6=28] SARows_6[S6=1 C6=12 Z6=2] SACols_5[X5=2 Z5=12] SARows_5[S5=3 C5=12 Z5=1] SACols_4[X4=2 Z4=12] SARows_4[S4=3 C4=12 Z4=1] SACols_3[X3=2 Z3=12] SARows_3[S3=3 C3=12 Z3=1] SACols_2[X2=2 Z2=12] SARows_2[S2=3 C2=12 Z2=1] SACols_1[X1=2 Z1=12] SARows_1[S1=1 C1=56 Z1=1] SACols_0[X0=1 Z0=28] SARows_0[S0=5 C0=3 Z0=2] InRegister[P=1 Q=1 Z7=1 C7=1 R7=1 S7=1 Y6=1 X6=1 Z6=1 C6=1 R6=1 S6=1 Y5=1 X5=1 Z5=1 C5=1 R5=1 S5=1 Y4=1 X4=1 Z4=1 C4=1 R4=1 S4=1 Y3=1 X3=1 Z3=1 C3=1 R3=1 S3=1 Y2=1 X2=1 Z2=1 C2=1 R2=1 S2=1 Y1=1 X1=1 Z1=1 C1=1 R1=1 S1=1 Y0=1 X0=1 Z0=1 C0=1 R0=1 S0=1] WRegister[P=1 Q=1 Z7=1 C7=1 R7=3 S7=1 Y6=1 X6=1 Z6=1 C6=1 R6=1 S6=1 Y5=1 X5=1 Z5=1 C5=1 R5=3 S5=1 Y4=1 X4=1 Z4=1 C4=1 R4=3 S4=1 Y3=1 X3=1 Z3=1 C3=1 R3=3 S3=1 Y2=1 X2=1 Z2=1 C2=1 R2=3 S2=1 Y1=1 X1=1 Z1=1 C1=1 R1=1 S1=1 Y0=1 X0=1 Z0=1 C0=1 R0=5 S0=1] IntermediateRegister[P=1 Q=1 Z7=1 C7=1 R7=1 S7=1 Y6=1 X6=1 Z6=1 C6=1 R6=1 S6=1 Y5=1 X5=1 Z5=1 C5=1 R5=1 S5=1 Y4=1 X4=1 Z4=1 C4=1 R4=1 S4=1 Y3=1 X3=1 Z3=1 C3=1 R3=1 S3=1 Y2=1 X2=1 Z2=1 C2=1 R2=1 S2=1 Y1=1 X1=1 Z1=1 C1=1 R1=1 S1=1 Y0=1 X0=1 Z0=1 C0=1 R0=1 S0=1] OutRegister[P=1 Q=1 Z7=1 C7=1 R7=1 S7=1 Y6=1 X6=1 Z6=1 C6=1 R6=1 S6=1 Y5=1 X5=1 Z5=1 C5=1 R5=1 S5=1 Y4=1 X4=1 Z4=1 C4=1 R4=1 S4=1 Y3=1 X3=1 Z3=1 C3=1 R3=1 S3=1 Y2=1 X2=1 Z2=1 C2=1 R2=1 S2=1 Y1=1 X1=1 Z1=1 C1=1 R1=1 S1=1 Y0=1 X0=1 Z0=1 C0=1 R0=1 S0=1] Compute] 
fsrcnn_8layer_2026-02-21T06:53:25.577291,fsrcnn,8layer,full,8,eyeriss,thesis_arch,1056,524,128,256,64,120,False,True,,7.320e+04,1.918e+07,1.45e+06,"(31557100392, 12312518400)",8.549339872147545e-08,0.2871975898742676,DRAM[P=540 Q=8 Z7=1 C7=1 R7=1 S7=1 Y6=540 X6=8 Z6=1 C6=1 R6=1 S6=1 Y5=540 X5=8 Z5=1 C5=1 R5=1 S5=1 Y4=540 X4=8 Z4=1 C4=1 R4=1 S4=1 Y3=540 X3=8 Z3=1 C3=1 R3=1 S3=1 Y2=540 X2=8 Z2=1 C2=1 R2=1 S2=1 Y1=540 X1=8 Z1=1 C1=1 R1=1 S1=1 Y0=540 X0=8 Z0=1 C0=1 R0=1 S0=1] GlobalBuffer[P=1 Q=30 Z7=1 C7=1 R7=1 S7=1 Y6=1 X6=120 Z6=1 C6=1 R6=1 S6=1 Y5=1 X5=24 Z5=1 C5=1 R5=1 S5=1 Y4=1 X4=24 Z4=1 C4=1 R4=1 S4=1 Y3=1 X3=24 Z3=1 C3=1 R3=1 S3=1 Y2=1 X2=24 Z2=1 C2=1 R2=1 S2=1 Y1=1 X1=24 Z1=1 C1=1 R1=1 S1=1 Y0=1 X0=120 Z0=1 C0=1 R0=1 S0=1] SACols[Q=4 Z7=16] SARows[S7=3 C7=56 Z7=1] SACols_6[X6=1 Z6=56] SARows_6[S6=1 C6=12 Z6=1] SACols_5[X5=5 Z5=12] SARows_5[S5=3 C5=12 Z5=1] SACols_4[X4=5 Z4=12] SARows_4[S4=3 C4=12 Z4=1] SACols_3[X3=5 Z3=12] SARows_3[S3=3 C3=12 Z3=1] SACols_2[X2=5 Z2=12] SARows_2[S2=3 C2=12 Z2=1] SACols_1[X1=5 Z1=12] SARows_1[S1=1 C1=56 Z1=1] SACols_0[X0=1 Z0=56] SARows_0[S0=5 C0=3 Z0=1] InRegister[P=1 Q=1 Z7=1 C7=1 R7=1 S7=1 Y6=1 X6=1 Z6=1 C6=1 R6=1 S6=1 Y5=1 X5=1 Z5=1 C5=1 R5=1 S5=1 Y4=1 X4=1 Z4=1 C4=1 R4=1 S4=1 Y3=1 X3=1 Z3=1 C3=1 R3=1 S3=1 Y2=1 X2=1 Z2=1 C2=1 R2=1 S2=1 Y1=1 X1=1 Z1=1 C1=1 R1=1 S1=1 Y0=1 X0=1 Z0=1 C0=1 R0=1 S0=1] WRegister[P=1 Q=1 Z7=1 C7=1 R7=3 S7=1 Y6=1 X6=1 Z6=1 C6=1 R6=1 S6=1 Y5=1 X5=1 Z5=1 C5=1 R5=3 S5=1 Y4=1 X4=1 Z4=1 C4=1 R4=3 S4=1 Y3=1 X3=1 Z3=1 C3=1 R3=3 S3=1 Y2=1 X2=1 Z2=1 C2=1 R2=3 S2=1 Y1=1 X1=1 Z1=1 C1=1 R1=1 S1=1 Y0=1 X0=1 Z0=1 C0=1 R0=5 S0=1] IntermediateRegister[P=1 Q=1 Z7=1 C7=1 R7=1 S7=1 Y6=1 X6=1 Z6=1 C6=1 R6=1 S6=1 Y5=1 X5=1 Z5=1 C5=1 R5=1 S5=1 Y4=1 X4=1 Z4=1 C4=1 R4=1 S4=1 Y3=1 X3=1 Z3=1 C3=1 R3=1 S3=1 Y2=1 X2=1 Z2=1 C2=1 R2=1 S2=1 Y1=1 X1=1 Z1=1 C1=1 R1=1 S1=1 Y0=1 X0=1 Z0=1 C0=1 R0=1 S0=1] OutRegister[P=1 Q=1 Z7=1 C7=1 R7=1 S7=1 Y6=1 X6=1 Z6=1 C6=1 R6=1 S6=1 Y5=1 X5=1 Z5=1 C5=1 R5=1 S5=1 Y4=1 X4=1 Z4=1 C4=1 R4=1 S4=1 Y3=1 X3=1 Z3=1 C3=1 R3=1 S3=1 Y2=1 X2=1 Z2=1 C2=1 R2=1 S2=1 Y1=1 X1=1 Z1=1 C1=1 R1=1 S1=1 Y0=1 X0=1 Z0=1 C0=1 R0=1 S0=1] Compute] 
fsrcnn_8layer_2026-02-21T06:53:26.578447,fsrcnn,8layer,full,8,eyeriss,thesis_arch,1056,524,128,512,4,120,False,True,,7.320e+04,1.918e+07,1.44e+06,"(31557100392, 12312518400)",5.73736486769727e-05,0.2812333106994629,DRAM[P=540 Q=8 Z7=1 C7=1 R7=1 S7=1 Y6=540 X6=8 Z6=1 C6=1 R6=1 S6=1 Y5=540 X5=8 Z5=1 C5=1 R5=1 S5=1 Y4=540 X4=8 Z4=1 C4=1 R4=1 S4=1 Y3=540 X3=8 Z3=1 C3=1 R3=1 S3=1 Y2=540 X2=8 Z2=1 C2=1 R2=1 S2=1 Y1=540 X1=8 Z1=1 C1=1 R1=1 S1=1 Y0=540 X0=8 Z0=1 C0=1 R0=1 S0=1] GlobalBuffer[P=1 Q=120 Z7=1 C7=1 R7=1 S7=1 Y6=1 X6=120 Z6=1 C6=1 R6=1 S6=1 Y5=1 X5=120 Z5=1 C5=1 R5=1 S5=1 Y4=1 X4=120 Z4=1 C4=1 R4=1 S4=1 Y3=1 X3=120 Z3=1 C3=1 R3=1 S3=1 Y2=1 X2=120 Z2=1 C2=1 R2=1 S2=1 Y1=1 X1=120 Z1=1 C1=1 R1=1 S1=1 Y0=1 X0=120 Z0=1 C0=1 R0=1 S0=1] SACols[Q=1 Z7=4] SARows[S7=3 C7=56 Z7=2] SACols_6[X6=1 Z6=4] SARows_6[S6=1 C6=12 Z6=14] SACols_5[X5=1 Z5=4] SARows_5[S5=3 C5=12 Z5=3] SACols_4[X4=1 Z4=4] SARows_4[S4=3 C4=12 Z4=3] SACols_3[X3=1 Z3=4] SARows_3[S3=3 C3=12 Z3=3] SACols_2[X2=1 Z2=4] SARows_2[S2=3 C2=12 Z2=3] SACols_1[X1=1 Z1=4] SARows_1[S1=1 C1=56 Z1=3] SACols_0[X0=1 Z0=4] SARows_0[S0=5 C0=3 Z0=14] InRegister[P=1 Q=1 Z7=1 C7=1 R7=1 S7=1 Y6=1 X6=1 Z6=1 C6=1 R6=1 S6=1 Y5=1 X5=1 Z5=1 C5=1 R5=1 S5=1 Y4=1 X4=1 Z4=1 C4=1 R4=1 S4=1 Y3=1 X3=1 Z3=1 C3=1 R3=1 S3=1 Y2=1 X2=1 Z2=1 C2=1 R2=1 S2=1 Y1=1 X1=1 Z1=1 C1=1 R1=1 S1=1 Y0=1 X0=1 Z0=1 C0=1 R0=1 S0=1] WRegister[P=1 Q=1 Z7=1 C7=1 R7=3 S7=1 Y6=1 X6=1 Z6=1 C6=1 R6=1 S6=1 Y5=1 X5=1 Z5=1 C5=1 R5=3 S5=1 Y4=1 X4=1 Z4=1 C4=1 R4=3 S4=1 Y3=1 X3=1 Z3=1 C3=1 R3=3 S3=1 Y2=1 X2=1 Z2=1 C2=1 R2=3 S2=1 Y1=1 X1=1 Z1=1 C1=1 R1=1 S1=1 Y0=1 X0=1 Z0=1 C0=1 R0=5 S0=1] IntermediateRegister[P=1 Q=1 Z7=1 C7=1 R7=1 S7=1 Y6=1 X6=1 Z6=1 C6=1 R6=1 S6=1 Y5=1 X5=1 Z5=1 C5=1 R5=1 S5=1 Y4=1 X4=1 Z4=1 C4=1 R4=1 S4=1 Y3=1 X3=1 Z3=1 C3=1 R3=1 S3=1 Y2=1 X2=1 Z2=1 C2=1 R2=1 S2=1 Y1=1 X1=1 Z1=1 C1=1 R1=1 S1=1 Y0=1 X0=1 Z0=1 C0=1 R0=1 S0=1] OutRegister[P=1 Q=1 Z7=2 C7=1 R7=1 S7=1 Y6=1 X6=1 Z6=1 C6=1 R6=1 S6=1 Y5=1 X5=1 Z5=1 C5=1 R5=1 S5=1 Y4=1 X4=1 Z4=1 C4=1 R4=1 S4=1 Y3=1 X3=1 Z3=1 C3=1 R3=1 S3=1 Y2=1 X2=1 Z2=1 C2=1 R2=1 S2=1 Y1=1 X1=1 Z1=1 C1=1 R1=1 S1=1 Y0=1 X0=1 Z0=1 C0=1 R0=1 S0=1] Compute] 
fsrcnn_8layer_2026-02-21T06:53:27.642800,fsrcnn,8layer,full,8,eyeriss,thesis_arch,1056,524,128,512,16,120,False,True,,7.320e+04,1.918e+07,1.45e+06,"(31557100392, 12312518400)",1.7509048058158172e-09,0.23161029815673828,DRAM[P=540 Q=8 Z7=1 C7=1 R7=1 S7=1 Y6=540 X6=8 Z6=1 C6=1 R6=1 S6=1 Y5=540 X5=8 Z5=1 C5=1 R5=1 S5=1 Y4=540 X4=8 Z4=1 C4=1 R4=1 S4=1 Y3=540 X3=8 Z3=1 C3=1 R3=1 S3=1 Y2=540 X2=8 Z2=1 C2=1 R2=1 S2=1 Y1=540 X1=8 Z1=1 C1=1 R1=1 S1=1 Y0=540 X0=8 Z0=1 C0=1 R0=1 S0=1] GlobalBuffer[P=1 Q=120 Z7=1 C7=1 R7=1 S7=1 Y6=1 X6=120 Z6=1 C6=1 R6=1 S6=1 Y5=1 X5=120 Z5=1 C5=1 R5=1 S5=1 Y4=1 X4=120 Z4=1 C4=1 R4=1 S4=1 Y3=1 X3=120 Z3=1 C3=1 R3=1 S3=1 Y2=1 X2=120 Z2=1 C2=1 R2=1 S2=1 Y1=1 X1=120 Z1=1 C1=1 R1=1 S1=1 Y0=1 X0=120 Z0=1 C0=1 R0=1 S0=1] SACols[Q=1 Z7=16] SARows[S7=3 C7=56 Z7=1] SACols_6[X6=1 Z6=14] SARows_6[S6=1 C6=12 Z6=4] SACols_5[X5=1 Z5=12] SARows_5[S5=3 C5=12 Z5=1] SACols_4[X4=1 Z4=12] SARows_4[S4=3 C4=12 Z4=1] SACols_3[X3=1 Z3=12] SARows_3[S3=3 C3=12 Z3=1] SACols_2[X2=1 Z2=12] SARows_2[S2=3 C2=12 Z2=1] SACols_1[X1=1 Z1=12] SARows_1[S1=1 C1=56 Z1=1] SACols_0[X0=1 Z0=14] SARows_0[S0=5 C0=3 Z0=4] InRegister[P=1 Q=1 Z7=1 C7=1 R7=1 S7=1 Y6=1 X6=1 Z6=1 C6=1 R6=1 S6=1 Y5=1 X5=1 Z5=1 C5=1 R5=1 S5=1 Y4=1 X4=1 Z4=1 C4=1 R4=1 S4=1 Y3=1 X3=1 Z3=1 C3=1 R3=1 S3=1 Y2=1 X2=1 Z2=1 C2=1 R2=1 S2=1 Y1=1 X1=1 Z1=1 C1=1 R1=1 S1=1 Y0=1 X0=1 Z0=1 C0=1 R0=1 S0=1] WRegister[P=1 Q=1 Z7=1 C7=1 R7=3 S7=1 Y6=1 X6=1 Z6=1 C6=1 R6=1 S6=1 Y5=1 X5=1 Z5=1 C5=1 R5=3 S5=1 Y4=1 X4=1 Z4=1 C4=1 R4=3 S4=1 Y3=1 X3=1 Z3=1 C3=1 R3=3 S3=1 Y2=1 X2=1 Z2=1 C2=1 R2=3 S2=1 Y1=1 X1=1 Z1=1 C1=1 R1=1 S1=1 Y0=1 X0=1 Z0=1 C0=1 R0=5 S0=1] IntermediateRegister[P=1 Q=1 Z7=1 C7=1 R7=1 S7=1 Y6=1 X6=1 Z6=1 C6=1 R6=1 S6=1 Y5=1 X5=1 Z5=1 C5=1 R5=1 S5=1 Y4=1 X4=1 Z4=1 C4=1 R4=1 S4=1 Y3=1 X3=1 Z3=1 C3=1 R3=1 S3=1 Y2=1 X2=1 Z2=1 C2=1 R2=1 S2=1 Y1=1 X1=1 Z1=1 C1=1 R1=1 S1=1 Y0=1 X0=1 Z0=1 C0=1 R0=1 S0=1] OutRegister[P=1 Q=1 Z7=1 C7=1 R7=1 S7=1 Y6=1 X6=1 Z6=1 C6=1 R6=1 S6=1 Y5=1 X5=1 Z5=1 C5=1 R5=1 S5=1 Y4=1 X4=1 Z4=1 C4=1 R4=1 S4=1 Y3=1 X3=1 Z3=1 C3=1 R3=1 S3=1 Y2=1 X2=1 Z2=1 C2=1 R2=1 S2=1 Y1=1 X1=1 Z1=1 C1=1 R1=1 S1=1 Y0=1 X0=1 Z0=1 C0=1 R0=1 S0=1] Compute] 
fsrcnn_8layer_2026-02-21T06:53:28.648048,fsrcnn,8layer,full,8,eyeriss,thesis_arch,1056,524,128,512,32,120,False,True,,7.320e+04,1.918e+07,1.45e+06,"(31557100392, 12312518400)",4.377262014539543e-10,0.36647891998291016,DRAM[P=540 Q=8 Z7=1 C7=1 R7=1 S7=1 Y6=540 X6=8 Z6=1 C6=1 R6=1 S6=1 Y5=540 X5=8 Z5=1 C5=1 R5=1 S5=1 Y4=540 X4=8 Z4=1 C4=1 R4=1 S4=1 Y3=540 X3=8 Z3=1 C3=1 R3=1 S3=1 Y2=540 X2=8 Z2=1 C2=1 R2=1 S2=1 Y1=540 X1=8 Z1=1 C1=1 R1=1 S1=1 Y0=540 X0=8 Z0=1 C0=1 R0=1 S0=1] GlobalBuffer[P=1 Q=60 Z7=1 C7=1 R7=1 S7=1 Y6=1 X6=120 Z6=1 C6=1 R6=1 S6=1 Y5=1 X5=60 Z5=1 C5=1 R5=1 S5=1 Y4=1 X4=60 Z4=1 C4=1 R4=1 S4=1 Y3=1 X3=60 Z3=1 C3=1 R3=1 S3=1 Y2=1 X2=60 Z2=1 C2=1 R2=1 S2=1 Y1=1 X1=60 Z1=1 C1=1 R1=1 S1=1 Y0=1 X0=120 Z0=1 C0=1 R0=1 S0=1] SACols[Q=2 Z7=16] SARows[S7=3 C7=56 Z7=1] SACols_6[X6=1 Z6=28] SARows_6[S6=1 C6=12 Z6=2] SACols_5[X5=2 Z5=12] SARows_5[S5=3 C5=12 Z5=1] SACols_4[X4=2 Z4=12] SARows_4[S4=3 C4=12 Z4=1] SACols_3[X3=2 Z3=12] SARows_3[S3=3 C3=12 Z3=1] SACols_2[X2=2 Z2=12] SARows_2[S2=3 C2=12 Z2=1] SACols_1[X1=2 Z1=12] SARows_1[S1=1 C1=56 Z1=1] SACols_0[X0=1 Z0=28] SARows_0[S0=5 C0=3 Z0=2] InRegister[P=1 Q=1 Z7=1 C7=1 R7=1 S7=1 Y6=1 X6=1 Z6=1 C6=1 R6=1 S6=1 Y5=1 X5=1 Z5=1 C5=1 R5=1 S5=1 Y4=1 X4=1 Z4=1 C4=1 R4=1 S4=1 Y3=1 X3=1 Z3=1 C3=1 R3=1 S3=1 Y2=1 X2=1 Z2=1 C2=1 R2=1 S2=1 Y1=1 X1=1 Z1=1 C1=1 R1=1 S1=1 Y0=1 X0=1 Z0=1 C0=1 R0=1 S0=1] WRegister[P=1 Q=1 Z7=1 C7=1 R7=3 S7=1 Y6=1 X6=1 Z6=1 C6=1 R6=1 S6=1 Y5=1 X5=1 Z5=1 C5=1 R5=3 S5=1 Y4=1 X4=1 Z4=1 C4=1 R4=3 S4=1 Y3=1 X3=1 Z3=1 C3=1 R3=3 S3=1 Y2=1 X2=1 Z2=1 C2=1 R2=3 S2=1 Y1=1 X1=1 Z1=1 C1=1 R1=1 S1=1 Y0=1 X0=1 Z0=1 C0=1 R0=5 S0=1] IntermediateRegister[P=1 Q=1 Z7=1 C7=1 R7=1 S7=1 Y6=1 X6=1 Z6=1 C6=1 R6=1 S6=1 Y5=1 X5=1 Z5=1 C5=1 R5=1 S5=1 Y4=1 X4=1 Z4=1 C4=1 R4=1 S4=1 Y3=1 X3=1 Z3=1 C3=1 R3=1 S3=1 Y2=1 X2=1 Z2=1 C2=1 R2=1 S2=1 Y1=1 X1=1 Z1=1 C1=1 R1=1 S1=1 Y0=1 X0=1 Z0=1 C0=1 R0=1 S0=1] OutRegister[P=1 Q=1 Z7=1 C7=1 R7=1 S7=1 Y6=1 X6=1 Z6=1 C6=1 R6=1 S6=1 Y5=1 X5=1 Z5=1 C5=1 R5=1 S5=1 Y4=1 X4=1 Z4=1 C4=1 R4=1 S4=1 Y3=1 X3=1 Z3=1 C3=1 R3=1 S3=1 Y2=1 X2=1 Z2=1 C2=1 R2=1 S2=1 Y1=1 X1=1 Z1=1 C1=1 R1=1 S1=1 Y0=1 X0=1 Z0=1 C0=1 R0=1 S0=1] Compute] 
