experiment_id,workload_name,workload_variant,fusion_level,num_fused_layers,arch_type,arch_name,fmem_size_kB,wmem_size_kB,gb_size_kB,pe_rows,pe_cols,tile_size,scale_bandwidth,success,error_message,energy_uJ,latency_cycles,edp,mops,utilization,mapping_time_s,mapping
vgg16_13layer_2026-02-26T11:41:32.249071,vgg16,13layer,full,13,eyeriss,thesis_arch,1056,524,128,4,4,1,False,False,"Ill-posed constraints:
CONSTRAINTS VIOLATION: Arch: Eyeriss_Constrained_13L_tile1_4x4 -> Level: InRegister: memory footprint: 11152 VS memory available: 400
CONSTRAINTS VIOLATION: Arch: Eyeriss_Constrained_13L_tile1_4x4 -> Level: WRegister: memory footprint: 1225872 VS memory available: 1200
CONSTRAINTS VIOLATION: Arch: Eyeriss_Constrained_13L_tile1_4x4 -> Level: IntermediateRegister: memory footprint: 928 VS memory available: 350
CONSTRAINTS VIOLATION: Arch: Eyeriss_Constrained_13L_tile1_4x4 -> Level: OutRegister: memory footprint: 128 VS memory available: 64",0.000e+00,0.000e+00,0.00e+00,0,0.0,0.0,
vgg16_13layer_2026-02-26T11:41:32.927129,vgg16,13layer,full,13,eyeriss,thesis_arch,1056,524,128,4,16,1,False,False,"Ill-posed constraints:
CONSTRAINTS VIOLATION: Arch: Eyeriss_Constrained_13L_tile1_16x4 -> Level: InRegister: memory footprint: 11152 VS memory available: 400
CONSTRAINTS VIOLATION: Arch: Eyeriss_Constrained_13L_tile1_16x4 -> Level: WRegister: memory footprint: 306468 VS memory available: 1200",0.000e+00,0.000e+00,0.00e+00,0,0.0,0.0,
vgg16_13layer_2026-02-26T11:41:33.421698,vgg16,13layer,full,13,eyeriss,thesis_arch,1056,524,128,4,32,1,False,False,"Ill-posed constraints:
CONSTRAINTS VIOLATION: Arch: Eyeriss_Constrained_13L_tile1_32x4 -> Level: InRegister: memory footprint: 11152 VS memory available: 400
CONSTRAINTS VIOLATION: Arch: Eyeriss_Constrained_13L_tile1_32x4 -> Level: WRegister: memory footprint: 153234 VS memory available: 1200",0.000e+00,0.000e+00,0.00e+00,0,0.0,0.0,
vgg16_13layer_2026-02-26T11:41:33.878537,vgg16,13layer,full,13,eyeriss,thesis_arch,1056,524,128,4,64,1,False,False,"Ill-posed constraints:
CONSTRAINTS VIOLATION: Arch: Eyeriss_Constrained_13L_tile1_64x4 -> Level: InRegister: memory footprint: 11152 VS memory available: 400
CONSTRAINTS VIOLATION: Arch: Eyeriss_Constrained_13L_tile1_64x4 -> Level: WRegister: memory footprint: 76617 VS memory available: 1200",0.000e+00,0.000e+00,0.00e+00,0,0.0,0.0,
vgg16_13layer_2026-02-26T11:41:34.279811,vgg16,13layer,full,13,eyeriss,thesis_arch,1056,524,128,4,128,1,False,False,"Ill-posed constraints:
CONSTRAINTS VIOLATION: Arch: Eyeriss_Constrained_13L_tile1_128x4 -> Level: InRegister: memory footprint: 11152 VS memory available: 400
CONSTRAINTS VIOLATION: Arch: Eyeriss_Constrained_13L_tile1_128x4 -> Level: WRegister: memory footprint: 38409 VS memory available: 1200",0.000e+00,0.000e+00,0.00e+00,0,0.0,0.0,
vgg16_13layer_2026-02-26T11:41:34.640473,vgg16,13layer,full,13,eyeriss,thesis_arch,1056,524,128,4,256,1,False,False,"Ill-posed constraints:
CONSTRAINTS VIOLATION: Arch: Eyeriss_Constrained_13L_tile1_256x4 -> Level: InRegister: memory footprint: 11152 VS memory available: 400
CONSTRAINTS VIOLATION: Arch: Eyeriss_Constrained_13L_tile1_256x4 -> Level: WRegister: memory footprint: 19593 VS memory available: 1200",0.000e+00,0.000e+00,0.00e+00,0,0.0,0.0,
vgg16_13layer_2026-02-26T11:41:35.009237,vgg16,13layer,full,13,eyeriss,thesis_arch,1056,524,128,4,512,1,False,False,"Ill-posed constraints:
CONSTRAINTS VIOLATION: Arch: Eyeriss_Constrained_13L_tile1_512x4 -> Level: InRegister: memory footprint: 11152 VS memory available: 400
CONSTRAINTS VIOLATION: Arch: Eyeriss_Constrained_13L_tile1_512x4 -> Level: WRegister: memory footprint: 11145 VS memory available: 1200",0.000e+00,0.000e+00,0.00e+00,0,0.0,0.0,
vgg16_13layer_2026-02-26T11:41:35.329799,vgg16,13layer,full,13,eyeriss,thesis_arch,1056,524,128,16,4,1,False,False,"Ill-posed constraints:
CONSTRAINTS VIOLATION: Arch: Eyeriss_Constrained_13L_tile1_4x16 -> Level: InRegister: memory footprint: 2790 VS memory available: 400
CONSTRAINTS VIOLATION: Arch: Eyeriss_Constrained_13L_tile1_4x16 -> Level: WRegister: memory footprint: 306480 VS memory available: 1200
CONSTRAINTS VIOLATION: Arch: Eyeriss_Constrained_13L_tile1_4x16 -> Level: IntermediateRegister: memory footprint: 928 VS memory available: 350
CONSTRAINTS VIOLATION: Arch: Eyeriss_Constrained_13L_tile1_4x16 -> Level: OutRegister: memory footprint: 128 VS memory available: 64",0.000e+00,0.000e+00,0.00e+00,0,0.0,0.0,
vgg16_13layer_2026-02-26T11:41:35.744050,vgg16,13layer,full,13,eyeriss,thesis_arch,1056,524,128,16,16,1,False,False,"Ill-posed constraints:
CONSTRAINTS VIOLATION: Arch: Eyeriss_Constrained_13L_tile1_16x16 -> Level: InRegister: memory footprint: 2790 VS memory available: 400
CONSTRAINTS VIOLATION: Arch: Eyeriss_Constrained_13L_tile1_16x16 -> Level: WRegister: memory footprint: 76620 VS memory available: 1200",0.000e+00,0.000e+00,0.00e+00,0,0.0,0.0,
vgg16_13layer_2026-02-26T11:41:36.094390,vgg16,13layer,full,13,eyeriss,thesis_arch,1056,524,128,16,32,1,False,False,"Ill-posed constraints:
CONSTRAINTS VIOLATION: Arch: Eyeriss_Constrained_13L_tile1_32x16 -> Level: InRegister: memory footprint: 2790 VS memory available: 400
CONSTRAINTS VIOLATION: Arch: Eyeriss_Constrained_13L_tile1_32x16 -> Level: WRegister: memory footprint: 38310 VS memory available: 1200",0.000e+00,0.000e+00,0.00e+00,0,0.0,0.0,
vgg16_13layer_2026-02-26T11:41:36.380384,vgg16,13layer,full,13,eyeriss,thesis_arch,1056,524,128,16,64,1,False,False,"Ill-posed constraints:
CONSTRAINTS VIOLATION: Arch: Eyeriss_Constrained_13L_tile1_64x16 -> Level: InRegister: memory footprint: 2790 VS memory available: 400
CONSTRAINTS VIOLATION: Arch: Eyeriss_Constrained_13L_tile1_64x16 -> Level: WRegister: memory footprint: 19155 VS memory available: 1200",0.000e+00,0.000e+00,0.00e+00,0,0.0,0.0,
vgg16_13layer_2026-02-26T11:41:36.612002,vgg16,13layer,full,13,eyeriss,thesis_arch,1056,524,128,16,128,1,False,False,"Ill-posed constraints:
CONSTRAINTS VIOLATION: Arch: Eyeriss_Constrained_13L_tile1_128x16 -> Level: InRegister: memory footprint: 2790 VS memory available: 400
CONSTRAINTS VIOLATION: Arch: Eyeriss_Constrained_13L_tile1_128x16 -> Level: WRegister: memory footprint: 9603 VS memory available: 1200",0.000e+00,0.000e+00,0.00e+00,0,0.0,0.0,
vgg16_13layer_2026-02-26T11:41:36.844736,vgg16,13layer,full,13,eyeriss,thesis_arch,1056,524,128,16,256,1,False,False,"Ill-posed constraints:
CONSTRAINTS VIOLATION: Arch: Eyeriss_Constrained_13L_tile1_256x16 -> Level: InRegister: memory footprint: 2790 VS memory available: 400
CONSTRAINTS VIOLATION: Arch: Eyeriss_Constrained_13L_tile1_256x16 -> Level: WRegister: memory footprint: 4899 VS memory available: 1200",0.000e+00,0.000e+00,0.00e+00,0,0.0,0.0,
vgg16_13layer_2026-02-26T11:41:37.213411,vgg16,13layer,full,13,eyeriss,thesis_arch,1056,524,128,16,512,1,False,False,"Ill-posed constraints:
CONSTRAINTS VIOLATION: Arch: Eyeriss_Constrained_13L_tile1_512x16 -> Level: InRegister: memory footprint: 2790 VS memory available: 400
CONSTRAINTS VIOLATION: Arch: Eyeriss_Constrained_13L_tile1_512x16 -> Level: WRegister: memory footprint: 2787 VS memory available: 1200",0.000e+00,0.000e+00,0.00e+00,0,0.0,0.0,
vgg16_13layer_2026-02-26T11:41:37.560991,vgg16,13layer,full,13,eyeriss,thesis_arch,1056,524,128,32,4,1,False,False,"Ill-posed constraints:
CONSTRAINTS VIOLATION: Arch: Eyeriss_Constrained_13L_tile1_4x32 -> Level: InRegister: memory footprint: 1398 VS memory available: 400
CONSTRAINTS VIOLATION: Arch: Eyeriss_Constrained_13L_tile1_4x32 -> Level: WRegister: memory footprint: 153240 VS memory available: 1200
CONSTRAINTS VIOLATION: Arch: Eyeriss_Constrained_13L_tile1_4x32 -> Level: IntermediateRegister: memory footprint: 920 VS memory available: 350
CONSTRAINTS VIOLATION: Arch: Eyeriss_Constrained_13L_tile1_4x32 -> Level: OutRegister: memory footprint: 128 VS memory available: 64",0.000e+00,0.000e+00,0.00e+00,0,0.0,0.0,
vgg16_13layer_2026-02-26T11:41:37.849672,vgg16,13layer,full,13,eyeriss,thesis_arch,1056,524,128,32,16,1,False,False,"Ill-posed constraints:
CONSTRAINTS VIOLATION: Arch: Eyeriss_Constrained_13L_tile1_16x32 -> Level: InRegister: memory footprint: 1398 VS memory available: 400
CONSTRAINTS VIOLATION: Arch: Eyeriss_Constrained_13L_tile1_16x32 -> Level: WRegister: memory footprint: 38310 VS memory available: 1200",0.000e+00,0.000e+00,0.00e+00,0,0.0,0.0,
vgg16_13layer_2026-02-26T11:41:38.190528,vgg16,13layer,full,13,eyeriss,thesis_arch,1056,524,128,32,32,1,False,False,"Ill-posed constraints:
CONSTRAINTS VIOLATION: Arch: Eyeriss_Constrained_13L_tile1_32x32 -> Level: InRegister: memory footprint: 1398 VS memory available: 400
CONSTRAINTS VIOLATION: Arch: Eyeriss_Constrained_13L_tile1_32x32 -> Level: WRegister: memory footprint: 19155 VS memory available: 1200",0.000e+00,0.000e+00,0.00e+00,0,0.0,0.0,
vgg16_13layer_2026-02-26T11:41:38.473719,vgg16,13layer,full,13,eyeriss,thesis_arch,1056,524,128,32,64,1,False,False,"Ill-posed constraints:
CONSTRAINTS VIOLATION: Arch: Eyeriss_Constrained_13L_tile1_64x32 -> Level: InRegister: memory footprint: 1398 VS memory available: 400
CONSTRAINTS VIOLATION: Arch: Eyeriss_Constrained_13L_tile1_64x32 -> Level: WRegister: memory footprint: 9579 VS memory available: 1200",0.000e+00,0.000e+00,0.00e+00,0,0.0,0.0,
vgg16_13layer_2026-02-26T11:41:38.708725,vgg16,13layer,full,13,eyeriss,thesis_arch,1056,524,128,32,128,1,False,False,"Ill-posed constraints:
CONSTRAINTS VIOLATION: Arch: Eyeriss_Constrained_13L_tile1_128x32 -> Level: InRegister: memory footprint: 1398 VS memory available: 400
CONSTRAINTS VIOLATION: Arch: Eyeriss_Constrained_13L_tile1_128x32 -> Level: WRegister: memory footprint: 4803 VS memory available: 1200",0.000e+00,0.000e+00,0.00e+00,0,0.0,0.0,
vgg16_13layer_2026-02-26T11:41:38.965211,vgg16,13layer,full,13,eyeriss,thesis_arch,1056,524,128,32,256,1,False,False,"Ill-posed constraints:
CONSTRAINTS VIOLATION: Arch: Eyeriss_Constrained_13L_tile1_256x32 -> Level: InRegister: memory footprint: 1398 VS memory available: 400
CONSTRAINTS VIOLATION: Arch: Eyeriss_Constrained_13L_tile1_256x32 -> Level: WRegister: memory footprint: 2451 VS memory available: 1200",0.000e+00,0.000e+00,0.00e+00,0,0.0,0.0,
vgg16_13layer_2026-02-26T11:41:39.437276,vgg16,13layer,full,13,eyeriss,thesis_arch,1056,524,128,32,512,1,False,False,"Ill-posed constraints:
CONSTRAINTS VIOLATION: Arch: Eyeriss_Constrained_13L_tile1_512x32 -> Level: InRegister: memory footprint: 1398 VS memory available: 400
CONSTRAINTS VIOLATION: Arch: Eyeriss_Constrained_13L_tile1_512x32 -> Level: WRegister: memory footprint: 1395 VS memory available: 1200",0.000e+00,0.000e+00,0.00e+00,0,0.0,0.0,
vgg16_13layer_2026-02-26T11:41:40.459140,vgg16,13layer,full,13,eyeriss,thesis_arch,1056,524,128,64,4,1,False,False,"Ill-posed constraints:
CONSTRAINTS VIOLATION: Arch: Eyeriss_Constrained_13L_tile1_4x64 -> Level: InRegister: memory footprint: 702 VS memory available: 400
CONSTRAINTS VIOLATION: Arch: Eyeriss_Constrained_13L_tile1_4x64 -> Level: WRegister: memory footprint: 76620 VS memory available: 1200
CONSTRAINTS VIOLATION: Arch: Eyeriss_Constrained_13L_tile1_4x64 -> Level: IntermediateRegister: memory footprint: 916 VS memory available: 350
CONSTRAINTS VIOLATION: Arch: Eyeriss_Constrained_13L_tile1_4x64 -> Level: OutRegister: memory footprint: 128 VS memory available: 64",0.000e+00,0.000e+00,0.00e+00,0,0.0,0.0,
vgg16_13layer_2026-02-26T11:41:41.731851,vgg16,13layer,full,13,eyeriss,thesis_arch,1056,524,128,64,16,1,False,False,"Ill-posed constraints:
CONSTRAINTS VIOLATION: Arch: Eyeriss_Constrained_13L_tile1_16x64 -> Level: InRegister: memory footprint: 702 VS memory available: 400
CONSTRAINTS VIOLATION: Arch: Eyeriss_Constrained_13L_tile1_16x64 -> Level: WRegister: memory footprint: 19155 VS memory available: 1200",0.000e+00,0.000e+00,0.00e+00,0,0.0,0.0,
vgg16_13layer_2026-02-26T11:41:42.290564,vgg16,13layer,full,13,eyeriss,thesis_arch,1056,524,128,64,32,1,False,False,"Ill-posed constraints:
CONSTRAINTS VIOLATION: Arch: Eyeriss_Constrained_13L_tile1_32x64 -> Level: InRegister: memory footprint: 702 VS memory available: 400
CONSTRAINTS VIOLATION: Arch: Eyeriss_Constrained_13L_tile1_32x64 -> Level: WRegister: memory footprint: 9579 VS memory available: 1200",0.000e+00,0.000e+00,0.00e+00,0,0.0,0.0,
vgg16_13layer_2026-02-26T11:41:42.660761,vgg16,13layer,full,13,eyeriss,thesis_arch,1056,524,128,64,64,1,False,False,"Ill-posed constraints:
CONSTRAINTS VIOLATION: Arch: Eyeriss_Constrained_13L_tile1_64x64 -> Level: InRegister: memory footprint: 702 VS memory available: 400
CONSTRAINTS VIOLATION: Arch: Eyeriss_Constrained_13L_tile1_64x64 -> Level: WRegister: memory footprint: 4791 VS memory available: 1200",0.000e+00,0.000e+00,0.00e+00,0,0.0,0.0,
vgg16_13layer_2026-02-26T11:41:42.941623,vgg16,13layer,full,13,eyeriss,thesis_arch,1056,524,128,64,128,1,False,False,"Ill-posed constraints:
CONSTRAINTS VIOLATION: Arch: Eyeriss_Constrained_13L_tile1_128x64 -> Level: InRegister: memory footprint: 702 VS memory available: 400
CONSTRAINTS VIOLATION: Arch: Eyeriss_Constrained_13L_tile1_128x64 -> Level: WRegister: memory footprint: 2403 VS memory available: 1200",0.000e+00,0.000e+00,0.00e+00,0,0.0,0.0,
vgg16_13layer_2026-02-26T11:41:43.289675,vgg16,13layer,full,13,eyeriss,thesis_arch,1056,524,128,64,256,1,False,False,"Ill-posed constraints:
CONSTRAINTS VIOLATION: Arch: Eyeriss_Constrained_13L_tile1_256x64 -> Level: InRegister: memory footprint: 702 VS memory available: 400
CONSTRAINTS VIOLATION: Arch: Eyeriss_Constrained_13L_tile1_256x64 -> Level: WRegister: memory footprint: 1227 VS memory available: 1200",0.000e+00,0.000e+00,0.00e+00,0,0.0,0.0,
vgg16_13layer_2026-02-26T11:41:43.802483,vgg16,13layer,full,13,eyeriss,thesis_arch,1056,524,128,128,4,1,False,False,"Ill-posed constraints:
CONSTRAINTS VIOLATION: Arch: Eyeriss_Constrained_13L_tile1_4x128 -> Level: WRegister: memory footprint: 38310 VS memory available: 1200
CONSTRAINTS VIOLATION: Arch: Eyeriss_Constrained_13L_tile1_4x128 -> Level: IntermediateRegister: memory footprint: 914 VS memory available: 350
CONSTRAINTS VIOLATION: Arch: Eyeriss_Constrained_13L_tile1_4x128 -> Level: OutRegister: memory footprint: 128 VS memory available: 64",0.000e+00,0.000e+00,0.00e+00,0,0.0,0.0,
vgg16_13layer_2026-02-26T11:41:44.284976,vgg16,13layer,full,13,eyeriss,thesis_arch,1056,524,128,128,16,1,False,False,"Ill-posed constraints:
CONSTRAINTS VIOLATION: Arch: Eyeriss_Constrained_13L_tile1_16x128 -> Level: WRegister: memory footprint: 9579 VS memory available: 1200",0.000e+00,0.000e+00,0.00e+00,0,0.0,0.0,
vgg16_13layer_2026-02-26T11:41:44.785000,vgg16,13layer,full,13,eyeriss,thesis_arch,1056,524,128,128,32,1,False,False,"Ill-posed constraints:
CONSTRAINTS VIOLATION: Arch: Eyeriss_Constrained_13L_tile1_32x128 -> Level: WRegister: memory footprint: 4791 VS memory available: 1200",0.000e+00,0.000e+00,0.00e+00,0,0.0,0.0,
vgg16_13layer_2026-02-26T11:41:45.301092,vgg16,13layer,full,13,eyeriss,thesis_arch,1056,524,128,128,64,1,False,False,"Ill-posed constraints:
CONSTRAINTS VIOLATION: Arch: Eyeriss_Constrained_13L_tile1_64x128 -> Level: WRegister: memory footprint: 2397 VS memory available: 1200",0.000e+00,0.000e+00,0.00e+00,0,0.0,0.0,
vgg16_13layer_2026-02-26T11:41:45.866264,vgg16,13layer,full,13,eyeriss,thesis_arch,1056,524,128,128,128,1,False,False,"Ill-posed constraints:
CONSTRAINTS VIOLATION: Arch: Eyeriss_Constrained_13L_tile1_128x128 -> Level: WRegister: memory footprint: 1203 VS memory available: 1200",0.000e+00,0.000e+00,0.00e+00,0,0.0,0.0,
vgg16_13layer_2026-02-26T11:41:46.308849,vgg16,13layer,full,13,eyeriss,thesis_arch,1056,524,128,256,4,1,False,False,"Ill-posed constraints:
CONSTRAINTS VIOLATION: Arch: Eyeriss_Constrained_13L_tile1_4x256 -> Level: WRegister: memory footprint: 19155 VS memory available: 1200
CONSTRAINTS VIOLATION: Arch: Eyeriss_Constrained_13L_tile1_4x256 -> Level: IntermediateRegister: memory footprint: 913 VS memory available: 350
CONSTRAINTS VIOLATION: Arch: Eyeriss_Constrained_13L_tile1_4x256 -> Level: OutRegister: memory footprint: 128 VS memory available: 64",0.000e+00,0.000e+00,0.00e+00,0,0.0,0.0,
vgg16_13layer_2026-02-26T11:41:46.880029,vgg16,13layer,full,13,eyeriss,thesis_arch,1056,524,128,256,16,1,False,False,"Ill-posed constraints:
CONSTRAINTS VIOLATION: Arch: Eyeriss_Constrained_13L_tile1_16x256 -> Level: WRegister: memory footprint: 4791 VS memory available: 1200",0.000e+00,0.000e+00,0.00e+00,0,0.0,0.0,
vgg16_13layer_2026-02-26T11:41:47.391952,vgg16,13layer,full,13,eyeriss,thesis_arch,1056,524,128,256,32,1,False,False,"Ill-posed constraints:
CONSTRAINTS VIOLATION: Arch: Eyeriss_Constrained_13L_tile1_32x256 -> Level: WRegister: memory footprint: 2397 VS memory available: 1200",0.000e+00,0.000e+00,0.00e+00,0,0.0,0.0,
vgg16_13layer_2026-02-26T11:41:48.205317,vgg16,13layer,full,13,eyeriss,thesis_arch,1056,524,128,256,64,1,False,True,,1.623e+05,5.455e+06,9.04e+05,"(38378878656, 17383525376)",0.0011136217508465052,1.069652795791626,DRAM[P=14 Q=14 Z12=1 C12=1 R12=1 S12=1 Y11=14 X11=14 Z11=1 C11=1 R11=1 S11=1 Y10=14 X10=14 Z10=1 C10=1 R10=1 S10=1 Y9=28 X9=28 Z9=1 C9=1 R9=1 S9=1 Y8=28 X8=28 Z8=1 C8=1 R8=1 S8=1 Y7=28 X7=28 Z7=1 C7=1 R7=1 S7=1 Y6=56 X6=56 Z6=1 C6=1 R6=1 S6=1 Y5=56 X5=56 Z5=1 C5=1 R5=1 S5=1 Y4=56 X4=56 Z4=1 C4=1 R4=1 S4=1 Y3=112 X3=112 Z3=1 C3=1 R3=1 S3=1 Y2=112 X2=112 Z2=1 C2=1 R2=1 S2=1 Y1=224 X1=224 Z1=1 C1=1 R1=1 S1=1 Y0=224 X0=224 Z0=1 C0=1 R0=1 S0=1] GlobalBuffer[P=1 Q=1 Z12=1 C12=1 R12=1 S12=1 Y11=1 X11=1 Z11=1 C11=1 R11=1 S11=1 Y10=1 X10=1 Z10=1 C10=1 R10=1 S10=1 Y9=1 X9=1 Z9=1 C9=1 R9=1 S9=1 Y8=1 X8=1 Z8=1 C8=1 R8=1 S8=1 Y7=1 X7=1 Z7=1 C7=1 R7=1 S7=1 Y6=1 X6=1 Z6=1 C6=1 R6=1 S6=1 Y5=1 X5=1 Z5=1 C5=1 R5=1 S5=1 Y4=1 X4=1 Z4=1 C4=1 R4=1 S4=1 Y3=1 X3=1 Z3=1 C3=1 R3=1 S3=1 Y2=1 X2=1 Z2=1 C2=1 R2=1 S2=1 Y1=1 X1=1 Z1=1 C1=1 R1=1 S1=1 Y0=1 X0=1 Z0=1 C0=1 R0=1 S0=1] SACols[Q=1 Z12=64] SARows[S12=3 C12=64 Z12=1] SACols_11[X11=1 Z11=64] SARows_11[S11=3 C11=64 Z11=1] SACols_10[X10=1 Z10=64] SARows_10[S10=3 C10=64 Z10=1] SACols_9[X9=1 Z9=64] SARows_9[S9=3 C9=64 Z9=1] SACols_8[X8=1 Z8=64] SARows_8[S8=3 C8=64 Z8=1] SACols_7[X7=1 Z7=64] SARows_7[S7=3 C7=64 Z7=1] SACols_6[X6=1 Z6=64] SARows_6[S6=3 C6=64 Z6=1] SACols_5[X5=1 Z5=64] SARows_5[S5=3 C5=64 Z5=1] SACols_4[X4=1 Z4=64] SARows_4[S4=3 C4=64 Z4=1] SACols_3[X3=1 Z3=64] SARows_3[S3=3 C3=64 Z3=1] SACols_2[X2=1 Z2=64] SARows_2[S2=3 C2=64 Z2=1] SACols_1[X1=1 Z1=64] SARows_1[S1=3 C1=64 Z1=1] SACols_0[X0=1 Z0=64] SARows_0[S0=3 C0=3 Z0=1] InRegister[P=1 Q=1 Z12=1 C12=1 R12=1 S12=1 Y11=1 X11=1 Z11=1 C11=1 R11=1 S11=1 Y10=1 X10=1 Z10=1 C10=1 R10=1 S10=1 Y9=1 X9=1 Z9=1 C9=1 R9=1 S9=1 Y8=1 X8=1 Z8=1 C8=1 R8=1 S8=1 Y7=1 X7=1 Z7=1 C7=1 R7=1 S7=1 Y6=1 X6=1 Z6=1 C6=1 R6=1 S6=1 Y5=1 X5=1 Z5=1 C5=1 R5=1 S5=1 Y4=1 X4=1 Z4=1 C4=1 R4=1 S4=1 Y3=1 X3=1 Z3=1 C3=1 R3=1 S3=1 Y2=1 X2=1 Z2=1 C2=1 R2=1 S2=1 Y1=1 X1=1 Z1=1 C1=1 R1=1 S1=1 Y0=1 X0=1 Z0=1 C0=1 R0=1 S0=1] WRegister[P=1 Q=1 Z12=1 C12=8 R12=3 S12=1 Y11=1 X11=1 Z11=1 C11=8 R11=3 S11=1 Y10=1 X10=1 Z10=1 C10=8 R10=3 S10=1 Y9=1 X9=1 Z9=1 C9=8 R9=3 S9=1 Y8=1 X8=1 Z8=1 C8=8 R8=3 S8=1 Y7=1 X7=1 Z7=1 C7=4 R7=3 S7=1 Y6=1 X6=1 Z6=1 C6=4 R6=3 S6=1 Y5=1 X5=1 Z5=1 C5=4 R5=3 S5=1 Y4=1 X4=1 Z4=1 C4=2 R4=3 S4=1 Y3=1 X3=1 Z3=1 C3=2 R3=3 S3=1 Y2=1 X2=1 Z2=1 C2=1 R2=3 S2=1 Y1=1 X1=1 Z1=1 C1=1 R1=3 S1=1 Y0=1 X0=1 Z0=1 C0=1 R0=3 S0=1] IntermediateRegister[P=1 Q=1 Z12=1 C12=1 R12=1 S12=1 Y11=1 X11=1 Z11=8 C11=1 R11=1 S11=1 Y10=1 X10=1 Z10=8 C10=1 R10=1 S10=1 Y9=1 X9=1 Z9=8 C9=1 R9=1 S9=1 Y8=1 X8=1 Z8=8 C8=1 R8=1 S8=1 Y7=1 X7=1 Z7=8 C7=1 R7=1 S7=1 Y6=1 X6=1 Z6=4 C6=1 R6=1 S6=1 Y5=1 X5=1 Z5=4 C5=1 R5=1 S5=1 Y4=1 X4=1 Z4=4 C4=1 R4=1 S4=1 Y3=1 X3=1 Z3=2 C3=1 R3=1 S3=1 Y2=1 X2=1 Z2=2 C2=1 R2=1 S2=1 Y1=1 X1=1 Z1=1 C1=1 R1=1 S1=1 Y0=1 X0=1 Z0=1 C0=1 R0=1 S0=1] OutRegister[P=1 Q=1 Z12=8 C12=1 R12=1 S12=1 Y11=1 X11=1 Z11=1 C11=1 R11=1 S11=1 Y10=1 X10=1 Z10=1 C10=1 R10=1 S10=1 Y9=1 X9=1 Z9=1 C9=1 R9=1 S9=1 Y8=1 X8=1 Z8=1 C8=1 R8=1 S8=1 Y7=1 X7=1 Z7=1 C7=1 R7=1 S7=1 Y6=1 X6=1 Z6=1 C6=1 R6=1 S6=1 Y5=1 X5=1 Z5=1 C5=1 R5=1 S5=1 Y4=1 X4=1 Z4=1 C4=1 R4=1 S4=1 Y3=1 X3=1 Z3=1 C3=1 R3=1 S3=1 Y2=1 X2=1 Z2=1 C2=1 R2=1 S2=1 Y1=1 X1=1 Z1=1 C1=1 R1=1 S1=1 Y0=1 X0=1 Z0=1 C0=1 R0=1 S0=1] Compute] 
vgg16_13layer_2026-02-26T11:41:50.281456,vgg16,13layer,full,13,eyeriss,thesis_arch,1056,524,128,512,4,1,False,False,"Ill-posed constraints:
CONSTRAINTS VIOLATION: Arch: Eyeriss_Constrained_13L_tile1_4x512 -> Level: WRegister: memory footprint: 9579 VS memory available: 1200
CONSTRAINTS VIOLATION: Arch: Eyeriss_Constrained_13L_tile1_4x512 -> Level: IntermediateRegister: memory footprint: 889 VS memory available: 350
CONSTRAINTS VIOLATION: Arch: Eyeriss_Constrained_13L_tile1_4x512 -> Level: OutRegister: memory footprint: 128 VS memory available: 64",0.000e+00,0.000e+00,0.00e+00,0,0.0,0.0,
vgg16_13layer_2026-02-26T11:41:50.841857,vgg16,13layer,full,13,eyeriss,thesis_arch,1056,524,128,512,16,1,False,False,"Ill-posed constraints:
CONSTRAINTS VIOLATION: Arch: Eyeriss_Constrained_13L_tile1_16x512 -> Level: WRegister: memory footprint: 2397 VS memory available: 1200",0.000e+00,0.000e+00,0.00e+00,0,0.0,0.0,
vgg16_13layer_2026-02-26T11:41:51.297687,vgg16,13layer,full,13,eyeriss,thesis_arch,1056,524,128,512,32,1,False,True,,1.632e+05,5.455e+06,9.04e+05,"(38032062144, 18423974912)",0.0011136217508465052,0.8381290435791016,DRAM[P=14 Q=14 Z12=1 C12=1 R12=1 S12=1 Y11=14 X11=14 Z11=1 C11=1 R11=1 S11=1 Y10=14 X10=14 Z10=1 C10=1 R10=1 S10=1 Y9=28 X9=28 Z9=1 C9=1 R9=1 S9=1 Y8=28 X8=28 Z8=1 C8=1 R8=1 S8=1 Y7=28 X7=28 Z7=1 C7=1 R7=1 S7=1 Y6=56 X6=56 Z6=1 C6=1 R6=1 S6=1 Y5=56 X5=56 Z5=1 C5=1 R5=1 S5=1 Y4=56 X4=56 Z4=1 C4=1 R4=1 S4=1 Y3=112 X3=112 Z3=1 C3=1 R3=1 S3=1 Y2=112 X2=112 Z2=1 C2=1 R2=1 S2=1 Y1=224 X1=224 Z1=1 C1=1 R1=1 S1=1 Y0=224 X0=224 Z0=1 C0=1 R0=1 S0=1] GlobalBuffer[P=1 Q=1 Z12=1 C12=1 R12=1 S12=1 Y11=1 X11=1 Z11=1 C11=1 R11=1 S11=1 Y10=1 X10=1 Z10=1 C10=1 R10=1 S10=1 Y9=1 X9=1 Z9=1 C9=1 R9=1 S9=1 Y8=1 X8=1 Z8=1 C8=1 R8=1 S8=1 Y7=1 X7=1 Z7=1 C7=1 R7=1 S7=1 Y6=1 X6=1 Z6=1 C6=1 R6=1 S6=1 Y5=1 X5=1 Z5=1 C5=1 R5=1 S5=1 Y4=1 X4=1 Z4=1 C4=1 R4=1 S4=1 Y3=1 X3=1 Z3=1 C3=1 R3=1 S3=1 Y2=1 X2=1 Z2=1 C2=1 R2=1 S2=1 Y1=1 X1=1 Z1=1 C1=1 R1=1 S1=1 Y0=1 X0=1 Z0=1 C0=1 R0=1 S0=1] SACols[Q=1 Z12=32] SARows[S12=3 C12=128 Z12=1] SACols_11[X11=1 Z11=32] SARows_11[S11=3 C11=128 Z11=1] SACols_10[X10=1 Z10=32] SARows_10[S10=3 C10=128 Z10=1] SACols_9[X9=1 Z9=32] SARows_9[S9=3 C9=128 Z9=1] SACols_8[X8=1 Z8=32] SARows_8[S8=3 C8=128 Z8=1] SACols_7[X7=1 Z7=32] SARows_7[S7=3 C7=128 Z7=1] SACols_6[X6=1 Z6=32] SARows_6[S6=3 C6=128 Z6=1] SACols_5[X5=1 Z5=32] SARows_5[S5=3 C5=128 Z5=1] SACols_4[X4=1 Z4=32] SARows_4[S4=3 C4=128 Z4=1] SACols_3[X3=1 Z3=32] SARows_3[S3=3 C3=128 Z3=1] SACols_2[X2=1 Z2=32] SARows_2[S2=3 C2=64 Z2=2] SACols_1[X1=1 Z1=32] SARows_1[S1=3 C1=64 Z1=2] SACols_0[X0=1 Z0=32] SARows_0[S0=3 C0=3 Z0=2] InRegister[P=1 Q=1 Z12=1 C12=1 R12=1 S12=1 Y11=1 X11=1 Z11=1 C11=1 R11=1 S11=1 Y10=1 X10=1 Z10=1 C10=1 R10=1 S10=1 Y9=1 X9=1 Z9=1 C9=1 R9=1 S9=1 Y8=1 X8=1 Z8=1 C8=1 R8=1 S8=1 Y7=1 X7=1 Z7=1 C7=1 R7=1 S7=1 Y6=1 X6=1 Z6=1 C6=1 R6=1 S6=1 Y5=1 X5=1 Z5=1 C5=1 R5=1 S5=1 Y4=1 X4=1 Z4=1 C4=1 R4=1 S4=1 Y3=1 X3=1 Z3=1 C3=1 R3=1 S3=1 Y2=1 X2=1 Z2=1 C2=1 R2=1 S2=1 Y1=1 X1=1 Z1=1 C1=1 R1=1 S1=1 Y0=1 X0=1 Z0=1 C0=1 R0=1 S0=1] WRegister[P=1 Q=1 Z12=1 C12=4 R12=3 S12=1 Y11=1 X11=1 Z11=1 C11=4 R11=3 S11=1 Y10=1 X10=1 Z10=1 C10=4 R10=3 S10=1 Y9=1 X9=1 Z9=1 C9=4 R9=3 S9=1 Y8=1 X8=1 Z8=1 C8=4 R8=3 S8=1 Y7=1 X7=1 Z7=1 C7=2 R7=3 S7=1 Y6=1 X6=1 Z6=1 C6=2 R6=3 S6=1 Y5=1 X5=1 Z5=1 C5=2 R5=3 S5=1 Y4=1 X4=1 Z4=1 C4=1 R4=3 S4=1 Y3=1 X3=1 Z3=1 C3=1 R3=3 S3=1 Y2=1 X2=1 Z2=1 C2=1 R2=3 S2=1 Y1=1 X1=1 Z1=1 C1=1 R1=3 S1=1 Y0=1 X0=1 Z0=1 C0=1 R0=3 S0=1] IntermediateRegister[P=1 Q=1 Z12=1 C12=1 R12=1 S12=1 Y11=1 X11=1 Z11=16 C11=1 R11=1 S11=1 Y10=1 X10=1 Z10=16 C10=1 R10=1 S10=1 Y9=1 X9=1 Z9=16 C9=1 R9=1 S9=1 Y8=1 X8=1 Z8=16 C8=1 R8=1 S8=1 Y7=1 X7=1 Z7=16 C7=1 R7=1 S7=1 Y6=1 X6=1 Z6=8 C6=1 R6=1 S6=1 Y5=1 X5=1 Z5=8 C5=1 R5=1 S5=1 Y4=1 X4=1 Z4=8 C4=1 R4=1 S4=1 Y3=1 X3=1 Z3=4 C3=1 R3=1 S3=1 Y2=1 X2=1 Z2=2 C2=1 R2=1 S2=1 Y1=1 X1=1 Z1=1 C1=1 R1=1 S1=1 Y0=1 X0=1 Z0=1 C0=1 R0=1 S0=1] OutRegister[P=1 Q=1 Z12=16 C12=1 R12=1 S12=1 Y11=1 X11=1 Z11=1 C11=1 R11=1 S11=1 Y10=1 X10=1 Z10=1 C10=1 R10=1 S10=1 Y9=1 X9=1 Z9=1 C9=1 R9=1 S9=1 Y8=1 X8=1 Z8=1 C8=1 R8=1 S8=1 Y7=1 X7=1 Z7=1 C7=1 R7=1 S7=1 Y6=1 X6=1 Z6=1 C6=1 R6=1 S6=1 Y5=1 X5=1 Z5=1 C5=1 R5=1 S5=1 Y4=1 X4=1 Z4=1 C4=1 R4=1 S4=1 Y3=1 X3=1 Z3=1 C3=1 R3=1 S3=1 Y2=1 X2=1 Z2=1 C2=1 R2=1 S2=1 Y1=1 X1=1 Z1=1 C1=1 R1=1 S1=1 Y0=1 X0=1 Z0=1 C0=1 R0=1 S0=1] Compute] 
vgg16_13layer_2026-02-26T11:41:52.885193,vgg16,13layer,full,13,eyeriss,thesis_arch,1056,524,128,4,4,1,False,False,"Ill-posed constraints:
CONSTRAINTS VIOLATION: Arch: Eyeriss_Constrained_13L_tile1_4x4 -> Level: InRegister: memory footprint: 11152 VS memory available: 400
CONSTRAINTS VIOLATION: Arch: Eyeriss_Constrained_13L_tile1_4x4 -> Level: WRegister: memory footprint: 1225872 VS memory available: 2400
CONSTRAINTS VIOLATION: Arch: Eyeriss_Constrained_13L_tile1_4x4 -> Level: IntermediateRegister: memory footprint: 928 VS memory available: 350
CONSTRAINTS VIOLATION: Arch: Eyeriss_Constrained_13L_tile1_4x4 -> Level: OutRegister: memory footprint: 128 VS memory available: 64",0.000e+00,0.000e+00,0.00e+00,0,0.0,0.0,
vgg16_13layer_2026-02-26T11:41:53.247534,vgg16,13layer,full,13,eyeriss,thesis_arch,1056,524,128,4,16,1,False,False,"Ill-posed constraints:
CONSTRAINTS VIOLATION: Arch: Eyeriss_Constrained_13L_tile1_16x4 -> Level: InRegister: memory footprint: 11152 VS memory available: 400
CONSTRAINTS VIOLATION: Arch: Eyeriss_Constrained_13L_tile1_16x4 -> Level: WRegister: memory footprint: 306468 VS memory available: 2400",0.000e+00,0.000e+00,0.00e+00,0,0.0,0.0,
vgg16_13layer_2026-02-26T11:41:53.815663,vgg16,13layer,full,13,eyeriss,thesis_arch,1056,524,128,4,32,1,False,False,"Ill-posed constraints:
CONSTRAINTS VIOLATION: Arch: Eyeriss_Constrained_13L_tile1_32x4 -> Level: InRegister: memory footprint: 11152 VS memory available: 400
CONSTRAINTS VIOLATION: Arch: Eyeriss_Constrained_13L_tile1_32x4 -> Level: WRegister: memory footprint: 153234 VS memory available: 2400",0.000e+00,0.000e+00,0.00e+00,0,0.0,0.0,
vgg16_13layer_2026-02-26T11:41:54.582078,vgg16,13layer,full,13,eyeriss,thesis_arch,1056,524,128,4,64,1,False,False,"Ill-posed constraints:
CONSTRAINTS VIOLATION: Arch: Eyeriss_Constrained_13L_tile1_64x4 -> Level: InRegister: memory footprint: 11152 VS memory available: 400
CONSTRAINTS VIOLATION: Arch: Eyeriss_Constrained_13L_tile1_64x4 -> Level: WRegister: memory footprint: 76617 VS memory available: 2400",0.000e+00,0.000e+00,0.00e+00,0,0.0,0.0,
vgg16_13layer_2026-02-26T11:41:55.141226,vgg16,13layer,full,13,eyeriss,thesis_arch,1056,524,128,4,128,1,False,False,"Ill-posed constraints:
CONSTRAINTS VIOLATION: Arch: Eyeriss_Constrained_13L_tile1_128x4 -> Level: InRegister: memory footprint: 11152 VS memory available: 400
CONSTRAINTS VIOLATION: Arch: Eyeriss_Constrained_13L_tile1_128x4 -> Level: WRegister: memory footprint: 38409 VS memory available: 2400",0.000e+00,0.000e+00,0.00e+00,0,0.0,0.0,
vgg16_13layer_2026-02-26T11:41:55.581198,vgg16,13layer,full,13,eyeriss,thesis_arch,1056,524,128,4,256,1,False,False,"Ill-posed constraints:
CONSTRAINTS VIOLATION: Arch: Eyeriss_Constrained_13L_tile1_256x4 -> Level: InRegister: memory footprint: 11152 VS memory available: 400
CONSTRAINTS VIOLATION: Arch: Eyeriss_Constrained_13L_tile1_256x4 -> Level: WRegister: memory footprint: 19593 VS memory available: 2400",0.000e+00,0.000e+00,0.00e+00,0,0.0,0.0,
vgg16_13layer_2026-02-26T11:41:56.091373,vgg16,13layer,full,13,eyeriss,thesis_arch,1056,524,128,4,512,1,False,False,"Ill-posed constraints:
CONSTRAINTS VIOLATION: Arch: Eyeriss_Constrained_13L_tile1_512x4 -> Level: InRegister: memory footprint: 11152 VS memory available: 400
CONSTRAINTS VIOLATION: Arch: Eyeriss_Constrained_13L_tile1_512x4 -> Level: WRegister: memory footprint: 11145 VS memory available: 2400",0.000e+00,0.000e+00,0.00e+00,0,0.0,0.0,
vgg16_13layer_2026-02-26T11:41:56.633313,vgg16,13layer,full,13,eyeriss,thesis_arch,1056,524,128,16,4,1,False,False,"Ill-posed constraints:
CONSTRAINTS VIOLATION: Arch: Eyeriss_Constrained_13L_tile1_4x16 -> Level: InRegister: memory footprint: 2790 VS memory available: 400
CONSTRAINTS VIOLATION: Arch: Eyeriss_Constrained_13L_tile1_4x16 -> Level: WRegister: memory footprint: 306480 VS memory available: 2400
CONSTRAINTS VIOLATION: Arch: Eyeriss_Constrained_13L_tile1_4x16 -> Level: IntermediateRegister: memory footprint: 928 VS memory available: 350
CONSTRAINTS VIOLATION: Arch: Eyeriss_Constrained_13L_tile1_4x16 -> Level: OutRegister: memory footprint: 128 VS memory available: 64",0.000e+00,0.000e+00,0.00e+00,0,0.0,0.0,
vgg16_13layer_2026-02-26T11:41:57.010978,vgg16,13layer,full,13,eyeriss,thesis_arch,1056,524,128,16,16,1,False,False,"Ill-posed constraints:
CONSTRAINTS VIOLATION: Arch: Eyeriss_Constrained_13L_tile1_16x16 -> Level: InRegister: memory footprint: 2790 VS memory available: 400
CONSTRAINTS VIOLATION: Arch: Eyeriss_Constrained_13L_tile1_16x16 -> Level: WRegister: memory footprint: 76620 VS memory available: 2400",0.000e+00,0.000e+00,0.00e+00,0,0.0,0.0,
vgg16_13layer_2026-02-26T11:41:57.455328,vgg16,13layer,full,13,eyeriss,thesis_arch,1056,524,128,16,32,1,False,False,"Ill-posed constraints:
CONSTRAINTS VIOLATION: Arch: Eyeriss_Constrained_13L_tile1_32x16 -> Level: InRegister: memory footprint: 2790 VS memory available: 400
CONSTRAINTS VIOLATION: Arch: Eyeriss_Constrained_13L_tile1_32x16 -> Level: WRegister: memory footprint: 38310 VS memory available: 2400",0.000e+00,0.000e+00,0.00e+00,0,0.0,0.0,
vgg16_13layer_2026-02-26T11:41:57.967167,vgg16,13layer,full,13,eyeriss,thesis_arch,1056,524,128,16,64,1,False,False,"Ill-posed constraints:
CONSTRAINTS VIOLATION: Arch: Eyeriss_Constrained_13L_tile1_64x16 -> Level: InRegister: memory footprint: 2790 VS memory available: 400
CONSTRAINTS VIOLATION: Arch: Eyeriss_Constrained_13L_tile1_64x16 -> Level: WRegister: memory footprint: 19155 VS memory available: 2400",0.000e+00,0.000e+00,0.00e+00,0,0.0,0.0,
vgg16_13layer_2026-02-26T11:41:58.453166,vgg16,13layer,full,13,eyeriss,thesis_arch,1056,524,128,16,128,1,False,False,"Ill-posed constraints:
CONSTRAINTS VIOLATION: Arch: Eyeriss_Constrained_13L_tile1_128x16 -> Level: InRegister: memory footprint: 2790 VS memory available: 400
CONSTRAINTS VIOLATION: Arch: Eyeriss_Constrained_13L_tile1_128x16 -> Level: WRegister: memory footprint: 9603 VS memory available: 2400",0.000e+00,0.000e+00,0.00e+00,0,0.0,0.0,
vgg16_13layer_2026-02-26T11:41:58.822655,vgg16,13layer,full,13,eyeriss,thesis_arch,1056,524,128,16,256,1,False,False,"Ill-posed constraints:
CONSTRAINTS VIOLATION: Arch: Eyeriss_Constrained_13L_tile1_256x16 -> Level: InRegister: memory footprint: 2790 VS memory available: 400
CONSTRAINTS VIOLATION: Arch: Eyeriss_Constrained_13L_tile1_256x16 -> Level: WRegister: memory footprint: 4899 VS memory available: 2400",0.000e+00,0.000e+00,0.00e+00,0,0.0,0.0,
vgg16_13layer_2026-02-26T11:41:59.201511,vgg16,13layer,full,13,eyeriss,thesis_arch,1056,524,128,16,512,1,False,False,"Ill-posed constraints:
CONSTRAINTS VIOLATION: Arch: Eyeriss_Constrained_13L_tile1_512x16 -> Level: InRegister: memory footprint: 2790 VS memory available: 400
CONSTRAINTS VIOLATION: Arch: Eyeriss_Constrained_13L_tile1_512x16 -> Level: WRegister: memory footprint: 2787 VS memory available: 2400",0.000e+00,0.000e+00,0.00e+00,0,0.0,0.0,
vgg16_13layer_2026-02-26T11:41:59.691190,vgg16,13layer,full,13,eyeriss,thesis_arch,1056,524,128,32,4,1,False,False,"Ill-posed constraints:
CONSTRAINTS VIOLATION: Arch: Eyeriss_Constrained_13L_tile1_4x32 -> Level: InRegister: memory footprint: 1398 VS memory available: 400
CONSTRAINTS VIOLATION: Arch: Eyeriss_Constrained_13L_tile1_4x32 -> Level: WRegister: memory footprint: 153240 VS memory available: 2400
CONSTRAINTS VIOLATION: Arch: Eyeriss_Constrained_13L_tile1_4x32 -> Level: IntermediateRegister: memory footprint: 920 VS memory available: 350
CONSTRAINTS VIOLATION: Arch: Eyeriss_Constrained_13L_tile1_4x32 -> Level: OutRegister: memory footprint: 128 VS memory available: 64",0.000e+00,0.000e+00,0.00e+00,0,0.0,0.0,
vgg16_13layer_2026-02-26T11:42:00.296196,vgg16,13layer,full,13,eyeriss,thesis_arch,1056,524,128,32,16,1,False,False,"Ill-posed constraints:
CONSTRAINTS VIOLATION: Arch: Eyeriss_Constrained_13L_tile1_16x32 -> Level: InRegister: memory footprint: 1398 VS memory available: 400
CONSTRAINTS VIOLATION: Arch: Eyeriss_Constrained_13L_tile1_16x32 -> Level: WRegister: memory footprint: 38310 VS memory available: 2400",0.000e+00,0.000e+00,0.00e+00,0,0.0,0.0,
vgg16_13layer_2026-02-26T11:42:00.840145,vgg16,13layer,full,13,eyeriss,thesis_arch,1056,524,128,32,32,1,False,False,"Ill-posed constraints:
CONSTRAINTS VIOLATION: Arch: Eyeriss_Constrained_13L_tile1_32x32 -> Level: InRegister: memory footprint: 1398 VS memory available: 400
CONSTRAINTS VIOLATION: Arch: Eyeriss_Constrained_13L_tile1_32x32 -> Level: WRegister: memory footprint: 19155 VS memory available: 2400",0.000e+00,0.000e+00,0.00e+00,0,0.0,0.0,
vgg16_13layer_2026-02-26T11:42:01.362498,vgg16,13layer,full,13,eyeriss,thesis_arch,1056,524,128,32,64,1,False,False,"Ill-posed constraints:
CONSTRAINTS VIOLATION: Arch: Eyeriss_Constrained_13L_tile1_64x32 -> Level: InRegister: memory footprint: 1398 VS memory available: 400
CONSTRAINTS VIOLATION: Arch: Eyeriss_Constrained_13L_tile1_64x32 -> Level: WRegister: memory footprint: 9579 VS memory available: 2400",0.000e+00,0.000e+00,0.00e+00,0,0.0,0.0,
vgg16_13layer_2026-02-26T11:42:01.822130,vgg16,13layer,full,13,eyeriss,thesis_arch,1056,524,128,32,128,1,False,False,"Ill-posed constraints:
CONSTRAINTS VIOLATION: Arch: Eyeriss_Constrained_13L_tile1_128x32 -> Level: InRegister: memory footprint: 1398 VS memory available: 400
CONSTRAINTS VIOLATION: Arch: Eyeriss_Constrained_13L_tile1_128x32 -> Level: WRegister: memory footprint: 4803 VS memory available: 2400",0.000e+00,0.000e+00,0.00e+00,0,0.0,0.0,
vgg16_13layer_2026-02-26T11:42:02.297694,vgg16,13layer,full,13,eyeriss,thesis_arch,1056,524,128,32,256,1,False,False,"Ill-posed constraints:
CONSTRAINTS VIOLATION: Arch: Eyeriss_Constrained_13L_tile1_256x32 -> Level: InRegister: memory footprint: 1398 VS memory available: 400
CONSTRAINTS VIOLATION: Arch: Eyeriss_Constrained_13L_tile1_256x32 -> Level: WRegister: memory footprint: 2451 VS memory available: 2400",0.000e+00,0.000e+00,0.00e+00,0,0.0,0.0,
vgg16_13layer_2026-02-26T11:42:02.657210,vgg16,13layer,full,13,eyeriss,thesis_arch,1056,524,128,32,512,1,False,False,"Ill-posed constraints:
CONSTRAINTS VIOLATION: Arch: Eyeriss_Constrained_13L_tile1_512x32 -> Level: InRegister: memory footprint: 1398 VS memory available: 400",0.000e+00,0.000e+00,0.00e+00,0,0.0,0.0,
vgg16_13layer_2026-02-26T11:42:03.072393,vgg16,13layer,full,13,eyeriss,thesis_arch,1056,524,128,64,4,1,False,False,"Ill-posed constraints:
CONSTRAINTS VIOLATION: Arch: Eyeriss_Constrained_13L_tile1_4x64 -> Level: InRegister: memory footprint: 702 VS memory available: 400
CONSTRAINTS VIOLATION: Arch: Eyeriss_Constrained_13L_tile1_4x64 -> Level: WRegister: memory footprint: 76620 VS memory available: 2400
CONSTRAINTS VIOLATION: Arch: Eyeriss_Constrained_13L_tile1_4x64 -> Level: IntermediateRegister: memory footprint: 916 VS memory available: 350
CONSTRAINTS VIOLATION: Arch: Eyeriss_Constrained_13L_tile1_4x64 -> Level: OutRegister: memory footprint: 128 VS memory available: 64",0.000e+00,0.000e+00,0.00e+00,0,0.0,0.0,
vgg16_13layer_2026-02-26T11:42:03.433854,vgg16,13layer,full,13,eyeriss,thesis_arch,1056,524,128,64,16,1,False,False,"Ill-posed constraints:
CONSTRAINTS VIOLATION: Arch: Eyeriss_Constrained_13L_tile1_16x64 -> Level: InRegister: memory footprint: 702 VS memory available: 400
CONSTRAINTS VIOLATION: Arch: Eyeriss_Constrained_13L_tile1_16x64 -> Level: WRegister: memory footprint: 19155 VS memory available: 2400",0.000e+00,0.000e+00,0.00e+00,0,0.0,0.0,
vgg16_13layer_2026-02-26T11:42:03.976616,vgg16,13layer,full,13,eyeriss,thesis_arch,1056,524,128,64,32,1,False,False,"Ill-posed constraints:
CONSTRAINTS VIOLATION: Arch: Eyeriss_Constrained_13L_tile1_32x64 -> Level: InRegister: memory footprint: 702 VS memory available: 400
CONSTRAINTS VIOLATION: Arch: Eyeriss_Constrained_13L_tile1_32x64 -> Level: WRegister: memory footprint: 9579 VS memory available: 2400",0.000e+00,0.000e+00,0.00e+00,0,0.0,0.0,
vgg16_13layer_2026-02-26T11:42:04.467655,vgg16,13layer,full,13,eyeriss,thesis_arch,1056,524,128,64,64,1,False,False,"Ill-posed constraints:
CONSTRAINTS VIOLATION: Arch: Eyeriss_Constrained_13L_tile1_64x64 -> Level: InRegister: memory footprint: 702 VS memory available: 400
CONSTRAINTS VIOLATION: Arch: Eyeriss_Constrained_13L_tile1_64x64 -> Level: WRegister: memory footprint: 4791 VS memory available: 2400",0.000e+00,0.000e+00,0.00e+00,0,0.0,0.0,
vgg16_13layer_2026-02-26T11:42:04.940216,vgg16,13layer,full,13,eyeriss,thesis_arch,1056,524,128,64,128,1,False,False,"Ill-posed constraints:
CONSTRAINTS VIOLATION: Arch: Eyeriss_Constrained_13L_tile1_128x64 -> Level: InRegister: memory footprint: 702 VS memory available: 400
CONSTRAINTS VIOLATION: Arch: Eyeriss_Constrained_13L_tile1_128x64 -> Level: WRegister: memory footprint: 2403 VS memory available: 2400",0.000e+00,0.000e+00,0.00e+00,0,0.0,0.0,
vgg16_13layer_2026-02-26T11:42:05.441086,vgg16,13layer,full,13,eyeriss,thesis_arch,1056,524,128,64,256,1,False,False,"Ill-posed constraints:
CONSTRAINTS VIOLATION: Arch: Eyeriss_Constrained_13L_tile1_256x64 -> Level: InRegister: memory footprint: 702 VS memory available: 400",0.000e+00,0.000e+00,0.00e+00,0,0.0,0.0,
vgg16_13layer_2026-02-26T11:42:05.858641,vgg16,13layer,full,13,eyeriss,thesis_arch,1056,524,128,128,4,1,False,False,"Ill-posed constraints:
CONSTRAINTS VIOLATION: Arch: Eyeriss_Constrained_13L_tile1_4x128 -> Level: WRegister: memory footprint: 38310 VS memory available: 2400
CONSTRAINTS VIOLATION: Arch: Eyeriss_Constrained_13L_tile1_4x128 -> Level: IntermediateRegister: memory footprint: 914 VS memory available: 350
CONSTRAINTS VIOLATION: Arch: Eyeriss_Constrained_13L_tile1_4x128 -> Level: OutRegister: memory footprint: 128 VS memory available: 64",0.000e+00,0.000e+00,0.00e+00,0,0.0,0.0,
vgg16_13layer_2026-02-26T11:42:06.179616,vgg16,13layer,full,13,eyeriss,thesis_arch,1056,524,128,128,16,1,False,False,"Ill-posed constraints:
CONSTRAINTS VIOLATION: Arch: Eyeriss_Constrained_13L_tile1_16x128 -> Level: WRegister: memory footprint: 9579 VS memory available: 2400",0.000e+00,0.000e+00,0.00e+00,0,0.0,0.0,
vgg16_13layer_2026-02-26T11:42:06.672524,vgg16,13layer,full,13,eyeriss,thesis_arch,1056,524,128,128,32,1,False,False,"Ill-posed constraints:
CONSTRAINTS VIOLATION: Arch: Eyeriss_Constrained_13L_tile1_32x128 -> Level: WRegister: memory footprint: 4791 VS memory available: 2400",0.000e+00,0.000e+00,0.00e+00,0,0.0,0.0,
vgg16_13layer_2026-02-26T11:42:06.980528,vgg16,13layer,full,13,eyeriss,thesis_arch,1056,524,128,128,64,1,False,True,,2.470e+05,5.681e+06,1.42e+06,"(37396231872, 16400878592)",0.0022272435016930103,0.8778486251831055,DRAM[P=14 Q=14 Z12=1 C12=1 R12=1 S12=1 Y11=14 X11=14 Z11=1 C11=1 R11=1 S11=1 Y10=14 X10=14 Z10=1 C10=1 R10=1 S10=1 Y9=28 X9=28 Z9=1 C9=1 R9=1 S9=1 Y8=28 X8=28 Z8=1 C8=1 R8=1 S8=1 Y7=28 X7=28 Z7=1 C7=1 R7=1 S7=1 Y6=56 X6=56 Z6=1 C6=1 R6=1 S6=1 Y5=56 X5=56 Z5=1 C5=1 R5=1 S5=1 Y4=56 X4=56 Z4=1 C4=1 R4=1 S4=1 Y3=112 X3=112 Z3=1 C3=1 R3=1 S3=1 Y2=112 X2=112 Z2=1 C2=1 R2=1 S2=1 Y1=224 X1=224 Z1=1 C1=1 R1=1 S1=1 Y0=224 X0=224 Z0=1 C0=1 R0=1 S0=1] GlobalBuffer[P=1 Q=1 Z12=1 C12=1 R12=1 S12=1 Y11=1 X11=1 Z11=1 C11=1 R11=1 S11=1 Y10=1 X10=1 Z10=1 C10=1 R10=1 S10=1 Y9=1 X9=1 Z9=1 C9=1 R9=1 S9=1 Y8=1 X8=1 Z8=1 C8=1 R8=1 S8=1 Y7=1 X7=1 Z7=1 C7=1 R7=1 S7=1 Y6=1 X6=1 Z6=1 C6=1 R6=1 S6=1 Y5=1 X5=1 Z5=1 C5=1 R5=1 S5=1 Y4=1 X4=1 Z4=1 C4=1 R4=1 S4=1 Y3=1 X3=1 Z3=1 C3=1 R3=1 S3=1 Y2=1 X2=1 Z2=1 C2=1 R2=1 S2=1 Y1=1 X1=1 Z1=1 C1=1 R1=1 S1=1 Y0=1 X0=1 Z0=1 C0=1 R0=1 S0=1] SACols[Q=1 Z12=64] SARows[S12=3 C12=32 Z12=1] SACols_11[X11=1 Z11=64] SARows_11[S11=3 C11=32 Z11=1] SACols_10[X10=1 Z10=64] SARows_10[S10=3 C10=32 Z10=1] SACols_9[X9=1 Z9=64] SARows_9[S9=3 C9=32 Z9=1] SACols_8[X8=1 Z8=64] SARows_8[S8=3 C8=32 Z8=1] SACols_7[X7=1 Z7=64] SARows_7[S7=3 C7=32 Z7=1] SACols_6[X6=1 Z6=64] SARows_6[S6=3 C6=32 Z6=1] SACols_5[X5=1 Z5=64] SARows_5[S5=3 C5=32 Z5=1] SACols_4[X4=1 Z4=64] SARows_4[S4=3 C4=32 Z4=1] SACols_3[X3=1 Z3=64] SARows_3[S3=3 C3=32 Z3=1] SACols_2[X2=1 Z2=64] SARows_2[S2=3 C2=32 Z2=1] SACols_1[X1=1 Z1=64] SARows_1[S1=3 C1=32 Z1=1] SACols_0[X0=1 Z0=64] SARows_0[S0=3 C0=3 Z0=1] InRegister[P=1 Q=1 Z12=1 C12=1 R12=1 S12=1 Y11=1 X11=1 Z11=1 C11=1 R11=1 S11=1 Y10=1 X10=1 Z10=1 C10=1 R10=1 S10=1 Y9=1 X9=1 Z9=1 C9=1 R9=1 S9=1 Y8=1 X8=1 Z8=1 C8=1 R8=1 S8=1 Y7=1 X7=1 Z7=1 C7=1 R7=1 S7=1 Y6=1 X6=1 Z6=1 C6=1 R6=1 S6=1 Y5=1 X5=1 Z5=1 C5=1 R5=1 S5=1 Y4=1 X4=1 Z4=1 C4=1 R4=1 S4=1 Y3=1 X3=1 Z3=1 C3=1 R3=1 S3=1 Y2=1 X2=1 Z2=1 C2=1 R2=1 S2=1 Y1=1 X1=1 Z1=1 C1=1 R1=1 S1=1 Y0=1 X0=1 Z0=1 C0=1 R0=1 S0=1] WRegister[P=1 Q=1 Z12=1 C12=16 R12=3 S12=1 Y11=1 X11=1 Z11=1 C11=16 R11=3 S11=1 Y10=1 X10=1 Z10=1 C10=16 R10=3 S10=1 Y9=1 X9=1 Z9=1 C9=16 R9=3 S9=1 Y8=1 X8=1 Z8=1 C8=16 R8=3 S8=1 Y7=1 X7=1 Z7=1 C7=8 R7=3 S7=1 Y6=1 X6=1 Z6=1 C6=8 R6=3 S6=1 Y5=1 X5=1 Z5=1 C5=8 R5=3 S5=1 Y4=1 X4=1 Z4=1 C4=4 R4=3 S4=1 Y3=1 X3=1 Z3=1 C3=4 R3=3 S3=1 Y2=1 X2=1 Z2=1 C2=2 R2=3 S2=1 Y1=1 X1=1 Z1=1 C1=2 R1=3 S1=1 Y0=1 X0=1 Z0=1 C0=1 R0=3 S0=1] IntermediateRegister[P=1 Q=1 Z12=1 C12=1 R12=1 S12=1 Y11=1 X11=1 Z11=8 C11=1 R11=1 S11=1 Y10=1 X10=1 Z10=8 C10=1 R10=1 S10=1 Y9=1 X9=1 Z9=8 C9=1 R9=1 S9=1 Y8=1 X8=1 Z8=8 C8=1 R8=1 S8=1 Y7=1 X7=1 Z7=8 C7=1 R7=1 S7=1 Y6=1 X6=1 Z6=4 C6=1 R6=1 S6=1 Y5=1 X5=1 Z5=4 C5=1 R5=1 S5=1 Y4=1 X4=1 Z4=4 C4=1 R4=1 S4=1 Y3=1 X3=1 Z3=2 C3=1 R3=1 S3=1 Y2=1 X2=1 Z2=2 C2=1 R2=1 S2=1 Y1=1 X1=1 Z1=1 C1=1 R1=1 S1=1 Y0=1 X0=1 Z0=1 C0=1 R0=1 S0=1] OutRegister[P=1 Q=1 Z12=8 C12=1 R12=1 S12=1 Y11=1 X11=1 Z11=1 C11=1 R11=1 S11=1 Y10=1 X10=1 Z10=1 C10=1 R10=1 S10=1 Y9=1 X9=1 Z9=1 C9=1 R9=1 S9=1 Y8=1 X8=1 Z8=1 C8=1 R8=1 S8=1 Y7=1 X7=1 Z7=1 C7=1 R7=1 S7=1 Y6=1 X6=1 Z6=1 C6=1 R6=1 S6=1 Y5=1 X5=1 Z5=1 C5=1 R5=1 S5=1 Y4=1 X4=1 Z4=1 C4=1 R4=1 S4=1 Y3=1 X3=1 Z3=1 C3=1 R3=1 S3=1 Y2=1 X2=1 Z2=1 C2=1 R2=1 S2=1 Y1=1 X1=1 Z1=1 C1=1 R1=1 S1=1 Y0=1 X0=1 Z0=1 C0=1 R0=1 S0=1] Compute] 
vgg16_13layer_2026-02-26T11:42:08.612344,vgg16,13layer,full,13,eyeriss,thesis_arch,1056,524,128,128,128,1,False,True,,2.534e+05,5.455e+06,1.41e+06,"(40633185984, 16400878592)",0.0005568108754232526,0.8772051334381104,DRAM[P=14 Q=14 Z12=1 C12=1 R12=1 S12=1 Y11=14 X11=14 Z11=1 C11=1 R11=1 S11=1 Y10=14 X10=14 Z10=1 C10=1 R10=1 S10=1 Y9=28 X9=28 Z9=1 C9=1 R9=1 S9=1 Y8=28 X8=28 Z8=1 C8=1 R8=1 S8=1 Y7=28 X7=28 Z7=1 C7=1 R7=1 S7=1 Y6=56 X6=56 Z6=1 C6=1 R6=1 S6=1 Y5=56 X5=56 Z5=1 C5=1 R5=1 S5=1 Y4=56 X4=56 Z4=1 C4=1 R4=1 S4=1 Y3=112 X3=112 Z3=1 C3=1 R3=1 S3=1 Y2=112 X2=112 Z2=1 C2=1 R2=1 S2=1 Y1=224 X1=224 Z1=1 C1=1 R1=1 S1=1 Y0=224 X0=224 Z0=1 C0=1 R0=1 S0=1] GlobalBuffer[P=1 Q=1 Z12=1 C12=1 R12=1 S12=1 Y11=1 X11=1 Z11=1 C11=1 R11=1 S11=1 Y10=1 X10=1 Z10=1 C10=1 R10=1 S10=1 Y9=1 X9=1 Z9=1 C9=1 R9=1 S9=1 Y8=1 X8=1 Z8=1 C8=1 R8=1 S8=1 Y7=1 X7=1 Z7=1 C7=1 R7=1 S7=1 Y6=1 X6=1 Z6=1 C6=1 R6=1 S6=1 Y5=1 X5=1 Z5=1 C5=1 R5=1 S5=1 Y4=1 X4=1 Z4=1 C4=1 R4=1 S4=1 Y3=1 X3=1 Z3=1 C3=1 R3=1 S3=1 Y2=1 X2=1 Z2=1 C2=1 R2=1 S2=1 Y1=1 X1=1 Z1=1 C1=1 R1=1 S1=1 Y0=1 X0=1 Z0=1 C0=1 R0=1 S0=1] SACols[Q=1 Z12=128] SARows[S12=3 C12=32 Z12=1] SACols_11[X11=1 Z11=128] SARows_11[S11=3 C11=32 Z11=1] SACols_10[X10=1 Z10=128] SARows_10[S10=3 C10=32 Z10=1] SACols_9[X9=1 Z9=128] SARows_9[S9=3 C9=32 Z9=1] SACols_8[X8=1 Z8=128] SARows_8[S8=3 C8=32 Z8=1] SACols_7[X7=1 Z7=128] SARows_7[S7=3 C7=32 Z7=1] SACols_6[X6=1 Z6=128] SARows_6[S6=3 C6=32 Z6=1] SACols_5[X5=1 Z5=128] SARows_5[S5=3 C5=32 Z5=1] SACols_4[X4=1 Z4=128] SARows_4[S4=3 C4=32 Z4=1] SACols_3[X3=1 Z3=128] SARows_3[S3=3 C3=32 Z3=1] SACols_2[X2=1 Z2=128] SARows_2[S2=3 C2=32 Z2=1] SACols_1[X1=1 Z1=64] SARows_1[S1=3 C1=32 Z1=1] SACols_0[X0=1 Z0=64] SARows_0[S0=3 C0=3 Z0=1] InRegister[P=1 Q=1 Z12=1 C12=1 R12=1 S12=1 Y11=1 X11=1 Z11=1 C11=1 R11=1 S11=1 Y10=1 X10=1 Z10=1 C10=1 R10=1 S10=1 Y9=1 X9=1 Z9=1 C9=1 R9=1 S9=1 Y8=1 X8=1 Z8=1 C8=1 R8=1 S8=1 Y7=1 X7=1 Z7=1 C7=1 R7=1 S7=1 Y6=1 X6=1 Z6=1 C6=1 R6=1 S6=1 Y5=1 X5=1 Z5=1 C5=1 R5=1 S5=1 Y4=1 X4=1 Z4=1 C4=1 R4=1 S4=1 Y3=1 X3=1 Z3=1 C3=1 R3=1 S3=1 Y2=1 X2=1 Z2=1 C2=1 R2=1 S2=1 Y1=1 X1=1 Z1=1 C1=1 R1=1 S1=1 Y0=1 X0=1 Z0=1 C0=1 R0=1 S0=1] WRegister[P=1 Q=1 Z12=1 C12=16 R12=3 S12=1 Y11=1 X11=1 Z11=1 C11=16 R11=3 S11=1 Y10=1 X10=1 Z10=1 C10=16 R10=3 S10=1 Y9=1 X9=1 Z9=1 C9=16 R9=3 S9=1 Y8=1 X8=1 Z8=1 C8=16 R8=3 S8=1 Y7=1 X7=1 Z7=1 C7=8 R7=3 S7=1 Y6=1 X6=1 Z6=1 C6=8 R6=3 S6=1 Y5=1 X5=1 Z5=1 C5=8 R5=3 S5=1 Y4=1 X4=1 Z4=1 C4=4 R4=3 S4=1 Y3=1 X3=1 Z3=1 C3=4 R3=3 S3=1 Y2=1 X2=1 Z2=1 C2=2 R2=3 S2=1 Y1=1 X1=1 Z1=1 C1=2 R1=3 S1=1 Y0=1 X0=1 Z0=1 C0=1 R0=3 S0=1] IntermediateRegister[P=1 Q=1 Z12=1 C12=1 R12=1 S12=1 Y11=1 X11=1 Z11=4 C11=1 R11=1 S11=1 Y10=1 X10=1 Z10=4 C10=1 R10=1 S10=1 Y9=1 X9=1 Z9=4 C9=1 R9=1 S9=1 Y8=1 X8=1 Z8=4 C8=1 R8=1 S8=1 Y7=1 X7=1 Z7=4 C7=1 R7=1 S7=1 Y6=1 X6=1 Z6=2 C6=1 R6=1 S6=1 Y5=1 X5=1 Z5=2 C5=1 R5=1 S5=1 Y4=1 X4=1 Z4=2 C4=1 R4=1 S4=1 Y3=1 X3=1 Z3=1 C3=1 R3=1 S3=1 Y2=1 X2=1 Z2=1 C2=1 R2=1 S2=1 Y1=1 X1=1 Z1=1 C1=1 R1=1 S1=1 Y0=1 X0=1 Z0=1 C0=1 R0=1 S0=1] OutRegister[P=1 Q=1 Z12=4 C12=1 R12=1 S12=1 Y11=1 X11=1 Z11=1 C11=1 R11=1 S11=1 Y10=1 X10=1 Z10=1 C10=1 R10=1 S10=1 Y9=1 X9=1 Z9=1 C9=1 R9=1 S9=1 Y8=1 X8=1 Z8=1 C8=1 R8=1 S8=1 Y7=1 X7=1 Z7=1 C7=1 R7=1 S7=1 Y6=1 X6=1 Z6=1 C6=1 R6=1 S6=1 Y5=1 X5=1 Z5=1 C5=1 R5=1 S5=1 Y4=1 X4=1 Z4=1 C4=1 R4=1 S4=1 Y3=1 X3=1 Z3=1 C3=1 R3=1 S3=1 Y2=1 X2=1 Z2=1 C2=1 R2=1 S2=1 Y1=1 X1=1 Z1=1 C1=1 R1=1 S1=1 Y0=1 X0=1 Z0=1 C0=1 R0=1 S0=1] Compute] 
vgg16_13layer_2026-02-26T11:42:10.196255,vgg16,13layer,full,13,eyeriss,thesis_arch,1056,524,128,256,4,1,False,False,"Ill-posed constraints:
CONSTRAINTS VIOLATION: Arch: Eyeriss_Constrained_13L_tile1_4x256 -> Level: WRegister: memory footprint: 19155 VS memory available: 2400
CONSTRAINTS VIOLATION: Arch: Eyeriss_Constrained_13L_tile1_4x256 -> Level: IntermediateRegister: memory footprint: 913 VS memory available: 350
CONSTRAINTS VIOLATION: Arch: Eyeriss_Constrained_13L_tile1_4x256 -> Level: OutRegister: memory footprint: 128 VS memory available: 64",0.000e+00,0.000e+00,0.00e+00,0,0.0,0.0,
vgg16_13layer_2026-02-26T11:42:10.612724,vgg16,13layer,full,13,eyeriss,thesis_arch,1056,524,128,256,16,1,False,False,"Ill-posed constraints:
CONSTRAINTS VIOLATION: Arch: Eyeriss_Constrained_13L_tile1_16x256 -> Level: WRegister: memory footprint: 4791 VS memory available: 2400",0.000e+00,0.000e+00,0.00e+00,0,0.0,0.0,
vgg16_13layer_2026-02-26T11:42:10.966839,vgg16,13layer,full,13,eyeriss,thesis_arch,1056,524,128,256,32,1,False,True,,2.454e+05,5.681e+06,1.40e+06,"(35835557568, 17383525376)",0.0022272435016930103,0.9871351718902588,DRAM[P=14 Q=14 Z12=1 C12=1 R12=1 S12=1 Y11=14 X11=14 Z11=1 C11=1 R11=1 S11=1 Y10=14 X10=14 Z10=1 C10=1 R10=1 S10=1 Y9=28 X9=28 Z9=1 C9=1 R9=1 S9=1 Y8=28 X8=28 Z8=1 C8=1 R8=1 S8=1 Y7=28 X7=28 Z7=1 C7=1 R7=1 S7=1 Y6=56 X6=56 Z6=1 C6=1 R6=1 S6=1 Y5=56 X5=56 Z5=1 C5=1 R5=1 S5=1 Y4=56 X4=56 Z4=1 C4=1 R4=1 S4=1 Y3=112 X3=112 Z3=1 C3=1 R3=1 S3=1 Y2=112 X2=112 Z2=1 C2=1 R2=1 S2=1 Y1=224 X1=224 Z1=1 C1=1 R1=1 S1=1 Y0=224 X0=224 Z0=1 C0=1 R0=1 S0=1] GlobalBuffer[P=1 Q=1 Z12=1 C12=1 R12=1 S12=1 Y11=1 X11=1 Z11=1 C11=1 R11=1 S11=1 Y10=1 X10=1 Z10=1 C10=1 R10=1 S10=1 Y9=1 X9=1 Z9=1 C9=1 R9=1 S9=1 Y8=1 X8=1 Z8=1 C8=1 R8=1 S8=1 Y7=1 X7=1 Z7=1 C7=1 R7=1 S7=1 Y6=1 X6=1 Z6=1 C6=1 R6=1 S6=1 Y5=1 X5=1 Z5=1 C5=1 R5=1 S5=1 Y4=1 X4=1 Z4=1 C4=1 R4=1 S4=1 Y3=1 X3=1 Z3=1 C3=1 R3=1 S3=1 Y2=1 X2=1 Z2=1 C2=1 R2=1 S2=1 Y1=1 X1=1 Z1=1 C1=1 R1=1 S1=1 Y0=1 X0=1 Z0=1 C0=1 R0=1 S0=1] SACols[Q=1 Z12=32] SARows[S12=3 C12=64 Z12=1] SACols_11[X11=1 Z11=32] SARows_11[S11=3 C11=64 Z11=1] SACols_10[X10=1 Z10=32] SARows_10[S10=3 C10=64 Z10=1] SACols_9[X9=1 Z9=32] SARows_9[S9=3 C9=64 Z9=1] SACols_8[X8=1 Z8=32] SARows_8[S8=3 C8=64 Z8=1] SACols_7[X7=1 Z7=32] SARows_7[S7=3 C7=64 Z7=1] SACols_6[X6=1 Z6=32] SARows_6[S6=3 C6=64 Z6=1] SACols_5[X5=1 Z5=32] SARows_5[S5=3 C5=64 Z5=1] SACols_4[X4=1 Z4=32] SARows_4[S4=3 C4=64 Z4=1] SACols_3[X3=1 Z3=32] SARows_3[S3=3 C3=64 Z3=1] SACols_2[X2=1 Z2=32] SARows_2[S2=3 C2=64 Z2=1] SACols_1[X1=1 Z1=32] SARows_1[S1=3 C1=64 Z1=1] SACols_0[X0=1 Z0=32] SARows_0[S0=3 C0=3 Z0=2] InRegister[P=1 Q=1 Z12=1 C12=1 R12=1 S12=1 Y11=1 X11=1 Z11=1 C11=1 R11=1 S11=1 Y10=1 X10=1 Z10=1 C10=1 R10=1 S10=1 Y9=1 X9=1 Z9=1 C9=1 R9=1 S9=1 Y8=1 X8=1 Z8=1 C8=1 R8=1 S8=1 Y7=1 X7=1 Z7=1 C7=1 R7=1 S7=1 Y6=1 X6=1 Z6=1 C6=1 R6=1 S6=1 Y5=1 X5=1 Z5=1 C5=1 R5=1 S5=1 Y4=1 X4=1 Z4=1 C4=1 R4=1 S4=1 Y3=1 X3=1 Z3=1 C3=1 R3=1 S3=1 Y2=1 X2=1 Z2=1 C2=1 R2=1 S2=1 Y1=1 X1=1 Z1=1 C1=1 R1=1 S1=1 Y0=1 X0=1 Z0=1 C0=1 R0=1 S0=1] WRegister[P=1 Q=1 Z12=1 C12=8 R12=3 S12=1 Y11=1 X11=1 Z11=1 C11=8 R11=3 S11=1 Y10=1 X10=1 Z10=1 C10=8 R10=3 S10=1 Y9=1 X9=1 Z9=1 C9=8 R9=3 S9=1 Y8=1 X8=1 Z8=1 C8=8 R8=3 S8=1 Y7=1 X7=1 Z7=1 C7=4 R7=3 S7=1 Y6=1 X6=1 Z6=1 C6=4 R6=3 S6=1 Y5=1 X5=1 Z5=1 C5=4 R5=3 S5=1 Y4=1 X4=1 Z4=1 C4=2 R4=3 S4=1 Y3=1 X3=1 Z3=1 C3=2 R3=3 S3=1 Y2=1 X2=1 Z2=1 C2=1 R2=3 S2=1 Y1=1 X1=1 Z1=1 C1=1 R1=3 S1=1 Y0=1 X0=1 Z0=1 C0=1 R0=3 S0=1] IntermediateRegister[P=1 Q=1 Z12=1 C12=1 R12=1 S12=1 Y11=1 X11=1 Z11=16 C11=1 R11=1 S11=1 Y10=1 X10=1 Z10=16 C10=1 R10=1 S10=1 Y9=1 X9=1 Z9=16 C9=1 R9=1 S9=1 Y8=1 X8=1 Z8=16 C8=1 R8=1 S8=1 Y7=1 X7=1 Z7=16 C7=1 R7=1 S7=1 Y6=1 X6=1 Z6=8 C6=1 R6=1 S6=1 Y5=1 X5=1 Z5=8 C5=1 R5=1 S5=1 Y4=1 X4=1 Z4=8 C4=1 R4=1 S4=1 Y3=1 X3=1 Z3=4 C3=1 R3=1 S3=1 Y2=1 X2=1 Z2=4 C2=1 R2=1 S2=1 Y1=1 X1=1 Z1=2 C1=1 R1=1 S1=1 Y0=1 X0=1 Z0=1 C0=1 R0=1 S0=1] OutRegister[P=1 Q=1 Z12=16 C12=1 R12=1 S12=1 Y11=1 X11=1 Z11=1 C11=1 R11=1 S11=1 Y10=1 X10=1 Z10=1 C10=1 R10=1 S10=1 Y9=1 X9=1 Z9=1 C9=1 R9=1 S9=1 Y8=1 X8=1 Z8=1 C8=1 R8=1 S8=1 Y7=1 X7=1 Z7=1 C7=1 R7=1 S7=1 Y6=1 X6=1 Z6=1 C6=1 R6=1 S6=1 Y5=1 X5=1 Z5=1 C5=1 R5=1 S5=1 Y4=1 X4=1 Z4=1 C4=1 R4=1 S4=1 Y3=1 X3=1 Z3=1 C3=1 R3=1 S3=1 Y2=1 X2=1 Z2=1 C2=1 R2=1 S2=1 Y1=1 X1=1 Z1=1 C1=1 R1=1 S1=1 Y0=1 X0=1 Z0=1 C0=1 R0=1 S0=1] Compute] 
vgg16_13layer_2026-02-26T11:42:12.799733,vgg16,13layer,full,13,eyeriss,thesis_arch,1056,524,128,256,64,1,False,True,,2.504e+05,5.455e+06,1.39e+06,"(38378878656, 17383525376)",0.0011136217508465052,0.880763053894043,DRAM[P=14 Q=14 Z12=1 C12=1 R12=1 S12=1 Y11=14 X11=14 Z11=1 C11=1 R11=1 S11=1 Y10=14 X10=14 Z10=1 C10=1 R10=1 S10=1 Y9=28 X9=28 Z9=1 C9=1 R9=1 S9=1 Y8=28 X8=28 Z8=1 C8=1 R8=1 S8=1 Y7=28 X7=28 Z7=1 C7=1 R7=1 S7=1 Y6=56 X6=56 Z6=1 C6=1 R6=1 S6=1 Y5=56 X5=56 Z5=1 C5=1 R5=1 S5=1 Y4=56 X4=56 Z4=1 C4=1 R4=1 S4=1 Y3=112 X3=112 Z3=1 C3=1 R3=1 S3=1 Y2=112 X2=112 Z2=1 C2=1 R2=1 S2=1 Y1=224 X1=224 Z1=1 C1=1 R1=1 S1=1 Y0=224 X0=224 Z0=1 C0=1 R0=1 S0=1] GlobalBuffer[P=1 Q=1 Z12=1 C12=1 R12=1 S12=1 Y11=1 X11=1 Z11=1 C11=1 R11=1 S11=1 Y10=1 X10=1 Z10=1 C10=1 R10=1 S10=1 Y9=1 X9=1 Z9=1 C9=1 R9=1 S9=1 Y8=1 X8=1 Z8=1 C8=1 R8=1 S8=1 Y7=1 X7=1 Z7=1 C7=1 R7=1 S7=1 Y6=1 X6=1 Z6=1 C6=1 R6=1 S6=1 Y5=1 X5=1 Z5=1 C5=1 R5=1 S5=1 Y4=1 X4=1 Z4=1 C4=1 R4=1 S4=1 Y3=1 X3=1 Z3=1 C3=1 R3=1 S3=1 Y2=1 X2=1 Z2=1 C2=1 R2=1 S2=1 Y1=1 X1=1 Z1=1 C1=1 R1=1 S1=1 Y0=1 X0=1 Z0=1 C0=1 R0=1 S0=1] SACols[Q=1 Z12=64] SARows[S12=3 C12=64 Z12=1] SACols_11[X11=1 Z11=64] SARows_11[S11=3 C11=64 Z11=1] SACols_10[X10=1 Z10=64] SARows_10[S10=3 C10=64 Z10=1] SACols_9[X9=1 Z9=64] SARows_9[S9=3 C9=64 Z9=1] SACols_8[X8=1 Z8=64] SARows_8[S8=3 C8=64 Z8=1] SACols_7[X7=1 Z7=64] SARows_7[S7=3 C7=64 Z7=1] SACols_6[X6=1 Z6=64] SARows_6[S6=3 C6=64 Z6=1] SACols_5[X5=1 Z5=64] SARows_5[S5=3 C5=64 Z5=1] SACols_4[X4=1 Z4=64] SARows_4[S4=3 C4=64 Z4=1] SACols_3[X3=1 Z3=64] SARows_3[S3=3 C3=64 Z3=1] SACols_2[X2=1 Z2=64] SARows_2[S2=3 C2=64 Z2=1] SACols_1[X1=1 Z1=64] SARows_1[S1=3 C1=64 Z1=1] SACols_0[X0=1 Z0=64] SARows_0[S0=3 C0=3 Z0=1] InRegister[P=1 Q=1 Z12=1 C12=1 R12=1 S12=1 Y11=1 X11=1 Z11=1 C11=1 R11=1 S11=1 Y10=1 X10=1 Z10=1 C10=1 R10=1 S10=1 Y9=1 X9=1 Z9=1 C9=1 R9=1 S9=1 Y8=1 X8=1 Z8=1 C8=1 R8=1 S8=1 Y7=1 X7=1 Z7=1 C7=1 R7=1 S7=1 Y6=1 X6=1 Z6=1 C6=1 R6=1 S6=1 Y5=1 X5=1 Z5=1 C5=1 R5=1 S5=1 Y4=1 X4=1 Z4=1 C4=1 R4=1 S4=1 Y3=1 X3=1 Z3=1 C3=1 R3=1 S3=1 Y2=1 X2=1 Z2=1 C2=1 R2=1 S2=1 Y1=1 X1=1 Z1=1 C1=1 R1=1 S1=1 Y0=1 X0=1 Z0=1 C0=1 R0=1 S0=1] WRegister[P=1 Q=1 Z12=1 C12=8 R12=3 S12=1 Y11=1 X11=1 Z11=1 C11=8 R11=3 S11=1 Y10=1 X10=1 Z10=1 C10=8 R10=3 S10=1 Y9=1 X9=1 Z9=1 C9=8 R9=3 S9=1 Y8=1 X8=1 Z8=1 C8=8 R8=3 S8=1 Y7=1 X7=1 Z7=1 C7=4 R7=3 S7=1 Y6=1 X6=1 Z6=1 C6=4 R6=3 S6=1 Y5=1 X5=1 Z5=1 C5=4 R5=3 S5=1 Y4=1 X4=1 Z4=1 C4=2 R4=3 S4=1 Y3=1 X3=1 Z3=1 C3=2 R3=3 S3=1 Y2=1 X2=1 Z2=1 C2=1 R2=3 S2=1 Y1=1 X1=1 Z1=1 C1=1 R1=3 S1=1 Y0=1 X0=1 Z0=1 C0=1 R0=3 S0=1] IntermediateRegister[P=1 Q=1 Z12=1 C12=1 R12=1 S12=1 Y11=1 X11=1 Z11=8 C11=1 R11=1 S11=1 Y10=1 X10=1 Z10=8 C10=1 R10=1 S10=1 Y9=1 X9=1 Z9=8 C9=1 R9=1 S9=1 Y8=1 X8=1 Z8=8 C8=1 R8=1 S8=1 Y7=1 X7=1 Z7=8 C7=1 R7=1 S7=1 Y6=1 X6=1 Z6=4 C6=1 R6=1 S6=1 Y5=1 X5=1 Z5=4 C5=1 R5=1 S5=1 Y4=1 X4=1 Z4=4 C4=1 R4=1 S4=1 Y3=1 X3=1 Z3=2 C3=1 R3=1 S3=1 Y2=1 X2=1 Z2=2 C2=1 R2=1 S2=1 Y1=1 X1=1 Z1=1 C1=1 R1=1 S1=1 Y0=1 X0=1 Z0=1 C0=1 R0=1 S0=1] OutRegister[P=1 Q=1 Z12=8 C12=1 R12=1 S12=1 Y11=1 X11=1 Z11=1 C11=1 R11=1 S11=1 Y10=1 X10=1 Z10=1 C10=1 R10=1 S10=1 Y9=1 X9=1 Z9=1 C9=1 R9=1 S9=1 Y8=1 X8=1 Z8=1 C8=1 R8=1 S8=1 Y7=1 X7=1 Z7=1 C7=1 R7=1 S7=1 Y6=1 X6=1 Z6=1 C6=1 R6=1 S6=1 Y5=1 X5=1 Z5=1 C5=1 R5=1 S5=1 Y4=1 X4=1 Z4=1 C4=1 R4=1 S4=1 Y3=1 X3=1 Z3=1 C3=1 R3=1 S3=1 Y2=1 X2=1 Z2=1 C2=1 R2=1 S2=1 Y1=1 X1=1 Z1=1 C1=1 R1=1 S1=1 Y0=1 X0=1 Z0=1 C0=1 R0=1 S0=1] Compute] 
vgg16_13layer_2026-02-26T11:42:14.512146,vgg16,13layer,full,13,eyeriss,thesis_arch,1056,524,128,512,4,1,False,False,"Ill-posed constraints:
CONSTRAINTS VIOLATION: Arch: Eyeriss_Constrained_13L_tile1_4x512 -> Level: WRegister: memory footprint: 9579 VS memory available: 2400
CONSTRAINTS VIOLATION: Arch: Eyeriss_Constrained_13L_tile1_4x512 -> Level: IntermediateRegister: memory footprint: 889 VS memory available: 350
CONSTRAINTS VIOLATION: Arch: Eyeriss_Constrained_13L_tile1_4x512 -> Level: OutRegister: memory footprint: 128 VS memory available: 64",0.000e+00,0.000e+00,0.00e+00,0,0.0,0.0,
vgg16_13layer_2026-02-26T11:42:15.107516,vgg16,13layer,full,13,eyeriss,thesis_arch,1056,524,128,512,16,1,False,True,,2.476e+05,5.681e+06,1.41e+06,"(36182374080, 18423974912)",0.0022272435016930103,0.8012704849243164,DRAM[P=14 Q=14 Z12=1 C12=1 R12=1 S12=1 Y11=14 X11=14 Z11=1 C11=1 R11=1 S11=1 Y10=14 X10=14 Z10=1 C10=1 R10=1 S10=1 Y9=28 X9=28 Z9=1 C9=1 R9=1 S9=1 Y8=28 X8=28 Z8=1 C8=1 R8=1 S8=1 Y7=28 X7=28 Z7=1 C7=1 R7=1 S7=1 Y6=56 X6=56 Z6=1 C6=1 R6=1 S6=1 Y5=56 X5=56 Z5=1 C5=1 R5=1 S5=1 Y4=56 X4=56 Z4=1 C4=1 R4=1 S4=1 Y3=112 X3=112 Z3=1 C3=1 R3=1 S3=1 Y2=112 X2=112 Z2=1 C2=1 R2=1 S2=1 Y1=224 X1=224 Z1=1 C1=1 R1=1 S1=1 Y0=224 X0=224 Z0=1 C0=1 R0=1 S0=1] GlobalBuffer[P=1 Q=1 Z12=1 C12=1 R12=1 S12=1 Y11=1 X11=1 Z11=1 C11=1 R11=1 S11=1 Y10=1 X10=1 Z10=1 C10=1 R10=1 S10=1 Y9=1 X9=1 Z9=1 C9=1 R9=1 S9=1 Y8=1 X8=1 Z8=1 C8=1 R8=1 S8=1 Y7=1 X7=1 Z7=1 C7=1 R7=1 S7=1 Y6=1 X6=1 Z6=1 C6=1 R6=1 S6=1 Y5=1 X5=1 Z5=1 C5=1 R5=1 S5=1 Y4=1 X4=1 Z4=1 C4=1 R4=1 S4=1 Y3=1 X3=1 Z3=1 C3=1 R3=1 S3=1 Y2=1 X2=1 Z2=1 C2=1 R2=1 S2=1 Y1=1 X1=1 Z1=1 C1=1 R1=1 S1=1 Y0=1 X0=1 Z0=1 C0=1 R0=1 S0=1] SACols[Q=1 Z12=16] SARows[S12=3 C12=128 Z12=1] SACols_11[X11=1 Z11=16] SARows_11[S11=3 C11=128 Z11=1] SACols_10[X10=1 Z10=16] SARows_10[S10=3 C10=128 Z10=1] SACols_9[X9=1 Z9=16] SARows_9[S9=3 C9=128 Z9=1] SACols_8[X8=1 Z8=16] SARows_8[S8=3 C8=128 Z8=1] SACols_7[X7=1 Z7=16] SARows_7[S7=3 C7=128 Z7=1] SACols_6[X6=1 Z6=16] SARows_6[S6=3 C6=128 Z6=1] SACols_5[X5=1 Z5=16] SARows_5[S5=3 C5=128 Z5=1] SACols_4[X4=1 Z4=16] SARows_4[S4=3 C4=128 Z4=1] SACols_3[X3=1 Z3=16] SARows_3[S3=3 C3=128 Z3=1] SACols_2[X2=1 Z2=16] SARows_2[S2=3 C2=64 Z2=2] SACols_1[X1=1 Z1=16] SARows_1[S1=3 C1=64 Z1=2] SACols_0[X0=1 Z0=16] SARows_0[S0=3 C0=3 Z0=4] InRegister[P=1 Q=1 Z12=1 C12=1 R12=1 S12=1 Y11=1 X11=1 Z11=1 C11=1 R11=1 S11=1 Y10=1 X10=1 Z10=1 C10=1 R10=1 S10=1 Y9=1 X9=1 Z9=1 C9=1 R9=1 S9=1 Y8=1 X8=1 Z8=1 C8=1 R8=1 S8=1 Y7=1 X7=1 Z7=1 C7=1 R7=1 S7=1 Y6=1 X6=1 Z6=1 C6=1 R6=1 S6=1 Y5=1 X5=1 Z5=1 C5=1 R5=1 S5=1 Y4=1 X4=1 Z4=1 C4=1 R4=1 S4=1 Y3=1 X3=1 Z3=1 C3=1 R3=1 S3=1 Y2=1 X2=1 Z2=1 C2=1 R2=1 S2=1 Y1=1 X1=1 Z1=1 C1=1 R1=1 S1=1 Y0=1 X0=1 Z0=1 C0=1 R0=1 S0=1] WRegister[P=1 Q=1 Z12=1 C12=4 R12=3 S12=1 Y11=1 X11=1 Z11=1 C11=4 R11=3 S11=1 Y10=1 X10=1 Z10=1 C10=4 R10=3 S10=1 Y9=1 X9=1 Z9=1 C9=4 R9=3 S9=1 Y8=1 X8=1 Z8=1 C8=4 R8=3 S8=1 Y7=1 X7=1 Z7=1 C7=2 R7=3 S7=1 Y6=1 X6=1 Z6=1 C6=2 R6=3 S6=1 Y5=1 X5=1 Z5=1 C5=2 R5=3 S5=1 Y4=1 X4=1 Z4=1 C4=1 R4=3 S4=1 Y3=1 X3=1 Z3=1 C3=1 R3=3 S3=1 Y2=1 X2=1 Z2=1 C2=1 R2=3 S2=1 Y1=1 X1=1 Z1=1 C1=1 R1=3 S1=1 Y0=1 X0=1 Z0=1 C0=1 R0=3 S0=1] IntermediateRegister[P=1 Q=1 Z12=1 C12=1 R12=1 S12=1 Y11=1 X11=1 Z11=32 C11=1 R11=1 S11=1 Y10=1 X10=1 Z10=32 C10=1 R10=1 S10=1 Y9=1 X9=1 Z9=32 C9=1 R9=1 S9=1 Y8=1 X8=1 Z8=32 C8=1 R8=1 S8=1 Y7=1 X7=1 Z7=32 C7=1 R7=1 S7=1 Y6=1 X6=1 Z6=16 C6=1 R6=1 S6=1 Y5=1 X5=1 Z5=16 C5=1 R5=1 S5=1 Y4=1 X4=1 Z4=16 C4=1 R4=1 S4=1 Y3=1 X3=1 Z3=8 C3=1 R3=1 S3=1 Y2=1 X2=1 Z2=4 C2=1 R2=1 S2=1 Y1=1 X1=1 Z1=2 C1=1 R1=1 S1=1 Y0=1 X0=1 Z0=1 C0=1 R0=1 S0=1] OutRegister[P=1 Q=1 Z12=32 C12=1 R12=1 S12=1 Y11=1 X11=1 Z11=1 C11=1 R11=1 S11=1 Y10=1 X10=1 Z10=1 C10=1 R10=1 S10=1 Y9=1 X9=1 Z9=1 C9=1 R9=1 S9=1 Y8=1 X8=1 Z8=1 C8=1 R8=1 S8=1 Y7=1 X7=1 Z7=1 C7=1 R7=1 S7=1 Y6=1 X6=1 Z6=1 C6=1 R6=1 S6=1 Y5=1 X5=1 Z5=1 C5=1 R5=1 S5=1 Y4=1 X4=1 Z4=1 C4=1 R4=1 S4=1 Y3=1 X3=1 Z3=1 C3=1 R3=1 S3=1 Y2=1 X2=1 Z2=1 C2=1 R2=1 S2=1 Y1=1 X1=1 Z1=1 C1=1 R1=1 S1=1 Y0=1 X0=1 Z0=1 C0=1 R0=1 S0=1] Compute] 
vgg16_13layer_2026-02-26T11:42:16.633245,vgg16,13layer,full,13,eyeriss,thesis_arch,1056,524,128,512,32,1,False,True,,2.513e+05,5.455e+06,1.38e+06,"(38032062144, 18423974912)",0.0011136217508465052,0.9344766139984131,DRAM[P=14 Q=14 Z12=1 C12=1 R12=1 S12=1 Y11=14 X11=14 Z11=1 C11=1 R11=1 S11=1 Y10=14 X10=14 Z10=1 C10=1 R10=1 S10=1 Y9=28 X9=28 Z9=1 C9=1 R9=1 S9=1 Y8=28 X8=28 Z8=1 C8=1 R8=1 S8=1 Y7=28 X7=28 Z7=1 C7=1 R7=1 S7=1 Y6=56 X6=56 Z6=1 C6=1 R6=1 S6=1 Y5=56 X5=56 Z5=1 C5=1 R5=1 S5=1 Y4=56 X4=56 Z4=1 C4=1 R4=1 S4=1 Y3=112 X3=112 Z3=1 C3=1 R3=1 S3=1 Y2=112 X2=112 Z2=1 C2=1 R2=1 S2=1 Y1=224 X1=224 Z1=1 C1=1 R1=1 S1=1 Y0=224 X0=224 Z0=1 C0=1 R0=1 S0=1] GlobalBuffer[P=1 Q=1 Z12=1 C12=1 R12=1 S12=1 Y11=1 X11=1 Z11=1 C11=1 R11=1 S11=1 Y10=1 X10=1 Z10=1 C10=1 R10=1 S10=1 Y9=1 X9=1 Z9=1 C9=1 R9=1 S9=1 Y8=1 X8=1 Z8=1 C8=1 R8=1 S8=1 Y7=1 X7=1 Z7=1 C7=1 R7=1 S7=1 Y6=1 X6=1 Z6=1 C6=1 R6=1 S6=1 Y5=1 X5=1 Z5=1 C5=1 R5=1 S5=1 Y4=1 X4=1 Z4=1 C4=1 R4=1 S4=1 Y3=1 X3=1 Z3=1 C3=1 R3=1 S3=1 Y2=1 X2=1 Z2=1 C2=1 R2=1 S2=1 Y1=1 X1=1 Z1=1 C1=1 R1=1 S1=1 Y0=1 X0=1 Z0=1 C0=1 R0=1 S0=1] SACols[Q=1 Z12=32] SARows[S12=3 C12=128 Z12=1] SACols_11[X11=1 Z11=32] SARows_11[S11=3 C11=128 Z11=1] SACols_10[X10=1 Z10=32] SARows_10[S10=3 C10=128 Z10=1] SACols_9[X9=1 Z9=32] SARows_9[S9=3 C9=128 Z9=1] SACols_8[X8=1 Z8=32] SARows_8[S8=3 C8=128 Z8=1] SACols_7[X7=1 Z7=32] SARows_7[S7=3 C7=128 Z7=1] SACols_6[X6=1 Z6=32] SARows_6[S6=3 C6=128 Z6=1] SACols_5[X5=1 Z5=32] SARows_5[S5=3 C5=128 Z5=1] SACols_4[X4=1 Z4=32] SARows_4[S4=3 C4=128 Z4=1] SACols_3[X3=1 Z3=32] SARows_3[S3=3 C3=128 Z3=1] SACols_2[X2=1 Z2=32] SARows_2[S2=3 C2=64 Z2=2] SACols_1[X1=1 Z1=32] SARows_1[S1=3 C1=64 Z1=2] SACols_0[X0=1 Z0=32] SARows_0[S0=3 C0=3 Z0=2] InRegister[P=1 Q=1 Z12=1 C12=1 R12=1 S12=1 Y11=1 X11=1 Z11=1 C11=1 R11=1 S11=1 Y10=1 X10=1 Z10=1 C10=1 R10=1 S10=1 Y9=1 X9=1 Z9=1 C9=1 R9=1 S9=1 Y8=1 X8=1 Z8=1 C8=1 R8=1 S8=1 Y7=1 X7=1 Z7=1 C7=1 R7=1 S7=1 Y6=1 X6=1 Z6=1 C6=1 R6=1 S6=1 Y5=1 X5=1 Z5=1 C5=1 R5=1 S5=1 Y4=1 X4=1 Z4=1 C4=1 R4=1 S4=1 Y3=1 X3=1 Z3=1 C3=1 R3=1 S3=1 Y2=1 X2=1 Z2=1 C2=1 R2=1 S2=1 Y1=1 X1=1 Z1=1 C1=1 R1=1 S1=1 Y0=1 X0=1 Z0=1 C0=1 R0=1 S0=1] WRegister[P=1 Q=1 Z12=1 C12=4 R12=3 S12=1 Y11=1 X11=1 Z11=1 C11=4 R11=3 S11=1 Y10=1 X10=1 Z10=1 C10=4 R10=3 S10=1 Y9=1 X9=1 Z9=1 C9=4 R9=3 S9=1 Y8=1 X8=1 Z8=1 C8=4 R8=3 S8=1 Y7=1 X7=1 Z7=1 C7=2 R7=3 S7=1 Y6=1 X6=1 Z6=1 C6=2 R6=3 S6=1 Y5=1 X5=1 Z5=1 C5=2 R5=3 S5=1 Y4=1 X4=1 Z4=1 C4=1 R4=3 S4=1 Y3=1 X3=1 Z3=1 C3=1 R3=3 S3=1 Y2=1 X2=1 Z2=1 C2=1 R2=3 S2=1 Y1=1 X1=1 Z1=1 C1=1 R1=3 S1=1 Y0=1 X0=1 Z0=1 C0=1 R0=3 S0=1] IntermediateRegister[P=1 Q=1 Z12=1 C12=1 R12=1 S12=1 Y11=1 X11=1 Z11=16 C11=1 R11=1 S11=1 Y10=1 X10=1 Z10=16 C10=1 R10=1 S10=1 Y9=1 X9=1 Z9=16 C9=1 R9=1 S9=1 Y8=1 X8=1 Z8=16 C8=1 R8=1 S8=1 Y7=1 X7=1 Z7=16 C7=1 R7=1 S7=1 Y6=1 X6=1 Z6=8 C6=1 R6=1 S6=1 Y5=1 X5=1 Z5=8 C5=1 R5=1 S5=1 Y4=1 X4=1 Z4=8 C4=1 R4=1 S4=1 Y3=1 X3=1 Z3=4 C3=1 R3=1 S3=1 Y2=1 X2=1 Z2=2 C2=1 R2=1 S2=1 Y1=1 X1=1 Z1=1 C1=1 R1=1 S1=1 Y0=1 X0=1 Z0=1 C0=1 R0=1 S0=1] OutRegister[P=1 Q=1 Z12=16 C12=1 R12=1 S12=1 Y11=1 X11=1 Z11=1 C11=1 R11=1 S11=1 Y10=1 X10=1 Z10=1 C10=1 R10=1 S10=1 Y9=1 X9=1 Z9=1 C9=1 R9=1 S9=1 Y8=1 X8=1 Z8=1 C8=1 R8=1 S8=1 Y7=1 X7=1 Z7=1 C7=1 R7=1 S7=1 Y6=1 X6=1 Z6=1 C6=1 R6=1 S6=1 Y5=1 X5=1 Z5=1 C5=1 R5=1 S5=1 Y4=1 X4=1 Z4=1 C4=1 R4=1 S4=1 Y3=1 X3=1 Z3=1 C3=1 R3=1 S3=1 Y2=1 X2=1 Z2=1 C2=1 R2=1 S2=1 Y1=1 X1=1 Z1=1 C1=1 R1=1 S1=1 Y0=1 X0=1 Z0=1 C0=1 R0=1 S0=1] Compute] 
vgg16_13layer_2026-02-26T11:42:18.508768,vgg16,13layer,full,13,eyeriss,thesis_arch,1056,524,128,4,4,1,False,False,"Ill-posed constraints:
CONSTRAINTS VIOLATION: Arch: Eyeriss_Constrained_13L_tile1_4x4 -> Level: InRegister: memory footprint: 11152 VS memory available: 400
CONSTRAINTS VIOLATION: Arch: Eyeriss_Constrained_13L_tile1_4x4 -> Level: WRegister: memory footprint: 1225872 VS memory available: 4800
CONSTRAINTS VIOLATION: Arch: Eyeriss_Constrained_13L_tile1_4x4 -> Level: IntermediateRegister: memory footprint: 928 VS memory available: 350
CONSTRAINTS VIOLATION: Arch: Eyeriss_Constrained_13L_tile1_4x4 -> Level: OutRegister: memory footprint: 128 VS memory available: 64",0.000e+00,0.000e+00,0.00e+00,0,0.0,0.0,
vgg16_13layer_2026-02-26T11:42:18.913207,vgg16,13layer,full,13,eyeriss,thesis_arch,1056,524,128,4,16,1,False,False,"Ill-posed constraints:
CONSTRAINTS VIOLATION: Arch: Eyeriss_Constrained_13L_tile1_16x4 -> Level: InRegister: memory footprint: 11152 VS memory available: 400
CONSTRAINTS VIOLATION: Arch: Eyeriss_Constrained_13L_tile1_16x4 -> Level: WRegister: memory footprint: 306468 VS memory available: 4800",0.000e+00,0.000e+00,0.00e+00,0,0.0,0.0,
vgg16_13layer_2026-02-26T11:42:19.450685,vgg16,13layer,full,13,eyeriss,thesis_arch,1056,524,128,4,32,1,False,False,"Ill-posed constraints:
CONSTRAINTS VIOLATION: Arch: Eyeriss_Constrained_13L_tile1_32x4 -> Level: InRegister: memory footprint: 11152 VS memory available: 400
CONSTRAINTS VIOLATION: Arch: Eyeriss_Constrained_13L_tile1_32x4 -> Level: WRegister: memory footprint: 153234 VS memory available: 4800",0.000e+00,0.000e+00,0.00e+00,0,0.0,0.0,
vgg16_13layer_2026-02-26T11:42:19.966167,vgg16,13layer,full,13,eyeriss,thesis_arch,1056,524,128,4,64,1,False,False,"Ill-posed constraints:
CONSTRAINTS VIOLATION: Arch: Eyeriss_Constrained_13L_tile1_64x4 -> Level: InRegister: memory footprint: 11152 VS memory available: 400
CONSTRAINTS VIOLATION: Arch: Eyeriss_Constrained_13L_tile1_64x4 -> Level: WRegister: memory footprint: 76617 VS memory available: 4800",0.000e+00,0.000e+00,0.00e+00,0,0.0,0.0,
vgg16_13layer_2026-02-26T11:42:20.434548,vgg16,13layer,full,13,eyeriss,thesis_arch,1056,524,128,4,128,1,False,False,"Ill-posed constraints:
CONSTRAINTS VIOLATION: Arch: Eyeriss_Constrained_13L_tile1_128x4 -> Level: InRegister: memory footprint: 11152 VS memory available: 400
CONSTRAINTS VIOLATION: Arch: Eyeriss_Constrained_13L_tile1_128x4 -> Level: WRegister: memory footprint: 38409 VS memory available: 4800",0.000e+00,0.000e+00,0.00e+00,0,0.0,0.0,
vgg16_13layer_2026-02-26T11:42:21.033135,vgg16,13layer,full,13,eyeriss,thesis_arch,1056,524,128,4,256,1,False,False,"Ill-posed constraints:
CONSTRAINTS VIOLATION: Arch: Eyeriss_Constrained_13L_tile1_256x4 -> Level: InRegister: memory footprint: 11152 VS memory available: 400
CONSTRAINTS VIOLATION: Arch: Eyeriss_Constrained_13L_tile1_256x4 -> Level: WRegister: memory footprint: 19593 VS memory available: 4800",0.000e+00,0.000e+00,0.00e+00,0,0.0,0.0,
vgg16_13layer_2026-02-26T11:42:21.584594,vgg16,13layer,full,13,eyeriss,thesis_arch,1056,524,128,4,512,1,False,False,"Ill-posed constraints:
CONSTRAINTS VIOLATION: Arch: Eyeriss_Constrained_13L_tile1_512x4 -> Level: InRegister: memory footprint: 11152 VS memory available: 400
CONSTRAINTS VIOLATION: Arch: Eyeriss_Constrained_13L_tile1_512x4 -> Level: WRegister: memory footprint: 11145 VS memory available: 4800",0.000e+00,0.000e+00,0.00e+00,0,0.0,0.0,
vgg16_13layer_2026-02-26T11:42:21.953402,vgg16,13layer,full,13,eyeriss,thesis_arch,1056,524,128,16,4,1,False,False,"Ill-posed constraints:
CONSTRAINTS VIOLATION: Arch: Eyeriss_Constrained_13L_tile1_4x16 -> Level: InRegister: memory footprint: 2790 VS memory available: 400
CONSTRAINTS VIOLATION: Arch: Eyeriss_Constrained_13L_tile1_4x16 -> Level: WRegister: memory footprint: 306480 VS memory available: 4800
CONSTRAINTS VIOLATION: Arch: Eyeriss_Constrained_13L_tile1_4x16 -> Level: IntermediateRegister: memory footprint: 928 VS memory available: 350
CONSTRAINTS VIOLATION: Arch: Eyeriss_Constrained_13L_tile1_4x16 -> Level: OutRegister: memory footprint: 128 VS memory available: 64",0.000e+00,0.000e+00,0.00e+00,0,0.0,0.0,
vgg16_13layer_2026-02-26T11:42:22.433452,vgg16,13layer,full,13,eyeriss,thesis_arch,1056,524,128,16,16,1,False,False,"Ill-posed constraints:
CONSTRAINTS VIOLATION: Arch: Eyeriss_Constrained_13L_tile1_16x16 -> Level: InRegister: memory footprint: 2790 VS memory available: 400
CONSTRAINTS VIOLATION: Arch: Eyeriss_Constrained_13L_tile1_16x16 -> Level: WRegister: memory footprint: 76620 VS memory available: 4800",0.000e+00,0.000e+00,0.00e+00,0,0.0,0.0,
vgg16_13layer_2026-02-26T11:42:22.915175,vgg16,13layer,full,13,eyeriss,thesis_arch,1056,524,128,16,32,1,False,False,"Ill-posed constraints:
CONSTRAINTS VIOLATION: Arch: Eyeriss_Constrained_13L_tile1_32x16 -> Level: InRegister: memory footprint: 2790 VS memory available: 400
CONSTRAINTS VIOLATION: Arch: Eyeriss_Constrained_13L_tile1_32x16 -> Level: WRegister: memory footprint: 38310 VS memory available: 4800",0.000e+00,0.000e+00,0.00e+00,0,0.0,0.0,
vgg16_13layer_2026-02-26T11:42:23.452992,vgg16,13layer,full,13,eyeriss,thesis_arch,1056,524,128,16,64,1,False,False,"Ill-posed constraints:
CONSTRAINTS VIOLATION: Arch: Eyeriss_Constrained_13L_tile1_64x16 -> Level: InRegister: memory footprint: 2790 VS memory available: 400
CONSTRAINTS VIOLATION: Arch: Eyeriss_Constrained_13L_tile1_64x16 -> Level: WRegister: memory footprint: 19155 VS memory available: 4800",0.000e+00,0.000e+00,0.00e+00,0,0.0,0.0,
vgg16_13layer_2026-02-26T11:42:23.867719,vgg16,13layer,full,13,eyeriss,thesis_arch,1056,524,128,16,128,1,False,False,"Ill-posed constraints:
CONSTRAINTS VIOLATION: Arch: Eyeriss_Constrained_13L_tile1_128x16 -> Level: InRegister: memory footprint: 2790 VS memory available: 400
CONSTRAINTS VIOLATION: Arch: Eyeriss_Constrained_13L_tile1_128x16 -> Level: WRegister: memory footprint: 9603 VS memory available: 4800",0.000e+00,0.000e+00,0.00e+00,0,0.0,0.0,
vgg16_13layer_2026-02-26T11:42:24.209406,vgg16,13layer,full,13,eyeriss,thesis_arch,1056,524,128,16,256,1,False,False,"Ill-posed constraints:
CONSTRAINTS VIOLATION: Arch: Eyeriss_Constrained_13L_tile1_256x16 -> Level: InRegister: memory footprint: 2790 VS memory available: 400
CONSTRAINTS VIOLATION: Arch: Eyeriss_Constrained_13L_tile1_256x16 -> Level: WRegister: memory footprint: 4899 VS memory available: 4800",0.000e+00,0.000e+00,0.00e+00,0,0.0,0.0,
vgg16_13layer_2026-02-26T11:42:24.694185,vgg16,13layer,full,13,eyeriss,thesis_arch,1056,524,128,16,512,1,False,False,"Ill-posed constraints:
CONSTRAINTS VIOLATION: Arch: Eyeriss_Constrained_13L_tile1_512x16 -> Level: InRegister: memory footprint: 2790 VS memory available: 400",0.000e+00,0.000e+00,0.00e+00,0,0.0,0.0,
vgg16_13layer_2026-02-26T11:42:25.393640,vgg16,13layer,full,13,eyeriss,thesis_arch,1056,524,128,32,4,1,False,False,"Ill-posed constraints:
CONSTRAINTS VIOLATION: Arch: Eyeriss_Constrained_13L_tile1_4x32 -> Level: InRegister: memory footprint: 1398 VS memory available: 400
CONSTRAINTS VIOLATION: Arch: Eyeriss_Constrained_13L_tile1_4x32 -> Level: WRegister: memory footprint: 153240 VS memory available: 4800
CONSTRAINTS VIOLATION: Arch: Eyeriss_Constrained_13L_tile1_4x32 -> Level: IntermediateRegister: memory footprint: 920 VS memory available: 350
CONSTRAINTS VIOLATION: Arch: Eyeriss_Constrained_13L_tile1_4x32 -> Level: OutRegister: memory footprint: 128 VS memory available: 64",0.000e+00,0.000e+00,0.00e+00,0,0.0,0.0,
vgg16_13layer_2026-02-26T11:42:25.979778,vgg16,13layer,full,13,eyeriss,thesis_arch,1056,524,128,32,16,1,False,False,"Ill-posed constraints:
CONSTRAINTS VIOLATION: Arch: Eyeriss_Constrained_13L_tile1_16x32 -> Level: InRegister: memory footprint: 1398 VS memory available: 400
CONSTRAINTS VIOLATION: Arch: Eyeriss_Constrained_13L_tile1_16x32 -> Level: WRegister: memory footprint: 38310 VS memory available: 4800",0.000e+00,0.000e+00,0.00e+00,0,0.0,0.0,
vgg16_13layer_2026-02-26T11:42:26.436233,vgg16,13layer,full,13,eyeriss,thesis_arch,1056,524,128,32,32,1,False,False,"Ill-posed constraints:
CONSTRAINTS VIOLATION: Arch: Eyeriss_Constrained_13L_tile1_32x32 -> Level: InRegister: memory footprint: 1398 VS memory available: 400
CONSTRAINTS VIOLATION: Arch: Eyeriss_Constrained_13L_tile1_32x32 -> Level: WRegister: memory footprint: 19155 VS memory available: 4800",0.000e+00,0.000e+00,0.00e+00,0,0.0,0.0,
vgg16_13layer_2026-02-26T11:42:26.771258,vgg16,13layer,full,13,eyeriss,thesis_arch,1056,524,128,32,64,1,False,False,"Ill-posed constraints:
CONSTRAINTS VIOLATION: Arch: Eyeriss_Constrained_13L_tile1_64x32 -> Level: InRegister: memory footprint: 1398 VS memory available: 400
CONSTRAINTS VIOLATION: Arch: Eyeriss_Constrained_13L_tile1_64x32 -> Level: WRegister: memory footprint: 9579 VS memory available: 4800",0.000e+00,0.000e+00,0.00e+00,0,0.0,0.0,
vgg16_13layer_2026-02-26T11:42:27.125448,vgg16,13layer,full,13,eyeriss,thesis_arch,1056,524,128,32,128,1,False,False,"Ill-posed constraints:
CONSTRAINTS VIOLATION: Arch: Eyeriss_Constrained_13L_tile1_128x32 -> Level: InRegister: memory footprint: 1398 VS memory available: 400
CONSTRAINTS VIOLATION: Arch: Eyeriss_Constrained_13L_tile1_128x32 -> Level: WRegister: memory footprint: 4803 VS memory available: 4800",0.000e+00,0.000e+00,0.00e+00,0,0.0,0.0,
vgg16_13layer_2026-02-26T11:42:27.532902,vgg16,13layer,full,13,eyeriss,thesis_arch,1056,524,128,32,256,1,False,False,"Ill-posed constraints:
CONSTRAINTS VIOLATION: Arch: Eyeriss_Constrained_13L_tile1_256x32 -> Level: InRegister: memory footprint: 1398 VS memory available: 400",0.000e+00,0.000e+00,0.00e+00,0,0.0,0.0,
vgg16_13layer_2026-02-26T11:42:28.082184,vgg16,13layer,full,13,eyeriss,thesis_arch,1056,524,128,32,512,1,False,False,"Ill-posed constraints:
CONSTRAINTS VIOLATION: Arch: Eyeriss_Constrained_13L_tile1_512x32 -> Level: InRegister: memory footprint: 1398 VS memory available: 400",0.000e+00,0.000e+00,0.00e+00,0,0.0,0.0,
vgg16_13layer_2026-02-26T11:42:28.521824,vgg16,13layer,full,13,eyeriss,thesis_arch,1056,524,128,64,4,1,False,False,"Ill-posed constraints:
CONSTRAINTS VIOLATION: Arch: Eyeriss_Constrained_13L_tile1_4x64 -> Level: InRegister: memory footprint: 702 VS memory available: 400
CONSTRAINTS VIOLATION: Arch: Eyeriss_Constrained_13L_tile1_4x64 -> Level: WRegister: memory footprint: 76620 VS memory available: 4800
CONSTRAINTS VIOLATION: Arch: Eyeriss_Constrained_13L_tile1_4x64 -> Level: IntermediateRegister: memory footprint: 916 VS memory available: 350
CONSTRAINTS VIOLATION: Arch: Eyeriss_Constrained_13L_tile1_4x64 -> Level: OutRegister: memory footprint: 128 VS memory available: 64",0.000e+00,0.000e+00,0.00e+00,0,0.0,0.0,
vgg16_13layer_2026-02-26T11:42:28.909037,vgg16,13layer,full,13,eyeriss,thesis_arch,1056,524,128,64,16,1,False,False,"Ill-posed constraints:
CONSTRAINTS VIOLATION: Arch: Eyeriss_Constrained_13L_tile1_16x64 -> Level: InRegister: memory footprint: 702 VS memory available: 400
CONSTRAINTS VIOLATION: Arch: Eyeriss_Constrained_13L_tile1_16x64 -> Level: WRegister: memory footprint: 19155 VS memory available: 4800",0.000e+00,0.000e+00,0.00e+00,0,0.0,0.0,
vgg16_13layer_2026-02-26T11:42:29.731058,vgg16,13layer,full,13,eyeriss,thesis_arch,1056,524,128,64,32,1,False,False,"Ill-posed constraints:
CONSTRAINTS VIOLATION: Arch: Eyeriss_Constrained_13L_tile1_32x64 -> Level: InRegister: memory footprint: 702 VS memory available: 400
CONSTRAINTS VIOLATION: Arch: Eyeriss_Constrained_13L_tile1_32x64 -> Level: WRegister: memory footprint: 9579 VS memory available: 4800",0.000e+00,0.000e+00,0.00e+00,0,0.0,0.0,
vgg16_13layer_2026-02-26T11:42:30.560414,vgg16,13layer,full,13,eyeriss,thesis_arch,1056,524,128,64,64,1,False,False,"Ill-posed constraints:
CONSTRAINTS VIOLATION: Arch: Eyeriss_Constrained_13L_tile1_64x64 -> Level: InRegister: memory footprint: 702 VS memory available: 400",0.000e+00,0.000e+00,0.00e+00,0,0.0,0.0,
vgg16_13layer_2026-02-26T11:42:31.220192,vgg16,13layer,full,13,eyeriss,thesis_arch,1056,524,128,64,128,1,False,False,"Ill-posed constraints:
CONSTRAINTS VIOLATION: Arch: Eyeriss_Constrained_13L_tile1_128x64 -> Level: InRegister: memory footprint: 702 VS memory available: 400",0.000e+00,0.000e+00,0.00e+00,0,0.0,0.0,
vgg16_13layer_2026-02-26T11:42:31.826652,vgg16,13layer,full,13,eyeriss,thesis_arch,1056,524,128,64,256,1,False,False,"Ill-posed constraints:
CONSTRAINTS VIOLATION: Arch: Eyeriss_Constrained_13L_tile1_256x64 -> Level: InRegister: memory footprint: 702 VS memory available: 400",0.000e+00,0.000e+00,0.00e+00,0,0.0,0.0,
vgg16_13layer_2026-02-26T11:42:32.458353,vgg16,13layer,full,13,eyeriss,thesis_arch,1056,524,128,128,4,1,False,False,"Ill-posed constraints:
CONSTRAINTS VIOLATION: Arch: Eyeriss_Constrained_13L_tile1_4x128 -> Level: WRegister: memory footprint: 38310 VS memory available: 4800
CONSTRAINTS VIOLATION: Arch: Eyeriss_Constrained_13L_tile1_4x128 -> Level: IntermediateRegister: memory footprint: 914 VS memory available: 350
CONSTRAINTS VIOLATION: Arch: Eyeriss_Constrained_13L_tile1_4x128 -> Level: OutRegister: memory footprint: 128 VS memory available: 64",0.000e+00,0.000e+00,0.00e+00,0,0.0,0.0,
vgg16_13layer_2026-02-26T11:42:33.060415,vgg16,13layer,full,13,eyeriss,thesis_arch,1056,524,128,128,16,1,False,False,"Ill-posed constraints:
CONSTRAINTS VIOLATION: Arch: Eyeriss_Constrained_13L_tile1_16x128 -> Level: WRegister: memory footprint: 9579 VS memory available: 4800",0.000e+00,0.000e+00,0.00e+00,0,0.0,0.0,
vgg16_13layer_2026-02-26T11:42:33.572359,vgg16,13layer,full,13,eyeriss,thesis_arch,1056,524,128,128,32,1,False,True,,4.182e+05,6.715e+06,2.82e+06,"(34852910784, 16400878592)",0.004454487003386021,1.1825897693634033,DRAM[P=14 Q=14 Z12=1 C12=1 R12=1 S12=1 Y11=14 X11=14 Z11=1 C11=1 R11=1 S11=1 Y10=14 X10=14 Z10=1 C10=1 R10=1 S10=1 Y9=28 X9=28 Z9=1 C9=1 R9=1 S9=1 Y8=28 X8=28 Z8=1 C8=1 R8=1 S8=1 Y7=28 X7=28 Z7=1 C7=1 R7=1 S7=1 Y6=56 X6=56 Z6=1 C6=1 R6=1 S6=1 Y5=56 X5=56 Z5=1 C5=1 R5=1 S5=1 Y4=56 X4=56 Z4=1 C4=1 R4=1 S4=1 Y3=112 X3=112 Z3=1 C3=1 R3=1 S3=1 Y2=112 X2=112 Z2=1 C2=1 R2=1 S2=1 Y1=224 X1=224 Z1=1 C1=1 R1=1 S1=1 Y0=224 X0=224 Z0=1 C0=1 R0=1 S0=1] GlobalBuffer[P=1 Q=1 Z12=1 C12=1 R12=1 S12=1 Y11=1 X11=1 Z11=1 C11=1 R11=1 S11=1 Y10=1 X10=1 Z10=1 C10=1 R10=1 S10=1 Y9=1 X9=1 Z9=1 C9=1 R9=1 S9=1 Y8=1 X8=1 Z8=1 C8=1 R8=1 S8=1 Y7=1 X7=1 Z7=1 C7=1 R7=1 S7=1 Y6=1 X6=1 Z6=1 C6=1 R6=1 S6=1 Y5=1 X5=1 Z5=1 C5=1 R5=1 S5=1 Y4=1 X4=1 Z4=1 C4=1 R4=1 S4=1 Y3=1 X3=1 Z3=1 C3=1 R3=1 S3=1 Y2=1 X2=1 Z2=1 C2=1 R2=1 S2=1 Y1=1 X1=1 Z1=1 C1=1 R1=1 S1=1 Y0=1 X0=1 Z0=1 C0=1 R0=1 S0=1] SACols[Q=1 Z12=32] SARows[S12=3 C12=32 Z12=1] SACols_11[X11=1 Z11=32] SARows_11[S11=3 C11=32 Z11=1] SACols_10[X10=1 Z10=32] SARows_10[S10=3 C10=32 Z10=1] SACols_9[X9=1 Z9=32] SARows_9[S9=3 C9=32 Z9=1] SACols_8[X8=1 Z8=32] SARows_8[S8=3 C8=32 Z8=1] SACols_7[X7=1 Z7=32] SARows_7[S7=3 C7=32 Z7=1] SACols_6[X6=1 Z6=32] SARows_6[S6=3 C6=32 Z6=1] SACols_5[X5=1 Z5=32] SARows_5[S5=3 C5=32 Z5=1] SACols_4[X4=1 Z4=32] SARows_4[S4=3 C4=32 Z4=1] SACols_3[X3=1 Z3=32] SARows_3[S3=3 C3=32 Z3=1] SACols_2[X2=1 Z2=32] SARows_2[S2=3 C2=32 Z2=1] SACols_1[X1=1 Z1=32] SARows_1[S1=3 C1=32 Z1=1] SACols_0[X0=1 Z0=32] SARows_0[S0=3 C0=3 Z0=2] InRegister[P=1 Q=1 Z12=1 C12=1 R12=1 S12=1 Y11=1 X11=1 Z11=1 C11=1 R11=1 S11=1 Y10=1 X10=1 Z10=1 C10=1 R10=1 S10=1 Y9=1 X9=1 Z9=1 C9=1 R9=1 S9=1 Y8=1 X8=1 Z8=1 C8=1 R8=1 S8=1 Y7=1 X7=1 Z7=1 C7=1 R7=1 S7=1 Y6=1 X6=1 Z6=1 C6=1 R6=1 S6=1 Y5=1 X5=1 Z5=1 C5=1 R5=1 S5=1 Y4=1 X4=1 Z4=1 C4=1 R4=1 S4=1 Y3=1 X3=1 Z3=1 C3=1 R3=1 S3=1 Y2=1 X2=1 Z2=1 C2=1 R2=1 S2=1 Y1=1 X1=1 Z1=1 C1=1 R1=1 S1=1 Y0=1 X0=1 Z0=1 C0=1 R0=1 S0=1] WRegister[P=1 Q=1 Z12=1 C12=16 R12=3 S12=1 Y11=1 X11=1 Z11=1 C11=16 R11=3 S11=1 Y10=1 X10=1 Z10=1 C10=16 R10=3 S10=1 Y9=1 X9=1 Z9=1 C9=16 R9=3 S9=1 Y8=1 X8=1 Z8=1 C8=16 R8=3 S8=1 Y7=1 X7=1 Z7=1 C7=8 R7=3 S7=1 Y6=1 X6=1 Z6=1 C6=8 R6=3 S6=1 Y5=1 X5=1 Z5=1 C5=8 R5=3 S5=1 Y4=1 X4=1 Z4=1 C4=4 R4=3 S4=1 Y3=1 X3=1 Z3=1 C3=4 R3=3 S3=1 Y2=1 X2=1 Z2=1 C2=2 R2=3 S2=1 Y1=1 X1=1 Z1=1 C1=2 R1=3 S1=1 Y0=1 X0=1 Z0=1 C0=1 R0=3 S0=1] IntermediateRegister[P=1 Q=1 Z12=1 C12=1 R12=1 S12=1 Y11=1 X11=1 Z11=16 C11=1 R11=1 S11=1 Y10=1 X10=1 Z10=16 C10=1 R10=1 S10=1 Y9=1 X9=1 Z9=16 C9=1 R9=1 S9=1 Y8=1 X8=1 Z8=16 C8=1 R8=1 S8=1 Y7=1 X7=1 Z7=16 C7=1 R7=1 S7=1 Y6=1 X6=1 Z6=8 C6=1 R6=1 S6=1 Y5=1 X5=1 Z5=8 C5=1 R5=1 S5=1 Y4=1 X4=1 Z4=8 C4=1 R4=1 S4=1 Y3=1 X3=1 Z3=4 C3=1 R3=1 S3=1 Y2=1 X2=1 Z2=4 C2=1 R2=1 S2=1 Y1=1 X1=1 Z1=2 C1=1 R1=1 S1=1 Y0=1 X0=1 Z0=1 C0=1 R0=1 S0=1] OutRegister[P=1 Q=1 Z12=16 C12=1 R12=1 S12=1 Y11=1 X11=1 Z11=1 C11=1 R11=1 S11=1 Y10=1 X10=1 Z10=1 C10=1 R10=1 S10=1 Y9=1 X9=1 Z9=1 C9=1 R9=1 S9=1 Y8=1 X8=1 Z8=1 C8=1 R8=1 S8=1 Y7=1 X7=1 Z7=1 C7=1 R7=1 S7=1 Y6=1 X6=1 Z6=1 C6=1 R6=1 S6=1 Y5=1 X5=1 Z5=1 C5=1 R5=1 S5=1 Y4=1 X4=1 Z4=1 C4=1 R4=1 S4=1 Y3=1 X3=1 Z3=1 C3=1 R3=1 S3=1 Y2=1 X2=1 Z2=1 C2=1 R2=1 S2=1 Y1=1 X1=1 Z1=1 C1=1 R1=1 S1=1 Y0=1 X0=1 Z0=1 C0=1 R0=1 S0=1] Compute] 
vgg16_13layer_2026-02-26T11:42:35.640933,vgg16,13layer,full,13,eyeriss,thesis_arch,1056,524,128,128,64,1,False,True,,4.232e+05,5.681e+06,2.43e+06,"(37396231872, 16400878592)",0.0022272435016930103,0.9289162158966064,DRAM[P=14 Q=14 Z12=1 C12=1 R12=1 S12=1 Y11=14 X11=14 Z11=1 C11=1 R11=1 S11=1 Y10=14 X10=14 Z10=1 C10=1 R10=1 S10=1 Y9=28 X9=28 Z9=1 C9=1 R9=1 S9=1 Y8=28 X8=28 Z8=1 C8=1 R8=1 S8=1 Y7=28 X7=28 Z7=1 C7=1 R7=1 S7=1 Y6=56 X6=56 Z6=1 C6=1 R6=1 S6=1 Y5=56 X5=56 Z5=1 C5=1 R5=1 S5=1 Y4=56 X4=56 Z4=1 C4=1 R4=1 S4=1 Y3=112 X3=112 Z3=1 C3=1 R3=1 S3=1 Y2=112 X2=112 Z2=1 C2=1 R2=1 S2=1 Y1=224 X1=224 Z1=1 C1=1 R1=1 S1=1 Y0=224 X0=224 Z0=1 C0=1 R0=1 S0=1] GlobalBuffer[P=1 Q=1 Z12=1 C12=1 R12=1 S12=1 Y11=1 X11=1 Z11=1 C11=1 R11=1 S11=1 Y10=1 X10=1 Z10=1 C10=1 R10=1 S10=1 Y9=1 X9=1 Z9=1 C9=1 R9=1 S9=1 Y8=1 X8=1 Z8=1 C8=1 R8=1 S8=1 Y7=1 X7=1 Z7=1 C7=1 R7=1 S7=1 Y6=1 X6=1 Z6=1 C6=1 R6=1 S6=1 Y5=1 X5=1 Z5=1 C5=1 R5=1 S5=1 Y4=1 X4=1 Z4=1 C4=1 R4=1 S4=1 Y3=1 X3=1 Z3=1 C3=1 R3=1 S3=1 Y2=1 X2=1 Z2=1 C2=1 R2=1 S2=1 Y1=1 X1=1 Z1=1 C1=1 R1=1 S1=1 Y0=1 X0=1 Z0=1 C0=1 R0=1 S0=1] SACols[Q=1 Z12=64] SARows[S12=3 C12=32 Z12=1] SACols_11[X11=1 Z11=64] SARows_11[S11=3 C11=32 Z11=1] SACols_10[X10=1 Z10=64] SARows_10[S10=3 C10=32 Z10=1] SACols_9[X9=1 Z9=64] SARows_9[S9=3 C9=32 Z9=1] SACols_8[X8=1 Z8=64] SARows_8[S8=3 C8=32 Z8=1] SACols_7[X7=1 Z7=64] SARows_7[S7=3 C7=32 Z7=1] SACols_6[X6=1 Z6=64] SARows_6[S6=3 C6=32 Z6=1] SACols_5[X5=1 Z5=64] SARows_5[S5=3 C5=32 Z5=1] SACols_4[X4=1 Z4=64] SARows_4[S4=3 C4=32 Z4=1] SACols_3[X3=1 Z3=64] SARows_3[S3=3 C3=32 Z3=1] SACols_2[X2=1 Z2=64] SARows_2[S2=3 C2=32 Z2=1] SACols_1[X1=1 Z1=64] SARows_1[S1=3 C1=32 Z1=1] SACols_0[X0=1 Z0=64] SARows_0[S0=3 C0=3 Z0=1] InRegister[P=1 Q=1 Z12=1 C12=1 R12=1 S12=1 Y11=1 X11=1 Z11=1 C11=1 R11=1 S11=1 Y10=1 X10=1 Z10=1 C10=1 R10=1 S10=1 Y9=1 X9=1 Z9=1 C9=1 R9=1 S9=1 Y8=1 X8=1 Z8=1 C8=1 R8=1 S8=1 Y7=1 X7=1 Z7=1 C7=1 R7=1 S7=1 Y6=1 X6=1 Z6=1 C6=1 R6=1 S6=1 Y5=1 X5=1 Z5=1 C5=1 R5=1 S5=1 Y4=1 X4=1 Z4=1 C4=1 R4=1 S4=1 Y3=1 X3=1 Z3=1 C3=1 R3=1 S3=1 Y2=1 X2=1 Z2=1 C2=1 R2=1 S2=1 Y1=1 X1=1 Z1=1 C1=1 R1=1 S1=1 Y0=1 X0=1 Z0=1 C0=1 R0=1 S0=1] WRegister[P=1 Q=1 Z12=1 C12=16 R12=3 S12=1 Y11=1 X11=1 Z11=1 C11=16 R11=3 S11=1 Y10=1 X10=1 Z10=1 C10=16 R10=3 S10=1 Y9=1 X9=1 Z9=1 C9=16 R9=3 S9=1 Y8=1 X8=1 Z8=1 C8=16 R8=3 S8=1 Y7=1 X7=1 Z7=1 C7=8 R7=3 S7=1 Y6=1 X6=1 Z6=1 C6=8 R6=3 S6=1 Y5=1 X5=1 Z5=1 C5=8 R5=3 S5=1 Y4=1 X4=1 Z4=1 C4=4 R4=3 S4=1 Y3=1 X3=1 Z3=1 C3=4 R3=3 S3=1 Y2=1 X2=1 Z2=1 C2=2 R2=3 S2=1 Y1=1 X1=1 Z1=1 C1=2 R1=3 S1=1 Y0=1 X0=1 Z0=1 C0=1 R0=3 S0=1] IntermediateRegister[P=1 Q=1 Z12=1 C12=1 R12=1 S12=1 Y11=1 X11=1 Z11=8 C11=1 R11=1 S11=1 Y10=1 X10=1 Z10=8 C10=1 R10=1 S10=1 Y9=1 X9=1 Z9=8 C9=1 R9=1 S9=1 Y8=1 X8=1 Z8=8 C8=1 R8=1 S8=1 Y7=1 X7=1 Z7=8 C7=1 R7=1 S7=1 Y6=1 X6=1 Z6=4 C6=1 R6=1 S6=1 Y5=1 X5=1 Z5=4 C5=1 R5=1 S5=1 Y4=1 X4=1 Z4=4 C4=1 R4=1 S4=1 Y3=1 X3=1 Z3=2 C3=1 R3=1 S3=1 Y2=1 X2=1 Z2=2 C2=1 R2=1 S2=1 Y1=1 X1=1 Z1=1 C1=1 R1=1 S1=1 Y0=1 X0=1 Z0=1 C0=1 R0=1 S0=1] OutRegister[P=1 Q=1 Z12=8 C12=1 R12=1 S12=1 Y11=1 X11=1 Z11=1 C11=1 R11=1 S11=1 Y10=1 X10=1 Z10=1 C10=1 R10=1 S10=1 Y9=1 X9=1 Z9=1 C9=1 R9=1 S9=1 Y8=1 X8=1 Z8=1 C8=1 R8=1 S8=1 Y7=1 X7=1 Z7=1 C7=1 R7=1 S7=1 Y6=1 X6=1 Z6=1 C6=1 R6=1 S6=1 Y5=1 X5=1 Z5=1 C5=1 R5=1 S5=1 Y4=1 X4=1 Z4=1 C4=1 R4=1 S4=1 Y3=1 X3=1 Z3=1 C3=1 R3=1 S3=1 Y2=1 X2=1 Z2=1 C2=1 R2=1 S2=1 Y1=1 X1=1 Z1=1 C1=1 R1=1 S1=1 Y0=1 X0=1 Z0=1 C0=1 R0=1 S0=1] Compute] 
vgg16_13layer_2026-02-26T11:42:37.471089,vgg16,13layer,full,13,eyeriss,thesis_arch,1056,524,128,128,128,1,False,True,,4.296e+05,5.455e+06,2.38e+06,"(40633185984, 16400878592)",0.0005568108754232526,0.8216769695281982,DRAM[P=14 Q=14 Z12=1 C12=1 R12=1 S12=1 Y11=14 X11=14 Z11=1 C11=1 R11=1 S11=1 Y10=14 X10=14 Z10=1 C10=1 R10=1 S10=1 Y9=28 X9=28 Z9=1 C9=1 R9=1 S9=1 Y8=28 X8=28 Z8=1 C8=1 R8=1 S8=1 Y7=28 X7=28 Z7=1 C7=1 R7=1 S7=1 Y6=56 X6=56 Z6=1 C6=1 R6=1 S6=1 Y5=56 X5=56 Z5=1 C5=1 R5=1 S5=1 Y4=56 X4=56 Z4=1 C4=1 R4=1 S4=1 Y3=112 X3=112 Z3=1 C3=1 R3=1 S3=1 Y2=112 X2=112 Z2=1 C2=1 R2=1 S2=1 Y1=224 X1=224 Z1=1 C1=1 R1=1 S1=1 Y0=224 X0=224 Z0=1 C0=1 R0=1 S0=1] GlobalBuffer[P=1 Q=1 Z12=1 C12=1 R12=1 S12=1 Y11=1 X11=1 Z11=1 C11=1 R11=1 S11=1 Y10=1 X10=1 Z10=1 C10=1 R10=1 S10=1 Y9=1 X9=1 Z9=1 C9=1 R9=1 S9=1 Y8=1 X8=1 Z8=1 C8=1 R8=1 S8=1 Y7=1 X7=1 Z7=1 C7=1 R7=1 S7=1 Y6=1 X6=1 Z6=1 C6=1 R6=1 S6=1 Y5=1 X5=1 Z5=1 C5=1 R5=1 S5=1 Y4=1 X4=1 Z4=1 C4=1 R4=1 S4=1 Y3=1 X3=1 Z3=1 C3=1 R3=1 S3=1 Y2=1 X2=1 Z2=1 C2=1 R2=1 S2=1 Y1=1 X1=1 Z1=1 C1=1 R1=1 S1=1 Y0=1 X0=1 Z0=1 C0=1 R0=1 S0=1] SACols[Q=1 Z12=128] SARows[S12=3 C12=32 Z12=1] SACols_11[X11=1 Z11=128] SARows_11[S11=3 C11=32 Z11=1] SACols_10[X10=1 Z10=128] SARows_10[S10=3 C10=32 Z10=1] SACols_9[X9=1 Z9=128] SARows_9[S9=3 C9=32 Z9=1] SACols_8[X8=1 Z8=128] SARows_8[S8=3 C8=32 Z8=1] SACols_7[X7=1 Z7=128] SARows_7[S7=3 C7=32 Z7=1] SACols_6[X6=1 Z6=128] SARows_6[S6=3 C6=32 Z6=1] SACols_5[X5=1 Z5=128] SARows_5[S5=3 C5=32 Z5=1] SACols_4[X4=1 Z4=128] SARows_4[S4=3 C4=32 Z4=1] SACols_3[X3=1 Z3=128] SARows_3[S3=3 C3=32 Z3=1] SACols_2[X2=1 Z2=128] SARows_2[S2=3 C2=32 Z2=1] SACols_1[X1=1 Z1=64] SARows_1[S1=3 C1=32 Z1=1] SACols_0[X0=1 Z0=64] SARows_0[S0=3 C0=3 Z0=1] InRegister[P=1 Q=1 Z12=1 C12=1 R12=1 S12=1 Y11=1 X11=1 Z11=1 C11=1 R11=1 S11=1 Y10=1 X10=1 Z10=1 C10=1 R10=1 S10=1 Y9=1 X9=1 Z9=1 C9=1 R9=1 S9=1 Y8=1 X8=1 Z8=1 C8=1 R8=1 S8=1 Y7=1 X7=1 Z7=1 C7=1 R7=1 S7=1 Y6=1 X6=1 Z6=1 C6=1 R6=1 S6=1 Y5=1 X5=1 Z5=1 C5=1 R5=1 S5=1 Y4=1 X4=1 Z4=1 C4=1 R4=1 S4=1 Y3=1 X3=1 Z3=1 C3=1 R3=1 S3=1 Y2=1 X2=1 Z2=1 C2=1 R2=1 S2=1 Y1=1 X1=1 Z1=1 C1=1 R1=1 S1=1 Y0=1 X0=1 Z0=1 C0=1 R0=1 S0=1] WRegister[P=1 Q=1 Z12=1 C12=16 R12=3 S12=1 Y11=1 X11=1 Z11=1 C11=16 R11=3 S11=1 Y10=1 X10=1 Z10=1 C10=16 R10=3 S10=1 Y9=1 X9=1 Z9=1 C9=16 R9=3 S9=1 Y8=1 X8=1 Z8=1 C8=16 R8=3 S8=1 Y7=1 X7=1 Z7=1 C7=8 R7=3 S7=1 Y6=1 X6=1 Z6=1 C6=8 R6=3 S6=1 Y5=1 X5=1 Z5=1 C5=8 R5=3 S5=1 Y4=1 X4=1 Z4=1 C4=4 R4=3 S4=1 Y3=1 X3=1 Z3=1 C3=4 R3=3 S3=1 Y2=1 X2=1 Z2=1 C2=2 R2=3 S2=1 Y1=1 X1=1 Z1=1 C1=2 R1=3 S1=1 Y0=1 X0=1 Z0=1 C0=1 R0=3 S0=1] IntermediateRegister[P=1 Q=1 Z12=1 C12=1 R12=1 S12=1 Y11=1 X11=1 Z11=4 C11=1 R11=1 S11=1 Y10=1 X10=1 Z10=4 C10=1 R10=1 S10=1 Y9=1 X9=1 Z9=4 C9=1 R9=1 S9=1 Y8=1 X8=1 Z8=4 C8=1 R8=1 S8=1 Y7=1 X7=1 Z7=4 C7=1 R7=1 S7=1 Y6=1 X6=1 Z6=2 C6=1 R6=1 S6=1 Y5=1 X5=1 Z5=2 C5=1 R5=1 S5=1 Y4=1 X4=1 Z4=2 C4=1 R4=1 S4=1 Y3=1 X3=1 Z3=1 C3=1 R3=1 S3=1 Y2=1 X2=1 Z2=1 C2=1 R2=1 S2=1 Y1=1 X1=1 Z1=1 C1=1 R1=1 S1=1 Y0=1 X0=1 Z0=1 C0=1 R0=1 S0=1] OutRegister[P=1 Q=1 Z12=4 C12=1 R12=1 S12=1 Y11=1 X11=1 Z11=1 C11=1 R11=1 S11=1 Y10=1 X10=1 Z10=1 C10=1 R10=1 S10=1 Y9=1 X9=1 Z9=1 C9=1 R9=1 S9=1 Y8=1 X8=1 Z8=1 C8=1 R8=1 S8=1 Y7=1 X7=1 Z7=1 C7=1 R7=1 S7=1 Y6=1 X6=1 Z6=1 C6=1 R6=1 S6=1 Y5=1 X5=1 Z5=1 C5=1 R5=1 S5=1 Y4=1 X4=1 Z4=1 C4=1 R4=1 S4=1 Y3=1 X3=1 Z3=1 C3=1 R3=1 S3=1 Y2=1 X2=1 Z2=1 C2=1 R2=1 S2=1 Y1=1 X1=1 Z1=1 C1=1 R1=1 S1=1 Y0=1 X0=1 Z0=1 C0=1 R0=1 S0=1] Compute] 
vgg16_13layer_2026-02-26T11:42:39.295867,vgg16,13layer,full,13,eyeriss,thesis_arch,1056,524,128,256,4,1,False,False,"Ill-posed constraints:
CONSTRAINTS VIOLATION: Arch: Eyeriss_Constrained_13L_tile1_4x256 -> Level: WRegister: memory footprint: 19155 VS memory available: 4800
CONSTRAINTS VIOLATION: Arch: Eyeriss_Constrained_13L_tile1_4x256 -> Level: IntermediateRegister: memory footprint: 913 VS memory available: 350
CONSTRAINTS VIOLATION: Arch: Eyeriss_Constrained_13L_tile1_4x256 -> Level: OutRegister: memory footprint: 128 VS memory available: 64",0.000e+00,0.000e+00,0.00e+00,0,0.0,0.0,
vgg16_13layer_2026-02-26T11:42:39.739329,vgg16,13layer,full,13,eyeriss,thesis_arch,1056,524,128,256,16,1,False,True,,4.191e+05,6.715e+06,2.82e+06,"(34563897024, 17383525376)",0.004454487003386021,0.8838820457458496,DRAM[P=14 Q=14 Z12=1 C12=1 R12=1 S12=1 Y11=14 X11=14 Z11=1 C11=1 R11=1 S11=1 Y10=14 X10=14 Z10=1 C10=1 R10=1 S10=1 Y9=28 X9=28 Z9=1 C9=1 R9=1 S9=1 Y8=28 X8=28 Z8=1 C8=1 R8=1 S8=1 Y7=28 X7=28 Z7=1 C7=1 R7=1 S7=1 Y6=56 X6=56 Z6=1 C6=1 R6=1 S6=1 Y5=56 X5=56 Z5=1 C5=1 R5=1 S5=1 Y4=56 X4=56 Z4=1 C4=1 R4=1 S4=1 Y3=112 X3=112 Z3=1 C3=1 R3=1 S3=1 Y2=112 X2=112 Z2=1 C2=1 R2=1 S2=1 Y1=224 X1=224 Z1=1 C1=1 R1=1 S1=1 Y0=224 X0=224 Z0=1 C0=1 R0=1 S0=1] GlobalBuffer[P=1 Q=1 Z12=1 C12=1 R12=1 S12=1 Y11=1 X11=1 Z11=1 C11=1 R11=1 S11=1 Y10=1 X10=1 Z10=1 C10=1 R10=1 S10=1 Y9=1 X9=1 Z9=1 C9=1 R9=1 S9=1 Y8=1 X8=1 Z8=1 C8=1 R8=1 S8=1 Y7=1 X7=1 Z7=1 C7=1 R7=1 S7=1 Y6=1 X6=1 Z6=1 C6=1 R6=1 S6=1 Y5=1 X5=1 Z5=1 C5=1 R5=1 S5=1 Y4=1 X4=1 Z4=1 C4=1 R4=1 S4=1 Y3=1 X3=1 Z3=1 C3=1 R3=1 S3=1 Y2=1 X2=1 Z2=1 C2=1 R2=1 S2=1 Y1=1 X1=1 Z1=1 C1=1 R1=1 S1=1 Y0=1 X0=1 Z0=1 C0=1 R0=1 S0=1] SACols[Q=1 Z12=16] SARows[S12=3 C12=64 Z12=1] SACols_11[X11=1 Z11=16] SARows_11[S11=3 C11=64 Z11=1] SACols_10[X10=1 Z10=16] SARows_10[S10=3 C10=64 Z10=1] SACols_9[X9=1 Z9=16] SARows_9[S9=3 C9=64 Z9=1] SACols_8[X8=1 Z8=16] SARows_8[S8=3 C8=64 Z8=1] SACols_7[X7=1 Z7=16] SARows_7[S7=3 C7=64 Z7=1] SACols_6[X6=1 Z6=16] SARows_6[S6=3 C6=64 Z6=1] SACols_5[X5=1 Z5=16] SARows_5[S5=3 C5=64 Z5=1] SACols_4[X4=1 Z4=16] SARows_4[S4=3 C4=64 Z4=1] SACols_3[X3=1 Z3=16] SARows_3[S3=3 C3=64 Z3=1] SACols_2[X2=1 Z2=16] SARows_2[S2=3 C2=64 Z2=1] SACols_1[X1=1 Z1=16] SARows_1[S1=3 C1=64 Z1=1] SACols_0[X0=1 Z0=16] SARows_0[S0=3 C0=3 Z0=4] InRegister[P=1 Q=1 Z12=1 C12=1 R12=1 S12=1 Y11=1 X11=1 Z11=1 C11=1 R11=1 S11=1 Y10=1 X10=1 Z10=1 C10=1 R10=1 S10=1 Y9=1 X9=1 Z9=1 C9=1 R9=1 S9=1 Y8=1 X8=1 Z8=1 C8=1 R8=1 S8=1 Y7=1 X7=1 Z7=1 C7=1 R7=1 S7=1 Y6=1 X6=1 Z6=1 C6=1 R6=1 S6=1 Y5=1 X5=1 Z5=1 C5=1 R5=1 S5=1 Y4=1 X4=1 Z4=1 C4=1 R4=1 S4=1 Y3=1 X3=1 Z3=1 C3=1 R3=1 S3=1 Y2=1 X2=1 Z2=1 C2=1 R2=1 S2=1 Y1=1 X1=1 Z1=1 C1=1 R1=1 S1=1 Y0=1 X0=1 Z0=1 C0=1 R0=1 S0=1] WRegister[P=1 Q=1 Z12=1 C12=8 R12=3 S12=1 Y11=1 X11=1 Z11=1 C11=8 R11=3 S11=1 Y10=1 X10=1 Z10=1 C10=8 R10=3 S10=1 Y9=1 X9=1 Z9=1 C9=8 R9=3 S9=1 Y8=1 X8=1 Z8=1 C8=8 R8=3 S8=1 Y7=1 X7=1 Z7=1 C7=4 R7=3 S7=1 Y6=1 X6=1 Z6=1 C6=4 R6=3 S6=1 Y5=1 X5=1 Z5=1 C5=4 R5=3 S5=1 Y4=1 X4=1 Z4=1 C4=2 R4=3 S4=1 Y3=1 X3=1 Z3=1 C3=2 R3=3 S3=1 Y2=1 X2=1 Z2=1 C2=1 R2=3 S2=1 Y1=1 X1=1 Z1=1 C1=1 R1=3 S1=1 Y0=1 X0=1 Z0=1 C0=1 R0=3 S0=1] IntermediateRegister[P=1 Q=1 Z12=1 C12=1 R12=1 S12=1 Y11=1 X11=1 Z11=32 C11=1 R11=1 S11=1 Y10=1 X10=1 Z10=32 C10=1 R10=1 S10=1 Y9=1 X9=1 Z9=32 C9=1 R9=1 S9=1 Y8=1 X8=1 Z8=32 C8=1 R8=1 S8=1 Y7=1 X7=1 Z7=32 C7=1 R7=1 S7=1 Y6=1 X6=1 Z6=16 C6=1 R6=1 S6=1 Y5=1 X5=1 Z5=16 C5=1 R5=1 S5=1 Y4=1 X4=1 Z4=16 C4=1 R4=1 S4=1 Y3=1 X3=1 Z3=8 C3=1 R3=1 S3=1 Y2=1 X2=1 Z2=8 C2=1 R2=1 S2=1 Y1=1 X1=1 Z1=4 C1=1 R1=1 S1=1 Y0=1 X0=1 Z0=1 C0=1 R0=1 S0=1] OutRegister[P=1 Q=1 Z12=32 C12=1 R12=1 S12=1 Y11=1 X11=1 Z11=1 C11=1 R11=1 S11=1 Y10=1 X10=1 Z10=1 C10=1 R10=1 S10=1 Y9=1 X9=1 Z9=1 C9=1 R9=1 S9=1 Y8=1 X8=1 Z8=1 C8=1 R8=1 S8=1 Y7=1 X7=1 Z7=1 C7=1 R7=1 S7=1 Y6=1 X6=1 Z6=1 C6=1 R6=1 S6=1 Y5=1 X5=1 Z5=1 C5=1 R5=1 S5=1 Y4=1 X4=1 Z4=1 C4=1 R4=1 S4=1 Y3=1 X3=1 Z3=1 C3=1 R3=1 S3=1 Y2=1 X2=1 Z2=1 C2=1 R2=1 S2=1 Y1=1 X1=1 Z1=1 C1=1 R1=1 S1=1 Y0=1 X0=1 Z0=1 C0=1 R0=1 S0=1] Compute] 
vgg16_13layer_2026-02-26T11:42:41.295321,vgg16,13layer,full,13,eyeriss,thesis_arch,1056,524,128,256,32,1,False,True,,4.216e+05,5.681e+06,2.41e+06,"(35835557568, 17383525376)",0.0022272435016930103,0.8426783084869385,DRAM[P=14 Q=14 Z12=1 C12=1 R12=1 S12=1 Y11=14 X11=14 Z11=1 C11=1 R11=1 S11=1 Y10=14 X10=14 Z10=1 C10=1 R10=1 S10=1 Y9=28 X9=28 Z9=1 C9=1 R9=1 S9=1 Y8=28 X8=28 Z8=1 C8=1 R8=1 S8=1 Y7=28 X7=28 Z7=1 C7=1 R7=1 S7=1 Y6=56 X6=56 Z6=1 C6=1 R6=1 S6=1 Y5=56 X5=56 Z5=1 C5=1 R5=1 S5=1 Y4=56 X4=56 Z4=1 C4=1 R4=1 S4=1 Y3=112 X3=112 Z3=1 C3=1 R3=1 S3=1 Y2=112 X2=112 Z2=1 C2=1 R2=1 S2=1 Y1=224 X1=224 Z1=1 C1=1 R1=1 S1=1 Y0=224 X0=224 Z0=1 C0=1 R0=1 S0=1] GlobalBuffer[P=1 Q=1 Z12=1 C12=1 R12=1 S12=1 Y11=1 X11=1 Z11=1 C11=1 R11=1 S11=1 Y10=1 X10=1 Z10=1 C10=1 R10=1 S10=1 Y9=1 X9=1 Z9=1 C9=1 R9=1 S9=1 Y8=1 X8=1 Z8=1 C8=1 R8=1 S8=1 Y7=1 X7=1 Z7=1 C7=1 R7=1 S7=1 Y6=1 X6=1 Z6=1 C6=1 R6=1 S6=1 Y5=1 X5=1 Z5=1 C5=1 R5=1 S5=1 Y4=1 X4=1 Z4=1 C4=1 R4=1 S4=1 Y3=1 X3=1 Z3=1 C3=1 R3=1 S3=1 Y2=1 X2=1 Z2=1 C2=1 R2=1 S2=1 Y1=1 X1=1 Z1=1 C1=1 R1=1 S1=1 Y0=1 X0=1 Z0=1 C0=1 R0=1 S0=1] SACols[Q=1 Z12=32] SARows[S12=3 C12=64 Z12=1] SACols_11[X11=1 Z11=32] SARows_11[S11=3 C11=64 Z11=1] SACols_10[X10=1 Z10=32] SARows_10[S10=3 C10=64 Z10=1] SACols_9[X9=1 Z9=32] SARows_9[S9=3 C9=64 Z9=1] SACols_8[X8=1 Z8=32] SARows_8[S8=3 C8=64 Z8=1] SACols_7[X7=1 Z7=32] SARows_7[S7=3 C7=64 Z7=1] SACols_6[X6=1 Z6=32] SARows_6[S6=3 C6=64 Z6=1] SACols_5[X5=1 Z5=32] SARows_5[S5=3 C5=64 Z5=1] SACols_4[X4=1 Z4=32] SARows_4[S4=3 C4=64 Z4=1] SACols_3[X3=1 Z3=32] SARows_3[S3=3 C3=64 Z3=1] SACols_2[X2=1 Z2=32] SARows_2[S2=3 C2=64 Z2=1] SACols_1[X1=1 Z1=32] SARows_1[S1=3 C1=64 Z1=1] SACols_0[X0=1 Z0=32] SARows_0[S0=3 C0=3 Z0=2] InRegister[P=1 Q=1 Z12=1 C12=1 R12=1 S12=1 Y11=1 X11=1 Z11=1 C11=1 R11=1 S11=1 Y10=1 X10=1 Z10=1 C10=1 R10=1 S10=1 Y9=1 X9=1 Z9=1 C9=1 R9=1 S9=1 Y8=1 X8=1 Z8=1 C8=1 R8=1 S8=1 Y7=1 X7=1 Z7=1 C7=1 R7=1 S7=1 Y6=1 X6=1 Z6=1 C6=1 R6=1 S6=1 Y5=1 X5=1 Z5=1 C5=1 R5=1 S5=1 Y4=1 X4=1 Z4=1 C4=1 R4=1 S4=1 Y3=1 X3=1 Z3=1 C3=1 R3=1 S3=1 Y2=1 X2=1 Z2=1 C2=1 R2=1 S2=1 Y1=1 X1=1 Z1=1 C1=1 R1=1 S1=1 Y0=1 X0=1 Z0=1 C0=1 R0=1 S0=1] WRegister[P=1 Q=1 Z12=1 C12=8 R12=3 S12=1 Y11=1 X11=1 Z11=1 C11=8 R11=3 S11=1 Y10=1 X10=1 Z10=1 C10=8 R10=3 S10=1 Y9=1 X9=1 Z9=1 C9=8 R9=3 S9=1 Y8=1 X8=1 Z8=1 C8=8 R8=3 S8=1 Y7=1 X7=1 Z7=1 C7=4 R7=3 S7=1 Y6=1 X6=1 Z6=1 C6=4 R6=3 S6=1 Y5=1 X5=1 Z5=1 C5=4 R5=3 S5=1 Y4=1 X4=1 Z4=1 C4=2 R4=3 S4=1 Y3=1 X3=1 Z3=1 C3=2 R3=3 S3=1 Y2=1 X2=1 Z2=1 C2=1 R2=3 S2=1 Y1=1 X1=1 Z1=1 C1=1 R1=3 S1=1 Y0=1 X0=1 Z0=1 C0=1 R0=3 S0=1] IntermediateRegister[P=1 Q=1 Z12=1 C12=1 R12=1 S12=1 Y11=1 X11=1 Z11=16 C11=1 R11=1 S11=1 Y10=1 X10=1 Z10=16 C10=1 R10=1 S10=1 Y9=1 X9=1 Z9=16 C9=1 R9=1 S9=1 Y8=1 X8=1 Z8=16 C8=1 R8=1 S8=1 Y7=1 X7=1 Z7=16 C7=1 R7=1 S7=1 Y6=1 X6=1 Z6=8 C6=1 R6=1 S6=1 Y5=1 X5=1 Z5=8 C5=1 R5=1 S5=1 Y4=1 X4=1 Z4=8 C4=1 R4=1 S4=1 Y3=1 X3=1 Z3=4 C3=1 R3=1 S3=1 Y2=1 X2=1 Z2=4 C2=1 R2=1 S2=1 Y1=1 X1=1 Z1=2 C1=1 R1=1 S1=1 Y0=1 X0=1 Z0=1 C0=1 R0=1 S0=1] OutRegister[P=1 Q=1 Z12=16 C12=1 R12=1 S12=1 Y11=1 X11=1 Z11=1 C11=1 R11=1 S11=1 Y10=1 X10=1 Z10=1 C10=1 R10=1 S10=1 Y9=1 X9=1 Z9=1 C9=1 R9=1 S9=1 Y8=1 X8=1 Z8=1 C8=1 R8=1 S8=1 Y7=1 X7=1 Z7=1 C7=1 R7=1 S7=1 Y6=1 X6=1 Z6=1 C6=1 R6=1 S6=1 Y5=1 X5=1 Z5=1 C5=1 R5=1 S5=1 Y4=1 X4=1 Z4=1 C4=1 R4=1 S4=1 Y3=1 X3=1 Z3=1 C3=1 R3=1 S3=1 Y2=1 X2=1 Z2=1 C2=1 R2=1 S2=1 Y1=1 X1=1 Z1=1 C1=1 R1=1 S1=1 Y0=1 X0=1 Z0=1 C0=1 R0=1 S0=1] Compute] 
vgg16_13layer_2026-02-26T11:42:43.041057,vgg16,13layer,full,13,eyeriss,thesis_arch,1056,524,128,256,64,1,False,True,,4.266e+05,5.455e+06,2.35e+06,"(38378878656, 17383525376)",0.0011136217508465052,0.820098876953125,DRAM[P=14 Q=14 Z12=1 C12=1 R12=1 S12=1 Y11=14 X11=14 Z11=1 C11=1 R11=1 S11=1 Y10=14 X10=14 Z10=1 C10=1 R10=1 S10=1 Y9=28 X9=28 Z9=1 C9=1 R9=1 S9=1 Y8=28 X8=28 Z8=1 C8=1 R8=1 S8=1 Y7=28 X7=28 Z7=1 C7=1 R7=1 S7=1 Y6=56 X6=56 Z6=1 C6=1 R6=1 S6=1 Y5=56 X5=56 Z5=1 C5=1 R5=1 S5=1 Y4=56 X4=56 Z4=1 C4=1 R4=1 S4=1 Y3=112 X3=112 Z3=1 C3=1 R3=1 S3=1 Y2=112 X2=112 Z2=1 C2=1 R2=1 S2=1 Y1=224 X1=224 Z1=1 C1=1 R1=1 S1=1 Y0=224 X0=224 Z0=1 C0=1 R0=1 S0=1] GlobalBuffer[P=1 Q=1 Z12=1 C12=1 R12=1 S12=1 Y11=1 X11=1 Z11=1 C11=1 R11=1 S11=1 Y10=1 X10=1 Z10=1 C10=1 R10=1 S10=1 Y9=1 X9=1 Z9=1 C9=1 R9=1 S9=1 Y8=1 X8=1 Z8=1 C8=1 R8=1 S8=1 Y7=1 X7=1 Z7=1 C7=1 R7=1 S7=1 Y6=1 X6=1 Z6=1 C6=1 R6=1 S6=1 Y5=1 X5=1 Z5=1 C5=1 R5=1 S5=1 Y4=1 X4=1 Z4=1 C4=1 R4=1 S4=1 Y3=1 X3=1 Z3=1 C3=1 R3=1 S3=1 Y2=1 X2=1 Z2=1 C2=1 R2=1 S2=1 Y1=1 X1=1 Z1=1 C1=1 R1=1 S1=1 Y0=1 X0=1 Z0=1 C0=1 R0=1 S0=1] SACols[Q=1 Z12=64] SARows[S12=3 C12=64 Z12=1] SACols_11[X11=1 Z11=64] SARows_11[S11=3 C11=64 Z11=1] SACols_10[X10=1 Z10=64] SARows_10[S10=3 C10=64 Z10=1] SACols_9[X9=1 Z9=64] SARows_9[S9=3 C9=64 Z9=1] SACols_8[X8=1 Z8=64] SARows_8[S8=3 C8=64 Z8=1] SACols_7[X7=1 Z7=64] SARows_7[S7=3 C7=64 Z7=1] SACols_6[X6=1 Z6=64] SARows_6[S6=3 C6=64 Z6=1] SACols_5[X5=1 Z5=64] SARows_5[S5=3 C5=64 Z5=1] SACols_4[X4=1 Z4=64] SARows_4[S4=3 C4=64 Z4=1] SACols_3[X3=1 Z3=64] SARows_3[S3=3 C3=64 Z3=1] SACols_2[X2=1 Z2=64] SARows_2[S2=3 C2=64 Z2=1] SACols_1[X1=1 Z1=64] SARows_1[S1=3 C1=64 Z1=1] SACols_0[X0=1 Z0=64] SARows_0[S0=3 C0=3 Z0=1] InRegister[P=1 Q=1 Z12=1 C12=1 R12=1 S12=1 Y11=1 X11=1 Z11=1 C11=1 R11=1 S11=1 Y10=1 X10=1 Z10=1 C10=1 R10=1 S10=1 Y9=1 X9=1 Z9=1 C9=1 R9=1 S9=1 Y8=1 X8=1 Z8=1 C8=1 R8=1 S8=1 Y7=1 X7=1 Z7=1 C7=1 R7=1 S7=1 Y6=1 X6=1 Z6=1 C6=1 R6=1 S6=1 Y5=1 X5=1 Z5=1 C5=1 R5=1 S5=1 Y4=1 X4=1 Z4=1 C4=1 R4=1 S4=1 Y3=1 X3=1 Z3=1 C3=1 R3=1 S3=1 Y2=1 X2=1 Z2=1 C2=1 R2=1 S2=1 Y1=1 X1=1 Z1=1 C1=1 R1=1 S1=1 Y0=1 X0=1 Z0=1 C0=1 R0=1 S0=1] WRegister[P=1 Q=1 Z12=1 C12=8 R12=3 S12=1 Y11=1 X11=1 Z11=1 C11=8 R11=3 S11=1 Y10=1 X10=1 Z10=1 C10=8 R10=3 S10=1 Y9=1 X9=1 Z9=1 C9=8 R9=3 S9=1 Y8=1 X8=1 Z8=1 C8=8 R8=3 S8=1 Y7=1 X7=1 Z7=1 C7=4 R7=3 S7=1 Y6=1 X6=1 Z6=1 C6=4 R6=3 S6=1 Y5=1 X5=1 Z5=1 C5=4 R5=3 S5=1 Y4=1 X4=1 Z4=1 C4=2 R4=3 S4=1 Y3=1 X3=1 Z3=1 C3=2 R3=3 S3=1 Y2=1 X2=1 Z2=1 C2=1 R2=3 S2=1 Y1=1 X1=1 Z1=1 C1=1 R1=3 S1=1 Y0=1 X0=1 Z0=1 C0=1 R0=3 S0=1] IntermediateRegister[P=1 Q=1 Z12=1 C12=1 R12=1 S12=1 Y11=1 X11=1 Z11=8 C11=1 R11=1 S11=1 Y10=1 X10=1 Z10=8 C10=1 R10=1 S10=1 Y9=1 X9=1 Z9=8 C9=1 R9=1 S9=1 Y8=1 X8=1 Z8=8 C8=1 R8=1 S8=1 Y7=1 X7=1 Z7=8 C7=1 R7=1 S7=1 Y6=1 X6=1 Z6=4 C6=1 R6=1 S6=1 Y5=1 X5=1 Z5=4 C5=1 R5=1 S5=1 Y4=1 X4=1 Z4=4 C4=1 R4=1 S4=1 Y3=1 X3=1 Z3=2 C3=1 R3=1 S3=1 Y2=1 X2=1 Z2=2 C2=1 R2=1 S2=1 Y1=1 X1=1 Z1=1 C1=1 R1=1 S1=1 Y0=1 X0=1 Z0=1 C0=1 R0=1 S0=1] OutRegister[P=1 Q=1 Z12=8 C12=1 R12=1 S12=1 Y11=1 X11=1 Z11=1 C11=1 R11=1 S11=1 Y10=1 X10=1 Z10=1 C10=1 R10=1 S10=1 Y9=1 X9=1 Z9=1 C9=1 R9=1 S9=1 Y8=1 X8=1 Z8=1 C8=1 R8=1 S8=1 Y7=1 X7=1 Z7=1 C7=1 R7=1 S7=1 Y6=1 X6=1 Z6=1 C6=1 R6=1 S6=1 Y5=1 X5=1 Z5=1 C5=1 R5=1 S5=1 Y4=1 X4=1 Z4=1 C4=1 R4=1 S4=1 Y3=1 X3=1 Z3=1 C3=1 R3=1 S3=1 Y2=1 X2=1 Z2=1 C2=1 R2=1 S2=1 Y1=1 X1=1 Z1=1 C1=1 R1=1 S1=1 Y0=1 X0=1 Z0=1 C0=1 R0=1 S0=1] Compute] 
vgg16_13layer_2026-02-26T11:42:44.674038,vgg16,13layer,full,13,eyeriss,thesis_arch,1056,524,128,512,4,1,False,False,"Ill-posed constraints:
CONSTRAINTS VIOLATION: Arch: Eyeriss_Constrained_13L_tile1_4x512 -> Level: WRegister: memory footprint: 9579 VS memory available: 4800
CONSTRAINTS VIOLATION: Arch: Eyeriss_Constrained_13L_tile1_4x512 -> Level: IntermediateRegister: memory footprint: 889 VS memory available: 350
CONSTRAINTS VIOLATION: Arch: Eyeriss_Constrained_13L_tile1_4x512 -> Level: OutRegister: memory footprint: 128 VS memory available: 64",0.000e+00,0.000e+00,0.00e+00,0,0.0,0.0,
vgg16_13layer_2026-02-26T11:42:45.282864,vgg16,13layer,full,13,eyeriss,thesis_arch,1056,524,128,512,16,1,False,True,,4.238e+05,5.681e+06,2.42e+06,"(36182374080, 18423974912)",0.0022272435016930103,0.7904059886932373,DRAM[P=14 Q=14 Z12=1 C12=1 R12=1 S12=1 Y11=14 X11=14 Z11=1 C11=1 R11=1 S11=1 Y10=14 X10=14 Z10=1 C10=1 R10=1 S10=1 Y9=28 X9=28 Z9=1 C9=1 R9=1 S9=1 Y8=28 X8=28 Z8=1 C8=1 R8=1 S8=1 Y7=28 X7=28 Z7=1 C7=1 R7=1 S7=1 Y6=56 X6=56 Z6=1 C6=1 R6=1 S6=1 Y5=56 X5=56 Z5=1 C5=1 R5=1 S5=1 Y4=56 X4=56 Z4=1 C4=1 R4=1 S4=1 Y3=112 X3=112 Z3=1 C3=1 R3=1 S3=1 Y2=112 X2=112 Z2=1 C2=1 R2=1 S2=1 Y1=224 X1=224 Z1=1 C1=1 R1=1 S1=1 Y0=224 X0=224 Z0=1 C0=1 R0=1 S0=1] GlobalBuffer[P=1 Q=1 Z12=1 C12=1 R12=1 S12=1 Y11=1 X11=1 Z11=1 C11=1 R11=1 S11=1 Y10=1 X10=1 Z10=1 C10=1 R10=1 S10=1 Y9=1 X9=1 Z9=1 C9=1 R9=1 S9=1 Y8=1 X8=1 Z8=1 C8=1 R8=1 S8=1 Y7=1 X7=1 Z7=1 C7=1 R7=1 S7=1 Y6=1 X6=1 Z6=1 C6=1 R6=1 S6=1 Y5=1 X5=1 Z5=1 C5=1 R5=1 S5=1 Y4=1 X4=1 Z4=1 C4=1 R4=1 S4=1 Y3=1 X3=1 Z3=1 C3=1 R3=1 S3=1 Y2=1 X2=1 Z2=1 C2=1 R2=1 S2=1 Y1=1 X1=1 Z1=1 C1=1 R1=1 S1=1 Y0=1 X0=1 Z0=1 C0=1 R0=1 S0=1] SACols[Q=1 Z12=16] SARows[S12=3 C12=128 Z12=1] SACols_11[X11=1 Z11=16] SARows_11[S11=3 C11=128 Z11=1] SACols_10[X10=1 Z10=16] SARows_10[S10=3 C10=128 Z10=1] SACols_9[X9=1 Z9=16] SARows_9[S9=3 C9=128 Z9=1] SACols_8[X8=1 Z8=16] SARows_8[S8=3 C8=128 Z8=1] SACols_7[X7=1 Z7=16] SARows_7[S7=3 C7=128 Z7=1] SACols_6[X6=1 Z6=16] SARows_6[S6=3 C6=128 Z6=1] SACols_5[X5=1 Z5=16] SARows_5[S5=3 C5=128 Z5=1] SACols_4[X4=1 Z4=16] SARows_4[S4=3 C4=128 Z4=1] SACols_3[X3=1 Z3=16] SARows_3[S3=3 C3=128 Z3=1] SACols_2[X2=1 Z2=16] SARows_2[S2=3 C2=64 Z2=2] SACols_1[X1=1 Z1=16] SARows_1[S1=3 C1=64 Z1=2] SACols_0[X0=1 Z0=16] SARows_0[S0=3 C0=3 Z0=4] InRegister[P=1 Q=1 Z12=1 C12=1 R12=1 S12=1 Y11=1 X11=1 Z11=1 C11=1 R11=1 S11=1 Y10=1 X10=1 Z10=1 C10=1 R10=1 S10=1 Y9=1 X9=1 Z9=1 C9=1 R9=1 S9=1 Y8=1 X8=1 Z8=1 C8=1 R8=1 S8=1 Y7=1 X7=1 Z7=1 C7=1 R7=1 S7=1 Y6=1 X6=1 Z6=1 C6=1 R6=1 S6=1 Y5=1 X5=1 Z5=1 C5=1 R5=1 S5=1 Y4=1 X4=1 Z4=1 C4=1 R4=1 S4=1 Y3=1 X3=1 Z3=1 C3=1 R3=1 S3=1 Y2=1 X2=1 Z2=1 C2=1 R2=1 S2=1 Y1=1 X1=1 Z1=1 C1=1 R1=1 S1=1 Y0=1 X0=1 Z0=1 C0=1 R0=1 S0=1] WRegister[P=1 Q=1 Z12=1 C12=4 R12=3 S12=1 Y11=1 X11=1 Z11=1 C11=4 R11=3 S11=1 Y10=1 X10=1 Z10=1 C10=4 R10=3 S10=1 Y9=1 X9=1 Z9=1 C9=4 R9=3 S9=1 Y8=1 X8=1 Z8=1 C8=4 R8=3 S8=1 Y7=1 X7=1 Z7=1 C7=2 R7=3 S7=1 Y6=1 X6=1 Z6=1 C6=2 R6=3 S6=1 Y5=1 X5=1 Z5=1 C5=2 R5=3 S5=1 Y4=1 X4=1 Z4=1 C4=1 R4=3 S4=1 Y3=1 X3=1 Z3=1 C3=1 R3=3 S3=1 Y2=1 X2=1 Z2=1 C2=1 R2=3 S2=1 Y1=1 X1=1 Z1=1 C1=1 R1=3 S1=1 Y0=1 X0=1 Z0=1 C0=1 R0=3 S0=1] IntermediateRegister[P=1 Q=1 Z12=1 C12=1 R12=1 S12=1 Y11=1 X11=1 Z11=32 C11=1 R11=1 S11=1 Y10=1 X10=1 Z10=32 C10=1 R10=1 S10=1 Y9=1 X9=1 Z9=32 C9=1 R9=1 S9=1 Y8=1 X8=1 Z8=32 C8=1 R8=1 S8=1 Y7=1 X7=1 Z7=32 C7=1 R7=1 S7=1 Y6=1 X6=1 Z6=16 C6=1 R6=1 S6=1 Y5=1 X5=1 Z5=16 C5=1 R5=1 S5=1 Y4=1 X4=1 Z4=16 C4=1 R4=1 S4=1 Y3=1 X3=1 Z3=8 C3=1 R3=1 S3=1 Y2=1 X2=1 Z2=4 C2=1 R2=1 S2=1 Y1=1 X1=1 Z1=2 C1=1 R1=1 S1=1 Y0=1 X0=1 Z0=1 C0=1 R0=1 S0=1] OutRegister[P=1 Q=1 Z12=32 C12=1 R12=1 S12=1 Y11=1 X11=1 Z11=1 C11=1 R11=1 S11=1 Y10=1 X10=1 Z10=1 C10=1 R10=1 S10=1 Y9=1 X9=1 Z9=1 C9=1 R9=1 S9=1 Y8=1 X8=1 Z8=1 C8=1 R8=1 S8=1 Y7=1 X7=1 Z7=1 C7=1 R7=1 S7=1 Y6=1 X6=1 Z6=1 C6=1 R6=1 S6=1 Y5=1 X5=1 Z5=1 C5=1 R5=1 S5=1 Y4=1 X4=1 Z4=1 C4=1 R4=1 S4=1 Y3=1 X3=1 Z3=1 C3=1 R3=1 S3=1 Y2=1 X2=1 Z2=1 C2=1 R2=1 S2=1 Y1=1 X1=1 Z1=1 C1=1 R1=1 S1=1 Y0=1 X0=1 Z0=1 C0=1 R0=1 S0=1] Compute] 
vgg16_13layer_2026-02-26T11:42:46.681367,vgg16,13layer,full,13,eyeriss,thesis_arch,1056,524,128,512,32,1,False,True,,4.275e+05,5.455e+06,2.35e+06,"(38032062144, 18423974912)",0.0011136217508465052,1.4809396266937256,DRAM[P=14 Q=14 Z12=1 C12=1 R12=1 S12=1 Y11=14 X11=14 Z11=1 C11=1 R11=1 S11=1 Y10=14 X10=14 Z10=1 C10=1 R10=1 S10=1 Y9=28 X9=28 Z9=1 C9=1 R9=1 S9=1 Y8=28 X8=28 Z8=1 C8=1 R8=1 S8=1 Y7=28 X7=28 Z7=1 C7=1 R7=1 S7=1 Y6=56 X6=56 Z6=1 C6=1 R6=1 S6=1 Y5=56 X5=56 Z5=1 C5=1 R5=1 S5=1 Y4=56 X4=56 Z4=1 C4=1 R4=1 S4=1 Y3=112 X3=112 Z3=1 C3=1 R3=1 S3=1 Y2=112 X2=112 Z2=1 C2=1 R2=1 S2=1 Y1=224 X1=224 Z1=1 C1=1 R1=1 S1=1 Y0=224 X0=224 Z0=1 C0=1 R0=1 S0=1] GlobalBuffer[P=1 Q=1 Z12=1 C12=1 R12=1 S12=1 Y11=1 X11=1 Z11=1 C11=1 R11=1 S11=1 Y10=1 X10=1 Z10=1 C10=1 R10=1 S10=1 Y9=1 X9=1 Z9=1 C9=1 R9=1 S9=1 Y8=1 X8=1 Z8=1 C8=1 R8=1 S8=1 Y7=1 X7=1 Z7=1 C7=1 R7=1 S7=1 Y6=1 X6=1 Z6=1 C6=1 R6=1 S6=1 Y5=1 X5=1 Z5=1 C5=1 R5=1 S5=1 Y4=1 X4=1 Z4=1 C4=1 R4=1 S4=1 Y3=1 X3=1 Z3=1 C3=1 R3=1 S3=1 Y2=1 X2=1 Z2=1 C2=1 R2=1 S2=1 Y1=1 X1=1 Z1=1 C1=1 R1=1 S1=1 Y0=1 X0=1 Z0=1 C0=1 R0=1 S0=1] SACols[Q=1 Z12=32] SARows[S12=3 C12=128 Z12=1] SACols_11[X11=1 Z11=32] SARows_11[S11=3 C11=128 Z11=1] SACols_10[X10=1 Z10=32] SARows_10[S10=3 C10=128 Z10=1] SACols_9[X9=1 Z9=32] SARows_9[S9=3 C9=128 Z9=1] SACols_8[X8=1 Z8=32] SARows_8[S8=3 C8=128 Z8=1] SACols_7[X7=1 Z7=32] SARows_7[S7=3 C7=128 Z7=1] SACols_6[X6=1 Z6=32] SARows_6[S6=3 C6=128 Z6=1] SACols_5[X5=1 Z5=32] SARows_5[S5=3 C5=128 Z5=1] SACols_4[X4=1 Z4=32] SARows_4[S4=3 C4=128 Z4=1] SACols_3[X3=1 Z3=32] SARows_3[S3=3 C3=128 Z3=1] SACols_2[X2=1 Z2=32] SARows_2[S2=3 C2=64 Z2=2] SACols_1[X1=1 Z1=32] SARows_1[S1=3 C1=64 Z1=2] SACols_0[X0=1 Z0=32] SARows_0[S0=3 C0=3 Z0=2] InRegister[P=1 Q=1 Z12=1 C12=1 R12=1 S12=1 Y11=1 X11=1 Z11=1 C11=1 R11=1 S11=1 Y10=1 X10=1 Z10=1 C10=1 R10=1 S10=1 Y9=1 X9=1 Z9=1 C9=1 R9=1 S9=1 Y8=1 X8=1 Z8=1 C8=1 R8=1 S8=1 Y7=1 X7=1 Z7=1 C7=1 R7=1 S7=1 Y6=1 X6=1 Z6=1 C6=1 R6=1 S6=1 Y5=1 X5=1 Z5=1 C5=1 R5=1 S5=1 Y4=1 X4=1 Z4=1 C4=1 R4=1 S4=1 Y3=1 X3=1 Z3=1 C3=1 R3=1 S3=1 Y2=1 X2=1 Z2=1 C2=1 R2=1 S2=1 Y1=1 X1=1 Z1=1 C1=1 R1=1 S1=1 Y0=1 X0=1 Z0=1 C0=1 R0=1 S0=1] WRegister[P=1 Q=1 Z12=1 C12=4 R12=3 S12=1 Y11=1 X11=1 Z11=1 C11=4 R11=3 S11=1 Y10=1 X10=1 Z10=1 C10=4 R10=3 S10=1 Y9=1 X9=1 Z9=1 C9=4 R9=3 S9=1 Y8=1 X8=1 Z8=1 C8=4 R8=3 S8=1 Y7=1 X7=1 Z7=1 C7=2 R7=3 S7=1 Y6=1 X6=1 Z6=1 C6=2 R6=3 S6=1 Y5=1 X5=1 Z5=1 C5=2 R5=3 S5=1 Y4=1 X4=1 Z4=1 C4=1 R4=3 S4=1 Y3=1 X3=1 Z3=1 C3=1 R3=3 S3=1 Y2=1 X2=1 Z2=1 C2=1 R2=3 S2=1 Y1=1 X1=1 Z1=1 C1=1 R1=3 S1=1 Y0=1 X0=1 Z0=1 C0=1 R0=3 S0=1] IntermediateRegister[P=1 Q=1 Z12=1 C12=1 R12=1 S12=1 Y11=1 X11=1 Z11=16 C11=1 R11=1 S11=1 Y10=1 X10=1 Z10=16 C10=1 R10=1 S10=1 Y9=1 X9=1 Z9=16 C9=1 R9=1 S9=1 Y8=1 X8=1 Z8=16 C8=1 R8=1 S8=1 Y7=1 X7=1 Z7=16 C7=1 R7=1 S7=1 Y6=1 X6=1 Z6=8 C6=1 R6=1 S6=1 Y5=1 X5=1 Z5=8 C5=1 R5=1 S5=1 Y4=1 X4=1 Z4=8 C4=1 R4=1 S4=1 Y3=1 X3=1 Z3=4 C3=1 R3=1 S3=1 Y2=1 X2=1 Z2=2 C2=1 R2=1 S2=1 Y1=1 X1=1 Z1=1 C1=1 R1=1 S1=1 Y0=1 X0=1 Z0=1 C0=1 R0=1 S0=1] OutRegister[P=1 Q=1 Z12=16 C12=1 R12=1 S12=1 Y11=1 X11=1 Z11=1 C11=1 R11=1 S11=1 Y10=1 X10=1 Z10=1 C10=1 R10=1 S10=1 Y9=1 X9=1 Z9=1 C9=1 R9=1 S9=1 Y8=1 X8=1 Z8=1 C8=1 R8=1 S8=1 Y7=1 X7=1 Z7=1 C7=1 R7=1 S7=1 Y6=1 X6=1 Z6=1 C6=1 R6=1 S6=1 Y5=1 X5=1 Z5=1 C5=1 R5=1 S5=1 Y4=1 X4=1 Z4=1 C4=1 R4=1 S4=1 Y3=1 X3=1 Z3=1 C3=1 R3=1 S3=1 Y2=1 X2=1 Z2=1 C2=1 R2=1 S2=1 Y1=1 X1=1 Z1=1 C1=1 R1=1 S1=1 Y0=1 X0=1 Z0=1 C0=1 R0=1 S0=1] Compute] 
