experiment_id,workload_name,workload_variant,fusion_level,num_fused_layers,arch_type,arch_name,fmem_size_kB,wmem_size_kB,gb_size_kB,pe_rows,pe_cols,tile_size,scale_bandwidth,success,error_message,energy_uJ,latency_cycles,edp,mops,utilization,mapping_time_s,mapping
mccnn_4layer_2026-02-25T17:44:30.020887,mccnn,4layer,full,4,eyeriss,thesis_arch,1056,524,128,4,4,69,False,False,"Ill-posed constraints:
CONSTRAINTS VIOLATION: Arch: Eyeriss_Constrained_4L_tile69_4x4 -> Level: InRegister: memory footprint: 294 VS memory available: 34
CONSTRAINTS VIOLATION: Arch: Eyeriss_Constrained_4L_tile69_4x4 -> Level: WRegister: memory footprint: 2328 VS memory available: 600",0.000e+00,0.000e+00,0.00e+00,0,0.0,0.0,
mccnn_4layer_2026-02-25T17:44:30.572533,mccnn,4layer,full,4,eyeriss,thesis_arch,1056,524,128,4,16,69,False,False,"Ill-posed constraints:
CONSTRAINTS VIOLATION: Arch: Eyeriss_Constrained_4L_tile69_16x4 -> Level: InRegister: memory footprint: 294 VS memory available: 34",0.000e+00,0.000e+00,0.00e+00,0,0.0,0.0,
mccnn_4layer_2026-02-25T17:44:31.104895,mccnn,4layer,full,4,eyeriss,thesis_arch,1056,524,128,4,32,69,False,False,"Ill-posed constraints:
CONSTRAINTS VIOLATION: Arch: Eyeriss_Constrained_4L_tile69_32x4 -> Level: InRegister: memory footprint: 294 VS memory available: 34",0.000e+00,0.000e+00,0.00e+00,0,0.0,0.0,
mccnn_4layer_2026-02-25T17:44:31.350487,mccnn,4layer,full,4,eyeriss,thesis_arch,1056,524,128,4,64,69,False,False,"Ill-posed constraints:
CONSTRAINTS VIOLATION: Arch: Eyeriss_Constrained_4L_tile69_64x4 -> Level: InRegister: memory footprint: 294 VS memory available: 34",0.000e+00,0.000e+00,0.00e+00,0,0.0,0.0,
mccnn_4layer_2026-02-25T17:44:31.702352,mccnn,4layer,full,4,eyeriss,thesis_arch,1056,524,128,4,128,69,False,False,"Ill-posed constraints:
CONSTRAINTS VIOLATION: Arch: Eyeriss_Constrained_4L_tile69_128x4 -> Level: InRegister: memory footprint: 294 VS memory available: 34",0.000e+00,0.000e+00,0.00e+00,0,0.0,0.0,
mccnn_4layer_2026-02-25T17:44:31.959212,mccnn,4layer,full,4,eyeriss,thesis_arch,1056,524,128,4,256,69,False,False,"Ill-posed constraints:
CONSTRAINTS VIOLATION: Arch: Eyeriss_Constrained_4L_tile69_256x4 -> Level: InRegister: memory footprint: 294 VS memory available: 34",0.000e+00,0.000e+00,0.00e+00,0,0.0,0.0,
mccnn_4layer_2026-02-25T17:44:32.269474,mccnn,4layer,full,4,eyeriss,thesis_arch,1056,524,128,4,512,69,False,False,"Ill-posed constraints:
CONSTRAINTS VIOLATION: Arch: Eyeriss_Constrained_4L_tile69_512x4 -> Level: InRegister: memory footprint: 294 VS memory available: 34",0.000e+00,0.000e+00,0.00e+00,0,0.0,0.0,
mccnn_4layer_2026-02-25T17:44:32.549515,mccnn,4layer,full,4,eyeriss,thesis_arch,1056,524,128,16,4,69,False,False,"Ill-posed constraints:
CONSTRAINTS VIOLATION: Arch: Eyeriss_Constrained_4L_tile69_4x16 -> Level: InRegister: memory footprint: 78 VS memory available: 34",0.000e+00,0.000e+00,0.00e+00,0,0.0,0.0,
mccnn_4layer_2026-02-25T17:44:32.831702,mccnn,4layer,full,4,eyeriss,thesis_arch,1056,524,128,16,16,69,False,False,"Ill-posed constraints:
CONSTRAINTS VIOLATION: Arch: Eyeriss_Constrained_4L_tile69_16x16 -> Level: InRegister: memory footprint: 78 VS memory available: 34",0.000e+00,0.000e+00,0.00e+00,0,0.0,0.0,
mccnn_4layer_2026-02-25T17:44:33.046713,mccnn,4layer,full,4,eyeriss,thesis_arch,1056,524,128,16,32,69,False,False,"Ill-posed constraints:
CONSTRAINTS VIOLATION: Arch: Eyeriss_Constrained_4L_tile69_32x16 -> Level: InRegister: memory footprint: 78 VS memory available: 34",0.000e+00,0.000e+00,0.00e+00,0,0.0,0.0,
mccnn_4layer_2026-02-25T17:44:33.262781,mccnn,4layer,full,4,eyeriss,thesis_arch,1056,524,128,16,64,69,False,False,"Ill-posed constraints:
CONSTRAINTS VIOLATION: Arch: Eyeriss_Constrained_4L_tile69_64x16 -> Level: InRegister: memory footprint: 78 VS memory available: 34",0.000e+00,0.000e+00,0.00e+00,0,0.0,0.0,
mccnn_4layer_2026-02-25T17:44:33.553651,mccnn,4layer,full,4,eyeriss,thesis_arch,1056,524,128,16,128,69,False,False,"Ill-posed constraints:
CONSTRAINTS VIOLATION: Arch: Eyeriss_Constrained_4L_tile69_128x16 -> Level: InRegister: memory footprint: 78 VS memory available: 34",0.000e+00,0.000e+00,0.00e+00,0,0.0,0.0,
mccnn_4layer_2026-02-25T17:44:33.830838,mccnn,4layer,full,4,eyeriss,thesis_arch,1056,524,128,16,256,69,False,False,"Ill-posed constraints:
CONSTRAINTS VIOLATION: Arch: Eyeriss_Constrained_4L_tile69_256x16 -> Level: InRegister: memory footprint: 78 VS memory available: 34",0.000e+00,0.000e+00,0.00e+00,0,0.0,0.0,
mccnn_4layer_2026-02-25T17:44:34.030650,mccnn,4layer,full,4,eyeriss,thesis_arch,1056,524,128,16,512,69,False,False,"Ill-posed constraints:
CONSTRAINTS VIOLATION: Arch: Eyeriss_Constrained_4L_tile69_512x16 -> Level: InRegister: memory footprint: 78 VS memory available: 34",0.000e+00,0.000e+00,0.00e+00,0,0.0,0.0,
mccnn_4layer_2026-02-25T17:44:34.317658,mccnn,4layer,full,4,eyeriss,thesis_arch,1056,524,128,32,4,69,False,False,"Ill-posed constraints:
CONSTRAINTS VIOLATION: Arch: Eyeriss_Constrained_4L_tile69_4x32 -> Level: InRegister: memory footprint: 42 VS memory available: 34",0.000e+00,0.000e+00,0.00e+00,0,0.0,0.0,
mccnn_4layer_2026-02-25T17:44:34.528675,mccnn,4layer,full,4,eyeriss,thesis_arch,1056,524,128,32,16,69,False,False,"Ill-posed constraints:
CONSTRAINTS VIOLATION: Arch: Eyeriss_Constrained_4L_tile69_16x32 -> Level: InRegister: memory footprint: 42 VS memory available: 34",0.000e+00,0.000e+00,0.00e+00,0,0.0,0.0,
mccnn_4layer_2026-02-25T17:44:34.866773,mccnn,4layer,full,4,eyeriss,thesis_arch,1056,524,128,32,32,69,False,False,"Ill-posed constraints:
CONSTRAINTS VIOLATION: Arch: Eyeriss_Constrained_4L_tile69_32x32 -> Level: InRegister: memory footprint: 42 VS memory available: 34",0.000e+00,0.000e+00,0.00e+00,0,0.0,0.0,
mccnn_4layer_2026-02-25T17:44:35.073396,mccnn,4layer,full,4,eyeriss,thesis_arch,1056,524,128,32,64,69,False,False,"Ill-posed constraints:
CONSTRAINTS VIOLATION: Arch: Eyeriss_Constrained_4L_tile69_64x32 -> Level: InRegister: memory footprint: 42 VS memory available: 34",0.000e+00,0.000e+00,0.00e+00,0,0.0,0.0,
mccnn_4layer_2026-02-25T17:44:35.362732,mccnn,4layer,full,4,eyeriss,thesis_arch,1056,524,128,32,128,69,False,False,"Ill-posed constraints:
CONSTRAINTS VIOLATION: Arch: Eyeriss_Constrained_4L_tile69_128x32 -> Level: InRegister: memory footprint: 42 VS memory available: 34",0.000e+00,0.000e+00,0.00e+00,0,0.0,0.0,
mccnn_4layer_2026-02-25T17:44:35.673614,mccnn,4layer,full,4,eyeriss,thesis_arch,1056,524,128,32,256,69,False,False,"Ill-posed constraints:
CONSTRAINTS VIOLATION: Arch: Eyeriss_Constrained_4L_tile69_256x32 -> Level: InRegister: memory footprint: 42 VS memory available: 34",0.000e+00,0.000e+00,0.00e+00,0,0.0,0.0,
mccnn_4layer_2026-02-25T17:44:35.893896,mccnn,4layer,full,4,eyeriss,thesis_arch,1056,524,128,32,512,69,False,False,"Ill-posed constraints:
CONSTRAINTS VIOLATION: Arch: Eyeriss_Constrained_4L_tile69_512x32 -> Level: InRegister: memory footprint: 42 VS memory available: 34",0.000e+00,0.000e+00,0.00e+00,0,0.0,0.0,
mccnn_4layer_2026-02-25T17:44:36.191597,mccnn,4layer,full,4,eyeriss,thesis_arch,1056,524,128,64,4,69,False,True,,5.410e+04,6.865e+07,3.73e+06,"(33281613792, 14645336112)",0.158203125,0.053820133209228516,DRAM[P=376 Q=18 Z3=1 C3=1 R3=1 S3=1 Y2=376 X2=18 Z2=1 C2=1 R2=1 S2=1 Y1=376 X1=18 Z1=1 C1=1 R1=1 S1=1 Y0=376 X0=18 Z0=1 C0=1 R0=1 S0=1] GlobalBuffer[P=1 Q=69 Z3=1 C3=1 R3=1 S3=1 Y2=1 X2=69 Z2=1 C2=1 R2=1 S2=1 Y1=1 X1=69 Z1=1 C1=1 R1=1 S1=1 Y0=1 X0=69 Z0=1 C0=1 R0=1 S0=1] SACols[Q=1 Z3=4] SARows[S3=3 C3=16 Z3=1] SACols_2[X2=1 Z2=4] SARows_2[S2=3 C2=16 Z2=1] SACols_1[X1=1 Z1=4] SARows_1[S1=3 C1=16 Z1=1] SACols_0[X0=1 Z0=4] SARows_0[S0=3 C0=1 Z0=8] InRegister[P=1 Q=1 Z3=1 C3=1 R3=1 S3=1 Y2=1 X2=1 Z2=1 C2=1 R2=1 S2=1 Y1=1 X1=1 Z1=1 C1=1 R1=1 S1=1 Y0=1 X0=1 Z0=1 C0=1 R0=1 S0=1] WRegister[P=1 Q=1 Z3=1 C3=2 R3=3 S3=1 Y2=1 X2=1 Z2=1 C2=2 R2=3 S2=1 Y1=1 X1=1 Z1=1 C1=2 R1=3 S1=1 Y0=1 X0=1 Z0=1 C0=1 R0=3 S0=1] IntermediateRegister[P=1 Q=1 Z3=1 C3=1 R3=1 S3=1 Y2=1 X2=1 Z2=8 C2=1 R2=1 S2=1 Y1=1 X1=1 Z1=8 C1=1 R1=1 S1=1 Y0=1 X0=1 Z0=1 C0=1 R0=1 S0=1] OutRegister[P=1 Q=1 Z3=8 C3=1 R3=1 S3=1 Y2=1 X2=1 Z2=1 C2=1 R2=1 S2=1 Y1=1 X1=1 Z1=1 C1=1 R1=1 S1=1 Y0=1 X0=1 Z0=1 C0=1 R0=1 S0=1] Compute] 
mccnn_4layer_2026-02-25T17:44:36.522898,mccnn,4layer,full,4,eyeriss,thesis_arch,1056,524,128,64,16,69,False,True,,5.526e+04,1.821e+07,1.02e+06,"(36509462496, 14645336112)",0.03955078125,0.06427216529846191,DRAM[P=376 Q=18 Z3=1 C3=1 R3=1 S3=1 Y2=376 X2=18 Z2=1 C2=1 R2=1 S2=1 Y1=376 X1=18 Z1=1 C1=1 R1=1 S1=1 Y0=376 X0=18 Z0=1 C0=1 R0=1 S0=1] GlobalBuffer[P=1 Q=69 Z3=1 C3=1 R3=1 S3=1 Y2=1 X2=69 Z2=1 C2=1 R2=1 S2=1 Y1=1 X1=69 Z1=1 C1=1 R1=1 S1=1 Y0=1 X0=69 Z0=1 C0=1 R0=1 S0=1] SACols[Q=1 Z3=16] SARows[S3=3 C3=16 Z3=1] SACols_2[X2=1 Z2=16] SARows_2[S2=3 C2=16 Z2=1] SACols_1[X1=1 Z1=16] SARows_1[S1=3 C1=16 Z1=1] SACols_0[X0=1 Z0=16] SARows_0[S0=3 C0=1 Z0=2] InRegister[P=1 Q=1 Z3=1 C3=1 R3=1 S3=1 Y2=1 X2=1 Z2=1 C2=1 R2=1 S2=1 Y1=1 X1=1 Z1=1 C1=1 R1=1 S1=1 Y0=1 X0=1 Z0=1 C0=1 R0=1 S0=1] WRegister[P=1 Q=1 Z3=1 C3=2 R3=3 S3=1 Y2=1 X2=1 Z2=1 C2=2 R2=3 S2=1 Y1=1 X1=1 Z1=1 C1=2 R1=3 S1=1 Y0=1 X0=1 Z0=1 C0=1 R0=3 S0=1] IntermediateRegister[P=1 Q=1 Z3=1 C3=1 R3=1 S3=1 Y2=1 X2=1 Z2=2 C2=1 R2=1 S2=1 Y1=1 X1=1 Z1=2 C1=1 R1=1 S1=1 Y0=1 X0=1 Z0=1 C0=1 R0=1 S0=1] OutRegister[P=1 Q=1 Z3=2 C3=1 R3=1 S3=1 Y2=1 X2=1 Z2=1 C2=1 R2=1 S2=1 Y1=1 X1=1 Z1=1 C1=1 R1=1 S1=1 Y0=1 X0=1 Z0=1 C0=1 R0=1 S0=1] Compute] 
mccnn_4layer_2026-02-25T17:44:36.807480,mccnn,4layer,full,4,eyeriss,thesis_arch,1056,524,128,64,32,69,False,True,,5.680e+04,1.261e+07,7.36e+05,"(40813260768, 14645336112)",0.019775390625,0.04992866516113281,DRAM[P=376 Q=18 Z3=1 C3=1 R3=1 S3=1 Y2=376 X2=18 Z2=1 C2=1 R2=1 S2=1 Y1=376 X1=18 Z1=1 C1=1 R1=1 S1=1 Y0=376 X0=18 Z0=1 C0=1 R0=1 S0=1] GlobalBuffer[P=1 Q=69 Z3=1 C3=1 R3=1 S3=1 Y2=1 X2=69 Z2=1 C2=1 R2=1 S2=1 Y1=1 X1=69 Z1=1 C1=1 R1=1 S1=1 Y0=1 X0=69 Z0=1 C0=1 R0=1 S0=1] SACols[Q=1 Z3=32] SARows[S3=3 C3=16 Z3=1] SACols_2[X2=1 Z2=32] SARows_2[S2=3 C2=16 Z2=1] SACols_1[X1=1 Z1=32] SARows_1[S1=3 C1=16 Z1=1] SACols_0[X0=1 Z0=32] SARows_0[S0=3 C0=1 Z0=1] InRegister[P=1 Q=1 Z3=1 C3=1 R3=1 S3=1 Y2=1 X2=1 Z2=1 C2=1 R2=1 S2=1 Y1=1 X1=1 Z1=1 C1=1 R1=1 S1=1 Y0=1 X0=1 Z0=1 C0=1 R0=1 S0=1] WRegister[P=1 Q=1 Z3=1 C3=2 R3=3 S3=1 Y2=1 X2=1 Z2=1 C2=2 R2=3 S2=1 Y1=1 X1=1 Z1=1 C1=2 R1=3 S1=1 Y0=1 X0=1 Z0=1 C0=1 R0=3 S0=1] IntermediateRegister[P=1 Q=1 Z3=1 C3=1 R3=1 S3=1 Y2=1 X2=1 Z2=1 C2=1 R2=1 S2=1 Y1=1 X1=1 Z1=1 C1=1 R1=1 S1=1 Y0=1 X0=1 Z0=1 C0=1 R0=1 S0=1] OutRegister[P=1 Q=1 Z3=1 C3=1 R3=1 S3=1 Y2=1 X2=1 Z2=1 C2=1 R2=1 S2=1 Y1=1 X1=1 Z1=1 C1=1 R1=1 S1=1 Y0=1 X0=1 Z0=1 C0=1 R0=1 S0=1] Compute] 
mccnn_4layer_2026-02-25T17:44:37.131819,mccnn,4layer,full,4,eyeriss,thesis_arch,1056,524,128,64,64,69,False,True,,5.680e+04,1.261e+07,7.36e+05,"(40813260768, 14645336112)",0.0012359619140625,0.06390500068664551,DRAM[P=376 Q=18 Z3=1 C3=1 R3=1 S3=1 Y2=376 X2=18 Z2=1 C2=1 R2=1 S2=1 Y1=376 X1=18 Z1=1 C1=1 R1=1 S1=1 Y0=376 X0=18 Z0=1 C0=1 R0=1 S0=1] GlobalBuffer[P=1 Q=69 Z3=1 C3=1 R3=1 S3=1 Y2=1 X2=69 Z2=1 C2=1 R2=1 S2=1 Y1=1 X1=69 Z1=1 C1=1 R1=1 S1=1 Y0=1 X0=69 Z0=1 C0=1 R0=1 S0=1] SACols[Q=1 Z3=32] SARows[S3=3 C3=16 Z3=1] SACols_2[X2=1 Z2=32] SARows_2[S2=3 C2=16 Z2=1] SACols_1[X1=1 Z1=32] SARows_1[S1=3 C1=16 Z1=1] SACols_0[X0=1 Z0=32] SARows_0[S0=3 C0=1 Z0=1] InRegister[P=1 Q=1 Z3=1 C3=1 R3=1 S3=1 Y2=1 X2=1 Z2=1 C2=1 R2=1 S2=1 Y1=1 X1=1 Z1=1 C1=1 R1=1 S1=1 Y0=1 X0=1 Z0=1 C0=1 R0=1 S0=1] WRegister[P=1 Q=1 Z3=1 C3=2 R3=3 S3=1 Y2=1 X2=1 Z2=1 C2=2 R2=3 S2=1 Y1=1 X1=1 Z1=1 C1=2 R1=3 S1=1 Y0=1 X0=1 Z0=1 C0=1 R0=3 S0=1] IntermediateRegister[P=1 Q=1 Z3=1 C3=1 R3=1 S3=1 Y2=1 X2=1 Z2=1 C2=1 R2=1 S2=1 Y1=1 X1=1 Z1=1 C1=1 R1=1 S1=1 Y0=1 X0=1 Z0=1 C0=1 R0=1 S0=1] OutRegister[P=1 Q=1 Z3=1 C3=1 R3=1 S3=1 Y2=1 X2=1 Z2=1 C2=1 R2=1 S2=1 Y1=1 X1=1 Z1=1 C1=1 R1=1 S1=1 Y0=1 X0=1 Z0=1 C0=1 R0=1 S0=1] Compute] 
mccnn_4layer_2026-02-25T17:44:37.434003,mccnn,4layer,full,4,eyeriss,thesis_arch,1056,524,128,64,128,69,False,True,,5.680e+04,1.223e+07,7.13e+05,"(40813260768, 14645336112)",0.006257057189941406,0.06165313720703125,DRAM[P=376 Q=18 Z3=1 C3=1 R3=1 S3=1 Y2=376 X2=18 Z2=1 C2=1 R2=1 S2=1 Y1=376 X1=18 Z1=1 C1=1 R1=1 S1=1 Y0=376 X0=18 Z0=1 C0=1 R0=1 S0=1] GlobalBuffer[P=1 Q=23 Z3=1 C3=1 R3=1 S3=1 Y2=1 X2=23 Z2=1 C2=1 R2=1 S2=1 Y1=1 X1=23 Z1=1 C1=1 R1=1 S1=1 Y0=1 X0=23 Z0=1 C0=1 R0=1 S0=1] SACols[Q=3 Z3=32] SARows[S3=3 C3=16 Z3=1] SACols_2[X2=3 Z2=32] SARows_2[S2=3 C2=16 Z2=1] SACols_1[X1=3 Z1=32] SARows_1[S1=3 C1=16 Z1=1] SACols_0[X0=3 Z0=32] SARows_0[S0=3 C0=1 Z0=1] InRegister[P=1 Q=1 Z3=1 C3=1 R3=1 S3=1 Y2=1 X2=1 Z2=1 C2=1 R2=1 S2=1 Y1=1 X1=1 Z1=1 C1=1 R1=1 S1=1 Y0=1 X0=1 Z0=1 C0=1 R0=1 S0=1] WRegister[P=1 Q=1 Z3=1 C3=2 R3=3 S3=1 Y2=1 X2=1 Z2=1 C2=2 R2=3 S2=1 Y1=1 X1=1 Z1=1 C1=2 R1=3 S1=1 Y0=1 X0=1 Z0=1 C0=1 R0=3 S0=1] IntermediateRegister[P=1 Q=1 Z3=1 C3=1 R3=1 S3=1 Y2=1 X2=1 Z2=1 C2=1 R2=1 S2=1 Y1=1 X1=1 Z1=1 C1=1 R1=1 S1=1 Y0=1 X0=1 Z0=1 C0=1 R0=1 S0=1] OutRegister[P=1 Q=1 Z3=1 C3=1 R3=1 S3=1 Y2=1 X2=1 Z2=1 C2=1 R2=1 S2=1 Y1=1 X1=1 Z1=1 C1=1 R1=1 S1=1 Y0=1 X0=1 Z0=1 C0=1 R0=1 S0=1] Compute] 
mccnn_4layer_2026-02-25T17:44:37.814244,mccnn,4layer,full,4,eyeriss,thesis_arch,1056,524,128,64,256,69,False,True,,5.680e+04,1.223e+07,7.13e+05,"(40813260768, 14645336112)",0.0003910660743713379,0.060957908630371094,DRAM[P=376 Q=18 Z3=1 C3=1 R3=1 S3=1 Y2=376 X2=18 Z2=1 C2=1 R2=1 S2=1 Y1=376 X1=18 Z1=1 C1=1 R1=1 S1=1 Y0=376 X0=18 Z0=1 C0=1 R0=1 S0=1] GlobalBuffer[P=1 Q=23 Z3=1 C3=1 R3=1 S3=1 Y2=1 X2=23 Z2=1 C2=1 R2=1 S2=1 Y1=1 X1=23 Z1=1 C1=1 R1=1 S1=1 Y0=1 X0=23 Z0=1 C0=1 R0=1 S0=1] SACols[Q=3 Z3=32] SARows[S3=3 C3=16 Z3=1] SACols_2[X2=3 Z2=32] SARows_2[S2=3 C2=16 Z2=1] SACols_1[X1=3 Z1=32] SARows_1[S1=3 C1=16 Z1=1] SACols_0[X0=3 Z0=32] SARows_0[S0=3 C0=1 Z0=1] InRegister[P=1 Q=1 Z3=1 C3=1 R3=1 S3=1 Y2=1 X2=1 Z2=1 C2=1 R2=1 S2=1 Y1=1 X1=1 Z1=1 C1=1 R1=1 S1=1 Y0=1 X0=1 Z0=1 C0=1 R0=1 S0=1] WRegister[P=1 Q=1 Z3=1 C3=2 R3=3 S3=1 Y2=1 X2=1 Z2=1 C2=2 R2=3 S2=1 Y1=1 X1=1 Z1=1 C1=2 R1=3 S1=1 Y0=1 X0=1 Z0=1 C0=1 R0=3 S0=1] IntermediateRegister[P=1 Q=1 Z3=1 C3=1 R3=1 S3=1 Y2=1 X2=1 Z2=1 C2=1 R2=1 S2=1 Y1=1 X1=1 Z1=1 C1=1 R1=1 S1=1 Y0=1 X0=1 Z0=1 C0=1 R0=1 S0=1] OutRegister[P=1 Q=1 Z3=1 C3=1 R3=1 S3=1 Y2=1 X2=1 Z2=1 C2=1 R2=1 S2=1 Y1=1 X1=1 Z1=1 C1=1 R1=1 S1=1 Y0=1 X0=1 Z0=1 C0=1 R0=1 S0=1] Compute] 
mccnn_4layer_2026-02-25T17:44:38.131563,mccnn,4layer,full,4,eyeriss,thesis_arch,1056,524,128,128,4,69,False,True,,5.513e+04,3.502e+07,1.94e+06,"(34716213216, 16079935536)",0.0791015625,0.0742342472076416,DRAM[P=376 Q=18 Z3=1 C3=1 R3=1 S3=1 Y2=376 X2=18 Z2=1 C2=1 R2=1 S2=1 Y1=376 X1=18 Z1=1 C1=1 R1=1 S1=1 Y0=376 X0=18 Z0=1 C0=1 R0=1 S0=1] GlobalBuffer[P=1 Q=69 Z3=1 C3=1 R3=1 S3=1 Y2=1 X2=69 Z2=1 C2=1 R2=1 S2=1 Y1=1 X1=69 Z1=1 C1=1 R1=1 S1=1 Y0=1 X0=69 Z0=1 C0=1 R0=1 S0=1] SACols[Q=1 Z3=4] SARows[S3=3 C3=32 Z3=1] SACols_2[X2=1 Z2=4] SARows_2[S2=3 C2=32 Z2=1] SACols_1[X1=1 Z1=4] SARows_1[S1=3 C1=32 Z1=1] SACols_0[X0=1 Z0=4] SARows_0[S0=3 C0=1 Z0=8] InRegister[P=1 Q=1 Z3=1 C3=1 R3=1 S3=1 Y2=1 X2=1 Z2=1 C2=1 R2=1 S2=1 Y1=1 X1=1 Z1=1 C1=1 R1=1 S1=1 Y0=1 X0=1 Z0=1 C0=1 R0=1 S0=1] WRegister[P=1 Q=1 Z3=1 C3=1 R3=3 S3=1 Y2=1 X2=1 Z2=1 C2=1 R2=3 S2=1 Y1=1 X1=1 Z1=1 C1=1 R1=3 S1=1 Y0=1 X0=1 Z0=1 C0=1 R0=3 S0=1] IntermediateRegister[P=1 Q=1 Z3=1 C3=1 R3=1 S3=1 Y2=1 X2=1 Z2=8 C2=1 R2=1 S2=1 Y1=1 X1=1 Z1=8 C1=1 R1=1 S1=1 Y0=1 X0=1 Z0=1 C0=1 R0=1 S0=1] OutRegister[P=1 Q=1 Z3=8 C3=1 R3=1 S3=1 Y2=1 X2=1 Z2=1 C2=1 R2=1 S2=1 Y1=1 X1=1 Z1=1 C1=1 R1=1 S1=1 Y0=1 X0=1 Z0=1 C0=1 R0=1 S0=1] Compute] 
mccnn_4layer_2026-02-25T17:44:38.477371,mccnn,4layer,full,4,eyeriss,thesis_arch,1056,524,128,128,16,69,False,True,,5.629e+04,1.261e+07,7.19e+05,"(37944061920, 16079935536)",0.019775390625,0.09357500076293945,DRAM[P=376 Q=18 Z3=1 C3=1 R3=1 S3=1 Y2=376 X2=18 Z2=1 C2=1 R2=1 S2=1 Y1=376 X1=18 Z1=1 C1=1 R1=1 S1=1 Y0=376 X0=18 Z0=1 C0=1 R0=1 S0=1] GlobalBuffer[P=1 Q=69 Z3=1 C3=1 R3=1 S3=1 Y2=1 X2=69 Z2=1 C2=1 R2=1 S2=1 Y1=1 X1=69 Z1=1 C1=1 R1=1 S1=1 Y0=1 X0=69 Z0=1 C0=1 R0=1 S0=1] SACols[Q=1 Z3=16] SARows[S3=3 C3=32 Z3=1] SACols_2[X2=1 Z2=16] SARows_2[S2=3 C2=32 Z2=1] SACols_1[X1=1 Z1=16] SARows_1[S1=3 C1=32 Z1=1] SACols_0[X0=1 Z0=16] SARows_0[S0=3 C0=1 Z0=2] InRegister[P=1 Q=1 Z3=1 C3=1 R3=1 S3=1 Y2=1 X2=1 Z2=1 C2=1 R2=1 S2=1 Y1=1 X1=1 Z1=1 C1=1 R1=1 S1=1 Y0=1 X0=1 Z0=1 C0=1 R0=1 S0=1] WRegister[P=1 Q=1 Z3=1 C3=1 R3=3 S3=1 Y2=1 X2=1 Z2=1 C2=1 R2=3 S2=1 Y1=1 X1=1 Z1=1 C1=1 R1=3 S1=1 Y0=1 X0=1 Z0=1 C0=1 R0=3 S0=1] IntermediateRegister[P=1 Q=1 Z3=1 C3=1 R3=1 S3=1 Y2=1 X2=1 Z2=2 C2=1 R2=1 S2=1 Y1=1 X1=1 Z1=2 C1=1 R1=1 S1=1 Y0=1 X0=1 Z0=1 C0=1 R0=1 S0=1] OutRegister[P=1 Q=1 Z3=2 C3=1 R3=1 S3=1 Y2=1 X2=1 Z2=1 C2=1 R2=1 S2=1 Y1=1 X1=1 Z1=1 C1=1 R1=1 S1=1 Y0=1 X0=1 Z0=1 C0=1 R0=1 S0=1] Compute] 
mccnn_4layer_2026-02-25T17:44:38.909478,mccnn,4layer,full,4,eyeriss,thesis_arch,1056,524,128,128,32,69,False,True,,5.783e+04,1.261e+07,7.49e+05,"(42247860192, 16079935536)",0.0098876953125,0.09541749954223633,DRAM[P=376 Q=18 Z3=1 C3=1 R3=1 S3=1 Y2=376 X2=18 Z2=1 C2=1 R2=1 S2=1 Y1=376 X1=18 Z1=1 C1=1 R1=1 S1=1 Y0=376 X0=18 Z0=1 C0=1 R0=1 S0=1] GlobalBuffer[P=1 Q=69 Z3=1 C3=1 R3=1 S3=1 Y2=1 X2=69 Z2=1 C2=1 R2=1 S2=1 Y1=1 X1=69 Z1=1 C1=1 R1=1 S1=1 Y0=1 X0=69 Z0=1 C0=1 R0=1 S0=1] SACols[Q=1 Z3=32] SARows[S3=3 C3=32 Z3=1] SACols_2[X2=1 Z2=32] SARows_2[S2=3 C2=32 Z2=1] SACols_1[X1=1 Z1=32] SARows_1[S1=3 C1=32 Z1=1] SACols_0[X0=1 Z0=32] SARows_0[S0=3 C0=1 Z0=1] InRegister[P=1 Q=1 Z3=1 C3=1 R3=1 S3=1 Y2=1 X2=1 Z2=1 C2=1 R2=1 S2=1 Y1=1 X1=1 Z1=1 C1=1 R1=1 S1=1 Y0=1 X0=1 Z0=1 C0=1 R0=1 S0=1] WRegister[P=1 Q=1 Z3=1 C3=1 R3=3 S3=1 Y2=1 X2=1 Z2=1 C2=1 R2=3 S2=1 Y1=1 X1=1 Z1=1 C1=1 R1=3 S1=1 Y0=1 X0=1 Z0=1 C0=1 R0=3 S0=1] IntermediateRegister[P=1 Q=1 Z3=1 C3=1 R3=1 S3=1 Y2=1 X2=1 Z2=1 C2=1 R2=1 S2=1 Y1=1 X1=1 Z1=1 C1=1 R1=1 S1=1 Y0=1 X0=1 Z0=1 C0=1 R0=1 S0=1] OutRegister[P=1 Q=1 Z3=1 C3=1 R3=1 S3=1 Y2=1 X2=1 Z2=1 C2=1 R2=1 S2=1 Y1=1 X1=1 Z1=1 C1=1 R1=1 S1=1 Y0=1 X0=1 Z0=1 C0=1 R0=1 S0=1] Compute] 
mccnn_4layer_2026-02-25T17:44:39.370447,mccnn,4layer,full,4,eyeriss,thesis_arch,1056,524,128,128,64,69,False,True,,5.783e+04,1.261e+07,7.49e+05,"(42247860192, 16079935536)",0.00061798095703125,0.061324119567871094,DRAM[P=376 Q=18 Z3=1 C3=1 R3=1 S3=1 Y2=376 X2=18 Z2=1 C2=1 R2=1 S2=1 Y1=376 X1=18 Z1=1 C1=1 R1=1 S1=1 Y0=376 X0=18 Z0=1 C0=1 R0=1 S0=1] GlobalBuffer[P=1 Q=69 Z3=1 C3=1 R3=1 S3=1 Y2=1 X2=69 Z2=1 C2=1 R2=1 S2=1 Y1=1 X1=69 Z1=1 C1=1 R1=1 S1=1 Y0=1 X0=69 Z0=1 C0=1 R0=1 S0=1] SACols[Q=1 Z3=32] SARows[S3=3 C3=32 Z3=1] SACols_2[X2=1 Z2=32] SARows_2[S2=3 C2=32 Z2=1] SACols_1[X1=1 Z1=32] SARows_1[S1=3 C1=32 Z1=1] SACols_0[X0=1 Z0=32] SARows_0[S0=3 C0=1 Z0=1] InRegister[P=1 Q=1 Z3=1 C3=1 R3=1 S3=1 Y2=1 X2=1 Z2=1 C2=1 R2=1 S2=1 Y1=1 X1=1 Z1=1 C1=1 R1=1 S1=1 Y0=1 X0=1 Z0=1 C0=1 R0=1 S0=1] WRegister[P=1 Q=1 Z3=1 C3=1 R3=3 S3=1 Y2=1 X2=1 Z2=1 C2=1 R2=3 S2=1 Y1=1 X1=1 Z1=1 C1=1 R1=3 S1=1 Y0=1 X0=1 Z0=1 C0=1 R0=3 S0=1] IntermediateRegister[P=1 Q=1 Z3=1 C3=1 R3=1 S3=1 Y2=1 X2=1 Z2=1 C2=1 R2=1 S2=1 Y1=1 X1=1 Z1=1 C1=1 R1=1 S1=1 Y0=1 X0=1 Z0=1 C0=1 R0=1 S0=1] OutRegister[P=1 Q=1 Z3=1 C3=1 R3=1 S3=1 Y2=1 X2=1 Z2=1 C2=1 R2=1 S2=1 Y1=1 X1=1 Z1=1 C1=1 R1=1 S1=1 Y0=1 X0=1 Z0=1 C0=1 R0=1 S0=1] Compute] 
mccnn_4layer_2026-02-25T17:44:39.757904,mccnn,4layer,full,4,eyeriss,thesis_arch,1056,524,128,128,128,69,False,True,,5.783e+04,1.223e+07,7.26e+05,"(42247860192, 16079935536)",0.003128528594970703,0.07034683227539062,DRAM[P=376 Q=18 Z3=1 C3=1 R3=1 S3=1 Y2=376 X2=18 Z2=1 C2=1 R2=1 S2=1 Y1=376 X1=18 Z1=1 C1=1 R1=1 S1=1 Y0=376 X0=18 Z0=1 C0=1 R0=1 S0=1] GlobalBuffer[P=1 Q=23 Z3=1 C3=1 R3=1 S3=1 Y2=1 X2=23 Z2=1 C2=1 R2=1 S2=1 Y1=1 X1=23 Z1=1 C1=1 R1=1 S1=1 Y0=1 X0=23 Z0=1 C0=1 R0=1 S0=1] SACols[Q=3 Z3=32] SARows[S3=3 C3=32 Z3=1] SACols_2[X2=3 Z2=32] SARows_2[S2=3 C2=32 Z2=1] SACols_1[X1=3 Z1=32] SARows_1[S1=3 C1=32 Z1=1] SACols_0[X0=3 Z0=32] SARows_0[S0=3 C0=1 Z0=1] InRegister[P=1 Q=1 Z3=1 C3=1 R3=1 S3=1 Y2=1 X2=1 Z2=1 C2=1 R2=1 S2=1 Y1=1 X1=1 Z1=1 C1=1 R1=1 S1=1 Y0=1 X0=1 Z0=1 C0=1 R0=1 S0=1] WRegister[P=1 Q=1 Z3=1 C3=1 R3=3 S3=1 Y2=1 X2=1 Z2=1 C2=1 R2=3 S2=1 Y1=1 X1=1 Z1=1 C1=1 R1=3 S1=1 Y0=1 X0=1 Z0=1 C0=1 R0=3 S0=1] IntermediateRegister[P=1 Q=1 Z3=1 C3=1 R3=1 S3=1 Y2=1 X2=1 Z2=1 C2=1 R2=1 S2=1 Y1=1 X1=1 Z1=1 C1=1 R1=1 S1=1 Y0=1 X0=1 Z0=1 C0=1 R0=1 S0=1] OutRegister[P=1 Q=1 Z3=1 C3=1 R3=1 S3=1 Y2=1 X2=1 Z2=1 C2=1 R2=1 S2=1 Y1=1 X1=1 Z1=1 C1=1 R1=1 S1=1 Y0=1 X0=1 Z0=1 C0=1 R0=1 S0=1] Compute] 
mccnn_4layer_2026-02-25T17:44:40.087064,mccnn,4layer,full,4,eyeriss,thesis_arch,1056,524,128,256,4,69,False,True,,5.552e+04,1.821e+07,1.02e+06,"(35792162784, 16079935536)",0.03955078125,0.06252765655517578,DRAM[P=376 Q=18 Z3=1 C3=1 R3=1 S3=1 Y2=376 X2=18 Z2=1 C2=1 R2=1 S2=1 Y1=376 X1=18 Z1=1 C1=1 R1=1 S1=1 Y0=376 X0=18 Z0=1 C0=1 R0=1 S0=1] GlobalBuffer[P=1 Q=69 Z3=1 C3=1 R3=1 S3=1 Y2=1 X2=69 Z2=1 C2=1 R2=1 S2=1 Y1=1 X1=69 Z1=1 C1=1 R1=1 S1=1 Y0=1 X0=69 Z0=1 C0=1 R0=1 S0=1] SACols[Q=1 Z3=4] SARows[S3=3 C3=32 Z3=2] SACols_2[X2=1 Z2=4] SARows_2[S2=3 C2=32 Z2=2] SACols_1[X1=1 Z1=4] SARows_1[S1=3 C1=32 Z1=2] SACols_0[X0=1 Z0=4] SARows_0[S0=3 C0=1 Z0=8] InRegister[P=1 Q=1 Z3=1 C3=1 R3=1 S3=1 Y2=1 X2=1 Z2=1 C2=1 R2=1 S2=1 Y1=1 X1=1 Z1=1 C1=1 R1=1 S1=1 Y0=1 X0=1 Z0=1 C0=1 R0=1 S0=1] WRegister[P=1 Q=1 Z3=1 C3=1 R3=3 S3=1 Y2=1 X2=1 Z2=1 C2=1 R2=3 S2=1 Y1=1 X1=1 Z1=1 C1=1 R1=3 S1=1 Y0=1 X0=1 Z0=1 C0=1 R0=3 S0=1] IntermediateRegister[P=1 Q=1 Z3=1 C3=1 R3=1 S3=1 Y2=1 X2=1 Z2=4 C2=1 R2=1 S2=1 Y1=1 X1=1 Z1=4 C1=1 R1=1 S1=1 Y0=1 X0=1 Z0=1 C0=1 R0=1 S0=1] OutRegister[P=1 Q=1 Z3=4 C3=1 R3=1 S3=1 Y2=1 X2=1 Z2=1 C2=1 R2=1 S2=1 Y1=1 X1=1 Z1=1 C1=1 R1=1 S1=1 Y0=1 X0=1 Z0=1 C0=1 R0=1 S0=1] Compute] 
mccnn_4layer_2026-02-25T17:44:40.481177,mccnn,4layer,full,4,eyeriss,thesis_arch,1056,524,128,256,16,69,False,True,,5.783e+04,1.261e+07,7.49e+05,"(42247860192, 16079935536)",0.0098876953125,0.07993078231811523,DRAM[P=376 Q=18 Z3=1 C3=1 R3=1 S3=1 Y2=376 X2=18 Z2=1 C2=1 R2=1 S2=1 Y1=376 X1=18 Z1=1 C1=1 R1=1 S1=1 Y0=376 X0=18 Z0=1 C0=1 R0=1 S0=1] GlobalBuffer[P=1 Q=69 Z3=1 C3=1 R3=1 S3=1 Y2=1 X2=69 Z2=1 C2=1 R2=1 S2=1 Y1=1 X1=69 Z1=1 C1=1 R1=1 S1=1 Y0=1 X0=69 Z0=1 C0=1 R0=1 S0=1] SACols[Q=1 Z3=16] SARows[S3=3 C3=32 Z3=2] SACols_2[X2=1 Z2=16] SARows_2[S2=3 C2=32 Z2=2] SACols_1[X1=1 Z1=16] SARows_1[S1=3 C1=32 Z1=2] SACols_0[X0=1 Z0=16] SARows_0[S0=3 C0=1 Z0=2] InRegister[P=1 Q=1 Z3=1 C3=1 R3=1 S3=1 Y2=1 X2=1 Z2=1 C2=1 R2=1 S2=1 Y1=1 X1=1 Z1=1 C1=1 R1=1 S1=1 Y0=1 X0=1 Z0=1 C0=1 R0=1 S0=1] WRegister[P=1 Q=1 Z3=1 C3=1 R3=3 S3=1 Y2=1 X2=1 Z2=1 C2=1 R2=3 S2=1 Y1=1 X1=1 Z1=1 C1=1 R1=3 S1=1 Y0=1 X0=1 Z0=1 C0=1 R0=3 S0=1] IntermediateRegister[P=1 Q=1 Z3=1 C3=1 R3=1 S3=1 Y2=1 X2=1 Z2=1 C2=1 R2=1 S2=1 Y1=1 X1=1 Z1=1 C1=1 R1=1 S1=1 Y0=1 X0=1 Z0=1 C0=1 R0=1 S0=1] OutRegister[P=1 Q=1 Z3=1 C3=1 R3=1 S3=1 Y2=1 X2=1 Z2=1 C2=1 R2=1 S2=1 Y1=1 X1=1 Z1=1 C1=1 R1=1 S1=1 Y0=1 X0=1 Z0=1 C0=1 R0=1 S0=1] Compute] 
mccnn_4layer_2026-02-25T17:44:40.817597,mccnn,4layer,full,4,eyeriss,thesis_arch,1056,524,128,256,32,69,False,True,,5.783e+04,1.261e+07,7.49e+05,"(42247860192, 16079935536)",0.00061798095703125,0.0820920467376709,DRAM[P=376 Q=18 Z3=1 C3=1 R3=1 S3=1 Y2=376 X2=18 Z2=1 C2=1 R2=1 S2=1 Y1=376 X1=18 Z1=1 C1=1 R1=1 S1=1 Y0=376 X0=18 Z0=1 C0=1 R0=1 S0=1] GlobalBuffer[P=1 Q=69 Z3=1 C3=1 R3=1 S3=1 Y2=1 X2=69 Z2=1 C2=1 R2=1 S2=1 Y1=1 X1=69 Z1=1 C1=1 R1=1 S1=1 Y0=1 X0=69 Z0=1 C0=1 R0=1 S0=1] SACols[Q=1 Z3=32] SARows[S3=3 C3=32 Z3=1] SACols_2[X2=1 Z2=32] SARows_2[S2=3 C2=32 Z2=1] SACols_1[X1=1 Z1=32] SARows_1[S1=3 C1=32 Z1=1] SACols_0[X0=1 Z0=32] SARows_0[S0=3 C0=1 Z0=1] InRegister[P=1 Q=1 Z3=1 C3=1 R3=1 S3=1 Y2=1 X2=1 Z2=1 C2=1 R2=1 S2=1 Y1=1 X1=1 Z1=1 C1=1 R1=1 S1=1 Y0=1 X0=1 Z0=1 C0=1 R0=1 S0=1] WRegister[P=1 Q=1 Z3=1 C3=1 R3=3 S3=1 Y2=1 X2=1 Z2=1 C2=1 R2=3 S2=1 Y1=1 X1=1 Z1=1 C1=1 R1=3 S1=1 Y0=1 X0=1 Z0=1 C0=1 R0=3 S0=1] IntermediateRegister[P=1 Q=1 Z3=1 C3=1 R3=1 S3=1 Y2=1 X2=1 Z2=1 C2=1 R2=1 S2=1 Y1=1 X1=1 Z1=1 C1=1 R1=1 S1=1 Y0=1 X0=1 Z0=1 C0=1 R0=1 S0=1] OutRegister[P=1 Q=1 Z3=1 C3=1 R3=1 S3=1 Y2=1 X2=1 Z2=1 C2=1 R2=1 S2=1 Y1=1 X1=1 Z1=1 C1=1 R1=1 S1=1 Y0=1 X0=1 Z0=1 C0=1 R0=1 S0=1] Compute] 
mccnn_4layer_2026-02-25T17:44:41.223652,mccnn,4layer,full,4,eyeriss,thesis_arch,1056,524,128,256,64,69,False,True,,5.783e+04,1.261e+07,7.49e+05,"(42247860192, 16079935536)",3.8623809814453125e-05,0.05838346481323242,DRAM[P=376 Q=18 Z3=1 C3=1 R3=1 S3=1 Y2=376 X2=18 Z2=1 C2=1 R2=1 S2=1 Y1=376 X1=18 Z1=1 C1=1 R1=1 S1=1 Y0=376 X0=18 Z0=1 C0=1 R0=1 S0=1] GlobalBuffer[P=1 Q=69 Z3=1 C3=1 R3=1 S3=1 Y2=1 X2=69 Z2=1 C2=1 R2=1 S2=1 Y1=1 X1=69 Z1=1 C1=1 R1=1 S1=1 Y0=1 X0=69 Z0=1 C0=1 R0=1 S0=1] SACols[Q=1 Z3=32] SARows[S3=3 C3=32 Z3=1] SACols_2[X2=1 Z2=32] SARows_2[S2=3 C2=32 Z2=1] SACols_1[X1=1 Z1=32] SARows_1[S1=3 C1=32 Z1=1] SACols_0[X0=1 Z0=32] SARows_0[S0=3 C0=1 Z0=1] InRegister[P=1 Q=1 Z3=1 C3=1 R3=1 S3=1 Y2=1 X2=1 Z2=1 C2=1 R2=1 S2=1 Y1=1 X1=1 Z1=1 C1=1 R1=1 S1=1 Y0=1 X0=1 Z0=1 C0=1 R0=1 S0=1] WRegister[P=1 Q=1 Z3=1 C3=1 R3=3 S3=1 Y2=1 X2=1 Z2=1 C2=1 R2=3 S2=1 Y1=1 X1=1 Z1=1 C1=1 R1=3 S1=1 Y0=1 X0=1 Z0=1 C0=1 R0=3 S0=1] IntermediateRegister[P=1 Q=1 Z3=1 C3=1 R3=1 S3=1 Y2=1 X2=1 Z2=1 C2=1 R2=1 S2=1 Y1=1 X1=1 Z1=1 C1=1 R1=1 S1=1 Y0=1 X0=1 Z0=1 C0=1 R0=1 S0=1] OutRegister[P=1 Q=1 Z3=1 C3=1 R3=1 S3=1 Y2=1 X2=1 Z2=1 C2=1 R2=1 S2=1 Y1=1 X1=1 Z1=1 C1=1 R1=1 S1=1 Y0=1 X0=1 Z0=1 C0=1 R0=1 S0=1] Compute] 
mccnn_4layer_2026-02-25T17:44:41.647534,mccnn,4layer,full,4,eyeriss,thesis_arch,1056,524,128,512,4,69,False,True,,5.629e+04,1.261e+07,7.19e+05,"(37944061920, 16079935536)",0.019775390625,0.0637056827545166,DRAM[P=376 Q=18 Z3=1 C3=1 R3=1 S3=1 Y2=376 X2=18 Z2=1 C2=1 R2=1 S2=1 Y1=376 X1=18 Z1=1 C1=1 R1=1 S1=1 Y0=376 X0=18 Z0=1 C0=1 R0=1 S0=1] GlobalBuffer[P=1 Q=69 Z3=1 C3=1 R3=1 S3=1 Y2=1 X2=69 Z2=1 C2=1 R2=1 S2=1 Y1=1 X1=69 Z1=1 C1=1 R1=1 S1=1 Y0=1 X0=69 Z0=1 C0=1 R0=1 S0=1] SACols[Q=1 Z3=4] SARows[S3=3 C3=32 Z3=4] SACols_2[X2=1 Z2=4] SARows_2[S2=3 C2=32 Z2=4] SACols_1[X1=1 Z1=4] SARows_1[S1=3 C1=32 Z1=4] SACols_0[X0=1 Z0=4] SARows_0[S0=3 C0=1 Z0=8] InRegister[P=1 Q=1 Z3=1 C3=1 R3=1 S3=1 Y2=1 X2=1 Z2=1 C2=1 R2=1 S2=1 Y1=1 X1=1 Z1=1 C1=1 R1=1 S1=1 Y0=1 X0=1 Z0=1 C0=1 R0=1 S0=1] WRegister[P=1 Q=1 Z3=1 C3=1 R3=3 S3=1 Y2=1 X2=1 Z2=1 C2=1 R2=3 S2=1 Y1=1 X1=1 Z1=1 C1=1 R1=3 S1=1 Y0=1 X0=1 Z0=1 C0=1 R0=3 S0=1] IntermediateRegister[P=1 Q=1 Z3=1 C3=1 R3=1 S3=1 Y2=1 X2=1 Z2=2 C2=1 R2=1 S2=1 Y1=1 X1=1 Z1=2 C1=1 R1=1 S1=1 Y0=1 X0=1 Z0=1 C0=1 R0=1 S0=1] OutRegister[P=1 Q=1 Z3=2 C3=1 R3=1 S3=1 Y2=1 X2=1 Z2=1 C2=1 R2=1 S2=1 Y1=1 X1=1 Z1=1 C1=1 R1=1 S1=1 Y0=1 X0=1 Z0=1 C0=1 R0=1 S0=1] Compute] 
mccnn_4layer_2026-02-25T17:44:41.983328,mccnn,4layer,full,4,eyeriss,thesis_arch,1056,524,128,512,16,69,False,True,,5.783e+04,1.261e+07,7.49e+05,"(42247860192, 16079935536)",0.00061798095703125,0.060663700103759766,DRAM[P=376 Q=18 Z3=1 C3=1 R3=1 S3=1 Y2=376 X2=18 Z2=1 C2=1 R2=1 S2=1 Y1=376 X1=18 Z1=1 C1=1 R1=1 S1=1 Y0=376 X0=18 Z0=1 C0=1 R0=1 S0=1] GlobalBuffer[P=1 Q=69 Z3=1 C3=1 R3=1 S3=1 Y2=1 X2=69 Z2=1 C2=1 R2=1 S2=1 Y1=1 X1=69 Z1=1 C1=1 R1=1 S1=1 Y0=1 X0=69 Z0=1 C0=1 R0=1 S0=1] SACols[Q=1 Z3=16] SARows[S3=3 C3=32 Z3=2] SACols_2[X2=1 Z2=16] SARows_2[S2=3 C2=32 Z2=2] SACols_1[X1=1 Z1=16] SARows_1[S1=3 C1=32 Z1=2] SACols_0[X0=1 Z0=16] SARows_0[S0=3 C0=1 Z0=2] InRegister[P=1 Q=1 Z3=1 C3=1 R3=1 S3=1 Y2=1 X2=1 Z2=1 C2=1 R2=1 S2=1 Y1=1 X1=1 Z1=1 C1=1 R1=1 S1=1 Y0=1 X0=1 Z0=1 C0=1 R0=1 S0=1] WRegister[P=1 Q=1 Z3=1 C3=1 R3=3 S3=1 Y2=1 X2=1 Z2=1 C2=1 R2=3 S2=1 Y1=1 X1=1 Z1=1 C1=1 R1=3 S1=1 Y0=1 X0=1 Z0=1 C0=1 R0=3 S0=1] IntermediateRegister[P=1 Q=1 Z3=1 C3=1 R3=1 S3=1 Y2=1 X2=1 Z2=1 C2=1 R2=1 S2=1 Y1=1 X1=1 Z1=1 C1=1 R1=1 S1=1 Y0=1 X0=1 Z0=1 C0=1 R0=1 S0=1] OutRegister[P=1 Q=1 Z3=1 C3=1 R3=1 S3=1 Y2=1 X2=1 Z2=1 C2=1 R2=1 S2=1 Y1=1 X1=1 Z1=1 C1=1 R1=1 S1=1 Y0=1 X0=1 Z0=1 C0=1 R0=1 S0=1] Compute] 
mccnn_4layer_2026-02-25T17:44:42.305196,mccnn,4layer,full,4,eyeriss,thesis_arch,1056,524,128,512,32,69,False,True,,5.783e+04,1.261e+07,7.49e+05,"(42247860192, 16079935536)",3.8623809814453125e-05,0.07806968688964844,DRAM[P=376 Q=18 Z3=1 C3=1 R3=1 S3=1 Y2=376 X2=18 Z2=1 C2=1 R2=1 S2=1 Y1=376 X1=18 Z1=1 C1=1 R1=1 S1=1 Y0=376 X0=18 Z0=1 C0=1 R0=1 S0=1] GlobalBuffer[P=1 Q=69 Z3=1 C3=1 R3=1 S3=1 Y2=1 X2=69 Z2=1 C2=1 R2=1 S2=1 Y1=1 X1=69 Z1=1 C1=1 R1=1 S1=1 Y0=1 X0=69 Z0=1 C0=1 R0=1 S0=1] SACols[Q=1 Z3=32] SARows[S3=3 C3=32 Z3=1] SACols_2[X2=1 Z2=32] SARows_2[S2=3 C2=32 Z2=1] SACols_1[X1=1 Z1=32] SARows_1[S1=3 C1=32 Z1=1] SACols_0[X0=1 Z0=32] SARows_0[S0=3 C0=1 Z0=1] InRegister[P=1 Q=1 Z3=1 C3=1 R3=1 S3=1 Y2=1 X2=1 Z2=1 C2=1 R2=1 S2=1 Y1=1 X1=1 Z1=1 C1=1 R1=1 S1=1 Y0=1 X0=1 Z0=1 C0=1 R0=1 S0=1] WRegister[P=1 Q=1 Z3=1 C3=1 R3=3 S3=1 Y2=1 X2=1 Z2=1 C2=1 R2=3 S2=1 Y1=1 X1=1 Z1=1 C1=1 R1=3 S1=1 Y0=1 X0=1 Z0=1 C0=1 R0=3 S0=1] IntermediateRegister[P=1 Q=1 Z3=1 C3=1 R3=1 S3=1 Y2=1 X2=1 Z2=1 C2=1 R2=1 S2=1 Y1=1 X1=1 Z1=1 C1=1 R1=1 S1=1 Y0=1 X0=1 Z0=1 C0=1 R0=1 S0=1] OutRegister[P=1 Q=1 Z3=1 C3=1 R3=1 S3=1 Y2=1 X2=1 Z2=1 C2=1 R2=1 S2=1 Y1=1 X1=1 Z1=1 C1=1 R1=1 S1=1 Y0=1 X0=1 Z0=1 C0=1 R0=1 S0=1] Compute] 
mccnn_4layer_2026-02-25T17:44:42.714673,mccnn,4layer,full,4,eyeriss,thesis_arch,1056,524,128,4,4,69,False,False,"Ill-posed constraints:
CONSTRAINTS VIOLATION: Arch: Eyeriss_Constrained_4L_tile69_4x4 -> Level: InRegister: memory footprint: 294 VS memory available: 34
CONSTRAINTS VIOLATION: Arch: Eyeriss_Constrained_4L_tile69_4x4 -> Level: WRegister: memory footprint: 2328 VS memory available: 600",0.000e+00,0.000e+00,0.00e+00,0,0.0,0.0,
mccnn_4layer_2026-02-25T17:44:43.060798,mccnn,4layer,full,4,eyeriss,thesis_arch,1056,524,128,4,16,69,False,False,"Ill-posed constraints:
CONSTRAINTS VIOLATION: Arch: Eyeriss_Constrained_4L_tile69_16x4 -> Level: InRegister: memory footprint: 294 VS memory available: 34",0.000e+00,0.000e+00,0.00e+00,0,0.0,0.0,
mccnn_4layer_2026-02-25T17:44:43.326944,mccnn,4layer,full,4,eyeriss,thesis_arch,1056,524,128,4,32,69,False,False,"Ill-posed constraints:
CONSTRAINTS VIOLATION: Arch: Eyeriss_Constrained_4L_tile69_32x4 -> Level: InRegister: memory footprint: 294 VS memory available: 34",0.000e+00,0.000e+00,0.00e+00,0,0.0,0.0,
mccnn_4layer_2026-02-25T17:44:43.686583,mccnn,4layer,full,4,eyeriss,thesis_arch,1056,524,128,4,64,69,False,False,"Ill-posed constraints:
CONSTRAINTS VIOLATION: Arch: Eyeriss_Constrained_4L_tile69_64x4 -> Level: InRegister: memory footprint: 294 VS memory available: 34",0.000e+00,0.000e+00,0.00e+00,0,0.0,0.0,
mccnn_4layer_2026-02-25T17:44:43.997812,mccnn,4layer,full,4,eyeriss,thesis_arch,1056,524,128,4,128,69,False,False,"Ill-posed constraints:
CONSTRAINTS VIOLATION: Arch: Eyeriss_Constrained_4L_tile69_128x4 -> Level: InRegister: memory footprint: 294 VS memory available: 34",0.000e+00,0.000e+00,0.00e+00,0,0.0,0.0,
mccnn_4layer_2026-02-25T17:44:44.327612,mccnn,4layer,full,4,eyeriss,thesis_arch,1056,524,128,4,256,69,False,False,"Ill-posed constraints:
CONSTRAINTS VIOLATION: Arch: Eyeriss_Constrained_4L_tile69_256x4 -> Level: InRegister: memory footprint: 294 VS memory available: 34",0.000e+00,0.000e+00,0.00e+00,0,0.0,0.0,
mccnn_4layer_2026-02-25T17:44:44.605855,mccnn,4layer,full,4,eyeriss,thesis_arch,1056,524,128,4,512,69,False,False,"Ill-posed constraints:
CONSTRAINTS VIOLATION: Arch: Eyeriss_Constrained_4L_tile69_512x4 -> Level: InRegister: memory footprint: 294 VS memory available: 34",0.000e+00,0.000e+00,0.00e+00,0,0.0,0.0,
mccnn_4layer_2026-02-25T17:44:44.944981,mccnn,4layer,full,4,eyeriss,thesis_arch,1056,524,128,16,4,69,False,False,"Ill-posed constraints:
CONSTRAINTS VIOLATION: Arch: Eyeriss_Constrained_4L_tile69_4x16 -> Level: InRegister: memory footprint: 78 VS memory available: 34",0.000e+00,0.000e+00,0.00e+00,0,0.0,0.0,
mccnn_4layer_2026-02-25T17:44:45.276919,mccnn,4layer,full,4,eyeriss,thesis_arch,1056,524,128,16,16,69,False,False,"Ill-posed constraints:
CONSTRAINTS VIOLATION: Arch: Eyeriss_Constrained_4L_tile69_16x16 -> Level: InRegister: memory footprint: 78 VS memory available: 34",0.000e+00,0.000e+00,0.00e+00,0,0.0,0.0,
mccnn_4layer_2026-02-25T17:44:45.530722,mccnn,4layer,full,4,eyeriss,thesis_arch,1056,524,128,16,32,69,False,False,"Ill-posed constraints:
CONSTRAINTS VIOLATION: Arch: Eyeriss_Constrained_4L_tile69_32x16 -> Level: InRegister: memory footprint: 78 VS memory available: 34",0.000e+00,0.000e+00,0.00e+00,0,0.0,0.0,
mccnn_4layer_2026-02-25T17:44:45.823456,mccnn,4layer,full,4,eyeriss,thesis_arch,1056,524,128,16,64,69,False,False,"Ill-posed constraints:
CONSTRAINTS VIOLATION: Arch: Eyeriss_Constrained_4L_tile69_64x16 -> Level: InRegister: memory footprint: 78 VS memory available: 34",0.000e+00,0.000e+00,0.00e+00,0,0.0,0.0,
mccnn_4layer_2026-02-25T17:44:46.063877,mccnn,4layer,full,4,eyeriss,thesis_arch,1056,524,128,16,128,69,False,False,"Ill-posed constraints:
CONSTRAINTS VIOLATION: Arch: Eyeriss_Constrained_4L_tile69_128x16 -> Level: InRegister: memory footprint: 78 VS memory available: 34",0.000e+00,0.000e+00,0.00e+00,0,0.0,0.0,
mccnn_4layer_2026-02-25T17:44:46.371386,mccnn,4layer,full,4,eyeriss,thesis_arch,1056,524,128,16,256,69,False,False,"Ill-posed constraints:
CONSTRAINTS VIOLATION: Arch: Eyeriss_Constrained_4L_tile69_256x16 -> Level: InRegister: memory footprint: 78 VS memory available: 34",0.000e+00,0.000e+00,0.00e+00,0,0.0,0.0,
mccnn_4layer_2026-02-25T17:44:46.718459,mccnn,4layer,full,4,eyeriss,thesis_arch,1056,524,128,16,512,69,False,False,"Ill-posed constraints:
CONSTRAINTS VIOLATION: Arch: Eyeriss_Constrained_4L_tile69_512x16 -> Level: InRegister: memory footprint: 78 VS memory available: 34",0.000e+00,0.000e+00,0.00e+00,0,0.0,0.0,
mccnn_4layer_2026-02-25T17:44:46.964854,mccnn,4layer,full,4,eyeriss,thesis_arch,1056,524,128,32,4,69,False,False,"Ill-posed constraints:
CONSTRAINTS VIOLATION: Arch: Eyeriss_Constrained_4L_tile69_4x32 -> Level: InRegister: memory footprint: 42 VS memory available: 34",0.000e+00,0.000e+00,0.00e+00,0,0.0,0.0,
mccnn_4layer_2026-02-25T17:44:47.232303,mccnn,4layer,full,4,eyeriss,thesis_arch,1056,524,128,32,16,69,False,False,"Ill-posed constraints:
CONSTRAINTS VIOLATION: Arch: Eyeriss_Constrained_4L_tile69_16x32 -> Level: InRegister: memory footprint: 42 VS memory available: 34",0.000e+00,0.000e+00,0.00e+00,0,0.0,0.0,
mccnn_4layer_2026-02-25T17:44:47.460579,mccnn,4layer,full,4,eyeriss,thesis_arch,1056,524,128,32,32,69,False,False,"Ill-posed constraints:
CONSTRAINTS VIOLATION: Arch: Eyeriss_Constrained_4L_tile69_32x32 -> Level: InRegister: memory footprint: 42 VS memory available: 34",0.000e+00,0.000e+00,0.00e+00,0,0.0,0.0,
mccnn_4layer_2026-02-25T17:44:47.719763,mccnn,4layer,full,4,eyeriss,thesis_arch,1056,524,128,32,64,69,False,False,"Ill-posed constraints:
CONSTRAINTS VIOLATION: Arch: Eyeriss_Constrained_4L_tile69_64x32 -> Level: InRegister: memory footprint: 42 VS memory available: 34",0.000e+00,0.000e+00,0.00e+00,0,0.0,0.0,
mccnn_4layer_2026-02-25T17:44:48.047170,mccnn,4layer,full,4,eyeriss,thesis_arch,1056,524,128,32,128,69,False,False,"Ill-posed constraints:
CONSTRAINTS VIOLATION: Arch: Eyeriss_Constrained_4L_tile69_128x32 -> Level: InRegister: memory footprint: 42 VS memory available: 34",0.000e+00,0.000e+00,0.00e+00,0,0.0,0.0,
mccnn_4layer_2026-02-25T17:44:48.378416,mccnn,4layer,full,4,eyeriss,thesis_arch,1056,524,128,32,256,69,False,False,"Ill-posed constraints:
CONSTRAINTS VIOLATION: Arch: Eyeriss_Constrained_4L_tile69_256x32 -> Level: InRegister: memory footprint: 42 VS memory available: 34",0.000e+00,0.000e+00,0.00e+00,0,0.0,0.0,
mccnn_4layer_2026-02-25T17:44:48.705358,mccnn,4layer,full,4,eyeriss,thesis_arch,1056,524,128,32,512,69,False,False,"Ill-posed constraints:
CONSTRAINTS VIOLATION: Arch: Eyeriss_Constrained_4L_tile69_512x32 -> Level: InRegister: memory footprint: 42 VS memory available: 34",0.000e+00,0.000e+00,0.00e+00,0,0.0,0.0,
mccnn_4layer_2026-02-25T17:44:49.028047,mccnn,4layer,full,4,eyeriss,thesis_arch,1056,524,128,64,4,69,False,True,,5.410e+04,6.865e+07,3.73e+06,"(33281613792, 14645336112)",0.158203125,0.06838750839233398,DRAM[P=376 Q=18 Z3=1 C3=1 R3=1 S3=1 Y2=376 X2=18 Z2=1 C2=1 R2=1 S2=1 Y1=376 X1=18 Z1=1 C1=1 R1=1 S1=1 Y0=376 X0=18 Z0=1 C0=1 R0=1 S0=1] GlobalBuffer[P=1 Q=69 Z3=1 C3=1 R3=1 S3=1 Y2=1 X2=69 Z2=1 C2=1 R2=1 S2=1 Y1=1 X1=69 Z1=1 C1=1 R1=1 S1=1 Y0=1 X0=69 Z0=1 C0=1 R0=1 S0=1] SACols[Q=1 Z3=4] SARows[S3=3 C3=16 Z3=1] SACols_2[X2=1 Z2=4] SARows_2[S2=3 C2=16 Z2=1] SACols_1[X1=1 Z1=4] SARows_1[S1=3 C1=16 Z1=1] SACols_0[X0=1 Z0=4] SARows_0[S0=3 C0=1 Z0=8] InRegister[P=1 Q=1 Z3=1 C3=1 R3=1 S3=1 Y2=1 X2=1 Z2=1 C2=1 R2=1 S2=1 Y1=1 X1=1 Z1=1 C1=1 R1=1 S1=1 Y0=1 X0=1 Z0=1 C0=1 R0=1 S0=1] WRegister[P=1 Q=1 Z3=1 C3=2 R3=3 S3=1 Y2=1 X2=1 Z2=1 C2=2 R2=3 S2=1 Y1=1 X1=1 Z1=1 C1=2 R1=3 S1=1 Y0=1 X0=1 Z0=1 C0=1 R0=3 S0=1] IntermediateRegister[P=1 Q=1 Z3=1 C3=1 R3=1 S3=1 Y2=1 X2=1 Z2=8 C2=1 R2=1 S2=1 Y1=1 X1=1 Z1=8 C1=1 R1=1 S1=1 Y0=1 X0=1 Z0=1 C0=1 R0=1 S0=1] OutRegister[P=1 Q=1 Z3=8 C3=1 R3=1 S3=1 Y2=1 X2=1 Z2=1 C2=1 R2=1 S2=1 Y1=1 X1=1 Z1=1 C1=1 R1=1 S1=1 Y0=1 X0=1 Z0=1 C0=1 R0=1 S0=1] Compute] 
mccnn_4layer_2026-02-25T17:44:49.349711,mccnn,4layer,full,4,eyeriss,thesis_arch,1056,524,128,64,16,69,False,True,,5.526e+04,1.821e+07,1.02e+06,"(36509462496, 14645336112)",0.03955078125,0.05363297462463379,DRAM[P=376 Q=18 Z3=1 C3=1 R3=1 S3=1 Y2=376 X2=18 Z2=1 C2=1 R2=1 S2=1 Y1=376 X1=18 Z1=1 C1=1 R1=1 S1=1 Y0=376 X0=18 Z0=1 C0=1 R0=1 S0=1] GlobalBuffer[P=1 Q=69 Z3=1 C3=1 R3=1 S3=1 Y2=1 X2=69 Z2=1 C2=1 R2=1 S2=1 Y1=1 X1=69 Z1=1 C1=1 R1=1 S1=1 Y0=1 X0=69 Z0=1 C0=1 R0=1 S0=1] SACols[Q=1 Z3=16] SARows[S3=3 C3=16 Z3=1] SACols_2[X2=1 Z2=16] SARows_2[S2=3 C2=16 Z2=1] SACols_1[X1=1 Z1=16] SARows_1[S1=3 C1=16 Z1=1] SACols_0[X0=1 Z0=16] SARows_0[S0=3 C0=1 Z0=2] InRegister[P=1 Q=1 Z3=1 C3=1 R3=1 S3=1 Y2=1 X2=1 Z2=1 C2=1 R2=1 S2=1 Y1=1 X1=1 Z1=1 C1=1 R1=1 S1=1 Y0=1 X0=1 Z0=1 C0=1 R0=1 S0=1] WRegister[P=1 Q=1 Z3=1 C3=2 R3=3 S3=1 Y2=1 X2=1 Z2=1 C2=2 R2=3 S2=1 Y1=1 X1=1 Z1=1 C1=2 R1=3 S1=1 Y0=1 X0=1 Z0=1 C0=1 R0=3 S0=1] IntermediateRegister[P=1 Q=1 Z3=1 C3=1 R3=1 S3=1 Y2=1 X2=1 Z2=2 C2=1 R2=1 S2=1 Y1=1 X1=1 Z1=2 C1=1 R1=1 S1=1 Y0=1 X0=1 Z0=1 C0=1 R0=1 S0=1] OutRegister[P=1 Q=1 Z3=2 C3=1 R3=1 S3=1 Y2=1 X2=1 Z2=1 C2=1 R2=1 S2=1 Y1=1 X1=1 Z1=1 C1=1 R1=1 S1=1 Y0=1 X0=1 Z0=1 C0=1 R0=1 S0=1] Compute] 
mccnn_4layer_2026-02-25T17:44:49.661959,mccnn,4layer,full,4,eyeriss,thesis_arch,1056,524,128,64,32,69,False,True,,5.680e+04,1.261e+07,7.36e+05,"(40813260768, 14645336112)",0.019775390625,0.05476069450378418,DRAM[P=376 Q=18 Z3=1 C3=1 R3=1 S3=1 Y2=376 X2=18 Z2=1 C2=1 R2=1 S2=1 Y1=376 X1=18 Z1=1 C1=1 R1=1 S1=1 Y0=376 X0=18 Z0=1 C0=1 R0=1 S0=1] GlobalBuffer[P=1 Q=69 Z3=1 C3=1 R3=1 S3=1 Y2=1 X2=69 Z2=1 C2=1 R2=1 S2=1 Y1=1 X1=69 Z1=1 C1=1 R1=1 S1=1 Y0=1 X0=69 Z0=1 C0=1 R0=1 S0=1] SACols[Q=1 Z3=32] SARows[S3=3 C3=16 Z3=1] SACols_2[X2=1 Z2=32] SARows_2[S2=3 C2=16 Z2=1] SACols_1[X1=1 Z1=32] SARows_1[S1=3 C1=16 Z1=1] SACols_0[X0=1 Z0=32] SARows_0[S0=3 C0=1 Z0=1] InRegister[P=1 Q=1 Z3=1 C3=1 R3=1 S3=1 Y2=1 X2=1 Z2=1 C2=1 R2=1 S2=1 Y1=1 X1=1 Z1=1 C1=1 R1=1 S1=1 Y0=1 X0=1 Z0=1 C0=1 R0=1 S0=1] WRegister[P=1 Q=1 Z3=1 C3=2 R3=3 S3=1 Y2=1 X2=1 Z2=1 C2=2 R2=3 S2=1 Y1=1 X1=1 Z1=1 C1=2 R1=3 S1=1 Y0=1 X0=1 Z0=1 C0=1 R0=3 S0=1] IntermediateRegister[P=1 Q=1 Z3=1 C3=1 R3=1 S3=1 Y2=1 X2=1 Z2=1 C2=1 R2=1 S2=1 Y1=1 X1=1 Z1=1 C1=1 R1=1 S1=1 Y0=1 X0=1 Z0=1 C0=1 R0=1 S0=1] OutRegister[P=1 Q=1 Z3=1 C3=1 R3=1 S3=1 Y2=1 X2=1 Z2=1 C2=1 R2=1 S2=1 Y1=1 X1=1 Z1=1 C1=1 R1=1 S1=1 Y0=1 X0=1 Z0=1 C0=1 R0=1 S0=1] Compute] 
mccnn_4layer_2026-02-25T17:44:50.015657,mccnn,4layer,full,4,eyeriss,thesis_arch,1056,524,128,64,64,69,False,True,,5.680e+04,1.261e+07,7.36e+05,"(40813260768, 14645336112)",0.0012359619140625,0.05153203010559082,DRAM[P=376 Q=18 Z3=1 C3=1 R3=1 S3=1 Y2=376 X2=18 Z2=1 C2=1 R2=1 S2=1 Y1=376 X1=18 Z1=1 C1=1 R1=1 S1=1 Y0=376 X0=18 Z0=1 C0=1 R0=1 S0=1] GlobalBuffer[P=1 Q=69 Z3=1 C3=1 R3=1 S3=1 Y2=1 X2=69 Z2=1 C2=1 R2=1 S2=1 Y1=1 X1=69 Z1=1 C1=1 R1=1 S1=1 Y0=1 X0=69 Z0=1 C0=1 R0=1 S0=1] SACols[Q=1 Z3=32] SARows[S3=3 C3=16 Z3=1] SACols_2[X2=1 Z2=32] SARows_2[S2=3 C2=16 Z2=1] SACols_1[X1=1 Z1=32] SARows_1[S1=3 C1=16 Z1=1] SACols_0[X0=1 Z0=32] SARows_0[S0=3 C0=1 Z0=1] InRegister[P=1 Q=1 Z3=1 C3=1 R3=1 S3=1 Y2=1 X2=1 Z2=1 C2=1 R2=1 S2=1 Y1=1 X1=1 Z1=1 C1=1 R1=1 S1=1 Y0=1 X0=1 Z0=1 C0=1 R0=1 S0=1] WRegister[P=1 Q=1 Z3=1 C3=2 R3=3 S3=1 Y2=1 X2=1 Z2=1 C2=2 R2=3 S2=1 Y1=1 X1=1 Z1=1 C1=2 R1=3 S1=1 Y0=1 X0=1 Z0=1 C0=1 R0=3 S0=1] IntermediateRegister[P=1 Q=1 Z3=1 C3=1 R3=1 S3=1 Y2=1 X2=1 Z2=1 C2=1 R2=1 S2=1 Y1=1 X1=1 Z1=1 C1=1 R1=1 S1=1 Y0=1 X0=1 Z0=1 C0=1 R0=1 S0=1] OutRegister[P=1 Q=1 Z3=1 C3=1 R3=1 S3=1 Y2=1 X2=1 Z2=1 C2=1 R2=1 S2=1 Y1=1 X1=1 Z1=1 C1=1 R1=1 S1=1 Y0=1 X0=1 Z0=1 C0=1 R0=1 S0=1] Compute] 
mccnn_4layer_2026-02-25T17:44:50.370146,mccnn,4layer,full,4,eyeriss,thesis_arch,1056,524,128,64,128,69,False,True,,5.680e+04,1.223e+07,7.13e+05,"(40813260768, 14645336112)",0.006257057189941406,0.06363582611083984,DRAM[P=376 Q=18 Z3=1 C3=1 R3=1 S3=1 Y2=376 X2=18 Z2=1 C2=1 R2=1 S2=1 Y1=376 X1=18 Z1=1 C1=1 R1=1 S1=1 Y0=376 X0=18 Z0=1 C0=1 R0=1 S0=1] GlobalBuffer[P=1 Q=23 Z3=1 C3=1 R3=1 S3=1 Y2=1 X2=23 Z2=1 C2=1 R2=1 S2=1 Y1=1 X1=23 Z1=1 C1=1 R1=1 S1=1 Y0=1 X0=23 Z0=1 C0=1 R0=1 S0=1] SACols[Q=3 Z3=32] SARows[S3=3 C3=16 Z3=1] SACols_2[X2=3 Z2=32] SARows_2[S2=3 C2=16 Z2=1] SACols_1[X1=3 Z1=32] SARows_1[S1=3 C1=16 Z1=1] SACols_0[X0=3 Z0=32] SARows_0[S0=3 C0=1 Z0=1] InRegister[P=1 Q=1 Z3=1 C3=1 R3=1 S3=1 Y2=1 X2=1 Z2=1 C2=1 R2=1 S2=1 Y1=1 X1=1 Z1=1 C1=1 R1=1 S1=1 Y0=1 X0=1 Z0=1 C0=1 R0=1 S0=1] WRegister[P=1 Q=1 Z3=1 C3=2 R3=3 S3=1 Y2=1 X2=1 Z2=1 C2=2 R2=3 S2=1 Y1=1 X1=1 Z1=1 C1=2 R1=3 S1=1 Y0=1 X0=1 Z0=1 C0=1 R0=3 S0=1] IntermediateRegister[P=1 Q=1 Z3=1 C3=1 R3=1 S3=1 Y2=1 X2=1 Z2=1 C2=1 R2=1 S2=1 Y1=1 X1=1 Z1=1 C1=1 R1=1 S1=1 Y0=1 X0=1 Z0=1 C0=1 R0=1 S0=1] OutRegister[P=1 Q=1 Z3=1 C3=1 R3=1 S3=1 Y2=1 X2=1 Z2=1 C2=1 R2=1 S2=1 Y1=1 X1=1 Z1=1 C1=1 R1=1 S1=1 Y0=1 X0=1 Z0=1 C0=1 R0=1 S0=1] Compute] 
mccnn_4layer_2026-02-25T17:44:50.765141,mccnn,4layer,full,4,eyeriss,thesis_arch,1056,524,128,64,256,69,False,True,,5.680e+04,1.223e+07,7.13e+05,"(40813260768, 14645336112)",0.0003910660743713379,0.0824432373046875,DRAM[P=376 Q=18 Z3=1 C3=1 R3=1 S3=1 Y2=376 X2=18 Z2=1 C2=1 R2=1 S2=1 Y1=376 X1=18 Z1=1 C1=1 R1=1 S1=1 Y0=376 X0=18 Z0=1 C0=1 R0=1 S0=1] GlobalBuffer[P=1 Q=23 Z3=1 C3=1 R3=1 S3=1 Y2=1 X2=23 Z2=1 C2=1 R2=1 S2=1 Y1=1 X1=23 Z1=1 C1=1 R1=1 S1=1 Y0=1 X0=23 Z0=1 C0=1 R0=1 S0=1] SACols[Q=3 Z3=32] SARows[S3=3 C3=16 Z3=1] SACols_2[X2=3 Z2=32] SARows_2[S2=3 C2=16 Z2=1] SACols_1[X1=3 Z1=32] SARows_1[S1=3 C1=16 Z1=1] SACols_0[X0=3 Z0=32] SARows_0[S0=3 C0=1 Z0=1] InRegister[P=1 Q=1 Z3=1 C3=1 R3=1 S3=1 Y2=1 X2=1 Z2=1 C2=1 R2=1 S2=1 Y1=1 X1=1 Z1=1 C1=1 R1=1 S1=1 Y0=1 X0=1 Z0=1 C0=1 R0=1 S0=1] WRegister[P=1 Q=1 Z3=1 C3=2 R3=3 S3=1 Y2=1 X2=1 Z2=1 C2=2 R2=3 S2=1 Y1=1 X1=1 Z1=1 C1=2 R1=3 S1=1 Y0=1 X0=1 Z0=1 C0=1 R0=3 S0=1] IntermediateRegister[P=1 Q=1 Z3=1 C3=1 R3=1 S3=1 Y2=1 X2=1 Z2=1 C2=1 R2=1 S2=1 Y1=1 X1=1 Z1=1 C1=1 R1=1 S1=1 Y0=1 X0=1 Z0=1 C0=1 R0=1 S0=1] OutRegister[P=1 Q=1 Z3=1 C3=1 R3=1 S3=1 Y2=1 X2=1 Z2=1 C2=1 R2=1 S2=1 Y1=1 X1=1 Z1=1 C1=1 R1=1 S1=1 Y0=1 X0=1 Z0=1 C0=1 R0=1 S0=1] Compute] 
mccnn_4layer_2026-02-25T17:44:51.170166,mccnn,4layer,full,4,eyeriss,thesis_arch,1056,524,128,128,4,69,False,True,,5.513e+04,3.502e+07,1.94e+06,"(34716213216, 16079935536)",0.0791015625,0.07513189315795898,DRAM[P=376 Q=18 Z3=1 C3=1 R3=1 S3=1 Y2=376 X2=18 Z2=1 C2=1 R2=1 S2=1 Y1=376 X1=18 Z1=1 C1=1 R1=1 S1=1 Y0=376 X0=18 Z0=1 C0=1 R0=1 S0=1] GlobalBuffer[P=1 Q=69 Z3=1 C3=1 R3=1 S3=1 Y2=1 X2=69 Z2=1 C2=1 R2=1 S2=1 Y1=1 X1=69 Z1=1 C1=1 R1=1 S1=1 Y0=1 X0=69 Z0=1 C0=1 R0=1 S0=1] SACols[Q=1 Z3=4] SARows[S3=3 C3=32 Z3=1] SACols_2[X2=1 Z2=4] SARows_2[S2=3 C2=32 Z2=1] SACols_1[X1=1 Z1=4] SARows_1[S1=3 C1=32 Z1=1] SACols_0[X0=1 Z0=4] SARows_0[S0=3 C0=1 Z0=8] InRegister[P=1 Q=1 Z3=1 C3=1 R3=1 S3=1 Y2=1 X2=1 Z2=1 C2=1 R2=1 S2=1 Y1=1 X1=1 Z1=1 C1=1 R1=1 S1=1 Y0=1 X0=1 Z0=1 C0=1 R0=1 S0=1] WRegister[P=1 Q=1 Z3=1 C3=1 R3=3 S3=1 Y2=1 X2=1 Z2=1 C2=1 R2=3 S2=1 Y1=1 X1=1 Z1=1 C1=1 R1=3 S1=1 Y0=1 X0=1 Z0=1 C0=1 R0=3 S0=1] IntermediateRegister[P=1 Q=1 Z3=1 C3=1 R3=1 S3=1 Y2=1 X2=1 Z2=8 C2=1 R2=1 S2=1 Y1=1 X1=1 Z1=8 C1=1 R1=1 S1=1 Y0=1 X0=1 Z0=1 C0=1 R0=1 S0=1] OutRegister[P=1 Q=1 Z3=8 C3=1 R3=1 S3=1 Y2=1 X2=1 Z2=1 C2=1 R2=1 S2=1 Y1=1 X1=1 Z1=1 C1=1 R1=1 S1=1 Y0=1 X0=1 Z0=1 C0=1 R0=1 S0=1] Compute] 
mccnn_4layer_2026-02-25T17:44:51.506574,mccnn,4layer,full,4,eyeriss,thesis_arch,1056,524,128,128,16,69,False,True,,5.629e+04,1.261e+07,7.19e+05,"(37944061920, 16079935536)",0.019775390625,0.07410907745361328,DRAM[P=376 Q=18 Z3=1 C3=1 R3=1 S3=1 Y2=376 X2=18 Z2=1 C2=1 R2=1 S2=1 Y1=376 X1=18 Z1=1 C1=1 R1=1 S1=1 Y0=376 X0=18 Z0=1 C0=1 R0=1 S0=1] GlobalBuffer[P=1 Q=69 Z3=1 C3=1 R3=1 S3=1 Y2=1 X2=69 Z2=1 C2=1 R2=1 S2=1 Y1=1 X1=69 Z1=1 C1=1 R1=1 S1=1 Y0=1 X0=69 Z0=1 C0=1 R0=1 S0=1] SACols[Q=1 Z3=16] SARows[S3=3 C3=32 Z3=1] SACols_2[X2=1 Z2=16] SARows_2[S2=3 C2=32 Z2=1] SACols_1[X1=1 Z1=16] SARows_1[S1=3 C1=32 Z1=1] SACols_0[X0=1 Z0=16] SARows_0[S0=3 C0=1 Z0=2] InRegister[P=1 Q=1 Z3=1 C3=1 R3=1 S3=1 Y2=1 X2=1 Z2=1 C2=1 R2=1 S2=1 Y1=1 X1=1 Z1=1 C1=1 R1=1 S1=1 Y0=1 X0=1 Z0=1 C0=1 R0=1 S0=1] WRegister[P=1 Q=1 Z3=1 C3=1 R3=3 S3=1 Y2=1 X2=1 Z2=1 C2=1 R2=3 S2=1 Y1=1 X1=1 Z1=1 C1=1 R1=3 S1=1 Y0=1 X0=1 Z0=1 C0=1 R0=3 S0=1] IntermediateRegister[P=1 Q=1 Z3=1 C3=1 R3=1 S3=1 Y2=1 X2=1 Z2=2 C2=1 R2=1 S2=1 Y1=1 X1=1 Z1=2 C1=1 R1=1 S1=1 Y0=1 X0=1 Z0=1 C0=1 R0=1 S0=1] OutRegister[P=1 Q=1 Z3=2 C3=1 R3=1 S3=1 Y2=1 X2=1 Z2=1 C2=1 R2=1 S2=1 Y1=1 X1=1 Z1=1 C1=1 R1=1 S1=1 Y0=1 X0=1 Z0=1 C0=1 R0=1 S0=1] Compute] 
mccnn_4layer_2026-02-25T17:44:51.918096,mccnn,4layer,full,4,eyeriss,thesis_arch,1056,524,128,128,32,69,False,True,,5.783e+04,1.261e+07,7.49e+05,"(42247860192, 16079935536)",0.0098876953125,0.07977557182312012,DRAM[P=376 Q=18 Z3=1 C3=1 R3=1 S3=1 Y2=376 X2=18 Z2=1 C2=1 R2=1 S2=1 Y1=376 X1=18 Z1=1 C1=1 R1=1 S1=1 Y0=376 X0=18 Z0=1 C0=1 R0=1 S0=1] GlobalBuffer[P=1 Q=69 Z3=1 C3=1 R3=1 S3=1 Y2=1 X2=69 Z2=1 C2=1 R2=1 S2=1 Y1=1 X1=69 Z1=1 C1=1 R1=1 S1=1 Y0=1 X0=69 Z0=1 C0=1 R0=1 S0=1] SACols[Q=1 Z3=32] SARows[S3=3 C3=32 Z3=1] SACols_2[X2=1 Z2=32] SARows_2[S2=3 C2=32 Z2=1] SACols_1[X1=1 Z1=32] SARows_1[S1=3 C1=32 Z1=1] SACols_0[X0=1 Z0=32] SARows_0[S0=3 C0=1 Z0=1] InRegister[P=1 Q=1 Z3=1 C3=1 R3=1 S3=1 Y2=1 X2=1 Z2=1 C2=1 R2=1 S2=1 Y1=1 X1=1 Z1=1 C1=1 R1=1 S1=1 Y0=1 X0=1 Z0=1 C0=1 R0=1 S0=1] WRegister[P=1 Q=1 Z3=1 C3=1 R3=3 S3=1 Y2=1 X2=1 Z2=1 C2=1 R2=3 S2=1 Y1=1 X1=1 Z1=1 C1=1 R1=3 S1=1 Y0=1 X0=1 Z0=1 C0=1 R0=3 S0=1] IntermediateRegister[P=1 Q=1 Z3=1 C3=1 R3=1 S3=1 Y2=1 X2=1 Z2=1 C2=1 R2=1 S2=1 Y1=1 X1=1 Z1=1 C1=1 R1=1 S1=1 Y0=1 X0=1 Z0=1 C0=1 R0=1 S0=1] OutRegister[P=1 Q=1 Z3=1 C3=1 R3=1 S3=1 Y2=1 X2=1 Z2=1 C2=1 R2=1 S2=1 Y1=1 X1=1 Z1=1 C1=1 R1=1 S1=1 Y0=1 X0=1 Z0=1 C0=1 R0=1 S0=1] Compute] 
mccnn_4layer_2026-02-25T17:44:52.284121,mccnn,4layer,full,4,eyeriss,thesis_arch,1056,524,128,128,64,69,False,True,,5.783e+04,1.261e+07,7.49e+05,"(42247860192, 16079935536)",0.00061798095703125,0.07314729690551758,DRAM[P=376 Q=18 Z3=1 C3=1 R3=1 S3=1 Y2=376 X2=18 Z2=1 C2=1 R2=1 S2=1 Y1=376 X1=18 Z1=1 C1=1 R1=1 S1=1 Y0=376 X0=18 Z0=1 C0=1 R0=1 S0=1] GlobalBuffer[P=1 Q=69 Z3=1 C3=1 R3=1 S3=1 Y2=1 X2=69 Z2=1 C2=1 R2=1 S2=1 Y1=1 X1=69 Z1=1 C1=1 R1=1 S1=1 Y0=1 X0=69 Z0=1 C0=1 R0=1 S0=1] SACols[Q=1 Z3=32] SARows[S3=3 C3=32 Z3=1] SACols_2[X2=1 Z2=32] SARows_2[S2=3 C2=32 Z2=1] SACols_1[X1=1 Z1=32] SARows_1[S1=3 C1=32 Z1=1] SACols_0[X0=1 Z0=32] SARows_0[S0=3 C0=1 Z0=1] InRegister[P=1 Q=1 Z3=1 C3=1 R3=1 S3=1 Y2=1 X2=1 Z2=1 C2=1 R2=1 S2=1 Y1=1 X1=1 Z1=1 C1=1 R1=1 S1=1 Y0=1 X0=1 Z0=1 C0=1 R0=1 S0=1] WRegister[P=1 Q=1 Z3=1 C3=1 R3=3 S3=1 Y2=1 X2=1 Z2=1 C2=1 R2=3 S2=1 Y1=1 X1=1 Z1=1 C1=1 R1=3 S1=1 Y0=1 X0=1 Z0=1 C0=1 R0=3 S0=1] IntermediateRegister[P=1 Q=1 Z3=1 C3=1 R3=1 S3=1 Y2=1 X2=1 Z2=1 C2=1 R2=1 S2=1 Y1=1 X1=1 Z1=1 C1=1 R1=1 S1=1 Y0=1 X0=1 Z0=1 C0=1 R0=1 S0=1] OutRegister[P=1 Q=1 Z3=1 C3=1 R3=1 S3=1 Y2=1 X2=1 Z2=1 C2=1 R2=1 S2=1 Y1=1 X1=1 Z1=1 C1=1 R1=1 S1=1 Y0=1 X0=1 Z0=1 C0=1 R0=1 S0=1] Compute] 
mccnn_4layer_2026-02-25T17:44:52.699547,mccnn,4layer,full,4,eyeriss,thesis_arch,1056,524,128,128,128,69,False,True,,5.783e+04,1.223e+07,7.26e+05,"(42247860192, 16079935536)",0.003128528594970703,0.062116146087646484,DRAM[P=376 Q=18 Z3=1 C3=1 R3=1 S3=1 Y2=376 X2=18 Z2=1 C2=1 R2=1 S2=1 Y1=376 X1=18 Z1=1 C1=1 R1=1 S1=1 Y0=376 X0=18 Z0=1 C0=1 R0=1 S0=1] GlobalBuffer[P=1 Q=23 Z3=1 C3=1 R3=1 S3=1 Y2=1 X2=23 Z2=1 C2=1 R2=1 S2=1 Y1=1 X1=23 Z1=1 C1=1 R1=1 S1=1 Y0=1 X0=23 Z0=1 C0=1 R0=1 S0=1] SACols[Q=3 Z3=32] SARows[S3=3 C3=32 Z3=1] SACols_2[X2=3 Z2=32] SARows_2[S2=3 C2=32 Z2=1] SACols_1[X1=3 Z1=32] SARows_1[S1=3 C1=32 Z1=1] SACols_0[X0=3 Z0=32] SARows_0[S0=3 C0=1 Z0=1] InRegister[P=1 Q=1 Z3=1 C3=1 R3=1 S3=1 Y2=1 X2=1 Z2=1 C2=1 R2=1 S2=1 Y1=1 X1=1 Z1=1 C1=1 R1=1 S1=1 Y0=1 X0=1 Z0=1 C0=1 R0=1 S0=1] WRegister[P=1 Q=1 Z3=1 C3=1 R3=3 S3=1 Y2=1 X2=1 Z2=1 C2=1 R2=3 S2=1 Y1=1 X1=1 Z1=1 C1=1 R1=3 S1=1 Y0=1 X0=1 Z0=1 C0=1 R0=3 S0=1] IntermediateRegister[P=1 Q=1 Z3=1 C3=1 R3=1 S3=1 Y2=1 X2=1 Z2=1 C2=1 R2=1 S2=1 Y1=1 X1=1 Z1=1 C1=1 R1=1 S1=1 Y0=1 X0=1 Z0=1 C0=1 R0=1 S0=1] OutRegister[P=1 Q=1 Z3=1 C3=1 R3=1 S3=1 Y2=1 X2=1 Z2=1 C2=1 R2=1 S2=1 Y1=1 X1=1 Z1=1 C1=1 R1=1 S1=1 Y0=1 X0=1 Z0=1 C0=1 R0=1 S0=1] Compute] 
mccnn_4layer_2026-02-25T17:44:53.115839,mccnn,4layer,full,4,eyeriss,thesis_arch,1056,524,128,256,4,69,False,True,,5.552e+04,1.821e+07,1.02e+06,"(35792162784, 16079935536)",0.03955078125,0.09807133674621582,DRAM[P=376 Q=18 Z3=1 C3=1 R3=1 S3=1 Y2=376 X2=18 Z2=1 C2=1 R2=1 S2=1 Y1=376 X1=18 Z1=1 C1=1 R1=1 S1=1 Y0=376 X0=18 Z0=1 C0=1 R0=1 S0=1] GlobalBuffer[P=1 Q=69 Z3=1 C3=1 R3=1 S3=1 Y2=1 X2=69 Z2=1 C2=1 R2=1 S2=1 Y1=1 X1=69 Z1=1 C1=1 R1=1 S1=1 Y0=1 X0=69 Z0=1 C0=1 R0=1 S0=1] SACols[Q=1 Z3=4] SARows[S3=3 C3=32 Z3=2] SACols_2[X2=1 Z2=4] SARows_2[S2=3 C2=32 Z2=2] SACols_1[X1=1 Z1=4] SARows_1[S1=3 C1=32 Z1=2] SACols_0[X0=1 Z0=4] SARows_0[S0=3 C0=1 Z0=8] InRegister[P=1 Q=1 Z3=1 C3=1 R3=1 S3=1 Y2=1 X2=1 Z2=1 C2=1 R2=1 S2=1 Y1=1 X1=1 Z1=1 C1=1 R1=1 S1=1 Y0=1 X0=1 Z0=1 C0=1 R0=1 S0=1] WRegister[P=1 Q=1 Z3=1 C3=1 R3=3 S3=1 Y2=1 X2=1 Z2=1 C2=1 R2=3 S2=1 Y1=1 X1=1 Z1=1 C1=1 R1=3 S1=1 Y0=1 X0=1 Z0=1 C0=1 R0=3 S0=1] IntermediateRegister[P=1 Q=1 Z3=1 C3=1 R3=1 S3=1 Y2=1 X2=1 Z2=4 C2=1 R2=1 S2=1 Y1=1 X1=1 Z1=4 C1=1 R1=1 S1=1 Y0=1 X0=1 Z0=1 C0=1 R0=1 S0=1] OutRegister[P=1 Q=1 Z3=4 C3=1 R3=1 S3=1 Y2=1 X2=1 Z2=1 C2=1 R2=1 S2=1 Y1=1 X1=1 Z1=1 C1=1 R1=1 S1=1 Y0=1 X0=1 Z0=1 C0=1 R0=1 S0=1] Compute] 
mccnn_4layer_2026-02-25T17:44:53.552730,mccnn,4layer,full,4,eyeriss,thesis_arch,1056,524,128,256,16,69,False,True,,5.783e+04,1.261e+07,7.49e+05,"(42247860192, 16079935536)",0.0098876953125,0.05786252021789551,DRAM[P=376 Q=18 Z3=1 C3=1 R3=1 S3=1 Y2=376 X2=18 Z2=1 C2=1 R2=1 S2=1 Y1=376 X1=18 Z1=1 C1=1 R1=1 S1=1 Y0=376 X0=18 Z0=1 C0=1 R0=1 S0=1] GlobalBuffer[P=1 Q=69 Z3=1 C3=1 R3=1 S3=1 Y2=1 X2=69 Z2=1 C2=1 R2=1 S2=1 Y1=1 X1=69 Z1=1 C1=1 R1=1 S1=1 Y0=1 X0=69 Z0=1 C0=1 R0=1 S0=1] SACols[Q=1 Z3=16] SARows[S3=3 C3=32 Z3=2] SACols_2[X2=1 Z2=16] SARows_2[S2=3 C2=32 Z2=2] SACols_1[X1=1 Z1=16] SARows_1[S1=3 C1=32 Z1=2] SACols_0[X0=1 Z0=16] SARows_0[S0=3 C0=1 Z0=2] InRegister[P=1 Q=1 Z3=1 C3=1 R3=1 S3=1 Y2=1 X2=1 Z2=1 C2=1 R2=1 S2=1 Y1=1 X1=1 Z1=1 C1=1 R1=1 S1=1 Y0=1 X0=1 Z0=1 C0=1 R0=1 S0=1] WRegister[P=1 Q=1 Z3=1 C3=1 R3=3 S3=1 Y2=1 X2=1 Z2=1 C2=1 R2=3 S2=1 Y1=1 X1=1 Z1=1 C1=1 R1=3 S1=1 Y0=1 X0=1 Z0=1 C0=1 R0=3 S0=1] IntermediateRegister[P=1 Q=1 Z3=1 C3=1 R3=1 S3=1 Y2=1 X2=1 Z2=1 C2=1 R2=1 S2=1 Y1=1 X1=1 Z1=1 C1=1 R1=1 S1=1 Y0=1 X0=1 Z0=1 C0=1 R0=1 S0=1] OutRegister[P=1 Q=1 Z3=1 C3=1 R3=1 S3=1 Y2=1 X2=1 Z2=1 C2=1 R2=1 S2=1 Y1=1 X1=1 Z1=1 C1=1 R1=1 S1=1 Y0=1 X0=1 Z0=1 C0=1 R0=1 S0=1] Compute] 
mccnn_4layer_2026-02-25T17:44:53.987667,mccnn,4layer,full,4,eyeriss,thesis_arch,1056,524,128,256,32,69,False,True,,5.783e+04,1.261e+07,7.49e+05,"(42247860192, 16079935536)",0.00061798095703125,0.0835261344909668,DRAM[P=376 Q=18 Z3=1 C3=1 R3=1 S3=1 Y2=376 X2=18 Z2=1 C2=1 R2=1 S2=1 Y1=376 X1=18 Z1=1 C1=1 R1=1 S1=1 Y0=376 X0=18 Z0=1 C0=1 R0=1 S0=1] GlobalBuffer[P=1 Q=69 Z3=1 C3=1 R3=1 S3=1 Y2=1 X2=69 Z2=1 C2=1 R2=1 S2=1 Y1=1 X1=69 Z1=1 C1=1 R1=1 S1=1 Y0=1 X0=69 Z0=1 C0=1 R0=1 S0=1] SACols[Q=1 Z3=32] SARows[S3=3 C3=32 Z3=1] SACols_2[X2=1 Z2=32] SARows_2[S2=3 C2=32 Z2=1] SACols_1[X1=1 Z1=32] SARows_1[S1=3 C1=32 Z1=1] SACols_0[X0=1 Z0=32] SARows_0[S0=3 C0=1 Z0=1] InRegister[P=1 Q=1 Z3=1 C3=1 R3=1 S3=1 Y2=1 X2=1 Z2=1 C2=1 R2=1 S2=1 Y1=1 X1=1 Z1=1 C1=1 R1=1 S1=1 Y0=1 X0=1 Z0=1 C0=1 R0=1 S0=1] WRegister[P=1 Q=1 Z3=1 C3=1 R3=3 S3=1 Y2=1 X2=1 Z2=1 C2=1 R2=3 S2=1 Y1=1 X1=1 Z1=1 C1=1 R1=3 S1=1 Y0=1 X0=1 Z0=1 C0=1 R0=3 S0=1] IntermediateRegister[P=1 Q=1 Z3=1 C3=1 R3=1 S3=1 Y2=1 X2=1 Z2=1 C2=1 R2=1 S2=1 Y1=1 X1=1 Z1=1 C1=1 R1=1 S1=1 Y0=1 X0=1 Z0=1 C0=1 R0=1 S0=1] OutRegister[P=1 Q=1 Z3=1 C3=1 R3=1 S3=1 Y2=1 X2=1 Z2=1 C2=1 R2=1 S2=1 Y1=1 X1=1 Z1=1 C1=1 R1=1 S1=1 Y0=1 X0=1 Z0=1 C0=1 R0=1 S0=1] Compute] 
mccnn_4layer_2026-02-25T17:44:54.312864,mccnn,4layer,full,4,eyeriss,thesis_arch,1056,524,128,256,64,69,False,True,,5.783e+04,1.261e+07,7.49e+05,"(42247860192, 16079935536)",3.8623809814453125e-05,0.09131026268005371,DRAM[P=376 Q=18 Z3=1 C3=1 R3=1 S3=1 Y2=376 X2=18 Z2=1 C2=1 R2=1 S2=1 Y1=376 X1=18 Z1=1 C1=1 R1=1 S1=1 Y0=376 X0=18 Z0=1 C0=1 R0=1 S0=1] GlobalBuffer[P=1 Q=69 Z3=1 C3=1 R3=1 S3=1 Y2=1 X2=69 Z2=1 C2=1 R2=1 S2=1 Y1=1 X1=69 Z1=1 C1=1 R1=1 S1=1 Y0=1 X0=69 Z0=1 C0=1 R0=1 S0=1] SACols[Q=1 Z3=32] SARows[S3=3 C3=32 Z3=1] SACols_2[X2=1 Z2=32] SARows_2[S2=3 C2=32 Z2=1] SACols_1[X1=1 Z1=32] SARows_1[S1=3 C1=32 Z1=1] SACols_0[X0=1 Z0=32] SARows_0[S0=3 C0=1 Z0=1] InRegister[P=1 Q=1 Z3=1 C3=1 R3=1 S3=1 Y2=1 X2=1 Z2=1 C2=1 R2=1 S2=1 Y1=1 X1=1 Z1=1 C1=1 R1=1 S1=1 Y0=1 X0=1 Z0=1 C0=1 R0=1 S0=1] WRegister[P=1 Q=1 Z3=1 C3=1 R3=3 S3=1 Y2=1 X2=1 Z2=1 C2=1 R2=3 S2=1 Y1=1 X1=1 Z1=1 C1=1 R1=3 S1=1 Y0=1 X0=1 Z0=1 C0=1 R0=3 S0=1] IntermediateRegister[P=1 Q=1 Z3=1 C3=1 R3=1 S3=1 Y2=1 X2=1 Z2=1 C2=1 R2=1 S2=1 Y1=1 X1=1 Z1=1 C1=1 R1=1 S1=1 Y0=1 X0=1 Z0=1 C0=1 R0=1 S0=1] OutRegister[P=1 Q=1 Z3=1 C3=1 R3=1 S3=1 Y2=1 X2=1 Z2=1 C2=1 R2=1 S2=1 Y1=1 X1=1 Z1=1 C1=1 R1=1 S1=1 Y0=1 X0=1 Z0=1 C0=1 R0=1 S0=1] Compute] 
mccnn_4layer_2026-02-25T17:44:54.648872,mccnn,4layer,full,4,eyeriss,thesis_arch,1056,524,128,512,4,69,False,True,,5.629e+04,1.261e+07,7.19e+05,"(37944061920, 16079935536)",0.019775390625,0.0792839527130127,DRAM[P=376 Q=18 Z3=1 C3=1 R3=1 S3=1 Y2=376 X2=18 Z2=1 C2=1 R2=1 S2=1 Y1=376 X1=18 Z1=1 C1=1 R1=1 S1=1 Y0=376 X0=18 Z0=1 C0=1 R0=1 S0=1] GlobalBuffer[P=1 Q=69 Z3=1 C3=1 R3=1 S3=1 Y2=1 X2=69 Z2=1 C2=1 R2=1 S2=1 Y1=1 X1=69 Z1=1 C1=1 R1=1 S1=1 Y0=1 X0=69 Z0=1 C0=1 R0=1 S0=1] SACols[Q=1 Z3=4] SARows[S3=3 C3=32 Z3=4] SACols_2[X2=1 Z2=4] SARows_2[S2=3 C2=32 Z2=4] SACols_1[X1=1 Z1=4] SARows_1[S1=3 C1=32 Z1=4] SACols_0[X0=1 Z0=4] SARows_0[S0=3 C0=1 Z0=8] InRegister[P=1 Q=1 Z3=1 C3=1 R3=1 S3=1 Y2=1 X2=1 Z2=1 C2=1 R2=1 S2=1 Y1=1 X1=1 Z1=1 C1=1 R1=1 S1=1 Y0=1 X0=1 Z0=1 C0=1 R0=1 S0=1] WRegister[P=1 Q=1 Z3=1 C3=1 R3=3 S3=1 Y2=1 X2=1 Z2=1 C2=1 R2=3 S2=1 Y1=1 X1=1 Z1=1 C1=1 R1=3 S1=1 Y0=1 X0=1 Z0=1 C0=1 R0=3 S0=1] IntermediateRegister[P=1 Q=1 Z3=1 C3=1 R3=1 S3=1 Y2=1 X2=1 Z2=2 C2=1 R2=1 S2=1 Y1=1 X1=1 Z1=2 C1=1 R1=1 S1=1 Y0=1 X0=1 Z0=1 C0=1 R0=1 S0=1] OutRegister[P=1 Q=1 Z3=2 C3=1 R3=1 S3=1 Y2=1 X2=1 Z2=1 C2=1 R2=1 S2=1 Y1=1 X1=1 Z1=1 C1=1 R1=1 S1=1 Y0=1 X0=1 Z0=1 C0=1 R0=1 S0=1] Compute] 
mccnn_4layer_2026-02-25T17:44:55.044308,mccnn,4layer,full,4,eyeriss,thesis_arch,1056,524,128,512,16,69,False,True,,5.783e+04,1.261e+07,7.49e+05,"(42247860192, 16079935536)",0.00061798095703125,0.08856201171875,DRAM[P=376 Q=18 Z3=1 C3=1 R3=1 S3=1 Y2=376 X2=18 Z2=1 C2=1 R2=1 S2=1 Y1=376 X1=18 Z1=1 C1=1 R1=1 S1=1 Y0=376 X0=18 Z0=1 C0=1 R0=1 S0=1] GlobalBuffer[P=1 Q=69 Z3=1 C3=1 R3=1 S3=1 Y2=1 X2=69 Z2=1 C2=1 R2=1 S2=1 Y1=1 X1=69 Z1=1 C1=1 R1=1 S1=1 Y0=1 X0=69 Z0=1 C0=1 R0=1 S0=1] SACols[Q=1 Z3=16] SARows[S3=3 C3=32 Z3=2] SACols_2[X2=1 Z2=16] SARows_2[S2=3 C2=32 Z2=2] SACols_1[X1=1 Z1=16] SARows_1[S1=3 C1=32 Z1=2] SACols_0[X0=1 Z0=16] SARows_0[S0=3 C0=1 Z0=2] InRegister[P=1 Q=1 Z3=1 C3=1 R3=1 S3=1 Y2=1 X2=1 Z2=1 C2=1 R2=1 S2=1 Y1=1 X1=1 Z1=1 C1=1 R1=1 S1=1 Y0=1 X0=1 Z0=1 C0=1 R0=1 S0=1] WRegister[P=1 Q=1 Z3=1 C3=1 R3=3 S3=1 Y2=1 X2=1 Z2=1 C2=1 R2=3 S2=1 Y1=1 X1=1 Z1=1 C1=1 R1=3 S1=1 Y0=1 X0=1 Z0=1 C0=1 R0=3 S0=1] IntermediateRegister[P=1 Q=1 Z3=1 C3=1 R3=1 S3=1 Y2=1 X2=1 Z2=1 C2=1 R2=1 S2=1 Y1=1 X1=1 Z1=1 C1=1 R1=1 S1=1 Y0=1 X0=1 Z0=1 C0=1 R0=1 S0=1] OutRegister[P=1 Q=1 Z3=1 C3=1 R3=1 S3=1 Y2=1 X2=1 Z2=1 C2=1 R2=1 S2=1 Y1=1 X1=1 Z1=1 C1=1 R1=1 S1=1 Y0=1 X0=1 Z0=1 C0=1 R0=1 S0=1] Compute] 
mccnn_4layer_2026-02-25T17:44:55.372642,mccnn,4layer,full,4,eyeriss,thesis_arch,1056,524,128,512,32,69,False,True,,5.783e+04,1.261e+07,7.49e+05,"(42247860192, 16079935536)",3.8623809814453125e-05,0.08814144134521484,DRAM[P=376 Q=18 Z3=1 C3=1 R3=1 S3=1 Y2=376 X2=18 Z2=1 C2=1 R2=1 S2=1 Y1=376 X1=18 Z1=1 C1=1 R1=1 S1=1 Y0=376 X0=18 Z0=1 C0=1 R0=1 S0=1] GlobalBuffer[P=1 Q=69 Z3=1 C3=1 R3=1 S3=1 Y2=1 X2=69 Z2=1 C2=1 R2=1 S2=1 Y1=1 X1=69 Z1=1 C1=1 R1=1 S1=1 Y0=1 X0=69 Z0=1 C0=1 R0=1 S0=1] SACols[Q=1 Z3=32] SARows[S3=3 C3=32 Z3=1] SACols_2[X2=1 Z2=32] SARows_2[S2=3 C2=32 Z2=1] SACols_1[X1=1 Z1=32] SARows_1[S1=3 C1=32 Z1=1] SACols_0[X0=1 Z0=32] SARows_0[S0=3 C0=1 Z0=1] InRegister[P=1 Q=1 Z3=1 C3=1 R3=1 S3=1 Y2=1 X2=1 Z2=1 C2=1 R2=1 S2=1 Y1=1 X1=1 Z1=1 C1=1 R1=1 S1=1 Y0=1 X0=1 Z0=1 C0=1 R0=1 S0=1] WRegister[P=1 Q=1 Z3=1 C3=1 R3=3 S3=1 Y2=1 X2=1 Z2=1 C2=1 R2=3 S2=1 Y1=1 X1=1 Z1=1 C1=1 R1=3 S1=1 Y0=1 X0=1 Z0=1 C0=1 R0=3 S0=1] IntermediateRegister[P=1 Q=1 Z3=1 C3=1 R3=1 S3=1 Y2=1 X2=1 Z2=1 C2=1 R2=1 S2=1 Y1=1 X1=1 Z1=1 C1=1 R1=1 S1=1 Y0=1 X0=1 Z0=1 C0=1 R0=1 S0=1] OutRegister[P=1 Q=1 Z3=1 C3=1 R3=1 S3=1 Y2=1 X2=1 Z2=1 C2=1 R2=1 S2=1 Y1=1 X1=1 Z1=1 C1=1 R1=1 S1=1 Y0=1 X0=1 Z0=1 C0=1 R0=1 S0=1] Compute] 
mccnn_4layer_2026-02-25T17:44:55.704782,mccnn,4layer,full,4,eyeriss,thesis_arch,1056,524,128,4,4,69,False,False,"Ill-posed constraints:
CONSTRAINTS VIOLATION: Arch: Eyeriss_Constrained_4L_tile69_4x4 -> Level: InRegister: memory footprint: 294 VS memory available: 34
CONSTRAINTS VIOLATION: Arch: Eyeriss_Constrained_4L_tile69_4x4 -> Level: WRegister: memory footprint: 2328 VS memory available: 600",0.000e+00,0.000e+00,0.00e+00,0,0.0,0.0,
mccnn_4layer_2026-02-25T17:44:55.974548,mccnn,4layer,full,4,eyeriss,thesis_arch,1056,524,128,4,16,69,False,False,"Ill-posed constraints:
CONSTRAINTS VIOLATION: Arch: Eyeriss_Constrained_4L_tile69_16x4 -> Level: InRegister: memory footprint: 294 VS memory available: 34",0.000e+00,0.000e+00,0.00e+00,0,0.0,0.0,
mccnn_4layer_2026-02-25T17:44:56.309746,mccnn,4layer,full,4,eyeriss,thesis_arch,1056,524,128,4,32,69,False,False,"Ill-posed constraints:
CONSTRAINTS VIOLATION: Arch: Eyeriss_Constrained_4L_tile69_32x4 -> Level: InRegister: memory footprint: 294 VS memory available: 34",0.000e+00,0.000e+00,0.00e+00,0,0.0,0.0,
mccnn_4layer_2026-02-25T17:44:56.707816,mccnn,4layer,full,4,eyeriss,thesis_arch,1056,524,128,4,64,69,False,False,"Ill-posed constraints:
CONSTRAINTS VIOLATION: Arch: Eyeriss_Constrained_4L_tile69_64x4 -> Level: InRegister: memory footprint: 294 VS memory available: 34",0.000e+00,0.000e+00,0.00e+00,0,0.0,0.0,
mccnn_4layer_2026-02-25T17:44:57.343667,mccnn,4layer,full,4,eyeriss,thesis_arch,1056,524,128,4,128,69,False,False,"Ill-posed constraints:
CONSTRAINTS VIOLATION: Arch: Eyeriss_Constrained_4L_tile69_128x4 -> Level: InRegister: memory footprint: 294 VS memory available: 34",0.000e+00,0.000e+00,0.00e+00,0,0.0,0.0,
mccnn_4layer_2026-02-25T17:44:57.888710,mccnn,4layer,full,4,eyeriss,thesis_arch,1056,524,128,4,256,69,False,False,"Ill-posed constraints:
CONSTRAINTS VIOLATION: Arch: Eyeriss_Constrained_4L_tile69_256x4 -> Level: InRegister: memory footprint: 294 VS memory available: 34",0.000e+00,0.000e+00,0.00e+00,0,0.0,0.0,
mccnn_4layer_2026-02-25T17:44:58.294972,mccnn,4layer,full,4,eyeriss,thesis_arch,1056,524,128,4,512,69,False,False,"Ill-posed constraints:
CONSTRAINTS VIOLATION: Arch: Eyeriss_Constrained_4L_tile69_512x4 -> Level: InRegister: memory footprint: 294 VS memory available: 34",0.000e+00,0.000e+00,0.00e+00,0,0.0,0.0,
mccnn_4layer_2026-02-25T17:44:58.713343,mccnn,4layer,full,4,eyeriss,thesis_arch,1056,524,128,16,4,69,False,False,"Ill-posed constraints:
CONSTRAINTS VIOLATION: Arch: Eyeriss_Constrained_4L_tile69_4x16 -> Level: InRegister: memory footprint: 78 VS memory available: 34",0.000e+00,0.000e+00,0.00e+00,0,0.0,0.0,
mccnn_4layer_2026-02-25T17:44:59.138776,mccnn,4layer,full,4,eyeriss,thesis_arch,1056,524,128,16,16,69,False,False,"Ill-posed constraints:
CONSTRAINTS VIOLATION: Arch: Eyeriss_Constrained_4L_tile69_16x16 -> Level: InRegister: memory footprint: 78 VS memory available: 34",0.000e+00,0.000e+00,0.00e+00,0,0.0,0.0,
mccnn_4layer_2026-02-25T17:44:59.401954,mccnn,4layer,full,4,eyeriss,thesis_arch,1056,524,128,16,32,69,False,False,"Ill-posed constraints:
CONSTRAINTS VIOLATION: Arch: Eyeriss_Constrained_4L_tile69_32x16 -> Level: InRegister: memory footprint: 78 VS memory available: 34",0.000e+00,0.000e+00,0.00e+00,0,0.0,0.0,
mccnn_4layer_2026-02-25T17:44:59.660543,mccnn,4layer,full,4,eyeriss,thesis_arch,1056,524,128,16,64,69,False,False,"Ill-posed constraints:
CONSTRAINTS VIOLATION: Arch: Eyeriss_Constrained_4L_tile69_64x16 -> Level: InRegister: memory footprint: 78 VS memory available: 34",0.000e+00,0.000e+00,0.00e+00,0,0.0,0.0,
mccnn_4layer_2026-02-25T17:44:59.906819,mccnn,4layer,full,4,eyeriss,thesis_arch,1056,524,128,16,128,69,False,False,"Ill-posed constraints:
CONSTRAINTS VIOLATION: Arch: Eyeriss_Constrained_4L_tile69_128x16 -> Level: InRegister: memory footprint: 78 VS memory available: 34",0.000e+00,0.000e+00,0.00e+00,0,0.0,0.0,
mccnn_4layer_2026-02-25T17:45:00.148334,mccnn,4layer,full,4,eyeriss,thesis_arch,1056,524,128,16,256,69,False,False,"Ill-posed constraints:
CONSTRAINTS VIOLATION: Arch: Eyeriss_Constrained_4L_tile69_256x16 -> Level: InRegister: memory footprint: 78 VS memory available: 34",0.000e+00,0.000e+00,0.00e+00,0,0.0,0.0,
mccnn_4layer_2026-02-25T17:45:00.393734,mccnn,4layer,full,4,eyeriss,thesis_arch,1056,524,128,16,512,69,False,False,"Ill-posed constraints:
CONSTRAINTS VIOLATION: Arch: Eyeriss_Constrained_4L_tile69_512x16 -> Level: InRegister: memory footprint: 78 VS memory available: 34",0.000e+00,0.000e+00,0.00e+00,0,0.0,0.0,
mccnn_4layer_2026-02-25T17:45:00.640347,mccnn,4layer,full,4,eyeriss,thesis_arch,1056,524,128,32,4,69,False,False,"Ill-posed constraints:
CONSTRAINTS VIOLATION: Arch: Eyeriss_Constrained_4L_tile69_4x32 -> Level: InRegister: memory footprint: 42 VS memory available: 34",0.000e+00,0.000e+00,0.00e+00,0,0.0,0.0,
mccnn_4layer_2026-02-25T17:45:00.895847,mccnn,4layer,full,4,eyeriss,thesis_arch,1056,524,128,32,16,69,False,False,"Ill-posed constraints:
CONSTRAINTS VIOLATION: Arch: Eyeriss_Constrained_4L_tile69_16x32 -> Level: InRegister: memory footprint: 42 VS memory available: 34",0.000e+00,0.000e+00,0.00e+00,0,0.0,0.0,
mccnn_4layer_2026-02-25T17:45:01.127310,mccnn,4layer,full,4,eyeriss,thesis_arch,1056,524,128,32,32,69,False,False,"Ill-posed constraints:
CONSTRAINTS VIOLATION: Arch: Eyeriss_Constrained_4L_tile69_32x32 -> Level: InRegister: memory footprint: 42 VS memory available: 34",0.000e+00,0.000e+00,0.00e+00,0,0.0,0.0,
mccnn_4layer_2026-02-25T17:45:01.440082,mccnn,4layer,full,4,eyeriss,thesis_arch,1056,524,128,32,64,69,False,False,"Ill-posed constraints:
CONSTRAINTS VIOLATION: Arch: Eyeriss_Constrained_4L_tile69_64x32 -> Level: InRegister: memory footprint: 42 VS memory available: 34",0.000e+00,0.000e+00,0.00e+00,0,0.0,0.0,
mccnn_4layer_2026-02-25T17:45:01.782066,mccnn,4layer,full,4,eyeriss,thesis_arch,1056,524,128,32,128,69,False,False,"Ill-posed constraints:
CONSTRAINTS VIOLATION: Arch: Eyeriss_Constrained_4L_tile69_128x32 -> Level: InRegister: memory footprint: 42 VS memory available: 34",0.000e+00,0.000e+00,0.00e+00,0,0.0,0.0,
mccnn_4layer_2026-02-25T17:45:02.056119,mccnn,4layer,full,4,eyeriss,thesis_arch,1056,524,128,32,256,69,False,False,"Ill-posed constraints:
CONSTRAINTS VIOLATION: Arch: Eyeriss_Constrained_4L_tile69_256x32 -> Level: InRegister: memory footprint: 42 VS memory available: 34",0.000e+00,0.000e+00,0.00e+00,0,0.0,0.0,
mccnn_4layer_2026-02-25T17:45:02.375419,mccnn,4layer,full,4,eyeriss,thesis_arch,1056,524,128,32,512,69,False,False,"Ill-posed constraints:
CONSTRAINTS VIOLATION: Arch: Eyeriss_Constrained_4L_tile69_512x32 -> Level: InRegister: memory footprint: 42 VS memory available: 34",0.000e+00,0.000e+00,0.00e+00,0,0.0,0.0,
mccnn_4layer_2026-02-25T17:45:02.723815,mccnn,4layer,full,4,eyeriss,thesis_arch,1056,524,128,64,4,69,False,True,,5.410e+04,6.865e+07,3.73e+06,"(33281613792, 14645336112)",0.158203125,0.05120062828063965,DRAM[P=376 Q=18 Z3=1 C3=1 R3=1 S3=1 Y2=376 X2=18 Z2=1 C2=1 R2=1 S2=1 Y1=376 X1=18 Z1=1 C1=1 R1=1 S1=1 Y0=376 X0=18 Z0=1 C0=1 R0=1 S0=1] GlobalBuffer[P=1 Q=69 Z3=1 C3=1 R3=1 S3=1 Y2=1 X2=69 Z2=1 C2=1 R2=1 S2=1 Y1=1 X1=69 Z1=1 C1=1 R1=1 S1=1 Y0=1 X0=69 Z0=1 C0=1 R0=1 S0=1] SACols[Q=1 Z3=4] SARows[S3=3 C3=16 Z3=1] SACols_2[X2=1 Z2=4] SARows_2[S2=3 C2=16 Z2=1] SACols_1[X1=1 Z1=4] SARows_1[S1=3 C1=16 Z1=1] SACols_0[X0=1 Z0=4] SARows_0[S0=3 C0=1 Z0=8] InRegister[P=1 Q=1 Z3=1 C3=1 R3=1 S3=1 Y2=1 X2=1 Z2=1 C2=1 R2=1 S2=1 Y1=1 X1=1 Z1=1 C1=1 R1=1 S1=1 Y0=1 X0=1 Z0=1 C0=1 R0=1 S0=1] WRegister[P=1 Q=1 Z3=1 C3=2 R3=3 S3=1 Y2=1 X2=1 Z2=1 C2=2 R2=3 S2=1 Y1=1 X1=1 Z1=1 C1=2 R1=3 S1=1 Y0=1 X0=1 Z0=1 C0=1 R0=3 S0=1] IntermediateRegister[P=1 Q=1 Z3=1 C3=1 R3=1 S3=1 Y2=1 X2=1 Z2=8 C2=1 R2=1 S2=1 Y1=1 X1=1 Z1=8 C1=1 R1=1 S1=1 Y0=1 X0=1 Z0=1 C0=1 R0=1 S0=1] OutRegister[P=1 Q=1 Z3=8 C3=1 R3=1 S3=1 Y2=1 X2=1 Z2=1 C2=1 R2=1 S2=1 Y1=1 X1=1 Z1=1 C1=1 R1=1 S1=1 Y0=1 X0=1 Z0=1 C0=1 R0=1 S0=1] Compute] 
mccnn_4layer_2026-02-25T17:45:03.120129,mccnn,4layer,full,4,eyeriss,thesis_arch,1056,524,128,64,16,69,False,True,,5.526e+04,1.821e+07,1.02e+06,"(36509462496, 14645336112)",0.03955078125,0.1013340950012207,DRAM[P=376 Q=18 Z3=1 C3=1 R3=1 S3=1 Y2=376 X2=18 Z2=1 C2=1 R2=1 S2=1 Y1=376 X1=18 Z1=1 C1=1 R1=1 S1=1 Y0=376 X0=18 Z0=1 C0=1 R0=1 S0=1] GlobalBuffer[P=1 Q=69 Z3=1 C3=1 R3=1 S3=1 Y2=1 X2=69 Z2=1 C2=1 R2=1 S2=1 Y1=1 X1=69 Z1=1 C1=1 R1=1 S1=1 Y0=1 X0=69 Z0=1 C0=1 R0=1 S0=1] SACols[Q=1 Z3=16] SARows[S3=3 C3=16 Z3=1] SACols_2[X2=1 Z2=16] SARows_2[S2=3 C2=16 Z2=1] SACols_1[X1=1 Z1=16] SARows_1[S1=3 C1=16 Z1=1] SACols_0[X0=1 Z0=16] SARows_0[S0=3 C0=1 Z0=2] InRegister[P=1 Q=1 Z3=1 C3=1 R3=1 S3=1 Y2=1 X2=1 Z2=1 C2=1 R2=1 S2=1 Y1=1 X1=1 Z1=1 C1=1 R1=1 S1=1 Y0=1 X0=1 Z0=1 C0=1 R0=1 S0=1] WRegister[P=1 Q=1 Z3=1 C3=2 R3=3 S3=1 Y2=1 X2=1 Z2=1 C2=2 R2=3 S2=1 Y1=1 X1=1 Z1=1 C1=2 R1=3 S1=1 Y0=1 X0=1 Z0=1 C0=1 R0=3 S0=1] IntermediateRegister[P=1 Q=1 Z3=1 C3=1 R3=1 S3=1 Y2=1 X2=1 Z2=2 C2=1 R2=1 S2=1 Y1=1 X1=1 Z1=2 C1=1 R1=1 S1=1 Y0=1 X0=1 Z0=1 C0=1 R0=1 S0=1] OutRegister[P=1 Q=1 Z3=2 C3=1 R3=1 S3=1 Y2=1 X2=1 Z2=1 C2=1 R2=1 S2=1 Y1=1 X1=1 Z1=1 C1=1 R1=1 S1=1 Y0=1 X0=1 Z0=1 C0=1 R0=1 S0=1] Compute] 
mccnn_4layer_2026-02-25T17:45:03.482720,mccnn,4layer,full,4,eyeriss,thesis_arch,1056,524,128,64,32,69,False,True,,5.680e+04,1.261e+07,7.36e+05,"(40813260768, 14645336112)",0.019775390625,0.047600507736206055,DRAM[P=376 Q=18 Z3=1 C3=1 R3=1 S3=1 Y2=376 X2=18 Z2=1 C2=1 R2=1 S2=1 Y1=376 X1=18 Z1=1 C1=1 R1=1 S1=1 Y0=376 X0=18 Z0=1 C0=1 R0=1 S0=1] GlobalBuffer[P=1 Q=69 Z3=1 C3=1 R3=1 S3=1 Y2=1 X2=69 Z2=1 C2=1 R2=1 S2=1 Y1=1 X1=69 Z1=1 C1=1 R1=1 S1=1 Y0=1 X0=69 Z0=1 C0=1 R0=1 S0=1] SACols[Q=1 Z3=32] SARows[S3=3 C3=16 Z3=1] SACols_2[X2=1 Z2=32] SARows_2[S2=3 C2=16 Z2=1] SACols_1[X1=1 Z1=32] SARows_1[S1=3 C1=16 Z1=1] SACols_0[X0=1 Z0=32] SARows_0[S0=3 C0=1 Z0=1] InRegister[P=1 Q=1 Z3=1 C3=1 R3=1 S3=1 Y2=1 X2=1 Z2=1 C2=1 R2=1 S2=1 Y1=1 X1=1 Z1=1 C1=1 R1=1 S1=1 Y0=1 X0=1 Z0=1 C0=1 R0=1 S0=1] WRegister[P=1 Q=1 Z3=1 C3=2 R3=3 S3=1 Y2=1 X2=1 Z2=1 C2=2 R2=3 S2=1 Y1=1 X1=1 Z1=1 C1=2 R1=3 S1=1 Y0=1 X0=1 Z0=1 C0=1 R0=3 S0=1] IntermediateRegister[P=1 Q=1 Z3=1 C3=1 R3=1 S3=1 Y2=1 X2=1 Z2=1 C2=1 R2=1 S2=1 Y1=1 X1=1 Z1=1 C1=1 R1=1 S1=1 Y0=1 X0=1 Z0=1 C0=1 R0=1 S0=1] OutRegister[P=1 Q=1 Z3=1 C3=1 R3=1 S3=1 Y2=1 X2=1 Z2=1 C2=1 R2=1 S2=1 Y1=1 X1=1 Z1=1 C1=1 R1=1 S1=1 Y0=1 X0=1 Z0=1 C0=1 R0=1 S0=1] Compute] 
mccnn_4layer_2026-02-25T17:45:03.852298,mccnn,4layer,full,4,eyeriss,thesis_arch,1056,524,128,64,64,69,False,True,,5.680e+04,1.261e+07,7.36e+05,"(40813260768, 14645336112)",0.0012359619140625,0.048737525939941406,DRAM[P=376 Q=18 Z3=1 C3=1 R3=1 S3=1 Y2=376 X2=18 Z2=1 C2=1 R2=1 S2=1 Y1=376 X1=18 Z1=1 C1=1 R1=1 S1=1 Y0=376 X0=18 Z0=1 C0=1 R0=1 S0=1] GlobalBuffer[P=1 Q=69 Z3=1 C3=1 R3=1 S3=1 Y2=1 X2=69 Z2=1 C2=1 R2=1 S2=1 Y1=1 X1=69 Z1=1 C1=1 R1=1 S1=1 Y0=1 X0=69 Z0=1 C0=1 R0=1 S0=1] SACols[Q=1 Z3=32] SARows[S3=3 C3=16 Z3=1] SACols_2[X2=1 Z2=32] SARows_2[S2=3 C2=16 Z2=1] SACols_1[X1=1 Z1=32] SARows_1[S1=3 C1=16 Z1=1] SACols_0[X0=1 Z0=32] SARows_0[S0=3 C0=1 Z0=1] InRegister[P=1 Q=1 Z3=1 C3=1 R3=1 S3=1 Y2=1 X2=1 Z2=1 C2=1 R2=1 S2=1 Y1=1 X1=1 Z1=1 C1=1 R1=1 S1=1 Y0=1 X0=1 Z0=1 C0=1 R0=1 S0=1] WRegister[P=1 Q=1 Z3=1 C3=2 R3=3 S3=1 Y2=1 X2=1 Z2=1 C2=2 R2=3 S2=1 Y1=1 X1=1 Z1=1 C1=2 R1=3 S1=1 Y0=1 X0=1 Z0=1 C0=1 R0=3 S0=1] IntermediateRegister[P=1 Q=1 Z3=1 C3=1 R3=1 S3=1 Y2=1 X2=1 Z2=1 C2=1 R2=1 S2=1 Y1=1 X1=1 Z1=1 C1=1 R1=1 S1=1 Y0=1 X0=1 Z0=1 C0=1 R0=1 S0=1] OutRegister[P=1 Q=1 Z3=1 C3=1 R3=1 S3=1 Y2=1 X2=1 Z2=1 C2=1 R2=1 S2=1 Y1=1 X1=1 Z1=1 C1=1 R1=1 S1=1 Y0=1 X0=1 Z0=1 C0=1 R0=1 S0=1] Compute] 
mccnn_4layer_2026-02-25T17:45:04.271985,mccnn,4layer,full,4,eyeriss,thesis_arch,1056,524,128,64,128,69,False,True,,5.680e+04,1.223e+07,7.13e+05,"(40813260768, 14645336112)",0.006257057189941406,0.07475113868713379,DRAM[P=376 Q=18 Z3=1 C3=1 R3=1 S3=1 Y2=376 X2=18 Z2=1 C2=1 R2=1 S2=1 Y1=376 X1=18 Z1=1 C1=1 R1=1 S1=1 Y0=376 X0=18 Z0=1 C0=1 R0=1 S0=1] GlobalBuffer[P=1 Q=23 Z3=1 C3=1 R3=1 S3=1 Y2=1 X2=23 Z2=1 C2=1 R2=1 S2=1 Y1=1 X1=23 Z1=1 C1=1 R1=1 S1=1 Y0=1 X0=23 Z0=1 C0=1 R0=1 S0=1] SACols[Q=3 Z3=32] SARows[S3=3 C3=16 Z3=1] SACols_2[X2=3 Z2=32] SARows_2[S2=3 C2=16 Z2=1] SACols_1[X1=3 Z1=32] SARows_1[S1=3 C1=16 Z1=1] SACols_0[X0=3 Z0=32] SARows_0[S0=3 C0=1 Z0=1] InRegister[P=1 Q=1 Z3=1 C3=1 R3=1 S3=1 Y2=1 X2=1 Z2=1 C2=1 R2=1 S2=1 Y1=1 X1=1 Z1=1 C1=1 R1=1 S1=1 Y0=1 X0=1 Z0=1 C0=1 R0=1 S0=1] WRegister[P=1 Q=1 Z3=1 C3=2 R3=3 S3=1 Y2=1 X2=1 Z2=1 C2=2 R2=3 S2=1 Y1=1 X1=1 Z1=1 C1=2 R1=3 S1=1 Y0=1 X0=1 Z0=1 C0=1 R0=3 S0=1] IntermediateRegister[P=1 Q=1 Z3=1 C3=1 R3=1 S3=1 Y2=1 X2=1 Z2=1 C2=1 R2=1 S2=1 Y1=1 X1=1 Z1=1 C1=1 R1=1 S1=1 Y0=1 X0=1 Z0=1 C0=1 R0=1 S0=1] OutRegister[P=1 Q=1 Z3=1 C3=1 R3=1 S3=1 Y2=1 X2=1 Z2=1 C2=1 R2=1 S2=1 Y1=1 X1=1 Z1=1 C1=1 R1=1 S1=1 Y0=1 X0=1 Z0=1 C0=1 R0=1 S0=1] Compute] 
mccnn_4layer_2026-02-25T17:45:04.650919,mccnn,4layer,full,4,eyeriss,thesis_arch,1056,524,128,64,256,69,False,True,,5.680e+04,1.223e+07,7.13e+05,"(40813260768, 14645336112)",0.0003910660743713379,0.11445426940917969,DRAM[P=376 Q=18 Z3=1 C3=1 R3=1 S3=1 Y2=376 X2=18 Z2=1 C2=1 R2=1 S2=1 Y1=376 X1=18 Z1=1 C1=1 R1=1 S1=1 Y0=376 X0=18 Z0=1 C0=1 R0=1 S0=1] GlobalBuffer[P=1 Q=23 Z3=1 C3=1 R3=1 S3=1 Y2=1 X2=23 Z2=1 C2=1 R2=1 S2=1 Y1=1 X1=23 Z1=1 C1=1 R1=1 S1=1 Y0=1 X0=23 Z0=1 C0=1 R0=1 S0=1] SACols[Q=3 Z3=32] SARows[S3=3 C3=16 Z3=1] SACols_2[X2=3 Z2=32] SARows_2[S2=3 C2=16 Z2=1] SACols_1[X1=3 Z1=32] SARows_1[S1=3 C1=16 Z1=1] SACols_0[X0=3 Z0=32] SARows_0[S0=3 C0=1 Z0=1] InRegister[P=1 Q=1 Z3=1 C3=1 R3=1 S3=1 Y2=1 X2=1 Z2=1 C2=1 R2=1 S2=1 Y1=1 X1=1 Z1=1 C1=1 R1=1 S1=1 Y0=1 X0=1 Z0=1 C0=1 R0=1 S0=1] WRegister[P=1 Q=1 Z3=1 C3=2 R3=3 S3=1 Y2=1 X2=1 Z2=1 C2=2 R2=3 S2=1 Y1=1 X1=1 Z1=1 C1=2 R1=3 S1=1 Y0=1 X0=1 Z0=1 C0=1 R0=3 S0=1] IntermediateRegister[P=1 Q=1 Z3=1 C3=1 R3=1 S3=1 Y2=1 X2=1 Z2=1 C2=1 R2=1 S2=1 Y1=1 X1=1 Z1=1 C1=1 R1=1 S1=1 Y0=1 X0=1 Z0=1 C0=1 R0=1 S0=1] OutRegister[P=1 Q=1 Z3=1 C3=1 R3=1 S3=1 Y2=1 X2=1 Z2=1 C2=1 R2=1 S2=1 Y1=1 X1=1 Z1=1 C1=1 R1=1 S1=1 Y0=1 X0=1 Z0=1 C0=1 R0=1 S0=1] Compute] 
mccnn_4layer_2026-02-25T17:45:05.177437,mccnn,4layer,full,4,eyeriss,thesis_arch,1056,524,128,128,4,69,False,True,,5.513e+04,3.502e+07,1.94e+06,"(34716213216, 16079935536)",0.0791015625,0.07821202278137207,DRAM[P=376 Q=18 Z3=1 C3=1 R3=1 S3=1 Y2=376 X2=18 Z2=1 C2=1 R2=1 S2=1 Y1=376 X1=18 Z1=1 C1=1 R1=1 S1=1 Y0=376 X0=18 Z0=1 C0=1 R0=1 S0=1] GlobalBuffer[P=1 Q=69 Z3=1 C3=1 R3=1 S3=1 Y2=1 X2=69 Z2=1 C2=1 R2=1 S2=1 Y1=1 X1=69 Z1=1 C1=1 R1=1 S1=1 Y0=1 X0=69 Z0=1 C0=1 R0=1 S0=1] SACols[Q=1 Z3=4] SARows[S3=3 C3=32 Z3=1] SACols_2[X2=1 Z2=4] SARows_2[S2=3 C2=32 Z2=1] SACols_1[X1=1 Z1=4] SARows_1[S1=3 C1=32 Z1=1] SACols_0[X0=1 Z0=4] SARows_0[S0=3 C0=1 Z0=8] InRegister[P=1 Q=1 Z3=1 C3=1 R3=1 S3=1 Y2=1 X2=1 Z2=1 C2=1 R2=1 S2=1 Y1=1 X1=1 Z1=1 C1=1 R1=1 S1=1 Y0=1 X0=1 Z0=1 C0=1 R0=1 S0=1] WRegister[P=1 Q=1 Z3=1 C3=1 R3=3 S3=1 Y2=1 X2=1 Z2=1 C2=1 R2=3 S2=1 Y1=1 X1=1 Z1=1 C1=1 R1=3 S1=1 Y0=1 X0=1 Z0=1 C0=1 R0=3 S0=1] IntermediateRegister[P=1 Q=1 Z3=1 C3=1 R3=1 S3=1 Y2=1 X2=1 Z2=8 C2=1 R2=1 S2=1 Y1=1 X1=1 Z1=8 C1=1 R1=1 S1=1 Y0=1 X0=1 Z0=1 C0=1 R0=1 S0=1] OutRegister[P=1 Q=1 Z3=8 C3=1 R3=1 S3=1 Y2=1 X2=1 Z2=1 C2=1 R2=1 S2=1 Y1=1 X1=1 Z1=1 C1=1 R1=1 S1=1 Y0=1 X0=1 Z0=1 C0=1 R0=1 S0=1] Compute] 
mccnn_4layer_2026-02-25T17:45:05.582726,mccnn,4layer,full,4,eyeriss,thesis_arch,1056,524,128,128,16,69,False,True,,5.629e+04,1.261e+07,7.19e+05,"(37944061920, 16079935536)",0.019775390625,0.0885157585144043,DRAM[P=376 Q=18 Z3=1 C3=1 R3=1 S3=1 Y2=376 X2=18 Z2=1 C2=1 R2=1 S2=1 Y1=376 X1=18 Z1=1 C1=1 R1=1 S1=1 Y0=376 X0=18 Z0=1 C0=1 R0=1 S0=1] GlobalBuffer[P=1 Q=69 Z3=1 C3=1 R3=1 S3=1 Y2=1 X2=69 Z2=1 C2=1 R2=1 S2=1 Y1=1 X1=69 Z1=1 C1=1 R1=1 S1=1 Y0=1 X0=69 Z0=1 C0=1 R0=1 S0=1] SACols[Q=1 Z3=16] SARows[S3=3 C3=32 Z3=1] SACols_2[X2=1 Z2=16] SARows_2[S2=3 C2=32 Z2=1] SACols_1[X1=1 Z1=16] SARows_1[S1=3 C1=32 Z1=1] SACols_0[X0=1 Z0=16] SARows_0[S0=3 C0=1 Z0=2] InRegister[P=1 Q=1 Z3=1 C3=1 R3=1 S3=1 Y2=1 X2=1 Z2=1 C2=1 R2=1 S2=1 Y1=1 X1=1 Z1=1 C1=1 R1=1 S1=1 Y0=1 X0=1 Z0=1 C0=1 R0=1 S0=1] WRegister[P=1 Q=1 Z3=1 C3=1 R3=3 S3=1 Y2=1 X2=1 Z2=1 C2=1 R2=3 S2=1 Y1=1 X1=1 Z1=1 C1=1 R1=3 S1=1 Y0=1 X0=1 Z0=1 C0=1 R0=3 S0=1] IntermediateRegister[P=1 Q=1 Z3=1 C3=1 R3=1 S3=1 Y2=1 X2=1 Z2=2 C2=1 R2=1 S2=1 Y1=1 X1=1 Z1=2 C1=1 R1=1 S1=1 Y0=1 X0=1 Z0=1 C0=1 R0=1 S0=1] OutRegister[P=1 Q=1 Z3=2 C3=1 R3=1 S3=1 Y2=1 X2=1 Z2=1 C2=1 R2=1 S2=1 Y1=1 X1=1 Z1=1 C1=1 R1=1 S1=1 Y0=1 X0=1 Z0=1 C0=1 R0=1 S0=1] Compute] 
mccnn_4layer_2026-02-25T17:45:05.959474,mccnn,4layer,full,4,eyeriss,thesis_arch,1056,524,128,128,32,69,False,True,,5.783e+04,1.261e+07,7.49e+05,"(42247860192, 16079935536)",0.0098876953125,0.0715322494506836,DRAM[P=376 Q=18 Z3=1 C3=1 R3=1 S3=1 Y2=376 X2=18 Z2=1 C2=1 R2=1 S2=1 Y1=376 X1=18 Z1=1 C1=1 R1=1 S1=1 Y0=376 X0=18 Z0=1 C0=1 R0=1 S0=1] GlobalBuffer[P=1 Q=69 Z3=1 C3=1 R3=1 S3=1 Y2=1 X2=69 Z2=1 C2=1 R2=1 S2=1 Y1=1 X1=69 Z1=1 C1=1 R1=1 S1=1 Y0=1 X0=69 Z0=1 C0=1 R0=1 S0=1] SACols[Q=1 Z3=32] SARows[S3=3 C3=32 Z3=1] SACols_2[X2=1 Z2=32] SARows_2[S2=3 C2=32 Z2=1] SACols_1[X1=1 Z1=32] SARows_1[S1=3 C1=32 Z1=1] SACols_0[X0=1 Z0=32] SARows_0[S0=3 C0=1 Z0=1] InRegister[P=1 Q=1 Z3=1 C3=1 R3=1 S3=1 Y2=1 X2=1 Z2=1 C2=1 R2=1 S2=1 Y1=1 X1=1 Z1=1 C1=1 R1=1 S1=1 Y0=1 X0=1 Z0=1 C0=1 R0=1 S0=1] WRegister[P=1 Q=1 Z3=1 C3=1 R3=3 S3=1 Y2=1 X2=1 Z2=1 C2=1 R2=3 S2=1 Y1=1 X1=1 Z1=1 C1=1 R1=3 S1=1 Y0=1 X0=1 Z0=1 C0=1 R0=3 S0=1] IntermediateRegister[P=1 Q=1 Z3=1 C3=1 R3=1 S3=1 Y2=1 X2=1 Z2=1 C2=1 R2=1 S2=1 Y1=1 X1=1 Z1=1 C1=1 R1=1 S1=1 Y0=1 X0=1 Z0=1 C0=1 R0=1 S0=1] OutRegister[P=1 Q=1 Z3=1 C3=1 R3=1 S3=1 Y2=1 X2=1 Z2=1 C2=1 R2=1 S2=1 Y1=1 X1=1 Z1=1 C1=1 R1=1 S1=1 Y0=1 X0=1 Z0=1 C0=1 R0=1 S0=1] Compute] 
mccnn_4layer_2026-02-25T17:45:06.324642,mccnn,4layer,full,4,eyeriss,thesis_arch,1056,524,128,128,64,69,False,True,,5.783e+04,1.261e+07,7.49e+05,"(42247860192, 16079935536)",0.00061798095703125,0.05515146255493164,DRAM[P=376 Q=18 Z3=1 C3=1 R3=1 S3=1 Y2=376 X2=18 Z2=1 C2=1 R2=1 S2=1 Y1=376 X1=18 Z1=1 C1=1 R1=1 S1=1 Y0=376 X0=18 Z0=1 C0=1 R0=1 S0=1] GlobalBuffer[P=1 Q=69 Z3=1 C3=1 R3=1 S3=1 Y2=1 X2=69 Z2=1 C2=1 R2=1 S2=1 Y1=1 X1=69 Z1=1 C1=1 R1=1 S1=1 Y0=1 X0=69 Z0=1 C0=1 R0=1 S0=1] SACols[Q=1 Z3=32] SARows[S3=3 C3=32 Z3=1] SACols_2[X2=1 Z2=32] SARows_2[S2=3 C2=32 Z2=1] SACols_1[X1=1 Z1=32] SARows_1[S1=3 C1=32 Z1=1] SACols_0[X0=1 Z0=32] SARows_0[S0=3 C0=1 Z0=1] InRegister[P=1 Q=1 Z3=1 C3=1 R3=1 S3=1 Y2=1 X2=1 Z2=1 C2=1 R2=1 S2=1 Y1=1 X1=1 Z1=1 C1=1 R1=1 S1=1 Y0=1 X0=1 Z0=1 C0=1 R0=1 S0=1] WRegister[P=1 Q=1 Z3=1 C3=1 R3=3 S3=1 Y2=1 X2=1 Z2=1 C2=1 R2=3 S2=1 Y1=1 X1=1 Z1=1 C1=1 R1=3 S1=1 Y0=1 X0=1 Z0=1 C0=1 R0=3 S0=1] IntermediateRegister[P=1 Q=1 Z3=1 C3=1 R3=1 S3=1 Y2=1 X2=1 Z2=1 C2=1 R2=1 S2=1 Y1=1 X1=1 Z1=1 C1=1 R1=1 S1=1 Y0=1 X0=1 Z0=1 C0=1 R0=1 S0=1] OutRegister[P=1 Q=1 Z3=1 C3=1 R3=1 S3=1 Y2=1 X2=1 Z2=1 C2=1 R2=1 S2=1 Y1=1 X1=1 Z1=1 C1=1 R1=1 S1=1 Y0=1 X0=1 Z0=1 C0=1 R0=1 S0=1] Compute] 
mccnn_4layer_2026-02-25T17:45:06.701388,mccnn,4layer,full,4,eyeriss,thesis_arch,1056,524,128,128,128,69,False,True,,5.783e+04,1.223e+07,7.26e+05,"(42247860192, 16079935536)",0.003128528594970703,0.04659748077392578,DRAM[P=376 Q=18 Z3=1 C3=1 R3=1 S3=1 Y2=376 X2=18 Z2=1 C2=1 R2=1 S2=1 Y1=376 X1=18 Z1=1 C1=1 R1=1 S1=1 Y0=376 X0=18 Z0=1 C0=1 R0=1 S0=1] GlobalBuffer[P=1 Q=23 Z3=1 C3=1 R3=1 S3=1 Y2=1 X2=23 Z2=1 C2=1 R2=1 S2=1 Y1=1 X1=23 Z1=1 C1=1 R1=1 S1=1 Y0=1 X0=23 Z0=1 C0=1 R0=1 S0=1] SACols[Q=3 Z3=32] SARows[S3=3 C3=32 Z3=1] SACols_2[X2=3 Z2=32] SARows_2[S2=3 C2=32 Z2=1] SACols_1[X1=3 Z1=32] SARows_1[S1=3 C1=32 Z1=1] SACols_0[X0=3 Z0=32] SARows_0[S0=3 C0=1 Z0=1] InRegister[P=1 Q=1 Z3=1 C3=1 R3=1 S3=1 Y2=1 X2=1 Z2=1 C2=1 R2=1 S2=1 Y1=1 X1=1 Z1=1 C1=1 R1=1 S1=1 Y0=1 X0=1 Z0=1 C0=1 R0=1 S0=1] WRegister[P=1 Q=1 Z3=1 C3=1 R3=3 S3=1 Y2=1 X2=1 Z2=1 C2=1 R2=3 S2=1 Y1=1 X1=1 Z1=1 C1=1 R1=3 S1=1 Y0=1 X0=1 Z0=1 C0=1 R0=3 S0=1] IntermediateRegister[P=1 Q=1 Z3=1 C3=1 R3=1 S3=1 Y2=1 X2=1 Z2=1 C2=1 R2=1 S2=1 Y1=1 X1=1 Z1=1 C1=1 R1=1 S1=1 Y0=1 X0=1 Z0=1 C0=1 R0=1 S0=1] OutRegister[P=1 Q=1 Z3=1 C3=1 R3=1 S3=1 Y2=1 X2=1 Z2=1 C2=1 R2=1 S2=1 Y1=1 X1=1 Z1=1 C1=1 R1=1 S1=1 Y0=1 X0=1 Z0=1 C0=1 R0=1 S0=1] Compute] 
mccnn_4layer_2026-02-25T17:45:07.019286,mccnn,4layer,full,4,eyeriss,thesis_arch,1056,524,128,256,4,69,False,True,,5.552e+04,1.821e+07,1.02e+06,"(35792162784, 16079935536)",0.03955078125,0.4009253978729248,DRAM[P=376 Q=18 Z3=1 C3=1 R3=1 S3=1 Y2=376 X2=18 Z2=1 C2=1 R2=1 S2=1 Y1=376 X1=18 Z1=1 C1=1 R1=1 S1=1 Y0=376 X0=18 Z0=1 C0=1 R0=1 S0=1] GlobalBuffer[P=1 Q=69 Z3=1 C3=1 R3=1 S3=1 Y2=1 X2=69 Z2=1 C2=1 R2=1 S2=1 Y1=1 X1=69 Z1=1 C1=1 R1=1 S1=1 Y0=1 X0=69 Z0=1 C0=1 R0=1 S0=1] SACols[Q=1 Z3=4] SARows[S3=3 C3=32 Z3=2] SACols_2[X2=1 Z2=4] SARows_2[S2=3 C2=32 Z2=2] SACols_1[X1=1 Z1=4] SARows_1[S1=3 C1=32 Z1=2] SACols_0[X0=1 Z0=4] SARows_0[S0=3 C0=1 Z0=8] InRegister[P=1 Q=1 Z3=1 C3=1 R3=1 S3=1 Y2=1 X2=1 Z2=1 C2=1 R2=1 S2=1 Y1=1 X1=1 Z1=1 C1=1 R1=1 S1=1 Y0=1 X0=1 Z0=1 C0=1 R0=1 S0=1] WRegister[P=1 Q=1 Z3=1 C3=1 R3=3 S3=1 Y2=1 X2=1 Z2=1 C2=1 R2=3 S2=1 Y1=1 X1=1 Z1=1 C1=1 R1=3 S1=1 Y0=1 X0=1 Z0=1 C0=1 R0=3 S0=1] IntermediateRegister[P=1 Q=1 Z3=1 C3=1 R3=1 S3=1 Y2=1 X2=1 Z2=4 C2=1 R2=1 S2=1 Y1=1 X1=1 Z1=4 C1=1 R1=1 S1=1 Y0=1 X0=1 Z0=1 C0=1 R0=1 S0=1] OutRegister[P=1 Q=1 Z3=4 C3=1 R3=1 S3=1 Y2=1 X2=1 Z2=1 C2=1 R2=1 S2=1 Y1=1 X1=1 Z1=1 C1=1 R1=1 S1=1 Y0=1 X0=1 Z0=1 C0=1 R0=1 S0=1] Compute] 
mccnn_4layer_2026-02-25T17:45:07.715171,mccnn,4layer,full,4,eyeriss,thesis_arch,1056,524,128,256,16,69,False,True,,5.783e+04,1.261e+07,7.49e+05,"(42247860192, 16079935536)",0.0098876953125,0.058603763580322266,DRAM[P=376 Q=18 Z3=1 C3=1 R3=1 S3=1 Y2=376 X2=18 Z2=1 C2=1 R2=1 S2=1 Y1=376 X1=18 Z1=1 C1=1 R1=1 S1=1 Y0=376 X0=18 Z0=1 C0=1 R0=1 S0=1] GlobalBuffer[P=1 Q=69 Z3=1 C3=1 R3=1 S3=1 Y2=1 X2=69 Z2=1 C2=1 R2=1 S2=1 Y1=1 X1=69 Z1=1 C1=1 R1=1 S1=1 Y0=1 X0=69 Z0=1 C0=1 R0=1 S0=1] SACols[Q=1 Z3=16] SARows[S3=3 C3=32 Z3=2] SACols_2[X2=1 Z2=16] SARows_2[S2=3 C2=32 Z2=2] SACols_1[X1=1 Z1=16] SARows_1[S1=3 C1=32 Z1=2] SACols_0[X0=1 Z0=16] SARows_0[S0=3 C0=1 Z0=2] InRegister[P=1 Q=1 Z3=1 C3=1 R3=1 S3=1 Y2=1 X2=1 Z2=1 C2=1 R2=1 S2=1 Y1=1 X1=1 Z1=1 C1=1 R1=1 S1=1 Y0=1 X0=1 Z0=1 C0=1 R0=1 S0=1] WRegister[P=1 Q=1 Z3=1 C3=1 R3=3 S3=1 Y2=1 X2=1 Z2=1 C2=1 R2=3 S2=1 Y1=1 X1=1 Z1=1 C1=1 R1=3 S1=1 Y0=1 X0=1 Z0=1 C0=1 R0=3 S0=1] IntermediateRegister[P=1 Q=1 Z3=1 C3=1 R3=1 S3=1 Y2=1 X2=1 Z2=1 C2=1 R2=1 S2=1 Y1=1 X1=1 Z1=1 C1=1 R1=1 S1=1 Y0=1 X0=1 Z0=1 C0=1 R0=1 S0=1] OutRegister[P=1 Q=1 Z3=1 C3=1 R3=1 S3=1 Y2=1 X2=1 Z2=1 C2=1 R2=1 S2=1 Y1=1 X1=1 Z1=1 C1=1 R1=1 S1=1 Y0=1 X0=1 Z0=1 C0=1 R0=1 S0=1] Compute] 
mccnn_4layer_2026-02-25T17:45:08.314650,mccnn,4layer,full,4,eyeriss,thesis_arch,1056,524,128,256,32,69,False,True,,5.783e+04,1.261e+07,7.49e+05,"(42247860192, 16079935536)",0.00061798095703125,0.06050276756286621,DRAM[P=376 Q=18 Z3=1 C3=1 R3=1 S3=1 Y2=376 X2=18 Z2=1 C2=1 R2=1 S2=1 Y1=376 X1=18 Z1=1 C1=1 R1=1 S1=1 Y0=376 X0=18 Z0=1 C0=1 R0=1 S0=1] GlobalBuffer[P=1 Q=69 Z3=1 C3=1 R3=1 S3=1 Y2=1 X2=69 Z2=1 C2=1 R2=1 S2=1 Y1=1 X1=69 Z1=1 C1=1 R1=1 S1=1 Y0=1 X0=69 Z0=1 C0=1 R0=1 S0=1] SACols[Q=1 Z3=32] SARows[S3=3 C3=32 Z3=1] SACols_2[X2=1 Z2=32] SARows_2[S2=3 C2=32 Z2=1] SACols_1[X1=1 Z1=32] SARows_1[S1=3 C1=32 Z1=1] SACols_0[X0=1 Z0=32] SARows_0[S0=3 C0=1 Z0=1] InRegister[P=1 Q=1 Z3=1 C3=1 R3=1 S3=1 Y2=1 X2=1 Z2=1 C2=1 R2=1 S2=1 Y1=1 X1=1 Z1=1 C1=1 R1=1 S1=1 Y0=1 X0=1 Z0=1 C0=1 R0=1 S0=1] WRegister[P=1 Q=1 Z3=1 C3=1 R3=3 S3=1 Y2=1 X2=1 Z2=1 C2=1 R2=3 S2=1 Y1=1 X1=1 Z1=1 C1=1 R1=3 S1=1 Y0=1 X0=1 Z0=1 C0=1 R0=3 S0=1] IntermediateRegister[P=1 Q=1 Z3=1 C3=1 R3=1 S3=1 Y2=1 X2=1 Z2=1 C2=1 R2=1 S2=1 Y1=1 X1=1 Z1=1 C1=1 R1=1 S1=1 Y0=1 X0=1 Z0=1 C0=1 R0=1 S0=1] OutRegister[P=1 Q=1 Z3=1 C3=1 R3=1 S3=1 Y2=1 X2=1 Z2=1 C2=1 R2=1 S2=1 Y1=1 X1=1 Z1=1 C1=1 R1=1 S1=1 Y0=1 X0=1 Z0=1 C0=1 R0=1 S0=1] Compute] 
mccnn_4layer_2026-02-25T17:45:08.736847,mccnn,4layer,full,4,eyeriss,thesis_arch,1056,524,128,256,64,69,False,True,,5.783e+04,1.261e+07,7.49e+05,"(42247860192, 16079935536)",3.8623809814453125e-05,0.05626249313354492,DRAM[P=376 Q=18 Z3=1 C3=1 R3=1 S3=1 Y2=376 X2=18 Z2=1 C2=1 R2=1 S2=1 Y1=376 X1=18 Z1=1 C1=1 R1=1 S1=1 Y0=376 X0=18 Z0=1 C0=1 R0=1 S0=1] GlobalBuffer[P=1 Q=69 Z3=1 C3=1 R3=1 S3=1 Y2=1 X2=69 Z2=1 C2=1 R2=1 S2=1 Y1=1 X1=69 Z1=1 C1=1 R1=1 S1=1 Y0=1 X0=69 Z0=1 C0=1 R0=1 S0=1] SACols[Q=1 Z3=32] SARows[S3=3 C3=32 Z3=1] SACols_2[X2=1 Z2=32] SARows_2[S2=3 C2=32 Z2=1] SACols_1[X1=1 Z1=32] SARows_1[S1=3 C1=32 Z1=1] SACols_0[X0=1 Z0=32] SARows_0[S0=3 C0=1 Z0=1] InRegister[P=1 Q=1 Z3=1 C3=1 R3=1 S3=1 Y2=1 X2=1 Z2=1 C2=1 R2=1 S2=1 Y1=1 X1=1 Z1=1 C1=1 R1=1 S1=1 Y0=1 X0=1 Z0=1 C0=1 R0=1 S0=1] WRegister[P=1 Q=1 Z3=1 C3=1 R3=3 S3=1 Y2=1 X2=1 Z2=1 C2=1 R2=3 S2=1 Y1=1 X1=1 Z1=1 C1=1 R1=3 S1=1 Y0=1 X0=1 Z0=1 C0=1 R0=3 S0=1] IntermediateRegister[P=1 Q=1 Z3=1 C3=1 R3=1 S3=1 Y2=1 X2=1 Z2=1 C2=1 R2=1 S2=1 Y1=1 X1=1 Z1=1 C1=1 R1=1 S1=1 Y0=1 X0=1 Z0=1 C0=1 R0=1 S0=1] OutRegister[P=1 Q=1 Z3=1 C3=1 R3=1 S3=1 Y2=1 X2=1 Z2=1 C2=1 R2=1 S2=1 Y1=1 X1=1 Z1=1 C1=1 R1=1 S1=1 Y0=1 X0=1 Z0=1 C0=1 R0=1 S0=1] Compute] 
mccnn_4layer_2026-02-25T17:45:09.091986,mccnn,4layer,full,4,eyeriss,thesis_arch,1056,524,128,512,4,69,False,True,,5.629e+04,1.261e+07,7.19e+05,"(37944061920, 16079935536)",0.019775390625,0.05517148971557617,DRAM[P=376 Q=18 Z3=1 C3=1 R3=1 S3=1 Y2=376 X2=18 Z2=1 C2=1 R2=1 S2=1 Y1=376 X1=18 Z1=1 C1=1 R1=1 S1=1 Y0=376 X0=18 Z0=1 C0=1 R0=1 S0=1] GlobalBuffer[P=1 Q=69 Z3=1 C3=1 R3=1 S3=1 Y2=1 X2=69 Z2=1 C2=1 R2=1 S2=1 Y1=1 X1=69 Z1=1 C1=1 R1=1 S1=1 Y0=1 X0=69 Z0=1 C0=1 R0=1 S0=1] SACols[Q=1 Z3=4] SARows[S3=3 C3=32 Z3=4] SACols_2[X2=1 Z2=4] SARows_2[S2=3 C2=32 Z2=4] SACols_1[X1=1 Z1=4] SARows_1[S1=3 C1=32 Z1=4] SACols_0[X0=1 Z0=4] SARows_0[S0=3 C0=1 Z0=8] InRegister[P=1 Q=1 Z3=1 C3=1 R3=1 S3=1 Y2=1 X2=1 Z2=1 C2=1 R2=1 S2=1 Y1=1 X1=1 Z1=1 C1=1 R1=1 S1=1 Y0=1 X0=1 Z0=1 C0=1 R0=1 S0=1] WRegister[P=1 Q=1 Z3=1 C3=1 R3=3 S3=1 Y2=1 X2=1 Z2=1 C2=1 R2=3 S2=1 Y1=1 X1=1 Z1=1 C1=1 R1=3 S1=1 Y0=1 X0=1 Z0=1 C0=1 R0=3 S0=1] IntermediateRegister[P=1 Q=1 Z3=1 C3=1 R3=1 S3=1 Y2=1 X2=1 Z2=2 C2=1 R2=1 S2=1 Y1=1 X1=1 Z1=2 C1=1 R1=1 S1=1 Y0=1 X0=1 Z0=1 C0=1 R0=1 S0=1] OutRegister[P=1 Q=1 Z3=2 C3=1 R3=1 S3=1 Y2=1 X2=1 Z2=1 C2=1 R2=1 S2=1 Y1=1 X1=1 Z1=1 C1=1 R1=1 S1=1 Y0=1 X0=1 Z0=1 C0=1 R0=1 S0=1] Compute] 
mccnn_4layer_2026-02-25T17:45:09.482351,mccnn,4layer,full,4,eyeriss,thesis_arch,1056,524,128,512,16,69,False,True,,5.783e+04,1.261e+07,7.49e+05,"(42247860192, 16079935536)",0.00061798095703125,0.05477190017700195,DRAM[P=376 Q=18 Z3=1 C3=1 R3=1 S3=1 Y2=376 X2=18 Z2=1 C2=1 R2=1 S2=1 Y1=376 X1=18 Z1=1 C1=1 R1=1 S1=1 Y0=376 X0=18 Z0=1 C0=1 R0=1 S0=1] GlobalBuffer[P=1 Q=69 Z3=1 C3=1 R3=1 S3=1 Y2=1 X2=69 Z2=1 C2=1 R2=1 S2=1 Y1=1 X1=69 Z1=1 C1=1 R1=1 S1=1 Y0=1 X0=69 Z0=1 C0=1 R0=1 S0=1] SACols[Q=1 Z3=16] SARows[S3=3 C3=32 Z3=2] SACols_2[X2=1 Z2=16] SARows_2[S2=3 C2=32 Z2=2] SACols_1[X1=1 Z1=16] SARows_1[S1=3 C1=32 Z1=2] SACols_0[X0=1 Z0=16] SARows_0[S0=3 C0=1 Z0=2] InRegister[P=1 Q=1 Z3=1 C3=1 R3=1 S3=1 Y2=1 X2=1 Z2=1 C2=1 R2=1 S2=1 Y1=1 X1=1 Z1=1 C1=1 R1=1 S1=1 Y0=1 X0=1 Z0=1 C0=1 R0=1 S0=1] WRegister[P=1 Q=1 Z3=1 C3=1 R3=3 S3=1 Y2=1 X2=1 Z2=1 C2=1 R2=3 S2=1 Y1=1 X1=1 Z1=1 C1=1 R1=3 S1=1 Y0=1 X0=1 Z0=1 C0=1 R0=3 S0=1] IntermediateRegister[P=1 Q=1 Z3=1 C3=1 R3=1 S3=1 Y2=1 X2=1 Z2=1 C2=1 R2=1 S2=1 Y1=1 X1=1 Z1=1 C1=1 R1=1 S1=1 Y0=1 X0=1 Z0=1 C0=1 R0=1 S0=1] OutRegister[P=1 Q=1 Z3=1 C3=1 R3=1 S3=1 Y2=1 X2=1 Z2=1 C2=1 R2=1 S2=1 Y1=1 X1=1 Z1=1 C1=1 R1=1 S1=1 Y0=1 X0=1 Z0=1 C0=1 R0=1 S0=1] Compute] 
mccnn_4layer_2026-02-25T17:45:09.811956,mccnn,4layer,full,4,eyeriss,thesis_arch,1056,524,128,512,32,69,False,True,,5.783e+04,1.261e+07,7.49e+05,"(42247860192, 16079935536)",3.8623809814453125e-05,0.055269479751586914,DRAM[P=376 Q=18 Z3=1 C3=1 R3=1 S3=1 Y2=376 X2=18 Z2=1 C2=1 R2=1 S2=1 Y1=376 X1=18 Z1=1 C1=1 R1=1 S1=1 Y0=376 X0=18 Z0=1 C0=1 R0=1 S0=1] GlobalBuffer[P=1 Q=69 Z3=1 C3=1 R3=1 S3=1 Y2=1 X2=69 Z2=1 C2=1 R2=1 S2=1 Y1=1 X1=69 Z1=1 C1=1 R1=1 S1=1 Y0=1 X0=69 Z0=1 C0=1 R0=1 S0=1] SACols[Q=1 Z3=32] SARows[S3=3 C3=32 Z3=1] SACols_2[X2=1 Z2=32] SARows_2[S2=3 C2=32 Z2=1] SACols_1[X1=1 Z1=32] SARows_1[S1=3 C1=32 Z1=1] SACols_0[X0=1 Z0=32] SARows_0[S0=3 C0=1 Z0=1] InRegister[P=1 Q=1 Z3=1 C3=1 R3=1 S3=1 Y2=1 X2=1 Z2=1 C2=1 R2=1 S2=1 Y1=1 X1=1 Z1=1 C1=1 R1=1 S1=1 Y0=1 X0=1 Z0=1 C0=1 R0=1 S0=1] WRegister[P=1 Q=1 Z3=1 C3=1 R3=3 S3=1 Y2=1 X2=1 Z2=1 C2=1 R2=3 S2=1 Y1=1 X1=1 Z1=1 C1=1 R1=3 S1=1 Y0=1 X0=1 Z0=1 C0=1 R0=3 S0=1] IntermediateRegister[P=1 Q=1 Z3=1 C3=1 R3=1 S3=1 Y2=1 X2=1 Z2=1 C2=1 R2=1 S2=1 Y1=1 X1=1 Z1=1 C1=1 R1=1 S1=1 Y0=1 X0=1 Z0=1 C0=1 R0=1 S0=1] OutRegister[P=1 Q=1 Z3=1 C3=1 R3=1 S3=1 Y2=1 X2=1 Z2=1 C2=1 R2=1 S2=1 Y1=1 X1=1 Z1=1 C1=1 R1=1 S1=1 Y0=1 X0=1 Z0=1 C0=1 R0=1 S0=1] Compute] 
mccnn_4layer_2026-02-25T17:45:10.184609,mccnn,4layer,full,4,eyeriss,thesis_arch,1056,524,128,4,4,69,False,False,"Ill-posed constraints:
CONSTRAINTS VIOLATION: Arch: Eyeriss_Constrained_4L_tile69_4x4 -> Level: InRegister: memory footprint: 294 VS memory available: 34
CONSTRAINTS VIOLATION: Arch: Eyeriss_Constrained_4L_tile69_4x4 -> Level: WRegister: memory footprint: 2328 VS memory available: 600",0.000e+00,0.000e+00,0.00e+00,0,0.0,0.0,
mccnn_4layer_2026-02-25T17:45:10.510465,mccnn,4layer,full,4,eyeriss,thesis_arch,1056,524,128,4,16,69,False,False,"Ill-posed constraints:
CONSTRAINTS VIOLATION: Arch: Eyeriss_Constrained_4L_tile69_16x4 -> Level: InRegister: memory footprint: 294 VS memory available: 34",0.000e+00,0.000e+00,0.00e+00,0,0.0,0.0,
mccnn_4layer_2026-02-25T17:45:10.768878,mccnn,4layer,full,4,eyeriss,thesis_arch,1056,524,128,4,32,69,False,False,"Ill-posed constraints:
CONSTRAINTS VIOLATION: Arch: Eyeriss_Constrained_4L_tile69_32x4 -> Level: InRegister: memory footprint: 294 VS memory available: 34",0.000e+00,0.000e+00,0.00e+00,0,0.0,0.0,
mccnn_4layer_2026-02-25T17:45:11.048985,mccnn,4layer,full,4,eyeriss,thesis_arch,1056,524,128,4,64,69,False,False,"Ill-posed constraints:
CONSTRAINTS VIOLATION: Arch: Eyeriss_Constrained_4L_tile69_64x4 -> Level: InRegister: memory footprint: 294 VS memory available: 34",0.000e+00,0.000e+00,0.00e+00,0,0.0,0.0,
mccnn_4layer_2026-02-25T17:45:11.399430,mccnn,4layer,full,4,eyeriss,thesis_arch,1056,524,128,4,128,69,False,False,"Ill-posed constraints:
CONSTRAINTS VIOLATION: Arch: Eyeriss_Constrained_4L_tile69_128x4 -> Level: InRegister: memory footprint: 294 VS memory available: 34",0.000e+00,0.000e+00,0.00e+00,0,0.0,0.0,
mccnn_4layer_2026-02-25T17:45:11.666054,mccnn,4layer,full,4,eyeriss,thesis_arch,1056,524,128,4,256,69,False,False,"Ill-posed constraints:
CONSTRAINTS VIOLATION: Arch: Eyeriss_Constrained_4L_tile69_256x4 -> Level: InRegister: memory footprint: 294 VS memory available: 34",0.000e+00,0.000e+00,0.00e+00,0,0.0,0.0,
mccnn_4layer_2026-02-25T17:45:11.968193,mccnn,4layer,full,4,eyeriss,thesis_arch,1056,524,128,4,512,69,False,False,"Ill-posed constraints:
CONSTRAINTS VIOLATION: Arch: Eyeriss_Constrained_4L_tile69_512x4 -> Level: InRegister: memory footprint: 294 VS memory available: 34",0.000e+00,0.000e+00,0.00e+00,0,0.0,0.0,
mccnn_4layer_2026-02-25T17:45:12.291639,mccnn,4layer,full,4,eyeriss,thesis_arch,1056,524,128,16,4,69,False,False,"Ill-posed constraints:
CONSTRAINTS VIOLATION: Arch: Eyeriss_Constrained_4L_tile69_4x16 -> Level: InRegister: memory footprint: 78 VS memory available: 34",0.000e+00,0.000e+00,0.00e+00,0,0.0,0.0,
mccnn_4layer_2026-02-25T17:45:12.638664,mccnn,4layer,full,4,eyeriss,thesis_arch,1056,524,128,16,16,69,False,False,"Ill-posed constraints:
CONSTRAINTS VIOLATION: Arch: Eyeriss_Constrained_4L_tile69_16x16 -> Level: InRegister: memory footprint: 78 VS memory available: 34",0.000e+00,0.000e+00,0.00e+00,0,0.0,0.0,
mccnn_4layer_2026-02-25T17:45:13.009068,mccnn,4layer,full,4,eyeriss,thesis_arch,1056,524,128,16,32,69,False,False,"Ill-posed constraints:
CONSTRAINTS VIOLATION: Arch: Eyeriss_Constrained_4L_tile69_32x16 -> Level: InRegister: memory footprint: 78 VS memory available: 34",0.000e+00,0.000e+00,0.00e+00,0,0.0,0.0,
mccnn_4layer_2026-02-25T17:45:13.484794,mccnn,4layer,full,4,eyeriss,thesis_arch,1056,524,128,16,64,69,False,False,"Ill-posed constraints:
CONSTRAINTS VIOLATION: Arch: Eyeriss_Constrained_4L_tile69_64x16 -> Level: InRegister: memory footprint: 78 VS memory available: 34",0.000e+00,0.000e+00,0.00e+00,0,0.0,0.0,
mccnn_4layer_2026-02-25T17:45:13.889076,mccnn,4layer,full,4,eyeriss,thesis_arch,1056,524,128,16,128,69,False,False,"Ill-posed constraints:
CONSTRAINTS VIOLATION: Arch: Eyeriss_Constrained_4L_tile69_128x16 -> Level: InRegister: memory footprint: 78 VS memory available: 34",0.000e+00,0.000e+00,0.00e+00,0,0.0,0.0,
mccnn_4layer_2026-02-25T17:45:14.286907,mccnn,4layer,full,4,eyeriss,thesis_arch,1056,524,128,16,256,69,False,False,"Ill-posed constraints:
CONSTRAINTS VIOLATION: Arch: Eyeriss_Constrained_4L_tile69_256x16 -> Level: InRegister: memory footprint: 78 VS memory available: 34",0.000e+00,0.000e+00,0.00e+00,0,0.0,0.0,
mccnn_4layer_2026-02-25T17:45:14.592435,mccnn,4layer,full,4,eyeriss,thesis_arch,1056,524,128,16,512,69,False,False,"Ill-posed constraints:
CONSTRAINTS VIOLATION: Arch: Eyeriss_Constrained_4L_tile69_512x16 -> Level: InRegister: memory footprint: 78 VS memory available: 34",0.000e+00,0.000e+00,0.00e+00,0,0.0,0.0,
mccnn_4layer_2026-02-25T17:45:14.944474,mccnn,4layer,full,4,eyeriss,thesis_arch,1056,524,128,32,4,69,False,False,"Ill-posed constraints:
CONSTRAINTS VIOLATION: Arch: Eyeriss_Constrained_4L_tile69_4x32 -> Level: InRegister: memory footprint: 42 VS memory available: 34",0.000e+00,0.000e+00,0.00e+00,0,0.0,0.0,
mccnn_4layer_2026-02-25T17:45:15.287752,mccnn,4layer,full,4,eyeriss,thesis_arch,1056,524,128,32,16,69,False,False,"Ill-posed constraints:
CONSTRAINTS VIOLATION: Arch: Eyeriss_Constrained_4L_tile69_16x32 -> Level: InRegister: memory footprint: 42 VS memory available: 34",0.000e+00,0.000e+00,0.00e+00,0,0.0,0.0,
mccnn_4layer_2026-02-25T17:45:15.616545,mccnn,4layer,full,4,eyeriss,thesis_arch,1056,524,128,32,32,69,False,False,"Ill-posed constraints:
CONSTRAINTS VIOLATION: Arch: Eyeriss_Constrained_4L_tile69_32x32 -> Level: InRegister: memory footprint: 42 VS memory available: 34",0.000e+00,0.000e+00,0.00e+00,0,0.0,0.0,
mccnn_4layer_2026-02-25T17:45:15.876050,mccnn,4layer,full,4,eyeriss,thesis_arch,1056,524,128,32,64,69,False,False,"Ill-posed constraints:
CONSTRAINTS VIOLATION: Arch: Eyeriss_Constrained_4L_tile69_64x32 -> Level: InRegister: memory footprint: 42 VS memory available: 34",0.000e+00,0.000e+00,0.00e+00,0,0.0,0.0,
mccnn_4layer_2026-02-25T17:45:16.217073,mccnn,4layer,full,4,eyeriss,thesis_arch,1056,524,128,32,128,69,False,False,"Ill-posed constraints:
CONSTRAINTS VIOLATION: Arch: Eyeriss_Constrained_4L_tile69_128x32 -> Level: InRegister: memory footprint: 42 VS memory available: 34",0.000e+00,0.000e+00,0.00e+00,0,0.0,0.0,
mccnn_4layer_2026-02-25T17:45:16.576625,mccnn,4layer,full,4,eyeriss,thesis_arch,1056,524,128,32,256,69,False,False,"Ill-posed constraints:
CONSTRAINTS VIOLATION: Arch: Eyeriss_Constrained_4L_tile69_256x32 -> Level: InRegister: memory footprint: 42 VS memory available: 34",0.000e+00,0.000e+00,0.00e+00,0,0.0,0.0,
mccnn_4layer_2026-02-25T17:45:16.946751,mccnn,4layer,full,4,eyeriss,thesis_arch,1056,524,128,32,512,69,False,False,"Ill-posed constraints:
CONSTRAINTS VIOLATION: Arch: Eyeriss_Constrained_4L_tile69_512x32 -> Level: InRegister: memory footprint: 42 VS memory available: 34",0.000e+00,0.000e+00,0.00e+00,0,0.0,0.0,
mccnn_4layer_2026-02-25T17:45:17.196039,mccnn,4layer,full,4,eyeriss,thesis_arch,1056,524,128,64,4,69,False,True,,5.410e+04,6.865e+07,3.73e+06,"(33281613792, 14645336112)",0.158203125,0.05308651924133301,DRAM[P=376 Q=18 Z3=1 C3=1 R3=1 S3=1 Y2=376 X2=18 Z2=1 C2=1 R2=1 S2=1 Y1=376 X1=18 Z1=1 C1=1 R1=1 S1=1 Y0=376 X0=18 Z0=1 C0=1 R0=1 S0=1] GlobalBuffer[P=1 Q=69 Z3=1 C3=1 R3=1 S3=1 Y2=1 X2=69 Z2=1 C2=1 R2=1 S2=1 Y1=1 X1=69 Z1=1 C1=1 R1=1 S1=1 Y0=1 X0=69 Z0=1 C0=1 R0=1 S0=1] SACols[Q=1 Z3=4] SARows[S3=3 C3=16 Z3=1] SACols_2[X2=1 Z2=4] SARows_2[S2=3 C2=16 Z2=1] SACols_1[X1=1 Z1=4] SARows_1[S1=3 C1=16 Z1=1] SACols_0[X0=1 Z0=4] SARows_0[S0=3 C0=1 Z0=8] InRegister[P=1 Q=1 Z3=1 C3=1 R3=1 S3=1 Y2=1 X2=1 Z2=1 C2=1 R2=1 S2=1 Y1=1 X1=1 Z1=1 C1=1 R1=1 S1=1 Y0=1 X0=1 Z0=1 C0=1 R0=1 S0=1] WRegister[P=1 Q=1 Z3=1 C3=2 R3=3 S3=1 Y2=1 X2=1 Z2=1 C2=2 R2=3 S2=1 Y1=1 X1=1 Z1=1 C1=2 R1=3 S1=1 Y0=1 X0=1 Z0=1 C0=1 R0=3 S0=1] IntermediateRegister[P=1 Q=1 Z3=1 C3=1 R3=1 S3=1 Y2=1 X2=1 Z2=8 C2=1 R2=1 S2=1 Y1=1 X1=1 Z1=8 C1=1 R1=1 S1=1 Y0=1 X0=1 Z0=1 C0=1 R0=1 S0=1] OutRegister[P=1 Q=1 Z3=8 C3=1 R3=1 S3=1 Y2=1 X2=1 Z2=1 C2=1 R2=1 S2=1 Y1=1 X1=1 Z1=1 C1=1 R1=1 S1=1 Y0=1 X0=1 Z0=1 C0=1 R0=1 S0=1] Compute] 
mccnn_4layer_2026-02-25T17:45:17.549528,mccnn,4layer,full,4,eyeriss,thesis_arch,1056,524,128,64,16,69,False,True,,5.526e+04,1.821e+07,1.02e+06,"(36509462496, 14645336112)",0.03955078125,0.05070972442626953,DRAM[P=376 Q=18 Z3=1 C3=1 R3=1 S3=1 Y2=376 X2=18 Z2=1 C2=1 R2=1 S2=1 Y1=376 X1=18 Z1=1 C1=1 R1=1 S1=1 Y0=376 X0=18 Z0=1 C0=1 R0=1 S0=1] GlobalBuffer[P=1 Q=69 Z3=1 C3=1 R3=1 S3=1 Y2=1 X2=69 Z2=1 C2=1 R2=1 S2=1 Y1=1 X1=69 Z1=1 C1=1 R1=1 S1=1 Y0=1 X0=69 Z0=1 C0=1 R0=1 S0=1] SACols[Q=1 Z3=16] SARows[S3=3 C3=16 Z3=1] SACols_2[X2=1 Z2=16] SARows_2[S2=3 C2=16 Z2=1] SACols_1[X1=1 Z1=16] SARows_1[S1=3 C1=16 Z1=1] SACols_0[X0=1 Z0=16] SARows_0[S0=3 C0=1 Z0=2] InRegister[P=1 Q=1 Z3=1 C3=1 R3=1 S3=1 Y2=1 X2=1 Z2=1 C2=1 R2=1 S2=1 Y1=1 X1=1 Z1=1 C1=1 R1=1 S1=1 Y0=1 X0=1 Z0=1 C0=1 R0=1 S0=1] WRegister[P=1 Q=1 Z3=1 C3=2 R3=3 S3=1 Y2=1 X2=1 Z2=1 C2=2 R2=3 S2=1 Y1=1 X1=1 Z1=1 C1=2 R1=3 S1=1 Y0=1 X0=1 Z0=1 C0=1 R0=3 S0=1] IntermediateRegister[P=1 Q=1 Z3=1 C3=1 R3=1 S3=1 Y2=1 X2=1 Z2=2 C2=1 R2=1 S2=1 Y1=1 X1=1 Z1=2 C1=1 R1=1 S1=1 Y0=1 X0=1 Z0=1 C0=1 R0=1 S0=1] OutRegister[P=1 Q=1 Z3=2 C3=1 R3=1 S3=1 Y2=1 X2=1 Z2=1 C2=1 R2=1 S2=1 Y1=1 X1=1 Z1=1 C1=1 R1=1 S1=1 Y0=1 X0=1 Z0=1 C0=1 R0=1 S0=1] Compute] 
mccnn_4layer_2026-02-25T17:45:17.857491,mccnn,4layer,full,4,eyeriss,thesis_arch,1056,524,128,64,32,69,False,True,,5.680e+04,1.261e+07,7.36e+05,"(40813260768, 14645336112)",0.019775390625,0.06154274940490723,DRAM[P=376 Q=18 Z3=1 C3=1 R3=1 S3=1 Y2=376 X2=18 Z2=1 C2=1 R2=1 S2=1 Y1=376 X1=18 Z1=1 C1=1 R1=1 S1=1 Y0=376 X0=18 Z0=1 C0=1 R0=1 S0=1] GlobalBuffer[P=1 Q=69 Z3=1 C3=1 R3=1 S3=1 Y2=1 X2=69 Z2=1 C2=1 R2=1 S2=1 Y1=1 X1=69 Z1=1 C1=1 R1=1 S1=1 Y0=1 X0=69 Z0=1 C0=1 R0=1 S0=1] SACols[Q=1 Z3=32] SARows[S3=3 C3=16 Z3=1] SACols_2[X2=1 Z2=32] SARows_2[S2=3 C2=16 Z2=1] SACols_1[X1=1 Z1=32] SARows_1[S1=3 C1=16 Z1=1] SACols_0[X0=1 Z0=32] SARows_0[S0=3 C0=1 Z0=1] InRegister[P=1 Q=1 Z3=1 C3=1 R3=1 S3=1 Y2=1 X2=1 Z2=1 C2=1 R2=1 S2=1 Y1=1 X1=1 Z1=1 C1=1 R1=1 S1=1 Y0=1 X0=1 Z0=1 C0=1 R0=1 S0=1] WRegister[P=1 Q=1 Z3=1 C3=2 R3=3 S3=1 Y2=1 X2=1 Z2=1 C2=2 R2=3 S2=1 Y1=1 X1=1 Z1=1 C1=2 R1=3 S1=1 Y0=1 X0=1 Z0=1 C0=1 R0=3 S0=1] IntermediateRegister[P=1 Q=1 Z3=1 C3=1 R3=1 S3=1 Y2=1 X2=1 Z2=1 C2=1 R2=1 S2=1 Y1=1 X1=1 Z1=1 C1=1 R1=1 S1=1 Y0=1 X0=1 Z0=1 C0=1 R0=1 S0=1] OutRegister[P=1 Q=1 Z3=1 C3=1 R3=1 S3=1 Y2=1 X2=1 Z2=1 C2=1 R2=1 S2=1 Y1=1 X1=1 Z1=1 C1=1 R1=1 S1=1 Y0=1 X0=1 Z0=1 C0=1 R0=1 S0=1] Compute] 
mccnn_4layer_2026-02-25T17:45:18.216037,mccnn,4layer,full,4,eyeriss,thesis_arch,1056,524,128,64,64,69,False,True,,5.680e+04,1.261e+07,7.36e+05,"(40813260768, 14645336112)",0.0012359619140625,0.0643315315246582,DRAM[P=376 Q=18 Z3=1 C3=1 R3=1 S3=1 Y2=376 X2=18 Z2=1 C2=1 R2=1 S2=1 Y1=376 X1=18 Z1=1 C1=1 R1=1 S1=1 Y0=376 X0=18 Z0=1 C0=1 R0=1 S0=1] GlobalBuffer[P=1 Q=69 Z3=1 C3=1 R3=1 S3=1 Y2=1 X2=69 Z2=1 C2=1 R2=1 S2=1 Y1=1 X1=69 Z1=1 C1=1 R1=1 S1=1 Y0=1 X0=69 Z0=1 C0=1 R0=1 S0=1] SACols[Q=1 Z3=32] SARows[S3=3 C3=16 Z3=1] SACols_2[X2=1 Z2=32] SARows_2[S2=3 C2=16 Z2=1] SACols_1[X1=1 Z1=32] SARows_1[S1=3 C1=16 Z1=1] SACols_0[X0=1 Z0=32] SARows_0[S0=3 C0=1 Z0=1] InRegister[P=1 Q=1 Z3=1 C3=1 R3=1 S3=1 Y2=1 X2=1 Z2=1 C2=1 R2=1 S2=1 Y1=1 X1=1 Z1=1 C1=1 R1=1 S1=1 Y0=1 X0=1 Z0=1 C0=1 R0=1 S0=1] WRegister[P=1 Q=1 Z3=1 C3=2 R3=3 S3=1 Y2=1 X2=1 Z2=1 C2=2 R2=3 S2=1 Y1=1 X1=1 Z1=1 C1=2 R1=3 S1=1 Y0=1 X0=1 Z0=1 C0=1 R0=3 S0=1] IntermediateRegister[P=1 Q=1 Z3=1 C3=1 R3=1 S3=1 Y2=1 X2=1 Z2=1 C2=1 R2=1 S2=1 Y1=1 X1=1 Z1=1 C1=1 R1=1 S1=1 Y0=1 X0=1 Z0=1 C0=1 R0=1 S0=1] OutRegister[P=1 Q=1 Z3=1 C3=1 R3=1 S3=1 Y2=1 X2=1 Z2=1 C2=1 R2=1 S2=1 Y1=1 X1=1 Z1=1 C1=1 R1=1 S1=1 Y0=1 X0=1 Z0=1 C0=1 R0=1 S0=1] Compute] 
mccnn_4layer_2026-02-25T17:45:18.633676,mccnn,4layer,full,4,eyeriss,thesis_arch,1056,524,128,64,128,69,False,True,,5.680e+04,1.223e+07,7.13e+05,"(40813260768, 14645336112)",0.006257057189941406,0.06525683403015137,DRAM[P=376 Q=18 Z3=1 C3=1 R3=1 S3=1 Y2=376 X2=18 Z2=1 C2=1 R2=1 S2=1 Y1=376 X1=18 Z1=1 C1=1 R1=1 S1=1 Y0=376 X0=18 Z0=1 C0=1 R0=1 S0=1] GlobalBuffer[P=1 Q=23 Z3=1 C3=1 R3=1 S3=1 Y2=1 X2=23 Z2=1 C2=1 R2=1 S2=1 Y1=1 X1=23 Z1=1 C1=1 R1=1 S1=1 Y0=1 X0=23 Z0=1 C0=1 R0=1 S0=1] SACols[Q=3 Z3=32] SARows[S3=3 C3=16 Z3=1] SACols_2[X2=3 Z2=32] SARows_2[S2=3 C2=16 Z2=1] SACols_1[X1=3 Z1=32] SARows_1[S1=3 C1=16 Z1=1] SACols_0[X0=3 Z0=32] SARows_0[S0=3 C0=1 Z0=1] InRegister[P=1 Q=1 Z3=1 C3=1 R3=1 S3=1 Y2=1 X2=1 Z2=1 C2=1 R2=1 S2=1 Y1=1 X1=1 Z1=1 C1=1 R1=1 S1=1 Y0=1 X0=1 Z0=1 C0=1 R0=1 S0=1] WRegister[P=1 Q=1 Z3=1 C3=2 R3=3 S3=1 Y2=1 X2=1 Z2=1 C2=2 R2=3 S2=1 Y1=1 X1=1 Z1=1 C1=2 R1=3 S1=1 Y0=1 X0=1 Z0=1 C0=1 R0=3 S0=1] IntermediateRegister[P=1 Q=1 Z3=1 C3=1 R3=1 S3=1 Y2=1 X2=1 Z2=1 C2=1 R2=1 S2=1 Y1=1 X1=1 Z1=1 C1=1 R1=1 S1=1 Y0=1 X0=1 Z0=1 C0=1 R0=1 S0=1] OutRegister[P=1 Q=1 Z3=1 C3=1 R3=1 S3=1 Y2=1 X2=1 Z2=1 C2=1 R2=1 S2=1 Y1=1 X1=1 Z1=1 C1=1 R1=1 S1=1 Y0=1 X0=1 Z0=1 C0=1 R0=1 S0=1] Compute] 
mccnn_4layer_2026-02-25T17:45:19.080353,mccnn,4layer,full,4,eyeriss,thesis_arch,1056,524,128,64,256,69,False,True,,5.680e+04,1.223e+07,7.13e+05,"(40813260768, 14645336112)",0.0003910660743713379,0.08150291442871094,DRAM[P=376 Q=18 Z3=1 C3=1 R3=1 S3=1 Y2=376 X2=18 Z2=1 C2=1 R2=1 S2=1 Y1=376 X1=18 Z1=1 C1=1 R1=1 S1=1 Y0=376 X0=18 Z0=1 C0=1 R0=1 S0=1] GlobalBuffer[P=1 Q=23 Z3=1 C3=1 R3=1 S3=1 Y2=1 X2=23 Z2=1 C2=1 R2=1 S2=1 Y1=1 X1=23 Z1=1 C1=1 R1=1 S1=1 Y0=1 X0=23 Z0=1 C0=1 R0=1 S0=1] SACols[Q=3 Z3=32] SARows[S3=3 C3=16 Z3=1] SACols_2[X2=3 Z2=32] SARows_2[S2=3 C2=16 Z2=1] SACols_1[X1=3 Z1=32] SARows_1[S1=3 C1=16 Z1=1] SACols_0[X0=3 Z0=32] SARows_0[S0=3 C0=1 Z0=1] InRegister[P=1 Q=1 Z3=1 C3=1 R3=1 S3=1 Y2=1 X2=1 Z2=1 C2=1 R2=1 S2=1 Y1=1 X1=1 Z1=1 C1=1 R1=1 S1=1 Y0=1 X0=1 Z0=1 C0=1 R0=1 S0=1] WRegister[P=1 Q=1 Z3=1 C3=2 R3=3 S3=1 Y2=1 X2=1 Z2=1 C2=2 R2=3 S2=1 Y1=1 X1=1 Z1=1 C1=2 R1=3 S1=1 Y0=1 X0=1 Z0=1 C0=1 R0=3 S0=1] IntermediateRegister[P=1 Q=1 Z3=1 C3=1 R3=1 S3=1 Y2=1 X2=1 Z2=1 C2=1 R2=1 S2=1 Y1=1 X1=1 Z1=1 C1=1 R1=1 S1=1 Y0=1 X0=1 Z0=1 C0=1 R0=1 S0=1] OutRegister[P=1 Q=1 Z3=1 C3=1 R3=1 S3=1 Y2=1 X2=1 Z2=1 C2=1 R2=1 S2=1 Y1=1 X1=1 Z1=1 C1=1 R1=1 S1=1 Y0=1 X0=1 Z0=1 C0=1 R0=1 S0=1] Compute] 
mccnn_4layer_2026-02-25T17:45:19.449363,mccnn,4layer,full,4,eyeriss,thesis_arch,1056,524,128,128,4,69,False,True,,5.513e+04,3.502e+07,1.94e+06,"(34716213216, 16079935536)",0.0791015625,0.07524251937866211,DRAM[P=376 Q=18 Z3=1 C3=1 R3=1 S3=1 Y2=376 X2=18 Z2=1 C2=1 R2=1 S2=1 Y1=376 X1=18 Z1=1 C1=1 R1=1 S1=1 Y0=376 X0=18 Z0=1 C0=1 R0=1 S0=1] GlobalBuffer[P=1 Q=69 Z3=1 C3=1 R3=1 S3=1 Y2=1 X2=69 Z2=1 C2=1 R2=1 S2=1 Y1=1 X1=69 Z1=1 C1=1 R1=1 S1=1 Y0=1 X0=69 Z0=1 C0=1 R0=1 S0=1] SACols[Q=1 Z3=4] SARows[S3=3 C3=32 Z3=1] SACols_2[X2=1 Z2=4] SARows_2[S2=3 C2=32 Z2=1] SACols_1[X1=1 Z1=4] SARows_1[S1=3 C1=32 Z1=1] SACols_0[X0=1 Z0=4] SARows_0[S0=3 C0=1 Z0=8] InRegister[P=1 Q=1 Z3=1 C3=1 R3=1 S3=1 Y2=1 X2=1 Z2=1 C2=1 R2=1 S2=1 Y1=1 X1=1 Z1=1 C1=1 R1=1 S1=1 Y0=1 X0=1 Z0=1 C0=1 R0=1 S0=1] WRegister[P=1 Q=1 Z3=1 C3=1 R3=3 S3=1 Y2=1 X2=1 Z2=1 C2=1 R2=3 S2=1 Y1=1 X1=1 Z1=1 C1=1 R1=3 S1=1 Y0=1 X0=1 Z0=1 C0=1 R0=3 S0=1] IntermediateRegister[P=1 Q=1 Z3=1 C3=1 R3=1 S3=1 Y2=1 X2=1 Z2=8 C2=1 R2=1 S2=1 Y1=1 X1=1 Z1=8 C1=1 R1=1 S1=1 Y0=1 X0=1 Z0=1 C0=1 R0=1 S0=1] OutRegister[P=1 Q=1 Z3=8 C3=1 R3=1 S3=1 Y2=1 X2=1 Z2=1 C2=1 R2=1 S2=1 Y1=1 X1=1 Z1=1 C1=1 R1=1 S1=1 Y0=1 X0=1 Z0=1 C0=1 R0=1 S0=1] Compute] 
mccnn_4layer_2026-02-25T17:45:19.792362,mccnn,4layer,full,4,eyeriss,thesis_arch,1056,524,128,128,16,69,False,True,,5.629e+04,1.261e+07,7.19e+05,"(37944061920, 16079935536)",0.019775390625,0.08252573013305664,DRAM[P=376 Q=18 Z3=1 C3=1 R3=1 S3=1 Y2=376 X2=18 Z2=1 C2=1 R2=1 S2=1 Y1=376 X1=18 Z1=1 C1=1 R1=1 S1=1 Y0=376 X0=18 Z0=1 C0=1 R0=1 S0=1] GlobalBuffer[P=1 Q=69 Z3=1 C3=1 R3=1 S3=1 Y2=1 X2=69 Z2=1 C2=1 R2=1 S2=1 Y1=1 X1=69 Z1=1 C1=1 R1=1 S1=1 Y0=1 X0=69 Z0=1 C0=1 R0=1 S0=1] SACols[Q=1 Z3=16] SARows[S3=3 C3=32 Z3=1] SACols_2[X2=1 Z2=16] SARows_2[S2=3 C2=32 Z2=1] SACols_1[X1=1 Z1=16] SARows_1[S1=3 C1=32 Z1=1] SACols_0[X0=1 Z0=16] SARows_0[S0=3 C0=1 Z0=2] InRegister[P=1 Q=1 Z3=1 C3=1 R3=1 S3=1 Y2=1 X2=1 Z2=1 C2=1 R2=1 S2=1 Y1=1 X1=1 Z1=1 C1=1 R1=1 S1=1 Y0=1 X0=1 Z0=1 C0=1 R0=1 S0=1] WRegister[P=1 Q=1 Z3=1 C3=1 R3=3 S3=1 Y2=1 X2=1 Z2=1 C2=1 R2=3 S2=1 Y1=1 X1=1 Z1=1 C1=1 R1=3 S1=1 Y0=1 X0=1 Z0=1 C0=1 R0=3 S0=1] IntermediateRegister[P=1 Q=1 Z3=1 C3=1 R3=1 S3=1 Y2=1 X2=1 Z2=2 C2=1 R2=1 S2=1 Y1=1 X1=1 Z1=2 C1=1 R1=1 S1=1 Y0=1 X0=1 Z0=1 C0=1 R0=1 S0=1] OutRegister[P=1 Q=1 Z3=2 C3=1 R3=1 S3=1 Y2=1 X2=1 Z2=1 C2=1 R2=1 S2=1 Y1=1 X1=1 Z1=1 C1=1 R1=1 S1=1 Y0=1 X0=1 Z0=1 C0=1 R0=1 S0=1] Compute] 
mccnn_4layer_2026-02-25T17:45:20.128426,mccnn,4layer,full,4,eyeriss,thesis_arch,1056,524,128,128,32,69,False,True,,5.783e+04,1.261e+07,7.49e+05,"(42247860192, 16079935536)",0.0098876953125,0.056609153747558594,DRAM[P=376 Q=18 Z3=1 C3=1 R3=1 S3=1 Y2=376 X2=18 Z2=1 C2=1 R2=1 S2=1 Y1=376 X1=18 Z1=1 C1=1 R1=1 S1=1 Y0=376 X0=18 Z0=1 C0=1 R0=1 S0=1] GlobalBuffer[P=1 Q=69 Z3=1 C3=1 R3=1 S3=1 Y2=1 X2=69 Z2=1 C2=1 R2=1 S2=1 Y1=1 X1=69 Z1=1 C1=1 R1=1 S1=1 Y0=1 X0=69 Z0=1 C0=1 R0=1 S0=1] SACols[Q=1 Z3=32] SARows[S3=3 C3=32 Z3=1] SACols_2[X2=1 Z2=32] SARows_2[S2=3 C2=32 Z2=1] SACols_1[X1=1 Z1=32] SARows_1[S1=3 C1=32 Z1=1] SACols_0[X0=1 Z0=32] SARows_0[S0=3 C0=1 Z0=1] InRegister[P=1 Q=1 Z3=1 C3=1 R3=1 S3=1 Y2=1 X2=1 Z2=1 C2=1 R2=1 S2=1 Y1=1 X1=1 Z1=1 C1=1 R1=1 S1=1 Y0=1 X0=1 Z0=1 C0=1 R0=1 S0=1] WRegister[P=1 Q=1 Z3=1 C3=1 R3=3 S3=1 Y2=1 X2=1 Z2=1 C2=1 R2=3 S2=1 Y1=1 X1=1 Z1=1 C1=1 R1=3 S1=1 Y0=1 X0=1 Z0=1 C0=1 R0=3 S0=1] IntermediateRegister[P=1 Q=1 Z3=1 C3=1 R3=1 S3=1 Y2=1 X2=1 Z2=1 C2=1 R2=1 S2=1 Y1=1 X1=1 Z1=1 C1=1 R1=1 S1=1 Y0=1 X0=1 Z0=1 C0=1 R0=1 S0=1] OutRegister[P=1 Q=1 Z3=1 C3=1 R3=1 S3=1 Y2=1 X2=1 Z2=1 C2=1 R2=1 S2=1 Y1=1 X1=1 Z1=1 C1=1 R1=1 S1=1 Y0=1 X0=1 Z0=1 C0=1 R0=1 S0=1] Compute] 
mccnn_4layer_2026-02-25T17:45:20.509775,mccnn,4layer,full,4,eyeriss,thesis_arch,1056,524,128,128,64,69,False,True,,5.783e+04,1.261e+07,7.49e+05,"(42247860192, 16079935536)",0.00061798095703125,0.10007214546203613,DRAM[P=376 Q=18 Z3=1 C3=1 R3=1 S3=1 Y2=376 X2=18 Z2=1 C2=1 R2=1 S2=1 Y1=376 X1=18 Z1=1 C1=1 R1=1 S1=1 Y0=376 X0=18 Z0=1 C0=1 R0=1 S0=1] GlobalBuffer[P=1 Q=69 Z3=1 C3=1 R3=1 S3=1 Y2=1 X2=69 Z2=1 C2=1 R2=1 S2=1 Y1=1 X1=69 Z1=1 C1=1 R1=1 S1=1 Y0=1 X0=69 Z0=1 C0=1 R0=1 S0=1] SACols[Q=1 Z3=32] SARows[S3=3 C3=32 Z3=1] SACols_2[X2=1 Z2=32] SARows_2[S2=3 C2=32 Z2=1] SACols_1[X1=1 Z1=32] SARows_1[S1=3 C1=32 Z1=1] SACols_0[X0=1 Z0=32] SARows_0[S0=3 C0=1 Z0=1] InRegister[P=1 Q=1 Z3=1 C3=1 R3=1 S3=1 Y2=1 X2=1 Z2=1 C2=1 R2=1 S2=1 Y1=1 X1=1 Z1=1 C1=1 R1=1 S1=1 Y0=1 X0=1 Z0=1 C0=1 R0=1 S0=1] WRegister[P=1 Q=1 Z3=1 C3=1 R3=3 S3=1 Y2=1 X2=1 Z2=1 C2=1 R2=3 S2=1 Y1=1 X1=1 Z1=1 C1=1 R1=3 S1=1 Y0=1 X0=1 Z0=1 C0=1 R0=3 S0=1] IntermediateRegister[P=1 Q=1 Z3=1 C3=1 R3=1 S3=1 Y2=1 X2=1 Z2=1 C2=1 R2=1 S2=1 Y1=1 X1=1 Z1=1 C1=1 R1=1 S1=1 Y0=1 X0=1 Z0=1 C0=1 R0=1 S0=1] OutRegister[P=1 Q=1 Z3=1 C3=1 R3=1 S3=1 Y2=1 X2=1 Z2=1 C2=1 R2=1 S2=1 Y1=1 X1=1 Z1=1 C1=1 R1=1 S1=1 Y0=1 X0=1 Z0=1 C0=1 R0=1 S0=1] Compute] 
mccnn_4layer_2026-02-25T17:45:20.981751,mccnn,4layer,full,4,eyeriss,thesis_arch,1056,524,128,128,128,69,False,True,,5.783e+04,1.223e+07,7.26e+05,"(42247860192, 16079935536)",0.003128528594970703,0.05899953842163086,DRAM[P=376 Q=18 Z3=1 C3=1 R3=1 S3=1 Y2=376 X2=18 Z2=1 C2=1 R2=1 S2=1 Y1=376 X1=18 Z1=1 C1=1 R1=1 S1=1 Y0=376 X0=18 Z0=1 C0=1 R0=1 S0=1] GlobalBuffer[P=1 Q=23 Z3=1 C3=1 R3=1 S3=1 Y2=1 X2=23 Z2=1 C2=1 R2=1 S2=1 Y1=1 X1=23 Z1=1 C1=1 R1=1 S1=1 Y0=1 X0=23 Z0=1 C0=1 R0=1 S0=1] SACols[Q=3 Z3=32] SARows[S3=3 C3=32 Z3=1] SACols_2[X2=3 Z2=32] SARows_2[S2=3 C2=32 Z2=1] SACols_1[X1=3 Z1=32] SARows_1[S1=3 C1=32 Z1=1] SACols_0[X0=3 Z0=32] SARows_0[S0=3 C0=1 Z0=1] InRegister[P=1 Q=1 Z3=1 C3=1 R3=1 S3=1 Y2=1 X2=1 Z2=1 C2=1 R2=1 S2=1 Y1=1 X1=1 Z1=1 C1=1 R1=1 S1=1 Y0=1 X0=1 Z0=1 C0=1 R0=1 S0=1] WRegister[P=1 Q=1 Z3=1 C3=1 R3=3 S3=1 Y2=1 X2=1 Z2=1 C2=1 R2=3 S2=1 Y1=1 X1=1 Z1=1 C1=1 R1=3 S1=1 Y0=1 X0=1 Z0=1 C0=1 R0=3 S0=1] IntermediateRegister[P=1 Q=1 Z3=1 C3=1 R3=1 S3=1 Y2=1 X2=1 Z2=1 C2=1 R2=1 S2=1 Y1=1 X1=1 Z1=1 C1=1 R1=1 S1=1 Y0=1 X0=1 Z0=1 C0=1 R0=1 S0=1] OutRegister[P=1 Q=1 Z3=1 C3=1 R3=1 S3=1 Y2=1 X2=1 Z2=1 C2=1 R2=1 S2=1 Y1=1 X1=1 Z1=1 C1=1 R1=1 S1=1 Y0=1 X0=1 Z0=1 C0=1 R0=1 S0=1] Compute] 
mccnn_4layer_2026-02-25T17:45:21.295019,mccnn,4layer,full,4,eyeriss,thesis_arch,1056,524,128,256,4,69,False,True,,5.552e+04,1.821e+07,1.02e+06,"(35792162784, 16079935536)",0.03955078125,0.07224440574645996,DRAM[P=376 Q=18 Z3=1 C3=1 R3=1 S3=1 Y2=376 X2=18 Z2=1 C2=1 R2=1 S2=1 Y1=376 X1=18 Z1=1 C1=1 R1=1 S1=1 Y0=376 X0=18 Z0=1 C0=1 R0=1 S0=1] GlobalBuffer[P=1 Q=69 Z3=1 C3=1 R3=1 S3=1 Y2=1 X2=69 Z2=1 C2=1 R2=1 S2=1 Y1=1 X1=69 Z1=1 C1=1 R1=1 S1=1 Y0=1 X0=69 Z0=1 C0=1 R0=1 S0=1] SACols[Q=1 Z3=4] SARows[S3=3 C3=32 Z3=2] SACols_2[X2=1 Z2=4] SARows_2[S2=3 C2=32 Z2=2] SACols_1[X1=1 Z1=4] SARows_1[S1=3 C1=32 Z1=2] SACols_0[X0=1 Z0=4] SARows_0[S0=3 C0=1 Z0=8] InRegister[P=1 Q=1 Z3=1 C3=1 R3=1 S3=1 Y2=1 X2=1 Z2=1 C2=1 R2=1 S2=1 Y1=1 X1=1 Z1=1 C1=1 R1=1 S1=1 Y0=1 X0=1 Z0=1 C0=1 R0=1 S0=1] WRegister[P=1 Q=1 Z3=1 C3=1 R3=3 S3=1 Y2=1 X2=1 Z2=1 C2=1 R2=3 S2=1 Y1=1 X1=1 Z1=1 C1=1 R1=3 S1=1 Y0=1 X0=1 Z0=1 C0=1 R0=3 S0=1] IntermediateRegister[P=1 Q=1 Z3=1 C3=1 R3=1 S3=1 Y2=1 X2=1 Z2=4 C2=1 R2=1 S2=1 Y1=1 X1=1 Z1=4 C1=1 R1=1 S1=1 Y0=1 X0=1 Z0=1 C0=1 R0=1 S0=1] OutRegister[P=1 Q=1 Z3=4 C3=1 R3=1 S3=1 Y2=1 X2=1 Z2=1 C2=1 R2=1 S2=1 Y1=1 X1=1 Z1=1 C1=1 R1=1 S1=1 Y0=1 X0=1 Z0=1 C0=1 R0=1 S0=1] Compute] 
mccnn_4layer_2026-02-25T17:45:21.674294,mccnn,4layer,full,4,eyeriss,thesis_arch,1056,524,128,256,16,69,False,True,,5.783e+04,1.261e+07,7.49e+05,"(42247860192, 16079935536)",0.0098876953125,0.07855534553527832,DRAM[P=376 Q=18 Z3=1 C3=1 R3=1 S3=1 Y2=376 X2=18 Z2=1 C2=1 R2=1 S2=1 Y1=376 X1=18 Z1=1 C1=1 R1=1 S1=1 Y0=376 X0=18 Z0=1 C0=1 R0=1 S0=1] GlobalBuffer[P=1 Q=69 Z3=1 C3=1 R3=1 S3=1 Y2=1 X2=69 Z2=1 C2=1 R2=1 S2=1 Y1=1 X1=69 Z1=1 C1=1 R1=1 S1=1 Y0=1 X0=69 Z0=1 C0=1 R0=1 S0=1] SACols[Q=1 Z3=16] SARows[S3=3 C3=32 Z3=2] SACols_2[X2=1 Z2=16] SARows_2[S2=3 C2=32 Z2=2] SACols_1[X1=1 Z1=16] SARows_1[S1=3 C1=32 Z1=2] SACols_0[X0=1 Z0=16] SARows_0[S0=3 C0=1 Z0=2] InRegister[P=1 Q=1 Z3=1 C3=1 R3=1 S3=1 Y2=1 X2=1 Z2=1 C2=1 R2=1 S2=1 Y1=1 X1=1 Z1=1 C1=1 R1=1 S1=1 Y0=1 X0=1 Z0=1 C0=1 R0=1 S0=1] WRegister[P=1 Q=1 Z3=1 C3=1 R3=3 S3=1 Y2=1 X2=1 Z2=1 C2=1 R2=3 S2=1 Y1=1 X1=1 Z1=1 C1=1 R1=3 S1=1 Y0=1 X0=1 Z0=1 C0=1 R0=3 S0=1] IntermediateRegister[P=1 Q=1 Z3=1 C3=1 R3=1 S3=1 Y2=1 X2=1 Z2=1 C2=1 R2=1 S2=1 Y1=1 X1=1 Z1=1 C1=1 R1=1 S1=1 Y0=1 X0=1 Z0=1 C0=1 R0=1 S0=1] OutRegister[P=1 Q=1 Z3=1 C3=1 R3=1 S3=1 Y2=1 X2=1 Z2=1 C2=1 R2=1 S2=1 Y1=1 X1=1 Z1=1 C1=1 R1=1 S1=1 Y0=1 X0=1 Z0=1 C0=1 R0=1 S0=1] Compute] 
mccnn_4layer_2026-02-25T17:45:21.998005,mccnn,4layer,full,4,eyeriss,thesis_arch,1056,524,128,256,32,69,False,True,,5.783e+04,1.261e+07,7.49e+05,"(42247860192, 16079935536)",0.00061798095703125,0.10245394706726074,DRAM[P=376 Q=18 Z3=1 C3=1 R3=1 S3=1 Y2=376 X2=18 Z2=1 C2=1 R2=1 S2=1 Y1=376 X1=18 Z1=1 C1=1 R1=1 S1=1 Y0=376 X0=18 Z0=1 C0=1 R0=1 S0=1] GlobalBuffer[P=1 Q=69 Z3=1 C3=1 R3=1 S3=1 Y2=1 X2=69 Z2=1 C2=1 R2=1 S2=1 Y1=1 X1=69 Z1=1 C1=1 R1=1 S1=1 Y0=1 X0=69 Z0=1 C0=1 R0=1 S0=1] SACols[Q=1 Z3=32] SARows[S3=3 C3=32 Z3=1] SACols_2[X2=1 Z2=32] SARows_2[S2=3 C2=32 Z2=1] SACols_1[X1=1 Z1=32] SARows_1[S1=3 C1=32 Z1=1] SACols_0[X0=1 Z0=32] SARows_0[S0=3 C0=1 Z0=1] InRegister[P=1 Q=1 Z3=1 C3=1 R3=1 S3=1 Y2=1 X2=1 Z2=1 C2=1 R2=1 S2=1 Y1=1 X1=1 Z1=1 C1=1 R1=1 S1=1 Y0=1 X0=1 Z0=1 C0=1 R0=1 S0=1] WRegister[P=1 Q=1 Z3=1 C3=1 R3=3 S3=1 Y2=1 X2=1 Z2=1 C2=1 R2=3 S2=1 Y1=1 X1=1 Z1=1 C1=1 R1=3 S1=1 Y0=1 X0=1 Z0=1 C0=1 R0=3 S0=1] IntermediateRegister[P=1 Q=1 Z3=1 C3=1 R3=1 S3=1 Y2=1 X2=1 Z2=1 C2=1 R2=1 S2=1 Y1=1 X1=1 Z1=1 C1=1 R1=1 S1=1 Y0=1 X0=1 Z0=1 C0=1 R0=1 S0=1] OutRegister[P=1 Q=1 Z3=1 C3=1 R3=1 S3=1 Y2=1 X2=1 Z2=1 C2=1 R2=1 S2=1 Y1=1 X1=1 Z1=1 C1=1 R1=1 S1=1 Y0=1 X0=1 Z0=1 C0=1 R0=1 S0=1] Compute] 
mccnn_4layer_2026-02-25T17:45:22.441307,mccnn,4layer,full,4,eyeriss,thesis_arch,1056,524,128,256,64,69,False,True,,5.783e+04,1.261e+07,7.49e+05,"(42247860192, 16079935536)",3.8623809814453125e-05,0.05859088897705078,DRAM[P=376 Q=18 Z3=1 C3=1 R3=1 S3=1 Y2=376 X2=18 Z2=1 C2=1 R2=1 S2=1 Y1=376 X1=18 Z1=1 C1=1 R1=1 S1=1 Y0=376 X0=18 Z0=1 C0=1 R0=1 S0=1] GlobalBuffer[P=1 Q=69 Z3=1 C3=1 R3=1 S3=1 Y2=1 X2=69 Z2=1 C2=1 R2=1 S2=1 Y1=1 X1=69 Z1=1 C1=1 R1=1 S1=1 Y0=1 X0=69 Z0=1 C0=1 R0=1 S0=1] SACols[Q=1 Z3=32] SARows[S3=3 C3=32 Z3=1] SACols_2[X2=1 Z2=32] SARows_2[S2=3 C2=32 Z2=1] SACols_1[X1=1 Z1=32] SARows_1[S1=3 C1=32 Z1=1] SACols_0[X0=1 Z0=32] SARows_0[S0=3 C0=1 Z0=1] InRegister[P=1 Q=1 Z3=1 C3=1 R3=1 S3=1 Y2=1 X2=1 Z2=1 C2=1 R2=1 S2=1 Y1=1 X1=1 Z1=1 C1=1 R1=1 S1=1 Y0=1 X0=1 Z0=1 C0=1 R0=1 S0=1] WRegister[P=1 Q=1 Z3=1 C3=1 R3=3 S3=1 Y2=1 X2=1 Z2=1 C2=1 R2=3 S2=1 Y1=1 X1=1 Z1=1 C1=1 R1=3 S1=1 Y0=1 X0=1 Z0=1 C0=1 R0=3 S0=1] IntermediateRegister[P=1 Q=1 Z3=1 C3=1 R3=1 S3=1 Y2=1 X2=1 Z2=1 C2=1 R2=1 S2=1 Y1=1 X1=1 Z1=1 C1=1 R1=1 S1=1 Y0=1 X0=1 Z0=1 C0=1 R0=1 S0=1] OutRegister[P=1 Q=1 Z3=1 C3=1 R3=1 S3=1 Y2=1 X2=1 Z2=1 C2=1 R2=1 S2=1 Y1=1 X1=1 Z1=1 C1=1 R1=1 S1=1 Y0=1 X0=1 Z0=1 C0=1 R0=1 S0=1] Compute] 
mccnn_4layer_2026-02-25T17:45:22.947778,mccnn,4layer,full,4,eyeriss,thesis_arch,1056,524,128,512,4,69,False,True,,5.629e+04,1.261e+07,7.19e+05,"(37944061920, 16079935536)",0.019775390625,0.0558779239654541,DRAM[P=376 Q=18 Z3=1 C3=1 R3=1 S3=1 Y2=376 X2=18 Z2=1 C2=1 R2=1 S2=1 Y1=376 X1=18 Z1=1 C1=1 R1=1 S1=1 Y0=376 X0=18 Z0=1 C0=1 R0=1 S0=1] GlobalBuffer[P=1 Q=69 Z3=1 C3=1 R3=1 S3=1 Y2=1 X2=69 Z2=1 C2=1 R2=1 S2=1 Y1=1 X1=69 Z1=1 C1=1 R1=1 S1=1 Y0=1 X0=69 Z0=1 C0=1 R0=1 S0=1] SACols[Q=1 Z3=4] SARows[S3=3 C3=32 Z3=4] SACols_2[X2=1 Z2=4] SARows_2[S2=3 C2=32 Z2=4] SACols_1[X1=1 Z1=4] SARows_1[S1=3 C1=32 Z1=4] SACols_0[X0=1 Z0=4] SARows_0[S0=3 C0=1 Z0=8] InRegister[P=1 Q=1 Z3=1 C3=1 R3=1 S3=1 Y2=1 X2=1 Z2=1 C2=1 R2=1 S2=1 Y1=1 X1=1 Z1=1 C1=1 R1=1 S1=1 Y0=1 X0=1 Z0=1 C0=1 R0=1 S0=1] WRegister[P=1 Q=1 Z3=1 C3=1 R3=3 S3=1 Y2=1 X2=1 Z2=1 C2=1 R2=3 S2=1 Y1=1 X1=1 Z1=1 C1=1 R1=3 S1=1 Y0=1 X0=1 Z0=1 C0=1 R0=3 S0=1] IntermediateRegister[P=1 Q=1 Z3=1 C3=1 R3=1 S3=1 Y2=1 X2=1 Z2=2 C2=1 R2=1 S2=1 Y1=1 X1=1 Z1=2 C1=1 R1=1 S1=1 Y0=1 X0=1 Z0=1 C0=1 R0=1 S0=1] OutRegister[P=1 Q=1 Z3=2 C3=1 R3=1 S3=1 Y2=1 X2=1 Z2=1 C2=1 R2=1 S2=1 Y1=1 X1=1 Z1=1 C1=1 R1=1 S1=1 Y0=1 X0=1 Z0=1 C0=1 R0=1 S0=1] Compute] 
mccnn_4layer_2026-02-25T17:45:23.260024,mccnn,4layer,full,4,eyeriss,thesis_arch,1056,524,128,512,16,69,False,True,,5.783e+04,1.261e+07,7.49e+05,"(42247860192, 16079935536)",0.00061798095703125,0.06325531005859375,DRAM[P=376 Q=18 Z3=1 C3=1 R3=1 S3=1 Y2=376 X2=18 Z2=1 C2=1 R2=1 S2=1 Y1=376 X1=18 Z1=1 C1=1 R1=1 S1=1 Y0=376 X0=18 Z0=1 C0=1 R0=1 S0=1] GlobalBuffer[P=1 Q=69 Z3=1 C3=1 R3=1 S3=1 Y2=1 X2=69 Z2=1 C2=1 R2=1 S2=1 Y1=1 X1=69 Z1=1 C1=1 R1=1 S1=1 Y0=1 X0=69 Z0=1 C0=1 R0=1 S0=1] SACols[Q=1 Z3=16] SARows[S3=3 C3=32 Z3=2] SACols_2[X2=1 Z2=16] SARows_2[S2=3 C2=32 Z2=2] SACols_1[X1=1 Z1=16] SARows_1[S1=3 C1=32 Z1=2] SACols_0[X0=1 Z0=16] SARows_0[S0=3 C0=1 Z0=2] InRegister[P=1 Q=1 Z3=1 C3=1 R3=1 S3=1 Y2=1 X2=1 Z2=1 C2=1 R2=1 S2=1 Y1=1 X1=1 Z1=1 C1=1 R1=1 S1=1 Y0=1 X0=1 Z0=1 C0=1 R0=1 S0=1] WRegister[P=1 Q=1 Z3=1 C3=1 R3=3 S3=1 Y2=1 X2=1 Z2=1 C2=1 R2=3 S2=1 Y1=1 X1=1 Z1=1 C1=1 R1=3 S1=1 Y0=1 X0=1 Z0=1 C0=1 R0=3 S0=1] IntermediateRegister[P=1 Q=1 Z3=1 C3=1 R3=1 S3=1 Y2=1 X2=1 Z2=1 C2=1 R2=1 S2=1 Y1=1 X1=1 Z1=1 C1=1 R1=1 S1=1 Y0=1 X0=1 Z0=1 C0=1 R0=1 S0=1] OutRegister[P=1 Q=1 Z3=1 C3=1 R3=1 S3=1 Y2=1 X2=1 Z2=1 C2=1 R2=1 S2=1 Y1=1 X1=1 Z1=1 C1=1 R1=1 S1=1 Y0=1 X0=1 Z0=1 C0=1 R0=1 S0=1] Compute] 
mccnn_4layer_2026-02-25T17:45:23.560861,mccnn,4layer,full,4,eyeriss,thesis_arch,1056,524,128,512,32,69,False,True,,5.783e+04,1.261e+07,7.49e+05,"(42247860192, 16079935536)",3.8623809814453125e-05,0.059037208557128906,DRAM[P=376 Q=18 Z3=1 C3=1 R3=1 S3=1 Y2=376 X2=18 Z2=1 C2=1 R2=1 S2=1 Y1=376 X1=18 Z1=1 C1=1 R1=1 S1=1 Y0=376 X0=18 Z0=1 C0=1 R0=1 S0=1] GlobalBuffer[P=1 Q=69 Z3=1 C3=1 R3=1 S3=1 Y2=1 X2=69 Z2=1 C2=1 R2=1 S2=1 Y1=1 X1=69 Z1=1 C1=1 R1=1 S1=1 Y0=1 X0=69 Z0=1 C0=1 R0=1 S0=1] SACols[Q=1 Z3=32] SARows[S3=3 C3=32 Z3=1] SACols_2[X2=1 Z2=32] SARows_2[S2=3 C2=32 Z2=1] SACols_1[X1=1 Z1=32] SARows_1[S1=3 C1=32 Z1=1] SACols_0[X0=1 Z0=32] SARows_0[S0=3 C0=1 Z0=1] InRegister[P=1 Q=1 Z3=1 C3=1 R3=1 S3=1 Y2=1 X2=1 Z2=1 C2=1 R2=1 S2=1 Y1=1 X1=1 Z1=1 C1=1 R1=1 S1=1 Y0=1 X0=1 Z0=1 C0=1 R0=1 S0=1] WRegister[P=1 Q=1 Z3=1 C3=1 R3=3 S3=1 Y2=1 X2=1 Z2=1 C2=1 R2=3 S2=1 Y1=1 X1=1 Z1=1 C1=1 R1=3 S1=1 Y0=1 X0=1 Z0=1 C0=1 R0=3 S0=1] IntermediateRegister[P=1 Q=1 Z3=1 C3=1 R3=1 S3=1 Y2=1 X2=1 Z2=1 C2=1 R2=1 S2=1 Y1=1 X1=1 Z1=1 C1=1 R1=1 S1=1 Y0=1 X0=1 Z0=1 C0=1 R0=1 S0=1] OutRegister[P=1 Q=1 Z3=1 C3=1 R3=1 S3=1 Y2=1 X2=1 Z2=1 C2=1 R2=1 S2=1 Y1=1 X1=1 Z1=1 C1=1 R1=1 S1=1 Y0=1 X0=1 Z0=1 C0=1 R0=1 S0=1] Compute] 
