experiment_id,workload_name,workload_variant,fusion_level,num_fused_layers,arch_type,arch_name,fmem_size_kB,wmem_size_kB,gb_size_kB,pe_rows,pe_cols,tile_size,scale_bandwidth,success,error_message,energy_uJ,latency_cycles,edp,mops,utilization,mapping_time_s,mapping
resnet18_17layer_2026-02-21T06:46:03.990710,resnet18,17layer,full,17,eyeriss,thesis_arch,1056,524,128,4,4,1,False,False,"Arch: Eyeriss_Constrained_17L_tile1_4x4 -> Level: SARows_0: Failed to fit comp to arch because the level's constraint (S0: 4) does not divide comp dimension S0 (7) exactly. To compensate, consider setting 'Settings.PADDED_MAPPINGS' to True.",0.000e+00,0.000e+00,0.00e+00,0,0.0,0.0,
resnet18_17layer_2026-02-21T06:46:05.469195,resnet18,17layer,full,17,eyeriss,thesis_arch,1056,524,128,4,16,1,False,False,"Arch: Eyeriss_Constrained_17L_tile1_16x4 -> Level: SARows_0: Failed to fit comp to arch because the level's constraint (S0: 4) does not divide comp dimension S0 (7) exactly. To compensate, consider setting 'Settings.PADDED_MAPPINGS' to True.",0.000e+00,0.000e+00,0.00e+00,0,0.0,0.0,
resnet18_17layer_2026-02-21T06:46:06.827273,resnet18,17layer,full,17,eyeriss,thesis_arch,1056,524,128,4,32,1,False,False,"Arch: Eyeriss_Constrained_17L_tile1_32x4 -> Level: SARows_0: Failed to fit comp to arch because the level's constraint (S0: 4) does not divide comp dimension S0 (7) exactly. To compensate, consider setting 'Settings.PADDED_MAPPINGS' to True.",0.000e+00,0.000e+00,0.00e+00,0,0.0,0.0,
resnet18_17layer_2026-02-21T06:46:07.452747,resnet18,17layer,full,17,eyeriss,thesis_arch,1056,524,128,4,64,1,False,False,"Arch: Eyeriss_Constrained_17L_tile1_64x4 -> Level: SARows_0: Failed to fit comp to arch because the level's constraint (S0: 4) does not divide comp dimension S0 (7) exactly. To compensate, consider setting 'Settings.PADDED_MAPPINGS' to True.",0.000e+00,0.000e+00,0.00e+00,0,0.0,0.0,
resnet18_17layer_2026-02-21T06:46:08.250126,resnet18,17layer,full,17,eyeriss,thesis_arch,1056,524,128,4,128,1,False,False,"Arch: Eyeriss_Constrained_17L_tile1_128x4 -> Level: SARows_0: Failed to fit comp to arch because the level's constraint (S0: 4) does not divide comp dimension S0 (7) exactly. To compensate, consider setting 'Settings.PADDED_MAPPINGS' to True.",0.000e+00,0.000e+00,0.00e+00,0,0.0,0.0,
resnet18_17layer_2026-02-21T06:46:08.860630,resnet18,17layer,full,17,eyeriss,thesis_arch,1056,524,128,4,256,1,False,False,"Arch: Eyeriss_Constrained_17L_tile1_256x4 -> Level: SARows_0: Failed to fit comp to arch because the level's constraint (S0: 4) does not divide comp dimension S0 (7) exactly. To compensate, consider setting 'Settings.PADDED_MAPPINGS' to True.",0.000e+00,0.000e+00,0.00e+00,0,0.0,0.0,
resnet18_17layer_2026-02-21T06:46:09.604454,resnet18,17layer,full,17,eyeriss,thesis_arch,1056,524,128,4,512,1,False,False,"Arch: Eyeriss_Constrained_17L_tile1_512x4 -> Level: SARows_0: Failed to fit comp to arch because the level's constraint (S0: 4) does not divide comp dimension S0 (7) exactly. To compensate, consider setting 'Settings.PADDED_MAPPINGS' to True.",0.000e+00,0.000e+00,0.00e+00,0,0.0,0.0,
resnet18_17layer_2026-02-21T06:46:10.382547,resnet18,17layer,full,17,eyeriss,thesis_arch,1056,524,128,16,4,1,False,False,"Ill-posed constraints:
CONSTRAINTS VIOLATION: Arch: Eyeriss_Constrained_17L_tile1_4x16 -> Level: InRegister: memory footprint: 2584 VS memory available: 400
CONSTRAINTS VIOLATION: Arch: Eyeriss_Constrained_17L_tile1_4x16 -> Level: WRegister: memory footprint: 229032 VS memory available: 902
CONSTRAINTS VIOLATION: Arch: Eyeriss_Constrained_17L_tile1_4x16 -> Level: IntermediateRegister: memory footprint: 840 VS memory available: 300
CONSTRAINTS VIOLATION: Arch: Eyeriss_Constrained_17L_tile1_4x16 -> Level: OutRegister: memory footprint: 128 VS memory available: 64",0.000e+00,0.000e+00,0.00e+00,0,0.0,0.0,
resnet18_17layer_2026-02-21T06:46:11.163687,resnet18,17layer,full,17,eyeriss,thesis_arch,1056,524,128,16,16,1,False,False,"Ill-posed constraints:
CONSTRAINTS VIOLATION: Arch: Eyeriss_Constrained_17L_tile1_16x16 -> Level: InRegister: memory footprint: 2584 VS memory available: 400
CONSTRAINTS VIOLATION: Arch: Eyeriss_Constrained_17L_tile1_16x16 -> Level: WRegister: memory footprint: 57258 VS memory available: 902",0.000e+00,0.000e+00,0.00e+00,0,0.0,0.0,
resnet18_17layer_2026-02-21T06:46:11.780310,resnet18,17layer,full,17,eyeriss,thesis_arch,1056,524,128,16,32,1,False,False,"Ill-posed constraints:
CONSTRAINTS VIOLATION: Arch: Eyeriss_Constrained_17L_tile1_32x16 -> Level: InRegister: memory footprint: 2584 VS memory available: 400
CONSTRAINTS VIOLATION: Arch: Eyeriss_Constrained_17L_tile1_32x16 -> Level: WRegister: memory footprint: 28629 VS memory available: 902",0.000e+00,0.000e+00,0.00e+00,0,0.0,0.0,
resnet18_17layer_2026-02-21T06:46:12.428218,resnet18,17layer,full,17,eyeriss,thesis_arch,1056,524,128,16,64,1,False,False,"Ill-posed constraints:
CONSTRAINTS VIOLATION: Arch: Eyeriss_Constrained_17L_tile1_64x16 -> Level: InRegister: memory footprint: 2584 VS memory available: 400
CONSTRAINTS VIOLATION: Arch: Eyeriss_Constrained_17L_tile1_64x16 -> Level: WRegister: memory footprint: 14325 VS memory available: 902",0.000e+00,0.000e+00,0.00e+00,0,0.0,0.0,
resnet18_17layer_2026-02-21T06:46:13.030018,resnet18,17layer,full,17,eyeriss,thesis_arch,1056,524,128,16,128,1,False,False,"Ill-posed constraints:
CONSTRAINTS VIOLATION: Arch: Eyeriss_Constrained_17L_tile1_128x16 -> Level: InRegister: memory footprint: 2584 VS memory available: 400
CONSTRAINTS VIOLATION: Arch: Eyeriss_Constrained_17L_tile1_128x16 -> Level: WRegister: memory footprint: 7269 VS memory available: 902",0.000e+00,0.000e+00,0.00e+00,0,0.0,0.0,
resnet18_17layer_2026-02-21T06:46:14.012376,resnet18,17layer,full,17,eyeriss,thesis_arch,1056,524,128,16,256,1,False,False,"Ill-posed constraints:
CONSTRAINTS VIOLATION: Arch: Eyeriss_Constrained_17L_tile1_256x16 -> Level: InRegister: memory footprint: 2584 VS memory available: 400
CONSTRAINTS VIOLATION: Arch: Eyeriss_Constrained_17L_tile1_256x16 -> Level: WRegister: memory footprint: 3909 VS memory available: 902",0.000e+00,0.000e+00,0.00e+00,0,0.0,0.0,
resnet18_17layer_2026-02-21T06:46:14.636029,resnet18,17layer,full,17,eyeriss,thesis_arch,1056,524,128,16,512,1,False,False,"Ill-posed constraints:
CONSTRAINTS VIOLATION: Arch: Eyeriss_Constrained_17L_tile1_512x16 -> Level: InRegister: memory footprint: 2584 VS memory available: 400
CONSTRAINTS VIOLATION: Arch: Eyeriss_Constrained_17L_tile1_512x16 -> Level: WRegister: memory footprint: 2565 VS memory available: 902",0.000e+00,0.000e+00,0.00e+00,0,0.0,0.0,
resnet18_17layer_2026-02-21T06:46:15.255406,resnet18,17layer,full,17,eyeriss,thesis_arch,1056,524,128,32,4,1,False,False,"Ill-posed constraints:
CONSTRAINTS VIOLATION: Arch: Eyeriss_Constrained_17L_tile1_4x32 -> Level: InRegister: memory footprint: 1286 VS memory available: 400
CONSTRAINTS VIOLATION: Arch: Eyeriss_Constrained_17L_tile1_4x32 -> Level: WRegister: memory footprint: 114544 VS memory available: 902
CONSTRAINTS VIOLATION: Arch: Eyeriss_Constrained_17L_tile1_4x32 -> Level: IntermediateRegister: memory footprint: 848 VS memory available: 300
CONSTRAINTS VIOLATION: Arch: Eyeriss_Constrained_17L_tile1_4x32 -> Level: OutRegister: memory footprint: 128 VS memory available: 64",0.000e+00,0.000e+00,0.00e+00,0,0.0,0.0,
resnet18_17layer_2026-02-21T06:46:15.816499,resnet18,17layer,full,17,eyeriss,thesis_arch,1056,524,128,32,16,1,False,False,"Ill-posed constraints:
CONSTRAINTS VIOLATION: Arch: Eyeriss_Constrained_17L_tile1_16x32 -> Level: InRegister: memory footprint: 1286 VS memory available: 400
CONSTRAINTS VIOLATION: Arch: Eyeriss_Constrained_17L_tile1_16x32 -> Level: WRegister: memory footprint: 28636 VS memory available: 902",0.000e+00,0.000e+00,0.00e+00,0,0.0,0.0,
resnet18_17layer_2026-02-21T06:46:16.284380,resnet18,17layer,full,17,eyeriss,thesis_arch,1056,524,128,32,32,1,False,False,"Ill-posed constraints:
CONSTRAINTS VIOLATION: Arch: Eyeriss_Constrained_17L_tile1_32x32 -> Level: InRegister: memory footprint: 1286 VS memory available: 400
CONSTRAINTS VIOLATION: Arch: Eyeriss_Constrained_17L_tile1_32x32 -> Level: WRegister: memory footprint: 14318 VS memory available: 902",0.000e+00,0.000e+00,0.00e+00,0,0.0,0.0,
resnet18_17layer_2026-02-21T06:46:16.960904,resnet18,17layer,full,17,eyeriss,thesis_arch,1056,524,128,32,64,1,False,False,"Ill-posed constraints:
CONSTRAINTS VIOLATION: Arch: Eyeriss_Constrained_17L_tile1_64x32 -> Level: InRegister: memory footprint: 1286 VS memory available: 400
CONSTRAINTS VIOLATION: Arch: Eyeriss_Constrained_17L_tile1_64x32 -> Level: WRegister: memory footprint: 7159 VS memory available: 902",0.000e+00,0.000e+00,0.00e+00,0,0.0,0.0,
resnet18_17layer_2026-02-21T06:46:17.649499,resnet18,17layer,full,17,eyeriss,thesis_arch,1056,524,128,32,128,1,False,False,"Ill-posed constraints:
CONSTRAINTS VIOLATION: Arch: Eyeriss_Constrained_17L_tile1_128x32 -> Level: InRegister: memory footprint: 1286 VS memory available: 400
CONSTRAINTS VIOLATION: Arch: Eyeriss_Constrained_17L_tile1_128x32 -> Level: WRegister: memory footprint: 3631 VS memory available: 902",0.000e+00,0.000e+00,0.00e+00,0,0.0,0.0,
resnet18_17layer_2026-02-21T06:46:18.247145,resnet18,17layer,full,17,eyeriss,thesis_arch,1056,524,128,32,256,1,False,False,"Ill-posed constraints:
CONSTRAINTS VIOLATION: Arch: Eyeriss_Constrained_17L_tile1_256x32 -> Level: InRegister: memory footprint: 1286 VS memory available: 400
CONSTRAINTS VIOLATION: Arch: Eyeriss_Constrained_17L_tile1_256x32 -> Level: WRegister: memory footprint: 1951 VS memory available: 902",0.000e+00,0.000e+00,0.00e+00,0,0.0,0.0,
resnet18_17layer_2026-02-21T06:46:18.819133,resnet18,17layer,full,17,eyeriss,thesis_arch,1056,524,128,32,512,1,False,False,"Ill-posed constraints:
CONSTRAINTS VIOLATION: Arch: Eyeriss_Constrained_17L_tile1_512x32 -> Level: InRegister: memory footprint: 1286 VS memory available: 400
CONSTRAINTS VIOLATION: Arch: Eyeriss_Constrained_17L_tile1_512x32 -> Level: WRegister: memory footprint: 1279 VS memory available: 902",0.000e+00,0.000e+00,0.00e+00,0,0.0,0.0,
resnet18_17layer_2026-02-21T06:46:19.245819,resnet18,17layer,full,17,eyeriss,thesis_arch,1056,524,128,64,4,1,False,False,"Ill-posed constraints:
CONSTRAINTS VIOLATION: Arch: Eyeriss_Constrained_17L_tile1_4x64 -> Level: InRegister: memory footprint: 650 VS memory available: 400
CONSTRAINTS VIOLATION: Arch: Eyeriss_Constrained_17L_tile1_4x64 -> Level: WRegister: memory footprint: 57272 VS memory available: 902
CONSTRAINTS VIOLATION: Arch: Eyeriss_Constrained_17L_tile1_4x64 -> Level: IntermediateRegister: memory footprint: 840 VS memory available: 300
CONSTRAINTS VIOLATION: Arch: Eyeriss_Constrained_17L_tile1_4x64 -> Level: OutRegister: memory footprint: 128 VS memory available: 64",0.000e+00,0.000e+00,0.00e+00,0,0.0,0.0,
resnet18_17layer_2026-02-21T06:46:19.737449,resnet18,17layer,full,17,eyeriss,thesis_arch,1056,524,128,64,16,1,False,False,"Ill-posed constraints:
CONSTRAINTS VIOLATION: Arch: Eyeriss_Constrained_17L_tile1_16x64 -> Level: InRegister: memory footprint: 650 VS memory available: 400
CONSTRAINTS VIOLATION: Arch: Eyeriss_Constrained_17L_tile1_16x64 -> Level: WRegister: memory footprint: 14318 VS memory available: 902",0.000e+00,0.000e+00,0.00e+00,0,0.0,0.0,
resnet18_17layer_2026-02-21T06:46:20.243258,resnet18,17layer,full,17,eyeriss,thesis_arch,1056,524,128,64,32,1,False,False,"Ill-posed constraints:
CONSTRAINTS VIOLATION: Arch: Eyeriss_Constrained_17L_tile1_32x64 -> Level: InRegister: memory footprint: 650 VS memory available: 400
CONSTRAINTS VIOLATION: Arch: Eyeriss_Constrained_17L_tile1_32x64 -> Level: WRegister: memory footprint: 7159 VS memory available: 902",0.000e+00,0.000e+00,0.00e+00,0,0.0,0.0,
resnet18_17layer_2026-02-21T06:46:20.738247,resnet18,17layer,full,17,eyeriss,thesis_arch,1056,524,128,64,64,1,False,False,"Ill-posed constraints:
CONSTRAINTS VIOLATION: Arch: Eyeriss_Constrained_17L_tile1_64x64 -> Level: InRegister: memory footprint: 650 VS memory available: 400
CONSTRAINTS VIOLATION: Arch: Eyeriss_Constrained_17L_tile1_64x64 -> Level: WRegister: memory footprint: 3583 VS memory available: 902",0.000e+00,0.000e+00,0.00e+00,0,0.0,0.0,
resnet18_17layer_2026-02-21T06:46:21.290517,resnet18,17layer,full,17,eyeriss,thesis_arch,1056,524,128,64,128,1,False,False,"Ill-posed constraints:
CONSTRAINTS VIOLATION: Arch: Eyeriss_Constrained_17L_tile1_128x64 -> Level: InRegister: memory footprint: 650 VS memory available: 400
CONSTRAINTS VIOLATION: Arch: Eyeriss_Constrained_17L_tile1_128x64 -> Level: WRegister: memory footprint: 1819 VS memory available: 902",0.000e+00,0.000e+00,0.00e+00,0,0.0,0.0,
resnet18_17layer_2026-02-21T06:46:21.861632,resnet18,17layer,full,17,eyeriss,thesis_arch,1056,524,128,64,256,1,False,False,"Ill-posed constraints:
CONSTRAINTS VIOLATION: Arch: Eyeriss_Constrained_17L_tile1_256x64 -> Level: InRegister: memory footprint: 650 VS memory available: 400
CONSTRAINTS VIOLATION: Arch: Eyeriss_Constrained_17L_tile1_256x64 -> Level: WRegister: memory footprint: 979 VS memory available: 902",0.000e+00,0.000e+00,0.00e+00,0,0.0,0.0,
resnet18_17layer_2026-02-21T06:46:22.362249,resnet18,17layer,full,17,eyeriss,thesis_arch,1056,524,128,128,4,1,False,False,"Ill-posed constraints:
CONSTRAINTS VIOLATION: Arch: Eyeriss_Constrained_17L_tile1_4x128 -> Level: WRegister: memory footprint: 28636 VS memory available: 902
CONSTRAINTS VIOLATION: Arch: Eyeriss_Constrained_17L_tile1_4x128 -> Level: IntermediateRegister: memory footprint: 836 VS memory available: 300
CONSTRAINTS VIOLATION: Arch: Eyeriss_Constrained_17L_tile1_4x128 -> Level: OutRegister: memory footprint: 128 VS memory available: 64",0.000e+00,0.000e+00,0.00e+00,0,0.0,0.0,
resnet18_17layer_2026-02-21T06:46:22.947310,resnet18,17layer,full,17,eyeriss,thesis_arch,1056,524,128,128,16,1,False,False,"Ill-posed constraints:
CONSTRAINTS VIOLATION: Arch: Eyeriss_Constrained_17L_tile1_16x128 -> Level: WRegister: memory footprint: 7159 VS memory available: 902",0.000e+00,0.000e+00,0.00e+00,0,0.0,0.0,
resnet18_17layer_2026-02-21T06:46:23.517064,resnet18,17layer,full,17,eyeriss,thesis_arch,1056,524,128,128,32,1,False,False,"Ill-posed constraints:
CONSTRAINTS VIOLATION: Arch: Eyeriss_Constrained_17L_tile1_32x128 -> Level: WRegister: memory footprint: 3583 VS memory available: 902",0.000e+00,0.000e+00,0.00e+00,0,0.0,0.0,
resnet18_17layer_2026-02-21T06:46:24.104203,resnet18,17layer,full,17,eyeriss,thesis_arch,1056,524,128,128,64,1,False,False,"Ill-posed constraints:
CONSTRAINTS VIOLATION: Arch: Eyeriss_Constrained_17L_tile1_64x128 -> Level: WRegister: memory footprint: 1795 VS memory available: 902",0.000e+00,0.000e+00,0.00e+00,0,0.0,0.0,
resnet18_17layer_2026-02-21T06:46:24.862713,resnet18,17layer,full,17,eyeriss,thesis_arch,1056,524,128,128,128,1,False,False,"Ill-posed constraints:
CONSTRAINTS VIOLATION: Arch: Eyeriss_Constrained_17L_tile1_128x128 -> Level: WRegister: memory footprint: 913 VS memory available: 902",0.000e+00,0.000e+00,0.00e+00,0,0.0,0.0,
resnet18_17layer_2026-02-21T06:46:25.286149,resnet18,17layer,full,17,eyeriss,thesis_arch,1056,524,128,256,4,1,False,False,"Ill-posed constraints:
CONSTRAINTS VIOLATION: Arch: Eyeriss_Constrained_17L_tile1_4x256 -> Level: WRegister: memory footprint: 14318 VS memory available: 902
CONSTRAINTS VIOLATION: Arch: Eyeriss_Constrained_17L_tile1_4x256 -> Level: IntermediateRegister: memory footprint: 834 VS memory available: 300
CONSTRAINTS VIOLATION: Arch: Eyeriss_Constrained_17L_tile1_4x256 -> Level: OutRegister: memory footprint: 128 VS memory available: 64",0.000e+00,0.000e+00,0.00e+00,0,0.0,0.0,
resnet18_17layer_2026-02-21T06:46:25.832493,resnet18,17layer,full,17,eyeriss,thesis_arch,1056,524,128,256,16,1,False,False,"Ill-posed constraints:
CONSTRAINTS VIOLATION: Arch: Eyeriss_Constrained_17L_tile1_16x256 -> Level: WRegister: memory footprint: 3583 VS memory available: 902",0.000e+00,0.000e+00,0.00e+00,0,0.0,0.0,
resnet18_17layer_2026-02-21T06:46:26.358909,resnet18,17layer,full,17,eyeriss,thesis_arch,1056,524,128,256,32,1,False,False,"Ill-posed constraints:
CONSTRAINTS VIOLATION: Arch: Eyeriss_Constrained_17L_tile1_32x256 -> Level: WRegister: memory footprint: 1795 VS memory available: 902",0.000e+00,0.000e+00,0.00e+00,0,0.0,0.0,
resnet18_17layer_2026-02-21T06:46:26.918882,resnet18,17layer,full,17,eyeriss,thesis_arch,1056,524,128,256,64,1,False,True,,4.709e+04,3.042e+06,1.48e+05,"(6237786304, 2736486144)",0.0008221660582421464,0.7891843318939209,DRAM[P=7 Q=7 Z16=1 C16=1 R16=1 S16=1 Y15=7 X15=7 Z15=1 C15=1 R15=1 S15=1 Y14=7 X14=7 Z14=1 C14=1 R14=1 S14=1 Y13=14 X13=14 Z13=1 C13=1 R13=1 S13=1 Y12=14 X12=14 Z12=1 C12=1 R12=1 S12=1 Y11=14 X11=14 Z11=1 C11=1 R11=1 S11=1 Y10=14 X10=14 Z10=1 C10=1 R10=1 S10=1 Y9=28 X9=28 Z9=1 C9=1 R9=1 S9=1 Y8=28 X8=28 Z8=1 C8=1 R8=1 S8=1 Y7=28 X7=28 Z7=1 C7=1 R7=1 S7=1 Y6=28 X6=28 Z6=1 C6=1 R6=1 S6=1 Y5=56 X5=56 Z5=1 C5=1 R5=1 S5=1 Y4=56 X4=56 Z4=1 C4=1 R4=1 S4=1 Y3=56 X3=56 Z3=1 C3=1 R3=1 S3=1 Y2=56 X2=56 Z2=1 C2=1 R2=1 S2=1 Y1=56 X1=56 Z1=1 C1=1 R1=1 S1=1 Y0=112 X0=112 Z0=1 C0=1 R0=1 S0=1] GlobalBuffer[P=1 Q=1 Z16=1 C16=1 R16=1 S16=1 Y15=1 X15=1 Z15=1 C15=1 R15=1 S15=1 Y14=1 X14=1 Z14=1 C14=1 R14=1 S14=1 Y13=1 X13=1 Z13=1 C13=1 R13=1 S13=1 Y12=1 X12=1 Z12=1 C12=1 R12=1 S12=1 Y11=1 X11=1 Z11=1 C11=1 R11=1 S11=1 Y10=1 X10=1 Z10=1 C10=1 R10=1 S10=1 Y9=1 X9=1 Z9=1 C9=1 R9=1 S9=1 Y8=1 X8=1 Z8=1 C8=1 R8=1 S8=1 Y7=1 X7=1 Z7=1 C7=1 R7=1 S7=1 Y6=1 X6=1 Z6=1 C6=1 R6=1 S6=1 Y5=1 X5=1 Z5=1 C5=1 R5=1 S5=1 Y4=1 X4=1 Z4=1 C4=1 R4=1 S4=1 Y3=1 X3=1 Z3=1 C3=1 R3=1 S3=1 Y2=1 X2=1 Z2=1 C2=1 R2=1 S2=1 Y1=1 X1=1 Z1=1 C1=1 R1=1 S1=1 Y0=1 X0=1 Z0=1 C0=1 R0=1 S0=1] SACols[Q=1 Z16=64] SARows[S16=3 C16=64 Z16=1] SACols_15[X15=1 Z15=64] SARows_15[S15=3 C15=64 Z15=1] SACols_14[X14=1 Z14=64] SARows_14[S14=3 C14=64 Z14=1] SACols_13[X13=1 Z13=64] SARows_13[S13=3 C13=64 Z13=1] SACols_12[X12=1 Z12=64] SARows_12[S12=3 C12=64 Z12=1] SACols_11[X11=1 Z11=64] SARows_11[S11=3 C11=64 Z11=1] SACols_10[X10=1 Z10=64] SARows_10[S10=3 C10=64 Z10=1] SACols_9[X9=1 Z9=64] SARows_9[S9=3 C9=64 Z9=1] SACols_8[X8=1 Z8=64] SARows_8[S8=3 C8=64 Z8=1] SACols_7[X7=1 Z7=64] SARows_7[S7=3 C7=64 Z7=1] SACols_6[X6=1 Z6=64] SARows_6[S6=3 C6=64 Z6=1] SACols_5[X5=1 Z5=64] SARows_5[S5=3 C5=64 Z5=1] SACols_4[X4=1 Z4=64] SARows_4[S4=3 C4=64 Z4=1] SACols_3[X3=1 Z3=64] SARows_3[S3=3 C3=64 Z3=1] SACols_2[X2=1 Z2=64] SARows_2[S2=3 C2=64 Z2=1] SACols_1[X1=1 Z1=64] SARows_1[S1=3 C1=64 Z1=1] SACols_0[X0=1 Z0=64] SARows_0[S0=7 C0=3 Z0=1] InRegister[P=1 Q=1 Z16=1 C16=1 R16=1 S16=1 Y15=1 X15=1 Z15=1 C15=1 R15=1 S15=1 Y14=1 X14=1 Z14=1 C14=1 R14=1 S14=1 Y13=1 X13=1 Z13=1 C13=1 R13=1 S13=1 Y12=1 X12=1 Z12=1 C12=1 R12=1 S12=1 Y11=1 X11=1 Z11=1 C11=1 R11=1 S11=1 Y10=1 X10=1 Z10=1 C10=1 R10=1 S10=1 Y9=1 X9=1 Z9=1 C9=1 R9=1 S9=1 Y8=1 X8=1 Z8=1 C8=1 R8=1 S8=1 Y7=1 X7=1 Z7=1 C7=1 R7=1 S7=1 Y6=1 X6=1 Z6=1 C6=1 R6=1 S6=1 Y5=1 X5=1 Z5=1 C5=1 R5=1 S5=1 Y4=1 X4=1 Z4=1 C4=1 R4=1 S4=1 Y3=1 X3=1 Z3=1 C3=1 R3=1 S3=1 Y2=1 X2=1 Z2=1 C2=1 R2=1 S2=1 Y1=1 X1=1 Z1=1 C1=1 R1=1 S1=1 Y0=1 X0=1 Z0=1 C0=1 R0=1 S0=1] WRegister[P=1 Q=1 Z16=1 C16=8 R16=3 S16=1 Y15=1 X15=1 Z15=1 C15=8 R15=3 S15=1 Y14=1 X14=1 Z14=1 C14=8 R14=3 S14=1 Y13=1 X13=1 Z13=1 C13=4 R13=3 S13=1 Y12=1 X12=1 Z12=1 C12=4 R12=3 S12=1 Y11=1 X11=1 Z11=1 C11=4 R11=3 S11=1 Y10=1 X10=1 Z10=1 C10=4 R10=3 S10=1 Y9=1 X9=1 Z9=1 C9=2 R9=3 S9=1 Y8=1 X8=1 Z8=1 C8=2 R8=3 S8=1 Y7=1 X7=1 Z7=1 C7=2 R7=3 S7=1 Y6=1 X6=1 Z6=1 C6=2 R6=3 S6=1 Y5=1 X5=1 Z5=1 C5=1 R5=3 S5=1 Y4=1 X4=1 Z4=1 C4=1 R4=3 S4=1 Y3=1 X3=1 Z3=1 C3=1 R3=3 S3=1 Y2=1 X2=1 Z2=1 C2=1 R2=3 S2=1 Y1=1 X1=1 Z1=1 C1=1 R1=3 S1=1 Y0=1 X0=1 Z0=1 C0=1 R0=7 S0=1] IntermediateRegister[P=1 Q=1 Z16=1 C16=1 R16=1 S16=1 Y15=1 X15=1 Z15=8 C15=1 R15=1 S15=1 Y14=1 X14=1 Z14=8 C14=1 R14=1 S14=1 Y13=1 X13=1 Z13=8 C13=1 R13=1 S13=1 Y12=1 X12=1 Z12=4 C12=1 R12=1 S12=1 Y11=1 X11=1 Z11=4 C11=1 R11=1 S11=1 Y10=1 X10=1 Z10=4 C10=1 R10=1 S10=1 Y9=1 X9=1 Z9=4 C9=1 R9=1 S9=1 Y8=1 X8=1 Z8=2 C8=1 R8=1 S8=1 Y7=1 X7=1 Z7=2 C7=1 R7=1 S7=1 Y6=1 X6=1 Z6=2 C6=1 R6=1 S6=1 Y5=1 X5=1 Z5=2 C5=1 R5=1 S5=1 Y4=1 X4=1 Z4=1 C4=1 R4=1 S4=1 Y3=1 X3=1 Z3=1 C3=1 R3=1 S3=1 Y2=1 X2=1 Z2=1 C2=1 R2=1 S2=1 Y1=1 X1=1 Z1=1 C1=1 R1=1 S1=1 Y0=1 X0=1 Z0=1 C0=1 R0=1 S0=1] OutRegister[P=1 Q=1 Z16=8 C16=1 R16=1 S16=1 Y15=1 X15=1 Z15=1 C15=1 R15=1 S15=1 Y14=1 X14=1 Z14=1 C14=1 R14=1 S14=1 Y13=1 X13=1 Z13=1 C13=1 R13=1 S13=1 Y12=1 X12=1 Z12=1 C12=1 R12=1 S12=1 Y11=1 X11=1 Z11=1 C11=1 R11=1 S11=1 Y10=1 X10=1 Z10=1 C10=1 R10=1 S10=1 Y9=1 X9=1 Z9=1 C9=1 R9=1 S9=1 Y8=1 X8=1 Z8=1 C8=1 R8=1 S8=1 Y7=1 X7=1 Z7=1 C7=1 R7=1 S7=1 Y6=1 X6=1 Z6=1 C6=1 R6=1 S6=1 Y5=1 X5=1 Z5=1 C5=1 R5=1 S5=1 Y4=1 X4=1 Z4=1 C4=1 R4=1 S4=1 Y3=1 X3=1 Z3=1 C3=1 R3=1 S3=1 Y2=1 X2=1 Z2=1 C2=1 R2=1 S2=1 Y1=1 X1=1 Z1=1 C1=1 R1=1 S1=1 Y0=1 X0=1 Z0=1 C0=1 R0=1 S0=1] Compute] 
resnet18_17layer_2026-02-21T06:46:28.343140,resnet18,17layer,full,17,eyeriss,thesis_arch,1056,524,128,512,4,1,False,False,"Ill-posed constraints:
CONSTRAINTS VIOLATION: Arch: Eyeriss_Constrained_17L_tile1_4x512 -> Level: WRegister: memory footprint: 7159 VS memory available: 902
CONSTRAINTS VIOLATION: Arch: Eyeriss_Constrained_17L_tile1_4x512 -> Level: IntermediateRegister: memory footprint: 785 VS memory available: 300
CONSTRAINTS VIOLATION: Arch: Eyeriss_Constrained_17L_tile1_4x512 -> Level: OutRegister: memory footprint: 128 VS memory available: 64",0.000e+00,0.000e+00,0.00e+00,0,0.0,0.0,
resnet18_17layer_2026-02-21T06:46:28.967377,resnet18,17layer,full,17,eyeriss,thesis_arch,1056,524,128,512,16,1,False,False,"Ill-posed constraints:
CONSTRAINTS VIOLATION: Arch: Eyeriss_Constrained_17L_tile1_16x512 -> Level: WRegister: memory footprint: 1795 VS memory available: 902",0.000e+00,0.000e+00,0.00e+00,0,0.0,0.0,
resnet18_17layer_2026-02-21T06:46:29.493366,resnet18,17layer,full,17,eyeriss,thesis_arch,1056,524,128,512,32,1,False,True,,4.729e+04,3.042e+06,1.48e+05,"(6204068032, 2890626816)",0.0008221660582421464,0.6210308074951172,DRAM[P=7 Q=7 Z16=1 C16=1 R16=1 S16=1 Y15=7 X15=7 Z15=1 C15=1 R15=1 S15=1 Y14=7 X14=7 Z14=1 C14=1 R14=1 S14=1 Y13=14 X13=14 Z13=1 C13=1 R13=1 S13=1 Y12=14 X12=14 Z12=1 C12=1 R12=1 S12=1 Y11=14 X11=14 Z11=1 C11=1 R11=1 S11=1 Y10=14 X10=14 Z10=1 C10=1 R10=1 S10=1 Y9=28 X9=28 Z9=1 C9=1 R9=1 S9=1 Y8=28 X8=28 Z8=1 C8=1 R8=1 S8=1 Y7=28 X7=28 Z7=1 C7=1 R7=1 S7=1 Y6=28 X6=28 Z6=1 C6=1 R6=1 S6=1 Y5=56 X5=56 Z5=1 C5=1 R5=1 S5=1 Y4=56 X4=56 Z4=1 C4=1 R4=1 S4=1 Y3=56 X3=56 Z3=1 C3=1 R3=1 S3=1 Y2=56 X2=56 Z2=1 C2=1 R2=1 S2=1 Y1=56 X1=56 Z1=1 C1=1 R1=1 S1=1 Y0=112 X0=112 Z0=1 C0=1 R0=1 S0=1] GlobalBuffer[P=1 Q=1 Z16=1 C16=1 R16=1 S16=1 Y15=1 X15=1 Z15=1 C15=1 R15=1 S15=1 Y14=1 X14=1 Z14=1 C14=1 R14=1 S14=1 Y13=1 X13=1 Z13=1 C13=1 R13=1 S13=1 Y12=1 X12=1 Z12=1 C12=1 R12=1 S12=1 Y11=1 X11=1 Z11=1 C11=1 R11=1 S11=1 Y10=1 X10=1 Z10=1 C10=1 R10=1 S10=1 Y9=1 X9=1 Z9=1 C9=1 R9=1 S9=1 Y8=1 X8=1 Z8=1 C8=1 R8=1 S8=1 Y7=1 X7=1 Z7=1 C7=1 R7=1 S7=1 Y6=1 X6=1 Z6=1 C6=1 R6=1 S6=1 Y5=1 X5=1 Z5=1 C5=1 R5=1 S5=1 Y4=1 X4=1 Z4=1 C4=1 R4=1 S4=1 Y3=1 X3=1 Z3=1 C3=1 R3=1 S3=1 Y2=1 X2=1 Z2=1 C2=1 R2=1 S2=1 Y1=1 X1=1 Z1=1 C1=1 R1=1 S1=1 Y0=1 X0=1 Z0=1 C0=1 R0=1 S0=1] SACols[Q=1 Z16=32] SARows[S16=3 C16=128 Z16=1] SACols_15[X15=1 Z15=32] SARows_15[S15=3 C15=128 Z15=1] SACols_14[X14=1 Z14=32] SARows_14[S14=3 C14=128 Z14=1] SACols_13[X13=1 Z13=32] SARows_13[S13=3 C13=128 Z13=1] SACols_12[X12=1 Z12=32] SARows_12[S12=3 C12=128 Z12=1] SACols_11[X11=1 Z11=32] SARows_11[S11=3 C11=128 Z11=1] SACols_10[X10=1 Z10=32] SARows_10[S10=3 C10=128 Z10=1] SACols_9[X9=1 Z9=32] SARows_9[S9=3 C9=128 Z9=1] SACols_8[X8=1 Z8=32] SARows_8[S8=3 C8=128 Z8=1] SACols_7[X7=1 Z7=32] SARows_7[S7=3 C7=128 Z7=1] SACols_6[X6=1 Z6=32] SARows_6[S6=3 C6=128 Z6=1] SACols_5[X5=1 Z5=32] SARows_5[S5=3 C5=64 Z5=2] SACols_4[X4=1 Z4=32] SARows_4[S4=3 C4=64 Z4=2] SACols_3[X3=1 Z3=32] SARows_3[S3=3 C3=64 Z3=2] SACols_2[X2=1 Z2=32] SARows_2[S2=3 C2=64 Z2=2] SACols_1[X1=1 Z1=32] SARows_1[S1=3 C1=64 Z1=2] SACols_0[X0=1 Z0=32] SARows_0[S0=7 C0=3 Z0=2] InRegister[P=1 Q=1 Z16=1 C16=1 R16=1 S16=1 Y15=1 X15=1 Z15=1 C15=1 R15=1 S15=1 Y14=1 X14=1 Z14=1 C14=1 R14=1 S14=1 Y13=1 X13=1 Z13=1 C13=1 R13=1 S13=1 Y12=1 X12=1 Z12=1 C12=1 R12=1 S12=1 Y11=1 X11=1 Z11=1 C11=1 R11=1 S11=1 Y10=1 X10=1 Z10=1 C10=1 R10=1 S10=1 Y9=1 X9=1 Z9=1 C9=1 R9=1 S9=1 Y8=1 X8=1 Z8=1 C8=1 R8=1 S8=1 Y7=1 X7=1 Z7=1 C7=1 R7=1 S7=1 Y6=1 X6=1 Z6=1 C6=1 R6=1 S6=1 Y5=1 X5=1 Z5=1 C5=1 R5=1 S5=1 Y4=1 X4=1 Z4=1 C4=1 R4=1 S4=1 Y3=1 X3=1 Z3=1 C3=1 R3=1 S3=1 Y2=1 X2=1 Z2=1 C2=1 R2=1 S2=1 Y1=1 X1=1 Z1=1 C1=1 R1=1 S1=1 Y0=1 X0=1 Z0=1 C0=1 R0=1 S0=1] WRegister[P=1 Q=1 Z16=1 C16=4 R16=3 S16=1 Y15=1 X15=1 Z15=1 C15=4 R15=3 S15=1 Y14=1 X14=1 Z14=1 C14=4 R14=3 S14=1 Y13=1 X13=1 Z13=1 C13=2 R13=3 S13=1 Y12=1 X12=1 Z12=1 C12=2 R12=3 S12=1 Y11=1 X11=1 Z11=1 C11=2 R11=3 S11=1 Y10=1 X10=1 Z10=1 C10=2 R10=3 S10=1 Y9=1 X9=1 Z9=1 C9=1 R9=3 S9=1 Y8=1 X8=1 Z8=1 C8=1 R8=3 S8=1 Y7=1 X7=1 Z7=1 C7=1 R7=3 S7=1 Y6=1 X6=1 Z6=1 C6=1 R6=3 S6=1 Y5=1 X5=1 Z5=1 C5=1 R5=3 S5=1 Y4=1 X4=1 Z4=1 C4=1 R4=3 S4=1 Y3=1 X3=1 Z3=1 C3=1 R3=3 S3=1 Y2=1 X2=1 Z2=1 C2=1 R2=3 S2=1 Y1=1 X1=1 Z1=1 C1=1 R1=3 S1=1 Y0=1 X0=1 Z0=1 C0=1 R0=7 S0=1] IntermediateRegister[P=1 Q=1 Z16=1 C16=1 R16=1 S16=1 Y15=1 X15=1 Z15=16 C15=1 R15=1 S15=1 Y14=1 X14=1 Z14=16 C14=1 R14=1 S14=1 Y13=1 X13=1 Z13=16 C13=1 R13=1 S13=1 Y12=1 X12=1 Z12=8 C12=1 R12=1 S12=1 Y11=1 X11=1 Z11=8 C11=1 R11=1 S11=1 Y10=1 X10=1 Z10=8 C10=1 R10=1 S10=1 Y9=1 X9=1 Z9=8 C9=1 R9=1 S9=1 Y8=1 X8=1 Z8=4 C8=1 R8=1 S8=1 Y7=1 X7=1 Z7=4 C7=1 R7=1 S7=1 Y6=1 X6=1 Z6=4 C6=1 R6=1 S6=1 Y5=1 X5=1 Z5=2 C5=1 R5=1 S5=1 Y4=1 X4=1 Z4=1 C4=1 R4=1 S4=1 Y3=1 X3=1 Z3=1 C3=1 R3=1 S3=1 Y2=1 X2=1 Z2=1 C2=1 R2=1 S2=1 Y1=1 X1=1 Z1=1 C1=1 R1=1 S1=1 Y0=1 X0=1 Z0=1 C0=1 R0=1 S0=1] OutRegister[P=1 Q=1 Z16=16 C16=1 R16=1 S16=1 Y15=1 X15=1 Z15=1 C15=1 R15=1 S15=1 Y14=1 X14=1 Z14=1 C14=1 R14=1 S14=1 Y13=1 X13=1 Z13=1 C13=1 R13=1 S13=1 Y12=1 X12=1 Z12=1 C12=1 R12=1 S12=1 Y11=1 X11=1 Z11=1 C11=1 R11=1 S11=1 Y10=1 X10=1 Z10=1 C10=1 R10=1 S10=1 Y9=1 X9=1 Z9=1 C9=1 R9=1 S9=1 Y8=1 X8=1 Z8=1 C8=1 R8=1 S8=1 Y7=1 X7=1 Z7=1 C7=1 R7=1 S7=1 Y6=1 X6=1 Z6=1 C6=1 R6=1 S6=1 Y5=1 X5=1 Z5=1 C5=1 R5=1 S5=1 Y4=1 X4=1 Z4=1 C4=1 R4=1 S4=1 Y3=1 X3=1 Z3=1 C3=1 R3=1 S3=1 Y2=1 X2=1 Z2=1 C2=1 R2=1 S2=1 Y1=1 X1=1 Z1=1 C1=1 R1=1 S1=1 Y0=1 X0=1 Z0=1 C0=1 R0=1 S0=1] Compute] 
resnet18_17layer_2026-02-21T06:46:30.796777,resnet18,17layer,full,17,eyeriss,thesis_arch,1056,524,128,4,4,1,False,False,"Arch: Eyeriss_Constrained_17L_tile1_4x4 -> Level: SARows_0: Failed to fit comp to arch because the level's constraint (S0: 4) does not divide comp dimension S0 (7) exactly. To compensate, consider setting 'Settings.PADDED_MAPPINGS' to True.",0.000e+00,0.000e+00,0.00e+00,0,0.0,0.0,
resnet18_17layer_2026-02-21T06:46:31.602046,resnet18,17layer,full,17,eyeriss,thesis_arch,1056,524,128,4,16,1,False,False,"Arch: Eyeriss_Constrained_17L_tile1_16x4 -> Level: SARows_0: Failed to fit comp to arch because the level's constraint (S0: 4) does not divide comp dimension S0 (7) exactly. To compensate, consider setting 'Settings.PADDED_MAPPINGS' to True.",0.000e+00,0.000e+00,0.00e+00,0,0.0,0.0,
resnet18_17layer_2026-02-21T06:46:32.441186,resnet18,17layer,full,17,eyeriss,thesis_arch,1056,524,128,4,32,1,False,False,"Arch: Eyeriss_Constrained_17L_tile1_32x4 -> Level: SARows_0: Failed to fit comp to arch because the level's constraint (S0: 4) does not divide comp dimension S0 (7) exactly. To compensate, consider setting 'Settings.PADDED_MAPPINGS' to True.",0.000e+00,0.000e+00,0.00e+00,0,0.0,0.0,
resnet18_17layer_2026-02-21T06:46:33.276622,resnet18,17layer,full,17,eyeriss,thesis_arch,1056,524,128,4,64,1,False,False,"Arch: Eyeriss_Constrained_17L_tile1_64x4 -> Level: SARows_0: Failed to fit comp to arch because the level's constraint (S0: 4) does not divide comp dimension S0 (7) exactly. To compensate, consider setting 'Settings.PADDED_MAPPINGS' to True.",0.000e+00,0.000e+00,0.00e+00,0,0.0,0.0,
resnet18_17layer_2026-02-21T06:46:33.786730,resnet18,17layer,full,17,eyeriss,thesis_arch,1056,524,128,4,128,1,False,False,"Arch: Eyeriss_Constrained_17L_tile1_128x4 -> Level: SARows_0: Failed to fit comp to arch because the level's constraint (S0: 4) does not divide comp dimension S0 (7) exactly. To compensate, consider setting 'Settings.PADDED_MAPPINGS' to True.",0.000e+00,0.000e+00,0.00e+00,0,0.0,0.0,
resnet18_17layer_2026-02-21T06:46:34.541988,resnet18,17layer,full,17,eyeriss,thesis_arch,1056,524,128,4,256,1,False,False,"Arch: Eyeriss_Constrained_17L_tile1_256x4 -> Level: SARows_0: Failed to fit comp to arch because the level's constraint (S0: 4) does not divide comp dimension S0 (7) exactly. To compensate, consider setting 'Settings.PADDED_MAPPINGS' to True.",0.000e+00,0.000e+00,0.00e+00,0,0.0,0.0,
resnet18_17layer_2026-02-21T06:46:35.200335,resnet18,17layer,full,17,eyeriss,thesis_arch,1056,524,128,4,512,1,False,False,"Arch: Eyeriss_Constrained_17L_tile1_512x4 -> Level: SARows_0: Failed to fit comp to arch because the level's constraint (S0: 4) does not divide comp dimension S0 (7) exactly. To compensate, consider setting 'Settings.PADDED_MAPPINGS' to True.",0.000e+00,0.000e+00,0.00e+00,0,0.0,0.0,
resnet18_17layer_2026-02-21T06:46:36.112826,resnet18,17layer,full,17,eyeriss,thesis_arch,1056,524,128,16,4,1,False,False,"Ill-posed constraints:
CONSTRAINTS VIOLATION: Arch: Eyeriss_Constrained_17L_tile1_4x16 -> Level: InRegister: memory footprint: 2584 VS memory available: 400
CONSTRAINTS VIOLATION: Arch: Eyeriss_Constrained_17L_tile1_4x16 -> Level: WRegister: memory footprint: 229032 VS memory available: 1800
CONSTRAINTS VIOLATION: Arch: Eyeriss_Constrained_17L_tile1_4x16 -> Level: IntermediateRegister: memory footprint: 840 VS memory available: 300
CONSTRAINTS VIOLATION: Arch: Eyeriss_Constrained_17L_tile1_4x16 -> Level: OutRegister: memory footprint: 128 VS memory available: 64",0.000e+00,0.000e+00,0.00e+00,0,0.0,0.0,
resnet18_17layer_2026-02-21T06:46:37.828357,resnet18,17layer,full,17,eyeriss,thesis_arch,1056,524,128,16,16,1,False,False,"Ill-posed constraints:
CONSTRAINTS VIOLATION: Arch: Eyeriss_Constrained_17L_tile1_16x16 -> Level: InRegister: memory footprint: 2584 VS memory available: 400
CONSTRAINTS VIOLATION: Arch: Eyeriss_Constrained_17L_tile1_16x16 -> Level: WRegister: memory footprint: 57258 VS memory available: 1800",0.000e+00,0.000e+00,0.00e+00,0,0.0,0.0,
resnet18_17layer_2026-02-21T06:46:39.110622,resnet18,17layer,full,17,eyeriss,thesis_arch,1056,524,128,16,32,1,False,False,"Ill-posed constraints:
CONSTRAINTS VIOLATION: Arch: Eyeriss_Constrained_17L_tile1_32x16 -> Level: InRegister: memory footprint: 2584 VS memory available: 400
CONSTRAINTS VIOLATION: Arch: Eyeriss_Constrained_17L_tile1_32x16 -> Level: WRegister: memory footprint: 28629 VS memory available: 1800",0.000e+00,0.000e+00,0.00e+00,0,0.0,0.0,
resnet18_17layer_2026-02-21T06:46:40.063843,resnet18,17layer,full,17,eyeriss,thesis_arch,1056,524,128,16,64,1,False,False,"Ill-posed constraints:
CONSTRAINTS VIOLATION: Arch: Eyeriss_Constrained_17L_tile1_64x16 -> Level: InRegister: memory footprint: 2584 VS memory available: 400
CONSTRAINTS VIOLATION: Arch: Eyeriss_Constrained_17L_tile1_64x16 -> Level: WRegister: memory footprint: 14325 VS memory available: 1800",0.000e+00,0.000e+00,0.00e+00,0,0.0,0.0,
resnet18_17layer_2026-02-21T06:46:40.969866,resnet18,17layer,full,17,eyeriss,thesis_arch,1056,524,128,16,128,1,False,False,"Ill-posed constraints:
CONSTRAINTS VIOLATION: Arch: Eyeriss_Constrained_17L_tile1_128x16 -> Level: InRegister: memory footprint: 2584 VS memory available: 400
CONSTRAINTS VIOLATION: Arch: Eyeriss_Constrained_17L_tile1_128x16 -> Level: WRegister: memory footprint: 7269 VS memory available: 1800",0.000e+00,0.000e+00,0.00e+00,0,0.0,0.0,
resnet18_17layer_2026-02-21T06:46:41.527342,resnet18,17layer,full,17,eyeriss,thesis_arch,1056,524,128,16,256,1,False,False,"Ill-posed constraints:
CONSTRAINTS VIOLATION: Arch: Eyeriss_Constrained_17L_tile1_256x16 -> Level: InRegister: memory footprint: 2584 VS memory available: 400
CONSTRAINTS VIOLATION: Arch: Eyeriss_Constrained_17L_tile1_256x16 -> Level: WRegister: memory footprint: 3909 VS memory available: 1800",0.000e+00,0.000e+00,0.00e+00,0,0.0,0.0,
resnet18_17layer_2026-02-21T06:46:42.670540,resnet18,17layer,full,17,eyeriss,thesis_arch,1056,524,128,16,512,1,False,False,"Ill-posed constraints:
CONSTRAINTS VIOLATION: Arch: Eyeriss_Constrained_17L_tile1_512x16 -> Level: InRegister: memory footprint: 2584 VS memory available: 400
CONSTRAINTS VIOLATION: Arch: Eyeriss_Constrained_17L_tile1_512x16 -> Level: WRegister: memory footprint: 2565 VS memory available: 1800",0.000e+00,0.000e+00,0.00e+00,0,0.0,0.0,
resnet18_17layer_2026-02-21T06:46:43.821702,resnet18,17layer,full,17,eyeriss,thesis_arch,1056,524,128,32,4,1,False,False,"Ill-posed constraints:
CONSTRAINTS VIOLATION: Arch: Eyeriss_Constrained_17L_tile1_4x32 -> Level: InRegister: memory footprint: 1286 VS memory available: 400
CONSTRAINTS VIOLATION: Arch: Eyeriss_Constrained_17L_tile1_4x32 -> Level: WRegister: memory footprint: 114544 VS memory available: 1800
CONSTRAINTS VIOLATION: Arch: Eyeriss_Constrained_17L_tile1_4x32 -> Level: IntermediateRegister: memory footprint: 848 VS memory available: 300
CONSTRAINTS VIOLATION: Arch: Eyeriss_Constrained_17L_tile1_4x32 -> Level: OutRegister: memory footprint: 128 VS memory available: 64",0.000e+00,0.000e+00,0.00e+00,0,0.0,0.0,
resnet18_17layer_2026-02-21T06:46:45.182645,resnet18,17layer,full,17,eyeriss,thesis_arch,1056,524,128,32,16,1,False,False,"Ill-posed constraints:
CONSTRAINTS VIOLATION: Arch: Eyeriss_Constrained_17L_tile1_16x32 -> Level: InRegister: memory footprint: 1286 VS memory available: 400
CONSTRAINTS VIOLATION: Arch: Eyeriss_Constrained_17L_tile1_16x32 -> Level: WRegister: memory footprint: 28636 VS memory available: 1800",0.000e+00,0.000e+00,0.00e+00,0,0.0,0.0,
resnet18_17layer_2026-02-21T06:46:46.129479,resnet18,17layer,full,17,eyeriss,thesis_arch,1056,524,128,32,32,1,False,False,"Ill-posed constraints:
CONSTRAINTS VIOLATION: Arch: Eyeriss_Constrained_17L_tile1_32x32 -> Level: InRegister: memory footprint: 1286 VS memory available: 400
CONSTRAINTS VIOLATION: Arch: Eyeriss_Constrained_17L_tile1_32x32 -> Level: WRegister: memory footprint: 14318 VS memory available: 1800",0.000e+00,0.000e+00,0.00e+00,0,0.0,0.0,
resnet18_17layer_2026-02-21T06:46:46.818482,resnet18,17layer,full,17,eyeriss,thesis_arch,1056,524,128,32,64,1,False,False,"Ill-posed constraints:
CONSTRAINTS VIOLATION: Arch: Eyeriss_Constrained_17L_tile1_64x32 -> Level: InRegister: memory footprint: 1286 VS memory available: 400
CONSTRAINTS VIOLATION: Arch: Eyeriss_Constrained_17L_tile1_64x32 -> Level: WRegister: memory footprint: 7159 VS memory available: 1800",0.000e+00,0.000e+00,0.00e+00,0,0.0,0.0,
resnet18_17layer_2026-02-21T06:46:47.669003,resnet18,17layer,full,17,eyeriss,thesis_arch,1056,524,128,32,128,1,False,False,"Ill-posed constraints:
CONSTRAINTS VIOLATION: Arch: Eyeriss_Constrained_17L_tile1_128x32 -> Level: InRegister: memory footprint: 1286 VS memory available: 400
CONSTRAINTS VIOLATION: Arch: Eyeriss_Constrained_17L_tile1_128x32 -> Level: WRegister: memory footprint: 3631 VS memory available: 1800",0.000e+00,0.000e+00,0.00e+00,0,0.0,0.0,
resnet18_17layer_2026-02-21T06:46:48.722093,resnet18,17layer,full,17,eyeriss,thesis_arch,1056,524,128,32,256,1,False,False,"Ill-posed constraints:
CONSTRAINTS VIOLATION: Arch: Eyeriss_Constrained_17L_tile1_256x32 -> Level: InRegister: memory footprint: 1286 VS memory available: 400
CONSTRAINTS VIOLATION: Arch: Eyeriss_Constrained_17L_tile1_256x32 -> Level: WRegister: memory footprint: 1951 VS memory available: 1800",0.000e+00,0.000e+00,0.00e+00,0,0.0,0.0,
resnet18_17layer_2026-02-21T06:46:49.642048,resnet18,17layer,full,17,eyeriss,thesis_arch,1056,524,128,32,512,1,False,False,"Ill-posed constraints:
CONSTRAINTS VIOLATION: Arch: Eyeriss_Constrained_17L_tile1_512x32 -> Level: InRegister: memory footprint: 1286 VS memory available: 400",0.000e+00,0.000e+00,0.00e+00,0,0.0,0.0,
resnet18_17layer_2026-02-21T06:46:51.267619,resnet18,17layer,full,17,eyeriss,thesis_arch,1056,524,128,64,4,1,False,False,"Ill-posed constraints:
CONSTRAINTS VIOLATION: Arch: Eyeriss_Constrained_17L_tile1_4x64 -> Level: InRegister: memory footprint: 650 VS memory available: 400
CONSTRAINTS VIOLATION: Arch: Eyeriss_Constrained_17L_tile1_4x64 -> Level: WRegister: memory footprint: 57272 VS memory available: 1800
CONSTRAINTS VIOLATION: Arch: Eyeriss_Constrained_17L_tile1_4x64 -> Level: IntermediateRegister: memory footprint: 840 VS memory available: 300
CONSTRAINTS VIOLATION: Arch: Eyeriss_Constrained_17L_tile1_4x64 -> Level: OutRegister: memory footprint: 128 VS memory available: 64",0.000e+00,0.000e+00,0.00e+00,0,0.0,0.0,
resnet18_17layer_2026-02-21T06:46:51.972665,resnet18,17layer,full,17,eyeriss,thesis_arch,1056,524,128,64,16,1,False,False,"Ill-posed constraints:
CONSTRAINTS VIOLATION: Arch: Eyeriss_Constrained_17L_tile1_16x64 -> Level: InRegister: memory footprint: 650 VS memory available: 400
CONSTRAINTS VIOLATION: Arch: Eyeriss_Constrained_17L_tile1_16x64 -> Level: WRegister: memory footprint: 14318 VS memory available: 1800",0.000e+00,0.000e+00,0.00e+00,0,0.0,0.0,
resnet18_17layer_2026-02-21T06:46:52.753453,resnet18,17layer,full,17,eyeriss,thesis_arch,1056,524,128,64,32,1,False,False,"Ill-posed constraints:
CONSTRAINTS VIOLATION: Arch: Eyeriss_Constrained_17L_tile1_32x64 -> Level: InRegister: memory footprint: 650 VS memory available: 400
CONSTRAINTS VIOLATION: Arch: Eyeriss_Constrained_17L_tile1_32x64 -> Level: WRegister: memory footprint: 7159 VS memory available: 1800",0.000e+00,0.000e+00,0.00e+00,0,0.0,0.0,
resnet18_17layer_2026-02-21T06:46:53.636387,resnet18,17layer,full,17,eyeriss,thesis_arch,1056,524,128,64,64,1,False,False,"Ill-posed constraints:
CONSTRAINTS VIOLATION: Arch: Eyeriss_Constrained_17L_tile1_64x64 -> Level: InRegister: memory footprint: 650 VS memory available: 400
CONSTRAINTS VIOLATION: Arch: Eyeriss_Constrained_17L_tile1_64x64 -> Level: WRegister: memory footprint: 3583 VS memory available: 1800",0.000e+00,0.000e+00,0.00e+00,0,0.0,0.0,
resnet18_17layer_2026-02-21T06:46:54.684815,resnet18,17layer,full,17,eyeriss,thesis_arch,1056,524,128,64,128,1,False,False,"Ill-posed constraints:
CONSTRAINTS VIOLATION: Arch: Eyeriss_Constrained_17L_tile1_128x64 -> Level: InRegister: memory footprint: 650 VS memory available: 400
CONSTRAINTS VIOLATION: Arch: Eyeriss_Constrained_17L_tile1_128x64 -> Level: WRegister: memory footprint: 1819 VS memory available: 1800",0.000e+00,0.000e+00,0.00e+00,0,0.0,0.0,
resnet18_17layer_2026-02-21T06:46:55.386280,resnet18,17layer,full,17,eyeriss,thesis_arch,1056,524,128,64,256,1,False,False,"Ill-posed constraints:
CONSTRAINTS VIOLATION: Arch: Eyeriss_Constrained_17L_tile1_256x64 -> Level: InRegister: memory footprint: 650 VS memory available: 400",0.000e+00,0.000e+00,0.00e+00,0,0.0,0.0,
resnet18_17layer_2026-02-21T06:46:56.255526,resnet18,17layer,full,17,eyeriss,thesis_arch,1056,524,128,128,4,1,False,False,"Ill-posed constraints:
CONSTRAINTS VIOLATION: Arch: Eyeriss_Constrained_17L_tile1_4x128 -> Level: WRegister: memory footprint: 28636 VS memory available: 1800
CONSTRAINTS VIOLATION: Arch: Eyeriss_Constrained_17L_tile1_4x128 -> Level: IntermediateRegister: memory footprint: 836 VS memory available: 300
CONSTRAINTS VIOLATION: Arch: Eyeriss_Constrained_17L_tile1_4x128 -> Level: OutRegister: memory footprint: 128 VS memory available: 64",0.000e+00,0.000e+00,0.00e+00,0,0.0,0.0,
resnet18_17layer_2026-02-21T06:46:57.141655,resnet18,17layer,full,17,eyeriss,thesis_arch,1056,524,128,128,16,1,False,False,"Ill-posed constraints:
CONSTRAINTS VIOLATION: Arch: Eyeriss_Constrained_17L_tile1_16x128 -> Level: WRegister: memory footprint: 7159 VS memory available: 1800",0.000e+00,0.000e+00,0.00e+00,0,0.0,0.0,
resnet18_17layer_2026-02-21T06:46:58.259349,resnet18,17layer,full,17,eyeriss,thesis_arch,1056,524,128,128,32,1,False,False,"Ill-posed constraints:
CONSTRAINTS VIOLATION: Arch: Eyeriss_Constrained_17L_tile1_32x128 -> Level: WRegister: memory footprint: 3583 VS memory available: 1800",0.000e+00,0.000e+00,0.00e+00,0,0.0,0.0,
resnet18_17layer_2026-02-21T06:46:59.517379,resnet18,17layer,full,17,eyeriss,thesis_arch,1056,524,128,128,64,1,False,True,,6.850e+04,3.042e+06,2.13e+05,"(6045110464, 2543810304)",0.0016443321164842928,0.7404797077178955,DRAM[P=7 Q=7 Z16=1 C16=1 R16=1 S16=1 Y15=7 X15=7 Z15=1 C15=1 R15=1 S15=1 Y14=7 X14=7 Z14=1 C14=1 R14=1 S14=1 Y13=14 X13=14 Z13=1 C13=1 R13=1 S13=1 Y12=14 X12=14 Z12=1 C12=1 R12=1 S12=1 Y11=14 X11=14 Z11=1 C11=1 R11=1 S11=1 Y10=14 X10=14 Z10=1 C10=1 R10=1 S10=1 Y9=28 X9=28 Z9=1 C9=1 R9=1 S9=1 Y8=28 X8=28 Z8=1 C8=1 R8=1 S8=1 Y7=28 X7=28 Z7=1 C7=1 R7=1 S7=1 Y6=28 X6=28 Z6=1 C6=1 R6=1 S6=1 Y5=56 X5=56 Z5=1 C5=1 R5=1 S5=1 Y4=56 X4=56 Z4=1 C4=1 R4=1 S4=1 Y3=56 X3=56 Z3=1 C3=1 R3=1 S3=1 Y2=56 X2=56 Z2=1 C2=1 R2=1 S2=1 Y1=56 X1=56 Z1=1 C1=1 R1=1 S1=1 Y0=112 X0=112 Z0=1 C0=1 R0=1 S0=1] GlobalBuffer[P=1 Q=1 Z16=1 C16=1 R16=1 S16=1 Y15=1 X15=1 Z15=1 C15=1 R15=1 S15=1 Y14=1 X14=1 Z14=1 C14=1 R14=1 S14=1 Y13=1 X13=1 Z13=1 C13=1 R13=1 S13=1 Y12=1 X12=1 Z12=1 C12=1 R12=1 S12=1 Y11=1 X11=1 Z11=1 C11=1 R11=1 S11=1 Y10=1 X10=1 Z10=1 C10=1 R10=1 S10=1 Y9=1 X9=1 Z9=1 C9=1 R9=1 S9=1 Y8=1 X8=1 Z8=1 C8=1 R8=1 S8=1 Y7=1 X7=1 Z7=1 C7=1 R7=1 S7=1 Y6=1 X6=1 Z6=1 C6=1 R6=1 S6=1 Y5=1 X5=1 Z5=1 C5=1 R5=1 S5=1 Y4=1 X4=1 Z4=1 C4=1 R4=1 S4=1 Y3=1 X3=1 Z3=1 C3=1 R3=1 S3=1 Y2=1 X2=1 Z2=1 C2=1 R2=1 S2=1 Y1=1 X1=1 Z1=1 C1=1 R1=1 S1=1 Y0=1 X0=1 Z0=1 C0=1 R0=1 S0=1] SACols[Q=1 Z16=64] SARows[S16=3 C16=32 Z16=1] SACols_15[X15=1 Z15=64] SARows_15[S15=3 C15=32 Z15=1] SACols_14[X14=1 Z14=64] SARows_14[S14=3 C14=32 Z14=1] SACols_13[X13=1 Z13=64] SARows_13[S13=3 C13=32 Z13=1] SACols_12[X12=1 Z12=64] SARows_12[S12=3 C12=32 Z12=1] SACols_11[X11=1 Z11=64] SARows_11[S11=3 C11=32 Z11=1] SACols_10[X10=1 Z10=64] SARows_10[S10=3 C10=32 Z10=1] SACols_9[X9=1 Z9=64] SARows_9[S9=3 C9=32 Z9=1] SACols_8[X8=1 Z8=64] SARows_8[S8=3 C8=32 Z8=1] SACols_7[X7=1 Z7=64] SARows_7[S7=3 C7=32 Z7=1] SACols_6[X6=1 Z6=64] SARows_6[S6=3 C6=32 Z6=1] SACols_5[X5=1 Z5=64] SARows_5[S5=3 C5=32 Z5=1] SACols_4[X4=1 Z4=64] SARows_4[S4=3 C4=32 Z4=1] SACols_3[X3=1 Z3=64] SARows_3[S3=3 C3=32 Z3=1] SACols_2[X2=1 Z2=64] SARows_2[S2=3 C2=32 Z2=1] SACols_1[X1=1 Z1=64] SARows_1[S1=3 C1=32 Z1=1] SACols_0[X0=1 Z0=64] SARows_0[S0=7 C0=3 Z0=1] InRegister[P=1 Q=1 Z16=1 C16=1 R16=1 S16=1 Y15=1 X15=1 Z15=1 C15=1 R15=1 S15=1 Y14=1 X14=1 Z14=1 C14=1 R14=1 S14=1 Y13=1 X13=1 Z13=1 C13=1 R13=1 S13=1 Y12=1 X12=1 Z12=1 C12=1 R12=1 S12=1 Y11=1 X11=1 Z11=1 C11=1 R11=1 S11=1 Y10=1 X10=1 Z10=1 C10=1 R10=1 S10=1 Y9=1 X9=1 Z9=1 C9=1 R9=1 S9=1 Y8=1 X8=1 Z8=1 C8=1 R8=1 S8=1 Y7=1 X7=1 Z7=1 C7=1 R7=1 S7=1 Y6=1 X6=1 Z6=1 C6=1 R6=1 S6=1 Y5=1 X5=1 Z5=1 C5=1 R5=1 S5=1 Y4=1 X4=1 Z4=1 C4=1 R4=1 S4=1 Y3=1 X3=1 Z3=1 C3=1 R3=1 S3=1 Y2=1 X2=1 Z2=1 C2=1 R2=1 S2=1 Y1=1 X1=1 Z1=1 C1=1 R1=1 S1=1 Y0=1 X0=1 Z0=1 C0=1 R0=1 S0=1] WRegister[P=1 Q=1 Z16=1 C16=16 R16=3 S16=1 Y15=1 X15=1 Z15=1 C15=16 R15=3 S15=1 Y14=1 X14=1 Z14=1 C14=16 R14=3 S14=1 Y13=1 X13=1 Z13=1 C13=8 R13=3 S13=1 Y12=1 X12=1 Z12=1 C12=8 R12=3 S12=1 Y11=1 X11=1 Z11=1 C11=8 R11=3 S11=1 Y10=1 X10=1 Z10=1 C10=8 R10=3 S10=1 Y9=1 X9=1 Z9=1 C9=4 R9=3 S9=1 Y8=1 X8=1 Z8=1 C8=4 R8=3 S8=1 Y7=1 X7=1 Z7=1 C7=4 R7=3 S7=1 Y6=1 X6=1 Z6=1 C6=4 R6=3 S6=1 Y5=1 X5=1 Z5=1 C5=2 R5=3 S5=1 Y4=1 X4=1 Z4=1 C4=2 R4=3 S4=1 Y3=1 X3=1 Z3=1 C3=2 R3=3 S3=1 Y2=1 X2=1 Z2=1 C2=2 R2=3 S2=1 Y1=1 X1=1 Z1=1 C1=2 R1=3 S1=1 Y0=1 X0=1 Z0=1 C0=1 R0=7 S0=1] IntermediateRegister[P=1 Q=1 Z16=1 C16=1 R16=1 S16=1 Y15=1 X15=1 Z15=8 C15=1 R15=1 S15=1 Y14=1 X14=1 Z14=8 C14=1 R14=1 S14=1 Y13=1 X13=1 Z13=8 C13=1 R13=1 S13=1 Y12=1 X12=1 Z12=4 C12=1 R12=1 S12=1 Y11=1 X11=1 Z11=4 C11=1 R11=1 S11=1 Y10=1 X10=1 Z10=4 C10=1 R10=1 S10=1 Y9=1 X9=1 Z9=4 C9=1 R9=1 S9=1 Y8=1 X8=1 Z8=2 C8=1 R8=1 S8=1 Y7=1 X7=1 Z7=2 C7=1 R7=1 S7=1 Y6=1 X6=1 Z6=2 C6=1 R6=1 S6=1 Y5=1 X5=1 Z5=2 C5=1 R5=1 S5=1 Y4=1 X4=1 Z4=1 C4=1 R4=1 S4=1 Y3=1 X3=1 Z3=1 C3=1 R3=1 S3=1 Y2=1 X2=1 Z2=1 C2=1 R2=1 S2=1 Y1=1 X1=1 Z1=1 C1=1 R1=1 S1=1 Y0=1 X0=1 Z0=1 C0=1 R0=1 S0=1] OutRegister[P=1 Q=1 Z16=8 C16=1 R16=1 S16=1 Y15=1 X15=1 Z15=1 C15=1 R15=1 S15=1 Y14=1 X14=1 Z14=1 C14=1 R14=1 S14=1 Y13=1 X13=1 Z13=1 C13=1 R13=1 S13=1 Y12=1 X12=1 Z12=1 C12=1 R12=1 S12=1 Y11=1 X11=1 Z11=1 C11=1 R11=1 S11=1 Y10=1 X10=1 Z10=1 C10=1 R10=1 S10=1 Y9=1 X9=1 Z9=1 C9=1 R9=1 S9=1 Y8=1 X8=1 Z8=1 C8=1 R8=1 S8=1 Y7=1 X7=1 Z7=1 C7=1 R7=1 S7=1 Y6=1 X6=1 Z6=1 C6=1 R6=1 S6=1 Y5=1 X5=1 Z5=1 C5=1 R5=1 S5=1 Y4=1 X4=1 Z4=1 C4=1 R4=1 S4=1 Y3=1 X3=1 Z3=1 C3=1 R3=1 S3=1 Y2=1 X2=1 Z2=1 C2=1 R2=1 S2=1 Y1=1 X1=1 Z1=1 C1=1 R1=1 S1=1 Y0=1 X0=1 Z0=1 C0=1 R0=1 S0=1] Compute] 
resnet18_17layer_2026-02-21T06:47:01.201241,resnet18,17layer,full,17,eyeriss,thesis_arch,1056,524,128,128,128,1,False,True,,7.070e+04,3.042e+06,2.22e+05,"(6536433856, 2543810304)",5.138537864013415e-05,0.8350067138671875,DRAM[P=7 Q=7 Z16=1 C16=1 R16=1 S16=1 Y15=7 X15=7 Z15=1 C15=1 R15=1 S15=1 Y14=7 X14=7 Z14=1 C14=1 R14=1 S14=1 Y13=14 X13=14 Z13=1 C13=1 R13=1 S13=1 Y12=14 X12=14 Z12=1 C12=1 R12=1 S12=1 Y11=14 X11=14 Z11=1 C11=1 R11=1 S11=1 Y10=14 X10=14 Z10=1 C10=1 R10=1 S10=1 Y9=28 X9=28 Z9=1 C9=1 R9=1 S9=1 Y8=28 X8=28 Z8=1 C8=1 R8=1 S8=1 Y7=28 X7=28 Z7=1 C7=1 R7=1 S7=1 Y6=28 X6=28 Z6=1 C6=1 R6=1 S6=1 Y5=56 X5=56 Z5=1 C5=1 R5=1 S5=1 Y4=56 X4=56 Z4=1 C4=1 R4=1 S4=1 Y3=56 X3=56 Z3=1 C3=1 R3=1 S3=1 Y2=56 X2=56 Z2=1 C2=1 R2=1 S2=1 Y1=56 X1=56 Z1=1 C1=1 R1=1 S1=1 Y0=112 X0=112 Z0=1 C0=1 R0=1 S0=1] GlobalBuffer[P=1 Q=1 Z16=1 C16=1 R16=1 S16=1 Y15=1 X15=1 Z15=1 C15=1 R15=1 S15=1 Y14=1 X14=1 Z14=1 C14=1 R14=1 S14=1 Y13=1 X13=1 Z13=1 C13=1 R13=1 S13=1 Y12=1 X12=1 Z12=1 C12=1 R12=1 S12=1 Y11=1 X11=1 Z11=1 C11=1 R11=1 S11=1 Y10=1 X10=1 Z10=1 C10=1 R10=1 S10=1 Y9=1 X9=1 Z9=1 C9=1 R9=1 S9=1 Y8=1 X8=1 Z8=1 C8=1 R8=1 S8=1 Y7=1 X7=1 Z7=1 C7=1 R7=1 S7=1 Y6=1 X6=1 Z6=1 C6=1 R6=1 S6=1 Y5=1 X5=1 Z5=1 C5=1 R5=1 S5=1 Y4=1 X4=1 Z4=1 C4=1 R4=1 S4=1 Y3=1 X3=1 Z3=1 C3=1 R3=1 S3=1 Y2=1 X2=1 Z2=1 C2=1 R2=1 S2=1 Y1=1 X1=1 Z1=1 C1=1 R1=1 S1=1 Y0=1 X0=1 Z0=1 C0=1 R0=1 S0=1] SACols[Q=1 Z16=128] SARows[S16=3 C16=32 Z16=1] SACols_15[X15=1 Z15=128] SARows_15[S15=3 C15=32 Z15=1] SACols_14[X14=1 Z14=128] SARows_14[S14=3 C14=32 Z14=1] SACols_13[X13=1 Z13=128] SARows_13[S13=3 C13=32 Z13=1] SACols_12[X12=1 Z12=128] SARows_12[S12=3 C12=32 Z12=1] SACols_11[X11=1 Z11=128] SARows_11[S11=3 C11=32 Z11=1] SACols_10[X10=1 Z10=128] SARows_10[S10=3 C10=32 Z10=1] SACols_9[X9=1 Z9=128] SARows_9[S9=3 C9=32 Z9=1] SACols_8[X8=1 Z8=128] SARows_8[S8=3 C8=32 Z8=1] SACols_7[X7=1 Z7=128] SARows_7[S7=3 C7=32 Z7=1] SACols_6[X6=1 Z6=128] SARows_6[S6=3 C6=32 Z6=1] SACols_5[X5=1 Z5=128] SARows_5[S5=3 C5=32 Z5=1] SACols_4[X4=1 Z4=64] SARows_4[S4=3 C4=32 Z4=1] SACols_3[X3=1 Z3=64] SARows_3[S3=3 C3=32 Z3=1] SACols_2[X2=1 Z2=64] SARows_2[S2=3 C2=32 Z2=1] SACols_1[X1=1 Z1=64] SARows_1[S1=3 C1=32 Z1=1] SACols_0[X0=1 Z0=64] SARows_0[S0=7 C0=3 Z0=1] InRegister[P=1 Q=1 Z16=1 C16=1 R16=1 S16=1 Y15=1 X15=1 Z15=1 C15=1 R15=1 S15=1 Y14=1 X14=1 Z14=1 C14=1 R14=1 S14=1 Y13=1 X13=1 Z13=1 C13=1 R13=1 S13=1 Y12=1 X12=1 Z12=1 C12=1 R12=1 S12=1 Y11=1 X11=1 Z11=1 C11=1 R11=1 S11=1 Y10=1 X10=1 Z10=1 C10=1 R10=1 S10=1 Y9=1 X9=1 Z9=1 C9=1 R9=1 S9=1 Y8=1 X8=1 Z8=1 C8=1 R8=1 S8=1 Y7=1 X7=1 Z7=1 C7=1 R7=1 S7=1 Y6=1 X6=1 Z6=1 C6=1 R6=1 S6=1 Y5=1 X5=1 Z5=1 C5=1 R5=1 S5=1 Y4=1 X4=1 Z4=1 C4=1 R4=1 S4=1 Y3=1 X3=1 Z3=1 C3=1 R3=1 S3=1 Y2=1 X2=1 Z2=1 C2=1 R2=1 S2=1 Y1=1 X1=1 Z1=1 C1=1 R1=1 S1=1 Y0=1 X0=1 Z0=1 C0=1 R0=1 S0=1] WRegister[P=1 Q=1 Z16=1 C16=16 R16=3 S16=1 Y15=1 X15=1 Z15=1 C15=16 R15=3 S15=1 Y14=1 X14=1 Z14=1 C14=16 R14=3 S14=1 Y13=1 X13=1 Z13=1 C13=8 R13=3 S13=1 Y12=1 X12=1 Z12=1 C12=8 R12=3 S12=1 Y11=1 X11=1 Z11=1 C11=8 R11=3 S11=1 Y10=1 X10=1 Z10=1 C10=8 R10=3 S10=1 Y9=1 X9=1 Z9=1 C9=4 R9=3 S9=1 Y8=1 X8=1 Z8=1 C8=4 R8=3 S8=1 Y7=1 X7=1 Z7=1 C7=4 R7=3 S7=1 Y6=1 X6=1 Z6=1 C6=4 R6=3 S6=1 Y5=1 X5=1 Z5=1 C5=2 R5=3 S5=1 Y4=1 X4=1 Z4=1 C4=2 R4=3 S4=1 Y3=1 X3=1 Z3=1 C3=2 R3=3 S3=1 Y2=1 X2=1 Z2=1 C2=2 R2=3 S2=1 Y1=1 X1=1 Z1=1 C1=2 R1=3 S1=1 Y0=1 X0=1 Z0=1 C0=1 R0=7 S0=1] IntermediateRegister[P=1 Q=1 Z16=1 C16=1 R16=1 S16=1 Y15=1 X15=1 Z15=4 C15=1 R15=1 S15=1 Y14=1 X14=1 Z14=4 C14=1 R14=1 S14=1 Y13=1 X13=1 Z13=4 C13=1 R13=1 S13=1 Y12=1 X12=1 Z12=2 C12=1 R12=1 S12=1 Y11=1 X11=1 Z11=2 C11=1 R11=1 S11=1 Y10=1 X10=1 Z10=2 C10=1 R10=1 S10=1 Y9=1 X9=1 Z9=2 C9=1 R9=1 S9=1 Y8=1 X8=1 Z8=1 C8=1 R8=1 S8=1 Y7=1 X7=1 Z7=1 C7=1 R7=1 S7=1 Y6=1 X6=1 Z6=1 C6=1 R6=1 S6=1 Y5=1 X5=1 Z5=1 C5=1 R5=1 S5=1 Y4=1 X4=1 Z4=1 C4=1 R4=1 S4=1 Y3=1 X3=1 Z3=1 C3=1 R3=1 S3=1 Y2=1 X2=1 Z2=1 C2=1 R2=1 S2=1 Y1=1 X1=1 Z1=1 C1=1 R1=1 S1=1 Y0=1 X0=1 Z0=1 C0=1 R0=1 S0=1] OutRegister[P=1 Q=1 Z16=4 C16=1 R16=1 S16=1 Y15=1 X15=1 Z15=1 C15=1 R15=1 S15=1 Y14=1 X14=1 Z14=1 C14=1 R14=1 S14=1 Y13=1 X13=1 Z13=1 C13=1 R13=1 S13=1 Y12=1 X12=1 Z12=1 C12=1 R12=1 S12=1 Y11=1 X11=1 Z11=1 C11=1 R11=1 S11=1 Y10=1 X10=1 Z10=1 C10=1 R10=1 S10=1 Y9=1 X9=1 Z9=1 C9=1 R9=1 S9=1 Y8=1 X8=1 Z8=1 C8=1 R8=1 S8=1 Y7=1 X7=1 Z7=1 C7=1 R7=1 S7=1 Y6=1 X6=1 Z6=1 C6=1 R6=1 S6=1 Y5=1 X5=1 Z5=1 C5=1 R5=1 S5=1 Y4=1 X4=1 Z4=1 C4=1 R4=1 S4=1 Y3=1 X3=1 Z3=1 C3=1 R3=1 S3=1 Y2=1 X2=1 Z2=1 C2=1 R2=1 S2=1 Y1=1 X1=1 Z1=1 C1=1 R1=1 S1=1 Y0=1 X0=1 Z0=1 C0=1 R0=1 S0=1] Compute] 
resnet18_17layer_2026-02-21T06:47:02.684013,resnet18,17layer,full,17,eyeriss,thesis_arch,1056,524,128,256,4,1,False,False,"Ill-posed constraints:
CONSTRAINTS VIOLATION: Arch: Eyeriss_Constrained_17L_tile1_4x256 -> Level: WRegister: memory footprint: 14318 VS memory available: 1800
CONSTRAINTS VIOLATION: Arch: Eyeriss_Constrained_17L_tile1_4x256 -> Level: IntermediateRegister: memory footprint: 834 VS memory available: 300
CONSTRAINTS VIOLATION: Arch: Eyeriss_Constrained_17L_tile1_4x256 -> Level: OutRegister: memory footprint: 128 VS memory available: 64",0.000e+00,0.000e+00,0.00e+00,0,0.0,0.0,
resnet18_17layer_2026-02-21T06:47:03.254818,resnet18,17layer,full,17,eyeriss,thesis_arch,1056,524,128,256,16,1,False,False,"Ill-posed constraints:
CONSTRAINTS VIOLATION: Arch: Eyeriss_Constrained_17L_tile1_16x256 -> Level: WRegister: memory footprint: 3583 VS memory available: 1800",0.000e+00,0.000e+00,0.00e+00,0,0.0,0.0,
resnet18_17layer_2026-02-21T06:47:03.956082,resnet18,17layer,full,17,eyeriss,thesis_arch,1056,524,128,256,32,1,False,True,,6.767e+04,3.042e+06,2.09e+05,"(5760913600, 2736486144)",0.0016443321164842928,1.0886387825012207,DRAM[P=7 Q=7 Z16=1 C16=1 R16=1 S16=1 Y15=7 X15=7 Z15=1 C15=1 R15=1 S15=1 Y14=7 X14=7 Z14=1 C14=1 R14=1 S14=1 Y13=14 X13=14 Z13=1 C13=1 R13=1 S13=1 Y12=14 X12=14 Z12=1 C12=1 R12=1 S12=1 Y11=14 X11=14 Z11=1 C11=1 R11=1 S11=1 Y10=14 X10=14 Z10=1 C10=1 R10=1 S10=1 Y9=28 X9=28 Z9=1 C9=1 R9=1 S9=1 Y8=28 X8=28 Z8=1 C8=1 R8=1 S8=1 Y7=28 X7=28 Z7=1 C7=1 R7=1 S7=1 Y6=28 X6=28 Z6=1 C6=1 R6=1 S6=1 Y5=56 X5=56 Z5=1 C5=1 R5=1 S5=1 Y4=56 X4=56 Z4=1 C4=1 R4=1 S4=1 Y3=56 X3=56 Z3=1 C3=1 R3=1 S3=1 Y2=56 X2=56 Z2=1 C2=1 R2=1 S2=1 Y1=56 X1=56 Z1=1 C1=1 R1=1 S1=1 Y0=112 X0=112 Z0=1 C0=1 R0=1 S0=1] GlobalBuffer[P=1 Q=1 Z16=1 C16=1 R16=1 S16=1 Y15=1 X15=1 Z15=1 C15=1 R15=1 S15=1 Y14=1 X14=1 Z14=1 C14=1 R14=1 S14=1 Y13=1 X13=1 Z13=1 C13=1 R13=1 S13=1 Y12=1 X12=1 Z12=1 C12=1 R12=1 S12=1 Y11=1 X11=1 Z11=1 C11=1 R11=1 S11=1 Y10=1 X10=1 Z10=1 C10=1 R10=1 S10=1 Y9=1 X9=1 Z9=1 C9=1 R9=1 S9=1 Y8=1 X8=1 Z8=1 C8=1 R8=1 S8=1 Y7=1 X7=1 Z7=1 C7=1 R7=1 S7=1 Y6=1 X6=1 Z6=1 C6=1 R6=1 S6=1 Y5=1 X5=1 Z5=1 C5=1 R5=1 S5=1 Y4=1 X4=1 Z4=1 C4=1 R4=1 S4=1 Y3=1 X3=1 Z3=1 C3=1 R3=1 S3=1 Y2=1 X2=1 Z2=1 C2=1 R2=1 S2=1 Y1=1 X1=1 Z1=1 C1=1 R1=1 S1=1 Y0=1 X0=1 Z0=1 C0=1 R0=1 S0=1] SACols[Q=1 Z16=32] SARows[S16=3 C16=64 Z16=1] SACols_15[X15=1 Z15=32] SARows_15[S15=3 C15=64 Z15=1] SACols_14[X14=1 Z14=32] SARows_14[S14=3 C14=64 Z14=1] SACols_13[X13=1 Z13=32] SARows_13[S13=3 C13=64 Z13=1] SACols_12[X12=1 Z12=32] SARows_12[S12=3 C12=64 Z12=1] SACols_11[X11=1 Z11=32] SARows_11[S11=3 C11=64 Z11=1] SACols_10[X10=1 Z10=32] SARows_10[S10=3 C10=64 Z10=1] SACols_9[X9=1 Z9=32] SARows_9[S9=3 C9=64 Z9=1] SACols_8[X8=1 Z8=32] SARows_8[S8=3 C8=64 Z8=1] SACols_7[X7=1 Z7=32] SARows_7[S7=3 C7=64 Z7=1] SACols_6[X6=1 Z6=32] SARows_6[S6=3 C6=64 Z6=1] SACols_5[X5=1 Z5=32] SARows_5[S5=3 C5=64 Z5=1] SACols_4[X4=1 Z4=32] SARows_4[S4=3 C4=64 Z4=1] SACols_3[X3=1 Z3=32] SARows_3[S3=3 C3=64 Z3=1] SACols_2[X2=1 Z2=32] SARows_2[S2=3 C2=64 Z2=1] SACols_1[X1=1 Z1=32] SARows_1[S1=3 C1=64 Z1=1] SACols_0[X0=1 Z0=32] SARows_0[S0=7 C0=3 Z0=2] InRegister[P=1 Q=1 Z16=1 C16=1 R16=1 S16=1 Y15=1 X15=1 Z15=1 C15=1 R15=1 S15=1 Y14=1 X14=1 Z14=1 C14=1 R14=1 S14=1 Y13=1 X13=1 Z13=1 C13=1 R13=1 S13=1 Y12=1 X12=1 Z12=1 C12=1 R12=1 S12=1 Y11=1 X11=1 Z11=1 C11=1 R11=1 S11=1 Y10=1 X10=1 Z10=1 C10=1 R10=1 S10=1 Y9=1 X9=1 Z9=1 C9=1 R9=1 S9=1 Y8=1 X8=1 Z8=1 C8=1 R8=1 S8=1 Y7=1 X7=1 Z7=1 C7=1 R7=1 S7=1 Y6=1 X6=1 Z6=1 C6=1 R6=1 S6=1 Y5=1 X5=1 Z5=1 C5=1 R5=1 S5=1 Y4=1 X4=1 Z4=1 C4=1 R4=1 S4=1 Y3=1 X3=1 Z3=1 C3=1 R3=1 S3=1 Y2=1 X2=1 Z2=1 C2=1 R2=1 S2=1 Y1=1 X1=1 Z1=1 C1=1 R1=1 S1=1 Y0=1 X0=1 Z0=1 C0=1 R0=1 S0=1] WRegister[P=1 Q=1 Z16=1 C16=8 R16=3 S16=1 Y15=1 X15=1 Z15=1 C15=8 R15=3 S15=1 Y14=1 X14=1 Z14=1 C14=8 R14=3 S14=1 Y13=1 X13=1 Z13=1 C13=4 R13=3 S13=1 Y12=1 X12=1 Z12=1 C12=4 R12=3 S12=1 Y11=1 X11=1 Z11=1 C11=4 R11=3 S11=1 Y10=1 X10=1 Z10=1 C10=4 R10=3 S10=1 Y9=1 X9=1 Z9=1 C9=2 R9=3 S9=1 Y8=1 X8=1 Z8=1 C8=2 R8=3 S8=1 Y7=1 X7=1 Z7=1 C7=2 R7=3 S7=1 Y6=1 X6=1 Z6=1 C6=2 R6=3 S6=1 Y5=1 X5=1 Z5=1 C5=1 R5=3 S5=1 Y4=1 X4=1 Z4=1 C4=1 R4=3 S4=1 Y3=1 X3=1 Z3=1 C3=1 R3=3 S3=1 Y2=1 X2=1 Z2=1 C2=1 R2=3 S2=1 Y1=1 X1=1 Z1=1 C1=1 R1=3 S1=1 Y0=1 X0=1 Z0=1 C0=1 R0=7 S0=1] IntermediateRegister[P=1 Q=1 Z16=1 C16=1 R16=1 S16=1 Y15=1 X15=1 Z15=16 C15=1 R15=1 S15=1 Y14=1 X14=1 Z14=16 C14=1 R14=1 S14=1 Y13=1 X13=1 Z13=16 C13=1 R13=1 S13=1 Y12=1 X12=1 Z12=8 C12=1 R12=1 S12=1 Y11=1 X11=1 Z11=8 C11=1 R11=1 S11=1 Y10=1 X10=1 Z10=8 C10=1 R10=1 S10=1 Y9=1 X9=1 Z9=8 C9=1 R9=1 S9=1 Y8=1 X8=1 Z8=4 C8=1 R8=1 S8=1 Y7=1 X7=1 Z7=4 C7=1 R7=1 S7=1 Y6=1 X6=1 Z6=4 C6=1 R6=1 S6=1 Y5=1 X5=1 Z5=4 C5=1 R5=1 S5=1 Y4=1 X4=1 Z4=2 C4=1 R4=1 S4=1 Y3=1 X3=1 Z3=2 C3=1 R3=1 S3=1 Y2=1 X2=1 Z2=2 C2=1 R2=1 S2=1 Y1=1 X1=1 Z1=2 C1=1 R1=1 S1=1 Y0=1 X0=1 Z0=1 C0=1 R0=1 S0=1] OutRegister[P=1 Q=1 Z16=16 C16=1 R16=1 S16=1 Y15=1 X15=1 Z15=1 C15=1 R15=1 S15=1 Y14=1 X14=1 Z14=1 C14=1 R14=1 S14=1 Y13=1 X13=1 Z13=1 C13=1 R13=1 S13=1 Y12=1 X12=1 Z12=1 C12=1 R12=1 S12=1 Y11=1 X11=1 Z11=1 C11=1 R11=1 S11=1 Y10=1 X10=1 Z10=1 C10=1 R10=1 S10=1 Y9=1 X9=1 Z9=1 C9=1 R9=1 S9=1 Y8=1 X8=1 Z8=1 C8=1 R8=1 S8=1 Y7=1 X7=1 Z7=1 C7=1 R7=1 S7=1 Y6=1 X6=1 Z6=1 C6=1 R6=1 S6=1 Y5=1 X5=1 Z5=1 C5=1 R5=1 S5=1 Y4=1 X4=1 Z4=1 C4=1 R4=1 S4=1 Y3=1 X3=1 Z3=1 C3=1 R3=1 S3=1 Y2=1 X2=1 Z2=1 C2=1 R2=1 S2=1 Y1=1 X1=1 Z1=1 C1=1 R1=1 S1=1 Y0=1 X0=1 Z0=1 C0=1 R0=1 S0=1] Compute] 
resnet18_17layer_2026-02-21T06:47:05.925590,resnet18,17layer,full,17,eyeriss,thesis_arch,1056,524,128,256,64,1,False,True,,6.980e+04,3.042e+06,2.17e+05,"(6237786304, 2736486144)",0.0008221660582421464,1.0454809665679932,DRAM[P=7 Q=7 Z16=1 C16=1 R16=1 S16=1 Y15=7 X15=7 Z15=1 C15=1 R15=1 S15=1 Y14=7 X14=7 Z14=1 C14=1 R14=1 S14=1 Y13=14 X13=14 Z13=1 C13=1 R13=1 S13=1 Y12=14 X12=14 Z12=1 C12=1 R12=1 S12=1 Y11=14 X11=14 Z11=1 C11=1 R11=1 S11=1 Y10=14 X10=14 Z10=1 C10=1 R10=1 S10=1 Y9=28 X9=28 Z9=1 C9=1 R9=1 S9=1 Y8=28 X8=28 Z8=1 C8=1 R8=1 S8=1 Y7=28 X7=28 Z7=1 C7=1 R7=1 S7=1 Y6=28 X6=28 Z6=1 C6=1 R6=1 S6=1 Y5=56 X5=56 Z5=1 C5=1 R5=1 S5=1 Y4=56 X4=56 Z4=1 C4=1 R4=1 S4=1 Y3=56 X3=56 Z3=1 C3=1 R3=1 S3=1 Y2=56 X2=56 Z2=1 C2=1 R2=1 S2=1 Y1=56 X1=56 Z1=1 C1=1 R1=1 S1=1 Y0=112 X0=112 Z0=1 C0=1 R0=1 S0=1] GlobalBuffer[P=1 Q=1 Z16=1 C16=1 R16=1 S16=1 Y15=1 X15=1 Z15=1 C15=1 R15=1 S15=1 Y14=1 X14=1 Z14=1 C14=1 R14=1 S14=1 Y13=1 X13=1 Z13=1 C13=1 R13=1 S13=1 Y12=1 X12=1 Z12=1 C12=1 R12=1 S12=1 Y11=1 X11=1 Z11=1 C11=1 R11=1 S11=1 Y10=1 X10=1 Z10=1 C10=1 R10=1 S10=1 Y9=1 X9=1 Z9=1 C9=1 R9=1 S9=1 Y8=1 X8=1 Z8=1 C8=1 R8=1 S8=1 Y7=1 X7=1 Z7=1 C7=1 R7=1 S7=1 Y6=1 X6=1 Z6=1 C6=1 R6=1 S6=1 Y5=1 X5=1 Z5=1 C5=1 R5=1 S5=1 Y4=1 X4=1 Z4=1 C4=1 R4=1 S4=1 Y3=1 X3=1 Z3=1 C3=1 R3=1 S3=1 Y2=1 X2=1 Z2=1 C2=1 R2=1 S2=1 Y1=1 X1=1 Z1=1 C1=1 R1=1 S1=1 Y0=1 X0=1 Z0=1 C0=1 R0=1 S0=1] SACols[Q=1 Z16=64] SARows[S16=3 C16=64 Z16=1] SACols_15[X15=1 Z15=64] SARows_15[S15=3 C15=64 Z15=1] SACols_14[X14=1 Z14=64] SARows_14[S14=3 C14=64 Z14=1] SACols_13[X13=1 Z13=64] SARows_13[S13=3 C13=64 Z13=1] SACols_12[X12=1 Z12=64] SARows_12[S12=3 C12=64 Z12=1] SACols_11[X11=1 Z11=64] SARows_11[S11=3 C11=64 Z11=1] SACols_10[X10=1 Z10=64] SARows_10[S10=3 C10=64 Z10=1] SACols_9[X9=1 Z9=64] SARows_9[S9=3 C9=64 Z9=1] SACols_8[X8=1 Z8=64] SARows_8[S8=3 C8=64 Z8=1] SACols_7[X7=1 Z7=64] SARows_7[S7=3 C7=64 Z7=1] SACols_6[X6=1 Z6=64] SARows_6[S6=3 C6=64 Z6=1] SACols_5[X5=1 Z5=64] SARows_5[S5=3 C5=64 Z5=1] SACols_4[X4=1 Z4=64] SARows_4[S4=3 C4=64 Z4=1] SACols_3[X3=1 Z3=64] SARows_3[S3=3 C3=64 Z3=1] SACols_2[X2=1 Z2=64] SARows_2[S2=3 C2=64 Z2=1] SACols_1[X1=1 Z1=64] SARows_1[S1=3 C1=64 Z1=1] SACols_0[X0=1 Z0=64] SARows_0[S0=7 C0=3 Z0=1] InRegister[P=1 Q=1 Z16=1 C16=1 R16=1 S16=1 Y15=1 X15=1 Z15=1 C15=1 R15=1 S15=1 Y14=1 X14=1 Z14=1 C14=1 R14=1 S14=1 Y13=1 X13=1 Z13=1 C13=1 R13=1 S13=1 Y12=1 X12=1 Z12=1 C12=1 R12=1 S12=1 Y11=1 X11=1 Z11=1 C11=1 R11=1 S11=1 Y10=1 X10=1 Z10=1 C10=1 R10=1 S10=1 Y9=1 X9=1 Z9=1 C9=1 R9=1 S9=1 Y8=1 X8=1 Z8=1 C8=1 R8=1 S8=1 Y7=1 X7=1 Z7=1 C7=1 R7=1 S7=1 Y6=1 X6=1 Z6=1 C6=1 R6=1 S6=1 Y5=1 X5=1 Z5=1 C5=1 R5=1 S5=1 Y4=1 X4=1 Z4=1 C4=1 R4=1 S4=1 Y3=1 X3=1 Z3=1 C3=1 R3=1 S3=1 Y2=1 X2=1 Z2=1 C2=1 R2=1 S2=1 Y1=1 X1=1 Z1=1 C1=1 R1=1 S1=1 Y0=1 X0=1 Z0=1 C0=1 R0=1 S0=1] WRegister[P=1 Q=1 Z16=1 C16=8 R16=3 S16=1 Y15=1 X15=1 Z15=1 C15=8 R15=3 S15=1 Y14=1 X14=1 Z14=1 C14=8 R14=3 S14=1 Y13=1 X13=1 Z13=1 C13=4 R13=3 S13=1 Y12=1 X12=1 Z12=1 C12=4 R12=3 S12=1 Y11=1 X11=1 Z11=1 C11=4 R11=3 S11=1 Y10=1 X10=1 Z10=1 C10=4 R10=3 S10=1 Y9=1 X9=1 Z9=1 C9=2 R9=3 S9=1 Y8=1 X8=1 Z8=1 C8=2 R8=3 S8=1 Y7=1 X7=1 Z7=1 C7=2 R7=3 S7=1 Y6=1 X6=1 Z6=1 C6=2 R6=3 S6=1 Y5=1 X5=1 Z5=1 C5=1 R5=3 S5=1 Y4=1 X4=1 Z4=1 C4=1 R4=3 S4=1 Y3=1 X3=1 Z3=1 C3=1 R3=3 S3=1 Y2=1 X2=1 Z2=1 C2=1 R2=3 S2=1 Y1=1 X1=1 Z1=1 C1=1 R1=3 S1=1 Y0=1 X0=1 Z0=1 C0=1 R0=7 S0=1] IntermediateRegister[P=1 Q=1 Z16=1 C16=1 R16=1 S16=1 Y15=1 X15=1 Z15=8 C15=1 R15=1 S15=1 Y14=1 X14=1 Z14=8 C14=1 R14=1 S14=1 Y13=1 X13=1 Z13=8 C13=1 R13=1 S13=1 Y12=1 X12=1 Z12=4 C12=1 R12=1 S12=1 Y11=1 X11=1 Z11=4 C11=1 R11=1 S11=1 Y10=1 X10=1 Z10=4 C10=1 R10=1 S10=1 Y9=1 X9=1 Z9=4 C9=1 R9=1 S9=1 Y8=1 X8=1 Z8=2 C8=1 R8=1 S8=1 Y7=1 X7=1 Z7=2 C7=1 R7=1 S7=1 Y6=1 X6=1 Z6=2 C6=1 R6=1 S6=1 Y5=1 X5=1 Z5=2 C5=1 R5=1 S5=1 Y4=1 X4=1 Z4=1 C4=1 R4=1 S4=1 Y3=1 X3=1 Z3=1 C3=1 R3=1 S3=1 Y2=1 X2=1 Z2=1 C2=1 R2=1 S2=1 Y1=1 X1=1 Z1=1 C1=1 R1=1 S1=1 Y0=1 X0=1 Z0=1 C0=1 R0=1 S0=1] OutRegister[P=1 Q=1 Z16=8 C16=1 R16=1 S16=1 Y15=1 X15=1 Z15=1 C15=1 R15=1 S15=1 Y14=1 X14=1 Z14=1 C14=1 R14=1 S14=1 Y13=1 X13=1 Z13=1 C13=1 R13=1 S13=1 Y12=1 X12=1 Z12=1 C12=1 R12=1 S12=1 Y11=1 X11=1 Z11=1 C11=1 R11=1 S11=1 Y10=1 X10=1 Z10=1 C10=1 R10=1 S10=1 Y9=1 X9=1 Z9=1 C9=1 R9=1 S9=1 Y8=1 X8=1 Z8=1 C8=1 R8=1 S8=1 Y7=1 X7=1 Z7=1 C7=1 R7=1 S7=1 Y6=1 X6=1 Z6=1 C6=1 R6=1 S6=1 Y5=1 X5=1 Z5=1 C5=1 R5=1 S5=1 Y4=1 X4=1 Z4=1 C4=1 R4=1 S4=1 Y3=1 X3=1 Z3=1 C3=1 R3=1 S3=1 Y2=1 X2=1 Z2=1 C2=1 R2=1 S2=1 Y1=1 X1=1 Z1=1 C1=1 R1=1 S1=1 Y0=1 X0=1 Z0=1 C0=1 R0=1 S0=1] Compute] 
resnet18_17layer_2026-02-21T06:47:07.710855,resnet18,17layer,full,17,eyeriss,thesis_arch,1056,524,128,512,4,1,False,False,"Ill-posed constraints:
CONSTRAINTS VIOLATION: Arch: Eyeriss_Constrained_17L_tile1_4x512 -> Level: WRegister: memory footprint: 7159 VS memory available: 1800
CONSTRAINTS VIOLATION: Arch: Eyeriss_Constrained_17L_tile1_4x512 -> Level: IntermediateRegister: memory footprint: 785 VS memory available: 300
CONSTRAINTS VIOLATION: Arch: Eyeriss_Constrained_17L_tile1_4x512 -> Level: OutRegister: memory footprint: 128 VS memory available: 64",0.000e+00,0.000e+00,0.00e+00,0,0.0,0.0,
resnet18_17layer_2026-02-21T06:47:08.543133,resnet18,17layer,full,17,eyeriss,thesis_arch,1056,524,128,512,16,1,False,True,,6.829e+04,3.042e+06,2.10e+05,"(5821124800, 2890626816)",0.0016443321164842928,1.107334852218628,DRAM[P=7 Q=7 Z16=1 C16=1 R16=1 S16=1 Y15=7 X15=7 Z15=1 C15=1 R15=1 S15=1 Y14=7 X14=7 Z14=1 C14=1 R14=1 S14=1 Y13=14 X13=14 Z13=1 C13=1 R13=1 S13=1 Y12=14 X12=14 Z12=1 C12=1 R12=1 S12=1 Y11=14 X11=14 Z11=1 C11=1 R11=1 S11=1 Y10=14 X10=14 Z10=1 C10=1 R10=1 S10=1 Y9=28 X9=28 Z9=1 C9=1 R9=1 S9=1 Y8=28 X8=28 Z8=1 C8=1 R8=1 S8=1 Y7=28 X7=28 Z7=1 C7=1 R7=1 S7=1 Y6=28 X6=28 Z6=1 C6=1 R6=1 S6=1 Y5=56 X5=56 Z5=1 C5=1 R5=1 S5=1 Y4=56 X4=56 Z4=1 C4=1 R4=1 S4=1 Y3=56 X3=56 Z3=1 C3=1 R3=1 S3=1 Y2=56 X2=56 Z2=1 C2=1 R2=1 S2=1 Y1=56 X1=56 Z1=1 C1=1 R1=1 S1=1 Y0=112 X0=112 Z0=1 C0=1 R0=1 S0=1] GlobalBuffer[P=1 Q=1 Z16=1 C16=1 R16=1 S16=1 Y15=1 X15=1 Z15=1 C15=1 R15=1 S15=1 Y14=1 X14=1 Z14=1 C14=1 R14=1 S14=1 Y13=1 X13=1 Z13=1 C13=1 R13=1 S13=1 Y12=1 X12=1 Z12=1 C12=1 R12=1 S12=1 Y11=1 X11=1 Z11=1 C11=1 R11=1 S11=1 Y10=1 X10=1 Z10=1 C10=1 R10=1 S10=1 Y9=1 X9=1 Z9=1 C9=1 R9=1 S9=1 Y8=1 X8=1 Z8=1 C8=1 R8=1 S8=1 Y7=1 X7=1 Z7=1 C7=1 R7=1 S7=1 Y6=1 X6=1 Z6=1 C6=1 R6=1 S6=1 Y5=1 X5=1 Z5=1 C5=1 R5=1 S5=1 Y4=1 X4=1 Z4=1 C4=1 R4=1 S4=1 Y3=1 X3=1 Z3=1 C3=1 R3=1 S3=1 Y2=1 X2=1 Z2=1 C2=1 R2=1 S2=1 Y1=1 X1=1 Z1=1 C1=1 R1=1 S1=1 Y0=1 X0=1 Z0=1 C0=1 R0=1 S0=1] SACols[Q=1 Z16=16] SARows[S16=3 C16=128 Z16=1] SACols_15[X15=1 Z15=16] SARows_15[S15=3 C15=128 Z15=1] SACols_14[X14=1 Z14=16] SARows_14[S14=3 C14=128 Z14=1] SACols_13[X13=1 Z13=16] SARows_13[S13=3 C13=128 Z13=1] SACols_12[X12=1 Z12=16] SARows_12[S12=3 C12=128 Z12=1] SACols_11[X11=1 Z11=16] SARows_11[S11=3 C11=128 Z11=1] SACols_10[X10=1 Z10=16] SARows_10[S10=3 C10=128 Z10=1] SACols_9[X9=1 Z9=16] SARows_9[S9=3 C9=128 Z9=1] SACols_8[X8=1 Z8=16] SARows_8[S8=3 C8=128 Z8=1] SACols_7[X7=1 Z7=16] SARows_7[S7=3 C7=128 Z7=1] SACols_6[X6=1 Z6=16] SARows_6[S6=3 C6=128 Z6=1] SACols_5[X5=1 Z5=16] SARows_5[S5=3 C5=64 Z5=2] SACols_4[X4=1 Z4=16] SARows_4[S4=3 C4=64 Z4=2] SACols_3[X3=1 Z3=16] SARows_3[S3=3 C3=64 Z3=2] SACols_2[X2=1 Z2=16] SARows_2[S2=3 C2=64 Z2=2] SACols_1[X1=1 Z1=16] SARows_1[S1=3 C1=64 Z1=2] SACols_0[X0=1 Z0=16] SARows_0[S0=7 C0=3 Z0=4] InRegister[P=1 Q=1 Z16=1 C16=1 R16=1 S16=1 Y15=1 X15=1 Z15=1 C15=1 R15=1 S15=1 Y14=1 X14=1 Z14=1 C14=1 R14=1 S14=1 Y13=1 X13=1 Z13=1 C13=1 R13=1 S13=1 Y12=1 X12=1 Z12=1 C12=1 R12=1 S12=1 Y11=1 X11=1 Z11=1 C11=1 R11=1 S11=1 Y10=1 X10=1 Z10=1 C10=1 R10=1 S10=1 Y9=1 X9=1 Z9=1 C9=1 R9=1 S9=1 Y8=1 X8=1 Z8=1 C8=1 R8=1 S8=1 Y7=1 X7=1 Z7=1 C7=1 R7=1 S7=1 Y6=1 X6=1 Z6=1 C6=1 R6=1 S6=1 Y5=1 X5=1 Z5=1 C5=1 R5=1 S5=1 Y4=1 X4=1 Z4=1 C4=1 R4=1 S4=1 Y3=1 X3=1 Z3=1 C3=1 R3=1 S3=1 Y2=1 X2=1 Z2=1 C2=1 R2=1 S2=1 Y1=1 X1=1 Z1=1 C1=1 R1=1 S1=1 Y0=1 X0=1 Z0=1 C0=1 R0=1 S0=1] WRegister[P=1 Q=1 Z16=1 C16=4 R16=3 S16=1 Y15=1 X15=1 Z15=1 C15=4 R15=3 S15=1 Y14=1 X14=1 Z14=1 C14=4 R14=3 S14=1 Y13=1 X13=1 Z13=1 C13=2 R13=3 S13=1 Y12=1 X12=1 Z12=1 C12=2 R12=3 S12=1 Y11=1 X11=1 Z11=1 C11=2 R11=3 S11=1 Y10=1 X10=1 Z10=1 C10=2 R10=3 S10=1 Y9=1 X9=1 Z9=1 C9=1 R9=3 S9=1 Y8=1 X8=1 Z8=1 C8=1 R8=3 S8=1 Y7=1 X7=1 Z7=1 C7=1 R7=3 S7=1 Y6=1 X6=1 Z6=1 C6=1 R6=3 S6=1 Y5=1 X5=1 Z5=1 C5=1 R5=3 S5=1 Y4=1 X4=1 Z4=1 C4=1 R4=3 S4=1 Y3=1 X3=1 Z3=1 C3=1 R3=3 S3=1 Y2=1 X2=1 Z2=1 C2=1 R2=3 S2=1 Y1=1 X1=1 Z1=1 C1=1 R1=3 S1=1 Y0=1 X0=1 Z0=1 C0=1 R0=7 S0=1] IntermediateRegister[P=1 Q=1 Z16=1 C16=1 R16=1 S16=1 Y15=1 X15=1 Z15=32 C15=1 R15=1 S15=1 Y14=1 X14=1 Z14=32 C14=1 R14=1 S14=1 Y13=1 X13=1 Z13=32 C13=1 R13=1 S13=1 Y12=1 X12=1 Z12=16 C12=1 R12=1 S12=1 Y11=1 X11=1 Z11=16 C11=1 R11=1 S11=1 Y10=1 X10=1 Z10=16 C10=1 R10=1 S10=1 Y9=1 X9=1 Z9=16 C9=1 R9=1 S9=1 Y8=1 X8=1 Z8=8 C8=1 R8=1 S8=1 Y7=1 X7=1 Z7=8 C7=1 R7=1 S7=1 Y6=1 X6=1 Z6=8 C6=1 R6=1 S6=1 Y5=1 X5=1 Z5=4 C5=1 R5=1 S5=1 Y4=1 X4=1 Z4=2 C4=1 R4=1 S4=1 Y3=1 X3=1 Z3=2 C3=1 R3=1 S3=1 Y2=1 X2=1 Z2=2 C2=1 R2=1 S2=1 Y1=1 X1=1 Z1=2 C1=1 R1=1 S1=1 Y0=1 X0=1 Z0=1 C0=1 R0=1 S0=1] OutRegister[P=1 Q=1 Z16=32 C16=1 R16=1 S16=1 Y15=1 X15=1 Z15=1 C15=1 R15=1 S15=1 Y14=1 X14=1 Z14=1 C14=1 R14=1 S14=1 Y13=1 X13=1 Z13=1 C13=1 R13=1 S13=1 Y12=1 X12=1 Z12=1 C12=1 R12=1 S12=1 Y11=1 X11=1 Z11=1 C11=1 R11=1 S11=1 Y10=1 X10=1 Z10=1 C10=1 R10=1 S10=1 Y9=1 X9=1 Z9=1 C9=1 R9=1 S9=1 Y8=1 X8=1 Z8=1 C8=1 R8=1 S8=1 Y7=1 X7=1 Z7=1 C7=1 R7=1 S7=1 Y6=1 X6=1 Z6=1 C6=1 R6=1 S6=1 Y5=1 X5=1 Z5=1 C5=1 R5=1 S5=1 Y4=1 X4=1 Z4=1 C4=1 R4=1 S4=1 Y3=1 X3=1 Z3=1 C3=1 R3=1 S3=1 Y2=1 X2=1 Z2=1 C2=1 R2=1 S2=1 Y1=1 X1=1 Z1=1 C1=1 R1=1 S1=1 Y0=1 X0=1 Z0=1 C0=1 R0=1 S0=1] Compute] 
resnet18_17layer_2026-02-21T06:47:12.345632,resnet18,17layer,full,17,eyeriss,thesis_arch,1056,524,128,512,32,1,False,True,,7.001e+04,3.042e+06,2.17e+05,"(6204068032, 2890626816)",0.0008221660582421464,0.7829864025115967,DRAM[P=7 Q=7 Z16=1 C16=1 R16=1 S16=1 Y15=7 X15=7 Z15=1 C15=1 R15=1 S15=1 Y14=7 X14=7 Z14=1 C14=1 R14=1 S14=1 Y13=14 X13=14 Z13=1 C13=1 R13=1 S13=1 Y12=14 X12=14 Z12=1 C12=1 R12=1 S12=1 Y11=14 X11=14 Z11=1 C11=1 R11=1 S11=1 Y10=14 X10=14 Z10=1 C10=1 R10=1 S10=1 Y9=28 X9=28 Z9=1 C9=1 R9=1 S9=1 Y8=28 X8=28 Z8=1 C8=1 R8=1 S8=1 Y7=28 X7=28 Z7=1 C7=1 R7=1 S7=1 Y6=28 X6=28 Z6=1 C6=1 R6=1 S6=1 Y5=56 X5=56 Z5=1 C5=1 R5=1 S5=1 Y4=56 X4=56 Z4=1 C4=1 R4=1 S4=1 Y3=56 X3=56 Z3=1 C3=1 R3=1 S3=1 Y2=56 X2=56 Z2=1 C2=1 R2=1 S2=1 Y1=56 X1=56 Z1=1 C1=1 R1=1 S1=1 Y0=112 X0=112 Z0=1 C0=1 R0=1 S0=1] GlobalBuffer[P=1 Q=1 Z16=1 C16=1 R16=1 S16=1 Y15=1 X15=1 Z15=1 C15=1 R15=1 S15=1 Y14=1 X14=1 Z14=1 C14=1 R14=1 S14=1 Y13=1 X13=1 Z13=1 C13=1 R13=1 S13=1 Y12=1 X12=1 Z12=1 C12=1 R12=1 S12=1 Y11=1 X11=1 Z11=1 C11=1 R11=1 S11=1 Y10=1 X10=1 Z10=1 C10=1 R10=1 S10=1 Y9=1 X9=1 Z9=1 C9=1 R9=1 S9=1 Y8=1 X8=1 Z8=1 C8=1 R8=1 S8=1 Y7=1 X7=1 Z7=1 C7=1 R7=1 S7=1 Y6=1 X6=1 Z6=1 C6=1 R6=1 S6=1 Y5=1 X5=1 Z5=1 C5=1 R5=1 S5=1 Y4=1 X4=1 Z4=1 C4=1 R4=1 S4=1 Y3=1 X3=1 Z3=1 C3=1 R3=1 S3=1 Y2=1 X2=1 Z2=1 C2=1 R2=1 S2=1 Y1=1 X1=1 Z1=1 C1=1 R1=1 S1=1 Y0=1 X0=1 Z0=1 C0=1 R0=1 S0=1] SACols[Q=1 Z16=32] SARows[S16=3 C16=128 Z16=1] SACols_15[X15=1 Z15=32] SARows_15[S15=3 C15=128 Z15=1] SACols_14[X14=1 Z14=32] SARows_14[S14=3 C14=128 Z14=1] SACols_13[X13=1 Z13=32] SARows_13[S13=3 C13=128 Z13=1] SACols_12[X12=1 Z12=32] SARows_12[S12=3 C12=128 Z12=1] SACols_11[X11=1 Z11=32] SARows_11[S11=3 C11=128 Z11=1] SACols_10[X10=1 Z10=32] SARows_10[S10=3 C10=128 Z10=1] SACols_9[X9=1 Z9=32] SARows_9[S9=3 C9=128 Z9=1] SACols_8[X8=1 Z8=32] SARows_8[S8=3 C8=128 Z8=1] SACols_7[X7=1 Z7=32] SARows_7[S7=3 C7=128 Z7=1] SACols_6[X6=1 Z6=32] SARows_6[S6=3 C6=128 Z6=1] SACols_5[X5=1 Z5=32] SARows_5[S5=3 C5=64 Z5=2] SACols_4[X4=1 Z4=32] SARows_4[S4=3 C4=64 Z4=2] SACols_3[X3=1 Z3=32] SARows_3[S3=3 C3=64 Z3=2] SACols_2[X2=1 Z2=32] SARows_2[S2=3 C2=64 Z2=2] SACols_1[X1=1 Z1=32] SARows_1[S1=3 C1=64 Z1=2] SACols_0[X0=1 Z0=32] SARows_0[S0=7 C0=3 Z0=2] InRegister[P=1 Q=1 Z16=1 C16=1 R16=1 S16=1 Y15=1 X15=1 Z15=1 C15=1 R15=1 S15=1 Y14=1 X14=1 Z14=1 C14=1 R14=1 S14=1 Y13=1 X13=1 Z13=1 C13=1 R13=1 S13=1 Y12=1 X12=1 Z12=1 C12=1 R12=1 S12=1 Y11=1 X11=1 Z11=1 C11=1 R11=1 S11=1 Y10=1 X10=1 Z10=1 C10=1 R10=1 S10=1 Y9=1 X9=1 Z9=1 C9=1 R9=1 S9=1 Y8=1 X8=1 Z8=1 C8=1 R8=1 S8=1 Y7=1 X7=1 Z7=1 C7=1 R7=1 S7=1 Y6=1 X6=1 Z6=1 C6=1 R6=1 S6=1 Y5=1 X5=1 Z5=1 C5=1 R5=1 S5=1 Y4=1 X4=1 Z4=1 C4=1 R4=1 S4=1 Y3=1 X3=1 Z3=1 C3=1 R3=1 S3=1 Y2=1 X2=1 Z2=1 C2=1 R2=1 S2=1 Y1=1 X1=1 Z1=1 C1=1 R1=1 S1=1 Y0=1 X0=1 Z0=1 C0=1 R0=1 S0=1] WRegister[P=1 Q=1 Z16=1 C16=4 R16=3 S16=1 Y15=1 X15=1 Z15=1 C15=4 R15=3 S15=1 Y14=1 X14=1 Z14=1 C14=4 R14=3 S14=1 Y13=1 X13=1 Z13=1 C13=2 R13=3 S13=1 Y12=1 X12=1 Z12=1 C12=2 R12=3 S12=1 Y11=1 X11=1 Z11=1 C11=2 R11=3 S11=1 Y10=1 X10=1 Z10=1 C10=2 R10=3 S10=1 Y9=1 X9=1 Z9=1 C9=1 R9=3 S9=1 Y8=1 X8=1 Z8=1 C8=1 R8=3 S8=1 Y7=1 X7=1 Z7=1 C7=1 R7=3 S7=1 Y6=1 X6=1 Z6=1 C6=1 R6=3 S6=1 Y5=1 X5=1 Z5=1 C5=1 R5=3 S5=1 Y4=1 X4=1 Z4=1 C4=1 R4=3 S4=1 Y3=1 X3=1 Z3=1 C3=1 R3=3 S3=1 Y2=1 X2=1 Z2=1 C2=1 R2=3 S2=1 Y1=1 X1=1 Z1=1 C1=1 R1=3 S1=1 Y0=1 X0=1 Z0=1 C0=1 R0=7 S0=1] IntermediateRegister[P=1 Q=1 Z16=1 C16=1 R16=1 S16=1 Y15=1 X15=1 Z15=16 C15=1 R15=1 S15=1 Y14=1 X14=1 Z14=16 C14=1 R14=1 S14=1 Y13=1 X13=1 Z13=16 C13=1 R13=1 S13=1 Y12=1 X12=1 Z12=8 C12=1 R12=1 S12=1 Y11=1 X11=1 Z11=8 C11=1 R11=1 S11=1 Y10=1 X10=1 Z10=8 C10=1 R10=1 S10=1 Y9=1 X9=1 Z9=8 C9=1 R9=1 S9=1 Y8=1 X8=1 Z8=4 C8=1 R8=1 S8=1 Y7=1 X7=1 Z7=4 C7=1 R7=1 S7=1 Y6=1 X6=1 Z6=4 C6=1 R6=1 S6=1 Y5=1 X5=1 Z5=2 C5=1 R5=1 S5=1 Y4=1 X4=1 Z4=1 C4=1 R4=1 S4=1 Y3=1 X3=1 Z3=1 C3=1 R3=1 S3=1 Y2=1 X2=1 Z2=1 C2=1 R2=1 S2=1 Y1=1 X1=1 Z1=1 C1=1 R1=1 S1=1 Y0=1 X0=1 Z0=1 C0=1 R0=1 S0=1] OutRegister[P=1 Q=1 Z16=16 C16=1 R16=1 S16=1 Y15=1 X15=1 Z15=1 C15=1 R15=1 S15=1 Y14=1 X14=1 Z14=1 C14=1 R14=1 S14=1 Y13=1 X13=1 Z13=1 C13=1 R13=1 S13=1 Y12=1 X12=1 Z12=1 C12=1 R12=1 S12=1 Y11=1 X11=1 Z11=1 C11=1 R11=1 S11=1 Y10=1 X10=1 Z10=1 C10=1 R10=1 S10=1 Y9=1 X9=1 Z9=1 C9=1 R9=1 S9=1 Y8=1 X8=1 Z8=1 C8=1 R8=1 S8=1 Y7=1 X7=1 Z7=1 C7=1 R7=1 S7=1 Y6=1 X6=1 Z6=1 C6=1 R6=1 S6=1 Y5=1 X5=1 Z5=1 C5=1 R5=1 S5=1 Y4=1 X4=1 Z4=1 C4=1 R4=1 S4=1 Y3=1 X3=1 Z3=1 C3=1 R3=1 S3=1 Y2=1 X2=1 Z2=1 C2=1 R2=1 S2=1 Y1=1 X1=1 Z1=1 C1=1 R1=1 S1=1 Y0=1 X0=1 Z0=1 C0=1 R0=1 S0=1] Compute] 
resnet18_17layer_2026-02-21T06:47:14.097907,resnet18,17layer,full,17,eyeriss,thesis_arch,1056,524,128,4,4,1,False,False,"Arch: Eyeriss_Constrained_17L_tile1_4x4 -> Level: SARows_0: Failed to fit comp to arch because the level's constraint (S0: 4) does not divide comp dimension S0 (7) exactly. To compensate, consider setting 'Settings.PADDED_MAPPINGS' to True.",0.000e+00,0.000e+00,0.00e+00,0,0.0,0.0,
resnet18_17layer_2026-02-21T06:47:15.167888,resnet18,17layer,full,17,eyeriss,thesis_arch,1056,524,128,4,16,1,False,False,"Arch: Eyeriss_Constrained_17L_tile1_16x4 -> Level: SARows_0: Failed to fit comp to arch because the level's constraint (S0: 4) does not divide comp dimension S0 (7) exactly. To compensate, consider setting 'Settings.PADDED_MAPPINGS' to True.",0.000e+00,0.000e+00,0.00e+00,0,0.0,0.0,
resnet18_17layer_2026-02-21T06:47:15.667792,resnet18,17layer,full,17,eyeriss,thesis_arch,1056,524,128,4,32,1,False,False,"Arch: Eyeriss_Constrained_17L_tile1_32x4 -> Level: SARows_0: Failed to fit comp to arch because the level's constraint (S0: 4) does not divide comp dimension S0 (7) exactly. To compensate, consider setting 'Settings.PADDED_MAPPINGS' to True.",0.000e+00,0.000e+00,0.00e+00,0,0.0,0.0,
resnet18_17layer_2026-02-21T06:47:16.475320,resnet18,17layer,full,17,eyeriss,thesis_arch,1056,524,128,4,64,1,False,False,"Arch: Eyeriss_Constrained_17L_tile1_64x4 -> Level: SARows_0: Failed to fit comp to arch because the level's constraint (S0: 4) does not divide comp dimension S0 (7) exactly. To compensate, consider setting 'Settings.PADDED_MAPPINGS' to True.",0.000e+00,0.000e+00,0.00e+00,0,0.0,0.0,
resnet18_17layer_2026-02-21T06:47:17.154482,resnet18,17layer,full,17,eyeriss,thesis_arch,1056,524,128,4,128,1,False,False,"Arch: Eyeriss_Constrained_17L_tile1_128x4 -> Level: SARows_0: Failed to fit comp to arch because the level's constraint (S0: 4) does not divide comp dimension S0 (7) exactly. To compensate, consider setting 'Settings.PADDED_MAPPINGS' to True.",0.000e+00,0.000e+00,0.00e+00,0,0.0,0.0,
resnet18_17layer_2026-02-21T06:47:18.027484,resnet18,17layer,full,17,eyeriss,thesis_arch,1056,524,128,4,256,1,False,False,"Arch: Eyeriss_Constrained_17L_tile1_256x4 -> Level: SARows_0: Failed to fit comp to arch because the level's constraint (S0: 4) does not divide comp dimension S0 (7) exactly. To compensate, consider setting 'Settings.PADDED_MAPPINGS' to True.",0.000e+00,0.000e+00,0.00e+00,0,0.0,0.0,
resnet18_17layer_2026-02-21T06:47:18.567997,resnet18,17layer,full,17,eyeriss,thesis_arch,1056,524,128,4,512,1,False,False,"Arch: Eyeriss_Constrained_17L_tile1_512x4 -> Level: SARows_0: Failed to fit comp to arch because the level's constraint (S0: 4) does not divide comp dimension S0 (7) exactly. To compensate, consider setting 'Settings.PADDED_MAPPINGS' to True.",0.000e+00,0.000e+00,0.00e+00,0,0.0,0.0,
resnet18_17layer_2026-02-21T06:47:19.313012,resnet18,17layer,full,17,eyeriss,thesis_arch,1056,524,128,16,4,1,False,False,"Ill-posed constraints:
CONSTRAINTS VIOLATION: Arch: Eyeriss_Constrained_17L_tile1_4x16 -> Level: InRegister: memory footprint: 2584 VS memory available: 400
CONSTRAINTS VIOLATION: Arch: Eyeriss_Constrained_17L_tile1_4x16 -> Level: WRegister: memory footprint: 229032 VS memory available: 3600
CONSTRAINTS VIOLATION: Arch: Eyeriss_Constrained_17L_tile1_4x16 -> Level: IntermediateRegister: memory footprint: 840 VS memory available: 300
CONSTRAINTS VIOLATION: Arch: Eyeriss_Constrained_17L_tile1_4x16 -> Level: OutRegister: memory footprint: 128 VS memory available: 64",0.000e+00,0.000e+00,0.00e+00,0,0.0,0.0,
resnet18_17layer_2026-02-21T06:47:20.172772,resnet18,17layer,full,17,eyeriss,thesis_arch,1056,524,128,16,16,1,False,False,"Ill-posed constraints:
CONSTRAINTS VIOLATION: Arch: Eyeriss_Constrained_17L_tile1_16x16 -> Level: InRegister: memory footprint: 2584 VS memory available: 400
CONSTRAINTS VIOLATION: Arch: Eyeriss_Constrained_17L_tile1_16x16 -> Level: WRegister: memory footprint: 57258 VS memory available: 3600",0.000e+00,0.000e+00,0.00e+00,0,0.0,0.0,
resnet18_17layer_2026-02-21T06:47:20.722430,resnet18,17layer,full,17,eyeriss,thesis_arch,1056,524,128,16,32,1,False,False,"Ill-posed constraints:
CONSTRAINTS VIOLATION: Arch: Eyeriss_Constrained_17L_tile1_32x16 -> Level: InRegister: memory footprint: 2584 VS memory available: 400
CONSTRAINTS VIOLATION: Arch: Eyeriss_Constrained_17L_tile1_32x16 -> Level: WRegister: memory footprint: 28629 VS memory available: 3600",0.000e+00,0.000e+00,0.00e+00,0,0.0,0.0,
resnet18_17layer_2026-02-21T06:47:21.410528,resnet18,17layer,full,17,eyeriss,thesis_arch,1056,524,128,16,64,1,False,False,"Ill-posed constraints:
CONSTRAINTS VIOLATION: Arch: Eyeriss_Constrained_17L_tile1_64x16 -> Level: InRegister: memory footprint: 2584 VS memory available: 400
CONSTRAINTS VIOLATION: Arch: Eyeriss_Constrained_17L_tile1_64x16 -> Level: WRegister: memory footprint: 14325 VS memory available: 3600",0.000e+00,0.000e+00,0.00e+00,0,0.0,0.0,
resnet18_17layer_2026-02-21T06:47:22.200522,resnet18,17layer,full,17,eyeriss,thesis_arch,1056,524,128,16,128,1,False,False,"Ill-posed constraints:
CONSTRAINTS VIOLATION: Arch: Eyeriss_Constrained_17L_tile1_128x16 -> Level: InRegister: memory footprint: 2584 VS memory available: 400
CONSTRAINTS VIOLATION: Arch: Eyeriss_Constrained_17L_tile1_128x16 -> Level: WRegister: memory footprint: 7269 VS memory available: 3600",0.000e+00,0.000e+00,0.00e+00,0,0.0,0.0,
resnet18_17layer_2026-02-21T06:47:22.723819,resnet18,17layer,full,17,eyeriss,thesis_arch,1056,524,128,16,256,1,False,False,"Ill-posed constraints:
CONSTRAINTS VIOLATION: Arch: Eyeriss_Constrained_17L_tile1_256x16 -> Level: InRegister: memory footprint: 2584 VS memory available: 400
CONSTRAINTS VIOLATION: Arch: Eyeriss_Constrained_17L_tile1_256x16 -> Level: WRegister: memory footprint: 3909 VS memory available: 3600",0.000e+00,0.000e+00,0.00e+00,0,0.0,0.0,
resnet18_17layer_2026-02-21T06:47:23.515145,resnet18,17layer,full,17,eyeriss,thesis_arch,1056,524,128,16,512,1,False,False,"Ill-posed constraints:
CONSTRAINTS VIOLATION: Arch: Eyeriss_Constrained_17L_tile1_512x16 -> Level: InRegister: memory footprint: 2584 VS memory available: 400",0.000e+00,0.000e+00,0.00e+00,0,0.0,0.0,
resnet18_17layer_2026-02-21T06:47:24.174054,resnet18,17layer,full,17,eyeriss,thesis_arch,1056,524,128,32,4,1,False,False,"Ill-posed constraints:
CONSTRAINTS VIOLATION: Arch: Eyeriss_Constrained_17L_tile1_4x32 -> Level: InRegister: memory footprint: 1286 VS memory available: 400
CONSTRAINTS VIOLATION: Arch: Eyeriss_Constrained_17L_tile1_4x32 -> Level: WRegister: memory footprint: 114544 VS memory available: 3600
CONSTRAINTS VIOLATION: Arch: Eyeriss_Constrained_17L_tile1_4x32 -> Level: IntermediateRegister: memory footprint: 848 VS memory available: 300
CONSTRAINTS VIOLATION: Arch: Eyeriss_Constrained_17L_tile1_4x32 -> Level: OutRegister: memory footprint: 128 VS memory available: 64",0.000e+00,0.000e+00,0.00e+00,0,0.0,0.0,
resnet18_17layer_2026-02-21T06:47:25.131494,resnet18,17layer,full,17,eyeriss,thesis_arch,1056,524,128,32,16,1,False,False,"Ill-posed constraints:
CONSTRAINTS VIOLATION: Arch: Eyeriss_Constrained_17L_tile1_16x32 -> Level: InRegister: memory footprint: 1286 VS memory available: 400
CONSTRAINTS VIOLATION: Arch: Eyeriss_Constrained_17L_tile1_16x32 -> Level: WRegister: memory footprint: 28636 VS memory available: 3600",0.000e+00,0.000e+00,0.00e+00,0,0.0,0.0,
resnet18_17layer_2026-02-21T06:47:25.959325,resnet18,17layer,full,17,eyeriss,thesis_arch,1056,524,128,32,32,1,False,False,"Ill-posed constraints:
CONSTRAINTS VIOLATION: Arch: Eyeriss_Constrained_17L_tile1_32x32 -> Level: InRegister: memory footprint: 1286 VS memory available: 400
CONSTRAINTS VIOLATION: Arch: Eyeriss_Constrained_17L_tile1_32x32 -> Level: WRegister: memory footprint: 14318 VS memory available: 3600",0.000e+00,0.000e+00,0.00e+00,0,0.0,0.0,
resnet18_17layer_2026-02-21T06:47:26.589115,resnet18,17layer,full,17,eyeriss,thesis_arch,1056,524,128,32,64,1,False,False,"Ill-posed constraints:
CONSTRAINTS VIOLATION: Arch: Eyeriss_Constrained_17L_tile1_64x32 -> Level: InRegister: memory footprint: 1286 VS memory available: 400
CONSTRAINTS VIOLATION: Arch: Eyeriss_Constrained_17L_tile1_64x32 -> Level: WRegister: memory footprint: 7159 VS memory available: 3600",0.000e+00,0.000e+00,0.00e+00,0,0.0,0.0,
resnet18_17layer_2026-02-21T06:47:27.100709,resnet18,17layer,full,17,eyeriss,thesis_arch,1056,524,128,32,128,1,False,False,"Ill-posed constraints:
CONSTRAINTS VIOLATION: Arch: Eyeriss_Constrained_17L_tile1_128x32 -> Level: InRegister: memory footprint: 1286 VS memory available: 400
CONSTRAINTS VIOLATION: Arch: Eyeriss_Constrained_17L_tile1_128x32 -> Level: WRegister: memory footprint: 3631 VS memory available: 3600",0.000e+00,0.000e+00,0.00e+00,0,0.0,0.0,
resnet18_17layer_2026-02-21T06:47:27.569488,resnet18,17layer,full,17,eyeriss,thesis_arch,1056,524,128,32,256,1,False,False,"Ill-posed constraints:
CONSTRAINTS VIOLATION: Arch: Eyeriss_Constrained_17L_tile1_256x32 -> Level: InRegister: memory footprint: 1286 VS memory available: 400",0.000e+00,0.000e+00,0.00e+00,0,0.0,0.0,
resnet18_17layer_2026-02-21T06:47:28.037753,resnet18,17layer,full,17,eyeriss,thesis_arch,1056,524,128,32,512,1,False,False,"Ill-posed constraints:
CONSTRAINTS VIOLATION: Arch: Eyeriss_Constrained_17L_tile1_512x32 -> Level: InRegister: memory footprint: 1286 VS memory available: 400",0.000e+00,0.000e+00,0.00e+00,0,0.0,0.0,
resnet18_17layer_2026-02-21T06:47:28.479123,resnet18,17layer,full,17,eyeriss,thesis_arch,1056,524,128,64,4,1,False,False,"Ill-posed constraints:
CONSTRAINTS VIOLATION: Arch: Eyeriss_Constrained_17L_tile1_4x64 -> Level: InRegister: memory footprint: 650 VS memory available: 400
CONSTRAINTS VIOLATION: Arch: Eyeriss_Constrained_17L_tile1_4x64 -> Level: WRegister: memory footprint: 57272 VS memory available: 3600
CONSTRAINTS VIOLATION: Arch: Eyeriss_Constrained_17L_tile1_4x64 -> Level: IntermediateRegister: memory footprint: 840 VS memory available: 300
CONSTRAINTS VIOLATION: Arch: Eyeriss_Constrained_17L_tile1_4x64 -> Level: OutRegister: memory footprint: 128 VS memory available: 64",0.000e+00,0.000e+00,0.00e+00,0,0.0,0.0,
resnet18_17layer_2026-02-21T06:47:28.966395,resnet18,17layer,full,17,eyeriss,thesis_arch,1056,524,128,64,16,1,False,False,"Ill-posed constraints:
CONSTRAINTS VIOLATION: Arch: Eyeriss_Constrained_17L_tile1_16x64 -> Level: InRegister: memory footprint: 650 VS memory available: 400
CONSTRAINTS VIOLATION: Arch: Eyeriss_Constrained_17L_tile1_16x64 -> Level: WRegister: memory footprint: 14318 VS memory available: 3600",0.000e+00,0.000e+00,0.00e+00,0,0.0,0.0,
resnet18_17layer_2026-02-21T06:47:29.573856,resnet18,17layer,full,17,eyeriss,thesis_arch,1056,524,128,64,32,1,False,False,"Ill-posed constraints:
CONSTRAINTS VIOLATION: Arch: Eyeriss_Constrained_17L_tile1_32x64 -> Level: InRegister: memory footprint: 650 VS memory available: 400
CONSTRAINTS VIOLATION: Arch: Eyeriss_Constrained_17L_tile1_32x64 -> Level: WRegister: memory footprint: 7159 VS memory available: 3600",0.000e+00,0.000e+00,0.00e+00,0,0.0,0.0,
resnet18_17layer_2026-02-21T06:47:30.282576,resnet18,17layer,full,17,eyeriss,thesis_arch,1056,524,128,64,64,1,False,False,"Ill-posed constraints:
CONSTRAINTS VIOLATION: Arch: Eyeriss_Constrained_17L_tile1_64x64 -> Level: InRegister: memory footprint: 650 VS memory available: 400",0.000e+00,0.000e+00,0.00e+00,0,0.0,0.0,
resnet18_17layer_2026-02-21T06:47:30.883592,resnet18,17layer,full,17,eyeriss,thesis_arch,1056,524,128,64,128,1,False,False,"Ill-posed constraints:
CONSTRAINTS VIOLATION: Arch: Eyeriss_Constrained_17L_tile1_128x64 -> Level: InRegister: memory footprint: 650 VS memory available: 400",0.000e+00,0.000e+00,0.00e+00,0,0.0,0.0,
resnet18_17layer_2026-02-21T06:47:31.728774,resnet18,17layer,full,17,eyeriss,thesis_arch,1056,524,128,64,256,1,False,False,"Ill-posed constraints:
CONSTRAINTS VIOLATION: Arch: Eyeriss_Constrained_17L_tile1_256x64 -> Level: InRegister: memory footprint: 650 VS memory available: 400",0.000e+00,0.000e+00,0.00e+00,0,0.0,0.0,
resnet18_17layer_2026-02-21T06:47:32.441472,resnet18,17layer,full,17,eyeriss,thesis_arch,1056,524,128,128,4,1,False,False,"Ill-posed constraints:
CONSTRAINTS VIOLATION: Arch: Eyeriss_Constrained_17L_tile1_4x128 -> Level: WRegister: memory footprint: 28636 VS memory available: 3600
CONSTRAINTS VIOLATION: Arch: Eyeriss_Constrained_17L_tile1_4x128 -> Level: IntermediateRegister: memory footprint: 836 VS memory available: 300
CONSTRAINTS VIOLATION: Arch: Eyeriss_Constrained_17L_tile1_4x128 -> Level: OutRegister: memory footprint: 128 VS memory available: 64",0.000e+00,0.000e+00,0.00e+00,0,0.0,0.0,
resnet18_17layer_2026-02-21T06:47:33.171244,resnet18,17layer,full,17,eyeriss,thesis_arch,1056,524,128,128,16,1,False,False,"Ill-posed constraints:
CONSTRAINTS VIOLATION: Arch: Eyeriss_Constrained_17L_tile1_16x128 -> Level: WRegister: memory footprint: 7159 VS memory available: 3600",0.000e+00,0.000e+00,0.00e+00,0,0.0,0.0,
resnet18_17layer_2026-02-21T06:47:33.608410,resnet18,17layer,full,17,eyeriss,thesis_arch,1056,524,128,128,32,1,False,True,,1.119e+05,3.059e+06,3.46e+05,"(5568237760, 2543810304)",0.0032886642329685856,0.7384076118469238,DRAM[P=7 Q=7 Z16=1 C16=1 R16=1 S16=1 Y15=7 X15=7 Z15=1 C15=1 R15=1 S15=1 Y14=7 X14=7 Z14=1 C14=1 R14=1 S14=1 Y13=14 X13=14 Z13=1 C13=1 R13=1 S13=1 Y12=14 X12=14 Z12=1 C12=1 R12=1 S12=1 Y11=14 X11=14 Z11=1 C11=1 R11=1 S11=1 Y10=14 X10=14 Z10=1 C10=1 R10=1 S10=1 Y9=28 X9=28 Z9=1 C9=1 R9=1 S9=1 Y8=28 X8=28 Z8=1 C8=1 R8=1 S8=1 Y7=28 X7=28 Z7=1 C7=1 R7=1 S7=1 Y6=28 X6=28 Z6=1 C6=1 R6=1 S6=1 Y5=56 X5=56 Z5=1 C5=1 R5=1 S5=1 Y4=56 X4=56 Z4=1 C4=1 R4=1 S4=1 Y3=56 X3=56 Z3=1 C3=1 R3=1 S3=1 Y2=56 X2=56 Z2=1 C2=1 R2=1 S2=1 Y1=56 X1=56 Z1=1 C1=1 R1=1 S1=1 Y0=112 X0=112 Z0=1 C0=1 R0=1 S0=1] GlobalBuffer[P=1 Q=1 Z16=1 C16=1 R16=1 S16=1 Y15=1 X15=1 Z15=1 C15=1 R15=1 S15=1 Y14=1 X14=1 Z14=1 C14=1 R14=1 S14=1 Y13=1 X13=1 Z13=1 C13=1 R13=1 S13=1 Y12=1 X12=1 Z12=1 C12=1 R12=1 S12=1 Y11=1 X11=1 Z11=1 C11=1 R11=1 S11=1 Y10=1 X10=1 Z10=1 C10=1 R10=1 S10=1 Y9=1 X9=1 Z9=1 C9=1 R9=1 S9=1 Y8=1 X8=1 Z8=1 C8=1 R8=1 S8=1 Y7=1 X7=1 Z7=1 C7=1 R7=1 S7=1 Y6=1 X6=1 Z6=1 C6=1 R6=1 S6=1 Y5=1 X5=1 Z5=1 C5=1 R5=1 S5=1 Y4=1 X4=1 Z4=1 C4=1 R4=1 S4=1 Y3=1 X3=1 Z3=1 C3=1 R3=1 S3=1 Y2=1 X2=1 Z2=1 C2=1 R2=1 S2=1 Y1=1 X1=1 Z1=1 C1=1 R1=1 S1=1 Y0=1 X0=1 Z0=1 C0=1 R0=1 S0=1] SACols[Q=1 Z16=32] SARows[S16=3 C16=32 Z16=1] SACols_15[X15=1 Z15=32] SARows_15[S15=3 C15=32 Z15=1] SACols_14[X14=1 Z14=32] SARows_14[S14=3 C14=32 Z14=1] SACols_13[X13=1 Z13=32] SARows_13[S13=3 C13=32 Z13=1] SACols_12[X12=1 Z12=32] SARows_12[S12=3 C12=32 Z12=1] SACols_11[X11=1 Z11=32] SARows_11[S11=3 C11=32 Z11=1] SACols_10[X10=1 Z10=32] SARows_10[S10=3 C10=32 Z10=1] SACols_9[X9=1 Z9=32] SARows_9[S9=3 C9=32 Z9=1] SACols_8[X8=1 Z8=32] SARows_8[S8=3 C8=32 Z8=1] SACols_7[X7=1 Z7=32] SARows_7[S7=3 C7=32 Z7=1] SACols_6[X6=1 Z6=32] SARows_6[S6=3 C6=32 Z6=1] SACols_5[X5=1 Z5=32] SARows_5[S5=3 C5=32 Z5=1] SACols_4[X4=1 Z4=32] SARows_4[S4=3 C4=32 Z4=1] SACols_3[X3=1 Z3=32] SARows_3[S3=3 C3=32 Z3=1] SACols_2[X2=1 Z2=32] SARows_2[S2=3 C2=32 Z2=1] SACols_1[X1=1 Z1=32] SARows_1[S1=3 C1=32 Z1=1] SACols_0[X0=1 Z0=32] SARows_0[S0=7 C0=3 Z0=2] InRegister[P=1 Q=1 Z16=1 C16=1 R16=1 S16=1 Y15=1 X15=1 Z15=1 C15=1 R15=1 S15=1 Y14=1 X14=1 Z14=1 C14=1 R14=1 S14=1 Y13=1 X13=1 Z13=1 C13=1 R13=1 S13=1 Y12=1 X12=1 Z12=1 C12=1 R12=1 S12=1 Y11=1 X11=1 Z11=1 C11=1 R11=1 S11=1 Y10=1 X10=1 Z10=1 C10=1 R10=1 S10=1 Y9=1 X9=1 Z9=1 C9=1 R9=1 S9=1 Y8=1 X8=1 Z8=1 C8=1 R8=1 S8=1 Y7=1 X7=1 Z7=1 C7=1 R7=1 S7=1 Y6=1 X6=1 Z6=1 C6=1 R6=1 S6=1 Y5=1 X5=1 Z5=1 C5=1 R5=1 S5=1 Y4=1 X4=1 Z4=1 C4=1 R4=1 S4=1 Y3=1 X3=1 Z3=1 C3=1 R3=1 S3=1 Y2=1 X2=1 Z2=1 C2=1 R2=1 S2=1 Y1=1 X1=1 Z1=1 C1=1 R1=1 S1=1 Y0=1 X0=1 Z0=1 C0=1 R0=1 S0=1] WRegister[P=1 Q=1 Z16=1 C16=16 R16=3 S16=1 Y15=1 X15=1 Z15=1 C15=16 R15=3 S15=1 Y14=1 X14=1 Z14=1 C14=16 R14=3 S14=1 Y13=1 X13=1 Z13=1 C13=8 R13=3 S13=1 Y12=1 X12=1 Z12=1 C12=8 R12=3 S12=1 Y11=1 X11=1 Z11=1 C11=8 R11=3 S11=1 Y10=1 X10=1 Z10=1 C10=8 R10=3 S10=1 Y9=1 X9=1 Z9=1 C9=4 R9=3 S9=1 Y8=1 X8=1 Z8=1 C8=4 R8=3 S8=1 Y7=1 X7=1 Z7=1 C7=4 R7=3 S7=1 Y6=1 X6=1 Z6=1 C6=4 R6=3 S6=1 Y5=1 X5=1 Z5=1 C5=2 R5=3 S5=1 Y4=1 X4=1 Z4=1 C4=2 R4=3 S4=1 Y3=1 X3=1 Z3=1 C3=2 R3=3 S3=1 Y2=1 X2=1 Z2=1 C2=2 R2=3 S2=1 Y1=1 X1=1 Z1=1 C1=2 R1=3 S1=1 Y0=1 X0=1 Z0=1 C0=1 R0=7 S0=1] IntermediateRegister[P=1 Q=1 Z16=1 C16=1 R16=1 S16=1 Y15=1 X15=1 Z15=16 C15=1 R15=1 S15=1 Y14=1 X14=1 Z14=16 C14=1 R14=1 S14=1 Y13=1 X13=1 Z13=16 C13=1 R13=1 S13=1 Y12=1 X12=1 Z12=8 C12=1 R12=1 S12=1 Y11=1 X11=1 Z11=8 C11=1 R11=1 S11=1 Y10=1 X10=1 Z10=8 C10=1 R10=1 S10=1 Y9=1 X9=1 Z9=8 C9=1 R9=1 S9=1 Y8=1 X8=1 Z8=4 C8=1 R8=1 S8=1 Y7=1 X7=1 Z7=4 C7=1 R7=1 S7=1 Y6=1 X6=1 Z6=4 C6=1 R6=1 S6=1 Y5=1 X5=1 Z5=4 C5=1 R5=1 S5=1 Y4=1 X4=1 Z4=2 C4=1 R4=1 S4=1 Y3=1 X3=1 Z3=2 C3=1 R3=1 S3=1 Y2=1 X2=1 Z2=2 C2=1 R2=1 S2=1 Y1=1 X1=1 Z1=2 C1=1 R1=1 S1=1 Y0=1 X0=1 Z0=1 C0=1 R0=1 S0=1] OutRegister[P=1 Q=1 Z16=16 C16=1 R16=1 S16=1 Y15=1 X15=1 Z15=1 C15=1 R15=1 S15=1 Y14=1 X14=1 Z14=1 C14=1 R14=1 S14=1 Y13=1 X13=1 Z13=1 C13=1 R13=1 S13=1 Y12=1 X12=1 Z12=1 C12=1 R12=1 S12=1 Y11=1 X11=1 Z11=1 C11=1 R11=1 S11=1 Y10=1 X10=1 Z10=1 C10=1 R10=1 S10=1 Y9=1 X9=1 Z9=1 C9=1 R9=1 S9=1 Y8=1 X8=1 Z8=1 C8=1 R8=1 S8=1 Y7=1 X7=1 Z7=1 C7=1 R7=1 S7=1 Y6=1 X6=1 Z6=1 C6=1 R6=1 S6=1 Y5=1 X5=1 Z5=1 C5=1 R5=1 S5=1 Y4=1 X4=1 Z4=1 C4=1 R4=1 S4=1 Y3=1 X3=1 Z3=1 C3=1 R3=1 S3=1 Y2=1 X2=1 Z2=1 C2=1 R2=1 S2=1 Y1=1 X1=1 Z1=1 C1=1 R1=1 S1=1 Y0=1 X0=1 Z0=1 C0=1 R0=1 S0=1] Compute] 
resnet18_17layer_2026-02-21T06:47:35.000050,resnet18,17layer,full,17,eyeriss,thesis_arch,1056,524,128,128,64,1,False,True,,1.140e+05,3.042e+06,3.53e+05,"(6045110464, 2543810304)",0.0016443321164842928,1.7528247833251953,DRAM[P=7 Q=7 Z16=1 C16=1 R16=1 S16=1 Y15=7 X15=7 Z15=1 C15=1 R15=1 S15=1 Y14=7 X14=7 Z14=1 C14=1 R14=1 S14=1 Y13=14 X13=14 Z13=1 C13=1 R13=1 S13=1 Y12=14 X12=14 Z12=1 C12=1 R12=1 S12=1 Y11=14 X11=14 Z11=1 C11=1 R11=1 S11=1 Y10=14 X10=14 Z10=1 C10=1 R10=1 S10=1 Y9=28 X9=28 Z9=1 C9=1 R9=1 S9=1 Y8=28 X8=28 Z8=1 C8=1 R8=1 S8=1 Y7=28 X7=28 Z7=1 C7=1 R7=1 S7=1 Y6=28 X6=28 Z6=1 C6=1 R6=1 S6=1 Y5=56 X5=56 Z5=1 C5=1 R5=1 S5=1 Y4=56 X4=56 Z4=1 C4=1 R4=1 S4=1 Y3=56 X3=56 Z3=1 C3=1 R3=1 S3=1 Y2=56 X2=56 Z2=1 C2=1 R2=1 S2=1 Y1=56 X1=56 Z1=1 C1=1 R1=1 S1=1 Y0=112 X0=112 Z0=1 C0=1 R0=1 S0=1] GlobalBuffer[P=1 Q=1 Z16=1 C16=1 R16=1 S16=1 Y15=1 X15=1 Z15=1 C15=1 R15=1 S15=1 Y14=1 X14=1 Z14=1 C14=1 R14=1 S14=1 Y13=1 X13=1 Z13=1 C13=1 R13=1 S13=1 Y12=1 X12=1 Z12=1 C12=1 R12=1 S12=1 Y11=1 X11=1 Z11=1 C11=1 R11=1 S11=1 Y10=1 X10=1 Z10=1 C10=1 R10=1 S10=1 Y9=1 X9=1 Z9=1 C9=1 R9=1 S9=1 Y8=1 X8=1 Z8=1 C8=1 R8=1 S8=1 Y7=1 X7=1 Z7=1 C7=1 R7=1 S7=1 Y6=1 X6=1 Z6=1 C6=1 R6=1 S6=1 Y5=1 X5=1 Z5=1 C5=1 R5=1 S5=1 Y4=1 X4=1 Z4=1 C4=1 R4=1 S4=1 Y3=1 X3=1 Z3=1 C3=1 R3=1 S3=1 Y2=1 X2=1 Z2=1 C2=1 R2=1 S2=1 Y1=1 X1=1 Z1=1 C1=1 R1=1 S1=1 Y0=1 X0=1 Z0=1 C0=1 R0=1 S0=1] SACols[Q=1 Z16=64] SARows[S16=3 C16=32 Z16=1] SACols_15[X15=1 Z15=64] SARows_15[S15=3 C15=32 Z15=1] SACols_14[X14=1 Z14=64] SARows_14[S14=3 C14=32 Z14=1] SACols_13[X13=1 Z13=64] SARows_13[S13=3 C13=32 Z13=1] SACols_12[X12=1 Z12=64] SARows_12[S12=3 C12=32 Z12=1] SACols_11[X11=1 Z11=64] SARows_11[S11=3 C11=32 Z11=1] SACols_10[X10=1 Z10=64] SARows_10[S10=3 C10=32 Z10=1] SACols_9[X9=1 Z9=64] SARows_9[S9=3 C9=32 Z9=1] SACols_8[X8=1 Z8=64] SARows_8[S8=3 C8=32 Z8=1] SACols_7[X7=1 Z7=64] SARows_7[S7=3 C7=32 Z7=1] SACols_6[X6=1 Z6=64] SARows_6[S6=3 C6=32 Z6=1] SACols_5[X5=1 Z5=64] SARows_5[S5=3 C5=32 Z5=1] SACols_4[X4=1 Z4=64] SARows_4[S4=3 C4=32 Z4=1] SACols_3[X3=1 Z3=64] SARows_3[S3=3 C3=32 Z3=1] SACols_2[X2=1 Z2=64] SARows_2[S2=3 C2=32 Z2=1] SACols_1[X1=1 Z1=64] SARows_1[S1=3 C1=32 Z1=1] SACols_0[X0=1 Z0=64] SARows_0[S0=7 C0=3 Z0=1] InRegister[P=1 Q=1 Z16=1 C16=1 R16=1 S16=1 Y15=1 X15=1 Z15=1 C15=1 R15=1 S15=1 Y14=1 X14=1 Z14=1 C14=1 R14=1 S14=1 Y13=1 X13=1 Z13=1 C13=1 R13=1 S13=1 Y12=1 X12=1 Z12=1 C12=1 R12=1 S12=1 Y11=1 X11=1 Z11=1 C11=1 R11=1 S11=1 Y10=1 X10=1 Z10=1 C10=1 R10=1 S10=1 Y9=1 X9=1 Z9=1 C9=1 R9=1 S9=1 Y8=1 X8=1 Z8=1 C8=1 R8=1 S8=1 Y7=1 X7=1 Z7=1 C7=1 R7=1 S7=1 Y6=1 X6=1 Z6=1 C6=1 R6=1 S6=1 Y5=1 X5=1 Z5=1 C5=1 R5=1 S5=1 Y4=1 X4=1 Z4=1 C4=1 R4=1 S4=1 Y3=1 X3=1 Z3=1 C3=1 R3=1 S3=1 Y2=1 X2=1 Z2=1 C2=1 R2=1 S2=1 Y1=1 X1=1 Z1=1 C1=1 R1=1 S1=1 Y0=1 X0=1 Z0=1 C0=1 R0=1 S0=1] WRegister[P=1 Q=1 Z16=1 C16=16 R16=3 S16=1 Y15=1 X15=1 Z15=1 C15=16 R15=3 S15=1 Y14=1 X14=1 Z14=1 C14=16 R14=3 S14=1 Y13=1 X13=1 Z13=1 C13=8 R13=3 S13=1 Y12=1 X12=1 Z12=1 C12=8 R12=3 S12=1 Y11=1 X11=1 Z11=1 C11=8 R11=3 S11=1 Y10=1 X10=1 Z10=1 C10=8 R10=3 S10=1 Y9=1 X9=1 Z9=1 C9=4 R9=3 S9=1 Y8=1 X8=1 Z8=1 C8=4 R8=3 S8=1 Y7=1 X7=1 Z7=1 C7=4 R7=3 S7=1 Y6=1 X6=1 Z6=1 C6=4 R6=3 S6=1 Y5=1 X5=1 Z5=1 C5=2 R5=3 S5=1 Y4=1 X4=1 Z4=1 C4=2 R4=3 S4=1 Y3=1 X3=1 Z3=1 C3=2 R3=3 S3=1 Y2=1 X2=1 Z2=1 C2=2 R2=3 S2=1 Y1=1 X1=1 Z1=1 C1=2 R1=3 S1=1 Y0=1 X0=1 Z0=1 C0=1 R0=7 S0=1] IntermediateRegister[P=1 Q=1 Z16=1 C16=1 R16=1 S16=1 Y15=1 X15=1 Z15=8 C15=1 R15=1 S15=1 Y14=1 X14=1 Z14=8 C14=1 R14=1 S14=1 Y13=1 X13=1 Z13=8 C13=1 R13=1 S13=1 Y12=1 X12=1 Z12=4 C12=1 R12=1 S12=1 Y11=1 X11=1 Z11=4 C11=1 R11=1 S11=1 Y10=1 X10=1 Z10=4 C10=1 R10=1 S10=1 Y9=1 X9=1 Z9=4 C9=1 R9=1 S9=1 Y8=1 X8=1 Z8=2 C8=1 R8=1 S8=1 Y7=1 X7=1 Z7=2 C7=1 R7=1 S7=1 Y6=1 X6=1 Z6=2 C6=1 R6=1 S6=1 Y5=1 X5=1 Z5=2 C5=1 R5=1 S5=1 Y4=1 X4=1 Z4=1 C4=1 R4=1 S4=1 Y3=1 X3=1 Z3=1 C3=1 R3=1 S3=1 Y2=1 X2=1 Z2=1 C2=1 R2=1 S2=1 Y1=1 X1=1 Z1=1 C1=1 R1=1 S1=1 Y0=1 X0=1 Z0=1 C0=1 R0=1 S0=1] OutRegister[P=1 Q=1 Z16=8 C16=1 R16=1 S16=1 Y15=1 X15=1 Z15=1 C15=1 R15=1 S15=1 Y14=1 X14=1 Z14=1 C14=1 R14=1 S14=1 Y13=1 X13=1 Z13=1 C13=1 R13=1 S13=1 Y12=1 X12=1 Z12=1 C12=1 R12=1 S12=1 Y11=1 X11=1 Z11=1 C11=1 R11=1 S11=1 Y10=1 X10=1 Z10=1 C10=1 R10=1 S10=1 Y9=1 X9=1 Z9=1 C9=1 R9=1 S9=1 Y8=1 X8=1 Z8=1 C8=1 R8=1 S8=1 Y7=1 X7=1 Z7=1 C7=1 R7=1 S7=1 Y6=1 X6=1 Z6=1 C6=1 R6=1 S6=1 Y5=1 X5=1 Z5=1 C5=1 R5=1 S5=1 Y4=1 X4=1 Z4=1 C4=1 R4=1 S4=1 Y3=1 X3=1 Z3=1 C3=1 R3=1 S3=1 Y2=1 X2=1 Z2=1 C2=1 R2=1 S2=1 Y1=1 X1=1 Z1=1 C1=1 R1=1 S1=1 Y0=1 X0=1 Z0=1 C0=1 R0=1 S0=1] Compute] 
resnet18_17layer_2026-02-21T06:47:37.836259,resnet18,17layer,full,17,eyeriss,thesis_arch,1056,524,128,128,128,1,False,True,,1.162e+05,3.042e+06,3.62e+05,"(6536433856, 2543810304)",5.138537864013415e-05,0.7260468006134033,DRAM[P=7 Q=7 Z16=1 C16=1 R16=1 S16=1 Y15=7 X15=7 Z15=1 C15=1 R15=1 S15=1 Y14=7 X14=7 Z14=1 C14=1 R14=1 S14=1 Y13=14 X13=14 Z13=1 C13=1 R13=1 S13=1 Y12=14 X12=14 Z12=1 C12=1 R12=1 S12=1 Y11=14 X11=14 Z11=1 C11=1 R11=1 S11=1 Y10=14 X10=14 Z10=1 C10=1 R10=1 S10=1 Y9=28 X9=28 Z9=1 C9=1 R9=1 S9=1 Y8=28 X8=28 Z8=1 C8=1 R8=1 S8=1 Y7=28 X7=28 Z7=1 C7=1 R7=1 S7=1 Y6=28 X6=28 Z6=1 C6=1 R6=1 S6=1 Y5=56 X5=56 Z5=1 C5=1 R5=1 S5=1 Y4=56 X4=56 Z4=1 C4=1 R4=1 S4=1 Y3=56 X3=56 Z3=1 C3=1 R3=1 S3=1 Y2=56 X2=56 Z2=1 C2=1 R2=1 S2=1 Y1=56 X1=56 Z1=1 C1=1 R1=1 S1=1 Y0=112 X0=112 Z0=1 C0=1 R0=1 S0=1] GlobalBuffer[P=1 Q=1 Z16=1 C16=1 R16=1 S16=1 Y15=1 X15=1 Z15=1 C15=1 R15=1 S15=1 Y14=1 X14=1 Z14=1 C14=1 R14=1 S14=1 Y13=1 X13=1 Z13=1 C13=1 R13=1 S13=1 Y12=1 X12=1 Z12=1 C12=1 R12=1 S12=1 Y11=1 X11=1 Z11=1 C11=1 R11=1 S11=1 Y10=1 X10=1 Z10=1 C10=1 R10=1 S10=1 Y9=1 X9=1 Z9=1 C9=1 R9=1 S9=1 Y8=1 X8=1 Z8=1 C8=1 R8=1 S8=1 Y7=1 X7=1 Z7=1 C7=1 R7=1 S7=1 Y6=1 X6=1 Z6=1 C6=1 R6=1 S6=1 Y5=1 X5=1 Z5=1 C5=1 R5=1 S5=1 Y4=1 X4=1 Z4=1 C4=1 R4=1 S4=1 Y3=1 X3=1 Z3=1 C3=1 R3=1 S3=1 Y2=1 X2=1 Z2=1 C2=1 R2=1 S2=1 Y1=1 X1=1 Z1=1 C1=1 R1=1 S1=1 Y0=1 X0=1 Z0=1 C0=1 R0=1 S0=1] SACols[Q=1 Z16=128] SARows[S16=3 C16=32 Z16=1] SACols_15[X15=1 Z15=128] SARows_15[S15=3 C15=32 Z15=1] SACols_14[X14=1 Z14=128] SARows_14[S14=3 C14=32 Z14=1] SACols_13[X13=1 Z13=128] SARows_13[S13=3 C13=32 Z13=1] SACols_12[X12=1 Z12=128] SARows_12[S12=3 C12=32 Z12=1] SACols_11[X11=1 Z11=128] SARows_11[S11=3 C11=32 Z11=1] SACols_10[X10=1 Z10=128] SARows_10[S10=3 C10=32 Z10=1] SACols_9[X9=1 Z9=128] SARows_9[S9=3 C9=32 Z9=1] SACols_8[X8=1 Z8=128] SARows_8[S8=3 C8=32 Z8=1] SACols_7[X7=1 Z7=128] SARows_7[S7=3 C7=32 Z7=1] SACols_6[X6=1 Z6=128] SARows_6[S6=3 C6=32 Z6=1] SACols_5[X5=1 Z5=128] SARows_5[S5=3 C5=32 Z5=1] SACols_4[X4=1 Z4=64] SARows_4[S4=3 C4=32 Z4=1] SACols_3[X3=1 Z3=64] SARows_3[S3=3 C3=32 Z3=1] SACols_2[X2=1 Z2=64] SARows_2[S2=3 C2=32 Z2=1] SACols_1[X1=1 Z1=64] SARows_1[S1=3 C1=32 Z1=1] SACols_0[X0=1 Z0=64] SARows_0[S0=7 C0=3 Z0=1] InRegister[P=1 Q=1 Z16=1 C16=1 R16=1 S16=1 Y15=1 X15=1 Z15=1 C15=1 R15=1 S15=1 Y14=1 X14=1 Z14=1 C14=1 R14=1 S14=1 Y13=1 X13=1 Z13=1 C13=1 R13=1 S13=1 Y12=1 X12=1 Z12=1 C12=1 R12=1 S12=1 Y11=1 X11=1 Z11=1 C11=1 R11=1 S11=1 Y10=1 X10=1 Z10=1 C10=1 R10=1 S10=1 Y9=1 X9=1 Z9=1 C9=1 R9=1 S9=1 Y8=1 X8=1 Z8=1 C8=1 R8=1 S8=1 Y7=1 X7=1 Z7=1 C7=1 R7=1 S7=1 Y6=1 X6=1 Z6=1 C6=1 R6=1 S6=1 Y5=1 X5=1 Z5=1 C5=1 R5=1 S5=1 Y4=1 X4=1 Z4=1 C4=1 R4=1 S4=1 Y3=1 X3=1 Z3=1 C3=1 R3=1 S3=1 Y2=1 X2=1 Z2=1 C2=1 R2=1 S2=1 Y1=1 X1=1 Z1=1 C1=1 R1=1 S1=1 Y0=1 X0=1 Z0=1 C0=1 R0=1 S0=1] WRegister[P=1 Q=1 Z16=1 C16=16 R16=3 S16=1 Y15=1 X15=1 Z15=1 C15=16 R15=3 S15=1 Y14=1 X14=1 Z14=1 C14=16 R14=3 S14=1 Y13=1 X13=1 Z13=1 C13=8 R13=3 S13=1 Y12=1 X12=1 Z12=1 C12=8 R12=3 S12=1 Y11=1 X11=1 Z11=1 C11=8 R11=3 S11=1 Y10=1 X10=1 Z10=1 C10=8 R10=3 S10=1 Y9=1 X9=1 Z9=1 C9=4 R9=3 S9=1 Y8=1 X8=1 Z8=1 C8=4 R8=3 S8=1 Y7=1 X7=1 Z7=1 C7=4 R7=3 S7=1 Y6=1 X6=1 Z6=1 C6=4 R6=3 S6=1 Y5=1 X5=1 Z5=1 C5=2 R5=3 S5=1 Y4=1 X4=1 Z4=1 C4=2 R4=3 S4=1 Y3=1 X3=1 Z3=1 C3=2 R3=3 S3=1 Y2=1 X2=1 Z2=1 C2=2 R2=3 S2=1 Y1=1 X1=1 Z1=1 C1=2 R1=3 S1=1 Y0=1 X0=1 Z0=1 C0=1 R0=7 S0=1] IntermediateRegister[P=1 Q=1 Z16=1 C16=1 R16=1 S16=1 Y15=1 X15=1 Z15=4 C15=1 R15=1 S15=1 Y14=1 X14=1 Z14=4 C14=1 R14=1 S14=1 Y13=1 X13=1 Z13=4 C13=1 R13=1 S13=1 Y12=1 X12=1 Z12=2 C12=1 R12=1 S12=1 Y11=1 X11=1 Z11=2 C11=1 R11=1 S11=1 Y10=1 X10=1 Z10=2 C10=1 R10=1 S10=1 Y9=1 X9=1 Z9=2 C9=1 R9=1 S9=1 Y8=1 X8=1 Z8=1 C8=1 R8=1 S8=1 Y7=1 X7=1 Z7=1 C7=1 R7=1 S7=1 Y6=1 X6=1 Z6=1 C6=1 R6=1 S6=1 Y5=1 X5=1 Z5=1 C5=1 R5=1 S5=1 Y4=1 X4=1 Z4=1 C4=1 R4=1 S4=1 Y3=1 X3=1 Z3=1 C3=1 R3=1 S3=1 Y2=1 X2=1 Z2=1 C2=1 R2=1 S2=1 Y1=1 X1=1 Z1=1 C1=1 R1=1 S1=1 Y0=1 X0=1 Z0=1 C0=1 R0=1 S0=1] OutRegister[P=1 Q=1 Z16=4 C16=1 R16=1 S16=1 Y15=1 X15=1 Z15=1 C15=1 R15=1 S15=1 Y14=1 X14=1 Z14=1 C14=1 R14=1 S14=1 Y13=1 X13=1 Z13=1 C13=1 R13=1 S13=1 Y12=1 X12=1 Z12=1 C12=1 R12=1 S12=1 Y11=1 X11=1 Z11=1 C11=1 R11=1 S11=1 Y10=1 X10=1 Z10=1 C10=1 R10=1 S10=1 Y9=1 X9=1 Z9=1 C9=1 R9=1 S9=1 Y8=1 X8=1 Z8=1 C8=1 R8=1 S8=1 Y7=1 X7=1 Z7=1 C7=1 R7=1 S7=1 Y6=1 X6=1 Z6=1 C6=1 R6=1 S6=1 Y5=1 X5=1 Z5=1 C5=1 R5=1 S5=1 Y4=1 X4=1 Z4=1 C4=1 R4=1 S4=1 Y3=1 X3=1 Z3=1 C3=1 R3=1 S3=1 Y2=1 X2=1 Z2=1 C2=1 R2=1 S2=1 Y1=1 X1=1 Z1=1 C1=1 R1=1 S1=1 Y0=1 X0=1 Z0=1 C0=1 R0=1 S0=1] Compute] 
resnet18_17layer_2026-02-21T06:47:39.493306,resnet18,17layer,full,17,eyeriss,thesis_arch,1056,524,128,256,4,1,False,False,"Ill-posed constraints:
CONSTRAINTS VIOLATION: Arch: Eyeriss_Constrained_17L_tile1_4x256 -> Level: WRegister: memory footprint: 14318 VS memory available: 3600
CONSTRAINTS VIOLATION: Arch: Eyeriss_Constrained_17L_tile1_4x256 -> Level: IntermediateRegister: memory footprint: 834 VS memory available: 300
CONSTRAINTS VIOLATION: Arch: Eyeriss_Constrained_17L_tile1_4x256 -> Level: OutRegister: memory footprint: 128 VS memory available: 64",0.000e+00,0.000e+00,0.00e+00,0,0.0,0.0,
resnet18_17layer_2026-02-21T06:47:40.043886,resnet18,17layer,full,17,eyeriss,thesis_arch,1056,524,128,256,16,1,False,True,,1.121e+05,3.059e+06,3.45e+05,"(5522477248, 2736486144)",0.0032886642329685856,0.5250976085662842,DRAM[P=7 Q=7 Z16=1 C16=1 R16=1 S16=1 Y15=7 X15=7 Z15=1 C15=1 R15=1 S15=1 Y14=7 X14=7 Z14=1 C14=1 R14=1 S14=1 Y13=14 X13=14 Z13=1 C13=1 R13=1 S13=1 Y12=14 X12=14 Z12=1 C12=1 R12=1 S12=1 Y11=14 X11=14 Z11=1 C11=1 R11=1 S11=1 Y10=14 X10=14 Z10=1 C10=1 R10=1 S10=1 Y9=28 X9=28 Z9=1 C9=1 R9=1 S9=1 Y8=28 X8=28 Z8=1 C8=1 R8=1 S8=1 Y7=28 X7=28 Z7=1 C7=1 R7=1 S7=1 Y6=28 X6=28 Z6=1 C6=1 R6=1 S6=1 Y5=56 X5=56 Z5=1 C5=1 R5=1 S5=1 Y4=56 X4=56 Z4=1 C4=1 R4=1 S4=1 Y3=56 X3=56 Z3=1 C3=1 R3=1 S3=1 Y2=56 X2=56 Z2=1 C2=1 R2=1 S2=1 Y1=56 X1=56 Z1=1 C1=1 R1=1 S1=1 Y0=112 X0=112 Z0=1 C0=1 R0=1 S0=1] GlobalBuffer[P=1 Q=1 Z16=1 C16=1 R16=1 S16=1 Y15=1 X15=1 Z15=1 C15=1 R15=1 S15=1 Y14=1 X14=1 Z14=1 C14=1 R14=1 S14=1 Y13=1 X13=1 Z13=1 C13=1 R13=1 S13=1 Y12=1 X12=1 Z12=1 C12=1 R12=1 S12=1 Y11=1 X11=1 Z11=1 C11=1 R11=1 S11=1 Y10=1 X10=1 Z10=1 C10=1 R10=1 S10=1 Y9=1 X9=1 Z9=1 C9=1 R9=1 S9=1 Y8=1 X8=1 Z8=1 C8=1 R8=1 S8=1 Y7=1 X7=1 Z7=1 C7=1 R7=1 S7=1 Y6=1 X6=1 Z6=1 C6=1 R6=1 S6=1 Y5=1 X5=1 Z5=1 C5=1 R5=1 S5=1 Y4=1 X4=1 Z4=1 C4=1 R4=1 S4=1 Y3=1 X3=1 Z3=1 C3=1 R3=1 S3=1 Y2=1 X2=1 Z2=1 C2=1 R2=1 S2=1 Y1=1 X1=1 Z1=1 C1=1 R1=1 S1=1 Y0=1 X0=1 Z0=1 C0=1 R0=1 S0=1] SACols[Q=1 Z16=16] SARows[S16=3 C16=64 Z16=1] SACols_15[X15=1 Z15=16] SARows_15[S15=3 C15=64 Z15=1] SACols_14[X14=1 Z14=16] SARows_14[S14=3 C14=64 Z14=1] SACols_13[X13=1 Z13=16] SARows_13[S13=3 C13=64 Z13=1] SACols_12[X12=1 Z12=16] SARows_12[S12=3 C12=64 Z12=1] SACols_11[X11=1 Z11=16] SARows_11[S11=3 C11=64 Z11=1] SACols_10[X10=1 Z10=16] SARows_10[S10=3 C10=64 Z10=1] SACols_9[X9=1 Z9=16] SARows_9[S9=3 C9=64 Z9=1] SACols_8[X8=1 Z8=16] SARows_8[S8=3 C8=64 Z8=1] SACols_7[X7=1 Z7=16] SARows_7[S7=3 C7=64 Z7=1] SACols_6[X6=1 Z6=16] SARows_6[S6=3 C6=64 Z6=1] SACols_5[X5=1 Z5=16] SARows_5[S5=3 C5=64 Z5=1] SACols_4[X4=1 Z4=16] SARows_4[S4=3 C4=64 Z4=1] SACols_3[X3=1 Z3=16] SARows_3[S3=3 C3=64 Z3=1] SACols_2[X2=1 Z2=16] SARows_2[S2=3 C2=64 Z2=1] SACols_1[X1=1 Z1=16] SARows_1[S1=3 C1=64 Z1=1] SACols_0[X0=1 Z0=16] SARows_0[S0=7 C0=3 Z0=4] InRegister[P=1 Q=1 Z16=1 C16=1 R16=1 S16=1 Y15=1 X15=1 Z15=1 C15=1 R15=1 S15=1 Y14=1 X14=1 Z14=1 C14=1 R14=1 S14=1 Y13=1 X13=1 Z13=1 C13=1 R13=1 S13=1 Y12=1 X12=1 Z12=1 C12=1 R12=1 S12=1 Y11=1 X11=1 Z11=1 C11=1 R11=1 S11=1 Y10=1 X10=1 Z10=1 C10=1 R10=1 S10=1 Y9=1 X9=1 Z9=1 C9=1 R9=1 S9=1 Y8=1 X8=1 Z8=1 C8=1 R8=1 S8=1 Y7=1 X7=1 Z7=1 C7=1 R7=1 S7=1 Y6=1 X6=1 Z6=1 C6=1 R6=1 S6=1 Y5=1 X5=1 Z5=1 C5=1 R5=1 S5=1 Y4=1 X4=1 Z4=1 C4=1 R4=1 S4=1 Y3=1 X3=1 Z3=1 C3=1 R3=1 S3=1 Y2=1 X2=1 Z2=1 C2=1 R2=1 S2=1 Y1=1 X1=1 Z1=1 C1=1 R1=1 S1=1 Y0=1 X0=1 Z0=1 C0=1 R0=1 S0=1] WRegister[P=1 Q=1 Z16=1 C16=8 R16=3 S16=1 Y15=1 X15=1 Z15=1 C15=8 R15=3 S15=1 Y14=1 X14=1 Z14=1 C14=8 R14=3 S14=1 Y13=1 X13=1 Z13=1 C13=4 R13=3 S13=1 Y12=1 X12=1 Z12=1 C12=4 R12=3 S12=1 Y11=1 X11=1 Z11=1 C11=4 R11=3 S11=1 Y10=1 X10=1 Z10=1 C10=4 R10=3 S10=1 Y9=1 X9=1 Z9=1 C9=2 R9=3 S9=1 Y8=1 X8=1 Z8=1 C8=2 R8=3 S8=1 Y7=1 X7=1 Z7=1 C7=2 R7=3 S7=1 Y6=1 X6=1 Z6=1 C6=2 R6=3 S6=1 Y5=1 X5=1 Z5=1 C5=1 R5=3 S5=1 Y4=1 X4=1 Z4=1 C4=1 R4=3 S4=1 Y3=1 X3=1 Z3=1 C3=1 R3=3 S3=1 Y2=1 X2=1 Z2=1 C2=1 R2=3 S2=1 Y1=1 X1=1 Z1=1 C1=1 R1=3 S1=1 Y0=1 X0=1 Z0=1 C0=1 R0=7 S0=1] IntermediateRegister[P=1 Q=1 Z16=1 C16=1 R16=1 S16=1 Y15=1 X15=1 Z15=32 C15=1 R15=1 S15=1 Y14=1 X14=1 Z14=32 C14=1 R14=1 S14=1 Y13=1 X13=1 Z13=32 C13=1 R13=1 S13=1 Y12=1 X12=1 Z12=16 C12=1 R12=1 S12=1 Y11=1 X11=1 Z11=16 C11=1 R11=1 S11=1 Y10=1 X10=1 Z10=16 C10=1 R10=1 S10=1 Y9=1 X9=1 Z9=16 C9=1 R9=1 S9=1 Y8=1 X8=1 Z8=8 C8=1 R8=1 S8=1 Y7=1 X7=1 Z7=8 C7=1 R7=1 S7=1 Y6=1 X6=1 Z6=8 C6=1 R6=1 S6=1 Y5=1 X5=1 Z5=8 C5=1 R5=1 S5=1 Y4=1 X4=1 Z4=4 C4=1 R4=1 S4=1 Y3=1 X3=1 Z3=4 C3=1 R3=1 S3=1 Y2=1 X2=1 Z2=4 C2=1 R2=1 S2=1 Y1=1 X1=1 Z1=4 C1=1 R1=1 S1=1 Y0=1 X0=1 Z0=1 C0=1 R0=1 S0=1] OutRegister[P=1 Q=1 Z16=32 C16=1 R16=1 S16=1 Y15=1 X15=1 Z15=1 C15=1 R15=1 S15=1 Y14=1 X14=1 Z14=1 C14=1 R14=1 S14=1 Y13=1 X13=1 Z13=1 C13=1 R13=1 S13=1 Y12=1 X12=1 Z12=1 C12=1 R12=1 S12=1 Y11=1 X11=1 Z11=1 C11=1 R11=1 S11=1 Y10=1 X10=1 Z10=1 C10=1 R10=1 S10=1 Y9=1 X9=1 Z9=1 C9=1 R9=1 S9=1 Y8=1 X8=1 Z8=1 C8=1 R8=1 S8=1 Y7=1 X7=1 Z7=1 C7=1 R7=1 S7=1 Y6=1 X6=1 Z6=1 C6=1 R6=1 S6=1 Y5=1 X5=1 Z5=1 C5=1 R5=1 S5=1 Y4=1 X4=1 Z4=1 C4=1 R4=1 S4=1 Y3=1 X3=1 Z3=1 C3=1 R3=1 S3=1 Y2=1 X2=1 Z2=1 C2=1 R2=1 S2=1 Y1=1 X1=1 Z1=1 C1=1 R1=1 S1=1 Y0=1 X0=1 Z0=1 C0=1 R0=1 S0=1] Compute] 
resnet18_17layer_2026-02-21T06:47:41.094672,resnet18,17layer,full,17,eyeriss,thesis_arch,1056,524,128,256,32,1,False,True,,1.132e+05,3.042e+06,3.48e+05,"(5760913600, 2736486144)",0.0016443321164842928,1.2071006298065186,DRAM[P=7 Q=7 Z16=1 C16=1 R16=1 S16=1 Y15=7 X15=7 Z15=1 C15=1 R15=1 S15=1 Y14=7 X14=7 Z14=1 C14=1 R14=1 S14=1 Y13=14 X13=14 Z13=1 C13=1 R13=1 S13=1 Y12=14 X12=14 Z12=1 C12=1 R12=1 S12=1 Y11=14 X11=14 Z11=1 C11=1 R11=1 S11=1 Y10=14 X10=14 Z10=1 C10=1 R10=1 S10=1 Y9=28 X9=28 Z9=1 C9=1 R9=1 S9=1 Y8=28 X8=28 Z8=1 C8=1 R8=1 S8=1 Y7=28 X7=28 Z7=1 C7=1 R7=1 S7=1 Y6=28 X6=28 Z6=1 C6=1 R6=1 S6=1 Y5=56 X5=56 Z5=1 C5=1 R5=1 S5=1 Y4=56 X4=56 Z4=1 C4=1 R4=1 S4=1 Y3=56 X3=56 Z3=1 C3=1 R3=1 S3=1 Y2=56 X2=56 Z2=1 C2=1 R2=1 S2=1 Y1=56 X1=56 Z1=1 C1=1 R1=1 S1=1 Y0=112 X0=112 Z0=1 C0=1 R0=1 S0=1] GlobalBuffer[P=1 Q=1 Z16=1 C16=1 R16=1 S16=1 Y15=1 X15=1 Z15=1 C15=1 R15=1 S15=1 Y14=1 X14=1 Z14=1 C14=1 R14=1 S14=1 Y13=1 X13=1 Z13=1 C13=1 R13=1 S13=1 Y12=1 X12=1 Z12=1 C12=1 R12=1 S12=1 Y11=1 X11=1 Z11=1 C11=1 R11=1 S11=1 Y10=1 X10=1 Z10=1 C10=1 R10=1 S10=1 Y9=1 X9=1 Z9=1 C9=1 R9=1 S9=1 Y8=1 X8=1 Z8=1 C8=1 R8=1 S8=1 Y7=1 X7=1 Z7=1 C7=1 R7=1 S7=1 Y6=1 X6=1 Z6=1 C6=1 R6=1 S6=1 Y5=1 X5=1 Z5=1 C5=1 R5=1 S5=1 Y4=1 X4=1 Z4=1 C4=1 R4=1 S4=1 Y3=1 X3=1 Z3=1 C3=1 R3=1 S3=1 Y2=1 X2=1 Z2=1 C2=1 R2=1 S2=1 Y1=1 X1=1 Z1=1 C1=1 R1=1 S1=1 Y0=1 X0=1 Z0=1 C0=1 R0=1 S0=1] SACols[Q=1 Z16=32] SARows[S16=3 C16=64 Z16=1] SACols_15[X15=1 Z15=32] SARows_15[S15=3 C15=64 Z15=1] SACols_14[X14=1 Z14=32] SARows_14[S14=3 C14=64 Z14=1] SACols_13[X13=1 Z13=32] SARows_13[S13=3 C13=64 Z13=1] SACols_12[X12=1 Z12=32] SARows_12[S12=3 C12=64 Z12=1] SACols_11[X11=1 Z11=32] SARows_11[S11=3 C11=64 Z11=1] SACols_10[X10=1 Z10=32] SARows_10[S10=3 C10=64 Z10=1] SACols_9[X9=1 Z9=32] SARows_9[S9=3 C9=64 Z9=1] SACols_8[X8=1 Z8=32] SARows_8[S8=3 C8=64 Z8=1] SACols_7[X7=1 Z7=32] SARows_7[S7=3 C7=64 Z7=1] SACols_6[X6=1 Z6=32] SARows_6[S6=3 C6=64 Z6=1] SACols_5[X5=1 Z5=32] SARows_5[S5=3 C5=64 Z5=1] SACols_4[X4=1 Z4=32] SARows_4[S4=3 C4=64 Z4=1] SACols_3[X3=1 Z3=32] SARows_3[S3=3 C3=64 Z3=1] SACols_2[X2=1 Z2=32] SARows_2[S2=3 C2=64 Z2=1] SACols_1[X1=1 Z1=32] SARows_1[S1=3 C1=64 Z1=1] SACols_0[X0=1 Z0=32] SARows_0[S0=7 C0=3 Z0=2] InRegister[P=1 Q=1 Z16=1 C16=1 R16=1 S16=1 Y15=1 X15=1 Z15=1 C15=1 R15=1 S15=1 Y14=1 X14=1 Z14=1 C14=1 R14=1 S14=1 Y13=1 X13=1 Z13=1 C13=1 R13=1 S13=1 Y12=1 X12=1 Z12=1 C12=1 R12=1 S12=1 Y11=1 X11=1 Z11=1 C11=1 R11=1 S11=1 Y10=1 X10=1 Z10=1 C10=1 R10=1 S10=1 Y9=1 X9=1 Z9=1 C9=1 R9=1 S9=1 Y8=1 X8=1 Z8=1 C8=1 R8=1 S8=1 Y7=1 X7=1 Z7=1 C7=1 R7=1 S7=1 Y6=1 X6=1 Z6=1 C6=1 R6=1 S6=1 Y5=1 X5=1 Z5=1 C5=1 R5=1 S5=1 Y4=1 X4=1 Z4=1 C4=1 R4=1 S4=1 Y3=1 X3=1 Z3=1 C3=1 R3=1 S3=1 Y2=1 X2=1 Z2=1 C2=1 R2=1 S2=1 Y1=1 X1=1 Z1=1 C1=1 R1=1 S1=1 Y0=1 X0=1 Z0=1 C0=1 R0=1 S0=1] WRegister[P=1 Q=1 Z16=1 C16=8 R16=3 S16=1 Y15=1 X15=1 Z15=1 C15=8 R15=3 S15=1 Y14=1 X14=1 Z14=1 C14=8 R14=3 S14=1 Y13=1 X13=1 Z13=1 C13=4 R13=3 S13=1 Y12=1 X12=1 Z12=1 C12=4 R12=3 S12=1 Y11=1 X11=1 Z11=1 C11=4 R11=3 S11=1 Y10=1 X10=1 Z10=1 C10=4 R10=3 S10=1 Y9=1 X9=1 Z9=1 C9=2 R9=3 S9=1 Y8=1 X8=1 Z8=1 C8=2 R8=3 S8=1 Y7=1 X7=1 Z7=1 C7=2 R7=3 S7=1 Y6=1 X6=1 Z6=1 C6=2 R6=3 S6=1 Y5=1 X5=1 Z5=1 C5=1 R5=3 S5=1 Y4=1 X4=1 Z4=1 C4=1 R4=3 S4=1 Y3=1 X3=1 Z3=1 C3=1 R3=3 S3=1 Y2=1 X2=1 Z2=1 C2=1 R2=3 S2=1 Y1=1 X1=1 Z1=1 C1=1 R1=3 S1=1 Y0=1 X0=1 Z0=1 C0=1 R0=7 S0=1] IntermediateRegister[P=1 Q=1 Z16=1 C16=1 R16=1 S16=1 Y15=1 X15=1 Z15=16 C15=1 R15=1 S15=1 Y14=1 X14=1 Z14=16 C14=1 R14=1 S14=1 Y13=1 X13=1 Z13=16 C13=1 R13=1 S13=1 Y12=1 X12=1 Z12=8 C12=1 R12=1 S12=1 Y11=1 X11=1 Z11=8 C11=1 R11=1 S11=1 Y10=1 X10=1 Z10=8 C10=1 R10=1 S10=1 Y9=1 X9=1 Z9=8 C9=1 R9=1 S9=1 Y8=1 X8=1 Z8=4 C8=1 R8=1 S8=1 Y7=1 X7=1 Z7=4 C7=1 R7=1 S7=1 Y6=1 X6=1 Z6=4 C6=1 R6=1 S6=1 Y5=1 X5=1 Z5=4 C5=1 R5=1 S5=1 Y4=1 X4=1 Z4=2 C4=1 R4=1 S4=1 Y3=1 X3=1 Z3=2 C3=1 R3=1 S3=1 Y2=1 X2=1 Z2=2 C2=1 R2=1 S2=1 Y1=1 X1=1 Z1=2 C1=1 R1=1 S1=1 Y0=1 X0=1 Z0=1 C0=1 R0=1 S0=1] OutRegister[P=1 Q=1 Z16=16 C16=1 R16=1 S16=1 Y15=1 X15=1 Z15=1 C15=1 R15=1 S15=1 Y14=1 X14=1 Z14=1 C14=1 R14=1 S14=1 Y13=1 X13=1 Z13=1 C13=1 R13=1 S13=1 Y12=1 X12=1 Z12=1 C12=1 R12=1 S12=1 Y11=1 X11=1 Z11=1 C11=1 R11=1 S11=1 Y10=1 X10=1 Z10=1 C10=1 R10=1 S10=1 Y9=1 X9=1 Z9=1 C9=1 R9=1 S9=1 Y8=1 X8=1 Z8=1 C8=1 R8=1 S8=1 Y7=1 X7=1 Z7=1 C7=1 R7=1 S7=1 Y6=1 X6=1 Z6=1 C6=1 R6=1 S6=1 Y5=1 X5=1 Z5=1 C5=1 R5=1 S5=1 Y4=1 X4=1 Z4=1 C4=1 R4=1 S4=1 Y3=1 X3=1 Z3=1 C3=1 R3=1 S3=1 Y2=1 X2=1 Z2=1 C2=1 R2=1 S2=1 Y1=1 X1=1 Z1=1 C1=1 R1=1 S1=1 Y0=1 X0=1 Z0=1 C0=1 R0=1 S0=1] Compute] 
resnet18_17layer_2026-02-21T06:47:42.832932,resnet18,17layer,full,17,eyeriss,thesis_arch,1056,524,128,256,64,1,False,True,,1.153e+05,3.042e+06,3.57e+05,"(6237786304, 2736486144)",0.0008221660582421464,0.4084928035736084,DRAM[P=7 Q=7 Z16=1 C16=1 R16=1 S16=1 Y15=7 X15=7 Z15=1 C15=1 R15=1 S15=1 Y14=7 X14=7 Z14=1 C14=1 R14=1 S14=1 Y13=14 X13=14 Z13=1 C13=1 R13=1 S13=1 Y12=14 X12=14 Z12=1 C12=1 R12=1 S12=1 Y11=14 X11=14 Z11=1 C11=1 R11=1 S11=1 Y10=14 X10=14 Z10=1 C10=1 R10=1 S10=1 Y9=28 X9=28 Z9=1 C9=1 R9=1 S9=1 Y8=28 X8=28 Z8=1 C8=1 R8=1 S8=1 Y7=28 X7=28 Z7=1 C7=1 R7=1 S7=1 Y6=28 X6=28 Z6=1 C6=1 R6=1 S6=1 Y5=56 X5=56 Z5=1 C5=1 R5=1 S5=1 Y4=56 X4=56 Z4=1 C4=1 R4=1 S4=1 Y3=56 X3=56 Z3=1 C3=1 R3=1 S3=1 Y2=56 X2=56 Z2=1 C2=1 R2=1 S2=1 Y1=56 X1=56 Z1=1 C1=1 R1=1 S1=1 Y0=112 X0=112 Z0=1 C0=1 R0=1 S0=1] GlobalBuffer[P=1 Q=1 Z16=1 C16=1 R16=1 S16=1 Y15=1 X15=1 Z15=1 C15=1 R15=1 S15=1 Y14=1 X14=1 Z14=1 C14=1 R14=1 S14=1 Y13=1 X13=1 Z13=1 C13=1 R13=1 S13=1 Y12=1 X12=1 Z12=1 C12=1 R12=1 S12=1 Y11=1 X11=1 Z11=1 C11=1 R11=1 S11=1 Y10=1 X10=1 Z10=1 C10=1 R10=1 S10=1 Y9=1 X9=1 Z9=1 C9=1 R9=1 S9=1 Y8=1 X8=1 Z8=1 C8=1 R8=1 S8=1 Y7=1 X7=1 Z7=1 C7=1 R7=1 S7=1 Y6=1 X6=1 Z6=1 C6=1 R6=1 S6=1 Y5=1 X5=1 Z5=1 C5=1 R5=1 S5=1 Y4=1 X4=1 Z4=1 C4=1 R4=1 S4=1 Y3=1 X3=1 Z3=1 C3=1 R3=1 S3=1 Y2=1 X2=1 Z2=1 C2=1 R2=1 S2=1 Y1=1 X1=1 Z1=1 C1=1 R1=1 S1=1 Y0=1 X0=1 Z0=1 C0=1 R0=1 S0=1] SACols[Q=1 Z16=64] SARows[S16=3 C16=64 Z16=1] SACols_15[X15=1 Z15=64] SARows_15[S15=3 C15=64 Z15=1] SACols_14[X14=1 Z14=64] SARows_14[S14=3 C14=64 Z14=1] SACols_13[X13=1 Z13=64] SARows_13[S13=3 C13=64 Z13=1] SACols_12[X12=1 Z12=64] SARows_12[S12=3 C12=64 Z12=1] SACols_11[X11=1 Z11=64] SARows_11[S11=3 C11=64 Z11=1] SACols_10[X10=1 Z10=64] SARows_10[S10=3 C10=64 Z10=1] SACols_9[X9=1 Z9=64] SARows_9[S9=3 C9=64 Z9=1] SACols_8[X8=1 Z8=64] SARows_8[S8=3 C8=64 Z8=1] SACols_7[X7=1 Z7=64] SARows_7[S7=3 C7=64 Z7=1] SACols_6[X6=1 Z6=64] SARows_6[S6=3 C6=64 Z6=1] SACols_5[X5=1 Z5=64] SARows_5[S5=3 C5=64 Z5=1] SACols_4[X4=1 Z4=64] SARows_4[S4=3 C4=64 Z4=1] SACols_3[X3=1 Z3=64] SARows_3[S3=3 C3=64 Z3=1] SACols_2[X2=1 Z2=64] SARows_2[S2=3 C2=64 Z2=1] SACols_1[X1=1 Z1=64] SARows_1[S1=3 C1=64 Z1=1] SACols_0[X0=1 Z0=64] SARows_0[S0=7 C0=3 Z0=1] InRegister[P=1 Q=1 Z16=1 C16=1 R16=1 S16=1 Y15=1 X15=1 Z15=1 C15=1 R15=1 S15=1 Y14=1 X14=1 Z14=1 C14=1 R14=1 S14=1 Y13=1 X13=1 Z13=1 C13=1 R13=1 S13=1 Y12=1 X12=1 Z12=1 C12=1 R12=1 S12=1 Y11=1 X11=1 Z11=1 C11=1 R11=1 S11=1 Y10=1 X10=1 Z10=1 C10=1 R10=1 S10=1 Y9=1 X9=1 Z9=1 C9=1 R9=1 S9=1 Y8=1 X8=1 Z8=1 C8=1 R8=1 S8=1 Y7=1 X7=1 Z7=1 C7=1 R7=1 S7=1 Y6=1 X6=1 Z6=1 C6=1 R6=1 S6=1 Y5=1 X5=1 Z5=1 C5=1 R5=1 S5=1 Y4=1 X4=1 Z4=1 C4=1 R4=1 S4=1 Y3=1 X3=1 Z3=1 C3=1 R3=1 S3=1 Y2=1 X2=1 Z2=1 C2=1 R2=1 S2=1 Y1=1 X1=1 Z1=1 C1=1 R1=1 S1=1 Y0=1 X0=1 Z0=1 C0=1 R0=1 S0=1] WRegister[P=1 Q=1 Z16=1 C16=8 R16=3 S16=1 Y15=1 X15=1 Z15=1 C15=8 R15=3 S15=1 Y14=1 X14=1 Z14=1 C14=8 R14=3 S14=1 Y13=1 X13=1 Z13=1 C13=4 R13=3 S13=1 Y12=1 X12=1 Z12=1 C12=4 R12=3 S12=1 Y11=1 X11=1 Z11=1 C11=4 R11=3 S11=1 Y10=1 X10=1 Z10=1 C10=4 R10=3 S10=1 Y9=1 X9=1 Z9=1 C9=2 R9=3 S9=1 Y8=1 X8=1 Z8=1 C8=2 R8=3 S8=1 Y7=1 X7=1 Z7=1 C7=2 R7=3 S7=1 Y6=1 X6=1 Z6=1 C6=2 R6=3 S6=1 Y5=1 X5=1 Z5=1 C5=1 R5=3 S5=1 Y4=1 X4=1 Z4=1 C4=1 R4=3 S4=1 Y3=1 X3=1 Z3=1 C3=1 R3=3 S3=1 Y2=1 X2=1 Z2=1 C2=1 R2=3 S2=1 Y1=1 X1=1 Z1=1 C1=1 R1=3 S1=1 Y0=1 X0=1 Z0=1 C0=1 R0=7 S0=1] IntermediateRegister[P=1 Q=1 Z16=1 C16=1 R16=1 S16=1 Y15=1 X15=1 Z15=8 C15=1 R15=1 S15=1 Y14=1 X14=1 Z14=8 C14=1 R14=1 S14=1 Y13=1 X13=1 Z13=8 C13=1 R13=1 S13=1 Y12=1 X12=1 Z12=4 C12=1 R12=1 S12=1 Y11=1 X11=1 Z11=4 C11=1 R11=1 S11=1 Y10=1 X10=1 Z10=4 C10=1 R10=1 S10=1 Y9=1 X9=1 Z9=4 C9=1 R9=1 S9=1 Y8=1 X8=1 Z8=2 C8=1 R8=1 S8=1 Y7=1 X7=1 Z7=2 C7=1 R7=1 S7=1 Y6=1 X6=1 Z6=2 C6=1 R6=1 S6=1 Y5=1 X5=1 Z5=2 C5=1 R5=1 S5=1 Y4=1 X4=1 Z4=1 C4=1 R4=1 S4=1 Y3=1 X3=1 Z3=1 C3=1 R3=1 S3=1 Y2=1 X2=1 Z2=1 C2=1 R2=1 S2=1 Y1=1 X1=1 Z1=1 C1=1 R1=1 S1=1 Y0=1 X0=1 Z0=1 C0=1 R0=1 S0=1] OutRegister[P=1 Q=1 Z16=8 C16=1 R16=1 S16=1 Y15=1 X15=1 Z15=1 C15=1 R15=1 S15=1 Y14=1 X14=1 Z14=1 C14=1 R14=1 S14=1 Y13=1 X13=1 Z13=1 C13=1 R13=1 S13=1 Y12=1 X12=1 Z12=1 C12=1 R12=1 S12=1 Y11=1 X11=1 Z11=1 C11=1 R11=1 S11=1 Y10=1 X10=1 Z10=1 C10=1 R10=1 S10=1 Y9=1 X9=1 Z9=1 C9=1 R9=1 S9=1 Y8=1 X8=1 Z8=1 C8=1 R8=1 S8=1 Y7=1 X7=1 Z7=1 C7=1 R7=1 S7=1 Y6=1 X6=1 Z6=1 C6=1 R6=1 S6=1 Y5=1 X5=1 Z5=1 C5=1 R5=1 S5=1 Y4=1 X4=1 Z4=1 C4=1 R4=1 S4=1 Y3=1 X3=1 Z3=1 C3=1 R3=1 S3=1 Y2=1 X2=1 Z2=1 C2=1 R2=1 S2=1 Y1=1 X1=1 Z1=1 C1=1 R1=1 S1=1 Y0=1 X0=1 Z0=1 C0=1 R0=1 S0=1] Compute] 
resnet18_17layer_2026-02-21T06:47:43.788631,resnet18,17layer,full,17,eyeriss,thesis_arch,1056,524,128,512,4,1,False,False,"Ill-posed constraints:
CONSTRAINTS VIOLATION: Arch: Eyeriss_Constrained_17L_tile1_4x512 -> Level: WRegister: memory footprint: 7159 VS memory available: 3600
CONSTRAINTS VIOLATION: Arch: Eyeriss_Constrained_17L_tile1_4x512 -> Level: IntermediateRegister: memory footprint: 785 VS memory available: 300
CONSTRAINTS VIOLATION: Arch: Eyeriss_Constrained_17L_tile1_4x512 -> Level: OutRegister: memory footprint: 128 VS memory available: 64",0.000e+00,0.000e+00,0.00e+00,0,0.0,0.0,
resnet18_17layer_2026-02-21T06:47:44.297475,resnet18,17layer,full,17,eyeriss,thesis_arch,1056,524,128,512,16,1,False,True,,1.138e+05,3.042e+06,3.49e+05,"(5821124800, 2890626816)",0.0016443321164842928,0.41962194442749023,DRAM[P=7 Q=7 Z16=1 C16=1 R16=1 S16=1 Y15=7 X15=7 Z15=1 C15=1 R15=1 S15=1 Y14=7 X14=7 Z14=1 C14=1 R14=1 S14=1 Y13=14 X13=14 Z13=1 C13=1 R13=1 S13=1 Y12=14 X12=14 Z12=1 C12=1 R12=1 S12=1 Y11=14 X11=14 Z11=1 C11=1 R11=1 S11=1 Y10=14 X10=14 Z10=1 C10=1 R10=1 S10=1 Y9=28 X9=28 Z9=1 C9=1 R9=1 S9=1 Y8=28 X8=28 Z8=1 C8=1 R8=1 S8=1 Y7=28 X7=28 Z7=1 C7=1 R7=1 S7=1 Y6=28 X6=28 Z6=1 C6=1 R6=1 S6=1 Y5=56 X5=56 Z5=1 C5=1 R5=1 S5=1 Y4=56 X4=56 Z4=1 C4=1 R4=1 S4=1 Y3=56 X3=56 Z3=1 C3=1 R3=1 S3=1 Y2=56 X2=56 Z2=1 C2=1 R2=1 S2=1 Y1=56 X1=56 Z1=1 C1=1 R1=1 S1=1 Y0=112 X0=112 Z0=1 C0=1 R0=1 S0=1] GlobalBuffer[P=1 Q=1 Z16=1 C16=1 R16=1 S16=1 Y15=1 X15=1 Z15=1 C15=1 R15=1 S15=1 Y14=1 X14=1 Z14=1 C14=1 R14=1 S14=1 Y13=1 X13=1 Z13=1 C13=1 R13=1 S13=1 Y12=1 X12=1 Z12=1 C12=1 R12=1 S12=1 Y11=1 X11=1 Z11=1 C11=1 R11=1 S11=1 Y10=1 X10=1 Z10=1 C10=1 R10=1 S10=1 Y9=1 X9=1 Z9=1 C9=1 R9=1 S9=1 Y8=1 X8=1 Z8=1 C8=1 R8=1 S8=1 Y7=1 X7=1 Z7=1 C7=1 R7=1 S7=1 Y6=1 X6=1 Z6=1 C6=1 R6=1 S6=1 Y5=1 X5=1 Z5=1 C5=1 R5=1 S5=1 Y4=1 X4=1 Z4=1 C4=1 R4=1 S4=1 Y3=1 X3=1 Z3=1 C3=1 R3=1 S3=1 Y2=1 X2=1 Z2=1 C2=1 R2=1 S2=1 Y1=1 X1=1 Z1=1 C1=1 R1=1 S1=1 Y0=1 X0=1 Z0=1 C0=1 R0=1 S0=1] SACols[Q=1 Z16=16] SARows[S16=3 C16=128 Z16=1] SACols_15[X15=1 Z15=16] SARows_15[S15=3 C15=128 Z15=1] SACols_14[X14=1 Z14=16] SARows_14[S14=3 C14=128 Z14=1] SACols_13[X13=1 Z13=16] SARows_13[S13=3 C13=128 Z13=1] SACols_12[X12=1 Z12=16] SARows_12[S12=3 C12=128 Z12=1] SACols_11[X11=1 Z11=16] SARows_11[S11=3 C11=128 Z11=1] SACols_10[X10=1 Z10=16] SARows_10[S10=3 C10=128 Z10=1] SACols_9[X9=1 Z9=16] SARows_9[S9=3 C9=128 Z9=1] SACols_8[X8=1 Z8=16] SARows_8[S8=3 C8=128 Z8=1] SACols_7[X7=1 Z7=16] SARows_7[S7=3 C7=128 Z7=1] SACols_6[X6=1 Z6=16] SARows_6[S6=3 C6=128 Z6=1] SACols_5[X5=1 Z5=16] SARows_5[S5=3 C5=64 Z5=2] SACols_4[X4=1 Z4=16] SARows_4[S4=3 C4=64 Z4=2] SACols_3[X3=1 Z3=16] SARows_3[S3=3 C3=64 Z3=2] SACols_2[X2=1 Z2=16] SARows_2[S2=3 C2=64 Z2=2] SACols_1[X1=1 Z1=16] SARows_1[S1=3 C1=64 Z1=2] SACols_0[X0=1 Z0=16] SARows_0[S0=7 C0=3 Z0=4] InRegister[P=1 Q=1 Z16=1 C16=1 R16=1 S16=1 Y15=1 X15=1 Z15=1 C15=1 R15=1 S15=1 Y14=1 X14=1 Z14=1 C14=1 R14=1 S14=1 Y13=1 X13=1 Z13=1 C13=1 R13=1 S13=1 Y12=1 X12=1 Z12=1 C12=1 R12=1 S12=1 Y11=1 X11=1 Z11=1 C11=1 R11=1 S11=1 Y10=1 X10=1 Z10=1 C10=1 R10=1 S10=1 Y9=1 X9=1 Z9=1 C9=1 R9=1 S9=1 Y8=1 X8=1 Z8=1 C8=1 R8=1 S8=1 Y7=1 X7=1 Z7=1 C7=1 R7=1 S7=1 Y6=1 X6=1 Z6=1 C6=1 R6=1 S6=1 Y5=1 X5=1 Z5=1 C5=1 R5=1 S5=1 Y4=1 X4=1 Z4=1 C4=1 R4=1 S4=1 Y3=1 X3=1 Z3=1 C3=1 R3=1 S3=1 Y2=1 X2=1 Z2=1 C2=1 R2=1 S2=1 Y1=1 X1=1 Z1=1 C1=1 R1=1 S1=1 Y0=1 X0=1 Z0=1 C0=1 R0=1 S0=1] WRegister[P=1 Q=1 Z16=1 C16=4 R16=3 S16=1 Y15=1 X15=1 Z15=1 C15=4 R15=3 S15=1 Y14=1 X14=1 Z14=1 C14=4 R14=3 S14=1 Y13=1 X13=1 Z13=1 C13=2 R13=3 S13=1 Y12=1 X12=1 Z12=1 C12=2 R12=3 S12=1 Y11=1 X11=1 Z11=1 C11=2 R11=3 S11=1 Y10=1 X10=1 Z10=1 C10=2 R10=3 S10=1 Y9=1 X9=1 Z9=1 C9=1 R9=3 S9=1 Y8=1 X8=1 Z8=1 C8=1 R8=3 S8=1 Y7=1 X7=1 Z7=1 C7=1 R7=3 S7=1 Y6=1 X6=1 Z6=1 C6=1 R6=3 S6=1 Y5=1 X5=1 Z5=1 C5=1 R5=3 S5=1 Y4=1 X4=1 Z4=1 C4=1 R4=3 S4=1 Y3=1 X3=1 Z3=1 C3=1 R3=3 S3=1 Y2=1 X2=1 Z2=1 C2=1 R2=3 S2=1 Y1=1 X1=1 Z1=1 C1=1 R1=3 S1=1 Y0=1 X0=1 Z0=1 C0=1 R0=7 S0=1] IntermediateRegister[P=1 Q=1 Z16=1 C16=1 R16=1 S16=1 Y15=1 X15=1 Z15=32 C15=1 R15=1 S15=1 Y14=1 X14=1 Z14=32 C14=1 R14=1 S14=1 Y13=1 X13=1 Z13=32 C13=1 R13=1 S13=1 Y12=1 X12=1 Z12=16 C12=1 R12=1 S12=1 Y11=1 X11=1 Z11=16 C11=1 R11=1 S11=1 Y10=1 X10=1 Z10=16 C10=1 R10=1 S10=1 Y9=1 X9=1 Z9=16 C9=1 R9=1 S9=1 Y8=1 X8=1 Z8=8 C8=1 R8=1 S8=1 Y7=1 X7=1 Z7=8 C7=1 R7=1 S7=1 Y6=1 X6=1 Z6=8 C6=1 R6=1 S6=1 Y5=1 X5=1 Z5=4 C5=1 R5=1 S5=1 Y4=1 X4=1 Z4=2 C4=1 R4=1 S4=1 Y3=1 X3=1 Z3=2 C3=1 R3=1 S3=1 Y2=1 X2=1 Z2=2 C2=1 R2=1 S2=1 Y1=1 X1=1 Z1=2 C1=1 R1=1 S1=1 Y0=1 X0=1 Z0=1 C0=1 R0=1 S0=1] OutRegister[P=1 Q=1 Z16=32 C16=1 R16=1 S16=1 Y15=1 X15=1 Z15=1 C15=1 R15=1 S15=1 Y14=1 X14=1 Z14=1 C14=1 R14=1 S14=1 Y13=1 X13=1 Z13=1 C13=1 R13=1 S13=1 Y12=1 X12=1 Z12=1 C12=1 R12=1 S12=1 Y11=1 X11=1 Z11=1 C11=1 R11=1 S11=1 Y10=1 X10=1 Z10=1 C10=1 R10=1 S10=1 Y9=1 X9=1 Z9=1 C9=1 R9=1 S9=1 Y8=1 X8=1 Z8=1 C8=1 R8=1 S8=1 Y7=1 X7=1 Z7=1 C7=1 R7=1 S7=1 Y6=1 X6=1 Z6=1 C6=1 R6=1 S6=1 Y5=1 X5=1 Z5=1 C5=1 R5=1 S5=1 Y4=1 X4=1 Z4=1 C4=1 R4=1 S4=1 Y3=1 X3=1 Z3=1 C3=1 R3=1 S3=1 Y2=1 X2=1 Z2=1 C2=1 R2=1 S2=1 Y1=1 X1=1 Z1=1 C1=1 R1=1 S1=1 Y0=1 X0=1 Z0=1 C0=1 R0=1 S0=1] Compute] 
resnet18_17layer_2026-02-21T06:47:45.221459,resnet18,17layer,full,17,eyeriss,thesis_arch,1056,524,128,512,32,1,False,True,,1.155e+05,3.042e+06,3.56e+05,"(6204068032, 2890626816)",0.0008221660582421464,0.6292741298675537,DRAM[P=7 Q=7 Z16=1 C16=1 R16=1 S16=1 Y15=7 X15=7 Z15=1 C15=1 R15=1 S15=1 Y14=7 X14=7 Z14=1 C14=1 R14=1 S14=1 Y13=14 X13=14 Z13=1 C13=1 R13=1 S13=1 Y12=14 X12=14 Z12=1 C12=1 R12=1 S12=1 Y11=14 X11=14 Z11=1 C11=1 R11=1 S11=1 Y10=14 X10=14 Z10=1 C10=1 R10=1 S10=1 Y9=28 X9=28 Z9=1 C9=1 R9=1 S9=1 Y8=28 X8=28 Z8=1 C8=1 R8=1 S8=1 Y7=28 X7=28 Z7=1 C7=1 R7=1 S7=1 Y6=28 X6=28 Z6=1 C6=1 R6=1 S6=1 Y5=56 X5=56 Z5=1 C5=1 R5=1 S5=1 Y4=56 X4=56 Z4=1 C4=1 R4=1 S4=1 Y3=56 X3=56 Z3=1 C3=1 R3=1 S3=1 Y2=56 X2=56 Z2=1 C2=1 R2=1 S2=1 Y1=56 X1=56 Z1=1 C1=1 R1=1 S1=1 Y0=112 X0=112 Z0=1 C0=1 R0=1 S0=1] GlobalBuffer[P=1 Q=1 Z16=1 C16=1 R16=1 S16=1 Y15=1 X15=1 Z15=1 C15=1 R15=1 S15=1 Y14=1 X14=1 Z14=1 C14=1 R14=1 S14=1 Y13=1 X13=1 Z13=1 C13=1 R13=1 S13=1 Y12=1 X12=1 Z12=1 C12=1 R12=1 S12=1 Y11=1 X11=1 Z11=1 C11=1 R11=1 S11=1 Y10=1 X10=1 Z10=1 C10=1 R10=1 S10=1 Y9=1 X9=1 Z9=1 C9=1 R9=1 S9=1 Y8=1 X8=1 Z8=1 C8=1 R8=1 S8=1 Y7=1 X7=1 Z7=1 C7=1 R7=1 S7=1 Y6=1 X6=1 Z6=1 C6=1 R6=1 S6=1 Y5=1 X5=1 Z5=1 C5=1 R5=1 S5=1 Y4=1 X4=1 Z4=1 C4=1 R4=1 S4=1 Y3=1 X3=1 Z3=1 C3=1 R3=1 S3=1 Y2=1 X2=1 Z2=1 C2=1 R2=1 S2=1 Y1=1 X1=1 Z1=1 C1=1 R1=1 S1=1 Y0=1 X0=1 Z0=1 C0=1 R0=1 S0=1] SACols[Q=1 Z16=32] SARows[S16=3 C16=128 Z16=1] SACols_15[X15=1 Z15=32] SARows_15[S15=3 C15=128 Z15=1] SACols_14[X14=1 Z14=32] SARows_14[S14=3 C14=128 Z14=1] SACols_13[X13=1 Z13=32] SARows_13[S13=3 C13=128 Z13=1] SACols_12[X12=1 Z12=32] SARows_12[S12=3 C12=128 Z12=1] SACols_11[X11=1 Z11=32] SARows_11[S11=3 C11=128 Z11=1] SACols_10[X10=1 Z10=32] SARows_10[S10=3 C10=128 Z10=1] SACols_9[X9=1 Z9=32] SARows_9[S9=3 C9=128 Z9=1] SACols_8[X8=1 Z8=32] SARows_8[S8=3 C8=128 Z8=1] SACols_7[X7=1 Z7=32] SARows_7[S7=3 C7=128 Z7=1] SACols_6[X6=1 Z6=32] SARows_6[S6=3 C6=128 Z6=1] SACols_5[X5=1 Z5=32] SARows_5[S5=3 C5=64 Z5=2] SACols_4[X4=1 Z4=32] SARows_4[S4=3 C4=64 Z4=2] SACols_3[X3=1 Z3=32] SARows_3[S3=3 C3=64 Z3=2] SACols_2[X2=1 Z2=32] SARows_2[S2=3 C2=64 Z2=2] SACols_1[X1=1 Z1=32] SARows_1[S1=3 C1=64 Z1=2] SACols_0[X0=1 Z0=32] SARows_0[S0=7 C0=3 Z0=2] InRegister[P=1 Q=1 Z16=1 C16=1 R16=1 S16=1 Y15=1 X15=1 Z15=1 C15=1 R15=1 S15=1 Y14=1 X14=1 Z14=1 C14=1 R14=1 S14=1 Y13=1 X13=1 Z13=1 C13=1 R13=1 S13=1 Y12=1 X12=1 Z12=1 C12=1 R12=1 S12=1 Y11=1 X11=1 Z11=1 C11=1 R11=1 S11=1 Y10=1 X10=1 Z10=1 C10=1 R10=1 S10=1 Y9=1 X9=1 Z9=1 C9=1 R9=1 S9=1 Y8=1 X8=1 Z8=1 C8=1 R8=1 S8=1 Y7=1 X7=1 Z7=1 C7=1 R7=1 S7=1 Y6=1 X6=1 Z6=1 C6=1 R6=1 S6=1 Y5=1 X5=1 Z5=1 C5=1 R5=1 S5=1 Y4=1 X4=1 Z4=1 C4=1 R4=1 S4=1 Y3=1 X3=1 Z3=1 C3=1 R3=1 S3=1 Y2=1 X2=1 Z2=1 C2=1 R2=1 S2=1 Y1=1 X1=1 Z1=1 C1=1 R1=1 S1=1 Y0=1 X0=1 Z0=1 C0=1 R0=1 S0=1] WRegister[P=1 Q=1 Z16=1 C16=4 R16=3 S16=1 Y15=1 X15=1 Z15=1 C15=4 R15=3 S15=1 Y14=1 X14=1 Z14=1 C14=4 R14=3 S14=1 Y13=1 X13=1 Z13=1 C13=2 R13=3 S13=1 Y12=1 X12=1 Z12=1 C12=2 R12=3 S12=1 Y11=1 X11=1 Z11=1 C11=2 R11=3 S11=1 Y10=1 X10=1 Z10=1 C10=2 R10=3 S10=1 Y9=1 X9=1 Z9=1 C9=1 R9=3 S9=1 Y8=1 X8=1 Z8=1 C8=1 R8=3 S8=1 Y7=1 X7=1 Z7=1 C7=1 R7=3 S7=1 Y6=1 X6=1 Z6=1 C6=1 R6=3 S6=1 Y5=1 X5=1 Z5=1 C5=1 R5=3 S5=1 Y4=1 X4=1 Z4=1 C4=1 R4=3 S4=1 Y3=1 X3=1 Z3=1 C3=1 R3=3 S3=1 Y2=1 X2=1 Z2=1 C2=1 R2=3 S2=1 Y1=1 X1=1 Z1=1 C1=1 R1=3 S1=1 Y0=1 X0=1 Z0=1 C0=1 R0=7 S0=1] IntermediateRegister[P=1 Q=1 Z16=1 C16=1 R16=1 S16=1 Y15=1 X15=1 Z15=16 C15=1 R15=1 S15=1 Y14=1 X14=1 Z14=16 C14=1 R14=1 S14=1 Y13=1 X13=1 Z13=16 C13=1 R13=1 S13=1 Y12=1 X12=1 Z12=8 C12=1 R12=1 S12=1 Y11=1 X11=1 Z11=8 C11=1 R11=1 S11=1 Y10=1 X10=1 Z10=8 C10=1 R10=1 S10=1 Y9=1 X9=1 Z9=8 C9=1 R9=1 S9=1 Y8=1 X8=1 Z8=4 C8=1 R8=1 S8=1 Y7=1 X7=1 Z7=4 C7=1 R7=1 S7=1 Y6=1 X6=1 Z6=4 C6=1 R6=1 S6=1 Y5=1 X5=1 Z5=2 C5=1 R5=1 S5=1 Y4=1 X4=1 Z4=1 C4=1 R4=1 S4=1 Y3=1 X3=1 Z3=1 C3=1 R3=1 S3=1 Y2=1 X2=1 Z2=1 C2=1 R2=1 S2=1 Y1=1 X1=1 Z1=1 C1=1 R1=1 S1=1 Y0=1 X0=1 Z0=1 C0=1 R0=1 S0=1] OutRegister[P=1 Q=1 Z16=16 C16=1 R16=1 S16=1 Y15=1 X15=1 Z15=1 C15=1 R15=1 S15=1 Y14=1 X14=1 Z14=1 C14=1 R14=1 S14=1 Y13=1 X13=1 Z13=1 C13=1 R13=1 S13=1 Y12=1 X12=1 Z12=1 C12=1 R12=1 S12=1 Y11=1 X11=1 Z11=1 C11=1 R11=1 S11=1 Y10=1 X10=1 Z10=1 C10=1 R10=1 S10=1 Y9=1 X9=1 Z9=1 C9=1 R9=1 S9=1 Y8=1 X8=1 Z8=1 C8=1 R8=1 S8=1 Y7=1 X7=1 Z7=1 C7=1 R7=1 S7=1 Y6=1 X6=1 Z6=1 C6=1 R6=1 S6=1 Y5=1 X5=1 Z5=1 C5=1 R5=1 S5=1 Y4=1 X4=1 Z4=1 C4=1 R4=1 S4=1 Y3=1 X3=1 Z3=1 C3=1 R3=1 S3=1 Y2=1 X2=1 Z2=1 C2=1 R2=1 S2=1 Y1=1 X1=1 Z1=1 C1=1 R1=1 S1=1 Y0=1 X0=1 Z0=1 C0=1 R0=1 S0=1] Compute] 
