experiment_id,workload_name,workload_variant,fusion_level,num_fused_layers,arch_type,arch_name,fmem_size_kB,wmem_size_kB,gb_size_kB,pe_rows,pe_cols,tile_size,scale_bandwidth,success,error_message,energy_uJ,latency_cycles,edp,mops,utilization,mapping_time_s,mapping
vgg16_13layer_2026-02-25T17:45:34.200911,vgg16,13layer,full,13,eyeriss,thesis_arch,1056,524,128,4,4,1,False,False,"Ill-posed constraints:
CONSTRAINTS VIOLATION: Arch: Eyeriss_Constrained_13L_tile1_4x4 -> Level: InRegister: memory footprint: 11152 VS memory available: 400
CONSTRAINTS VIOLATION: Arch: Eyeriss_Constrained_13L_tile1_4x4 -> Level: WRegister: memory footprint: 1225872 VS memory available: 5000
CONSTRAINTS VIOLATION: Arch: Eyeriss_Constrained_13L_tile1_4x4 -> Level: IntermediateRegister: memory footprint: 928 VS memory available: 350
CONSTRAINTS VIOLATION: Arch: Eyeriss_Constrained_13L_tile1_4x4 -> Level: OutRegister: memory footprint: 128 VS memory available: 4",0.000e+00,0.000e+00,0.00e+00,0,0.0,0.0,
vgg16_13layer_2026-02-25T17:45:34.956140,vgg16,13layer,full,13,eyeriss,thesis_arch,1056,524,128,4,16,1,False,False,"Ill-posed constraints:
CONSTRAINTS VIOLATION: Arch: Eyeriss_Constrained_13L_tile1_16x4 -> Level: InRegister: memory footprint: 11152 VS memory available: 400
CONSTRAINTS VIOLATION: Arch: Eyeriss_Constrained_13L_tile1_16x4 -> Level: WRegister: memory footprint: 306468 VS memory available: 5000
CONSTRAINTS VIOLATION: Arch: Eyeriss_Constrained_13L_tile1_16x4 -> Level: OutRegister: memory footprint: 32 VS memory available: 4",0.000e+00,0.000e+00,0.00e+00,0,0.0,0.0,
vgg16_13layer_2026-02-25T17:45:35.350604,vgg16,13layer,full,13,eyeriss,thesis_arch,1056,524,128,4,32,1,False,False,"Ill-posed constraints:
CONSTRAINTS VIOLATION: Arch: Eyeriss_Constrained_13L_tile1_32x4 -> Level: InRegister: memory footprint: 11152 VS memory available: 400
CONSTRAINTS VIOLATION: Arch: Eyeriss_Constrained_13L_tile1_32x4 -> Level: WRegister: memory footprint: 153234 VS memory available: 5000
CONSTRAINTS VIOLATION: Arch: Eyeriss_Constrained_13L_tile1_32x4 -> Level: OutRegister: memory footprint: 16 VS memory available: 4",0.000e+00,0.000e+00,0.00e+00,0,0.0,0.0,
vgg16_13layer_2026-02-25T17:45:35.764838,vgg16,13layer,full,13,eyeriss,thesis_arch,1056,524,128,4,64,1,False,False,"Ill-posed constraints:
CONSTRAINTS VIOLATION: Arch: Eyeriss_Constrained_13L_tile1_64x4 -> Level: InRegister: memory footprint: 11152 VS memory available: 400
CONSTRAINTS VIOLATION: Arch: Eyeriss_Constrained_13L_tile1_64x4 -> Level: WRegister: memory footprint: 76617 VS memory available: 5000
CONSTRAINTS VIOLATION: Arch: Eyeriss_Constrained_13L_tile1_64x4 -> Level: OutRegister: memory footprint: 8 VS memory available: 4",0.000e+00,0.000e+00,0.00e+00,0,0.0,0.0,
vgg16_13layer_2026-02-25T17:45:36.062283,vgg16,13layer,full,13,eyeriss,thesis_arch,1056,524,128,4,128,1,False,False,"Ill-posed constraints:
CONSTRAINTS VIOLATION: Arch: Eyeriss_Constrained_13L_tile1_128x4 -> Level: InRegister: memory footprint: 11152 VS memory available: 400
CONSTRAINTS VIOLATION: Arch: Eyeriss_Constrained_13L_tile1_128x4 -> Level: WRegister: memory footprint: 38409 VS memory available: 5000",0.000e+00,0.000e+00,0.00e+00,0,0.0,0.0,
vgg16_13layer_2026-02-25T17:45:36.281379,vgg16,13layer,full,13,eyeriss,thesis_arch,1056,524,128,4,256,1,False,False,"Ill-posed constraints:
CONSTRAINTS VIOLATION: Arch: Eyeriss_Constrained_13L_tile1_256x4 -> Level: InRegister: memory footprint: 11152 VS memory available: 400
CONSTRAINTS VIOLATION: Arch: Eyeriss_Constrained_13L_tile1_256x4 -> Level: WRegister: memory footprint: 19593 VS memory available: 5000",0.000e+00,0.000e+00,0.00e+00,0,0.0,0.0,
vgg16_13layer_2026-02-25T17:45:36.557404,vgg16,13layer,full,13,eyeriss,thesis_arch,1056,524,128,4,512,1,False,False,"Ill-posed constraints:
CONSTRAINTS VIOLATION: Arch: Eyeriss_Constrained_13L_tile1_512x4 -> Level: InRegister: memory footprint: 11152 VS memory available: 400
CONSTRAINTS VIOLATION: Arch: Eyeriss_Constrained_13L_tile1_512x4 -> Level: WRegister: memory footprint: 11145 VS memory available: 5000",0.000e+00,0.000e+00,0.00e+00,0,0.0,0.0,
vgg16_13layer_2026-02-25T17:45:36.790005,vgg16,13layer,full,13,eyeriss,thesis_arch,1056,524,128,16,4,1,False,False,"Ill-posed constraints:
CONSTRAINTS VIOLATION: Arch: Eyeriss_Constrained_13L_tile1_4x16 -> Level: InRegister: memory footprint: 2790 VS memory available: 400
CONSTRAINTS VIOLATION: Arch: Eyeriss_Constrained_13L_tile1_4x16 -> Level: WRegister: memory footprint: 306480 VS memory available: 5000
CONSTRAINTS VIOLATION: Arch: Eyeriss_Constrained_13L_tile1_4x16 -> Level: IntermediateRegister: memory footprint: 928 VS memory available: 350
CONSTRAINTS VIOLATION: Arch: Eyeriss_Constrained_13L_tile1_4x16 -> Level: OutRegister: memory footprint: 128 VS memory available: 4",0.000e+00,0.000e+00,0.00e+00,0,0.0,0.0,
vgg16_13layer_2026-02-25T17:45:37.104156,vgg16,13layer,full,13,eyeriss,thesis_arch,1056,524,128,16,16,1,False,False,"Ill-posed constraints:
CONSTRAINTS VIOLATION: Arch: Eyeriss_Constrained_13L_tile1_16x16 -> Level: InRegister: memory footprint: 2790 VS memory available: 400
CONSTRAINTS VIOLATION: Arch: Eyeriss_Constrained_13L_tile1_16x16 -> Level: WRegister: memory footprint: 76620 VS memory available: 5000
CONSTRAINTS VIOLATION: Arch: Eyeriss_Constrained_13L_tile1_16x16 -> Level: OutRegister: memory footprint: 32 VS memory available: 4",0.000e+00,0.000e+00,0.00e+00,0,0.0,0.0,
vgg16_13layer_2026-02-25T17:45:37.412697,vgg16,13layer,full,13,eyeriss,thesis_arch,1056,524,128,16,32,1,False,False,"Ill-posed constraints:
CONSTRAINTS VIOLATION: Arch: Eyeriss_Constrained_13L_tile1_32x16 -> Level: InRegister: memory footprint: 2790 VS memory available: 400
CONSTRAINTS VIOLATION: Arch: Eyeriss_Constrained_13L_tile1_32x16 -> Level: WRegister: memory footprint: 38310 VS memory available: 5000
CONSTRAINTS VIOLATION: Arch: Eyeriss_Constrained_13L_tile1_32x16 -> Level: OutRegister: memory footprint: 16 VS memory available: 4",0.000e+00,0.000e+00,0.00e+00,0,0.0,0.0,
vgg16_13layer_2026-02-25T17:45:37.645120,vgg16,13layer,full,13,eyeriss,thesis_arch,1056,524,128,16,64,1,False,False,"Ill-posed constraints:
CONSTRAINTS VIOLATION: Arch: Eyeriss_Constrained_13L_tile1_64x16 -> Level: InRegister: memory footprint: 2790 VS memory available: 400
CONSTRAINTS VIOLATION: Arch: Eyeriss_Constrained_13L_tile1_64x16 -> Level: WRegister: memory footprint: 19155 VS memory available: 5000
CONSTRAINTS VIOLATION: Arch: Eyeriss_Constrained_13L_tile1_64x16 -> Level: OutRegister: memory footprint: 8 VS memory available: 4",0.000e+00,0.000e+00,0.00e+00,0,0.0,0.0,
vgg16_13layer_2026-02-25T17:45:37.879552,vgg16,13layer,full,13,eyeriss,thesis_arch,1056,524,128,16,128,1,False,False,"Ill-posed constraints:
CONSTRAINTS VIOLATION: Arch: Eyeriss_Constrained_13L_tile1_128x16 -> Level: InRegister: memory footprint: 2790 VS memory available: 400
CONSTRAINTS VIOLATION: Arch: Eyeriss_Constrained_13L_tile1_128x16 -> Level: WRegister: memory footprint: 9603 VS memory available: 5000",0.000e+00,0.000e+00,0.00e+00,0,0.0,0.0,
vgg16_13layer_2026-02-25T17:45:38.186067,vgg16,13layer,full,13,eyeriss,thesis_arch,1056,524,128,16,256,1,False,False,"Ill-posed constraints:
CONSTRAINTS VIOLATION: Arch: Eyeriss_Constrained_13L_tile1_256x16 -> Level: InRegister: memory footprint: 2790 VS memory available: 400",0.000e+00,0.000e+00,0.00e+00,0,0.0,0.0,
vgg16_13layer_2026-02-25T17:45:38.411463,vgg16,13layer,full,13,eyeriss,thesis_arch,1056,524,128,16,512,1,False,False,"Ill-posed constraints:
CONSTRAINTS VIOLATION: Arch: Eyeriss_Constrained_13L_tile1_512x16 -> Level: InRegister: memory footprint: 2790 VS memory available: 400",0.000e+00,0.000e+00,0.00e+00,0,0.0,0.0,
vgg16_13layer_2026-02-25T17:45:38.646803,vgg16,13layer,full,13,eyeriss,thesis_arch,1056,524,128,32,4,1,False,False,"Ill-posed constraints:
CONSTRAINTS VIOLATION: Arch: Eyeriss_Constrained_13L_tile1_4x32 -> Level: InRegister: memory footprint: 1398 VS memory available: 400
CONSTRAINTS VIOLATION: Arch: Eyeriss_Constrained_13L_tile1_4x32 -> Level: WRegister: memory footprint: 153240 VS memory available: 5000
CONSTRAINTS VIOLATION: Arch: Eyeriss_Constrained_13L_tile1_4x32 -> Level: IntermediateRegister: memory footprint: 920 VS memory available: 350
CONSTRAINTS VIOLATION: Arch: Eyeriss_Constrained_13L_tile1_4x32 -> Level: OutRegister: memory footprint: 128 VS memory available: 4",0.000e+00,0.000e+00,0.00e+00,0,0.0,0.0,
vgg16_13layer_2026-02-25T17:45:38.917751,vgg16,13layer,full,13,eyeriss,thesis_arch,1056,524,128,32,16,1,False,False,"Ill-posed constraints:
CONSTRAINTS VIOLATION: Arch: Eyeriss_Constrained_13L_tile1_16x32 -> Level: InRegister: memory footprint: 1398 VS memory available: 400
CONSTRAINTS VIOLATION: Arch: Eyeriss_Constrained_13L_tile1_16x32 -> Level: WRegister: memory footprint: 38310 VS memory available: 5000
CONSTRAINTS VIOLATION: Arch: Eyeriss_Constrained_13L_tile1_16x32 -> Level: OutRegister: memory footprint: 32 VS memory available: 4",0.000e+00,0.000e+00,0.00e+00,0,0.0,0.0,
vgg16_13layer_2026-02-25T17:45:39.226889,vgg16,13layer,full,13,eyeriss,thesis_arch,1056,524,128,32,32,1,False,False,"Ill-posed constraints:
CONSTRAINTS VIOLATION: Arch: Eyeriss_Constrained_13L_tile1_32x32 -> Level: InRegister: memory footprint: 1398 VS memory available: 400
CONSTRAINTS VIOLATION: Arch: Eyeriss_Constrained_13L_tile1_32x32 -> Level: WRegister: memory footprint: 19155 VS memory available: 5000
CONSTRAINTS VIOLATION: Arch: Eyeriss_Constrained_13L_tile1_32x32 -> Level: OutRegister: memory footprint: 16 VS memory available: 4",0.000e+00,0.000e+00,0.00e+00,0,0.0,0.0,
vgg16_13layer_2026-02-25T17:45:39.506011,vgg16,13layer,full,13,eyeriss,thesis_arch,1056,524,128,32,64,1,False,False,"Ill-posed constraints:
CONSTRAINTS VIOLATION: Arch: Eyeriss_Constrained_13L_tile1_64x32 -> Level: InRegister: memory footprint: 1398 VS memory available: 400
CONSTRAINTS VIOLATION: Arch: Eyeriss_Constrained_13L_tile1_64x32 -> Level: WRegister: memory footprint: 9579 VS memory available: 5000
CONSTRAINTS VIOLATION: Arch: Eyeriss_Constrained_13L_tile1_64x32 -> Level: OutRegister: memory footprint: 8 VS memory available: 4",0.000e+00,0.000e+00,0.00e+00,0,0.0,0.0,
vgg16_13layer_2026-02-25T17:45:39.788500,vgg16,13layer,full,13,eyeriss,thesis_arch,1056,524,128,32,128,1,False,False,"Ill-posed constraints:
CONSTRAINTS VIOLATION: Arch: Eyeriss_Constrained_13L_tile1_128x32 -> Level: InRegister: memory footprint: 1398 VS memory available: 400",0.000e+00,0.000e+00,0.00e+00,0,0.0,0.0,
vgg16_13layer_2026-02-25T17:45:40.026676,vgg16,13layer,full,13,eyeriss,thesis_arch,1056,524,128,32,256,1,False,False,"Ill-posed constraints:
CONSTRAINTS VIOLATION: Arch: Eyeriss_Constrained_13L_tile1_256x32 -> Level: InRegister: memory footprint: 1398 VS memory available: 400",0.000e+00,0.000e+00,0.00e+00,0,0.0,0.0,
vgg16_13layer_2026-02-25T17:45:40.331961,vgg16,13layer,full,13,eyeriss,thesis_arch,1056,524,128,32,512,1,False,False,"Ill-posed constraints:
CONSTRAINTS VIOLATION: Arch: Eyeriss_Constrained_13L_tile1_512x32 -> Level: InRegister: memory footprint: 1398 VS memory available: 400",0.000e+00,0.000e+00,0.00e+00,0,0.0,0.0,
vgg16_13layer_2026-02-25T17:45:40.630819,vgg16,13layer,full,13,eyeriss,thesis_arch,1056,524,128,64,4,1,False,False,"Ill-posed constraints:
CONSTRAINTS VIOLATION: Arch: Eyeriss_Constrained_13L_tile1_4x64 -> Level: InRegister: memory footprint: 702 VS memory available: 400
CONSTRAINTS VIOLATION: Arch: Eyeriss_Constrained_13L_tile1_4x64 -> Level: WRegister: memory footprint: 76620 VS memory available: 5000
CONSTRAINTS VIOLATION: Arch: Eyeriss_Constrained_13L_tile1_4x64 -> Level: IntermediateRegister: memory footprint: 916 VS memory available: 350
CONSTRAINTS VIOLATION: Arch: Eyeriss_Constrained_13L_tile1_4x64 -> Level: OutRegister: memory footprint: 128 VS memory available: 4",0.000e+00,0.000e+00,0.00e+00,0,0.0,0.0,
vgg16_13layer_2026-02-25T17:45:40.846379,vgg16,13layer,full,13,eyeriss,thesis_arch,1056,524,128,64,16,1,False,False,"Ill-posed constraints:
CONSTRAINTS VIOLATION: Arch: Eyeriss_Constrained_13L_tile1_16x64 -> Level: InRegister: memory footprint: 702 VS memory available: 400
CONSTRAINTS VIOLATION: Arch: Eyeriss_Constrained_13L_tile1_16x64 -> Level: WRegister: memory footprint: 19155 VS memory available: 5000
CONSTRAINTS VIOLATION: Arch: Eyeriss_Constrained_13L_tile1_16x64 -> Level: OutRegister: memory footprint: 32 VS memory available: 4",0.000e+00,0.000e+00,0.00e+00,0,0.0,0.0,
vgg16_13layer_2026-02-25T17:45:41.143446,vgg16,13layer,full,13,eyeriss,thesis_arch,1056,524,128,64,32,1,False,False,"Ill-posed constraints:
CONSTRAINTS VIOLATION: Arch: Eyeriss_Constrained_13L_tile1_32x64 -> Level: InRegister: memory footprint: 702 VS memory available: 400
CONSTRAINTS VIOLATION: Arch: Eyeriss_Constrained_13L_tile1_32x64 -> Level: WRegister: memory footprint: 9579 VS memory available: 5000
CONSTRAINTS VIOLATION: Arch: Eyeriss_Constrained_13L_tile1_32x64 -> Level: OutRegister: memory footprint: 16 VS memory available: 4",0.000e+00,0.000e+00,0.00e+00,0,0.0,0.0,
vgg16_13layer_2026-02-25T17:45:41.362263,vgg16,13layer,full,13,eyeriss,thesis_arch,1056,524,128,64,64,1,False,False,"Ill-posed constraints:
CONSTRAINTS VIOLATION: Arch: Eyeriss_Constrained_13L_tile1_64x64 -> Level: InRegister: memory footprint: 702 VS memory available: 400
CONSTRAINTS VIOLATION: Arch: Eyeriss_Constrained_13L_tile1_64x64 -> Level: OutRegister: memory footprint: 8 VS memory available: 4",0.000e+00,0.000e+00,0.00e+00,0,0.0,0.0,
vgg16_13layer_2026-02-25T17:45:41.618008,vgg16,13layer,full,13,eyeriss,thesis_arch,1056,524,128,64,128,1,False,False,"Ill-posed constraints:
CONSTRAINTS VIOLATION: Arch: Eyeriss_Constrained_13L_tile1_128x64 -> Level: InRegister: memory footprint: 702 VS memory available: 400",0.000e+00,0.000e+00,0.00e+00,0,0.0,0.0,
vgg16_13layer_2026-02-25T17:45:41.922394,vgg16,13layer,full,13,eyeriss,thesis_arch,1056,524,128,64,256,1,False,False,"Ill-posed constraints:
CONSTRAINTS VIOLATION: Arch: Eyeriss_Constrained_13L_tile1_256x64 -> Level: InRegister: memory footprint: 702 VS memory available: 400",0.000e+00,0.000e+00,0.00e+00,0,0.0,0.0,
vgg16_13layer_2026-02-25T17:45:42.172128,vgg16,13layer,full,13,eyeriss,thesis_arch,1056,524,128,128,4,1,False,False,"Ill-posed constraints:
CONSTRAINTS VIOLATION: Arch: Eyeriss_Constrained_13L_tile1_4x128 -> Level: WRegister: memory footprint: 38310 VS memory available: 5000
CONSTRAINTS VIOLATION: Arch: Eyeriss_Constrained_13L_tile1_4x128 -> Level: IntermediateRegister: memory footprint: 914 VS memory available: 350
CONSTRAINTS VIOLATION: Arch: Eyeriss_Constrained_13L_tile1_4x128 -> Level: OutRegister: memory footprint: 128 VS memory available: 4",0.000e+00,0.000e+00,0.00e+00,0,0.0,0.0,
vgg16_13layer_2026-02-25T17:45:42.534455,vgg16,13layer,full,13,eyeriss,thesis_arch,1056,524,128,128,16,1,False,False,"Ill-posed constraints:
CONSTRAINTS VIOLATION: Arch: Eyeriss_Constrained_13L_tile1_16x128 -> Level: WRegister: memory footprint: 9579 VS memory available: 5000
CONSTRAINTS VIOLATION: Arch: Eyeriss_Constrained_13L_tile1_16x128 -> Level: OutRegister: memory footprint: 32 VS memory available: 4",0.000e+00,0.000e+00,0.00e+00,0,0.0,0.0,
vgg16_13layer_2026-02-25T17:45:42.841038,vgg16,13layer,full,13,eyeriss,thesis_arch,1056,524,128,128,32,1,False,False,"Ill-posed constraints:
CONSTRAINTS VIOLATION: Arch: Eyeriss_Constrained_13L_tile1_32x128 -> Level: OutRegister: memory footprint: 16 VS memory available: 4",0.000e+00,0.000e+00,0.00e+00,0,0.0,0.0,
vgg16_13layer_2026-02-25T17:45:43.208960,vgg16,13layer,full,13,eyeriss,thesis_arch,1056,524,128,128,64,1,False,False,"Ill-posed constraints:
CONSTRAINTS VIOLATION: Arch: Eyeriss_Constrained_13L_tile1_64x128 -> Level: OutRegister: memory footprint: 8 VS memory available: 4",0.000e+00,0.000e+00,0.00e+00,0,0.0,0.0,
vgg16_13layer_2026-02-25T17:45:43.495252,vgg16,13layer,full,13,eyeriss,thesis_arch,1056,524,128,128,128,1,False,True,,4.443e+05,5.455e+06,2.46e+06,"(40633185984, 16400878592)",0.0005568108754232526,0.2111215591430664,DRAM[P=14 Q=14 Z12=1 C12=1 R12=1 S12=1 Y11=14 X11=14 Z11=1 C11=1 R11=1 S11=1 Y10=14 X10=14 Z10=1 C10=1 R10=1 S10=1 Y9=28 X9=28 Z9=1 C9=1 R9=1 S9=1 Y8=28 X8=28 Z8=1 C8=1 R8=1 S8=1 Y7=28 X7=28 Z7=1 C7=1 R7=1 S7=1 Y6=56 X6=56 Z6=1 C6=1 R6=1 S6=1 Y5=56 X5=56 Z5=1 C5=1 R5=1 S5=1 Y4=56 X4=56 Z4=1 C4=1 R4=1 S4=1 Y3=112 X3=112 Z3=1 C3=1 R3=1 S3=1 Y2=112 X2=112 Z2=1 C2=1 R2=1 S2=1 Y1=224 X1=224 Z1=1 C1=1 R1=1 S1=1 Y0=224 X0=224 Z0=1 C0=1 R0=1 S0=1] GlobalBuffer[P=1 Q=1 Z12=1 C12=1 R12=1 S12=1 Y11=1 X11=1 Z11=1 C11=1 R11=1 S11=1 Y10=1 X10=1 Z10=1 C10=1 R10=1 S10=1 Y9=1 X9=1 Z9=1 C9=1 R9=1 S9=1 Y8=1 X8=1 Z8=1 C8=1 R8=1 S8=1 Y7=1 X7=1 Z7=1 C7=1 R7=1 S7=1 Y6=1 X6=1 Z6=1 C6=1 R6=1 S6=1 Y5=1 X5=1 Z5=1 C5=1 R5=1 S5=1 Y4=1 X4=1 Z4=1 C4=1 R4=1 S4=1 Y3=1 X3=1 Z3=1 C3=1 R3=1 S3=1 Y2=1 X2=1 Z2=1 C2=1 R2=1 S2=1 Y1=1 X1=1 Z1=1 C1=1 R1=1 S1=1 Y0=1 X0=1 Z0=1 C0=1 R0=1 S0=1] SACols[Q=1 Z12=128] SARows[S12=3 C12=32 Z12=1] SACols_11[X11=1 Z11=128] SARows_11[S11=3 C11=32 Z11=1] SACols_10[X10=1 Z10=128] SARows_10[S10=3 C10=32 Z10=1] SACols_9[X9=1 Z9=128] SARows_9[S9=3 C9=32 Z9=1] SACols_8[X8=1 Z8=128] SARows_8[S8=3 C8=32 Z8=1] SACols_7[X7=1 Z7=128] SARows_7[S7=3 C7=32 Z7=1] SACols_6[X6=1 Z6=128] SARows_6[S6=3 C6=32 Z6=1] SACols_5[X5=1 Z5=128] SARows_5[S5=3 C5=32 Z5=1] SACols_4[X4=1 Z4=128] SARows_4[S4=3 C4=32 Z4=1] SACols_3[X3=1 Z3=128] SARows_3[S3=3 C3=32 Z3=1] SACols_2[X2=1 Z2=128] SARows_2[S2=3 C2=32 Z2=1] SACols_1[X1=1 Z1=64] SARows_1[S1=3 C1=32 Z1=1] SACols_0[X0=1 Z0=64] SARows_0[S0=3 C0=3 Z0=1] InRegister[P=1 Q=1 Z12=1 C12=1 R12=1 S12=1 Y11=1 X11=1 Z11=1 C11=1 R11=1 S11=1 Y10=1 X10=1 Z10=1 C10=1 R10=1 S10=1 Y9=1 X9=1 Z9=1 C9=1 R9=1 S9=1 Y8=1 X8=1 Z8=1 C8=1 R8=1 S8=1 Y7=1 X7=1 Z7=1 C7=1 R7=1 S7=1 Y6=1 X6=1 Z6=1 C6=1 R6=1 S6=1 Y5=1 X5=1 Z5=1 C5=1 R5=1 S5=1 Y4=1 X4=1 Z4=1 C4=1 R4=1 S4=1 Y3=1 X3=1 Z3=1 C3=1 R3=1 S3=1 Y2=1 X2=1 Z2=1 C2=1 R2=1 S2=1 Y1=1 X1=1 Z1=1 C1=1 R1=1 S1=1 Y0=1 X0=1 Z0=1 C0=1 R0=1 S0=1] WRegister[P=1 Q=1 Z12=1 C12=16 R12=3 S12=1 Y11=1 X11=1 Z11=1 C11=16 R11=3 S11=1 Y10=1 X10=1 Z10=1 C10=16 R10=3 S10=1 Y9=1 X9=1 Z9=1 C9=16 R9=3 S9=1 Y8=1 X8=1 Z8=1 C8=16 R8=3 S8=1 Y7=1 X7=1 Z7=1 C7=8 R7=3 S7=1 Y6=1 X6=1 Z6=1 C6=8 R6=3 S6=1 Y5=1 X5=1 Z5=1 C5=8 R5=3 S5=1 Y4=1 X4=1 Z4=1 C4=4 R4=3 S4=1 Y3=1 X3=1 Z3=1 C3=4 R3=3 S3=1 Y2=1 X2=1 Z2=1 C2=2 R2=3 S2=1 Y1=1 X1=1 Z1=1 C1=2 R1=3 S1=1 Y0=1 X0=1 Z0=1 C0=1 R0=3 S0=1] IntermediateRegister[P=1 Q=1 Z12=1 C12=1 R12=1 S12=1 Y11=1 X11=1 Z11=4 C11=1 R11=1 S11=1 Y10=1 X10=1 Z10=4 C10=1 R10=1 S10=1 Y9=1 X9=1 Z9=4 C9=1 R9=1 S9=1 Y8=1 X8=1 Z8=4 C8=1 R8=1 S8=1 Y7=1 X7=1 Z7=4 C7=1 R7=1 S7=1 Y6=1 X6=1 Z6=2 C6=1 R6=1 S6=1 Y5=1 X5=1 Z5=2 C5=1 R5=1 S5=1 Y4=1 X4=1 Z4=2 C4=1 R4=1 S4=1 Y3=1 X3=1 Z3=1 C3=1 R3=1 S3=1 Y2=1 X2=1 Z2=1 C2=1 R2=1 S2=1 Y1=1 X1=1 Z1=1 C1=1 R1=1 S1=1 Y0=1 X0=1 Z0=1 C0=1 R0=1 S0=1] OutRegister[P=1 Q=1 Z12=4 C12=1 R12=1 S12=1 Y11=1 X11=1 Z11=1 C11=1 R11=1 S11=1 Y10=1 X10=1 Z10=1 C10=1 R10=1 S10=1 Y9=1 X9=1 Z9=1 C9=1 R9=1 S9=1 Y8=1 X8=1 Z8=1 C8=1 R8=1 S8=1 Y7=1 X7=1 Z7=1 C7=1 R7=1 S7=1 Y6=1 X6=1 Z6=1 C6=1 R6=1 S6=1 Y5=1 X5=1 Z5=1 C5=1 R5=1 S5=1 Y4=1 X4=1 Z4=1 C4=1 R4=1 S4=1 Y3=1 X3=1 Z3=1 C3=1 R3=1 S3=1 Y2=1 X2=1 Z2=1 C2=1 R2=1 S2=1 Y1=1 X1=1 Z1=1 C1=1 R1=1 S1=1 Y0=1 X0=1 Z0=1 C0=1 R0=1 S0=1] Compute] 
vgg16_13layer_2026-02-25T17:45:44.078145,vgg16,13layer,full,13,eyeriss,thesis_arch,1056,524,128,256,4,1,False,False,"Ill-posed constraints:
CONSTRAINTS VIOLATION: Arch: Eyeriss_Constrained_13L_tile1_4x256 -> Level: WRegister: memory footprint: 19155 VS memory available: 5000
CONSTRAINTS VIOLATION: Arch: Eyeriss_Constrained_13L_tile1_4x256 -> Level: IntermediateRegister: memory footprint: 913 VS memory available: 350
CONSTRAINTS VIOLATION: Arch: Eyeriss_Constrained_13L_tile1_4x256 -> Level: OutRegister: memory footprint: 128 VS memory available: 4",0.000e+00,0.000e+00,0.00e+00,0,0.0,0.0,
vgg16_13layer_2026-02-25T17:45:44.502035,vgg16,13layer,full,13,eyeriss,thesis_arch,1056,524,128,256,16,1,False,False,"Ill-posed constraints:
CONSTRAINTS VIOLATION: Arch: Eyeriss_Constrained_13L_tile1_16x256 -> Level: OutRegister: memory footprint: 32 VS memory available: 4",0.000e+00,0.000e+00,0.00e+00,0,0.0,0.0,
vgg16_13layer_2026-02-25T17:45:44.903508,vgg16,13layer,full,13,eyeriss,thesis_arch,1056,524,128,256,32,1,False,False,"Ill-posed constraints:
CONSTRAINTS VIOLATION: Arch: Eyeriss_Constrained_13L_tile1_32x256 -> Level: OutRegister: memory footprint: 16 VS memory available: 4",0.000e+00,0.000e+00,0.00e+00,0,0.0,0.0,
vgg16_13layer_2026-02-25T17:45:45.246511,vgg16,13layer,full,13,eyeriss,thesis_arch,1056,524,128,256,64,1,False,False,"Ill-posed constraints:
CONSTRAINTS VIOLATION: Arch: Eyeriss_Constrained_13L_tile1_64x256 -> Level: OutRegister: memory footprint: 8 VS memory available: 4",0.000e+00,0.000e+00,0.00e+00,0,0.0,0.0,
vgg16_13layer_2026-02-25T17:45:45.648829,vgg16,13layer,full,13,eyeriss,thesis_arch,1056,524,128,512,4,1,False,False,"Ill-posed constraints:
CONSTRAINTS VIOLATION: Arch: Eyeriss_Constrained_13L_tile1_4x512 -> Level: WRegister: memory footprint: 9579 VS memory available: 5000
CONSTRAINTS VIOLATION: Arch: Eyeriss_Constrained_13L_tile1_4x512 -> Level: IntermediateRegister: memory footprint: 889 VS memory available: 350
CONSTRAINTS VIOLATION: Arch: Eyeriss_Constrained_13L_tile1_4x512 -> Level: OutRegister: memory footprint: 128 VS memory available: 4",0.000e+00,0.000e+00,0.00e+00,0,0.0,0.0,
vgg16_13layer_2026-02-25T17:45:45.942191,vgg16,13layer,full,13,eyeriss,thesis_arch,1056,524,128,512,16,1,False,False,"Ill-posed constraints:
CONSTRAINTS VIOLATION: Arch: Eyeriss_Constrained_13L_tile1_16x512 -> Level: OutRegister: memory footprint: 32 VS memory available: 4",0.000e+00,0.000e+00,0.00e+00,0,0.0,0.0,
vgg16_13layer_2026-02-25T17:45:46.287521,vgg16,13layer,full,13,eyeriss,thesis_arch,1056,524,128,512,32,1,False,False,"Ill-posed constraints:
CONSTRAINTS VIOLATION: Arch: Eyeriss_Constrained_13L_tile1_32x512 -> Level: OutRegister: memory footprint: 16 VS memory available: 4",0.000e+00,0.000e+00,0.00e+00,0,0.0,0.0,
vgg16_13layer_2026-02-25T17:45:46.571374,vgg16,13layer,full,13,eyeriss,thesis_arch,1056,524,128,4,4,1,False,False,"Ill-posed constraints:
CONSTRAINTS VIOLATION: Arch: Eyeriss_Constrained_13L_tile1_4x4 -> Level: InRegister: memory footprint: 11152 VS memory available: 400
CONSTRAINTS VIOLATION: Arch: Eyeriss_Constrained_13L_tile1_4x4 -> Level: WRegister: memory footprint: 1225872 VS memory available: 5000
CONSTRAINTS VIOLATION: Arch: Eyeriss_Constrained_13L_tile1_4x4 -> Level: IntermediateRegister: memory footprint: 928 VS memory available: 350
CONSTRAINTS VIOLATION: Arch: Eyeriss_Constrained_13L_tile1_4x4 -> Level: OutRegister: memory footprint: 128 VS memory available: 8",0.000e+00,0.000e+00,0.00e+00,0,0.0,0.0,
vgg16_13layer_2026-02-25T17:45:46.834555,vgg16,13layer,full,13,eyeriss,thesis_arch,1056,524,128,4,16,1,False,False,"Ill-posed constraints:
CONSTRAINTS VIOLATION: Arch: Eyeriss_Constrained_13L_tile1_16x4 -> Level: InRegister: memory footprint: 11152 VS memory available: 400
CONSTRAINTS VIOLATION: Arch: Eyeriss_Constrained_13L_tile1_16x4 -> Level: WRegister: memory footprint: 306468 VS memory available: 5000
CONSTRAINTS VIOLATION: Arch: Eyeriss_Constrained_13L_tile1_16x4 -> Level: OutRegister: memory footprint: 32 VS memory available: 8",0.000e+00,0.000e+00,0.00e+00,0,0.0,0.0,
vgg16_13layer_2026-02-25T17:45:47.186692,vgg16,13layer,full,13,eyeriss,thesis_arch,1056,524,128,4,32,1,False,False,"Ill-posed constraints:
CONSTRAINTS VIOLATION: Arch: Eyeriss_Constrained_13L_tile1_32x4 -> Level: InRegister: memory footprint: 11152 VS memory available: 400
CONSTRAINTS VIOLATION: Arch: Eyeriss_Constrained_13L_tile1_32x4 -> Level: WRegister: memory footprint: 153234 VS memory available: 5000
CONSTRAINTS VIOLATION: Arch: Eyeriss_Constrained_13L_tile1_32x4 -> Level: OutRegister: memory footprint: 16 VS memory available: 8",0.000e+00,0.000e+00,0.00e+00,0,0.0,0.0,
vgg16_13layer_2026-02-25T17:45:47.558351,vgg16,13layer,full,13,eyeriss,thesis_arch,1056,524,128,4,64,1,False,False,"Ill-posed constraints:
CONSTRAINTS VIOLATION: Arch: Eyeriss_Constrained_13L_tile1_64x4 -> Level: InRegister: memory footprint: 11152 VS memory available: 400
CONSTRAINTS VIOLATION: Arch: Eyeriss_Constrained_13L_tile1_64x4 -> Level: WRegister: memory footprint: 76617 VS memory available: 5000",0.000e+00,0.000e+00,0.00e+00,0,0.0,0.0,
vgg16_13layer_2026-02-25T17:45:47.929003,vgg16,13layer,full,13,eyeriss,thesis_arch,1056,524,128,4,128,1,False,False,"Ill-posed constraints:
CONSTRAINTS VIOLATION: Arch: Eyeriss_Constrained_13L_tile1_128x4 -> Level: InRegister: memory footprint: 11152 VS memory available: 400
CONSTRAINTS VIOLATION: Arch: Eyeriss_Constrained_13L_tile1_128x4 -> Level: WRegister: memory footprint: 38409 VS memory available: 5000",0.000e+00,0.000e+00,0.00e+00,0,0.0,0.0,
vgg16_13layer_2026-02-25T17:45:48.246448,vgg16,13layer,full,13,eyeriss,thesis_arch,1056,524,128,4,256,1,False,False,"Ill-posed constraints:
CONSTRAINTS VIOLATION: Arch: Eyeriss_Constrained_13L_tile1_256x4 -> Level: InRegister: memory footprint: 11152 VS memory available: 400
CONSTRAINTS VIOLATION: Arch: Eyeriss_Constrained_13L_tile1_256x4 -> Level: WRegister: memory footprint: 19593 VS memory available: 5000",0.000e+00,0.000e+00,0.00e+00,0,0.0,0.0,
vgg16_13layer_2026-02-25T17:45:48.514627,vgg16,13layer,full,13,eyeriss,thesis_arch,1056,524,128,4,512,1,False,False,"Ill-posed constraints:
CONSTRAINTS VIOLATION: Arch: Eyeriss_Constrained_13L_tile1_512x4 -> Level: InRegister: memory footprint: 11152 VS memory available: 400
CONSTRAINTS VIOLATION: Arch: Eyeriss_Constrained_13L_tile1_512x4 -> Level: WRegister: memory footprint: 11145 VS memory available: 5000",0.000e+00,0.000e+00,0.00e+00,0,0.0,0.0,
vgg16_13layer_2026-02-25T17:45:48.800285,vgg16,13layer,full,13,eyeriss,thesis_arch,1056,524,128,16,4,1,False,False,"Ill-posed constraints:
CONSTRAINTS VIOLATION: Arch: Eyeriss_Constrained_13L_tile1_4x16 -> Level: InRegister: memory footprint: 2790 VS memory available: 400
CONSTRAINTS VIOLATION: Arch: Eyeriss_Constrained_13L_tile1_4x16 -> Level: WRegister: memory footprint: 306480 VS memory available: 5000
CONSTRAINTS VIOLATION: Arch: Eyeriss_Constrained_13L_tile1_4x16 -> Level: IntermediateRegister: memory footprint: 928 VS memory available: 350
CONSTRAINTS VIOLATION: Arch: Eyeriss_Constrained_13L_tile1_4x16 -> Level: OutRegister: memory footprint: 128 VS memory available: 8",0.000e+00,0.000e+00,0.00e+00,0,0.0,0.0,
vgg16_13layer_2026-02-25T17:45:49.081345,vgg16,13layer,full,13,eyeriss,thesis_arch,1056,524,128,16,16,1,False,False,"Ill-posed constraints:
CONSTRAINTS VIOLATION: Arch: Eyeriss_Constrained_13L_tile1_16x16 -> Level: InRegister: memory footprint: 2790 VS memory available: 400
CONSTRAINTS VIOLATION: Arch: Eyeriss_Constrained_13L_tile1_16x16 -> Level: WRegister: memory footprint: 76620 VS memory available: 5000
CONSTRAINTS VIOLATION: Arch: Eyeriss_Constrained_13L_tile1_16x16 -> Level: OutRegister: memory footprint: 32 VS memory available: 8",0.000e+00,0.000e+00,0.00e+00,0,0.0,0.0,
vgg16_13layer_2026-02-25T17:45:49.356760,vgg16,13layer,full,13,eyeriss,thesis_arch,1056,524,128,16,32,1,False,False,"Ill-posed constraints:
CONSTRAINTS VIOLATION: Arch: Eyeriss_Constrained_13L_tile1_32x16 -> Level: InRegister: memory footprint: 2790 VS memory available: 400
CONSTRAINTS VIOLATION: Arch: Eyeriss_Constrained_13L_tile1_32x16 -> Level: WRegister: memory footprint: 38310 VS memory available: 5000
CONSTRAINTS VIOLATION: Arch: Eyeriss_Constrained_13L_tile1_32x16 -> Level: OutRegister: memory footprint: 16 VS memory available: 8",0.000e+00,0.000e+00,0.00e+00,0,0.0,0.0,
vgg16_13layer_2026-02-25T17:45:49.730822,vgg16,13layer,full,13,eyeriss,thesis_arch,1056,524,128,16,64,1,False,False,"Ill-posed constraints:
CONSTRAINTS VIOLATION: Arch: Eyeriss_Constrained_13L_tile1_64x16 -> Level: InRegister: memory footprint: 2790 VS memory available: 400
CONSTRAINTS VIOLATION: Arch: Eyeriss_Constrained_13L_tile1_64x16 -> Level: WRegister: memory footprint: 19155 VS memory available: 5000",0.000e+00,0.000e+00,0.00e+00,0,0.0,0.0,
vgg16_13layer_2026-02-25T17:45:50.036958,vgg16,13layer,full,13,eyeriss,thesis_arch,1056,524,128,16,128,1,False,False,"Ill-posed constraints:
CONSTRAINTS VIOLATION: Arch: Eyeriss_Constrained_13L_tile1_128x16 -> Level: InRegister: memory footprint: 2790 VS memory available: 400
CONSTRAINTS VIOLATION: Arch: Eyeriss_Constrained_13L_tile1_128x16 -> Level: WRegister: memory footprint: 9603 VS memory available: 5000",0.000e+00,0.000e+00,0.00e+00,0,0.0,0.0,
vgg16_13layer_2026-02-25T17:45:50.407121,vgg16,13layer,full,13,eyeriss,thesis_arch,1056,524,128,16,256,1,False,False,"Ill-posed constraints:
CONSTRAINTS VIOLATION: Arch: Eyeriss_Constrained_13L_tile1_256x16 -> Level: InRegister: memory footprint: 2790 VS memory available: 400",0.000e+00,0.000e+00,0.00e+00,0,0.0,0.0,
vgg16_13layer_2026-02-25T17:45:50.767124,vgg16,13layer,full,13,eyeriss,thesis_arch,1056,524,128,16,512,1,False,False,"Ill-posed constraints:
CONSTRAINTS VIOLATION: Arch: Eyeriss_Constrained_13L_tile1_512x16 -> Level: InRegister: memory footprint: 2790 VS memory available: 400",0.000e+00,0.000e+00,0.00e+00,0,0.0,0.0,
vgg16_13layer_2026-02-25T17:45:51.031089,vgg16,13layer,full,13,eyeriss,thesis_arch,1056,524,128,32,4,1,False,False,"Ill-posed constraints:
CONSTRAINTS VIOLATION: Arch: Eyeriss_Constrained_13L_tile1_4x32 -> Level: InRegister: memory footprint: 1398 VS memory available: 400
CONSTRAINTS VIOLATION: Arch: Eyeriss_Constrained_13L_tile1_4x32 -> Level: WRegister: memory footprint: 153240 VS memory available: 5000
CONSTRAINTS VIOLATION: Arch: Eyeriss_Constrained_13L_tile1_4x32 -> Level: IntermediateRegister: memory footprint: 920 VS memory available: 350
CONSTRAINTS VIOLATION: Arch: Eyeriss_Constrained_13L_tile1_4x32 -> Level: OutRegister: memory footprint: 128 VS memory available: 8",0.000e+00,0.000e+00,0.00e+00,0,0.0,0.0,
vgg16_13layer_2026-02-25T17:45:51.318033,vgg16,13layer,full,13,eyeriss,thesis_arch,1056,524,128,32,16,1,False,False,"Ill-posed constraints:
CONSTRAINTS VIOLATION: Arch: Eyeriss_Constrained_13L_tile1_16x32 -> Level: InRegister: memory footprint: 1398 VS memory available: 400
CONSTRAINTS VIOLATION: Arch: Eyeriss_Constrained_13L_tile1_16x32 -> Level: WRegister: memory footprint: 38310 VS memory available: 5000
CONSTRAINTS VIOLATION: Arch: Eyeriss_Constrained_13L_tile1_16x32 -> Level: OutRegister: memory footprint: 32 VS memory available: 8",0.000e+00,0.000e+00,0.00e+00,0,0.0,0.0,
vgg16_13layer_2026-02-25T17:45:51.663145,vgg16,13layer,full,13,eyeriss,thesis_arch,1056,524,128,32,32,1,False,False,"Ill-posed constraints:
CONSTRAINTS VIOLATION: Arch: Eyeriss_Constrained_13L_tile1_32x32 -> Level: InRegister: memory footprint: 1398 VS memory available: 400
CONSTRAINTS VIOLATION: Arch: Eyeriss_Constrained_13L_tile1_32x32 -> Level: WRegister: memory footprint: 19155 VS memory available: 5000
CONSTRAINTS VIOLATION: Arch: Eyeriss_Constrained_13L_tile1_32x32 -> Level: OutRegister: memory footprint: 16 VS memory available: 8",0.000e+00,0.000e+00,0.00e+00,0,0.0,0.0,
vgg16_13layer_2026-02-25T17:45:51.920999,vgg16,13layer,full,13,eyeriss,thesis_arch,1056,524,128,32,64,1,False,False,"Ill-posed constraints:
CONSTRAINTS VIOLATION: Arch: Eyeriss_Constrained_13L_tile1_64x32 -> Level: InRegister: memory footprint: 1398 VS memory available: 400
CONSTRAINTS VIOLATION: Arch: Eyeriss_Constrained_13L_tile1_64x32 -> Level: WRegister: memory footprint: 9579 VS memory available: 5000",0.000e+00,0.000e+00,0.00e+00,0,0.0,0.0,
vgg16_13layer_2026-02-25T17:45:52.279238,vgg16,13layer,full,13,eyeriss,thesis_arch,1056,524,128,32,128,1,False,False,"Ill-posed constraints:
CONSTRAINTS VIOLATION: Arch: Eyeriss_Constrained_13L_tile1_128x32 -> Level: InRegister: memory footprint: 1398 VS memory available: 400",0.000e+00,0.000e+00,0.00e+00,0,0.0,0.0,
vgg16_13layer_2026-02-25T17:45:52.648875,vgg16,13layer,full,13,eyeriss,thesis_arch,1056,524,128,32,256,1,False,False,"Ill-posed constraints:
CONSTRAINTS VIOLATION: Arch: Eyeriss_Constrained_13L_tile1_256x32 -> Level: InRegister: memory footprint: 1398 VS memory available: 400",0.000e+00,0.000e+00,0.00e+00,0,0.0,0.0,
vgg16_13layer_2026-02-25T17:45:52.980143,vgg16,13layer,full,13,eyeriss,thesis_arch,1056,524,128,32,512,1,False,False,"Ill-posed constraints:
CONSTRAINTS VIOLATION: Arch: Eyeriss_Constrained_13L_tile1_512x32 -> Level: InRegister: memory footprint: 1398 VS memory available: 400",0.000e+00,0.000e+00,0.00e+00,0,0.0,0.0,
vgg16_13layer_2026-02-25T17:45:53.334826,vgg16,13layer,full,13,eyeriss,thesis_arch,1056,524,128,64,4,1,False,False,"Ill-posed constraints:
CONSTRAINTS VIOLATION: Arch: Eyeriss_Constrained_13L_tile1_4x64 -> Level: InRegister: memory footprint: 702 VS memory available: 400
CONSTRAINTS VIOLATION: Arch: Eyeriss_Constrained_13L_tile1_4x64 -> Level: WRegister: memory footprint: 76620 VS memory available: 5000
CONSTRAINTS VIOLATION: Arch: Eyeriss_Constrained_13L_tile1_4x64 -> Level: IntermediateRegister: memory footprint: 916 VS memory available: 350
CONSTRAINTS VIOLATION: Arch: Eyeriss_Constrained_13L_tile1_4x64 -> Level: OutRegister: memory footprint: 128 VS memory available: 8",0.000e+00,0.000e+00,0.00e+00,0,0.0,0.0,
vgg16_13layer_2026-02-25T17:45:53.678176,vgg16,13layer,full,13,eyeriss,thesis_arch,1056,524,128,64,16,1,False,False,"Ill-posed constraints:
CONSTRAINTS VIOLATION: Arch: Eyeriss_Constrained_13L_tile1_16x64 -> Level: InRegister: memory footprint: 702 VS memory available: 400
CONSTRAINTS VIOLATION: Arch: Eyeriss_Constrained_13L_tile1_16x64 -> Level: WRegister: memory footprint: 19155 VS memory available: 5000
CONSTRAINTS VIOLATION: Arch: Eyeriss_Constrained_13L_tile1_16x64 -> Level: OutRegister: memory footprint: 32 VS memory available: 8",0.000e+00,0.000e+00,0.00e+00,0,0.0,0.0,
vgg16_13layer_2026-02-25T17:45:54.046108,vgg16,13layer,full,13,eyeriss,thesis_arch,1056,524,128,64,32,1,False,False,"Ill-posed constraints:
CONSTRAINTS VIOLATION: Arch: Eyeriss_Constrained_13L_tile1_32x64 -> Level: InRegister: memory footprint: 702 VS memory available: 400
CONSTRAINTS VIOLATION: Arch: Eyeriss_Constrained_13L_tile1_32x64 -> Level: WRegister: memory footprint: 9579 VS memory available: 5000
CONSTRAINTS VIOLATION: Arch: Eyeriss_Constrained_13L_tile1_32x64 -> Level: OutRegister: memory footprint: 16 VS memory available: 8",0.000e+00,0.000e+00,0.00e+00,0,0.0,0.0,
vgg16_13layer_2026-02-25T17:45:54.338010,vgg16,13layer,full,13,eyeriss,thesis_arch,1056,524,128,64,64,1,False,False,"Ill-posed constraints:
CONSTRAINTS VIOLATION: Arch: Eyeriss_Constrained_13L_tile1_64x64 -> Level: InRegister: memory footprint: 702 VS memory available: 400",0.000e+00,0.000e+00,0.00e+00,0,0.0,0.0,
vgg16_13layer_2026-02-25T17:45:54.677849,vgg16,13layer,full,13,eyeriss,thesis_arch,1056,524,128,64,128,1,False,False,"Ill-posed constraints:
CONSTRAINTS VIOLATION: Arch: Eyeriss_Constrained_13L_tile1_128x64 -> Level: InRegister: memory footprint: 702 VS memory available: 400",0.000e+00,0.000e+00,0.00e+00,0,0.0,0.0,
vgg16_13layer_2026-02-25T17:45:55.047222,vgg16,13layer,full,13,eyeriss,thesis_arch,1056,524,128,64,256,1,False,False,"Ill-posed constraints:
CONSTRAINTS VIOLATION: Arch: Eyeriss_Constrained_13L_tile1_256x64 -> Level: InRegister: memory footprint: 702 VS memory available: 400",0.000e+00,0.000e+00,0.00e+00,0,0.0,0.0,
vgg16_13layer_2026-02-25T17:45:55.400676,vgg16,13layer,full,13,eyeriss,thesis_arch,1056,524,128,128,4,1,False,False,"Ill-posed constraints:
CONSTRAINTS VIOLATION: Arch: Eyeriss_Constrained_13L_tile1_4x128 -> Level: WRegister: memory footprint: 38310 VS memory available: 5000
CONSTRAINTS VIOLATION: Arch: Eyeriss_Constrained_13L_tile1_4x128 -> Level: IntermediateRegister: memory footprint: 914 VS memory available: 350
CONSTRAINTS VIOLATION: Arch: Eyeriss_Constrained_13L_tile1_4x128 -> Level: OutRegister: memory footprint: 128 VS memory available: 8",0.000e+00,0.000e+00,0.00e+00,0,0.0,0.0,
vgg16_13layer_2026-02-25T17:45:55.699284,vgg16,13layer,full,13,eyeriss,thesis_arch,1056,524,128,128,16,1,False,False,"Ill-posed constraints:
CONSTRAINTS VIOLATION: Arch: Eyeriss_Constrained_13L_tile1_16x128 -> Level: WRegister: memory footprint: 9579 VS memory available: 5000
CONSTRAINTS VIOLATION: Arch: Eyeriss_Constrained_13L_tile1_16x128 -> Level: OutRegister: memory footprint: 32 VS memory available: 8",0.000e+00,0.000e+00,0.00e+00,0,0.0,0.0,
vgg16_13layer_2026-02-25T17:45:55.970858,vgg16,13layer,full,13,eyeriss,thesis_arch,1056,524,128,128,32,1,False,False,"Ill-posed constraints:
CONSTRAINTS VIOLATION: Arch: Eyeriss_Constrained_13L_tile1_32x128 -> Level: OutRegister: memory footprint: 16 VS memory available: 8",0.000e+00,0.000e+00,0.00e+00,0,0.0,0.0,
vgg16_13layer_2026-02-25T17:45:56.215977,vgg16,13layer,full,13,eyeriss,thesis_arch,1056,524,128,128,64,1,False,True,,4.379e+05,5.681e+06,2.51e+06,"(37396231872, 16400878592)",0.0022272435016930103,0.2248210906982422,DRAM[P=14 Q=14 Z12=1 C12=1 R12=1 S12=1 Y11=14 X11=14 Z11=1 C11=1 R11=1 S11=1 Y10=14 X10=14 Z10=1 C10=1 R10=1 S10=1 Y9=28 X9=28 Z9=1 C9=1 R9=1 S9=1 Y8=28 X8=28 Z8=1 C8=1 R8=1 S8=1 Y7=28 X7=28 Z7=1 C7=1 R7=1 S7=1 Y6=56 X6=56 Z6=1 C6=1 R6=1 S6=1 Y5=56 X5=56 Z5=1 C5=1 R5=1 S5=1 Y4=56 X4=56 Z4=1 C4=1 R4=1 S4=1 Y3=112 X3=112 Z3=1 C3=1 R3=1 S3=1 Y2=112 X2=112 Z2=1 C2=1 R2=1 S2=1 Y1=224 X1=224 Z1=1 C1=1 R1=1 S1=1 Y0=224 X0=224 Z0=1 C0=1 R0=1 S0=1] GlobalBuffer[P=1 Q=1 Z12=1 C12=1 R12=1 S12=1 Y11=1 X11=1 Z11=1 C11=1 R11=1 S11=1 Y10=1 X10=1 Z10=1 C10=1 R10=1 S10=1 Y9=1 X9=1 Z9=1 C9=1 R9=1 S9=1 Y8=1 X8=1 Z8=1 C8=1 R8=1 S8=1 Y7=1 X7=1 Z7=1 C7=1 R7=1 S7=1 Y6=1 X6=1 Z6=1 C6=1 R6=1 S6=1 Y5=1 X5=1 Z5=1 C5=1 R5=1 S5=1 Y4=1 X4=1 Z4=1 C4=1 R4=1 S4=1 Y3=1 X3=1 Z3=1 C3=1 R3=1 S3=1 Y2=1 X2=1 Z2=1 C2=1 R2=1 S2=1 Y1=1 X1=1 Z1=1 C1=1 R1=1 S1=1 Y0=1 X0=1 Z0=1 C0=1 R0=1 S0=1] SACols[Q=1 Z12=64] SARows[S12=3 C12=32 Z12=1] SACols_11[X11=1 Z11=64] SARows_11[S11=3 C11=32 Z11=1] SACols_10[X10=1 Z10=64] SARows_10[S10=3 C10=32 Z10=1] SACols_9[X9=1 Z9=64] SARows_9[S9=3 C9=32 Z9=1] SACols_8[X8=1 Z8=64] SARows_8[S8=3 C8=32 Z8=1] SACols_7[X7=1 Z7=64] SARows_7[S7=3 C7=32 Z7=1] SACols_6[X6=1 Z6=64] SARows_6[S6=3 C6=32 Z6=1] SACols_5[X5=1 Z5=64] SARows_5[S5=3 C5=32 Z5=1] SACols_4[X4=1 Z4=64] SARows_4[S4=3 C4=32 Z4=1] SACols_3[X3=1 Z3=64] SARows_3[S3=3 C3=32 Z3=1] SACols_2[X2=1 Z2=64] SARows_2[S2=3 C2=32 Z2=1] SACols_1[X1=1 Z1=64] SARows_1[S1=3 C1=32 Z1=1] SACols_0[X0=1 Z0=64] SARows_0[S0=3 C0=3 Z0=1] InRegister[P=1 Q=1 Z12=1 C12=1 R12=1 S12=1 Y11=1 X11=1 Z11=1 C11=1 R11=1 S11=1 Y10=1 X10=1 Z10=1 C10=1 R10=1 S10=1 Y9=1 X9=1 Z9=1 C9=1 R9=1 S9=1 Y8=1 X8=1 Z8=1 C8=1 R8=1 S8=1 Y7=1 X7=1 Z7=1 C7=1 R7=1 S7=1 Y6=1 X6=1 Z6=1 C6=1 R6=1 S6=1 Y5=1 X5=1 Z5=1 C5=1 R5=1 S5=1 Y4=1 X4=1 Z4=1 C4=1 R4=1 S4=1 Y3=1 X3=1 Z3=1 C3=1 R3=1 S3=1 Y2=1 X2=1 Z2=1 C2=1 R2=1 S2=1 Y1=1 X1=1 Z1=1 C1=1 R1=1 S1=1 Y0=1 X0=1 Z0=1 C0=1 R0=1 S0=1] WRegister[P=1 Q=1 Z12=1 C12=16 R12=3 S12=1 Y11=1 X11=1 Z11=1 C11=16 R11=3 S11=1 Y10=1 X10=1 Z10=1 C10=16 R10=3 S10=1 Y9=1 X9=1 Z9=1 C9=16 R9=3 S9=1 Y8=1 X8=1 Z8=1 C8=16 R8=3 S8=1 Y7=1 X7=1 Z7=1 C7=8 R7=3 S7=1 Y6=1 X6=1 Z6=1 C6=8 R6=3 S6=1 Y5=1 X5=1 Z5=1 C5=8 R5=3 S5=1 Y4=1 X4=1 Z4=1 C4=4 R4=3 S4=1 Y3=1 X3=1 Z3=1 C3=4 R3=3 S3=1 Y2=1 X2=1 Z2=1 C2=2 R2=3 S2=1 Y1=1 X1=1 Z1=1 C1=2 R1=3 S1=1 Y0=1 X0=1 Z0=1 C0=1 R0=3 S0=1] IntermediateRegister[P=1 Q=1 Z12=1 C12=1 R12=1 S12=1 Y11=1 X11=1 Z11=8 C11=1 R11=1 S11=1 Y10=1 X10=1 Z10=8 C10=1 R10=1 S10=1 Y9=1 X9=1 Z9=8 C9=1 R9=1 S9=1 Y8=1 X8=1 Z8=8 C8=1 R8=1 S8=1 Y7=1 X7=1 Z7=8 C7=1 R7=1 S7=1 Y6=1 X6=1 Z6=4 C6=1 R6=1 S6=1 Y5=1 X5=1 Z5=4 C5=1 R5=1 S5=1 Y4=1 X4=1 Z4=4 C4=1 R4=1 S4=1 Y3=1 X3=1 Z3=2 C3=1 R3=1 S3=1 Y2=1 X2=1 Z2=2 C2=1 R2=1 S2=1 Y1=1 X1=1 Z1=1 C1=1 R1=1 S1=1 Y0=1 X0=1 Z0=1 C0=1 R0=1 S0=1] OutRegister[P=1 Q=1 Z12=8 C12=1 R12=1 S12=1 Y11=1 X11=1 Z11=1 C11=1 R11=1 S11=1 Y10=1 X10=1 Z10=1 C10=1 R10=1 S10=1 Y9=1 X9=1 Z9=1 C9=1 R9=1 S9=1 Y8=1 X8=1 Z8=1 C8=1 R8=1 S8=1 Y7=1 X7=1 Z7=1 C7=1 R7=1 S7=1 Y6=1 X6=1 Z6=1 C6=1 R6=1 S6=1 Y5=1 X5=1 Z5=1 C5=1 R5=1 S5=1 Y4=1 X4=1 Z4=1 C4=1 R4=1 S4=1 Y3=1 X3=1 Z3=1 C3=1 R3=1 S3=1 Y2=1 X2=1 Z2=1 C2=1 R2=1 S2=1 Y1=1 X1=1 Z1=1 C1=1 R1=1 S1=1 Y0=1 X0=1 Z0=1 C0=1 R0=1 S0=1] Compute] 
vgg16_13layer_2026-02-25T17:45:56.780047,vgg16,13layer,full,13,eyeriss,thesis_arch,1056,524,128,128,128,1,False,True,,4.443e+05,5.455e+06,2.46e+06,"(40633185984, 16400878592)",0.0005568108754232526,0.19377970695495605,DRAM[P=14 Q=14 Z12=1 C12=1 R12=1 S12=1 Y11=14 X11=14 Z11=1 C11=1 R11=1 S11=1 Y10=14 X10=14 Z10=1 C10=1 R10=1 S10=1 Y9=28 X9=28 Z9=1 C9=1 R9=1 S9=1 Y8=28 X8=28 Z8=1 C8=1 R8=1 S8=1 Y7=28 X7=28 Z7=1 C7=1 R7=1 S7=1 Y6=56 X6=56 Z6=1 C6=1 R6=1 S6=1 Y5=56 X5=56 Z5=1 C5=1 R5=1 S5=1 Y4=56 X4=56 Z4=1 C4=1 R4=1 S4=1 Y3=112 X3=112 Z3=1 C3=1 R3=1 S3=1 Y2=112 X2=112 Z2=1 C2=1 R2=1 S2=1 Y1=224 X1=224 Z1=1 C1=1 R1=1 S1=1 Y0=224 X0=224 Z0=1 C0=1 R0=1 S0=1] GlobalBuffer[P=1 Q=1 Z12=1 C12=1 R12=1 S12=1 Y11=1 X11=1 Z11=1 C11=1 R11=1 S11=1 Y10=1 X10=1 Z10=1 C10=1 R10=1 S10=1 Y9=1 X9=1 Z9=1 C9=1 R9=1 S9=1 Y8=1 X8=1 Z8=1 C8=1 R8=1 S8=1 Y7=1 X7=1 Z7=1 C7=1 R7=1 S7=1 Y6=1 X6=1 Z6=1 C6=1 R6=1 S6=1 Y5=1 X5=1 Z5=1 C5=1 R5=1 S5=1 Y4=1 X4=1 Z4=1 C4=1 R4=1 S4=1 Y3=1 X3=1 Z3=1 C3=1 R3=1 S3=1 Y2=1 X2=1 Z2=1 C2=1 R2=1 S2=1 Y1=1 X1=1 Z1=1 C1=1 R1=1 S1=1 Y0=1 X0=1 Z0=1 C0=1 R0=1 S0=1] SACols[Q=1 Z12=128] SARows[S12=3 C12=32 Z12=1] SACols_11[X11=1 Z11=128] SARows_11[S11=3 C11=32 Z11=1] SACols_10[X10=1 Z10=128] SARows_10[S10=3 C10=32 Z10=1] SACols_9[X9=1 Z9=128] SARows_9[S9=3 C9=32 Z9=1] SACols_8[X8=1 Z8=128] SARows_8[S8=3 C8=32 Z8=1] SACols_7[X7=1 Z7=128] SARows_7[S7=3 C7=32 Z7=1] SACols_6[X6=1 Z6=128] SARows_6[S6=3 C6=32 Z6=1] SACols_5[X5=1 Z5=128] SARows_5[S5=3 C5=32 Z5=1] SACols_4[X4=1 Z4=128] SARows_4[S4=3 C4=32 Z4=1] SACols_3[X3=1 Z3=128] SARows_3[S3=3 C3=32 Z3=1] SACols_2[X2=1 Z2=128] SARows_2[S2=3 C2=32 Z2=1] SACols_1[X1=1 Z1=64] SARows_1[S1=3 C1=32 Z1=1] SACols_0[X0=1 Z0=64] SARows_0[S0=3 C0=3 Z0=1] InRegister[P=1 Q=1 Z12=1 C12=1 R12=1 S12=1 Y11=1 X11=1 Z11=1 C11=1 R11=1 S11=1 Y10=1 X10=1 Z10=1 C10=1 R10=1 S10=1 Y9=1 X9=1 Z9=1 C9=1 R9=1 S9=1 Y8=1 X8=1 Z8=1 C8=1 R8=1 S8=1 Y7=1 X7=1 Z7=1 C7=1 R7=1 S7=1 Y6=1 X6=1 Z6=1 C6=1 R6=1 S6=1 Y5=1 X5=1 Z5=1 C5=1 R5=1 S5=1 Y4=1 X4=1 Z4=1 C4=1 R4=1 S4=1 Y3=1 X3=1 Z3=1 C3=1 R3=1 S3=1 Y2=1 X2=1 Z2=1 C2=1 R2=1 S2=1 Y1=1 X1=1 Z1=1 C1=1 R1=1 S1=1 Y0=1 X0=1 Z0=1 C0=1 R0=1 S0=1] WRegister[P=1 Q=1 Z12=1 C12=16 R12=3 S12=1 Y11=1 X11=1 Z11=1 C11=16 R11=3 S11=1 Y10=1 X10=1 Z10=1 C10=16 R10=3 S10=1 Y9=1 X9=1 Z9=1 C9=16 R9=3 S9=1 Y8=1 X8=1 Z8=1 C8=16 R8=3 S8=1 Y7=1 X7=1 Z7=1 C7=8 R7=3 S7=1 Y6=1 X6=1 Z6=1 C6=8 R6=3 S6=1 Y5=1 X5=1 Z5=1 C5=8 R5=3 S5=1 Y4=1 X4=1 Z4=1 C4=4 R4=3 S4=1 Y3=1 X3=1 Z3=1 C3=4 R3=3 S3=1 Y2=1 X2=1 Z2=1 C2=2 R2=3 S2=1 Y1=1 X1=1 Z1=1 C1=2 R1=3 S1=1 Y0=1 X0=1 Z0=1 C0=1 R0=3 S0=1] IntermediateRegister[P=1 Q=1 Z12=1 C12=1 R12=1 S12=1 Y11=1 X11=1 Z11=4 C11=1 R11=1 S11=1 Y10=1 X10=1 Z10=4 C10=1 R10=1 S10=1 Y9=1 X9=1 Z9=4 C9=1 R9=1 S9=1 Y8=1 X8=1 Z8=4 C8=1 R8=1 S8=1 Y7=1 X7=1 Z7=4 C7=1 R7=1 S7=1 Y6=1 X6=1 Z6=2 C6=1 R6=1 S6=1 Y5=1 X5=1 Z5=2 C5=1 R5=1 S5=1 Y4=1 X4=1 Z4=2 C4=1 R4=1 S4=1 Y3=1 X3=1 Z3=1 C3=1 R3=1 S3=1 Y2=1 X2=1 Z2=1 C2=1 R2=1 S2=1 Y1=1 X1=1 Z1=1 C1=1 R1=1 S1=1 Y0=1 X0=1 Z0=1 C0=1 R0=1 S0=1] OutRegister[P=1 Q=1 Z12=4 C12=1 R12=1 S12=1 Y11=1 X11=1 Z11=1 C11=1 R11=1 S11=1 Y10=1 X10=1 Z10=1 C10=1 R10=1 S10=1 Y9=1 X9=1 Z9=1 C9=1 R9=1 S9=1 Y8=1 X8=1 Z8=1 C8=1 R8=1 S8=1 Y7=1 X7=1 Z7=1 C7=1 R7=1 S7=1 Y6=1 X6=1 Z6=1 C6=1 R6=1 S6=1 Y5=1 X5=1 Z5=1 C5=1 R5=1 S5=1 Y4=1 X4=1 Z4=1 C4=1 R4=1 S4=1 Y3=1 X3=1 Z3=1 C3=1 R3=1 S3=1 Y2=1 X2=1 Z2=1 C2=1 R2=1 S2=1 Y1=1 X1=1 Z1=1 C1=1 R1=1 S1=1 Y0=1 X0=1 Z0=1 C0=1 R0=1 S0=1] Compute] 
vgg16_13layer_2026-02-25T17:45:57.284120,vgg16,13layer,full,13,eyeriss,thesis_arch,1056,524,128,256,4,1,False,False,"Ill-posed constraints:
CONSTRAINTS VIOLATION: Arch: Eyeriss_Constrained_13L_tile1_4x256 -> Level: WRegister: memory footprint: 19155 VS memory available: 5000
CONSTRAINTS VIOLATION: Arch: Eyeriss_Constrained_13L_tile1_4x256 -> Level: IntermediateRegister: memory footprint: 913 VS memory available: 350
CONSTRAINTS VIOLATION: Arch: Eyeriss_Constrained_13L_tile1_4x256 -> Level: OutRegister: memory footprint: 128 VS memory available: 8",0.000e+00,0.000e+00,0.00e+00,0,0.0,0.0,
vgg16_13layer_2026-02-25T17:45:57.636615,vgg16,13layer,full,13,eyeriss,thesis_arch,1056,524,128,256,16,1,False,False,"Ill-posed constraints:
CONSTRAINTS VIOLATION: Arch: Eyeriss_Constrained_13L_tile1_16x256 -> Level: OutRegister: memory footprint: 32 VS memory available: 8",0.000e+00,0.000e+00,0.00e+00,0,0.0,0.0,
vgg16_13layer_2026-02-25T17:45:57.993849,vgg16,13layer,full,13,eyeriss,thesis_arch,1056,524,128,256,32,1,False,False,"Ill-posed constraints:
CONSTRAINTS VIOLATION: Arch: Eyeriss_Constrained_13L_tile1_32x256 -> Level: OutRegister: memory footprint: 16 VS memory available: 8",0.000e+00,0.000e+00,0.00e+00,0,0.0,0.0,
vgg16_13layer_2026-02-25T17:45:58.360361,vgg16,13layer,full,13,eyeriss,thesis_arch,1056,524,128,256,64,1,False,True,,4.413e+05,5.455e+06,2.43e+06,"(38378878656, 17383525376)",0.0011136217508465052,0.3048665523529053,DRAM[P=14 Q=14 Z12=1 C12=1 R12=1 S12=1 Y11=14 X11=14 Z11=1 C11=1 R11=1 S11=1 Y10=14 X10=14 Z10=1 C10=1 R10=1 S10=1 Y9=28 X9=28 Z9=1 C9=1 R9=1 S9=1 Y8=28 X8=28 Z8=1 C8=1 R8=1 S8=1 Y7=28 X7=28 Z7=1 C7=1 R7=1 S7=1 Y6=56 X6=56 Z6=1 C6=1 R6=1 S6=1 Y5=56 X5=56 Z5=1 C5=1 R5=1 S5=1 Y4=56 X4=56 Z4=1 C4=1 R4=1 S4=1 Y3=112 X3=112 Z3=1 C3=1 R3=1 S3=1 Y2=112 X2=112 Z2=1 C2=1 R2=1 S2=1 Y1=224 X1=224 Z1=1 C1=1 R1=1 S1=1 Y0=224 X0=224 Z0=1 C0=1 R0=1 S0=1] GlobalBuffer[P=1 Q=1 Z12=1 C12=1 R12=1 S12=1 Y11=1 X11=1 Z11=1 C11=1 R11=1 S11=1 Y10=1 X10=1 Z10=1 C10=1 R10=1 S10=1 Y9=1 X9=1 Z9=1 C9=1 R9=1 S9=1 Y8=1 X8=1 Z8=1 C8=1 R8=1 S8=1 Y7=1 X7=1 Z7=1 C7=1 R7=1 S7=1 Y6=1 X6=1 Z6=1 C6=1 R6=1 S6=1 Y5=1 X5=1 Z5=1 C5=1 R5=1 S5=1 Y4=1 X4=1 Z4=1 C4=1 R4=1 S4=1 Y3=1 X3=1 Z3=1 C3=1 R3=1 S3=1 Y2=1 X2=1 Z2=1 C2=1 R2=1 S2=1 Y1=1 X1=1 Z1=1 C1=1 R1=1 S1=1 Y0=1 X0=1 Z0=1 C0=1 R0=1 S0=1] SACols[Q=1 Z12=64] SARows[S12=3 C12=64 Z12=1] SACols_11[X11=1 Z11=64] SARows_11[S11=3 C11=64 Z11=1] SACols_10[X10=1 Z10=64] SARows_10[S10=3 C10=64 Z10=1] SACols_9[X9=1 Z9=64] SARows_9[S9=3 C9=64 Z9=1] SACols_8[X8=1 Z8=64] SARows_8[S8=3 C8=64 Z8=1] SACols_7[X7=1 Z7=64] SARows_7[S7=3 C7=64 Z7=1] SACols_6[X6=1 Z6=64] SARows_6[S6=3 C6=64 Z6=1] SACols_5[X5=1 Z5=64] SARows_5[S5=3 C5=64 Z5=1] SACols_4[X4=1 Z4=64] SARows_4[S4=3 C4=64 Z4=1] SACols_3[X3=1 Z3=64] SARows_3[S3=3 C3=64 Z3=1] SACols_2[X2=1 Z2=64] SARows_2[S2=3 C2=64 Z2=1] SACols_1[X1=1 Z1=64] SARows_1[S1=3 C1=64 Z1=1] SACols_0[X0=1 Z0=64] SARows_0[S0=3 C0=3 Z0=1] InRegister[P=1 Q=1 Z12=1 C12=1 R12=1 S12=1 Y11=1 X11=1 Z11=1 C11=1 R11=1 S11=1 Y10=1 X10=1 Z10=1 C10=1 R10=1 S10=1 Y9=1 X9=1 Z9=1 C9=1 R9=1 S9=1 Y8=1 X8=1 Z8=1 C8=1 R8=1 S8=1 Y7=1 X7=1 Z7=1 C7=1 R7=1 S7=1 Y6=1 X6=1 Z6=1 C6=1 R6=1 S6=1 Y5=1 X5=1 Z5=1 C5=1 R5=1 S5=1 Y4=1 X4=1 Z4=1 C4=1 R4=1 S4=1 Y3=1 X3=1 Z3=1 C3=1 R3=1 S3=1 Y2=1 X2=1 Z2=1 C2=1 R2=1 S2=1 Y1=1 X1=1 Z1=1 C1=1 R1=1 S1=1 Y0=1 X0=1 Z0=1 C0=1 R0=1 S0=1] WRegister[P=1 Q=1 Z12=1 C12=8 R12=3 S12=1 Y11=1 X11=1 Z11=1 C11=8 R11=3 S11=1 Y10=1 X10=1 Z10=1 C10=8 R10=3 S10=1 Y9=1 X9=1 Z9=1 C9=8 R9=3 S9=1 Y8=1 X8=1 Z8=1 C8=8 R8=3 S8=1 Y7=1 X7=1 Z7=1 C7=4 R7=3 S7=1 Y6=1 X6=1 Z6=1 C6=4 R6=3 S6=1 Y5=1 X5=1 Z5=1 C5=4 R5=3 S5=1 Y4=1 X4=1 Z4=1 C4=2 R4=3 S4=1 Y3=1 X3=1 Z3=1 C3=2 R3=3 S3=1 Y2=1 X2=1 Z2=1 C2=1 R2=3 S2=1 Y1=1 X1=1 Z1=1 C1=1 R1=3 S1=1 Y0=1 X0=1 Z0=1 C0=1 R0=3 S0=1] IntermediateRegister[P=1 Q=1 Z12=1 C12=1 R12=1 S12=1 Y11=1 X11=1 Z11=8 C11=1 R11=1 S11=1 Y10=1 X10=1 Z10=8 C10=1 R10=1 S10=1 Y9=1 X9=1 Z9=8 C9=1 R9=1 S9=1 Y8=1 X8=1 Z8=8 C8=1 R8=1 S8=1 Y7=1 X7=1 Z7=8 C7=1 R7=1 S7=1 Y6=1 X6=1 Z6=4 C6=1 R6=1 S6=1 Y5=1 X5=1 Z5=4 C5=1 R5=1 S5=1 Y4=1 X4=1 Z4=4 C4=1 R4=1 S4=1 Y3=1 X3=1 Z3=2 C3=1 R3=1 S3=1 Y2=1 X2=1 Z2=2 C2=1 R2=1 S2=1 Y1=1 X1=1 Z1=1 C1=1 R1=1 S1=1 Y0=1 X0=1 Z0=1 C0=1 R0=1 S0=1] OutRegister[P=1 Q=1 Z12=8 C12=1 R12=1 S12=1 Y11=1 X11=1 Z11=1 C11=1 R11=1 S11=1 Y10=1 X10=1 Z10=1 C10=1 R10=1 S10=1 Y9=1 X9=1 Z9=1 C9=1 R9=1 S9=1 Y8=1 X8=1 Z8=1 C8=1 R8=1 S8=1 Y7=1 X7=1 Z7=1 C7=1 R7=1 S7=1 Y6=1 X6=1 Z6=1 C6=1 R6=1 S6=1 Y5=1 X5=1 Z5=1 C5=1 R5=1 S5=1 Y4=1 X4=1 Z4=1 C4=1 R4=1 S4=1 Y3=1 X3=1 Z3=1 C3=1 R3=1 S3=1 Y2=1 X2=1 Z2=1 C2=1 R2=1 S2=1 Y1=1 X1=1 Z1=1 C1=1 R1=1 S1=1 Y0=1 X0=1 Z0=1 C0=1 R0=1 S0=1] Compute] 
vgg16_13layer_2026-02-25T17:45:58.978862,vgg16,13layer,full,13,eyeriss,thesis_arch,1056,524,128,512,4,1,False,False,"Ill-posed constraints:
CONSTRAINTS VIOLATION: Arch: Eyeriss_Constrained_13L_tile1_4x512 -> Level: WRegister: memory footprint: 9579 VS memory available: 5000
CONSTRAINTS VIOLATION: Arch: Eyeriss_Constrained_13L_tile1_4x512 -> Level: IntermediateRegister: memory footprint: 889 VS memory available: 350
CONSTRAINTS VIOLATION: Arch: Eyeriss_Constrained_13L_tile1_4x512 -> Level: OutRegister: memory footprint: 128 VS memory available: 8",0.000e+00,0.000e+00,0.00e+00,0,0.0,0.0,
vgg16_13layer_2026-02-25T17:45:59.276803,vgg16,13layer,full,13,eyeriss,thesis_arch,1056,524,128,512,16,1,False,False,"Ill-posed constraints:
CONSTRAINTS VIOLATION: Arch: Eyeriss_Constrained_13L_tile1_16x512 -> Level: OutRegister: memory footprint: 32 VS memory available: 8",0.000e+00,0.000e+00,0.00e+00,0,0.0,0.0,
vgg16_13layer_2026-02-25T17:45:59.565908,vgg16,13layer,full,13,eyeriss,thesis_arch,1056,524,128,512,32,1,False,False,"Ill-posed constraints:
CONSTRAINTS VIOLATION: Arch: Eyeriss_Constrained_13L_tile1_32x512 -> Level: OutRegister: memory footprint: 16 VS memory available: 8",0.000e+00,0.000e+00,0.00e+00,0,0.0,0.0,
vgg16_13layer_2026-02-25T17:45:59.906581,vgg16,13layer,full,13,eyeriss,thesis_arch,1056,524,128,4,4,1,False,False,"Ill-posed constraints:
CONSTRAINTS VIOLATION: Arch: Eyeriss_Constrained_13L_tile1_4x4 -> Level: InRegister: memory footprint: 11152 VS memory available: 400
CONSTRAINTS VIOLATION: Arch: Eyeriss_Constrained_13L_tile1_4x4 -> Level: WRegister: memory footprint: 1225872 VS memory available: 5000
CONSTRAINTS VIOLATION: Arch: Eyeriss_Constrained_13L_tile1_4x4 -> Level: IntermediateRegister: memory footprint: 928 VS memory available: 350
CONSTRAINTS VIOLATION: Arch: Eyeriss_Constrained_13L_tile1_4x4 -> Level: OutRegister: memory footprint: 128 VS memory available: 16",0.000e+00,0.000e+00,0.00e+00,0,0.0,0.0,
vgg16_13layer_2026-02-25T17:46:00.293537,vgg16,13layer,full,13,eyeriss,thesis_arch,1056,524,128,4,16,1,False,False,"Ill-posed constraints:
CONSTRAINTS VIOLATION: Arch: Eyeriss_Constrained_13L_tile1_16x4 -> Level: InRegister: memory footprint: 11152 VS memory available: 400
CONSTRAINTS VIOLATION: Arch: Eyeriss_Constrained_13L_tile1_16x4 -> Level: WRegister: memory footprint: 306468 VS memory available: 5000
CONSTRAINTS VIOLATION: Arch: Eyeriss_Constrained_13L_tile1_16x4 -> Level: OutRegister: memory footprint: 32 VS memory available: 16",0.000e+00,0.000e+00,0.00e+00,0,0.0,0.0,
vgg16_13layer_2026-02-25T17:46:00.605467,vgg16,13layer,full,13,eyeriss,thesis_arch,1056,524,128,4,32,1,False,False,"Ill-posed constraints:
CONSTRAINTS VIOLATION: Arch: Eyeriss_Constrained_13L_tile1_32x4 -> Level: InRegister: memory footprint: 11152 VS memory available: 400
CONSTRAINTS VIOLATION: Arch: Eyeriss_Constrained_13L_tile1_32x4 -> Level: WRegister: memory footprint: 153234 VS memory available: 5000",0.000e+00,0.000e+00,0.00e+00,0,0.0,0.0,
vgg16_13layer_2026-02-25T17:46:00.905010,vgg16,13layer,full,13,eyeriss,thesis_arch,1056,524,128,4,64,1,False,False,"Ill-posed constraints:
CONSTRAINTS VIOLATION: Arch: Eyeriss_Constrained_13L_tile1_64x4 -> Level: InRegister: memory footprint: 11152 VS memory available: 400
CONSTRAINTS VIOLATION: Arch: Eyeriss_Constrained_13L_tile1_64x4 -> Level: WRegister: memory footprint: 76617 VS memory available: 5000",0.000e+00,0.000e+00,0.00e+00,0,0.0,0.0,
vgg16_13layer_2026-02-25T17:46:01.286122,vgg16,13layer,full,13,eyeriss,thesis_arch,1056,524,128,4,128,1,False,False,"Ill-posed constraints:
CONSTRAINTS VIOLATION: Arch: Eyeriss_Constrained_13L_tile1_128x4 -> Level: InRegister: memory footprint: 11152 VS memory available: 400
CONSTRAINTS VIOLATION: Arch: Eyeriss_Constrained_13L_tile1_128x4 -> Level: WRegister: memory footprint: 38409 VS memory available: 5000",0.000e+00,0.000e+00,0.00e+00,0,0.0,0.0,
vgg16_13layer_2026-02-25T17:46:01.645444,vgg16,13layer,full,13,eyeriss,thesis_arch,1056,524,128,4,256,1,False,False,"Ill-posed constraints:
CONSTRAINTS VIOLATION: Arch: Eyeriss_Constrained_13L_tile1_256x4 -> Level: InRegister: memory footprint: 11152 VS memory available: 400
CONSTRAINTS VIOLATION: Arch: Eyeriss_Constrained_13L_tile1_256x4 -> Level: WRegister: memory footprint: 19593 VS memory available: 5000",0.000e+00,0.000e+00,0.00e+00,0,0.0,0.0,
vgg16_13layer_2026-02-25T17:46:02.066988,vgg16,13layer,full,13,eyeriss,thesis_arch,1056,524,128,4,512,1,False,False,"Ill-posed constraints:
CONSTRAINTS VIOLATION: Arch: Eyeriss_Constrained_13L_tile1_512x4 -> Level: InRegister: memory footprint: 11152 VS memory available: 400
CONSTRAINTS VIOLATION: Arch: Eyeriss_Constrained_13L_tile1_512x4 -> Level: WRegister: memory footprint: 11145 VS memory available: 5000",0.000e+00,0.000e+00,0.00e+00,0,0.0,0.0,
vgg16_13layer_2026-02-25T17:46:02.342501,vgg16,13layer,full,13,eyeriss,thesis_arch,1056,524,128,16,4,1,False,False,"Ill-posed constraints:
CONSTRAINTS VIOLATION: Arch: Eyeriss_Constrained_13L_tile1_4x16 -> Level: InRegister: memory footprint: 2790 VS memory available: 400
CONSTRAINTS VIOLATION: Arch: Eyeriss_Constrained_13L_tile1_4x16 -> Level: WRegister: memory footprint: 306480 VS memory available: 5000
CONSTRAINTS VIOLATION: Arch: Eyeriss_Constrained_13L_tile1_4x16 -> Level: IntermediateRegister: memory footprint: 928 VS memory available: 350
CONSTRAINTS VIOLATION: Arch: Eyeriss_Constrained_13L_tile1_4x16 -> Level: OutRegister: memory footprint: 128 VS memory available: 16",0.000e+00,0.000e+00,0.00e+00,0,0.0,0.0,
vgg16_13layer_2026-02-25T17:46:02.673847,vgg16,13layer,full,13,eyeriss,thesis_arch,1056,524,128,16,16,1,False,False,"Ill-posed constraints:
CONSTRAINTS VIOLATION: Arch: Eyeriss_Constrained_13L_tile1_16x16 -> Level: InRegister: memory footprint: 2790 VS memory available: 400
CONSTRAINTS VIOLATION: Arch: Eyeriss_Constrained_13L_tile1_16x16 -> Level: WRegister: memory footprint: 76620 VS memory available: 5000
CONSTRAINTS VIOLATION: Arch: Eyeriss_Constrained_13L_tile1_16x16 -> Level: OutRegister: memory footprint: 32 VS memory available: 16",0.000e+00,0.000e+00,0.00e+00,0,0.0,0.0,
vgg16_13layer_2026-02-25T17:46:02.939505,vgg16,13layer,full,13,eyeriss,thesis_arch,1056,524,128,16,32,1,False,False,"Ill-posed constraints:
CONSTRAINTS VIOLATION: Arch: Eyeriss_Constrained_13L_tile1_32x16 -> Level: InRegister: memory footprint: 2790 VS memory available: 400
CONSTRAINTS VIOLATION: Arch: Eyeriss_Constrained_13L_tile1_32x16 -> Level: WRegister: memory footprint: 38310 VS memory available: 5000",0.000e+00,0.000e+00,0.00e+00,0,0.0,0.0,
vgg16_13layer_2026-02-25T17:46:03.311353,vgg16,13layer,full,13,eyeriss,thesis_arch,1056,524,128,16,64,1,False,False,"Ill-posed constraints:
CONSTRAINTS VIOLATION: Arch: Eyeriss_Constrained_13L_tile1_64x16 -> Level: InRegister: memory footprint: 2790 VS memory available: 400
CONSTRAINTS VIOLATION: Arch: Eyeriss_Constrained_13L_tile1_64x16 -> Level: WRegister: memory footprint: 19155 VS memory available: 5000",0.000e+00,0.000e+00,0.00e+00,0,0.0,0.0,
vgg16_13layer_2026-02-25T17:46:03.747886,vgg16,13layer,full,13,eyeriss,thesis_arch,1056,524,128,16,128,1,False,False,"Ill-posed constraints:
CONSTRAINTS VIOLATION: Arch: Eyeriss_Constrained_13L_tile1_128x16 -> Level: InRegister: memory footprint: 2790 VS memory available: 400
CONSTRAINTS VIOLATION: Arch: Eyeriss_Constrained_13L_tile1_128x16 -> Level: WRegister: memory footprint: 9603 VS memory available: 5000",0.000e+00,0.000e+00,0.00e+00,0,0.0,0.0,
vgg16_13layer_2026-02-25T17:46:04.194831,vgg16,13layer,full,13,eyeriss,thesis_arch,1056,524,128,16,256,1,False,False,"Ill-posed constraints:
CONSTRAINTS VIOLATION: Arch: Eyeriss_Constrained_13L_tile1_256x16 -> Level: InRegister: memory footprint: 2790 VS memory available: 400",0.000e+00,0.000e+00,0.00e+00,0,0.0,0.0,
vgg16_13layer_2026-02-25T17:46:04.715060,vgg16,13layer,full,13,eyeriss,thesis_arch,1056,524,128,16,512,1,False,False,"Ill-posed constraints:
CONSTRAINTS VIOLATION: Arch: Eyeriss_Constrained_13L_tile1_512x16 -> Level: InRegister: memory footprint: 2790 VS memory available: 400",0.000e+00,0.000e+00,0.00e+00,0,0.0,0.0,
vgg16_13layer_2026-02-25T17:46:05.350114,vgg16,13layer,full,13,eyeriss,thesis_arch,1056,524,128,32,4,1,False,False,"Ill-posed constraints:
CONSTRAINTS VIOLATION: Arch: Eyeriss_Constrained_13L_tile1_4x32 -> Level: InRegister: memory footprint: 1398 VS memory available: 400
CONSTRAINTS VIOLATION: Arch: Eyeriss_Constrained_13L_tile1_4x32 -> Level: WRegister: memory footprint: 153240 VS memory available: 5000
CONSTRAINTS VIOLATION: Arch: Eyeriss_Constrained_13L_tile1_4x32 -> Level: IntermediateRegister: memory footprint: 920 VS memory available: 350
CONSTRAINTS VIOLATION: Arch: Eyeriss_Constrained_13L_tile1_4x32 -> Level: OutRegister: memory footprint: 128 VS memory available: 16",0.000e+00,0.000e+00,0.00e+00,0,0.0,0.0,
vgg16_13layer_2026-02-25T17:46:05.725999,vgg16,13layer,full,13,eyeriss,thesis_arch,1056,524,128,32,16,1,False,False,"Ill-posed constraints:
CONSTRAINTS VIOLATION: Arch: Eyeriss_Constrained_13L_tile1_16x32 -> Level: InRegister: memory footprint: 1398 VS memory available: 400
CONSTRAINTS VIOLATION: Arch: Eyeriss_Constrained_13L_tile1_16x32 -> Level: WRegister: memory footprint: 38310 VS memory available: 5000
CONSTRAINTS VIOLATION: Arch: Eyeriss_Constrained_13L_tile1_16x32 -> Level: OutRegister: memory footprint: 32 VS memory available: 16",0.000e+00,0.000e+00,0.00e+00,0,0.0,0.0,
vgg16_13layer_2026-02-25T17:46:06.156051,vgg16,13layer,full,13,eyeriss,thesis_arch,1056,524,128,32,32,1,False,False,"Ill-posed constraints:
CONSTRAINTS VIOLATION: Arch: Eyeriss_Constrained_13L_tile1_32x32 -> Level: InRegister: memory footprint: 1398 VS memory available: 400
CONSTRAINTS VIOLATION: Arch: Eyeriss_Constrained_13L_tile1_32x32 -> Level: WRegister: memory footprint: 19155 VS memory available: 5000",0.000e+00,0.000e+00,0.00e+00,0,0.0,0.0,
vgg16_13layer_2026-02-25T17:46:06.556223,vgg16,13layer,full,13,eyeriss,thesis_arch,1056,524,128,32,64,1,False,False,"Ill-posed constraints:
CONSTRAINTS VIOLATION: Arch: Eyeriss_Constrained_13L_tile1_64x32 -> Level: InRegister: memory footprint: 1398 VS memory available: 400
CONSTRAINTS VIOLATION: Arch: Eyeriss_Constrained_13L_tile1_64x32 -> Level: WRegister: memory footprint: 9579 VS memory available: 5000",0.000e+00,0.000e+00,0.00e+00,0,0.0,0.0,
vgg16_13layer_2026-02-25T17:46:06.916388,vgg16,13layer,full,13,eyeriss,thesis_arch,1056,524,128,32,128,1,False,False,"Ill-posed constraints:
CONSTRAINTS VIOLATION: Arch: Eyeriss_Constrained_13L_tile1_128x32 -> Level: InRegister: memory footprint: 1398 VS memory available: 400",0.000e+00,0.000e+00,0.00e+00,0,0.0,0.0,
vgg16_13layer_2026-02-25T17:46:07.262113,vgg16,13layer,full,13,eyeriss,thesis_arch,1056,524,128,32,256,1,False,False,"Ill-posed constraints:
CONSTRAINTS VIOLATION: Arch: Eyeriss_Constrained_13L_tile1_256x32 -> Level: InRegister: memory footprint: 1398 VS memory available: 400",0.000e+00,0.000e+00,0.00e+00,0,0.0,0.0,
vgg16_13layer_2026-02-25T17:46:07.554206,vgg16,13layer,full,13,eyeriss,thesis_arch,1056,524,128,32,512,1,False,False,"Ill-posed constraints:
CONSTRAINTS VIOLATION: Arch: Eyeriss_Constrained_13L_tile1_512x32 -> Level: InRegister: memory footprint: 1398 VS memory available: 400",0.000e+00,0.000e+00,0.00e+00,0,0.0,0.0,
vgg16_13layer_2026-02-25T17:46:08.092473,vgg16,13layer,full,13,eyeriss,thesis_arch,1056,524,128,64,4,1,False,False,"Ill-posed constraints:
CONSTRAINTS VIOLATION: Arch: Eyeriss_Constrained_13L_tile1_4x64 -> Level: InRegister: memory footprint: 702 VS memory available: 400
CONSTRAINTS VIOLATION: Arch: Eyeriss_Constrained_13L_tile1_4x64 -> Level: WRegister: memory footprint: 76620 VS memory available: 5000
CONSTRAINTS VIOLATION: Arch: Eyeriss_Constrained_13L_tile1_4x64 -> Level: IntermediateRegister: memory footprint: 916 VS memory available: 350
CONSTRAINTS VIOLATION: Arch: Eyeriss_Constrained_13L_tile1_4x64 -> Level: OutRegister: memory footprint: 128 VS memory available: 16",0.000e+00,0.000e+00,0.00e+00,0,0.0,0.0,
vgg16_13layer_2026-02-25T17:46:08.817218,vgg16,13layer,full,13,eyeriss,thesis_arch,1056,524,128,64,16,1,False,False,"Ill-posed constraints:
CONSTRAINTS VIOLATION: Arch: Eyeriss_Constrained_13L_tile1_16x64 -> Level: InRegister: memory footprint: 702 VS memory available: 400
CONSTRAINTS VIOLATION: Arch: Eyeriss_Constrained_13L_tile1_16x64 -> Level: WRegister: memory footprint: 19155 VS memory available: 5000
CONSTRAINTS VIOLATION: Arch: Eyeriss_Constrained_13L_tile1_16x64 -> Level: OutRegister: memory footprint: 32 VS memory available: 16",0.000e+00,0.000e+00,0.00e+00,0,0.0,0.0,
vgg16_13layer_2026-02-25T17:46:09.211194,vgg16,13layer,full,13,eyeriss,thesis_arch,1056,524,128,64,32,1,False,False,"Ill-posed constraints:
CONSTRAINTS VIOLATION: Arch: Eyeriss_Constrained_13L_tile1_32x64 -> Level: InRegister: memory footprint: 702 VS memory available: 400
CONSTRAINTS VIOLATION: Arch: Eyeriss_Constrained_13L_tile1_32x64 -> Level: WRegister: memory footprint: 9579 VS memory available: 5000",0.000e+00,0.000e+00,0.00e+00,0,0.0,0.0,
vgg16_13layer_2026-02-25T17:46:09.575427,vgg16,13layer,full,13,eyeriss,thesis_arch,1056,524,128,64,64,1,False,False,"Ill-posed constraints:
CONSTRAINTS VIOLATION: Arch: Eyeriss_Constrained_13L_tile1_64x64 -> Level: InRegister: memory footprint: 702 VS memory available: 400",0.000e+00,0.000e+00,0.00e+00,0,0.0,0.0,
vgg16_13layer_2026-02-25T17:46:09.938817,vgg16,13layer,full,13,eyeriss,thesis_arch,1056,524,128,64,128,1,False,False,"Ill-posed constraints:
CONSTRAINTS VIOLATION: Arch: Eyeriss_Constrained_13L_tile1_128x64 -> Level: InRegister: memory footprint: 702 VS memory available: 400",0.000e+00,0.000e+00,0.00e+00,0,0.0,0.0,
vgg16_13layer_2026-02-25T17:46:10.245302,vgg16,13layer,full,13,eyeriss,thesis_arch,1056,524,128,64,256,1,False,False,"Ill-posed constraints:
CONSTRAINTS VIOLATION: Arch: Eyeriss_Constrained_13L_tile1_256x64 -> Level: InRegister: memory footprint: 702 VS memory available: 400",0.000e+00,0.000e+00,0.00e+00,0,0.0,0.0,
vgg16_13layer_2026-02-25T17:46:10.584114,vgg16,13layer,full,13,eyeriss,thesis_arch,1056,524,128,128,4,1,False,False,"Ill-posed constraints:
CONSTRAINTS VIOLATION: Arch: Eyeriss_Constrained_13L_tile1_4x128 -> Level: WRegister: memory footprint: 38310 VS memory available: 5000
CONSTRAINTS VIOLATION: Arch: Eyeriss_Constrained_13L_tile1_4x128 -> Level: IntermediateRegister: memory footprint: 914 VS memory available: 350
CONSTRAINTS VIOLATION: Arch: Eyeriss_Constrained_13L_tile1_4x128 -> Level: OutRegister: memory footprint: 128 VS memory available: 16",0.000e+00,0.000e+00,0.00e+00,0,0.0,0.0,
vgg16_13layer_2026-02-25T17:46:10.965381,vgg16,13layer,full,13,eyeriss,thesis_arch,1056,524,128,128,16,1,False,False,"Ill-posed constraints:
CONSTRAINTS VIOLATION: Arch: Eyeriss_Constrained_13L_tile1_16x128 -> Level: WRegister: memory footprint: 9579 VS memory available: 5000
CONSTRAINTS VIOLATION: Arch: Eyeriss_Constrained_13L_tile1_16x128 -> Level: OutRegister: memory footprint: 32 VS memory available: 16",0.000e+00,0.000e+00,0.00e+00,0,0.0,0.0,
vgg16_13layer_2026-02-25T17:46:11.264047,vgg16,13layer,full,13,eyeriss,thesis_arch,1056,524,128,128,32,1,False,True,,4.329e+05,6.715e+06,2.92e+06,"(34852910784, 16400878592)",0.004454487003386021,0.24401283264160156,DRAM[P=14 Q=14 Z12=1 C12=1 R12=1 S12=1 Y11=14 X11=14 Z11=1 C11=1 R11=1 S11=1 Y10=14 X10=14 Z10=1 C10=1 R10=1 S10=1 Y9=28 X9=28 Z9=1 C9=1 R9=1 S9=1 Y8=28 X8=28 Z8=1 C8=1 R8=1 S8=1 Y7=28 X7=28 Z7=1 C7=1 R7=1 S7=1 Y6=56 X6=56 Z6=1 C6=1 R6=1 S6=1 Y5=56 X5=56 Z5=1 C5=1 R5=1 S5=1 Y4=56 X4=56 Z4=1 C4=1 R4=1 S4=1 Y3=112 X3=112 Z3=1 C3=1 R3=1 S3=1 Y2=112 X2=112 Z2=1 C2=1 R2=1 S2=1 Y1=224 X1=224 Z1=1 C1=1 R1=1 S1=1 Y0=224 X0=224 Z0=1 C0=1 R0=1 S0=1] GlobalBuffer[P=1 Q=1 Z12=1 C12=1 R12=1 S12=1 Y11=1 X11=1 Z11=1 C11=1 R11=1 S11=1 Y10=1 X10=1 Z10=1 C10=1 R10=1 S10=1 Y9=1 X9=1 Z9=1 C9=1 R9=1 S9=1 Y8=1 X8=1 Z8=1 C8=1 R8=1 S8=1 Y7=1 X7=1 Z7=1 C7=1 R7=1 S7=1 Y6=1 X6=1 Z6=1 C6=1 R6=1 S6=1 Y5=1 X5=1 Z5=1 C5=1 R5=1 S5=1 Y4=1 X4=1 Z4=1 C4=1 R4=1 S4=1 Y3=1 X3=1 Z3=1 C3=1 R3=1 S3=1 Y2=1 X2=1 Z2=1 C2=1 R2=1 S2=1 Y1=1 X1=1 Z1=1 C1=1 R1=1 S1=1 Y0=1 X0=1 Z0=1 C0=1 R0=1 S0=1] SACols[Q=1 Z12=32] SARows[S12=3 C12=32 Z12=1] SACols_11[X11=1 Z11=32] SARows_11[S11=3 C11=32 Z11=1] SACols_10[X10=1 Z10=32] SARows_10[S10=3 C10=32 Z10=1] SACols_9[X9=1 Z9=32] SARows_9[S9=3 C9=32 Z9=1] SACols_8[X8=1 Z8=32] SARows_8[S8=3 C8=32 Z8=1] SACols_7[X7=1 Z7=32] SARows_7[S7=3 C7=32 Z7=1] SACols_6[X6=1 Z6=32] SARows_6[S6=3 C6=32 Z6=1] SACols_5[X5=1 Z5=32] SARows_5[S5=3 C5=32 Z5=1] SACols_4[X4=1 Z4=32] SARows_4[S4=3 C4=32 Z4=1] SACols_3[X3=1 Z3=32] SARows_3[S3=3 C3=32 Z3=1] SACols_2[X2=1 Z2=32] SARows_2[S2=3 C2=32 Z2=1] SACols_1[X1=1 Z1=32] SARows_1[S1=3 C1=32 Z1=1] SACols_0[X0=1 Z0=32] SARows_0[S0=3 C0=3 Z0=2] InRegister[P=1 Q=1 Z12=1 C12=1 R12=1 S12=1 Y11=1 X11=1 Z11=1 C11=1 R11=1 S11=1 Y10=1 X10=1 Z10=1 C10=1 R10=1 S10=1 Y9=1 X9=1 Z9=1 C9=1 R9=1 S9=1 Y8=1 X8=1 Z8=1 C8=1 R8=1 S8=1 Y7=1 X7=1 Z7=1 C7=1 R7=1 S7=1 Y6=1 X6=1 Z6=1 C6=1 R6=1 S6=1 Y5=1 X5=1 Z5=1 C5=1 R5=1 S5=1 Y4=1 X4=1 Z4=1 C4=1 R4=1 S4=1 Y3=1 X3=1 Z3=1 C3=1 R3=1 S3=1 Y2=1 X2=1 Z2=1 C2=1 R2=1 S2=1 Y1=1 X1=1 Z1=1 C1=1 R1=1 S1=1 Y0=1 X0=1 Z0=1 C0=1 R0=1 S0=1] WRegister[P=1 Q=1 Z12=1 C12=16 R12=3 S12=1 Y11=1 X11=1 Z11=1 C11=16 R11=3 S11=1 Y10=1 X10=1 Z10=1 C10=16 R10=3 S10=1 Y9=1 X9=1 Z9=1 C9=16 R9=3 S9=1 Y8=1 X8=1 Z8=1 C8=16 R8=3 S8=1 Y7=1 X7=1 Z7=1 C7=8 R7=3 S7=1 Y6=1 X6=1 Z6=1 C6=8 R6=3 S6=1 Y5=1 X5=1 Z5=1 C5=8 R5=3 S5=1 Y4=1 X4=1 Z4=1 C4=4 R4=3 S4=1 Y3=1 X3=1 Z3=1 C3=4 R3=3 S3=1 Y2=1 X2=1 Z2=1 C2=2 R2=3 S2=1 Y1=1 X1=1 Z1=1 C1=2 R1=3 S1=1 Y0=1 X0=1 Z0=1 C0=1 R0=3 S0=1] IntermediateRegister[P=1 Q=1 Z12=1 C12=1 R12=1 S12=1 Y11=1 X11=1 Z11=16 C11=1 R11=1 S11=1 Y10=1 X10=1 Z10=16 C10=1 R10=1 S10=1 Y9=1 X9=1 Z9=16 C9=1 R9=1 S9=1 Y8=1 X8=1 Z8=16 C8=1 R8=1 S8=1 Y7=1 X7=1 Z7=16 C7=1 R7=1 S7=1 Y6=1 X6=1 Z6=8 C6=1 R6=1 S6=1 Y5=1 X5=1 Z5=8 C5=1 R5=1 S5=1 Y4=1 X4=1 Z4=8 C4=1 R4=1 S4=1 Y3=1 X3=1 Z3=4 C3=1 R3=1 S3=1 Y2=1 X2=1 Z2=4 C2=1 R2=1 S2=1 Y1=1 X1=1 Z1=2 C1=1 R1=1 S1=1 Y0=1 X0=1 Z0=1 C0=1 R0=1 S0=1] OutRegister[P=1 Q=1 Z12=16 C12=1 R12=1 S12=1 Y11=1 X11=1 Z11=1 C11=1 R11=1 S11=1 Y10=1 X10=1 Z10=1 C10=1 R10=1 S10=1 Y9=1 X9=1 Z9=1 C9=1 R9=1 S9=1 Y8=1 X8=1 Z8=1 C8=1 R8=1 S8=1 Y7=1 X7=1 Z7=1 C7=1 R7=1 S7=1 Y6=1 X6=1 Z6=1 C6=1 R6=1 S6=1 Y5=1 X5=1 Z5=1 C5=1 R5=1 S5=1 Y4=1 X4=1 Z4=1 C4=1 R4=1 S4=1 Y3=1 X3=1 Z3=1 C3=1 R3=1 S3=1 Y2=1 X2=1 Z2=1 C2=1 R2=1 S2=1 Y1=1 X1=1 Z1=1 C1=1 R1=1 S1=1 Y0=1 X0=1 Z0=1 C0=1 R0=1 S0=1] Compute] 
vgg16_13layer_2026-02-25T17:46:11.881952,vgg16,13layer,full,13,eyeriss,thesis_arch,1056,524,128,128,64,1,False,True,,4.379e+05,5.681e+06,2.51e+06,"(37396231872, 16400878592)",0.0022272435016930103,0.30565500259399414,DRAM[P=14 Q=14 Z12=1 C12=1 R12=1 S12=1 Y11=14 X11=14 Z11=1 C11=1 R11=1 S11=1 Y10=14 X10=14 Z10=1 C10=1 R10=1 S10=1 Y9=28 X9=28 Z9=1 C9=1 R9=1 S9=1 Y8=28 X8=28 Z8=1 C8=1 R8=1 S8=1 Y7=28 X7=28 Z7=1 C7=1 R7=1 S7=1 Y6=56 X6=56 Z6=1 C6=1 R6=1 S6=1 Y5=56 X5=56 Z5=1 C5=1 R5=1 S5=1 Y4=56 X4=56 Z4=1 C4=1 R4=1 S4=1 Y3=112 X3=112 Z3=1 C3=1 R3=1 S3=1 Y2=112 X2=112 Z2=1 C2=1 R2=1 S2=1 Y1=224 X1=224 Z1=1 C1=1 R1=1 S1=1 Y0=224 X0=224 Z0=1 C0=1 R0=1 S0=1] GlobalBuffer[P=1 Q=1 Z12=1 C12=1 R12=1 S12=1 Y11=1 X11=1 Z11=1 C11=1 R11=1 S11=1 Y10=1 X10=1 Z10=1 C10=1 R10=1 S10=1 Y9=1 X9=1 Z9=1 C9=1 R9=1 S9=1 Y8=1 X8=1 Z8=1 C8=1 R8=1 S8=1 Y7=1 X7=1 Z7=1 C7=1 R7=1 S7=1 Y6=1 X6=1 Z6=1 C6=1 R6=1 S6=1 Y5=1 X5=1 Z5=1 C5=1 R5=1 S5=1 Y4=1 X4=1 Z4=1 C4=1 R4=1 S4=1 Y3=1 X3=1 Z3=1 C3=1 R3=1 S3=1 Y2=1 X2=1 Z2=1 C2=1 R2=1 S2=1 Y1=1 X1=1 Z1=1 C1=1 R1=1 S1=1 Y0=1 X0=1 Z0=1 C0=1 R0=1 S0=1] SACols[Q=1 Z12=64] SARows[S12=3 C12=32 Z12=1] SACols_11[X11=1 Z11=64] SARows_11[S11=3 C11=32 Z11=1] SACols_10[X10=1 Z10=64] SARows_10[S10=3 C10=32 Z10=1] SACols_9[X9=1 Z9=64] SARows_9[S9=3 C9=32 Z9=1] SACols_8[X8=1 Z8=64] SARows_8[S8=3 C8=32 Z8=1] SACols_7[X7=1 Z7=64] SARows_7[S7=3 C7=32 Z7=1] SACols_6[X6=1 Z6=64] SARows_6[S6=3 C6=32 Z6=1] SACols_5[X5=1 Z5=64] SARows_5[S5=3 C5=32 Z5=1] SACols_4[X4=1 Z4=64] SARows_4[S4=3 C4=32 Z4=1] SACols_3[X3=1 Z3=64] SARows_3[S3=3 C3=32 Z3=1] SACols_2[X2=1 Z2=64] SARows_2[S2=3 C2=32 Z2=1] SACols_1[X1=1 Z1=64] SARows_1[S1=3 C1=32 Z1=1] SACols_0[X0=1 Z0=64] SARows_0[S0=3 C0=3 Z0=1] InRegister[P=1 Q=1 Z12=1 C12=1 R12=1 S12=1 Y11=1 X11=1 Z11=1 C11=1 R11=1 S11=1 Y10=1 X10=1 Z10=1 C10=1 R10=1 S10=1 Y9=1 X9=1 Z9=1 C9=1 R9=1 S9=1 Y8=1 X8=1 Z8=1 C8=1 R8=1 S8=1 Y7=1 X7=1 Z7=1 C7=1 R7=1 S7=1 Y6=1 X6=1 Z6=1 C6=1 R6=1 S6=1 Y5=1 X5=1 Z5=1 C5=1 R5=1 S5=1 Y4=1 X4=1 Z4=1 C4=1 R4=1 S4=1 Y3=1 X3=1 Z3=1 C3=1 R3=1 S3=1 Y2=1 X2=1 Z2=1 C2=1 R2=1 S2=1 Y1=1 X1=1 Z1=1 C1=1 R1=1 S1=1 Y0=1 X0=1 Z0=1 C0=1 R0=1 S0=1] WRegister[P=1 Q=1 Z12=1 C12=16 R12=3 S12=1 Y11=1 X11=1 Z11=1 C11=16 R11=3 S11=1 Y10=1 X10=1 Z10=1 C10=16 R10=3 S10=1 Y9=1 X9=1 Z9=1 C9=16 R9=3 S9=1 Y8=1 X8=1 Z8=1 C8=16 R8=3 S8=1 Y7=1 X7=1 Z7=1 C7=8 R7=3 S7=1 Y6=1 X6=1 Z6=1 C6=8 R6=3 S6=1 Y5=1 X5=1 Z5=1 C5=8 R5=3 S5=1 Y4=1 X4=1 Z4=1 C4=4 R4=3 S4=1 Y3=1 X3=1 Z3=1 C3=4 R3=3 S3=1 Y2=1 X2=1 Z2=1 C2=2 R2=3 S2=1 Y1=1 X1=1 Z1=1 C1=2 R1=3 S1=1 Y0=1 X0=1 Z0=1 C0=1 R0=3 S0=1] IntermediateRegister[P=1 Q=1 Z12=1 C12=1 R12=1 S12=1 Y11=1 X11=1 Z11=8 C11=1 R11=1 S11=1 Y10=1 X10=1 Z10=8 C10=1 R10=1 S10=1 Y9=1 X9=1 Z9=8 C9=1 R9=1 S9=1 Y8=1 X8=1 Z8=8 C8=1 R8=1 S8=1 Y7=1 X7=1 Z7=8 C7=1 R7=1 S7=1 Y6=1 X6=1 Z6=4 C6=1 R6=1 S6=1 Y5=1 X5=1 Z5=4 C5=1 R5=1 S5=1 Y4=1 X4=1 Z4=4 C4=1 R4=1 S4=1 Y3=1 X3=1 Z3=2 C3=1 R3=1 S3=1 Y2=1 X2=1 Z2=2 C2=1 R2=1 S2=1 Y1=1 X1=1 Z1=1 C1=1 R1=1 S1=1 Y0=1 X0=1 Z0=1 C0=1 R0=1 S0=1] OutRegister[P=1 Q=1 Z12=8 C12=1 R12=1 S12=1 Y11=1 X11=1 Z11=1 C11=1 R11=1 S11=1 Y10=1 X10=1 Z10=1 C10=1 R10=1 S10=1 Y9=1 X9=1 Z9=1 C9=1 R9=1 S9=1 Y8=1 X8=1 Z8=1 C8=1 R8=1 S8=1 Y7=1 X7=1 Z7=1 C7=1 R7=1 S7=1 Y6=1 X6=1 Z6=1 C6=1 R6=1 S6=1 Y5=1 X5=1 Z5=1 C5=1 R5=1 S5=1 Y4=1 X4=1 Z4=1 C4=1 R4=1 S4=1 Y3=1 X3=1 Z3=1 C3=1 R3=1 S3=1 Y2=1 X2=1 Z2=1 C2=1 R2=1 S2=1 Y1=1 X1=1 Z1=1 C1=1 R1=1 S1=1 Y0=1 X0=1 Z0=1 C0=1 R0=1 S0=1] Compute] 
vgg16_13layer_2026-02-25T17:46:12.647006,vgg16,13layer,full,13,eyeriss,thesis_arch,1056,524,128,128,128,1,False,True,,4.443e+05,5.455e+06,2.46e+06,"(40633185984, 16400878592)",0.0005568108754232526,0.21552228927612305,DRAM[P=14 Q=14 Z12=1 C12=1 R12=1 S12=1 Y11=14 X11=14 Z11=1 C11=1 R11=1 S11=1 Y10=14 X10=14 Z10=1 C10=1 R10=1 S10=1 Y9=28 X9=28 Z9=1 C9=1 R9=1 S9=1 Y8=28 X8=28 Z8=1 C8=1 R8=1 S8=1 Y7=28 X7=28 Z7=1 C7=1 R7=1 S7=1 Y6=56 X6=56 Z6=1 C6=1 R6=1 S6=1 Y5=56 X5=56 Z5=1 C5=1 R5=1 S5=1 Y4=56 X4=56 Z4=1 C4=1 R4=1 S4=1 Y3=112 X3=112 Z3=1 C3=1 R3=1 S3=1 Y2=112 X2=112 Z2=1 C2=1 R2=1 S2=1 Y1=224 X1=224 Z1=1 C1=1 R1=1 S1=1 Y0=224 X0=224 Z0=1 C0=1 R0=1 S0=1] GlobalBuffer[P=1 Q=1 Z12=1 C12=1 R12=1 S12=1 Y11=1 X11=1 Z11=1 C11=1 R11=1 S11=1 Y10=1 X10=1 Z10=1 C10=1 R10=1 S10=1 Y9=1 X9=1 Z9=1 C9=1 R9=1 S9=1 Y8=1 X8=1 Z8=1 C8=1 R8=1 S8=1 Y7=1 X7=1 Z7=1 C7=1 R7=1 S7=1 Y6=1 X6=1 Z6=1 C6=1 R6=1 S6=1 Y5=1 X5=1 Z5=1 C5=1 R5=1 S5=1 Y4=1 X4=1 Z4=1 C4=1 R4=1 S4=1 Y3=1 X3=1 Z3=1 C3=1 R3=1 S3=1 Y2=1 X2=1 Z2=1 C2=1 R2=1 S2=1 Y1=1 X1=1 Z1=1 C1=1 R1=1 S1=1 Y0=1 X0=1 Z0=1 C0=1 R0=1 S0=1] SACols[Q=1 Z12=128] SARows[S12=3 C12=32 Z12=1] SACols_11[X11=1 Z11=128] SARows_11[S11=3 C11=32 Z11=1] SACols_10[X10=1 Z10=128] SARows_10[S10=3 C10=32 Z10=1] SACols_9[X9=1 Z9=128] SARows_9[S9=3 C9=32 Z9=1] SACols_8[X8=1 Z8=128] SARows_8[S8=3 C8=32 Z8=1] SACols_7[X7=1 Z7=128] SARows_7[S7=3 C7=32 Z7=1] SACols_6[X6=1 Z6=128] SARows_6[S6=3 C6=32 Z6=1] SACols_5[X5=1 Z5=128] SARows_5[S5=3 C5=32 Z5=1] SACols_4[X4=1 Z4=128] SARows_4[S4=3 C4=32 Z4=1] SACols_3[X3=1 Z3=128] SARows_3[S3=3 C3=32 Z3=1] SACols_2[X2=1 Z2=128] SARows_2[S2=3 C2=32 Z2=1] SACols_1[X1=1 Z1=64] SARows_1[S1=3 C1=32 Z1=1] SACols_0[X0=1 Z0=64] SARows_0[S0=3 C0=3 Z0=1] InRegister[P=1 Q=1 Z12=1 C12=1 R12=1 S12=1 Y11=1 X11=1 Z11=1 C11=1 R11=1 S11=1 Y10=1 X10=1 Z10=1 C10=1 R10=1 S10=1 Y9=1 X9=1 Z9=1 C9=1 R9=1 S9=1 Y8=1 X8=1 Z8=1 C8=1 R8=1 S8=1 Y7=1 X7=1 Z7=1 C7=1 R7=1 S7=1 Y6=1 X6=1 Z6=1 C6=1 R6=1 S6=1 Y5=1 X5=1 Z5=1 C5=1 R5=1 S5=1 Y4=1 X4=1 Z4=1 C4=1 R4=1 S4=1 Y3=1 X3=1 Z3=1 C3=1 R3=1 S3=1 Y2=1 X2=1 Z2=1 C2=1 R2=1 S2=1 Y1=1 X1=1 Z1=1 C1=1 R1=1 S1=1 Y0=1 X0=1 Z0=1 C0=1 R0=1 S0=1] WRegister[P=1 Q=1 Z12=1 C12=16 R12=3 S12=1 Y11=1 X11=1 Z11=1 C11=16 R11=3 S11=1 Y10=1 X10=1 Z10=1 C10=16 R10=3 S10=1 Y9=1 X9=1 Z9=1 C9=16 R9=3 S9=1 Y8=1 X8=1 Z8=1 C8=16 R8=3 S8=1 Y7=1 X7=1 Z7=1 C7=8 R7=3 S7=1 Y6=1 X6=1 Z6=1 C6=8 R6=3 S6=1 Y5=1 X5=1 Z5=1 C5=8 R5=3 S5=1 Y4=1 X4=1 Z4=1 C4=4 R4=3 S4=1 Y3=1 X3=1 Z3=1 C3=4 R3=3 S3=1 Y2=1 X2=1 Z2=1 C2=2 R2=3 S2=1 Y1=1 X1=1 Z1=1 C1=2 R1=3 S1=1 Y0=1 X0=1 Z0=1 C0=1 R0=3 S0=1] IntermediateRegister[P=1 Q=1 Z12=1 C12=1 R12=1 S12=1 Y11=1 X11=1 Z11=4 C11=1 R11=1 S11=1 Y10=1 X10=1 Z10=4 C10=1 R10=1 S10=1 Y9=1 X9=1 Z9=4 C9=1 R9=1 S9=1 Y8=1 X8=1 Z8=4 C8=1 R8=1 S8=1 Y7=1 X7=1 Z7=4 C7=1 R7=1 S7=1 Y6=1 X6=1 Z6=2 C6=1 R6=1 S6=1 Y5=1 X5=1 Z5=2 C5=1 R5=1 S5=1 Y4=1 X4=1 Z4=2 C4=1 R4=1 S4=1 Y3=1 X3=1 Z3=1 C3=1 R3=1 S3=1 Y2=1 X2=1 Z2=1 C2=1 R2=1 S2=1 Y1=1 X1=1 Z1=1 C1=1 R1=1 S1=1 Y0=1 X0=1 Z0=1 C0=1 R0=1 S0=1] OutRegister[P=1 Q=1 Z12=4 C12=1 R12=1 S12=1 Y11=1 X11=1 Z11=1 C11=1 R11=1 S11=1 Y10=1 X10=1 Z10=1 C10=1 R10=1 S10=1 Y9=1 X9=1 Z9=1 C9=1 R9=1 S9=1 Y8=1 X8=1 Z8=1 C8=1 R8=1 S8=1 Y7=1 X7=1 Z7=1 C7=1 R7=1 S7=1 Y6=1 X6=1 Z6=1 C6=1 R6=1 S6=1 Y5=1 X5=1 Z5=1 C5=1 R5=1 S5=1 Y4=1 X4=1 Z4=1 C4=1 R4=1 S4=1 Y3=1 X3=1 Z3=1 C3=1 R3=1 S3=1 Y2=1 X2=1 Z2=1 C2=1 R2=1 S2=1 Y1=1 X1=1 Z1=1 C1=1 R1=1 S1=1 Y0=1 X0=1 Z0=1 C0=1 R0=1 S0=1] Compute] 
vgg16_13layer_2026-02-25T17:46:13.272704,vgg16,13layer,full,13,eyeriss,thesis_arch,1056,524,128,256,4,1,False,False,"Ill-posed constraints:
CONSTRAINTS VIOLATION: Arch: Eyeriss_Constrained_13L_tile1_4x256 -> Level: WRegister: memory footprint: 19155 VS memory available: 5000
CONSTRAINTS VIOLATION: Arch: Eyeriss_Constrained_13L_tile1_4x256 -> Level: IntermediateRegister: memory footprint: 913 VS memory available: 350
CONSTRAINTS VIOLATION: Arch: Eyeriss_Constrained_13L_tile1_4x256 -> Level: OutRegister: memory footprint: 128 VS memory available: 16",0.000e+00,0.000e+00,0.00e+00,0,0.0,0.0,
vgg16_13layer_2026-02-25T17:46:13.586229,vgg16,13layer,full,13,eyeriss,thesis_arch,1056,524,128,256,16,1,False,False,"Ill-posed constraints:
CONSTRAINTS VIOLATION: Arch: Eyeriss_Constrained_13L_tile1_16x256 -> Level: OutRegister: memory footprint: 32 VS memory available: 16",0.000e+00,0.000e+00,0.00e+00,0,0.0,0.0,
vgg16_13layer_2026-02-25T17:46:13.881857,vgg16,13layer,full,13,eyeriss,thesis_arch,1056,524,128,256,32,1,False,True,,4.363e+05,5.681e+06,2.49e+06,"(35835557568, 17383525376)",0.0022272435016930103,0.2363419532775879,DRAM[P=14 Q=14 Z12=1 C12=1 R12=1 S12=1 Y11=14 X11=14 Z11=1 C11=1 R11=1 S11=1 Y10=14 X10=14 Z10=1 C10=1 R10=1 S10=1 Y9=28 X9=28 Z9=1 C9=1 R9=1 S9=1 Y8=28 X8=28 Z8=1 C8=1 R8=1 S8=1 Y7=28 X7=28 Z7=1 C7=1 R7=1 S7=1 Y6=56 X6=56 Z6=1 C6=1 R6=1 S6=1 Y5=56 X5=56 Z5=1 C5=1 R5=1 S5=1 Y4=56 X4=56 Z4=1 C4=1 R4=1 S4=1 Y3=112 X3=112 Z3=1 C3=1 R3=1 S3=1 Y2=112 X2=112 Z2=1 C2=1 R2=1 S2=1 Y1=224 X1=224 Z1=1 C1=1 R1=1 S1=1 Y0=224 X0=224 Z0=1 C0=1 R0=1 S0=1] GlobalBuffer[P=1 Q=1 Z12=1 C12=1 R12=1 S12=1 Y11=1 X11=1 Z11=1 C11=1 R11=1 S11=1 Y10=1 X10=1 Z10=1 C10=1 R10=1 S10=1 Y9=1 X9=1 Z9=1 C9=1 R9=1 S9=1 Y8=1 X8=1 Z8=1 C8=1 R8=1 S8=1 Y7=1 X7=1 Z7=1 C7=1 R7=1 S7=1 Y6=1 X6=1 Z6=1 C6=1 R6=1 S6=1 Y5=1 X5=1 Z5=1 C5=1 R5=1 S5=1 Y4=1 X4=1 Z4=1 C4=1 R4=1 S4=1 Y3=1 X3=1 Z3=1 C3=1 R3=1 S3=1 Y2=1 X2=1 Z2=1 C2=1 R2=1 S2=1 Y1=1 X1=1 Z1=1 C1=1 R1=1 S1=1 Y0=1 X0=1 Z0=1 C0=1 R0=1 S0=1] SACols[Q=1 Z12=32] SARows[S12=3 C12=64 Z12=1] SACols_11[X11=1 Z11=32] SARows_11[S11=3 C11=64 Z11=1] SACols_10[X10=1 Z10=32] SARows_10[S10=3 C10=64 Z10=1] SACols_9[X9=1 Z9=32] SARows_9[S9=3 C9=64 Z9=1] SACols_8[X8=1 Z8=32] SARows_8[S8=3 C8=64 Z8=1] SACols_7[X7=1 Z7=32] SARows_7[S7=3 C7=64 Z7=1] SACols_6[X6=1 Z6=32] SARows_6[S6=3 C6=64 Z6=1] SACols_5[X5=1 Z5=32] SARows_5[S5=3 C5=64 Z5=1] SACols_4[X4=1 Z4=32] SARows_4[S4=3 C4=64 Z4=1] SACols_3[X3=1 Z3=32] SARows_3[S3=3 C3=64 Z3=1] SACols_2[X2=1 Z2=32] SARows_2[S2=3 C2=64 Z2=1] SACols_1[X1=1 Z1=32] SARows_1[S1=3 C1=64 Z1=1] SACols_0[X0=1 Z0=32] SARows_0[S0=3 C0=3 Z0=2] InRegister[P=1 Q=1 Z12=1 C12=1 R12=1 S12=1 Y11=1 X11=1 Z11=1 C11=1 R11=1 S11=1 Y10=1 X10=1 Z10=1 C10=1 R10=1 S10=1 Y9=1 X9=1 Z9=1 C9=1 R9=1 S9=1 Y8=1 X8=1 Z8=1 C8=1 R8=1 S8=1 Y7=1 X7=1 Z7=1 C7=1 R7=1 S7=1 Y6=1 X6=1 Z6=1 C6=1 R6=1 S6=1 Y5=1 X5=1 Z5=1 C5=1 R5=1 S5=1 Y4=1 X4=1 Z4=1 C4=1 R4=1 S4=1 Y3=1 X3=1 Z3=1 C3=1 R3=1 S3=1 Y2=1 X2=1 Z2=1 C2=1 R2=1 S2=1 Y1=1 X1=1 Z1=1 C1=1 R1=1 S1=1 Y0=1 X0=1 Z0=1 C0=1 R0=1 S0=1] WRegister[P=1 Q=1 Z12=1 C12=8 R12=3 S12=1 Y11=1 X11=1 Z11=1 C11=8 R11=3 S11=1 Y10=1 X10=1 Z10=1 C10=8 R10=3 S10=1 Y9=1 X9=1 Z9=1 C9=8 R9=3 S9=1 Y8=1 X8=1 Z8=1 C8=8 R8=3 S8=1 Y7=1 X7=1 Z7=1 C7=4 R7=3 S7=1 Y6=1 X6=1 Z6=1 C6=4 R6=3 S6=1 Y5=1 X5=1 Z5=1 C5=4 R5=3 S5=1 Y4=1 X4=1 Z4=1 C4=2 R4=3 S4=1 Y3=1 X3=1 Z3=1 C3=2 R3=3 S3=1 Y2=1 X2=1 Z2=1 C2=1 R2=3 S2=1 Y1=1 X1=1 Z1=1 C1=1 R1=3 S1=1 Y0=1 X0=1 Z0=1 C0=1 R0=3 S0=1] IntermediateRegister[P=1 Q=1 Z12=1 C12=1 R12=1 S12=1 Y11=1 X11=1 Z11=16 C11=1 R11=1 S11=1 Y10=1 X10=1 Z10=16 C10=1 R10=1 S10=1 Y9=1 X9=1 Z9=16 C9=1 R9=1 S9=1 Y8=1 X8=1 Z8=16 C8=1 R8=1 S8=1 Y7=1 X7=1 Z7=16 C7=1 R7=1 S7=1 Y6=1 X6=1 Z6=8 C6=1 R6=1 S6=1 Y5=1 X5=1 Z5=8 C5=1 R5=1 S5=1 Y4=1 X4=1 Z4=8 C4=1 R4=1 S4=1 Y3=1 X3=1 Z3=4 C3=1 R3=1 S3=1 Y2=1 X2=1 Z2=4 C2=1 R2=1 S2=1 Y1=1 X1=1 Z1=2 C1=1 R1=1 S1=1 Y0=1 X0=1 Z0=1 C0=1 R0=1 S0=1] OutRegister[P=1 Q=1 Z12=16 C12=1 R12=1 S12=1 Y11=1 X11=1 Z11=1 C11=1 R11=1 S11=1 Y10=1 X10=1 Z10=1 C10=1 R10=1 S10=1 Y9=1 X9=1 Z9=1 C9=1 R9=1 S9=1 Y8=1 X8=1 Z8=1 C8=1 R8=1 S8=1 Y7=1 X7=1 Z7=1 C7=1 R7=1 S7=1 Y6=1 X6=1 Z6=1 C6=1 R6=1 S6=1 Y5=1 X5=1 Z5=1 C5=1 R5=1 S5=1 Y4=1 X4=1 Z4=1 C4=1 R4=1 S4=1 Y3=1 X3=1 Z3=1 C3=1 R3=1 S3=1 Y2=1 X2=1 Z2=1 C2=1 R2=1 S2=1 Y1=1 X1=1 Z1=1 C1=1 R1=1 S1=1 Y0=1 X0=1 Z0=1 C0=1 R0=1 S0=1] Compute] 
vgg16_13layer_2026-02-25T17:46:14.479348,vgg16,13layer,full,13,eyeriss,thesis_arch,1056,524,128,256,64,1,False,True,,4.413e+05,5.455e+06,2.43e+06,"(38378878656, 17383525376)",0.0011136217508465052,0.23807525634765625,DRAM[P=14 Q=14 Z12=1 C12=1 R12=1 S12=1 Y11=14 X11=14 Z11=1 C11=1 R11=1 S11=1 Y10=14 X10=14 Z10=1 C10=1 R10=1 S10=1 Y9=28 X9=28 Z9=1 C9=1 R9=1 S9=1 Y8=28 X8=28 Z8=1 C8=1 R8=1 S8=1 Y7=28 X7=28 Z7=1 C7=1 R7=1 S7=1 Y6=56 X6=56 Z6=1 C6=1 R6=1 S6=1 Y5=56 X5=56 Z5=1 C5=1 R5=1 S5=1 Y4=56 X4=56 Z4=1 C4=1 R4=1 S4=1 Y3=112 X3=112 Z3=1 C3=1 R3=1 S3=1 Y2=112 X2=112 Z2=1 C2=1 R2=1 S2=1 Y1=224 X1=224 Z1=1 C1=1 R1=1 S1=1 Y0=224 X0=224 Z0=1 C0=1 R0=1 S0=1] GlobalBuffer[P=1 Q=1 Z12=1 C12=1 R12=1 S12=1 Y11=1 X11=1 Z11=1 C11=1 R11=1 S11=1 Y10=1 X10=1 Z10=1 C10=1 R10=1 S10=1 Y9=1 X9=1 Z9=1 C9=1 R9=1 S9=1 Y8=1 X8=1 Z8=1 C8=1 R8=1 S8=1 Y7=1 X7=1 Z7=1 C7=1 R7=1 S7=1 Y6=1 X6=1 Z6=1 C6=1 R6=1 S6=1 Y5=1 X5=1 Z5=1 C5=1 R5=1 S5=1 Y4=1 X4=1 Z4=1 C4=1 R4=1 S4=1 Y3=1 X3=1 Z3=1 C3=1 R3=1 S3=1 Y2=1 X2=1 Z2=1 C2=1 R2=1 S2=1 Y1=1 X1=1 Z1=1 C1=1 R1=1 S1=1 Y0=1 X0=1 Z0=1 C0=1 R0=1 S0=1] SACols[Q=1 Z12=64] SARows[S12=3 C12=64 Z12=1] SACols_11[X11=1 Z11=64] SARows_11[S11=3 C11=64 Z11=1] SACols_10[X10=1 Z10=64] SARows_10[S10=3 C10=64 Z10=1] SACols_9[X9=1 Z9=64] SARows_9[S9=3 C9=64 Z9=1] SACols_8[X8=1 Z8=64] SARows_8[S8=3 C8=64 Z8=1] SACols_7[X7=1 Z7=64] SARows_7[S7=3 C7=64 Z7=1] SACols_6[X6=1 Z6=64] SARows_6[S6=3 C6=64 Z6=1] SACols_5[X5=1 Z5=64] SARows_5[S5=3 C5=64 Z5=1] SACols_4[X4=1 Z4=64] SARows_4[S4=3 C4=64 Z4=1] SACols_3[X3=1 Z3=64] SARows_3[S3=3 C3=64 Z3=1] SACols_2[X2=1 Z2=64] SARows_2[S2=3 C2=64 Z2=1] SACols_1[X1=1 Z1=64] SARows_1[S1=3 C1=64 Z1=1] SACols_0[X0=1 Z0=64] SARows_0[S0=3 C0=3 Z0=1] InRegister[P=1 Q=1 Z12=1 C12=1 R12=1 S12=1 Y11=1 X11=1 Z11=1 C11=1 R11=1 S11=1 Y10=1 X10=1 Z10=1 C10=1 R10=1 S10=1 Y9=1 X9=1 Z9=1 C9=1 R9=1 S9=1 Y8=1 X8=1 Z8=1 C8=1 R8=1 S8=1 Y7=1 X7=1 Z7=1 C7=1 R7=1 S7=1 Y6=1 X6=1 Z6=1 C6=1 R6=1 S6=1 Y5=1 X5=1 Z5=1 C5=1 R5=1 S5=1 Y4=1 X4=1 Z4=1 C4=1 R4=1 S4=1 Y3=1 X3=1 Z3=1 C3=1 R3=1 S3=1 Y2=1 X2=1 Z2=1 C2=1 R2=1 S2=1 Y1=1 X1=1 Z1=1 C1=1 R1=1 S1=1 Y0=1 X0=1 Z0=1 C0=1 R0=1 S0=1] WRegister[P=1 Q=1 Z12=1 C12=8 R12=3 S12=1 Y11=1 X11=1 Z11=1 C11=8 R11=3 S11=1 Y10=1 X10=1 Z10=1 C10=8 R10=3 S10=1 Y9=1 X9=1 Z9=1 C9=8 R9=3 S9=1 Y8=1 X8=1 Z8=1 C8=8 R8=3 S8=1 Y7=1 X7=1 Z7=1 C7=4 R7=3 S7=1 Y6=1 X6=1 Z6=1 C6=4 R6=3 S6=1 Y5=1 X5=1 Z5=1 C5=4 R5=3 S5=1 Y4=1 X4=1 Z4=1 C4=2 R4=3 S4=1 Y3=1 X3=1 Z3=1 C3=2 R3=3 S3=1 Y2=1 X2=1 Z2=1 C2=1 R2=3 S2=1 Y1=1 X1=1 Z1=1 C1=1 R1=3 S1=1 Y0=1 X0=1 Z0=1 C0=1 R0=3 S0=1] IntermediateRegister[P=1 Q=1 Z12=1 C12=1 R12=1 S12=1 Y11=1 X11=1 Z11=8 C11=1 R11=1 S11=1 Y10=1 X10=1 Z10=8 C10=1 R10=1 S10=1 Y9=1 X9=1 Z9=8 C9=1 R9=1 S9=1 Y8=1 X8=1 Z8=8 C8=1 R8=1 S8=1 Y7=1 X7=1 Z7=8 C7=1 R7=1 S7=1 Y6=1 X6=1 Z6=4 C6=1 R6=1 S6=1 Y5=1 X5=1 Z5=4 C5=1 R5=1 S5=1 Y4=1 X4=1 Z4=4 C4=1 R4=1 S4=1 Y3=1 X3=1 Z3=2 C3=1 R3=1 S3=1 Y2=1 X2=1 Z2=2 C2=1 R2=1 S2=1 Y1=1 X1=1 Z1=1 C1=1 R1=1 S1=1 Y0=1 X0=1 Z0=1 C0=1 R0=1 S0=1] OutRegister[P=1 Q=1 Z12=8 C12=1 R12=1 S12=1 Y11=1 X11=1 Z11=1 C11=1 R11=1 S11=1 Y10=1 X10=1 Z10=1 C10=1 R10=1 S10=1 Y9=1 X9=1 Z9=1 C9=1 R9=1 S9=1 Y8=1 X8=1 Z8=1 C8=1 R8=1 S8=1 Y7=1 X7=1 Z7=1 C7=1 R7=1 S7=1 Y6=1 X6=1 Z6=1 C6=1 R6=1 S6=1 Y5=1 X5=1 Z5=1 C5=1 R5=1 S5=1 Y4=1 X4=1 Z4=1 C4=1 R4=1 S4=1 Y3=1 X3=1 Z3=1 C3=1 R3=1 S3=1 Y2=1 X2=1 Z2=1 C2=1 R2=1 S2=1 Y1=1 X1=1 Z1=1 C1=1 R1=1 S1=1 Y0=1 X0=1 Z0=1 C0=1 R0=1 S0=1] Compute] 
vgg16_13layer_2026-02-25T17:46:15.073085,vgg16,13layer,full,13,eyeriss,thesis_arch,1056,524,128,512,4,1,False,False,"Ill-posed constraints:
CONSTRAINTS VIOLATION: Arch: Eyeriss_Constrained_13L_tile1_4x512 -> Level: WRegister: memory footprint: 9579 VS memory available: 5000
CONSTRAINTS VIOLATION: Arch: Eyeriss_Constrained_13L_tile1_4x512 -> Level: IntermediateRegister: memory footprint: 889 VS memory available: 350
CONSTRAINTS VIOLATION: Arch: Eyeriss_Constrained_13L_tile1_4x512 -> Level: OutRegister: memory footprint: 128 VS memory available: 16",0.000e+00,0.000e+00,0.00e+00,0,0.0,0.0,
vgg16_13layer_2026-02-25T17:46:15.451760,vgg16,13layer,full,13,eyeriss,thesis_arch,1056,524,128,512,16,1,False,False,"Ill-posed constraints:
CONSTRAINTS VIOLATION: Arch: Eyeriss_Constrained_13L_tile1_16x512 -> Level: OutRegister: memory footprint: 32 VS memory available: 16",0.000e+00,0.000e+00,0.00e+00,0,0.0,0.0,
vgg16_13layer_2026-02-25T17:46:15.814306,vgg16,13layer,full,13,eyeriss,thesis_arch,1056,524,128,512,32,1,False,True,,4.421e+05,5.455e+06,2.43e+06,"(38032062144, 18423974912)",0.0011136217508465052,0.21700668334960938,DRAM[P=14 Q=14 Z12=1 C12=1 R12=1 S12=1 Y11=14 X11=14 Z11=1 C11=1 R11=1 S11=1 Y10=14 X10=14 Z10=1 C10=1 R10=1 S10=1 Y9=28 X9=28 Z9=1 C9=1 R9=1 S9=1 Y8=28 X8=28 Z8=1 C8=1 R8=1 S8=1 Y7=28 X7=28 Z7=1 C7=1 R7=1 S7=1 Y6=56 X6=56 Z6=1 C6=1 R6=1 S6=1 Y5=56 X5=56 Z5=1 C5=1 R5=1 S5=1 Y4=56 X4=56 Z4=1 C4=1 R4=1 S4=1 Y3=112 X3=112 Z3=1 C3=1 R3=1 S3=1 Y2=112 X2=112 Z2=1 C2=1 R2=1 S2=1 Y1=224 X1=224 Z1=1 C1=1 R1=1 S1=1 Y0=224 X0=224 Z0=1 C0=1 R0=1 S0=1] GlobalBuffer[P=1 Q=1 Z12=1 C12=1 R12=1 S12=1 Y11=1 X11=1 Z11=1 C11=1 R11=1 S11=1 Y10=1 X10=1 Z10=1 C10=1 R10=1 S10=1 Y9=1 X9=1 Z9=1 C9=1 R9=1 S9=1 Y8=1 X8=1 Z8=1 C8=1 R8=1 S8=1 Y7=1 X7=1 Z7=1 C7=1 R7=1 S7=1 Y6=1 X6=1 Z6=1 C6=1 R6=1 S6=1 Y5=1 X5=1 Z5=1 C5=1 R5=1 S5=1 Y4=1 X4=1 Z4=1 C4=1 R4=1 S4=1 Y3=1 X3=1 Z3=1 C3=1 R3=1 S3=1 Y2=1 X2=1 Z2=1 C2=1 R2=1 S2=1 Y1=1 X1=1 Z1=1 C1=1 R1=1 S1=1 Y0=1 X0=1 Z0=1 C0=1 R0=1 S0=1] SACols[Q=1 Z12=32] SARows[S12=3 C12=128 Z12=1] SACols_11[X11=1 Z11=32] SARows_11[S11=3 C11=128 Z11=1] SACols_10[X10=1 Z10=32] SARows_10[S10=3 C10=128 Z10=1] SACols_9[X9=1 Z9=32] SARows_9[S9=3 C9=128 Z9=1] SACols_8[X8=1 Z8=32] SARows_8[S8=3 C8=128 Z8=1] SACols_7[X7=1 Z7=32] SARows_7[S7=3 C7=128 Z7=1] SACols_6[X6=1 Z6=32] SARows_6[S6=3 C6=128 Z6=1] SACols_5[X5=1 Z5=32] SARows_5[S5=3 C5=128 Z5=1] SACols_4[X4=1 Z4=32] SARows_4[S4=3 C4=128 Z4=1] SACols_3[X3=1 Z3=32] SARows_3[S3=3 C3=128 Z3=1] SACols_2[X2=1 Z2=32] SARows_2[S2=3 C2=64 Z2=2] SACols_1[X1=1 Z1=32] SARows_1[S1=3 C1=64 Z1=2] SACols_0[X0=1 Z0=32] SARows_0[S0=3 C0=3 Z0=2] InRegister[P=1 Q=1 Z12=1 C12=1 R12=1 S12=1 Y11=1 X11=1 Z11=1 C11=1 R11=1 S11=1 Y10=1 X10=1 Z10=1 C10=1 R10=1 S10=1 Y9=1 X9=1 Z9=1 C9=1 R9=1 S9=1 Y8=1 X8=1 Z8=1 C8=1 R8=1 S8=1 Y7=1 X7=1 Z7=1 C7=1 R7=1 S7=1 Y6=1 X6=1 Z6=1 C6=1 R6=1 S6=1 Y5=1 X5=1 Z5=1 C5=1 R5=1 S5=1 Y4=1 X4=1 Z4=1 C4=1 R4=1 S4=1 Y3=1 X3=1 Z3=1 C3=1 R3=1 S3=1 Y2=1 X2=1 Z2=1 C2=1 R2=1 S2=1 Y1=1 X1=1 Z1=1 C1=1 R1=1 S1=1 Y0=1 X0=1 Z0=1 C0=1 R0=1 S0=1] WRegister[P=1 Q=1 Z12=1 C12=4 R12=3 S12=1 Y11=1 X11=1 Z11=1 C11=4 R11=3 S11=1 Y10=1 X10=1 Z10=1 C10=4 R10=3 S10=1 Y9=1 X9=1 Z9=1 C9=4 R9=3 S9=1 Y8=1 X8=1 Z8=1 C8=4 R8=3 S8=1 Y7=1 X7=1 Z7=1 C7=2 R7=3 S7=1 Y6=1 X6=1 Z6=1 C6=2 R6=3 S6=1 Y5=1 X5=1 Z5=1 C5=2 R5=3 S5=1 Y4=1 X4=1 Z4=1 C4=1 R4=3 S4=1 Y3=1 X3=1 Z3=1 C3=1 R3=3 S3=1 Y2=1 X2=1 Z2=1 C2=1 R2=3 S2=1 Y1=1 X1=1 Z1=1 C1=1 R1=3 S1=1 Y0=1 X0=1 Z0=1 C0=1 R0=3 S0=1] IntermediateRegister[P=1 Q=1 Z12=1 C12=1 R12=1 S12=1 Y11=1 X11=1 Z11=16 C11=1 R11=1 S11=1 Y10=1 X10=1 Z10=16 C10=1 R10=1 S10=1 Y9=1 X9=1 Z9=16 C9=1 R9=1 S9=1 Y8=1 X8=1 Z8=16 C8=1 R8=1 S8=1 Y7=1 X7=1 Z7=16 C7=1 R7=1 S7=1 Y6=1 X6=1 Z6=8 C6=1 R6=1 S6=1 Y5=1 X5=1 Z5=8 C5=1 R5=1 S5=1 Y4=1 X4=1 Z4=8 C4=1 R4=1 S4=1 Y3=1 X3=1 Z3=4 C3=1 R3=1 S3=1 Y2=1 X2=1 Z2=2 C2=1 R2=1 S2=1 Y1=1 X1=1 Z1=1 C1=1 R1=1 S1=1 Y0=1 X0=1 Z0=1 C0=1 R0=1 S0=1] OutRegister[P=1 Q=1 Z12=16 C12=1 R12=1 S12=1 Y11=1 X11=1 Z11=1 C11=1 R11=1 S11=1 Y10=1 X10=1 Z10=1 C10=1 R10=1 S10=1 Y9=1 X9=1 Z9=1 C9=1 R9=1 S9=1 Y8=1 X8=1 Z8=1 C8=1 R8=1 S8=1 Y7=1 X7=1 Z7=1 C7=1 R7=1 S7=1 Y6=1 X6=1 Z6=1 C6=1 R6=1 S6=1 Y5=1 X5=1 Z5=1 C5=1 R5=1 S5=1 Y4=1 X4=1 Z4=1 C4=1 R4=1 S4=1 Y3=1 X3=1 Z3=1 C3=1 R3=1 S3=1 Y2=1 X2=1 Z2=1 C2=1 R2=1 S2=1 Y1=1 X1=1 Z1=1 C1=1 R1=1 S1=1 Y0=1 X0=1 Z0=1 C0=1 R0=1 S0=1] Compute] 
vgg16_13layer_2026-02-25T17:46:16.331188,vgg16,13layer,full,13,eyeriss,thesis_arch,1056,524,128,4,4,1,False,False,"Ill-posed constraints:
CONSTRAINTS VIOLATION: Arch: Eyeriss_Constrained_13L_tile1_4x4 -> Level: InRegister: memory footprint: 11152 VS memory available: 400
CONSTRAINTS VIOLATION: Arch: Eyeriss_Constrained_13L_tile1_4x4 -> Level: WRegister: memory footprint: 1225872 VS memory available: 5000
CONSTRAINTS VIOLATION: Arch: Eyeriss_Constrained_13L_tile1_4x4 -> Level: IntermediateRegister: memory footprint: 928 VS memory available: 350
CONSTRAINTS VIOLATION: Arch: Eyeriss_Constrained_13L_tile1_4x4 -> Level: OutRegister: memory footprint: 128 VS memory available: 32",0.000e+00,0.000e+00,0.00e+00,0,0.0,0.0,
vgg16_13layer_2026-02-25T17:46:16.673345,vgg16,13layer,full,13,eyeriss,thesis_arch,1056,524,128,4,16,1,False,False,"Ill-posed constraints:
CONSTRAINTS VIOLATION: Arch: Eyeriss_Constrained_13L_tile1_16x4 -> Level: InRegister: memory footprint: 11152 VS memory available: 400
CONSTRAINTS VIOLATION: Arch: Eyeriss_Constrained_13L_tile1_16x4 -> Level: WRegister: memory footprint: 306468 VS memory available: 5000",0.000e+00,0.000e+00,0.00e+00,0,0.0,0.0,
vgg16_13layer_2026-02-25T17:46:17.028468,vgg16,13layer,full,13,eyeriss,thesis_arch,1056,524,128,4,32,1,False,False,"Ill-posed constraints:
CONSTRAINTS VIOLATION: Arch: Eyeriss_Constrained_13L_tile1_32x4 -> Level: InRegister: memory footprint: 11152 VS memory available: 400
CONSTRAINTS VIOLATION: Arch: Eyeriss_Constrained_13L_tile1_32x4 -> Level: WRegister: memory footprint: 153234 VS memory available: 5000",0.000e+00,0.000e+00,0.00e+00,0,0.0,0.0,
vgg16_13layer_2026-02-25T17:46:17.318736,vgg16,13layer,full,13,eyeriss,thesis_arch,1056,524,128,4,64,1,False,False,"Ill-posed constraints:
CONSTRAINTS VIOLATION: Arch: Eyeriss_Constrained_13L_tile1_64x4 -> Level: InRegister: memory footprint: 11152 VS memory available: 400
CONSTRAINTS VIOLATION: Arch: Eyeriss_Constrained_13L_tile1_64x4 -> Level: WRegister: memory footprint: 76617 VS memory available: 5000",0.000e+00,0.000e+00,0.00e+00,0,0.0,0.0,
vgg16_13layer_2026-02-25T17:46:17.660889,vgg16,13layer,full,13,eyeriss,thesis_arch,1056,524,128,4,128,1,False,False,"Ill-posed constraints:
CONSTRAINTS VIOLATION: Arch: Eyeriss_Constrained_13L_tile1_128x4 -> Level: InRegister: memory footprint: 11152 VS memory available: 400
CONSTRAINTS VIOLATION: Arch: Eyeriss_Constrained_13L_tile1_128x4 -> Level: WRegister: memory footprint: 38409 VS memory available: 5000",0.000e+00,0.000e+00,0.00e+00,0,0.0,0.0,
vgg16_13layer_2026-02-25T17:46:17.917560,vgg16,13layer,full,13,eyeriss,thesis_arch,1056,524,128,4,256,1,False,False,"Ill-posed constraints:
CONSTRAINTS VIOLATION: Arch: Eyeriss_Constrained_13L_tile1_256x4 -> Level: InRegister: memory footprint: 11152 VS memory available: 400
CONSTRAINTS VIOLATION: Arch: Eyeriss_Constrained_13L_tile1_256x4 -> Level: WRegister: memory footprint: 19593 VS memory available: 5000",0.000e+00,0.000e+00,0.00e+00,0,0.0,0.0,
vgg16_13layer_2026-02-25T17:46:18.167079,vgg16,13layer,full,13,eyeriss,thesis_arch,1056,524,128,4,512,1,False,False,"Ill-posed constraints:
CONSTRAINTS VIOLATION: Arch: Eyeriss_Constrained_13L_tile1_512x4 -> Level: InRegister: memory footprint: 11152 VS memory available: 400
CONSTRAINTS VIOLATION: Arch: Eyeriss_Constrained_13L_tile1_512x4 -> Level: WRegister: memory footprint: 11145 VS memory available: 5000",0.000e+00,0.000e+00,0.00e+00,0,0.0,0.0,
vgg16_13layer_2026-02-25T17:46:18.533534,vgg16,13layer,full,13,eyeriss,thesis_arch,1056,524,128,16,4,1,False,False,"Ill-posed constraints:
CONSTRAINTS VIOLATION: Arch: Eyeriss_Constrained_13L_tile1_4x16 -> Level: InRegister: memory footprint: 2790 VS memory available: 400
CONSTRAINTS VIOLATION: Arch: Eyeriss_Constrained_13L_tile1_4x16 -> Level: WRegister: memory footprint: 306480 VS memory available: 5000
CONSTRAINTS VIOLATION: Arch: Eyeriss_Constrained_13L_tile1_4x16 -> Level: IntermediateRegister: memory footprint: 928 VS memory available: 350
CONSTRAINTS VIOLATION: Arch: Eyeriss_Constrained_13L_tile1_4x16 -> Level: OutRegister: memory footprint: 128 VS memory available: 32",0.000e+00,0.000e+00,0.00e+00,0,0.0,0.0,
vgg16_13layer_2026-02-25T17:46:18.803062,vgg16,13layer,full,13,eyeriss,thesis_arch,1056,524,128,16,16,1,False,False,"Ill-posed constraints:
CONSTRAINTS VIOLATION: Arch: Eyeriss_Constrained_13L_tile1_16x16 -> Level: InRegister: memory footprint: 2790 VS memory available: 400
CONSTRAINTS VIOLATION: Arch: Eyeriss_Constrained_13L_tile1_16x16 -> Level: WRegister: memory footprint: 76620 VS memory available: 5000",0.000e+00,0.000e+00,0.00e+00,0,0.0,0.0,
vgg16_13layer_2026-02-25T17:46:19.051581,vgg16,13layer,full,13,eyeriss,thesis_arch,1056,524,128,16,32,1,False,False,"Ill-posed constraints:
CONSTRAINTS VIOLATION: Arch: Eyeriss_Constrained_13L_tile1_32x16 -> Level: InRegister: memory footprint: 2790 VS memory available: 400
CONSTRAINTS VIOLATION: Arch: Eyeriss_Constrained_13L_tile1_32x16 -> Level: WRegister: memory footprint: 38310 VS memory available: 5000",0.000e+00,0.000e+00,0.00e+00,0,0.0,0.0,
vgg16_13layer_2026-02-25T17:46:19.349568,vgg16,13layer,full,13,eyeriss,thesis_arch,1056,524,128,16,64,1,False,False,"Ill-posed constraints:
CONSTRAINTS VIOLATION: Arch: Eyeriss_Constrained_13L_tile1_64x16 -> Level: InRegister: memory footprint: 2790 VS memory available: 400
CONSTRAINTS VIOLATION: Arch: Eyeriss_Constrained_13L_tile1_64x16 -> Level: WRegister: memory footprint: 19155 VS memory available: 5000",0.000e+00,0.000e+00,0.00e+00,0,0.0,0.0,
vgg16_13layer_2026-02-25T17:46:19.696667,vgg16,13layer,full,13,eyeriss,thesis_arch,1056,524,128,16,128,1,False,False,"Ill-posed constraints:
CONSTRAINTS VIOLATION: Arch: Eyeriss_Constrained_13L_tile1_128x16 -> Level: InRegister: memory footprint: 2790 VS memory available: 400
CONSTRAINTS VIOLATION: Arch: Eyeriss_Constrained_13L_tile1_128x16 -> Level: WRegister: memory footprint: 9603 VS memory available: 5000",0.000e+00,0.000e+00,0.00e+00,0,0.0,0.0,
vgg16_13layer_2026-02-25T17:46:19.960824,vgg16,13layer,full,13,eyeriss,thesis_arch,1056,524,128,16,256,1,False,False,"Ill-posed constraints:
CONSTRAINTS VIOLATION: Arch: Eyeriss_Constrained_13L_tile1_256x16 -> Level: InRegister: memory footprint: 2790 VS memory available: 400",0.000e+00,0.000e+00,0.00e+00,0,0.0,0.0,
vgg16_13layer_2026-02-25T17:46:20.205355,vgg16,13layer,full,13,eyeriss,thesis_arch,1056,524,128,16,512,1,False,False,"Ill-posed constraints:
CONSTRAINTS VIOLATION: Arch: Eyeriss_Constrained_13L_tile1_512x16 -> Level: InRegister: memory footprint: 2790 VS memory available: 400",0.000e+00,0.000e+00,0.00e+00,0,0.0,0.0,
vgg16_13layer_2026-02-25T17:46:20.467566,vgg16,13layer,full,13,eyeriss,thesis_arch,1056,524,128,32,4,1,False,False,"Ill-posed constraints:
CONSTRAINTS VIOLATION: Arch: Eyeriss_Constrained_13L_tile1_4x32 -> Level: InRegister: memory footprint: 1398 VS memory available: 400
CONSTRAINTS VIOLATION: Arch: Eyeriss_Constrained_13L_tile1_4x32 -> Level: WRegister: memory footprint: 153240 VS memory available: 5000
CONSTRAINTS VIOLATION: Arch: Eyeriss_Constrained_13L_tile1_4x32 -> Level: IntermediateRegister: memory footprint: 920 VS memory available: 350
CONSTRAINTS VIOLATION: Arch: Eyeriss_Constrained_13L_tile1_4x32 -> Level: OutRegister: memory footprint: 128 VS memory available: 32",0.000e+00,0.000e+00,0.00e+00,0,0.0,0.0,
vgg16_13layer_2026-02-25T17:46:20.830833,vgg16,13layer,full,13,eyeriss,thesis_arch,1056,524,128,32,16,1,False,False,"Ill-posed constraints:
CONSTRAINTS VIOLATION: Arch: Eyeriss_Constrained_13L_tile1_16x32 -> Level: InRegister: memory footprint: 1398 VS memory available: 400
CONSTRAINTS VIOLATION: Arch: Eyeriss_Constrained_13L_tile1_16x32 -> Level: WRegister: memory footprint: 38310 VS memory available: 5000",0.000e+00,0.000e+00,0.00e+00,0,0.0,0.0,
vgg16_13layer_2026-02-25T17:46:21.183150,vgg16,13layer,full,13,eyeriss,thesis_arch,1056,524,128,32,32,1,False,False,"Ill-posed constraints:
CONSTRAINTS VIOLATION: Arch: Eyeriss_Constrained_13L_tile1_32x32 -> Level: InRegister: memory footprint: 1398 VS memory available: 400
CONSTRAINTS VIOLATION: Arch: Eyeriss_Constrained_13L_tile1_32x32 -> Level: WRegister: memory footprint: 19155 VS memory available: 5000",0.000e+00,0.000e+00,0.00e+00,0,0.0,0.0,
vgg16_13layer_2026-02-25T17:46:21.449332,vgg16,13layer,full,13,eyeriss,thesis_arch,1056,524,128,32,64,1,False,False,"Ill-posed constraints:
CONSTRAINTS VIOLATION: Arch: Eyeriss_Constrained_13L_tile1_64x32 -> Level: InRegister: memory footprint: 1398 VS memory available: 400
CONSTRAINTS VIOLATION: Arch: Eyeriss_Constrained_13L_tile1_64x32 -> Level: WRegister: memory footprint: 9579 VS memory available: 5000",0.000e+00,0.000e+00,0.00e+00,0,0.0,0.0,
vgg16_13layer_2026-02-25T17:46:21.809070,vgg16,13layer,full,13,eyeriss,thesis_arch,1056,524,128,32,128,1,False,False,"Ill-posed constraints:
CONSTRAINTS VIOLATION: Arch: Eyeriss_Constrained_13L_tile1_128x32 -> Level: InRegister: memory footprint: 1398 VS memory available: 400",0.000e+00,0.000e+00,0.00e+00,0,0.0,0.0,
vgg16_13layer_2026-02-25T17:46:22.063934,vgg16,13layer,full,13,eyeriss,thesis_arch,1056,524,128,32,256,1,False,False,"Ill-posed constraints:
CONSTRAINTS VIOLATION: Arch: Eyeriss_Constrained_13L_tile1_256x32 -> Level: InRegister: memory footprint: 1398 VS memory available: 400",0.000e+00,0.000e+00,0.00e+00,0,0.0,0.0,
vgg16_13layer_2026-02-25T17:46:22.332010,vgg16,13layer,full,13,eyeriss,thesis_arch,1056,524,128,32,512,1,False,False,"Ill-posed constraints:
CONSTRAINTS VIOLATION: Arch: Eyeriss_Constrained_13L_tile1_512x32 -> Level: InRegister: memory footprint: 1398 VS memory available: 400",0.000e+00,0.000e+00,0.00e+00,0,0.0,0.0,
vgg16_13layer_2026-02-25T17:46:22.595179,vgg16,13layer,full,13,eyeriss,thesis_arch,1056,524,128,64,4,1,False,False,"Ill-posed constraints:
CONSTRAINTS VIOLATION: Arch: Eyeriss_Constrained_13L_tile1_4x64 -> Level: InRegister: memory footprint: 702 VS memory available: 400
CONSTRAINTS VIOLATION: Arch: Eyeriss_Constrained_13L_tile1_4x64 -> Level: WRegister: memory footprint: 76620 VS memory available: 5000
CONSTRAINTS VIOLATION: Arch: Eyeriss_Constrained_13L_tile1_4x64 -> Level: IntermediateRegister: memory footprint: 916 VS memory available: 350
CONSTRAINTS VIOLATION: Arch: Eyeriss_Constrained_13L_tile1_4x64 -> Level: OutRegister: memory footprint: 128 VS memory available: 32",0.000e+00,0.000e+00,0.00e+00,0,0.0,0.0,
vgg16_13layer_2026-02-25T17:46:22.836811,vgg16,13layer,full,13,eyeriss,thesis_arch,1056,524,128,64,16,1,False,False,"Ill-posed constraints:
CONSTRAINTS VIOLATION: Arch: Eyeriss_Constrained_13L_tile1_16x64 -> Level: InRegister: memory footprint: 702 VS memory available: 400
CONSTRAINTS VIOLATION: Arch: Eyeriss_Constrained_13L_tile1_16x64 -> Level: WRegister: memory footprint: 19155 VS memory available: 5000",0.000e+00,0.000e+00,0.00e+00,0,0.0,0.0,
vgg16_13layer_2026-02-25T17:46:23.167874,vgg16,13layer,full,13,eyeriss,thesis_arch,1056,524,128,64,32,1,False,False,"Ill-posed constraints:
CONSTRAINTS VIOLATION: Arch: Eyeriss_Constrained_13L_tile1_32x64 -> Level: InRegister: memory footprint: 702 VS memory available: 400
CONSTRAINTS VIOLATION: Arch: Eyeriss_Constrained_13L_tile1_32x64 -> Level: WRegister: memory footprint: 9579 VS memory available: 5000",0.000e+00,0.000e+00,0.00e+00,0,0.0,0.0,
vgg16_13layer_2026-02-25T17:46:23.531805,vgg16,13layer,full,13,eyeriss,thesis_arch,1056,524,128,64,64,1,False,False,"Ill-posed constraints:
CONSTRAINTS VIOLATION: Arch: Eyeriss_Constrained_13L_tile1_64x64 -> Level: InRegister: memory footprint: 702 VS memory available: 400",0.000e+00,0.000e+00,0.00e+00,0,0.0,0.0,
vgg16_13layer_2026-02-25T17:46:23.799451,vgg16,13layer,full,13,eyeriss,thesis_arch,1056,524,128,64,128,1,False,False,"Ill-posed constraints:
CONSTRAINTS VIOLATION: Arch: Eyeriss_Constrained_13L_tile1_128x64 -> Level: InRegister: memory footprint: 702 VS memory available: 400",0.000e+00,0.000e+00,0.00e+00,0,0.0,0.0,
vgg16_13layer_2026-02-25T17:46:24.206323,vgg16,13layer,full,13,eyeriss,thesis_arch,1056,524,128,64,256,1,False,False,"Ill-posed constraints:
CONSTRAINTS VIOLATION: Arch: Eyeriss_Constrained_13L_tile1_256x64 -> Level: InRegister: memory footprint: 702 VS memory available: 400",0.000e+00,0.000e+00,0.00e+00,0,0.0,0.0,
vgg16_13layer_2026-02-25T17:46:24.559142,vgg16,13layer,full,13,eyeriss,thesis_arch,1056,524,128,128,4,1,False,False,"Ill-posed constraints:
CONSTRAINTS VIOLATION: Arch: Eyeriss_Constrained_13L_tile1_4x128 -> Level: WRegister: memory footprint: 38310 VS memory available: 5000
CONSTRAINTS VIOLATION: Arch: Eyeriss_Constrained_13L_tile1_4x128 -> Level: IntermediateRegister: memory footprint: 914 VS memory available: 350
CONSTRAINTS VIOLATION: Arch: Eyeriss_Constrained_13L_tile1_4x128 -> Level: OutRegister: memory footprint: 128 VS memory available: 32",0.000e+00,0.000e+00,0.00e+00,0,0.0,0.0,
vgg16_13layer_2026-02-25T17:46:24.921972,vgg16,13layer,full,13,eyeriss,thesis_arch,1056,524,128,128,16,1,False,False,"Ill-posed constraints:
CONSTRAINTS VIOLATION: Arch: Eyeriss_Constrained_13L_tile1_16x128 -> Level: WRegister: memory footprint: 9579 VS memory available: 5000",0.000e+00,0.000e+00,0.00e+00,0,0.0,0.0,
vgg16_13layer_2026-02-25T17:46:25.296242,vgg16,13layer,full,13,eyeriss,thesis_arch,1056,524,128,128,32,1,False,True,,4.329e+05,6.715e+06,2.92e+06,"(34852910784, 16400878592)",0.004454487003386021,0.24947142601013184,DRAM[P=14 Q=14 Z12=1 C12=1 R12=1 S12=1 Y11=14 X11=14 Z11=1 C11=1 R11=1 S11=1 Y10=14 X10=14 Z10=1 C10=1 R10=1 S10=1 Y9=28 X9=28 Z9=1 C9=1 R9=1 S9=1 Y8=28 X8=28 Z8=1 C8=1 R8=1 S8=1 Y7=28 X7=28 Z7=1 C7=1 R7=1 S7=1 Y6=56 X6=56 Z6=1 C6=1 R6=1 S6=1 Y5=56 X5=56 Z5=1 C5=1 R5=1 S5=1 Y4=56 X4=56 Z4=1 C4=1 R4=1 S4=1 Y3=112 X3=112 Z3=1 C3=1 R3=1 S3=1 Y2=112 X2=112 Z2=1 C2=1 R2=1 S2=1 Y1=224 X1=224 Z1=1 C1=1 R1=1 S1=1 Y0=224 X0=224 Z0=1 C0=1 R0=1 S0=1] GlobalBuffer[P=1 Q=1 Z12=1 C12=1 R12=1 S12=1 Y11=1 X11=1 Z11=1 C11=1 R11=1 S11=1 Y10=1 X10=1 Z10=1 C10=1 R10=1 S10=1 Y9=1 X9=1 Z9=1 C9=1 R9=1 S9=1 Y8=1 X8=1 Z8=1 C8=1 R8=1 S8=1 Y7=1 X7=1 Z7=1 C7=1 R7=1 S7=1 Y6=1 X6=1 Z6=1 C6=1 R6=1 S6=1 Y5=1 X5=1 Z5=1 C5=1 R5=1 S5=1 Y4=1 X4=1 Z4=1 C4=1 R4=1 S4=1 Y3=1 X3=1 Z3=1 C3=1 R3=1 S3=1 Y2=1 X2=1 Z2=1 C2=1 R2=1 S2=1 Y1=1 X1=1 Z1=1 C1=1 R1=1 S1=1 Y0=1 X0=1 Z0=1 C0=1 R0=1 S0=1] SACols[Q=1 Z12=32] SARows[S12=3 C12=32 Z12=1] SACols_11[X11=1 Z11=32] SARows_11[S11=3 C11=32 Z11=1] SACols_10[X10=1 Z10=32] SARows_10[S10=3 C10=32 Z10=1] SACols_9[X9=1 Z9=32] SARows_9[S9=3 C9=32 Z9=1] SACols_8[X8=1 Z8=32] SARows_8[S8=3 C8=32 Z8=1] SACols_7[X7=1 Z7=32] SARows_7[S7=3 C7=32 Z7=1] SACols_6[X6=1 Z6=32] SARows_6[S6=3 C6=32 Z6=1] SACols_5[X5=1 Z5=32] SARows_5[S5=3 C5=32 Z5=1] SACols_4[X4=1 Z4=32] SARows_4[S4=3 C4=32 Z4=1] SACols_3[X3=1 Z3=32] SARows_3[S3=3 C3=32 Z3=1] SACols_2[X2=1 Z2=32] SARows_2[S2=3 C2=32 Z2=1] SACols_1[X1=1 Z1=32] SARows_1[S1=3 C1=32 Z1=1] SACols_0[X0=1 Z0=32] SARows_0[S0=3 C0=3 Z0=2] InRegister[P=1 Q=1 Z12=1 C12=1 R12=1 S12=1 Y11=1 X11=1 Z11=1 C11=1 R11=1 S11=1 Y10=1 X10=1 Z10=1 C10=1 R10=1 S10=1 Y9=1 X9=1 Z9=1 C9=1 R9=1 S9=1 Y8=1 X8=1 Z8=1 C8=1 R8=1 S8=1 Y7=1 X7=1 Z7=1 C7=1 R7=1 S7=1 Y6=1 X6=1 Z6=1 C6=1 R6=1 S6=1 Y5=1 X5=1 Z5=1 C5=1 R5=1 S5=1 Y4=1 X4=1 Z4=1 C4=1 R4=1 S4=1 Y3=1 X3=1 Z3=1 C3=1 R3=1 S3=1 Y2=1 X2=1 Z2=1 C2=1 R2=1 S2=1 Y1=1 X1=1 Z1=1 C1=1 R1=1 S1=1 Y0=1 X0=1 Z0=1 C0=1 R0=1 S0=1] WRegister[P=1 Q=1 Z12=1 C12=16 R12=3 S12=1 Y11=1 X11=1 Z11=1 C11=16 R11=3 S11=1 Y10=1 X10=1 Z10=1 C10=16 R10=3 S10=1 Y9=1 X9=1 Z9=1 C9=16 R9=3 S9=1 Y8=1 X8=1 Z8=1 C8=16 R8=3 S8=1 Y7=1 X7=1 Z7=1 C7=8 R7=3 S7=1 Y6=1 X6=1 Z6=1 C6=8 R6=3 S6=1 Y5=1 X5=1 Z5=1 C5=8 R5=3 S5=1 Y4=1 X4=1 Z4=1 C4=4 R4=3 S4=1 Y3=1 X3=1 Z3=1 C3=4 R3=3 S3=1 Y2=1 X2=1 Z2=1 C2=2 R2=3 S2=1 Y1=1 X1=1 Z1=1 C1=2 R1=3 S1=1 Y0=1 X0=1 Z0=1 C0=1 R0=3 S0=1] IntermediateRegister[P=1 Q=1 Z12=1 C12=1 R12=1 S12=1 Y11=1 X11=1 Z11=16 C11=1 R11=1 S11=1 Y10=1 X10=1 Z10=16 C10=1 R10=1 S10=1 Y9=1 X9=1 Z9=16 C9=1 R9=1 S9=1 Y8=1 X8=1 Z8=16 C8=1 R8=1 S8=1 Y7=1 X7=1 Z7=16 C7=1 R7=1 S7=1 Y6=1 X6=1 Z6=8 C6=1 R6=1 S6=1 Y5=1 X5=1 Z5=8 C5=1 R5=1 S5=1 Y4=1 X4=1 Z4=8 C4=1 R4=1 S4=1 Y3=1 X3=1 Z3=4 C3=1 R3=1 S3=1 Y2=1 X2=1 Z2=4 C2=1 R2=1 S2=1 Y1=1 X1=1 Z1=2 C1=1 R1=1 S1=1 Y0=1 X0=1 Z0=1 C0=1 R0=1 S0=1] OutRegister[P=1 Q=1 Z12=16 C12=1 R12=1 S12=1 Y11=1 X11=1 Z11=1 C11=1 R11=1 S11=1 Y10=1 X10=1 Z10=1 C10=1 R10=1 S10=1 Y9=1 X9=1 Z9=1 C9=1 R9=1 S9=1 Y8=1 X8=1 Z8=1 C8=1 R8=1 S8=1 Y7=1 X7=1 Z7=1 C7=1 R7=1 S7=1 Y6=1 X6=1 Z6=1 C6=1 R6=1 S6=1 Y5=1 X5=1 Z5=1 C5=1 R5=1 S5=1 Y4=1 X4=1 Z4=1 C4=1 R4=1 S4=1 Y3=1 X3=1 Z3=1 C3=1 R3=1 S3=1 Y2=1 X2=1 Z2=1 C2=1 R2=1 S2=1 Y1=1 X1=1 Z1=1 C1=1 R1=1 S1=1 Y0=1 X0=1 Z0=1 C0=1 R0=1 S0=1] Compute] 
vgg16_13layer_2026-02-25T17:46:25.927521,vgg16,13layer,full,13,eyeriss,thesis_arch,1056,524,128,128,64,1,False,True,,4.379e+05,5.681e+06,2.51e+06,"(37396231872, 16400878592)",0.0022272435016930103,0.21050071716308594,DRAM[P=14 Q=14 Z12=1 C12=1 R12=1 S12=1 Y11=14 X11=14 Z11=1 C11=1 R11=1 S11=1 Y10=14 X10=14 Z10=1 C10=1 R10=1 S10=1 Y9=28 X9=28 Z9=1 C9=1 R9=1 S9=1 Y8=28 X8=28 Z8=1 C8=1 R8=1 S8=1 Y7=28 X7=28 Z7=1 C7=1 R7=1 S7=1 Y6=56 X6=56 Z6=1 C6=1 R6=1 S6=1 Y5=56 X5=56 Z5=1 C5=1 R5=1 S5=1 Y4=56 X4=56 Z4=1 C4=1 R4=1 S4=1 Y3=112 X3=112 Z3=1 C3=1 R3=1 S3=1 Y2=112 X2=112 Z2=1 C2=1 R2=1 S2=1 Y1=224 X1=224 Z1=1 C1=1 R1=1 S1=1 Y0=224 X0=224 Z0=1 C0=1 R0=1 S0=1] GlobalBuffer[P=1 Q=1 Z12=1 C12=1 R12=1 S12=1 Y11=1 X11=1 Z11=1 C11=1 R11=1 S11=1 Y10=1 X10=1 Z10=1 C10=1 R10=1 S10=1 Y9=1 X9=1 Z9=1 C9=1 R9=1 S9=1 Y8=1 X8=1 Z8=1 C8=1 R8=1 S8=1 Y7=1 X7=1 Z7=1 C7=1 R7=1 S7=1 Y6=1 X6=1 Z6=1 C6=1 R6=1 S6=1 Y5=1 X5=1 Z5=1 C5=1 R5=1 S5=1 Y4=1 X4=1 Z4=1 C4=1 R4=1 S4=1 Y3=1 X3=1 Z3=1 C3=1 R3=1 S3=1 Y2=1 X2=1 Z2=1 C2=1 R2=1 S2=1 Y1=1 X1=1 Z1=1 C1=1 R1=1 S1=1 Y0=1 X0=1 Z0=1 C0=1 R0=1 S0=1] SACols[Q=1 Z12=64] SARows[S12=3 C12=32 Z12=1] SACols_11[X11=1 Z11=64] SARows_11[S11=3 C11=32 Z11=1] SACols_10[X10=1 Z10=64] SARows_10[S10=3 C10=32 Z10=1] SACols_9[X9=1 Z9=64] SARows_9[S9=3 C9=32 Z9=1] SACols_8[X8=1 Z8=64] SARows_8[S8=3 C8=32 Z8=1] SACols_7[X7=1 Z7=64] SARows_7[S7=3 C7=32 Z7=1] SACols_6[X6=1 Z6=64] SARows_6[S6=3 C6=32 Z6=1] SACols_5[X5=1 Z5=64] SARows_5[S5=3 C5=32 Z5=1] SACols_4[X4=1 Z4=64] SARows_4[S4=3 C4=32 Z4=1] SACols_3[X3=1 Z3=64] SARows_3[S3=3 C3=32 Z3=1] SACols_2[X2=1 Z2=64] SARows_2[S2=3 C2=32 Z2=1] SACols_1[X1=1 Z1=64] SARows_1[S1=3 C1=32 Z1=1] SACols_0[X0=1 Z0=64] SARows_0[S0=3 C0=3 Z0=1] InRegister[P=1 Q=1 Z12=1 C12=1 R12=1 S12=1 Y11=1 X11=1 Z11=1 C11=1 R11=1 S11=1 Y10=1 X10=1 Z10=1 C10=1 R10=1 S10=1 Y9=1 X9=1 Z9=1 C9=1 R9=1 S9=1 Y8=1 X8=1 Z8=1 C8=1 R8=1 S8=1 Y7=1 X7=1 Z7=1 C7=1 R7=1 S7=1 Y6=1 X6=1 Z6=1 C6=1 R6=1 S6=1 Y5=1 X5=1 Z5=1 C5=1 R5=1 S5=1 Y4=1 X4=1 Z4=1 C4=1 R4=1 S4=1 Y3=1 X3=1 Z3=1 C3=1 R3=1 S3=1 Y2=1 X2=1 Z2=1 C2=1 R2=1 S2=1 Y1=1 X1=1 Z1=1 C1=1 R1=1 S1=1 Y0=1 X0=1 Z0=1 C0=1 R0=1 S0=1] WRegister[P=1 Q=1 Z12=1 C12=16 R12=3 S12=1 Y11=1 X11=1 Z11=1 C11=16 R11=3 S11=1 Y10=1 X10=1 Z10=1 C10=16 R10=3 S10=1 Y9=1 X9=1 Z9=1 C9=16 R9=3 S9=1 Y8=1 X8=1 Z8=1 C8=16 R8=3 S8=1 Y7=1 X7=1 Z7=1 C7=8 R7=3 S7=1 Y6=1 X6=1 Z6=1 C6=8 R6=3 S6=1 Y5=1 X5=1 Z5=1 C5=8 R5=3 S5=1 Y4=1 X4=1 Z4=1 C4=4 R4=3 S4=1 Y3=1 X3=1 Z3=1 C3=4 R3=3 S3=1 Y2=1 X2=1 Z2=1 C2=2 R2=3 S2=1 Y1=1 X1=1 Z1=1 C1=2 R1=3 S1=1 Y0=1 X0=1 Z0=1 C0=1 R0=3 S0=1] IntermediateRegister[P=1 Q=1 Z12=1 C12=1 R12=1 S12=1 Y11=1 X11=1 Z11=8 C11=1 R11=1 S11=1 Y10=1 X10=1 Z10=8 C10=1 R10=1 S10=1 Y9=1 X9=1 Z9=8 C9=1 R9=1 S9=1 Y8=1 X8=1 Z8=8 C8=1 R8=1 S8=1 Y7=1 X7=1 Z7=8 C7=1 R7=1 S7=1 Y6=1 X6=1 Z6=4 C6=1 R6=1 S6=1 Y5=1 X5=1 Z5=4 C5=1 R5=1 S5=1 Y4=1 X4=1 Z4=4 C4=1 R4=1 S4=1 Y3=1 X3=1 Z3=2 C3=1 R3=1 S3=1 Y2=1 X2=1 Z2=2 C2=1 R2=1 S2=1 Y1=1 X1=1 Z1=1 C1=1 R1=1 S1=1 Y0=1 X0=1 Z0=1 C0=1 R0=1 S0=1] OutRegister[P=1 Q=1 Z12=8 C12=1 R12=1 S12=1 Y11=1 X11=1 Z11=1 C11=1 R11=1 S11=1 Y10=1 X10=1 Z10=1 C10=1 R10=1 S10=1 Y9=1 X9=1 Z9=1 C9=1 R9=1 S9=1 Y8=1 X8=1 Z8=1 C8=1 R8=1 S8=1 Y7=1 X7=1 Z7=1 C7=1 R7=1 S7=1 Y6=1 X6=1 Z6=1 C6=1 R6=1 S6=1 Y5=1 X5=1 Z5=1 C5=1 R5=1 S5=1 Y4=1 X4=1 Z4=1 C4=1 R4=1 S4=1 Y3=1 X3=1 Z3=1 C3=1 R3=1 S3=1 Y2=1 X2=1 Z2=1 C2=1 R2=1 S2=1 Y1=1 X1=1 Z1=1 C1=1 R1=1 S1=1 Y0=1 X0=1 Z0=1 C0=1 R0=1 S0=1] Compute] 
vgg16_13layer_2026-02-25T17:46:26.511946,vgg16,13layer,full,13,eyeriss,thesis_arch,1056,524,128,128,128,1,False,True,,4.443e+05,5.455e+06,2.46e+06,"(40633185984, 16400878592)",0.0005568108754232526,0.2489466667175293,DRAM[P=14 Q=14 Z12=1 C12=1 R12=1 S12=1 Y11=14 X11=14 Z11=1 C11=1 R11=1 S11=1 Y10=14 X10=14 Z10=1 C10=1 R10=1 S10=1 Y9=28 X9=28 Z9=1 C9=1 R9=1 S9=1 Y8=28 X8=28 Z8=1 C8=1 R8=1 S8=1 Y7=28 X7=28 Z7=1 C7=1 R7=1 S7=1 Y6=56 X6=56 Z6=1 C6=1 R6=1 S6=1 Y5=56 X5=56 Z5=1 C5=1 R5=1 S5=1 Y4=56 X4=56 Z4=1 C4=1 R4=1 S4=1 Y3=112 X3=112 Z3=1 C3=1 R3=1 S3=1 Y2=112 X2=112 Z2=1 C2=1 R2=1 S2=1 Y1=224 X1=224 Z1=1 C1=1 R1=1 S1=1 Y0=224 X0=224 Z0=1 C0=1 R0=1 S0=1] GlobalBuffer[P=1 Q=1 Z12=1 C12=1 R12=1 S12=1 Y11=1 X11=1 Z11=1 C11=1 R11=1 S11=1 Y10=1 X10=1 Z10=1 C10=1 R10=1 S10=1 Y9=1 X9=1 Z9=1 C9=1 R9=1 S9=1 Y8=1 X8=1 Z8=1 C8=1 R8=1 S8=1 Y7=1 X7=1 Z7=1 C7=1 R7=1 S7=1 Y6=1 X6=1 Z6=1 C6=1 R6=1 S6=1 Y5=1 X5=1 Z5=1 C5=1 R5=1 S5=1 Y4=1 X4=1 Z4=1 C4=1 R4=1 S4=1 Y3=1 X3=1 Z3=1 C3=1 R3=1 S3=1 Y2=1 X2=1 Z2=1 C2=1 R2=1 S2=1 Y1=1 X1=1 Z1=1 C1=1 R1=1 S1=1 Y0=1 X0=1 Z0=1 C0=1 R0=1 S0=1] SACols[Q=1 Z12=128] SARows[S12=3 C12=32 Z12=1] SACols_11[X11=1 Z11=128] SARows_11[S11=3 C11=32 Z11=1] SACols_10[X10=1 Z10=128] SARows_10[S10=3 C10=32 Z10=1] SACols_9[X9=1 Z9=128] SARows_9[S9=3 C9=32 Z9=1] SACols_8[X8=1 Z8=128] SARows_8[S8=3 C8=32 Z8=1] SACols_7[X7=1 Z7=128] SARows_7[S7=3 C7=32 Z7=1] SACols_6[X6=1 Z6=128] SARows_6[S6=3 C6=32 Z6=1] SACols_5[X5=1 Z5=128] SARows_5[S5=3 C5=32 Z5=1] SACols_4[X4=1 Z4=128] SARows_4[S4=3 C4=32 Z4=1] SACols_3[X3=1 Z3=128] SARows_3[S3=3 C3=32 Z3=1] SACols_2[X2=1 Z2=128] SARows_2[S2=3 C2=32 Z2=1] SACols_1[X1=1 Z1=64] SARows_1[S1=3 C1=32 Z1=1] SACols_0[X0=1 Z0=64] SARows_0[S0=3 C0=3 Z0=1] InRegister[P=1 Q=1 Z12=1 C12=1 R12=1 S12=1 Y11=1 X11=1 Z11=1 C11=1 R11=1 S11=1 Y10=1 X10=1 Z10=1 C10=1 R10=1 S10=1 Y9=1 X9=1 Z9=1 C9=1 R9=1 S9=1 Y8=1 X8=1 Z8=1 C8=1 R8=1 S8=1 Y7=1 X7=1 Z7=1 C7=1 R7=1 S7=1 Y6=1 X6=1 Z6=1 C6=1 R6=1 S6=1 Y5=1 X5=1 Z5=1 C5=1 R5=1 S5=1 Y4=1 X4=1 Z4=1 C4=1 R4=1 S4=1 Y3=1 X3=1 Z3=1 C3=1 R3=1 S3=1 Y2=1 X2=1 Z2=1 C2=1 R2=1 S2=1 Y1=1 X1=1 Z1=1 C1=1 R1=1 S1=1 Y0=1 X0=1 Z0=1 C0=1 R0=1 S0=1] WRegister[P=1 Q=1 Z12=1 C12=16 R12=3 S12=1 Y11=1 X11=1 Z11=1 C11=16 R11=3 S11=1 Y10=1 X10=1 Z10=1 C10=16 R10=3 S10=1 Y9=1 X9=1 Z9=1 C9=16 R9=3 S9=1 Y8=1 X8=1 Z8=1 C8=16 R8=3 S8=1 Y7=1 X7=1 Z7=1 C7=8 R7=3 S7=1 Y6=1 X6=1 Z6=1 C6=8 R6=3 S6=1 Y5=1 X5=1 Z5=1 C5=8 R5=3 S5=1 Y4=1 X4=1 Z4=1 C4=4 R4=3 S4=1 Y3=1 X3=1 Z3=1 C3=4 R3=3 S3=1 Y2=1 X2=1 Z2=1 C2=2 R2=3 S2=1 Y1=1 X1=1 Z1=1 C1=2 R1=3 S1=1 Y0=1 X0=1 Z0=1 C0=1 R0=3 S0=1] IntermediateRegister[P=1 Q=1 Z12=1 C12=1 R12=1 S12=1 Y11=1 X11=1 Z11=4 C11=1 R11=1 S11=1 Y10=1 X10=1 Z10=4 C10=1 R10=1 S10=1 Y9=1 X9=1 Z9=4 C9=1 R9=1 S9=1 Y8=1 X8=1 Z8=4 C8=1 R8=1 S8=1 Y7=1 X7=1 Z7=4 C7=1 R7=1 S7=1 Y6=1 X6=1 Z6=2 C6=1 R6=1 S6=1 Y5=1 X5=1 Z5=2 C5=1 R5=1 S5=1 Y4=1 X4=1 Z4=2 C4=1 R4=1 S4=1 Y3=1 X3=1 Z3=1 C3=1 R3=1 S3=1 Y2=1 X2=1 Z2=1 C2=1 R2=1 S2=1 Y1=1 X1=1 Z1=1 C1=1 R1=1 S1=1 Y0=1 X0=1 Z0=1 C0=1 R0=1 S0=1] OutRegister[P=1 Q=1 Z12=4 C12=1 R12=1 S12=1 Y11=1 X11=1 Z11=1 C11=1 R11=1 S11=1 Y10=1 X10=1 Z10=1 C10=1 R10=1 S10=1 Y9=1 X9=1 Z9=1 C9=1 R9=1 S9=1 Y8=1 X8=1 Z8=1 C8=1 R8=1 S8=1 Y7=1 X7=1 Z7=1 C7=1 R7=1 S7=1 Y6=1 X6=1 Z6=1 C6=1 R6=1 S6=1 Y5=1 X5=1 Z5=1 C5=1 R5=1 S5=1 Y4=1 X4=1 Z4=1 C4=1 R4=1 S4=1 Y3=1 X3=1 Z3=1 C3=1 R3=1 S3=1 Y2=1 X2=1 Z2=1 C2=1 R2=1 S2=1 Y1=1 X1=1 Z1=1 C1=1 R1=1 S1=1 Y0=1 X0=1 Z0=1 C0=1 R0=1 S0=1] Compute] 
vgg16_13layer_2026-02-25T17:46:27.186435,vgg16,13layer,full,13,eyeriss,thesis_arch,1056,524,128,256,4,1,False,False,"Ill-posed constraints:
CONSTRAINTS VIOLATION: Arch: Eyeriss_Constrained_13L_tile1_4x256 -> Level: WRegister: memory footprint: 19155 VS memory available: 5000
CONSTRAINTS VIOLATION: Arch: Eyeriss_Constrained_13L_tile1_4x256 -> Level: IntermediateRegister: memory footprint: 913 VS memory available: 350
CONSTRAINTS VIOLATION: Arch: Eyeriss_Constrained_13L_tile1_4x256 -> Level: OutRegister: memory footprint: 128 VS memory available: 32",0.000e+00,0.000e+00,0.00e+00,0,0.0,0.0,
vgg16_13layer_2026-02-25T17:46:27.536812,vgg16,13layer,full,13,eyeriss,thesis_arch,1056,524,128,256,16,1,False,True,,4.338e+05,6.715e+06,2.92e+06,"(34563897024, 17383525376)",0.004454487003386021,0.20693016052246094,DRAM[P=14 Q=14 Z12=1 C12=1 R12=1 S12=1 Y11=14 X11=14 Z11=1 C11=1 R11=1 S11=1 Y10=14 X10=14 Z10=1 C10=1 R10=1 S10=1 Y9=28 X9=28 Z9=1 C9=1 R9=1 S9=1 Y8=28 X8=28 Z8=1 C8=1 R8=1 S8=1 Y7=28 X7=28 Z7=1 C7=1 R7=1 S7=1 Y6=56 X6=56 Z6=1 C6=1 R6=1 S6=1 Y5=56 X5=56 Z5=1 C5=1 R5=1 S5=1 Y4=56 X4=56 Z4=1 C4=1 R4=1 S4=1 Y3=112 X3=112 Z3=1 C3=1 R3=1 S3=1 Y2=112 X2=112 Z2=1 C2=1 R2=1 S2=1 Y1=224 X1=224 Z1=1 C1=1 R1=1 S1=1 Y0=224 X0=224 Z0=1 C0=1 R0=1 S0=1] GlobalBuffer[P=1 Q=1 Z12=1 C12=1 R12=1 S12=1 Y11=1 X11=1 Z11=1 C11=1 R11=1 S11=1 Y10=1 X10=1 Z10=1 C10=1 R10=1 S10=1 Y9=1 X9=1 Z9=1 C9=1 R9=1 S9=1 Y8=1 X8=1 Z8=1 C8=1 R8=1 S8=1 Y7=1 X7=1 Z7=1 C7=1 R7=1 S7=1 Y6=1 X6=1 Z6=1 C6=1 R6=1 S6=1 Y5=1 X5=1 Z5=1 C5=1 R5=1 S5=1 Y4=1 X4=1 Z4=1 C4=1 R4=1 S4=1 Y3=1 X3=1 Z3=1 C3=1 R3=1 S3=1 Y2=1 X2=1 Z2=1 C2=1 R2=1 S2=1 Y1=1 X1=1 Z1=1 C1=1 R1=1 S1=1 Y0=1 X0=1 Z0=1 C0=1 R0=1 S0=1] SACols[Q=1 Z12=16] SARows[S12=3 C12=64 Z12=1] SACols_11[X11=1 Z11=16] SARows_11[S11=3 C11=64 Z11=1] SACols_10[X10=1 Z10=16] SARows_10[S10=3 C10=64 Z10=1] SACols_9[X9=1 Z9=16] SARows_9[S9=3 C9=64 Z9=1] SACols_8[X8=1 Z8=16] SARows_8[S8=3 C8=64 Z8=1] SACols_7[X7=1 Z7=16] SARows_7[S7=3 C7=64 Z7=1] SACols_6[X6=1 Z6=16] SARows_6[S6=3 C6=64 Z6=1] SACols_5[X5=1 Z5=16] SARows_5[S5=3 C5=64 Z5=1] SACols_4[X4=1 Z4=16] SARows_4[S4=3 C4=64 Z4=1] SACols_3[X3=1 Z3=16] SARows_3[S3=3 C3=64 Z3=1] SACols_2[X2=1 Z2=16] SARows_2[S2=3 C2=64 Z2=1] SACols_1[X1=1 Z1=16] SARows_1[S1=3 C1=64 Z1=1] SACols_0[X0=1 Z0=16] SARows_0[S0=3 C0=3 Z0=4] InRegister[P=1 Q=1 Z12=1 C12=1 R12=1 S12=1 Y11=1 X11=1 Z11=1 C11=1 R11=1 S11=1 Y10=1 X10=1 Z10=1 C10=1 R10=1 S10=1 Y9=1 X9=1 Z9=1 C9=1 R9=1 S9=1 Y8=1 X8=1 Z8=1 C8=1 R8=1 S8=1 Y7=1 X7=1 Z7=1 C7=1 R7=1 S7=1 Y6=1 X6=1 Z6=1 C6=1 R6=1 S6=1 Y5=1 X5=1 Z5=1 C5=1 R5=1 S5=1 Y4=1 X4=1 Z4=1 C4=1 R4=1 S4=1 Y3=1 X3=1 Z3=1 C3=1 R3=1 S3=1 Y2=1 X2=1 Z2=1 C2=1 R2=1 S2=1 Y1=1 X1=1 Z1=1 C1=1 R1=1 S1=1 Y0=1 X0=1 Z0=1 C0=1 R0=1 S0=1] WRegister[P=1 Q=1 Z12=1 C12=8 R12=3 S12=1 Y11=1 X11=1 Z11=1 C11=8 R11=3 S11=1 Y10=1 X10=1 Z10=1 C10=8 R10=3 S10=1 Y9=1 X9=1 Z9=1 C9=8 R9=3 S9=1 Y8=1 X8=1 Z8=1 C8=8 R8=3 S8=1 Y7=1 X7=1 Z7=1 C7=4 R7=3 S7=1 Y6=1 X6=1 Z6=1 C6=4 R6=3 S6=1 Y5=1 X5=1 Z5=1 C5=4 R5=3 S5=1 Y4=1 X4=1 Z4=1 C4=2 R4=3 S4=1 Y3=1 X3=1 Z3=1 C3=2 R3=3 S3=1 Y2=1 X2=1 Z2=1 C2=1 R2=3 S2=1 Y1=1 X1=1 Z1=1 C1=1 R1=3 S1=1 Y0=1 X0=1 Z0=1 C0=1 R0=3 S0=1] IntermediateRegister[P=1 Q=1 Z12=1 C12=1 R12=1 S12=1 Y11=1 X11=1 Z11=32 C11=1 R11=1 S11=1 Y10=1 X10=1 Z10=32 C10=1 R10=1 S10=1 Y9=1 X9=1 Z9=32 C9=1 R9=1 S9=1 Y8=1 X8=1 Z8=32 C8=1 R8=1 S8=1 Y7=1 X7=1 Z7=32 C7=1 R7=1 S7=1 Y6=1 X6=1 Z6=16 C6=1 R6=1 S6=1 Y5=1 X5=1 Z5=16 C5=1 R5=1 S5=1 Y4=1 X4=1 Z4=16 C4=1 R4=1 S4=1 Y3=1 X3=1 Z3=8 C3=1 R3=1 S3=1 Y2=1 X2=1 Z2=8 C2=1 R2=1 S2=1 Y1=1 X1=1 Z1=4 C1=1 R1=1 S1=1 Y0=1 X0=1 Z0=1 C0=1 R0=1 S0=1] OutRegister[P=1 Q=1 Z12=32 C12=1 R12=1 S12=1 Y11=1 X11=1 Z11=1 C11=1 R11=1 S11=1 Y10=1 X10=1 Z10=1 C10=1 R10=1 S10=1 Y9=1 X9=1 Z9=1 C9=1 R9=1 S9=1 Y8=1 X8=1 Z8=1 C8=1 R8=1 S8=1 Y7=1 X7=1 Z7=1 C7=1 R7=1 S7=1 Y6=1 X6=1 Z6=1 C6=1 R6=1 S6=1 Y5=1 X5=1 Z5=1 C5=1 R5=1 S5=1 Y4=1 X4=1 Z4=1 C4=1 R4=1 S4=1 Y3=1 X3=1 Z3=1 C3=1 R3=1 S3=1 Y2=1 X2=1 Z2=1 C2=1 R2=1 S2=1 Y1=1 X1=1 Z1=1 C1=1 R1=1 S1=1 Y0=1 X0=1 Z0=1 C0=1 R0=1 S0=1] Compute] 
vgg16_13layer_2026-02-25T17:46:28.054272,vgg16,13layer,full,13,eyeriss,thesis_arch,1056,524,128,256,32,1,False,True,,4.363e+05,5.681e+06,2.49e+06,"(35835557568, 17383525376)",0.0022272435016930103,0.24867868423461914,DRAM[P=14 Q=14 Z12=1 C12=1 R12=1 S12=1 Y11=14 X11=14 Z11=1 C11=1 R11=1 S11=1 Y10=14 X10=14 Z10=1 C10=1 R10=1 S10=1 Y9=28 X9=28 Z9=1 C9=1 R9=1 S9=1 Y8=28 X8=28 Z8=1 C8=1 R8=1 S8=1 Y7=28 X7=28 Z7=1 C7=1 R7=1 S7=1 Y6=56 X6=56 Z6=1 C6=1 R6=1 S6=1 Y5=56 X5=56 Z5=1 C5=1 R5=1 S5=1 Y4=56 X4=56 Z4=1 C4=1 R4=1 S4=1 Y3=112 X3=112 Z3=1 C3=1 R3=1 S3=1 Y2=112 X2=112 Z2=1 C2=1 R2=1 S2=1 Y1=224 X1=224 Z1=1 C1=1 R1=1 S1=1 Y0=224 X0=224 Z0=1 C0=1 R0=1 S0=1] GlobalBuffer[P=1 Q=1 Z12=1 C12=1 R12=1 S12=1 Y11=1 X11=1 Z11=1 C11=1 R11=1 S11=1 Y10=1 X10=1 Z10=1 C10=1 R10=1 S10=1 Y9=1 X9=1 Z9=1 C9=1 R9=1 S9=1 Y8=1 X8=1 Z8=1 C8=1 R8=1 S8=1 Y7=1 X7=1 Z7=1 C7=1 R7=1 S7=1 Y6=1 X6=1 Z6=1 C6=1 R6=1 S6=1 Y5=1 X5=1 Z5=1 C5=1 R5=1 S5=1 Y4=1 X4=1 Z4=1 C4=1 R4=1 S4=1 Y3=1 X3=1 Z3=1 C3=1 R3=1 S3=1 Y2=1 X2=1 Z2=1 C2=1 R2=1 S2=1 Y1=1 X1=1 Z1=1 C1=1 R1=1 S1=1 Y0=1 X0=1 Z0=1 C0=1 R0=1 S0=1] SACols[Q=1 Z12=32] SARows[S12=3 C12=64 Z12=1] SACols_11[X11=1 Z11=32] SARows_11[S11=3 C11=64 Z11=1] SACols_10[X10=1 Z10=32] SARows_10[S10=3 C10=64 Z10=1] SACols_9[X9=1 Z9=32] SARows_9[S9=3 C9=64 Z9=1] SACols_8[X8=1 Z8=32] SARows_8[S8=3 C8=64 Z8=1] SACols_7[X7=1 Z7=32] SARows_7[S7=3 C7=64 Z7=1] SACols_6[X6=1 Z6=32] SARows_6[S6=3 C6=64 Z6=1] SACols_5[X5=1 Z5=32] SARows_5[S5=3 C5=64 Z5=1] SACols_4[X4=1 Z4=32] SARows_4[S4=3 C4=64 Z4=1] SACols_3[X3=1 Z3=32] SARows_3[S3=3 C3=64 Z3=1] SACols_2[X2=1 Z2=32] SARows_2[S2=3 C2=64 Z2=1] SACols_1[X1=1 Z1=32] SARows_1[S1=3 C1=64 Z1=1] SACols_0[X0=1 Z0=32] SARows_0[S0=3 C0=3 Z0=2] InRegister[P=1 Q=1 Z12=1 C12=1 R12=1 S12=1 Y11=1 X11=1 Z11=1 C11=1 R11=1 S11=1 Y10=1 X10=1 Z10=1 C10=1 R10=1 S10=1 Y9=1 X9=1 Z9=1 C9=1 R9=1 S9=1 Y8=1 X8=1 Z8=1 C8=1 R8=1 S8=1 Y7=1 X7=1 Z7=1 C7=1 R7=1 S7=1 Y6=1 X6=1 Z6=1 C6=1 R6=1 S6=1 Y5=1 X5=1 Z5=1 C5=1 R5=1 S5=1 Y4=1 X4=1 Z4=1 C4=1 R4=1 S4=1 Y3=1 X3=1 Z3=1 C3=1 R3=1 S3=1 Y2=1 X2=1 Z2=1 C2=1 R2=1 S2=1 Y1=1 X1=1 Z1=1 C1=1 R1=1 S1=1 Y0=1 X0=1 Z0=1 C0=1 R0=1 S0=1] WRegister[P=1 Q=1 Z12=1 C12=8 R12=3 S12=1 Y11=1 X11=1 Z11=1 C11=8 R11=3 S11=1 Y10=1 X10=1 Z10=1 C10=8 R10=3 S10=1 Y9=1 X9=1 Z9=1 C9=8 R9=3 S9=1 Y8=1 X8=1 Z8=1 C8=8 R8=3 S8=1 Y7=1 X7=1 Z7=1 C7=4 R7=3 S7=1 Y6=1 X6=1 Z6=1 C6=4 R6=3 S6=1 Y5=1 X5=1 Z5=1 C5=4 R5=3 S5=1 Y4=1 X4=1 Z4=1 C4=2 R4=3 S4=1 Y3=1 X3=1 Z3=1 C3=2 R3=3 S3=1 Y2=1 X2=1 Z2=1 C2=1 R2=3 S2=1 Y1=1 X1=1 Z1=1 C1=1 R1=3 S1=1 Y0=1 X0=1 Z0=1 C0=1 R0=3 S0=1] IntermediateRegister[P=1 Q=1 Z12=1 C12=1 R12=1 S12=1 Y11=1 X11=1 Z11=16 C11=1 R11=1 S11=1 Y10=1 X10=1 Z10=16 C10=1 R10=1 S10=1 Y9=1 X9=1 Z9=16 C9=1 R9=1 S9=1 Y8=1 X8=1 Z8=16 C8=1 R8=1 S8=1 Y7=1 X7=1 Z7=16 C7=1 R7=1 S7=1 Y6=1 X6=1 Z6=8 C6=1 R6=1 S6=1 Y5=1 X5=1 Z5=8 C5=1 R5=1 S5=1 Y4=1 X4=1 Z4=8 C4=1 R4=1 S4=1 Y3=1 X3=1 Z3=4 C3=1 R3=1 S3=1 Y2=1 X2=1 Z2=4 C2=1 R2=1 S2=1 Y1=1 X1=1 Z1=2 C1=1 R1=1 S1=1 Y0=1 X0=1 Z0=1 C0=1 R0=1 S0=1] OutRegister[P=1 Q=1 Z12=16 C12=1 R12=1 S12=1 Y11=1 X11=1 Z11=1 C11=1 R11=1 S11=1 Y10=1 X10=1 Z10=1 C10=1 R10=1 S10=1 Y9=1 X9=1 Z9=1 C9=1 R9=1 S9=1 Y8=1 X8=1 Z8=1 C8=1 R8=1 S8=1 Y7=1 X7=1 Z7=1 C7=1 R7=1 S7=1 Y6=1 X6=1 Z6=1 C6=1 R6=1 S6=1 Y5=1 X5=1 Z5=1 C5=1 R5=1 S5=1 Y4=1 X4=1 Z4=1 C4=1 R4=1 S4=1 Y3=1 X3=1 Z3=1 C3=1 R3=1 S3=1 Y2=1 X2=1 Z2=1 C2=1 R2=1 S2=1 Y1=1 X1=1 Z1=1 C1=1 R1=1 S1=1 Y0=1 X0=1 Z0=1 C0=1 R0=1 S0=1] Compute] 
vgg16_13layer_2026-02-25T17:46:28.613580,vgg16,13layer,full,13,eyeriss,thesis_arch,1056,524,128,256,64,1,False,True,,4.413e+05,5.455e+06,2.43e+06,"(38378878656, 17383525376)",0.0011136217508465052,0.19051814079284668,DRAM[P=14 Q=14 Z12=1 C12=1 R12=1 S12=1 Y11=14 X11=14 Z11=1 C11=1 R11=1 S11=1 Y10=14 X10=14 Z10=1 C10=1 R10=1 S10=1 Y9=28 X9=28 Z9=1 C9=1 R9=1 S9=1 Y8=28 X8=28 Z8=1 C8=1 R8=1 S8=1 Y7=28 X7=28 Z7=1 C7=1 R7=1 S7=1 Y6=56 X6=56 Z6=1 C6=1 R6=1 S6=1 Y5=56 X5=56 Z5=1 C5=1 R5=1 S5=1 Y4=56 X4=56 Z4=1 C4=1 R4=1 S4=1 Y3=112 X3=112 Z3=1 C3=1 R3=1 S3=1 Y2=112 X2=112 Z2=1 C2=1 R2=1 S2=1 Y1=224 X1=224 Z1=1 C1=1 R1=1 S1=1 Y0=224 X0=224 Z0=1 C0=1 R0=1 S0=1] GlobalBuffer[P=1 Q=1 Z12=1 C12=1 R12=1 S12=1 Y11=1 X11=1 Z11=1 C11=1 R11=1 S11=1 Y10=1 X10=1 Z10=1 C10=1 R10=1 S10=1 Y9=1 X9=1 Z9=1 C9=1 R9=1 S9=1 Y8=1 X8=1 Z8=1 C8=1 R8=1 S8=1 Y7=1 X7=1 Z7=1 C7=1 R7=1 S7=1 Y6=1 X6=1 Z6=1 C6=1 R6=1 S6=1 Y5=1 X5=1 Z5=1 C5=1 R5=1 S5=1 Y4=1 X4=1 Z4=1 C4=1 R4=1 S4=1 Y3=1 X3=1 Z3=1 C3=1 R3=1 S3=1 Y2=1 X2=1 Z2=1 C2=1 R2=1 S2=1 Y1=1 X1=1 Z1=1 C1=1 R1=1 S1=1 Y0=1 X0=1 Z0=1 C0=1 R0=1 S0=1] SACols[Q=1 Z12=64] SARows[S12=3 C12=64 Z12=1] SACols_11[X11=1 Z11=64] SARows_11[S11=3 C11=64 Z11=1] SACols_10[X10=1 Z10=64] SARows_10[S10=3 C10=64 Z10=1] SACols_9[X9=1 Z9=64] SARows_9[S9=3 C9=64 Z9=1] SACols_8[X8=1 Z8=64] SARows_8[S8=3 C8=64 Z8=1] SACols_7[X7=1 Z7=64] SARows_7[S7=3 C7=64 Z7=1] SACols_6[X6=1 Z6=64] SARows_6[S6=3 C6=64 Z6=1] SACols_5[X5=1 Z5=64] SARows_5[S5=3 C5=64 Z5=1] SACols_4[X4=1 Z4=64] SARows_4[S4=3 C4=64 Z4=1] SACols_3[X3=1 Z3=64] SARows_3[S3=3 C3=64 Z3=1] SACols_2[X2=1 Z2=64] SARows_2[S2=3 C2=64 Z2=1] SACols_1[X1=1 Z1=64] SARows_1[S1=3 C1=64 Z1=1] SACols_0[X0=1 Z0=64] SARows_0[S0=3 C0=3 Z0=1] InRegister[P=1 Q=1 Z12=1 C12=1 R12=1 S12=1 Y11=1 X11=1 Z11=1 C11=1 R11=1 S11=1 Y10=1 X10=1 Z10=1 C10=1 R10=1 S10=1 Y9=1 X9=1 Z9=1 C9=1 R9=1 S9=1 Y8=1 X8=1 Z8=1 C8=1 R8=1 S8=1 Y7=1 X7=1 Z7=1 C7=1 R7=1 S7=1 Y6=1 X6=1 Z6=1 C6=1 R6=1 S6=1 Y5=1 X5=1 Z5=1 C5=1 R5=1 S5=1 Y4=1 X4=1 Z4=1 C4=1 R4=1 S4=1 Y3=1 X3=1 Z3=1 C3=1 R3=1 S3=1 Y2=1 X2=1 Z2=1 C2=1 R2=1 S2=1 Y1=1 X1=1 Z1=1 C1=1 R1=1 S1=1 Y0=1 X0=1 Z0=1 C0=1 R0=1 S0=1] WRegister[P=1 Q=1 Z12=1 C12=8 R12=3 S12=1 Y11=1 X11=1 Z11=1 C11=8 R11=3 S11=1 Y10=1 X10=1 Z10=1 C10=8 R10=3 S10=1 Y9=1 X9=1 Z9=1 C9=8 R9=3 S9=1 Y8=1 X8=1 Z8=1 C8=8 R8=3 S8=1 Y7=1 X7=1 Z7=1 C7=4 R7=3 S7=1 Y6=1 X6=1 Z6=1 C6=4 R6=3 S6=1 Y5=1 X5=1 Z5=1 C5=4 R5=3 S5=1 Y4=1 X4=1 Z4=1 C4=2 R4=3 S4=1 Y3=1 X3=1 Z3=1 C3=2 R3=3 S3=1 Y2=1 X2=1 Z2=1 C2=1 R2=3 S2=1 Y1=1 X1=1 Z1=1 C1=1 R1=3 S1=1 Y0=1 X0=1 Z0=1 C0=1 R0=3 S0=1] IntermediateRegister[P=1 Q=1 Z12=1 C12=1 R12=1 S12=1 Y11=1 X11=1 Z11=8 C11=1 R11=1 S11=1 Y10=1 X10=1 Z10=8 C10=1 R10=1 S10=1 Y9=1 X9=1 Z9=8 C9=1 R9=1 S9=1 Y8=1 X8=1 Z8=8 C8=1 R8=1 S8=1 Y7=1 X7=1 Z7=8 C7=1 R7=1 S7=1 Y6=1 X6=1 Z6=4 C6=1 R6=1 S6=1 Y5=1 X5=1 Z5=4 C5=1 R5=1 S5=1 Y4=1 X4=1 Z4=4 C4=1 R4=1 S4=1 Y3=1 X3=1 Z3=2 C3=1 R3=1 S3=1 Y2=1 X2=1 Z2=2 C2=1 R2=1 S2=1 Y1=1 X1=1 Z1=1 C1=1 R1=1 S1=1 Y0=1 X0=1 Z0=1 C0=1 R0=1 S0=1] OutRegister[P=1 Q=1 Z12=8 C12=1 R12=1 S12=1 Y11=1 X11=1 Z11=1 C11=1 R11=1 S11=1 Y10=1 X10=1 Z10=1 C10=1 R10=1 S10=1 Y9=1 X9=1 Z9=1 C9=1 R9=1 S9=1 Y8=1 X8=1 Z8=1 C8=1 R8=1 S8=1 Y7=1 X7=1 Z7=1 C7=1 R7=1 S7=1 Y6=1 X6=1 Z6=1 C6=1 R6=1 S6=1 Y5=1 X5=1 Z5=1 C5=1 R5=1 S5=1 Y4=1 X4=1 Z4=1 C4=1 R4=1 S4=1 Y3=1 X3=1 Z3=1 C3=1 R3=1 S3=1 Y2=1 X2=1 Z2=1 C2=1 R2=1 S2=1 Y1=1 X1=1 Z1=1 C1=1 R1=1 S1=1 Y0=1 X0=1 Z0=1 C0=1 R0=1 S0=1] Compute] 
vgg16_13layer_2026-02-25T17:46:29.078710,vgg16,13layer,full,13,eyeriss,thesis_arch,1056,524,128,512,4,1,False,False,"Ill-posed constraints:
CONSTRAINTS VIOLATION: Arch: Eyeriss_Constrained_13L_tile1_4x512 -> Level: WRegister: memory footprint: 9579 VS memory available: 5000
CONSTRAINTS VIOLATION: Arch: Eyeriss_Constrained_13L_tile1_4x512 -> Level: IntermediateRegister: memory footprint: 889 VS memory available: 350
CONSTRAINTS VIOLATION: Arch: Eyeriss_Constrained_13L_tile1_4x512 -> Level: OutRegister: memory footprint: 128 VS memory available: 32",0.000e+00,0.000e+00,0.00e+00,0,0.0,0.0,
vgg16_13layer_2026-02-25T17:46:29.438697,vgg16,13layer,full,13,eyeriss,thesis_arch,1056,524,128,512,16,1,False,True,,4.385e+05,5.681e+06,2.50e+06,"(36182374080, 18423974912)",0.0022272435016930103,0.26872944831848145,DRAM[P=14 Q=14 Z12=1 C12=1 R12=1 S12=1 Y11=14 X11=14 Z11=1 C11=1 R11=1 S11=1 Y10=14 X10=14 Z10=1 C10=1 R10=1 S10=1 Y9=28 X9=28 Z9=1 C9=1 R9=1 S9=1 Y8=28 X8=28 Z8=1 C8=1 R8=1 S8=1 Y7=28 X7=28 Z7=1 C7=1 R7=1 S7=1 Y6=56 X6=56 Z6=1 C6=1 R6=1 S6=1 Y5=56 X5=56 Z5=1 C5=1 R5=1 S5=1 Y4=56 X4=56 Z4=1 C4=1 R4=1 S4=1 Y3=112 X3=112 Z3=1 C3=1 R3=1 S3=1 Y2=112 X2=112 Z2=1 C2=1 R2=1 S2=1 Y1=224 X1=224 Z1=1 C1=1 R1=1 S1=1 Y0=224 X0=224 Z0=1 C0=1 R0=1 S0=1] GlobalBuffer[P=1 Q=1 Z12=1 C12=1 R12=1 S12=1 Y11=1 X11=1 Z11=1 C11=1 R11=1 S11=1 Y10=1 X10=1 Z10=1 C10=1 R10=1 S10=1 Y9=1 X9=1 Z9=1 C9=1 R9=1 S9=1 Y8=1 X8=1 Z8=1 C8=1 R8=1 S8=1 Y7=1 X7=1 Z7=1 C7=1 R7=1 S7=1 Y6=1 X6=1 Z6=1 C6=1 R6=1 S6=1 Y5=1 X5=1 Z5=1 C5=1 R5=1 S5=1 Y4=1 X4=1 Z4=1 C4=1 R4=1 S4=1 Y3=1 X3=1 Z3=1 C3=1 R3=1 S3=1 Y2=1 X2=1 Z2=1 C2=1 R2=1 S2=1 Y1=1 X1=1 Z1=1 C1=1 R1=1 S1=1 Y0=1 X0=1 Z0=1 C0=1 R0=1 S0=1] SACols[Q=1 Z12=16] SARows[S12=3 C12=128 Z12=1] SACols_11[X11=1 Z11=16] SARows_11[S11=3 C11=128 Z11=1] SACols_10[X10=1 Z10=16] SARows_10[S10=3 C10=128 Z10=1] SACols_9[X9=1 Z9=16] SARows_9[S9=3 C9=128 Z9=1] SACols_8[X8=1 Z8=16] SARows_8[S8=3 C8=128 Z8=1] SACols_7[X7=1 Z7=16] SARows_7[S7=3 C7=128 Z7=1] SACols_6[X6=1 Z6=16] SARows_6[S6=3 C6=128 Z6=1] SACols_5[X5=1 Z5=16] SARows_5[S5=3 C5=128 Z5=1] SACols_4[X4=1 Z4=16] SARows_4[S4=3 C4=128 Z4=1] SACols_3[X3=1 Z3=16] SARows_3[S3=3 C3=128 Z3=1] SACols_2[X2=1 Z2=16] SARows_2[S2=3 C2=64 Z2=2] SACols_1[X1=1 Z1=16] SARows_1[S1=3 C1=64 Z1=2] SACols_0[X0=1 Z0=16] SARows_0[S0=3 C0=3 Z0=4] InRegister[P=1 Q=1 Z12=1 C12=1 R12=1 S12=1 Y11=1 X11=1 Z11=1 C11=1 R11=1 S11=1 Y10=1 X10=1 Z10=1 C10=1 R10=1 S10=1 Y9=1 X9=1 Z9=1 C9=1 R9=1 S9=1 Y8=1 X8=1 Z8=1 C8=1 R8=1 S8=1 Y7=1 X7=1 Z7=1 C7=1 R7=1 S7=1 Y6=1 X6=1 Z6=1 C6=1 R6=1 S6=1 Y5=1 X5=1 Z5=1 C5=1 R5=1 S5=1 Y4=1 X4=1 Z4=1 C4=1 R4=1 S4=1 Y3=1 X3=1 Z3=1 C3=1 R3=1 S3=1 Y2=1 X2=1 Z2=1 C2=1 R2=1 S2=1 Y1=1 X1=1 Z1=1 C1=1 R1=1 S1=1 Y0=1 X0=1 Z0=1 C0=1 R0=1 S0=1] WRegister[P=1 Q=1 Z12=1 C12=4 R12=3 S12=1 Y11=1 X11=1 Z11=1 C11=4 R11=3 S11=1 Y10=1 X10=1 Z10=1 C10=4 R10=3 S10=1 Y9=1 X9=1 Z9=1 C9=4 R9=3 S9=1 Y8=1 X8=1 Z8=1 C8=4 R8=3 S8=1 Y7=1 X7=1 Z7=1 C7=2 R7=3 S7=1 Y6=1 X6=1 Z6=1 C6=2 R6=3 S6=1 Y5=1 X5=1 Z5=1 C5=2 R5=3 S5=1 Y4=1 X4=1 Z4=1 C4=1 R4=3 S4=1 Y3=1 X3=1 Z3=1 C3=1 R3=3 S3=1 Y2=1 X2=1 Z2=1 C2=1 R2=3 S2=1 Y1=1 X1=1 Z1=1 C1=1 R1=3 S1=1 Y0=1 X0=1 Z0=1 C0=1 R0=3 S0=1] IntermediateRegister[P=1 Q=1 Z12=1 C12=1 R12=1 S12=1 Y11=1 X11=1 Z11=32 C11=1 R11=1 S11=1 Y10=1 X10=1 Z10=32 C10=1 R10=1 S10=1 Y9=1 X9=1 Z9=32 C9=1 R9=1 S9=1 Y8=1 X8=1 Z8=32 C8=1 R8=1 S8=1 Y7=1 X7=1 Z7=32 C7=1 R7=1 S7=1 Y6=1 X6=1 Z6=16 C6=1 R6=1 S6=1 Y5=1 X5=1 Z5=16 C5=1 R5=1 S5=1 Y4=1 X4=1 Z4=16 C4=1 R4=1 S4=1 Y3=1 X3=1 Z3=8 C3=1 R3=1 S3=1 Y2=1 X2=1 Z2=4 C2=1 R2=1 S2=1 Y1=1 X1=1 Z1=2 C1=1 R1=1 S1=1 Y0=1 X0=1 Z0=1 C0=1 R0=1 S0=1] OutRegister[P=1 Q=1 Z12=32 C12=1 R12=1 S12=1 Y11=1 X11=1 Z11=1 C11=1 R11=1 S11=1 Y10=1 X10=1 Z10=1 C10=1 R10=1 S10=1 Y9=1 X9=1 Z9=1 C9=1 R9=1 S9=1 Y8=1 X8=1 Z8=1 C8=1 R8=1 S8=1 Y7=1 X7=1 Z7=1 C7=1 R7=1 S7=1 Y6=1 X6=1 Z6=1 C6=1 R6=1 S6=1 Y5=1 X5=1 Z5=1 C5=1 R5=1 S5=1 Y4=1 X4=1 Z4=1 C4=1 R4=1 S4=1 Y3=1 X3=1 Z3=1 C3=1 R3=1 S3=1 Y2=1 X2=1 Z2=1 C2=1 R2=1 S2=1 Y1=1 X1=1 Z1=1 C1=1 R1=1 S1=1 Y0=1 X0=1 Z0=1 C0=1 R0=1 S0=1] Compute] 
vgg16_13layer_2026-02-25T17:46:30.100903,vgg16,13layer,full,13,eyeriss,thesis_arch,1056,524,128,512,32,1,False,True,,4.421e+05,5.455e+06,2.43e+06,"(38032062144, 18423974912)",0.0011136217508465052,0.26743292808532715,DRAM[P=14 Q=14 Z12=1 C12=1 R12=1 S12=1 Y11=14 X11=14 Z11=1 C11=1 R11=1 S11=1 Y10=14 X10=14 Z10=1 C10=1 R10=1 S10=1 Y9=28 X9=28 Z9=1 C9=1 R9=1 S9=1 Y8=28 X8=28 Z8=1 C8=1 R8=1 S8=1 Y7=28 X7=28 Z7=1 C7=1 R7=1 S7=1 Y6=56 X6=56 Z6=1 C6=1 R6=1 S6=1 Y5=56 X5=56 Z5=1 C5=1 R5=1 S5=1 Y4=56 X4=56 Z4=1 C4=1 R4=1 S4=1 Y3=112 X3=112 Z3=1 C3=1 R3=1 S3=1 Y2=112 X2=112 Z2=1 C2=1 R2=1 S2=1 Y1=224 X1=224 Z1=1 C1=1 R1=1 S1=1 Y0=224 X0=224 Z0=1 C0=1 R0=1 S0=1] GlobalBuffer[P=1 Q=1 Z12=1 C12=1 R12=1 S12=1 Y11=1 X11=1 Z11=1 C11=1 R11=1 S11=1 Y10=1 X10=1 Z10=1 C10=1 R10=1 S10=1 Y9=1 X9=1 Z9=1 C9=1 R9=1 S9=1 Y8=1 X8=1 Z8=1 C8=1 R8=1 S8=1 Y7=1 X7=1 Z7=1 C7=1 R7=1 S7=1 Y6=1 X6=1 Z6=1 C6=1 R6=1 S6=1 Y5=1 X5=1 Z5=1 C5=1 R5=1 S5=1 Y4=1 X4=1 Z4=1 C4=1 R4=1 S4=1 Y3=1 X3=1 Z3=1 C3=1 R3=1 S3=1 Y2=1 X2=1 Z2=1 C2=1 R2=1 S2=1 Y1=1 X1=1 Z1=1 C1=1 R1=1 S1=1 Y0=1 X0=1 Z0=1 C0=1 R0=1 S0=1] SACols[Q=1 Z12=32] SARows[S12=3 C12=128 Z12=1] SACols_11[X11=1 Z11=32] SARows_11[S11=3 C11=128 Z11=1] SACols_10[X10=1 Z10=32] SARows_10[S10=3 C10=128 Z10=1] SACols_9[X9=1 Z9=32] SARows_9[S9=3 C9=128 Z9=1] SACols_8[X8=1 Z8=32] SARows_8[S8=3 C8=128 Z8=1] SACols_7[X7=1 Z7=32] SARows_7[S7=3 C7=128 Z7=1] SACols_6[X6=1 Z6=32] SARows_6[S6=3 C6=128 Z6=1] SACols_5[X5=1 Z5=32] SARows_5[S5=3 C5=128 Z5=1] SACols_4[X4=1 Z4=32] SARows_4[S4=3 C4=128 Z4=1] SACols_3[X3=1 Z3=32] SARows_3[S3=3 C3=128 Z3=1] SACols_2[X2=1 Z2=32] SARows_2[S2=3 C2=64 Z2=2] SACols_1[X1=1 Z1=32] SARows_1[S1=3 C1=64 Z1=2] SACols_0[X0=1 Z0=32] SARows_0[S0=3 C0=3 Z0=2] InRegister[P=1 Q=1 Z12=1 C12=1 R12=1 S12=1 Y11=1 X11=1 Z11=1 C11=1 R11=1 S11=1 Y10=1 X10=1 Z10=1 C10=1 R10=1 S10=1 Y9=1 X9=1 Z9=1 C9=1 R9=1 S9=1 Y8=1 X8=1 Z8=1 C8=1 R8=1 S8=1 Y7=1 X7=1 Z7=1 C7=1 R7=1 S7=1 Y6=1 X6=1 Z6=1 C6=1 R6=1 S6=1 Y5=1 X5=1 Z5=1 C5=1 R5=1 S5=1 Y4=1 X4=1 Z4=1 C4=1 R4=1 S4=1 Y3=1 X3=1 Z3=1 C3=1 R3=1 S3=1 Y2=1 X2=1 Z2=1 C2=1 R2=1 S2=1 Y1=1 X1=1 Z1=1 C1=1 R1=1 S1=1 Y0=1 X0=1 Z0=1 C0=1 R0=1 S0=1] WRegister[P=1 Q=1 Z12=1 C12=4 R12=3 S12=1 Y11=1 X11=1 Z11=1 C11=4 R11=3 S11=1 Y10=1 X10=1 Z10=1 C10=4 R10=3 S10=1 Y9=1 X9=1 Z9=1 C9=4 R9=3 S9=1 Y8=1 X8=1 Z8=1 C8=4 R8=3 S8=1 Y7=1 X7=1 Z7=1 C7=2 R7=3 S7=1 Y6=1 X6=1 Z6=1 C6=2 R6=3 S6=1 Y5=1 X5=1 Z5=1 C5=2 R5=3 S5=1 Y4=1 X4=1 Z4=1 C4=1 R4=3 S4=1 Y3=1 X3=1 Z3=1 C3=1 R3=3 S3=1 Y2=1 X2=1 Z2=1 C2=1 R2=3 S2=1 Y1=1 X1=1 Z1=1 C1=1 R1=3 S1=1 Y0=1 X0=1 Z0=1 C0=1 R0=3 S0=1] IntermediateRegister[P=1 Q=1 Z12=1 C12=1 R12=1 S12=1 Y11=1 X11=1 Z11=16 C11=1 R11=1 S11=1 Y10=1 X10=1 Z10=16 C10=1 R10=1 S10=1 Y9=1 X9=1 Z9=16 C9=1 R9=1 S9=1 Y8=1 X8=1 Z8=16 C8=1 R8=1 S8=1 Y7=1 X7=1 Z7=16 C7=1 R7=1 S7=1 Y6=1 X6=1 Z6=8 C6=1 R6=1 S6=1 Y5=1 X5=1 Z5=8 C5=1 R5=1 S5=1 Y4=1 X4=1 Z4=8 C4=1 R4=1 S4=1 Y3=1 X3=1 Z3=4 C3=1 R3=1 S3=1 Y2=1 X2=1 Z2=2 C2=1 R2=1 S2=1 Y1=1 X1=1 Z1=1 C1=1 R1=1 S1=1 Y0=1 X0=1 Z0=1 C0=1 R0=1 S0=1] OutRegister[P=1 Q=1 Z12=16 C12=1 R12=1 S12=1 Y11=1 X11=1 Z11=1 C11=1 R11=1 S11=1 Y10=1 X10=1 Z10=1 C10=1 R10=1 S10=1 Y9=1 X9=1 Z9=1 C9=1 R9=1 S9=1 Y8=1 X8=1 Z8=1 C8=1 R8=1 S8=1 Y7=1 X7=1 Z7=1 C7=1 R7=1 S7=1 Y6=1 X6=1 Z6=1 C6=1 R6=1 S6=1 Y5=1 X5=1 Z5=1 C5=1 R5=1 S5=1 Y4=1 X4=1 Z4=1 C4=1 R4=1 S4=1 Y3=1 X3=1 Z3=1 C3=1 R3=1 S3=1 Y2=1 X2=1 Z2=1 C2=1 R2=1 S2=1 Y1=1 X1=1 Z1=1 C1=1 R1=1 S1=1 Y0=1 X0=1 Z0=1 C0=1 R0=1 S0=1] Compute] 
vgg16_13layer_2026-02-25T17:46:30.757947,vgg16,13layer,full,13,eyeriss,thesis_arch,1056,524,128,4,4,1,False,False,"Ill-posed constraints:
CONSTRAINTS VIOLATION: Arch: Eyeriss_Constrained_13L_tile1_4x4 -> Level: InRegister: memory footprint: 11152 VS memory available: 400
CONSTRAINTS VIOLATION: Arch: Eyeriss_Constrained_13L_tile1_4x4 -> Level: WRegister: memory footprint: 1225872 VS memory available: 5000
CONSTRAINTS VIOLATION: Arch: Eyeriss_Constrained_13L_tile1_4x4 -> Level: IntermediateRegister: memory footprint: 928 VS memory available: 350
CONSTRAINTS VIOLATION: Arch: Eyeriss_Constrained_13L_tile1_4x4 -> Level: OutRegister: memory footprint: 128 VS memory available: 64",0.000e+00,0.000e+00,0.00e+00,0,0.0,0.0,
vgg16_13layer_2026-02-25T17:46:31.114270,vgg16,13layer,full,13,eyeriss,thesis_arch,1056,524,128,4,16,1,False,False,"Ill-posed constraints:
CONSTRAINTS VIOLATION: Arch: Eyeriss_Constrained_13L_tile1_16x4 -> Level: InRegister: memory footprint: 11152 VS memory available: 400
CONSTRAINTS VIOLATION: Arch: Eyeriss_Constrained_13L_tile1_16x4 -> Level: WRegister: memory footprint: 306468 VS memory available: 5000",0.000e+00,0.000e+00,0.00e+00,0,0.0,0.0,
vgg16_13layer_2026-02-25T17:46:31.390149,vgg16,13layer,full,13,eyeriss,thesis_arch,1056,524,128,4,32,1,False,False,"Ill-posed constraints:
CONSTRAINTS VIOLATION: Arch: Eyeriss_Constrained_13L_tile1_32x4 -> Level: InRegister: memory footprint: 11152 VS memory available: 400
CONSTRAINTS VIOLATION: Arch: Eyeriss_Constrained_13L_tile1_32x4 -> Level: WRegister: memory footprint: 153234 VS memory available: 5000",0.000e+00,0.000e+00,0.00e+00,0,0.0,0.0,
vgg16_13layer_2026-02-25T17:46:31.745586,vgg16,13layer,full,13,eyeriss,thesis_arch,1056,524,128,4,64,1,False,False,"Ill-posed constraints:
CONSTRAINTS VIOLATION: Arch: Eyeriss_Constrained_13L_tile1_64x4 -> Level: InRegister: memory footprint: 11152 VS memory available: 400
CONSTRAINTS VIOLATION: Arch: Eyeriss_Constrained_13L_tile1_64x4 -> Level: WRegister: memory footprint: 76617 VS memory available: 5000",0.000e+00,0.000e+00,0.00e+00,0,0.0,0.0,
vgg16_13layer_2026-02-25T17:46:32.104359,vgg16,13layer,full,13,eyeriss,thesis_arch,1056,524,128,4,128,1,False,False,"Ill-posed constraints:
CONSTRAINTS VIOLATION: Arch: Eyeriss_Constrained_13L_tile1_128x4 -> Level: InRegister: memory footprint: 11152 VS memory available: 400
CONSTRAINTS VIOLATION: Arch: Eyeriss_Constrained_13L_tile1_128x4 -> Level: WRegister: memory footprint: 38409 VS memory available: 5000",0.000e+00,0.000e+00,0.00e+00,0,0.0,0.0,
vgg16_13layer_2026-02-25T17:46:32.377650,vgg16,13layer,full,13,eyeriss,thesis_arch,1056,524,128,4,256,1,False,False,"Ill-posed constraints:
CONSTRAINTS VIOLATION: Arch: Eyeriss_Constrained_13L_tile1_256x4 -> Level: InRegister: memory footprint: 11152 VS memory available: 400
CONSTRAINTS VIOLATION: Arch: Eyeriss_Constrained_13L_tile1_256x4 -> Level: WRegister: memory footprint: 19593 VS memory available: 5000",0.000e+00,0.000e+00,0.00e+00,0,0.0,0.0,
vgg16_13layer_2026-02-25T17:46:32.639464,vgg16,13layer,full,13,eyeriss,thesis_arch,1056,524,128,4,512,1,False,False,"Ill-posed constraints:
CONSTRAINTS VIOLATION: Arch: Eyeriss_Constrained_13L_tile1_512x4 -> Level: InRegister: memory footprint: 11152 VS memory available: 400
CONSTRAINTS VIOLATION: Arch: Eyeriss_Constrained_13L_tile1_512x4 -> Level: WRegister: memory footprint: 11145 VS memory available: 5000",0.000e+00,0.000e+00,0.00e+00,0,0.0,0.0,
vgg16_13layer_2026-02-25T17:46:32.968171,vgg16,13layer,full,13,eyeriss,thesis_arch,1056,524,128,16,4,1,False,False,"Ill-posed constraints:
CONSTRAINTS VIOLATION: Arch: Eyeriss_Constrained_13L_tile1_4x16 -> Level: InRegister: memory footprint: 2790 VS memory available: 400
CONSTRAINTS VIOLATION: Arch: Eyeriss_Constrained_13L_tile1_4x16 -> Level: WRegister: memory footprint: 306480 VS memory available: 5000
CONSTRAINTS VIOLATION: Arch: Eyeriss_Constrained_13L_tile1_4x16 -> Level: IntermediateRegister: memory footprint: 928 VS memory available: 350
CONSTRAINTS VIOLATION: Arch: Eyeriss_Constrained_13L_tile1_4x16 -> Level: OutRegister: memory footprint: 128 VS memory available: 64",0.000e+00,0.000e+00,0.00e+00,0,0.0,0.0,
vgg16_13layer_2026-02-25T17:46:33.362275,vgg16,13layer,full,13,eyeriss,thesis_arch,1056,524,128,16,16,1,False,False,"Ill-posed constraints:
CONSTRAINTS VIOLATION: Arch: Eyeriss_Constrained_13L_tile1_16x16 -> Level: InRegister: memory footprint: 2790 VS memory available: 400
CONSTRAINTS VIOLATION: Arch: Eyeriss_Constrained_13L_tile1_16x16 -> Level: WRegister: memory footprint: 76620 VS memory available: 5000",0.000e+00,0.000e+00,0.00e+00,0,0.0,0.0,
vgg16_13layer_2026-02-25T17:46:33.749569,vgg16,13layer,full,13,eyeriss,thesis_arch,1056,524,128,16,32,1,False,False,"Ill-posed constraints:
CONSTRAINTS VIOLATION: Arch: Eyeriss_Constrained_13L_tile1_32x16 -> Level: InRegister: memory footprint: 2790 VS memory available: 400
CONSTRAINTS VIOLATION: Arch: Eyeriss_Constrained_13L_tile1_32x16 -> Level: WRegister: memory footprint: 38310 VS memory available: 5000",0.000e+00,0.000e+00,0.00e+00,0,0.0,0.0,
vgg16_13layer_2026-02-25T17:46:34.012485,vgg16,13layer,full,13,eyeriss,thesis_arch,1056,524,128,16,64,1,False,False,"Ill-posed constraints:
CONSTRAINTS VIOLATION: Arch: Eyeriss_Constrained_13L_tile1_64x16 -> Level: InRegister: memory footprint: 2790 VS memory available: 400
CONSTRAINTS VIOLATION: Arch: Eyeriss_Constrained_13L_tile1_64x16 -> Level: WRegister: memory footprint: 19155 VS memory available: 5000",0.000e+00,0.000e+00,0.00e+00,0,0.0,0.0,
vgg16_13layer_2026-02-25T17:46:34.374295,vgg16,13layer,full,13,eyeriss,thesis_arch,1056,524,128,16,128,1,False,False,"Ill-posed constraints:
CONSTRAINTS VIOLATION: Arch: Eyeriss_Constrained_13L_tile1_128x16 -> Level: InRegister: memory footprint: 2790 VS memory available: 400
CONSTRAINTS VIOLATION: Arch: Eyeriss_Constrained_13L_tile1_128x16 -> Level: WRegister: memory footprint: 9603 VS memory available: 5000",0.000e+00,0.000e+00,0.00e+00,0,0.0,0.0,
vgg16_13layer_2026-02-25T17:46:34.728820,vgg16,13layer,full,13,eyeriss,thesis_arch,1056,524,128,16,256,1,False,False,"Ill-posed constraints:
CONSTRAINTS VIOLATION: Arch: Eyeriss_Constrained_13L_tile1_256x16 -> Level: InRegister: memory footprint: 2790 VS memory available: 400",0.000e+00,0.000e+00,0.00e+00,0,0.0,0.0,
vgg16_13layer_2026-02-25T17:46:35.079452,vgg16,13layer,full,13,eyeriss,thesis_arch,1056,524,128,16,512,1,False,False,"Ill-posed constraints:
CONSTRAINTS VIOLATION: Arch: Eyeriss_Constrained_13L_tile1_512x16 -> Level: InRegister: memory footprint: 2790 VS memory available: 400",0.000e+00,0.000e+00,0.00e+00,0,0.0,0.0,
vgg16_13layer_2026-02-25T17:46:35.369199,vgg16,13layer,full,13,eyeriss,thesis_arch,1056,524,128,32,4,1,False,False,"Ill-posed constraints:
CONSTRAINTS VIOLATION: Arch: Eyeriss_Constrained_13L_tile1_4x32 -> Level: InRegister: memory footprint: 1398 VS memory available: 400
CONSTRAINTS VIOLATION: Arch: Eyeriss_Constrained_13L_tile1_4x32 -> Level: WRegister: memory footprint: 153240 VS memory available: 5000
CONSTRAINTS VIOLATION: Arch: Eyeriss_Constrained_13L_tile1_4x32 -> Level: IntermediateRegister: memory footprint: 920 VS memory available: 350
CONSTRAINTS VIOLATION: Arch: Eyeriss_Constrained_13L_tile1_4x32 -> Level: OutRegister: memory footprint: 128 VS memory available: 64",0.000e+00,0.000e+00,0.00e+00,0,0.0,0.0,
vgg16_13layer_2026-02-25T17:46:35.743696,vgg16,13layer,full,13,eyeriss,thesis_arch,1056,524,128,32,16,1,False,False,"Ill-posed constraints:
CONSTRAINTS VIOLATION: Arch: Eyeriss_Constrained_13L_tile1_16x32 -> Level: InRegister: memory footprint: 1398 VS memory available: 400
CONSTRAINTS VIOLATION: Arch: Eyeriss_Constrained_13L_tile1_16x32 -> Level: WRegister: memory footprint: 38310 VS memory available: 5000",0.000e+00,0.000e+00,0.00e+00,0,0.0,0.0,
vgg16_13layer_2026-02-25T17:46:36.007244,vgg16,13layer,full,13,eyeriss,thesis_arch,1056,524,128,32,32,1,False,False,"Ill-posed constraints:
CONSTRAINTS VIOLATION: Arch: Eyeriss_Constrained_13L_tile1_32x32 -> Level: InRegister: memory footprint: 1398 VS memory available: 400
CONSTRAINTS VIOLATION: Arch: Eyeriss_Constrained_13L_tile1_32x32 -> Level: WRegister: memory footprint: 19155 VS memory available: 5000",0.000e+00,0.000e+00,0.00e+00,0,0.0,0.0,
vgg16_13layer_2026-02-25T17:46:36.262359,vgg16,13layer,full,13,eyeriss,thesis_arch,1056,524,128,32,64,1,False,False,"Ill-posed constraints:
CONSTRAINTS VIOLATION: Arch: Eyeriss_Constrained_13L_tile1_64x32 -> Level: InRegister: memory footprint: 1398 VS memory available: 400
CONSTRAINTS VIOLATION: Arch: Eyeriss_Constrained_13L_tile1_64x32 -> Level: WRegister: memory footprint: 9579 VS memory available: 5000",0.000e+00,0.000e+00,0.00e+00,0,0.0,0.0,
vgg16_13layer_2026-02-25T17:46:36.617511,vgg16,13layer,full,13,eyeriss,thesis_arch,1056,524,128,32,128,1,False,False,"Ill-posed constraints:
CONSTRAINTS VIOLATION: Arch: Eyeriss_Constrained_13L_tile1_128x32 -> Level: InRegister: memory footprint: 1398 VS memory available: 400",0.000e+00,0.000e+00,0.00e+00,0,0.0,0.0,
vgg16_13layer_2026-02-25T17:46:36.945185,vgg16,13layer,full,13,eyeriss,thesis_arch,1056,524,128,32,256,1,False,False,"Ill-posed constraints:
CONSTRAINTS VIOLATION: Arch: Eyeriss_Constrained_13L_tile1_256x32 -> Level: InRegister: memory footprint: 1398 VS memory available: 400",0.000e+00,0.000e+00,0.00e+00,0,0.0,0.0,
vgg16_13layer_2026-02-25T17:46:37.295379,vgg16,13layer,full,13,eyeriss,thesis_arch,1056,524,128,32,512,1,False,False,"Ill-posed constraints:
CONSTRAINTS VIOLATION: Arch: Eyeriss_Constrained_13L_tile1_512x32 -> Level: InRegister: memory footprint: 1398 VS memory available: 400",0.000e+00,0.000e+00,0.00e+00,0,0.0,0.0,
vgg16_13layer_2026-02-25T17:46:37.648154,vgg16,13layer,full,13,eyeriss,thesis_arch,1056,524,128,64,4,1,False,False,"Ill-posed constraints:
CONSTRAINTS VIOLATION: Arch: Eyeriss_Constrained_13L_tile1_4x64 -> Level: InRegister: memory footprint: 702 VS memory available: 400
CONSTRAINTS VIOLATION: Arch: Eyeriss_Constrained_13L_tile1_4x64 -> Level: WRegister: memory footprint: 76620 VS memory available: 5000
CONSTRAINTS VIOLATION: Arch: Eyeriss_Constrained_13L_tile1_4x64 -> Level: IntermediateRegister: memory footprint: 916 VS memory available: 350
CONSTRAINTS VIOLATION: Arch: Eyeriss_Constrained_13L_tile1_4x64 -> Level: OutRegister: memory footprint: 128 VS memory available: 64",0.000e+00,0.000e+00,0.00e+00,0,0.0,0.0,
vgg16_13layer_2026-02-25T17:46:38.002641,vgg16,13layer,full,13,eyeriss,thesis_arch,1056,524,128,64,16,1,False,False,"Ill-posed constraints:
CONSTRAINTS VIOLATION: Arch: Eyeriss_Constrained_13L_tile1_16x64 -> Level: InRegister: memory footprint: 702 VS memory available: 400
CONSTRAINTS VIOLATION: Arch: Eyeriss_Constrained_13L_tile1_16x64 -> Level: WRegister: memory footprint: 19155 VS memory available: 5000",0.000e+00,0.000e+00,0.00e+00,0,0.0,0.0,
vgg16_13layer_2026-02-25T17:46:38.257950,vgg16,13layer,full,13,eyeriss,thesis_arch,1056,524,128,64,32,1,False,False,"Ill-posed constraints:
CONSTRAINTS VIOLATION: Arch: Eyeriss_Constrained_13L_tile1_32x64 -> Level: InRegister: memory footprint: 702 VS memory available: 400
CONSTRAINTS VIOLATION: Arch: Eyeriss_Constrained_13L_tile1_32x64 -> Level: WRegister: memory footprint: 9579 VS memory available: 5000",0.000e+00,0.000e+00,0.00e+00,0,0.0,0.0,
vgg16_13layer_2026-02-25T17:46:38.603117,vgg16,13layer,full,13,eyeriss,thesis_arch,1056,524,128,64,64,1,False,False,"Ill-posed constraints:
CONSTRAINTS VIOLATION: Arch: Eyeriss_Constrained_13L_tile1_64x64 -> Level: InRegister: memory footprint: 702 VS memory available: 400",0.000e+00,0.000e+00,0.00e+00,0,0.0,0.0,
vgg16_13layer_2026-02-25T17:46:38.938554,vgg16,13layer,full,13,eyeriss,thesis_arch,1056,524,128,64,128,1,False,False,"Ill-posed constraints:
CONSTRAINTS VIOLATION: Arch: Eyeriss_Constrained_13L_tile1_128x64 -> Level: InRegister: memory footprint: 702 VS memory available: 400",0.000e+00,0.000e+00,0.00e+00,0,0.0,0.0,
vgg16_13layer_2026-02-25T17:46:39.276946,vgg16,13layer,full,13,eyeriss,thesis_arch,1056,524,128,64,256,1,False,False,"Ill-posed constraints:
CONSTRAINTS VIOLATION: Arch: Eyeriss_Constrained_13L_tile1_256x64 -> Level: InRegister: memory footprint: 702 VS memory available: 400",0.000e+00,0.000e+00,0.00e+00,0,0.0,0.0,
vgg16_13layer_2026-02-25T17:46:39.558807,vgg16,13layer,full,13,eyeriss,thesis_arch,1056,524,128,128,4,1,False,False,"Ill-posed constraints:
CONSTRAINTS VIOLATION: Arch: Eyeriss_Constrained_13L_tile1_4x128 -> Level: WRegister: memory footprint: 38310 VS memory available: 5000
CONSTRAINTS VIOLATION: Arch: Eyeriss_Constrained_13L_tile1_4x128 -> Level: IntermediateRegister: memory footprint: 914 VS memory available: 350
CONSTRAINTS VIOLATION: Arch: Eyeriss_Constrained_13L_tile1_4x128 -> Level: OutRegister: memory footprint: 128 VS memory available: 64",0.000e+00,0.000e+00,0.00e+00,0,0.0,0.0,
vgg16_13layer_2026-02-25T17:46:39.923316,vgg16,13layer,full,13,eyeriss,thesis_arch,1056,524,128,128,16,1,False,False,"Ill-posed constraints:
CONSTRAINTS VIOLATION: Arch: Eyeriss_Constrained_13L_tile1_16x128 -> Level: WRegister: memory footprint: 9579 VS memory available: 5000",0.000e+00,0.000e+00,0.00e+00,0,0.0,0.0,
vgg16_13layer_2026-02-25T17:46:40.212460,vgg16,13layer,full,13,eyeriss,thesis_arch,1056,524,128,128,32,1,False,True,,4.329e+05,6.715e+06,2.92e+06,"(34852910784, 16400878592)",0.004454487003386021,0.2575185298919678,DRAM[P=14 Q=14 Z12=1 C12=1 R12=1 S12=1 Y11=14 X11=14 Z11=1 C11=1 R11=1 S11=1 Y10=14 X10=14 Z10=1 C10=1 R10=1 S10=1 Y9=28 X9=28 Z9=1 C9=1 R9=1 S9=1 Y8=28 X8=28 Z8=1 C8=1 R8=1 S8=1 Y7=28 X7=28 Z7=1 C7=1 R7=1 S7=1 Y6=56 X6=56 Z6=1 C6=1 R6=1 S6=1 Y5=56 X5=56 Z5=1 C5=1 R5=1 S5=1 Y4=56 X4=56 Z4=1 C4=1 R4=1 S4=1 Y3=112 X3=112 Z3=1 C3=1 R3=1 S3=1 Y2=112 X2=112 Z2=1 C2=1 R2=1 S2=1 Y1=224 X1=224 Z1=1 C1=1 R1=1 S1=1 Y0=224 X0=224 Z0=1 C0=1 R0=1 S0=1] GlobalBuffer[P=1 Q=1 Z12=1 C12=1 R12=1 S12=1 Y11=1 X11=1 Z11=1 C11=1 R11=1 S11=1 Y10=1 X10=1 Z10=1 C10=1 R10=1 S10=1 Y9=1 X9=1 Z9=1 C9=1 R9=1 S9=1 Y8=1 X8=1 Z8=1 C8=1 R8=1 S8=1 Y7=1 X7=1 Z7=1 C7=1 R7=1 S7=1 Y6=1 X6=1 Z6=1 C6=1 R6=1 S6=1 Y5=1 X5=1 Z5=1 C5=1 R5=1 S5=1 Y4=1 X4=1 Z4=1 C4=1 R4=1 S4=1 Y3=1 X3=1 Z3=1 C3=1 R3=1 S3=1 Y2=1 X2=1 Z2=1 C2=1 R2=1 S2=1 Y1=1 X1=1 Z1=1 C1=1 R1=1 S1=1 Y0=1 X0=1 Z0=1 C0=1 R0=1 S0=1] SACols[Q=1 Z12=32] SARows[S12=3 C12=32 Z12=1] SACols_11[X11=1 Z11=32] SARows_11[S11=3 C11=32 Z11=1] SACols_10[X10=1 Z10=32] SARows_10[S10=3 C10=32 Z10=1] SACols_9[X9=1 Z9=32] SARows_9[S9=3 C9=32 Z9=1] SACols_8[X8=1 Z8=32] SARows_8[S8=3 C8=32 Z8=1] SACols_7[X7=1 Z7=32] SARows_7[S7=3 C7=32 Z7=1] SACols_6[X6=1 Z6=32] SARows_6[S6=3 C6=32 Z6=1] SACols_5[X5=1 Z5=32] SARows_5[S5=3 C5=32 Z5=1] SACols_4[X4=1 Z4=32] SARows_4[S4=3 C4=32 Z4=1] SACols_3[X3=1 Z3=32] SARows_3[S3=3 C3=32 Z3=1] SACols_2[X2=1 Z2=32] SARows_2[S2=3 C2=32 Z2=1] SACols_1[X1=1 Z1=32] SARows_1[S1=3 C1=32 Z1=1] SACols_0[X0=1 Z0=32] SARows_0[S0=3 C0=3 Z0=2] InRegister[P=1 Q=1 Z12=1 C12=1 R12=1 S12=1 Y11=1 X11=1 Z11=1 C11=1 R11=1 S11=1 Y10=1 X10=1 Z10=1 C10=1 R10=1 S10=1 Y9=1 X9=1 Z9=1 C9=1 R9=1 S9=1 Y8=1 X8=1 Z8=1 C8=1 R8=1 S8=1 Y7=1 X7=1 Z7=1 C7=1 R7=1 S7=1 Y6=1 X6=1 Z6=1 C6=1 R6=1 S6=1 Y5=1 X5=1 Z5=1 C5=1 R5=1 S5=1 Y4=1 X4=1 Z4=1 C4=1 R4=1 S4=1 Y3=1 X3=1 Z3=1 C3=1 R3=1 S3=1 Y2=1 X2=1 Z2=1 C2=1 R2=1 S2=1 Y1=1 X1=1 Z1=1 C1=1 R1=1 S1=1 Y0=1 X0=1 Z0=1 C0=1 R0=1 S0=1] WRegister[P=1 Q=1 Z12=1 C12=16 R12=3 S12=1 Y11=1 X11=1 Z11=1 C11=16 R11=3 S11=1 Y10=1 X10=1 Z10=1 C10=16 R10=3 S10=1 Y9=1 X9=1 Z9=1 C9=16 R9=3 S9=1 Y8=1 X8=1 Z8=1 C8=16 R8=3 S8=1 Y7=1 X7=1 Z7=1 C7=8 R7=3 S7=1 Y6=1 X6=1 Z6=1 C6=8 R6=3 S6=1 Y5=1 X5=1 Z5=1 C5=8 R5=3 S5=1 Y4=1 X4=1 Z4=1 C4=4 R4=3 S4=1 Y3=1 X3=1 Z3=1 C3=4 R3=3 S3=1 Y2=1 X2=1 Z2=1 C2=2 R2=3 S2=1 Y1=1 X1=1 Z1=1 C1=2 R1=3 S1=1 Y0=1 X0=1 Z0=1 C0=1 R0=3 S0=1] IntermediateRegister[P=1 Q=1 Z12=1 C12=1 R12=1 S12=1 Y11=1 X11=1 Z11=16 C11=1 R11=1 S11=1 Y10=1 X10=1 Z10=16 C10=1 R10=1 S10=1 Y9=1 X9=1 Z9=16 C9=1 R9=1 S9=1 Y8=1 X8=1 Z8=16 C8=1 R8=1 S8=1 Y7=1 X7=1 Z7=16 C7=1 R7=1 S7=1 Y6=1 X6=1 Z6=8 C6=1 R6=1 S6=1 Y5=1 X5=1 Z5=8 C5=1 R5=1 S5=1 Y4=1 X4=1 Z4=8 C4=1 R4=1 S4=1 Y3=1 X3=1 Z3=4 C3=1 R3=1 S3=1 Y2=1 X2=1 Z2=4 C2=1 R2=1 S2=1 Y1=1 X1=1 Z1=2 C1=1 R1=1 S1=1 Y0=1 X0=1 Z0=1 C0=1 R0=1 S0=1] OutRegister[P=1 Q=1 Z12=16 C12=1 R12=1 S12=1 Y11=1 X11=1 Z11=1 C11=1 R11=1 S11=1 Y10=1 X10=1 Z10=1 C10=1 R10=1 S10=1 Y9=1 X9=1 Z9=1 C9=1 R9=1 S9=1 Y8=1 X8=1 Z8=1 C8=1 R8=1 S8=1 Y7=1 X7=1 Z7=1 C7=1 R7=1 S7=1 Y6=1 X6=1 Z6=1 C6=1 R6=1 S6=1 Y5=1 X5=1 Z5=1 C5=1 R5=1 S5=1 Y4=1 X4=1 Z4=1 C4=1 R4=1 S4=1 Y3=1 X3=1 Z3=1 C3=1 R3=1 S3=1 Y2=1 X2=1 Z2=1 C2=1 R2=1 S2=1 Y1=1 X1=1 Z1=1 C1=1 R1=1 S1=1 Y0=1 X0=1 Z0=1 C0=1 R0=1 S0=1] Compute] 
vgg16_13layer_2026-02-25T17:46:40.854554,vgg16,13layer,full,13,eyeriss,thesis_arch,1056,524,128,128,64,1,False,True,,4.379e+05,5.681e+06,2.51e+06,"(37396231872, 16400878592)",0.0022272435016930103,0.2047562599182129,DRAM[P=14 Q=14 Z12=1 C12=1 R12=1 S12=1 Y11=14 X11=14 Z11=1 C11=1 R11=1 S11=1 Y10=14 X10=14 Z10=1 C10=1 R10=1 S10=1 Y9=28 X9=28 Z9=1 C9=1 R9=1 S9=1 Y8=28 X8=28 Z8=1 C8=1 R8=1 S8=1 Y7=28 X7=28 Z7=1 C7=1 R7=1 S7=1 Y6=56 X6=56 Z6=1 C6=1 R6=1 S6=1 Y5=56 X5=56 Z5=1 C5=1 R5=1 S5=1 Y4=56 X4=56 Z4=1 C4=1 R4=1 S4=1 Y3=112 X3=112 Z3=1 C3=1 R3=1 S3=1 Y2=112 X2=112 Z2=1 C2=1 R2=1 S2=1 Y1=224 X1=224 Z1=1 C1=1 R1=1 S1=1 Y0=224 X0=224 Z0=1 C0=1 R0=1 S0=1] GlobalBuffer[P=1 Q=1 Z12=1 C12=1 R12=1 S12=1 Y11=1 X11=1 Z11=1 C11=1 R11=1 S11=1 Y10=1 X10=1 Z10=1 C10=1 R10=1 S10=1 Y9=1 X9=1 Z9=1 C9=1 R9=1 S9=1 Y8=1 X8=1 Z8=1 C8=1 R8=1 S8=1 Y7=1 X7=1 Z7=1 C7=1 R7=1 S7=1 Y6=1 X6=1 Z6=1 C6=1 R6=1 S6=1 Y5=1 X5=1 Z5=1 C5=1 R5=1 S5=1 Y4=1 X4=1 Z4=1 C4=1 R4=1 S4=1 Y3=1 X3=1 Z3=1 C3=1 R3=1 S3=1 Y2=1 X2=1 Z2=1 C2=1 R2=1 S2=1 Y1=1 X1=1 Z1=1 C1=1 R1=1 S1=1 Y0=1 X0=1 Z0=1 C0=1 R0=1 S0=1] SACols[Q=1 Z12=64] SARows[S12=3 C12=32 Z12=1] SACols_11[X11=1 Z11=64] SARows_11[S11=3 C11=32 Z11=1] SACols_10[X10=1 Z10=64] SARows_10[S10=3 C10=32 Z10=1] SACols_9[X9=1 Z9=64] SARows_9[S9=3 C9=32 Z9=1] SACols_8[X8=1 Z8=64] SARows_8[S8=3 C8=32 Z8=1] SACols_7[X7=1 Z7=64] SARows_7[S7=3 C7=32 Z7=1] SACols_6[X6=1 Z6=64] SARows_6[S6=3 C6=32 Z6=1] SACols_5[X5=1 Z5=64] SARows_5[S5=3 C5=32 Z5=1] SACols_4[X4=1 Z4=64] SARows_4[S4=3 C4=32 Z4=1] SACols_3[X3=1 Z3=64] SARows_3[S3=3 C3=32 Z3=1] SACols_2[X2=1 Z2=64] SARows_2[S2=3 C2=32 Z2=1] SACols_1[X1=1 Z1=64] SARows_1[S1=3 C1=32 Z1=1] SACols_0[X0=1 Z0=64] SARows_0[S0=3 C0=3 Z0=1] InRegister[P=1 Q=1 Z12=1 C12=1 R12=1 S12=1 Y11=1 X11=1 Z11=1 C11=1 R11=1 S11=1 Y10=1 X10=1 Z10=1 C10=1 R10=1 S10=1 Y9=1 X9=1 Z9=1 C9=1 R9=1 S9=1 Y8=1 X8=1 Z8=1 C8=1 R8=1 S8=1 Y7=1 X7=1 Z7=1 C7=1 R7=1 S7=1 Y6=1 X6=1 Z6=1 C6=1 R6=1 S6=1 Y5=1 X5=1 Z5=1 C5=1 R5=1 S5=1 Y4=1 X4=1 Z4=1 C4=1 R4=1 S4=1 Y3=1 X3=1 Z3=1 C3=1 R3=1 S3=1 Y2=1 X2=1 Z2=1 C2=1 R2=1 S2=1 Y1=1 X1=1 Z1=1 C1=1 R1=1 S1=1 Y0=1 X0=1 Z0=1 C0=1 R0=1 S0=1] WRegister[P=1 Q=1 Z12=1 C12=16 R12=3 S12=1 Y11=1 X11=1 Z11=1 C11=16 R11=3 S11=1 Y10=1 X10=1 Z10=1 C10=16 R10=3 S10=1 Y9=1 X9=1 Z9=1 C9=16 R9=3 S9=1 Y8=1 X8=1 Z8=1 C8=16 R8=3 S8=1 Y7=1 X7=1 Z7=1 C7=8 R7=3 S7=1 Y6=1 X6=1 Z6=1 C6=8 R6=3 S6=1 Y5=1 X5=1 Z5=1 C5=8 R5=3 S5=1 Y4=1 X4=1 Z4=1 C4=4 R4=3 S4=1 Y3=1 X3=1 Z3=1 C3=4 R3=3 S3=1 Y2=1 X2=1 Z2=1 C2=2 R2=3 S2=1 Y1=1 X1=1 Z1=1 C1=2 R1=3 S1=1 Y0=1 X0=1 Z0=1 C0=1 R0=3 S0=1] IntermediateRegister[P=1 Q=1 Z12=1 C12=1 R12=1 S12=1 Y11=1 X11=1 Z11=8 C11=1 R11=1 S11=1 Y10=1 X10=1 Z10=8 C10=1 R10=1 S10=1 Y9=1 X9=1 Z9=8 C9=1 R9=1 S9=1 Y8=1 X8=1 Z8=8 C8=1 R8=1 S8=1 Y7=1 X7=1 Z7=8 C7=1 R7=1 S7=1 Y6=1 X6=1 Z6=4 C6=1 R6=1 S6=1 Y5=1 X5=1 Z5=4 C5=1 R5=1 S5=1 Y4=1 X4=1 Z4=4 C4=1 R4=1 S4=1 Y3=1 X3=1 Z3=2 C3=1 R3=1 S3=1 Y2=1 X2=1 Z2=2 C2=1 R2=1 S2=1 Y1=1 X1=1 Z1=1 C1=1 R1=1 S1=1 Y0=1 X0=1 Z0=1 C0=1 R0=1 S0=1] OutRegister[P=1 Q=1 Z12=8 C12=1 R12=1 S12=1 Y11=1 X11=1 Z11=1 C11=1 R11=1 S11=1 Y10=1 X10=1 Z10=1 C10=1 R10=1 S10=1 Y9=1 X9=1 Z9=1 C9=1 R9=1 S9=1 Y8=1 X8=1 Z8=1 C8=1 R8=1 S8=1 Y7=1 X7=1 Z7=1 C7=1 R7=1 S7=1 Y6=1 X6=1 Z6=1 C6=1 R6=1 S6=1 Y5=1 X5=1 Z5=1 C5=1 R5=1 S5=1 Y4=1 X4=1 Z4=1 C4=1 R4=1 S4=1 Y3=1 X3=1 Z3=1 C3=1 R3=1 S3=1 Y2=1 X2=1 Z2=1 C2=1 R2=1 S2=1 Y1=1 X1=1 Z1=1 C1=1 R1=1 S1=1 Y0=1 X0=1 Z0=1 C0=1 R0=1 S0=1] Compute] 
vgg16_13layer_2026-02-25T17:46:41.433676,vgg16,13layer,full,13,eyeriss,thesis_arch,1056,524,128,128,128,1,False,True,,4.443e+05,5.455e+06,2.46e+06,"(40633185984, 16400878592)",0.0005568108754232526,0.2357625961303711,DRAM[P=14 Q=14 Z12=1 C12=1 R12=1 S12=1 Y11=14 X11=14 Z11=1 C11=1 R11=1 S11=1 Y10=14 X10=14 Z10=1 C10=1 R10=1 S10=1 Y9=28 X9=28 Z9=1 C9=1 R9=1 S9=1 Y8=28 X8=28 Z8=1 C8=1 R8=1 S8=1 Y7=28 X7=28 Z7=1 C7=1 R7=1 S7=1 Y6=56 X6=56 Z6=1 C6=1 R6=1 S6=1 Y5=56 X5=56 Z5=1 C5=1 R5=1 S5=1 Y4=56 X4=56 Z4=1 C4=1 R4=1 S4=1 Y3=112 X3=112 Z3=1 C3=1 R3=1 S3=1 Y2=112 X2=112 Z2=1 C2=1 R2=1 S2=1 Y1=224 X1=224 Z1=1 C1=1 R1=1 S1=1 Y0=224 X0=224 Z0=1 C0=1 R0=1 S0=1] GlobalBuffer[P=1 Q=1 Z12=1 C12=1 R12=1 S12=1 Y11=1 X11=1 Z11=1 C11=1 R11=1 S11=1 Y10=1 X10=1 Z10=1 C10=1 R10=1 S10=1 Y9=1 X9=1 Z9=1 C9=1 R9=1 S9=1 Y8=1 X8=1 Z8=1 C8=1 R8=1 S8=1 Y7=1 X7=1 Z7=1 C7=1 R7=1 S7=1 Y6=1 X6=1 Z6=1 C6=1 R6=1 S6=1 Y5=1 X5=1 Z5=1 C5=1 R5=1 S5=1 Y4=1 X4=1 Z4=1 C4=1 R4=1 S4=1 Y3=1 X3=1 Z3=1 C3=1 R3=1 S3=1 Y2=1 X2=1 Z2=1 C2=1 R2=1 S2=1 Y1=1 X1=1 Z1=1 C1=1 R1=1 S1=1 Y0=1 X0=1 Z0=1 C0=1 R0=1 S0=1] SACols[Q=1 Z12=128] SARows[S12=3 C12=32 Z12=1] SACols_11[X11=1 Z11=128] SARows_11[S11=3 C11=32 Z11=1] SACols_10[X10=1 Z10=128] SARows_10[S10=3 C10=32 Z10=1] SACols_9[X9=1 Z9=128] SARows_9[S9=3 C9=32 Z9=1] SACols_8[X8=1 Z8=128] SARows_8[S8=3 C8=32 Z8=1] SACols_7[X7=1 Z7=128] SARows_7[S7=3 C7=32 Z7=1] SACols_6[X6=1 Z6=128] SARows_6[S6=3 C6=32 Z6=1] SACols_5[X5=1 Z5=128] SARows_5[S5=3 C5=32 Z5=1] SACols_4[X4=1 Z4=128] SARows_4[S4=3 C4=32 Z4=1] SACols_3[X3=1 Z3=128] SARows_3[S3=3 C3=32 Z3=1] SACols_2[X2=1 Z2=128] SARows_2[S2=3 C2=32 Z2=1] SACols_1[X1=1 Z1=64] SARows_1[S1=3 C1=32 Z1=1] SACols_0[X0=1 Z0=64] SARows_0[S0=3 C0=3 Z0=1] InRegister[P=1 Q=1 Z12=1 C12=1 R12=1 S12=1 Y11=1 X11=1 Z11=1 C11=1 R11=1 S11=1 Y10=1 X10=1 Z10=1 C10=1 R10=1 S10=1 Y9=1 X9=1 Z9=1 C9=1 R9=1 S9=1 Y8=1 X8=1 Z8=1 C8=1 R8=1 S8=1 Y7=1 X7=1 Z7=1 C7=1 R7=1 S7=1 Y6=1 X6=1 Z6=1 C6=1 R6=1 S6=1 Y5=1 X5=1 Z5=1 C5=1 R5=1 S5=1 Y4=1 X4=1 Z4=1 C4=1 R4=1 S4=1 Y3=1 X3=1 Z3=1 C3=1 R3=1 S3=1 Y2=1 X2=1 Z2=1 C2=1 R2=1 S2=1 Y1=1 X1=1 Z1=1 C1=1 R1=1 S1=1 Y0=1 X0=1 Z0=1 C0=1 R0=1 S0=1] WRegister[P=1 Q=1 Z12=1 C12=16 R12=3 S12=1 Y11=1 X11=1 Z11=1 C11=16 R11=3 S11=1 Y10=1 X10=1 Z10=1 C10=16 R10=3 S10=1 Y9=1 X9=1 Z9=1 C9=16 R9=3 S9=1 Y8=1 X8=1 Z8=1 C8=16 R8=3 S8=1 Y7=1 X7=1 Z7=1 C7=8 R7=3 S7=1 Y6=1 X6=1 Z6=1 C6=8 R6=3 S6=1 Y5=1 X5=1 Z5=1 C5=8 R5=3 S5=1 Y4=1 X4=1 Z4=1 C4=4 R4=3 S4=1 Y3=1 X3=1 Z3=1 C3=4 R3=3 S3=1 Y2=1 X2=1 Z2=1 C2=2 R2=3 S2=1 Y1=1 X1=1 Z1=1 C1=2 R1=3 S1=1 Y0=1 X0=1 Z0=1 C0=1 R0=3 S0=1] IntermediateRegister[P=1 Q=1 Z12=1 C12=1 R12=1 S12=1 Y11=1 X11=1 Z11=4 C11=1 R11=1 S11=1 Y10=1 X10=1 Z10=4 C10=1 R10=1 S10=1 Y9=1 X9=1 Z9=4 C9=1 R9=1 S9=1 Y8=1 X8=1 Z8=4 C8=1 R8=1 S8=1 Y7=1 X7=1 Z7=4 C7=1 R7=1 S7=1 Y6=1 X6=1 Z6=2 C6=1 R6=1 S6=1 Y5=1 X5=1 Z5=2 C5=1 R5=1 S5=1 Y4=1 X4=1 Z4=2 C4=1 R4=1 S4=1 Y3=1 X3=1 Z3=1 C3=1 R3=1 S3=1 Y2=1 X2=1 Z2=1 C2=1 R2=1 S2=1 Y1=1 X1=1 Z1=1 C1=1 R1=1 S1=1 Y0=1 X0=1 Z0=1 C0=1 R0=1 S0=1] OutRegister[P=1 Q=1 Z12=4 C12=1 R12=1 S12=1 Y11=1 X11=1 Z11=1 C11=1 R11=1 S11=1 Y10=1 X10=1 Z10=1 C10=1 R10=1 S10=1 Y9=1 X9=1 Z9=1 C9=1 R9=1 S9=1 Y8=1 X8=1 Z8=1 C8=1 R8=1 S8=1 Y7=1 X7=1 Z7=1 C7=1 R7=1 S7=1 Y6=1 X6=1 Z6=1 C6=1 R6=1 S6=1 Y5=1 X5=1 Z5=1 C5=1 R5=1 S5=1 Y4=1 X4=1 Z4=1 C4=1 R4=1 S4=1 Y3=1 X3=1 Z3=1 C3=1 R3=1 S3=1 Y2=1 X2=1 Z2=1 C2=1 R2=1 S2=1 Y1=1 X1=1 Z1=1 C1=1 R1=1 S1=1 Y0=1 X0=1 Z0=1 C0=1 R0=1 S0=1] Compute] 
vgg16_13layer_2026-02-25T17:46:42.000204,vgg16,13layer,full,13,eyeriss,thesis_arch,1056,524,128,256,4,1,False,False,"Ill-posed constraints:
CONSTRAINTS VIOLATION: Arch: Eyeriss_Constrained_13L_tile1_4x256 -> Level: WRegister: memory footprint: 19155 VS memory available: 5000
CONSTRAINTS VIOLATION: Arch: Eyeriss_Constrained_13L_tile1_4x256 -> Level: IntermediateRegister: memory footprint: 913 VS memory available: 350
CONSTRAINTS VIOLATION: Arch: Eyeriss_Constrained_13L_tile1_4x256 -> Level: OutRegister: memory footprint: 128 VS memory available: 64",0.000e+00,0.000e+00,0.00e+00,0,0.0,0.0,
vgg16_13layer_2026-02-25T17:46:42.367033,vgg16,13layer,full,13,eyeriss,thesis_arch,1056,524,128,256,16,1,False,True,,4.338e+05,6.715e+06,2.92e+06,"(34563897024, 17383525376)",0.004454487003386021,0.24254441261291504,DRAM[P=14 Q=14 Z12=1 C12=1 R12=1 S12=1 Y11=14 X11=14 Z11=1 C11=1 R11=1 S11=1 Y10=14 X10=14 Z10=1 C10=1 R10=1 S10=1 Y9=28 X9=28 Z9=1 C9=1 R9=1 S9=1 Y8=28 X8=28 Z8=1 C8=1 R8=1 S8=1 Y7=28 X7=28 Z7=1 C7=1 R7=1 S7=1 Y6=56 X6=56 Z6=1 C6=1 R6=1 S6=1 Y5=56 X5=56 Z5=1 C5=1 R5=1 S5=1 Y4=56 X4=56 Z4=1 C4=1 R4=1 S4=1 Y3=112 X3=112 Z3=1 C3=1 R3=1 S3=1 Y2=112 X2=112 Z2=1 C2=1 R2=1 S2=1 Y1=224 X1=224 Z1=1 C1=1 R1=1 S1=1 Y0=224 X0=224 Z0=1 C0=1 R0=1 S0=1] GlobalBuffer[P=1 Q=1 Z12=1 C12=1 R12=1 S12=1 Y11=1 X11=1 Z11=1 C11=1 R11=1 S11=1 Y10=1 X10=1 Z10=1 C10=1 R10=1 S10=1 Y9=1 X9=1 Z9=1 C9=1 R9=1 S9=1 Y8=1 X8=1 Z8=1 C8=1 R8=1 S8=1 Y7=1 X7=1 Z7=1 C7=1 R7=1 S7=1 Y6=1 X6=1 Z6=1 C6=1 R6=1 S6=1 Y5=1 X5=1 Z5=1 C5=1 R5=1 S5=1 Y4=1 X4=1 Z4=1 C4=1 R4=1 S4=1 Y3=1 X3=1 Z3=1 C3=1 R3=1 S3=1 Y2=1 X2=1 Z2=1 C2=1 R2=1 S2=1 Y1=1 X1=1 Z1=1 C1=1 R1=1 S1=1 Y0=1 X0=1 Z0=1 C0=1 R0=1 S0=1] SACols[Q=1 Z12=16] SARows[S12=3 C12=64 Z12=1] SACols_11[X11=1 Z11=16] SARows_11[S11=3 C11=64 Z11=1] SACols_10[X10=1 Z10=16] SARows_10[S10=3 C10=64 Z10=1] SACols_9[X9=1 Z9=16] SARows_9[S9=3 C9=64 Z9=1] SACols_8[X8=1 Z8=16] SARows_8[S8=3 C8=64 Z8=1] SACols_7[X7=1 Z7=16] SARows_7[S7=3 C7=64 Z7=1] SACols_6[X6=1 Z6=16] SARows_6[S6=3 C6=64 Z6=1] SACols_5[X5=1 Z5=16] SARows_5[S5=3 C5=64 Z5=1] SACols_4[X4=1 Z4=16] SARows_4[S4=3 C4=64 Z4=1] SACols_3[X3=1 Z3=16] SARows_3[S3=3 C3=64 Z3=1] SACols_2[X2=1 Z2=16] SARows_2[S2=3 C2=64 Z2=1] SACols_1[X1=1 Z1=16] SARows_1[S1=3 C1=64 Z1=1] SACols_0[X0=1 Z0=16] SARows_0[S0=3 C0=3 Z0=4] InRegister[P=1 Q=1 Z12=1 C12=1 R12=1 S12=1 Y11=1 X11=1 Z11=1 C11=1 R11=1 S11=1 Y10=1 X10=1 Z10=1 C10=1 R10=1 S10=1 Y9=1 X9=1 Z9=1 C9=1 R9=1 S9=1 Y8=1 X8=1 Z8=1 C8=1 R8=1 S8=1 Y7=1 X7=1 Z7=1 C7=1 R7=1 S7=1 Y6=1 X6=1 Z6=1 C6=1 R6=1 S6=1 Y5=1 X5=1 Z5=1 C5=1 R5=1 S5=1 Y4=1 X4=1 Z4=1 C4=1 R4=1 S4=1 Y3=1 X3=1 Z3=1 C3=1 R3=1 S3=1 Y2=1 X2=1 Z2=1 C2=1 R2=1 S2=1 Y1=1 X1=1 Z1=1 C1=1 R1=1 S1=1 Y0=1 X0=1 Z0=1 C0=1 R0=1 S0=1] WRegister[P=1 Q=1 Z12=1 C12=8 R12=3 S12=1 Y11=1 X11=1 Z11=1 C11=8 R11=3 S11=1 Y10=1 X10=1 Z10=1 C10=8 R10=3 S10=1 Y9=1 X9=1 Z9=1 C9=8 R9=3 S9=1 Y8=1 X8=1 Z8=1 C8=8 R8=3 S8=1 Y7=1 X7=1 Z7=1 C7=4 R7=3 S7=1 Y6=1 X6=1 Z6=1 C6=4 R6=3 S6=1 Y5=1 X5=1 Z5=1 C5=4 R5=3 S5=1 Y4=1 X4=1 Z4=1 C4=2 R4=3 S4=1 Y3=1 X3=1 Z3=1 C3=2 R3=3 S3=1 Y2=1 X2=1 Z2=1 C2=1 R2=3 S2=1 Y1=1 X1=1 Z1=1 C1=1 R1=3 S1=1 Y0=1 X0=1 Z0=1 C0=1 R0=3 S0=1] IntermediateRegister[P=1 Q=1 Z12=1 C12=1 R12=1 S12=1 Y11=1 X11=1 Z11=32 C11=1 R11=1 S11=1 Y10=1 X10=1 Z10=32 C10=1 R10=1 S10=1 Y9=1 X9=1 Z9=32 C9=1 R9=1 S9=1 Y8=1 X8=1 Z8=32 C8=1 R8=1 S8=1 Y7=1 X7=1 Z7=32 C7=1 R7=1 S7=1 Y6=1 X6=1 Z6=16 C6=1 R6=1 S6=1 Y5=1 X5=1 Z5=16 C5=1 R5=1 S5=1 Y4=1 X4=1 Z4=16 C4=1 R4=1 S4=1 Y3=1 X3=1 Z3=8 C3=1 R3=1 S3=1 Y2=1 X2=1 Z2=8 C2=1 R2=1 S2=1 Y1=1 X1=1 Z1=4 C1=1 R1=1 S1=1 Y0=1 X0=1 Z0=1 C0=1 R0=1 S0=1] OutRegister[P=1 Q=1 Z12=32 C12=1 R12=1 S12=1 Y11=1 X11=1 Z11=1 C11=1 R11=1 S11=1 Y10=1 X10=1 Z10=1 C10=1 R10=1 S10=1 Y9=1 X9=1 Z9=1 C9=1 R9=1 S9=1 Y8=1 X8=1 Z8=1 C8=1 R8=1 S8=1 Y7=1 X7=1 Z7=1 C7=1 R7=1 S7=1 Y6=1 X6=1 Z6=1 C6=1 R6=1 S6=1 Y5=1 X5=1 Z5=1 C5=1 R5=1 S5=1 Y4=1 X4=1 Z4=1 C4=1 R4=1 S4=1 Y3=1 X3=1 Z3=1 C3=1 R3=1 S3=1 Y2=1 X2=1 Z2=1 C2=1 R2=1 S2=1 Y1=1 X1=1 Z1=1 C1=1 R1=1 S1=1 Y0=1 X0=1 Z0=1 C0=1 R0=1 S0=1] Compute] 
vgg16_13layer_2026-02-25T17:46:42.995399,vgg16,13layer,full,13,eyeriss,thesis_arch,1056,524,128,256,32,1,False,True,,4.363e+05,5.681e+06,2.49e+06,"(35835557568, 17383525376)",0.0022272435016930103,0.23043537139892578,DRAM[P=14 Q=14 Z12=1 C12=1 R12=1 S12=1 Y11=14 X11=14 Z11=1 C11=1 R11=1 S11=1 Y10=14 X10=14 Z10=1 C10=1 R10=1 S10=1 Y9=28 X9=28 Z9=1 C9=1 R9=1 S9=1 Y8=28 X8=28 Z8=1 C8=1 R8=1 S8=1 Y7=28 X7=28 Z7=1 C7=1 R7=1 S7=1 Y6=56 X6=56 Z6=1 C6=1 R6=1 S6=1 Y5=56 X5=56 Z5=1 C5=1 R5=1 S5=1 Y4=56 X4=56 Z4=1 C4=1 R4=1 S4=1 Y3=112 X3=112 Z3=1 C3=1 R3=1 S3=1 Y2=112 X2=112 Z2=1 C2=1 R2=1 S2=1 Y1=224 X1=224 Z1=1 C1=1 R1=1 S1=1 Y0=224 X0=224 Z0=1 C0=1 R0=1 S0=1] GlobalBuffer[P=1 Q=1 Z12=1 C12=1 R12=1 S12=1 Y11=1 X11=1 Z11=1 C11=1 R11=1 S11=1 Y10=1 X10=1 Z10=1 C10=1 R10=1 S10=1 Y9=1 X9=1 Z9=1 C9=1 R9=1 S9=1 Y8=1 X8=1 Z8=1 C8=1 R8=1 S8=1 Y7=1 X7=1 Z7=1 C7=1 R7=1 S7=1 Y6=1 X6=1 Z6=1 C6=1 R6=1 S6=1 Y5=1 X5=1 Z5=1 C5=1 R5=1 S5=1 Y4=1 X4=1 Z4=1 C4=1 R4=1 S4=1 Y3=1 X3=1 Z3=1 C3=1 R3=1 S3=1 Y2=1 X2=1 Z2=1 C2=1 R2=1 S2=1 Y1=1 X1=1 Z1=1 C1=1 R1=1 S1=1 Y0=1 X0=1 Z0=1 C0=1 R0=1 S0=1] SACols[Q=1 Z12=32] SARows[S12=3 C12=64 Z12=1] SACols_11[X11=1 Z11=32] SARows_11[S11=3 C11=64 Z11=1] SACols_10[X10=1 Z10=32] SARows_10[S10=3 C10=64 Z10=1] SACols_9[X9=1 Z9=32] SARows_9[S9=3 C9=64 Z9=1] SACols_8[X8=1 Z8=32] SARows_8[S8=3 C8=64 Z8=1] SACols_7[X7=1 Z7=32] SARows_7[S7=3 C7=64 Z7=1] SACols_6[X6=1 Z6=32] SARows_6[S6=3 C6=64 Z6=1] SACols_5[X5=1 Z5=32] SARows_5[S5=3 C5=64 Z5=1] SACols_4[X4=1 Z4=32] SARows_4[S4=3 C4=64 Z4=1] SACols_3[X3=1 Z3=32] SARows_3[S3=3 C3=64 Z3=1] SACols_2[X2=1 Z2=32] SARows_2[S2=3 C2=64 Z2=1] SACols_1[X1=1 Z1=32] SARows_1[S1=3 C1=64 Z1=1] SACols_0[X0=1 Z0=32] SARows_0[S0=3 C0=3 Z0=2] InRegister[P=1 Q=1 Z12=1 C12=1 R12=1 S12=1 Y11=1 X11=1 Z11=1 C11=1 R11=1 S11=1 Y10=1 X10=1 Z10=1 C10=1 R10=1 S10=1 Y9=1 X9=1 Z9=1 C9=1 R9=1 S9=1 Y8=1 X8=1 Z8=1 C8=1 R8=1 S8=1 Y7=1 X7=1 Z7=1 C7=1 R7=1 S7=1 Y6=1 X6=1 Z6=1 C6=1 R6=1 S6=1 Y5=1 X5=1 Z5=1 C5=1 R5=1 S5=1 Y4=1 X4=1 Z4=1 C4=1 R4=1 S4=1 Y3=1 X3=1 Z3=1 C3=1 R3=1 S3=1 Y2=1 X2=1 Z2=1 C2=1 R2=1 S2=1 Y1=1 X1=1 Z1=1 C1=1 R1=1 S1=1 Y0=1 X0=1 Z0=1 C0=1 R0=1 S0=1] WRegister[P=1 Q=1 Z12=1 C12=8 R12=3 S12=1 Y11=1 X11=1 Z11=1 C11=8 R11=3 S11=1 Y10=1 X10=1 Z10=1 C10=8 R10=3 S10=1 Y9=1 X9=1 Z9=1 C9=8 R9=3 S9=1 Y8=1 X8=1 Z8=1 C8=8 R8=3 S8=1 Y7=1 X7=1 Z7=1 C7=4 R7=3 S7=1 Y6=1 X6=1 Z6=1 C6=4 R6=3 S6=1 Y5=1 X5=1 Z5=1 C5=4 R5=3 S5=1 Y4=1 X4=1 Z4=1 C4=2 R4=3 S4=1 Y3=1 X3=1 Z3=1 C3=2 R3=3 S3=1 Y2=1 X2=1 Z2=1 C2=1 R2=3 S2=1 Y1=1 X1=1 Z1=1 C1=1 R1=3 S1=1 Y0=1 X0=1 Z0=1 C0=1 R0=3 S0=1] IntermediateRegister[P=1 Q=1 Z12=1 C12=1 R12=1 S12=1 Y11=1 X11=1 Z11=16 C11=1 R11=1 S11=1 Y10=1 X10=1 Z10=16 C10=1 R10=1 S10=1 Y9=1 X9=1 Z9=16 C9=1 R9=1 S9=1 Y8=1 X8=1 Z8=16 C8=1 R8=1 S8=1 Y7=1 X7=1 Z7=16 C7=1 R7=1 S7=1 Y6=1 X6=1 Z6=8 C6=1 R6=1 S6=1 Y5=1 X5=1 Z5=8 C5=1 R5=1 S5=1 Y4=1 X4=1 Z4=8 C4=1 R4=1 S4=1 Y3=1 X3=1 Z3=4 C3=1 R3=1 S3=1 Y2=1 X2=1 Z2=4 C2=1 R2=1 S2=1 Y1=1 X1=1 Z1=2 C1=1 R1=1 S1=1 Y0=1 X0=1 Z0=1 C0=1 R0=1 S0=1] OutRegister[P=1 Q=1 Z12=16 C12=1 R12=1 S12=1 Y11=1 X11=1 Z11=1 C11=1 R11=1 S11=1 Y10=1 X10=1 Z10=1 C10=1 R10=1 S10=1 Y9=1 X9=1 Z9=1 C9=1 R9=1 S9=1 Y8=1 X8=1 Z8=1 C8=1 R8=1 S8=1 Y7=1 X7=1 Z7=1 C7=1 R7=1 S7=1 Y6=1 X6=1 Z6=1 C6=1 R6=1 S6=1 Y5=1 X5=1 Z5=1 C5=1 R5=1 S5=1 Y4=1 X4=1 Z4=1 C4=1 R4=1 S4=1 Y3=1 X3=1 Z3=1 C3=1 R3=1 S3=1 Y2=1 X2=1 Z2=1 C2=1 R2=1 S2=1 Y1=1 X1=1 Z1=1 C1=1 R1=1 S1=1 Y0=1 X0=1 Z0=1 C0=1 R0=1 S0=1] Compute] 
vgg16_13layer_2026-02-25T17:46:43.639439,vgg16,13layer,full,13,eyeriss,thesis_arch,1056,524,128,256,64,1,False,True,,4.413e+05,5.455e+06,2.43e+06,"(38378878656, 17383525376)",0.0011136217508465052,0.1808619499206543,DRAM[P=14 Q=14 Z12=1 C12=1 R12=1 S12=1 Y11=14 X11=14 Z11=1 C11=1 R11=1 S11=1 Y10=14 X10=14 Z10=1 C10=1 R10=1 S10=1 Y9=28 X9=28 Z9=1 C9=1 R9=1 S9=1 Y8=28 X8=28 Z8=1 C8=1 R8=1 S8=1 Y7=28 X7=28 Z7=1 C7=1 R7=1 S7=1 Y6=56 X6=56 Z6=1 C6=1 R6=1 S6=1 Y5=56 X5=56 Z5=1 C5=1 R5=1 S5=1 Y4=56 X4=56 Z4=1 C4=1 R4=1 S4=1 Y3=112 X3=112 Z3=1 C3=1 R3=1 S3=1 Y2=112 X2=112 Z2=1 C2=1 R2=1 S2=1 Y1=224 X1=224 Z1=1 C1=1 R1=1 S1=1 Y0=224 X0=224 Z0=1 C0=1 R0=1 S0=1] GlobalBuffer[P=1 Q=1 Z12=1 C12=1 R12=1 S12=1 Y11=1 X11=1 Z11=1 C11=1 R11=1 S11=1 Y10=1 X10=1 Z10=1 C10=1 R10=1 S10=1 Y9=1 X9=1 Z9=1 C9=1 R9=1 S9=1 Y8=1 X8=1 Z8=1 C8=1 R8=1 S8=1 Y7=1 X7=1 Z7=1 C7=1 R7=1 S7=1 Y6=1 X6=1 Z6=1 C6=1 R6=1 S6=1 Y5=1 X5=1 Z5=1 C5=1 R5=1 S5=1 Y4=1 X4=1 Z4=1 C4=1 R4=1 S4=1 Y3=1 X3=1 Z3=1 C3=1 R3=1 S3=1 Y2=1 X2=1 Z2=1 C2=1 R2=1 S2=1 Y1=1 X1=1 Z1=1 C1=1 R1=1 S1=1 Y0=1 X0=1 Z0=1 C0=1 R0=1 S0=1] SACols[Q=1 Z12=64] SARows[S12=3 C12=64 Z12=1] SACols_11[X11=1 Z11=64] SARows_11[S11=3 C11=64 Z11=1] SACols_10[X10=1 Z10=64] SARows_10[S10=3 C10=64 Z10=1] SACols_9[X9=1 Z9=64] SARows_9[S9=3 C9=64 Z9=1] SACols_8[X8=1 Z8=64] SARows_8[S8=3 C8=64 Z8=1] SACols_7[X7=1 Z7=64] SARows_7[S7=3 C7=64 Z7=1] SACols_6[X6=1 Z6=64] SARows_6[S6=3 C6=64 Z6=1] SACols_5[X5=1 Z5=64] SARows_5[S5=3 C5=64 Z5=1] SACols_4[X4=1 Z4=64] SARows_4[S4=3 C4=64 Z4=1] SACols_3[X3=1 Z3=64] SARows_3[S3=3 C3=64 Z3=1] SACols_2[X2=1 Z2=64] SARows_2[S2=3 C2=64 Z2=1] SACols_1[X1=1 Z1=64] SARows_1[S1=3 C1=64 Z1=1] SACols_0[X0=1 Z0=64] SARows_0[S0=3 C0=3 Z0=1] InRegister[P=1 Q=1 Z12=1 C12=1 R12=1 S12=1 Y11=1 X11=1 Z11=1 C11=1 R11=1 S11=1 Y10=1 X10=1 Z10=1 C10=1 R10=1 S10=1 Y9=1 X9=1 Z9=1 C9=1 R9=1 S9=1 Y8=1 X8=1 Z8=1 C8=1 R8=1 S8=1 Y7=1 X7=1 Z7=1 C7=1 R7=1 S7=1 Y6=1 X6=1 Z6=1 C6=1 R6=1 S6=1 Y5=1 X5=1 Z5=1 C5=1 R5=1 S5=1 Y4=1 X4=1 Z4=1 C4=1 R4=1 S4=1 Y3=1 X3=1 Z3=1 C3=1 R3=1 S3=1 Y2=1 X2=1 Z2=1 C2=1 R2=1 S2=1 Y1=1 X1=1 Z1=1 C1=1 R1=1 S1=1 Y0=1 X0=1 Z0=1 C0=1 R0=1 S0=1] WRegister[P=1 Q=1 Z12=1 C12=8 R12=3 S12=1 Y11=1 X11=1 Z11=1 C11=8 R11=3 S11=1 Y10=1 X10=1 Z10=1 C10=8 R10=3 S10=1 Y9=1 X9=1 Z9=1 C9=8 R9=3 S9=1 Y8=1 X8=1 Z8=1 C8=8 R8=3 S8=1 Y7=1 X7=1 Z7=1 C7=4 R7=3 S7=1 Y6=1 X6=1 Z6=1 C6=4 R6=3 S6=1 Y5=1 X5=1 Z5=1 C5=4 R5=3 S5=1 Y4=1 X4=1 Z4=1 C4=2 R4=3 S4=1 Y3=1 X3=1 Z3=1 C3=2 R3=3 S3=1 Y2=1 X2=1 Z2=1 C2=1 R2=3 S2=1 Y1=1 X1=1 Z1=1 C1=1 R1=3 S1=1 Y0=1 X0=1 Z0=1 C0=1 R0=3 S0=1] IntermediateRegister[P=1 Q=1 Z12=1 C12=1 R12=1 S12=1 Y11=1 X11=1 Z11=8 C11=1 R11=1 S11=1 Y10=1 X10=1 Z10=8 C10=1 R10=1 S10=1 Y9=1 X9=1 Z9=8 C9=1 R9=1 S9=1 Y8=1 X8=1 Z8=8 C8=1 R8=1 S8=1 Y7=1 X7=1 Z7=8 C7=1 R7=1 S7=1 Y6=1 X6=1 Z6=4 C6=1 R6=1 S6=1 Y5=1 X5=1 Z5=4 C5=1 R5=1 S5=1 Y4=1 X4=1 Z4=4 C4=1 R4=1 S4=1 Y3=1 X3=1 Z3=2 C3=1 R3=1 S3=1 Y2=1 X2=1 Z2=2 C2=1 R2=1 S2=1 Y1=1 X1=1 Z1=1 C1=1 R1=1 S1=1 Y0=1 X0=1 Z0=1 C0=1 R0=1 S0=1] OutRegister[P=1 Q=1 Z12=8 C12=1 R12=1 S12=1 Y11=1 X11=1 Z11=1 C11=1 R11=1 S11=1 Y10=1 X10=1 Z10=1 C10=1 R10=1 S10=1 Y9=1 X9=1 Z9=1 C9=1 R9=1 S9=1 Y8=1 X8=1 Z8=1 C8=1 R8=1 S8=1 Y7=1 X7=1 Z7=1 C7=1 R7=1 S7=1 Y6=1 X6=1 Z6=1 C6=1 R6=1 S6=1 Y5=1 X5=1 Z5=1 C5=1 R5=1 S5=1 Y4=1 X4=1 Z4=1 C4=1 R4=1 S4=1 Y3=1 X3=1 Z3=1 C3=1 R3=1 S3=1 Y2=1 X2=1 Z2=1 C2=1 R2=1 S2=1 Y1=1 X1=1 Z1=1 C1=1 R1=1 S1=1 Y0=1 X0=1 Z0=1 C0=1 R0=1 S0=1] Compute] 
vgg16_13layer_2026-02-25T17:46:44.114400,vgg16,13layer,full,13,eyeriss,thesis_arch,1056,524,128,512,4,1,False,False,"Ill-posed constraints:
CONSTRAINTS VIOLATION: Arch: Eyeriss_Constrained_13L_tile1_4x512 -> Level: WRegister: memory footprint: 9579 VS memory available: 5000
CONSTRAINTS VIOLATION: Arch: Eyeriss_Constrained_13L_tile1_4x512 -> Level: IntermediateRegister: memory footprint: 889 VS memory available: 350
CONSTRAINTS VIOLATION: Arch: Eyeriss_Constrained_13L_tile1_4x512 -> Level: OutRegister: memory footprint: 128 VS memory available: 64",0.000e+00,0.000e+00,0.00e+00,0,0.0,0.0,
vgg16_13layer_2026-02-25T17:46:44.379938,vgg16,13layer,full,13,eyeriss,thesis_arch,1056,524,128,512,16,1,False,True,,4.385e+05,5.681e+06,2.50e+06,"(36182374080, 18423974912)",0.0022272435016930103,0.2656400203704834,DRAM[P=14 Q=14 Z12=1 C12=1 R12=1 S12=1 Y11=14 X11=14 Z11=1 C11=1 R11=1 S11=1 Y10=14 X10=14 Z10=1 C10=1 R10=1 S10=1 Y9=28 X9=28 Z9=1 C9=1 R9=1 S9=1 Y8=28 X8=28 Z8=1 C8=1 R8=1 S8=1 Y7=28 X7=28 Z7=1 C7=1 R7=1 S7=1 Y6=56 X6=56 Z6=1 C6=1 R6=1 S6=1 Y5=56 X5=56 Z5=1 C5=1 R5=1 S5=1 Y4=56 X4=56 Z4=1 C4=1 R4=1 S4=1 Y3=112 X3=112 Z3=1 C3=1 R3=1 S3=1 Y2=112 X2=112 Z2=1 C2=1 R2=1 S2=1 Y1=224 X1=224 Z1=1 C1=1 R1=1 S1=1 Y0=224 X0=224 Z0=1 C0=1 R0=1 S0=1] GlobalBuffer[P=1 Q=1 Z12=1 C12=1 R12=1 S12=1 Y11=1 X11=1 Z11=1 C11=1 R11=1 S11=1 Y10=1 X10=1 Z10=1 C10=1 R10=1 S10=1 Y9=1 X9=1 Z9=1 C9=1 R9=1 S9=1 Y8=1 X8=1 Z8=1 C8=1 R8=1 S8=1 Y7=1 X7=1 Z7=1 C7=1 R7=1 S7=1 Y6=1 X6=1 Z6=1 C6=1 R6=1 S6=1 Y5=1 X5=1 Z5=1 C5=1 R5=1 S5=1 Y4=1 X4=1 Z4=1 C4=1 R4=1 S4=1 Y3=1 X3=1 Z3=1 C3=1 R3=1 S3=1 Y2=1 X2=1 Z2=1 C2=1 R2=1 S2=1 Y1=1 X1=1 Z1=1 C1=1 R1=1 S1=1 Y0=1 X0=1 Z0=1 C0=1 R0=1 S0=1] SACols[Q=1 Z12=16] SARows[S12=3 C12=128 Z12=1] SACols_11[X11=1 Z11=16] SARows_11[S11=3 C11=128 Z11=1] SACols_10[X10=1 Z10=16] SARows_10[S10=3 C10=128 Z10=1] SACols_9[X9=1 Z9=16] SARows_9[S9=3 C9=128 Z9=1] SACols_8[X8=1 Z8=16] SARows_8[S8=3 C8=128 Z8=1] SACols_7[X7=1 Z7=16] SARows_7[S7=3 C7=128 Z7=1] SACols_6[X6=1 Z6=16] SARows_6[S6=3 C6=128 Z6=1] SACols_5[X5=1 Z5=16] SARows_5[S5=3 C5=128 Z5=1] SACols_4[X4=1 Z4=16] SARows_4[S4=3 C4=128 Z4=1] SACols_3[X3=1 Z3=16] SARows_3[S3=3 C3=128 Z3=1] SACols_2[X2=1 Z2=16] SARows_2[S2=3 C2=64 Z2=2] SACols_1[X1=1 Z1=16] SARows_1[S1=3 C1=64 Z1=2] SACols_0[X0=1 Z0=16] SARows_0[S0=3 C0=3 Z0=4] InRegister[P=1 Q=1 Z12=1 C12=1 R12=1 S12=1 Y11=1 X11=1 Z11=1 C11=1 R11=1 S11=1 Y10=1 X10=1 Z10=1 C10=1 R10=1 S10=1 Y9=1 X9=1 Z9=1 C9=1 R9=1 S9=1 Y8=1 X8=1 Z8=1 C8=1 R8=1 S8=1 Y7=1 X7=1 Z7=1 C7=1 R7=1 S7=1 Y6=1 X6=1 Z6=1 C6=1 R6=1 S6=1 Y5=1 X5=1 Z5=1 C5=1 R5=1 S5=1 Y4=1 X4=1 Z4=1 C4=1 R4=1 S4=1 Y3=1 X3=1 Z3=1 C3=1 R3=1 S3=1 Y2=1 X2=1 Z2=1 C2=1 R2=1 S2=1 Y1=1 X1=1 Z1=1 C1=1 R1=1 S1=1 Y0=1 X0=1 Z0=1 C0=1 R0=1 S0=1] WRegister[P=1 Q=1 Z12=1 C12=4 R12=3 S12=1 Y11=1 X11=1 Z11=1 C11=4 R11=3 S11=1 Y10=1 X10=1 Z10=1 C10=4 R10=3 S10=1 Y9=1 X9=1 Z9=1 C9=4 R9=3 S9=1 Y8=1 X8=1 Z8=1 C8=4 R8=3 S8=1 Y7=1 X7=1 Z7=1 C7=2 R7=3 S7=1 Y6=1 X6=1 Z6=1 C6=2 R6=3 S6=1 Y5=1 X5=1 Z5=1 C5=2 R5=3 S5=1 Y4=1 X4=1 Z4=1 C4=1 R4=3 S4=1 Y3=1 X3=1 Z3=1 C3=1 R3=3 S3=1 Y2=1 X2=1 Z2=1 C2=1 R2=3 S2=1 Y1=1 X1=1 Z1=1 C1=1 R1=3 S1=1 Y0=1 X0=1 Z0=1 C0=1 R0=3 S0=1] IntermediateRegister[P=1 Q=1 Z12=1 C12=1 R12=1 S12=1 Y11=1 X11=1 Z11=32 C11=1 R11=1 S11=1 Y10=1 X10=1 Z10=32 C10=1 R10=1 S10=1 Y9=1 X9=1 Z9=32 C9=1 R9=1 S9=1 Y8=1 X8=1 Z8=32 C8=1 R8=1 S8=1 Y7=1 X7=1 Z7=32 C7=1 R7=1 S7=1 Y6=1 X6=1 Z6=16 C6=1 R6=1 S6=1 Y5=1 X5=1 Z5=16 C5=1 R5=1 S5=1 Y4=1 X4=1 Z4=16 C4=1 R4=1 S4=1 Y3=1 X3=1 Z3=8 C3=1 R3=1 S3=1 Y2=1 X2=1 Z2=4 C2=1 R2=1 S2=1 Y1=1 X1=1 Z1=2 C1=1 R1=1 S1=1 Y0=1 X0=1 Z0=1 C0=1 R0=1 S0=1] OutRegister[P=1 Q=1 Z12=32 C12=1 R12=1 S12=1 Y11=1 X11=1 Z11=1 C11=1 R11=1 S11=1 Y10=1 X10=1 Z10=1 C10=1 R10=1 S10=1 Y9=1 X9=1 Z9=1 C9=1 R9=1 S9=1 Y8=1 X8=1 Z8=1 C8=1 R8=1 S8=1 Y7=1 X7=1 Z7=1 C7=1 R7=1 S7=1 Y6=1 X6=1 Z6=1 C6=1 R6=1 S6=1 Y5=1 X5=1 Z5=1 C5=1 R5=1 S5=1 Y4=1 X4=1 Z4=1 C4=1 R4=1 S4=1 Y3=1 X3=1 Z3=1 C3=1 R3=1 S3=1 Y2=1 X2=1 Z2=1 C2=1 R2=1 S2=1 Y1=1 X1=1 Z1=1 C1=1 R1=1 S1=1 Y0=1 X0=1 Z0=1 C0=1 R0=1 S0=1] Compute] 
vgg16_13layer_2026-02-25T17:46:45.030243,vgg16,13layer,full,13,eyeriss,thesis_arch,1056,524,128,512,32,1,False,True,,4.421e+05,5.455e+06,2.43e+06,"(38032062144, 18423974912)",0.0011136217508465052,0.2288212776184082,DRAM[P=14 Q=14 Z12=1 C12=1 R12=1 S12=1 Y11=14 X11=14 Z11=1 C11=1 R11=1 S11=1 Y10=14 X10=14 Z10=1 C10=1 R10=1 S10=1 Y9=28 X9=28 Z9=1 C9=1 R9=1 S9=1 Y8=28 X8=28 Z8=1 C8=1 R8=1 S8=1 Y7=28 X7=28 Z7=1 C7=1 R7=1 S7=1 Y6=56 X6=56 Z6=1 C6=1 R6=1 S6=1 Y5=56 X5=56 Z5=1 C5=1 R5=1 S5=1 Y4=56 X4=56 Z4=1 C4=1 R4=1 S4=1 Y3=112 X3=112 Z3=1 C3=1 R3=1 S3=1 Y2=112 X2=112 Z2=1 C2=1 R2=1 S2=1 Y1=224 X1=224 Z1=1 C1=1 R1=1 S1=1 Y0=224 X0=224 Z0=1 C0=1 R0=1 S0=1] GlobalBuffer[P=1 Q=1 Z12=1 C12=1 R12=1 S12=1 Y11=1 X11=1 Z11=1 C11=1 R11=1 S11=1 Y10=1 X10=1 Z10=1 C10=1 R10=1 S10=1 Y9=1 X9=1 Z9=1 C9=1 R9=1 S9=1 Y8=1 X8=1 Z8=1 C8=1 R8=1 S8=1 Y7=1 X7=1 Z7=1 C7=1 R7=1 S7=1 Y6=1 X6=1 Z6=1 C6=1 R6=1 S6=1 Y5=1 X5=1 Z5=1 C5=1 R5=1 S5=1 Y4=1 X4=1 Z4=1 C4=1 R4=1 S4=1 Y3=1 X3=1 Z3=1 C3=1 R3=1 S3=1 Y2=1 X2=1 Z2=1 C2=1 R2=1 S2=1 Y1=1 X1=1 Z1=1 C1=1 R1=1 S1=1 Y0=1 X0=1 Z0=1 C0=1 R0=1 S0=1] SACols[Q=1 Z12=32] SARows[S12=3 C12=128 Z12=1] SACols_11[X11=1 Z11=32] SARows_11[S11=3 C11=128 Z11=1] SACols_10[X10=1 Z10=32] SARows_10[S10=3 C10=128 Z10=1] SACols_9[X9=1 Z9=32] SARows_9[S9=3 C9=128 Z9=1] SACols_8[X8=1 Z8=32] SARows_8[S8=3 C8=128 Z8=1] SACols_7[X7=1 Z7=32] SARows_7[S7=3 C7=128 Z7=1] SACols_6[X6=1 Z6=32] SARows_6[S6=3 C6=128 Z6=1] SACols_5[X5=1 Z5=32] SARows_5[S5=3 C5=128 Z5=1] SACols_4[X4=1 Z4=32] SARows_4[S4=3 C4=128 Z4=1] SACols_3[X3=1 Z3=32] SARows_3[S3=3 C3=128 Z3=1] SACols_2[X2=1 Z2=32] SARows_2[S2=3 C2=64 Z2=2] SACols_1[X1=1 Z1=32] SARows_1[S1=3 C1=64 Z1=2] SACols_0[X0=1 Z0=32] SARows_0[S0=3 C0=3 Z0=2] InRegister[P=1 Q=1 Z12=1 C12=1 R12=1 S12=1 Y11=1 X11=1 Z11=1 C11=1 R11=1 S11=1 Y10=1 X10=1 Z10=1 C10=1 R10=1 S10=1 Y9=1 X9=1 Z9=1 C9=1 R9=1 S9=1 Y8=1 X8=1 Z8=1 C8=1 R8=1 S8=1 Y7=1 X7=1 Z7=1 C7=1 R7=1 S7=1 Y6=1 X6=1 Z6=1 C6=1 R6=1 S6=1 Y5=1 X5=1 Z5=1 C5=1 R5=1 S5=1 Y4=1 X4=1 Z4=1 C4=1 R4=1 S4=1 Y3=1 X3=1 Z3=1 C3=1 R3=1 S3=1 Y2=1 X2=1 Z2=1 C2=1 R2=1 S2=1 Y1=1 X1=1 Z1=1 C1=1 R1=1 S1=1 Y0=1 X0=1 Z0=1 C0=1 R0=1 S0=1] WRegister[P=1 Q=1 Z12=1 C12=4 R12=3 S12=1 Y11=1 X11=1 Z11=1 C11=4 R11=3 S11=1 Y10=1 X10=1 Z10=1 C10=4 R10=3 S10=1 Y9=1 X9=1 Z9=1 C9=4 R9=3 S9=1 Y8=1 X8=1 Z8=1 C8=4 R8=3 S8=1 Y7=1 X7=1 Z7=1 C7=2 R7=3 S7=1 Y6=1 X6=1 Z6=1 C6=2 R6=3 S6=1 Y5=1 X5=1 Z5=1 C5=2 R5=3 S5=1 Y4=1 X4=1 Z4=1 C4=1 R4=3 S4=1 Y3=1 X3=1 Z3=1 C3=1 R3=3 S3=1 Y2=1 X2=1 Z2=1 C2=1 R2=3 S2=1 Y1=1 X1=1 Z1=1 C1=1 R1=3 S1=1 Y0=1 X0=1 Z0=1 C0=1 R0=3 S0=1] IntermediateRegister[P=1 Q=1 Z12=1 C12=1 R12=1 S12=1 Y11=1 X11=1 Z11=16 C11=1 R11=1 S11=1 Y10=1 X10=1 Z10=16 C10=1 R10=1 S10=1 Y9=1 X9=1 Z9=16 C9=1 R9=1 S9=1 Y8=1 X8=1 Z8=16 C8=1 R8=1 S8=1 Y7=1 X7=1 Z7=16 C7=1 R7=1 S7=1 Y6=1 X6=1 Z6=8 C6=1 R6=1 S6=1 Y5=1 X5=1 Z5=8 C5=1 R5=1 S5=1 Y4=1 X4=1 Z4=8 C4=1 R4=1 S4=1 Y3=1 X3=1 Z3=4 C3=1 R3=1 S3=1 Y2=1 X2=1 Z2=2 C2=1 R2=1 S2=1 Y1=1 X1=1 Z1=1 C1=1 R1=1 S1=1 Y0=1 X0=1 Z0=1 C0=1 R0=1 S0=1] OutRegister[P=1 Q=1 Z12=16 C12=1 R12=1 S12=1 Y11=1 X11=1 Z11=1 C11=1 R11=1 S11=1 Y10=1 X10=1 Z10=1 C10=1 R10=1 S10=1 Y9=1 X9=1 Z9=1 C9=1 R9=1 S9=1 Y8=1 X8=1 Z8=1 C8=1 R8=1 S8=1 Y7=1 X7=1 Z7=1 C7=1 R7=1 S7=1 Y6=1 X6=1 Z6=1 C6=1 R6=1 S6=1 Y5=1 X5=1 Z5=1 C5=1 R5=1 S5=1 Y4=1 X4=1 Z4=1 C4=1 R4=1 S4=1 Y3=1 X3=1 Z3=1 C3=1 R3=1 S3=1 Y2=1 X2=1 Z2=1 C2=1 R2=1 S2=1 Y1=1 X1=1 Z1=1 C1=1 R1=1 S1=1 Y0=1 X0=1 Z0=1 C0=1 R0=1 S0=1] Compute] 
