experiment_id,workload_name,workload_variant,fusion_level,num_fused_layers,arch_type,arch_name,fmem_size_kB,wmem_size_kB,gb_size_kB,pe_rows,pe_cols,tile_size,scale_bandwidth,success,error_message,energy_uJ,latency_cycles,edp,mops,utilization,mapping_time_s,mapping
fsrcnn_8layer_2026-02-21T08:23:19.182679,fsrcnn,8layer,full,8,eyeriss,thesis_arch,1056,524,128,4,4,120,False,False,"Arch: Eyeriss_Constrained_8L_tile120_4x4 -> Level: SARows_0: Failed to fit comp to arch because the level's constraint (S0: 4) does not divide comp dimension S0 (5) exactly. To compensate, consider setting 'Settings.PADDED_MAPPINGS' to True.",0.000e+00,0.000e+00,0.00e+00,0,0.0,0.0,
fsrcnn_8layer_2026-02-21T08:23:20.905227,fsrcnn,8layer,full,8,eyeriss,thesis_arch,1056,524,128,4,16,120,False,False,"Arch: Eyeriss_Constrained_8L_tile120_16x4 -> Level: SARows_0: Failed to fit comp to arch because the level's constraint (S0: 4) does not divide comp dimension S0 (5) exactly. To compensate, consider setting 'Settings.PADDED_MAPPINGS' to True.",0.000e+00,0.000e+00,0.00e+00,0,0.0,0.0,
fsrcnn_8layer_2026-02-21T08:23:22.358919,fsrcnn,8layer,full,8,eyeriss,thesis_arch,1056,524,128,4,32,120,False,False,"Arch: Eyeriss_Constrained_8L_tile120_32x4 -> Level: SARows_0: Failed to fit comp to arch because the level's constraint (S0: 4) does not divide comp dimension S0 (5) exactly. To compensate, consider setting 'Settings.PADDED_MAPPINGS' to True.",0.000e+00,0.000e+00,0.00e+00,0,0.0,0.0,
fsrcnn_8layer_2026-02-21T08:23:23.447704,fsrcnn,8layer,full,8,eyeriss,thesis_arch,1056,524,128,4,64,120,False,False,"Arch: Eyeriss_Constrained_8L_tile120_64x4 -> Level: SARows_0: Failed to fit comp to arch because the level's constraint (S0: 4) does not divide comp dimension S0 (5) exactly. To compensate, consider setting 'Settings.PADDED_MAPPINGS' to True.",0.000e+00,0.000e+00,0.00e+00,0,0.0,0.0,
fsrcnn_8layer_2026-02-21T08:23:24.393593,fsrcnn,8layer,full,8,eyeriss,thesis_arch,1056,524,128,4,128,120,False,False,"Arch: Eyeriss_Constrained_8L_tile120_128x4 -> Level: SARows_0: Failed to fit comp to arch because the level's constraint (S0: 4) does not divide comp dimension S0 (5) exactly. To compensate, consider setting 'Settings.PADDED_MAPPINGS' to True.",0.000e+00,0.000e+00,0.00e+00,0,0.0,0.0,
fsrcnn_8layer_2026-02-21T08:23:25.826525,fsrcnn,8layer,full,8,eyeriss,thesis_arch,1056,524,128,4,256,120,False,False,"Arch: Eyeriss_Constrained_8L_tile120_256x4 -> Level: SARows_0: Failed to fit comp to arch because the level's constraint (S0: 4) does not divide comp dimension S0 (5) exactly. To compensate, consider setting 'Settings.PADDED_MAPPINGS' to True.",0.000e+00,0.000e+00,0.00e+00,0,0.0,0.0,
fsrcnn_8layer_2026-02-21T08:23:27.112626,fsrcnn,8layer,full,8,eyeriss,thesis_arch,1056,524,128,4,512,120,False,False,"Arch: Eyeriss_Constrained_8L_tile120_512x4 -> Level: SARows_0: Failed to fit comp to arch because the level's constraint (S0: 4) does not divide comp dimension S0 (5) exactly. To compensate, consider setting 'Settings.PADDED_MAPPINGS' to True.",0.000e+00,0.000e+00,0.00e+00,0,0.0,0.0,
fsrcnn_8layer_2026-02-21T08:23:28.277330,fsrcnn,8layer,full,8,eyeriss,thesis_arch,1056,524,128,16,4,120,False,True,,1.086e+05,1.928e+08,2.14e+07,"(26329554792, 11049696000)",0.1459980010986328,0.41013264656066895,DRAM[P=540 Q=8 Z7=1 C7=1 R7=1 S7=1 Y6=540 X6=8 Z6=1 C6=1 R6=1 S6=1 Y5=540 X5=8 Z5=1 C5=1 R5=1 S5=1 Y4=540 X4=8 Z4=1 C4=1 R4=1 S4=1 Y3=540 X3=8 Z3=1 C3=1 R3=1 S3=1 Y2=540 X2=8 Z2=1 C2=1 R2=1 S2=1 Y1=540 X1=8 Z1=1 C1=1 R1=1 S1=1 Y0=540 X0=8 Z0=1 C0=1 R0=1 S0=1] GlobalBuffer[P=1 Q=120 Z7=1 C7=1 R7=1 S7=1 Y6=1 X6=120 Z6=1 C6=1 R6=1 S6=1 Y5=1 X5=120 Z5=1 C5=1 R5=1 S5=1 Y4=1 X4=120 Z4=1 C4=1 R4=1 S4=1 Y3=1 X3=120 Z3=1 C3=1 R3=1 S3=1 Y2=1 X2=120 Z2=1 C2=1 R2=1 S2=1 Y1=1 X1=120 Z1=1 C1=1 R1=1 S1=1 Y0=1 X0=120 Z0=1 C0=1 R0=1 S0=1] SACols[Q=1 Z7=4] SARows[S7=3 C7=4 Z7=1] SACols_6[X6=1 Z6=4] SARows_6[S6=1 C6=12 Z6=1] SACols_5[X5=1 Z5=4] SARows_5[S5=3 C5=4 Z5=1] SACols_4[X4=1 Z4=4] SARows_4[S4=3 C4=4 Z4=1] SACols_3[X3=1 Z3=4] SARows_3[S3=3 C3=4 Z3=1] SACols_2[X2=1 Z2=4] SARows_2[S2=3 C2=4 Z2=1] SACols_1[X1=1 Z1=4] SARows_1[S1=1 C1=14 Z1=1] SACols_0[X0=1 Z0=4] SARows_0[S0=5 C0=3 Z0=1] InRegister[P=1 Q=1 Z7=1 C7=1 R7=1 S7=1 Y6=1 X6=1 Z6=1 C6=1 R6=1 S6=1 Y5=1 X5=1 Z5=1 C5=1 R5=1 S5=1 Y4=1 X4=1 Z4=1 C4=1 R4=1 S4=1 Y3=1 X3=1 Z3=1 C3=1 R3=1 S3=1 Y2=1 X2=1 Z2=1 C2=1 R2=1 S2=1 Y1=1 X1=1 Z1=1 C1=1 R1=1 S1=1 Y0=1 X0=1 Z0=1 C0=1 R0=1 S0=1] WRegister[P=1 Q=1 Z7=1 C7=14 R7=3 S7=1 Y6=1 X6=1 Z6=1 C6=1 R6=1 S6=1 Y5=1 X5=1 Z5=1 C5=3 R5=3 S5=1 Y4=1 X4=1 Z4=1 C4=3 R4=3 S4=1 Y3=1 X3=1 Z3=1 C3=3 R3=3 S3=1 Y2=1 X2=1 Z2=1 C2=3 R2=3 S2=1 Y1=1 X1=1 Z1=1 C1=4 R1=1 S1=1 Y0=1 X0=1 Z0=1 C0=1 R0=5 S0=1] IntermediateRegister[P=1 Q=1 Z7=1 C7=1 R7=1 S7=1 Y6=1 X6=1 Z6=14 C6=1 R6=1 S6=1 Y5=1 X5=1 Z5=3 C5=1 R5=1 S5=1 Y4=1 X4=1 Z4=3 C4=1 R4=1 S4=1 Y3=1 X3=1 Z3=3 C3=1 R3=1 S3=1 Y2=1 X2=1 Z2=3 C2=1 R2=1 S2=1 Y1=1 X1=1 Z1=3 C1=1 R1=1 S1=1 Y0=1 X0=1 Z0=14 C0=1 R0=1 S0=1] OutRegister[P=1 Q=1 Z7=4 C7=1 R7=1 S7=1 Y6=1 X6=1 Z6=1 C6=1 R6=1 S6=1 Y5=1 X5=1 Z5=1 C5=1 R5=1 S5=1 Y4=1 X4=1 Z4=1 C4=1 R4=1 S4=1 Y3=1 X3=1 Z3=1 C3=1 R3=1 S3=1 Y2=1 X2=1 Z2=1 C2=1 R2=1 S2=1 Y1=1 X1=1 Z1=1 C1=1 R1=1 S1=1 Y0=1 X0=1 Z0=1 C0=1 R0=1 S0=1] Compute] 
fsrcnn_8layer_2026-02-21T08:23:29.927609,fsrcnn,8layer,full,8,eyeriss,thesis_arch,1056,524,128,16,16,120,False,True,,1.155e+05,5.521e+07,6.78e+06,"(28804396392, 11127456000)",0.026525851426413283,0.5342831611633301,DRAM[P=540 Q=8 Z7=1 C7=1 R7=1 S7=1 Y6=540 X6=8 Z6=1 C6=1 R6=1 S6=1 Y5=540 X5=8 Z5=1 C5=1 R5=1 S5=1 Y4=540 X4=8 Z4=1 C4=1 R4=1 S4=1 Y3=540 X3=8 Z3=1 C3=1 R3=1 S3=1 Y2=540 X2=8 Z2=1 C2=1 R2=1 S2=1 Y1=540 X1=8 Z1=1 C1=1 R1=1 S1=1 Y0=540 X0=8 Z0=1 C0=1 R0=1 S0=1] GlobalBuffer[P=1 Q=120 Z7=1 C7=1 R7=1 S7=1 Y6=1 X6=120 Z6=1 C6=1 R6=1 S6=1 Y5=1 X5=120 Z5=1 C5=1 R5=1 S5=1 Y4=1 X4=120 Z4=1 C4=1 R4=1 S4=1 Y3=1 X3=120 Z3=1 C3=1 R3=1 S3=1 Y2=1 X2=120 Z2=1 C2=1 R2=1 S2=1 Y1=1 X1=120 Z1=1 C1=1 R1=1 S1=1 Y0=1 X0=120 Z0=1 C0=1 R0=1 S0=1] SACols[Q=1 Z7=16] SARows[S7=3 C7=4 Z7=1] SACols_6[X6=1 Z6=14] SARows_6[S6=1 C6=12 Z6=1] SACols_5[X5=1 Z5=12] SARows_5[S5=3 C5=4 Z5=1] SACols_4[X4=1 Z4=12] SARows_4[S4=3 C4=4 Z4=1] SACols_3[X3=1 Z3=12] SARows_3[S3=3 C3=4 Z3=1] SACols_2[X2=1 Z2=12] SARows_2[S2=3 C2=4 Z2=1] SACols_1[X1=1 Z1=12] SARows_1[S1=1 C1=14 Z1=1] SACols_0[X0=1 Z0=14] SARows_0[S0=5 C0=3 Z0=1] InRegister[P=1 Q=1 Z7=1 C7=1 R7=1 S7=1 Y6=1 X6=1 Z6=1 C6=1 R6=1 S6=1 Y5=1 X5=1 Z5=1 C5=1 R5=1 S5=1 Y4=1 X4=1 Z4=1 C4=1 R4=1 S4=1 Y3=1 X3=1 Z3=1 C3=1 R3=1 S3=1 Y2=1 X2=1 Z2=1 C2=1 R2=1 S2=1 Y1=1 X1=1 Z1=1 C1=1 R1=1 S1=1 Y0=1 X0=1 Z0=1 C0=1 R0=1 S0=1] WRegister[P=1 Q=1 Z7=1 C7=14 R7=3 S7=1 Y6=1 X6=1 Z6=1 C6=1 R6=1 S6=1 Y5=1 X5=1 Z5=1 C5=3 R5=3 S5=1 Y4=1 X4=1 Z4=1 C4=3 R4=3 S4=1 Y3=1 X3=1 Z3=1 C3=3 R3=3 S3=1 Y2=1 X2=1 Z2=1 C2=3 R2=3 S2=1 Y1=1 X1=1 Z1=1 C1=4 R1=1 S1=1 Y0=1 X0=1 Z0=1 C0=1 R0=5 S0=1] IntermediateRegister[P=1 Q=1 Z7=1 C7=1 R7=1 S7=1 Y6=1 X6=1 Z6=4 C6=1 R6=1 S6=1 Y5=1 X5=1 Z5=1 C5=1 R5=1 S5=1 Y4=1 X4=1 Z4=1 C4=1 R4=1 S4=1 Y3=1 X3=1 Z3=1 C3=1 R3=1 S3=1 Y2=1 X2=1 Z2=1 C2=1 R2=1 S2=1 Y1=1 X1=1 Z1=1 C1=1 R1=1 S1=1 Y0=1 X0=1 Z0=4 C0=1 R0=1 S0=1] OutRegister[P=1 Q=1 Z7=1 C7=1 R7=1 S7=1 Y6=1 X6=1 Z6=1 C6=1 R6=1 S6=1 Y5=1 X5=1 Z5=1 C5=1 R5=1 S5=1 Y4=1 X4=1 Z4=1 C4=1 R4=1 S4=1 Y3=1 X3=1 Z3=1 C3=1 R3=1 S3=1 Y2=1 X2=1 Z2=1 C2=1 R2=1 S2=1 Y1=1 X1=1 Z1=1 C1=1 R1=1 S1=1 Y0=1 X0=1 Z0=1 C0=1 R0=1 S0=1] Compute] 
fsrcnn_8layer_2026-02-21T08:23:31.538911,fsrcnn,8layer,full,8,eyeriss,thesis_arch,1056,524,128,16,32,120,False,True,,1.174e+05,2.981e+07,3.72e+06,"(29435807592, 11236320000)",0.026525851426413283,0.26856303215026855,DRAM[P=540 Q=8 Z7=1 C7=1 R7=1 S7=1 Y6=540 X6=8 Z6=1 C6=1 R6=1 S6=1 Y5=540 X5=8 Z5=1 C5=1 R5=1 S5=1 Y4=540 X4=8 Z4=1 C4=1 R4=1 S4=1 Y3=540 X3=8 Z3=1 C3=1 R3=1 S3=1 Y2=540 X2=8 Z2=1 C2=1 R2=1 S2=1 Y1=540 X1=8 Z1=1 C1=1 R1=1 S1=1 Y0=540 X0=8 Z0=1 C0=1 R0=1 S0=1] GlobalBuffer[P=1 Q=60 Z7=1 C7=1 R7=1 S7=1 Y6=1 X6=120 Z6=1 C6=1 R6=1 S6=1 Y5=1 X5=60 Z5=1 C5=1 R5=1 S5=1 Y4=1 X4=60 Z4=1 C4=1 R4=1 S4=1 Y3=1 X3=60 Z3=1 C3=1 R3=1 S3=1 Y2=1 X2=60 Z2=1 C2=1 R2=1 S2=1 Y1=1 X1=60 Z1=1 C1=1 R1=1 S1=1 Y0=1 X0=120 Z0=1 C0=1 R0=1 S0=1] SACols[Q=2 Z7=16] SARows[S7=3 C7=4 Z7=1] SACols_6[X6=1 Z6=28] SARows_6[S6=1 C6=12 Z6=1] SACols_5[X5=2 Z5=12] SARows_5[S5=3 C5=4 Z5=1] SACols_4[X4=2 Z4=12] SARows_4[S4=3 C4=4 Z4=1] SACols_3[X3=2 Z3=12] SARows_3[S3=3 C3=4 Z3=1] SACols_2[X2=2 Z2=12] SARows_2[S2=3 C2=4 Z2=1] SACols_1[X1=2 Z1=12] SARows_1[S1=1 C1=14 Z1=1] SACols_0[X0=1 Z0=28] SARows_0[S0=5 C0=3 Z0=1] InRegister[P=1 Q=1 Z7=1 C7=1 R7=1 S7=1 Y6=1 X6=1 Z6=1 C6=1 R6=1 S6=1 Y5=1 X5=1 Z5=1 C5=1 R5=1 S5=1 Y4=1 X4=1 Z4=1 C4=1 R4=1 S4=1 Y3=1 X3=1 Z3=1 C3=1 R3=1 S3=1 Y2=1 X2=1 Z2=1 C2=1 R2=1 S2=1 Y1=1 X1=1 Z1=1 C1=1 R1=1 S1=1 Y0=1 X0=1 Z0=1 C0=1 R0=1 S0=1] WRegister[P=1 Q=1 Z7=1 C7=14 R7=3 S7=1 Y6=1 X6=1 Z6=1 C6=1 R6=1 S6=1 Y5=1 X5=1 Z5=1 C5=3 R5=3 S5=1 Y4=1 X4=1 Z4=1 C4=3 R4=3 S4=1 Y3=1 X3=1 Z3=1 C3=3 R3=3 S3=1 Y2=1 X2=1 Z2=1 C2=3 R2=3 S2=1 Y1=1 X1=1 Z1=1 C1=4 R1=1 S1=1 Y0=1 X0=1 Z0=1 C0=1 R0=5 S0=1] IntermediateRegister[P=1 Q=1 Z7=1 C7=1 R7=1 S7=1 Y6=1 X6=1 Z6=2 C6=1 R6=1 S6=1 Y5=1 X5=1 Z5=1 C5=1 R5=1 S5=1 Y4=1 X4=1 Z4=1 C4=1 R4=1 S4=1 Y3=1 X3=1 Z3=1 C3=1 R3=1 S3=1 Y2=1 X2=1 Z2=1 C2=1 R2=1 S2=1 Y1=1 X1=1 Z1=1 C1=1 R1=1 S1=1 Y0=1 X0=1 Z0=2 C0=1 R0=1 S0=1] OutRegister[P=1 Q=1 Z7=1 C7=1 R7=1 S7=1 Y6=1 X6=1 Z6=1 C6=1 R6=1 S6=1 Y5=1 X5=1 Z5=1 C5=1 R5=1 S5=1 Y4=1 X4=1 Z4=1 C4=1 R4=1 S4=1 Y3=1 X3=1 Z3=1 C3=1 R3=1 S3=1 Y2=1 X2=1 Z2=1 C2=1 R2=1 S2=1 Y1=1 X1=1 Z1=1 C1=1 R1=1 S1=1 Y0=1 X0=1 Z0=1 C0=1 R0=1 S0=1] Compute] 
fsrcnn_8layer_2026-02-21T08:23:32.814132,fsrcnn,8layer,full,8,eyeriss,thesis_arch,1056,524,128,16,64,120,False,True,,1.214e+05,1.918e+07,2.48e+06,"(30698629992, 11454048000)",0.080950474323771,0.3546292781829834,DRAM[P=540 Q=8 Z7=1 C7=1 R7=1 S7=1 Y6=540 X6=8 Z6=1 C6=1 R6=1 S6=1 Y5=540 X5=8 Z5=1 C5=1 R5=1 S5=1 Y4=540 X4=8 Z4=1 C4=1 R4=1 S4=1 Y3=540 X3=8 Z3=1 C3=1 R3=1 S3=1 Y2=540 X2=8 Z2=1 C2=1 R2=1 S2=1 Y1=540 X1=8 Z1=1 C1=1 R1=1 S1=1 Y0=540 X0=8 Z0=1 C0=1 R0=1 S0=1] GlobalBuffer[P=1 Q=30 Z7=1 C7=1 R7=1 S7=1 Y6=1 X6=120 Z6=1 C6=1 R6=1 S6=1 Y5=1 X5=24 Z5=1 C5=1 R5=1 S5=1 Y4=1 X4=24 Z4=1 C4=1 R4=1 S4=1 Y3=1 X3=24 Z3=1 C3=1 R3=1 S3=1 Y2=1 X2=24 Z2=1 C2=1 R2=1 S2=1 Y1=1 X1=24 Z1=1 C1=1 R1=1 S1=1 Y0=1 X0=120 Z0=1 C0=1 R0=1 S0=1] SACols[Q=4 Z7=16] SARows[S7=3 C7=4 Z7=1] SACols_6[X6=1 Z6=56] SARows_6[S6=1 C6=12 Z6=1] SACols_5[X5=5 Z5=12] SARows_5[S5=3 C5=4 Z5=1] SACols_4[X4=5 Z4=12] SARows_4[S4=3 C4=4 Z4=1] SACols_3[X3=5 Z3=12] SARows_3[S3=3 C3=4 Z3=1] SACols_2[X2=5 Z2=12] SARows_2[S2=3 C2=4 Z2=1] SACols_1[X1=5 Z1=12] SARows_1[S1=1 C1=14 Z1=1] SACols_0[X0=1 Z0=56] SARows_0[S0=5 C0=3 Z0=1] InRegister[P=1 Q=1 Z7=1 C7=1 R7=1 S7=1 Y6=1 X6=1 Z6=1 C6=1 R6=1 S6=1 Y5=1 X5=1 Z5=1 C5=1 R5=1 S5=1 Y4=1 X4=1 Z4=1 C4=1 R4=1 S4=1 Y3=1 X3=1 Z3=1 C3=1 R3=1 S3=1 Y2=1 X2=1 Z2=1 C2=1 R2=1 S2=1 Y1=1 X1=1 Z1=1 C1=1 R1=1 S1=1 Y0=1 X0=1 Z0=1 C0=1 R0=1 S0=1] WRegister[P=1 Q=1 Z7=1 C7=14 R7=3 S7=1 Y6=1 X6=1 Z6=1 C6=1 R6=1 S6=1 Y5=1 X5=1 Z5=1 C5=3 R5=3 S5=1 Y4=1 X4=1 Z4=1 C4=3 R4=3 S4=1 Y3=1 X3=1 Z3=1 C3=3 R3=3 S3=1 Y2=1 X2=1 Z2=1 C2=3 R2=3 S2=1 Y1=1 X1=1 Z1=1 C1=4 R1=1 S1=1 Y0=1 X0=1 Z0=1 C0=1 R0=5 S0=1] IntermediateRegister[P=1 Q=1 Z7=1 C7=1 R7=1 S7=1 Y6=1 X6=1 Z6=1 C6=1 R6=1 S6=1 Y5=1 X5=1 Z5=1 C5=1 R5=1 S5=1 Y4=1 X4=1 Z4=1 C4=1 R4=1 S4=1 Y3=1 X3=1 Z3=1 C3=1 R3=1 S3=1 Y2=1 X2=1 Z2=1 C2=1 R2=1 S2=1 Y1=1 X1=1 Z1=1 C1=1 R1=1 S1=1 Y0=1 X0=1 Z0=1 C0=1 R0=1 S0=1] OutRegister[P=1 Q=1 Z7=1 C7=1 R7=1 S7=1 Y6=1 X6=1 Z6=1 C6=1 R6=1 S6=1 Y5=1 X5=1 Z5=1 C5=1 R5=1 S5=1 Y4=1 X4=1 Z4=1 C4=1 R4=1 S4=1 Y3=1 X3=1 Z3=1 C3=1 R3=1 S3=1 Y2=1 X2=1 Z2=1 C2=1 R2=1 S2=1 Y1=1 X1=1 Z1=1 C1=1 R1=1 S1=1 Y0=1 X0=1 Z0=1 C0=1 R0=1 S0=1] Compute] 
fsrcnn_8layer_2026-02-21T08:23:34.439907,fsrcnn,8layer,full,8,eyeriss,thesis_arch,1056,524,128,16,128,120,False,True,,1.214e+05,1.889e+07,2.44e+06,"(30698629992, 11454048000)",0.080950474323771,0.24219012260437012,DRAM[P=540 Q=8 Z7=1 C7=1 R7=1 S7=1 Y6=540 X6=8 Z6=1 C6=1 R6=1 S6=1 Y5=540 X5=8 Z5=1 C5=1 R5=1 S5=1 Y4=540 X4=8 Z4=1 C4=1 R4=1 S4=1 Y3=540 X3=8 Z3=1 C3=1 R3=1 S3=1 Y2=540 X2=8 Z2=1 C2=1 R2=1 S2=1 Y1=540 X1=8 Z1=1 C1=1 R1=1 S1=1 Y0=540 X0=8 Z0=1 C0=1 R0=1 S0=1] GlobalBuffer[P=1 Q=15 Z7=1 C7=1 R7=1 S7=1 Y6=1 X6=60 Z6=1 C6=1 R6=1 S6=1 Y5=1 X5=12 Z5=1 C5=1 R5=1 S5=1 Y4=1 X4=12 Z4=1 C4=1 R4=1 S4=1 Y3=1 X3=12 Z3=1 C3=1 R3=1 S3=1 Y2=1 X2=12 Z2=1 C2=1 R2=1 S2=1 Y1=1 X1=12 Z1=1 C1=1 R1=1 S1=1 Y0=1 X0=60 Z0=1 C0=1 R0=1 S0=1] SACols[Q=8 Z7=16] SARows[S7=3 C7=4 Z7=1] SACols_6[X6=2 Z6=56] SARows_6[S6=1 C6=12 Z6=1] SACols_5[X5=10 Z5=12] SARows_5[S5=3 C5=4 Z5=1] SACols_4[X4=10 Z4=12] SARows_4[S4=3 C4=4 Z4=1] SACols_3[X3=10 Z3=12] SARows_3[S3=3 C3=4 Z3=1] SACols_2[X2=10 Z2=12] SARows_2[S2=3 C2=4 Z2=1] SACols_1[X1=10 Z1=12] SARows_1[S1=1 C1=14 Z1=1] SACols_0[X0=2 Z0=56] SARows_0[S0=5 C0=3 Z0=1] InRegister[P=1 Q=1 Z7=1 C7=1 R7=1 S7=1 Y6=1 X6=1 Z6=1 C6=1 R6=1 S6=1 Y5=1 X5=1 Z5=1 C5=1 R5=1 S5=1 Y4=1 X4=1 Z4=1 C4=1 R4=1 S4=1 Y3=1 X3=1 Z3=1 C3=1 R3=1 S3=1 Y2=1 X2=1 Z2=1 C2=1 R2=1 S2=1 Y1=1 X1=1 Z1=1 C1=1 R1=1 S1=1 Y0=1 X0=1 Z0=1 C0=1 R0=1 S0=1] WRegister[P=1 Q=1 Z7=1 C7=14 R7=3 S7=1 Y6=1 X6=1 Z6=1 C6=1 R6=1 S6=1 Y5=1 X5=1 Z5=1 C5=3 R5=3 S5=1 Y4=1 X4=1 Z4=1 C4=3 R4=3 S4=1 Y3=1 X3=1 Z3=1 C3=3 R3=3 S3=1 Y2=1 X2=1 Z2=1 C2=3 R2=3 S2=1 Y1=1 X1=1 Z1=1 C1=4 R1=1 S1=1 Y0=1 X0=1 Z0=1 C0=1 R0=5 S0=1] IntermediateRegister[P=1 Q=1 Z7=1 C7=1 R7=1 S7=1 Y6=1 X6=1 Z6=1 C6=1 R6=1 S6=1 Y5=1 X5=1 Z5=1 C5=1 R5=1 S5=1 Y4=1 X4=1 Z4=1 C4=1 R4=1 S4=1 Y3=1 X3=1 Z3=1 C3=1 R3=1 S3=1 Y2=1 X2=1 Z2=1 C2=1 R2=1 S2=1 Y1=1 X1=1 Z1=1 C1=1 R1=1 S1=1 Y0=1 X0=1 Z0=1 C0=1 R0=1 S0=1] OutRegister[P=1 Q=1 Z7=1 C7=1 R7=1 S7=1 Y6=1 X6=1 Z6=1 C6=1 R6=1 S6=1 Y5=1 X5=1 Z5=1 C5=1 R5=1 S5=1 Y4=1 X4=1 Z4=1 C4=1 R4=1 S4=1 Y3=1 X3=1 Z3=1 C3=1 R3=1 S3=1 Y2=1 X2=1 Z2=1 C2=1 R2=1 S2=1 Y1=1 X1=1 Z1=1 C1=1 R1=1 S1=1 Y0=1 X0=1 Z0=1 C0=1 R0=1 S0=1] Compute] 
fsrcnn_8layer_2026-02-21T08:23:35.768096,fsrcnn,8layer,full,8,eyeriss,thesis_arch,1056,524,128,16,256,120,False,True,,1.214e+05,1.889e+07,2.44e+06,"(30698629992, 11454048000)",0.07589106967853532,0.4087035655975342,DRAM[P=540 Q=8 Z7=1 C7=1 R7=1 S7=1 Y6=540 X6=8 Z6=1 C6=1 R6=1 S6=1 Y5=540 X5=8 Z5=1 C5=1 R5=1 S5=1 Y4=540 X4=8 Z4=1 C4=1 R4=1 S4=1 Y3=540 X3=8 Z3=1 C3=1 R3=1 S3=1 Y2=540 X2=8 Z2=1 C2=1 R2=1 S2=1 Y1=540 X1=8 Z1=1 C1=1 R1=1 S1=1 Y0=540 X0=8 Z0=1 C0=1 R0=1 S0=1] GlobalBuffer[P=1 Q=8 Z7=1 C7=1 R7=1 S7=1 Y6=1 X6=30 Z6=1 C6=1 R6=1 S6=1 Y5=1 X5=6 Z5=1 C5=1 R5=1 S5=1 Y4=1 X4=6 Z4=1 C4=1 R4=1 S4=1 Y3=1 X3=6 Z3=1 C3=1 R3=1 S3=1 Y2=1 X2=6 Z2=1 C2=1 R2=1 S2=1 Y1=1 X1=6 Z1=1 C1=1 R1=1 S1=1 Y0=1 X0=30 Z0=1 C0=1 R0=1 S0=1] SACols[Q=15 Z7=16] SARows[S7=3 C7=4 Z7=1] SACols_6[X6=4 Z6=56] SARows_6[S6=1 C6=12 Z6=1] SACols_5[X5=20 Z5=12] SARows_5[S5=3 C5=4 Z5=1] SACols_4[X4=20 Z4=12] SARows_4[S4=3 C4=4 Z4=1] SACols_3[X3=20 Z3=12] SARows_3[S3=3 C3=4 Z3=1] SACols_2[X2=20 Z2=12] SARows_2[S2=3 C2=4 Z2=1] SACols_1[X1=20 Z1=12] SARows_1[S1=1 C1=14 Z1=1] SACols_0[X0=4 Z0=56] SARows_0[S0=5 C0=3 Z0=1] InRegister[P=1 Q=1 Z7=1 C7=1 R7=1 S7=1 Y6=1 X6=1 Z6=1 C6=1 R6=1 S6=1 Y5=1 X5=1 Z5=1 C5=1 R5=1 S5=1 Y4=1 X4=1 Z4=1 C4=1 R4=1 S4=1 Y3=1 X3=1 Z3=1 C3=1 R3=1 S3=1 Y2=1 X2=1 Z2=1 C2=1 R2=1 S2=1 Y1=1 X1=1 Z1=1 C1=1 R1=1 S1=1 Y0=1 X0=1 Z0=1 C0=1 R0=1 S0=1] WRegister[P=1 Q=1 Z7=1 C7=14 R7=3 S7=1 Y6=1 X6=1 Z6=1 C6=1 R6=1 S6=1 Y5=1 X5=1 Z5=1 C5=3 R5=3 S5=1 Y4=1 X4=1 Z4=1 C4=3 R4=3 S4=1 Y3=1 X3=1 Z3=1 C3=3 R3=3 S3=1 Y2=1 X2=1 Z2=1 C2=3 R2=3 S2=1 Y1=1 X1=1 Z1=1 C1=4 R1=1 S1=1 Y0=1 X0=1 Z0=1 C0=1 R0=5 S0=1] IntermediateRegister[P=1 Q=1 Z7=1 C7=1 R7=1 S7=1 Y6=1 X6=1 Z6=1 C6=1 R6=1 S6=1 Y5=1 X5=1 Z5=1 C5=1 R5=1 S5=1 Y4=1 X4=1 Z4=1 C4=1 R4=1 S4=1 Y3=1 X3=1 Z3=1 C3=1 R3=1 S3=1 Y2=1 X2=1 Z2=1 C2=1 R2=1 S2=1 Y1=1 X1=1 Z1=1 C1=1 R1=1 S1=1 Y0=1 X0=1 Z0=1 C0=1 R0=1 S0=1] OutRegister[P=1 Q=1 Z7=1 C7=1 R7=1 S7=1 Y6=1 X6=1 Z6=1 C6=1 R6=1 S6=1 Y5=1 X5=1 Z5=1 C5=1 R5=1 S5=1 Y4=1 X4=1 Z4=1 C4=1 R4=1 S4=1 Y3=1 X3=1 Z3=1 C3=1 R3=1 S3=1 Y2=1 X2=1 Z2=1 C2=1 R2=1 S2=1 Y1=1 X1=1 Z1=1 C1=1 R1=1 S1=1 Y0=1 X0=1 Z0=1 C0=1 R0=1 S0=1] Compute] 
fsrcnn_8layer_2026-02-21T08:23:36.938225,fsrcnn,8layer,full,8,eyeriss,thesis_arch,1056,524,128,16,512,120,False,True,,1.214e+05,1.889e+07,2.44e+06,"(30698629992, 11454048000)",0.07589106967853532,0.3155553340911865,DRAM[P=540 Q=8 Z7=1 C7=1 R7=1 S7=1 Y6=540 X6=8 Z6=1 C6=1 R6=1 S6=1 Y5=540 X5=8 Z5=1 C5=1 R5=1 S5=1 Y4=540 X4=8 Z4=1 C4=1 R4=1 S4=1 Y3=540 X3=8 Z3=1 C3=1 R3=1 S3=1 Y2=540 X2=8 Z2=1 C2=1 R2=1 S2=1 Y1=540 X1=8 Z1=1 C1=1 R1=1 S1=1 Y0=540 X0=8 Z0=1 C0=1 R0=1 S0=1] GlobalBuffer[P=1 Q=4 Z7=1 C7=1 R7=1 S7=1 Y6=1 X6=15 Z6=1 C6=1 R6=1 S6=1 Y5=1 X5=3 Z5=1 C5=1 R5=1 S5=1 Y4=1 X4=3 Z4=1 C4=1 R4=1 S4=1 Y3=1 X3=3 Z3=1 C3=1 R3=1 S3=1 Y2=1 X2=3 Z2=1 C2=1 R2=1 S2=1 Y1=1 X1=3 Z1=1 C1=1 R1=1 S1=1 Y0=1 X0=15 Z0=1 C0=1 R0=1 S0=1] SACols[Q=30 Z7=16] SARows[S7=3 C7=4 Z7=1] SACols_6[X6=8 Z6=56] SARows_6[S6=1 C6=12 Z6=1] SACols_5[X5=40 Z5=12] SARows_5[S5=3 C5=4 Z5=1] SACols_4[X4=40 Z4=12] SARows_4[S4=3 C4=4 Z4=1] SACols_3[X3=40 Z3=12] SARows_3[S3=3 C3=4 Z3=1] SACols_2[X2=40 Z2=12] SARows_2[S2=3 C2=4 Z2=1] SACols_1[X1=40 Z1=12] SARows_1[S1=1 C1=14 Z1=1] SACols_0[X0=8 Z0=56] SARows_0[S0=5 C0=3 Z0=1] InRegister[P=1 Q=1 Z7=1 C7=1 R7=1 S7=1 Y6=1 X6=1 Z6=1 C6=1 R6=1 S6=1 Y5=1 X5=1 Z5=1 C5=1 R5=1 S5=1 Y4=1 X4=1 Z4=1 C4=1 R4=1 S4=1 Y3=1 X3=1 Z3=1 C3=1 R3=1 S3=1 Y2=1 X2=1 Z2=1 C2=1 R2=1 S2=1 Y1=1 X1=1 Z1=1 C1=1 R1=1 S1=1 Y0=1 X0=1 Z0=1 C0=1 R0=1 S0=1] WRegister[P=1 Q=1 Z7=1 C7=14 R7=3 S7=1 Y6=1 X6=1 Z6=1 C6=1 R6=1 S6=1 Y5=1 X5=1 Z5=1 C5=3 R5=3 S5=1 Y4=1 X4=1 Z4=1 C4=3 R4=3 S4=1 Y3=1 X3=1 Z3=1 C3=3 R3=3 S3=1 Y2=1 X2=1 Z2=1 C2=3 R2=3 S2=1 Y1=1 X1=1 Z1=1 C1=4 R1=1 S1=1 Y0=1 X0=1 Z0=1 C0=1 R0=5 S0=1] IntermediateRegister[P=1 Q=1 Z7=1 C7=1 R7=1 S7=1 Y6=1 X6=1 Z6=1 C6=1 R6=1 S6=1 Y5=1 X5=1 Z5=1 C5=1 R5=1 S5=1 Y4=1 X4=1 Z4=1 C4=1 R4=1 S4=1 Y3=1 X3=1 Z3=1 C3=1 R3=1 S3=1 Y2=1 X2=1 Z2=1 C2=1 R2=1 S2=1 Y1=1 X1=1 Z1=1 C1=1 R1=1 S1=1 Y0=1 X0=1 Z0=1 C0=1 R0=1 S0=1] OutRegister[P=1 Q=1 Z7=1 C7=1 R7=1 S7=1 Y6=1 X6=1 Z6=1 C6=1 R6=1 S6=1 Y5=1 X5=1 Z5=1 C5=1 R5=1 S5=1 Y4=1 X4=1 Z4=1 C4=1 R4=1 S4=1 Y3=1 X3=1 Z3=1 C3=1 R3=1 S3=1 Y2=1 X2=1 Z2=1 C2=1 R2=1 S2=1 Y1=1 X1=1 Z1=1 C1=1 R1=1 S1=1 Y0=1 X0=1 Z0=1 C0=1 R0=1 S0=1] Compute] 
fsrcnn_8layer_2026-02-21T08:23:38.402175,fsrcnn,8layer,full,8,eyeriss,thesis_arch,1056,524,128,32,4,120,False,True,,1.103e+05,1.058e+08,1.19e+07,"(26746348392, 11317190400)",0.04619468003511429,0.41617655754089355,DRAM[P=540 Q=8 Z7=1 C7=1 R7=1 S7=1 Y6=540 X6=8 Z6=1 C6=1 R6=1 S6=1 Y5=540 X5=8 Z5=1 C5=1 R5=1 S5=1 Y4=540 X4=8 Z4=1 C4=1 R4=1 S4=1 Y3=540 X3=8 Z3=1 C3=1 R3=1 S3=1 Y2=540 X2=8 Z2=1 C2=1 R2=1 S2=1 Y1=540 X1=8 Z1=1 C1=1 R1=1 S1=1 Y0=540 X0=8 Z0=1 C0=1 R0=1 S0=1] GlobalBuffer[P=1 Q=120 Z7=1 C7=1 R7=1 S7=1 Y6=1 X6=120 Z6=1 C6=1 R6=1 S6=1 Y5=1 X5=120 Z5=1 C5=1 R5=1 S5=1 Y4=1 X4=120 Z4=1 C4=1 R4=1 S4=1 Y3=1 X3=120 Z3=1 C3=1 R3=1 S3=1 Y2=1 X2=120 Z2=1 C2=1 R2=1 S2=1 Y1=1 X1=120 Z1=1 C1=1 R1=1 S1=1 Y0=1 X0=120 Z0=1 C0=1 R0=1 S0=1] SACols[Q=1 Z7=4] SARows[S7=3 C7=8 Z7=1] SACols_6[X6=1 Z6=4] SARows_6[S6=1 C6=12 Z6=2] SACols_5[X5=1 Z5=4] SARows_5[S5=3 C5=6 Z5=1] SACols_4[X4=1 Z4=4] SARows_4[S4=3 C4=6 Z4=1] SACols_3[X3=1 Z3=4] SARows_3[S3=3 C3=6 Z3=1] SACols_2[X2=1 Z2=4] SARows_2[S2=3 C2=6 Z2=1] SACols_1[X1=1 Z1=4] SARows_1[S1=1 C1=28 Z1=1] SACols_0[X0=1 Z0=4] SARows_0[S0=5 C0=3 Z0=2] InRegister[P=1 Q=1 Z7=1 C7=1 R7=1 S7=1 Y6=1 X6=1 Z6=1 C6=1 R6=1 S6=1 Y5=1 X5=1 Z5=1 C5=1 R5=1 S5=1 Y4=1 X4=1 Z4=1 C4=1 R4=1 S4=1 Y3=1 X3=1 Z3=1 C3=1 R3=1 S3=1 Y2=1 X2=1 Z2=1 C2=1 R2=1 S2=1 Y1=1 X1=1 Z1=1 C1=1 R1=1 S1=1 Y0=1 X0=1 Z0=1 C0=1 R0=1 S0=1] WRegister[P=1 Q=1 Z7=1 C7=7 R7=3 S7=1 Y6=1 X6=1 Z6=1 C6=1 R6=1 S6=1 Y5=1 X5=1 Z5=1 C5=2 R5=3 S5=1 Y4=1 X4=1 Z4=1 C4=2 R4=3 S4=1 Y3=1 X3=1 Z3=1 C3=2 R3=3 S3=1 Y2=1 X2=1 Z2=1 C2=2 R2=3 S2=1 Y1=1 X1=1 Z1=1 C1=2 R1=1 S1=1 Y0=1 X0=1 Z0=1 C0=1 R0=5 S0=1] IntermediateRegister[P=1 Q=1 Z7=1 C7=1 R7=1 S7=1 Y6=1 X6=1 Z6=7 C6=1 R6=1 S6=1 Y5=1 X5=1 Z5=3 C5=1 R5=1 S5=1 Y4=1 X4=1 Z4=3 C4=1 R4=1 S4=1 Y3=1 X3=1 Z3=3 C3=1 R3=1 S3=1 Y2=1 X2=1 Z2=3 C2=1 R2=1 S2=1 Y1=1 X1=1 Z1=3 C1=1 R1=1 S1=1 Y0=1 X0=1 Z0=7 C0=1 R0=1 S0=1] OutRegister[P=1 Q=1 Z7=4 C7=1 R7=1 S7=1 Y6=1 X6=1 Z6=1 C6=1 R6=1 S6=1 Y5=1 X5=1 Z5=1 C5=1 R5=1 S5=1 Y4=1 X4=1 Z4=1 C4=1 R4=1 S4=1 Y3=1 X3=1 Z3=1 C3=1 R3=1 S3=1 Y2=1 X2=1 Z2=1 C2=1 R2=1 S2=1 Y1=1 X1=1 Z1=1 C1=1 R1=1 S1=1 Y0=1 X0=1 Z0=1 C0=1 R0=1 S0=1] Compute] 
fsrcnn_8layer_2026-02-21T08:23:39.918868,fsrcnn,8layer,full,8,eyeriss,thesis_arch,1056,524,128,32,16,120,False,True,,1.185e+05,3.292e+07,4.15e+06,"(29672197992, 11472710400)",0.008392945177888578,0.5176317691802979,DRAM[P=540 Q=8 Z7=1 C7=1 R7=1 S7=1 Y6=540 X6=8 Z6=1 C6=1 R6=1 S6=1 Y5=540 X5=8 Z5=1 C5=1 R5=1 S5=1 Y4=540 X4=8 Z4=1 C4=1 R4=1 S4=1 Y3=540 X3=8 Z3=1 C3=1 R3=1 S3=1 Y2=540 X2=8 Z2=1 C2=1 R2=1 S2=1 Y1=540 X1=8 Z1=1 C1=1 R1=1 S1=1 Y0=540 X0=8 Z0=1 C0=1 R0=1 S0=1] GlobalBuffer[P=1 Q=120 Z7=1 C7=1 R7=1 S7=1 Y6=1 X6=120 Z6=1 C6=1 R6=1 S6=1 Y5=1 X5=120 Z5=1 C5=1 R5=1 S5=1 Y4=1 X4=120 Z4=1 C4=1 R4=1 S4=1 Y3=1 X3=120 Z3=1 C3=1 R3=1 S3=1 Y2=1 X2=120 Z2=1 C2=1 R2=1 S2=1 Y1=1 X1=120 Z1=1 C1=1 R1=1 S1=1 Y0=1 X0=120 Z0=1 C0=1 R0=1 S0=1] SACols[Q=1 Z7=16] SARows[S7=3 C7=8 Z7=1] SACols_6[X6=1 Z6=14] SARows_6[S6=1 C6=12 Z6=2] SACols_5[X5=1 Z5=12] SARows_5[S5=3 C5=6 Z5=1] SACols_4[X4=1 Z4=12] SARows_4[S4=3 C4=6 Z4=1] SACols_3[X3=1 Z3=12] SARows_3[S3=3 C3=6 Z3=1] SACols_2[X2=1 Z2=12] SARows_2[S2=3 C2=6 Z2=1] SACols_1[X1=1 Z1=12] SARows_1[S1=1 C1=28 Z1=1] SACols_0[X0=1 Z0=14] SARows_0[S0=5 C0=3 Z0=2] InRegister[P=1 Q=1 Z7=1 C7=1 R7=1 S7=1 Y6=1 X6=1 Z6=1 C6=1 R6=1 S6=1 Y5=1 X5=1 Z5=1 C5=1 R5=1 S5=1 Y4=1 X4=1 Z4=1 C4=1 R4=1 S4=1 Y3=1 X3=1 Z3=1 C3=1 R3=1 S3=1 Y2=1 X2=1 Z2=1 C2=1 R2=1 S2=1 Y1=1 X1=1 Z1=1 C1=1 R1=1 S1=1 Y0=1 X0=1 Z0=1 C0=1 R0=1 S0=1] WRegister[P=1 Q=1 Z7=1 C7=7 R7=3 S7=1 Y6=1 X6=1 Z6=1 C6=1 R6=1 S6=1 Y5=1 X5=1 Z5=1 C5=2 R5=3 S5=1 Y4=1 X4=1 Z4=1 C4=2 R4=3 S4=1 Y3=1 X3=1 Z3=1 C3=2 R3=3 S3=1 Y2=1 X2=1 Z2=1 C2=2 R2=3 S2=1 Y1=1 X1=1 Z1=1 C1=2 R1=1 S1=1 Y0=1 X0=1 Z0=1 C0=1 R0=5 S0=1] IntermediateRegister[P=1 Q=1 Z7=1 C7=1 R7=1 S7=1 Y6=1 X6=1 Z6=2 C6=1 R6=1 S6=1 Y5=1 X5=1 Z5=1 C5=1 R5=1 S5=1 Y4=1 X4=1 Z4=1 C4=1 R4=1 S4=1 Y3=1 X3=1 Z3=1 C3=1 R3=1 S3=1 Y2=1 X2=1 Z2=1 C2=1 R2=1 S2=1 Y1=1 X1=1 Z1=1 C1=1 R1=1 S1=1 Y0=1 X0=1 Z0=2 C0=1 R0=1 S0=1] OutRegister[P=1 Q=1 Z7=1 C7=1 R7=1 S7=1 Y6=1 X6=1 Z6=1 C6=1 R6=1 S6=1 Y5=1 X5=1 Z5=1 C5=1 R5=1 S5=1 Y4=1 X4=1 Z4=1 C4=1 R4=1 S4=1 Y3=1 X3=1 Z3=1 C3=1 R3=1 S3=1 Y2=1 X2=1 Z2=1 C2=1 R2=1 S2=1 Y1=1 X1=1 Z1=1 C1=1 R1=1 S1=1 Y0=1 X0=1 Z0=1 C0=1 R0=1 S0=1] Compute] 
fsrcnn_8layer_2026-02-21T08:23:41.287619,fsrcnn,8layer,full,8,eyeriss,thesis_arch,1056,524,128,32,32,120,False,True,,1.225e+05,1.918e+07,2.50e+06,"(30935020392, 11690438400)",0.008392945177888578,0.47286558151245117,DRAM[P=540 Q=8 Z7=1 C7=1 R7=1 S7=1 Y6=540 X6=8 Z6=1 C6=1 R6=1 S6=1 Y5=540 X5=8 Z5=1 C5=1 R5=1 S5=1 Y4=540 X4=8 Z4=1 C4=1 R4=1 S4=1 Y3=540 X3=8 Z3=1 C3=1 R3=1 S3=1 Y2=540 X2=8 Z2=1 C2=1 R2=1 S2=1 Y1=540 X1=8 Z1=1 C1=1 R1=1 S1=1 Y0=540 X0=8 Z0=1 C0=1 R0=1 S0=1] GlobalBuffer[P=1 Q=60 Z7=1 C7=1 R7=1 S7=1 Y6=1 X6=120 Z6=1 C6=1 R6=1 S6=1 Y5=1 X5=60 Z5=1 C5=1 R5=1 S5=1 Y4=1 X4=60 Z4=1 C4=1 R4=1 S4=1 Y3=1 X3=60 Z3=1 C3=1 R3=1 S3=1 Y2=1 X2=60 Z2=1 C2=1 R2=1 S2=1 Y1=1 X1=60 Z1=1 C1=1 R1=1 S1=1 Y0=1 X0=120 Z0=1 C0=1 R0=1 S0=1] SACols[Q=2 Z7=16] SARows[S7=3 C7=8 Z7=1] SACols_6[X6=1 Z6=28] SARows_6[S6=1 C6=12 Z6=2] SACols_5[X5=2 Z5=12] SARows_5[S5=3 C5=6 Z5=1] SACols_4[X4=2 Z4=12] SARows_4[S4=3 C4=6 Z4=1] SACols_3[X3=2 Z3=12] SARows_3[S3=3 C3=6 Z3=1] SACols_2[X2=2 Z2=12] SARows_2[S2=3 C2=6 Z2=1] SACols_1[X1=2 Z1=12] SARows_1[S1=1 C1=28 Z1=1] SACols_0[X0=1 Z0=28] SARows_0[S0=5 C0=3 Z0=2] InRegister[P=1 Q=1 Z7=1 C7=1 R7=1 S7=1 Y6=1 X6=1 Z6=1 C6=1 R6=1 S6=1 Y5=1 X5=1 Z5=1 C5=1 R5=1 S5=1 Y4=1 X4=1 Z4=1 C4=1 R4=1 S4=1 Y3=1 X3=1 Z3=1 C3=1 R3=1 S3=1 Y2=1 X2=1 Z2=1 C2=1 R2=1 S2=1 Y1=1 X1=1 Z1=1 C1=1 R1=1 S1=1 Y0=1 X0=1 Z0=1 C0=1 R0=1 S0=1] WRegister[P=1 Q=1 Z7=1 C7=7 R7=3 S7=1 Y6=1 X6=1 Z6=1 C6=1 R6=1 S6=1 Y5=1 X5=1 Z5=1 C5=2 R5=3 S5=1 Y4=1 X4=1 Z4=1 C4=2 R4=3 S4=1 Y3=1 X3=1 Z3=1 C3=2 R3=3 S3=1 Y2=1 X2=1 Z2=1 C2=2 R2=3 S2=1 Y1=1 X1=1 Z1=1 C1=2 R1=1 S1=1 Y0=1 X0=1 Z0=1 C0=1 R0=5 S0=1] IntermediateRegister[P=1 Q=1 Z7=1 C7=1 R7=1 S7=1 Y6=1 X6=1 Z6=1 C6=1 R6=1 S6=1 Y5=1 X5=1 Z5=1 C5=1 R5=1 S5=1 Y4=1 X4=1 Z4=1 C4=1 R4=1 S4=1 Y3=1 X3=1 Z3=1 C3=1 R3=1 S3=1 Y2=1 X2=1 Z2=1 C2=1 R2=1 S2=1 Y1=1 X1=1 Z1=1 C1=1 R1=1 S1=1 Y0=1 X0=1 Z0=1 C0=1 R0=1 S0=1] OutRegister[P=1 Q=1 Z7=1 C7=1 R7=1 S7=1 Y6=1 X6=1 Z6=1 C6=1 R6=1 S6=1 Y5=1 X5=1 Z5=1 C5=1 R5=1 S5=1 Y4=1 X4=1 Z4=1 C4=1 R4=1 S4=1 Y3=1 X3=1 Z3=1 C3=1 R3=1 S3=1 Y2=1 X2=1 Z2=1 C2=1 R2=1 S2=1 Y1=1 X1=1 Z1=1 C1=1 R1=1 S1=1 Y0=1 X0=1 Z0=1 C0=1 R0=1 S0=1] Compute] 
fsrcnn_8layer_2026-02-21T08:23:42.855333,fsrcnn,8layer,full,8,eyeriss,thesis_arch,1056,524,128,32,64,120,False,True,,1.225e+05,1.918e+07,2.50e+06,"(30935020392, 11690438400)",0.006403309004126417,0.17752861976623535,DRAM[P=540 Q=8 Z7=1 C7=1 R7=1 S7=1 Y6=540 X6=8 Z6=1 C6=1 R6=1 S6=1 Y5=540 X5=8 Z5=1 C5=1 R5=1 S5=1 Y4=540 X4=8 Z4=1 C4=1 R4=1 S4=1 Y3=540 X3=8 Z3=1 C3=1 R3=1 S3=1 Y2=540 X2=8 Z2=1 C2=1 R2=1 S2=1 Y1=540 X1=8 Z1=1 C1=1 R1=1 S1=1 Y0=540 X0=8 Z0=1 C0=1 R0=1 S0=1] GlobalBuffer[P=1 Q=30 Z7=1 C7=1 R7=1 S7=1 Y6=1 X6=120 Z6=1 C6=1 R6=1 S6=1 Y5=1 X5=24 Z5=1 C5=1 R5=1 S5=1 Y4=1 X4=24 Z4=1 C4=1 R4=1 S4=1 Y3=1 X3=24 Z3=1 C3=1 R3=1 S3=1 Y2=1 X2=24 Z2=1 C2=1 R2=1 S2=1 Y1=1 X1=24 Z1=1 C1=1 R1=1 S1=1 Y0=1 X0=120 Z0=1 C0=1 R0=1 S0=1] SACols[Q=4 Z7=16] SARows[S7=3 C7=8 Z7=1] SACols_6[X6=1 Z6=56] SARows_6[S6=1 C6=12 Z6=1] SACols_5[X5=5 Z5=12] SARows_5[S5=3 C5=6 Z5=1] SACols_4[X4=5 Z4=12] SARows_4[S4=3 C4=6 Z4=1] SACols_3[X3=5 Z3=12] SARows_3[S3=3 C3=6 Z3=1] SACols_2[X2=5 Z2=12] SARows_2[S2=3 C2=6 Z2=1] SACols_1[X1=5 Z1=12] SARows_1[S1=1 C1=28 Z1=1] SACols_0[X0=1 Z0=56] SARows_0[S0=5 C0=3 Z0=1] InRegister[P=1 Q=1 Z7=1 C7=1 R7=1 S7=1 Y6=1 X6=1 Z6=1 C6=1 R6=1 S6=1 Y5=1 X5=1 Z5=1 C5=1 R5=1 S5=1 Y4=1 X4=1 Z4=1 C4=1 R4=1 S4=1 Y3=1 X3=1 Z3=1 C3=1 R3=1 S3=1 Y2=1 X2=1 Z2=1 C2=1 R2=1 S2=1 Y1=1 X1=1 Z1=1 C1=1 R1=1 S1=1 Y0=1 X0=1 Z0=1 C0=1 R0=1 S0=1] WRegister[P=1 Q=1 Z7=1 C7=7 R7=3 S7=1 Y6=1 X6=1 Z6=1 C6=1 R6=1 S6=1 Y5=1 X5=1 Z5=1 C5=2 R5=3 S5=1 Y4=1 X4=1 Z4=1 C4=2 R4=3 S4=1 Y3=1 X3=1 Z3=1 C3=2 R3=3 S3=1 Y2=1 X2=1 Z2=1 C2=2 R2=3 S2=1 Y1=1 X1=1 Z1=1 C1=2 R1=1 S1=1 Y0=1 X0=1 Z0=1 C0=1 R0=5 S0=1] IntermediateRegister[P=1 Q=1 Z7=1 C7=1 R7=1 S7=1 Y6=1 X6=1 Z6=1 C6=1 R6=1 S6=1 Y5=1 X5=1 Z5=1 C5=1 R5=1 S5=1 Y4=1 X4=1 Z4=1 C4=1 R4=1 S4=1 Y3=1 X3=1 Z3=1 C3=1 R3=1 S3=1 Y2=1 X2=1 Z2=1 C2=1 R2=1 S2=1 Y1=1 X1=1 Z1=1 C1=1 R1=1 S1=1 Y0=1 X0=1 Z0=1 C0=1 R0=1 S0=1] OutRegister[P=1 Q=1 Z7=1 C7=1 R7=1 S7=1 Y6=1 X6=1 Z6=1 C6=1 R6=1 S6=1 Y5=1 X5=1 Z5=1 C5=1 R5=1 S5=1 Y4=1 X4=1 Z4=1 C4=1 R4=1 S4=1 Y3=1 X3=1 Z3=1 C3=1 R3=1 S3=1 Y2=1 X2=1 Z2=1 C2=1 R2=1 S2=1 Y1=1 X1=1 Z1=1 C1=1 R1=1 S1=1 Y0=1 X0=1 Z0=1 C0=1 R0=1 S0=1] Compute] 
fsrcnn_8layer_2026-02-21T08:23:44.088596,fsrcnn,8layer,full,8,eyeriss,thesis_arch,1056,524,128,32,128,120,False,True,,1.225e+05,1.889e+07,2.46e+06,"(30935020392, 11690438400)",0.006403309004126417,0.30854344367980957,DRAM[P=540 Q=8 Z7=1 C7=1 R7=1 S7=1 Y6=540 X6=8 Z6=1 C6=1 R6=1 S6=1 Y5=540 X5=8 Z5=1 C5=1 R5=1 S5=1 Y4=540 X4=8 Z4=1 C4=1 R4=1 S4=1 Y3=540 X3=8 Z3=1 C3=1 R3=1 S3=1 Y2=540 X2=8 Z2=1 C2=1 R2=1 S2=1 Y1=540 X1=8 Z1=1 C1=1 R1=1 S1=1 Y0=540 X0=8 Z0=1 C0=1 R0=1 S0=1] GlobalBuffer[P=1 Q=15 Z7=1 C7=1 R7=1 S7=1 Y6=1 X6=60 Z6=1 C6=1 R6=1 S6=1 Y5=1 X5=12 Z5=1 C5=1 R5=1 S5=1 Y4=1 X4=12 Z4=1 C4=1 R4=1 S4=1 Y3=1 X3=12 Z3=1 C3=1 R3=1 S3=1 Y2=1 X2=12 Z2=1 C2=1 R2=1 S2=1 Y1=1 X1=12 Z1=1 C1=1 R1=1 S1=1 Y0=1 X0=60 Z0=1 C0=1 R0=1 S0=1] SACols[Q=8 Z7=16] SARows[S7=3 C7=8 Z7=1] SACols_6[X6=2 Z6=56] SARows_6[S6=1 C6=12 Z6=1] SACols_5[X5=10 Z5=12] SARows_5[S5=3 C5=6 Z5=1] SACols_4[X4=10 Z4=12] SARows_4[S4=3 C4=6 Z4=1] SACols_3[X3=10 Z3=12] SARows_3[S3=3 C3=6 Z3=1] SACols_2[X2=10 Z2=12] SARows_2[S2=3 C2=6 Z2=1] SACols_1[X1=10 Z1=12] SARows_1[S1=1 C1=28 Z1=1] SACols_0[X0=2 Z0=56] SARows_0[S0=5 C0=3 Z0=1] InRegister[P=1 Q=1 Z7=1 C7=1 R7=1 S7=1 Y6=1 X6=1 Z6=1 C6=1 R6=1 S6=1 Y5=1 X5=1 Z5=1 C5=1 R5=1 S5=1 Y4=1 X4=1 Z4=1 C4=1 R4=1 S4=1 Y3=1 X3=1 Z3=1 C3=1 R3=1 S3=1 Y2=1 X2=1 Z2=1 C2=1 R2=1 S2=1 Y1=1 X1=1 Z1=1 C1=1 R1=1 S1=1 Y0=1 X0=1 Z0=1 C0=1 R0=1 S0=1] WRegister[P=1 Q=1 Z7=1 C7=7 R7=3 S7=1 Y6=1 X6=1 Z6=1 C6=1 R6=1 S6=1 Y5=1 X5=1 Z5=1 C5=2 R5=3 S5=1 Y4=1 X4=1 Z4=1 C4=2 R4=3 S4=1 Y3=1 X3=1 Z3=1 C3=2 R3=3 S3=1 Y2=1 X2=1 Z2=1 C2=2 R2=3 S2=1 Y1=1 X1=1 Z1=1 C1=2 R1=1 S1=1 Y0=1 X0=1 Z0=1 C0=1 R0=5 S0=1] IntermediateRegister[P=1 Q=1 Z7=1 C7=1 R7=1 S7=1 Y6=1 X6=1 Z6=1 C6=1 R6=1 S6=1 Y5=1 X5=1 Z5=1 C5=1 R5=1 S5=1 Y4=1 X4=1 Z4=1 C4=1 R4=1 S4=1 Y3=1 X3=1 Z3=1 C3=1 R3=1 S3=1 Y2=1 X2=1 Z2=1 C2=1 R2=1 S2=1 Y1=1 X1=1 Z1=1 C1=1 R1=1 S1=1 Y0=1 X0=1 Z0=1 C0=1 R0=1 S0=1] OutRegister[P=1 Q=1 Z7=1 C7=1 R7=1 S7=1 Y6=1 X6=1 Z6=1 C6=1 R6=1 S6=1 Y5=1 X5=1 Z5=1 C5=1 R5=1 S5=1 Y4=1 X4=1 Z4=1 C4=1 R4=1 S4=1 Y3=1 X3=1 Z3=1 C3=1 R3=1 S3=1 Y2=1 X2=1 Z2=1 C2=1 R2=1 S2=1 Y1=1 X1=1 Z1=1 C1=1 R1=1 S1=1 Y0=1 X0=1 Z0=1 C0=1 R0=1 S0=1] Compute] 
fsrcnn_8layer_2026-02-21T08:23:45.244274,fsrcnn,8layer,full,8,eyeriss,thesis_arch,1056,524,128,32,256,120,False,True,,1.225e+05,1.889e+07,2.46e+06,"(30935020392, 11690438400)",0.006003102191368516,0.3517789840698242,DRAM[P=540 Q=8 Z7=1 C7=1 R7=1 S7=1 Y6=540 X6=8 Z6=1 C6=1 R6=1 S6=1 Y5=540 X5=8 Z5=1 C5=1 R5=1 S5=1 Y4=540 X4=8 Z4=1 C4=1 R4=1 S4=1 Y3=540 X3=8 Z3=1 C3=1 R3=1 S3=1 Y2=540 X2=8 Z2=1 C2=1 R2=1 S2=1 Y1=540 X1=8 Z1=1 C1=1 R1=1 S1=1 Y0=540 X0=8 Z0=1 C0=1 R0=1 S0=1] GlobalBuffer[P=1 Q=8 Z7=1 C7=1 R7=1 S7=1 Y6=1 X6=30 Z6=1 C6=1 R6=1 S6=1 Y5=1 X5=6 Z5=1 C5=1 R5=1 S5=1 Y4=1 X4=6 Z4=1 C4=1 R4=1 S4=1 Y3=1 X3=6 Z3=1 C3=1 R3=1 S3=1 Y2=1 X2=6 Z2=1 C2=1 R2=1 S2=1 Y1=1 X1=6 Z1=1 C1=1 R1=1 S1=1 Y0=1 X0=30 Z0=1 C0=1 R0=1 S0=1] SACols[Q=15 Z7=16] SARows[S7=3 C7=8 Z7=1] SACols_6[X6=4 Z6=56] SARows_6[S6=1 C6=12 Z6=1] SACols_5[X5=20 Z5=12] SARows_5[S5=3 C5=6 Z5=1] SACols_4[X4=20 Z4=12] SARows_4[S4=3 C4=6 Z4=1] SACols_3[X3=20 Z3=12] SARows_3[S3=3 C3=6 Z3=1] SACols_2[X2=20 Z2=12] SARows_2[S2=3 C2=6 Z2=1] SACols_1[X1=20 Z1=12] SARows_1[S1=1 C1=28 Z1=1] SACols_0[X0=4 Z0=56] SARows_0[S0=5 C0=3 Z0=1] InRegister[P=1 Q=1 Z7=1 C7=1 R7=1 S7=1 Y6=1 X6=1 Z6=1 C6=1 R6=1 S6=1 Y5=1 X5=1 Z5=1 C5=1 R5=1 S5=1 Y4=1 X4=1 Z4=1 C4=1 R4=1 S4=1 Y3=1 X3=1 Z3=1 C3=1 R3=1 S3=1 Y2=1 X2=1 Z2=1 C2=1 R2=1 S2=1 Y1=1 X1=1 Z1=1 C1=1 R1=1 S1=1 Y0=1 X0=1 Z0=1 C0=1 R0=1 S0=1] WRegister[P=1 Q=1 Z7=1 C7=7 R7=3 S7=1 Y6=1 X6=1 Z6=1 C6=1 R6=1 S6=1 Y5=1 X5=1 Z5=1 C5=2 R5=3 S5=1 Y4=1 X4=1 Z4=1 C4=2 R4=3 S4=1 Y3=1 X3=1 Z3=1 C3=2 R3=3 S3=1 Y2=1 X2=1 Z2=1 C2=2 R2=3 S2=1 Y1=1 X1=1 Z1=1 C1=2 R1=1 S1=1 Y0=1 X0=1 Z0=1 C0=1 R0=5 S0=1] IntermediateRegister[P=1 Q=1 Z7=1 C7=1 R7=1 S7=1 Y6=1 X6=1 Z6=1 C6=1 R6=1 S6=1 Y5=1 X5=1 Z5=1 C5=1 R5=1 S5=1 Y4=1 X4=1 Z4=1 C4=1 R4=1 S4=1 Y3=1 X3=1 Z3=1 C3=1 R3=1 S3=1 Y2=1 X2=1 Z2=1 C2=1 R2=1 S2=1 Y1=1 X1=1 Z1=1 C1=1 R1=1 S1=1 Y0=1 X0=1 Z0=1 C0=1 R0=1 S0=1] OutRegister[P=1 Q=1 Z7=1 C7=1 R7=1 S7=1 Y6=1 X6=1 Z6=1 C6=1 R6=1 S6=1 Y5=1 X5=1 Z5=1 C5=1 R5=1 S5=1 Y4=1 X4=1 Z4=1 C4=1 R4=1 S4=1 Y3=1 X3=1 Z3=1 C3=1 R3=1 S3=1 Y2=1 X2=1 Z2=1 C2=1 R2=1 S2=1 Y1=1 X1=1 Z1=1 C1=1 R1=1 S1=1 Y0=1 X0=1 Z0=1 C0=1 R0=1 S0=1] Compute] 
fsrcnn_8layer_2026-02-21T08:23:46.735874,fsrcnn,8layer,full,8,eyeriss,thesis_arch,1056,524,128,32,512,120,False,True,,1.225e+05,1.889e+07,2.46e+06,"(30935020392, 11690438400)",0.006003102191368516,0.44762539863586426,DRAM[P=540 Q=8 Z7=1 C7=1 R7=1 S7=1 Y6=540 X6=8 Z6=1 C6=1 R6=1 S6=1 Y5=540 X5=8 Z5=1 C5=1 R5=1 S5=1 Y4=540 X4=8 Z4=1 C4=1 R4=1 S4=1 Y3=540 X3=8 Z3=1 C3=1 R3=1 S3=1 Y2=540 X2=8 Z2=1 C2=1 R2=1 S2=1 Y1=540 X1=8 Z1=1 C1=1 R1=1 S1=1 Y0=540 X0=8 Z0=1 C0=1 R0=1 S0=1] GlobalBuffer[P=1 Q=4 Z7=1 C7=1 R7=1 S7=1 Y6=1 X6=15 Z6=1 C6=1 R6=1 S6=1 Y5=1 X5=3 Z5=1 C5=1 R5=1 S5=1 Y4=1 X4=3 Z4=1 C4=1 R4=1 S4=1 Y3=1 X3=3 Z3=1 C3=1 R3=1 S3=1 Y2=1 X2=3 Z2=1 C2=1 R2=1 S2=1 Y1=1 X1=3 Z1=1 C1=1 R1=1 S1=1 Y0=1 X0=15 Z0=1 C0=1 R0=1 S0=1] SACols[Q=30 Z7=16] SARows[S7=3 C7=8 Z7=1] SACols_6[X6=8 Z6=56] SARows_6[S6=1 C6=12 Z6=1] SACols_5[X5=40 Z5=12] SARows_5[S5=3 C5=6 Z5=1] SACols_4[X4=40 Z4=12] SARows_4[S4=3 C4=6 Z4=1] SACols_3[X3=40 Z3=12] SARows_3[S3=3 C3=6 Z3=1] SACols_2[X2=40 Z2=12] SARows_2[S2=3 C2=6 Z2=1] SACols_1[X1=40 Z1=12] SARows_1[S1=1 C1=28 Z1=1] SACols_0[X0=8 Z0=56] SARows_0[S0=5 C0=3 Z0=1] InRegister[P=1 Q=1 Z7=1 C7=1 R7=1 S7=1 Y6=1 X6=1 Z6=1 C6=1 R6=1 S6=1 Y5=1 X5=1 Z5=1 C5=1 R5=1 S5=1 Y4=1 X4=1 Z4=1 C4=1 R4=1 S4=1 Y3=1 X3=1 Z3=1 C3=1 R3=1 S3=1 Y2=1 X2=1 Z2=1 C2=1 R2=1 S2=1 Y1=1 X1=1 Z1=1 C1=1 R1=1 S1=1 Y0=1 X0=1 Z0=1 C0=1 R0=1 S0=1] WRegister[P=1 Q=1 Z7=1 C7=7 R7=3 S7=1 Y6=1 X6=1 Z6=1 C6=1 R6=1 S6=1 Y5=1 X5=1 Z5=1 C5=2 R5=3 S5=1 Y4=1 X4=1 Z4=1 C4=2 R4=3 S4=1 Y3=1 X3=1 Z3=1 C3=2 R3=3 S3=1 Y2=1 X2=1 Z2=1 C2=2 R2=3 S2=1 Y1=1 X1=1 Z1=1 C1=2 R1=1 S1=1 Y0=1 X0=1 Z0=1 C0=1 R0=5 S0=1] IntermediateRegister[P=1 Q=1 Z7=1 C7=1 R7=1 S7=1 Y6=1 X6=1 Z6=1 C6=1 R6=1 S6=1 Y5=1 X5=1 Z5=1 C5=1 R5=1 S5=1 Y4=1 X4=1 Z4=1 C4=1 R4=1 S4=1 Y3=1 X3=1 Z3=1 C3=1 R3=1 S3=1 Y2=1 X2=1 Z2=1 C2=1 R2=1 S2=1 Y1=1 X1=1 Z1=1 C1=1 R1=1 S1=1 Y0=1 X0=1 Z0=1 C0=1 R0=1 S0=1] OutRegister[P=1 Q=1 Z7=1 C7=1 R7=1 S7=1 Y6=1 X6=1 Z6=1 C6=1 R6=1 S6=1 Y5=1 X5=1 Z5=1 C5=1 R5=1 S5=1 Y4=1 X4=1 Z4=1 C4=1 R4=1 S4=1 Y3=1 X3=1 Z3=1 C3=1 R3=1 S3=1 Y2=1 X2=1 Z2=1 C2=1 R2=1 S2=1 Y1=1 X1=1 Z1=1 C1=1 R1=1 S1=1 Y0=1 X0=1 Z0=1 C0=1 R0=1 S0=1] Compute] 
fsrcnn_8layer_2026-02-21T08:23:48.013142,fsrcnn,8layer,full,8,eyeriss,thesis_arch,1056,524,128,64,4,120,False,True,,1.131e+05,6.752e+07,7.79e+06,"(27368428392, 11939270400)",0.01010508625768125,0.6433436870574951,DRAM[P=540 Q=8 Z7=1 C7=1 R7=1 S7=1 Y6=540 X6=8 Z6=1 C6=1 R6=1 S6=1 Y5=540 X5=8 Z5=1 C5=1 R5=1 S5=1 Y4=540 X4=8 Z4=1 C4=1 R4=1 S4=1 Y3=540 X3=8 Z3=1 C3=1 R3=1 S3=1 Y2=540 X2=8 Z2=1 C2=1 R2=1 S2=1 Y1=540 X1=8 Z1=1 C1=1 R1=1 S1=1 Y0=540 X0=8 Z0=1 C0=1 R0=1 S0=1] GlobalBuffer[P=1 Q=120 Z7=1 C7=1 R7=1 S7=1 Y6=1 X6=120 Z6=1 C6=1 R6=1 S6=1 Y5=1 X5=120 Z5=1 C5=1 R5=1 S5=1 Y4=1 X4=120 Z4=1 C4=1 R4=1 S4=1 Y3=1 X3=120 Z3=1 C3=1 R3=1 S3=1 Y2=1 X2=120 Z2=1 C2=1 R2=1 S2=1 Y1=1 X1=120 Z1=1 C1=1 R1=1 S1=1 Y0=1 X0=120 Z0=1 C0=1 R0=1 S0=1] SACols[Q=1 Z7=4] SARows[S7=3 C7=14 Z7=1] SACols_6[X6=1 Z6=4] SARows_6[S6=1 C6=12 Z6=2] SACols_5[X5=1 Z5=4] SARows_5[S5=3 C5=12 Z5=1] SACols_4[X4=1 Z4=4] SARows_4[S4=3 C4=12 Z4=1] SACols_3[X3=1 Z3=4] SARows_3[S3=3 C3=12 Z3=1] SACols_2[X2=1 Z2=4] SARows_2[S2=3 C2=12 Z2=1] SACols_1[X1=1 Z1=4] SARows_1[S1=1 C1=56 Z1=1] SACols_0[X0=1 Z0=4] SARows_0[S0=5 C0=3 Z0=2] InRegister[P=1 Q=1 Z7=1 C7=1 R7=1 S7=1 Y6=1 X6=1 Z6=1 C6=1 R6=1 S6=1 Y5=1 X5=1 Z5=1 C5=1 R5=1 S5=1 Y4=1 X4=1 Z4=1 C4=1 R4=1 S4=1 Y3=1 X3=1 Z3=1 C3=1 R3=1 S3=1 Y2=1 X2=1 Z2=1 C2=1 R2=1 S2=1 Y1=1 X1=1 Z1=1 C1=1 R1=1 S1=1 Y0=1 X0=1 Z0=1 C0=1 R0=1 S0=1] WRegister[P=1 Q=1 Z7=1 C7=4 R7=3 S7=1 Y6=1 X6=1 Z6=1 C6=1 R6=1 S6=1 Y5=1 X5=1 Z5=1 C5=1 R5=3 S5=1 Y4=1 X4=1 Z4=1 C4=1 R4=3 S4=1 Y3=1 X3=1 Z3=1 C3=1 R3=3 S3=1 Y2=1 X2=1 Z2=1 C2=1 R2=3 S2=1 Y1=1 X1=1 Z1=1 C1=1 R1=1 S1=1 Y0=1 X0=1 Z0=1 C0=1 R0=5 S0=1] IntermediateRegister[P=1 Q=1 Z7=1 C7=1 R7=1 S7=1 Y6=1 X6=1 Z6=7 C6=1 R6=1 S6=1 Y5=1 X5=1 Z5=3 C5=1 R5=1 S5=1 Y4=1 X4=1 Z4=3 C4=1 R4=1 S4=1 Y3=1 X3=1 Z3=3 C3=1 R3=1 S3=1 Y2=1 X2=1 Z2=3 C2=1 R2=1 S2=1 Y1=1 X1=1 Z1=3 C1=1 R1=1 S1=1 Y0=1 X0=1 Z0=7 C0=1 R0=1 S0=1] OutRegister[P=1 Q=1 Z7=4 C7=1 R7=1 S7=1 Y6=1 X6=1 Z6=1 C6=1 R6=1 S6=1 Y5=1 X5=1 Z5=1 C5=1 R5=1 S5=1 Y4=1 X4=1 Z4=1 C4=1 R4=1 S4=1 Y3=1 X3=1 Z3=1 C3=1 R3=1 S3=1 Y2=1 X2=1 Z2=1 C2=1 R2=1 S2=1 Y1=1 X1=1 Z1=1 C1=1 R1=1 S1=1 Y0=1 X0=1 Z0=1 C0=1 R0=1 S0=1] Compute] 
fsrcnn_8layer_2026-02-21T08:23:49.898924,fsrcnn,8layer,full,8,eyeriss,thesis_arch,1056,524,128,64,16,120,False,True,,1.253e+05,1.944e+07,2.59e+06,"(31557100392, 12312518400)",0.0073438270306525055,0.4809863567352295,DRAM[P=540 Q=8 Z7=1 C7=1 R7=1 S7=1 Y6=540 X6=8 Z6=1 C6=1 R6=1 S6=1 Y5=540 X5=8 Z5=1 C5=1 R5=1 S5=1 Y4=540 X4=8 Z4=1 C4=1 R4=1 S4=1 Y3=540 X3=8 Z3=1 C3=1 R3=1 S3=1 Y2=540 X2=8 Z2=1 C2=1 R2=1 S2=1 Y1=540 X1=8 Z1=1 C1=1 R1=1 S1=1 Y0=540 X0=8 Z0=1 C0=1 R0=1 S0=1] GlobalBuffer[P=1 Q=120 Z7=1 C7=1 R7=1 S7=1 Y6=1 X6=120 Z6=1 C6=1 R6=1 S6=1 Y5=1 X5=120 Z5=1 C5=1 R5=1 S5=1 Y4=1 X4=120 Z4=1 C4=1 R4=1 S4=1 Y3=1 X3=120 Z3=1 C3=1 R3=1 S3=1 Y2=1 X2=120 Z2=1 C2=1 R2=1 S2=1 Y1=1 X1=120 Z1=1 C1=1 R1=1 S1=1 Y0=1 X0=120 Z0=1 C0=1 R0=1 S0=1] SACols[Q=1 Z7=16] SARows[S7=3 C7=14 Z7=1] SACols_6[X6=1 Z6=14] SARows_6[S6=1 C6=12 Z6=4] SACols_5[X5=1 Z5=12] SARows_5[S5=3 C5=12 Z5=1] SACols_4[X4=1 Z4=12] SARows_4[S4=3 C4=12 Z4=1] SACols_3[X3=1 Z3=12] SARows_3[S3=3 C3=12 Z3=1] SACols_2[X2=1 Z2=12] SARows_2[S2=3 C2=12 Z2=1] SACols_1[X1=1 Z1=12] SARows_1[S1=1 C1=56 Z1=1] SACols_0[X0=1 Z0=14] SARows_0[S0=5 C0=3 Z0=4] InRegister[P=1 Q=1 Z7=1 C7=1 R7=1 S7=1 Y6=1 X6=1 Z6=1 C6=1 R6=1 S6=1 Y5=1 X5=1 Z5=1 C5=1 R5=1 S5=1 Y4=1 X4=1 Z4=1 C4=1 R4=1 S4=1 Y3=1 X3=1 Z3=1 C3=1 R3=1 S3=1 Y2=1 X2=1 Z2=1 C2=1 R2=1 S2=1 Y1=1 X1=1 Z1=1 C1=1 R1=1 S1=1 Y0=1 X0=1 Z0=1 C0=1 R0=1 S0=1] WRegister[P=1 Q=1 Z7=1 C7=4 R7=3 S7=1 Y6=1 X6=1 Z6=1 C6=1 R6=1 S6=1 Y5=1 X5=1 Z5=1 C5=1 R5=3 S5=1 Y4=1 X4=1 Z4=1 C4=1 R4=3 S4=1 Y3=1 X3=1 Z3=1 C3=1 R3=3 S3=1 Y2=1 X2=1 Z2=1 C2=1 R2=3 S2=1 Y1=1 X1=1 Z1=1 C1=1 R1=1 S1=1 Y0=1 X0=1 Z0=1 C0=1 R0=5 S0=1] IntermediateRegister[P=1 Q=1 Z7=1 C7=1 R7=1 S7=1 Y6=1 X6=1 Z6=1 C6=1 R6=1 S6=1 Y5=1 X5=1 Z5=1 C5=1 R5=1 S5=1 Y4=1 X4=1 Z4=1 C4=1 R4=1 S4=1 Y3=1 X3=1 Z3=1 C3=1 R3=1 S3=1 Y2=1 X2=1 Z2=1 C2=1 R2=1 S2=1 Y1=1 X1=1 Z1=1 C1=1 R1=1 S1=1 Y0=1 X0=1 Z0=1 C0=1 R0=1 S0=1] OutRegister[P=1 Q=1 Z7=1 C7=1 R7=1 S7=1 Y6=1 X6=1 Z6=1 C6=1 R6=1 S6=1 Y5=1 X5=1 Z5=1 C5=1 R5=1 S5=1 Y4=1 X4=1 Z4=1 C4=1 R4=1 S4=1 Y3=1 X3=1 Z3=1 C3=1 R3=1 S3=1 Y2=1 X2=1 Z2=1 C2=1 R2=1 S2=1 Y1=1 X1=1 Z1=1 C1=1 R1=1 S1=1 Y0=1 X0=1 Z0=1 C0=1 R0=1 S0=1] Compute] 
fsrcnn_8layer_2026-02-21T08:23:51.580522,fsrcnn,8layer,full,8,eyeriss,thesis_arch,1056,524,128,64,32,120,False,True,,1.253e+05,1.918e+07,2.56e+06,"(31557100392, 12312518400)",0.0018359567576631264,0.3139035701751709,DRAM[P=540 Q=8 Z7=1 C7=1 R7=1 S7=1 Y6=540 X6=8 Z6=1 C6=1 R6=1 S6=1 Y5=540 X5=8 Z5=1 C5=1 R5=1 S5=1 Y4=540 X4=8 Z4=1 C4=1 R4=1 S4=1 Y3=540 X3=8 Z3=1 C3=1 R3=1 S3=1 Y2=540 X2=8 Z2=1 C2=1 R2=1 S2=1 Y1=540 X1=8 Z1=1 C1=1 R1=1 S1=1 Y0=540 X0=8 Z0=1 C0=1 R0=1 S0=1] GlobalBuffer[P=1 Q=60 Z7=1 C7=1 R7=1 S7=1 Y6=1 X6=120 Z6=1 C6=1 R6=1 S6=1 Y5=1 X5=60 Z5=1 C5=1 R5=1 S5=1 Y4=1 X4=60 Z4=1 C4=1 R4=1 S4=1 Y3=1 X3=60 Z3=1 C3=1 R3=1 S3=1 Y2=1 X2=60 Z2=1 C2=1 R2=1 S2=1 Y1=1 X1=60 Z1=1 C1=1 R1=1 S1=1 Y0=1 X0=120 Z0=1 C0=1 R0=1 S0=1] SACols[Q=2 Z7=16] SARows[S7=3 C7=14 Z7=1] SACols_6[X6=1 Z6=28] SARows_6[S6=1 C6=12 Z6=2] SACols_5[X5=2 Z5=12] SARows_5[S5=3 C5=12 Z5=1] SACols_4[X4=2 Z4=12] SARows_4[S4=3 C4=12 Z4=1] SACols_3[X3=2 Z3=12] SARows_3[S3=3 C3=12 Z3=1] SACols_2[X2=2 Z2=12] SARows_2[S2=3 C2=12 Z2=1] SACols_1[X1=2 Z1=12] SARows_1[S1=1 C1=56 Z1=1] SACols_0[X0=1 Z0=28] SARows_0[S0=5 C0=3 Z0=2] InRegister[P=1 Q=1 Z7=1 C7=1 R7=1 S7=1 Y6=1 X6=1 Z6=1 C6=1 R6=1 S6=1 Y5=1 X5=1 Z5=1 C5=1 R5=1 S5=1 Y4=1 X4=1 Z4=1 C4=1 R4=1 S4=1 Y3=1 X3=1 Z3=1 C3=1 R3=1 S3=1 Y2=1 X2=1 Z2=1 C2=1 R2=1 S2=1 Y1=1 X1=1 Z1=1 C1=1 R1=1 S1=1 Y0=1 X0=1 Z0=1 C0=1 R0=1 S0=1] WRegister[P=1 Q=1 Z7=1 C7=4 R7=3 S7=1 Y6=1 X6=1 Z6=1 C6=1 R6=1 S6=1 Y5=1 X5=1 Z5=1 C5=1 R5=3 S5=1 Y4=1 X4=1 Z4=1 C4=1 R4=3 S4=1 Y3=1 X3=1 Z3=1 C3=1 R3=3 S3=1 Y2=1 X2=1 Z2=1 C2=1 R2=3 S2=1 Y1=1 X1=1 Z1=1 C1=1 R1=1 S1=1 Y0=1 X0=1 Z0=1 C0=1 R0=5 S0=1] IntermediateRegister[P=1 Q=1 Z7=1 C7=1 R7=1 S7=1 Y6=1 X6=1 Z6=1 C6=1 R6=1 S6=1 Y5=1 X5=1 Z5=1 C5=1 R5=1 S5=1 Y4=1 X4=1 Z4=1 C4=1 R4=1 S4=1 Y3=1 X3=1 Z3=1 C3=1 R3=1 S3=1 Y2=1 X2=1 Z2=1 C2=1 R2=1 S2=1 Y1=1 X1=1 Z1=1 C1=1 R1=1 S1=1 Y0=1 X0=1 Z0=1 C0=1 R0=1 S0=1] OutRegister[P=1 Q=1 Z7=1 C7=1 R7=1 S7=1 Y6=1 X6=1 Z6=1 C6=1 R6=1 S6=1 Y5=1 X5=1 Z5=1 C5=1 R5=1 S5=1 Y4=1 X4=1 Z4=1 C4=1 R4=1 S4=1 Y3=1 X3=1 Z3=1 C3=1 R3=1 S3=1 Y2=1 X2=1 Z2=1 C2=1 R2=1 S2=1 Y1=1 X1=1 Z1=1 C1=1 R1=1 S1=1 Y0=1 X0=1 Z0=1 C0=1 R0=1 S0=1] Compute] 
fsrcnn_8layer_2026-02-21T08:23:52.724123,fsrcnn,8layer,full,8,eyeriss,thesis_arch,1056,524,128,64,64,120,False,True,,1.253e+05,1.918e+07,2.56e+06,"(31557100392, 12312518400)",0.0014007238446526538,0.16399526596069336,DRAM[P=540 Q=8 Z7=1 C7=1 R7=1 S7=1 Y6=540 X6=8 Z6=1 C6=1 R6=1 S6=1 Y5=540 X5=8 Z5=1 C5=1 R5=1 S5=1 Y4=540 X4=8 Z4=1 C4=1 R4=1 S4=1 Y3=540 X3=8 Z3=1 C3=1 R3=1 S3=1 Y2=540 X2=8 Z2=1 C2=1 R2=1 S2=1 Y1=540 X1=8 Z1=1 C1=1 R1=1 S1=1 Y0=540 X0=8 Z0=1 C0=1 R0=1 S0=1] GlobalBuffer[P=1 Q=30 Z7=1 C7=1 R7=1 S7=1 Y6=1 X6=120 Z6=1 C6=1 R6=1 S6=1 Y5=1 X5=24 Z5=1 C5=1 R5=1 S5=1 Y4=1 X4=24 Z4=1 C4=1 R4=1 S4=1 Y3=1 X3=24 Z3=1 C3=1 R3=1 S3=1 Y2=1 X2=24 Z2=1 C2=1 R2=1 S2=1 Y1=1 X1=24 Z1=1 C1=1 R1=1 S1=1 Y0=1 X0=120 Z0=1 C0=1 R0=1 S0=1] SACols[Q=4 Z7=16] SARows[S7=3 C7=14 Z7=1] SACols_6[X6=1 Z6=56] SARows_6[S6=1 C6=12 Z6=1] SACols_5[X5=5 Z5=12] SARows_5[S5=3 C5=12 Z5=1] SACols_4[X4=5 Z4=12] SARows_4[S4=3 C4=12 Z4=1] SACols_3[X3=5 Z3=12] SARows_3[S3=3 C3=12 Z3=1] SACols_2[X2=5 Z2=12] SARows_2[S2=3 C2=12 Z2=1] SACols_1[X1=5 Z1=12] SARows_1[S1=1 C1=56 Z1=1] SACols_0[X0=1 Z0=56] SARows_0[S0=5 C0=3 Z0=1] InRegister[P=1 Q=1 Z7=1 C7=1 R7=1 S7=1 Y6=1 X6=1 Z6=1 C6=1 R6=1 S6=1 Y5=1 X5=1 Z5=1 C5=1 R5=1 S5=1 Y4=1 X4=1 Z4=1 C4=1 R4=1 S4=1 Y3=1 X3=1 Z3=1 C3=1 R3=1 S3=1 Y2=1 X2=1 Z2=1 C2=1 R2=1 S2=1 Y1=1 X1=1 Z1=1 C1=1 R1=1 S1=1 Y0=1 X0=1 Z0=1 C0=1 R0=1 S0=1] WRegister[P=1 Q=1 Z7=1 C7=4 R7=3 S7=1 Y6=1 X6=1 Z6=1 C6=1 R6=1 S6=1 Y5=1 X5=1 Z5=1 C5=1 R5=3 S5=1 Y4=1 X4=1 Z4=1 C4=1 R4=3 S4=1 Y3=1 X3=1 Z3=1 C3=1 R3=3 S3=1 Y2=1 X2=1 Z2=1 C2=1 R2=3 S2=1 Y1=1 X1=1 Z1=1 C1=1 R1=1 S1=1 Y0=1 X0=1 Z0=1 C0=1 R0=5 S0=1] IntermediateRegister[P=1 Q=1 Z7=1 C7=1 R7=1 S7=1 Y6=1 X6=1 Z6=1 C6=1 R6=1 S6=1 Y5=1 X5=1 Z5=1 C5=1 R5=1 S5=1 Y4=1 X4=1 Z4=1 C4=1 R4=1 S4=1 Y3=1 X3=1 Z3=1 C3=1 R3=1 S3=1 Y2=1 X2=1 Z2=1 C2=1 R2=1 S2=1 Y1=1 X1=1 Z1=1 C1=1 R1=1 S1=1 Y0=1 X0=1 Z0=1 C0=1 R0=1 S0=1] OutRegister[P=1 Q=1 Z7=1 C7=1 R7=1 S7=1 Y6=1 X6=1 Z6=1 C6=1 R6=1 S6=1 Y5=1 X5=1 Z5=1 C5=1 R5=1 S5=1 Y4=1 X4=1 Z4=1 C4=1 R4=1 S4=1 Y3=1 X3=1 Z3=1 C3=1 R3=1 S3=1 Y2=1 X2=1 Z2=1 C2=1 R2=1 S2=1 Y1=1 X1=1 Z1=1 C1=1 R1=1 S1=1 Y0=1 X0=1 Z0=1 C0=1 R0=1 S0=1] Compute] 
fsrcnn_8layer_2026-02-21T08:23:53.533439,fsrcnn,8layer,full,8,eyeriss,thesis_arch,1056,524,128,64,128,120,False,True,,1.253e+05,1.889e+07,2.52e+06,"(31557100392, 12312518400)",0.0014007238446526538,0.193983793258667,DRAM[P=540 Q=8 Z7=1 C7=1 R7=1 S7=1 Y6=540 X6=8 Z6=1 C6=1 R6=1 S6=1 Y5=540 X5=8 Z5=1 C5=1 R5=1 S5=1 Y4=540 X4=8 Z4=1 C4=1 R4=1 S4=1 Y3=540 X3=8 Z3=1 C3=1 R3=1 S3=1 Y2=540 X2=8 Z2=1 C2=1 R2=1 S2=1 Y1=540 X1=8 Z1=1 C1=1 R1=1 S1=1 Y0=540 X0=8 Z0=1 C0=1 R0=1 S0=1] GlobalBuffer[P=1 Q=15 Z7=1 C7=1 R7=1 S7=1 Y6=1 X6=60 Z6=1 C6=1 R6=1 S6=1 Y5=1 X5=12 Z5=1 C5=1 R5=1 S5=1 Y4=1 X4=12 Z4=1 C4=1 R4=1 S4=1 Y3=1 X3=12 Z3=1 C3=1 R3=1 S3=1 Y2=1 X2=12 Z2=1 C2=1 R2=1 S2=1 Y1=1 X1=12 Z1=1 C1=1 R1=1 S1=1 Y0=1 X0=60 Z0=1 C0=1 R0=1 S0=1] SACols[Q=8 Z7=16] SARows[S7=3 C7=14 Z7=1] SACols_6[X6=2 Z6=56] SARows_6[S6=1 C6=12 Z6=1] SACols_5[X5=10 Z5=12] SARows_5[S5=3 C5=12 Z5=1] SACols_4[X4=10 Z4=12] SARows_4[S4=3 C4=12 Z4=1] SACols_3[X3=10 Z3=12] SARows_3[S3=3 C3=12 Z3=1] SACols_2[X2=10 Z2=12] SARows_2[S2=3 C2=12 Z2=1] SACols_1[X1=10 Z1=12] SARows_1[S1=1 C1=56 Z1=1] SACols_0[X0=2 Z0=56] SARows_0[S0=5 C0=3 Z0=1] InRegister[P=1 Q=1 Z7=1 C7=1 R7=1 S7=1 Y6=1 X6=1 Z6=1 C6=1 R6=1 S6=1 Y5=1 X5=1 Z5=1 C5=1 R5=1 S5=1 Y4=1 X4=1 Z4=1 C4=1 R4=1 S4=1 Y3=1 X3=1 Z3=1 C3=1 R3=1 S3=1 Y2=1 X2=1 Z2=1 C2=1 R2=1 S2=1 Y1=1 X1=1 Z1=1 C1=1 R1=1 S1=1 Y0=1 X0=1 Z0=1 C0=1 R0=1 S0=1] WRegister[P=1 Q=1 Z7=1 C7=4 R7=3 S7=1 Y6=1 X6=1 Z6=1 C6=1 R6=1 S6=1 Y5=1 X5=1 Z5=1 C5=1 R5=3 S5=1 Y4=1 X4=1 Z4=1 C4=1 R4=3 S4=1 Y3=1 X3=1 Z3=1 C3=1 R3=3 S3=1 Y2=1 X2=1 Z2=1 C2=1 R2=3 S2=1 Y1=1 X1=1 Z1=1 C1=1 R1=1 S1=1 Y0=1 X0=1 Z0=1 C0=1 R0=5 S0=1] IntermediateRegister[P=1 Q=1 Z7=1 C7=1 R7=1 S7=1 Y6=1 X6=1 Z6=1 C6=1 R6=1 S6=1 Y5=1 X5=1 Z5=1 C5=1 R5=1 S5=1 Y4=1 X4=1 Z4=1 C4=1 R4=1 S4=1 Y3=1 X3=1 Z3=1 C3=1 R3=1 S3=1 Y2=1 X2=1 Z2=1 C2=1 R2=1 S2=1 Y1=1 X1=1 Z1=1 C1=1 R1=1 S1=1 Y0=1 X0=1 Z0=1 C0=1 R0=1 S0=1] OutRegister[P=1 Q=1 Z7=1 C7=1 R7=1 S7=1 Y6=1 X6=1 Z6=1 C6=1 R6=1 S6=1 Y5=1 X5=1 Z5=1 C5=1 R5=1 S5=1 Y4=1 X4=1 Z4=1 C4=1 R4=1 S4=1 Y3=1 X3=1 Z3=1 C3=1 R3=1 S3=1 Y2=1 X2=1 Z2=1 C2=1 R2=1 S2=1 Y1=1 X1=1 Z1=1 C1=1 R1=1 S1=1 Y0=1 X0=1 Z0=1 C0=1 R0=1 S0=1] Compute] 
fsrcnn_8layer_2026-02-21T08:23:54.390116,fsrcnn,8layer,full,8,eyeriss,thesis_arch,1056,524,128,64,256,120,False,True,,1.253e+05,1.889e+07,2.52e+06,"(31557100392, 12312518400)",0.001313178604361863,0.3242511749267578,DRAM[P=540 Q=8 Z7=1 C7=1 R7=1 S7=1 Y6=540 X6=8 Z6=1 C6=1 R6=1 S6=1 Y5=540 X5=8 Z5=1 C5=1 R5=1 S5=1 Y4=540 X4=8 Z4=1 C4=1 R4=1 S4=1 Y3=540 X3=8 Z3=1 C3=1 R3=1 S3=1 Y2=540 X2=8 Z2=1 C2=1 R2=1 S2=1 Y1=540 X1=8 Z1=1 C1=1 R1=1 S1=1 Y0=540 X0=8 Z0=1 C0=1 R0=1 S0=1] GlobalBuffer[P=1 Q=8 Z7=1 C7=1 R7=1 S7=1 Y6=1 X6=30 Z6=1 C6=1 R6=1 S6=1 Y5=1 X5=6 Z5=1 C5=1 R5=1 S5=1 Y4=1 X4=6 Z4=1 C4=1 R4=1 S4=1 Y3=1 X3=6 Z3=1 C3=1 R3=1 S3=1 Y2=1 X2=6 Z2=1 C2=1 R2=1 S2=1 Y1=1 X1=6 Z1=1 C1=1 R1=1 S1=1 Y0=1 X0=30 Z0=1 C0=1 R0=1 S0=1] SACols[Q=15 Z7=16] SARows[S7=3 C7=14 Z7=1] SACols_6[X6=4 Z6=56] SARows_6[S6=1 C6=12 Z6=1] SACols_5[X5=20 Z5=12] SARows_5[S5=3 C5=12 Z5=1] SACols_4[X4=20 Z4=12] SARows_4[S4=3 C4=12 Z4=1] SACols_3[X3=20 Z3=12] SARows_3[S3=3 C3=12 Z3=1] SACols_2[X2=20 Z2=12] SARows_2[S2=3 C2=12 Z2=1] SACols_1[X1=20 Z1=12] SARows_1[S1=1 C1=56 Z1=1] SACols_0[X0=4 Z0=56] SARows_0[S0=5 C0=3 Z0=1] InRegister[P=1 Q=1 Z7=1 C7=1 R7=1 S7=1 Y6=1 X6=1 Z6=1 C6=1 R6=1 S6=1 Y5=1 X5=1 Z5=1 C5=1 R5=1 S5=1 Y4=1 X4=1 Z4=1 C4=1 R4=1 S4=1 Y3=1 X3=1 Z3=1 C3=1 R3=1 S3=1 Y2=1 X2=1 Z2=1 C2=1 R2=1 S2=1 Y1=1 X1=1 Z1=1 C1=1 R1=1 S1=1 Y0=1 X0=1 Z0=1 C0=1 R0=1 S0=1] WRegister[P=1 Q=1 Z7=1 C7=4 R7=3 S7=1 Y6=1 X6=1 Z6=1 C6=1 R6=1 S6=1 Y5=1 X5=1 Z5=1 C5=1 R5=3 S5=1 Y4=1 X4=1 Z4=1 C4=1 R4=3 S4=1 Y3=1 X3=1 Z3=1 C3=1 R3=3 S3=1 Y2=1 X2=1 Z2=1 C2=1 R2=3 S2=1 Y1=1 X1=1 Z1=1 C1=1 R1=1 S1=1 Y0=1 X0=1 Z0=1 C0=1 R0=5 S0=1] IntermediateRegister[P=1 Q=1 Z7=1 C7=1 R7=1 S7=1 Y6=1 X6=1 Z6=1 C6=1 R6=1 S6=1 Y5=1 X5=1 Z5=1 C5=1 R5=1 S5=1 Y4=1 X4=1 Z4=1 C4=1 R4=1 S4=1 Y3=1 X3=1 Z3=1 C3=1 R3=1 S3=1 Y2=1 X2=1 Z2=1 C2=1 R2=1 S2=1 Y1=1 X1=1 Z1=1 C1=1 R1=1 S1=1 Y0=1 X0=1 Z0=1 C0=1 R0=1 S0=1] OutRegister[P=1 Q=1 Z7=1 C7=1 R7=1 S7=1 Y6=1 X6=1 Z6=1 C6=1 R6=1 S6=1 Y5=1 X5=1 Z5=1 C5=1 R5=1 S5=1 Y4=1 X4=1 Z4=1 C4=1 R4=1 S4=1 Y3=1 X3=1 Z3=1 C3=1 R3=1 S3=1 Y2=1 X2=1 Z2=1 C2=1 R2=1 S2=1 Y1=1 X1=1 Z1=1 C1=1 R1=1 S1=1 Y0=1 X0=1 Z0=1 C0=1 R0=1 S0=1] Compute] 
fsrcnn_8layer_2026-02-21T08:23:55.286524,fsrcnn,8layer,full,8,eyeriss,thesis_arch,1056,524,128,128,4,120,False,True,,1.208e+05,2.825e+07,3.53e+06,"(30062034792, 12094790400)",0.07833415499362673,0.35663604736328125,DRAM[P=540 Q=8 Z7=1 C7=1 R7=1 S7=1 Y6=540 X6=8 Z6=1 C6=1 R6=1 S6=1 Y5=540 X5=8 Z5=1 C5=1 R5=1 S5=1 Y4=540 X4=8 Z4=1 C4=1 R4=1 S4=1 Y3=540 X3=8 Z3=1 C3=1 R3=1 S3=1 Y2=540 X2=8 Z2=1 C2=1 R2=1 S2=1 Y1=540 X1=8 Z1=1 C1=1 R1=1 S1=1 Y0=540 X0=8 Z0=1 C0=1 R0=1 S0=1] GlobalBuffer[P=1 Q=120 Z7=1 C7=1 R7=1 S7=1 Y6=1 X6=120 Z6=1 C6=1 R6=1 S6=1 Y5=1 X5=120 Z5=1 C5=1 R5=1 S5=1 Y4=1 X4=120 Z4=1 C4=1 R4=1 S4=1 Y3=1 X3=120 Z3=1 C3=1 R3=1 S3=1 Y2=1 X2=120 Z2=1 C2=1 R2=1 S2=1 Y1=1 X1=120 Z1=1 C1=1 R1=1 S1=1 Y0=1 X0=120 Z0=1 C0=1 R0=1 S0=1] SACols[Q=1 Z7=4] SARows[S7=3 C7=28 Z7=1] SACols_6[X6=1 Z6=4] SARows_6[S6=1 C6=12 Z6=7] SACols_5[X5=1 Z5=4] SARows_5[S5=3 C5=12 Z5=3] SACols_4[X4=1 Z4=4] SARows_4[S4=3 C4=12 Z4=3] SACols_3[X3=1 Z3=4] SARows_3[S3=3 C3=12 Z3=3] SACols_2[X2=1 Z2=4] SARows_2[S2=3 C2=12 Z2=3] SACols_1[X1=1 Z1=4] SARows_1[S1=1 C1=56 Z1=1] SACols_0[X0=1 Z0=4] SARows_0[S0=5 C0=3 Z0=7] InRegister[P=1 Q=1 Z7=1 C7=1 R7=1 S7=1 Y6=1 X6=1 Z6=1 C6=1 R6=1 S6=1 Y5=1 X5=1 Z5=1 C5=1 R5=1 S5=1 Y4=1 X4=1 Z4=1 C4=1 R4=1 S4=1 Y3=1 X3=1 Z3=1 C3=1 R3=1 S3=1 Y2=1 X2=1 Z2=1 C2=1 R2=1 S2=1 Y1=1 X1=1 Z1=1 C1=1 R1=1 S1=1 Y0=1 X0=1 Z0=1 C0=1 R0=1 S0=1] WRegister[P=1 Q=1 Z7=1 C7=2 R7=3 S7=1 Y6=1 X6=1 Z6=1 C6=1 R6=1 S6=1 Y5=1 X5=1 Z5=1 C5=1 R5=3 S5=1 Y4=1 X4=1 Z4=1 C4=1 R4=3 S4=1 Y3=1 X3=1 Z3=1 C3=1 R3=3 S3=1 Y2=1 X2=1 Z2=1 C2=1 R2=3 S2=1 Y1=1 X1=1 Z1=1 C1=1 R1=1 S1=1 Y0=1 X0=1 Z0=1 C0=1 R0=5 S0=1] IntermediateRegister[P=1 Q=1 Z7=1 C7=1 R7=1 S7=1 Y6=1 X6=1 Z6=2 C6=1 R6=1 S6=1 Y5=1 X5=1 Z5=1 C5=1 R5=1 S5=1 Y4=1 X4=1 Z4=1 C4=1 R4=1 S4=1 Y3=1 X3=1 Z3=1 C3=1 R3=1 S3=1 Y2=1 X2=1 Z2=1 C2=1 R2=1 S2=1 Y1=1 X1=1 Z1=3 C1=1 R1=1 S1=1 Y0=1 X0=1 Z0=2 C0=1 R0=1 S0=1] OutRegister[P=1 Q=1 Z7=4 C7=1 R7=1 S7=1 Y6=1 X6=1 Z6=1 C6=1 R6=1 S6=1 Y5=1 X5=1 Z5=1 C5=1 R5=1 S5=1 Y4=1 X4=1 Z4=1 C4=1 R4=1 S4=1 Y3=1 X3=1 Z3=1 C3=1 R3=1 S3=1 Y2=1 X2=1 Z2=1 C2=1 R2=1 S2=1 Y1=1 X1=1 Z1=1 C1=1 R1=1 S1=1 Y0=1 X0=1 Z0=1 C0=1 R0=1 S0=1] Compute] 
fsrcnn_8layer_2026-02-21T08:23:56.313052,fsrcnn,8layer,full,8,eyeriss,thesis_arch,1056,524,128,128,16,120,False,True,,1.253e+05,1.918e+07,2.56e+06,"(31557100392, 12312518400)",5.73736486769727e-05,0.5151112079620361,DRAM[P=540 Q=8 Z7=1 C7=1 R7=1 S7=1 Y6=540 X6=8 Z6=1 C6=1 R6=1 S6=1 Y5=540 X5=8 Z5=1 C5=1 R5=1 S5=1 Y4=540 X4=8 Z4=1 C4=1 R4=1 S4=1 Y3=540 X3=8 Z3=1 C3=1 R3=1 S3=1 Y2=540 X2=8 Z2=1 C2=1 R2=1 S2=1 Y1=540 X1=8 Z1=1 C1=1 R1=1 S1=1 Y0=540 X0=8 Z0=1 C0=1 R0=1 S0=1] GlobalBuffer[P=1 Q=120 Z7=1 C7=1 R7=1 S7=1 Y6=1 X6=120 Z6=1 C6=1 R6=1 S6=1 Y5=1 X5=120 Z5=1 C5=1 R5=1 S5=1 Y4=1 X4=120 Z4=1 C4=1 R4=1 S4=1 Y3=1 X3=120 Z3=1 C3=1 R3=1 S3=1 Y2=1 X2=120 Z2=1 C2=1 R2=1 S2=1 Y1=1 X1=120 Z1=1 C1=1 R1=1 S1=1 Y0=1 X0=120 Z0=1 C0=1 R0=1 S0=1] SACols[Q=1 Z7=16] SARows[S7=3 C7=28 Z7=1] SACols_6[X6=1 Z6=14] SARows_6[S6=1 C6=12 Z6=4] SACols_5[X5=1 Z5=12] SARows_5[S5=3 C5=12 Z5=1] SACols_4[X4=1 Z4=12] SARows_4[S4=3 C4=12 Z4=1] SACols_3[X3=1 Z3=12] SARows_3[S3=3 C3=12 Z3=1] SACols_2[X2=1 Z2=12] SARows_2[S2=3 C2=12 Z2=1] SACols_1[X1=1 Z1=12] SARows_1[S1=1 C1=56 Z1=1] SACols_0[X0=1 Z0=14] SARows_0[S0=5 C0=3 Z0=4] InRegister[P=1 Q=1 Z7=1 C7=1 R7=1 S7=1 Y6=1 X6=1 Z6=1 C6=1 R6=1 S6=1 Y5=1 X5=1 Z5=1 C5=1 R5=1 S5=1 Y4=1 X4=1 Z4=1 C4=1 R4=1 S4=1 Y3=1 X3=1 Z3=1 C3=1 R3=1 S3=1 Y2=1 X2=1 Z2=1 C2=1 R2=1 S2=1 Y1=1 X1=1 Z1=1 C1=1 R1=1 S1=1 Y0=1 X0=1 Z0=1 C0=1 R0=1 S0=1] WRegister[P=1 Q=1 Z7=1 C7=2 R7=3 S7=1 Y6=1 X6=1 Z6=1 C6=1 R6=1 S6=1 Y5=1 X5=1 Z5=1 C5=1 R5=3 S5=1 Y4=1 X4=1 Z4=1 C4=1 R4=3 S4=1 Y3=1 X3=1 Z3=1 C3=1 R3=3 S3=1 Y2=1 X2=1 Z2=1 C2=1 R2=3 S2=1 Y1=1 X1=1 Z1=1 C1=1 R1=1 S1=1 Y0=1 X0=1 Z0=1 C0=1 R0=5 S0=1] IntermediateRegister[P=1 Q=1 Z7=1 C7=1 R7=1 S7=1 Y6=1 X6=1 Z6=1 C6=1 R6=1 S6=1 Y5=1 X5=1 Z5=1 C5=1 R5=1 S5=1 Y4=1 X4=1 Z4=1 C4=1 R4=1 S4=1 Y3=1 X3=1 Z3=1 C3=1 R3=1 S3=1 Y2=1 X2=1 Z2=1 C2=1 R2=1 S2=1 Y1=1 X1=1 Z1=1 C1=1 R1=1 S1=1 Y0=1 X0=1 Z0=1 C0=1 R0=1 S0=1] OutRegister[P=1 Q=1 Z7=1 C7=1 R7=1 S7=1 Y6=1 X6=1 Z6=1 C6=1 R6=1 S6=1 Y5=1 X5=1 Z5=1 C5=1 R5=1 S5=1 Y4=1 X4=1 Z4=1 C4=1 R4=1 S4=1 Y3=1 X3=1 Z3=1 C3=1 R3=1 S3=1 Y2=1 X2=1 Z2=1 C2=1 R2=1 S2=1 Y1=1 X1=1 Z1=1 C1=1 R1=1 S1=1 Y0=1 X0=1 Z0=1 C0=1 R0=1 S0=1] Compute] 
fsrcnn_8layer_2026-02-21T08:23:57.646474,fsrcnn,8layer,full,8,eyeriss,thesis_arch,1056,524,128,128,32,120,False,True,,1.253e+05,1.918e+07,2.56e+06,"(31557100392, 12312518400)",1.4343412169243175e-05,0.267805814743042,DRAM[P=540 Q=8 Z7=1 C7=1 R7=1 S7=1 Y6=540 X6=8 Z6=1 C6=1 R6=1 S6=1 Y5=540 X5=8 Z5=1 C5=1 R5=1 S5=1 Y4=540 X4=8 Z4=1 C4=1 R4=1 S4=1 Y3=540 X3=8 Z3=1 C3=1 R3=1 S3=1 Y2=540 X2=8 Z2=1 C2=1 R2=1 S2=1 Y1=540 X1=8 Z1=1 C1=1 R1=1 S1=1 Y0=540 X0=8 Z0=1 C0=1 R0=1 S0=1] GlobalBuffer[P=1 Q=60 Z7=1 C7=1 R7=1 S7=1 Y6=1 X6=120 Z6=1 C6=1 R6=1 S6=1 Y5=1 X5=60 Z5=1 C5=1 R5=1 S5=1 Y4=1 X4=60 Z4=1 C4=1 R4=1 S4=1 Y3=1 X3=60 Z3=1 C3=1 R3=1 S3=1 Y2=1 X2=60 Z2=1 C2=1 R2=1 S2=1 Y1=1 X1=60 Z1=1 C1=1 R1=1 S1=1 Y0=1 X0=120 Z0=1 C0=1 R0=1 S0=1] SACols[Q=2 Z7=16] SARows[S7=3 C7=28 Z7=1] SACols_6[X6=1 Z6=28] SARows_6[S6=1 C6=12 Z6=2] SACols_5[X5=2 Z5=12] SARows_5[S5=3 C5=12 Z5=1] SACols_4[X4=2 Z4=12] SARows_4[S4=3 C4=12 Z4=1] SACols_3[X3=2 Z3=12] SARows_3[S3=3 C3=12 Z3=1] SACols_2[X2=2 Z2=12] SARows_2[S2=3 C2=12 Z2=1] SACols_1[X1=2 Z1=12] SARows_1[S1=1 C1=56 Z1=1] SACols_0[X0=1 Z0=28] SARows_0[S0=5 C0=3 Z0=2] InRegister[P=1 Q=1 Z7=1 C7=1 R7=1 S7=1 Y6=1 X6=1 Z6=1 C6=1 R6=1 S6=1 Y5=1 X5=1 Z5=1 C5=1 R5=1 S5=1 Y4=1 X4=1 Z4=1 C4=1 R4=1 S4=1 Y3=1 X3=1 Z3=1 C3=1 R3=1 S3=1 Y2=1 X2=1 Z2=1 C2=1 R2=1 S2=1 Y1=1 X1=1 Z1=1 C1=1 R1=1 S1=1 Y0=1 X0=1 Z0=1 C0=1 R0=1 S0=1] WRegister[P=1 Q=1 Z7=1 C7=2 R7=3 S7=1 Y6=1 X6=1 Z6=1 C6=1 R6=1 S6=1 Y5=1 X5=1 Z5=1 C5=1 R5=3 S5=1 Y4=1 X4=1 Z4=1 C4=1 R4=3 S4=1 Y3=1 X3=1 Z3=1 C3=1 R3=3 S3=1 Y2=1 X2=1 Z2=1 C2=1 R2=3 S2=1 Y1=1 X1=1 Z1=1 C1=1 R1=1 S1=1 Y0=1 X0=1 Z0=1 C0=1 R0=5 S0=1] IntermediateRegister[P=1 Q=1 Z7=1 C7=1 R7=1 S7=1 Y6=1 X6=1 Z6=1 C6=1 R6=1 S6=1 Y5=1 X5=1 Z5=1 C5=1 R5=1 S5=1 Y4=1 X4=1 Z4=1 C4=1 R4=1 S4=1 Y3=1 X3=1 Z3=1 C3=1 R3=1 S3=1 Y2=1 X2=1 Z2=1 C2=1 R2=1 S2=1 Y1=1 X1=1 Z1=1 C1=1 R1=1 S1=1 Y0=1 X0=1 Z0=1 C0=1 R0=1 S0=1] OutRegister[P=1 Q=1 Z7=1 C7=1 R7=1 S7=1 Y6=1 X6=1 Z6=1 C6=1 R6=1 S6=1 Y5=1 X5=1 Z5=1 C5=1 R5=1 S5=1 Y4=1 X4=1 Z4=1 C4=1 R4=1 S4=1 Y3=1 X3=1 Z3=1 C3=1 R3=1 S3=1 Y2=1 X2=1 Z2=1 C2=1 R2=1 S2=1 Y1=1 X1=1 Z1=1 C1=1 R1=1 S1=1 Y0=1 X0=1 Z0=1 C0=1 R0=1 S0=1] Compute] 
fsrcnn_8layer_2026-02-21T08:23:58.304444,fsrcnn,8layer,full,8,eyeriss,thesis_arch,1056,524,128,128,64,120,False,True,,1.253e+05,1.918e+07,2.56e+06,"(31557100392, 12312518400)",1.0943155036348858e-05,0.3966255187988281,DRAM[P=540 Q=8 Z7=1 C7=1 R7=1 S7=1 Y6=540 X6=8 Z6=1 C6=1 R6=1 S6=1 Y5=540 X5=8 Z5=1 C5=1 R5=1 S5=1 Y4=540 X4=8 Z4=1 C4=1 R4=1 S4=1 Y3=540 X3=8 Z3=1 C3=1 R3=1 S3=1 Y2=540 X2=8 Z2=1 C2=1 R2=1 S2=1 Y1=540 X1=8 Z1=1 C1=1 R1=1 S1=1 Y0=540 X0=8 Z0=1 C0=1 R0=1 S0=1] GlobalBuffer[P=1 Q=30 Z7=1 C7=1 R7=1 S7=1 Y6=1 X6=120 Z6=1 C6=1 R6=1 S6=1 Y5=1 X5=24 Z5=1 C5=1 R5=1 S5=1 Y4=1 X4=24 Z4=1 C4=1 R4=1 S4=1 Y3=1 X3=24 Z3=1 C3=1 R3=1 S3=1 Y2=1 X2=24 Z2=1 C2=1 R2=1 S2=1 Y1=1 X1=24 Z1=1 C1=1 R1=1 S1=1 Y0=1 X0=120 Z0=1 C0=1 R0=1 S0=1] SACols[Q=4 Z7=16] SARows[S7=3 C7=28 Z7=1] SACols_6[X6=1 Z6=56] SARows_6[S6=1 C6=12 Z6=1] SACols_5[X5=5 Z5=12] SARows_5[S5=3 C5=12 Z5=1] SACols_4[X4=5 Z4=12] SARows_4[S4=3 C4=12 Z4=1] SACols_3[X3=5 Z3=12] SARows_3[S3=3 C3=12 Z3=1] SACols_2[X2=5 Z2=12] SARows_2[S2=3 C2=12 Z2=1] SACols_1[X1=5 Z1=12] SARows_1[S1=1 C1=56 Z1=1] SACols_0[X0=1 Z0=56] SARows_0[S0=5 C0=3 Z0=1] InRegister[P=1 Q=1 Z7=1 C7=1 R7=1 S7=1 Y6=1 X6=1 Z6=1 C6=1 R6=1 S6=1 Y5=1 X5=1 Z5=1 C5=1 R5=1 S5=1 Y4=1 X4=1 Z4=1 C4=1 R4=1 S4=1 Y3=1 X3=1 Z3=1 C3=1 R3=1 S3=1 Y2=1 X2=1 Z2=1 C2=1 R2=1 S2=1 Y1=1 X1=1 Z1=1 C1=1 R1=1 S1=1 Y0=1 X0=1 Z0=1 C0=1 R0=1 S0=1] WRegister[P=1 Q=1 Z7=1 C7=2 R7=3 S7=1 Y6=1 X6=1 Z6=1 C6=1 R6=1 S6=1 Y5=1 X5=1 Z5=1 C5=1 R5=3 S5=1 Y4=1 X4=1 Z4=1 C4=1 R4=3 S4=1 Y3=1 X3=1 Z3=1 C3=1 R3=3 S3=1 Y2=1 X2=1 Z2=1 C2=1 R2=3 S2=1 Y1=1 X1=1 Z1=1 C1=1 R1=1 S1=1 Y0=1 X0=1 Z0=1 C0=1 R0=5 S0=1] IntermediateRegister[P=1 Q=1 Z7=1 C7=1 R7=1 S7=1 Y6=1 X6=1 Z6=1 C6=1 R6=1 S6=1 Y5=1 X5=1 Z5=1 C5=1 R5=1 S5=1 Y4=1 X4=1 Z4=1 C4=1 R4=1 S4=1 Y3=1 X3=1 Z3=1 C3=1 R3=1 S3=1 Y2=1 X2=1 Z2=1 C2=1 R2=1 S2=1 Y1=1 X1=1 Z1=1 C1=1 R1=1 S1=1 Y0=1 X0=1 Z0=1 C0=1 R0=1 S0=1] OutRegister[P=1 Q=1 Z7=1 C7=1 R7=1 S7=1 Y6=1 X6=1 Z6=1 C6=1 R6=1 S6=1 Y5=1 X5=1 Z5=1 C5=1 R5=1 S5=1 Y4=1 X4=1 Z4=1 C4=1 R4=1 S4=1 Y3=1 X3=1 Z3=1 C3=1 R3=1 S3=1 Y2=1 X2=1 Z2=1 C2=1 R2=1 S2=1 Y1=1 X1=1 Z1=1 C1=1 R1=1 S1=1 Y0=1 X0=1 Z0=1 C0=1 R0=1 S0=1] Compute] 
fsrcnn_8layer_2026-02-21T08:23:59.323649,fsrcnn,8layer,full,8,eyeriss,thesis_arch,1056,524,128,128,128,120,False,True,,1.253e+05,1.889e+07,2.52e+06,"(31557100392, 12312518400)",1.0943155036348858e-05,0.4210653305053711,DRAM[P=540 Q=8 Z7=1 C7=1 R7=1 S7=1 Y6=540 X6=8 Z6=1 C6=1 R6=1 S6=1 Y5=540 X5=8 Z5=1 C5=1 R5=1 S5=1 Y4=540 X4=8 Z4=1 C4=1 R4=1 S4=1 Y3=540 X3=8 Z3=1 C3=1 R3=1 S3=1 Y2=540 X2=8 Z2=1 C2=1 R2=1 S2=1 Y1=540 X1=8 Z1=1 C1=1 R1=1 S1=1 Y0=540 X0=8 Z0=1 C0=1 R0=1 S0=1] GlobalBuffer[P=1 Q=15 Z7=1 C7=1 R7=1 S7=1 Y6=1 X6=60 Z6=1 C6=1 R6=1 S6=1 Y5=1 X5=12 Z5=1 C5=1 R5=1 S5=1 Y4=1 X4=12 Z4=1 C4=1 R4=1 S4=1 Y3=1 X3=12 Z3=1 C3=1 R3=1 S3=1 Y2=1 X2=12 Z2=1 C2=1 R2=1 S2=1 Y1=1 X1=12 Z1=1 C1=1 R1=1 S1=1 Y0=1 X0=60 Z0=1 C0=1 R0=1 S0=1] SACols[Q=8 Z7=16] SARows[S7=3 C7=28 Z7=1] SACols_6[X6=2 Z6=56] SARows_6[S6=1 C6=12 Z6=1] SACols_5[X5=10 Z5=12] SARows_5[S5=3 C5=12 Z5=1] SACols_4[X4=10 Z4=12] SARows_4[S4=3 C4=12 Z4=1] SACols_3[X3=10 Z3=12] SARows_3[S3=3 C3=12 Z3=1] SACols_2[X2=10 Z2=12] SARows_2[S2=3 C2=12 Z2=1] SACols_1[X1=10 Z1=12] SARows_1[S1=1 C1=56 Z1=1] SACols_0[X0=2 Z0=56] SARows_0[S0=5 C0=3 Z0=1] InRegister[P=1 Q=1 Z7=1 C7=1 R7=1 S7=1 Y6=1 X6=1 Z6=1 C6=1 R6=1 S6=1 Y5=1 X5=1 Z5=1 C5=1 R5=1 S5=1 Y4=1 X4=1 Z4=1 C4=1 R4=1 S4=1 Y3=1 X3=1 Z3=1 C3=1 R3=1 S3=1 Y2=1 X2=1 Z2=1 C2=1 R2=1 S2=1 Y1=1 X1=1 Z1=1 C1=1 R1=1 S1=1 Y0=1 X0=1 Z0=1 C0=1 R0=1 S0=1] WRegister[P=1 Q=1 Z7=1 C7=2 R7=3 S7=1 Y6=1 X6=1 Z6=1 C6=1 R6=1 S6=1 Y5=1 X5=1 Z5=1 C5=1 R5=3 S5=1 Y4=1 X4=1 Z4=1 C4=1 R4=3 S4=1 Y3=1 X3=1 Z3=1 C3=1 R3=3 S3=1 Y2=1 X2=1 Z2=1 C2=1 R2=3 S2=1 Y1=1 X1=1 Z1=1 C1=1 R1=1 S1=1 Y0=1 X0=1 Z0=1 C0=1 R0=5 S0=1] IntermediateRegister[P=1 Q=1 Z7=1 C7=1 R7=1 S7=1 Y6=1 X6=1 Z6=1 C6=1 R6=1 S6=1 Y5=1 X5=1 Z5=1 C5=1 R5=1 S5=1 Y4=1 X4=1 Z4=1 C4=1 R4=1 S4=1 Y3=1 X3=1 Z3=1 C3=1 R3=1 S3=1 Y2=1 X2=1 Z2=1 C2=1 R2=1 S2=1 Y1=1 X1=1 Z1=1 C1=1 R1=1 S1=1 Y0=1 X0=1 Z0=1 C0=1 R0=1 S0=1] OutRegister[P=1 Q=1 Z7=1 C7=1 R7=1 S7=1 Y6=1 X6=1 Z6=1 C6=1 R6=1 S6=1 Y5=1 X5=1 Z5=1 C5=1 R5=1 S5=1 Y4=1 X4=1 Z4=1 C4=1 R4=1 S4=1 Y3=1 X3=1 Z3=1 C3=1 R3=1 S3=1 Y2=1 X2=1 Z2=1 C2=1 R2=1 S2=1 Y1=1 X1=1 Z1=1 C1=1 R1=1 S1=1 Y0=1 X0=1 Z0=1 C0=1 R0=1 S0=1] Compute] 
fsrcnn_8layer_2026-02-21T08:24:00.593895,fsrcnn,8layer,full,8,eyeriss,thesis_arch,1056,524,128,256,4,120,False,True,,1.253e+05,1.944e+07,2.54e+06,"(31557100392, 12312518400)",0.0073438270306525055,0.33817172050476074,DRAM[P=540 Q=8 Z7=1 C7=1 R7=1 S7=1 Y6=540 X6=8 Z6=1 C6=1 R6=1 S6=1 Y5=540 X5=8 Z5=1 C5=1 R5=1 S5=1 Y4=540 X4=8 Z4=1 C4=1 R4=1 S4=1 Y3=540 X3=8 Z3=1 C3=1 R3=1 S3=1 Y2=540 X2=8 Z2=1 C2=1 R2=1 S2=1 Y1=540 X1=8 Z1=1 C1=1 R1=1 S1=1 Y0=540 X0=8 Z0=1 C0=1 R0=1 S0=1] GlobalBuffer[P=1 Q=120 Z7=1 C7=1 R7=1 S7=1 Y6=1 X6=120 Z6=1 C6=1 R6=1 S6=1 Y5=1 X5=120 Z5=1 C5=1 R5=1 S5=1 Y4=1 X4=120 Z4=1 C4=1 R4=1 S4=1 Y3=1 X3=120 Z3=1 C3=1 R3=1 S3=1 Y2=1 X2=120 Z2=1 C2=1 R2=1 S2=1 Y1=1 X1=120 Z1=1 C1=1 R1=1 S1=1 Y0=1 X0=120 Z0=1 C0=1 R0=1 S0=1] SACols[Q=1 Z7=4] SARows[S7=3 C7=56 Z7=1] SACols_6[X6=1 Z6=4] SARows_6[S6=1 C6=12 Z6=14] SACols_5[X5=1 Z5=4] SARows_5[S5=3 C5=12 Z5=3] SACols_4[X4=1 Z4=4] SARows_4[S4=3 C4=12 Z4=3] SACols_3[X3=1 Z3=4] SARows_3[S3=3 C3=12 Z3=3] SACols_2[X2=1 Z2=4] SARows_2[S2=3 C2=12 Z2=3] SACols_1[X1=1 Z1=4] SARows_1[S1=1 C1=56 Z1=3] SACols_0[X0=1 Z0=4] SARows_0[S0=5 C0=3 Z0=14] InRegister[P=1 Q=1 Z7=1 C7=1 R7=1 S7=1 Y6=1 X6=1 Z6=1 C6=1 R6=1 S6=1 Y5=1 X5=1 Z5=1 C5=1 R5=1 S5=1 Y4=1 X4=1 Z4=1 C4=1 R4=1 S4=1 Y3=1 X3=1 Z3=1 C3=1 R3=1 S3=1 Y2=1 X2=1 Z2=1 C2=1 R2=1 S2=1 Y1=1 X1=1 Z1=1 C1=1 R1=1 S1=1 Y0=1 X0=1 Z0=1 C0=1 R0=1 S0=1] WRegister[P=1 Q=1 Z7=1 C7=1 R7=3 S7=1 Y6=1 X6=1 Z6=1 C6=1 R6=1 S6=1 Y5=1 X5=1 Z5=1 C5=1 R5=3 S5=1 Y4=1 X4=1 Z4=1 C4=1 R4=3 S4=1 Y3=1 X3=1 Z3=1 C3=1 R3=3 S3=1 Y2=1 X2=1 Z2=1 C2=1 R2=3 S2=1 Y1=1 X1=1 Z1=1 C1=1 R1=1 S1=1 Y0=1 X0=1 Z0=1 C0=1 R0=5 S0=1] IntermediateRegister[P=1 Q=1 Z7=1 C7=1 R7=1 S7=1 Y6=1 X6=1 Z6=1 C6=1 R6=1 S6=1 Y5=1 X5=1 Z5=1 C5=1 R5=1 S5=1 Y4=1 X4=1 Z4=1 C4=1 R4=1 S4=1 Y3=1 X3=1 Z3=1 C3=1 R3=1 S3=1 Y2=1 X2=1 Z2=1 C2=1 R2=1 S2=1 Y1=1 X1=1 Z1=1 C1=1 R1=1 S1=1 Y0=1 X0=1 Z0=1 C0=1 R0=1 S0=1] OutRegister[P=1 Q=1 Z7=4 C7=1 R7=1 S7=1 Y6=1 X6=1 Z6=1 C6=1 R6=1 S6=1 Y5=1 X5=1 Z5=1 C5=1 R5=1 S5=1 Y4=1 X4=1 Z4=1 C4=1 R4=1 S4=1 Y3=1 X3=1 Z3=1 C3=1 R3=1 S3=1 Y2=1 X2=1 Z2=1 C2=1 R2=1 S2=1 Y1=1 X1=1 Z1=1 C1=1 R1=1 S1=1 Y0=1 X0=1 Z0=1 C0=1 R0=1 S0=1] Compute] 
fsrcnn_8layer_2026-02-21T08:24:01.940986,fsrcnn,8layer,full,8,eyeriss,thesis_arch,1056,524,128,256,16,120,False,True,,1.253e+05,1.918e+07,2.56e+06,"(31557100392, 12312518400)",4.482316302888492e-07,0.3182086944580078,DRAM[P=540 Q=8 Z7=1 C7=1 R7=1 S7=1 Y6=540 X6=8 Z6=1 C6=1 R6=1 S6=1 Y5=540 X5=8 Z5=1 C5=1 R5=1 S5=1 Y4=540 X4=8 Z4=1 C4=1 R4=1 S4=1 Y3=540 X3=8 Z3=1 C3=1 R3=1 S3=1 Y2=540 X2=8 Z2=1 C2=1 R2=1 S2=1 Y1=540 X1=8 Z1=1 C1=1 R1=1 S1=1 Y0=540 X0=8 Z0=1 C0=1 R0=1 S0=1] GlobalBuffer[P=1 Q=120 Z7=1 C7=1 R7=1 S7=1 Y6=1 X6=120 Z6=1 C6=1 R6=1 S6=1 Y5=1 X5=120 Z5=1 C5=1 R5=1 S5=1 Y4=1 X4=120 Z4=1 C4=1 R4=1 S4=1 Y3=1 X3=120 Z3=1 C3=1 R3=1 S3=1 Y2=1 X2=120 Z2=1 C2=1 R2=1 S2=1 Y1=1 X1=120 Z1=1 C1=1 R1=1 S1=1 Y0=1 X0=120 Z0=1 C0=1 R0=1 S0=1] SACols[Q=1 Z7=16] SARows[S7=3 C7=56 Z7=1] SACols_6[X6=1 Z6=14] SARows_6[S6=1 C6=12 Z6=4] SACols_5[X5=1 Z5=12] SARows_5[S5=3 C5=12 Z5=1] SACols_4[X4=1 Z4=12] SARows_4[S4=3 C4=12 Z4=1] SACols_3[X3=1 Z3=12] SARows_3[S3=3 C3=12 Z3=1] SACols_2[X2=1 Z2=12] SARows_2[S2=3 C2=12 Z2=1] SACols_1[X1=1 Z1=12] SARows_1[S1=1 C1=56 Z1=1] SACols_0[X0=1 Z0=14] SARows_0[S0=5 C0=3 Z0=4] InRegister[P=1 Q=1 Z7=1 C7=1 R7=1 S7=1 Y6=1 X6=1 Z6=1 C6=1 R6=1 S6=1 Y5=1 X5=1 Z5=1 C5=1 R5=1 S5=1 Y4=1 X4=1 Z4=1 C4=1 R4=1 S4=1 Y3=1 X3=1 Z3=1 C3=1 R3=1 S3=1 Y2=1 X2=1 Z2=1 C2=1 R2=1 S2=1 Y1=1 X1=1 Z1=1 C1=1 R1=1 S1=1 Y0=1 X0=1 Z0=1 C0=1 R0=1 S0=1] WRegister[P=1 Q=1 Z7=1 C7=1 R7=3 S7=1 Y6=1 X6=1 Z6=1 C6=1 R6=1 S6=1 Y5=1 X5=1 Z5=1 C5=1 R5=3 S5=1 Y4=1 X4=1 Z4=1 C4=1 R4=3 S4=1 Y3=1 X3=1 Z3=1 C3=1 R3=3 S3=1 Y2=1 X2=1 Z2=1 C2=1 R2=3 S2=1 Y1=1 X1=1 Z1=1 C1=1 R1=1 S1=1 Y0=1 X0=1 Z0=1 C0=1 R0=5 S0=1] IntermediateRegister[P=1 Q=1 Z7=1 C7=1 R7=1 S7=1 Y6=1 X6=1 Z6=1 C6=1 R6=1 S6=1 Y5=1 X5=1 Z5=1 C5=1 R5=1 S5=1 Y4=1 X4=1 Z4=1 C4=1 R4=1 S4=1 Y3=1 X3=1 Z3=1 C3=1 R3=1 S3=1 Y2=1 X2=1 Z2=1 C2=1 R2=1 S2=1 Y1=1 X1=1 Z1=1 C1=1 R1=1 S1=1 Y0=1 X0=1 Z0=1 C0=1 R0=1 S0=1] OutRegister[P=1 Q=1 Z7=1 C7=1 R7=1 S7=1 Y6=1 X6=1 Z6=1 C6=1 R6=1 S6=1 Y5=1 X5=1 Z5=1 C5=1 R5=1 S5=1 Y4=1 X4=1 Z4=1 C4=1 R4=1 S4=1 Y3=1 X3=1 Z3=1 C3=1 R3=1 S3=1 Y2=1 X2=1 Z2=1 C2=1 R2=1 S2=1 Y1=1 X1=1 Z1=1 C1=1 R1=1 S1=1 Y0=1 X0=1 Z0=1 C0=1 R0=1 S0=1] Compute] 
fsrcnn_8layer_2026-02-21T08:24:02.996454,fsrcnn,8layer,full,8,eyeriss,thesis_arch,1056,524,128,256,32,120,False,True,,1.253e+05,1.918e+07,2.56e+06,"(31557100392, 12312518400)",1.120579075722123e-07,0.34890246391296387,DRAM[P=540 Q=8 Z7=1 C7=1 R7=1 S7=1 Y6=540 X6=8 Z6=1 C6=1 R6=1 S6=1 Y5=540 X5=8 Z5=1 C5=1 R5=1 S5=1 Y4=540 X4=8 Z4=1 C4=1 R4=1 S4=1 Y3=540 X3=8 Z3=1 C3=1 R3=1 S3=1 Y2=540 X2=8 Z2=1 C2=1 R2=1 S2=1 Y1=540 X1=8 Z1=1 C1=1 R1=1 S1=1 Y0=540 X0=8 Z0=1 C0=1 R0=1 S0=1] GlobalBuffer[P=1 Q=60 Z7=1 C7=1 R7=1 S7=1 Y6=1 X6=120 Z6=1 C6=1 R6=1 S6=1 Y5=1 X5=60 Z5=1 C5=1 R5=1 S5=1 Y4=1 X4=60 Z4=1 C4=1 R4=1 S4=1 Y3=1 X3=60 Z3=1 C3=1 R3=1 S3=1 Y2=1 X2=60 Z2=1 C2=1 R2=1 S2=1 Y1=1 X1=60 Z1=1 C1=1 R1=1 S1=1 Y0=1 X0=120 Z0=1 C0=1 R0=1 S0=1] SACols[Q=2 Z7=16] SARows[S7=3 C7=56 Z7=1] SACols_6[X6=1 Z6=28] SARows_6[S6=1 C6=12 Z6=2] SACols_5[X5=2 Z5=12] SARows_5[S5=3 C5=12 Z5=1] SACols_4[X4=2 Z4=12] SARows_4[S4=3 C4=12 Z4=1] SACols_3[X3=2 Z3=12] SARows_3[S3=3 C3=12 Z3=1] SACols_2[X2=2 Z2=12] SARows_2[S2=3 C2=12 Z2=1] SACols_1[X1=2 Z1=12] SARows_1[S1=1 C1=56 Z1=1] SACols_0[X0=1 Z0=28] SARows_0[S0=5 C0=3 Z0=2] InRegister[P=1 Q=1 Z7=1 C7=1 R7=1 S7=1 Y6=1 X6=1 Z6=1 C6=1 R6=1 S6=1 Y5=1 X5=1 Z5=1 C5=1 R5=1 S5=1 Y4=1 X4=1 Z4=1 C4=1 R4=1 S4=1 Y3=1 X3=1 Z3=1 C3=1 R3=1 S3=1 Y2=1 X2=1 Z2=1 C2=1 R2=1 S2=1 Y1=1 X1=1 Z1=1 C1=1 R1=1 S1=1 Y0=1 X0=1 Z0=1 C0=1 R0=1 S0=1] WRegister[P=1 Q=1 Z7=1 C7=1 R7=3 S7=1 Y6=1 X6=1 Z6=1 C6=1 R6=1 S6=1 Y5=1 X5=1 Z5=1 C5=1 R5=3 S5=1 Y4=1 X4=1 Z4=1 C4=1 R4=3 S4=1 Y3=1 X3=1 Z3=1 C3=1 R3=3 S3=1 Y2=1 X2=1 Z2=1 C2=1 R2=3 S2=1 Y1=1 X1=1 Z1=1 C1=1 R1=1 S1=1 Y0=1 X0=1 Z0=1 C0=1 R0=5 S0=1] IntermediateRegister[P=1 Q=1 Z7=1 C7=1 R7=1 S7=1 Y6=1 X6=1 Z6=1 C6=1 R6=1 S6=1 Y5=1 X5=1 Z5=1 C5=1 R5=1 S5=1 Y4=1 X4=1 Z4=1 C4=1 R4=1 S4=1 Y3=1 X3=1 Z3=1 C3=1 R3=1 S3=1 Y2=1 X2=1 Z2=1 C2=1 R2=1 S2=1 Y1=1 X1=1 Z1=1 C1=1 R1=1 S1=1 Y0=1 X0=1 Z0=1 C0=1 R0=1 S0=1] OutRegister[P=1 Q=1 Z7=1 C7=1 R7=1 S7=1 Y6=1 X6=1 Z6=1 C6=1 R6=1 S6=1 Y5=1 X5=1 Z5=1 C5=1 R5=1 S5=1 Y4=1 X4=1 Z4=1 C4=1 R4=1 S4=1 Y3=1 X3=1 Z3=1 C3=1 R3=1 S3=1 Y2=1 X2=1 Z2=1 C2=1 R2=1 S2=1 Y1=1 X1=1 Z1=1 C1=1 R1=1 S1=1 Y0=1 X0=1 Z0=1 C0=1 R0=1 S0=1] Compute] 
fsrcnn_8layer_2026-02-21T08:24:04.481142,fsrcnn,8layer,full,8,eyeriss,thesis_arch,1056,524,128,256,64,120,False,True,,1.253e+05,1.918e+07,2.56e+06,"(31557100392, 12312518400)",8.549339872147545e-08,0.4112842082977295,DRAM[P=540 Q=8 Z7=1 C7=1 R7=1 S7=1 Y6=540 X6=8 Z6=1 C6=1 R6=1 S6=1 Y5=540 X5=8 Z5=1 C5=1 R5=1 S5=1 Y4=540 X4=8 Z4=1 C4=1 R4=1 S4=1 Y3=540 X3=8 Z3=1 C3=1 R3=1 S3=1 Y2=540 X2=8 Z2=1 C2=1 R2=1 S2=1 Y1=540 X1=8 Z1=1 C1=1 R1=1 S1=1 Y0=540 X0=8 Z0=1 C0=1 R0=1 S0=1] GlobalBuffer[P=1 Q=30 Z7=1 C7=1 R7=1 S7=1 Y6=1 X6=120 Z6=1 C6=1 R6=1 S6=1 Y5=1 X5=24 Z5=1 C5=1 R5=1 S5=1 Y4=1 X4=24 Z4=1 C4=1 R4=1 S4=1 Y3=1 X3=24 Z3=1 C3=1 R3=1 S3=1 Y2=1 X2=24 Z2=1 C2=1 R2=1 S2=1 Y1=1 X1=24 Z1=1 C1=1 R1=1 S1=1 Y0=1 X0=120 Z0=1 C0=1 R0=1 S0=1] SACols[Q=4 Z7=16] SARows[S7=3 C7=56 Z7=1] SACols_6[X6=1 Z6=56] SARows_6[S6=1 C6=12 Z6=1] SACols_5[X5=5 Z5=12] SARows_5[S5=3 C5=12 Z5=1] SACols_4[X4=5 Z4=12] SARows_4[S4=3 C4=12 Z4=1] SACols_3[X3=5 Z3=12] SARows_3[S3=3 C3=12 Z3=1] SACols_2[X2=5 Z2=12] SARows_2[S2=3 C2=12 Z2=1] SACols_1[X1=5 Z1=12] SARows_1[S1=1 C1=56 Z1=1] SACols_0[X0=1 Z0=56] SARows_0[S0=5 C0=3 Z0=1] InRegister[P=1 Q=1 Z7=1 C7=1 R7=1 S7=1 Y6=1 X6=1 Z6=1 C6=1 R6=1 S6=1 Y5=1 X5=1 Z5=1 C5=1 R5=1 S5=1 Y4=1 X4=1 Z4=1 C4=1 R4=1 S4=1 Y3=1 X3=1 Z3=1 C3=1 R3=1 S3=1 Y2=1 X2=1 Z2=1 C2=1 R2=1 S2=1 Y1=1 X1=1 Z1=1 C1=1 R1=1 S1=1 Y0=1 X0=1 Z0=1 C0=1 R0=1 S0=1] WRegister[P=1 Q=1 Z7=1 C7=1 R7=3 S7=1 Y6=1 X6=1 Z6=1 C6=1 R6=1 S6=1 Y5=1 X5=1 Z5=1 C5=1 R5=3 S5=1 Y4=1 X4=1 Z4=1 C4=1 R4=3 S4=1 Y3=1 X3=1 Z3=1 C3=1 R3=3 S3=1 Y2=1 X2=1 Z2=1 C2=1 R2=3 S2=1 Y1=1 X1=1 Z1=1 C1=1 R1=1 S1=1 Y0=1 X0=1 Z0=1 C0=1 R0=5 S0=1] IntermediateRegister[P=1 Q=1 Z7=1 C7=1 R7=1 S7=1 Y6=1 X6=1 Z6=1 C6=1 R6=1 S6=1 Y5=1 X5=1 Z5=1 C5=1 R5=1 S5=1 Y4=1 X4=1 Z4=1 C4=1 R4=1 S4=1 Y3=1 X3=1 Z3=1 C3=1 R3=1 S3=1 Y2=1 X2=1 Z2=1 C2=1 R2=1 S2=1 Y1=1 X1=1 Z1=1 C1=1 R1=1 S1=1 Y0=1 X0=1 Z0=1 C0=1 R0=1 S0=1] OutRegister[P=1 Q=1 Z7=1 C7=1 R7=1 S7=1 Y6=1 X6=1 Z6=1 C6=1 R6=1 S6=1 Y5=1 X5=1 Z5=1 C5=1 R5=1 S5=1 Y4=1 X4=1 Z4=1 C4=1 R4=1 S4=1 Y3=1 X3=1 Z3=1 C3=1 R3=1 S3=1 Y2=1 X2=1 Z2=1 C2=1 R2=1 S2=1 Y1=1 X1=1 Z1=1 C1=1 R1=1 S1=1 Y0=1 X0=1 Z0=1 C0=1 R0=1 S0=1] Compute] 
fsrcnn_8layer_2026-02-21T08:24:05.980985,fsrcnn,8layer,full,8,eyeriss,thesis_arch,1056,524,128,512,4,120,False,True,,1.253e+05,1.918e+07,2.52e+06,"(31557100392, 12312518400)",5.73736486769727e-05,0.23833298683166504,DRAM[P=540 Q=8 Z7=1 C7=1 R7=1 S7=1 Y6=540 X6=8 Z6=1 C6=1 R6=1 S6=1 Y5=540 X5=8 Z5=1 C5=1 R5=1 S5=1 Y4=540 X4=8 Z4=1 C4=1 R4=1 S4=1 Y3=540 X3=8 Z3=1 C3=1 R3=1 S3=1 Y2=540 X2=8 Z2=1 C2=1 R2=1 S2=1 Y1=540 X1=8 Z1=1 C1=1 R1=1 S1=1 Y0=540 X0=8 Z0=1 C0=1 R0=1 S0=1] GlobalBuffer[P=1 Q=120 Z7=1 C7=1 R7=1 S7=1 Y6=1 X6=120 Z6=1 C6=1 R6=1 S6=1 Y5=1 X5=120 Z5=1 C5=1 R5=1 S5=1 Y4=1 X4=120 Z4=1 C4=1 R4=1 S4=1 Y3=1 X3=120 Z3=1 C3=1 R3=1 S3=1 Y2=1 X2=120 Z2=1 C2=1 R2=1 S2=1 Y1=1 X1=120 Z1=1 C1=1 R1=1 S1=1 Y0=1 X0=120 Z0=1 C0=1 R0=1 S0=1] SACols[Q=1 Z7=4] SARows[S7=3 C7=56 Z7=2] SACols_6[X6=1 Z6=4] SARows_6[S6=1 C6=12 Z6=14] SACols_5[X5=1 Z5=4] SARows_5[S5=3 C5=12 Z5=3] SACols_4[X4=1 Z4=4] SARows_4[S4=3 C4=12 Z4=3] SACols_3[X3=1 Z3=4] SARows_3[S3=3 C3=12 Z3=3] SACols_2[X2=1 Z2=4] SARows_2[S2=3 C2=12 Z2=3] SACols_1[X1=1 Z1=4] SARows_1[S1=1 C1=56 Z1=3] SACols_0[X0=1 Z0=4] SARows_0[S0=5 C0=3 Z0=14] InRegister[P=1 Q=1 Z7=1 C7=1 R7=1 S7=1 Y6=1 X6=1 Z6=1 C6=1 R6=1 S6=1 Y5=1 X5=1 Z5=1 C5=1 R5=1 S5=1 Y4=1 X4=1 Z4=1 C4=1 R4=1 S4=1 Y3=1 X3=1 Z3=1 C3=1 R3=1 S3=1 Y2=1 X2=1 Z2=1 C2=1 R2=1 S2=1 Y1=1 X1=1 Z1=1 C1=1 R1=1 S1=1 Y0=1 X0=1 Z0=1 C0=1 R0=1 S0=1] WRegister[P=1 Q=1 Z7=1 C7=1 R7=3 S7=1 Y6=1 X6=1 Z6=1 C6=1 R6=1 S6=1 Y5=1 X5=1 Z5=1 C5=1 R5=3 S5=1 Y4=1 X4=1 Z4=1 C4=1 R4=3 S4=1 Y3=1 X3=1 Z3=1 C3=1 R3=3 S3=1 Y2=1 X2=1 Z2=1 C2=1 R2=3 S2=1 Y1=1 X1=1 Z1=1 C1=1 R1=1 S1=1 Y0=1 X0=1 Z0=1 C0=1 R0=5 S0=1] IntermediateRegister[P=1 Q=1 Z7=1 C7=1 R7=1 S7=1 Y6=1 X6=1 Z6=1 C6=1 R6=1 S6=1 Y5=1 X5=1 Z5=1 C5=1 R5=1 S5=1 Y4=1 X4=1 Z4=1 C4=1 R4=1 S4=1 Y3=1 X3=1 Z3=1 C3=1 R3=1 S3=1 Y2=1 X2=1 Z2=1 C2=1 R2=1 S2=1 Y1=1 X1=1 Z1=1 C1=1 R1=1 S1=1 Y0=1 X0=1 Z0=1 C0=1 R0=1 S0=1] OutRegister[P=1 Q=1 Z7=2 C7=1 R7=1 S7=1 Y6=1 X6=1 Z6=1 C6=1 R6=1 S6=1 Y5=1 X5=1 Z5=1 C5=1 R5=1 S5=1 Y4=1 X4=1 Z4=1 C4=1 R4=1 S4=1 Y3=1 X3=1 Z3=1 C3=1 R3=1 S3=1 Y2=1 X2=1 Z2=1 C2=1 R2=1 S2=1 Y1=1 X1=1 Z1=1 C1=1 R1=1 S1=1 Y0=1 X0=1 Z0=1 C0=1 R0=1 S0=1] Compute] 
fsrcnn_8layer_2026-02-21T08:24:07.258180,fsrcnn,8layer,full,8,eyeriss,thesis_arch,1056,524,128,512,16,120,False,True,,1.253e+05,1.918e+07,2.56e+06,"(31557100392, 12312518400)",1.7509048058158172e-09,0.3982720375061035,DRAM[P=540 Q=8 Z7=1 C7=1 R7=1 S7=1 Y6=540 X6=8 Z6=1 C6=1 R6=1 S6=1 Y5=540 X5=8 Z5=1 C5=1 R5=1 S5=1 Y4=540 X4=8 Z4=1 C4=1 R4=1 S4=1 Y3=540 X3=8 Z3=1 C3=1 R3=1 S3=1 Y2=540 X2=8 Z2=1 C2=1 R2=1 S2=1 Y1=540 X1=8 Z1=1 C1=1 R1=1 S1=1 Y0=540 X0=8 Z0=1 C0=1 R0=1 S0=1] GlobalBuffer[P=1 Q=120 Z7=1 C7=1 R7=1 S7=1 Y6=1 X6=120 Z6=1 C6=1 R6=1 S6=1 Y5=1 X5=120 Z5=1 C5=1 R5=1 S5=1 Y4=1 X4=120 Z4=1 C4=1 R4=1 S4=1 Y3=1 X3=120 Z3=1 C3=1 R3=1 S3=1 Y2=1 X2=120 Z2=1 C2=1 R2=1 S2=1 Y1=1 X1=120 Z1=1 C1=1 R1=1 S1=1 Y0=1 X0=120 Z0=1 C0=1 R0=1 S0=1] SACols[Q=1 Z7=16] SARows[S7=3 C7=56 Z7=1] SACols_6[X6=1 Z6=14] SARows_6[S6=1 C6=12 Z6=4] SACols_5[X5=1 Z5=12] SARows_5[S5=3 C5=12 Z5=1] SACols_4[X4=1 Z4=12] SARows_4[S4=3 C4=12 Z4=1] SACols_3[X3=1 Z3=12] SARows_3[S3=3 C3=12 Z3=1] SACols_2[X2=1 Z2=12] SARows_2[S2=3 C2=12 Z2=1] SACols_1[X1=1 Z1=12] SARows_1[S1=1 C1=56 Z1=1] SACols_0[X0=1 Z0=14] SARows_0[S0=5 C0=3 Z0=4] InRegister[P=1 Q=1 Z7=1 C7=1 R7=1 S7=1 Y6=1 X6=1 Z6=1 C6=1 R6=1 S6=1 Y5=1 X5=1 Z5=1 C5=1 R5=1 S5=1 Y4=1 X4=1 Z4=1 C4=1 R4=1 S4=1 Y3=1 X3=1 Z3=1 C3=1 R3=1 S3=1 Y2=1 X2=1 Z2=1 C2=1 R2=1 S2=1 Y1=1 X1=1 Z1=1 C1=1 R1=1 S1=1 Y0=1 X0=1 Z0=1 C0=1 R0=1 S0=1] WRegister[P=1 Q=1 Z7=1 C7=1 R7=3 S7=1 Y6=1 X6=1 Z6=1 C6=1 R6=1 S6=1 Y5=1 X5=1 Z5=1 C5=1 R5=3 S5=1 Y4=1 X4=1 Z4=1 C4=1 R4=3 S4=1 Y3=1 X3=1 Z3=1 C3=1 R3=3 S3=1 Y2=1 X2=1 Z2=1 C2=1 R2=3 S2=1 Y1=1 X1=1 Z1=1 C1=1 R1=1 S1=1 Y0=1 X0=1 Z0=1 C0=1 R0=5 S0=1] IntermediateRegister[P=1 Q=1 Z7=1 C7=1 R7=1 S7=1 Y6=1 X6=1 Z6=1 C6=1 R6=1 S6=1 Y5=1 X5=1 Z5=1 C5=1 R5=1 S5=1 Y4=1 X4=1 Z4=1 C4=1 R4=1 S4=1 Y3=1 X3=1 Z3=1 C3=1 R3=1 S3=1 Y2=1 X2=1 Z2=1 C2=1 R2=1 S2=1 Y1=1 X1=1 Z1=1 C1=1 R1=1 S1=1 Y0=1 X0=1 Z0=1 C0=1 R0=1 S0=1] OutRegister[P=1 Q=1 Z7=1 C7=1 R7=1 S7=1 Y6=1 X6=1 Z6=1 C6=1 R6=1 S6=1 Y5=1 X5=1 Z5=1 C5=1 R5=1 S5=1 Y4=1 X4=1 Z4=1 C4=1 R4=1 S4=1 Y3=1 X3=1 Z3=1 C3=1 R3=1 S3=1 Y2=1 X2=1 Z2=1 C2=1 R2=1 S2=1 Y1=1 X1=1 Z1=1 C1=1 R1=1 S1=1 Y0=1 X0=1 Z0=1 C0=1 R0=1 S0=1] Compute] 
fsrcnn_8layer_2026-02-21T08:24:08.598340,fsrcnn,8layer,full,8,eyeriss,thesis_arch,1056,524,128,512,32,120,False,True,,1.253e+05,1.918e+07,2.56e+06,"(31557100392, 12312518400)",4.377262014539543e-10,0.31264805793762207,DRAM[P=540 Q=8 Z7=1 C7=1 R7=1 S7=1 Y6=540 X6=8 Z6=1 C6=1 R6=1 S6=1 Y5=540 X5=8 Z5=1 C5=1 R5=1 S5=1 Y4=540 X4=8 Z4=1 C4=1 R4=1 S4=1 Y3=540 X3=8 Z3=1 C3=1 R3=1 S3=1 Y2=540 X2=8 Z2=1 C2=1 R2=1 S2=1 Y1=540 X1=8 Z1=1 C1=1 R1=1 S1=1 Y0=540 X0=8 Z0=1 C0=1 R0=1 S0=1] GlobalBuffer[P=1 Q=60 Z7=1 C7=1 R7=1 S7=1 Y6=1 X6=120 Z6=1 C6=1 R6=1 S6=1 Y5=1 X5=60 Z5=1 C5=1 R5=1 S5=1 Y4=1 X4=60 Z4=1 C4=1 R4=1 S4=1 Y3=1 X3=60 Z3=1 C3=1 R3=1 S3=1 Y2=1 X2=60 Z2=1 C2=1 R2=1 S2=1 Y1=1 X1=60 Z1=1 C1=1 R1=1 S1=1 Y0=1 X0=120 Z0=1 C0=1 R0=1 S0=1] SACols[Q=2 Z7=16] SARows[S7=3 C7=56 Z7=1] SACols_6[X6=1 Z6=28] SARows_6[S6=1 C6=12 Z6=2] SACols_5[X5=2 Z5=12] SARows_5[S5=3 C5=12 Z5=1] SACols_4[X4=2 Z4=12] SARows_4[S4=3 C4=12 Z4=1] SACols_3[X3=2 Z3=12] SARows_3[S3=3 C3=12 Z3=1] SACols_2[X2=2 Z2=12] SARows_2[S2=3 C2=12 Z2=1] SACols_1[X1=2 Z1=12] SARows_1[S1=1 C1=56 Z1=1] SACols_0[X0=1 Z0=28] SARows_0[S0=5 C0=3 Z0=2] InRegister[P=1 Q=1 Z7=1 C7=1 R7=1 S7=1 Y6=1 X6=1 Z6=1 C6=1 R6=1 S6=1 Y5=1 X5=1 Z5=1 C5=1 R5=1 S5=1 Y4=1 X4=1 Z4=1 C4=1 R4=1 S4=1 Y3=1 X3=1 Z3=1 C3=1 R3=1 S3=1 Y2=1 X2=1 Z2=1 C2=1 R2=1 S2=1 Y1=1 X1=1 Z1=1 C1=1 R1=1 S1=1 Y0=1 X0=1 Z0=1 C0=1 R0=1 S0=1] WRegister[P=1 Q=1 Z7=1 C7=1 R7=3 S7=1 Y6=1 X6=1 Z6=1 C6=1 R6=1 S6=1 Y5=1 X5=1 Z5=1 C5=1 R5=3 S5=1 Y4=1 X4=1 Z4=1 C4=1 R4=3 S4=1 Y3=1 X3=1 Z3=1 C3=1 R3=3 S3=1 Y2=1 X2=1 Z2=1 C2=1 R2=3 S2=1 Y1=1 X1=1 Z1=1 C1=1 R1=1 S1=1 Y0=1 X0=1 Z0=1 C0=1 R0=5 S0=1] IntermediateRegister[P=1 Q=1 Z7=1 C7=1 R7=1 S7=1 Y6=1 X6=1 Z6=1 C6=1 R6=1 S6=1 Y5=1 X5=1 Z5=1 C5=1 R5=1 S5=1 Y4=1 X4=1 Z4=1 C4=1 R4=1 S4=1 Y3=1 X3=1 Z3=1 C3=1 R3=1 S3=1 Y2=1 X2=1 Z2=1 C2=1 R2=1 S2=1 Y1=1 X1=1 Z1=1 C1=1 R1=1 S1=1 Y0=1 X0=1 Z0=1 C0=1 R0=1 S0=1] OutRegister[P=1 Q=1 Z7=1 C7=1 R7=1 S7=1 Y6=1 X6=1 Z6=1 C6=1 R6=1 S6=1 Y5=1 X5=1 Z5=1 C5=1 R5=1 S5=1 Y4=1 X4=1 Z4=1 C4=1 R4=1 S4=1 Y3=1 X3=1 Z3=1 C3=1 R3=1 S3=1 Y2=1 X2=1 Z2=1 C2=1 R2=1 S2=1 Y1=1 X1=1 Z1=1 C1=1 R1=1 S1=1 Y0=1 X0=1 Z0=1 C0=1 R0=1 S0=1] Compute] 
fsrcnn_8layer_2026-02-21T08:24:09.951389,fsrcnn,8layer,full,8,eyeriss,thesis_arch,1056,524,128,4,4,120,False,False,"Arch: Eyeriss_Constrained_8L_tile120_4x4 -> Level: SARows_0: Failed to fit comp to arch because the level's constraint (S0: 4) does not divide comp dimension S0 (5) exactly. To compensate, consider setting 'Settings.PADDED_MAPPINGS' to True.",0.000e+00,0.000e+00,0.00e+00,0,0.0,0.0,
fsrcnn_8layer_2026-02-21T08:24:10.905141,fsrcnn,8layer,full,8,eyeriss,thesis_arch,1056,524,128,4,16,120,False,False,"Arch: Eyeriss_Constrained_8L_tile120_16x4 -> Level: SARows_0: Failed to fit comp to arch because the level's constraint (S0: 4) does not divide comp dimension S0 (5) exactly. To compensate, consider setting 'Settings.PADDED_MAPPINGS' to True.",0.000e+00,0.000e+00,0.00e+00,0,0.0,0.0,
fsrcnn_8layer_2026-02-21T08:24:12.023041,fsrcnn,8layer,full,8,eyeriss,thesis_arch,1056,524,128,4,32,120,False,False,"Arch: Eyeriss_Constrained_8L_tile120_32x4 -> Level: SARows_0: Failed to fit comp to arch because the level's constraint (S0: 4) does not divide comp dimension S0 (5) exactly. To compensate, consider setting 'Settings.PADDED_MAPPINGS' to True.",0.000e+00,0.000e+00,0.00e+00,0,0.0,0.0,
fsrcnn_8layer_2026-02-21T08:24:12.846848,fsrcnn,8layer,full,8,eyeriss,thesis_arch,1056,524,128,4,64,120,False,False,"Arch: Eyeriss_Constrained_8L_tile120_64x4 -> Level: SARows_0: Failed to fit comp to arch because the level's constraint (S0: 4) does not divide comp dimension S0 (5) exactly. To compensate, consider setting 'Settings.PADDED_MAPPINGS' to True.",0.000e+00,0.000e+00,0.00e+00,0,0.0,0.0,
fsrcnn_8layer_2026-02-21T08:24:13.437005,fsrcnn,8layer,full,8,eyeriss,thesis_arch,1056,524,128,4,128,120,False,False,"Arch: Eyeriss_Constrained_8L_tile120_128x4 -> Level: SARows_0: Failed to fit comp to arch because the level's constraint (S0: 4) does not divide comp dimension S0 (5) exactly. To compensate, consider setting 'Settings.PADDED_MAPPINGS' to True.",0.000e+00,0.000e+00,0.00e+00,0,0.0,0.0,
fsrcnn_8layer_2026-02-21T08:24:14.094293,fsrcnn,8layer,full,8,eyeriss,thesis_arch,1056,524,128,4,256,120,False,False,"Arch: Eyeriss_Constrained_8L_tile120_256x4 -> Level: SARows_0: Failed to fit comp to arch because the level's constraint (S0: 4) does not divide comp dimension S0 (5) exactly. To compensate, consider setting 'Settings.PADDED_MAPPINGS' to True.",0.000e+00,0.000e+00,0.00e+00,0,0.0,0.0,
fsrcnn_8layer_2026-02-21T08:24:15.147564,fsrcnn,8layer,full,8,eyeriss,thesis_arch,1056,524,128,4,512,120,False,False,"Arch: Eyeriss_Constrained_8L_tile120_512x4 -> Level: SARows_0: Failed to fit comp to arch because the level's constraint (S0: 4) does not divide comp dimension S0 (5) exactly. To compensate, consider setting 'Settings.PADDED_MAPPINGS' to True.",0.000e+00,0.000e+00,0.00e+00,0,0.0,0.0,
fsrcnn_8layer_2026-02-21T08:24:15.972780,fsrcnn,8layer,full,8,eyeriss,thesis_arch,1056,524,128,16,4,120,False,True,,1.234e+05,1.928e+08,2.42e+07,"(26329554792, 11049696000)",0.1459980010986328,0.4828827381134033,DRAM[P=540 Q=8 Z7=1 C7=1 R7=1 S7=1 Y6=540 X6=8 Z6=1 C6=1 R6=1 S6=1 Y5=540 X5=8 Z5=1 C5=1 R5=1 S5=1 Y4=540 X4=8 Z4=1 C4=1 R4=1 S4=1 Y3=540 X3=8 Z3=1 C3=1 R3=1 S3=1 Y2=540 X2=8 Z2=1 C2=1 R2=1 S2=1 Y1=540 X1=8 Z1=1 C1=1 R1=1 S1=1 Y0=540 X0=8 Z0=1 C0=1 R0=1 S0=1] GlobalBuffer[P=1 Q=120 Z7=1 C7=1 R7=1 S7=1 Y6=1 X6=120 Z6=1 C6=1 R6=1 S6=1 Y5=1 X5=120 Z5=1 C5=1 R5=1 S5=1 Y4=1 X4=120 Z4=1 C4=1 R4=1 S4=1 Y3=1 X3=120 Z3=1 C3=1 R3=1 S3=1 Y2=1 X2=120 Z2=1 C2=1 R2=1 S2=1 Y1=1 X1=120 Z1=1 C1=1 R1=1 S1=1 Y0=1 X0=120 Z0=1 C0=1 R0=1 S0=1] SACols[Q=1 Z7=4] SARows[S7=3 C7=4 Z7=1] SACols_6[X6=1 Z6=4] SARows_6[S6=1 C6=12 Z6=1] SACols_5[X5=1 Z5=4] SARows_5[S5=3 C5=4 Z5=1] SACols_4[X4=1 Z4=4] SARows_4[S4=3 C4=4 Z4=1] SACols_3[X3=1 Z3=4] SARows_3[S3=3 C3=4 Z3=1] SACols_2[X2=1 Z2=4] SARows_2[S2=3 C2=4 Z2=1] SACols_1[X1=1 Z1=4] SARows_1[S1=1 C1=14 Z1=1] SACols_0[X0=1 Z0=4] SARows_0[S0=5 C0=3 Z0=1] InRegister[P=1 Q=1 Z7=1 C7=1 R7=1 S7=1 Y6=1 X6=1 Z6=1 C6=1 R6=1 S6=1 Y5=1 X5=1 Z5=1 C5=1 R5=1 S5=1 Y4=1 X4=1 Z4=1 C4=1 R4=1 S4=1 Y3=1 X3=1 Z3=1 C3=1 R3=1 S3=1 Y2=1 X2=1 Z2=1 C2=1 R2=1 S2=1 Y1=1 X1=1 Z1=1 C1=1 R1=1 S1=1 Y0=1 X0=1 Z0=1 C0=1 R0=1 S0=1] WRegister[P=1 Q=1 Z7=1 C7=14 R7=3 S7=1 Y6=1 X6=1 Z6=1 C6=1 R6=1 S6=1 Y5=1 X5=1 Z5=1 C5=3 R5=3 S5=1 Y4=1 X4=1 Z4=1 C4=3 R4=3 S4=1 Y3=1 X3=1 Z3=1 C3=3 R3=3 S3=1 Y2=1 X2=1 Z2=1 C2=3 R2=3 S2=1 Y1=1 X1=1 Z1=1 C1=4 R1=1 S1=1 Y0=1 X0=1 Z0=1 C0=1 R0=5 S0=1] IntermediateRegister[P=1 Q=1 Z7=1 C7=1 R7=1 S7=1 Y6=1 X6=1 Z6=14 C6=1 R6=1 S6=1 Y5=1 X5=1 Z5=3 C5=1 R5=1 S5=1 Y4=1 X4=1 Z4=3 C4=1 R4=1 S4=1 Y3=1 X3=1 Z3=3 C3=1 R3=1 S3=1 Y2=1 X2=1 Z2=3 C2=1 R2=1 S2=1 Y1=1 X1=1 Z1=3 C1=1 R1=1 S1=1 Y0=1 X0=1 Z0=14 C0=1 R0=1 S0=1] OutRegister[P=1 Q=1 Z7=4 C7=1 R7=1 S7=1 Y6=1 X6=1 Z6=1 C6=1 R6=1 S6=1 Y5=1 X5=1 Z5=1 C5=1 R5=1 S5=1 Y4=1 X4=1 Z4=1 C4=1 R4=1 S4=1 Y3=1 X3=1 Z3=1 C3=1 R3=1 S3=1 Y2=1 X2=1 Z2=1 C2=1 R2=1 S2=1 Y1=1 X1=1 Z1=1 C1=1 R1=1 S1=1 Y0=1 X0=1 Z0=1 C0=1 R0=1 S0=1] Compute] 
fsrcnn_8layer_2026-02-21T08:24:17.258209,fsrcnn,8layer,full,8,eyeriss,thesis_arch,1056,524,128,16,16,120,False,True,,1.302e+05,5.521e+07,7.59e+06,"(28804396392, 11127456000)",0.026525851426413283,0.7061247825622559,DRAM[P=540 Q=8 Z7=1 C7=1 R7=1 S7=1 Y6=540 X6=8 Z6=1 C6=1 R6=1 S6=1 Y5=540 X5=8 Z5=1 C5=1 R5=1 S5=1 Y4=540 X4=8 Z4=1 C4=1 R4=1 S4=1 Y3=540 X3=8 Z3=1 C3=1 R3=1 S3=1 Y2=540 X2=8 Z2=1 C2=1 R2=1 S2=1 Y1=540 X1=8 Z1=1 C1=1 R1=1 S1=1 Y0=540 X0=8 Z0=1 C0=1 R0=1 S0=1] GlobalBuffer[P=1 Q=120 Z7=1 C7=1 R7=1 S7=1 Y6=1 X6=120 Z6=1 C6=1 R6=1 S6=1 Y5=1 X5=120 Z5=1 C5=1 R5=1 S5=1 Y4=1 X4=120 Z4=1 C4=1 R4=1 S4=1 Y3=1 X3=120 Z3=1 C3=1 R3=1 S3=1 Y2=1 X2=120 Z2=1 C2=1 R2=1 S2=1 Y1=1 X1=120 Z1=1 C1=1 R1=1 S1=1 Y0=1 X0=120 Z0=1 C0=1 R0=1 S0=1] SACols[Q=1 Z7=16] SARows[S7=3 C7=4 Z7=1] SACols_6[X6=1 Z6=14] SARows_6[S6=1 C6=12 Z6=1] SACols_5[X5=1 Z5=12] SARows_5[S5=3 C5=4 Z5=1] SACols_4[X4=1 Z4=12] SARows_4[S4=3 C4=4 Z4=1] SACols_3[X3=1 Z3=12] SARows_3[S3=3 C3=4 Z3=1] SACols_2[X2=1 Z2=12] SARows_2[S2=3 C2=4 Z2=1] SACols_1[X1=1 Z1=12] SARows_1[S1=1 C1=14 Z1=1] SACols_0[X0=1 Z0=14] SARows_0[S0=5 C0=3 Z0=1] InRegister[P=1 Q=1 Z7=1 C7=1 R7=1 S7=1 Y6=1 X6=1 Z6=1 C6=1 R6=1 S6=1 Y5=1 X5=1 Z5=1 C5=1 R5=1 S5=1 Y4=1 X4=1 Z4=1 C4=1 R4=1 S4=1 Y3=1 X3=1 Z3=1 C3=1 R3=1 S3=1 Y2=1 X2=1 Z2=1 C2=1 R2=1 S2=1 Y1=1 X1=1 Z1=1 C1=1 R1=1 S1=1 Y0=1 X0=1 Z0=1 C0=1 R0=1 S0=1] WRegister[P=1 Q=1 Z7=1 C7=14 R7=3 S7=1 Y6=1 X6=1 Z6=1 C6=1 R6=1 S6=1 Y5=1 X5=1 Z5=1 C5=3 R5=3 S5=1 Y4=1 X4=1 Z4=1 C4=3 R4=3 S4=1 Y3=1 X3=1 Z3=1 C3=3 R3=3 S3=1 Y2=1 X2=1 Z2=1 C2=3 R2=3 S2=1 Y1=1 X1=1 Z1=1 C1=4 R1=1 S1=1 Y0=1 X0=1 Z0=1 C0=1 R0=5 S0=1] IntermediateRegister[P=1 Q=1 Z7=1 C7=1 R7=1 S7=1 Y6=1 X6=1 Z6=4 C6=1 R6=1 S6=1 Y5=1 X5=1 Z5=1 C5=1 R5=1 S5=1 Y4=1 X4=1 Z4=1 C4=1 R4=1 S4=1 Y3=1 X3=1 Z3=1 C3=1 R3=1 S3=1 Y2=1 X2=1 Z2=1 C2=1 R2=1 S2=1 Y1=1 X1=1 Z1=1 C1=1 R1=1 S1=1 Y0=1 X0=1 Z0=4 C0=1 R0=1 S0=1] OutRegister[P=1 Q=1 Z7=1 C7=1 R7=1 S7=1 Y6=1 X6=1 Z6=1 C6=1 R6=1 S6=1 Y5=1 X5=1 Z5=1 C5=1 R5=1 S5=1 Y4=1 X4=1 Z4=1 C4=1 R4=1 S4=1 Y3=1 X3=1 Z3=1 C3=1 R3=1 S3=1 Y2=1 X2=1 Z2=1 C2=1 R2=1 S2=1 Y1=1 X1=1 Z1=1 C1=1 R1=1 S1=1 Y0=1 X0=1 Z0=1 C0=1 R0=1 S0=1] Compute] 
fsrcnn_8layer_2026-02-21T08:24:19.428515,fsrcnn,8layer,full,8,eyeriss,thesis_arch,1056,524,128,16,32,120,False,True,,1.321e+05,2.981e+07,4.16e+06,"(29435807592, 11236320000)",0.026525851426413283,0.4474475383758545,DRAM[P=540 Q=8 Z7=1 C7=1 R7=1 S7=1 Y6=540 X6=8 Z6=1 C6=1 R6=1 S6=1 Y5=540 X5=8 Z5=1 C5=1 R5=1 S5=1 Y4=540 X4=8 Z4=1 C4=1 R4=1 S4=1 Y3=540 X3=8 Z3=1 C3=1 R3=1 S3=1 Y2=540 X2=8 Z2=1 C2=1 R2=1 S2=1 Y1=540 X1=8 Z1=1 C1=1 R1=1 S1=1 Y0=540 X0=8 Z0=1 C0=1 R0=1 S0=1] GlobalBuffer[P=1 Q=60 Z7=1 C7=1 R7=1 S7=1 Y6=1 X6=120 Z6=1 C6=1 R6=1 S6=1 Y5=1 X5=60 Z5=1 C5=1 R5=1 S5=1 Y4=1 X4=60 Z4=1 C4=1 R4=1 S4=1 Y3=1 X3=60 Z3=1 C3=1 R3=1 S3=1 Y2=1 X2=60 Z2=1 C2=1 R2=1 S2=1 Y1=1 X1=60 Z1=1 C1=1 R1=1 S1=1 Y0=1 X0=120 Z0=1 C0=1 R0=1 S0=1] SACols[Q=2 Z7=16] SARows[S7=3 C7=4 Z7=1] SACols_6[X6=1 Z6=28] SARows_6[S6=1 C6=12 Z6=1] SACols_5[X5=2 Z5=12] SARows_5[S5=3 C5=4 Z5=1] SACols_4[X4=2 Z4=12] SARows_4[S4=3 C4=4 Z4=1] SACols_3[X3=2 Z3=12] SARows_3[S3=3 C3=4 Z3=1] SACols_2[X2=2 Z2=12] SARows_2[S2=3 C2=4 Z2=1] SACols_1[X1=2 Z1=12] SARows_1[S1=1 C1=14 Z1=1] SACols_0[X0=1 Z0=28] SARows_0[S0=5 C0=3 Z0=1] InRegister[P=1 Q=1 Z7=1 C7=1 R7=1 S7=1 Y6=1 X6=1 Z6=1 C6=1 R6=1 S6=1 Y5=1 X5=1 Z5=1 C5=1 R5=1 S5=1 Y4=1 X4=1 Z4=1 C4=1 R4=1 S4=1 Y3=1 X3=1 Z3=1 C3=1 R3=1 S3=1 Y2=1 X2=1 Z2=1 C2=1 R2=1 S2=1 Y1=1 X1=1 Z1=1 C1=1 R1=1 S1=1 Y0=1 X0=1 Z0=1 C0=1 R0=1 S0=1] WRegister[P=1 Q=1 Z7=1 C7=14 R7=3 S7=1 Y6=1 X6=1 Z6=1 C6=1 R6=1 S6=1 Y5=1 X5=1 Z5=1 C5=3 R5=3 S5=1 Y4=1 X4=1 Z4=1 C4=3 R4=3 S4=1 Y3=1 X3=1 Z3=1 C3=3 R3=3 S3=1 Y2=1 X2=1 Z2=1 C2=3 R2=3 S2=1 Y1=1 X1=1 Z1=1 C1=4 R1=1 S1=1 Y0=1 X0=1 Z0=1 C0=1 R0=5 S0=1] IntermediateRegister[P=1 Q=1 Z7=1 C7=1 R7=1 S7=1 Y6=1 X6=1 Z6=2 C6=1 R6=1 S6=1 Y5=1 X5=1 Z5=1 C5=1 R5=1 S5=1 Y4=1 X4=1 Z4=1 C4=1 R4=1 S4=1 Y3=1 X3=1 Z3=1 C3=1 R3=1 S3=1 Y2=1 X2=1 Z2=1 C2=1 R2=1 S2=1 Y1=1 X1=1 Z1=1 C1=1 R1=1 S1=1 Y0=1 X0=1 Z0=2 C0=1 R0=1 S0=1] OutRegister[P=1 Q=1 Z7=1 C7=1 R7=1 S7=1 Y6=1 X6=1 Z6=1 C6=1 R6=1 S6=1 Y5=1 X5=1 Z5=1 C5=1 R5=1 S5=1 Y4=1 X4=1 Z4=1 C4=1 R4=1 S4=1 Y3=1 X3=1 Z3=1 C3=1 R3=1 S3=1 Y2=1 X2=1 Z2=1 C2=1 R2=1 S2=1 Y1=1 X1=1 Z1=1 C1=1 R1=1 S1=1 Y0=1 X0=1 Z0=1 C0=1 R0=1 S0=1] Compute] 
fsrcnn_8layer_2026-02-21T08:24:20.834380,fsrcnn,8layer,full,8,eyeriss,thesis_arch,1056,524,128,16,64,120,False,True,,1.361e+05,1.918e+07,2.76e+06,"(30698629992, 11454048000)",0.080950474323771,0.4003632068634033,DRAM[P=540 Q=8 Z7=1 C7=1 R7=1 S7=1 Y6=540 X6=8 Z6=1 C6=1 R6=1 S6=1 Y5=540 X5=8 Z5=1 C5=1 R5=1 S5=1 Y4=540 X4=8 Z4=1 C4=1 R4=1 S4=1 Y3=540 X3=8 Z3=1 C3=1 R3=1 S3=1 Y2=540 X2=8 Z2=1 C2=1 R2=1 S2=1 Y1=540 X1=8 Z1=1 C1=1 R1=1 S1=1 Y0=540 X0=8 Z0=1 C0=1 R0=1 S0=1] GlobalBuffer[P=1 Q=30 Z7=1 C7=1 R7=1 S7=1 Y6=1 X6=120 Z6=1 C6=1 R6=1 S6=1 Y5=1 X5=24 Z5=1 C5=1 R5=1 S5=1 Y4=1 X4=24 Z4=1 C4=1 R4=1 S4=1 Y3=1 X3=24 Z3=1 C3=1 R3=1 S3=1 Y2=1 X2=24 Z2=1 C2=1 R2=1 S2=1 Y1=1 X1=24 Z1=1 C1=1 R1=1 S1=1 Y0=1 X0=120 Z0=1 C0=1 R0=1 S0=1] SACols[Q=4 Z7=16] SARows[S7=3 C7=4 Z7=1] SACols_6[X6=1 Z6=56] SARows_6[S6=1 C6=12 Z6=1] SACols_5[X5=5 Z5=12] SARows_5[S5=3 C5=4 Z5=1] SACols_4[X4=5 Z4=12] SARows_4[S4=3 C4=4 Z4=1] SACols_3[X3=5 Z3=12] SARows_3[S3=3 C3=4 Z3=1] SACols_2[X2=5 Z2=12] SARows_2[S2=3 C2=4 Z2=1] SACols_1[X1=5 Z1=12] SARows_1[S1=1 C1=14 Z1=1] SACols_0[X0=1 Z0=56] SARows_0[S0=5 C0=3 Z0=1] InRegister[P=1 Q=1 Z7=1 C7=1 R7=1 S7=1 Y6=1 X6=1 Z6=1 C6=1 R6=1 S6=1 Y5=1 X5=1 Z5=1 C5=1 R5=1 S5=1 Y4=1 X4=1 Z4=1 C4=1 R4=1 S4=1 Y3=1 X3=1 Z3=1 C3=1 R3=1 S3=1 Y2=1 X2=1 Z2=1 C2=1 R2=1 S2=1 Y1=1 X1=1 Z1=1 C1=1 R1=1 S1=1 Y0=1 X0=1 Z0=1 C0=1 R0=1 S0=1] WRegister[P=1 Q=1 Z7=1 C7=14 R7=3 S7=1 Y6=1 X6=1 Z6=1 C6=1 R6=1 S6=1 Y5=1 X5=1 Z5=1 C5=3 R5=3 S5=1 Y4=1 X4=1 Z4=1 C4=3 R4=3 S4=1 Y3=1 X3=1 Z3=1 C3=3 R3=3 S3=1 Y2=1 X2=1 Z2=1 C2=3 R2=3 S2=1 Y1=1 X1=1 Z1=1 C1=4 R1=1 S1=1 Y0=1 X0=1 Z0=1 C0=1 R0=5 S0=1] IntermediateRegister[P=1 Q=1 Z7=1 C7=1 R7=1 S7=1 Y6=1 X6=1 Z6=1 C6=1 R6=1 S6=1 Y5=1 X5=1 Z5=1 C5=1 R5=1 S5=1 Y4=1 X4=1 Z4=1 C4=1 R4=1 S4=1 Y3=1 X3=1 Z3=1 C3=1 R3=1 S3=1 Y2=1 X2=1 Z2=1 C2=1 R2=1 S2=1 Y1=1 X1=1 Z1=1 C1=1 R1=1 S1=1 Y0=1 X0=1 Z0=1 C0=1 R0=1 S0=1] OutRegister[P=1 Q=1 Z7=1 C7=1 R7=1 S7=1 Y6=1 X6=1 Z6=1 C6=1 R6=1 S6=1 Y5=1 X5=1 Z5=1 C5=1 R5=1 S5=1 Y4=1 X4=1 Z4=1 C4=1 R4=1 S4=1 Y3=1 X3=1 Z3=1 C3=1 R3=1 S3=1 Y2=1 X2=1 Z2=1 C2=1 R2=1 S2=1 Y1=1 X1=1 Z1=1 C1=1 R1=1 S1=1 Y0=1 X0=1 Z0=1 C0=1 R0=1 S0=1] Compute] 
fsrcnn_8layer_2026-02-21T08:24:22.375822,fsrcnn,8layer,full,8,eyeriss,thesis_arch,1056,524,128,16,128,120,False,True,,1.361e+05,1.889e+07,2.72e+06,"(30698629992, 11454048000)",0.080950474323771,0.49916839599609375,DRAM[P=540 Q=8 Z7=1 C7=1 R7=1 S7=1 Y6=540 X6=8 Z6=1 C6=1 R6=1 S6=1 Y5=540 X5=8 Z5=1 C5=1 R5=1 S5=1 Y4=540 X4=8 Z4=1 C4=1 R4=1 S4=1 Y3=540 X3=8 Z3=1 C3=1 R3=1 S3=1 Y2=540 X2=8 Z2=1 C2=1 R2=1 S2=1 Y1=540 X1=8 Z1=1 C1=1 R1=1 S1=1 Y0=540 X0=8 Z0=1 C0=1 R0=1 S0=1] GlobalBuffer[P=1 Q=15 Z7=1 C7=1 R7=1 S7=1 Y6=1 X6=60 Z6=1 C6=1 R6=1 S6=1 Y5=1 X5=12 Z5=1 C5=1 R5=1 S5=1 Y4=1 X4=12 Z4=1 C4=1 R4=1 S4=1 Y3=1 X3=12 Z3=1 C3=1 R3=1 S3=1 Y2=1 X2=12 Z2=1 C2=1 R2=1 S2=1 Y1=1 X1=12 Z1=1 C1=1 R1=1 S1=1 Y0=1 X0=60 Z0=1 C0=1 R0=1 S0=1] SACols[Q=8 Z7=16] SARows[S7=3 C7=4 Z7=1] SACols_6[X6=2 Z6=56] SARows_6[S6=1 C6=12 Z6=1] SACols_5[X5=10 Z5=12] SARows_5[S5=3 C5=4 Z5=1] SACols_4[X4=10 Z4=12] SARows_4[S4=3 C4=4 Z4=1] SACols_3[X3=10 Z3=12] SARows_3[S3=3 C3=4 Z3=1] SACols_2[X2=10 Z2=12] SARows_2[S2=3 C2=4 Z2=1] SACols_1[X1=10 Z1=12] SARows_1[S1=1 C1=14 Z1=1] SACols_0[X0=2 Z0=56] SARows_0[S0=5 C0=3 Z0=1] InRegister[P=1 Q=1 Z7=1 C7=1 R7=1 S7=1 Y6=1 X6=1 Z6=1 C6=1 R6=1 S6=1 Y5=1 X5=1 Z5=1 C5=1 R5=1 S5=1 Y4=1 X4=1 Z4=1 C4=1 R4=1 S4=1 Y3=1 X3=1 Z3=1 C3=1 R3=1 S3=1 Y2=1 X2=1 Z2=1 C2=1 R2=1 S2=1 Y1=1 X1=1 Z1=1 C1=1 R1=1 S1=1 Y0=1 X0=1 Z0=1 C0=1 R0=1 S0=1] WRegister[P=1 Q=1 Z7=1 C7=14 R7=3 S7=1 Y6=1 X6=1 Z6=1 C6=1 R6=1 S6=1 Y5=1 X5=1 Z5=1 C5=3 R5=3 S5=1 Y4=1 X4=1 Z4=1 C4=3 R4=3 S4=1 Y3=1 X3=1 Z3=1 C3=3 R3=3 S3=1 Y2=1 X2=1 Z2=1 C2=3 R2=3 S2=1 Y1=1 X1=1 Z1=1 C1=4 R1=1 S1=1 Y0=1 X0=1 Z0=1 C0=1 R0=5 S0=1] IntermediateRegister[P=1 Q=1 Z7=1 C7=1 R7=1 S7=1 Y6=1 X6=1 Z6=1 C6=1 R6=1 S6=1 Y5=1 X5=1 Z5=1 C5=1 R5=1 S5=1 Y4=1 X4=1 Z4=1 C4=1 R4=1 S4=1 Y3=1 X3=1 Z3=1 C3=1 R3=1 S3=1 Y2=1 X2=1 Z2=1 C2=1 R2=1 S2=1 Y1=1 X1=1 Z1=1 C1=1 R1=1 S1=1 Y0=1 X0=1 Z0=1 C0=1 R0=1 S0=1] OutRegister[P=1 Q=1 Z7=1 C7=1 R7=1 S7=1 Y6=1 X6=1 Z6=1 C6=1 R6=1 S6=1 Y5=1 X5=1 Z5=1 C5=1 R5=1 S5=1 Y4=1 X4=1 Z4=1 C4=1 R4=1 S4=1 Y3=1 X3=1 Z3=1 C3=1 R3=1 S3=1 Y2=1 X2=1 Z2=1 C2=1 R2=1 S2=1 Y1=1 X1=1 Z1=1 C1=1 R1=1 S1=1 Y0=1 X0=1 Z0=1 C0=1 R0=1 S0=1] Compute] 
fsrcnn_8layer_2026-02-21T08:24:23.859984,fsrcnn,8layer,full,8,eyeriss,thesis_arch,1056,524,128,16,256,120,False,True,,1.361e+05,1.889e+07,2.72e+06,"(30698629992, 11454048000)",0.07589106967853532,0.37930774688720703,DRAM[P=540 Q=8 Z7=1 C7=1 R7=1 S7=1 Y6=540 X6=8 Z6=1 C6=1 R6=1 S6=1 Y5=540 X5=8 Z5=1 C5=1 R5=1 S5=1 Y4=540 X4=8 Z4=1 C4=1 R4=1 S4=1 Y3=540 X3=8 Z3=1 C3=1 R3=1 S3=1 Y2=540 X2=8 Z2=1 C2=1 R2=1 S2=1 Y1=540 X1=8 Z1=1 C1=1 R1=1 S1=1 Y0=540 X0=8 Z0=1 C0=1 R0=1 S0=1] GlobalBuffer[P=1 Q=8 Z7=1 C7=1 R7=1 S7=1 Y6=1 X6=30 Z6=1 C6=1 R6=1 S6=1 Y5=1 X5=6 Z5=1 C5=1 R5=1 S5=1 Y4=1 X4=6 Z4=1 C4=1 R4=1 S4=1 Y3=1 X3=6 Z3=1 C3=1 R3=1 S3=1 Y2=1 X2=6 Z2=1 C2=1 R2=1 S2=1 Y1=1 X1=6 Z1=1 C1=1 R1=1 S1=1 Y0=1 X0=30 Z0=1 C0=1 R0=1 S0=1] SACols[Q=15 Z7=16] SARows[S7=3 C7=4 Z7=1] SACols_6[X6=4 Z6=56] SARows_6[S6=1 C6=12 Z6=1] SACols_5[X5=20 Z5=12] SARows_5[S5=3 C5=4 Z5=1] SACols_4[X4=20 Z4=12] SARows_4[S4=3 C4=4 Z4=1] SACols_3[X3=20 Z3=12] SARows_3[S3=3 C3=4 Z3=1] SACols_2[X2=20 Z2=12] SARows_2[S2=3 C2=4 Z2=1] SACols_1[X1=20 Z1=12] SARows_1[S1=1 C1=14 Z1=1] SACols_0[X0=4 Z0=56] SARows_0[S0=5 C0=3 Z0=1] InRegister[P=1 Q=1 Z7=1 C7=1 R7=1 S7=1 Y6=1 X6=1 Z6=1 C6=1 R6=1 S6=1 Y5=1 X5=1 Z5=1 C5=1 R5=1 S5=1 Y4=1 X4=1 Z4=1 C4=1 R4=1 S4=1 Y3=1 X3=1 Z3=1 C3=1 R3=1 S3=1 Y2=1 X2=1 Z2=1 C2=1 R2=1 S2=1 Y1=1 X1=1 Z1=1 C1=1 R1=1 S1=1 Y0=1 X0=1 Z0=1 C0=1 R0=1 S0=1] WRegister[P=1 Q=1 Z7=1 C7=14 R7=3 S7=1 Y6=1 X6=1 Z6=1 C6=1 R6=1 S6=1 Y5=1 X5=1 Z5=1 C5=3 R5=3 S5=1 Y4=1 X4=1 Z4=1 C4=3 R4=3 S4=1 Y3=1 X3=1 Z3=1 C3=3 R3=3 S3=1 Y2=1 X2=1 Z2=1 C2=3 R2=3 S2=1 Y1=1 X1=1 Z1=1 C1=4 R1=1 S1=1 Y0=1 X0=1 Z0=1 C0=1 R0=5 S0=1] IntermediateRegister[P=1 Q=1 Z7=1 C7=1 R7=1 S7=1 Y6=1 X6=1 Z6=1 C6=1 R6=1 S6=1 Y5=1 X5=1 Z5=1 C5=1 R5=1 S5=1 Y4=1 X4=1 Z4=1 C4=1 R4=1 S4=1 Y3=1 X3=1 Z3=1 C3=1 R3=1 S3=1 Y2=1 X2=1 Z2=1 C2=1 R2=1 S2=1 Y1=1 X1=1 Z1=1 C1=1 R1=1 S1=1 Y0=1 X0=1 Z0=1 C0=1 R0=1 S0=1] OutRegister[P=1 Q=1 Z7=1 C7=1 R7=1 S7=1 Y6=1 X6=1 Z6=1 C6=1 R6=1 S6=1 Y5=1 X5=1 Z5=1 C5=1 R5=1 S5=1 Y4=1 X4=1 Z4=1 C4=1 R4=1 S4=1 Y3=1 X3=1 Z3=1 C3=1 R3=1 S3=1 Y2=1 X2=1 Z2=1 C2=1 R2=1 S2=1 Y1=1 X1=1 Z1=1 C1=1 R1=1 S1=1 Y0=1 X0=1 Z0=1 C0=1 R0=1 S0=1] Compute] 
fsrcnn_8layer_2026-02-21T08:24:25.063384,fsrcnn,8layer,full,8,eyeriss,thesis_arch,1056,524,128,16,512,120,False,True,,1.361e+05,1.889e+07,2.72e+06,"(30698629992, 11454048000)",0.07589106967853532,0.734245777130127,DRAM[P=540 Q=8 Z7=1 C7=1 R7=1 S7=1 Y6=540 X6=8 Z6=1 C6=1 R6=1 S6=1 Y5=540 X5=8 Z5=1 C5=1 R5=1 S5=1 Y4=540 X4=8 Z4=1 C4=1 R4=1 S4=1 Y3=540 X3=8 Z3=1 C3=1 R3=1 S3=1 Y2=540 X2=8 Z2=1 C2=1 R2=1 S2=1 Y1=540 X1=8 Z1=1 C1=1 R1=1 S1=1 Y0=540 X0=8 Z0=1 C0=1 R0=1 S0=1] GlobalBuffer[P=1 Q=4 Z7=1 C7=1 R7=1 S7=1 Y6=1 X6=15 Z6=1 C6=1 R6=1 S6=1 Y5=1 X5=3 Z5=1 C5=1 R5=1 S5=1 Y4=1 X4=3 Z4=1 C4=1 R4=1 S4=1 Y3=1 X3=3 Z3=1 C3=1 R3=1 S3=1 Y2=1 X2=3 Z2=1 C2=1 R2=1 S2=1 Y1=1 X1=3 Z1=1 C1=1 R1=1 S1=1 Y0=1 X0=15 Z0=1 C0=1 R0=1 S0=1] SACols[Q=30 Z7=16] SARows[S7=3 C7=4 Z7=1] SACols_6[X6=8 Z6=56] SARows_6[S6=1 C6=12 Z6=1] SACols_5[X5=40 Z5=12] SARows_5[S5=3 C5=4 Z5=1] SACols_4[X4=40 Z4=12] SARows_4[S4=3 C4=4 Z4=1] SACols_3[X3=40 Z3=12] SARows_3[S3=3 C3=4 Z3=1] SACols_2[X2=40 Z2=12] SARows_2[S2=3 C2=4 Z2=1] SACols_1[X1=40 Z1=12] SARows_1[S1=1 C1=14 Z1=1] SACols_0[X0=8 Z0=56] SARows_0[S0=5 C0=3 Z0=1] InRegister[P=1 Q=1 Z7=1 C7=1 R7=1 S7=1 Y6=1 X6=1 Z6=1 C6=1 R6=1 S6=1 Y5=1 X5=1 Z5=1 C5=1 R5=1 S5=1 Y4=1 X4=1 Z4=1 C4=1 R4=1 S4=1 Y3=1 X3=1 Z3=1 C3=1 R3=1 S3=1 Y2=1 X2=1 Z2=1 C2=1 R2=1 S2=1 Y1=1 X1=1 Z1=1 C1=1 R1=1 S1=1 Y0=1 X0=1 Z0=1 C0=1 R0=1 S0=1] WRegister[P=1 Q=1 Z7=1 C7=14 R7=3 S7=1 Y6=1 X6=1 Z6=1 C6=1 R6=1 S6=1 Y5=1 X5=1 Z5=1 C5=3 R5=3 S5=1 Y4=1 X4=1 Z4=1 C4=3 R4=3 S4=1 Y3=1 X3=1 Z3=1 C3=3 R3=3 S3=1 Y2=1 X2=1 Z2=1 C2=3 R2=3 S2=1 Y1=1 X1=1 Z1=1 C1=4 R1=1 S1=1 Y0=1 X0=1 Z0=1 C0=1 R0=5 S0=1] IntermediateRegister[P=1 Q=1 Z7=1 C7=1 R7=1 S7=1 Y6=1 X6=1 Z6=1 C6=1 R6=1 S6=1 Y5=1 X5=1 Z5=1 C5=1 R5=1 S5=1 Y4=1 X4=1 Z4=1 C4=1 R4=1 S4=1 Y3=1 X3=1 Z3=1 C3=1 R3=1 S3=1 Y2=1 X2=1 Z2=1 C2=1 R2=1 S2=1 Y1=1 X1=1 Z1=1 C1=1 R1=1 S1=1 Y0=1 X0=1 Z0=1 C0=1 R0=1 S0=1] OutRegister[P=1 Q=1 Z7=1 C7=1 R7=1 S7=1 Y6=1 X6=1 Z6=1 C6=1 R6=1 S6=1 Y5=1 X5=1 Z5=1 C5=1 R5=1 S5=1 Y4=1 X4=1 Z4=1 C4=1 R4=1 S4=1 Y3=1 X3=1 Z3=1 C3=1 R3=1 S3=1 Y2=1 X2=1 Z2=1 C2=1 R2=1 S2=1 Y1=1 X1=1 Z1=1 C1=1 R1=1 S1=1 Y0=1 X0=1 Z0=1 C0=1 R0=1 S0=1] Compute] 
fsrcnn_8layer_2026-02-21T08:24:27.058279,fsrcnn,8layer,full,8,eyeriss,thesis_arch,1056,524,128,32,4,120,False,True,,1.255e+05,1.058e+08,1.35e+07,"(26746348392, 11317190400)",0.04619468003511429,0.3010234832763672,DRAM[P=540 Q=8 Z7=1 C7=1 R7=1 S7=1 Y6=540 X6=8 Z6=1 C6=1 R6=1 S6=1 Y5=540 X5=8 Z5=1 C5=1 R5=1 S5=1 Y4=540 X4=8 Z4=1 C4=1 R4=1 S4=1 Y3=540 X3=8 Z3=1 C3=1 R3=1 S3=1 Y2=540 X2=8 Z2=1 C2=1 R2=1 S2=1 Y1=540 X1=8 Z1=1 C1=1 R1=1 S1=1 Y0=540 X0=8 Z0=1 C0=1 R0=1 S0=1] GlobalBuffer[P=1 Q=120 Z7=1 C7=1 R7=1 S7=1 Y6=1 X6=120 Z6=1 C6=1 R6=1 S6=1 Y5=1 X5=120 Z5=1 C5=1 R5=1 S5=1 Y4=1 X4=120 Z4=1 C4=1 R4=1 S4=1 Y3=1 X3=120 Z3=1 C3=1 R3=1 S3=1 Y2=1 X2=120 Z2=1 C2=1 R2=1 S2=1 Y1=1 X1=120 Z1=1 C1=1 R1=1 S1=1 Y0=1 X0=120 Z0=1 C0=1 R0=1 S0=1] SACols[Q=1 Z7=4] SARows[S7=3 C7=8 Z7=1] SACols_6[X6=1 Z6=4] SARows_6[S6=1 C6=12 Z6=2] SACols_5[X5=1 Z5=4] SARows_5[S5=3 C5=6 Z5=1] SACols_4[X4=1 Z4=4] SARows_4[S4=3 C4=6 Z4=1] SACols_3[X3=1 Z3=4] SARows_3[S3=3 C3=6 Z3=1] SACols_2[X2=1 Z2=4] SARows_2[S2=3 C2=6 Z2=1] SACols_1[X1=1 Z1=4] SARows_1[S1=1 C1=28 Z1=1] SACols_0[X0=1 Z0=4] SARows_0[S0=5 C0=3 Z0=2] InRegister[P=1 Q=1 Z7=1 C7=1 R7=1 S7=1 Y6=1 X6=1 Z6=1 C6=1 R6=1 S6=1 Y5=1 X5=1 Z5=1 C5=1 R5=1 S5=1 Y4=1 X4=1 Z4=1 C4=1 R4=1 S4=1 Y3=1 X3=1 Z3=1 C3=1 R3=1 S3=1 Y2=1 X2=1 Z2=1 C2=1 R2=1 S2=1 Y1=1 X1=1 Z1=1 C1=1 R1=1 S1=1 Y0=1 X0=1 Z0=1 C0=1 R0=1 S0=1] WRegister[P=1 Q=1 Z7=1 C7=7 R7=3 S7=1 Y6=1 X6=1 Z6=1 C6=1 R6=1 S6=1 Y5=1 X5=1 Z5=1 C5=2 R5=3 S5=1 Y4=1 X4=1 Z4=1 C4=2 R4=3 S4=1 Y3=1 X3=1 Z3=1 C3=2 R3=3 S3=1 Y2=1 X2=1 Z2=1 C2=2 R2=3 S2=1 Y1=1 X1=1 Z1=1 C1=2 R1=1 S1=1 Y0=1 X0=1 Z0=1 C0=1 R0=5 S0=1] IntermediateRegister[P=1 Q=1 Z7=1 C7=1 R7=1 S7=1 Y6=1 X6=1 Z6=7 C6=1 R6=1 S6=1 Y5=1 X5=1 Z5=3 C5=1 R5=1 S5=1 Y4=1 X4=1 Z4=3 C4=1 R4=1 S4=1 Y3=1 X3=1 Z3=3 C3=1 R3=1 S3=1 Y2=1 X2=1 Z2=3 C2=1 R2=1 S2=1 Y1=1 X1=1 Z1=3 C1=1 R1=1 S1=1 Y0=1 X0=1 Z0=7 C0=1 R0=1 S0=1] OutRegister[P=1 Q=1 Z7=4 C7=1 R7=1 S7=1 Y6=1 X6=1 Z6=1 C6=1 R6=1 S6=1 Y5=1 X5=1 Z5=1 C5=1 R5=1 S5=1 Y4=1 X4=1 Z4=1 C4=1 R4=1 S4=1 Y3=1 X3=1 Z3=1 C3=1 R3=1 S3=1 Y2=1 X2=1 Z2=1 C2=1 R2=1 S2=1 Y1=1 X1=1 Z1=1 C1=1 R1=1 S1=1 Y0=1 X0=1 Z0=1 C0=1 R0=1 S0=1] Compute] 
fsrcnn_8layer_2026-02-21T08:24:28.403222,fsrcnn,8layer,full,8,eyeriss,thesis_arch,1056,524,128,32,16,120,False,True,,1.337e+05,3.292e+07,4.65e+06,"(29672197992, 11472710400)",0.008392945177888578,0.32841062545776367,DRAM[P=540 Q=8 Z7=1 C7=1 R7=1 S7=1 Y6=540 X6=8 Z6=1 C6=1 R6=1 S6=1 Y5=540 X5=8 Z5=1 C5=1 R5=1 S5=1 Y4=540 X4=8 Z4=1 C4=1 R4=1 S4=1 Y3=540 X3=8 Z3=1 C3=1 R3=1 S3=1 Y2=540 X2=8 Z2=1 C2=1 R2=1 S2=1 Y1=540 X1=8 Z1=1 C1=1 R1=1 S1=1 Y0=540 X0=8 Z0=1 C0=1 R0=1 S0=1] GlobalBuffer[P=1 Q=120 Z7=1 C7=1 R7=1 S7=1 Y6=1 X6=120 Z6=1 C6=1 R6=1 S6=1 Y5=1 X5=120 Z5=1 C5=1 R5=1 S5=1 Y4=1 X4=120 Z4=1 C4=1 R4=1 S4=1 Y3=1 X3=120 Z3=1 C3=1 R3=1 S3=1 Y2=1 X2=120 Z2=1 C2=1 R2=1 S2=1 Y1=1 X1=120 Z1=1 C1=1 R1=1 S1=1 Y0=1 X0=120 Z0=1 C0=1 R0=1 S0=1] SACols[Q=1 Z7=16] SARows[S7=3 C7=8 Z7=1] SACols_6[X6=1 Z6=14] SARows_6[S6=1 C6=12 Z6=2] SACols_5[X5=1 Z5=12] SARows_5[S5=3 C5=6 Z5=1] SACols_4[X4=1 Z4=12] SARows_4[S4=3 C4=6 Z4=1] SACols_3[X3=1 Z3=12] SARows_3[S3=3 C3=6 Z3=1] SACols_2[X2=1 Z2=12] SARows_2[S2=3 C2=6 Z2=1] SACols_1[X1=1 Z1=12] SARows_1[S1=1 C1=28 Z1=1] SACols_0[X0=1 Z0=14] SARows_0[S0=5 C0=3 Z0=2] InRegister[P=1 Q=1 Z7=1 C7=1 R7=1 S7=1 Y6=1 X6=1 Z6=1 C6=1 R6=1 S6=1 Y5=1 X5=1 Z5=1 C5=1 R5=1 S5=1 Y4=1 X4=1 Z4=1 C4=1 R4=1 S4=1 Y3=1 X3=1 Z3=1 C3=1 R3=1 S3=1 Y2=1 X2=1 Z2=1 C2=1 R2=1 S2=1 Y1=1 X1=1 Z1=1 C1=1 R1=1 S1=1 Y0=1 X0=1 Z0=1 C0=1 R0=1 S0=1] WRegister[P=1 Q=1 Z7=1 C7=7 R7=3 S7=1 Y6=1 X6=1 Z6=1 C6=1 R6=1 S6=1 Y5=1 X5=1 Z5=1 C5=2 R5=3 S5=1 Y4=1 X4=1 Z4=1 C4=2 R4=3 S4=1 Y3=1 X3=1 Z3=1 C3=2 R3=3 S3=1 Y2=1 X2=1 Z2=1 C2=2 R2=3 S2=1 Y1=1 X1=1 Z1=1 C1=2 R1=1 S1=1 Y0=1 X0=1 Z0=1 C0=1 R0=5 S0=1] IntermediateRegister[P=1 Q=1 Z7=1 C7=1 R7=1 S7=1 Y6=1 X6=1 Z6=2 C6=1 R6=1 S6=1 Y5=1 X5=1 Z5=1 C5=1 R5=1 S5=1 Y4=1 X4=1 Z4=1 C4=1 R4=1 S4=1 Y3=1 X3=1 Z3=1 C3=1 R3=1 S3=1 Y2=1 X2=1 Z2=1 C2=1 R2=1 S2=1 Y1=1 X1=1 Z1=1 C1=1 R1=1 S1=1 Y0=1 X0=1 Z0=2 C0=1 R0=1 S0=1] OutRegister[P=1 Q=1 Z7=1 C7=1 R7=1 S7=1 Y6=1 X6=1 Z6=1 C6=1 R6=1 S6=1 Y5=1 X5=1 Z5=1 C5=1 R5=1 S5=1 Y4=1 X4=1 Z4=1 C4=1 R4=1 S4=1 Y3=1 X3=1 Z3=1 C3=1 R3=1 S3=1 Y2=1 X2=1 Z2=1 C2=1 R2=1 S2=1 Y1=1 X1=1 Z1=1 C1=1 R1=1 S1=1 Y0=1 X0=1 Z0=1 C0=1 R0=1 S0=1] Compute] 
fsrcnn_8layer_2026-02-21T08:24:29.884973,fsrcnn,8layer,full,8,eyeriss,thesis_arch,1056,524,128,32,32,120,False,True,,1.377e+05,1.918e+07,2.79e+06,"(30935020392, 11690438400)",0.008392945177888578,0.36025476455688477,DRAM[P=540 Q=8 Z7=1 C7=1 R7=1 S7=1 Y6=540 X6=8 Z6=1 C6=1 R6=1 S6=1 Y5=540 X5=8 Z5=1 C5=1 R5=1 S5=1 Y4=540 X4=8 Z4=1 C4=1 R4=1 S4=1 Y3=540 X3=8 Z3=1 C3=1 R3=1 S3=1 Y2=540 X2=8 Z2=1 C2=1 R2=1 S2=1 Y1=540 X1=8 Z1=1 C1=1 R1=1 S1=1 Y0=540 X0=8 Z0=1 C0=1 R0=1 S0=1] GlobalBuffer[P=1 Q=60 Z7=1 C7=1 R7=1 S7=1 Y6=1 X6=120 Z6=1 C6=1 R6=1 S6=1 Y5=1 X5=60 Z5=1 C5=1 R5=1 S5=1 Y4=1 X4=60 Z4=1 C4=1 R4=1 S4=1 Y3=1 X3=60 Z3=1 C3=1 R3=1 S3=1 Y2=1 X2=60 Z2=1 C2=1 R2=1 S2=1 Y1=1 X1=60 Z1=1 C1=1 R1=1 S1=1 Y0=1 X0=120 Z0=1 C0=1 R0=1 S0=1] SACols[Q=2 Z7=16] SARows[S7=3 C7=8 Z7=1] SACols_6[X6=1 Z6=28] SARows_6[S6=1 C6=12 Z6=2] SACols_5[X5=2 Z5=12] SARows_5[S5=3 C5=6 Z5=1] SACols_4[X4=2 Z4=12] SARows_4[S4=3 C4=6 Z4=1] SACols_3[X3=2 Z3=12] SARows_3[S3=3 C3=6 Z3=1] SACols_2[X2=2 Z2=12] SARows_2[S2=3 C2=6 Z2=1] SACols_1[X1=2 Z1=12] SARows_1[S1=1 C1=28 Z1=1] SACols_0[X0=1 Z0=28] SARows_0[S0=5 C0=3 Z0=2] InRegister[P=1 Q=1 Z7=1 C7=1 R7=1 S7=1 Y6=1 X6=1 Z6=1 C6=1 R6=1 S6=1 Y5=1 X5=1 Z5=1 C5=1 R5=1 S5=1 Y4=1 X4=1 Z4=1 C4=1 R4=1 S4=1 Y3=1 X3=1 Z3=1 C3=1 R3=1 S3=1 Y2=1 X2=1 Z2=1 C2=1 R2=1 S2=1 Y1=1 X1=1 Z1=1 C1=1 R1=1 S1=1 Y0=1 X0=1 Z0=1 C0=1 R0=1 S0=1] WRegister[P=1 Q=1 Z7=1 C7=7 R7=3 S7=1 Y6=1 X6=1 Z6=1 C6=1 R6=1 S6=1 Y5=1 X5=1 Z5=1 C5=2 R5=3 S5=1 Y4=1 X4=1 Z4=1 C4=2 R4=3 S4=1 Y3=1 X3=1 Z3=1 C3=2 R3=3 S3=1 Y2=1 X2=1 Z2=1 C2=2 R2=3 S2=1 Y1=1 X1=1 Z1=1 C1=2 R1=1 S1=1 Y0=1 X0=1 Z0=1 C0=1 R0=5 S0=1] IntermediateRegister[P=1 Q=1 Z7=1 C7=1 R7=1 S7=1 Y6=1 X6=1 Z6=1 C6=1 R6=1 S6=1 Y5=1 X5=1 Z5=1 C5=1 R5=1 S5=1 Y4=1 X4=1 Z4=1 C4=1 R4=1 S4=1 Y3=1 X3=1 Z3=1 C3=1 R3=1 S3=1 Y2=1 X2=1 Z2=1 C2=1 R2=1 S2=1 Y1=1 X1=1 Z1=1 C1=1 R1=1 S1=1 Y0=1 X0=1 Z0=1 C0=1 R0=1 S0=1] OutRegister[P=1 Q=1 Z7=1 C7=1 R7=1 S7=1 Y6=1 X6=1 Z6=1 C6=1 R6=1 S6=1 Y5=1 X5=1 Z5=1 C5=1 R5=1 S5=1 Y4=1 X4=1 Z4=1 C4=1 R4=1 S4=1 Y3=1 X3=1 Z3=1 C3=1 R3=1 S3=1 Y2=1 X2=1 Z2=1 C2=1 R2=1 S2=1 Y1=1 X1=1 Z1=1 C1=1 R1=1 S1=1 Y0=1 X0=1 Z0=1 C0=1 R0=1 S0=1] Compute] 
fsrcnn_8layer_2026-02-21T08:24:30.840806,fsrcnn,8layer,full,8,eyeriss,thesis_arch,1056,524,128,32,64,120,False,True,,1.377e+05,1.918e+07,2.79e+06,"(30935020392, 11690438400)",0.006403309004126417,0.31003475189208984,DRAM[P=540 Q=8 Z7=1 C7=1 R7=1 S7=1 Y6=540 X6=8 Z6=1 C6=1 R6=1 S6=1 Y5=540 X5=8 Z5=1 C5=1 R5=1 S5=1 Y4=540 X4=8 Z4=1 C4=1 R4=1 S4=1 Y3=540 X3=8 Z3=1 C3=1 R3=1 S3=1 Y2=540 X2=8 Z2=1 C2=1 R2=1 S2=1 Y1=540 X1=8 Z1=1 C1=1 R1=1 S1=1 Y0=540 X0=8 Z0=1 C0=1 R0=1 S0=1] GlobalBuffer[P=1 Q=30 Z7=1 C7=1 R7=1 S7=1 Y6=1 X6=120 Z6=1 C6=1 R6=1 S6=1 Y5=1 X5=24 Z5=1 C5=1 R5=1 S5=1 Y4=1 X4=24 Z4=1 C4=1 R4=1 S4=1 Y3=1 X3=24 Z3=1 C3=1 R3=1 S3=1 Y2=1 X2=24 Z2=1 C2=1 R2=1 S2=1 Y1=1 X1=24 Z1=1 C1=1 R1=1 S1=1 Y0=1 X0=120 Z0=1 C0=1 R0=1 S0=1] SACols[Q=4 Z7=16] SARows[S7=3 C7=8 Z7=1] SACols_6[X6=1 Z6=56] SARows_6[S6=1 C6=12 Z6=1] SACols_5[X5=5 Z5=12] SARows_5[S5=3 C5=6 Z5=1] SACols_4[X4=5 Z4=12] SARows_4[S4=3 C4=6 Z4=1] SACols_3[X3=5 Z3=12] SARows_3[S3=3 C3=6 Z3=1] SACols_2[X2=5 Z2=12] SARows_2[S2=3 C2=6 Z2=1] SACols_1[X1=5 Z1=12] SARows_1[S1=1 C1=28 Z1=1] SACols_0[X0=1 Z0=56] SARows_0[S0=5 C0=3 Z0=1] InRegister[P=1 Q=1 Z7=1 C7=1 R7=1 S7=1 Y6=1 X6=1 Z6=1 C6=1 R6=1 S6=1 Y5=1 X5=1 Z5=1 C5=1 R5=1 S5=1 Y4=1 X4=1 Z4=1 C4=1 R4=1 S4=1 Y3=1 X3=1 Z3=1 C3=1 R3=1 S3=1 Y2=1 X2=1 Z2=1 C2=1 R2=1 S2=1 Y1=1 X1=1 Z1=1 C1=1 R1=1 S1=1 Y0=1 X0=1 Z0=1 C0=1 R0=1 S0=1] WRegister[P=1 Q=1 Z7=1 C7=7 R7=3 S7=1 Y6=1 X6=1 Z6=1 C6=1 R6=1 S6=1 Y5=1 X5=1 Z5=1 C5=2 R5=3 S5=1 Y4=1 X4=1 Z4=1 C4=2 R4=3 S4=1 Y3=1 X3=1 Z3=1 C3=2 R3=3 S3=1 Y2=1 X2=1 Z2=1 C2=2 R2=3 S2=1 Y1=1 X1=1 Z1=1 C1=2 R1=1 S1=1 Y0=1 X0=1 Z0=1 C0=1 R0=5 S0=1] IntermediateRegister[P=1 Q=1 Z7=1 C7=1 R7=1 S7=1 Y6=1 X6=1 Z6=1 C6=1 R6=1 S6=1 Y5=1 X5=1 Z5=1 C5=1 R5=1 S5=1 Y4=1 X4=1 Z4=1 C4=1 R4=1 S4=1 Y3=1 X3=1 Z3=1 C3=1 R3=1 S3=1 Y2=1 X2=1 Z2=1 C2=1 R2=1 S2=1 Y1=1 X1=1 Z1=1 C1=1 R1=1 S1=1 Y0=1 X0=1 Z0=1 C0=1 R0=1 S0=1] OutRegister[P=1 Q=1 Z7=1 C7=1 R7=1 S7=1 Y6=1 X6=1 Z6=1 C6=1 R6=1 S6=1 Y5=1 X5=1 Z5=1 C5=1 R5=1 S5=1 Y4=1 X4=1 Z4=1 C4=1 R4=1 S4=1 Y3=1 X3=1 Z3=1 C3=1 R3=1 S3=1 Y2=1 X2=1 Z2=1 C2=1 R2=1 S2=1 Y1=1 X1=1 Z1=1 C1=1 R1=1 S1=1 Y0=1 X0=1 Z0=1 C0=1 R0=1 S0=1] Compute] 
fsrcnn_8layer_2026-02-21T08:24:31.866987,fsrcnn,8layer,full,8,eyeriss,thesis_arch,1056,524,128,32,128,120,False,True,,1.377e+05,1.889e+07,2.75e+06,"(30935020392, 11690438400)",0.006403309004126417,0.44377613067626953,DRAM[P=540 Q=8 Z7=1 C7=1 R7=1 S7=1 Y6=540 X6=8 Z6=1 C6=1 R6=1 S6=1 Y5=540 X5=8 Z5=1 C5=1 R5=1 S5=1 Y4=540 X4=8 Z4=1 C4=1 R4=1 S4=1 Y3=540 X3=8 Z3=1 C3=1 R3=1 S3=1 Y2=540 X2=8 Z2=1 C2=1 R2=1 S2=1 Y1=540 X1=8 Z1=1 C1=1 R1=1 S1=1 Y0=540 X0=8 Z0=1 C0=1 R0=1 S0=1] GlobalBuffer[P=1 Q=15 Z7=1 C7=1 R7=1 S7=1 Y6=1 X6=60 Z6=1 C6=1 R6=1 S6=1 Y5=1 X5=12 Z5=1 C5=1 R5=1 S5=1 Y4=1 X4=12 Z4=1 C4=1 R4=1 S4=1 Y3=1 X3=12 Z3=1 C3=1 R3=1 S3=1 Y2=1 X2=12 Z2=1 C2=1 R2=1 S2=1 Y1=1 X1=12 Z1=1 C1=1 R1=1 S1=1 Y0=1 X0=60 Z0=1 C0=1 R0=1 S0=1] SACols[Q=8 Z7=16] SARows[S7=3 C7=8 Z7=1] SACols_6[X6=2 Z6=56] SARows_6[S6=1 C6=12 Z6=1] SACols_5[X5=10 Z5=12] SARows_5[S5=3 C5=6 Z5=1] SACols_4[X4=10 Z4=12] SARows_4[S4=3 C4=6 Z4=1] SACols_3[X3=10 Z3=12] SARows_3[S3=3 C3=6 Z3=1] SACols_2[X2=10 Z2=12] SARows_2[S2=3 C2=6 Z2=1] SACols_1[X1=10 Z1=12] SARows_1[S1=1 C1=28 Z1=1] SACols_0[X0=2 Z0=56] SARows_0[S0=5 C0=3 Z0=1] InRegister[P=1 Q=1 Z7=1 C7=1 R7=1 S7=1 Y6=1 X6=1 Z6=1 C6=1 R6=1 S6=1 Y5=1 X5=1 Z5=1 C5=1 R5=1 S5=1 Y4=1 X4=1 Z4=1 C4=1 R4=1 S4=1 Y3=1 X3=1 Z3=1 C3=1 R3=1 S3=1 Y2=1 X2=1 Z2=1 C2=1 R2=1 S2=1 Y1=1 X1=1 Z1=1 C1=1 R1=1 S1=1 Y0=1 X0=1 Z0=1 C0=1 R0=1 S0=1] WRegister[P=1 Q=1 Z7=1 C7=7 R7=3 S7=1 Y6=1 X6=1 Z6=1 C6=1 R6=1 S6=1 Y5=1 X5=1 Z5=1 C5=2 R5=3 S5=1 Y4=1 X4=1 Z4=1 C4=2 R4=3 S4=1 Y3=1 X3=1 Z3=1 C3=2 R3=3 S3=1 Y2=1 X2=1 Z2=1 C2=2 R2=3 S2=1 Y1=1 X1=1 Z1=1 C1=2 R1=1 S1=1 Y0=1 X0=1 Z0=1 C0=1 R0=5 S0=1] IntermediateRegister[P=1 Q=1 Z7=1 C7=1 R7=1 S7=1 Y6=1 X6=1 Z6=1 C6=1 R6=1 S6=1 Y5=1 X5=1 Z5=1 C5=1 R5=1 S5=1 Y4=1 X4=1 Z4=1 C4=1 R4=1 S4=1 Y3=1 X3=1 Z3=1 C3=1 R3=1 S3=1 Y2=1 X2=1 Z2=1 C2=1 R2=1 S2=1 Y1=1 X1=1 Z1=1 C1=1 R1=1 S1=1 Y0=1 X0=1 Z0=1 C0=1 R0=1 S0=1] OutRegister[P=1 Q=1 Z7=1 C7=1 R7=1 S7=1 Y6=1 X6=1 Z6=1 C6=1 R6=1 S6=1 Y5=1 X5=1 Z5=1 C5=1 R5=1 S5=1 Y4=1 X4=1 Z4=1 C4=1 R4=1 S4=1 Y3=1 X3=1 Z3=1 C3=1 R3=1 S3=1 Y2=1 X2=1 Z2=1 C2=1 R2=1 S2=1 Y1=1 X1=1 Z1=1 C1=1 R1=1 S1=1 Y0=1 X0=1 Z0=1 C0=1 R0=1 S0=1] Compute] 
fsrcnn_8layer_2026-02-21T08:24:33.225813,fsrcnn,8layer,full,8,eyeriss,thesis_arch,1056,524,128,32,256,120,False,True,,1.377e+05,1.889e+07,2.75e+06,"(30935020392, 11690438400)",0.006003102191368516,0.26189255714416504,DRAM[P=540 Q=8 Z7=1 C7=1 R7=1 S7=1 Y6=540 X6=8 Z6=1 C6=1 R6=1 S6=1 Y5=540 X5=8 Z5=1 C5=1 R5=1 S5=1 Y4=540 X4=8 Z4=1 C4=1 R4=1 S4=1 Y3=540 X3=8 Z3=1 C3=1 R3=1 S3=1 Y2=540 X2=8 Z2=1 C2=1 R2=1 S2=1 Y1=540 X1=8 Z1=1 C1=1 R1=1 S1=1 Y0=540 X0=8 Z0=1 C0=1 R0=1 S0=1] GlobalBuffer[P=1 Q=8 Z7=1 C7=1 R7=1 S7=1 Y6=1 X6=30 Z6=1 C6=1 R6=1 S6=1 Y5=1 X5=6 Z5=1 C5=1 R5=1 S5=1 Y4=1 X4=6 Z4=1 C4=1 R4=1 S4=1 Y3=1 X3=6 Z3=1 C3=1 R3=1 S3=1 Y2=1 X2=6 Z2=1 C2=1 R2=1 S2=1 Y1=1 X1=6 Z1=1 C1=1 R1=1 S1=1 Y0=1 X0=30 Z0=1 C0=1 R0=1 S0=1] SACols[Q=15 Z7=16] SARows[S7=3 C7=8 Z7=1] SACols_6[X6=4 Z6=56] SARows_6[S6=1 C6=12 Z6=1] SACols_5[X5=20 Z5=12] SARows_5[S5=3 C5=6 Z5=1] SACols_4[X4=20 Z4=12] SARows_4[S4=3 C4=6 Z4=1] SACols_3[X3=20 Z3=12] SARows_3[S3=3 C3=6 Z3=1] SACols_2[X2=20 Z2=12] SARows_2[S2=3 C2=6 Z2=1] SACols_1[X1=20 Z1=12] SARows_1[S1=1 C1=28 Z1=1] SACols_0[X0=4 Z0=56] SARows_0[S0=5 C0=3 Z0=1] InRegister[P=1 Q=1 Z7=1 C7=1 R7=1 S7=1 Y6=1 X6=1 Z6=1 C6=1 R6=1 S6=1 Y5=1 X5=1 Z5=1 C5=1 R5=1 S5=1 Y4=1 X4=1 Z4=1 C4=1 R4=1 S4=1 Y3=1 X3=1 Z3=1 C3=1 R3=1 S3=1 Y2=1 X2=1 Z2=1 C2=1 R2=1 S2=1 Y1=1 X1=1 Z1=1 C1=1 R1=1 S1=1 Y0=1 X0=1 Z0=1 C0=1 R0=1 S0=1] WRegister[P=1 Q=1 Z7=1 C7=7 R7=3 S7=1 Y6=1 X6=1 Z6=1 C6=1 R6=1 S6=1 Y5=1 X5=1 Z5=1 C5=2 R5=3 S5=1 Y4=1 X4=1 Z4=1 C4=2 R4=3 S4=1 Y3=1 X3=1 Z3=1 C3=2 R3=3 S3=1 Y2=1 X2=1 Z2=1 C2=2 R2=3 S2=1 Y1=1 X1=1 Z1=1 C1=2 R1=1 S1=1 Y0=1 X0=1 Z0=1 C0=1 R0=5 S0=1] IntermediateRegister[P=1 Q=1 Z7=1 C7=1 R7=1 S7=1 Y6=1 X6=1 Z6=1 C6=1 R6=1 S6=1 Y5=1 X5=1 Z5=1 C5=1 R5=1 S5=1 Y4=1 X4=1 Z4=1 C4=1 R4=1 S4=1 Y3=1 X3=1 Z3=1 C3=1 R3=1 S3=1 Y2=1 X2=1 Z2=1 C2=1 R2=1 S2=1 Y1=1 X1=1 Z1=1 C1=1 R1=1 S1=1 Y0=1 X0=1 Z0=1 C0=1 R0=1 S0=1] OutRegister[P=1 Q=1 Z7=1 C7=1 R7=1 S7=1 Y6=1 X6=1 Z6=1 C6=1 R6=1 S6=1 Y5=1 X5=1 Z5=1 C5=1 R5=1 S5=1 Y4=1 X4=1 Z4=1 C4=1 R4=1 S4=1 Y3=1 X3=1 Z3=1 C3=1 R3=1 S3=1 Y2=1 X2=1 Z2=1 C2=1 R2=1 S2=1 Y1=1 X1=1 Z1=1 C1=1 R1=1 S1=1 Y0=1 X0=1 Z0=1 C0=1 R0=1 S0=1] Compute] 
fsrcnn_8layer_2026-02-21T08:24:34.152050,fsrcnn,8layer,full,8,eyeriss,thesis_arch,1056,524,128,32,512,120,False,True,,1.377e+05,1.889e+07,2.75e+06,"(30935020392, 11690438400)",0.006003102191368516,0.2660350799560547,DRAM[P=540 Q=8 Z7=1 C7=1 R7=1 S7=1 Y6=540 X6=8 Z6=1 C6=1 R6=1 S6=1 Y5=540 X5=8 Z5=1 C5=1 R5=1 S5=1 Y4=540 X4=8 Z4=1 C4=1 R4=1 S4=1 Y3=540 X3=8 Z3=1 C3=1 R3=1 S3=1 Y2=540 X2=8 Z2=1 C2=1 R2=1 S2=1 Y1=540 X1=8 Z1=1 C1=1 R1=1 S1=1 Y0=540 X0=8 Z0=1 C0=1 R0=1 S0=1] GlobalBuffer[P=1 Q=4 Z7=1 C7=1 R7=1 S7=1 Y6=1 X6=15 Z6=1 C6=1 R6=1 S6=1 Y5=1 X5=3 Z5=1 C5=1 R5=1 S5=1 Y4=1 X4=3 Z4=1 C4=1 R4=1 S4=1 Y3=1 X3=3 Z3=1 C3=1 R3=1 S3=1 Y2=1 X2=3 Z2=1 C2=1 R2=1 S2=1 Y1=1 X1=3 Z1=1 C1=1 R1=1 S1=1 Y0=1 X0=15 Z0=1 C0=1 R0=1 S0=1] SACols[Q=30 Z7=16] SARows[S7=3 C7=8 Z7=1] SACols_6[X6=8 Z6=56] SARows_6[S6=1 C6=12 Z6=1] SACols_5[X5=40 Z5=12] SARows_5[S5=3 C5=6 Z5=1] SACols_4[X4=40 Z4=12] SARows_4[S4=3 C4=6 Z4=1] SACols_3[X3=40 Z3=12] SARows_3[S3=3 C3=6 Z3=1] SACols_2[X2=40 Z2=12] SARows_2[S2=3 C2=6 Z2=1] SACols_1[X1=40 Z1=12] SARows_1[S1=1 C1=28 Z1=1] SACols_0[X0=8 Z0=56] SARows_0[S0=5 C0=3 Z0=1] InRegister[P=1 Q=1 Z7=1 C7=1 R7=1 S7=1 Y6=1 X6=1 Z6=1 C6=1 R6=1 S6=1 Y5=1 X5=1 Z5=1 C5=1 R5=1 S5=1 Y4=1 X4=1 Z4=1 C4=1 R4=1 S4=1 Y3=1 X3=1 Z3=1 C3=1 R3=1 S3=1 Y2=1 X2=1 Z2=1 C2=1 R2=1 S2=1 Y1=1 X1=1 Z1=1 C1=1 R1=1 S1=1 Y0=1 X0=1 Z0=1 C0=1 R0=1 S0=1] WRegister[P=1 Q=1 Z7=1 C7=7 R7=3 S7=1 Y6=1 X6=1 Z6=1 C6=1 R6=1 S6=1 Y5=1 X5=1 Z5=1 C5=2 R5=3 S5=1 Y4=1 X4=1 Z4=1 C4=2 R4=3 S4=1 Y3=1 X3=1 Z3=1 C3=2 R3=3 S3=1 Y2=1 X2=1 Z2=1 C2=2 R2=3 S2=1 Y1=1 X1=1 Z1=1 C1=2 R1=1 S1=1 Y0=1 X0=1 Z0=1 C0=1 R0=5 S0=1] IntermediateRegister[P=1 Q=1 Z7=1 C7=1 R7=1 S7=1 Y6=1 X6=1 Z6=1 C6=1 R6=1 S6=1 Y5=1 X5=1 Z5=1 C5=1 R5=1 S5=1 Y4=1 X4=1 Z4=1 C4=1 R4=1 S4=1 Y3=1 X3=1 Z3=1 C3=1 R3=1 S3=1 Y2=1 X2=1 Z2=1 C2=1 R2=1 S2=1 Y1=1 X1=1 Z1=1 C1=1 R1=1 S1=1 Y0=1 X0=1 Z0=1 C0=1 R0=1 S0=1] OutRegister[P=1 Q=1 Z7=1 C7=1 R7=1 S7=1 Y6=1 X6=1 Z6=1 C6=1 R6=1 S6=1 Y5=1 X5=1 Z5=1 C5=1 R5=1 S5=1 Y4=1 X4=1 Z4=1 C4=1 R4=1 S4=1 Y3=1 X3=1 Z3=1 C3=1 R3=1 S3=1 Y2=1 X2=1 Z2=1 C2=1 R2=1 S2=1 Y1=1 X1=1 Z1=1 C1=1 R1=1 S1=1 Y0=1 X0=1 Z0=1 C0=1 R0=1 S0=1] Compute] 
fsrcnn_8layer_2026-02-21T08:24:34.880123,fsrcnn,8layer,full,8,eyeriss,thesis_arch,1056,524,128,64,4,120,False,True,,1.297e+05,6.752e+07,8.91e+06,"(27368428392, 11939270400)",0.01010508625768125,0.17623019218444824,DRAM[P=540 Q=8 Z7=1 C7=1 R7=1 S7=1 Y6=540 X6=8 Z6=1 C6=1 R6=1 S6=1 Y5=540 X5=8 Z5=1 C5=1 R5=1 S5=1 Y4=540 X4=8 Z4=1 C4=1 R4=1 S4=1 Y3=540 X3=8 Z3=1 C3=1 R3=1 S3=1 Y2=540 X2=8 Z2=1 C2=1 R2=1 S2=1 Y1=540 X1=8 Z1=1 C1=1 R1=1 S1=1 Y0=540 X0=8 Z0=1 C0=1 R0=1 S0=1] GlobalBuffer[P=1 Q=120 Z7=1 C7=1 R7=1 S7=1 Y6=1 X6=120 Z6=1 C6=1 R6=1 S6=1 Y5=1 X5=120 Z5=1 C5=1 R5=1 S5=1 Y4=1 X4=120 Z4=1 C4=1 R4=1 S4=1 Y3=1 X3=120 Z3=1 C3=1 R3=1 S3=1 Y2=1 X2=120 Z2=1 C2=1 R2=1 S2=1 Y1=1 X1=120 Z1=1 C1=1 R1=1 S1=1 Y0=1 X0=120 Z0=1 C0=1 R0=1 S0=1] SACols[Q=1 Z7=4] SARows[S7=3 C7=14 Z7=1] SACols_6[X6=1 Z6=4] SARows_6[S6=1 C6=12 Z6=2] SACols_5[X5=1 Z5=4] SARows_5[S5=3 C5=12 Z5=1] SACols_4[X4=1 Z4=4] SARows_4[S4=3 C4=12 Z4=1] SACols_3[X3=1 Z3=4] SARows_3[S3=3 C3=12 Z3=1] SACols_2[X2=1 Z2=4] SARows_2[S2=3 C2=12 Z2=1] SACols_1[X1=1 Z1=4] SARows_1[S1=1 C1=56 Z1=1] SACols_0[X0=1 Z0=4] SARows_0[S0=5 C0=3 Z0=2] InRegister[P=1 Q=1 Z7=1 C7=1 R7=1 S7=1 Y6=1 X6=1 Z6=1 C6=1 R6=1 S6=1 Y5=1 X5=1 Z5=1 C5=1 R5=1 S5=1 Y4=1 X4=1 Z4=1 C4=1 R4=1 S4=1 Y3=1 X3=1 Z3=1 C3=1 R3=1 S3=1 Y2=1 X2=1 Z2=1 C2=1 R2=1 S2=1 Y1=1 X1=1 Z1=1 C1=1 R1=1 S1=1 Y0=1 X0=1 Z0=1 C0=1 R0=1 S0=1] WRegister[P=1 Q=1 Z7=1 C7=4 R7=3 S7=1 Y6=1 X6=1 Z6=1 C6=1 R6=1 S6=1 Y5=1 X5=1 Z5=1 C5=1 R5=3 S5=1 Y4=1 X4=1 Z4=1 C4=1 R4=3 S4=1 Y3=1 X3=1 Z3=1 C3=1 R3=3 S3=1 Y2=1 X2=1 Z2=1 C2=1 R2=3 S2=1 Y1=1 X1=1 Z1=1 C1=1 R1=1 S1=1 Y0=1 X0=1 Z0=1 C0=1 R0=5 S0=1] IntermediateRegister[P=1 Q=1 Z7=1 C7=1 R7=1 S7=1 Y6=1 X6=1 Z6=7 C6=1 R6=1 S6=1 Y5=1 X5=1 Z5=3 C5=1 R5=1 S5=1 Y4=1 X4=1 Z4=3 C4=1 R4=1 S4=1 Y3=1 X3=1 Z3=3 C3=1 R3=1 S3=1 Y2=1 X2=1 Z2=3 C2=1 R2=1 S2=1 Y1=1 X1=1 Z1=3 C1=1 R1=1 S1=1 Y0=1 X0=1 Z0=7 C0=1 R0=1 S0=1] OutRegister[P=1 Q=1 Z7=4 C7=1 R7=1 S7=1 Y6=1 X6=1 Z6=1 C6=1 R6=1 S6=1 Y5=1 X5=1 Z5=1 C5=1 R5=1 S5=1 Y4=1 X4=1 Z4=1 C4=1 R4=1 S4=1 Y3=1 X3=1 Z3=1 C3=1 R3=1 S3=1 Y2=1 X2=1 Z2=1 C2=1 R2=1 S2=1 Y1=1 X1=1 Z1=1 C1=1 R1=1 S1=1 Y0=1 X0=1 Z0=1 C0=1 R0=1 S0=1] Compute] 
fsrcnn_8layer_2026-02-21T08:24:35.989828,fsrcnn,8layer,full,8,eyeriss,thesis_arch,1056,524,128,64,16,120,False,True,,1.419e+05,1.944e+07,2.91e+06,"(31557100392, 12312518400)",0.0073438270306525055,0.26458239555358887,DRAM[P=540 Q=8 Z7=1 C7=1 R7=1 S7=1 Y6=540 X6=8 Z6=1 C6=1 R6=1 S6=1 Y5=540 X5=8 Z5=1 C5=1 R5=1 S5=1 Y4=540 X4=8 Z4=1 C4=1 R4=1 S4=1 Y3=540 X3=8 Z3=1 C3=1 R3=1 S3=1 Y2=540 X2=8 Z2=1 C2=1 R2=1 S2=1 Y1=540 X1=8 Z1=1 C1=1 R1=1 S1=1 Y0=540 X0=8 Z0=1 C0=1 R0=1 S0=1] GlobalBuffer[P=1 Q=120 Z7=1 C7=1 R7=1 S7=1 Y6=1 X6=120 Z6=1 C6=1 R6=1 S6=1 Y5=1 X5=120 Z5=1 C5=1 R5=1 S5=1 Y4=1 X4=120 Z4=1 C4=1 R4=1 S4=1 Y3=1 X3=120 Z3=1 C3=1 R3=1 S3=1 Y2=1 X2=120 Z2=1 C2=1 R2=1 S2=1 Y1=1 X1=120 Z1=1 C1=1 R1=1 S1=1 Y0=1 X0=120 Z0=1 C0=1 R0=1 S0=1] SACols[Q=1 Z7=16] SARows[S7=3 C7=14 Z7=1] SACols_6[X6=1 Z6=14] SARows_6[S6=1 C6=12 Z6=4] SACols_5[X5=1 Z5=12] SARows_5[S5=3 C5=12 Z5=1] SACols_4[X4=1 Z4=12] SARows_4[S4=3 C4=12 Z4=1] SACols_3[X3=1 Z3=12] SARows_3[S3=3 C3=12 Z3=1] SACols_2[X2=1 Z2=12] SARows_2[S2=3 C2=12 Z2=1] SACols_1[X1=1 Z1=12] SARows_1[S1=1 C1=56 Z1=1] SACols_0[X0=1 Z0=14] SARows_0[S0=5 C0=3 Z0=4] InRegister[P=1 Q=1 Z7=1 C7=1 R7=1 S7=1 Y6=1 X6=1 Z6=1 C6=1 R6=1 S6=1 Y5=1 X5=1 Z5=1 C5=1 R5=1 S5=1 Y4=1 X4=1 Z4=1 C4=1 R4=1 S4=1 Y3=1 X3=1 Z3=1 C3=1 R3=1 S3=1 Y2=1 X2=1 Z2=1 C2=1 R2=1 S2=1 Y1=1 X1=1 Z1=1 C1=1 R1=1 S1=1 Y0=1 X0=1 Z0=1 C0=1 R0=1 S0=1] WRegister[P=1 Q=1 Z7=1 C7=4 R7=3 S7=1 Y6=1 X6=1 Z6=1 C6=1 R6=1 S6=1 Y5=1 X5=1 Z5=1 C5=1 R5=3 S5=1 Y4=1 X4=1 Z4=1 C4=1 R4=3 S4=1 Y3=1 X3=1 Z3=1 C3=1 R3=3 S3=1 Y2=1 X2=1 Z2=1 C2=1 R2=3 S2=1 Y1=1 X1=1 Z1=1 C1=1 R1=1 S1=1 Y0=1 X0=1 Z0=1 C0=1 R0=5 S0=1] IntermediateRegister[P=1 Q=1 Z7=1 C7=1 R7=1 S7=1 Y6=1 X6=1 Z6=1 C6=1 R6=1 S6=1 Y5=1 X5=1 Z5=1 C5=1 R5=1 S5=1 Y4=1 X4=1 Z4=1 C4=1 R4=1 S4=1 Y3=1 X3=1 Z3=1 C3=1 R3=1 S3=1 Y2=1 X2=1 Z2=1 C2=1 R2=1 S2=1 Y1=1 X1=1 Z1=1 C1=1 R1=1 S1=1 Y0=1 X0=1 Z0=1 C0=1 R0=1 S0=1] OutRegister[P=1 Q=1 Z7=1 C7=1 R7=1 S7=1 Y6=1 X6=1 Z6=1 C6=1 R6=1 S6=1 Y5=1 X5=1 Z5=1 C5=1 R5=1 S5=1 Y4=1 X4=1 Z4=1 C4=1 R4=1 S4=1 Y3=1 X3=1 Z3=1 C3=1 R3=1 S3=1 Y2=1 X2=1 Z2=1 C2=1 R2=1 S2=1 Y1=1 X1=1 Z1=1 C1=1 R1=1 S1=1 Y0=1 X0=1 Z0=1 C0=1 R0=1 S0=1] Compute] 
fsrcnn_8layer_2026-02-21T08:24:37.350979,fsrcnn,8layer,full,8,eyeriss,thesis_arch,1056,524,128,64,32,120,False,True,,1.419e+05,1.918e+07,2.87e+06,"(31557100392, 12312518400)",0.0018359567576631264,0.3592031002044678,DRAM[P=540 Q=8 Z7=1 C7=1 R7=1 S7=1 Y6=540 X6=8 Z6=1 C6=1 R6=1 S6=1 Y5=540 X5=8 Z5=1 C5=1 R5=1 S5=1 Y4=540 X4=8 Z4=1 C4=1 R4=1 S4=1 Y3=540 X3=8 Z3=1 C3=1 R3=1 S3=1 Y2=540 X2=8 Z2=1 C2=1 R2=1 S2=1 Y1=540 X1=8 Z1=1 C1=1 R1=1 S1=1 Y0=540 X0=8 Z0=1 C0=1 R0=1 S0=1] GlobalBuffer[P=1 Q=60 Z7=1 C7=1 R7=1 S7=1 Y6=1 X6=120 Z6=1 C6=1 R6=1 S6=1 Y5=1 X5=60 Z5=1 C5=1 R5=1 S5=1 Y4=1 X4=60 Z4=1 C4=1 R4=1 S4=1 Y3=1 X3=60 Z3=1 C3=1 R3=1 S3=1 Y2=1 X2=60 Z2=1 C2=1 R2=1 S2=1 Y1=1 X1=60 Z1=1 C1=1 R1=1 S1=1 Y0=1 X0=120 Z0=1 C0=1 R0=1 S0=1] SACols[Q=2 Z7=16] SARows[S7=3 C7=14 Z7=1] SACols_6[X6=1 Z6=28] SARows_6[S6=1 C6=12 Z6=2] SACols_5[X5=2 Z5=12] SARows_5[S5=3 C5=12 Z5=1] SACols_4[X4=2 Z4=12] SARows_4[S4=3 C4=12 Z4=1] SACols_3[X3=2 Z3=12] SARows_3[S3=3 C3=12 Z3=1] SACols_2[X2=2 Z2=12] SARows_2[S2=3 C2=12 Z2=1] SACols_1[X1=2 Z1=12] SARows_1[S1=1 C1=56 Z1=1] SACols_0[X0=1 Z0=28] SARows_0[S0=5 C0=3 Z0=2] InRegister[P=1 Q=1 Z7=1 C7=1 R7=1 S7=1 Y6=1 X6=1 Z6=1 C6=1 R6=1 S6=1 Y5=1 X5=1 Z5=1 C5=1 R5=1 S5=1 Y4=1 X4=1 Z4=1 C4=1 R4=1 S4=1 Y3=1 X3=1 Z3=1 C3=1 R3=1 S3=1 Y2=1 X2=1 Z2=1 C2=1 R2=1 S2=1 Y1=1 X1=1 Z1=1 C1=1 R1=1 S1=1 Y0=1 X0=1 Z0=1 C0=1 R0=1 S0=1] WRegister[P=1 Q=1 Z7=1 C7=4 R7=3 S7=1 Y6=1 X6=1 Z6=1 C6=1 R6=1 S6=1 Y5=1 X5=1 Z5=1 C5=1 R5=3 S5=1 Y4=1 X4=1 Z4=1 C4=1 R4=3 S4=1 Y3=1 X3=1 Z3=1 C3=1 R3=3 S3=1 Y2=1 X2=1 Z2=1 C2=1 R2=3 S2=1 Y1=1 X1=1 Z1=1 C1=1 R1=1 S1=1 Y0=1 X0=1 Z0=1 C0=1 R0=5 S0=1] IntermediateRegister[P=1 Q=1 Z7=1 C7=1 R7=1 S7=1 Y6=1 X6=1 Z6=1 C6=1 R6=1 S6=1 Y5=1 X5=1 Z5=1 C5=1 R5=1 S5=1 Y4=1 X4=1 Z4=1 C4=1 R4=1 S4=1 Y3=1 X3=1 Z3=1 C3=1 R3=1 S3=1 Y2=1 X2=1 Z2=1 C2=1 R2=1 S2=1 Y1=1 X1=1 Z1=1 C1=1 R1=1 S1=1 Y0=1 X0=1 Z0=1 C0=1 R0=1 S0=1] OutRegister[P=1 Q=1 Z7=1 C7=1 R7=1 S7=1 Y6=1 X6=1 Z6=1 C6=1 R6=1 S6=1 Y5=1 X5=1 Z5=1 C5=1 R5=1 S5=1 Y4=1 X4=1 Z4=1 C4=1 R4=1 S4=1 Y3=1 X3=1 Z3=1 C3=1 R3=1 S3=1 Y2=1 X2=1 Z2=1 C2=1 R2=1 S2=1 Y1=1 X1=1 Z1=1 C1=1 R1=1 S1=1 Y0=1 X0=1 Z0=1 C0=1 R0=1 S0=1] Compute] 
fsrcnn_8layer_2026-02-21T08:24:38.437442,fsrcnn,8layer,full,8,eyeriss,thesis_arch,1056,524,128,64,64,120,False,True,,1.419e+05,1.918e+07,2.87e+06,"(31557100392, 12312518400)",0.0014007238446526538,0.4659426212310791,DRAM[P=540 Q=8 Z7=1 C7=1 R7=1 S7=1 Y6=540 X6=8 Z6=1 C6=1 R6=1 S6=1 Y5=540 X5=8 Z5=1 C5=1 R5=1 S5=1 Y4=540 X4=8 Z4=1 C4=1 R4=1 S4=1 Y3=540 X3=8 Z3=1 C3=1 R3=1 S3=1 Y2=540 X2=8 Z2=1 C2=1 R2=1 S2=1 Y1=540 X1=8 Z1=1 C1=1 R1=1 S1=1 Y0=540 X0=8 Z0=1 C0=1 R0=1 S0=1] GlobalBuffer[P=1 Q=30 Z7=1 C7=1 R7=1 S7=1 Y6=1 X6=120 Z6=1 C6=1 R6=1 S6=1 Y5=1 X5=24 Z5=1 C5=1 R5=1 S5=1 Y4=1 X4=24 Z4=1 C4=1 R4=1 S4=1 Y3=1 X3=24 Z3=1 C3=1 R3=1 S3=1 Y2=1 X2=24 Z2=1 C2=1 R2=1 S2=1 Y1=1 X1=24 Z1=1 C1=1 R1=1 S1=1 Y0=1 X0=120 Z0=1 C0=1 R0=1 S0=1] SACols[Q=4 Z7=16] SARows[S7=3 C7=14 Z7=1] SACols_6[X6=1 Z6=56] SARows_6[S6=1 C6=12 Z6=1] SACols_5[X5=5 Z5=12] SARows_5[S5=3 C5=12 Z5=1] SACols_4[X4=5 Z4=12] SARows_4[S4=3 C4=12 Z4=1] SACols_3[X3=5 Z3=12] SARows_3[S3=3 C3=12 Z3=1] SACols_2[X2=5 Z2=12] SARows_2[S2=3 C2=12 Z2=1] SACols_1[X1=5 Z1=12] SARows_1[S1=1 C1=56 Z1=1] SACols_0[X0=1 Z0=56] SARows_0[S0=5 C0=3 Z0=1] InRegister[P=1 Q=1 Z7=1 C7=1 R7=1 S7=1 Y6=1 X6=1 Z6=1 C6=1 R6=1 S6=1 Y5=1 X5=1 Z5=1 C5=1 R5=1 S5=1 Y4=1 X4=1 Z4=1 C4=1 R4=1 S4=1 Y3=1 X3=1 Z3=1 C3=1 R3=1 S3=1 Y2=1 X2=1 Z2=1 C2=1 R2=1 S2=1 Y1=1 X1=1 Z1=1 C1=1 R1=1 S1=1 Y0=1 X0=1 Z0=1 C0=1 R0=1 S0=1] WRegister[P=1 Q=1 Z7=1 C7=4 R7=3 S7=1 Y6=1 X6=1 Z6=1 C6=1 R6=1 S6=1 Y5=1 X5=1 Z5=1 C5=1 R5=3 S5=1 Y4=1 X4=1 Z4=1 C4=1 R4=3 S4=1 Y3=1 X3=1 Z3=1 C3=1 R3=3 S3=1 Y2=1 X2=1 Z2=1 C2=1 R2=3 S2=1 Y1=1 X1=1 Z1=1 C1=1 R1=1 S1=1 Y0=1 X0=1 Z0=1 C0=1 R0=5 S0=1] IntermediateRegister[P=1 Q=1 Z7=1 C7=1 R7=1 S7=1 Y6=1 X6=1 Z6=1 C6=1 R6=1 S6=1 Y5=1 X5=1 Z5=1 C5=1 R5=1 S5=1 Y4=1 X4=1 Z4=1 C4=1 R4=1 S4=1 Y3=1 X3=1 Z3=1 C3=1 R3=1 S3=1 Y2=1 X2=1 Z2=1 C2=1 R2=1 S2=1 Y1=1 X1=1 Z1=1 C1=1 R1=1 S1=1 Y0=1 X0=1 Z0=1 C0=1 R0=1 S0=1] OutRegister[P=1 Q=1 Z7=1 C7=1 R7=1 S7=1 Y6=1 X6=1 Z6=1 C6=1 R6=1 S6=1 Y5=1 X5=1 Z5=1 C5=1 R5=1 S5=1 Y4=1 X4=1 Z4=1 C4=1 R4=1 S4=1 Y3=1 X3=1 Z3=1 C3=1 R3=1 S3=1 Y2=1 X2=1 Z2=1 C2=1 R2=1 S2=1 Y1=1 X1=1 Z1=1 C1=1 R1=1 S1=1 Y0=1 X0=1 Z0=1 C0=1 R0=1 S0=1] Compute] 
fsrcnn_8layer_2026-02-21T08:24:39.782836,fsrcnn,8layer,full,8,eyeriss,thesis_arch,1056,524,128,64,128,120,False,True,,1.419e+05,1.889e+07,2.83e+06,"(31557100392, 12312518400)",0.0014007238446526538,0.2344663143157959,DRAM[P=540 Q=8 Z7=1 C7=1 R7=1 S7=1 Y6=540 X6=8 Z6=1 C6=1 R6=1 S6=1 Y5=540 X5=8 Z5=1 C5=1 R5=1 S5=1 Y4=540 X4=8 Z4=1 C4=1 R4=1 S4=1 Y3=540 X3=8 Z3=1 C3=1 R3=1 S3=1 Y2=540 X2=8 Z2=1 C2=1 R2=1 S2=1 Y1=540 X1=8 Z1=1 C1=1 R1=1 S1=1 Y0=540 X0=8 Z0=1 C0=1 R0=1 S0=1] GlobalBuffer[P=1 Q=15 Z7=1 C7=1 R7=1 S7=1 Y6=1 X6=60 Z6=1 C6=1 R6=1 S6=1 Y5=1 X5=12 Z5=1 C5=1 R5=1 S5=1 Y4=1 X4=12 Z4=1 C4=1 R4=1 S4=1 Y3=1 X3=12 Z3=1 C3=1 R3=1 S3=1 Y2=1 X2=12 Z2=1 C2=1 R2=1 S2=1 Y1=1 X1=12 Z1=1 C1=1 R1=1 S1=1 Y0=1 X0=60 Z0=1 C0=1 R0=1 S0=1] SACols[Q=8 Z7=16] SARows[S7=3 C7=14 Z7=1] SACols_6[X6=2 Z6=56] SARows_6[S6=1 C6=12 Z6=1] SACols_5[X5=10 Z5=12] SARows_5[S5=3 C5=12 Z5=1] SACols_4[X4=10 Z4=12] SARows_4[S4=3 C4=12 Z4=1] SACols_3[X3=10 Z3=12] SARows_3[S3=3 C3=12 Z3=1] SACols_2[X2=10 Z2=12] SARows_2[S2=3 C2=12 Z2=1] SACols_1[X1=10 Z1=12] SARows_1[S1=1 C1=56 Z1=1] SACols_0[X0=2 Z0=56] SARows_0[S0=5 C0=3 Z0=1] InRegister[P=1 Q=1 Z7=1 C7=1 R7=1 S7=1 Y6=1 X6=1 Z6=1 C6=1 R6=1 S6=1 Y5=1 X5=1 Z5=1 C5=1 R5=1 S5=1 Y4=1 X4=1 Z4=1 C4=1 R4=1 S4=1 Y3=1 X3=1 Z3=1 C3=1 R3=1 S3=1 Y2=1 X2=1 Z2=1 C2=1 R2=1 S2=1 Y1=1 X1=1 Z1=1 C1=1 R1=1 S1=1 Y0=1 X0=1 Z0=1 C0=1 R0=1 S0=1] WRegister[P=1 Q=1 Z7=1 C7=4 R7=3 S7=1 Y6=1 X6=1 Z6=1 C6=1 R6=1 S6=1 Y5=1 X5=1 Z5=1 C5=1 R5=3 S5=1 Y4=1 X4=1 Z4=1 C4=1 R4=3 S4=1 Y3=1 X3=1 Z3=1 C3=1 R3=3 S3=1 Y2=1 X2=1 Z2=1 C2=1 R2=3 S2=1 Y1=1 X1=1 Z1=1 C1=1 R1=1 S1=1 Y0=1 X0=1 Z0=1 C0=1 R0=5 S0=1] IntermediateRegister[P=1 Q=1 Z7=1 C7=1 R7=1 S7=1 Y6=1 X6=1 Z6=1 C6=1 R6=1 S6=1 Y5=1 X5=1 Z5=1 C5=1 R5=1 S5=1 Y4=1 X4=1 Z4=1 C4=1 R4=1 S4=1 Y3=1 X3=1 Z3=1 C3=1 R3=1 S3=1 Y2=1 X2=1 Z2=1 C2=1 R2=1 S2=1 Y1=1 X1=1 Z1=1 C1=1 R1=1 S1=1 Y0=1 X0=1 Z0=1 C0=1 R0=1 S0=1] OutRegister[P=1 Q=1 Z7=1 C7=1 R7=1 S7=1 Y6=1 X6=1 Z6=1 C6=1 R6=1 S6=1 Y5=1 X5=1 Z5=1 C5=1 R5=1 S5=1 Y4=1 X4=1 Z4=1 C4=1 R4=1 S4=1 Y3=1 X3=1 Z3=1 C3=1 R3=1 S3=1 Y2=1 X2=1 Z2=1 C2=1 R2=1 S2=1 Y1=1 X1=1 Z1=1 C1=1 R1=1 S1=1 Y0=1 X0=1 Z0=1 C0=1 R0=1 S0=1] Compute] 
fsrcnn_8layer_2026-02-21T08:24:40.536295,fsrcnn,8layer,full,8,eyeriss,thesis_arch,1056,524,128,64,256,120,False,True,,1.419e+05,1.889e+07,2.83e+06,"(31557100392, 12312518400)",0.001313178604361863,0.429196834564209,DRAM[P=540 Q=8 Z7=1 C7=1 R7=1 S7=1 Y6=540 X6=8 Z6=1 C6=1 R6=1 S6=1 Y5=540 X5=8 Z5=1 C5=1 R5=1 S5=1 Y4=540 X4=8 Z4=1 C4=1 R4=1 S4=1 Y3=540 X3=8 Z3=1 C3=1 R3=1 S3=1 Y2=540 X2=8 Z2=1 C2=1 R2=1 S2=1 Y1=540 X1=8 Z1=1 C1=1 R1=1 S1=1 Y0=540 X0=8 Z0=1 C0=1 R0=1 S0=1] GlobalBuffer[P=1 Q=8 Z7=1 C7=1 R7=1 S7=1 Y6=1 X6=30 Z6=1 C6=1 R6=1 S6=1 Y5=1 X5=6 Z5=1 C5=1 R5=1 S5=1 Y4=1 X4=6 Z4=1 C4=1 R4=1 S4=1 Y3=1 X3=6 Z3=1 C3=1 R3=1 S3=1 Y2=1 X2=6 Z2=1 C2=1 R2=1 S2=1 Y1=1 X1=6 Z1=1 C1=1 R1=1 S1=1 Y0=1 X0=30 Z0=1 C0=1 R0=1 S0=1] SACols[Q=15 Z7=16] SARows[S7=3 C7=14 Z7=1] SACols_6[X6=4 Z6=56] SARows_6[S6=1 C6=12 Z6=1] SACols_5[X5=20 Z5=12] SARows_5[S5=3 C5=12 Z5=1] SACols_4[X4=20 Z4=12] SARows_4[S4=3 C4=12 Z4=1] SACols_3[X3=20 Z3=12] SARows_3[S3=3 C3=12 Z3=1] SACols_2[X2=20 Z2=12] SARows_2[S2=3 C2=12 Z2=1] SACols_1[X1=20 Z1=12] SARows_1[S1=1 C1=56 Z1=1] SACols_0[X0=4 Z0=56] SARows_0[S0=5 C0=3 Z0=1] InRegister[P=1 Q=1 Z7=1 C7=1 R7=1 S7=1 Y6=1 X6=1 Z6=1 C6=1 R6=1 S6=1 Y5=1 X5=1 Z5=1 C5=1 R5=1 S5=1 Y4=1 X4=1 Z4=1 C4=1 R4=1 S4=1 Y3=1 X3=1 Z3=1 C3=1 R3=1 S3=1 Y2=1 X2=1 Z2=1 C2=1 R2=1 S2=1 Y1=1 X1=1 Z1=1 C1=1 R1=1 S1=1 Y0=1 X0=1 Z0=1 C0=1 R0=1 S0=1] WRegister[P=1 Q=1 Z7=1 C7=4 R7=3 S7=1 Y6=1 X6=1 Z6=1 C6=1 R6=1 S6=1 Y5=1 X5=1 Z5=1 C5=1 R5=3 S5=1 Y4=1 X4=1 Z4=1 C4=1 R4=3 S4=1 Y3=1 X3=1 Z3=1 C3=1 R3=3 S3=1 Y2=1 X2=1 Z2=1 C2=1 R2=3 S2=1 Y1=1 X1=1 Z1=1 C1=1 R1=1 S1=1 Y0=1 X0=1 Z0=1 C0=1 R0=5 S0=1] IntermediateRegister[P=1 Q=1 Z7=1 C7=1 R7=1 S7=1 Y6=1 X6=1 Z6=1 C6=1 R6=1 S6=1 Y5=1 X5=1 Z5=1 C5=1 R5=1 S5=1 Y4=1 X4=1 Z4=1 C4=1 R4=1 S4=1 Y3=1 X3=1 Z3=1 C3=1 R3=1 S3=1 Y2=1 X2=1 Z2=1 C2=1 R2=1 S2=1 Y1=1 X1=1 Z1=1 C1=1 R1=1 S1=1 Y0=1 X0=1 Z0=1 C0=1 R0=1 S0=1] OutRegister[P=1 Q=1 Z7=1 C7=1 R7=1 S7=1 Y6=1 X6=1 Z6=1 C6=1 R6=1 S6=1 Y5=1 X5=1 Z5=1 C5=1 R5=1 S5=1 Y4=1 X4=1 Z4=1 C4=1 R4=1 S4=1 Y3=1 X3=1 Z3=1 C3=1 R3=1 S3=1 Y2=1 X2=1 Z2=1 C2=1 R2=1 S2=1 Y1=1 X1=1 Z1=1 C1=1 R1=1 S1=1 Y0=1 X0=1 Z0=1 C0=1 R0=1 S0=1] Compute] 
fsrcnn_8layer_2026-02-21T08:24:41.732910,fsrcnn,8layer,full,8,eyeriss,thesis_arch,1056,524,128,128,4,120,False,True,,1.373e+05,2.825e+07,4.00e+06,"(30062034792, 12094790400)",0.07833415499362673,0.3801846504211426,DRAM[P=540 Q=8 Z7=1 C7=1 R7=1 S7=1 Y6=540 X6=8 Z6=1 C6=1 R6=1 S6=1 Y5=540 X5=8 Z5=1 C5=1 R5=1 S5=1 Y4=540 X4=8 Z4=1 C4=1 R4=1 S4=1 Y3=540 X3=8 Z3=1 C3=1 R3=1 S3=1 Y2=540 X2=8 Z2=1 C2=1 R2=1 S2=1 Y1=540 X1=8 Z1=1 C1=1 R1=1 S1=1 Y0=540 X0=8 Z0=1 C0=1 R0=1 S0=1] GlobalBuffer[P=1 Q=120 Z7=1 C7=1 R7=1 S7=1 Y6=1 X6=120 Z6=1 C6=1 R6=1 S6=1 Y5=1 X5=120 Z5=1 C5=1 R5=1 S5=1 Y4=1 X4=120 Z4=1 C4=1 R4=1 S4=1 Y3=1 X3=120 Z3=1 C3=1 R3=1 S3=1 Y2=1 X2=120 Z2=1 C2=1 R2=1 S2=1 Y1=1 X1=120 Z1=1 C1=1 R1=1 S1=1 Y0=1 X0=120 Z0=1 C0=1 R0=1 S0=1] SACols[Q=1 Z7=4] SARows[S7=3 C7=28 Z7=1] SACols_6[X6=1 Z6=4] SARows_6[S6=1 C6=12 Z6=7] SACols_5[X5=1 Z5=4] SARows_5[S5=3 C5=12 Z5=3] SACols_4[X4=1 Z4=4] SARows_4[S4=3 C4=12 Z4=3] SACols_3[X3=1 Z3=4] SARows_3[S3=3 C3=12 Z3=3] SACols_2[X2=1 Z2=4] SARows_2[S2=3 C2=12 Z2=3] SACols_1[X1=1 Z1=4] SARows_1[S1=1 C1=56 Z1=1] SACols_0[X0=1 Z0=4] SARows_0[S0=5 C0=3 Z0=7] InRegister[P=1 Q=1 Z7=1 C7=1 R7=1 S7=1 Y6=1 X6=1 Z6=1 C6=1 R6=1 S6=1 Y5=1 X5=1 Z5=1 C5=1 R5=1 S5=1 Y4=1 X4=1 Z4=1 C4=1 R4=1 S4=1 Y3=1 X3=1 Z3=1 C3=1 R3=1 S3=1 Y2=1 X2=1 Z2=1 C2=1 R2=1 S2=1 Y1=1 X1=1 Z1=1 C1=1 R1=1 S1=1 Y0=1 X0=1 Z0=1 C0=1 R0=1 S0=1] WRegister[P=1 Q=1 Z7=1 C7=2 R7=3 S7=1 Y6=1 X6=1 Z6=1 C6=1 R6=1 S6=1 Y5=1 X5=1 Z5=1 C5=1 R5=3 S5=1 Y4=1 X4=1 Z4=1 C4=1 R4=3 S4=1 Y3=1 X3=1 Z3=1 C3=1 R3=3 S3=1 Y2=1 X2=1 Z2=1 C2=1 R2=3 S2=1 Y1=1 X1=1 Z1=1 C1=1 R1=1 S1=1 Y0=1 X0=1 Z0=1 C0=1 R0=5 S0=1] IntermediateRegister[P=1 Q=1 Z7=1 C7=1 R7=1 S7=1 Y6=1 X6=1 Z6=2 C6=1 R6=1 S6=1 Y5=1 X5=1 Z5=1 C5=1 R5=1 S5=1 Y4=1 X4=1 Z4=1 C4=1 R4=1 S4=1 Y3=1 X3=1 Z3=1 C3=1 R3=1 S3=1 Y2=1 X2=1 Z2=1 C2=1 R2=1 S2=1 Y1=1 X1=1 Z1=3 C1=1 R1=1 S1=1 Y0=1 X0=1 Z0=2 C0=1 R0=1 S0=1] OutRegister[P=1 Q=1 Z7=4 C7=1 R7=1 S7=1 Y6=1 X6=1 Z6=1 C6=1 R6=1 S6=1 Y5=1 X5=1 Z5=1 C5=1 R5=1 S5=1 Y4=1 X4=1 Z4=1 C4=1 R4=1 S4=1 Y3=1 X3=1 Z3=1 C3=1 R3=1 S3=1 Y2=1 X2=1 Z2=1 C2=1 R2=1 S2=1 Y1=1 X1=1 Z1=1 C1=1 R1=1 S1=1 Y0=1 X0=1 Z0=1 C0=1 R0=1 S0=1] Compute] 
fsrcnn_8layer_2026-02-21T08:24:42.836722,fsrcnn,8layer,full,8,eyeriss,thesis_arch,1056,524,128,128,16,120,False,True,,1.419e+05,1.918e+07,2.87e+06,"(31557100392, 12312518400)",5.73736486769727e-05,0.2849874496459961,DRAM[P=540 Q=8 Z7=1 C7=1 R7=1 S7=1 Y6=540 X6=8 Z6=1 C6=1 R6=1 S6=1 Y5=540 X5=8 Z5=1 C5=1 R5=1 S5=1 Y4=540 X4=8 Z4=1 C4=1 R4=1 S4=1 Y3=540 X3=8 Z3=1 C3=1 R3=1 S3=1 Y2=540 X2=8 Z2=1 C2=1 R2=1 S2=1 Y1=540 X1=8 Z1=1 C1=1 R1=1 S1=1 Y0=540 X0=8 Z0=1 C0=1 R0=1 S0=1] GlobalBuffer[P=1 Q=120 Z7=1 C7=1 R7=1 S7=1 Y6=1 X6=120 Z6=1 C6=1 R6=1 S6=1 Y5=1 X5=120 Z5=1 C5=1 R5=1 S5=1 Y4=1 X4=120 Z4=1 C4=1 R4=1 S4=1 Y3=1 X3=120 Z3=1 C3=1 R3=1 S3=1 Y2=1 X2=120 Z2=1 C2=1 R2=1 S2=1 Y1=1 X1=120 Z1=1 C1=1 R1=1 S1=1 Y0=1 X0=120 Z0=1 C0=1 R0=1 S0=1] SACols[Q=1 Z7=16] SARows[S7=3 C7=28 Z7=1] SACols_6[X6=1 Z6=14] SARows_6[S6=1 C6=12 Z6=4] SACols_5[X5=1 Z5=12] SARows_5[S5=3 C5=12 Z5=1] SACols_4[X4=1 Z4=12] SARows_4[S4=3 C4=12 Z4=1] SACols_3[X3=1 Z3=12] SARows_3[S3=3 C3=12 Z3=1] SACols_2[X2=1 Z2=12] SARows_2[S2=3 C2=12 Z2=1] SACols_1[X1=1 Z1=12] SARows_1[S1=1 C1=56 Z1=1] SACols_0[X0=1 Z0=14] SARows_0[S0=5 C0=3 Z0=4] InRegister[P=1 Q=1 Z7=1 C7=1 R7=1 S7=1 Y6=1 X6=1 Z6=1 C6=1 R6=1 S6=1 Y5=1 X5=1 Z5=1 C5=1 R5=1 S5=1 Y4=1 X4=1 Z4=1 C4=1 R4=1 S4=1 Y3=1 X3=1 Z3=1 C3=1 R3=1 S3=1 Y2=1 X2=1 Z2=1 C2=1 R2=1 S2=1 Y1=1 X1=1 Z1=1 C1=1 R1=1 S1=1 Y0=1 X0=1 Z0=1 C0=1 R0=1 S0=1] WRegister[P=1 Q=1 Z7=1 C7=2 R7=3 S7=1 Y6=1 X6=1 Z6=1 C6=1 R6=1 S6=1 Y5=1 X5=1 Z5=1 C5=1 R5=3 S5=1 Y4=1 X4=1 Z4=1 C4=1 R4=3 S4=1 Y3=1 X3=1 Z3=1 C3=1 R3=3 S3=1 Y2=1 X2=1 Z2=1 C2=1 R2=3 S2=1 Y1=1 X1=1 Z1=1 C1=1 R1=1 S1=1 Y0=1 X0=1 Z0=1 C0=1 R0=5 S0=1] IntermediateRegister[P=1 Q=1 Z7=1 C7=1 R7=1 S7=1 Y6=1 X6=1 Z6=1 C6=1 R6=1 S6=1 Y5=1 X5=1 Z5=1 C5=1 R5=1 S5=1 Y4=1 X4=1 Z4=1 C4=1 R4=1 S4=1 Y3=1 X3=1 Z3=1 C3=1 R3=1 S3=1 Y2=1 X2=1 Z2=1 C2=1 R2=1 S2=1 Y1=1 X1=1 Z1=1 C1=1 R1=1 S1=1 Y0=1 X0=1 Z0=1 C0=1 R0=1 S0=1] OutRegister[P=1 Q=1 Z7=1 C7=1 R7=1 S7=1 Y6=1 X6=1 Z6=1 C6=1 R6=1 S6=1 Y5=1 X5=1 Z5=1 C5=1 R5=1 S5=1 Y4=1 X4=1 Z4=1 C4=1 R4=1 S4=1 Y3=1 X3=1 Z3=1 C3=1 R3=1 S3=1 Y2=1 X2=1 Z2=1 C2=1 R2=1 S2=1 Y1=1 X1=1 Z1=1 C1=1 R1=1 S1=1 Y0=1 X0=1 Z0=1 C0=1 R0=1 S0=1] Compute] 
fsrcnn_8layer_2026-02-21T08:24:43.784161,fsrcnn,8layer,full,8,eyeriss,thesis_arch,1056,524,128,128,32,120,False,True,,1.419e+05,1.918e+07,2.87e+06,"(31557100392, 12312518400)",1.4343412169243175e-05,0.2721891403198242,DRAM[P=540 Q=8 Z7=1 C7=1 R7=1 S7=1 Y6=540 X6=8 Z6=1 C6=1 R6=1 S6=1 Y5=540 X5=8 Z5=1 C5=1 R5=1 S5=1 Y4=540 X4=8 Z4=1 C4=1 R4=1 S4=1 Y3=540 X3=8 Z3=1 C3=1 R3=1 S3=1 Y2=540 X2=8 Z2=1 C2=1 R2=1 S2=1 Y1=540 X1=8 Z1=1 C1=1 R1=1 S1=1 Y0=540 X0=8 Z0=1 C0=1 R0=1 S0=1] GlobalBuffer[P=1 Q=60 Z7=1 C7=1 R7=1 S7=1 Y6=1 X6=120 Z6=1 C6=1 R6=1 S6=1 Y5=1 X5=60 Z5=1 C5=1 R5=1 S5=1 Y4=1 X4=60 Z4=1 C4=1 R4=1 S4=1 Y3=1 X3=60 Z3=1 C3=1 R3=1 S3=1 Y2=1 X2=60 Z2=1 C2=1 R2=1 S2=1 Y1=1 X1=60 Z1=1 C1=1 R1=1 S1=1 Y0=1 X0=120 Z0=1 C0=1 R0=1 S0=1] SACols[Q=2 Z7=16] SARows[S7=3 C7=28 Z7=1] SACols_6[X6=1 Z6=28] SARows_6[S6=1 C6=12 Z6=2] SACols_5[X5=2 Z5=12] SARows_5[S5=3 C5=12 Z5=1] SACols_4[X4=2 Z4=12] SARows_4[S4=3 C4=12 Z4=1] SACols_3[X3=2 Z3=12] SARows_3[S3=3 C3=12 Z3=1] SACols_2[X2=2 Z2=12] SARows_2[S2=3 C2=12 Z2=1] SACols_1[X1=2 Z1=12] SARows_1[S1=1 C1=56 Z1=1] SACols_0[X0=1 Z0=28] SARows_0[S0=5 C0=3 Z0=2] InRegister[P=1 Q=1 Z7=1 C7=1 R7=1 S7=1 Y6=1 X6=1 Z6=1 C6=1 R6=1 S6=1 Y5=1 X5=1 Z5=1 C5=1 R5=1 S5=1 Y4=1 X4=1 Z4=1 C4=1 R4=1 S4=1 Y3=1 X3=1 Z3=1 C3=1 R3=1 S3=1 Y2=1 X2=1 Z2=1 C2=1 R2=1 S2=1 Y1=1 X1=1 Z1=1 C1=1 R1=1 S1=1 Y0=1 X0=1 Z0=1 C0=1 R0=1 S0=1] WRegister[P=1 Q=1 Z7=1 C7=2 R7=3 S7=1 Y6=1 X6=1 Z6=1 C6=1 R6=1 S6=1 Y5=1 X5=1 Z5=1 C5=1 R5=3 S5=1 Y4=1 X4=1 Z4=1 C4=1 R4=3 S4=1 Y3=1 X3=1 Z3=1 C3=1 R3=3 S3=1 Y2=1 X2=1 Z2=1 C2=1 R2=3 S2=1 Y1=1 X1=1 Z1=1 C1=1 R1=1 S1=1 Y0=1 X0=1 Z0=1 C0=1 R0=5 S0=1] IntermediateRegister[P=1 Q=1 Z7=1 C7=1 R7=1 S7=1 Y6=1 X6=1 Z6=1 C6=1 R6=1 S6=1 Y5=1 X5=1 Z5=1 C5=1 R5=1 S5=1 Y4=1 X4=1 Z4=1 C4=1 R4=1 S4=1 Y3=1 X3=1 Z3=1 C3=1 R3=1 S3=1 Y2=1 X2=1 Z2=1 C2=1 R2=1 S2=1 Y1=1 X1=1 Z1=1 C1=1 R1=1 S1=1 Y0=1 X0=1 Z0=1 C0=1 R0=1 S0=1] OutRegister[P=1 Q=1 Z7=1 C7=1 R7=1 S7=1 Y6=1 X6=1 Z6=1 C6=1 R6=1 S6=1 Y5=1 X5=1 Z5=1 C5=1 R5=1 S5=1 Y4=1 X4=1 Z4=1 C4=1 R4=1 S4=1 Y3=1 X3=1 Z3=1 C3=1 R3=1 S3=1 Y2=1 X2=1 Z2=1 C2=1 R2=1 S2=1 Y1=1 X1=1 Z1=1 C1=1 R1=1 S1=1 Y0=1 X0=1 Z0=1 C0=1 R0=1 S0=1] Compute] 
fsrcnn_8layer_2026-02-21T08:24:44.666549,fsrcnn,8layer,full,8,eyeriss,thesis_arch,1056,524,128,128,64,120,False,True,,1.419e+05,1.918e+07,2.87e+06,"(31557100392, 12312518400)",1.0943155036348858e-05,0.3198580741882324,DRAM[P=540 Q=8 Z7=1 C7=1 R7=1 S7=1 Y6=540 X6=8 Z6=1 C6=1 R6=1 S6=1 Y5=540 X5=8 Z5=1 C5=1 R5=1 S5=1 Y4=540 X4=8 Z4=1 C4=1 R4=1 S4=1 Y3=540 X3=8 Z3=1 C3=1 R3=1 S3=1 Y2=540 X2=8 Z2=1 C2=1 R2=1 S2=1 Y1=540 X1=8 Z1=1 C1=1 R1=1 S1=1 Y0=540 X0=8 Z0=1 C0=1 R0=1 S0=1] GlobalBuffer[P=1 Q=30 Z7=1 C7=1 R7=1 S7=1 Y6=1 X6=120 Z6=1 C6=1 R6=1 S6=1 Y5=1 X5=24 Z5=1 C5=1 R5=1 S5=1 Y4=1 X4=24 Z4=1 C4=1 R4=1 S4=1 Y3=1 X3=24 Z3=1 C3=1 R3=1 S3=1 Y2=1 X2=24 Z2=1 C2=1 R2=1 S2=1 Y1=1 X1=24 Z1=1 C1=1 R1=1 S1=1 Y0=1 X0=120 Z0=1 C0=1 R0=1 S0=1] SACols[Q=4 Z7=16] SARows[S7=3 C7=28 Z7=1] SACols_6[X6=1 Z6=56] SARows_6[S6=1 C6=12 Z6=1] SACols_5[X5=5 Z5=12] SARows_5[S5=3 C5=12 Z5=1] SACols_4[X4=5 Z4=12] SARows_4[S4=3 C4=12 Z4=1] SACols_3[X3=5 Z3=12] SARows_3[S3=3 C3=12 Z3=1] SACols_2[X2=5 Z2=12] SARows_2[S2=3 C2=12 Z2=1] SACols_1[X1=5 Z1=12] SARows_1[S1=1 C1=56 Z1=1] SACols_0[X0=1 Z0=56] SARows_0[S0=5 C0=3 Z0=1] InRegister[P=1 Q=1 Z7=1 C7=1 R7=1 S7=1 Y6=1 X6=1 Z6=1 C6=1 R6=1 S6=1 Y5=1 X5=1 Z5=1 C5=1 R5=1 S5=1 Y4=1 X4=1 Z4=1 C4=1 R4=1 S4=1 Y3=1 X3=1 Z3=1 C3=1 R3=1 S3=1 Y2=1 X2=1 Z2=1 C2=1 R2=1 S2=1 Y1=1 X1=1 Z1=1 C1=1 R1=1 S1=1 Y0=1 X0=1 Z0=1 C0=1 R0=1 S0=1] WRegister[P=1 Q=1 Z7=1 C7=2 R7=3 S7=1 Y6=1 X6=1 Z6=1 C6=1 R6=1 S6=1 Y5=1 X5=1 Z5=1 C5=1 R5=3 S5=1 Y4=1 X4=1 Z4=1 C4=1 R4=3 S4=1 Y3=1 X3=1 Z3=1 C3=1 R3=3 S3=1 Y2=1 X2=1 Z2=1 C2=1 R2=3 S2=1 Y1=1 X1=1 Z1=1 C1=1 R1=1 S1=1 Y0=1 X0=1 Z0=1 C0=1 R0=5 S0=1] IntermediateRegister[P=1 Q=1 Z7=1 C7=1 R7=1 S7=1 Y6=1 X6=1 Z6=1 C6=1 R6=1 S6=1 Y5=1 X5=1 Z5=1 C5=1 R5=1 S5=1 Y4=1 X4=1 Z4=1 C4=1 R4=1 S4=1 Y3=1 X3=1 Z3=1 C3=1 R3=1 S3=1 Y2=1 X2=1 Z2=1 C2=1 R2=1 S2=1 Y1=1 X1=1 Z1=1 C1=1 R1=1 S1=1 Y0=1 X0=1 Z0=1 C0=1 R0=1 S0=1] OutRegister[P=1 Q=1 Z7=1 C7=1 R7=1 S7=1 Y6=1 X6=1 Z6=1 C6=1 R6=1 S6=1 Y5=1 X5=1 Z5=1 C5=1 R5=1 S5=1 Y4=1 X4=1 Z4=1 C4=1 R4=1 S4=1 Y3=1 X3=1 Z3=1 C3=1 R3=1 S3=1 Y2=1 X2=1 Z2=1 C2=1 R2=1 S2=1 Y1=1 X1=1 Z1=1 C1=1 R1=1 S1=1 Y0=1 X0=1 Z0=1 C0=1 R0=1 S0=1] Compute] 
fsrcnn_8layer_2026-02-21T08:24:45.622236,fsrcnn,8layer,full,8,eyeriss,thesis_arch,1056,524,128,128,128,120,False,True,,1.419e+05,1.889e+07,2.83e+06,"(31557100392, 12312518400)",1.0943155036348858e-05,0.32414746284484863,DRAM[P=540 Q=8 Z7=1 C7=1 R7=1 S7=1 Y6=540 X6=8 Z6=1 C6=1 R6=1 S6=1 Y5=540 X5=8 Z5=1 C5=1 R5=1 S5=1 Y4=540 X4=8 Z4=1 C4=1 R4=1 S4=1 Y3=540 X3=8 Z3=1 C3=1 R3=1 S3=1 Y2=540 X2=8 Z2=1 C2=1 R2=1 S2=1 Y1=540 X1=8 Z1=1 C1=1 R1=1 S1=1 Y0=540 X0=8 Z0=1 C0=1 R0=1 S0=1] GlobalBuffer[P=1 Q=15 Z7=1 C7=1 R7=1 S7=1 Y6=1 X6=60 Z6=1 C6=1 R6=1 S6=1 Y5=1 X5=12 Z5=1 C5=1 R5=1 S5=1 Y4=1 X4=12 Z4=1 C4=1 R4=1 S4=1 Y3=1 X3=12 Z3=1 C3=1 R3=1 S3=1 Y2=1 X2=12 Z2=1 C2=1 R2=1 S2=1 Y1=1 X1=12 Z1=1 C1=1 R1=1 S1=1 Y0=1 X0=60 Z0=1 C0=1 R0=1 S0=1] SACols[Q=8 Z7=16] SARows[S7=3 C7=28 Z7=1] SACols_6[X6=2 Z6=56] SARows_6[S6=1 C6=12 Z6=1] SACols_5[X5=10 Z5=12] SARows_5[S5=3 C5=12 Z5=1] SACols_4[X4=10 Z4=12] SARows_4[S4=3 C4=12 Z4=1] SACols_3[X3=10 Z3=12] SARows_3[S3=3 C3=12 Z3=1] SACols_2[X2=10 Z2=12] SARows_2[S2=3 C2=12 Z2=1] SACols_1[X1=10 Z1=12] SARows_1[S1=1 C1=56 Z1=1] SACols_0[X0=2 Z0=56] SARows_0[S0=5 C0=3 Z0=1] InRegister[P=1 Q=1 Z7=1 C7=1 R7=1 S7=1 Y6=1 X6=1 Z6=1 C6=1 R6=1 S6=1 Y5=1 X5=1 Z5=1 C5=1 R5=1 S5=1 Y4=1 X4=1 Z4=1 C4=1 R4=1 S4=1 Y3=1 X3=1 Z3=1 C3=1 R3=1 S3=1 Y2=1 X2=1 Z2=1 C2=1 R2=1 S2=1 Y1=1 X1=1 Z1=1 C1=1 R1=1 S1=1 Y0=1 X0=1 Z0=1 C0=1 R0=1 S0=1] WRegister[P=1 Q=1 Z7=1 C7=2 R7=3 S7=1 Y6=1 X6=1 Z6=1 C6=1 R6=1 S6=1 Y5=1 X5=1 Z5=1 C5=1 R5=3 S5=1 Y4=1 X4=1 Z4=1 C4=1 R4=3 S4=1 Y3=1 X3=1 Z3=1 C3=1 R3=3 S3=1 Y2=1 X2=1 Z2=1 C2=1 R2=3 S2=1 Y1=1 X1=1 Z1=1 C1=1 R1=1 S1=1 Y0=1 X0=1 Z0=1 C0=1 R0=5 S0=1] IntermediateRegister[P=1 Q=1 Z7=1 C7=1 R7=1 S7=1 Y6=1 X6=1 Z6=1 C6=1 R6=1 S6=1 Y5=1 X5=1 Z5=1 C5=1 R5=1 S5=1 Y4=1 X4=1 Z4=1 C4=1 R4=1 S4=1 Y3=1 X3=1 Z3=1 C3=1 R3=1 S3=1 Y2=1 X2=1 Z2=1 C2=1 R2=1 S2=1 Y1=1 X1=1 Z1=1 C1=1 R1=1 S1=1 Y0=1 X0=1 Z0=1 C0=1 R0=1 S0=1] OutRegister[P=1 Q=1 Z7=1 C7=1 R7=1 S7=1 Y6=1 X6=1 Z6=1 C6=1 R6=1 S6=1 Y5=1 X5=1 Z5=1 C5=1 R5=1 S5=1 Y4=1 X4=1 Z4=1 C4=1 R4=1 S4=1 Y3=1 X3=1 Z3=1 C3=1 R3=1 S3=1 Y2=1 X2=1 Z2=1 C2=1 R2=1 S2=1 Y1=1 X1=1 Z1=1 C1=1 R1=1 S1=1 Y0=1 X0=1 Z0=1 C0=1 R0=1 S0=1] Compute] 
fsrcnn_8layer_2026-02-21T08:24:46.737367,fsrcnn,8layer,full,8,eyeriss,thesis_arch,1056,524,128,256,4,120,False,True,,1.419e+05,1.944e+07,2.86e+06,"(31557100392, 12312518400)",0.0073438270306525055,0.4141395092010498,DRAM[P=540 Q=8 Z7=1 C7=1 R7=1 S7=1 Y6=540 X6=8 Z6=1 C6=1 R6=1 S6=1 Y5=540 X5=8 Z5=1 C5=1 R5=1 S5=1 Y4=540 X4=8 Z4=1 C4=1 R4=1 S4=1 Y3=540 X3=8 Z3=1 C3=1 R3=1 S3=1 Y2=540 X2=8 Z2=1 C2=1 R2=1 S2=1 Y1=540 X1=8 Z1=1 C1=1 R1=1 S1=1 Y0=540 X0=8 Z0=1 C0=1 R0=1 S0=1] GlobalBuffer[P=1 Q=120 Z7=1 C7=1 R7=1 S7=1 Y6=1 X6=120 Z6=1 C6=1 R6=1 S6=1 Y5=1 X5=120 Z5=1 C5=1 R5=1 S5=1 Y4=1 X4=120 Z4=1 C4=1 R4=1 S4=1 Y3=1 X3=120 Z3=1 C3=1 R3=1 S3=1 Y2=1 X2=120 Z2=1 C2=1 R2=1 S2=1 Y1=1 X1=120 Z1=1 C1=1 R1=1 S1=1 Y0=1 X0=120 Z0=1 C0=1 R0=1 S0=1] SACols[Q=1 Z7=4] SARows[S7=3 C7=56 Z7=1] SACols_6[X6=1 Z6=4] SARows_6[S6=1 C6=12 Z6=14] SACols_5[X5=1 Z5=4] SARows_5[S5=3 C5=12 Z5=3] SACols_4[X4=1 Z4=4] SARows_4[S4=3 C4=12 Z4=3] SACols_3[X3=1 Z3=4] SARows_3[S3=3 C3=12 Z3=3] SACols_2[X2=1 Z2=4] SARows_2[S2=3 C2=12 Z2=3] SACols_1[X1=1 Z1=4] SARows_1[S1=1 C1=56 Z1=3] SACols_0[X0=1 Z0=4] SARows_0[S0=5 C0=3 Z0=14] InRegister[P=1 Q=1 Z7=1 C7=1 R7=1 S7=1 Y6=1 X6=1 Z6=1 C6=1 R6=1 S6=1 Y5=1 X5=1 Z5=1 C5=1 R5=1 S5=1 Y4=1 X4=1 Z4=1 C4=1 R4=1 S4=1 Y3=1 X3=1 Z3=1 C3=1 R3=1 S3=1 Y2=1 X2=1 Z2=1 C2=1 R2=1 S2=1 Y1=1 X1=1 Z1=1 C1=1 R1=1 S1=1 Y0=1 X0=1 Z0=1 C0=1 R0=1 S0=1] WRegister[P=1 Q=1 Z7=1 C7=1 R7=3 S7=1 Y6=1 X6=1 Z6=1 C6=1 R6=1 S6=1 Y5=1 X5=1 Z5=1 C5=1 R5=3 S5=1 Y4=1 X4=1 Z4=1 C4=1 R4=3 S4=1 Y3=1 X3=1 Z3=1 C3=1 R3=3 S3=1 Y2=1 X2=1 Z2=1 C2=1 R2=3 S2=1 Y1=1 X1=1 Z1=1 C1=1 R1=1 S1=1 Y0=1 X0=1 Z0=1 C0=1 R0=5 S0=1] IntermediateRegister[P=1 Q=1 Z7=1 C7=1 R7=1 S7=1 Y6=1 X6=1 Z6=1 C6=1 R6=1 S6=1 Y5=1 X5=1 Z5=1 C5=1 R5=1 S5=1 Y4=1 X4=1 Z4=1 C4=1 R4=1 S4=1 Y3=1 X3=1 Z3=1 C3=1 R3=1 S3=1 Y2=1 X2=1 Z2=1 C2=1 R2=1 S2=1 Y1=1 X1=1 Z1=1 C1=1 R1=1 S1=1 Y0=1 X0=1 Z0=1 C0=1 R0=1 S0=1] OutRegister[P=1 Q=1 Z7=4 C7=1 R7=1 S7=1 Y6=1 X6=1 Z6=1 C6=1 R6=1 S6=1 Y5=1 X5=1 Z5=1 C5=1 R5=1 S5=1 Y4=1 X4=1 Z4=1 C4=1 R4=1 S4=1 Y3=1 X3=1 Z3=1 C3=1 R3=1 S3=1 Y2=1 X2=1 Z2=1 C2=1 R2=1 S2=1 Y1=1 X1=1 Z1=1 C1=1 R1=1 S1=1 Y0=1 X0=1 Z0=1 C0=1 R0=1 S0=1] Compute] 
fsrcnn_8layer_2026-02-21T08:24:47.967353,fsrcnn,8layer,full,8,eyeriss,thesis_arch,1056,524,128,256,16,120,False,True,,1.419e+05,1.918e+07,2.87e+06,"(31557100392, 12312518400)",4.482316302888492e-07,0.3791511058807373,DRAM[P=540 Q=8 Z7=1 C7=1 R7=1 S7=1 Y6=540 X6=8 Z6=1 C6=1 R6=1 S6=1 Y5=540 X5=8 Z5=1 C5=1 R5=1 S5=1 Y4=540 X4=8 Z4=1 C4=1 R4=1 S4=1 Y3=540 X3=8 Z3=1 C3=1 R3=1 S3=1 Y2=540 X2=8 Z2=1 C2=1 R2=1 S2=1 Y1=540 X1=8 Z1=1 C1=1 R1=1 S1=1 Y0=540 X0=8 Z0=1 C0=1 R0=1 S0=1] GlobalBuffer[P=1 Q=120 Z7=1 C7=1 R7=1 S7=1 Y6=1 X6=120 Z6=1 C6=1 R6=1 S6=1 Y5=1 X5=120 Z5=1 C5=1 R5=1 S5=1 Y4=1 X4=120 Z4=1 C4=1 R4=1 S4=1 Y3=1 X3=120 Z3=1 C3=1 R3=1 S3=1 Y2=1 X2=120 Z2=1 C2=1 R2=1 S2=1 Y1=1 X1=120 Z1=1 C1=1 R1=1 S1=1 Y0=1 X0=120 Z0=1 C0=1 R0=1 S0=1] SACols[Q=1 Z7=16] SARows[S7=3 C7=56 Z7=1] SACols_6[X6=1 Z6=14] SARows_6[S6=1 C6=12 Z6=4] SACols_5[X5=1 Z5=12] SARows_5[S5=3 C5=12 Z5=1] SACols_4[X4=1 Z4=12] SARows_4[S4=3 C4=12 Z4=1] SACols_3[X3=1 Z3=12] SARows_3[S3=3 C3=12 Z3=1] SACols_2[X2=1 Z2=12] SARows_2[S2=3 C2=12 Z2=1] SACols_1[X1=1 Z1=12] SARows_1[S1=1 C1=56 Z1=1] SACols_0[X0=1 Z0=14] SARows_0[S0=5 C0=3 Z0=4] InRegister[P=1 Q=1 Z7=1 C7=1 R7=1 S7=1 Y6=1 X6=1 Z6=1 C6=1 R6=1 S6=1 Y5=1 X5=1 Z5=1 C5=1 R5=1 S5=1 Y4=1 X4=1 Z4=1 C4=1 R4=1 S4=1 Y3=1 X3=1 Z3=1 C3=1 R3=1 S3=1 Y2=1 X2=1 Z2=1 C2=1 R2=1 S2=1 Y1=1 X1=1 Z1=1 C1=1 R1=1 S1=1 Y0=1 X0=1 Z0=1 C0=1 R0=1 S0=1] WRegister[P=1 Q=1 Z7=1 C7=1 R7=3 S7=1 Y6=1 X6=1 Z6=1 C6=1 R6=1 S6=1 Y5=1 X5=1 Z5=1 C5=1 R5=3 S5=1 Y4=1 X4=1 Z4=1 C4=1 R4=3 S4=1 Y3=1 X3=1 Z3=1 C3=1 R3=3 S3=1 Y2=1 X2=1 Z2=1 C2=1 R2=3 S2=1 Y1=1 X1=1 Z1=1 C1=1 R1=1 S1=1 Y0=1 X0=1 Z0=1 C0=1 R0=5 S0=1] IntermediateRegister[P=1 Q=1 Z7=1 C7=1 R7=1 S7=1 Y6=1 X6=1 Z6=1 C6=1 R6=1 S6=1 Y5=1 X5=1 Z5=1 C5=1 R5=1 S5=1 Y4=1 X4=1 Z4=1 C4=1 R4=1 S4=1 Y3=1 X3=1 Z3=1 C3=1 R3=1 S3=1 Y2=1 X2=1 Z2=1 C2=1 R2=1 S2=1 Y1=1 X1=1 Z1=1 C1=1 R1=1 S1=1 Y0=1 X0=1 Z0=1 C0=1 R0=1 S0=1] OutRegister[P=1 Q=1 Z7=1 C7=1 R7=1 S7=1 Y6=1 X6=1 Z6=1 C6=1 R6=1 S6=1 Y5=1 X5=1 Z5=1 C5=1 R5=1 S5=1 Y4=1 X4=1 Z4=1 C4=1 R4=1 S4=1 Y3=1 X3=1 Z3=1 C3=1 R3=1 S3=1 Y2=1 X2=1 Z2=1 C2=1 R2=1 S2=1 Y1=1 X1=1 Z1=1 C1=1 R1=1 S1=1 Y0=1 X0=1 Z0=1 C0=1 R0=1 S0=1] Compute] 
fsrcnn_8layer_2026-02-21T08:24:48.842261,fsrcnn,8layer,full,8,eyeriss,thesis_arch,1056,524,128,256,32,120,False,True,,1.419e+05,1.918e+07,2.87e+06,"(31557100392, 12312518400)",1.120579075722123e-07,0.25430941581726074,DRAM[P=540 Q=8 Z7=1 C7=1 R7=1 S7=1 Y6=540 X6=8 Z6=1 C6=1 R6=1 S6=1 Y5=540 X5=8 Z5=1 C5=1 R5=1 S5=1 Y4=540 X4=8 Z4=1 C4=1 R4=1 S4=1 Y3=540 X3=8 Z3=1 C3=1 R3=1 S3=1 Y2=540 X2=8 Z2=1 C2=1 R2=1 S2=1 Y1=540 X1=8 Z1=1 C1=1 R1=1 S1=1 Y0=540 X0=8 Z0=1 C0=1 R0=1 S0=1] GlobalBuffer[P=1 Q=60 Z7=1 C7=1 R7=1 S7=1 Y6=1 X6=120 Z6=1 C6=1 R6=1 S6=1 Y5=1 X5=60 Z5=1 C5=1 R5=1 S5=1 Y4=1 X4=60 Z4=1 C4=1 R4=1 S4=1 Y3=1 X3=60 Z3=1 C3=1 R3=1 S3=1 Y2=1 X2=60 Z2=1 C2=1 R2=1 S2=1 Y1=1 X1=60 Z1=1 C1=1 R1=1 S1=1 Y0=1 X0=120 Z0=1 C0=1 R0=1 S0=1] SACols[Q=2 Z7=16] SARows[S7=3 C7=56 Z7=1] SACols_6[X6=1 Z6=28] SARows_6[S6=1 C6=12 Z6=2] SACols_5[X5=2 Z5=12] SARows_5[S5=3 C5=12 Z5=1] SACols_4[X4=2 Z4=12] SARows_4[S4=3 C4=12 Z4=1] SACols_3[X3=2 Z3=12] SARows_3[S3=3 C3=12 Z3=1] SACols_2[X2=2 Z2=12] SARows_2[S2=3 C2=12 Z2=1] SACols_1[X1=2 Z1=12] SARows_1[S1=1 C1=56 Z1=1] SACols_0[X0=1 Z0=28] SARows_0[S0=5 C0=3 Z0=2] InRegister[P=1 Q=1 Z7=1 C7=1 R7=1 S7=1 Y6=1 X6=1 Z6=1 C6=1 R6=1 S6=1 Y5=1 X5=1 Z5=1 C5=1 R5=1 S5=1 Y4=1 X4=1 Z4=1 C4=1 R4=1 S4=1 Y3=1 X3=1 Z3=1 C3=1 R3=1 S3=1 Y2=1 X2=1 Z2=1 C2=1 R2=1 S2=1 Y1=1 X1=1 Z1=1 C1=1 R1=1 S1=1 Y0=1 X0=1 Z0=1 C0=1 R0=1 S0=1] WRegister[P=1 Q=1 Z7=1 C7=1 R7=3 S7=1 Y6=1 X6=1 Z6=1 C6=1 R6=1 S6=1 Y5=1 X5=1 Z5=1 C5=1 R5=3 S5=1 Y4=1 X4=1 Z4=1 C4=1 R4=3 S4=1 Y3=1 X3=1 Z3=1 C3=1 R3=3 S3=1 Y2=1 X2=1 Z2=1 C2=1 R2=3 S2=1 Y1=1 X1=1 Z1=1 C1=1 R1=1 S1=1 Y0=1 X0=1 Z0=1 C0=1 R0=5 S0=1] IntermediateRegister[P=1 Q=1 Z7=1 C7=1 R7=1 S7=1 Y6=1 X6=1 Z6=1 C6=1 R6=1 S6=1 Y5=1 X5=1 Z5=1 C5=1 R5=1 S5=1 Y4=1 X4=1 Z4=1 C4=1 R4=1 S4=1 Y3=1 X3=1 Z3=1 C3=1 R3=1 S3=1 Y2=1 X2=1 Z2=1 C2=1 R2=1 S2=1 Y1=1 X1=1 Z1=1 C1=1 R1=1 S1=1 Y0=1 X0=1 Z0=1 C0=1 R0=1 S0=1] OutRegister[P=1 Q=1 Z7=1 C7=1 R7=1 S7=1 Y6=1 X6=1 Z6=1 C6=1 R6=1 S6=1 Y5=1 X5=1 Z5=1 C5=1 R5=1 S5=1 Y4=1 X4=1 Z4=1 C4=1 R4=1 S4=1 Y3=1 X3=1 Z3=1 C3=1 R3=1 S3=1 Y2=1 X2=1 Z2=1 C2=1 R2=1 S2=1 Y1=1 X1=1 Z1=1 C1=1 R1=1 S1=1 Y0=1 X0=1 Z0=1 C0=1 R0=1 S0=1] Compute] 
fsrcnn_8layer_2026-02-21T08:24:50.067391,fsrcnn,8layer,full,8,eyeriss,thesis_arch,1056,524,128,256,64,120,False,True,,1.419e+05,1.918e+07,2.87e+06,"(31557100392, 12312518400)",8.549339872147545e-08,0.37291860580444336,DRAM[P=540 Q=8 Z7=1 C7=1 R7=1 S7=1 Y6=540 X6=8 Z6=1 C6=1 R6=1 S6=1 Y5=540 X5=8 Z5=1 C5=1 R5=1 S5=1 Y4=540 X4=8 Z4=1 C4=1 R4=1 S4=1 Y3=540 X3=8 Z3=1 C3=1 R3=1 S3=1 Y2=540 X2=8 Z2=1 C2=1 R2=1 S2=1 Y1=540 X1=8 Z1=1 C1=1 R1=1 S1=1 Y0=540 X0=8 Z0=1 C0=1 R0=1 S0=1] GlobalBuffer[P=1 Q=30 Z7=1 C7=1 R7=1 S7=1 Y6=1 X6=120 Z6=1 C6=1 R6=1 S6=1 Y5=1 X5=24 Z5=1 C5=1 R5=1 S5=1 Y4=1 X4=24 Z4=1 C4=1 R4=1 S4=1 Y3=1 X3=24 Z3=1 C3=1 R3=1 S3=1 Y2=1 X2=24 Z2=1 C2=1 R2=1 S2=1 Y1=1 X1=24 Z1=1 C1=1 R1=1 S1=1 Y0=1 X0=120 Z0=1 C0=1 R0=1 S0=1] SACols[Q=4 Z7=16] SARows[S7=3 C7=56 Z7=1] SACols_6[X6=1 Z6=56] SARows_6[S6=1 C6=12 Z6=1] SACols_5[X5=5 Z5=12] SARows_5[S5=3 C5=12 Z5=1] SACols_4[X4=5 Z4=12] SARows_4[S4=3 C4=12 Z4=1] SACols_3[X3=5 Z3=12] SARows_3[S3=3 C3=12 Z3=1] SACols_2[X2=5 Z2=12] SARows_2[S2=3 C2=12 Z2=1] SACols_1[X1=5 Z1=12] SARows_1[S1=1 C1=56 Z1=1] SACols_0[X0=1 Z0=56] SARows_0[S0=5 C0=3 Z0=1] InRegister[P=1 Q=1 Z7=1 C7=1 R7=1 S7=1 Y6=1 X6=1 Z6=1 C6=1 R6=1 S6=1 Y5=1 X5=1 Z5=1 C5=1 R5=1 S5=1 Y4=1 X4=1 Z4=1 C4=1 R4=1 S4=1 Y3=1 X3=1 Z3=1 C3=1 R3=1 S3=1 Y2=1 X2=1 Z2=1 C2=1 R2=1 S2=1 Y1=1 X1=1 Z1=1 C1=1 R1=1 S1=1 Y0=1 X0=1 Z0=1 C0=1 R0=1 S0=1] WRegister[P=1 Q=1 Z7=1 C7=1 R7=3 S7=1 Y6=1 X6=1 Z6=1 C6=1 R6=1 S6=1 Y5=1 X5=1 Z5=1 C5=1 R5=3 S5=1 Y4=1 X4=1 Z4=1 C4=1 R4=3 S4=1 Y3=1 X3=1 Z3=1 C3=1 R3=3 S3=1 Y2=1 X2=1 Z2=1 C2=1 R2=3 S2=1 Y1=1 X1=1 Z1=1 C1=1 R1=1 S1=1 Y0=1 X0=1 Z0=1 C0=1 R0=5 S0=1] IntermediateRegister[P=1 Q=1 Z7=1 C7=1 R7=1 S7=1 Y6=1 X6=1 Z6=1 C6=1 R6=1 S6=1 Y5=1 X5=1 Z5=1 C5=1 R5=1 S5=1 Y4=1 X4=1 Z4=1 C4=1 R4=1 S4=1 Y3=1 X3=1 Z3=1 C3=1 R3=1 S3=1 Y2=1 X2=1 Z2=1 C2=1 R2=1 S2=1 Y1=1 X1=1 Z1=1 C1=1 R1=1 S1=1 Y0=1 X0=1 Z0=1 C0=1 R0=1 S0=1] OutRegister[P=1 Q=1 Z7=1 C7=1 R7=1 S7=1 Y6=1 X6=1 Z6=1 C6=1 R6=1 S6=1 Y5=1 X5=1 Z5=1 C5=1 R5=1 S5=1 Y4=1 X4=1 Z4=1 C4=1 R4=1 S4=1 Y3=1 X3=1 Z3=1 C3=1 R3=1 S3=1 Y2=1 X2=1 Z2=1 C2=1 R2=1 S2=1 Y1=1 X1=1 Z1=1 C1=1 R1=1 S1=1 Y0=1 X0=1 Z0=1 C0=1 R0=1 S0=1] Compute] 
fsrcnn_8layer_2026-02-21T08:24:51.244099,fsrcnn,8layer,full,8,eyeriss,thesis_arch,1056,524,128,512,4,120,False,True,,1.419e+05,1.918e+07,2.84e+06,"(31557100392, 12312518400)",5.73736486769727e-05,0.25141334533691406,DRAM[P=540 Q=8 Z7=1 C7=1 R7=1 S7=1 Y6=540 X6=8 Z6=1 C6=1 R6=1 S6=1 Y5=540 X5=8 Z5=1 C5=1 R5=1 S5=1 Y4=540 X4=8 Z4=1 C4=1 R4=1 S4=1 Y3=540 X3=8 Z3=1 C3=1 R3=1 S3=1 Y2=540 X2=8 Z2=1 C2=1 R2=1 S2=1 Y1=540 X1=8 Z1=1 C1=1 R1=1 S1=1 Y0=540 X0=8 Z0=1 C0=1 R0=1 S0=1] GlobalBuffer[P=1 Q=120 Z7=1 C7=1 R7=1 S7=1 Y6=1 X6=120 Z6=1 C6=1 R6=1 S6=1 Y5=1 X5=120 Z5=1 C5=1 R5=1 S5=1 Y4=1 X4=120 Z4=1 C4=1 R4=1 S4=1 Y3=1 X3=120 Z3=1 C3=1 R3=1 S3=1 Y2=1 X2=120 Z2=1 C2=1 R2=1 S2=1 Y1=1 X1=120 Z1=1 C1=1 R1=1 S1=1 Y0=1 X0=120 Z0=1 C0=1 R0=1 S0=1] SACols[Q=1 Z7=4] SARows[S7=3 C7=56 Z7=2] SACols_6[X6=1 Z6=4] SARows_6[S6=1 C6=12 Z6=14] SACols_5[X5=1 Z5=4] SARows_5[S5=3 C5=12 Z5=3] SACols_4[X4=1 Z4=4] SARows_4[S4=3 C4=12 Z4=3] SACols_3[X3=1 Z3=4] SARows_3[S3=3 C3=12 Z3=3] SACols_2[X2=1 Z2=4] SARows_2[S2=3 C2=12 Z2=3] SACols_1[X1=1 Z1=4] SARows_1[S1=1 C1=56 Z1=3] SACols_0[X0=1 Z0=4] SARows_0[S0=5 C0=3 Z0=14] InRegister[P=1 Q=1 Z7=1 C7=1 R7=1 S7=1 Y6=1 X6=1 Z6=1 C6=1 R6=1 S6=1 Y5=1 X5=1 Z5=1 C5=1 R5=1 S5=1 Y4=1 X4=1 Z4=1 C4=1 R4=1 S4=1 Y3=1 X3=1 Z3=1 C3=1 R3=1 S3=1 Y2=1 X2=1 Z2=1 C2=1 R2=1 S2=1 Y1=1 X1=1 Z1=1 C1=1 R1=1 S1=1 Y0=1 X0=1 Z0=1 C0=1 R0=1 S0=1] WRegister[P=1 Q=1 Z7=1 C7=1 R7=3 S7=1 Y6=1 X6=1 Z6=1 C6=1 R6=1 S6=1 Y5=1 X5=1 Z5=1 C5=1 R5=3 S5=1 Y4=1 X4=1 Z4=1 C4=1 R4=3 S4=1 Y3=1 X3=1 Z3=1 C3=1 R3=3 S3=1 Y2=1 X2=1 Z2=1 C2=1 R2=3 S2=1 Y1=1 X1=1 Z1=1 C1=1 R1=1 S1=1 Y0=1 X0=1 Z0=1 C0=1 R0=5 S0=1] IntermediateRegister[P=1 Q=1 Z7=1 C7=1 R7=1 S7=1 Y6=1 X6=1 Z6=1 C6=1 R6=1 S6=1 Y5=1 X5=1 Z5=1 C5=1 R5=1 S5=1 Y4=1 X4=1 Z4=1 C4=1 R4=1 S4=1 Y3=1 X3=1 Z3=1 C3=1 R3=1 S3=1 Y2=1 X2=1 Z2=1 C2=1 R2=1 S2=1 Y1=1 X1=1 Z1=1 C1=1 R1=1 S1=1 Y0=1 X0=1 Z0=1 C0=1 R0=1 S0=1] OutRegister[P=1 Q=1 Z7=2 C7=1 R7=1 S7=1 Y6=1 X6=1 Z6=1 C6=1 R6=1 S6=1 Y5=1 X5=1 Z5=1 C5=1 R5=1 S5=1 Y4=1 X4=1 Z4=1 C4=1 R4=1 S4=1 Y3=1 X3=1 Z3=1 C3=1 R3=1 S3=1 Y2=1 X2=1 Z2=1 C2=1 R2=1 S2=1 Y1=1 X1=1 Z1=1 C1=1 R1=1 S1=1 Y0=1 X0=1 Z0=1 C0=1 R0=1 S0=1] Compute] 
fsrcnn_8layer_2026-02-21T08:24:52.073411,fsrcnn,8layer,full,8,eyeriss,thesis_arch,1056,524,128,512,16,120,False,True,,1.419e+05,1.918e+07,2.87e+06,"(31557100392, 12312518400)",1.7509048058158172e-09,0.33541202545166016,DRAM[P=540 Q=8 Z7=1 C7=1 R7=1 S7=1 Y6=540 X6=8 Z6=1 C6=1 R6=1 S6=1 Y5=540 X5=8 Z5=1 C5=1 R5=1 S5=1 Y4=540 X4=8 Z4=1 C4=1 R4=1 S4=1 Y3=540 X3=8 Z3=1 C3=1 R3=1 S3=1 Y2=540 X2=8 Z2=1 C2=1 R2=1 S2=1 Y1=540 X1=8 Z1=1 C1=1 R1=1 S1=1 Y0=540 X0=8 Z0=1 C0=1 R0=1 S0=1] GlobalBuffer[P=1 Q=120 Z7=1 C7=1 R7=1 S7=1 Y6=1 X6=120 Z6=1 C6=1 R6=1 S6=1 Y5=1 X5=120 Z5=1 C5=1 R5=1 S5=1 Y4=1 X4=120 Z4=1 C4=1 R4=1 S4=1 Y3=1 X3=120 Z3=1 C3=1 R3=1 S3=1 Y2=1 X2=120 Z2=1 C2=1 R2=1 S2=1 Y1=1 X1=120 Z1=1 C1=1 R1=1 S1=1 Y0=1 X0=120 Z0=1 C0=1 R0=1 S0=1] SACols[Q=1 Z7=16] SARows[S7=3 C7=56 Z7=1] SACols_6[X6=1 Z6=14] SARows_6[S6=1 C6=12 Z6=4] SACols_5[X5=1 Z5=12] SARows_5[S5=3 C5=12 Z5=1] SACols_4[X4=1 Z4=12] SARows_4[S4=3 C4=12 Z4=1] SACols_3[X3=1 Z3=12] SARows_3[S3=3 C3=12 Z3=1] SACols_2[X2=1 Z2=12] SARows_2[S2=3 C2=12 Z2=1] SACols_1[X1=1 Z1=12] SARows_1[S1=1 C1=56 Z1=1] SACols_0[X0=1 Z0=14] SARows_0[S0=5 C0=3 Z0=4] InRegister[P=1 Q=1 Z7=1 C7=1 R7=1 S7=1 Y6=1 X6=1 Z6=1 C6=1 R6=1 S6=1 Y5=1 X5=1 Z5=1 C5=1 R5=1 S5=1 Y4=1 X4=1 Z4=1 C4=1 R4=1 S4=1 Y3=1 X3=1 Z3=1 C3=1 R3=1 S3=1 Y2=1 X2=1 Z2=1 C2=1 R2=1 S2=1 Y1=1 X1=1 Z1=1 C1=1 R1=1 S1=1 Y0=1 X0=1 Z0=1 C0=1 R0=1 S0=1] WRegister[P=1 Q=1 Z7=1 C7=1 R7=3 S7=1 Y6=1 X6=1 Z6=1 C6=1 R6=1 S6=1 Y5=1 X5=1 Z5=1 C5=1 R5=3 S5=1 Y4=1 X4=1 Z4=1 C4=1 R4=3 S4=1 Y3=1 X3=1 Z3=1 C3=1 R3=3 S3=1 Y2=1 X2=1 Z2=1 C2=1 R2=3 S2=1 Y1=1 X1=1 Z1=1 C1=1 R1=1 S1=1 Y0=1 X0=1 Z0=1 C0=1 R0=5 S0=1] IntermediateRegister[P=1 Q=1 Z7=1 C7=1 R7=1 S7=1 Y6=1 X6=1 Z6=1 C6=1 R6=1 S6=1 Y5=1 X5=1 Z5=1 C5=1 R5=1 S5=1 Y4=1 X4=1 Z4=1 C4=1 R4=1 S4=1 Y3=1 X3=1 Z3=1 C3=1 R3=1 S3=1 Y2=1 X2=1 Z2=1 C2=1 R2=1 S2=1 Y1=1 X1=1 Z1=1 C1=1 R1=1 S1=1 Y0=1 X0=1 Z0=1 C0=1 R0=1 S0=1] OutRegister[P=1 Q=1 Z7=1 C7=1 R7=1 S7=1 Y6=1 X6=1 Z6=1 C6=1 R6=1 S6=1 Y5=1 X5=1 Z5=1 C5=1 R5=1 S5=1 Y4=1 X4=1 Z4=1 C4=1 R4=1 S4=1 Y3=1 X3=1 Z3=1 C3=1 R3=1 S3=1 Y2=1 X2=1 Z2=1 C2=1 R2=1 S2=1 Y1=1 X1=1 Z1=1 C1=1 R1=1 S1=1 Y0=1 X0=1 Z0=1 C0=1 R0=1 S0=1] Compute] 
fsrcnn_8layer_2026-02-21T08:24:52.755116,fsrcnn,8layer,full,8,eyeriss,thesis_arch,1056,524,128,512,32,120,False,True,,1.419e+05,1.918e+07,2.87e+06,"(31557100392, 12312518400)",4.377262014539543e-10,0.09277772903442383,DRAM[P=540 Q=8 Z7=1 C7=1 R7=1 S7=1 Y6=540 X6=8 Z6=1 C6=1 R6=1 S6=1 Y5=540 X5=8 Z5=1 C5=1 R5=1 S5=1 Y4=540 X4=8 Z4=1 C4=1 R4=1 S4=1 Y3=540 X3=8 Z3=1 C3=1 R3=1 S3=1 Y2=540 X2=8 Z2=1 C2=1 R2=1 S2=1 Y1=540 X1=8 Z1=1 C1=1 R1=1 S1=1 Y0=540 X0=8 Z0=1 C0=1 R0=1 S0=1] GlobalBuffer[P=1 Q=60 Z7=1 C7=1 R7=1 S7=1 Y6=1 X6=120 Z6=1 C6=1 R6=1 S6=1 Y5=1 X5=60 Z5=1 C5=1 R5=1 S5=1 Y4=1 X4=60 Z4=1 C4=1 R4=1 S4=1 Y3=1 X3=60 Z3=1 C3=1 R3=1 S3=1 Y2=1 X2=60 Z2=1 C2=1 R2=1 S2=1 Y1=1 X1=60 Z1=1 C1=1 R1=1 S1=1 Y0=1 X0=120 Z0=1 C0=1 R0=1 S0=1] SACols[Q=2 Z7=16] SARows[S7=3 C7=56 Z7=1] SACols_6[X6=1 Z6=28] SARows_6[S6=1 C6=12 Z6=2] SACols_5[X5=2 Z5=12] SARows_5[S5=3 C5=12 Z5=1] SACols_4[X4=2 Z4=12] SARows_4[S4=3 C4=12 Z4=1] SACols_3[X3=2 Z3=12] SARows_3[S3=3 C3=12 Z3=1] SACols_2[X2=2 Z2=12] SARows_2[S2=3 C2=12 Z2=1] SACols_1[X1=2 Z1=12] SARows_1[S1=1 C1=56 Z1=1] SACols_0[X0=1 Z0=28] SARows_0[S0=5 C0=3 Z0=2] InRegister[P=1 Q=1 Z7=1 C7=1 R7=1 S7=1 Y6=1 X6=1 Z6=1 C6=1 R6=1 S6=1 Y5=1 X5=1 Z5=1 C5=1 R5=1 S5=1 Y4=1 X4=1 Z4=1 C4=1 R4=1 S4=1 Y3=1 X3=1 Z3=1 C3=1 R3=1 S3=1 Y2=1 X2=1 Z2=1 C2=1 R2=1 S2=1 Y1=1 X1=1 Z1=1 C1=1 R1=1 S1=1 Y0=1 X0=1 Z0=1 C0=1 R0=1 S0=1] WRegister[P=1 Q=1 Z7=1 C7=1 R7=3 S7=1 Y6=1 X6=1 Z6=1 C6=1 R6=1 S6=1 Y5=1 X5=1 Z5=1 C5=1 R5=3 S5=1 Y4=1 X4=1 Z4=1 C4=1 R4=3 S4=1 Y3=1 X3=1 Z3=1 C3=1 R3=3 S3=1 Y2=1 X2=1 Z2=1 C2=1 R2=3 S2=1 Y1=1 X1=1 Z1=1 C1=1 R1=1 S1=1 Y0=1 X0=1 Z0=1 C0=1 R0=5 S0=1] IntermediateRegister[P=1 Q=1 Z7=1 C7=1 R7=1 S7=1 Y6=1 X6=1 Z6=1 C6=1 R6=1 S6=1 Y5=1 X5=1 Z5=1 C5=1 R5=1 S5=1 Y4=1 X4=1 Z4=1 C4=1 R4=1 S4=1 Y3=1 X3=1 Z3=1 C3=1 R3=1 S3=1 Y2=1 X2=1 Z2=1 C2=1 R2=1 S2=1 Y1=1 X1=1 Z1=1 C1=1 R1=1 S1=1 Y0=1 X0=1 Z0=1 C0=1 R0=1 S0=1] OutRegister[P=1 Q=1 Z7=1 C7=1 R7=1 S7=1 Y6=1 X6=1 Z6=1 C6=1 R6=1 S6=1 Y5=1 X5=1 Z5=1 C5=1 R5=1 S5=1 Y4=1 X4=1 Z4=1 C4=1 R4=1 S4=1 Y3=1 X3=1 Z3=1 C3=1 R3=1 S3=1 Y2=1 X2=1 Z2=1 C2=1 R2=1 S2=1 Y1=1 X1=1 Z1=1 C1=1 R1=1 S1=1 Y0=1 X0=1 Z0=1 C0=1 R0=1 S0=1] Compute] 
fsrcnn_8layer_2026-02-21T08:24:53.222243,fsrcnn,8layer,full,8,eyeriss,thesis_arch,1056,524,128,4,4,120,False,False,"Arch: Eyeriss_Constrained_8L_tile120_4x4 -> Level: SARows_0: Failed to fit comp to arch because the level's constraint (S0: 4) does not divide comp dimension S0 (5) exactly. To compensate, consider setting 'Settings.PADDED_MAPPINGS' to True.",0.000e+00,0.000e+00,0.00e+00,0,0.0,0.0,
fsrcnn_8layer_2026-02-21T08:24:53.707193,fsrcnn,8layer,full,8,eyeriss,thesis_arch,1056,524,128,4,16,120,False,False,"Arch: Eyeriss_Constrained_8L_tile120_16x4 -> Level: SARows_0: Failed to fit comp to arch because the level's constraint (S0: 4) does not divide comp dimension S0 (5) exactly. To compensate, consider setting 'Settings.PADDED_MAPPINGS' to True.",0.000e+00,0.000e+00,0.00e+00,0,0.0,0.0,
fsrcnn_8layer_2026-02-21T08:24:54.332130,fsrcnn,8layer,full,8,eyeriss,thesis_arch,1056,524,128,4,32,120,False,False,"Arch: Eyeriss_Constrained_8L_tile120_32x4 -> Level: SARows_0: Failed to fit comp to arch because the level's constraint (S0: 4) does not divide comp dimension S0 (5) exactly. To compensate, consider setting 'Settings.PADDED_MAPPINGS' to True.",0.000e+00,0.000e+00,0.00e+00,0,0.0,0.0,
fsrcnn_8layer_2026-02-21T08:24:54.884504,fsrcnn,8layer,full,8,eyeriss,thesis_arch,1056,524,128,4,64,120,False,False,"Arch: Eyeriss_Constrained_8L_tile120_64x4 -> Level: SARows_0: Failed to fit comp to arch because the level's constraint (S0: 4) does not divide comp dimension S0 (5) exactly. To compensate, consider setting 'Settings.PADDED_MAPPINGS' to True.",0.000e+00,0.000e+00,0.00e+00,0,0.0,0.0,
fsrcnn_8layer_2026-02-21T08:24:55.393421,fsrcnn,8layer,full,8,eyeriss,thesis_arch,1056,524,128,4,128,120,False,False,"Arch: Eyeriss_Constrained_8L_tile120_128x4 -> Level: SARows_0: Failed to fit comp to arch because the level's constraint (S0: 4) does not divide comp dimension S0 (5) exactly. To compensate, consider setting 'Settings.PADDED_MAPPINGS' to True.",0.000e+00,0.000e+00,0.00e+00,0,0.0,0.0,
fsrcnn_8layer_2026-02-21T08:24:56.226238,fsrcnn,8layer,full,8,eyeriss,thesis_arch,1056,524,128,4,256,120,False,False,"Arch: Eyeriss_Constrained_8L_tile120_256x4 -> Level: SARows_0: Failed to fit comp to arch because the level's constraint (S0: 4) does not divide comp dimension S0 (5) exactly. To compensate, consider setting 'Settings.PADDED_MAPPINGS' to True.",0.000e+00,0.000e+00,0.00e+00,0,0.0,0.0,
fsrcnn_8layer_2026-02-21T08:24:56.803473,fsrcnn,8layer,full,8,eyeriss,thesis_arch,1056,524,128,4,512,120,False,False,"Arch: Eyeriss_Constrained_8L_tile120_512x4 -> Level: SARows_0: Failed to fit comp to arch because the level's constraint (S0: 4) does not divide comp dimension S0 (5) exactly. To compensate, consider setting 'Settings.PADDED_MAPPINGS' to True.",0.000e+00,0.000e+00,0.00e+00,0,0.0,0.0,
fsrcnn_8layer_2026-02-21T08:24:57.831028,fsrcnn,8layer,full,8,eyeriss,thesis_arch,1056,524,128,16,4,120,False,True,,1.381e+05,1.928e+08,2.70e+07,"(26329554792, 11049696000)",0.1459980010986328,0.4249262809753418,DRAM[P=540 Q=8 Z7=1 C7=1 R7=1 S7=1 Y6=540 X6=8 Z6=1 C6=1 R6=1 S6=1 Y5=540 X5=8 Z5=1 C5=1 R5=1 S5=1 Y4=540 X4=8 Z4=1 C4=1 R4=1 S4=1 Y3=540 X3=8 Z3=1 C3=1 R3=1 S3=1 Y2=540 X2=8 Z2=1 C2=1 R2=1 S2=1 Y1=540 X1=8 Z1=1 C1=1 R1=1 S1=1 Y0=540 X0=8 Z0=1 C0=1 R0=1 S0=1] GlobalBuffer[P=1 Q=120 Z7=1 C7=1 R7=1 S7=1 Y6=1 X6=120 Z6=1 C6=1 R6=1 S6=1 Y5=1 X5=120 Z5=1 C5=1 R5=1 S5=1 Y4=1 X4=120 Z4=1 C4=1 R4=1 S4=1 Y3=1 X3=120 Z3=1 C3=1 R3=1 S3=1 Y2=1 X2=120 Z2=1 C2=1 R2=1 S2=1 Y1=1 X1=120 Z1=1 C1=1 R1=1 S1=1 Y0=1 X0=120 Z0=1 C0=1 R0=1 S0=1] SACols[Q=1 Z7=4] SARows[S7=3 C7=4 Z7=1] SACols_6[X6=1 Z6=4] SARows_6[S6=1 C6=12 Z6=1] SACols_5[X5=1 Z5=4] SARows_5[S5=3 C5=4 Z5=1] SACols_4[X4=1 Z4=4] SARows_4[S4=3 C4=4 Z4=1] SACols_3[X3=1 Z3=4] SARows_3[S3=3 C3=4 Z3=1] SACols_2[X2=1 Z2=4] SARows_2[S2=3 C2=4 Z2=1] SACols_1[X1=1 Z1=4] SARows_1[S1=1 C1=14 Z1=1] SACols_0[X0=1 Z0=4] SARows_0[S0=5 C0=3 Z0=1] InRegister[P=1 Q=1 Z7=1 C7=1 R7=1 S7=1 Y6=1 X6=1 Z6=1 C6=1 R6=1 S6=1 Y5=1 X5=1 Z5=1 C5=1 R5=1 S5=1 Y4=1 X4=1 Z4=1 C4=1 R4=1 S4=1 Y3=1 X3=1 Z3=1 C3=1 R3=1 S3=1 Y2=1 X2=1 Z2=1 C2=1 R2=1 S2=1 Y1=1 X1=1 Z1=1 C1=1 R1=1 S1=1 Y0=1 X0=1 Z0=1 C0=1 R0=1 S0=1] WRegister[P=1 Q=1 Z7=1 C7=14 R7=3 S7=1 Y6=1 X6=1 Z6=1 C6=1 R6=1 S6=1 Y5=1 X5=1 Z5=1 C5=3 R5=3 S5=1 Y4=1 X4=1 Z4=1 C4=3 R4=3 S4=1 Y3=1 X3=1 Z3=1 C3=3 R3=3 S3=1 Y2=1 X2=1 Z2=1 C2=3 R2=3 S2=1 Y1=1 X1=1 Z1=1 C1=4 R1=1 S1=1 Y0=1 X0=1 Z0=1 C0=1 R0=5 S0=1] IntermediateRegister[P=1 Q=1 Z7=1 C7=1 R7=1 S7=1 Y6=1 X6=1 Z6=14 C6=1 R6=1 S6=1 Y5=1 X5=1 Z5=3 C5=1 R5=1 S5=1 Y4=1 X4=1 Z4=3 C4=1 R4=1 S4=1 Y3=1 X3=1 Z3=3 C3=1 R3=1 S3=1 Y2=1 X2=1 Z2=3 C2=1 R2=1 S2=1 Y1=1 X1=1 Z1=3 C1=1 R1=1 S1=1 Y0=1 X0=1 Z0=14 C0=1 R0=1 S0=1] OutRegister[P=1 Q=1 Z7=4 C7=1 R7=1 S7=1 Y6=1 X6=1 Z6=1 C6=1 R6=1 S6=1 Y5=1 X5=1 Z5=1 C5=1 R5=1 S5=1 Y4=1 X4=1 Z4=1 C4=1 R4=1 S4=1 Y3=1 X3=1 Z3=1 C3=1 R3=1 S3=1 Y2=1 X2=1 Z2=1 C2=1 R2=1 S2=1 Y1=1 X1=1 Z1=1 C1=1 R1=1 S1=1 Y0=1 X0=1 Z0=1 C0=1 R0=1 S0=1] Compute] 
fsrcnn_8layer_2026-02-21T08:24:59.060592,fsrcnn,8layer,full,8,eyeriss,thesis_arch,1056,524,128,16,16,120,False,True,,1.449e+05,5.521e+07,8.40e+06,"(28804396392, 11127456000)",0.026525851426413283,0.445049524307251,DRAM[P=540 Q=8 Z7=1 C7=1 R7=1 S7=1 Y6=540 X6=8 Z6=1 C6=1 R6=1 S6=1 Y5=540 X5=8 Z5=1 C5=1 R5=1 S5=1 Y4=540 X4=8 Z4=1 C4=1 R4=1 S4=1 Y3=540 X3=8 Z3=1 C3=1 R3=1 S3=1 Y2=540 X2=8 Z2=1 C2=1 R2=1 S2=1 Y1=540 X1=8 Z1=1 C1=1 R1=1 S1=1 Y0=540 X0=8 Z0=1 C0=1 R0=1 S0=1] GlobalBuffer[P=1 Q=120 Z7=1 C7=1 R7=1 S7=1 Y6=1 X6=120 Z6=1 C6=1 R6=1 S6=1 Y5=1 X5=120 Z5=1 C5=1 R5=1 S5=1 Y4=1 X4=120 Z4=1 C4=1 R4=1 S4=1 Y3=1 X3=120 Z3=1 C3=1 R3=1 S3=1 Y2=1 X2=120 Z2=1 C2=1 R2=1 S2=1 Y1=1 X1=120 Z1=1 C1=1 R1=1 S1=1 Y0=1 X0=120 Z0=1 C0=1 R0=1 S0=1] SACols[Q=1 Z7=16] SARows[S7=3 C7=4 Z7=1] SACols_6[X6=1 Z6=14] SARows_6[S6=1 C6=12 Z6=1] SACols_5[X5=1 Z5=12] SARows_5[S5=3 C5=4 Z5=1] SACols_4[X4=1 Z4=12] SARows_4[S4=3 C4=4 Z4=1] SACols_3[X3=1 Z3=12] SARows_3[S3=3 C3=4 Z3=1] SACols_2[X2=1 Z2=12] SARows_2[S2=3 C2=4 Z2=1] SACols_1[X1=1 Z1=12] SARows_1[S1=1 C1=14 Z1=1] SACols_0[X0=1 Z0=14] SARows_0[S0=5 C0=3 Z0=1] InRegister[P=1 Q=1 Z7=1 C7=1 R7=1 S7=1 Y6=1 X6=1 Z6=1 C6=1 R6=1 S6=1 Y5=1 X5=1 Z5=1 C5=1 R5=1 S5=1 Y4=1 X4=1 Z4=1 C4=1 R4=1 S4=1 Y3=1 X3=1 Z3=1 C3=1 R3=1 S3=1 Y2=1 X2=1 Z2=1 C2=1 R2=1 S2=1 Y1=1 X1=1 Z1=1 C1=1 R1=1 S1=1 Y0=1 X0=1 Z0=1 C0=1 R0=1 S0=1] WRegister[P=1 Q=1 Z7=1 C7=14 R7=3 S7=1 Y6=1 X6=1 Z6=1 C6=1 R6=1 S6=1 Y5=1 X5=1 Z5=1 C5=3 R5=3 S5=1 Y4=1 X4=1 Z4=1 C4=3 R4=3 S4=1 Y3=1 X3=1 Z3=1 C3=3 R3=3 S3=1 Y2=1 X2=1 Z2=1 C2=3 R2=3 S2=1 Y1=1 X1=1 Z1=1 C1=4 R1=1 S1=1 Y0=1 X0=1 Z0=1 C0=1 R0=5 S0=1] IntermediateRegister[P=1 Q=1 Z7=1 C7=1 R7=1 S7=1 Y6=1 X6=1 Z6=4 C6=1 R6=1 S6=1 Y5=1 X5=1 Z5=1 C5=1 R5=1 S5=1 Y4=1 X4=1 Z4=1 C4=1 R4=1 S4=1 Y3=1 X3=1 Z3=1 C3=1 R3=1 S3=1 Y2=1 X2=1 Z2=1 C2=1 R2=1 S2=1 Y1=1 X1=1 Z1=1 C1=1 R1=1 S1=1 Y0=1 X0=1 Z0=4 C0=1 R0=1 S0=1] OutRegister[P=1 Q=1 Z7=1 C7=1 R7=1 S7=1 Y6=1 X6=1 Z6=1 C6=1 R6=1 S6=1 Y5=1 X5=1 Z5=1 C5=1 R5=1 S5=1 Y4=1 X4=1 Z4=1 C4=1 R4=1 S4=1 Y3=1 X3=1 Z3=1 C3=1 R3=1 S3=1 Y2=1 X2=1 Z2=1 C2=1 R2=1 S2=1 Y1=1 X1=1 Z1=1 C1=1 R1=1 S1=1 Y0=1 X0=1 Z0=1 C0=1 R0=1 S0=1] Compute] 
fsrcnn_8layer_2026-02-21T08:25:00.421192,fsrcnn,8layer,full,8,eyeriss,thesis_arch,1056,524,128,16,32,120,False,True,,1.469e+05,2.981e+07,4.60e+06,"(29435807592, 11236320000)",0.026525851426413283,0.41550254821777344,DRAM[P=540 Q=8 Z7=1 C7=1 R7=1 S7=1 Y6=540 X6=8 Z6=1 C6=1 R6=1 S6=1 Y5=540 X5=8 Z5=1 C5=1 R5=1 S5=1 Y4=540 X4=8 Z4=1 C4=1 R4=1 S4=1 Y3=540 X3=8 Z3=1 C3=1 R3=1 S3=1 Y2=540 X2=8 Z2=1 C2=1 R2=1 S2=1 Y1=540 X1=8 Z1=1 C1=1 R1=1 S1=1 Y0=540 X0=8 Z0=1 C0=1 R0=1 S0=1] GlobalBuffer[P=1 Q=60 Z7=1 C7=1 R7=1 S7=1 Y6=1 X6=120 Z6=1 C6=1 R6=1 S6=1 Y5=1 X5=60 Z5=1 C5=1 R5=1 S5=1 Y4=1 X4=60 Z4=1 C4=1 R4=1 S4=1 Y3=1 X3=60 Z3=1 C3=1 R3=1 S3=1 Y2=1 X2=60 Z2=1 C2=1 R2=1 S2=1 Y1=1 X1=60 Z1=1 C1=1 R1=1 S1=1 Y0=1 X0=120 Z0=1 C0=1 R0=1 S0=1] SACols[Q=2 Z7=16] SARows[S7=3 C7=4 Z7=1] SACols_6[X6=1 Z6=28] SARows_6[S6=1 C6=12 Z6=1] SACols_5[X5=2 Z5=12] SARows_5[S5=3 C5=4 Z5=1] SACols_4[X4=2 Z4=12] SARows_4[S4=3 C4=4 Z4=1] SACols_3[X3=2 Z3=12] SARows_3[S3=3 C3=4 Z3=1] SACols_2[X2=2 Z2=12] SARows_2[S2=3 C2=4 Z2=1] SACols_1[X1=2 Z1=12] SARows_1[S1=1 C1=14 Z1=1] SACols_0[X0=1 Z0=28] SARows_0[S0=5 C0=3 Z0=1] InRegister[P=1 Q=1 Z7=1 C7=1 R7=1 S7=1 Y6=1 X6=1 Z6=1 C6=1 R6=1 S6=1 Y5=1 X5=1 Z5=1 C5=1 R5=1 S5=1 Y4=1 X4=1 Z4=1 C4=1 R4=1 S4=1 Y3=1 X3=1 Z3=1 C3=1 R3=1 S3=1 Y2=1 X2=1 Z2=1 C2=1 R2=1 S2=1 Y1=1 X1=1 Z1=1 C1=1 R1=1 S1=1 Y0=1 X0=1 Z0=1 C0=1 R0=1 S0=1] WRegister[P=1 Q=1 Z7=1 C7=14 R7=3 S7=1 Y6=1 X6=1 Z6=1 C6=1 R6=1 S6=1 Y5=1 X5=1 Z5=1 C5=3 R5=3 S5=1 Y4=1 X4=1 Z4=1 C4=3 R4=3 S4=1 Y3=1 X3=1 Z3=1 C3=3 R3=3 S3=1 Y2=1 X2=1 Z2=1 C2=3 R2=3 S2=1 Y1=1 X1=1 Z1=1 C1=4 R1=1 S1=1 Y0=1 X0=1 Z0=1 C0=1 R0=5 S0=1] IntermediateRegister[P=1 Q=1 Z7=1 C7=1 R7=1 S7=1 Y6=1 X6=1 Z6=2 C6=1 R6=1 S6=1 Y5=1 X5=1 Z5=1 C5=1 R5=1 S5=1 Y4=1 X4=1 Z4=1 C4=1 R4=1 S4=1 Y3=1 X3=1 Z3=1 C3=1 R3=1 S3=1 Y2=1 X2=1 Z2=1 C2=1 R2=1 S2=1 Y1=1 X1=1 Z1=1 C1=1 R1=1 S1=1 Y0=1 X0=1 Z0=2 C0=1 R0=1 S0=1] OutRegister[P=1 Q=1 Z7=1 C7=1 R7=1 S7=1 Y6=1 X6=1 Z6=1 C6=1 R6=1 S6=1 Y5=1 X5=1 Z5=1 C5=1 R5=1 S5=1 Y4=1 X4=1 Z4=1 C4=1 R4=1 S4=1 Y3=1 X3=1 Z3=1 C3=1 R3=1 S3=1 Y2=1 X2=1 Z2=1 C2=1 R2=1 S2=1 Y1=1 X1=1 Z1=1 C1=1 R1=1 S1=1 Y0=1 X0=1 Z0=1 C0=1 R0=1 S0=1] Compute] 
fsrcnn_8layer_2026-02-21T08:25:01.874907,fsrcnn,8layer,full,8,eyeriss,thesis_arch,1056,524,128,16,64,120,False,True,,1.508e+05,1.918e+07,3.05e+06,"(30698629992, 11454048000)",0.080950474323771,0.26979875564575195,DRAM[P=540 Q=8 Z7=1 C7=1 R7=1 S7=1 Y6=540 X6=8 Z6=1 C6=1 R6=1 S6=1 Y5=540 X5=8 Z5=1 C5=1 R5=1 S5=1 Y4=540 X4=8 Z4=1 C4=1 R4=1 S4=1 Y3=540 X3=8 Z3=1 C3=1 R3=1 S3=1 Y2=540 X2=8 Z2=1 C2=1 R2=1 S2=1 Y1=540 X1=8 Z1=1 C1=1 R1=1 S1=1 Y0=540 X0=8 Z0=1 C0=1 R0=1 S0=1] GlobalBuffer[P=1 Q=30 Z7=1 C7=1 R7=1 S7=1 Y6=1 X6=120 Z6=1 C6=1 R6=1 S6=1 Y5=1 X5=24 Z5=1 C5=1 R5=1 S5=1 Y4=1 X4=24 Z4=1 C4=1 R4=1 S4=1 Y3=1 X3=24 Z3=1 C3=1 R3=1 S3=1 Y2=1 X2=24 Z2=1 C2=1 R2=1 S2=1 Y1=1 X1=24 Z1=1 C1=1 R1=1 S1=1 Y0=1 X0=120 Z0=1 C0=1 R0=1 S0=1] SACols[Q=4 Z7=16] SARows[S7=3 C7=4 Z7=1] SACols_6[X6=1 Z6=56] SARows_6[S6=1 C6=12 Z6=1] SACols_5[X5=5 Z5=12] SARows_5[S5=3 C5=4 Z5=1] SACols_4[X4=5 Z4=12] SARows_4[S4=3 C4=4 Z4=1] SACols_3[X3=5 Z3=12] SARows_3[S3=3 C3=4 Z3=1] SACols_2[X2=5 Z2=12] SARows_2[S2=3 C2=4 Z2=1] SACols_1[X1=5 Z1=12] SARows_1[S1=1 C1=14 Z1=1] SACols_0[X0=1 Z0=56] SARows_0[S0=5 C0=3 Z0=1] InRegister[P=1 Q=1 Z7=1 C7=1 R7=1 S7=1 Y6=1 X6=1 Z6=1 C6=1 R6=1 S6=1 Y5=1 X5=1 Z5=1 C5=1 R5=1 S5=1 Y4=1 X4=1 Z4=1 C4=1 R4=1 S4=1 Y3=1 X3=1 Z3=1 C3=1 R3=1 S3=1 Y2=1 X2=1 Z2=1 C2=1 R2=1 S2=1 Y1=1 X1=1 Z1=1 C1=1 R1=1 S1=1 Y0=1 X0=1 Z0=1 C0=1 R0=1 S0=1] WRegister[P=1 Q=1 Z7=1 C7=14 R7=3 S7=1 Y6=1 X6=1 Z6=1 C6=1 R6=1 S6=1 Y5=1 X5=1 Z5=1 C5=3 R5=3 S5=1 Y4=1 X4=1 Z4=1 C4=3 R4=3 S4=1 Y3=1 X3=1 Z3=1 C3=3 R3=3 S3=1 Y2=1 X2=1 Z2=1 C2=3 R2=3 S2=1 Y1=1 X1=1 Z1=1 C1=4 R1=1 S1=1 Y0=1 X0=1 Z0=1 C0=1 R0=5 S0=1] IntermediateRegister[P=1 Q=1 Z7=1 C7=1 R7=1 S7=1 Y6=1 X6=1 Z6=1 C6=1 R6=1 S6=1 Y5=1 X5=1 Z5=1 C5=1 R5=1 S5=1 Y4=1 X4=1 Z4=1 C4=1 R4=1 S4=1 Y3=1 X3=1 Z3=1 C3=1 R3=1 S3=1 Y2=1 X2=1 Z2=1 C2=1 R2=1 S2=1 Y1=1 X1=1 Z1=1 C1=1 R1=1 S1=1 Y0=1 X0=1 Z0=1 C0=1 R0=1 S0=1] OutRegister[P=1 Q=1 Z7=1 C7=1 R7=1 S7=1 Y6=1 X6=1 Z6=1 C6=1 R6=1 S6=1 Y5=1 X5=1 Z5=1 C5=1 R5=1 S5=1 Y4=1 X4=1 Z4=1 C4=1 R4=1 S4=1 Y3=1 X3=1 Z3=1 C3=1 R3=1 S3=1 Y2=1 X2=1 Z2=1 C2=1 R2=1 S2=1 Y1=1 X1=1 Z1=1 C1=1 R1=1 S1=1 Y0=1 X0=1 Z0=1 C0=1 R0=1 S0=1] Compute] 
fsrcnn_8layer_2026-02-21T08:25:02.807300,fsrcnn,8layer,full,8,eyeriss,thesis_arch,1056,524,128,16,128,120,False,True,,1.508e+05,1.889e+07,3.00e+06,"(30698629992, 11454048000)",0.080950474323771,0.47047972679138184,DRAM[P=540 Q=8 Z7=1 C7=1 R7=1 S7=1 Y6=540 X6=8 Z6=1 C6=1 R6=1 S6=1 Y5=540 X5=8 Z5=1 C5=1 R5=1 S5=1 Y4=540 X4=8 Z4=1 C4=1 R4=1 S4=1 Y3=540 X3=8 Z3=1 C3=1 R3=1 S3=1 Y2=540 X2=8 Z2=1 C2=1 R2=1 S2=1 Y1=540 X1=8 Z1=1 C1=1 R1=1 S1=1 Y0=540 X0=8 Z0=1 C0=1 R0=1 S0=1] GlobalBuffer[P=1 Q=15 Z7=1 C7=1 R7=1 S7=1 Y6=1 X6=60 Z6=1 C6=1 R6=1 S6=1 Y5=1 X5=12 Z5=1 C5=1 R5=1 S5=1 Y4=1 X4=12 Z4=1 C4=1 R4=1 S4=1 Y3=1 X3=12 Z3=1 C3=1 R3=1 S3=1 Y2=1 X2=12 Z2=1 C2=1 R2=1 S2=1 Y1=1 X1=12 Z1=1 C1=1 R1=1 S1=1 Y0=1 X0=60 Z0=1 C0=1 R0=1 S0=1] SACols[Q=8 Z7=16] SARows[S7=3 C7=4 Z7=1] SACols_6[X6=2 Z6=56] SARows_6[S6=1 C6=12 Z6=1] SACols_5[X5=10 Z5=12] SARows_5[S5=3 C5=4 Z5=1] SACols_4[X4=10 Z4=12] SARows_4[S4=3 C4=4 Z4=1] SACols_3[X3=10 Z3=12] SARows_3[S3=3 C3=4 Z3=1] SACols_2[X2=10 Z2=12] SARows_2[S2=3 C2=4 Z2=1] SACols_1[X1=10 Z1=12] SARows_1[S1=1 C1=14 Z1=1] SACols_0[X0=2 Z0=56] SARows_0[S0=5 C0=3 Z0=1] InRegister[P=1 Q=1 Z7=1 C7=1 R7=1 S7=1 Y6=1 X6=1 Z6=1 C6=1 R6=1 S6=1 Y5=1 X5=1 Z5=1 C5=1 R5=1 S5=1 Y4=1 X4=1 Z4=1 C4=1 R4=1 S4=1 Y3=1 X3=1 Z3=1 C3=1 R3=1 S3=1 Y2=1 X2=1 Z2=1 C2=1 R2=1 S2=1 Y1=1 X1=1 Z1=1 C1=1 R1=1 S1=1 Y0=1 X0=1 Z0=1 C0=1 R0=1 S0=1] WRegister[P=1 Q=1 Z7=1 C7=14 R7=3 S7=1 Y6=1 X6=1 Z6=1 C6=1 R6=1 S6=1 Y5=1 X5=1 Z5=1 C5=3 R5=3 S5=1 Y4=1 X4=1 Z4=1 C4=3 R4=3 S4=1 Y3=1 X3=1 Z3=1 C3=3 R3=3 S3=1 Y2=1 X2=1 Z2=1 C2=3 R2=3 S2=1 Y1=1 X1=1 Z1=1 C1=4 R1=1 S1=1 Y0=1 X0=1 Z0=1 C0=1 R0=5 S0=1] IntermediateRegister[P=1 Q=1 Z7=1 C7=1 R7=1 S7=1 Y6=1 X6=1 Z6=1 C6=1 R6=1 S6=1 Y5=1 X5=1 Z5=1 C5=1 R5=1 S5=1 Y4=1 X4=1 Z4=1 C4=1 R4=1 S4=1 Y3=1 X3=1 Z3=1 C3=1 R3=1 S3=1 Y2=1 X2=1 Z2=1 C2=1 R2=1 S2=1 Y1=1 X1=1 Z1=1 C1=1 R1=1 S1=1 Y0=1 X0=1 Z0=1 C0=1 R0=1 S0=1] OutRegister[P=1 Q=1 Z7=1 C7=1 R7=1 S7=1 Y6=1 X6=1 Z6=1 C6=1 R6=1 S6=1 Y5=1 X5=1 Z5=1 C5=1 R5=1 S5=1 Y4=1 X4=1 Z4=1 C4=1 R4=1 S4=1 Y3=1 X3=1 Z3=1 C3=1 R3=1 S3=1 Y2=1 X2=1 Z2=1 C2=1 R2=1 S2=1 Y1=1 X1=1 Z1=1 C1=1 R1=1 S1=1 Y0=1 X0=1 Z0=1 C0=1 R0=1 S0=1] Compute] 
fsrcnn_8layer_2026-02-21T08:25:03.950154,fsrcnn,8layer,full,8,eyeriss,thesis_arch,1056,524,128,16,256,120,False,True,,1.508e+05,1.889e+07,3.00e+06,"(30698629992, 11454048000)",0.07589106967853532,0.32151365280151367,DRAM[P=540 Q=8 Z7=1 C7=1 R7=1 S7=1 Y6=540 X6=8 Z6=1 C6=1 R6=1 S6=1 Y5=540 X5=8 Z5=1 C5=1 R5=1 S5=1 Y4=540 X4=8 Z4=1 C4=1 R4=1 S4=1 Y3=540 X3=8 Z3=1 C3=1 R3=1 S3=1 Y2=540 X2=8 Z2=1 C2=1 R2=1 S2=1 Y1=540 X1=8 Z1=1 C1=1 R1=1 S1=1 Y0=540 X0=8 Z0=1 C0=1 R0=1 S0=1] GlobalBuffer[P=1 Q=8 Z7=1 C7=1 R7=1 S7=1 Y6=1 X6=30 Z6=1 C6=1 R6=1 S6=1 Y5=1 X5=6 Z5=1 C5=1 R5=1 S5=1 Y4=1 X4=6 Z4=1 C4=1 R4=1 S4=1 Y3=1 X3=6 Z3=1 C3=1 R3=1 S3=1 Y2=1 X2=6 Z2=1 C2=1 R2=1 S2=1 Y1=1 X1=6 Z1=1 C1=1 R1=1 S1=1 Y0=1 X0=30 Z0=1 C0=1 R0=1 S0=1] SACols[Q=15 Z7=16] SARows[S7=3 C7=4 Z7=1] SACols_6[X6=4 Z6=56] SARows_6[S6=1 C6=12 Z6=1] SACols_5[X5=20 Z5=12] SARows_5[S5=3 C5=4 Z5=1] SACols_4[X4=20 Z4=12] SARows_4[S4=3 C4=4 Z4=1] SACols_3[X3=20 Z3=12] SARows_3[S3=3 C3=4 Z3=1] SACols_2[X2=20 Z2=12] SARows_2[S2=3 C2=4 Z2=1] SACols_1[X1=20 Z1=12] SARows_1[S1=1 C1=14 Z1=1] SACols_0[X0=4 Z0=56] SARows_0[S0=5 C0=3 Z0=1] InRegister[P=1 Q=1 Z7=1 C7=1 R7=1 S7=1 Y6=1 X6=1 Z6=1 C6=1 R6=1 S6=1 Y5=1 X5=1 Z5=1 C5=1 R5=1 S5=1 Y4=1 X4=1 Z4=1 C4=1 R4=1 S4=1 Y3=1 X3=1 Z3=1 C3=1 R3=1 S3=1 Y2=1 X2=1 Z2=1 C2=1 R2=1 S2=1 Y1=1 X1=1 Z1=1 C1=1 R1=1 S1=1 Y0=1 X0=1 Z0=1 C0=1 R0=1 S0=1] WRegister[P=1 Q=1 Z7=1 C7=14 R7=3 S7=1 Y6=1 X6=1 Z6=1 C6=1 R6=1 S6=1 Y5=1 X5=1 Z5=1 C5=3 R5=3 S5=1 Y4=1 X4=1 Z4=1 C4=3 R4=3 S4=1 Y3=1 X3=1 Z3=1 C3=3 R3=3 S3=1 Y2=1 X2=1 Z2=1 C2=3 R2=3 S2=1 Y1=1 X1=1 Z1=1 C1=4 R1=1 S1=1 Y0=1 X0=1 Z0=1 C0=1 R0=5 S0=1] IntermediateRegister[P=1 Q=1 Z7=1 C7=1 R7=1 S7=1 Y6=1 X6=1 Z6=1 C6=1 R6=1 S6=1 Y5=1 X5=1 Z5=1 C5=1 R5=1 S5=1 Y4=1 X4=1 Z4=1 C4=1 R4=1 S4=1 Y3=1 X3=1 Z3=1 C3=1 R3=1 S3=1 Y2=1 X2=1 Z2=1 C2=1 R2=1 S2=1 Y1=1 X1=1 Z1=1 C1=1 R1=1 S1=1 Y0=1 X0=1 Z0=1 C0=1 R0=1 S0=1] OutRegister[P=1 Q=1 Z7=1 C7=1 R7=1 S7=1 Y6=1 X6=1 Z6=1 C6=1 R6=1 S6=1 Y5=1 X5=1 Z5=1 C5=1 R5=1 S5=1 Y4=1 X4=1 Z4=1 C4=1 R4=1 S4=1 Y3=1 X3=1 Z3=1 C3=1 R3=1 S3=1 Y2=1 X2=1 Z2=1 C2=1 R2=1 S2=1 Y1=1 X1=1 Z1=1 C1=1 R1=1 S1=1 Y0=1 X0=1 Z0=1 C0=1 R0=1 S0=1] Compute] 
fsrcnn_8layer_2026-02-21T08:25:04.919950,fsrcnn,8layer,full,8,eyeriss,thesis_arch,1056,524,128,16,512,120,False,True,,1.508e+05,1.889e+07,3.00e+06,"(30698629992, 11454048000)",0.07589106967853532,0.38617825508117676,DRAM[P=540 Q=8 Z7=1 C7=1 R7=1 S7=1 Y6=540 X6=8 Z6=1 C6=1 R6=1 S6=1 Y5=540 X5=8 Z5=1 C5=1 R5=1 S5=1 Y4=540 X4=8 Z4=1 C4=1 R4=1 S4=1 Y3=540 X3=8 Z3=1 C3=1 R3=1 S3=1 Y2=540 X2=8 Z2=1 C2=1 R2=1 S2=1 Y1=540 X1=8 Z1=1 C1=1 R1=1 S1=1 Y0=540 X0=8 Z0=1 C0=1 R0=1 S0=1] GlobalBuffer[P=1 Q=4 Z7=1 C7=1 R7=1 S7=1 Y6=1 X6=15 Z6=1 C6=1 R6=1 S6=1 Y5=1 X5=3 Z5=1 C5=1 R5=1 S5=1 Y4=1 X4=3 Z4=1 C4=1 R4=1 S4=1 Y3=1 X3=3 Z3=1 C3=1 R3=1 S3=1 Y2=1 X2=3 Z2=1 C2=1 R2=1 S2=1 Y1=1 X1=3 Z1=1 C1=1 R1=1 S1=1 Y0=1 X0=15 Z0=1 C0=1 R0=1 S0=1] SACols[Q=30 Z7=16] SARows[S7=3 C7=4 Z7=1] SACols_6[X6=8 Z6=56] SARows_6[S6=1 C6=12 Z6=1] SACols_5[X5=40 Z5=12] SARows_5[S5=3 C5=4 Z5=1] SACols_4[X4=40 Z4=12] SARows_4[S4=3 C4=4 Z4=1] SACols_3[X3=40 Z3=12] SARows_3[S3=3 C3=4 Z3=1] SACols_2[X2=40 Z2=12] SARows_2[S2=3 C2=4 Z2=1] SACols_1[X1=40 Z1=12] SARows_1[S1=1 C1=14 Z1=1] SACols_0[X0=8 Z0=56] SARows_0[S0=5 C0=3 Z0=1] InRegister[P=1 Q=1 Z7=1 C7=1 R7=1 S7=1 Y6=1 X6=1 Z6=1 C6=1 R6=1 S6=1 Y5=1 X5=1 Z5=1 C5=1 R5=1 S5=1 Y4=1 X4=1 Z4=1 C4=1 R4=1 S4=1 Y3=1 X3=1 Z3=1 C3=1 R3=1 S3=1 Y2=1 X2=1 Z2=1 C2=1 R2=1 S2=1 Y1=1 X1=1 Z1=1 C1=1 R1=1 S1=1 Y0=1 X0=1 Z0=1 C0=1 R0=1 S0=1] WRegister[P=1 Q=1 Z7=1 C7=14 R7=3 S7=1 Y6=1 X6=1 Z6=1 C6=1 R6=1 S6=1 Y5=1 X5=1 Z5=1 C5=3 R5=3 S5=1 Y4=1 X4=1 Z4=1 C4=3 R4=3 S4=1 Y3=1 X3=1 Z3=1 C3=3 R3=3 S3=1 Y2=1 X2=1 Z2=1 C2=3 R2=3 S2=1 Y1=1 X1=1 Z1=1 C1=4 R1=1 S1=1 Y0=1 X0=1 Z0=1 C0=1 R0=5 S0=1] IntermediateRegister[P=1 Q=1 Z7=1 C7=1 R7=1 S7=1 Y6=1 X6=1 Z6=1 C6=1 R6=1 S6=1 Y5=1 X5=1 Z5=1 C5=1 R5=1 S5=1 Y4=1 X4=1 Z4=1 C4=1 R4=1 S4=1 Y3=1 X3=1 Z3=1 C3=1 R3=1 S3=1 Y2=1 X2=1 Z2=1 C2=1 R2=1 S2=1 Y1=1 X1=1 Z1=1 C1=1 R1=1 S1=1 Y0=1 X0=1 Z0=1 C0=1 R0=1 S0=1] OutRegister[P=1 Q=1 Z7=1 C7=1 R7=1 S7=1 Y6=1 X6=1 Z6=1 C6=1 R6=1 S6=1 Y5=1 X5=1 Z5=1 C5=1 R5=1 S5=1 Y4=1 X4=1 Z4=1 C4=1 R4=1 S4=1 Y3=1 X3=1 Z3=1 C3=1 R3=1 S3=1 Y2=1 X2=1 Z2=1 C2=1 R2=1 S2=1 Y1=1 X1=1 Z1=1 C1=1 R1=1 S1=1 Y0=1 X0=1 Z0=1 C0=1 R0=1 S0=1] Compute] 
fsrcnn_8layer_2026-02-21T08:25:06.110148,fsrcnn,8layer,full,8,eyeriss,thesis_arch,1056,524,128,32,4,120,False,True,,1.408e+05,1.058e+08,1.51e+07,"(26746348392, 11317190400)",0.04619468003511429,0.3122870922088623,DRAM[P=540 Q=8 Z7=1 C7=1 R7=1 S7=1 Y6=540 X6=8 Z6=1 C6=1 R6=1 S6=1 Y5=540 X5=8 Z5=1 C5=1 R5=1 S5=1 Y4=540 X4=8 Z4=1 C4=1 R4=1 S4=1 Y3=540 X3=8 Z3=1 C3=1 R3=1 S3=1 Y2=540 X2=8 Z2=1 C2=1 R2=1 S2=1 Y1=540 X1=8 Z1=1 C1=1 R1=1 S1=1 Y0=540 X0=8 Z0=1 C0=1 R0=1 S0=1] GlobalBuffer[P=1 Q=120 Z7=1 C7=1 R7=1 S7=1 Y6=1 X6=120 Z6=1 C6=1 R6=1 S6=1 Y5=1 X5=120 Z5=1 C5=1 R5=1 S5=1 Y4=1 X4=120 Z4=1 C4=1 R4=1 S4=1 Y3=1 X3=120 Z3=1 C3=1 R3=1 S3=1 Y2=1 X2=120 Z2=1 C2=1 R2=1 S2=1 Y1=1 X1=120 Z1=1 C1=1 R1=1 S1=1 Y0=1 X0=120 Z0=1 C0=1 R0=1 S0=1] SACols[Q=1 Z7=4] SARows[S7=3 C7=8 Z7=1] SACols_6[X6=1 Z6=4] SARows_6[S6=1 C6=12 Z6=2] SACols_5[X5=1 Z5=4] SARows_5[S5=3 C5=6 Z5=1] SACols_4[X4=1 Z4=4] SARows_4[S4=3 C4=6 Z4=1] SACols_3[X3=1 Z3=4] SARows_3[S3=3 C3=6 Z3=1] SACols_2[X2=1 Z2=4] SARows_2[S2=3 C2=6 Z2=1] SACols_1[X1=1 Z1=4] SARows_1[S1=1 C1=28 Z1=1] SACols_0[X0=1 Z0=4] SARows_0[S0=5 C0=3 Z0=2] InRegister[P=1 Q=1 Z7=1 C7=1 R7=1 S7=1 Y6=1 X6=1 Z6=1 C6=1 R6=1 S6=1 Y5=1 X5=1 Z5=1 C5=1 R5=1 S5=1 Y4=1 X4=1 Z4=1 C4=1 R4=1 S4=1 Y3=1 X3=1 Z3=1 C3=1 R3=1 S3=1 Y2=1 X2=1 Z2=1 C2=1 R2=1 S2=1 Y1=1 X1=1 Z1=1 C1=1 R1=1 S1=1 Y0=1 X0=1 Z0=1 C0=1 R0=1 S0=1] WRegister[P=1 Q=1 Z7=1 C7=7 R7=3 S7=1 Y6=1 X6=1 Z6=1 C6=1 R6=1 S6=1 Y5=1 X5=1 Z5=1 C5=2 R5=3 S5=1 Y4=1 X4=1 Z4=1 C4=2 R4=3 S4=1 Y3=1 X3=1 Z3=1 C3=2 R3=3 S3=1 Y2=1 X2=1 Z2=1 C2=2 R2=3 S2=1 Y1=1 X1=1 Z1=1 C1=2 R1=1 S1=1 Y0=1 X0=1 Z0=1 C0=1 R0=5 S0=1] IntermediateRegister[P=1 Q=1 Z7=1 C7=1 R7=1 S7=1 Y6=1 X6=1 Z6=7 C6=1 R6=1 S6=1 Y5=1 X5=1 Z5=3 C5=1 R5=1 S5=1 Y4=1 X4=1 Z4=3 C4=1 R4=1 S4=1 Y3=1 X3=1 Z3=3 C3=1 R3=1 S3=1 Y2=1 X2=1 Z2=3 C2=1 R2=1 S2=1 Y1=1 X1=1 Z1=3 C1=1 R1=1 S1=1 Y0=1 X0=1 Z0=7 C0=1 R0=1 S0=1] OutRegister[P=1 Q=1 Z7=4 C7=1 R7=1 S7=1 Y6=1 X6=1 Z6=1 C6=1 R6=1 S6=1 Y5=1 X5=1 Z5=1 C5=1 R5=1 S5=1 Y4=1 X4=1 Z4=1 C4=1 R4=1 S4=1 Y3=1 X3=1 Z3=1 C3=1 R3=1 S3=1 Y2=1 X2=1 Z2=1 C2=1 R2=1 S2=1 Y1=1 X1=1 Z1=1 C1=1 R1=1 S1=1 Y0=1 X0=1 Z0=1 C0=1 R0=1 S0=1] Compute] 
fsrcnn_8layer_2026-02-21T08:25:07.155702,fsrcnn,8layer,full,8,eyeriss,thesis_arch,1056,524,128,32,16,120,False,True,,1.490e+05,3.292e+07,5.15e+06,"(29672197992, 11472710400)",0.008392945177888578,0.3262360095977783,DRAM[P=540 Q=8 Z7=1 C7=1 R7=1 S7=1 Y6=540 X6=8 Z6=1 C6=1 R6=1 S6=1 Y5=540 X5=8 Z5=1 C5=1 R5=1 S5=1 Y4=540 X4=8 Z4=1 C4=1 R4=1 S4=1 Y3=540 X3=8 Z3=1 C3=1 R3=1 S3=1 Y2=540 X2=8 Z2=1 C2=1 R2=1 S2=1 Y1=540 X1=8 Z1=1 C1=1 R1=1 S1=1 Y0=540 X0=8 Z0=1 C0=1 R0=1 S0=1] GlobalBuffer[P=1 Q=120 Z7=1 C7=1 R7=1 S7=1 Y6=1 X6=120 Z6=1 C6=1 R6=1 S6=1 Y5=1 X5=120 Z5=1 C5=1 R5=1 S5=1 Y4=1 X4=120 Z4=1 C4=1 R4=1 S4=1 Y3=1 X3=120 Z3=1 C3=1 R3=1 S3=1 Y2=1 X2=120 Z2=1 C2=1 R2=1 S2=1 Y1=1 X1=120 Z1=1 C1=1 R1=1 S1=1 Y0=1 X0=120 Z0=1 C0=1 R0=1 S0=1] SACols[Q=1 Z7=16] SARows[S7=3 C7=8 Z7=1] SACols_6[X6=1 Z6=14] SARows_6[S6=1 C6=12 Z6=2] SACols_5[X5=1 Z5=12] SARows_5[S5=3 C5=6 Z5=1] SACols_4[X4=1 Z4=12] SARows_4[S4=3 C4=6 Z4=1] SACols_3[X3=1 Z3=12] SARows_3[S3=3 C3=6 Z3=1] SACols_2[X2=1 Z2=12] SARows_2[S2=3 C2=6 Z2=1] SACols_1[X1=1 Z1=12] SARows_1[S1=1 C1=28 Z1=1] SACols_0[X0=1 Z0=14] SARows_0[S0=5 C0=3 Z0=2] InRegister[P=1 Q=1 Z7=1 C7=1 R7=1 S7=1 Y6=1 X6=1 Z6=1 C6=1 R6=1 S6=1 Y5=1 X5=1 Z5=1 C5=1 R5=1 S5=1 Y4=1 X4=1 Z4=1 C4=1 R4=1 S4=1 Y3=1 X3=1 Z3=1 C3=1 R3=1 S3=1 Y2=1 X2=1 Z2=1 C2=1 R2=1 S2=1 Y1=1 X1=1 Z1=1 C1=1 R1=1 S1=1 Y0=1 X0=1 Z0=1 C0=1 R0=1 S0=1] WRegister[P=1 Q=1 Z7=1 C7=7 R7=3 S7=1 Y6=1 X6=1 Z6=1 C6=1 R6=1 S6=1 Y5=1 X5=1 Z5=1 C5=2 R5=3 S5=1 Y4=1 X4=1 Z4=1 C4=2 R4=3 S4=1 Y3=1 X3=1 Z3=1 C3=2 R3=3 S3=1 Y2=1 X2=1 Z2=1 C2=2 R2=3 S2=1 Y1=1 X1=1 Z1=1 C1=2 R1=1 S1=1 Y0=1 X0=1 Z0=1 C0=1 R0=5 S0=1] IntermediateRegister[P=1 Q=1 Z7=1 C7=1 R7=1 S7=1 Y6=1 X6=1 Z6=2 C6=1 R6=1 S6=1 Y5=1 X5=1 Z5=1 C5=1 R5=1 S5=1 Y4=1 X4=1 Z4=1 C4=1 R4=1 S4=1 Y3=1 X3=1 Z3=1 C3=1 R3=1 S3=1 Y2=1 X2=1 Z2=1 C2=1 R2=1 S2=1 Y1=1 X1=1 Z1=1 C1=1 R1=1 S1=1 Y0=1 X0=1 Z0=2 C0=1 R0=1 S0=1] OutRegister[P=1 Q=1 Z7=1 C7=1 R7=1 S7=1 Y6=1 X6=1 Z6=1 C6=1 R6=1 S6=1 Y5=1 X5=1 Z5=1 C5=1 R5=1 S5=1 Y4=1 X4=1 Z4=1 C4=1 R4=1 S4=1 Y3=1 X3=1 Z3=1 C3=1 R3=1 S3=1 Y2=1 X2=1 Z2=1 C2=1 R2=1 S2=1 Y1=1 X1=1 Z1=1 C1=1 R1=1 S1=1 Y0=1 X0=1 Z0=1 C0=1 R0=1 S0=1] Compute] 
fsrcnn_8layer_2026-02-21T08:25:08.327993,fsrcnn,8layer,full,8,eyeriss,thesis_arch,1056,524,128,32,32,120,False,True,,1.529e+05,1.918e+07,3.09e+06,"(30935020392, 11690438400)",0.008392945177888578,0.31478357315063477,DRAM[P=540 Q=8 Z7=1 C7=1 R7=1 S7=1 Y6=540 X6=8 Z6=1 C6=1 R6=1 S6=1 Y5=540 X5=8 Z5=1 C5=1 R5=1 S5=1 Y4=540 X4=8 Z4=1 C4=1 R4=1 S4=1 Y3=540 X3=8 Z3=1 C3=1 R3=1 S3=1 Y2=540 X2=8 Z2=1 C2=1 R2=1 S2=1 Y1=540 X1=8 Z1=1 C1=1 R1=1 S1=1 Y0=540 X0=8 Z0=1 C0=1 R0=1 S0=1] GlobalBuffer[P=1 Q=60 Z7=1 C7=1 R7=1 S7=1 Y6=1 X6=120 Z6=1 C6=1 R6=1 S6=1 Y5=1 X5=60 Z5=1 C5=1 R5=1 S5=1 Y4=1 X4=60 Z4=1 C4=1 R4=1 S4=1 Y3=1 X3=60 Z3=1 C3=1 R3=1 S3=1 Y2=1 X2=60 Z2=1 C2=1 R2=1 S2=1 Y1=1 X1=60 Z1=1 C1=1 R1=1 S1=1 Y0=1 X0=120 Z0=1 C0=1 R0=1 S0=1] SACols[Q=2 Z7=16] SARows[S7=3 C7=8 Z7=1] SACols_6[X6=1 Z6=28] SARows_6[S6=1 C6=12 Z6=2] SACols_5[X5=2 Z5=12] SARows_5[S5=3 C5=6 Z5=1] SACols_4[X4=2 Z4=12] SARows_4[S4=3 C4=6 Z4=1] SACols_3[X3=2 Z3=12] SARows_3[S3=3 C3=6 Z3=1] SACols_2[X2=2 Z2=12] SARows_2[S2=3 C2=6 Z2=1] SACols_1[X1=2 Z1=12] SARows_1[S1=1 C1=28 Z1=1] SACols_0[X0=1 Z0=28] SARows_0[S0=5 C0=3 Z0=2] InRegister[P=1 Q=1 Z7=1 C7=1 R7=1 S7=1 Y6=1 X6=1 Z6=1 C6=1 R6=1 S6=1 Y5=1 X5=1 Z5=1 C5=1 R5=1 S5=1 Y4=1 X4=1 Z4=1 C4=1 R4=1 S4=1 Y3=1 X3=1 Z3=1 C3=1 R3=1 S3=1 Y2=1 X2=1 Z2=1 C2=1 R2=1 S2=1 Y1=1 X1=1 Z1=1 C1=1 R1=1 S1=1 Y0=1 X0=1 Z0=1 C0=1 R0=1 S0=1] WRegister[P=1 Q=1 Z7=1 C7=7 R7=3 S7=1 Y6=1 X6=1 Z6=1 C6=1 R6=1 S6=1 Y5=1 X5=1 Z5=1 C5=2 R5=3 S5=1 Y4=1 X4=1 Z4=1 C4=2 R4=3 S4=1 Y3=1 X3=1 Z3=1 C3=2 R3=3 S3=1 Y2=1 X2=1 Z2=1 C2=2 R2=3 S2=1 Y1=1 X1=1 Z1=1 C1=2 R1=1 S1=1 Y0=1 X0=1 Z0=1 C0=1 R0=5 S0=1] IntermediateRegister[P=1 Q=1 Z7=1 C7=1 R7=1 S7=1 Y6=1 X6=1 Z6=1 C6=1 R6=1 S6=1 Y5=1 X5=1 Z5=1 C5=1 R5=1 S5=1 Y4=1 X4=1 Z4=1 C4=1 R4=1 S4=1 Y3=1 X3=1 Z3=1 C3=1 R3=1 S3=1 Y2=1 X2=1 Z2=1 C2=1 R2=1 S2=1 Y1=1 X1=1 Z1=1 C1=1 R1=1 S1=1 Y0=1 X0=1 Z0=1 C0=1 R0=1 S0=1] OutRegister[P=1 Q=1 Z7=1 C7=1 R7=1 S7=1 Y6=1 X6=1 Z6=1 C6=1 R6=1 S6=1 Y5=1 X5=1 Z5=1 C5=1 R5=1 S5=1 Y4=1 X4=1 Z4=1 C4=1 R4=1 S4=1 Y3=1 X3=1 Z3=1 C3=1 R3=1 S3=1 Y2=1 X2=1 Z2=1 C2=1 R2=1 S2=1 Y1=1 X1=1 Z1=1 C1=1 R1=1 S1=1 Y0=1 X0=1 Z0=1 C0=1 R0=1 S0=1] Compute] 
fsrcnn_8layer_2026-02-21T08:25:09.447210,fsrcnn,8layer,full,8,eyeriss,thesis_arch,1056,524,128,32,64,120,False,True,,1.529e+05,1.918e+07,3.09e+06,"(30935020392, 11690438400)",0.006403309004126417,0.31827545166015625,DRAM[P=540 Q=8 Z7=1 C7=1 R7=1 S7=1 Y6=540 X6=8 Z6=1 C6=1 R6=1 S6=1 Y5=540 X5=8 Z5=1 C5=1 R5=1 S5=1 Y4=540 X4=8 Z4=1 C4=1 R4=1 S4=1 Y3=540 X3=8 Z3=1 C3=1 R3=1 S3=1 Y2=540 X2=8 Z2=1 C2=1 R2=1 S2=1 Y1=540 X1=8 Z1=1 C1=1 R1=1 S1=1 Y0=540 X0=8 Z0=1 C0=1 R0=1 S0=1] GlobalBuffer[P=1 Q=30 Z7=1 C7=1 R7=1 S7=1 Y6=1 X6=120 Z6=1 C6=1 R6=1 S6=1 Y5=1 X5=24 Z5=1 C5=1 R5=1 S5=1 Y4=1 X4=24 Z4=1 C4=1 R4=1 S4=1 Y3=1 X3=24 Z3=1 C3=1 R3=1 S3=1 Y2=1 X2=24 Z2=1 C2=1 R2=1 S2=1 Y1=1 X1=24 Z1=1 C1=1 R1=1 S1=1 Y0=1 X0=120 Z0=1 C0=1 R0=1 S0=1] SACols[Q=4 Z7=16] SARows[S7=3 C7=8 Z7=1] SACols_6[X6=1 Z6=56] SARows_6[S6=1 C6=12 Z6=1] SACols_5[X5=5 Z5=12] SARows_5[S5=3 C5=6 Z5=1] SACols_4[X4=5 Z4=12] SARows_4[S4=3 C4=6 Z4=1] SACols_3[X3=5 Z3=12] SARows_3[S3=3 C3=6 Z3=1] SACols_2[X2=5 Z2=12] SARows_2[S2=3 C2=6 Z2=1] SACols_1[X1=5 Z1=12] SARows_1[S1=1 C1=28 Z1=1] SACols_0[X0=1 Z0=56] SARows_0[S0=5 C0=3 Z0=1] InRegister[P=1 Q=1 Z7=1 C7=1 R7=1 S7=1 Y6=1 X6=1 Z6=1 C6=1 R6=1 S6=1 Y5=1 X5=1 Z5=1 C5=1 R5=1 S5=1 Y4=1 X4=1 Z4=1 C4=1 R4=1 S4=1 Y3=1 X3=1 Z3=1 C3=1 R3=1 S3=1 Y2=1 X2=1 Z2=1 C2=1 R2=1 S2=1 Y1=1 X1=1 Z1=1 C1=1 R1=1 S1=1 Y0=1 X0=1 Z0=1 C0=1 R0=1 S0=1] WRegister[P=1 Q=1 Z7=1 C7=7 R7=3 S7=1 Y6=1 X6=1 Z6=1 C6=1 R6=1 S6=1 Y5=1 X5=1 Z5=1 C5=2 R5=3 S5=1 Y4=1 X4=1 Z4=1 C4=2 R4=3 S4=1 Y3=1 X3=1 Z3=1 C3=2 R3=3 S3=1 Y2=1 X2=1 Z2=1 C2=2 R2=3 S2=1 Y1=1 X1=1 Z1=1 C1=2 R1=1 S1=1 Y0=1 X0=1 Z0=1 C0=1 R0=5 S0=1] IntermediateRegister[P=1 Q=1 Z7=1 C7=1 R7=1 S7=1 Y6=1 X6=1 Z6=1 C6=1 R6=1 S6=1 Y5=1 X5=1 Z5=1 C5=1 R5=1 S5=1 Y4=1 X4=1 Z4=1 C4=1 R4=1 S4=1 Y3=1 X3=1 Z3=1 C3=1 R3=1 S3=1 Y2=1 X2=1 Z2=1 C2=1 R2=1 S2=1 Y1=1 X1=1 Z1=1 C1=1 R1=1 S1=1 Y0=1 X0=1 Z0=1 C0=1 R0=1 S0=1] OutRegister[P=1 Q=1 Z7=1 C7=1 R7=1 S7=1 Y6=1 X6=1 Z6=1 C6=1 R6=1 S6=1 Y5=1 X5=1 Z5=1 C5=1 R5=1 S5=1 Y4=1 X4=1 Z4=1 C4=1 R4=1 S4=1 Y3=1 X3=1 Z3=1 C3=1 R3=1 S3=1 Y2=1 X2=1 Z2=1 C2=1 R2=1 S2=1 Y1=1 X1=1 Z1=1 C1=1 R1=1 S1=1 Y0=1 X0=1 Z0=1 C0=1 R0=1 S0=1] Compute] 
fsrcnn_8layer_2026-02-21T08:25:10.488698,fsrcnn,8layer,full,8,eyeriss,thesis_arch,1056,524,128,32,128,120,False,True,,1.529e+05,1.889e+07,3.04e+06,"(30935020392, 11690438400)",0.006403309004126417,0.31618356704711914,DRAM[P=540 Q=8 Z7=1 C7=1 R7=1 S7=1 Y6=540 X6=8 Z6=1 C6=1 R6=1 S6=1 Y5=540 X5=8 Z5=1 C5=1 R5=1 S5=1 Y4=540 X4=8 Z4=1 C4=1 R4=1 S4=1 Y3=540 X3=8 Z3=1 C3=1 R3=1 S3=1 Y2=540 X2=8 Z2=1 C2=1 R2=1 S2=1 Y1=540 X1=8 Z1=1 C1=1 R1=1 S1=1 Y0=540 X0=8 Z0=1 C0=1 R0=1 S0=1] GlobalBuffer[P=1 Q=15 Z7=1 C7=1 R7=1 S7=1 Y6=1 X6=60 Z6=1 C6=1 R6=1 S6=1 Y5=1 X5=12 Z5=1 C5=1 R5=1 S5=1 Y4=1 X4=12 Z4=1 C4=1 R4=1 S4=1 Y3=1 X3=12 Z3=1 C3=1 R3=1 S3=1 Y2=1 X2=12 Z2=1 C2=1 R2=1 S2=1 Y1=1 X1=12 Z1=1 C1=1 R1=1 S1=1 Y0=1 X0=60 Z0=1 C0=1 R0=1 S0=1] SACols[Q=8 Z7=16] SARows[S7=3 C7=8 Z7=1] SACols_6[X6=2 Z6=56] SARows_6[S6=1 C6=12 Z6=1] SACols_5[X5=10 Z5=12] SARows_5[S5=3 C5=6 Z5=1] SACols_4[X4=10 Z4=12] SARows_4[S4=3 C4=6 Z4=1] SACols_3[X3=10 Z3=12] SARows_3[S3=3 C3=6 Z3=1] SACols_2[X2=10 Z2=12] SARows_2[S2=3 C2=6 Z2=1] SACols_1[X1=10 Z1=12] SARows_1[S1=1 C1=28 Z1=1] SACols_0[X0=2 Z0=56] SARows_0[S0=5 C0=3 Z0=1] InRegister[P=1 Q=1 Z7=1 C7=1 R7=1 S7=1 Y6=1 X6=1 Z6=1 C6=1 R6=1 S6=1 Y5=1 X5=1 Z5=1 C5=1 R5=1 S5=1 Y4=1 X4=1 Z4=1 C4=1 R4=1 S4=1 Y3=1 X3=1 Z3=1 C3=1 R3=1 S3=1 Y2=1 X2=1 Z2=1 C2=1 R2=1 S2=1 Y1=1 X1=1 Z1=1 C1=1 R1=1 S1=1 Y0=1 X0=1 Z0=1 C0=1 R0=1 S0=1] WRegister[P=1 Q=1 Z7=1 C7=7 R7=3 S7=1 Y6=1 X6=1 Z6=1 C6=1 R6=1 S6=1 Y5=1 X5=1 Z5=1 C5=2 R5=3 S5=1 Y4=1 X4=1 Z4=1 C4=2 R4=3 S4=1 Y3=1 X3=1 Z3=1 C3=2 R3=3 S3=1 Y2=1 X2=1 Z2=1 C2=2 R2=3 S2=1 Y1=1 X1=1 Z1=1 C1=2 R1=1 S1=1 Y0=1 X0=1 Z0=1 C0=1 R0=5 S0=1] IntermediateRegister[P=1 Q=1 Z7=1 C7=1 R7=1 S7=1 Y6=1 X6=1 Z6=1 C6=1 R6=1 S6=1 Y5=1 X5=1 Z5=1 C5=1 R5=1 S5=1 Y4=1 X4=1 Z4=1 C4=1 R4=1 S4=1 Y3=1 X3=1 Z3=1 C3=1 R3=1 S3=1 Y2=1 X2=1 Z2=1 C2=1 R2=1 S2=1 Y1=1 X1=1 Z1=1 C1=1 R1=1 S1=1 Y0=1 X0=1 Z0=1 C0=1 R0=1 S0=1] OutRegister[P=1 Q=1 Z7=1 C7=1 R7=1 S7=1 Y6=1 X6=1 Z6=1 C6=1 R6=1 S6=1 Y5=1 X5=1 Z5=1 C5=1 R5=1 S5=1 Y4=1 X4=1 Z4=1 C4=1 R4=1 S4=1 Y3=1 X3=1 Z3=1 C3=1 R3=1 S3=1 Y2=1 X2=1 Z2=1 C2=1 R2=1 S2=1 Y1=1 X1=1 Z1=1 C1=1 R1=1 S1=1 Y0=1 X0=1 Z0=1 C0=1 R0=1 S0=1] Compute] 
fsrcnn_8layer_2026-02-21T08:25:11.327703,fsrcnn,8layer,full,8,eyeriss,thesis_arch,1056,524,128,32,256,120,False,True,,1.529e+05,1.889e+07,3.04e+06,"(30935020392, 11690438400)",0.006003102191368516,0.3376929759979248,DRAM[P=540 Q=8 Z7=1 C7=1 R7=1 S7=1 Y6=540 X6=8 Z6=1 C6=1 R6=1 S6=1 Y5=540 X5=8 Z5=1 C5=1 R5=1 S5=1 Y4=540 X4=8 Z4=1 C4=1 R4=1 S4=1 Y3=540 X3=8 Z3=1 C3=1 R3=1 S3=1 Y2=540 X2=8 Z2=1 C2=1 R2=1 S2=1 Y1=540 X1=8 Z1=1 C1=1 R1=1 S1=1 Y0=540 X0=8 Z0=1 C0=1 R0=1 S0=1] GlobalBuffer[P=1 Q=8 Z7=1 C7=1 R7=1 S7=1 Y6=1 X6=30 Z6=1 C6=1 R6=1 S6=1 Y5=1 X5=6 Z5=1 C5=1 R5=1 S5=1 Y4=1 X4=6 Z4=1 C4=1 R4=1 S4=1 Y3=1 X3=6 Z3=1 C3=1 R3=1 S3=1 Y2=1 X2=6 Z2=1 C2=1 R2=1 S2=1 Y1=1 X1=6 Z1=1 C1=1 R1=1 S1=1 Y0=1 X0=30 Z0=1 C0=1 R0=1 S0=1] SACols[Q=15 Z7=16] SARows[S7=3 C7=8 Z7=1] SACols_6[X6=4 Z6=56] SARows_6[S6=1 C6=12 Z6=1] SACols_5[X5=20 Z5=12] SARows_5[S5=3 C5=6 Z5=1] SACols_4[X4=20 Z4=12] SARows_4[S4=3 C4=6 Z4=1] SACols_3[X3=20 Z3=12] SARows_3[S3=3 C3=6 Z3=1] SACols_2[X2=20 Z2=12] SARows_2[S2=3 C2=6 Z2=1] SACols_1[X1=20 Z1=12] SARows_1[S1=1 C1=28 Z1=1] SACols_0[X0=4 Z0=56] SARows_0[S0=5 C0=3 Z0=1] InRegister[P=1 Q=1 Z7=1 C7=1 R7=1 S7=1 Y6=1 X6=1 Z6=1 C6=1 R6=1 S6=1 Y5=1 X5=1 Z5=1 C5=1 R5=1 S5=1 Y4=1 X4=1 Z4=1 C4=1 R4=1 S4=1 Y3=1 X3=1 Z3=1 C3=1 R3=1 S3=1 Y2=1 X2=1 Z2=1 C2=1 R2=1 S2=1 Y1=1 X1=1 Z1=1 C1=1 R1=1 S1=1 Y0=1 X0=1 Z0=1 C0=1 R0=1 S0=1] WRegister[P=1 Q=1 Z7=1 C7=7 R7=3 S7=1 Y6=1 X6=1 Z6=1 C6=1 R6=1 S6=1 Y5=1 X5=1 Z5=1 C5=2 R5=3 S5=1 Y4=1 X4=1 Z4=1 C4=2 R4=3 S4=1 Y3=1 X3=1 Z3=1 C3=2 R3=3 S3=1 Y2=1 X2=1 Z2=1 C2=2 R2=3 S2=1 Y1=1 X1=1 Z1=1 C1=2 R1=1 S1=1 Y0=1 X0=1 Z0=1 C0=1 R0=5 S0=1] IntermediateRegister[P=1 Q=1 Z7=1 C7=1 R7=1 S7=1 Y6=1 X6=1 Z6=1 C6=1 R6=1 S6=1 Y5=1 X5=1 Z5=1 C5=1 R5=1 S5=1 Y4=1 X4=1 Z4=1 C4=1 R4=1 S4=1 Y3=1 X3=1 Z3=1 C3=1 R3=1 S3=1 Y2=1 X2=1 Z2=1 C2=1 R2=1 S2=1 Y1=1 X1=1 Z1=1 C1=1 R1=1 S1=1 Y0=1 X0=1 Z0=1 C0=1 R0=1 S0=1] OutRegister[P=1 Q=1 Z7=1 C7=1 R7=1 S7=1 Y6=1 X6=1 Z6=1 C6=1 R6=1 S6=1 Y5=1 X5=1 Z5=1 C5=1 R5=1 S5=1 Y4=1 X4=1 Z4=1 C4=1 R4=1 S4=1 Y3=1 X3=1 Z3=1 C3=1 R3=1 S3=1 Y2=1 X2=1 Z2=1 C2=1 R2=1 S2=1 Y1=1 X1=1 Z1=1 C1=1 R1=1 S1=1 Y0=1 X0=1 Z0=1 C0=1 R0=1 S0=1] Compute] 
fsrcnn_8layer_2026-02-21T08:25:12.397630,fsrcnn,8layer,full,8,eyeriss,thesis_arch,1056,524,128,32,512,120,False,True,,1.529e+05,1.889e+07,3.04e+06,"(30935020392, 11690438400)",0.006003102191368516,0.34956932067871094,DRAM[P=540 Q=8 Z7=1 C7=1 R7=1 S7=1 Y6=540 X6=8 Z6=1 C6=1 R6=1 S6=1 Y5=540 X5=8 Z5=1 C5=1 R5=1 S5=1 Y4=540 X4=8 Z4=1 C4=1 R4=1 S4=1 Y3=540 X3=8 Z3=1 C3=1 R3=1 S3=1 Y2=540 X2=8 Z2=1 C2=1 R2=1 S2=1 Y1=540 X1=8 Z1=1 C1=1 R1=1 S1=1 Y0=540 X0=8 Z0=1 C0=1 R0=1 S0=1] GlobalBuffer[P=1 Q=4 Z7=1 C7=1 R7=1 S7=1 Y6=1 X6=15 Z6=1 C6=1 R6=1 S6=1 Y5=1 X5=3 Z5=1 C5=1 R5=1 S5=1 Y4=1 X4=3 Z4=1 C4=1 R4=1 S4=1 Y3=1 X3=3 Z3=1 C3=1 R3=1 S3=1 Y2=1 X2=3 Z2=1 C2=1 R2=1 S2=1 Y1=1 X1=3 Z1=1 C1=1 R1=1 S1=1 Y0=1 X0=15 Z0=1 C0=1 R0=1 S0=1] SACols[Q=30 Z7=16] SARows[S7=3 C7=8 Z7=1] SACols_6[X6=8 Z6=56] SARows_6[S6=1 C6=12 Z6=1] SACols_5[X5=40 Z5=12] SARows_5[S5=3 C5=6 Z5=1] SACols_4[X4=40 Z4=12] SARows_4[S4=3 C4=6 Z4=1] SACols_3[X3=40 Z3=12] SARows_3[S3=3 C3=6 Z3=1] SACols_2[X2=40 Z2=12] SARows_2[S2=3 C2=6 Z2=1] SACols_1[X1=40 Z1=12] SARows_1[S1=1 C1=28 Z1=1] SACols_0[X0=8 Z0=56] SARows_0[S0=5 C0=3 Z0=1] InRegister[P=1 Q=1 Z7=1 C7=1 R7=1 S7=1 Y6=1 X6=1 Z6=1 C6=1 R6=1 S6=1 Y5=1 X5=1 Z5=1 C5=1 R5=1 S5=1 Y4=1 X4=1 Z4=1 C4=1 R4=1 S4=1 Y3=1 X3=1 Z3=1 C3=1 R3=1 S3=1 Y2=1 X2=1 Z2=1 C2=1 R2=1 S2=1 Y1=1 X1=1 Z1=1 C1=1 R1=1 S1=1 Y0=1 X0=1 Z0=1 C0=1 R0=1 S0=1] WRegister[P=1 Q=1 Z7=1 C7=7 R7=3 S7=1 Y6=1 X6=1 Z6=1 C6=1 R6=1 S6=1 Y5=1 X5=1 Z5=1 C5=2 R5=3 S5=1 Y4=1 X4=1 Z4=1 C4=2 R4=3 S4=1 Y3=1 X3=1 Z3=1 C3=2 R3=3 S3=1 Y2=1 X2=1 Z2=1 C2=2 R2=3 S2=1 Y1=1 X1=1 Z1=1 C1=2 R1=1 S1=1 Y0=1 X0=1 Z0=1 C0=1 R0=5 S0=1] IntermediateRegister[P=1 Q=1 Z7=1 C7=1 R7=1 S7=1 Y6=1 X6=1 Z6=1 C6=1 R6=1 S6=1 Y5=1 X5=1 Z5=1 C5=1 R5=1 S5=1 Y4=1 X4=1 Z4=1 C4=1 R4=1 S4=1 Y3=1 X3=1 Z3=1 C3=1 R3=1 S3=1 Y2=1 X2=1 Z2=1 C2=1 R2=1 S2=1 Y1=1 X1=1 Z1=1 C1=1 R1=1 S1=1 Y0=1 X0=1 Z0=1 C0=1 R0=1 S0=1] OutRegister[P=1 Q=1 Z7=1 C7=1 R7=1 S7=1 Y6=1 X6=1 Z6=1 C6=1 R6=1 S6=1 Y5=1 X5=1 Z5=1 C5=1 R5=1 S5=1 Y4=1 X4=1 Z4=1 C4=1 R4=1 S4=1 Y3=1 X3=1 Z3=1 C3=1 R3=1 S3=1 Y2=1 X2=1 Z2=1 C2=1 R2=1 S2=1 Y1=1 X1=1 Z1=1 C1=1 R1=1 S1=1 Y0=1 X0=1 Z0=1 C0=1 R0=1 S0=1] Compute] 
fsrcnn_8layer_2026-02-21T08:25:13.416527,fsrcnn,8layer,full,8,eyeriss,thesis_arch,1056,524,128,64,4,120,False,True,,1.463e+05,6.752e+07,1.00e+07,"(27368428392, 11939270400)",0.01010508625768125,0.2576165199279785,DRAM[P=540 Q=8 Z7=1 C7=1 R7=1 S7=1 Y6=540 X6=8 Z6=1 C6=1 R6=1 S6=1 Y5=540 X5=8 Z5=1 C5=1 R5=1 S5=1 Y4=540 X4=8 Z4=1 C4=1 R4=1 S4=1 Y3=540 X3=8 Z3=1 C3=1 R3=1 S3=1 Y2=540 X2=8 Z2=1 C2=1 R2=1 S2=1 Y1=540 X1=8 Z1=1 C1=1 R1=1 S1=1 Y0=540 X0=8 Z0=1 C0=1 R0=1 S0=1] GlobalBuffer[P=1 Q=120 Z7=1 C7=1 R7=1 S7=1 Y6=1 X6=120 Z6=1 C6=1 R6=1 S6=1 Y5=1 X5=120 Z5=1 C5=1 R5=1 S5=1 Y4=1 X4=120 Z4=1 C4=1 R4=1 S4=1 Y3=1 X3=120 Z3=1 C3=1 R3=1 S3=1 Y2=1 X2=120 Z2=1 C2=1 R2=1 S2=1 Y1=1 X1=120 Z1=1 C1=1 R1=1 S1=1 Y0=1 X0=120 Z0=1 C0=1 R0=1 S0=1] SACols[Q=1 Z7=4] SARows[S7=3 C7=14 Z7=1] SACols_6[X6=1 Z6=4] SARows_6[S6=1 C6=12 Z6=2] SACols_5[X5=1 Z5=4] SARows_5[S5=3 C5=12 Z5=1] SACols_4[X4=1 Z4=4] SARows_4[S4=3 C4=12 Z4=1] SACols_3[X3=1 Z3=4] SARows_3[S3=3 C3=12 Z3=1] SACols_2[X2=1 Z2=4] SARows_2[S2=3 C2=12 Z2=1] SACols_1[X1=1 Z1=4] SARows_1[S1=1 C1=56 Z1=1] SACols_0[X0=1 Z0=4] SARows_0[S0=5 C0=3 Z0=2] InRegister[P=1 Q=1 Z7=1 C7=1 R7=1 S7=1 Y6=1 X6=1 Z6=1 C6=1 R6=1 S6=1 Y5=1 X5=1 Z5=1 C5=1 R5=1 S5=1 Y4=1 X4=1 Z4=1 C4=1 R4=1 S4=1 Y3=1 X3=1 Z3=1 C3=1 R3=1 S3=1 Y2=1 X2=1 Z2=1 C2=1 R2=1 S2=1 Y1=1 X1=1 Z1=1 C1=1 R1=1 S1=1 Y0=1 X0=1 Z0=1 C0=1 R0=1 S0=1] WRegister[P=1 Q=1 Z7=1 C7=4 R7=3 S7=1 Y6=1 X6=1 Z6=1 C6=1 R6=1 S6=1 Y5=1 X5=1 Z5=1 C5=1 R5=3 S5=1 Y4=1 X4=1 Z4=1 C4=1 R4=3 S4=1 Y3=1 X3=1 Z3=1 C3=1 R3=3 S3=1 Y2=1 X2=1 Z2=1 C2=1 R2=3 S2=1 Y1=1 X1=1 Z1=1 C1=1 R1=1 S1=1 Y0=1 X0=1 Z0=1 C0=1 R0=5 S0=1] IntermediateRegister[P=1 Q=1 Z7=1 C7=1 R7=1 S7=1 Y6=1 X6=1 Z6=7 C6=1 R6=1 S6=1 Y5=1 X5=1 Z5=3 C5=1 R5=1 S5=1 Y4=1 X4=1 Z4=3 C4=1 R4=1 S4=1 Y3=1 X3=1 Z3=3 C3=1 R3=1 S3=1 Y2=1 X2=1 Z2=3 C2=1 R2=1 S2=1 Y1=1 X1=1 Z1=3 C1=1 R1=1 S1=1 Y0=1 X0=1 Z0=7 C0=1 R0=1 S0=1] OutRegister[P=1 Q=1 Z7=4 C7=1 R7=1 S7=1 Y6=1 X6=1 Z6=1 C6=1 R6=1 S6=1 Y5=1 X5=1 Z5=1 C5=1 R5=1 S5=1 Y4=1 X4=1 Z4=1 C4=1 R4=1 S4=1 Y3=1 X3=1 Z3=1 C3=1 R3=1 S3=1 Y2=1 X2=1 Z2=1 C2=1 R2=1 S2=1 Y1=1 X1=1 Z1=1 C1=1 R1=1 S1=1 Y0=1 X0=1 Z0=1 C0=1 R0=1 S0=1] Compute] 
fsrcnn_8layer_2026-02-21T08:25:14.383464,fsrcnn,8layer,full,8,eyeriss,thesis_arch,1056,524,128,64,16,120,False,True,,1.585e+05,1.944e+07,3.24e+06,"(31557100392, 12312518400)",0.0073438270306525055,0.2730214595794678,DRAM[P=540 Q=8 Z7=1 C7=1 R7=1 S7=1 Y6=540 X6=8 Z6=1 C6=1 R6=1 S6=1 Y5=540 X5=8 Z5=1 C5=1 R5=1 S5=1 Y4=540 X4=8 Z4=1 C4=1 R4=1 S4=1 Y3=540 X3=8 Z3=1 C3=1 R3=1 S3=1 Y2=540 X2=8 Z2=1 C2=1 R2=1 S2=1 Y1=540 X1=8 Z1=1 C1=1 R1=1 S1=1 Y0=540 X0=8 Z0=1 C0=1 R0=1 S0=1] GlobalBuffer[P=1 Q=120 Z7=1 C7=1 R7=1 S7=1 Y6=1 X6=120 Z6=1 C6=1 R6=1 S6=1 Y5=1 X5=120 Z5=1 C5=1 R5=1 S5=1 Y4=1 X4=120 Z4=1 C4=1 R4=1 S4=1 Y3=1 X3=120 Z3=1 C3=1 R3=1 S3=1 Y2=1 X2=120 Z2=1 C2=1 R2=1 S2=1 Y1=1 X1=120 Z1=1 C1=1 R1=1 S1=1 Y0=1 X0=120 Z0=1 C0=1 R0=1 S0=1] SACols[Q=1 Z7=16] SARows[S7=3 C7=14 Z7=1] SACols_6[X6=1 Z6=14] SARows_6[S6=1 C6=12 Z6=4] SACols_5[X5=1 Z5=12] SARows_5[S5=3 C5=12 Z5=1] SACols_4[X4=1 Z4=12] SARows_4[S4=3 C4=12 Z4=1] SACols_3[X3=1 Z3=12] SARows_3[S3=3 C3=12 Z3=1] SACols_2[X2=1 Z2=12] SARows_2[S2=3 C2=12 Z2=1] SACols_1[X1=1 Z1=12] SARows_1[S1=1 C1=56 Z1=1] SACols_0[X0=1 Z0=14] SARows_0[S0=5 C0=3 Z0=4] InRegister[P=1 Q=1 Z7=1 C7=1 R7=1 S7=1 Y6=1 X6=1 Z6=1 C6=1 R6=1 S6=1 Y5=1 X5=1 Z5=1 C5=1 R5=1 S5=1 Y4=1 X4=1 Z4=1 C4=1 R4=1 S4=1 Y3=1 X3=1 Z3=1 C3=1 R3=1 S3=1 Y2=1 X2=1 Z2=1 C2=1 R2=1 S2=1 Y1=1 X1=1 Z1=1 C1=1 R1=1 S1=1 Y0=1 X0=1 Z0=1 C0=1 R0=1 S0=1] WRegister[P=1 Q=1 Z7=1 C7=4 R7=3 S7=1 Y6=1 X6=1 Z6=1 C6=1 R6=1 S6=1 Y5=1 X5=1 Z5=1 C5=1 R5=3 S5=1 Y4=1 X4=1 Z4=1 C4=1 R4=3 S4=1 Y3=1 X3=1 Z3=1 C3=1 R3=3 S3=1 Y2=1 X2=1 Z2=1 C2=1 R2=3 S2=1 Y1=1 X1=1 Z1=1 C1=1 R1=1 S1=1 Y0=1 X0=1 Z0=1 C0=1 R0=5 S0=1] IntermediateRegister[P=1 Q=1 Z7=1 C7=1 R7=1 S7=1 Y6=1 X6=1 Z6=1 C6=1 R6=1 S6=1 Y5=1 X5=1 Z5=1 C5=1 R5=1 S5=1 Y4=1 X4=1 Z4=1 C4=1 R4=1 S4=1 Y3=1 X3=1 Z3=1 C3=1 R3=1 S3=1 Y2=1 X2=1 Z2=1 C2=1 R2=1 S2=1 Y1=1 X1=1 Z1=1 C1=1 R1=1 S1=1 Y0=1 X0=1 Z0=1 C0=1 R0=1 S0=1] OutRegister[P=1 Q=1 Z7=1 C7=1 R7=1 S7=1 Y6=1 X6=1 Z6=1 C6=1 R6=1 S6=1 Y5=1 X5=1 Z5=1 C5=1 R5=1 S5=1 Y4=1 X4=1 Z4=1 C4=1 R4=1 S4=1 Y3=1 X3=1 Z3=1 C3=1 R3=1 S3=1 Y2=1 X2=1 Z2=1 C2=1 R2=1 S2=1 Y1=1 X1=1 Z1=1 C1=1 R1=1 S1=1 Y0=1 X0=1 Z0=1 C0=1 R0=1 S0=1] Compute] 
fsrcnn_8layer_2026-02-21T08:25:15.500472,fsrcnn,8layer,full,8,eyeriss,thesis_arch,1056,524,128,64,32,120,False,True,,1.585e+05,1.918e+07,3.19e+06,"(31557100392, 12312518400)",0.0018359567576631264,0.38322973251342773,DRAM[P=540 Q=8 Z7=1 C7=1 R7=1 S7=1 Y6=540 X6=8 Z6=1 C6=1 R6=1 S6=1 Y5=540 X5=8 Z5=1 C5=1 R5=1 S5=1 Y4=540 X4=8 Z4=1 C4=1 R4=1 S4=1 Y3=540 X3=8 Z3=1 C3=1 R3=1 S3=1 Y2=540 X2=8 Z2=1 C2=1 R2=1 S2=1 Y1=540 X1=8 Z1=1 C1=1 R1=1 S1=1 Y0=540 X0=8 Z0=1 C0=1 R0=1 S0=1] GlobalBuffer[P=1 Q=60 Z7=1 C7=1 R7=1 S7=1 Y6=1 X6=120 Z6=1 C6=1 R6=1 S6=1 Y5=1 X5=60 Z5=1 C5=1 R5=1 S5=1 Y4=1 X4=60 Z4=1 C4=1 R4=1 S4=1 Y3=1 X3=60 Z3=1 C3=1 R3=1 S3=1 Y2=1 X2=60 Z2=1 C2=1 R2=1 S2=1 Y1=1 X1=60 Z1=1 C1=1 R1=1 S1=1 Y0=1 X0=120 Z0=1 C0=1 R0=1 S0=1] SACols[Q=2 Z7=16] SARows[S7=3 C7=14 Z7=1] SACols_6[X6=1 Z6=28] SARows_6[S6=1 C6=12 Z6=2] SACols_5[X5=2 Z5=12] SARows_5[S5=3 C5=12 Z5=1] SACols_4[X4=2 Z4=12] SARows_4[S4=3 C4=12 Z4=1] SACols_3[X3=2 Z3=12] SARows_3[S3=3 C3=12 Z3=1] SACols_2[X2=2 Z2=12] SARows_2[S2=3 C2=12 Z2=1] SACols_1[X1=2 Z1=12] SARows_1[S1=1 C1=56 Z1=1] SACols_0[X0=1 Z0=28] SARows_0[S0=5 C0=3 Z0=2] InRegister[P=1 Q=1 Z7=1 C7=1 R7=1 S7=1 Y6=1 X6=1 Z6=1 C6=1 R6=1 S6=1 Y5=1 X5=1 Z5=1 C5=1 R5=1 S5=1 Y4=1 X4=1 Z4=1 C4=1 R4=1 S4=1 Y3=1 X3=1 Z3=1 C3=1 R3=1 S3=1 Y2=1 X2=1 Z2=1 C2=1 R2=1 S2=1 Y1=1 X1=1 Z1=1 C1=1 R1=1 S1=1 Y0=1 X0=1 Z0=1 C0=1 R0=1 S0=1] WRegister[P=1 Q=1 Z7=1 C7=4 R7=3 S7=1 Y6=1 X6=1 Z6=1 C6=1 R6=1 S6=1 Y5=1 X5=1 Z5=1 C5=1 R5=3 S5=1 Y4=1 X4=1 Z4=1 C4=1 R4=3 S4=1 Y3=1 X3=1 Z3=1 C3=1 R3=3 S3=1 Y2=1 X2=1 Z2=1 C2=1 R2=3 S2=1 Y1=1 X1=1 Z1=1 C1=1 R1=1 S1=1 Y0=1 X0=1 Z0=1 C0=1 R0=5 S0=1] IntermediateRegister[P=1 Q=1 Z7=1 C7=1 R7=1 S7=1 Y6=1 X6=1 Z6=1 C6=1 R6=1 S6=1 Y5=1 X5=1 Z5=1 C5=1 R5=1 S5=1 Y4=1 X4=1 Z4=1 C4=1 R4=1 S4=1 Y3=1 X3=1 Z3=1 C3=1 R3=1 S3=1 Y2=1 X2=1 Z2=1 C2=1 R2=1 S2=1 Y1=1 X1=1 Z1=1 C1=1 R1=1 S1=1 Y0=1 X0=1 Z0=1 C0=1 R0=1 S0=1] OutRegister[P=1 Q=1 Z7=1 C7=1 R7=1 S7=1 Y6=1 X6=1 Z6=1 C6=1 R6=1 S6=1 Y5=1 X5=1 Z5=1 C5=1 R5=1 S5=1 Y4=1 X4=1 Z4=1 C4=1 R4=1 S4=1 Y3=1 X3=1 Z3=1 C3=1 R3=1 S3=1 Y2=1 X2=1 Z2=1 C2=1 R2=1 S2=1 Y1=1 X1=1 Z1=1 C1=1 R1=1 S1=1 Y0=1 X0=1 Z0=1 C0=1 R0=1 S0=1] Compute] 
fsrcnn_8layer_2026-02-21T08:25:16.589945,fsrcnn,8layer,full,8,eyeriss,thesis_arch,1056,524,128,64,64,120,False,True,,1.585e+05,1.918e+07,3.19e+06,"(31557100392, 12312518400)",0.0014007238446526538,0.3133890628814697,DRAM[P=540 Q=8 Z7=1 C7=1 R7=1 S7=1 Y6=540 X6=8 Z6=1 C6=1 R6=1 S6=1 Y5=540 X5=8 Z5=1 C5=1 R5=1 S5=1 Y4=540 X4=8 Z4=1 C4=1 R4=1 S4=1 Y3=540 X3=8 Z3=1 C3=1 R3=1 S3=1 Y2=540 X2=8 Z2=1 C2=1 R2=1 S2=1 Y1=540 X1=8 Z1=1 C1=1 R1=1 S1=1 Y0=540 X0=8 Z0=1 C0=1 R0=1 S0=1] GlobalBuffer[P=1 Q=30 Z7=1 C7=1 R7=1 S7=1 Y6=1 X6=120 Z6=1 C6=1 R6=1 S6=1 Y5=1 X5=24 Z5=1 C5=1 R5=1 S5=1 Y4=1 X4=24 Z4=1 C4=1 R4=1 S4=1 Y3=1 X3=24 Z3=1 C3=1 R3=1 S3=1 Y2=1 X2=24 Z2=1 C2=1 R2=1 S2=1 Y1=1 X1=24 Z1=1 C1=1 R1=1 S1=1 Y0=1 X0=120 Z0=1 C0=1 R0=1 S0=1] SACols[Q=4 Z7=16] SARows[S7=3 C7=14 Z7=1] SACols_6[X6=1 Z6=56] SARows_6[S6=1 C6=12 Z6=1] SACols_5[X5=5 Z5=12] SARows_5[S5=3 C5=12 Z5=1] SACols_4[X4=5 Z4=12] SARows_4[S4=3 C4=12 Z4=1] SACols_3[X3=5 Z3=12] SARows_3[S3=3 C3=12 Z3=1] SACols_2[X2=5 Z2=12] SARows_2[S2=3 C2=12 Z2=1] SACols_1[X1=5 Z1=12] SARows_1[S1=1 C1=56 Z1=1] SACols_0[X0=1 Z0=56] SARows_0[S0=5 C0=3 Z0=1] InRegister[P=1 Q=1 Z7=1 C7=1 R7=1 S7=1 Y6=1 X6=1 Z6=1 C6=1 R6=1 S6=1 Y5=1 X5=1 Z5=1 C5=1 R5=1 S5=1 Y4=1 X4=1 Z4=1 C4=1 R4=1 S4=1 Y3=1 X3=1 Z3=1 C3=1 R3=1 S3=1 Y2=1 X2=1 Z2=1 C2=1 R2=1 S2=1 Y1=1 X1=1 Z1=1 C1=1 R1=1 S1=1 Y0=1 X0=1 Z0=1 C0=1 R0=1 S0=1] WRegister[P=1 Q=1 Z7=1 C7=4 R7=3 S7=1 Y6=1 X6=1 Z6=1 C6=1 R6=1 S6=1 Y5=1 X5=1 Z5=1 C5=1 R5=3 S5=1 Y4=1 X4=1 Z4=1 C4=1 R4=3 S4=1 Y3=1 X3=1 Z3=1 C3=1 R3=3 S3=1 Y2=1 X2=1 Z2=1 C2=1 R2=3 S2=1 Y1=1 X1=1 Z1=1 C1=1 R1=1 S1=1 Y0=1 X0=1 Z0=1 C0=1 R0=5 S0=1] IntermediateRegister[P=1 Q=1 Z7=1 C7=1 R7=1 S7=1 Y6=1 X6=1 Z6=1 C6=1 R6=1 S6=1 Y5=1 X5=1 Z5=1 C5=1 R5=1 S5=1 Y4=1 X4=1 Z4=1 C4=1 R4=1 S4=1 Y3=1 X3=1 Z3=1 C3=1 R3=1 S3=1 Y2=1 X2=1 Z2=1 C2=1 R2=1 S2=1 Y1=1 X1=1 Z1=1 C1=1 R1=1 S1=1 Y0=1 X0=1 Z0=1 C0=1 R0=1 S0=1] OutRegister[P=1 Q=1 Z7=1 C7=1 R7=1 S7=1 Y6=1 X6=1 Z6=1 C6=1 R6=1 S6=1 Y5=1 X5=1 Z5=1 C5=1 R5=1 S5=1 Y4=1 X4=1 Z4=1 C4=1 R4=1 S4=1 Y3=1 X3=1 Z3=1 C3=1 R3=1 S3=1 Y2=1 X2=1 Z2=1 C2=1 R2=1 S2=1 Y1=1 X1=1 Z1=1 C1=1 R1=1 S1=1 Y0=1 X0=1 Z0=1 C0=1 R0=1 S0=1] Compute] 
fsrcnn_8layer_2026-02-21T08:25:17.768351,fsrcnn,8layer,full,8,eyeriss,thesis_arch,1056,524,128,64,128,120,False,True,,1.585e+05,1.889e+07,3.14e+06,"(31557100392, 12312518400)",0.0014007238446526538,0.4487791061401367,DRAM[P=540 Q=8 Z7=1 C7=1 R7=1 S7=1 Y6=540 X6=8 Z6=1 C6=1 R6=1 S6=1 Y5=540 X5=8 Z5=1 C5=1 R5=1 S5=1 Y4=540 X4=8 Z4=1 C4=1 R4=1 S4=1 Y3=540 X3=8 Z3=1 C3=1 R3=1 S3=1 Y2=540 X2=8 Z2=1 C2=1 R2=1 S2=1 Y1=540 X1=8 Z1=1 C1=1 R1=1 S1=1 Y0=540 X0=8 Z0=1 C0=1 R0=1 S0=1] GlobalBuffer[P=1 Q=15 Z7=1 C7=1 R7=1 S7=1 Y6=1 X6=60 Z6=1 C6=1 R6=1 S6=1 Y5=1 X5=12 Z5=1 C5=1 R5=1 S5=1 Y4=1 X4=12 Z4=1 C4=1 R4=1 S4=1 Y3=1 X3=12 Z3=1 C3=1 R3=1 S3=1 Y2=1 X2=12 Z2=1 C2=1 R2=1 S2=1 Y1=1 X1=12 Z1=1 C1=1 R1=1 S1=1 Y0=1 X0=60 Z0=1 C0=1 R0=1 S0=1] SACols[Q=8 Z7=16] SARows[S7=3 C7=14 Z7=1] SACols_6[X6=2 Z6=56] SARows_6[S6=1 C6=12 Z6=1] SACols_5[X5=10 Z5=12] SARows_5[S5=3 C5=12 Z5=1] SACols_4[X4=10 Z4=12] SARows_4[S4=3 C4=12 Z4=1] SACols_3[X3=10 Z3=12] SARows_3[S3=3 C3=12 Z3=1] SACols_2[X2=10 Z2=12] SARows_2[S2=3 C2=12 Z2=1] SACols_1[X1=10 Z1=12] SARows_1[S1=1 C1=56 Z1=1] SACols_0[X0=2 Z0=56] SARows_0[S0=5 C0=3 Z0=1] InRegister[P=1 Q=1 Z7=1 C7=1 R7=1 S7=1 Y6=1 X6=1 Z6=1 C6=1 R6=1 S6=1 Y5=1 X5=1 Z5=1 C5=1 R5=1 S5=1 Y4=1 X4=1 Z4=1 C4=1 R4=1 S4=1 Y3=1 X3=1 Z3=1 C3=1 R3=1 S3=1 Y2=1 X2=1 Z2=1 C2=1 R2=1 S2=1 Y1=1 X1=1 Z1=1 C1=1 R1=1 S1=1 Y0=1 X0=1 Z0=1 C0=1 R0=1 S0=1] WRegister[P=1 Q=1 Z7=1 C7=4 R7=3 S7=1 Y6=1 X6=1 Z6=1 C6=1 R6=1 S6=1 Y5=1 X5=1 Z5=1 C5=1 R5=3 S5=1 Y4=1 X4=1 Z4=1 C4=1 R4=3 S4=1 Y3=1 X3=1 Z3=1 C3=1 R3=3 S3=1 Y2=1 X2=1 Z2=1 C2=1 R2=3 S2=1 Y1=1 X1=1 Z1=1 C1=1 R1=1 S1=1 Y0=1 X0=1 Z0=1 C0=1 R0=5 S0=1] IntermediateRegister[P=1 Q=1 Z7=1 C7=1 R7=1 S7=1 Y6=1 X6=1 Z6=1 C6=1 R6=1 S6=1 Y5=1 X5=1 Z5=1 C5=1 R5=1 S5=1 Y4=1 X4=1 Z4=1 C4=1 R4=1 S4=1 Y3=1 X3=1 Z3=1 C3=1 R3=1 S3=1 Y2=1 X2=1 Z2=1 C2=1 R2=1 S2=1 Y1=1 X1=1 Z1=1 C1=1 R1=1 S1=1 Y0=1 X0=1 Z0=1 C0=1 R0=1 S0=1] OutRegister[P=1 Q=1 Z7=1 C7=1 R7=1 S7=1 Y6=1 X6=1 Z6=1 C6=1 R6=1 S6=1 Y5=1 X5=1 Z5=1 C5=1 R5=1 S5=1 Y4=1 X4=1 Z4=1 C4=1 R4=1 S4=1 Y3=1 X3=1 Z3=1 C3=1 R3=1 S3=1 Y2=1 X2=1 Z2=1 C2=1 R2=1 S2=1 Y1=1 X1=1 Z1=1 C1=1 R1=1 S1=1 Y0=1 X0=1 Z0=1 C0=1 R0=1 S0=1] Compute] 
fsrcnn_8layer_2026-02-21T08:25:19.128278,fsrcnn,8layer,full,8,eyeriss,thesis_arch,1056,524,128,64,256,120,False,True,,1.585e+05,1.889e+07,3.14e+06,"(31557100392, 12312518400)",0.001313178604361863,0.37528562545776367,DRAM[P=540 Q=8 Z7=1 C7=1 R7=1 S7=1 Y6=540 X6=8 Z6=1 C6=1 R6=1 S6=1 Y5=540 X5=8 Z5=1 C5=1 R5=1 S5=1 Y4=540 X4=8 Z4=1 C4=1 R4=1 S4=1 Y3=540 X3=8 Z3=1 C3=1 R3=1 S3=1 Y2=540 X2=8 Z2=1 C2=1 R2=1 S2=1 Y1=540 X1=8 Z1=1 C1=1 R1=1 S1=1 Y0=540 X0=8 Z0=1 C0=1 R0=1 S0=1] GlobalBuffer[P=1 Q=8 Z7=1 C7=1 R7=1 S7=1 Y6=1 X6=30 Z6=1 C6=1 R6=1 S6=1 Y5=1 X5=6 Z5=1 C5=1 R5=1 S5=1 Y4=1 X4=6 Z4=1 C4=1 R4=1 S4=1 Y3=1 X3=6 Z3=1 C3=1 R3=1 S3=1 Y2=1 X2=6 Z2=1 C2=1 R2=1 S2=1 Y1=1 X1=6 Z1=1 C1=1 R1=1 S1=1 Y0=1 X0=30 Z0=1 C0=1 R0=1 S0=1] SACols[Q=15 Z7=16] SARows[S7=3 C7=14 Z7=1] SACols_6[X6=4 Z6=56] SARows_6[S6=1 C6=12 Z6=1] SACols_5[X5=20 Z5=12] SARows_5[S5=3 C5=12 Z5=1] SACols_4[X4=20 Z4=12] SARows_4[S4=3 C4=12 Z4=1] SACols_3[X3=20 Z3=12] SARows_3[S3=3 C3=12 Z3=1] SACols_2[X2=20 Z2=12] SARows_2[S2=3 C2=12 Z2=1] SACols_1[X1=20 Z1=12] SARows_1[S1=1 C1=56 Z1=1] SACols_0[X0=4 Z0=56] SARows_0[S0=5 C0=3 Z0=1] InRegister[P=1 Q=1 Z7=1 C7=1 R7=1 S7=1 Y6=1 X6=1 Z6=1 C6=1 R6=1 S6=1 Y5=1 X5=1 Z5=1 C5=1 R5=1 S5=1 Y4=1 X4=1 Z4=1 C4=1 R4=1 S4=1 Y3=1 X3=1 Z3=1 C3=1 R3=1 S3=1 Y2=1 X2=1 Z2=1 C2=1 R2=1 S2=1 Y1=1 X1=1 Z1=1 C1=1 R1=1 S1=1 Y0=1 X0=1 Z0=1 C0=1 R0=1 S0=1] WRegister[P=1 Q=1 Z7=1 C7=4 R7=3 S7=1 Y6=1 X6=1 Z6=1 C6=1 R6=1 S6=1 Y5=1 X5=1 Z5=1 C5=1 R5=3 S5=1 Y4=1 X4=1 Z4=1 C4=1 R4=3 S4=1 Y3=1 X3=1 Z3=1 C3=1 R3=3 S3=1 Y2=1 X2=1 Z2=1 C2=1 R2=3 S2=1 Y1=1 X1=1 Z1=1 C1=1 R1=1 S1=1 Y0=1 X0=1 Z0=1 C0=1 R0=5 S0=1] IntermediateRegister[P=1 Q=1 Z7=1 C7=1 R7=1 S7=1 Y6=1 X6=1 Z6=1 C6=1 R6=1 S6=1 Y5=1 X5=1 Z5=1 C5=1 R5=1 S5=1 Y4=1 X4=1 Z4=1 C4=1 R4=1 S4=1 Y3=1 X3=1 Z3=1 C3=1 R3=1 S3=1 Y2=1 X2=1 Z2=1 C2=1 R2=1 S2=1 Y1=1 X1=1 Z1=1 C1=1 R1=1 S1=1 Y0=1 X0=1 Z0=1 C0=1 R0=1 S0=1] OutRegister[P=1 Q=1 Z7=1 C7=1 R7=1 S7=1 Y6=1 X6=1 Z6=1 C6=1 R6=1 S6=1 Y5=1 X5=1 Z5=1 C5=1 R5=1 S5=1 Y4=1 X4=1 Z4=1 C4=1 R4=1 S4=1 Y3=1 X3=1 Z3=1 C3=1 R3=1 S3=1 Y2=1 X2=1 Z2=1 C2=1 R2=1 S2=1 Y1=1 X1=1 Z1=1 C1=1 R1=1 S1=1 Y0=1 X0=1 Z0=1 C0=1 R0=1 S0=1] Compute] 
fsrcnn_8layer_2026-02-21T08:25:20.619644,fsrcnn,8layer,full,8,eyeriss,thesis_arch,1056,524,128,128,4,120,False,True,,1.539e+05,2.825e+07,4.46e+06,"(30062034792, 12094790400)",0.07833415499362673,0.4349343776702881,DRAM[P=540 Q=8 Z7=1 C7=1 R7=1 S7=1 Y6=540 X6=8 Z6=1 C6=1 R6=1 S6=1 Y5=540 X5=8 Z5=1 C5=1 R5=1 S5=1 Y4=540 X4=8 Z4=1 C4=1 R4=1 S4=1 Y3=540 X3=8 Z3=1 C3=1 R3=1 S3=1 Y2=540 X2=8 Z2=1 C2=1 R2=1 S2=1 Y1=540 X1=8 Z1=1 C1=1 R1=1 S1=1 Y0=540 X0=8 Z0=1 C0=1 R0=1 S0=1] GlobalBuffer[P=1 Q=120 Z7=1 C7=1 R7=1 S7=1 Y6=1 X6=120 Z6=1 C6=1 R6=1 S6=1 Y5=1 X5=120 Z5=1 C5=1 R5=1 S5=1 Y4=1 X4=120 Z4=1 C4=1 R4=1 S4=1 Y3=1 X3=120 Z3=1 C3=1 R3=1 S3=1 Y2=1 X2=120 Z2=1 C2=1 R2=1 S2=1 Y1=1 X1=120 Z1=1 C1=1 R1=1 S1=1 Y0=1 X0=120 Z0=1 C0=1 R0=1 S0=1] SACols[Q=1 Z7=4] SARows[S7=3 C7=28 Z7=1] SACols_6[X6=1 Z6=4] SARows_6[S6=1 C6=12 Z6=7] SACols_5[X5=1 Z5=4] SARows_5[S5=3 C5=12 Z5=3] SACols_4[X4=1 Z4=4] SARows_4[S4=3 C4=12 Z4=3] SACols_3[X3=1 Z3=4] SARows_3[S3=3 C3=12 Z3=3] SACols_2[X2=1 Z2=4] SARows_2[S2=3 C2=12 Z2=3] SACols_1[X1=1 Z1=4] SARows_1[S1=1 C1=56 Z1=1] SACols_0[X0=1 Z0=4] SARows_0[S0=5 C0=3 Z0=7] InRegister[P=1 Q=1 Z7=1 C7=1 R7=1 S7=1 Y6=1 X6=1 Z6=1 C6=1 R6=1 S6=1 Y5=1 X5=1 Z5=1 C5=1 R5=1 S5=1 Y4=1 X4=1 Z4=1 C4=1 R4=1 S4=1 Y3=1 X3=1 Z3=1 C3=1 R3=1 S3=1 Y2=1 X2=1 Z2=1 C2=1 R2=1 S2=1 Y1=1 X1=1 Z1=1 C1=1 R1=1 S1=1 Y0=1 X0=1 Z0=1 C0=1 R0=1 S0=1] WRegister[P=1 Q=1 Z7=1 C7=2 R7=3 S7=1 Y6=1 X6=1 Z6=1 C6=1 R6=1 S6=1 Y5=1 X5=1 Z5=1 C5=1 R5=3 S5=1 Y4=1 X4=1 Z4=1 C4=1 R4=3 S4=1 Y3=1 X3=1 Z3=1 C3=1 R3=3 S3=1 Y2=1 X2=1 Z2=1 C2=1 R2=3 S2=1 Y1=1 X1=1 Z1=1 C1=1 R1=1 S1=1 Y0=1 X0=1 Z0=1 C0=1 R0=5 S0=1] IntermediateRegister[P=1 Q=1 Z7=1 C7=1 R7=1 S7=1 Y6=1 X6=1 Z6=2 C6=1 R6=1 S6=1 Y5=1 X5=1 Z5=1 C5=1 R5=1 S5=1 Y4=1 X4=1 Z4=1 C4=1 R4=1 S4=1 Y3=1 X3=1 Z3=1 C3=1 R3=1 S3=1 Y2=1 X2=1 Z2=1 C2=1 R2=1 S2=1 Y1=1 X1=1 Z1=3 C1=1 R1=1 S1=1 Y0=1 X0=1 Z0=2 C0=1 R0=1 S0=1] OutRegister[P=1 Q=1 Z7=4 C7=1 R7=1 S7=1 Y6=1 X6=1 Z6=1 C6=1 R6=1 S6=1 Y5=1 X5=1 Z5=1 C5=1 R5=1 S5=1 Y4=1 X4=1 Z4=1 C4=1 R4=1 S4=1 Y3=1 X3=1 Z3=1 C3=1 R3=1 S3=1 Y2=1 X2=1 Z2=1 C2=1 R2=1 S2=1 Y1=1 X1=1 Z1=1 C1=1 R1=1 S1=1 Y0=1 X0=1 Z0=1 C0=1 R0=1 S0=1] Compute] 
fsrcnn_8layer_2026-02-21T08:25:21.697315,fsrcnn,8layer,full,8,eyeriss,thesis_arch,1056,524,128,128,16,120,False,True,,1.585e+05,1.918e+07,3.19e+06,"(31557100392, 12312518400)",5.73736486769727e-05,0.36354756355285645,DRAM[P=540 Q=8 Z7=1 C7=1 R7=1 S7=1 Y6=540 X6=8 Z6=1 C6=1 R6=1 S6=1 Y5=540 X5=8 Z5=1 C5=1 R5=1 S5=1 Y4=540 X4=8 Z4=1 C4=1 R4=1 S4=1 Y3=540 X3=8 Z3=1 C3=1 R3=1 S3=1 Y2=540 X2=8 Z2=1 C2=1 R2=1 S2=1 Y1=540 X1=8 Z1=1 C1=1 R1=1 S1=1 Y0=540 X0=8 Z0=1 C0=1 R0=1 S0=1] GlobalBuffer[P=1 Q=120 Z7=1 C7=1 R7=1 S7=1 Y6=1 X6=120 Z6=1 C6=1 R6=1 S6=1 Y5=1 X5=120 Z5=1 C5=1 R5=1 S5=1 Y4=1 X4=120 Z4=1 C4=1 R4=1 S4=1 Y3=1 X3=120 Z3=1 C3=1 R3=1 S3=1 Y2=1 X2=120 Z2=1 C2=1 R2=1 S2=1 Y1=1 X1=120 Z1=1 C1=1 R1=1 S1=1 Y0=1 X0=120 Z0=1 C0=1 R0=1 S0=1] SACols[Q=1 Z7=16] SARows[S7=3 C7=28 Z7=1] SACols_6[X6=1 Z6=14] SARows_6[S6=1 C6=12 Z6=4] SACols_5[X5=1 Z5=12] SARows_5[S5=3 C5=12 Z5=1] SACols_4[X4=1 Z4=12] SARows_4[S4=3 C4=12 Z4=1] SACols_3[X3=1 Z3=12] SARows_3[S3=3 C3=12 Z3=1] SACols_2[X2=1 Z2=12] SARows_2[S2=3 C2=12 Z2=1] SACols_1[X1=1 Z1=12] SARows_1[S1=1 C1=56 Z1=1] SACols_0[X0=1 Z0=14] SARows_0[S0=5 C0=3 Z0=4] InRegister[P=1 Q=1 Z7=1 C7=1 R7=1 S7=1 Y6=1 X6=1 Z6=1 C6=1 R6=1 S6=1 Y5=1 X5=1 Z5=1 C5=1 R5=1 S5=1 Y4=1 X4=1 Z4=1 C4=1 R4=1 S4=1 Y3=1 X3=1 Z3=1 C3=1 R3=1 S3=1 Y2=1 X2=1 Z2=1 C2=1 R2=1 S2=1 Y1=1 X1=1 Z1=1 C1=1 R1=1 S1=1 Y0=1 X0=1 Z0=1 C0=1 R0=1 S0=1] WRegister[P=1 Q=1 Z7=1 C7=2 R7=3 S7=1 Y6=1 X6=1 Z6=1 C6=1 R6=1 S6=1 Y5=1 X5=1 Z5=1 C5=1 R5=3 S5=1 Y4=1 X4=1 Z4=1 C4=1 R4=3 S4=1 Y3=1 X3=1 Z3=1 C3=1 R3=3 S3=1 Y2=1 X2=1 Z2=1 C2=1 R2=3 S2=1 Y1=1 X1=1 Z1=1 C1=1 R1=1 S1=1 Y0=1 X0=1 Z0=1 C0=1 R0=5 S0=1] IntermediateRegister[P=1 Q=1 Z7=1 C7=1 R7=1 S7=1 Y6=1 X6=1 Z6=1 C6=1 R6=1 S6=1 Y5=1 X5=1 Z5=1 C5=1 R5=1 S5=1 Y4=1 X4=1 Z4=1 C4=1 R4=1 S4=1 Y3=1 X3=1 Z3=1 C3=1 R3=1 S3=1 Y2=1 X2=1 Z2=1 C2=1 R2=1 S2=1 Y1=1 X1=1 Z1=1 C1=1 R1=1 S1=1 Y0=1 X0=1 Z0=1 C0=1 R0=1 S0=1] OutRegister[P=1 Q=1 Z7=1 C7=1 R7=1 S7=1 Y6=1 X6=1 Z6=1 C6=1 R6=1 S6=1 Y5=1 X5=1 Z5=1 C5=1 R5=1 S5=1 Y4=1 X4=1 Z4=1 C4=1 R4=1 S4=1 Y3=1 X3=1 Z3=1 C3=1 R3=1 S3=1 Y2=1 X2=1 Z2=1 C2=1 R2=1 S2=1 Y1=1 X1=1 Z1=1 C1=1 R1=1 S1=1 Y0=1 X0=1 Z0=1 C0=1 R0=1 S0=1] Compute] 
fsrcnn_8layer_2026-02-21T08:25:22.791511,fsrcnn,8layer,full,8,eyeriss,thesis_arch,1056,524,128,128,32,120,False,True,,1.585e+05,1.918e+07,3.19e+06,"(31557100392, 12312518400)",1.4343412169243175e-05,0.2672586441040039,DRAM[P=540 Q=8 Z7=1 C7=1 R7=1 S7=1 Y6=540 X6=8 Z6=1 C6=1 R6=1 S6=1 Y5=540 X5=8 Z5=1 C5=1 R5=1 S5=1 Y4=540 X4=8 Z4=1 C4=1 R4=1 S4=1 Y3=540 X3=8 Z3=1 C3=1 R3=1 S3=1 Y2=540 X2=8 Z2=1 C2=1 R2=1 S2=1 Y1=540 X1=8 Z1=1 C1=1 R1=1 S1=1 Y0=540 X0=8 Z0=1 C0=1 R0=1 S0=1] GlobalBuffer[P=1 Q=60 Z7=1 C7=1 R7=1 S7=1 Y6=1 X6=120 Z6=1 C6=1 R6=1 S6=1 Y5=1 X5=60 Z5=1 C5=1 R5=1 S5=1 Y4=1 X4=60 Z4=1 C4=1 R4=1 S4=1 Y3=1 X3=60 Z3=1 C3=1 R3=1 S3=1 Y2=1 X2=60 Z2=1 C2=1 R2=1 S2=1 Y1=1 X1=60 Z1=1 C1=1 R1=1 S1=1 Y0=1 X0=120 Z0=1 C0=1 R0=1 S0=1] SACols[Q=2 Z7=16] SARows[S7=3 C7=28 Z7=1] SACols_6[X6=1 Z6=28] SARows_6[S6=1 C6=12 Z6=2] SACols_5[X5=2 Z5=12] SARows_5[S5=3 C5=12 Z5=1] SACols_4[X4=2 Z4=12] SARows_4[S4=3 C4=12 Z4=1] SACols_3[X3=2 Z3=12] SARows_3[S3=3 C3=12 Z3=1] SACols_2[X2=2 Z2=12] SARows_2[S2=3 C2=12 Z2=1] SACols_1[X1=2 Z1=12] SARows_1[S1=1 C1=56 Z1=1] SACols_0[X0=1 Z0=28] SARows_0[S0=5 C0=3 Z0=2] InRegister[P=1 Q=1 Z7=1 C7=1 R7=1 S7=1 Y6=1 X6=1 Z6=1 C6=1 R6=1 S6=1 Y5=1 X5=1 Z5=1 C5=1 R5=1 S5=1 Y4=1 X4=1 Z4=1 C4=1 R4=1 S4=1 Y3=1 X3=1 Z3=1 C3=1 R3=1 S3=1 Y2=1 X2=1 Z2=1 C2=1 R2=1 S2=1 Y1=1 X1=1 Z1=1 C1=1 R1=1 S1=1 Y0=1 X0=1 Z0=1 C0=1 R0=1 S0=1] WRegister[P=1 Q=1 Z7=1 C7=2 R7=3 S7=1 Y6=1 X6=1 Z6=1 C6=1 R6=1 S6=1 Y5=1 X5=1 Z5=1 C5=1 R5=3 S5=1 Y4=1 X4=1 Z4=1 C4=1 R4=3 S4=1 Y3=1 X3=1 Z3=1 C3=1 R3=3 S3=1 Y2=1 X2=1 Z2=1 C2=1 R2=3 S2=1 Y1=1 X1=1 Z1=1 C1=1 R1=1 S1=1 Y0=1 X0=1 Z0=1 C0=1 R0=5 S0=1] IntermediateRegister[P=1 Q=1 Z7=1 C7=1 R7=1 S7=1 Y6=1 X6=1 Z6=1 C6=1 R6=1 S6=1 Y5=1 X5=1 Z5=1 C5=1 R5=1 S5=1 Y4=1 X4=1 Z4=1 C4=1 R4=1 S4=1 Y3=1 X3=1 Z3=1 C3=1 R3=1 S3=1 Y2=1 X2=1 Z2=1 C2=1 R2=1 S2=1 Y1=1 X1=1 Z1=1 C1=1 R1=1 S1=1 Y0=1 X0=1 Z0=1 C0=1 R0=1 S0=1] OutRegister[P=1 Q=1 Z7=1 C7=1 R7=1 S7=1 Y6=1 X6=1 Z6=1 C6=1 R6=1 S6=1 Y5=1 X5=1 Z5=1 C5=1 R5=1 S5=1 Y4=1 X4=1 Z4=1 C4=1 R4=1 S4=1 Y3=1 X3=1 Z3=1 C3=1 R3=1 S3=1 Y2=1 X2=1 Z2=1 C2=1 R2=1 S2=1 Y1=1 X1=1 Z1=1 C1=1 R1=1 S1=1 Y0=1 X0=1 Z0=1 C0=1 R0=1 S0=1] Compute] 
fsrcnn_8layer_2026-02-21T08:25:23.762415,fsrcnn,8layer,full,8,eyeriss,thesis_arch,1056,524,128,128,64,120,False,True,,1.585e+05,1.918e+07,3.19e+06,"(31557100392, 12312518400)",1.0943155036348858e-05,0.36015987396240234,DRAM[P=540 Q=8 Z7=1 C7=1 R7=1 S7=1 Y6=540 X6=8 Z6=1 C6=1 R6=1 S6=1 Y5=540 X5=8 Z5=1 C5=1 R5=1 S5=1 Y4=540 X4=8 Z4=1 C4=1 R4=1 S4=1 Y3=540 X3=8 Z3=1 C3=1 R3=1 S3=1 Y2=540 X2=8 Z2=1 C2=1 R2=1 S2=1 Y1=540 X1=8 Z1=1 C1=1 R1=1 S1=1 Y0=540 X0=8 Z0=1 C0=1 R0=1 S0=1] GlobalBuffer[P=1 Q=30 Z7=1 C7=1 R7=1 S7=1 Y6=1 X6=120 Z6=1 C6=1 R6=1 S6=1 Y5=1 X5=24 Z5=1 C5=1 R5=1 S5=1 Y4=1 X4=24 Z4=1 C4=1 R4=1 S4=1 Y3=1 X3=24 Z3=1 C3=1 R3=1 S3=1 Y2=1 X2=24 Z2=1 C2=1 R2=1 S2=1 Y1=1 X1=24 Z1=1 C1=1 R1=1 S1=1 Y0=1 X0=120 Z0=1 C0=1 R0=1 S0=1] SACols[Q=4 Z7=16] SARows[S7=3 C7=28 Z7=1] SACols_6[X6=1 Z6=56] SARows_6[S6=1 C6=12 Z6=1] SACols_5[X5=5 Z5=12] SARows_5[S5=3 C5=12 Z5=1] SACols_4[X4=5 Z4=12] SARows_4[S4=3 C4=12 Z4=1] SACols_3[X3=5 Z3=12] SARows_3[S3=3 C3=12 Z3=1] SACols_2[X2=5 Z2=12] SARows_2[S2=3 C2=12 Z2=1] SACols_1[X1=5 Z1=12] SARows_1[S1=1 C1=56 Z1=1] SACols_0[X0=1 Z0=56] SARows_0[S0=5 C0=3 Z0=1] InRegister[P=1 Q=1 Z7=1 C7=1 R7=1 S7=1 Y6=1 X6=1 Z6=1 C6=1 R6=1 S6=1 Y5=1 X5=1 Z5=1 C5=1 R5=1 S5=1 Y4=1 X4=1 Z4=1 C4=1 R4=1 S4=1 Y3=1 X3=1 Z3=1 C3=1 R3=1 S3=1 Y2=1 X2=1 Z2=1 C2=1 R2=1 S2=1 Y1=1 X1=1 Z1=1 C1=1 R1=1 S1=1 Y0=1 X0=1 Z0=1 C0=1 R0=1 S0=1] WRegister[P=1 Q=1 Z7=1 C7=2 R7=3 S7=1 Y6=1 X6=1 Z6=1 C6=1 R6=1 S6=1 Y5=1 X5=1 Z5=1 C5=1 R5=3 S5=1 Y4=1 X4=1 Z4=1 C4=1 R4=3 S4=1 Y3=1 X3=1 Z3=1 C3=1 R3=3 S3=1 Y2=1 X2=1 Z2=1 C2=1 R2=3 S2=1 Y1=1 X1=1 Z1=1 C1=1 R1=1 S1=1 Y0=1 X0=1 Z0=1 C0=1 R0=5 S0=1] IntermediateRegister[P=1 Q=1 Z7=1 C7=1 R7=1 S7=1 Y6=1 X6=1 Z6=1 C6=1 R6=1 S6=1 Y5=1 X5=1 Z5=1 C5=1 R5=1 S5=1 Y4=1 X4=1 Z4=1 C4=1 R4=1 S4=1 Y3=1 X3=1 Z3=1 C3=1 R3=1 S3=1 Y2=1 X2=1 Z2=1 C2=1 R2=1 S2=1 Y1=1 X1=1 Z1=1 C1=1 R1=1 S1=1 Y0=1 X0=1 Z0=1 C0=1 R0=1 S0=1] OutRegister[P=1 Q=1 Z7=1 C7=1 R7=1 S7=1 Y6=1 X6=1 Z6=1 C6=1 R6=1 S6=1 Y5=1 X5=1 Z5=1 C5=1 R5=1 S5=1 Y4=1 X4=1 Z4=1 C4=1 R4=1 S4=1 Y3=1 X3=1 Z3=1 C3=1 R3=1 S3=1 Y2=1 X2=1 Z2=1 C2=1 R2=1 S2=1 Y1=1 X1=1 Z1=1 C1=1 R1=1 S1=1 Y0=1 X0=1 Z0=1 C0=1 R0=1 S0=1] Compute] 
fsrcnn_8layer_2026-02-21T08:25:24.788014,fsrcnn,8layer,full,8,eyeriss,thesis_arch,1056,524,128,128,128,120,False,True,,1.585e+05,1.889e+07,3.14e+06,"(31557100392, 12312518400)",1.0943155036348858e-05,0.25075840950012207,DRAM[P=540 Q=8 Z7=1 C7=1 R7=1 S7=1 Y6=540 X6=8 Z6=1 C6=1 R6=1 S6=1 Y5=540 X5=8 Z5=1 C5=1 R5=1 S5=1 Y4=540 X4=8 Z4=1 C4=1 R4=1 S4=1 Y3=540 X3=8 Z3=1 C3=1 R3=1 S3=1 Y2=540 X2=8 Z2=1 C2=1 R2=1 S2=1 Y1=540 X1=8 Z1=1 C1=1 R1=1 S1=1 Y0=540 X0=8 Z0=1 C0=1 R0=1 S0=1] GlobalBuffer[P=1 Q=15 Z7=1 C7=1 R7=1 S7=1 Y6=1 X6=60 Z6=1 C6=1 R6=1 S6=1 Y5=1 X5=12 Z5=1 C5=1 R5=1 S5=1 Y4=1 X4=12 Z4=1 C4=1 R4=1 S4=1 Y3=1 X3=12 Z3=1 C3=1 R3=1 S3=1 Y2=1 X2=12 Z2=1 C2=1 R2=1 S2=1 Y1=1 X1=12 Z1=1 C1=1 R1=1 S1=1 Y0=1 X0=60 Z0=1 C0=1 R0=1 S0=1] SACols[Q=8 Z7=16] SARows[S7=3 C7=28 Z7=1] SACols_6[X6=2 Z6=56] SARows_6[S6=1 C6=12 Z6=1] SACols_5[X5=10 Z5=12] SARows_5[S5=3 C5=12 Z5=1] SACols_4[X4=10 Z4=12] SARows_4[S4=3 C4=12 Z4=1] SACols_3[X3=10 Z3=12] SARows_3[S3=3 C3=12 Z3=1] SACols_2[X2=10 Z2=12] SARows_2[S2=3 C2=12 Z2=1] SACols_1[X1=10 Z1=12] SARows_1[S1=1 C1=56 Z1=1] SACols_0[X0=2 Z0=56] SARows_0[S0=5 C0=3 Z0=1] InRegister[P=1 Q=1 Z7=1 C7=1 R7=1 S7=1 Y6=1 X6=1 Z6=1 C6=1 R6=1 S6=1 Y5=1 X5=1 Z5=1 C5=1 R5=1 S5=1 Y4=1 X4=1 Z4=1 C4=1 R4=1 S4=1 Y3=1 X3=1 Z3=1 C3=1 R3=1 S3=1 Y2=1 X2=1 Z2=1 C2=1 R2=1 S2=1 Y1=1 X1=1 Z1=1 C1=1 R1=1 S1=1 Y0=1 X0=1 Z0=1 C0=1 R0=1 S0=1] WRegister[P=1 Q=1 Z7=1 C7=2 R7=3 S7=1 Y6=1 X6=1 Z6=1 C6=1 R6=1 S6=1 Y5=1 X5=1 Z5=1 C5=1 R5=3 S5=1 Y4=1 X4=1 Z4=1 C4=1 R4=3 S4=1 Y3=1 X3=1 Z3=1 C3=1 R3=3 S3=1 Y2=1 X2=1 Z2=1 C2=1 R2=3 S2=1 Y1=1 X1=1 Z1=1 C1=1 R1=1 S1=1 Y0=1 X0=1 Z0=1 C0=1 R0=5 S0=1] IntermediateRegister[P=1 Q=1 Z7=1 C7=1 R7=1 S7=1 Y6=1 X6=1 Z6=1 C6=1 R6=1 S6=1 Y5=1 X5=1 Z5=1 C5=1 R5=1 S5=1 Y4=1 X4=1 Z4=1 C4=1 R4=1 S4=1 Y3=1 X3=1 Z3=1 C3=1 R3=1 S3=1 Y2=1 X2=1 Z2=1 C2=1 R2=1 S2=1 Y1=1 X1=1 Z1=1 C1=1 R1=1 S1=1 Y0=1 X0=1 Z0=1 C0=1 R0=1 S0=1] OutRegister[P=1 Q=1 Z7=1 C7=1 R7=1 S7=1 Y6=1 X6=1 Z6=1 C6=1 R6=1 S6=1 Y5=1 X5=1 Z5=1 C5=1 R5=1 S5=1 Y4=1 X4=1 Z4=1 C4=1 R4=1 S4=1 Y3=1 X3=1 Z3=1 C3=1 R3=1 S3=1 Y2=1 X2=1 Z2=1 C2=1 R2=1 S2=1 Y1=1 X1=1 Z1=1 C1=1 R1=1 S1=1 Y0=1 X0=1 Z0=1 C0=1 R0=1 S0=1] Compute] 
fsrcnn_8layer_2026-02-21T08:25:25.607378,fsrcnn,8layer,full,8,eyeriss,thesis_arch,1056,524,128,256,4,120,False,True,,1.585e+05,1.944e+07,3.18e+06,"(31557100392, 12312518400)",0.0073438270306525055,0.6750736236572266,DRAM[P=540 Q=8 Z7=1 C7=1 R7=1 S7=1 Y6=540 X6=8 Z6=1 C6=1 R6=1 S6=1 Y5=540 X5=8 Z5=1 C5=1 R5=1 S5=1 Y4=540 X4=8 Z4=1 C4=1 R4=1 S4=1 Y3=540 X3=8 Z3=1 C3=1 R3=1 S3=1 Y2=540 X2=8 Z2=1 C2=1 R2=1 S2=1 Y1=540 X1=8 Z1=1 C1=1 R1=1 S1=1 Y0=540 X0=8 Z0=1 C0=1 R0=1 S0=1] GlobalBuffer[P=1 Q=120 Z7=1 C7=1 R7=1 S7=1 Y6=1 X6=120 Z6=1 C6=1 R6=1 S6=1 Y5=1 X5=120 Z5=1 C5=1 R5=1 S5=1 Y4=1 X4=120 Z4=1 C4=1 R4=1 S4=1 Y3=1 X3=120 Z3=1 C3=1 R3=1 S3=1 Y2=1 X2=120 Z2=1 C2=1 R2=1 S2=1 Y1=1 X1=120 Z1=1 C1=1 R1=1 S1=1 Y0=1 X0=120 Z0=1 C0=1 R0=1 S0=1] SACols[Q=1 Z7=4] SARows[S7=3 C7=56 Z7=1] SACols_6[X6=1 Z6=4] SARows_6[S6=1 C6=12 Z6=14] SACols_5[X5=1 Z5=4] SARows_5[S5=3 C5=12 Z5=3] SACols_4[X4=1 Z4=4] SARows_4[S4=3 C4=12 Z4=3] SACols_3[X3=1 Z3=4] SARows_3[S3=3 C3=12 Z3=3] SACols_2[X2=1 Z2=4] SARows_2[S2=3 C2=12 Z2=3] SACols_1[X1=1 Z1=4] SARows_1[S1=1 C1=56 Z1=3] SACols_0[X0=1 Z0=4] SARows_0[S0=5 C0=3 Z0=14] InRegister[P=1 Q=1 Z7=1 C7=1 R7=1 S7=1 Y6=1 X6=1 Z6=1 C6=1 R6=1 S6=1 Y5=1 X5=1 Z5=1 C5=1 R5=1 S5=1 Y4=1 X4=1 Z4=1 C4=1 R4=1 S4=1 Y3=1 X3=1 Z3=1 C3=1 R3=1 S3=1 Y2=1 X2=1 Z2=1 C2=1 R2=1 S2=1 Y1=1 X1=1 Z1=1 C1=1 R1=1 S1=1 Y0=1 X0=1 Z0=1 C0=1 R0=1 S0=1] WRegister[P=1 Q=1 Z7=1 C7=1 R7=3 S7=1 Y6=1 X6=1 Z6=1 C6=1 R6=1 S6=1 Y5=1 X5=1 Z5=1 C5=1 R5=3 S5=1 Y4=1 X4=1 Z4=1 C4=1 R4=3 S4=1 Y3=1 X3=1 Z3=1 C3=1 R3=3 S3=1 Y2=1 X2=1 Z2=1 C2=1 R2=3 S2=1 Y1=1 X1=1 Z1=1 C1=1 R1=1 S1=1 Y0=1 X0=1 Z0=1 C0=1 R0=5 S0=1] IntermediateRegister[P=1 Q=1 Z7=1 C7=1 R7=1 S7=1 Y6=1 X6=1 Z6=1 C6=1 R6=1 S6=1 Y5=1 X5=1 Z5=1 C5=1 R5=1 S5=1 Y4=1 X4=1 Z4=1 C4=1 R4=1 S4=1 Y3=1 X3=1 Z3=1 C3=1 R3=1 S3=1 Y2=1 X2=1 Z2=1 C2=1 R2=1 S2=1 Y1=1 X1=1 Z1=1 C1=1 R1=1 S1=1 Y0=1 X0=1 Z0=1 C0=1 R0=1 S0=1] OutRegister[P=1 Q=1 Z7=4 C7=1 R7=1 S7=1 Y6=1 X6=1 Z6=1 C6=1 R6=1 S6=1 Y5=1 X5=1 Z5=1 C5=1 R5=1 S5=1 Y4=1 X4=1 Z4=1 C4=1 R4=1 S4=1 Y3=1 X3=1 Z3=1 C3=1 R3=1 S3=1 Y2=1 X2=1 Z2=1 C2=1 R2=1 S2=1 Y1=1 X1=1 Z1=1 C1=1 R1=1 S1=1 Y0=1 X0=1 Z0=1 C0=1 R0=1 S0=1] Compute] 
fsrcnn_8layer_2026-02-21T08:25:26.915447,fsrcnn,8layer,full,8,eyeriss,thesis_arch,1056,524,128,256,16,120,False,True,,1.585e+05,1.918e+07,3.19e+06,"(31557100392, 12312518400)",4.482316302888492e-07,0.2894105911254883,DRAM[P=540 Q=8 Z7=1 C7=1 R7=1 S7=1 Y6=540 X6=8 Z6=1 C6=1 R6=1 S6=1 Y5=540 X5=8 Z5=1 C5=1 R5=1 S5=1 Y4=540 X4=8 Z4=1 C4=1 R4=1 S4=1 Y3=540 X3=8 Z3=1 C3=1 R3=1 S3=1 Y2=540 X2=8 Z2=1 C2=1 R2=1 S2=1 Y1=540 X1=8 Z1=1 C1=1 R1=1 S1=1 Y0=540 X0=8 Z0=1 C0=1 R0=1 S0=1] GlobalBuffer[P=1 Q=120 Z7=1 C7=1 R7=1 S7=1 Y6=1 X6=120 Z6=1 C6=1 R6=1 S6=1 Y5=1 X5=120 Z5=1 C5=1 R5=1 S5=1 Y4=1 X4=120 Z4=1 C4=1 R4=1 S4=1 Y3=1 X3=120 Z3=1 C3=1 R3=1 S3=1 Y2=1 X2=120 Z2=1 C2=1 R2=1 S2=1 Y1=1 X1=120 Z1=1 C1=1 R1=1 S1=1 Y0=1 X0=120 Z0=1 C0=1 R0=1 S0=1] SACols[Q=1 Z7=16] SARows[S7=3 C7=56 Z7=1] SACols_6[X6=1 Z6=14] SARows_6[S6=1 C6=12 Z6=4] SACols_5[X5=1 Z5=12] SARows_5[S5=3 C5=12 Z5=1] SACols_4[X4=1 Z4=12] SARows_4[S4=3 C4=12 Z4=1] SACols_3[X3=1 Z3=12] SARows_3[S3=3 C3=12 Z3=1] SACols_2[X2=1 Z2=12] SARows_2[S2=3 C2=12 Z2=1] SACols_1[X1=1 Z1=12] SARows_1[S1=1 C1=56 Z1=1] SACols_0[X0=1 Z0=14] SARows_0[S0=5 C0=3 Z0=4] InRegister[P=1 Q=1 Z7=1 C7=1 R7=1 S7=1 Y6=1 X6=1 Z6=1 C6=1 R6=1 S6=1 Y5=1 X5=1 Z5=1 C5=1 R5=1 S5=1 Y4=1 X4=1 Z4=1 C4=1 R4=1 S4=1 Y3=1 X3=1 Z3=1 C3=1 R3=1 S3=1 Y2=1 X2=1 Z2=1 C2=1 R2=1 S2=1 Y1=1 X1=1 Z1=1 C1=1 R1=1 S1=1 Y0=1 X0=1 Z0=1 C0=1 R0=1 S0=1] WRegister[P=1 Q=1 Z7=1 C7=1 R7=3 S7=1 Y6=1 X6=1 Z6=1 C6=1 R6=1 S6=1 Y5=1 X5=1 Z5=1 C5=1 R5=3 S5=1 Y4=1 X4=1 Z4=1 C4=1 R4=3 S4=1 Y3=1 X3=1 Z3=1 C3=1 R3=3 S3=1 Y2=1 X2=1 Z2=1 C2=1 R2=3 S2=1 Y1=1 X1=1 Z1=1 C1=1 R1=1 S1=1 Y0=1 X0=1 Z0=1 C0=1 R0=5 S0=1] IntermediateRegister[P=1 Q=1 Z7=1 C7=1 R7=1 S7=1 Y6=1 X6=1 Z6=1 C6=1 R6=1 S6=1 Y5=1 X5=1 Z5=1 C5=1 R5=1 S5=1 Y4=1 X4=1 Z4=1 C4=1 R4=1 S4=1 Y3=1 X3=1 Z3=1 C3=1 R3=1 S3=1 Y2=1 X2=1 Z2=1 C2=1 R2=1 S2=1 Y1=1 X1=1 Z1=1 C1=1 R1=1 S1=1 Y0=1 X0=1 Z0=1 C0=1 R0=1 S0=1] OutRegister[P=1 Q=1 Z7=1 C7=1 R7=1 S7=1 Y6=1 X6=1 Z6=1 C6=1 R6=1 S6=1 Y5=1 X5=1 Z5=1 C5=1 R5=1 S5=1 Y4=1 X4=1 Z4=1 C4=1 R4=1 S4=1 Y3=1 X3=1 Z3=1 C3=1 R3=1 S3=1 Y2=1 X2=1 Z2=1 C2=1 R2=1 S2=1 Y1=1 X1=1 Z1=1 C1=1 R1=1 S1=1 Y0=1 X0=1 Z0=1 C0=1 R0=1 S0=1] Compute] 
fsrcnn_8layer_2026-02-21T08:25:27.730895,fsrcnn,8layer,full,8,eyeriss,thesis_arch,1056,524,128,256,32,120,False,True,,1.585e+05,1.918e+07,3.19e+06,"(31557100392, 12312518400)",1.120579075722123e-07,0.46224093437194824,DRAM[P=540 Q=8 Z7=1 C7=1 R7=1 S7=1 Y6=540 X6=8 Z6=1 C6=1 R6=1 S6=1 Y5=540 X5=8 Z5=1 C5=1 R5=1 S5=1 Y4=540 X4=8 Z4=1 C4=1 R4=1 S4=1 Y3=540 X3=8 Z3=1 C3=1 R3=1 S3=1 Y2=540 X2=8 Z2=1 C2=1 R2=1 S2=1 Y1=540 X1=8 Z1=1 C1=1 R1=1 S1=1 Y0=540 X0=8 Z0=1 C0=1 R0=1 S0=1] GlobalBuffer[P=1 Q=60 Z7=1 C7=1 R7=1 S7=1 Y6=1 X6=120 Z6=1 C6=1 R6=1 S6=1 Y5=1 X5=60 Z5=1 C5=1 R5=1 S5=1 Y4=1 X4=60 Z4=1 C4=1 R4=1 S4=1 Y3=1 X3=60 Z3=1 C3=1 R3=1 S3=1 Y2=1 X2=60 Z2=1 C2=1 R2=1 S2=1 Y1=1 X1=60 Z1=1 C1=1 R1=1 S1=1 Y0=1 X0=120 Z0=1 C0=1 R0=1 S0=1] SACols[Q=2 Z7=16] SARows[S7=3 C7=56 Z7=1] SACols_6[X6=1 Z6=28] SARows_6[S6=1 C6=12 Z6=2] SACols_5[X5=2 Z5=12] SARows_5[S5=3 C5=12 Z5=1] SACols_4[X4=2 Z4=12] SARows_4[S4=3 C4=12 Z4=1] SACols_3[X3=2 Z3=12] SARows_3[S3=3 C3=12 Z3=1] SACols_2[X2=2 Z2=12] SARows_2[S2=3 C2=12 Z2=1] SACols_1[X1=2 Z1=12] SARows_1[S1=1 C1=56 Z1=1] SACols_0[X0=1 Z0=28] SARows_0[S0=5 C0=3 Z0=2] InRegister[P=1 Q=1 Z7=1 C7=1 R7=1 S7=1 Y6=1 X6=1 Z6=1 C6=1 R6=1 S6=1 Y5=1 X5=1 Z5=1 C5=1 R5=1 S5=1 Y4=1 X4=1 Z4=1 C4=1 R4=1 S4=1 Y3=1 X3=1 Z3=1 C3=1 R3=1 S3=1 Y2=1 X2=1 Z2=1 C2=1 R2=1 S2=1 Y1=1 X1=1 Z1=1 C1=1 R1=1 S1=1 Y0=1 X0=1 Z0=1 C0=1 R0=1 S0=1] WRegister[P=1 Q=1 Z7=1 C7=1 R7=3 S7=1 Y6=1 X6=1 Z6=1 C6=1 R6=1 S6=1 Y5=1 X5=1 Z5=1 C5=1 R5=3 S5=1 Y4=1 X4=1 Z4=1 C4=1 R4=3 S4=1 Y3=1 X3=1 Z3=1 C3=1 R3=3 S3=1 Y2=1 X2=1 Z2=1 C2=1 R2=3 S2=1 Y1=1 X1=1 Z1=1 C1=1 R1=1 S1=1 Y0=1 X0=1 Z0=1 C0=1 R0=5 S0=1] IntermediateRegister[P=1 Q=1 Z7=1 C7=1 R7=1 S7=1 Y6=1 X6=1 Z6=1 C6=1 R6=1 S6=1 Y5=1 X5=1 Z5=1 C5=1 R5=1 S5=1 Y4=1 X4=1 Z4=1 C4=1 R4=1 S4=1 Y3=1 X3=1 Z3=1 C3=1 R3=1 S3=1 Y2=1 X2=1 Z2=1 C2=1 R2=1 S2=1 Y1=1 X1=1 Z1=1 C1=1 R1=1 S1=1 Y0=1 X0=1 Z0=1 C0=1 R0=1 S0=1] OutRegister[P=1 Q=1 Z7=1 C7=1 R7=1 S7=1 Y6=1 X6=1 Z6=1 C6=1 R6=1 S6=1 Y5=1 X5=1 Z5=1 C5=1 R5=1 S5=1 Y4=1 X4=1 Z4=1 C4=1 R4=1 S4=1 Y3=1 X3=1 Z3=1 C3=1 R3=1 S3=1 Y2=1 X2=1 Z2=1 C2=1 R2=1 S2=1 Y1=1 X1=1 Z1=1 C1=1 R1=1 S1=1 Y0=1 X0=1 Z0=1 C0=1 R0=1 S0=1] Compute] 
fsrcnn_8layer_2026-02-21T08:25:28.987351,fsrcnn,8layer,full,8,eyeriss,thesis_arch,1056,524,128,256,64,120,False,True,,1.585e+05,1.918e+07,3.19e+06,"(31557100392, 12312518400)",8.549339872147545e-08,0.41762804985046387,DRAM[P=540 Q=8 Z7=1 C7=1 R7=1 S7=1 Y6=540 X6=8 Z6=1 C6=1 R6=1 S6=1 Y5=540 X5=8 Z5=1 C5=1 R5=1 S5=1 Y4=540 X4=8 Z4=1 C4=1 R4=1 S4=1 Y3=540 X3=8 Z3=1 C3=1 R3=1 S3=1 Y2=540 X2=8 Z2=1 C2=1 R2=1 S2=1 Y1=540 X1=8 Z1=1 C1=1 R1=1 S1=1 Y0=540 X0=8 Z0=1 C0=1 R0=1 S0=1] GlobalBuffer[P=1 Q=30 Z7=1 C7=1 R7=1 S7=1 Y6=1 X6=120 Z6=1 C6=1 R6=1 S6=1 Y5=1 X5=24 Z5=1 C5=1 R5=1 S5=1 Y4=1 X4=24 Z4=1 C4=1 R4=1 S4=1 Y3=1 X3=24 Z3=1 C3=1 R3=1 S3=1 Y2=1 X2=24 Z2=1 C2=1 R2=1 S2=1 Y1=1 X1=24 Z1=1 C1=1 R1=1 S1=1 Y0=1 X0=120 Z0=1 C0=1 R0=1 S0=1] SACols[Q=4 Z7=16] SARows[S7=3 C7=56 Z7=1] SACols_6[X6=1 Z6=56] SARows_6[S6=1 C6=12 Z6=1] SACols_5[X5=5 Z5=12] SARows_5[S5=3 C5=12 Z5=1] SACols_4[X4=5 Z4=12] SARows_4[S4=3 C4=12 Z4=1] SACols_3[X3=5 Z3=12] SARows_3[S3=3 C3=12 Z3=1] SACols_2[X2=5 Z2=12] SARows_2[S2=3 C2=12 Z2=1] SACols_1[X1=5 Z1=12] SARows_1[S1=1 C1=56 Z1=1] SACols_0[X0=1 Z0=56] SARows_0[S0=5 C0=3 Z0=1] InRegister[P=1 Q=1 Z7=1 C7=1 R7=1 S7=1 Y6=1 X6=1 Z6=1 C6=1 R6=1 S6=1 Y5=1 X5=1 Z5=1 C5=1 R5=1 S5=1 Y4=1 X4=1 Z4=1 C4=1 R4=1 S4=1 Y3=1 X3=1 Z3=1 C3=1 R3=1 S3=1 Y2=1 X2=1 Z2=1 C2=1 R2=1 S2=1 Y1=1 X1=1 Z1=1 C1=1 R1=1 S1=1 Y0=1 X0=1 Z0=1 C0=1 R0=1 S0=1] WRegister[P=1 Q=1 Z7=1 C7=1 R7=3 S7=1 Y6=1 X6=1 Z6=1 C6=1 R6=1 S6=1 Y5=1 X5=1 Z5=1 C5=1 R5=3 S5=1 Y4=1 X4=1 Z4=1 C4=1 R4=3 S4=1 Y3=1 X3=1 Z3=1 C3=1 R3=3 S3=1 Y2=1 X2=1 Z2=1 C2=1 R2=3 S2=1 Y1=1 X1=1 Z1=1 C1=1 R1=1 S1=1 Y0=1 X0=1 Z0=1 C0=1 R0=5 S0=1] IntermediateRegister[P=1 Q=1 Z7=1 C7=1 R7=1 S7=1 Y6=1 X6=1 Z6=1 C6=1 R6=1 S6=1 Y5=1 X5=1 Z5=1 C5=1 R5=1 S5=1 Y4=1 X4=1 Z4=1 C4=1 R4=1 S4=1 Y3=1 X3=1 Z3=1 C3=1 R3=1 S3=1 Y2=1 X2=1 Z2=1 C2=1 R2=1 S2=1 Y1=1 X1=1 Z1=1 C1=1 R1=1 S1=1 Y0=1 X0=1 Z0=1 C0=1 R0=1 S0=1] OutRegister[P=1 Q=1 Z7=1 C7=1 R7=1 S7=1 Y6=1 X6=1 Z6=1 C6=1 R6=1 S6=1 Y5=1 X5=1 Z5=1 C5=1 R5=1 S5=1 Y4=1 X4=1 Z4=1 C4=1 R4=1 S4=1 Y3=1 X3=1 Z3=1 C3=1 R3=1 S3=1 Y2=1 X2=1 Z2=1 C2=1 R2=1 S2=1 Y1=1 X1=1 Z1=1 C1=1 R1=1 S1=1 Y0=1 X0=1 Z0=1 C0=1 R0=1 S0=1] Compute] 
fsrcnn_8layer_2026-02-21T08:25:30.270857,fsrcnn,8layer,full,8,eyeriss,thesis_arch,1056,524,128,512,4,120,False,True,,1.585e+05,1.918e+07,3.16e+06,"(31557100392, 12312518400)",5.73736486769727e-05,0.4105236530303955,DRAM[P=540 Q=8 Z7=1 C7=1 R7=1 S7=1 Y6=540 X6=8 Z6=1 C6=1 R6=1 S6=1 Y5=540 X5=8 Z5=1 C5=1 R5=1 S5=1 Y4=540 X4=8 Z4=1 C4=1 R4=1 S4=1 Y3=540 X3=8 Z3=1 C3=1 R3=1 S3=1 Y2=540 X2=8 Z2=1 C2=1 R2=1 S2=1 Y1=540 X1=8 Z1=1 C1=1 R1=1 S1=1 Y0=540 X0=8 Z0=1 C0=1 R0=1 S0=1] GlobalBuffer[P=1 Q=120 Z7=1 C7=1 R7=1 S7=1 Y6=1 X6=120 Z6=1 C6=1 R6=1 S6=1 Y5=1 X5=120 Z5=1 C5=1 R5=1 S5=1 Y4=1 X4=120 Z4=1 C4=1 R4=1 S4=1 Y3=1 X3=120 Z3=1 C3=1 R3=1 S3=1 Y2=1 X2=120 Z2=1 C2=1 R2=1 S2=1 Y1=1 X1=120 Z1=1 C1=1 R1=1 S1=1 Y0=1 X0=120 Z0=1 C0=1 R0=1 S0=1] SACols[Q=1 Z7=4] SARows[S7=3 C7=56 Z7=2] SACols_6[X6=1 Z6=4] SARows_6[S6=1 C6=12 Z6=14] SACols_5[X5=1 Z5=4] SARows_5[S5=3 C5=12 Z5=3] SACols_4[X4=1 Z4=4] SARows_4[S4=3 C4=12 Z4=3] SACols_3[X3=1 Z3=4] SARows_3[S3=3 C3=12 Z3=3] SACols_2[X2=1 Z2=4] SARows_2[S2=3 C2=12 Z2=3] SACols_1[X1=1 Z1=4] SARows_1[S1=1 C1=56 Z1=3] SACols_0[X0=1 Z0=4] SARows_0[S0=5 C0=3 Z0=14] InRegister[P=1 Q=1 Z7=1 C7=1 R7=1 S7=1 Y6=1 X6=1 Z6=1 C6=1 R6=1 S6=1 Y5=1 X5=1 Z5=1 C5=1 R5=1 S5=1 Y4=1 X4=1 Z4=1 C4=1 R4=1 S4=1 Y3=1 X3=1 Z3=1 C3=1 R3=1 S3=1 Y2=1 X2=1 Z2=1 C2=1 R2=1 S2=1 Y1=1 X1=1 Z1=1 C1=1 R1=1 S1=1 Y0=1 X0=1 Z0=1 C0=1 R0=1 S0=1] WRegister[P=1 Q=1 Z7=1 C7=1 R7=3 S7=1 Y6=1 X6=1 Z6=1 C6=1 R6=1 S6=1 Y5=1 X5=1 Z5=1 C5=1 R5=3 S5=1 Y4=1 X4=1 Z4=1 C4=1 R4=3 S4=1 Y3=1 X3=1 Z3=1 C3=1 R3=3 S3=1 Y2=1 X2=1 Z2=1 C2=1 R2=3 S2=1 Y1=1 X1=1 Z1=1 C1=1 R1=1 S1=1 Y0=1 X0=1 Z0=1 C0=1 R0=5 S0=1] IntermediateRegister[P=1 Q=1 Z7=1 C7=1 R7=1 S7=1 Y6=1 X6=1 Z6=1 C6=1 R6=1 S6=1 Y5=1 X5=1 Z5=1 C5=1 R5=1 S5=1 Y4=1 X4=1 Z4=1 C4=1 R4=1 S4=1 Y3=1 X3=1 Z3=1 C3=1 R3=1 S3=1 Y2=1 X2=1 Z2=1 C2=1 R2=1 S2=1 Y1=1 X1=1 Z1=1 C1=1 R1=1 S1=1 Y0=1 X0=1 Z0=1 C0=1 R0=1 S0=1] OutRegister[P=1 Q=1 Z7=2 C7=1 R7=1 S7=1 Y6=1 X6=1 Z6=1 C6=1 R6=1 S6=1 Y5=1 X5=1 Z5=1 C5=1 R5=1 S5=1 Y4=1 X4=1 Z4=1 C4=1 R4=1 S4=1 Y3=1 X3=1 Z3=1 C3=1 R3=1 S3=1 Y2=1 X2=1 Z2=1 C2=1 R2=1 S2=1 Y1=1 X1=1 Z1=1 C1=1 R1=1 S1=1 Y0=1 X0=1 Z0=1 C0=1 R0=1 S0=1] Compute] 
fsrcnn_8layer_2026-02-21T08:25:31.719126,fsrcnn,8layer,full,8,eyeriss,thesis_arch,1056,524,128,512,16,120,False,True,,1.585e+05,1.918e+07,3.19e+06,"(31557100392, 12312518400)",1.7509048058158172e-09,0.27788591384887695,DRAM[P=540 Q=8 Z7=1 C7=1 R7=1 S7=1 Y6=540 X6=8 Z6=1 C6=1 R6=1 S6=1 Y5=540 X5=8 Z5=1 C5=1 R5=1 S5=1 Y4=540 X4=8 Z4=1 C4=1 R4=1 S4=1 Y3=540 X3=8 Z3=1 C3=1 R3=1 S3=1 Y2=540 X2=8 Z2=1 C2=1 R2=1 S2=1 Y1=540 X1=8 Z1=1 C1=1 R1=1 S1=1 Y0=540 X0=8 Z0=1 C0=1 R0=1 S0=1] GlobalBuffer[P=1 Q=120 Z7=1 C7=1 R7=1 S7=1 Y6=1 X6=120 Z6=1 C6=1 R6=1 S6=1 Y5=1 X5=120 Z5=1 C5=1 R5=1 S5=1 Y4=1 X4=120 Z4=1 C4=1 R4=1 S4=1 Y3=1 X3=120 Z3=1 C3=1 R3=1 S3=1 Y2=1 X2=120 Z2=1 C2=1 R2=1 S2=1 Y1=1 X1=120 Z1=1 C1=1 R1=1 S1=1 Y0=1 X0=120 Z0=1 C0=1 R0=1 S0=1] SACols[Q=1 Z7=16] SARows[S7=3 C7=56 Z7=1] SACols_6[X6=1 Z6=14] SARows_6[S6=1 C6=12 Z6=4] SACols_5[X5=1 Z5=12] SARows_5[S5=3 C5=12 Z5=1] SACols_4[X4=1 Z4=12] SARows_4[S4=3 C4=12 Z4=1] SACols_3[X3=1 Z3=12] SARows_3[S3=3 C3=12 Z3=1] SACols_2[X2=1 Z2=12] SARows_2[S2=3 C2=12 Z2=1] SACols_1[X1=1 Z1=12] SARows_1[S1=1 C1=56 Z1=1] SACols_0[X0=1 Z0=14] SARows_0[S0=5 C0=3 Z0=4] InRegister[P=1 Q=1 Z7=1 C7=1 R7=1 S7=1 Y6=1 X6=1 Z6=1 C6=1 R6=1 S6=1 Y5=1 X5=1 Z5=1 C5=1 R5=1 S5=1 Y4=1 X4=1 Z4=1 C4=1 R4=1 S4=1 Y3=1 X3=1 Z3=1 C3=1 R3=1 S3=1 Y2=1 X2=1 Z2=1 C2=1 R2=1 S2=1 Y1=1 X1=1 Z1=1 C1=1 R1=1 S1=1 Y0=1 X0=1 Z0=1 C0=1 R0=1 S0=1] WRegister[P=1 Q=1 Z7=1 C7=1 R7=3 S7=1 Y6=1 X6=1 Z6=1 C6=1 R6=1 S6=1 Y5=1 X5=1 Z5=1 C5=1 R5=3 S5=1 Y4=1 X4=1 Z4=1 C4=1 R4=3 S4=1 Y3=1 X3=1 Z3=1 C3=1 R3=3 S3=1 Y2=1 X2=1 Z2=1 C2=1 R2=3 S2=1 Y1=1 X1=1 Z1=1 C1=1 R1=1 S1=1 Y0=1 X0=1 Z0=1 C0=1 R0=5 S0=1] IntermediateRegister[P=1 Q=1 Z7=1 C7=1 R7=1 S7=1 Y6=1 X6=1 Z6=1 C6=1 R6=1 S6=1 Y5=1 X5=1 Z5=1 C5=1 R5=1 S5=1 Y4=1 X4=1 Z4=1 C4=1 R4=1 S4=1 Y3=1 X3=1 Z3=1 C3=1 R3=1 S3=1 Y2=1 X2=1 Z2=1 C2=1 R2=1 S2=1 Y1=1 X1=1 Z1=1 C1=1 R1=1 S1=1 Y0=1 X0=1 Z0=1 C0=1 R0=1 S0=1] OutRegister[P=1 Q=1 Z7=1 C7=1 R7=1 S7=1 Y6=1 X6=1 Z6=1 C6=1 R6=1 S6=1 Y5=1 X5=1 Z5=1 C5=1 R5=1 S5=1 Y4=1 X4=1 Z4=1 C4=1 R4=1 S4=1 Y3=1 X3=1 Z3=1 C3=1 R3=1 S3=1 Y2=1 X2=1 Z2=1 C2=1 R2=1 S2=1 Y1=1 X1=1 Z1=1 C1=1 R1=1 S1=1 Y0=1 X0=1 Z0=1 C0=1 R0=1 S0=1] Compute] 
fsrcnn_8layer_2026-02-21T08:25:32.695180,fsrcnn,8layer,full,8,eyeriss,thesis_arch,1056,524,128,512,32,120,False,True,,1.585e+05,1.918e+07,3.19e+06,"(31557100392, 12312518400)",4.377262014539543e-10,0.47963953018188477,DRAM[P=540 Q=8 Z7=1 C7=1 R7=1 S7=1 Y6=540 X6=8 Z6=1 C6=1 R6=1 S6=1 Y5=540 X5=8 Z5=1 C5=1 R5=1 S5=1 Y4=540 X4=8 Z4=1 C4=1 R4=1 S4=1 Y3=540 X3=8 Z3=1 C3=1 R3=1 S3=1 Y2=540 X2=8 Z2=1 C2=1 R2=1 S2=1 Y1=540 X1=8 Z1=1 C1=1 R1=1 S1=1 Y0=540 X0=8 Z0=1 C0=1 R0=1 S0=1] GlobalBuffer[P=1 Q=60 Z7=1 C7=1 R7=1 S7=1 Y6=1 X6=120 Z6=1 C6=1 R6=1 S6=1 Y5=1 X5=60 Z5=1 C5=1 R5=1 S5=1 Y4=1 X4=60 Z4=1 C4=1 R4=1 S4=1 Y3=1 X3=60 Z3=1 C3=1 R3=1 S3=1 Y2=1 X2=60 Z2=1 C2=1 R2=1 S2=1 Y1=1 X1=60 Z1=1 C1=1 R1=1 S1=1 Y0=1 X0=120 Z0=1 C0=1 R0=1 S0=1] SACols[Q=2 Z7=16] SARows[S7=3 C7=56 Z7=1] SACols_6[X6=1 Z6=28] SARows_6[S6=1 C6=12 Z6=2] SACols_5[X5=2 Z5=12] SARows_5[S5=3 C5=12 Z5=1] SACols_4[X4=2 Z4=12] SARows_4[S4=3 C4=12 Z4=1] SACols_3[X3=2 Z3=12] SARows_3[S3=3 C3=12 Z3=1] SACols_2[X2=2 Z2=12] SARows_2[S2=3 C2=12 Z2=1] SACols_1[X1=2 Z1=12] SARows_1[S1=1 C1=56 Z1=1] SACols_0[X0=1 Z0=28] SARows_0[S0=5 C0=3 Z0=2] InRegister[P=1 Q=1 Z7=1 C7=1 R7=1 S7=1 Y6=1 X6=1 Z6=1 C6=1 R6=1 S6=1 Y5=1 X5=1 Z5=1 C5=1 R5=1 S5=1 Y4=1 X4=1 Z4=1 C4=1 R4=1 S4=1 Y3=1 X3=1 Z3=1 C3=1 R3=1 S3=1 Y2=1 X2=1 Z2=1 C2=1 R2=1 S2=1 Y1=1 X1=1 Z1=1 C1=1 R1=1 S1=1 Y0=1 X0=1 Z0=1 C0=1 R0=1 S0=1] WRegister[P=1 Q=1 Z7=1 C7=1 R7=3 S7=1 Y6=1 X6=1 Z6=1 C6=1 R6=1 S6=1 Y5=1 X5=1 Z5=1 C5=1 R5=3 S5=1 Y4=1 X4=1 Z4=1 C4=1 R4=3 S4=1 Y3=1 X3=1 Z3=1 C3=1 R3=3 S3=1 Y2=1 X2=1 Z2=1 C2=1 R2=3 S2=1 Y1=1 X1=1 Z1=1 C1=1 R1=1 S1=1 Y0=1 X0=1 Z0=1 C0=1 R0=5 S0=1] IntermediateRegister[P=1 Q=1 Z7=1 C7=1 R7=1 S7=1 Y6=1 X6=1 Z6=1 C6=1 R6=1 S6=1 Y5=1 X5=1 Z5=1 C5=1 R5=1 S5=1 Y4=1 X4=1 Z4=1 C4=1 R4=1 S4=1 Y3=1 X3=1 Z3=1 C3=1 R3=1 S3=1 Y2=1 X2=1 Z2=1 C2=1 R2=1 S2=1 Y1=1 X1=1 Z1=1 C1=1 R1=1 S1=1 Y0=1 X0=1 Z0=1 C0=1 R0=1 S0=1] OutRegister[P=1 Q=1 Z7=1 C7=1 R7=1 S7=1 Y6=1 X6=1 Z6=1 C6=1 R6=1 S6=1 Y5=1 X5=1 Z5=1 C5=1 R5=1 S5=1 Y4=1 X4=1 Z4=1 C4=1 R4=1 S4=1 Y3=1 X3=1 Z3=1 C3=1 R3=1 S3=1 Y2=1 X2=1 Z2=1 C2=1 R2=1 S2=1 Y1=1 X1=1 Z1=1 C1=1 R1=1 S1=1 Y0=1 X0=1 Z0=1 C0=1 R0=1 S0=1] Compute] 
