experiment_id,workload_name,workload_variant,fusion_level,num_fused_layers,arch_type,arch_name,fmem_size_kB,wmem_size_kB,gb_size_kB,pe_rows,pe_cols,tile_size,scale_bandwidth,success,error_message,energy_uJ,latency_cycles,edp,mops,utilization,mapping_time_s,mapping
fsrcnn_8layer_2026-02-21T06:50:53.219551,fsrcnn,8layer,full,8,eyeriss,thesis_arch,1056,524,128,4,4,120,False,False,"Arch: Eyeriss_Constrained_8L_tile120_4x4 -> Level: SARows_0: Failed to fit comp to arch because the level's constraint (S0: 4) does not divide comp dimension S0 (5) exactly. To compensate, consider setting 'Settings.PADDED_MAPPINGS' to True.",0.000e+00,0.000e+00,0.00e+00,0,0.0,0.0,
fsrcnn_8layer_2026-02-21T06:50:54.086801,fsrcnn,8layer,full,8,eyeriss,thesis_arch,1056,524,128,4,16,120,False,False,"Arch: Eyeriss_Constrained_8L_tile120_16x4 -> Level: SARows_0: Failed to fit comp to arch because the level's constraint (S0: 4) does not divide comp dimension S0 (5) exactly. To compensate, consider setting 'Settings.PADDED_MAPPINGS' to True.",0.000e+00,0.000e+00,0.00e+00,0,0.0,0.0,
fsrcnn_8layer_2026-02-21T06:50:54.732296,fsrcnn,8layer,full,8,eyeriss,thesis_arch,1056,524,128,4,32,120,False,False,"Arch: Eyeriss_Constrained_8L_tile120_32x4 -> Level: SARows_0: Failed to fit comp to arch because the level's constraint (S0: 4) does not divide comp dimension S0 (5) exactly. To compensate, consider setting 'Settings.PADDED_MAPPINGS' to True.",0.000e+00,0.000e+00,0.00e+00,0,0.0,0.0,
fsrcnn_8layer_2026-02-21T06:50:55.437941,fsrcnn,8layer,full,8,eyeriss,thesis_arch,1056,524,128,4,64,120,False,False,"Arch: Eyeriss_Constrained_8L_tile120_64x4 -> Level: SARows_0: Failed to fit comp to arch because the level's constraint (S0: 4) does not divide comp dimension S0 (5) exactly. To compensate, consider setting 'Settings.PADDED_MAPPINGS' to True.",0.000e+00,0.000e+00,0.00e+00,0,0.0,0.0,
fsrcnn_8layer_2026-02-21T06:50:56.142874,fsrcnn,8layer,full,8,eyeriss,thesis_arch,1056,524,128,4,128,120,False,False,"Arch: Eyeriss_Constrained_8L_tile120_128x4 -> Level: SARows_0: Failed to fit comp to arch because the level's constraint (S0: 4) does not divide comp dimension S0 (5) exactly. To compensate, consider setting 'Settings.PADDED_MAPPINGS' to True.",0.000e+00,0.000e+00,0.00e+00,0,0.0,0.0,
fsrcnn_8layer_2026-02-21T06:50:56.527947,fsrcnn,8layer,full,8,eyeriss,thesis_arch,1056,524,128,4,256,120,False,False,"Arch: Eyeriss_Constrained_8L_tile120_256x4 -> Level: SARows_0: Failed to fit comp to arch because the level's constraint (S0: 4) does not divide comp dimension S0 (5) exactly. To compensate, consider setting 'Settings.PADDED_MAPPINGS' to True.",0.000e+00,0.000e+00,0.00e+00,0,0.0,0.0,
fsrcnn_8layer_2026-02-21T06:50:56.841361,fsrcnn,8layer,full,8,eyeriss,thesis_arch,1056,524,128,4,512,120,False,False,"Arch: Eyeriss_Constrained_8L_tile120_512x4 -> Level: SARows_0: Failed to fit comp to arch because the level's constraint (S0: 4) does not divide comp dimension S0 (5) exactly. To compensate, consider setting 'Settings.PADDED_MAPPINGS' to True.",0.000e+00,0.000e+00,0.00e+00,0,0.0,0.0,
fsrcnn_8layer_2026-02-21T06:50:57.135092,fsrcnn,8layer,full,8,eyeriss,thesis_arch,1056,524,128,16,4,120,False,False,"Ill-posed constraints:
CONSTRAINTS VIOLATION: Arch: Eyeriss_Constrained_8L_tile120_4x16 -> Level: InRegister: memory footprint: 93 VS memory available: 34
CONSTRAINTS VIOLATION: Arch: Eyeriss_Constrained_8L_tile120_4x16 -> Level: WRegister: memory footprint: 372 VS memory available: 200
CONSTRAINTS VIOLATION: Arch: Eyeriss_Constrained_8L_tile120_4x16 -> Level: IntermediateRegister: memory footprint: 43 VS memory available: 32",0.000e+00,0.000e+00,0.00e+00,0,0.0,0.0,
fsrcnn_8layer_2026-02-21T06:50:57.455815,fsrcnn,8layer,full,8,eyeriss,thesis_arch,1056,524,128,16,16,120,False,False,"Ill-posed constraints:
CONSTRAINTS VIOLATION: Arch: Eyeriss_Constrained_8L_tile120_16x16 -> Level: InRegister: memory footprint: 93 VS memory available: 34",0.000e+00,0.000e+00,0.00e+00,0,0.0,0.0,
fsrcnn_8layer_2026-02-21T06:50:57.728259,fsrcnn,8layer,full,8,eyeriss,thesis_arch,1056,524,128,16,32,120,False,False,"Ill-posed constraints:
CONSTRAINTS VIOLATION: Arch: Eyeriss_Constrained_8L_tile120_32x16 -> Level: InRegister: memory footprint: 93 VS memory available: 34",0.000e+00,0.000e+00,0.00e+00,0,0.0,0.0,
fsrcnn_8layer_2026-02-21T06:50:58.035819,fsrcnn,8layer,full,8,eyeriss,thesis_arch,1056,524,128,16,64,120,False,False,"Ill-posed constraints:
CONSTRAINTS VIOLATION: Arch: Eyeriss_Constrained_8L_tile120_64x16 -> Level: InRegister: memory footprint: 93 VS memory available: 34",0.000e+00,0.000e+00,0.00e+00,0,0.0,0.0,
fsrcnn_8layer_2026-02-21T06:50:58.371948,fsrcnn,8layer,full,8,eyeriss,thesis_arch,1056,524,128,16,128,120,False,False,"Ill-posed constraints:
CONSTRAINTS VIOLATION: Arch: Eyeriss_Constrained_8L_tile120_128x16 -> Level: InRegister: memory footprint: 93 VS memory available: 34",0.000e+00,0.000e+00,0.00e+00,0,0.0,0.0,
fsrcnn_8layer_2026-02-21T06:50:58.685670,fsrcnn,8layer,full,8,eyeriss,thesis_arch,1056,524,128,16,256,120,False,False,"Ill-posed constraints:
CONSTRAINTS VIOLATION: Arch: Eyeriss_Constrained_8L_tile120_256x16 -> Level: InRegister: memory footprint: 93 VS memory available: 34",0.000e+00,0.000e+00,0.00e+00,0,0.0,0.0,
fsrcnn_8layer_2026-02-21T06:50:59.084685,fsrcnn,8layer,full,8,eyeriss,thesis_arch,1056,524,128,16,512,120,False,False,"Ill-posed constraints:
CONSTRAINTS VIOLATION: Arch: Eyeriss_Constrained_8L_tile120_512x16 -> Level: InRegister: memory footprint: 93 VS memory available: 34",0.000e+00,0.000e+00,0.00e+00,0,0.0,0.0,
fsrcnn_8layer_2026-02-21T06:50:59.480473,fsrcnn,8layer,full,8,eyeriss,thesis_arch,1056,524,128,32,4,120,False,False,"Ill-posed constraints:
CONSTRAINTS VIOLATION: Arch: Eyeriss_Constrained_8L_tile120_4x32 -> Level: InRegister: memory footprint: 58 VS memory available: 34
CONSTRAINTS VIOLATION: Arch: Eyeriss_Constrained_8L_tile120_4x32 -> Level: WRegister: memory footprint: 204 VS memory available: 200",0.000e+00,0.000e+00,0.00e+00,0,0.0,0.0,
fsrcnn_8layer_2026-02-21T06:50:59.799406,fsrcnn,8layer,full,8,eyeriss,thesis_arch,1056,524,128,32,16,120,False,False,"Ill-posed constraints:
CONSTRAINTS VIOLATION: Arch: Eyeriss_Constrained_8L_tile120_16x32 -> Level: InRegister: memory footprint: 58 VS memory available: 34",0.000e+00,0.000e+00,0.00e+00,0,0.0,0.0,
fsrcnn_8layer_2026-02-21T06:51:00.110305,fsrcnn,8layer,full,8,eyeriss,thesis_arch,1056,524,128,32,32,120,False,False,"Ill-posed constraints:
CONSTRAINTS VIOLATION: Arch: Eyeriss_Constrained_8L_tile120_32x32 -> Level: InRegister: memory footprint: 58 VS memory available: 34",0.000e+00,0.000e+00,0.00e+00,0,0.0,0.0,
fsrcnn_8layer_2026-02-21T06:51:00.410087,fsrcnn,8layer,full,8,eyeriss,thesis_arch,1056,524,128,32,64,120,False,False,"Ill-posed constraints:
CONSTRAINTS VIOLATION: Arch: Eyeriss_Constrained_8L_tile120_64x32 -> Level: InRegister: memory footprint: 58 VS memory available: 34",0.000e+00,0.000e+00,0.00e+00,0,0.0,0.0,
fsrcnn_8layer_2026-02-21T06:51:00.738408,fsrcnn,8layer,full,8,eyeriss,thesis_arch,1056,524,128,32,128,120,False,False,"Ill-posed constraints:
CONSTRAINTS VIOLATION: Arch: Eyeriss_Constrained_8L_tile120_128x32 -> Level: InRegister: memory footprint: 58 VS memory available: 34",0.000e+00,0.000e+00,0.00e+00,0,0.0,0.0,
fsrcnn_8layer_2026-02-21T06:51:01.059765,fsrcnn,8layer,full,8,eyeriss,thesis_arch,1056,524,128,32,256,120,False,False,"Ill-posed constraints:
CONSTRAINTS VIOLATION: Arch: Eyeriss_Constrained_8L_tile120_256x32 -> Level: InRegister: memory footprint: 58 VS memory available: 34",0.000e+00,0.000e+00,0.00e+00,0,0.0,0.0,
fsrcnn_8layer_2026-02-21T06:51:01.389599,fsrcnn,8layer,full,8,eyeriss,thesis_arch,1056,524,128,32,512,120,False,False,"Ill-posed constraints:
CONSTRAINTS VIOLATION: Arch: Eyeriss_Constrained_8L_tile120_512x32 -> Level: InRegister: memory footprint: 58 VS memory available: 34",0.000e+00,0.000e+00,0.00e+00,0,0.0,0.0,
fsrcnn_8layer_2026-02-21T06:51:01.661621,fsrcnn,8layer,full,8,eyeriss,thesis_arch,1056,524,128,64,4,120,False,False,"Ill-posed constraints:
CONSTRAINTS VIOLATION: Arch: Eyeriss_Constrained_8L_tile120_4x64 -> Level: InRegister: memory footprint: 36 VS memory available: 34",0.000e+00,0.000e+00,0.00e+00,0,0.0,0.0,
fsrcnn_8layer_2026-02-21T06:51:01.925077,fsrcnn,8layer,full,8,eyeriss,thesis_arch,1056,524,128,64,16,120,False,False,"Ill-posed constraints:
CONSTRAINTS VIOLATION: Arch: Eyeriss_Constrained_8L_tile120_16x64 -> Level: InRegister: memory footprint: 36 VS memory available: 34",0.000e+00,0.000e+00,0.00e+00,0,0.0,0.0,
fsrcnn_8layer_2026-02-21T06:51:02.173373,fsrcnn,8layer,full,8,eyeriss,thesis_arch,1056,524,128,64,32,120,False,False,"Ill-posed constraints:
CONSTRAINTS VIOLATION: Arch: Eyeriss_Constrained_8L_tile120_32x64 -> Level: InRegister: memory footprint: 36 VS memory available: 34",0.000e+00,0.000e+00,0.00e+00,0,0.0,0.0,
fsrcnn_8layer_2026-02-21T06:51:02.426481,fsrcnn,8layer,full,8,eyeriss,thesis_arch,1056,524,128,64,64,120,False,False,"Ill-posed constraints:
CONSTRAINTS VIOLATION: Arch: Eyeriss_Constrained_8L_tile120_64x64 -> Level: InRegister: memory footprint: 36 VS memory available: 34",0.000e+00,0.000e+00,0.00e+00,0,0.0,0.0,
fsrcnn_8layer_2026-02-21T06:51:02.726669,fsrcnn,8layer,full,8,eyeriss,thesis_arch,1056,524,128,64,128,120,False,False,"Ill-posed constraints:
CONSTRAINTS VIOLATION: Arch: Eyeriss_Constrained_8L_tile120_128x64 -> Level: InRegister: memory footprint: 36 VS memory available: 34",0.000e+00,0.000e+00,0.00e+00,0,0.0,0.0,
fsrcnn_8layer_2026-02-21T06:51:03.043724,fsrcnn,8layer,full,8,eyeriss,thesis_arch,1056,524,128,64,256,120,False,False,"Ill-posed constraints:
CONSTRAINTS VIOLATION: Arch: Eyeriss_Constrained_8L_tile120_256x64 -> Level: InRegister: memory footprint: 36 VS memory available: 34",0.000e+00,0.000e+00,0.00e+00,0,0.0,0.0,
fsrcnn_8layer_2026-02-21T06:51:03.357609,fsrcnn,8layer,full,8,eyeriss,thesis_arch,1056,524,128,128,4,120,False,True,,5.052e+04,2.825e+07,1.46e+06,"(30062034792, 12094790400)",0.07833415499362673,0.12446165084838867,DRAM[P=540 Q=8 Z7=1 C7=1 R7=1 S7=1 Y6=540 X6=8 Z6=1 C6=1 R6=1 S6=1 Y5=540 X5=8 Z5=1 C5=1 R5=1 S5=1 Y4=540 X4=8 Z4=1 C4=1 R4=1 S4=1 Y3=540 X3=8 Z3=1 C3=1 R3=1 S3=1 Y2=540 X2=8 Z2=1 C2=1 R2=1 S2=1 Y1=540 X1=8 Z1=1 C1=1 R1=1 S1=1 Y0=540 X0=8 Z0=1 C0=1 R0=1 S0=1] GlobalBuffer[P=1 Q=120 Z7=1 C7=1 R7=1 S7=1 Y6=1 X6=120 Z6=1 C6=1 R6=1 S6=1 Y5=1 X5=120 Z5=1 C5=1 R5=1 S5=1 Y4=1 X4=120 Z4=1 C4=1 R4=1 S4=1 Y3=1 X3=120 Z3=1 C3=1 R3=1 S3=1 Y2=1 X2=120 Z2=1 C2=1 R2=1 S2=1 Y1=1 X1=120 Z1=1 C1=1 R1=1 S1=1 Y0=1 X0=120 Z0=1 C0=1 R0=1 S0=1] SACols[Q=1 Z7=4] SARows[S7=3 C7=28 Z7=1] SACols_6[X6=1 Z6=4] SARows_6[S6=1 C6=12 Z6=7] SACols_5[X5=1 Z5=4] SARows_5[S5=3 C5=12 Z5=3] SACols_4[X4=1 Z4=4] SARows_4[S4=3 C4=12 Z4=3] SACols_3[X3=1 Z3=4] SARows_3[S3=3 C3=12 Z3=3] SACols_2[X2=1 Z2=4] SARows_2[S2=3 C2=12 Z2=3] SACols_1[X1=1 Z1=4] SARows_1[S1=1 C1=56 Z1=1] SACols_0[X0=1 Z0=4] SARows_0[S0=5 C0=3 Z0=7] InRegister[P=1 Q=1 Z7=1 C7=1 R7=1 S7=1 Y6=1 X6=1 Z6=1 C6=1 R6=1 S6=1 Y5=1 X5=1 Z5=1 C5=1 R5=1 S5=1 Y4=1 X4=1 Z4=1 C4=1 R4=1 S4=1 Y3=1 X3=1 Z3=1 C3=1 R3=1 S3=1 Y2=1 X2=1 Z2=1 C2=1 R2=1 S2=1 Y1=1 X1=1 Z1=1 C1=1 R1=1 S1=1 Y0=1 X0=1 Z0=1 C0=1 R0=1 S0=1] WRegister[P=1 Q=1 Z7=1 C7=2 R7=3 S7=1 Y6=1 X6=1 Z6=1 C6=1 R6=1 S6=1 Y5=1 X5=1 Z5=1 C5=1 R5=3 S5=1 Y4=1 X4=1 Z4=1 C4=1 R4=3 S4=1 Y3=1 X3=1 Z3=1 C3=1 R3=3 S3=1 Y2=1 X2=1 Z2=1 C2=1 R2=3 S2=1 Y1=1 X1=1 Z1=1 C1=1 R1=1 S1=1 Y0=1 X0=1 Z0=1 C0=1 R0=5 S0=1] IntermediateRegister[P=1 Q=1 Z7=1 C7=1 R7=1 S7=1 Y6=1 X6=1 Z6=2 C6=1 R6=1 S6=1 Y5=1 X5=1 Z5=1 C5=1 R5=1 S5=1 Y4=1 X4=1 Z4=1 C4=1 R4=1 S4=1 Y3=1 X3=1 Z3=1 C3=1 R3=1 S3=1 Y2=1 X2=1 Z2=1 C2=1 R2=1 S2=1 Y1=1 X1=1 Z1=3 C1=1 R1=1 S1=1 Y0=1 X0=1 Z0=2 C0=1 R0=1 S0=1] OutRegister[P=1 Q=1 Z7=4 C7=1 R7=1 S7=1 Y6=1 X6=1 Z6=1 C6=1 R6=1 S6=1 Y5=1 X5=1 Z5=1 C5=1 R5=1 S5=1 Y4=1 X4=1 Z4=1 C4=1 R4=1 S4=1 Y3=1 X3=1 Z3=1 C3=1 R3=1 S3=1 Y2=1 X2=1 Z2=1 C2=1 R2=1 S2=1 Y1=1 X1=1 Z1=1 C1=1 R1=1 S1=1 Y0=1 X0=1 Z0=1 C0=1 R0=1 S0=1] Compute] 
fsrcnn_8layer_2026-02-21T06:51:03.742231,fsrcnn,8layer,full,8,eyeriss,thesis_arch,1056,524,128,128,16,120,False,True,,5.190e+04,1.918e+07,1.04e+06,"(31557100392, 12312518400)",5.73736486769727e-05,0.11856579780578613,DRAM[P=540 Q=8 Z7=1 C7=1 R7=1 S7=1 Y6=540 X6=8 Z6=1 C6=1 R6=1 S6=1 Y5=540 X5=8 Z5=1 C5=1 R5=1 S5=1 Y4=540 X4=8 Z4=1 C4=1 R4=1 S4=1 Y3=540 X3=8 Z3=1 C3=1 R3=1 S3=1 Y2=540 X2=8 Z2=1 C2=1 R2=1 S2=1 Y1=540 X1=8 Z1=1 C1=1 R1=1 S1=1 Y0=540 X0=8 Z0=1 C0=1 R0=1 S0=1] GlobalBuffer[P=1 Q=120 Z7=1 C7=1 R7=1 S7=1 Y6=1 X6=120 Z6=1 C6=1 R6=1 S6=1 Y5=1 X5=120 Z5=1 C5=1 R5=1 S5=1 Y4=1 X4=120 Z4=1 C4=1 R4=1 S4=1 Y3=1 X3=120 Z3=1 C3=1 R3=1 S3=1 Y2=1 X2=120 Z2=1 C2=1 R2=1 S2=1 Y1=1 X1=120 Z1=1 C1=1 R1=1 S1=1 Y0=1 X0=120 Z0=1 C0=1 R0=1 S0=1] SACols[Q=1 Z7=16] SARows[S7=3 C7=28 Z7=1] SACols_6[X6=1 Z6=14] SARows_6[S6=1 C6=12 Z6=4] SACols_5[X5=1 Z5=12] SARows_5[S5=3 C5=12 Z5=1] SACols_4[X4=1 Z4=12] SARows_4[S4=3 C4=12 Z4=1] SACols_3[X3=1 Z3=12] SARows_3[S3=3 C3=12 Z3=1] SACols_2[X2=1 Z2=12] SARows_2[S2=3 C2=12 Z2=1] SACols_1[X1=1 Z1=12] SARows_1[S1=1 C1=56 Z1=1] SACols_0[X0=1 Z0=14] SARows_0[S0=5 C0=3 Z0=4] InRegister[P=1 Q=1 Z7=1 C7=1 R7=1 S7=1 Y6=1 X6=1 Z6=1 C6=1 R6=1 S6=1 Y5=1 X5=1 Z5=1 C5=1 R5=1 S5=1 Y4=1 X4=1 Z4=1 C4=1 R4=1 S4=1 Y3=1 X3=1 Z3=1 C3=1 R3=1 S3=1 Y2=1 X2=1 Z2=1 C2=1 R2=1 S2=1 Y1=1 X1=1 Z1=1 C1=1 R1=1 S1=1 Y0=1 X0=1 Z0=1 C0=1 R0=1 S0=1] WRegister[P=1 Q=1 Z7=1 C7=2 R7=3 S7=1 Y6=1 X6=1 Z6=1 C6=1 R6=1 S6=1 Y5=1 X5=1 Z5=1 C5=1 R5=3 S5=1 Y4=1 X4=1 Z4=1 C4=1 R4=3 S4=1 Y3=1 X3=1 Z3=1 C3=1 R3=3 S3=1 Y2=1 X2=1 Z2=1 C2=1 R2=3 S2=1 Y1=1 X1=1 Z1=1 C1=1 R1=1 S1=1 Y0=1 X0=1 Z0=1 C0=1 R0=5 S0=1] IntermediateRegister[P=1 Q=1 Z7=1 C7=1 R7=1 S7=1 Y6=1 X6=1 Z6=1 C6=1 R6=1 S6=1 Y5=1 X5=1 Z5=1 C5=1 R5=1 S5=1 Y4=1 X4=1 Z4=1 C4=1 R4=1 S4=1 Y3=1 X3=1 Z3=1 C3=1 R3=1 S3=1 Y2=1 X2=1 Z2=1 C2=1 R2=1 S2=1 Y1=1 X1=1 Z1=1 C1=1 R1=1 S1=1 Y0=1 X0=1 Z0=1 C0=1 R0=1 S0=1] OutRegister[P=1 Q=1 Z7=1 C7=1 R7=1 S7=1 Y6=1 X6=1 Z6=1 C6=1 R6=1 S6=1 Y5=1 X5=1 Z5=1 C5=1 R5=1 S5=1 Y4=1 X4=1 Z4=1 C4=1 R4=1 S4=1 Y3=1 X3=1 Z3=1 C3=1 R3=1 S3=1 Y2=1 X2=1 Z2=1 C2=1 R2=1 S2=1 Y1=1 X1=1 Z1=1 C1=1 R1=1 S1=1 Y0=1 X0=1 Z0=1 C0=1 R0=1 S0=1] Compute] 
fsrcnn_8layer_2026-02-21T06:51:04.156367,fsrcnn,8layer,full,8,eyeriss,thesis_arch,1056,524,128,128,32,120,False,True,,5.190e+04,1.918e+07,1.04e+06,"(31557100392, 12312518400)",1.4343412169243175e-05,0.11271476745605469,DRAM[P=540 Q=8 Z7=1 C7=1 R7=1 S7=1 Y6=540 X6=8 Z6=1 C6=1 R6=1 S6=1 Y5=540 X5=8 Z5=1 C5=1 R5=1 S5=1 Y4=540 X4=8 Z4=1 C4=1 R4=1 S4=1 Y3=540 X3=8 Z3=1 C3=1 R3=1 S3=1 Y2=540 X2=8 Z2=1 C2=1 R2=1 S2=1 Y1=540 X1=8 Z1=1 C1=1 R1=1 S1=1 Y0=540 X0=8 Z0=1 C0=1 R0=1 S0=1] GlobalBuffer[P=1 Q=60 Z7=1 C7=1 R7=1 S7=1 Y6=1 X6=120 Z6=1 C6=1 R6=1 S6=1 Y5=1 X5=60 Z5=1 C5=1 R5=1 S5=1 Y4=1 X4=60 Z4=1 C4=1 R4=1 S4=1 Y3=1 X3=60 Z3=1 C3=1 R3=1 S3=1 Y2=1 X2=60 Z2=1 C2=1 R2=1 S2=1 Y1=1 X1=60 Z1=1 C1=1 R1=1 S1=1 Y0=1 X0=120 Z0=1 C0=1 R0=1 S0=1] SACols[Q=2 Z7=16] SARows[S7=3 C7=28 Z7=1] SACols_6[X6=1 Z6=28] SARows_6[S6=1 C6=12 Z6=2] SACols_5[X5=2 Z5=12] SARows_5[S5=3 C5=12 Z5=1] SACols_4[X4=2 Z4=12] SARows_4[S4=3 C4=12 Z4=1] SACols_3[X3=2 Z3=12] SARows_3[S3=3 C3=12 Z3=1] SACols_2[X2=2 Z2=12] SARows_2[S2=3 C2=12 Z2=1] SACols_1[X1=2 Z1=12] SARows_1[S1=1 C1=56 Z1=1] SACols_0[X0=1 Z0=28] SARows_0[S0=5 C0=3 Z0=2] InRegister[P=1 Q=1 Z7=1 C7=1 R7=1 S7=1 Y6=1 X6=1 Z6=1 C6=1 R6=1 S6=1 Y5=1 X5=1 Z5=1 C5=1 R5=1 S5=1 Y4=1 X4=1 Z4=1 C4=1 R4=1 S4=1 Y3=1 X3=1 Z3=1 C3=1 R3=1 S3=1 Y2=1 X2=1 Z2=1 C2=1 R2=1 S2=1 Y1=1 X1=1 Z1=1 C1=1 R1=1 S1=1 Y0=1 X0=1 Z0=1 C0=1 R0=1 S0=1] WRegister[P=1 Q=1 Z7=1 C7=2 R7=3 S7=1 Y6=1 X6=1 Z6=1 C6=1 R6=1 S6=1 Y5=1 X5=1 Z5=1 C5=1 R5=3 S5=1 Y4=1 X4=1 Z4=1 C4=1 R4=3 S4=1 Y3=1 X3=1 Z3=1 C3=1 R3=3 S3=1 Y2=1 X2=1 Z2=1 C2=1 R2=3 S2=1 Y1=1 X1=1 Z1=1 C1=1 R1=1 S1=1 Y0=1 X0=1 Z0=1 C0=1 R0=5 S0=1] IntermediateRegister[P=1 Q=1 Z7=1 C7=1 R7=1 S7=1 Y6=1 X6=1 Z6=1 C6=1 R6=1 S6=1 Y5=1 X5=1 Z5=1 C5=1 R5=1 S5=1 Y4=1 X4=1 Z4=1 C4=1 R4=1 S4=1 Y3=1 X3=1 Z3=1 C3=1 R3=1 S3=1 Y2=1 X2=1 Z2=1 C2=1 R2=1 S2=1 Y1=1 X1=1 Z1=1 C1=1 R1=1 S1=1 Y0=1 X0=1 Z0=1 C0=1 R0=1 S0=1] OutRegister[P=1 Q=1 Z7=1 C7=1 R7=1 S7=1 Y6=1 X6=1 Z6=1 C6=1 R6=1 S6=1 Y5=1 X5=1 Z5=1 C5=1 R5=1 S5=1 Y4=1 X4=1 Z4=1 C4=1 R4=1 S4=1 Y3=1 X3=1 Z3=1 C3=1 R3=1 S3=1 Y2=1 X2=1 Z2=1 C2=1 R2=1 S2=1 Y1=1 X1=1 Z1=1 C1=1 R1=1 S1=1 Y0=1 X0=1 Z0=1 C0=1 R0=1 S0=1] Compute] 
fsrcnn_8layer_2026-02-21T06:51:04.543315,fsrcnn,8layer,full,8,eyeriss,thesis_arch,1056,524,128,128,64,120,False,True,,5.190e+04,1.918e+07,1.04e+06,"(31557100392, 12312518400)",1.0943155036348858e-05,0.10629844665527344,DRAM[P=540 Q=8 Z7=1 C7=1 R7=1 S7=1 Y6=540 X6=8 Z6=1 C6=1 R6=1 S6=1 Y5=540 X5=8 Z5=1 C5=1 R5=1 S5=1 Y4=540 X4=8 Z4=1 C4=1 R4=1 S4=1 Y3=540 X3=8 Z3=1 C3=1 R3=1 S3=1 Y2=540 X2=8 Z2=1 C2=1 R2=1 S2=1 Y1=540 X1=8 Z1=1 C1=1 R1=1 S1=1 Y0=540 X0=8 Z0=1 C0=1 R0=1 S0=1] GlobalBuffer[P=1 Q=30 Z7=1 C7=1 R7=1 S7=1 Y6=1 X6=120 Z6=1 C6=1 R6=1 S6=1 Y5=1 X5=24 Z5=1 C5=1 R5=1 S5=1 Y4=1 X4=24 Z4=1 C4=1 R4=1 S4=1 Y3=1 X3=24 Z3=1 C3=1 R3=1 S3=1 Y2=1 X2=24 Z2=1 C2=1 R2=1 S2=1 Y1=1 X1=24 Z1=1 C1=1 R1=1 S1=1 Y0=1 X0=120 Z0=1 C0=1 R0=1 S0=1] SACols[Q=4 Z7=16] SARows[S7=3 C7=28 Z7=1] SACols_6[X6=1 Z6=56] SARows_6[S6=1 C6=12 Z6=1] SACols_5[X5=5 Z5=12] SARows_5[S5=3 C5=12 Z5=1] SACols_4[X4=5 Z4=12] SARows_4[S4=3 C4=12 Z4=1] SACols_3[X3=5 Z3=12] SARows_3[S3=3 C3=12 Z3=1] SACols_2[X2=5 Z2=12] SARows_2[S2=3 C2=12 Z2=1] SACols_1[X1=5 Z1=12] SARows_1[S1=1 C1=56 Z1=1] SACols_0[X0=1 Z0=56] SARows_0[S0=5 C0=3 Z0=1] InRegister[P=1 Q=1 Z7=1 C7=1 R7=1 S7=1 Y6=1 X6=1 Z6=1 C6=1 R6=1 S6=1 Y5=1 X5=1 Z5=1 C5=1 R5=1 S5=1 Y4=1 X4=1 Z4=1 C4=1 R4=1 S4=1 Y3=1 X3=1 Z3=1 C3=1 R3=1 S3=1 Y2=1 X2=1 Z2=1 C2=1 R2=1 S2=1 Y1=1 X1=1 Z1=1 C1=1 R1=1 S1=1 Y0=1 X0=1 Z0=1 C0=1 R0=1 S0=1] WRegister[P=1 Q=1 Z7=1 C7=2 R7=3 S7=1 Y6=1 X6=1 Z6=1 C6=1 R6=1 S6=1 Y5=1 X5=1 Z5=1 C5=1 R5=3 S5=1 Y4=1 X4=1 Z4=1 C4=1 R4=3 S4=1 Y3=1 X3=1 Z3=1 C3=1 R3=3 S3=1 Y2=1 X2=1 Z2=1 C2=1 R2=3 S2=1 Y1=1 X1=1 Z1=1 C1=1 R1=1 S1=1 Y0=1 X0=1 Z0=1 C0=1 R0=5 S0=1] IntermediateRegister[P=1 Q=1 Z7=1 C7=1 R7=1 S7=1 Y6=1 X6=1 Z6=1 C6=1 R6=1 S6=1 Y5=1 X5=1 Z5=1 C5=1 R5=1 S5=1 Y4=1 X4=1 Z4=1 C4=1 R4=1 S4=1 Y3=1 X3=1 Z3=1 C3=1 R3=1 S3=1 Y2=1 X2=1 Z2=1 C2=1 R2=1 S2=1 Y1=1 X1=1 Z1=1 C1=1 R1=1 S1=1 Y0=1 X0=1 Z0=1 C0=1 R0=1 S0=1] OutRegister[P=1 Q=1 Z7=1 C7=1 R7=1 S7=1 Y6=1 X6=1 Z6=1 C6=1 R6=1 S6=1 Y5=1 X5=1 Z5=1 C5=1 R5=1 S5=1 Y4=1 X4=1 Z4=1 C4=1 R4=1 S4=1 Y3=1 X3=1 Z3=1 C3=1 R3=1 S3=1 Y2=1 X2=1 Z2=1 C2=1 R2=1 S2=1 Y1=1 X1=1 Z1=1 C1=1 R1=1 S1=1 Y0=1 X0=1 Z0=1 C0=1 R0=1 S0=1] Compute] 
fsrcnn_8layer_2026-02-21T06:51:04.953641,fsrcnn,8layer,full,8,eyeriss,thesis_arch,1056,524,128,128,128,120,False,True,,5.190e+04,1.889e+07,1.03e+06,"(31557100392, 12312518400)",1.0943155036348858e-05,0.09955072402954102,DRAM[P=540 Q=8 Z7=1 C7=1 R7=1 S7=1 Y6=540 X6=8 Z6=1 C6=1 R6=1 S6=1 Y5=540 X5=8 Z5=1 C5=1 R5=1 S5=1 Y4=540 X4=8 Z4=1 C4=1 R4=1 S4=1 Y3=540 X3=8 Z3=1 C3=1 R3=1 S3=1 Y2=540 X2=8 Z2=1 C2=1 R2=1 S2=1 Y1=540 X1=8 Z1=1 C1=1 R1=1 S1=1 Y0=540 X0=8 Z0=1 C0=1 R0=1 S0=1] GlobalBuffer[P=1 Q=15 Z7=1 C7=1 R7=1 S7=1 Y6=1 X6=60 Z6=1 C6=1 R6=1 S6=1 Y5=1 X5=12 Z5=1 C5=1 R5=1 S5=1 Y4=1 X4=12 Z4=1 C4=1 R4=1 S4=1 Y3=1 X3=12 Z3=1 C3=1 R3=1 S3=1 Y2=1 X2=12 Z2=1 C2=1 R2=1 S2=1 Y1=1 X1=12 Z1=1 C1=1 R1=1 S1=1 Y0=1 X0=60 Z0=1 C0=1 R0=1 S0=1] SACols[Q=8 Z7=16] SARows[S7=3 C7=28 Z7=1] SACols_6[X6=2 Z6=56] SARows_6[S6=1 C6=12 Z6=1] SACols_5[X5=10 Z5=12] SARows_5[S5=3 C5=12 Z5=1] SACols_4[X4=10 Z4=12] SARows_4[S4=3 C4=12 Z4=1] SACols_3[X3=10 Z3=12] SARows_3[S3=3 C3=12 Z3=1] SACols_2[X2=10 Z2=12] SARows_2[S2=3 C2=12 Z2=1] SACols_1[X1=10 Z1=12] SARows_1[S1=1 C1=56 Z1=1] SACols_0[X0=2 Z0=56] SARows_0[S0=5 C0=3 Z0=1] InRegister[P=1 Q=1 Z7=1 C7=1 R7=1 S7=1 Y6=1 X6=1 Z6=1 C6=1 R6=1 S6=1 Y5=1 X5=1 Z5=1 C5=1 R5=1 S5=1 Y4=1 X4=1 Z4=1 C4=1 R4=1 S4=1 Y3=1 X3=1 Z3=1 C3=1 R3=1 S3=1 Y2=1 X2=1 Z2=1 C2=1 R2=1 S2=1 Y1=1 X1=1 Z1=1 C1=1 R1=1 S1=1 Y0=1 X0=1 Z0=1 C0=1 R0=1 S0=1] WRegister[P=1 Q=1 Z7=1 C7=2 R7=3 S7=1 Y6=1 X6=1 Z6=1 C6=1 R6=1 S6=1 Y5=1 X5=1 Z5=1 C5=1 R5=3 S5=1 Y4=1 X4=1 Z4=1 C4=1 R4=3 S4=1 Y3=1 X3=1 Z3=1 C3=1 R3=3 S3=1 Y2=1 X2=1 Z2=1 C2=1 R2=3 S2=1 Y1=1 X1=1 Z1=1 C1=1 R1=1 S1=1 Y0=1 X0=1 Z0=1 C0=1 R0=5 S0=1] IntermediateRegister[P=1 Q=1 Z7=1 C7=1 R7=1 S7=1 Y6=1 X6=1 Z6=1 C6=1 R6=1 S6=1 Y5=1 X5=1 Z5=1 C5=1 R5=1 S5=1 Y4=1 X4=1 Z4=1 C4=1 R4=1 S4=1 Y3=1 X3=1 Z3=1 C3=1 R3=1 S3=1 Y2=1 X2=1 Z2=1 C2=1 R2=1 S2=1 Y1=1 X1=1 Z1=1 C1=1 R1=1 S1=1 Y0=1 X0=1 Z0=1 C0=1 R0=1 S0=1] OutRegister[P=1 Q=1 Z7=1 C7=1 R7=1 S7=1 Y6=1 X6=1 Z6=1 C6=1 R6=1 S6=1 Y5=1 X5=1 Z5=1 C5=1 R5=1 S5=1 Y4=1 X4=1 Z4=1 C4=1 R4=1 S4=1 Y3=1 X3=1 Z3=1 C3=1 R3=1 S3=1 Y2=1 X2=1 Z2=1 C2=1 R2=1 S2=1 Y1=1 X1=1 Z1=1 C1=1 R1=1 S1=1 Y0=1 X0=1 Z0=1 C0=1 R0=1 S0=1] Compute] 
fsrcnn_8layer_2026-02-21T06:51:05.317065,fsrcnn,8layer,full,8,eyeriss,thesis_arch,1056,524,128,256,4,120,False,True,,5.190e+04,1.944e+07,1.04e+06,"(31557100392, 12312518400)",0.0073438270306525055,0.1027371883392334,DRAM[P=540 Q=8 Z7=1 C7=1 R7=1 S7=1 Y6=540 X6=8 Z6=1 C6=1 R6=1 S6=1 Y5=540 X5=8 Z5=1 C5=1 R5=1 S5=1 Y4=540 X4=8 Z4=1 C4=1 R4=1 S4=1 Y3=540 X3=8 Z3=1 C3=1 R3=1 S3=1 Y2=540 X2=8 Z2=1 C2=1 R2=1 S2=1 Y1=540 X1=8 Z1=1 C1=1 R1=1 S1=1 Y0=540 X0=8 Z0=1 C0=1 R0=1 S0=1] GlobalBuffer[P=1 Q=120 Z7=1 C7=1 R7=1 S7=1 Y6=1 X6=120 Z6=1 C6=1 R6=1 S6=1 Y5=1 X5=120 Z5=1 C5=1 R5=1 S5=1 Y4=1 X4=120 Z4=1 C4=1 R4=1 S4=1 Y3=1 X3=120 Z3=1 C3=1 R3=1 S3=1 Y2=1 X2=120 Z2=1 C2=1 R2=1 S2=1 Y1=1 X1=120 Z1=1 C1=1 R1=1 S1=1 Y0=1 X0=120 Z0=1 C0=1 R0=1 S0=1] SACols[Q=1 Z7=4] SARows[S7=3 C7=56 Z7=1] SACols_6[X6=1 Z6=4] SARows_6[S6=1 C6=12 Z6=14] SACols_5[X5=1 Z5=4] SARows_5[S5=3 C5=12 Z5=3] SACols_4[X4=1 Z4=4] SARows_4[S4=3 C4=12 Z4=3] SACols_3[X3=1 Z3=4] SARows_3[S3=3 C3=12 Z3=3] SACols_2[X2=1 Z2=4] SARows_2[S2=3 C2=12 Z2=3] SACols_1[X1=1 Z1=4] SARows_1[S1=1 C1=56 Z1=3] SACols_0[X0=1 Z0=4] SARows_0[S0=5 C0=3 Z0=14] InRegister[P=1 Q=1 Z7=1 C7=1 R7=1 S7=1 Y6=1 X6=1 Z6=1 C6=1 R6=1 S6=1 Y5=1 X5=1 Z5=1 C5=1 R5=1 S5=1 Y4=1 X4=1 Z4=1 C4=1 R4=1 S4=1 Y3=1 X3=1 Z3=1 C3=1 R3=1 S3=1 Y2=1 X2=1 Z2=1 C2=1 R2=1 S2=1 Y1=1 X1=1 Z1=1 C1=1 R1=1 S1=1 Y0=1 X0=1 Z0=1 C0=1 R0=1 S0=1] WRegister[P=1 Q=1 Z7=1 C7=1 R7=3 S7=1 Y6=1 X6=1 Z6=1 C6=1 R6=1 S6=1 Y5=1 X5=1 Z5=1 C5=1 R5=3 S5=1 Y4=1 X4=1 Z4=1 C4=1 R4=3 S4=1 Y3=1 X3=1 Z3=1 C3=1 R3=3 S3=1 Y2=1 X2=1 Z2=1 C2=1 R2=3 S2=1 Y1=1 X1=1 Z1=1 C1=1 R1=1 S1=1 Y0=1 X0=1 Z0=1 C0=1 R0=5 S0=1] IntermediateRegister[P=1 Q=1 Z7=1 C7=1 R7=1 S7=1 Y6=1 X6=1 Z6=1 C6=1 R6=1 S6=1 Y5=1 X5=1 Z5=1 C5=1 R5=1 S5=1 Y4=1 X4=1 Z4=1 C4=1 R4=1 S4=1 Y3=1 X3=1 Z3=1 C3=1 R3=1 S3=1 Y2=1 X2=1 Z2=1 C2=1 R2=1 S2=1 Y1=1 X1=1 Z1=1 C1=1 R1=1 S1=1 Y0=1 X0=1 Z0=1 C0=1 R0=1 S0=1] OutRegister[P=1 Q=1 Z7=4 C7=1 R7=1 S7=1 Y6=1 X6=1 Z6=1 C6=1 R6=1 S6=1 Y5=1 X5=1 Z5=1 C5=1 R5=1 S5=1 Y4=1 X4=1 Z4=1 C4=1 R4=1 S4=1 Y3=1 X3=1 Z3=1 C3=1 R3=1 S3=1 Y2=1 X2=1 Z2=1 C2=1 R2=1 S2=1 Y1=1 X1=1 Z1=1 C1=1 R1=1 S1=1 Y0=1 X0=1 Z0=1 C0=1 R0=1 S0=1] Compute] 
fsrcnn_8layer_2026-02-21T06:51:05.690445,fsrcnn,8layer,full,8,eyeriss,thesis_arch,1056,524,128,256,16,120,False,True,,5.190e+04,1.918e+07,1.04e+06,"(31557100392, 12312518400)",4.482316302888492e-07,0.1294386386871338,DRAM[P=540 Q=8 Z7=1 C7=1 R7=1 S7=1 Y6=540 X6=8 Z6=1 C6=1 R6=1 S6=1 Y5=540 X5=8 Z5=1 C5=1 R5=1 S5=1 Y4=540 X4=8 Z4=1 C4=1 R4=1 S4=1 Y3=540 X3=8 Z3=1 C3=1 R3=1 S3=1 Y2=540 X2=8 Z2=1 C2=1 R2=1 S2=1 Y1=540 X1=8 Z1=1 C1=1 R1=1 S1=1 Y0=540 X0=8 Z0=1 C0=1 R0=1 S0=1] GlobalBuffer[P=1 Q=120 Z7=1 C7=1 R7=1 S7=1 Y6=1 X6=120 Z6=1 C6=1 R6=1 S6=1 Y5=1 X5=120 Z5=1 C5=1 R5=1 S5=1 Y4=1 X4=120 Z4=1 C4=1 R4=1 S4=1 Y3=1 X3=120 Z3=1 C3=1 R3=1 S3=1 Y2=1 X2=120 Z2=1 C2=1 R2=1 S2=1 Y1=1 X1=120 Z1=1 C1=1 R1=1 S1=1 Y0=1 X0=120 Z0=1 C0=1 R0=1 S0=1] SACols[Q=1 Z7=16] SARows[S7=3 C7=56 Z7=1] SACols_6[X6=1 Z6=14] SARows_6[S6=1 C6=12 Z6=4] SACols_5[X5=1 Z5=12] SARows_5[S5=3 C5=12 Z5=1] SACols_4[X4=1 Z4=12] SARows_4[S4=3 C4=12 Z4=1] SACols_3[X3=1 Z3=12] SARows_3[S3=3 C3=12 Z3=1] SACols_2[X2=1 Z2=12] SARows_2[S2=3 C2=12 Z2=1] SACols_1[X1=1 Z1=12] SARows_1[S1=1 C1=56 Z1=1] SACols_0[X0=1 Z0=14] SARows_0[S0=5 C0=3 Z0=4] InRegister[P=1 Q=1 Z7=1 C7=1 R7=1 S7=1 Y6=1 X6=1 Z6=1 C6=1 R6=1 S6=1 Y5=1 X5=1 Z5=1 C5=1 R5=1 S5=1 Y4=1 X4=1 Z4=1 C4=1 R4=1 S4=1 Y3=1 X3=1 Z3=1 C3=1 R3=1 S3=1 Y2=1 X2=1 Z2=1 C2=1 R2=1 S2=1 Y1=1 X1=1 Z1=1 C1=1 R1=1 S1=1 Y0=1 X0=1 Z0=1 C0=1 R0=1 S0=1] WRegister[P=1 Q=1 Z7=1 C7=1 R7=3 S7=1 Y6=1 X6=1 Z6=1 C6=1 R6=1 S6=1 Y5=1 X5=1 Z5=1 C5=1 R5=3 S5=1 Y4=1 X4=1 Z4=1 C4=1 R4=3 S4=1 Y3=1 X3=1 Z3=1 C3=1 R3=3 S3=1 Y2=1 X2=1 Z2=1 C2=1 R2=3 S2=1 Y1=1 X1=1 Z1=1 C1=1 R1=1 S1=1 Y0=1 X0=1 Z0=1 C0=1 R0=5 S0=1] IntermediateRegister[P=1 Q=1 Z7=1 C7=1 R7=1 S7=1 Y6=1 X6=1 Z6=1 C6=1 R6=1 S6=1 Y5=1 X5=1 Z5=1 C5=1 R5=1 S5=1 Y4=1 X4=1 Z4=1 C4=1 R4=1 S4=1 Y3=1 X3=1 Z3=1 C3=1 R3=1 S3=1 Y2=1 X2=1 Z2=1 C2=1 R2=1 S2=1 Y1=1 X1=1 Z1=1 C1=1 R1=1 S1=1 Y0=1 X0=1 Z0=1 C0=1 R0=1 S0=1] OutRegister[P=1 Q=1 Z7=1 C7=1 R7=1 S7=1 Y6=1 X6=1 Z6=1 C6=1 R6=1 S6=1 Y5=1 X5=1 Z5=1 C5=1 R5=1 S5=1 Y4=1 X4=1 Z4=1 C4=1 R4=1 S4=1 Y3=1 X3=1 Z3=1 C3=1 R3=1 S3=1 Y2=1 X2=1 Z2=1 C2=1 R2=1 S2=1 Y1=1 X1=1 Z1=1 C1=1 R1=1 S1=1 Y0=1 X0=1 Z0=1 C0=1 R0=1 S0=1] Compute] 
fsrcnn_8layer_2026-02-21T06:51:06.141607,fsrcnn,8layer,full,8,eyeriss,thesis_arch,1056,524,128,256,32,120,False,True,,5.190e+04,1.918e+07,1.04e+06,"(31557100392, 12312518400)",1.120579075722123e-07,0.1195378303527832,DRAM[P=540 Q=8 Z7=1 C7=1 R7=1 S7=1 Y6=540 X6=8 Z6=1 C6=1 R6=1 S6=1 Y5=540 X5=8 Z5=1 C5=1 R5=1 S5=1 Y4=540 X4=8 Z4=1 C4=1 R4=1 S4=1 Y3=540 X3=8 Z3=1 C3=1 R3=1 S3=1 Y2=540 X2=8 Z2=1 C2=1 R2=1 S2=1 Y1=540 X1=8 Z1=1 C1=1 R1=1 S1=1 Y0=540 X0=8 Z0=1 C0=1 R0=1 S0=1] GlobalBuffer[P=1 Q=60 Z7=1 C7=1 R7=1 S7=1 Y6=1 X6=120 Z6=1 C6=1 R6=1 S6=1 Y5=1 X5=60 Z5=1 C5=1 R5=1 S5=1 Y4=1 X4=60 Z4=1 C4=1 R4=1 S4=1 Y3=1 X3=60 Z3=1 C3=1 R3=1 S3=1 Y2=1 X2=60 Z2=1 C2=1 R2=1 S2=1 Y1=1 X1=60 Z1=1 C1=1 R1=1 S1=1 Y0=1 X0=120 Z0=1 C0=1 R0=1 S0=1] SACols[Q=2 Z7=16] SARows[S7=3 C7=56 Z7=1] SACols_6[X6=1 Z6=28] SARows_6[S6=1 C6=12 Z6=2] SACols_5[X5=2 Z5=12] SARows_5[S5=3 C5=12 Z5=1] SACols_4[X4=2 Z4=12] SARows_4[S4=3 C4=12 Z4=1] SACols_3[X3=2 Z3=12] SARows_3[S3=3 C3=12 Z3=1] SACols_2[X2=2 Z2=12] SARows_2[S2=3 C2=12 Z2=1] SACols_1[X1=2 Z1=12] SARows_1[S1=1 C1=56 Z1=1] SACols_0[X0=1 Z0=28] SARows_0[S0=5 C0=3 Z0=2] InRegister[P=1 Q=1 Z7=1 C7=1 R7=1 S7=1 Y6=1 X6=1 Z6=1 C6=1 R6=1 S6=1 Y5=1 X5=1 Z5=1 C5=1 R5=1 S5=1 Y4=1 X4=1 Z4=1 C4=1 R4=1 S4=1 Y3=1 X3=1 Z3=1 C3=1 R3=1 S3=1 Y2=1 X2=1 Z2=1 C2=1 R2=1 S2=1 Y1=1 X1=1 Z1=1 C1=1 R1=1 S1=1 Y0=1 X0=1 Z0=1 C0=1 R0=1 S0=1] WRegister[P=1 Q=1 Z7=1 C7=1 R7=3 S7=1 Y6=1 X6=1 Z6=1 C6=1 R6=1 S6=1 Y5=1 X5=1 Z5=1 C5=1 R5=3 S5=1 Y4=1 X4=1 Z4=1 C4=1 R4=3 S4=1 Y3=1 X3=1 Z3=1 C3=1 R3=3 S3=1 Y2=1 X2=1 Z2=1 C2=1 R2=3 S2=1 Y1=1 X1=1 Z1=1 C1=1 R1=1 S1=1 Y0=1 X0=1 Z0=1 C0=1 R0=5 S0=1] IntermediateRegister[P=1 Q=1 Z7=1 C7=1 R7=1 S7=1 Y6=1 X6=1 Z6=1 C6=1 R6=1 S6=1 Y5=1 X5=1 Z5=1 C5=1 R5=1 S5=1 Y4=1 X4=1 Z4=1 C4=1 R4=1 S4=1 Y3=1 X3=1 Z3=1 C3=1 R3=1 S3=1 Y2=1 X2=1 Z2=1 C2=1 R2=1 S2=1 Y1=1 X1=1 Z1=1 C1=1 R1=1 S1=1 Y0=1 X0=1 Z0=1 C0=1 R0=1 S0=1] OutRegister[P=1 Q=1 Z7=1 C7=1 R7=1 S7=1 Y6=1 X6=1 Z6=1 C6=1 R6=1 S6=1 Y5=1 X5=1 Z5=1 C5=1 R5=1 S5=1 Y4=1 X4=1 Z4=1 C4=1 R4=1 S4=1 Y3=1 X3=1 Z3=1 C3=1 R3=1 S3=1 Y2=1 X2=1 Z2=1 C2=1 R2=1 S2=1 Y1=1 X1=1 Z1=1 C1=1 R1=1 S1=1 Y0=1 X0=1 Z0=1 C0=1 R0=1 S0=1] Compute] 
fsrcnn_8layer_2026-02-21T06:51:06.544140,fsrcnn,8layer,full,8,eyeriss,thesis_arch,1056,524,128,256,64,120,False,True,,5.190e+04,1.918e+07,1.04e+06,"(31557100392, 12312518400)",8.549339872147545e-08,0.13275909423828125,DRAM[P=540 Q=8 Z7=1 C7=1 R7=1 S7=1 Y6=540 X6=8 Z6=1 C6=1 R6=1 S6=1 Y5=540 X5=8 Z5=1 C5=1 R5=1 S5=1 Y4=540 X4=8 Z4=1 C4=1 R4=1 S4=1 Y3=540 X3=8 Z3=1 C3=1 R3=1 S3=1 Y2=540 X2=8 Z2=1 C2=1 R2=1 S2=1 Y1=540 X1=8 Z1=1 C1=1 R1=1 S1=1 Y0=540 X0=8 Z0=1 C0=1 R0=1 S0=1] GlobalBuffer[P=1 Q=30 Z7=1 C7=1 R7=1 S7=1 Y6=1 X6=120 Z6=1 C6=1 R6=1 S6=1 Y5=1 X5=24 Z5=1 C5=1 R5=1 S5=1 Y4=1 X4=24 Z4=1 C4=1 R4=1 S4=1 Y3=1 X3=24 Z3=1 C3=1 R3=1 S3=1 Y2=1 X2=24 Z2=1 C2=1 R2=1 S2=1 Y1=1 X1=24 Z1=1 C1=1 R1=1 S1=1 Y0=1 X0=120 Z0=1 C0=1 R0=1 S0=1] SACols[Q=4 Z7=16] SARows[S7=3 C7=56 Z7=1] SACols_6[X6=1 Z6=56] SARows_6[S6=1 C6=12 Z6=1] SACols_5[X5=5 Z5=12] SARows_5[S5=3 C5=12 Z5=1] SACols_4[X4=5 Z4=12] SARows_4[S4=3 C4=12 Z4=1] SACols_3[X3=5 Z3=12] SARows_3[S3=3 C3=12 Z3=1] SACols_2[X2=5 Z2=12] SARows_2[S2=3 C2=12 Z2=1] SACols_1[X1=5 Z1=12] SARows_1[S1=1 C1=56 Z1=1] SACols_0[X0=1 Z0=56] SARows_0[S0=5 C0=3 Z0=1] InRegister[P=1 Q=1 Z7=1 C7=1 R7=1 S7=1 Y6=1 X6=1 Z6=1 C6=1 R6=1 S6=1 Y5=1 X5=1 Z5=1 C5=1 R5=1 S5=1 Y4=1 X4=1 Z4=1 C4=1 R4=1 S4=1 Y3=1 X3=1 Z3=1 C3=1 R3=1 S3=1 Y2=1 X2=1 Z2=1 C2=1 R2=1 S2=1 Y1=1 X1=1 Z1=1 C1=1 R1=1 S1=1 Y0=1 X0=1 Z0=1 C0=1 R0=1 S0=1] WRegister[P=1 Q=1 Z7=1 C7=1 R7=3 S7=1 Y6=1 X6=1 Z6=1 C6=1 R6=1 S6=1 Y5=1 X5=1 Z5=1 C5=1 R5=3 S5=1 Y4=1 X4=1 Z4=1 C4=1 R4=3 S4=1 Y3=1 X3=1 Z3=1 C3=1 R3=3 S3=1 Y2=1 X2=1 Z2=1 C2=1 R2=3 S2=1 Y1=1 X1=1 Z1=1 C1=1 R1=1 S1=1 Y0=1 X0=1 Z0=1 C0=1 R0=5 S0=1] IntermediateRegister[P=1 Q=1 Z7=1 C7=1 R7=1 S7=1 Y6=1 X6=1 Z6=1 C6=1 R6=1 S6=1 Y5=1 X5=1 Z5=1 C5=1 R5=1 S5=1 Y4=1 X4=1 Z4=1 C4=1 R4=1 S4=1 Y3=1 X3=1 Z3=1 C3=1 R3=1 S3=1 Y2=1 X2=1 Z2=1 C2=1 R2=1 S2=1 Y1=1 X1=1 Z1=1 C1=1 R1=1 S1=1 Y0=1 X0=1 Z0=1 C0=1 R0=1 S0=1] OutRegister[P=1 Q=1 Z7=1 C7=1 R7=1 S7=1 Y6=1 X6=1 Z6=1 C6=1 R6=1 S6=1 Y5=1 X5=1 Z5=1 C5=1 R5=1 S5=1 Y4=1 X4=1 Z4=1 C4=1 R4=1 S4=1 Y3=1 X3=1 Z3=1 C3=1 R3=1 S3=1 Y2=1 X2=1 Z2=1 C2=1 R2=1 S2=1 Y1=1 X1=1 Z1=1 C1=1 R1=1 S1=1 Y0=1 X0=1 Z0=1 C0=1 R0=1 S0=1] Compute] 
fsrcnn_8layer_2026-02-21T06:51:07.028217,fsrcnn,8layer,full,8,eyeriss,thesis_arch,1056,524,128,512,4,120,False,True,,5.190e+04,1.918e+07,1.03e+06,"(31557100392, 12312518400)",5.73736486769727e-05,0.14231610298156738,DRAM[P=540 Q=8 Z7=1 C7=1 R7=1 S7=1 Y6=540 X6=8 Z6=1 C6=1 R6=1 S6=1 Y5=540 X5=8 Z5=1 C5=1 R5=1 S5=1 Y4=540 X4=8 Z4=1 C4=1 R4=1 S4=1 Y3=540 X3=8 Z3=1 C3=1 R3=1 S3=1 Y2=540 X2=8 Z2=1 C2=1 R2=1 S2=1 Y1=540 X1=8 Z1=1 C1=1 R1=1 S1=1 Y0=540 X0=8 Z0=1 C0=1 R0=1 S0=1] GlobalBuffer[P=1 Q=120 Z7=1 C7=1 R7=1 S7=1 Y6=1 X6=120 Z6=1 C6=1 R6=1 S6=1 Y5=1 X5=120 Z5=1 C5=1 R5=1 S5=1 Y4=1 X4=120 Z4=1 C4=1 R4=1 S4=1 Y3=1 X3=120 Z3=1 C3=1 R3=1 S3=1 Y2=1 X2=120 Z2=1 C2=1 R2=1 S2=1 Y1=1 X1=120 Z1=1 C1=1 R1=1 S1=1 Y0=1 X0=120 Z0=1 C0=1 R0=1 S0=1] SACols[Q=1 Z7=4] SARows[S7=3 C7=56 Z7=2] SACols_6[X6=1 Z6=4] SARows_6[S6=1 C6=12 Z6=14] SACols_5[X5=1 Z5=4] SARows_5[S5=3 C5=12 Z5=3] SACols_4[X4=1 Z4=4] SARows_4[S4=3 C4=12 Z4=3] SACols_3[X3=1 Z3=4] SARows_3[S3=3 C3=12 Z3=3] SACols_2[X2=1 Z2=4] SARows_2[S2=3 C2=12 Z2=3] SACols_1[X1=1 Z1=4] SARows_1[S1=1 C1=56 Z1=3] SACols_0[X0=1 Z0=4] SARows_0[S0=5 C0=3 Z0=14] InRegister[P=1 Q=1 Z7=1 C7=1 R7=1 S7=1 Y6=1 X6=1 Z6=1 C6=1 R6=1 S6=1 Y5=1 X5=1 Z5=1 C5=1 R5=1 S5=1 Y4=1 X4=1 Z4=1 C4=1 R4=1 S4=1 Y3=1 X3=1 Z3=1 C3=1 R3=1 S3=1 Y2=1 X2=1 Z2=1 C2=1 R2=1 S2=1 Y1=1 X1=1 Z1=1 C1=1 R1=1 S1=1 Y0=1 X0=1 Z0=1 C0=1 R0=1 S0=1] WRegister[P=1 Q=1 Z7=1 C7=1 R7=3 S7=1 Y6=1 X6=1 Z6=1 C6=1 R6=1 S6=1 Y5=1 X5=1 Z5=1 C5=1 R5=3 S5=1 Y4=1 X4=1 Z4=1 C4=1 R4=3 S4=1 Y3=1 X3=1 Z3=1 C3=1 R3=3 S3=1 Y2=1 X2=1 Z2=1 C2=1 R2=3 S2=1 Y1=1 X1=1 Z1=1 C1=1 R1=1 S1=1 Y0=1 X0=1 Z0=1 C0=1 R0=5 S0=1] IntermediateRegister[P=1 Q=1 Z7=1 C7=1 R7=1 S7=1 Y6=1 X6=1 Z6=1 C6=1 R6=1 S6=1 Y5=1 X5=1 Z5=1 C5=1 R5=1 S5=1 Y4=1 X4=1 Z4=1 C4=1 R4=1 S4=1 Y3=1 X3=1 Z3=1 C3=1 R3=1 S3=1 Y2=1 X2=1 Z2=1 C2=1 R2=1 S2=1 Y1=1 X1=1 Z1=1 C1=1 R1=1 S1=1 Y0=1 X0=1 Z0=1 C0=1 R0=1 S0=1] OutRegister[P=1 Q=1 Z7=2 C7=1 R7=1 S7=1 Y6=1 X6=1 Z6=1 C6=1 R6=1 S6=1 Y5=1 X5=1 Z5=1 C5=1 R5=1 S5=1 Y4=1 X4=1 Z4=1 C4=1 R4=1 S4=1 Y3=1 X3=1 Z3=1 C3=1 R3=1 S3=1 Y2=1 X2=1 Z2=1 C2=1 R2=1 S2=1 Y1=1 X1=1 Z1=1 C1=1 R1=1 S1=1 Y0=1 X0=1 Z0=1 C0=1 R0=1 S0=1] Compute] 
fsrcnn_8layer_2026-02-21T06:51:07.541660,fsrcnn,8layer,full,8,eyeriss,thesis_arch,1056,524,128,512,16,120,False,True,,5.190e+04,1.918e+07,1.04e+06,"(31557100392, 12312518400)",1.7509048058158172e-09,0.12466597557067871,DRAM[P=540 Q=8 Z7=1 C7=1 R7=1 S7=1 Y6=540 X6=8 Z6=1 C6=1 R6=1 S6=1 Y5=540 X5=8 Z5=1 C5=1 R5=1 S5=1 Y4=540 X4=8 Z4=1 C4=1 R4=1 S4=1 Y3=540 X3=8 Z3=1 C3=1 R3=1 S3=1 Y2=540 X2=8 Z2=1 C2=1 R2=1 S2=1 Y1=540 X1=8 Z1=1 C1=1 R1=1 S1=1 Y0=540 X0=8 Z0=1 C0=1 R0=1 S0=1] GlobalBuffer[P=1 Q=120 Z7=1 C7=1 R7=1 S7=1 Y6=1 X6=120 Z6=1 C6=1 R6=1 S6=1 Y5=1 X5=120 Z5=1 C5=1 R5=1 S5=1 Y4=1 X4=120 Z4=1 C4=1 R4=1 S4=1 Y3=1 X3=120 Z3=1 C3=1 R3=1 S3=1 Y2=1 X2=120 Z2=1 C2=1 R2=1 S2=1 Y1=1 X1=120 Z1=1 C1=1 R1=1 S1=1 Y0=1 X0=120 Z0=1 C0=1 R0=1 S0=1] SACols[Q=1 Z7=16] SARows[S7=3 C7=56 Z7=1] SACols_6[X6=1 Z6=14] SARows_6[S6=1 C6=12 Z6=4] SACols_5[X5=1 Z5=12] SARows_5[S5=3 C5=12 Z5=1] SACols_4[X4=1 Z4=12] SARows_4[S4=3 C4=12 Z4=1] SACols_3[X3=1 Z3=12] SARows_3[S3=3 C3=12 Z3=1] SACols_2[X2=1 Z2=12] SARows_2[S2=3 C2=12 Z2=1] SACols_1[X1=1 Z1=12] SARows_1[S1=1 C1=56 Z1=1] SACols_0[X0=1 Z0=14] SARows_0[S0=5 C0=3 Z0=4] InRegister[P=1 Q=1 Z7=1 C7=1 R7=1 S7=1 Y6=1 X6=1 Z6=1 C6=1 R6=1 S6=1 Y5=1 X5=1 Z5=1 C5=1 R5=1 S5=1 Y4=1 X4=1 Z4=1 C4=1 R4=1 S4=1 Y3=1 X3=1 Z3=1 C3=1 R3=1 S3=1 Y2=1 X2=1 Z2=1 C2=1 R2=1 S2=1 Y1=1 X1=1 Z1=1 C1=1 R1=1 S1=1 Y0=1 X0=1 Z0=1 C0=1 R0=1 S0=1] WRegister[P=1 Q=1 Z7=1 C7=1 R7=3 S7=1 Y6=1 X6=1 Z6=1 C6=1 R6=1 S6=1 Y5=1 X5=1 Z5=1 C5=1 R5=3 S5=1 Y4=1 X4=1 Z4=1 C4=1 R4=3 S4=1 Y3=1 X3=1 Z3=1 C3=1 R3=3 S3=1 Y2=1 X2=1 Z2=1 C2=1 R2=3 S2=1 Y1=1 X1=1 Z1=1 C1=1 R1=1 S1=1 Y0=1 X0=1 Z0=1 C0=1 R0=5 S0=1] IntermediateRegister[P=1 Q=1 Z7=1 C7=1 R7=1 S7=1 Y6=1 X6=1 Z6=1 C6=1 R6=1 S6=1 Y5=1 X5=1 Z5=1 C5=1 R5=1 S5=1 Y4=1 X4=1 Z4=1 C4=1 R4=1 S4=1 Y3=1 X3=1 Z3=1 C3=1 R3=1 S3=1 Y2=1 X2=1 Z2=1 C2=1 R2=1 S2=1 Y1=1 X1=1 Z1=1 C1=1 R1=1 S1=1 Y0=1 X0=1 Z0=1 C0=1 R0=1 S0=1] OutRegister[P=1 Q=1 Z7=1 C7=1 R7=1 S7=1 Y6=1 X6=1 Z6=1 C6=1 R6=1 S6=1 Y5=1 X5=1 Z5=1 C5=1 R5=1 S5=1 Y4=1 X4=1 Z4=1 C4=1 R4=1 S4=1 Y3=1 X3=1 Z3=1 C3=1 R3=1 S3=1 Y2=1 X2=1 Z2=1 C2=1 R2=1 S2=1 Y1=1 X1=1 Z1=1 C1=1 R1=1 S1=1 Y0=1 X0=1 Z0=1 C0=1 R0=1 S0=1] Compute] 
fsrcnn_8layer_2026-02-21T06:51:08.101661,fsrcnn,8layer,full,8,eyeriss,thesis_arch,1056,524,128,512,32,120,False,True,,5.190e+04,1.918e+07,1.04e+06,"(31557100392, 12312518400)",4.377262014539543e-10,0.11657166481018066,DRAM[P=540 Q=8 Z7=1 C7=1 R7=1 S7=1 Y6=540 X6=8 Z6=1 C6=1 R6=1 S6=1 Y5=540 X5=8 Z5=1 C5=1 R5=1 S5=1 Y4=540 X4=8 Z4=1 C4=1 R4=1 S4=1 Y3=540 X3=8 Z3=1 C3=1 R3=1 S3=1 Y2=540 X2=8 Z2=1 C2=1 R2=1 S2=1 Y1=540 X1=8 Z1=1 C1=1 R1=1 S1=1 Y0=540 X0=8 Z0=1 C0=1 R0=1 S0=1] GlobalBuffer[P=1 Q=60 Z7=1 C7=1 R7=1 S7=1 Y6=1 X6=120 Z6=1 C6=1 R6=1 S6=1 Y5=1 X5=60 Z5=1 C5=1 R5=1 S5=1 Y4=1 X4=60 Z4=1 C4=1 R4=1 S4=1 Y3=1 X3=60 Z3=1 C3=1 R3=1 S3=1 Y2=1 X2=60 Z2=1 C2=1 R2=1 S2=1 Y1=1 X1=60 Z1=1 C1=1 R1=1 S1=1 Y0=1 X0=120 Z0=1 C0=1 R0=1 S0=1] SACols[Q=2 Z7=16] SARows[S7=3 C7=56 Z7=1] SACols_6[X6=1 Z6=28] SARows_6[S6=1 C6=12 Z6=2] SACols_5[X5=2 Z5=12] SARows_5[S5=3 C5=12 Z5=1] SACols_4[X4=2 Z4=12] SARows_4[S4=3 C4=12 Z4=1] SACols_3[X3=2 Z3=12] SARows_3[S3=3 C3=12 Z3=1] SACols_2[X2=2 Z2=12] SARows_2[S2=3 C2=12 Z2=1] SACols_1[X1=2 Z1=12] SARows_1[S1=1 C1=56 Z1=1] SACols_0[X0=1 Z0=28] SARows_0[S0=5 C0=3 Z0=2] InRegister[P=1 Q=1 Z7=1 C7=1 R7=1 S7=1 Y6=1 X6=1 Z6=1 C6=1 R6=1 S6=1 Y5=1 X5=1 Z5=1 C5=1 R5=1 S5=1 Y4=1 X4=1 Z4=1 C4=1 R4=1 S4=1 Y3=1 X3=1 Z3=1 C3=1 R3=1 S3=1 Y2=1 X2=1 Z2=1 C2=1 R2=1 S2=1 Y1=1 X1=1 Z1=1 C1=1 R1=1 S1=1 Y0=1 X0=1 Z0=1 C0=1 R0=1 S0=1] WRegister[P=1 Q=1 Z7=1 C7=1 R7=3 S7=1 Y6=1 X6=1 Z6=1 C6=1 R6=1 S6=1 Y5=1 X5=1 Z5=1 C5=1 R5=3 S5=1 Y4=1 X4=1 Z4=1 C4=1 R4=3 S4=1 Y3=1 X3=1 Z3=1 C3=1 R3=3 S3=1 Y2=1 X2=1 Z2=1 C2=1 R2=3 S2=1 Y1=1 X1=1 Z1=1 C1=1 R1=1 S1=1 Y0=1 X0=1 Z0=1 C0=1 R0=5 S0=1] IntermediateRegister[P=1 Q=1 Z7=1 C7=1 R7=1 S7=1 Y6=1 X6=1 Z6=1 C6=1 R6=1 S6=1 Y5=1 X5=1 Z5=1 C5=1 R5=1 S5=1 Y4=1 X4=1 Z4=1 C4=1 R4=1 S4=1 Y3=1 X3=1 Z3=1 C3=1 R3=1 S3=1 Y2=1 X2=1 Z2=1 C2=1 R2=1 S2=1 Y1=1 X1=1 Z1=1 C1=1 R1=1 S1=1 Y0=1 X0=1 Z0=1 C0=1 R0=1 S0=1] OutRegister[P=1 Q=1 Z7=1 C7=1 R7=1 S7=1 Y6=1 X6=1 Z6=1 C6=1 R6=1 S6=1 Y5=1 X5=1 Z5=1 C5=1 R5=1 S5=1 Y4=1 X4=1 Z4=1 C4=1 R4=1 S4=1 Y3=1 X3=1 Z3=1 C3=1 R3=1 S3=1 Y2=1 X2=1 Z2=1 C2=1 R2=1 S2=1 Y1=1 X1=1 Z1=1 C1=1 R1=1 S1=1 Y0=1 X0=1 Z0=1 C0=1 R0=1 S0=1] Compute] 
fsrcnn_8layer_2026-02-21T06:51:08.517518,fsrcnn,8layer,full,8,eyeriss,thesis_arch,1056,524,128,4,4,120,False,False,"Arch: Eyeriss_Constrained_8L_tile120_4x4 -> Level: SARows_0: Failed to fit comp to arch because the level's constraint (S0: 4) does not divide comp dimension S0 (5) exactly. To compensate, consider setting 'Settings.PADDED_MAPPINGS' to True.",0.000e+00,0.000e+00,0.00e+00,0,0.0,0.0,
fsrcnn_8layer_2026-02-21T06:51:08.833258,fsrcnn,8layer,full,8,eyeriss,thesis_arch,1056,524,128,4,16,120,False,False,"Arch: Eyeriss_Constrained_8L_tile120_16x4 -> Level: SARows_0: Failed to fit comp to arch because the level's constraint (S0: 4) does not divide comp dimension S0 (5) exactly. To compensate, consider setting 'Settings.PADDED_MAPPINGS' to True.",0.000e+00,0.000e+00,0.00e+00,0,0.0,0.0,
fsrcnn_8layer_2026-02-21T06:51:09.085181,fsrcnn,8layer,full,8,eyeriss,thesis_arch,1056,524,128,4,32,120,False,False,"Arch: Eyeriss_Constrained_8L_tile120_32x4 -> Level: SARows_0: Failed to fit comp to arch because the level's constraint (S0: 4) does not divide comp dimension S0 (5) exactly. To compensate, consider setting 'Settings.PADDED_MAPPINGS' to True.",0.000e+00,0.000e+00,0.00e+00,0,0.0,0.0,
fsrcnn_8layer_2026-02-21T06:51:09.382275,fsrcnn,8layer,full,8,eyeriss,thesis_arch,1056,524,128,4,64,120,False,False,"Arch: Eyeriss_Constrained_8L_tile120_64x4 -> Level: SARows_0: Failed to fit comp to arch because the level's constraint (S0: 4) does not divide comp dimension S0 (5) exactly. To compensate, consider setting 'Settings.PADDED_MAPPINGS' to True.",0.000e+00,0.000e+00,0.00e+00,0,0.0,0.0,
fsrcnn_8layer_2026-02-21T06:51:09.680563,fsrcnn,8layer,full,8,eyeriss,thesis_arch,1056,524,128,4,128,120,False,False,"Arch: Eyeriss_Constrained_8L_tile120_128x4 -> Level: SARows_0: Failed to fit comp to arch because the level's constraint (S0: 4) does not divide comp dimension S0 (5) exactly. To compensate, consider setting 'Settings.PADDED_MAPPINGS' to True.",0.000e+00,0.000e+00,0.00e+00,0,0.0,0.0,
fsrcnn_8layer_2026-02-21T06:51:09.910045,fsrcnn,8layer,full,8,eyeriss,thesis_arch,1056,524,128,4,256,120,False,False,"Arch: Eyeriss_Constrained_8L_tile120_256x4 -> Level: SARows_0: Failed to fit comp to arch because the level's constraint (S0: 4) does not divide comp dimension S0 (5) exactly. To compensate, consider setting 'Settings.PADDED_MAPPINGS' to True.",0.000e+00,0.000e+00,0.00e+00,0,0.0,0.0,
fsrcnn_8layer_2026-02-21T06:51:10.178034,fsrcnn,8layer,full,8,eyeriss,thesis_arch,1056,524,128,4,512,120,False,False,"Arch: Eyeriss_Constrained_8L_tile120_512x4 -> Level: SARows_0: Failed to fit comp to arch because the level's constraint (S0: 4) does not divide comp dimension S0 (5) exactly. To compensate, consider setting 'Settings.PADDED_MAPPINGS' to True.",0.000e+00,0.000e+00,0.00e+00,0,0.0,0.0,
fsrcnn_8layer_2026-02-21T06:51:10.420725,fsrcnn,8layer,full,8,eyeriss,thesis_arch,1056,524,128,16,4,120,False,False,"Ill-posed constraints:
CONSTRAINTS VIOLATION: Arch: Eyeriss_Constrained_8L_tile120_4x16 -> Level: InRegister: memory footprint: 93 VS memory available: 34
CONSTRAINTS VIOLATION: Arch: Eyeriss_Constrained_8L_tile120_4x16 -> Level: WRegister: memory footprint: 372 VS memory available: 300
CONSTRAINTS VIOLATION: Arch: Eyeriss_Constrained_8L_tile120_4x16 -> Level: IntermediateRegister: memory footprint: 43 VS memory available: 32",0.000e+00,0.000e+00,0.00e+00,0,0.0,0.0,
fsrcnn_8layer_2026-02-21T06:51:10.705118,fsrcnn,8layer,full,8,eyeriss,thesis_arch,1056,524,128,16,16,120,False,False,"Ill-posed constraints:
CONSTRAINTS VIOLATION: Arch: Eyeriss_Constrained_8L_tile120_16x16 -> Level: InRegister: memory footprint: 93 VS memory available: 34",0.000e+00,0.000e+00,0.00e+00,0,0.0,0.0,
fsrcnn_8layer_2026-02-21T06:51:10.956306,fsrcnn,8layer,full,8,eyeriss,thesis_arch,1056,524,128,16,32,120,False,False,"Ill-posed constraints:
CONSTRAINTS VIOLATION: Arch: Eyeriss_Constrained_8L_tile120_32x16 -> Level: InRegister: memory footprint: 93 VS memory available: 34",0.000e+00,0.000e+00,0.00e+00,0,0.0,0.0,
fsrcnn_8layer_2026-02-21T06:51:11.202864,fsrcnn,8layer,full,8,eyeriss,thesis_arch,1056,524,128,16,64,120,False,False,"Ill-posed constraints:
CONSTRAINTS VIOLATION: Arch: Eyeriss_Constrained_8L_tile120_64x16 -> Level: InRegister: memory footprint: 93 VS memory available: 34",0.000e+00,0.000e+00,0.00e+00,0,0.0,0.0,
fsrcnn_8layer_2026-02-21T06:51:11.451623,fsrcnn,8layer,full,8,eyeriss,thesis_arch,1056,524,128,16,128,120,False,False,"Ill-posed constraints:
CONSTRAINTS VIOLATION: Arch: Eyeriss_Constrained_8L_tile120_128x16 -> Level: InRegister: memory footprint: 93 VS memory available: 34",0.000e+00,0.000e+00,0.00e+00,0,0.0,0.0,
fsrcnn_8layer_2026-02-21T06:51:11.749337,fsrcnn,8layer,full,8,eyeriss,thesis_arch,1056,524,128,16,256,120,False,False,"Ill-posed constraints:
CONSTRAINTS VIOLATION: Arch: Eyeriss_Constrained_8L_tile120_256x16 -> Level: InRegister: memory footprint: 93 VS memory available: 34",0.000e+00,0.000e+00,0.00e+00,0,0.0,0.0,
fsrcnn_8layer_2026-02-21T06:51:12.118819,fsrcnn,8layer,full,8,eyeriss,thesis_arch,1056,524,128,16,512,120,False,False,"Ill-posed constraints:
CONSTRAINTS VIOLATION: Arch: Eyeriss_Constrained_8L_tile120_512x16 -> Level: InRegister: memory footprint: 93 VS memory available: 34",0.000e+00,0.000e+00,0.00e+00,0,0.0,0.0,
fsrcnn_8layer_2026-02-21T06:51:12.473472,fsrcnn,8layer,full,8,eyeriss,thesis_arch,1056,524,128,32,4,120,False,False,"Ill-posed constraints:
CONSTRAINTS VIOLATION: Arch: Eyeriss_Constrained_8L_tile120_4x32 -> Level: InRegister: memory footprint: 58 VS memory available: 34",0.000e+00,0.000e+00,0.00e+00,0,0.0,0.0,
fsrcnn_8layer_2026-02-21T06:51:12.779574,fsrcnn,8layer,full,8,eyeriss,thesis_arch,1056,524,128,32,16,120,False,False,"Ill-posed constraints:
CONSTRAINTS VIOLATION: Arch: Eyeriss_Constrained_8L_tile120_16x32 -> Level: InRegister: memory footprint: 58 VS memory available: 34",0.000e+00,0.000e+00,0.00e+00,0,0.0,0.0,
fsrcnn_8layer_2026-02-21T06:51:13.111955,fsrcnn,8layer,full,8,eyeriss,thesis_arch,1056,524,128,32,32,120,False,False,"Ill-posed constraints:
CONSTRAINTS VIOLATION: Arch: Eyeriss_Constrained_8L_tile120_32x32 -> Level: InRegister: memory footprint: 58 VS memory available: 34",0.000e+00,0.000e+00,0.00e+00,0,0.0,0.0,
fsrcnn_8layer_2026-02-21T06:51:13.562646,fsrcnn,8layer,full,8,eyeriss,thesis_arch,1056,524,128,32,64,120,False,False,"Ill-posed constraints:
CONSTRAINTS VIOLATION: Arch: Eyeriss_Constrained_8L_tile120_64x32 -> Level: InRegister: memory footprint: 58 VS memory available: 34",0.000e+00,0.000e+00,0.00e+00,0,0.0,0.0,
fsrcnn_8layer_2026-02-21T06:51:13.878402,fsrcnn,8layer,full,8,eyeriss,thesis_arch,1056,524,128,32,128,120,False,False,"Ill-posed constraints:
CONSTRAINTS VIOLATION: Arch: Eyeriss_Constrained_8L_tile120_128x32 -> Level: InRegister: memory footprint: 58 VS memory available: 34",0.000e+00,0.000e+00,0.00e+00,0,0.0,0.0,
fsrcnn_8layer_2026-02-21T06:51:14.267486,fsrcnn,8layer,full,8,eyeriss,thesis_arch,1056,524,128,32,256,120,False,False,"Ill-posed constraints:
CONSTRAINTS VIOLATION: Arch: Eyeriss_Constrained_8L_tile120_256x32 -> Level: InRegister: memory footprint: 58 VS memory available: 34",0.000e+00,0.000e+00,0.00e+00,0,0.0,0.0,
fsrcnn_8layer_2026-02-21T06:51:14.605497,fsrcnn,8layer,full,8,eyeriss,thesis_arch,1056,524,128,32,512,120,False,False,"Ill-posed constraints:
CONSTRAINTS VIOLATION: Arch: Eyeriss_Constrained_8L_tile120_512x32 -> Level: InRegister: memory footprint: 58 VS memory available: 34",0.000e+00,0.000e+00,0.00e+00,0,0.0,0.0,
fsrcnn_8layer_2026-02-21T06:51:14.872023,fsrcnn,8layer,full,8,eyeriss,thesis_arch,1056,524,128,64,4,120,False,False,"Ill-posed constraints:
CONSTRAINTS VIOLATION: Arch: Eyeriss_Constrained_8L_tile120_4x64 -> Level: InRegister: memory footprint: 36 VS memory available: 34",0.000e+00,0.000e+00,0.00e+00,0,0.0,0.0,
fsrcnn_8layer_2026-02-21T06:51:15.175383,fsrcnn,8layer,full,8,eyeriss,thesis_arch,1056,524,128,64,16,120,False,False,"Ill-posed constraints:
CONSTRAINTS VIOLATION: Arch: Eyeriss_Constrained_8L_tile120_16x64 -> Level: InRegister: memory footprint: 36 VS memory available: 34",0.000e+00,0.000e+00,0.00e+00,0,0.0,0.0,
fsrcnn_8layer_2026-02-21T06:51:15.423609,fsrcnn,8layer,full,8,eyeriss,thesis_arch,1056,524,128,64,32,120,False,False,"Ill-posed constraints:
CONSTRAINTS VIOLATION: Arch: Eyeriss_Constrained_8L_tile120_32x64 -> Level: InRegister: memory footprint: 36 VS memory available: 34",0.000e+00,0.000e+00,0.00e+00,0,0.0,0.0,
fsrcnn_8layer_2026-02-21T06:51:15.647111,fsrcnn,8layer,full,8,eyeriss,thesis_arch,1056,524,128,64,64,120,False,False,"Ill-posed constraints:
CONSTRAINTS VIOLATION: Arch: Eyeriss_Constrained_8L_tile120_64x64 -> Level: InRegister: memory footprint: 36 VS memory available: 34",0.000e+00,0.000e+00,0.00e+00,0,0.0,0.0,
fsrcnn_8layer_2026-02-21T06:51:15.916425,fsrcnn,8layer,full,8,eyeriss,thesis_arch,1056,524,128,64,128,120,False,False,"Ill-posed constraints:
CONSTRAINTS VIOLATION: Arch: Eyeriss_Constrained_8L_tile120_128x64 -> Level: InRegister: memory footprint: 36 VS memory available: 34",0.000e+00,0.000e+00,0.00e+00,0,0.0,0.0,
fsrcnn_8layer_2026-02-21T06:51:16.272570,fsrcnn,8layer,full,8,eyeriss,thesis_arch,1056,524,128,64,256,120,False,False,"Ill-posed constraints:
CONSTRAINTS VIOLATION: Arch: Eyeriss_Constrained_8L_tile120_256x64 -> Level: InRegister: memory footprint: 36 VS memory available: 34",0.000e+00,0.000e+00,0.00e+00,0,0.0,0.0,
fsrcnn_8layer_2026-02-21T06:51:16.944736,fsrcnn,8layer,full,8,eyeriss,thesis_arch,1056,524,128,128,4,120,False,True,,6.116e+04,2.825e+07,1.76e+06,"(30062034792, 12094790400)",0.07833415499362673,0.4021878242492676,DRAM[P=540 Q=8 Z7=1 C7=1 R7=1 S7=1 Y6=540 X6=8 Z6=1 C6=1 R6=1 S6=1 Y5=540 X5=8 Z5=1 C5=1 R5=1 S5=1 Y4=540 X4=8 Z4=1 C4=1 R4=1 S4=1 Y3=540 X3=8 Z3=1 C3=1 R3=1 S3=1 Y2=540 X2=8 Z2=1 C2=1 R2=1 S2=1 Y1=540 X1=8 Z1=1 C1=1 R1=1 S1=1 Y0=540 X0=8 Z0=1 C0=1 R0=1 S0=1] GlobalBuffer[P=1 Q=120 Z7=1 C7=1 R7=1 S7=1 Y6=1 X6=120 Z6=1 C6=1 R6=1 S6=1 Y5=1 X5=120 Z5=1 C5=1 R5=1 S5=1 Y4=1 X4=120 Z4=1 C4=1 R4=1 S4=1 Y3=1 X3=120 Z3=1 C3=1 R3=1 S3=1 Y2=1 X2=120 Z2=1 C2=1 R2=1 S2=1 Y1=1 X1=120 Z1=1 C1=1 R1=1 S1=1 Y0=1 X0=120 Z0=1 C0=1 R0=1 S0=1] SACols[Q=1 Z7=4] SARows[S7=3 C7=28 Z7=1] SACols_6[X6=1 Z6=4] SARows_6[S6=1 C6=12 Z6=7] SACols_5[X5=1 Z5=4] SARows_5[S5=3 C5=12 Z5=3] SACols_4[X4=1 Z4=4] SARows_4[S4=3 C4=12 Z4=3] SACols_3[X3=1 Z3=4] SARows_3[S3=3 C3=12 Z3=3] SACols_2[X2=1 Z2=4] SARows_2[S2=3 C2=12 Z2=3] SACols_1[X1=1 Z1=4] SARows_1[S1=1 C1=56 Z1=1] SACols_0[X0=1 Z0=4] SARows_0[S0=5 C0=3 Z0=7] InRegister[P=1 Q=1 Z7=1 C7=1 R7=1 S7=1 Y6=1 X6=1 Z6=1 C6=1 R6=1 S6=1 Y5=1 X5=1 Z5=1 C5=1 R5=1 S5=1 Y4=1 X4=1 Z4=1 C4=1 R4=1 S4=1 Y3=1 X3=1 Z3=1 C3=1 R3=1 S3=1 Y2=1 X2=1 Z2=1 C2=1 R2=1 S2=1 Y1=1 X1=1 Z1=1 C1=1 R1=1 S1=1 Y0=1 X0=1 Z0=1 C0=1 R0=1 S0=1] WRegister[P=1 Q=1 Z7=1 C7=2 R7=3 S7=1 Y6=1 X6=1 Z6=1 C6=1 R6=1 S6=1 Y5=1 X5=1 Z5=1 C5=1 R5=3 S5=1 Y4=1 X4=1 Z4=1 C4=1 R4=3 S4=1 Y3=1 X3=1 Z3=1 C3=1 R3=3 S3=1 Y2=1 X2=1 Z2=1 C2=1 R2=3 S2=1 Y1=1 X1=1 Z1=1 C1=1 R1=1 S1=1 Y0=1 X0=1 Z0=1 C0=1 R0=5 S0=1] IntermediateRegister[P=1 Q=1 Z7=1 C7=1 R7=1 S7=1 Y6=1 X6=1 Z6=2 C6=1 R6=1 S6=1 Y5=1 X5=1 Z5=1 C5=1 R5=1 S5=1 Y4=1 X4=1 Z4=1 C4=1 R4=1 S4=1 Y3=1 X3=1 Z3=1 C3=1 R3=1 S3=1 Y2=1 X2=1 Z2=1 C2=1 R2=1 S2=1 Y1=1 X1=1 Z1=3 C1=1 R1=1 S1=1 Y0=1 X0=1 Z0=2 C0=1 R0=1 S0=1] OutRegister[P=1 Q=1 Z7=4 C7=1 R7=1 S7=1 Y6=1 X6=1 Z6=1 C6=1 R6=1 S6=1 Y5=1 X5=1 Z5=1 C5=1 R5=1 S5=1 Y4=1 X4=1 Z4=1 C4=1 R4=1 S4=1 Y3=1 X3=1 Z3=1 C3=1 R3=1 S3=1 Y2=1 X2=1 Z2=1 C2=1 R2=1 S2=1 Y1=1 X1=1 Z1=1 C1=1 R1=1 S1=1 Y0=1 X0=1 Z0=1 C0=1 R0=1 S0=1] Compute] 
fsrcnn_8layer_2026-02-21T06:51:18.283255,fsrcnn,8layer,full,8,eyeriss,thesis_arch,1056,524,128,128,16,120,False,True,,6.255e+04,1.918e+07,1.25e+06,"(31557100392, 12312518400)",5.73736486769727e-05,0.24000883102416992,DRAM[P=540 Q=8 Z7=1 C7=1 R7=1 S7=1 Y6=540 X6=8 Z6=1 C6=1 R6=1 S6=1 Y5=540 X5=8 Z5=1 C5=1 R5=1 S5=1 Y4=540 X4=8 Z4=1 C4=1 R4=1 S4=1 Y3=540 X3=8 Z3=1 C3=1 R3=1 S3=1 Y2=540 X2=8 Z2=1 C2=1 R2=1 S2=1 Y1=540 X1=8 Z1=1 C1=1 R1=1 S1=1 Y0=540 X0=8 Z0=1 C0=1 R0=1 S0=1] GlobalBuffer[P=1 Q=120 Z7=1 C7=1 R7=1 S7=1 Y6=1 X6=120 Z6=1 C6=1 R6=1 S6=1 Y5=1 X5=120 Z5=1 C5=1 R5=1 S5=1 Y4=1 X4=120 Z4=1 C4=1 R4=1 S4=1 Y3=1 X3=120 Z3=1 C3=1 R3=1 S3=1 Y2=1 X2=120 Z2=1 C2=1 R2=1 S2=1 Y1=1 X1=120 Z1=1 C1=1 R1=1 S1=1 Y0=1 X0=120 Z0=1 C0=1 R0=1 S0=1] SACols[Q=1 Z7=16] SARows[S7=3 C7=28 Z7=1] SACols_6[X6=1 Z6=14] SARows_6[S6=1 C6=12 Z6=4] SACols_5[X5=1 Z5=12] SARows_5[S5=3 C5=12 Z5=1] SACols_4[X4=1 Z4=12] SARows_4[S4=3 C4=12 Z4=1] SACols_3[X3=1 Z3=12] SARows_3[S3=3 C3=12 Z3=1] SACols_2[X2=1 Z2=12] SARows_2[S2=3 C2=12 Z2=1] SACols_1[X1=1 Z1=12] SARows_1[S1=1 C1=56 Z1=1] SACols_0[X0=1 Z0=14] SARows_0[S0=5 C0=3 Z0=4] InRegister[P=1 Q=1 Z7=1 C7=1 R7=1 S7=1 Y6=1 X6=1 Z6=1 C6=1 R6=1 S6=1 Y5=1 X5=1 Z5=1 C5=1 R5=1 S5=1 Y4=1 X4=1 Z4=1 C4=1 R4=1 S4=1 Y3=1 X3=1 Z3=1 C3=1 R3=1 S3=1 Y2=1 X2=1 Z2=1 C2=1 R2=1 S2=1 Y1=1 X1=1 Z1=1 C1=1 R1=1 S1=1 Y0=1 X0=1 Z0=1 C0=1 R0=1 S0=1] WRegister[P=1 Q=1 Z7=1 C7=2 R7=3 S7=1 Y6=1 X6=1 Z6=1 C6=1 R6=1 S6=1 Y5=1 X5=1 Z5=1 C5=1 R5=3 S5=1 Y4=1 X4=1 Z4=1 C4=1 R4=3 S4=1 Y3=1 X3=1 Z3=1 C3=1 R3=3 S3=1 Y2=1 X2=1 Z2=1 C2=1 R2=3 S2=1 Y1=1 X1=1 Z1=1 C1=1 R1=1 S1=1 Y0=1 X0=1 Z0=1 C0=1 R0=5 S0=1] IntermediateRegister[P=1 Q=1 Z7=1 C7=1 R7=1 S7=1 Y6=1 X6=1 Z6=1 C6=1 R6=1 S6=1 Y5=1 X5=1 Z5=1 C5=1 R5=1 S5=1 Y4=1 X4=1 Z4=1 C4=1 R4=1 S4=1 Y3=1 X3=1 Z3=1 C3=1 R3=1 S3=1 Y2=1 X2=1 Z2=1 C2=1 R2=1 S2=1 Y1=1 X1=1 Z1=1 C1=1 R1=1 S1=1 Y0=1 X0=1 Z0=1 C0=1 R0=1 S0=1] OutRegister[P=1 Q=1 Z7=1 C7=1 R7=1 S7=1 Y6=1 X6=1 Z6=1 C6=1 R6=1 S6=1 Y5=1 X5=1 Z5=1 C5=1 R5=1 S5=1 Y4=1 X4=1 Z4=1 C4=1 R4=1 S4=1 Y3=1 X3=1 Z3=1 C3=1 R3=1 S3=1 Y2=1 X2=1 Z2=1 C2=1 R2=1 S2=1 Y1=1 X1=1 Z1=1 C1=1 R1=1 S1=1 Y0=1 X0=1 Z0=1 C0=1 R0=1 S0=1] Compute] 
fsrcnn_8layer_2026-02-21T06:51:19.018406,fsrcnn,8layer,full,8,eyeriss,thesis_arch,1056,524,128,128,32,120,False,True,,6.255e+04,1.918e+07,1.25e+06,"(31557100392, 12312518400)",1.4343412169243175e-05,0.3525872230529785,DRAM[P=540 Q=8 Z7=1 C7=1 R7=1 S7=1 Y6=540 X6=8 Z6=1 C6=1 R6=1 S6=1 Y5=540 X5=8 Z5=1 C5=1 R5=1 S5=1 Y4=540 X4=8 Z4=1 C4=1 R4=1 S4=1 Y3=540 X3=8 Z3=1 C3=1 R3=1 S3=1 Y2=540 X2=8 Z2=1 C2=1 R2=1 S2=1 Y1=540 X1=8 Z1=1 C1=1 R1=1 S1=1 Y0=540 X0=8 Z0=1 C0=1 R0=1 S0=1] GlobalBuffer[P=1 Q=60 Z7=1 C7=1 R7=1 S7=1 Y6=1 X6=120 Z6=1 C6=1 R6=1 S6=1 Y5=1 X5=60 Z5=1 C5=1 R5=1 S5=1 Y4=1 X4=60 Z4=1 C4=1 R4=1 S4=1 Y3=1 X3=60 Z3=1 C3=1 R3=1 S3=1 Y2=1 X2=60 Z2=1 C2=1 R2=1 S2=1 Y1=1 X1=60 Z1=1 C1=1 R1=1 S1=1 Y0=1 X0=120 Z0=1 C0=1 R0=1 S0=1] SACols[Q=2 Z7=16] SARows[S7=3 C7=28 Z7=1] SACols_6[X6=1 Z6=28] SARows_6[S6=1 C6=12 Z6=2] SACols_5[X5=2 Z5=12] SARows_5[S5=3 C5=12 Z5=1] SACols_4[X4=2 Z4=12] SARows_4[S4=3 C4=12 Z4=1] SACols_3[X3=2 Z3=12] SARows_3[S3=3 C3=12 Z3=1] SACols_2[X2=2 Z2=12] SARows_2[S2=3 C2=12 Z2=1] SACols_1[X1=2 Z1=12] SARows_1[S1=1 C1=56 Z1=1] SACols_0[X0=1 Z0=28] SARows_0[S0=5 C0=3 Z0=2] InRegister[P=1 Q=1 Z7=1 C7=1 R7=1 S7=1 Y6=1 X6=1 Z6=1 C6=1 R6=1 S6=1 Y5=1 X5=1 Z5=1 C5=1 R5=1 S5=1 Y4=1 X4=1 Z4=1 C4=1 R4=1 S4=1 Y3=1 X3=1 Z3=1 C3=1 R3=1 S3=1 Y2=1 X2=1 Z2=1 C2=1 R2=1 S2=1 Y1=1 X1=1 Z1=1 C1=1 R1=1 S1=1 Y0=1 X0=1 Z0=1 C0=1 R0=1 S0=1] WRegister[P=1 Q=1 Z7=1 C7=2 R7=3 S7=1 Y6=1 X6=1 Z6=1 C6=1 R6=1 S6=1 Y5=1 X5=1 Z5=1 C5=1 R5=3 S5=1 Y4=1 X4=1 Z4=1 C4=1 R4=3 S4=1 Y3=1 X3=1 Z3=1 C3=1 R3=3 S3=1 Y2=1 X2=1 Z2=1 C2=1 R2=3 S2=1 Y1=1 X1=1 Z1=1 C1=1 R1=1 S1=1 Y0=1 X0=1 Z0=1 C0=1 R0=5 S0=1] IntermediateRegister[P=1 Q=1 Z7=1 C7=1 R7=1 S7=1 Y6=1 X6=1 Z6=1 C6=1 R6=1 S6=1 Y5=1 X5=1 Z5=1 C5=1 R5=1 S5=1 Y4=1 X4=1 Z4=1 C4=1 R4=1 S4=1 Y3=1 X3=1 Z3=1 C3=1 R3=1 S3=1 Y2=1 X2=1 Z2=1 C2=1 R2=1 S2=1 Y1=1 X1=1 Z1=1 C1=1 R1=1 S1=1 Y0=1 X0=1 Z0=1 C0=1 R0=1 S0=1] OutRegister[P=1 Q=1 Z7=1 C7=1 R7=1 S7=1 Y6=1 X6=1 Z6=1 C6=1 R6=1 S6=1 Y5=1 X5=1 Z5=1 C5=1 R5=1 S5=1 Y4=1 X4=1 Z4=1 C4=1 R4=1 S4=1 Y3=1 X3=1 Z3=1 C3=1 R3=1 S3=1 Y2=1 X2=1 Z2=1 C2=1 R2=1 S2=1 Y1=1 X1=1 Z1=1 C1=1 R1=1 S1=1 Y0=1 X0=1 Z0=1 C0=1 R0=1 S0=1] Compute] 
fsrcnn_8layer_2026-02-21T06:51:20.026955,fsrcnn,8layer,full,8,eyeriss,thesis_arch,1056,524,128,128,64,120,False,True,,6.255e+04,1.918e+07,1.25e+06,"(31557100392, 12312518400)",1.0943155036348858e-05,0.3337571620941162,DRAM[P=540 Q=8 Z7=1 C7=1 R7=1 S7=1 Y6=540 X6=8 Z6=1 C6=1 R6=1 S6=1 Y5=540 X5=8 Z5=1 C5=1 R5=1 S5=1 Y4=540 X4=8 Z4=1 C4=1 R4=1 S4=1 Y3=540 X3=8 Z3=1 C3=1 R3=1 S3=1 Y2=540 X2=8 Z2=1 C2=1 R2=1 S2=1 Y1=540 X1=8 Z1=1 C1=1 R1=1 S1=1 Y0=540 X0=8 Z0=1 C0=1 R0=1 S0=1] GlobalBuffer[P=1 Q=30 Z7=1 C7=1 R7=1 S7=1 Y6=1 X6=120 Z6=1 C6=1 R6=1 S6=1 Y5=1 X5=24 Z5=1 C5=1 R5=1 S5=1 Y4=1 X4=24 Z4=1 C4=1 R4=1 S4=1 Y3=1 X3=24 Z3=1 C3=1 R3=1 S3=1 Y2=1 X2=24 Z2=1 C2=1 R2=1 S2=1 Y1=1 X1=24 Z1=1 C1=1 R1=1 S1=1 Y0=1 X0=120 Z0=1 C0=1 R0=1 S0=1] SACols[Q=4 Z7=16] SARows[S7=3 C7=28 Z7=1] SACols_6[X6=1 Z6=56] SARows_6[S6=1 C6=12 Z6=1] SACols_5[X5=5 Z5=12] SARows_5[S5=3 C5=12 Z5=1] SACols_4[X4=5 Z4=12] SARows_4[S4=3 C4=12 Z4=1] SACols_3[X3=5 Z3=12] SARows_3[S3=3 C3=12 Z3=1] SACols_2[X2=5 Z2=12] SARows_2[S2=3 C2=12 Z2=1] SACols_1[X1=5 Z1=12] SARows_1[S1=1 C1=56 Z1=1] SACols_0[X0=1 Z0=56] SARows_0[S0=5 C0=3 Z0=1] InRegister[P=1 Q=1 Z7=1 C7=1 R7=1 S7=1 Y6=1 X6=1 Z6=1 C6=1 R6=1 S6=1 Y5=1 X5=1 Z5=1 C5=1 R5=1 S5=1 Y4=1 X4=1 Z4=1 C4=1 R4=1 S4=1 Y3=1 X3=1 Z3=1 C3=1 R3=1 S3=1 Y2=1 X2=1 Z2=1 C2=1 R2=1 S2=1 Y1=1 X1=1 Z1=1 C1=1 R1=1 S1=1 Y0=1 X0=1 Z0=1 C0=1 R0=1 S0=1] WRegister[P=1 Q=1 Z7=1 C7=2 R7=3 S7=1 Y6=1 X6=1 Z6=1 C6=1 R6=1 S6=1 Y5=1 X5=1 Z5=1 C5=1 R5=3 S5=1 Y4=1 X4=1 Z4=1 C4=1 R4=3 S4=1 Y3=1 X3=1 Z3=1 C3=1 R3=3 S3=1 Y2=1 X2=1 Z2=1 C2=1 R2=3 S2=1 Y1=1 X1=1 Z1=1 C1=1 R1=1 S1=1 Y0=1 X0=1 Z0=1 C0=1 R0=5 S0=1] IntermediateRegister[P=1 Q=1 Z7=1 C7=1 R7=1 S7=1 Y6=1 X6=1 Z6=1 C6=1 R6=1 S6=1 Y5=1 X5=1 Z5=1 C5=1 R5=1 S5=1 Y4=1 X4=1 Z4=1 C4=1 R4=1 S4=1 Y3=1 X3=1 Z3=1 C3=1 R3=1 S3=1 Y2=1 X2=1 Z2=1 C2=1 R2=1 S2=1 Y1=1 X1=1 Z1=1 C1=1 R1=1 S1=1 Y0=1 X0=1 Z0=1 C0=1 R0=1 S0=1] OutRegister[P=1 Q=1 Z7=1 C7=1 R7=1 S7=1 Y6=1 X6=1 Z6=1 C6=1 R6=1 S6=1 Y5=1 X5=1 Z5=1 C5=1 R5=1 S5=1 Y4=1 X4=1 Z4=1 C4=1 R4=1 S4=1 Y3=1 X3=1 Z3=1 C3=1 R3=1 S3=1 Y2=1 X2=1 Z2=1 C2=1 R2=1 S2=1 Y1=1 X1=1 Z1=1 C1=1 R1=1 S1=1 Y0=1 X0=1 Z0=1 C0=1 R0=1 S0=1] Compute] 
fsrcnn_8layer_2026-02-21T06:51:21.279495,fsrcnn,8layer,full,8,eyeriss,thesis_arch,1056,524,128,128,128,120,False,True,,6.255e+04,1.889e+07,1.23e+06,"(31557100392, 12312518400)",1.0943155036348858e-05,0.22738289833068848,DRAM[P=540 Q=8 Z7=1 C7=1 R7=1 S7=1 Y6=540 X6=8 Z6=1 C6=1 R6=1 S6=1 Y5=540 X5=8 Z5=1 C5=1 R5=1 S5=1 Y4=540 X4=8 Z4=1 C4=1 R4=1 S4=1 Y3=540 X3=8 Z3=1 C3=1 R3=1 S3=1 Y2=540 X2=8 Z2=1 C2=1 R2=1 S2=1 Y1=540 X1=8 Z1=1 C1=1 R1=1 S1=1 Y0=540 X0=8 Z0=1 C0=1 R0=1 S0=1] GlobalBuffer[P=1 Q=15 Z7=1 C7=1 R7=1 S7=1 Y6=1 X6=60 Z6=1 C6=1 R6=1 S6=1 Y5=1 X5=12 Z5=1 C5=1 R5=1 S5=1 Y4=1 X4=12 Z4=1 C4=1 R4=1 S4=1 Y3=1 X3=12 Z3=1 C3=1 R3=1 S3=1 Y2=1 X2=12 Z2=1 C2=1 R2=1 S2=1 Y1=1 X1=12 Z1=1 C1=1 R1=1 S1=1 Y0=1 X0=60 Z0=1 C0=1 R0=1 S0=1] SACols[Q=8 Z7=16] SARows[S7=3 C7=28 Z7=1] SACols_6[X6=2 Z6=56] SARows_6[S6=1 C6=12 Z6=1] SACols_5[X5=10 Z5=12] SARows_5[S5=3 C5=12 Z5=1] SACols_4[X4=10 Z4=12] SARows_4[S4=3 C4=12 Z4=1] SACols_3[X3=10 Z3=12] SARows_3[S3=3 C3=12 Z3=1] SACols_2[X2=10 Z2=12] SARows_2[S2=3 C2=12 Z2=1] SACols_1[X1=10 Z1=12] SARows_1[S1=1 C1=56 Z1=1] SACols_0[X0=2 Z0=56] SARows_0[S0=5 C0=3 Z0=1] InRegister[P=1 Q=1 Z7=1 C7=1 R7=1 S7=1 Y6=1 X6=1 Z6=1 C6=1 R6=1 S6=1 Y5=1 X5=1 Z5=1 C5=1 R5=1 S5=1 Y4=1 X4=1 Z4=1 C4=1 R4=1 S4=1 Y3=1 X3=1 Z3=1 C3=1 R3=1 S3=1 Y2=1 X2=1 Z2=1 C2=1 R2=1 S2=1 Y1=1 X1=1 Z1=1 C1=1 R1=1 S1=1 Y0=1 X0=1 Z0=1 C0=1 R0=1 S0=1] WRegister[P=1 Q=1 Z7=1 C7=2 R7=3 S7=1 Y6=1 X6=1 Z6=1 C6=1 R6=1 S6=1 Y5=1 X5=1 Z5=1 C5=1 R5=3 S5=1 Y4=1 X4=1 Z4=1 C4=1 R4=3 S4=1 Y3=1 X3=1 Z3=1 C3=1 R3=3 S3=1 Y2=1 X2=1 Z2=1 C2=1 R2=3 S2=1 Y1=1 X1=1 Z1=1 C1=1 R1=1 S1=1 Y0=1 X0=1 Z0=1 C0=1 R0=5 S0=1] IntermediateRegister[P=1 Q=1 Z7=1 C7=1 R7=1 S7=1 Y6=1 X6=1 Z6=1 C6=1 R6=1 S6=1 Y5=1 X5=1 Z5=1 C5=1 R5=1 S5=1 Y4=1 X4=1 Z4=1 C4=1 R4=1 S4=1 Y3=1 X3=1 Z3=1 C3=1 R3=1 S3=1 Y2=1 X2=1 Z2=1 C2=1 R2=1 S2=1 Y1=1 X1=1 Z1=1 C1=1 R1=1 S1=1 Y0=1 X0=1 Z0=1 C0=1 R0=1 S0=1] OutRegister[P=1 Q=1 Z7=1 C7=1 R7=1 S7=1 Y6=1 X6=1 Z6=1 C6=1 R6=1 S6=1 Y5=1 X5=1 Z5=1 C5=1 R5=1 S5=1 Y4=1 X4=1 Z4=1 C4=1 R4=1 S4=1 Y3=1 X3=1 Z3=1 C3=1 R3=1 S3=1 Y2=1 X2=1 Z2=1 C2=1 R2=1 S2=1 Y1=1 X1=1 Z1=1 C1=1 R1=1 S1=1 Y0=1 X0=1 Z0=1 C0=1 R0=1 S0=1] Compute] 
fsrcnn_8layer_2026-02-21T06:51:21.912044,fsrcnn,8layer,full,8,eyeriss,thesis_arch,1056,524,128,256,4,120,False,True,,6.255e+04,1.944e+07,1.25e+06,"(31557100392, 12312518400)",0.0073438270306525055,0.1517808437347412,DRAM[P=540 Q=8 Z7=1 C7=1 R7=1 S7=1 Y6=540 X6=8 Z6=1 C6=1 R6=1 S6=1 Y5=540 X5=8 Z5=1 C5=1 R5=1 S5=1 Y4=540 X4=8 Z4=1 C4=1 R4=1 S4=1 Y3=540 X3=8 Z3=1 C3=1 R3=1 S3=1 Y2=540 X2=8 Z2=1 C2=1 R2=1 S2=1 Y1=540 X1=8 Z1=1 C1=1 R1=1 S1=1 Y0=540 X0=8 Z0=1 C0=1 R0=1 S0=1] GlobalBuffer[P=1 Q=120 Z7=1 C7=1 R7=1 S7=1 Y6=1 X6=120 Z6=1 C6=1 R6=1 S6=1 Y5=1 X5=120 Z5=1 C5=1 R5=1 S5=1 Y4=1 X4=120 Z4=1 C4=1 R4=1 S4=1 Y3=1 X3=120 Z3=1 C3=1 R3=1 S3=1 Y2=1 X2=120 Z2=1 C2=1 R2=1 S2=1 Y1=1 X1=120 Z1=1 C1=1 R1=1 S1=1 Y0=1 X0=120 Z0=1 C0=1 R0=1 S0=1] SACols[Q=1 Z7=4] SARows[S7=3 C7=56 Z7=1] SACols_6[X6=1 Z6=4] SARows_6[S6=1 C6=12 Z6=14] SACols_5[X5=1 Z5=4] SARows_5[S5=3 C5=12 Z5=3] SACols_4[X4=1 Z4=4] SARows_4[S4=3 C4=12 Z4=3] SACols_3[X3=1 Z3=4] SARows_3[S3=3 C3=12 Z3=3] SACols_2[X2=1 Z2=4] SARows_2[S2=3 C2=12 Z2=3] SACols_1[X1=1 Z1=4] SARows_1[S1=1 C1=56 Z1=3] SACols_0[X0=1 Z0=4] SARows_0[S0=5 C0=3 Z0=14] InRegister[P=1 Q=1 Z7=1 C7=1 R7=1 S7=1 Y6=1 X6=1 Z6=1 C6=1 R6=1 S6=1 Y5=1 X5=1 Z5=1 C5=1 R5=1 S5=1 Y4=1 X4=1 Z4=1 C4=1 R4=1 S4=1 Y3=1 X3=1 Z3=1 C3=1 R3=1 S3=1 Y2=1 X2=1 Z2=1 C2=1 R2=1 S2=1 Y1=1 X1=1 Z1=1 C1=1 R1=1 S1=1 Y0=1 X0=1 Z0=1 C0=1 R0=1 S0=1] WRegister[P=1 Q=1 Z7=1 C7=1 R7=3 S7=1 Y6=1 X6=1 Z6=1 C6=1 R6=1 S6=1 Y5=1 X5=1 Z5=1 C5=1 R5=3 S5=1 Y4=1 X4=1 Z4=1 C4=1 R4=3 S4=1 Y3=1 X3=1 Z3=1 C3=1 R3=3 S3=1 Y2=1 X2=1 Z2=1 C2=1 R2=3 S2=1 Y1=1 X1=1 Z1=1 C1=1 R1=1 S1=1 Y0=1 X0=1 Z0=1 C0=1 R0=5 S0=1] IntermediateRegister[P=1 Q=1 Z7=1 C7=1 R7=1 S7=1 Y6=1 X6=1 Z6=1 C6=1 R6=1 S6=1 Y5=1 X5=1 Z5=1 C5=1 R5=1 S5=1 Y4=1 X4=1 Z4=1 C4=1 R4=1 S4=1 Y3=1 X3=1 Z3=1 C3=1 R3=1 S3=1 Y2=1 X2=1 Z2=1 C2=1 R2=1 S2=1 Y1=1 X1=1 Z1=1 C1=1 R1=1 S1=1 Y0=1 X0=1 Z0=1 C0=1 R0=1 S0=1] OutRegister[P=1 Q=1 Z7=4 C7=1 R7=1 S7=1 Y6=1 X6=1 Z6=1 C6=1 R6=1 S6=1 Y5=1 X5=1 Z5=1 C5=1 R5=1 S5=1 Y4=1 X4=1 Z4=1 C4=1 R4=1 S4=1 Y3=1 X3=1 Z3=1 C3=1 R3=1 S3=1 Y2=1 X2=1 Z2=1 C2=1 R2=1 S2=1 Y1=1 X1=1 Z1=1 C1=1 R1=1 S1=1 Y0=1 X0=1 Z0=1 C0=1 R0=1 S0=1] Compute] 
fsrcnn_8layer_2026-02-21T06:51:22.449000,fsrcnn,8layer,full,8,eyeriss,thesis_arch,1056,524,128,256,16,120,False,True,,6.255e+04,1.918e+07,1.25e+06,"(31557100392, 12312518400)",4.482316302888492e-07,0.1804513931274414,DRAM[P=540 Q=8 Z7=1 C7=1 R7=1 S7=1 Y6=540 X6=8 Z6=1 C6=1 R6=1 S6=1 Y5=540 X5=8 Z5=1 C5=1 R5=1 S5=1 Y4=540 X4=8 Z4=1 C4=1 R4=1 S4=1 Y3=540 X3=8 Z3=1 C3=1 R3=1 S3=1 Y2=540 X2=8 Z2=1 C2=1 R2=1 S2=1 Y1=540 X1=8 Z1=1 C1=1 R1=1 S1=1 Y0=540 X0=8 Z0=1 C0=1 R0=1 S0=1] GlobalBuffer[P=1 Q=120 Z7=1 C7=1 R7=1 S7=1 Y6=1 X6=120 Z6=1 C6=1 R6=1 S6=1 Y5=1 X5=120 Z5=1 C5=1 R5=1 S5=1 Y4=1 X4=120 Z4=1 C4=1 R4=1 S4=1 Y3=1 X3=120 Z3=1 C3=1 R3=1 S3=1 Y2=1 X2=120 Z2=1 C2=1 R2=1 S2=1 Y1=1 X1=120 Z1=1 C1=1 R1=1 S1=1 Y0=1 X0=120 Z0=1 C0=1 R0=1 S0=1] SACols[Q=1 Z7=16] SARows[S7=3 C7=56 Z7=1] SACols_6[X6=1 Z6=14] SARows_6[S6=1 C6=12 Z6=4] SACols_5[X5=1 Z5=12] SARows_5[S5=3 C5=12 Z5=1] SACols_4[X4=1 Z4=12] SARows_4[S4=3 C4=12 Z4=1] SACols_3[X3=1 Z3=12] SARows_3[S3=3 C3=12 Z3=1] SACols_2[X2=1 Z2=12] SARows_2[S2=3 C2=12 Z2=1] SACols_1[X1=1 Z1=12] SARows_1[S1=1 C1=56 Z1=1] SACols_0[X0=1 Z0=14] SARows_0[S0=5 C0=3 Z0=4] InRegister[P=1 Q=1 Z7=1 C7=1 R7=1 S7=1 Y6=1 X6=1 Z6=1 C6=1 R6=1 S6=1 Y5=1 X5=1 Z5=1 C5=1 R5=1 S5=1 Y4=1 X4=1 Z4=1 C4=1 R4=1 S4=1 Y3=1 X3=1 Z3=1 C3=1 R3=1 S3=1 Y2=1 X2=1 Z2=1 C2=1 R2=1 S2=1 Y1=1 X1=1 Z1=1 C1=1 R1=1 S1=1 Y0=1 X0=1 Z0=1 C0=1 R0=1 S0=1] WRegister[P=1 Q=1 Z7=1 C7=1 R7=3 S7=1 Y6=1 X6=1 Z6=1 C6=1 R6=1 S6=1 Y5=1 X5=1 Z5=1 C5=1 R5=3 S5=1 Y4=1 X4=1 Z4=1 C4=1 R4=3 S4=1 Y3=1 X3=1 Z3=1 C3=1 R3=3 S3=1 Y2=1 X2=1 Z2=1 C2=1 R2=3 S2=1 Y1=1 X1=1 Z1=1 C1=1 R1=1 S1=1 Y0=1 X0=1 Z0=1 C0=1 R0=5 S0=1] IntermediateRegister[P=1 Q=1 Z7=1 C7=1 R7=1 S7=1 Y6=1 X6=1 Z6=1 C6=1 R6=1 S6=1 Y5=1 X5=1 Z5=1 C5=1 R5=1 S5=1 Y4=1 X4=1 Z4=1 C4=1 R4=1 S4=1 Y3=1 X3=1 Z3=1 C3=1 R3=1 S3=1 Y2=1 X2=1 Z2=1 C2=1 R2=1 S2=1 Y1=1 X1=1 Z1=1 C1=1 R1=1 S1=1 Y0=1 X0=1 Z0=1 C0=1 R0=1 S0=1] OutRegister[P=1 Q=1 Z7=1 C7=1 R7=1 S7=1 Y6=1 X6=1 Z6=1 C6=1 R6=1 S6=1 Y5=1 X5=1 Z5=1 C5=1 R5=1 S5=1 Y4=1 X4=1 Z4=1 C4=1 R4=1 S4=1 Y3=1 X3=1 Z3=1 C3=1 R3=1 S3=1 Y2=1 X2=1 Z2=1 C2=1 R2=1 S2=1 Y1=1 X1=1 Z1=1 C1=1 R1=1 S1=1 Y0=1 X0=1 Z0=1 C0=1 R0=1 S0=1] Compute] 
fsrcnn_8layer_2026-02-21T06:51:23.070854,fsrcnn,8layer,full,8,eyeriss,thesis_arch,1056,524,128,256,32,120,False,True,,6.255e+04,1.918e+07,1.25e+06,"(31557100392, 12312518400)",1.120579075722123e-07,0.15667247772216797,DRAM[P=540 Q=8 Z7=1 C7=1 R7=1 S7=1 Y6=540 X6=8 Z6=1 C6=1 R6=1 S6=1 Y5=540 X5=8 Z5=1 C5=1 R5=1 S5=1 Y4=540 X4=8 Z4=1 C4=1 R4=1 S4=1 Y3=540 X3=8 Z3=1 C3=1 R3=1 S3=1 Y2=540 X2=8 Z2=1 C2=1 R2=1 S2=1 Y1=540 X1=8 Z1=1 C1=1 R1=1 S1=1 Y0=540 X0=8 Z0=1 C0=1 R0=1 S0=1] GlobalBuffer[P=1 Q=60 Z7=1 C7=1 R7=1 S7=1 Y6=1 X6=120 Z6=1 C6=1 R6=1 S6=1 Y5=1 X5=60 Z5=1 C5=1 R5=1 S5=1 Y4=1 X4=60 Z4=1 C4=1 R4=1 S4=1 Y3=1 X3=60 Z3=1 C3=1 R3=1 S3=1 Y2=1 X2=60 Z2=1 C2=1 R2=1 S2=1 Y1=1 X1=60 Z1=1 C1=1 R1=1 S1=1 Y0=1 X0=120 Z0=1 C0=1 R0=1 S0=1] SACols[Q=2 Z7=16] SARows[S7=3 C7=56 Z7=1] SACols_6[X6=1 Z6=28] SARows_6[S6=1 C6=12 Z6=2] SACols_5[X5=2 Z5=12] SARows_5[S5=3 C5=12 Z5=1] SACols_4[X4=2 Z4=12] SARows_4[S4=3 C4=12 Z4=1] SACols_3[X3=2 Z3=12] SARows_3[S3=3 C3=12 Z3=1] SACols_2[X2=2 Z2=12] SARows_2[S2=3 C2=12 Z2=1] SACols_1[X1=2 Z1=12] SARows_1[S1=1 C1=56 Z1=1] SACols_0[X0=1 Z0=28] SARows_0[S0=5 C0=3 Z0=2] InRegister[P=1 Q=1 Z7=1 C7=1 R7=1 S7=1 Y6=1 X6=1 Z6=1 C6=1 R6=1 S6=1 Y5=1 X5=1 Z5=1 C5=1 R5=1 S5=1 Y4=1 X4=1 Z4=1 C4=1 R4=1 S4=1 Y3=1 X3=1 Z3=1 C3=1 R3=1 S3=1 Y2=1 X2=1 Z2=1 C2=1 R2=1 S2=1 Y1=1 X1=1 Z1=1 C1=1 R1=1 S1=1 Y0=1 X0=1 Z0=1 C0=1 R0=1 S0=1] WRegister[P=1 Q=1 Z7=1 C7=1 R7=3 S7=1 Y6=1 X6=1 Z6=1 C6=1 R6=1 S6=1 Y5=1 X5=1 Z5=1 C5=1 R5=3 S5=1 Y4=1 X4=1 Z4=1 C4=1 R4=3 S4=1 Y3=1 X3=1 Z3=1 C3=1 R3=3 S3=1 Y2=1 X2=1 Z2=1 C2=1 R2=3 S2=1 Y1=1 X1=1 Z1=1 C1=1 R1=1 S1=1 Y0=1 X0=1 Z0=1 C0=1 R0=5 S0=1] IntermediateRegister[P=1 Q=1 Z7=1 C7=1 R7=1 S7=1 Y6=1 X6=1 Z6=1 C6=1 R6=1 S6=1 Y5=1 X5=1 Z5=1 C5=1 R5=1 S5=1 Y4=1 X4=1 Z4=1 C4=1 R4=1 S4=1 Y3=1 X3=1 Z3=1 C3=1 R3=1 S3=1 Y2=1 X2=1 Z2=1 C2=1 R2=1 S2=1 Y1=1 X1=1 Z1=1 C1=1 R1=1 S1=1 Y0=1 X0=1 Z0=1 C0=1 R0=1 S0=1] OutRegister[P=1 Q=1 Z7=1 C7=1 R7=1 S7=1 Y6=1 X6=1 Z6=1 C6=1 R6=1 S6=1 Y5=1 X5=1 Z5=1 C5=1 R5=1 S5=1 Y4=1 X4=1 Z4=1 C4=1 R4=1 S4=1 Y3=1 X3=1 Z3=1 C3=1 R3=1 S3=1 Y2=1 X2=1 Z2=1 C2=1 R2=1 S2=1 Y1=1 X1=1 Z1=1 C1=1 R1=1 S1=1 Y0=1 X0=1 Z0=1 C0=1 R0=1 S0=1] Compute] 
fsrcnn_8layer_2026-02-21T06:51:23.663936,fsrcnn,8layer,full,8,eyeriss,thesis_arch,1056,524,128,256,64,120,False,True,,6.255e+04,1.918e+07,1.25e+06,"(31557100392, 12312518400)",8.549339872147545e-08,0.16138482093811035,DRAM[P=540 Q=8 Z7=1 C7=1 R7=1 S7=1 Y6=540 X6=8 Z6=1 C6=1 R6=1 S6=1 Y5=540 X5=8 Z5=1 C5=1 R5=1 S5=1 Y4=540 X4=8 Z4=1 C4=1 R4=1 S4=1 Y3=540 X3=8 Z3=1 C3=1 R3=1 S3=1 Y2=540 X2=8 Z2=1 C2=1 R2=1 S2=1 Y1=540 X1=8 Z1=1 C1=1 R1=1 S1=1 Y0=540 X0=8 Z0=1 C0=1 R0=1 S0=1] GlobalBuffer[P=1 Q=30 Z7=1 C7=1 R7=1 S7=1 Y6=1 X6=120 Z6=1 C6=1 R6=1 S6=1 Y5=1 X5=24 Z5=1 C5=1 R5=1 S5=1 Y4=1 X4=24 Z4=1 C4=1 R4=1 S4=1 Y3=1 X3=24 Z3=1 C3=1 R3=1 S3=1 Y2=1 X2=24 Z2=1 C2=1 R2=1 S2=1 Y1=1 X1=24 Z1=1 C1=1 R1=1 S1=1 Y0=1 X0=120 Z0=1 C0=1 R0=1 S0=1] SACols[Q=4 Z7=16] SARows[S7=3 C7=56 Z7=1] SACols_6[X6=1 Z6=56] SARows_6[S6=1 C6=12 Z6=1] SACols_5[X5=5 Z5=12] SARows_5[S5=3 C5=12 Z5=1] SACols_4[X4=5 Z4=12] SARows_4[S4=3 C4=12 Z4=1] SACols_3[X3=5 Z3=12] SARows_3[S3=3 C3=12 Z3=1] SACols_2[X2=5 Z2=12] SARows_2[S2=3 C2=12 Z2=1] SACols_1[X1=5 Z1=12] SARows_1[S1=1 C1=56 Z1=1] SACols_0[X0=1 Z0=56] SARows_0[S0=5 C0=3 Z0=1] InRegister[P=1 Q=1 Z7=1 C7=1 R7=1 S7=1 Y6=1 X6=1 Z6=1 C6=1 R6=1 S6=1 Y5=1 X5=1 Z5=1 C5=1 R5=1 S5=1 Y4=1 X4=1 Z4=1 C4=1 R4=1 S4=1 Y3=1 X3=1 Z3=1 C3=1 R3=1 S3=1 Y2=1 X2=1 Z2=1 C2=1 R2=1 S2=1 Y1=1 X1=1 Z1=1 C1=1 R1=1 S1=1 Y0=1 X0=1 Z0=1 C0=1 R0=1 S0=1] WRegister[P=1 Q=1 Z7=1 C7=1 R7=3 S7=1 Y6=1 X6=1 Z6=1 C6=1 R6=1 S6=1 Y5=1 X5=1 Z5=1 C5=1 R5=3 S5=1 Y4=1 X4=1 Z4=1 C4=1 R4=3 S4=1 Y3=1 X3=1 Z3=1 C3=1 R3=3 S3=1 Y2=1 X2=1 Z2=1 C2=1 R2=3 S2=1 Y1=1 X1=1 Z1=1 C1=1 R1=1 S1=1 Y0=1 X0=1 Z0=1 C0=1 R0=5 S0=1] IntermediateRegister[P=1 Q=1 Z7=1 C7=1 R7=1 S7=1 Y6=1 X6=1 Z6=1 C6=1 R6=1 S6=1 Y5=1 X5=1 Z5=1 C5=1 R5=1 S5=1 Y4=1 X4=1 Z4=1 C4=1 R4=1 S4=1 Y3=1 X3=1 Z3=1 C3=1 R3=1 S3=1 Y2=1 X2=1 Z2=1 C2=1 R2=1 S2=1 Y1=1 X1=1 Z1=1 C1=1 R1=1 S1=1 Y0=1 X0=1 Z0=1 C0=1 R0=1 S0=1] OutRegister[P=1 Q=1 Z7=1 C7=1 R7=1 S7=1 Y6=1 X6=1 Z6=1 C6=1 R6=1 S6=1 Y5=1 X5=1 Z5=1 C5=1 R5=1 S5=1 Y4=1 X4=1 Z4=1 C4=1 R4=1 S4=1 Y3=1 X3=1 Z3=1 C3=1 R3=1 S3=1 Y2=1 X2=1 Z2=1 C2=1 R2=1 S2=1 Y1=1 X1=1 Z1=1 C1=1 R1=1 S1=1 Y0=1 X0=1 Z0=1 C0=1 R0=1 S0=1] Compute] 
fsrcnn_8layer_2026-02-21T06:51:24.310463,fsrcnn,8layer,full,8,eyeriss,thesis_arch,1056,524,128,512,4,120,False,True,,6.255e+04,1.918e+07,1.24e+06,"(31557100392, 12312518400)",5.73736486769727e-05,0.24060344696044922,DRAM[P=540 Q=8 Z7=1 C7=1 R7=1 S7=1 Y6=540 X6=8 Z6=1 C6=1 R6=1 S6=1 Y5=540 X5=8 Z5=1 C5=1 R5=1 S5=1 Y4=540 X4=8 Z4=1 C4=1 R4=1 S4=1 Y3=540 X3=8 Z3=1 C3=1 R3=1 S3=1 Y2=540 X2=8 Z2=1 C2=1 R2=1 S2=1 Y1=540 X1=8 Z1=1 C1=1 R1=1 S1=1 Y0=540 X0=8 Z0=1 C0=1 R0=1 S0=1] GlobalBuffer[P=1 Q=120 Z7=1 C7=1 R7=1 S7=1 Y6=1 X6=120 Z6=1 C6=1 R6=1 S6=1 Y5=1 X5=120 Z5=1 C5=1 R5=1 S5=1 Y4=1 X4=120 Z4=1 C4=1 R4=1 S4=1 Y3=1 X3=120 Z3=1 C3=1 R3=1 S3=1 Y2=1 X2=120 Z2=1 C2=1 R2=1 S2=1 Y1=1 X1=120 Z1=1 C1=1 R1=1 S1=1 Y0=1 X0=120 Z0=1 C0=1 R0=1 S0=1] SACols[Q=1 Z7=4] SARows[S7=3 C7=56 Z7=2] SACols_6[X6=1 Z6=4] SARows_6[S6=1 C6=12 Z6=14] SACols_5[X5=1 Z5=4] SARows_5[S5=3 C5=12 Z5=3] SACols_4[X4=1 Z4=4] SARows_4[S4=3 C4=12 Z4=3] SACols_3[X3=1 Z3=4] SARows_3[S3=3 C3=12 Z3=3] SACols_2[X2=1 Z2=4] SARows_2[S2=3 C2=12 Z2=3] SACols_1[X1=1 Z1=4] SARows_1[S1=1 C1=56 Z1=3] SACols_0[X0=1 Z0=4] SARows_0[S0=5 C0=3 Z0=14] InRegister[P=1 Q=1 Z7=1 C7=1 R7=1 S7=1 Y6=1 X6=1 Z6=1 C6=1 R6=1 S6=1 Y5=1 X5=1 Z5=1 C5=1 R5=1 S5=1 Y4=1 X4=1 Z4=1 C4=1 R4=1 S4=1 Y3=1 X3=1 Z3=1 C3=1 R3=1 S3=1 Y2=1 X2=1 Z2=1 C2=1 R2=1 S2=1 Y1=1 X1=1 Z1=1 C1=1 R1=1 S1=1 Y0=1 X0=1 Z0=1 C0=1 R0=1 S0=1] WRegister[P=1 Q=1 Z7=1 C7=1 R7=3 S7=1 Y6=1 X6=1 Z6=1 C6=1 R6=1 S6=1 Y5=1 X5=1 Z5=1 C5=1 R5=3 S5=1 Y4=1 X4=1 Z4=1 C4=1 R4=3 S4=1 Y3=1 X3=1 Z3=1 C3=1 R3=3 S3=1 Y2=1 X2=1 Z2=1 C2=1 R2=3 S2=1 Y1=1 X1=1 Z1=1 C1=1 R1=1 S1=1 Y0=1 X0=1 Z0=1 C0=1 R0=5 S0=1] IntermediateRegister[P=1 Q=1 Z7=1 C7=1 R7=1 S7=1 Y6=1 X6=1 Z6=1 C6=1 R6=1 S6=1 Y5=1 X5=1 Z5=1 C5=1 R5=1 S5=1 Y4=1 X4=1 Z4=1 C4=1 R4=1 S4=1 Y3=1 X3=1 Z3=1 C3=1 R3=1 S3=1 Y2=1 X2=1 Z2=1 C2=1 R2=1 S2=1 Y1=1 X1=1 Z1=1 C1=1 R1=1 S1=1 Y0=1 X0=1 Z0=1 C0=1 R0=1 S0=1] OutRegister[P=1 Q=1 Z7=2 C7=1 R7=1 S7=1 Y6=1 X6=1 Z6=1 C6=1 R6=1 S6=1 Y5=1 X5=1 Z5=1 C5=1 R5=1 S5=1 Y4=1 X4=1 Z4=1 C4=1 R4=1 S4=1 Y3=1 X3=1 Z3=1 C3=1 R3=1 S3=1 Y2=1 X2=1 Z2=1 C2=1 R2=1 S2=1 Y1=1 X1=1 Z1=1 C1=1 R1=1 S1=1 Y0=1 X0=1 Z0=1 C0=1 R0=1 S0=1] Compute] 
fsrcnn_8layer_2026-02-21T06:51:24.862790,fsrcnn,8layer,full,8,eyeriss,thesis_arch,1056,524,128,512,16,120,False,True,,6.255e+04,1.918e+07,1.25e+06,"(31557100392, 12312518400)",1.7509048058158172e-09,0.15824532508850098,DRAM[P=540 Q=8 Z7=1 C7=1 R7=1 S7=1 Y6=540 X6=8 Z6=1 C6=1 R6=1 S6=1 Y5=540 X5=8 Z5=1 C5=1 R5=1 S5=1 Y4=540 X4=8 Z4=1 C4=1 R4=1 S4=1 Y3=540 X3=8 Z3=1 C3=1 R3=1 S3=1 Y2=540 X2=8 Z2=1 C2=1 R2=1 S2=1 Y1=540 X1=8 Z1=1 C1=1 R1=1 S1=1 Y0=540 X0=8 Z0=1 C0=1 R0=1 S0=1] GlobalBuffer[P=1 Q=120 Z7=1 C7=1 R7=1 S7=1 Y6=1 X6=120 Z6=1 C6=1 R6=1 S6=1 Y5=1 X5=120 Z5=1 C5=1 R5=1 S5=1 Y4=1 X4=120 Z4=1 C4=1 R4=1 S4=1 Y3=1 X3=120 Z3=1 C3=1 R3=1 S3=1 Y2=1 X2=120 Z2=1 C2=1 R2=1 S2=1 Y1=1 X1=120 Z1=1 C1=1 R1=1 S1=1 Y0=1 X0=120 Z0=1 C0=1 R0=1 S0=1] SACols[Q=1 Z7=16] SARows[S7=3 C7=56 Z7=1] SACols_6[X6=1 Z6=14] SARows_6[S6=1 C6=12 Z6=4] SACols_5[X5=1 Z5=12] SARows_5[S5=3 C5=12 Z5=1] SACols_4[X4=1 Z4=12] SARows_4[S4=3 C4=12 Z4=1] SACols_3[X3=1 Z3=12] SARows_3[S3=3 C3=12 Z3=1] SACols_2[X2=1 Z2=12] SARows_2[S2=3 C2=12 Z2=1] SACols_1[X1=1 Z1=12] SARows_1[S1=1 C1=56 Z1=1] SACols_0[X0=1 Z0=14] SARows_0[S0=5 C0=3 Z0=4] InRegister[P=1 Q=1 Z7=1 C7=1 R7=1 S7=1 Y6=1 X6=1 Z6=1 C6=1 R6=1 S6=1 Y5=1 X5=1 Z5=1 C5=1 R5=1 S5=1 Y4=1 X4=1 Z4=1 C4=1 R4=1 S4=1 Y3=1 X3=1 Z3=1 C3=1 R3=1 S3=1 Y2=1 X2=1 Z2=1 C2=1 R2=1 S2=1 Y1=1 X1=1 Z1=1 C1=1 R1=1 S1=1 Y0=1 X0=1 Z0=1 C0=1 R0=1 S0=1] WRegister[P=1 Q=1 Z7=1 C7=1 R7=3 S7=1 Y6=1 X6=1 Z6=1 C6=1 R6=1 S6=1 Y5=1 X5=1 Z5=1 C5=1 R5=3 S5=1 Y4=1 X4=1 Z4=1 C4=1 R4=3 S4=1 Y3=1 X3=1 Z3=1 C3=1 R3=3 S3=1 Y2=1 X2=1 Z2=1 C2=1 R2=3 S2=1 Y1=1 X1=1 Z1=1 C1=1 R1=1 S1=1 Y0=1 X0=1 Z0=1 C0=1 R0=5 S0=1] IntermediateRegister[P=1 Q=1 Z7=1 C7=1 R7=1 S7=1 Y6=1 X6=1 Z6=1 C6=1 R6=1 S6=1 Y5=1 X5=1 Z5=1 C5=1 R5=1 S5=1 Y4=1 X4=1 Z4=1 C4=1 R4=1 S4=1 Y3=1 X3=1 Z3=1 C3=1 R3=1 S3=1 Y2=1 X2=1 Z2=1 C2=1 R2=1 S2=1 Y1=1 X1=1 Z1=1 C1=1 R1=1 S1=1 Y0=1 X0=1 Z0=1 C0=1 R0=1 S0=1] OutRegister[P=1 Q=1 Z7=1 C7=1 R7=1 S7=1 Y6=1 X6=1 Z6=1 C6=1 R6=1 S6=1 Y5=1 X5=1 Z5=1 C5=1 R5=1 S5=1 Y4=1 X4=1 Z4=1 C4=1 R4=1 S4=1 Y3=1 X3=1 Z3=1 C3=1 R3=1 S3=1 Y2=1 X2=1 Z2=1 C2=1 R2=1 S2=1 Y1=1 X1=1 Z1=1 C1=1 R1=1 S1=1 Y0=1 X0=1 Z0=1 C0=1 R0=1 S0=1] Compute] 
fsrcnn_8layer_2026-02-21T06:51:25.380043,fsrcnn,8layer,full,8,eyeriss,thesis_arch,1056,524,128,512,32,120,False,True,,6.255e+04,1.918e+07,1.25e+06,"(31557100392, 12312518400)",4.377262014539543e-10,0.4084444046020508,DRAM[P=540 Q=8 Z7=1 C7=1 R7=1 S7=1 Y6=540 X6=8 Z6=1 C6=1 R6=1 S6=1 Y5=540 X5=8 Z5=1 C5=1 R5=1 S5=1 Y4=540 X4=8 Z4=1 C4=1 R4=1 S4=1 Y3=540 X3=8 Z3=1 C3=1 R3=1 S3=1 Y2=540 X2=8 Z2=1 C2=1 R2=1 S2=1 Y1=540 X1=8 Z1=1 C1=1 R1=1 S1=1 Y0=540 X0=8 Z0=1 C0=1 R0=1 S0=1] GlobalBuffer[P=1 Q=60 Z7=1 C7=1 R7=1 S7=1 Y6=1 X6=120 Z6=1 C6=1 R6=1 S6=1 Y5=1 X5=60 Z5=1 C5=1 R5=1 S5=1 Y4=1 X4=60 Z4=1 C4=1 R4=1 S4=1 Y3=1 X3=60 Z3=1 C3=1 R3=1 S3=1 Y2=1 X2=60 Z2=1 C2=1 R2=1 S2=1 Y1=1 X1=60 Z1=1 C1=1 R1=1 S1=1 Y0=1 X0=120 Z0=1 C0=1 R0=1 S0=1] SACols[Q=2 Z7=16] SARows[S7=3 C7=56 Z7=1] SACols_6[X6=1 Z6=28] SARows_6[S6=1 C6=12 Z6=2] SACols_5[X5=2 Z5=12] SARows_5[S5=3 C5=12 Z5=1] SACols_4[X4=2 Z4=12] SARows_4[S4=3 C4=12 Z4=1] SACols_3[X3=2 Z3=12] SARows_3[S3=3 C3=12 Z3=1] SACols_2[X2=2 Z2=12] SARows_2[S2=3 C2=12 Z2=1] SACols_1[X1=2 Z1=12] SARows_1[S1=1 C1=56 Z1=1] SACols_0[X0=1 Z0=28] SARows_0[S0=5 C0=3 Z0=2] InRegister[P=1 Q=1 Z7=1 C7=1 R7=1 S7=1 Y6=1 X6=1 Z6=1 C6=1 R6=1 S6=1 Y5=1 X5=1 Z5=1 C5=1 R5=1 S5=1 Y4=1 X4=1 Z4=1 C4=1 R4=1 S4=1 Y3=1 X3=1 Z3=1 C3=1 R3=1 S3=1 Y2=1 X2=1 Z2=1 C2=1 R2=1 S2=1 Y1=1 X1=1 Z1=1 C1=1 R1=1 S1=1 Y0=1 X0=1 Z0=1 C0=1 R0=1 S0=1] WRegister[P=1 Q=1 Z7=1 C7=1 R7=3 S7=1 Y6=1 X6=1 Z6=1 C6=1 R6=1 S6=1 Y5=1 X5=1 Z5=1 C5=1 R5=3 S5=1 Y4=1 X4=1 Z4=1 C4=1 R4=3 S4=1 Y3=1 X3=1 Z3=1 C3=1 R3=3 S3=1 Y2=1 X2=1 Z2=1 C2=1 R2=3 S2=1 Y1=1 X1=1 Z1=1 C1=1 R1=1 S1=1 Y0=1 X0=1 Z0=1 C0=1 R0=5 S0=1] IntermediateRegister[P=1 Q=1 Z7=1 C7=1 R7=1 S7=1 Y6=1 X6=1 Z6=1 C6=1 R6=1 S6=1 Y5=1 X5=1 Z5=1 C5=1 R5=1 S5=1 Y4=1 X4=1 Z4=1 C4=1 R4=1 S4=1 Y3=1 X3=1 Z3=1 C3=1 R3=1 S3=1 Y2=1 X2=1 Z2=1 C2=1 R2=1 S2=1 Y1=1 X1=1 Z1=1 C1=1 R1=1 S1=1 Y0=1 X0=1 Z0=1 C0=1 R0=1 S0=1] OutRegister[P=1 Q=1 Z7=1 C7=1 R7=1 S7=1 Y6=1 X6=1 Z6=1 C6=1 R6=1 S6=1 Y5=1 X5=1 Z5=1 C5=1 R5=1 S5=1 Y4=1 X4=1 Z4=1 C4=1 R4=1 S4=1 Y3=1 X3=1 Z3=1 C3=1 R3=1 S3=1 Y2=1 X2=1 Z2=1 C2=1 R2=1 S2=1 Y1=1 X1=1 Z1=1 C1=1 R1=1 S1=1 Y0=1 X0=1 Z0=1 C0=1 R0=1 S0=1] Compute] 
fsrcnn_8layer_2026-02-21T06:51:26.361070,fsrcnn,8layer,full,8,eyeriss,thesis_arch,1056,524,128,4,4,120,False,False,"Arch: Eyeriss_Constrained_8L_tile120_4x4 -> Level: SARows_0: Failed to fit comp to arch because the level's constraint (S0: 4) does not divide comp dimension S0 (5) exactly. To compensate, consider setting 'Settings.PADDED_MAPPINGS' to True.",0.000e+00,0.000e+00,0.00e+00,0,0.0,0.0,
fsrcnn_8layer_2026-02-21T06:51:27.112512,fsrcnn,8layer,full,8,eyeriss,thesis_arch,1056,524,128,4,16,120,False,False,"Arch: Eyeriss_Constrained_8L_tile120_16x4 -> Level: SARows_0: Failed to fit comp to arch because the level's constraint (S0: 4) does not divide comp dimension S0 (5) exactly. To compensate, consider setting 'Settings.PADDED_MAPPINGS' to True.",0.000e+00,0.000e+00,0.00e+00,0,0.0,0.0,
fsrcnn_8layer_2026-02-21T06:51:27.678198,fsrcnn,8layer,full,8,eyeriss,thesis_arch,1056,524,128,4,32,120,False,False,"Arch: Eyeriss_Constrained_8L_tile120_32x4 -> Level: SARows_0: Failed to fit comp to arch because the level's constraint (S0: 4) does not divide comp dimension S0 (5) exactly. To compensate, consider setting 'Settings.PADDED_MAPPINGS' to True.",0.000e+00,0.000e+00,0.00e+00,0,0.0,0.0,
fsrcnn_8layer_2026-02-21T06:51:28.360043,fsrcnn,8layer,full,8,eyeriss,thesis_arch,1056,524,128,4,64,120,False,False,"Arch: Eyeriss_Constrained_8L_tile120_64x4 -> Level: SARows_0: Failed to fit comp to arch because the level's constraint (S0: 4) does not divide comp dimension S0 (5) exactly. To compensate, consider setting 'Settings.PADDED_MAPPINGS' to True.",0.000e+00,0.000e+00,0.00e+00,0,0.0,0.0,
fsrcnn_8layer_2026-02-21T06:51:29.073327,fsrcnn,8layer,full,8,eyeriss,thesis_arch,1056,524,128,4,128,120,False,False,"Arch: Eyeriss_Constrained_8L_tile120_128x4 -> Level: SARows_0: Failed to fit comp to arch because the level's constraint (S0: 4) does not divide comp dimension S0 (5) exactly. To compensate, consider setting 'Settings.PADDED_MAPPINGS' to True.",0.000e+00,0.000e+00,0.00e+00,0,0.0,0.0,
fsrcnn_8layer_2026-02-21T06:51:29.622039,fsrcnn,8layer,full,8,eyeriss,thesis_arch,1056,524,128,4,256,120,False,False,"Arch: Eyeriss_Constrained_8L_tile120_256x4 -> Level: SARows_0: Failed to fit comp to arch because the level's constraint (S0: 4) does not divide comp dimension S0 (5) exactly. To compensate, consider setting 'Settings.PADDED_MAPPINGS' to True.",0.000e+00,0.000e+00,0.00e+00,0,0.0,0.0,
fsrcnn_8layer_2026-02-21T06:51:29.993189,fsrcnn,8layer,full,8,eyeriss,thesis_arch,1056,524,128,4,512,120,False,False,"Arch: Eyeriss_Constrained_8L_tile120_512x4 -> Level: SARows_0: Failed to fit comp to arch because the level's constraint (S0: 4) does not divide comp dimension S0 (5) exactly. To compensate, consider setting 'Settings.PADDED_MAPPINGS' to True.",0.000e+00,0.000e+00,0.00e+00,0,0.0,0.0,
fsrcnn_8layer_2026-02-21T06:51:30.332215,fsrcnn,8layer,full,8,eyeriss,thesis_arch,1056,524,128,16,4,120,False,False,"Ill-posed constraints:
CONSTRAINTS VIOLATION: Arch: Eyeriss_Constrained_8L_tile120_4x16 -> Level: InRegister: memory footprint: 93 VS memory available: 34
CONSTRAINTS VIOLATION: Arch: Eyeriss_Constrained_8L_tile120_4x16 -> Level: IntermediateRegister: memory footprint: 43 VS memory available: 32",0.000e+00,0.000e+00,0.00e+00,0,0.0,0.0,
fsrcnn_8layer_2026-02-21T06:51:30.609111,fsrcnn,8layer,full,8,eyeriss,thesis_arch,1056,524,128,16,16,120,False,False,"Ill-posed constraints:
CONSTRAINTS VIOLATION: Arch: Eyeriss_Constrained_8L_tile120_16x16 -> Level: InRegister: memory footprint: 93 VS memory available: 34",0.000e+00,0.000e+00,0.00e+00,0,0.0,0.0,
fsrcnn_8layer_2026-02-21T06:51:30.871397,fsrcnn,8layer,full,8,eyeriss,thesis_arch,1056,524,128,16,32,120,False,False,"Ill-posed constraints:
CONSTRAINTS VIOLATION: Arch: Eyeriss_Constrained_8L_tile120_32x16 -> Level: InRegister: memory footprint: 93 VS memory available: 34",0.000e+00,0.000e+00,0.00e+00,0,0.0,0.0,
fsrcnn_8layer_2026-02-21T06:51:31.244387,fsrcnn,8layer,full,8,eyeriss,thesis_arch,1056,524,128,16,64,120,False,False,"Ill-posed constraints:
CONSTRAINTS VIOLATION: Arch: Eyeriss_Constrained_8L_tile120_64x16 -> Level: InRegister: memory footprint: 93 VS memory available: 34",0.000e+00,0.000e+00,0.00e+00,0,0.0,0.0,
fsrcnn_8layer_2026-02-21T06:51:31.937244,fsrcnn,8layer,full,8,eyeriss,thesis_arch,1056,524,128,16,128,120,False,False,"Ill-posed constraints:
CONSTRAINTS VIOLATION: Arch: Eyeriss_Constrained_8L_tile120_128x16 -> Level: InRegister: memory footprint: 93 VS memory available: 34",0.000e+00,0.000e+00,0.00e+00,0,0.0,0.0,
fsrcnn_8layer_2026-02-21T06:51:32.523355,fsrcnn,8layer,full,8,eyeriss,thesis_arch,1056,524,128,16,256,120,False,False,"Ill-posed constraints:
CONSTRAINTS VIOLATION: Arch: Eyeriss_Constrained_8L_tile120_256x16 -> Level: InRegister: memory footprint: 93 VS memory available: 34",0.000e+00,0.000e+00,0.00e+00,0,0.0,0.0,
fsrcnn_8layer_2026-02-21T06:51:32.928012,fsrcnn,8layer,full,8,eyeriss,thesis_arch,1056,524,128,16,512,120,False,False,"Ill-posed constraints:
CONSTRAINTS VIOLATION: Arch: Eyeriss_Constrained_8L_tile120_512x16 -> Level: InRegister: memory footprint: 93 VS memory available: 34",0.000e+00,0.000e+00,0.00e+00,0,0.0,0.0,
fsrcnn_8layer_2026-02-21T06:51:33.402512,fsrcnn,8layer,full,8,eyeriss,thesis_arch,1056,524,128,32,4,120,False,False,"Ill-posed constraints:
CONSTRAINTS VIOLATION: Arch: Eyeriss_Constrained_8L_tile120_4x32 -> Level: InRegister: memory footprint: 58 VS memory available: 34",0.000e+00,0.000e+00,0.00e+00,0,0.0,0.0,
fsrcnn_8layer_2026-02-21T06:51:33.713554,fsrcnn,8layer,full,8,eyeriss,thesis_arch,1056,524,128,32,16,120,False,False,"Ill-posed constraints:
CONSTRAINTS VIOLATION: Arch: Eyeriss_Constrained_8L_tile120_16x32 -> Level: InRegister: memory footprint: 58 VS memory available: 34",0.000e+00,0.000e+00,0.00e+00,0,0.0,0.0,
fsrcnn_8layer_2026-02-21T06:51:34.173348,fsrcnn,8layer,full,8,eyeriss,thesis_arch,1056,524,128,32,32,120,False,False,"Ill-posed constraints:
CONSTRAINTS VIOLATION: Arch: Eyeriss_Constrained_8L_tile120_32x32 -> Level: InRegister: memory footprint: 58 VS memory available: 34",0.000e+00,0.000e+00,0.00e+00,0,0.0,0.0,
fsrcnn_8layer_2026-02-21T06:51:34.748924,fsrcnn,8layer,full,8,eyeriss,thesis_arch,1056,524,128,32,64,120,False,False,"Ill-posed constraints:
CONSTRAINTS VIOLATION: Arch: Eyeriss_Constrained_8L_tile120_64x32 -> Level: InRegister: memory footprint: 58 VS memory available: 34",0.000e+00,0.000e+00,0.00e+00,0,0.0,0.0,
fsrcnn_8layer_2026-02-21T06:51:35.521347,fsrcnn,8layer,full,8,eyeriss,thesis_arch,1056,524,128,32,128,120,False,False,"Ill-posed constraints:
CONSTRAINTS VIOLATION: Arch: Eyeriss_Constrained_8L_tile120_128x32 -> Level: InRegister: memory footprint: 58 VS memory available: 34",0.000e+00,0.000e+00,0.00e+00,0,0.0,0.0,
fsrcnn_8layer_2026-02-21T06:51:35.931477,fsrcnn,8layer,full,8,eyeriss,thesis_arch,1056,524,128,32,256,120,False,False,"Ill-posed constraints:
CONSTRAINTS VIOLATION: Arch: Eyeriss_Constrained_8L_tile120_256x32 -> Level: InRegister: memory footprint: 58 VS memory available: 34",0.000e+00,0.000e+00,0.00e+00,0,0.0,0.0,
fsrcnn_8layer_2026-02-21T06:51:36.297324,fsrcnn,8layer,full,8,eyeriss,thesis_arch,1056,524,128,32,512,120,False,False,"Ill-posed constraints:
CONSTRAINTS VIOLATION: Arch: Eyeriss_Constrained_8L_tile120_512x32 -> Level: InRegister: memory footprint: 58 VS memory available: 34",0.000e+00,0.000e+00,0.00e+00,0,0.0,0.0,
fsrcnn_8layer_2026-02-21T06:51:36.635775,fsrcnn,8layer,full,8,eyeriss,thesis_arch,1056,524,128,64,4,120,False,False,"Ill-posed constraints:
CONSTRAINTS VIOLATION: Arch: Eyeriss_Constrained_8L_tile120_4x64 -> Level: InRegister: memory footprint: 36 VS memory available: 34",0.000e+00,0.000e+00,0.00e+00,0,0.0,0.0,
fsrcnn_8layer_2026-02-21T06:51:37.010894,fsrcnn,8layer,full,8,eyeriss,thesis_arch,1056,524,128,64,16,120,False,False,"Ill-posed constraints:
CONSTRAINTS VIOLATION: Arch: Eyeriss_Constrained_8L_tile120_16x64 -> Level: InRegister: memory footprint: 36 VS memory available: 34",0.000e+00,0.000e+00,0.00e+00,0,0.0,0.0,
fsrcnn_8layer_2026-02-21T06:51:37.411766,fsrcnn,8layer,full,8,eyeriss,thesis_arch,1056,524,128,64,32,120,False,False,"Ill-posed constraints:
CONSTRAINTS VIOLATION: Arch: Eyeriss_Constrained_8L_tile120_32x64 -> Level: InRegister: memory footprint: 36 VS memory available: 34",0.000e+00,0.000e+00,0.00e+00,0,0.0,0.0,
fsrcnn_8layer_2026-02-21T06:51:37.744228,fsrcnn,8layer,full,8,eyeriss,thesis_arch,1056,524,128,64,64,120,False,False,"Ill-posed constraints:
CONSTRAINTS VIOLATION: Arch: Eyeriss_Constrained_8L_tile120_64x64 -> Level: InRegister: memory footprint: 36 VS memory available: 34",0.000e+00,0.000e+00,0.00e+00,0,0.0,0.0,
fsrcnn_8layer_2026-02-21T06:51:38.101290,fsrcnn,8layer,full,8,eyeriss,thesis_arch,1056,524,128,64,128,120,False,False,"Ill-posed constraints:
CONSTRAINTS VIOLATION: Arch: Eyeriss_Constrained_8L_tile120_128x64 -> Level: InRegister: memory footprint: 36 VS memory available: 34",0.000e+00,0.000e+00,0.00e+00,0,0.0,0.0,
fsrcnn_8layer_2026-02-21T06:51:38.374785,fsrcnn,8layer,full,8,eyeriss,thesis_arch,1056,524,128,64,256,120,False,False,"Ill-posed constraints:
CONSTRAINTS VIOLATION: Arch: Eyeriss_Constrained_8L_tile120_256x64 -> Level: InRegister: memory footprint: 36 VS memory available: 34",0.000e+00,0.000e+00,0.00e+00,0,0.0,0.0,
fsrcnn_8layer_2026-02-21T06:51:38.791130,fsrcnn,8layer,full,8,eyeriss,thesis_arch,1056,524,128,128,4,120,False,True,,7.181e+04,2.825e+07,2.06e+06,"(30062034792, 12094790400)",0.07833415499362673,0.15349817276000977,DRAM[P=540 Q=8 Z7=1 C7=1 R7=1 S7=1 Y6=540 X6=8 Z6=1 C6=1 R6=1 S6=1 Y5=540 X5=8 Z5=1 C5=1 R5=1 S5=1 Y4=540 X4=8 Z4=1 C4=1 R4=1 S4=1 Y3=540 X3=8 Z3=1 C3=1 R3=1 S3=1 Y2=540 X2=8 Z2=1 C2=1 R2=1 S2=1 Y1=540 X1=8 Z1=1 C1=1 R1=1 S1=1 Y0=540 X0=8 Z0=1 C0=1 R0=1 S0=1] GlobalBuffer[P=1 Q=120 Z7=1 C7=1 R7=1 S7=1 Y6=1 X6=120 Z6=1 C6=1 R6=1 S6=1 Y5=1 X5=120 Z5=1 C5=1 R5=1 S5=1 Y4=1 X4=120 Z4=1 C4=1 R4=1 S4=1 Y3=1 X3=120 Z3=1 C3=1 R3=1 S3=1 Y2=1 X2=120 Z2=1 C2=1 R2=1 S2=1 Y1=1 X1=120 Z1=1 C1=1 R1=1 S1=1 Y0=1 X0=120 Z0=1 C0=1 R0=1 S0=1] SACols[Q=1 Z7=4] SARows[S7=3 C7=28 Z7=1] SACols_6[X6=1 Z6=4] SARows_6[S6=1 C6=12 Z6=7] SACols_5[X5=1 Z5=4] SARows_5[S5=3 C5=12 Z5=3] SACols_4[X4=1 Z4=4] SARows_4[S4=3 C4=12 Z4=3] SACols_3[X3=1 Z3=4] SARows_3[S3=3 C3=12 Z3=3] SACols_2[X2=1 Z2=4] SARows_2[S2=3 C2=12 Z2=3] SACols_1[X1=1 Z1=4] SARows_1[S1=1 C1=56 Z1=1] SACols_0[X0=1 Z0=4] SARows_0[S0=5 C0=3 Z0=7] InRegister[P=1 Q=1 Z7=1 C7=1 R7=1 S7=1 Y6=1 X6=1 Z6=1 C6=1 R6=1 S6=1 Y5=1 X5=1 Z5=1 C5=1 R5=1 S5=1 Y4=1 X4=1 Z4=1 C4=1 R4=1 S4=1 Y3=1 X3=1 Z3=1 C3=1 R3=1 S3=1 Y2=1 X2=1 Z2=1 C2=1 R2=1 S2=1 Y1=1 X1=1 Z1=1 C1=1 R1=1 S1=1 Y0=1 X0=1 Z0=1 C0=1 R0=1 S0=1] WRegister[P=1 Q=1 Z7=1 C7=2 R7=3 S7=1 Y6=1 X6=1 Z6=1 C6=1 R6=1 S6=1 Y5=1 X5=1 Z5=1 C5=1 R5=3 S5=1 Y4=1 X4=1 Z4=1 C4=1 R4=3 S4=1 Y3=1 X3=1 Z3=1 C3=1 R3=3 S3=1 Y2=1 X2=1 Z2=1 C2=1 R2=3 S2=1 Y1=1 X1=1 Z1=1 C1=1 R1=1 S1=1 Y0=1 X0=1 Z0=1 C0=1 R0=5 S0=1] IntermediateRegister[P=1 Q=1 Z7=1 C7=1 R7=1 S7=1 Y6=1 X6=1 Z6=2 C6=1 R6=1 S6=1 Y5=1 X5=1 Z5=1 C5=1 R5=1 S5=1 Y4=1 X4=1 Z4=1 C4=1 R4=1 S4=1 Y3=1 X3=1 Z3=1 C3=1 R3=1 S3=1 Y2=1 X2=1 Z2=1 C2=1 R2=1 S2=1 Y1=1 X1=1 Z1=3 C1=1 R1=1 S1=1 Y0=1 X0=1 Z0=2 C0=1 R0=1 S0=1] OutRegister[P=1 Q=1 Z7=4 C7=1 R7=1 S7=1 Y6=1 X6=1 Z6=1 C6=1 R6=1 S6=1 Y5=1 X5=1 Z5=1 C5=1 R5=1 S5=1 Y4=1 X4=1 Z4=1 C4=1 R4=1 S4=1 Y3=1 X3=1 Z3=1 C3=1 R3=1 S3=1 Y2=1 X2=1 Z2=1 C2=1 R2=1 S2=1 Y1=1 X1=1 Z1=1 C1=1 R1=1 S1=1 Y0=1 X0=1 Z0=1 C0=1 R0=1 S0=1] Compute] 
fsrcnn_8layer_2026-02-21T06:51:39.294698,fsrcnn,8layer,full,8,eyeriss,thesis_arch,1056,524,128,128,16,120,False,True,,7.320e+04,1.918e+07,1.45e+06,"(31557100392, 12312518400)",5.73736486769727e-05,0.12356877326965332,DRAM[P=540 Q=8 Z7=1 C7=1 R7=1 S7=1 Y6=540 X6=8 Z6=1 C6=1 R6=1 S6=1 Y5=540 X5=8 Z5=1 C5=1 R5=1 S5=1 Y4=540 X4=8 Z4=1 C4=1 R4=1 S4=1 Y3=540 X3=8 Z3=1 C3=1 R3=1 S3=1 Y2=540 X2=8 Z2=1 C2=1 R2=1 S2=1 Y1=540 X1=8 Z1=1 C1=1 R1=1 S1=1 Y0=540 X0=8 Z0=1 C0=1 R0=1 S0=1] GlobalBuffer[P=1 Q=120 Z7=1 C7=1 R7=1 S7=1 Y6=1 X6=120 Z6=1 C6=1 R6=1 S6=1 Y5=1 X5=120 Z5=1 C5=1 R5=1 S5=1 Y4=1 X4=120 Z4=1 C4=1 R4=1 S4=1 Y3=1 X3=120 Z3=1 C3=1 R3=1 S3=1 Y2=1 X2=120 Z2=1 C2=1 R2=1 S2=1 Y1=1 X1=120 Z1=1 C1=1 R1=1 S1=1 Y0=1 X0=120 Z0=1 C0=1 R0=1 S0=1] SACols[Q=1 Z7=16] SARows[S7=3 C7=28 Z7=1] SACols_6[X6=1 Z6=14] SARows_6[S6=1 C6=12 Z6=4] SACols_5[X5=1 Z5=12] SARows_5[S5=3 C5=12 Z5=1] SACols_4[X4=1 Z4=12] SARows_4[S4=3 C4=12 Z4=1] SACols_3[X3=1 Z3=12] SARows_3[S3=3 C3=12 Z3=1] SACols_2[X2=1 Z2=12] SARows_2[S2=3 C2=12 Z2=1] SACols_1[X1=1 Z1=12] SARows_1[S1=1 C1=56 Z1=1] SACols_0[X0=1 Z0=14] SARows_0[S0=5 C0=3 Z0=4] InRegister[P=1 Q=1 Z7=1 C7=1 R7=1 S7=1 Y6=1 X6=1 Z6=1 C6=1 R6=1 S6=1 Y5=1 X5=1 Z5=1 C5=1 R5=1 S5=1 Y4=1 X4=1 Z4=1 C4=1 R4=1 S4=1 Y3=1 X3=1 Z3=1 C3=1 R3=1 S3=1 Y2=1 X2=1 Z2=1 C2=1 R2=1 S2=1 Y1=1 X1=1 Z1=1 C1=1 R1=1 S1=1 Y0=1 X0=1 Z0=1 C0=1 R0=1 S0=1] WRegister[P=1 Q=1 Z7=1 C7=2 R7=3 S7=1 Y6=1 X6=1 Z6=1 C6=1 R6=1 S6=1 Y5=1 X5=1 Z5=1 C5=1 R5=3 S5=1 Y4=1 X4=1 Z4=1 C4=1 R4=3 S4=1 Y3=1 X3=1 Z3=1 C3=1 R3=3 S3=1 Y2=1 X2=1 Z2=1 C2=1 R2=3 S2=1 Y1=1 X1=1 Z1=1 C1=1 R1=1 S1=1 Y0=1 X0=1 Z0=1 C0=1 R0=5 S0=1] IntermediateRegister[P=1 Q=1 Z7=1 C7=1 R7=1 S7=1 Y6=1 X6=1 Z6=1 C6=1 R6=1 S6=1 Y5=1 X5=1 Z5=1 C5=1 R5=1 S5=1 Y4=1 X4=1 Z4=1 C4=1 R4=1 S4=1 Y3=1 X3=1 Z3=1 C3=1 R3=1 S3=1 Y2=1 X2=1 Z2=1 C2=1 R2=1 S2=1 Y1=1 X1=1 Z1=1 C1=1 R1=1 S1=1 Y0=1 X0=1 Z0=1 C0=1 R0=1 S0=1] OutRegister[P=1 Q=1 Z7=1 C7=1 R7=1 S7=1 Y6=1 X6=1 Z6=1 C6=1 R6=1 S6=1 Y5=1 X5=1 Z5=1 C5=1 R5=1 S5=1 Y4=1 X4=1 Z4=1 C4=1 R4=1 S4=1 Y3=1 X3=1 Z3=1 C3=1 R3=1 S3=1 Y2=1 X2=1 Z2=1 C2=1 R2=1 S2=1 Y1=1 X1=1 Z1=1 C1=1 R1=1 S1=1 Y0=1 X0=1 Z0=1 C0=1 R0=1 S0=1] Compute] 
fsrcnn_8layer_2026-02-21T06:51:39.784011,fsrcnn,8layer,full,8,eyeriss,thesis_arch,1056,524,128,128,32,120,False,True,,7.320e+04,1.918e+07,1.45e+06,"(31557100392, 12312518400)",1.4343412169243175e-05,0.14619183540344238,DRAM[P=540 Q=8 Z7=1 C7=1 R7=1 S7=1 Y6=540 X6=8 Z6=1 C6=1 R6=1 S6=1 Y5=540 X5=8 Z5=1 C5=1 R5=1 S5=1 Y4=540 X4=8 Z4=1 C4=1 R4=1 S4=1 Y3=540 X3=8 Z3=1 C3=1 R3=1 S3=1 Y2=540 X2=8 Z2=1 C2=1 R2=1 S2=1 Y1=540 X1=8 Z1=1 C1=1 R1=1 S1=1 Y0=540 X0=8 Z0=1 C0=1 R0=1 S0=1] GlobalBuffer[P=1 Q=60 Z7=1 C7=1 R7=1 S7=1 Y6=1 X6=120 Z6=1 C6=1 R6=1 S6=1 Y5=1 X5=60 Z5=1 C5=1 R5=1 S5=1 Y4=1 X4=60 Z4=1 C4=1 R4=1 S4=1 Y3=1 X3=60 Z3=1 C3=1 R3=1 S3=1 Y2=1 X2=60 Z2=1 C2=1 R2=1 S2=1 Y1=1 X1=60 Z1=1 C1=1 R1=1 S1=1 Y0=1 X0=120 Z0=1 C0=1 R0=1 S0=1] SACols[Q=2 Z7=16] SARows[S7=3 C7=28 Z7=1] SACols_6[X6=1 Z6=28] SARows_6[S6=1 C6=12 Z6=2] SACols_5[X5=2 Z5=12] SARows_5[S5=3 C5=12 Z5=1] SACols_4[X4=2 Z4=12] SARows_4[S4=3 C4=12 Z4=1] SACols_3[X3=2 Z3=12] SARows_3[S3=3 C3=12 Z3=1] SACols_2[X2=2 Z2=12] SARows_2[S2=3 C2=12 Z2=1] SACols_1[X1=2 Z1=12] SARows_1[S1=1 C1=56 Z1=1] SACols_0[X0=1 Z0=28] SARows_0[S0=5 C0=3 Z0=2] InRegister[P=1 Q=1 Z7=1 C7=1 R7=1 S7=1 Y6=1 X6=1 Z6=1 C6=1 R6=1 S6=1 Y5=1 X5=1 Z5=1 C5=1 R5=1 S5=1 Y4=1 X4=1 Z4=1 C4=1 R4=1 S4=1 Y3=1 X3=1 Z3=1 C3=1 R3=1 S3=1 Y2=1 X2=1 Z2=1 C2=1 R2=1 S2=1 Y1=1 X1=1 Z1=1 C1=1 R1=1 S1=1 Y0=1 X0=1 Z0=1 C0=1 R0=1 S0=1] WRegister[P=1 Q=1 Z7=1 C7=2 R7=3 S7=1 Y6=1 X6=1 Z6=1 C6=1 R6=1 S6=1 Y5=1 X5=1 Z5=1 C5=1 R5=3 S5=1 Y4=1 X4=1 Z4=1 C4=1 R4=3 S4=1 Y3=1 X3=1 Z3=1 C3=1 R3=3 S3=1 Y2=1 X2=1 Z2=1 C2=1 R2=3 S2=1 Y1=1 X1=1 Z1=1 C1=1 R1=1 S1=1 Y0=1 X0=1 Z0=1 C0=1 R0=5 S0=1] IntermediateRegister[P=1 Q=1 Z7=1 C7=1 R7=1 S7=1 Y6=1 X6=1 Z6=1 C6=1 R6=1 S6=1 Y5=1 X5=1 Z5=1 C5=1 R5=1 S5=1 Y4=1 X4=1 Z4=1 C4=1 R4=1 S4=1 Y3=1 X3=1 Z3=1 C3=1 R3=1 S3=1 Y2=1 X2=1 Z2=1 C2=1 R2=1 S2=1 Y1=1 X1=1 Z1=1 C1=1 R1=1 S1=1 Y0=1 X0=1 Z0=1 C0=1 R0=1 S0=1] OutRegister[P=1 Q=1 Z7=1 C7=1 R7=1 S7=1 Y6=1 X6=1 Z6=1 C6=1 R6=1 S6=1 Y5=1 X5=1 Z5=1 C5=1 R5=1 S5=1 Y4=1 X4=1 Z4=1 C4=1 R4=1 S4=1 Y3=1 X3=1 Z3=1 C3=1 R3=1 S3=1 Y2=1 X2=1 Z2=1 C2=1 R2=1 S2=1 Y1=1 X1=1 Z1=1 C1=1 R1=1 S1=1 Y0=1 X0=1 Z0=1 C0=1 R0=1 S0=1] Compute] 
fsrcnn_8layer_2026-02-21T06:51:40.307940,fsrcnn,8layer,full,8,eyeriss,thesis_arch,1056,524,128,128,64,120,False,True,,7.320e+04,1.918e+07,1.45e+06,"(31557100392, 12312518400)",1.0943155036348858e-05,0.11488962173461914,DRAM[P=540 Q=8 Z7=1 C7=1 R7=1 S7=1 Y6=540 X6=8 Z6=1 C6=1 R6=1 S6=1 Y5=540 X5=8 Z5=1 C5=1 R5=1 S5=1 Y4=540 X4=8 Z4=1 C4=1 R4=1 S4=1 Y3=540 X3=8 Z3=1 C3=1 R3=1 S3=1 Y2=540 X2=8 Z2=1 C2=1 R2=1 S2=1 Y1=540 X1=8 Z1=1 C1=1 R1=1 S1=1 Y0=540 X0=8 Z0=1 C0=1 R0=1 S0=1] GlobalBuffer[P=1 Q=30 Z7=1 C7=1 R7=1 S7=1 Y6=1 X6=120 Z6=1 C6=1 R6=1 S6=1 Y5=1 X5=24 Z5=1 C5=1 R5=1 S5=1 Y4=1 X4=24 Z4=1 C4=1 R4=1 S4=1 Y3=1 X3=24 Z3=1 C3=1 R3=1 S3=1 Y2=1 X2=24 Z2=1 C2=1 R2=1 S2=1 Y1=1 X1=24 Z1=1 C1=1 R1=1 S1=1 Y0=1 X0=120 Z0=1 C0=1 R0=1 S0=1] SACols[Q=4 Z7=16] SARows[S7=3 C7=28 Z7=1] SACols_6[X6=1 Z6=56] SARows_6[S6=1 C6=12 Z6=1] SACols_5[X5=5 Z5=12] SARows_5[S5=3 C5=12 Z5=1] SACols_4[X4=5 Z4=12] SARows_4[S4=3 C4=12 Z4=1] SACols_3[X3=5 Z3=12] SARows_3[S3=3 C3=12 Z3=1] SACols_2[X2=5 Z2=12] SARows_2[S2=3 C2=12 Z2=1] SACols_1[X1=5 Z1=12] SARows_1[S1=1 C1=56 Z1=1] SACols_0[X0=1 Z0=56] SARows_0[S0=5 C0=3 Z0=1] InRegister[P=1 Q=1 Z7=1 C7=1 R7=1 S7=1 Y6=1 X6=1 Z6=1 C6=1 R6=1 S6=1 Y5=1 X5=1 Z5=1 C5=1 R5=1 S5=1 Y4=1 X4=1 Z4=1 C4=1 R4=1 S4=1 Y3=1 X3=1 Z3=1 C3=1 R3=1 S3=1 Y2=1 X2=1 Z2=1 C2=1 R2=1 S2=1 Y1=1 X1=1 Z1=1 C1=1 R1=1 S1=1 Y0=1 X0=1 Z0=1 C0=1 R0=1 S0=1] WRegister[P=1 Q=1 Z7=1 C7=2 R7=3 S7=1 Y6=1 X6=1 Z6=1 C6=1 R6=1 S6=1 Y5=1 X5=1 Z5=1 C5=1 R5=3 S5=1 Y4=1 X4=1 Z4=1 C4=1 R4=3 S4=1 Y3=1 X3=1 Z3=1 C3=1 R3=3 S3=1 Y2=1 X2=1 Z2=1 C2=1 R2=3 S2=1 Y1=1 X1=1 Z1=1 C1=1 R1=1 S1=1 Y0=1 X0=1 Z0=1 C0=1 R0=5 S0=1] IntermediateRegister[P=1 Q=1 Z7=1 C7=1 R7=1 S7=1 Y6=1 X6=1 Z6=1 C6=1 R6=1 S6=1 Y5=1 X5=1 Z5=1 C5=1 R5=1 S5=1 Y4=1 X4=1 Z4=1 C4=1 R4=1 S4=1 Y3=1 X3=1 Z3=1 C3=1 R3=1 S3=1 Y2=1 X2=1 Z2=1 C2=1 R2=1 S2=1 Y1=1 X1=1 Z1=1 C1=1 R1=1 S1=1 Y0=1 X0=1 Z0=1 C0=1 R0=1 S0=1] OutRegister[P=1 Q=1 Z7=1 C7=1 R7=1 S7=1 Y6=1 X6=1 Z6=1 C6=1 R6=1 S6=1 Y5=1 X5=1 Z5=1 C5=1 R5=1 S5=1 Y4=1 X4=1 Z4=1 C4=1 R4=1 S4=1 Y3=1 X3=1 Z3=1 C3=1 R3=1 S3=1 Y2=1 X2=1 Z2=1 C2=1 R2=1 S2=1 Y1=1 X1=1 Z1=1 C1=1 R1=1 S1=1 Y0=1 X0=1 Z0=1 C0=1 R0=1 S0=1] Compute] 
fsrcnn_8layer_2026-02-21T06:51:40.781351,fsrcnn,8layer,full,8,eyeriss,thesis_arch,1056,524,128,128,128,120,False,True,,7.320e+04,1.889e+07,1.43e+06,"(31557100392, 12312518400)",1.0943155036348858e-05,0.10674214363098145,DRAM[P=540 Q=8 Z7=1 C7=1 R7=1 S7=1 Y6=540 X6=8 Z6=1 C6=1 R6=1 S6=1 Y5=540 X5=8 Z5=1 C5=1 R5=1 S5=1 Y4=540 X4=8 Z4=1 C4=1 R4=1 S4=1 Y3=540 X3=8 Z3=1 C3=1 R3=1 S3=1 Y2=540 X2=8 Z2=1 C2=1 R2=1 S2=1 Y1=540 X1=8 Z1=1 C1=1 R1=1 S1=1 Y0=540 X0=8 Z0=1 C0=1 R0=1 S0=1] GlobalBuffer[P=1 Q=15 Z7=1 C7=1 R7=1 S7=1 Y6=1 X6=60 Z6=1 C6=1 R6=1 S6=1 Y5=1 X5=12 Z5=1 C5=1 R5=1 S5=1 Y4=1 X4=12 Z4=1 C4=1 R4=1 S4=1 Y3=1 X3=12 Z3=1 C3=1 R3=1 S3=1 Y2=1 X2=12 Z2=1 C2=1 R2=1 S2=1 Y1=1 X1=12 Z1=1 C1=1 R1=1 S1=1 Y0=1 X0=60 Z0=1 C0=1 R0=1 S0=1] SACols[Q=8 Z7=16] SARows[S7=3 C7=28 Z7=1] SACols_6[X6=2 Z6=56] SARows_6[S6=1 C6=12 Z6=1] SACols_5[X5=10 Z5=12] SARows_5[S5=3 C5=12 Z5=1] SACols_4[X4=10 Z4=12] SARows_4[S4=3 C4=12 Z4=1] SACols_3[X3=10 Z3=12] SARows_3[S3=3 C3=12 Z3=1] SACols_2[X2=10 Z2=12] SARows_2[S2=3 C2=12 Z2=1] SACols_1[X1=10 Z1=12] SARows_1[S1=1 C1=56 Z1=1] SACols_0[X0=2 Z0=56] SARows_0[S0=5 C0=3 Z0=1] InRegister[P=1 Q=1 Z7=1 C7=1 R7=1 S7=1 Y6=1 X6=1 Z6=1 C6=1 R6=1 S6=1 Y5=1 X5=1 Z5=1 C5=1 R5=1 S5=1 Y4=1 X4=1 Z4=1 C4=1 R4=1 S4=1 Y3=1 X3=1 Z3=1 C3=1 R3=1 S3=1 Y2=1 X2=1 Z2=1 C2=1 R2=1 S2=1 Y1=1 X1=1 Z1=1 C1=1 R1=1 S1=1 Y0=1 X0=1 Z0=1 C0=1 R0=1 S0=1] WRegister[P=1 Q=1 Z7=1 C7=2 R7=3 S7=1 Y6=1 X6=1 Z6=1 C6=1 R6=1 S6=1 Y5=1 X5=1 Z5=1 C5=1 R5=3 S5=1 Y4=1 X4=1 Z4=1 C4=1 R4=3 S4=1 Y3=1 X3=1 Z3=1 C3=1 R3=3 S3=1 Y2=1 X2=1 Z2=1 C2=1 R2=3 S2=1 Y1=1 X1=1 Z1=1 C1=1 R1=1 S1=1 Y0=1 X0=1 Z0=1 C0=1 R0=5 S0=1] IntermediateRegister[P=1 Q=1 Z7=1 C7=1 R7=1 S7=1 Y6=1 X6=1 Z6=1 C6=1 R6=1 S6=1 Y5=1 X5=1 Z5=1 C5=1 R5=1 S5=1 Y4=1 X4=1 Z4=1 C4=1 R4=1 S4=1 Y3=1 X3=1 Z3=1 C3=1 R3=1 S3=1 Y2=1 X2=1 Z2=1 C2=1 R2=1 S2=1 Y1=1 X1=1 Z1=1 C1=1 R1=1 S1=1 Y0=1 X0=1 Z0=1 C0=1 R0=1 S0=1] OutRegister[P=1 Q=1 Z7=1 C7=1 R7=1 S7=1 Y6=1 X6=1 Z6=1 C6=1 R6=1 S6=1 Y5=1 X5=1 Z5=1 C5=1 R5=1 S5=1 Y4=1 X4=1 Z4=1 C4=1 R4=1 S4=1 Y3=1 X3=1 Z3=1 C3=1 R3=1 S3=1 Y2=1 X2=1 Z2=1 C2=1 R2=1 S2=1 Y1=1 X1=1 Z1=1 C1=1 R1=1 S1=1 Y0=1 X0=1 Z0=1 C0=1 R0=1 S0=1] Compute] 
fsrcnn_8layer_2026-02-21T06:51:41.161821,fsrcnn,8layer,full,8,eyeriss,thesis_arch,1056,524,128,256,4,120,False,True,,7.320e+04,1.944e+07,1.45e+06,"(31557100392, 12312518400)",0.0073438270306525055,0.1328892707824707,DRAM[P=540 Q=8 Z7=1 C7=1 R7=1 S7=1 Y6=540 X6=8 Z6=1 C6=1 R6=1 S6=1 Y5=540 X5=8 Z5=1 C5=1 R5=1 S5=1 Y4=540 X4=8 Z4=1 C4=1 R4=1 S4=1 Y3=540 X3=8 Z3=1 C3=1 R3=1 S3=1 Y2=540 X2=8 Z2=1 C2=1 R2=1 S2=1 Y1=540 X1=8 Z1=1 C1=1 R1=1 S1=1 Y0=540 X0=8 Z0=1 C0=1 R0=1 S0=1] GlobalBuffer[P=1 Q=120 Z7=1 C7=1 R7=1 S7=1 Y6=1 X6=120 Z6=1 C6=1 R6=1 S6=1 Y5=1 X5=120 Z5=1 C5=1 R5=1 S5=1 Y4=1 X4=120 Z4=1 C4=1 R4=1 S4=1 Y3=1 X3=120 Z3=1 C3=1 R3=1 S3=1 Y2=1 X2=120 Z2=1 C2=1 R2=1 S2=1 Y1=1 X1=120 Z1=1 C1=1 R1=1 S1=1 Y0=1 X0=120 Z0=1 C0=1 R0=1 S0=1] SACols[Q=1 Z7=4] SARows[S7=3 C7=56 Z7=1] SACols_6[X6=1 Z6=4] SARows_6[S6=1 C6=12 Z6=14] SACols_5[X5=1 Z5=4] SARows_5[S5=3 C5=12 Z5=3] SACols_4[X4=1 Z4=4] SARows_4[S4=3 C4=12 Z4=3] SACols_3[X3=1 Z3=4] SARows_3[S3=3 C3=12 Z3=3] SACols_2[X2=1 Z2=4] SARows_2[S2=3 C2=12 Z2=3] SACols_1[X1=1 Z1=4] SARows_1[S1=1 C1=56 Z1=3] SACols_0[X0=1 Z0=4] SARows_0[S0=5 C0=3 Z0=14] InRegister[P=1 Q=1 Z7=1 C7=1 R7=1 S7=1 Y6=1 X6=1 Z6=1 C6=1 R6=1 S6=1 Y5=1 X5=1 Z5=1 C5=1 R5=1 S5=1 Y4=1 X4=1 Z4=1 C4=1 R4=1 S4=1 Y3=1 X3=1 Z3=1 C3=1 R3=1 S3=1 Y2=1 X2=1 Z2=1 C2=1 R2=1 S2=1 Y1=1 X1=1 Z1=1 C1=1 R1=1 S1=1 Y0=1 X0=1 Z0=1 C0=1 R0=1 S0=1] WRegister[P=1 Q=1 Z7=1 C7=1 R7=3 S7=1 Y6=1 X6=1 Z6=1 C6=1 R6=1 S6=1 Y5=1 X5=1 Z5=1 C5=1 R5=3 S5=1 Y4=1 X4=1 Z4=1 C4=1 R4=3 S4=1 Y3=1 X3=1 Z3=1 C3=1 R3=3 S3=1 Y2=1 X2=1 Z2=1 C2=1 R2=3 S2=1 Y1=1 X1=1 Z1=1 C1=1 R1=1 S1=1 Y0=1 X0=1 Z0=1 C0=1 R0=5 S0=1] IntermediateRegister[P=1 Q=1 Z7=1 C7=1 R7=1 S7=1 Y6=1 X6=1 Z6=1 C6=1 R6=1 S6=1 Y5=1 X5=1 Z5=1 C5=1 R5=1 S5=1 Y4=1 X4=1 Z4=1 C4=1 R4=1 S4=1 Y3=1 X3=1 Z3=1 C3=1 R3=1 S3=1 Y2=1 X2=1 Z2=1 C2=1 R2=1 S2=1 Y1=1 X1=1 Z1=1 C1=1 R1=1 S1=1 Y0=1 X0=1 Z0=1 C0=1 R0=1 S0=1] OutRegister[P=1 Q=1 Z7=4 C7=1 R7=1 S7=1 Y6=1 X6=1 Z6=1 C6=1 R6=1 S6=1 Y5=1 X5=1 Z5=1 C5=1 R5=1 S5=1 Y4=1 X4=1 Z4=1 C4=1 R4=1 S4=1 Y3=1 X3=1 Z3=1 C3=1 R3=1 S3=1 Y2=1 X2=1 Z2=1 C2=1 R2=1 S2=1 Y1=1 X1=1 Z1=1 C1=1 R1=1 S1=1 Y0=1 X0=1 Z0=1 C0=1 R0=1 S0=1] Compute] 
fsrcnn_8layer_2026-02-21T06:51:41.652841,fsrcnn,8layer,full,8,eyeriss,thesis_arch,1056,524,128,256,16,120,False,True,,7.320e+04,1.918e+07,1.45e+06,"(31557100392, 12312518400)",4.482316302888492e-07,0.14994096755981445,DRAM[P=540 Q=8 Z7=1 C7=1 R7=1 S7=1 Y6=540 X6=8 Z6=1 C6=1 R6=1 S6=1 Y5=540 X5=8 Z5=1 C5=1 R5=1 S5=1 Y4=540 X4=8 Z4=1 C4=1 R4=1 S4=1 Y3=540 X3=8 Z3=1 C3=1 R3=1 S3=1 Y2=540 X2=8 Z2=1 C2=1 R2=1 S2=1 Y1=540 X1=8 Z1=1 C1=1 R1=1 S1=1 Y0=540 X0=8 Z0=1 C0=1 R0=1 S0=1] GlobalBuffer[P=1 Q=120 Z7=1 C7=1 R7=1 S7=1 Y6=1 X6=120 Z6=1 C6=1 R6=1 S6=1 Y5=1 X5=120 Z5=1 C5=1 R5=1 S5=1 Y4=1 X4=120 Z4=1 C4=1 R4=1 S4=1 Y3=1 X3=120 Z3=1 C3=1 R3=1 S3=1 Y2=1 X2=120 Z2=1 C2=1 R2=1 S2=1 Y1=1 X1=120 Z1=1 C1=1 R1=1 S1=1 Y0=1 X0=120 Z0=1 C0=1 R0=1 S0=1] SACols[Q=1 Z7=16] SARows[S7=3 C7=56 Z7=1] SACols_6[X6=1 Z6=14] SARows_6[S6=1 C6=12 Z6=4] SACols_5[X5=1 Z5=12] SARows_5[S5=3 C5=12 Z5=1] SACols_4[X4=1 Z4=12] SARows_4[S4=3 C4=12 Z4=1] SACols_3[X3=1 Z3=12] SARows_3[S3=3 C3=12 Z3=1] SACols_2[X2=1 Z2=12] SARows_2[S2=3 C2=12 Z2=1] SACols_1[X1=1 Z1=12] SARows_1[S1=1 C1=56 Z1=1] SACols_0[X0=1 Z0=14] SARows_0[S0=5 C0=3 Z0=4] InRegister[P=1 Q=1 Z7=1 C7=1 R7=1 S7=1 Y6=1 X6=1 Z6=1 C6=1 R6=1 S6=1 Y5=1 X5=1 Z5=1 C5=1 R5=1 S5=1 Y4=1 X4=1 Z4=1 C4=1 R4=1 S4=1 Y3=1 X3=1 Z3=1 C3=1 R3=1 S3=1 Y2=1 X2=1 Z2=1 C2=1 R2=1 S2=1 Y1=1 X1=1 Z1=1 C1=1 R1=1 S1=1 Y0=1 X0=1 Z0=1 C0=1 R0=1 S0=1] WRegister[P=1 Q=1 Z7=1 C7=1 R7=3 S7=1 Y6=1 X6=1 Z6=1 C6=1 R6=1 S6=1 Y5=1 X5=1 Z5=1 C5=1 R5=3 S5=1 Y4=1 X4=1 Z4=1 C4=1 R4=3 S4=1 Y3=1 X3=1 Z3=1 C3=1 R3=3 S3=1 Y2=1 X2=1 Z2=1 C2=1 R2=3 S2=1 Y1=1 X1=1 Z1=1 C1=1 R1=1 S1=1 Y0=1 X0=1 Z0=1 C0=1 R0=5 S0=1] IntermediateRegister[P=1 Q=1 Z7=1 C7=1 R7=1 S7=1 Y6=1 X6=1 Z6=1 C6=1 R6=1 S6=1 Y5=1 X5=1 Z5=1 C5=1 R5=1 S5=1 Y4=1 X4=1 Z4=1 C4=1 R4=1 S4=1 Y3=1 X3=1 Z3=1 C3=1 R3=1 S3=1 Y2=1 X2=1 Z2=1 C2=1 R2=1 S2=1 Y1=1 X1=1 Z1=1 C1=1 R1=1 S1=1 Y0=1 X0=1 Z0=1 C0=1 R0=1 S0=1] OutRegister[P=1 Q=1 Z7=1 C7=1 R7=1 S7=1 Y6=1 X6=1 Z6=1 C6=1 R6=1 S6=1 Y5=1 X5=1 Z5=1 C5=1 R5=1 S5=1 Y4=1 X4=1 Z4=1 C4=1 R4=1 S4=1 Y3=1 X3=1 Z3=1 C3=1 R3=1 S3=1 Y2=1 X2=1 Z2=1 C2=1 R2=1 S2=1 Y1=1 X1=1 Z1=1 C1=1 R1=1 S1=1 Y0=1 X0=1 Z0=1 C0=1 R0=1 S0=1] Compute] 
fsrcnn_8layer_2026-02-21T06:51:42.122561,fsrcnn,8layer,full,8,eyeriss,thesis_arch,1056,524,128,256,32,120,False,True,,7.320e+04,1.918e+07,1.45e+06,"(31557100392, 12312518400)",1.120579075722123e-07,0.2597212791442871,DRAM[P=540 Q=8 Z7=1 C7=1 R7=1 S7=1 Y6=540 X6=8 Z6=1 C6=1 R6=1 S6=1 Y5=540 X5=8 Z5=1 C5=1 R5=1 S5=1 Y4=540 X4=8 Z4=1 C4=1 R4=1 S4=1 Y3=540 X3=8 Z3=1 C3=1 R3=1 S3=1 Y2=540 X2=8 Z2=1 C2=1 R2=1 S2=1 Y1=540 X1=8 Z1=1 C1=1 R1=1 S1=1 Y0=540 X0=8 Z0=1 C0=1 R0=1 S0=1] GlobalBuffer[P=1 Q=60 Z7=1 C7=1 R7=1 S7=1 Y6=1 X6=120 Z6=1 C6=1 R6=1 S6=1 Y5=1 X5=60 Z5=1 C5=1 R5=1 S5=1 Y4=1 X4=60 Z4=1 C4=1 R4=1 S4=1 Y3=1 X3=60 Z3=1 C3=1 R3=1 S3=1 Y2=1 X2=60 Z2=1 C2=1 R2=1 S2=1 Y1=1 X1=60 Z1=1 C1=1 R1=1 S1=1 Y0=1 X0=120 Z0=1 C0=1 R0=1 S0=1] SACols[Q=2 Z7=16] SARows[S7=3 C7=56 Z7=1] SACols_6[X6=1 Z6=28] SARows_6[S6=1 C6=12 Z6=2] SACols_5[X5=2 Z5=12] SARows_5[S5=3 C5=12 Z5=1] SACols_4[X4=2 Z4=12] SARows_4[S4=3 C4=12 Z4=1] SACols_3[X3=2 Z3=12] SARows_3[S3=3 C3=12 Z3=1] SACols_2[X2=2 Z2=12] SARows_2[S2=3 C2=12 Z2=1] SACols_1[X1=2 Z1=12] SARows_1[S1=1 C1=56 Z1=1] SACols_0[X0=1 Z0=28] SARows_0[S0=5 C0=3 Z0=2] InRegister[P=1 Q=1 Z7=1 C7=1 R7=1 S7=1 Y6=1 X6=1 Z6=1 C6=1 R6=1 S6=1 Y5=1 X5=1 Z5=1 C5=1 R5=1 S5=1 Y4=1 X4=1 Z4=1 C4=1 R4=1 S4=1 Y3=1 X3=1 Z3=1 C3=1 R3=1 S3=1 Y2=1 X2=1 Z2=1 C2=1 R2=1 S2=1 Y1=1 X1=1 Z1=1 C1=1 R1=1 S1=1 Y0=1 X0=1 Z0=1 C0=1 R0=1 S0=1] WRegister[P=1 Q=1 Z7=1 C7=1 R7=3 S7=1 Y6=1 X6=1 Z6=1 C6=1 R6=1 S6=1 Y5=1 X5=1 Z5=1 C5=1 R5=3 S5=1 Y4=1 X4=1 Z4=1 C4=1 R4=3 S4=1 Y3=1 X3=1 Z3=1 C3=1 R3=3 S3=1 Y2=1 X2=1 Z2=1 C2=1 R2=3 S2=1 Y1=1 X1=1 Z1=1 C1=1 R1=1 S1=1 Y0=1 X0=1 Z0=1 C0=1 R0=5 S0=1] IntermediateRegister[P=1 Q=1 Z7=1 C7=1 R7=1 S7=1 Y6=1 X6=1 Z6=1 C6=1 R6=1 S6=1 Y5=1 X5=1 Z5=1 C5=1 R5=1 S5=1 Y4=1 X4=1 Z4=1 C4=1 R4=1 S4=1 Y3=1 X3=1 Z3=1 C3=1 R3=1 S3=1 Y2=1 X2=1 Z2=1 C2=1 R2=1 S2=1 Y1=1 X1=1 Z1=1 C1=1 R1=1 S1=1 Y0=1 X0=1 Z0=1 C0=1 R0=1 S0=1] OutRegister[P=1 Q=1 Z7=1 C7=1 R7=1 S7=1 Y6=1 X6=1 Z6=1 C6=1 R6=1 S6=1 Y5=1 X5=1 Z5=1 C5=1 R5=1 S5=1 Y4=1 X4=1 Z4=1 C4=1 R4=1 S4=1 Y3=1 X3=1 Z3=1 C3=1 R3=1 S3=1 Y2=1 X2=1 Z2=1 C2=1 R2=1 S2=1 Y1=1 X1=1 Z1=1 C1=1 R1=1 S1=1 Y0=1 X0=1 Z0=1 C0=1 R0=1 S0=1] Compute] 
fsrcnn_8layer_2026-02-21T06:51:42.791604,fsrcnn,8layer,full,8,eyeriss,thesis_arch,1056,524,128,256,64,120,False,True,,7.320e+04,1.918e+07,1.45e+06,"(31557100392, 12312518400)",8.549339872147545e-08,0.16501474380493164,DRAM[P=540 Q=8 Z7=1 C7=1 R7=1 S7=1 Y6=540 X6=8 Z6=1 C6=1 R6=1 S6=1 Y5=540 X5=8 Z5=1 C5=1 R5=1 S5=1 Y4=540 X4=8 Z4=1 C4=1 R4=1 S4=1 Y3=540 X3=8 Z3=1 C3=1 R3=1 S3=1 Y2=540 X2=8 Z2=1 C2=1 R2=1 S2=1 Y1=540 X1=8 Z1=1 C1=1 R1=1 S1=1 Y0=540 X0=8 Z0=1 C0=1 R0=1 S0=1] GlobalBuffer[P=1 Q=30 Z7=1 C7=1 R7=1 S7=1 Y6=1 X6=120 Z6=1 C6=1 R6=1 S6=1 Y5=1 X5=24 Z5=1 C5=1 R5=1 S5=1 Y4=1 X4=24 Z4=1 C4=1 R4=1 S4=1 Y3=1 X3=24 Z3=1 C3=1 R3=1 S3=1 Y2=1 X2=24 Z2=1 C2=1 R2=1 S2=1 Y1=1 X1=24 Z1=1 C1=1 R1=1 S1=1 Y0=1 X0=120 Z0=1 C0=1 R0=1 S0=1] SACols[Q=4 Z7=16] SARows[S7=3 C7=56 Z7=1] SACols_6[X6=1 Z6=56] SARows_6[S6=1 C6=12 Z6=1] SACols_5[X5=5 Z5=12] SARows_5[S5=3 C5=12 Z5=1] SACols_4[X4=5 Z4=12] SARows_4[S4=3 C4=12 Z4=1] SACols_3[X3=5 Z3=12] SARows_3[S3=3 C3=12 Z3=1] SACols_2[X2=5 Z2=12] SARows_2[S2=3 C2=12 Z2=1] SACols_1[X1=5 Z1=12] SARows_1[S1=1 C1=56 Z1=1] SACols_0[X0=1 Z0=56] SARows_0[S0=5 C0=3 Z0=1] InRegister[P=1 Q=1 Z7=1 C7=1 R7=1 S7=1 Y6=1 X6=1 Z6=1 C6=1 R6=1 S6=1 Y5=1 X5=1 Z5=1 C5=1 R5=1 S5=1 Y4=1 X4=1 Z4=1 C4=1 R4=1 S4=1 Y3=1 X3=1 Z3=1 C3=1 R3=1 S3=1 Y2=1 X2=1 Z2=1 C2=1 R2=1 S2=1 Y1=1 X1=1 Z1=1 C1=1 R1=1 S1=1 Y0=1 X0=1 Z0=1 C0=1 R0=1 S0=1] WRegister[P=1 Q=1 Z7=1 C7=1 R7=3 S7=1 Y6=1 X6=1 Z6=1 C6=1 R6=1 S6=1 Y5=1 X5=1 Z5=1 C5=1 R5=3 S5=1 Y4=1 X4=1 Z4=1 C4=1 R4=3 S4=1 Y3=1 X3=1 Z3=1 C3=1 R3=3 S3=1 Y2=1 X2=1 Z2=1 C2=1 R2=3 S2=1 Y1=1 X1=1 Z1=1 C1=1 R1=1 S1=1 Y0=1 X0=1 Z0=1 C0=1 R0=5 S0=1] IntermediateRegister[P=1 Q=1 Z7=1 C7=1 R7=1 S7=1 Y6=1 X6=1 Z6=1 C6=1 R6=1 S6=1 Y5=1 X5=1 Z5=1 C5=1 R5=1 S5=1 Y4=1 X4=1 Z4=1 C4=1 R4=1 S4=1 Y3=1 X3=1 Z3=1 C3=1 R3=1 S3=1 Y2=1 X2=1 Z2=1 C2=1 R2=1 S2=1 Y1=1 X1=1 Z1=1 C1=1 R1=1 S1=1 Y0=1 X0=1 Z0=1 C0=1 R0=1 S0=1] OutRegister[P=1 Q=1 Z7=1 C7=1 R7=1 S7=1 Y6=1 X6=1 Z6=1 C6=1 R6=1 S6=1 Y5=1 X5=1 Z5=1 C5=1 R5=1 S5=1 Y4=1 X4=1 Z4=1 C4=1 R4=1 S4=1 Y3=1 X3=1 Z3=1 C3=1 R3=1 S3=1 Y2=1 X2=1 Z2=1 C2=1 R2=1 S2=1 Y1=1 X1=1 Z1=1 C1=1 R1=1 S1=1 Y0=1 X0=1 Z0=1 C0=1 R0=1 S0=1] Compute] 
fsrcnn_8layer_2026-02-21T06:51:43.354429,fsrcnn,8layer,full,8,eyeriss,thesis_arch,1056,524,128,512,4,120,False,True,,7.320e+04,1.918e+07,1.44e+06,"(31557100392, 12312518400)",5.73736486769727e-05,0.15993213653564453,DRAM[P=540 Q=8 Z7=1 C7=1 R7=1 S7=1 Y6=540 X6=8 Z6=1 C6=1 R6=1 S6=1 Y5=540 X5=8 Z5=1 C5=1 R5=1 S5=1 Y4=540 X4=8 Z4=1 C4=1 R4=1 S4=1 Y3=540 X3=8 Z3=1 C3=1 R3=1 S3=1 Y2=540 X2=8 Z2=1 C2=1 R2=1 S2=1 Y1=540 X1=8 Z1=1 C1=1 R1=1 S1=1 Y0=540 X0=8 Z0=1 C0=1 R0=1 S0=1] GlobalBuffer[P=1 Q=120 Z7=1 C7=1 R7=1 S7=1 Y6=1 X6=120 Z6=1 C6=1 R6=1 S6=1 Y5=1 X5=120 Z5=1 C5=1 R5=1 S5=1 Y4=1 X4=120 Z4=1 C4=1 R4=1 S4=1 Y3=1 X3=120 Z3=1 C3=1 R3=1 S3=1 Y2=1 X2=120 Z2=1 C2=1 R2=1 S2=1 Y1=1 X1=120 Z1=1 C1=1 R1=1 S1=1 Y0=1 X0=120 Z0=1 C0=1 R0=1 S0=1] SACols[Q=1 Z7=4] SARows[S7=3 C7=56 Z7=2] SACols_6[X6=1 Z6=4] SARows_6[S6=1 C6=12 Z6=14] SACols_5[X5=1 Z5=4] SARows_5[S5=3 C5=12 Z5=3] SACols_4[X4=1 Z4=4] SARows_4[S4=3 C4=12 Z4=3] SACols_3[X3=1 Z3=4] SARows_3[S3=3 C3=12 Z3=3] SACols_2[X2=1 Z2=4] SARows_2[S2=3 C2=12 Z2=3] SACols_1[X1=1 Z1=4] SARows_1[S1=1 C1=56 Z1=3] SACols_0[X0=1 Z0=4] SARows_0[S0=5 C0=3 Z0=14] InRegister[P=1 Q=1 Z7=1 C7=1 R7=1 S7=1 Y6=1 X6=1 Z6=1 C6=1 R6=1 S6=1 Y5=1 X5=1 Z5=1 C5=1 R5=1 S5=1 Y4=1 X4=1 Z4=1 C4=1 R4=1 S4=1 Y3=1 X3=1 Z3=1 C3=1 R3=1 S3=1 Y2=1 X2=1 Z2=1 C2=1 R2=1 S2=1 Y1=1 X1=1 Z1=1 C1=1 R1=1 S1=1 Y0=1 X0=1 Z0=1 C0=1 R0=1 S0=1] WRegister[P=1 Q=1 Z7=1 C7=1 R7=3 S7=1 Y6=1 X6=1 Z6=1 C6=1 R6=1 S6=1 Y5=1 X5=1 Z5=1 C5=1 R5=3 S5=1 Y4=1 X4=1 Z4=1 C4=1 R4=3 S4=1 Y3=1 X3=1 Z3=1 C3=1 R3=3 S3=1 Y2=1 X2=1 Z2=1 C2=1 R2=3 S2=1 Y1=1 X1=1 Z1=1 C1=1 R1=1 S1=1 Y0=1 X0=1 Z0=1 C0=1 R0=5 S0=1] IntermediateRegister[P=1 Q=1 Z7=1 C7=1 R7=1 S7=1 Y6=1 X6=1 Z6=1 C6=1 R6=1 S6=1 Y5=1 X5=1 Z5=1 C5=1 R5=1 S5=1 Y4=1 X4=1 Z4=1 C4=1 R4=1 S4=1 Y3=1 X3=1 Z3=1 C3=1 R3=1 S3=1 Y2=1 X2=1 Z2=1 C2=1 R2=1 S2=1 Y1=1 X1=1 Z1=1 C1=1 R1=1 S1=1 Y0=1 X0=1 Z0=1 C0=1 R0=1 S0=1] OutRegister[P=1 Q=1 Z7=2 C7=1 R7=1 S7=1 Y6=1 X6=1 Z6=1 C6=1 R6=1 S6=1 Y5=1 X5=1 Z5=1 C5=1 R5=1 S5=1 Y4=1 X4=1 Z4=1 C4=1 R4=1 S4=1 Y3=1 X3=1 Z3=1 C3=1 R3=1 S3=1 Y2=1 X2=1 Z2=1 C2=1 R2=1 S2=1 Y1=1 X1=1 Z1=1 C1=1 R1=1 S1=1 Y0=1 X0=1 Z0=1 C0=1 R0=1 S0=1] Compute] 
fsrcnn_8layer_2026-02-21T06:51:43.816876,fsrcnn,8layer,full,8,eyeriss,thesis_arch,1056,524,128,512,16,120,False,True,,7.320e+04,1.918e+07,1.45e+06,"(31557100392, 12312518400)",1.7509048058158172e-09,0.20975327491760254,DRAM[P=540 Q=8 Z7=1 C7=1 R7=1 S7=1 Y6=540 X6=8 Z6=1 C6=1 R6=1 S6=1 Y5=540 X5=8 Z5=1 C5=1 R5=1 S5=1 Y4=540 X4=8 Z4=1 C4=1 R4=1 S4=1 Y3=540 X3=8 Z3=1 C3=1 R3=1 S3=1 Y2=540 X2=8 Z2=1 C2=1 R2=1 S2=1 Y1=540 X1=8 Z1=1 C1=1 R1=1 S1=1 Y0=540 X0=8 Z0=1 C0=1 R0=1 S0=1] GlobalBuffer[P=1 Q=120 Z7=1 C7=1 R7=1 S7=1 Y6=1 X6=120 Z6=1 C6=1 R6=1 S6=1 Y5=1 X5=120 Z5=1 C5=1 R5=1 S5=1 Y4=1 X4=120 Z4=1 C4=1 R4=1 S4=1 Y3=1 X3=120 Z3=1 C3=1 R3=1 S3=1 Y2=1 X2=120 Z2=1 C2=1 R2=1 S2=1 Y1=1 X1=120 Z1=1 C1=1 R1=1 S1=1 Y0=1 X0=120 Z0=1 C0=1 R0=1 S0=1] SACols[Q=1 Z7=16] SARows[S7=3 C7=56 Z7=1] SACols_6[X6=1 Z6=14] SARows_6[S6=1 C6=12 Z6=4] SACols_5[X5=1 Z5=12] SARows_5[S5=3 C5=12 Z5=1] SACols_4[X4=1 Z4=12] SARows_4[S4=3 C4=12 Z4=1] SACols_3[X3=1 Z3=12] SARows_3[S3=3 C3=12 Z3=1] SACols_2[X2=1 Z2=12] SARows_2[S2=3 C2=12 Z2=1] SACols_1[X1=1 Z1=12] SARows_1[S1=1 C1=56 Z1=1] SACols_0[X0=1 Z0=14] SARows_0[S0=5 C0=3 Z0=4] InRegister[P=1 Q=1 Z7=1 C7=1 R7=1 S7=1 Y6=1 X6=1 Z6=1 C6=1 R6=1 S6=1 Y5=1 X5=1 Z5=1 C5=1 R5=1 S5=1 Y4=1 X4=1 Z4=1 C4=1 R4=1 S4=1 Y3=1 X3=1 Z3=1 C3=1 R3=1 S3=1 Y2=1 X2=1 Z2=1 C2=1 R2=1 S2=1 Y1=1 X1=1 Z1=1 C1=1 R1=1 S1=1 Y0=1 X0=1 Z0=1 C0=1 R0=1 S0=1] WRegister[P=1 Q=1 Z7=1 C7=1 R7=3 S7=1 Y6=1 X6=1 Z6=1 C6=1 R6=1 S6=1 Y5=1 X5=1 Z5=1 C5=1 R5=3 S5=1 Y4=1 X4=1 Z4=1 C4=1 R4=3 S4=1 Y3=1 X3=1 Z3=1 C3=1 R3=3 S3=1 Y2=1 X2=1 Z2=1 C2=1 R2=3 S2=1 Y1=1 X1=1 Z1=1 C1=1 R1=1 S1=1 Y0=1 X0=1 Z0=1 C0=1 R0=5 S0=1] IntermediateRegister[P=1 Q=1 Z7=1 C7=1 R7=1 S7=1 Y6=1 X6=1 Z6=1 C6=1 R6=1 S6=1 Y5=1 X5=1 Z5=1 C5=1 R5=1 S5=1 Y4=1 X4=1 Z4=1 C4=1 R4=1 S4=1 Y3=1 X3=1 Z3=1 C3=1 R3=1 S3=1 Y2=1 X2=1 Z2=1 C2=1 R2=1 S2=1 Y1=1 X1=1 Z1=1 C1=1 R1=1 S1=1 Y0=1 X0=1 Z0=1 C0=1 R0=1 S0=1] OutRegister[P=1 Q=1 Z7=1 C7=1 R7=1 S7=1 Y6=1 X6=1 Z6=1 C6=1 R6=1 S6=1 Y5=1 X5=1 Z5=1 C5=1 R5=1 S5=1 Y4=1 X4=1 Z4=1 C4=1 R4=1 S4=1 Y3=1 X3=1 Z3=1 C3=1 R3=1 S3=1 Y2=1 X2=1 Z2=1 C2=1 R2=1 S2=1 Y1=1 X1=1 Z1=1 C1=1 R1=1 S1=1 Y0=1 X0=1 Z0=1 C0=1 R0=1 S0=1] Compute] 
fsrcnn_8layer_2026-02-21T06:51:44.544125,fsrcnn,8layer,full,8,eyeriss,thesis_arch,1056,524,128,512,32,120,False,True,,7.320e+04,1.918e+07,1.45e+06,"(31557100392, 12312518400)",4.377262014539543e-10,0.09131073951721191,DRAM[P=540 Q=8 Z7=1 C7=1 R7=1 S7=1 Y6=540 X6=8 Z6=1 C6=1 R6=1 S6=1 Y5=540 X5=8 Z5=1 C5=1 R5=1 S5=1 Y4=540 X4=8 Z4=1 C4=1 R4=1 S4=1 Y3=540 X3=8 Z3=1 C3=1 R3=1 S3=1 Y2=540 X2=8 Z2=1 C2=1 R2=1 S2=1 Y1=540 X1=8 Z1=1 C1=1 R1=1 S1=1 Y0=540 X0=8 Z0=1 C0=1 R0=1 S0=1] GlobalBuffer[P=1 Q=60 Z7=1 C7=1 R7=1 S7=1 Y6=1 X6=120 Z6=1 C6=1 R6=1 S6=1 Y5=1 X5=60 Z5=1 C5=1 R5=1 S5=1 Y4=1 X4=60 Z4=1 C4=1 R4=1 S4=1 Y3=1 X3=60 Z3=1 C3=1 R3=1 S3=1 Y2=1 X2=60 Z2=1 C2=1 R2=1 S2=1 Y1=1 X1=60 Z1=1 C1=1 R1=1 S1=1 Y0=1 X0=120 Z0=1 C0=1 R0=1 S0=1] SACols[Q=2 Z7=16] SARows[S7=3 C7=56 Z7=1] SACols_6[X6=1 Z6=28] SARows_6[S6=1 C6=12 Z6=2] SACols_5[X5=2 Z5=12] SARows_5[S5=3 C5=12 Z5=1] SACols_4[X4=2 Z4=12] SARows_4[S4=3 C4=12 Z4=1] SACols_3[X3=2 Z3=12] SARows_3[S3=3 C3=12 Z3=1] SACols_2[X2=2 Z2=12] SARows_2[S2=3 C2=12 Z2=1] SACols_1[X1=2 Z1=12] SARows_1[S1=1 C1=56 Z1=1] SACols_0[X0=1 Z0=28] SARows_0[S0=5 C0=3 Z0=2] InRegister[P=1 Q=1 Z7=1 C7=1 R7=1 S7=1 Y6=1 X6=1 Z6=1 C6=1 R6=1 S6=1 Y5=1 X5=1 Z5=1 C5=1 R5=1 S5=1 Y4=1 X4=1 Z4=1 C4=1 R4=1 S4=1 Y3=1 X3=1 Z3=1 C3=1 R3=1 S3=1 Y2=1 X2=1 Z2=1 C2=1 R2=1 S2=1 Y1=1 X1=1 Z1=1 C1=1 R1=1 S1=1 Y0=1 X0=1 Z0=1 C0=1 R0=1 S0=1] WRegister[P=1 Q=1 Z7=1 C7=1 R7=3 S7=1 Y6=1 X6=1 Z6=1 C6=1 R6=1 S6=1 Y5=1 X5=1 Z5=1 C5=1 R5=3 S5=1 Y4=1 X4=1 Z4=1 C4=1 R4=3 S4=1 Y3=1 X3=1 Z3=1 C3=1 R3=3 S3=1 Y2=1 X2=1 Z2=1 C2=1 R2=3 S2=1 Y1=1 X1=1 Z1=1 C1=1 R1=1 S1=1 Y0=1 X0=1 Z0=1 C0=1 R0=5 S0=1] IntermediateRegister[P=1 Q=1 Z7=1 C7=1 R7=1 S7=1 Y6=1 X6=1 Z6=1 C6=1 R6=1 S6=1 Y5=1 X5=1 Z5=1 C5=1 R5=1 S5=1 Y4=1 X4=1 Z4=1 C4=1 R4=1 S4=1 Y3=1 X3=1 Z3=1 C3=1 R3=1 S3=1 Y2=1 X2=1 Z2=1 C2=1 R2=1 S2=1 Y1=1 X1=1 Z1=1 C1=1 R1=1 S1=1 Y0=1 X0=1 Z0=1 C0=1 R0=1 S0=1] OutRegister[P=1 Q=1 Z7=1 C7=1 R7=1 S7=1 Y6=1 X6=1 Z6=1 C6=1 R6=1 S6=1 Y5=1 X5=1 Z5=1 C5=1 R5=1 S5=1 Y4=1 X4=1 Z4=1 C4=1 R4=1 S4=1 Y3=1 X3=1 Z3=1 C3=1 R3=1 S3=1 Y2=1 X2=1 Z2=1 C2=1 R2=1 S2=1 Y1=1 X1=1 Z1=1 C1=1 R1=1 S1=1 Y0=1 X0=1 Z0=1 C0=1 R0=1 S0=1] Compute] 
