experiment_id,workload_name,workload_variant,fusion_level,num_fused_layers,arch_type,arch_name,fmem_size_kB,wmem_size_kB,gb_size_kB,pe_rows,pe_cols,tile_size,scale_bandwidth,success,error_message,energy_uJ,latency_cycles,edp,mops,utilization,mapping_time_s,mapping
fsrcnn_8layer_2026-02-25T17:11:33.983896,fsrcnn,8layer,full,8,eyeriss,thesis_arch,1056,524,128,4,4,120,False,False,"Arch: Eyeriss_Constrained_8L_tile120_4x4 -> Level: SARows_0: Failed to fit comp to arch because the level's constraint (S0: 4) does not divide comp dimension S0 (5) exactly. To compensate, consider setting 'Settings.PADDED_MAPPINGS' to True.",0.000e+00,0.000e+00,0.00e+00,0,0.0,0.0,
fsrcnn_8layer_2026-02-25T17:11:34.831496,fsrcnn,8layer,full,8,eyeriss,thesis_arch,1056,524,128,4,16,120,False,False,"Arch: Eyeriss_Constrained_8L_tile120_16x4 -> Level: SARows_0: Failed to fit comp to arch because the level's constraint (S0: 4) does not divide comp dimension S0 (5) exactly. To compensate, consider setting 'Settings.PADDED_MAPPINGS' to True.",0.000e+00,0.000e+00,0.00e+00,0,0.0,0.0,
fsrcnn_8layer_2026-02-25T17:11:35.622218,fsrcnn,8layer,full,8,eyeriss,thesis_arch,1056,524,128,4,32,120,False,False,"Arch: Eyeriss_Constrained_8L_tile120_32x4 -> Level: SARows_0: Failed to fit comp to arch because the level's constraint (S0: 4) does not divide comp dimension S0 (5) exactly. To compensate, consider setting 'Settings.PADDED_MAPPINGS' to True.",0.000e+00,0.000e+00,0.00e+00,0,0.0,0.0,
fsrcnn_8layer_2026-02-25T17:11:36.358470,fsrcnn,8layer,full,8,eyeriss,thesis_arch,1056,524,128,4,64,120,False,False,"Arch: Eyeriss_Constrained_8L_tile120_64x4 -> Level: SARows_0: Failed to fit comp to arch because the level's constraint (S0: 4) does not divide comp dimension S0 (5) exactly. To compensate, consider setting 'Settings.PADDED_MAPPINGS' to True.",0.000e+00,0.000e+00,0.00e+00,0,0.0,0.0,
fsrcnn_8layer_2026-02-25T17:11:37.010362,fsrcnn,8layer,full,8,eyeriss,thesis_arch,1056,524,128,4,128,120,False,False,"Arch: Eyeriss_Constrained_8L_tile120_128x4 -> Level: SARows_0: Failed to fit comp to arch because the level's constraint (S0: 4) does not divide comp dimension S0 (5) exactly. To compensate, consider setting 'Settings.PADDED_MAPPINGS' to True.",0.000e+00,0.000e+00,0.00e+00,0,0.0,0.0,
fsrcnn_8layer_2026-02-25T17:11:38.061118,fsrcnn,8layer,full,8,eyeriss,thesis_arch,1056,524,128,4,256,120,False,False,"Arch: Eyeriss_Constrained_8L_tile120_256x4 -> Level: SARows_0: Failed to fit comp to arch because the level's constraint (S0: 4) does not divide comp dimension S0 (5) exactly. To compensate, consider setting 'Settings.PADDED_MAPPINGS' to True.",0.000e+00,0.000e+00,0.00e+00,0,0.0,0.0,
fsrcnn_8layer_2026-02-25T17:11:38.586855,fsrcnn,8layer,full,8,eyeriss,thesis_arch,1056,524,128,4,512,120,False,False,"Arch: Eyeriss_Constrained_8L_tile120_512x4 -> Level: SARows_0: Failed to fit comp to arch because the level's constraint (S0: 4) does not divide comp dimension S0 (5) exactly. To compensate, consider setting 'Settings.PADDED_MAPPINGS' to True.",0.000e+00,0.000e+00,0.00e+00,0,0.0,0.0,
fsrcnn_8layer_2026-02-25T17:11:39.238182,fsrcnn,8layer,full,8,eyeriss,thesis_arch,1056,524,128,16,4,120,False,False,"Ill-posed constraints:
CONSTRAINTS VIOLATION: Arch: Eyeriss_Constrained_8L_tile120_4x16 -> Level: InRegister: memory footprint: 93 VS memory available: 34
CONSTRAINTS VIOLATION: Arch: Eyeriss_Constrained_8L_tile120_4x16 -> Level: WRegister: memory footprint: 372 VS memory available: 200
CONSTRAINTS VIOLATION: Arch: Eyeriss_Constrained_8L_tile120_4x16 -> Level: IntermediateRegister: memory footprint: 43 VS memory available: 32",0.000e+00,0.000e+00,0.00e+00,0,0.0,0.0,
fsrcnn_8layer_2026-02-25T17:11:40.113829,fsrcnn,8layer,full,8,eyeriss,thesis_arch,1056,524,128,16,16,120,False,False,"Ill-posed constraints:
CONSTRAINTS VIOLATION: Arch: Eyeriss_Constrained_8L_tile120_16x16 -> Level: InRegister: memory footprint: 93 VS memory available: 34",0.000e+00,0.000e+00,0.00e+00,0,0.0,0.0,
fsrcnn_8layer_2026-02-25T17:11:40.806536,fsrcnn,8layer,full,8,eyeriss,thesis_arch,1056,524,128,16,32,120,False,False,"Ill-posed constraints:
CONSTRAINTS VIOLATION: Arch: Eyeriss_Constrained_8L_tile120_32x16 -> Level: InRegister: memory footprint: 93 VS memory available: 34",0.000e+00,0.000e+00,0.00e+00,0,0.0,0.0,
fsrcnn_8layer_2026-02-25T17:11:41.423845,fsrcnn,8layer,full,8,eyeriss,thesis_arch,1056,524,128,16,64,120,False,False,"Ill-posed constraints:
CONSTRAINTS VIOLATION: Arch: Eyeriss_Constrained_8L_tile120_64x16 -> Level: InRegister: memory footprint: 93 VS memory available: 34",0.000e+00,0.000e+00,0.00e+00,0,0.0,0.0,
fsrcnn_8layer_2026-02-25T17:11:42.337769,fsrcnn,8layer,full,8,eyeriss,thesis_arch,1056,524,128,16,128,120,False,False,"Ill-posed constraints:
CONSTRAINTS VIOLATION: Arch: Eyeriss_Constrained_8L_tile120_128x16 -> Level: InRegister: memory footprint: 93 VS memory available: 34",0.000e+00,0.000e+00,0.00e+00,0,0.0,0.0,
fsrcnn_8layer_2026-02-25T17:11:42.846203,fsrcnn,8layer,full,8,eyeriss,thesis_arch,1056,524,128,16,256,120,False,False,"Ill-posed constraints:
CONSTRAINTS VIOLATION: Arch: Eyeriss_Constrained_8L_tile120_256x16 -> Level: InRegister: memory footprint: 93 VS memory available: 34",0.000e+00,0.000e+00,0.00e+00,0,0.0,0.0,
fsrcnn_8layer_2026-02-25T17:11:43.705356,fsrcnn,8layer,full,8,eyeriss,thesis_arch,1056,524,128,16,512,120,False,False,"Ill-posed constraints:
CONSTRAINTS VIOLATION: Arch: Eyeriss_Constrained_8L_tile120_512x16 -> Level: InRegister: memory footprint: 93 VS memory available: 34",0.000e+00,0.000e+00,0.00e+00,0,0.0,0.0,
fsrcnn_8layer_2026-02-25T17:11:44.178811,fsrcnn,8layer,full,8,eyeriss,thesis_arch,1056,524,128,32,4,120,False,False,"Ill-posed constraints:
CONSTRAINTS VIOLATION: Arch: Eyeriss_Constrained_8L_tile120_4x32 -> Level: InRegister: memory footprint: 58 VS memory available: 34
CONSTRAINTS VIOLATION: Arch: Eyeriss_Constrained_8L_tile120_4x32 -> Level: WRegister: memory footprint: 204 VS memory available: 200",0.000e+00,0.000e+00,0.00e+00,0,0.0,0.0,
fsrcnn_8layer_2026-02-25T17:11:44.603053,fsrcnn,8layer,full,8,eyeriss,thesis_arch,1056,524,128,32,16,120,False,False,"Ill-posed constraints:
CONSTRAINTS VIOLATION: Arch: Eyeriss_Constrained_8L_tile120_16x32 -> Level: InRegister: memory footprint: 58 VS memory available: 34",0.000e+00,0.000e+00,0.00e+00,0,0.0,0.0,
fsrcnn_8layer_2026-02-25T17:11:45.192082,fsrcnn,8layer,full,8,eyeriss,thesis_arch,1056,524,128,32,32,120,False,False,"Ill-posed constraints:
CONSTRAINTS VIOLATION: Arch: Eyeriss_Constrained_8L_tile120_32x32 -> Level: InRegister: memory footprint: 58 VS memory available: 34",0.000e+00,0.000e+00,0.00e+00,0,0.0,0.0,
fsrcnn_8layer_2026-02-25T17:11:45.809122,fsrcnn,8layer,full,8,eyeriss,thesis_arch,1056,524,128,32,64,120,False,False,"Ill-posed constraints:
CONSTRAINTS VIOLATION: Arch: Eyeriss_Constrained_8L_tile120_64x32 -> Level: InRegister: memory footprint: 58 VS memory available: 34",0.000e+00,0.000e+00,0.00e+00,0,0.0,0.0,
fsrcnn_8layer_2026-02-25T17:11:46.578674,fsrcnn,8layer,full,8,eyeriss,thesis_arch,1056,524,128,32,128,120,False,False,"Ill-posed constraints:
CONSTRAINTS VIOLATION: Arch: Eyeriss_Constrained_8L_tile120_128x32 -> Level: InRegister: memory footprint: 58 VS memory available: 34",0.000e+00,0.000e+00,0.00e+00,0,0.0,0.0,
fsrcnn_8layer_2026-02-25T17:11:47.823568,fsrcnn,8layer,full,8,eyeriss,thesis_arch,1056,524,128,32,256,120,False,False,"Ill-posed constraints:
CONSTRAINTS VIOLATION: Arch: Eyeriss_Constrained_8L_tile120_256x32 -> Level: InRegister: memory footprint: 58 VS memory available: 34",0.000e+00,0.000e+00,0.00e+00,0,0.0,0.0,
fsrcnn_8layer_2026-02-25T17:11:48.459342,fsrcnn,8layer,full,8,eyeriss,thesis_arch,1056,524,128,32,512,120,False,False,"Ill-posed constraints:
CONSTRAINTS VIOLATION: Arch: Eyeriss_Constrained_8L_tile120_512x32 -> Level: InRegister: memory footprint: 58 VS memory available: 34",0.000e+00,0.000e+00,0.00e+00,0,0.0,0.0,
fsrcnn_8layer_2026-02-25T17:11:49.058512,fsrcnn,8layer,full,8,eyeriss,thesis_arch,1056,524,128,64,4,120,False,False,"Ill-posed constraints:
CONSTRAINTS VIOLATION: Arch: Eyeriss_Constrained_8L_tile120_4x64 -> Level: InRegister: memory footprint: 36 VS memory available: 34",0.000e+00,0.000e+00,0.00e+00,0,0.0,0.0,
fsrcnn_8layer_2026-02-25T17:11:49.628241,fsrcnn,8layer,full,8,eyeriss,thesis_arch,1056,524,128,64,16,120,False,False,"Ill-posed constraints:
CONSTRAINTS VIOLATION: Arch: Eyeriss_Constrained_8L_tile120_16x64 -> Level: InRegister: memory footprint: 36 VS memory available: 34",0.000e+00,0.000e+00,0.00e+00,0,0.0,0.0,
fsrcnn_8layer_2026-02-25T17:11:50.180579,fsrcnn,8layer,full,8,eyeriss,thesis_arch,1056,524,128,64,32,120,False,False,"Ill-posed constraints:
CONSTRAINTS VIOLATION: Arch: Eyeriss_Constrained_8L_tile120_32x64 -> Level: InRegister: memory footprint: 36 VS memory available: 34",0.000e+00,0.000e+00,0.00e+00,0,0.0,0.0,
fsrcnn_8layer_2026-02-25T17:11:50.614659,fsrcnn,8layer,full,8,eyeriss,thesis_arch,1056,524,128,64,64,120,False,False,"Ill-posed constraints:
CONSTRAINTS VIOLATION: Arch: Eyeriss_Constrained_8L_tile120_64x64 -> Level: InRegister: memory footprint: 36 VS memory available: 34",0.000e+00,0.000e+00,0.00e+00,0,0.0,0.0,
fsrcnn_8layer_2026-02-25T17:11:51.085110,fsrcnn,8layer,full,8,eyeriss,thesis_arch,1056,524,128,64,128,120,False,False,"Ill-posed constraints:
CONSTRAINTS VIOLATION: Arch: Eyeriss_Constrained_8L_tile120_128x64 -> Level: InRegister: memory footprint: 36 VS memory available: 34",0.000e+00,0.000e+00,0.00e+00,0,0.0,0.0,
fsrcnn_8layer_2026-02-25T17:11:51.602356,fsrcnn,8layer,full,8,eyeriss,thesis_arch,1056,524,128,64,256,120,False,False,"Ill-posed constraints:
CONSTRAINTS VIOLATION: Arch: Eyeriss_Constrained_8L_tile120_256x64 -> Level: InRegister: memory footprint: 36 VS memory available: 34",0.000e+00,0.000e+00,0.00e+00,0,0.0,0.0,
fsrcnn_8layer_2026-02-25T17:11:52.294862,fsrcnn,8layer,full,8,eyeriss,thesis_arch,1056,524,128,128,4,120,False,True,,2.375e+04,2.825e+07,6.87e+05,"(30062034792, 12094790400)",0.07833415499362673,0.336010217666626,DRAM[P=540 Q=8 Z7=1 C7=1 R7=1 S7=1 Y6=540 X6=8 Z6=1 C6=1 R6=1 S6=1 Y5=540 X5=8 Z5=1 C5=1 R5=1 S5=1 Y4=540 X4=8 Z4=1 C4=1 R4=1 S4=1 Y3=540 X3=8 Z3=1 C3=1 R3=1 S3=1 Y2=540 X2=8 Z2=1 C2=1 R2=1 S2=1 Y1=540 X1=8 Z1=1 C1=1 R1=1 S1=1 Y0=540 X0=8 Z0=1 C0=1 R0=1 S0=1] GlobalBuffer[P=1 Q=120 Z7=1 C7=1 R7=1 S7=1 Y6=1 X6=120 Z6=1 C6=1 R6=1 S6=1 Y5=1 X5=120 Z5=1 C5=1 R5=1 S5=1 Y4=1 X4=120 Z4=1 C4=1 R4=1 S4=1 Y3=1 X3=120 Z3=1 C3=1 R3=1 S3=1 Y2=1 X2=120 Z2=1 C2=1 R2=1 S2=1 Y1=1 X1=120 Z1=1 C1=1 R1=1 S1=1 Y0=1 X0=120 Z0=1 C0=1 R0=1 S0=1] SACols[Q=1 Z7=4] SARows[S7=3 C7=28 Z7=1] SACols_6[X6=1 Z6=4] SARows_6[S6=1 C6=12 Z6=7] SACols_5[X5=1 Z5=4] SARows_5[S5=3 C5=12 Z5=3] SACols_4[X4=1 Z4=4] SARows_4[S4=3 C4=12 Z4=3] SACols_3[X3=1 Z3=4] SARows_3[S3=3 C3=12 Z3=3] SACols_2[X2=1 Z2=4] SARows_2[S2=3 C2=12 Z2=3] SACols_1[X1=1 Z1=4] SARows_1[S1=1 C1=56 Z1=1] SACols_0[X0=1 Z0=4] SARows_0[S0=5 C0=3 Z0=7] InRegister[P=1 Q=1 Z7=1 C7=1 R7=1 S7=1 Y6=1 X6=1 Z6=1 C6=1 R6=1 S6=1 Y5=1 X5=1 Z5=1 C5=1 R5=1 S5=1 Y4=1 X4=1 Z4=1 C4=1 R4=1 S4=1 Y3=1 X3=1 Z3=1 C3=1 R3=1 S3=1 Y2=1 X2=1 Z2=1 C2=1 R2=1 S2=1 Y1=1 X1=1 Z1=1 C1=1 R1=1 S1=1 Y0=1 X0=1 Z0=1 C0=1 R0=1 S0=1] WRegister[P=1 Q=1 Z7=1 C7=2 R7=3 S7=1 Y6=1 X6=1 Z6=1 C6=1 R6=1 S6=1 Y5=1 X5=1 Z5=1 C5=1 R5=3 S5=1 Y4=1 X4=1 Z4=1 C4=1 R4=3 S4=1 Y3=1 X3=1 Z3=1 C3=1 R3=3 S3=1 Y2=1 X2=1 Z2=1 C2=1 R2=3 S2=1 Y1=1 X1=1 Z1=1 C1=1 R1=1 S1=1 Y0=1 X0=1 Z0=1 C0=1 R0=5 S0=1] IntermediateRegister[P=1 Q=1 Z7=1 C7=1 R7=1 S7=1 Y6=1 X6=1 Z6=2 C6=1 R6=1 S6=1 Y5=1 X5=1 Z5=1 C5=1 R5=1 S5=1 Y4=1 X4=1 Z4=1 C4=1 R4=1 S4=1 Y3=1 X3=1 Z3=1 C3=1 R3=1 S3=1 Y2=1 X2=1 Z2=1 C2=1 R2=1 S2=1 Y1=1 X1=1 Z1=3 C1=1 R1=1 S1=1 Y0=1 X0=1 Z0=2 C0=1 R0=1 S0=1] OutRegister[P=1 Q=1 Z7=4 C7=1 R7=1 S7=1 Y6=1 X6=1 Z6=1 C6=1 R6=1 S6=1 Y5=1 X5=1 Z5=1 C5=1 R5=1 S5=1 Y4=1 X4=1 Z4=1 C4=1 R4=1 S4=1 Y3=1 X3=1 Z3=1 C3=1 R3=1 S3=1 Y2=1 X2=1 Z2=1 C2=1 R2=1 S2=1 Y1=1 X1=1 Z1=1 C1=1 R1=1 S1=1 Y0=1 X0=1 Z0=1 C0=1 R0=1 S0=1] Compute] 
fsrcnn_8layer_2026-02-25T17:11:53.250079,fsrcnn,8layer,full,8,eyeriss,thesis_arch,1056,524,128,128,16,120,False,True,,2.436e+04,1.918e+07,4.88e+05,"(31557100392, 12312518400)",5.73736486769727e-05,0.3066589832305908,DRAM[P=540 Q=8 Z7=1 C7=1 R7=1 S7=1 Y6=540 X6=8 Z6=1 C6=1 R6=1 S6=1 Y5=540 X5=8 Z5=1 C5=1 R5=1 S5=1 Y4=540 X4=8 Z4=1 C4=1 R4=1 S4=1 Y3=540 X3=8 Z3=1 C3=1 R3=1 S3=1 Y2=540 X2=8 Z2=1 C2=1 R2=1 S2=1 Y1=540 X1=8 Z1=1 C1=1 R1=1 S1=1 Y0=540 X0=8 Z0=1 C0=1 R0=1 S0=1] GlobalBuffer[P=1 Q=120 Z7=1 C7=1 R7=1 S7=1 Y6=1 X6=120 Z6=1 C6=1 R6=1 S6=1 Y5=1 X5=120 Z5=1 C5=1 R5=1 S5=1 Y4=1 X4=120 Z4=1 C4=1 R4=1 S4=1 Y3=1 X3=120 Z3=1 C3=1 R3=1 S3=1 Y2=1 X2=120 Z2=1 C2=1 R2=1 S2=1 Y1=1 X1=120 Z1=1 C1=1 R1=1 S1=1 Y0=1 X0=120 Z0=1 C0=1 R0=1 S0=1] SACols[Q=1 Z7=16] SARows[S7=3 C7=28 Z7=1] SACols_6[X6=1 Z6=14] SARows_6[S6=1 C6=12 Z6=4] SACols_5[X5=1 Z5=12] SARows_5[S5=3 C5=12 Z5=1] SACols_4[X4=1 Z4=12] SARows_4[S4=3 C4=12 Z4=1] SACols_3[X3=1 Z3=12] SARows_3[S3=3 C3=12 Z3=1] SACols_2[X2=1 Z2=12] SARows_2[S2=3 C2=12 Z2=1] SACols_1[X1=1 Z1=12] SARows_1[S1=1 C1=56 Z1=1] SACols_0[X0=1 Z0=14] SARows_0[S0=5 C0=3 Z0=4] InRegister[P=1 Q=1 Z7=1 C7=1 R7=1 S7=1 Y6=1 X6=1 Z6=1 C6=1 R6=1 S6=1 Y5=1 X5=1 Z5=1 C5=1 R5=1 S5=1 Y4=1 X4=1 Z4=1 C4=1 R4=1 S4=1 Y3=1 X3=1 Z3=1 C3=1 R3=1 S3=1 Y2=1 X2=1 Z2=1 C2=1 R2=1 S2=1 Y1=1 X1=1 Z1=1 C1=1 R1=1 S1=1 Y0=1 X0=1 Z0=1 C0=1 R0=1 S0=1] WRegister[P=1 Q=1 Z7=1 C7=2 R7=3 S7=1 Y6=1 X6=1 Z6=1 C6=1 R6=1 S6=1 Y5=1 X5=1 Z5=1 C5=1 R5=3 S5=1 Y4=1 X4=1 Z4=1 C4=1 R4=3 S4=1 Y3=1 X3=1 Z3=1 C3=1 R3=3 S3=1 Y2=1 X2=1 Z2=1 C2=1 R2=3 S2=1 Y1=1 X1=1 Z1=1 C1=1 R1=1 S1=1 Y0=1 X0=1 Z0=1 C0=1 R0=5 S0=1] IntermediateRegister[P=1 Q=1 Z7=1 C7=1 R7=1 S7=1 Y6=1 X6=1 Z6=1 C6=1 R6=1 S6=1 Y5=1 X5=1 Z5=1 C5=1 R5=1 S5=1 Y4=1 X4=1 Z4=1 C4=1 R4=1 S4=1 Y3=1 X3=1 Z3=1 C3=1 R3=1 S3=1 Y2=1 X2=1 Z2=1 C2=1 R2=1 S2=1 Y1=1 X1=1 Z1=1 C1=1 R1=1 S1=1 Y0=1 X0=1 Z0=1 C0=1 R0=1 S0=1] OutRegister[P=1 Q=1 Z7=1 C7=1 R7=1 S7=1 Y6=1 X6=1 Z6=1 C6=1 R6=1 S6=1 Y5=1 X5=1 Z5=1 C5=1 R5=1 S5=1 Y4=1 X4=1 Z4=1 C4=1 R4=1 S4=1 Y3=1 X3=1 Z3=1 C3=1 R3=1 S3=1 Y2=1 X2=1 Z2=1 C2=1 R2=1 S2=1 Y1=1 X1=1 Z1=1 C1=1 R1=1 S1=1 Y0=1 X0=1 Z0=1 C0=1 R0=1 S0=1] Compute] 
fsrcnn_8layer_2026-02-25T17:11:54.032471,fsrcnn,8layer,full,8,eyeriss,thesis_arch,1056,524,128,128,32,120,False,True,,2.436e+04,1.918e+07,4.88e+05,"(31557100392, 12312518400)",1.4343412169243175e-05,0.4836313724517822,DRAM[P=540 Q=8 Z7=1 C7=1 R7=1 S7=1 Y6=540 X6=8 Z6=1 C6=1 R6=1 S6=1 Y5=540 X5=8 Z5=1 C5=1 R5=1 S5=1 Y4=540 X4=8 Z4=1 C4=1 R4=1 S4=1 Y3=540 X3=8 Z3=1 C3=1 R3=1 S3=1 Y2=540 X2=8 Z2=1 C2=1 R2=1 S2=1 Y1=540 X1=8 Z1=1 C1=1 R1=1 S1=1 Y0=540 X0=8 Z0=1 C0=1 R0=1 S0=1] GlobalBuffer[P=1 Q=60 Z7=1 C7=1 R7=1 S7=1 Y6=1 X6=120 Z6=1 C6=1 R6=1 S6=1 Y5=1 X5=60 Z5=1 C5=1 R5=1 S5=1 Y4=1 X4=60 Z4=1 C4=1 R4=1 S4=1 Y3=1 X3=60 Z3=1 C3=1 R3=1 S3=1 Y2=1 X2=60 Z2=1 C2=1 R2=1 S2=1 Y1=1 X1=60 Z1=1 C1=1 R1=1 S1=1 Y0=1 X0=120 Z0=1 C0=1 R0=1 S0=1] SACols[Q=2 Z7=16] SARows[S7=3 C7=28 Z7=1] SACols_6[X6=1 Z6=28] SARows_6[S6=1 C6=12 Z6=2] SACols_5[X5=2 Z5=12] SARows_5[S5=3 C5=12 Z5=1] SACols_4[X4=2 Z4=12] SARows_4[S4=3 C4=12 Z4=1] SACols_3[X3=2 Z3=12] SARows_3[S3=3 C3=12 Z3=1] SACols_2[X2=2 Z2=12] SARows_2[S2=3 C2=12 Z2=1] SACols_1[X1=2 Z1=12] SARows_1[S1=1 C1=56 Z1=1] SACols_0[X0=1 Z0=28] SARows_0[S0=5 C0=3 Z0=2] InRegister[P=1 Q=1 Z7=1 C7=1 R7=1 S7=1 Y6=1 X6=1 Z6=1 C6=1 R6=1 S6=1 Y5=1 X5=1 Z5=1 C5=1 R5=1 S5=1 Y4=1 X4=1 Z4=1 C4=1 R4=1 S4=1 Y3=1 X3=1 Z3=1 C3=1 R3=1 S3=1 Y2=1 X2=1 Z2=1 C2=1 R2=1 S2=1 Y1=1 X1=1 Z1=1 C1=1 R1=1 S1=1 Y0=1 X0=1 Z0=1 C0=1 R0=1 S0=1] WRegister[P=1 Q=1 Z7=1 C7=2 R7=3 S7=1 Y6=1 X6=1 Z6=1 C6=1 R6=1 S6=1 Y5=1 X5=1 Z5=1 C5=1 R5=3 S5=1 Y4=1 X4=1 Z4=1 C4=1 R4=3 S4=1 Y3=1 X3=1 Z3=1 C3=1 R3=3 S3=1 Y2=1 X2=1 Z2=1 C2=1 R2=3 S2=1 Y1=1 X1=1 Z1=1 C1=1 R1=1 S1=1 Y0=1 X0=1 Z0=1 C0=1 R0=5 S0=1] IntermediateRegister[P=1 Q=1 Z7=1 C7=1 R7=1 S7=1 Y6=1 X6=1 Z6=1 C6=1 R6=1 S6=1 Y5=1 X5=1 Z5=1 C5=1 R5=1 S5=1 Y4=1 X4=1 Z4=1 C4=1 R4=1 S4=1 Y3=1 X3=1 Z3=1 C3=1 R3=1 S3=1 Y2=1 X2=1 Z2=1 C2=1 R2=1 S2=1 Y1=1 X1=1 Z1=1 C1=1 R1=1 S1=1 Y0=1 X0=1 Z0=1 C0=1 R0=1 S0=1] OutRegister[P=1 Q=1 Z7=1 C7=1 R7=1 S7=1 Y6=1 X6=1 Z6=1 C6=1 R6=1 S6=1 Y5=1 X5=1 Z5=1 C5=1 R5=1 S5=1 Y4=1 X4=1 Z4=1 C4=1 R4=1 S4=1 Y3=1 X3=1 Z3=1 C3=1 R3=1 S3=1 Y2=1 X2=1 Z2=1 C2=1 R2=1 S2=1 Y1=1 X1=1 Z1=1 C1=1 R1=1 S1=1 Y0=1 X0=1 Z0=1 C0=1 R0=1 S0=1] Compute] 
fsrcnn_8layer_2026-02-25T17:11:55.050312,fsrcnn,8layer,full,8,eyeriss,thesis_arch,1056,524,128,128,64,120,False,True,,2.436e+04,1.918e+07,4.88e+05,"(31557100392, 12312518400)",1.0943155036348858e-05,0.2550008296966553,DRAM[P=540 Q=8 Z7=1 C7=1 R7=1 S7=1 Y6=540 X6=8 Z6=1 C6=1 R6=1 S6=1 Y5=540 X5=8 Z5=1 C5=1 R5=1 S5=1 Y4=540 X4=8 Z4=1 C4=1 R4=1 S4=1 Y3=540 X3=8 Z3=1 C3=1 R3=1 S3=1 Y2=540 X2=8 Z2=1 C2=1 R2=1 S2=1 Y1=540 X1=8 Z1=1 C1=1 R1=1 S1=1 Y0=540 X0=8 Z0=1 C0=1 R0=1 S0=1] GlobalBuffer[P=1 Q=30 Z7=1 C7=1 R7=1 S7=1 Y6=1 X6=120 Z6=1 C6=1 R6=1 S6=1 Y5=1 X5=24 Z5=1 C5=1 R5=1 S5=1 Y4=1 X4=24 Z4=1 C4=1 R4=1 S4=1 Y3=1 X3=24 Z3=1 C3=1 R3=1 S3=1 Y2=1 X2=24 Z2=1 C2=1 R2=1 S2=1 Y1=1 X1=24 Z1=1 C1=1 R1=1 S1=1 Y0=1 X0=120 Z0=1 C0=1 R0=1 S0=1] SACols[Q=4 Z7=16] SARows[S7=3 C7=28 Z7=1] SACols_6[X6=1 Z6=56] SARows_6[S6=1 C6=12 Z6=1] SACols_5[X5=5 Z5=12] SARows_5[S5=3 C5=12 Z5=1] SACols_4[X4=5 Z4=12] SARows_4[S4=3 C4=12 Z4=1] SACols_3[X3=5 Z3=12] SARows_3[S3=3 C3=12 Z3=1] SACols_2[X2=5 Z2=12] SARows_2[S2=3 C2=12 Z2=1] SACols_1[X1=5 Z1=12] SARows_1[S1=1 C1=56 Z1=1] SACols_0[X0=1 Z0=56] SARows_0[S0=5 C0=3 Z0=1] InRegister[P=1 Q=1 Z7=1 C7=1 R7=1 S7=1 Y6=1 X6=1 Z6=1 C6=1 R6=1 S6=1 Y5=1 X5=1 Z5=1 C5=1 R5=1 S5=1 Y4=1 X4=1 Z4=1 C4=1 R4=1 S4=1 Y3=1 X3=1 Z3=1 C3=1 R3=1 S3=1 Y2=1 X2=1 Z2=1 C2=1 R2=1 S2=1 Y1=1 X1=1 Z1=1 C1=1 R1=1 S1=1 Y0=1 X0=1 Z0=1 C0=1 R0=1 S0=1] WRegister[P=1 Q=1 Z7=1 C7=2 R7=3 S7=1 Y6=1 X6=1 Z6=1 C6=1 R6=1 S6=1 Y5=1 X5=1 Z5=1 C5=1 R5=3 S5=1 Y4=1 X4=1 Z4=1 C4=1 R4=3 S4=1 Y3=1 X3=1 Z3=1 C3=1 R3=3 S3=1 Y2=1 X2=1 Z2=1 C2=1 R2=3 S2=1 Y1=1 X1=1 Z1=1 C1=1 R1=1 S1=1 Y0=1 X0=1 Z0=1 C0=1 R0=5 S0=1] IntermediateRegister[P=1 Q=1 Z7=1 C7=1 R7=1 S7=1 Y6=1 X6=1 Z6=1 C6=1 R6=1 S6=1 Y5=1 X5=1 Z5=1 C5=1 R5=1 S5=1 Y4=1 X4=1 Z4=1 C4=1 R4=1 S4=1 Y3=1 X3=1 Z3=1 C3=1 R3=1 S3=1 Y2=1 X2=1 Z2=1 C2=1 R2=1 S2=1 Y1=1 X1=1 Z1=1 C1=1 R1=1 S1=1 Y0=1 X0=1 Z0=1 C0=1 R0=1 S0=1] OutRegister[P=1 Q=1 Z7=1 C7=1 R7=1 S7=1 Y6=1 X6=1 Z6=1 C6=1 R6=1 S6=1 Y5=1 X5=1 Z5=1 C5=1 R5=1 S5=1 Y4=1 X4=1 Z4=1 C4=1 R4=1 S4=1 Y3=1 X3=1 Z3=1 C3=1 R3=1 S3=1 Y2=1 X2=1 Z2=1 C2=1 R2=1 S2=1 Y1=1 X1=1 Z1=1 C1=1 R1=1 S1=1 Y0=1 X0=1 Z0=1 C0=1 R0=1 S0=1] Compute] 
fsrcnn_8layer_2026-02-25T17:11:56.045268,fsrcnn,8layer,full,8,eyeriss,thesis_arch,1056,524,128,128,128,120,False,True,,2.436e+04,1.889e+07,4.80e+05,"(31557100392, 12312518400)",1.0943155036348858e-05,0.343355655670166,DRAM[P=540 Q=8 Z7=1 C7=1 R7=1 S7=1 Y6=540 X6=8 Z6=1 C6=1 R6=1 S6=1 Y5=540 X5=8 Z5=1 C5=1 R5=1 S5=1 Y4=540 X4=8 Z4=1 C4=1 R4=1 S4=1 Y3=540 X3=8 Z3=1 C3=1 R3=1 S3=1 Y2=540 X2=8 Z2=1 C2=1 R2=1 S2=1 Y1=540 X1=8 Z1=1 C1=1 R1=1 S1=1 Y0=540 X0=8 Z0=1 C0=1 R0=1 S0=1] GlobalBuffer[P=1 Q=15 Z7=1 C7=1 R7=1 S7=1 Y6=1 X6=60 Z6=1 C6=1 R6=1 S6=1 Y5=1 X5=12 Z5=1 C5=1 R5=1 S5=1 Y4=1 X4=12 Z4=1 C4=1 R4=1 S4=1 Y3=1 X3=12 Z3=1 C3=1 R3=1 S3=1 Y2=1 X2=12 Z2=1 C2=1 R2=1 S2=1 Y1=1 X1=12 Z1=1 C1=1 R1=1 S1=1 Y0=1 X0=60 Z0=1 C0=1 R0=1 S0=1] SACols[Q=8 Z7=16] SARows[S7=3 C7=28 Z7=1] SACols_6[X6=2 Z6=56] SARows_6[S6=1 C6=12 Z6=1] SACols_5[X5=10 Z5=12] SARows_5[S5=3 C5=12 Z5=1] SACols_4[X4=10 Z4=12] SARows_4[S4=3 C4=12 Z4=1] SACols_3[X3=10 Z3=12] SARows_3[S3=3 C3=12 Z3=1] SACols_2[X2=10 Z2=12] SARows_2[S2=3 C2=12 Z2=1] SACols_1[X1=10 Z1=12] SARows_1[S1=1 C1=56 Z1=1] SACols_0[X0=2 Z0=56] SARows_0[S0=5 C0=3 Z0=1] InRegister[P=1 Q=1 Z7=1 C7=1 R7=1 S7=1 Y6=1 X6=1 Z6=1 C6=1 R6=1 S6=1 Y5=1 X5=1 Z5=1 C5=1 R5=1 S5=1 Y4=1 X4=1 Z4=1 C4=1 R4=1 S4=1 Y3=1 X3=1 Z3=1 C3=1 R3=1 S3=1 Y2=1 X2=1 Z2=1 C2=1 R2=1 S2=1 Y1=1 X1=1 Z1=1 C1=1 R1=1 S1=1 Y0=1 X0=1 Z0=1 C0=1 R0=1 S0=1] WRegister[P=1 Q=1 Z7=1 C7=2 R7=3 S7=1 Y6=1 X6=1 Z6=1 C6=1 R6=1 S6=1 Y5=1 X5=1 Z5=1 C5=1 R5=3 S5=1 Y4=1 X4=1 Z4=1 C4=1 R4=3 S4=1 Y3=1 X3=1 Z3=1 C3=1 R3=3 S3=1 Y2=1 X2=1 Z2=1 C2=1 R2=3 S2=1 Y1=1 X1=1 Z1=1 C1=1 R1=1 S1=1 Y0=1 X0=1 Z0=1 C0=1 R0=5 S0=1] IntermediateRegister[P=1 Q=1 Z7=1 C7=1 R7=1 S7=1 Y6=1 X6=1 Z6=1 C6=1 R6=1 S6=1 Y5=1 X5=1 Z5=1 C5=1 R5=1 S5=1 Y4=1 X4=1 Z4=1 C4=1 R4=1 S4=1 Y3=1 X3=1 Z3=1 C3=1 R3=1 S3=1 Y2=1 X2=1 Z2=1 C2=1 R2=1 S2=1 Y1=1 X1=1 Z1=1 C1=1 R1=1 S1=1 Y0=1 X0=1 Z0=1 C0=1 R0=1 S0=1] OutRegister[P=1 Q=1 Z7=1 C7=1 R7=1 S7=1 Y6=1 X6=1 Z6=1 C6=1 R6=1 S6=1 Y5=1 X5=1 Z5=1 C5=1 R5=1 S5=1 Y4=1 X4=1 Z4=1 C4=1 R4=1 S4=1 Y3=1 X3=1 Z3=1 C3=1 R3=1 S3=1 Y2=1 X2=1 Z2=1 C2=1 R2=1 S2=1 Y1=1 X1=1 Z1=1 C1=1 R1=1 S1=1 Y0=1 X0=1 Z0=1 C0=1 R0=1 S0=1] Compute] 
fsrcnn_8layer_2026-02-25T17:11:56.971518,fsrcnn,8layer,full,8,eyeriss,thesis_arch,1056,524,128,256,4,120,False,True,,2.436e+04,1.944e+07,4.87e+05,"(31557100392, 12312518400)",0.0073438270306525055,0.2974584102630615,DRAM[P=540 Q=8 Z7=1 C7=1 R7=1 S7=1 Y6=540 X6=8 Z6=1 C6=1 R6=1 S6=1 Y5=540 X5=8 Z5=1 C5=1 R5=1 S5=1 Y4=540 X4=8 Z4=1 C4=1 R4=1 S4=1 Y3=540 X3=8 Z3=1 C3=1 R3=1 S3=1 Y2=540 X2=8 Z2=1 C2=1 R2=1 S2=1 Y1=540 X1=8 Z1=1 C1=1 R1=1 S1=1 Y0=540 X0=8 Z0=1 C0=1 R0=1 S0=1] GlobalBuffer[P=1 Q=120 Z7=1 C7=1 R7=1 S7=1 Y6=1 X6=120 Z6=1 C6=1 R6=1 S6=1 Y5=1 X5=120 Z5=1 C5=1 R5=1 S5=1 Y4=1 X4=120 Z4=1 C4=1 R4=1 S4=1 Y3=1 X3=120 Z3=1 C3=1 R3=1 S3=1 Y2=1 X2=120 Z2=1 C2=1 R2=1 S2=1 Y1=1 X1=120 Z1=1 C1=1 R1=1 S1=1 Y0=1 X0=120 Z0=1 C0=1 R0=1 S0=1] SACols[Q=1 Z7=4] SARows[S7=3 C7=56 Z7=1] SACols_6[X6=1 Z6=4] SARows_6[S6=1 C6=12 Z6=14] SACols_5[X5=1 Z5=4] SARows_5[S5=3 C5=12 Z5=3] SACols_4[X4=1 Z4=4] SARows_4[S4=3 C4=12 Z4=3] SACols_3[X3=1 Z3=4] SARows_3[S3=3 C3=12 Z3=3] SACols_2[X2=1 Z2=4] SARows_2[S2=3 C2=12 Z2=3] SACols_1[X1=1 Z1=4] SARows_1[S1=1 C1=56 Z1=3] SACols_0[X0=1 Z0=4] SARows_0[S0=5 C0=3 Z0=14] InRegister[P=1 Q=1 Z7=1 C7=1 R7=1 S7=1 Y6=1 X6=1 Z6=1 C6=1 R6=1 S6=1 Y5=1 X5=1 Z5=1 C5=1 R5=1 S5=1 Y4=1 X4=1 Z4=1 C4=1 R4=1 S4=1 Y3=1 X3=1 Z3=1 C3=1 R3=1 S3=1 Y2=1 X2=1 Z2=1 C2=1 R2=1 S2=1 Y1=1 X1=1 Z1=1 C1=1 R1=1 S1=1 Y0=1 X0=1 Z0=1 C0=1 R0=1 S0=1] WRegister[P=1 Q=1 Z7=1 C7=1 R7=3 S7=1 Y6=1 X6=1 Z6=1 C6=1 R6=1 S6=1 Y5=1 X5=1 Z5=1 C5=1 R5=3 S5=1 Y4=1 X4=1 Z4=1 C4=1 R4=3 S4=1 Y3=1 X3=1 Z3=1 C3=1 R3=3 S3=1 Y2=1 X2=1 Z2=1 C2=1 R2=3 S2=1 Y1=1 X1=1 Z1=1 C1=1 R1=1 S1=1 Y0=1 X0=1 Z0=1 C0=1 R0=5 S0=1] IntermediateRegister[P=1 Q=1 Z7=1 C7=1 R7=1 S7=1 Y6=1 X6=1 Z6=1 C6=1 R6=1 S6=1 Y5=1 X5=1 Z5=1 C5=1 R5=1 S5=1 Y4=1 X4=1 Z4=1 C4=1 R4=1 S4=1 Y3=1 X3=1 Z3=1 C3=1 R3=1 S3=1 Y2=1 X2=1 Z2=1 C2=1 R2=1 S2=1 Y1=1 X1=1 Z1=1 C1=1 R1=1 S1=1 Y0=1 X0=1 Z0=1 C0=1 R0=1 S0=1] OutRegister[P=1 Q=1 Z7=4 C7=1 R7=1 S7=1 Y6=1 X6=1 Z6=1 C6=1 R6=1 S6=1 Y5=1 X5=1 Z5=1 C5=1 R5=1 S5=1 Y4=1 X4=1 Z4=1 C4=1 R4=1 S4=1 Y3=1 X3=1 Z3=1 C3=1 R3=1 S3=1 Y2=1 X2=1 Z2=1 C2=1 R2=1 S2=1 Y1=1 X1=1 Z1=1 C1=1 R1=1 S1=1 Y0=1 X0=1 Z0=1 C0=1 R0=1 S0=1] Compute] 
fsrcnn_8layer_2026-02-25T17:11:57.837202,fsrcnn,8layer,full,8,eyeriss,thesis_arch,1056,524,128,256,16,120,False,True,,2.436e+04,1.918e+07,4.88e+05,"(31557100392, 12312518400)",4.482316302888492e-07,0.38695526123046875,DRAM[P=540 Q=8 Z7=1 C7=1 R7=1 S7=1 Y6=540 X6=8 Z6=1 C6=1 R6=1 S6=1 Y5=540 X5=8 Z5=1 C5=1 R5=1 S5=1 Y4=540 X4=8 Z4=1 C4=1 R4=1 S4=1 Y3=540 X3=8 Z3=1 C3=1 R3=1 S3=1 Y2=540 X2=8 Z2=1 C2=1 R2=1 S2=1 Y1=540 X1=8 Z1=1 C1=1 R1=1 S1=1 Y0=540 X0=8 Z0=1 C0=1 R0=1 S0=1] GlobalBuffer[P=1 Q=120 Z7=1 C7=1 R7=1 S7=1 Y6=1 X6=120 Z6=1 C6=1 R6=1 S6=1 Y5=1 X5=120 Z5=1 C5=1 R5=1 S5=1 Y4=1 X4=120 Z4=1 C4=1 R4=1 S4=1 Y3=1 X3=120 Z3=1 C3=1 R3=1 S3=1 Y2=1 X2=120 Z2=1 C2=1 R2=1 S2=1 Y1=1 X1=120 Z1=1 C1=1 R1=1 S1=1 Y0=1 X0=120 Z0=1 C0=1 R0=1 S0=1] SACols[Q=1 Z7=16] SARows[S7=3 C7=56 Z7=1] SACols_6[X6=1 Z6=14] SARows_6[S6=1 C6=12 Z6=4] SACols_5[X5=1 Z5=12] SARows_5[S5=3 C5=12 Z5=1] SACols_4[X4=1 Z4=12] SARows_4[S4=3 C4=12 Z4=1] SACols_3[X3=1 Z3=12] SARows_3[S3=3 C3=12 Z3=1] SACols_2[X2=1 Z2=12] SARows_2[S2=3 C2=12 Z2=1] SACols_1[X1=1 Z1=12] SARows_1[S1=1 C1=56 Z1=1] SACols_0[X0=1 Z0=14] SARows_0[S0=5 C0=3 Z0=4] InRegister[P=1 Q=1 Z7=1 C7=1 R7=1 S7=1 Y6=1 X6=1 Z6=1 C6=1 R6=1 S6=1 Y5=1 X5=1 Z5=1 C5=1 R5=1 S5=1 Y4=1 X4=1 Z4=1 C4=1 R4=1 S4=1 Y3=1 X3=1 Z3=1 C3=1 R3=1 S3=1 Y2=1 X2=1 Z2=1 C2=1 R2=1 S2=1 Y1=1 X1=1 Z1=1 C1=1 R1=1 S1=1 Y0=1 X0=1 Z0=1 C0=1 R0=1 S0=1] WRegister[P=1 Q=1 Z7=1 C7=1 R7=3 S7=1 Y6=1 X6=1 Z6=1 C6=1 R6=1 S6=1 Y5=1 X5=1 Z5=1 C5=1 R5=3 S5=1 Y4=1 X4=1 Z4=1 C4=1 R4=3 S4=1 Y3=1 X3=1 Z3=1 C3=1 R3=3 S3=1 Y2=1 X2=1 Z2=1 C2=1 R2=3 S2=1 Y1=1 X1=1 Z1=1 C1=1 R1=1 S1=1 Y0=1 X0=1 Z0=1 C0=1 R0=5 S0=1] IntermediateRegister[P=1 Q=1 Z7=1 C7=1 R7=1 S7=1 Y6=1 X6=1 Z6=1 C6=1 R6=1 S6=1 Y5=1 X5=1 Z5=1 C5=1 R5=1 S5=1 Y4=1 X4=1 Z4=1 C4=1 R4=1 S4=1 Y3=1 X3=1 Z3=1 C3=1 R3=1 S3=1 Y2=1 X2=1 Z2=1 C2=1 R2=1 S2=1 Y1=1 X1=1 Z1=1 C1=1 R1=1 S1=1 Y0=1 X0=1 Z0=1 C0=1 R0=1 S0=1] OutRegister[P=1 Q=1 Z7=1 C7=1 R7=1 S7=1 Y6=1 X6=1 Z6=1 C6=1 R6=1 S6=1 Y5=1 X5=1 Z5=1 C5=1 R5=1 S5=1 Y4=1 X4=1 Z4=1 C4=1 R4=1 S4=1 Y3=1 X3=1 Z3=1 C3=1 R3=1 S3=1 Y2=1 X2=1 Z2=1 C2=1 R2=1 S2=1 Y1=1 X1=1 Z1=1 C1=1 R1=1 S1=1 Y0=1 X0=1 Z0=1 C0=1 R0=1 S0=1] Compute] 
fsrcnn_8layer_2026-02-25T17:11:58.572600,fsrcnn,8layer,full,8,eyeriss,thesis_arch,1056,524,128,256,32,120,False,True,,2.436e+04,1.918e+07,4.88e+05,"(31557100392, 12312518400)",1.120579075722123e-07,0.12181901931762695,DRAM[P=540 Q=8 Z7=1 C7=1 R7=1 S7=1 Y6=540 X6=8 Z6=1 C6=1 R6=1 S6=1 Y5=540 X5=8 Z5=1 C5=1 R5=1 S5=1 Y4=540 X4=8 Z4=1 C4=1 R4=1 S4=1 Y3=540 X3=8 Z3=1 C3=1 R3=1 S3=1 Y2=540 X2=8 Z2=1 C2=1 R2=1 S2=1 Y1=540 X1=8 Z1=1 C1=1 R1=1 S1=1 Y0=540 X0=8 Z0=1 C0=1 R0=1 S0=1] GlobalBuffer[P=1 Q=60 Z7=1 C7=1 R7=1 S7=1 Y6=1 X6=120 Z6=1 C6=1 R6=1 S6=1 Y5=1 X5=60 Z5=1 C5=1 R5=1 S5=1 Y4=1 X4=60 Z4=1 C4=1 R4=1 S4=1 Y3=1 X3=60 Z3=1 C3=1 R3=1 S3=1 Y2=1 X2=60 Z2=1 C2=1 R2=1 S2=1 Y1=1 X1=60 Z1=1 C1=1 R1=1 S1=1 Y0=1 X0=120 Z0=1 C0=1 R0=1 S0=1] SACols[Q=2 Z7=16] SARows[S7=3 C7=56 Z7=1] SACols_6[X6=1 Z6=28] SARows_6[S6=1 C6=12 Z6=2] SACols_5[X5=2 Z5=12] SARows_5[S5=3 C5=12 Z5=1] SACols_4[X4=2 Z4=12] SARows_4[S4=3 C4=12 Z4=1] SACols_3[X3=2 Z3=12] SARows_3[S3=3 C3=12 Z3=1] SACols_2[X2=2 Z2=12] SARows_2[S2=3 C2=12 Z2=1] SACols_1[X1=2 Z1=12] SARows_1[S1=1 C1=56 Z1=1] SACols_0[X0=1 Z0=28] SARows_0[S0=5 C0=3 Z0=2] InRegister[P=1 Q=1 Z7=1 C7=1 R7=1 S7=1 Y6=1 X6=1 Z6=1 C6=1 R6=1 S6=1 Y5=1 X5=1 Z5=1 C5=1 R5=1 S5=1 Y4=1 X4=1 Z4=1 C4=1 R4=1 S4=1 Y3=1 X3=1 Z3=1 C3=1 R3=1 S3=1 Y2=1 X2=1 Z2=1 C2=1 R2=1 S2=1 Y1=1 X1=1 Z1=1 C1=1 R1=1 S1=1 Y0=1 X0=1 Z0=1 C0=1 R0=1 S0=1] WRegister[P=1 Q=1 Z7=1 C7=1 R7=3 S7=1 Y6=1 X6=1 Z6=1 C6=1 R6=1 S6=1 Y5=1 X5=1 Z5=1 C5=1 R5=3 S5=1 Y4=1 X4=1 Z4=1 C4=1 R4=3 S4=1 Y3=1 X3=1 Z3=1 C3=1 R3=3 S3=1 Y2=1 X2=1 Z2=1 C2=1 R2=3 S2=1 Y1=1 X1=1 Z1=1 C1=1 R1=1 S1=1 Y0=1 X0=1 Z0=1 C0=1 R0=5 S0=1] IntermediateRegister[P=1 Q=1 Z7=1 C7=1 R7=1 S7=1 Y6=1 X6=1 Z6=1 C6=1 R6=1 S6=1 Y5=1 X5=1 Z5=1 C5=1 R5=1 S5=1 Y4=1 X4=1 Z4=1 C4=1 R4=1 S4=1 Y3=1 X3=1 Z3=1 C3=1 R3=1 S3=1 Y2=1 X2=1 Z2=1 C2=1 R2=1 S2=1 Y1=1 X1=1 Z1=1 C1=1 R1=1 S1=1 Y0=1 X0=1 Z0=1 C0=1 R0=1 S0=1] OutRegister[P=1 Q=1 Z7=1 C7=1 R7=1 S7=1 Y6=1 X6=1 Z6=1 C6=1 R6=1 S6=1 Y5=1 X5=1 Z5=1 C5=1 R5=1 S5=1 Y4=1 X4=1 Z4=1 C4=1 R4=1 S4=1 Y3=1 X3=1 Z3=1 C3=1 R3=1 S3=1 Y2=1 X2=1 Z2=1 C2=1 R2=1 S2=1 Y1=1 X1=1 Z1=1 C1=1 R1=1 S1=1 Y0=1 X0=1 Z0=1 C0=1 R0=1 S0=1] Compute] 
fsrcnn_8layer_2026-02-25T17:11:59.004188,fsrcnn,8layer,full,8,eyeriss,thesis_arch,1056,524,128,256,64,120,False,True,,2.436e+04,1.918e+07,4.88e+05,"(31557100392, 12312518400)",8.549339872147545e-08,0.22128939628601074,DRAM[P=540 Q=8 Z7=1 C7=1 R7=1 S7=1 Y6=540 X6=8 Z6=1 C6=1 R6=1 S6=1 Y5=540 X5=8 Z5=1 C5=1 R5=1 S5=1 Y4=540 X4=8 Z4=1 C4=1 R4=1 S4=1 Y3=540 X3=8 Z3=1 C3=1 R3=1 S3=1 Y2=540 X2=8 Z2=1 C2=1 R2=1 S2=1 Y1=540 X1=8 Z1=1 C1=1 R1=1 S1=1 Y0=540 X0=8 Z0=1 C0=1 R0=1 S0=1] GlobalBuffer[P=1 Q=30 Z7=1 C7=1 R7=1 S7=1 Y6=1 X6=120 Z6=1 C6=1 R6=1 S6=1 Y5=1 X5=24 Z5=1 C5=1 R5=1 S5=1 Y4=1 X4=24 Z4=1 C4=1 R4=1 S4=1 Y3=1 X3=24 Z3=1 C3=1 R3=1 S3=1 Y2=1 X2=24 Z2=1 C2=1 R2=1 S2=1 Y1=1 X1=24 Z1=1 C1=1 R1=1 S1=1 Y0=1 X0=120 Z0=1 C0=1 R0=1 S0=1] SACols[Q=4 Z7=16] SARows[S7=3 C7=56 Z7=1] SACols_6[X6=1 Z6=56] SARows_6[S6=1 C6=12 Z6=1] SACols_5[X5=5 Z5=12] SARows_5[S5=3 C5=12 Z5=1] SACols_4[X4=5 Z4=12] SARows_4[S4=3 C4=12 Z4=1] SACols_3[X3=5 Z3=12] SARows_3[S3=3 C3=12 Z3=1] SACols_2[X2=5 Z2=12] SARows_2[S2=3 C2=12 Z2=1] SACols_1[X1=5 Z1=12] SARows_1[S1=1 C1=56 Z1=1] SACols_0[X0=1 Z0=56] SARows_0[S0=5 C0=3 Z0=1] InRegister[P=1 Q=1 Z7=1 C7=1 R7=1 S7=1 Y6=1 X6=1 Z6=1 C6=1 R6=1 S6=1 Y5=1 X5=1 Z5=1 C5=1 R5=1 S5=1 Y4=1 X4=1 Z4=1 C4=1 R4=1 S4=1 Y3=1 X3=1 Z3=1 C3=1 R3=1 S3=1 Y2=1 X2=1 Z2=1 C2=1 R2=1 S2=1 Y1=1 X1=1 Z1=1 C1=1 R1=1 S1=1 Y0=1 X0=1 Z0=1 C0=1 R0=1 S0=1] WRegister[P=1 Q=1 Z7=1 C7=1 R7=3 S7=1 Y6=1 X6=1 Z6=1 C6=1 R6=1 S6=1 Y5=1 X5=1 Z5=1 C5=1 R5=3 S5=1 Y4=1 X4=1 Z4=1 C4=1 R4=3 S4=1 Y3=1 X3=1 Z3=1 C3=1 R3=3 S3=1 Y2=1 X2=1 Z2=1 C2=1 R2=3 S2=1 Y1=1 X1=1 Z1=1 C1=1 R1=1 S1=1 Y0=1 X0=1 Z0=1 C0=1 R0=5 S0=1] IntermediateRegister[P=1 Q=1 Z7=1 C7=1 R7=1 S7=1 Y6=1 X6=1 Z6=1 C6=1 R6=1 S6=1 Y5=1 X5=1 Z5=1 C5=1 R5=1 S5=1 Y4=1 X4=1 Z4=1 C4=1 R4=1 S4=1 Y3=1 X3=1 Z3=1 C3=1 R3=1 S3=1 Y2=1 X2=1 Z2=1 C2=1 R2=1 S2=1 Y1=1 X1=1 Z1=1 C1=1 R1=1 S1=1 Y0=1 X0=1 Z0=1 C0=1 R0=1 S0=1] OutRegister[P=1 Q=1 Z7=1 C7=1 R7=1 S7=1 Y6=1 X6=1 Z6=1 C6=1 R6=1 S6=1 Y5=1 X5=1 Z5=1 C5=1 R5=1 S5=1 Y4=1 X4=1 Z4=1 C4=1 R4=1 S4=1 Y3=1 X3=1 Z3=1 C3=1 R3=1 S3=1 Y2=1 X2=1 Z2=1 C2=1 R2=1 S2=1 Y1=1 X1=1 Z1=1 C1=1 R1=1 S1=1 Y0=1 X0=1 Z0=1 C0=1 R0=1 S0=1] Compute] 
fsrcnn_8layer_2026-02-25T17:11:59.870602,fsrcnn,8layer,full,8,eyeriss,thesis_arch,1056,524,128,512,4,120,False,True,,2.436e+04,1.918e+07,4.83e+05,"(31557100392, 12312518400)",5.73736486769727e-05,0.09783506393432617,DRAM[P=540 Q=8 Z7=1 C7=1 R7=1 S7=1 Y6=540 X6=8 Z6=1 C6=1 R6=1 S6=1 Y5=540 X5=8 Z5=1 C5=1 R5=1 S5=1 Y4=540 X4=8 Z4=1 C4=1 R4=1 S4=1 Y3=540 X3=8 Z3=1 C3=1 R3=1 S3=1 Y2=540 X2=8 Z2=1 C2=1 R2=1 S2=1 Y1=540 X1=8 Z1=1 C1=1 R1=1 S1=1 Y0=540 X0=8 Z0=1 C0=1 R0=1 S0=1] GlobalBuffer[P=1 Q=120 Z7=1 C7=1 R7=1 S7=1 Y6=1 X6=120 Z6=1 C6=1 R6=1 S6=1 Y5=1 X5=120 Z5=1 C5=1 R5=1 S5=1 Y4=1 X4=120 Z4=1 C4=1 R4=1 S4=1 Y3=1 X3=120 Z3=1 C3=1 R3=1 S3=1 Y2=1 X2=120 Z2=1 C2=1 R2=1 S2=1 Y1=1 X1=120 Z1=1 C1=1 R1=1 S1=1 Y0=1 X0=120 Z0=1 C0=1 R0=1 S0=1] SACols[Q=1 Z7=4] SARows[S7=3 C7=56 Z7=2] SACols_6[X6=1 Z6=4] SARows_6[S6=1 C6=12 Z6=14] SACols_5[X5=1 Z5=4] SARows_5[S5=3 C5=12 Z5=3] SACols_4[X4=1 Z4=4] SARows_4[S4=3 C4=12 Z4=3] SACols_3[X3=1 Z3=4] SARows_3[S3=3 C3=12 Z3=3] SACols_2[X2=1 Z2=4] SARows_2[S2=3 C2=12 Z2=3] SACols_1[X1=1 Z1=4] SARows_1[S1=1 C1=56 Z1=3] SACols_0[X0=1 Z0=4] SARows_0[S0=5 C0=3 Z0=14] InRegister[P=1 Q=1 Z7=1 C7=1 R7=1 S7=1 Y6=1 X6=1 Z6=1 C6=1 R6=1 S6=1 Y5=1 X5=1 Z5=1 C5=1 R5=1 S5=1 Y4=1 X4=1 Z4=1 C4=1 R4=1 S4=1 Y3=1 X3=1 Z3=1 C3=1 R3=1 S3=1 Y2=1 X2=1 Z2=1 C2=1 R2=1 S2=1 Y1=1 X1=1 Z1=1 C1=1 R1=1 S1=1 Y0=1 X0=1 Z0=1 C0=1 R0=1 S0=1] WRegister[P=1 Q=1 Z7=1 C7=1 R7=3 S7=1 Y6=1 X6=1 Z6=1 C6=1 R6=1 S6=1 Y5=1 X5=1 Z5=1 C5=1 R5=3 S5=1 Y4=1 X4=1 Z4=1 C4=1 R4=3 S4=1 Y3=1 X3=1 Z3=1 C3=1 R3=3 S3=1 Y2=1 X2=1 Z2=1 C2=1 R2=3 S2=1 Y1=1 X1=1 Z1=1 C1=1 R1=1 S1=1 Y0=1 X0=1 Z0=1 C0=1 R0=5 S0=1] IntermediateRegister[P=1 Q=1 Z7=1 C7=1 R7=1 S7=1 Y6=1 X6=1 Z6=1 C6=1 R6=1 S6=1 Y5=1 X5=1 Z5=1 C5=1 R5=1 S5=1 Y4=1 X4=1 Z4=1 C4=1 R4=1 S4=1 Y3=1 X3=1 Z3=1 C3=1 R3=1 S3=1 Y2=1 X2=1 Z2=1 C2=1 R2=1 S2=1 Y1=1 X1=1 Z1=1 C1=1 R1=1 S1=1 Y0=1 X0=1 Z0=1 C0=1 R0=1 S0=1] OutRegister[P=1 Q=1 Z7=2 C7=1 R7=1 S7=1 Y6=1 X6=1 Z6=1 C6=1 R6=1 S6=1 Y5=1 X5=1 Z5=1 C5=1 R5=1 S5=1 Y4=1 X4=1 Z4=1 C4=1 R4=1 S4=1 Y3=1 X3=1 Z3=1 C3=1 R3=1 S3=1 Y2=1 X2=1 Z2=1 C2=1 R2=1 S2=1 Y1=1 X1=1 Z1=1 C1=1 R1=1 S1=1 Y0=1 X0=1 Z0=1 C0=1 R0=1 S0=1] Compute] 
fsrcnn_8layer_2026-02-25T17:12:00.407749,fsrcnn,8layer,full,8,eyeriss,thesis_arch,1056,524,128,512,16,120,False,True,,2.436e+04,1.918e+07,4.88e+05,"(31557100392, 12312518400)",1.7509048058158172e-09,0.16794419288635254,DRAM[P=540 Q=8 Z7=1 C7=1 R7=1 S7=1 Y6=540 X6=8 Z6=1 C6=1 R6=1 S6=1 Y5=540 X5=8 Z5=1 C5=1 R5=1 S5=1 Y4=540 X4=8 Z4=1 C4=1 R4=1 S4=1 Y3=540 X3=8 Z3=1 C3=1 R3=1 S3=1 Y2=540 X2=8 Z2=1 C2=1 R2=1 S2=1 Y1=540 X1=8 Z1=1 C1=1 R1=1 S1=1 Y0=540 X0=8 Z0=1 C0=1 R0=1 S0=1] GlobalBuffer[P=1 Q=120 Z7=1 C7=1 R7=1 S7=1 Y6=1 X6=120 Z6=1 C6=1 R6=1 S6=1 Y5=1 X5=120 Z5=1 C5=1 R5=1 S5=1 Y4=1 X4=120 Z4=1 C4=1 R4=1 S4=1 Y3=1 X3=120 Z3=1 C3=1 R3=1 S3=1 Y2=1 X2=120 Z2=1 C2=1 R2=1 S2=1 Y1=1 X1=120 Z1=1 C1=1 R1=1 S1=1 Y0=1 X0=120 Z0=1 C0=1 R0=1 S0=1] SACols[Q=1 Z7=16] SARows[S7=3 C7=56 Z7=1] SACols_6[X6=1 Z6=14] SARows_6[S6=1 C6=12 Z6=4] SACols_5[X5=1 Z5=12] SARows_5[S5=3 C5=12 Z5=1] SACols_4[X4=1 Z4=12] SARows_4[S4=3 C4=12 Z4=1] SACols_3[X3=1 Z3=12] SARows_3[S3=3 C3=12 Z3=1] SACols_2[X2=1 Z2=12] SARows_2[S2=3 C2=12 Z2=1] SACols_1[X1=1 Z1=12] SARows_1[S1=1 C1=56 Z1=1] SACols_0[X0=1 Z0=14] SARows_0[S0=5 C0=3 Z0=4] InRegister[P=1 Q=1 Z7=1 C7=1 R7=1 S7=1 Y6=1 X6=1 Z6=1 C6=1 R6=1 S6=1 Y5=1 X5=1 Z5=1 C5=1 R5=1 S5=1 Y4=1 X4=1 Z4=1 C4=1 R4=1 S4=1 Y3=1 X3=1 Z3=1 C3=1 R3=1 S3=1 Y2=1 X2=1 Z2=1 C2=1 R2=1 S2=1 Y1=1 X1=1 Z1=1 C1=1 R1=1 S1=1 Y0=1 X0=1 Z0=1 C0=1 R0=1 S0=1] WRegister[P=1 Q=1 Z7=1 C7=1 R7=3 S7=1 Y6=1 X6=1 Z6=1 C6=1 R6=1 S6=1 Y5=1 X5=1 Z5=1 C5=1 R5=3 S5=1 Y4=1 X4=1 Z4=1 C4=1 R4=3 S4=1 Y3=1 X3=1 Z3=1 C3=1 R3=3 S3=1 Y2=1 X2=1 Z2=1 C2=1 R2=3 S2=1 Y1=1 X1=1 Z1=1 C1=1 R1=1 S1=1 Y0=1 X0=1 Z0=1 C0=1 R0=5 S0=1] IntermediateRegister[P=1 Q=1 Z7=1 C7=1 R7=1 S7=1 Y6=1 X6=1 Z6=1 C6=1 R6=1 S6=1 Y5=1 X5=1 Z5=1 C5=1 R5=1 S5=1 Y4=1 X4=1 Z4=1 C4=1 R4=1 S4=1 Y3=1 X3=1 Z3=1 C3=1 R3=1 S3=1 Y2=1 X2=1 Z2=1 C2=1 R2=1 S2=1 Y1=1 X1=1 Z1=1 C1=1 R1=1 S1=1 Y0=1 X0=1 Z0=1 C0=1 R0=1 S0=1] OutRegister[P=1 Q=1 Z7=1 C7=1 R7=1 S7=1 Y6=1 X6=1 Z6=1 C6=1 R6=1 S6=1 Y5=1 X5=1 Z5=1 C5=1 R5=1 S5=1 Y4=1 X4=1 Z4=1 C4=1 R4=1 S4=1 Y3=1 X3=1 Z3=1 C3=1 R3=1 S3=1 Y2=1 X2=1 Z2=1 C2=1 R2=1 S2=1 Y1=1 X1=1 Z1=1 C1=1 R1=1 S1=1 Y0=1 X0=1 Z0=1 C0=1 R0=1 S0=1] Compute] 
fsrcnn_8layer_2026-02-25T17:12:01.083660,fsrcnn,8layer,full,8,eyeriss,thesis_arch,1056,524,128,512,32,120,False,True,,2.436e+04,1.918e+07,4.88e+05,"(31557100392, 12312518400)",4.377262014539543e-10,0.1742238998413086,DRAM[P=540 Q=8 Z7=1 C7=1 R7=1 S7=1 Y6=540 X6=8 Z6=1 C6=1 R6=1 S6=1 Y5=540 X5=8 Z5=1 C5=1 R5=1 S5=1 Y4=540 X4=8 Z4=1 C4=1 R4=1 S4=1 Y3=540 X3=8 Z3=1 C3=1 R3=1 S3=1 Y2=540 X2=8 Z2=1 C2=1 R2=1 S2=1 Y1=540 X1=8 Z1=1 C1=1 R1=1 S1=1 Y0=540 X0=8 Z0=1 C0=1 R0=1 S0=1] GlobalBuffer[P=1 Q=60 Z7=1 C7=1 R7=1 S7=1 Y6=1 X6=120 Z6=1 C6=1 R6=1 S6=1 Y5=1 X5=60 Z5=1 C5=1 R5=1 S5=1 Y4=1 X4=60 Z4=1 C4=1 R4=1 S4=1 Y3=1 X3=60 Z3=1 C3=1 R3=1 S3=1 Y2=1 X2=60 Z2=1 C2=1 R2=1 S2=1 Y1=1 X1=60 Z1=1 C1=1 R1=1 S1=1 Y0=1 X0=120 Z0=1 C0=1 R0=1 S0=1] SACols[Q=2 Z7=16] SARows[S7=3 C7=56 Z7=1] SACols_6[X6=1 Z6=28] SARows_6[S6=1 C6=12 Z6=2] SACols_5[X5=2 Z5=12] SARows_5[S5=3 C5=12 Z5=1] SACols_4[X4=2 Z4=12] SARows_4[S4=3 C4=12 Z4=1] SACols_3[X3=2 Z3=12] SARows_3[S3=3 C3=12 Z3=1] SACols_2[X2=2 Z2=12] SARows_2[S2=3 C2=12 Z2=1] SACols_1[X1=2 Z1=12] SARows_1[S1=1 C1=56 Z1=1] SACols_0[X0=1 Z0=28] SARows_0[S0=5 C0=3 Z0=2] InRegister[P=1 Q=1 Z7=1 C7=1 R7=1 S7=1 Y6=1 X6=1 Z6=1 C6=1 R6=1 S6=1 Y5=1 X5=1 Z5=1 C5=1 R5=1 S5=1 Y4=1 X4=1 Z4=1 C4=1 R4=1 S4=1 Y3=1 X3=1 Z3=1 C3=1 R3=1 S3=1 Y2=1 X2=1 Z2=1 C2=1 R2=1 S2=1 Y1=1 X1=1 Z1=1 C1=1 R1=1 S1=1 Y0=1 X0=1 Z0=1 C0=1 R0=1 S0=1] WRegister[P=1 Q=1 Z7=1 C7=1 R7=3 S7=1 Y6=1 X6=1 Z6=1 C6=1 R6=1 S6=1 Y5=1 X5=1 Z5=1 C5=1 R5=3 S5=1 Y4=1 X4=1 Z4=1 C4=1 R4=3 S4=1 Y3=1 X3=1 Z3=1 C3=1 R3=3 S3=1 Y2=1 X2=1 Z2=1 C2=1 R2=3 S2=1 Y1=1 X1=1 Z1=1 C1=1 R1=1 S1=1 Y0=1 X0=1 Z0=1 C0=1 R0=5 S0=1] IntermediateRegister[P=1 Q=1 Z7=1 C7=1 R7=1 S7=1 Y6=1 X6=1 Z6=1 C6=1 R6=1 S6=1 Y5=1 X5=1 Z5=1 C5=1 R5=1 S5=1 Y4=1 X4=1 Z4=1 C4=1 R4=1 S4=1 Y3=1 X3=1 Z3=1 C3=1 R3=1 S3=1 Y2=1 X2=1 Z2=1 C2=1 R2=1 S2=1 Y1=1 X1=1 Z1=1 C1=1 R1=1 S1=1 Y0=1 X0=1 Z0=1 C0=1 R0=1 S0=1] OutRegister[P=1 Q=1 Z7=1 C7=1 R7=1 S7=1 Y6=1 X6=1 Z6=1 C6=1 R6=1 S6=1 Y5=1 X5=1 Z5=1 C5=1 R5=1 S5=1 Y4=1 X4=1 Z4=1 C4=1 R4=1 S4=1 Y3=1 X3=1 Z3=1 C3=1 R3=1 S3=1 Y2=1 X2=1 Z2=1 C2=1 R2=1 S2=1 Y1=1 X1=1 Z1=1 C1=1 R1=1 S1=1 Y0=1 X0=1 Z0=1 C0=1 R0=1 S0=1] Compute] 
fsrcnn_8layer_2026-02-25T17:12:01.622922,fsrcnn,8layer,full,8,eyeriss,thesis_arch,1056,524,128,4,4,120,False,False,"Arch: Eyeriss_Constrained_8L_tile120_4x4 -> Level: SARows_0: Failed to fit comp to arch because the level's constraint (S0: 4) does not divide comp dimension S0 (5) exactly. To compensate, consider setting 'Settings.PADDED_MAPPINGS' to True.",0.000e+00,0.000e+00,0.00e+00,0,0.0,0.0,
fsrcnn_8layer_2026-02-25T17:12:01.902049,fsrcnn,8layer,full,8,eyeriss,thesis_arch,1056,524,128,4,16,120,False,False,"Arch: Eyeriss_Constrained_8L_tile120_16x4 -> Level: SARows_0: Failed to fit comp to arch because the level's constraint (S0: 4) does not divide comp dimension S0 (5) exactly. To compensate, consider setting 'Settings.PADDED_MAPPINGS' to True.",0.000e+00,0.000e+00,0.00e+00,0,0.0,0.0,
fsrcnn_8layer_2026-02-25T17:12:02.348743,fsrcnn,8layer,full,8,eyeriss,thesis_arch,1056,524,128,4,32,120,False,False,"Arch: Eyeriss_Constrained_8L_tile120_32x4 -> Level: SARows_0: Failed to fit comp to arch because the level's constraint (S0: 4) does not divide comp dimension S0 (5) exactly. To compensate, consider setting 'Settings.PADDED_MAPPINGS' to True.",0.000e+00,0.000e+00,0.00e+00,0,0.0,0.0,
fsrcnn_8layer_2026-02-25T17:12:03.015602,fsrcnn,8layer,full,8,eyeriss,thesis_arch,1056,524,128,4,64,120,False,False,"Arch: Eyeriss_Constrained_8L_tile120_64x4 -> Level: SARows_0: Failed to fit comp to arch because the level's constraint (S0: 4) does not divide comp dimension S0 (5) exactly. To compensate, consider setting 'Settings.PADDED_MAPPINGS' to True.",0.000e+00,0.000e+00,0.00e+00,0,0.0,0.0,
fsrcnn_8layer_2026-02-25T17:12:03.550207,fsrcnn,8layer,full,8,eyeriss,thesis_arch,1056,524,128,4,128,120,False,False,"Arch: Eyeriss_Constrained_8L_tile120_128x4 -> Level: SARows_0: Failed to fit comp to arch because the level's constraint (S0: 4) does not divide comp dimension S0 (5) exactly. To compensate, consider setting 'Settings.PADDED_MAPPINGS' to True.",0.000e+00,0.000e+00,0.00e+00,0,0.0,0.0,
fsrcnn_8layer_2026-02-25T17:12:03.981480,fsrcnn,8layer,full,8,eyeriss,thesis_arch,1056,524,128,4,256,120,False,False,"Arch: Eyeriss_Constrained_8L_tile120_256x4 -> Level: SARows_0: Failed to fit comp to arch because the level's constraint (S0: 4) does not divide comp dimension S0 (5) exactly. To compensate, consider setting 'Settings.PADDED_MAPPINGS' to True.",0.000e+00,0.000e+00,0.00e+00,0,0.0,0.0,
fsrcnn_8layer_2026-02-25T17:12:04.493093,fsrcnn,8layer,full,8,eyeriss,thesis_arch,1056,524,128,4,512,120,False,False,"Arch: Eyeriss_Constrained_8L_tile120_512x4 -> Level: SARows_0: Failed to fit comp to arch because the level's constraint (S0: 4) does not divide comp dimension S0 (5) exactly. To compensate, consider setting 'Settings.PADDED_MAPPINGS' to True.",0.000e+00,0.000e+00,0.00e+00,0,0.0,0.0,
fsrcnn_8layer_2026-02-25T17:12:04.924345,fsrcnn,8layer,full,8,eyeriss,thesis_arch,1056,524,128,16,4,120,False,False,"Ill-posed constraints:
CONSTRAINTS VIOLATION: Arch: Eyeriss_Constrained_8L_tile120_4x16 -> Level: InRegister: memory footprint: 93 VS memory available: 34
CONSTRAINTS VIOLATION: Arch: Eyeriss_Constrained_8L_tile120_4x16 -> Level: WRegister: memory footprint: 372 VS memory available: 300
CONSTRAINTS VIOLATION: Arch: Eyeriss_Constrained_8L_tile120_4x16 -> Level: IntermediateRegister: memory footprint: 43 VS memory available: 32",0.000e+00,0.000e+00,0.00e+00,0,0.0,0.0,
fsrcnn_8layer_2026-02-25T17:12:05.449338,fsrcnn,8layer,full,8,eyeriss,thesis_arch,1056,524,128,16,16,120,False,False,"Ill-posed constraints:
CONSTRAINTS VIOLATION: Arch: Eyeriss_Constrained_8L_tile120_16x16 -> Level: InRegister: memory footprint: 93 VS memory available: 34",0.000e+00,0.000e+00,0.00e+00,0,0.0,0.0,
fsrcnn_8layer_2026-02-25T17:12:06.447584,fsrcnn,8layer,full,8,eyeriss,thesis_arch,1056,524,128,16,32,120,False,False,"Ill-posed constraints:
CONSTRAINTS VIOLATION: Arch: Eyeriss_Constrained_8L_tile120_32x16 -> Level: InRegister: memory footprint: 93 VS memory available: 34",0.000e+00,0.000e+00,0.00e+00,0,0.0,0.0,
fsrcnn_8layer_2026-02-25T17:12:07.033808,fsrcnn,8layer,full,8,eyeriss,thesis_arch,1056,524,128,16,64,120,False,False,"Ill-posed constraints:
CONSTRAINTS VIOLATION: Arch: Eyeriss_Constrained_8L_tile120_64x16 -> Level: InRegister: memory footprint: 93 VS memory available: 34",0.000e+00,0.000e+00,0.00e+00,0,0.0,0.0,
fsrcnn_8layer_2026-02-25T17:12:07.663252,fsrcnn,8layer,full,8,eyeriss,thesis_arch,1056,524,128,16,128,120,False,False,"Ill-posed constraints:
CONSTRAINTS VIOLATION: Arch: Eyeriss_Constrained_8L_tile120_128x16 -> Level: InRegister: memory footprint: 93 VS memory available: 34",0.000e+00,0.000e+00,0.00e+00,0,0.0,0.0,
fsrcnn_8layer_2026-02-25T17:12:08.189536,fsrcnn,8layer,full,8,eyeriss,thesis_arch,1056,524,128,16,256,120,False,False,"Ill-posed constraints:
CONSTRAINTS VIOLATION: Arch: Eyeriss_Constrained_8L_tile120_256x16 -> Level: InRegister: memory footprint: 93 VS memory available: 34",0.000e+00,0.000e+00,0.00e+00,0,0.0,0.0,
fsrcnn_8layer_2026-02-25T17:12:08.705299,fsrcnn,8layer,full,8,eyeriss,thesis_arch,1056,524,128,16,512,120,False,False,"Ill-posed constraints:
CONSTRAINTS VIOLATION: Arch: Eyeriss_Constrained_8L_tile120_512x16 -> Level: InRegister: memory footprint: 93 VS memory available: 34",0.000e+00,0.000e+00,0.00e+00,0,0.0,0.0,
fsrcnn_8layer_2026-02-25T17:12:09.307678,fsrcnn,8layer,full,8,eyeriss,thesis_arch,1056,524,128,32,4,120,False,False,"Ill-posed constraints:
CONSTRAINTS VIOLATION: Arch: Eyeriss_Constrained_8L_tile120_4x32 -> Level: InRegister: memory footprint: 58 VS memory available: 34",0.000e+00,0.000e+00,0.00e+00,0,0.0,0.0,
fsrcnn_8layer_2026-02-25T17:12:09.727907,fsrcnn,8layer,full,8,eyeriss,thesis_arch,1056,524,128,32,16,120,False,False,"Ill-posed constraints:
CONSTRAINTS VIOLATION: Arch: Eyeriss_Constrained_8L_tile120_16x32 -> Level: InRegister: memory footprint: 58 VS memory available: 34",0.000e+00,0.000e+00,0.00e+00,0,0.0,0.0,
fsrcnn_8layer_2026-02-25T17:12:10.111744,fsrcnn,8layer,full,8,eyeriss,thesis_arch,1056,524,128,32,32,120,False,False,"Ill-posed constraints:
CONSTRAINTS VIOLATION: Arch: Eyeriss_Constrained_8L_tile120_32x32 -> Level: InRegister: memory footprint: 58 VS memory available: 34",0.000e+00,0.000e+00,0.00e+00,0,0.0,0.0,
fsrcnn_8layer_2026-02-25T17:12:10.436978,fsrcnn,8layer,full,8,eyeriss,thesis_arch,1056,524,128,32,64,120,False,False,"Ill-posed constraints:
CONSTRAINTS VIOLATION: Arch: Eyeriss_Constrained_8L_tile120_64x32 -> Level: InRegister: memory footprint: 58 VS memory available: 34",0.000e+00,0.000e+00,0.00e+00,0,0.0,0.0,
fsrcnn_8layer_2026-02-25T17:12:10.992945,fsrcnn,8layer,full,8,eyeriss,thesis_arch,1056,524,128,32,128,120,False,False,"Ill-posed constraints:
CONSTRAINTS VIOLATION: Arch: Eyeriss_Constrained_8L_tile120_128x32 -> Level: InRegister: memory footprint: 58 VS memory available: 34",0.000e+00,0.000e+00,0.00e+00,0,0.0,0.0,
fsrcnn_8layer_2026-02-25T17:12:11.623376,fsrcnn,8layer,full,8,eyeriss,thesis_arch,1056,524,128,32,256,120,False,False,"Ill-posed constraints:
CONSTRAINTS VIOLATION: Arch: Eyeriss_Constrained_8L_tile120_256x32 -> Level: InRegister: memory footprint: 58 VS memory available: 34",0.000e+00,0.000e+00,0.00e+00,0,0.0,0.0,
fsrcnn_8layer_2026-02-25T17:12:12.190278,fsrcnn,8layer,full,8,eyeriss,thesis_arch,1056,524,128,32,512,120,False,False,"Ill-posed constraints:
CONSTRAINTS VIOLATION: Arch: Eyeriss_Constrained_8L_tile120_512x32 -> Level: InRegister: memory footprint: 58 VS memory available: 34",0.000e+00,0.000e+00,0.00e+00,0,0.0,0.0,
fsrcnn_8layer_2026-02-25T17:12:12.606417,fsrcnn,8layer,full,8,eyeriss,thesis_arch,1056,524,128,64,4,120,False,False,"Ill-posed constraints:
CONSTRAINTS VIOLATION: Arch: Eyeriss_Constrained_8L_tile120_4x64 -> Level: InRegister: memory footprint: 36 VS memory available: 34",0.000e+00,0.000e+00,0.00e+00,0,0.0,0.0,
fsrcnn_8layer_2026-02-25T17:12:12.955865,fsrcnn,8layer,full,8,eyeriss,thesis_arch,1056,524,128,64,16,120,False,False,"Ill-posed constraints:
CONSTRAINTS VIOLATION: Arch: Eyeriss_Constrained_8L_tile120_16x64 -> Level: InRegister: memory footprint: 36 VS memory available: 34",0.000e+00,0.000e+00,0.00e+00,0,0.0,0.0,
fsrcnn_8layer_2026-02-25T17:12:13.258057,fsrcnn,8layer,full,8,eyeriss,thesis_arch,1056,524,128,64,32,120,False,False,"Ill-posed constraints:
CONSTRAINTS VIOLATION: Arch: Eyeriss_Constrained_8L_tile120_32x64 -> Level: InRegister: memory footprint: 36 VS memory available: 34",0.000e+00,0.000e+00,0.00e+00,0,0.0,0.0,
fsrcnn_8layer_2026-02-25T17:12:13.547260,fsrcnn,8layer,full,8,eyeriss,thesis_arch,1056,524,128,64,64,120,False,False,"Ill-posed constraints:
CONSTRAINTS VIOLATION: Arch: Eyeriss_Constrained_8L_tile120_64x64 -> Level: InRegister: memory footprint: 36 VS memory available: 34",0.000e+00,0.000e+00,0.00e+00,0,0.0,0.0,
fsrcnn_8layer_2026-02-25T17:12:13.987842,fsrcnn,8layer,full,8,eyeriss,thesis_arch,1056,524,128,64,128,120,False,False,"Ill-posed constraints:
CONSTRAINTS VIOLATION: Arch: Eyeriss_Constrained_8L_tile120_128x64 -> Level: InRegister: memory footprint: 36 VS memory available: 34",0.000e+00,0.000e+00,0.00e+00,0,0.0,0.0,
fsrcnn_8layer_2026-02-25T17:12:14.536402,fsrcnn,8layer,full,8,eyeriss,thesis_arch,1056,524,128,64,256,120,False,False,"Ill-posed constraints:
CONSTRAINTS VIOLATION: Arch: Eyeriss_Constrained_8L_tile120_256x64 -> Level: InRegister: memory footprint: 36 VS memory available: 34",0.000e+00,0.000e+00,0.00e+00,0,0.0,0.0,
fsrcnn_8layer_2026-02-25T17:12:15.047394,fsrcnn,8layer,full,8,eyeriss,thesis_arch,1056,524,128,128,4,120,False,True,,2.841e+04,2.825e+07,8.18e+05,"(30062034792, 12094790400)",0.07833415499362673,0.19414544105529785,DRAM[P=540 Q=8 Z7=1 C7=1 R7=1 S7=1 Y6=540 X6=8 Z6=1 C6=1 R6=1 S6=1 Y5=540 X5=8 Z5=1 C5=1 R5=1 S5=1 Y4=540 X4=8 Z4=1 C4=1 R4=1 S4=1 Y3=540 X3=8 Z3=1 C3=1 R3=1 S3=1 Y2=540 X2=8 Z2=1 C2=1 R2=1 S2=1 Y1=540 X1=8 Z1=1 C1=1 R1=1 S1=1 Y0=540 X0=8 Z0=1 C0=1 R0=1 S0=1] GlobalBuffer[P=1 Q=120 Z7=1 C7=1 R7=1 S7=1 Y6=1 X6=120 Z6=1 C6=1 R6=1 S6=1 Y5=1 X5=120 Z5=1 C5=1 R5=1 S5=1 Y4=1 X4=120 Z4=1 C4=1 R4=1 S4=1 Y3=1 X3=120 Z3=1 C3=1 R3=1 S3=1 Y2=1 X2=120 Z2=1 C2=1 R2=1 S2=1 Y1=1 X1=120 Z1=1 C1=1 R1=1 S1=1 Y0=1 X0=120 Z0=1 C0=1 R0=1 S0=1] SACols[Q=1 Z7=4] SARows[S7=3 C7=28 Z7=1] SACols_6[X6=1 Z6=4] SARows_6[S6=1 C6=12 Z6=7] SACols_5[X5=1 Z5=4] SARows_5[S5=3 C5=12 Z5=3] SACols_4[X4=1 Z4=4] SARows_4[S4=3 C4=12 Z4=3] SACols_3[X3=1 Z3=4] SARows_3[S3=3 C3=12 Z3=3] SACols_2[X2=1 Z2=4] SARows_2[S2=3 C2=12 Z2=3] SACols_1[X1=1 Z1=4] SARows_1[S1=1 C1=56 Z1=1] SACols_0[X0=1 Z0=4] SARows_0[S0=5 C0=3 Z0=7] InRegister[P=1 Q=1 Z7=1 C7=1 R7=1 S7=1 Y6=1 X6=1 Z6=1 C6=1 R6=1 S6=1 Y5=1 X5=1 Z5=1 C5=1 R5=1 S5=1 Y4=1 X4=1 Z4=1 C4=1 R4=1 S4=1 Y3=1 X3=1 Z3=1 C3=1 R3=1 S3=1 Y2=1 X2=1 Z2=1 C2=1 R2=1 S2=1 Y1=1 X1=1 Z1=1 C1=1 R1=1 S1=1 Y0=1 X0=1 Z0=1 C0=1 R0=1 S0=1] WRegister[P=1 Q=1 Z7=1 C7=2 R7=3 S7=1 Y6=1 X6=1 Z6=1 C6=1 R6=1 S6=1 Y5=1 X5=1 Z5=1 C5=1 R5=3 S5=1 Y4=1 X4=1 Z4=1 C4=1 R4=3 S4=1 Y3=1 X3=1 Z3=1 C3=1 R3=3 S3=1 Y2=1 X2=1 Z2=1 C2=1 R2=3 S2=1 Y1=1 X1=1 Z1=1 C1=1 R1=1 S1=1 Y0=1 X0=1 Z0=1 C0=1 R0=5 S0=1] IntermediateRegister[P=1 Q=1 Z7=1 C7=1 R7=1 S7=1 Y6=1 X6=1 Z6=2 C6=1 R6=1 S6=1 Y5=1 X5=1 Z5=1 C5=1 R5=1 S5=1 Y4=1 X4=1 Z4=1 C4=1 R4=1 S4=1 Y3=1 X3=1 Z3=1 C3=1 R3=1 S3=1 Y2=1 X2=1 Z2=1 C2=1 R2=1 S2=1 Y1=1 X1=1 Z1=3 C1=1 R1=1 S1=1 Y0=1 X0=1 Z0=2 C0=1 R0=1 S0=1] OutRegister[P=1 Q=1 Z7=4 C7=1 R7=1 S7=1 Y6=1 X6=1 Z6=1 C6=1 R6=1 S6=1 Y5=1 X5=1 Z5=1 C5=1 R5=1 S5=1 Y4=1 X4=1 Z4=1 C4=1 R4=1 S4=1 Y3=1 X3=1 Z3=1 C3=1 R3=1 S3=1 Y2=1 X2=1 Z2=1 C2=1 R2=1 S2=1 Y1=1 X1=1 Z1=1 C1=1 R1=1 S1=1 Y0=1 X0=1 Z0=1 C0=1 R0=1 S0=1] Compute] 
fsrcnn_8layer_2026-02-25T17:12:15.775362,fsrcnn,8layer,full,8,eyeriss,thesis_arch,1056,524,128,128,16,120,False,True,,2.902e+04,1.918e+07,5.77e+05,"(31557100392, 12312518400)",5.73736486769727e-05,0.18994498252868652,DRAM[P=540 Q=8 Z7=1 C7=1 R7=1 S7=1 Y6=540 X6=8 Z6=1 C6=1 R6=1 S6=1 Y5=540 X5=8 Z5=1 C5=1 R5=1 S5=1 Y4=540 X4=8 Z4=1 C4=1 R4=1 S4=1 Y3=540 X3=8 Z3=1 C3=1 R3=1 S3=1 Y2=540 X2=8 Z2=1 C2=1 R2=1 S2=1 Y1=540 X1=8 Z1=1 C1=1 R1=1 S1=1 Y0=540 X0=8 Z0=1 C0=1 R0=1 S0=1] GlobalBuffer[P=1 Q=120 Z7=1 C7=1 R7=1 S7=1 Y6=1 X6=120 Z6=1 C6=1 R6=1 S6=1 Y5=1 X5=120 Z5=1 C5=1 R5=1 S5=1 Y4=1 X4=120 Z4=1 C4=1 R4=1 S4=1 Y3=1 X3=120 Z3=1 C3=1 R3=1 S3=1 Y2=1 X2=120 Z2=1 C2=1 R2=1 S2=1 Y1=1 X1=120 Z1=1 C1=1 R1=1 S1=1 Y0=1 X0=120 Z0=1 C0=1 R0=1 S0=1] SACols[Q=1 Z7=16] SARows[S7=3 C7=28 Z7=1] SACols_6[X6=1 Z6=14] SARows_6[S6=1 C6=12 Z6=4] SACols_5[X5=1 Z5=12] SARows_5[S5=3 C5=12 Z5=1] SACols_4[X4=1 Z4=12] SARows_4[S4=3 C4=12 Z4=1] SACols_3[X3=1 Z3=12] SARows_3[S3=3 C3=12 Z3=1] SACols_2[X2=1 Z2=12] SARows_2[S2=3 C2=12 Z2=1] SACols_1[X1=1 Z1=12] SARows_1[S1=1 C1=56 Z1=1] SACols_0[X0=1 Z0=14] SARows_0[S0=5 C0=3 Z0=4] InRegister[P=1 Q=1 Z7=1 C7=1 R7=1 S7=1 Y6=1 X6=1 Z6=1 C6=1 R6=1 S6=1 Y5=1 X5=1 Z5=1 C5=1 R5=1 S5=1 Y4=1 X4=1 Z4=1 C4=1 R4=1 S4=1 Y3=1 X3=1 Z3=1 C3=1 R3=1 S3=1 Y2=1 X2=1 Z2=1 C2=1 R2=1 S2=1 Y1=1 X1=1 Z1=1 C1=1 R1=1 S1=1 Y0=1 X0=1 Z0=1 C0=1 R0=1 S0=1] WRegister[P=1 Q=1 Z7=1 C7=2 R7=3 S7=1 Y6=1 X6=1 Z6=1 C6=1 R6=1 S6=1 Y5=1 X5=1 Z5=1 C5=1 R5=3 S5=1 Y4=1 X4=1 Z4=1 C4=1 R4=3 S4=1 Y3=1 X3=1 Z3=1 C3=1 R3=3 S3=1 Y2=1 X2=1 Z2=1 C2=1 R2=3 S2=1 Y1=1 X1=1 Z1=1 C1=1 R1=1 S1=1 Y0=1 X0=1 Z0=1 C0=1 R0=5 S0=1] IntermediateRegister[P=1 Q=1 Z7=1 C7=1 R7=1 S7=1 Y6=1 X6=1 Z6=1 C6=1 R6=1 S6=1 Y5=1 X5=1 Z5=1 C5=1 R5=1 S5=1 Y4=1 X4=1 Z4=1 C4=1 R4=1 S4=1 Y3=1 X3=1 Z3=1 C3=1 R3=1 S3=1 Y2=1 X2=1 Z2=1 C2=1 R2=1 S2=1 Y1=1 X1=1 Z1=1 C1=1 R1=1 S1=1 Y0=1 X0=1 Z0=1 C0=1 R0=1 S0=1] OutRegister[P=1 Q=1 Z7=1 C7=1 R7=1 S7=1 Y6=1 X6=1 Z6=1 C6=1 R6=1 S6=1 Y5=1 X5=1 Z5=1 C5=1 R5=1 S5=1 Y4=1 X4=1 Z4=1 C4=1 R4=1 S4=1 Y3=1 X3=1 Z3=1 C3=1 R3=1 S3=1 Y2=1 X2=1 Z2=1 C2=1 R2=1 S2=1 Y1=1 X1=1 Z1=1 C1=1 R1=1 S1=1 Y0=1 X0=1 Z0=1 C0=1 R0=1 S0=1] Compute] 
fsrcnn_8layer_2026-02-25T17:12:16.615551,fsrcnn,8layer,full,8,eyeriss,thesis_arch,1056,524,128,128,32,120,False,True,,2.902e+04,1.918e+07,5.77e+05,"(31557100392, 12312518400)",1.4343412169243175e-05,0.1559915542602539,DRAM[P=540 Q=8 Z7=1 C7=1 R7=1 S7=1 Y6=540 X6=8 Z6=1 C6=1 R6=1 S6=1 Y5=540 X5=8 Z5=1 C5=1 R5=1 S5=1 Y4=540 X4=8 Z4=1 C4=1 R4=1 S4=1 Y3=540 X3=8 Z3=1 C3=1 R3=1 S3=1 Y2=540 X2=8 Z2=1 C2=1 R2=1 S2=1 Y1=540 X1=8 Z1=1 C1=1 R1=1 S1=1 Y0=540 X0=8 Z0=1 C0=1 R0=1 S0=1] GlobalBuffer[P=1 Q=60 Z7=1 C7=1 R7=1 S7=1 Y6=1 X6=120 Z6=1 C6=1 R6=1 S6=1 Y5=1 X5=60 Z5=1 C5=1 R5=1 S5=1 Y4=1 X4=60 Z4=1 C4=1 R4=1 S4=1 Y3=1 X3=60 Z3=1 C3=1 R3=1 S3=1 Y2=1 X2=60 Z2=1 C2=1 R2=1 S2=1 Y1=1 X1=60 Z1=1 C1=1 R1=1 S1=1 Y0=1 X0=120 Z0=1 C0=1 R0=1 S0=1] SACols[Q=2 Z7=16] SARows[S7=3 C7=28 Z7=1] SACols_6[X6=1 Z6=28] SARows_6[S6=1 C6=12 Z6=2] SACols_5[X5=2 Z5=12] SARows_5[S5=3 C5=12 Z5=1] SACols_4[X4=2 Z4=12] SARows_4[S4=3 C4=12 Z4=1] SACols_3[X3=2 Z3=12] SARows_3[S3=3 C3=12 Z3=1] SACols_2[X2=2 Z2=12] SARows_2[S2=3 C2=12 Z2=1] SACols_1[X1=2 Z1=12] SARows_1[S1=1 C1=56 Z1=1] SACols_0[X0=1 Z0=28] SARows_0[S0=5 C0=3 Z0=2] InRegister[P=1 Q=1 Z7=1 C7=1 R7=1 S7=1 Y6=1 X6=1 Z6=1 C6=1 R6=1 S6=1 Y5=1 X5=1 Z5=1 C5=1 R5=1 S5=1 Y4=1 X4=1 Z4=1 C4=1 R4=1 S4=1 Y3=1 X3=1 Z3=1 C3=1 R3=1 S3=1 Y2=1 X2=1 Z2=1 C2=1 R2=1 S2=1 Y1=1 X1=1 Z1=1 C1=1 R1=1 S1=1 Y0=1 X0=1 Z0=1 C0=1 R0=1 S0=1] WRegister[P=1 Q=1 Z7=1 C7=2 R7=3 S7=1 Y6=1 X6=1 Z6=1 C6=1 R6=1 S6=1 Y5=1 X5=1 Z5=1 C5=1 R5=3 S5=1 Y4=1 X4=1 Z4=1 C4=1 R4=3 S4=1 Y3=1 X3=1 Z3=1 C3=1 R3=3 S3=1 Y2=1 X2=1 Z2=1 C2=1 R2=3 S2=1 Y1=1 X1=1 Z1=1 C1=1 R1=1 S1=1 Y0=1 X0=1 Z0=1 C0=1 R0=5 S0=1] IntermediateRegister[P=1 Q=1 Z7=1 C7=1 R7=1 S7=1 Y6=1 X6=1 Z6=1 C6=1 R6=1 S6=1 Y5=1 X5=1 Z5=1 C5=1 R5=1 S5=1 Y4=1 X4=1 Z4=1 C4=1 R4=1 S4=1 Y3=1 X3=1 Z3=1 C3=1 R3=1 S3=1 Y2=1 X2=1 Z2=1 C2=1 R2=1 S2=1 Y1=1 X1=1 Z1=1 C1=1 R1=1 S1=1 Y0=1 X0=1 Z0=1 C0=1 R0=1 S0=1] OutRegister[P=1 Q=1 Z7=1 C7=1 R7=1 S7=1 Y6=1 X6=1 Z6=1 C6=1 R6=1 S6=1 Y5=1 X5=1 Z5=1 C5=1 R5=1 S5=1 Y4=1 X4=1 Z4=1 C4=1 R4=1 S4=1 Y3=1 X3=1 Z3=1 C3=1 R3=1 S3=1 Y2=1 X2=1 Z2=1 C2=1 R2=1 S2=1 Y1=1 X1=1 Z1=1 C1=1 R1=1 S1=1 Y0=1 X0=1 Z0=1 C0=1 R0=1 S0=1] Compute] 
fsrcnn_8layer_2026-02-25T17:12:17.077912,fsrcnn,8layer,full,8,eyeriss,thesis_arch,1056,524,128,128,64,120,False,True,,2.902e+04,1.918e+07,5.77e+05,"(31557100392, 12312518400)",1.0943155036348858e-05,0.29316139221191406,DRAM[P=540 Q=8 Z7=1 C7=1 R7=1 S7=1 Y6=540 X6=8 Z6=1 C6=1 R6=1 S6=1 Y5=540 X5=8 Z5=1 C5=1 R5=1 S5=1 Y4=540 X4=8 Z4=1 C4=1 R4=1 S4=1 Y3=540 X3=8 Z3=1 C3=1 R3=1 S3=1 Y2=540 X2=8 Z2=1 C2=1 R2=1 S2=1 Y1=540 X1=8 Z1=1 C1=1 R1=1 S1=1 Y0=540 X0=8 Z0=1 C0=1 R0=1 S0=1] GlobalBuffer[P=1 Q=30 Z7=1 C7=1 R7=1 S7=1 Y6=1 X6=120 Z6=1 C6=1 R6=1 S6=1 Y5=1 X5=24 Z5=1 C5=1 R5=1 S5=1 Y4=1 X4=24 Z4=1 C4=1 R4=1 S4=1 Y3=1 X3=24 Z3=1 C3=1 R3=1 S3=1 Y2=1 X2=24 Z2=1 C2=1 R2=1 S2=1 Y1=1 X1=24 Z1=1 C1=1 R1=1 S1=1 Y0=1 X0=120 Z0=1 C0=1 R0=1 S0=1] SACols[Q=4 Z7=16] SARows[S7=3 C7=28 Z7=1] SACols_6[X6=1 Z6=56] SARows_6[S6=1 C6=12 Z6=1] SACols_5[X5=5 Z5=12] SARows_5[S5=3 C5=12 Z5=1] SACols_4[X4=5 Z4=12] SARows_4[S4=3 C4=12 Z4=1] SACols_3[X3=5 Z3=12] SARows_3[S3=3 C3=12 Z3=1] SACols_2[X2=5 Z2=12] SARows_2[S2=3 C2=12 Z2=1] SACols_1[X1=5 Z1=12] SARows_1[S1=1 C1=56 Z1=1] SACols_0[X0=1 Z0=56] SARows_0[S0=5 C0=3 Z0=1] InRegister[P=1 Q=1 Z7=1 C7=1 R7=1 S7=1 Y6=1 X6=1 Z6=1 C6=1 R6=1 S6=1 Y5=1 X5=1 Z5=1 C5=1 R5=1 S5=1 Y4=1 X4=1 Z4=1 C4=1 R4=1 S4=1 Y3=1 X3=1 Z3=1 C3=1 R3=1 S3=1 Y2=1 X2=1 Z2=1 C2=1 R2=1 S2=1 Y1=1 X1=1 Z1=1 C1=1 R1=1 S1=1 Y0=1 X0=1 Z0=1 C0=1 R0=1 S0=1] WRegister[P=1 Q=1 Z7=1 C7=2 R7=3 S7=1 Y6=1 X6=1 Z6=1 C6=1 R6=1 S6=1 Y5=1 X5=1 Z5=1 C5=1 R5=3 S5=1 Y4=1 X4=1 Z4=1 C4=1 R4=3 S4=1 Y3=1 X3=1 Z3=1 C3=1 R3=3 S3=1 Y2=1 X2=1 Z2=1 C2=1 R2=3 S2=1 Y1=1 X1=1 Z1=1 C1=1 R1=1 S1=1 Y0=1 X0=1 Z0=1 C0=1 R0=5 S0=1] IntermediateRegister[P=1 Q=1 Z7=1 C7=1 R7=1 S7=1 Y6=1 X6=1 Z6=1 C6=1 R6=1 S6=1 Y5=1 X5=1 Z5=1 C5=1 R5=1 S5=1 Y4=1 X4=1 Z4=1 C4=1 R4=1 S4=1 Y3=1 X3=1 Z3=1 C3=1 R3=1 S3=1 Y2=1 X2=1 Z2=1 C2=1 R2=1 S2=1 Y1=1 X1=1 Z1=1 C1=1 R1=1 S1=1 Y0=1 X0=1 Z0=1 C0=1 R0=1 S0=1] OutRegister[P=1 Q=1 Z7=1 C7=1 R7=1 S7=1 Y6=1 X6=1 Z6=1 C6=1 R6=1 S6=1 Y5=1 X5=1 Z5=1 C5=1 R5=1 S5=1 Y4=1 X4=1 Z4=1 C4=1 R4=1 S4=1 Y3=1 X3=1 Z3=1 C3=1 R3=1 S3=1 Y2=1 X2=1 Z2=1 C2=1 R2=1 S2=1 Y1=1 X1=1 Z1=1 C1=1 R1=1 S1=1 Y0=1 X0=1 Z0=1 C0=1 R0=1 S0=1] Compute] 
fsrcnn_8layer_2026-02-25T17:12:17.930382,fsrcnn,8layer,full,8,eyeriss,thesis_arch,1056,524,128,128,128,120,False,True,,2.902e+04,1.889e+07,5.68e+05,"(31557100392, 12312518400)",1.0943155036348858e-05,0.2869105339050293,DRAM[P=540 Q=8 Z7=1 C7=1 R7=1 S7=1 Y6=540 X6=8 Z6=1 C6=1 R6=1 S6=1 Y5=540 X5=8 Z5=1 C5=1 R5=1 S5=1 Y4=540 X4=8 Z4=1 C4=1 R4=1 S4=1 Y3=540 X3=8 Z3=1 C3=1 R3=1 S3=1 Y2=540 X2=8 Z2=1 C2=1 R2=1 S2=1 Y1=540 X1=8 Z1=1 C1=1 R1=1 S1=1 Y0=540 X0=8 Z0=1 C0=1 R0=1 S0=1] GlobalBuffer[P=1 Q=15 Z7=1 C7=1 R7=1 S7=1 Y6=1 X6=60 Z6=1 C6=1 R6=1 S6=1 Y5=1 X5=12 Z5=1 C5=1 R5=1 S5=1 Y4=1 X4=12 Z4=1 C4=1 R4=1 S4=1 Y3=1 X3=12 Z3=1 C3=1 R3=1 S3=1 Y2=1 X2=12 Z2=1 C2=1 R2=1 S2=1 Y1=1 X1=12 Z1=1 C1=1 R1=1 S1=1 Y0=1 X0=60 Z0=1 C0=1 R0=1 S0=1] SACols[Q=8 Z7=16] SARows[S7=3 C7=28 Z7=1] SACols_6[X6=2 Z6=56] SARows_6[S6=1 C6=12 Z6=1] SACols_5[X5=10 Z5=12] SARows_5[S5=3 C5=12 Z5=1] SACols_4[X4=10 Z4=12] SARows_4[S4=3 C4=12 Z4=1] SACols_3[X3=10 Z3=12] SARows_3[S3=3 C3=12 Z3=1] SACols_2[X2=10 Z2=12] SARows_2[S2=3 C2=12 Z2=1] SACols_1[X1=10 Z1=12] SARows_1[S1=1 C1=56 Z1=1] SACols_0[X0=2 Z0=56] SARows_0[S0=5 C0=3 Z0=1] InRegister[P=1 Q=1 Z7=1 C7=1 R7=1 S7=1 Y6=1 X6=1 Z6=1 C6=1 R6=1 S6=1 Y5=1 X5=1 Z5=1 C5=1 R5=1 S5=1 Y4=1 X4=1 Z4=1 C4=1 R4=1 S4=1 Y3=1 X3=1 Z3=1 C3=1 R3=1 S3=1 Y2=1 X2=1 Z2=1 C2=1 R2=1 S2=1 Y1=1 X1=1 Z1=1 C1=1 R1=1 S1=1 Y0=1 X0=1 Z0=1 C0=1 R0=1 S0=1] WRegister[P=1 Q=1 Z7=1 C7=2 R7=3 S7=1 Y6=1 X6=1 Z6=1 C6=1 R6=1 S6=1 Y5=1 X5=1 Z5=1 C5=1 R5=3 S5=1 Y4=1 X4=1 Z4=1 C4=1 R4=3 S4=1 Y3=1 X3=1 Z3=1 C3=1 R3=3 S3=1 Y2=1 X2=1 Z2=1 C2=1 R2=3 S2=1 Y1=1 X1=1 Z1=1 C1=1 R1=1 S1=1 Y0=1 X0=1 Z0=1 C0=1 R0=5 S0=1] IntermediateRegister[P=1 Q=1 Z7=1 C7=1 R7=1 S7=1 Y6=1 X6=1 Z6=1 C6=1 R6=1 S6=1 Y5=1 X5=1 Z5=1 C5=1 R5=1 S5=1 Y4=1 X4=1 Z4=1 C4=1 R4=1 S4=1 Y3=1 X3=1 Z3=1 C3=1 R3=1 S3=1 Y2=1 X2=1 Z2=1 C2=1 R2=1 S2=1 Y1=1 X1=1 Z1=1 C1=1 R1=1 S1=1 Y0=1 X0=1 Z0=1 C0=1 R0=1 S0=1] OutRegister[P=1 Q=1 Z7=1 C7=1 R7=1 S7=1 Y6=1 X6=1 Z6=1 C6=1 R6=1 S6=1 Y5=1 X5=1 Z5=1 C5=1 R5=1 S5=1 Y4=1 X4=1 Z4=1 C4=1 R4=1 S4=1 Y3=1 X3=1 Z3=1 C3=1 R3=1 S3=1 Y2=1 X2=1 Z2=1 C2=1 R2=1 S2=1 Y1=1 X1=1 Z1=1 C1=1 R1=1 S1=1 Y0=1 X0=1 Z0=1 C0=1 R0=1 S0=1] Compute] 
fsrcnn_8layer_2026-02-25T17:12:18.640188,fsrcnn,8layer,full,8,eyeriss,thesis_arch,1056,524,128,256,4,120,False,True,,2.902e+04,1.944e+07,5.78e+05,"(31557100392, 12312518400)",0.0073438270306525055,0.1951305866241455,DRAM[P=540 Q=8 Z7=1 C7=1 R7=1 S7=1 Y6=540 X6=8 Z6=1 C6=1 R6=1 S6=1 Y5=540 X5=8 Z5=1 C5=1 R5=1 S5=1 Y4=540 X4=8 Z4=1 C4=1 R4=1 S4=1 Y3=540 X3=8 Z3=1 C3=1 R3=1 S3=1 Y2=540 X2=8 Z2=1 C2=1 R2=1 S2=1 Y1=540 X1=8 Z1=1 C1=1 R1=1 S1=1 Y0=540 X0=8 Z0=1 C0=1 R0=1 S0=1] GlobalBuffer[P=1 Q=120 Z7=1 C7=1 R7=1 S7=1 Y6=1 X6=120 Z6=1 C6=1 R6=1 S6=1 Y5=1 X5=120 Z5=1 C5=1 R5=1 S5=1 Y4=1 X4=120 Z4=1 C4=1 R4=1 S4=1 Y3=1 X3=120 Z3=1 C3=1 R3=1 S3=1 Y2=1 X2=120 Z2=1 C2=1 R2=1 S2=1 Y1=1 X1=120 Z1=1 C1=1 R1=1 S1=1 Y0=1 X0=120 Z0=1 C0=1 R0=1 S0=1] SACols[Q=1 Z7=4] SARows[S7=3 C7=56 Z7=1] SACols_6[X6=1 Z6=4] SARows_6[S6=1 C6=12 Z6=14] SACols_5[X5=1 Z5=4] SARows_5[S5=3 C5=12 Z5=3] SACols_4[X4=1 Z4=4] SARows_4[S4=3 C4=12 Z4=3] SACols_3[X3=1 Z3=4] SARows_3[S3=3 C3=12 Z3=3] SACols_2[X2=1 Z2=4] SARows_2[S2=3 C2=12 Z2=3] SACols_1[X1=1 Z1=4] SARows_1[S1=1 C1=56 Z1=3] SACols_0[X0=1 Z0=4] SARows_0[S0=5 C0=3 Z0=14] InRegister[P=1 Q=1 Z7=1 C7=1 R7=1 S7=1 Y6=1 X6=1 Z6=1 C6=1 R6=1 S6=1 Y5=1 X5=1 Z5=1 C5=1 R5=1 S5=1 Y4=1 X4=1 Z4=1 C4=1 R4=1 S4=1 Y3=1 X3=1 Z3=1 C3=1 R3=1 S3=1 Y2=1 X2=1 Z2=1 C2=1 R2=1 S2=1 Y1=1 X1=1 Z1=1 C1=1 R1=1 S1=1 Y0=1 X0=1 Z0=1 C0=1 R0=1 S0=1] WRegister[P=1 Q=1 Z7=1 C7=1 R7=3 S7=1 Y6=1 X6=1 Z6=1 C6=1 R6=1 S6=1 Y5=1 X5=1 Z5=1 C5=1 R5=3 S5=1 Y4=1 X4=1 Z4=1 C4=1 R4=3 S4=1 Y3=1 X3=1 Z3=1 C3=1 R3=3 S3=1 Y2=1 X2=1 Z2=1 C2=1 R2=3 S2=1 Y1=1 X1=1 Z1=1 C1=1 R1=1 S1=1 Y0=1 X0=1 Z0=1 C0=1 R0=5 S0=1] IntermediateRegister[P=1 Q=1 Z7=1 C7=1 R7=1 S7=1 Y6=1 X6=1 Z6=1 C6=1 R6=1 S6=1 Y5=1 X5=1 Z5=1 C5=1 R5=1 S5=1 Y4=1 X4=1 Z4=1 C4=1 R4=1 S4=1 Y3=1 X3=1 Z3=1 C3=1 R3=1 S3=1 Y2=1 X2=1 Z2=1 C2=1 R2=1 S2=1 Y1=1 X1=1 Z1=1 C1=1 R1=1 S1=1 Y0=1 X0=1 Z0=1 C0=1 R0=1 S0=1] OutRegister[P=1 Q=1 Z7=4 C7=1 R7=1 S7=1 Y6=1 X6=1 Z6=1 C6=1 R6=1 S6=1 Y5=1 X5=1 Z5=1 C5=1 R5=1 S5=1 Y4=1 X4=1 Z4=1 C4=1 R4=1 S4=1 Y3=1 X3=1 Z3=1 C3=1 R3=1 S3=1 Y2=1 X2=1 Z2=1 C2=1 R2=1 S2=1 Y1=1 X1=1 Z1=1 C1=1 R1=1 S1=1 Y0=1 X0=1 Z0=1 C0=1 R0=1 S0=1] Compute] 
fsrcnn_8layer_2026-02-25T17:12:19.379189,fsrcnn,8layer,full,8,eyeriss,thesis_arch,1056,524,128,256,16,120,False,True,,2.902e+04,1.918e+07,5.77e+05,"(31557100392, 12312518400)",4.482316302888492e-07,0.3937985897064209,DRAM[P=540 Q=8 Z7=1 C7=1 R7=1 S7=1 Y6=540 X6=8 Z6=1 C6=1 R6=1 S6=1 Y5=540 X5=8 Z5=1 C5=1 R5=1 S5=1 Y4=540 X4=8 Z4=1 C4=1 R4=1 S4=1 Y3=540 X3=8 Z3=1 C3=1 R3=1 S3=1 Y2=540 X2=8 Z2=1 C2=1 R2=1 S2=1 Y1=540 X1=8 Z1=1 C1=1 R1=1 S1=1 Y0=540 X0=8 Z0=1 C0=1 R0=1 S0=1] GlobalBuffer[P=1 Q=120 Z7=1 C7=1 R7=1 S7=1 Y6=1 X6=120 Z6=1 C6=1 R6=1 S6=1 Y5=1 X5=120 Z5=1 C5=1 R5=1 S5=1 Y4=1 X4=120 Z4=1 C4=1 R4=1 S4=1 Y3=1 X3=120 Z3=1 C3=1 R3=1 S3=1 Y2=1 X2=120 Z2=1 C2=1 R2=1 S2=1 Y1=1 X1=120 Z1=1 C1=1 R1=1 S1=1 Y0=1 X0=120 Z0=1 C0=1 R0=1 S0=1] SACols[Q=1 Z7=16] SARows[S7=3 C7=56 Z7=1] SACols_6[X6=1 Z6=14] SARows_6[S6=1 C6=12 Z6=4] SACols_5[X5=1 Z5=12] SARows_5[S5=3 C5=12 Z5=1] SACols_4[X4=1 Z4=12] SARows_4[S4=3 C4=12 Z4=1] SACols_3[X3=1 Z3=12] SARows_3[S3=3 C3=12 Z3=1] SACols_2[X2=1 Z2=12] SARows_2[S2=3 C2=12 Z2=1] SACols_1[X1=1 Z1=12] SARows_1[S1=1 C1=56 Z1=1] SACols_0[X0=1 Z0=14] SARows_0[S0=5 C0=3 Z0=4] InRegister[P=1 Q=1 Z7=1 C7=1 R7=1 S7=1 Y6=1 X6=1 Z6=1 C6=1 R6=1 S6=1 Y5=1 X5=1 Z5=1 C5=1 R5=1 S5=1 Y4=1 X4=1 Z4=1 C4=1 R4=1 S4=1 Y3=1 X3=1 Z3=1 C3=1 R3=1 S3=1 Y2=1 X2=1 Z2=1 C2=1 R2=1 S2=1 Y1=1 X1=1 Z1=1 C1=1 R1=1 S1=1 Y0=1 X0=1 Z0=1 C0=1 R0=1 S0=1] WRegister[P=1 Q=1 Z7=1 C7=1 R7=3 S7=1 Y6=1 X6=1 Z6=1 C6=1 R6=1 S6=1 Y5=1 X5=1 Z5=1 C5=1 R5=3 S5=1 Y4=1 X4=1 Z4=1 C4=1 R4=3 S4=1 Y3=1 X3=1 Z3=1 C3=1 R3=3 S3=1 Y2=1 X2=1 Z2=1 C2=1 R2=3 S2=1 Y1=1 X1=1 Z1=1 C1=1 R1=1 S1=1 Y0=1 X0=1 Z0=1 C0=1 R0=5 S0=1] IntermediateRegister[P=1 Q=1 Z7=1 C7=1 R7=1 S7=1 Y6=1 X6=1 Z6=1 C6=1 R6=1 S6=1 Y5=1 X5=1 Z5=1 C5=1 R5=1 S5=1 Y4=1 X4=1 Z4=1 C4=1 R4=1 S4=1 Y3=1 X3=1 Z3=1 C3=1 R3=1 S3=1 Y2=1 X2=1 Z2=1 C2=1 R2=1 S2=1 Y1=1 X1=1 Z1=1 C1=1 R1=1 S1=1 Y0=1 X0=1 Z0=1 C0=1 R0=1 S0=1] OutRegister[P=1 Q=1 Z7=1 C7=1 R7=1 S7=1 Y6=1 X6=1 Z6=1 C6=1 R6=1 S6=1 Y5=1 X5=1 Z5=1 C5=1 R5=1 S5=1 Y4=1 X4=1 Z4=1 C4=1 R4=1 S4=1 Y3=1 X3=1 Z3=1 C3=1 R3=1 S3=1 Y2=1 X2=1 Z2=1 C2=1 R2=1 S2=1 Y1=1 X1=1 Z1=1 C1=1 R1=1 S1=1 Y0=1 X0=1 Z0=1 C0=1 R0=1 S0=1] Compute] 
fsrcnn_8layer_2026-02-25T17:12:20.235644,fsrcnn,8layer,full,8,eyeriss,thesis_arch,1056,524,128,256,32,120,False,True,,2.902e+04,1.918e+07,5.77e+05,"(31557100392, 12312518400)",1.120579075722123e-07,0.27411746978759766,DRAM[P=540 Q=8 Z7=1 C7=1 R7=1 S7=1 Y6=540 X6=8 Z6=1 C6=1 R6=1 S6=1 Y5=540 X5=8 Z5=1 C5=1 R5=1 S5=1 Y4=540 X4=8 Z4=1 C4=1 R4=1 S4=1 Y3=540 X3=8 Z3=1 C3=1 R3=1 S3=1 Y2=540 X2=8 Z2=1 C2=1 R2=1 S2=1 Y1=540 X1=8 Z1=1 C1=1 R1=1 S1=1 Y0=540 X0=8 Z0=1 C0=1 R0=1 S0=1] GlobalBuffer[P=1 Q=60 Z7=1 C7=1 R7=1 S7=1 Y6=1 X6=120 Z6=1 C6=1 R6=1 S6=1 Y5=1 X5=60 Z5=1 C5=1 R5=1 S5=1 Y4=1 X4=60 Z4=1 C4=1 R4=1 S4=1 Y3=1 X3=60 Z3=1 C3=1 R3=1 S3=1 Y2=1 X2=60 Z2=1 C2=1 R2=1 S2=1 Y1=1 X1=60 Z1=1 C1=1 R1=1 S1=1 Y0=1 X0=120 Z0=1 C0=1 R0=1 S0=1] SACols[Q=2 Z7=16] SARows[S7=3 C7=56 Z7=1] SACols_6[X6=1 Z6=28] SARows_6[S6=1 C6=12 Z6=2] SACols_5[X5=2 Z5=12] SARows_5[S5=3 C5=12 Z5=1] SACols_4[X4=2 Z4=12] SARows_4[S4=3 C4=12 Z4=1] SACols_3[X3=2 Z3=12] SARows_3[S3=3 C3=12 Z3=1] SACols_2[X2=2 Z2=12] SARows_2[S2=3 C2=12 Z2=1] SACols_1[X1=2 Z1=12] SARows_1[S1=1 C1=56 Z1=1] SACols_0[X0=1 Z0=28] SARows_0[S0=5 C0=3 Z0=2] InRegister[P=1 Q=1 Z7=1 C7=1 R7=1 S7=1 Y6=1 X6=1 Z6=1 C6=1 R6=1 S6=1 Y5=1 X5=1 Z5=1 C5=1 R5=1 S5=1 Y4=1 X4=1 Z4=1 C4=1 R4=1 S4=1 Y3=1 X3=1 Z3=1 C3=1 R3=1 S3=1 Y2=1 X2=1 Z2=1 C2=1 R2=1 S2=1 Y1=1 X1=1 Z1=1 C1=1 R1=1 S1=1 Y0=1 X0=1 Z0=1 C0=1 R0=1 S0=1] WRegister[P=1 Q=1 Z7=1 C7=1 R7=3 S7=1 Y6=1 X6=1 Z6=1 C6=1 R6=1 S6=1 Y5=1 X5=1 Z5=1 C5=1 R5=3 S5=1 Y4=1 X4=1 Z4=1 C4=1 R4=3 S4=1 Y3=1 X3=1 Z3=1 C3=1 R3=3 S3=1 Y2=1 X2=1 Z2=1 C2=1 R2=3 S2=1 Y1=1 X1=1 Z1=1 C1=1 R1=1 S1=1 Y0=1 X0=1 Z0=1 C0=1 R0=5 S0=1] IntermediateRegister[P=1 Q=1 Z7=1 C7=1 R7=1 S7=1 Y6=1 X6=1 Z6=1 C6=1 R6=1 S6=1 Y5=1 X5=1 Z5=1 C5=1 R5=1 S5=1 Y4=1 X4=1 Z4=1 C4=1 R4=1 S4=1 Y3=1 X3=1 Z3=1 C3=1 R3=1 S3=1 Y2=1 X2=1 Z2=1 C2=1 R2=1 S2=1 Y1=1 X1=1 Z1=1 C1=1 R1=1 S1=1 Y0=1 X0=1 Z0=1 C0=1 R0=1 S0=1] OutRegister[P=1 Q=1 Z7=1 C7=1 R7=1 S7=1 Y6=1 X6=1 Z6=1 C6=1 R6=1 S6=1 Y5=1 X5=1 Z5=1 C5=1 R5=1 S5=1 Y4=1 X4=1 Z4=1 C4=1 R4=1 S4=1 Y3=1 X3=1 Z3=1 C3=1 R3=1 S3=1 Y2=1 X2=1 Z2=1 C2=1 R2=1 S2=1 Y1=1 X1=1 Z1=1 C1=1 R1=1 S1=1 Y0=1 X0=1 Z0=1 C0=1 R0=1 S0=1] Compute] 
fsrcnn_8layer_2026-02-25T17:12:20.907923,fsrcnn,8layer,full,8,eyeriss,thesis_arch,1056,524,128,256,64,120,False,True,,2.902e+04,1.918e+07,5.77e+05,"(31557100392, 12312518400)",8.549339872147545e-08,0.3692011833190918,DRAM[P=540 Q=8 Z7=1 C7=1 R7=1 S7=1 Y6=540 X6=8 Z6=1 C6=1 R6=1 S6=1 Y5=540 X5=8 Z5=1 C5=1 R5=1 S5=1 Y4=540 X4=8 Z4=1 C4=1 R4=1 S4=1 Y3=540 X3=8 Z3=1 C3=1 R3=1 S3=1 Y2=540 X2=8 Z2=1 C2=1 R2=1 S2=1 Y1=540 X1=8 Z1=1 C1=1 R1=1 S1=1 Y0=540 X0=8 Z0=1 C0=1 R0=1 S0=1] GlobalBuffer[P=1 Q=30 Z7=1 C7=1 R7=1 S7=1 Y6=1 X6=120 Z6=1 C6=1 R6=1 S6=1 Y5=1 X5=24 Z5=1 C5=1 R5=1 S5=1 Y4=1 X4=24 Z4=1 C4=1 R4=1 S4=1 Y3=1 X3=24 Z3=1 C3=1 R3=1 S3=1 Y2=1 X2=24 Z2=1 C2=1 R2=1 S2=1 Y1=1 X1=24 Z1=1 C1=1 R1=1 S1=1 Y0=1 X0=120 Z0=1 C0=1 R0=1 S0=1] SACols[Q=4 Z7=16] SARows[S7=3 C7=56 Z7=1] SACols_6[X6=1 Z6=56] SARows_6[S6=1 C6=12 Z6=1] SACols_5[X5=5 Z5=12] SARows_5[S5=3 C5=12 Z5=1] SACols_4[X4=5 Z4=12] SARows_4[S4=3 C4=12 Z4=1] SACols_3[X3=5 Z3=12] SARows_3[S3=3 C3=12 Z3=1] SACols_2[X2=5 Z2=12] SARows_2[S2=3 C2=12 Z2=1] SACols_1[X1=5 Z1=12] SARows_1[S1=1 C1=56 Z1=1] SACols_0[X0=1 Z0=56] SARows_0[S0=5 C0=3 Z0=1] InRegister[P=1 Q=1 Z7=1 C7=1 R7=1 S7=1 Y6=1 X6=1 Z6=1 C6=1 R6=1 S6=1 Y5=1 X5=1 Z5=1 C5=1 R5=1 S5=1 Y4=1 X4=1 Z4=1 C4=1 R4=1 S4=1 Y3=1 X3=1 Z3=1 C3=1 R3=1 S3=1 Y2=1 X2=1 Z2=1 C2=1 R2=1 S2=1 Y1=1 X1=1 Z1=1 C1=1 R1=1 S1=1 Y0=1 X0=1 Z0=1 C0=1 R0=1 S0=1] WRegister[P=1 Q=1 Z7=1 C7=1 R7=3 S7=1 Y6=1 X6=1 Z6=1 C6=1 R6=1 S6=1 Y5=1 X5=1 Z5=1 C5=1 R5=3 S5=1 Y4=1 X4=1 Z4=1 C4=1 R4=3 S4=1 Y3=1 X3=1 Z3=1 C3=1 R3=3 S3=1 Y2=1 X2=1 Z2=1 C2=1 R2=3 S2=1 Y1=1 X1=1 Z1=1 C1=1 R1=1 S1=1 Y0=1 X0=1 Z0=1 C0=1 R0=5 S0=1] IntermediateRegister[P=1 Q=1 Z7=1 C7=1 R7=1 S7=1 Y6=1 X6=1 Z6=1 C6=1 R6=1 S6=1 Y5=1 X5=1 Z5=1 C5=1 R5=1 S5=1 Y4=1 X4=1 Z4=1 C4=1 R4=1 S4=1 Y3=1 X3=1 Z3=1 C3=1 R3=1 S3=1 Y2=1 X2=1 Z2=1 C2=1 R2=1 S2=1 Y1=1 X1=1 Z1=1 C1=1 R1=1 S1=1 Y0=1 X0=1 Z0=1 C0=1 R0=1 S0=1] OutRegister[P=1 Q=1 Z7=1 C7=1 R7=1 S7=1 Y6=1 X6=1 Z6=1 C6=1 R6=1 S6=1 Y5=1 X5=1 Z5=1 C5=1 R5=1 S5=1 Y4=1 X4=1 Z4=1 C4=1 R4=1 S4=1 Y3=1 X3=1 Z3=1 C3=1 R3=1 S3=1 Y2=1 X2=1 Z2=1 C2=1 R2=1 S2=1 Y1=1 X1=1 Z1=1 C1=1 R1=1 S1=1 Y0=1 X0=1 Z0=1 C0=1 R0=1 S0=1] Compute] 
fsrcnn_8layer_2026-02-25T17:12:21.974127,fsrcnn,8layer,full,8,eyeriss,thesis_arch,1056,524,128,512,4,120,False,True,,2.902e+04,1.918e+07,5.72e+05,"(31557100392, 12312518400)",5.73736486769727e-05,0.28704333305358887,DRAM[P=540 Q=8 Z7=1 C7=1 R7=1 S7=1 Y6=540 X6=8 Z6=1 C6=1 R6=1 S6=1 Y5=540 X5=8 Z5=1 C5=1 R5=1 S5=1 Y4=540 X4=8 Z4=1 C4=1 R4=1 S4=1 Y3=540 X3=8 Z3=1 C3=1 R3=1 S3=1 Y2=540 X2=8 Z2=1 C2=1 R2=1 S2=1 Y1=540 X1=8 Z1=1 C1=1 R1=1 S1=1 Y0=540 X0=8 Z0=1 C0=1 R0=1 S0=1] GlobalBuffer[P=1 Q=120 Z7=1 C7=1 R7=1 S7=1 Y6=1 X6=120 Z6=1 C6=1 R6=1 S6=1 Y5=1 X5=120 Z5=1 C5=1 R5=1 S5=1 Y4=1 X4=120 Z4=1 C4=1 R4=1 S4=1 Y3=1 X3=120 Z3=1 C3=1 R3=1 S3=1 Y2=1 X2=120 Z2=1 C2=1 R2=1 S2=1 Y1=1 X1=120 Z1=1 C1=1 R1=1 S1=1 Y0=1 X0=120 Z0=1 C0=1 R0=1 S0=1] SACols[Q=1 Z7=4] SARows[S7=3 C7=56 Z7=2] SACols_6[X6=1 Z6=4] SARows_6[S6=1 C6=12 Z6=14] SACols_5[X5=1 Z5=4] SARows_5[S5=3 C5=12 Z5=3] SACols_4[X4=1 Z4=4] SARows_4[S4=3 C4=12 Z4=3] SACols_3[X3=1 Z3=4] SARows_3[S3=3 C3=12 Z3=3] SACols_2[X2=1 Z2=4] SARows_2[S2=3 C2=12 Z2=3] SACols_1[X1=1 Z1=4] SARows_1[S1=1 C1=56 Z1=3] SACols_0[X0=1 Z0=4] SARows_0[S0=5 C0=3 Z0=14] InRegister[P=1 Q=1 Z7=1 C7=1 R7=1 S7=1 Y6=1 X6=1 Z6=1 C6=1 R6=1 S6=1 Y5=1 X5=1 Z5=1 C5=1 R5=1 S5=1 Y4=1 X4=1 Z4=1 C4=1 R4=1 S4=1 Y3=1 X3=1 Z3=1 C3=1 R3=1 S3=1 Y2=1 X2=1 Z2=1 C2=1 R2=1 S2=1 Y1=1 X1=1 Z1=1 C1=1 R1=1 S1=1 Y0=1 X0=1 Z0=1 C0=1 R0=1 S0=1] WRegister[P=1 Q=1 Z7=1 C7=1 R7=3 S7=1 Y6=1 X6=1 Z6=1 C6=1 R6=1 S6=1 Y5=1 X5=1 Z5=1 C5=1 R5=3 S5=1 Y4=1 X4=1 Z4=1 C4=1 R4=3 S4=1 Y3=1 X3=1 Z3=1 C3=1 R3=3 S3=1 Y2=1 X2=1 Z2=1 C2=1 R2=3 S2=1 Y1=1 X1=1 Z1=1 C1=1 R1=1 S1=1 Y0=1 X0=1 Z0=1 C0=1 R0=5 S0=1] IntermediateRegister[P=1 Q=1 Z7=1 C7=1 R7=1 S7=1 Y6=1 X6=1 Z6=1 C6=1 R6=1 S6=1 Y5=1 X5=1 Z5=1 C5=1 R5=1 S5=1 Y4=1 X4=1 Z4=1 C4=1 R4=1 S4=1 Y3=1 X3=1 Z3=1 C3=1 R3=1 S3=1 Y2=1 X2=1 Z2=1 C2=1 R2=1 S2=1 Y1=1 X1=1 Z1=1 C1=1 R1=1 S1=1 Y0=1 X0=1 Z0=1 C0=1 R0=1 S0=1] OutRegister[P=1 Q=1 Z7=2 C7=1 R7=1 S7=1 Y6=1 X6=1 Z6=1 C6=1 R6=1 S6=1 Y5=1 X5=1 Z5=1 C5=1 R5=1 S5=1 Y4=1 X4=1 Z4=1 C4=1 R4=1 S4=1 Y3=1 X3=1 Z3=1 C3=1 R3=1 S3=1 Y2=1 X2=1 Z2=1 C2=1 R2=1 S2=1 Y1=1 X1=1 Z1=1 C1=1 R1=1 S1=1 Y0=1 X0=1 Z0=1 C0=1 R0=1 S0=1] Compute] 
fsrcnn_8layer_2026-02-25T17:12:22.840971,fsrcnn,8layer,full,8,eyeriss,thesis_arch,1056,524,128,512,16,120,False,True,,2.902e+04,1.918e+07,5.77e+05,"(31557100392, 12312518400)",1.7509048058158172e-09,0.3080625534057617,DRAM[P=540 Q=8 Z7=1 C7=1 R7=1 S7=1 Y6=540 X6=8 Z6=1 C6=1 R6=1 S6=1 Y5=540 X5=8 Z5=1 C5=1 R5=1 S5=1 Y4=540 X4=8 Z4=1 C4=1 R4=1 S4=1 Y3=540 X3=8 Z3=1 C3=1 R3=1 S3=1 Y2=540 X2=8 Z2=1 C2=1 R2=1 S2=1 Y1=540 X1=8 Z1=1 C1=1 R1=1 S1=1 Y0=540 X0=8 Z0=1 C0=1 R0=1 S0=1] GlobalBuffer[P=1 Q=120 Z7=1 C7=1 R7=1 S7=1 Y6=1 X6=120 Z6=1 C6=1 R6=1 S6=1 Y5=1 X5=120 Z5=1 C5=1 R5=1 S5=1 Y4=1 X4=120 Z4=1 C4=1 R4=1 S4=1 Y3=1 X3=120 Z3=1 C3=1 R3=1 S3=1 Y2=1 X2=120 Z2=1 C2=1 R2=1 S2=1 Y1=1 X1=120 Z1=1 C1=1 R1=1 S1=1 Y0=1 X0=120 Z0=1 C0=1 R0=1 S0=1] SACols[Q=1 Z7=16] SARows[S7=3 C7=56 Z7=1] SACols_6[X6=1 Z6=14] SARows_6[S6=1 C6=12 Z6=4] SACols_5[X5=1 Z5=12] SARows_5[S5=3 C5=12 Z5=1] SACols_4[X4=1 Z4=12] SARows_4[S4=3 C4=12 Z4=1] SACols_3[X3=1 Z3=12] SARows_3[S3=3 C3=12 Z3=1] SACols_2[X2=1 Z2=12] SARows_2[S2=3 C2=12 Z2=1] SACols_1[X1=1 Z1=12] SARows_1[S1=1 C1=56 Z1=1] SACols_0[X0=1 Z0=14] SARows_0[S0=5 C0=3 Z0=4] InRegister[P=1 Q=1 Z7=1 C7=1 R7=1 S7=1 Y6=1 X6=1 Z6=1 C6=1 R6=1 S6=1 Y5=1 X5=1 Z5=1 C5=1 R5=1 S5=1 Y4=1 X4=1 Z4=1 C4=1 R4=1 S4=1 Y3=1 X3=1 Z3=1 C3=1 R3=1 S3=1 Y2=1 X2=1 Z2=1 C2=1 R2=1 S2=1 Y1=1 X1=1 Z1=1 C1=1 R1=1 S1=1 Y0=1 X0=1 Z0=1 C0=1 R0=1 S0=1] WRegister[P=1 Q=1 Z7=1 C7=1 R7=3 S7=1 Y6=1 X6=1 Z6=1 C6=1 R6=1 S6=1 Y5=1 X5=1 Z5=1 C5=1 R5=3 S5=1 Y4=1 X4=1 Z4=1 C4=1 R4=3 S4=1 Y3=1 X3=1 Z3=1 C3=1 R3=3 S3=1 Y2=1 X2=1 Z2=1 C2=1 R2=3 S2=1 Y1=1 X1=1 Z1=1 C1=1 R1=1 S1=1 Y0=1 X0=1 Z0=1 C0=1 R0=5 S0=1] IntermediateRegister[P=1 Q=1 Z7=1 C7=1 R7=1 S7=1 Y6=1 X6=1 Z6=1 C6=1 R6=1 S6=1 Y5=1 X5=1 Z5=1 C5=1 R5=1 S5=1 Y4=1 X4=1 Z4=1 C4=1 R4=1 S4=1 Y3=1 X3=1 Z3=1 C3=1 R3=1 S3=1 Y2=1 X2=1 Z2=1 C2=1 R2=1 S2=1 Y1=1 X1=1 Z1=1 C1=1 R1=1 S1=1 Y0=1 X0=1 Z0=1 C0=1 R0=1 S0=1] OutRegister[P=1 Q=1 Z7=1 C7=1 R7=1 S7=1 Y6=1 X6=1 Z6=1 C6=1 R6=1 S6=1 Y5=1 X5=1 Z5=1 C5=1 R5=1 S5=1 Y4=1 X4=1 Z4=1 C4=1 R4=1 S4=1 Y3=1 X3=1 Z3=1 C3=1 R3=1 S3=1 Y2=1 X2=1 Z2=1 C2=1 R2=1 S2=1 Y1=1 X1=1 Z1=1 C1=1 R1=1 S1=1 Y0=1 X0=1 Z0=1 C0=1 R0=1 S0=1] Compute] 
fsrcnn_8layer_2026-02-25T17:12:23.771445,fsrcnn,8layer,full,8,eyeriss,thesis_arch,1056,524,128,512,32,120,False,True,,2.902e+04,1.918e+07,5.77e+05,"(31557100392, 12312518400)",4.377262014539543e-10,0.38617825508117676,DRAM[P=540 Q=8 Z7=1 C7=1 R7=1 S7=1 Y6=540 X6=8 Z6=1 C6=1 R6=1 S6=1 Y5=540 X5=8 Z5=1 C5=1 R5=1 S5=1 Y4=540 X4=8 Z4=1 C4=1 R4=1 S4=1 Y3=540 X3=8 Z3=1 C3=1 R3=1 S3=1 Y2=540 X2=8 Z2=1 C2=1 R2=1 S2=1 Y1=540 X1=8 Z1=1 C1=1 R1=1 S1=1 Y0=540 X0=8 Z0=1 C0=1 R0=1 S0=1] GlobalBuffer[P=1 Q=60 Z7=1 C7=1 R7=1 S7=1 Y6=1 X6=120 Z6=1 C6=1 R6=1 S6=1 Y5=1 X5=60 Z5=1 C5=1 R5=1 S5=1 Y4=1 X4=60 Z4=1 C4=1 R4=1 S4=1 Y3=1 X3=60 Z3=1 C3=1 R3=1 S3=1 Y2=1 X2=60 Z2=1 C2=1 R2=1 S2=1 Y1=1 X1=60 Z1=1 C1=1 R1=1 S1=1 Y0=1 X0=120 Z0=1 C0=1 R0=1 S0=1] SACols[Q=2 Z7=16] SARows[S7=3 C7=56 Z7=1] SACols_6[X6=1 Z6=28] SARows_6[S6=1 C6=12 Z6=2] SACols_5[X5=2 Z5=12] SARows_5[S5=3 C5=12 Z5=1] SACols_4[X4=2 Z4=12] SARows_4[S4=3 C4=12 Z4=1] SACols_3[X3=2 Z3=12] SARows_3[S3=3 C3=12 Z3=1] SACols_2[X2=2 Z2=12] SARows_2[S2=3 C2=12 Z2=1] SACols_1[X1=2 Z1=12] SARows_1[S1=1 C1=56 Z1=1] SACols_0[X0=1 Z0=28] SARows_0[S0=5 C0=3 Z0=2] InRegister[P=1 Q=1 Z7=1 C7=1 R7=1 S7=1 Y6=1 X6=1 Z6=1 C6=1 R6=1 S6=1 Y5=1 X5=1 Z5=1 C5=1 R5=1 S5=1 Y4=1 X4=1 Z4=1 C4=1 R4=1 S4=1 Y3=1 X3=1 Z3=1 C3=1 R3=1 S3=1 Y2=1 X2=1 Z2=1 C2=1 R2=1 S2=1 Y1=1 X1=1 Z1=1 C1=1 R1=1 S1=1 Y0=1 X0=1 Z0=1 C0=1 R0=1 S0=1] WRegister[P=1 Q=1 Z7=1 C7=1 R7=3 S7=1 Y6=1 X6=1 Z6=1 C6=1 R6=1 S6=1 Y5=1 X5=1 Z5=1 C5=1 R5=3 S5=1 Y4=1 X4=1 Z4=1 C4=1 R4=3 S4=1 Y3=1 X3=1 Z3=1 C3=1 R3=3 S3=1 Y2=1 X2=1 Z2=1 C2=1 R2=3 S2=1 Y1=1 X1=1 Z1=1 C1=1 R1=1 S1=1 Y0=1 X0=1 Z0=1 C0=1 R0=5 S0=1] IntermediateRegister[P=1 Q=1 Z7=1 C7=1 R7=1 S7=1 Y6=1 X6=1 Z6=1 C6=1 R6=1 S6=1 Y5=1 X5=1 Z5=1 C5=1 R5=1 S5=1 Y4=1 X4=1 Z4=1 C4=1 R4=1 S4=1 Y3=1 X3=1 Z3=1 C3=1 R3=1 S3=1 Y2=1 X2=1 Z2=1 C2=1 R2=1 S2=1 Y1=1 X1=1 Z1=1 C1=1 R1=1 S1=1 Y0=1 X0=1 Z0=1 C0=1 R0=1 S0=1] OutRegister[P=1 Q=1 Z7=1 C7=1 R7=1 S7=1 Y6=1 X6=1 Z6=1 C6=1 R6=1 S6=1 Y5=1 X5=1 Z5=1 C5=1 R5=1 S5=1 Y4=1 X4=1 Z4=1 C4=1 R4=1 S4=1 Y3=1 X3=1 Z3=1 C3=1 R3=1 S3=1 Y2=1 X2=1 Z2=1 C2=1 R2=1 S2=1 Y1=1 X1=1 Z1=1 C1=1 R1=1 S1=1 Y0=1 X0=1 Z0=1 C0=1 R0=1 S0=1] Compute] 
fsrcnn_8layer_2026-02-25T17:12:24.710938,fsrcnn,8layer,full,8,eyeriss,thesis_arch,1056,524,128,4,4,120,False,False,"Arch: Eyeriss_Constrained_8L_tile120_4x4 -> Level: SARows_0: Failed to fit comp to arch because the level's constraint (S0: 4) does not divide comp dimension S0 (5) exactly. To compensate, consider setting 'Settings.PADDED_MAPPINGS' to True.",0.000e+00,0.000e+00,0.00e+00,0,0.0,0.0,
fsrcnn_8layer_2026-02-25T17:12:25.293697,fsrcnn,8layer,full,8,eyeriss,thesis_arch,1056,524,128,4,16,120,False,False,"Arch: Eyeriss_Constrained_8L_tile120_16x4 -> Level: SARows_0: Failed to fit comp to arch because the level's constraint (S0: 4) does not divide comp dimension S0 (5) exactly. To compensate, consider setting 'Settings.PADDED_MAPPINGS' to True.",0.000e+00,0.000e+00,0.00e+00,0,0.0,0.0,
fsrcnn_8layer_2026-02-25T17:12:25.555971,fsrcnn,8layer,full,8,eyeriss,thesis_arch,1056,524,128,4,32,120,False,False,"Arch: Eyeriss_Constrained_8L_tile120_32x4 -> Level: SARows_0: Failed to fit comp to arch because the level's constraint (S0: 4) does not divide comp dimension S0 (5) exactly. To compensate, consider setting 'Settings.PADDED_MAPPINGS' to True.",0.000e+00,0.000e+00,0.00e+00,0,0.0,0.0,
fsrcnn_8layer_2026-02-25T17:12:25.807686,fsrcnn,8layer,full,8,eyeriss,thesis_arch,1056,524,128,4,64,120,False,False,"Arch: Eyeriss_Constrained_8L_tile120_64x4 -> Level: SARows_0: Failed to fit comp to arch because the level's constraint (S0: 4) does not divide comp dimension S0 (5) exactly. To compensate, consider setting 'Settings.PADDED_MAPPINGS' to True.",0.000e+00,0.000e+00,0.00e+00,0,0.0,0.0,
fsrcnn_8layer_2026-02-25T17:12:26.077235,fsrcnn,8layer,full,8,eyeriss,thesis_arch,1056,524,128,4,128,120,False,False,"Arch: Eyeriss_Constrained_8L_tile120_128x4 -> Level: SARows_0: Failed to fit comp to arch because the level's constraint (S0: 4) does not divide comp dimension S0 (5) exactly. To compensate, consider setting 'Settings.PADDED_MAPPINGS' to True.",0.000e+00,0.000e+00,0.00e+00,0,0.0,0.0,
fsrcnn_8layer_2026-02-25T17:12:26.347240,fsrcnn,8layer,full,8,eyeriss,thesis_arch,1056,524,128,4,256,120,False,False,"Arch: Eyeriss_Constrained_8L_tile120_256x4 -> Level: SARows_0: Failed to fit comp to arch because the level's constraint (S0: 4) does not divide comp dimension S0 (5) exactly. To compensate, consider setting 'Settings.PADDED_MAPPINGS' to True.",0.000e+00,0.000e+00,0.00e+00,0,0.0,0.0,
fsrcnn_8layer_2026-02-25T17:12:26.868904,fsrcnn,8layer,full,8,eyeriss,thesis_arch,1056,524,128,4,512,120,False,False,"Arch: Eyeriss_Constrained_8L_tile120_512x4 -> Level: SARows_0: Failed to fit comp to arch because the level's constraint (S0: 4) does not divide comp dimension S0 (5) exactly. To compensate, consider setting 'Settings.PADDED_MAPPINGS' to True.",0.000e+00,0.000e+00,0.00e+00,0,0.0,0.0,
fsrcnn_8layer_2026-02-25T17:12:27.447840,fsrcnn,8layer,full,8,eyeriss,thesis_arch,1056,524,128,16,4,120,False,False,"Ill-posed constraints:
CONSTRAINTS VIOLATION: Arch: Eyeriss_Constrained_8L_tile120_4x16 -> Level: InRegister: memory footprint: 93 VS memory available: 34
CONSTRAINTS VIOLATION: Arch: Eyeriss_Constrained_8L_tile120_4x16 -> Level: IntermediateRegister: memory footprint: 43 VS memory available: 32",0.000e+00,0.000e+00,0.00e+00,0,0.0,0.0,
fsrcnn_8layer_2026-02-25T17:12:28.050938,fsrcnn,8layer,full,8,eyeriss,thesis_arch,1056,524,128,16,16,120,False,False,"Ill-posed constraints:
CONSTRAINTS VIOLATION: Arch: Eyeriss_Constrained_8L_tile120_16x16 -> Level: InRegister: memory footprint: 93 VS memory available: 34",0.000e+00,0.000e+00,0.00e+00,0,0.0,0.0,
fsrcnn_8layer_2026-02-25T17:12:28.340572,fsrcnn,8layer,full,8,eyeriss,thesis_arch,1056,524,128,16,32,120,False,False,"Ill-posed constraints:
CONSTRAINTS VIOLATION: Arch: Eyeriss_Constrained_8L_tile120_32x16 -> Level: InRegister: memory footprint: 93 VS memory available: 34",0.000e+00,0.000e+00,0.00e+00,0,0.0,0.0,
fsrcnn_8layer_2026-02-25T17:12:28.596282,fsrcnn,8layer,full,8,eyeriss,thesis_arch,1056,524,128,16,64,120,False,False,"Ill-posed constraints:
CONSTRAINTS VIOLATION: Arch: Eyeriss_Constrained_8L_tile120_64x16 -> Level: InRegister: memory footprint: 93 VS memory available: 34",0.000e+00,0.000e+00,0.00e+00,0,0.0,0.0,
fsrcnn_8layer_2026-02-25T17:12:28.896798,fsrcnn,8layer,full,8,eyeriss,thesis_arch,1056,524,128,16,128,120,False,False,"Ill-posed constraints:
CONSTRAINTS VIOLATION: Arch: Eyeriss_Constrained_8L_tile120_128x16 -> Level: InRegister: memory footprint: 93 VS memory available: 34",0.000e+00,0.000e+00,0.00e+00,0,0.0,0.0,
fsrcnn_8layer_2026-02-25T17:12:29.208529,fsrcnn,8layer,full,8,eyeriss,thesis_arch,1056,524,128,16,256,120,False,False,"Ill-posed constraints:
CONSTRAINTS VIOLATION: Arch: Eyeriss_Constrained_8L_tile120_256x16 -> Level: InRegister: memory footprint: 93 VS memory available: 34",0.000e+00,0.000e+00,0.00e+00,0,0.0,0.0,
fsrcnn_8layer_2026-02-25T17:12:29.473324,fsrcnn,8layer,full,8,eyeriss,thesis_arch,1056,524,128,16,512,120,False,False,"Ill-posed constraints:
CONSTRAINTS VIOLATION: Arch: Eyeriss_Constrained_8L_tile120_512x16 -> Level: InRegister: memory footprint: 93 VS memory available: 34",0.000e+00,0.000e+00,0.00e+00,0,0.0,0.0,
fsrcnn_8layer_2026-02-25T17:12:29.721096,fsrcnn,8layer,full,8,eyeriss,thesis_arch,1056,524,128,32,4,120,False,False,"Ill-posed constraints:
CONSTRAINTS VIOLATION: Arch: Eyeriss_Constrained_8L_tile120_4x32 -> Level: InRegister: memory footprint: 58 VS memory available: 34",0.000e+00,0.000e+00,0.00e+00,0,0.0,0.0,
fsrcnn_8layer_2026-02-25T17:12:29.953904,fsrcnn,8layer,full,8,eyeriss,thesis_arch,1056,524,128,32,16,120,False,False,"Ill-posed constraints:
CONSTRAINTS VIOLATION: Arch: Eyeriss_Constrained_8L_tile120_16x32 -> Level: InRegister: memory footprint: 58 VS memory available: 34",0.000e+00,0.000e+00,0.00e+00,0,0.0,0.0,
fsrcnn_8layer_2026-02-25T17:12:30.198981,fsrcnn,8layer,full,8,eyeriss,thesis_arch,1056,524,128,32,32,120,False,False,"Ill-posed constraints:
CONSTRAINTS VIOLATION: Arch: Eyeriss_Constrained_8L_tile120_32x32 -> Level: InRegister: memory footprint: 58 VS memory available: 34",0.000e+00,0.000e+00,0.00e+00,0,0.0,0.0,
fsrcnn_8layer_2026-02-25T17:12:30.691176,fsrcnn,8layer,full,8,eyeriss,thesis_arch,1056,524,128,32,64,120,False,False,"Ill-posed constraints:
CONSTRAINTS VIOLATION: Arch: Eyeriss_Constrained_8L_tile120_64x32 -> Level: InRegister: memory footprint: 58 VS memory available: 34",0.000e+00,0.000e+00,0.00e+00,0,0.0,0.0,
fsrcnn_8layer_2026-02-25T17:12:30.977402,fsrcnn,8layer,full,8,eyeriss,thesis_arch,1056,524,128,32,128,120,False,False,"Ill-posed constraints:
CONSTRAINTS VIOLATION: Arch: Eyeriss_Constrained_8L_tile120_128x32 -> Level: InRegister: memory footprint: 58 VS memory available: 34",0.000e+00,0.000e+00,0.00e+00,0,0.0,0.0,
fsrcnn_8layer_2026-02-25T17:12:31.452730,fsrcnn,8layer,full,8,eyeriss,thesis_arch,1056,524,128,32,256,120,False,False,"Ill-posed constraints:
CONSTRAINTS VIOLATION: Arch: Eyeriss_Constrained_8L_tile120_256x32 -> Level: InRegister: memory footprint: 58 VS memory available: 34",0.000e+00,0.000e+00,0.00e+00,0,0.0,0.0,
fsrcnn_8layer_2026-02-25T17:12:31.986972,fsrcnn,8layer,full,8,eyeriss,thesis_arch,1056,524,128,32,512,120,False,False,"Ill-posed constraints:
CONSTRAINTS VIOLATION: Arch: Eyeriss_Constrained_8L_tile120_512x32 -> Level: InRegister: memory footprint: 58 VS memory available: 34",0.000e+00,0.000e+00,0.00e+00,0,0.0,0.0,
fsrcnn_8layer_2026-02-25T17:12:32.541702,fsrcnn,8layer,full,8,eyeriss,thesis_arch,1056,524,128,64,4,120,False,False,"Ill-posed constraints:
CONSTRAINTS VIOLATION: Arch: Eyeriss_Constrained_8L_tile120_4x64 -> Level: InRegister: memory footprint: 36 VS memory available: 34",0.000e+00,0.000e+00,0.00e+00,0,0.0,0.0,
fsrcnn_8layer_2026-02-25T17:12:33.146663,fsrcnn,8layer,full,8,eyeriss,thesis_arch,1056,524,128,64,16,120,False,False,"Ill-posed constraints:
CONSTRAINTS VIOLATION: Arch: Eyeriss_Constrained_8L_tile120_16x64 -> Level: InRegister: memory footprint: 36 VS memory available: 34",0.000e+00,0.000e+00,0.00e+00,0,0.0,0.0,
fsrcnn_8layer_2026-02-25T17:12:33.699796,fsrcnn,8layer,full,8,eyeriss,thesis_arch,1056,524,128,64,32,120,False,False,"Ill-posed constraints:
CONSTRAINTS VIOLATION: Arch: Eyeriss_Constrained_8L_tile120_32x64 -> Level: InRegister: memory footprint: 36 VS memory available: 34",0.000e+00,0.000e+00,0.00e+00,0,0.0,0.0,
fsrcnn_8layer_2026-02-25T17:12:34.053554,fsrcnn,8layer,full,8,eyeriss,thesis_arch,1056,524,128,64,64,120,False,False,"Ill-posed constraints:
CONSTRAINTS VIOLATION: Arch: Eyeriss_Constrained_8L_tile120_64x64 -> Level: InRegister: memory footprint: 36 VS memory available: 34",0.000e+00,0.000e+00,0.00e+00,0,0.0,0.0,
fsrcnn_8layer_2026-02-25T17:12:34.369231,fsrcnn,8layer,full,8,eyeriss,thesis_arch,1056,524,128,64,128,120,False,False,"Ill-posed constraints:
CONSTRAINTS VIOLATION: Arch: Eyeriss_Constrained_8L_tile120_128x64 -> Level: InRegister: memory footprint: 36 VS memory available: 34",0.000e+00,0.000e+00,0.00e+00,0,0.0,0.0,
fsrcnn_8layer_2026-02-25T17:12:34.639045,fsrcnn,8layer,full,8,eyeriss,thesis_arch,1056,524,128,64,256,120,False,False,"Ill-posed constraints:
CONSTRAINTS VIOLATION: Arch: Eyeriss_Constrained_8L_tile120_256x64 -> Level: InRegister: memory footprint: 36 VS memory available: 34",0.000e+00,0.000e+00,0.00e+00,0,0.0,0.0,
fsrcnn_8layer_2026-02-25T17:12:35.547389,fsrcnn,8layer,full,8,eyeriss,thesis_arch,1056,524,128,128,4,120,False,True,,3.307e+04,2.825e+07,9.50e+05,"(30062034792, 12094790400)",0.07833415499362673,0.2567296028137207,DRAM[P=540 Q=8 Z7=1 C7=1 R7=1 S7=1 Y6=540 X6=8 Z6=1 C6=1 R6=1 S6=1 Y5=540 X5=8 Z5=1 C5=1 R5=1 S5=1 Y4=540 X4=8 Z4=1 C4=1 R4=1 S4=1 Y3=540 X3=8 Z3=1 C3=1 R3=1 S3=1 Y2=540 X2=8 Z2=1 C2=1 R2=1 S2=1 Y1=540 X1=8 Z1=1 C1=1 R1=1 S1=1 Y0=540 X0=8 Z0=1 C0=1 R0=1 S0=1] GlobalBuffer[P=1 Q=120 Z7=1 C7=1 R7=1 S7=1 Y6=1 X6=120 Z6=1 C6=1 R6=1 S6=1 Y5=1 X5=120 Z5=1 C5=1 R5=1 S5=1 Y4=1 X4=120 Z4=1 C4=1 R4=1 S4=1 Y3=1 X3=120 Z3=1 C3=1 R3=1 S3=1 Y2=1 X2=120 Z2=1 C2=1 R2=1 S2=1 Y1=1 X1=120 Z1=1 C1=1 R1=1 S1=1 Y0=1 X0=120 Z0=1 C0=1 R0=1 S0=1] SACols[Q=1 Z7=4] SARows[S7=3 C7=28 Z7=1] SACols_6[X6=1 Z6=4] SARows_6[S6=1 C6=12 Z6=7] SACols_5[X5=1 Z5=4] SARows_5[S5=3 C5=12 Z5=3] SACols_4[X4=1 Z4=4] SARows_4[S4=3 C4=12 Z4=3] SACols_3[X3=1 Z3=4] SARows_3[S3=3 C3=12 Z3=3] SACols_2[X2=1 Z2=4] SARows_2[S2=3 C2=12 Z2=3] SACols_1[X1=1 Z1=4] SARows_1[S1=1 C1=56 Z1=1] SACols_0[X0=1 Z0=4] SARows_0[S0=5 C0=3 Z0=7] InRegister[P=1 Q=1 Z7=1 C7=1 R7=1 S7=1 Y6=1 X6=1 Z6=1 C6=1 R6=1 S6=1 Y5=1 X5=1 Z5=1 C5=1 R5=1 S5=1 Y4=1 X4=1 Z4=1 C4=1 R4=1 S4=1 Y3=1 X3=1 Z3=1 C3=1 R3=1 S3=1 Y2=1 X2=1 Z2=1 C2=1 R2=1 S2=1 Y1=1 X1=1 Z1=1 C1=1 R1=1 S1=1 Y0=1 X0=1 Z0=1 C0=1 R0=1 S0=1] WRegister[P=1 Q=1 Z7=1 C7=2 R7=3 S7=1 Y6=1 X6=1 Z6=1 C6=1 R6=1 S6=1 Y5=1 X5=1 Z5=1 C5=1 R5=3 S5=1 Y4=1 X4=1 Z4=1 C4=1 R4=3 S4=1 Y3=1 X3=1 Z3=1 C3=1 R3=3 S3=1 Y2=1 X2=1 Z2=1 C2=1 R2=3 S2=1 Y1=1 X1=1 Z1=1 C1=1 R1=1 S1=1 Y0=1 X0=1 Z0=1 C0=1 R0=5 S0=1] IntermediateRegister[P=1 Q=1 Z7=1 C7=1 R7=1 S7=1 Y6=1 X6=1 Z6=2 C6=1 R6=1 S6=1 Y5=1 X5=1 Z5=1 C5=1 R5=1 S5=1 Y4=1 X4=1 Z4=1 C4=1 R4=1 S4=1 Y3=1 X3=1 Z3=1 C3=1 R3=1 S3=1 Y2=1 X2=1 Z2=1 C2=1 R2=1 S2=1 Y1=1 X1=1 Z1=3 C1=1 R1=1 S1=1 Y0=1 X0=1 Z0=2 C0=1 R0=1 S0=1] OutRegister[P=1 Q=1 Z7=4 C7=1 R7=1 S7=1 Y6=1 X6=1 Z6=1 C6=1 R6=1 S6=1 Y5=1 X5=1 Z5=1 C5=1 R5=1 S5=1 Y4=1 X4=1 Z4=1 C4=1 R4=1 S4=1 Y3=1 X3=1 Z3=1 C3=1 R3=1 S3=1 Y2=1 X2=1 Z2=1 C2=1 R2=1 S2=1 Y1=1 X1=1 Z1=1 C1=1 R1=1 S1=1 Y0=1 X0=1 Z0=1 C0=1 R0=1 S0=1] Compute] 
fsrcnn_8layer_2026-02-25T17:12:36.619636,fsrcnn,8layer,full,8,eyeriss,thesis_arch,1056,524,128,128,16,120,False,True,,3.368e+04,1.918e+07,6.67e+05,"(31557100392, 12312518400)",5.73736486769727e-05,0.33704662322998047,DRAM[P=540 Q=8 Z7=1 C7=1 R7=1 S7=1 Y6=540 X6=8 Z6=1 C6=1 R6=1 S6=1 Y5=540 X5=8 Z5=1 C5=1 R5=1 S5=1 Y4=540 X4=8 Z4=1 C4=1 R4=1 S4=1 Y3=540 X3=8 Z3=1 C3=1 R3=1 S3=1 Y2=540 X2=8 Z2=1 C2=1 R2=1 S2=1 Y1=540 X1=8 Z1=1 C1=1 R1=1 S1=1 Y0=540 X0=8 Z0=1 C0=1 R0=1 S0=1] GlobalBuffer[P=1 Q=120 Z7=1 C7=1 R7=1 S7=1 Y6=1 X6=120 Z6=1 C6=1 R6=1 S6=1 Y5=1 X5=120 Z5=1 C5=1 R5=1 S5=1 Y4=1 X4=120 Z4=1 C4=1 R4=1 S4=1 Y3=1 X3=120 Z3=1 C3=1 R3=1 S3=1 Y2=1 X2=120 Z2=1 C2=1 R2=1 S2=1 Y1=1 X1=120 Z1=1 C1=1 R1=1 S1=1 Y0=1 X0=120 Z0=1 C0=1 R0=1 S0=1] SACols[Q=1 Z7=16] SARows[S7=3 C7=28 Z7=1] SACols_6[X6=1 Z6=14] SARows_6[S6=1 C6=12 Z6=4] SACols_5[X5=1 Z5=12] SARows_5[S5=3 C5=12 Z5=1] SACols_4[X4=1 Z4=12] SARows_4[S4=3 C4=12 Z4=1] SACols_3[X3=1 Z3=12] SARows_3[S3=3 C3=12 Z3=1] SACols_2[X2=1 Z2=12] SARows_2[S2=3 C2=12 Z2=1] SACols_1[X1=1 Z1=12] SARows_1[S1=1 C1=56 Z1=1] SACols_0[X0=1 Z0=14] SARows_0[S0=5 C0=3 Z0=4] InRegister[P=1 Q=1 Z7=1 C7=1 R7=1 S7=1 Y6=1 X6=1 Z6=1 C6=1 R6=1 S6=1 Y5=1 X5=1 Z5=1 C5=1 R5=1 S5=1 Y4=1 X4=1 Z4=1 C4=1 R4=1 S4=1 Y3=1 X3=1 Z3=1 C3=1 R3=1 S3=1 Y2=1 X2=1 Z2=1 C2=1 R2=1 S2=1 Y1=1 X1=1 Z1=1 C1=1 R1=1 S1=1 Y0=1 X0=1 Z0=1 C0=1 R0=1 S0=1] WRegister[P=1 Q=1 Z7=1 C7=2 R7=3 S7=1 Y6=1 X6=1 Z6=1 C6=1 R6=1 S6=1 Y5=1 X5=1 Z5=1 C5=1 R5=3 S5=1 Y4=1 X4=1 Z4=1 C4=1 R4=3 S4=1 Y3=1 X3=1 Z3=1 C3=1 R3=3 S3=1 Y2=1 X2=1 Z2=1 C2=1 R2=3 S2=1 Y1=1 X1=1 Z1=1 C1=1 R1=1 S1=1 Y0=1 X0=1 Z0=1 C0=1 R0=5 S0=1] IntermediateRegister[P=1 Q=1 Z7=1 C7=1 R7=1 S7=1 Y6=1 X6=1 Z6=1 C6=1 R6=1 S6=1 Y5=1 X5=1 Z5=1 C5=1 R5=1 S5=1 Y4=1 X4=1 Z4=1 C4=1 R4=1 S4=1 Y3=1 X3=1 Z3=1 C3=1 R3=1 S3=1 Y2=1 X2=1 Z2=1 C2=1 R2=1 S2=1 Y1=1 X1=1 Z1=1 C1=1 R1=1 S1=1 Y0=1 X0=1 Z0=1 C0=1 R0=1 S0=1] OutRegister[P=1 Q=1 Z7=1 C7=1 R7=1 S7=1 Y6=1 X6=1 Z6=1 C6=1 R6=1 S6=1 Y5=1 X5=1 Z5=1 C5=1 R5=1 S5=1 Y4=1 X4=1 Z4=1 C4=1 R4=1 S4=1 Y3=1 X3=1 Z3=1 C3=1 R3=1 S3=1 Y2=1 X2=1 Z2=1 C2=1 R2=1 S2=1 Y1=1 X1=1 Z1=1 C1=1 R1=1 S1=1 Y0=1 X0=1 Z0=1 C0=1 R0=1 S0=1] Compute] 
fsrcnn_8layer_2026-02-25T17:12:37.494843,fsrcnn,8layer,full,8,eyeriss,thesis_arch,1056,524,128,128,32,120,False,True,,3.368e+04,1.918e+07,6.67e+05,"(31557100392, 12312518400)",1.4343412169243175e-05,0.2608528137207031,DRAM[P=540 Q=8 Z7=1 C7=1 R7=1 S7=1 Y6=540 X6=8 Z6=1 C6=1 R6=1 S6=1 Y5=540 X5=8 Z5=1 C5=1 R5=1 S5=1 Y4=540 X4=8 Z4=1 C4=1 R4=1 S4=1 Y3=540 X3=8 Z3=1 C3=1 R3=1 S3=1 Y2=540 X2=8 Z2=1 C2=1 R2=1 S2=1 Y1=540 X1=8 Z1=1 C1=1 R1=1 S1=1 Y0=540 X0=8 Z0=1 C0=1 R0=1 S0=1] GlobalBuffer[P=1 Q=60 Z7=1 C7=1 R7=1 S7=1 Y6=1 X6=120 Z6=1 C6=1 R6=1 S6=1 Y5=1 X5=60 Z5=1 C5=1 R5=1 S5=1 Y4=1 X4=60 Z4=1 C4=1 R4=1 S4=1 Y3=1 X3=60 Z3=1 C3=1 R3=1 S3=1 Y2=1 X2=60 Z2=1 C2=1 R2=1 S2=1 Y1=1 X1=60 Z1=1 C1=1 R1=1 S1=1 Y0=1 X0=120 Z0=1 C0=1 R0=1 S0=1] SACols[Q=2 Z7=16] SARows[S7=3 C7=28 Z7=1] SACols_6[X6=1 Z6=28] SARows_6[S6=1 C6=12 Z6=2] SACols_5[X5=2 Z5=12] SARows_5[S5=3 C5=12 Z5=1] SACols_4[X4=2 Z4=12] SARows_4[S4=3 C4=12 Z4=1] SACols_3[X3=2 Z3=12] SARows_3[S3=3 C3=12 Z3=1] SACols_2[X2=2 Z2=12] SARows_2[S2=3 C2=12 Z2=1] SACols_1[X1=2 Z1=12] SARows_1[S1=1 C1=56 Z1=1] SACols_0[X0=1 Z0=28] SARows_0[S0=5 C0=3 Z0=2] InRegister[P=1 Q=1 Z7=1 C7=1 R7=1 S7=1 Y6=1 X6=1 Z6=1 C6=1 R6=1 S6=1 Y5=1 X5=1 Z5=1 C5=1 R5=1 S5=1 Y4=1 X4=1 Z4=1 C4=1 R4=1 S4=1 Y3=1 X3=1 Z3=1 C3=1 R3=1 S3=1 Y2=1 X2=1 Z2=1 C2=1 R2=1 S2=1 Y1=1 X1=1 Z1=1 C1=1 R1=1 S1=1 Y0=1 X0=1 Z0=1 C0=1 R0=1 S0=1] WRegister[P=1 Q=1 Z7=1 C7=2 R7=3 S7=1 Y6=1 X6=1 Z6=1 C6=1 R6=1 S6=1 Y5=1 X5=1 Z5=1 C5=1 R5=3 S5=1 Y4=1 X4=1 Z4=1 C4=1 R4=3 S4=1 Y3=1 X3=1 Z3=1 C3=1 R3=3 S3=1 Y2=1 X2=1 Z2=1 C2=1 R2=3 S2=1 Y1=1 X1=1 Z1=1 C1=1 R1=1 S1=1 Y0=1 X0=1 Z0=1 C0=1 R0=5 S0=1] IntermediateRegister[P=1 Q=1 Z7=1 C7=1 R7=1 S7=1 Y6=1 X6=1 Z6=1 C6=1 R6=1 S6=1 Y5=1 X5=1 Z5=1 C5=1 R5=1 S5=1 Y4=1 X4=1 Z4=1 C4=1 R4=1 S4=1 Y3=1 X3=1 Z3=1 C3=1 R3=1 S3=1 Y2=1 X2=1 Z2=1 C2=1 R2=1 S2=1 Y1=1 X1=1 Z1=1 C1=1 R1=1 S1=1 Y0=1 X0=1 Z0=1 C0=1 R0=1 S0=1] OutRegister[P=1 Q=1 Z7=1 C7=1 R7=1 S7=1 Y6=1 X6=1 Z6=1 C6=1 R6=1 S6=1 Y5=1 X5=1 Z5=1 C5=1 R5=1 S5=1 Y4=1 X4=1 Z4=1 C4=1 R4=1 S4=1 Y3=1 X3=1 Z3=1 C3=1 R3=1 S3=1 Y2=1 X2=1 Z2=1 C2=1 R2=1 S2=1 Y1=1 X1=1 Z1=1 C1=1 R1=1 S1=1 Y0=1 X0=1 Z0=1 C0=1 R0=1 S0=1] Compute] 
fsrcnn_8layer_2026-02-25T17:12:38.535276,fsrcnn,8layer,full,8,eyeriss,thesis_arch,1056,524,128,128,64,120,False,True,,3.368e+04,1.918e+07,6.67e+05,"(31557100392, 12312518400)",1.0943155036348858e-05,0.18947052955627441,DRAM[P=540 Q=8 Z7=1 C7=1 R7=1 S7=1 Y6=540 X6=8 Z6=1 C6=1 R6=1 S6=1 Y5=540 X5=8 Z5=1 C5=1 R5=1 S5=1 Y4=540 X4=8 Z4=1 C4=1 R4=1 S4=1 Y3=540 X3=8 Z3=1 C3=1 R3=1 S3=1 Y2=540 X2=8 Z2=1 C2=1 R2=1 S2=1 Y1=540 X1=8 Z1=1 C1=1 R1=1 S1=1 Y0=540 X0=8 Z0=1 C0=1 R0=1 S0=1] GlobalBuffer[P=1 Q=30 Z7=1 C7=1 R7=1 S7=1 Y6=1 X6=120 Z6=1 C6=1 R6=1 S6=1 Y5=1 X5=24 Z5=1 C5=1 R5=1 S5=1 Y4=1 X4=24 Z4=1 C4=1 R4=1 S4=1 Y3=1 X3=24 Z3=1 C3=1 R3=1 S3=1 Y2=1 X2=24 Z2=1 C2=1 R2=1 S2=1 Y1=1 X1=24 Z1=1 C1=1 R1=1 S1=1 Y0=1 X0=120 Z0=1 C0=1 R0=1 S0=1] SACols[Q=4 Z7=16] SARows[S7=3 C7=28 Z7=1] SACols_6[X6=1 Z6=56] SARows_6[S6=1 C6=12 Z6=1] SACols_5[X5=5 Z5=12] SARows_5[S5=3 C5=12 Z5=1] SACols_4[X4=5 Z4=12] SARows_4[S4=3 C4=12 Z4=1] SACols_3[X3=5 Z3=12] SARows_3[S3=3 C3=12 Z3=1] SACols_2[X2=5 Z2=12] SARows_2[S2=3 C2=12 Z2=1] SACols_1[X1=5 Z1=12] SARows_1[S1=1 C1=56 Z1=1] SACols_0[X0=1 Z0=56] SARows_0[S0=5 C0=3 Z0=1] InRegister[P=1 Q=1 Z7=1 C7=1 R7=1 S7=1 Y6=1 X6=1 Z6=1 C6=1 R6=1 S6=1 Y5=1 X5=1 Z5=1 C5=1 R5=1 S5=1 Y4=1 X4=1 Z4=1 C4=1 R4=1 S4=1 Y3=1 X3=1 Z3=1 C3=1 R3=1 S3=1 Y2=1 X2=1 Z2=1 C2=1 R2=1 S2=1 Y1=1 X1=1 Z1=1 C1=1 R1=1 S1=1 Y0=1 X0=1 Z0=1 C0=1 R0=1 S0=1] WRegister[P=1 Q=1 Z7=1 C7=2 R7=3 S7=1 Y6=1 X6=1 Z6=1 C6=1 R6=1 S6=1 Y5=1 X5=1 Z5=1 C5=1 R5=3 S5=1 Y4=1 X4=1 Z4=1 C4=1 R4=3 S4=1 Y3=1 X3=1 Z3=1 C3=1 R3=3 S3=1 Y2=1 X2=1 Z2=1 C2=1 R2=3 S2=1 Y1=1 X1=1 Z1=1 C1=1 R1=1 S1=1 Y0=1 X0=1 Z0=1 C0=1 R0=5 S0=1] IntermediateRegister[P=1 Q=1 Z7=1 C7=1 R7=1 S7=1 Y6=1 X6=1 Z6=1 C6=1 R6=1 S6=1 Y5=1 X5=1 Z5=1 C5=1 R5=1 S5=1 Y4=1 X4=1 Z4=1 C4=1 R4=1 S4=1 Y3=1 X3=1 Z3=1 C3=1 R3=1 S3=1 Y2=1 X2=1 Z2=1 C2=1 R2=1 S2=1 Y1=1 X1=1 Z1=1 C1=1 R1=1 S1=1 Y0=1 X0=1 Z0=1 C0=1 R0=1 S0=1] OutRegister[P=1 Q=1 Z7=1 C7=1 R7=1 S7=1 Y6=1 X6=1 Z6=1 C6=1 R6=1 S6=1 Y5=1 X5=1 Z5=1 C5=1 R5=1 S5=1 Y4=1 X4=1 Z4=1 C4=1 R4=1 S4=1 Y3=1 X3=1 Z3=1 C3=1 R3=1 S3=1 Y2=1 X2=1 Z2=1 C2=1 R2=1 S2=1 Y1=1 X1=1 Z1=1 C1=1 R1=1 S1=1 Y0=1 X0=1 Z0=1 C0=1 R0=1 S0=1] Compute] 
fsrcnn_8layer_2026-02-25T17:12:39.291093,fsrcnn,8layer,full,8,eyeriss,thesis_arch,1056,524,128,128,128,120,False,True,,3.368e+04,1.889e+07,6.56e+05,"(31557100392, 12312518400)",1.0943155036348858e-05,0.19082260131835938,DRAM[P=540 Q=8 Z7=1 C7=1 R7=1 S7=1 Y6=540 X6=8 Z6=1 C6=1 R6=1 S6=1 Y5=540 X5=8 Z5=1 C5=1 R5=1 S5=1 Y4=540 X4=8 Z4=1 C4=1 R4=1 S4=1 Y3=540 X3=8 Z3=1 C3=1 R3=1 S3=1 Y2=540 X2=8 Z2=1 C2=1 R2=1 S2=1 Y1=540 X1=8 Z1=1 C1=1 R1=1 S1=1 Y0=540 X0=8 Z0=1 C0=1 R0=1 S0=1] GlobalBuffer[P=1 Q=15 Z7=1 C7=1 R7=1 S7=1 Y6=1 X6=60 Z6=1 C6=1 R6=1 S6=1 Y5=1 X5=12 Z5=1 C5=1 R5=1 S5=1 Y4=1 X4=12 Z4=1 C4=1 R4=1 S4=1 Y3=1 X3=12 Z3=1 C3=1 R3=1 S3=1 Y2=1 X2=12 Z2=1 C2=1 R2=1 S2=1 Y1=1 X1=12 Z1=1 C1=1 R1=1 S1=1 Y0=1 X0=60 Z0=1 C0=1 R0=1 S0=1] SACols[Q=8 Z7=16] SARows[S7=3 C7=28 Z7=1] SACols_6[X6=2 Z6=56] SARows_6[S6=1 C6=12 Z6=1] SACols_5[X5=10 Z5=12] SARows_5[S5=3 C5=12 Z5=1] SACols_4[X4=10 Z4=12] SARows_4[S4=3 C4=12 Z4=1] SACols_3[X3=10 Z3=12] SARows_3[S3=3 C3=12 Z3=1] SACols_2[X2=10 Z2=12] SARows_2[S2=3 C2=12 Z2=1] SACols_1[X1=10 Z1=12] SARows_1[S1=1 C1=56 Z1=1] SACols_0[X0=2 Z0=56] SARows_0[S0=5 C0=3 Z0=1] InRegister[P=1 Q=1 Z7=1 C7=1 R7=1 S7=1 Y6=1 X6=1 Z6=1 C6=1 R6=1 S6=1 Y5=1 X5=1 Z5=1 C5=1 R5=1 S5=1 Y4=1 X4=1 Z4=1 C4=1 R4=1 S4=1 Y3=1 X3=1 Z3=1 C3=1 R3=1 S3=1 Y2=1 X2=1 Z2=1 C2=1 R2=1 S2=1 Y1=1 X1=1 Z1=1 C1=1 R1=1 S1=1 Y0=1 X0=1 Z0=1 C0=1 R0=1 S0=1] WRegister[P=1 Q=1 Z7=1 C7=2 R7=3 S7=1 Y6=1 X6=1 Z6=1 C6=1 R6=1 S6=1 Y5=1 X5=1 Z5=1 C5=1 R5=3 S5=1 Y4=1 X4=1 Z4=1 C4=1 R4=3 S4=1 Y3=1 X3=1 Z3=1 C3=1 R3=3 S3=1 Y2=1 X2=1 Z2=1 C2=1 R2=3 S2=1 Y1=1 X1=1 Z1=1 C1=1 R1=1 S1=1 Y0=1 X0=1 Z0=1 C0=1 R0=5 S0=1] IntermediateRegister[P=1 Q=1 Z7=1 C7=1 R7=1 S7=1 Y6=1 X6=1 Z6=1 C6=1 R6=1 S6=1 Y5=1 X5=1 Z5=1 C5=1 R5=1 S5=1 Y4=1 X4=1 Z4=1 C4=1 R4=1 S4=1 Y3=1 X3=1 Z3=1 C3=1 R3=1 S3=1 Y2=1 X2=1 Z2=1 C2=1 R2=1 S2=1 Y1=1 X1=1 Z1=1 C1=1 R1=1 S1=1 Y0=1 X0=1 Z0=1 C0=1 R0=1 S0=1] OutRegister[P=1 Q=1 Z7=1 C7=1 R7=1 S7=1 Y6=1 X6=1 Z6=1 C6=1 R6=1 S6=1 Y5=1 X5=1 Z5=1 C5=1 R5=1 S5=1 Y4=1 X4=1 Z4=1 C4=1 R4=1 S4=1 Y3=1 X3=1 Z3=1 C3=1 R3=1 S3=1 Y2=1 X2=1 Z2=1 C2=1 R2=1 S2=1 Y1=1 X1=1 Z1=1 C1=1 R1=1 S1=1 Y0=1 X0=1 Z0=1 C0=1 R0=1 S0=1] Compute] 
fsrcnn_8layer_2026-02-25T17:12:39.957858,fsrcnn,8layer,full,8,eyeriss,thesis_arch,1056,524,128,256,4,120,False,True,,3.368e+04,1.944e+07,6.68e+05,"(31557100392, 12312518400)",0.0073438270306525055,0.21964526176452637,DRAM[P=540 Q=8 Z7=1 C7=1 R7=1 S7=1 Y6=540 X6=8 Z6=1 C6=1 R6=1 S6=1 Y5=540 X5=8 Z5=1 C5=1 R5=1 S5=1 Y4=540 X4=8 Z4=1 C4=1 R4=1 S4=1 Y3=540 X3=8 Z3=1 C3=1 R3=1 S3=1 Y2=540 X2=8 Z2=1 C2=1 R2=1 S2=1 Y1=540 X1=8 Z1=1 C1=1 R1=1 S1=1 Y0=540 X0=8 Z0=1 C0=1 R0=1 S0=1] GlobalBuffer[P=1 Q=120 Z7=1 C7=1 R7=1 S7=1 Y6=1 X6=120 Z6=1 C6=1 R6=1 S6=1 Y5=1 X5=120 Z5=1 C5=1 R5=1 S5=1 Y4=1 X4=120 Z4=1 C4=1 R4=1 S4=1 Y3=1 X3=120 Z3=1 C3=1 R3=1 S3=1 Y2=1 X2=120 Z2=1 C2=1 R2=1 S2=1 Y1=1 X1=120 Z1=1 C1=1 R1=1 S1=1 Y0=1 X0=120 Z0=1 C0=1 R0=1 S0=1] SACols[Q=1 Z7=4] SARows[S7=3 C7=56 Z7=1] SACols_6[X6=1 Z6=4] SARows_6[S6=1 C6=12 Z6=14] SACols_5[X5=1 Z5=4] SARows_5[S5=3 C5=12 Z5=3] SACols_4[X4=1 Z4=4] SARows_4[S4=3 C4=12 Z4=3] SACols_3[X3=1 Z3=4] SARows_3[S3=3 C3=12 Z3=3] SACols_2[X2=1 Z2=4] SARows_2[S2=3 C2=12 Z2=3] SACols_1[X1=1 Z1=4] SARows_1[S1=1 C1=56 Z1=3] SACols_0[X0=1 Z0=4] SARows_0[S0=5 C0=3 Z0=14] InRegister[P=1 Q=1 Z7=1 C7=1 R7=1 S7=1 Y6=1 X6=1 Z6=1 C6=1 R6=1 S6=1 Y5=1 X5=1 Z5=1 C5=1 R5=1 S5=1 Y4=1 X4=1 Z4=1 C4=1 R4=1 S4=1 Y3=1 X3=1 Z3=1 C3=1 R3=1 S3=1 Y2=1 X2=1 Z2=1 C2=1 R2=1 S2=1 Y1=1 X1=1 Z1=1 C1=1 R1=1 S1=1 Y0=1 X0=1 Z0=1 C0=1 R0=1 S0=1] WRegister[P=1 Q=1 Z7=1 C7=1 R7=3 S7=1 Y6=1 X6=1 Z6=1 C6=1 R6=1 S6=1 Y5=1 X5=1 Z5=1 C5=1 R5=3 S5=1 Y4=1 X4=1 Z4=1 C4=1 R4=3 S4=1 Y3=1 X3=1 Z3=1 C3=1 R3=3 S3=1 Y2=1 X2=1 Z2=1 C2=1 R2=3 S2=1 Y1=1 X1=1 Z1=1 C1=1 R1=1 S1=1 Y0=1 X0=1 Z0=1 C0=1 R0=5 S0=1] IntermediateRegister[P=1 Q=1 Z7=1 C7=1 R7=1 S7=1 Y6=1 X6=1 Z6=1 C6=1 R6=1 S6=1 Y5=1 X5=1 Z5=1 C5=1 R5=1 S5=1 Y4=1 X4=1 Z4=1 C4=1 R4=1 S4=1 Y3=1 X3=1 Z3=1 C3=1 R3=1 S3=1 Y2=1 X2=1 Z2=1 C2=1 R2=1 S2=1 Y1=1 X1=1 Z1=1 C1=1 R1=1 S1=1 Y0=1 X0=1 Z0=1 C0=1 R0=1 S0=1] OutRegister[P=1 Q=1 Z7=4 C7=1 R7=1 S7=1 Y6=1 X6=1 Z6=1 C6=1 R6=1 S6=1 Y5=1 X5=1 Z5=1 C5=1 R5=1 S5=1 Y4=1 X4=1 Z4=1 C4=1 R4=1 S4=1 Y3=1 X3=1 Z3=1 C3=1 R3=1 S3=1 Y2=1 X2=1 Z2=1 C2=1 R2=1 S2=1 Y1=1 X1=1 Z1=1 C1=1 R1=1 S1=1 Y0=1 X0=1 Z0=1 C0=1 R0=1 S0=1] Compute] 
fsrcnn_8layer_2026-02-25T17:12:40.759136,fsrcnn,8layer,full,8,eyeriss,thesis_arch,1056,524,128,256,16,120,False,True,,3.368e+04,1.918e+07,6.67e+05,"(31557100392, 12312518400)",4.482316302888492e-07,0.21546053886413574,DRAM[P=540 Q=8 Z7=1 C7=1 R7=1 S7=1 Y6=540 X6=8 Z6=1 C6=1 R6=1 S6=1 Y5=540 X5=8 Z5=1 C5=1 R5=1 S5=1 Y4=540 X4=8 Z4=1 C4=1 R4=1 S4=1 Y3=540 X3=8 Z3=1 C3=1 R3=1 S3=1 Y2=540 X2=8 Z2=1 C2=1 R2=1 S2=1 Y1=540 X1=8 Z1=1 C1=1 R1=1 S1=1 Y0=540 X0=8 Z0=1 C0=1 R0=1 S0=1] GlobalBuffer[P=1 Q=120 Z7=1 C7=1 R7=1 S7=1 Y6=1 X6=120 Z6=1 C6=1 R6=1 S6=1 Y5=1 X5=120 Z5=1 C5=1 R5=1 S5=1 Y4=1 X4=120 Z4=1 C4=1 R4=1 S4=1 Y3=1 X3=120 Z3=1 C3=1 R3=1 S3=1 Y2=1 X2=120 Z2=1 C2=1 R2=1 S2=1 Y1=1 X1=120 Z1=1 C1=1 R1=1 S1=1 Y0=1 X0=120 Z0=1 C0=1 R0=1 S0=1] SACols[Q=1 Z7=16] SARows[S7=3 C7=56 Z7=1] SACols_6[X6=1 Z6=14] SARows_6[S6=1 C6=12 Z6=4] SACols_5[X5=1 Z5=12] SARows_5[S5=3 C5=12 Z5=1] SACols_4[X4=1 Z4=12] SARows_4[S4=3 C4=12 Z4=1] SACols_3[X3=1 Z3=12] SARows_3[S3=3 C3=12 Z3=1] SACols_2[X2=1 Z2=12] SARows_2[S2=3 C2=12 Z2=1] SACols_1[X1=1 Z1=12] SARows_1[S1=1 C1=56 Z1=1] SACols_0[X0=1 Z0=14] SARows_0[S0=5 C0=3 Z0=4] InRegister[P=1 Q=1 Z7=1 C7=1 R7=1 S7=1 Y6=1 X6=1 Z6=1 C6=1 R6=1 S6=1 Y5=1 X5=1 Z5=1 C5=1 R5=1 S5=1 Y4=1 X4=1 Z4=1 C4=1 R4=1 S4=1 Y3=1 X3=1 Z3=1 C3=1 R3=1 S3=1 Y2=1 X2=1 Z2=1 C2=1 R2=1 S2=1 Y1=1 X1=1 Z1=1 C1=1 R1=1 S1=1 Y0=1 X0=1 Z0=1 C0=1 R0=1 S0=1] WRegister[P=1 Q=1 Z7=1 C7=1 R7=3 S7=1 Y6=1 X6=1 Z6=1 C6=1 R6=1 S6=1 Y5=1 X5=1 Z5=1 C5=1 R5=3 S5=1 Y4=1 X4=1 Z4=1 C4=1 R4=3 S4=1 Y3=1 X3=1 Z3=1 C3=1 R3=3 S3=1 Y2=1 X2=1 Z2=1 C2=1 R2=3 S2=1 Y1=1 X1=1 Z1=1 C1=1 R1=1 S1=1 Y0=1 X0=1 Z0=1 C0=1 R0=5 S0=1] IntermediateRegister[P=1 Q=1 Z7=1 C7=1 R7=1 S7=1 Y6=1 X6=1 Z6=1 C6=1 R6=1 S6=1 Y5=1 X5=1 Z5=1 C5=1 R5=1 S5=1 Y4=1 X4=1 Z4=1 C4=1 R4=1 S4=1 Y3=1 X3=1 Z3=1 C3=1 R3=1 S3=1 Y2=1 X2=1 Z2=1 C2=1 R2=1 S2=1 Y1=1 X1=1 Z1=1 C1=1 R1=1 S1=1 Y0=1 X0=1 Z0=1 C0=1 R0=1 S0=1] OutRegister[P=1 Q=1 Z7=1 C7=1 R7=1 S7=1 Y6=1 X6=1 Z6=1 C6=1 R6=1 S6=1 Y5=1 X5=1 Z5=1 C5=1 R5=1 S5=1 Y4=1 X4=1 Z4=1 C4=1 R4=1 S4=1 Y3=1 X3=1 Z3=1 C3=1 R3=1 S3=1 Y2=1 X2=1 Z2=1 C2=1 R2=1 S2=1 Y1=1 X1=1 Z1=1 C1=1 R1=1 S1=1 Y0=1 X0=1 Z0=1 C0=1 R0=1 S0=1] Compute] 
fsrcnn_8layer_2026-02-25T17:12:41.409223,fsrcnn,8layer,full,8,eyeriss,thesis_arch,1056,524,128,256,32,120,False,True,,3.368e+04,1.918e+07,6.67e+05,"(31557100392, 12312518400)",1.120579075722123e-07,0.12320685386657715,DRAM[P=540 Q=8 Z7=1 C7=1 R7=1 S7=1 Y6=540 X6=8 Z6=1 C6=1 R6=1 S6=1 Y5=540 X5=8 Z5=1 C5=1 R5=1 S5=1 Y4=540 X4=8 Z4=1 C4=1 R4=1 S4=1 Y3=540 X3=8 Z3=1 C3=1 R3=1 S3=1 Y2=540 X2=8 Z2=1 C2=1 R2=1 S2=1 Y1=540 X1=8 Z1=1 C1=1 R1=1 S1=1 Y0=540 X0=8 Z0=1 C0=1 R0=1 S0=1] GlobalBuffer[P=1 Q=60 Z7=1 C7=1 R7=1 S7=1 Y6=1 X6=120 Z6=1 C6=1 R6=1 S6=1 Y5=1 X5=60 Z5=1 C5=1 R5=1 S5=1 Y4=1 X4=60 Z4=1 C4=1 R4=1 S4=1 Y3=1 X3=60 Z3=1 C3=1 R3=1 S3=1 Y2=1 X2=60 Z2=1 C2=1 R2=1 S2=1 Y1=1 X1=60 Z1=1 C1=1 R1=1 S1=1 Y0=1 X0=120 Z0=1 C0=1 R0=1 S0=1] SACols[Q=2 Z7=16] SARows[S7=3 C7=56 Z7=1] SACols_6[X6=1 Z6=28] SARows_6[S6=1 C6=12 Z6=2] SACols_5[X5=2 Z5=12] SARows_5[S5=3 C5=12 Z5=1] SACols_4[X4=2 Z4=12] SARows_4[S4=3 C4=12 Z4=1] SACols_3[X3=2 Z3=12] SARows_3[S3=3 C3=12 Z3=1] SACols_2[X2=2 Z2=12] SARows_2[S2=3 C2=12 Z2=1] SACols_1[X1=2 Z1=12] SARows_1[S1=1 C1=56 Z1=1] SACols_0[X0=1 Z0=28] SARows_0[S0=5 C0=3 Z0=2] InRegister[P=1 Q=1 Z7=1 C7=1 R7=1 S7=1 Y6=1 X6=1 Z6=1 C6=1 R6=1 S6=1 Y5=1 X5=1 Z5=1 C5=1 R5=1 S5=1 Y4=1 X4=1 Z4=1 C4=1 R4=1 S4=1 Y3=1 X3=1 Z3=1 C3=1 R3=1 S3=1 Y2=1 X2=1 Z2=1 C2=1 R2=1 S2=1 Y1=1 X1=1 Z1=1 C1=1 R1=1 S1=1 Y0=1 X0=1 Z0=1 C0=1 R0=1 S0=1] WRegister[P=1 Q=1 Z7=1 C7=1 R7=3 S7=1 Y6=1 X6=1 Z6=1 C6=1 R6=1 S6=1 Y5=1 X5=1 Z5=1 C5=1 R5=3 S5=1 Y4=1 X4=1 Z4=1 C4=1 R4=3 S4=1 Y3=1 X3=1 Z3=1 C3=1 R3=3 S3=1 Y2=1 X2=1 Z2=1 C2=1 R2=3 S2=1 Y1=1 X1=1 Z1=1 C1=1 R1=1 S1=1 Y0=1 X0=1 Z0=1 C0=1 R0=5 S0=1] IntermediateRegister[P=1 Q=1 Z7=1 C7=1 R7=1 S7=1 Y6=1 X6=1 Z6=1 C6=1 R6=1 S6=1 Y5=1 X5=1 Z5=1 C5=1 R5=1 S5=1 Y4=1 X4=1 Z4=1 C4=1 R4=1 S4=1 Y3=1 X3=1 Z3=1 C3=1 R3=1 S3=1 Y2=1 X2=1 Z2=1 C2=1 R2=1 S2=1 Y1=1 X1=1 Z1=1 C1=1 R1=1 S1=1 Y0=1 X0=1 Z0=1 C0=1 R0=1 S0=1] OutRegister[P=1 Q=1 Z7=1 C7=1 R7=1 S7=1 Y6=1 X6=1 Z6=1 C6=1 R6=1 S6=1 Y5=1 X5=1 Z5=1 C5=1 R5=1 S5=1 Y4=1 X4=1 Z4=1 C4=1 R4=1 S4=1 Y3=1 X3=1 Z3=1 C3=1 R3=1 S3=1 Y2=1 X2=1 Z2=1 C2=1 R2=1 S2=1 Y1=1 X1=1 Z1=1 C1=1 R1=1 S1=1 Y0=1 X0=1 Z0=1 C0=1 R0=1 S0=1] Compute] 
fsrcnn_8layer_2026-02-25T17:12:41.833053,fsrcnn,8layer,full,8,eyeriss,thesis_arch,1056,524,128,256,64,120,False,True,,3.368e+04,1.918e+07,6.67e+05,"(31557100392, 12312518400)",8.549339872147545e-08,0.3077688217163086,DRAM[P=540 Q=8 Z7=1 C7=1 R7=1 S7=1 Y6=540 X6=8 Z6=1 C6=1 R6=1 S6=1 Y5=540 X5=8 Z5=1 C5=1 R5=1 S5=1 Y4=540 X4=8 Z4=1 C4=1 R4=1 S4=1 Y3=540 X3=8 Z3=1 C3=1 R3=1 S3=1 Y2=540 X2=8 Z2=1 C2=1 R2=1 S2=1 Y1=540 X1=8 Z1=1 C1=1 R1=1 S1=1 Y0=540 X0=8 Z0=1 C0=1 R0=1 S0=1] GlobalBuffer[P=1 Q=30 Z7=1 C7=1 R7=1 S7=1 Y6=1 X6=120 Z6=1 C6=1 R6=1 S6=1 Y5=1 X5=24 Z5=1 C5=1 R5=1 S5=1 Y4=1 X4=24 Z4=1 C4=1 R4=1 S4=1 Y3=1 X3=24 Z3=1 C3=1 R3=1 S3=1 Y2=1 X2=24 Z2=1 C2=1 R2=1 S2=1 Y1=1 X1=24 Z1=1 C1=1 R1=1 S1=1 Y0=1 X0=120 Z0=1 C0=1 R0=1 S0=1] SACols[Q=4 Z7=16] SARows[S7=3 C7=56 Z7=1] SACols_6[X6=1 Z6=56] SARows_6[S6=1 C6=12 Z6=1] SACols_5[X5=5 Z5=12] SARows_5[S5=3 C5=12 Z5=1] SACols_4[X4=5 Z4=12] SARows_4[S4=3 C4=12 Z4=1] SACols_3[X3=5 Z3=12] SARows_3[S3=3 C3=12 Z3=1] SACols_2[X2=5 Z2=12] SARows_2[S2=3 C2=12 Z2=1] SACols_1[X1=5 Z1=12] SARows_1[S1=1 C1=56 Z1=1] SACols_0[X0=1 Z0=56] SARows_0[S0=5 C0=3 Z0=1] InRegister[P=1 Q=1 Z7=1 C7=1 R7=1 S7=1 Y6=1 X6=1 Z6=1 C6=1 R6=1 S6=1 Y5=1 X5=1 Z5=1 C5=1 R5=1 S5=1 Y4=1 X4=1 Z4=1 C4=1 R4=1 S4=1 Y3=1 X3=1 Z3=1 C3=1 R3=1 S3=1 Y2=1 X2=1 Z2=1 C2=1 R2=1 S2=1 Y1=1 X1=1 Z1=1 C1=1 R1=1 S1=1 Y0=1 X0=1 Z0=1 C0=1 R0=1 S0=1] WRegister[P=1 Q=1 Z7=1 C7=1 R7=3 S7=1 Y6=1 X6=1 Z6=1 C6=1 R6=1 S6=1 Y5=1 X5=1 Z5=1 C5=1 R5=3 S5=1 Y4=1 X4=1 Z4=1 C4=1 R4=3 S4=1 Y3=1 X3=1 Z3=1 C3=1 R3=3 S3=1 Y2=1 X2=1 Z2=1 C2=1 R2=3 S2=1 Y1=1 X1=1 Z1=1 C1=1 R1=1 S1=1 Y0=1 X0=1 Z0=1 C0=1 R0=5 S0=1] IntermediateRegister[P=1 Q=1 Z7=1 C7=1 R7=1 S7=1 Y6=1 X6=1 Z6=1 C6=1 R6=1 S6=1 Y5=1 X5=1 Z5=1 C5=1 R5=1 S5=1 Y4=1 X4=1 Z4=1 C4=1 R4=1 S4=1 Y3=1 X3=1 Z3=1 C3=1 R3=1 S3=1 Y2=1 X2=1 Z2=1 C2=1 R2=1 S2=1 Y1=1 X1=1 Z1=1 C1=1 R1=1 S1=1 Y0=1 X0=1 Z0=1 C0=1 R0=1 S0=1] OutRegister[P=1 Q=1 Z7=1 C7=1 R7=1 S7=1 Y6=1 X6=1 Z6=1 C6=1 R6=1 S6=1 Y5=1 X5=1 Z5=1 C5=1 R5=1 S5=1 Y4=1 X4=1 Z4=1 C4=1 R4=1 S4=1 Y3=1 X3=1 Z3=1 C3=1 R3=1 S3=1 Y2=1 X2=1 Z2=1 C2=1 R2=1 S2=1 Y1=1 X1=1 Z1=1 C1=1 R1=1 S1=1 Y0=1 X0=1 Z0=1 C0=1 R0=1 S0=1] Compute] 
fsrcnn_8layer_2026-02-25T17:12:42.484701,fsrcnn,8layer,full,8,eyeriss,thesis_arch,1056,524,128,512,4,120,False,True,,3.368e+04,1.918e+07,6.62e+05,"(31557100392, 12312518400)",5.73736486769727e-05,0.14825177192687988,DRAM[P=540 Q=8 Z7=1 C7=1 R7=1 S7=1 Y6=540 X6=8 Z6=1 C6=1 R6=1 S6=1 Y5=540 X5=8 Z5=1 C5=1 R5=1 S5=1 Y4=540 X4=8 Z4=1 C4=1 R4=1 S4=1 Y3=540 X3=8 Z3=1 C3=1 R3=1 S3=1 Y2=540 X2=8 Z2=1 C2=1 R2=1 S2=1 Y1=540 X1=8 Z1=1 C1=1 R1=1 S1=1 Y0=540 X0=8 Z0=1 C0=1 R0=1 S0=1] GlobalBuffer[P=1 Q=120 Z7=1 C7=1 R7=1 S7=1 Y6=1 X6=120 Z6=1 C6=1 R6=1 S6=1 Y5=1 X5=120 Z5=1 C5=1 R5=1 S5=1 Y4=1 X4=120 Z4=1 C4=1 R4=1 S4=1 Y3=1 X3=120 Z3=1 C3=1 R3=1 S3=1 Y2=1 X2=120 Z2=1 C2=1 R2=1 S2=1 Y1=1 X1=120 Z1=1 C1=1 R1=1 S1=1 Y0=1 X0=120 Z0=1 C0=1 R0=1 S0=1] SACols[Q=1 Z7=4] SARows[S7=3 C7=56 Z7=2] SACols_6[X6=1 Z6=4] SARows_6[S6=1 C6=12 Z6=14] SACols_5[X5=1 Z5=4] SARows_5[S5=3 C5=12 Z5=3] SACols_4[X4=1 Z4=4] SARows_4[S4=3 C4=12 Z4=3] SACols_3[X3=1 Z3=4] SARows_3[S3=3 C3=12 Z3=3] SACols_2[X2=1 Z2=4] SARows_2[S2=3 C2=12 Z2=3] SACols_1[X1=1 Z1=4] SARows_1[S1=1 C1=56 Z1=3] SACols_0[X0=1 Z0=4] SARows_0[S0=5 C0=3 Z0=14] InRegister[P=1 Q=1 Z7=1 C7=1 R7=1 S7=1 Y6=1 X6=1 Z6=1 C6=1 R6=1 S6=1 Y5=1 X5=1 Z5=1 C5=1 R5=1 S5=1 Y4=1 X4=1 Z4=1 C4=1 R4=1 S4=1 Y3=1 X3=1 Z3=1 C3=1 R3=1 S3=1 Y2=1 X2=1 Z2=1 C2=1 R2=1 S2=1 Y1=1 X1=1 Z1=1 C1=1 R1=1 S1=1 Y0=1 X0=1 Z0=1 C0=1 R0=1 S0=1] WRegister[P=1 Q=1 Z7=1 C7=1 R7=3 S7=1 Y6=1 X6=1 Z6=1 C6=1 R6=1 S6=1 Y5=1 X5=1 Z5=1 C5=1 R5=3 S5=1 Y4=1 X4=1 Z4=1 C4=1 R4=3 S4=1 Y3=1 X3=1 Z3=1 C3=1 R3=3 S3=1 Y2=1 X2=1 Z2=1 C2=1 R2=3 S2=1 Y1=1 X1=1 Z1=1 C1=1 R1=1 S1=1 Y0=1 X0=1 Z0=1 C0=1 R0=5 S0=1] IntermediateRegister[P=1 Q=1 Z7=1 C7=1 R7=1 S7=1 Y6=1 X6=1 Z6=1 C6=1 R6=1 S6=1 Y5=1 X5=1 Z5=1 C5=1 R5=1 S5=1 Y4=1 X4=1 Z4=1 C4=1 R4=1 S4=1 Y3=1 X3=1 Z3=1 C3=1 R3=1 S3=1 Y2=1 X2=1 Z2=1 C2=1 R2=1 S2=1 Y1=1 X1=1 Z1=1 C1=1 R1=1 S1=1 Y0=1 X0=1 Z0=1 C0=1 R0=1 S0=1] OutRegister[P=1 Q=1 Z7=2 C7=1 R7=1 S7=1 Y6=1 X6=1 Z6=1 C6=1 R6=1 S6=1 Y5=1 X5=1 Z5=1 C5=1 R5=1 S5=1 Y4=1 X4=1 Z4=1 C4=1 R4=1 S4=1 Y3=1 X3=1 Z3=1 C3=1 R3=1 S3=1 Y2=1 X2=1 Z2=1 C2=1 R2=1 S2=1 Y1=1 X1=1 Z1=1 C1=1 R1=1 S1=1 Y0=1 X0=1 Z0=1 C0=1 R0=1 S0=1] Compute] 
fsrcnn_8layer_2026-02-25T17:12:43.163777,fsrcnn,8layer,full,8,eyeriss,thesis_arch,1056,524,128,512,16,120,False,True,,3.368e+04,1.918e+07,6.67e+05,"(31557100392, 12312518400)",1.7509048058158172e-09,0.19301128387451172,DRAM[P=540 Q=8 Z7=1 C7=1 R7=1 S7=1 Y6=540 X6=8 Z6=1 C6=1 R6=1 S6=1 Y5=540 X5=8 Z5=1 C5=1 R5=1 S5=1 Y4=540 X4=8 Z4=1 C4=1 R4=1 S4=1 Y3=540 X3=8 Z3=1 C3=1 R3=1 S3=1 Y2=540 X2=8 Z2=1 C2=1 R2=1 S2=1 Y1=540 X1=8 Z1=1 C1=1 R1=1 S1=1 Y0=540 X0=8 Z0=1 C0=1 R0=1 S0=1] GlobalBuffer[P=1 Q=120 Z7=1 C7=1 R7=1 S7=1 Y6=1 X6=120 Z6=1 C6=1 R6=1 S6=1 Y5=1 X5=120 Z5=1 C5=1 R5=1 S5=1 Y4=1 X4=120 Z4=1 C4=1 R4=1 S4=1 Y3=1 X3=120 Z3=1 C3=1 R3=1 S3=1 Y2=1 X2=120 Z2=1 C2=1 R2=1 S2=1 Y1=1 X1=120 Z1=1 C1=1 R1=1 S1=1 Y0=1 X0=120 Z0=1 C0=1 R0=1 S0=1] SACols[Q=1 Z7=16] SARows[S7=3 C7=56 Z7=1] SACols_6[X6=1 Z6=14] SARows_6[S6=1 C6=12 Z6=4] SACols_5[X5=1 Z5=12] SARows_5[S5=3 C5=12 Z5=1] SACols_4[X4=1 Z4=12] SARows_4[S4=3 C4=12 Z4=1] SACols_3[X3=1 Z3=12] SARows_3[S3=3 C3=12 Z3=1] SACols_2[X2=1 Z2=12] SARows_2[S2=3 C2=12 Z2=1] SACols_1[X1=1 Z1=12] SARows_1[S1=1 C1=56 Z1=1] SACols_0[X0=1 Z0=14] SARows_0[S0=5 C0=3 Z0=4] InRegister[P=1 Q=1 Z7=1 C7=1 R7=1 S7=1 Y6=1 X6=1 Z6=1 C6=1 R6=1 S6=1 Y5=1 X5=1 Z5=1 C5=1 R5=1 S5=1 Y4=1 X4=1 Z4=1 C4=1 R4=1 S4=1 Y3=1 X3=1 Z3=1 C3=1 R3=1 S3=1 Y2=1 X2=1 Z2=1 C2=1 R2=1 S2=1 Y1=1 X1=1 Z1=1 C1=1 R1=1 S1=1 Y0=1 X0=1 Z0=1 C0=1 R0=1 S0=1] WRegister[P=1 Q=1 Z7=1 C7=1 R7=3 S7=1 Y6=1 X6=1 Z6=1 C6=1 R6=1 S6=1 Y5=1 X5=1 Z5=1 C5=1 R5=3 S5=1 Y4=1 X4=1 Z4=1 C4=1 R4=3 S4=1 Y3=1 X3=1 Z3=1 C3=1 R3=3 S3=1 Y2=1 X2=1 Z2=1 C2=1 R2=3 S2=1 Y1=1 X1=1 Z1=1 C1=1 R1=1 S1=1 Y0=1 X0=1 Z0=1 C0=1 R0=5 S0=1] IntermediateRegister[P=1 Q=1 Z7=1 C7=1 R7=1 S7=1 Y6=1 X6=1 Z6=1 C6=1 R6=1 S6=1 Y5=1 X5=1 Z5=1 C5=1 R5=1 S5=1 Y4=1 X4=1 Z4=1 C4=1 R4=1 S4=1 Y3=1 X3=1 Z3=1 C3=1 R3=1 S3=1 Y2=1 X2=1 Z2=1 C2=1 R2=1 S2=1 Y1=1 X1=1 Z1=1 C1=1 R1=1 S1=1 Y0=1 X0=1 Z0=1 C0=1 R0=1 S0=1] OutRegister[P=1 Q=1 Z7=1 C7=1 R7=1 S7=1 Y6=1 X6=1 Z6=1 C6=1 R6=1 S6=1 Y5=1 X5=1 Z5=1 C5=1 R5=1 S5=1 Y4=1 X4=1 Z4=1 C4=1 R4=1 S4=1 Y3=1 X3=1 Z3=1 C3=1 R3=1 S3=1 Y2=1 X2=1 Z2=1 C2=1 R2=1 S2=1 Y1=1 X1=1 Z1=1 C1=1 R1=1 S1=1 Y0=1 X0=1 Z0=1 C0=1 R0=1 S0=1] Compute] 
fsrcnn_8layer_2026-02-25T17:12:43.904195,fsrcnn,8layer,full,8,eyeriss,thesis_arch,1056,524,128,512,32,120,False,True,,3.368e+04,1.918e+07,6.67e+05,"(31557100392, 12312518400)",4.377262014539543e-10,0.27132654190063477,DRAM[P=540 Q=8 Z7=1 C7=1 R7=1 S7=1 Y6=540 X6=8 Z6=1 C6=1 R6=1 S6=1 Y5=540 X5=8 Z5=1 C5=1 R5=1 S5=1 Y4=540 X4=8 Z4=1 C4=1 R4=1 S4=1 Y3=540 X3=8 Z3=1 C3=1 R3=1 S3=1 Y2=540 X2=8 Z2=1 C2=1 R2=1 S2=1 Y1=540 X1=8 Z1=1 C1=1 R1=1 S1=1 Y0=540 X0=8 Z0=1 C0=1 R0=1 S0=1] GlobalBuffer[P=1 Q=60 Z7=1 C7=1 R7=1 S7=1 Y6=1 X6=120 Z6=1 C6=1 R6=1 S6=1 Y5=1 X5=60 Z5=1 C5=1 R5=1 S5=1 Y4=1 X4=60 Z4=1 C4=1 R4=1 S4=1 Y3=1 X3=60 Z3=1 C3=1 R3=1 S3=1 Y2=1 X2=60 Z2=1 C2=1 R2=1 S2=1 Y1=1 X1=60 Z1=1 C1=1 R1=1 S1=1 Y0=1 X0=120 Z0=1 C0=1 R0=1 S0=1] SACols[Q=2 Z7=16] SARows[S7=3 C7=56 Z7=1] SACols_6[X6=1 Z6=28] SARows_6[S6=1 C6=12 Z6=2] SACols_5[X5=2 Z5=12] SARows_5[S5=3 C5=12 Z5=1] SACols_4[X4=2 Z4=12] SARows_4[S4=3 C4=12 Z4=1] SACols_3[X3=2 Z3=12] SARows_3[S3=3 C3=12 Z3=1] SACols_2[X2=2 Z2=12] SARows_2[S2=3 C2=12 Z2=1] SACols_1[X1=2 Z1=12] SARows_1[S1=1 C1=56 Z1=1] SACols_0[X0=1 Z0=28] SARows_0[S0=5 C0=3 Z0=2] InRegister[P=1 Q=1 Z7=1 C7=1 R7=1 S7=1 Y6=1 X6=1 Z6=1 C6=1 R6=1 S6=1 Y5=1 X5=1 Z5=1 C5=1 R5=1 S5=1 Y4=1 X4=1 Z4=1 C4=1 R4=1 S4=1 Y3=1 X3=1 Z3=1 C3=1 R3=1 S3=1 Y2=1 X2=1 Z2=1 C2=1 R2=1 S2=1 Y1=1 X1=1 Z1=1 C1=1 R1=1 S1=1 Y0=1 X0=1 Z0=1 C0=1 R0=1 S0=1] WRegister[P=1 Q=1 Z7=1 C7=1 R7=3 S7=1 Y6=1 X6=1 Z6=1 C6=1 R6=1 S6=1 Y5=1 X5=1 Z5=1 C5=1 R5=3 S5=1 Y4=1 X4=1 Z4=1 C4=1 R4=3 S4=1 Y3=1 X3=1 Z3=1 C3=1 R3=3 S3=1 Y2=1 X2=1 Z2=1 C2=1 R2=3 S2=1 Y1=1 X1=1 Z1=1 C1=1 R1=1 S1=1 Y0=1 X0=1 Z0=1 C0=1 R0=5 S0=1] IntermediateRegister[P=1 Q=1 Z7=1 C7=1 R7=1 S7=1 Y6=1 X6=1 Z6=1 C6=1 R6=1 S6=1 Y5=1 X5=1 Z5=1 C5=1 R5=1 S5=1 Y4=1 X4=1 Z4=1 C4=1 R4=1 S4=1 Y3=1 X3=1 Z3=1 C3=1 R3=1 S3=1 Y2=1 X2=1 Z2=1 C2=1 R2=1 S2=1 Y1=1 X1=1 Z1=1 C1=1 R1=1 S1=1 Y0=1 X0=1 Z0=1 C0=1 R0=1 S0=1] OutRegister[P=1 Q=1 Z7=1 C7=1 R7=1 S7=1 Y6=1 X6=1 Z6=1 C6=1 R6=1 S6=1 Y5=1 X5=1 Z5=1 C5=1 R5=1 S5=1 Y4=1 X4=1 Z4=1 C4=1 R4=1 S4=1 Y3=1 X3=1 Z3=1 C3=1 R3=1 S3=1 Y2=1 X2=1 Z2=1 C2=1 R2=1 S2=1 Y1=1 X1=1 Z1=1 C1=1 R1=1 S1=1 Y0=1 X0=1 Z0=1 C0=1 R0=1 S0=1] Compute] 
