experiment_id,workload_name,workload_variant,fusion_level,num_fused_layers,arch_type,arch_name,fmem_size_kB,wmem_size_kB,gb_size_kB,pe_rows,pe_cols,tile_size,scale_bandwidth,success,error_message,energy_uJ,latency_cycles,edp,mops,utilization,mapping_time_s,mapping
resnet18_17layer_2026-02-21T07:02:05.824962,resnet18,17layer,full,17,eyeriss,thesis_arch,1056,524,128,4,4,1,False,False,"Arch: Eyeriss_Constrained_17L_tile1_4x4 -> Level: SARows_0: Failed to fit comp to arch because the level's constraint (S0: 4) does not divide comp dimension S0 (7) exactly. To compensate, consider setting 'Settings.PADDED_MAPPINGS' to True.",0.000e+00,0.000e+00,0.00e+00,0,0.0,0.0,
resnet18_17layer_2026-02-21T07:02:07.332894,resnet18,17layer,full,17,eyeriss,thesis_arch,1056,524,128,4,16,1,False,False,"Arch: Eyeriss_Constrained_17L_tile1_16x4 -> Level: SARows_0: Failed to fit comp to arch because the level's constraint (S0: 4) does not divide comp dimension S0 (7) exactly. To compensate, consider setting 'Settings.PADDED_MAPPINGS' to True.",0.000e+00,0.000e+00,0.00e+00,0,0.0,0.0,
resnet18_17layer_2026-02-21T07:02:08.398412,resnet18,17layer,full,17,eyeriss,thesis_arch,1056,524,128,4,32,1,False,False,"Arch: Eyeriss_Constrained_17L_tile1_32x4 -> Level: SARows_0: Failed to fit comp to arch because the level's constraint (S0: 4) does not divide comp dimension S0 (7) exactly. To compensate, consider setting 'Settings.PADDED_MAPPINGS' to True.",0.000e+00,0.000e+00,0.00e+00,0,0.0,0.0,
resnet18_17layer_2026-02-21T07:02:09.724978,resnet18,17layer,full,17,eyeriss,thesis_arch,1056,524,128,4,64,1,False,False,"Arch: Eyeriss_Constrained_17L_tile1_64x4 -> Level: SARows_0: Failed to fit comp to arch because the level's constraint (S0: 4) does not divide comp dimension S0 (7) exactly. To compensate, consider setting 'Settings.PADDED_MAPPINGS' to True.",0.000e+00,0.000e+00,0.00e+00,0,0.0,0.0,
resnet18_17layer_2026-02-21T07:02:11.058661,resnet18,17layer,full,17,eyeriss,thesis_arch,1056,524,128,4,128,1,False,False,"Arch: Eyeriss_Constrained_17L_tile1_128x4 -> Level: SARows_0: Failed to fit comp to arch because the level's constraint (S0: 4) does not divide comp dimension S0 (7) exactly. To compensate, consider setting 'Settings.PADDED_MAPPINGS' to True.",0.000e+00,0.000e+00,0.00e+00,0,0.0,0.0,
resnet18_17layer_2026-02-21T07:02:11.812225,resnet18,17layer,full,17,eyeriss,thesis_arch,1056,524,128,4,256,1,False,False,"Arch: Eyeriss_Constrained_17L_tile1_256x4 -> Level: SARows_0: Failed to fit comp to arch because the level's constraint (S0: 4) does not divide comp dimension S0 (7) exactly. To compensate, consider setting 'Settings.PADDED_MAPPINGS' to True.",0.000e+00,0.000e+00,0.00e+00,0,0.0,0.0,
resnet18_17layer_2026-02-21T07:02:12.429598,resnet18,17layer,full,17,eyeriss,thesis_arch,1056,524,128,4,512,1,False,False,"Arch: Eyeriss_Constrained_17L_tile1_512x4 -> Level: SARows_0: Failed to fit comp to arch because the level's constraint (S0: 4) does not divide comp dimension S0 (7) exactly. To compensate, consider setting 'Settings.PADDED_MAPPINGS' to True.",0.000e+00,0.000e+00,0.00e+00,0,0.0,0.0,
resnet18_17layer_2026-02-21T07:02:13.018856,resnet18,17layer,full,17,eyeriss,thesis_arch,1056,524,128,16,4,1,False,False,"Ill-posed constraints:
CONSTRAINTS VIOLATION: Arch: Eyeriss_Constrained_17L_tile1_4x16 -> Level: InRegister: memory footprint: 2584 VS memory available: 400
CONSTRAINTS VIOLATION: Arch: Eyeriss_Constrained_17L_tile1_4x16 -> Level: WRegister: memory footprint: 229032 VS memory available: 4000
CONSTRAINTS VIOLATION: Arch: Eyeriss_Constrained_17L_tile1_4x16 -> Level: IntermediateRegister: memory footprint: 840 VS memory available: 50
CONSTRAINTS VIOLATION: Arch: Eyeriss_Constrained_17L_tile1_4x16 -> Level: OutRegister: memory footprint: 128 VS memory available: 64",0.000e+00,0.000e+00,0.00e+00,0,0.0,0.0,
resnet18_17layer_2026-02-21T07:02:13.913068,resnet18,17layer,full,17,eyeriss,thesis_arch,1056,524,128,16,16,1,False,False,"Ill-posed constraints:
CONSTRAINTS VIOLATION: Arch: Eyeriss_Constrained_17L_tile1_16x16 -> Level: InRegister: memory footprint: 2584 VS memory available: 400
CONSTRAINTS VIOLATION: Arch: Eyeriss_Constrained_17L_tile1_16x16 -> Level: WRegister: memory footprint: 57258 VS memory available: 4000
CONSTRAINTS VIOLATION: Arch: Eyeriss_Constrained_17L_tile1_16x16 -> Level: IntermediateRegister: memory footprint: 210 VS memory available: 50",0.000e+00,0.000e+00,0.00e+00,0,0.0,0.0,
resnet18_17layer_2026-02-21T07:02:15.225285,resnet18,17layer,full,17,eyeriss,thesis_arch,1056,524,128,16,32,1,False,False,"Ill-posed constraints:
CONSTRAINTS VIOLATION: Arch: Eyeriss_Constrained_17L_tile1_32x16 -> Level: InRegister: memory footprint: 2584 VS memory available: 400
CONSTRAINTS VIOLATION: Arch: Eyeriss_Constrained_17L_tile1_32x16 -> Level: WRegister: memory footprint: 28629 VS memory available: 4000
CONSTRAINTS VIOLATION: Arch: Eyeriss_Constrained_17L_tile1_32x16 -> Level: IntermediateRegister: memory footprint: 105 VS memory available: 50",0.000e+00,0.000e+00,0.00e+00,0,0.0,0.0,
resnet18_17layer_2026-02-21T07:02:15.936096,resnet18,17layer,full,17,eyeriss,thesis_arch,1056,524,128,16,64,1,False,False,"Ill-posed constraints:
CONSTRAINTS VIOLATION: Arch: Eyeriss_Constrained_17L_tile1_64x16 -> Level: InRegister: memory footprint: 2584 VS memory available: 400
CONSTRAINTS VIOLATION: Arch: Eyeriss_Constrained_17L_tile1_64x16 -> Level: WRegister: memory footprint: 14325 VS memory available: 4000
CONSTRAINTS VIOLATION: Arch: Eyeriss_Constrained_17L_tile1_64x16 -> Level: IntermediateRegister: memory footprint: 53 VS memory available: 50",0.000e+00,0.000e+00,0.00e+00,0,0.0,0.0,
resnet18_17layer_2026-02-21T07:02:16.878705,resnet18,17layer,full,17,eyeriss,thesis_arch,1056,524,128,16,128,1,False,False,"Ill-posed constraints:
CONSTRAINTS VIOLATION: Arch: Eyeriss_Constrained_17L_tile1_128x16 -> Level: InRegister: memory footprint: 2584 VS memory available: 400
CONSTRAINTS VIOLATION: Arch: Eyeriss_Constrained_17L_tile1_128x16 -> Level: WRegister: memory footprint: 7269 VS memory available: 4000",0.000e+00,0.000e+00,0.00e+00,0,0.0,0.0,
resnet18_17layer_2026-02-21T07:02:17.825805,resnet18,17layer,full,17,eyeriss,thesis_arch,1056,524,128,16,256,1,False,False,"Ill-posed constraints:
CONSTRAINTS VIOLATION: Arch: Eyeriss_Constrained_17L_tile1_256x16 -> Level: InRegister: memory footprint: 2584 VS memory available: 400",0.000e+00,0.000e+00,0.00e+00,0,0.0,0.0,
resnet18_17layer_2026-02-21T07:02:18.461955,resnet18,17layer,full,17,eyeriss,thesis_arch,1056,524,128,16,512,1,False,False,"Ill-posed constraints:
CONSTRAINTS VIOLATION: Arch: Eyeriss_Constrained_17L_tile1_512x16 -> Level: InRegister: memory footprint: 2584 VS memory available: 400",0.000e+00,0.000e+00,0.00e+00,0,0.0,0.0,
resnet18_17layer_2026-02-21T07:02:19.147922,resnet18,17layer,full,17,eyeriss,thesis_arch,1056,524,128,32,4,1,False,False,"Ill-posed constraints:
CONSTRAINTS VIOLATION: Arch: Eyeriss_Constrained_17L_tile1_4x32 -> Level: InRegister: memory footprint: 1286 VS memory available: 400
CONSTRAINTS VIOLATION: Arch: Eyeriss_Constrained_17L_tile1_4x32 -> Level: WRegister: memory footprint: 114544 VS memory available: 4000
CONSTRAINTS VIOLATION: Arch: Eyeriss_Constrained_17L_tile1_4x32 -> Level: IntermediateRegister: memory footprint: 848 VS memory available: 50
CONSTRAINTS VIOLATION: Arch: Eyeriss_Constrained_17L_tile1_4x32 -> Level: OutRegister: memory footprint: 128 VS memory available: 64",0.000e+00,0.000e+00,0.00e+00,0,0.0,0.0,
resnet18_17layer_2026-02-21T07:02:19.722016,resnet18,17layer,full,17,eyeriss,thesis_arch,1056,524,128,32,16,1,False,False,"Ill-posed constraints:
CONSTRAINTS VIOLATION: Arch: Eyeriss_Constrained_17L_tile1_16x32 -> Level: InRegister: memory footprint: 1286 VS memory available: 400
CONSTRAINTS VIOLATION: Arch: Eyeriss_Constrained_17L_tile1_16x32 -> Level: WRegister: memory footprint: 28636 VS memory available: 4000
CONSTRAINTS VIOLATION: Arch: Eyeriss_Constrained_17L_tile1_16x32 -> Level: IntermediateRegister: memory footprint: 212 VS memory available: 50",0.000e+00,0.000e+00,0.00e+00,0,0.0,0.0,
resnet18_17layer_2026-02-21T07:02:20.505609,resnet18,17layer,full,17,eyeriss,thesis_arch,1056,524,128,32,32,1,False,False,"Ill-posed constraints:
CONSTRAINTS VIOLATION: Arch: Eyeriss_Constrained_17L_tile1_32x32 -> Level: InRegister: memory footprint: 1286 VS memory available: 400
CONSTRAINTS VIOLATION: Arch: Eyeriss_Constrained_17L_tile1_32x32 -> Level: WRegister: memory footprint: 14318 VS memory available: 4000
CONSTRAINTS VIOLATION: Arch: Eyeriss_Constrained_17L_tile1_32x32 -> Level: IntermediateRegister: memory footprint: 106 VS memory available: 50",0.000e+00,0.000e+00,0.00e+00,0,0.0,0.0,
resnet18_17layer_2026-02-21T07:02:21.103259,resnet18,17layer,full,17,eyeriss,thesis_arch,1056,524,128,32,64,1,False,False,"Ill-posed constraints:
CONSTRAINTS VIOLATION: Arch: Eyeriss_Constrained_17L_tile1_64x32 -> Level: InRegister: memory footprint: 1286 VS memory available: 400
CONSTRAINTS VIOLATION: Arch: Eyeriss_Constrained_17L_tile1_64x32 -> Level: WRegister: memory footprint: 7159 VS memory available: 4000
CONSTRAINTS VIOLATION: Arch: Eyeriss_Constrained_17L_tile1_64x32 -> Level: IntermediateRegister: memory footprint: 53 VS memory available: 50",0.000e+00,0.000e+00,0.00e+00,0,0.0,0.0,
resnet18_17layer_2026-02-21T07:02:21.775357,resnet18,17layer,full,17,eyeriss,thesis_arch,1056,524,128,32,128,1,False,False,"Ill-posed constraints:
CONSTRAINTS VIOLATION: Arch: Eyeriss_Constrained_17L_tile1_128x32 -> Level: InRegister: memory footprint: 1286 VS memory available: 400",0.000e+00,0.000e+00,0.00e+00,0,0.0,0.0,
resnet18_17layer_2026-02-21T07:02:22.827178,resnet18,17layer,full,17,eyeriss,thesis_arch,1056,524,128,32,256,1,False,False,"Ill-posed constraints:
CONSTRAINTS VIOLATION: Arch: Eyeriss_Constrained_17L_tile1_256x32 -> Level: InRegister: memory footprint: 1286 VS memory available: 400",0.000e+00,0.000e+00,0.00e+00,0,0.0,0.0,
resnet18_17layer_2026-02-21T07:02:23.432890,resnet18,17layer,full,17,eyeriss,thesis_arch,1056,524,128,32,512,1,False,False,"Ill-posed constraints:
CONSTRAINTS VIOLATION: Arch: Eyeriss_Constrained_17L_tile1_512x32 -> Level: InRegister: memory footprint: 1286 VS memory available: 400",0.000e+00,0.000e+00,0.00e+00,0,0.0,0.0,
resnet18_17layer_2026-02-21T07:02:24.093621,resnet18,17layer,full,17,eyeriss,thesis_arch,1056,524,128,64,4,1,False,False,"Ill-posed constraints:
CONSTRAINTS VIOLATION: Arch: Eyeriss_Constrained_17L_tile1_4x64 -> Level: InRegister: memory footprint: 650 VS memory available: 400
CONSTRAINTS VIOLATION: Arch: Eyeriss_Constrained_17L_tile1_4x64 -> Level: WRegister: memory footprint: 57272 VS memory available: 4000
CONSTRAINTS VIOLATION: Arch: Eyeriss_Constrained_17L_tile1_4x64 -> Level: IntermediateRegister: memory footprint: 840 VS memory available: 50
CONSTRAINTS VIOLATION: Arch: Eyeriss_Constrained_17L_tile1_4x64 -> Level: OutRegister: memory footprint: 128 VS memory available: 64",0.000e+00,0.000e+00,0.00e+00,0,0.0,0.0,
resnet18_17layer_2026-02-21T07:02:24.870777,resnet18,17layer,full,17,eyeriss,thesis_arch,1056,524,128,64,16,1,False,False,"Ill-posed constraints:
CONSTRAINTS VIOLATION: Arch: Eyeriss_Constrained_17L_tile1_16x64 -> Level: InRegister: memory footprint: 650 VS memory available: 400
CONSTRAINTS VIOLATION: Arch: Eyeriss_Constrained_17L_tile1_16x64 -> Level: WRegister: memory footprint: 14318 VS memory available: 4000
CONSTRAINTS VIOLATION: Arch: Eyeriss_Constrained_17L_tile1_16x64 -> Level: IntermediateRegister: memory footprint: 210 VS memory available: 50",0.000e+00,0.000e+00,0.00e+00,0,0.0,0.0,
resnet18_17layer_2026-02-21T07:02:26.565568,resnet18,17layer,full,17,eyeriss,thesis_arch,1056,524,128,64,32,1,False,False,"Ill-posed constraints:
CONSTRAINTS VIOLATION: Arch: Eyeriss_Constrained_17L_tile1_32x64 -> Level: InRegister: memory footprint: 650 VS memory available: 400
CONSTRAINTS VIOLATION: Arch: Eyeriss_Constrained_17L_tile1_32x64 -> Level: WRegister: memory footprint: 7159 VS memory available: 4000
CONSTRAINTS VIOLATION: Arch: Eyeriss_Constrained_17L_tile1_32x64 -> Level: IntermediateRegister: memory footprint: 105 VS memory available: 50",0.000e+00,0.000e+00,0.00e+00,0,0.0,0.0,
resnet18_17layer_2026-02-21T07:02:27.095401,resnet18,17layer,full,17,eyeriss,thesis_arch,1056,524,128,64,64,1,False,False,"Ill-posed constraints:
CONSTRAINTS VIOLATION: Arch: Eyeriss_Constrained_17L_tile1_64x64 -> Level: InRegister: memory footprint: 650 VS memory available: 400
CONSTRAINTS VIOLATION: Arch: Eyeriss_Constrained_17L_tile1_64x64 -> Level: IntermediateRegister: memory footprint: 53 VS memory available: 50",0.000e+00,0.000e+00,0.00e+00,0,0.0,0.0,
resnet18_17layer_2026-02-21T07:02:27.639939,resnet18,17layer,full,17,eyeriss,thesis_arch,1056,524,128,64,128,1,False,False,"Ill-posed constraints:
CONSTRAINTS VIOLATION: Arch: Eyeriss_Constrained_17L_tile1_128x64 -> Level: InRegister: memory footprint: 650 VS memory available: 400",0.000e+00,0.000e+00,0.00e+00,0,0.0,0.0,
resnet18_17layer_2026-02-21T07:02:28.064289,resnet18,17layer,full,17,eyeriss,thesis_arch,1056,524,128,64,256,1,False,False,"Ill-posed constraints:
CONSTRAINTS VIOLATION: Arch: Eyeriss_Constrained_17L_tile1_256x64 -> Level: InRegister: memory footprint: 650 VS memory available: 400",0.000e+00,0.000e+00,0.00e+00,0,0.0,0.0,
resnet18_17layer_2026-02-21T07:02:28.473553,resnet18,17layer,full,17,eyeriss,thesis_arch,1056,524,128,128,4,1,False,False,"Ill-posed constraints:
CONSTRAINTS VIOLATION: Arch: Eyeriss_Constrained_17L_tile1_4x128 -> Level: WRegister: memory footprint: 28636 VS memory available: 4000
CONSTRAINTS VIOLATION: Arch: Eyeriss_Constrained_17L_tile1_4x128 -> Level: IntermediateRegister: memory footprint: 836 VS memory available: 50
CONSTRAINTS VIOLATION: Arch: Eyeriss_Constrained_17L_tile1_4x128 -> Level: OutRegister: memory footprint: 128 VS memory available: 64",0.000e+00,0.000e+00,0.00e+00,0,0.0,0.0,
resnet18_17layer_2026-02-21T07:02:28.984473,resnet18,17layer,full,17,eyeriss,thesis_arch,1056,524,128,128,16,1,False,False,"Ill-posed constraints:
CONSTRAINTS VIOLATION: Arch: Eyeriss_Constrained_17L_tile1_16x128 -> Level: WRegister: memory footprint: 7159 VS memory available: 4000
CONSTRAINTS VIOLATION: Arch: Eyeriss_Constrained_17L_tile1_16x128 -> Level: IntermediateRegister: memory footprint: 209 VS memory available: 50",0.000e+00,0.000e+00,0.00e+00,0,0.0,0.0,
resnet18_17layer_2026-02-21T07:02:29.598738,resnet18,17layer,full,17,eyeriss,thesis_arch,1056,524,128,128,32,1,False,False,"Ill-posed constraints:
CONSTRAINTS VIOLATION: Arch: Eyeriss_Constrained_17L_tile1_32x128 -> Level: IntermediateRegister: memory footprint: 105 VS memory available: 50",0.000e+00,0.000e+00,0.00e+00,0,0.0,0.0,
resnet18_17layer_2026-02-21T07:02:30.079478,resnet18,17layer,full,17,eyeriss,thesis_arch,1056,524,128,128,64,1,False,False,"Ill-posed constraints:
CONSTRAINTS VIOLATION: Arch: Eyeriss_Constrained_17L_tile1_64x128 -> Level: IntermediateRegister: memory footprint: 53 VS memory available: 50",0.000e+00,0.000e+00,0.00e+00,0,0.0,0.0,
resnet18_17layer_2026-02-21T07:02:30.435780,resnet18,17layer,full,17,eyeriss,thesis_arch,1056,524,128,128,128,1,False,True,,1.139e+05,3.042e+06,3.55e+05,"(6536433856, 2543810304)",5.138537864013415e-05,0.35201597213745117,DRAM[P=7 Q=7 Z16=1 C16=1 R16=1 S16=1 Y15=7 X15=7 Z15=1 C15=1 R15=1 S15=1 Y14=7 X14=7 Z14=1 C14=1 R14=1 S14=1 Y13=14 X13=14 Z13=1 C13=1 R13=1 S13=1 Y12=14 X12=14 Z12=1 C12=1 R12=1 S12=1 Y11=14 X11=14 Z11=1 C11=1 R11=1 S11=1 Y10=14 X10=14 Z10=1 C10=1 R10=1 S10=1 Y9=28 X9=28 Z9=1 C9=1 R9=1 S9=1 Y8=28 X8=28 Z8=1 C8=1 R8=1 S8=1 Y7=28 X7=28 Z7=1 C7=1 R7=1 S7=1 Y6=28 X6=28 Z6=1 C6=1 R6=1 S6=1 Y5=56 X5=56 Z5=1 C5=1 R5=1 S5=1 Y4=56 X4=56 Z4=1 C4=1 R4=1 S4=1 Y3=56 X3=56 Z3=1 C3=1 R3=1 S3=1 Y2=56 X2=56 Z2=1 C2=1 R2=1 S2=1 Y1=56 X1=56 Z1=1 C1=1 R1=1 S1=1 Y0=112 X0=112 Z0=1 C0=1 R0=1 S0=1] GlobalBuffer[P=1 Q=1 Z16=1 C16=1 R16=1 S16=1 Y15=1 X15=1 Z15=1 C15=1 R15=1 S15=1 Y14=1 X14=1 Z14=1 C14=1 R14=1 S14=1 Y13=1 X13=1 Z13=1 C13=1 R13=1 S13=1 Y12=1 X12=1 Z12=1 C12=1 R12=1 S12=1 Y11=1 X11=1 Z11=1 C11=1 R11=1 S11=1 Y10=1 X10=1 Z10=1 C10=1 R10=1 S10=1 Y9=1 X9=1 Z9=1 C9=1 R9=1 S9=1 Y8=1 X8=1 Z8=1 C8=1 R8=1 S8=1 Y7=1 X7=1 Z7=1 C7=1 R7=1 S7=1 Y6=1 X6=1 Z6=1 C6=1 R6=1 S6=1 Y5=1 X5=1 Z5=1 C5=1 R5=1 S5=1 Y4=1 X4=1 Z4=1 C4=1 R4=1 S4=1 Y3=1 X3=1 Z3=1 C3=1 R3=1 S3=1 Y2=1 X2=1 Z2=1 C2=1 R2=1 S2=1 Y1=1 X1=1 Z1=1 C1=1 R1=1 S1=1 Y0=1 X0=1 Z0=1 C0=1 R0=1 S0=1] SACols[Q=1 Z16=128] SARows[S16=3 C16=32 Z16=1] SACols_15[X15=1 Z15=128] SARows_15[S15=3 C15=32 Z15=1] SACols_14[X14=1 Z14=128] SARows_14[S14=3 C14=32 Z14=1] SACols_13[X13=1 Z13=128] SARows_13[S13=3 C13=32 Z13=1] SACols_12[X12=1 Z12=128] SARows_12[S12=3 C12=32 Z12=1] SACols_11[X11=1 Z11=128] SARows_11[S11=3 C11=32 Z11=1] SACols_10[X10=1 Z10=128] SARows_10[S10=3 C10=32 Z10=1] SACols_9[X9=1 Z9=128] SARows_9[S9=3 C9=32 Z9=1] SACols_8[X8=1 Z8=128] SARows_8[S8=3 C8=32 Z8=1] SACols_7[X7=1 Z7=128] SARows_7[S7=3 C7=32 Z7=1] SACols_6[X6=1 Z6=128] SARows_6[S6=3 C6=32 Z6=1] SACols_5[X5=1 Z5=128] SARows_5[S5=3 C5=32 Z5=1] SACols_4[X4=1 Z4=64] SARows_4[S4=3 C4=32 Z4=1] SACols_3[X3=1 Z3=64] SARows_3[S3=3 C3=32 Z3=1] SACols_2[X2=1 Z2=64] SARows_2[S2=3 C2=32 Z2=1] SACols_1[X1=1 Z1=64] SARows_1[S1=3 C1=32 Z1=1] SACols_0[X0=1 Z0=64] SARows_0[S0=7 C0=3 Z0=1] InRegister[P=1 Q=1 Z16=1 C16=1 R16=1 S16=1 Y15=1 X15=1 Z15=1 C15=1 R15=1 S15=1 Y14=1 X14=1 Z14=1 C14=1 R14=1 S14=1 Y13=1 X13=1 Z13=1 C13=1 R13=1 S13=1 Y12=1 X12=1 Z12=1 C12=1 R12=1 S12=1 Y11=1 X11=1 Z11=1 C11=1 R11=1 S11=1 Y10=1 X10=1 Z10=1 C10=1 R10=1 S10=1 Y9=1 X9=1 Z9=1 C9=1 R9=1 S9=1 Y8=1 X8=1 Z8=1 C8=1 R8=1 S8=1 Y7=1 X7=1 Z7=1 C7=1 R7=1 S7=1 Y6=1 X6=1 Z6=1 C6=1 R6=1 S6=1 Y5=1 X5=1 Z5=1 C5=1 R5=1 S5=1 Y4=1 X4=1 Z4=1 C4=1 R4=1 S4=1 Y3=1 X3=1 Z3=1 C3=1 R3=1 S3=1 Y2=1 X2=1 Z2=1 C2=1 R2=1 S2=1 Y1=1 X1=1 Z1=1 C1=1 R1=1 S1=1 Y0=1 X0=1 Z0=1 C0=1 R0=1 S0=1] WRegister[P=1 Q=1 Z16=1 C16=16 R16=3 S16=1 Y15=1 X15=1 Z15=1 C15=16 R15=3 S15=1 Y14=1 X14=1 Z14=1 C14=16 R14=3 S14=1 Y13=1 X13=1 Z13=1 C13=8 R13=3 S13=1 Y12=1 X12=1 Z12=1 C12=8 R12=3 S12=1 Y11=1 X11=1 Z11=1 C11=8 R11=3 S11=1 Y10=1 X10=1 Z10=1 C10=8 R10=3 S10=1 Y9=1 X9=1 Z9=1 C9=4 R9=3 S9=1 Y8=1 X8=1 Z8=1 C8=4 R8=3 S8=1 Y7=1 X7=1 Z7=1 C7=4 R7=3 S7=1 Y6=1 X6=1 Z6=1 C6=4 R6=3 S6=1 Y5=1 X5=1 Z5=1 C5=2 R5=3 S5=1 Y4=1 X4=1 Z4=1 C4=2 R4=3 S4=1 Y3=1 X3=1 Z3=1 C3=2 R3=3 S3=1 Y2=1 X2=1 Z2=1 C2=2 R2=3 S2=1 Y1=1 X1=1 Z1=1 C1=2 R1=3 S1=1 Y0=1 X0=1 Z0=1 C0=1 R0=7 S0=1] IntermediateRegister[P=1 Q=1 Z16=1 C16=1 R16=1 S16=1 Y15=1 X15=1 Z15=4 C15=1 R15=1 S15=1 Y14=1 X14=1 Z14=4 C14=1 R14=1 S14=1 Y13=1 X13=1 Z13=4 C13=1 R13=1 S13=1 Y12=1 X12=1 Z12=2 C12=1 R12=1 S12=1 Y11=1 X11=1 Z11=2 C11=1 R11=1 S11=1 Y10=1 X10=1 Z10=2 C10=1 R10=1 S10=1 Y9=1 X9=1 Z9=2 C9=1 R9=1 S9=1 Y8=1 X8=1 Z8=1 C8=1 R8=1 S8=1 Y7=1 X7=1 Z7=1 C7=1 R7=1 S7=1 Y6=1 X6=1 Z6=1 C6=1 R6=1 S6=1 Y5=1 X5=1 Z5=1 C5=1 R5=1 S5=1 Y4=1 X4=1 Z4=1 C4=1 R4=1 S4=1 Y3=1 X3=1 Z3=1 C3=1 R3=1 S3=1 Y2=1 X2=1 Z2=1 C2=1 R2=1 S2=1 Y1=1 X1=1 Z1=1 C1=1 R1=1 S1=1 Y0=1 X0=1 Z0=1 C0=1 R0=1 S0=1] OutRegister[P=1 Q=1 Z16=4 C16=1 R16=1 S16=1 Y15=1 X15=1 Z15=1 C15=1 R15=1 S15=1 Y14=1 X14=1 Z14=1 C14=1 R14=1 S14=1 Y13=1 X13=1 Z13=1 C13=1 R13=1 S13=1 Y12=1 X12=1 Z12=1 C12=1 R12=1 S12=1 Y11=1 X11=1 Z11=1 C11=1 R11=1 S11=1 Y10=1 X10=1 Z10=1 C10=1 R10=1 S10=1 Y9=1 X9=1 Z9=1 C9=1 R9=1 S9=1 Y8=1 X8=1 Z8=1 C8=1 R8=1 S8=1 Y7=1 X7=1 Z7=1 C7=1 R7=1 S7=1 Y6=1 X6=1 Z6=1 C6=1 R6=1 S6=1 Y5=1 X5=1 Z5=1 C5=1 R5=1 S5=1 Y4=1 X4=1 Z4=1 C4=1 R4=1 S4=1 Y3=1 X3=1 Z3=1 C3=1 R3=1 S3=1 Y2=1 X2=1 Z2=1 C2=1 R2=1 S2=1 Y1=1 X1=1 Z1=1 C1=1 R1=1 S1=1 Y0=1 X0=1 Z0=1 C0=1 R0=1 S0=1] Compute] 
resnet18_17layer_2026-02-21T07:02:31.222220,resnet18,17layer,full,17,eyeriss,thesis_arch,1056,524,128,256,4,1,False,False,"Ill-posed constraints:
CONSTRAINTS VIOLATION: Arch: Eyeriss_Constrained_17L_tile1_4x256 -> Level: WRegister: memory footprint: 14318 VS memory available: 4000
CONSTRAINTS VIOLATION: Arch: Eyeriss_Constrained_17L_tile1_4x256 -> Level: IntermediateRegister: memory footprint: 834 VS memory available: 50
CONSTRAINTS VIOLATION: Arch: Eyeriss_Constrained_17L_tile1_4x256 -> Level: OutRegister: memory footprint: 128 VS memory available: 64",0.000e+00,0.000e+00,0.00e+00,0,0.0,0.0,
resnet18_17layer_2026-02-21T07:02:31.541852,resnet18,17layer,full,17,eyeriss,thesis_arch,1056,524,128,256,16,1,False,False,"Ill-posed constraints:
CONSTRAINTS VIOLATION: Arch: Eyeriss_Constrained_17L_tile1_16x256 -> Level: IntermediateRegister: memory footprint: 209 VS memory available: 50",0.000e+00,0.000e+00,0.00e+00,0,0.0,0.0,
resnet18_17layer_2026-02-21T07:02:31.867315,resnet18,17layer,full,17,eyeriss,thesis_arch,1056,524,128,256,32,1,False,False,"Ill-posed constraints:
CONSTRAINTS VIOLATION: Arch: Eyeriss_Constrained_17L_tile1_32x256 -> Level: IntermediateRegister: memory footprint: 105 VS memory available: 50",0.000e+00,0.000e+00,0.00e+00,0,0.0,0.0,
resnet18_17layer_2026-02-21T07:02:32.252685,resnet18,17layer,full,17,eyeriss,thesis_arch,1056,524,128,256,64,1,False,False,"Ill-posed constraints:
CONSTRAINTS VIOLATION: Arch: Eyeriss_Constrained_17L_tile1_64x256 -> Level: IntermediateRegister: memory footprint: 53 VS memory available: 50",0.000e+00,0.000e+00,0.00e+00,0,0.0,0.0,
resnet18_17layer_2026-02-21T07:02:32.573396,resnet18,17layer,full,17,eyeriss,thesis_arch,1056,524,128,512,4,1,False,False,"Ill-posed constraints:
CONSTRAINTS VIOLATION: Arch: Eyeriss_Constrained_17L_tile1_4x512 -> Level: WRegister: memory footprint: 7159 VS memory available: 4000
CONSTRAINTS VIOLATION: Arch: Eyeriss_Constrained_17L_tile1_4x512 -> Level: IntermediateRegister: memory footprint: 785 VS memory available: 50
CONSTRAINTS VIOLATION: Arch: Eyeriss_Constrained_17L_tile1_4x512 -> Level: OutRegister: memory footprint: 128 VS memory available: 64",0.000e+00,0.000e+00,0.00e+00,0,0.0,0.0,
resnet18_17layer_2026-02-21T07:02:32.989505,resnet18,17layer,full,17,eyeriss,thesis_arch,1056,524,128,512,16,1,False,False,"Ill-posed constraints:
CONSTRAINTS VIOLATION: Arch: Eyeriss_Constrained_17L_tile1_16x512 -> Level: IntermediateRegister: memory footprint: 197 VS memory available: 50",0.000e+00,0.000e+00,0.00e+00,0,0.0,0.0,
resnet18_17layer_2026-02-21T07:02:33.378855,resnet18,17layer,full,17,eyeriss,thesis_arch,1056,524,128,512,32,1,False,False,"Ill-posed constraints:
CONSTRAINTS VIOLATION: Arch: Eyeriss_Constrained_17L_tile1_32x512 -> Level: IntermediateRegister: memory footprint: 99 VS memory available: 50",0.000e+00,0.000e+00,0.00e+00,0,0.0,0.0,
resnet18_17layer_2026-02-21T07:02:33.780697,resnet18,17layer,full,17,eyeriss,thesis_arch,1056,524,128,4,4,1,False,False,"Arch: Eyeriss_Constrained_17L_tile1_4x4 -> Level: SARows_0: Failed to fit comp to arch because the level's constraint (S0: 4) does not divide comp dimension S0 (7) exactly. To compensate, consider setting 'Settings.PADDED_MAPPINGS' to True.",0.000e+00,0.000e+00,0.00e+00,0,0.0,0.0,
resnet18_17layer_2026-02-21T07:02:34.138092,resnet18,17layer,full,17,eyeriss,thesis_arch,1056,524,128,4,16,1,False,False,"Arch: Eyeriss_Constrained_17L_tile1_16x4 -> Level: SARows_0: Failed to fit comp to arch because the level's constraint (S0: 4) does not divide comp dimension S0 (7) exactly. To compensate, consider setting 'Settings.PADDED_MAPPINGS' to True.",0.000e+00,0.000e+00,0.00e+00,0,0.0,0.0,
resnet18_17layer_2026-02-21T07:02:34.550396,resnet18,17layer,full,17,eyeriss,thesis_arch,1056,524,128,4,32,1,False,False,"Arch: Eyeriss_Constrained_17L_tile1_32x4 -> Level: SARows_0: Failed to fit comp to arch because the level's constraint (S0: 4) does not divide comp dimension S0 (7) exactly. To compensate, consider setting 'Settings.PADDED_MAPPINGS' to True.",0.000e+00,0.000e+00,0.00e+00,0,0.0,0.0,
resnet18_17layer_2026-02-21T07:02:34.856629,resnet18,17layer,full,17,eyeriss,thesis_arch,1056,524,128,4,64,1,False,False,"Arch: Eyeriss_Constrained_17L_tile1_64x4 -> Level: SARows_0: Failed to fit comp to arch because the level's constraint (S0: 4) does not divide comp dimension S0 (7) exactly. To compensate, consider setting 'Settings.PADDED_MAPPINGS' to True.",0.000e+00,0.000e+00,0.00e+00,0,0.0,0.0,
resnet18_17layer_2026-02-21T07:02:35.142239,resnet18,17layer,full,17,eyeriss,thesis_arch,1056,524,128,4,128,1,False,False,"Arch: Eyeriss_Constrained_17L_tile1_128x4 -> Level: SARows_0: Failed to fit comp to arch because the level's constraint (S0: 4) does not divide comp dimension S0 (7) exactly. To compensate, consider setting 'Settings.PADDED_MAPPINGS' to True.",0.000e+00,0.000e+00,0.00e+00,0,0.0,0.0,
resnet18_17layer_2026-02-21T07:02:35.399399,resnet18,17layer,full,17,eyeriss,thesis_arch,1056,524,128,4,256,1,False,False,"Arch: Eyeriss_Constrained_17L_tile1_256x4 -> Level: SARows_0: Failed to fit comp to arch because the level's constraint (S0: 4) does not divide comp dimension S0 (7) exactly. To compensate, consider setting 'Settings.PADDED_MAPPINGS' to True.",0.000e+00,0.000e+00,0.00e+00,0,0.0,0.0,
resnet18_17layer_2026-02-21T07:02:35.694307,resnet18,17layer,full,17,eyeriss,thesis_arch,1056,524,128,4,512,1,False,False,"Arch: Eyeriss_Constrained_17L_tile1_512x4 -> Level: SARows_0: Failed to fit comp to arch because the level's constraint (S0: 4) does not divide comp dimension S0 (7) exactly. To compensate, consider setting 'Settings.PADDED_MAPPINGS' to True.",0.000e+00,0.000e+00,0.00e+00,0,0.0,0.0,
resnet18_17layer_2026-02-21T07:02:36.110087,resnet18,17layer,full,17,eyeriss,thesis_arch,1056,524,128,16,4,1,False,False,"Ill-posed constraints:
CONSTRAINTS VIOLATION: Arch: Eyeriss_Constrained_17L_tile1_4x16 -> Level: InRegister: memory footprint: 2584 VS memory available: 400
CONSTRAINTS VIOLATION: Arch: Eyeriss_Constrained_17L_tile1_4x16 -> Level: WRegister: memory footprint: 229032 VS memory available: 4000
CONSTRAINTS VIOLATION: Arch: Eyeriss_Constrained_17L_tile1_4x16 -> Level: IntermediateRegister: memory footprint: 840 VS memory available: 100
CONSTRAINTS VIOLATION: Arch: Eyeriss_Constrained_17L_tile1_4x16 -> Level: OutRegister: memory footprint: 128 VS memory available: 64",0.000e+00,0.000e+00,0.00e+00,0,0.0,0.0,
resnet18_17layer_2026-02-21T07:02:36.511106,resnet18,17layer,full,17,eyeriss,thesis_arch,1056,524,128,16,16,1,False,False,"Ill-posed constraints:
CONSTRAINTS VIOLATION: Arch: Eyeriss_Constrained_17L_tile1_16x16 -> Level: InRegister: memory footprint: 2584 VS memory available: 400
CONSTRAINTS VIOLATION: Arch: Eyeriss_Constrained_17L_tile1_16x16 -> Level: WRegister: memory footprint: 57258 VS memory available: 4000
CONSTRAINTS VIOLATION: Arch: Eyeriss_Constrained_17L_tile1_16x16 -> Level: IntermediateRegister: memory footprint: 210 VS memory available: 100",0.000e+00,0.000e+00,0.00e+00,0,0.0,0.0,
resnet18_17layer_2026-02-21T07:02:36.873953,resnet18,17layer,full,17,eyeriss,thesis_arch,1056,524,128,16,32,1,False,False,"Ill-posed constraints:
CONSTRAINTS VIOLATION: Arch: Eyeriss_Constrained_17L_tile1_32x16 -> Level: InRegister: memory footprint: 2584 VS memory available: 400
CONSTRAINTS VIOLATION: Arch: Eyeriss_Constrained_17L_tile1_32x16 -> Level: WRegister: memory footprint: 28629 VS memory available: 4000
CONSTRAINTS VIOLATION: Arch: Eyeriss_Constrained_17L_tile1_32x16 -> Level: IntermediateRegister: memory footprint: 105 VS memory available: 100",0.000e+00,0.000e+00,0.00e+00,0,0.0,0.0,
resnet18_17layer_2026-02-21T07:02:37.516739,resnet18,17layer,full,17,eyeriss,thesis_arch,1056,524,128,16,64,1,False,False,"Ill-posed constraints:
CONSTRAINTS VIOLATION: Arch: Eyeriss_Constrained_17L_tile1_64x16 -> Level: InRegister: memory footprint: 2584 VS memory available: 400
CONSTRAINTS VIOLATION: Arch: Eyeriss_Constrained_17L_tile1_64x16 -> Level: WRegister: memory footprint: 14325 VS memory available: 4000",0.000e+00,0.000e+00,0.00e+00,0,0.0,0.0,
resnet18_17layer_2026-02-21T07:02:37.946709,resnet18,17layer,full,17,eyeriss,thesis_arch,1056,524,128,16,128,1,False,False,"Ill-posed constraints:
CONSTRAINTS VIOLATION: Arch: Eyeriss_Constrained_17L_tile1_128x16 -> Level: InRegister: memory footprint: 2584 VS memory available: 400
CONSTRAINTS VIOLATION: Arch: Eyeriss_Constrained_17L_tile1_128x16 -> Level: WRegister: memory footprint: 7269 VS memory available: 4000",0.000e+00,0.000e+00,0.00e+00,0,0.0,0.0,
resnet18_17layer_2026-02-21T07:02:38.271724,resnet18,17layer,full,17,eyeriss,thesis_arch,1056,524,128,16,256,1,False,False,"Ill-posed constraints:
CONSTRAINTS VIOLATION: Arch: Eyeriss_Constrained_17L_tile1_256x16 -> Level: InRegister: memory footprint: 2584 VS memory available: 400",0.000e+00,0.000e+00,0.00e+00,0,0.0,0.0,
resnet18_17layer_2026-02-21T07:02:38.848324,resnet18,17layer,full,17,eyeriss,thesis_arch,1056,524,128,16,512,1,False,False,"Ill-posed constraints:
CONSTRAINTS VIOLATION: Arch: Eyeriss_Constrained_17L_tile1_512x16 -> Level: InRegister: memory footprint: 2584 VS memory available: 400",0.000e+00,0.000e+00,0.00e+00,0,0.0,0.0,
resnet18_17layer_2026-02-21T07:02:39.454319,resnet18,17layer,full,17,eyeriss,thesis_arch,1056,524,128,32,4,1,False,False,"Ill-posed constraints:
CONSTRAINTS VIOLATION: Arch: Eyeriss_Constrained_17L_tile1_4x32 -> Level: InRegister: memory footprint: 1286 VS memory available: 400
CONSTRAINTS VIOLATION: Arch: Eyeriss_Constrained_17L_tile1_4x32 -> Level: WRegister: memory footprint: 114544 VS memory available: 4000
CONSTRAINTS VIOLATION: Arch: Eyeriss_Constrained_17L_tile1_4x32 -> Level: IntermediateRegister: memory footprint: 848 VS memory available: 100
CONSTRAINTS VIOLATION: Arch: Eyeriss_Constrained_17L_tile1_4x32 -> Level: OutRegister: memory footprint: 128 VS memory available: 64",0.000e+00,0.000e+00,0.00e+00,0,0.0,0.0,
resnet18_17layer_2026-02-21T07:02:39.900858,resnet18,17layer,full,17,eyeriss,thesis_arch,1056,524,128,32,16,1,False,False,"Ill-posed constraints:
CONSTRAINTS VIOLATION: Arch: Eyeriss_Constrained_17L_tile1_16x32 -> Level: InRegister: memory footprint: 1286 VS memory available: 400
CONSTRAINTS VIOLATION: Arch: Eyeriss_Constrained_17L_tile1_16x32 -> Level: WRegister: memory footprint: 28636 VS memory available: 4000
CONSTRAINTS VIOLATION: Arch: Eyeriss_Constrained_17L_tile1_16x32 -> Level: IntermediateRegister: memory footprint: 212 VS memory available: 100",0.000e+00,0.000e+00,0.00e+00,0,0.0,0.0,
resnet18_17layer_2026-02-21T07:02:40.466085,resnet18,17layer,full,17,eyeriss,thesis_arch,1056,524,128,32,32,1,False,False,"Ill-posed constraints:
CONSTRAINTS VIOLATION: Arch: Eyeriss_Constrained_17L_tile1_32x32 -> Level: InRegister: memory footprint: 1286 VS memory available: 400
CONSTRAINTS VIOLATION: Arch: Eyeriss_Constrained_17L_tile1_32x32 -> Level: WRegister: memory footprint: 14318 VS memory available: 4000
CONSTRAINTS VIOLATION: Arch: Eyeriss_Constrained_17L_tile1_32x32 -> Level: IntermediateRegister: memory footprint: 106 VS memory available: 100",0.000e+00,0.000e+00,0.00e+00,0,0.0,0.0,
resnet18_17layer_2026-02-21T07:02:40.973831,resnet18,17layer,full,17,eyeriss,thesis_arch,1056,524,128,32,64,1,False,False,"Ill-posed constraints:
CONSTRAINTS VIOLATION: Arch: Eyeriss_Constrained_17L_tile1_64x32 -> Level: InRegister: memory footprint: 1286 VS memory available: 400
CONSTRAINTS VIOLATION: Arch: Eyeriss_Constrained_17L_tile1_64x32 -> Level: WRegister: memory footprint: 7159 VS memory available: 4000",0.000e+00,0.000e+00,0.00e+00,0,0.0,0.0,
resnet18_17layer_2026-02-21T07:02:41.407768,resnet18,17layer,full,17,eyeriss,thesis_arch,1056,524,128,32,128,1,False,False,"Ill-posed constraints:
CONSTRAINTS VIOLATION: Arch: Eyeriss_Constrained_17L_tile1_128x32 -> Level: InRegister: memory footprint: 1286 VS memory available: 400",0.000e+00,0.000e+00,0.00e+00,0,0.0,0.0,
resnet18_17layer_2026-02-21T07:02:41.796514,resnet18,17layer,full,17,eyeriss,thesis_arch,1056,524,128,32,256,1,False,False,"Ill-posed constraints:
CONSTRAINTS VIOLATION: Arch: Eyeriss_Constrained_17L_tile1_256x32 -> Level: InRegister: memory footprint: 1286 VS memory available: 400",0.000e+00,0.000e+00,0.00e+00,0,0.0,0.0,
resnet18_17layer_2026-02-21T07:02:42.552692,resnet18,17layer,full,17,eyeriss,thesis_arch,1056,524,128,32,512,1,False,False,"Ill-posed constraints:
CONSTRAINTS VIOLATION: Arch: Eyeriss_Constrained_17L_tile1_512x32 -> Level: InRegister: memory footprint: 1286 VS memory available: 400",0.000e+00,0.000e+00,0.00e+00,0,0.0,0.0,
resnet18_17layer_2026-02-21T07:02:43.671878,resnet18,17layer,full,17,eyeriss,thesis_arch,1056,524,128,64,4,1,False,False,"Ill-posed constraints:
CONSTRAINTS VIOLATION: Arch: Eyeriss_Constrained_17L_tile1_4x64 -> Level: InRegister: memory footprint: 650 VS memory available: 400
CONSTRAINTS VIOLATION: Arch: Eyeriss_Constrained_17L_tile1_4x64 -> Level: WRegister: memory footprint: 57272 VS memory available: 4000
CONSTRAINTS VIOLATION: Arch: Eyeriss_Constrained_17L_tile1_4x64 -> Level: IntermediateRegister: memory footprint: 840 VS memory available: 100
CONSTRAINTS VIOLATION: Arch: Eyeriss_Constrained_17L_tile1_4x64 -> Level: OutRegister: memory footprint: 128 VS memory available: 64",0.000e+00,0.000e+00,0.00e+00,0,0.0,0.0,
resnet18_17layer_2026-02-21T07:02:44.062562,resnet18,17layer,full,17,eyeriss,thesis_arch,1056,524,128,64,16,1,False,False,"Ill-posed constraints:
CONSTRAINTS VIOLATION: Arch: Eyeriss_Constrained_17L_tile1_16x64 -> Level: InRegister: memory footprint: 650 VS memory available: 400
CONSTRAINTS VIOLATION: Arch: Eyeriss_Constrained_17L_tile1_16x64 -> Level: WRegister: memory footprint: 14318 VS memory available: 4000
CONSTRAINTS VIOLATION: Arch: Eyeriss_Constrained_17L_tile1_16x64 -> Level: IntermediateRegister: memory footprint: 210 VS memory available: 100",0.000e+00,0.000e+00,0.00e+00,0,0.0,0.0,
resnet18_17layer_2026-02-21T07:02:44.527291,resnet18,17layer,full,17,eyeriss,thesis_arch,1056,524,128,64,32,1,False,False,"Ill-posed constraints:
CONSTRAINTS VIOLATION: Arch: Eyeriss_Constrained_17L_tile1_32x64 -> Level: InRegister: memory footprint: 650 VS memory available: 400
CONSTRAINTS VIOLATION: Arch: Eyeriss_Constrained_17L_tile1_32x64 -> Level: WRegister: memory footprint: 7159 VS memory available: 4000
CONSTRAINTS VIOLATION: Arch: Eyeriss_Constrained_17L_tile1_32x64 -> Level: IntermediateRegister: memory footprint: 105 VS memory available: 100",0.000e+00,0.000e+00,0.00e+00,0,0.0,0.0,
resnet18_17layer_2026-02-21T07:02:44.830279,resnet18,17layer,full,17,eyeriss,thesis_arch,1056,524,128,64,64,1,False,False,"Ill-posed constraints:
CONSTRAINTS VIOLATION: Arch: Eyeriss_Constrained_17L_tile1_64x64 -> Level: InRegister: memory footprint: 650 VS memory available: 400",0.000e+00,0.000e+00,0.00e+00,0,0.0,0.0,
resnet18_17layer_2026-02-21T07:02:45.264497,resnet18,17layer,full,17,eyeriss,thesis_arch,1056,524,128,64,128,1,False,False,"Ill-posed constraints:
CONSTRAINTS VIOLATION: Arch: Eyeriss_Constrained_17L_tile1_128x64 -> Level: InRegister: memory footprint: 650 VS memory available: 400",0.000e+00,0.000e+00,0.00e+00,0,0.0,0.0,
resnet18_17layer_2026-02-21T07:02:45.785632,resnet18,17layer,full,17,eyeriss,thesis_arch,1056,524,128,64,256,1,False,False,"Ill-posed constraints:
CONSTRAINTS VIOLATION: Arch: Eyeriss_Constrained_17L_tile1_256x64 -> Level: InRegister: memory footprint: 650 VS memory available: 400",0.000e+00,0.000e+00,0.00e+00,0,0.0,0.0,
resnet18_17layer_2026-02-21T07:02:46.284121,resnet18,17layer,full,17,eyeriss,thesis_arch,1056,524,128,128,4,1,False,False,"Ill-posed constraints:
CONSTRAINTS VIOLATION: Arch: Eyeriss_Constrained_17L_tile1_4x128 -> Level: WRegister: memory footprint: 28636 VS memory available: 4000
CONSTRAINTS VIOLATION: Arch: Eyeriss_Constrained_17L_tile1_4x128 -> Level: IntermediateRegister: memory footprint: 836 VS memory available: 100
CONSTRAINTS VIOLATION: Arch: Eyeriss_Constrained_17L_tile1_4x128 -> Level: OutRegister: memory footprint: 128 VS memory available: 64",0.000e+00,0.000e+00,0.00e+00,0,0.0,0.0,
resnet18_17layer_2026-02-21T07:02:46.675928,resnet18,17layer,full,17,eyeriss,thesis_arch,1056,524,128,128,16,1,False,False,"Ill-posed constraints:
CONSTRAINTS VIOLATION: Arch: Eyeriss_Constrained_17L_tile1_16x128 -> Level: WRegister: memory footprint: 7159 VS memory available: 4000
CONSTRAINTS VIOLATION: Arch: Eyeriss_Constrained_17L_tile1_16x128 -> Level: IntermediateRegister: memory footprint: 209 VS memory available: 100",0.000e+00,0.000e+00,0.00e+00,0,0.0,0.0,
resnet18_17layer_2026-02-21T07:02:47.075167,resnet18,17layer,full,17,eyeriss,thesis_arch,1056,524,128,128,32,1,False,False,"Ill-posed constraints:
CONSTRAINTS VIOLATION: Arch: Eyeriss_Constrained_17L_tile1_32x128 -> Level: IntermediateRegister: memory footprint: 105 VS memory available: 100",0.000e+00,0.000e+00,0.00e+00,0,0.0,0.0,
resnet18_17layer_2026-02-21T07:02:47.372572,resnet18,17layer,full,17,eyeriss,thesis_arch,1056,524,128,128,64,1,False,True,,1.136e+05,3.042e+06,3.52e+05,"(6045110464, 2543810304)",0.0016443321164842928,0.4178917407989502,DRAM[P=7 Q=7 Z16=1 C16=1 R16=1 S16=1 Y15=7 X15=7 Z15=1 C15=1 R15=1 S15=1 Y14=7 X14=7 Z14=1 C14=1 R14=1 S14=1 Y13=14 X13=14 Z13=1 C13=1 R13=1 S13=1 Y12=14 X12=14 Z12=1 C12=1 R12=1 S12=1 Y11=14 X11=14 Z11=1 C11=1 R11=1 S11=1 Y10=14 X10=14 Z10=1 C10=1 R10=1 S10=1 Y9=28 X9=28 Z9=1 C9=1 R9=1 S9=1 Y8=28 X8=28 Z8=1 C8=1 R8=1 S8=1 Y7=28 X7=28 Z7=1 C7=1 R7=1 S7=1 Y6=28 X6=28 Z6=1 C6=1 R6=1 S6=1 Y5=56 X5=56 Z5=1 C5=1 R5=1 S5=1 Y4=56 X4=56 Z4=1 C4=1 R4=1 S4=1 Y3=56 X3=56 Z3=1 C3=1 R3=1 S3=1 Y2=56 X2=56 Z2=1 C2=1 R2=1 S2=1 Y1=56 X1=56 Z1=1 C1=1 R1=1 S1=1 Y0=112 X0=112 Z0=1 C0=1 R0=1 S0=1] GlobalBuffer[P=1 Q=1 Z16=1 C16=1 R16=1 S16=1 Y15=1 X15=1 Z15=1 C15=1 R15=1 S15=1 Y14=1 X14=1 Z14=1 C14=1 R14=1 S14=1 Y13=1 X13=1 Z13=1 C13=1 R13=1 S13=1 Y12=1 X12=1 Z12=1 C12=1 R12=1 S12=1 Y11=1 X11=1 Z11=1 C11=1 R11=1 S11=1 Y10=1 X10=1 Z10=1 C10=1 R10=1 S10=1 Y9=1 X9=1 Z9=1 C9=1 R9=1 S9=1 Y8=1 X8=1 Z8=1 C8=1 R8=1 S8=1 Y7=1 X7=1 Z7=1 C7=1 R7=1 S7=1 Y6=1 X6=1 Z6=1 C6=1 R6=1 S6=1 Y5=1 X5=1 Z5=1 C5=1 R5=1 S5=1 Y4=1 X4=1 Z4=1 C4=1 R4=1 S4=1 Y3=1 X3=1 Z3=1 C3=1 R3=1 S3=1 Y2=1 X2=1 Z2=1 C2=1 R2=1 S2=1 Y1=1 X1=1 Z1=1 C1=1 R1=1 S1=1 Y0=1 X0=1 Z0=1 C0=1 R0=1 S0=1] SACols[Q=1 Z16=64] SARows[S16=3 C16=32 Z16=1] SACols_15[X15=1 Z15=64] SARows_15[S15=3 C15=32 Z15=1] SACols_14[X14=1 Z14=64] SARows_14[S14=3 C14=32 Z14=1] SACols_13[X13=1 Z13=64] SARows_13[S13=3 C13=32 Z13=1] SACols_12[X12=1 Z12=64] SARows_12[S12=3 C12=32 Z12=1] SACols_11[X11=1 Z11=64] SARows_11[S11=3 C11=32 Z11=1] SACols_10[X10=1 Z10=64] SARows_10[S10=3 C10=32 Z10=1] SACols_9[X9=1 Z9=64] SARows_9[S9=3 C9=32 Z9=1] SACols_8[X8=1 Z8=64] SARows_8[S8=3 C8=32 Z8=1] SACols_7[X7=1 Z7=64] SARows_7[S7=3 C7=32 Z7=1] SACols_6[X6=1 Z6=64] SARows_6[S6=3 C6=32 Z6=1] SACols_5[X5=1 Z5=64] SARows_5[S5=3 C5=32 Z5=1] SACols_4[X4=1 Z4=64] SARows_4[S4=3 C4=32 Z4=1] SACols_3[X3=1 Z3=64] SARows_3[S3=3 C3=32 Z3=1] SACols_2[X2=1 Z2=64] SARows_2[S2=3 C2=32 Z2=1] SACols_1[X1=1 Z1=64] SARows_1[S1=3 C1=32 Z1=1] SACols_0[X0=1 Z0=64] SARows_0[S0=7 C0=3 Z0=1] InRegister[P=1 Q=1 Z16=1 C16=1 R16=1 S16=1 Y15=1 X15=1 Z15=1 C15=1 R15=1 S15=1 Y14=1 X14=1 Z14=1 C14=1 R14=1 S14=1 Y13=1 X13=1 Z13=1 C13=1 R13=1 S13=1 Y12=1 X12=1 Z12=1 C12=1 R12=1 S12=1 Y11=1 X11=1 Z11=1 C11=1 R11=1 S11=1 Y10=1 X10=1 Z10=1 C10=1 R10=1 S10=1 Y9=1 X9=1 Z9=1 C9=1 R9=1 S9=1 Y8=1 X8=1 Z8=1 C8=1 R8=1 S8=1 Y7=1 X7=1 Z7=1 C7=1 R7=1 S7=1 Y6=1 X6=1 Z6=1 C6=1 R6=1 S6=1 Y5=1 X5=1 Z5=1 C5=1 R5=1 S5=1 Y4=1 X4=1 Z4=1 C4=1 R4=1 S4=1 Y3=1 X3=1 Z3=1 C3=1 R3=1 S3=1 Y2=1 X2=1 Z2=1 C2=1 R2=1 S2=1 Y1=1 X1=1 Z1=1 C1=1 R1=1 S1=1 Y0=1 X0=1 Z0=1 C0=1 R0=1 S0=1] WRegister[P=1 Q=1 Z16=1 C16=16 R16=3 S16=1 Y15=1 X15=1 Z15=1 C15=16 R15=3 S15=1 Y14=1 X14=1 Z14=1 C14=16 R14=3 S14=1 Y13=1 X13=1 Z13=1 C13=8 R13=3 S13=1 Y12=1 X12=1 Z12=1 C12=8 R12=3 S12=1 Y11=1 X11=1 Z11=1 C11=8 R11=3 S11=1 Y10=1 X10=1 Z10=1 C10=8 R10=3 S10=1 Y9=1 X9=1 Z9=1 C9=4 R9=3 S9=1 Y8=1 X8=1 Z8=1 C8=4 R8=3 S8=1 Y7=1 X7=1 Z7=1 C7=4 R7=3 S7=1 Y6=1 X6=1 Z6=1 C6=4 R6=3 S6=1 Y5=1 X5=1 Z5=1 C5=2 R5=3 S5=1 Y4=1 X4=1 Z4=1 C4=2 R4=3 S4=1 Y3=1 X3=1 Z3=1 C3=2 R3=3 S3=1 Y2=1 X2=1 Z2=1 C2=2 R2=3 S2=1 Y1=1 X1=1 Z1=1 C1=2 R1=3 S1=1 Y0=1 X0=1 Z0=1 C0=1 R0=7 S0=1] IntermediateRegister[P=1 Q=1 Z16=1 C16=1 R16=1 S16=1 Y15=1 X15=1 Z15=8 C15=1 R15=1 S15=1 Y14=1 X14=1 Z14=8 C14=1 R14=1 S14=1 Y13=1 X13=1 Z13=8 C13=1 R13=1 S13=1 Y12=1 X12=1 Z12=4 C12=1 R12=1 S12=1 Y11=1 X11=1 Z11=4 C11=1 R11=1 S11=1 Y10=1 X10=1 Z10=4 C10=1 R10=1 S10=1 Y9=1 X9=1 Z9=4 C9=1 R9=1 S9=1 Y8=1 X8=1 Z8=2 C8=1 R8=1 S8=1 Y7=1 X7=1 Z7=2 C7=1 R7=1 S7=1 Y6=1 X6=1 Z6=2 C6=1 R6=1 S6=1 Y5=1 X5=1 Z5=2 C5=1 R5=1 S5=1 Y4=1 X4=1 Z4=1 C4=1 R4=1 S4=1 Y3=1 X3=1 Z3=1 C3=1 R3=1 S3=1 Y2=1 X2=1 Z2=1 C2=1 R2=1 S2=1 Y1=1 X1=1 Z1=1 C1=1 R1=1 S1=1 Y0=1 X0=1 Z0=1 C0=1 R0=1 S0=1] OutRegister[P=1 Q=1 Z16=8 C16=1 R16=1 S16=1 Y15=1 X15=1 Z15=1 C15=1 R15=1 S15=1 Y14=1 X14=1 Z14=1 C14=1 R14=1 S14=1 Y13=1 X13=1 Z13=1 C13=1 R13=1 S13=1 Y12=1 X12=1 Z12=1 C12=1 R12=1 S12=1 Y11=1 X11=1 Z11=1 C11=1 R11=1 S11=1 Y10=1 X10=1 Z10=1 C10=1 R10=1 S10=1 Y9=1 X9=1 Z9=1 C9=1 R9=1 S9=1 Y8=1 X8=1 Z8=1 C8=1 R8=1 S8=1 Y7=1 X7=1 Z7=1 C7=1 R7=1 S7=1 Y6=1 X6=1 Z6=1 C6=1 R6=1 S6=1 Y5=1 X5=1 Z5=1 C5=1 R5=1 S5=1 Y4=1 X4=1 Z4=1 C4=1 R4=1 S4=1 Y3=1 X3=1 Z3=1 C3=1 R3=1 S3=1 Y2=1 X2=1 Z2=1 C2=1 R2=1 S2=1 Y1=1 X1=1 Z1=1 C1=1 R1=1 S1=1 Y0=1 X0=1 Z0=1 C0=1 R0=1 S0=1] Compute] 
resnet18_17layer_2026-02-21T07:02:48.178551,resnet18,17layer,full,17,eyeriss,thesis_arch,1056,524,128,128,128,1,False,True,,1.158e+05,3.042e+06,3.61e+05,"(6536433856, 2543810304)",5.138537864013415e-05,0.3005034923553467,DRAM[P=7 Q=7 Z16=1 C16=1 R16=1 S16=1 Y15=7 X15=7 Z15=1 C15=1 R15=1 S15=1 Y14=7 X14=7 Z14=1 C14=1 R14=1 S14=1 Y13=14 X13=14 Z13=1 C13=1 R13=1 S13=1 Y12=14 X12=14 Z12=1 C12=1 R12=1 S12=1 Y11=14 X11=14 Z11=1 C11=1 R11=1 S11=1 Y10=14 X10=14 Z10=1 C10=1 R10=1 S10=1 Y9=28 X9=28 Z9=1 C9=1 R9=1 S9=1 Y8=28 X8=28 Z8=1 C8=1 R8=1 S8=1 Y7=28 X7=28 Z7=1 C7=1 R7=1 S7=1 Y6=28 X6=28 Z6=1 C6=1 R6=1 S6=1 Y5=56 X5=56 Z5=1 C5=1 R5=1 S5=1 Y4=56 X4=56 Z4=1 C4=1 R4=1 S4=1 Y3=56 X3=56 Z3=1 C3=1 R3=1 S3=1 Y2=56 X2=56 Z2=1 C2=1 R2=1 S2=1 Y1=56 X1=56 Z1=1 C1=1 R1=1 S1=1 Y0=112 X0=112 Z0=1 C0=1 R0=1 S0=1] GlobalBuffer[P=1 Q=1 Z16=1 C16=1 R16=1 S16=1 Y15=1 X15=1 Z15=1 C15=1 R15=1 S15=1 Y14=1 X14=1 Z14=1 C14=1 R14=1 S14=1 Y13=1 X13=1 Z13=1 C13=1 R13=1 S13=1 Y12=1 X12=1 Z12=1 C12=1 R12=1 S12=1 Y11=1 X11=1 Z11=1 C11=1 R11=1 S11=1 Y10=1 X10=1 Z10=1 C10=1 R10=1 S10=1 Y9=1 X9=1 Z9=1 C9=1 R9=1 S9=1 Y8=1 X8=1 Z8=1 C8=1 R8=1 S8=1 Y7=1 X7=1 Z7=1 C7=1 R7=1 S7=1 Y6=1 X6=1 Z6=1 C6=1 R6=1 S6=1 Y5=1 X5=1 Z5=1 C5=1 R5=1 S5=1 Y4=1 X4=1 Z4=1 C4=1 R4=1 S4=1 Y3=1 X3=1 Z3=1 C3=1 R3=1 S3=1 Y2=1 X2=1 Z2=1 C2=1 R2=1 S2=1 Y1=1 X1=1 Z1=1 C1=1 R1=1 S1=1 Y0=1 X0=1 Z0=1 C0=1 R0=1 S0=1] SACols[Q=1 Z16=128] SARows[S16=3 C16=32 Z16=1] SACols_15[X15=1 Z15=128] SARows_15[S15=3 C15=32 Z15=1] SACols_14[X14=1 Z14=128] SARows_14[S14=3 C14=32 Z14=1] SACols_13[X13=1 Z13=128] SARows_13[S13=3 C13=32 Z13=1] SACols_12[X12=1 Z12=128] SARows_12[S12=3 C12=32 Z12=1] SACols_11[X11=1 Z11=128] SARows_11[S11=3 C11=32 Z11=1] SACols_10[X10=1 Z10=128] SARows_10[S10=3 C10=32 Z10=1] SACols_9[X9=1 Z9=128] SARows_9[S9=3 C9=32 Z9=1] SACols_8[X8=1 Z8=128] SARows_8[S8=3 C8=32 Z8=1] SACols_7[X7=1 Z7=128] SARows_7[S7=3 C7=32 Z7=1] SACols_6[X6=1 Z6=128] SARows_6[S6=3 C6=32 Z6=1] SACols_5[X5=1 Z5=128] SARows_5[S5=3 C5=32 Z5=1] SACols_4[X4=1 Z4=64] SARows_4[S4=3 C4=32 Z4=1] SACols_3[X3=1 Z3=64] SARows_3[S3=3 C3=32 Z3=1] SACols_2[X2=1 Z2=64] SARows_2[S2=3 C2=32 Z2=1] SACols_1[X1=1 Z1=64] SARows_1[S1=3 C1=32 Z1=1] SACols_0[X0=1 Z0=64] SARows_0[S0=7 C0=3 Z0=1] InRegister[P=1 Q=1 Z16=1 C16=1 R16=1 S16=1 Y15=1 X15=1 Z15=1 C15=1 R15=1 S15=1 Y14=1 X14=1 Z14=1 C14=1 R14=1 S14=1 Y13=1 X13=1 Z13=1 C13=1 R13=1 S13=1 Y12=1 X12=1 Z12=1 C12=1 R12=1 S12=1 Y11=1 X11=1 Z11=1 C11=1 R11=1 S11=1 Y10=1 X10=1 Z10=1 C10=1 R10=1 S10=1 Y9=1 X9=1 Z9=1 C9=1 R9=1 S9=1 Y8=1 X8=1 Z8=1 C8=1 R8=1 S8=1 Y7=1 X7=1 Z7=1 C7=1 R7=1 S7=1 Y6=1 X6=1 Z6=1 C6=1 R6=1 S6=1 Y5=1 X5=1 Z5=1 C5=1 R5=1 S5=1 Y4=1 X4=1 Z4=1 C4=1 R4=1 S4=1 Y3=1 X3=1 Z3=1 C3=1 R3=1 S3=1 Y2=1 X2=1 Z2=1 C2=1 R2=1 S2=1 Y1=1 X1=1 Z1=1 C1=1 R1=1 S1=1 Y0=1 X0=1 Z0=1 C0=1 R0=1 S0=1] WRegister[P=1 Q=1 Z16=1 C16=16 R16=3 S16=1 Y15=1 X15=1 Z15=1 C15=16 R15=3 S15=1 Y14=1 X14=1 Z14=1 C14=16 R14=3 S14=1 Y13=1 X13=1 Z13=1 C13=8 R13=3 S13=1 Y12=1 X12=1 Z12=1 C12=8 R12=3 S12=1 Y11=1 X11=1 Z11=1 C11=8 R11=3 S11=1 Y10=1 X10=1 Z10=1 C10=8 R10=3 S10=1 Y9=1 X9=1 Z9=1 C9=4 R9=3 S9=1 Y8=1 X8=1 Z8=1 C8=4 R8=3 S8=1 Y7=1 X7=1 Z7=1 C7=4 R7=3 S7=1 Y6=1 X6=1 Z6=1 C6=4 R6=3 S6=1 Y5=1 X5=1 Z5=1 C5=2 R5=3 S5=1 Y4=1 X4=1 Z4=1 C4=2 R4=3 S4=1 Y3=1 X3=1 Z3=1 C3=2 R3=3 S3=1 Y2=1 X2=1 Z2=1 C2=2 R2=3 S2=1 Y1=1 X1=1 Z1=1 C1=2 R1=3 S1=1 Y0=1 X0=1 Z0=1 C0=1 R0=7 S0=1] IntermediateRegister[P=1 Q=1 Z16=1 C16=1 R16=1 S16=1 Y15=1 X15=1 Z15=4 C15=1 R15=1 S15=1 Y14=1 X14=1 Z14=4 C14=1 R14=1 S14=1 Y13=1 X13=1 Z13=4 C13=1 R13=1 S13=1 Y12=1 X12=1 Z12=2 C12=1 R12=1 S12=1 Y11=1 X11=1 Z11=2 C11=1 R11=1 S11=1 Y10=1 X10=1 Z10=2 C10=1 R10=1 S10=1 Y9=1 X9=1 Z9=2 C9=1 R9=1 S9=1 Y8=1 X8=1 Z8=1 C8=1 R8=1 S8=1 Y7=1 X7=1 Z7=1 C7=1 R7=1 S7=1 Y6=1 X6=1 Z6=1 C6=1 R6=1 S6=1 Y5=1 X5=1 Z5=1 C5=1 R5=1 S5=1 Y4=1 X4=1 Z4=1 C4=1 R4=1 S4=1 Y3=1 X3=1 Z3=1 C3=1 R3=1 S3=1 Y2=1 X2=1 Z2=1 C2=1 R2=1 S2=1 Y1=1 X1=1 Z1=1 C1=1 R1=1 S1=1 Y0=1 X0=1 Z0=1 C0=1 R0=1 S0=1] OutRegister[P=1 Q=1 Z16=4 C16=1 R16=1 S16=1 Y15=1 X15=1 Z15=1 C15=1 R15=1 S15=1 Y14=1 X14=1 Z14=1 C14=1 R14=1 S14=1 Y13=1 X13=1 Z13=1 C13=1 R13=1 S13=1 Y12=1 X12=1 Z12=1 C12=1 R12=1 S12=1 Y11=1 X11=1 Z11=1 C11=1 R11=1 S11=1 Y10=1 X10=1 Z10=1 C10=1 R10=1 S10=1 Y9=1 X9=1 Z9=1 C9=1 R9=1 S9=1 Y8=1 X8=1 Z8=1 C8=1 R8=1 S8=1 Y7=1 X7=1 Z7=1 C7=1 R7=1 S7=1 Y6=1 X6=1 Z6=1 C6=1 R6=1 S6=1 Y5=1 X5=1 Z5=1 C5=1 R5=1 S5=1 Y4=1 X4=1 Z4=1 C4=1 R4=1 S4=1 Y3=1 X3=1 Z3=1 C3=1 R3=1 S3=1 Y2=1 X2=1 Z2=1 C2=1 R2=1 S2=1 Y1=1 X1=1 Z1=1 C1=1 R1=1 S1=1 Y0=1 X0=1 Z0=1 C0=1 R0=1 S0=1] Compute] 
resnet18_17layer_2026-02-21T07:02:48.849443,resnet18,17layer,full,17,eyeriss,thesis_arch,1056,524,128,256,4,1,False,False,"Ill-posed constraints:
CONSTRAINTS VIOLATION: Arch: Eyeriss_Constrained_17L_tile1_4x256 -> Level: WRegister: memory footprint: 14318 VS memory available: 4000
CONSTRAINTS VIOLATION: Arch: Eyeriss_Constrained_17L_tile1_4x256 -> Level: IntermediateRegister: memory footprint: 834 VS memory available: 100
CONSTRAINTS VIOLATION: Arch: Eyeriss_Constrained_17L_tile1_4x256 -> Level: OutRegister: memory footprint: 128 VS memory available: 64",0.000e+00,0.000e+00,0.00e+00,0,0.0,0.0,
resnet18_17layer_2026-02-21T07:02:49.183807,resnet18,17layer,full,17,eyeriss,thesis_arch,1056,524,128,256,16,1,False,False,"Ill-posed constraints:
CONSTRAINTS VIOLATION: Arch: Eyeriss_Constrained_17L_tile1_16x256 -> Level: IntermediateRegister: memory footprint: 209 VS memory available: 100",0.000e+00,0.000e+00,0.00e+00,0,0.0,0.0,
resnet18_17layer_2026-02-21T07:02:49.491372,resnet18,17layer,full,17,eyeriss,thesis_arch,1056,524,128,256,32,1,False,False,"Ill-posed constraints:
CONSTRAINTS VIOLATION: Arch: Eyeriss_Constrained_17L_tile1_32x256 -> Level: IntermediateRegister: memory footprint: 105 VS memory available: 100",0.000e+00,0.000e+00,0.00e+00,0,0.0,0.0,
resnet18_17layer_2026-02-21T07:02:50.038896,resnet18,17layer,full,17,eyeriss,thesis_arch,1056,524,128,256,64,1,False,True,,1.141e+05,3.042e+06,3.53e+05,"(6237786304, 2736486144)",0.0008221660582421464,0.4032924175262451,DRAM[P=7 Q=7 Z16=1 C16=1 R16=1 S16=1 Y15=7 X15=7 Z15=1 C15=1 R15=1 S15=1 Y14=7 X14=7 Z14=1 C14=1 R14=1 S14=1 Y13=14 X13=14 Z13=1 C13=1 R13=1 S13=1 Y12=14 X12=14 Z12=1 C12=1 R12=1 S12=1 Y11=14 X11=14 Z11=1 C11=1 R11=1 S11=1 Y10=14 X10=14 Z10=1 C10=1 R10=1 S10=1 Y9=28 X9=28 Z9=1 C9=1 R9=1 S9=1 Y8=28 X8=28 Z8=1 C8=1 R8=1 S8=1 Y7=28 X7=28 Z7=1 C7=1 R7=1 S7=1 Y6=28 X6=28 Z6=1 C6=1 R6=1 S6=1 Y5=56 X5=56 Z5=1 C5=1 R5=1 S5=1 Y4=56 X4=56 Z4=1 C4=1 R4=1 S4=1 Y3=56 X3=56 Z3=1 C3=1 R3=1 S3=1 Y2=56 X2=56 Z2=1 C2=1 R2=1 S2=1 Y1=56 X1=56 Z1=1 C1=1 R1=1 S1=1 Y0=112 X0=112 Z0=1 C0=1 R0=1 S0=1] GlobalBuffer[P=1 Q=1 Z16=1 C16=1 R16=1 S16=1 Y15=1 X15=1 Z15=1 C15=1 R15=1 S15=1 Y14=1 X14=1 Z14=1 C14=1 R14=1 S14=1 Y13=1 X13=1 Z13=1 C13=1 R13=1 S13=1 Y12=1 X12=1 Z12=1 C12=1 R12=1 S12=1 Y11=1 X11=1 Z11=1 C11=1 R11=1 S11=1 Y10=1 X10=1 Z10=1 C10=1 R10=1 S10=1 Y9=1 X9=1 Z9=1 C9=1 R9=1 S9=1 Y8=1 X8=1 Z8=1 C8=1 R8=1 S8=1 Y7=1 X7=1 Z7=1 C7=1 R7=1 S7=1 Y6=1 X6=1 Z6=1 C6=1 R6=1 S6=1 Y5=1 X5=1 Z5=1 C5=1 R5=1 S5=1 Y4=1 X4=1 Z4=1 C4=1 R4=1 S4=1 Y3=1 X3=1 Z3=1 C3=1 R3=1 S3=1 Y2=1 X2=1 Z2=1 C2=1 R2=1 S2=1 Y1=1 X1=1 Z1=1 C1=1 R1=1 S1=1 Y0=1 X0=1 Z0=1 C0=1 R0=1 S0=1] SACols[Q=1 Z16=64] SARows[S16=3 C16=64 Z16=1] SACols_15[X15=1 Z15=64] SARows_15[S15=3 C15=64 Z15=1] SACols_14[X14=1 Z14=64] SARows_14[S14=3 C14=64 Z14=1] SACols_13[X13=1 Z13=64] SARows_13[S13=3 C13=64 Z13=1] SACols_12[X12=1 Z12=64] SARows_12[S12=3 C12=64 Z12=1] SACols_11[X11=1 Z11=64] SARows_11[S11=3 C11=64 Z11=1] SACols_10[X10=1 Z10=64] SARows_10[S10=3 C10=64 Z10=1] SACols_9[X9=1 Z9=64] SARows_9[S9=3 C9=64 Z9=1] SACols_8[X8=1 Z8=64] SARows_8[S8=3 C8=64 Z8=1] SACols_7[X7=1 Z7=64] SARows_7[S7=3 C7=64 Z7=1] SACols_6[X6=1 Z6=64] SARows_6[S6=3 C6=64 Z6=1] SACols_5[X5=1 Z5=64] SARows_5[S5=3 C5=64 Z5=1] SACols_4[X4=1 Z4=64] SARows_4[S4=3 C4=64 Z4=1] SACols_3[X3=1 Z3=64] SARows_3[S3=3 C3=64 Z3=1] SACols_2[X2=1 Z2=64] SARows_2[S2=3 C2=64 Z2=1] SACols_1[X1=1 Z1=64] SARows_1[S1=3 C1=64 Z1=1] SACols_0[X0=1 Z0=64] SARows_0[S0=7 C0=3 Z0=1] InRegister[P=1 Q=1 Z16=1 C16=1 R16=1 S16=1 Y15=1 X15=1 Z15=1 C15=1 R15=1 S15=1 Y14=1 X14=1 Z14=1 C14=1 R14=1 S14=1 Y13=1 X13=1 Z13=1 C13=1 R13=1 S13=1 Y12=1 X12=1 Z12=1 C12=1 R12=1 S12=1 Y11=1 X11=1 Z11=1 C11=1 R11=1 S11=1 Y10=1 X10=1 Z10=1 C10=1 R10=1 S10=1 Y9=1 X9=1 Z9=1 C9=1 R9=1 S9=1 Y8=1 X8=1 Z8=1 C8=1 R8=1 S8=1 Y7=1 X7=1 Z7=1 C7=1 R7=1 S7=1 Y6=1 X6=1 Z6=1 C6=1 R6=1 S6=1 Y5=1 X5=1 Z5=1 C5=1 R5=1 S5=1 Y4=1 X4=1 Z4=1 C4=1 R4=1 S4=1 Y3=1 X3=1 Z3=1 C3=1 R3=1 S3=1 Y2=1 X2=1 Z2=1 C2=1 R2=1 S2=1 Y1=1 X1=1 Z1=1 C1=1 R1=1 S1=1 Y0=1 X0=1 Z0=1 C0=1 R0=1 S0=1] WRegister[P=1 Q=1 Z16=1 C16=8 R16=3 S16=1 Y15=1 X15=1 Z15=1 C15=8 R15=3 S15=1 Y14=1 X14=1 Z14=1 C14=8 R14=3 S14=1 Y13=1 X13=1 Z13=1 C13=4 R13=3 S13=1 Y12=1 X12=1 Z12=1 C12=4 R12=3 S12=1 Y11=1 X11=1 Z11=1 C11=4 R11=3 S11=1 Y10=1 X10=1 Z10=1 C10=4 R10=3 S10=1 Y9=1 X9=1 Z9=1 C9=2 R9=3 S9=1 Y8=1 X8=1 Z8=1 C8=2 R8=3 S8=1 Y7=1 X7=1 Z7=1 C7=2 R7=3 S7=1 Y6=1 X6=1 Z6=1 C6=2 R6=3 S6=1 Y5=1 X5=1 Z5=1 C5=1 R5=3 S5=1 Y4=1 X4=1 Z4=1 C4=1 R4=3 S4=1 Y3=1 X3=1 Z3=1 C3=1 R3=3 S3=1 Y2=1 X2=1 Z2=1 C2=1 R2=3 S2=1 Y1=1 X1=1 Z1=1 C1=1 R1=3 S1=1 Y0=1 X0=1 Z0=1 C0=1 R0=7 S0=1] IntermediateRegister[P=1 Q=1 Z16=1 C16=1 R16=1 S16=1 Y15=1 X15=1 Z15=8 C15=1 R15=1 S15=1 Y14=1 X14=1 Z14=8 C14=1 R14=1 S14=1 Y13=1 X13=1 Z13=8 C13=1 R13=1 S13=1 Y12=1 X12=1 Z12=4 C12=1 R12=1 S12=1 Y11=1 X11=1 Z11=4 C11=1 R11=1 S11=1 Y10=1 X10=1 Z10=4 C10=1 R10=1 S10=1 Y9=1 X9=1 Z9=4 C9=1 R9=1 S9=1 Y8=1 X8=1 Z8=2 C8=1 R8=1 S8=1 Y7=1 X7=1 Z7=2 C7=1 R7=1 S7=1 Y6=1 X6=1 Z6=2 C6=1 R6=1 S6=1 Y5=1 X5=1 Z5=2 C5=1 R5=1 S5=1 Y4=1 X4=1 Z4=1 C4=1 R4=1 S4=1 Y3=1 X3=1 Z3=1 C3=1 R3=1 S3=1 Y2=1 X2=1 Z2=1 C2=1 R2=1 S2=1 Y1=1 X1=1 Z1=1 C1=1 R1=1 S1=1 Y0=1 X0=1 Z0=1 C0=1 R0=1 S0=1] OutRegister[P=1 Q=1 Z16=8 C16=1 R16=1 S16=1 Y15=1 X15=1 Z15=1 C15=1 R15=1 S15=1 Y14=1 X14=1 Z14=1 C14=1 R14=1 S14=1 Y13=1 X13=1 Z13=1 C13=1 R13=1 S13=1 Y12=1 X12=1 Z12=1 C12=1 R12=1 S12=1 Y11=1 X11=1 Z11=1 C11=1 R11=1 S11=1 Y10=1 X10=1 Z10=1 C10=1 R10=1 S10=1 Y9=1 X9=1 Z9=1 C9=1 R9=1 S9=1 Y8=1 X8=1 Z8=1 C8=1 R8=1 S8=1 Y7=1 X7=1 Z7=1 C7=1 R7=1 S7=1 Y6=1 X6=1 Z6=1 C6=1 R6=1 S6=1 Y5=1 X5=1 Z5=1 C5=1 R5=1 S5=1 Y4=1 X4=1 Z4=1 C4=1 R4=1 S4=1 Y3=1 X3=1 Z3=1 C3=1 R3=1 S3=1 Y2=1 X2=1 Z2=1 C2=1 R2=1 S2=1 Y1=1 X1=1 Z1=1 C1=1 R1=1 S1=1 Y0=1 X0=1 Z0=1 C0=1 R0=1 S0=1] Compute] 
resnet18_17layer_2026-02-21T07:02:51.100310,resnet18,17layer,full,17,eyeriss,thesis_arch,1056,524,128,512,4,1,False,False,"Ill-posed constraints:
CONSTRAINTS VIOLATION: Arch: Eyeriss_Constrained_17L_tile1_4x512 -> Level: WRegister: memory footprint: 7159 VS memory available: 4000
CONSTRAINTS VIOLATION: Arch: Eyeriss_Constrained_17L_tile1_4x512 -> Level: IntermediateRegister: memory footprint: 785 VS memory available: 100
CONSTRAINTS VIOLATION: Arch: Eyeriss_Constrained_17L_tile1_4x512 -> Level: OutRegister: memory footprint: 128 VS memory available: 64",0.000e+00,0.000e+00,0.00e+00,0,0.0,0.0,
resnet18_17layer_2026-02-21T07:02:51.549504,resnet18,17layer,full,17,eyeriss,thesis_arch,1056,524,128,512,16,1,False,False,"Ill-posed constraints:
CONSTRAINTS VIOLATION: Arch: Eyeriss_Constrained_17L_tile1_16x512 -> Level: IntermediateRegister: memory footprint: 197 VS memory available: 100",0.000e+00,0.000e+00,0.00e+00,0,0.0,0.0,
resnet18_17layer_2026-02-21T07:02:51.828718,resnet18,17layer,full,17,eyeriss,thesis_arch,1056,524,128,512,32,1,False,True,,1.136e+05,3.042e+06,3.51e+05,"(6204068032, 2890626816)",0.0008221660582421464,0.3006722927093506,DRAM[P=7 Q=7 Z16=1 C16=1 R16=1 S16=1 Y15=7 X15=7 Z15=1 C15=1 R15=1 S15=1 Y14=7 X14=7 Z14=1 C14=1 R14=1 S14=1 Y13=14 X13=14 Z13=1 C13=1 R13=1 S13=1 Y12=14 X12=14 Z12=1 C12=1 R12=1 S12=1 Y11=14 X11=14 Z11=1 C11=1 R11=1 S11=1 Y10=14 X10=14 Z10=1 C10=1 R10=1 S10=1 Y9=28 X9=28 Z9=1 C9=1 R9=1 S9=1 Y8=28 X8=28 Z8=1 C8=1 R8=1 S8=1 Y7=28 X7=28 Z7=1 C7=1 R7=1 S7=1 Y6=28 X6=28 Z6=1 C6=1 R6=1 S6=1 Y5=56 X5=56 Z5=1 C5=1 R5=1 S5=1 Y4=56 X4=56 Z4=1 C4=1 R4=1 S4=1 Y3=56 X3=56 Z3=1 C3=1 R3=1 S3=1 Y2=56 X2=56 Z2=1 C2=1 R2=1 S2=1 Y1=56 X1=56 Z1=1 C1=1 R1=1 S1=1 Y0=112 X0=112 Z0=1 C0=1 R0=1 S0=1] GlobalBuffer[P=1 Q=1 Z16=1 C16=1 R16=1 S16=1 Y15=1 X15=1 Z15=1 C15=1 R15=1 S15=1 Y14=1 X14=1 Z14=1 C14=1 R14=1 S14=1 Y13=1 X13=1 Z13=1 C13=1 R13=1 S13=1 Y12=1 X12=1 Z12=1 C12=1 R12=1 S12=1 Y11=1 X11=1 Z11=1 C11=1 R11=1 S11=1 Y10=1 X10=1 Z10=1 C10=1 R10=1 S10=1 Y9=1 X9=1 Z9=1 C9=1 R9=1 S9=1 Y8=1 X8=1 Z8=1 C8=1 R8=1 S8=1 Y7=1 X7=1 Z7=1 C7=1 R7=1 S7=1 Y6=1 X6=1 Z6=1 C6=1 R6=1 S6=1 Y5=1 X5=1 Z5=1 C5=1 R5=1 S5=1 Y4=1 X4=1 Z4=1 C4=1 R4=1 S4=1 Y3=1 X3=1 Z3=1 C3=1 R3=1 S3=1 Y2=1 X2=1 Z2=1 C2=1 R2=1 S2=1 Y1=1 X1=1 Z1=1 C1=1 R1=1 S1=1 Y0=1 X0=1 Z0=1 C0=1 R0=1 S0=1] SACols[Q=1 Z16=32] SARows[S16=3 C16=128 Z16=1] SACols_15[X15=1 Z15=32] SARows_15[S15=3 C15=128 Z15=1] SACols_14[X14=1 Z14=32] SARows_14[S14=3 C14=128 Z14=1] SACols_13[X13=1 Z13=32] SARows_13[S13=3 C13=128 Z13=1] SACols_12[X12=1 Z12=32] SARows_12[S12=3 C12=128 Z12=1] SACols_11[X11=1 Z11=32] SARows_11[S11=3 C11=128 Z11=1] SACols_10[X10=1 Z10=32] SARows_10[S10=3 C10=128 Z10=1] SACols_9[X9=1 Z9=32] SARows_9[S9=3 C9=128 Z9=1] SACols_8[X8=1 Z8=32] SARows_8[S8=3 C8=128 Z8=1] SACols_7[X7=1 Z7=32] SARows_7[S7=3 C7=128 Z7=1] SACols_6[X6=1 Z6=32] SARows_6[S6=3 C6=128 Z6=1] SACols_5[X5=1 Z5=32] SARows_5[S5=3 C5=64 Z5=2] SACols_4[X4=1 Z4=32] SARows_4[S4=3 C4=64 Z4=2] SACols_3[X3=1 Z3=32] SARows_3[S3=3 C3=64 Z3=2] SACols_2[X2=1 Z2=32] SARows_2[S2=3 C2=64 Z2=2] SACols_1[X1=1 Z1=32] SARows_1[S1=3 C1=64 Z1=2] SACols_0[X0=1 Z0=32] SARows_0[S0=7 C0=3 Z0=2] InRegister[P=1 Q=1 Z16=1 C16=1 R16=1 S16=1 Y15=1 X15=1 Z15=1 C15=1 R15=1 S15=1 Y14=1 X14=1 Z14=1 C14=1 R14=1 S14=1 Y13=1 X13=1 Z13=1 C13=1 R13=1 S13=1 Y12=1 X12=1 Z12=1 C12=1 R12=1 S12=1 Y11=1 X11=1 Z11=1 C11=1 R11=1 S11=1 Y10=1 X10=1 Z10=1 C10=1 R10=1 S10=1 Y9=1 X9=1 Z9=1 C9=1 R9=1 S9=1 Y8=1 X8=1 Z8=1 C8=1 R8=1 S8=1 Y7=1 X7=1 Z7=1 C7=1 R7=1 S7=1 Y6=1 X6=1 Z6=1 C6=1 R6=1 S6=1 Y5=1 X5=1 Z5=1 C5=1 R5=1 S5=1 Y4=1 X4=1 Z4=1 C4=1 R4=1 S4=1 Y3=1 X3=1 Z3=1 C3=1 R3=1 S3=1 Y2=1 X2=1 Z2=1 C2=1 R2=1 S2=1 Y1=1 X1=1 Z1=1 C1=1 R1=1 S1=1 Y0=1 X0=1 Z0=1 C0=1 R0=1 S0=1] WRegister[P=1 Q=1 Z16=1 C16=4 R16=3 S16=1 Y15=1 X15=1 Z15=1 C15=4 R15=3 S15=1 Y14=1 X14=1 Z14=1 C14=4 R14=3 S14=1 Y13=1 X13=1 Z13=1 C13=2 R13=3 S13=1 Y12=1 X12=1 Z12=1 C12=2 R12=3 S12=1 Y11=1 X11=1 Z11=1 C11=2 R11=3 S11=1 Y10=1 X10=1 Z10=1 C10=2 R10=3 S10=1 Y9=1 X9=1 Z9=1 C9=1 R9=3 S9=1 Y8=1 X8=1 Z8=1 C8=1 R8=3 S8=1 Y7=1 X7=1 Z7=1 C7=1 R7=3 S7=1 Y6=1 X6=1 Z6=1 C6=1 R6=3 S6=1 Y5=1 X5=1 Z5=1 C5=1 R5=3 S5=1 Y4=1 X4=1 Z4=1 C4=1 R4=3 S4=1 Y3=1 X3=1 Z3=1 C3=1 R3=3 S3=1 Y2=1 X2=1 Z2=1 C2=1 R2=3 S2=1 Y1=1 X1=1 Z1=1 C1=1 R1=3 S1=1 Y0=1 X0=1 Z0=1 C0=1 R0=7 S0=1] IntermediateRegister[P=1 Q=1 Z16=1 C16=1 R16=1 S16=1 Y15=1 X15=1 Z15=16 C15=1 R15=1 S15=1 Y14=1 X14=1 Z14=16 C14=1 R14=1 S14=1 Y13=1 X13=1 Z13=16 C13=1 R13=1 S13=1 Y12=1 X12=1 Z12=8 C12=1 R12=1 S12=1 Y11=1 X11=1 Z11=8 C11=1 R11=1 S11=1 Y10=1 X10=1 Z10=8 C10=1 R10=1 S10=1 Y9=1 X9=1 Z9=8 C9=1 R9=1 S9=1 Y8=1 X8=1 Z8=4 C8=1 R8=1 S8=1 Y7=1 X7=1 Z7=4 C7=1 R7=1 S7=1 Y6=1 X6=1 Z6=4 C6=1 R6=1 S6=1 Y5=1 X5=1 Z5=2 C5=1 R5=1 S5=1 Y4=1 X4=1 Z4=1 C4=1 R4=1 S4=1 Y3=1 X3=1 Z3=1 C3=1 R3=1 S3=1 Y2=1 X2=1 Z2=1 C2=1 R2=1 S2=1 Y1=1 X1=1 Z1=1 C1=1 R1=1 S1=1 Y0=1 X0=1 Z0=1 C0=1 R0=1 S0=1] OutRegister[P=1 Q=1 Z16=16 C16=1 R16=1 S16=1 Y15=1 X15=1 Z15=1 C15=1 R15=1 S15=1 Y14=1 X14=1 Z14=1 C14=1 R14=1 S14=1 Y13=1 X13=1 Z13=1 C13=1 R13=1 S13=1 Y12=1 X12=1 Z12=1 C12=1 R12=1 S12=1 Y11=1 X11=1 Z11=1 C11=1 R11=1 S11=1 Y10=1 X10=1 Z10=1 C10=1 R10=1 S10=1 Y9=1 X9=1 Z9=1 C9=1 R9=1 S9=1 Y8=1 X8=1 Z8=1 C8=1 R8=1 S8=1 Y7=1 X7=1 Z7=1 C7=1 R7=1 S7=1 Y6=1 X6=1 Z6=1 C6=1 R6=1 S6=1 Y5=1 X5=1 Z5=1 C5=1 R5=1 S5=1 Y4=1 X4=1 Z4=1 C4=1 R4=1 S4=1 Y3=1 X3=1 Z3=1 C3=1 R3=1 S3=1 Y2=1 X2=1 Z2=1 C2=1 R2=1 S2=1 Y1=1 X1=1 Z1=1 C1=1 R1=1 S1=1 Y0=1 X0=1 Z0=1 C0=1 R0=1 S0=1] Compute] 
resnet18_17layer_2026-02-21T07:02:52.546762,resnet18,17layer,full,17,eyeriss,thesis_arch,1056,524,128,4,4,1,False,False,"Arch: Eyeriss_Constrained_17L_tile1_4x4 -> Level: SARows_0: Failed to fit comp to arch because the level's constraint (S0: 4) does not divide comp dimension S0 (7) exactly. To compensate, consider setting 'Settings.PADDED_MAPPINGS' to True.",0.000e+00,0.000e+00,0.00e+00,0,0.0,0.0,
resnet18_17layer_2026-02-21T07:02:52.930746,resnet18,17layer,full,17,eyeriss,thesis_arch,1056,524,128,4,16,1,False,False,"Arch: Eyeriss_Constrained_17L_tile1_16x4 -> Level: SARows_0: Failed to fit comp to arch because the level's constraint (S0: 4) does not divide comp dimension S0 (7) exactly. To compensate, consider setting 'Settings.PADDED_MAPPINGS' to True.",0.000e+00,0.000e+00,0.00e+00,0,0.0,0.0,
resnet18_17layer_2026-02-21T07:02:53.300779,resnet18,17layer,full,17,eyeriss,thesis_arch,1056,524,128,4,32,1,False,False,"Arch: Eyeriss_Constrained_17L_tile1_32x4 -> Level: SARows_0: Failed to fit comp to arch because the level's constraint (S0: 4) does not divide comp dimension S0 (7) exactly. To compensate, consider setting 'Settings.PADDED_MAPPINGS' to True.",0.000e+00,0.000e+00,0.00e+00,0,0.0,0.0,
resnet18_17layer_2026-02-21T07:02:53.660381,resnet18,17layer,full,17,eyeriss,thesis_arch,1056,524,128,4,64,1,False,False,"Arch: Eyeriss_Constrained_17L_tile1_64x4 -> Level: SARows_0: Failed to fit comp to arch because the level's constraint (S0: 4) does not divide comp dimension S0 (7) exactly. To compensate, consider setting 'Settings.PADDED_MAPPINGS' to True.",0.000e+00,0.000e+00,0.00e+00,0,0.0,0.0,
resnet18_17layer_2026-02-21T07:02:54.252536,resnet18,17layer,full,17,eyeriss,thesis_arch,1056,524,128,4,128,1,False,False,"Arch: Eyeriss_Constrained_17L_tile1_128x4 -> Level: SARows_0: Failed to fit comp to arch because the level's constraint (S0: 4) does not divide comp dimension S0 (7) exactly. To compensate, consider setting 'Settings.PADDED_MAPPINGS' to True.",0.000e+00,0.000e+00,0.00e+00,0,0.0,0.0,
resnet18_17layer_2026-02-21T07:02:55.008682,resnet18,17layer,full,17,eyeriss,thesis_arch,1056,524,128,4,256,1,False,False,"Arch: Eyeriss_Constrained_17L_tile1_256x4 -> Level: SARows_0: Failed to fit comp to arch because the level's constraint (S0: 4) does not divide comp dimension S0 (7) exactly. To compensate, consider setting 'Settings.PADDED_MAPPINGS' to True.",0.000e+00,0.000e+00,0.00e+00,0,0.0,0.0,
resnet18_17layer_2026-02-21T07:02:55.548271,resnet18,17layer,full,17,eyeriss,thesis_arch,1056,524,128,4,512,1,False,False,"Arch: Eyeriss_Constrained_17L_tile1_512x4 -> Level: SARows_0: Failed to fit comp to arch because the level's constraint (S0: 4) does not divide comp dimension S0 (7) exactly. To compensate, consider setting 'Settings.PADDED_MAPPINGS' to True.",0.000e+00,0.000e+00,0.00e+00,0,0.0,0.0,
resnet18_17layer_2026-02-21T07:02:56.182164,resnet18,17layer,full,17,eyeriss,thesis_arch,1056,524,128,16,4,1,False,False,"Ill-posed constraints:
CONSTRAINTS VIOLATION: Arch: Eyeriss_Constrained_17L_tile1_4x16 -> Level: InRegister: memory footprint: 2584 VS memory available: 400
CONSTRAINTS VIOLATION: Arch: Eyeriss_Constrained_17L_tile1_4x16 -> Level: WRegister: memory footprint: 229032 VS memory available: 4000
CONSTRAINTS VIOLATION: Arch: Eyeriss_Constrained_17L_tile1_4x16 -> Level: IntermediateRegister: memory footprint: 840 VS memory available: 200
CONSTRAINTS VIOLATION: Arch: Eyeriss_Constrained_17L_tile1_4x16 -> Level: OutRegister: memory footprint: 128 VS memory available: 64",0.000e+00,0.000e+00,0.00e+00,0,0.0,0.0,
resnet18_17layer_2026-02-21T07:02:56.785035,resnet18,17layer,full,17,eyeriss,thesis_arch,1056,524,128,16,16,1,False,False,"Ill-posed constraints:
CONSTRAINTS VIOLATION: Arch: Eyeriss_Constrained_17L_tile1_16x16 -> Level: InRegister: memory footprint: 2584 VS memory available: 400
CONSTRAINTS VIOLATION: Arch: Eyeriss_Constrained_17L_tile1_16x16 -> Level: WRegister: memory footprint: 57258 VS memory available: 4000
CONSTRAINTS VIOLATION: Arch: Eyeriss_Constrained_17L_tile1_16x16 -> Level: IntermediateRegister: memory footprint: 210 VS memory available: 200",0.000e+00,0.000e+00,0.00e+00,0,0.0,0.0,
resnet18_17layer_2026-02-21T07:02:57.955634,resnet18,17layer,full,17,eyeriss,thesis_arch,1056,524,128,16,32,1,False,False,"Ill-posed constraints:
CONSTRAINTS VIOLATION: Arch: Eyeriss_Constrained_17L_tile1_32x16 -> Level: InRegister: memory footprint: 2584 VS memory available: 400
CONSTRAINTS VIOLATION: Arch: Eyeriss_Constrained_17L_tile1_32x16 -> Level: WRegister: memory footprint: 28629 VS memory available: 4000",0.000e+00,0.000e+00,0.00e+00,0,0.0,0.0,
resnet18_17layer_2026-02-21T07:02:58.811007,resnet18,17layer,full,17,eyeriss,thesis_arch,1056,524,128,16,64,1,False,False,"Ill-posed constraints:
CONSTRAINTS VIOLATION: Arch: Eyeriss_Constrained_17L_tile1_64x16 -> Level: InRegister: memory footprint: 2584 VS memory available: 400
CONSTRAINTS VIOLATION: Arch: Eyeriss_Constrained_17L_tile1_64x16 -> Level: WRegister: memory footprint: 14325 VS memory available: 4000",0.000e+00,0.000e+00,0.00e+00,0,0.0,0.0,
resnet18_17layer_2026-02-21T07:02:59.468390,resnet18,17layer,full,17,eyeriss,thesis_arch,1056,524,128,16,128,1,False,False,"Ill-posed constraints:
CONSTRAINTS VIOLATION: Arch: Eyeriss_Constrained_17L_tile1_128x16 -> Level: InRegister: memory footprint: 2584 VS memory available: 400
CONSTRAINTS VIOLATION: Arch: Eyeriss_Constrained_17L_tile1_128x16 -> Level: WRegister: memory footprint: 7269 VS memory available: 4000",0.000e+00,0.000e+00,0.00e+00,0,0.0,0.0,
resnet18_17layer_2026-02-21T07:03:00.245573,resnet18,17layer,full,17,eyeriss,thesis_arch,1056,524,128,16,256,1,False,False,"Ill-posed constraints:
CONSTRAINTS VIOLATION: Arch: Eyeriss_Constrained_17L_tile1_256x16 -> Level: InRegister: memory footprint: 2584 VS memory available: 400",0.000e+00,0.000e+00,0.00e+00,0,0.0,0.0,
resnet18_17layer_2026-02-21T07:03:00.843766,resnet18,17layer,full,17,eyeriss,thesis_arch,1056,524,128,16,512,1,False,False,"Ill-posed constraints:
CONSTRAINTS VIOLATION: Arch: Eyeriss_Constrained_17L_tile1_512x16 -> Level: InRegister: memory footprint: 2584 VS memory available: 400",0.000e+00,0.000e+00,0.00e+00,0,0.0,0.0,
resnet18_17layer_2026-02-21T07:03:01.388011,resnet18,17layer,full,17,eyeriss,thesis_arch,1056,524,128,32,4,1,False,False,"Ill-posed constraints:
CONSTRAINTS VIOLATION: Arch: Eyeriss_Constrained_17L_tile1_4x32 -> Level: InRegister: memory footprint: 1286 VS memory available: 400
CONSTRAINTS VIOLATION: Arch: Eyeriss_Constrained_17L_tile1_4x32 -> Level: WRegister: memory footprint: 114544 VS memory available: 4000
CONSTRAINTS VIOLATION: Arch: Eyeriss_Constrained_17L_tile1_4x32 -> Level: IntermediateRegister: memory footprint: 848 VS memory available: 200
CONSTRAINTS VIOLATION: Arch: Eyeriss_Constrained_17L_tile1_4x32 -> Level: OutRegister: memory footprint: 128 VS memory available: 64",0.000e+00,0.000e+00,0.00e+00,0,0.0,0.0,
resnet18_17layer_2026-02-21T07:03:02.254093,resnet18,17layer,full,17,eyeriss,thesis_arch,1056,524,128,32,16,1,False,False,"Ill-posed constraints:
CONSTRAINTS VIOLATION: Arch: Eyeriss_Constrained_17L_tile1_16x32 -> Level: InRegister: memory footprint: 1286 VS memory available: 400
CONSTRAINTS VIOLATION: Arch: Eyeriss_Constrained_17L_tile1_16x32 -> Level: WRegister: memory footprint: 28636 VS memory available: 4000
CONSTRAINTS VIOLATION: Arch: Eyeriss_Constrained_17L_tile1_16x32 -> Level: IntermediateRegister: memory footprint: 212 VS memory available: 200",0.000e+00,0.000e+00,0.00e+00,0,0.0,0.0,
resnet18_17layer_2026-02-21T07:03:02.893602,resnet18,17layer,full,17,eyeriss,thesis_arch,1056,524,128,32,32,1,False,False,"Ill-posed constraints:
CONSTRAINTS VIOLATION: Arch: Eyeriss_Constrained_17L_tile1_32x32 -> Level: InRegister: memory footprint: 1286 VS memory available: 400
CONSTRAINTS VIOLATION: Arch: Eyeriss_Constrained_17L_tile1_32x32 -> Level: WRegister: memory footprint: 14318 VS memory available: 4000",0.000e+00,0.000e+00,0.00e+00,0,0.0,0.0,
resnet18_17layer_2026-02-21T07:03:03.333418,resnet18,17layer,full,17,eyeriss,thesis_arch,1056,524,128,32,64,1,False,False,"Ill-posed constraints:
CONSTRAINTS VIOLATION: Arch: Eyeriss_Constrained_17L_tile1_64x32 -> Level: InRegister: memory footprint: 1286 VS memory available: 400
CONSTRAINTS VIOLATION: Arch: Eyeriss_Constrained_17L_tile1_64x32 -> Level: WRegister: memory footprint: 7159 VS memory available: 4000",0.000e+00,0.000e+00,0.00e+00,0,0.0,0.0,
resnet18_17layer_2026-02-21T07:03:03.696395,resnet18,17layer,full,17,eyeriss,thesis_arch,1056,524,128,32,128,1,False,False,"Ill-posed constraints:
CONSTRAINTS VIOLATION: Arch: Eyeriss_Constrained_17L_tile1_128x32 -> Level: InRegister: memory footprint: 1286 VS memory available: 400",0.000e+00,0.000e+00,0.00e+00,0,0.0,0.0,
resnet18_17layer_2026-02-21T07:03:04.071882,resnet18,17layer,full,17,eyeriss,thesis_arch,1056,524,128,32,256,1,False,False,"Ill-posed constraints:
CONSTRAINTS VIOLATION: Arch: Eyeriss_Constrained_17L_tile1_256x32 -> Level: InRegister: memory footprint: 1286 VS memory available: 400",0.000e+00,0.000e+00,0.00e+00,0,0.0,0.0,
resnet18_17layer_2026-02-21T07:03:04.594275,resnet18,17layer,full,17,eyeriss,thesis_arch,1056,524,128,32,512,1,False,False,"Ill-posed constraints:
CONSTRAINTS VIOLATION: Arch: Eyeriss_Constrained_17L_tile1_512x32 -> Level: InRegister: memory footprint: 1286 VS memory available: 400",0.000e+00,0.000e+00,0.00e+00,0,0.0,0.0,
resnet18_17layer_2026-02-21T07:03:05.097820,resnet18,17layer,full,17,eyeriss,thesis_arch,1056,524,128,64,4,1,False,False,"Ill-posed constraints:
CONSTRAINTS VIOLATION: Arch: Eyeriss_Constrained_17L_tile1_4x64 -> Level: InRegister: memory footprint: 650 VS memory available: 400
CONSTRAINTS VIOLATION: Arch: Eyeriss_Constrained_17L_tile1_4x64 -> Level: WRegister: memory footprint: 57272 VS memory available: 4000
CONSTRAINTS VIOLATION: Arch: Eyeriss_Constrained_17L_tile1_4x64 -> Level: IntermediateRegister: memory footprint: 840 VS memory available: 200
CONSTRAINTS VIOLATION: Arch: Eyeriss_Constrained_17L_tile1_4x64 -> Level: OutRegister: memory footprint: 128 VS memory available: 64",0.000e+00,0.000e+00,0.00e+00,0,0.0,0.0,
resnet18_17layer_2026-02-21T07:03:06.320253,resnet18,17layer,full,17,eyeriss,thesis_arch,1056,524,128,64,16,1,False,False,"Ill-posed constraints:
CONSTRAINTS VIOLATION: Arch: Eyeriss_Constrained_17L_tile1_16x64 -> Level: InRegister: memory footprint: 650 VS memory available: 400
CONSTRAINTS VIOLATION: Arch: Eyeriss_Constrained_17L_tile1_16x64 -> Level: WRegister: memory footprint: 14318 VS memory available: 4000
CONSTRAINTS VIOLATION: Arch: Eyeriss_Constrained_17L_tile1_16x64 -> Level: IntermediateRegister: memory footprint: 210 VS memory available: 200",0.000e+00,0.000e+00,0.00e+00,0,0.0,0.0,
resnet18_17layer_2026-02-21T07:03:06.992888,resnet18,17layer,full,17,eyeriss,thesis_arch,1056,524,128,64,32,1,False,False,"Ill-posed constraints:
CONSTRAINTS VIOLATION: Arch: Eyeriss_Constrained_17L_tile1_32x64 -> Level: InRegister: memory footprint: 650 VS memory available: 400
CONSTRAINTS VIOLATION: Arch: Eyeriss_Constrained_17L_tile1_32x64 -> Level: WRegister: memory footprint: 7159 VS memory available: 4000",0.000e+00,0.000e+00,0.00e+00,0,0.0,0.0,
resnet18_17layer_2026-02-21T07:03:07.392985,resnet18,17layer,full,17,eyeriss,thesis_arch,1056,524,128,64,64,1,False,False,"Ill-posed constraints:
CONSTRAINTS VIOLATION: Arch: Eyeriss_Constrained_17L_tile1_64x64 -> Level: InRegister: memory footprint: 650 VS memory available: 400",0.000e+00,0.000e+00,0.00e+00,0,0.0,0.0,
resnet18_17layer_2026-02-21T07:03:07.935338,resnet18,17layer,full,17,eyeriss,thesis_arch,1056,524,128,64,128,1,False,False,"Ill-posed constraints:
CONSTRAINTS VIOLATION: Arch: Eyeriss_Constrained_17L_tile1_128x64 -> Level: InRegister: memory footprint: 650 VS memory available: 400",0.000e+00,0.000e+00,0.00e+00,0,0.0,0.0,
resnet18_17layer_2026-02-21T07:03:08.334531,resnet18,17layer,full,17,eyeriss,thesis_arch,1056,524,128,64,256,1,False,False,"Ill-posed constraints:
CONSTRAINTS VIOLATION: Arch: Eyeriss_Constrained_17L_tile1_256x64 -> Level: InRegister: memory footprint: 650 VS memory available: 400",0.000e+00,0.000e+00,0.00e+00,0,0.0,0.0,
resnet18_17layer_2026-02-21T07:03:09.064759,resnet18,17layer,full,17,eyeriss,thesis_arch,1056,524,128,128,4,1,False,False,"Ill-posed constraints:
CONSTRAINTS VIOLATION: Arch: Eyeriss_Constrained_17L_tile1_4x128 -> Level: WRegister: memory footprint: 28636 VS memory available: 4000
CONSTRAINTS VIOLATION: Arch: Eyeriss_Constrained_17L_tile1_4x128 -> Level: IntermediateRegister: memory footprint: 836 VS memory available: 200
CONSTRAINTS VIOLATION: Arch: Eyeriss_Constrained_17L_tile1_4x128 -> Level: OutRegister: memory footprint: 128 VS memory available: 64",0.000e+00,0.000e+00,0.00e+00,0,0.0,0.0,
resnet18_17layer_2026-02-21T07:03:09.904129,resnet18,17layer,full,17,eyeriss,thesis_arch,1056,524,128,128,16,1,False,False,"Ill-posed constraints:
CONSTRAINTS VIOLATION: Arch: Eyeriss_Constrained_17L_tile1_16x128 -> Level: WRegister: memory footprint: 7159 VS memory available: 4000
CONSTRAINTS VIOLATION: Arch: Eyeriss_Constrained_17L_tile1_16x128 -> Level: IntermediateRegister: memory footprint: 209 VS memory available: 200",0.000e+00,0.000e+00,0.00e+00,0,0.0,0.0,
resnet18_17layer_2026-02-21T07:03:10.240903,resnet18,17layer,full,17,eyeriss,thesis_arch,1056,524,128,128,32,1,False,True,,1.168e+05,3.059e+06,3.61e+05,"(5568237760, 2543810304)",0.0032886642329685856,0.750328540802002,DRAM[P=7 Q=7 Z16=1 C16=1 R16=1 S16=1 Y15=7 X15=7 Z15=1 C15=1 R15=1 S15=1 Y14=7 X14=7 Z14=1 C14=1 R14=1 S14=1 Y13=14 X13=14 Z13=1 C13=1 R13=1 S13=1 Y12=14 X12=14 Z12=1 C12=1 R12=1 S12=1 Y11=14 X11=14 Z11=1 C11=1 R11=1 S11=1 Y10=14 X10=14 Z10=1 C10=1 R10=1 S10=1 Y9=28 X9=28 Z9=1 C9=1 R9=1 S9=1 Y8=28 X8=28 Z8=1 C8=1 R8=1 S8=1 Y7=28 X7=28 Z7=1 C7=1 R7=1 S7=1 Y6=28 X6=28 Z6=1 C6=1 R6=1 S6=1 Y5=56 X5=56 Z5=1 C5=1 R5=1 S5=1 Y4=56 X4=56 Z4=1 C4=1 R4=1 S4=1 Y3=56 X3=56 Z3=1 C3=1 R3=1 S3=1 Y2=56 X2=56 Z2=1 C2=1 R2=1 S2=1 Y1=56 X1=56 Z1=1 C1=1 R1=1 S1=1 Y0=112 X0=112 Z0=1 C0=1 R0=1 S0=1] GlobalBuffer[P=1 Q=1 Z16=1 C16=1 R16=1 S16=1 Y15=1 X15=1 Z15=1 C15=1 R15=1 S15=1 Y14=1 X14=1 Z14=1 C14=1 R14=1 S14=1 Y13=1 X13=1 Z13=1 C13=1 R13=1 S13=1 Y12=1 X12=1 Z12=1 C12=1 R12=1 S12=1 Y11=1 X11=1 Z11=1 C11=1 R11=1 S11=1 Y10=1 X10=1 Z10=1 C10=1 R10=1 S10=1 Y9=1 X9=1 Z9=1 C9=1 R9=1 S9=1 Y8=1 X8=1 Z8=1 C8=1 R8=1 S8=1 Y7=1 X7=1 Z7=1 C7=1 R7=1 S7=1 Y6=1 X6=1 Z6=1 C6=1 R6=1 S6=1 Y5=1 X5=1 Z5=1 C5=1 R5=1 S5=1 Y4=1 X4=1 Z4=1 C4=1 R4=1 S4=1 Y3=1 X3=1 Z3=1 C3=1 R3=1 S3=1 Y2=1 X2=1 Z2=1 C2=1 R2=1 S2=1 Y1=1 X1=1 Z1=1 C1=1 R1=1 S1=1 Y0=1 X0=1 Z0=1 C0=1 R0=1 S0=1] SACols[Q=1 Z16=32] SARows[S16=3 C16=32 Z16=1] SACols_15[X15=1 Z15=32] SARows_15[S15=3 C15=32 Z15=1] SACols_14[X14=1 Z14=32] SARows_14[S14=3 C14=32 Z14=1] SACols_13[X13=1 Z13=32] SARows_13[S13=3 C13=32 Z13=1] SACols_12[X12=1 Z12=32] SARows_12[S12=3 C12=32 Z12=1] SACols_11[X11=1 Z11=32] SARows_11[S11=3 C11=32 Z11=1] SACols_10[X10=1 Z10=32] SARows_10[S10=3 C10=32 Z10=1] SACols_9[X9=1 Z9=32] SARows_9[S9=3 C9=32 Z9=1] SACols_8[X8=1 Z8=32] SARows_8[S8=3 C8=32 Z8=1] SACols_7[X7=1 Z7=32] SARows_7[S7=3 C7=32 Z7=1] SACols_6[X6=1 Z6=32] SARows_6[S6=3 C6=32 Z6=1] SACols_5[X5=1 Z5=32] SARows_5[S5=3 C5=32 Z5=1] SACols_4[X4=1 Z4=32] SARows_4[S4=3 C4=32 Z4=1] SACols_3[X3=1 Z3=32] SARows_3[S3=3 C3=32 Z3=1] SACols_2[X2=1 Z2=32] SARows_2[S2=3 C2=32 Z2=1] SACols_1[X1=1 Z1=32] SARows_1[S1=3 C1=32 Z1=1] SACols_0[X0=1 Z0=32] SARows_0[S0=7 C0=3 Z0=2] InRegister[P=1 Q=1 Z16=1 C16=1 R16=1 S16=1 Y15=1 X15=1 Z15=1 C15=1 R15=1 S15=1 Y14=1 X14=1 Z14=1 C14=1 R14=1 S14=1 Y13=1 X13=1 Z13=1 C13=1 R13=1 S13=1 Y12=1 X12=1 Z12=1 C12=1 R12=1 S12=1 Y11=1 X11=1 Z11=1 C11=1 R11=1 S11=1 Y10=1 X10=1 Z10=1 C10=1 R10=1 S10=1 Y9=1 X9=1 Z9=1 C9=1 R9=1 S9=1 Y8=1 X8=1 Z8=1 C8=1 R8=1 S8=1 Y7=1 X7=1 Z7=1 C7=1 R7=1 S7=1 Y6=1 X6=1 Z6=1 C6=1 R6=1 S6=1 Y5=1 X5=1 Z5=1 C5=1 R5=1 S5=1 Y4=1 X4=1 Z4=1 C4=1 R4=1 S4=1 Y3=1 X3=1 Z3=1 C3=1 R3=1 S3=1 Y2=1 X2=1 Z2=1 C2=1 R2=1 S2=1 Y1=1 X1=1 Z1=1 C1=1 R1=1 S1=1 Y0=1 X0=1 Z0=1 C0=1 R0=1 S0=1] WRegister[P=1 Q=1 Z16=1 C16=16 R16=3 S16=1 Y15=1 X15=1 Z15=1 C15=16 R15=3 S15=1 Y14=1 X14=1 Z14=1 C14=16 R14=3 S14=1 Y13=1 X13=1 Z13=1 C13=8 R13=3 S13=1 Y12=1 X12=1 Z12=1 C12=8 R12=3 S12=1 Y11=1 X11=1 Z11=1 C11=8 R11=3 S11=1 Y10=1 X10=1 Z10=1 C10=8 R10=3 S10=1 Y9=1 X9=1 Z9=1 C9=4 R9=3 S9=1 Y8=1 X8=1 Z8=1 C8=4 R8=3 S8=1 Y7=1 X7=1 Z7=1 C7=4 R7=3 S7=1 Y6=1 X6=1 Z6=1 C6=4 R6=3 S6=1 Y5=1 X5=1 Z5=1 C5=2 R5=3 S5=1 Y4=1 X4=1 Z4=1 C4=2 R4=3 S4=1 Y3=1 X3=1 Z3=1 C3=2 R3=3 S3=1 Y2=1 X2=1 Z2=1 C2=2 R2=3 S2=1 Y1=1 X1=1 Z1=1 C1=2 R1=3 S1=1 Y0=1 X0=1 Z0=1 C0=1 R0=7 S0=1] IntermediateRegister[P=1 Q=1 Z16=1 C16=1 R16=1 S16=1 Y15=1 X15=1 Z15=16 C15=1 R15=1 S15=1 Y14=1 X14=1 Z14=16 C14=1 R14=1 S14=1 Y13=1 X13=1 Z13=16 C13=1 R13=1 S13=1 Y12=1 X12=1 Z12=8 C12=1 R12=1 S12=1 Y11=1 X11=1 Z11=8 C11=1 R11=1 S11=1 Y10=1 X10=1 Z10=8 C10=1 R10=1 S10=1 Y9=1 X9=1 Z9=8 C9=1 R9=1 S9=1 Y8=1 X8=1 Z8=4 C8=1 R8=1 S8=1 Y7=1 X7=1 Z7=4 C7=1 R7=1 S7=1 Y6=1 X6=1 Z6=4 C6=1 R6=1 S6=1 Y5=1 X5=1 Z5=4 C5=1 R5=1 S5=1 Y4=1 X4=1 Z4=2 C4=1 R4=1 S4=1 Y3=1 X3=1 Z3=2 C3=1 R3=1 S3=1 Y2=1 X2=1 Z2=2 C2=1 R2=1 S2=1 Y1=1 X1=1 Z1=2 C1=1 R1=1 S1=1 Y0=1 X0=1 Z0=1 C0=1 R0=1 S0=1] OutRegister[P=1 Q=1 Z16=16 C16=1 R16=1 S16=1 Y15=1 X15=1 Z15=1 C15=1 R15=1 S15=1 Y14=1 X14=1 Z14=1 C14=1 R14=1 S14=1 Y13=1 X13=1 Z13=1 C13=1 R13=1 S13=1 Y12=1 X12=1 Z12=1 C12=1 R12=1 S12=1 Y11=1 X11=1 Z11=1 C11=1 R11=1 S11=1 Y10=1 X10=1 Z10=1 C10=1 R10=1 S10=1 Y9=1 X9=1 Z9=1 C9=1 R9=1 S9=1 Y8=1 X8=1 Z8=1 C8=1 R8=1 S8=1 Y7=1 X7=1 Z7=1 C7=1 R7=1 S7=1 Y6=1 X6=1 Z6=1 C6=1 R6=1 S6=1 Y5=1 X5=1 Z5=1 C5=1 R5=1 S5=1 Y4=1 X4=1 Z4=1 C4=1 R4=1 S4=1 Y3=1 X3=1 Z3=1 C3=1 R3=1 S3=1 Y2=1 X2=1 Z2=1 C2=1 R2=1 S2=1 Y1=1 X1=1 Z1=1 C1=1 R1=1 S1=1 Y0=1 X0=1 Z0=1 C0=1 R0=1 S0=1] Compute] 
resnet18_17layer_2026-02-21T07:03:11.718149,resnet18,17layer,full,17,eyeriss,thesis_arch,1056,524,128,128,64,1,False,True,,1.189e+05,3.042e+06,3.68e+05,"(6045110464, 2543810304)",0.0016443321164842928,0.6771225929260254,DRAM[P=7 Q=7 Z16=1 C16=1 R16=1 S16=1 Y15=7 X15=7 Z15=1 C15=1 R15=1 S15=1 Y14=7 X14=7 Z14=1 C14=1 R14=1 S14=1 Y13=14 X13=14 Z13=1 C13=1 R13=1 S13=1 Y12=14 X12=14 Z12=1 C12=1 R12=1 S12=1 Y11=14 X11=14 Z11=1 C11=1 R11=1 S11=1 Y10=14 X10=14 Z10=1 C10=1 R10=1 S10=1 Y9=28 X9=28 Z9=1 C9=1 R9=1 S9=1 Y8=28 X8=28 Z8=1 C8=1 R8=1 S8=1 Y7=28 X7=28 Z7=1 C7=1 R7=1 S7=1 Y6=28 X6=28 Z6=1 C6=1 R6=1 S6=1 Y5=56 X5=56 Z5=1 C5=1 R5=1 S5=1 Y4=56 X4=56 Z4=1 C4=1 R4=1 S4=1 Y3=56 X3=56 Z3=1 C3=1 R3=1 S3=1 Y2=56 X2=56 Z2=1 C2=1 R2=1 S2=1 Y1=56 X1=56 Z1=1 C1=1 R1=1 S1=1 Y0=112 X0=112 Z0=1 C0=1 R0=1 S0=1] GlobalBuffer[P=1 Q=1 Z16=1 C16=1 R16=1 S16=1 Y15=1 X15=1 Z15=1 C15=1 R15=1 S15=1 Y14=1 X14=1 Z14=1 C14=1 R14=1 S14=1 Y13=1 X13=1 Z13=1 C13=1 R13=1 S13=1 Y12=1 X12=1 Z12=1 C12=1 R12=1 S12=1 Y11=1 X11=1 Z11=1 C11=1 R11=1 S11=1 Y10=1 X10=1 Z10=1 C10=1 R10=1 S10=1 Y9=1 X9=1 Z9=1 C9=1 R9=1 S9=1 Y8=1 X8=1 Z8=1 C8=1 R8=1 S8=1 Y7=1 X7=1 Z7=1 C7=1 R7=1 S7=1 Y6=1 X6=1 Z6=1 C6=1 R6=1 S6=1 Y5=1 X5=1 Z5=1 C5=1 R5=1 S5=1 Y4=1 X4=1 Z4=1 C4=1 R4=1 S4=1 Y3=1 X3=1 Z3=1 C3=1 R3=1 S3=1 Y2=1 X2=1 Z2=1 C2=1 R2=1 S2=1 Y1=1 X1=1 Z1=1 C1=1 R1=1 S1=1 Y0=1 X0=1 Z0=1 C0=1 R0=1 S0=1] SACols[Q=1 Z16=64] SARows[S16=3 C16=32 Z16=1] SACols_15[X15=1 Z15=64] SARows_15[S15=3 C15=32 Z15=1] SACols_14[X14=1 Z14=64] SARows_14[S14=3 C14=32 Z14=1] SACols_13[X13=1 Z13=64] SARows_13[S13=3 C13=32 Z13=1] SACols_12[X12=1 Z12=64] SARows_12[S12=3 C12=32 Z12=1] SACols_11[X11=1 Z11=64] SARows_11[S11=3 C11=32 Z11=1] SACols_10[X10=1 Z10=64] SARows_10[S10=3 C10=32 Z10=1] SACols_9[X9=1 Z9=64] SARows_9[S9=3 C9=32 Z9=1] SACols_8[X8=1 Z8=64] SARows_8[S8=3 C8=32 Z8=1] SACols_7[X7=1 Z7=64] SARows_7[S7=3 C7=32 Z7=1] SACols_6[X6=1 Z6=64] SARows_6[S6=3 C6=32 Z6=1] SACols_5[X5=1 Z5=64] SARows_5[S5=3 C5=32 Z5=1] SACols_4[X4=1 Z4=64] SARows_4[S4=3 C4=32 Z4=1] SACols_3[X3=1 Z3=64] SARows_3[S3=3 C3=32 Z3=1] SACols_2[X2=1 Z2=64] SARows_2[S2=3 C2=32 Z2=1] SACols_1[X1=1 Z1=64] SARows_1[S1=3 C1=32 Z1=1] SACols_0[X0=1 Z0=64] SARows_0[S0=7 C0=3 Z0=1] InRegister[P=1 Q=1 Z16=1 C16=1 R16=1 S16=1 Y15=1 X15=1 Z15=1 C15=1 R15=1 S15=1 Y14=1 X14=1 Z14=1 C14=1 R14=1 S14=1 Y13=1 X13=1 Z13=1 C13=1 R13=1 S13=1 Y12=1 X12=1 Z12=1 C12=1 R12=1 S12=1 Y11=1 X11=1 Z11=1 C11=1 R11=1 S11=1 Y10=1 X10=1 Z10=1 C10=1 R10=1 S10=1 Y9=1 X9=1 Z9=1 C9=1 R9=1 S9=1 Y8=1 X8=1 Z8=1 C8=1 R8=1 S8=1 Y7=1 X7=1 Z7=1 C7=1 R7=1 S7=1 Y6=1 X6=1 Z6=1 C6=1 R6=1 S6=1 Y5=1 X5=1 Z5=1 C5=1 R5=1 S5=1 Y4=1 X4=1 Z4=1 C4=1 R4=1 S4=1 Y3=1 X3=1 Z3=1 C3=1 R3=1 S3=1 Y2=1 X2=1 Z2=1 C2=1 R2=1 S2=1 Y1=1 X1=1 Z1=1 C1=1 R1=1 S1=1 Y0=1 X0=1 Z0=1 C0=1 R0=1 S0=1] WRegister[P=1 Q=1 Z16=1 C16=16 R16=3 S16=1 Y15=1 X15=1 Z15=1 C15=16 R15=3 S15=1 Y14=1 X14=1 Z14=1 C14=16 R14=3 S14=1 Y13=1 X13=1 Z13=1 C13=8 R13=3 S13=1 Y12=1 X12=1 Z12=1 C12=8 R12=3 S12=1 Y11=1 X11=1 Z11=1 C11=8 R11=3 S11=1 Y10=1 X10=1 Z10=1 C10=8 R10=3 S10=1 Y9=1 X9=1 Z9=1 C9=4 R9=3 S9=1 Y8=1 X8=1 Z8=1 C8=4 R8=3 S8=1 Y7=1 X7=1 Z7=1 C7=4 R7=3 S7=1 Y6=1 X6=1 Z6=1 C6=4 R6=3 S6=1 Y5=1 X5=1 Z5=1 C5=2 R5=3 S5=1 Y4=1 X4=1 Z4=1 C4=2 R4=3 S4=1 Y3=1 X3=1 Z3=1 C3=2 R3=3 S3=1 Y2=1 X2=1 Z2=1 C2=2 R2=3 S2=1 Y1=1 X1=1 Z1=1 C1=2 R1=3 S1=1 Y0=1 X0=1 Z0=1 C0=1 R0=7 S0=1] IntermediateRegister[P=1 Q=1 Z16=1 C16=1 R16=1 S16=1 Y15=1 X15=1 Z15=8 C15=1 R15=1 S15=1 Y14=1 X14=1 Z14=8 C14=1 R14=1 S14=1 Y13=1 X13=1 Z13=8 C13=1 R13=1 S13=1 Y12=1 X12=1 Z12=4 C12=1 R12=1 S12=1 Y11=1 X11=1 Z11=4 C11=1 R11=1 S11=1 Y10=1 X10=1 Z10=4 C10=1 R10=1 S10=1 Y9=1 X9=1 Z9=4 C9=1 R9=1 S9=1 Y8=1 X8=1 Z8=2 C8=1 R8=1 S8=1 Y7=1 X7=1 Z7=2 C7=1 R7=1 S7=1 Y6=1 X6=1 Z6=2 C6=1 R6=1 S6=1 Y5=1 X5=1 Z5=2 C5=1 R5=1 S5=1 Y4=1 X4=1 Z4=1 C4=1 R4=1 S4=1 Y3=1 X3=1 Z3=1 C3=1 R3=1 S3=1 Y2=1 X2=1 Z2=1 C2=1 R2=1 S2=1 Y1=1 X1=1 Z1=1 C1=1 R1=1 S1=1 Y0=1 X0=1 Z0=1 C0=1 R0=1 S0=1] OutRegister[P=1 Q=1 Z16=8 C16=1 R16=1 S16=1 Y15=1 X15=1 Z15=1 C15=1 R15=1 S15=1 Y14=1 X14=1 Z14=1 C14=1 R14=1 S14=1 Y13=1 X13=1 Z13=1 C13=1 R13=1 S13=1 Y12=1 X12=1 Z12=1 C12=1 R12=1 S12=1 Y11=1 X11=1 Z11=1 C11=1 R11=1 S11=1 Y10=1 X10=1 Z10=1 C10=1 R10=1 S10=1 Y9=1 X9=1 Z9=1 C9=1 R9=1 S9=1 Y8=1 X8=1 Z8=1 C8=1 R8=1 S8=1 Y7=1 X7=1 Z7=1 C7=1 R7=1 S7=1 Y6=1 X6=1 Z6=1 C6=1 R6=1 S6=1 Y5=1 X5=1 Z5=1 C5=1 R5=1 S5=1 Y4=1 X4=1 Z4=1 C4=1 R4=1 S4=1 Y3=1 X3=1 Z3=1 C3=1 R3=1 S3=1 Y2=1 X2=1 Z2=1 C2=1 R2=1 S2=1 Y1=1 X1=1 Z1=1 C1=1 R1=1 S1=1 Y0=1 X0=1 Z0=1 C0=1 R0=1 S0=1] Compute] 
resnet18_17layer_2026-02-21T07:03:13.417392,resnet18,17layer,full,17,eyeriss,thesis_arch,1056,524,128,128,128,1,False,True,,1.211e+05,3.042e+06,3.77e+05,"(6536433856, 2543810304)",5.138537864013415e-05,0.9246981143951416,DRAM[P=7 Q=7 Z16=1 C16=1 R16=1 S16=1 Y15=7 X15=7 Z15=1 C15=1 R15=1 S15=1 Y14=7 X14=7 Z14=1 C14=1 R14=1 S14=1 Y13=14 X13=14 Z13=1 C13=1 R13=1 S13=1 Y12=14 X12=14 Z12=1 C12=1 R12=1 S12=1 Y11=14 X11=14 Z11=1 C11=1 R11=1 S11=1 Y10=14 X10=14 Z10=1 C10=1 R10=1 S10=1 Y9=28 X9=28 Z9=1 C9=1 R9=1 S9=1 Y8=28 X8=28 Z8=1 C8=1 R8=1 S8=1 Y7=28 X7=28 Z7=1 C7=1 R7=1 S7=1 Y6=28 X6=28 Z6=1 C6=1 R6=1 S6=1 Y5=56 X5=56 Z5=1 C5=1 R5=1 S5=1 Y4=56 X4=56 Z4=1 C4=1 R4=1 S4=1 Y3=56 X3=56 Z3=1 C3=1 R3=1 S3=1 Y2=56 X2=56 Z2=1 C2=1 R2=1 S2=1 Y1=56 X1=56 Z1=1 C1=1 R1=1 S1=1 Y0=112 X0=112 Z0=1 C0=1 R0=1 S0=1] GlobalBuffer[P=1 Q=1 Z16=1 C16=1 R16=1 S16=1 Y15=1 X15=1 Z15=1 C15=1 R15=1 S15=1 Y14=1 X14=1 Z14=1 C14=1 R14=1 S14=1 Y13=1 X13=1 Z13=1 C13=1 R13=1 S13=1 Y12=1 X12=1 Z12=1 C12=1 R12=1 S12=1 Y11=1 X11=1 Z11=1 C11=1 R11=1 S11=1 Y10=1 X10=1 Z10=1 C10=1 R10=1 S10=1 Y9=1 X9=1 Z9=1 C9=1 R9=1 S9=1 Y8=1 X8=1 Z8=1 C8=1 R8=1 S8=1 Y7=1 X7=1 Z7=1 C7=1 R7=1 S7=1 Y6=1 X6=1 Z6=1 C6=1 R6=1 S6=1 Y5=1 X5=1 Z5=1 C5=1 R5=1 S5=1 Y4=1 X4=1 Z4=1 C4=1 R4=1 S4=1 Y3=1 X3=1 Z3=1 C3=1 R3=1 S3=1 Y2=1 X2=1 Z2=1 C2=1 R2=1 S2=1 Y1=1 X1=1 Z1=1 C1=1 R1=1 S1=1 Y0=1 X0=1 Z0=1 C0=1 R0=1 S0=1] SACols[Q=1 Z16=128] SARows[S16=3 C16=32 Z16=1] SACols_15[X15=1 Z15=128] SARows_15[S15=3 C15=32 Z15=1] SACols_14[X14=1 Z14=128] SARows_14[S14=3 C14=32 Z14=1] SACols_13[X13=1 Z13=128] SARows_13[S13=3 C13=32 Z13=1] SACols_12[X12=1 Z12=128] SARows_12[S12=3 C12=32 Z12=1] SACols_11[X11=1 Z11=128] SARows_11[S11=3 C11=32 Z11=1] SACols_10[X10=1 Z10=128] SARows_10[S10=3 C10=32 Z10=1] SACols_9[X9=1 Z9=128] SARows_9[S9=3 C9=32 Z9=1] SACols_8[X8=1 Z8=128] SARows_8[S8=3 C8=32 Z8=1] SACols_7[X7=1 Z7=128] SARows_7[S7=3 C7=32 Z7=1] SACols_6[X6=1 Z6=128] SARows_6[S6=3 C6=32 Z6=1] SACols_5[X5=1 Z5=128] SARows_5[S5=3 C5=32 Z5=1] SACols_4[X4=1 Z4=64] SARows_4[S4=3 C4=32 Z4=1] SACols_3[X3=1 Z3=64] SARows_3[S3=3 C3=32 Z3=1] SACols_2[X2=1 Z2=64] SARows_2[S2=3 C2=32 Z2=1] SACols_1[X1=1 Z1=64] SARows_1[S1=3 C1=32 Z1=1] SACols_0[X0=1 Z0=64] SARows_0[S0=7 C0=3 Z0=1] InRegister[P=1 Q=1 Z16=1 C16=1 R16=1 S16=1 Y15=1 X15=1 Z15=1 C15=1 R15=1 S15=1 Y14=1 X14=1 Z14=1 C14=1 R14=1 S14=1 Y13=1 X13=1 Z13=1 C13=1 R13=1 S13=1 Y12=1 X12=1 Z12=1 C12=1 R12=1 S12=1 Y11=1 X11=1 Z11=1 C11=1 R11=1 S11=1 Y10=1 X10=1 Z10=1 C10=1 R10=1 S10=1 Y9=1 X9=1 Z9=1 C9=1 R9=1 S9=1 Y8=1 X8=1 Z8=1 C8=1 R8=1 S8=1 Y7=1 X7=1 Z7=1 C7=1 R7=1 S7=1 Y6=1 X6=1 Z6=1 C6=1 R6=1 S6=1 Y5=1 X5=1 Z5=1 C5=1 R5=1 S5=1 Y4=1 X4=1 Z4=1 C4=1 R4=1 S4=1 Y3=1 X3=1 Z3=1 C3=1 R3=1 S3=1 Y2=1 X2=1 Z2=1 C2=1 R2=1 S2=1 Y1=1 X1=1 Z1=1 C1=1 R1=1 S1=1 Y0=1 X0=1 Z0=1 C0=1 R0=1 S0=1] WRegister[P=1 Q=1 Z16=1 C16=16 R16=3 S16=1 Y15=1 X15=1 Z15=1 C15=16 R15=3 S15=1 Y14=1 X14=1 Z14=1 C14=16 R14=3 S14=1 Y13=1 X13=1 Z13=1 C13=8 R13=3 S13=1 Y12=1 X12=1 Z12=1 C12=8 R12=3 S12=1 Y11=1 X11=1 Z11=1 C11=8 R11=3 S11=1 Y10=1 X10=1 Z10=1 C10=8 R10=3 S10=1 Y9=1 X9=1 Z9=1 C9=4 R9=3 S9=1 Y8=1 X8=1 Z8=1 C8=4 R8=3 S8=1 Y7=1 X7=1 Z7=1 C7=4 R7=3 S7=1 Y6=1 X6=1 Z6=1 C6=4 R6=3 S6=1 Y5=1 X5=1 Z5=1 C5=2 R5=3 S5=1 Y4=1 X4=1 Z4=1 C4=2 R4=3 S4=1 Y3=1 X3=1 Z3=1 C3=2 R3=3 S3=1 Y2=1 X2=1 Z2=1 C2=2 R2=3 S2=1 Y1=1 X1=1 Z1=1 C1=2 R1=3 S1=1 Y0=1 X0=1 Z0=1 C0=1 R0=7 S0=1] IntermediateRegister[P=1 Q=1 Z16=1 C16=1 R16=1 S16=1 Y15=1 X15=1 Z15=4 C15=1 R15=1 S15=1 Y14=1 X14=1 Z14=4 C14=1 R14=1 S14=1 Y13=1 X13=1 Z13=4 C13=1 R13=1 S13=1 Y12=1 X12=1 Z12=2 C12=1 R12=1 S12=1 Y11=1 X11=1 Z11=2 C11=1 R11=1 S11=1 Y10=1 X10=1 Z10=2 C10=1 R10=1 S10=1 Y9=1 X9=1 Z9=2 C9=1 R9=1 S9=1 Y8=1 X8=1 Z8=1 C8=1 R8=1 S8=1 Y7=1 X7=1 Z7=1 C7=1 R7=1 S7=1 Y6=1 X6=1 Z6=1 C6=1 R6=1 S6=1 Y5=1 X5=1 Z5=1 C5=1 R5=1 S5=1 Y4=1 X4=1 Z4=1 C4=1 R4=1 S4=1 Y3=1 X3=1 Z3=1 C3=1 R3=1 S3=1 Y2=1 X2=1 Z2=1 C2=1 R2=1 S2=1 Y1=1 X1=1 Z1=1 C1=1 R1=1 S1=1 Y0=1 X0=1 Z0=1 C0=1 R0=1 S0=1] OutRegister[P=1 Q=1 Z16=4 C16=1 R16=1 S16=1 Y15=1 X15=1 Z15=1 C15=1 R15=1 S15=1 Y14=1 X14=1 Z14=1 C14=1 R14=1 S14=1 Y13=1 X13=1 Z13=1 C13=1 R13=1 S13=1 Y12=1 X12=1 Z12=1 C12=1 R12=1 S12=1 Y11=1 X11=1 Z11=1 C11=1 R11=1 S11=1 Y10=1 X10=1 Z10=1 C10=1 R10=1 S10=1 Y9=1 X9=1 Z9=1 C9=1 R9=1 S9=1 Y8=1 X8=1 Z8=1 C8=1 R8=1 S8=1 Y7=1 X7=1 Z7=1 C7=1 R7=1 S7=1 Y6=1 X6=1 Z6=1 C6=1 R6=1 S6=1 Y5=1 X5=1 Z5=1 C5=1 R5=1 S5=1 Y4=1 X4=1 Z4=1 C4=1 R4=1 S4=1 Y3=1 X3=1 Z3=1 C3=1 R3=1 S3=1 Y2=1 X2=1 Z2=1 C2=1 R2=1 S2=1 Y1=1 X1=1 Z1=1 C1=1 R1=1 S1=1 Y0=1 X0=1 Z0=1 C0=1 R0=1 S0=1] Compute] 
resnet18_17layer_2026-02-21T07:03:14.833660,resnet18,17layer,full,17,eyeriss,thesis_arch,1056,524,128,256,4,1,False,False,"Ill-posed constraints:
CONSTRAINTS VIOLATION: Arch: Eyeriss_Constrained_17L_tile1_4x256 -> Level: WRegister: memory footprint: 14318 VS memory available: 4000
CONSTRAINTS VIOLATION: Arch: Eyeriss_Constrained_17L_tile1_4x256 -> Level: IntermediateRegister: memory footprint: 834 VS memory available: 200
CONSTRAINTS VIOLATION: Arch: Eyeriss_Constrained_17L_tile1_4x256 -> Level: OutRegister: memory footprint: 128 VS memory available: 64",0.000e+00,0.000e+00,0.00e+00,0,0.0,0.0,
resnet18_17layer_2026-02-21T07:03:15.598673,resnet18,17layer,full,17,eyeriss,thesis_arch,1056,524,128,256,16,1,False,False,"Ill-posed constraints:
CONSTRAINTS VIOLATION: Arch: Eyeriss_Constrained_17L_tile1_16x256 -> Level: IntermediateRegister: memory footprint: 209 VS memory available: 200",0.000e+00,0.000e+00,0.00e+00,0,0.0,0.0,
resnet18_17layer_2026-02-21T07:03:15.976923,resnet18,17layer,full,17,eyeriss,thesis_arch,1056,524,128,256,32,1,False,True,,1.176e+05,3.042e+06,3.62e+05,"(5760913600, 2736486144)",0.0016443321164842928,0.6081769466400146,DRAM[P=7 Q=7 Z16=1 C16=1 R16=1 S16=1 Y15=7 X15=7 Z15=1 C15=1 R15=1 S15=1 Y14=7 X14=7 Z14=1 C14=1 R14=1 S14=1 Y13=14 X13=14 Z13=1 C13=1 R13=1 S13=1 Y12=14 X12=14 Z12=1 C12=1 R12=1 S12=1 Y11=14 X11=14 Z11=1 C11=1 R11=1 S11=1 Y10=14 X10=14 Z10=1 C10=1 R10=1 S10=1 Y9=28 X9=28 Z9=1 C9=1 R9=1 S9=1 Y8=28 X8=28 Z8=1 C8=1 R8=1 S8=1 Y7=28 X7=28 Z7=1 C7=1 R7=1 S7=1 Y6=28 X6=28 Z6=1 C6=1 R6=1 S6=1 Y5=56 X5=56 Z5=1 C5=1 R5=1 S5=1 Y4=56 X4=56 Z4=1 C4=1 R4=1 S4=1 Y3=56 X3=56 Z3=1 C3=1 R3=1 S3=1 Y2=56 X2=56 Z2=1 C2=1 R2=1 S2=1 Y1=56 X1=56 Z1=1 C1=1 R1=1 S1=1 Y0=112 X0=112 Z0=1 C0=1 R0=1 S0=1] GlobalBuffer[P=1 Q=1 Z16=1 C16=1 R16=1 S16=1 Y15=1 X15=1 Z15=1 C15=1 R15=1 S15=1 Y14=1 X14=1 Z14=1 C14=1 R14=1 S14=1 Y13=1 X13=1 Z13=1 C13=1 R13=1 S13=1 Y12=1 X12=1 Z12=1 C12=1 R12=1 S12=1 Y11=1 X11=1 Z11=1 C11=1 R11=1 S11=1 Y10=1 X10=1 Z10=1 C10=1 R10=1 S10=1 Y9=1 X9=1 Z9=1 C9=1 R9=1 S9=1 Y8=1 X8=1 Z8=1 C8=1 R8=1 S8=1 Y7=1 X7=1 Z7=1 C7=1 R7=1 S7=1 Y6=1 X6=1 Z6=1 C6=1 R6=1 S6=1 Y5=1 X5=1 Z5=1 C5=1 R5=1 S5=1 Y4=1 X4=1 Z4=1 C4=1 R4=1 S4=1 Y3=1 X3=1 Z3=1 C3=1 R3=1 S3=1 Y2=1 X2=1 Z2=1 C2=1 R2=1 S2=1 Y1=1 X1=1 Z1=1 C1=1 R1=1 S1=1 Y0=1 X0=1 Z0=1 C0=1 R0=1 S0=1] SACols[Q=1 Z16=32] SARows[S16=3 C16=64 Z16=1] SACols_15[X15=1 Z15=32] SARows_15[S15=3 C15=64 Z15=1] SACols_14[X14=1 Z14=32] SARows_14[S14=3 C14=64 Z14=1] SACols_13[X13=1 Z13=32] SARows_13[S13=3 C13=64 Z13=1] SACols_12[X12=1 Z12=32] SARows_12[S12=3 C12=64 Z12=1] SACols_11[X11=1 Z11=32] SARows_11[S11=3 C11=64 Z11=1] SACols_10[X10=1 Z10=32] SARows_10[S10=3 C10=64 Z10=1] SACols_9[X9=1 Z9=32] SARows_9[S9=3 C9=64 Z9=1] SACols_8[X8=1 Z8=32] SARows_8[S8=3 C8=64 Z8=1] SACols_7[X7=1 Z7=32] SARows_7[S7=3 C7=64 Z7=1] SACols_6[X6=1 Z6=32] SARows_6[S6=3 C6=64 Z6=1] SACols_5[X5=1 Z5=32] SARows_5[S5=3 C5=64 Z5=1] SACols_4[X4=1 Z4=32] SARows_4[S4=3 C4=64 Z4=1] SACols_3[X3=1 Z3=32] SARows_3[S3=3 C3=64 Z3=1] SACols_2[X2=1 Z2=32] SARows_2[S2=3 C2=64 Z2=1] SACols_1[X1=1 Z1=32] SARows_1[S1=3 C1=64 Z1=1] SACols_0[X0=1 Z0=32] SARows_0[S0=7 C0=3 Z0=2] InRegister[P=1 Q=1 Z16=1 C16=1 R16=1 S16=1 Y15=1 X15=1 Z15=1 C15=1 R15=1 S15=1 Y14=1 X14=1 Z14=1 C14=1 R14=1 S14=1 Y13=1 X13=1 Z13=1 C13=1 R13=1 S13=1 Y12=1 X12=1 Z12=1 C12=1 R12=1 S12=1 Y11=1 X11=1 Z11=1 C11=1 R11=1 S11=1 Y10=1 X10=1 Z10=1 C10=1 R10=1 S10=1 Y9=1 X9=1 Z9=1 C9=1 R9=1 S9=1 Y8=1 X8=1 Z8=1 C8=1 R8=1 S8=1 Y7=1 X7=1 Z7=1 C7=1 R7=1 S7=1 Y6=1 X6=1 Z6=1 C6=1 R6=1 S6=1 Y5=1 X5=1 Z5=1 C5=1 R5=1 S5=1 Y4=1 X4=1 Z4=1 C4=1 R4=1 S4=1 Y3=1 X3=1 Z3=1 C3=1 R3=1 S3=1 Y2=1 X2=1 Z2=1 C2=1 R2=1 S2=1 Y1=1 X1=1 Z1=1 C1=1 R1=1 S1=1 Y0=1 X0=1 Z0=1 C0=1 R0=1 S0=1] WRegister[P=1 Q=1 Z16=1 C16=8 R16=3 S16=1 Y15=1 X15=1 Z15=1 C15=8 R15=3 S15=1 Y14=1 X14=1 Z14=1 C14=8 R14=3 S14=1 Y13=1 X13=1 Z13=1 C13=4 R13=3 S13=1 Y12=1 X12=1 Z12=1 C12=4 R12=3 S12=1 Y11=1 X11=1 Z11=1 C11=4 R11=3 S11=1 Y10=1 X10=1 Z10=1 C10=4 R10=3 S10=1 Y9=1 X9=1 Z9=1 C9=2 R9=3 S9=1 Y8=1 X8=1 Z8=1 C8=2 R8=3 S8=1 Y7=1 X7=1 Z7=1 C7=2 R7=3 S7=1 Y6=1 X6=1 Z6=1 C6=2 R6=3 S6=1 Y5=1 X5=1 Z5=1 C5=1 R5=3 S5=1 Y4=1 X4=1 Z4=1 C4=1 R4=3 S4=1 Y3=1 X3=1 Z3=1 C3=1 R3=3 S3=1 Y2=1 X2=1 Z2=1 C2=1 R2=3 S2=1 Y1=1 X1=1 Z1=1 C1=1 R1=3 S1=1 Y0=1 X0=1 Z0=1 C0=1 R0=7 S0=1] IntermediateRegister[P=1 Q=1 Z16=1 C16=1 R16=1 S16=1 Y15=1 X15=1 Z15=16 C15=1 R15=1 S15=1 Y14=1 X14=1 Z14=16 C14=1 R14=1 S14=1 Y13=1 X13=1 Z13=16 C13=1 R13=1 S13=1 Y12=1 X12=1 Z12=8 C12=1 R12=1 S12=1 Y11=1 X11=1 Z11=8 C11=1 R11=1 S11=1 Y10=1 X10=1 Z10=8 C10=1 R10=1 S10=1 Y9=1 X9=1 Z9=8 C9=1 R9=1 S9=1 Y8=1 X8=1 Z8=4 C8=1 R8=1 S8=1 Y7=1 X7=1 Z7=4 C7=1 R7=1 S7=1 Y6=1 X6=1 Z6=4 C6=1 R6=1 S6=1 Y5=1 X5=1 Z5=4 C5=1 R5=1 S5=1 Y4=1 X4=1 Z4=2 C4=1 R4=1 S4=1 Y3=1 X3=1 Z3=2 C3=1 R3=1 S3=1 Y2=1 X2=1 Z2=2 C2=1 R2=1 S2=1 Y1=1 X1=1 Z1=2 C1=1 R1=1 S1=1 Y0=1 X0=1 Z0=1 C0=1 R0=1 S0=1] OutRegister[P=1 Q=1 Z16=16 C16=1 R16=1 S16=1 Y15=1 X15=1 Z15=1 C15=1 R15=1 S15=1 Y14=1 X14=1 Z14=1 C14=1 R14=1 S14=1 Y13=1 X13=1 Z13=1 C13=1 R13=1 S13=1 Y12=1 X12=1 Z12=1 C12=1 R12=1 S12=1 Y11=1 X11=1 Z11=1 C11=1 R11=1 S11=1 Y10=1 X10=1 Z10=1 C10=1 R10=1 S10=1 Y9=1 X9=1 Z9=1 C9=1 R9=1 S9=1 Y8=1 X8=1 Z8=1 C8=1 R8=1 S8=1 Y7=1 X7=1 Z7=1 C7=1 R7=1 S7=1 Y6=1 X6=1 Z6=1 C6=1 R6=1 S6=1 Y5=1 X5=1 Z5=1 C5=1 R5=1 S5=1 Y4=1 X4=1 Z4=1 C4=1 R4=1 S4=1 Y3=1 X3=1 Z3=1 C3=1 R3=1 S3=1 Y2=1 X2=1 Z2=1 C2=1 R2=1 S2=1 Y1=1 X1=1 Z1=1 C1=1 R1=1 S1=1 Y0=1 X0=1 Z0=1 C0=1 R0=1 S0=1] Compute] 
resnet18_17layer_2026-02-21T07:03:17.037240,resnet18,17layer,full,17,eyeriss,thesis_arch,1056,524,128,256,64,1,False,True,,1.198e+05,3.042e+06,3.70e+05,"(6237786304, 2736486144)",0.0008221660582421464,0.7464578151702881,DRAM[P=7 Q=7 Z16=1 C16=1 R16=1 S16=1 Y15=7 X15=7 Z15=1 C15=1 R15=1 S15=1 Y14=7 X14=7 Z14=1 C14=1 R14=1 S14=1 Y13=14 X13=14 Z13=1 C13=1 R13=1 S13=1 Y12=14 X12=14 Z12=1 C12=1 R12=1 S12=1 Y11=14 X11=14 Z11=1 C11=1 R11=1 S11=1 Y10=14 X10=14 Z10=1 C10=1 R10=1 S10=1 Y9=28 X9=28 Z9=1 C9=1 R9=1 S9=1 Y8=28 X8=28 Z8=1 C8=1 R8=1 S8=1 Y7=28 X7=28 Z7=1 C7=1 R7=1 S7=1 Y6=28 X6=28 Z6=1 C6=1 R6=1 S6=1 Y5=56 X5=56 Z5=1 C5=1 R5=1 S5=1 Y4=56 X4=56 Z4=1 C4=1 R4=1 S4=1 Y3=56 X3=56 Z3=1 C3=1 R3=1 S3=1 Y2=56 X2=56 Z2=1 C2=1 R2=1 S2=1 Y1=56 X1=56 Z1=1 C1=1 R1=1 S1=1 Y0=112 X0=112 Z0=1 C0=1 R0=1 S0=1] GlobalBuffer[P=1 Q=1 Z16=1 C16=1 R16=1 S16=1 Y15=1 X15=1 Z15=1 C15=1 R15=1 S15=1 Y14=1 X14=1 Z14=1 C14=1 R14=1 S14=1 Y13=1 X13=1 Z13=1 C13=1 R13=1 S13=1 Y12=1 X12=1 Z12=1 C12=1 R12=1 S12=1 Y11=1 X11=1 Z11=1 C11=1 R11=1 S11=1 Y10=1 X10=1 Z10=1 C10=1 R10=1 S10=1 Y9=1 X9=1 Z9=1 C9=1 R9=1 S9=1 Y8=1 X8=1 Z8=1 C8=1 R8=1 S8=1 Y7=1 X7=1 Z7=1 C7=1 R7=1 S7=1 Y6=1 X6=1 Z6=1 C6=1 R6=1 S6=1 Y5=1 X5=1 Z5=1 C5=1 R5=1 S5=1 Y4=1 X4=1 Z4=1 C4=1 R4=1 S4=1 Y3=1 X3=1 Z3=1 C3=1 R3=1 S3=1 Y2=1 X2=1 Z2=1 C2=1 R2=1 S2=1 Y1=1 X1=1 Z1=1 C1=1 R1=1 S1=1 Y0=1 X0=1 Z0=1 C0=1 R0=1 S0=1] SACols[Q=1 Z16=64] SARows[S16=3 C16=64 Z16=1] SACols_15[X15=1 Z15=64] SARows_15[S15=3 C15=64 Z15=1] SACols_14[X14=1 Z14=64] SARows_14[S14=3 C14=64 Z14=1] SACols_13[X13=1 Z13=64] SARows_13[S13=3 C13=64 Z13=1] SACols_12[X12=1 Z12=64] SARows_12[S12=3 C12=64 Z12=1] SACols_11[X11=1 Z11=64] SARows_11[S11=3 C11=64 Z11=1] SACols_10[X10=1 Z10=64] SARows_10[S10=3 C10=64 Z10=1] SACols_9[X9=1 Z9=64] SARows_9[S9=3 C9=64 Z9=1] SACols_8[X8=1 Z8=64] SARows_8[S8=3 C8=64 Z8=1] SACols_7[X7=1 Z7=64] SARows_7[S7=3 C7=64 Z7=1] SACols_6[X6=1 Z6=64] SARows_6[S6=3 C6=64 Z6=1] SACols_5[X5=1 Z5=64] SARows_5[S5=3 C5=64 Z5=1] SACols_4[X4=1 Z4=64] SARows_4[S4=3 C4=64 Z4=1] SACols_3[X3=1 Z3=64] SARows_3[S3=3 C3=64 Z3=1] SACols_2[X2=1 Z2=64] SARows_2[S2=3 C2=64 Z2=1] SACols_1[X1=1 Z1=64] SARows_1[S1=3 C1=64 Z1=1] SACols_0[X0=1 Z0=64] SARows_0[S0=7 C0=3 Z0=1] InRegister[P=1 Q=1 Z16=1 C16=1 R16=1 S16=1 Y15=1 X15=1 Z15=1 C15=1 R15=1 S15=1 Y14=1 X14=1 Z14=1 C14=1 R14=1 S14=1 Y13=1 X13=1 Z13=1 C13=1 R13=1 S13=1 Y12=1 X12=1 Z12=1 C12=1 R12=1 S12=1 Y11=1 X11=1 Z11=1 C11=1 R11=1 S11=1 Y10=1 X10=1 Z10=1 C10=1 R10=1 S10=1 Y9=1 X9=1 Z9=1 C9=1 R9=1 S9=1 Y8=1 X8=1 Z8=1 C8=1 R8=1 S8=1 Y7=1 X7=1 Z7=1 C7=1 R7=1 S7=1 Y6=1 X6=1 Z6=1 C6=1 R6=1 S6=1 Y5=1 X5=1 Z5=1 C5=1 R5=1 S5=1 Y4=1 X4=1 Z4=1 C4=1 R4=1 S4=1 Y3=1 X3=1 Z3=1 C3=1 R3=1 S3=1 Y2=1 X2=1 Z2=1 C2=1 R2=1 S2=1 Y1=1 X1=1 Z1=1 C1=1 R1=1 S1=1 Y0=1 X0=1 Z0=1 C0=1 R0=1 S0=1] WRegister[P=1 Q=1 Z16=1 C16=8 R16=3 S16=1 Y15=1 X15=1 Z15=1 C15=8 R15=3 S15=1 Y14=1 X14=1 Z14=1 C14=8 R14=3 S14=1 Y13=1 X13=1 Z13=1 C13=4 R13=3 S13=1 Y12=1 X12=1 Z12=1 C12=4 R12=3 S12=1 Y11=1 X11=1 Z11=1 C11=4 R11=3 S11=1 Y10=1 X10=1 Z10=1 C10=4 R10=3 S10=1 Y9=1 X9=1 Z9=1 C9=2 R9=3 S9=1 Y8=1 X8=1 Z8=1 C8=2 R8=3 S8=1 Y7=1 X7=1 Z7=1 C7=2 R7=3 S7=1 Y6=1 X6=1 Z6=1 C6=2 R6=3 S6=1 Y5=1 X5=1 Z5=1 C5=1 R5=3 S5=1 Y4=1 X4=1 Z4=1 C4=1 R4=3 S4=1 Y3=1 X3=1 Z3=1 C3=1 R3=3 S3=1 Y2=1 X2=1 Z2=1 C2=1 R2=3 S2=1 Y1=1 X1=1 Z1=1 C1=1 R1=3 S1=1 Y0=1 X0=1 Z0=1 C0=1 R0=7 S0=1] IntermediateRegister[P=1 Q=1 Z16=1 C16=1 R16=1 S16=1 Y15=1 X15=1 Z15=8 C15=1 R15=1 S15=1 Y14=1 X14=1 Z14=8 C14=1 R14=1 S14=1 Y13=1 X13=1 Z13=8 C13=1 R13=1 S13=1 Y12=1 X12=1 Z12=4 C12=1 R12=1 S12=1 Y11=1 X11=1 Z11=4 C11=1 R11=1 S11=1 Y10=1 X10=1 Z10=4 C10=1 R10=1 S10=1 Y9=1 X9=1 Z9=4 C9=1 R9=1 S9=1 Y8=1 X8=1 Z8=2 C8=1 R8=1 S8=1 Y7=1 X7=1 Z7=2 C7=1 R7=1 S7=1 Y6=1 X6=1 Z6=2 C6=1 R6=1 S6=1 Y5=1 X5=1 Z5=2 C5=1 R5=1 S5=1 Y4=1 X4=1 Z4=1 C4=1 R4=1 S4=1 Y3=1 X3=1 Z3=1 C3=1 R3=1 S3=1 Y2=1 X2=1 Z2=1 C2=1 R2=1 S2=1 Y1=1 X1=1 Z1=1 C1=1 R1=1 S1=1 Y0=1 X0=1 Z0=1 C0=1 R0=1 S0=1] OutRegister[P=1 Q=1 Z16=8 C16=1 R16=1 S16=1 Y15=1 X15=1 Z15=1 C15=1 R15=1 S15=1 Y14=1 X14=1 Z14=1 C14=1 R14=1 S14=1 Y13=1 X13=1 Z13=1 C13=1 R13=1 S13=1 Y12=1 X12=1 Z12=1 C12=1 R12=1 S12=1 Y11=1 X11=1 Z11=1 C11=1 R11=1 S11=1 Y10=1 X10=1 Z10=1 C10=1 R10=1 S10=1 Y9=1 X9=1 Z9=1 C9=1 R9=1 S9=1 Y8=1 X8=1 Z8=1 C8=1 R8=1 S8=1 Y7=1 X7=1 Z7=1 C7=1 R7=1 S7=1 Y6=1 X6=1 Z6=1 C6=1 R6=1 S6=1 Y5=1 X5=1 Z5=1 C5=1 R5=1 S5=1 Y4=1 X4=1 Z4=1 C4=1 R4=1 S4=1 Y3=1 X3=1 Z3=1 C3=1 R3=1 S3=1 Y2=1 X2=1 Z2=1 C2=1 R2=1 S2=1 Y1=1 X1=1 Z1=1 C1=1 R1=1 S1=1 Y0=1 X0=1 Z0=1 C0=1 R0=1 S0=1] Compute] 
resnet18_17layer_2026-02-21T07:03:18.135146,resnet18,17layer,full,17,eyeriss,thesis_arch,1056,524,128,512,4,1,False,False,"Ill-posed constraints:
CONSTRAINTS VIOLATION: Arch: Eyeriss_Constrained_17L_tile1_4x512 -> Level: WRegister: memory footprint: 7159 VS memory available: 4000
CONSTRAINTS VIOLATION: Arch: Eyeriss_Constrained_17L_tile1_4x512 -> Level: IntermediateRegister: memory footprint: 785 VS memory available: 200
CONSTRAINTS VIOLATION: Arch: Eyeriss_Constrained_17L_tile1_4x512 -> Level: OutRegister: memory footprint: 128 VS memory available: 64",0.000e+00,0.000e+00,0.00e+00,0,0.0,0.0,
resnet18_17layer_2026-02-21T07:03:18.825813,resnet18,17layer,full,17,eyeriss,thesis_arch,1056,524,128,512,16,1,False,True,,1.179e+05,3.042e+06,3.62e+05,"(5821124800, 2890626816)",0.0016443321164842928,0.6286804676055908,DRAM[P=7 Q=7 Z16=1 C16=1 R16=1 S16=1 Y15=7 X15=7 Z15=1 C15=1 R15=1 S15=1 Y14=7 X14=7 Z14=1 C14=1 R14=1 S14=1 Y13=14 X13=14 Z13=1 C13=1 R13=1 S13=1 Y12=14 X12=14 Z12=1 C12=1 R12=1 S12=1 Y11=14 X11=14 Z11=1 C11=1 R11=1 S11=1 Y10=14 X10=14 Z10=1 C10=1 R10=1 S10=1 Y9=28 X9=28 Z9=1 C9=1 R9=1 S9=1 Y8=28 X8=28 Z8=1 C8=1 R8=1 S8=1 Y7=28 X7=28 Z7=1 C7=1 R7=1 S7=1 Y6=28 X6=28 Z6=1 C6=1 R6=1 S6=1 Y5=56 X5=56 Z5=1 C5=1 R5=1 S5=1 Y4=56 X4=56 Z4=1 C4=1 R4=1 S4=1 Y3=56 X3=56 Z3=1 C3=1 R3=1 S3=1 Y2=56 X2=56 Z2=1 C2=1 R2=1 S2=1 Y1=56 X1=56 Z1=1 C1=1 R1=1 S1=1 Y0=112 X0=112 Z0=1 C0=1 R0=1 S0=1] GlobalBuffer[P=1 Q=1 Z16=1 C16=1 R16=1 S16=1 Y15=1 X15=1 Z15=1 C15=1 R15=1 S15=1 Y14=1 X14=1 Z14=1 C14=1 R14=1 S14=1 Y13=1 X13=1 Z13=1 C13=1 R13=1 S13=1 Y12=1 X12=1 Z12=1 C12=1 R12=1 S12=1 Y11=1 X11=1 Z11=1 C11=1 R11=1 S11=1 Y10=1 X10=1 Z10=1 C10=1 R10=1 S10=1 Y9=1 X9=1 Z9=1 C9=1 R9=1 S9=1 Y8=1 X8=1 Z8=1 C8=1 R8=1 S8=1 Y7=1 X7=1 Z7=1 C7=1 R7=1 S7=1 Y6=1 X6=1 Z6=1 C6=1 R6=1 S6=1 Y5=1 X5=1 Z5=1 C5=1 R5=1 S5=1 Y4=1 X4=1 Z4=1 C4=1 R4=1 S4=1 Y3=1 X3=1 Z3=1 C3=1 R3=1 S3=1 Y2=1 X2=1 Z2=1 C2=1 R2=1 S2=1 Y1=1 X1=1 Z1=1 C1=1 R1=1 S1=1 Y0=1 X0=1 Z0=1 C0=1 R0=1 S0=1] SACols[Q=1 Z16=16] SARows[S16=3 C16=128 Z16=1] SACols_15[X15=1 Z15=16] SARows_15[S15=3 C15=128 Z15=1] SACols_14[X14=1 Z14=16] SARows_14[S14=3 C14=128 Z14=1] SACols_13[X13=1 Z13=16] SARows_13[S13=3 C13=128 Z13=1] SACols_12[X12=1 Z12=16] SARows_12[S12=3 C12=128 Z12=1] SACols_11[X11=1 Z11=16] SARows_11[S11=3 C11=128 Z11=1] SACols_10[X10=1 Z10=16] SARows_10[S10=3 C10=128 Z10=1] SACols_9[X9=1 Z9=16] SARows_9[S9=3 C9=128 Z9=1] SACols_8[X8=1 Z8=16] SARows_8[S8=3 C8=128 Z8=1] SACols_7[X7=1 Z7=16] SARows_7[S7=3 C7=128 Z7=1] SACols_6[X6=1 Z6=16] SARows_6[S6=3 C6=128 Z6=1] SACols_5[X5=1 Z5=16] SARows_5[S5=3 C5=64 Z5=2] SACols_4[X4=1 Z4=16] SARows_4[S4=3 C4=64 Z4=2] SACols_3[X3=1 Z3=16] SARows_3[S3=3 C3=64 Z3=2] SACols_2[X2=1 Z2=16] SARows_2[S2=3 C2=64 Z2=2] SACols_1[X1=1 Z1=16] SARows_1[S1=3 C1=64 Z1=2] SACols_0[X0=1 Z0=16] SARows_0[S0=7 C0=3 Z0=4] InRegister[P=1 Q=1 Z16=1 C16=1 R16=1 S16=1 Y15=1 X15=1 Z15=1 C15=1 R15=1 S15=1 Y14=1 X14=1 Z14=1 C14=1 R14=1 S14=1 Y13=1 X13=1 Z13=1 C13=1 R13=1 S13=1 Y12=1 X12=1 Z12=1 C12=1 R12=1 S12=1 Y11=1 X11=1 Z11=1 C11=1 R11=1 S11=1 Y10=1 X10=1 Z10=1 C10=1 R10=1 S10=1 Y9=1 X9=1 Z9=1 C9=1 R9=1 S9=1 Y8=1 X8=1 Z8=1 C8=1 R8=1 S8=1 Y7=1 X7=1 Z7=1 C7=1 R7=1 S7=1 Y6=1 X6=1 Z6=1 C6=1 R6=1 S6=1 Y5=1 X5=1 Z5=1 C5=1 R5=1 S5=1 Y4=1 X4=1 Z4=1 C4=1 R4=1 S4=1 Y3=1 X3=1 Z3=1 C3=1 R3=1 S3=1 Y2=1 X2=1 Z2=1 C2=1 R2=1 S2=1 Y1=1 X1=1 Z1=1 C1=1 R1=1 S1=1 Y0=1 X0=1 Z0=1 C0=1 R0=1 S0=1] WRegister[P=1 Q=1 Z16=1 C16=4 R16=3 S16=1 Y15=1 X15=1 Z15=1 C15=4 R15=3 S15=1 Y14=1 X14=1 Z14=1 C14=4 R14=3 S14=1 Y13=1 X13=1 Z13=1 C13=2 R13=3 S13=1 Y12=1 X12=1 Z12=1 C12=2 R12=3 S12=1 Y11=1 X11=1 Z11=1 C11=2 R11=3 S11=1 Y10=1 X10=1 Z10=1 C10=2 R10=3 S10=1 Y9=1 X9=1 Z9=1 C9=1 R9=3 S9=1 Y8=1 X8=1 Z8=1 C8=1 R8=3 S8=1 Y7=1 X7=1 Z7=1 C7=1 R7=3 S7=1 Y6=1 X6=1 Z6=1 C6=1 R6=3 S6=1 Y5=1 X5=1 Z5=1 C5=1 R5=3 S5=1 Y4=1 X4=1 Z4=1 C4=1 R4=3 S4=1 Y3=1 X3=1 Z3=1 C3=1 R3=3 S3=1 Y2=1 X2=1 Z2=1 C2=1 R2=3 S2=1 Y1=1 X1=1 Z1=1 C1=1 R1=3 S1=1 Y0=1 X0=1 Z0=1 C0=1 R0=7 S0=1] IntermediateRegister[P=1 Q=1 Z16=1 C16=1 R16=1 S16=1 Y15=1 X15=1 Z15=32 C15=1 R15=1 S15=1 Y14=1 X14=1 Z14=32 C14=1 R14=1 S14=1 Y13=1 X13=1 Z13=32 C13=1 R13=1 S13=1 Y12=1 X12=1 Z12=16 C12=1 R12=1 S12=1 Y11=1 X11=1 Z11=16 C11=1 R11=1 S11=1 Y10=1 X10=1 Z10=16 C10=1 R10=1 S10=1 Y9=1 X9=1 Z9=16 C9=1 R9=1 S9=1 Y8=1 X8=1 Z8=8 C8=1 R8=1 S8=1 Y7=1 X7=1 Z7=8 C7=1 R7=1 S7=1 Y6=1 X6=1 Z6=8 C6=1 R6=1 S6=1 Y5=1 X5=1 Z5=4 C5=1 R5=1 S5=1 Y4=1 X4=1 Z4=2 C4=1 R4=1 S4=1 Y3=1 X3=1 Z3=2 C3=1 R3=1 S3=1 Y2=1 X2=1 Z2=2 C2=1 R2=1 S2=1 Y1=1 X1=1 Z1=2 C1=1 R1=1 S1=1 Y0=1 X0=1 Z0=1 C0=1 R0=1 S0=1] OutRegister[P=1 Q=1 Z16=32 C16=1 R16=1 S16=1 Y15=1 X15=1 Z15=1 C15=1 R15=1 S15=1 Y14=1 X14=1 Z14=1 C14=1 R14=1 S14=1 Y13=1 X13=1 Z13=1 C13=1 R13=1 S13=1 Y12=1 X12=1 Z12=1 C12=1 R12=1 S12=1 Y11=1 X11=1 Z11=1 C11=1 R11=1 S11=1 Y10=1 X10=1 Z10=1 C10=1 R10=1 S10=1 Y9=1 X9=1 Z9=1 C9=1 R9=1 S9=1 Y8=1 X8=1 Z8=1 C8=1 R8=1 S8=1 Y7=1 X7=1 Z7=1 C7=1 R7=1 S7=1 Y6=1 X6=1 Z6=1 C6=1 R6=1 S6=1 Y5=1 X5=1 Z5=1 C5=1 R5=1 S5=1 Y4=1 X4=1 Z4=1 C4=1 R4=1 S4=1 Y3=1 X3=1 Z3=1 C3=1 R3=1 S3=1 Y2=1 X2=1 Z2=1 C2=1 R2=1 S2=1 Y1=1 X1=1 Z1=1 C1=1 R1=1 S1=1 Y0=1 X0=1 Z0=1 C0=1 R0=1 S0=1] Compute] 
resnet18_17layer_2026-02-21T07:03:19.869115,resnet18,17layer,full,17,eyeriss,thesis_arch,1056,524,128,512,32,1,False,True,,1.196e+05,3.042e+06,3.69e+05,"(6204068032, 2890626816)",0.0008221660582421464,0.8640358448028564,DRAM[P=7 Q=7 Z16=1 C16=1 R16=1 S16=1 Y15=7 X15=7 Z15=1 C15=1 R15=1 S15=1 Y14=7 X14=7 Z14=1 C14=1 R14=1 S14=1 Y13=14 X13=14 Z13=1 C13=1 R13=1 S13=1 Y12=14 X12=14 Z12=1 C12=1 R12=1 S12=1 Y11=14 X11=14 Z11=1 C11=1 R11=1 S11=1 Y10=14 X10=14 Z10=1 C10=1 R10=1 S10=1 Y9=28 X9=28 Z9=1 C9=1 R9=1 S9=1 Y8=28 X8=28 Z8=1 C8=1 R8=1 S8=1 Y7=28 X7=28 Z7=1 C7=1 R7=1 S7=1 Y6=28 X6=28 Z6=1 C6=1 R6=1 S6=1 Y5=56 X5=56 Z5=1 C5=1 R5=1 S5=1 Y4=56 X4=56 Z4=1 C4=1 R4=1 S4=1 Y3=56 X3=56 Z3=1 C3=1 R3=1 S3=1 Y2=56 X2=56 Z2=1 C2=1 R2=1 S2=1 Y1=56 X1=56 Z1=1 C1=1 R1=1 S1=1 Y0=112 X0=112 Z0=1 C0=1 R0=1 S0=1] GlobalBuffer[P=1 Q=1 Z16=1 C16=1 R16=1 S16=1 Y15=1 X15=1 Z15=1 C15=1 R15=1 S15=1 Y14=1 X14=1 Z14=1 C14=1 R14=1 S14=1 Y13=1 X13=1 Z13=1 C13=1 R13=1 S13=1 Y12=1 X12=1 Z12=1 C12=1 R12=1 S12=1 Y11=1 X11=1 Z11=1 C11=1 R11=1 S11=1 Y10=1 X10=1 Z10=1 C10=1 R10=1 S10=1 Y9=1 X9=1 Z9=1 C9=1 R9=1 S9=1 Y8=1 X8=1 Z8=1 C8=1 R8=1 S8=1 Y7=1 X7=1 Z7=1 C7=1 R7=1 S7=1 Y6=1 X6=1 Z6=1 C6=1 R6=1 S6=1 Y5=1 X5=1 Z5=1 C5=1 R5=1 S5=1 Y4=1 X4=1 Z4=1 C4=1 R4=1 S4=1 Y3=1 X3=1 Z3=1 C3=1 R3=1 S3=1 Y2=1 X2=1 Z2=1 C2=1 R2=1 S2=1 Y1=1 X1=1 Z1=1 C1=1 R1=1 S1=1 Y0=1 X0=1 Z0=1 C0=1 R0=1 S0=1] SACols[Q=1 Z16=32] SARows[S16=3 C16=128 Z16=1] SACols_15[X15=1 Z15=32] SARows_15[S15=3 C15=128 Z15=1] SACols_14[X14=1 Z14=32] SARows_14[S14=3 C14=128 Z14=1] SACols_13[X13=1 Z13=32] SARows_13[S13=3 C13=128 Z13=1] SACols_12[X12=1 Z12=32] SARows_12[S12=3 C12=128 Z12=1] SACols_11[X11=1 Z11=32] SARows_11[S11=3 C11=128 Z11=1] SACols_10[X10=1 Z10=32] SARows_10[S10=3 C10=128 Z10=1] SACols_9[X9=1 Z9=32] SARows_9[S9=3 C9=128 Z9=1] SACols_8[X8=1 Z8=32] SARows_8[S8=3 C8=128 Z8=1] SACols_7[X7=1 Z7=32] SARows_7[S7=3 C7=128 Z7=1] SACols_6[X6=1 Z6=32] SARows_6[S6=3 C6=128 Z6=1] SACols_5[X5=1 Z5=32] SARows_5[S5=3 C5=64 Z5=2] SACols_4[X4=1 Z4=32] SARows_4[S4=3 C4=64 Z4=2] SACols_3[X3=1 Z3=32] SARows_3[S3=3 C3=64 Z3=2] SACols_2[X2=1 Z2=32] SARows_2[S2=3 C2=64 Z2=2] SACols_1[X1=1 Z1=32] SARows_1[S1=3 C1=64 Z1=2] SACols_0[X0=1 Z0=32] SARows_0[S0=7 C0=3 Z0=2] InRegister[P=1 Q=1 Z16=1 C16=1 R16=1 S16=1 Y15=1 X15=1 Z15=1 C15=1 R15=1 S15=1 Y14=1 X14=1 Z14=1 C14=1 R14=1 S14=1 Y13=1 X13=1 Z13=1 C13=1 R13=1 S13=1 Y12=1 X12=1 Z12=1 C12=1 R12=1 S12=1 Y11=1 X11=1 Z11=1 C11=1 R11=1 S11=1 Y10=1 X10=1 Z10=1 C10=1 R10=1 S10=1 Y9=1 X9=1 Z9=1 C9=1 R9=1 S9=1 Y8=1 X8=1 Z8=1 C8=1 R8=1 S8=1 Y7=1 X7=1 Z7=1 C7=1 R7=1 S7=1 Y6=1 X6=1 Z6=1 C6=1 R6=1 S6=1 Y5=1 X5=1 Z5=1 C5=1 R5=1 S5=1 Y4=1 X4=1 Z4=1 C4=1 R4=1 S4=1 Y3=1 X3=1 Z3=1 C3=1 R3=1 S3=1 Y2=1 X2=1 Z2=1 C2=1 R2=1 S2=1 Y1=1 X1=1 Z1=1 C1=1 R1=1 S1=1 Y0=1 X0=1 Z0=1 C0=1 R0=1 S0=1] WRegister[P=1 Q=1 Z16=1 C16=4 R16=3 S16=1 Y15=1 X15=1 Z15=1 C15=4 R15=3 S15=1 Y14=1 X14=1 Z14=1 C14=4 R14=3 S14=1 Y13=1 X13=1 Z13=1 C13=2 R13=3 S13=1 Y12=1 X12=1 Z12=1 C12=2 R12=3 S12=1 Y11=1 X11=1 Z11=1 C11=2 R11=3 S11=1 Y10=1 X10=1 Z10=1 C10=2 R10=3 S10=1 Y9=1 X9=1 Z9=1 C9=1 R9=3 S9=1 Y8=1 X8=1 Z8=1 C8=1 R8=3 S8=1 Y7=1 X7=1 Z7=1 C7=1 R7=3 S7=1 Y6=1 X6=1 Z6=1 C6=1 R6=3 S6=1 Y5=1 X5=1 Z5=1 C5=1 R5=3 S5=1 Y4=1 X4=1 Z4=1 C4=1 R4=3 S4=1 Y3=1 X3=1 Z3=1 C3=1 R3=3 S3=1 Y2=1 X2=1 Z2=1 C2=1 R2=3 S2=1 Y1=1 X1=1 Z1=1 C1=1 R1=3 S1=1 Y0=1 X0=1 Z0=1 C0=1 R0=7 S0=1] IntermediateRegister[P=1 Q=1 Z16=1 C16=1 R16=1 S16=1 Y15=1 X15=1 Z15=16 C15=1 R15=1 S15=1 Y14=1 X14=1 Z14=16 C14=1 R14=1 S14=1 Y13=1 X13=1 Z13=16 C13=1 R13=1 S13=1 Y12=1 X12=1 Z12=8 C12=1 R12=1 S12=1 Y11=1 X11=1 Z11=8 C11=1 R11=1 S11=1 Y10=1 X10=1 Z10=8 C10=1 R10=1 S10=1 Y9=1 X9=1 Z9=8 C9=1 R9=1 S9=1 Y8=1 X8=1 Z8=4 C8=1 R8=1 S8=1 Y7=1 X7=1 Z7=4 C7=1 R7=1 S7=1 Y6=1 X6=1 Z6=4 C6=1 R6=1 S6=1 Y5=1 X5=1 Z5=2 C5=1 R5=1 S5=1 Y4=1 X4=1 Z4=1 C4=1 R4=1 S4=1 Y3=1 X3=1 Z3=1 C3=1 R3=1 S3=1 Y2=1 X2=1 Z2=1 C2=1 R2=1 S2=1 Y1=1 X1=1 Z1=1 C1=1 R1=1 S1=1 Y0=1 X0=1 Z0=1 C0=1 R0=1 S0=1] OutRegister[P=1 Q=1 Z16=16 C16=1 R16=1 S16=1 Y15=1 X15=1 Z15=1 C15=1 R15=1 S15=1 Y14=1 X14=1 Z14=1 C14=1 R14=1 S14=1 Y13=1 X13=1 Z13=1 C13=1 R13=1 S13=1 Y12=1 X12=1 Z12=1 C12=1 R12=1 S12=1 Y11=1 X11=1 Z11=1 C11=1 R11=1 S11=1 Y10=1 X10=1 Z10=1 C10=1 R10=1 S10=1 Y9=1 X9=1 Z9=1 C9=1 R9=1 S9=1 Y8=1 X8=1 Z8=1 C8=1 R8=1 S8=1 Y7=1 X7=1 Z7=1 C7=1 R7=1 S7=1 Y6=1 X6=1 Z6=1 C6=1 R6=1 S6=1 Y5=1 X5=1 Z5=1 C5=1 R5=1 S5=1 Y4=1 X4=1 Z4=1 C4=1 R4=1 S4=1 Y3=1 X3=1 Z3=1 C3=1 R3=1 S3=1 Y2=1 X2=1 Z2=1 C2=1 R2=1 S2=1 Y1=1 X1=1 Z1=1 C1=1 R1=1 S1=1 Y0=1 X0=1 Z0=1 C0=1 R0=1 S0=1] Compute] 
resnet18_17layer_2026-02-21T07:03:21.548790,resnet18,17layer,full,17,eyeriss,thesis_arch,1056,524,128,4,4,1,False,False,"Arch: Eyeriss_Constrained_17L_tile1_4x4 -> Level: SARows_0: Failed to fit comp to arch because the level's constraint (S0: 4) does not divide comp dimension S0 (7) exactly. To compensate, consider setting 'Settings.PADDED_MAPPINGS' to True.",0.000e+00,0.000e+00,0.00e+00,0,0.0,0.0,
resnet18_17layer_2026-02-21T07:03:22.221322,resnet18,17layer,full,17,eyeriss,thesis_arch,1056,524,128,4,16,1,False,False,"Arch: Eyeriss_Constrained_17L_tile1_16x4 -> Level: SARows_0: Failed to fit comp to arch because the level's constraint (S0: 4) does not divide comp dimension S0 (7) exactly. To compensate, consider setting 'Settings.PADDED_MAPPINGS' to True.",0.000e+00,0.000e+00,0.00e+00,0,0.0,0.0,
resnet18_17layer_2026-02-21T07:03:23.003631,resnet18,17layer,full,17,eyeriss,thesis_arch,1056,524,128,4,32,1,False,False,"Arch: Eyeriss_Constrained_17L_tile1_32x4 -> Level: SARows_0: Failed to fit comp to arch because the level's constraint (S0: 4) does not divide comp dimension S0 (7) exactly. To compensate, consider setting 'Settings.PADDED_MAPPINGS' to True.",0.000e+00,0.000e+00,0.00e+00,0,0.0,0.0,
resnet18_17layer_2026-02-21T07:03:23.577389,resnet18,17layer,full,17,eyeriss,thesis_arch,1056,524,128,4,64,1,False,False,"Arch: Eyeriss_Constrained_17L_tile1_64x4 -> Level: SARows_0: Failed to fit comp to arch because the level's constraint (S0: 4) does not divide comp dimension S0 (7) exactly. To compensate, consider setting 'Settings.PADDED_MAPPINGS' to True.",0.000e+00,0.000e+00,0.00e+00,0,0.0,0.0,
resnet18_17layer_2026-02-21T07:03:23.988937,resnet18,17layer,full,17,eyeriss,thesis_arch,1056,524,128,4,128,1,False,False,"Arch: Eyeriss_Constrained_17L_tile1_128x4 -> Level: SARows_0: Failed to fit comp to arch because the level's constraint (S0: 4) does not divide comp dimension S0 (7) exactly. To compensate, consider setting 'Settings.PADDED_MAPPINGS' to True.",0.000e+00,0.000e+00,0.00e+00,0,0.0,0.0,
resnet18_17layer_2026-02-21T07:03:24.503034,resnet18,17layer,full,17,eyeriss,thesis_arch,1056,524,128,4,256,1,False,False,"Arch: Eyeriss_Constrained_17L_tile1_256x4 -> Level: SARows_0: Failed to fit comp to arch because the level's constraint (S0: 4) does not divide comp dimension S0 (7) exactly. To compensate, consider setting 'Settings.PADDED_MAPPINGS' to True.",0.000e+00,0.000e+00,0.00e+00,0,0.0,0.0,
resnet18_17layer_2026-02-21T07:03:25.164043,resnet18,17layer,full,17,eyeriss,thesis_arch,1056,524,128,4,512,1,False,False,"Arch: Eyeriss_Constrained_17L_tile1_512x4 -> Level: SARows_0: Failed to fit comp to arch because the level's constraint (S0: 4) does not divide comp dimension S0 (7) exactly. To compensate, consider setting 'Settings.PADDED_MAPPINGS' to True.",0.000e+00,0.000e+00,0.00e+00,0,0.0,0.0,
resnet18_17layer_2026-02-21T07:03:26.148573,resnet18,17layer,full,17,eyeriss,thesis_arch,1056,524,128,16,4,1,False,False,"Ill-posed constraints:
CONSTRAINTS VIOLATION: Arch: Eyeriss_Constrained_17L_tile1_4x16 -> Level: InRegister: memory footprint: 2584 VS memory available: 400
CONSTRAINTS VIOLATION: Arch: Eyeriss_Constrained_17L_tile1_4x16 -> Level: WRegister: memory footprint: 229032 VS memory available: 4000
CONSTRAINTS VIOLATION: Arch: Eyeriss_Constrained_17L_tile1_4x16 -> Level: IntermediateRegister: memory footprint: 840 VS memory available: 400
CONSTRAINTS VIOLATION: Arch: Eyeriss_Constrained_17L_tile1_4x16 -> Level: OutRegister: memory footprint: 128 VS memory available: 64",0.000e+00,0.000e+00,0.00e+00,0,0.0,0.0,
resnet18_17layer_2026-02-21T07:03:26.996910,resnet18,17layer,full,17,eyeriss,thesis_arch,1056,524,128,16,16,1,False,False,"Ill-posed constraints:
CONSTRAINTS VIOLATION: Arch: Eyeriss_Constrained_17L_tile1_16x16 -> Level: InRegister: memory footprint: 2584 VS memory available: 400
CONSTRAINTS VIOLATION: Arch: Eyeriss_Constrained_17L_tile1_16x16 -> Level: WRegister: memory footprint: 57258 VS memory available: 4000",0.000e+00,0.000e+00,0.00e+00,0,0.0,0.0,
resnet18_17layer_2026-02-21T07:03:27.422072,resnet18,17layer,full,17,eyeriss,thesis_arch,1056,524,128,16,32,1,False,False,"Ill-posed constraints:
CONSTRAINTS VIOLATION: Arch: Eyeriss_Constrained_17L_tile1_32x16 -> Level: InRegister: memory footprint: 2584 VS memory available: 400
CONSTRAINTS VIOLATION: Arch: Eyeriss_Constrained_17L_tile1_32x16 -> Level: WRegister: memory footprint: 28629 VS memory available: 4000",0.000e+00,0.000e+00,0.00e+00,0,0.0,0.0,
resnet18_17layer_2026-02-21T07:03:28.129307,resnet18,17layer,full,17,eyeriss,thesis_arch,1056,524,128,16,64,1,False,False,"Ill-posed constraints:
CONSTRAINTS VIOLATION: Arch: Eyeriss_Constrained_17L_tile1_64x16 -> Level: InRegister: memory footprint: 2584 VS memory available: 400
CONSTRAINTS VIOLATION: Arch: Eyeriss_Constrained_17L_tile1_64x16 -> Level: WRegister: memory footprint: 14325 VS memory available: 4000",0.000e+00,0.000e+00,0.00e+00,0,0.0,0.0,
resnet18_17layer_2026-02-21T07:03:28.818388,resnet18,17layer,full,17,eyeriss,thesis_arch,1056,524,128,16,128,1,False,False,"Ill-posed constraints:
CONSTRAINTS VIOLATION: Arch: Eyeriss_Constrained_17L_tile1_128x16 -> Level: InRegister: memory footprint: 2584 VS memory available: 400
CONSTRAINTS VIOLATION: Arch: Eyeriss_Constrained_17L_tile1_128x16 -> Level: WRegister: memory footprint: 7269 VS memory available: 4000",0.000e+00,0.000e+00,0.00e+00,0,0.0,0.0,
resnet18_17layer_2026-02-21T07:03:29.450404,resnet18,17layer,full,17,eyeriss,thesis_arch,1056,524,128,16,256,1,False,False,"Ill-posed constraints:
CONSTRAINTS VIOLATION: Arch: Eyeriss_Constrained_17L_tile1_256x16 -> Level: InRegister: memory footprint: 2584 VS memory available: 400",0.000e+00,0.000e+00,0.00e+00,0,0.0,0.0,
resnet18_17layer_2026-02-21T07:03:30.303981,resnet18,17layer,full,17,eyeriss,thesis_arch,1056,524,128,16,512,1,False,False,"Ill-posed constraints:
CONSTRAINTS VIOLATION: Arch: Eyeriss_Constrained_17L_tile1_512x16 -> Level: InRegister: memory footprint: 2584 VS memory available: 400",0.000e+00,0.000e+00,0.00e+00,0,0.0,0.0,
resnet18_17layer_2026-02-21T07:03:30.922631,resnet18,17layer,full,17,eyeriss,thesis_arch,1056,524,128,32,4,1,False,False,"Ill-posed constraints:
CONSTRAINTS VIOLATION: Arch: Eyeriss_Constrained_17L_tile1_4x32 -> Level: InRegister: memory footprint: 1286 VS memory available: 400
CONSTRAINTS VIOLATION: Arch: Eyeriss_Constrained_17L_tile1_4x32 -> Level: WRegister: memory footprint: 114544 VS memory available: 4000
CONSTRAINTS VIOLATION: Arch: Eyeriss_Constrained_17L_tile1_4x32 -> Level: IntermediateRegister: memory footprint: 848 VS memory available: 400
CONSTRAINTS VIOLATION: Arch: Eyeriss_Constrained_17L_tile1_4x32 -> Level: OutRegister: memory footprint: 128 VS memory available: 64",0.000e+00,0.000e+00,0.00e+00,0,0.0,0.0,
resnet18_17layer_2026-02-21T07:03:31.793858,resnet18,17layer,full,17,eyeriss,thesis_arch,1056,524,128,32,16,1,False,False,"Ill-posed constraints:
CONSTRAINTS VIOLATION: Arch: Eyeriss_Constrained_17L_tile1_16x32 -> Level: InRegister: memory footprint: 1286 VS memory available: 400
CONSTRAINTS VIOLATION: Arch: Eyeriss_Constrained_17L_tile1_16x32 -> Level: WRegister: memory footprint: 28636 VS memory available: 4000",0.000e+00,0.000e+00,0.00e+00,0,0.0,0.0,
resnet18_17layer_2026-02-21T07:03:32.637109,resnet18,17layer,full,17,eyeriss,thesis_arch,1056,524,128,32,32,1,False,False,"Ill-posed constraints:
CONSTRAINTS VIOLATION: Arch: Eyeriss_Constrained_17L_tile1_32x32 -> Level: InRegister: memory footprint: 1286 VS memory available: 400
CONSTRAINTS VIOLATION: Arch: Eyeriss_Constrained_17L_tile1_32x32 -> Level: WRegister: memory footprint: 14318 VS memory available: 4000",0.000e+00,0.000e+00,0.00e+00,0,0.0,0.0,
resnet18_17layer_2026-02-21T07:03:33.741638,resnet18,17layer,full,17,eyeriss,thesis_arch,1056,524,128,32,64,1,False,False,"Ill-posed constraints:
CONSTRAINTS VIOLATION: Arch: Eyeriss_Constrained_17L_tile1_64x32 -> Level: InRegister: memory footprint: 1286 VS memory available: 400
CONSTRAINTS VIOLATION: Arch: Eyeriss_Constrained_17L_tile1_64x32 -> Level: WRegister: memory footprint: 7159 VS memory available: 4000",0.000e+00,0.000e+00,0.00e+00,0,0.0,0.0,
resnet18_17layer_2026-02-21T07:03:34.309593,resnet18,17layer,full,17,eyeriss,thesis_arch,1056,524,128,32,128,1,False,False,"Ill-posed constraints:
CONSTRAINTS VIOLATION: Arch: Eyeriss_Constrained_17L_tile1_128x32 -> Level: InRegister: memory footprint: 1286 VS memory available: 400",0.000e+00,0.000e+00,0.00e+00,0,0.0,0.0,
resnet18_17layer_2026-02-21T07:03:34.643421,resnet18,17layer,full,17,eyeriss,thesis_arch,1056,524,128,32,256,1,False,False,"Ill-posed constraints:
CONSTRAINTS VIOLATION: Arch: Eyeriss_Constrained_17L_tile1_256x32 -> Level: InRegister: memory footprint: 1286 VS memory available: 400",0.000e+00,0.000e+00,0.00e+00,0,0.0,0.0,
resnet18_17layer_2026-02-21T07:03:35.082874,resnet18,17layer,full,17,eyeriss,thesis_arch,1056,524,128,32,512,1,False,False,"Ill-posed constraints:
CONSTRAINTS VIOLATION: Arch: Eyeriss_Constrained_17L_tile1_512x32 -> Level: InRegister: memory footprint: 1286 VS memory available: 400",0.000e+00,0.000e+00,0.00e+00,0,0.0,0.0,
resnet18_17layer_2026-02-21T07:03:35.544570,resnet18,17layer,full,17,eyeriss,thesis_arch,1056,524,128,64,4,1,False,False,"Ill-posed constraints:
CONSTRAINTS VIOLATION: Arch: Eyeriss_Constrained_17L_tile1_4x64 -> Level: InRegister: memory footprint: 650 VS memory available: 400
CONSTRAINTS VIOLATION: Arch: Eyeriss_Constrained_17L_tile1_4x64 -> Level: WRegister: memory footprint: 57272 VS memory available: 4000
CONSTRAINTS VIOLATION: Arch: Eyeriss_Constrained_17L_tile1_4x64 -> Level: IntermediateRegister: memory footprint: 840 VS memory available: 400
CONSTRAINTS VIOLATION: Arch: Eyeriss_Constrained_17L_tile1_4x64 -> Level: OutRegister: memory footprint: 128 VS memory available: 64",0.000e+00,0.000e+00,0.00e+00,0,0.0,0.0,
resnet18_17layer_2026-02-21T07:03:36.184761,resnet18,17layer,full,17,eyeriss,thesis_arch,1056,524,128,64,16,1,False,False,"Ill-posed constraints:
CONSTRAINTS VIOLATION: Arch: Eyeriss_Constrained_17L_tile1_16x64 -> Level: InRegister: memory footprint: 650 VS memory available: 400
CONSTRAINTS VIOLATION: Arch: Eyeriss_Constrained_17L_tile1_16x64 -> Level: WRegister: memory footprint: 14318 VS memory available: 4000",0.000e+00,0.000e+00,0.00e+00,0,0.0,0.0,
resnet18_17layer_2026-02-21T07:03:37.104477,resnet18,17layer,full,17,eyeriss,thesis_arch,1056,524,128,64,32,1,False,False,"Ill-posed constraints:
CONSTRAINTS VIOLATION: Arch: Eyeriss_Constrained_17L_tile1_32x64 -> Level: InRegister: memory footprint: 650 VS memory available: 400
CONSTRAINTS VIOLATION: Arch: Eyeriss_Constrained_17L_tile1_32x64 -> Level: WRegister: memory footprint: 7159 VS memory available: 4000",0.000e+00,0.000e+00,0.00e+00,0,0.0,0.0,
resnet18_17layer_2026-02-21T07:03:37.783959,resnet18,17layer,full,17,eyeriss,thesis_arch,1056,524,128,64,64,1,False,False,"Ill-posed constraints:
CONSTRAINTS VIOLATION: Arch: Eyeriss_Constrained_17L_tile1_64x64 -> Level: InRegister: memory footprint: 650 VS memory available: 400",0.000e+00,0.000e+00,0.00e+00,0,0.0,0.0,
resnet18_17layer_2026-02-21T07:03:38.398656,resnet18,17layer,full,17,eyeriss,thesis_arch,1056,524,128,64,128,1,False,False,"Ill-posed constraints:
CONSTRAINTS VIOLATION: Arch: Eyeriss_Constrained_17L_tile1_128x64 -> Level: InRegister: memory footprint: 650 VS memory available: 400",0.000e+00,0.000e+00,0.00e+00,0,0.0,0.0,
resnet18_17layer_2026-02-21T07:03:38.765145,resnet18,17layer,full,17,eyeriss,thesis_arch,1056,524,128,64,256,1,False,False,"Ill-posed constraints:
CONSTRAINTS VIOLATION: Arch: Eyeriss_Constrained_17L_tile1_256x64 -> Level: InRegister: memory footprint: 650 VS memory available: 400",0.000e+00,0.000e+00,0.00e+00,0,0.0,0.0,
resnet18_17layer_2026-02-21T07:03:39.399261,resnet18,17layer,full,17,eyeriss,thesis_arch,1056,524,128,128,4,1,False,False,"Ill-posed constraints:
CONSTRAINTS VIOLATION: Arch: Eyeriss_Constrained_17L_tile1_4x128 -> Level: WRegister: memory footprint: 28636 VS memory available: 4000
CONSTRAINTS VIOLATION: Arch: Eyeriss_Constrained_17L_tile1_4x128 -> Level: IntermediateRegister: memory footprint: 836 VS memory available: 400
CONSTRAINTS VIOLATION: Arch: Eyeriss_Constrained_17L_tile1_4x128 -> Level: OutRegister: memory footprint: 128 VS memory available: 64",0.000e+00,0.000e+00,0.00e+00,0,0.0,0.0,
resnet18_17layer_2026-02-21T07:03:40.097968,resnet18,17layer,full,17,eyeriss,thesis_arch,1056,524,128,128,16,1,False,False,"Ill-posed constraints:
CONSTRAINTS VIOLATION: Arch: Eyeriss_Constrained_17L_tile1_16x128 -> Level: WRegister: memory footprint: 7159 VS memory available: 4000",0.000e+00,0.000e+00,0.00e+00,0,0.0,0.0,
resnet18_17layer_2026-02-21T07:03:40.706688,resnet18,17layer,full,17,eyeriss,thesis_arch,1056,524,128,128,32,1,False,True,,1.273e+05,3.059e+06,3.93e+05,"(5568237760, 2543810304)",0.0032886642329685856,0.7945170402526855,DRAM[P=7 Q=7 Z16=1 C16=1 R16=1 S16=1 Y15=7 X15=7 Z15=1 C15=1 R15=1 S15=1 Y14=7 X14=7 Z14=1 C14=1 R14=1 S14=1 Y13=14 X13=14 Z13=1 C13=1 R13=1 S13=1 Y12=14 X12=14 Z12=1 C12=1 R12=1 S12=1 Y11=14 X11=14 Z11=1 C11=1 R11=1 S11=1 Y10=14 X10=14 Z10=1 C10=1 R10=1 S10=1 Y9=28 X9=28 Z9=1 C9=1 R9=1 S9=1 Y8=28 X8=28 Z8=1 C8=1 R8=1 S8=1 Y7=28 X7=28 Z7=1 C7=1 R7=1 S7=1 Y6=28 X6=28 Z6=1 C6=1 R6=1 S6=1 Y5=56 X5=56 Z5=1 C5=1 R5=1 S5=1 Y4=56 X4=56 Z4=1 C4=1 R4=1 S4=1 Y3=56 X3=56 Z3=1 C3=1 R3=1 S3=1 Y2=56 X2=56 Z2=1 C2=1 R2=1 S2=1 Y1=56 X1=56 Z1=1 C1=1 R1=1 S1=1 Y0=112 X0=112 Z0=1 C0=1 R0=1 S0=1] GlobalBuffer[P=1 Q=1 Z16=1 C16=1 R16=1 S16=1 Y15=1 X15=1 Z15=1 C15=1 R15=1 S15=1 Y14=1 X14=1 Z14=1 C14=1 R14=1 S14=1 Y13=1 X13=1 Z13=1 C13=1 R13=1 S13=1 Y12=1 X12=1 Z12=1 C12=1 R12=1 S12=1 Y11=1 X11=1 Z11=1 C11=1 R11=1 S11=1 Y10=1 X10=1 Z10=1 C10=1 R10=1 S10=1 Y9=1 X9=1 Z9=1 C9=1 R9=1 S9=1 Y8=1 X8=1 Z8=1 C8=1 R8=1 S8=1 Y7=1 X7=1 Z7=1 C7=1 R7=1 S7=1 Y6=1 X6=1 Z6=1 C6=1 R6=1 S6=1 Y5=1 X5=1 Z5=1 C5=1 R5=1 S5=1 Y4=1 X4=1 Z4=1 C4=1 R4=1 S4=1 Y3=1 X3=1 Z3=1 C3=1 R3=1 S3=1 Y2=1 X2=1 Z2=1 C2=1 R2=1 S2=1 Y1=1 X1=1 Z1=1 C1=1 R1=1 S1=1 Y0=1 X0=1 Z0=1 C0=1 R0=1 S0=1] SACols[Q=1 Z16=32] SARows[S16=3 C16=32 Z16=1] SACols_15[X15=1 Z15=32] SARows_15[S15=3 C15=32 Z15=1] SACols_14[X14=1 Z14=32] SARows_14[S14=3 C14=32 Z14=1] SACols_13[X13=1 Z13=32] SARows_13[S13=3 C13=32 Z13=1] SACols_12[X12=1 Z12=32] SARows_12[S12=3 C12=32 Z12=1] SACols_11[X11=1 Z11=32] SARows_11[S11=3 C11=32 Z11=1] SACols_10[X10=1 Z10=32] SARows_10[S10=3 C10=32 Z10=1] SACols_9[X9=1 Z9=32] SARows_9[S9=3 C9=32 Z9=1] SACols_8[X8=1 Z8=32] SARows_8[S8=3 C8=32 Z8=1] SACols_7[X7=1 Z7=32] SARows_7[S7=3 C7=32 Z7=1] SACols_6[X6=1 Z6=32] SARows_6[S6=3 C6=32 Z6=1] SACols_5[X5=1 Z5=32] SARows_5[S5=3 C5=32 Z5=1] SACols_4[X4=1 Z4=32] SARows_4[S4=3 C4=32 Z4=1] SACols_3[X3=1 Z3=32] SARows_3[S3=3 C3=32 Z3=1] SACols_2[X2=1 Z2=32] SARows_2[S2=3 C2=32 Z2=1] SACols_1[X1=1 Z1=32] SARows_1[S1=3 C1=32 Z1=1] SACols_0[X0=1 Z0=32] SARows_0[S0=7 C0=3 Z0=2] InRegister[P=1 Q=1 Z16=1 C16=1 R16=1 S16=1 Y15=1 X15=1 Z15=1 C15=1 R15=1 S15=1 Y14=1 X14=1 Z14=1 C14=1 R14=1 S14=1 Y13=1 X13=1 Z13=1 C13=1 R13=1 S13=1 Y12=1 X12=1 Z12=1 C12=1 R12=1 S12=1 Y11=1 X11=1 Z11=1 C11=1 R11=1 S11=1 Y10=1 X10=1 Z10=1 C10=1 R10=1 S10=1 Y9=1 X9=1 Z9=1 C9=1 R9=1 S9=1 Y8=1 X8=1 Z8=1 C8=1 R8=1 S8=1 Y7=1 X7=1 Z7=1 C7=1 R7=1 S7=1 Y6=1 X6=1 Z6=1 C6=1 R6=1 S6=1 Y5=1 X5=1 Z5=1 C5=1 R5=1 S5=1 Y4=1 X4=1 Z4=1 C4=1 R4=1 S4=1 Y3=1 X3=1 Z3=1 C3=1 R3=1 S3=1 Y2=1 X2=1 Z2=1 C2=1 R2=1 S2=1 Y1=1 X1=1 Z1=1 C1=1 R1=1 S1=1 Y0=1 X0=1 Z0=1 C0=1 R0=1 S0=1] WRegister[P=1 Q=1 Z16=1 C16=16 R16=3 S16=1 Y15=1 X15=1 Z15=1 C15=16 R15=3 S15=1 Y14=1 X14=1 Z14=1 C14=16 R14=3 S14=1 Y13=1 X13=1 Z13=1 C13=8 R13=3 S13=1 Y12=1 X12=1 Z12=1 C12=8 R12=3 S12=1 Y11=1 X11=1 Z11=1 C11=8 R11=3 S11=1 Y10=1 X10=1 Z10=1 C10=8 R10=3 S10=1 Y9=1 X9=1 Z9=1 C9=4 R9=3 S9=1 Y8=1 X8=1 Z8=1 C8=4 R8=3 S8=1 Y7=1 X7=1 Z7=1 C7=4 R7=3 S7=1 Y6=1 X6=1 Z6=1 C6=4 R6=3 S6=1 Y5=1 X5=1 Z5=1 C5=2 R5=3 S5=1 Y4=1 X4=1 Z4=1 C4=2 R4=3 S4=1 Y3=1 X3=1 Z3=1 C3=2 R3=3 S3=1 Y2=1 X2=1 Z2=1 C2=2 R2=3 S2=1 Y1=1 X1=1 Z1=1 C1=2 R1=3 S1=1 Y0=1 X0=1 Z0=1 C0=1 R0=7 S0=1] IntermediateRegister[P=1 Q=1 Z16=1 C16=1 R16=1 S16=1 Y15=1 X15=1 Z15=16 C15=1 R15=1 S15=1 Y14=1 X14=1 Z14=16 C14=1 R14=1 S14=1 Y13=1 X13=1 Z13=16 C13=1 R13=1 S13=1 Y12=1 X12=1 Z12=8 C12=1 R12=1 S12=1 Y11=1 X11=1 Z11=8 C11=1 R11=1 S11=1 Y10=1 X10=1 Z10=8 C10=1 R10=1 S10=1 Y9=1 X9=1 Z9=8 C9=1 R9=1 S9=1 Y8=1 X8=1 Z8=4 C8=1 R8=1 S8=1 Y7=1 X7=1 Z7=4 C7=1 R7=1 S7=1 Y6=1 X6=1 Z6=4 C6=1 R6=1 S6=1 Y5=1 X5=1 Z5=4 C5=1 R5=1 S5=1 Y4=1 X4=1 Z4=2 C4=1 R4=1 S4=1 Y3=1 X3=1 Z3=2 C3=1 R3=1 S3=1 Y2=1 X2=1 Z2=2 C2=1 R2=1 S2=1 Y1=1 X1=1 Z1=2 C1=1 R1=1 S1=1 Y0=1 X0=1 Z0=1 C0=1 R0=1 S0=1] OutRegister[P=1 Q=1 Z16=16 C16=1 R16=1 S16=1 Y15=1 X15=1 Z15=1 C15=1 R15=1 S15=1 Y14=1 X14=1 Z14=1 C14=1 R14=1 S14=1 Y13=1 X13=1 Z13=1 C13=1 R13=1 S13=1 Y12=1 X12=1 Z12=1 C12=1 R12=1 S12=1 Y11=1 X11=1 Z11=1 C11=1 R11=1 S11=1 Y10=1 X10=1 Z10=1 C10=1 R10=1 S10=1 Y9=1 X9=1 Z9=1 C9=1 R9=1 S9=1 Y8=1 X8=1 Z8=1 C8=1 R8=1 S8=1 Y7=1 X7=1 Z7=1 C7=1 R7=1 S7=1 Y6=1 X6=1 Z6=1 C6=1 R6=1 S6=1 Y5=1 X5=1 Z5=1 C5=1 R5=1 S5=1 Y4=1 X4=1 Z4=1 C4=1 R4=1 S4=1 Y3=1 X3=1 Z3=1 C3=1 R3=1 S3=1 Y2=1 X2=1 Z2=1 C2=1 R2=1 S2=1 Y1=1 X1=1 Z1=1 C1=1 R1=1 S1=1 Y0=1 X0=1 Z0=1 C0=1 R0=1 S0=1] Compute] 
resnet18_17layer_2026-02-21T07:03:41.931492,resnet18,17layer,full,17,eyeriss,thesis_arch,1056,524,128,128,64,1,False,True,,1.294e+05,3.042e+06,4.00e+05,"(6045110464, 2543810304)",0.0016443321164842928,0.7828102111816406,DRAM[P=7 Q=7 Z16=1 C16=1 R16=1 S16=1 Y15=7 X15=7 Z15=1 C15=1 R15=1 S15=1 Y14=7 X14=7 Z14=1 C14=1 R14=1 S14=1 Y13=14 X13=14 Z13=1 C13=1 R13=1 S13=1 Y12=14 X12=14 Z12=1 C12=1 R12=1 S12=1 Y11=14 X11=14 Z11=1 C11=1 R11=1 S11=1 Y10=14 X10=14 Z10=1 C10=1 R10=1 S10=1 Y9=28 X9=28 Z9=1 C9=1 R9=1 S9=1 Y8=28 X8=28 Z8=1 C8=1 R8=1 S8=1 Y7=28 X7=28 Z7=1 C7=1 R7=1 S7=1 Y6=28 X6=28 Z6=1 C6=1 R6=1 S6=1 Y5=56 X5=56 Z5=1 C5=1 R5=1 S5=1 Y4=56 X4=56 Z4=1 C4=1 R4=1 S4=1 Y3=56 X3=56 Z3=1 C3=1 R3=1 S3=1 Y2=56 X2=56 Z2=1 C2=1 R2=1 S2=1 Y1=56 X1=56 Z1=1 C1=1 R1=1 S1=1 Y0=112 X0=112 Z0=1 C0=1 R0=1 S0=1] GlobalBuffer[P=1 Q=1 Z16=1 C16=1 R16=1 S16=1 Y15=1 X15=1 Z15=1 C15=1 R15=1 S15=1 Y14=1 X14=1 Z14=1 C14=1 R14=1 S14=1 Y13=1 X13=1 Z13=1 C13=1 R13=1 S13=1 Y12=1 X12=1 Z12=1 C12=1 R12=1 S12=1 Y11=1 X11=1 Z11=1 C11=1 R11=1 S11=1 Y10=1 X10=1 Z10=1 C10=1 R10=1 S10=1 Y9=1 X9=1 Z9=1 C9=1 R9=1 S9=1 Y8=1 X8=1 Z8=1 C8=1 R8=1 S8=1 Y7=1 X7=1 Z7=1 C7=1 R7=1 S7=1 Y6=1 X6=1 Z6=1 C6=1 R6=1 S6=1 Y5=1 X5=1 Z5=1 C5=1 R5=1 S5=1 Y4=1 X4=1 Z4=1 C4=1 R4=1 S4=1 Y3=1 X3=1 Z3=1 C3=1 R3=1 S3=1 Y2=1 X2=1 Z2=1 C2=1 R2=1 S2=1 Y1=1 X1=1 Z1=1 C1=1 R1=1 S1=1 Y0=1 X0=1 Z0=1 C0=1 R0=1 S0=1] SACols[Q=1 Z16=64] SARows[S16=3 C16=32 Z16=1] SACols_15[X15=1 Z15=64] SARows_15[S15=3 C15=32 Z15=1] SACols_14[X14=1 Z14=64] SARows_14[S14=3 C14=32 Z14=1] SACols_13[X13=1 Z13=64] SARows_13[S13=3 C13=32 Z13=1] SACols_12[X12=1 Z12=64] SARows_12[S12=3 C12=32 Z12=1] SACols_11[X11=1 Z11=64] SARows_11[S11=3 C11=32 Z11=1] SACols_10[X10=1 Z10=64] SARows_10[S10=3 C10=32 Z10=1] SACols_9[X9=1 Z9=64] SARows_9[S9=3 C9=32 Z9=1] SACols_8[X8=1 Z8=64] SARows_8[S8=3 C8=32 Z8=1] SACols_7[X7=1 Z7=64] SARows_7[S7=3 C7=32 Z7=1] SACols_6[X6=1 Z6=64] SARows_6[S6=3 C6=32 Z6=1] SACols_5[X5=1 Z5=64] SARows_5[S5=3 C5=32 Z5=1] SACols_4[X4=1 Z4=64] SARows_4[S4=3 C4=32 Z4=1] SACols_3[X3=1 Z3=64] SARows_3[S3=3 C3=32 Z3=1] SACols_2[X2=1 Z2=64] SARows_2[S2=3 C2=32 Z2=1] SACols_1[X1=1 Z1=64] SARows_1[S1=3 C1=32 Z1=1] SACols_0[X0=1 Z0=64] SARows_0[S0=7 C0=3 Z0=1] InRegister[P=1 Q=1 Z16=1 C16=1 R16=1 S16=1 Y15=1 X15=1 Z15=1 C15=1 R15=1 S15=1 Y14=1 X14=1 Z14=1 C14=1 R14=1 S14=1 Y13=1 X13=1 Z13=1 C13=1 R13=1 S13=1 Y12=1 X12=1 Z12=1 C12=1 R12=1 S12=1 Y11=1 X11=1 Z11=1 C11=1 R11=1 S11=1 Y10=1 X10=1 Z10=1 C10=1 R10=1 S10=1 Y9=1 X9=1 Z9=1 C9=1 R9=1 S9=1 Y8=1 X8=1 Z8=1 C8=1 R8=1 S8=1 Y7=1 X7=1 Z7=1 C7=1 R7=1 S7=1 Y6=1 X6=1 Z6=1 C6=1 R6=1 S6=1 Y5=1 X5=1 Z5=1 C5=1 R5=1 S5=1 Y4=1 X4=1 Z4=1 C4=1 R4=1 S4=1 Y3=1 X3=1 Z3=1 C3=1 R3=1 S3=1 Y2=1 X2=1 Z2=1 C2=1 R2=1 S2=1 Y1=1 X1=1 Z1=1 C1=1 R1=1 S1=1 Y0=1 X0=1 Z0=1 C0=1 R0=1 S0=1] WRegister[P=1 Q=1 Z16=1 C16=16 R16=3 S16=1 Y15=1 X15=1 Z15=1 C15=16 R15=3 S15=1 Y14=1 X14=1 Z14=1 C14=16 R14=3 S14=1 Y13=1 X13=1 Z13=1 C13=8 R13=3 S13=1 Y12=1 X12=1 Z12=1 C12=8 R12=3 S12=1 Y11=1 X11=1 Z11=1 C11=8 R11=3 S11=1 Y10=1 X10=1 Z10=1 C10=8 R10=3 S10=1 Y9=1 X9=1 Z9=1 C9=4 R9=3 S9=1 Y8=1 X8=1 Z8=1 C8=4 R8=3 S8=1 Y7=1 X7=1 Z7=1 C7=4 R7=3 S7=1 Y6=1 X6=1 Z6=1 C6=4 R6=3 S6=1 Y5=1 X5=1 Z5=1 C5=2 R5=3 S5=1 Y4=1 X4=1 Z4=1 C4=2 R4=3 S4=1 Y3=1 X3=1 Z3=1 C3=2 R3=3 S3=1 Y2=1 X2=1 Z2=1 C2=2 R2=3 S2=1 Y1=1 X1=1 Z1=1 C1=2 R1=3 S1=1 Y0=1 X0=1 Z0=1 C0=1 R0=7 S0=1] IntermediateRegister[P=1 Q=1 Z16=1 C16=1 R16=1 S16=1 Y15=1 X15=1 Z15=8 C15=1 R15=1 S15=1 Y14=1 X14=1 Z14=8 C14=1 R14=1 S14=1 Y13=1 X13=1 Z13=8 C13=1 R13=1 S13=1 Y12=1 X12=1 Z12=4 C12=1 R12=1 S12=1 Y11=1 X11=1 Z11=4 C11=1 R11=1 S11=1 Y10=1 X10=1 Z10=4 C10=1 R10=1 S10=1 Y9=1 X9=1 Z9=4 C9=1 R9=1 S9=1 Y8=1 X8=1 Z8=2 C8=1 R8=1 S8=1 Y7=1 X7=1 Z7=2 C7=1 R7=1 S7=1 Y6=1 X6=1 Z6=2 C6=1 R6=1 S6=1 Y5=1 X5=1 Z5=2 C5=1 R5=1 S5=1 Y4=1 X4=1 Z4=1 C4=1 R4=1 S4=1 Y3=1 X3=1 Z3=1 C3=1 R3=1 S3=1 Y2=1 X2=1 Z2=1 C2=1 R2=1 S2=1 Y1=1 X1=1 Z1=1 C1=1 R1=1 S1=1 Y0=1 X0=1 Z0=1 C0=1 R0=1 S0=1] OutRegister[P=1 Q=1 Z16=8 C16=1 R16=1 S16=1 Y15=1 X15=1 Z15=1 C15=1 R15=1 S15=1 Y14=1 X14=1 Z14=1 C14=1 R14=1 S14=1 Y13=1 X13=1 Z13=1 C13=1 R13=1 S13=1 Y12=1 X12=1 Z12=1 C12=1 R12=1 S12=1 Y11=1 X11=1 Z11=1 C11=1 R11=1 S11=1 Y10=1 X10=1 Z10=1 C10=1 R10=1 S10=1 Y9=1 X9=1 Z9=1 C9=1 R9=1 S9=1 Y8=1 X8=1 Z8=1 C8=1 R8=1 S8=1 Y7=1 X7=1 Z7=1 C7=1 R7=1 S7=1 Y6=1 X6=1 Z6=1 C6=1 R6=1 S6=1 Y5=1 X5=1 Z5=1 C5=1 R5=1 S5=1 Y4=1 X4=1 Z4=1 C4=1 R4=1 S4=1 Y3=1 X3=1 Z3=1 C3=1 R3=1 S3=1 Y2=1 X2=1 Z2=1 C2=1 R2=1 S2=1 Y1=1 X1=1 Z1=1 C1=1 R1=1 S1=1 Y0=1 X0=1 Z0=1 C0=1 R0=1 S0=1] Compute] 
resnet18_17layer_2026-02-21T07:03:43.457616,resnet18,17layer,full,17,eyeriss,thesis_arch,1056,524,128,128,128,1,False,True,,1.316e+05,3.042e+06,4.09e+05,"(6536433856, 2543810304)",5.138537864013415e-05,0.8794534206390381,DRAM[P=7 Q=7 Z16=1 C16=1 R16=1 S16=1 Y15=7 X15=7 Z15=1 C15=1 R15=1 S15=1 Y14=7 X14=7 Z14=1 C14=1 R14=1 S14=1 Y13=14 X13=14 Z13=1 C13=1 R13=1 S13=1 Y12=14 X12=14 Z12=1 C12=1 R12=1 S12=1 Y11=14 X11=14 Z11=1 C11=1 R11=1 S11=1 Y10=14 X10=14 Z10=1 C10=1 R10=1 S10=1 Y9=28 X9=28 Z9=1 C9=1 R9=1 S9=1 Y8=28 X8=28 Z8=1 C8=1 R8=1 S8=1 Y7=28 X7=28 Z7=1 C7=1 R7=1 S7=1 Y6=28 X6=28 Z6=1 C6=1 R6=1 S6=1 Y5=56 X5=56 Z5=1 C5=1 R5=1 S5=1 Y4=56 X4=56 Z4=1 C4=1 R4=1 S4=1 Y3=56 X3=56 Z3=1 C3=1 R3=1 S3=1 Y2=56 X2=56 Z2=1 C2=1 R2=1 S2=1 Y1=56 X1=56 Z1=1 C1=1 R1=1 S1=1 Y0=112 X0=112 Z0=1 C0=1 R0=1 S0=1] GlobalBuffer[P=1 Q=1 Z16=1 C16=1 R16=1 S16=1 Y15=1 X15=1 Z15=1 C15=1 R15=1 S15=1 Y14=1 X14=1 Z14=1 C14=1 R14=1 S14=1 Y13=1 X13=1 Z13=1 C13=1 R13=1 S13=1 Y12=1 X12=1 Z12=1 C12=1 R12=1 S12=1 Y11=1 X11=1 Z11=1 C11=1 R11=1 S11=1 Y10=1 X10=1 Z10=1 C10=1 R10=1 S10=1 Y9=1 X9=1 Z9=1 C9=1 R9=1 S9=1 Y8=1 X8=1 Z8=1 C8=1 R8=1 S8=1 Y7=1 X7=1 Z7=1 C7=1 R7=1 S7=1 Y6=1 X6=1 Z6=1 C6=1 R6=1 S6=1 Y5=1 X5=1 Z5=1 C5=1 R5=1 S5=1 Y4=1 X4=1 Z4=1 C4=1 R4=1 S4=1 Y3=1 X3=1 Z3=1 C3=1 R3=1 S3=1 Y2=1 X2=1 Z2=1 C2=1 R2=1 S2=1 Y1=1 X1=1 Z1=1 C1=1 R1=1 S1=1 Y0=1 X0=1 Z0=1 C0=1 R0=1 S0=1] SACols[Q=1 Z16=128] SARows[S16=3 C16=32 Z16=1] SACols_15[X15=1 Z15=128] SARows_15[S15=3 C15=32 Z15=1] SACols_14[X14=1 Z14=128] SARows_14[S14=3 C14=32 Z14=1] SACols_13[X13=1 Z13=128] SARows_13[S13=3 C13=32 Z13=1] SACols_12[X12=1 Z12=128] SARows_12[S12=3 C12=32 Z12=1] SACols_11[X11=1 Z11=128] SARows_11[S11=3 C11=32 Z11=1] SACols_10[X10=1 Z10=128] SARows_10[S10=3 C10=32 Z10=1] SACols_9[X9=1 Z9=128] SARows_9[S9=3 C9=32 Z9=1] SACols_8[X8=1 Z8=128] SARows_8[S8=3 C8=32 Z8=1] SACols_7[X7=1 Z7=128] SARows_7[S7=3 C7=32 Z7=1] SACols_6[X6=1 Z6=128] SARows_6[S6=3 C6=32 Z6=1] SACols_5[X5=1 Z5=128] SARows_5[S5=3 C5=32 Z5=1] SACols_4[X4=1 Z4=64] SARows_4[S4=3 C4=32 Z4=1] SACols_3[X3=1 Z3=64] SARows_3[S3=3 C3=32 Z3=1] SACols_2[X2=1 Z2=64] SARows_2[S2=3 C2=32 Z2=1] SACols_1[X1=1 Z1=64] SARows_1[S1=3 C1=32 Z1=1] SACols_0[X0=1 Z0=64] SARows_0[S0=7 C0=3 Z0=1] InRegister[P=1 Q=1 Z16=1 C16=1 R16=1 S16=1 Y15=1 X15=1 Z15=1 C15=1 R15=1 S15=1 Y14=1 X14=1 Z14=1 C14=1 R14=1 S14=1 Y13=1 X13=1 Z13=1 C13=1 R13=1 S13=1 Y12=1 X12=1 Z12=1 C12=1 R12=1 S12=1 Y11=1 X11=1 Z11=1 C11=1 R11=1 S11=1 Y10=1 X10=1 Z10=1 C10=1 R10=1 S10=1 Y9=1 X9=1 Z9=1 C9=1 R9=1 S9=1 Y8=1 X8=1 Z8=1 C8=1 R8=1 S8=1 Y7=1 X7=1 Z7=1 C7=1 R7=1 S7=1 Y6=1 X6=1 Z6=1 C6=1 R6=1 S6=1 Y5=1 X5=1 Z5=1 C5=1 R5=1 S5=1 Y4=1 X4=1 Z4=1 C4=1 R4=1 S4=1 Y3=1 X3=1 Z3=1 C3=1 R3=1 S3=1 Y2=1 X2=1 Z2=1 C2=1 R2=1 S2=1 Y1=1 X1=1 Z1=1 C1=1 R1=1 S1=1 Y0=1 X0=1 Z0=1 C0=1 R0=1 S0=1] WRegister[P=1 Q=1 Z16=1 C16=16 R16=3 S16=1 Y15=1 X15=1 Z15=1 C15=16 R15=3 S15=1 Y14=1 X14=1 Z14=1 C14=16 R14=3 S14=1 Y13=1 X13=1 Z13=1 C13=8 R13=3 S13=1 Y12=1 X12=1 Z12=1 C12=8 R12=3 S12=1 Y11=1 X11=1 Z11=1 C11=8 R11=3 S11=1 Y10=1 X10=1 Z10=1 C10=8 R10=3 S10=1 Y9=1 X9=1 Z9=1 C9=4 R9=3 S9=1 Y8=1 X8=1 Z8=1 C8=4 R8=3 S8=1 Y7=1 X7=1 Z7=1 C7=4 R7=3 S7=1 Y6=1 X6=1 Z6=1 C6=4 R6=3 S6=1 Y5=1 X5=1 Z5=1 C5=2 R5=3 S5=1 Y4=1 X4=1 Z4=1 C4=2 R4=3 S4=1 Y3=1 X3=1 Z3=1 C3=2 R3=3 S3=1 Y2=1 X2=1 Z2=1 C2=2 R2=3 S2=1 Y1=1 X1=1 Z1=1 C1=2 R1=3 S1=1 Y0=1 X0=1 Z0=1 C0=1 R0=7 S0=1] IntermediateRegister[P=1 Q=1 Z16=1 C16=1 R16=1 S16=1 Y15=1 X15=1 Z15=4 C15=1 R15=1 S15=1 Y14=1 X14=1 Z14=4 C14=1 R14=1 S14=1 Y13=1 X13=1 Z13=4 C13=1 R13=1 S13=1 Y12=1 X12=1 Z12=2 C12=1 R12=1 S12=1 Y11=1 X11=1 Z11=2 C11=1 R11=1 S11=1 Y10=1 X10=1 Z10=2 C10=1 R10=1 S10=1 Y9=1 X9=1 Z9=2 C9=1 R9=1 S9=1 Y8=1 X8=1 Z8=1 C8=1 R8=1 S8=1 Y7=1 X7=1 Z7=1 C7=1 R7=1 S7=1 Y6=1 X6=1 Z6=1 C6=1 R6=1 S6=1 Y5=1 X5=1 Z5=1 C5=1 R5=1 S5=1 Y4=1 X4=1 Z4=1 C4=1 R4=1 S4=1 Y3=1 X3=1 Z3=1 C3=1 R3=1 S3=1 Y2=1 X2=1 Z2=1 C2=1 R2=1 S2=1 Y1=1 X1=1 Z1=1 C1=1 R1=1 S1=1 Y0=1 X0=1 Z0=1 C0=1 R0=1 S0=1] OutRegister[P=1 Q=1 Z16=4 C16=1 R16=1 S16=1 Y15=1 X15=1 Z15=1 C15=1 R15=1 S15=1 Y14=1 X14=1 Z14=1 C14=1 R14=1 S14=1 Y13=1 X13=1 Z13=1 C13=1 R13=1 S13=1 Y12=1 X12=1 Z12=1 C12=1 R12=1 S12=1 Y11=1 X11=1 Z11=1 C11=1 R11=1 S11=1 Y10=1 X10=1 Z10=1 C10=1 R10=1 S10=1 Y9=1 X9=1 Z9=1 C9=1 R9=1 S9=1 Y8=1 X8=1 Z8=1 C8=1 R8=1 S8=1 Y7=1 X7=1 Z7=1 C7=1 R7=1 S7=1 Y6=1 X6=1 Z6=1 C6=1 R6=1 S6=1 Y5=1 X5=1 Z5=1 C5=1 R5=1 S5=1 Y4=1 X4=1 Z4=1 C4=1 R4=1 S4=1 Y3=1 X3=1 Z3=1 C3=1 R3=1 S3=1 Y2=1 X2=1 Z2=1 C2=1 R2=1 S2=1 Y1=1 X1=1 Z1=1 C1=1 R1=1 S1=1 Y0=1 X0=1 Z0=1 C0=1 R0=1 S0=1] Compute] 
resnet18_17layer_2026-02-21T07:03:45.373755,resnet18,17layer,full,17,eyeriss,thesis_arch,1056,524,128,256,4,1,False,False,"Ill-posed constraints:
CONSTRAINTS VIOLATION: Arch: Eyeriss_Constrained_17L_tile1_4x256 -> Level: WRegister: memory footprint: 14318 VS memory available: 4000
CONSTRAINTS VIOLATION: Arch: Eyeriss_Constrained_17L_tile1_4x256 -> Level: IntermediateRegister: memory footprint: 834 VS memory available: 400
CONSTRAINTS VIOLATION: Arch: Eyeriss_Constrained_17L_tile1_4x256 -> Level: OutRegister: memory footprint: 128 VS memory available: 64",0.000e+00,0.000e+00,0.00e+00,0,0.0,0.0,
resnet18_17layer_2026-02-21T07:03:46.186936,resnet18,17layer,full,17,eyeriss,thesis_arch,1056,524,128,256,16,1,False,True,,1.279e+05,3.059e+06,3.94e+05,"(5522477248, 2736486144)",0.0032886642329685856,2.3321518898010254,DRAM[P=7 Q=7 Z16=1 C16=1 R16=1 S16=1 Y15=7 X15=7 Z15=1 C15=1 R15=1 S15=1 Y14=7 X14=7 Z14=1 C14=1 R14=1 S14=1 Y13=14 X13=14 Z13=1 C13=1 R13=1 S13=1 Y12=14 X12=14 Z12=1 C12=1 R12=1 S12=1 Y11=14 X11=14 Z11=1 C11=1 R11=1 S11=1 Y10=14 X10=14 Z10=1 C10=1 R10=1 S10=1 Y9=28 X9=28 Z9=1 C9=1 R9=1 S9=1 Y8=28 X8=28 Z8=1 C8=1 R8=1 S8=1 Y7=28 X7=28 Z7=1 C7=1 R7=1 S7=1 Y6=28 X6=28 Z6=1 C6=1 R6=1 S6=1 Y5=56 X5=56 Z5=1 C5=1 R5=1 S5=1 Y4=56 X4=56 Z4=1 C4=1 R4=1 S4=1 Y3=56 X3=56 Z3=1 C3=1 R3=1 S3=1 Y2=56 X2=56 Z2=1 C2=1 R2=1 S2=1 Y1=56 X1=56 Z1=1 C1=1 R1=1 S1=1 Y0=112 X0=112 Z0=1 C0=1 R0=1 S0=1] GlobalBuffer[P=1 Q=1 Z16=1 C16=1 R16=1 S16=1 Y15=1 X15=1 Z15=1 C15=1 R15=1 S15=1 Y14=1 X14=1 Z14=1 C14=1 R14=1 S14=1 Y13=1 X13=1 Z13=1 C13=1 R13=1 S13=1 Y12=1 X12=1 Z12=1 C12=1 R12=1 S12=1 Y11=1 X11=1 Z11=1 C11=1 R11=1 S11=1 Y10=1 X10=1 Z10=1 C10=1 R10=1 S10=1 Y9=1 X9=1 Z9=1 C9=1 R9=1 S9=1 Y8=1 X8=1 Z8=1 C8=1 R8=1 S8=1 Y7=1 X7=1 Z7=1 C7=1 R7=1 S7=1 Y6=1 X6=1 Z6=1 C6=1 R6=1 S6=1 Y5=1 X5=1 Z5=1 C5=1 R5=1 S5=1 Y4=1 X4=1 Z4=1 C4=1 R4=1 S4=1 Y3=1 X3=1 Z3=1 C3=1 R3=1 S3=1 Y2=1 X2=1 Z2=1 C2=1 R2=1 S2=1 Y1=1 X1=1 Z1=1 C1=1 R1=1 S1=1 Y0=1 X0=1 Z0=1 C0=1 R0=1 S0=1] SACols[Q=1 Z16=16] SARows[S16=3 C16=64 Z16=1] SACols_15[X15=1 Z15=16] SARows_15[S15=3 C15=64 Z15=1] SACols_14[X14=1 Z14=16] SARows_14[S14=3 C14=64 Z14=1] SACols_13[X13=1 Z13=16] SARows_13[S13=3 C13=64 Z13=1] SACols_12[X12=1 Z12=16] SARows_12[S12=3 C12=64 Z12=1] SACols_11[X11=1 Z11=16] SARows_11[S11=3 C11=64 Z11=1] SACols_10[X10=1 Z10=16] SARows_10[S10=3 C10=64 Z10=1] SACols_9[X9=1 Z9=16] SARows_9[S9=3 C9=64 Z9=1] SACols_8[X8=1 Z8=16] SARows_8[S8=3 C8=64 Z8=1] SACols_7[X7=1 Z7=16] SARows_7[S7=3 C7=64 Z7=1] SACols_6[X6=1 Z6=16] SARows_6[S6=3 C6=64 Z6=1] SACols_5[X5=1 Z5=16] SARows_5[S5=3 C5=64 Z5=1] SACols_4[X4=1 Z4=16] SARows_4[S4=3 C4=64 Z4=1] SACols_3[X3=1 Z3=16] SARows_3[S3=3 C3=64 Z3=1] SACols_2[X2=1 Z2=16] SARows_2[S2=3 C2=64 Z2=1] SACols_1[X1=1 Z1=16] SARows_1[S1=3 C1=64 Z1=1] SACols_0[X0=1 Z0=16] SARows_0[S0=7 C0=3 Z0=4] InRegister[P=1 Q=1 Z16=1 C16=1 R16=1 S16=1 Y15=1 X15=1 Z15=1 C15=1 R15=1 S15=1 Y14=1 X14=1 Z14=1 C14=1 R14=1 S14=1 Y13=1 X13=1 Z13=1 C13=1 R13=1 S13=1 Y12=1 X12=1 Z12=1 C12=1 R12=1 S12=1 Y11=1 X11=1 Z11=1 C11=1 R11=1 S11=1 Y10=1 X10=1 Z10=1 C10=1 R10=1 S10=1 Y9=1 X9=1 Z9=1 C9=1 R9=1 S9=1 Y8=1 X8=1 Z8=1 C8=1 R8=1 S8=1 Y7=1 X7=1 Z7=1 C7=1 R7=1 S7=1 Y6=1 X6=1 Z6=1 C6=1 R6=1 S6=1 Y5=1 X5=1 Z5=1 C5=1 R5=1 S5=1 Y4=1 X4=1 Z4=1 C4=1 R4=1 S4=1 Y3=1 X3=1 Z3=1 C3=1 R3=1 S3=1 Y2=1 X2=1 Z2=1 C2=1 R2=1 S2=1 Y1=1 X1=1 Z1=1 C1=1 R1=1 S1=1 Y0=1 X0=1 Z0=1 C0=1 R0=1 S0=1] WRegister[P=1 Q=1 Z16=1 C16=8 R16=3 S16=1 Y15=1 X15=1 Z15=1 C15=8 R15=3 S15=1 Y14=1 X14=1 Z14=1 C14=8 R14=3 S14=1 Y13=1 X13=1 Z13=1 C13=4 R13=3 S13=1 Y12=1 X12=1 Z12=1 C12=4 R12=3 S12=1 Y11=1 X11=1 Z11=1 C11=4 R11=3 S11=1 Y10=1 X10=1 Z10=1 C10=4 R10=3 S10=1 Y9=1 X9=1 Z9=1 C9=2 R9=3 S9=1 Y8=1 X8=1 Z8=1 C8=2 R8=3 S8=1 Y7=1 X7=1 Z7=1 C7=2 R7=3 S7=1 Y6=1 X6=1 Z6=1 C6=2 R6=3 S6=1 Y5=1 X5=1 Z5=1 C5=1 R5=3 S5=1 Y4=1 X4=1 Z4=1 C4=1 R4=3 S4=1 Y3=1 X3=1 Z3=1 C3=1 R3=3 S3=1 Y2=1 X2=1 Z2=1 C2=1 R2=3 S2=1 Y1=1 X1=1 Z1=1 C1=1 R1=3 S1=1 Y0=1 X0=1 Z0=1 C0=1 R0=7 S0=1] IntermediateRegister[P=1 Q=1 Z16=1 C16=1 R16=1 S16=1 Y15=1 X15=1 Z15=32 C15=1 R15=1 S15=1 Y14=1 X14=1 Z14=32 C14=1 R14=1 S14=1 Y13=1 X13=1 Z13=32 C13=1 R13=1 S13=1 Y12=1 X12=1 Z12=16 C12=1 R12=1 S12=1 Y11=1 X11=1 Z11=16 C11=1 R11=1 S11=1 Y10=1 X10=1 Z10=16 C10=1 R10=1 S10=1 Y9=1 X9=1 Z9=16 C9=1 R9=1 S9=1 Y8=1 X8=1 Z8=8 C8=1 R8=1 S8=1 Y7=1 X7=1 Z7=8 C7=1 R7=1 S7=1 Y6=1 X6=1 Z6=8 C6=1 R6=1 S6=1 Y5=1 X5=1 Z5=8 C5=1 R5=1 S5=1 Y4=1 X4=1 Z4=4 C4=1 R4=1 S4=1 Y3=1 X3=1 Z3=4 C3=1 R3=1 S3=1 Y2=1 X2=1 Z2=4 C2=1 R2=1 S2=1 Y1=1 X1=1 Z1=4 C1=1 R1=1 S1=1 Y0=1 X0=1 Z0=1 C0=1 R0=1 S0=1] OutRegister[P=1 Q=1 Z16=32 C16=1 R16=1 S16=1 Y15=1 X15=1 Z15=1 C15=1 R15=1 S15=1 Y14=1 X14=1 Z14=1 C14=1 R14=1 S14=1 Y13=1 X13=1 Z13=1 C13=1 R13=1 S13=1 Y12=1 X12=1 Z12=1 C12=1 R12=1 S12=1 Y11=1 X11=1 Z11=1 C11=1 R11=1 S11=1 Y10=1 X10=1 Z10=1 C10=1 R10=1 S10=1 Y9=1 X9=1 Z9=1 C9=1 R9=1 S9=1 Y8=1 X8=1 Z8=1 C8=1 R8=1 S8=1 Y7=1 X7=1 Z7=1 C7=1 R7=1 S7=1 Y6=1 X6=1 Z6=1 C6=1 R6=1 S6=1 Y5=1 X5=1 Z5=1 C5=1 R5=1 S5=1 Y4=1 X4=1 Z4=1 C4=1 R4=1 S4=1 Y3=1 X3=1 Z3=1 C3=1 R3=1 S3=1 Y2=1 X2=1 Z2=1 C2=1 R2=1 S2=1 Y1=1 X1=1 Z1=1 C1=1 R1=1 S1=1 Y0=1 X0=1 Z0=1 C0=1 R0=1 S0=1] Compute] 
resnet18_17layer_2026-02-21T07:03:49.873238,resnet18,17layer,full,17,eyeriss,thesis_arch,1056,524,128,256,32,1,False,True,,1.290e+05,3.042e+06,3.96e+05,"(5760913600, 2736486144)",0.0016443321164842928,0.9305105209350586,DRAM[P=7 Q=7 Z16=1 C16=1 R16=1 S16=1 Y15=7 X15=7 Z15=1 C15=1 R15=1 S15=1 Y14=7 X14=7 Z14=1 C14=1 R14=1 S14=1 Y13=14 X13=14 Z13=1 C13=1 R13=1 S13=1 Y12=14 X12=14 Z12=1 C12=1 R12=1 S12=1 Y11=14 X11=14 Z11=1 C11=1 R11=1 S11=1 Y10=14 X10=14 Z10=1 C10=1 R10=1 S10=1 Y9=28 X9=28 Z9=1 C9=1 R9=1 S9=1 Y8=28 X8=28 Z8=1 C8=1 R8=1 S8=1 Y7=28 X7=28 Z7=1 C7=1 R7=1 S7=1 Y6=28 X6=28 Z6=1 C6=1 R6=1 S6=1 Y5=56 X5=56 Z5=1 C5=1 R5=1 S5=1 Y4=56 X4=56 Z4=1 C4=1 R4=1 S4=1 Y3=56 X3=56 Z3=1 C3=1 R3=1 S3=1 Y2=56 X2=56 Z2=1 C2=1 R2=1 S2=1 Y1=56 X1=56 Z1=1 C1=1 R1=1 S1=1 Y0=112 X0=112 Z0=1 C0=1 R0=1 S0=1] GlobalBuffer[P=1 Q=1 Z16=1 C16=1 R16=1 S16=1 Y15=1 X15=1 Z15=1 C15=1 R15=1 S15=1 Y14=1 X14=1 Z14=1 C14=1 R14=1 S14=1 Y13=1 X13=1 Z13=1 C13=1 R13=1 S13=1 Y12=1 X12=1 Z12=1 C12=1 R12=1 S12=1 Y11=1 X11=1 Z11=1 C11=1 R11=1 S11=1 Y10=1 X10=1 Z10=1 C10=1 R10=1 S10=1 Y9=1 X9=1 Z9=1 C9=1 R9=1 S9=1 Y8=1 X8=1 Z8=1 C8=1 R8=1 S8=1 Y7=1 X7=1 Z7=1 C7=1 R7=1 S7=1 Y6=1 X6=1 Z6=1 C6=1 R6=1 S6=1 Y5=1 X5=1 Z5=1 C5=1 R5=1 S5=1 Y4=1 X4=1 Z4=1 C4=1 R4=1 S4=1 Y3=1 X3=1 Z3=1 C3=1 R3=1 S3=1 Y2=1 X2=1 Z2=1 C2=1 R2=1 S2=1 Y1=1 X1=1 Z1=1 C1=1 R1=1 S1=1 Y0=1 X0=1 Z0=1 C0=1 R0=1 S0=1] SACols[Q=1 Z16=32] SARows[S16=3 C16=64 Z16=1] SACols_15[X15=1 Z15=32] SARows_15[S15=3 C15=64 Z15=1] SACols_14[X14=1 Z14=32] SARows_14[S14=3 C14=64 Z14=1] SACols_13[X13=1 Z13=32] SARows_13[S13=3 C13=64 Z13=1] SACols_12[X12=1 Z12=32] SARows_12[S12=3 C12=64 Z12=1] SACols_11[X11=1 Z11=32] SARows_11[S11=3 C11=64 Z11=1] SACols_10[X10=1 Z10=32] SARows_10[S10=3 C10=64 Z10=1] SACols_9[X9=1 Z9=32] SARows_9[S9=3 C9=64 Z9=1] SACols_8[X8=1 Z8=32] SARows_8[S8=3 C8=64 Z8=1] SACols_7[X7=1 Z7=32] SARows_7[S7=3 C7=64 Z7=1] SACols_6[X6=1 Z6=32] SARows_6[S6=3 C6=64 Z6=1] SACols_5[X5=1 Z5=32] SARows_5[S5=3 C5=64 Z5=1] SACols_4[X4=1 Z4=32] SARows_4[S4=3 C4=64 Z4=1] SACols_3[X3=1 Z3=32] SARows_3[S3=3 C3=64 Z3=1] SACols_2[X2=1 Z2=32] SARows_2[S2=3 C2=64 Z2=1] SACols_1[X1=1 Z1=32] SARows_1[S1=3 C1=64 Z1=1] SACols_0[X0=1 Z0=32] SARows_0[S0=7 C0=3 Z0=2] InRegister[P=1 Q=1 Z16=1 C16=1 R16=1 S16=1 Y15=1 X15=1 Z15=1 C15=1 R15=1 S15=1 Y14=1 X14=1 Z14=1 C14=1 R14=1 S14=1 Y13=1 X13=1 Z13=1 C13=1 R13=1 S13=1 Y12=1 X12=1 Z12=1 C12=1 R12=1 S12=1 Y11=1 X11=1 Z11=1 C11=1 R11=1 S11=1 Y10=1 X10=1 Z10=1 C10=1 R10=1 S10=1 Y9=1 X9=1 Z9=1 C9=1 R9=1 S9=1 Y8=1 X8=1 Z8=1 C8=1 R8=1 S8=1 Y7=1 X7=1 Z7=1 C7=1 R7=1 S7=1 Y6=1 X6=1 Z6=1 C6=1 R6=1 S6=1 Y5=1 X5=1 Z5=1 C5=1 R5=1 S5=1 Y4=1 X4=1 Z4=1 C4=1 R4=1 S4=1 Y3=1 X3=1 Z3=1 C3=1 R3=1 S3=1 Y2=1 X2=1 Z2=1 C2=1 R2=1 S2=1 Y1=1 X1=1 Z1=1 C1=1 R1=1 S1=1 Y0=1 X0=1 Z0=1 C0=1 R0=1 S0=1] WRegister[P=1 Q=1 Z16=1 C16=8 R16=3 S16=1 Y15=1 X15=1 Z15=1 C15=8 R15=3 S15=1 Y14=1 X14=1 Z14=1 C14=8 R14=3 S14=1 Y13=1 X13=1 Z13=1 C13=4 R13=3 S13=1 Y12=1 X12=1 Z12=1 C12=4 R12=3 S12=1 Y11=1 X11=1 Z11=1 C11=4 R11=3 S11=1 Y10=1 X10=1 Z10=1 C10=4 R10=3 S10=1 Y9=1 X9=1 Z9=1 C9=2 R9=3 S9=1 Y8=1 X8=1 Z8=1 C8=2 R8=3 S8=1 Y7=1 X7=1 Z7=1 C7=2 R7=3 S7=1 Y6=1 X6=1 Z6=1 C6=2 R6=3 S6=1 Y5=1 X5=1 Z5=1 C5=1 R5=3 S5=1 Y4=1 X4=1 Z4=1 C4=1 R4=3 S4=1 Y3=1 X3=1 Z3=1 C3=1 R3=3 S3=1 Y2=1 X2=1 Z2=1 C2=1 R2=3 S2=1 Y1=1 X1=1 Z1=1 C1=1 R1=3 S1=1 Y0=1 X0=1 Z0=1 C0=1 R0=7 S0=1] IntermediateRegister[P=1 Q=1 Z16=1 C16=1 R16=1 S16=1 Y15=1 X15=1 Z15=16 C15=1 R15=1 S15=1 Y14=1 X14=1 Z14=16 C14=1 R14=1 S14=1 Y13=1 X13=1 Z13=16 C13=1 R13=1 S13=1 Y12=1 X12=1 Z12=8 C12=1 R12=1 S12=1 Y11=1 X11=1 Z11=8 C11=1 R11=1 S11=1 Y10=1 X10=1 Z10=8 C10=1 R10=1 S10=1 Y9=1 X9=1 Z9=8 C9=1 R9=1 S9=1 Y8=1 X8=1 Z8=4 C8=1 R8=1 S8=1 Y7=1 X7=1 Z7=4 C7=1 R7=1 S7=1 Y6=1 X6=1 Z6=4 C6=1 R6=1 S6=1 Y5=1 X5=1 Z5=4 C5=1 R5=1 S5=1 Y4=1 X4=1 Z4=2 C4=1 R4=1 S4=1 Y3=1 X3=1 Z3=2 C3=1 R3=1 S3=1 Y2=1 X2=1 Z2=2 C2=1 R2=1 S2=1 Y1=1 X1=1 Z1=2 C1=1 R1=1 S1=1 Y0=1 X0=1 Z0=1 C0=1 R0=1 S0=1] OutRegister[P=1 Q=1 Z16=16 C16=1 R16=1 S16=1 Y15=1 X15=1 Z15=1 C15=1 R15=1 S15=1 Y14=1 X14=1 Z14=1 C14=1 R14=1 S14=1 Y13=1 X13=1 Z13=1 C13=1 R13=1 S13=1 Y12=1 X12=1 Z12=1 C12=1 R12=1 S12=1 Y11=1 X11=1 Z11=1 C11=1 R11=1 S11=1 Y10=1 X10=1 Z10=1 C10=1 R10=1 S10=1 Y9=1 X9=1 Z9=1 C9=1 R9=1 S9=1 Y8=1 X8=1 Z8=1 C8=1 R8=1 S8=1 Y7=1 X7=1 Z7=1 C7=1 R7=1 S7=1 Y6=1 X6=1 Z6=1 C6=1 R6=1 S6=1 Y5=1 X5=1 Z5=1 C5=1 R5=1 S5=1 Y4=1 X4=1 Z4=1 C4=1 R4=1 S4=1 Y3=1 X3=1 Z3=1 C3=1 R3=1 S3=1 Y2=1 X2=1 Z2=1 C2=1 R2=1 S2=1 Y1=1 X1=1 Z1=1 C1=1 R1=1 S1=1 Y0=1 X0=1 Z0=1 C0=1 R0=1 S0=1] Compute] 
resnet18_17layer_2026-02-21T07:03:52.028887,resnet18,17layer,full,17,eyeriss,thesis_arch,1056,524,128,256,64,1,False,True,,1.311e+05,3.042e+06,4.05e+05,"(6237786304, 2736486144)",0.0008221660582421464,0.7322721481323242,DRAM[P=7 Q=7 Z16=1 C16=1 R16=1 S16=1 Y15=7 X15=7 Z15=1 C15=1 R15=1 S15=1 Y14=7 X14=7 Z14=1 C14=1 R14=1 S14=1 Y13=14 X13=14 Z13=1 C13=1 R13=1 S13=1 Y12=14 X12=14 Z12=1 C12=1 R12=1 S12=1 Y11=14 X11=14 Z11=1 C11=1 R11=1 S11=1 Y10=14 X10=14 Z10=1 C10=1 R10=1 S10=1 Y9=28 X9=28 Z9=1 C9=1 R9=1 S9=1 Y8=28 X8=28 Z8=1 C8=1 R8=1 S8=1 Y7=28 X7=28 Z7=1 C7=1 R7=1 S7=1 Y6=28 X6=28 Z6=1 C6=1 R6=1 S6=1 Y5=56 X5=56 Z5=1 C5=1 R5=1 S5=1 Y4=56 X4=56 Z4=1 C4=1 R4=1 S4=1 Y3=56 X3=56 Z3=1 C3=1 R3=1 S3=1 Y2=56 X2=56 Z2=1 C2=1 R2=1 S2=1 Y1=56 X1=56 Z1=1 C1=1 R1=1 S1=1 Y0=112 X0=112 Z0=1 C0=1 R0=1 S0=1] GlobalBuffer[P=1 Q=1 Z16=1 C16=1 R16=1 S16=1 Y15=1 X15=1 Z15=1 C15=1 R15=1 S15=1 Y14=1 X14=1 Z14=1 C14=1 R14=1 S14=1 Y13=1 X13=1 Z13=1 C13=1 R13=1 S13=1 Y12=1 X12=1 Z12=1 C12=1 R12=1 S12=1 Y11=1 X11=1 Z11=1 C11=1 R11=1 S11=1 Y10=1 X10=1 Z10=1 C10=1 R10=1 S10=1 Y9=1 X9=1 Z9=1 C9=1 R9=1 S9=1 Y8=1 X8=1 Z8=1 C8=1 R8=1 S8=1 Y7=1 X7=1 Z7=1 C7=1 R7=1 S7=1 Y6=1 X6=1 Z6=1 C6=1 R6=1 S6=1 Y5=1 X5=1 Z5=1 C5=1 R5=1 S5=1 Y4=1 X4=1 Z4=1 C4=1 R4=1 S4=1 Y3=1 X3=1 Z3=1 C3=1 R3=1 S3=1 Y2=1 X2=1 Z2=1 C2=1 R2=1 S2=1 Y1=1 X1=1 Z1=1 C1=1 R1=1 S1=1 Y0=1 X0=1 Z0=1 C0=1 R0=1 S0=1] SACols[Q=1 Z16=64] SARows[S16=3 C16=64 Z16=1] SACols_15[X15=1 Z15=64] SARows_15[S15=3 C15=64 Z15=1] SACols_14[X14=1 Z14=64] SARows_14[S14=3 C14=64 Z14=1] SACols_13[X13=1 Z13=64] SARows_13[S13=3 C13=64 Z13=1] SACols_12[X12=1 Z12=64] SARows_12[S12=3 C12=64 Z12=1] SACols_11[X11=1 Z11=64] SARows_11[S11=3 C11=64 Z11=1] SACols_10[X10=1 Z10=64] SARows_10[S10=3 C10=64 Z10=1] SACols_9[X9=1 Z9=64] SARows_9[S9=3 C9=64 Z9=1] SACols_8[X8=1 Z8=64] SARows_8[S8=3 C8=64 Z8=1] SACols_7[X7=1 Z7=64] SARows_7[S7=3 C7=64 Z7=1] SACols_6[X6=1 Z6=64] SARows_6[S6=3 C6=64 Z6=1] SACols_5[X5=1 Z5=64] SARows_5[S5=3 C5=64 Z5=1] SACols_4[X4=1 Z4=64] SARows_4[S4=3 C4=64 Z4=1] SACols_3[X3=1 Z3=64] SARows_3[S3=3 C3=64 Z3=1] SACols_2[X2=1 Z2=64] SARows_2[S2=3 C2=64 Z2=1] SACols_1[X1=1 Z1=64] SARows_1[S1=3 C1=64 Z1=1] SACols_0[X0=1 Z0=64] SARows_0[S0=7 C0=3 Z0=1] InRegister[P=1 Q=1 Z16=1 C16=1 R16=1 S16=1 Y15=1 X15=1 Z15=1 C15=1 R15=1 S15=1 Y14=1 X14=1 Z14=1 C14=1 R14=1 S14=1 Y13=1 X13=1 Z13=1 C13=1 R13=1 S13=1 Y12=1 X12=1 Z12=1 C12=1 R12=1 S12=1 Y11=1 X11=1 Z11=1 C11=1 R11=1 S11=1 Y10=1 X10=1 Z10=1 C10=1 R10=1 S10=1 Y9=1 X9=1 Z9=1 C9=1 R9=1 S9=1 Y8=1 X8=1 Z8=1 C8=1 R8=1 S8=1 Y7=1 X7=1 Z7=1 C7=1 R7=1 S7=1 Y6=1 X6=1 Z6=1 C6=1 R6=1 S6=1 Y5=1 X5=1 Z5=1 C5=1 R5=1 S5=1 Y4=1 X4=1 Z4=1 C4=1 R4=1 S4=1 Y3=1 X3=1 Z3=1 C3=1 R3=1 S3=1 Y2=1 X2=1 Z2=1 C2=1 R2=1 S2=1 Y1=1 X1=1 Z1=1 C1=1 R1=1 S1=1 Y0=1 X0=1 Z0=1 C0=1 R0=1 S0=1] WRegister[P=1 Q=1 Z16=1 C16=8 R16=3 S16=1 Y15=1 X15=1 Z15=1 C15=8 R15=3 S15=1 Y14=1 X14=1 Z14=1 C14=8 R14=3 S14=1 Y13=1 X13=1 Z13=1 C13=4 R13=3 S13=1 Y12=1 X12=1 Z12=1 C12=4 R12=3 S12=1 Y11=1 X11=1 Z11=1 C11=4 R11=3 S11=1 Y10=1 X10=1 Z10=1 C10=4 R10=3 S10=1 Y9=1 X9=1 Z9=1 C9=2 R9=3 S9=1 Y8=1 X8=1 Z8=1 C8=2 R8=3 S8=1 Y7=1 X7=1 Z7=1 C7=2 R7=3 S7=1 Y6=1 X6=1 Z6=1 C6=2 R6=3 S6=1 Y5=1 X5=1 Z5=1 C5=1 R5=3 S5=1 Y4=1 X4=1 Z4=1 C4=1 R4=3 S4=1 Y3=1 X3=1 Z3=1 C3=1 R3=3 S3=1 Y2=1 X2=1 Z2=1 C2=1 R2=3 S2=1 Y1=1 X1=1 Z1=1 C1=1 R1=3 S1=1 Y0=1 X0=1 Z0=1 C0=1 R0=7 S0=1] IntermediateRegister[P=1 Q=1 Z16=1 C16=1 R16=1 S16=1 Y15=1 X15=1 Z15=8 C15=1 R15=1 S15=1 Y14=1 X14=1 Z14=8 C14=1 R14=1 S14=1 Y13=1 X13=1 Z13=8 C13=1 R13=1 S13=1 Y12=1 X12=1 Z12=4 C12=1 R12=1 S12=1 Y11=1 X11=1 Z11=4 C11=1 R11=1 S11=1 Y10=1 X10=1 Z10=4 C10=1 R10=1 S10=1 Y9=1 X9=1 Z9=4 C9=1 R9=1 S9=1 Y8=1 X8=1 Z8=2 C8=1 R8=1 S8=1 Y7=1 X7=1 Z7=2 C7=1 R7=1 S7=1 Y6=1 X6=1 Z6=2 C6=1 R6=1 S6=1 Y5=1 X5=1 Z5=2 C5=1 R5=1 S5=1 Y4=1 X4=1 Z4=1 C4=1 R4=1 S4=1 Y3=1 X3=1 Z3=1 C3=1 R3=1 S3=1 Y2=1 X2=1 Z2=1 C2=1 R2=1 S2=1 Y1=1 X1=1 Z1=1 C1=1 R1=1 S1=1 Y0=1 X0=1 Z0=1 C0=1 R0=1 S0=1] OutRegister[P=1 Q=1 Z16=8 C16=1 R16=1 S16=1 Y15=1 X15=1 Z15=1 C15=1 R15=1 S15=1 Y14=1 X14=1 Z14=1 C14=1 R14=1 S14=1 Y13=1 X13=1 Z13=1 C13=1 R13=1 S13=1 Y12=1 X12=1 Z12=1 C12=1 R12=1 S12=1 Y11=1 X11=1 Z11=1 C11=1 R11=1 S11=1 Y10=1 X10=1 Z10=1 C10=1 R10=1 S10=1 Y9=1 X9=1 Z9=1 C9=1 R9=1 S9=1 Y8=1 X8=1 Z8=1 C8=1 R8=1 S8=1 Y7=1 X7=1 Z7=1 C7=1 R7=1 S7=1 Y6=1 X6=1 Z6=1 C6=1 R6=1 S6=1 Y5=1 X5=1 Z5=1 C5=1 R5=1 S5=1 Y4=1 X4=1 Z4=1 C4=1 R4=1 S4=1 Y3=1 X3=1 Z3=1 C3=1 R3=1 S3=1 Y2=1 X2=1 Z2=1 C2=1 R2=1 S2=1 Y1=1 X1=1 Z1=1 C1=1 R1=1 S1=1 Y0=1 X0=1 Z0=1 C0=1 R0=1 S0=1] Compute] 
resnet18_17layer_2026-02-21T07:03:53.583016,resnet18,17layer,full,17,eyeriss,thesis_arch,1056,524,128,512,4,1,False,False,"Ill-posed constraints:
CONSTRAINTS VIOLATION: Arch: Eyeriss_Constrained_17L_tile1_4x512 -> Level: WRegister: memory footprint: 7159 VS memory available: 4000
CONSTRAINTS VIOLATION: Arch: Eyeriss_Constrained_17L_tile1_4x512 -> Level: IntermediateRegister: memory footprint: 785 VS memory available: 400
CONSTRAINTS VIOLATION: Arch: Eyeriss_Constrained_17L_tile1_4x512 -> Level: OutRegister: memory footprint: 128 VS memory available: 64",0.000e+00,0.000e+00,0.00e+00,0,0.0,0.0,
resnet18_17layer_2026-02-21T07:03:53.954106,resnet18,17layer,full,17,eyeriss,thesis_arch,1056,524,128,512,16,1,False,True,,1.300e+05,3.042e+06,3.99e+05,"(5821124800, 2890626816)",0.0016443321164842928,0.8091886043548584,DRAM[P=7 Q=7 Z16=1 C16=1 R16=1 S16=1 Y15=7 X15=7 Z15=1 C15=1 R15=1 S15=1 Y14=7 X14=7 Z14=1 C14=1 R14=1 S14=1 Y13=14 X13=14 Z13=1 C13=1 R13=1 S13=1 Y12=14 X12=14 Z12=1 C12=1 R12=1 S12=1 Y11=14 X11=14 Z11=1 C11=1 R11=1 S11=1 Y10=14 X10=14 Z10=1 C10=1 R10=1 S10=1 Y9=28 X9=28 Z9=1 C9=1 R9=1 S9=1 Y8=28 X8=28 Z8=1 C8=1 R8=1 S8=1 Y7=28 X7=28 Z7=1 C7=1 R7=1 S7=1 Y6=28 X6=28 Z6=1 C6=1 R6=1 S6=1 Y5=56 X5=56 Z5=1 C5=1 R5=1 S5=1 Y4=56 X4=56 Z4=1 C4=1 R4=1 S4=1 Y3=56 X3=56 Z3=1 C3=1 R3=1 S3=1 Y2=56 X2=56 Z2=1 C2=1 R2=1 S2=1 Y1=56 X1=56 Z1=1 C1=1 R1=1 S1=1 Y0=112 X0=112 Z0=1 C0=1 R0=1 S0=1] GlobalBuffer[P=1 Q=1 Z16=1 C16=1 R16=1 S16=1 Y15=1 X15=1 Z15=1 C15=1 R15=1 S15=1 Y14=1 X14=1 Z14=1 C14=1 R14=1 S14=1 Y13=1 X13=1 Z13=1 C13=1 R13=1 S13=1 Y12=1 X12=1 Z12=1 C12=1 R12=1 S12=1 Y11=1 X11=1 Z11=1 C11=1 R11=1 S11=1 Y10=1 X10=1 Z10=1 C10=1 R10=1 S10=1 Y9=1 X9=1 Z9=1 C9=1 R9=1 S9=1 Y8=1 X8=1 Z8=1 C8=1 R8=1 S8=1 Y7=1 X7=1 Z7=1 C7=1 R7=1 S7=1 Y6=1 X6=1 Z6=1 C6=1 R6=1 S6=1 Y5=1 X5=1 Z5=1 C5=1 R5=1 S5=1 Y4=1 X4=1 Z4=1 C4=1 R4=1 S4=1 Y3=1 X3=1 Z3=1 C3=1 R3=1 S3=1 Y2=1 X2=1 Z2=1 C2=1 R2=1 S2=1 Y1=1 X1=1 Z1=1 C1=1 R1=1 S1=1 Y0=1 X0=1 Z0=1 C0=1 R0=1 S0=1] SACols[Q=1 Z16=16] SARows[S16=3 C16=128 Z16=1] SACols_15[X15=1 Z15=16] SARows_15[S15=3 C15=128 Z15=1] SACols_14[X14=1 Z14=16] SARows_14[S14=3 C14=128 Z14=1] SACols_13[X13=1 Z13=16] SARows_13[S13=3 C13=128 Z13=1] SACols_12[X12=1 Z12=16] SARows_12[S12=3 C12=128 Z12=1] SACols_11[X11=1 Z11=16] SARows_11[S11=3 C11=128 Z11=1] SACols_10[X10=1 Z10=16] SARows_10[S10=3 C10=128 Z10=1] SACols_9[X9=1 Z9=16] SARows_9[S9=3 C9=128 Z9=1] SACols_8[X8=1 Z8=16] SARows_8[S8=3 C8=128 Z8=1] SACols_7[X7=1 Z7=16] SARows_7[S7=3 C7=128 Z7=1] SACols_6[X6=1 Z6=16] SARows_6[S6=3 C6=128 Z6=1] SACols_5[X5=1 Z5=16] SARows_5[S5=3 C5=64 Z5=2] SACols_4[X4=1 Z4=16] SARows_4[S4=3 C4=64 Z4=2] SACols_3[X3=1 Z3=16] SARows_3[S3=3 C3=64 Z3=2] SACols_2[X2=1 Z2=16] SARows_2[S2=3 C2=64 Z2=2] SACols_1[X1=1 Z1=16] SARows_1[S1=3 C1=64 Z1=2] SACols_0[X0=1 Z0=16] SARows_0[S0=7 C0=3 Z0=4] InRegister[P=1 Q=1 Z16=1 C16=1 R16=1 S16=1 Y15=1 X15=1 Z15=1 C15=1 R15=1 S15=1 Y14=1 X14=1 Z14=1 C14=1 R14=1 S14=1 Y13=1 X13=1 Z13=1 C13=1 R13=1 S13=1 Y12=1 X12=1 Z12=1 C12=1 R12=1 S12=1 Y11=1 X11=1 Z11=1 C11=1 R11=1 S11=1 Y10=1 X10=1 Z10=1 C10=1 R10=1 S10=1 Y9=1 X9=1 Z9=1 C9=1 R9=1 S9=1 Y8=1 X8=1 Z8=1 C8=1 R8=1 S8=1 Y7=1 X7=1 Z7=1 C7=1 R7=1 S7=1 Y6=1 X6=1 Z6=1 C6=1 R6=1 S6=1 Y5=1 X5=1 Z5=1 C5=1 R5=1 S5=1 Y4=1 X4=1 Z4=1 C4=1 R4=1 S4=1 Y3=1 X3=1 Z3=1 C3=1 R3=1 S3=1 Y2=1 X2=1 Z2=1 C2=1 R2=1 S2=1 Y1=1 X1=1 Z1=1 C1=1 R1=1 S1=1 Y0=1 X0=1 Z0=1 C0=1 R0=1 S0=1] WRegister[P=1 Q=1 Z16=1 C16=4 R16=3 S16=1 Y15=1 X15=1 Z15=1 C15=4 R15=3 S15=1 Y14=1 X14=1 Z14=1 C14=4 R14=3 S14=1 Y13=1 X13=1 Z13=1 C13=2 R13=3 S13=1 Y12=1 X12=1 Z12=1 C12=2 R12=3 S12=1 Y11=1 X11=1 Z11=1 C11=2 R11=3 S11=1 Y10=1 X10=1 Z10=1 C10=2 R10=3 S10=1 Y9=1 X9=1 Z9=1 C9=1 R9=3 S9=1 Y8=1 X8=1 Z8=1 C8=1 R8=3 S8=1 Y7=1 X7=1 Z7=1 C7=1 R7=3 S7=1 Y6=1 X6=1 Z6=1 C6=1 R6=3 S6=1 Y5=1 X5=1 Z5=1 C5=1 R5=3 S5=1 Y4=1 X4=1 Z4=1 C4=1 R4=3 S4=1 Y3=1 X3=1 Z3=1 C3=1 R3=3 S3=1 Y2=1 X2=1 Z2=1 C2=1 R2=3 S2=1 Y1=1 X1=1 Z1=1 C1=1 R1=3 S1=1 Y0=1 X0=1 Z0=1 C0=1 R0=7 S0=1] IntermediateRegister[P=1 Q=1 Z16=1 C16=1 R16=1 S16=1 Y15=1 X15=1 Z15=32 C15=1 R15=1 S15=1 Y14=1 X14=1 Z14=32 C14=1 R14=1 S14=1 Y13=1 X13=1 Z13=32 C13=1 R13=1 S13=1 Y12=1 X12=1 Z12=16 C12=1 R12=1 S12=1 Y11=1 X11=1 Z11=16 C11=1 R11=1 S11=1 Y10=1 X10=1 Z10=16 C10=1 R10=1 S10=1 Y9=1 X9=1 Z9=16 C9=1 R9=1 S9=1 Y8=1 X8=1 Z8=8 C8=1 R8=1 S8=1 Y7=1 X7=1 Z7=8 C7=1 R7=1 S7=1 Y6=1 X6=1 Z6=8 C6=1 R6=1 S6=1 Y5=1 X5=1 Z5=4 C5=1 R5=1 S5=1 Y4=1 X4=1 Z4=2 C4=1 R4=1 S4=1 Y3=1 X3=1 Z3=2 C3=1 R3=1 S3=1 Y2=1 X2=1 Z2=2 C2=1 R2=1 S2=1 Y1=1 X1=1 Z1=2 C1=1 R1=1 S1=1 Y0=1 X0=1 Z0=1 C0=1 R0=1 S0=1] OutRegister[P=1 Q=1 Z16=32 C16=1 R16=1 S16=1 Y15=1 X15=1 Z15=1 C15=1 R15=1 S15=1 Y14=1 X14=1 Z14=1 C14=1 R14=1 S14=1 Y13=1 X13=1 Z13=1 C13=1 R13=1 S13=1 Y12=1 X12=1 Z12=1 C12=1 R12=1 S12=1 Y11=1 X11=1 Z11=1 C11=1 R11=1 S11=1 Y10=1 X10=1 Z10=1 C10=1 R10=1 S10=1 Y9=1 X9=1 Z9=1 C9=1 R9=1 S9=1 Y8=1 X8=1 Z8=1 C8=1 R8=1 S8=1 Y7=1 X7=1 Z7=1 C7=1 R7=1 S7=1 Y6=1 X6=1 Z6=1 C6=1 R6=1 S6=1 Y5=1 X5=1 Z5=1 C5=1 R5=1 S5=1 Y4=1 X4=1 Z4=1 C4=1 R4=1 S4=1 Y3=1 X3=1 Z3=1 C3=1 R3=1 S3=1 Y2=1 X2=1 Z2=1 C2=1 R2=1 S2=1 Y1=1 X1=1 Z1=1 C1=1 R1=1 S1=1 Y0=1 X0=1 Z0=1 C0=1 R0=1 S0=1] Compute] 
resnet18_17layer_2026-02-21T07:03:55.318505,resnet18,17layer,full,17,eyeriss,thesis_arch,1056,524,128,512,32,1,False,True,,1.317e+05,3.042e+06,4.06e+05,"(6204068032, 2890626816)",0.0008221660582421464,0.7573273181915283,DRAM[P=7 Q=7 Z16=1 C16=1 R16=1 S16=1 Y15=7 X15=7 Z15=1 C15=1 R15=1 S15=1 Y14=7 X14=7 Z14=1 C14=1 R14=1 S14=1 Y13=14 X13=14 Z13=1 C13=1 R13=1 S13=1 Y12=14 X12=14 Z12=1 C12=1 R12=1 S12=1 Y11=14 X11=14 Z11=1 C11=1 R11=1 S11=1 Y10=14 X10=14 Z10=1 C10=1 R10=1 S10=1 Y9=28 X9=28 Z9=1 C9=1 R9=1 S9=1 Y8=28 X8=28 Z8=1 C8=1 R8=1 S8=1 Y7=28 X7=28 Z7=1 C7=1 R7=1 S7=1 Y6=28 X6=28 Z6=1 C6=1 R6=1 S6=1 Y5=56 X5=56 Z5=1 C5=1 R5=1 S5=1 Y4=56 X4=56 Z4=1 C4=1 R4=1 S4=1 Y3=56 X3=56 Z3=1 C3=1 R3=1 S3=1 Y2=56 X2=56 Z2=1 C2=1 R2=1 S2=1 Y1=56 X1=56 Z1=1 C1=1 R1=1 S1=1 Y0=112 X0=112 Z0=1 C0=1 R0=1 S0=1] GlobalBuffer[P=1 Q=1 Z16=1 C16=1 R16=1 S16=1 Y15=1 X15=1 Z15=1 C15=1 R15=1 S15=1 Y14=1 X14=1 Z14=1 C14=1 R14=1 S14=1 Y13=1 X13=1 Z13=1 C13=1 R13=1 S13=1 Y12=1 X12=1 Z12=1 C12=1 R12=1 S12=1 Y11=1 X11=1 Z11=1 C11=1 R11=1 S11=1 Y10=1 X10=1 Z10=1 C10=1 R10=1 S10=1 Y9=1 X9=1 Z9=1 C9=1 R9=1 S9=1 Y8=1 X8=1 Z8=1 C8=1 R8=1 S8=1 Y7=1 X7=1 Z7=1 C7=1 R7=1 S7=1 Y6=1 X6=1 Z6=1 C6=1 R6=1 S6=1 Y5=1 X5=1 Z5=1 C5=1 R5=1 S5=1 Y4=1 X4=1 Z4=1 C4=1 R4=1 S4=1 Y3=1 X3=1 Z3=1 C3=1 R3=1 S3=1 Y2=1 X2=1 Z2=1 C2=1 R2=1 S2=1 Y1=1 X1=1 Z1=1 C1=1 R1=1 S1=1 Y0=1 X0=1 Z0=1 C0=1 R0=1 S0=1] SACols[Q=1 Z16=32] SARows[S16=3 C16=128 Z16=1] SACols_15[X15=1 Z15=32] SARows_15[S15=3 C15=128 Z15=1] SACols_14[X14=1 Z14=32] SARows_14[S14=3 C14=128 Z14=1] SACols_13[X13=1 Z13=32] SARows_13[S13=3 C13=128 Z13=1] SACols_12[X12=1 Z12=32] SARows_12[S12=3 C12=128 Z12=1] SACols_11[X11=1 Z11=32] SARows_11[S11=3 C11=128 Z11=1] SACols_10[X10=1 Z10=32] SARows_10[S10=3 C10=128 Z10=1] SACols_9[X9=1 Z9=32] SARows_9[S9=3 C9=128 Z9=1] SACols_8[X8=1 Z8=32] SARows_8[S8=3 C8=128 Z8=1] SACols_7[X7=1 Z7=32] SARows_7[S7=3 C7=128 Z7=1] SACols_6[X6=1 Z6=32] SARows_6[S6=3 C6=128 Z6=1] SACols_5[X5=1 Z5=32] SARows_5[S5=3 C5=64 Z5=2] SACols_4[X4=1 Z4=32] SARows_4[S4=3 C4=64 Z4=2] SACols_3[X3=1 Z3=32] SARows_3[S3=3 C3=64 Z3=2] SACols_2[X2=1 Z2=32] SARows_2[S2=3 C2=64 Z2=2] SACols_1[X1=1 Z1=32] SARows_1[S1=3 C1=64 Z1=2] SACols_0[X0=1 Z0=32] SARows_0[S0=7 C0=3 Z0=2] InRegister[P=1 Q=1 Z16=1 C16=1 R16=1 S16=1 Y15=1 X15=1 Z15=1 C15=1 R15=1 S15=1 Y14=1 X14=1 Z14=1 C14=1 R14=1 S14=1 Y13=1 X13=1 Z13=1 C13=1 R13=1 S13=1 Y12=1 X12=1 Z12=1 C12=1 R12=1 S12=1 Y11=1 X11=1 Z11=1 C11=1 R11=1 S11=1 Y10=1 X10=1 Z10=1 C10=1 R10=1 S10=1 Y9=1 X9=1 Z9=1 C9=1 R9=1 S9=1 Y8=1 X8=1 Z8=1 C8=1 R8=1 S8=1 Y7=1 X7=1 Z7=1 C7=1 R7=1 S7=1 Y6=1 X6=1 Z6=1 C6=1 R6=1 S6=1 Y5=1 X5=1 Z5=1 C5=1 R5=1 S5=1 Y4=1 X4=1 Z4=1 C4=1 R4=1 S4=1 Y3=1 X3=1 Z3=1 C3=1 R3=1 S3=1 Y2=1 X2=1 Z2=1 C2=1 R2=1 S2=1 Y1=1 X1=1 Z1=1 C1=1 R1=1 S1=1 Y0=1 X0=1 Z0=1 C0=1 R0=1 S0=1] WRegister[P=1 Q=1 Z16=1 C16=4 R16=3 S16=1 Y15=1 X15=1 Z15=1 C15=4 R15=3 S15=1 Y14=1 X14=1 Z14=1 C14=4 R14=3 S14=1 Y13=1 X13=1 Z13=1 C13=2 R13=3 S13=1 Y12=1 X12=1 Z12=1 C12=2 R12=3 S12=1 Y11=1 X11=1 Z11=1 C11=2 R11=3 S11=1 Y10=1 X10=1 Z10=1 C10=2 R10=3 S10=1 Y9=1 X9=1 Z9=1 C9=1 R9=3 S9=1 Y8=1 X8=1 Z8=1 C8=1 R8=3 S8=1 Y7=1 X7=1 Z7=1 C7=1 R7=3 S7=1 Y6=1 X6=1 Z6=1 C6=1 R6=3 S6=1 Y5=1 X5=1 Z5=1 C5=1 R5=3 S5=1 Y4=1 X4=1 Z4=1 C4=1 R4=3 S4=1 Y3=1 X3=1 Z3=1 C3=1 R3=3 S3=1 Y2=1 X2=1 Z2=1 C2=1 R2=3 S2=1 Y1=1 X1=1 Z1=1 C1=1 R1=3 S1=1 Y0=1 X0=1 Z0=1 C0=1 R0=7 S0=1] IntermediateRegister[P=1 Q=1 Z16=1 C16=1 R16=1 S16=1 Y15=1 X15=1 Z15=16 C15=1 R15=1 S15=1 Y14=1 X14=1 Z14=16 C14=1 R14=1 S14=1 Y13=1 X13=1 Z13=16 C13=1 R13=1 S13=1 Y12=1 X12=1 Z12=8 C12=1 R12=1 S12=1 Y11=1 X11=1 Z11=8 C11=1 R11=1 S11=1 Y10=1 X10=1 Z10=8 C10=1 R10=1 S10=1 Y9=1 X9=1 Z9=8 C9=1 R9=1 S9=1 Y8=1 X8=1 Z8=4 C8=1 R8=1 S8=1 Y7=1 X7=1 Z7=4 C7=1 R7=1 S7=1 Y6=1 X6=1 Z6=4 C6=1 R6=1 S6=1 Y5=1 X5=1 Z5=2 C5=1 R5=1 S5=1 Y4=1 X4=1 Z4=1 C4=1 R4=1 S4=1 Y3=1 X3=1 Z3=1 C3=1 R3=1 S3=1 Y2=1 X2=1 Z2=1 C2=1 R2=1 S2=1 Y1=1 X1=1 Z1=1 C1=1 R1=1 S1=1 Y0=1 X0=1 Z0=1 C0=1 R0=1 S0=1] OutRegister[P=1 Q=1 Z16=16 C16=1 R16=1 S16=1 Y15=1 X15=1 Z15=1 C15=1 R15=1 S15=1 Y14=1 X14=1 Z14=1 C14=1 R14=1 S14=1 Y13=1 X13=1 Z13=1 C13=1 R13=1 S13=1 Y12=1 X12=1 Z12=1 C12=1 R12=1 S12=1 Y11=1 X11=1 Z11=1 C11=1 R11=1 S11=1 Y10=1 X10=1 Z10=1 C10=1 R10=1 S10=1 Y9=1 X9=1 Z9=1 C9=1 R9=1 S9=1 Y8=1 X8=1 Z8=1 C8=1 R8=1 S8=1 Y7=1 X7=1 Z7=1 C7=1 R7=1 S7=1 Y6=1 X6=1 Z6=1 C6=1 R6=1 S6=1 Y5=1 X5=1 Z5=1 C5=1 R5=1 S5=1 Y4=1 X4=1 Z4=1 C4=1 R4=1 S4=1 Y3=1 X3=1 Z3=1 C3=1 R3=1 S3=1 Y2=1 X2=1 Z2=1 C2=1 R2=1 S2=1 Y1=1 X1=1 Z1=1 C1=1 R1=1 S1=1 Y0=1 X0=1 Z0=1 C0=1 R0=1 S0=1] Compute] 
resnet18_17layer_2026-02-21T07:03:56.964600,resnet18,17layer,full,17,eyeriss,thesis_arch,1056,524,128,4,4,1,False,False,"Arch: Eyeriss_Constrained_17L_tile1_4x4 -> Level: SARows_0: Failed to fit comp to arch because the level's constraint (S0: 4) does not divide comp dimension S0 (7) exactly. To compensate, consider setting 'Settings.PADDED_MAPPINGS' to True.",0.000e+00,0.000e+00,0.00e+00,0,0.0,0.0,
resnet18_17layer_2026-02-21T07:03:57.647074,resnet18,17layer,full,17,eyeriss,thesis_arch,1056,524,128,4,16,1,False,False,"Arch: Eyeriss_Constrained_17L_tile1_16x4 -> Level: SARows_0: Failed to fit comp to arch because the level's constraint (S0: 4) does not divide comp dimension S0 (7) exactly. To compensate, consider setting 'Settings.PADDED_MAPPINGS' to True.",0.000e+00,0.000e+00,0.00e+00,0,0.0,0.0,
resnet18_17layer_2026-02-21T07:03:58.433744,resnet18,17layer,full,17,eyeriss,thesis_arch,1056,524,128,4,32,1,False,False,"Arch: Eyeriss_Constrained_17L_tile1_32x4 -> Level: SARows_0: Failed to fit comp to arch because the level's constraint (S0: 4) does not divide comp dimension S0 (7) exactly. To compensate, consider setting 'Settings.PADDED_MAPPINGS' to True.",0.000e+00,0.000e+00,0.00e+00,0,0.0,0.0,
resnet18_17layer_2026-02-21T07:03:59.141977,resnet18,17layer,full,17,eyeriss,thesis_arch,1056,524,128,4,64,1,False,False,"Arch: Eyeriss_Constrained_17L_tile1_64x4 -> Level: SARows_0: Failed to fit comp to arch because the level's constraint (S0: 4) does not divide comp dimension S0 (7) exactly. To compensate, consider setting 'Settings.PADDED_MAPPINGS' to True.",0.000e+00,0.000e+00,0.00e+00,0,0.0,0.0,
resnet18_17layer_2026-02-21T07:03:59.805028,resnet18,17layer,full,17,eyeriss,thesis_arch,1056,524,128,4,128,1,False,False,"Arch: Eyeriss_Constrained_17L_tile1_128x4 -> Level: SARows_0: Failed to fit comp to arch because the level's constraint (S0: 4) does not divide comp dimension S0 (7) exactly. To compensate, consider setting 'Settings.PADDED_MAPPINGS' to True.",0.000e+00,0.000e+00,0.00e+00,0,0.0,0.0,
resnet18_17layer_2026-02-21T07:04:00.506043,resnet18,17layer,full,17,eyeriss,thesis_arch,1056,524,128,4,256,1,False,False,"Arch: Eyeriss_Constrained_17L_tile1_256x4 -> Level: SARows_0: Failed to fit comp to arch because the level's constraint (S0: 4) does not divide comp dimension S0 (7) exactly. To compensate, consider setting 'Settings.PADDED_MAPPINGS' to True.",0.000e+00,0.000e+00,0.00e+00,0,0.0,0.0,
resnet18_17layer_2026-02-21T07:04:01.038562,resnet18,17layer,full,17,eyeriss,thesis_arch,1056,524,128,4,512,1,False,False,"Arch: Eyeriss_Constrained_17L_tile1_512x4 -> Level: SARows_0: Failed to fit comp to arch because the level's constraint (S0: 4) does not divide comp dimension S0 (7) exactly. To compensate, consider setting 'Settings.PADDED_MAPPINGS' to True.",0.000e+00,0.000e+00,0.00e+00,0,0.0,0.0,
resnet18_17layer_2026-02-21T07:04:01.441320,resnet18,17layer,full,17,eyeriss,thesis_arch,1056,524,128,16,4,1,False,False,"Ill-posed constraints:
CONSTRAINTS VIOLATION: Arch: Eyeriss_Constrained_17L_tile1_4x16 -> Level: InRegister: memory footprint: 2584 VS memory available: 400
CONSTRAINTS VIOLATION: Arch: Eyeriss_Constrained_17L_tile1_4x16 -> Level: WRegister: memory footprint: 229032 VS memory available: 4000
CONSTRAINTS VIOLATION: Arch: Eyeriss_Constrained_17L_tile1_4x16 -> Level: OutRegister: memory footprint: 128 VS memory available: 64",0.000e+00,0.000e+00,0.00e+00,0,0.0,0.0,
resnet18_17layer_2026-02-21T07:04:01.937584,resnet18,17layer,full,17,eyeriss,thesis_arch,1056,524,128,16,16,1,False,False,"Ill-posed constraints:
CONSTRAINTS VIOLATION: Arch: Eyeriss_Constrained_17L_tile1_16x16 -> Level: InRegister: memory footprint: 2584 VS memory available: 400
CONSTRAINTS VIOLATION: Arch: Eyeriss_Constrained_17L_tile1_16x16 -> Level: WRegister: memory footprint: 57258 VS memory available: 4000",0.000e+00,0.000e+00,0.00e+00,0,0.0,0.0,
resnet18_17layer_2026-02-21T07:04:02.564867,resnet18,17layer,full,17,eyeriss,thesis_arch,1056,524,128,16,32,1,False,False,"Ill-posed constraints:
CONSTRAINTS VIOLATION: Arch: Eyeriss_Constrained_17L_tile1_32x16 -> Level: InRegister: memory footprint: 2584 VS memory available: 400
CONSTRAINTS VIOLATION: Arch: Eyeriss_Constrained_17L_tile1_32x16 -> Level: WRegister: memory footprint: 28629 VS memory available: 4000",0.000e+00,0.000e+00,0.00e+00,0,0.0,0.0,
resnet18_17layer_2026-02-21T07:04:03.127388,resnet18,17layer,full,17,eyeriss,thesis_arch,1056,524,128,16,64,1,False,False,"Ill-posed constraints:
CONSTRAINTS VIOLATION: Arch: Eyeriss_Constrained_17L_tile1_64x16 -> Level: InRegister: memory footprint: 2584 VS memory available: 400
CONSTRAINTS VIOLATION: Arch: Eyeriss_Constrained_17L_tile1_64x16 -> Level: WRegister: memory footprint: 14325 VS memory available: 4000",0.000e+00,0.000e+00,0.00e+00,0,0.0,0.0,
resnet18_17layer_2026-02-21T07:04:03.838722,resnet18,17layer,full,17,eyeriss,thesis_arch,1056,524,128,16,128,1,False,False,"Ill-posed constraints:
CONSTRAINTS VIOLATION: Arch: Eyeriss_Constrained_17L_tile1_128x16 -> Level: InRegister: memory footprint: 2584 VS memory available: 400
CONSTRAINTS VIOLATION: Arch: Eyeriss_Constrained_17L_tile1_128x16 -> Level: WRegister: memory footprint: 7269 VS memory available: 4000",0.000e+00,0.000e+00,0.00e+00,0,0.0,0.0,
resnet18_17layer_2026-02-21T07:04:04.413301,resnet18,17layer,full,17,eyeriss,thesis_arch,1056,524,128,16,256,1,False,False,"Ill-posed constraints:
CONSTRAINTS VIOLATION: Arch: Eyeriss_Constrained_17L_tile1_256x16 -> Level: InRegister: memory footprint: 2584 VS memory available: 400",0.000e+00,0.000e+00,0.00e+00,0,0.0,0.0,
resnet18_17layer_2026-02-21T07:04:05.004199,resnet18,17layer,full,17,eyeriss,thesis_arch,1056,524,128,16,512,1,False,False,"Ill-posed constraints:
CONSTRAINTS VIOLATION: Arch: Eyeriss_Constrained_17L_tile1_512x16 -> Level: InRegister: memory footprint: 2584 VS memory available: 400",0.000e+00,0.000e+00,0.00e+00,0,0.0,0.0,
resnet18_17layer_2026-02-21T07:04:05.379489,resnet18,17layer,full,17,eyeriss,thesis_arch,1056,524,128,32,4,1,False,False,"Ill-posed constraints:
CONSTRAINTS VIOLATION: Arch: Eyeriss_Constrained_17L_tile1_4x32 -> Level: InRegister: memory footprint: 1286 VS memory available: 400
CONSTRAINTS VIOLATION: Arch: Eyeriss_Constrained_17L_tile1_4x32 -> Level: WRegister: memory footprint: 114544 VS memory available: 4000
CONSTRAINTS VIOLATION: Arch: Eyeriss_Constrained_17L_tile1_4x32 -> Level: OutRegister: memory footprint: 128 VS memory available: 64",0.000e+00,0.000e+00,0.00e+00,0,0.0,0.0,
resnet18_17layer_2026-02-21T07:04:05.923132,resnet18,17layer,full,17,eyeriss,thesis_arch,1056,524,128,32,16,1,False,False,"Ill-posed constraints:
CONSTRAINTS VIOLATION: Arch: Eyeriss_Constrained_17L_tile1_16x32 -> Level: InRegister: memory footprint: 1286 VS memory available: 400
CONSTRAINTS VIOLATION: Arch: Eyeriss_Constrained_17L_tile1_16x32 -> Level: WRegister: memory footprint: 28636 VS memory available: 4000",0.000e+00,0.000e+00,0.00e+00,0,0.0,0.0,
resnet18_17layer_2026-02-21T07:04:06.817975,resnet18,17layer,full,17,eyeriss,thesis_arch,1056,524,128,32,32,1,False,False,"Ill-posed constraints:
CONSTRAINTS VIOLATION: Arch: Eyeriss_Constrained_17L_tile1_32x32 -> Level: InRegister: memory footprint: 1286 VS memory available: 400
CONSTRAINTS VIOLATION: Arch: Eyeriss_Constrained_17L_tile1_32x32 -> Level: WRegister: memory footprint: 14318 VS memory available: 4000",0.000e+00,0.000e+00,0.00e+00,0,0.0,0.0,
resnet18_17layer_2026-02-21T07:04:07.579837,resnet18,17layer,full,17,eyeriss,thesis_arch,1056,524,128,32,64,1,False,False,"Ill-posed constraints:
CONSTRAINTS VIOLATION: Arch: Eyeriss_Constrained_17L_tile1_64x32 -> Level: InRegister: memory footprint: 1286 VS memory available: 400
CONSTRAINTS VIOLATION: Arch: Eyeriss_Constrained_17L_tile1_64x32 -> Level: WRegister: memory footprint: 7159 VS memory available: 4000",0.000e+00,0.000e+00,0.00e+00,0,0.0,0.0,
resnet18_17layer_2026-02-21T07:04:08.304399,resnet18,17layer,full,17,eyeriss,thesis_arch,1056,524,128,32,128,1,False,False,"Ill-posed constraints:
CONSTRAINTS VIOLATION: Arch: Eyeriss_Constrained_17L_tile1_128x32 -> Level: InRegister: memory footprint: 1286 VS memory available: 400",0.000e+00,0.000e+00,0.00e+00,0,0.0,0.0,
resnet18_17layer_2026-02-21T07:04:08.822910,resnet18,17layer,full,17,eyeriss,thesis_arch,1056,524,128,32,256,1,False,False,"Ill-posed constraints:
CONSTRAINTS VIOLATION: Arch: Eyeriss_Constrained_17L_tile1_256x32 -> Level: InRegister: memory footprint: 1286 VS memory available: 400",0.000e+00,0.000e+00,0.00e+00,0,0.0,0.0,
resnet18_17layer_2026-02-21T07:04:09.592861,resnet18,17layer,full,17,eyeriss,thesis_arch,1056,524,128,32,512,1,False,False,"Ill-posed constraints:
CONSTRAINTS VIOLATION: Arch: Eyeriss_Constrained_17L_tile1_512x32 -> Level: InRegister: memory footprint: 1286 VS memory available: 400",0.000e+00,0.000e+00,0.00e+00,0,0.0,0.0,
resnet18_17layer_2026-02-21T07:04:10.515376,resnet18,17layer,full,17,eyeriss,thesis_arch,1056,524,128,64,4,1,False,False,"Ill-posed constraints:
CONSTRAINTS VIOLATION: Arch: Eyeriss_Constrained_17L_tile1_4x64 -> Level: InRegister: memory footprint: 650 VS memory available: 400
CONSTRAINTS VIOLATION: Arch: Eyeriss_Constrained_17L_tile1_4x64 -> Level: WRegister: memory footprint: 57272 VS memory available: 4000
CONSTRAINTS VIOLATION: Arch: Eyeriss_Constrained_17L_tile1_4x64 -> Level: OutRegister: memory footprint: 128 VS memory available: 64",0.000e+00,0.000e+00,0.00e+00,0,0.0,0.0,
resnet18_17layer_2026-02-21T07:04:11.231741,resnet18,17layer,full,17,eyeriss,thesis_arch,1056,524,128,64,16,1,False,False,"Ill-posed constraints:
CONSTRAINTS VIOLATION: Arch: Eyeriss_Constrained_17L_tile1_16x64 -> Level: InRegister: memory footprint: 650 VS memory available: 400
CONSTRAINTS VIOLATION: Arch: Eyeriss_Constrained_17L_tile1_16x64 -> Level: WRegister: memory footprint: 14318 VS memory available: 4000",0.000e+00,0.000e+00,0.00e+00,0,0.0,0.0,
resnet18_17layer_2026-02-21T07:04:12.185268,resnet18,17layer,full,17,eyeriss,thesis_arch,1056,524,128,64,32,1,False,False,"Ill-posed constraints:
CONSTRAINTS VIOLATION: Arch: Eyeriss_Constrained_17L_tile1_32x64 -> Level: InRegister: memory footprint: 650 VS memory available: 400
CONSTRAINTS VIOLATION: Arch: Eyeriss_Constrained_17L_tile1_32x64 -> Level: WRegister: memory footprint: 7159 VS memory available: 4000",0.000e+00,0.000e+00,0.00e+00,0,0.0,0.0,
resnet18_17layer_2026-02-21T07:04:12.709034,resnet18,17layer,full,17,eyeriss,thesis_arch,1056,524,128,64,64,1,False,False,"Ill-posed constraints:
CONSTRAINTS VIOLATION: Arch: Eyeriss_Constrained_17L_tile1_64x64 -> Level: InRegister: memory footprint: 650 VS memory available: 400",0.000e+00,0.000e+00,0.00e+00,0,0.0,0.0,
resnet18_17layer_2026-02-21T07:04:13.102749,resnet18,17layer,full,17,eyeriss,thesis_arch,1056,524,128,64,128,1,False,False,"Ill-posed constraints:
CONSTRAINTS VIOLATION: Arch: Eyeriss_Constrained_17L_tile1_128x64 -> Level: InRegister: memory footprint: 650 VS memory available: 400",0.000e+00,0.000e+00,0.00e+00,0,0.0,0.0,
resnet18_17layer_2026-02-21T07:04:13.636598,resnet18,17layer,full,17,eyeriss,thesis_arch,1056,524,128,64,256,1,False,False,"Ill-posed constraints:
CONSTRAINTS VIOLATION: Arch: Eyeriss_Constrained_17L_tile1_256x64 -> Level: InRegister: memory footprint: 650 VS memory available: 400",0.000e+00,0.000e+00,0.00e+00,0,0.0,0.0,
resnet18_17layer_2026-02-21T07:04:14.208572,resnet18,17layer,full,17,eyeriss,thesis_arch,1056,524,128,128,4,1,False,False,"Ill-posed constraints:
CONSTRAINTS VIOLATION: Arch: Eyeriss_Constrained_17L_tile1_4x128 -> Level: WRegister: memory footprint: 28636 VS memory available: 4000
CONSTRAINTS VIOLATION: Arch: Eyeriss_Constrained_17L_tile1_4x128 -> Level: OutRegister: memory footprint: 128 VS memory available: 64",0.000e+00,0.000e+00,0.00e+00,0,0.0,0.0,
resnet18_17layer_2026-02-21T07:04:14.894329,resnet18,17layer,full,17,eyeriss,thesis_arch,1056,524,128,128,16,1,False,False,"Ill-posed constraints:
CONSTRAINTS VIOLATION: Arch: Eyeriss_Constrained_17L_tile1_16x128 -> Level: WRegister: memory footprint: 7159 VS memory available: 4000",0.000e+00,0.000e+00,0.00e+00,0,0.0,0.0,
resnet18_17layer_2026-02-21T07:04:15.233596,resnet18,17layer,full,17,eyeriss,thesis_arch,1056,524,128,128,32,1,False,True,,1.589e+05,3.059e+06,4.90e+05,"(5568237760, 2543810304)",0.0032886642329685856,0.584876537322998,DRAM[P=7 Q=7 Z16=1 C16=1 R16=1 S16=1 Y15=7 X15=7 Z15=1 C15=1 R15=1 S15=1 Y14=7 X14=7 Z14=1 C14=1 R14=1 S14=1 Y13=14 X13=14 Z13=1 C13=1 R13=1 S13=1 Y12=14 X12=14 Z12=1 C12=1 R12=1 S12=1 Y11=14 X11=14 Z11=1 C11=1 R11=1 S11=1 Y10=14 X10=14 Z10=1 C10=1 R10=1 S10=1 Y9=28 X9=28 Z9=1 C9=1 R9=1 S9=1 Y8=28 X8=28 Z8=1 C8=1 R8=1 S8=1 Y7=28 X7=28 Z7=1 C7=1 R7=1 S7=1 Y6=28 X6=28 Z6=1 C6=1 R6=1 S6=1 Y5=56 X5=56 Z5=1 C5=1 R5=1 S5=1 Y4=56 X4=56 Z4=1 C4=1 R4=1 S4=1 Y3=56 X3=56 Z3=1 C3=1 R3=1 S3=1 Y2=56 X2=56 Z2=1 C2=1 R2=1 S2=1 Y1=56 X1=56 Z1=1 C1=1 R1=1 S1=1 Y0=112 X0=112 Z0=1 C0=1 R0=1 S0=1] GlobalBuffer[P=1 Q=1 Z16=1 C16=1 R16=1 S16=1 Y15=1 X15=1 Z15=1 C15=1 R15=1 S15=1 Y14=1 X14=1 Z14=1 C14=1 R14=1 S14=1 Y13=1 X13=1 Z13=1 C13=1 R13=1 S13=1 Y12=1 X12=1 Z12=1 C12=1 R12=1 S12=1 Y11=1 X11=1 Z11=1 C11=1 R11=1 S11=1 Y10=1 X10=1 Z10=1 C10=1 R10=1 S10=1 Y9=1 X9=1 Z9=1 C9=1 R9=1 S9=1 Y8=1 X8=1 Z8=1 C8=1 R8=1 S8=1 Y7=1 X7=1 Z7=1 C7=1 R7=1 S7=1 Y6=1 X6=1 Z6=1 C6=1 R6=1 S6=1 Y5=1 X5=1 Z5=1 C5=1 R5=1 S5=1 Y4=1 X4=1 Z4=1 C4=1 R4=1 S4=1 Y3=1 X3=1 Z3=1 C3=1 R3=1 S3=1 Y2=1 X2=1 Z2=1 C2=1 R2=1 S2=1 Y1=1 X1=1 Z1=1 C1=1 R1=1 S1=1 Y0=1 X0=1 Z0=1 C0=1 R0=1 S0=1] SACols[Q=1 Z16=32] SARows[S16=3 C16=32 Z16=1] SACols_15[X15=1 Z15=32] SARows_15[S15=3 C15=32 Z15=1] SACols_14[X14=1 Z14=32] SARows_14[S14=3 C14=32 Z14=1] SACols_13[X13=1 Z13=32] SARows_13[S13=3 C13=32 Z13=1] SACols_12[X12=1 Z12=32] SARows_12[S12=3 C12=32 Z12=1] SACols_11[X11=1 Z11=32] SARows_11[S11=3 C11=32 Z11=1] SACols_10[X10=1 Z10=32] SARows_10[S10=3 C10=32 Z10=1] SACols_9[X9=1 Z9=32] SARows_9[S9=3 C9=32 Z9=1] SACols_8[X8=1 Z8=32] SARows_8[S8=3 C8=32 Z8=1] SACols_7[X7=1 Z7=32] SARows_7[S7=3 C7=32 Z7=1] SACols_6[X6=1 Z6=32] SARows_6[S6=3 C6=32 Z6=1] SACols_5[X5=1 Z5=32] SARows_5[S5=3 C5=32 Z5=1] SACols_4[X4=1 Z4=32] SARows_4[S4=3 C4=32 Z4=1] SACols_3[X3=1 Z3=32] SARows_3[S3=3 C3=32 Z3=1] SACols_2[X2=1 Z2=32] SARows_2[S2=3 C2=32 Z2=1] SACols_1[X1=1 Z1=32] SARows_1[S1=3 C1=32 Z1=1] SACols_0[X0=1 Z0=32] SARows_0[S0=7 C0=3 Z0=2] InRegister[P=1 Q=1 Z16=1 C16=1 R16=1 S16=1 Y15=1 X15=1 Z15=1 C15=1 R15=1 S15=1 Y14=1 X14=1 Z14=1 C14=1 R14=1 S14=1 Y13=1 X13=1 Z13=1 C13=1 R13=1 S13=1 Y12=1 X12=1 Z12=1 C12=1 R12=1 S12=1 Y11=1 X11=1 Z11=1 C11=1 R11=1 S11=1 Y10=1 X10=1 Z10=1 C10=1 R10=1 S10=1 Y9=1 X9=1 Z9=1 C9=1 R9=1 S9=1 Y8=1 X8=1 Z8=1 C8=1 R8=1 S8=1 Y7=1 X7=1 Z7=1 C7=1 R7=1 S7=1 Y6=1 X6=1 Z6=1 C6=1 R6=1 S6=1 Y5=1 X5=1 Z5=1 C5=1 R5=1 S5=1 Y4=1 X4=1 Z4=1 C4=1 R4=1 S4=1 Y3=1 X3=1 Z3=1 C3=1 R3=1 S3=1 Y2=1 X2=1 Z2=1 C2=1 R2=1 S2=1 Y1=1 X1=1 Z1=1 C1=1 R1=1 S1=1 Y0=1 X0=1 Z0=1 C0=1 R0=1 S0=1] WRegister[P=1 Q=1 Z16=1 C16=16 R16=3 S16=1 Y15=1 X15=1 Z15=1 C15=16 R15=3 S15=1 Y14=1 X14=1 Z14=1 C14=16 R14=3 S14=1 Y13=1 X13=1 Z13=1 C13=8 R13=3 S13=1 Y12=1 X12=1 Z12=1 C12=8 R12=3 S12=1 Y11=1 X11=1 Z11=1 C11=8 R11=3 S11=1 Y10=1 X10=1 Z10=1 C10=8 R10=3 S10=1 Y9=1 X9=1 Z9=1 C9=4 R9=3 S9=1 Y8=1 X8=1 Z8=1 C8=4 R8=3 S8=1 Y7=1 X7=1 Z7=1 C7=4 R7=3 S7=1 Y6=1 X6=1 Z6=1 C6=4 R6=3 S6=1 Y5=1 X5=1 Z5=1 C5=2 R5=3 S5=1 Y4=1 X4=1 Z4=1 C4=2 R4=3 S4=1 Y3=1 X3=1 Z3=1 C3=2 R3=3 S3=1 Y2=1 X2=1 Z2=1 C2=2 R2=3 S2=1 Y1=1 X1=1 Z1=1 C1=2 R1=3 S1=1 Y0=1 X0=1 Z0=1 C0=1 R0=7 S0=1] IntermediateRegister[P=1 Q=1 Z16=1 C16=1 R16=1 S16=1 Y15=1 X15=1 Z15=16 C15=1 R15=1 S15=1 Y14=1 X14=1 Z14=16 C14=1 R14=1 S14=1 Y13=1 X13=1 Z13=16 C13=1 R13=1 S13=1 Y12=1 X12=1 Z12=8 C12=1 R12=1 S12=1 Y11=1 X11=1 Z11=8 C11=1 R11=1 S11=1 Y10=1 X10=1 Z10=8 C10=1 R10=1 S10=1 Y9=1 X9=1 Z9=8 C9=1 R9=1 S9=1 Y8=1 X8=1 Z8=4 C8=1 R8=1 S8=1 Y7=1 X7=1 Z7=4 C7=1 R7=1 S7=1 Y6=1 X6=1 Z6=4 C6=1 R6=1 S6=1 Y5=1 X5=1 Z5=4 C5=1 R5=1 S5=1 Y4=1 X4=1 Z4=2 C4=1 R4=1 S4=1 Y3=1 X3=1 Z3=2 C3=1 R3=1 S3=1 Y2=1 X2=1 Z2=2 C2=1 R2=1 S2=1 Y1=1 X1=1 Z1=2 C1=1 R1=1 S1=1 Y0=1 X0=1 Z0=1 C0=1 R0=1 S0=1] OutRegister[P=1 Q=1 Z16=16 C16=1 R16=1 S16=1 Y15=1 X15=1 Z15=1 C15=1 R15=1 S15=1 Y14=1 X14=1 Z14=1 C14=1 R14=1 S14=1 Y13=1 X13=1 Z13=1 C13=1 R13=1 S13=1 Y12=1 X12=1 Z12=1 C12=1 R12=1 S12=1 Y11=1 X11=1 Z11=1 C11=1 R11=1 S11=1 Y10=1 X10=1 Z10=1 C10=1 R10=1 S10=1 Y9=1 X9=1 Z9=1 C9=1 R9=1 S9=1 Y8=1 X8=1 Z8=1 C8=1 R8=1 S8=1 Y7=1 X7=1 Z7=1 C7=1 R7=1 S7=1 Y6=1 X6=1 Z6=1 C6=1 R6=1 S6=1 Y5=1 X5=1 Z5=1 C5=1 R5=1 S5=1 Y4=1 X4=1 Z4=1 C4=1 R4=1 S4=1 Y3=1 X3=1 Z3=1 C3=1 R3=1 S3=1 Y2=1 X2=1 Z2=1 C2=1 R2=1 S2=1 Y1=1 X1=1 Z1=1 C1=1 R1=1 S1=1 Y0=1 X0=1 Z0=1 C0=1 R0=1 S0=1] Compute] 
resnet18_17layer_2026-02-21T07:04:16.310160,resnet18,17layer,full,17,eyeriss,thesis_arch,1056,524,128,128,64,1,False,True,,1.610e+05,3.042e+06,4.96e+05,"(6045110464, 2543810304)",0.0016443321164842928,0.6473093032836914,DRAM[P=7 Q=7 Z16=1 C16=1 R16=1 S16=1 Y15=7 X15=7 Z15=1 C15=1 R15=1 S15=1 Y14=7 X14=7 Z14=1 C14=1 R14=1 S14=1 Y13=14 X13=14 Z13=1 C13=1 R13=1 S13=1 Y12=14 X12=14 Z12=1 C12=1 R12=1 S12=1 Y11=14 X11=14 Z11=1 C11=1 R11=1 S11=1 Y10=14 X10=14 Z10=1 C10=1 R10=1 S10=1 Y9=28 X9=28 Z9=1 C9=1 R9=1 S9=1 Y8=28 X8=28 Z8=1 C8=1 R8=1 S8=1 Y7=28 X7=28 Z7=1 C7=1 R7=1 S7=1 Y6=28 X6=28 Z6=1 C6=1 R6=1 S6=1 Y5=56 X5=56 Z5=1 C5=1 R5=1 S5=1 Y4=56 X4=56 Z4=1 C4=1 R4=1 S4=1 Y3=56 X3=56 Z3=1 C3=1 R3=1 S3=1 Y2=56 X2=56 Z2=1 C2=1 R2=1 S2=1 Y1=56 X1=56 Z1=1 C1=1 R1=1 S1=1 Y0=112 X0=112 Z0=1 C0=1 R0=1 S0=1] GlobalBuffer[P=1 Q=1 Z16=1 C16=1 R16=1 S16=1 Y15=1 X15=1 Z15=1 C15=1 R15=1 S15=1 Y14=1 X14=1 Z14=1 C14=1 R14=1 S14=1 Y13=1 X13=1 Z13=1 C13=1 R13=1 S13=1 Y12=1 X12=1 Z12=1 C12=1 R12=1 S12=1 Y11=1 X11=1 Z11=1 C11=1 R11=1 S11=1 Y10=1 X10=1 Z10=1 C10=1 R10=1 S10=1 Y9=1 X9=1 Z9=1 C9=1 R9=1 S9=1 Y8=1 X8=1 Z8=1 C8=1 R8=1 S8=1 Y7=1 X7=1 Z7=1 C7=1 R7=1 S7=1 Y6=1 X6=1 Z6=1 C6=1 R6=1 S6=1 Y5=1 X5=1 Z5=1 C5=1 R5=1 S5=1 Y4=1 X4=1 Z4=1 C4=1 R4=1 S4=1 Y3=1 X3=1 Z3=1 C3=1 R3=1 S3=1 Y2=1 X2=1 Z2=1 C2=1 R2=1 S2=1 Y1=1 X1=1 Z1=1 C1=1 R1=1 S1=1 Y0=1 X0=1 Z0=1 C0=1 R0=1 S0=1] SACols[Q=1 Z16=64] SARows[S16=3 C16=32 Z16=1] SACols_15[X15=1 Z15=64] SARows_15[S15=3 C15=32 Z15=1] SACols_14[X14=1 Z14=64] SARows_14[S14=3 C14=32 Z14=1] SACols_13[X13=1 Z13=64] SARows_13[S13=3 C13=32 Z13=1] SACols_12[X12=1 Z12=64] SARows_12[S12=3 C12=32 Z12=1] SACols_11[X11=1 Z11=64] SARows_11[S11=3 C11=32 Z11=1] SACols_10[X10=1 Z10=64] SARows_10[S10=3 C10=32 Z10=1] SACols_9[X9=1 Z9=64] SARows_9[S9=3 C9=32 Z9=1] SACols_8[X8=1 Z8=64] SARows_8[S8=3 C8=32 Z8=1] SACols_7[X7=1 Z7=64] SARows_7[S7=3 C7=32 Z7=1] SACols_6[X6=1 Z6=64] SARows_6[S6=3 C6=32 Z6=1] SACols_5[X5=1 Z5=64] SARows_5[S5=3 C5=32 Z5=1] SACols_4[X4=1 Z4=64] SARows_4[S4=3 C4=32 Z4=1] SACols_3[X3=1 Z3=64] SARows_3[S3=3 C3=32 Z3=1] SACols_2[X2=1 Z2=64] SARows_2[S2=3 C2=32 Z2=1] SACols_1[X1=1 Z1=64] SARows_1[S1=3 C1=32 Z1=1] SACols_0[X0=1 Z0=64] SARows_0[S0=7 C0=3 Z0=1] InRegister[P=1 Q=1 Z16=1 C16=1 R16=1 S16=1 Y15=1 X15=1 Z15=1 C15=1 R15=1 S15=1 Y14=1 X14=1 Z14=1 C14=1 R14=1 S14=1 Y13=1 X13=1 Z13=1 C13=1 R13=1 S13=1 Y12=1 X12=1 Z12=1 C12=1 R12=1 S12=1 Y11=1 X11=1 Z11=1 C11=1 R11=1 S11=1 Y10=1 X10=1 Z10=1 C10=1 R10=1 S10=1 Y9=1 X9=1 Z9=1 C9=1 R9=1 S9=1 Y8=1 X8=1 Z8=1 C8=1 R8=1 S8=1 Y7=1 X7=1 Z7=1 C7=1 R7=1 S7=1 Y6=1 X6=1 Z6=1 C6=1 R6=1 S6=1 Y5=1 X5=1 Z5=1 C5=1 R5=1 S5=1 Y4=1 X4=1 Z4=1 C4=1 R4=1 S4=1 Y3=1 X3=1 Z3=1 C3=1 R3=1 S3=1 Y2=1 X2=1 Z2=1 C2=1 R2=1 S2=1 Y1=1 X1=1 Z1=1 C1=1 R1=1 S1=1 Y0=1 X0=1 Z0=1 C0=1 R0=1 S0=1] WRegister[P=1 Q=1 Z16=1 C16=16 R16=3 S16=1 Y15=1 X15=1 Z15=1 C15=16 R15=3 S15=1 Y14=1 X14=1 Z14=1 C14=16 R14=3 S14=1 Y13=1 X13=1 Z13=1 C13=8 R13=3 S13=1 Y12=1 X12=1 Z12=1 C12=8 R12=3 S12=1 Y11=1 X11=1 Z11=1 C11=8 R11=3 S11=1 Y10=1 X10=1 Z10=1 C10=8 R10=3 S10=1 Y9=1 X9=1 Z9=1 C9=4 R9=3 S9=1 Y8=1 X8=1 Z8=1 C8=4 R8=3 S8=1 Y7=1 X7=1 Z7=1 C7=4 R7=3 S7=1 Y6=1 X6=1 Z6=1 C6=4 R6=3 S6=1 Y5=1 X5=1 Z5=1 C5=2 R5=3 S5=1 Y4=1 X4=1 Z4=1 C4=2 R4=3 S4=1 Y3=1 X3=1 Z3=1 C3=2 R3=3 S3=1 Y2=1 X2=1 Z2=1 C2=2 R2=3 S2=1 Y1=1 X1=1 Z1=1 C1=2 R1=3 S1=1 Y0=1 X0=1 Z0=1 C0=1 R0=7 S0=1] IntermediateRegister[P=1 Q=1 Z16=1 C16=1 R16=1 S16=1 Y15=1 X15=1 Z15=8 C15=1 R15=1 S15=1 Y14=1 X14=1 Z14=8 C14=1 R14=1 S14=1 Y13=1 X13=1 Z13=8 C13=1 R13=1 S13=1 Y12=1 X12=1 Z12=4 C12=1 R12=1 S12=1 Y11=1 X11=1 Z11=4 C11=1 R11=1 S11=1 Y10=1 X10=1 Z10=4 C10=1 R10=1 S10=1 Y9=1 X9=1 Z9=4 C9=1 R9=1 S9=1 Y8=1 X8=1 Z8=2 C8=1 R8=1 S8=1 Y7=1 X7=1 Z7=2 C7=1 R7=1 S7=1 Y6=1 X6=1 Z6=2 C6=1 R6=1 S6=1 Y5=1 X5=1 Z5=2 C5=1 R5=1 S5=1 Y4=1 X4=1 Z4=1 C4=1 R4=1 S4=1 Y3=1 X3=1 Z3=1 C3=1 R3=1 S3=1 Y2=1 X2=1 Z2=1 C2=1 R2=1 S2=1 Y1=1 X1=1 Z1=1 C1=1 R1=1 S1=1 Y0=1 X0=1 Z0=1 C0=1 R0=1 S0=1] OutRegister[P=1 Q=1 Z16=8 C16=1 R16=1 S16=1 Y15=1 X15=1 Z15=1 C15=1 R15=1 S15=1 Y14=1 X14=1 Z14=1 C14=1 R14=1 S14=1 Y13=1 X13=1 Z13=1 C13=1 R13=1 S13=1 Y12=1 X12=1 Z12=1 C12=1 R12=1 S12=1 Y11=1 X11=1 Z11=1 C11=1 R11=1 S11=1 Y10=1 X10=1 Z10=1 C10=1 R10=1 S10=1 Y9=1 X9=1 Z9=1 C9=1 R9=1 S9=1 Y8=1 X8=1 Z8=1 C8=1 R8=1 S8=1 Y7=1 X7=1 Z7=1 C7=1 R7=1 S7=1 Y6=1 X6=1 Z6=1 C6=1 R6=1 S6=1 Y5=1 X5=1 Z5=1 C5=1 R5=1 S5=1 Y4=1 X4=1 Z4=1 C4=1 R4=1 S4=1 Y3=1 X3=1 Z3=1 C3=1 R3=1 S3=1 Y2=1 X2=1 Z2=1 C2=1 R2=1 S2=1 Y1=1 X1=1 Z1=1 C1=1 R1=1 S1=1 Y0=1 X0=1 Z0=1 C0=1 R0=1 S0=1] Compute] 
resnet18_17layer_2026-02-21T07:04:17.498536,resnet18,17layer,full,17,eyeriss,thesis_arch,1056,524,128,128,128,1,False,True,,1.632e+05,3.042e+06,5.05e+05,"(6536433856, 2543810304)",5.138537864013415e-05,0.5692851543426514,DRAM[P=7 Q=7 Z16=1 C16=1 R16=1 S16=1 Y15=7 X15=7 Z15=1 C15=1 R15=1 S15=1 Y14=7 X14=7 Z14=1 C14=1 R14=1 S14=1 Y13=14 X13=14 Z13=1 C13=1 R13=1 S13=1 Y12=14 X12=14 Z12=1 C12=1 R12=1 S12=1 Y11=14 X11=14 Z11=1 C11=1 R11=1 S11=1 Y10=14 X10=14 Z10=1 C10=1 R10=1 S10=1 Y9=28 X9=28 Z9=1 C9=1 R9=1 S9=1 Y8=28 X8=28 Z8=1 C8=1 R8=1 S8=1 Y7=28 X7=28 Z7=1 C7=1 R7=1 S7=1 Y6=28 X6=28 Z6=1 C6=1 R6=1 S6=1 Y5=56 X5=56 Z5=1 C5=1 R5=1 S5=1 Y4=56 X4=56 Z4=1 C4=1 R4=1 S4=1 Y3=56 X3=56 Z3=1 C3=1 R3=1 S3=1 Y2=56 X2=56 Z2=1 C2=1 R2=1 S2=1 Y1=56 X1=56 Z1=1 C1=1 R1=1 S1=1 Y0=112 X0=112 Z0=1 C0=1 R0=1 S0=1] GlobalBuffer[P=1 Q=1 Z16=1 C16=1 R16=1 S16=1 Y15=1 X15=1 Z15=1 C15=1 R15=1 S15=1 Y14=1 X14=1 Z14=1 C14=1 R14=1 S14=1 Y13=1 X13=1 Z13=1 C13=1 R13=1 S13=1 Y12=1 X12=1 Z12=1 C12=1 R12=1 S12=1 Y11=1 X11=1 Z11=1 C11=1 R11=1 S11=1 Y10=1 X10=1 Z10=1 C10=1 R10=1 S10=1 Y9=1 X9=1 Z9=1 C9=1 R9=1 S9=1 Y8=1 X8=1 Z8=1 C8=1 R8=1 S8=1 Y7=1 X7=1 Z7=1 C7=1 R7=1 S7=1 Y6=1 X6=1 Z6=1 C6=1 R6=1 S6=1 Y5=1 X5=1 Z5=1 C5=1 R5=1 S5=1 Y4=1 X4=1 Z4=1 C4=1 R4=1 S4=1 Y3=1 X3=1 Z3=1 C3=1 R3=1 S3=1 Y2=1 X2=1 Z2=1 C2=1 R2=1 S2=1 Y1=1 X1=1 Z1=1 C1=1 R1=1 S1=1 Y0=1 X0=1 Z0=1 C0=1 R0=1 S0=1] SACols[Q=1 Z16=128] SARows[S16=3 C16=32 Z16=1] SACols_15[X15=1 Z15=128] SARows_15[S15=3 C15=32 Z15=1] SACols_14[X14=1 Z14=128] SARows_14[S14=3 C14=32 Z14=1] SACols_13[X13=1 Z13=128] SARows_13[S13=3 C13=32 Z13=1] SACols_12[X12=1 Z12=128] SARows_12[S12=3 C12=32 Z12=1] SACols_11[X11=1 Z11=128] SARows_11[S11=3 C11=32 Z11=1] SACols_10[X10=1 Z10=128] SARows_10[S10=3 C10=32 Z10=1] SACols_9[X9=1 Z9=128] SARows_9[S9=3 C9=32 Z9=1] SACols_8[X8=1 Z8=128] SARows_8[S8=3 C8=32 Z8=1] SACols_7[X7=1 Z7=128] SARows_7[S7=3 C7=32 Z7=1] SACols_6[X6=1 Z6=128] SARows_6[S6=3 C6=32 Z6=1] SACols_5[X5=1 Z5=128] SARows_5[S5=3 C5=32 Z5=1] SACols_4[X4=1 Z4=64] SARows_4[S4=3 C4=32 Z4=1] SACols_3[X3=1 Z3=64] SARows_3[S3=3 C3=32 Z3=1] SACols_2[X2=1 Z2=64] SARows_2[S2=3 C2=32 Z2=1] SACols_1[X1=1 Z1=64] SARows_1[S1=3 C1=32 Z1=1] SACols_0[X0=1 Z0=64] SARows_0[S0=7 C0=3 Z0=1] InRegister[P=1 Q=1 Z16=1 C16=1 R16=1 S16=1 Y15=1 X15=1 Z15=1 C15=1 R15=1 S15=1 Y14=1 X14=1 Z14=1 C14=1 R14=1 S14=1 Y13=1 X13=1 Z13=1 C13=1 R13=1 S13=1 Y12=1 X12=1 Z12=1 C12=1 R12=1 S12=1 Y11=1 X11=1 Z11=1 C11=1 R11=1 S11=1 Y10=1 X10=1 Z10=1 C10=1 R10=1 S10=1 Y9=1 X9=1 Z9=1 C9=1 R9=1 S9=1 Y8=1 X8=1 Z8=1 C8=1 R8=1 S8=1 Y7=1 X7=1 Z7=1 C7=1 R7=1 S7=1 Y6=1 X6=1 Z6=1 C6=1 R6=1 S6=1 Y5=1 X5=1 Z5=1 C5=1 R5=1 S5=1 Y4=1 X4=1 Z4=1 C4=1 R4=1 S4=1 Y3=1 X3=1 Z3=1 C3=1 R3=1 S3=1 Y2=1 X2=1 Z2=1 C2=1 R2=1 S2=1 Y1=1 X1=1 Z1=1 C1=1 R1=1 S1=1 Y0=1 X0=1 Z0=1 C0=1 R0=1 S0=1] WRegister[P=1 Q=1 Z16=1 C16=16 R16=3 S16=1 Y15=1 X15=1 Z15=1 C15=16 R15=3 S15=1 Y14=1 X14=1 Z14=1 C14=16 R14=3 S14=1 Y13=1 X13=1 Z13=1 C13=8 R13=3 S13=1 Y12=1 X12=1 Z12=1 C12=8 R12=3 S12=1 Y11=1 X11=1 Z11=1 C11=8 R11=3 S11=1 Y10=1 X10=1 Z10=1 C10=8 R10=3 S10=1 Y9=1 X9=1 Z9=1 C9=4 R9=3 S9=1 Y8=1 X8=1 Z8=1 C8=4 R8=3 S8=1 Y7=1 X7=1 Z7=1 C7=4 R7=3 S7=1 Y6=1 X6=1 Z6=1 C6=4 R6=3 S6=1 Y5=1 X5=1 Z5=1 C5=2 R5=3 S5=1 Y4=1 X4=1 Z4=1 C4=2 R4=3 S4=1 Y3=1 X3=1 Z3=1 C3=2 R3=3 S3=1 Y2=1 X2=1 Z2=1 C2=2 R2=3 S2=1 Y1=1 X1=1 Z1=1 C1=2 R1=3 S1=1 Y0=1 X0=1 Z0=1 C0=1 R0=7 S0=1] IntermediateRegister[P=1 Q=1 Z16=1 C16=1 R16=1 S16=1 Y15=1 X15=1 Z15=4 C15=1 R15=1 S15=1 Y14=1 X14=1 Z14=4 C14=1 R14=1 S14=1 Y13=1 X13=1 Z13=4 C13=1 R13=1 S13=1 Y12=1 X12=1 Z12=2 C12=1 R12=1 S12=1 Y11=1 X11=1 Z11=2 C11=1 R11=1 S11=1 Y10=1 X10=1 Z10=2 C10=1 R10=1 S10=1 Y9=1 X9=1 Z9=2 C9=1 R9=1 S9=1 Y8=1 X8=1 Z8=1 C8=1 R8=1 S8=1 Y7=1 X7=1 Z7=1 C7=1 R7=1 S7=1 Y6=1 X6=1 Z6=1 C6=1 R6=1 S6=1 Y5=1 X5=1 Z5=1 C5=1 R5=1 S5=1 Y4=1 X4=1 Z4=1 C4=1 R4=1 S4=1 Y3=1 X3=1 Z3=1 C3=1 R3=1 S3=1 Y2=1 X2=1 Z2=1 C2=1 R2=1 S2=1 Y1=1 X1=1 Z1=1 C1=1 R1=1 S1=1 Y0=1 X0=1 Z0=1 C0=1 R0=1 S0=1] OutRegister[P=1 Q=1 Z16=4 C16=1 R16=1 S16=1 Y15=1 X15=1 Z15=1 C15=1 R15=1 S15=1 Y14=1 X14=1 Z14=1 C14=1 R14=1 S14=1 Y13=1 X13=1 Z13=1 C13=1 R13=1 S13=1 Y12=1 X12=1 Z12=1 C12=1 R12=1 S12=1 Y11=1 X11=1 Z11=1 C11=1 R11=1 S11=1 Y10=1 X10=1 Z10=1 C10=1 R10=1 S10=1 Y9=1 X9=1 Z9=1 C9=1 R9=1 S9=1 Y8=1 X8=1 Z8=1 C8=1 R8=1 S8=1 Y7=1 X7=1 Z7=1 C7=1 R7=1 S7=1 Y6=1 X6=1 Z6=1 C6=1 R6=1 S6=1 Y5=1 X5=1 Z5=1 C5=1 R5=1 S5=1 Y4=1 X4=1 Z4=1 C4=1 R4=1 S4=1 Y3=1 X3=1 Z3=1 C3=1 R3=1 S3=1 Y2=1 X2=1 Z2=1 C2=1 R2=1 S2=1 Y1=1 X1=1 Z1=1 C1=1 R1=1 S1=1 Y0=1 X0=1 Z0=1 C0=1 R0=1 S0=1] Compute] 
resnet18_17layer_2026-02-21T07:04:18.498046,resnet18,17layer,full,17,eyeriss,thesis_arch,1056,524,128,256,4,1,False,False,"Ill-posed constraints:
CONSTRAINTS VIOLATION: Arch: Eyeriss_Constrained_17L_tile1_4x256 -> Level: WRegister: memory footprint: 14318 VS memory available: 4000
CONSTRAINTS VIOLATION: Arch: Eyeriss_Constrained_17L_tile1_4x256 -> Level: OutRegister: memory footprint: 128 VS memory available: 64",0.000e+00,0.000e+00,0.00e+00,0,0.0,0.0,
resnet18_17layer_2026-02-21T07:04:18.892389,resnet18,17layer,full,17,eyeriss,thesis_arch,1056,524,128,256,16,1,False,True,,1.621e+05,3.059e+06,4.98e+05,"(5522477248, 2736486144)",0.0032886642329685856,0.7766075134277344,DRAM[P=7 Q=7 Z16=1 C16=1 R16=1 S16=1 Y15=7 X15=7 Z15=1 C15=1 R15=1 S15=1 Y14=7 X14=7 Z14=1 C14=1 R14=1 S14=1 Y13=14 X13=14 Z13=1 C13=1 R13=1 S13=1 Y12=14 X12=14 Z12=1 C12=1 R12=1 S12=1 Y11=14 X11=14 Z11=1 C11=1 R11=1 S11=1 Y10=14 X10=14 Z10=1 C10=1 R10=1 S10=1 Y9=28 X9=28 Z9=1 C9=1 R9=1 S9=1 Y8=28 X8=28 Z8=1 C8=1 R8=1 S8=1 Y7=28 X7=28 Z7=1 C7=1 R7=1 S7=1 Y6=28 X6=28 Z6=1 C6=1 R6=1 S6=1 Y5=56 X5=56 Z5=1 C5=1 R5=1 S5=1 Y4=56 X4=56 Z4=1 C4=1 R4=1 S4=1 Y3=56 X3=56 Z3=1 C3=1 R3=1 S3=1 Y2=56 X2=56 Z2=1 C2=1 R2=1 S2=1 Y1=56 X1=56 Z1=1 C1=1 R1=1 S1=1 Y0=112 X0=112 Z0=1 C0=1 R0=1 S0=1] GlobalBuffer[P=1 Q=1 Z16=1 C16=1 R16=1 S16=1 Y15=1 X15=1 Z15=1 C15=1 R15=1 S15=1 Y14=1 X14=1 Z14=1 C14=1 R14=1 S14=1 Y13=1 X13=1 Z13=1 C13=1 R13=1 S13=1 Y12=1 X12=1 Z12=1 C12=1 R12=1 S12=1 Y11=1 X11=1 Z11=1 C11=1 R11=1 S11=1 Y10=1 X10=1 Z10=1 C10=1 R10=1 S10=1 Y9=1 X9=1 Z9=1 C9=1 R9=1 S9=1 Y8=1 X8=1 Z8=1 C8=1 R8=1 S8=1 Y7=1 X7=1 Z7=1 C7=1 R7=1 S7=1 Y6=1 X6=1 Z6=1 C6=1 R6=1 S6=1 Y5=1 X5=1 Z5=1 C5=1 R5=1 S5=1 Y4=1 X4=1 Z4=1 C4=1 R4=1 S4=1 Y3=1 X3=1 Z3=1 C3=1 R3=1 S3=1 Y2=1 X2=1 Z2=1 C2=1 R2=1 S2=1 Y1=1 X1=1 Z1=1 C1=1 R1=1 S1=1 Y0=1 X0=1 Z0=1 C0=1 R0=1 S0=1] SACols[Q=1 Z16=16] SARows[S16=3 C16=64 Z16=1] SACols_15[X15=1 Z15=16] SARows_15[S15=3 C15=64 Z15=1] SACols_14[X14=1 Z14=16] SARows_14[S14=3 C14=64 Z14=1] SACols_13[X13=1 Z13=16] SARows_13[S13=3 C13=64 Z13=1] SACols_12[X12=1 Z12=16] SARows_12[S12=3 C12=64 Z12=1] SACols_11[X11=1 Z11=16] SARows_11[S11=3 C11=64 Z11=1] SACols_10[X10=1 Z10=16] SARows_10[S10=3 C10=64 Z10=1] SACols_9[X9=1 Z9=16] SARows_9[S9=3 C9=64 Z9=1] SACols_8[X8=1 Z8=16] SARows_8[S8=3 C8=64 Z8=1] SACols_7[X7=1 Z7=16] SARows_7[S7=3 C7=64 Z7=1] SACols_6[X6=1 Z6=16] SARows_6[S6=3 C6=64 Z6=1] SACols_5[X5=1 Z5=16] SARows_5[S5=3 C5=64 Z5=1] SACols_4[X4=1 Z4=16] SARows_4[S4=3 C4=64 Z4=1] SACols_3[X3=1 Z3=16] SARows_3[S3=3 C3=64 Z3=1] SACols_2[X2=1 Z2=16] SARows_2[S2=3 C2=64 Z2=1] SACols_1[X1=1 Z1=16] SARows_1[S1=3 C1=64 Z1=1] SACols_0[X0=1 Z0=16] SARows_0[S0=7 C0=3 Z0=4] InRegister[P=1 Q=1 Z16=1 C16=1 R16=1 S16=1 Y15=1 X15=1 Z15=1 C15=1 R15=1 S15=1 Y14=1 X14=1 Z14=1 C14=1 R14=1 S14=1 Y13=1 X13=1 Z13=1 C13=1 R13=1 S13=1 Y12=1 X12=1 Z12=1 C12=1 R12=1 S12=1 Y11=1 X11=1 Z11=1 C11=1 R11=1 S11=1 Y10=1 X10=1 Z10=1 C10=1 R10=1 S10=1 Y9=1 X9=1 Z9=1 C9=1 R9=1 S9=1 Y8=1 X8=1 Z8=1 C8=1 R8=1 S8=1 Y7=1 X7=1 Z7=1 C7=1 R7=1 S7=1 Y6=1 X6=1 Z6=1 C6=1 R6=1 S6=1 Y5=1 X5=1 Z5=1 C5=1 R5=1 S5=1 Y4=1 X4=1 Z4=1 C4=1 R4=1 S4=1 Y3=1 X3=1 Z3=1 C3=1 R3=1 S3=1 Y2=1 X2=1 Z2=1 C2=1 R2=1 S2=1 Y1=1 X1=1 Z1=1 C1=1 R1=1 S1=1 Y0=1 X0=1 Z0=1 C0=1 R0=1 S0=1] WRegister[P=1 Q=1 Z16=1 C16=8 R16=3 S16=1 Y15=1 X15=1 Z15=1 C15=8 R15=3 S15=1 Y14=1 X14=1 Z14=1 C14=8 R14=3 S14=1 Y13=1 X13=1 Z13=1 C13=4 R13=3 S13=1 Y12=1 X12=1 Z12=1 C12=4 R12=3 S12=1 Y11=1 X11=1 Z11=1 C11=4 R11=3 S11=1 Y10=1 X10=1 Z10=1 C10=4 R10=3 S10=1 Y9=1 X9=1 Z9=1 C9=2 R9=3 S9=1 Y8=1 X8=1 Z8=1 C8=2 R8=3 S8=1 Y7=1 X7=1 Z7=1 C7=2 R7=3 S7=1 Y6=1 X6=1 Z6=1 C6=2 R6=3 S6=1 Y5=1 X5=1 Z5=1 C5=1 R5=3 S5=1 Y4=1 X4=1 Z4=1 C4=1 R4=3 S4=1 Y3=1 X3=1 Z3=1 C3=1 R3=3 S3=1 Y2=1 X2=1 Z2=1 C2=1 R2=3 S2=1 Y1=1 X1=1 Z1=1 C1=1 R1=3 S1=1 Y0=1 X0=1 Z0=1 C0=1 R0=7 S0=1] IntermediateRegister[P=1 Q=1 Z16=1 C16=1 R16=1 S16=1 Y15=1 X15=1 Z15=32 C15=1 R15=1 S15=1 Y14=1 X14=1 Z14=32 C14=1 R14=1 S14=1 Y13=1 X13=1 Z13=32 C13=1 R13=1 S13=1 Y12=1 X12=1 Z12=16 C12=1 R12=1 S12=1 Y11=1 X11=1 Z11=16 C11=1 R11=1 S11=1 Y10=1 X10=1 Z10=16 C10=1 R10=1 S10=1 Y9=1 X9=1 Z9=16 C9=1 R9=1 S9=1 Y8=1 X8=1 Z8=8 C8=1 R8=1 S8=1 Y7=1 X7=1 Z7=8 C7=1 R7=1 S7=1 Y6=1 X6=1 Z6=8 C6=1 R6=1 S6=1 Y5=1 X5=1 Z5=8 C5=1 R5=1 S5=1 Y4=1 X4=1 Z4=4 C4=1 R4=1 S4=1 Y3=1 X3=1 Z3=4 C3=1 R3=1 S3=1 Y2=1 X2=1 Z2=4 C2=1 R2=1 S2=1 Y1=1 X1=1 Z1=4 C1=1 R1=1 S1=1 Y0=1 X0=1 Z0=1 C0=1 R0=1 S0=1] OutRegister[P=1 Q=1 Z16=32 C16=1 R16=1 S16=1 Y15=1 X15=1 Z15=1 C15=1 R15=1 S15=1 Y14=1 X14=1 Z14=1 C14=1 R14=1 S14=1 Y13=1 X13=1 Z13=1 C13=1 R13=1 S13=1 Y12=1 X12=1 Z12=1 C12=1 R12=1 S12=1 Y11=1 X11=1 Z11=1 C11=1 R11=1 S11=1 Y10=1 X10=1 Z10=1 C10=1 R10=1 S10=1 Y9=1 X9=1 Z9=1 C9=1 R9=1 S9=1 Y8=1 X8=1 Z8=1 C8=1 R8=1 S8=1 Y7=1 X7=1 Z7=1 C7=1 R7=1 S7=1 Y6=1 X6=1 Z6=1 C6=1 R6=1 S6=1 Y5=1 X5=1 Z5=1 C5=1 R5=1 S5=1 Y4=1 X4=1 Z4=1 C4=1 R4=1 S4=1 Y3=1 X3=1 Z3=1 C3=1 R3=1 S3=1 Y2=1 X2=1 Z2=1 C2=1 R2=1 S2=1 Y1=1 X1=1 Z1=1 C1=1 R1=1 S1=1 Y0=1 X0=1 Z0=1 C0=1 R0=1 S0=1] Compute] 
resnet18_17layer_2026-02-21T07:04:20.258151,resnet18,17layer,full,17,eyeriss,thesis_arch,1056,524,128,256,32,1,False,True,,1.631e+05,3.042e+06,5.00e+05,"(5760913600, 2736486144)",0.0016443321164842928,0.7177019119262695,DRAM[P=7 Q=7 Z16=1 C16=1 R16=1 S16=1 Y15=7 X15=7 Z15=1 C15=1 R15=1 S15=1 Y14=7 X14=7 Z14=1 C14=1 R14=1 S14=1 Y13=14 X13=14 Z13=1 C13=1 R13=1 S13=1 Y12=14 X12=14 Z12=1 C12=1 R12=1 S12=1 Y11=14 X11=14 Z11=1 C11=1 R11=1 S11=1 Y10=14 X10=14 Z10=1 C10=1 R10=1 S10=1 Y9=28 X9=28 Z9=1 C9=1 R9=1 S9=1 Y8=28 X8=28 Z8=1 C8=1 R8=1 S8=1 Y7=28 X7=28 Z7=1 C7=1 R7=1 S7=1 Y6=28 X6=28 Z6=1 C6=1 R6=1 S6=1 Y5=56 X5=56 Z5=1 C5=1 R5=1 S5=1 Y4=56 X4=56 Z4=1 C4=1 R4=1 S4=1 Y3=56 X3=56 Z3=1 C3=1 R3=1 S3=1 Y2=56 X2=56 Z2=1 C2=1 R2=1 S2=1 Y1=56 X1=56 Z1=1 C1=1 R1=1 S1=1 Y0=112 X0=112 Z0=1 C0=1 R0=1 S0=1] GlobalBuffer[P=1 Q=1 Z16=1 C16=1 R16=1 S16=1 Y15=1 X15=1 Z15=1 C15=1 R15=1 S15=1 Y14=1 X14=1 Z14=1 C14=1 R14=1 S14=1 Y13=1 X13=1 Z13=1 C13=1 R13=1 S13=1 Y12=1 X12=1 Z12=1 C12=1 R12=1 S12=1 Y11=1 X11=1 Z11=1 C11=1 R11=1 S11=1 Y10=1 X10=1 Z10=1 C10=1 R10=1 S10=1 Y9=1 X9=1 Z9=1 C9=1 R9=1 S9=1 Y8=1 X8=1 Z8=1 C8=1 R8=1 S8=1 Y7=1 X7=1 Z7=1 C7=1 R7=1 S7=1 Y6=1 X6=1 Z6=1 C6=1 R6=1 S6=1 Y5=1 X5=1 Z5=1 C5=1 R5=1 S5=1 Y4=1 X4=1 Z4=1 C4=1 R4=1 S4=1 Y3=1 X3=1 Z3=1 C3=1 R3=1 S3=1 Y2=1 X2=1 Z2=1 C2=1 R2=1 S2=1 Y1=1 X1=1 Z1=1 C1=1 R1=1 S1=1 Y0=1 X0=1 Z0=1 C0=1 R0=1 S0=1] SACols[Q=1 Z16=32] SARows[S16=3 C16=64 Z16=1] SACols_15[X15=1 Z15=32] SARows_15[S15=3 C15=64 Z15=1] SACols_14[X14=1 Z14=32] SARows_14[S14=3 C14=64 Z14=1] SACols_13[X13=1 Z13=32] SARows_13[S13=3 C13=64 Z13=1] SACols_12[X12=1 Z12=32] SARows_12[S12=3 C12=64 Z12=1] SACols_11[X11=1 Z11=32] SARows_11[S11=3 C11=64 Z11=1] SACols_10[X10=1 Z10=32] SARows_10[S10=3 C10=64 Z10=1] SACols_9[X9=1 Z9=32] SARows_9[S9=3 C9=64 Z9=1] SACols_8[X8=1 Z8=32] SARows_8[S8=3 C8=64 Z8=1] SACols_7[X7=1 Z7=32] SARows_7[S7=3 C7=64 Z7=1] SACols_6[X6=1 Z6=32] SARows_6[S6=3 C6=64 Z6=1] SACols_5[X5=1 Z5=32] SARows_5[S5=3 C5=64 Z5=1] SACols_4[X4=1 Z4=32] SARows_4[S4=3 C4=64 Z4=1] SACols_3[X3=1 Z3=32] SARows_3[S3=3 C3=64 Z3=1] SACols_2[X2=1 Z2=32] SARows_2[S2=3 C2=64 Z2=1] SACols_1[X1=1 Z1=32] SARows_1[S1=3 C1=64 Z1=1] SACols_0[X0=1 Z0=32] SARows_0[S0=7 C0=3 Z0=2] InRegister[P=1 Q=1 Z16=1 C16=1 R16=1 S16=1 Y15=1 X15=1 Z15=1 C15=1 R15=1 S15=1 Y14=1 X14=1 Z14=1 C14=1 R14=1 S14=1 Y13=1 X13=1 Z13=1 C13=1 R13=1 S13=1 Y12=1 X12=1 Z12=1 C12=1 R12=1 S12=1 Y11=1 X11=1 Z11=1 C11=1 R11=1 S11=1 Y10=1 X10=1 Z10=1 C10=1 R10=1 S10=1 Y9=1 X9=1 Z9=1 C9=1 R9=1 S9=1 Y8=1 X8=1 Z8=1 C8=1 R8=1 S8=1 Y7=1 X7=1 Z7=1 C7=1 R7=1 S7=1 Y6=1 X6=1 Z6=1 C6=1 R6=1 S6=1 Y5=1 X5=1 Z5=1 C5=1 R5=1 S5=1 Y4=1 X4=1 Z4=1 C4=1 R4=1 S4=1 Y3=1 X3=1 Z3=1 C3=1 R3=1 S3=1 Y2=1 X2=1 Z2=1 C2=1 R2=1 S2=1 Y1=1 X1=1 Z1=1 C1=1 R1=1 S1=1 Y0=1 X0=1 Z0=1 C0=1 R0=1 S0=1] WRegister[P=1 Q=1 Z16=1 C16=8 R16=3 S16=1 Y15=1 X15=1 Z15=1 C15=8 R15=3 S15=1 Y14=1 X14=1 Z14=1 C14=8 R14=3 S14=1 Y13=1 X13=1 Z13=1 C13=4 R13=3 S13=1 Y12=1 X12=1 Z12=1 C12=4 R12=3 S12=1 Y11=1 X11=1 Z11=1 C11=4 R11=3 S11=1 Y10=1 X10=1 Z10=1 C10=4 R10=3 S10=1 Y9=1 X9=1 Z9=1 C9=2 R9=3 S9=1 Y8=1 X8=1 Z8=1 C8=2 R8=3 S8=1 Y7=1 X7=1 Z7=1 C7=2 R7=3 S7=1 Y6=1 X6=1 Z6=1 C6=2 R6=3 S6=1 Y5=1 X5=1 Z5=1 C5=1 R5=3 S5=1 Y4=1 X4=1 Z4=1 C4=1 R4=3 S4=1 Y3=1 X3=1 Z3=1 C3=1 R3=3 S3=1 Y2=1 X2=1 Z2=1 C2=1 R2=3 S2=1 Y1=1 X1=1 Z1=1 C1=1 R1=3 S1=1 Y0=1 X0=1 Z0=1 C0=1 R0=7 S0=1] IntermediateRegister[P=1 Q=1 Z16=1 C16=1 R16=1 S16=1 Y15=1 X15=1 Z15=16 C15=1 R15=1 S15=1 Y14=1 X14=1 Z14=16 C14=1 R14=1 S14=1 Y13=1 X13=1 Z13=16 C13=1 R13=1 S13=1 Y12=1 X12=1 Z12=8 C12=1 R12=1 S12=1 Y11=1 X11=1 Z11=8 C11=1 R11=1 S11=1 Y10=1 X10=1 Z10=8 C10=1 R10=1 S10=1 Y9=1 X9=1 Z9=8 C9=1 R9=1 S9=1 Y8=1 X8=1 Z8=4 C8=1 R8=1 S8=1 Y7=1 X7=1 Z7=4 C7=1 R7=1 S7=1 Y6=1 X6=1 Z6=4 C6=1 R6=1 S6=1 Y5=1 X5=1 Z5=4 C5=1 R5=1 S5=1 Y4=1 X4=1 Z4=2 C4=1 R4=1 S4=1 Y3=1 X3=1 Z3=2 C3=1 R3=1 S3=1 Y2=1 X2=1 Z2=2 C2=1 R2=1 S2=1 Y1=1 X1=1 Z1=2 C1=1 R1=1 S1=1 Y0=1 X0=1 Z0=1 C0=1 R0=1 S0=1] OutRegister[P=1 Q=1 Z16=16 C16=1 R16=1 S16=1 Y15=1 X15=1 Z15=1 C15=1 R15=1 S15=1 Y14=1 X14=1 Z14=1 C14=1 R14=1 S14=1 Y13=1 X13=1 Z13=1 C13=1 R13=1 S13=1 Y12=1 X12=1 Z12=1 C12=1 R12=1 S12=1 Y11=1 X11=1 Z11=1 C11=1 R11=1 S11=1 Y10=1 X10=1 Z10=1 C10=1 R10=1 S10=1 Y9=1 X9=1 Z9=1 C9=1 R9=1 S9=1 Y8=1 X8=1 Z8=1 C8=1 R8=1 S8=1 Y7=1 X7=1 Z7=1 C7=1 R7=1 S7=1 Y6=1 X6=1 Z6=1 C6=1 R6=1 S6=1 Y5=1 X5=1 Z5=1 C5=1 R5=1 S5=1 Y4=1 X4=1 Z4=1 C4=1 R4=1 S4=1 Y3=1 X3=1 Z3=1 C3=1 R3=1 S3=1 Y2=1 X2=1 Z2=1 C2=1 R2=1 S2=1 Y1=1 X1=1 Z1=1 C1=1 R1=1 S1=1 Y0=1 X0=1 Z0=1 C0=1 R0=1 S0=1] Compute] 
resnet18_17layer_2026-02-21T07:04:21.713199,resnet18,17layer,full,17,eyeriss,thesis_arch,1056,524,128,256,64,1,False,True,,1.653e+05,3.042e+06,5.09e+05,"(6237786304, 2736486144)",0.0008221660582421464,0.47265028953552246,DRAM[P=7 Q=7 Z16=1 C16=1 R16=1 S16=1 Y15=7 X15=7 Z15=1 C15=1 R15=1 S15=1 Y14=7 X14=7 Z14=1 C14=1 R14=1 S14=1 Y13=14 X13=14 Z13=1 C13=1 R13=1 S13=1 Y12=14 X12=14 Z12=1 C12=1 R12=1 S12=1 Y11=14 X11=14 Z11=1 C11=1 R11=1 S11=1 Y10=14 X10=14 Z10=1 C10=1 R10=1 S10=1 Y9=28 X9=28 Z9=1 C9=1 R9=1 S9=1 Y8=28 X8=28 Z8=1 C8=1 R8=1 S8=1 Y7=28 X7=28 Z7=1 C7=1 R7=1 S7=1 Y6=28 X6=28 Z6=1 C6=1 R6=1 S6=1 Y5=56 X5=56 Z5=1 C5=1 R5=1 S5=1 Y4=56 X4=56 Z4=1 C4=1 R4=1 S4=1 Y3=56 X3=56 Z3=1 C3=1 R3=1 S3=1 Y2=56 X2=56 Z2=1 C2=1 R2=1 S2=1 Y1=56 X1=56 Z1=1 C1=1 R1=1 S1=1 Y0=112 X0=112 Z0=1 C0=1 R0=1 S0=1] GlobalBuffer[P=1 Q=1 Z16=1 C16=1 R16=1 S16=1 Y15=1 X15=1 Z15=1 C15=1 R15=1 S15=1 Y14=1 X14=1 Z14=1 C14=1 R14=1 S14=1 Y13=1 X13=1 Z13=1 C13=1 R13=1 S13=1 Y12=1 X12=1 Z12=1 C12=1 R12=1 S12=1 Y11=1 X11=1 Z11=1 C11=1 R11=1 S11=1 Y10=1 X10=1 Z10=1 C10=1 R10=1 S10=1 Y9=1 X9=1 Z9=1 C9=1 R9=1 S9=1 Y8=1 X8=1 Z8=1 C8=1 R8=1 S8=1 Y7=1 X7=1 Z7=1 C7=1 R7=1 S7=1 Y6=1 X6=1 Z6=1 C6=1 R6=1 S6=1 Y5=1 X5=1 Z5=1 C5=1 R5=1 S5=1 Y4=1 X4=1 Z4=1 C4=1 R4=1 S4=1 Y3=1 X3=1 Z3=1 C3=1 R3=1 S3=1 Y2=1 X2=1 Z2=1 C2=1 R2=1 S2=1 Y1=1 X1=1 Z1=1 C1=1 R1=1 S1=1 Y0=1 X0=1 Z0=1 C0=1 R0=1 S0=1] SACols[Q=1 Z16=64] SARows[S16=3 C16=64 Z16=1] SACols_15[X15=1 Z15=64] SARows_15[S15=3 C15=64 Z15=1] SACols_14[X14=1 Z14=64] SARows_14[S14=3 C14=64 Z14=1] SACols_13[X13=1 Z13=64] SARows_13[S13=3 C13=64 Z13=1] SACols_12[X12=1 Z12=64] SARows_12[S12=3 C12=64 Z12=1] SACols_11[X11=1 Z11=64] SARows_11[S11=3 C11=64 Z11=1] SACols_10[X10=1 Z10=64] SARows_10[S10=3 C10=64 Z10=1] SACols_9[X9=1 Z9=64] SARows_9[S9=3 C9=64 Z9=1] SACols_8[X8=1 Z8=64] SARows_8[S8=3 C8=64 Z8=1] SACols_7[X7=1 Z7=64] SARows_7[S7=3 C7=64 Z7=1] SACols_6[X6=1 Z6=64] SARows_6[S6=3 C6=64 Z6=1] SACols_5[X5=1 Z5=64] SARows_5[S5=3 C5=64 Z5=1] SACols_4[X4=1 Z4=64] SARows_4[S4=3 C4=64 Z4=1] SACols_3[X3=1 Z3=64] SARows_3[S3=3 C3=64 Z3=1] SACols_2[X2=1 Z2=64] SARows_2[S2=3 C2=64 Z2=1] SACols_1[X1=1 Z1=64] SARows_1[S1=3 C1=64 Z1=1] SACols_0[X0=1 Z0=64] SARows_0[S0=7 C0=3 Z0=1] InRegister[P=1 Q=1 Z16=1 C16=1 R16=1 S16=1 Y15=1 X15=1 Z15=1 C15=1 R15=1 S15=1 Y14=1 X14=1 Z14=1 C14=1 R14=1 S14=1 Y13=1 X13=1 Z13=1 C13=1 R13=1 S13=1 Y12=1 X12=1 Z12=1 C12=1 R12=1 S12=1 Y11=1 X11=1 Z11=1 C11=1 R11=1 S11=1 Y10=1 X10=1 Z10=1 C10=1 R10=1 S10=1 Y9=1 X9=1 Z9=1 C9=1 R9=1 S9=1 Y8=1 X8=1 Z8=1 C8=1 R8=1 S8=1 Y7=1 X7=1 Z7=1 C7=1 R7=1 S7=1 Y6=1 X6=1 Z6=1 C6=1 R6=1 S6=1 Y5=1 X5=1 Z5=1 C5=1 R5=1 S5=1 Y4=1 X4=1 Z4=1 C4=1 R4=1 S4=1 Y3=1 X3=1 Z3=1 C3=1 R3=1 S3=1 Y2=1 X2=1 Z2=1 C2=1 R2=1 S2=1 Y1=1 X1=1 Z1=1 C1=1 R1=1 S1=1 Y0=1 X0=1 Z0=1 C0=1 R0=1 S0=1] WRegister[P=1 Q=1 Z16=1 C16=8 R16=3 S16=1 Y15=1 X15=1 Z15=1 C15=8 R15=3 S15=1 Y14=1 X14=1 Z14=1 C14=8 R14=3 S14=1 Y13=1 X13=1 Z13=1 C13=4 R13=3 S13=1 Y12=1 X12=1 Z12=1 C12=4 R12=3 S12=1 Y11=1 X11=1 Z11=1 C11=4 R11=3 S11=1 Y10=1 X10=1 Z10=1 C10=4 R10=3 S10=1 Y9=1 X9=1 Z9=1 C9=2 R9=3 S9=1 Y8=1 X8=1 Z8=1 C8=2 R8=3 S8=1 Y7=1 X7=1 Z7=1 C7=2 R7=3 S7=1 Y6=1 X6=1 Z6=1 C6=2 R6=3 S6=1 Y5=1 X5=1 Z5=1 C5=1 R5=3 S5=1 Y4=1 X4=1 Z4=1 C4=1 R4=3 S4=1 Y3=1 X3=1 Z3=1 C3=1 R3=3 S3=1 Y2=1 X2=1 Z2=1 C2=1 R2=3 S2=1 Y1=1 X1=1 Z1=1 C1=1 R1=3 S1=1 Y0=1 X0=1 Z0=1 C0=1 R0=7 S0=1] IntermediateRegister[P=1 Q=1 Z16=1 C16=1 R16=1 S16=1 Y15=1 X15=1 Z15=8 C15=1 R15=1 S15=1 Y14=1 X14=1 Z14=8 C14=1 R14=1 S14=1 Y13=1 X13=1 Z13=8 C13=1 R13=1 S13=1 Y12=1 X12=1 Z12=4 C12=1 R12=1 S12=1 Y11=1 X11=1 Z11=4 C11=1 R11=1 S11=1 Y10=1 X10=1 Z10=4 C10=1 R10=1 S10=1 Y9=1 X9=1 Z9=4 C9=1 R9=1 S9=1 Y8=1 X8=1 Z8=2 C8=1 R8=1 S8=1 Y7=1 X7=1 Z7=2 C7=1 R7=1 S7=1 Y6=1 X6=1 Z6=2 C6=1 R6=1 S6=1 Y5=1 X5=1 Z5=2 C5=1 R5=1 S5=1 Y4=1 X4=1 Z4=1 C4=1 R4=1 S4=1 Y3=1 X3=1 Z3=1 C3=1 R3=1 S3=1 Y2=1 X2=1 Z2=1 C2=1 R2=1 S2=1 Y1=1 X1=1 Z1=1 C1=1 R1=1 S1=1 Y0=1 X0=1 Z0=1 C0=1 R0=1 S0=1] OutRegister[P=1 Q=1 Z16=8 C16=1 R16=1 S16=1 Y15=1 X15=1 Z15=1 C15=1 R15=1 S15=1 Y14=1 X14=1 Z14=1 C14=1 R14=1 S14=1 Y13=1 X13=1 Z13=1 C13=1 R13=1 S13=1 Y12=1 X12=1 Z12=1 C12=1 R12=1 S12=1 Y11=1 X11=1 Z11=1 C11=1 R11=1 S11=1 Y10=1 X10=1 Z10=1 C10=1 R10=1 S10=1 Y9=1 X9=1 Z9=1 C9=1 R9=1 S9=1 Y8=1 X8=1 Z8=1 C8=1 R8=1 S8=1 Y7=1 X7=1 Z7=1 C7=1 R7=1 S7=1 Y6=1 X6=1 Z6=1 C6=1 R6=1 S6=1 Y5=1 X5=1 Z5=1 C5=1 R5=1 S5=1 Y4=1 X4=1 Z4=1 C4=1 R4=1 S4=1 Y3=1 X3=1 Z3=1 C3=1 R3=1 S3=1 Y2=1 X2=1 Z2=1 C2=1 R2=1 S2=1 Y1=1 X1=1 Z1=1 C1=1 R1=1 S1=1 Y0=1 X0=1 Z0=1 C0=1 R0=1 S0=1] Compute] 
resnet18_17layer_2026-02-21T07:04:22.700331,resnet18,17layer,full,17,eyeriss,thesis_arch,1056,524,128,512,4,1,False,False,"Ill-posed constraints:
CONSTRAINTS VIOLATION: Arch: Eyeriss_Constrained_17L_tile1_4x512 -> Level: WRegister: memory footprint: 7159 VS memory available: 4000
CONSTRAINTS VIOLATION: Arch: Eyeriss_Constrained_17L_tile1_4x512 -> Level: OutRegister: memory footprint: 128 VS memory available: 64",0.000e+00,0.000e+00,0.00e+00,0,0.0,0.0,
resnet18_17layer_2026-02-21T07:04:23.382171,resnet18,17layer,full,17,eyeriss,thesis_arch,1056,524,128,512,16,1,False,True,,1.661e+05,3.042e+06,5.09e+05,"(5821124800, 2890626816)",0.0016443321164842928,0.6611452102661133,DRAM[P=7 Q=7 Z16=1 C16=1 R16=1 S16=1 Y15=7 X15=7 Z15=1 C15=1 R15=1 S15=1 Y14=7 X14=7 Z14=1 C14=1 R14=1 S14=1 Y13=14 X13=14 Z13=1 C13=1 R13=1 S13=1 Y12=14 X12=14 Z12=1 C12=1 R12=1 S12=1 Y11=14 X11=14 Z11=1 C11=1 R11=1 S11=1 Y10=14 X10=14 Z10=1 C10=1 R10=1 S10=1 Y9=28 X9=28 Z9=1 C9=1 R9=1 S9=1 Y8=28 X8=28 Z8=1 C8=1 R8=1 S8=1 Y7=28 X7=28 Z7=1 C7=1 R7=1 S7=1 Y6=28 X6=28 Z6=1 C6=1 R6=1 S6=1 Y5=56 X5=56 Z5=1 C5=1 R5=1 S5=1 Y4=56 X4=56 Z4=1 C4=1 R4=1 S4=1 Y3=56 X3=56 Z3=1 C3=1 R3=1 S3=1 Y2=56 X2=56 Z2=1 C2=1 R2=1 S2=1 Y1=56 X1=56 Z1=1 C1=1 R1=1 S1=1 Y0=112 X0=112 Z0=1 C0=1 R0=1 S0=1] GlobalBuffer[P=1 Q=1 Z16=1 C16=1 R16=1 S16=1 Y15=1 X15=1 Z15=1 C15=1 R15=1 S15=1 Y14=1 X14=1 Z14=1 C14=1 R14=1 S14=1 Y13=1 X13=1 Z13=1 C13=1 R13=1 S13=1 Y12=1 X12=1 Z12=1 C12=1 R12=1 S12=1 Y11=1 X11=1 Z11=1 C11=1 R11=1 S11=1 Y10=1 X10=1 Z10=1 C10=1 R10=1 S10=1 Y9=1 X9=1 Z9=1 C9=1 R9=1 S9=1 Y8=1 X8=1 Z8=1 C8=1 R8=1 S8=1 Y7=1 X7=1 Z7=1 C7=1 R7=1 S7=1 Y6=1 X6=1 Z6=1 C6=1 R6=1 S6=1 Y5=1 X5=1 Z5=1 C5=1 R5=1 S5=1 Y4=1 X4=1 Z4=1 C4=1 R4=1 S4=1 Y3=1 X3=1 Z3=1 C3=1 R3=1 S3=1 Y2=1 X2=1 Z2=1 C2=1 R2=1 S2=1 Y1=1 X1=1 Z1=1 C1=1 R1=1 S1=1 Y0=1 X0=1 Z0=1 C0=1 R0=1 S0=1] SACols[Q=1 Z16=16] SARows[S16=3 C16=128 Z16=1] SACols_15[X15=1 Z15=16] SARows_15[S15=3 C15=128 Z15=1] SACols_14[X14=1 Z14=16] SARows_14[S14=3 C14=128 Z14=1] SACols_13[X13=1 Z13=16] SARows_13[S13=3 C13=128 Z13=1] SACols_12[X12=1 Z12=16] SARows_12[S12=3 C12=128 Z12=1] SACols_11[X11=1 Z11=16] SARows_11[S11=3 C11=128 Z11=1] SACols_10[X10=1 Z10=16] SARows_10[S10=3 C10=128 Z10=1] SACols_9[X9=1 Z9=16] SARows_9[S9=3 C9=128 Z9=1] SACols_8[X8=1 Z8=16] SARows_8[S8=3 C8=128 Z8=1] SACols_7[X7=1 Z7=16] SARows_7[S7=3 C7=128 Z7=1] SACols_6[X6=1 Z6=16] SARows_6[S6=3 C6=128 Z6=1] SACols_5[X5=1 Z5=16] SARows_5[S5=3 C5=64 Z5=2] SACols_4[X4=1 Z4=16] SARows_4[S4=3 C4=64 Z4=2] SACols_3[X3=1 Z3=16] SARows_3[S3=3 C3=64 Z3=2] SACols_2[X2=1 Z2=16] SARows_2[S2=3 C2=64 Z2=2] SACols_1[X1=1 Z1=16] SARows_1[S1=3 C1=64 Z1=2] SACols_0[X0=1 Z0=16] SARows_0[S0=7 C0=3 Z0=4] InRegister[P=1 Q=1 Z16=1 C16=1 R16=1 S16=1 Y15=1 X15=1 Z15=1 C15=1 R15=1 S15=1 Y14=1 X14=1 Z14=1 C14=1 R14=1 S14=1 Y13=1 X13=1 Z13=1 C13=1 R13=1 S13=1 Y12=1 X12=1 Z12=1 C12=1 R12=1 S12=1 Y11=1 X11=1 Z11=1 C11=1 R11=1 S11=1 Y10=1 X10=1 Z10=1 C10=1 R10=1 S10=1 Y9=1 X9=1 Z9=1 C9=1 R9=1 S9=1 Y8=1 X8=1 Z8=1 C8=1 R8=1 S8=1 Y7=1 X7=1 Z7=1 C7=1 R7=1 S7=1 Y6=1 X6=1 Z6=1 C6=1 R6=1 S6=1 Y5=1 X5=1 Z5=1 C5=1 R5=1 S5=1 Y4=1 X4=1 Z4=1 C4=1 R4=1 S4=1 Y3=1 X3=1 Z3=1 C3=1 R3=1 S3=1 Y2=1 X2=1 Z2=1 C2=1 R2=1 S2=1 Y1=1 X1=1 Z1=1 C1=1 R1=1 S1=1 Y0=1 X0=1 Z0=1 C0=1 R0=1 S0=1] WRegister[P=1 Q=1 Z16=1 C16=4 R16=3 S16=1 Y15=1 X15=1 Z15=1 C15=4 R15=3 S15=1 Y14=1 X14=1 Z14=1 C14=4 R14=3 S14=1 Y13=1 X13=1 Z13=1 C13=2 R13=3 S13=1 Y12=1 X12=1 Z12=1 C12=2 R12=3 S12=1 Y11=1 X11=1 Z11=1 C11=2 R11=3 S11=1 Y10=1 X10=1 Z10=1 C10=2 R10=3 S10=1 Y9=1 X9=1 Z9=1 C9=1 R9=3 S9=1 Y8=1 X8=1 Z8=1 C8=1 R8=3 S8=1 Y7=1 X7=1 Z7=1 C7=1 R7=3 S7=1 Y6=1 X6=1 Z6=1 C6=1 R6=3 S6=1 Y5=1 X5=1 Z5=1 C5=1 R5=3 S5=1 Y4=1 X4=1 Z4=1 C4=1 R4=3 S4=1 Y3=1 X3=1 Z3=1 C3=1 R3=3 S3=1 Y2=1 X2=1 Z2=1 C2=1 R2=3 S2=1 Y1=1 X1=1 Z1=1 C1=1 R1=3 S1=1 Y0=1 X0=1 Z0=1 C0=1 R0=7 S0=1] IntermediateRegister[P=1 Q=1 Z16=1 C16=1 R16=1 S16=1 Y15=1 X15=1 Z15=32 C15=1 R15=1 S15=1 Y14=1 X14=1 Z14=32 C14=1 R14=1 S14=1 Y13=1 X13=1 Z13=32 C13=1 R13=1 S13=1 Y12=1 X12=1 Z12=16 C12=1 R12=1 S12=1 Y11=1 X11=1 Z11=16 C11=1 R11=1 S11=1 Y10=1 X10=1 Z10=16 C10=1 R10=1 S10=1 Y9=1 X9=1 Z9=16 C9=1 R9=1 S9=1 Y8=1 X8=1 Z8=8 C8=1 R8=1 S8=1 Y7=1 X7=1 Z7=8 C7=1 R7=1 S7=1 Y6=1 X6=1 Z6=8 C6=1 R6=1 S6=1 Y5=1 X5=1 Z5=4 C5=1 R5=1 S5=1 Y4=1 X4=1 Z4=2 C4=1 R4=1 S4=1 Y3=1 X3=1 Z3=2 C3=1 R3=1 S3=1 Y2=1 X2=1 Z2=2 C2=1 R2=1 S2=1 Y1=1 X1=1 Z1=2 C1=1 R1=1 S1=1 Y0=1 X0=1 Z0=1 C0=1 R0=1 S0=1] OutRegister[P=1 Q=1 Z16=32 C16=1 R16=1 S16=1 Y15=1 X15=1 Z15=1 C15=1 R15=1 S15=1 Y14=1 X14=1 Z14=1 C14=1 R14=1 S14=1 Y13=1 X13=1 Z13=1 C13=1 R13=1 S13=1 Y12=1 X12=1 Z12=1 C12=1 R12=1 S12=1 Y11=1 X11=1 Z11=1 C11=1 R11=1 S11=1 Y10=1 X10=1 Z10=1 C10=1 R10=1 S10=1 Y9=1 X9=1 Z9=1 C9=1 R9=1 S9=1 Y8=1 X8=1 Z8=1 C8=1 R8=1 S8=1 Y7=1 X7=1 Z7=1 C7=1 R7=1 S7=1 Y6=1 X6=1 Z6=1 C6=1 R6=1 S6=1 Y5=1 X5=1 Z5=1 C5=1 R5=1 S5=1 Y4=1 X4=1 Z4=1 C4=1 R4=1 S4=1 Y3=1 X3=1 Z3=1 C3=1 R3=1 S3=1 Y2=1 X2=1 Z2=1 C2=1 R2=1 S2=1 Y1=1 X1=1 Z1=1 C1=1 R1=1 S1=1 Y0=1 X0=1 Z0=1 C0=1 R0=1 S0=1] Compute] 
resnet18_17layer_2026-02-21T07:04:24.854719,resnet18,17layer,full,17,eyeriss,thesis_arch,1056,524,128,512,32,1,False,True,,1.678e+05,3.042e+06,5.16e+05,"(6204068032, 2890626816)",0.0008221660582421464,0.8624207973480225,DRAM[P=7 Q=7 Z16=1 C16=1 R16=1 S16=1 Y15=7 X15=7 Z15=1 C15=1 R15=1 S15=1 Y14=7 X14=7 Z14=1 C14=1 R14=1 S14=1 Y13=14 X13=14 Z13=1 C13=1 R13=1 S13=1 Y12=14 X12=14 Z12=1 C12=1 R12=1 S12=1 Y11=14 X11=14 Z11=1 C11=1 R11=1 S11=1 Y10=14 X10=14 Z10=1 C10=1 R10=1 S10=1 Y9=28 X9=28 Z9=1 C9=1 R9=1 S9=1 Y8=28 X8=28 Z8=1 C8=1 R8=1 S8=1 Y7=28 X7=28 Z7=1 C7=1 R7=1 S7=1 Y6=28 X6=28 Z6=1 C6=1 R6=1 S6=1 Y5=56 X5=56 Z5=1 C5=1 R5=1 S5=1 Y4=56 X4=56 Z4=1 C4=1 R4=1 S4=1 Y3=56 X3=56 Z3=1 C3=1 R3=1 S3=1 Y2=56 X2=56 Z2=1 C2=1 R2=1 S2=1 Y1=56 X1=56 Z1=1 C1=1 R1=1 S1=1 Y0=112 X0=112 Z0=1 C0=1 R0=1 S0=1] GlobalBuffer[P=1 Q=1 Z16=1 C16=1 R16=1 S16=1 Y15=1 X15=1 Z15=1 C15=1 R15=1 S15=1 Y14=1 X14=1 Z14=1 C14=1 R14=1 S14=1 Y13=1 X13=1 Z13=1 C13=1 R13=1 S13=1 Y12=1 X12=1 Z12=1 C12=1 R12=1 S12=1 Y11=1 X11=1 Z11=1 C11=1 R11=1 S11=1 Y10=1 X10=1 Z10=1 C10=1 R10=1 S10=1 Y9=1 X9=1 Z9=1 C9=1 R9=1 S9=1 Y8=1 X8=1 Z8=1 C8=1 R8=1 S8=1 Y7=1 X7=1 Z7=1 C7=1 R7=1 S7=1 Y6=1 X6=1 Z6=1 C6=1 R6=1 S6=1 Y5=1 X5=1 Z5=1 C5=1 R5=1 S5=1 Y4=1 X4=1 Z4=1 C4=1 R4=1 S4=1 Y3=1 X3=1 Z3=1 C3=1 R3=1 S3=1 Y2=1 X2=1 Z2=1 C2=1 R2=1 S2=1 Y1=1 X1=1 Z1=1 C1=1 R1=1 S1=1 Y0=1 X0=1 Z0=1 C0=1 R0=1 S0=1] SACols[Q=1 Z16=32] SARows[S16=3 C16=128 Z16=1] SACols_15[X15=1 Z15=32] SARows_15[S15=3 C15=128 Z15=1] SACols_14[X14=1 Z14=32] SARows_14[S14=3 C14=128 Z14=1] SACols_13[X13=1 Z13=32] SARows_13[S13=3 C13=128 Z13=1] SACols_12[X12=1 Z12=32] SARows_12[S12=3 C12=128 Z12=1] SACols_11[X11=1 Z11=32] SARows_11[S11=3 C11=128 Z11=1] SACols_10[X10=1 Z10=32] SARows_10[S10=3 C10=128 Z10=1] SACols_9[X9=1 Z9=32] SARows_9[S9=3 C9=128 Z9=1] SACols_8[X8=1 Z8=32] SARows_8[S8=3 C8=128 Z8=1] SACols_7[X7=1 Z7=32] SARows_7[S7=3 C7=128 Z7=1] SACols_6[X6=1 Z6=32] SARows_6[S6=3 C6=128 Z6=1] SACols_5[X5=1 Z5=32] SARows_5[S5=3 C5=64 Z5=2] SACols_4[X4=1 Z4=32] SARows_4[S4=3 C4=64 Z4=2] SACols_3[X3=1 Z3=32] SARows_3[S3=3 C3=64 Z3=2] SACols_2[X2=1 Z2=32] SARows_2[S2=3 C2=64 Z2=2] SACols_1[X1=1 Z1=32] SARows_1[S1=3 C1=64 Z1=2] SACols_0[X0=1 Z0=32] SARows_0[S0=7 C0=3 Z0=2] InRegister[P=1 Q=1 Z16=1 C16=1 R16=1 S16=1 Y15=1 X15=1 Z15=1 C15=1 R15=1 S15=1 Y14=1 X14=1 Z14=1 C14=1 R14=1 S14=1 Y13=1 X13=1 Z13=1 C13=1 R13=1 S13=1 Y12=1 X12=1 Z12=1 C12=1 R12=1 S12=1 Y11=1 X11=1 Z11=1 C11=1 R11=1 S11=1 Y10=1 X10=1 Z10=1 C10=1 R10=1 S10=1 Y9=1 X9=1 Z9=1 C9=1 R9=1 S9=1 Y8=1 X8=1 Z8=1 C8=1 R8=1 S8=1 Y7=1 X7=1 Z7=1 C7=1 R7=1 S7=1 Y6=1 X6=1 Z6=1 C6=1 R6=1 S6=1 Y5=1 X5=1 Z5=1 C5=1 R5=1 S5=1 Y4=1 X4=1 Z4=1 C4=1 R4=1 S4=1 Y3=1 X3=1 Z3=1 C3=1 R3=1 S3=1 Y2=1 X2=1 Z2=1 C2=1 R2=1 S2=1 Y1=1 X1=1 Z1=1 C1=1 R1=1 S1=1 Y0=1 X0=1 Z0=1 C0=1 R0=1 S0=1] WRegister[P=1 Q=1 Z16=1 C16=4 R16=3 S16=1 Y15=1 X15=1 Z15=1 C15=4 R15=3 S15=1 Y14=1 X14=1 Z14=1 C14=4 R14=3 S14=1 Y13=1 X13=1 Z13=1 C13=2 R13=3 S13=1 Y12=1 X12=1 Z12=1 C12=2 R12=3 S12=1 Y11=1 X11=1 Z11=1 C11=2 R11=3 S11=1 Y10=1 X10=1 Z10=1 C10=2 R10=3 S10=1 Y9=1 X9=1 Z9=1 C9=1 R9=3 S9=1 Y8=1 X8=1 Z8=1 C8=1 R8=3 S8=1 Y7=1 X7=1 Z7=1 C7=1 R7=3 S7=1 Y6=1 X6=1 Z6=1 C6=1 R6=3 S6=1 Y5=1 X5=1 Z5=1 C5=1 R5=3 S5=1 Y4=1 X4=1 Z4=1 C4=1 R4=3 S4=1 Y3=1 X3=1 Z3=1 C3=1 R3=3 S3=1 Y2=1 X2=1 Z2=1 C2=1 R2=3 S2=1 Y1=1 X1=1 Z1=1 C1=1 R1=3 S1=1 Y0=1 X0=1 Z0=1 C0=1 R0=7 S0=1] IntermediateRegister[P=1 Q=1 Z16=1 C16=1 R16=1 S16=1 Y15=1 X15=1 Z15=16 C15=1 R15=1 S15=1 Y14=1 X14=1 Z14=16 C14=1 R14=1 S14=1 Y13=1 X13=1 Z13=16 C13=1 R13=1 S13=1 Y12=1 X12=1 Z12=8 C12=1 R12=1 S12=1 Y11=1 X11=1 Z11=8 C11=1 R11=1 S11=1 Y10=1 X10=1 Z10=8 C10=1 R10=1 S10=1 Y9=1 X9=1 Z9=8 C9=1 R9=1 S9=1 Y8=1 X8=1 Z8=4 C8=1 R8=1 S8=1 Y7=1 X7=1 Z7=4 C7=1 R7=1 S7=1 Y6=1 X6=1 Z6=4 C6=1 R6=1 S6=1 Y5=1 X5=1 Z5=2 C5=1 R5=1 S5=1 Y4=1 X4=1 Z4=1 C4=1 R4=1 S4=1 Y3=1 X3=1 Z3=1 C3=1 R3=1 S3=1 Y2=1 X2=1 Z2=1 C2=1 R2=1 S2=1 Y1=1 X1=1 Z1=1 C1=1 R1=1 S1=1 Y0=1 X0=1 Z0=1 C0=1 R0=1 S0=1] OutRegister[P=1 Q=1 Z16=16 C16=1 R16=1 S16=1 Y15=1 X15=1 Z15=1 C15=1 R15=1 S15=1 Y14=1 X14=1 Z14=1 C14=1 R14=1 S14=1 Y13=1 X13=1 Z13=1 C13=1 R13=1 S13=1 Y12=1 X12=1 Z12=1 C12=1 R12=1 S12=1 Y11=1 X11=1 Z11=1 C11=1 R11=1 S11=1 Y10=1 X10=1 Z10=1 C10=1 R10=1 S10=1 Y9=1 X9=1 Z9=1 C9=1 R9=1 S9=1 Y8=1 X8=1 Z8=1 C8=1 R8=1 S8=1 Y7=1 X7=1 Z7=1 C7=1 R7=1 S7=1 Y6=1 X6=1 Z6=1 C6=1 R6=1 S6=1 Y5=1 X5=1 Z5=1 C5=1 R5=1 S5=1 Y4=1 X4=1 Z4=1 C4=1 R4=1 S4=1 Y3=1 X3=1 Z3=1 C3=1 R3=1 S3=1 Y2=1 X2=1 Z2=1 C2=1 R2=1 S2=1 Y1=1 X1=1 Z1=1 C1=1 R1=1 S1=1 Y0=1 X0=1 Z0=1 C0=1 R0=1 S0=1] Compute] 
