experiment_id,workload_name,workload_variant,fusion_level,num_fused_layers,arch_type,arch_name,fmem_size_kB,wmem_size_kB,gb_size_kB,pe_rows,pe_cols,tile_size,scale_bandwidth,success,error_message,energy_uJ,latency_cycles,edp,mops,utilization,mapping_time_s,mapping
mccnn_4layer_2026-02-25T17:18:05.002266,mccnn,4layer,full,4,eyeriss,thesis_arch,1056,524,128,4,4,69,False,False,"Ill-posed constraints:
CONSTRAINTS VIOLATION: Arch: Eyeriss_Constrained_4L_tile69_4x4 -> Level: InRegister: memory footprint: 294 VS memory available: 34
CONSTRAINTS VIOLATION: Arch: Eyeriss_Constrained_4L_tile69_4x4 -> Level: WRegister: memory footprint: 2328 VS memory available: 100",0.000e+00,0.000e+00,0.00e+00,0,0.0,0.0,
mccnn_4layer_2026-02-25T17:18:05.751271,mccnn,4layer,full,4,eyeriss,thesis_arch,1056,524,128,4,16,69,False,False,"Ill-posed constraints:
CONSTRAINTS VIOLATION: Arch: Eyeriss_Constrained_4L_tile69_16x4 -> Level: InRegister: memory footprint: 294 VS memory available: 34
CONSTRAINTS VIOLATION: Arch: Eyeriss_Constrained_4L_tile69_16x4 -> Level: WRegister: memory footprint: 582 VS memory available: 100",0.000e+00,0.000e+00,0.00e+00,0,0.0,0.0,
mccnn_4layer_2026-02-25T17:18:06.012761,mccnn,4layer,full,4,eyeriss,thesis_arch,1056,524,128,4,32,69,False,False,"Ill-posed constraints:
CONSTRAINTS VIOLATION: Arch: Eyeriss_Constrained_4L_tile69_32x4 -> Level: InRegister: memory footprint: 294 VS memory available: 34
CONSTRAINTS VIOLATION: Arch: Eyeriss_Constrained_4L_tile69_32x4 -> Level: WRegister: memory footprint: 291 VS memory available: 100",0.000e+00,0.000e+00,0.00e+00,0,0.0,0.0,
mccnn_4layer_2026-02-25T17:18:06.322085,mccnn,4layer,full,4,eyeriss,thesis_arch,1056,524,128,4,64,69,False,False,"Ill-posed constraints:
CONSTRAINTS VIOLATION: Arch: Eyeriss_Constrained_4L_tile69_64x4 -> Level: InRegister: memory footprint: 294 VS memory available: 34
CONSTRAINTS VIOLATION: Arch: Eyeriss_Constrained_4L_tile69_64x4 -> Level: WRegister: memory footprint: 291 VS memory available: 100",0.000e+00,0.000e+00,0.00e+00,0,0.0,0.0,
mccnn_4layer_2026-02-25T17:18:06.577002,mccnn,4layer,full,4,eyeriss,thesis_arch,1056,524,128,4,128,69,False,False,"Ill-posed constraints:
CONSTRAINTS VIOLATION: Arch: Eyeriss_Constrained_4L_tile69_128x4 -> Level: InRegister: memory footprint: 294 VS memory available: 34
CONSTRAINTS VIOLATION: Arch: Eyeriss_Constrained_4L_tile69_128x4 -> Level: WRegister: memory footprint: 291 VS memory available: 100",0.000e+00,0.000e+00,0.00e+00,0,0.0,0.0,
mccnn_4layer_2026-02-25T17:18:06.819036,mccnn,4layer,full,4,eyeriss,thesis_arch,1056,524,128,4,256,69,False,False,"Ill-posed constraints:
CONSTRAINTS VIOLATION: Arch: Eyeriss_Constrained_4L_tile69_256x4 -> Level: InRegister: memory footprint: 294 VS memory available: 34
CONSTRAINTS VIOLATION: Arch: Eyeriss_Constrained_4L_tile69_256x4 -> Level: WRegister: memory footprint: 291 VS memory available: 100",0.000e+00,0.000e+00,0.00e+00,0,0.0,0.0,
mccnn_4layer_2026-02-25T17:18:07.232269,mccnn,4layer,full,4,eyeriss,thesis_arch,1056,524,128,4,512,69,False,False,"Ill-posed constraints:
CONSTRAINTS VIOLATION: Arch: Eyeriss_Constrained_4L_tile69_512x4 -> Level: InRegister: memory footprint: 294 VS memory available: 34
CONSTRAINTS VIOLATION: Arch: Eyeriss_Constrained_4L_tile69_512x4 -> Level: WRegister: memory footprint: 291 VS memory available: 100",0.000e+00,0.000e+00,0.00e+00,0,0.0,0.0,
mccnn_4layer_2026-02-25T17:18:07.664158,mccnn,4layer,full,4,eyeriss,thesis_arch,1056,524,128,16,4,69,False,False,"Ill-posed constraints:
CONSTRAINTS VIOLATION: Arch: Eyeriss_Constrained_4L_tile69_4x16 -> Level: InRegister: memory footprint: 78 VS memory available: 34
CONSTRAINTS VIOLATION: Arch: Eyeriss_Constrained_4L_tile69_4x16 -> Level: WRegister: memory footprint: 582 VS memory available: 100",0.000e+00,0.000e+00,0.00e+00,0,0.0,0.0,
mccnn_4layer_2026-02-25T17:18:08.010831,mccnn,4layer,full,4,eyeriss,thesis_arch,1056,524,128,16,16,69,False,False,"Ill-posed constraints:
CONSTRAINTS VIOLATION: Arch: Eyeriss_Constrained_4L_tile69_16x16 -> Level: InRegister: memory footprint: 78 VS memory available: 34
CONSTRAINTS VIOLATION: Arch: Eyeriss_Constrained_4L_tile69_16x16 -> Level: WRegister: memory footprint: 147 VS memory available: 100",0.000e+00,0.000e+00,0.00e+00,0,0.0,0.0,
mccnn_4layer_2026-02-25T17:18:08.365783,mccnn,4layer,full,4,eyeriss,thesis_arch,1056,524,128,16,32,69,False,False,"Ill-posed constraints:
CONSTRAINTS VIOLATION: Arch: Eyeriss_Constrained_4L_tile69_32x16 -> Level: InRegister: memory footprint: 78 VS memory available: 34",0.000e+00,0.000e+00,0.00e+00,0,0.0,0.0,
mccnn_4layer_2026-02-25T17:18:08.746761,mccnn,4layer,full,4,eyeriss,thesis_arch,1056,524,128,16,64,69,False,False,"Ill-posed constraints:
CONSTRAINTS VIOLATION: Arch: Eyeriss_Constrained_4L_tile69_64x16 -> Level: InRegister: memory footprint: 78 VS memory available: 34",0.000e+00,0.000e+00,0.00e+00,0,0.0,0.0,
mccnn_4layer_2026-02-25T17:18:09.015590,mccnn,4layer,full,4,eyeriss,thesis_arch,1056,524,128,16,128,69,False,False,"Ill-posed constraints:
CONSTRAINTS VIOLATION: Arch: Eyeriss_Constrained_4L_tile69_128x16 -> Level: InRegister: memory footprint: 78 VS memory available: 34",0.000e+00,0.000e+00,0.00e+00,0,0.0,0.0,
mccnn_4layer_2026-02-25T17:18:09.282806,mccnn,4layer,full,4,eyeriss,thesis_arch,1056,524,128,16,256,69,False,False,"Ill-posed constraints:
CONSTRAINTS VIOLATION: Arch: Eyeriss_Constrained_4L_tile69_256x16 -> Level: InRegister: memory footprint: 78 VS memory available: 34",0.000e+00,0.000e+00,0.00e+00,0,0.0,0.0,
mccnn_4layer_2026-02-25T17:18:09.593977,mccnn,4layer,full,4,eyeriss,thesis_arch,1056,524,128,16,512,69,False,False,"Ill-posed constraints:
CONSTRAINTS VIOLATION: Arch: Eyeriss_Constrained_4L_tile69_512x16 -> Level: InRegister: memory footprint: 78 VS memory available: 34",0.000e+00,0.000e+00,0.00e+00,0,0.0,0.0,
mccnn_4layer_2026-02-25T17:18:09.899407,mccnn,4layer,full,4,eyeriss,thesis_arch,1056,524,128,32,4,69,False,False,"Ill-posed constraints:
CONSTRAINTS VIOLATION: Arch: Eyeriss_Constrained_4L_tile69_4x32 -> Level: InRegister: memory footprint: 42 VS memory available: 34
CONSTRAINTS VIOLATION: Arch: Eyeriss_Constrained_4L_tile69_4x32 -> Level: WRegister: memory footprint: 291 VS memory available: 100",0.000e+00,0.000e+00,0.00e+00,0,0.0,0.0,
mccnn_4layer_2026-02-25T17:18:10.254325,mccnn,4layer,full,4,eyeriss,thesis_arch,1056,524,128,32,16,69,False,False,"Ill-posed constraints:
CONSTRAINTS VIOLATION: Arch: Eyeriss_Constrained_4L_tile69_16x32 -> Level: InRegister: memory footprint: 42 VS memory available: 34",0.000e+00,0.000e+00,0.00e+00,0,0.0,0.0,
mccnn_4layer_2026-02-25T17:18:10.488710,mccnn,4layer,full,4,eyeriss,thesis_arch,1056,524,128,32,32,69,False,False,"Ill-posed constraints:
CONSTRAINTS VIOLATION: Arch: Eyeriss_Constrained_4L_tile69_32x32 -> Level: InRegister: memory footprint: 42 VS memory available: 34",0.000e+00,0.000e+00,0.00e+00,0,0.0,0.0,
mccnn_4layer_2026-02-25T17:18:10.801535,mccnn,4layer,full,4,eyeriss,thesis_arch,1056,524,128,32,64,69,False,False,"Ill-posed constraints:
CONSTRAINTS VIOLATION: Arch: Eyeriss_Constrained_4L_tile69_64x32 -> Level: InRegister: memory footprint: 42 VS memory available: 34",0.000e+00,0.000e+00,0.00e+00,0,0.0,0.0,
mccnn_4layer_2026-02-25T17:18:11.150874,mccnn,4layer,full,4,eyeriss,thesis_arch,1056,524,128,32,128,69,False,False,"Ill-posed constraints:
CONSTRAINTS VIOLATION: Arch: Eyeriss_Constrained_4L_tile69_128x32 -> Level: InRegister: memory footprint: 42 VS memory available: 34",0.000e+00,0.000e+00,0.00e+00,0,0.0,0.0,
mccnn_4layer_2026-02-25T17:18:11.482290,mccnn,4layer,full,4,eyeriss,thesis_arch,1056,524,128,32,256,69,False,False,"Ill-posed constraints:
CONSTRAINTS VIOLATION: Arch: Eyeriss_Constrained_4L_tile69_256x32 -> Level: InRegister: memory footprint: 42 VS memory available: 34",0.000e+00,0.000e+00,0.00e+00,0,0.0,0.0,
mccnn_4layer_2026-02-25T17:18:11.747483,mccnn,4layer,full,4,eyeriss,thesis_arch,1056,524,128,32,512,69,False,False,"Ill-posed constraints:
CONSTRAINTS VIOLATION: Arch: Eyeriss_Constrained_4L_tile69_512x32 -> Level: InRegister: memory footprint: 42 VS memory available: 34",0.000e+00,0.000e+00,0.00e+00,0,0.0,0.0,
mccnn_4layer_2026-02-25T17:18:11.987753,mccnn,4layer,full,4,eyeriss,thesis_arch,1056,524,128,64,4,69,False,False,"Ill-posed constraints:
CONSTRAINTS VIOLATION: Arch: Eyeriss_Constrained_4L_tile69_4x64 -> Level: WRegister: memory footprint: 147 VS memory available: 100",0.000e+00,0.000e+00,0.00e+00,0,0.0,0.0,
mccnn_4layer_2026-02-25T17:18:12.256736,mccnn,4layer,full,4,eyeriss,thesis_arch,1056,524,128,64,16,69,False,True,,2.405e+04,1.821e+07,4.52e+05,"(36509462496, 14645336112)",0.03955078125,0.07047247886657715,DRAM[P=376 Q=18 Z3=1 C3=1 R3=1 S3=1 Y2=376 X2=18 Z2=1 C2=1 R2=1 S2=1 Y1=376 X1=18 Z1=1 C1=1 R1=1 S1=1 Y0=376 X0=18 Z0=1 C0=1 R0=1 S0=1] GlobalBuffer[P=1 Q=69 Z3=1 C3=1 R3=1 S3=1 Y2=1 X2=69 Z2=1 C2=1 R2=1 S2=1 Y1=1 X1=69 Z1=1 C1=1 R1=1 S1=1 Y0=1 X0=69 Z0=1 C0=1 R0=1 S0=1] SACols[Q=1 Z3=16] SARows[S3=3 C3=16 Z3=1] SACols_2[X2=1 Z2=16] SARows_2[S2=3 C2=16 Z2=1] SACols_1[X1=1 Z1=16] SARows_1[S1=3 C1=16 Z1=1] SACols_0[X0=1 Z0=16] SARows_0[S0=3 C0=1 Z0=2] InRegister[P=1 Q=1 Z3=1 C3=1 R3=1 S3=1 Y2=1 X2=1 Z2=1 C2=1 R2=1 S2=1 Y1=1 X1=1 Z1=1 C1=1 R1=1 S1=1 Y0=1 X0=1 Z0=1 C0=1 R0=1 S0=1] WRegister[P=1 Q=1 Z3=1 C3=2 R3=3 S3=1 Y2=1 X2=1 Z2=1 C2=2 R2=3 S2=1 Y1=1 X1=1 Z1=1 C1=2 R1=3 S1=1 Y0=1 X0=1 Z0=1 C0=1 R0=3 S0=1] IntermediateRegister[P=1 Q=1 Z3=1 C3=1 R3=1 S3=1 Y2=1 X2=1 Z2=2 C2=1 R2=1 S2=1 Y1=1 X1=1 Z1=2 C1=1 R1=1 S1=1 Y0=1 X0=1 Z0=1 C0=1 R0=1 S0=1] OutRegister[P=1 Q=1 Z3=2 C3=1 R3=1 S3=1 Y2=1 X2=1 Z2=1 C2=1 R2=1 S2=1 Y1=1 X1=1 Z1=1 C1=1 R1=1 S1=1 Y0=1 X0=1 Z0=1 C0=1 R0=1 S0=1] Compute] 
mccnn_4layer_2026-02-25T17:18:12.586030,mccnn,4layer,full,4,eyeriss,thesis_arch,1056,524,128,64,32,69,False,True,,2.559e+04,1.261e+07,3.42e+05,"(40813260768, 14645336112)",0.019775390625,0.1997694969177246,DRAM[P=376 Q=18 Z3=1 C3=1 R3=1 S3=1 Y2=376 X2=18 Z2=1 C2=1 R2=1 S2=1 Y1=376 X1=18 Z1=1 C1=1 R1=1 S1=1 Y0=376 X0=18 Z0=1 C0=1 R0=1 S0=1] GlobalBuffer[P=1 Q=69 Z3=1 C3=1 R3=1 S3=1 Y2=1 X2=69 Z2=1 C2=1 R2=1 S2=1 Y1=1 X1=69 Z1=1 C1=1 R1=1 S1=1 Y0=1 X0=69 Z0=1 C0=1 R0=1 S0=1] SACols[Q=1 Z3=32] SARows[S3=3 C3=16 Z3=1] SACols_2[X2=1 Z2=32] SARows_2[S2=3 C2=16 Z2=1] SACols_1[X1=1 Z1=32] SARows_1[S1=3 C1=16 Z1=1] SACols_0[X0=1 Z0=32] SARows_0[S0=3 C0=1 Z0=1] InRegister[P=1 Q=1 Z3=1 C3=1 R3=1 S3=1 Y2=1 X2=1 Z2=1 C2=1 R2=1 S2=1 Y1=1 X1=1 Z1=1 C1=1 R1=1 S1=1 Y0=1 X0=1 Z0=1 C0=1 R0=1 S0=1] WRegister[P=1 Q=1 Z3=1 C3=2 R3=3 S3=1 Y2=1 X2=1 Z2=1 C2=2 R2=3 S2=1 Y1=1 X1=1 Z1=1 C1=2 R1=3 S1=1 Y0=1 X0=1 Z0=1 C0=1 R0=3 S0=1] IntermediateRegister[P=1 Q=1 Z3=1 C3=1 R3=1 S3=1 Y2=1 X2=1 Z2=1 C2=1 R2=1 S2=1 Y1=1 X1=1 Z1=1 C1=1 R1=1 S1=1 Y0=1 X0=1 Z0=1 C0=1 R0=1 S0=1] OutRegister[P=1 Q=1 Z3=1 C3=1 R3=1 S3=1 Y2=1 X2=1 Z2=1 C2=1 R2=1 S2=1 Y1=1 X1=1 Z1=1 C1=1 R1=1 S1=1 Y0=1 X0=1 Z0=1 C0=1 R0=1 S0=1] Compute] 
mccnn_4layer_2026-02-25T17:18:13.181731,mccnn,4layer,full,4,eyeriss,thesis_arch,1056,524,128,64,64,69,False,True,,2.559e+04,1.261e+07,3.42e+05,"(40813260768, 14645336112)",0.0012359619140625,0.09919261932373047,DRAM[P=376 Q=18 Z3=1 C3=1 R3=1 S3=1 Y2=376 X2=18 Z2=1 C2=1 R2=1 S2=1 Y1=376 X1=18 Z1=1 C1=1 R1=1 S1=1 Y0=376 X0=18 Z0=1 C0=1 R0=1 S0=1] GlobalBuffer[P=1 Q=69 Z3=1 C3=1 R3=1 S3=1 Y2=1 X2=69 Z2=1 C2=1 R2=1 S2=1 Y1=1 X1=69 Z1=1 C1=1 R1=1 S1=1 Y0=1 X0=69 Z0=1 C0=1 R0=1 S0=1] SACols[Q=1 Z3=32] SARows[S3=3 C3=16 Z3=1] SACols_2[X2=1 Z2=32] SARows_2[S2=3 C2=16 Z2=1] SACols_1[X1=1 Z1=32] SARows_1[S1=3 C1=16 Z1=1] SACols_0[X0=1 Z0=32] SARows_0[S0=3 C0=1 Z0=1] InRegister[P=1 Q=1 Z3=1 C3=1 R3=1 S3=1 Y2=1 X2=1 Z2=1 C2=1 R2=1 S2=1 Y1=1 X1=1 Z1=1 C1=1 R1=1 S1=1 Y0=1 X0=1 Z0=1 C0=1 R0=1 S0=1] WRegister[P=1 Q=1 Z3=1 C3=2 R3=3 S3=1 Y2=1 X2=1 Z2=1 C2=2 R2=3 S2=1 Y1=1 X1=1 Z1=1 C1=2 R1=3 S1=1 Y0=1 X0=1 Z0=1 C0=1 R0=3 S0=1] IntermediateRegister[P=1 Q=1 Z3=1 C3=1 R3=1 S3=1 Y2=1 X2=1 Z2=1 C2=1 R2=1 S2=1 Y1=1 X1=1 Z1=1 C1=1 R1=1 S1=1 Y0=1 X0=1 Z0=1 C0=1 R0=1 S0=1] OutRegister[P=1 Q=1 Z3=1 C3=1 R3=1 S3=1 Y2=1 X2=1 Z2=1 C2=1 R2=1 S2=1 Y1=1 X1=1 Z1=1 C1=1 R1=1 S1=1 Y0=1 X0=1 Z0=1 C0=1 R0=1 S0=1] Compute] 
mccnn_4layer_2026-02-25T17:18:13.647964,mccnn,4layer,full,4,eyeriss,thesis_arch,1056,524,128,64,128,69,False,True,,2.559e+04,1.223e+07,3.32e+05,"(40813260768, 14645336112)",0.006257057189941406,0.07735490798950195,DRAM[P=376 Q=18 Z3=1 C3=1 R3=1 S3=1 Y2=376 X2=18 Z2=1 C2=1 R2=1 S2=1 Y1=376 X1=18 Z1=1 C1=1 R1=1 S1=1 Y0=376 X0=18 Z0=1 C0=1 R0=1 S0=1] GlobalBuffer[P=1 Q=23 Z3=1 C3=1 R3=1 S3=1 Y2=1 X2=23 Z2=1 C2=1 R2=1 S2=1 Y1=1 X1=23 Z1=1 C1=1 R1=1 S1=1 Y0=1 X0=23 Z0=1 C0=1 R0=1 S0=1] SACols[Q=3 Z3=32] SARows[S3=3 C3=16 Z3=1] SACols_2[X2=3 Z2=32] SARows_2[S2=3 C2=16 Z2=1] SACols_1[X1=3 Z1=32] SARows_1[S1=3 C1=16 Z1=1] SACols_0[X0=3 Z0=32] SARows_0[S0=3 C0=1 Z0=1] InRegister[P=1 Q=1 Z3=1 C3=1 R3=1 S3=1 Y2=1 X2=1 Z2=1 C2=1 R2=1 S2=1 Y1=1 X1=1 Z1=1 C1=1 R1=1 S1=1 Y0=1 X0=1 Z0=1 C0=1 R0=1 S0=1] WRegister[P=1 Q=1 Z3=1 C3=2 R3=3 S3=1 Y2=1 X2=1 Z2=1 C2=2 R2=3 S2=1 Y1=1 X1=1 Z1=1 C1=2 R1=3 S1=1 Y0=1 X0=1 Z0=1 C0=1 R0=3 S0=1] IntermediateRegister[P=1 Q=1 Z3=1 C3=1 R3=1 S3=1 Y2=1 X2=1 Z2=1 C2=1 R2=1 S2=1 Y1=1 X1=1 Z1=1 C1=1 R1=1 S1=1 Y0=1 X0=1 Z0=1 C0=1 R0=1 S0=1] OutRegister[P=1 Q=1 Z3=1 C3=1 R3=1 S3=1 Y2=1 X2=1 Z2=1 C2=1 R2=1 S2=1 Y1=1 X1=1 Z1=1 C1=1 R1=1 S1=1 Y0=1 X0=1 Z0=1 C0=1 R0=1 S0=1] Compute] 
mccnn_4layer_2026-02-25T17:18:14.065464,mccnn,4layer,full,4,eyeriss,thesis_arch,1056,524,128,64,256,69,False,True,,2.559e+04,1.223e+07,3.32e+05,"(40813260768, 14645336112)",0.0003910660743713379,0.05939149856567383,DRAM[P=376 Q=18 Z3=1 C3=1 R3=1 S3=1 Y2=376 X2=18 Z2=1 C2=1 R2=1 S2=1 Y1=376 X1=18 Z1=1 C1=1 R1=1 S1=1 Y0=376 X0=18 Z0=1 C0=1 R0=1 S0=1] GlobalBuffer[P=1 Q=23 Z3=1 C3=1 R3=1 S3=1 Y2=1 X2=23 Z2=1 C2=1 R2=1 S2=1 Y1=1 X1=23 Z1=1 C1=1 R1=1 S1=1 Y0=1 X0=23 Z0=1 C0=1 R0=1 S0=1] SACols[Q=3 Z3=32] SARows[S3=3 C3=16 Z3=1] SACols_2[X2=3 Z2=32] SARows_2[S2=3 C2=16 Z2=1] SACols_1[X1=3 Z1=32] SARows_1[S1=3 C1=16 Z1=1] SACols_0[X0=3 Z0=32] SARows_0[S0=3 C0=1 Z0=1] InRegister[P=1 Q=1 Z3=1 C3=1 R3=1 S3=1 Y2=1 X2=1 Z2=1 C2=1 R2=1 S2=1 Y1=1 X1=1 Z1=1 C1=1 R1=1 S1=1 Y0=1 X0=1 Z0=1 C0=1 R0=1 S0=1] WRegister[P=1 Q=1 Z3=1 C3=2 R3=3 S3=1 Y2=1 X2=1 Z2=1 C2=2 R2=3 S2=1 Y1=1 X1=1 Z1=1 C1=2 R1=3 S1=1 Y0=1 X0=1 Z0=1 C0=1 R0=3 S0=1] IntermediateRegister[P=1 Q=1 Z3=1 C3=1 R3=1 S3=1 Y2=1 X2=1 Z2=1 C2=1 R2=1 S2=1 Y1=1 X1=1 Z1=1 C1=1 R1=1 S1=1 Y0=1 X0=1 Z0=1 C0=1 R0=1 S0=1] OutRegister[P=1 Q=1 Z3=1 C3=1 R3=1 S3=1 Y2=1 X2=1 Z2=1 C2=1 R2=1 S2=1 Y1=1 X1=1 Z1=1 C1=1 R1=1 S1=1 Y0=1 X0=1 Z0=1 C0=1 R0=1 S0=1] Compute] 
mccnn_4layer_2026-02-25T17:18:14.488366,mccnn,4layer,full,4,eyeriss,thesis_arch,1056,524,128,128,4,69,False,True,,2.393e+04,3.502e+07,8.45e+05,"(34716213216, 16079935536)",0.0791015625,0.051512956619262695,DRAM[P=376 Q=18 Z3=1 C3=1 R3=1 S3=1 Y2=376 X2=18 Z2=1 C2=1 R2=1 S2=1 Y1=376 X1=18 Z1=1 C1=1 R1=1 S1=1 Y0=376 X0=18 Z0=1 C0=1 R0=1 S0=1] GlobalBuffer[P=1 Q=69 Z3=1 C3=1 R3=1 S3=1 Y2=1 X2=69 Z2=1 C2=1 R2=1 S2=1 Y1=1 X1=69 Z1=1 C1=1 R1=1 S1=1 Y0=1 X0=69 Z0=1 C0=1 R0=1 S0=1] SACols[Q=1 Z3=4] SARows[S3=3 C3=32 Z3=1] SACols_2[X2=1 Z2=4] SARows_2[S2=3 C2=32 Z2=1] SACols_1[X1=1 Z1=4] SARows_1[S1=3 C1=32 Z1=1] SACols_0[X0=1 Z0=4] SARows_0[S0=3 C0=1 Z0=8] InRegister[P=1 Q=1 Z3=1 C3=1 R3=1 S3=1 Y2=1 X2=1 Z2=1 C2=1 R2=1 S2=1 Y1=1 X1=1 Z1=1 C1=1 R1=1 S1=1 Y0=1 X0=1 Z0=1 C0=1 R0=1 S0=1] WRegister[P=1 Q=1 Z3=1 C3=1 R3=3 S3=1 Y2=1 X2=1 Z2=1 C2=1 R2=3 S2=1 Y1=1 X1=1 Z1=1 C1=1 R1=3 S1=1 Y0=1 X0=1 Z0=1 C0=1 R0=3 S0=1] IntermediateRegister[P=1 Q=1 Z3=1 C3=1 R3=1 S3=1 Y2=1 X2=1 Z2=8 C2=1 R2=1 S2=1 Y1=1 X1=1 Z1=8 C1=1 R1=1 S1=1 Y0=1 X0=1 Z0=1 C0=1 R0=1 S0=1] OutRegister[P=1 Q=1 Z3=8 C3=1 R3=1 S3=1 Y2=1 X2=1 Z2=1 C2=1 R2=1 S2=1 Y1=1 X1=1 Z1=1 C1=1 R1=1 S1=1 Y0=1 X0=1 Z0=1 C0=1 R0=1 S0=1] Compute] 
mccnn_4layer_2026-02-25T17:18:14.786290,mccnn,4layer,full,4,eyeriss,thesis_arch,1056,524,128,128,16,69,False,True,,2.508e+04,1.261e+07,3.26e+05,"(37944061920, 16079935536)",0.019775390625,0.05249357223510742,DRAM[P=376 Q=18 Z3=1 C3=1 R3=1 S3=1 Y2=376 X2=18 Z2=1 C2=1 R2=1 S2=1 Y1=376 X1=18 Z1=1 C1=1 R1=1 S1=1 Y0=376 X0=18 Z0=1 C0=1 R0=1 S0=1] GlobalBuffer[P=1 Q=69 Z3=1 C3=1 R3=1 S3=1 Y2=1 X2=69 Z2=1 C2=1 R2=1 S2=1 Y1=1 X1=69 Z1=1 C1=1 R1=1 S1=1 Y0=1 X0=69 Z0=1 C0=1 R0=1 S0=1] SACols[Q=1 Z3=16] SARows[S3=3 C3=32 Z3=1] SACols_2[X2=1 Z2=16] SARows_2[S2=3 C2=32 Z2=1] SACols_1[X1=1 Z1=16] SARows_1[S1=3 C1=32 Z1=1] SACols_0[X0=1 Z0=16] SARows_0[S0=3 C0=1 Z0=2] InRegister[P=1 Q=1 Z3=1 C3=1 R3=1 S3=1 Y2=1 X2=1 Z2=1 C2=1 R2=1 S2=1 Y1=1 X1=1 Z1=1 C1=1 R1=1 S1=1 Y0=1 X0=1 Z0=1 C0=1 R0=1 S0=1] WRegister[P=1 Q=1 Z3=1 C3=1 R3=3 S3=1 Y2=1 X2=1 Z2=1 C2=1 R2=3 S2=1 Y1=1 X1=1 Z1=1 C1=1 R1=3 S1=1 Y0=1 X0=1 Z0=1 C0=1 R0=3 S0=1] IntermediateRegister[P=1 Q=1 Z3=1 C3=1 R3=1 S3=1 Y2=1 X2=1 Z2=2 C2=1 R2=1 S2=1 Y1=1 X1=1 Z1=2 C1=1 R1=1 S1=1 Y0=1 X0=1 Z0=1 C0=1 R0=1 S0=1] OutRegister[P=1 Q=1 Z3=2 C3=1 R3=1 S3=1 Y2=1 X2=1 Z2=1 C2=1 R2=1 S2=1 Y1=1 X1=1 Z1=1 C1=1 R1=1 S1=1 Y0=1 X0=1 Z0=1 C0=1 R0=1 S0=1] Compute] 
mccnn_4layer_2026-02-25T17:18:15.133907,mccnn,4layer,full,4,eyeriss,thesis_arch,1056,524,128,128,32,69,False,True,,2.662e+04,1.261e+07,3.55e+05,"(42247860192, 16079935536)",0.0098876953125,0.06235980987548828,DRAM[P=376 Q=18 Z3=1 C3=1 R3=1 S3=1 Y2=376 X2=18 Z2=1 C2=1 R2=1 S2=1 Y1=376 X1=18 Z1=1 C1=1 R1=1 S1=1 Y0=376 X0=18 Z0=1 C0=1 R0=1 S0=1] GlobalBuffer[P=1 Q=69 Z3=1 C3=1 R3=1 S3=1 Y2=1 X2=69 Z2=1 C2=1 R2=1 S2=1 Y1=1 X1=69 Z1=1 C1=1 R1=1 S1=1 Y0=1 X0=69 Z0=1 C0=1 R0=1 S0=1] SACols[Q=1 Z3=32] SARows[S3=3 C3=32 Z3=1] SACols_2[X2=1 Z2=32] SARows_2[S2=3 C2=32 Z2=1] SACols_1[X1=1 Z1=32] SARows_1[S1=3 C1=32 Z1=1] SACols_0[X0=1 Z0=32] SARows_0[S0=3 C0=1 Z0=1] InRegister[P=1 Q=1 Z3=1 C3=1 R3=1 S3=1 Y2=1 X2=1 Z2=1 C2=1 R2=1 S2=1 Y1=1 X1=1 Z1=1 C1=1 R1=1 S1=1 Y0=1 X0=1 Z0=1 C0=1 R0=1 S0=1] WRegister[P=1 Q=1 Z3=1 C3=1 R3=3 S3=1 Y2=1 X2=1 Z2=1 C2=1 R2=3 S2=1 Y1=1 X1=1 Z1=1 C1=1 R1=3 S1=1 Y0=1 X0=1 Z0=1 C0=1 R0=3 S0=1] IntermediateRegister[P=1 Q=1 Z3=1 C3=1 R3=1 S3=1 Y2=1 X2=1 Z2=1 C2=1 R2=1 S2=1 Y1=1 X1=1 Z1=1 C1=1 R1=1 S1=1 Y0=1 X0=1 Z0=1 C0=1 R0=1 S0=1] OutRegister[P=1 Q=1 Z3=1 C3=1 R3=1 S3=1 Y2=1 X2=1 Z2=1 C2=1 R2=1 S2=1 Y1=1 X1=1 Z1=1 C1=1 R1=1 S1=1 Y0=1 X0=1 Z0=1 C0=1 R0=1 S0=1] Compute] 
mccnn_4layer_2026-02-25T17:18:15.540658,mccnn,4layer,full,4,eyeriss,thesis_arch,1056,524,128,128,64,69,False,True,,2.662e+04,1.261e+07,3.55e+05,"(42247860192, 16079935536)",0.00061798095703125,0.06409072875976562,DRAM[P=376 Q=18 Z3=1 C3=1 R3=1 S3=1 Y2=376 X2=18 Z2=1 C2=1 R2=1 S2=1 Y1=376 X1=18 Z1=1 C1=1 R1=1 S1=1 Y0=376 X0=18 Z0=1 C0=1 R0=1 S0=1] GlobalBuffer[P=1 Q=69 Z3=1 C3=1 R3=1 S3=1 Y2=1 X2=69 Z2=1 C2=1 R2=1 S2=1 Y1=1 X1=69 Z1=1 C1=1 R1=1 S1=1 Y0=1 X0=69 Z0=1 C0=1 R0=1 S0=1] SACols[Q=1 Z3=32] SARows[S3=3 C3=32 Z3=1] SACols_2[X2=1 Z2=32] SARows_2[S2=3 C2=32 Z2=1] SACols_1[X1=1 Z1=32] SARows_1[S1=3 C1=32 Z1=1] SACols_0[X0=1 Z0=32] SARows_0[S0=3 C0=1 Z0=1] InRegister[P=1 Q=1 Z3=1 C3=1 R3=1 S3=1 Y2=1 X2=1 Z2=1 C2=1 R2=1 S2=1 Y1=1 X1=1 Z1=1 C1=1 R1=1 S1=1 Y0=1 X0=1 Z0=1 C0=1 R0=1 S0=1] WRegister[P=1 Q=1 Z3=1 C3=1 R3=3 S3=1 Y2=1 X2=1 Z2=1 C2=1 R2=3 S2=1 Y1=1 X1=1 Z1=1 C1=1 R1=3 S1=1 Y0=1 X0=1 Z0=1 C0=1 R0=3 S0=1] IntermediateRegister[P=1 Q=1 Z3=1 C3=1 R3=1 S3=1 Y2=1 X2=1 Z2=1 C2=1 R2=1 S2=1 Y1=1 X1=1 Z1=1 C1=1 R1=1 S1=1 Y0=1 X0=1 Z0=1 C0=1 R0=1 S0=1] OutRegister[P=1 Q=1 Z3=1 C3=1 R3=1 S3=1 Y2=1 X2=1 Z2=1 C2=1 R2=1 S2=1 Y1=1 X1=1 Z1=1 C1=1 R1=1 S1=1 Y0=1 X0=1 Z0=1 C0=1 R0=1 S0=1] Compute] 
mccnn_4layer_2026-02-25T17:18:15.850637,mccnn,4layer,full,4,eyeriss,thesis_arch,1056,524,128,128,128,69,False,True,,2.662e+04,1.223e+07,3.44e+05,"(42247860192, 16079935536)",0.003128528594970703,0.06228351593017578,DRAM[P=376 Q=18 Z3=1 C3=1 R3=1 S3=1 Y2=376 X2=18 Z2=1 C2=1 R2=1 S2=1 Y1=376 X1=18 Z1=1 C1=1 R1=1 S1=1 Y0=376 X0=18 Z0=1 C0=1 R0=1 S0=1] GlobalBuffer[P=1 Q=23 Z3=1 C3=1 R3=1 S3=1 Y2=1 X2=23 Z2=1 C2=1 R2=1 S2=1 Y1=1 X1=23 Z1=1 C1=1 R1=1 S1=1 Y0=1 X0=23 Z0=1 C0=1 R0=1 S0=1] SACols[Q=3 Z3=32] SARows[S3=3 C3=32 Z3=1] SACols_2[X2=3 Z2=32] SARows_2[S2=3 C2=32 Z2=1] SACols_1[X1=3 Z1=32] SARows_1[S1=3 C1=32 Z1=1] SACols_0[X0=3 Z0=32] SARows_0[S0=3 C0=1 Z0=1] InRegister[P=1 Q=1 Z3=1 C3=1 R3=1 S3=1 Y2=1 X2=1 Z2=1 C2=1 R2=1 S2=1 Y1=1 X1=1 Z1=1 C1=1 R1=1 S1=1 Y0=1 X0=1 Z0=1 C0=1 R0=1 S0=1] WRegister[P=1 Q=1 Z3=1 C3=1 R3=3 S3=1 Y2=1 X2=1 Z2=1 C2=1 R2=3 S2=1 Y1=1 X1=1 Z1=1 C1=1 R1=3 S1=1 Y0=1 X0=1 Z0=1 C0=1 R0=3 S0=1] IntermediateRegister[P=1 Q=1 Z3=1 C3=1 R3=1 S3=1 Y2=1 X2=1 Z2=1 C2=1 R2=1 S2=1 Y1=1 X1=1 Z1=1 C1=1 R1=1 S1=1 Y0=1 X0=1 Z0=1 C0=1 R0=1 S0=1] OutRegister[P=1 Q=1 Z3=1 C3=1 R3=1 S3=1 Y2=1 X2=1 Z2=1 C2=1 R2=1 S2=1 Y1=1 X1=1 Z1=1 C1=1 R1=1 S1=1 Y0=1 X0=1 Z0=1 C0=1 R0=1 S0=1] Compute] 
mccnn_4layer_2026-02-25T17:18:16.265331,mccnn,4layer,full,4,eyeriss,thesis_arch,1056,524,128,256,4,69,False,True,,2.431e+04,1.821e+07,4.50e+05,"(35792162784, 16079935536)",0.03955078125,0.09426164627075195,DRAM[P=376 Q=18 Z3=1 C3=1 R3=1 S3=1 Y2=376 X2=18 Z2=1 C2=1 R2=1 S2=1 Y1=376 X1=18 Z1=1 C1=1 R1=1 S1=1 Y0=376 X0=18 Z0=1 C0=1 R0=1 S0=1] GlobalBuffer[P=1 Q=69 Z3=1 C3=1 R3=1 S3=1 Y2=1 X2=69 Z2=1 C2=1 R2=1 S2=1 Y1=1 X1=69 Z1=1 C1=1 R1=1 S1=1 Y0=1 X0=69 Z0=1 C0=1 R0=1 S0=1] SACols[Q=1 Z3=4] SARows[S3=3 C3=32 Z3=2] SACols_2[X2=1 Z2=4] SARows_2[S2=3 C2=32 Z2=2] SACols_1[X1=1 Z1=4] SARows_1[S1=3 C1=32 Z1=2] SACols_0[X0=1 Z0=4] SARows_0[S0=3 C0=1 Z0=8] InRegister[P=1 Q=1 Z3=1 C3=1 R3=1 S3=1 Y2=1 X2=1 Z2=1 C2=1 R2=1 S2=1 Y1=1 X1=1 Z1=1 C1=1 R1=1 S1=1 Y0=1 X0=1 Z0=1 C0=1 R0=1 S0=1] WRegister[P=1 Q=1 Z3=1 C3=1 R3=3 S3=1 Y2=1 X2=1 Z2=1 C2=1 R2=3 S2=1 Y1=1 X1=1 Z1=1 C1=1 R1=3 S1=1 Y0=1 X0=1 Z0=1 C0=1 R0=3 S0=1] IntermediateRegister[P=1 Q=1 Z3=1 C3=1 R3=1 S3=1 Y2=1 X2=1 Z2=4 C2=1 R2=1 S2=1 Y1=1 X1=1 Z1=4 C1=1 R1=1 S1=1 Y0=1 X0=1 Z0=1 C0=1 R0=1 S0=1] OutRegister[P=1 Q=1 Z3=4 C3=1 R3=1 S3=1 Y2=1 X2=1 Z2=1 C2=1 R2=1 S2=1 Y1=1 X1=1 Z1=1 C1=1 R1=1 S1=1 Y0=1 X0=1 Z0=1 C0=1 R0=1 S0=1] Compute] 
mccnn_4layer_2026-02-25T17:18:16.759347,mccnn,4layer,full,4,eyeriss,thesis_arch,1056,524,128,256,16,69,False,True,,2.662e+04,1.261e+07,3.55e+05,"(42247860192, 16079935536)",0.0098876953125,0.07346463203430176,DRAM[P=376 Q=18 Z3=1 C3=1 R3=1 S3=1 Y2=376 X2=18 Z2=1 C2=1 R2=1 S2=1 Y1=376 X1=18 Z1=1 C1=1 R1=1 S1=1 Y0=376 X0=18 Z0=1 C0=1 R0=1 S0=1] GlobalBuffer[P=1 Q=69 Z3=1 C3=1 R3=1 S3=1 Y2=1 X2=69 Z2=1 C2=1 R2=1 S2=1 Y1=1 X1=69 Z1=1 C1=1 R1=1 S1=1 Y0=1 X0=69 Z0=1 C0=1 R0=1 S0=1] SACols[Q=1 Z3=16] SARows[S3=3 C3=32 Z3=2] SACols_2[X2=1 Z2=16] SARows_2[S2=3 C2=32 Z2=2] SACols_1[X1=1 Z1=16] SARows_1[S1=3 C1=32 Z1=2] SACols_0[X0=1 Z0=16] SARows_0[S0=3 C0=1 Z0=2] InRegister[P=1 Q=1 Z3=1 C3=1 R3=1 S3=1 Y2=1 X2=1 Z2=1 C2=1 R2=1 S2=1 Y1=1 X1=1 Z1=1 C1=1 R1=1 S1=1 Y0=1 X0=1 Z0=1 C0=1 R0=1 S0=1] WRegister[P=1 Q=1 Z3=1 C3=1 R3=3 S3=1 Y2=1 X2=1 Z2=1 C2=1 R2=3 S2=1 Y1=1 X1=1 Z1=1 C1=1 R1=3 S1=1 Y0=1 X0=1 Z0=1 C0=1 R0=3 S0=1] IntermediateRegister[P=1 Q=1 Z3=1 C3=1 R3=1 S3=1 Y2=1 X2=1 Z2=1 C2=1 R2=1 S2=1 Y1=1 X1=1 Z1=1 C1=1 R1=1 S1=1 Y0=1 X0=1 Z0=1 C0=1 R0=1 S0=1] OutRegister[P=1 Q=1 Z3=1 C3=1 R3=1 S3=1 Y2=1 X2=1 Z2=1 C2=1 R2=1 S2=1 Y1=1 X1=1 Z1=1 C1=1 R1=1 S1=1 Y0=1 X0=1 Z0=1 C0=1 R0=1 S0=1] Compute] 
mccnn_4layer_2026-02-25T17:18:17.087407,mccnn,4layer,full,4,eyeriss,thesis_arch,1056,524,128,256,32,69,False,True,,2.662e+04,1.261e+07,3.55e+05,"(42247860192, 16079935536)",0.00061798095703125,0.05201864242553711,DRAM[P=376 Q=18 Z3=1 C3=1 R3=1 S3=1 Y2=376 X2=18 Z2=1 C2=1 R2=1 S2=1 Y1=376 X1=18 Z1=1 C1=1 R1=1 S1=1 Y0=376 X0=18 Z0=1 C0=1 R0=1 S0=1] GlobalBuffer[P=1 Q=69 Z3=1 C3=1 R3=1 S3=1 Y2=1 X2=69 Z2=1 C2=1 R2=1 S2=1 Y1=1 X1=69 Z1=1 C1=1 R1=1 S1=1 Y0=1 X0=69 Z0=1 C0=1 R0=1 S0=1] SACols[Q=1 Z3=32] SARows[S3=3 C3=32 Z3=1] SACols_2[X2=1 Z2=32] SARows_2[S2=3 C2=32 Z2=1] SACols_1[X1=1 Z1=32] SARows_1[S1=3 C1=32 Z1=1] SACols_0[X0=1 Z0=32] SARows_0[S0=3 C0=1 Z0=1] InRegister[P=1 Q=1 Z3=1 C3=1 R3=1 S3=1 Y2=1 X2=1 Z2=1 C2=1 R2=1 S2=1 Y1=1 X1=1 Z1=1 C1=1 R1=1 S1=1 Y0=1 X0=1 Z0=1 C0=1 R0=1 S0=1] WRegister[P=1 Q=1 Z3=1 C3=1 R3=3 S3=1 Y2=1 X2=1 Z2=1 C2=1 R2=3 S2=1 Y1=1 X1=1 Z1=1 C1=1 R1=3 S1=1 Y0=1 X0=1 Z0=1 C0=1 R0=3 S0=1] IntermediateRegister[P=1 Q=1 Z3=1 C3=1 R3=1 S3=1 Y2=1 X2=1 Z2=1 C2=1 R2=1 S2=1 Y1=1 X1=1 Z1=1 C1=1 R1=1 S1=1 Y0=1 X0=1 Z0=1 C0=1 R0=1 S0=1] OutRegister[P=1 Q=1 Z3=1 C3=1 R3=1 S3=1 Y2=1 X2=1 Z2=1 C2=1 R2=1 S2=1 Y1=1 X1=1 Z1=1 C1=1 R1=1 S1=1 Y0=1 X0=1 Z0=1 C0=1 R0=1 S0=1] Compute] 
mccnn_4layer_2026-02-25T17:18:17.483189,mccnn,4layer,full,4,eyeriss,thesis_arch,1056,524,128,256,64,69,False,True,,2.662e+04,1.261e+07,3.55e+05,"(42247860192, 16079935536)",3.8623809814453125e-05,0.06464719772338867,DRAM[P=376 Q=18 Z3=1 C3=1 R3=1 S3=1 Y2=376 X2=18 Z2=1 C2=1 R2=1 S2=1 Y1=376 X1=18 Z1=1 C1=1 R1=1 S1=1 Y0=376 X0=18 Z0=1 C0=1 R0=1 S0=1] GlobalBuffer[P=1 Q=69 Z3=1 C3=1 R3=1 S3=1 Y2=1 X2=69 Z2=1 C2=1 R2=1 S2=1 Y1=1 X1=69 Z1=1 C1=1 R1=1 S1=1 Y0=1 X0=69 Z0=1 C0=1 R0=1 S0=1] SACols[Q=1 Z3=32] SARows[S3=3 C3=32 Z3=1] SACols_2[X2=1 Z2=32] SARows_2[S2=3 C2=32 Z2=1] SACols_1[X1=1 Z1=32] SARows_1[S1=3 C1=32 Z1=1] SACols_0[X0=1 Z0=32] SARows_0[S0=3 C0=1 Z0=1] InRegister[P=1 Q=1 Z3=1 C3=1 R3=1 S3=1 Y2=1 X2=1 Z2=1 C2=1 R2=1 S2=1 Y1=1 X1=1 Z1=1 C1=1 R1=1 S1=1 Y0=1 X0=1 Z0=1 C0=1 R0=1 S0=1] WRegister[P=1 Q=1 Z3=1 C3=1 R3=3 S3=1 Y2=1 X2=1 Z2=1 C2=1 R2=3 S2=1 Y1=1 X1=1 Z1=1 C1=1 R1=3 S1=1 Y0=1 X0=1 Z0=1 C0=1 R0=3 S0=1] IntermediateRegister[P=1 Q=1 Z3=1 C3=1 R3=1 S3=1 Y2=1 X2=1 Z2=1 C2=1 R2=1 S2=1 Y1=1 X1=1 Z1=1 C1=1 R1=1 S1=1 Y0=1 X0=1 Z0=1 C0=1 R0=1 S0=1] OutRegister[P=1 Q=1 Z3=1 C3=1 R3=1 S3=1 Y2=1 X2=1 Z2=1 C2=1 R2=1 S2=1 Y1=1 X1=1 Z1=1 C1=1 R1=1 S1=1 Y0=1 X0=1 Z0=1 C0=1 R0=1 S0=1] Compute] 
mccnn_4layer_2026-02-25T17:18:17.829549,mccnn,4layer,full,4,eyeriss,thesis_arch,1056,524,128,512,4,69,False,True,,2.508e+04,1.261e+07,3.26e+05,"(37944061920, 16079935536)",0.019775390625,0.1028139591217041,DRAM[P=376 Q=18 Z3=1 C3=1 R3=1 S3=1 Y2=376 X2=18 Z2=1 C2=1 R2=1 S2=1 Y1=376 X1=18 Z1=1 C1=1 R1=1 S1=1 Y0=376 X0=18 Z0=1 C0=1 R0=1 S0=1] GlobalBuffer[P=1 Q=69 Z3=1 C3=1 R3=1 S3=1 Y2=1 X2=69 Z2=1 C2=1 R2=1 S2=1 Y1=1 X1=69 Z1=1 C1=1 R1=1 S1=1 Y0=1 X0=69 Z0=1 C0=1 R0=1 S0=1] SACols[Q=1 Z3=4] SARows[S3=3 C3=32 Z3=4] SACols_2[X2=1 Z2=4] SARows_2[S2=3 C2=32 Z2=4] SACols_1[X1=1 Z1=4] SARows_1[S1=3 C1=32 Z1=4] SACols_0[X0=1 Z0=4] SARows_0[S0=3 C0=1 Z0=8] InRegister[P=1 Q=1 Z3=1 C3=1 R3=1 S3=1 Y2=1 X2=1 Z2=1 C2=1 R2=1 S2=1 Y1=1 X1=1 Z1=1 C1=1 R1=1 S1=1 Y0=1 X0=1 Z0=1 C0=1 R0=1 S0=1] WRegister[P=1 Q=1 Z3=1 C3=1 R3=3 S3=1 Y2=1 X2=1 Z2=1 C2=1 R2=3 S2=1 Y1=1 X1=1 Z1=1 C1=1 R1=3 S1=1 Y0=1 X0=1 Z0=1 C0=1 R0=3 S0=1] IntermediateRegister[P=1 Q=1 Z3=1 C3=1 R3=1 S3=1 Y2=1 X2=1 Z2=2 C2=1 R2=1 S2=1 Y1=1 X1=1 Z1=2 C1=1 R1=1 S1=1 Y0=1 X0=1 Z0=1 C0=1 R0=1 S0=1] OutRegister[P=1 Q=1 Z3=2 C3=1 R3=1 S3=1 Y2=1 X2=1 Z2=1 C2=1 R2=1 S2=1 Y1=1 X1=1 Z1=1 C1=1 R1=1 S1=1 Y0=1 X0=1 Z0=1 C0=1 R0=1 S0=1] Compute] 
mccnn_4layer_2026-02-25T17:18:18.274419,mccnn,4layer,full,4,eyeriss,thesis_arch,1056,524,128,512,16,69,False,True,,2.662e+04,1.261e+07,3.55e+05,"(42247860192, 16079935536)",0.00061798095703125,0.05124020576477051,DRAM[P=376 Q=18 Z3=1 C3=1 R3=1 S3=1 Y2=376 X2=18 Z2=1 C2=1 R2=1 S2=1 Y1=376 X1=18 Z1=1 C1=1 R1=1 S1=1 Y0=376 X0=18 Z0=1 C0=1 R0=1 S0=1] GlobalBuffer[P=1 Q=69 Z3=1 C3=1 R3=1 S3=1 Y2=1 X2=69 Z2=1 C2=1 R2=1 S2=1 Y1=1 X1=69 Z1=1 C1=1 R1=1 S1=1 Y0=1 X0=69 Z0=1 C0=1 R0=1 S0=1] SACols[Q=1 Z3=16] SARows[S3=3 C3=32 Z3=2] SACols_2[X2=1 Z2=16] SARows_2[S2=3 C2=32 Z2=2] SACols_1[X1=1 Z1=16] SARows_1[S1=3 C1=32 Z1=2] SACols_0[X0=1 Z0=16] SARows_0[S0=3 C0=1 Z0=2] InRegister[P=1 Q=1 Z3=1 C3=1 R3=1 S3=1 Y2=1 X2=1 Z2=1 C2=1 R2=1 S2=1 Y1=1 X1=1 Z1=1 C1=1 R1=1 S1=1 Y0=1 X0=1 Z0=1 C0=1 R0=1 S0=1] WRegister[P=1 Q=1 Z3=1 C3=1 R3=3 S3=1 Y2=1 X2=1 Z2=1 C2=1 R2=3 S2=1 Y1=1 X1=1 Z1=1 C1=1 R1=3 S1=1 Y0=1 X0=1 Z0=1 C0=1 R0=3 S0=1] IntermediateRegister[P=1 Q=1 Z3=1 C3=1 R3=1 S3=1 Y2=1 X2=1 Z2=1 C2=1 R2=1 S2=1 Y1=1 X1=1 Z1=1 C1=1 R1=1 S1=1 Y0=1 X0=1 Z0=1 C0=1 R0=1 S0=1] OutRegister[P=1 Q=1 Z3=1 C3=1 R3=1 S3=1 Y2=1 X2=1 Z2=1 C2=1 R2=1 S2=1 Y1=1 X1=1 Z1=1 C1=1 R1=1 S1=1 Y0=1 X0=1 Z0=1 C0=1 R0=1 S0=1] Compute] 
mccnn_4layer_2026-02-25T17:18:18.584769,mccnn,4layer,full,4,eyeriss,thesis_arch,1056,524,128,512,32,69,False,True,,2.662e+04,1.261e+07,3.55e+05,"(42247860192, 16079935536)",3.8623809814453125e-05,0.05301094055175781,DRAM[P=376 Q=18 Z3=1 C3=1 R3=1 S3=1 Y2=376 X2=18 Z2=1 C2=1 R2=1 S2=1 Y1=376 X1=18 Z1=1 C1=1 R1=1 S1=1 Y0=376 X0=18 Z0=1 C0=1 R0=1 S0=1] GlobalBuffer[P=1 Q=69 Z3=1 C3=1 R3=1 S3=1 Y2=1 X2=69 Z2=1 C2=1 R2=1 S2=1 Y1=1 X1=69 Z1=1 C1=1 R1=1 S1=1 Y0=1 X0=69 Z0=1 C0=1 R0=1 S0=1] SACols[Q=1 Z3=32] SARows[S3=3 C3=32 Z3=1] SACols_2[X2=1 Z2=32] SARows_2[S2=3 C2=32 Z2=1] SACols_1[X1=1 Z1=32] SARows_1[S1=3 C1=32 Z1=1] SACols_0[X0=1 Z0=32] SARows_0[S0=3 C0=1 Z0=1] InRegister[P=1 Q=1 Z3=1 C3=1 R3=1 S3=1 Y2=1 X2=1 Z2=1 C2=1 R2=1 S2=1 Y1=1 X1=1 Z1=1 C1=1 R1=1 S1=1 Y0=1 X0=1 Z0=1 C0=1 R0=1 S0=1] WRegister[P=1 Q=1 Z3=1 C3=1 R3=3 S3=1 Y2=1 X2=1 Z2=1 C2=1 R2=3 S2=1 Y1=1 X1=1 Z1=1 C1=1 R1=3 S1=1 Y0=1 X0=1 Z0=1 C0=1 R0=3 S0=1] IntermediateRegister[P=1 Q=1 Z3=1 C3=1 R3=1 S3=1 Y2=1 X2=1 Z2=1 C2=1 R2=1 S2=1 Y1=1 X1=1 Z1=1 C1=1 R1=1 S1=1 Y0=1 X0=1 Z0=1 C0=1 R0=1 S0=1] OutRegister[P=1 Q=1 Z3=1 C3=1 R3=1 S3=1 Y2=1 X2=1 Z2=1 C2=1 R2=1 S2=1 Y1=1 X1=1 Z1=1 C1=1 R1=1 S1=1 Y0=1 X0=1 Z0=1 C0=1 R0=1 S0=1] Compute] 
mccnn_4layer_2026-02-25T17:18:18.941008,mccnn,4layer,full,4,eyeriss,thesis_arch,1056,524,128,4,4,69,False,False,"Ill-posed constraints:
CONSTRAINTS VIOLATION: Arch: Eyeriss_Constrained_4L_tile69_4x4 -> Level: InRegister: memory footprint: 294 VS memory available: 34
CONSTRAINTS VIOLATION: Arch: Eyeriss_Constrained_4L_tile69_4x4 -> Level: WRegister: memory footprint: 2328 VS memory available: 200",0.000e+00,0.000e+00,0.00e+00,0,0.0,0.0,
mccnn_4layer_2026-02-25T17:18:19.203981,mccnn,4layer,full,4,eyeriss,thesis_arch,1056,524,128,4,16,69,False,False,"Ill-posed constraints:
CONSTRAINTS VIOLATION: Arch: Eyeriss_Constrained_4L_tile69_16x4 -> Level: InRegister: memory footprint: 294 VS memory available: 34
CONSTRAINTS VIOLATION: Arch: Eyeriss_Constrained_4L_tile69_16x4 -> Level: WRegister: memory footprint: 582 VS memory available: 200",0.000e+00,0.000e+00,0.00e+00,0,0.0,0.0,
mccnn_4layer_2026-02-25T17:18:19.502925,mccnn,4layer,full,4,eyeriss,thesis_arch,1056,524,128,4,32,69,False,False,"Ill-posed constraints:
CONSTRAINTS VIOLATION: Arch: Eyeriss_Constrained_4L_tile69_32x4 -> Level: InRegister: memory footprint: 294 VS memory available: 34
CONSTRAINTS VIOLATION: Arch: Eyeriss_Constrained_4L_tile69_32x4 -> Level: WRegister: memory footprint: 291 VS memory available: 200",0.000e+00,0.000e+00,0.00e+00,0,0.0,0.0,
mccnn_4layer_2026-02-25T17:18:19.815505,mccnn,4layer,full,4,eyeriss,thesis_arch,1056,524,128,4,64,69,False,False,"Ill-posed constraints:
CONSTRAINTS VIOLATION: Arch: Eyeriss_Constrained_4L_tile69_64x4 -> Level: InRegister: memory footprint: 294 VS memory available: 34
CONSTRAINTS VIOLATION: Arch: Eyeriss_Constrained_4L_tile69_64x4 -> Level: WRegister: memory footprint: 291 VS memory available: 200",0.000e+00,0.000e+00,0.00e+00,0,0.0,0.0,
mccnn_4layer_2026-02-25T17:18:20.134701,mccnn,4layer,full,4,eyeriss,thesis_arch,1056,524,128,4,128,69,False,False,"Ill-posed constraints:
CONSTRAINTS VIOLATION: Arch: Eyeriss_Constrained_4L_tile69_128x4 -> Level: InRegister: memory footprint: 294 VS memory available: 34
CONSTRAINTS VIOLATION: Arch: Eyeriss_Constrained_4L_tile69_128x4 -> Level: WRegister: memory footprint: 291 VS memory available: 200",0.000e+00,0.000e+00,0.00e+00,0,0.0,0.0,
mccnn_4layer_2026-02-25T17:18:20.464133,mccnn,4layer,full,4,eyeriss,thesis_arch,1056,524,128,4,256,69,False,False,"Ill-posed constraints:
CONSTRAINTS VIOLATION: Arch: Eyeriss_Constrained_4L_tile69_256x4 -> Level: InRegister: memory footprint: 294 VS memory available: 34
CONSTRAINTS VIOLATION: Arch: Eyeriss_Constrained_4L_tile69_256x4 -> Level: WRegister: memory footprint: 291 VS memory available: 200",0.000e+00,0.000e+00,0.00e+00,0,0.0,0.0,
mccnn_4layer_2026-02-25T17:18:20.792684,mccnn,4layer,full,4,eyeriss,thesis_arch,1056,524,128,4,512,69,False,False,"Ill-posed constraints:
CONSTRAINTS VIOLATION: Arch: Eyeriss_Constrained_4L_tile69_512x4 -> Level: InRegister: memory footprint: 294 VS memory available: 34
CONSTRAINTS VIOLATION: Arch: Eyeriss_Constrained_4L_tile69_512x4 -> Level: WRegister: memory footprint: 291 VS memory available: 200",0.000e+00,0.000e+00,0.00e+00,0,0.0,0.0,
mccnn_4layer_2026-02-25T17:18:21.177216,mccnn,4layer,full,4,eyeriss,thesis_arch,1056,524,128,16,4,69,False,False,"Ill-posed constraints:
CONSTRAINTS VIOLATION: Arch: Eyeriss_Constrained_4L_tile69_4x16 -> Level: InRegister: memory footprint: 78 VS memory available: 34
CONSTRAINTS VIOLATION: Arch: Eyeriss_Constrained_4L_tile69_4x16 -> Level: WRegister: memory footprint: 582 VS memory available: 200",0.000e+00,0.000e+00,0.00e+00,0,0.0,0.0,
mccnn_4layer_2026-02-25T17:18:21.458898,mccnn,4layer,full,4,eyeriss,thesis_arch,1056,524,128,16,16,69,False,False,"Ill-posed constraints:
CONSTRAINTS VIOLATION: Arch: Eyeriss_Constrained_4L_tile69_16x16 -> Level: InRegister: memory footprint: 78 VS memory available: 34",0.000e+00,0.000e+00,0.00e+00,0,0.0,0.0,
mccnn_4layer_2026-02-25T17:18:21.764680,mccnn,4layer,full,4,eyeriss,thesis_arch,1056,524,128,16,32,69,False,False,"Ill-posed constraints:
CONSTRAINTS VIOLATION: Arch: Eyeriss_Constrained_4L_tile69_32x16 -> Level: InRegister: memory footprint: 78 VS memory available: 34",0.000e+00,0.000e+00,0.00e+00,0,0.0,0.0,
mccnn_4layer_2026-02-25T17:18:22.138353,mccnn,4layer,full,4,eyeriss,thesis_arch,1056,524,128,16,64,69,False,False,"Ill-posed constraints:
CONSTRAINTS VIOLATION: Arch: Eyeriss_Constrained_4L_tile69_64x16 -> Level: InRegister: memory footprint: 78 VS memory available: 34",0.000e+00,0.000e+00,0.00e+00,0,0.0,0.0,
mccnn_4layer_2026-02-25T17:18:22.552246,mccnn,4layer,full,4,eyeriss,thesis_arch,1056,524,128,16,128,69,False,False,"Ill-posed constraints:
CONSTRAINTS VIOLATION: Arch: Eyeriss_Constrained_4L_tile69_128x16 -> Level: InRegister: memory footprint: 78 VS memory available: 34",0.000e+00,0.000e+00,0.00e+00,0,0.0,0.0,
mccnn_4layer_2026-02-25T17:18:23.182493,mccnn,4layer,full,4,eyeriss,thesis_arch,1056,524,128,16,256,69,False,False,"Ill-posed constraints:
CONSTRAINTS VIOLATION: Arch: Eyeriss_Constrained_4L_tile69_256x16 -> Level: InRegister: memory footprint: 78 VS memory available: 34",0.000e+00,0.000e+00,0.00e+00,0,0.0,0.0,
mccnn_4layer_2026-02-25T17:18:23.658150,mccnn,4layer,full,4,eyeriss,thesis_arch,1056,524,128,16,512,69,False,False,"Ill-posed constraints:
CONSTRAINTS VIOLATION: Arch: Eyeriss_Constrained_4L_tile69_512x16 -> Level: InRegister: memory footprint: 78 VS memory available: 34",0.000e+00,0.000e+00,0.00e+00,0,0.0,0.0,
mccnn_4layer_2026-02-25T17:18:24.014267,mccnn,4layer,full,4,eyeriss,thesis_arch,1056,524,128,32,4,69,False,False,"Ill-posed constraints:
CONSTRAINTS VIOLATION: Arch: Eyeriss_Constrained_4L_tile69_4x32 -> Level: InRegister: memory footprint: 42 VS memory available: 34
CONSTRAINTS VIOLATION: Arch: Eyeriss_Constrained_4L_tile69_4x32 -> Level: WRegister: memory footprint: 291 VS memory available: 200",0.000e+00,0.000e+00,0.00e+00,0,0.0,0.0,
mccnn_4layer_2026-02-25T17:18:24.442466,mccnn,4layer,full,4,eyeriss,thesis_arch,1056,524,128,32,16,69,False,False,"Ill-posed constraints:
CONSTRAINTS VIOLATION: Arch: Eyeriss_Constrained_4L_tile69_16x32 -> Level: InRegister: memory footprint: 42 VS memory available: 34",0.000e+00,0.000e+00,0.00e+00,0,0.0,0.0,
mccnn_4layer_2026-02-25T17:18:24.699268,mccnn,4layer,full,4,eyeriss,thesis_arch,1056,524,128,32,32,69,False,False,"Ill-posed constraints:
CONSTRAINTS VIOLATION: Arch: Eyeriss_Constrained_4L_tile69_32x32 -> Level: InRegister: memory footprint: 42 VS memory available: 34",0.000e+00,0.000e+00,0.00e+00,0,0.0,0.0,
mccnn_4layer_2026-02-25T17:18:24.954947,mccnn,4layer,full,4,eyeriss,thesis_arch,1056,524,128,32,64,69,False,False,"Ill-posed constraints:
CONSTRAINTS VIOLATION: Arch: Eyeriss_Constrained_4L_tile69_64x32 -> Level: InRegister: memory footprint: 42 VS memory available: 34",0.000e+00,0.000e+00,0.00e+00,0,0.0,0.0,
mccnn_4layer_2026-02-25T17:18:25.265418,mccnn,4layer,full,4,eyeriss,thesis_arch,1056,524,128,32,128,69,False,False,"Ill-posed constraints:
CONSTRAINTS VIOLATION: Arch: Eyeriss_Constrained_4L_tile69_128x32 -> Level: InRegister: memory footprint: 42 VS memory available: 34",0.000e+00,0.000e+00,0.00e+00,0,0.0,0.0,
mccnn_4layer_2026-02-25T17:18:25.609886,mccnn,4layer,full,4,eyeriss,thesis_arch,1056,524,128,32,256,69,False,False,"Ill-posed constraints:
CONSTRAINTS VIOLATION: Arch: Eyeriss_Constrained_4L_tile69_256x32 -> Level: InRegister: memory footprint: 42 VS memory available: 34",0.000e+00,0.000e+00,0.00e+00,0,0.0,0.0,
mccnn_4layer_2026-02-25T17:18:25.869205,mccnn,4layer,full,4,eyeriss,thesis_arch,1056,524,128,32,512,69,False,False,"Ill-posed constraints:
CONSTRAINTS VIOLATION: Arch: Eyeriss_Constrained_4L_tile69_512x32 -> Level: InRegister: memory footprint: 42 VS memory available: 34",0.000e+00,0.000e+00,0.00e+00,0,0.0,0.0,
mccnn_4layer_2026-02-25T17:18:26.153983,mccnn,4layer,full,4,eyeriss,thesis_arch,1056,524,128,64,4,69,False,True,,2.914e+04,6.865e+07,2.01e+06,"(33281613792, 14645336112)",0.158203125,0.05895829200744629,DRAM[P=376 Q=18 Z3=1 C3=1 R3=1 S3=1 Y2=376 X2=18 Z2=1 C2=1 R2=1 S2=1 Y1=376 X1=18 Z1=1 C1=1 R1=1 S1=1 Y0=376 X0=18 Z0=1 C0=1 R0=1 S0=1] GlobalBuffer[P=1 Q=69 Z3=1 C3=1 R3=1 S3=1 Y2=1 X2=69 Z2=1 C2=1 R2=1 S2=1 Y1=1 X1=69 Z1=1 C1=1 R1=1 S1=1 Y0=1 X0=69 Z0=1 C0=1 R0=1 S0=1] SACols[Q=1 Z3=4] SARows[S3=3 C3=16 Z3=1] SACols_2[X2=1 Z2=4] SARows_2[S2=3 C2=16 Z2=1] SACols_1[X1=1 Z1=4] SARows_1[S1=3 C1=16 Z1=1] SACols_0[X0=1 Z0=4] SARows_0[S0=3 C0=1 Z0=8] InRegister[P=1 Q=1 Z3=1 C3=1 R3=1 S3=1 Y2=1 X2=1 Z2=1 C2=1 R2=1 S2=1 Y1=1 X1=1 Z1=1 C1=1 R1=1 S1=1 Y0=1 X0=1 Z0=1 C0=1 R0=1 S0=1] WRegister[P=1 Q=1 Z3=1 C3=2 R3=3 S3=1 Y2=1 X2=1 Z2=1 C2=2 R2=3 S2=1 Y1=1 X1=1 Z1=1 C1=2 R1=3 S1=1 Y0=1 X0=1 Z0=1 C0=1 R0=3 S0=1] IntermediateRegister[P=1 Q=1 Z3=1 C3=1 R3=1 S3=1 Y2=1 X2=1 Z2=8 C2=1 R2=1 S2=1 Y1=1 X1=1 Z1=8 C1=1 R1=1 S1=1 Y0=1 X0=1 Z0=1 C0=1 R0=1 S0=1] OutRegister[P=1 Q=1 Z3=8 C3=1 R3=1 S3=1 Y2=1 X2=1 Z2=1 C2=1 R2=1 S2=1 Y1=1 X1=1 Z1=1 C1=1 R1=1 S1=1 Y0=1 X0=1 Z0=1 C0=1 R0=1 S0=1] Compute] 
mccnn_4layer_2026-02-25T17:18:26.530043,mccnn,4layer,full,4,eyeriss,thesis_arch,1056,524,128,64,16,69,False,True,,3.030e+04,1.821e+07,5.66e+05,"(36509462496, 14645336112)",0.03955078125,0.059430599212646484,DRAM[P=376 Q=18 Z3=1 C3=1 R3=1 S3=1 Y2=376 X2=18 Z2=1 C2=1 R2=1 S2=1 Y1=376 X1=18 Z1=1 C1=1 R1=1 S1=1 Y0=376 X0=18 Z0=1 C0=1 R0=1 S0=1] GlobalBuffer[P=1 Q=69 Z3=1 C3=1 R3=1 S3=1 Y2=1 X2=69 Z2=1 C2=1 R2=1 S2=1 Y1=1 X1=69 Z1=1 C1=1 R1=1 S1=1 Y0=1 X0=69 Z0=1 C0=1 R0=1 S0=1] SACols[Q=1 Z3=16] SARows[S3=3 C3=16 Z3=1] SACols_2[X2=1 Z2=16] SARows_2[S2=3 C2=16 Z2=1] SACols_1[X1=1 Z1=16] SARows_1[S1=3 C1=16 Z1=1] SACols_0[X0=1 Z0=16] SARows_0[S0=3 C0=1 Z0=2] InRegister[P=1 Q=1 Z3=1 C3=1 R3=1 S3=1 Y2=1 X2=1 Z2=1 C2=1 R2=1 S2=1 Y1=1 X1=1 Z1=1 C1=1 R1=1 S1=1 Y0=1 X0=1 Z0=1 C0=1 R0=1 S0=1] WRegister[P=1 Q=1 Z3=1 C3=2 R3=3 S3=1 Y2=1 X2=1 Z2=1 C2=2 R2=3 S2=1 Y1=1 X1=1 Z1=1 C1=2 R1=3 S1=1 Y0=1 X0=1 Z0=1 C0=1 R0=3 S0=1] IntermediateRegister[P=1 Q=1 Z3=1 C3=1 R3=1 S3=1 Y2=1 X2=1 Z2=2 C2=1 R2=1 S2=1 Y1=1 X1=1 Z1=2 C1=1 R1=1 S1=1 Y0=1 X0=1 Z0=1 C0=1 R0=1 S0=1] OutRegister[P=1 Q=1 Z3=2 C3=1 R3=1 S3=1 Y2=1 X2=1 Z2=1 C2=1 R2=1 S2=1 Y1=1 X1=1 Z1=1 C1=1 R1=1 S1=1 Y0=1 X0=1 Z0=1 C0=1 R0=1 S0=1] Compute] 
mccnn_4layer_2026-02-25T17:18:26.885015,mccnn,4layer,full,4,eyeriss,thesis_arch,1056,524,128,64,32,69,False,True,,3.184e+04,1.261e+07,4.21e+05,"(40813260768, 14645336112)",0.019775390625,0.07860779762268066,DRAM[P=376 Q=18 Z3=1 C3=1 R3=1 S3=1 Y2=376 X2=18 Z2=1 C2=1 R2=1 S2=1 Y1=376 X1=18 Z1=1 C1=1 R1=1 S1=1 Y0=376 X0=18 Z0=1 C0=1 R0=1 S0=1] GlobalBuffer[P=1 Q=69 Z3=1 C3=1 R3=1 S3=1 Y2=1 X2=69 Z2=1 C2=1 R2=1 S2=1 Y1=1 X1=69 Z1=1 C1=1 R1=1 S1=1 Y0=1 X0=69 Z0=1 C0=1 R0=1 S0=1] SACols[Q=1 Z3=32] SARows[S3=3 C3=16 Z3=1] SACols_2[X2=1 Z2=32] SARows_2[S2=3 C2=16 Z2=1] SACols_1[X1=1 Z1=32] SARows_1[S1=3 C1=16 Z1=1] SACols_0[X0=1 Z0=32] SARows_0[S0=3 C0=1 Z0=1] InRegister[P=1 Q=1 Z3=1 C3=1 R3=1 S3=1 Y2=1 X2=1 Z2=1 C2=1 R2=1 S2=1 Y1=1 X1=1 Z1=1 C1=1 R1=1 S1=1 Y0=1 X0=1 Z0=1 C0=1 R0=1 S0=1] WRegister[P=1 Q=1 Z3=1 C3=2 R3=3 S3=1 Y2=1 X2=1 Z2=1 C2=2 R2=3 S2=1 Y1=1 X1=1 Z1=1 C1=2 R1=3 S1=1 Y0=1 X0=1 Z0=1 C0=1 R0=3 S0=1] IntermediateRegister[P=1 Q=1 Z3=1 C3=1 R3=1 S3=1 Y2=1 X2=1 Z2=1 C2=1 R2=1 S2=1 Y1=1 X1=1 Z1=1 C1=1 R1=1 S1=1 Y0=1 X0=1 Z0=1 C0=1 R0=1 S0=1] OutRegister[P=1 Q=1 Z3=1 C3=1 R3=1 S3=1 Y2=1 X2=1 Z2=1 C2=1 R2=1 S2=1 Y1=1 X1=1 Z1=1 C1=1 R1=1 S1=1 Y0=1 X0=1 Z0=1 C0=1 R0=1 S0=1] Compute] 
mccnn_4layer_2026-02-25T17:18:27.312397,mccnn,4layer,full,4,eyeriss,thesis_arch,1056,524,128,64,64,69,False,True,,3.184e+04,1.261e+07,4.21e+05,"(40813260768, 14645336112)",0.0012359619140625,0.08006024360656738,DRAM[P=376 Q=18 Z3=1 C3=1 R3=1 S3=1 Y2=376 X2=18 Z2=1 C2=1 R2=1 S2=1 Y1=376 X1=18 Z1=1 C1=1 R1=1 S1=1 Y0=376 X0=18 Z0=1 C0=1 R0=1 S0=1] GlobalBuffer[P=1 Q=69 Z3=1 C3=1 R3=1 S3=1 Y2=1 X2=69 Z2=1 C2=1 R2=1 S2=1 Y1=1 X1=69 Z1=1 C1=1 R1=1 S1=1 Y0=1 X0=69 Z0=1 C0=1 R0=1 S0=1] SACols[Q=1 Z3=32] SARows[S3=3 C3=16 Z3=1] SACols_2[X2=1 Z2=32] SARows_2[S2=3 C2=16 Z2=1] SACols_1[X1=1 Z1=32] SARows_1[S1=3 C1=16 Z1=1] SACols_0[X0=1 Z0=32] SARows_0[S0=3 C0=1 Z0=1] InRegister[P=1 Q=1 Z3=1 C3=1 R3=1 S3=1 Y2=1 X2=1 Z2=1 C2=1 R2=1 S2=1 Y1=1 X1=1 Z1=1 C1=1 R1=1 S1=1 Y0=1 X0=1 Z0=1 C0=1 R0=1 S0=1] WRegister[P=1 Q=1 Z3=1 C3=2 R3=3 S3=1 Y2=1 X2=1 Z2=1 C2=2 R2=3 S2=1 Y1=1 X1=1 Z1=1 C1=2 R1=3 S1=1 Y0=1 X0=1 Z0=1 C0=1 R0=3 S0=1] IntermediateRegister[P=1 Q=1 Z3=1 C3=1 R3=1 S3=1 Y2=1 X2=1 Z2=1 C2=1 R2=1 S2=1 Y1=1 X1=1 Z1=1 C1=1 R1=1 S1=1 Y0=1 X0=1 Z0=1 C0=1 R0=1 S0=1] OutRegister[P=1 Q=1 Z3=1 C3=1 R3=1 S3=1 Y2=1 X2=1 Z2=1 C2=1 R2=1 S2=1 Y1=1 X1=1 Z1=1 C1=1 R1=1 S1=1 Y0=1 X0=1 Z0=1 C0=1 R0=1 S0=1] Compute] 
mccnn_4layer_2026-02-25T17:18:27.646953,mccnn,4layer,full,4,eyeriss,thesis_arch,1056,524,128,64,128,69,False,True,,3.184e+04,1.223e+07,4.08e+05,"(40813260768, 14645336112)",0.006257057189941406,0.0648643970489502,DRAM[P=376 Q=18 Z3=1 C3=1 R3=1 S3=1 Y2=376 X2=18 Z2=1 C2=1 R2=1 S2=1 Y1=376 X1=18 Z1=1 C1=1 R1=1 S1=1 Y0=376 X0=18 Z0=1 C0=1 R0=1 S0=1] GlobalBuffer[P=1 Q=23 Z3=1 C3=1 R3=1 S3=1 Y2=1 X2=23 Z2=1 C2=1 R2=1 S2=1 Y1=1 X1=23 Z1=1 C1=1 R1=1 S1=1 Y0=1 X0=23 Z0=1 C0=1 R0=1 S0=1] SACols[Q=3 Z3=32] SARows[S3=3 C3=16 Z3=1] SACols_2[X2=3 Z2=32] SARows_2[S2=3 C2=16 Z2=1] SACols_1[X1=3 Z1=32] SARows_1[S1=3 C1=16 Z1=1] SACols_0[X0=3 Z0=32] SARows_0[S0=3 C0=1 Z0=1] InRegister[P=1 Q=1 Z3=1 C3=1 R3=1 S3=1 Y2=1 X2=1 Z2=1 C2=1 R2=1 S2=1 Y1=1 X1=1 Z1=1 C1=1 R1=1 S1=1 Y0=1 X0=1 Z0=1 C0=1 R0=1 S0=1] WRegister[P=1 Q=1 Z3=1 C3=2 R3=3 S3=1 Y2=1 X2=1 Z2=1 C2=2 R2=3 S2=1 Y1=1 X1=1 Z1=1 C1=2 R1=3 S1=1 Y0=1 X0=1 Z0=1 C0=1 R0=3 S0=1] IntermediateRegister[P=1 Q=1 Z3=1 C3=1 R3=1 S3=1 Y2=1 X2=1 Z2=1 C2=1 R2=1 S2=1 Y1=1 X1=1 Z1=1 C1=1 R1=1 S1=1 Y0=1 X0=1 Z0=1 C0=1 R0=1 S0=1] OutRegister[P=1 Q=1 Z3=1 C3=1 R3=1 S3=1 Y2=1 X2=1 Z2=1 C2=1 R2=1 S2=1 Y1=1 X1=1 Z1=1 C1=1 R1=1 S1=1 Y0=1 X0=1 Z0=1 C0=1 R0=1 S0=1] Compute] 
mccnn_4layer_2026-02-25T17:18:27.958197,mccnn,4layer,full,4,eyeriss,thesis_arch,1056,524,128,64,256,69,False,True,,3.184e+04,1.223e+07,4.08e+05,"(40813260768, 14645336112)",0.0003910660743713379,0.05705690383911133,DRAM[P=376 Q=18 Z3=1 C3=1 R3=1 S3=1 Y2=376 X2=18 Z2=1 C2=1 R2=1 S2=1 Y1=376 X1=18 Z1=1 C1=1 R1=1 S1=1 Y0=376 X0=18 Z0=1 C0=1 R0=1 S0=1] GlobalBuffer[P=1 Q=23 Z3=1 C3=1 R3=1 S3=1 Y2=1 X2=23 Z2=1 C2=1 R2=1 S2=1 Y1=1 X1=23 Z1=1 C1=1 R1=1 S1=1 Y0=1 X0=23 Z0=1 C0=1 R0=1 S0=1] SACols[Q=3 Z3=32] SARows[S3=3 C3=16 Z3=1] SACols_2[X2=3 Z2=32] SARows_2[S2=3 C2=16 Z2=1] SACols_1[X1=3 Z1=32] SARows_1[S1=3 C1=16 Z1=1] SACols_0[X0=3 Z0=32] SARows_0[S0=3 C0=1 Z0=1] InRegister[P=1 Q=1 Z3=1 C3=1 R3=1 S3=1 Y2=1 X2=1 Z2=1 C2=1 R2=1 S2=1 Y1=1 X1=1 Z1=1 C1=1 R1=1 S1=1 Y0=1 X0=1 Z0=1 C0=1 R0=1 S0=1] WRegister[P=1 Q=1 Z3=1 C3=2 R3=3 S3=1 Y2=1 X2=1 Z2=1 C2=2 R2=3 S2=1 Y1=1 X1=1 Z1=1 C1=2 R1=3 S1=1 Y0=1 X0=1 Z0=1 C0=1 R0=3 S0=1] IntermediateRegister[P=1 Q=1 Z3=1 C3=1 R3=1 S3=1 Y2=1 X2=1 Z2=1 C2=1 R2=1 S2=1 Y1=1 X1=1 Z1=1 C1=1 R1=1 S1=1 Y0=1 X0=1 Z0=1 C0=1 R0=1 S0=1] OutRegister[P=1 Q=1 Z3=1 C3=1 R3=1 S3=1 Y2=1 X2=1 Z2=1 C2=1 R2=1 S2=1 Y1=1 X1=1 Z1=1 C1=1 R1=1 S1=1 Y0=1 X0=1 Z0=1 C0=1 R0=1 S0=1] Compute] 
mccnn_4layer_2026-02-25T17:18:28.344227,mccnn,4layer,full,4,eyeriss,thesis_arch,1056,524,128,128,4,69,False,True,,3.017e+04,3.502e+07,1.06e+06,"(34716213216, 16079935536)",0.0791015625,0.06096601486206055,DRAM[P=376 Q=18 Z3=1 C3=1 R3=1 S3=1 Y2=376 X2=18 Z2=1 C2=1 R2=1 S2=1 Y1=376 X1=18 Z1=1 C1=1 R1=1 S1=1 Y0=376 X0=18 Z0=1 C0=1 R0=1 S0=1] GlobalBuffer[P=1 Q=69 Z3=1 C3=1 R3=1 S3=1 Y2=1 X2=69 Z2=1 C2=1 R2=1 S2=1 Y1=1 X1=69 Z1=1 C1=1 R1=1 S1=1 Y0=1 X0=69 Z0=1 C0=1 R0=1 S0=1] SACols[Q=1 Z3=4] SARows[S3=3 C3=32 Z3=1] SACols_2[X2=1 Z2=4] SARows_2[S2=3 C2=32 Z2=1] SACols_1[X1=1 Z1=4] SARows_1[S1=3 C1=32 Z1=1] SACols_0[X0=1 Z0=4] SARows_0[S0=3 C0=1 Z0=8] InRegister[P=1 Q=1 Z3=1 C3=1 R3=1 S3=1 Y2=1 X2=1 Z2=1 C2=1 R2=1 S2=1 Y1=1 X1=1 Z1=1 C1=1 R1=1 S1=1 Y0=1 X0=1 Z0=1 C0=1 R0=1 S0=1] WRegister[P=1 Q=1 Z3=1 C3=1 R3=3 S3=1 Y2=1 X2=1 Z2=1 C2=1 R2=3 S2=1 Y1=1 X1=1 Z1=1 C1=1 R1=3 S1=1 Y0=1 X0=1 Z0=1 C0=1 R0=3 S0=1] IntermediateRegister[P=1 Q=1 Z3=1 C3=1 R3=1 S3=1 Y2=1 X2=1 Z2=8 C2=1 R2=1 S2=1 Y1=1 X1=1 Z1=8 C1=1 R1=1 S1=1 Y0=1 X0=1 Z0=1 C0=1 R0=1 S0=1] OutRegister[P=1 Q=1 Z3=8 C3=1 R3=1 S3=1 Y2=1 X2=1 Z2=1 C2=1 R2=1 S2=1 Y1=1 X1=1 Z1=1 C1=1 R1=1 S1=1 Y0=1 X0=1 Z0=1 C0=1 R0=1 S0=1] Compute] 
mccnn_4layer_2026-02-25T17:18:28.762283,mccnn,4layer,full,4,eyeriss,thesis_arch,1056,524,128,128,16,69,False,True,,3.132e+04,1.261e+07,4.05e+05,"(37944061920, 16079935536)",0.019775390625,0.056542158126831055,DRAM[P=376 Q=18 Z3=1 C3=1 R3=1 S3=1 Y2=376 X2=18 Z2=1 C2=1 R2=1 S2=1 Y1=376 X1=18 Z1=1 C1=1 R1=1 S1=1 Y0=376 X0=18 Z0=1 C0=1 R0=1 S0=1] GlobalBuffer[P=1 Q=69 Z3=1 C3=1 R3=1 S3=1 Y2=1 X2=69 Z2=1 C2=1 R2=1 S2=1 Y1=1 X1=69 Z1=1 C1=1 R1=1 S1=1 Y0=1 X0=69 Z0=1 C0=1 R0=1 S0=1] SACols[Q=1 Z3=16] SARows[S3=3 C3=32 Z3=1] SACols_2[X2=1 Z2=16] SARows_2[S2=3 C2=32 Z2=1] SACols_1[X1=1 Z1=16] SARows_1[S1=3 C1=32 Z1=1] SACols_0[X0=1 Z0=16] SARows_0[S0=3 C0=1 Z0=2] InRegister[P=1 Q=1 Z3=1 C3=1 R3=1 S3=1 Y2=1 X2=1 Z2=1 C2=1 R2=1 S2=1 Y1=1 X1=1 Z1=1 C1=1 R1=1 S1=1 Y0=1 X0=1 Z0=1 C0=1 R0=1 S0=1] WRegister[P=1 Q=1 Z3=1 C3=1 R3=3 S3=1 Y2=1 X2=1 Z2=1 C2=1 R2=3 S2=1 Y1=1 X1=1 Z1=1 C1=1 R1=3 S1=1 Y0=1 X0=1 Z0=1 C0=1 R0=3 S0=1] IntermediateRegister[P=1 Q=1 Z3=1 C3=1 R3=1 S3=1 Y2=1 X2=1 Z2=2 C2=1 R2=1 S2=1 Y1=1 X1=1 Z1=2 C1=1 R1=1 S1=1 Y0=1 X0=1 Z0=1 C0=1 R0=1 S0=1] OutRegister[P=1 Q=1 Z3=2 C3=1 R3=1 S3=1 Y2=1 X2=1 Z2=1 C2=1 R2=1 S2=1 Y1=1 X1=1 Z1=1 C1=1 R1=1 S1=1 Y0=1 X0=1 Z0=1 C0=1 R0=1 S0=1] Compute] 
mccnn_4layer_2026-02-25T17:18:29.080791,mccnn,4layer,full,4,eyeriss,thesis_arch,1056,524,128,128,32,69,False,True,,3.286e+04,1.261e+07,4.34e+05,"(42247860192, 16079935536)",0.0098876953125,0.052147626876831055,DRAM[P=376 Q=18 Z3=1 C3=1 R3=1 S3=1 Y2=376 X2=18 Z2=1 C2=1 R2=1 S2=1 Y1=376 X1=18 Z1=1 C1=1 R1=1 S1=1 Y0=376 X0=18 Z0=1 C0=1 R0=1 S0=1] GlobalBuffer[P=1 Q=69 Z3=1 C3=1 R3=1 S3=1 Y2=1 X2=69 Z2=1 C2=1 R2=1 S2=1 Y1=1 X1=69 Z1=1 C1=1 R1=1 S1=1 Y0=1 X0=69 Z0=1 C0=1 R0=1 S0=1] SACols[Q=1 Z3=32] SARows[S3=3 C3=32 Z3=1] SACols_2[X2=1 Z2=32] SARows_2[S2=3 C2=32 Z2=1] SACols_1[X1=1 Z1=32] SARows_1[S1=3 C1=32 Z1=1] SACols_0[X0=1 Z0=32] SARows_0[S0=3 C0=1 Z0=1] InRegister[P=1 Q=1 Z3=1 C3=1 R3=1 S3=1 Y2=1 X2=1 Z2=1 C2=1 R2=1 S2=1 Y1=1 X1=1 Z1=1 C1=1 R1=1 S1=1 Y0=1 X0=1 Z0=1 C0=1 R0=1 S0=1] WRegister[P=1 Q=1 Z3=1 C3=1 R3=3 S3=1 Y2=1 X2=1 Z2=1 C2=1 R2=3 S2=1 Y1=1 X1=1 Z1=1 C1=1 R1=3 S1=1 Y0=1 X0=1 Z0=1 C0=1 R0=3 S0=1] IntermediateRegister[P=1 Q=1 Z3=1 C3=1 R3=1 S3=1 Y2=1 X2=1 Z2=1 C2=1 R2=1 S2=1 Y1=1 X1=1 Z1=1 C1=1 R1=1 S1=1 Y0=1 X0=1 Z0=1 C0=1 R0=1 S0=1] OutRegister[P=1 Q=1 Z3=1 C3=1 R3=1 S3=1 Y2=1 X2=1 Z2=1 C2=1 R2=1 S2=1 Y1=1 X1=1 Z1=1 C1=1 R1=1 S1=1 Y0=1 X0=1 Z0=1 C0=1 R0=1 S0=1] Compute] 
mccnn_4layer_2026-02-25T17:18:29.391599,mccnn,4layer,full,4,eyeriss,thesis_arch,1056,524,128,128,64,69,False,True,,3.286e+04,1.261e+07,4.34e+05,"(42247860192, 16079935536)",0.00061798095703125,0.05439448356628418,DRAM[P=376 Q=18 Z3=1 C3=1 R3=1 S3=1 Y2=376 X2=18 Z2=1 C2=1 R2=1 S2=1 Y1=376 X1=18 Z1=1 C1=1 R1=1 S1=1 Y0=376 X0=18 Z0=1 C0=1 R0=1 S0=1] GlobalBuffer[P=1 Q=69 Z3=1 C3=1 R3=1 S3=1 Y2=1 X2=69 Z2=1 C2=1 R2=1 S2=1 Y1=1 X1=69 Z1=1 C1=1 R1=1 S1=1 Y0=1 X0=69 Z0=1 C0=1 R0=1 S0=1] SACols[Q=1 Z3=32] SARows[S3=3 C3=32 Z3=1] SACols_2[X2=1 Z2=32] SARows_2[S2=3 C2=32 Z2=1] SACols_1[X1=1 Z1=32] SARows_1[S1=3 C1=32 Z1=1] SACols_0[X0=1 Z0=32] SARows_0[S0=3 C0=1 Z0=1] InRegister[P=1 Q=1 Z3=1 C3=1 R3=1 S3=1 Y2=1 X2=1 Z2=1 C2=1 R2=1 S2=1 Y1=1 X1=1 Z1=1 C1=1 R1=1 S1=1 Y0=1 X0=1 Z0=1 C0=1 R0=1 S0=1] WRegister[P=1 Q=1 Z3=1 C3=1 R3=3 S3=1 Y2=1 X2=1 Z2=1 C2=1 R2=3 S2=1 Y1=1 X1=1 Z1=1 C1=1 R1=3 S1=1 Y0=1 X0=1 Z0=1 C0=1 R0=3 S0=1] IntermediateRegister[P=1 Q=1 Z3=1 C3=1 R3=1 S3=1 Y2=1 X2=1 Z2=1 C2=1 R2=1 S2=1 Y1=1 X1=1 Z1=1 C1=1 R1=1 S1=1 Y0=1 X0=1 Z0=1 C0=1 R0=1 S0=1] OutRegister[P=1 Q=1 Z3=1 C3=1 R3=1 S3=1 Y2=1 X2=1 Z2=1 C2=1 R2=1 S2=1 Y1=1 X1=1 Z1=1 C1=1 R1=1 S1=1 Y0=1 X0=1 Z0=1 C0=1 R0=1 S0=1] Compute] 
mccnn_4layer_2026-02-25T17:18:29.763942,mccnn,4layer,full,4,eyeriss,thesis_arch,1056,524,128,128,128,69,False,True,,3.286e+04,1.223e+07,4.21e+05,"(42247860192, 16079935536)",0.003128528594970703,0.05236220359802246,DRAM[P=376 Q=18 Z3=1 C3=1 R3=1 S3=1 Y2=376 X2=18 Z2=1 C2=1 R2=1 S2=1 Y1=376 X1=18 Z1=1 C1=1 R1=1 S1=1 Y0=376 X0=18 Z0=1 C0=1 R0=1 S0=1] GlobalBuffer[P=1 Q=23 Z3=1 C3=1 R3=1 S3=1 Y2=1 X2=23 Z2=1 C2=1 R2=1 S2=1 Y1=1 X1=23 Z1=1 C1=1 R1=1 S1=1 Y0=1 X0=23 Z0=1 C0=1 R0=1 S0=1] SACols[Q=3 Z3=32] SARows[S3=3 C3=32 Z3=1] SACols_2[X2=3 Z2=32] SARows_2[S2=3 C2=32 Z2=1] SACols_1[X1=3 Z1=32] SARows_1[S1=3 C1=32 Z1=1] SACols_0[X0=3 Z0=32] SARows_0[S0=3 C0=1 Z0=1] InRegister[P=1 Q=1 Z3=1 C3=1 R3=1 S3=1 Y2=1 X2=1 Z2=1 C2=1 R2=1 S2=1 Y1=1 X1=1 Z1=1 C1=1 R1=1 S1=1 Y0=1 X0=1 Z0=1 C0=1 R0=1 S0=1] WRegister[P=1 Q=1 Z3=1 C3=1 R3=3 S3=1 Y2=1 X2=1 Z2=1 C2=1 R2=3 S2=1 Y1=1 X1=1 Z1=1 C1=1 R1=3 S1=1 Y0=1 X0=1 Z0=1 C0=1 R0=3 S0=1] IntermediateRegister[P=1 Q=1 Z3=1 C3=1 R3=1 S3=1 Y2=1 X2=1 Z2=1 C2=1 R2=1 S2=1 Y1=1 X1=1 Z1=1 C1=1 R1=1 S1=1 Y0=1 X0=1 Z0=1 C0=1 R0=1 S0=1] OutRegister[P=1 Q=1 Z3=1 C3=1 R3=1 S3=1 Y2=1 X2=1 Z2=1 C2=1 R2=1 S2=1 Y1=1 X1=1 Z1=1 C1=1 R1=1 S1=1 Y0=1 X0=1 Z0=1 C0=1 R0=1 S0=1] Compute] 
mccnn_4layer_2026-02-25T17:18:30.126404,mccnn,4layer,full,4,eyeriss,thesis_arch,1056,524,128,256,4,69,False,True,,3.055e+04,1.821e+07,5.63e+05,"(35792162784, 16079935536)",0.03955078125,0.05570173263549805,DRAM[P=376 Q=18 Z3=1 C3=1 R3=1 S3=1 Y2=376 X2=18 Z2=1 C2=1 R2=1 S2=1 Y1=376 X1=18 Z1=1 C1=1 R1=1 S1=1 Y0=376 X0=18 Z0=1 C0=1 R0=1 S0=1] GlobalBuffer[P=1 Q=69 Z3=1 C3=1 R3=1 S3=1 Y2=1 X2=69 Z2=1 C2=1 R2=1 S2=1 Y1=1 X1=69 Z1=1 C1=1 R1=1 S1=1 Y0=1 X0=69 Z0=1 C0=1 R0=1 S0=1] SACols[Q=1 Z3=4] SARows[S3=3 C3=32 Z3=2] SACols_2[X2=1 Z2=4] SARows_2[S2=3 C2=32 Z2=2] SACols_1[X1=1 Z1=4] SARows_1[S1=3 C1=32 Z1=2] SACols_0[X0=1 Z0=4] SARows_0[S0=3 C0=1 Z0=8] InRegister[P=1 Q=1 Z3=1 C3=1 R3=1 S3=1 Y2=1 X2=1 Z2=1 C2=1 R2=1 S2=1 Y1=1 X1=1 Z1=1 C1=1 R1=1 S1=1 Y0=1 X0=1 Z0=1 C0=1 R0=1 S0=1] WRegister[P=1 Q=1 Z3=1 C3=1 R3=3 S3=1 Y2=1 X2=1 Z2=1 C2=1 R2=3 S2=1 Y1=1 X1=1 Z1=1 C1=1 R1=3 S1=1 Y0=1 X0=1 Z0=1 C0=1 R0=3 S0=1] IntermediateRegister[P=1 Q=1 Z3=1 C3=1 R3=1 S3=1 Y2=1 X2=1 Z2=4 C2=1 R2=1 S2=1 Y1=1 X1=1 Z1=4 C1=1 R1=1 S1=1 Y0=1 X0=1 Z0=1 C0=1 R0=1 S0=1] OutRegister[P=1 Q=1 Z3=4 C3=1 R3=1 S3=1 Y2=1 X2=1 Z2=1 C2=1 R2=1 S2=1 Y1=1 X1=1 Z1=1 C1=1 R1=1 S1=1 Y0=1 X0=1 Z0=1 C0=1 R0=1 S0=1] Compute] 
mccnn_4layer_2026-02-25T17:18:30.520968,mccnn,4layer,full,4,eyeriss,thesis_arch,1056,524,128,256,16,69,False,True,,3.286e+04,1.261e+07,4.34e+05,"(42247860192, 16079935536)",0.0098876953125,0.09779739379882812,DRAM[P=376 Q=18 Z3=1 C3=1 R3=1 S3=1 Y2=376 X2=18 Z2=1 C2=1 R2=1 S2=1 Y1=376 X1=18 Z1=1 C1=1 R1=1 S1=1 Y0=376 X0=18 Z0=1 C0=1 R0=1 S0=1] GlobalBuffer[P=1 Q=69 Z3=1 C3=1 R3=1 S3=1 Y2=1 X2=69 Z2=1 C2=1 R2=1 S2=1 Y1=1 X1=69 Z1=1 C1=1 R1=1 S1=1 Y0=1 X0=69 Z0=1 C0=1 R0=1 S0=1] SACols[Q=1 Z3=16] SARows[S3=3 C3=32 Z3=2] SACols_2[X2=1 Z2=16] SARows_2[S2=3 C2=32 Z2=2] SACols_1[X1=1 Z1=16] SARows_1[S1=3 C1=32 Z1=2] SACols_0[X0=1 Z0=16] SARows_0[S0=3 C0=1 Z0=2] InRegister[P=1 Q=1 Z3=1 C3=1 R3=1 S3=1 Y2=1 X2=1 Z2=1 C2=1 R2=1 S2=1 Y1=1 X1=1 Z1=1 C1=1 R1=1 S1=1 Y0=1 X0=1 Z0=1 C0=1 R0=1 S0=1] WRegister[P=1 Q=1 Z3=1 C3=1 R3=3 S3=1 Y2=1 X2=1 Z2=1 C2=1 R2=3 S2=1 Y1=1 X1=1 Z1=1 C1=1 R1=3 S1=1 Y0=1 X0=1 Z0=1 C0=1 R0=3 S0=1] IntermediateRegister[P=1 Q=1 Z3=1 C3=1 R3=1 S3=1 Y2=1 X2=1 Z2=1 C2=1 R2=1 S2=1 Y1=1 X1=1 Z1=1 C1=1 R1=1 S1=1 Y0=1 X0=1 Z0=1 C0=1 R0=1 S0=1] OutRegister[P=1 Q=1 Z3=1 C3=1 R3=1 S3=1 Y2=1 X2=1 Z2=1 C2=1 R2=1 S2=1 Y1=1 X1=1 Z1=1 C1=1 R1=1 S1=1 Y0=1 X0=1 Z0=1 C0=1 R0=1 S0=1] Compute] 
mccnn_4layer_2026-02-25T17:18:30.874039,mccnn,4layer,full,4,eyeriss,thesis_arch,1056,524,128,256,32,69,False,True,,3.286e+04,1.261e+07,4.34e+05,"(42247860192, 16079935536)",0.00061798095703125,0.05425405502319336,DRAM[P=376 Q=18 Z3=1 C3=1 R3=1 S3=1 Y2=376 X2=18 Z2=1 C2=1 R2=1 S2=1 Y1=376 X1=18 Z1=1 C1=1 R1=1 S1=1 Y0=376 X0=18 Z0=1 C0=1 R0=1 S0=1] GlobalBuffer[P=1 Q=69 Z3=1 C3=1 R3=1 S3=1 Y2=1 X2=69 Z2=1 C2=1 R2=1 S2=1 Y1=1 X1=69 Z1=1 C1=1 R1=1 S1=1 Y0=1 X0=69 Z0=1 C0=1 R0=1 S0=1] SACols[Q=1 Z3=32] SARows[S3=3 C3=32 Z3=1] SACols_2[X2=1 Z2=32] SARows_2[S2=3 C2=32 Z2=1] SACols_1[X1=1 Z1=32] SARows_1[S1=3 C1=32 Z1=1] SACols_0[X0=1 Z0=32] SARows_0[S0=3 C0=1 Z0=1] InRegister[P=1 Q=1 Z3=1 C3=1 R3=1 S3=1 Y2=1 X2=1 Z2=1 C2=1 R2=1 S2=1 Y1=1 X1=1 Z1=1 C1=1 R1=1 S1=1 Y0=1 X0=1 Z0=1 C0=1 R0=1 S0=1] WRegister[P=1 Q=1 Z3=1 C3=1 R3=3 S3=1 Y2=1 X2=1 Z2=1 C2=1 R2=3 S2=1 Y1=1 X1=1 Z1=1 C1=1 R1=3 S1=1 Y0=1 X0=1 Z0=1 C0=1 R0=3 S0=1] IntermediateRegister[P=1 Q=1 Z3=1 C3=1 R3=1 S3=1 Y2=1 X2=1 Z2=1 C2=1 R2=1 S2=1 Y1=1 X1=1 Z1=1 C1=1 R1=1 S1=1 Y0=1 X0=1 Z0=1 C0=1 R0=1 S0=1] OutRegister[P=1 Q=1 Z3=1 C3=1 R3=1 S3=1 Y2=1 X2=1 Z2=1 C2=1 R2=1 S2=1 Y1=1 X1=1 Z1=1 C1=1 R1=1 S1=1 Y0=1 X0=1 Z0=1 C0=1 R0=1 S0=1] Compute] 
mccnn_4layer_2026-02-25T17:18:31.247421,mccnn,4layer,full,4,eyeriss,thesis_arch,1056,524,128,256,64,69,False,True,,3.286e+04,1.261e+07,4.34e+05,"(42247860192, 16079935536)",3.8623809814453125e-05,0.1019432544708252,DRAM[P=376 Q=18 Z3=1 C3=1 R3=1 S3=1 Y2=376 X2=18 Z2=1 C2=1 R2=1 S2=1 Y1=376 X1=18 Z1=1 C1=1 R1=1 S1=1 Y0=376 X0=18 Z0=1 C0=1 R0=1 S0=1] GlobalBuffer[P=1 Q=69 Z3=1 C3=1 R3=1 S3=1 Y2=1 X2=69 Z2=1 C2=1 R2=1 S2=1 Y1=1 X1=69 Z1=1 C1=1 R1=1 S1=1 Y0=1 X0=69 Z0=1 C0=1 R0=1 S0=1] SACols[Q=1 Z3=32] SARows[S3=3 C3=32 Z3=1] SACols_2[X2=1 Z2=32] SARows_2[S2=3 C2=32 Z2=1] SACols_1[X1=1 Z1=32] SARows_1[S1=3 C1=32 Z1=1] SACols_0[X0=1 Z0=32] SARows_0[S0=3 C0=1 Z0=1] InRegister[P=1 Q=1 Z3=1 C3=1 R3=1 S3=1 Y2=1 X2=1 Z2=1 C2=1 R2=1 S2=1 Y1=1 X1=1 Z1=1 C1=1 R1=1 S1=1 Y0=1 X0=1 Z0=1 C0=1 R0=1 S0=1] WRegister[P=1 Q=1 Z3=1 C3=1 R3=3 S3=1 Y2=1 X2=1 Z2=1 C2=1 R2=3 S2=1 Y1=1 X1=1 Z1=1 C1=1 R1=3 S1=1 Y0=1 X0=1 Z0=1 C0=1 R0=3 S0=1] IntermediateRegister[P=1 Q=1 Z3=1 C3=1 R3=1 S3=1 Y2=1 X2=1 Z2=1 C2=1 R2=1 S2=1 Y1=1 X1=1 Z1=1 C1=1 R1=1 S1=1 Y0=1 X0=1 Z0=1 C0=1 R0=1 S0=1] OutRegister[P=1 Q=1 Z3=1 C3=1 R3=1 S3=1 Y2=1 X2=1 Z2=1 C2=1 R2=1 S2=1 Y1=1 X1=1 Z1=1 C1=1 R1=1 S1=1 Y0=1 X0=1 Z0=1 C0=1 R0=1 S0=1] Compute] 
mccnn_4layer_2026-02-25T17:18:31.602784,mccnn,4layer,full,4,eyeriss,thesis_arch,1056,524,128,512,4,69,False,True,,3.132e+04,1.261e+07,4.05e+05,"(37944061920, 16079935536)",0.019775390625,0.05730009078979492,DRAM[P=376 Q=18 Z3=1 C3=1 R3=1 S3=1 Y2=376 X2=18 Z2=1 C2=1 R2=1 S2=1 Y1=376 X1=18 Z1=1 C1=1 R1=1 S1=1 Y0=376 X0=18 Z0=1 C0=1 R0=1 S0=1] GlobalBuffer[P=1 Q=69 Z3=1 C3=1 R3=1 S3=1 Y2=1 X2=69 Z2=1 C2=1 R2=1 S2=1 Y1=1 X1=69 Z1=1 C1=1 R1=1 S1=1 Y0=1 X0=69 Z0=1 C0=1 R0=1 S0=1] SACols[Q=1 Z3=4] SARows[S3=3 C3=32 Z3=4] SACols_2[X2=1 Z2=4] SARows_2[S2=3 C2=32 Z2=4] SACols_1[X1=1 Z1=4] SARows_1[S1=3 C1=32 Z1=4] SACols_0[X0=1 Z0=4] SARows_0[S0=3 C0=1 Z0=8] InRegister[P=1 Q=1 Z3=1 C3=1 R3=1 S3=1 Y2=1 X2=1 Z2=1 C2=1 R2=1 S2=1 Y1=1 X1=1 Z1=1 C1=1 R1=1 S1=1 Y0=1 X0=1 Z0=1 C0=1 R0=1 S0=1] WRegister[P=1 Q=1 Z3=1 C3=1 R3=3 S3=1 Y2=1 X2=1 Z2=1 C2=1 R2=3 S2=1 Y1=1 X1=1 Z1=1 C1=1 R1=3 S1=1 Y0=1 X0=1 Z0=1 C0=1 R0=3 S0=1] IntermediateRegister[P=1 Q=1 Z3=1 C3=1 R3=1 S3=1 Y2=1 X2=1 Z2=2 C2=1 R2=1 S2=1 Y1=1 X1=1 Z1=2 C1=1 R1=1 S1=1 Y0=1 X0=1 Z0=1 C0=1 R0=1 S0=1] OutRegister[P=1 Q=1 Z3=2 C3=1 R3=1 S3=1 Y2=1 X2=1 Z2=1 C2=1 R2=1 S2=1 Y1=1 X1=1 Z1=1 C1=1 R1=1 S1=1 Y0=1 X0=1 Z0=1 C0=1 R0=1 S0=1] Compute] 
mccnn_4layer_2026-02-25T17:18:31.989131,mccnn,4layer,full,4,eyeriss,thesis_arch,1056,524,128,512,16,69,False,True,,3.286e+04,1.261e+07,4.34e+05,"(42247860192, 16079935536)",0.00061798095703125,0.07484912872314453,DRAM[P=376 Q=18 Z3=1 C3=1 R3=1 S3=1 Y2=376 X2=18 Z2=1 C2=1 R2=1 S2=1 Y1=376 X1=18 Z1=1 C1=1 R1=1 S1=1 Y0=376 X0=18 Z0=1 C0=1 R0=1 S0=1] GlobalBuffer[P=1 Q=69 Z3=1 C3=1 R3=1 S3=1 Y2=1 X2=69 Z2=1 C2=1 R2=1 S2=1 Y1=1 X1=69 Z1=1 C1=1 R1=1 S1=1 Y0=1 X0=69 Z0=1 C0=1 R0=1 S0=1] SACols[Q=1 Z3=16] SARows[S3=3 C3=32 Z3=2] SACols_2[X2=1 Z2=16] SARows_2[S2=3 C2=32 Z2=2] SACols_1[X1=1 Z1=16] SARows_1[S1=3 C1=32 Z1=2] SACols_0[X0=1 Z0=16] SARows_0[S0=3 C0=1 Z0=2] InRegister[P=1 Q=1 Z3=1 C3=1 R3=1 S3=1 Y2=1 X2=1 Z2=1 C2=1 R2=1 S2=1 Y1=1 X1=1 Z1=1 C1=1 R1=1 S1=1 Y0=1 X0=1 Z0=1 C0=1 R0=1 S0=1] WRegister[P=1 Q=1 Z3=1 C3=1 R3=3 S3=1 Y2=1 X2=1 Z2=1 C2=1 R2=3 S2=1 Y1=1 X1=1 Z1=1 C1=1 R1=3 S1=1 Y0=1 X0=1 Z0=1 C0=1 R0=3 S0=1] IntermediateRegister[P=1 Q=1 Z3=1 C3=1 R3=1 S3=1 Y2=1 X2=1 Z2=1 C2=1 R2=1 S2=1 Y1=1 X1=1 Z1=1 C1=1 R1=1 S1=1 Y0=1 X0=1 Z0=1 C0=1 R0=1 S0=1] OutRegister[P=1 Q=1 Z3=1 C3=1 R3=1 S3=1 Y2=1 X2=1 Z2=1 C2=1 R2=1 S2=1 Y1=1 X1=1 Z1=1 C1=1 R1=1 S1=1 Y0=1 X0=1 Z0=1 C0=1 R0=1 S0=1] Compute] 
mccnn_4layer_2026-02-25T17:18:32.352635,mccnn,4layer,full,4,eyeriss,thesis_arch,1056,524,128,512,32,69,False,True,,3.286e+04,1.261e+07,4.34e+05,"(42247860192, 16079935536)",3.8623809814453125e-05,0.10065245628356934,DRAM[P=376 Q=18 Z3=1 C3=1 R3=1 S3=1 Y2=376 X2=18 Z2=1 C2=1 R2=1 S2=1 Y1=376 X1=18 Z1=1 C1=1 R1=1 S1=1 Y0=376 X0=18 Z0=1 C0=1 R0=1 S0=1] GlobalBuffer[P=1 Q=69 Z3=1 C3=1 R3=1 S3=1 Y2=1 X2=69 Z2=1 C2=1 R2=1 S2=1 Y1=1 X1=69 Z1=1 C1=1 R1=1 S1=1 Y0=1 X0=69 Z0=1 C0=1 R0=1 S0=1] SACols[Q=1 Z3=32] SARows[S3=3 C3=32 Z3=1] SACols_2[X2=1 Z2=32] SARows_2[S2=3 C2=32 Z2=1] SACols_1[X1=1 Z1=32] SARows_1[S1=3 C1=32 Z1=1] SACols_0[X0=1 Z0=32] SARows_0[S0=3 C0=1 Z0=1] InRegister[P=1 Q=1 Z3=1 C3=1 R3=1 S3=1 Y2=1 X2=1 Z2=1 C2=1 R2=1 S2=1 Y1=1 X1=1 Z1=1 C1=1 R1=1 S1=1 Y0=1 X0=1 Z0=1 C0=1 R0=1 S0=1] WRegister[P=1 Q=1 Z3=1 C3=1 R3=3 S3=1 Y2=1 X2=1 Z2=1 C2=1 R2=3 S2=1 Y1=1 X1=1 Z1=1 C1=1 R1=3 S1=1 Y0=1 X0=1 Z0=1 C0=1 R0=3 S0=1] IntermediateRegister[P=1 Q=1 Z3=1 C3=1 R3=1 S3=1 Y2=1 X2=1 Z2=1 C2=1 R2=1 S2=1 Y1=1 X1=1 Z1=1 C1=1 R1=1 S1=1 Y0=1 X0=1 Z0=1 C0=1 R0=1 S0=1] OutRegister[P=1 Q=1 Z3=1 C3=1 R3=1 S3=1 Y2=1 X2=1 Z2=1 C2=1 R2=1 S2=1 Y1=1 X1=1 Z1=1 C1=1 R1=1 S1=1 Y0=1 X0=1 Z0=1 C0=1 R0=1 S0=1] Compute] 
mccnn_4layer_2026-02-25T17:18:32.928240,mccnn,4layer,full,4,eyeriss,thesis_arch,1056,524,128,4,4,69,False,False,"Ill-posed constraints:
CONSTRAINTS VIOLATION: Arch: Eyeriss_Constrained_4L_tile69_4x4 -> Level: InRegister: memory footprint: 294 VS memory available: 34
CONSTRAINTS VIOLATION: Arch: Eyeriss_Constrained_4L_tile69_4x4 -> Level: WRegister: memory footprint: 2328 VS memory available: 300",0.000e+00,0.000e+00,0.00e+00,0,0.0,0.0,
mccnn_4layer_2026-02-25T17:18:33.254805,mccnn,4layer,full,4,eyeriss,thesis_arch,1056,524,128,4,16,69,False,False,"Ill-posed constraints:
CONSTRAINTS VIOLATION: Arch: Eyeriss_Constrained_4L_tile69_16x4 -> Level: InRegister: memory footprint: 294 VS memory available: 34
CONSTRAINTS VIOLATION: Arch: Eyeriss_Constrained_4L_tile69_16x4 -> Level: WRegister: memory footprint: 582 VS memory available: 300",0.000e+00,0.000e+00,0.00e+00,0,0.0,0.0,
mccnn_4layer_2026-02-25T17:18:33.582923,mccnn,4layer,full,4,eyeriss,thesis_arch,1056,524,128,4,32,69,False,False,"Ill-posed constraints:
CONSTRAINTS VIOLATION: Arch: Eyeriss_Constrained_4L_tile69_32x4 -> Level: InRegister: memory footprint: 294 VS memory available: 34",0.000e+00,0.000e+00,0.00e+00,0,0.0,0.0,
mccnn_4layer_2026-02-25T17:18:33.823924,mccnn,4layer,full,4,eyeriss,thesis_arch,1056,524,128,4,64,69,False,False,"Ill-posed constraints:
CONSTRAINTS VIOLATION: Arch: Eyeriss_Constrained_4L_tile69_64x4 -> Level: InRegister: memory footprint: 294 VS memory available: 34",0.000e+00,0.000e+00,0.00e+00,0,0.0,0.0,
mccnn_4layer_2026-02-25T17:18:34.114498,mccnn,4layer,full,4,eyeriss,thesis_arch,1056,524,128,4,128,69,False,False,"Ill-posed constraints:
CONSTRAINTS VIOLATION: Arch: Eyeriss_Constrained_4L_tile69_128x4 -> Level: InRegister: memory footprint: 294 VS memory available: 34",0.000e+00,0.000e+00,0.00e+00,0,0.0,0.0,
mccnn_4layer_2026-02-25T17:18:34.423303,mccnn,4layer,full,4,eyeriss,thesis_arch,1056,524,128,4,256,69,False,False,"Ill-posed constraints:
CONSTRAINTS VIOLATION: Arch: Eyeriss_Constrained_4L_tile69_256x4 -> Level: InRegister: memory footprint: 294 VS memory available: 34",0.000e+00,0.000e+00,0.00e+00,0,0.0,0.0,
mccnn_4layer_2026-02-25T17:18:34.660229,mccnn,4layer,full,4,eyeriss,thesis_arch,1056,524,128,4,512,69,False,False,"Ill-posed constraints:
CONSTRAINTS VIOLATION: Arch: Eyeriss_Constrained_4L_tile69_512x4 -> Level: InRegister: memory footprint: 294 VS memory available: 34",0.000e+00,0.000e+00,0.00e+00,0,0.0,0.0,
mccnn_4layer_2026-02-25T17:18:34.896271,mccnn,4layer,full,4,eyeriss,thesis_arch,1056,524,128,16,4,69,False,False,"Ill-posed constraints:
CONSTRAINTS VIOLATION: Arch: Eyeriss_Constrained_4L_tile69_4x16 -> Level: InRegister: memory footprint: 78 VS memory available: 34
CONSTRAINTS VIOLATION: Arch: Eyeriss_Constrained_4L_tile69_4x16 -> Level: WRegister: memory footprint: 582 VS memory available: 300",0.000e+00,0.000e+00,0.00e+00,0,0.0,0.0,
mccnn_4layer_2026-02-25T17:18:35.182435,mccnn,4layer,full,4,eyeriss,thesis_arch,1056,524,128,16,16,69,False,False,"Ill-posed constraints:
CONSTRAINTS VIOLATION: Arch: Eyeriss_Constrained_4L_tile69_16x16 -> Level: InRegister: memory footprint: 78 VS memory available: 34",0.000e+00,0.000e+00,0.00e+00,0,0.0,0.0,
mccnn_4layer_2026-02-25T17:18:35.489969,mccnn,4layer,full,4,eyeriss,thesis_arch,1056,524,128,16,32,69,False,False,"Ill-posed constraints:
CONSTRAINTS VIOLATION: Arch: Eyeriss_Constrained_4L_tile69_32x16 -> Level: InRegister: memory footprint: 78 VS memory available: 34",0.000e+00,0.000e+00,0.00e+00,0,0.0,0.0,
mccnn_4layer_2026-02-25T17:18:35.804808,mccnn,4layer,full,4,eyeriss,thesis_arch,1056,524,128,16,64,69,False,False,"Ill-posed constraints:
CONSTRAINTS VIOLATION: Arch: Eyeriss_Constrained_4L_tile69_64x16 -> Level: InRegister: memory footprint: 78 VS memory available: 34",0.000e+00,0.000e+00,0.00e+00,0,0.0,0.0,
mccnn_4layer_2026-02-25T17:18:36.141191,mccnn,4layer,full,4,eyeriss,thesis_arch,1056,524,128,16,128,69,False,False,"Ill-posed constraints:
CONSTRAINTS VIOLATION: Arch: Eyeriss_Constrained_4L_tile69_128x16 -> Level: InRegister: memory footprint: 78 VS memory available: 34",0.000e+00,0.000e+00,0.00e+00,0,0.0,0.0,
mccnn_4layer_2026-02-25T17:18:36.481702,mccnn,4layer,full,4,eyeriss,thesis_arch,1056,524,128,16,256,69,False,False,"Ill-posed constraints:
CONSTRAINTS VIOLATION: Arch: Eyeriss_Constrained_4L_tile69_256x16 -> Level: InRegister: memory footprint: 78 VS memory available: 34",0.000e+00,0.000e+00,0.00e+00,0,0.0,0.0,
mccnn_4layer_2026-02-25T17:18:36.753392,mccnn,4layer,full,4,eyeriss,thesis_arch,1056,524,128,16,512,69,False,False,"Ill-posed constraints:
CONSTRAINTS VIOLATION: Arch: Eyeriss_Constrained_4L_tile69_512x16 -> Level: InRegister: memory footprint: 78 VS memory available: 34",0.000e+00,0.000e+00,0.00e+00,0,0.0,0.0,
mccnn_4layer_2026-02-25T17:18:37.014247,mccnn,4layer,full,4,eyeriss,thesis_arch,1056,524,128,32,4,69,False,False,"Ill-posed constraints:
CONSTRAINTS VIOLATION: Arch: Eyeriss_Constrained_4L_tile69_4x32 -> Level: InRegister: memory footprint: 42 VS memory available: 34",0.000e+00,0.000e+00,0.00e+00,0,0.0,0.0,
mccnn_4layer_2026-02-25T17:18:37.333228,mccnn,4layer,full,4,eyeriss,thesis_arch,1056,524,128,32,16,69,False,False,"Ill-posed constraints:
CONSTRAINTS VIOLATION: Arch: Eyeriss_Constrained_4L_tile69_16x32 -> Level: InRegister: memory footprint: 42 VS memory available: 34",0.000e+00,0.000e+00,0.00e+00,0,0.0,0.0,
mccnn_4layer_2026-02-25T17:18:37.656605,mccnn,4layer,full,4,eyeriss,thesis_arch,1056,524,128,32,32,69,False,False,"Ill-posed constraints:
CONSTRAINTS VIOLATION: Arch: Eyeriss_Constrained_4L_tile69_32x32 -> Level: InRegister: memory footprint: 42 VS memory available: 34",0.000e+00,0.000e+00,0.00e+00,0,0.0,0.0,
mccnn_4layer_2026-02-25T17:18:37.984549,mccnn,4layer,full,4,eyeriss,thesis_arch,1056,524,128,32,64,69,False,False,"Ill-posed constraints:
CONSTRAINTS VIOLATION: Arch: Eyeriss_Constrained_4L_tile69_64x32 -> Level: InRegister: memory footprint: 42 VS memory available: 34",0.000e+00,0.000e+00,0.00e+00,0,0.0,0.0,
mccnn_4layer_2026-02-25T17:18:38.308506,mccnn,4layer,full,4,eyeriss,thesis_arch,1056,524,128,32,128,69,False,False,"Ill-posed constraints:
CONSTRAINTS VIOLATION: Arch: Eyeriss_Constrained_4L_tile69_128x32 -> Level: InRegister: memory footprint: 42 VS memory available: 34",0.000e+00,0.000e+00,0.00e+00,0,0.0,0.0,
mccnn_4layer_2026-02-25T17:18:38.629854,mccnn,4layer,full,4,eyeriss,thesis_arch,1056,524,128,32,256,69,False,False,"Ill-posed constraints:
CONSTRAINTS VIOLATION: Arch: Eyeriss_Constrained_4L_tile69_256x32 -> Level: InRegister: memory footprint: 42 VS memory available: 34",0.000e+00,0.000e+00,0.00e+00,0,0.0,0.0,
mccnn_4layer_2026-02-25T17:18:38.950322,mccnn,4layer,full,4,eyeriss,thesis_arch,1056,524,128,32,512,69,False,False,"Ill-posed constraints:
CONSTRAINTS VIOLATION: Arch: Eyeriss_Constrained_4L_tile69_512x32 -> Level: InRegister: memory footprint: 42 VS memory available: 34",0.000e+00,0.000e+00,0.00e+00,0,0.0,0.0,
mccnn_4layer_2026-02-25T17:18:39.275482,mccnn,4layer,full,4,eyeriss,thesis_arch,1056,524,128,64,4,69,False,True,,3.538e+04,6.865e+07,2.44e+06,"(33281613792, 14645336112)",0.158203125,0.07315325736999512,DRAM[P=376 Q=18 Z3=1 C3=1 R3=1 S3=1 Y2=376 X2=18 Z2=1 C2=1 R2=1 S2=1 Y1=376 X1=18 Z1=1 C1=1 R1=1 S1=1 Y0=376 X0=18 Z0=1 C0=1 R0=1 S0=1] GlobalBuffer[P=1 Q=69 Z3=1 C3=1 R3=1 S3=1 Y2=1 X2=69 Z2=1 C2=1 R2=1 S2=1 Y1=1 X1=69 Z1=1 C1=1 R1=1 S1=1 Y0=1 X0=69 Z0=1 C0=1 R0=1 S0=1] SACols[Q=1 Z3=4] SARows[S3=3 C3=16 Z3=1] SACols_2[X2=1 Z2=4] SARows_2[S2=3 C2=16 Z2=1] SACols_1[X1=1 Z1=4] SARows_1[S1=3 C1=16 Z1=1] SACols_0[X0=1 Z0=4] SARows_0[S0=3 C0=1 Z0=8] InRegister[P=1 Q=1 Z3=1 C3=1 R3=1 S3=1 Y2=1 X2=1 Z2=1 C2=1 R2=1 S2=1 Y1=1 X1=1 Z1=1 C1=1 R1=1 S1=1 Y0=1 X0=1 Z0=1 C0=1 R0=1 S0=1] WRegister[P=1 Q=1 Z3=1 C3=2 R3=3 S3=1 Y2=1 X2=1 Z2=1 C2=2 R2=3 S2=1 Y1=1 X1=1 Z1=1 C1=2 R1=3 S1=1 Y0=1 X0=1 Z0=1 C0=1 R0=3 S0=1] IntermediateRegister[P=1 Q=1 Z3=1 C3=1 R3=1 S3=1 Y2=1 X2=1 Z2=8 C2=1 R2=1 S2=1 Y1=1 X1=1 Z1=8 C1=1 R1=1 S1=1 Y0=1 X0=1 Z0=1 C0=1 R0=1 S0=1] OutRegister[P=1 Q=1 Z3=8 C3=1 R3=1 S3=1 Y2=1 X2=1 Z2=1 C2=1 R2=1 S2=1 Y1=1 X1=1 Z1=1 C1=1 R1=1 S1=1 Y0=1 X0=1 Z0=1 C0=1 R0=1 S0=1] Compute] 
mccnn_4layer_2026-02-25T17:18:39.677761,mccnn,4layer,full,4,eyeriss,thesis_arch,1056,524,128,64,16,69,False,True,,3.654e+04,1.821e+07,6.79e+05,"(36509462496, 14645336112)",0.03955078125,0.0607762336730957,DRAM[P=376 Q=18 Z3=1 C3=1 R3=1 S3=1 Y2=376 X2=18 Z2=1 C2=1 R2=1 S2=1 Y1=376 X1=18 Z1=1 C1=1 R1=1 S1=1 Y0=376 X0=18 Z0=1 C0=1 R0=1 S0=1] GlobalBuffer[P=1 Q=69 Z3=1 C3=1 R3=1 S3=1 Y2=1 X2=69 Z2=1 C2=1 R2=1 S2=1 Y1=1 X1=69 Z1=1 C1=1 R1=1 S1=1 Y0=1 X0=69 Z0=1 C0=1 R0=1 S0=1] SACols[Q=1 Z3=16] SARows[S3=3 C3=16 Z3=1] SACols_2[X2=1 Z2=16] SARows_2[S2=3 C2=16 Z2=1] SACols_1[X1=1 Z1=16] SARows_1[S1=3 C1=16 Z1=1] SACols_0[X0=1 Z0=16] SARows_0[S0=3 C0=1 Z0=2] InRegister[P=1 Q=1 Z3=1 C3=1 R3=1 S3=1 Y2=1 X2=1 Z2=1 C2=1 R2=1 S2=1 Y1=1 X1=1 Z1=1 C1=1 R1=1 S1=1 Y0=1 X0=1 Z0=1 C0=1 R0=1 S0=1] WRegister[P=1 Q=1 Z3=1 C3=2 R3=3 S3=1 Y2=1 X2=1 Z2=1 C2=2 R2=3 S2=1 Y1=1 X1=1 Z1=1 C1=2 R1=3 S1=1 Y0=1 X0=1 Z0=1 C0=1 R0=3 S0=1] IntermediateRegister[P=1 Q=1 Z3=1 C3=1 R3=1 S3=1 Y2=1 X2=1 Z2=2 C2=1 R2=1 S2=1 Y1=1 X1=1 Z1=2 C1=1 R1=1 S1=1 Y0=1 X0=1 Z0=1 C0=1 R0=1 S0=1] OutRegister[P=1 Q=1 Z3=2 C3=1 R3=1 S3=1 Y2=1 X2=1 Z2=1 C2=1 R2=1 S2=1 Y1=1 X1=1 Z1=1 C1=1 R1=1 S1=1 Y0=1 X0=1 Z0=1 C0=1 R0=1 S0=1] Compute] 
mccnn_4layer_2026-02-25T17:18:40.102335,mccnn,4layer,full,4,eyeriss,thesis_arch,1056,524,128,64,32,69,False,True,,3.808e+04,1.261e+07,5.00e+05,"(40813260768, 14645336112)",0.019775390625,0.05962681770324707,DRAM[P=376 Q=18 Z3=1 C3=1 R3=1 S3=1 Y2=376 X2=18 Z2=1 C2=1 R2=1 S2=1 Y1=376 X1=18 Z1=1 C1=1 R1=1 S1=1 Y0=376 X0=18 Z0=1 C0=1 R0=1 S0=1] GlobalBuffer[P=1 Q=69 Z3=1 C3=1 R3=1 S3=1 Y2=1 X2=69 Z2=1 C2=1 R2=1 S2=1 Y1=1 X1=69 Z1=1 C1=1 R1=1 S1=1 Y0=1 X0=69 Z0=1 C0=1 R0=1 S0=1] SACols[Q=1 Z3=32] SARows[S3=3 C3=16 Z3=1] SACols_2[X2=1 Z2=32] SARows_2[S2=3 C2=16 Z2=1] SACols_1[X1=1 Z1=32] SARows_1[S1=3 C1=16 Z1=1] SACols_0[X0=1 Z0=32] SARows_0[S0=3 C0=1 Z0=1] InRegister[P=1 Q=1 Z3=1 C3=1 R3=1 S3=1 Y2=1 X2=1 Z2=1 C2=1 R2=1 S2=1 Y1=1 X1=1 Z1=1 C1=1 R1=1 S1=1 Y0=1 X0=1 Z0=1 C0=1 R0=1 S0=1] WRegister[P=1 Q=1 Z3=1 C3=2 R3=3 S3=1 Y2=1 X2=1 Z2=1 C2=2 R2=3 S2=1 Y1=1 X1=1 Z1=1 C1=2 R1=3 S1=1 Y0=1 X0=1 Z0=1 C0=1 R0=3 S0=1] IntermediateRegister[P=1 Q=1 Z3=1 C3=1 R3=1 S3=1 Y2=1 X2=1 Z2=1 C2=1 R2=1 S2=1 Y1=1 X1=1 Z1=1 C1=1 R1=1 S1=1 Y0=1 X0=1 Z0=1 C0=1 R0=1 S0=1] OutRegister[P=1 Q=1 Z3=1 C3=1 R3=1 S3=1 Y2=1 X2=1 Z2=1 C2=1 R2=1 S2=1 Y1=1 X1=1 Z1=1 C1=1 R1=1 S1=1 Y0=1 X0=1 Z0=1 C0=1 R0=1 S0=1] Compute] 
mccnn_4layer_2026-02-25T17:18:40.488590,mccnn,4layer,full,4,eyeriss,thesis_arch,1056,524,128,64,64,69,False,True,,3.808e+04,1.261e+07,5.00e+05,"(40813260768, 14645336112)",0.0012359619140625,0.06475973129272461,DRAM[P=376 Q=18 Z3=1 C3=1 R3=1 S3=1 Y2=376 X2=18 Z2=1 C2=1 R2=1 S2=1 Y1=376 X1=18 Z1=1 C1=1 R1=1 S1=1 Y0=376 X0=18 Z0=1 C0=1 R0=1 S0=1] GlobalBuffer[P=1 Q=69 Z3=1 C3=1 R3=1 S3=1 Y2=1 X2=69 Z2=1 C2=1 R2=1 S2=1 Y1=1 X1=69 Z1=1 C1=1 R1=1 S1=1 Y0=1 X0=69 Z0=1 C0=1 R0=1 S0=1] SACols[Q=1 Z3=32] SARows[S3=3 C3=16 Z3=1] SACols_2[X2=1 Z2=32] SARows_2[S2=3 C2=16 Z2=1] SACols_1[X1=1 Z1=32] SARows_1[S1=3 C1=16 Z1=1] SACols_0[X0=1 Z0=32] SARows_0[S0=3 C0=1 Z0=1] InRegister[P=1 Q=1 Z3=1 C3=1 R3=1 S3=1 Y2=1 X2=1 Z2=1 C2=1 R2=1 S2=1 Y1=1 X1=1 Z1=1 C1=1 R1=1 S1=1 Y0=1 X0=1 Z0=1 C0=1 R0=1 S0=1] WRegister[P=1 Q=1 Z3=1 C3=2 R3=3 S3=1 Y2=1 X2=1 Z2=1 C2=2 R2=3 S2=1 Y1=1 X1=1 Z1=1 C1=2 R1=3 S1=1 Y0=1 X0=1 Z0=1 C0=1 R0=3 S0=1] IntermediateRegister[P=1 Q=1 Z3=1 C3=1 R3=1 S3=1 Y2=1 X2=1 Z2=1 C2=1 R2=1 S2=1 Y1=1 X1=1 Z1=1 C1=1 R1=1 S1=1 Y0=1 X0=1 Z0=1 C0=1 R0=1 S0=1] OutRegister[P=1 Q=1 Z3=1 C3=1 R3=1 S3=1 Y2=1 X2=1 Z2=1 C2=1 R2=1 S2=1 Y1=1 X1=1 Z1=1 C1=1 R1=1 S1=1 Y0=1 X0=1 Z0=1 C0=1 R0=1 S0=1] Compute] 
mccnn_4layer_2026-02-25T17:18:40.803735,mccnn,4layer,full,4,eyeriss,thesis_arch,1056,524,128,64,128,69,False,True,,3.808e+04,1.223e+07,4.84e+05,"(40813260768, 14645336112)",0.006257057189941406,0.06090044975280762,DRAM[P=376 Q=18 Z3=1 C3=1 R3=1 S3=1 Y2=376 X2=18 Z2=1 C2=1 R2=1 S2=1 Y1=376 X1=18 Z1=1 C1=1 R1=1 S1=1 Y0=376 X0=18 Z0=1 C0=1 R0=1 S0=1] GlobalBuffer[P=1 Q=23 Z3=1 C3=1 R3=1 S3=1 Y2=1 X2=23 Z2=1 C2=1 R2=1 S2=1 Y1=1 X1=23 Z1=1 C1=1 R1=1 S1=1 Y0=1 X0=23 Z0=1 C0=1 R0=1 S0=1] SACols[Q=3 Z3=32] SARows[S3=3 C3=16 Z3=1] SACols_2[X2=3 Z2=32] SARows_2[S2=3 C2=16 Z2=1] SACols_1[X1=3 Z1=32] SARows_1[S1=3 C1=16 Z1=1] SACols_0[X0=3 Z0=32] SARows_0[S0=3 C0=1 Z0=1] InRegister[P=1 Q=1 Z3=1 C3=1 R3=1 S3=1 Y2=1 X2=1 Z2=1 C2=1 R2=1 S2=1 Y1=1 X1=1 Z1=1 C1=1 R1=1 S1=1 Y0=1 X0=1 Z0=1 C0=1 R0=1 S0=1] WRegister[P=1 Q=1 Z3=1 C3=2 R3=3 S3=1 Y2=1 X2=1 Z2=1 C2=2 R2=3 S2=1 Y1=1 X1=1 Z1=1 C1=2 R1=3 S1=1 Y0=1 X0=1 Z0=1 C0=1 R0=3 S0=1] IntermediateRegister[P=1 Q=1 Z3=1 C3=1 R3=1 S3=1 Y2=1 X2=1 Z2=1 C2=1 R2=1 S2=1 Y1=1 X1=1 Z1=1 C1=1 R1=1 S1=1 Y0=1 X0=1 Z0=1 C0=1 R0=1 S0=1] OutRegister[P=1 Q=1 Z3=1 C3=1 R3=1 S3=1 Y2=1 X2=1 Z2=1 C2=1 R2=1 S2=1 Y1=1 X1=1 Z1=1 C1=1 R1=1 S1=1 Y0=1 X0=1 Z0=1 C0=1 R0=1 S0=1] Compute] 
mccnn_4layer_2026-02-25T17:18:41.090953,mccnn,4layer,full,4,eyeriss,thesis_arch,1056,524,128,64,256,69,False,True,,3.808e+04,1.223e+07,4.84e+05,"(40813260768, 14645336112)",0.0003910660743713379,0.05373334884643555,DRAM[P=376 Q=18 Z3=1 C3=1 R3=1 S3=1 Y2=376 X2=18 Z2=1 C2=1 R2=1 S2=1 Y1=376 X1=18 Z1=1 C1=1 R1=1 S1=1 Y0=376 X0=18 Z0=1 C0=1 R0=1 S0=1] GlobalBuffer[P=1 Q=23 Z3=1 C3=1 R3=1 S3=1 Y2=1 X2=23 Z2=1 C2=1 R2=1 S2=1 Y1=1 X1=23 Z1=1 C1=1 R1=1 S1=1 Y0=1 X0=23 Z0=1 C0=1 R0=1 S0=1] SACols[Q=3 Z3=32] SARows[S3=3 C3=16 Z3=1] SACols_2[X2=3 Z2=32] SARows_2[S2=3 C2=16 Z2=1] SACols_1[X1=3 Z1=32] SARows_1[S1=3 C1=16 Z1=1] SACols_0[X0=3 Z0=32] SARows_0[S0=3 C0=1 Z0=1] InRegister[P=1 Q=1 Z3=1 C3=1 R3=1 S3=1 Y2=1 X2=1 Z2=1 C2=1 R2=1 S2=1 Y1=1 X1=1 Z1=1 C1=1 R1=1 S1=1 Y0=1 X0=1 Z0=1 C0=1 R0=1 S0=1] WRegister[P=1 Q=1 Z3=1 C3=2 R3=3 S3=1 Y2=1 X2=1 Z2=1 C2=2 R2=3 S2=1 Y1=1 X1=1 Z1=1 C1=2 R1=3 S1=1 Y0=1 X0=1 Z0=1 C0=1 R0=3 S0=1] IntermediateRegister[P=1 Q=1 Z3=1 C3=1 R3=1 S3=1 Y2=1 X2=1 Z2=1 C2=1 R2=1 S2=1 Y1=1 X1=1 Z1=1 C1=1 R1=1 S1=1 Y0=1 X0=1 Z0=1 C0=1 R0=1 S0=1] OutRegister[P=1 Q=1 Z3=1 C3=1 R3=1 S3=1 Y2=1 X2=1 Z2=1 C2=1 R2=1 S2=1 Y1=1 X1=1 Z1=1 C1=1 R1=1 S1=1 Y0=1 X0=1 Z0=1 C0=1 R0=1 S0=1] Compute] 
mccnn_4layer_2026-02-25T17:18:41.413341,mccnn,4layer,full,4,eyeriss,thesis_arch,1056,524,128,128,4,69,False,True,,3.641e+04,3.502e+07,1.28e+06,"(34716213216, 16079935536)",0.0791015625,0.07967019081115723,DRAM[P=376 Q=18 Z3=1 C3=1 R3=1 S3=1 Y2=376 X2=18 Z2=1 C2=1 R2=1 S2=1 Y1=376 X1=18 Z1=1 C1=1 R1=1 S1=1 Y0=376 X0=18 Z0=1 C0=1 R0=1 S0=1] GlobalBuffer[P=1 Q=69 Z3=1 C3=1 R3=1 S3=1 Y2=1 X2=69 Z2=1 C2=1 R2=1 S2=1 Y1=1 X1=69 Z1=1 C1=1 R1=1 S1=1 Y0=1 X0=69 Z0=1 C0=1 R0=1 S0=1] SACols[Q=1 Z3=4] SARows[S3=3 C3=32 Z3=1] SACols_2[X2=1 Z2=4] SARows_2[S2=3 C2=32 Z2=1] SACols_1[X1=1 Z1=4] SARows_1[S1=3 C1=32 Z1=1] SACols_0[X0=1 Z0=4] SARows_0[S0=3 C0=1 Z0=8] InRegister[P=1 Q=1 Z3=1 C3=1 R3=1 S3=1 Y2=1 X2=1 Z2=1 C2=1 R2=1 S2=1 Y1=1 X1=1 Z1=1 C1=1 R1=1 S1=1 Y0=1 X0=1 Z0=1 C0=1 R0=1 S0=1] WRegister[P=1 Q=1 Z3=1 C3=1 R3=3 S3=1 Y2=1 X2=1 Z2=1 C2=1 R2=3 S2=1 Y1=1 X1=1 Z1=1 C1=1 R1=3 S1=1 Y0=1 X0=1 Z0=1 C0=1 R0=3 S0=1] IntermediateRegister[P=1 Q=1 Z3=1 C3=1 R3=1 S3=1 Y2=1 X2=1 Z2=8 C2=1 R2=1 S2=1 Y1=1 X1=1 Z1=8 C1=1 R1=1 S1=1 Y0=1 X0=1 Z0=1 C0=1 R0=1 S0=1] OutRegister[P=1 Q=1 Z3=8 C3=1 R3=1 S3=1 Y2=1 X2=1 Z2=1 C2=1 R2=1 S2=1 Y1=1 X1=1 Z1=1 C1=1 R1=1 S1=1 Y0=1 X0=1 Z0=1 C0=1 R0=1 S0=1] Compute] 
mccnn_4layer_2026-02-25T17:18:41.830776,mccnn,4layer,full,4,eyeriss,thesis_arch,1056,524,128,128,16,69,False,True,,3.756e+04,1.261e+07,4.83e+05,"(37944061920, 16079935536)",0.019775390625,0.05661892890930176,DRAM[P=376 Q=18 Z3=1 C3=1 R3=1 S3=1 Y2=376 X2=18 Z2=1 C2=1 R2=1 S2=1 Y1=376 X1=18 Z1=1 C1=1 R1=1 S1=1 Y0=376 X0=18 Z0=1 C0=1 R0=1 S0=1] GlobalBuffer[P=1 Q=69 Z3=1 C3=1 R3=1 S3=1 Y2=1 X2=69 Z2=1 C2=1 R2=1 S2=1 Y1=1 X1=69 Z1=1 C1=1 R1=1 S1=1 Y0=1 X0=69 Z0=1 C0=1 R0=1 S0=1] SACols[Q=1 Z3=16] SARows[S3=3 C3=32 Z3=1] SACols_2[X2=1 Z2=16] SARows_2[S2=3 C2=32 Z2=1] SACols_1[X1=1 Z1=16] SARows_1[S1=3 C1=32 Z1=1] SACols_0[X0=1 Z0=16] SARows_0[S0=3 C0=1 Z0=2] InRegister[P=1 Q=1 Z3=1 C3=1 R3=1 S3=1 Y2=1 X2=1 Z2=1 C2=1 R2=1 S2=1 Y1=1 X1=1 Z1=1 C1=1 R1=1 S1=1 Y0=1 X0=1 Z0=1 C0=1 R0=1 S0=1] WRegister[P=1 Q=1 Z3=1 C3=1 R3=3 S3=1 Y2=1 X2=1 Z2=1 C2=1 R2=3 S2=1 Y1=1 X1=1 Z1=1 C1=1 R1=3 S1=1 Y0=1 X0=1 Z0=1 C0=1 R0=3 S0=1] IntermediateRegister[P=1 Q=1 Z3=1 C3=1 R3=1 S3=1 Y2=1 X2=1 Z2=2 C2=1 R2=1 S2=1 Y1=1 X1=1 Z1=2 C1=1 R1=1 S1=1 Y0=1 X0=1 Z0=1 C0=1 R0=1 S0=1] OutRegister[P=1 Q=1 Z3=2 C3=1 R3=1 S3=1 Y2=1 X2=1 Z2=1 C2=1 R2=1 S2=1 Y1=1 X1=1 Z1=1 C1=1 R1=1 S1=1 Y0=1 X0=1 Z0=1 C0=1 R0=1 S0=1] Compute] 
mccnn_4layer_2026-02-25T17:18:42.150514,mccnn,4layer,full,4,eyeriss,thesis_arch,1056,524,128,128,32,69,False,True,,3.910e+04,1.261e+07,5.12e+05,"(42247860192, 16079935536)",0.0098876953125,0.05728459358215332,DRAM[P=376 Q=18 Z3=1 C3=1 R3=1 S3=1 Y2=376 X2=18 Z2=1 C2=1 R2=1 S2=1 Y1=376 X1=18 Z1=1 C1=1 R1=1 S1=1 Y0=376 X0=18 Z0=1 C0=1 R0=1 S0=1] GlobalBuffer[P=1 Q=69 Z3=1 C3=1 R3=1 S3=1 Y2=1 X2=69 Z2=1 C2=1 R2=1 S2=1 Y1=1 X1=69 Z1=1 C1=1 R1=1 S1=1 Y0=1 X0=69 Z0=1 C0=1 R0=1 S0=1] SACols[Q=1 Z3=32] SARows[S3=3 C3=32 Z3=1] SACols_2[X2=1 Z2=32] SARows_2[S2=3 C2=32 Z2=1] SACols_1[X1=1 Z1=32] SARows_1[S1=3 C1=32 Z1=1] SACols_0[X0=1 Z0=32] SARows_0[S0=3 C0=1 Z0=1] InRegister[P=1 Q=1 Z3=1 C3=1 R3=1 S3=1 Y2=1 X2=1 Z2=1 C2=1 R2=1 S2=1 Y1=1 X1=1 Z1=1 C1=1 R1=1 S1=1 Y0=1 X0=1 Z0=1 C0=1 R0=1 S0=1] WRegister[P=1 Q=1 Z3=1 C3=1 R3=3 S3=1 Y2=1 X2=1 Z2=1 C2=1 R2=3 S2=1 Y1=1 X1=1 Z1=1 C1=1 R1=3 S1=1 Y0=1 X0=1 Z0=1 C0=1 R0=3 S0=1] IntermediateRegister[P=1 Q=1 Z3=1 C3=1 R3=1 S3=1 Y2=1 X2=1 Z2=1 C2=1 R2=1 S2=1 Y1=1 X1=1 Z1=1 C1=1 R1=1 S1=1 Y0=1 X0=1 Z0=1 C0=1 R0=1 S0=1] OutRegister[P=1 Q=1 Z3=1 C3=1 R3=1 S3=1 Y2=1 X2=1 Z2=1 C2=1 R2=1 S2=1 Y1=1 X1=1 Z1=1 C1=1 R1=1 S1=1 Y0=1 X0=1 Z0=1 C0=1 R0=1 S0=1] Compute] 
mccnn_4layer_2026-02-25T17:18:42.545330,mccnn,4layer,full,4,eyeriss,thesis_arch,1056,524,128,128,64,69,False,True,,3.910e+04,1.261e+07,5.12e+05,"(42247860192, 16079935536)",0.00061798095703125,0.05237722396850586,DRAM[P=376 Q=18 Z3=1 C3=1 R3=1 S3=1 Y2=376 X2=18 Z2=1 C2=1 R2=1 S2=1 Y1=376 X1=18 Z1=1 C1=1 R1=1 S1=1 Y0=376 X0=18 Z0=1 C0=1 R0=1 S0=1] GlobalBuffer[P=1 Q=69 Z3=1 C3=1 R3=1 S3=1 Y2=1 X2=69 Z2=1 C2=1 R2=1 S2=1 Y1=1 X1=69 Z1=1 C1=1 R1=1 S1=1 Y0=1 X0=69 Z0=1 C0=1 R0=1 S0=1] SACols[Q=1 Z3=32] SARows[S3=3 C3=32 Z3=1] SACols_2[X2=1 Z2=32] SARows_2[S2=3 C2=32 Z2=1] SACols_1[X1=1 Z1=32] SARows_1[S1=3 C1=32 Z1=1] SACols_0[X0=1 Z0=32] SARows_0[S0=3 C0=1 Z0=1] InRegister[P=1 Q=1 Z3=1 C3=1 R3=1 S3=1 Y2=1 X2=1 Z2=1 C2=1 R2=1 S2=1 Y1=1 X1=1 Z1=1 C1=1 R1=1 S1=1 Y0=1 X0=1 Z0=1 C0=1 R0=1 S0=1] WRegister[P=1 Q=1 Z3=1 C3=1 R3=3 S3=1 Y2=1 X2=1 Z2=1 C2=1 R2=3 S2=1 Y1=1 X1=1 Z1=1 C1=1 R1=3 S1=1 Y0=1 X0=1 Z0=1 C0=1 R0=3 S0=1] IntermediateRegister[P=1 Q=1 Z3=1 C3=1 R3=1 S3=1 Y2=1 X2=1 Z2=1 C2=1 R2=1 S2=1 Y1=1 X1=1 Z1=1 C1=1 R1=1 S1=1 Y0=1 X0=1 Z0=1 C0=1 R0=1 S0=1] OutRegister[P=1 Q=1 Z3=1 C3=1 R3=1 S3=1 Y2=1 X2=1 Z2=1 C2=1 R2=1 S2=1 Y1=1 X1=1 Z1=1 C1=1 R1=1 S1=1 Y0=1 X0=1 Z0=1 C0=1 R0=1 S0=1] Compute] 
mccnn_4layer_2026-02-25T17:18:42.879375,mccnn,4layer,full,4,eyeriss,thesis_arch,1056,524,128,128,128,69,False,True,,3.910e+04,1.223e+07,4.97e+05,"(42247860192, 16079935536)",0.003128528594970703,0.06706523895263672,DRAM[P=376 Q=18 Z3=1 C3=1 R3=1 S3=1 Y2=376 X2=18 Z2=1 C2=1 R2=1 S2=1 Y1=376 X1=18 Z1=1 C1=1 R1=1 S1=1 Y0=376 X0=18 Z0=1 C0=1 R0=1 S0=1] GlobalBuffer[P=1 Q=23 Z3=1 C3=1 R3=1 S3=1 Y2=1 X2=23 Z2=1 C2=1 R2=1 S2=1 Y1=1 X1=23 Z1=1 C1=1 R1=1 S1=1 Y0=1 X0=23 Z0=1 C0=1 R0=1 S0=1] SACols[Q=3 Z3=32] SARows[S3=3 C3=32 Z3=1] SACols_2[X2=3 Z2=32] SARows_2[S2=3 C2=32 Z2=1] SACols_1[X1=3 Z1=32] SARows_1[S1=3 C1=32 Z1=1] SACols_0[X0=3 Z0=32] SARows_0[S0=3 C0=1 Z0=1] InRegister[P=1 Q=1 Z3=1 C3=1 R3=1 S3=1 Y2=1 X2=1 Z2=1 C2=1 R2=1 S2=1 Y1=1 X1=1 Z1=1 C1=1 R1=1 S1=1 Y0=1 X0=1 Z0=1 C0=1 R0=1 S0=1] WRegister[P=1 Q=1 Z3=1 C3=1 R3=3 S3=1 Y2=1 X2=1 Z2=1 C2=1 R2=3 S2=1 Y1=1 X1=1 Z1=1 C1=1 R1=3 S1=1 Y0=1 X0=1 Z0=1 C0=1 R0=3 S0=1] IntermediateRegister[P=1 Q=1 Z3=1 C3=1 R3=1 S3=1 Y2=1 X2=1 Z2=1 C2=1 R2=1 S2=1 Y1=1 X1=1 Z1=1 C1=1 R1=1 S1=1 Y0=1 X0=1 Z0=1 C0=1 R0=1 S0=1] OutRegister[P=1 Q=1 Z3=1 C3=1 R3=1 S3=1 Y2=1 X2=1 Z2=1 C2=1 R2=1 S2=1 Y1=1 X1=1 Z1=1 C1=1 R1=1 S1=1 Y0=1 X0=1 Z0=1 C0=1 R0=1 S0=1] Compute] 
mccnn_4layer_2026-02-25T17:18:43.189582,mccnn,4layer,full,4,eyeriss,thesis_arch,1056,524,128,256,4,69,False,True,,3.679e+04,1.821e+07,6.77e+05,"(35792162784, 16079935536)",0.03955078125,0.060224056243896484,DRAM[P=376 Q=18 Z3=1 C3=1 R3=1 S3=1 Y2=376 X2=18 Z2=1 C2=1 R2=1 S2=1 Y1=376 X1=18 Z1=1 C1=1 R1=1 S1=1 Y0=376 X0=18 Z0=1 C0=1 R0=1 S0=1] GlobalBuffer[P=1 Q=69 Z3=1 C3=1 R3=1 S3=1 Y2=1 X2=69 Z2=1 C2=1 R2=1 S2=1 Y1=1 X1=69 Z1=1 C1=1 R1=1 S1=1 Y0=1 X0=69 Z0=1 C0=1 R0=1 S0=1] SACols[Q=1 Z3=4] SARows[S3=3 C3=32 Z3=2] SACols_2[X2=1 Z2=4] SARows_2[S2=3 C2=32 Z2=2] SACols_1[X1=1 Z1=4] SARows_1[S1=3 C1=32 Z1=2] SACols_0[X0=1 Z0=4] SARows_0[S0=3 C0=1 Z0=8] InRegister[P=1 Q=1 Z3=1 C3=1 R3=1 S3=1 Y2=1 X2=1 Z2=1 C2=1 R2=1 S2=1 Y1=1 X1=1 Z1=1 C1=1 R1=1 S1=1 Y0=1 X0=1 Z0=1 C0=1 R0=1 S0=1] WRegister[P=1 Q=1 Z3=1 C3=1 R3=3 S3=1 Y2=1 X2=1 Z2=1 C2=1 R2=3 S2=1 Y1=1 X1=1 Z1=1 C1=1 R1=3 S1=1 Y0=1 X0=1 Z0=1 C0=1 R0=3 S0=1] IntermediateRegister[P=1 Q=1 Z3=1 C3=1 R3=1 S3=1 Y2=1 X2=1 Z2=4 C2=1 R2=1 S2=1 Y1=1 X1=1 Z1=4 C1=1 R1=1 S1=1 Y0=1 X0=1 Z0=1 C0=1 R0=1 S0=1] OutRegister[P=1 Q=1 Z3=4 C3=1 R3=1 S3=1 Y2=1 X2=1 Z2=1 C2=1 R2=1 S2=1 Y1=1 X1=1 Z1=1 C1=1 R1=1 S1=1 Y0=1 X0=1 Z0=1 C0=1 R0=1 S0=1] Compute] 
mccnn_4layer_2026-02-25T17:18:43.553769,mccnn,4layer,full,4,eyeriss,thesis_arch,1056,524,128,256,16,69,False,True,,3.910e+04,1.261e+07,5.12e+05,"(42247860192, 16079935536)",0.0098876953125,0.08512544631958008,DRAM[P=376 Q=18 Z3=1 C3=1 R3=1 S3=1 Y2=376 X2=18 Z2=1 C2=1 R2=1 S2=1 Y1=376 X1=18 Z1=1 C1=1 R1=1 S1=1 Y0=376 X0=18 Z0=1 C0=1 R0=1 S0=1] GlobalBuffer[P=1 Q=69 Z3=1 C3=1 R3=1 S3=1 Y2=1 X2=69 Z2=1 C2=1 R2=1 S2=1 Y1=1 X1=69 Z1=1 C1=1 R1=1 S1=1 Y0=1 X0=69 Z0=1 C0=1 R0=1 S0=1] SACols[Q=1 Z3=16] SARows[S3=3 C3=32 Z3=2] SACols_2[X2=1 Z2=16] SARows_2[S2=3 C2=32 Z2=2] SACols_1[X1=1 Z1=16] SARows_1[S1=3 C1=32 Z1=2] SACols_0[X0=1 Z0=16] SARows_0[S0=3 C0=1 Z0=2] InRegister[P=1 Q=1 Z3=1 C3=1 R3=1 S3=1 Y2=1 X2=1 Z2=1 C2=1 R2=1 S2=1 Y1=1 X1=1 Z1=1 C1=1 R1=1 S1=1 Y0=1 X0=1 Z0=1 C0=1 R0=1 S0=1] WRegister[P=1 Q=1 Z3=1 C3=1 R3=3 S3=1 Y2=1 X2=1 Z2=1 C2=1 R2=3 S2=1 Y1=1 X1=1 Z1=1 C1=1 R1=3 S1=1 Y0=1 X0=1 Z0=1 C0=1 R0=3 S0=1] IntermediateRegister[P=1 Q=1 Z3=1 C3=1 R3=1 S3=1 Y2=1 X2=1 Z2=1 C2=1 R2=1 S2=1 Y1=1 X1=1 Z1=1 C1=1 R1=1 S1=1 Y0=1 X0=1 Z0=1 C0=1 R0=1 S0=1] OutRegister[P=1 Q=1 Z3=1 C3=1 R3=1 S3=1 Y2=1 X2=1 Z2=1 C2=1 R2=1 S2=1 Y1=1 X1=1 Z1=1 C1=1 R1=1 S1=1 Y0=1 X0=1 Z0=1 C0=1 R0=1 S0=1] Compute] 
mccnn_4layer_2026-02-25T17:18:43.884502,mccnn,4layer,full,4,eyeriss,thesis_arch,1056,524,128,256,32,69,False,True,,3.910e+04,1.261e+07,5.12e+05,"(42247860192, 16079935536)",0.00061798095703125,0.07681131362915039,DRAM[P=376 Q=18 Z3=1 C3=1 R3=1 S3=1 Y2=376 X2=18 Z2=1 C2=1 R2=1 S2=1 Y1=376 X1=18 Z1=1 C1=1 R1=1 S1=1 Y0=376 X0=18 Z0=1 C0=1 R0=1 S0=1] GlobalBuffer[P=1 Q=69 Z3=1 C3=1 R3=1 S3=1 Y2=1 X2=69 Z2=1 C2=1 R2=1 S2=1 Y1=1 X1=69 Z1=1 C1=1 R1=1 S1=1 Y0=1 X0=69 Z0=1 C0=1 R0=1 S0=1] SACols[Q=1 Z3=32] SARows[S3=3 C3=32 Z3=1] SACols_2[X2=1 Z2=32] SARows_2[S2=3 C2=32 Z2=1] SACols_1[X1=1 Z1=32] SARows_1[S1=3 C1=32 Z1=1] SACols_0[X0=1 Z0=32] SARows_0[S0=3 C0=1 Z0=1] InRegister[P=1 Q=1 Z3=1 C3=1 R3=1 S3=1 Y2=1 X2=1 Z2=1 C2=1 R2=1 S2=1 Y1=1 X1=1 Z1=1 C1=1 R1=1 S1=1 Y0=1 X0=1 Z0=1 C0=1 R0=1 S0=1] WRegister[P=1 Q=1 Z3=1 C3=1 R3=3 S3=1 Y2=1 X2=1 Z2=1 C2=1 R2=3 S2=1 Y1=1 X1=1 Z1=1 C1=1 R1=3 S1=1 Y0=1 X0=1 Z0=1 C0=1 R0=3 S0=1] IntermediateRegister[P=1 Q=1 Z3=1 C3=1 R3=1 S3=1 Y2=1 X2=1 Z2=1 C2=1 R2=1 S2=1 Y1=1 X1=1 Z1=1 C1=1 R1=1 S1=1 Y0=1 X0=1 Z0=1 C0=1 R0=1 S0=1] OutRegister[P=1 Q=1 Z3=1 C3=1 R3=1 S3=1 Y2=1 X2=1 Z2=1 C2=1 R2=1 S2=1 Y1=1 X1=1 Z1=1 C1=1 R1=1 S1=1 Y0=1 X0=1 Z0=1 C0=1 R0=1 S0=1] Compute] 
mccnn_4layer_2026-02-25T17:18:44.292423,mccnn,4layer,full,4,eyeriss,thesis_arch,1056,524,128,256,64,69,False,True,,3.910e+04,1.261e+07,5.12e+05,"(42247860192, 16079935536)",3.8623809814453125e-05,0.09810829162597656,DRAM[P=376 Q=18 Z3=1 C3=1 R3=1 S3=1 Y2=376 X2=18 Z2=1 C2=1 R2=1 S2=1 Y1=376 X1=18 Z1=1 C1=1 R1=1 S1=1 Y0=376 X0=18 Z0=1 C0=1 R0=1 S0=1] GlobalBuffer[P=1 Q=69 Z3=1 C3=1 R3=1 S3=1 Y2=1 X2=69 Z2=1 C2=1 R2=1 S2=1 Y1=1 X1=69 Z1=1 C1=1 R1=1 S1=1 Y0=1 X0=69 Z0=1 C0=1 R0=1 S0=1] SACols[Q=1 Z3=32] SARows[S3=3 C3=32 Z3=1] SACols_2[X2=1 Z2=32] SARows_2[S2=3 C2=32 Z2=1] SACols_1[X1=1 Z1=32] SARows_1[S1=3 C1=32 Z1=1] SACols_0[X0=1 Z0=32] SARows_0[S0=3 C0=1 Z0=1] InRegister[P=1 Q=1 Z3=1 C3=1 R3=1 S3=1 Y2=1 X2=1 Z2=1 C2=1 R2=1 S2=1 Y1=1 X1=1 Z1=1 C1=1 R1=1 S1=1 Y0=1 X0=1 Z0=1 C0=1 R0=1 S0=1] WRegister[P=1 Q=1 Z3=1 C3=1 R3=3 S3=1 Y2=1 X2=1 Z2=1 C2=1 R2=3 S2=1 Y1=1 X1=1 Z1=1 C1=1 R1=3 S1=1 Y0=1 X0=1 Z0=1 C0=1 R0=3 S0=1] IntermediateRegister[P=1 Q=1 Z3=1 C3=1 R3=1 S3=1 Y2=1 X2=1 Z2=1 C2=1 R2=1 S2=1 Y1=1 X1=1 Z1=1 C1=1 R1=1 S1=1 Y0=1 X0=1 Z0=1 C0=1 R0=1 S0=1] OutRegister[P=1 Q=1 Z3=1 C3=1 R3=1 S3=1 Y2=1 X2=1 Z2=1 C2=1 R2=1 S2=1 Y1=1 X1=1 Z1=1 C1=1 R1=1 S1=1 Y0=1 X0=1 Z0=1 C0=1 R0=1 S0=1] Compute] 
mccnn_4layer_2026-02-25T17:18:44.642775,mccnn,4layer,full,4,eyeriss,thesis_arch,1056,524,128,512,4,69,False,True,,3.756e+04,1.261e+07,4.83e+05,"(37944061920, 16079935536)",0.019775390625,0.06520915031433105,DRAM[P=376 Q=18 Z3=1 C3=1 R3=1 S3=1 Y2=376 X2=18 Z2=1 C2=1 R2=1 S2=1 Y1=376 X1=18 Z1=1 C1=1 R1=1 S1=1 Y0=376 X0=18 Z0=1 C0=1 R0=1 S0=1] GlobalBuffer[P=1 Q=69 Z3=1 C3=1 R3=1 S3=1 Y2=1 X2=69 Z2=1 C2=1 R2=1 S2=1 Y1=1 X1=69 Z1=1 C1=1 R1=1 S1=1 Y0=1 X0=69 Z0=1 C0=1 R0=1 S0=1] SACols[Q=1 Z3=4] SARows[S3=3 C3=32 Z3=4] SACols_2[X2=1 Z2=4] SARows_2[S2=3 C2=32 Z2=4] SACols_1[X1=1 Z1=4] SARows_1[S1=3 C1=32 Z1=4] SACols_0[X0=1 Z0=4] SARows_0[S0=3 C0=1 Z0=8] InRegister[P=1 Q=1 Z3=1 C3=1 R3=1 S3=1 Y2=1 X2=1 Z2=1 C2=1 R2=1 S2=1 Y1=1 X1=1 Z1=1 C1=1 R1=1 S1=1 Y0=1 X0=1 Z0=1 C0=1 R0=1 S0=1] WRegister[P=1 Q=1 Z3=1 C3=1 R3=3 S3=1 Y2=1 X2=1 Z2=1 C2=1 R2=3 S2=1 Y1=1 X1=1 Z1=1 C1=1 R1=3 S1=1 Y0=1 X0=1 Z0=1 C0=1 R0=3 S0=1] IntermediateRegister[P=1 Q=1 Z3=1 C3=1 R3=1 S3=1 Y2=1 X2=1 Z2=2 C2=1 R2=1 S2=1 Y1=1 X1=1 Z1=2 C1=1 R1=1 S1=1 Y0=1 X0=1 Z0=1 C0=1 R0=1 S0=1] OutRegister[P=1 Q=1 Z3=2 C3=1 R3=1 S3=1 Y2=1 X2=1 Z2=1 C2=1 R2=1 S2=1 Y1=1 X1=1 Z1=1 C1=1 R1=1 S1=1 Y0=1 X0=1 Z0=1 C0=1 R0=1 S0=1] Compute] 
mccnn_4layer_2026-02-25T17:18:45.005625,mccnn,4layer,full,4,eyeriss,thesis_arch,1056,524,128,512,16,69,False,True,,3.910e+04,1.261e+07,5.12e+05,"(42247860192, 16079935536)",0.00061798095703125,0.06395459175109863,DRAM[P=376 Q=18 Z3=1 C3=1 R3=1 S3=1 Y2=376 X2=18 Z2=1 C2=1 R2=1 S2=1 Y1=376 X1=18 Z1=1 C1=1 R1=1 S1=1 Y0=376 X0=18 Z0=1 C0=1 R0=1 S0=1] GlobalBuffer[P=1 Q=69 Z3=1 C3=1 R3=1 S3=1 Y2=1 X2=69 Z2=1 C2=1 R2=1 S2=1 Y1=1 X1=69 Z1=1 C1=1 R1=1 S1=1 Y0=1 X0=69 Z0=1 C0=1 R0=1 S0=1] SACols[Q=1 Z3=16] SARows[S3=3 C3=32 Z3=2] SACols_2[X2=1 Z2=16] SARows_2[S2=3 C2=32 Z2=2] SACols_1[X1=1 Z1=16] SARows_1[S1=3 C1=32 Z1=2] SACols_0[X0=1 Z0=16] SARows_0[S0=3 C0=1 Z0=2] InRegister[P=1 Q=1 Z3=1 C3=1 R3=1 S3=1 Y2=1 X2=1 Z2=1 C2=1 R2=1 S2=1 Y1=1 X1=1 Z1=1 C1=1 R1=1 S1=1 Y0=1 X0=1 Z0=1 C0=1 R0=1 S0=1] WRegister[P=1 Q=1 Z3=1 C3=1 R3=3 S3=1 Y2=1 X2=1 Z2=1 C2=1 R2=3 S2=1 Y1=1 X1=1 Z1=1 C1=1 R1=3 S1=1 Y0=1 X0=1 Z0=1 C0=1 R0=3 S0=1] IntermediateRegister[P=1 Q=1 Z3=1 C3=1 R3=1 S3=1 Y2=1 X2=1 Z2=1 C2=1 R2=1 S2=1 Y1=1 X1=1 Z1=1 C1=1 R1=1 S1=1 Y0=1 X0=1 Z0=1 C0=1 R0=1 S0=1] OutRegister[P=1 Q=1 Z3=1 C3=1 R3=1 S3=1 Y2=1 X2=1 Z2=1 C2=1 R2=1 S2=1 Y1=1 X1=1 Z1=1 C1=1 R1=1 S1=1 Y0=1 X0=1 Z0=1 C0=1 R0=1 S0=1] Compute] 
mccnn_4layer_2026-02-25T17:18:45.411265,mccnn,4layer,full,4,eyeriss,thesis_arch,1056,524,128,512,32,69,False,True,,3.910e+04,1.261e+07,5.12e+05,"(42247860192, 16079935536)",3.8623809814453125e-05,0.06059098243713379,DRAM[P=376 Q=18 Z3=1 C3=1 R3=1 S3=1 Y2=376 X2=18 Z2=1 C2=1 R2=1 S2=1 Y1=376 X1=18 Z1=1 C1=1 R1=1 S1=1 Y0=376 X0=18 Z0=1 C0=1 R0=1 S0=1] GlobalBuffer[P=1 Q=69 Z3=1 C3=1 R3=1 S3=1 Y2=1 X2=69 Z2=1 C2=1 R2=1 S2=1 Y1=1 X1=69 Z1=1 C1=1 R1=1 S1=1 Y0=1 X0=69 Z0=1 C0=1 R0=1 S0=1] SACols[Q=1 Z3=32] SARows[S3=3 C3=32 Z3=1] SACols_2[X2=1 Z2=32] SARows_2[S2=3 C2=32 Z2=1] SACols_1[X1=1 Z1=32] SARows_1[S1=3 C1=32 Z1=1] SACols_0[X0=1 Z0=32] SARows_0[S0=3 C0=1 Z0=1] InRegister[P=1 Q=1 Z3=1 C3=1 R3=1 S3=1 Y2=1 X2=1 Z2=1 C2=1 R2=1 S2=1 Y1=1 X1=1 Z1=1 C1=1 R1=1 S1=1 Y0=1 X0=1 Z0=1 C0=1 R0=1 S0=1] WRegister[P=1 Q=1 Z3=1 C3=1 R3=3 S3=1 Y2=1 X2=1 Z2=1 C2=1 R2=3 S2=1 Y1=1 X1=1 Z1=1 C1=1 R1=3 S1=1 Y0=1 X0=1 Z0=1 C0=1 R0=3 S0=1] IntermediateRegister[P=1 Q=1 Z3=1 C3=1 R3=1 S3=1 Y2=1 X2=1 Z2=1 C2=1 R2=1 S2=1 Y1=1 X1=1 Z1=1 C1=1 R1=1 S1=1 Y0=1 X0=1 Z0=1 C0=1 R0=1 S0=1] OutRegister[P=1 Q=1 Z3=1 C3=1 R3=1 S3=1 Y2=1 X2=1 Z2=1 C2=1 R2=1 S2=1 Y1=1 X1=1 Z1=1 C1=1 R1=1 S1=1 Y0=1 X0=1 Z0=1 C0=1 R0=1 S0=1] Compute] 
mccnn_4layer_2026-02-25T17:18:45.737099,mccnn,4layer,full,4,eyeriss,thesis_arch,1056,524,128,4,4,69,False,False,"Ill-posed constraints:
CONSTRAINTS VIOLATION: Arch: Eyeriss_Constrained_4L_tile69_4x4 -> Level: InRegister: memory footprint: 294 VS memory available: 34
CONSTRAINTS VIOLATION: Arch: Eyeriss_Constrained_4L_tile69_4x4 -> Level: WRegister: memory footprint: 2328 VS memory available: 600",0.000e+00,0.000e+00,0.00e+00,0,0.0,0.0,
mccnn_4layer_2026-02-25T17:18:45.991932,mccnn,4layer,full,4,eyeriss,thesis_arch,1056,524,128,4,16,69,False,False,"Ill-posed constraints:
CONSTRAINTS VIOLATION: Arch: Eyeriss_Constrained_4L_tile69_16x4 -> Level: InRegister: memory footprint: 294 VS memory available: 34",0.000e+00,0.000e+00,0.00e+00,0,0.0,0.0,
mccnn_4layer_2026-02-25T17:18:46.252925,mccnn,4layer,full,4,eyeriss,thesis_arch,1056,524,128,4,32,69,False,False,"Ill-posed constraints:
CONSTRAINTS VIOLATION: Arch: Eyeriss_Constrained_4L_tile69_32x4 -> Level: InRegister: memory footprint: 294 VS memory available: 34",0.000e+00,0.000e+00,0.00e+00,0,0.0,0.0,
mccnn_4layer_2026-02-25T17:18:46.485808,mccnn,4layer,full,4,eyeriss,thesis_arch,1056,524,128,4,64,69,False,False,"Ill-posed constraints:
CONSTRAINTS VIOLATION: Arch: Eyeriss_Constrained_4L_tile69_64x4 -> Level: InRegister: memory footprint: 294 VS memory available: 34",0.000e+00,0.000e+00,0.00e+00,0,0.0,0.0,
mccnn_4layer_2026-02-25T17:18:46.780672,mccnn,4layer,full,4,eyeriss,thesis_arch,1056,524,128,4,128,69,False,False,"Ill-posed constraints:
CONSTRAINTS VIOLATION: Arch: Eyeriss_Constrained_4L_tile69_128x4 -> Level: InRegister: memory footprint: 294 VS memory available: 34",0.000e+00,0.000e+00,0.00e+00,0,0.0,0.0,
mccnn_4layer_2026-02-25T17:18:47.104976,mccnn,4layer,full,4,eyeriss,thesis_arch,1056,524,128,4,256,69,False,False,"Ill-posed constraints:
CONSTRAINTS VIOLATION: Arch: Eyeriss_Constrained_4L_tile69_256x4 -> Level: InRegister: memory footprint: 294 VS memory available: 34",0.000e+00,0.000e+00,0.00e+00,0,0.0,0.0,
mccnn_4layer_2026-02-25T17:18:47.367730,mccnn,4layer,full,4,eyeriss,thesis_arch,1056,524,128,4,512,69,False,False,"Ill-posed constraints:
CONSTRAINTS VIOLATION: Arch: Eyeriss_Constrained_4L_tile69_512x4 -> Level: InRegister: memory footprint: 294 VS memory available: 34",0.000e+00,0.000e+00,0.00e+00,0,0.0,0.0,
mccnn_4layer_2026-02-25T17:18:47.718608,mccnn,4layer,full,4,eyeriss,thesis_arch,1056,524,128,16,4,69,False,False,"Ill-posed constraints:
CONSTRAINTS VIOLATION: Arch: Eyeriss_Constrained_4L_tile69_4x16 -> Level: InRegister: memory footprint: 78 VS memory available: 34",0.000e+00,0.000e+00,0.00e+00,0,0.0,0.0,
mccnn_4layer_2026-02-25T17:18:47.960056,mccnn,4layer,full,4,eyeriss,thesis_arch,1056,524,128,16,16,69,False,False,"Ill-posed constraints:
CONSTRAINTS VIOLATION: Arch: Eyeriss_Constrained_4L_tile69_16x16 -> Level: InRegister: memory footprint: 78 VS memory available: 34",0.000e+00,0.000e+00,0.00e+00,0,0.0,0.0,
mccnn_4layer_2026-02-25T17:18:48.289728,mccnn,4layer,full,4,eyeriss,thesis_arch,1056,524,128,16,32,69,False,False,"Ill-posed constraints:
CONSTRAINTS VIOLATION: Arch: Eyeriss_Constrained_4L_tile69_32x16 -> Level: InRegister: memory footprint: 78 VS memory available: 34",0.000e+00,0.000e+00,0.00e+00,0,0.0,0.0,
mccnn_4layer_2026-02-25T17:18:48.628574,mccnn,4layer,full,4,eyeriss,thesis_arch,1056,524,128,16,64,69,False,False,"Ill-posed constraints:
CONSTRAINTS VIOLATION: Arch: Eyeriss_Constrained_4L_tile69_64x16 -> Level: InRegister: memory footprint: 78 VS memory available: 34",0.000e+00,0.000e+00,0.00e+00,0,0.0,0.0,
mccnn_4layer_2026-02-25T17:18:48.946702,mccnn,4layer,full,4,eyeriss,thesis_arch,1056,524,128,16,128,69,False,False,"Ill-posed constraints:
CONSTRAINTS VIOLATION: Arch: Eyeriss_Constrained_4L_tile69_128x16 -> Level: InRegister: memory footprint: 78 VS memory available: 34",0.000e+00,0.000e+00,0.00e+00,0,0.0,0.0,
mccnn_4layer_2026-02-25T17:18:49.209906,mccnn,4layer,full,4,eyeriss,thesis_arch,1056,524,128,16,256,69,False,False,"Ill-posed constraints:
CONSTRAINTS VIOLATION: Arch: Eyeriss_Constrained_4L_tile69_256x16 -> Level: InRegister: memory footprint: 78 VS memory available: 34",0.000e+00,0.000e+00,0.00e+00,0,0.0,0.0,
mccnn_4layer_2026-02-25T17:18:49.487431,mccnn,4layer,full,4,eyeriss,thesis_arch,1056,524,128,16,512,69,False,False,"Ill-posed constraints:
CONSTRAINTS VIOLATION: Arch: Eyeriss_Constrained_4L_tile69_512x16 -> Level: InRegister: memory footprint: 78 VS memory available: 34",0.000e+00,0.000e+00,0.00e+00,0,0.0,0.0,
mccnn_4layer_2026-02-25T17:18:49.794767,mccnn,4layer,full,4,eyeriss,thesis_arch,1056,524,128,32,4,69,False,False,"Ill-posed constraints:
CONSTRAINTS VIOLATION: Arch: Eyeriss_Constrained_4L_tile69_4x32 -> Level: InRegister: memory footprint: 42 VS memory available: 34",0.000e+00,0.000e+00,0.00e+00,0,0.0,0.0,
mccnn_4layer_2026-02-25T17:18:50.030893,mccnn,4layer,full,4,eyeriss,thesis_arch,1056,524,128,32,16,69,False,False,"Ill-posed constraints:
CONSTRAINTS VIOLATION: Arch: Eyeriss_Constrained_4L_tile69_16x32 -> Level: InRegister: memory footprint: 42 VS memory available: 34",0.000e+00,0.000e+00,0.00e+00,0,0.0,0.0,
mccnn_4layer_2026-02-25T17:18:50.276792,mccnn,4layer,full,4,eyeriss,thesis_arch,1056,524,128,32,32,69,False,False,"Ill-posed constraints:
CONSTRAINTS VIOLATION: Arch: Eyeriss_Constrained_4L_tile69_32x32 -> Level: InRegister: memory footprint: 42 VS memory available: 34",0.000e+00,0.000e+00,0.00e+00,0,0.0,0.0,
mccnn_4layer_2026-02-25T17:18:50.502146,mccnn,4layer,full,4,eyeriss,thesis_arch,1056,524,128,32,64,69,False,False,"Ill-posed constraints:
CONSTRAINTS VIOLATION: Arch: Eyeriss_Constrained_4L_tile69_64x32 -> Level: InRegister: memory footprint: 42 VS memory available: 34",0.000e+00,0.000e+00,0.00e+00,0,0.0,0.0,
mccnn_4layer_2026-02-25T17:18:50.817373,mccnn,4layer,full,4,eyeriss,thesis_arch,1056,524,128,32,128,69,False,False,"Ill-posed constraints:
CONSTRAINTS VIOLATION: Arch: Eyeriss_Constrained_4L_tile69_128x32 -> Level: InRegister: memory footprint: 42 VS memory available: 34",0.000e+00,0.000e+00,0.00e+00,0,0.0,0.0,
mccnn_4layer_2026-02-25T17:18:51.047150,mccnn,4layer,full,4,eyeriss,thesis_arch,1056,524,128,32,256,69,False,False,"Ill-posed constraints:
CONSTRAINTS VIOLATION: Arch: Eyeriss_Constrained_4L_tile69_256x32 -> Level: InRegister: memory footprint: 42 VS memory available: 34",0.000e+00,0.000e+00,0.00e+00,0,0.0,0.0,
mccnn_4layer_2026-02-25T17:18:51.380533,mccnn,4layer,full,4,eyeriss,thesis_arch,1056,524,128,32,512,69,False,False,"Ill-posed constraints:
CONSTRAINTS VIOLATION: Arch: Eyeriss_Constrained_4L_tile69_512x32 -> Level: InRegister: memory footprint: 42 VS memory available: 34",0.000e+00,0.000e+00,0.00e+00,0,0.0,0.0,
mccnn_4layer_2026-02-25T17:18:51.621148,mccnn,4layer,full,4,eyeriss,thesis_arch,1056,524,128,64,4,69,False,True,,5.410e+04,6.865e+07,3.73e+06,"(33281613792, 14645336112)",0.158203125,0.07433748245239258,DRAM[P=376 Q=18 Z3=1 C3=1 R3=1 S3=1 Y2=376 X2=18 Z2=1 C2=1 R2=1 S2=1 Y1=376 X1=18 Z1=1 C1=1 R1=1 S1=1 Y0=376 X0=18 Z0=1 C0=1 R0=1 S0=1] GlobalBuffer[P=1 Q=69 Z3=1 C3=1 R3=1 S3=1 Y2=1 X2=69 Z2=1 C2=1 R2=1 S2=1 Y1=1 X1=69 Z1=1 C1=1 R1=1 S1=1 Y0=1 X0=69 Z0=1 C0=1 R0=1 S0=1] SACols[Q=1 Z3=4] SARows[S3=3 C3=16 Z3=1] SACols_2[X2=1 Z2=4] SARows_2[S2=3 C2=16 Z2=1] SACols_1[X1=1 Z1=4] SARows_1[S1=3 C1=16 Z1=1] SACols_0[X0=1 Z0=4] SARows_0[S0=3 C0=1 Z0=8] InRegister[P=1 Q=1 Z3=1 C3=1 R3=1 S3=1 Y2=1 X2=1 Z2=1 C2=1 R2=1 S2=1 Y1=1 X1=1 Z1=1 C1=1 R1=1 S1=1 Y0=1 X0=1 Z0=1 C0=1 R0=1 S0=1] WRegister[P=1 Q=1 Z3=1 C3=2 R3=3 S3=1 Y2=1 X2=1 Z2=1 C2=2 R2=3 S2=1 Y1=1 X1=1 Z1=1 C1=2 R1=3 S1=1 Y0=1 X0=1 Z0=1 C0=1 R0=3 S0=1] IntermediateRegister[P=1 Q=1 Z3=1 C3=1 R3=1 S3=1 Y2=1 X2=1 Z2=8 C2=1 R2=1 S2=1 Y1=1 X1=1 Z1=8 C1=1 R1=1 S1=1 Y0=1 X0=1 Z0=1 C0=1 R0=1 S0=1] OutRegister[P=1 Q=1 Z3=8 C3=1 R3=1 S3=1 Y2=1 X2=1 Z2=1 C2=1 R2=1 S2=1 Y1=1 X1=1 Z1=1 C1=1 R1=1 S1=1 Y0=1 X0=1 Z0=1 C0=1 R0=1 S0=1] Compute] 
mccnn_4layer_2026-02-25T17:18:51.960272,mccnn,4layer,full,4,eyeriss,thesis_arch,1056,524,128,64,16,69,False,True,,5.526e+04,1.821e+07,1.02e+06,"(36509462496, 14645336112)",0.03955078125,0.054766178131103516,DRAM[P=376 Q=18 Z3=1 C3=1 R3=1 S3=1 Y2=376 X2=18 Z2=1 C2=1 R2=1 S2=1 Y1=376 X1=18 Z1=1 C1=1 R1=1 S1=1 Y0=376 X0=18 Z0=1 C0=1 R0=1 S0=1] GlobalBuffer[P=1 Q=69 Z3=1 C3=1 R3=1 S3=1 Y2=1 X2=69 Z2=1 C2=1 R2=1 S2=1 Y1=1 X1=69 Z1=1 C1=1 R1=1 S1=1 Y0=1 X0=69 Z0=1 C0=1 R0=1 S0=1] SACols[Q=1 Z3=16] SARows[S3=3 C3=16 Z3=1] SACols_2[X2=1 Z2=16] SARows_2[S2=3 C2=16 Z2=1] SACols_1[X1=1 Z1=16] SARows_1[S1=3 C1=16 Z1=1] SACols_0[X0=1 Z0=16] SARows_0[S0=3 C0=1 Z0=2] InRegister[P=1 Q=1 Z3=1 C3=1 R3=1 S3=1 Y2=1 X2=1 Z2=1 C2=1 R2=1 S2=1 Y1=1 X1=1 Z1=1 C1=1 R1=1 S1=1 Y0=1 X0=1 Z0=1 C0=1 R0=1 S0=1] WRegister[P=1 Q=1 Z3=1 C3=2 R3=3 S3=1 Y2=1 X2=1 Z2=1 C2=2 R2=3 S2=1 Y1=1 X1=1 Z1=1 C1=2 R1=3 S1=1 Y0=1 X0=1 Z0=1 C0=1 R0=3 S0=1] IntermediateRegister[P=1 Q=1 Z3=1 C3=1 R3=1 S3=1 Y2=1 X2=1 Z2=2 C2=1 R2=1 S2=1 Y1=1 X1=1 Z1=2 C1=1 R1=1 S1=1 Y0=1 X0=1 Z0=1 C0=1 R0=1 S0=1] OutRegister[P=1 Q=1 Z3=2 C3=1 R3=1 S3=1 Y2=1 X2=1 Z2=1 C2=1 R2=1 S2=1 Y1=1 X1=1 Z1=1 C1=1 R1=1 S1=1 Y0=1 X0=1 Z0=1 C0=1 R0=1 S0=1] Compute] 
mccnn_4layer_2026-02-25T17:18:52.256132,mccnn,4layer,full,4,eyeriss,thesis_arch,1056,524,128,64,32,69,False,True,,5.680e+04,1.261e+07,7.36e+05,"(40813260768, 14645336112)",0.019775390625,0.06794857978820801,DRAM[P=376 Q=18 Z3=1 C3=1 R3=1 S3=1 Y2=376 X2=18 Z2=1 C2=1 R2=1 S2=1 Y1=376 X1=18 Z1=1 C1=1 R1=1 S1=1 Y0=376 X0=18 Z0=1 C0=1 R0=1 S0=1] GlobalBuffer[P=1 Q=69 Z3=1 C3=1 R3=1 S3=1 Y2=1 X2=69 Z2=1 C2=1 R2=1 S2=1 Y1=1 X1=69 Z1=1 C1=1 R1=1 S1=1 Y0=1 X0=69 Z0=1 C0=1 R0=1 S0=1] SACols[Q=1 Z3=32] SARows[S3=3 C3=16 Z3=1] SACols_2[X2=1 Z2=32] SARows_2[S2=3 C2=16 Z2=1] SACols_1[X1=1 Z1=32] SARows_1[S1=3 C1=16 Z1=1] SACols_0[X0=1 Z0=32] SARows_0[S0=3 C0=1 Z0=1] InRegister[P=1 Q=1 Z3=1 C3=1 R3=1 S3=1 Y2=1 X2=1 Z2=1 C2=1 R2=1 S2=1 Y1=1 X1=1 Z1=1 C1=1 R1=1 S1=1 Y0=1 X0=1 Z0=1 C0=1 R0=1 S0=1] WRegister[P=1 Q=1 Z3=1 C3=2 R3=3 S3=1 Y2=1 X2=1 Z2=1 C2=2 R2=3 S2=1 Y1=1 X1=1 Z1=1 C1=2 R1=3 S1=1 Y0=1 X0=1 Z0=1 C0=1 R0=3 S0=1] IntermediateRegister[P=1 Q=1 Z3=1 C3=1 R3=1 S3=1 Y2=1 X2=1 Z2=1 C2=1 R2=1 S2=1 Y1=1 X1=1 Z1=1 C1=1 R1=1 S1=1 Y0=1 X0=1 Z0=1 C0=1 R0=1 S0=1] OutRegister[P=1 Q=1 Z3=1 C3=1 R3=1 S3=1 Y2=1 X2=1 Z2=1 C2=1 R2=1 S2=1 Y1=1 X1=1 Z1=1 C1=1 R1=1 S1=1 Y0=1 X0=1 Z0=1 C0=1 R0=1 S0=1] Compute] 
mccnn_4layer_2026-02-25T17:18:52.554587,mccnn,4layer,full,4,eyeriss,thesis_arch,1056,524,128,64,64,69,False,True,,5.680e+04,1.261e+07,7.36e+05,"(40813260768, 14645336112)",0.0012359619140625,0.08406591415405273,DRAM[P=376 Q=18 Z3=1 C3=1 R3=1 S3=1 Y2=376 X2=18 Z2=1 C2=1 R2=1 S2=1 Y1=376 X1=18 Z1=1 C1=1 R1=1 S1=1 Y0=376 X0=18 Z0=1 C0=1 R0=1 S0=1] GlobalBuffer[P=1 Q=69 Z3=1 C3=1 R3=1 S3=1 Y2=1 X2=69 Z2=1 C2=1 R2=1 S2=1 Y1=1 X1=69 Z1=1 C1=1 R1=1 S1=1 Y0=1 X0=69 Z0=1 C0=1 R0=1 S0=1] SACols[Q=1 Z3=32] SARows[S3=3 C3=16 Z3=1] SACols_2[X2=1 Z2=32] SARows_2[S2=3 C2=16 Z2=1] SACols_1[X1=1 Z1=32] SARows_1[S1=3 C1=16 Z1=1] SACols_0[X0=1 Z0=32] SARows_0[S0=3 C0=1 Z0=1] InRegister[P=1 Q=1 Z3=1 C3=1 R3=1 S3=1 Y2=1 X2=1 Z2=1 C2=1 R2=1 S2=1 Y1=1 X1=1 Z1=1 C1=1 R1=1 S1=1 Y0=1 X0=1 Z0=1 C0=1 R0=1 S0=1] WRegister[P=1 Q=1 Z3=1 C3=2 R3=3 S3=1 Y2=1 X2=1 Z2=1 C2=2 R2=3 S2=1 Y1=1 X1=1 Z1=1 C1=2 R1=3 S1=1 Y0=1 X0=1 Z0=1 C0=1 R0=3 S0=1] IntermediateRegister[P=1 Q=1 Z3=1 C3=1 R3=1 S3=1 Y2=1 X2=1 Z2=1 C2=1 R2=1 S2=1 Y1=1 X1=1 Z1=1 C1=1 R1=1 S1=1 Y0=1 X0=1 Z0=1 C0=1 R0=1 S0=1] OutRegister[P=1 Q=1 Z3=1 C3=1 R3=1 S3=1 Y2=1 X2=1 Z2=1 C2=1 R2=1 S2=1 Y1=1 X1=1 Z1=1 C1=1 R1=1 S1=1 Y0=1 X0=1 Z0=1 C0=1 R0=1 S0=1] Compute] 
mccnn_4layer_2026-02-25T17:18:52.898611,mccnn,4layer,full,4,eyeriss,thesis_arch,1056,524,128,64,128,69,False,True,,5.680e+04,1.223e+07,7.13e+05,"(40813260768, 14645336112)",0.006257057189941406,0.06813597679138184,DRAM[P=376 Q=18 Z3=1 C3=1 R3=1 S3=1 Y2=376 X2=18 Z2=1 C2=1 R2=1 S2=1 Y1=376 X1=18 Z1=1 C1=1 R1=1 S1=1 Y0=376 X0=18 Z0=1 C0=1 R0=1 S0=1] GlobalBuffer[P=1 Q=23 Z3=1 C3=1 R3=1 S3=1 Y2=1 X2=23 Z2=1 C2=1 R2=1 S2=1 Y1=1 X1=23 Z1=1 C1=1 R1=1 S1=1 Y0=1 X0=23 Z0=1 C0=1 R0=1 S0=1] SACols[Q=3 Z3=32] SARows[S3=3 C3=16 Z3=1] SACols_2[X2=3 Z2=32] SARows_2[S2=3 C2=16 Z2=1] SACols_1[X1=3 Z1=32] SARows_1[S1=3 C1=16 Z1=1] SACols_0[X0=3 Z0=32] SARows_0[S0=3 C0=1 Z0=1] InRegister[P=1 Q=1 Z3=1 C3=1 R3=1 S3=1 Y2=1 X2=1 Z2=1 C2=1 R2=1 S2=1 Y1=1 X1=1 Z1=1 C1=1 R1=1 S1=1 Y0=1 X0=1 Z0=1 C0=1 R0=1 S0=1] WRegister[P=1 Q=1 Z3=1 C3=2 R3=3 S3=1 Y2=1 X2=1 Z2=1 C2=2 R2=3 S2=1 Y1=1 X1=1 Z1=1 C1=2 R1=3 S1=1 Y0=1 X0=1 Z0=1 C0=1 R0=3 S0=1] IntermediateRegister[P=1 Q=1 Z3=1 C3=1 R3=1 S3=1 Y2=1 X2=1 Z2=1 C2=1 R2=1 S2=1 Y1=1 X1=1 Z1=1 C1=1 R1=1 S1=1 Y0=1 X0=1 Z0=1 C0=1 R0=1 S0=1] OutRegister[P=1 Q=1 Z3=1 C3=1 R3=1 S3=1 Y2=1 X2=1 Z2=1 C2=1 R2=1 S2=1 Y1=1 X1=1 Z1=1 C1=1 R1=1 S1=1 Y0=1 X0=1 Z0=1 C0=1 R0=1 S0=1] Compute] 
mccnn_4layer_2026-02-25T17:18:53.291149,mccnn,4layer,full,4,eyeriss,thesis_arch,1056,524,128,64,256,69,False,True,,5.680e+04,1.223e+07,7.13e+05,"(40813260768, 14645336112)",0.0003910660743713379,0.06417679786682129,DRAM[P=376 Q=18 Z3=1 C3=1 R3=1 S3=1 Y2=376 X2=18 Z2=1 C2=1 R2=1 S2=1 Y1=376 X1=18 Z1=1 C1=1 R1=1 S1=1 Y0=376 X0=18 Z0=1 C0=1 R0=1 S0=1] GlobalBuffer[P=1 Q=23 Z3=1 C3=1 R3=1 S3=1 Y2=1 X2=23 Z2=1 C2=1 R2=1 S2=1 Y1=1 X1=23 Z1=1 C1=1 R1=1 S1=1 Y0=1 X0=23 Z0=1 C0=1 R0=1 S0=1] SACols[Q=3 Z3=32] SARows[S3=3 C3=16 Z3=1] SACols_2[X2=3 Z2=32] SARows_2[S2=3 C2=16 Z2=1] SACols_1[X1=3 Z1=32] SARows_1[S1=3 C1=16 Z1=1] SACols_0[X0=3 Z0=32] SARows_0[S0=3 C0=1 Z0=1] InRegister[P=1 Q=1 Z3=1 C3=1 R3=1 S3=1 Y2=1 X2=1 Z2=1 C2=1 R2=1 S2=1 Y1=1 X1=1 Z1=1 C1=1 R1=1 S1=1 Y0=1 X0=1 Z0=1 C0=1 R0=1 S0=1] WRegister[P=1 Q=1 Z3=1 C3=2 R3=3 S3=1 Y2=1 X2=1 Z2=1 C2=2 R2=3 S2=1 Y1=1 X1=1 Z1=1 C1=2 R1=3 S1=1 Y0=1 X0=1 Z0=1 C0=1 R0=3 S0=1] IntermediateRegister[P=1 Q=1 Z3=1 C3=1 R3=1 S3=1 Y2=1 X2=1 Z2=1 C2=1 R2=1 S2=1 Y1=1 X1=1 Z1=1 C1=1 R1=1 S1=1 Y0=1 X0=1 Z0=1 C0=1 R0=1 S0=1] OutRegister[P=1 Q=1 Z3=1 C3=1 R3=1 S3=1 Y2=1 X2=1 Z2=1 C2=1 R2=1 S2=1 Y1=1 X1=1 Z1=1 C1=1 R1=1 S1=1 Y0=1 X0=1 Z0=1 C0=1 R0=1 S0=1] Compute] 
mccnn_4layer_2026-02-25T17:18:53.606642,mccnn,4layer,full,4,eyeriss,thesis_arch,1056,524,128,128,4,69,False,True,,5.513e+04,3.502e+07,1.94e+06,"(34716213216, 16079935536)",0.0791015625,0.0629110336303711,DRAM[P=376 Q=18 Z3=1 C3=1 R3=1 S3=1 Y2=376 X2=18 Z2=1 C2=1 R2=1 S2=1 Y1=376 X1=18 Z1=1 C1=1 R1=1 S1=1 Y0=376 X0=18 Z0=1 C0=1 R0=1 S0=1] GlobalBuffer[P=1 Q=69 Z3=1 C3=1 R3=1 S3=1 Y2=1 X2=69 Z2=1 C2=1 R2=1 S2=1 Y1=1 X1=69 Z1=1 C1=1 R1=1 S1=1 Y0=1 X0=69 Z0=1 C0=1 R0=1 S0=1] SACols[Q=1 Z3=4] SARows[S3=3 C3=32 Z3=1] SACols_2[X2=1 Z2=4] SARows_2[S2=3 C2=32 Z2=1] SACols_1[X1=1 Z1=4] SARows_1[S1=3 C1=32 Z1=1] SACols_0[X0=1 Z0=4] SARows_0[S0=3 C0=1 Z0=8] InRegister[P=1 Q=1 Z3=1 C3=1 R3=1 S3=1 Y2=1 X2=1 Z2=1 C2=1 R2=1 S2=1 Y1=1 X1=1 Z1=1 C1=1 R1=1 S1=1 Y0=1 X0=1 Z0=1 C0=1 R0=1 S0=1] WRegister[P=1 Q=1 Z3=1 C3=1 R3=3 S3=1 Y2=1 X2=1 Z2=1 C2=1 R2=3 S2=1 Y1=1 X1=1 Z1=1 C1=1 R1=3 S1=1 Y0=1 X0=1 Z0=1 C0=1 R0=3 S0=1] IntermediateRegister[P=1 Q=1 Z3=1 C3=1 R3=1 S3=1 Y2=1 X2=1 Z2=8 C2=1 R2=1 S2=1 Y1=1 X1=1 Z1=8 C1=1 R1=1 S1=1 Y0=1 X0=1 Z0=1 C0=1 R0=1 S0=1] OutRegister[P=1 Q=1 Z3=8 C3=1 R3=1 S3=1 Y2=1 X2=1 Z2=1 C2=1 R2=1 S2=1 Y1=1 X1=1 Z1=1 C1=1 R1=1 S1=1 Y0=1 X0=1 Z0=1 C0=1 R0=1 S0=1] Compute] 
mccnn_4layer_2026-02-25T17:18:53.902921,mccnn,4layer,full,4,eyeriss,thesis_arch,1056,524,128,128,16,69,False,True,,5.629e+04,1.261e+07,7.19e+05,"(37944061920, 16079935536)",0.019775390625,0.07536506652832031,DRAM[P=376 Q=18 Z3=1 C3=1 R3=1 S3=1 Y2=376 X2=18 Z2=1 C2=1 R2=1 S2=1 Y1=376 X1=18 Z1=1 C1=1 R1=1 S1=1 Y0=376 X0=18 Z0=1 C0=1 R0=1 S0=1] GlobalBuffer[P=1 Q=69 Z3=1 C3=1 R3=1 S3=1 Y2=1 X2=69 Z2=1 C2=1 R2=1 S2=1 Y1=1 X1=69 Z1=1 C1=1 R1=1 S1=1 Y0=1 X0=69 Z0=1 C0=1 R0=1 S0=1] SACols[Q=1 Z3=16] SARows[S3=3 C3=32 Z3=1] SACols_2[X2=1 Z2=16] SARows_2[S2=3 C2=32 Z2=1] SACols_1[X1=1 Z1=16] SARows_1[S1=3 C1=32 Z1=1] SACols_0[X0=1 Z0=16] SARows_0[S0=3 C0=1 Z0=2] InRegister[P=1 Q=1 Z3=1 C3=1 R3=1 S3=1 Y2=1 X2=1 Z2=1 C2=1 R2=1 S2=1 Y1=1 X1=1 Z1=1 C1=1 R1=1 S1=1 Y0=1 X0=1 Z0=1 C0=1 R0=1 S0=1] WRegister[P=1 Q=1 Z3=1 C3=1 R3=3 S3=1 Y2=1 X2=1 Z2=1 C2=1 R2=3 S2=1 Y1=1 X1=1 Z1=1 C1=1 R1=3 S1=1 Y0=1 X0=1 Z0=1 C0=1 R0=3 S0=1] IntermediateRegister[P=1 Q=1 Z3=1 C3=1 R3=1 S3=1 Y2=1 X2=1 Z2=2 C2=1 R2=1 S2=1 Y1=1 X1=1 Z1=2 C1=1 R1=1 S1=1 Y0=1 X0=1 Z0=1 C0=1 R0=1 S0=1] OutRegister[P=1 Q=1 Z3=2 C3=1 R3=1 S3=1 Y2=1 X2=1 Z2=1 C2=1 R2=1 S2=1 Y1=1 X1=1 Z1=1 C1=1 R1=1 S1=1 Y0=1 X0=1 Z0=1 C0=1 R0=1 S0=1] Compute] 
mccnn_4layer_2026-02-25T17:18:54.323954,mccnn,4layer,full,4,eyeriss,thesis_arch,1056,524,128,128,32,69,False,True,,5.783e+04,1.261e+07,7.49e+05,"(42247860192, 16079935536)",0.0098876953125,0.06397747993469238,DRAM[P=376 Q=18 Z3=1 C3=1 R3=1 S3=1 Y2=376 X2=18 Z2=1 C2=1 R2=1 S2=1 Y1=376 X1=18 Z1=1 C1=1 R1=1 S1=1 Y0=376 X0=18 Z0=1 C0=1 R0=1 S0=1] GlobalBuffer[P=1 Q=69 Z3=1 C3=1 R3=1 S3=1 Y2=1 X2=69 Z2=1 C2=1 R2=1 S2=1 Y1=1 X1=69 Z1=1 C1=1 R1=1 S1=1 Y0=1 X0=69 Z0=1 C0=1 R0=1 S0=1] SACols[Q=1 Z3=32] SARows[S3=3 C3=32 Z3=1] SACols_2[X2=1 Z2=32] SARows_2[S2=3 C2=32 Z2=1] SACols_1[X1=1 Z1=32] SARows_1[S1=3 C1=32 Z1=1] SACols_0[X0=1 Z0=32] SARows_0[S0=3 C0=1 Z0=1] InRegister[P=1 Q=1 Z3=1 C3=1 R3=1 S3=1 Y2=1 X2=1 Z2=1 C2=1 R2=1 S2=1 Y1=1 X1=1 Z1=1 C1=1 R1=1 S1=1 Y0=1 X0=1 Z0=1 C0=1 R0=1 S0=1] WRegister[P=1 Q=1 Z3=1 C3=1 R3=3 S3=1 Y2=1 X2=1 Z2=1 C2=1 R2=3 S2=1 Y1=1 X1=1 Z1=1 C1=1 R1=3 S1=1 Y0=1 X0=1 Z0=1 C0=1 R0=3 S0=1] IntermediateRegister[P=1 Q=1 Z3=1 C3=1 R3=1 S3=1 Y2=1 X2=1 Z2=1 C2=1 R2=1 S2=1 Y1=1 X1=1 Z1=1 C1=1 R1=1 S1=1 Y0=1 X0=1 Z0=1 C0=1 R0=1 S0=1] OutRegister[P=1 Q=1 Z3=1 C3=1 R3=1 S3=1 Y2=1 X2=1 Z2=1 C2=1 R2=1 S2=1 Y1=1 X1=1 Z1=1 C1=1 R1=1 S1=1 Y0=1 X0=1 Z0=1 C0=1 R0=1 S0=1] Compute] 
mccnn_4layer_2026-02-25T17:18:54.761363,mccnn,4layer,full,4,eyeriss,thesis_arch,1056,524,128,128,64,69,False,True,,5.783e+04,1.261e+07,7.49e+05,"(42247860192, 16079935536)",0.00061798095703125,0.06565570831298828,DRAM[P=376 Q=18 Z3=1 C3=1 R3=1 S3=1 Y2=376 X2=18 Z2=1 C2=1 R2=1 S2=1 Y1=376 X1=18 Z1=1 C1=1 R1=1 S1=1 Y0=376 X0=18 Z0=1 C0=1 R0=1 S0=1] GlobalBuffer[P=1 Q=69 Z3=1 C3=1 R3=1 S3=1 Y2=1 X2=69 Z2=1 C2=1 R2=1 S2=1 Y1=1 X1=69 Z1=1 C1=1 R1=1 S1=1 Y0=1 X0=69 Z0=1 C0=1 R0=1 S0=1] SACols[Q=1 Z3=32] SARows[S3=3 C3=32 Z3=1] SACols_2[X2=1 Z2=32] SARows_2[S2=3 C2=32 Z2=1] SACols_1[X1=1 Z1=32] SARows_1[S1=3 C1=32 Z1=1] SACols_0[X0=1 Z0=32] SARows_0[S0=3 C0=1 Z0=1] InRegister[P=1 Q=1 Z3=1 C3=1 R3=1 S3=1 Y2=1 X2=1 Z2=1 C2=1 R2=1 S2=1 Y1=1 X1=1 Z1=1 C1=1 R1=1 S1=1 Y0=1 X0=1 Z0=1 C0=1 R0=1 S0=1] WRegister[P=1 Q=1 Z3=1 C3=1 R3=3 S3=1 Y2=1 X2=1 Z2=1 C2=1 R2=3 S2=1 Y1=1 X1=1 Z1=1 C1=1 R1=3 S1=1 Y0=1 X0=1 Z0=1 C0=1 R0=3 S0=1] IntermediateRegister[P=1 Q=1 Z3=1 C3=1 R3=1 S3=1 Y2=1 X2=1 Z2=1 C2=1 R2=1 S2=1 Y1=1 X1=1 Z1=1 C1=1 R1=1 S1=1 Y0=1 X0=1 Z0=1 C0=1 R0=1 S0=1] OutRegister[P=1 Q=1 Z3=1 C3=1 R3=1 S3=1 Y2=1 X2=1 Z2=1 C2=1 R2=1 S2=1 Y1=1 X1=1 Z1=1 C1=1 R1=1 S1=1 Y0=1 X0=1 Z0=1 C0=1 R0=1 S0=1] Compute] 
mccnn_4layer_2026-02-25T17:18:55.164382,mccnn,4layer,full,4,eyeriss,thesis_arch,1056,524,128,128,128,69,False,True,,5.783e+04,1.223e+07,7.26e+05,"(42247860192, 16079935536)",0.003128528594970703,0.0926675796508789,DRAM[P=376 Q=18 Z3=1 C3=1 R3=1 S3=1 Y2=376 X2=18 Z2=1 C2=1 R2=1 S2=1 Y1=376 X1=18 Z1=1 C1=1 R1=1 S1=1 Y0=376 X0=18 Z0=1 C0=1 R0=1 S0=1] GlobalBuffer[P=1 Q=23 Z3=1 C3=1 R3=1 S3=1 Y2=1 X2=23 Z2=1 C2=1 R2=1 S2=1 Y1=1 X1=23 Z1=1 C1=1 R1=1 S1=1 Y0=1 X0=23 Z0=1 C0=1 R0=1 S0=1] SACols[Q=3 Z3=32] SARows[S3=3 C3=32 Z3=1] SACols_2[X2=3 Z2=32] SARows_2[S2=3 C2=32 Z2=1] SACols_1[X1=3 Z1=32] SARows_1[S1=3 C1=32 Z1=1] SACols_0[X0=3 Z0=32] SARows_0[S0=3 C0=1 Z0=1] InRegister[P=1 Q=1 Z3=1 C3=1 R3=1 S3=1 Y2=1 X2=1 Z2=1 C2=1 R2=1 S2=1 Y1=1 X1=1 Z1=1 C1=1 R1=1 S1=1 Y0=1 X0=1 Z0=1 C0=1 R0=1 S0=1] WRegister[P=1 Q=1 Z3=1 C3=1 R3=3 S3=1 Y2=1 X2=1 Z2=1 C2=1 R2=3 S2=1 Y1=1 X1=1 Z1=1 C1=1 R1=3 S1=1 Y0=1 X0=1 Z0=1 C0=1 R0=3 S0=1] IntermediateRegister[P=1 Q=1 Z3=1 C3=1 R3=1 S3=1 Y2=1 X2=1 Z2=1 C2=1 R2=1 S2=1 Y1=1 X1=1 Z1=1 C1=1 R1=1 S1=1 Y0=1 X0=1 Z0=1 C0=1 R0=1 S0=1] OutRegister[P=1 Q=1 Z3=1 C3=1 R3=1 S3=1 Y2=1 X2=1 Z2=1 C2=1 R2=1 S2=1 Y1=1 X1=1 Z1=1 C1=1 R1=1 S1=1 Y0=1 X0=1 Z0=1 C0=1 R0=1 S0=1] Compute] 
mccnn_4layer_2026-02-25T17:18:55.595123,mccnn,4layer,full,4,eyeriss,thesis_arch,1056,524,128,256,4,69,False,True,,5.552e+04,1.821e+07,1.02e+06,"(35792162784, 16079935536)",0.03955078125,0.05565190315246582,DRAM[P=376 Q=18 Z3=1 C3=1 R3=1 S3=1 Y2=376 X2=18 Z2=1 C2=1 R2=1 S2=1 Y1=376 X1=18 Z1=1 C1=1 R1=1 S1=1 Y0=376 X0=18 Z0=1 C0=1 R0=1 S0=1] GlobalBuffer[P=1 Q=69 Z3=1 C3=1 R3=1 S3=1 Y2=1 X2=69 Z2=1 C2=1 R2=1 S2=1 Y1=1 X1=69 Z1=1 C1=1 R1=1 S1=1 Y0=1 X0=69 Z0=1 C0=1 R0=1 S0=1] SACols[Q=1 Z3=4] SARows[S3=3 C3=32 Z3=2] SACols_2[X2=1 Z2=4] SARows_2[S2=3 C2=32 Z2=2] SACols_1[X1=1 Z1=4] SARows_1[S1=3 C1=32 Z1=2] SACols_0[X0=1 Z0=4] SARows_0[S0=3 C0=1 Z0=8] InRegister[P=1 Q=1 Z3=1 C3=1 R3=1 S3=1 Y2=1 X2=1 Z2=1 C2=1 R2=1 S2=1 Y1=1 X1=1 Z1=1 C1=1 R1=1 S1=1 Y0=1 X0=1 Z0=1 C0=1 R0=1 S0=1] WRegister[P=1 Q=1 Z3=1 C3=1 R3=3 S3=1 Y2=1 X2=1 Z2=1 C2=1 R2=3 S2=1 Y1=1 X1=1 Z1=1 C1=1 R1=3 S1=1 Y0=1 X0=1 Z0=1 C0=1 R0=3 S0=1] IntermediateRegister[P=1 Q=1 Z3=1 C3=1 R3=1 S3=1 Y2=1 X2=1 Z2=4 C2=1 R2=1 S2=1 Y1=1 X1=1 Z1=4 C1=1 R1=1 S1=1 Y0=1 X0=1 Z0=1 C0=1 R0=1 S0=1] OutRegister[P=1 Q=1 Z3=4 C3=1 R3=1 S3=1 Y2=1 X2=1 Z2=1 C2=1 R2=1 S2=1 Y1=1 X1=1 Z1=1 C1=1 R1=1 S1=1 Y0=1 X0=1 Z0=1 C0=1 R0=1 S0=1] Compute] 
mccnn_4layer_2026-02-25T17:18:55.990980,mccnn,4layer,full,4,eyeriss,thesis_arch,1056,524,128,256,16,69,False,True,,5.783e+04,1.261e+07,7.49e+05,"(42247860192, 16079935536)",0.0098876953125,0.13034558296203613,DRAM[P=376 Q=18 Z3=1 C3=1 R3=1 S3=1 Y2=376 X2=18 Z2=1 C2=1 R2=1 S2=1 Y1=376 X1=18 Z1=1 C1=1 R1=1 S1=1 Y0=376 X0=18 Z0=1 C0=1 R0=1 S0=1] GlobalBuffer[P=1 Q=69 Z3=1 C3=1 R3=1 S3=1 Y2=1 X2=69 Z2=1 C2=1 R2=1 S2=1 Y1=1 X1=69 Z1=1 C1=1 R1=1 S1=1 Y0=1 X0=69 Z0=1 C0=1 R0=1 S0=1] SACols[Q=1 Z3=16] SARows[S3=3 C3=32 Z3=2] SACols_2[X2=1 Z2=16] SARows_2[S2=3 C2=32 Z2=2] SACols_1[X1=1 Z1=16] SARows_1[S1=3 C1=32 Z1=2] SACols_0[X0=1 Z0=16] SARows_0[S0=3 C0=1 Z0=2] InRegister[P=1 Q=1 Z3=1 C3=1 R3=1 S3=1 Y2=1 X2=1 Z2=1 C2=1 R2=1 S2=1 Y1=1 X1=1 Z1=1 C1=1 R1=1 S1=1 Y0=1 X0=1 Z0=1 C0=1 R0=1 S0=1] WRegister[P=1 Q=1 Z3=1 C3=1 R3=3 S3=1 Y2=1 X2=1 Z2=1 C2=1 R2=3 S2=1 Y1=1 X1=1 Z1=1 C1=1 R1=3 S1=1 Y0=1 X0=1 Z0=1 C0=1 R0=3 S0=1] IntermediateRegister[P=1 Q=1 Z3=1 C3=1 R3=1 S3=1 Y2=1 X2=1 Z2=1 C2=1 R2=1 S2=1 Y1=1 X1=1 Z1=1 C1=1 R1=1 S1=1 Y0=1 X0=1 Z0=1 C0=1 R0=1 S0=1] OutRegister[P=1 Q=1 Z3=1 C3=1 R3=1 S3=1 Y2=1 X2=1 Z2=1 C2=1 R2=1 S2=1 Y1=1 X1=1 Z1=1 C1=1 R1=1 S1=1 Y0=1 X0=1 Z0=1 C0=1 R0=1 S0=1] Compute] 
mccnn_4layer_2026-02-25T17:18:56.361068,mccnn,4layer,full,4,eyeriss,thesis_arch,1056,524,128,256,32,69,False,True,,5.783e+04,1.261e+07,7.49e+05,"(42247860192, 16079935536)",0.00061798095703125,0.06003427505493164,DRAM[P=376 Q=18 Z3=1 C3=1 R3=1 S3=1 Y2=376 X2=18 Z2=1 C2=1 R2=1 S2=1 Y1=376 X1=18 Z1=1 C1=1 R1=1 S1=1 Y0=376 X0=18 Z0=1 C0=1 R0=1 S0=1] GlobalBuffer[P=1 Q=69 Z3=1 C3=1 R3=1 S3=1 Y2=1 X2=69 Z2=1 C2=1 R2=1 S2=1 Y1=1 X1=69 Z1=1 C1=1 R1=1 S1=1 Y0=1 X0=69 Z0=1 C0=1 R0=1 S0=1] SACols[Q=1 Z3=32] SARows[S3=3 C3=32 Z3=1] SACols_2[X2=1 Z2=32] SARows_2[S2=3 C2=32 Z2=1] SACols_1[X1=1 Z1=32] SARows_1[S1=3 C1=32 Z1=1] SACols_0[X0=1 Z0=32] SARows_0[S0=3 C0=1 Z0=1] InRegister[P=1 Q=1 Z3=1 C3=1 R3=1 S3=1 Y2=1 X2=1 Z2=1 C2=1 R2=1 S2=1 Y1=1 X1=1 Z1=1 C1=1 R1=1 S1=1 Y0=1 X0=1 Z0=1 C0=1 R0=1 S0=1] WRegister[P=1 Q=1 Z3=1 C3=1 R3=3 S3=1 Y2=1 X2=1 Z2=1 C2=1 R2=3 S2=1 Y1=1 X1=1 Z1=1 C1=1 R1=3 S1=1 Y0=1 X0=1 Z0=1 C0=1 R0=3 S0=1] IntermediateRegister[P=1 Q=1 Z3=1 C3=1 R3=1 S3=1 Y2=1 X2=1 Z2=1 C2=1 R2=1 S2=1 Y1=1 X1=1 Z1=1 C1=1 R1=1 S1=1 Y0=1 X0=1 Z0=1 C0=1 R0=1 S0=1] OutRegister[P=1 Q=1 Z3=1 C3=1 R3=1 S3=1 Y2=1 X2=1 Z2=1 C2=1 R2=1 S2=1 Y1=1 X1=1 Z1=1 C1=1 R1=1 S1=1 Y0=1 X0=1 Z0=1 C0=1 R0=1 S0=1] Compute] 
mccnn_4layer_2026-02-25T17:18:56.772743,mccnn,4layer,full,4,eyeriss,thesis_arch,1056,524,128,256,64,69,False,True,,5.783e+04,1.261e+07,7.49e+05,"(42247860192, 16079935536)",3.8623809814453125e-05,0.09902215003967285,DRAM[P=376 Q=18 Z3=1 C3=1 R3=1 S3=1 Y2=376 X2=18 Z2=1 C2=1 R2=1 S2=1 Y1=376 X1=18 Z1=1 C1=1 R1=1 S1=1 Y0=376 X0=18 Z0=1 C0=1 R0=1 S0=1] GlobalBuffer[P=1 Q=69 Z3=1 C3=1 R3=1 S3=1 Y2=1 X2=69 Z2=1 C2=1 R2=1 S2=1 Y1=1 X1=69 Z1=1 C1=1 R1=1 S1=1 Y0=1 X0=69 Z0=1 C0=1 R0=1 S0=1] SACols[Q=1 Z3=32] SARows[S3=3 C3=32 Z3=1] SACols_2[X2=1 Z2=32] SARows_2[S2=3 C2=32 Z2=1] SACols_1[X1=1 Z1=32] SARows_1[S1=3 C1=32 Z1=1] SACols_0[X0=1 Z0=32] SARows_0[S0=3 C0=1 Z0=1] InRegister[P=1 Q=1 Z3=1 C3=1 R3=1 S3=1 Y2=1 X2=1 Z2=1 C2=1 R2=1 S2=1 Y1=1 X1=1 Z1=1 C1=1 R1=1 S1=1 Y0=1 X0=1 Z0=1 C0=1 R0=1 S0=1] WRegister[P=1 Q=1 Z3=1 C3=1 R3=3 S3=1 Y2=1 X2=1 Z2=1 C2=1 R2=3 S2=1 Y1=1 X1=1 Z1=1 C1=1 R1=3 S1=1 Y0=1 X0=1 Z0=1 C0=1 R0=3 S0=1] IntermediateRegister[P=1 Q=1 Z3=1 C3=1 R3=1 S3=1 Y2=1 X2=1 Z2=1 C2=1 R2=1 S2=1 Y1=1 X1=1 Z1=1 C1=1 R1=1 S1=1 Y0=1 X0=1 Z0=1 C0=1 R0=1 S0=1] OutRegister[P=1 Q=1 Z3=1 C3=1 R3=1 S3=1 Y2=1 X2=1 Z2=1 C2=1 R2=1 S2=1 Y1=1 X1=1 Z1=1 C1=1 R1=1 S1=1 Y0=1 X0=1 Z0=1 C0=1 R0=1 S0=1] Compute] 
mccnn_4layer_2026-02-25T17:18:57.215426,mccnn,4layer,full,4,eyeriss,thesis_arch,1056,524,128,512,4,69,False,True,,5.629e+04,1.261e+07,7.19e+05,"(37944061920, 16079935536)",0.019775390625,0.05742812156677246,DRAM[P=376 Q=18 Z3=1 C3=1 R3=1 S3=1 Y2=376 X2=18 Z2=1 C2=1 R2=1 S2=1 Y1=376 X1=18 Z1=1 C1=1 R1=1 S1=1 Y0=376 X0=18 Z0=1 C0=1 R0=1 S0=1] GlobalBuffer[P=1 Q=69 Z3=1 C3=1 R3=1 S3=1 Y2=1 X2=69 Z2=1 C2=1 R2=1 S2=1 Y1=1 X1=69 Z1=1 C1=1 R1=1 S1=1 Y0=1 X0=69 Z0=1 C0=1 R0=1 S0=1] SACols[Q=1 Z3=4] SARows[S3=3 C3=32 Z3=4] SACols_2[X2=1 Z2=4] SARows_2[S2=3 C2=32 Z2=4] SACols_1[X1=1 Z1=4] SARows_1[S1=3 C1=32 Z1=4] SACols_0[X0=1 Z0=4] SARows_0[S0=3 C0=1 Z0=8] InRegister[P=1 Q=1 Z3=1 C3=1 R3=1 S3=1 Y2=1 X2=1 Z2=1 C2=1 R2=1 S2=1 Y1=1 X1=1 Z1=1 C1=1 R1=1 S1=1 Y0=1 X0=1 Z0=1 C0=1 R0=1 S0=1] WRegister[P=1 Q=1 Z3=1 C3=1 R3=3 S3=1 Y2=1 X2=1 Z2=1 C2=1 R2=3 S2=1 Y1=1 X1=1 Z1=1 C1=1 R1=3 S1=1 Y0=1 X0=1 Z0=1 C0=1 R0=3 S0=1] IntermediateRegister[P=1 Q=1 Z3=1 C3=1 R3=1 S3=1 Y2=1 X2=1 Z2=2 C2=1 R2=1 S2=1 Y1=1 X1=1 Z1=2 C1=1 R1=1 S1=1 Y0=1 X0=1 Z0=1 C0=1 R0=1 S0=1] OutRegister[P=1 Q=1 Z3=2 C3=1 R3=1 S3=1 Y2=1 X2=1 Z2=1 C2=1 R2=1 S2=1 Y1=1 X1=1 Z1=1 C1=1 R1=1 S1=1 Y0=1 X0=1 Z0=1 C0=1 R0=1 S0=1] Compute] 
mccnn_4layer_2026-02-25T17:18:57.537036,mccnn,4layer,full,4,eyeriss,thesis_arch,1056,524,128,512,16,69,False,True,,5.783e+04,1.261e+07,7.49e+05,"(42247860192, 16079935536)",0.00061798095703125,0.061994314193725586,DRAM[P=376 Q=18 Z3=1 C3=1 R3=1 S3=1 Y2=376 X2=18 Z2=1 C2=1 R2=1 S2=1 Y1=376 X1=18 Z1=1 C1=1 R1=1 S1=1 Y0=376 X0=18 Z0=1 C0=1 R0=1 S0=1] GlobalBuffer[P=1 Q=69 Z3=1 C3=1 R3=1 S3=1 Y2=1 X2=69 Z2=1 C2=1 R2=1 S2=1 Y1=1 X1=69 Z1=1 C1=1 R1=1 S1=1 Y0=1 X0=69 Z0=1 C0=1 R0=1 S0=1] SACols[Q=1 Z3=16] SARows[S3=3 C3=32 Z3=2] SACols_2[X2=1 Z2=16] SARows_2[S2=3 C2=32 Z2=2] SACols_1[X1=1 Z1=16] SARows_1[S1=3 C1=32 Z1=2] SACols_0[X0=1 Z0=16] SARows_0[S0=3 C0=1 Z0=2] InRegister[P=1 Q=1 Z3=1 C3=1 R3=1 S3=1 Y2=1 X2=1 Z2=1 C2=1 R2=1 S2=1 Y1=1 X1=1 Z1=1 C1=1 R1=1 S1=1 Y0=1 X0=1 Z0=1 C0=1 R0=1 S0=1] WRegister[P=1 Q=1 Z3=1 C3=1 R3=3 S3=1 Y2=1 X2=1 Z2=1 C2=1 R2=3 S2=1 Y1=1 X1=1 Z1=1 C1=1 R1=3 S1=1 Y0=1 X0=1 Z0=1 C0=1 R0=3 S0=1] IntermediateRegister[P=1 Q=1 Z3=1 C3=1 R3=1 S3=1 Y2=1 X2=1 Z2=1 C2=1 R2=1 S2=1 Y1=1 X1=1 Z1=1 C1=1 R1=1 S1=1 Y0=1 X0=1 Z0=1 C0=1 R0=1 S0=1] OutRegister[P=1 Q=1 Z3=1 C3=1 R3=1 S3=1 Y2=1 X2=1 Z2=1 C2=1 R2=1 S2=1 Y1=1 X1=1 Z1=1 C1=1 R1=1 S1=1 Y0=1 X0=1 Z0=1 C0=1 R0=1 S0=1] Compute] 
mccnn_4layer_2026-02-25T17:18:57.935155,mccnn,4layer,full,4,eyeriss,thesis_arch,1056,524,128,512,32,69,False,True,,5.783e+04,1.261e+07,7.49e+05,"(42247860192, 16079935536)",3.8623809814453125e-05,0.05651497840881348,DRAM[P=376 Q=18 Z3=1 C3=1 R3=1 S3=1 Y2=376 X2=18 Z2=1 C2=1 R2=1 S2=1 Y1=376 X1=18 Z1=1 C1=1 R1=1 S1=1 Y0=376 X0=18 Z0=1 C0=1 R0=1 S0=1] GlobalBuffer[P=1 Q=69 Z3=1 C3=1 R3=1 S3=1 Y2=1 X2=69 Z2=1 C2=1 R2=1 S2=1 Y1=1 X1=69 Z1=1 C1=1 R1=1 S1=1 Y0=1 X0=69 Z0=1 C0=1 R0=1 S0=1] SACols[Q=1 Z3=32] SARows[S3=3 C3=32 Z3=1] SACols_2[X2=1 Z2=32] SARows_2[S2=3 C2=32 Z2=1] SACols_1[X1=1 Z1=32] SARows_1[S1=3 C1=32 Z1=1] SACols_0[X0=1 Z0=32] SARows_0[S0=3 C0=1 Z0=1] InRegister[P=1 Q=1 Z3=1 C3=1 R3=1 S3=1 Y2=1 X2=1 Z2=1 C2=1 R2=1 S2=1 Y1=1 X1=1 Z1=1 C1=1 R1=1 S1=1 Y0=1 X0=1 Z0=1 C0=1 R0=1 S0=1] WRegister[P=1 Q=1 Z3=1 C3=1 R3=3 S3=1 Y2=1 X2=1 Z2=1 C2=1 R2=3 S2=1 Y1=1 X1=1 Z1=1 C1=1 R1=3 S1=1 Y0=1 X0=1 Z0=1 C0=1 R0=3 S0=1] IntermediateRegister[P=1 Q=1 Z3=1 C3=1 R3=1 S3=1 Y2=1 X2=1 Z2=1 C2=1 R2=1 S2=1 Y1=1 X1=1 Z1=1 C1=1 R1=1 S1=1 Y0=1 X0=1 Z0=1 C0=1 R0=1 S0=1] OutRegister[P=1 Q=1 Z3=1 C3=1 R3=1 S3=1 Y2=1 X2=1 Z2=1 C2=1 R2=1 S2=1 Y1=1 X1=1 Z1=1 C1=1 R1=1 S1=1 Y0=1 X0=1 Z0=1 C0=1 R0=1 S0=1] Compute] 
