experiment_id,workload_name,workload_variant,fusion_level,num_fused_layers,arch_type,arch_name,fmem_size_kB,wmem_size_kB,gb_size_kB,pe_rows,pe_cols,tile_size,scale_bandwidth,success,error_message,energy_uJ,latency_cycles,edp,mops,utilization,mapping_time_s,mapping
fsrcnn_8layer_2026-02-25T17:13:47.317398,fsrcnn,8layer,full,8,eyeriss,thesis_arch,1056,524,128,4,4,120,False,False,"Arch: Eyeriss_Constrained_8L_tile120_4x4 -> Level: SARows_0: Failed to fit comp to arch because the level's constraint (S0: 4) does not divide comp dimension S0 (5) exactly. To compensate, consider setting 'Settings.PADDED_MAPPINGS' to True.",0.000e+00,0.000e+00,0.00e+00,0,0.0,0.0,
fsrcnn_8layer_2026-02-25T17:13:48.128640,fsrcnn,8layer,full,8,eyeriss,thesis_arch,1056,524,128,4,16,120,False,False,"Arch: Eyeriss_Constrained_8L_tile120_16x4 -> Level: SARows_0: Failed to fit comp to arch because the level's constraint (S0: 4) does not divide comp dimension S0 (5) exactly. To compensate, consider setting 'Settings.PADDED_MAPPINGS' to True.",0.000e+00,0.000e+00,0.00e+00,0,0.0,0.0,
fsrcnn_8layer_2026-02-25T17:13:48.900739,fsrcnn,8layer,full,8,eyeriss,thesis_arch,1056,524,128,4,32,120,False,False,"Arch: Eyeriss_Constrained_8L_tile120_32x4 -> Level: SARows_0: Failed to fit comp to arch because the level's constraint (S0: 4) does not divide comp dimension S0 (5) exactly. To compensate, consider setting 'Settings.PADDED_MAPPINGS' to True.",0.000e+00,0.000e+00,0.00e+00,0,0.0,0.0,
fsrcnn_8layer_2026-02-25T17:13:49.443307,fsrcnn,8layer,full,8,eyeriss,thesis_arch,1056,524,128,4,64,120,False,False,"Arch: Eyeriss_Constrained_8L_tile120_64x4 -> Level: SARows_0: Failed to fit comp to arch because the level's constraint (S0: 4) does not divide comp dimension S0 (5) exactly. To compensate, consider setting 'Settings.PADDED_MAPPINGS' to True.",0.000e+00,0.000e+00,0.00e+00,0,0.0,0.0,
fsrcnn_8layer_2026-02-25T17:13:49.864659,fsrcnn,8layer,full,8,eyeriss,thesis_arch,1056,524,128,4,128,120,False,False,"Arch: Eyeriss_Constrained_8L_tile120_128x4 -> Level: SARows_0: Failed to fit comp to arch because the level's constraint (S0: 4) does not divide comp dimension S0 (5) exactly. To compensate, consider setting 'Settings.PADDED_MAPPINGS' to True.",0.000e+00,0.000e+00,0.00e+00,0,0.0,0.0,
fsrcnn_8layer_2026-02-25T17:13:50.179977,fsrcnn,8layer,full,8,eyeriss,thesis_arch,1056,524,128,4,256,120,False,False,"Arch: Eyeriss_Constrained_8L_tile120_256x4 -> Level: SARows_0: Failed to fit comp to arch because the level's constraint (S0: 4) does not divide comp dimension S0 (5) exactly. To compensate, consider setting 'Settings.PADDED_MAPPINGS' to True.",0.000e+00,0.000e+00,0.00e+00,0,0.0,0.0,
fsrcnn_8layer_2026-02-25T17:13:50.664269,fsrcnn,8layer,full,8,eyeriss,thesis_arch,1056,524,128,4,512,120,False,False,"Arch: Eyeriss_Constrained_8L_tile120_512x4 -> Level: SARows_0: Failed to fit comp to arch because the level's constraint (S0: 4) does not divide comp dimension S0 (5) exactly. To compensate, consider setting 'Settings.PADDED_MAPPINGS' to True.",0.000e+00,0.000e+00,0.00e+00,0,0.0,0.0,
fsrcnn_8layer_2026-02-25T17:13:51.385138,fsrcnn,8layer,full,8,eyeriss,thesis_arch,1056,524,128,16,4,120,False,False,"Ill-posed constraints:
CONSTRAINTS VIOLATION: Arch: Eyeriss_Constrained_8L_tile120_4x16 -> Level: InRegister: memory footprint: 93 VS memory available: 34
CONSTRAINTS VIOLATION: Arch: Eyeriss_Constrained_8L_tile120_4x16 -> Level: WRegister: memory footprint: 372 VS memory available: 200
CONSTRAINTS VIOLATION: Arch: Eyeriss_Constrained_8L_tile120_4x16 -> Level: IntermediateRegister: memory footprint: 43 VS memory available: 32",0.000e+00,0.000e+00,0.00e+00,0,0.0,0.0,
fsrcnn_8layer_2026-02-25T17:13:51.887097,fsrcnn,8layer,full,8,eyeriss,thesis_arch,1056,524,128,16,16,120,False,False,"Ill-posed constraints:
CONSTRAINTS VIOLATION: Arch: Eyeriss_Constrained_8L_tile120_16x16 -> Level: InRegister: memory footprint: 93 VS memory available: 34",0.000e+00,0.000e+00,0.00e+00,0,0.0,0.0,
fsrcnn_8layer_2026-02-25T17:13:52.374883,fsrcnn,8layer,full,8,eyeriss,thesis_arch,1056,524,128,16,32,120,False,False,"Ill-posed constraints:
CONSTRAINTS VIOLATION: Arch: Eyeriss_Constrained_8L_tile120_32x16 -> Level: InRegister: memory footprint: 93 VS memory available: 34",0.000e+00,0.000e+00,0.00e+00,0,0.0,0.0,
fsrcnn_8layer_2026-02-25T17:13:52.758871,fsrcnn,8layer,full,8,eyeriss,thesis_arch,1056,524,128,16,64,120,False,False,"Ill-posed constraints:
CONSTRAINTS VIOLATION: Arch: Eyeriss_Constrained_8L_tile120_64x16 -> Level: InRegister: memory footprint: 93 VS memory available: 34",0.000e+00,0.000e+00,0.00e+00,0,0.0,0.0,
fsrcnn_8layer_2026-02-25T17:13:53.248982,fsrcnn,8layer,full,8,eyeriss,thesis_arch,1056,524,128,16,128,120,False,False,"Ill-posed constraints:
CONSTRAINTS VIOLATION: Arch: Eyeriss_Constrained_8L_tile120_128x16 -> Level: InRegister: memory footprint: 93 VS memory available: 34",0.000e+00,0.000e+00,0.00e+00,0,0.0,0.0,
fsrcnn_8layer_2026-02-25T17:13:53.553431,fsrcnn,8layer,full,8,eyeriss,thesis_arch,1056,524,128,16,256,120,False,False,"Ill-posed constraints:
CONSTRAINTS VIOLATION: Arch: Eyeriss_Constrained_8L_tile120_256x16 -> Level: InRegister: memory footprint: 93 VS memory available: 34",0.000e+00,0.000e+00,0.00e+00,0,0.0,0.0,
fsrcnn_8layer_2026-02-25T17:13:53.832569,fsrcnn,8layer,full,8,eyeriss,thesis_arch,1056,524,128,16,512,120,False,False,"Ill-posed constraints:
CONSTRAINTS VIOLATION: Arch: Eyeriss_Constrained_8L_tile120_512x16 -> Level: InRegister: memory footprint: 93 VS memory available: 34",0.000e+00,0.000e+00,0.00e+00,0,0.0,0.0,
fsrcnn_8layer_2026-02-25T17:13:54.086552,fsrcnn,8layer,full,8,eyeriss,thesis_arch,1056,524,128,32,4,120,False,False,"Ill-posed constraints:
CONSTRAINTS VIOLATION: Arch: Eyeriss_Constrained_8L_tile120_4x32 -> Level: InRegister: memory footprint: 58 VS memory available: 34
CONSTRAINTS VIOLATION: Arch: Eyeriss_Constrained_8L_tile120_4x32 -> Level: WRegister: memory footprint: 204 VS memory available: 200",0.000e+00,0.000e+00,0.00e+00,0,0.0,0.0,
fsrcnn_8layer_2026-02-25T17:13:54.451531,fsrcnn,8layer,full,8,eyeriss,thesis_arch,1056,524,128,32,16,120,False,False,"Ill-posed constraints:
CONSTRAINTS VIOLATION: Arch: Eyeriss_Constrained_8L_tile120_16x32 -> Level: InRegister: memory footprint: 58 VS memory available: 34",0.000e+00,0.000e+00,0.00e+00,0,0.0,0.0,
fsrcnn_8layer_2026-02-25T17:13:54.808828,fsrcnn,8layer,full,8,eyeriss,thesis_arch,1056,524,128,32,32,120,False,False,"Ill-posed constraints:
CONSTRAINTS VIOLATION: Arch: Eyeriss_Constrained_8L_tile120_32x32 -> Level: InRegister: memory footprint: 58 VS memory available: 34",0.000e+00,0.000e+00,0.00e+00,0,0.0,0.0,
fsrcnn_8layer_2026-02-25T17:13:55.102977,fsrcnn,8layer,full,8,eyeriss,thesis_arch,1056,524,128,32,64,120,False,False,"Ill-posed constraints:
CONSTRAINTS VIOLATION: Arch: Eyeriss_Constrained_8L_tile120_64x32 -> Level: InRegister: memory footprint: 58 VS memory available: 34",0.000e+00,0.000e+00,0.00e+00,0,0.0,0.0,
fsrcnn_8layer_2026-02-25T17:13:55.451627,fsrcnn,8layer,full,8,eyeriss,thesis_arch,1056,524,128,32,128,120,False,False,"Ill-posed constraints:
CONSTRAINTS VIOLATION: Arch: Eyeriss_Constrained_8L_tile120_128x32 -> Level: InRegister: memory footprint: 58 VS memory available: 34",0.000e+00,0.000e+00,0.00e+00,0,0.0,0.0,
fsrcnn_8layer_2026-02-25T17:13:55.721721,fsrcnn,8layer,full,8,eyeriss,thesis_arch,1056,524,128,32,256,120,False,False,"Ill-posed constraints:
CONSTRAINTS VIOLATION: Arch: Eyeriss_Constrained_8L_tile120_256x32 -> Level: InRegister: memory footprint: 58 VS memory available: 34",0.000e+00,0.000e+00,0.00e+00,0,0.0,0.0,
fsrcnn_8layer_2026-02-25T17:13:55.971031,fsrcnn,8layer,full,8,eyeriss,thesis_arch,1056,524,128,32,512,120,False,False,"Ill-posed constraints:
CONSTRAINTS VIOLATION: Arch: Eyeriss_Constrained_8L_tile120_512x32 -> Level: InRegister: memory footprint: 58 VS memory available: 34",0.000e+00,0.000e+00,0.00e+00,0,0.0,0.0,
fsrcnn_8layer_2026-02-25T17:13:56.208239,fsrcnn,8layer,full,8,eyeriss,thesis_arch,1056,524,128,64,4,120,False,False,"Ill-posed constraints:
CONSTRAINTS VIOLATION: Arch: Eyeriss_Constrained_8L_tile120_4x64 -> Level: InRegister: memory footprint: 36 VS memory available: 34",0.000e+00,0.000e+00,0.00e+00,0,0.0,0.0,
fsrcnn_8layer_2026-02-25T17:13:56.518036,fsrcnn,8layer,full,8,eyeriss,thesis_arch,1056,524,128,64,16,120,False,False,"Ill-posed constraints:
CONSTRAINTS VIOLATION: Arch: Eyeriss_Constrained_8L_tile120_16x64 -> Level: InRegister: memory footprint: 36 VS memory available: 34",0.000e+00,0.000e+00,0.00e+00,0,0.0,0.0,
fsrcnn_8layer_2026-02-25T17:13:56.871363,fsrcnn,8layer,full,8,eyeriss,thesis_arch,1056,524,128,64,32,120,False,False,"Ill-posed constraints:
CONSTRAINTS VIOLATION: Arch: Eyeriss_Constrained_8L_tile120_32x64 -> Level: InRegister: memory footprint: 36 VS memory available: 34",0.000e+00,0.000e+00,0.00e+00,0,0.0,0.0,
fsrcnn_8layer_2026-02-25T17:13:57.270741,fsrcnn,8layer,full,8,eyeriss,thesis_arch,1056,524,128,64,64,120,False,False,"Ill-posed constraints:
CONSTRAINTS VIOLATION: Arch: Eyeriss_Constrained_8L_tile120_64x64 -> Level: InRegister: memory footprint: 36 VS memory available: 34",0.000e+00,0.000e+00,0.00e+00,0,0.0,0.0,
fsrcnn_8layer_2026-02-25T17:13:57.664654,fsrcnn,8layer,full,8,eyeriss,thesis_arch,1056,524,128,64,128,120,False,False,"Ill-posed constraints:
CONSTRAINTS VIOLATION: Arch: Eyeriss_Constrained_8L_tile120_128x64 -> Level: InRegister: memory footprint: 36 VS memory available: 34",0.000e+00,0.000e+00,0.00e+00,0,0.0,0.0,
fsrcnn_8layer_2026-02-25T17:13:58.047626,fsrcnn,8layer,full,8,eyeriss,thesis_arch,1056,524,128,64,256,120,False,False,"Ill-posed constraints:
CONSTRAINTS VIOLATION: Arch: Eyeriss_Constrained_8L_tile120_256x64 -> Level: InRegister: memory footprint: 36 VS memory available: 34",0.000e+00,0.000e+00,0.00e+00,0,0.0,0.0,
fsrcnn_8layer_2026-02-25T17:13:58.453431,fsrcnn,8layer,full,8,eyeriss,thesis_arch,1056,524,128,128,4,120,False,True,,2.375e+04,2.825e+07,6.87e+05,"(30062034792, 12094790400)",0.07833415499362673,0.15102362632751465,DRAM[P=540 Q=8 Z7=1 C7=1 R7=1 S7=1 Y6=540 X6=8 Z6=1 C6=1 R6=1 S6=1 Y5=540 X5=8 Z5=1 C5=1 R5=1 S5=1 Y4=540 X4=8 Z4=1 C4=1 R4=1 S4=1 Y3=540 X3=8 Z3=1 C3=1 R3=1 S3=1 Y2=540 X2=8 Z2=1 C2=1 R2=1 S2=1 Y1=540 X1=8 Z1=1 C1=1 R1=1 S1=1 Y0=540 X0=8 Z0=1 C0=1 R0=1 S0=1] GlobalBuffer[P=1 Q=120 Z7=1 C7=1 R7=1 S7=1 Y6=1 X6=120 Z6=1 C6=1 R6=1 S6=1 Y5=1 X5=120 Z5=1 C5=1 R5=1 S5=1 Y4=1 X4=120 Z4=1 C4=1 R4=1 S4=1 Y3=1 X3=120 Z3=1 C3=1 R3=1 S3=1 Y2=1 X2=120 Z2=1 C2=1 R2=1 S2=1 Y1=1 X1=120 Z1=1 C1=1 R1=1 S1=1 Y0=1 X0=120 Z0=1 C0=1 R0=1 S0=1] SACols[Q=1 Z7=4] SARows[S7=3 C7=28 Z7=1] SACols_6[X6=1 Z6=4] SARows_6[S6=1 C6=12 Z6=7] SACols_5[X5=1 Z5=4] SARows_5[S5=3 C5=12 Z5=3] SACols_4[X4=1 Z4=4] SARows_4[S4=3 C4=12 Z4=3] SACols_3[X3=1 Z3=4] SARows_3[S3=3 C3=12 Z3=3] SACols_2[X2=1 Z2=4] SARows_2[S2=3 C2=12 Z2=3] SACols_1[X1=1 Z1=4] SARows_1[S1=1 C1=56 Z1=1] SACols_0[X0=1 Z0=4] SARows_0[S0=5 C0=3 Z0=7] InRegister[P=1 Q=1 Z7=1 C7=1 R7=1 S7=1 Y6=1 X6=1 Z6=1 C6=1 R6=1 S6=1 Y5=1 X5=1 Z5=1 C5=1 R5=1 S5=1 Y4=1 X4=1 Z4=1 C4=1 R4=1 S4=1 Y3=1 X3=1 Z3=1 C3=1 R3=1 S3=1 Y2=1 X2=1 Z2=1 C2=1 R2=1 S2=1 Y1=1 X1=1 Z1=1 C1=1 R1=1 S1=1 Y0=1 X0=1 Z0=1 C0=1 R0=1 S0=1] WRegister[P=1 Q=1 Z7=1 C7=2 R7=3 S7=1 Y6=1 X6=1 Z6=1 C6=1 R6=1 S6=1 Y5=1 X5=1 Z5=1 C5=1 R5=3 S5=1 Y4=1 X4=1 Z4=1 C4=1 R4=3 S4=1 Y3=1 X3=1 Z3=1 C3=1 R3=3 S3=1 Y2=1 X2=1 Z2=1 C2=1 R2=3 S2=1 Y1=1 X1=1 Z1=1 C1=1 R1=1 S1=1 Y0=1 X0=1 Z0=1 C0=1 R0=5 S0=1] IntermediateRegister[P=1 Q=1 Z7=1 C7=1 R7=1 S7=1 Y6=1 X6=1 Z6=2 C6=1 R6=1 S6=1 Y5=1 X5=1 Z5=1 C5=1 R5=1 S5=1 Y4=1 X4=1 Z4=1 C4=1 R4=1 S4=1 Y3=1 X3=1 Z3=1 C3=1 R3=1 S3=1 Y2=1 X2=1 Z2=1 C2=1 R2=1 S2=1 Y1=1 X1=1 Z1=3 C1=1 R1=1 S1=1 Y0=1 X0=1 Z0=2 C0=1 R0=1 S0=1] OutRegister[P=1 Q=1 Z7=4 C7=1 R7=1 S7=1 Y6=1 X6=1 Z6=1 C6=1 R6=1 S6=1 Y5=1 X5=1 Z5=1 C5=1 R5=1 S5=1 Y4=1 X4=1 Z4=1 C4=1 R4=1 S4=1 Y3=1 X3=1 Z3=1 C3=1 R3=1 S3=1 Y2=1 X2=1 Z2=1 C2=1 R2=1 S2=1 Y1=1 X1=1 Z1=1 C1=1 R1=1 S1=1 Y0=1 X0=1 Z0=1 C0=1 R0=1 S0=1] Compute] 
fsrcnn_8layer_2026-02-25T17:13:58.872121,fsrcnn,8layer,full,8,eyeriss,thesis_arch,1056,524,128,128,16,120,False,True,,2.436e+04,1.918e+07,4.88e+05,"(31557100392, 12312518400)",5.73736486769727e-05,0.1353471279144287,DRAM[P=540 Q=8 Z7=1 C7=1 R7=1 S7=1 Y6=540 X6=8 Z6=1 C6=1 R6=1 S6=1 Y5=540 X5=8 Z5=1 C5=1 R5=1 S5=1 Y4=540 X4=8 Z4=1 C4=1 R4=1 S4=1 Y3=540 X3=8 Z3=1 C3=1 R3=1 S3=1 Y2=540 X2=8 Z2=1 C2=1 R2=1 S2=1 Y1=540 X1=8 Z1=1 C1=1 R1=1 S1=1 Y0=540 X0=8 Z0=1 C0=1 R0=1 S0=1] GlobalBuffer[P=1 Q=120 Z7=1 C7=1 R7=1 S7=1 Y6=1 X6=120 Z6=1 C6=1 R6=1 S6=1 Y5=1 X5=120 Z5=1 C5=1 R5=1 S5=1 Y4=1 X4=120 Z4=1 C4=1 R4=1 S4=1 Y3=1 X3=120 Z3=1 C3=1 R3=1 S3=1 Y2=1 X2=120 Z2=1 C2=1 R2=1 S2=1 Y1=1 X1=120 Z1=1 C1=1 R1=1 S1=1 Y0=1 X0=120 Z0=1 C0=1 R0=1 S0=1] SACols[Q=1 Z7=16] SARows[S7=3 C7=28 Z7=1] SACols_6[X6=1 Z6=14] SARows_6[S6=1 C6=12 Z6=4] SACols_5[X5=1 Z5=12] SARows_5[S5=3 C5=12 Z5=1] SACols_4[X4=1 Z4=12] SARows_4[S4=3 C4=12 Z4=1] SACols_3[X3=1 Z3=12] SARows_3[S3=3 C3=12 Z3=1] SACols_2[X2=1 Z2=12] SARows_2[S2=3 C2=12 Z2=1] SACols_1[X1=1 Z1=12] SARows_1[S1=1 C1=56 Z1=1] SACols_0[X0=1 Z0=14] SARows_0[S0=5 C0=3 Z0=4] InRegister[P=1 Q=1 Z7=1 C7=1 R7=1 S7=1 Y6=1 X6=1 Z6=1 C6=1 R6=1 S6=1 Y5=1 X5=1 Z5=1 C5=1 R5=1 S5=1 Y4=1 X4=1 Z4=1 C4=1 R4=1 S4=1 Y3=1 X3=1 Z3=1 C3=1 R3=1 S3=1 Y2=1 X2=1 Z2=1 C2=1 R2=1 S2=1 Y1=1 X1=1 Z1=1 C1=1 R1=1 S1=1 Y0=1 X0=1 Z0=1 C0=1 R0=1 S0=1] WRegister[P=1 Q=1 Z7=1 C7=2 R7=3 S7=1 Y6=1 X6=1 Z6=1 C6=1 R6=1 S6=1 Y5=1 X5=1 Z5=1 C5=1 R5=3 S5=1 Y4=1 X4=1 Z4=1 C4=1 R4=3 S4=1 Y3=1 X3=1 Z3=1 C3=1 R3=3 S3=1 Y2=1 X2=1 Z2=1 C2=1 R2=3 S2=1 Y1=1 X1=1 Z1=1 C1=1 R1=1 S1=1 Y0=1 X0=1 Z0=1 C0=1 R0=5 S0=1] IntermediateRegister[P=1 Q=1 Z7=1 C7=1 R7=1 S7=1 Y6=1 X6=1 Z6=1 C6=1 R6=1 S6=1 Y5=1 X5=1 Z5=1 C5=1 R5=1 S5=1 Y4=1 X4=1 Z4=1 C4=1 R4=1 S4=1 Y3=1 X3=1 Z3=1 C3=1 R3=1 S3=1 Y2=1 X2=1 Z2=1 C2=1 R2=1 S2=1 Y1=1 X1=1 Z1=1 C1=1 R1=1 S1=1 Y0=1 X0=1 Z0=1 C0=1 R0=1 S0=1] OutRegister[P=1 Q=1 Z7=1 C7=1 R7=1 S7=1 Y6=1 X6=1 Z6=1 C6=1 R6=1 S6=1 Y5=1 X5=1 Z5=1 C5=1 R5=1 S5=1 Y4=1 X4=1 Z4=1 C4=1 R4=1 S4=1 Y3=1 X3=1 Z3=1 C3=1 R3=1 S3=1 Y2=1 X2=1 Z2=1 C2=1 R2=1 S2=1 Y1=1 X1=1 Z1=1 C1=1 R1=1 S1=1 Y0=1 X0=1 Z0=1 C0=1 R0=1 S0=1] Compute] 
fsrcnn_8layer_2026-02-25T17:13:59.345199,fsrcnn,8layer,full,8,eyeriss,thesis_arch,1056,524,128,128,32,120,False,True,,2.436e+04,1.918e+07,4.88e+05,"(31557100392, 12312518400)",1.4343412169243175e-05,0.1504065990447998,DRAM[P=540 Q=8 Z7=1 C7=1 R7=1 S7=1 Y6=540 X6=8 Z6=1 C6=1 R6=1 S6=1 Y5=540 X5=8 Z5=1 C5=1 R5=1 S5=1 Y4=540 X4=8 Z4=1 C4=1 R4=1 S4=1 Y3=540 X3=8 Z3=1 C3=1 R3=1 S3=1 Y2=540 X2=8 Z2=1 C2=1 R2=1 S2=1 Y1=540 X1=8 Z1=1 C1=1 R1=1 S1=1 Y0=540 X0=8 Z0=1 C0=1 R0=1 S0=1] GlobalBuffer[P=1 Q=60 Z7=1 C7=1 R7=1 S7=1 Y6=1 X6=120 Z6=1 C6=1 R6=1 S6=1 Y5=1 X5=60 Z5=1 C5=1 R5=1 S5=1 Y4=1 X4=60 Z4=1 C4=1 R4=1 S4=1 Y3=1 X3=60 Z3=1 C3=1 R3=1 S3=1 Y2=1 X2=60 Z2=1 C2=1 R2=1 S2=1 Y1=1 X1=60 Z1=1 C1=1 R1=1 S1=1 Y0=1 X0=120 Z0=1 C0=1 R0=1 S0=1] SACols[Q=2 Z7=16] SARows[S7=3 C7=28 Z7=1] SACols_6[X6=1 Z6=28] SARows_6[S6=1 C6=12 Z6=2] SACols_5[X5=2 Z5=12] SARows_5[S5=3 C5=12 Z5=1] SACols_4[X4=2 Z4=12] SARows_4[S4=3 C4=12 Z4=1] SACols_3[X3=2 Z3=12] SARows_3[S3=3 C3=12 Z3=1] SACols_2[X2=2 Z2=12] SARows_2[S2=3 C2=12 Z2=1] SACols_1[X1=2 Z1=12] SARows_1[S1=1 C1=56 Z1=1] SACols_0[X0=1 Z0=28] SARows_0[S0=5 C0=3 Z0=2] InRegister[P=1 Q=1 Z7=1 C7=1 R7=1 S7=1 Y6=1 X6=1 Z6=1 C6=1 R6=1 S6=1 Y5=1 X5=1 Z5=1 C5=1 R5=1 S5=1 Y4=1 X4=1 Z4=1 C4=1 R4=1 S4=1 Y3=1 X3=1 Z3=1 C3=1 R3=1 S3=1 Y2=1 X2=1 Z2=1 C2=1 R2=1 S2=1 Y1=1 X1=1 Z1=1 C1=1 R1=1 S1=1 Y0=1 X0=1 Z0=1 C0=1 R0=1 S0=1] WRegister[P=1 Q=1 Z7=1 C7=2 R7=3 S7=1 Y6=1 X6=1 Z6=1 C6=1 R6=1 S6=1 Y5=1 X5=1 Z5=1 C5=1 R5=3 S5=1 Y4=1 X4=1 Z4=1 C4=1 R4=3 S4=1 Y3=1 X3=1 Z3=1 C3=1 R3=3 S3=1 Y2=1 X2=1 Z2=1 C2=1 R2=3 S2=1 Y1=1 X1=1 Z1=1 C1=1 R1=1 S1=1 Y0=1 X0=1 Z0=1 C0=1 R0=5 S0=1] IntermediateRegister[P=1 Q=1 Z7=1 C7=1 R7=1 S7=1 Y6=1 X6=1 Z6=1 C6=1 R6=1 S6=1 Y5=1 X5=1 Z5=1 C5=1 R5=1 S5=1 Y4=1 X4=1 Z4=1 C4=1 R4=1 S4=1 Y3=1 X3=1 Z3=1 C3=1 R3=1 S3=1 Y2=1 X2=1 Z2=1 C2=1 R2=1 S2=1 Y1=1 X1=1 Z1=1 C1=1 R1=1 S1=1 Y0=1 X0=1 Z0=1 C0=1 R0=1 S0=1] OutRegister[P=1 Q=1 Z7=1 C7=1 R7=1 S7=1 Y6=1 X6=1 Z6=1 C6=1 R6=1 S6=1 Y5=1 X5=1 Z5=1 C5=1 R5=1 S5=1 Y4=1 X4=1 Z4=1 C4=1 R4=1 S4=1 Y3=1 X3=1 Z3=1 C3=1 R3=1 S3=1 Y2=1 X2=1 Z2=1 C2=1 R2=1 S2=1 Y1=1 X1=1 Z1=1 C1=1 R1=1 S1=1 Y0=1 X0=1 Z0=1 C0=1 R0=1 S0=1] Compute] 
fsrcnn_8layer_2026-02-25T17:13:59.864199,fsrcnn,8layer,full,8,eyeriss,thesis_arch,1056,524,128,128,64,120,False,True,,2.436e+04,1.918e+07,4.88e+05,"(31557100392, 12312518400)",1.0943155036348858e-05,0.09502220153808594,DRAM[P=540 Q=8 Z7=1 C7=1 R7=1 S7=1 Y6=540 X6=8 Z6=1 C6=1 R6=1 S6=1 Y5=540 X5=8 Z5=1 C5=1 R5=1 S5=1 Y4=540 X4=8 Z4=1 C4=1 R4=1 S4=1 Y3=540 X3=8 Z3=1 C3=1 R3=1 S3=1 Y2=540 X2=8 Z2=1 C2=1 R2=1 S2=1 Y1=540 X1=8 Z1=1 C1=1 R1=1 S1=1 Y0=540 X0=8 Z0=1 C0=1 R0=1 S0=1] GlobalBuffer[P=1 Q=30 Z7=1 C7=1 R7=1 S7=1 Y6=1 X6=120 Z6=1 C6=1 R6=1 S6=1 Y5=1 X5=24 Z5=1 C5=1 R5=1 S5=1 Y4=1 X4=24 Z4=1 C4=1 R4=1 S4=1 Y3=1 X3=24 Z3=1 C3=1 R3=1 S3=1 Y2=1 X2=24 Z2=1 C2=1 R2=1 S2=1 Y1=1 X1=24 Z1=1 C1=1 R1=1 S1=1 Y0=1 X0=120 Z0=1 C0=1 R0=1 S0=1] SACols[Q=4 Z7=16] SARows[S7=3 C7=28 Z7=1] SACols_6[X6=1 Z6=56] SARows_6[S6=1 C6=12 Z6=1] SACols_5[X5=5 Z5=12] SARows_5[S5=3 C5=12 Z5=1] SACols_4[X4=5 Z4=12] SARows_4[S4=3 C4=12 Z4=1] SACols_3[X3=5 Z3=12] SARows_3[S3=3 C3=12 Z3=1] SACols_2[X2=5 Z2=12] SARows_2[S2=3 C2=12 Z2=1] SACols_1[X1=5 Z1=12] SARows_1[S1=1 C1=56 Z1=1] SACols_0[X0=1 Z0=56] SARows_0[S0=5 C0=3 Z0=1] InRegister[P=1 Q=1 Z7=1 C7=1 R7=1 S7=1 Y6=1 X6=1 Z6=1 C6=1 R6=1 S6=1 Y5=1 X5=1 Z5=1 C5=1 R5=1 S5=1 Y4=1 X4=1 Z4=1 C4=1 R4=1 S4=1 Y3=1 X3=1 Z3=1 C3=1 R3=1 S3=1 Y2=1 X2=1 Z2=1 C2=1 R2=1 S2=1 Y1=1 X1=1 Z1=1 C1=1 R1=1 S1=1 Y0=1 X0=1 Z0=1 C0=1 R0=1 S0=1] WRegister[P=1 Q=1 Z7=1 C7=2 R7=3 S7=1 Y6=1 X6=1 Z6=1 C6=1 R6=1 S6=1 Y5=1 X5=1 Z5=1 C5=1 R5=3 S5=1 Y4=1 X4=1 Z4=1 C4=1 R4=3 S4=1 Y3=1 X3=1 Z3=1 C3=1 R3=3 S3=1 Y2=1 X2=1 Z2=1 C2=1 R2=3 S2=1 Y1=1 X1=1 Z1=1 C1=1 R1=1 S1=1 Y0=1 X0=1 Z0=1 C0=1 R0=5 S0=1] IntermediateRegister[P=1 Q=1 Z7=1 C7=1 R7=1 S7=1 Y6=1 X6=1 Z6=1 C6=1 R6=1 S6=1 Y5=1 X5=1 Z5=1 C5=1 R5=1 S5=1 Y4=1 X4=1 Z4=1 C4=1 R4=1 S4=1 Y3=1 X3=1 Z3=1 C3=1 R3=1 S3=1 Y2=1 X2=1 Z2=1 C2=1 R2=1 S2=1 Y1=1 X1=1 Z1=1 C1=1 R1=1 S1=1 Y0=1 X0=1 Z0=1 C0=1 R0=1 S0=1] OutRegister[P=1 Q=1 Z7=1 C7=1 R7=1 S7=1 Y6=1 X6=1 Z6=1 C6=1 R6=1 S6=1 Y5=1 X5=1 Z5=1 C5=1 R5=1 S5=1 Y4=1 X4=1 Z4=1 C4=1 R4=1 S4=1 Y3=1 X3=1 Z3=1 C3=1 R3=1 S3=1 Y2=1 X2=1 Z2=1 C2=1 R2=1 S2=1 Y1=1 X1=1 Z1=1 C1=1 R1=1 S1=1 Y0=1 X0=1 Z0=1 C0=1 R0=1 S0=1] Compute] 
fsrcnn_8layer_2026-02-25T17:14:00.258775,fsrcnn,8layer,full,8,eyeriss,thesis_arch,1056,524,128,128,128,120,False,True,,2.436e+04,1.889e+07,4.80e+05,"(31557100392, 12312518400)",1.0943155036348858e-05,0.15384364128112793,DRAM[P=540 Q=8 Z7=1 C7=1 R7=1 S7=1 Y6=540 X6=8 Z6=1 C6=1 R6=1 S6=1 Y5=540 X5=8 Z5=1 C5=1 R5=1 S5=1 Y4=540 X4=8 Z4=1 C4=1 R4=1 S4=1 Y3=540 X3=8 Z3=1 C3=1 R3=1 S3=1 Y2=540 X2=8 Z2=1 C2=1 R2=1 S2=1 Y1=540 X1=8 Z1=1 C1=1 R1=1 S1=1 Y0=540 X0=8 Z0=1 C0=1 R0=1 S0=1] GlobalBuffer[P=1 Q=15 Z7=1 C7=1 R7=1 S7=1 Y6=1 X6=60 Z6=1 C6=1 R6=1 S6=1 Y5=1 X5=12 Z5=1 C5=1 R5=1 S5=1 Y4=1 X4=12 Z4=1 C4=1 R4=1 S4=1 Y3=1 X3=12 Z3=1 C3=1 R3=1 S3=1 Y2=1 X2=12 Z2=1 C2=1 R2=1 S2=1 Y1=1 X1=12 Z1=1 C1=1 R1=1 S1=1 Y0=1 X0=60 Z0=1 C0=1 R0=1 S0=1] SACols[Q=8 Z7=16] SARows[S7=3 C7=28 Z7=1] SACols_6[X6=2 Z6=56] SARows_6[S6=1 C6=12 Z6=1] SACols_5[X5=10 Z5=12] SARows_5[S5=3 C5=12 Z5=1] SACols_4[X4=10 Z4=12] SARows_4[S4=3 C4=12 Z4=1] SACols_3[X3=10 Z3=12] SARows_3[S3=3 C3=12 Z3=1] SACols_2[X2=10 Z2=12] SARows_2[S2=3 C2=12 Z2=1] SACols_1[X1=10 Z1=12] SARows_1[S1=1 C1=56 Z1=1] SACols_0[X0=2 Z0=56] SARows_0[S0=5 C0=3 Z0=1] InRegister[P=1 Q=1 Z7=1 C7=1 R7=1 S7=1 Y6=1 X6=1 Z6=1 C6=1 R6=1 S6=1 Y5=1 X5=1 Z5=1 C5=1 R5=1 S5=1 Y4=1 X4=1 Z4=1 C4=1 R4=1 S4=1 Y3=1 X3=1 Z3=1 C3=1 R3=1 S3=1 Y2=1 X2=1 Z2=1 C2=1 R2=1 S2=1 Y1=1 X1=1 Z1=1 C1=1 R1=1 S1=1 Y0=1 X0=1 Z0=1 C0=1 R0=1 S0=1] WRegister[P=1 Q=1 Z7=1 C7=2 R7=3 S7=1 Y6=1 X6=1 Z6=1 C6=1 R6=1 S6=1 Y5=1 X5=1 Z5=1 C5=1 R5=3 S5=1 Y4=1 X4=1 Z4=1 C4=1 R4=3 S4=1 Y3=1 X3=1 Z3=1 C3=1 R3=3 S3=1 Y2=1 X2=1 Z2=1 C2=1 R2=3 S2=1 Y1=1 X1=1 Z1=1 C1=1 R1=1 S1=1 Y0=1 X0=1 Z0=1 C0=1 R0=5 S0=1] IntermediateRegister[P=1 Q=1 Z7=1 C7=1 R7=1 S7=1 Y6=1 X6=1 Z6=1 C6=1 R6=1 S6=1 Y5=1 X5=1 Z5=1 C5=1 R5=1 S5=1 Y4=1 X4=1 Z4=1 C4=1 R4=1 S4=1 Y3=1 X3=1 Z3=1 C3=1 R3=1 S3=1 Y2=1 X2=1 Z2=1 C2=1 R2=1 S2=1 Y1=1 X1=1 Z1=1 C1=1 R1=1 S1=1 Y0=1 X0=1 Z0=1 C0=1 R0=1 S0=1] OutRegister[P=1 Q=1 Z7=1 C7=1 R7=1 S7=1 Y6=1 X6=1 Z6=1 C6=1 R6=1 S6=1 Y5=1 X5=1 Z5=1 C5=1 R5=1 S5=1 Y4=1 X4=1 Z4=1 C4=1 R4=1 S4=1 Y3=1 X3=1 Z3=1 C3=1 R3=1 S3=1 Y2=1 X2=1 Z2=1 C2=1 R2=1 S2=1 Y1=1 X1=1 Z1=1 C1=1 R1=1 S1=1 Y0=1 X0=1 Z0=1 C0=1 R0=1 S0=1] Compute] 
fsrcnn_8layer_2026-02-25T17:14:00.701831,fsrcnn,8layer,full,8,eyeriss,thesis_arch,1056,524,128,256,4,120,False,True,,2.436e+04,1.944e+07,4.87e+05,"(31557100392, 12312518400)",0.0073438270306525055,0.14208221435546875,DRAM[P=540 Q=8 Z7=1 C7=1 R7=1 S7=1 Y6=540 X6=8 Z6=1 C6=1 R6=1 S6=1 Y5=540 X5=8 Z5=1 C5=1 R5=1 S5=1 Y4=540 X4=8 Z4=1 C4=1 R4=1 S4=1 Y3=540 X3=8 Z3=1 C3=1 R3=1 S3=1 Y2=540 X2=8 Z2=1 C2=1 R2=1 S2=1 Y1=540 X1=8 Z1=1 C1=1 R1=1 S1=1 Y0=540 X0=8 Z0=1 C0=1 R0=1 S0=1] GlobalBuffer[P=1 Q=120 Z7=1 C7=1 R7=1 S7=1 Y6=1 X6=120 Z6=1 C6=1 R6=1 S6=1 Y5=1 X5=120 Z5=1 C5=1 R5=1 S5=1 Y4=1 X4=120 Z4=1 C4=1 R4=1 S4=1 Y3=1 X3=120 Z3=1 C3=1 R3=1 S3=1 Y2=1 X2=120 Z2=1 C2=1 R2=1 S2=1 Y1=1 X1=120 Z1=1 C1=1 R1=1 S1=1 Y0=1 X0=120 Z0=1 C0=1 R0=1 S0=1] SACols[Q=1 Z7=4] SARows[S7=3 C7=56 Z7=1] SACols_6[X6=1 Z6=4] SARows_6[S6=1 C6=12 Z6=14] SACols_5[X5=1 Z5=4] SARows_5[S5=3 C5=12 Z5=3] SACols_4[X4=1 Z4=4] SARows_4[S4=3 C4=12 Z4=3] SACols_3[X3=1 Z3=4] SARows_3[S3=3 C3=12 Z3=3] SACols_2[X2=1 Z2=4] SARows_2[S2=3 C2=12 Z2=3] SACols_1[X1=1 Z1=4] SARows_1[S1=1 C1=56 Z1=3] SACols_0[X0=1 Z0=4] SARows_0[S0=5 C0=3 Z0=14] InRegister[P=1 Q=1 Z7=1 C7=1 R7=1 S7=1 Y6=1 X6=1 Z6=1 C6=1 R6=1 S6=1 Y5=1 X5=1 Z5=1 C5=1 R5=1 S5=1 Y4=1 X4=1 Z4=1 C4=1 R4=1 S4=1 Y3=1 X3=1 Z3=1 C3=1 R3=1 S3=1 Y2=1 X2=1 Z2=1 C2=1 R2=1 S2=1 Y1=1 X1=1 Z1=1 C1=1 R1=1 S1=1 Y0=1 X0=1 Z0=1 C0=1 R0=1 S0=1] WRegister[P=1 Q=1 Z7=1 C7=1 R7=3 S7=1 Y6=1 X6=1 Z6=1 C6=1 R6=1 S6=1 Y5=1 X5=1 Z5=1 C5=1 R5=3 S5=1 Y4=1 X4=1 Z4=1 C4=1 R4=3 S4=1 Y3=1 X3=1 Z3=1 C3=1 R3=3 S3=1 Y2=1 X2=1 Z2=1 C2=1 R2=3 S2=1 Y1=1 X1=1 Z1=1 C1=1 R1=1 S1=1 Y0=1 X0=1 Z0=1 C0=1 R0=5 S0=1] IntermediateRegister[P=1 Q=1 Z7=1 C7=1 R7=1 S7=1 Y6=1 X6=1 Z6=1 C6=1 R6=1 S6=1 Y5=1 X5=1 Z5=1 C5=1 R5=1 S5=1 Y4=1 X4=1 Z4=1 C4=1 R4=1 S4=1 Y3=1 X3=1 Z3=1 C3=1 R3=1 S3=1 Y2=1 X2=1 Z2=1 C2=1 R2=1 S2=1 Y1=1 X1=1 Z1=1 C1=1 R1=1 S1=1 Y0=1 X0=1 Z0=1 C0=1 R0=1 S0=1] OutRegister[P=1 Q=1 Z7=4 C7=1 R7=1 S7=1 Y6=1 X6=1 Z6=1 C6=1 R6=1 S6=1 Y5=1 X5=1 Z5=1 C5=1 R5=1 S5=1 Y4=1 X4=1 Z4=1 C4=1 R4=1 S4=1 Y3=1 X3=1 Z3=1 C3=1 R3=1 S3=1 Y2=1 X2=1 Z2=1 C2=1 R2=1 S2=1 Y1=1 X1=1 Z1=1 C1=1 R1=1 S1=1 Y0=1 X0=1 Z0=1 C0=1 R0=1 S0=1] Compute] 
fsrcnn_8layer_2026-02-25T17:14:01.317305,fsrcnn,8layer,full,8,eyeriss,thesis_arch,1056,524,128,256,16,120,False,True,,2.436e+04,1.918e+07,4.88e+05,"(31557100392, 12312518400)",4.482316302888492e-07,0.4565012454986572,DRAM[P=540 Q=8 Z7=1 C7=1 R7=1 S7=1 Y6=540 X6=8 Z6=1 C6=1 R6=1 S6=1 Y5=540 X5=8 Z5=1 C5=1 R5=1 S5=1 Y4=540 X4=8 Z4=1 C4=1 R4=1 S4=1 Y3=540 X3=8 Z3=1 C3=1 R3=1 S3=1 Y2=540 X2=8 Z2=1 C2=1 R2=1 S2=1 Y1=540 X1=8 Z1=1 C1=1 R1=1 S1=1 Y0=540 X0=8 Z0=1 C0=1 R0=1 S0=1] GlobalBuffer[P=1 Q=120 Z7=1 C7=1 R7=1 S7=1 Y6=1 X6=120 Z6=1 C6=1 R6=1 S6=1 Y5=1 X5=120 Z5=1 C5=1 R5=1 S5=1 Y4=1 X4=120 Z4=1 C4=1 R4=1 S4=1 Y3=1 X3=120 Z3=1 C3=1 R3=1 S3=1 Y2=1 X2=120 Z2=1 C2=1 R2=1 S2=1 Y1=1 X1=120 Z1=1 C1=1 R1=1 S1=1 Y0=1 X0=120 Z0=1 C0=1 R0=1 S0=1] SACols[Q=1 Z7=16] SARows[S7=3 C7=56 Z7=1] SACols_6[X6=1 Z6=14] SARows_6[S6=1 C6=12 Z6=4] SACols_5[X5=1 Z5=12] SARows_5[S5=3 C5=12 Z5=1] SACols_4[X4=1 Z4=12] SARows_4[S4=3 C4=12 Z4=1] SACols_3[X3=1 Z3=12] SARows_3[S3=3 C3=12 Z3=1] SACols_2[X2=1 Z2=12] SARows_2[S2=3 C2=12 Z2=1] SACols_1[X1=1 Z1=12] SARows_1[S1=1 C1=56 Z1=1] SACols_0[X0=1 Z0=14] SARows_0[S0=5 C0=3 Z0=4] InRegister[P=1 Q=1 Z7=1 C7=1 R7=1 S7=1 Y6=1 X6=1 Z6=1 C6=1 R6=1 S6=1 Y5=1 X5=1 Z5=1 C5=1 R5=1 S5=1 Y4=1 X4=1 Z4=1 C4=1 R4=1 S4=1 Y3=1 X3=1 Z3=1 C3=1 R3=1 S3=1 Y2=1 X2=1 Z2=1 C2=1 R2=1 S2=1 Y1=1 X1=1 Z1=1 C1=1 R1=1 S1=1 Y0=1 X0=1 Z0=1 C0=1 R0=1 S0=1] WRegister[P=1 Q=1 Z7=1 C7=1 R7=3 S7=1 Y6=1 X6=1 Z6=1 C6=1 R6=1 S6=1 Y5=1 X5=1 Z5=1 C5=1 R5=3 S5=1 Y4=1 X4=1 Z4=1 C4=1 R4=3 S4=1 Y3=1 X3=1 Z3=1 C3=1 R3=3 S3=1 Y2=1 X2=1 Z2=1 C2=1 R2=3 S2=1 Y1=1 X1=1 Z1=1 C1=1 R1=1 S1=1 Y0=1 X0=1 Z0=1 C0=1 R0=5 S0=1] IntermediateRegister[P=1 Q=1 Z7=1 C7=1 R7=1 S7=1 Y6=1 X6=1 Z6=1 C6=1 R6=1 S6=1 Y5=1 X5=1 Z5=1 C5=1 R5=1 S5=1 Y4=1 X4=1 Z4=1 C4=1 R4=1 S4=1 Y3=1 X3=1 Z3=1 C3=1 R3=1 S3=1 Y2=1 X2=1 Z2=1 C2=1 R2=1 S2=1 Y1=1 X1=1 Z1=1 C1=1 R1=1 S1=1 Y0=1 X0=1 Z0=1 C0=1 R0=1 S0=1] OutRegister[P=1 Q=1 Z7=1 C7=1 R7=1 S7=1 Y6=1 X6=1 Z6=1 C6=1 R6=1 S6=1 Y5=1 X5=1 Z5=1 C5=1 R5=1 S5=1 Y4=1 X4=1 Z4=1 C4=1 R4=1 S4=1 Y3=1 X3=1 Z3=1 C3=1 R3=1 S3=1 Y2=1 X2=1 Z2=1 C2=1 R2=1 S2=1 Y1=1 X1=1 Z1=1 C1=1 R1=1 S1=1 Y0=1 X0=1 Z0=1 C0=1 R0=1 S0=1] Compute] 
fsrcnn_8layer_2026-02-25T17:14:02.496442,fsrcnn,8layer,full,8,eyeriss,thesis_arch,1056,524,128,256,32,120,False,True,,2.436e+04,1.918e+07,4.88e+05,"(31557100392, 12312518400)",1.120579075722123e-07,0.09928464889526367,DRAM[P=540 Q=8 Z7=1 C7=1 R7=1 S7=1 Y6=540 X6=8 Z6=1 C6=1 R6=1 S6=1 Y5=540 X5=8 Z5=1 C5=1 R5=1 S5=1 Y4=540 X4=8 Z4=1 C4=1 R4=1 S4=1 Y3=540 X3=8 Z3=1 C3=1 R3=1 S3=1 Y2=540 X2=8 Z2=1 C2=1 R2=1 S2=1 Y1=540 X1=8 Z1=1 C1=1 R1=1 S1=1 Y0=540 X0=8 Z0=1 C0=1 R0=1 S0=1] GlobalBuffer[P=1 Q=60 Z7=1 C7=1 R7=1 S7=1 Y6=1 X6=120 Z6=1 C6=1 R6=1 S6=1 Y5=1 X5=60 Z5=1 C5=1 R5=1 S5=1 Y4=1 X4=60 Z4=1 C4=1 R4=1 S4=1 Y3=1 X3=60 Z3=1 C3=1 R3=1 S3=1 Y2=1 X2=60 Z2=1 C2=1 R2=1 S2=1 Y1=1 X1=60 Z1=1 C1=1 R1=1 S1=1 Y0=1 X0=120 Z0=1 C0=1 R0=1 S0=1] SACols[Q=2 Z7=16] SARows[S7=3 C7=56 Z7=1] SACols_6[X6=1 Z6=28] SARows_6[S6=1 C6=12 Z6=2] SACols_5[X5=2 Z5=12] SARows_5[S5=3 C5=12 Z5=1] SACols_4[X4=2 Z4=12] SARows_4[S4=3 C4=12 Z4=1] SACols_3[X3=2 Z3=12] SARows_3[S3=3 C3=12 Z3=1] SACols_2[X2=2 Z2=12] SARows_2[S2=3 C2=12 Z2=1] SACols_1[X1=2 Z1=12] SARows_1[S1=1 C1=56 Z1=1] SACols_0[X0=1 Z0=28] SARows_0[S0=5 C0=3 Z0=2] InRegister[P=1 Q=1 Z7=1 C7=1 R7=1 S7=1 Y6=1 X6=1 Z6=1 C6=1 R6=1 S6=1 Y5=1 X5=1 Z5=1 C5=1 R5=1 S5=1 Y4=1 X4=1 Z4=1 C4=1 R4=1 S4=1 Y3=1 X3=1 Z3=1 C3=1 R3=1 S3=1 Y2=1 X2=1 Z2=1 C2=1 R2=1 S2=1 Y1=1 X1=1 Z1=1 C1=1 R1=1 S1=1 Y0=1 X0=1 Z0=1 C0=1 R0=1 S0=1] WRegister[P=1 Q=1 Z7=1 C7=1 R7=3 S7=1 Y6=1 X6=1 Z6=1 C6=1 R6=1 S6=1 Y5=1 X5=1 Z5=1 C5=1 R5=3 S5=1 Y4=1 X4=1 Z4=1 C4=1 R4=3 S4=1 Y3=1 X3=1 Z3=1 C3=1 R3=3 S3=1 Y2=1 X2=1 Z2=1 C2=1 R2=3 S2=1 Y1=1 X1=1 Z1=1 C1=1 R1=1 S1=1 Y0=1 X0=1 Z0=1 C0=1 R0=5 S0=1] IntermediateRegister[P=1 Q=1 Z7=1 C7=1 R7=1 S7=1 Y6=1 X6=1 Z6=1 C6=1 R6=1 S6=1 Y5=1 X5=1 Z5=1 C5=1 R5=1 S5=1 Y4=1 X4=1 Z4=1 C4=1 R4=1 S4=1 Y3=1 X3=1 Z3=1 C3=1 R3=1 S3=1 Y2=1 X2=1 Z2=1 C2=1 R2=1 S2=1 Y1=1 X1=1 Z1=1 C1=1 R1=1 S1=1 Y0=1 X0=1 Z0=1 C0=1 R0=1 S0=1] OutRegister[P=1 Q=1 Z7=1 C7=1 R7=1 S7=1 Y6=1 X6=1 Z6=1 C6=1 R6=1 S6=1 Y5=1 X5=1 Z5=1 C5=1 R5=1 S5=1 Y4=1 X4=1 Z4=1 C4=1 R4=1 S4=1 Y3=1 X3=1 Z3=1 C3=1 R3=1 S3=1 Y2=1 X2=1 Z2=1 C2=1 R2=1 S2=1 Y1=1 X1=1 Z1=1 C1=1 R1=1 S1=1 Y0=1 X0=1 Z0=1 C0=1 R0=1 S0=1] Compute] 
fsrcnn_8layer_2026-02-25T17:14:03.281565,fsrcnn,8layer,full,8,eyeriss,thesis_arch,1056,524,128,256,64,120,False,True,,2.436e+04,1.918e+07,4.88e+05,"(31557100392, 12312518400)",8.549339872147545e-08,0.3040592670440674,DRAM[P=540 Q=8 Z7=1 C7=1 R7=1 S7=1 Y6=540 X6=8 Z6=1 C6=1 R6=1 S6=1 Y5=540 X5=8 Z5=1 C5=1 R5=1 S5=1 Y4=540 X4=8 Z4=1 C4=1 R4=1 S4=1 Y3=540 X3=8 Z3=1 C3=1 R3=1 S3=1 Y2=540 X2=8 Z2=1 C2=1 R2=1 S2=1 Y1=540 X1=8 Z1=1 C1=1 R1=1 S1=1 Y0=540 X0=8 Z0=1 C0=1 R0=1 S0=1] GlobalBuffer[P=1 Q=30 Z7=1 C7=1 R7=1 S7=1 Y6=1 X6=120 Z6=1 C6=1 R6=1 S6=1 Y5=1 X5=24 Z5=1 C5=1 R5=1 S5=1 Y4=1 X4=24 Z4=1 C4=1 R4=1 S4=1 Y3=1 X3=24 Z3=1 C3=1 R3=1 S3=1 Y2=1 X2=24 Z2=1 C2=1 R2=1 S2=1 Y1=1 X1=24 Z1=1 C1=1 R1=1 S1=1 Y0=1 X0=120 Z0=1 C0=1 R0=1 S0=1] SACols[Q=4 Z7=16] SARows[S7=3 C7=56 Z7=1] SACols_6[X6=1 Z6=56] SARows_6[S6=1 C6=12 Z6=1] SACols_5[X5=5 Z5=12] SARows_5[S5=3 C5=12 Z5=1] SACols_4[X4=5 Z4=12] SARows_4[S4=3 C4=12 Z4=1] SACols_3[X3=5 Z3=12] SARows_3[S3=3 C3=12 Z3=1] SACols_2[X2=5 Z2=12] SARows_2[S2=3 C2=12 Z2=1] SACols_1[X1=5 Z1=12] SARows_1[S1=1 C1=56 Z1=1] SACols_0[X0=1 Z0=56] SARows_0[S0=5 C0=3 Z0=1] InRegister[P=1 Q=1 Z7=1 C7=1 R7=1 S7=1 Y6=1 X6=1 Z6=1 C6=1 R6=1 S6=1 Y5=1 X5=1 Z5=1 C5=1 R5=1 S5=1 Y4=1 X4=1 Z4=1 C4=1 R4=1 S4=1 Y3=1 X3=1 Z3=1 C3=1 R3=1 S3=1 Y2=1 X2=1 Z2=1 C2=1 R2=1 S2=1 Y1=1 X1=1 Z1=1 C1=1 R1=1 S1=1 Y0=1 X0=1 Z0=1 C0=1 R0=1 S0=1] WRegister[P=1 Q=1 Z7=1 C7=1 R7=3 S7=1 Y6=1 X6=1 Z6=1 C6=1 R6=1 S6=1 Y5=1 X5=1 Z5=1 C5=1 R5=3 S5=1 Y4=1 X4=1 Z4=1 C4=1 R4=3 S4=1 Y3=1 X3=1 Z3=1 C3=1 R3=3 S3=1 Y2=1 X2=1 Z2=1 C2=1 R2=3 S2=1 Y1=1 X1=1 Z1=1 C1=1 R1=1 S1=1 Y0=1 X0=1 Z0=1 C0=1 R0=5 S0=1] IntermediateRegister[P=1 Q=1 Z7=1 C7=1 R7=1 S7=1 Y6=1 X6=1 Z6=1 C6=1 R6=1 S6=1 Y5=1 X5=1 Z5=1 C5=1 R5=1 S5=1 Y4=1 X4=1 Z4=1 C4=1 R4=1 S4=1 Y3=1 X3=1 Z3=1 C3=1 R3=1 S3=1 Y2=1 X2=1 Z2=1 C2=1 R2=1 S2=1 Y1=1 X1=1 Z1=1 C1=1 R1=1 S1=1 Y0=1 X0=1 Z0=1 C0=1 R0=1 S0=1] OutRegister[P=1 Q=1 Z7=1 C7=1 R7=1 S7=1 Y6=1 X6=1 Z6=1 C6=1 R6=1 S6=1 Y5=1 X5=1 Z5=1 C5=1 R5=1 S5=1 Y4=1 X4=1 Z4=1 C4=1 R4=1 S4=1 Y3=1 X3=1 Z3=1 C3=1 R3=1 S3=1 Y2=1 X2=1 Z2=1 C2=1 R2=1 S2=1 Y1=1 X1=1 Z1=1 C1=1 R1=1 S1=1 Y0=1 X0=1 Z0=1 C0=1 R0=1 S0=1] Compute] 
fsrcnn_8layer_2026-02-25T17:14:03.880531,fsrcnn,8layer,full,8,eyeriss,thesis_arch,1056,524,128,512,4,120,False,True,,2.436e+04,1.918e+07,4.83e+05,"(31557100392, 12312518400)",5.73736486769727e-05,0.0893867015838623,DRAM[P=540 Q=8 Z7=1 C7=1 R7=1 S7=1 Y6=540 X6=8 Z6=1 C6=1 R6=1 S6=1 Y5=540 X5=8 Z5=1 C5=1 R5=1 S5=1 Y4=540 X4=8 Z4=1 C4=1 R4=1 S4=1 Y3=540 X3=8 Z3=1 C3=1 R3=1 S3=1 Y2=540 X2=8 Z2=1 C2=1 R2=1 S2=1 Y1=540 X1=8 Z1=1 C1=1 R1=1 S1=1 Y0=540 X0=8 Z0=1 C0=1 R0=1 S0=1] GlobalBuffer[P=1 Q=120 Z7=1 C7=1 R7=1 S7=1 Y6=1 X6=120 Z6=1 C6=1 R6=1 S6=1 Y5=1 X5=120 Z5=1 C5=1 R5=1 S5=1 Y4=1 X4=120 Z4=1 C4=1 R4=1 S4=1 Y3=1 X3=120 Z3=1 C3=1 R3=1 S3=1 Y2=1 X2=120 Z2=1 C2=1 R2=1 S2=1 Y1=1 X1=120 Z1=1 C1=1 R1=1 S1=1 Y0=1 X0=120 Z0=1 C0=1 R0=1 S0=1] SACols[Q=1 Z7=4] SARows[S7=3 C7=56 Z7=2] SACols_6[X6=1 Z6=4] SARows_6[S6=1 C6=12 Z6=14] SACols_5[X5=1 Z5=4] SARows_5[S5=3 C5=12 Z5=3] SACols_4[X4=1 Z4=4] SARows_4[S4=3 C4=12 Z4=3] SACols_3[X3=1 Z3=4] SARows_3[S3=3 C3=12 Z3=3] SACols_2[X2=1 Z2=4] SARows_2[S2=3 C2=12 Z2=3] SACols_1[X1=1 Z1=4] SARows_1[S1=1 C1=56 Z1=3] SACols_0[X0=1 Z0=4] SARows_0[S0=5 C0=3 Z0=14] InRegister[P=1 Q=1 Z7=1 C7=1 R7=1 S7=1 Y6=1 X6=1 Z6=1 C6=1 R6=1 S6=1 Y5=1 X5=1 Z5=1 C5=1 R5=1 S5=1 Y4=1 X4=1 Z4=1 C4=1 R4=1 S4=1 Y3=1 X3=1 Z3=1 C3=1 R3=1 S3=1 Y2=1 X2=1 Z2=1 C2=1 R2=1 S2=1 Y1=1 X1=1 Z1=1 C1=1 R1=1 S1=1 Y0=1 X0=1 Z0=1 C0=1 R0=1 S0=1] WRegister[P=1 Q=1 Z7=1 C7=1 R7=3 S7=1 Y6=1 X6=1 Z6=1 C6=1 R6=1 S6=1 Y5=1 X5=1 Z5=1 C5=1 R5=3 S5=1 Y4=1 X4=1 Z4=1 C4=1 R4=3 S4=1 Y3=1 X3=1 Z3=1 C3=1 R3=3 S3=1 Y2=1 X2=1 Z2=1 C2=1 R2=3 S2=1 Y1=1 X1=1 Z1=1 C1=1 R1=1 S1=1 Y0=1 X0=1 Z0=1 C0=1 R0=5 S0=1] IntermediateRegister[P=1 Q=1 Z7=1 C7=1 R7=1 S7=1 Y6=1 X6=1 Z6=1 C6=1 R6=1 S6=1 Y5=1 X5=1 Z5=1 C5=1 R5=1 S5=1 Y4=1 X4=1 Z4=1 C4=1 R4=1 S4=1 Y3=1 X3=1 Z3=1 C3=1 R3=1 S3=1 Y2=1 X2=1 Z2=1 C2=1 R2=1 S2=1 Y1=1 X1=1 Z1=1 C1=1 R1=1 S1=1 Y0=1 X0=1 Z0=1 C0=1 R0=1 S0=1] OutRegister[P=1 Q=1 Z7=2 C7=1 R7=1 S7=1 Y6=1 X6=1 Z6=1 C6=1 R6=1 S6=1 Y5=1 X5=1 Z5=1 C5=1 R5=1 S5=1 Y4=1 X4=1 Z4=1 C4=1 R4=1 S4=1 Y3=1 X3=1 Z3=1 C3=1 R3=1 S3=1 Y2=1 X2=1 Z2=1 C2=1 R2=1 S2=1 Y1=1 X1=1 Z1=1 C1=1 R1=1 S1=1 Y0=1 X0=1 Z0=1 C0=1 R0=1 S0=1] Compute] 
fsrcnn_8layer_2026-02-25T17:14:04.273270,fsrcnn,8layer,full,8,eyeriss,thesis_arch,1056,524,128,512,16,120,False,True,,2.436e+04,1.918e+07,4.88e+05,"(31557100392, 12312518400)",1.7509048058158172e-09,0.09101343154907227,DRAM[P=540 Q=8 Z7=1 C7=1 R7=1 S7=1 Y6=540 X6=8 Z6=1 C6=1 R6=1 S6=1 Y5=540 X5=8 Z5=1 C5=1 R5=1 S5=1 Y4=540 X4=8 Z4=1 C4=1 R4=1 S4=1 Y3=540 X3=8 Z3=1 C3=1 R3=1 S3=1 Y2=540 X2=8 Z2=1 C2=1 R2=1 S2=1 Y1=540 X1=8 Z1=1 C1=1 R1=1 S1=1 Y0=540 X0=8 Z0=1 C0=1 R0=1 S0=1] GlobalBuffer[P=1 Q=120 Z7=1 C7=1 R7=1 S7=1 Y6=1 X6=120 Z6=1 C6=1 R6=1 S6=1 Y5=1 X5=120 Z5=1 C5=1 R5=1 S5=1 Y4=1 X4=120 Z4=1 C4=1 R4=1 S4=1 Y3=1 X3=120 Z3=1 C3=1 R3=1 S3=1 Y2=1 X2=120 Z2=1 C2=1 R2=1 S2=1 Y1=1 X1=120 Z1=1 C1=1 R1=1 S1=1 Y0=1 X0=120 Z0=1 C0=1 R0=1 S0=1] SACols[Q=1 Z7=16] SARows[S7=3 C7=56 Z7=1] SACols_6[X6=1 Z6=14] SARows_6[S6=1 C6=12 Z6=4] SACols_5[X5=1 Z5=12] SARows_5[S5=3 C5=12 Z5=1] SACols_4[X4=1 Z4=12] SARows_4[S4=3 C4=12 Z4=1] SACols_3[X3=1 Z3=12] SARows_3[S3=3 C3=12 Z3=1] SACols_2[X2=1 Z2=12] SARows_2[S2=3 C2=12 Z2=1] SACols_1[X1=1 Z1=12] SARows_1[S1=1 C1=56 Z1=1] SACols_0[X0=1 Z0=14] SARows_0[S0=5 C0=3 Z0=4] InRegister[P=1 Q=1 Z7=1 C7=1 R7=1 S7=1 Y6=1 X6=1 Z6=1 C6=1 R6=1 S6=1 Y5=1 X5=1 Z5=1 C5=1 R5=1 S5=1 Y4=1 X4=1 Z4=1 C4=1 R4=1 S4=1 Y3=1 X3=1 Z3=1 C3=1 R3=1 S3=1 Y2=1 X2=1 Z2=1 C2=1 R2=1 S2=1 Y1=1 X1=1 Z1=1 C1=1 R1=1 S1=1 Y0=1 X0=1 Z0=1 C0=1 R0=1 S0=1] WRegister[P=1 Q=1 Z7=1 C7=1 R7=3 S7=1 Y6=1 X6=1 Z6=1 C6=1 R6=1 S6=1 Y5=1 X5=1 Z5=1 C5=1 R5=3 S5=1 Y4=1 X4=1 Z4=1 C4=1 R4=3 S4=1 Y3=1 X3=1 Z3=1 C3=1 R3=3 S3=1 Y2=1 X2=1 Z2=1 C2=1 R2=3 S2=1 Y1=1 X1=1 Z1=1 C1=1 R1=1 S1=1 Y0=1 X0=1 Z0=1 C0=1 R0=5 S0=1] IntermediateRegister[P=1 Q=1 Z7=1 C7=1 R7=1 S7=1 Y6=1 X6=1 Z6=1 C6=1 R6=1 S6=1 Y5=1 X5=1 Z5=1 C5=1 R5=1 S5=1 Y4=1 X4=1 Z4=1 C4=1 R4=1 S4=1 Y3=1 X3=1 Z3=1 C3=1 R3=1 S3=1 Y2=1 X2=1 Z2=1 C2=1 R2=1 S2=1 Y1=1 X1=1 Z1=1 C1=1 R1=1 S1=1 Y0=1 X0=1 Z0=1 C0=1 R0=1 S0=1] OutRegister[P=1 Q=1 Z7=1 C7=1 R7=1 S7=1 Y6=1 X6=1 Z6=1 C6=1 R6=1 S6=1 Y5=1 X5=1 Z5=1 C5=1 R5=1 S5=1 Y4=1 X4=1 Z4=1 C4=1 R4=1 S4=1 Y3=1 X3=1 Z3=1 C3=1 R3=1 S3=1 Y2=1 X2=1 Z2=1 C2=1 R2=1 S2=1 Y1=1 X1=1 Z1=1 C1=1 R1=1 S1=1 Y0=1 X0=1 Z0=1 C0=1 R0=1 S0=1] Compute] 
fsrcnn_8layer_2026-02-25T17:14:04.633425,fsrcnn,8layer,full,8,eyeriss,thesis_arch,1056,524,128,512,32,120,False,True,,2.436e+04,1.918e+07,4.88e+05,"(31557100392, 12312518400)",4.377262014539543e-10,0.30707216262817383,DRAM[P=540 Q=8 Z7=1 C7=1 R7=1 S7=1 Y6=540 X6=8 Z6=1 C6=1 R6=1 S6=1 Y5=540 X5=8 Z5=1 C5=1 R5=1 S5=1 Y4=540 X4=8 Z4=1 C4=1 R4=1 S4=1 Y3=540 X3=8 Z3=1 C3=1 R3=1 S3=1 Y2=540 X2=8 Z2=1 C2=1 R2=1 S2=1 Y1=540 X1=8 Z1=1 C1=1 R1=1 S1=1 Y0=540 X0=8 Z0=1 C0=1 R0=1 S0=1] GlobalBuffer[P=1 Q=60 Z7=1 C7=1 R7=1 S7=1 Y6=1 X6=120 Z6=1 C6=1 R6=1 S6=1 Y5=1 X5=60 Z5=1 C5=1 R5=1 S5=1 Y4=1 X4=60 Z4=1 C4=1 R4=1 S4=1 Y3=1 X3=60 Z3=1 C3=1 R3=1 S3=1 Y2=1 X2=60 Z2=1 C2=1 R2=1 S2=1 Y1=1 X1=60 Z1=1 C1=1 R1=1 S1=1 Y0=1 X0=120 Z0=1 C0=1 R0=1 S0=1] SACols[Q=2 Z7=16] SARows[S7=3 C7=56 Z7=1] SACols_6[X6=1 Z6=28] SARows_6[S6=1 C6=12 Z6=2] SACols_5[X5=2 Z5=12] SARows_5[S5=3 C5=12 Z5=1] SACols_4[X4=2 Z4=12] SARows_4[S4=3 C4=12 Z4=1] SACols_3[X3=2 Z3=12] SARows_3[S3=3 C3=12 Z3=1] SACols_2[X2=2 Z2=12] SARows_2[S2=3 C2=12 Z2=1] SACols_1[X1=2 Z1=12] SARows_1[S1=1 C1=56 Z1=1] SACols_0[X0=1 Z0=28] SARows_0[S0=5 C0=3 Z0=2] InRegister[P=1 Q=1 Z7=1 C7=1 R7=1 S7=1 Y6=1 X6=1 Z6=1 C6=1 R6=1 S6=1 Y5=1 X5=1 Z5=1 C5=1 R5=1 S5=1 Y4=1 X4=1 Z4=1 C4=1 R4=1 S4=1 Y3=1 X3=1 Z3=1 C3=1 R3=1 S3=1 Y2=1 X2=1 Z2=1 C2=1 R2=1 S2=1 Y1=1 X1=1 Z1=1 C1=1 R1=1 S1=1 Y0=1 X0=1 Z0=1 C0=1 R0=1 S0=1] WRegister[P=1 Q=1 Z7=1 C7=1 R7=3 S7=1 Y6=1 X6=1 Z6=1 C6=1 R6=1 S6=1 Y5=1 X5=1 Z5=1 C5=1 R5=3 S5=1 Y4=1 X4=1 Z4=1 C4=1 R4=3 S4=1 Y3=1 X3=1 Z3=1 C3=1 R3=3 S3=1 Y2=1 X2=1 Z2=1 C2=1 R2=3 S2=1 Y1=1 X1=1 Z1=1 C1=1 R1=1 S1=1 Y0=1 X0=1 Z0=1 C0=1 R0=5 S0=1] IntermediateRegister[P=1 Q=1 Z7=1 C7=1 R7=1 S7=1 Y6=1 X6=1 Z6=1 C6=1 R6=1 S6=1 Y5=1 X5=1 Z5=1 C5=1 R5=1 S5=1 Y4=1 X4=1 Z4=1 C4=1 R4=1 S4=1 Y3=1 X3=1 Z3=1 C3=1 R3=1 S3=1 Y2=1 X2=1 Z2=1 C2=1 R2=1 S2=1 Y1=1 X1=1 Z1=1 C1=1 R1=1 S1=1 Y0=1 X0=1 Z0=1 C0=1 R0=1 S0=1] OutRegister[P=1 Q=1 Z7=1 C7=1 R7=1 S7=1 Y6=1 X6=1 Z6=1 C6=1 R6=1 S6=1 Y5=1 X5=1 Z5=1 C5=1 R5=1 S5=1 Y4=1 X4=1 Z4=1 C4=1 R4=1 S4=1 Y3=1 X3=1 Z3=1 C3=1 R3=1 S3=1 Y2=1 X2=1 Z2=1 C2=1 R2=1 S2=1 Y1=1 X1=1 Z1=1 C1=1 R1=1 S1=1 Y0=1 X0=1 Z0=1 C0=1 R0=1 S0=1] Compute] 
fsrcnn_8layer_2026-02-25T17:14:05.292437,fsrcnn,8layer,full,8,eyeriss,thesis_arch,1056,524,128,4,4,120,False,False,"Arch: Eyeriss_Constrained_8L_tile120_4x4 -> Level: SARows_0: Failed to fit comp to arch because the level's constraint (S0: 4) does not divide comp dimension S0 (5) exactly. To compensate, consider setting 'Settings.PADDED_MAPPINGS' to True.",0.000e+00,0.000e+00,0.00e+00,0,0.0,0.0,
fsrcnn_8layer_2026-02-25T17:14:06.069067,fsrcnn,8layer,full,8,eyeriss,thesis_arch,1056,524,128,4,16,120,False,False,"Arch: Eyeriss_Constrained_8L_tile120_16x4 -> Level: SARows_0: Failed to fit comp to arch because the level's constraint (S0: 4) does not divide comp dimension S0 (5) exactly. To compensate, consider setting 'Settings.PADDED_MAPPINGS' to True.",0.000e+00,0.000e+00,0.00e+00,0,0.0,0.0,
fsrcnn_8layer_2026-02-25T17:14:06.346222,fsrcnn,8layer,full,8,eyeriss,thesis_arch,1056,524,128,4,32,120,False,False,"Arch: Eyeriss_Constrained_8L_tile120_32x4 -> Level: SARows_0: Failed to fit comp to arch because the level's constraint (S0: 4) does not divide comp dimension S0 (5) exactly. To compensate, consider setting 'Settings.PADDED_MAPPINGS' to True.",0.000e+00,0.000e+00,0.00e+00,0,0.0,0.0,
fsrcnn_8layer_2026-02-25T17:14:06.593025,fsrcnn,8layer,full,8,eyeriss,thesis_arch,1056,524,128,4,64,120,False,False,"Arch: Eyeriss_Constrained_8L_tile120_64x4 -> Level: SARows_0: Failed to fit comp to arch because the level's constraint (S0: 4) does not divide comp dimension S0 (5) exactly. To compensate, consider setting 'Settings.PADDED_MAPPINGS' to True.",0.000e+00,0.000e+00,0.00e+00,0,0.0,0.0,
fsrcnn_8layer_2026-02-25T17:14:06.909112,fsrcnn,8layer,full,8,eyeriss,thesis_arch,1056,524,128,4,128,120,False,False,"Arch: Eyeriss_Constrained_8L_tile120_128x4 -> Level: SARows_0: Failed to fit comp to arch because the level's constraint (S0: 4) does not divide comp dimension S0 (5) exactly. To compensate, consider setting 'Settings.PADDED_MAPPINGS' to True.",0.000e+00,0.000e+00,0.00e+00,0,0.0,0.0,
fsrcnn_8layer_2026-02-25T17:14:07.202946,fsrcnn,8layer,full,8,eyeriss,thesis_arch,1056,524,128,4,256,120,False,False,"Arch: Eyeriss_Constrained_8L_tile120_256x4 -> Level: SARows_0: Failed to fit comp to arch because the level's constraint (S0: 4) does not divide comp dimension S0 (5) exactly. To compensate, consider setting 'Settings.PADDED_MAPPINGS' to True.",0.000e+00,0.000e+00,0.00e+00,0,0.0,0.0,
fsrcnn_8layer_2026-02-25T17:14:07.576043,fsrcnn,8layer,full,8,eyeriss,thesis_arch,1056,524,128,4,512,120,False,False,"Arch: Eyeriss_Constrained_8L_tile120_512x4 -> Level: SARows_0: Failed to fit comp to arch because the level's constraint (S0: 4) does not divide comp dimension S0 (5) exactly. To compensate, consider setting 'Settings.PADDED_MAPPINGS' to True.",0.000e+00,0.000e+00,0.00e+00,0,0.0,0.0,
fsrcnn_8layer_2026-02-25T17:14:07.913963,fsrcnn,8layer,full,8,eyeriss,thesis_arch,1056,524,128,16,4,120,False,False,"Ill-posed constraints:
CONSTRAINTS VIOLATION: Arch: Eyeriss_Constrained_8L_tile120_4x16 -> Level: InRegister: memory footprint: 93 VS memory available: 34
CONSTRAINTS VIOLATION: Arch: Eyeriss_Constrained_8L_tile120_4x16 -> Level: WRegister: memory footprint: 372 VS memory available: 300
CONSTRAINTS VIOLATION: Arch: Eyeriss_Constrained_8L_tile120_4x16 -> Level: IntermediateRegister: memory footprint: 43 VS memory available: 32",0.000e+00,0.000e+00,0.00e+00,0,0.0,0.0,
fsrcnn_8layer_2026-02-25T17:14:08.281608,fsrcnn,8layer,full,8,eyeriss,thesis_arch,1056,524,128,16,16,120,False,False,"Ill-posed constraints:
CONSTRAINTS VIOLATION: Arch: Eyeriss_Constrained_8L_tile120_16x16 -> Level: InRegister: memory footprint: 93 VS memory available: 34",0.000e+00,0.000e+00,0.00e+00,0,0.0,0.0,
fsrcnn_8layer_2026-02-25T17:14:08.629207,fsrcnn,8layer,full,8,eyeriss,thesis_arch,1056,524,128,16,32,120,False,False,"Ill-posed constraints:
CONSTRAINTS VIOLATION: Arch: Eyeriss_Constrained_8L_tile120_32x16 -> Level: InRegister: memory footprint: 93 VS memory available: 34",0.000e+00,0.000e+00,0.00e+00,0,0.0,0.0,
fsrcnn_8layer_2026-02-25T17:14:08.875665,fsrcnn,8layer,full,8,eyeriss,thesis_arch,1056,524,128,16,64,120,False,False,"Ill-posed constraints:
CONSTRAINTS VIOLATION: Arch: Eyeriss_Constrained_8L_tile120_64x16 -> Level: InRegister: memory footprint: 93 VS memory available: 34",0.000e+00,0.000e+00,0.00e+00,0,0.0,0.0,
fsrcnn_8layer_2026-02-25T17:14:09.254079,fsrcnn,8layer,full,8,eyeriss,thesis_arch,1056,524,128,16,128,120,False,False,"Ill-posed constraints:
CONSTRAINTS VIOLATION: Arch: Eyeriss_Constrained_8L_tile120_128x16 -> Level: InRegister: memory footprint: 93 VS memory available: 34",0.000e+00,0.000e+00,0.00e+00,0,0.0,0.0,
fsrcnn_8layer_2026-02-25T17:14:09.655069,fsrcnn,8layer,full,8,eyeriss,thesis_arch,1056,524,128,16,256,120,False,False,"Ill-posed constraints:
CONSTRAINTS VIOLATION: Arch: Eyeriss_Constrained_8L_tile120_256x16 -> Level: InRegister: memory footprint: 93 VS memory available: 34",0.000e+00,0.000e+00,0.00e+00,0,0.0,0.0,
fsrcnn_8layer_2026-02-25T17:14:10.059652,fsrcnn,8layer,full,8,eyeriss,thesis_arch,1056,524,128,16,512,120,False,False,"Ill-posed constraints:
CONSTRAINTS VIOLATION: Arch: Eyeriss_Constrained_8L_tile120_512x16 -> Level: InRegister: memory footprint: 93 VS memory available: 34",0.000e+00,0.000e+00,0.00e+00,0,0.0,0.0,
fsrcnn_8layer_2026-02-25T17:14:10.447550,fsrcnn,8layer,full,8,eyeriss,thesis_arch,1056,524,128,32,4,120,False,False,"Ill-posed constraints:
CONSTRAINTS VIOLATION: Arch: Eyeriss_Constrained_8L_tile120_4x32 -> Level: InRegister: memory footprint: 58 VS memory available: 34",0.000e+00,0.000e+00,0.00e+00,0,0.0,0.0,
fsrcnn_8layer_2026-02-25T17:14:10.702944,fsrcnn,8layer,full,8,eyeriss,thesis_arch,1056,524,128,32,16,120,False,False,"Ill-posed constraints:
CONSTRAINTS VIOLATION: Arch: Eyeriss_Constrained_8L_tile120_16x32 -> Level: InRegister: memory footprint: 58 VS memory available: 34",0.000e+00,0.000e+00,0.00e+00,0,0.0,0.0,
fsrcnn_8layer_2026-02-25T17:14:10.953395,fsrcnn,8layer,full,8,eyeriss,thesis_arch,1056,524,128,32,32,120,False,False,"Ill-posed constraints:
CONSTRAINTS VIOLATION: Arch: Eyeriss_Constrained_8L_tile120_32x32 -> Level: InRegister: memory footprint: 58 VS memory available: 34",0.000e+00,0.000e+00,0.00e+00,0,0.0,0.0,
fsrcnn_8layer_2026-02-25T17:14:11.208324,fsrcnn,8layer,full,8,eyeriss,thesis_arch,1056,524,128,32,64,120,False,False,"Ill-posed constraints:
CONSTRAINTS VIOLATION: Arch: Eyeriss_Constrained_8L_tile120_64x32 -> Level: InRegister: memory footprint: 58 VS memory available: 34",0.000e+00,0.000e+00,0.00e+00,0,0.0,0.0,
fsrcnn_8layer_2026-02-25T17:14:11.533784,fsrcnn,8layer,full,8,eyeriss,thesis_arch,1056,524,128,32,128,120,False,False,"Ill-posed constraints:
CONSTRAINTS VIOLATION: Arch: Eyeriss_Constrained_8L_tile120_128x32 -> Level: InRegister: memory footprint: 58 VS memory available: 34",0.000e+00,0.000e+00,0.00e+00,0,0.0,0.0,
fsrcnn_8layer_2026-02-25T17:14:11.872401,fsrcnn,8layer,full,8,eyeriss,thesis_arch,1056,524,128,32,256,120,False,False,"Ill-posed constraints:
CONSTRAINTS VIOLATION: Arch: Eyeriss_Constrained_8L_tile120_256x32 -> Level: InRegister: memory footprint: 58 VS memory available: 34",0.000e+00,0.000e+00,0.00e+00,0,0.0,0.0,
fsrcnn_8layer_2026-02-25T17:14:12.249271,fsrcnn,8layer,full,8,eyeriss,thesis_arch,1056,524,128,32,512,120,False,False,"Ill-posed constraints:
CONSTRAINTS VIOLATION: Arch: Eyeriss_Constrained_8L_tile120_512x32 -> Level: InRegister: memory footprint: 58 VS memory available: 34",0.000e+00,0.000e+00,0.00e+00,0,0.0,0.0,
fsrcnn_8layer_2026-02-25T17:14:12.509151,fsrcnn,8layer,full,8,eyeriss,thesis_arch,1056,524,128,64,4,120,False,False,"Ill-posed constraints:
CONSTRAINTS VIOLATION: Arch: Eyeriss_Constrained_8L_tile120_4x64 -> Level: InRegister: memory footprint: 36 VS memory available: 34",0.000e+00,0.000e+00,0.00e+00,0,0.0,0.0,
fsrcnn_8layer_2026-02-25T17:14:12.771557,fsrcnn,8layer,full,8,eyeriss,thesis_arch,1056,524,128,64,16,120,False,False,"Ill-posed constraints:
CONSTRAINTS VIOLATION: Arch: Eyeriss_Constrained_8L_tile120_16x64 -> Level: InRegister: memory footprint: 36 VS memory available: 34",0.000e+00,0.000e+00,0.00e+00,0,0.0,0.0,
fsrcnn_8layer_2026-02-25T17:14:13.023380,fsrcnn,8layer,full,8,eyeriss,thesis_arch,1056,524,128,64,32,120,False,False,"Ill-posed constraints:
CONSTRAINTS VIOLATION: Arch: Eyeriss_Constrained_8L_tile120_32x64 -> Level: InRegister: memory footprint: 36 VS memory available: 34",0.000e+00,0.000e+00,0.00e+00,0,0.0,0.0,
fsrcnn_8layer_2026-02-25T17:14:13.274426,fsrcnn,8layer,full,8,eyeriss,thesis_arch,1056,524,128,64,64,120,False,False,"Ill-posed constraints:
CONSTRAINTS VIOLATION: Arch: Eyeriss_Constrained_8L_tile120_64x64 -> Level: InRegister: memory footprint: 36 VS memory available: 34",0.000e+00,0.000e+00,0.00e+00,0,0.0,0.0,
fsrcnn_8layer_2026-02-25T17:14:13.547366,fsrcnn,8layer,full,8,eyeriss,thesis_arch,1056,524,128,64,128,120,False,False,"Ill-posed constraints:
CONSTRAINTS VIOLATION: Arch: Eyeriss_Constrained_8L_tile120_128x64 -> Level: InRegister: memory footprint: 36 VS memory available: 34",0.000e+00,0.000e+00,0.00e+00,0,0.0,0.0,
fsrcnn_8layer_2026-02-25T17:14:13.889290,fsrcnn,8layer,full,8,eyeriss,thesis_arch,1056,524,128,64,256,120,False,False,"Ill-posed constraints:
CONSTRAINTS VIOLATION: Arch: Eyeriss_Constrained_8L_tile120_256x64 -> Level: InRegister: memory footprint: 36 VS memory available: 34",0.000e+00,0.000e+00,0.00e+00,0,0.0,0.0,
fsrcnn_8layer_2026-02-25T17:14:14.300668,fsrcnn,8layer,full,8,eyeriss,thesis_arch,1056,524,128,128,4,120,False,True,,2.841e+04,2.825e+07,8.18e+05,"(30062034792, 12094790400)",0.07833415499362673,0.18312287330627441,DRAM[P=540 Q=8 Z7=1 C7=1 R7=1 S7=1 Y6=540 X6=8 Z6=1 C6=1 R6=1 S6=1 Y5=540 X5=8 Z5=1 C5=1 R5=1 S5=1 Y4=540 X4=8 Z4=1 C4=1 R4=1 S4=1 Y3=540 X3=8 Z3=1 C3=1 R3=1 S3=1 Y2=540 X2=8 Z2=1 C2=1 R2=1 S2=1 Y1=540 X1=8 Z1=1 C1=1 R1=1 S1=1 Y0=540 X0=8 Z0=1 C0=1 R0=1 S0=1] GlobalBuffer[P=1 Q=120 Z7=1 C7=1 R7=1 S7=1 Y6=1 X6=120 Z6=1 C6=1 R6=1 S6=1 Y5=1 X5=120 Z5=1 C5=1 R5=1 S5=1 Y4=1 X4=120 Z4=1 C4=1 R4=1 S4=1 Y3=1 X3=120 Z3=1 C3=1 R3=1 S3=1 Y2=1 X2=120 Z2=1 C2=1 R2=1 S2=1 Y1=1 X1=120 Z1=1 C1=1 R1=1 S1=1 Y0=1 X0=120 Z0=1 C0=1 R0=1 S0=1] SACols[Q=1 Z7=4] SARows[S7=3 C7=28 Z7=1] SACols_6[X6=1 Z6=4] SARows_6[S6=1 C6=12 Z6=7] SACols_5[X5=1 Z5=4] SARows_5[S5=3 C5=12 Z5=3] SACols_4[X4=1 Z4=4] SARows_4[S4=3 C4=12 Z4=3] SACols_3[X3=1 Z3=4] SARows_3[S3=3 C3=12 Z3=3] SACols_2[X2=1 Z2=4] SARows_2[S2=3 C2=12 Z2=3] SACols_1[X1=1 Z1=4] SARows_1[S1=1 C1=56 Z1=1] SACols_0[X0=1 Z0=4] SARows_0[S0=5 C0=3 Z0=7] InRegister[P=1 Q=1 Z7=1 C7=1 R7=1 S7=1 Y6=1 X6=1 Z6=1 C6=1 R6=1 S6=1 Y5=1 X5=1 Z5=1 C5=1 R5=1 S5=1 Y4=1 X4=1 Z4=1 C4=1 R4=1 S4=1 Y3=1 X3=1 Z3=1 C3=1 R3=1 S3=1 Y2=1 X2=1 Z2=1 C2=1 R2=1 S2=1 Y1=1 X1=1 Z1=1 C1=1 R1=1 S1=1 Y0=1 X0=1 Z0=1 C0=1 R0=1 S0=1] WRegister[P=1 Q=1 Z7=1 C7=2 R7=3 S7=1 Y6=1 X6=1 Z6=1 C6=1 R6=1 S6=1 Y5=1 X5=1 Z5=1 C5=1 R5=3 S5=1 Y4=1 X4=1 Z4=1 C4=1 R4=3 S4=1 Y3=1 X3=1 Z3=1 C3=1 R3=3 S3=1 Y2=1 X2=1 Z2=1 C2=1 R2=3 S2=1 Y1=1 X1=1 Z1=1 C1=1 R1=1 S1=1 Y0=1 X0=1 Z0=1 C0=1 R0=5 S0=1] IntermediateRegister[P=1 Q=1 Z7=1 C7=1 R7=1 S7=1 Y6=1 X6=1 Z6=2 C6=1 R6=1 S6=1 Y5=1 X5=1 Z5=1 C5=1 R5=1 S5=1 Y4=1 X4=1 Z4=1 C4=1 R4=1 S4=1 Y3=1 X3=1 Z3=1 C3=1 R3=1 S3=1 Y2=1 X2=1 Z2=1 C2=1 R2=1 S2=1 Y1=1 X1=1 Z1=3 C1=1 R1=1 S1=1 Y0=1 X0=1 Z0=2 C0=1 R0=1 S0=1] OutRegister[P=1 Q=1 Z7=4 C7=1 R7=1 S7=1 Y6=1 X6=1 Z6=1 C6=1 R6=1 S6=1 Y5=1 X5=1 Z5=1 C5=1 R5=1 S5=1 Y4=1 X4=1 Z4=1 C4=1 R4=1 S4=1 Y3=1 X3=1 Z3=1 C3=1 R3=1 S3=1 Y2=1 X2=1 Z2=1 C2=1 R2=1 S2=1 Y1=1 X1=1 Z1=1 C1=1 R1=1 S1=1 Y0=1 X0=1 Z0=1 C0=1 R0=1 S0=1] Compute] 
fsrcnn_8layer_2026-02-25T17:14:15.118268,fsrcnn,8layer,full,8,eyeriss,thesis_arch,1056,524,128,128,16,120,False,True,,2.902e+04,1.918e+07,5.77e+05,"(31557100392, 12312518400)",5.73736486769727e-05,0.10510659217834473,DRAM[P=540 Q=8 Z7=1 C7=1 R7=1 S7=1 Y6=540 X6=8 Z6=1 C6=1 R6=1 S6=1 Y5=540 X5=8 Z5=1 C5=1 R5=1 S5=1 Y4=540 X4=8 Z4=1 C4=1 R4=1 S4=1 Y3=540 X3=8 Z3=1 C3=1 R3=1 S3=1 Y2=540 X2=8 Z2=1 C2=1 R2=1 S2=1 Y1=540 X1=8 Z1=1 C1=1 R1=1 S1=1 Y0=540 X0=8 Z0=1 C0=1 R0=1 S0=1] GlobalBuffer[P=1 Q=120 Z7=1 C7=1 R7=1 S7=1 Y6=1 X6=120 Z6=1 C6=1 R6=1 S6=1 Y5=1 X5=120 Z5=1 C5=1 R5=1 S5=1 Y4=1 X4=120 Z4=1 C4=1 R4=1 S4=1 Y3=1 X3=120 Z3=1 C3=1 R3=1 S3=1 Y2=1 X2=120 Z2=1 C2=1 R2=1 S2=1 Y1=1 X1=120 Z1=1 C1=1 R1=1 S1=1 Y0=1 X0=120 Z0=1 C0=1 R0=1 S0=1] SACols[Q=1 Z7=16] SARows[S7=3 C7=28 Z7=1] SACols_6[X6=1 Z6=14] SARows_6[S6=1 C6=12 Z6=4] SACols_5[X5=1 Z5=12] SARows_5[S5=3 C5=12 Z5=1] SACols_4[X4=1 Z4=12] SARows_4[S4=3 C4=12 Z4=1] SACols_3[X3=1 Z3=12] SARows_3[S3=3 C3=12 Z3=1] SACols_2[X2=1 Z2=12] SARows_2[S2=3 C2=12 Z2=1] SACols_1[X1=1 Z1=12] SARows_1[S1=1 C1=56 Z1=1] SACols_0[X0=1 Z0=14] SARows_0[S0=5 C0=3 Z0=4] InRegister[P=1 Q=1 Z7=1 C7=1 R7=1 S7=1 Y6=1 X6=1 Z6=1 C6=1 R6=1 S6=1 Y5=1 X5=1 Z5=1 C5=1 R5=1 S5=1 Y4=1 X4=1 Z4=1 C4=1 R4=1 S4=1 Y3=1 X3=1 Z3=1 C3=1 R3=1 S3=1 Y2=1 X2=1 Z2=1 C2=1 R2=1 S2=1 Y1=1 X1=1 Z1=1 C1=1 R1=1 S1=1 Y0=1 X0=1 Z0=1 C0=1 R0=1 S0=1] WRegister[P=1 Q=1 Z7=1 C7=2 R7=3 S7=1 Y6=1 X6=1 Z6=1 C6=1 R6=1 S6=1 Y5=1 X5=1 Z5=1 C5=1 R5=3 S5=1 Y4=1 X4=1 Z4=1 C4=1 R4=3 S4=1 Y3=1 X3=1 Z3=1 C3=1 R3=3 S3=1 Y2=1 X2=1 Z2=1 C2=1 R2=3 S2=1 Y1=1 X1=1 Z1=1 C1=1 R1=1 S1=1 Y0=1 X0=1 Z0=1 C0=1 R0=5 S0=1] IntermediateRegister[P=1 Q=1 Z7=1 C7=1 R7=1 S7=1 Y6=1 X6=1 Z6=1 C6=1 R6=1 S6=1 Y5=1 X5=1 Z5=1 C5=1 R5=1 S5=1 Y4=1 X4=1 Z4=1 C4=1 R4=1 S4=1 Y3=1 X3=1 Z3=1 C3=1 R3=1 S3=1 Y2=1 X2=1 Z2=1 C2=1 R2=1 S2=1 Y1=1 X1=1 Z1=1 C1=1 R1=1 S1=1 Y0=1 X0=1 Z0=1 C0=1 R0=1 S0=1] OutRegister[P=1 Q=1 Z7=1 C7=1 R7=1 S7=1 Y6=1 X6=1 Z6=1 C6=1 R6=1 S6=1 Y5=1 X5=1 Z5=1 C5=1 R5=1 S5=1 Y4=1 X4=1 Z4=1 C4=1 R4=1 S4=1 Y3=1 X3=1 Z3=1 C3=1 R3=1 S3=1 Y2=1 X2=1 Z2=1 C2=1 R2=1 S2=1 Y1=1 X1=1 Z1=1 C1=1 R1=1 S1=1 Y0=1 X0=1 Z0=1 C0=1 R0=1 S0=1] Compute] 
fsrcnn_8layer_2026-02-25T17:14:15.498987,fsrcnn,8layer,full,8,eyeriss,thesis_arch,1056,524,128,128,32,120,False,True,,2.902e+04,1.918e+07,5.77e+05,"(31557100392, 12312518400)",1.4343412169243175e-05,0.10490560531616211,DRAM[P=540 Q=8 Z7=1 C7=1 R7=1 S7=1 Y6=540 X6=8 Z6=1 C6=1 R6=1 S6=1 Y5=540 X5=8 Z5=1 C5=1 R5=1 S5=1 Y4=540 X4=8 Z4=1 C4=1 R4=1 S4=1 Y3=540 X3=8 Z3=1 C3=1 R3=1 S3=1 Y2=540 X2=8 Z2=1 C2=1 R2=1 S2=1 Y1=540 X1=8 Z1=1 C1=1 R1=1 S1=1 Y0=540 X0=8 Z0=1 C0=1 R0=1 S0=1] GlobalBuffer[P=1 Q=60 Z7=1 C7=1 R7=1 S7=1 Y6=1 X6=120 Z6=1 C6=1 R6=1 S6=1 Y5=1 X5=60 Z5=1 C5=1 R5=1 S5=1 Y4=1 X4=60 Z4=1 C4=1 R4=1 S4=1 Y3=1 X3=60 Z3=1 C3=1 R3=1 S3=1 Y2=1 X2=60 Z2=1 C2=1 R2=1 S2=1 Y1=1 X1=60 Z1=1 C1=1 R1=1 S1=1 Y0=1 X0=120 Z0=1 C0=1 R0=1 S0=1] SACols[Q=2 Z7=16] SARows[S7=3 C7=28 Z7=1] SACols_6[X6=1 Z6=28] SARows_6[S6=1 C6=12 Z6=2] SACols_5[X5=2 Z5=12] SARows_5[S5=3 C5=12 Z5=1] SACols_4[X4=2 Z4=12] SARows_4[S4=3 C4=12 Z4=1] SACols_3[X3=2 Z3=12] SARows_3[S3=3 C3=12 Z3=1] SACols_2[X2=2 Z2=12] SARows_2[S2=3 C2=12 Z2=1] SACols_1[X1=2 Z1=12] SARows_1[S1=1 C1=56 Z1=1] SACols_0[X0=1 Z0=28] SARows_0[S0=5 C0=3 Z0=2] InRegister[P=1 Q=1 Z7=1 C7=1 R7=1 S7=1 Y6=1 X6=1 Z6=1 C6=1 R6=1 S6=1 Y5=1 X5=1 Z5=1 C5=1 R5=1 S5=1 Y4=1 X4=1 Z4=1 C4=1 R4=1 S4=1 Y3=1 X3=1 Z3=1 C3=1 R3=1 S3=1 Y2=1 X2=1 Z2=1 C2=1 R2=1 S2=1 Y1=1 X1=1 Z1=1 C1=1 R1=1 S1=1 Y0=1 X0=1 Z0=1 C0=1 R0=1 S0=1] WRegister[P=1 Q=1 Z7=1 C7=2 R7=3 S7=1 Y6=1 X6=1 Z6=1 C6=1 R6=1 S6=1 Y5=1 X5=1 Z5=1 C5=1 R5=3 S5=1 Y4=1 X4=1 Z4=1 C4=1 R4=3 S4=1 Y3=1 X3=1 Z3=1 C3=1 R3=3 S3=1 Y2=1 X2=1 Z2=1 C2=1 R2=3 S2=1 Y1=1 X1=1 Z1=1 C1=1 R1=1 S1=1 Y0=1 X0=1 Z0=1 C0=1 R0=5 S0=1] IntermediateRegister[P=1 Q=1 Z7=1 C7=1 R7=1 S7=1 Y6=1 X6=1 Z6=1 C6=1 R6=1 S6=1 Y5=1 X5=1 Z5=1 C5=1 R5=1 S5=1 Y4=1 X4=1 Z4=1 C4=1 R4=1 S4=1 Y3=1 X3=1 Z3=1 C3=1 R3=1 S3=1 Y2=1 X2=1 Z2=1 C2=1 R2=1 S2=1 Y1=1 X1=1 Z1=1 C1=1 R1=1 S1=1 Y0=1 X0=1 Z0=1 C0=1 R0=1 S0=1] OutRegister[P=1 Q=1 Z7=1 C7=1 R7=1 S7=1 Y6=1 X6=1 Z6=1 C6=1 R6=1 S6=1 Y5=1 X5=1 Z5=1 C5=1 R5=1 S5=1 Y4=1 X4=1 Z4=1 C4=1 R4=1 S4=1 Y3=1 X3=1 Z3=1 C3=1 R3=1 S3=1 Y2=1 X2=1 Z2=1 C2=1 R2=1 S2=1 Y1=1 X1=1 Z1=1 C1=1 R1=1 S1=1 Y0=1 X0=1 Z0=1 C0=1 R0=1 S0=1] Compute] 
fsrcnn_8layer_2026-02-25T17:14:15.860738,fsrcnn,8layer,full,8,eyeriss,thesis_arch,1056,524,128,128,64,120,False,True,,2.902e+04,1.918e+07,5.77e+05,"(31557100392, 12312518400)",1.0943155036348858e-05,0.10692238807678223,DRAM[P=540 Q=8 Z7=1 C7=1 R7=1 S7=1 Y6=540 X6=8 Z6=1 C6=1 R6=1 S6=1 Y5=540 X5=8 Z5=1 C5=1 R5=1 S5=1 Y4=540 X4=8 Z4=1 C4=1 R4=1 S4=1 Y3=540 X3=8 Z3=1 C3=1 R3=1 S3=1 Y2=540 X2=8 Z2=1 C2=1 R2=1 S2=1 Y1=540 X1=8 Z1=1 C1=1 R1=1 S1=1 Y0=540 X0=8 Z0=1 C0=1 R0=1 S0=1] GlobalBuffer[P=1 Q=30 Z7=1 C7=1 R7=1 S7=1 Y6=1 X6=120 Z6=1 C6=1 R6=1 S6=1 Y5=1 X5=24 Z5=1 C5=1 R5=1 S5=1 Y4=1 X4=24 Z4=1 C4=1 R4=1 S4=1 Y3=1 X3=24 Z3=1 C3=1 R3=1 S3=1 Y2=1 X2=24 Z2=1 C2=1 R2=1 S2=1 Y1=1 X1=24 Z1=1 C1=1 R1=1 S1=1 Y0=1 X0=120 Z0=1 C0=1 R0=1 S0=1] SACols[Q=4 Z7=16] SARows[S7=3 C7=28 Z7=1] SACols_6[X6=1 Z6=56] SARows_6[S6=1 C6=12 Z6=1] SACols_5[X5=5 Z5=12] SARows_5[S5=3 C5=12 Z5=1] SACols_4[X4=5 Z4=12] SARows_4[S4=3 C4=12 Z4=1] SACols_3[X3=5 Z3=12] SARows_3[S3=3 C3=12 Z3=1] SACols_2[X2=5 Z2=12] SARows_2[S2=3 C2=12 Z2=1] SACols_1[X1=5 Z1=12] SARows_1[S1=1 C1=56 Z1=1] SACols_0[X0=1 Z0=56] SARows_0[S0=5 C0=3 Z0=1] InRegister[P=1 Q=1 Z7=1 C7=1 R7=1 S7=1 Y6=1 X6=1 Z6=1 C6=1 R6=1 S6=1 Y5=1 X5=1 Z5=1 C5=1 R5=1 S5=1 Y4=1 X4=1 Z4=1 C4=1 R4=1 S4=1 Y3=1 X3=1 Z3=1 C3=1 R3=1 S3=1 Y2=1 X2=1 Z2=1 C2=1 R2=1 S2=1 Y1=1 X1=1 Z1=1 C1=1 R1=1 S1=1 Y0=1 X0=1 Z0=1 C0=1 R0=1 S0=1] WRegister[P=1 Q=1 Z7=1 C7=2 R7=3 S7=1 Y6=1 X6=1 Z6=1 C6=1 R6=1 S6=1 Y5=1 X5=1 Z5=1 C5=1 R5=3 S5=1 Y4=1 X4=1 Z4=1 C4=1 R4=3 S4=1 Y3=1 X3=1 Z3=1 C3=1 R3=3 S3=1 Y2=1 X2=1 Z2=1 C2=1 R2=3 S2=1 Y1=1 X1=1 Z1=1 C1=1 R1=1 S1=1 Y0=1 X0=1 Z0=1 C0=1 R0=5 S0=1] IntermediateRegister[P=1 Q=1 Z7=1 C7=1 R7=1 S7=1 Y6=1 X6=1 Z6=1 C6=1 R6=1 S6=1 Y5=1 X5=1 Z5=1 C5=1 R5=1 S5=1 Y4=1 X4=1 Z4=1 C4=1 R4=1 S4=1 Y3=1 X3=1 Z3=1 C3=1 R3=1 S3=1 Y2=1 X2=1 Z2=1 C2=1 R2=1 S2=1 Y1=1 X1=1 Z1=1 C1=1 R1=1 S1=1 Y0=1 X0=1 Z0=1 C0=1 R0=1 S0=1] OutRegister[P=1 Q=1 Z7=1 C7=1 R7=1 S7=1 Y6=1 X6=1 Z6=1 C6=1 R6=1 S6=1 Y5=1 X5=1 Z5=1 C5=1 R5=1 S5=1 Y4=1 X4=1 Z4=1 C4=1 R4=1 S4=1 Y3=1 X3=1 Z3=1 C3=1 R3=1 S3=1 Y2=1 X2=1 Z2=1 C2=1 R2=1 S2=1 Y1=1 X1=1 Z1=1 C1=1 R1=1 S1=1 Y0=1 X0=1 Z0=1 C0=1 R0=1 S0=1] Compute] 
fsrcnn_8layer_2026-02-25T17:14:16.214676,fsrcnn,8layer,full,8,eyeriss,thesis_arch,1056,524,128,128,128,120,False,True,,2.902e+04,1.889e+07,5.68e+05,"(31557100392, 12312518400)",1.0943155036348858e-05,0.1606137752532959,DRAM[P=540 Q=8 Z7=1 C7=1 R7=1 S7=1 Y6=540 X6=8 Z6=1 C6=1 R6=1 S6=1 Y5=540 X5=8 Z5=1 C5=1 R5=1 S5=1 Y4=540 X4=8 Z4=1 C4=1 R4=1 S4=1 Y3=540 X3=8 Z3=1 C3=1 R3=1 S3=1 Y2=540 X2=8 Z2=1 C2=1 R2=1 S2=1 Y1=540 X1=8 Z1=1 C1=1 R1=1 S1=1 Y0=540 X0=8 Z0=1 C0=1 R0=1 S0=1] GlobalBuffer[P=1 Q=15 Z7=1 C7=1 R7=1 S7=1 Y6=1 X6=60 Z6=1 C6=1 R6=1 S6=1 Y5=1 X5=12 Z5=1 C5=1 R5=1 S5=1 Y4=1 X4=12 Z4=1 C4=1 R4=1 S4=1 Y3=1 X3=12 Z3=1 C3=1 R3=1 S3=1 Y2=1 X2=12 Z2=1 C2=1 R2=1 S2=1 Y1=1 X1=12 Z1=1 C1=1 R1=1 S1=1 Y0=1 X0=60 Z0=1 C0=1 R0=1 S0=1] SACols[Q=8 Z7=16] SARows[S7=3 C7=28 Z7=1] SACols_6[X6=2 Z6=56] SARows_6[S6=1 C6=12 Z6=1] SACols_5[X5=10 Z5=12] SARows_5[S5=3 C5=12 Z5=1] SACols_4[X4=10 Z4=12] SARows_4[S4=3 C4=12 Z4=1] SACols_3[X3=10 Z3=12] SARows_3[S3=3 C3=12 Z3=1] SACols_2[X2=10 Z2=12] SARows_2[S2=3 C2=12 Z2=1] SACols_1[X1=10 Z1=12] SARows_1[S1=1 C1=56 Z1=1] SACols_0[X0=2 Z0=56] SARows_0[S0=5 C0=3 Z0=1] InRegister[P=1 Q=1 Z7=1 C7=1 R7=1 S7=1 Y6=1 X6=1 Z6=1 C6=1 R6=1 S6=1 Y5=1 X5=1 Z5=1 C5=1 R5=1 S5=1 Y4=1 X4=1 Z4=1 C4=1 R4=1 S4=1 Y3=1 X3=1 Z3=1 C3=1 R3=1 S3=1 Y2=1 X2=1 Z2=1 C2=1 R2=1 S2=1 Y1=1 X1=1 Z1=1 C1=1 R1=1 S1=1 Y0=1 X0=1 Z0=1 C0=1 R0=1 S0=1] WRegister[P=1 Q=1 Z7=1 C7=2 R7=3 S7=1 Y6=1 X6=1 Z6=1 C6=1 R6=1 S6=1 Y5=1 X5=1 Z5=1 C5=1 R5=3 S5=1 Y4=1 X4=1 Z4=1 C4=1 R4=3 S4=1 Y3=1 X3=1 Z3=1 C3=1 R3=3 S3=1 Y2=1 X2=1 Z2=1 C2=1 R2=3 S2=1 Y1=1 X1=1 Z1=1 C1=1 R1=1 S1=1 Y0=1 X0=1 Z0=1 C0=1 R0=5 S0=1] IntermediateRegister[P=1 Q=1 Z7=1 C7=1 R7=1 S7=1 Y6=1 X6=1 Z6=1 C6=1 R6=1 S6=1 Y5=1 X5=1 Z5=1 C5=1 R5=1 S5=1 Y4=1 X4=1 Z4=1 C4=1 R4=1 S4=1 Y3=1 X3=1 Z3=1 C3=1 R3=1 S3=1 Y2=1 X2=1 Z2=1 C2=1 R2=1 S2=1 Y1=1 X1=1 Z1=1 C1=1 R1=1 S1=1 Y0=1 X0=1 Z0=1 C0=1 R0=1 S0=1] OutRegister[P=1 Q=1 Z7=1 C7=1 R7=1 S7=1 Y6=1 X6=1 Z6=1 C6=1 R6=1 S6=1 Y5=1 X5=1 Z5=1 C5=1 R5=1 S5=1 Y4=1 X4=1 Z4=1 C4=1 R4=1 S4=1 Y3=1 X3=1 Z3=1 C3=1 R3=1 S3=1 Y2=1 X2=1 Z2=1 C2=1 R2=1 S2=1 Y1=1 X1=1 Z1=1 C1=1 R1=1 S1=1 Y0=1 X0=1 Z0=1 C0=1 R0=1 S0=1] Compute] 
fsrcnn_8layer_2026-02-25T17:14:16.722838,fsrcnn,8layer,full,8,eyeriss,thesis_arch,1056,524,128,256,4,120,False,True,,2.902e+04,1.944e+07,5.78e+05,"(31557100392, 12312518400)",0.0073438270306525055,0.13121557235717773,DRAM[P=540 Q=8 Z7=1 C7=1 R7=1 S7=1 Y6=540 X6=8 Z6=1 C6=1 R6=1 S6=1 Y5=540 X5=8 Z5=1 C5=1 R5=1 S5=1 Y4=540 X4=8 Z4=1 C4=1 R4=1 S4=1 Y3=540 X3=8 Z3=1 C3=1 R3=1 S3=1 Y2=540 X2=8 Z2=1 C2=1 R2=1 S2=1 Y1=540 X1=8 Z1=1 C1=1 R1=1 S1=1 Y0=540 X0=8 Z0=1 C0=1 R0=1 S0=1] GlobalBuffer[P=1 Q=120 Z7=1 C7=1 R7=1 S7=1 Y6=1 X6=120 Z6=1 C6=1 R6=1 S6=1 Y5=1 X5=120 Z5=1 C5=1 R5=1 S5=1 Y4=1 X4=120 Z4=1 C4=1 R4=1 S4=1 Y3=1 X3=120 Z3=1 C3=1 R3=1 S3=1 Y2=1 X2=120 Z2=1 C2=1 R2=1 S2=1 Y1=1 X1=120 Z1=1 C1=1 R1=1 S1=1 Y0=1 X0=120 Z0=1 C0=1 R0=1 S0=1] SACols[Q=1 Z7=4] SARows[S7=3 C7=56 Z7=1] SACols_6[X6=1 Z6=4] SARows_6[S6=1 C6=12 Z6=14] SACols_5[X5=1 Z5=4] SARows_5[S5=3 C5=12 Z5=3] SACols_4[X4=1 Z4=4] SARows_4[S4=3 C4=12 Z4=3] SACols_3[X3=1 Z3=4] SARows_3[S3=3 C3=12 Z3=3] SACols_2[X2=1 Z2=4] SARows_2[S2=3 C2=12 Z2=3] SACols_1[X1=1 Z1=4] SARows_1[S1=1 C1=56 Z1=3] SACols_0[X0=1 Z0=4] SARows_0[S0=5 C0=3 Z0=14] InRegister[P=1 Q=1 Z7=1 C7=1 R7=1 S7=1 Y6=1 X6=1 Z6=1 C6=1 R6=1 S6=1 Y5=1 X5=1 Z5=1 C5=1 R5=1 S5=1 Y4=1 X4=1 Z4=1 C4=1 R4=1 S4=1 Y3=1 X3=1 Z3=1 C3=1 R3=1 S3=1 Y2=1 X2=1 Z2=1 C2=1 R2=1 S2=1 Y1=1 X1=1 Z1=1 C1=1 R1=1 S1=1 Y0=1 X0=1 Z0=1 C0=1 R0=1 S0=1] WRegister[P=1 Q=1 Z7=1 C7=1 R7=3 S7=1 Y6=1 X6=1 Z6=1 C6=1 R6=1 S6=1 Y5=1 X5=1 Z5=1 C5=1 R5=3 S5=1 Y4=1 X4=1 Z4=1 C4=1 R4=3 S4=1 Y3=1 X3=1 Z3=1 C3=1 R3=3 S3=1 Y2=1 X2=1 Z2=1 C2=1 R2=3 S2=1 Y1=1 X1=1 Z1=1 C1=1 R1=1 S1=1 Y0=1 X0=1 Z0=1 C0=1 R0=5 S0=1] IntermediateRegister[P=1 Q=1 Z7=1 C7=1 R7=1 S7=1 Y6=1 X6=1 Z6=1 C6=1 R6=1 S6=1 Y5=1 X5=1 Z5=1 C5=1 R5=1 S5=1 Y4=1 X4=1 Z4=1 C4=1 R4=1 S4=1 Y3=1 X3=1 Z3=1 C3=1 R3=1 S3=1 Y2=1 X2=1 Z2=1 C2=1 R2=1 S2=1 Y1=1 X1=1 Z1=1 C1=1 R1=1 S1=1 Y0=1 X0=1 Z0=1 C0=1 R0=1 S0=1] OutRegister[P=1 Q=1 Z7=4 C7=1 R7=1 S7=1 Y6=1 X6=1 Z6=1 C6=1 R6=1 S6=1 Y5=1 X5=1 Z5=1 C5=1 R5=1 S5=1 Y4=1 X4=1 Z4=1 C4=1 R4=1 S4=1 Y3=1 X3=1 Z3=1 C3=1 R3=1 S3=1 Y2=1 X2=1 Z2=1 C2=1 R2=1 S2=1 Y1=1 X1=1 Z1=1 C1=1 R1=1 S1=1 Y0=1 X0=1 Z0=1 C0=1 R0=1 S0=1] Compute] 
fsrcnn_8layer_2026-02-25T17:14:17.153164,fsrcnn,8layer,full,8,eyeriss,thesis_arch,1056,524,128,256,16,120,False,True,,2.902e+04,1.918e+07,5.77e+05,"(31557100392, 12312518400)",4.482316302888492e-07,0.13671159744262695,DRAM[P=540 Q=8 Z7=1 C7=1 R7=1 S7=1 Y6=540 X6=8 Z6=1 C6=1 R6=1 S6=1 Y5=540 X5=8 Z5=1 C5=1 R5=1 S5=1 Y4=540 X4=8 Z4=1 C4=1 R4=1 S4=1 Y3=540 X3=8 Z3=1 C3=1 R3=1 S3=1 Y2=540 X2=8 Z2=1 C2=1 R2=1 S2=1 Y1=540 X1=8 Z1=1 C1=1 R1=1 S1=1 Y0=540 X0=8 Z0=1 C0=1 R0=1 S0=1] GlobalBuffer[P=1 Q=120 Z7=1 C7=1 R7=1 S7=1 Y6=1 X6=120 Z6=1 C6=1 R6=1 S6=1 Y5=1 X5=120 Z5=1 C5=1 R5=1 S5=1 Y4=1 X4=120 Z4=1 C4=1 R4=1 S4=1 Y3=1 X3=120 Z3=1 C3=1 R3=1 S3=1 Y2=1 X2=120 Z2=1 C2=1 R2=1 S2=1 Y1=1 X1=120 Z1=1 C1=1 R1=1 S1=1 Y0=1 X0=120 Z0=1 C0=1 R0=1 S0=1] SACols[Q=1 Z7=16] SARows[S7=3 C7=56 Z7=1] SACols_6[X6=1 Z6=14] SARows_6[S6=1 C6=12 Z6=4] SACols_5[X5=1 Z5=12] SARows_5[S5=3 C5=12 Z5=1] SACols_4[X4=1 Z4=12] SARows_4[S4=3 C4=12 Z4=1] SACols_3[X3=1 Z3=12] SARows_3[S3=3 C3=12 Z3=1] SACols_2[X2=1 Z2=12] SARows_2[S2=3 C2=12 Z2=1] SACols_1[X1=1 Z1=12] SARows_1[S1=1 C1=56 Z1=1] SACols_0[X0=1 Z0=14] SARows_0[S0=5 C0=3 Z0=4] InRegister[P=1 Q=1 Z7=1 C7=1 R7=1 S7=1 Y6=1 X6=1 Z6=1 C6=1 R6=1 S6=1 Y5=1 X5=1 Z5=1 C5=1 R5=1 S5=1 Y4=1 X4=1 Z4=1 C4=1 R4=1 S4=1 Y3=1 X3=1 Z3=1 C3=1 R3=1 S3=1 Y2=1 X2=1 Z2=1 C2=1 R2=1 S2=1 Y1=1 X1=1 Z1=1 C1=1 R1=1 S1=1 Y0=1 X0=1 Z0=1 C0=1 R0=1 S0=1] WRegister[P=1 Q=1 Z7=1 C7=1 R7=3 S7=1 Y6=1 X6=1 Z6=1 C6=1 R6=1 S6=1 Y5=1 X5=1 Z5=1 C5=1 R5=3 S5=1 Y4=1 X4=1 Z4=1 C4=1 R4=3 S4=1 Y3=1 X3=1 Z3=1 C3=1 R3=3 S3=1 Y2=1 X2=1 Z2=1 C2=1 R2=3 S2=1 Y1=1 X1=1 Z1=1 C1=1 R1=1 S1=1 Y0=1 X0=1 Z0=1 C0=1 R0=5 S0=1] IntermediateRegister[P=1 Q=1 Z7=1 C7=1 R7=1 S7=1 Y6=1 X6=1 Z6=1 C6=1 R6=1 S6=1 Y5=1 X5=1 Z5=1 C5=1 R5=1 S5=1 Y4=1 X4=1 Z4=1 C4=1 R4=1 S4=1 Y3=1 X3=1 Z3=1 C3=1 R3=1 S3=1 Y2=1 X2=1 Z2=1 C2=1 R2=1 S2=1 Y1=1 X1=1 Z1=1 C1=1 R1=1 S1=1 Y0=1 X0=1 Z0=1 C0=1 R0=1 S0=1] OutRegister[P=1 Q=1 Z7=1 C7=1 R7=1 S7=1 Y6=1 X6=1 Z6=1 C6=1 R6=1 S6=1 Y5=1 X5=1 Z5=1 C5=1 R5=1 S5=1 Y4=1 X4=1 Z4=1 C4=1 R4=1 S4=1 Y3=1 X3=1 Z3=1 C3=1 R3=1 S3=1 Y2=1 X2=1 Z2=1 C2=1 R2=1 S2=1 Y1=1 X1=1 Z1=1 C1=1 R1=1 S1=1 Y0=1 X0=1 Z0=1 C0=1 R0=1 S0=1] Compute] 
fsrcnn_8layer_2026-02-25T17:14:17.642527,fsrcnn,8layer,full,8,eyeriss,thesis_arch,1056,524,128,256,32,120,False,True,,2.902e+04,1.918e+07,5.77e+05,"(31557100392, 12312518400)",1.120579075722123e-07,0.1264176368713379,DRAM[P=540 Q=8 Z7=1 C7=1 R7=1 S7=1 Y6=540 X6=8 Z6=1 C6=1 R6=1 S6=1 Y5=540 X5=8 Z5=1 C5=1 R5=1 S5=1 Y4=540 X4=8 Z4=1 C4=1 R4=1 S4=1 Y3=540 X3=8 Z3=1 C3=1 R3=1 S3=1 Y2=540 X2=8 Z2=1 C2=1 R2=1 S2=1 Y1=540 X1=8 Z1=1 C1=1 R1=1 S1=1 Y0=540 X0=8 Z0=1 C0=1 R0=1 S0=1] GlobalBuffer[P=1 Q=60 Z7=1 C7=1 R7=1 S7=1 Y6=1 X6=120 Z6=1 C6=1 R6=1 S6=1 Y5=1 X5=60 Z5=1 C5=1 R5=1 S5=1 Y4=1 X4=60 Z4=1 C4=1 R4=1 S4=1 Y3=1 X3=60 Z3=1 C3=1 R3=1 S3=1 Y2=1 X2=60 Z2=1 C2=1 R2=1 S2=1 Y1=1 X1=60 Z1=1 C1=1 R1=1 S1=1 Y0=1 X0=120 Z0=1 C0=1 R0=1 S0=1] SACols[Q=2 Z7=16] SARows[S7=3 C7=56 Z7=1] SACols_6[X6=1 Z6=28] SARows_6[S6=1 C6=12 Z6=2] SACols_5[X5=2 Z5=12] SARows_5[S5=3 C5=12 Z5=1] SACols_4[X4=2 Z4=12] SARows_4[S4=3 C4=12 Z4=1] SACols_3[X3=2 Z3=12] SARows_3[S3=3 C3=12 Z3=1] SACols_2[X2=2 Z2=12] SARows_2[S2=3 C2=12 Z2=1] SACols_1[X1=2 Z1=12] SARows_1[S1=1 C1=56 Z1=1] SACols_0[X0=1 Z0=28] SARows_0[S0=5 C0=3 Z0=2] InRegister[P=1 Q=1 Z7=1 C7=1 R7=1 S7=1 Y6=1 X6=1 Z6=1 C6=1 R6=1 S6=1 Y5=1 X5=1 Z5=1 C5=1 R5=1 S5=1 Y4=1 X4=1 Z4=1 C4=1 R4=1 S4=1 Y3=1 X3=1 Z3=1 C3=1 R3=1 S3=1 Y2=1 X2=1 Z2=1 C2=1 R2=1 S2=1 Y1=1 X1=1 Z1=1 C1=1 R1=1 S1=1 Y0=1 X0=1 Z0=1 C0=1 R0=1 S0=1] WRegister[P=1 Q=1 Z7=1 C7=1 R7=3 S7=1 Y6=1 X6=1 Z6=1 C6=1 R6=1 S6=1 Y5=1 X5=1 Z5=1 C5=1 R5=3 S5=1 Y4=1 X4=1 Z4=1 C4=1 R4=3 S4=1 Y3=1 X3=1 Z3=1 C3=1 R3=3 S3=1 Y2=1 X2=1 Z2=1 C2=1 R2=3 S2=1 Y1=1 X1=1 Z1=1 C1=1 R1=1 S1=1 Y0=1 X0=1 Z0=1 C0=1 R0=5 S0=1] IntermediateRegister[P=1 Q=1 Z7=1 C7=1 R7=1 S7=1 Y6=1 X6=1 Z6=1 C6=1 R6=1 S6=1 Y5=1 X5=1 Z5=1 C5=1 R5=1 S5=1 Y4=1 X4=1 Z4=1 C4=1 R4=1 S4=1 Y3=1 X3=1 Z3=1 C3=1 R3=1 S3=1 Y2=1 X2=1 Z2=1 C2=1 R2=1 S2=1 Y1=1 X1=1 Z1=1 C1=1 R1=1 S1=1 Y0=1 X0=1 Z0=1 C0=1 R0=1 S0=1] OutRegister[P=1 Q=1 Z7=1 C7=1 R7=1 S7=1 Y6=1 X6=1 Z6=1 C6=1 R6=1 S6=1 Y5=1 X5=1 Z5=1 C5=1 R5=1 S5=1 Y4=1 X4=1 Z4=1 C4=1 R4=1 S4=1 Y3=1 X3=1 Z3=1 C3=1 R3=1 S3=1 Y2=1 X2=1 Z2=1 C2=1 R2=1 S2=1 Y1=1 X1=1 Z1=1 C1=1 R1=1 S1=1 Y0=1 X0=1 Z0=1 C0=1 R0=1 S0=1] Compute] 
fsrcnn_8layer_2026-02-25T17:14:18.116094,fsrcnn,8layer,full,8,eyeriss,thesis_arch,1056,524,128,256,64,120,False,True,,2.902e+04,1.918e+07,5.77e+05,"(31557100392, 12312518400)",8.549339872147545e-08,0.1222383975982666,DRAM[P=540 Q=8 Z7=1 C7=1 R7=1 S7=1 Y6=540 X6=8 Z6=1 C6=1 R6=1 S6=1 Y5=540 X5=8 Z5=1 C5=1 R5=1 S5=1 Y4=540 X4=8 Z4=1 C4=1 R4=1 S4=1 Y3=540 X3=8 Z3=1 C3=1 R3=1 S3=1 Y2=540 X2=8 Z2=1 C2=1 R2=1 S2=1 Y1=540 X1=8 Z1=1 C1=1 R1=1 S1=1 Y0=540 X0=8 Z0=1 C0=1 R0=1 S0=1] GlobalBuffer[P=1 Q=30 Z7=1 C7=1 R7=1 S7=1 Y6=1 X6=120 Z6=1 C6=1 R6=1 S6=1 Y5=1 X5=24 Z5=1 C5=1 R5=1 S5=1 Y4=1 X4=24 Z4=1 C4=1 R4=1 S4=1 Y3=1 X3=24 Z3=1 C3=1 R3=1 S3=1 Y2=1 X2=24 Z2=1 C2=1 R2=1 S2=1 Y1=1 X1=24 Z1=1 C1=1 R1=1 S1=1 Y0=1 X0=120 Z0=1 C0=1 R0=1 S0=1] SACols[Q=4 Z7=16] SARows[S7=3 C7=56 Z7=1] SACols_6[X6=1 Z6=56] SARows_6[S6=1 C6=12 Z6=1] SACols_5[X5=5 Z5=12] SARows_5[S5=3 C5=12 Z5=1] SACols_4[X4=5 Z4=12] SARows_4[S4=3 C4=12 Z4=1] SACols_3[X3=5 Z3=12] SARows_3[S3=3 C3=12 Z3=1] SACols_2[X2=5 Z2=12] SARows_2[S2=3 C2=12 Z2=1] SACols_1[X1=5 Z1=12] SARows_1[S1=1 C1=56 Z1=1] SACols_0[X0=1 Z0=56] SARows_0[S0=5 C0=3 Z0=1] InRegister[P=1 Q=1 Z7=1 C7=1 R7=1 S7=1 Y6=1 X6=1 Z6=1 C6=1 R6=1 S6=1 Y5=1 X5=1 Z5=1 C5=1 R5=1 S5=1 Y4=1 X4=1 Z4=1 C4=1 R4=1 S4=1 Y3=1 X3=1 Z3=1 C3=1 R3=1 S3=1 Y2=1 X2=1 Z2=1 C2=1 R2=1 S2=1 Y1=1 X1=1 Z1=1 C1=1 R1=1 S1=1 Y0=1 X0=1 Z0=1 C0=1 R0=1 S0=1] WRegister[P=1 Q=1 Z7=1 C7=1 R7=3 S7=1 Y6=1 X6=1 Z6=1 C6=1 R6=1 S6=1 Y5=1 X5=1 Z5=1 C5=1 R5=3 S5=1 Y4=1 X4=1 Z4=1 C4=1 R4=3 S4=1 Y3=1 X3=1 Z3=1 C3=1 R3=3 S3=1 Y2=1 X2=1 Z2=1 C2=1 R2=3 S2=1 Y1=1 X1=1 Z1=1 C1=1 R1=1 S1=1 Y0=1 X0=1 Z0=1 C0=1 R0=5 S0=1] IntermediateRegister[P=1 Q=1 Z7=1 C7=1 R7=1 S7=1 Y6=1 X6=1 Z6=1 C6=1 R6=1 S6=1 Y5=1 X5=1 Z5=1 C5=1 R5=1 S5=1 Y4=1 X4=1 Z4=1 C4=1 R4=1 S4=1 Y3=1 X3=1 Z3=1 C3=1 R3=1 S3=1 Y2=1 X2=1 Z2=1 C2=1 R2=1 S2=1 Y1=1 X1=1 Z1=1 C1=1 R1=1 S1=1 Y0=1 X0=1 Z0=1 C0=1 R0=1 S0=1] OutRegister[P=1 Q=1 Z7=1 C7=1 R7=1 S7=1 Y6=1 X6=1 Z6=1 C6=1 R6=1 S6=1 Y5=1 X5=1 Z5=1 C5=1 R5=1 S5=1 Y4=1 X4=1 Z4=1 C4=1 R4=1 S4=1 Y3=1 X3=1 Z3=1 C3=1 R3=1 S3=1 Y2=1 X2=1 Z2=1 C2=1 R2=1 S2=1 Y1=1 X1=1 Z1=1 C1=1 R1=1 S1=1 Y0=1 X0=1 Z0=1 C0=1 R0=1 S0=1] Compute] 
fsrcnn_8layer_2026-02-25T17:14:18.491400,fsrcnn,8layer,full,8,eyeriss,thesis_arch,1056,524,128,512,4,120,False,True,,2.902e+04,1.918e+07,5.72e+05,"(31557100392, 12312518400)",5.73736486769727e-05,0.1071326732635498,DRAM[P=540 Q=8 Z7=1 C7=1 R7=1 S7=1 Y6=540 X6=8 Z6=1 C6=1 R6=1 S6=1 Y5=540 X5=8 Z5=1 C5=1 R5=1 S5=1 Y4=540 X4=8 Z4=1 C4=1 R4=1 S4=1 Y3=540 X3=8 Z3=1 C3=1 R3=1 S3=1 Y2=540 X2=8 Z2=1 C2=1 R2=1 S2=1 Y1=540 X1=8 Z1=1 C1=1 R1=1 S1=1 Y0=540 X0=8 Z0=1 C0=1 R0=1 S0=1] GlobalBuffer[P=1 Q=120 Z7=1 C7=1 R7=1 S7=1 Y6=1 X6=120 Z6=1 C6=1 R6=1 S6=1 Y5=1 X5=120 Z5=1 C5=1 R5=1 S5=1 Y4=1 X4=120 Z4=1 C4=1 R4=1 S4=1 Y3=1 X3=120 Z3=1 C3=1 R3=1 S3=1 Y2=1 X2=120 Z2=1 C2=1 R2=1 S2=1 Y1=1 X1=120 Z1=1 C1=1 R1=1 S1=1 Y0=1 X0=120 Z0=1 C0=1 R0=1 S0=1] SACols[Q=1 Z7=4] SARows[S7=3 C7=56 Z7=2] SACols_6[X6=1 Z6=4] SARows_6[S6=1 C6=12 Z6=14] SACols_5[X5=1 Z5=4] SARows_5[S5=3 C5=12 Z5=3] SACols_4[X4=1 Z4=4] SARows_4[S4=3 C4=12 Z4=3] SACols_3[X3=1 Z3=4] SARows_3[S3=3 C3=12 Z3=3] SACols_2[X2=1 Z2=4] SARows_2[S2=3 C2=12 Z2=3] SACols_1[X1=1 Z1=4] SARows_1[S1=1 C1=56 Z1=3] SACols_0[X0=1 Z0=4] SARows_0[S0=5 C0=3 Z0=14] InRegister[P=1 Q=1 Z7=1 C7=1 R7=1 S7=1 Y6=1 X6=1 Z6=1 C6=1 R6=1 S6=1 Y5=1 X5=1 Z5=1 C5=1 R5=1 S5=1 Y4=1 X4=1 Z4=1 C4=1 R4=1 S4=1 Y3=1 X3=1 Z3=1 C3=1 R3=1 S3=1 Y2=1 X2=1 Z2=1 C2=1 R2=1 S2=1 Y1=1 X1=1 Z1=1 C1=1 R1=1 S1=1 Y0=1 X0=1 Z0=1 C0=1 R0=1 S0=1] WRegister[P=1 Q=1 Z7=1 C7=1 R7=3 S7=1 Y6=1 X6=1 Z6=1 C6=1 R6=1 S6=1 Y5=1 X5=1 Z5=1 C5=1 R5=3 S5=1 Y4=1 X4=1 Z4=1 C4=1 R4=3 S4=1 Y3=1 X3=1 Z3=1 C3=1 R3=3 S3=1 Y2=1 X2=1 Z2=1 C2=1 R2=3 S2=1 Y1=1 X1=1 Z1=1 C1=1 R1=1 S1=1 Y0=1 X0=1 Z0=1 C0=1 R0=5 S0=1] IntermediateRegister[P=1 Q=1 Z7=1 C7=1 R7=1 S7=1 Y6=1 X6=1 Z6=1 C6=1 R6=1 S6=1 Y5=1 X5=1 Z5=1 C5=1 R5=1 S5=1 Y4=1 X4=1 Z4=1 C4=1 R4=1 S4=1 Y3=1 X3=1 Z3=1 C3=1 R3=1 S3=1 Y2=1 X2=1 Z2=1 C2=1 R2=1 S2=1 Y1=1 X1=1 Z1=1 C1=1 R1=1 S1=1 Y0=1 X0=1 Z0=1 C0=1 R0=1 S0=1] OutRegister[P=1 Q=1 Z7=2 C7=1 R7=1 S7=1 Y6=1 X6=1 Z6=1 C6=1 R6=1 S6=1 Y5=1 X5=1 Z5=1 C5=1 R5=1 S5=1 Y4=1 X4=1 Z4=1 C4=1 R4=1 S4=1 Y3=1 X3=1 Z3=1 C3=1 R3=1 S3=1 Y2=1 X2=1 Z2=1 C2=1 R2=1 S2=1 Y1=1 X1=1 Z1=1 C1=1 R1=1 S1=1 Y0=1 X0=1 Z0=1 C0=1 R0=1 S0=1] Compute] 
fsrcnn_8layer_2026-02-25T17:14:18.850327,fsrcnn,8layer,full,8,eyeriss,thesis_arch,1056,524,128,512,16,120,False,True,,2.902e+04,1.918e+07,5.77e+05,"(31557100392, 12312518400)",1.7509048058158172e-09,0.22398686408996582,DRAM[P=540 Q=8 Z7=1 C7=1 R7=1 S7=1 Y6=540 X6=8 Z6=1 C6=1 R6=1 S6=1 Y5=540 X5=8 Z5=1 C5=1 R5=1 S5=1 Y4=540 X4=8 Z4=1 C4=1 R4=1 S4=1 Y3=540 X3=8 Z3=1 C3=1 R3=1 S3=1 Y2=540 X2=8 Z2=1 C2=1 R2=1 S2=1 Y1=540 X1=8 Z1=1 C1=1 R1=1 S1=1 Y0=540 X0=8 Z0=1 C0=1 R0=1 S0=1] GlobalBuffer[P=1 Q=120 Z7=1 C7=1 R7=1 S7=1 Y6=1 X6=120 Z6=1 C6=1 R6=1 S6=1 Y5=1 X5=120 Z5=1 C5=1 R5=1 S5=1 Y4=1 X4=120 Z4=1 C4=1 R4=1 S4=1 Y3=1 X3=120 Z3=1 C3=1 R3=1 S3=1 Y2=1 X2=120 Z2=1 C2=1 R2=1 S2=1 Y1=1 X1=120 Z1=1 C1=1 R1=1 S1=1 Y0=1 X0=120 Z0=1 C0=1 R0=1 S0=1] SACols[Q=1 Z7=16] SARows[S7=3 C7=56 Z7=1] SACols_6[X6=1 Z6=14] SARows_6[S6=1 C6=12 Z6=4] SACols_5[X5=1 Z5=12] SARows_5[S5=3 C5=12 Z5=1] SACols_4[X4=1 Z4=12] SARows_4[S4=3 C4=12 Z4=1] SACols_3[X3=1 Z3=12] SARows_3[S3=3 C3=12 Z3=1] SACols_2[X2=1 Z2=12] SARows_2[S2=3 C2=12 Z2=1] SACols_1[X1=1 Z1=12] SARows_1[S1=1 C1=56 Z1=1] SACols_0[X0=1 Z0=14] SARows_0[S0=5 C0=3 Z0=4] InRegister[P=1 Q=1 Z7=1 C7=1 R7=1 S7=1 Y6=1 X6=1 Z6=1 C6=1 R6=1 S6=1 Y5=1 X5=1 Z5=1 C5=1 R5=1 S5=1 Y4=1 X4=1 Z4=1 C4=1 R4=1 S4=1 Y3=1 X3=1 Z3=1 C3=1 R3=1 S3=1 Y2=1 X2=1 Z2=1 C2=1 R2=1 S2=1 Y1=1 X1=1 Z1=1 C1=1 R1=1 S1=1 Y0=1 X0=1 Z0=1 C0=1 R0=1 S0=1] WRegister[P=1 Q=1 Z7=1 C7=1 R7=3 S7=1 Y6=1 X6=1 Z6=1 C6=1 R6=1 S6=1 Y5=1 X5=1 Z5=1 C5=1 R5=3 S5=1 Y4=1 X4=1 Z4=1 C4=1 R4=3 S4=1 Y3=1 X3=1 Z3=1 C3=1 R3=3 S3=1 Y2=1 X2=1 Z2=1 C2=1 R2=3 S2=1 Y1=1 X1=1 Z1=1 C1=1 R1=1 S1=1 Y0=1 X0=1 Z0=1 C0=1 R0=5 S0=1] IntermediateRegister[P=1 Q=1 Z7=1 C7=1 R7=1 S7=1 Y6=1 X6=1 Z6=1 C6=1 R6=1 S6=1 Y5=1 X5=1 Z5=1 C5=1 R5=1 S5=1 Y4=1 X4=1 Z4=1 C4=1 R4=1 S4=1 Y3=1 X3=1 Z3=1 C3=1 R3=1 S3=1 Y2=1 X2=1 Z2=1 C2=1 R2=1 S2=1 Y1=1 X1=1 Z1=1 C1=1 R1=1 S1=1 Y0=1 X0=1 Z0=1 C0=1 R0=1 S0=1] OutRegister[P=1 Q=1 Z7=1 C7=1 R7=1 S7=1 Y6=1 X6=1 Z6=1 C6=1 R6=1 S6=1 Y5=1 X5=1 Z5=1 C5=1 R5=1 S5=1 Y4=1 X4=1 Z4=1 C4=1 R4=1 S4=1 Y3=1 X3=1 Z3=1 C3=1 R3=1 S3=1 Y2=1 X2=1 Z2=1 C2=1 R2=1 S2=1 Y1=1 X1=1 Z1=1 C1=1 R1=1 S1=1 Y0=1 X0=1 Z0=1 C0=1 R0=1 S0=1] Compute] 
fsrcnn_8layer_2026-02-25T17:14:19.455668,fsrcnn,8layer,full,8,eyeriss,thesis_arch,1056,524,128,512,32,120,False,True,,2.902e+04,1.918e+07,5.77e+05,"(31557100392, 12312518400)",4.377262014539543e-10,0.12325692176818848,DRAM[P=540 Q=8 Z7=1 C7=1 R7=1 S7=1 Y6=540 X6=8 Z6=1 C6=1 R6=1 S6=1 Y5=540 X5=8 Z5=1 C5=1 R5=1 S5=1 Y4=540 X4=8 Z4=1 C4=1 R4=1 S4=1 Y3=540 X3=8 Z3=1 C3=1 R3=1 S3=1 Y2=540 X2=8 Z2=1 C2=1 R2=1 S2=1 Y1=540 X1=8 Z1=1 C1=1 R1=1 S1=1 Y0=540 X0=8 Z0=1 C0=1 R0=1 S0=1] GlobalBuffer[P=1 Q=60 Z7=1 C7=1 R7=1 S7=1 Y6=1 X6=120 Z6=1 C6=1 R6=1 S6=1 Y5=1 X5=60 Z5=1 C5=1 R5=1 S5=1 Y4=1 X4=60 Z4=1 C4=1 R4=1 S4=1 Y3=1 X3=60 Z3=1 C3=1 R3=1 S3=1 Y2=1 X2=60 Z2=1 C2=1 R2=1 S2=1 Y1=1 X1=60 Z1=1 C1=1 R1=1 S1=1 Y0=1 X0=120 Z0=1 C0=1 R0=1 S0=1] SACols[Q=2 Z7=16] SARows[S7=3 C7=56 Z7=1] SACols_6[X6=1 Z6=28] SARows_6[S6=1 C6=12 Z6=2] SACols_5[X5=2 Z5=12] SARows_5[S5=3 C5=12 Z5=1] SACols_4[X4=2 Z4=12] SARows_4[S4=3 C4=12 Z4=1] SACols_3[X3=2 Z3=12] SARows_3[S3=3 C3=12 Z3=1] SACols_2[X2=2 Z2=12] SARows_2[S2=3 C2=12 Z2=1] SACols_1[X1=2 Z1=12] SARows_1[S1=1 C1=56 Z1=1] SACols_0[X0=1 Z0=28] SARows_0[S0=5 C0=3 Z0=2] InRegister[P=1 Q=1 Z7=1 C7=1 R7=1 S7=1 Y6=1 X6=1 Z6=1 C6=1 R6=1 S6=1 Y5=1 X5=1 Z5=1 C5=1 R5=1 S5=1 Y4=1 X4=1 Z4=1 C4=1 R4=1 S4=1 Y3=1 X3=1 Z3=1 C3=1 R3=1 S3=1 Y2=1 X2=1 Z2=1 C2=1 R2=1 S2=1 Y1=1 X1=1 Z1=1 C1=1 R1=1 S1=1 Y0=1 X0=1 Z0=1 C0=1 R0=1 S0=1] WRegister[P=1 Q=1 Z7=1 C7=1 R7=3 S7=1 Y6=1 X6=1 Z6=1 C6=1 R6=1 S6=1 Y5=1 X5=1 Z5=1 C5=1 R5=3 S5=1 Y4=1 X4=1 Z4=1 C4=1 R4=3 S4=1 Y3=1 X3=1 Z3=1 C3=1 R3=3 S3=1 Y2=1 X2=1 Z2=1 C2=1 R2=3 S2=1 Y1=1 X1=1 Z1=1 C1=1 R1=1 S1=1 Y0=1 X0=1 Z0=1 C0=1 R0=5 S0=1] IntermediateRegister[P=1 Q=1 Z7=1 C7=1 R7=1 S7=1 Y6=1 X6=1 Z6=1 C6=1 R6=1 S6=1 Y5=1 X5=1 Z5=1 C5=1 R5=1 S5=1 Y4=1 X4=1 Z4=1 C4=1 R4=1 S4=1 Y3=1 X3=1 Z3=1 C3=1 R3=1 S3=1 Y2=1 X2=1 Z2=1 C2=1 R2=1 S2=1 Y1=1 X1=1 Z1=1 C1=1 R1=1 S1=1 Y0=1 X0=1 Z0=1 C0=1 R0=1 S0=1] OutRegister[P=1 Q=1 Z7=1 C7=1 R7=1 S7=1 Y6=1 X6=1 Z6=1 C6=1 R6=1 S6=1 Y5=1 X5=1 Z5=1 C5=1 R5=1 S5=1 Y4=1 X4=1 Z4=1 C4=1 R4=1 S4=1 Y3=1 X3=1 Z3=1 C3=1 R3=1 S3=1 Y2=1 X2=1 Z2=1 C2=1 R2=1 S2=1 Y1=1 X1=1 Z1=1 C1=1 R1=1 S1=1 Y0=1 X0=1 Z0=1 C0=1 R0=1 S0=1] Compute] 
fsrcnn_8layer_2026-02-25T17:14:20.011243,fsrcnn,8layer,full,8,eyeriss,thesis_arch,1056,524,128,4,4,120,False,False,"Arch: Eyeriss_Constrained_8L_tile120_4x4 -> Level: SARows_0: Failed to fit comp to arch because the level's constraint (S0: 4) does not divide comp dimension S0 (5) exactly. To compensate, consider setting 'Settings.PADDED_MAPPINGS' to True.",0.000e+00,0.000e+00,0.00e+00,0,0.0,0.0,
fsrcnn_8layer_2026-02-25T17:14:20.285034,fsrcnn,8layer,full,8,eyeriss,thesis_arch,1056,524,128,4,16,120,False,False,"Arch: Eyeriss_Constrained_8L_tile120_16x4 -> Level: SARows_0: Failed to fit comp to arch because the level's constraint (S0: 4) does not divide comp dimension S0 (5) exactly. To compensate, consider setting 'Settings.PADDED_MAPPINGS' to True.",0.000e+00,0.000e+00,0.00e+00,0,0.0,0.0,
fsrcnn_8layer_2026-02-25T17:14:20.630292,fsrcnn,8layer,full,8,eyeriss,thesis_arch,1056,524,128,4,32,120,False,False,"Arch: Eyeriss_Constrained_8L_tile120_32x4 -> Level: SARows_0: Failed to fit comp to arch because the level's constraint (S0: 4) does not divide comp dimension S0 (5) exactly. To compensate, consider setting 'Settings.PADDED_MAPPINGS' to True.",0.000e+00,0.000e+00,0.00e+00,0,0.0,0.0,
fsrcnn_8layer_2026-02-25T17:14:20.903769,fsrcnn,8layer,full,8,eyeriss,thesis_arch,1056,524,128,4,64,120,False,False,"Arch: Eyeriss_Constrained_8L_tile120_64x4 -> Level: SARows_0: Failed to fit comp to arch because the level's constraint (S0: 4) does not divide comp dimension S0 (5) exactly. To compensate, consider setting 'Settings.PADDED_MAPPINGS' to True.",0.000e+00,0.000e+00,0.00e+00,0,0.0,0.0,
fsrcnn_8layer_2026-02-25T17:14:21.241700,fsrcnn,8layer,full,8,eyeriss,thesis_arch,1056,524,128,4,128,120,False,False,"Arch: Eyeriss_Constrained_8L_tile120_128x4 -> Level: SARows_0: Failed to fit comp to arch because the level's constraint (S0: 4) does not divide comp dimension S0 (5) exactly. To compensate, consider setting 'Settings.PADDED_MAPPINGS' to True.",0.000e+00,0.000e+00,0.00e+00,0,0.0,0.0,
fsrcnn_8layer_2026-02-25T17:14:21.617284,fsrcnn,8layer,full,8,eyeriss,thesis_arch,1056,524,128,4,256,120,False,False,"Arch: Eyeriss_Constrained_8L_tile120_256x4 -> Level: SARows_0: Failed to fit comp to arch because the level's constraint (S0: 4) does not divide comp dimension S0 (5) exactly. To compensate, consider setting 'Settings.PADDED_MAPPINGS' to True.",0.000e+00,0.000e+00,0.00e+00,0,0.0,0.0,
fsrcnn_8layer_2026-02-25T17:14:21.876461,fsrcnn,8layer,full,8,eyeriss,thesis_arch,1056,524,128,4,512,120,False,False,"Arch: Eyeriss_Constrained_8L_tile120_512x4 -> Level: SARows_0: Failed to fit comp to arch because the level's constraint (S0: 4) does not divide comp dimension S0 (5) exactly. To compensate, consider setting 'Settings.PADDED_MAPPINGS' to True.",0.000e+00,0.000e+00,0.00e+00,0,0.0,0.0,
fsrcnn_8layer_2026-02-25T17:14:22.232392,fsrcnn,8layer,full,8,eyeriss,thesis_arch,1056,524,128,16,4,120,False,False,"Ill-posed constraints:
CONSTRAINTS VIOLATION: Arch: Eyeriss_Constrained_8L_tile120_4x16 -> Level: InRegister: memory footprint: 93 VS memory available: 34
CONSTRAINTS VIOLATION: Arch: Eyeriss_Constrained_8L_tile120_4x16 -> Level: IntermediateRegister: memory footprint: 43 VS memory available: 32",0.000e+00,0.000e+00,0.00e+00,0,0.0,0.0,
fsrcnn_8layer_2026-02-25T17:14:22.595936,fsrcnn,8layer,full,8,eyeriss,thesis_arch,1056,524,128,16,16,120,False,False,"Ill-posed constraints:
CONSTRAINTS VIOLATION: Arch: Eyeriss_Constrained_8L_tile120_16x16 -> Level: InRegister: memory footprint: 93 VS memory available: 34",0.000e+00,0.000e+00,0.00e+00,0,0.0,0.0,
fsrcnn_8layer_2026-02-25T17:14:22.980034,fsrcnn,8layer,full,8,eyeriss,thesis_arch,1056,524,128,16,32,120,False,False,"Ill-posed constraints:
CONSTRAINTS VIOLATION: Arch: Eyeriss_Constrained_8L_tile120_32x16 -> Level: InRegister: memory footprint: 93 VS memory available: 34",0.000e+00,0.000e+00,0.00e+00,0,0.0,0.0,
fsrcnn_8layer_2026-02-25T17:14:23.251126,fsrcnn,8layer,full,8,eyeriss,thesis_arch,1056,524,128,16,64,120,False,False,"Ill-posed constraints:
CONSTRAINTS VIOLATION: Arch: Eyeriss_Constrained_8L_tile120_64x16 -> Level: InRegister: memory footprint: 93 VS memory available: 34",0.000e+00,0.000e+00,0.00e+00,0,0.0,0.0,
fsrcnn_8layer_2026-02-25T17:14:23.500391,fsrcnn,8layer,full,8,eyeriss,thesis_arch,1056,524,128,16,128,120,False,False,"Ill-posed constraints:
CONSTRAINTS VIOLATION: Arch: Eyeriss_Constrained_8L_tile120_128x16 -> Level: InRegister: memory footprint: 93 VS memory available: 34",0.000e+00,0.000e+00,0.00e+00,0,0.0,0.0,
fsrcnn_8layer_2026-02-25T17:14:23.815056,fsrcnn,8layer,full,8,eyeriss,thesis_arch,1056,524,128,16,256,120,False,False,"Ill-posed constraints:
CONSTRAINTS VIOLATION: Arch: Eyeriss_Constrained_8L_tile120_256x16 -> Level: InRegister: memory footprint: 93 VS memory available: 34",0.000e+00,0.000e+00,0.00e+00,0,0.0,0.0,
fsrcnn_8layer_2026-02-25T17:14:24.117767,fsrcnn,8layer,full,8,eyeriss,thesis_arch,1056,524,128,16,512,120,False,False,"Ill-posed constraints:
CONSTRAINTS VIOLATION: Arch: Eyeriss_Constrained_8L_tile120_512x16 -> Level: InRegister: memory footprint: 93 VS memory available: 34",0.000e+00,0.000e+00,0.00e+00,0,0.0,0.0,
fsrcnn_8layer_2026-02-25T17:14:24.460053,fsrcnn,8layer,full,8,eyeriss,thesis_arch,1056,524,128,32,4,120,False,False,"Ill-posed constraints:
CONSTRAINTS VIOLATION: Arch: Eyeriss_Constrained_8L_tile120_4x32 -> Level: InRegister: memory footprint: 58 VS memory available: 34",0.000e+00,0.000e+00,0.00e+00,0,0.0,0.0,
fsrcnn_8layer_2026-02-25T17:14:24.846266,fsrcnn,8layer,full,8,eyeriss,thesis_arch,1056,524,128,32,16,120,False,False,"Ill-posed constraints:
CONSTRAINTS VIOLATION: Arch: Eyeriss_Constrained_8L_tile120_16x32 -> Level: InRegister: memory footprint: 58 VS memory available: 34",0.000e+00,0.000e+00,0.00e+00,0,0.0,0.0,
fsrcnn_8layer_2026-02-25T17:14:25.134747,fsrcnn,8layer,full,8,eyeriss,thesis_arch,1056,524,128,32,32,120,False,False,"Ill-posed constraints:
CONSTRAINTS VIOLATION: Arch: Eyeriss_Constrained_8L_tile120_32x32 -> Level: InRegister: memory footprint: 58 VS memory available: 34",0.000e+00,0.000e+00,0.00e+00,0,0.0,0.0,
fsrcnn_8layer_2026-02-25T17:14:25.405853,fsrcnn,8layer,full,8,eyeriss,thesis_arch,1056,524,128,32,64,120,False,False,"Ill-posed constraints:
CONSTRAINTS VIOLATION: Arch: Eyeriss_Constrained_8L_tile120_64x32 -> Level: InRegister: memory footprint: 58 VS memory available: 34",0.000e+00,0.000e+00,0.00e+00,0,0.0,0.0,
fsrcnn_8layer_2026-02-25T17:14:25.705192,fsrcnn,8layer,full,8,eyeriss,thesis_arch,1056,524,128,32,128,120,False,False,"Ill-posed constraints:
CONSTRAINTS VIOLATION: Arch: Eyeriss_Constrained_8L_tile120_128x32 -> Level: InRegister: memory footprint: 58 VS memory available: 34",0.000e+00,0.000e+00,0.00e+00,0,0.0,0.0,
fsrcnn_8layer_2026-02-25T17:14:25.941025,fsrcnn,8layer,full,8,eyeriss,thesis_arch,1056,524,128,32,256,120,False,False,"Ill-posed constraints:
CONSTRAINTS VIOLATION: Arch: Eyeriss_Constrained_8L_tile120_256x32 -> Level: InRegister: memory footprint: 58 VS memory available: 34",0.000e+00,0.000e+00,0.00e+00,0,0.0,0.0,
fsrcnn_8layer_2026-02-25T17:14:26.281330,fsrcnn,8layer,full,8,eyeriss,thesis_arch,1056,524,128,32,512,120,False,False,"Ill-posed constraints:
CONSTRAINTS VIOLATION: Arch: Eyeriss_Constrained_8L_tile120_512x32 -> Level: InRegister: memory footprint: 58 VS memory available: 34",0.000e+00,0.000e+00,0.00e+00,0,0.0,0.0,
fsrcnn_8layer_2026-02-25T17:14:26.629663,fsrcnn,8layer,full,8,eyeriss,thesis_arch,1056,524,128,64,4,120,False,False,"Ill-posed constraints:
CONSTRAINTS VIOLATION: Arch: Eyeriss_Constrained_8L_tile120_4x64 -> Level: InRegister: memory footprint: 36 VS memory available: 34",0.000e+00,0.000e+00,0.00e+00,0,0.0,0.0,
fsrcnn_8layer_2026-02-25T17:14:26.900213,fsrcnn,8layer,full,8,eyeriss,thesis_arch,1056,524,128,64,16,120,False,False,"Ill-posed constraints:
CONSTRAINTS VIOLATION: Arch: Eyeriss_Constrained_8L_tile120_16x64 -> Level: InRegister: memory footprint: 36 VS memory available: 34",0.000e+00,0.000e+00,0.00e+00,0,0.0,0.0,
fsrcnn_8layer_2026-02-25T17:14:27.253973,fsrcnn,8layer,full,8,eyeriss,thesis_arch,1056,524,128,64,32,120,False,False,"Ill-posed constraints:
CONSTRAINTS VIOLATION: Arch: Eyeriss_Constrained_8L_tile120_32x64 -> Level: InRegister: memory footprint: 36 VS memory available: 34",0.000e+00,0.000e+00,0.00e+00,0,0.0,0.0,
fsrcnn_8layer_2026-02-25T17:14:27.632488,fsrcnn,8layer,full,8,eyeriss,thesis_arch,1056,524,128,64,64,120,False,False,"Ill-posed constraints:
CONSTRAINTS VIOLATION: Arch: Eyeriss_Constrained_8L_tile120_64x64 -> Level: InRegister: memory footprint: 36 VS memory available: 34",0.000e+00,0.000e+00,0.00e+00,0,0.0,0.0,
fsrcnn_8layer_2026-02-25T17:14:27.994584,fsrcnn,8layer,full,8,eyeriss,thesis_arch,1056,524,128,64,128,120,False,False,"Ill-posed constraints:
CONSTRAINTS VIOLATION: Arch: Eyeriss_Constrained_8L_tile120_128x64 -> Level: InRegister: memory footprint: 36 VS memory available: 34",0.000e+00,0.000e+00,0.00e+00,0,0.0,0.0,
fsrcnn_8layer_2026-02-25T17:14:28.387270,fsrcnn,8layer,full,8,eyeriss,thesis_arch,1056,524,128,64,256,120,False,False,"Ill-posed constraints:
CONSTRAINTS VIOLATION: Arch: Eyeriss_Constrained_8L_tile120_256x64 -> Level: InRegister: memory footprint: 36 VS memory available: 34",0.000e+00,0.000e+00,0.00e+00,0,0.0,0.0,
fsrcnn_8layer_2026-02-25T17:14:28.751202,fsrcnn,8layer,full,8,eyeriss,thesis_arch,1056,524,128,128,4,120,False,True,,3.307e+04,2.825e+07,9.50e+05,"(30062034792, 12094790400)",0.07833415499362673,0.13528776168823242,DRAM[P=540 Q=8 Z7=1 C7=1 R7=1 S7=1 Y6=540 X6=8 Z6=1 C6=1 R6=1 S6=1 Y5=540 X5=8 Z5=1 C5=1 R5=1 S5=1 Y4=540 X4=8 Z4=1 C4=1 R4=1 S4=1 Y3=540 X3=8 Z3=1 C3=1 R3=1 S3=1 Y2=540 X2=8 Z2=1 C2=1 R2=1 S2=1 Y1=540 X1=8 Z1=1 C1=1 R1=1 S1=1 Y0=540 X0=8 Z0=1 C0=1 R0=1 S0=1] GlobalBuffer[P=1 Q=120 Z7=1 C7=1 R7=1 S7=1 Y6=1 X6=120 Z6=1 C6=1 R6=1 S6=1 Y5=1 X5=120 Z5=1 C5=1 R5=1 S5=1 Y4=1 X4=120 Z4=1 C4=1 R4=1 S4=1 Y3=1 X3=120 Z3=1 C3=1 R3=1 S3=1 Y2=1 X2=120 Z2=1 C2=1 R2=1 S2=1 Y1=1 X1=120 Z1=1 C1=1 R1=1 S1=1 Y0=1 X0=120 Z0=1 C0=1 R0=1 S0=1] SACols[Q=1 Z7=4] SARows[S7=3 C7=28 Z7=1] SACols_6[X6=1 Z6=4] SARows_6[S6=1 C6=12 Z6=7] SACols_5[X5=1 Z5=4] SARows_5[S5=3 C5=12 Z5=3] SACols_4[X4=1 Z4=4] SARows_4[S4=3 C4=12 Z4=3] SACols_3[X3=1 Z3=4] SARows_3[S3=3 C3=12 Z3=3] SACols_2[X2=1 Z2=4] SARows_2[S2=3 C2=12 Z2=3] SACols_1[X1=1 Z1=4] SARows_1[S1=1 C1=56 Z1=1] SACols_0[X0=1 Z0=4] SARows_0[S0=5 C0=3 Z0=7] InRegister[P=1 Q=1 Z7=1 C7=1 R7=1 S7=1 Y6=1 X6=1 Z6=1 C6=1 R6=1 S6=1 Y5=1 X5=1 Z5=1 C5=1 R5=1 S5=1 Y4=1 X4=1 Z4=1 C4=1 R4=1 S4=1 Y3=1 X3=1 Z3=1 C3=1 R3=1 S3=1 Y2=1 X2=1 Z2=1 C2=1 R2=1 S2=1 Y1=1 X1=1 Z1=1 C1=1 R1=1 S1=1 Y0=1 X0=1 Z0=1 C0=1 R0=1 S0=1] WRegister[P=1 Q=1 Z7=1 C7=2 R7=3 S7=1 Y6=1 X6=1 Z6=1 C6=1 R6=1 S6=1 Y5=1 X5=1 Z5=1 C5=1 R5=3 S5=1 Y4=1 X4=1 Z4=1 C4=1 R4=3 S4=1 Y3=1 X3=1 Z3=1 C3=1 R3=3 S3=1 Y2=1 X2=1 Z2=1 C2=1 R2=3 S2=1 Y1=1 X1=1 Z1=1 C1=1 R1=1 S1=1 Y0=1 X0=1 Z0=1 C0=1 R0=5 S0=1] IntermediateRegister[P=1 Q=1 Z7=1 C7=1 R7=1 S7=1 Y6=1 X6=1 Z6=2 C6=1 R6=1 S6=1 Y5=1 X5=1 Z5=1 C5=1 R5=1 S5=1 Y4=1 X4=1 Z4=1 C4=1 R4=1 S4=1 Y3=1 X3=1 Z3=1 C3=1 R3=1 S3=1 Y2=1 X2=1 Z2=1 C2=1 R2=1 S2=1 Y1=1 X1=1 Z1=3 C1=1 R1=1 S1=1 Y0=1 X0=1 Z0=2 C0=1 R0=1 S0=1] OutRegister[P=1 Q=1 Z7=4 C7=1 R7=1 S7=1 Y6=1 X6=1 Z6=1 C6=1 R6=1 S6=1 Y5=1 X5=1 Z5=1 C5=1 R5=1 S5=1 Y4=1 X4=1 Z4=1 C4=1 R4=1 S4=1 Y3=1 X3=1 Z3=1 C3=1 R3=1 S3=1 Y2=1 X2=1 Z2=1 C2=1 R2=1 S2=1 Y1=1 X1=1 Z1=1 C1=1 R1=1 S1=1 Y0=1 X0=1 Z0=1 C0=1 R0=1 S0=1] Compute] 
fsrcnn_8layer_2026-02-25T17:14:29.307207,fsrcnn,8layer,full,8,eyeriss,thesis_arch,1056,524,128,128,16,120,False,True,,3.368e+04,1.918e+07,6.67e+05,"(31557100392, 12312518400)",5.73736486769727e-05,0.19106030464172363,DRAM[P=540 Q=8 Z7=1 C7=1 R7=1 S7=1 Y6=540 X6=8 Z6=1 C6=1 R6=1 S6=1 Y5=540 X5=8 Z5=1 C5=1 R5=1 S5=1 Y4=540 X4=8 Z4=1 C4=1 R4=1 S4=1 Y3=540 X3=8 Z3=1 C3=1 R3=1 S3=1 Y2=540 X2=8 Z2=1 C2=1 R2=1 S2=1 Y1=540 X1=8 Z1=1 C1=1 R1=1 S1=1 Y0=540 X0=8 Z0=1 C0=1 R0=1 S0=1] GlobalBuffer[P=1 Q=120 Z7=1 C7=1 R7=1 S7=1 Y6=1 X6=120 Z6=1 C6=1 R6=1 S6=1 Y5=1 X5=120 Z5=1 C5=1 R5=1 S5=1 Y4=1 X4=120 Z4=1 C4=1 R4=1 S4=1 Y3=1 X3=120 Z3=1 C3=1 R3=1 S3=1 Y2=1 X2=120 Z2=1 C2=1 R2=1 S2=1 Y1=1 X1=120 Z1=1 C1=1 R1=1 S1=1 Y0=1 X0=120 Z0=1 C0=1 R0=1 S0=1] SACols[Q=1 Z7=16] SARows[S7=3 C7=28 Z7=1] SACols_6[X6=1 Z6=14] SARows_6[S6=1 C6=12 Z6=4] SACols_5[X5=1 Z5=12] SARows_5[S5=3 C5=12 Z5=1] SACols_4[X4=1 Z4=12] SARows_4[S4=3 C4=12 Z4=1] SACols_3[X3=1 Z3=12] SARows_3[S3=3 C3=12 Z3=1] SACols_2[X2=1 Z2=12] SARows_2[S2=3 C2=12 Z2=1] SACols_1[X1=1 Z1=12] SARows_1[S1=1 C1=56 Z1=1] SACols_0[X0=1 Z0=14] SARows_0[S0=5 C0=3 Z0=4] InRegister[P=1 Q=1 Z7=1 C7=1 R7=1 S7=1 Y6=1 X6=1 Z6=1 C6=1 R6=1 S6=1 Y5=1 X5=1 Z5=1 C5=1 R5=1 S5=1 Y4=1 X4=1 Z4=1 C4=1 R4=1 S4=1 Y3=1 X3=1 Z3=1 C3=1 R3=1 S3=1 Y2=1 X2=1 Z2=1 C2=1 R2=1 S2=1 Y1=1 X1=1 Z1=1 C1=1 R1=1 S1=1 Y0=1 X0=1 Z0=1 C0=1 R0=1 S0=1] WRegister[P=1 Q=1 Z7=1 C7=2 R7=3 S7=1 Y6=1 X6=1 Z6=1 C6=1 R6=1 S6=1 Y5=1 X5=1 Z5=1 C5=1 R5=3 S5=1 Y4=1 X4=1 Z4=1 C4=1 R4=3 S4=1 Y3=1 X3=1 Z3=1 C3=1 R3=3 S3=1 Y2=1 X2=1 Z2=1 C2=1 R2=3 S2=1 Y1=1 X1=1 Z1=1 C1=1 R1=1 S1=1 Y0=1 X0=1 Z0=1 C0=1 R0=5 S0=1] IntermediateRegister[P=1 Q=1 Z7=1 C7=1 R7=1 S7=1 Y6=1 X6=1 Z6=1 C6=1 R6=1 S6=1 Y5=1 X5=1 Z5=1 C5=1 R5=1 S5=1 Y4=1 X4=1 Z4=1 C4=1 R4=1 S4=1 Y3=1 X3=1 Z3=1 C3=1 R3=1 S3=1 Y2=1 X2=1 Z2=1 C2=1 R2=1 S2=1 Y1=1 X1=1 Z1=1 C1=1 R1=1 S1=1 Y0=1 X0=1 Z0=1 C0=1 R0=1 S0=1] OutRegister[P=1 Q=1 Z7=1 C7=1 R7=1 S7=1 Y6=1 X6=1 Z6=1 C6=1 R6=1 S6=1 Y5=1 X5=1 Z5=1 C5=1 R5=1 S5=1 Y4=1 X4=1 Z4=1 C4=1 R4=1 S4=1 Y3=1 X3=1 Z3=1 C3=1 R3=1 S3=1 Y2=1 X2=1 Z2=1 C2=1 R2=1 S2=1 Y1=1 X1=1 Z1=1 C1=1 R1=1 S1=1 Y0=1 X0=1 Z0=1 C0=1 R0=1 S0=1] Compute] 
fsrcnn_8layer_2026-02-25T17:14:29.762713,fsrcnn,8layer,full,8,eyeriss,thesis_arch,1056,524,128,128,32,120,False,True,,3.368e+04,1.918e+07,6.67e+05,"(31557100392, 12312518400)",1.4343412169243175e-05,0.12705659866333008,DRAM[P=540 Q=8 Z7=1 C7=1 R7=1 S7=1 Y6=540 X6=8 Z6=1 C6=1 R6=1 S6=1 Y5=540 X5=8 Z5=1 C5=1 R5=1 S5=1 Y4=540 X4=8 Z4=1 C4=1 R4=1 S4=1 Y3=540 X3=8 Z3=1 C3=1 R3=1 S3=1 Y2=540 X2=8 Z2=1 C2=1 R2=1 S2=1 Y1=540 X1=8 Z1=1 C1=1 R1=1 S1=1 Y0=540 X0=8 Z0=1 C0=1 R0=1 S0=1] GlobalBuffer[P=1 Q=60 Z7=1 C7=1 R7=1 S7=1 Y6=1 X6=120 Z6=1 C6=1 R6=1 S6=1 Y5=1 X5=60 Z5=1 C5=1 R5=1 S5=1 Y4=1 X4=60 Z4=1 C4=1 R4=1 S4=1 Y3=1 X3=60 Z3=1 C3=1 R3=1 S3=1 Y2=1 X2=60 Z2=1 C2=1 R2=1 S2=1 Y1=1 X1=60 Z1=1 C1=1 R1=1 S1=1 Y0=1 X0=120 Z0=1 C0=1 R0=1 S0=1] SACols[Q=2 Z7=16] SARows[S7=3 C7=28 Z7=1] SACols_6[X6=1 Z6=28] SARows_6[S6=1 C6=12 Z6=2] SACols_5[X5=2 Z5=12] SARows_5[S5=3 C5=12 Z5=1] SACols_4[X4=2 Z4=12] SARows_4[S4=3 C4=12 Z4=1] SACols_3[X3=2 Z3=12] SARows_3[S3=3 C3=12 Z3=1] SACols_2[X2=2 Z2=12] SARows_2[S2=3 C2=12 Z2=1] SACols_1[X1=2 Z1=12] SARows_1[S1=1 C1=56 Z1=1] SACols_0[X0=1 Z0=28] SARows_0[S0=5 C0=3 Z0=2] InRegister[P=1 Q=1 Z7=1 C7=1 R7=1 S7=1 Y6=1 X6=1 Z6=1 C6=1 R6=1 S6=1 Y5=1 X5=1 Z5=1 C5=1 R5=1 S5=1 Y4=1 X4=1 Z4=1 C4=1 R4=1 S4=1 Y3=1 X3=1 Z3=1 C3=1 R3=1 S3=1 Y2=1 X2=1 Z2=1 C2=1 R2=1 S2=1 Y1=1 X1=1 Z1=1 C1=1 R1=1 S1=1 Y0=1 X0=1 Z0=1 C0=1 R0=1 S0=1] WRegister[P=1 Q=1 Z7=1 C7=2 R7=3 S7=1 Y6=1 X6=1 Z6=1 C6=1 R6=1 S6=1 Y5=1 X5=1 Z5=1 C5=1 R5=3 S5=1 Y4=1 X4=1 Z4=1 C4=1 R4=3 S4=1 Y3=1 X3=1 Z3=1 C3=1 R3=3 S3=1 Y2=1 X2=1 Z2=1 C2=1 R2=3 S2=1 Y1=1 X1=1 Z1=1 C1=1 R1=1 S1=1 Y0=1 X0=1 Z0=1 C0=1 R0=5 S0=1] IntermediateRegister[P=1 Q=1 Z7=1 C7=1 R7=1 S7=1 Y6=1 X6=1 Z6=1 C6=1 R6=1 S6=1 Y5=1 X5=1 Z5=1 C5=1 R5=1 S5=1 Y4=1 X4=1 Z4=1 C4=1 R4=1 S4=1 Y3=1 X3=1 Z3=1 C3=1 R3=1 S3=1 Y2=1 X2=1 Z2=1 C2=1 R2=1 S2=1 Y1=1 X1=1 Z1=1 C1=1 R1=1 S1=1 Y0=1 X0=1 Z0=1 C0=1 R0=1 S0=1] OutRegister[P=1 Q=1 Z7=1 C7=1 R7=1 S7=1 Y6=1 X6=1 Z6=1 C6=1 R6=1 S6=1 Y5=1 X5=1 Z5=1 C5=1 R5=1 S5=1 Y4=1 X4=1 Z4=1 C4=1 R4=1 S4=1 Y3=1 X3=1 Z3=1 C3=1 R3=1 S3=1 Y2=1 X2=1 Z2=1 C2=1 R2=1 S2=1 Y1=1 X1=1 Z1=1 C1=1 R1=1 S1=1 Y0=1 X0=1 Z0=1 C0=1 R0=1 S0=1] Compute] 
fsrcnn_8layer_2026-02-25T17:14:30.291949,fsrcnn,8layer,full,8,eyeriss,thesis_arch,1056,524,128,128,64,120,False,True,,3.368e+04,1.918e+07,6.67e+05,"(31557100392, 12312518400)",1.0943155036348858e-05,0.11492371559143066,DRAM[P=540 Q=8 Z7=1 C7=1 R7=1 S7=1 Y6=540 X6=8 Z6=1 C6=1 R6=1 S6=1 Y5=540 X5=8 Z5=1 C5=1 R5=1 S5=1 Y4=540 X4=8 Z4=1 C4=1 R4=1 S4=1 Y3=540 X3=8 Z3=1 C3=1 R3=1 S3=1 Y2=540 X2=8 Z2=1 C2=1 R2=1 S2=1 Y1=540 X1=8 Z1=1 C1=1 R1=1 S1=1 Y0=540 X0=8 Z0=1 C0=1 R0=1 S0=1] GlobalBuffer[P=1 Q=30 Z7=1 C7=1 R7=1 S7=1 Y6=1 X6=120 Z6=1 C6=1 R6=1 S6=1 Y5=1 X5=24 Z5=1 C5=1 R5=1 S5=1 Y4=1 X4=24 Z4=1 C4=1 R4=1 S4=1 Y3=1 X3=24 Z3=1 C3=1 R3=1 S3=1 Y2=1 X2=24 Z2=1 C2=1 R2=1 S2=1 Y1=1 X1=24 Z1=1 C1=1 R1=1 S1=1 Y0=1 X0=120 Z0=1 C0=1 R0=1 S0=1] SACols[Q=4 Z7=16] SARows[S7=3 C7=28 Z7=1] SACols_6[X6=1 Z6=56] SARows_6[S6=1 C6=12 Z6=1] SACols_5[X5=5 Z5=12] SARows_5[S5=3 C5=12 Z5=1] SACols_4[X4=5 Z4=12] SARows_4[S4=3 C4=12 Z4=1] SACols_3[X3=5 Z3=12] SARows_3[S3=3 C3=12 Z3=1] SACols_2[X2=5 Z2=12] SARows_2[S2=3 C2=12 Z2=1] SACols_1[X1=5 Z1=12] SARows_1[S1=1 C1=56 Z1=1] SACols_0[X0=1 Z0=56] SARows_0[S0=5 C0=3 Z0=1] InRegister[P=1 Q=1 Z7=1 C7=1 R7=1 S7=1 Y6=1 X6=1 Z6=1 C6=1 R6=1 S6=1 Y5=1 X5=1 Z5=1 C5=1 R5=1 S5=1 Y4=1 X4=1 Z4=1 C4=1 R4=1 S4=1 Y3=1 X3=1 Z3=1 C3=1 R3=1 S3=1 Y2=1 X2=1 Z2=1 C2=1 R2=1 S2=1 Y1=1 X1=1 Z1=1 C1=1 R1=1 S1=1 Y0=1 X0=1 Z0=1 C0=1 R0=1 S0=1] WRegister[P=1 Q=1 Z7=1 C7=2 R7=3 S7=1 Y6=1 X6=1 Z6=1 C6=1 R6=1 S6=1 Y5=1 X5=1 Z5=1 C5=1 R5=3 S5=1 Y4=1 X4=1 Z4=1 C4=1 R4=3 S4=1 Y3=1 X3=1 Z3=1 C3=1 R3=3 S3=1 Y2=1 X2=1 Z2=1 C2=1 R2=3 S2=1 Y1=1 X1=1 Z1=1 C1=1 R1=1 S1=1 Y0=1 X0=1 Z0=1 C0=1 R0=5 S0=1] IntermediateRegister[P=1 Q=1 Z7=1 C7=1 R7=1 S7=1 Y6=1 X6=1 Z6=1 C6=1 R6=1 S6=1 Y5=1 X5=1 Z5=1 C5=1 R5=1 S5=1 Y4=1 X4=1 Z4=1 C4=1 R4=1 S4=1 Y3=1 X3=1 Z3=1 C3=1 R3=1 S3=1 Y2=1 X2=1 Z2=1 C2=1 R2=1 S2=1 Y1=1 X1=1 Z1=1 C1=1 R1=1 S1=1 Y0=1 X0=1 Z0=1 C0=1 R0=1 S0=1] OutRegister[P=1 Q=1 Z7=1 C7=1 R7=1 S7=1 Y6=1 X6=1 Z6=1 C6=1 R6=1 S6=1 Y5=1 X5=1 Z5=1 C5=1 R5=1 S5=1 Y4=1 X4=1 Z4=1 C4=1 R4=1 S4=1 Y3=1 X3=1 Z3=1 C3=1 R3=1 S3=1 Y2=1 X2=1 Z2=1 C2=1 R2=1 S2=1 Y1=1 X1=1 Z1=1 C1=1 R1=1 S1=1 Y0=1 X0=1 Z0=1 C0=1 R0=1 S0=1] Compute] 
fsrcnn_8layer_2026-02-25T17:14:30.779130,fsrcnn,8layer,full,8,eyeriss,thesis_arch,1056,524,128,128,128,120,False,True,,3.368e+04,1.889e+07,6.56e+05,"(31557100392, 12312518400)",1.0943155036348858e-05,0.12408113479614258,DRAM[P=540 Q=8 Z7=1 C7=1 R7=1 S7=1 Y6=540 X6=8 Z6=1 C6=1 R6=1 S6=1 Y5=540 X5=8 Z5=1 C5=1 R5=1 S5=1 Y4=540 X4=8 Z4=1 C4=1 R4=1 S4=1 Y3=540 X3=8 Z3=1 C3=1 R3=1 S3=1 Y2=540 X2=8 Z2=1 C2=1 R2=1 S2=1 Y1=540 X1=8 Z1=1 C1=1 R1=1 S1=1 Y0=540 X0=8 Z0=1 C0=1 R0=1 S0=1] GlobalBuffer[P=1 Q=15 Z7=1 C7=1 R7=1 S7=1 Y6=1 X6=60 Z6=1 C6=1 R6=1 S6=1 Y5=1 X5=12 Z5=1 C5=1 R5=1 S5=1 Y4=1 X4=12 Z4=1 C4=1 R4=1 S4=1 Y3=1 X3=12 Z3=1 C3=1 R3=1 S3=1 Y2=1 X2=12 Z2=1 C2=1 R2=1 S2=1 Y1=1 X1=12 Z1=1 C1=1 R1=1 S1=1 Y0=1 X0=60 Z0=1 C0=1 R0=1 S0=1] SACols[Q=8 Z7=16] SARows[S7=3 C7=28 Z7=1] SACols_6[X6=2 Z6=56] SARows_6[S6=1 C6=12 Z6=1] SACols_5[X5=10 Z5=12] SARows_5[S5=3 C5=12 Z5=1] SACols_4[X4=10 Z4=12] SARows_4[S4=3 C4=12 Z4=1] SACols_3[X3=10 Z3=12] SARows_3[S3=3 C3=12 Z3=1] SACols_2[X2=10 Z2=12] SARows_2[S2=3 C2=12 Z2=1] SACols_1[X1=10 Z1=12] SARows_1[S1=1 C1=56 Z1=1] SACols_0[X0=2 Z0=56] SARows_0[S0=5 C0=3 Z0=1] InRegister[P=1 Q=1 Z7=1 C7=1 R7=1 S7=1 Y6=1 X6=1 Z6=1 C6=1 R6=1 S6=1 Y5=1 X5=1 Z5=1 C5=1 R5=1 S5=1 Y4=1 X4=1 Z4=1 C4=1 R4=1 S4=1 Y3=1 X3=1 Z3=1 C3=1 R3=1 S3=1 Y2=1 X2=1 Z2=1 C2=1 R2=1 S2=1 Y1=1 X1=1 Z1=1 C1=1 R1=1 S1=1 Y0=1 X0=1 Z0=1 C0=1 R0=1 S0=1] WRegister[P=1 Q=1 Z7=1 C7=2 R7=3 S7=1 Y6=1 X6=1 Z6=1 C6=1 R6=1 S6=1 Y5=1 X5=1 Z5=1 C5=1 R5=3 S5=1 Y4=1 X4=1 Z4=1 C4=1 R4=3 S4=1 Y3=1 X3=1 Z3=1 C3=1 R3=3 S3=1 Y2=1 X2=1 Z2=1 C2=1 R2=3 S2=1 Y1=1 X1=1 Z1=1 C1=1 R1=1 S1=1 Y0=1 X0=1 Z0=1 C0=1 R0=5 S0=1] IntermediateRegister[P=1 Q=1 Z7=1 C7=1 R7=1 S7=1 Y6=1 X6=1 Z6=1 C6=1 R6=1 S6=1 Y5=1 X5=1 Z5=1 C5=1 R5=1 S5=1 Y4=1 X4=1 Z4=1 C4=1 R4=1 S4=1 Y3=1 X3=1 Z3=1 C3=1 R3=1 S3=1 Y2=1 X2=1 Z2=1 C2=1 R2=1 S2=1 Y1=1 X1=1 Z1=1 C1=1 R1=1 S1=1 Y0=1 X0=1 Z0=1 C0=1 R0=1 S0=1] OutRegister[P=1 Q=1 Z7=1 C7=1 R7=1 S7=1 Y6=1 X6=1 Z6=1 C6=1 R6=1 S6=1 Y5=1 X5=1 Z5=1 C5=1 R5=1 S5=1 Y4=1 X4=1 Z4=1 C4=1 R4=1 S4=1 Y3=1 X3=1 Z3=1 C3=1 R3=1 S3=1 Y2=1 X2=1 Z2=1 C2=1 R2=1 S2=1 Y1=1 X1=1 Z1=1 C1=1 R1=1 S1=1 Y0=1 X0=1 Z0=1 C0=1 R0=1 S0=1] Compute] 
fsrcnn_8layer_2026-02-25T17:14:31.173199,fsrcnn,8layer,full,8,eyeriss,thesis_arch,1056,524,128,256,4,120,False,True,,3.368e+04,1.944e+07,6.68e+05,"(31557100392, 12312518400)",0.0073438270306525055,0.11880970001220703,DRAM[P=540 Q=8 Z7=1 C7=1 R7=1 S7=1 Y6=540 X6=8 Z6=1 C6=1 R6=1 S6=1 Y5=540 X5=8 Z5=1 C5=1 R5=1 S5=1 Y4=540 X4=8 Z4=1 C4=1 R4=1 S4=1 Y3=540 X3=8 Z3=1 C3=1 R3=1 S3=1 Y2=540 X2=8 Z2=1 C2=1 R2=1 S2=1 Y1=540 X1=8 Z1=1 C1=1 R1=1 S1=1 Y0=540 X0=8 Z0=1 C0=1 R0=1 S0=1] GlobalBuffer[P=1 Q=120 Z7=1 C7=1 R7=1 S7=1 Y6=1 X6=120 Z6=1 C6=1 R6=1 S6=1 Y5=1 X5=120 Z5=1 C5=1 R5=1 S5=1 Y4=1 X4=120 Z4=1 C4=1 R4=1 S4=1 Y3=1 X3=120 Z3=1 C3=1 R3=1 S3=1 Y2=1 X2=120 Z2=1 C2=1 R2=1 S2=1 Y1=1 X1=120 Z1=1 C1=1 R1=1 S1=1 Y0=1 X0=120 Z0=1 C0=1 R0=1 S0=1] SACols[Q=1 Z7=4] SARows[S7=3 C7=56 Z7=1] SACols_6[X6=1 Z6=4] SARows_6[S6=1 C6=12 Z6=14] SACols_5[X5=1 Z5=4] SARows_5[S5=3 C5=12 Z5=3] SACols_4[X4=1 Z4=4] SARows_4[S4=3 C4=12 Z4=3] SACols_3[X3=1 Z3=4] SARows_3[S3=3 C3=12 Z3=3] SACols_2[X2=1 Z2=4] SARows_2[S2=3 C2=12 Z2=3] SACols_1[X1=1 Z1=4] SARows_1[S1=1 C1=56 Z1=3] SACols_0[X0=1 Z0=4] SARows_0[S0=5 C0=3 Z0=14] InRegister[P=1 Q=1 Z7=1 C7=1 R7=1 S7=1 Y6=1 X6=1 Z6=1 C6=1 R6=1 S6=1 Y5=1 X5=1 Z5=1 C5=1 R5=1 S5=1 Y4=1 X4=1 Z4=1 C4=1 R4=1 S4=1 Y3=1 X3=1 Z3=1 C3=1 R3=1 S3=1 Y2=1 X2=1 Z2=1 C2=1 R2=1 S2=1 Y1=1 X1=1 Z1=1 C1=1 R1=1 S1=1 Y0=1 X0=1 Z0=1 C0=1 R0=1 S0=1] WRegister[P=1 Q=1 Z7=1 C7=1 R7=3 S7=1 Y6=1 X6=1 Z6=1 C6=1 R6=1 S6=1 Y5=1 X5=1 Z5=1 C5=1 R5=3 S5=1 Y4=1 X4=1 Z4=1 C4=1 R4=3 S4=1 Y3=1 X3=1 Z3=1 C3=1 R3=3 S3=1 Y2=1 X2=1 Z2=1 C2=1 R2=3 S2=1 Y1=1 X1=1 Z1=1 C1=1 R1=1 S1=1 Y0=1 X0=1 Z0=1 C0=1 R0=5 S0=1] IntermediateRegister[P=1 Q=1 Z7=1 C7=1 R7=1 S7=1 Y6=1 X6=1 Z6=1 C6=1 R6=1 S6=1 Y5=1 X5=1 Z5=1 C5=1 R5=1 S5=1 Y4=1 X4=1 Z4=1 C4=1 R4=1 S4=1 Y3=1 X3=1 Z3=1 C3=1 R3=1 S3=1 Y2=1 X2=1 Z2=1 C2=1 R2=1 S2=1 Y1=1 X1=1 Z1=1 C1=1 R1=1 S1=1 Y0=1 X0=1 Z0=1 C0=1 R0=1 S0=1] OutRegister[P=1 Q=1 Z7=4 C7=1 R7=1 S7=1 Y6=1 X6=1 Z6=1 C6=1 R6=1 S6=1 Y5=1 X5=1 Z5=1 C5=1 R5=1 S5=1 Y4=1 X4=1 Z4=1 C4=1 R4=1 S4=1 Y3=1 X3=1 Z3=1 C3=1 R3=1 S3=1 Y2=1 X2=1 Z2=1 C2=1 R2=1 S2=1 Y1=1 X1=1 Z1=1 C1=1 R1=1 S1=1 Y0=1 X0=1 Z0=1 C0=1 R0=1 S0=1] Compute] 
fsrcnn_8layer_2026-02-25T17:14:31.667463,fsrcnn,8layer,full,8,eyeriss,thesis_arch,1056,524,128,256,16,120,False,True,,3.368e+04,1.918e+07,6.67e+05,"(31557100392, 12312518400)",4.482316302888492e-07,0.11787700653076172,DRAM[P=540 Q=8 Z7=1 C7=1 R7=1 S7=1 Y6=540 X6=8 Z6=1 C6=1 R6=1 S6=1 Y5=540 X5=8 Z5=1 C5=1 R5=1 S5=1 Y4=540 X4=8 Z4=1 C4=1 R4=1 S4=1 Y3=540 X3=8 Z3=1 C3=1 R3=1 S3=1 Y2=540 X2=8 Z2=1 C2=1 R2=1 S2=1 Y1=540 X1=8 Z1=1 C1=1 R1=1 S1=1 Y0=540 X0=8 Z0=1 C0=1 R0=1 S0=1] GlobalBuffer[P=1 Q=120 Z7=1 C7=1 R7=1 S7=1 Y6=1 X6=120 Z6=1 C6=1 R6=1 S6=1 Y5=1 X5=120 Z5=1 C5=1 R5=1 S5=1 Y4=1 X4=120 Z4=1 C4=1 R4=1 S4=1 Y3=1 X3=120 Z3=1 C3=1 R3=1 S3=1 Y2=1 X2=120 Z2=1 C2=1 R2=1 S2=1 Y1=1 X1=120 Z1=1 C1=1 R1=1 S1=1 Y0=1 X0=120 Z0=1 C0=1 R0=1 S0=1] SACols[Q=1 Z7=16] SARows[S7=3 C7=56 Z7=1] SACols_6[X6=1 Z6=14] SARows_6[S6=1 C6=12 Z6=4] SACols_5[X5=1 Z5=12] SARows_5[S5=3 C5=12 Z5=1] SACols_4[X4=1 Z4=12] SARows_4[S4=3 C4=12 Z4=1] SACols_3[X3=1 Z3=12] SARows_3[S3=3 C3=12 Z3=1] SACols_2[X2=1 Z2=12] SARows_2[S2=3 C2=12 Z2=1] SACols_1[X1=1 Z1=12] SARows_1[S1=1 C1=56 Z1=1] SACols_0[X0=1 Z0=14] SARows_0[S0=5 C0=3 Z0=4] InRegister[P=1 Q=1 Z7=1 C7=1 R7=1 S7=1 Y6=1 X6=1 Z6=1 C6=1 R6=1 S6=1 Y5=1 X5=1 Z5=1 C5=1 R5=1 S5=1 Y4=1 X4=1 Z4=1 C4=1 R4=1 S4=1 Y3=1 X3=1 Z3=1 C3=1 R3=1 S3=1 Y2=1 X2=1 Z2=1 C2=1 R2=1 S2=1 Y1=1 X1=1 Z1=1 C1=1 R1=1 S1=1 Y0=1 X0=1 Z0=1 C0=1 R0=1 S0=1] WRegister[P=1 Q=1 Z7=1 C7=1 R7=3 S7=1 Y6=1 X6=1 Z6=1 C6=1 R6=1 S6=1 Y5=1 X5=1 Z5=1 C5=1 R5=3 S5=1 Y4=1 X4=1 Z4=1 C4=1 R4=3 S4=1 Y3=1 X3=1 Z3=1 C3=1 R3=3 S3=1 Y2=1 X2=1 Z2=1 C2=1 R2=3 S2=1 Y1=1 X1=1 Z1=1 C1=1 R1=1 S1=1 Y0=1 X0=1 Z0=1 C0=1 R0=5 S0=1] IntermediateRegister[P=1 Q=1 Z7=1 C7=1 R7=1 S7=1 Y6=1 X6=1 Z6=1 C6=1 R6=1 S6=1 Y5=1 X5=1 Z5=1 C5=1 R5=1 S5=1 Y4=1 X4=1 Z4=1 C4=1 R4=1 S4=1 Y3=1 X3=1 Z3=1 C3=1 R3=1 S3=1 Y2=1 X2=1 Z2=1 C2=1 R2=1 S2=1 Y1=1 X1=1 Z1=1 C1=1 R1=1 S1=1 Y0=1 X0=1 Z0=1 C0=1 R0=1 S0=1] OutRegister[P=1 Q=1 Z7=1 C7=1 R7=1 S7=1 Y6=1 X6=1 Z6=1 C6=1 R6=1 S6=1 Y5=1 X5=1 Z5=1 C5=1 R5=1 S5=1 Y4=1 X4=1 Z4=1 C4=1 R4=1 S4=1 Y3=1 X3=1 Z3=1 C3=1 R3=1 S3=1 Y2=1 X2=1 Z2=1 C2=1 R2=1 S2=1 Y1=1 X1=1 Z1=1 C1=1 R1=1 S1=1 Y0=1 X0=1 Z0=1 C0=1 R0=1 S0=1] Compute] 
fsrcnn_8layer_2026-02-25T17:14:32.133014,fsrcnn,8layer,full,8,eyeriss,thesis_arch,1056,524,128,256,32,120,False,True,,3.368e+04,1.918e+07,6.67e+05,"(31557100392, 12312518400)",1.120579075722123e-07,0.11115097999572754,DRAM[P=540 Q=8 Z7=1 C7=1 R7=1 S7=1 Y6=540 X6=8 Z6=1 C6=1 R6=1 S6=1 Y5=540 X5=8 Z5=1 C5=1 R5=1 S5=1 Y4=540 X4=8 Z4=1 C4=1 R4=1 S4=1 Y3=540 X3=8 Z3=1 C3=1 R3=1 S3=1 Y2=540 X2=8 Z2=1 C2=1 R2=1 S2=1 Y1=540 X1=8 Z1=1 C1=1 R1=1 S1=1 Y0=540 X0=8 Z0=1 C0=1 R0=1 S0=1] GlobalBuffer[P=1 Q=60 Z7=1 C7=1 R7=1 S7=1 Y6=1 X6=120 Z6=1 C6=1 R6=1 S6=1 Y5=1 X5=60 Z5=1 C5=1 R5=1 S5=1 Y4=1 X4=60 Z4=1 C4=1 R4=1 S4=1 Y3=1 X3=60 Z3=1 C3=1 R3=1 S3=1 Y2=1 X2=60 Z2=1 C2=1 R2=1 S2=1 Y1=1 X1=60 Z1=1 C1=1 R1=1 S1=1 Y0=1 X0=120 Z0=1 C0=1 R0=1 S0=1] SACols[Q=2 Z7=16] SARows[S7=3 C7=56 Z7=1] SACols_6[X6=1 Z6=28] SARows_6[S6=1 C6=12 Z6=2] SACols_5[X5=2 Z5=12] SARows_5[S5=3 C5=12 Z5=1] SACols_4[X4=2 Z4=12] SARows_4[S4=3 C4=12 Z4=1] SACols_3[X3=2 Z3=12] SARows_3[S3=3 C3=12 Z3=1] SACols_2[X2=2 Z2=12] SARows_2[S2=3 C2=12 Z2=1] SACols_1[X1=2 Z1=12] SARows_1[S1=1 C1=56 Z1=1] SACols_0[X0=1 Z0=28] SARows_0[S0=5 C0=3 Z0=2] InRegister[P=1 Q=1 Z7=1 C7=1 R7=1 S7=1 Y6=1 X6=1 Z6=1 C6=1 R6=1 S6=1 Y5=1 X5=1 Z5=1 C5=1 R5=1 S5=1 Y4=1 X4=1 Z4=1 C4=1 R4=1 S4=1 Y3=1 X3=1 Z3=1 C3=1 R3=1 S3=1 Y2=1 X2=1 Z2=1 C2=1 R2=1 S2=1 Y1=1 X1=1 Z1=1 C1=1 R1=1 S1=1 Y0=1 X0=1 Z0=1 C0=1 R0=1 S0=1] WRegister[P=1 Q=1 Z7=1 C7=1 R7=3 S7=1 Y6=1 X6=1 Z6=1 C6=1 R6=1 S6=1 Y5=1 X5=1 Z5=1 C5=1 R5=3 S5=1 Y4=1 X4=1 Z4=1 C4=1 R4=3 S4=1 Y3=1 X3=1 Z3=1 C3=1 R3=3 S3=1 Y2=1 X2=1 Z2=1 C2=1 R2=3 S2=1 Y1=1 X1=1 Z1=1 C1=1 R1=1 S1=1 Y0=1 X0=1 Z0=1 C0=1 R0=5 S0=1] IntermediateRegister[P=1 Q=1 Z7=1 C7=1 R7=1 S7=1 Y6=1 X6=1 Z6=1 C6=1 R6=1 S6=1 Y5=1 X5=1 Z5=1 C5=1 R5=1 S5=1 Y4=1 X4=1 Z4=1 C4=1 R4=1 S4=1 Y3=1 X3=1 Z3=1 C3=1 R3=1 S3=1 Y2=1 X2=1 Z2=1 C2=1 R2=1 S2=1 Y1=1 X1=1 Z1=1 C1=1 R1=1 S1=1 Y0=1 X0=1 Z0=1 C0=1 R0=1 S0=1] OutRegister[P=1 Q=1 Z7=1 C7=1 R7=1 S7=1 Y6=1 X6=1 Z6=1 C6=1 R6=1 S6=1 Y5=1 X5=1 Z5=1 C5=1 R5=1 S5=1 Y4=1 X4=1 Z4=1 C4=1 R4=1 S4=1 Y3=1 X3=1 Z3=1 C3=1 R3=1 S3=1 Y2=1 X2=1 Z2=1 C2=1 R2=1 S2=1 Y1=1 X1=1 Z1=1 C1=1 R1=1 S1=1 Y0=1 X0=1 Z0=1 C0=1 R0=1 S0=1] Compute] 
fsrcnn_8layer_2026-02-25T17:14:32.516867,fsrcnn,8layer,full,8,eyeriss,thesis_arch,1056,524,128,256,64,120,False,True,,3.368e+04,1.918e+07,6.67e+05,"(31557100392, 12312518400)",8.549339872147545e-08,0.16578125953674316,DRAM[P=540 Q=8 Z7=1 C7=1 R7=1 S7=1 Y6=540 X6=8 Z6=1 C6=1 R6=1 S6=1 Y5=540 X5=8 Z5=1 C5=1 R5=1 S5=1 Y4=540 X4=8 Z4=1 C4=1 R4=1 S4=1 Y3=540 X3=8 Z3=1 C3=1 R3=1 S3=1 Y2=540 X2=8 Z2=1 C2=1 R2=1 S2=1 Y1=540 X1=8 Z1=1 C1=1 R1=1 S1=1 Y0=540 X0=8 Z0=1 C0=1 R0=1 S0=1] GlobalBuffer[P=1 Q=30 Z7=1 C7=1 R7=1 S7=1 Y6=1 X6=120 Z6=1 C6=1 R6=1 S6=1 Y5=1 X5=24 Z5=1 C5=1 R5=1 S5=1 Y4=1 X4=24 Z4=1 C4=1 R4=1 S4=1 Y3=1 X3=24 Z3=1 C3=1 R3=1 S3=1 Y2=1 X2=24 Z2=1 C2=1 R2=1 S2=1 Y1=1 X1=24 Z1=1 C1=1 R1=1 S1=1 Y0=1 X0=120 Z0=1 C0=1 R0=1 S0=1] SACols[Q=4 Z7=16] SARows[S7=3 C7=56 Z7=1] SACols_6[X6=1 Z6=56] SARows_6[S6=1 C6=12 Z6=1] SACols_5[X5=5 Z5=12] SARows_5[S5=3 C5=12 Z5=1] SACols_4[X4=5 Z4=12] SARows_4[S4=3 C4=12 Z4=1] SACols_3[X3=5 Z3=12] SARows_3[S3=3 C3=12 Z3=1] SACols_2[X2=5 Z2=12] SARows_2[S2=3 C2=12 Z2=1] SACols_1[X1=5 Z1=12] SARows_1[S1=1 C1=56 Z1=1] SACols_0[X0=1 Z0=56] SARows_0[S0=5 C0=3 Z0=1] InRegister[P=1 Q=1 Z7=1 C7=1 R7=1 S7=1 Y6=1 X6=1 Z6=1 C6=1 R6=1 S6=1 Y5=1 X5=1 Z5=1 C5=1 R5=1 S5=1 Y4=1 X4=1 Z4=1 C4=1 R4=1 S4=1 Y3=1 X3=1 Z3=1 C3=1 R3=1 S3=1 Y2=1 X2=1 Z2=1 C2=1 R2=1 S2=1 Y1=1 X1=1 Z1=1 C1=1 R1=1 S1=1 Y0=1 X0=1 Z0=1 C0=1 R0=1 S0=1] WRegister[P=1 Q=1 Z7=1 C7=1 R7=3 S7=1 Y6=1 X6=1 Z6=1 C6=1 R6=1 S6=1 Y5=1 X5=1 Z5=1 C5=1 R5=3 S5=1 Y4=1 X4=1 Z4=1 C4=1 R4=3 S4=1 Y3=1 X3=1 Z3=1 C3=1 R3=3 S3=1 Y2=1 X2=1 Z2=1 C2=1 R2=3 S2=1 Y1=1 X1=1 Z1=1 C1=1 R1=1 S1=1 Y0=1 X0=1 Z0=1 C0=1 R0=5 S0=1] IntermediateRegister[P=1 Q=1 Z7=1 C7=1 R7=1 S7=1 Y6=1 X6=1 Z6=1 C6=1 R6=1 S6=1 Y5=1 X5=1 Z5=1 C5=1 R5=1 S5=1 Y4=1 X4=1 Z4=1 C4=1 R4=1 S4=1 Y3=1 X3=1 Z3=1 C3=1 R3=1 S3=1 Y2=1 X2=1 Z2=1 C2=1 R2=1 S2=1 Y1=1 X1=1 Z1=1 C1=1 R1=1 S1=1 Y0=1 X0=1 Z0=1 C0=1 R0=1 S0=1] OutRegister[P=1 Q=1 Z7=1 C7=1 R7=1 S7=1 Y6=1 X6=1 Z6=1 C6=1 R6=1 S6=1 Y5=1 X5=1 Z5=1 C5=1 R5=1 S5=1 Y4=1 X4=1 Z4=1 C4=1 R4=1 S4=1 Y3=1 X3=1 Z3=1 C3=1 R3=1 S3=1 Y2=1 X2=1 Z2=1 C2=1 R2=1 S2=1 Y1=1 X1=1 Z1=1 C1=1 R1=1 S1=1 Y0=1 X0=1 Z0=1 C0=1 R0=1 S0=1] Compute] 
fsrcnn_8layer_2026-02-25T17:14:33.048118,fsrcnn,8layer,full,8,eyeriss,thesis_arch,1056,524,128,512,4,120,False,True,,3.368e+04,1.918e+07,6.62e+05,"(31557100392, 12312518400)",5.73736486769727e-05,0.11550331115722656,DRAM[P=540 Q=8 Z7=1 C7=1 R7=1 S7=1 Y6=540 X6=8 Z6=1 C6=1 R6=1 S6=1 Y5=540 X5=8 Z5=1 C5=1 R5=1 S5=1 Y4=540 X4=8 Z4=1 C4=1 R4=1 S4=1 Y3=540 X3=8 Z3=1 C3=1 R3=1 S3=1 Y2=540 X2=8 Z2=1 C2=1 R2=1 S2=1 Y1=540 X1=8 Z1=1 C1=1 R1=1 S1=1 Y0=540 X0=8 Z0=1 C0=1 R0=1 S0=1] GlobalBuffer[P=1 Q=120 Z7=1 C7=1 R7=1 S7=1 Y6=1 X6=120 Z6=1 C6=1 R6=1 S6=1 Y5=1 X5=120 Z5=1 C5=1 R5=1 S5=1 Y4=1 X4=120 Z4=1 C4=1 R4=1 S4=1 Y3=1 X3=120 Z3=1 C3=1 R3=1 S3=1 Y2=1 X2=120 Z2=1 C2=1 R2=1 S2=1 Y1=1 X1=120 Z1=1 C1=1 R1=1 S1=1 Y0=1 X0=120 Z0=1 C0=1 R0=1 S0=1] SACols[Q=1 Z7=4] SARows[S7=3 C7=56 Z7=2] SACols_6[X6=1 Z6=4] SARows_6[S6=1 C6=12 Z6=14] SACols_5[X5=1 Z5=4] SARows_5[S5=3 C5=12 Z5=3] SACols_4[X4=1 Z4=4] SARows_4[S4=3 C4=12 Z4=3] SACols_3[X3=1 Z3=4] SARows_3[S3=3 C3=12 Z3=3] SACols_2[X2=1 Z2=4] SARows_2[S2=3 C2=12 Z2=3] SACols_1[X1=1 Z1=4] SARows_1[S1=1 C1=56 Z1=3] SACols_0[X0=1 Z0=4] SARows_0[S0=5 C0=3 Z0=14] InRegister[P=1 Q=1 Z7=1 C7=1 R7=1 S7=1 Y6=1 X6=1 Z6=1 C6=1 R6=1 S6=1 Y5=1 X5=1 Z5=1 C5=1 R5=1 S5=1 Y4=1 X4=1 Z4=1 C4=1 R4=1 S4=1 Y3=1 X3=1 Z3=1 C3=1 R3=1 S3=1 Y2=1 X2=1 Z2=1 C2=1 R2=1 S2=1 Y1=1 X1=1 Z1=1 C1=1 R1=1 S1=1 Y0=1 X0=1 Z0=1 C0=1 R0=1 S0=1] WRegister[P=1 Q=1 Z7=1 C7=1 R7=3 S7=1 Y6=1 X6=1 Z6=1 C6=1 R6=1 S6=1 Y5=1 X5=1 Z5=1 C5=1 R5=3 S5=1 Y4=1 X4=1 Z4=1 C4=1 R4=3 S4=1 Y3=1 X3=1 Z3=1 C3=1 R3=3 S3=1 Y2=1 X2=1 Z2=1 C2=1 R2=3 S2=1 Y1=1 X1=1 Z1=1 C1=1 R1=1 S1=1 Y0=1 X0=1 Z0=1 C0=1 R0=5 S0=1] IntermediateRegister[P=1 Q=1 Z7=1 C7=1 R7=1 S7=1 Y6=1 X6=1 Z6=1 C6=1 R6=1 S6=1 Y5=1 X5=1 Z5=1 C5=1 R5=1 S5=1 Y4=1 X4=1 Z4=1 C4=1 R4=1 S4=1 Y3=1 X3=1 Z3=1 C3=1 R3=1 S3=1 Y2=1 X2=1 Z2=1 C2=1 R2=1 S2=1 Y1=1 X1=1 Z1=1 C1=1 R1=1 S1=1 Y0=1 X0=1 Z0=1 C0=1 R0=1 S0=1] OutRegister[P=1 Q=1 Z7=2 C7=1 R7=1 S7=1 Y6=1 X6=1 Z6=1 C6=1 R6=1 S6=1 Y5=1 X5=1 Z5=1 C5=1 R5=1 S5=1 Y4=1 X4=1 Z4=1 C4=1 R4=1 S4=1 Y3=1 X3=1 Z3=1 C3=1 R3=1 S3=1 Y2=1 X2=1 Z2=1 C2=1 R2=1 S2=1 Y1=1 X1=1 Z1=1 C1=1 R1=1 S1=1 Y0=1 X0=1 Z0=1 C0=1 R0=1 S0=1] Compute] 
fsrcnn_8layer_2026-02-25T17:14:33.443927,fsrcnn,8layer,full,8,eyeriss,thesis_arch,1056,524,128,512,16,120,False,True,,3.368e+04,1.918e+07,6.67e+05,"(31557100392, 12312518400)",1.7509048058158172e-09,0.10826826095581055,DRAM[P=540 Q=8 Z7=1 C7=1 R7=1 S7=1 Y6=540 X6=8 Z6=1 C6=1 R6=1 S6=1 Y5=540 X5=8 Z5=1 C5=1 R5=1 S5=1 Y4=540 X4=8 Z4=1 C4=1 R4=1 S4=1 Y3=540 X3=8 Z3=1 C3=1 R3=1 S3=1 Y2=540 X2=8 Z2=1 C2=1 R2=1 S2=1 Y1=540 X1=8 Z1=1 C1=1 R1=1 S1=1 Y0=540 X0=8 Z0=1 C0=1 R0=1 S0=1] GlobalBuffer[P=1 Q=120 Z7=1 C7=1 R7=1 S7=1 Y6=1 X6=120 Z6=1 C6=1 R6=1 S6=1 Y5=1 X5=120 Z5=1 C5=1 R5=1 S5=1 Y4=1 X4=120 Z4=1 C4=1 R4=1 S4=1 Y3=1 X3=120 Z3=1 C3=1 R3=1 S3=1 Y2=1 X2=120 Z2=1 C2=1 R2=1 S2=1 Y1=1 X1=120 Z1=1 C1=1 R1=1 S1=1 Y0=1 X0=120 Z0=1 C0=1 R0=1 S0=1] SACols[Q=1 Z7=16] SARows[S7=3 C7=56 Z7=1] SACols_6[X6=1 Z6=14] SARows_6[S6=1 C6=12 Z6=4] SACols_5[X5=1 Z5=12] SARows_5[S5=3 C5=12 Z5=1] SACols_4[X4=1 Z4=12] SARows_4[S4=3 C4=12 Z4=1] SACols_3[X3=1 Z3=12] SARows_3[S3=3 C3=12 Z3=1] SACols_2[X2=1 Z2=12] SARows_2[S2=3 C2=12 Z2=1] SACols_1[X1=1 Z1=12] SARows_1[S1=1 C1=56 Z1=1] SACols_0[X0=1 Z0=14] SARows_0[S0=5 C0=3 Z0=4] InRegister[P=1 Q=1 Z7=1 C7=1 R7=1 S7=1 Y6=1 X6=1 Z6=1 C6=1 R6=1 S6=1 Y5=1 X5=1 Z5=1 C5=1 R5=1 S5=1 Y4=1 X4=1 Z4=1 C4=1 R4=1 S4=1 Y3=1 X3=1 Z3=1 C3=1 R3=1 S3=1 Y2=1 X2=1 Z2=1 C2=1 R2=1 S2=1 Y1=1 X1=1 Z1=1 C1=1 R1=1 S1=1 Y0=1 X0=1 Z0=1 C0=1 R0=1 S0=1] WRegister[P=1 Q=1 Z7=1 C7=1 R7=3 S7=1 Y6=1 X6=1 Z6=1 C6=1 R6=1 S6=1 Y5=1 X5=1 Z5=1 C5=1 R5=3 S5=1 Y4=1 X4=1 Z4=1 C4=1 R4=3 S4=1 Y3=1 X3=1 Z3=1 C3=1 R3=3 S3=1 Y2=1 X2=1 Z2=1 C2=1 R2=3 S2=1 Y1=1 X1=1 Z1=1 C1=1 R1=1 S1=1 Y0=1 X0=1 Z0=1 C0=1 R0=5 S0=1] IntermediateRegister[P=1 Q=1 Z7=1 C7=1 R7=1 S7=1 Y6=1 X6=1 Z6=1 C6=1 R6=1 S6=1 Y5=1 X5=1 Z5=1 C5=1 R5=1 S5=1 Y4=1 X4=1 Z4=1 C4=1 R4=1 S4=1 Y3=1 X3=1 Z3=1 C3=1 R3=1 S3=1 Y2=1 X2=1 Z2=1 C2=1 R2=1 S2=1 Y1=1 X1=1 Z1=1 C1=1 R1=1 S1=1 Y0=1 X0=1 Z0=1 C0=1 R0=1 S0=1] OutRegister[P=1 Q=1 Z7=1 C7=1 R7=1 S7=1 Y6=1 X6=1 Z6=1 C6=1 R6=1 S6=1 Y5=1 X5=1 Z5=1 C5=1 R5=1 S5=1 Y4=1 X4=1 Z4=1 C4=1 R4=1 S4=1 Y3=1 X3=1 Z3=1 C3=1 R3=1 S3=1 Y2=1 X2=1 Z2=1 C2=1 R2=1 S2=1 Y1=1 X1=1 Z1=1 C1=1 R1=1 S1=1 Y0=1 X0=1 Z0=1 C0=1 R0=1 S0=1] Compute] 
fsrcnn_8layer_2026-02-25T17:14:33.838923,fsrcnn,8layer,full,8,eyeriss,thesis_arch,1056,524,128,512,32,120,False,True,,3.368e+04,1.918e+07,6.67e+05,"(31557100392, 12312518400)",4.377262014539543e-10,0.11978840827941895,DRAM[P=540 Q=8 Z7=1 C7=1 R7=1 S7=1 Y6=540 X6=8 Z6=1 C6=1 R6=1 S6=1 Y5=540 X5=8 Z5=1 C5=1 R5=1 S5=1 Y4=540 X4=8 Z4=1 C4=1 R4=1 S4=1 Y3=540 X3=8 Z3=1 C3=1 R3=1 S3=1 Y2=540 X2=8 Z2=1 C2=1 R2=1 S2=1 Y1=540 X1=8 Z1=1 C1=1 R1=1 S1=1 Y0=540 X0=8 Z0=1 C0=1 R0=1 S0=1] GlobalBuffer[P=1 Q=60 Z7=1 C7=1 R7=1 S7=1 Y6=1 X6=120 Z6=1 C6=1 R6=1 S6=1 Y5=1 X5=60 Z5=1 C5=1 R5=1 S5=1 Y4=1 X4=60 Z4=1 C4=1 R4=1 S4=1 Y3=1 X3=60 Z3=1 C3=1 R3=1 S3=1 Y2=1 X2=60 Z2=1 C2=1 R2=1 S2=1 Y1=1 X1=60 Z1=1 C1=1 R1=1 S1=1 Y0=1 X0=120 Z0=1 C0=1 R0=1 S0=1] SACols[Q=2 Z7=16] SARows[S7=3 C7=56 Z7=1] SACols_6[X6=1 Z6=28] SARows_6[S6=1 C6=12 Z6=2] SACols_5[X5=2 Z5=12] SARows_5[S5=3 C5=12 Z5=1] SACols_4[X4=2 Z4=12] SARows_4[S4=3 C4=12 Z4=1] SACols_3[X3=2 Z3=12] SARows_3[S3=3 C3=12 Z3=1] SACols_2[X2=2 Z2=12] SARows_2[S2=3 C2=12 Z2=1] SACols_1[X1=2 Z1=12] SARows_1[S1=1 C1=56 Z1=1] SACols_0[X0=1 Z0=28] SARows_0[S0=5 C0=3 Z0=2] InRegister[P=1 Q=1 Z7=1 C7=1 R7=1 S7=1 Y6=1 X6=1 Z6=1 C6=1 R6=1 S6=1 Y5=1 X5=1 Z5=1 C5=1 R5=1 S5=1 Y4=1 X4=1 Z4=1 C4=1 R4=1 S4=1 Y3=1 X3=1 Z3=1 C3=1 R3=1 S3=1 Y2=1 X2=1 Z2=1 C2=1 R2=1 S2=1 Y1=1 X1=1 Z1=1 C1=1 R1=1 S1=1 Y0=1 X0=1 Z0=1 C0=1 R0=1 S0=1] WRegister[P=1 Q=1 Z7=1 C7=1 R7=3 S7=1 Y6=1 X6=1 Z6=1 C6=1 R6=1 S6=1 Y5=1 X5=1 Z5=1 C5=1 R5=3 S5=1 Y4=1 X4=1 Z4=1 C4=1 R4=3 S4=1 Y3=1 X3=1 Z3=1 C3=1 R3=3 S3=1 Y2=1 X2=1 Z2=1 C2=1 R2=3 S2=1 Y1=1 X1=1 Z1=1 C1=1 R1=1 S1=1 Y0=1 X0=1 Z0=1 C0=1 R0=5 S0=1] IntermediateRegister[P=1 Q=1 Z7=1 C7=1 R7=1 S7=1 Y6=1 X6=1 Z6=1 C6=1 R6=1 S6=1 Y5=1 X5=1 Z5=1 C5=1 R5=1 S5=1 Y4=1 X4=1 Z4=1 C4=1 R4=1 S4=1 Y3=1 X3=1 Z3=1 C3=1 R3=1 S3=1 Y2=1 X2=1 Z2=1 C2=1 R2=1 S2=1 Y1=1 X1=1 Z1=1 C1=1 R1=1 S1=1 Y0=1 X0=1 Z0=1 C0=1 R0=1 S0=1] OutRegister[P=1 Q=1 Z7=1 C7=1 R7=1 S7=1 Y6=1 X6=1 Z6=1 C6=1 R6=1 S6=1 Y5=1 X5=1 Z5=1 C5=1 R5=1 S5=1 Y4=1 X4=1 Z4=1 C4=1 R4=1 S4=1 Y3=1 X3=1 Z3=1 C3=1 R3=1 S3=1 Y2=1 X2=1 Z2=1 C2=1 R2=1 S2=1 Y1=1 X1=1 Z1=1 C1=1 R1=1 S1=1 Y0=1 X0=1 Z0=1 C0=1 R0=1 S0=1] Compute] 
