experiment_id,workload_name,workload_variant,fusion_level,num_fused_layers,arch_type,arch_name,fmem_size_kB,wmem_size_kB,gb_size_kB,pe_rows,pe_cols,tile_size,scale_bandwidth,success,error_message,energy_uJ,latency_cycles,edp,mops,utilization,mapping_time_s,mapping
resnet18_17layer_2026-02-21T06:59:41.522988,resnet18,17layer,full,17,eyeriss,thesis_arch,1056,524,128,4,4,7,False,False,"Arch: Eyeriss_Constrained_17L_tile7_4x4 -> Level: SARows_0: Failed to fit comp to arch because the level's constraint (S0: 4) does not divide comp dimension S0 (7) exactly. To compensate, consider setting 'Settings.PADDED_MAPPINGS' to True.",0.000e+00,0.000e+00,0.00e+00,0,0.0,0.0,
resnet18_17layer_2026-02-21T06:59:42.743781,resnet18,17layer,full,17,eyeriss,thesis_arch,1056,524,128,4,16,7,False,False,"Arch: Eyeriss_Constrained_17L_tile7_16x4 -> Level: SARows_0: Failed to fit comp to arch because the level's constraint (S0: 4) does not divide comp dimension S0 (7) exactly. To compensate, consider setting 'Settings.PADDED_MAPPINGS' to True.",0.000e+00,0.000e+00,0.00e+00,0,0.0,0.0,
resnet18_17layer_2026-02-21T06:59:43.621470,resnet18,17layer,full,17,eyeriss,thesis_arch,1056,524,128,4,32,7,False,False,"Arch: Eyeriss_Constrained_17L_tile7_32x4 -> Level: SARows_0: Failed to fit comp to arch because the level's constraint (S0: 4) does not divide comp dimension S0 (7) exactly. To compensate, consider setting 'Settings.PADDED_MAPPINGS' to True.",0.000e+00,0.000e+00,0.00e+00,0,0.0,0.0,
resnet18_17layer_2026-02-21T06:59:44.200907,resnet18,17layer,full,17,eyeriss,thesis_arch,1056,524,128,4,64,7,False,False,"Arch: Eyeriss_Constrained_17L_tile7_64x4 -> Level: SARows_0: Failed to fit comp to arch because the level's constraint (S0: 4) does not divide comp dimension S0 (7) exactly. To compensate, consider setting 'Settings.PADDED_MAPPINGS' to True.",0.000e+00,0.000e+00,0.00e+00,0,0.0,0.0,
resnet18_17layer_2026-02-21T06:59:44.767635,resnet18,17layer,full,17,eyeriss,thesis_arch,1056,524,128,4,128,7,False,False,"Arch: Eyeriss_Constrained_17L_tile7_128x4 -> Level: SARows_0: Failed to fit comp to arch because the level's constraint (S0: 4) does not divide comp dimension S0 (7) exactly. To compensate, consider setting 'Settings.PADDED_MAPPINGS' to True.",0.000e+00,0.000e+00,0.00e+00,0,0.0,0.0,
resnet18_17layer_2026-02-21T06:59:45.230648,resnet18,17layer,full,17,eyeriss,thesis_arch,1056,524,128,4,256,7,False,False,"Arch: Eyeriss_Constrained_17L_tile7_256x4 -> Level: SARows_0: Failed to fit comp to arch because the level's constraint (S0: 4) does not divide comp dimension S0 (7) exactly. To compensate, consider setting 'Settings.PADDED_MAPPINGS' to True.",0.000e+00,0.000e+00,0.00e+00,0,0.0,0.0,
resnet18_17layer_2026-02-21T06:59:45.832534,resnet18,17layer,full,17,eyeriss,thesis_arch,1056,524,128,4,512,7,False,False,"Arch: Eyeriss_Constrained_17L_tile7_512x4 -> Level: SARows_0: Failed to fit comp to arch because the level's constraint (S0: 4) does not divide comp dimension S0 (7) exactly. To compensate, consider setting 'Settings.PADDED_MAPPINGS' to True.",0.000e+00,0.000e+00,0.00e+00,0,0.0,0.0,
resnet18_17layer_2026-02-21T06:59:46.727399,resnet18,17layer,full,17,eyeriss,thesis_arch,1056,524,128,16,4,7,False,False,"Ill-posed constraints:
CONSTRAINTS VIOLATION: Arch: Eyeriss_Constrained_17L_tile7_4x16 -> Level: InRegister: memory footprint: 2584 VS memory available: 400
CONSTRAINTS VIOLATION: Arch: Eyeriss_Constrained_17L_tile7_4x16 -> Level: WRegister: memory footprint: 229032 VS memory available: 4000
CONSTRAINTS VIOLATION: Arch: Eyeriss_Constrained_17L_tile7_4x16 -> Level: IntermediateRegister: memory footprint: 840 VS memory available: 50
CONSTRAINTS VIOLATION: Arch: Eyeriss_Constrained_17L_tile7_4x16 -> Level: OutRegister: memory footprint: 128 VS memory available: 64",0.000e+00,0.000e+00,0.00e+00,0,0.0,0.0,
resnet18_17layer_2026-02-21T06:59:47.428239,resnet18,17layer,full,17,eyeriss,thesis_arch,1056,524,128,16,16,7,False,False,"Ill-posed constraints:
CONSTRAINTS VIOLATION: Arch: Eyeriss_Constrained_17L_tile7_16x16 -> Level: InRegister: memory footprint: 2584 VS memory available: 400
CONSTRAINTS VIOLATION: Arch: Eyeriss_Constrained_17L_tile7_16x16 -> Level: WRegister: memory footprint: 57258 VS memory available: 4000
CONSTRAINTS VIOLATION: Arch: Eyeriss_Constrained_17L_tile7_16x16 -> Level: IntermediateRegister: memory footprint: 210 VS memory available: 50",0.000e+00,0.000e+00,0.00e+00,0,0.0,0.0,
resnet18_17layer_2026-02-21T06:59:48.213743,resnet18,17layer,full,17,eyeriss,thesis_arch,1056,524,128,16,32,7,False,False,"Ill-posed constraints:
CONSTRAINTS VIOLATION: Arch: Eyeriss_Constrained_17L_tile7_32x16 -> Level: InRegister: memory footprint: 2584 VS memory available: 400
CONSTRAINTS VIOLATION: Arch: Eyeriss_Constrained_17L_tile7_32x16 -> Level: WRegister: memory footprint: 28629 VS memory available: 4000
CONSTRAINTS VIOLATION: Arch: Eyeriss_Constrained_17L_tile7_32x16 -> Level: IntermediateRegister: memory footprint: 105 VS memory available: 50",0.000e+00,0.000e+00,0.00e+00,0,0.0,0.0,
resnet18_17layer_2026-02-21T06:59:49.115633,resnet18,17layer,full,17,eyeriss,thesis_arch,1056,524,128,16,64,7,False,False,"Ill-posed constraints:
CONSTRAINTS VIOLATION: Arch: Eyeriss_Constrained_17L_tile7_64x16 -> Level: InRegister: memory footprint: 2584 VS memory available: 400
CONSTRAINTS VIOLATION: Arch: Eyeriss_Constrained_17L_tile7_64x16 -> Level: WRegister: memory footprint: 14325 VS memory available: 4000
CONSTRAINTS VIOLATION: Arch: Eyeriss_Constrained_17L_tile7_64x16 -> Level: IntermediateRegister: memory footprint: 53 VS memory available: 50",0.000e+00,0.000e+00,0.00e+00,0,0.0,0.0,
resnet18_17layer_2026-02-21T06:59:49.990747,resnet18,17layer,full,17,eyeriss,thesis_arch,1056,524,128,16,128,7,False,False,"Ill-posed constraints:
CONSTRAINTS VIOLATION: Arch: Eyeriss_Constrained_17L_tile7_128x16 -> Level: InRegister: memory footprint: 2584 VS memory available: 400
CONSTRAINTS VIOLATION: Arch: Eyeriss_Constrained_17L_tile7_128x16 -> Level: WRegister: memory footprint: 7269 VS memory available: 4000",0.000e+00,0.000e+00,0.00e+00,0,0.0,0.0,
resnet18_17layer_2026-02-21T06:59:50.646433,resnet18,17layer,full,17,eyeriss,thesis_arch,1056,524,128,16,256,7,False,False,"Ill-posed constraints:
CONSTRAINTS VIOLATION: Arch: Eyeriss_Constrained_17L_tile7_256x16 -> Level: InRegister: memory footprint: 2584 VS memory available: 400",0.000e+00,0.000e+00,0.00e+00,0,0.0,0.0,
resnet18_17layer_2026-02-21T06:59:51.215367,resnet18,17layer,full,17,eyeriss,thesis_arch,1056,524,128,16,512,7,False,False,"Ill-posed constraints:
CONSTRAINTS VIOLATION: Arch: Eyeriss_Constrained_17L_tile7_512x16 -> Level: InRegister: memory footprint: 2584 VS memory available: 400",0.000e+00,0.000e+00,0.00e+00,0,0.0,0.0,
resnet18_17layer_2026-02-21T06:59:51.861715,resnet18,17layer,full,17,eyeriss,thesis_arch,1056,524,128,32,4,7,False,False,"Ill-posed constraints:
CONSTRAINTS VIOLATION: Arch: Eyeriss_Constrained_17L_tile7_4x32 -> Level: InRegister: memory footprint: 1286 VS memory available: 400
CONSTRAINTS VIOLATION: Arch: Eyeriss_Constrained_17L_tile7_4x32 -> Level: WRegister: memory footprint: 114544 VS memory available: 4000
CONSTRAINTS VIOLATION: Arch: Eyeriss_Constrained_17L_tile7_4x32 -> Level: IntermediateRegister: memory footprint: 848 VS memory available: 50
CONSTRAINTS VIOLATION: Arch: Eyeriss_Constrained_17L_tile7_4x32 -> Level: OutRegister: memory footprint: 128 VS memory available: 64",0.000e+00,0.000e+00,0.00e+00,0,0.0,0.0,
resnet18_17layer_2026-02-21T06:59:52.406157,resnet18,17layer,full,17,eyeriss,thesis_arch,1056,524,128,32,16,7,False,False,"Ill-posed constraints:
CONSTRAINTS VIOLATION: Arch: Eyeriss_Constrained_17L_tile7_16x32 -> Level: InRegister: memory footprint: 1286 VS memory available: 400
CONSTRAINTS VIOLATION: Arch: Eyeriss_Constrained_17L_tile7_16x32 -> Level: WRegister: memory footprint: 28636 VS memory available: 4000
CONSTRAINTS VIOLATION: Arch: Eyeriss_Constrained_17L_tile7_16x32 -> Level: IntermediateRegister: memory footprint: 212 VS memory available: 50",0.000e+00,0.000e+00,0.00e+00,0,0.0,0.0,
resnet18_17layer_2026-02-21T06:59:53.354746,resnet18,17layer,full,17,eyeriss,thesis_arch,1056,524,128,32,32,7,False,False,"Ill-posed constraints:
CONSTRAINTS VIOLATION: Arch: Eyeriss_Constrained_17L_tile7_32x32 -> Level: InRegister: memory footprint: 1286 VS memory available: 400
CONSTRAINTS VIOLATION: Arch: Eyeriss_Constrained_17L_tile7_32x32 -> Level: WRegister: memory footprint: 14318 VS memory available: 4000
CONSTRAINTS VIOLATION: Arch: Eyeriss_Constrained_17L_tile7_32x32 -> Level: IntermediateRegister: memory footprint: 106 VS memory available: 50",0.000e+00,0.000e+00,0.00e+00,0,0.0,0.0,
resnet18_17layer_2026-02-21T06:59:54.069176,resnet18,17layer,full,17,eyeriss,thesis_arch,1056,524,128,32,64,7,False,False,"Ill-posed constraints:
CONSTRAINTS VIOLATION: Arch: Eyeriss_Constrained_17L_tile7_64x32 -> Level: InRegister: memory footprint: 1286 VS memory available: 400
CONSTRAINTS VIOLATION: Arch: Eyeriss_Constrained_17L_tile7_64x32 -> Level: WRegister: memory footprint: 7159 VS memory available: 4000
CONSTRAINTS VIOLATION: Arch: Eyeriss_Constrained_17L_tile7_64x32 -> Level: IntermediateRegister: memory footprint: 53 VS memory available: 50",0.000e+00,0.000e+00,0.00e+00,0,0.0,0.0,
resnet18_17layer_2026-02-21T06:59:54.801358,resnet18,17layer,full,17,eyeriss,thesis_arch,1056,524,128,32,128,7,False,False,"Ill-posed constraints:
CONSTRAINTS VIOLATION: Arch: Eyeriss_Constrained_17L_tile7_128x32 -> Level: InRegister: memory footprint: 1286 VS memory available: 400",0.000e+00,0.000e+00,0.00e+00,0,0.0,0.0,
resnet18_17layer_2026-02-21T06:59:55.352622,resnet18,17layer,full,17,eyeriss,thesis_arch,1056,524,128,32,256,7,False,False,"Ill-posed constraints:
CONSTRAINTS VIOLATION: Arch: Eyeriss_Constrained_17L_tile7_256x32 -> Level: InRegister: memory footprint: 1286 VS memory available: 400",0.000e+00,0.000e+00,0.00e+00,0,0.0,0.0,
resnet18_17layer_2026-02-21T06:59:55.983244,resnet18,17layer,full,17,eyeriss,thesis_arch,1056,524,128,32,512,7,False,False,"Ill-posed constraints:
CONSTRAINTS VIOLATION: Arch: Eyeriss_Constrained_17L_tile7_512x32 -> Level: InRegister: memory footprint: 1286 VS memory available: 400",0.000e+00,0.000e+00,0.00e+00,0,0.0,0.0,
resnet18_17layer_2026-02-21T06:59:56.422934,resnet18,17layer,full,17,eyeriss,thesis_arch,1056,524,128,64,4,7,False,False,"Ill-posed constraints:
CONSTRAINTS VIOLATION: Arch: Eyeriss_Constrained_17L_tile7_4x64 -> Level: InRegister: memory footprint: 650 VS memory available: 400
CONSTRAINTS VIOLATION: Arch: Eyeriss_Constrained_17L_tile7_4x64 -> Level: WRegister: memory footprint: 57272 VS memory available: 4000
CONSTRAINTS VIOLATION: Arch: Eyeriss_Constrained_17L_tile7_4x64 -> Level: IntermediateRegister: memory footprint: 840 VS memory available: 50
CONSTRAINTS VIOLATION: Arch: Eyeriss_Constrained_17L_tile7_4x64 -> Level: OutRegister: memory footprint: 128 VS memory available: 64",0.000e+00,0.000e+00,0.00e+00,0,0.0,0.0,
resnet18_17layer_2026-02-21T06:59:56.984949,resnet18,17layer,full,17,eyeriss,thesis_arch,1056,524,128,64,16,7,False,False,"Ill-posed constraints:
CONSTRAINTS VIOLATION: Arch: Eyeriss_Constrained_17L_tile7_16x64 -> Level: InRegister: memory footprint: 650 VS memory available: 400
CONSTRAINTS VIOLATION: Arch: Eyeriss_Constrained_17L_tile7_16x64 -> Level: WRegister: memory footprint: 14318 VS memory available: 4000
CONSTRAINTS VIOLATION: Arch: Eyeriss_Constrained_17L_tile7_16x64 -> Level: IntermediateRegister: memory footprint: 210 VS memory available: 50",0.000e+00,0.000e+00,0.00e+00,0,0.0,0.0,
resnet18_17layer_2026-02-21T06:59:57.488214,resnet18,17layer,full,17,eyeriss,thesis_arch,1056,524,128,64,32,7,False,False,"Ill-posed constraints:
CONSTRAINTS VIOLATION: Arch: Eyeriss_Constrained_17L_tile7_32x64 -> Level: InRegister: memory footprint: 650 VS memory available: 400
CONSTRAINTS VIOLATION: Arch: Eyeriss_Constrained_17L_tile7_32x64 -> Level: WRegister: memory footprint: 7159 VS memory available: 4000
CONSTRAINTS VIOLATION: Arch: Eyeriss_Constrained_17L_tile7_32x64 -> Level: IntermediateRegister: memory footprint: 105 VS memory available: 50",0.000e+00,0.000e+00,0.00e+00,0,0.0,0.0,
resnet18_17layer_2026-02-21T06:59:58.124013,resnet18,17layer,full,17,eyeriss,thesis_arch,1056,524,128,64,64,7,False,False,"Ill-posed constraints:
CONSTRAINTS VIOLATION: Arch: Eyeriss_Constrained_17L_tile7_64x64 -> Level: InRegister: memory footprint: 650 VS memory available: 400
CONSTRAINTS VIOLATION: Arch: Eyeriss_Constrained_17L_tile7_64x64 -> Level: IntermediateRegister: memory footprint: 53 VS memory available: 50",0.000e+00,0.000e+00,0.00e+00,0,0.0,0.0,
resnet18_17layer_2026-02-21T06:59:58.925263,resnet18,17layer,full,17,eyeriss,thesis_arch,1056,524,128,64,128,7,False,False,"Ill-posed constraints:
CONSTRAINTS VIOLATION: Arch: Eyeriss_Constrained_17L_tile7_128x64 -> Level: InRegister: memory footprint: 650 VS memory available: 400",0.000e+00,0.000e+00,0.00e+00,0,0.0,0.0,
resnet18_17layer_2026-02-21T06:59:59.498784,resnet18,17layer,full,17,eyeriss,thesis_arch,1056,524,128,64,256,7,False,False,"Ill-posed constraints:
CONSTRAINTS VIOLATION: Arch: Eyeriss_Constrained_17L_tile7_256x64 -> Level: InRegister: memory footprint: 650 VS memory available: 400",0.000e+00,0.000e+00,0.00e+00,0,0.0,0.0,
resnet18_17layer_2026-02-21T07:00:00.153695,resnet18,17layer,full,17,eyeriss,thesis_arch,1056,524,128,128,4,7,False,False,"Ill-posed constraints:
CONSTRAINTS VIOLATION: Arch: Eyeriss_Constrained_17L_tile7_4x128 -> Level: WRegister: memory footprint: 28636 VS memory available: 4000
CONSTRAINTS VIOLATION: Arch: Eyeriss_Constrained_17L_tile7_4x128 -> Level: IntermediateRegister: memory footprint: 836 VS memory available: 50
CONSTRAINTS VIOLATION: Arch: Eyeriss_Constrained_17L_tile7_4x128 -> Level: OutRegister: memory footprint: 128 VS memory available: 64",0.000e+00,0.000e+00,0.00e+00,0,0.0,0.0,
resnet18_17layer_2026-02-21T07:00:00.672415,resnet18,17layer,full,17,eyeriss,thesis_arch,1056,524,128,128,16,7,False,False,"Ill-posed constraints:
CONSTRAINTS VIOLATION: Arch: Eyeriss_Constrained_17L_tile7_16x128 -> Level: WRegister: memory footprint: 7159 VS memory available: 4000
CONSTRAINTS VIOLATION: Arch: Eyeriss_Constrained_17L_tile7_16x128 -> Level: IntermediateRegister: memory footprint: 209 VS memory available: 50",0.000e+00,0.000e+00,0.00e+00,0,0.0,0.0,
resnet18_17layer_2026-02-21T07:00:01.347348,resnet18,17layer,full,17,eyeriss,thesis_arch,1056,524,128,128,32,7,False,False,"Ill-posed constraints:
CONSTRAINTS VIOLATION: Arch: Eyeriss_Constrained_17L_tile7_32x128 -> Level: IntermediateRegister: memory footprint: 105 VS memory available: 50",0.000e+00,0.000e+00,0.00e+00,0,0.0,0.0,
resnet18_17layer_2026-02-21T07:00:01.749736,resnet18,17layer,full,17,eyeriss,thesis_arch,1056,524,128,128,64,7,False,False,"Ill-posed constraints:
CONSTRAINTS VIOLATION: Arch: Eyeriss_Constrained_17L_tile7_64x128 -> Level: IntermediateRegister: memory footprint: 53 VS memory available: 50",0.000e+00,0.000e+00,0.00e+00,0,0.0,0.0,
resnet18_17layer_2026-02-21T07:00:02.211212,resnet18,17layer,full,17,eyeriss,thesis_arch,1056,524,128,128,128,7,False,True,,1.139e+05,3.042e+06,3.55e+05,"(6536433856, 2543810304)",5.138537864013415e-05,1.1000375747680664,DRAM[P=7 Q=1 Z16=1 C16=1 R16=1 S16=1 Y15=7 X15=1 Z15=1 C15=1 R15=1 S15=1 Y14=7 X14=1 Z14=1 C14=1 R14=1 S14=1 Y13=14 X13=2 Z13=1 C13=1 R13=1 S13=1 Y12=14 X12=2 Z12=1 C12=1 R12=1 S12=1 Y11=14 X11=2 Z11=1 C11=1 R11=1 S11=1 Y10=14 X10=2 Z10=1 C10=1 R10=1 S10=1 Y9=28 X9=4 Z9=1 C9=1 R9=1 S9=1 Y8=28 X8=4 Z8=1 C8=1 R8=1 S8=1 Y7=28 X7=4 Z7=1 C7=1 R7=1 S7=1 Y6=28 X6=4 Z6=1 C6=1 R6=1 S6=1 Y5=56 X5=8 Z5=1 C5=1 R5=1 S5=1 Y4=56 X4=8 Z4=1 C4=1 R4=1 S4=1 Y3=56 X3=8 Z3=1 C3=1 R3=1 S3=1 Y2=56 X2=8 Z2=1 C2=1 R2=1 S2=1 Y1=56 X1=8 Z1=1 C1=1 R1=1 S1=1 Y0=112 X0=16 Z0=1 C0=1 R0=1 S0=1] GlobalBuffer[P=1 Q=7 Z16=1 C16=1 R16=1 S16=1 Y15=1 X15=7 Z15=1 C15=1 R15=1 S15=1 Y14=1 X14=7 Z14=1 C14=1 R14=1 S14=1 Y13=1 X13=7 Z13=1 C13=1 R13=1 S13=1 Y12=1 X12=7 Z12=1 C12=1 R12=1 S12=1 Y11=1 X11=7 Z11=1 C11=1 R11=1 S11=1 Y10=1 X10=7 Z10=1 C10=1 R10=1 S10=1 Y9=1 X9=7 Z9=1 C9=1 R9=1 S9=1 Y8=1 X8=7 Z8=1 C8=1 R8=1 S8=1 Y7=1 X7=7 Z7=1 C7=1 R7=1 S7=1 Y6=1 X6=7 Z6=1 C6=1 R6=1 S6=1 Y5=1 X5=7 Z5=1 C5=1 R5=1 S5=1 Y4=1 X4=7 Z4=1 C4=1 R4=1 S4=1 Y3=1 X3=7 Z3=1 C3=1 R3=1 S3=1 Y2=1 X2=7 Z2=1 C2=1 R2=1 S2=1 Y1=1 X1=7 Z1=1 C1=1 R1=1 S1=1 Y0=1 X0=7 Z0=1 C0=1 R0=1 S0=1] SACols[Q=1 Z16=128] SARows[S16=3 C16=32 Z16=1] SACols_15[X15=1 Z15=128] SARows_15[S15=3 C15=32 Z15=1] SACols_14[X14=1 Z14=128] SARows_14[S14=3 C14=32 Z14=1] SACols_13[X13=1 Z13=128] SARows_13[S13=3 C13=32 Z13=1] SACols_12[X12=1 Z12=128] SARows_12[S12=3 C12=32 Z12=1] SACols_11[X11=1 Z11=128] SARows_11[S11=3 C11=32 Z11=1] SACols_10[X10=1 Z10=128] SARows_10[S10=3 C10=32 Z10=1] SACols_9[X9=1 Z9=128] SARows_9[S9=3 C9=32 Z9=1] SACols_8[X8=1 Z8=128] SARows_8[S8=3 C8=32 Z8=1] SACols_7[X7=1 Z7=128] SARows_7[S7=3 C7=32 Z7=1] SACols_6[X6=1 Z6=128] SARows_6[S6=3 C6=32 Z6=1] SACols_5[X5=1 Z5=128] SARows_5[S5=3 C5=32 Z5=1] SACols_4[X4=1 Z4=64] SARows_4[S4=3 C4=32 Z4=1] SACols_3[X3=1 Z3=64] SARows_3[S3=3 C3=32 Z3=1] SACols_2[X2=1 Z2=64] SARows_2[S2=3 C2=32 Z2=1] SACols_1[X1=1 Z1=64] SARows_1[S1=3 C1=32 Z1=1] SACols_0[X0=1 Z0=64] SARows_0[S0=7 C0=3 Z0=1] InRegister[P=1 Q=1 Z16=1 C16=1 R16=1 S16=1 Y15=1 X15=1 Z15=1 C15=1 R15=1 S15=1 Y14=1 X14=1 Z14=1 C14=1 R14=1 S14=1 Y13=1 X13=1 Z13=1 C13=1 R13=1 S13=1 Y12=1 X12=1 Z12=1 C12=1 R12=1 S12=1 Y11=1 X11=1 Z11=1 C11=1 R11=1 S11=1 Y10=1 X10=1 Z10=1 C10=1 R10=1 S10=1 Y9=1 X9=1 Z9=1 C9=1 R9=1 S9=1 Y8=1 X8=1 Z8=1 C8=1 R8=1 S8=1 Y7=1 X7=1 Z7=1 C7=1 R7=1 S7=1 Y6=1 X6=1 Z6=1 C6=1 R6=1 S6=1 Y5=1 X5=1 Z5=1 C5=1 R5=1 S5=1 Y4=1 X4=1 Z4=1 C4=1 R4=1 S4=1 Y3=1 X3=1 Z3=1 C3=1 R3=1 S3=1 Y2=1 X2=1 Z2=1 C2=1 R2=1 S2=1 Y1=1 X1=1 Z1=1 C1=1 R1=1 S1=1 Y0=1 X0=1 Z0=1 C0=1 R0=1 S0=1] WRegister[P=1 Q=1 Z16=1 C16=16 R16=3 S16=1 Y15=1 X15=1 Z15=1 C15=16 R15=3 S15=1 Y14=1 X14=1 Z14=1 C14=16 R14=3 S14=1 Y13=1 X13=1 Z13=1 C13=8 R13=3 S13=1 Y12=1 X12=1 Z12=1 C12=8 R12=3 S12=1 Y11=1 X11=1 Z11=1 C11=8 R11=3 S11=1 Y10=1 X10=1 Z10=1 C10=8 R10=3 S10=1 Y9=1 X9=1 Z9=1 C9=4 R9=3 S9=1 Y8=1 X8=1 Z8=1 C8=4 R8=3 S8=1 Y7=1 X7=1 Z7=1 C7=4 R7=3 S7=1 Y6=1 X6=1 Z6=1 C6=4 R6=3 S6=1 Y5=1 X5=1 Z5=1 C5=2 R5=3 S5=1 Y4=1 X4=1 Z4=1 C4=2 R4=3 S4=1 Y3=1 X3=1 Z3=1 C3=2 R3=3 S3=1 Y2=1 X2=1 Z2=1 C2=2 R2=3 S2=1 Y1=1 X1=1 Z1=1 C1=2 R1=3 S1=1 Y0=1 X0=1 Z0=1 C0=1 R0=7 S0=1] IntermediateRegister[P=1 Q=1 Z16=1 C16=1 R16=1 S16=1 Y15=1 X15=1 Z15=4 C15=1 R15=1 S15=1 Y14=1 X14=1 Z14=4 C14=1 R14=1 S14=1 Y13=1 X13=1 Z13=4 C13=1 R13=1 S13=1 Y12=1 X12=1 Z12=2 C12=1 R12=1 S12=1 Y11=1 X11=1 Z11=2 C11=1 R11=1 S11=1 Y10=1 X10=1 Z10=2 C10=1 R10=1 S10=1 Y9=1 X9=1 Z9=2 C9=1 R9=1 S9=1 Y8=1 X8=1 Z8=1 C8=1 R8=1 S8=1 Y7=1 X7=1 Z7=1 C7=1 R7=1 S7=1 Y6=1 X6=1 Z6=1 C6=1 R6=1 S6=1 Y5=1 X5=1 Z5=1 C5=1 R5=1 S5=1 Y4=1 X4=1 Z4=1 C4=1 R4=1 S4=1 Y3=1 X3=1 Z3=1 C3=1 R3=1 S3=1 Y2=1 X2=1 Z2=1 C2=1 R2=1 S2=1 Y1=1 X1=1 Z1=1 C1=1 R1=1 S1=1 Y0=1 X0=1 Z0=1 C0=1 R0=1 S0=1] OutRegister[P=1 Q=1 Z16=4 C16=1 R16=1 S16=1 Y15=1 X15=1 Z15=1 C15=1 R15=1 S15=1 Y14=1 X14=1 Z14=1 C14=1 R14=1 S14=1 Y13=1 X13=1 Z13=1 C13=1 R13=1 S13=1 Y12=1 X12=1 Z12=1 C12=1 R12=1 S12=1 Y11=1 X11=1 Z11=1 C11=1 R11=1 S11=1 Y10=1 X10=1 Z10=1 C10=1 R10=1 S10=1 Y9=1 X9=1 Z9=1 C9=1 R9=1 S9=1 Y8=1 X8=1 Z8=1 C8=1 R8=1 S8=1 Y7=1 X7=1 Z7=1 C7=1 R7=1 S7=1 Y6=1 X6=1 Z6=1 C6=1 R6=1 S6=1 Y5=1 X5=1 Z5=1 C5=1 R5=1 S5=1 Y4=1 X4=1 Z4=1 C4=1 R4=1 S4=1 Y3=1 X3=1 Z3=1 C3=1 R3=1 S3=1 Y2=1 X2=1 Z2=1 C2=1 R2=1 S2=1 Y1=1 X1=1 Z1=1 C1=1 R1=1 S1=1 Y0=1 X0=1 Z0=1 C0=1 R0=1 S0=1] Compute] 
resnet18_17layer_2026-02-21T07:00:04.162253,resnet18,17layer,full,17,eyeriss,thesis_arch,1056,524,128,256,4,7,False,False,"Ill-posed constraints:
CONSTRAINTS VIOLATION: Arch: Eyeriss_Constrained_17L_tile7_4x256 -> Level: WRegister: memory footprint: 14318 VS memory available: 4000
CONSTRAINTS VIOLATION: Arch: Eyeriss_Constrained_17L_tile7_4x256 -> Level: IntermediateRegister: memory footprint: 834 VS memory available: 50
CONSTRAINTS VIOLATION: Arch: Eyeriss_Constrained_17L_tile7_4x256 -> Level: OutRegister: memory footprint: 128 VS memory available: 64",0.000e+00,0.000e+00,0.00e+00,0,0.0,0.0,
resnet18_17layer_2026-02-21T07:00:05.415525,resnet18,17layer,full,17,eyeriss,thesis_arch,1056,524,128,256,16,7,False,False,"Ill-posed constraints:
CONSTRAINTS VIOLATION: Arch: Eyeriss_Constrained_17L_tile7_16x256 -> Level: IntermediateRegister: memory footprint: 209 VS memory available: 50",0.000e+00,0.000e+00,0.00e+00,0,0.0,0.0,
resnet18_17layer_2026-02-21T07:00:06.088695,resnet18,17layer,full,17,eyeriss,thesis_arch,1056,524,128,256,32,7,False,False,"Ill-posed constraints:
CONSTRAINTS VIOLATION: Arch: Eyeriss_Constrained_17L_tile7_32x256 -> Level: IntermediateRegister: memory footprint: 105 VS memory available: 50",0.000e+00,0.000e+00,0.00e+00,0,0.0,0.0,
resnet18_17layer_2026-02-21T07:00:06.781677,resnet18,17layer,full,17,eyeriss,thesis_arch,1056,524,128,256,64,7,False,False,"Ill-posed constraints:
CONSTRAINTS VIOLATION: Arch: Eyeriss_Constrained_17L_tile7_64x256 -> Level: IntermediateRegister: memory footprint: 53 VS memory available: 50",0.000e+00,0.000e+00,0.00e+00,0,0.0,0.0,
resnet18_17layer_2026-02-21T07:00:07.545975,resnet18,17layer,full,17,eyeriss,thesis_arch,1056,524,128,512,4,7,False,False,"Ill-posed constraints:
CONSTRAINTS VIOLATION: Arch: Eyeriss_Constrained_17L_tile7_4x512 -> Level: WRegister: memory footprint: 7159 VS memory available: 4000
CONSTRAINTS VIOLATION: Arch: Eyeriss_Constrained_17L_tile7_4x512 -> Level: IntermediateRegister: memory footprint: 785 VS memory available: 50
CONSTRAINTS VIOLATION: Arch: Eyeriss_Constrained_17L_tile7_4x512 -> Level: OutRegister: memory footprint: 128 VS memory available: 64",0.000e+00,0.000e+00,0.00e+00,0,0.0,0.0,
resnet18_17layer_2026-02-21T07:00:08.321723,resnet18,17layer,full,17,eyeriss,thesis_arch,1056,524,128,512,16,7,False,False,"Ill-posed constraints:
CONSTRAINTS VIOLATION: Arch: Eyeriss_Constrained_17L_tile7_16x512 -> Level: IntermediateRegister: memory footprint: 197 VS memory available: 50",0.000e+00,0.000e+00,0.00e+00,0,0.0,0.0,
resnet18_17layer_2026-02-21T07:00:09.182948,resnet18,17layer,full,17,eyeriss,thesis_arch,1056,524,128,512,32,7,False,False,"Ill-posed constraints:
CONSTRAINTS VIOLATION: Arch: Eyeriss_Constrained_17L_tile7_32x512 -> Level: IntermediateRegister: memory footprint: 99 VS memory available: 50",0.000e+00,0.000e+00,0.00e+00,0,0.0,0.0,
resnet18_17layer_2026-02-21T07:00:09.802626,resnet18,17layer,full,17,eyeriss,thesis_arch,1056,524,128,4,4,7,False,False,"Arch: Eyeriss_Constrained_17L_tile7_4x4 -> Level: SARows_0: Failed to fit comp to arch because the level's constraint (S0: 4) does not divide comp dimension S0 (7) exactly. To compensate, consider setting 'Settings.PADDED_MAPPINGS' to True.",0.000e+00,0.000e+00,0.00e+00,0,0.0,0.0,
resnet18_17layer_2026-02-21T07:00:10.535656,resnet18,17layer,full,17,eyeriss,thesis_arch,1056,524,128,4,16,7,False,False,"Arch: Eyeriss_Constrained_17L_tile7_16x4 -> Level: SARows_0: Failed to fit comp to arch because the level's constraint (S0: 4) does not divide comp dimension S0 (7) exactly. To compensate, consider setting 'Settings.PADDED_MAPPINGS' to True.",0.000e+00,0.000e+00,0.00e+00,0,0.0,0.0,
resnet18_17layer_2026-02-21T07:00:11.008590,resnet18,17layer,full,17,eyeriss,thesis_arch,1056,524,128,4,32,7,False,False,"Arch: Eyeriss_Constrained_17L_tile7_32x4 -> Level: SARows_0: Failed to fit comp to arch because the level's constraint (S0: 4) does not divide comp dimension S0 (7) exactly. To compensate, consider setting 'Settings.PADDED_MAPPINGS' to True.",0.000e+00,0.000e+00,0.00e+00,0,0.0,0.0,
resnet18_17layer_2026-02-21T07:00:11.467792,resnet18,17layer,full,17,eyeriss,thesis_arch,1056,524,128,4,64,7,False,False,"Arch: Eyeriss_Constrained_17L_tile7_64x4 -> Level: SARows_0: Failed to fit comp to arch because the level's constraint (S0: 4) does not divide comp dimension S0 (7) exactly. To compensate, consider setting 'Settings.PADDED_MAPPINGS' to True.",0.000e+00,0.000e+00,0.00e+00,0,0.0,0.0,
resnet18_17layer_2026-02-21T07:00:11.872181,resnet18,17layer,full,17,eyeriss,thesis_arch,1056,524,128,4,128,7,False,False,"Arch: Eyeriss_Constrained_17L_tile7_128x4 -> Level: SARows_0: Failed to fit comp to arch because the level's constraint (S0: 4) does not divide comp dimension S0 (7) exactly. To compensate, consider setting 'Settings.PADDED_MAPPINGS' to True.",0.000e+00,0.000e+00,0.00e+00,0,0.0,0.0,
resnet18_17layer_2026-02-21T07:00:12.289707,resnet18,17layer,full,17,eyeriss,thesis_arch,1056,524,128,4,256,7,False,False,"Arch: Eyeriss_Constrained_17L_tile7_256x4 -> Level: SARows_0: Failed to fit comp to arch because the level's constraint (S0: 4) does not divide comp dimension S0 (7) exactly. To compensate, consider setting 'Settings.PADDED_MAPPINGS' to True.",0.000e+00,0.000e+00,0.00e+00,0,0.0,0.0,
resnet18_17layer_2026-02-21T07:00:12.906040,resnet18,17layer,full,17,eyeriss,thesis_arch,1056,524,128,4,512,7,False,False,"Arch: Eyeriss_Constrained_17L_tile7_512x4 -> Level: SARows_0: Failed to fit comp to arch because the level's constraint (S0: 4) does not divide comp dimension S0 (7) exactly. To compensate, consider setting 'Settings.PADDED_MAPPINGS' to True.",0.000e+00,0.000e+00,0.00e+00,0,0.0,0.0,
resnet18_17layer_2026-02-21T07:00:13.495678,resnet18,17layer,full,17,eyeriss,thesis_arch,1056,524,128,16,4,7,False,False,"Ill-posed constraints:
CONSTRAINTS VIOLATION: Arch: Eyeriss_Constrained_17L_tile7_4x16 -> Level: InRegister: memory footprint: 2584 VS memory available: 400
CONSTRAINTS VIOLATION: Arch: Eyeriss_Constrained_17L_tile7_4x16 -> Level: WRegister: memory footprint: 229032 VS memory available: 4000
CONSTRAINTS VIOLATION: Arch: Eyeriss_Constrained_17L_tile7_4x16 -> Level: IntermediateRegister: memory footprint: 840 VS memory available: 100
CONSTRAINTS VIOLATION: Arch: Eyeriss_Constrained_17L_tile7_4x16 -> Level: OutRegister: memory footprint: 128 VS memory available: 64",0.000e+00,0.000e+00,0.00e+00,0,0.0,0.0,
resnet18_17layer_2026-02-21T07:00:14.474443,resnet18,17layer,full,17,eyeriss,thesis_arch,1056,524,128,16,16,7,False,False,"Ill-posed constraints:
CONSTRAINTS VIOLATION: Arch: Eyeriss_Constrained_17L_tile7_16x16 -> Level: InRegister: memory footprint: 2584 VS memory available: 400
CONSTRAINTS VIOLATION: Arch: Eyeriss_Constrained_17L_tile7_16x16 -> Level: WRegister: memory footprint: 57258 VS memory available: 4000
CONSTRAINTS VIOLATION: Arch: Eyeriss_Constrained_17L_tile7_16x16 -> Level: IntermediateRegister: memory footprint: 210 VS memory available: 100",0.000e+00,0.000e+00,0.00e+00,0,0.0,0.0,
resnet18_17layer_2026-02-21T07:00:15.044596,resnet18,17layer,full,17,eyeriss,thesis_arch,1056,524,128,16,32,7,False,False,"Ill-posed constraints:
CONSTRAINTS VIOLATION: Arch: Eyeriss_Constrained_17L_tile7_32x16 -> Level: InRegister: memory footprint: 2584 VS memory available: 400
CONSTRAINTS VIOLATION: Arch: Eyeriss_Constrained_17L_tile7_32x16 -> Level: WRegister: memory footprint: 28629 VS memory available: 4000
CONSTRAINTS VIOLATION: Arch: Eyeriss_Constrained_17L_tile7_32x16 -> Level: IntermediateRegister: memory footprint: 105 VS memory available: 100",0.000e+00,0.000e+00,0.00e+00,0,0.0,0.0,
resnet18_17layer_2026-02-21T07:00:15.549223,resnet18,17layer,full,17,eyeriss,thesis_arch,1056,524,128,16,64,7,False,False,"Ill-posed constraints:
CONSTRAINTS VIOLATION: Arch: Eyeriss_Constrained_17L_tile7_64x16 -> Level: InRegister: memory footprint: 2584 VS memory available: 400
CONSTRAINTS VIOLATION: Arch: Eyeriss_Constrained_17L_tile7_64x16 -> Level: WRegister: memory footprint: 14325 VS memory available: 4000",0.000e+00,0.000e+00,0.00e+00,0,0.0,0.0,
resnet18_17layer_2026-02-21T07:00:16.345794,resnet18,17layer,full,17,eyeriss,thesis_arch,1056,524,128,16,128,7,False,False,"Ill-posed constraints:
CONSTRAINTS VIOLATION: Arch: Eyeriss_Constrained_17L_tile7_128x16 -> Level: InRegister: memory footprint: 2584 VS memory available: 400
CONSTRAINTS VIOLATION: Arch: Eyeriss_Constrained_17L_tile7_128x16 -> Level: WRegister: memory footprint: 7269 VS memory available: 4000",0.000e+00,0.000e+00,0.00e+00,0,0.0,0.0,
resnet18_17layer_2026-02-21T07:00:16.903667,resnet18,17layer,full,17,eyeriss,thesis_arch,1056,524,128,16,256,7,False,False,"Ill-posed constraints:
CONSTRAINTS VIOLATION: Arch: Eyeriss_Constrained_17L_tile7_256x16 -> Level: InRegister: memory footprint: 2584 VS memory available: 400",0.000e+00,0.000e+00,0.00e+00,0,0.0,0.0,
resnet18_17layer_2026-02-21T07:00:17.838197,resnet18,17layer,full,17,eyeriss,thesis_arch,1056,524,128,16,512,7,False,False,"Ill-posed constraints:
CONSTRAINTS VIOLATION: Arch: Eyeriss_Constrained_17L_tile7_512x16 -> Level: InRegister: memory footprint: 2584 VS memory available: 400",0.000e+00,0.000e+00,0.00e+00,0,0.0,0.0,
resnet18_17layer_2026-02-21T07:00:18.628305,resnet18,17layer,full,17,eyeriss,thesis_arch,1056,524,128,32,4,7,False,False,"Ill-posed constraints:
CONSTRAINTS VIOLATION: Arch: Eyeriss_Constrained_17L_tile7_4x32 -> Level: InRegister: memory footprint: 1286 VS memory available: 400
CONSTRAINTS VIOLATION: Arch: Eyeriss_Constrained_17L_tile7_4x32 -> Level: WRegister: memory footprint: 114544 VS memory available: 4000
CONSTRAINTS VIOLATION: Arch: Eyeriss_Constrained_17L_tile7_4x32 -> Level: IntermediateRegister: memory footprint: 848 VS memory available: 100
CONSTRAINTS VIOLATION: Arch: Eyeriss_Constrained_17L_tile7_4x32 -> Level: OutRegister: memory footprint: 128 VS memory available: 64",0.000e+00,0.000e+00,0.00e+00,0,0.0,0.0,
resnet18_17layer_2026-02-21T07:00:19.164271,resnet18,17layer,full,17,eyeriss,thesis_arch,1056,524,128,32,16,7,False,False,"Ill-posed constraints:
CONSTRAINTS VIOLATION: Arch: Eyeriss_Constrained_17L_tile7_16x32 -> Level: InRegister: memory footprint: 1286 VS memory available: 400
CONSTRAINTS VIOLATION: Arch: Eyeriss_Constrained_17L_tile7_16x32 -> Level: WRegister: memory footprint: 28636 VS memory available: 4000
CONSTRAINTS VIOLATION: Arch: Eyeriss_Constrained_17L_tile7_16x32 -> Level: IntermediateRegister: memory footprint: 212 VS memory available: 100",0.000e+00,0.000e+00,0.00e+00,0,0.0,0.0,
resnet18_17layer_2026-02-21T07:00:19.810220,resnet18,17layer,full,17,eyeriss,thesis_arch,1056,524,128,32,32,7,False,False,"Ill-posed constraints:
CONSTRAINTS VIOLATION: Arch: Eyeriss_Constrained_17L_tile7_32x32 -> Level: InRegister: memory footprint: 1286 VS memory available: 400
CONSTRAINTS VIOLATION: Arch: Eyeriss_Constrained_17L_tile7_32x32 -> Level: WRegister: memory footprint: 14318 VS memory available: 4000
CONSTRAINTS VIOLATION: Arch: Eyeriss_Constrained_17L_tile7_32x32 -> Level: IntermediateRegister: memory footprint: 106 VS memory available: 100",0.000e+00,0.000e+00,0.00e+00,0,0.0,0.0,
resnet18_17layer_2026-02-21T07:00:20.514229,resnet18,17layer,full,17,eyeriss,thesis_arch,1056,524,128,32,64,7,False,False,"Ill-posed constraints:
CONSTRAINTS VIOLATION: Arch: Eyeriss_Constrained_17L_tile7_64x32 -> Level: InRegister: memory footprint: 1286 VS memory available: 400
CONSTRAINTS VIOLATION: Arch: Eyeriss_Constrained_17L_tile7_64x32 -> Level: WRegister: memory footprint: 7159 VS memory available: 4000",0.000e+00,0.000e+00,0.00e+00,0,0.0,0.0,
resnet18_17layer_2026-02-21T07:00:21.109115,resnet18,17layer,full,17,eyeriss,thesis_arch,1056,524,128,32,128,7,False,False,"Ill-posed constraints:
CONSTRAINTS VIOLATION: Arch: Eyeriss_Constrained_17L_tile7_128x32 -> Level: InRegister: memory footprint: 1286 VS memory available: 400",0.000e+00,0.000e+00,0.00e+00,0,0.0,0.0,
resnet18_17layer_2026-02-21T07:00:21.780871,resnet18,17layer,full,17,eyeriss,thesis_arch,1056,524,128,32,256,7,False,False,"Ill-posed constraints:
CONSTRAINTS VIOLATION: Arch: Eyeriss_Constrained_17L_tile7_256x32 -> Level: InRegister: memory footprint: 1286 VS memory available: 400",0.000e+00,0.000e+00,0.00e+00,0,0.0,0.0,
resnet18_17layer_2026-02-21T07:00:22.736876,resnet18,17layer,full,17,eyeriss,thesis_arch,1056,524,128,32,512,7,False,False,"Ill-posed constraints:
CONSTRAINTS VIOLATION: Arch: Eyeriss_Constrained_17L_tile7_512x32 -> Level: InRegister: memory footprint: 1286 VS memory available: 400",0.000e+00,0.000e+00,0.00e+00,0,0.0,0.0,
resnet18_17layer_2026-02-21T07:00:23.502758,resnet18,17layer,full,17,eyeriss,thesis_arch,1056,524,128,64,4,7,False,False,"Ill-posed constraints:
CONSTRAINTS VIOLATION: Arch: Eyeriss_Constrained_17L_tile7_4x64 -> Level: InRegister: memory footprint: 650 VS memory available: 400
CONSTRAINTS VIOLATION: Arch: Eyeriss_Constrained_17L_tile7_4x64 -> Level: WRegister: memory footprint: 57272 VS memory available: 4000
CONSTRAINTS VIOLATION: Arch: Eyeriss_Constrained_17L_tile7_4x64 -> Level: IntermediateRegister: memory footprint: 840 VS memory available: 100
CONSTRAINTS VIOLATION: Arch: Eyeriss_Constrained_17L_tile7_4x64 -> Level: OutRegister: memory footprint: 128 VS memory available: 64",0.000e+00,0.000e+00,0.00e+00,0,0.0,0.0,
resnet18_17layer_2026-02-21T07:00:24.457793,resnet18,17layer,full,17,eyeriss,thesis_arch,1056,524,128,64,16,7,False,False,"Ill-posed constraints:
CONSTRAINTS VIOLATION: Arch: Eyeriss_Constrained_17L_tile7_16x64 -> Level: InRegister: memory footprint: 650 VS memory available: 400
CONSTRAINTS VIOLATION: Arch: Eyeriss_Constrained_17L_tile7_16x64 -> Level: WRegister: memory footprint: 14318 VS memory available: 4000
CONSTRAINTS VIOLATION: Arch: Eyeriss_Constrained_17L_tile7_16x64 -> Level: IntermediateRegister: memory footprint: 210 VS memory available: 100",0.000e+00,0.000e+00,0.00e+00,0,0.0,0.0,
resnet18_17layer_2026-02-21T07:00:25.312758,resnet18,17layer,full,17,eyeriss,thesis_arch,1056,524,128,64,32,7,False,False,"Ill-posed constraints:
CONSTRAINTS VIOLATION: Arch: Eyeriss_Constrained_17L_tile7_32x64 -> Level: InRegister: memory footprint: 650 VS memory available: 400
CONSTRAINTS VIOLATION: Arch: Eyeriss_Constrained_17L_tile7_32x64 -> Level: WRegister: memory footprint: 7159 VS memory available: 4000
CONSTRAINTS VIOLATION: Arch: Eyeriss_Constrained_17L_tile7_32x64 -> Level: IntermediateRegister: memory footprint: 105 VS memory available: 100",0.000e+00,0.000e+00,0.00e+00,0,0.0,0.0,
resnet18_17layer_2026-02-21T07:00:26.242730,resnet18,17layer,full,17,eyeriss,thesis_arch,1056,524,128,64,64,7,False,False,"Ill-posed constraints:
CONSTRAINTS VIOLATION: Arch: Eyeriss_Constrained_17L_tile7_64x64 -> Level: InRegister: memory footprint: 650 VS memory available: 400",0.000e+00,0.000e+00,0.00e+00,0,0.0,0.0,
resnet18_17layer_2026-02-21T07:00:27.240823,resnet18,17layer,full,17,eyeriss,thesis_arch,1056,524,128,64,128,7,False,False,"Ill-posed constraints:
CONSTRAINTS VIOLATION: Arch: Eyeriss_Constrained_17L_tile7_128x64 -> Level: InRegister: memory footprint: 650 VS memory available: 400",0.000e+00,0.000e+00,0.00e+00,0,0.0,0.0,
resnet18_17layer_2026-02-21T07:00:28.114159,resnet18,17layer,full,17,eyeriss,thesis_arch,1056,524,128,64,256,7,False,False,"Ill-posed constraints:
CONSTRAINTS VIOLATION: Arch: Eyeriss_Constrained_17L_tile7_256x64 -> Level: InRegister: memory footprint: 650 VS memory available: 400",0.000e+00,0.000e+00,0.00e+00,0,0.0,0.0,
resnet18_17layer_2026-02-21T07:00:28.892790,resnet18,17layer,full,17,eyeriss,thesis_arch,1056,524,128,128,4,7,False,False,"Ill-posed constraints:
CONSTRAINTS VIOLATION: Arch: Eyeriss_Constrained_17L_tile7_4x128 -> Level: WRegister: memory footprint: 28636 VS memory available: 4000
CONSTRAINTS VIOLATION: Arch: Eyeriss_Constrained_17L_tile7_4x128 -> Level: IntermediateRegister: memory footprint: 836 VS memory available: 100
CONSTRAINTS VIOLATION: Arch: Eyeriss_Constrained_17L_tile7_4x128 -> Level: OutRegister: memory footprint: 128 VS memory available: 64",0.000e+00,0.000e+00,0.00e+00,0,0.0,0.0,
resnet18_17layer_2026-02-21T07:00:29.425557,resnet18,17layer,full,17,eyeriss,thesis_arch,1056,524,128,128,16,7,False,False,"Ill-posed constraints:
CONSTRAINTS VIOLATION: Arch: Eyeriss_Constrained_17L_tile7_16x128 -> Level: WRegister: memory footprint: 7159 VS memory available: 4000
CONSTRAINTS VIOLATION: Arch: Eyeriss_Constrained_17L_tile7_16x128 -> Level: IntermediateRegister: memory footprint: 209 VS memory available: 100",0.000e+00,0.000e+00,0.00e+00,0,0.0,0.0,
resnet18_17layer_2026-02-21T07:00:30.035946,resnet18,17layer,full,17,eyeriss,thesis_arch,1056,524,128,128,32,7,False,False,"Ill-posed constraints:
CONSTRAINTS VIOLATION: Arch: Eyeriss_Constrained_17L_tile7_32x128 -> Level: IntermediateRegister: memory footprint: 105 VS memory available: 100",0.000e+00,0.000e+00,0.00e+00,0,0.0,0.0,
resnet18_17layer_2026-02-21T07:00:30.659409,resnet18,17layer,full,17,eyeriss,thesis_arch,1056,524,128,128,64,7,False,True,,1.136e+05,3.042e+06,3.52e+05,"(6045110464, 2543810304)",0.0016443321164842928,0.5535390377044678,DRAM[P=7 Q=1 Z16=1 C16=1 R16=1 S16=1 Y15=7 X15=1 Z15=1 C15=1 R15=1 S15=1 Y14=7 X14=1 Z14=1 C14=1 R14=1 S14=1 Y13=14 X13=2 Z13=1 C13=1 R13=1 S13=1 Y12=14 X12=2 Z12=1 C12=1 R12=1 S12=1 Y11=14 X11=2 Z11=1 C11=1 R11=1 S11=1 Y10=14 X10=2 Z10=1 C10=1 R10=1 S10=1 Y9=28 X9=4 Z9=1 C9=1 R9=1 S9=1 Y8=28 X8=4 Z8=1 C8=1 R8=1 S8=1 Y7=28 X7=4 Z7=1 C7=1 R7=1 S7=1 Y6=28 X6=4 Z6=1 C6=1 R6=1 S6=1 Y5=56 X5=8 Z5=1 C5=1 R5=1 S5=1 Y4=56 X4=8 Z4=1 C4=1 R4=1 S4=1 Y3=56 X3=8 Z3=1 C3=1 R3=1 S3=1 Y2=56 X2=8 Z2=1 C2=1 R2=1 S2=1 Y1=56 X1=8 Z1=1 C1=1 R1=1 S1=1 Y0=112 X0=16 Z0=1 C0=1 R0=1 S0=1] GlobalBuffer[P=1 Q=7 Z16=1 C16=1 R16=1 S16=1 Y15=1 X15=7 Z15=1 C15=1 R15=1 S15=1 Y14=1 X14=7 Z14=1 C14=1 R14=1 S14=1 Y13=1 X13=7 Z13=1 C13=1 R13=1 S13=1 Y12=1 X12=7 Z12=1 C12=1 R12=1 S12=1 Y11=1 X11=7 Z11=1 C11=1 R11=1 S11=1 Y10=1 X10=7 Z10=1 C10=1 R10=1 S10=1 Y9=1 X9=7 Z9=1 C9=1 R9=1 S9=1 Y8=1 X8=7 Z8=1 C8=1 R8=1 S8=1 Y7=1 X7=7 Z7=1 C7=1 R7=1 S7=1 Y6=1 X6=7 Z6=1 C6=1 R6=1 S6=1 Y5=1 X5=7 Z5=1 C5=1 R5=1 S5=1 Y4=1 X4=7 Z4=1 C4=1 R4=1 S4=1 Y3=1 X3=7 Z3=1 C3=1 R3=1 S3=1 Y2=1 X2=7 Z2=1 C2=1 R2=1 S2=1 Y1=1 X1=7 Z1=1 C1=1 R1=1 S1=1 Y0=1 X0=7 Z0=1 C0=1 R0=1 S0=1] SACols[Q=1 Z16=64] SARows[S16=3 C16=32 Z16=1] SACols_15[X15=1 Z15=64] SARows_15[S15=3 C15=32 Z15=1] SACols_14[X14=1 Z14=64] SARows_14[S14=3 C14=32 Z14=1] SACols_13[X13=1 Z13=64] SARows_13[S13=3 C13=32 Z13=1] SACols_12[X12=1 Z12=64] SARows_12[S12=3 C12=32 Z12=1] SACols_11[X11=1 Z11=64] SARows_11[S11=3 C11=32 Z11=1] SACols_10[X10=1 Z10=64] SARows_10[S10=3 C10=32 Z10=1] SACols_9[X9=1 Z9=64] SARows_9[S9=3 C9=32 Z9=1] SACols_8[X8=1 Z8=64] SARows_8[S8=3 C8=32 Z8=1] SACols_7[X7=1 Z7=64] SARows_7[S7=3 C7=32 Z7=1] SACols_6[X6=1 Z6=64] SARows_6[S6=3 C6=32 Z6=1] SACols_5[X5=1 Z5=64] SARows_5[S5=3 C5=32 Z5=1] SACols_4[X4=1 Z4=64] SARows_4[S4=3 C4=32 Z4=1] SACols_3[X3=1 Z3=64] SARows_3[S3=3 C3=32 Z3=1] SACols_2[X2=1 Z2=64] SARows_2[S2=3 C2=32 Z2=1] SACols_1[X1=1 Z1=64] SARows_1[S1=3 C1=32 Z1=1] SACols_0[X0=1 Z0=64] SARows_0[S0=7 C0=3 Z0=1] InRegister[P=1 Q=1 Z16=1 C16=1 R16=1 S16=1 Y15=1 X15=1 Z15=1 C15=1 R15=1 S15=1 Y14=1 X14=1 Z14=1 C14=1 R14=1 S14=1 Y13=1 X13=1 Z13=1 C13=1 R13=1 S13=1 Y12=1 X12=1 Z12=1 C12=1 R12=1 S12=1 Y11=1 X11=1 Z11=1 C11=1 R11=1 S11=1 Y10=1 X10=1 Z10=1 C10=1 R10=1 S10=1 Y9=1 X9=1 Z9=1 C9=1 R9=1 S9=1 Y8=1 X8=1 Z8=1 C8=1 R8=1 S8=1 Y7=1 X7=1 Z7=1 C7=1 R7=1 S7=1 Y6=1 X6=1 Z6=1 C6=1 R6=1 S6=1 Y5=1 X5=1 Z5=1 C5=1 R5=1 S5=1 Y4=1 X4=1 Z4=1 C4=1 R4=1 S4=1 Y3=1 X3=1 Z3=1 C3=1 R3=1 S3=1 Y2=1 X2=1 Z2=1 C2=1 R2=1 S2=1 Y1=1 X1=1 Z1=1 C1=1 R1=1 S1=1 Y0=1 X0=1 Z0=1 C0=1 R0=1 S0=1] WRegister[P=1 Q=1 Z16=1 C16=16 R16=3 S16=1 Y15=1 X15=1 Z15=1 C15=16 R15=3 S15=1 Y14=1 X14=1 Z14=1 C14=16 R14=3 S14=1 Y13=1 X13=1 Z13=1 C13=8 R13=3 S13=1 Y12=1 X12=1 Z12=1 C12=8 R12=3 S12=1 Y11=1 X11=1 Z11=1 C11=8 R11=3 S11=1 Y10=1 X10=1 Z10=1 C10=8 R10=3 S10=1 Y9=1 X9=1 Z9=1 C9=4 R9=3 S9=1 Y8=1 X8=1 Z8=1 C8=4 R8=3 S8=1 Y7=1 X7=1 Z7=1 C7=4 R7=3 S7=1 Y6=1 X6=1 Z6=1 C6=4 R6=3 S6=1 Y5=1 X5=1 Z5=1 C5=2 R5=3 S5=1 Y4=1 X4=1 Z4=1 C4=2 R4=3 S4=1 Y3=1 X3=1 Z3=1 C3=2 R3=3 S3=1 Y2=1 X2=1 Z2=1 C2=2 R2=3 S2=1 Y1=1 X1=1 Z1=1 C1=2 R1=3 S1=1 Y0=1 X0=1 Z0=1 C0=1 R0=7 S0=1] IntermediateRegister[P=1 Q=1 Z16=1 C16=1 R16=1 S16=1 Y15=1 X15=1 Z15=8 C15=1 R15=1 S15=1 Y14=1 X14=1 Z14=8 C14=1 R14=1 S14=1 Y13=1 X13=1 Z13=8 C13=1 R13=1 S13=1 Y12=1 X12=1 Z12=4 C12=1 R12=1 S12=1 Y11=1 X11=1 Z11=4 C11=1 R11=1 S11=1 Y10=1 X10=1 Z10=4 C10=1 R10=1 S10=1 Y9=1 X9=1 Z9=4 C9=1 R9=1 S9=1 Y8=1 X8=1 Z8=2 C8=1 R8=1 S8=1 Y7=1 X7=1 Z7=2 C7=1 R7=1 S7=1 Y6=1 X6=1 Z6=2 C6=1 R6=1 S6=1 Y5=1 X5=1 Z5=2 C5=1 R5=1 S5=1 Y4=1 X4=1 Z4=1 C4=1 R4=1 S4=1 Y3=1 X3=1 Z3=1 C3=1 R3=1 S3=1 Y2=1 X2=1 Z2=1 C2=1 R2=1 S2=1 Y1=1 X1=1 Z1=1 C1=1 R1=1 S1=1 Y0=1 X0=1 Z0=1 C0=1 R0=1 S0=1] OutRegister[P=1 Q=1 Z16=8 C16=1 R16=1 S16=1 Y15=1 X15=1 Z15=1 C15=1 R15=1 S15=1 Y14=1 X14=1 Z14=1 C14=1 R14=1 S14=1 Y13=1 X13=1 Z13=1 C13=1 R13=1 S13=1 Y12=1 X12=1 Z12=1 C12=1 R12=1 S12=1 Y11=1 X11=1 Z11=1 C11=1 R11=1 S11=1 Y10=1 X10=1 Z10=1 C10=1 R10=1 S10=1 Y9=1 X9=1 Z9=1 C9=1 R9=1 S9=1 Y8=1 X8=1 Z8=1 C8=1 R8=1 S8=1 Y7=1 X7=1 Z7=1 C7=1 R7=1 S7=1 Y6=1 X6=1 Z6=1 C6=1 R6=1 S6=1 Y5=1 X5=1 Z5=1 C5=1 R5=1 S5=1 Y4=1 X4=1 Z4=1 C4=1 R4=1 S4=1 Y3=1 X3=1 Z3=1 C3=1 R3=1 S3=1 Y2=1 X2=1 Z2=1 C2=1 R2=1 S2=1 Y1=1 X1=1 Z1=1 C1=1 R1=1 S1=1 Y0=1 X0=1 Z0=1 C0=1 R0=1 S0=1] Compute] 
resnet18_17layer_2026-02-21T07:00:32.085104,resnet18,17layer,full,17,eyeriss,thesis_arch,1056,524,128,128,128,7,False,True,,1.158e+05,3.042e+06,3.61e+05,"(6536433856, 2543810304)",5.138537864013415e-05,0.8734724521636963,DRAM[P=7 Q=1 Z16=1 C16=1 R16=1 S16=1 Y15=7 X15=1 Z15=1 C15=1 R15=1 S15=1 Y14=7 X14=1 Z14=1 C14=1 R14=1 S14=1 Y13=14 X13=2 Z13=1 C13=1 R13=1 S13=1 Y12=14 X12=2 Z12=1 C12=1 R12=1 S12=1 Y11=14 X11=2 Z11=1 C11=1 R11=1 S11=1 Y10=14 X10=2 Z10=1 C10=1 R10=1 S10=1 Y9=28 X9=4 Z9=1 C9=1 R9=1 S9=1 Y8=28 X8=4 Z8=1 C8=1 R8=1 S8=1 Y7=28 X7=4 Z7=1 C7=1 R7=1 S7=1 Y6=28 X6=4 Z6=1 C6=1 R6=1 S6=1 Y5=56 X5=8 Z5=1 C5=1 R5=1 S5=1 Y4=56 X4=8 Z4=1 C4=1 R4=1 S4=1 Y3=56 X3=8 Z3=1 C3=1 R3=1 S3=1 Y2=56 X2=8 Z2=1 C2=1 R2=1 S2=1 Y1=56 X1=8 Z1=1 C1=1 R1=1 S1=1 Y0=112 X0=16 Z0=1 C0=1 R0=1 S0=1] GlobalBuffer[P=1 Q=7 Z16=1 C16=1 R16=1 S16=1 Y15=1 X15=7 Z15=1 C15=1 R15=1 S15=1 Y14=1 X14=7 Z14=1 C14=1 R14=1 S14=1 Y13=1 X13=7 Z13=1 C13=1 R13=1 S13=1 Y12=1 X12=7 Z12=1 C12=1 R12=1 S12=1 Y11=1 X11=7 Z11=1 C11=1 R11=1 S11=1 Y10=1 X10=7 Z10=1 C10=1 R10=1 S10=1 Y9=1 X9=7 Z9=1 C9=1 R9=1 S9=1 Y8=1 X8=7 Z8=1 C8=1 R8=1 S8=1 Y7=1 X7=7 Z7=1 C7=1 R7=1 S7=1 Y6=1 X6=7 Z6=1 C6=1 R6=1 S6=1 Y5=1 X5=7 Z5=1 C5=1 R5=1 S5=1 Y4=1 X4=7 Z4=1 C4=1 R4=1 S4=1 Y3=1 X3=7 Z3=1 C3=1 R3=1 S3=1 Y2=1 X2=7 Z2=1 C2=1 R2=1 S2=1 Y1=1 X1=7 Z1=1 C1=1 R1=1 S1=1 Y0=1 X0=7 Z0=1 C0=1 R0=1 S0=1] SACols[Q=1 Z16=128] SARows[S16=3 C16=32 Z16=1] SACols_15[X15=1 Z15=128] SARows_15[S15=3 C15=32 Z15=1] SACols_14[X14=1 Z14=128] SARows_14[S14=3 C14=32 Z14=1] SACols_13[X13=1 Z13=128] SARows_13[S13=3 C13=32 Z13=1] SACols_12[X12=1 Z12=128] SARows_12[S12=3 C12=32 Z12=1] SACols_11[X11=1 Z11=128] SARows_11[S11=3 C11=32 Z11=1] SACols_10[X10=1 Z10=128] SARows_10[S10=3 C10=32 Z10=1] SACols_9[X9=1 Z9=128] SARows_9[S9=3 C9=32 Z9=1] SACols_8[X8=1 Z8=128] SARows_8[S8=3 C8=32 Z8=1] SACols_7[X7=1 Z7=128] SARows_7[S7=3 C7=32 Z7=1] SACols_6[X6=1 Z6=128] SARows_6[S6=3 C6=32 Z6=1] SACols_5[X5=1 Z5=128] SARows_5[S5=3 C5=32 Z5=1] SACols_4[X4=1 Z4=64] SARows_4[S4=3 C4=32 Z4=1] SACols_3[X3=1 Z3=64] SARows_3[S3=3 C3=32 Z3=1] SACols_2[X2=1 Z2=64] SARows_2[S2=3 C2=32 Z2=1] SACols_1[X1=1 Z1=64] SARows_1[S1=3 C1=32 Z1=1] SACols_0[X0=1 Z0=64] SARows_0[S0=7 C0=3 Z0=1] InRegister[P=1 Q=1 Z16=1 C16=1 R16=1 S16=1 Y15=1 X15=1 Z15=1 C15=1 R15=1 S15=1 Y14=1 X14=1 Z14=1 C14=1 R14=1 S14=1 Y13=1 X13=1 Z13=1 C13=1 R13=1 S13=1 Y12=1 X12=1 Z12=1 C12=1 R12=1 S12=1 Y11=1 X11=1 Z11=1 C11=1 R11=1 S11=1 Y10=1 X10=1 Z10=1 C10=1 R10=1 S10=1 Y9=1 X9=1 Z9=1 C9=1 R9=1 S9=1 Y8=1 X8=1 Z8=1 C8=1 R8=1 S8=1 Y7=1 X7=1 Z7=1 C7=1 R7=1 S7=1 Y6=1 X6=1 Z6=1 C6=1 R6=1 S6=1 Y5=1 X5=1 Z5=1 C5=1 R5=1 S5=1 Y4=1 X4=1 Z4=1 C4=1 R4=1 S4=1 Y3=1 X3=1 Z3=1 C3=1 R3=1 S3=1 Y2=1 X2=1 Z2=1 C2=1 R2=1 S2=1 Y1=1 X1=1 Z1=1 C1=1 R1=1 S1=1 Y0=1 X0=1 Z0=1 C0=1 R0=1 S0=1] WRegister[P=1 Q=1 Z16=1 C16=16 R16=3 S16=1 Y15=1 X15=1 Z15=1 C15=16 R15=3 S15=1 Y14=1 X14=1 Z14=1 C14=16 R14=3 S14=1 Y13=1 X13=1 Z13=1 C13=8 R13=3 S13=1 Y12=1 X12=1 Z12=1 C12=8 R12=3 S12=1 Y11=1 X11=1 Z11=1 C11=8 R11=3 S11=1 Y10=1 X10=1 Z10=1 C10=8 R10=3 S10=1 Y9=1 X9=1 Z9=1 C9=4 R9=3 S9=1 Y8=1 X8=1 Z8=1 C8=4 R8=3 S8=1 Y7=1 X7=1 Z7=1 C7=4 R7=3 S7=1 Y6=1 X6=1 Z6=1 C6=4 R6=3 S6=1 Y5=1 X5=1 Z5=1 C5=2 R5=3 S5=1 Y4=1 X4=1 Z4=1 C4=2 R4=3 S4=1 Y3=1 X3=1 Z3=1 C3=2 R3=3 S3=1 Y2=1 X2=1 Z2=1 C2=2 R2=3 S2=1 Y1=1 X1=1 Z1=1 C1=2 R1=3 S1=1 Y0=1 X0=1 Z0=1 C0=1 R0=7 S0=1] IntermediateRegister[P=1 Q=1 Z16=1 C16=1 R16=1 S16=1 Y15=1 X15=1 Z15=4 C15=1 R15=1 S15=1 Y14=1 X14=1 Z14=4 C14=1 R14=1 S14=1 Y13=1 X13=1 Z13=4 C13=1 R13=1 S13=1 Y12=1 X12=1 Z12=2 C12=1 R12=1 S12=1 Y11=1 X11=1 Z11=2 C11=1 R11=1 S11=1 Y10=1 X10=1 Z10=2 C10=1 R10=1 S10=1 Y9=1 X9=1 Z9=2 C9=1 R9=1 S9=1 Y8=1 X8=1 Z8=1 C8=1 R8=1 S8=1 Y7=1 X7=1 Z7=1 C7=1 R7=1 S7=1 Y6=1 X6=1 Z6=1 C6=1 R6=1 S6=1 Y5=1 X5=1 Z5=1 C5=1 R5=1 S5=1 Y4=1 X4=1 Z4=1 C4=1 R4=1 S4=1 Y3=1 X3=1 Z3=1 C3=1 R3=1 S3=1 Y2=1 X2=1 Z2=1 C2=1 R2=1 S2=1 Y1=1 X1=1 Z1=1 C1=1 R1=1 S1=1 Y0=1 X0=1 Z0=1 C0=1 R0=1 S0=1] OutRegister[P=1 Q=1 Z16=4 C16=1 R16=1 S16=1 Y15=1 X15=1 Z15=1 C15=1 R15=1 S15=1 Y14=1 X14=1 Z14=1 C14=1 R14=1 S14=1 Y13=1 X13=1 Z13=1 C13=1 R13=1 S13=1 Y12=1 X12=1 Z12=1 C12=1 R12=1 S12=1 Y11=1 X11=1 Z11=1 C11=1 R11=1 S11=1 Y10=1 X10=1 Z10=1 C10=1 R10=1 S10=1 Y9=1 X9=1 Z9=1 C9=1 R9=1 S9=1 Y8=1 X8=1 Z8=1 C8=1 R8=1 S8=1 Y7=1 X7=1 Z7=1 C7=1 R7=1 S7=1 Y6=1 X6=1 Z6=1 C6=1 R6=1 S6=1 Y5=1 X5=1 Z5=1 C5=1 R5=1 S5=1 Y4=1 X4=1 Z4=1 C4=1 R4=1 S4=1 Y3=1 X3=1 Z3=1 C3=1 R3=1 S3=1 Y2=1 X2=1 Z2=1 C2=1 R2=1 S2=1 Y1=1 X1=1 Z1=1 C1=1 R1=1 S1=1 Y0=1 X0=1 Z0=1 C0=1 R0=1 S0=1] Compute] 
resnet18_17layer_2026-02-21T07:00:33.628099,resnet18,17layer,full,17,eyeriss,thesis_arch,1056,524,128,256,4,7,False,False,"Ill-posed constraints:
CONSTRAINTS VIOLATION: Arch: Eyeriss_Constrained_17L_tile7_4x256 -> Level: WRegister: memory footprint: 14318 VS memory available: 4000
CONSTRAINTS VIOLATION: Arch: Eyeriss_Constrained_17L_tile7_4x256 -> Level: IntermediateRegister: memory footprint: 834 VS memory available: 100
CONSTRAINTS VIOLATION: Arch: Eyeriss_Constrained_17L_tile7_4x256 -> Level: OutRegister: memory footprint: 128 VS memory available: 64",0.000e+00,0.000e+00,0.00e+00,0,0.0,0.0,
resnet18_17layer_2026-02-21T07:00:34.251664,resnet18,17layer,full,17,eyeriss,thesis_arch,1056,524,128,256,16,7,False,False,"Ill-posed constraints:
CONSTRAINTS VIOLATION: Arch: Eyeriss_Constrained_17L_tile7_16x256 -> Level: IntermediateRegister: memory footprint: 209 VS memory available: 100",0.000e+00,0.000e+00,0.00e+00,0,0.0,0.0,
resnet18_17layer_2026-02-21T07:00:34.851977,resnet18,17layer,full,17,eyeriss,thesis_arch,1056,524,128,256,32,7,False,False,"Ill-posed constraints:
CONSTRAINTS VIOLATION: Arch: Eyeriss_Constrained_17L_tile7_32x256 -> Level: IntermediateRegister: memory footprint: 105 VS memory available: 100",0.000e+00,0.000e+00,0.00e+00,0,0.0,0.0,
resnet18_17layer_2026-02-21T07:00:35.866136,resnet18,17layer,full,17,eyeriss,thesis_arch,1056,524,128,256,64,7,False,True,,1.141e+05,3.042e+06,3.53e+05,"(6237786304, 2736486144)",0.0008221660582421464,0.9079468250274658,DRAM[P=7 Q=1 Z16=1 C16=1 R16=1 S16=1 Y15=7 X15=1 Z15=1 C15=1 R15=1 S15=1 Y14=7 X14=1 Z14=1 C14=1 R14=1 S14=1 Y13=14 X13=2 Z13=1 C13=1 R13=1 S13=1 Y12=14 X12=2 Z12=1 C12=1 R12=1 S12=1 Y11=14 X11=2 Z11=1 C11=1 R11=1 S11=1 Y10=14 X10=2 Z10=1 C10=1 R10=1 S10=1 Y9=28 X9=4 Z9=1 C9=1 R9=1 S9=1 Y8=28 X8=4 Z8=1 C8=1 R8=1 S8=1 Y7=28 X7=4 Z7=1 C7=1 R7=1 S7=1 Y6=28 X6=4 Z6=1 C6=1 R6=1 S6=1 Y5=56 X5=8 Z5=1 C5=1 R5=1 S5=1 Y4=56 X4=8 Z4=1 C4=1 R4=1 S4=1 Y3=56 X3=8 Z3=1 C3=1 R3=1 S3=1 Y2=56 X2=8 Z2=1 C2=1 R2=1 S2=1 Y1=56 X1=8 Z1=1 C1=1 R1=1 S1=1 Y0=112 X0=16 Z0=1 C0=1 R0=1 S0=1] GlobalBuffer[P=1 Q=7 Z16=1 C16=1 R16=1 S16=1 Y15=1 X15=7 Z15=1 C15=1 R15=1 S15=1 Y14=1 X14=7 Z14=1 C14=1 R14=1 S14=1 Y13=1 X13=7 Z13=1 C13=1 R13=1 S13=1 Y12=1 X12=7 Z12=1 C12=1 R12=1 S12=1 Y11=1 X11=7 Z11=1 C11=1 R11=1 S11=1 Y10=1 X10=7 Z10=1 C10=1 R10=1 S10=1 Y9=1 X9=7 Z9=1 C9=1 R9=1 S9=1 Y8=1 X8=7 Z8=1 C8=1 R8=1 S8=1 Y7=1 X7=7 Z7=1 C7=1 R7=1 S7=1 Y6=1 X6=7 Z6=1 C6=1 R6=1 S6=1 Y5=1 X5=7 Z5=1 C5=1 R5=1 S5=1 Y4=1 X4=7 Z4=1 C4=1 R4=1 S4=1 Y3=1 X3=7 Z3=1 C3=1 R3=1 S3=1 Y2=1 X2=7 Z2=1 C2=1 R2=1 S2=1 Y1=1 X1=7 Z1=1 C1=1 R1=1 S1=1 Y0=1 X0=7 Z0=1 C0=1 R0=1 S0=1] SACols[Q=1 Z16=64] SARows[S16=3 C16=64 Z16=1] SACols_15[X15=1 Z15=64] SARows_15[S15=3 C15=64 Z15=1] SACols_14[X14=1 Z14=64] SARows_14[S14=3 C14=64 Z14=1] SACols_13[X13=1 Z13=64] SARows_13[S13=3 C13=64 Z13=1] SACols_12[X12=1 Z12=64] SARows_12[S12=3 C12=64 Z12=1] SACols_11[X11=1 Z11=64] SARows_11[S11=3 C11=64 Z11=1] SACols_10[X10=1 Z10=64] SARows_10[S10=3 C10=64 Z10=1] SACols_9[X9=1 Z9=64] SARows_9[S9=3 C9=64 Z9=1] SACols_8[X8=1 Z8=64] SARows_8[S8=3 C8=64 Z8=1] SACols_7[X7=1 Z7=64] SARows_7[S7=3 C7=64 Z7=1] SACols_6[X6=1 Z6=64] SARows_6[S6=3 C6=64 Z6=1] SACols_5[X5=1 Z5=64] SARows_5[S5=3 C5=64 Z5=1] SACols_4[X4=1 Z4=64] SARows_4[S4=3 C4=64 Z4=1] SACols_3[X3=1 Z3=64] SARows_3[S3=3 C3=64 Z3=1] SACols_2[X2=1 Z2=64] SARows_2[S2=3 C2=64 Z2=1] SACols_1[X1=1 Z1=64] SARows_1[S1=3 C1=64 Z1=1] SACols_0[X0=1 Z0=64] SARows_0[S0=7 C0=3 Z0=1] InRegister[P=1 Q=1 Z16=1 C16=1 R16=1 S16=1 Y15=1 X15=1 Z15=1 C15=1 R15=1 S15=1 Y14=1 X14=1 Z14=1 C14=1 R14=1 S14=1 Y13=1 X13=1 Z13=1 C13=1 R13=1 S13=1 Y12=1 X12=1 Z12=1 C12=1 R12=1 S12=1 Y11=1 X11=1 Z11=1 C11=1 R11=1 S11=1 Y10=1 X10=1 Z10=1 C10=1 R10=1 S10=1 Y9=1 X9=1 Z9=1 C9=1 R9=1 S9=1 Y8=1 X8=1 Z8=1 C8=1 R8=1 S8=1 Y7=1 X7=1 Z7=1 C7=1 R7=1 S7=1 Y6=1 X6=1 Z6=1 C6=1 R6=1 S6=1 Y5=1 X5=1 Z5=1 C5=1 R5=1 S5=1 Y4=1 X4=1 Z4=1 C4=1 R4=1 S4=1 Y3=1 X3=1 Z3=1 C3=1 R3=1 S3=1 Y2=1 X2=1 Z2=1 C2=1 R2=1 S2=1 Y1=1 X1=1 Z1=1 C1=1 R1=1 S1=1 Y0=1 X0=1 Z0=1 C0=1 R0=1 S0=1] WRegister[P=1 Q=1 Z16=1 C16=8 R16=3 S16=1 Y15=1 X15=1 Z15=1 C15=8 R15=3 S15=1 Y14=1 X14=1 Z14=1 C14=8 R14=3 S14=1 Y13=1 X13=1 Z13=1 C13=4 R13=3 S13=1 Y12=1 X12=1 Z12=1 C12=4 R12=3 S12=1 Y11=1 X11=1 Z11=1 C11=4 R11=3 S11=1 Y10=1 X10=1 Z10=1 C10=4 R10=3 S10=1 Y9=1 X9=1 Z9=1 C9=2 R9=3 S9=1 Y8=1 X8=1 Z8=1 C8=2 R8=3 S8=1 Y7=1 X7=1 Z7=1 C7=2 R7=3 S7=1 Y6=1 X6=1 Z6=1 C6=2 R6=3 S6=1 Y5=1 X5=1 Z5=1 C5=1 R5=3 S5=1 Y4=1 X4=1 Z4=1 C4=1 R4=3 S4=1 Y3=1 X3=1 Z3=1 C3=1 R3=3 S3=1 Y2=1 X2=1 Z2=1 C2=1 R2=3 S2=1 Y1=1 X1=1 Z1=1 C1=1 R1=3 S1=1 Y0=1 X0=1 Z0=1 C0=1 R0=7 S0=1] IntermediateRegister[P=1 Q=1 Z16=1 C16=1 R16=1 S16=1 Y15=1 X15=1 Z15=8 C15=1 R15=1 S15=1 Y14=1 X14=1 Z14=8 C14=1 R14=1 S14=1 Y13=1 X13=1 Z13=8 C13=1 R13=1 S13=1 Y12=1 X12=1 Z12=4 C12=1 R12=1 S12=1 Y11=1 X11=1 Z11=4 C11=1 R11=1 S11=1 Y10=1 X10=1 Z10=4 C10=1 R10=1 S10=1 Y9=1 X9=1 Z9=4 C9=1 R9=1 S9=1 Y8=1 X8=1 Z8=2 C8=1 R8=1 S8=1 Y7=1 X7=1 Z7=2 C7=1 R7=1 S7=1 Y6=1 X6=1 Z6=2 C6=1 R6=1 S6=1 Y5=1 X5=1 Z5=2 C5=1 R5=1 S5=1 Y4=1 X4=1 Z4=1 C4=1 R4=1 S4=1 Y3=1 X3=1 Z3=1 C3=1 R3=1 S3=1 Y2=1 X2=1 Z2=1 C2=1 R2=1 S2=1 Y1=1 X1=1 Z1=1 C1=1 R1=1 S1=1 Y0=1 X0=1 Z0=1 C0=1 R0=1 S0=1] OutRegister[P=1 Q=1 Z16=8 C16=1 R16=1 S16=1 Y15=1 X15=1 Z15=1 C15=1 R15=1 S15=1 Y14=1 X14=1 Z14=1 C14=1 R14=1 S14=1 Y13=1 X13=1 Z13=1 C13=1 R13=1 S13=1 Y12=1 X12=1 Z12=1 C12=1 R12=1 S12=1 Y11=1 X11=1 Z11=1 C11=1 R11=1 S11=1 Y10=1 X10=1 Z10=1 C10=1 R10=1 S10=1 Y9=1 X9=1 Z9=1 C9=1 R9=1 S9=1 Y8=1 X8=1 Z8=1 C8=1 R8=1 S8=1 Y7=1 X7=1 Z7=1 C7=1 R7=1 S7=1 Y6=1 X6=1 Z6=1 C6=1 R6=1 S6=1 Y5=1 X5=1 Z5=1 C5=1 R5=1 S5=1 Y4=1 X4=1 Z4=1 C4=1 R4=1 S4=1 Y3=1 X3=1 Z3=1 C3=1 R3=1 S3=1 Y2=1 X2=1 Z2=1 C2=1 R2=1 S2=1 Y1=1 X1=1 Z1=1 C1=1 R1=1 S1=1 Y0=1 X0=1 Z0=1 C0=1 R0=1 S0=1] Compute] 
resnet18_17layer_2026-02-21T07:00:37.448983,resnet18,17layer,full,17,eyeriss,thesis_arch,1056,524,128,512,4,7,False,False,"Ill-posed constraints:
CONSTRAINTS VIOLATION: Arch: Eyeriss_Constrained_17L_tile7_4x512 -> Level: WRegister: memory footprint: 7159 VS memory available: 4000
CONSTRAINTS VIOLATION: Arch: Eyeriss_Constrained_17L_tile7_4x512 -> Level: IntermediateRegister: memory footprint: 785 VS memory available: 100
CONSTRAINTS VIOLATION: Arch: Eyeriss_Constrained_17L_tile7_4x512 -> Level: OutRegister: memory footprint: 128 VS memory available: 64",0.000e+00,0.000e+00,0.00e+00,0,0.0,0.0,
resnet18_17layer_2026-02-21T07:00:38.450282,resnet18,17layer,full,17,eyeriss,thesis_arch,1056,524,128,512,16,7,False,False,"Ill-posed constraints:
CONSTRAINTS VIOLATION: Arch: Eyeriss_Constrained_17L_tile7_16x512 -> Level: IntermediateRegister: memory footprint: 197 VS memory available: 100",0.000e+00,0.000e+00,0.00e+00,0,0.0,0.0,
resnet18_17layer_2026-02-21T07:00:39.302485,resnet18,17layer,full,17,eyeriss,thesis_arch,1056,524,128,512,32,7,False,True,,1.136e+05,3.042e+06,3.51e+05,"(6204068032, 2890626816)",0.0008221660582421464,0.8863799571990967,DRAM[P=7 Q=1 Z16=1 C16=1 R16=1 S16=1 Y15=7 X15=1 Z15=1 C15=1 R15=1 S15=1 Y14=7 X14=1 Z14=1 C14=1 R14=1 S14=1 Y13=14 X13=2 Z13=1 C13=1 R13=1 S13=1 Y12=14 X12=2 Z12=1 C12=1 R12=1 S12=1 Y11=14 X11=2 Z11=1 C11=1 R11=1 S11=1 Y10=14 X10=2 Z10=1 C10=1 R10=1 S10=1 Y9=28 X9=4 Z9=1 C9=1 R9=1 S9=1 Y8=28 X8=4 Z8=1 C8=1 R8=1 S8=1 Y7=28 X7=4 Z7=1 C7=1 R7=1 S7=1 Y6=28 X6=4 Z6=1 C6=1 R6=1 S6=1 Y5=56 X5=8 Z5=1 C5=1 R5=1 S5=1 Y4=56 X4=8 Z4=1 C4=1 R4=1 S4=1 Y3=56 X3=8 Z3=1 C3=1 R3=1 S3=1 Y2=56 X2=8 Z2=1 C2=1 R2=1 S2=1 Y1=56 X1=8 Z1=1 C1=1 R1=1 S1=1 Y0=112 X0=16 Z0=1 C0=1 R0=1 S0=1] GlobalBuffer[P=1 Q=7 Z16=1 C16=1 R16=1 S16=1 Y15=1 X15=7 Z15=1 C15=1 R15=1 S15=1 Y14=1 X14=7 Z14=1 C14=1 R14=1 S14=1 Y13=1 X13=7 Z13=1 C13=1 R13=1 S13=1 Y12=1 X12=7 Z12=1 C12=1 R12=1 S12=1 Y11=1 X11=7 Z11=1 C11=1 R11=1 S11=1 Y10=1 X10=7 Z10=1 C10=1 R10=1 S10=1 Y9=1 X9=7 Z9=1 C9=1 R9=1 S9=1 Y8=1 X8=7 Z8=1 C8=1 R8=1 S8=1 Y7=1 X7=7 Z7=1 C7=1 R7=1 S7=1 Y6=1 X6=7 Z6=1 C6=1 R6=1 S6=1 Y5=1 X5=7 Z5=1 C5=1 R5=1 S5=1 Y4=1 X4=7 Z4=1 C4=1 R4=1 S4=1 Y3=1 X3=7 Z3=1 C3=1 R3=1 S3=1 Y2=1 X2=7 Z2=1 C2=1 R2=1 S2=1 Y1=1 X1=7 Z1=1 C1=1 R1=1 S1=1 Y0=1 X0=7 Z0=1 C0=1 R0=1 S0=1] SACols[Q=1 Z16=32] SARows[S16=3 C16=128 Z16=1] SACols_15[X15=1 Z15=32] SARows_15[S15=3 C15=128 Z15=1] SACols_14[X14=1 Z14=32] SARows_14[S14=3 C14=128 Z14=1] SACols_13[X13=1 Z13=32] SARows_13[S13=3 C13=128 Z13=1] SACols_12[X12=1 Z12=32] SARows_12[S12=3 C12=128 Z12=1] SACols_11[X11=1 Z11=32] SARows_11[S11=3 C11=128 Z11=1] SACols_10[X10=1 Z10=32] SARows_10[S10=3 C10=128 Z10=1] SACols_9[X9=1 Z9=32] SARows_9[S9=3 C9=128 Z9=1] SACols_8[X8=1 Z8=32] SARows_8[S8=3 C8=128 Z8=1] SACols_7[X7=1 Z7=32] SARows_7[S7=3 C7=128 Z7=1] SACols_6[X6=1 Z6=32] SARows_6[S6=3 C6=128 Z6=1] SACols_5[X5=1 Z5=32] SARows_5[S5=3 C5=64 Z5=2] SACols_4[X4=1 Z4=32] SARows_4[S4=3 C4=64 Z4=2] SACols_3[X3=1 Z3=32] SARows_3[S3=3 C3=64 Z3=2] SACols_2[X2=1 Z2=32] SARows_2[S2=3 C2=64 Z2=2] SACols_1[X1=1 Z1=32] SARows_1[S1=3 C1=64 Z1=2] SACols_0[X0=1 Z0=32] SARows_0[S0=7 C0=3 Z0=2] InRegister[P=1 Q=1 Z16=1 C16=1 R16=1 S16=1 Y15=1 X15=1 Z15=1 C15=1 R15=1 S15=1 Y14=1 X14=1 Z14=1 C14=1 R14=1 S14=1 Y13=1 X13=1 Z13=1 C13=1 R13=1 S13=1 Y12=1 X12=1 Z12=1 C12=1 R12=1 S12=1 Y11=1 X11=1 Z11=1 C11=1 R11=1 S11=1 Y10=1 X10=1 Z10=1 C10=1 R10=1 S10=1 Y9=1 X9=1 Z9=1 C9=1 R9=1 S9=1 Y8=1 X8=1 Z8=1 C8=1 R8=1 S8=1 Y7=1 X7=1 Z7=1 C7=1 R7=1 S7=1 Y6=1 X6=1 Z6=1 C6=1 R6=1 S6=1 Y5=1 X5=1 Z5=1 C5=1 R5=1 S5=1 Y4=1 X4=1 Z4=1 C4=1 R4=1 S4=1 Y3=1 X3=1 Z3=1 C3=1 R3=1 S3=1 Y2=1 X2=1 Z2=1 C2=1 R2=1 S2=1 Y1=1 X1=1 Z1=1 C1=1 R1=1 S1=1 Y0=1 X0=1 Z0=1 C0=1 R0=1 S0=1] WRegister[P=1 Q=1 Z16=1 C16=4 R16=3 S16=1 Y15=1 X15=1 Z15=1 C15=4 R15=3 S15=1 Y14=1 X14=1 Z14=1 C14=4 R14=3 S14=1 Y13=1 X13=1 Z13=1 C13=2 R13=3 S13=1 Y12=1 X12=1 Z12=1 C12=2 R12=3 S12=1 Y11=1 X11=1 Z11=1 C11=2 R11=3 S11=1 Y10=1 X10=1 Z10=1 C10=2 R10=3 S10=1 Y9=1 X9=1 Z9=1 C9=1 R9=3 S9=1 Y8=1 X8=1 Z8=1 C8=1 R8=3 S8=1 Y7=1 X7=1 Z7=1 C7=1 R7=3 S7=1 Y6=1 X6=1 Z6=1 C6=1 R6=3 S6=1 Y5=1 X5=1 Z5=1 C5=1 R5=3 S5=1 Y4=1 X4=1 Z4=1 C4=1 R4=3 S4=1 Y3=1 X3=1 Z3=1 C3=1 R3=3 S3=1 Y2=1 X2=1 Z2=1 C2=1 R2=3 S2=1 Y1=1 X1=1 Z1=1 C1=1 R1=3 S1=1 Y0=1 X0=1 Z0=1 C0=1 R0=7 S0=1] IntermediateRegister[P=1 Q=1 Z16=1 C16=1 R16=1 S16=1 Y15=1 X15=1 Z15=16 C15=1 R15=1 S15=1 Y14=1 X14=1 Z14=16 C14=1 R14=1 S14=1 Y13=1 X13=1 Z13=16 C13=1 R13=1 S13=1 Y12=1 X12=1 Z12=8 C12=1 R12=1 S12=1 Y11=1 X11=1 Z11=8 C11=1 R11=1 S11=1 Y10=1 X10=1 Z10=8 C10=1 R10=1 S10=1 Y9=1 X9=1 Z9=8 C9=1 R9=1 S9=1 Y8=1 X8=1 Z8=4 C8=1 R8=1 S8=1 Y7=1 X7=1 Z7=4 C7=1 R7=1 S7=1 Y6=1 X6=1 Z6=4 C6=1 R6=1 S6=1 Y5=1 X5=1 Z5=2 C5=1 R5=1 S5=1 Y4=1 X4=1 Z4=1 C4=1 R4=1 S4=1 Y3=1 X3=1 Z3=1 C3=1 R3=1 S3=1 Y2=1 X2=1 Z2=1 C2=1 R2=1 S2=1 Y1=1 X1=1 Z1=1 C1=1 R1=1 S1=1 Y0=1 X0=1 Z0=1 C0=1 R0=1 S0=1] OutRegister[P=1 Q=1 Z16=16 C16=1 R16=1 S16=1 Y15=1 X15=1 Z15=1 C15=1 R15=1 S15=1 Y14=1 X14=1 Z14=1 C14=1 R14=1 S14=1 Y13=1 X13=1 Z13=1 C13=1 R13=1 S13=1 Y12=1 X12=1 Z12=1 C12=1 R12=1 S12=1 Y11=1 X11=1 Z11=1 C11=1 R11=1 S11=1 Y10=1 X10=1 Z10=1 C10=1 R10=1 S10=1 Y9=1 X9=1 Z9=1 C9=1 R9=1 S9=1 Y8=1 X8=1 Z8=1 C8=1 R8=1 S8=1 Y7=1 X7=1 Z7=1 C7=1 R7=1 S7=1 Y6=1 X6=1 Z6=1 C6=1 R6=1 S6=1 Y5=1 X5=1 Z5=1 C5=1 R5=1 S5=1 Y4=1 X4=1 Z4=1 C4=1 R4=1 S4=1 Y3=1 X3=1 Z3=1 C3=1 R3=1 S3=1 Y2=1 X2=1 Z2=1 C2=1 R2=1 S2=1 Y1=1 X1=1 Z1=1 C1=1 R1=1 S1=1 Y0=1 X0=1 Z0=1 C0=1 R0=1 S0=1] Compute] 
resnet18_17layer_2026-02-21T07:00:41.018212,resnet18,17layer,full,17,eyeriss,thesis_arch,1056,524,128,4,4,7,False,False,"Arch: Eyeriss_Constrained_17L_tile7_4x4 -> Level: SARows_0: Failed to fit comp to arch because the level's constraint (S0: 4) does not divide comp dimension S0 (7) exactly. To compensate, consider setting 'Settings.PADDED_MAPPINGS' to True.",0.000e+00,0.000e+00,0.00e+00,0,0.0,0.0,
resnet18_17layer_2026-02-21T07:00:41.528266,resnet18,17layer,full,17,eyeriss,thesis_arch,1056,524,128,4,16,7,False,False,"Arch: Eyeriss_Constrained_17L_tile7_16x4 -> Level: SARows_0: Failed to fit comp to arch because the level's constraint (S0: 4) does not divide comp dimension S0 (7) exactly. To compensate, consider setting 'Settings.PADDED_MAPPINGS' to True.",0.000e+00,0.000e+00,0.00e+00,0,0.0,0.0,
resnet18_17layer_2026-02-21T07:00:42.075348,resnet18,17layer,full,17,eyeriss,thesis_arch,1056,524,128,4,32,7,False,False,"Arch: Eyeriss_Constrained_17L_tile7_32x4 -> Level: SARows_0: Failed to fit comp to arch because the level's constraint (S0: 4) does not divide comp dimension S0 (7) exactly. To compensate, consider setting 'Settings.PADDED_MAPPINGS' to True.",0.000e+00,0.000e+00,0.00e+00,0,0.0,0.0,
resnet18_17layer_2026-02-21T07:00:42.772327,resnet18,17layer,full,17,eyeriss,thesis_arch,1056,524,128,4,64,7,False,False,"Arch: Eyeriss_Constrained_17L_tile7_64x4 -> Level: SARows_0: Failed to fit comp to arch because the level's constraint (S0: 4) does not divide comp dimension S0 (7) exactly. To compensate, consider setting 'Settings.PADDED_MAPPINGS' to True.",0.000e+00,0.000e+00,0.00e+00,0,0.0,0.0,
resnet18_17layer_2026-02-21T07:00:43.237200,resnet18,17layer,full,17,eyeriss,thesis_arch,1056,524,128,4,128,7,False,False,"Arch: Eyeriss_Constrained_17L_tile7_128x4 -> Level: SARows_0: Failed to fit comp to arch because the level's constraint (S0: 4) does not divide comp dimension S0 (7) exactly. To compensate, consider setting 'Settings.PADDED_MAPPINGS' to True.",0.000e+00,0.000e+00,0.00e+00,0,0.0,0.0,
resnet18_17layer_2026-02-21T07:00:43.892880,resnet18,17layer,full,17,eyeriss,thesis_arch,1056,524,128,4,256,7,False,False,"Arch: Eyeriss_Constrained_17L_tile7_256x4 -> Level: SARows_0: Failed to fit comp to arch because the level's constraint (S0: 4) does not divide comp dimension S0 (7) exactly. To compensate, consider setting 'Settings.PADDED_MAPPINGS' to True.",0.000e+00,0.000e+00,0.00e+00,0,0.0,0.0,
resnet18_17layer_2026-02-21T07:00:44.616920,resnet18,17layer,full,17,eyeriss,thesis_arch,1056,524,128,4,512,7,False,False,"Arch: Eyeriss_Constrained_17L_tile7_512x4 -> Level: SARows_0: Failed to fit comp to arch because the level's constraint (S0: 4) does not divide comp dimension S0 (7) exactly. To compensate, consider setting 'Settings.PADDED_MAPPINGS' to True.",0.000e+00,0.000e+00,0.00e+00,0,0.0,0.0,
resnet18_17layer_2026-02-21T07:00:45.294591,resnet18,17layer,full,17,eyeriss,thesis_arch,1056,524,128,16,4,7,False,False,"Ill-posed constraints:
CONSTRAINTS VIOLATION: Arch: Eyeriss_Constrained_17L_tile7_4x16 -> Level: InRegister: memory footprint: 2584 VS memory available: 400
CONSTRAINTS VIOLATION: Arch: Eyeriss_Constrained_17L_tile7_4x16 -> Level: WRegister: memory footprint: 229032 VS memory available: 4000
CONSTRAINTS VIOLATION: Arch: Eyeriss_Constrained_17L_tile7_4x16 -> Level: IntermediateRegister: memory footprint: 840 VS memory available: 200
CONSTRAINTS VIOLATION: Arch: Eyeriss_Constrained_17L_tile7_4x16 -> Level: OutRegister: memory footprint: 128 VS memory available: 64",0.000e+00,0.000e+00,0.00e+00,0,0.0,0.0,
resnet18_17layer_2026-02-21T07:00:46.175694,resnet18,17layer,full,17,eyeriss,thesis_arch,1056,524,128,16,16,7,False,False,"Ill-posed constraints:
CONSTRAINTS VIOLATION: Arch: Eyeriss_Constrained_17L_tile7_16x16 -> Level: InRegister: memory footprint: 2584 VS memory available: 400
CONSTRAINTS VIOLATION: Arch: Eyeriss_Constrained_17L_tile7_16x16 -> Level: WRegister: memory footprint: 57258 VS memory available: 4000
CONSTRAINTS VIOLATION: Arch: Eyeriss_Constrained_17L_tile7_16x16 -> Level: IntermediateRegister: memory footprint: 210 VS memory available: 200",0.000e+00,0.000e+00,0.00e+00,0,0.0,0.0,
resnet18_17layer_2026-02-21T07:00:46.918528,resnet18,17layer,full,17,eyeriss,thesis_arch,1056,524,128,16,32,7,False,False,"Ill-posed constraints:
CONSTRAINTS VIOLATION: Arch: Eyeriss_Constrained_17L_tile7_32x16 -> Level: InRegister: memory footprint: 2584 VS memory available: 400
CONSTRAINTS VIOLATION: Arch: Eyeriss_Constrained_17L_tile7_32x16 -> Level: WRegister: memory footprint: 28629 VS memory available: 4000",0.000e+00,0.000e+00,0.00e+00,0,0.0,0.0,
resnet18_17layer_2026-02-21T07:00:47.578903,resnet18,17layer,full,17,eyeriss,thesis_arch,1056,524,128,16,64,7,False,False,"Ill-posed constraints:
CONSTRAINTS VIOLATION: Arch: Eyeriss_Constrained_17L_tile7_64x16 -> Level: InRegister: memory footprint: 2584 VS memory available: 400
CONSTRAINTS VIOLATION: Arch: Eyeriss_Constrained_17L_tile7_64x16 -> Level: WRegister: memory footprint: 14325 VS memory available: 4000",0.000e+00,0.000e+00,0.00e+00,0,0.0,0.0,
resnet18_17layer_2026-02-21T07:00:48.188868,resnet18,17layer,full,17,eyeriss,thesis_arch,1056,524,128,16,128,7,False,False,"Ill-posed constraints:
CONSTRAINTS VIOLATION: Arch: Eyeriss_Constrained_17L_tile7_128x16 -> Level: InRegister: memory footprint: 2584 VS memory available: 400
CONSTRAINTS VIOLATION: Arch: Eyeriss_Constrained_17L_tile7_128x16 -> Level: WRegister: memory footprint: 7269 VS memory available: 4000",0.000e+00,0.000e+00,0.00e+00,0,0.0,0.0,
resnet18_17layer_2026-02-21T07:00:48.791349,resnet18,17layer,full,17,eyeriss,thesis_arch,1056,524,128,16,256,7,False,False,"Ill-posed constraints:
CONSTRAINTS VIOLATION: Arch: Eyeriss_Constrained_17L_tile7_256x16 -> Level: InRegister: memory footprint: 2584 VS memory available: 400",0.000e+00,0.000e+00,0.00e+00,0,0.0,0.0,
resnet18_17layer_2026-02-21T07:00:49.894381,resnet18,17layer,full,17,eyeriss,thesis_arch,1056,524,128,16,512,7,False,False,"Ill-posed constraints:
CONSTRAINTS VIOLATION: Arch: Eyeriss_Constrained_17L_tile7_512x16 -> Level: InRegister: memory footprint: 2584 VS memory available: 400",0.000e+00,0.000e+00,0.00e+00,0,0.0,0.0,
resnet18_17layer_2026-02-21T07:00:50.657790,resnet18,17layer,full,17,eyeriss,thesis_arch,1056,524,128,32,4,7,False,False,"Ill-posed constraints:
CONSTRAINTS VIOLATION: Arch: Eyeriss_Constrained_17L_tile7_4x32 -> Level: InRegister: memory footprint: 1286 VS memory available: 400
CONSTRAINTS VIOLATION: Arch: Eyeriss_Constrained_17L_tile7_4x32 -> Level: WRegister: memory footprint: 114544 VS memory available: 4000
CONSTRAINTS VIOLATION: Arch: Eyeriss_Constrained_17L_tile7_4x32 -> Level: IntermediateRegister: memory footprint: 848 VS memory available: 200
CONSTRAINTS VIOLATION: Arch: Eyeriss_Constrained_17L_tile7_4x32 -> Level: OutRegister: memory footprint: 128 VS memory available: 64",0.000e+00,0.000e+00,0.00e+00,0,0.0,0.0,
resnet18_17layer_2026-02-21T07:00:51.327537,resnet18,17layer,full,17,eyeriss,thesis_arch,1056,524,128,32,16,7,False,False,"Ill-posed constraints:
CONSTRAINTS VIOLATION: Arch: Eyeriss_Constrained_17L_tile7_16x32 -> Level: InRegister: memory footprint: 1286 VS memory available: 400
CONSTRAINTS VIOLATION: Arch: Eyeriss_Constrained_17L_tile7_16x32 -> Level: WRegister: memory footprint: 28636 VS memory available: 4000
CONSTRAINTS VIOLATION: Arch: Eyeriss_Constrained_17L_tile7_16x32 -> Level: IntermediateRegister: memory footprint: 212 VS memory available: 200",0.000e+00,0.000e+00,0.00e+00,0,0.0,0.0,
resnet18_17layer_2026-02-21T07:00:51.937450,resnet18,17layer,full,17,eyeriss,thesis_arch,1056,524,128,32,32,7,False,False,"Ill-posed constraints:
CONSTRAINTS VIOLATION: Arch: Eyeriss_Constrained_17L_tile7_32x32 -> Level: InRegister: memory footprint: 1286 VS memory available: 400
CONSTRAINTS VIOLATION: Arch: Eyeriss_Constrained_17L_tile7_32x32 -> Level: WRegister: memory footprint: 14318 VS memory available: 4000",0.000e+00,0.000e+00,0.00e+00,0,0.0,0.0,
resnet18_17layer_2026-02-21T07:00:52.447647,resnet18,17layer,full,17,eyeriss,thesis_arch,1056,524,128,32,64,7,False,False,"Ill-posed constraints:
CONSTRAINTS VIOLATION: Arch: Eyeriss_Constrained_17L_tile7_64x32 -> Level: InRegister: memory footprint: 1286 VS memory available: 400
CONSTRAINTS VIOLATION: Arch: Eyeriss_Constrained_17L_tile7_64x32 -> Level: WRegister: memory footprint: 7159 VS memory available: 4000",0.000e+00,0.000e+00,0.00e+00,0,0.0,0.0,
resnet18_17layer_2026-02-21T07:00:52.967896,resnet18,17layer,full,17,eyeriss,thesis_arch,1056,524,128,32,128,7,False,False,"Ill-posed constraints:
CONSTRAINTS VIOLATION: Arch: Eyeriss_Constrained_17L_tile7_128x32 -> Level: InRegister: memory footprint: 1286 VS memory available: 400",0.000e+00,0.000e+00,0.00e+00,0,0.0,0.0,
resnet18_17layer_2026-02-21T07:00:53.740508,resnet18,17layer,full,17,eyeriss,thesis_arch,1056,524,128,32,256,7,False,False,"Ill-posed constraints:
CONSTRAINTS VIOLATION: Arch: Eyeriss_Constrained_17L_tile7_256x32 -> Level: InRegister: memory footprint: 1286 VS memory available: 400",0.000e+00,0.000e+00,0.00e+00,0,0.0,0.0,
resnet18_17layer_2026-02-21T07:00:54.131339,resnet18,17layer,full,17,eyeriss,thesis_arch,1056,524,128,32,512,7,False,False,"Ill-posed constraints:
CONSTRAINTS VIOLATION: Arch: Eyeriss_Constrained_17L_tile7_512x32 -> Level: InRegister: memory footprint: 1286 VS memory available: 400",0.000e+00,0.000e+00,0.00e+00,0,0.0,0.0,
resnet18_17layer_2026-02-21T07:00:54.952715,resnet18,17layer,full,17,eyeriss,thesis_arch,1056,524,128,64,4,7,False,False,"Ill-posed constraints:
CONSTRAINTS VIOLATION: Arch: Eyeriss_Constrained_17L_tile7_4x64 -> Level: InRegister: memory footprint: 650 VS memory available: 400
CONSTRAINTS VIOLATION: Arch: Eyeriss_Constrained_17L_tile7_4x64 -> Level: WRegister: memory footprint: 57272 VS memory available: 4000
CONSTRAINTS VIOLATION: Arch: Eyeriss_Constrained_17L_tile7_4x64 -> Level: IntermediateRegister: memory footprint: 840 VS memory available: 200
CONSTRAINTS VIOLATION: Arch: Eyeriss_Constrained_17L_tile7_4x64 -> Level: OutRegister: memory footprint: 128 VS memory available: 64",0.000e+00,0.000e+00,0.00e+00,0,0.0,0.0,
resnet18_17layer_2026-02-21T07:00:55.661323,resnet18,17layer,full,17,eyeriss,thesis_arch,1056,524,128,64,16,7,False,False,"Ill-posed constraints:
CONSTRAINTS VIOLATION: Arch: Eyeriss_Constrained_17L_tile7_16x64 -> Level: InRegister: memory footprint: 650 VS memory available: 400
CONSTRAINTS VIOLATION: Arch: Eyeriss_Constrained_17L_tile7_16x64 -> Level: WRegister: memory footprint: 14318 VS memory available: 4000
CONSTRAINTS VIOLATION: Arch: Eyeriss_Constrained_17L_tile7_16x64 -> Level: IntermediateRegister: memory footprint: 210 VS memory available: 200",0.000e+00,0.000e+00,0.00e+00,0,0.0,0.0,
resnet18_17layer_2026-02-21T07:00:56.572862,resnet18,17layer,full,17,eyeriss,thesis_arch,1056,524,128,64,32,7,False,False,"Ill-posed constraints:
CONSTRAINTS VIOLATION: Arch: Eyeriss_Constrained_17L_tile7_32x64 -> Level: InRegister: memory footprint: 650 VS memory available: 400
CONSTRAINTS VIOLATION: Arch: Eyeriss_Constrained_17L_tile7_32x64 -> Level: WRegister: memory footprint: 7159 VS memory available: 4000",0.000e+00,0.000e+00,0.00e+00,0,0.0,0.0,
resnet18_17layer_2026-02-21T07:00:57.085952,resnet18,17layer,full,17,eyeriss,thesis_arch,1056,524,128,64,64,7,False,False,"Ill-posed constraints:
CONSTRAINTS VIOLATION: Arch: Eyeriss_Constrained_17L_tile7_64x64 -> Level: InRegister: memory footprint: 650 VS memory available: 400",0.000e+00,0.000e+00,0.00e+00,0,0.0,0.0,
resnet18_17layer_2026-02-21T07:00:57.543748,resnet18,17layer,full,17,eyeriss,thesis_arch,1056,524,128,64,128,7,False,False,"Ill-posed constraints:
CONSTRAINTS VIOLATION: Arch: Eyeriss_Constrained_17L_tile7_128x64 -> Level: InRegister: memory footprint: 650 VS memory available: 400",0.000e+00,0.000e+00,0.00e+00,0,0.0,0.0,
resnet18_17layer_2026-02-21T07:00:58.114604,resnet18,17layer,full,17,eyeriss,thesis_arch,1056,524,128,64,256,7,False,False,"Ill-posed constraints:
CONSTRAINTS VIOLATION: Arch: Eyeriss_Constrained_17L_tile7_256x64 -> Level: InRegister: memory footprint: 650 VS memory available: 400",0.000e+00,0.000e+00,0.00e+00,0,0.0,0.0,
resnet18_17layer_2026-02-21T07:00:58.809503,resnet18,17layer,full,17,eyeriss,thesis_arch,1056,524,128,128,4,7,False,False,"Ill-posed constraints:
CONSTRAINTS VIOLATION: Arch: Eyeriss_Constrained_17L_tile7_4x128 -> Level: WRegister: memory footprint: 28636 VS memory available: 4000
CONSTRAINTS VIOLATION: Arch: Eyeriss_Constrained_17L_tile7_4x128 -> Level: IntermediateRegister: memory footprint: 836 VS memory available: 200
CONSTRAINTS VIOLATION: Arch: Eyeriss_Constrained_17L_tile7_4x128 -> Level: OutRegister: memory footprint: 128 VS memory available: 64",0.000e+00,0.000e+00,0.00e+00,0,0.0,0.0,
resnet18_17layer_2026-02-21T07:00:59.683976,resnet18,17layer,full,17,eyeriss,thesis_arch,1056,524,128,128,16,7,False,False,"Ill-posed constraints:
CONSTRAINTS VIOLATION: Arch: Eyeriss_Constrained_17L_tile7_16x128 -> Level: WRegister: memory footprint: 7159 VS memory available: 4000
CONSTRAINTS VIOLATION: Arch: Eyeriss_Constrained_17L_tile7_16x128 -> Level: IntermediateRegister: memory footprint: 209 VS memory available: 200",0.000e+00,0.000e+00,0.00e+00,0,0.0,0.0,
resnet18_17layer_2026-02-21T07:01:00.305134,resnet18,17layer,full,17,eyeriss,thesis_arch,1056,524,128,128,32,7,False,True,,1.168e+05,3.059e+06,3.61e+05,"(5568237760, 2543810304)",0.0032886642329685856,0.8045592308044434,DRAM[P=7 Q=1 Z16=1 C16=1 R16=1 S16=1 Y15=7 X15=1 Z15=1 C15=1 R15=1 S15=1 Y14=7 X14=1 Z14=1 C14=1 R14=1 S14=1 Y13=14 X13=2 Z13=1 C13=1 R13=1 S13=1 Y12=14 X12=2 Z12=1 C12=1 R12=1 S12=1 Y11=14 X11=2 Z11=1 C11=1 R11=1 S11=1 Y10=14 X10=2 Z10=1 C10=1 R10=1 S10=1 Y9=28 X9=4 Z9=1 C9=1 R9=1 S9=1 Y8=28 X8=4 Z8=1 C8=1 R8=1 S8=1 Y7=28 X7=4 Z7=1 C7=1 R7=1 S7=1 Y6=28 X6=4 Z6=1 C6=1 R6=1 S6=1 Y5=56 X5=8 Z5=1 C5=1 R5=1 S5=1 Y4=56 X4=8 Z4=1 C4=1 R4=1 S4=1 Y3=56 X3=8 Z3=1 C3=1 R3=1 S3=1 Y2=56 X2=8 Z2=1 C2=1 R2=1 S2=1 Y1=56 X1=8 Z1=1 C1=1 R1=1 S1=1 Y0=112 X0=16 Z0=1 C0=1 R0=1 S0=1] GlobalBuffer[P=1 Q=7 Z16=1 C16=1 R16=1 S16=1 Y15=1 X15=7 Z15=1 C15=1 R15=1 S15=1 Y14=1 X14=7 Z14=1 C14=1 R14=1 S14=1 Y13=1 X13=7 Z13=1 C13=1 R13=1 S13=1 Y12=1 X12=7 Z12=1 C12=1 R12=1 S12=1 Y11=1 X11=7 Z11=1 C11=1 R11=1 S11=1 Y10=1 X10=7 Z10=1 C10=1 R10=1 S10=1 Y9=1 X9=7 Z9=1 C9=1 R9=1 S9=1 Y8=1 X8=7 Z8=1 C8=1 R8=1 S8=1 Y7=1 X7=7 Z7=1 C7=1 R7=1 S7=1 Y6=1 X6=7 Z6=1 C6=1 R6=1 S6=1 Y5=1 X5=7 Z5=1 C5=1 R5=1 S5=1 Y4=1 X4=7 Z4=1 C4=1 R4=1 S4=1 Y3=1 X3=7 Z3=1 C3=1 R3=1 S3=1 Y2=1 X2=7 Z2=1 C2=1 R2=1 S2=1 Y1=1 X1=7 Z1=1 C1=1 R1=1 S1=1 Y0=1 X0=7 Z0=1 C0=1 R0=1 S0=1] SACols[Q=1 Z16=32] SARows[S16=3 C16=32 Z16=1] SACols_15[X15=1 Z15=32] SARows_15[S15=3 C15=32 Z15=1] SACols_14[X14=1 Z14=32] SARows_14[S14=3 C14=32 Z14=1] SACols_13[X13=1 Z13=32] SARows_13[S13=3 C13=32 Z13=1] SACols_12[X12=1 Z12=32] SARows_12[S12=3 C12=32 Z12=1] SACols_11[X11=1 Z11=32] SARows_11[S11=3 C11=32 Z11=1] SACols_10[X10=1 Z10=32] SARows_10[S10=3 C10=32 Z10=1] SACols_9[X9=1 Z9=32] SARows_9[S9=3 C9=32 Z9=1] SACols_8[X8=1 Z8=32] SARows_8[S8=3 C8=32 Z8=1] SACols_7[X7=1 Z7=32] SARows_7[S7=3 C7=32 Z7=1] SACols_6[X6=1 Z6=32] SARows_6[S6=3 C6=32 Z6=1] SACols_5[X5=1 Z5=32] SARows_5[S5=3 C5=32 Z5=1] SACols_4[X4=1 Z4=32] SARows_4[S4=3 C4=32 Z4=1] SACols_3[X3=1 Z3=32] SARows_3[S3=3 C3=32 Z3=1] SACols_2[X2=1 Z2=32] SARows_2[S2=3 C2=32 Z2=1] SACols_1[X1=1 Z1=32] SARows_1[S1=3 C1=32 Z1=1] SACols_0[X0=1 Z0=32] SARows_0[S0=7 C0=3 Z0=2] InRegister[P=1 Q=1 Z16=1 C16=1 R16=1 S16=1 Y15=1 X15=1 Z15=1 C15=1 R15=1 S15=1 Y14=1 X14=1 Z14=1 C14=1 R14=1 S14=1 Y13=1 X13=1 Z13=1 C13=1 R13=1 S13=1 Y12=1 X12=1 Z12=1 C12=1 R12=1 S12=1 Y11=1 X11=1 Z11=1 C11=1 R11=1 S11=1 Y10=1 X10=1 Z10=1 C10=1 R10=1 S10=1 Y9=1 X9=1 Z9=1 C9=1 R9=1 S9=1 Y8=1 X8=1 Z8=1 C8=1 R8=1 S8=1 Y7=1 X7=1 Z7=1 C7=1 R7=1 S7=1 Y6=1 X6=1 Z6=1 C6=1 R6=1 S6=1 Y5=1 X5=1 Z5=1 C5=1 R5=1 S5=1 Y4=1 X4=1 Z4=1 C4=1 R4=1 S4=1 Y3=1 X3=1 Z3=1 C3=1 R3=1 S3=1 Y2=1 X2=1 Z2=1 C2=1 R2=1 S2=1 Y1=1 X1=1 Z1=1 C1=1 R1=1 S1=1 Y0=1 X0=1 Z0=1 C0=1 R0=1 S0=1] WRegister[P=1 Q=1 Z16=1 C16=16 R16=3 S16=1 Y15=1 X15=1 Z15=1 C15=16 R15=3 S15=1 Y14=1 X14=1 Z14=1 C14=16 R14=3 S14=1 Y13=1 X13=1 Z13=1 C13=8 R13=3 S13=1 Y12=1 X12=1 Z12=1 C12=8 R12=3 S12=1 Y11=1 X11=1 Z11=1 C11=8 R11=3 S11=1 Y10=1 X10=1 Z10=1 C10=8 R10=3 S10=1 Y9=1 X9=1 Z9=1 C9=4 R9=3 S9=1 Y8=1 X8=1 Z8=1 C8=4 R8=3 S8=1 Y7=1 X7=1 Z7=1 C7=4 R7=3 S7=1 Y6=1 X6=1 Z6=1 C6=4 R6=3 S6=1 Y5=1 X5=1 Z5=1 C5=2 R5=3 S5=1 Y4=1 X4=1 Z4=1 C4=2 R4=3 S4=1 Y3=1 X3=1 Z3=1 C3=2 R3=3 S3=1 Y2=1 X2=1 Z2=1 C2=2 R2=3 S2=1 Y1=1 X1=1 Z1=1 C1=2 R1=3 S1=1 Y0=1 X0=1 Z0=1 C0=1 R0=7 S0=1] IntermediateRegister[P=1 Q=1 Z16=1 C16=1 R16=1 S16=1 Y15=1 X15=1 Z15=16 C15=1 R15=1 S15=1 Y14=1 X14=1 Z14=16 C14=1 R14=1 S14=1 Y13=1 X13=1 Z13=16 C13=1 R13=1 S13=1 Y12=1 X12=1 Z12=8 C12=1 R12=1 S12=1 Y11=1 X11=1 Z11=8 C11=1 R11=1 S11=1 Y10=1 X10=1 Z10=8 C10=1 R10=1 S10=1 Y9=1 X9=1 Z9=8 C9=1 R9=1 S9=1 Y8=1 X8=1 Z8=4 C8=1 R8=1 S8=1 Y7=1 X7=1 Z7=4 C7=1 R7=1 S7=1 Y6=1 X6=1 Z6=4 C6=1 R6=1 S6=1 Y5=1 X5=1 Z5=4 C5=1 R5=1 S5=1 Y4=1 X4=1 Z4=2 C4=1 R4=1 S4=1 Y3=1 X3=1 Z3=2 C3=1 R3=1 S3=1 Y2=1 X2=1 Z2=2 C2=1 R2=1 S2=1 Y1=1 X1=1 Z1=2 C1=1 R1=1 S1=1 Y0=1 X0=1 Z0=1 C0=1 R0=1 S0=1] OutRegister[P=1 Q=1 Z16=16 C16=1 R16=1 S16=1 Y15=1 X15=1 Z15=1 C15=1 R15=1 S15=1 Y14=1 X14=1 Z14=1 C14=1 R14=1 S14=1 Y13=1 X13=1 Z13=1 C13=1 R13=1 S13=1 Y12=1 X12=1 Z12=1 C12=1 R12=1 S12=1 Y11=1 X11=1 Z11=1 C11=1 R11=1 S11=1 Y10=1 X10=1 Z10=1 C10=1 R10=1 S10=1 Y9=1 X9=1 Z9=1 C9=1 R9=1 S9=1 Y8=1 X8=1 Z8=1 C8=1 R8=1 S8=1 Y7=1 X7=1 Z7=1 C7=1 R7=1 S7=1 Y6=1 X6=1 Z6=1 C6=1 R6=1 S6=1 Y5=1 X5=1 Z5=1 C5=1 R5=1 S5=1 Y4=1 X4=1 Z4=1 C4=1 R4=1 S4=1 Y3=1 X3=1 Z3=1 C3=1 R3=1 S3=1 Y2=1 X2=1 Z2=1 C2=1 R2=1 S2=1 Y1=1 X1=1 Z1=1 C1=1 R1=1 S1=1 Y0=1 X0=1 Z0=1 C0=1 R0=1 S0=1] Compute] 
resnet18_17layer_2026-02-21T07:01:01.679057,resnet18,17layer,full,17,eyeriss,thesis_arch,1056,524,128,128,64,7,False,True,,1.189e+05,3.042e+06,3.68e+05,"(6045110464, 2543810304)",0.0016443321164842928,0.7542312145233154,DRAM[P=7 Q=1 Z16=1 C16=1 R16=1 S16=1 Y15=7 X15=1 Z15=1 C15=1 R15=1 S15=1 Y14=7 X14=1 Z14=1 C14=1 R14=1 S14=1 Y13=14 X13=2 Z13=1 C13=1 R13=1 S13=1 Y12=14 X12=2 Z12=1 C12=1 R12=1 S12=1 Y11=14 X11=2 Z11=1 C11=1 R11=1 S11=1 Y10=14 X10=2 Z10=1 C10=1 R10=1 S10=1 Y9=28 X9=4 Z9=1 C9=1 R9=1 S9=1 Y8=28 X8=4 Z8=1 C8=1 R8=1 S8=1 Y7=28 X7=4 Z7=1 C7=1 R7=1 S7=1 Y6=28 X6=4 Z6=1 C6=1 R6=1 S6=1 Y5=56 X5=8 Z5=1 C5=1 R5=1 S5=1 Y4=56 X4=8 Z4=1 C4=1 R4=1 S4=1 Y3=56 X3=8 Z3=1 C3=1 R3=1 S3=1 Y2=56 X2=8 Z2=1 C2=1 R2=1 S2=1 Y1=56 X1=8 Z1=1 C1=1 R1=1 S1=1 Y0=112 X0=16 Z0=1 C0=1 R0=1 S0=1] GlobalBuffer[P=1 Q=7 Z16=1 C16=1 R16=1 S16=1 Y15=1 X15=7 Z15=1 C15=1 R15=1 S15=1 Y14=1 X14=7 Z14=1 C14=1 R14=1 S14=1 Y13=1 X13=7 Z13=1 C13=1 R13=1 S13=1 Y12=1 X12=7 Z12=1 C12=1 R12=1 S12=1 Y11=1 X11=7 Z11=1 C11=1 R11=1 S11=1 Y10=1 X10=7 Z10=1 C10=1 R10=1 S10=1 Y9=1 X9=7 Z9=1 C9=1 R9=1 S9=1 Y8=1 X8=7 Z8=1 C8=1 R8=1 S8=1 Y7=1 X7=7 Z7=1 C7=1 R7=1 S7=1 Y6=1 X6=7 Z6=1 C6=1 R6=1 S6=1 Y5=1 X5=7 Z5=1 C5=1 R5=1 S5=1 Y4=1 X4=7 Z4=1 C4=1 R4=1 S4=1 Y3=1 X3=7 Z3=1 C3=1 R3=1 S3=1 Y2=1 X2=7 Z2=1 C2=1 R2=1 S2=1 Y1=1 X1=7 Z1=1 C1=1 R1=1 S1=1 Y0=1 X0=7 Z0=1 C0=1 R0=1 S0=1] SACols[Q=1 Z16=64] SARows[S16=3 C16=32 Z16=1] SACols_15[X15=1 Z15=64] SARows_15[S15=3 C15=32 Z15=1] SACols_14[X14=1 Z14=64] SARows_14[S14=3 C14=32 Z14=1] SACols_13[X13=1 Z13=64] SARows_13[S13=3 C13=32 Z13=1] SACols_12[X12=1 Z12=64] SARows_12[S12=3 C12=32 Z12=1] SACols_11[X11=1 Z11=64] SARows_11[S11=3 C11=32 Z11=1] SACols_10[X10=1 Z10=64] SARows_10[S10=3 C10=32 Z10=1] SACols_9[X9=1 Z9=64] SARows_9[S9=3 C9=32 Z9=1] SACols_8[X8=1 Z8=64] SARows_8[S8=3 C8=32 Z8=1] SACols_7[X7=1 Z7=64] SARows_7[S7=3 C7=32 Z7=1] SACols_6[X6=1 Z6=64] SARows_6[S6=3 C6=32 Z6=1] SACols_5[X5=1 Z5=64] SARows_5[S5=3 C5=32 Z5=1] SACols_4[X4=1 Z4=64] SARows_4[S4=3 C4=32 Z4=1] SACols_3[X3=1 Z3=64] SARows_3[S3=3 C3=32 Z3=1] SACols_2[X2=1 Z2=64] SARows_2[S2=3 C2=32 Z2=1] SACols_1[X1=1 Z1=64] SARows_1[S1=3 C1=32 Z1=1] SACols_0[X0=1 Z0=64] SARows_0[S0=7 C0=3 Z0=1] InRegister[P=1 Q=1 Z16=1 C16=1 R16=1 S16=1 Y15=1 X15=1 Z15=1 C15=1 R15=1 S15=1 Y14=1 X14=1 Z14=1 C14=1 R14=1 S14=1 Y13=1 X13=1 Z13=1 C13=1 R13=1 S13=1 Y12=1 X12=1 Z12=1 C12=1 R12=1 S12=1 Y11=1 X11=1 Z11=1 C11=1 R11=1 S11=1 Y10=1 X10=1 Z10=1 C10=1 R10=1 S10=1 Y9=1 X9=1 Z9=1 C9=1 R9=1 S9=1 Y8=1 X8=1 Z8=1 C8=1 R8=1 S8=1 Y7=1 X7=1 Z7=1 C7=1 R7=1 S7=1 Y6=1 X6=1 Z6=1 C6=1 R6=1 S6=1 Y5=1 X5=1 Z5=1 C5=1 R5=1 S5=1 Y4=1 X4=1 Z4=1 C4=1 R4=1 S4=1 Y3=1 X3=1 Z3=1 C3=1 R3=1 S3=1 Y2=1 X2=1 Z2=1 C2=1 R2=1 S2=1 Y1=1 X1=1 Z1=1 C1=1 R1=1 S1=1 Y0=1 X0=1 Z0=1 C0=1 R0=1 S0=1] WRegister[P=1 Q=1 Z16=1 C16=16 R16=3 S16=1 Y15=1 X15=1 Z15=1 C15=16 R15=3 S15=1 Y14=1 X14=1 Z14=1 C14=16 R14=3 S14=1 Y13=1 X13=1 Z13=1 C13=8 R13=3 S13=1 Y12=1 X12=1 Z12=1 C12=8 R12=3 S12=1 Y11=1 X11=1 Z11=1 C11=8 R11=3 S11=1 Y10=1 X10=1 Z10=1 C10=8 R10=3 S10=1 Y9=1 X9=1 Z9=1 C9=4 R9=3 S9=1 Y8=1 X8=1 Z8=1 C8=4 R8=3 S8=1 Y7=1 X7=1 Z7=1 C7=4 R7=3 S7=1 Y6=1 X6=1 Z6=1 C6=4 R6=3 S6=1 Y5=1 X5=1 Z5=1 C5=2 R5=3 S5=1 Y4=1 X4=1 Z4=1 C4=2 R4=3 S4=1 Y3=1 X3=1 Z3=1 C3=2 R3=3 S3=1 Y2=1 X2=1 Z2=1 C2=2 R2=3 S2=1 Y1=1 X1=1 Z1=1 C1=2 R1=3 S1=1 Y0=1 X0=1 Z0=1 C0=1 R0=7 S0=1] IntermediateRegister[P=1 Q=1 Z16=1 C16=1 R16=1 S16=1 Y15=1 X15=1 Z15=8 C15=1 R15=1 S15=1 Y14=1 X14=1 Z14=8 C14=1 R14=1 S14=1 Y13=1 X13=1 Z13=8 C13=1 R13=1 S13=1 Y12=1 X12=1 Z12=4 C12=1 R12=1 S12=1 Y11=1 X11=1 Z11=4 C11=1 R11=1 S11=1 Y10=1 X10=1 Z10=4 C10=1 R10=1 S10=1 Y9=1 X9=1 Z9=4 C9=1 R9=1 S9=1 Y8=1 X8=1 Z8=2 C8=1 R8=1 S8=1 Y7=1 X7=1 Z7=2 C7=1 R7=1 S7=1 Y6=1 X6=1 Z6=2 C6=1 R6=1 S6=1 Y5=1 X5=1 Z5=2 C5=1 R5=1 S5=1 Y4=1 X4=1 Z4=1 C4=1 R4=1 S4=1 Y3=1 X3=1 Z3=1 C3=1 R3=1 S3=1 Y2=1 X2=1 Z2=1 C2=1 R2=1 S2=1 Y1=1 X1=1 Z1=1 C1=1 R1=1 S1=1 Y0=1 X0=1 Z0=1 C0=1 R0=1 S0=1] OutRegister[P=1 Q=1 Z16=8 C16=1 R16=1 S16=1 Y15=1 X15=1 Z15=1 C15=1 R15=1 S15=1 Y14=1 X14=1 Z14=1 C14=1 R14=1 S14=1 Y13=1 X13=1 Z13=1 C13=1 R13=1 S13=1 Y12=1 X12=1 Z12=1 C12=1 R12=1 S12=1 Y11=1 X11=1 Z11=1 C11=1 R11=1 S11=1 Y10=1 X10=1 Z10=1 C10=1 R10=1 S10=1 Y9=1 X9=1 Z9=1 C9=1 R9=1 S9=1 Y8=1 X8=1 Z8=1 C8=1 R8=1 S8=1 Y7=1 X7=1 Z7=1 C7=1 R7=1 S7=1 Y6=1 X6=1 Z6=1 C6=1 R6=1 S6=1 Y5=1 X5=1 Z5=1 C5=1 R5=1 S5=1 Y4=1 X4=1 Z4=1 C4=1 R4=1 S4=1 Y3=1 X3=1 Z3=1 C3=1 R3=1 S3=1 Y2=1 X2=1 Z2=1 C2=1 R2=1 S2=1 Y1=1 X1=1 Z1=1 C1=1 R1=1 S1=1 Y0=1 X0=1 Z0=1 C0=1 R0=1 S0=1] Compute] 
resnet18_17layer_2026-02-21T07:01:03.391538,resnet18,17layer,full,17,eyeriss,thesis_arch,1056,524,128,128,128,7,False,True,,1.211e+05,3.042e+06,3.77e+05,"(6536433856, 2543810304)",5.138537864013415e-05,1.0379395484924316,DRAM[P=7 Q=1 Z16=1 C16=1 R16=1 S16=1 Y15=7 X15=1 Z15=1 C15=1 R15=1 S15=1 Y14=7 X14=1 Z14=1 C14=1 R14=1 S14=1 Y13=14 X13=2 Z13=1 C13=1 R13=1 S13=1 Y12=14 X12=2 Z12=1 C12=1 R12=1 S12=1 Y11=14 X11=2 Z11=1 C11=1 R11=1 S11=1 Y10=14 X10=2 Z10=1 C10=1 R10=1 S10=1 Y9=28 X9=4 Z9=1 C9=1 R9=1 S9=1 Y8=28 X8=4 Z8=1 C8=1 R8=1 S8=1 Y7=28 X7=4 Z7=1 C7=1 R7=1 S7=1 Y6=28 X6=4 Z6=1 C6=1 R6=1 S6=1 Y5=56 X5=8 Z5=1 C5=1 R5=1 S5=1 Y4=56 X4=8 Z4=1 C4=1 R4=1 S4=1 Y3=56 X3=8 Z3=1 C3=1 R3=1 S3=1 Y2=56 X2=8 Z2=1 C2=1 R2=1 S2=1 Y1=56 X1=8 Z1=1 C1=1 R1=1 S1=1 Y0=112 X0=16 Z0=1 C0=1 R0=1 S0=1] GlobalBuffer[P=1 Q=7 Z16=1 C16=1 R16=1 S16=1 Y15=1 X15=7 Z15=1 C15=1 R15=1 S15=1 Y14=1 X14=7 Z14=1 C14=1 R14=1 S14=1 Y13=1 X13=7 Z13=1 C13=1 R13=1 S13=1 Y12=1 X12=7 Z12=1 C12=1 R12=1 S12=1 Y11=1 X11=7 Z11=1 C11=1 R11=1 S11=1 Y10=1 X10=7 Z10=1 C10=1 R10=1 S10=1 Y9=1 X9=7 Z9=1 C9=1 R9=1 S9=1 Y8=1 X8=7 Z8=1 C8=1 R8=1 S8=1 Y7=1 X7=7 Z7=1 C7=1 R7=1 S7=1 Y6=1 X6=7 Z6=1 C6=1 R6=1 S6=1 Y5=1 X5=7 Z5=1 C5=1 R5=1 S5=1 Y4=1 X4=7 Z4=1 C4=1 R4=1 S4=1 Y3=1 X3=7 Z3=1 C3=1 R3=1 S3=1 Y2=1 X2=7 Z2=1 C2=1 R2=1 S2=1 Y1=1 X1=7 Z1=1 C1=1 R1=1 S1=1 Y0=1 X0=7 Z0=1 C0=1 R0=1 S0=1] SACols[Q=1 Z16=128] SARows[S16=3 C16=32 Z16=1] SACols_15[X15=1 Z15=128] SARows_15[S15=3 C15=32 Z15=1] SACols_14[X14=1 Z14=128] SARows_14[S14=3 C14=32 Z14=1] SACols_13[X13=1 Z13=128] SARows_13[S13=3 C13=32 Z13=1] SACols_12[X12=1 Z12=128] SARows_12[S12=3 C12=32 Z12=1] SACols_11[X11=1 Z11=128] SARows_11[S11=3 C11=32 Z11=1] SACols_10[X10=1 Z10=128] SARows_10[S10=3 C10=32 Z10=1] SACols_9[X9=1 Z9=128] SARows_9[S9=3 C9=32 Z9=1] SACols_8[X8=1 Z8=128] SARows_8[S8=3 C8=32 Z8=1] SACols_7[X7=1 Z7=128] SARows_7[S7=3 C7=32 Z7=1] SACols_6[X6=1 Z6=128] SARows_6[S6=3 C6=32 Z6=1] SACols_5[X5=1 Z5=128] SARows_5[S5=3 C5=32 Z5=1] SACols_4[X4=1 Z4=64] SARows_4[S4=3 C4=32 Z4=1] SACols_3[X3=1 Z3=64] SARows_3[S3=3 C3=32 Z3=1] SACols_2[X2=1 Z2=64] SARows_2[S2=3 C2=32 Z2=1] SACols_1[X1=1 Z1=64] SARows_1[S1=3 C1=32 Z1=1] SACols_0[X0=1 Z0=64] SARows_0[S0=7 C0=3 Z0=1] InRegister[P=1 Q=1 Z16=1 C16=1 R16=1 S16=1 Y15=1 X15=1 Z15=1 C15=1 R15=1 S15=1 Y14=1 X14=1 Z14=1 C14=1 R14=1 S14=1 Y13=1 X13=1 Z13=1 C13=1 R13=1 S13=1 Y12=1 X12=1 Z12=1 C12=1 R12=1 S12=1 Y11=1 X11=1 Z11=1 C11=1 R11=1 S11=1 Y10=1 X10=1 Z10=1 C10=1 R10=1 S10=1 Y9=1 X9=1 Z9=1 C9=1 R9=1 S9=1 Y8=1 X8=1 Z8=1 C8=1 R8=1 S8=1 Y7=1 X7=1 Z7=1 C7=1 R7=1 S7=1 Y6=1 X6=1 Z6=1 C6=1 R6=1 S6=1 Y5=1 X5=1 Z5=1 C5=1 R5=1 S5=1 Y4=1 X4=1 Z4=1 C4=1 R4=1 S4=1 Y3=1 X3=1 Z3=1 C3=1 R3=1 S3=1 Y2=1 X2=1 Z2=1 C2=1 R2=1 S2=1 Y1=1 X1=1 Z1=1 C1=1 R1=1 S1=1 Y0=1 X0=1 Z0=1 C0=1 R0=1 S0=1] WRegister[P=1 Q=1 Z16=1 C16=16 R16=3 S16=1 Y15=1 X15=1 Z15=1 C15=16 R15=3 S15=1 Y14=1 X14=1 Z14=1 C14=16 R14=3 S14=1 Y13=1 X13=1 Z13=1 C13=8 R13=3 S13=1 Y12=1 X12=1 Z12=1 C12=8 R12=3 S12=1 Y11=1 X11=1 Z11=1 C11=8 R11=3 S11=1 Y10=1 X10=1 Z10=1 C10=8 R10=3 S10=1 Y9=1 X9=1 Z9=1 C9=4 R9=3 S9=1 Y8=1 X8=1 Z8=1 C8=4 R8=3 S8=1 Y7=1 X7=1 Z7=1 C7=4 R7=3 S7=1 Y6=1 X6=1 Z6=1 C6=4 R6=3 S6=1 Y5=1 X5=1 Z5=1 C5=2 R5=3 S5=1 Y4=1 X4=1 Z4=1 C4=2 R4=3 S4=1 Y3=1 X3=1 Z3=1 C3=2 R3=3 S3=1 Y2=1 X2=1 Z2=1 C2=2 R2=3 S2=1 Y1=1 X1=1 Z1=1 C1=2 R1=3 S1=1 Y0=1 X0=1 Z0=1 C0=1 R0=7 S0=1] IntermediateRegister[P=1 Q=1 Z16=1 C16=1 R16=1 S16=1 Y15=1 X15=1 Z15=4 C15=1 R15=1 S15=1 Y14=1 X14=1 Z14=4 C14=1 R14=1 S14=1 Y13=1 X13=1 Z13=4 C13=1 R13=1 S13=1 Y12=1 X12=1 Z12=2 C12=1 R12=1 S12=1 Y11=1 X11=1 Z11=2 C11=1 R11=1 S11=1 Y10=1 X10=1 Z10=2 C10=1 R10=1 S10=1 Y9=1 X9=1 Z9=2 C9=1 R9=1 S9=1 Y8=1 X8=1 Z8=1 C8=1 R8=1 S8=1 Y7=1 X7=1 Z7=1 C7=1 R7=1 S7=1 Y6=1 X6=1 Z6=1 C6=1 R6=1 S6=1 Y5=1 X5=1 Z5=1 C5=1 R5=1 S5=1 Y4=1 X4=1 Z4=1 C4=1 R4=1 S4=1 Y3=1 X3=1 Z3=1 C3=1 R3=1 S3=1 Y2=1 X2=1 Z2=1 C2=1 R2=1 S2=1 Y1=1 X1=1 Z1=1 C1=1 R1=1 S1=1 Y0=1 X0=1 Z0=1 C0=1 R0=1 S0=1] OutRegister[P=1 Q=1 Z16=4 C16=1 R16=1 S16=1 Y15=1 X15=1 Z15=1 C15=1 R15=1 S15=1 Y14=1 X14=1 Z14=1 C14=1 R14=1 S14=1 Y13=1 X13=1 Z13=1 C13=1 R13=1 S13=1 Y12=1 X12=1 Z12=1 C12=1 R12=1 S12=1 Y11=1 X11=1 Z11=1 C11=1 R11=1 S11=1 Y10=1 X10=1 Z10=1 C10=1 R10=1 S10=1 Y9=1 X9=1 Z9=1 C9=1 R9=1 S9=1 Y8=1 X8=1 Z8=1 C8=1 R8=1 S8=1 Y7=1 X7=1 Z7=1 C7=1 R7=1 S7=1 Y6=1 X6=1 Z6=1 C6=1 R6=1 S6=1 Y5=1 X5=1 Z5=1 C5=1 R5=1 S5=1 Y4=1 X4=1 Z4=1 C4=1 R4=1 S4=1 Y3=1 X3=1 Z3=1 C3=1 R3=1 S3=1 Y2=1 X2=1 Z2=1 C2=1 R2=1 S2=1 Y1=1 X1=1 Z1=1 C1=1 R1=1 S1=1 Y0=1 X0=1 Z0=1 C0=1 R0=1 S0=1] Compute] 
resnet18_17layer_2026-02-21T07:01:05.021801,resnet18,17layer,full,17,eyeriss,thesis_arch,1056,524,128,256,4,7,False,False,"Ill-posed constraints:
CONSTRAINTS VIOLATION: Arch: Eyeriss_Constrained_17L_tile7_4x256 -> Level: WRegister: memory footprint: 14318 VS memory available: 4000
CONSTRAINTS VIOLATION: Arch: Eyeriss_Constrained_17L_tile7_4x256 -> Level: IntermediateRegister: memory footprint: 834 VS memory available: 200
CONSTRAINTS VIOLATION: Arch: Eyeriss_Constrained_17L_tile7_4x256 -> Level: OutRegister: memory footprint: 128 VS memory available: 64",0.000e+00,0.000e+00,0.00e+00,0,0.0,0.0,
resnet18_17layer_2026-02-21T07:01:05.932595,resnet18,17layer,full,17,eyeriss,thesis_arch,1056,524,128,256,16,7,False,False,"Ill-posed constraints:
CONSTRAINTS VIOLATION: Arch: Eyeriss_Constrained_17L_tile7_16x256 -> Level: IntermediateRegister: memory footprint: 209 VS memory available: 200",0.000e+00,0.000e+00,0.00e+00,0,0.0,0.0,
resnet18_17layer_2026-02-21T07:01:06.579929,resnet18,17layer,full,17,eyeriss,thesis_arch,1056,524,128,256,32,7,False,True,,1.176e+05,3.042e+06,3.62e+05,"(5760913600, 2736486144)",0.0016443321164842928,0.9842643737792969,DRAM[P=7 Q=1 Z16=1 C16=1 R16=1 S16=1 Y15=7 X15=1 Z15=1 C15=1 R15=1 S15=1 Y14=7 X14=1 Z14=1 C14=1 R14=1 S14=1 Y13=14 X13=2 Z13=1 C13=1 R13=1 S13=1 Y12=14 X12=2 Z12=1 C12=1 R12=1 S12=1 Y11=14 X11=2 Z11=1 C11=1 R11=1 S11=1 Y10=14 X10=2 Z10=1 C10=1 R10=1 S10=1 Y9=28 X9=4 Z9=1 C9=1 R9=1 S9=1 Y8=28 X8=4 Z8=1 C8=1 R8=1 S8=1 Y7=28 X7=4 Z7=1 C7=1 R7=1 S7=1 Y6=28 X6=4 Z6=1 C6=1 R6=1 S6=1 Y5=56 X5=8 Z5=1 C5=1 R5=1 S5=1 Y4=56 X4=8 Z4=1 C4=1 R4=1 S4=1 Y3=56 X3=8 Z3=1 C3=1 R3=1 S3=1 Y2=56 X2=8 Z2=1 C2=1 R2=1 S2=1 Y1=56 X1=8 Z1=1 C1=1 R1=1 S1=1 Y0=112 X0=16 Z0=1 C0=1 R0=1 S0=1] GlobalBuffer[P=1 Q=7 Z16=1 C16=1 R16=1 S16=1 Y15=1 X15=7 Z15=1 C15=1 R15=1 S15=1 Y14=1 X14=7 Z14=1 C14=1 R14=1 S14=1 Y13=1 X13=7 Z13=1 C13=1 R13=1 S13=1 Y12=1 X12=7 Z12=1 C12=1 R12=1 S12=1 Y11=1 X11=7 Z11=1 C11=1 R11=1 S11=1 Y10=1 X10=7 Z10=1 C10=1 R10=1 S10=1 Y9=1 X9=7 Z9=1 C9=1 R9=1 S9=1 Y8=1 X8=7 Z8=1 C8=1 R8=1 S8=1 Y7=1 X7=7 Z7=1 C7=1 R7=1 S7=1 Y6=1 X6=7 Z6=1 C6=1 R6=1 S6=1 Y5=1 X5=7 Z5=1 C5=1 R5=1 S5=1 Y4=1 X4=7 Z4=1 C4=1 R4=1 S4=1 Y3=1 X3=7 Z3=1 C3=1 R3=1 S3=1 Y2=1 X2=7 Z2=1 C2=1 R2=1 S2=1 Y1=1 X1=7 Z1=1 C1=1 R1=1 S1=1 Y0=1 X0=7 Z0=1 C0=1 R0=1 S0=1] SACols[Q=1 Z16=32] SARows[S16=3 C16=64 Z16=1] SACols_15[X15=1 Z15=32] SARows_15[S15=3 C15=64 Z15=1] SACols_14[X14=1 Z14=32] SARows_14[S14=3 C14=64 Z14=1] SACols_13[X13=1 Z13=32] SARows_13[S13=3 C13=64 Z13=1] SACols_12[X12=1 Z12=32] SARows_12[S12=3 C12=64 Z12=1] SACols_11[X11=1 Z11=32] SARows_11[S11=3 C11=64 Z11=1] SACols_10[X10=1 Z10=32] SARows_10[S10=3 C10=64 Z10=1] SACols_9[X9=1 Z9=32] SARows_9[S9=3 C9=64 Z9=1] SACols_8[X8=1 Z8=32] SARows_8[S8=3 C8=64 Z8=1] SACols_7[X7=1 Z7=32] SARows_7[S7=3 C7=64 Z7=1] SACols_6[X6=1 Z6=32] SARows_6[S6=3 C6=64 Z6=1] SACols_5[X5=1 Z5=32] SARows_5[S5=3 C5=64 Z5=1] SACols_4[X4=1 Z4=32] SARows_4[S4=3 C4=64 Z4=1] SACols_3[X3=1 Z3=32] SARows_3[S3=3 C3=64 Z3=1] SACols_2[X2=1 Z2=32] SARows_2[S2=3 C2=64 Z2=1] SACols_1[X1=1 Z1=32] SARows_1[S1=3 C1=64 Z1=1] SACols_0[X0=1 Z0=32] SARows_0[S0=7 C0=3 Z0=2] InRegister[P=1 Q=1 Z16=1 C16=1 R16=1 S16=1 Y15=1 X15=1 Z15=1 C15=1 R15=1 S15=1 Y14=1 X14=1 Z14=1 C14=1 R14=1 S14=1 Y13=1 X13=1 Z13=1 C13=1 R13=1 S13=1 Y12=1 X12=1 Z12=1 C12=1 R12=1 S12=1 Y11=1 X11=1 Z11=1 C11=1 R11=1 S11=1 Y10=1 X10=1 Z10=1 C10=1 R10=1 S10=1 Y9=1 X9=1 Z9=1 C9=1 R9=1 S9=1 Y8=1 X8=1 Z8=1 C8=1 R8=1 S8=1 Y7=1 X7=1 Z7=1 C7=1 R7=1 S7=1 Y6=1 X6=1 Z6=1 C6=1 R6=1 S6=1 Y5=1 X5=1 Z5=1 C5=1 R5=1 S5=1 Y4=1 X4=1 Z4=1 C4=1 R4=1 S4=1 Y3=1 X3=1 Z3=1 C3=1 R3=1 S3=1 Y2=1 X2=1 Z2=1 C2=1 R2=1 S2=1 Y1=1 X1=1 Z1=1 C1=1 R1=1 S1=1 Y0=1 X0=1 Z0=1 C0=1 R0=1 S0=1] WRegister[P=1 Q=1 Z16=1 C16=8 R16=3 S16=1 Y15=1 X15=1 Z15=1 C15=8 R15=3 S15=1 Y14=1 X14=1 Z14=1 C14=8 R14=3 S14=1 Y13=1 X13=1 Z13=1 C13=4 R13=3 S13=1 Y12=1 X12=1 Z12=1 C12=4 R12=3 S12=1 Y11=1 X11=1 Z11=1 C11=4 R11=3 S11=1 Y10=1 X10=1 Z10=1 C10=4 R10=3 S10=1 Y9=1 X9=1 Z9=1 C9=2 R9=3 S9=1 Y8=1 X8=1 Z8=1 C8=2 R8=3 S8=1 Y7=1 X7=1 Z7=1 C7=2 R7=3 S7=1 Y6=1 X6=1 Z6=1 C6=2 R6=3 S6=1 Y5=1 X5=1 Z5=1 C5=1 R5=3 S5=1 Y4=1 X4=1 Z4=1 C4=1 R4=3 S4=1 Y3=1 X3=1 Z3=1 C3=1 R3=3 S3=1 Y2=1 X2=1 Z2=1 C2=1 R2=3 S2=1 Y1=1 X1=1 Z1=1 C1=1 R1=3 S1=1 Y0=1 X0=1 Z0=1 C0=1 R0=7 S0=1] IntermediateRegister[P=1 Q=1 Z16=1 C16=1 R16=1 S16=1 Y15=1 X15=1 Z15=16 C15=1 R15=1 S15=1 Y14=1 X14=1 Z14=16 C14=1 R14=1 S14=1 Y13=1 X13=1 Z13=16 C13=1 R13=1 S13=1 Y12=1 X12=1 Z12=8 C12=1 R12=1 S12=1 Y11=1 X11=1 Z11=8 C11=1 R11=1 S11=1 Y10=1 X10=1 Z10=8 C10=1 R10=1 S10=1 Y9=1 X9=1 Z9=8 C9=1 R9=1 S9=1 Y8=1 X8=1 Z8=4 C8=1 R8=1 S8=1 Y7=1 X7=1 Z7=4 C7=1 R7=1 S7=1 Y6=1 X6=1 Z6=4 C6=1 R6=1 S6=1 Y5=1 X5=1 Z5=4 C5=1 R5=1 S5=1 Y4=1 X4=1 Z4=2 C4=1 R4=1 S4=1 Y3=1 X3=1 Z3=2 C3=1 R3=1 S3=1 Y2=1 X2=1 Z2=2 C2=1 R2=1 S2=1 Y1=1 X1=1 Z1=2 C1=1 R1=1 S1=1 Y0=1 X0=1 Z0=1 C0=1 R0=1 S0=1] OutRegister[P=1 Q=1 Z16=16 C16=1 R16=1 S16=1 Y15=1 X15=1 Z15=1 C15=1 R15=1 S15=1 Y14=1 X14=1 Z14=1 C14=1 R14=1 S14=1 Y13=1 X13=1 Z13=1 C13=1 R13=1 S13=1 Y12=1 X12=1 Z12=1 C12=1 R12=1 S12=1 Y11=1 X11=1 Z11=1 C11=1 R11=1 S11=1 Y10=1 X10=1 Z10=1 C10=1 R10=1 S10=1 Y9=1 X9=1 Z9=1 C9=1 R9=1 S9=1 Y8=1 X8=1 Z8=1 C8=1 R8=1 S8=1 Y7=1 X7=1 Z7=1 C7=1 R7=1 S7=1 Y6=1 X6=1 Z6=1 C6=1 R6=1 S6=1 Y5=1 X5=1 Z5=1 C5=1 R5=1 S5=1 Y4=1 X4=1 Z4=1 C4=1 R4=1 S4=1 Y3=1 X3=1 Z3=1 C3=1 R3=1 S3=1 Y2=1 X2=1 Z2=1 C2=1 R2=1 S2=1 Y1=1 X1=1 Z1=1 C1=1 R1=1 S1=1 Y0=1 X0=1 Z0=1 C0=1 R0=1 S0=1] Compute] 
resnet18_17layer_2026-02-21T07:01:08.367015,resnet18,17layer,full,17,eyeriss,thesis_arch,1056,524,128,256,64,7,False,True,,1.198e+05,3.042e+06,3.70e+05,"(6237786304, 2736486144)",0.0008221660582421464,0.6814875602722168,DRAM[P=7 Q=1 Z16=1 C16=1 R16=1 S16=1 Y15=7 X15=1 Z15=1 C15=1 R15=1 S15=1 Y14=7 X14=1 Z14=1 C14=1 R14=1 S14=1 Y13=14 X13=2 Z13=1 C13=1 R13=1 S13=1 Y12=14 X12=2 Z12=1 C12=1 R12=1 S12=1 Y11=14 X11=2 Z11=1 C11=1 R11=1 S11=1 Y10=14 X10=2 Z10=1 C10=1 R10=1 S10=1 Y9=28 X9=4 Z9=1 C9=1 R9=1 S9=1 Y8=28 X8=4 Z8=1 C8=1 R8=1 S8=1 Y7=28 X7=4 Z7=1 C7=1 R7=1 S7=1 Y6=28 X6=4 Z6=1 C6=1 R6=1 S6=1 Y5=56 X5=8 Z5=1 C5=1 R5=1 S5=1 Y4=56 X4=8 Z4=1 C4=1 R4=1 S4=1 Y3=56 X3=8 Z3=1 C3=1 R3=1 S3=1 Y2=56 X2=8 Z2=1 C2=1 R2=1 S2=1 Y1=56 X1=8 Z1=1 C1=1 R1=1 S1=1 Y0=112 X0=16 Z0=1 C0=1 R0=1 S0=1] GlobalBuffer[P=1 Q=7 Z16=1 C16=1 R16=1 S16=1 Y15=1 X15=7 Z15=1 C15=1 R15=1 S15=1 Y14=1 X14=7 Z14=1 C14=1 R14=1 S14=1 Y13=1 X13=7 Z13=1 C13=1 R13=1 S13=1 Y12=1 X12=7 Z12=1 C12=1 R12=1 S12=1 Y11=1 X11=7 Z11=1 C11=1 R11=1 S11=1 Y10=1 X10=7 Z10=1 C10=1 R10=1 S10=1 Y9=1 X9=7 Z9=1 C9=1 R9=1 S9=1 Y8=1 X8=7 Z8=1 C8=1 R8=1 S8=1 Y7=1 X7=7 Z7=1 C7=1 R7=1 S7=1 Y6=1 X6=7 Z6=1 C6=1 R6=1 S6=1 Y5=1 X5=7 Z5=1 C5=1 R5=1 S5=1 Y4=1 X4=7 Z4=1 C4=1 R4=1 S4=1 Y3=1 X3=7 Z3=1 C3=1 R3=1 S3=1 Y2=1 X2=7 Z2=1 C2=1 R2=1 S2=1 Y1=1 X1=7 Z1=1 C1=1 R1=1 S1=1 Y0=1 X0=7 Z0=1 C0=1 R0=1 S0=1] SACols[Q=1 Z16=64] SARows[S16=3 C16=64 Z16=1] SACols_15[X15=1 Z15=64] SARows_15[S15=3 C15=64 Z15=1] SACols_14[X14=1 Z14=64] SARows_14[S14=3 C14=64 Z14=1] SACols_13[X13=1 Z13=64] SARows_13[S13=3 C13=64 Z13=1] SACols_12[X12=1 Z12=64] SARows_12[S12=3 C12=64 Z12=1] SACols_11[X11=1 Z11=64] SARows_11[S11=3 C11=64 Z11=1] SACols_10[X10=1 Z10=64] SARows_10[S10=3 C10=64 Z10=1] SACols_9[X9=1 Z9=64] SARows_9[S9=3 C9=64 Z9=1] SACols_8[X8=1 Z8=64] SARows_8[S8=3 C8=64 Z8=1] SACols_7[X7=1 Z7=64] SARows_7[S7=3 C7=64 Z7=1] SACols_6[X6=1 Z6=64] SARows_6[S6=3 C6=64 Z6=1] SACols_5[X5=1 Z5=64] SARows_5[S5=3 C5=64 Z5=1] SACols_4[X4=1 Z4=64] SARows_4[S4=3 C4=64 Z4=1] SACols_3[X3=1 Z3=64] SARows_3[S3=3 C3=64 Z3=1] SACols_2[X2=1 Z2=64] SARows_2[S2=3 C2=64 Z2=1] SACols_1[X1=1 Z1=64] SARows_1[S1=3 C1=64 Z1=1] SACols_0[X0=1 Z0=64] SARows_0[S0=7 C0=3 Z0=1] InRegister[P=1 Q=1 Z16=1 C16=1 R16=1 S16=1 Y15=1 X15=1 Z15=1 C15=1 R15=1 S15=1 Y14=1 X14=1 Z14=1 C14=1 R14=1 S14=1 Y13=1 X13=1 Z13=1 C13=1 R13=1 S13=1 Y12=1 X12=1 Z12=1 C12=1 R12=1 S12=1 Y11=1 X11=1 Z11=1 C11=1 R11=1 S11=1 Y10=1 X10=1 Z10=1 C10=1 R10=1 S10=1 Y9=1 X9=1 Z9=1 C9=1 R9=1 S9=1 Y8=1 X8=1 Z8=1 C8=1 R8=1 S8=1 Y7=1 X7=1 Z7=1 C7=1 R7=1 S7=1 Y6=1 X6=1 Z6=1 C6=1 R6=1 S6=1 Y5=1 X5=1 Z5=1 C5=1 R5=1 S5=1 Y4=1 X4=1 Z4=1 C4=1 R4=1 S4=1 Y3=1 X3=1 Z3=1 C3=1 R3=1 S3=1 Y2=1 X2=1 Z2=1 C2=1 R2=1 S2=1 Y1=1 X1=1 Z1=1 C1=1 R1=1 S1=1 Y0=1 X0=1 Z0=1 C0=1 R0=1 S0=1] WRegister[P=1 Q=1 Z16=1 C16=8 R16=3 S16=1 Y15=1 X15=1 Z15=1 C15=8 R15=3 S15=1 Y14=1 X14=1 Z14=1 C14=8 R14=3 S14=1 Y13=1 X13=1 Z13=1 C13=4 R13=3 S13=1 Y12=1 X12=1 Z12=1 C12=4 R12=3 S12=1 Y11=1 X11=1 Z11=1 C11=4 R11=3 S11=1 Y10=1 X10=1 Z10=1 C10=4 R10=3 S10=1 Y9=1 X9=1 Z9=1 C9=2 R9=3 S9=1 Y8=1 X8=1 Z8=1 C8=2 R8=3 S8=1 Y7=1 X7=1 Z7=1 C7=2 R7=3 S7=1 Y6=1 X6=1 Z6=1 C6=2 R6=3 S6=1 Y5=1 X5=1 Z5=1 C5=1 R5=3 S5=1 Y4=1 X4=1 Z4=1 C4=1 R4=3 S4=1 Y3=1 X3=1 Z3=1 C3=1 R3=3 S3=1 Y2=1 X2=1 Z2=1 C2=1 R2=3 S2=1 Y1=1 X1=1 Z1=1 C1=1 R1=3 S1=1 Y0=1 X0=1 Z0=1 C0=1 R0=7 S0=1] IntermediateRegister[P=1 Q=1 Z16=1 C16=1 R16=1 S16=1 Y15=1 X15=1 Z15=8 C15=1 R15=1 S15=1 Y14=1 X14=1 Z14=8 C14=1 R14=1 S14=1 Y13=1 X13=1 Z13=8 C13=1 R13=1 S13=1 Y12=1 X12=1 Z12=4 C12=1 R12=1 S12=1 Y11=1 X11=1 Z11=4 C11=1 R11=1 S11=1 Y10=1 X10=1 Z10=4 C10=1 R10=1 S10=1 Y9=1 X9=1 Z9=4 C9=1 R9=1 S9=1 Y8=1 X8=1 Z8=2 C8=1 R8=1 S8=1 Y7=1 X7=1 Z7=2 C7=1 R7=1 S7=1 Y6=1 X6=1 Z6=2 C6=1 R6=1 S6=1 Y5=1 X5=1 Z5=2 C5=1 R5=1 S5=1 Y4=1 X4=1 Z4=1 C4=1 R4=1 S4=1 Y3=1 X3=1 Z3=1 C3=1 R3=1 S3=1 Y2=1 X2=1 Z2=1 C2=1 R2=1 S2=1 Y1=1 X1=1 Z1=1 C1=1 R1=1 S1=1 Y0=1 X0=1 Z0=1 C0=1 R0=1 S0=1] OutRegister[P=1 Q=1 Z16=8 C16=1 R16=1 S16=1 Y15=1 X15=1 Z15=1 C15=1 R15=1 S15=1 Y14=1 X14=1 Z14=1 C14=1 R14=1 S14=1 Y13=1 X13=1 Z13=1 C13=1 R13=1 S13=1 Y12=1 X12=1 Z12=1 C12=1 R12=1 S12=1 Y11=1 X11=1 Z11=1 C11=1 R11=1 S11=1 Y10=1 X10=1 Z10=1 C10=1 R10=1 S10=1 Y9=1 X9=1 Z9=1 C9=1 R9=1 S9=1 Y8=1 X8=1 Z8=1 C8=1 R8=1 S8=1 Y7=1 X7=1 Z7=1 C7=1 R7=1 S7=1 Y6=1 X6=1 Z6=1 C6=1 R6=1 S6=1 Y5=1 X5=1 Z5=1 C5=1 R5=1 S5=1 Y4=1 X4=1 Z4=1 C4=1 R4=1 S4=1 Y3=1 X3=1 Z3=1 C3=1 R3=1 S3=1 Y2=1 X2=1 Z2=1 C2=1 R2=1 S2=1 Y1=1 X1=1 Z1=1 C1=1 R1=1 S1=1 Y0=1 X0=1 Z0=1 C0=1 R0=1 S0=1] Compute] 
resnet18_17layer_2026-02-21T07:01:10.027781,resnet18,17layer,full,17,eyeriss,thesis_arch,1056,524,128,512,4,7,False,False,"Ill-posed constraints:
CONSTRAINTS VIOLATION: Arch: Eyeriss_Constrained_17L_tile7_4x512 -> Level: WRegister: memory footprint: 7159 VS memory available: 4000
CONSTRAINTS VIOLATION: Arch: Eyeriss_Constrained_17L_tile7_4x512 -> Level: IntermediateRegister: memory footprint: 785 VS memory available: 200
CONSTRAINTS VIOLATION: Arch: Eyeriss_Constrained_17L_tile7_4x512 -> Level: OutRegister: memory footprint: 128 VS memory available: 64",0.000e+00,0.000e+00,0.00e+00,0,0.0,0.0,
resnet18_17layer_2026-02-21T07:01:10.616890,resnet18,17layer,full,17,eyeriss,thesis_arch,1056,524,128,512,16,7,False,True,,1.179e+05,3.042e+06,3.62e+05,"(5821124800, 2890626816)",0.0016443321164842928,0.8566794395446777,DRAM[P=7 Q=1 Z16=1 C16=1 R16=1 S16=1 Y15=7 X15=1 Z15=1 C15=1 R15=1 S15=1 Y14=7 X14=1 Z14=1 C14=1 R14=1 S14=1 Y13=14 X13=2 Z13=1 C13=1 R13=1 S13=1 Y12=14 X12=2 Z12=1 C12=1 R12=1 S12=1 Y11=14 X11=2 Z11=1 C11=1 R11=1 S11=1 Y10=14 X10=2 Z10=1 C10=1 R10=1 S10=1 Y9=28 X9=4 Z9=1 C9=1 R9=1 S9=1 Y8=28 X8=4 Z8=1 C8=1 R8=1 S8=1 Y7=28 X7=4 Z7=1 C7=1 R7=1 S7=1 Y6=28 X6=4 Z6=1 C6=1 R6=1 S6=1 Y5=56 X5=8 Z5=1 C5=1 R5=1 S5=1 Y4=56 X4=8 Z4=1 C4=1 R4=1 S4=1 Y3=56 X3=8 Z3=1 C3=1 R3=1 S3=1 Y2=56 X2=8 Z2=1 C2=1 R2=1 S2=1 Y1=56 X1=8 Z1=1 C1=1 R1=1 S1=1 Y0=112 X0=16 Z0=1 C0=1 R0=1 S0=1] GlobalBuffer[P=1 Q=7 Z16=1 C16=1 R16=1 S16=1 Y15=1 X15=7 Z15=1 C15=1 R15=1 S15=1 Y14=1 X14=7 Z14=1 C14=1 R14=1 S14=1 Y13=1 X13=7 Z13=1 C13=1 R13=1 S13=1 Y12=1 X12=7 Z12=1 C12=1 R12=1 S12=1 Y11=1 X11=7 Z11=1 C11=1 R11=1 S11=1 Y10=1 X10=7 Z10=1 C10=1 R10=1 S10=1 Y9=1 X9=7 Z9=1 C9=1 R9=1 S9=1 Y8=1 X8=7 Z8=1 C8=1 R8=1 S8=1 Y7=1 X7=7 Z7=1 C7=1 R7=1 S7=1 Y6=1 X6=7 Z6=1 C6=1 R6=1 S6=1 Y5=1 X5=7 Z5=1 C5=1 R5=1 S5=1 Y4=1 X4=7 Z4=1 C4=1 R4=1 S4=1 Y3=1 X3=7 Z3=1 C3=1 R3=1 S3=1 Y2=1 X2=7 Z2=1 C2=1 R2=1 S2=1 Y1=1 X1=7 Z1=1 C1=1 R1=1 S1=1 Y0=1 X0=7 Z0=1 C0=1 R0=1 S0=1] SACols[Q=1 Z16=16] SARows[S16=3 C16=128 Z16=1] SACols_15[X15=1 Z15=16] SARows_15[S15=3 C15=128 Z15=1] SACols_14[X14=1 Z14=16] SARows_14[S14=3 C14=128 Z14=1] SACols_13[X13=1 Z13=16] SARows_13[S13=3 C13=128 Z13=1] SACols_12[X12=1 Z12=16] SARows_12[S12=3 C12=128 Z12=1] SACols_11[X11=1 Z11=16] SARows_11[S11=3 C11=128 Z11=1] SACols_10[X10=1 Z10=16] SARows_10[S10=3 C10=128 Z10=1] SACols_9[X9=1 Z9=16] SARows_9[S9=3 C9=128 Z9=1] SACols_8[X8=1 Z8=16] SARows_8[S8=3 C8=128 Z8=1] SACols_7[X7=1 Z7=16] SARows_7[S7=3 C7=128 Z7=1] SACols_6[X6=1 Z6=16] SARows_6[S6=3 C6=128 Z6=1] SACols_5[X5=1 Z5=16] SARows_5[S5=3 C5=64 Z5=2] SACols_4[X4=1 Z4=16] SARows_4[S4=3 C4=64 Z4=2] SACols_3[X3=1 Z3=16] SARows_3[S3=3 C3=64 Z3=2] SACols_2[X2=1 Z2=16] SARows_2[S2=3 C2=64 Z2=2] SACols_1[X1=1 Z1=16] SARows_1[S1=3 C1=64 Z1=2] SACols_0[X0=1 Z0=16] SARows_0[S0=7 C0=3 Z0=4] InRegister[P=1 Q=1 Z16=1 C16=1 R16=1 S16=1 Y15=1 X15=1 Z15=1 C15=1 R15=1 S15=1 Y14=1 X14=1 Z14=1 C14=1 R14=1 S14=1 Y13=1 X13=1 Z13=1 C13=1 R13=1 S13=1 Y12=1 X12=1 Z12=1 C12=1 R12=1 S12=1 Y11=1 X11=1 Z11=1 C11=1 R11=1 S11=1 Y10=1 X10=1 Z10=1 C10=1 R10=1 S10=1 Y9=1 X9=1 Z9=1 C9=1 R9=1 S9=1 Y8=1 X8=1 Z8=1 C8=1 R8=1 S8=1 Y7=1 X7=1 Z7=1 C7=1 R7=1 S7=1 Y6=1 X6=1 Z6=1 C6=1 R6=1 S6=1 Y5=1 X5=1 Z5=1 C5=1 R5=1 S5=1 Y4=1 X4=1 Z4=1 C4=1 R4=1 S4=1 Y3=1 X3=1 Z3=1 C3=1 R3=1 S3=1 Y2=1 X2=1 Z2=1 C2=1 R2=1 S2=1 Y1=1 X1=1 Z1=1 C1=1 R1=1 S1=1 Y0=1 X0=1 Z0=1 C0=1 R0=1 S0=1] WRegister[P=1 Q=1 Z16=1 C16=4 R16=3 S16=1 Y15=1 X15=1 Z15=1 C15=4 R15=3 S15=1 Y14=1 X14=1 Z14=1 C14=4 R14=3 S14=1 Y13=1 X13=1 Z13=1 C13=2 R13=3 S13=1 Y12=1 X12=1 Z12=1 C12=2 R12=3 S12=1 Y11=1 X11=1 Z11=1 C11=2 R11=3 S11=1 Y10=1 X10=1 Z10=1 C10=2 R10=3 S10=1 Y9=1 X9=1 Z9=1 C9=1 R9=3 S9=1 Y8=1 X8=1 Z8=1 C8=1 R8=3 S8=1 Y7=1 X7=1 Z7=1 C7=1 R7=3 S7=1 Y6=1 X6=1 Z6=1 C6=1 R6=3 S6=1 Y5=1 X5=1 Z5=1 C5=1 R5=3 S5=1 Y4=1 X4=1 Z4=1 C4=1 R4=3 S4=1 Y3=1 X3=1 Z3=1 C3=1 R3=3 S3=1 Y2=1 X2=1 Z2=1 C2=1 R2=3 S2=1 Y1=1 X1=1 Z1=1 C1=1 R1=3 S1=1 Y0=1 X0=1 Z0=1 C0=1 R0=7 S0=1] IntermediateRegister[P=1 Q=1 Z16=1 C16=1 R16=1 S16=1 Y15=1 X15=1 Z15=32 C15=1 R15=1 S15=1 Y14=1 X14=1 Z14=32 C14=1 R14=1 S14=1 Y13=1 X13=1 Z13=32 C13=1 R13=1 S13=1 Y12=1 X12=1 Z12=16 C12=1 R12=1 S12=1 Y11=1 X11=1 Z11=16 C11=1 R11=1 S11=1 Y10=1 X10=1 Z10=16 C10=1 R10=1 S10=1 Y9=1 X9=1 Z9=16 C9=1 R9=1 S9=1 Y8=1 X8=1 Z8=8 C8=1 R8=1 S8=1 Y7=1 X7=1 Z7=8 C7=1 R7=1 S7=1 Y6=1 X6=1 Z6=8 C6=1 R6=1 S6=1 Y5=1 X5=1 Z5=4 C5=1 R5=1 S5=1 Y4=1 X4=1 Z4=2 C4=1 R4=1 S4=1 Y3=1 X3=1 Z3=2 C3=1 R3=1 S3=1 Y2=1 X2=1 Z2=2 C2=1 R2=1 S2=1 Y1=1 X1=1 Z1=2 C1=1 R1=1 S1=1 Y0=1 X0=1 Z0=1 C0=1 R0=1 S0=1] OutRegister[P=1 Q=1 Z16=32 C16=1 R16=1 S16=1 Y15=1 X15=1 Z15=1 C15=1 R15=1 S15=1 Y14=1 X14=1 Z14=1 C14=1 R14=1 S14=1 Y13=1 X13=1 Z13=1 C13=1 R13=1 S13=1 Y12=1 X12=1 Z12=1 C12=1 R12=1 S12=1 Y11=1 X11=1 Z11=1 C11=1 R11=1 S11=1 Y10=1 X10=1 Z10=1 C10=1 R10=1 S10=1 Y9=1 X9=1 Z9=1 C9=1 R9=1 S9=1 Y8=1 X8=1 Z8=1 C8=1 R8=1 S8=1 Y7=1 X7=1 Z7=1 C7=1 R7=1 S7=1 Y6=1 X6=1 Z6=1 C6=1 R6=1 S6=1 Y5=1 X5=1 Z5=1 C5=1 R5=1 S5=1 Y4=1 X4=1 Z4=1 C4=1 R4=1 S4=1 Y3=1 X3=1 Z3=1 C3=1 R3=1 S3=1 Y2=1 X2=1 Z2=1 C2=1 R2=1 S2=1 Y1=1 X1=1 Z1=1 C1=1 R1=1 S1=1 Y0=1 X0=1 Z0=1 C0=1 R0=1 S0=1] Compute] 
resnet18_17layer_2026-02-21T07:01:12.211659,resnet18,17layer,full,17,eyeriss,thesis_arch,1056,524,128,512,32,7,False,True,,1.196e+05,3.042e+06,3.69e+05,"(6204068032, 2890626816)",0.0008221660582421464,0.6590802669525146,DRAM[P=7 Q=1 Z16=1 C16=1 R16=1 S16=1 Y15=7 X15=1 Z15=1 C15=1 R15=1 S15=1 Y14=7 X14=1 Z14=1 C14=1 R14=1 S14=1 Y13=14 X13=2 Z13=1 C13=1 R13=1 S13=1 Y12=14 X12=2 Z12=1 C12=1 R12=1 S12=1 Y11=14 X11=2 Z11=1 C11=1 R11=1 S11=1 Y10=14 X10=2 Z10=1 C10=1 R10=1 S10=1 Y9=28 X9=4 Z9=1 C9=1 R9=1 S9=1 Y8=28 X8=4 Z8=1 C8=1 R8=1 S8=1 Y7=28 X7=4 Z7=1 C7=1 R7=1 S7=1 Y6=28 X6=4 Z6=1 C6=1 R6=1 S6=1 Y5=56 X5=8 Z5=1 C5=1 R5=1 S5=1 Y4=56 X4=8 Z4=1 C4=1 R4=1 S4=1 Y3=56 X3=8 Z3=1 C3=1 R3=1 S3=1 Y2=56 X2=8 Z2=1 C2=1 R2=1 S2=1 Y1=56 X1=8 Z1=1 C1=1 R1=1 S1=1 Y0=112 X0=16 Z0=1 C0=1 R0=1 S0=1] GlobalBuffer[P=1 Q=7 Z16=1 C16=1 R16=1 S16=1 Y15=1 X15=7 Z15=1 C15=1 R15=1 S15=1 Y14=1 X14=7 Z14=1 C14=1 R14=1 S14=1 Y13=1 X13=7 Z13=1 C13=1 R13=1 S13=1 Y12=1 X12=7 Z12=1 C12=1 R12=1 S12=1 Y11=1 X11=7 Z11=1 C11=1 R11=1 S11=1 Y10=1 X10=7 Z10=1 C10=1 R10=1 S10=1 Y9=1 X9=7 Z9=1 C9=1 R9=1 S9=1 Y8=1 X8=7 Z8=1 C8=1 R8=1 S8=1 Y7=1 X7=7 Z7=1 C7=1 R7=1 S7=1 Y6=1 X6=7 Z6=1 C6=1 R6=1 S6=1 Y5=1 X5=7 Z5=1 C5=1 R5=1 S5=1 Y4=1 X4=7 Z4=1 C4=1 R4=1 S4=1 Y3=1 X3=7 Z3=1 C3=1 R3=1 S3=1 Y2=1 X2=7 Z2=1 C2=1 R2=1 S2=1 Y1=1 X1=7 Z1=1 C1=1 R1=1 S1=1 Y0=1 X0=7 Z0=1 C0=1 R0=1 S0=1] SACols[Q=1 Z16=32] SARows[S16=3 C16=128 Z16=1] SACols_15[X15=1 Z15=32] SARows_15[S15=3 C15=128 Z15=1] SACols_14[X14=1 Z14=32] SARows_14[S14=3 C14=128 Z14=1] SACols_13[X13=1 Z13=32] SARows_13[S13=3 C13=128 Z13=1] SACols_12[X12=1 Z12=32] SARows_12[S12=3 C12=128 Z12=1] SACols_11[X11=1 Z11=32] SARows_11[S11=3 C11=128 Z11=1] SACols_10[X10=1 Z10=32] SARows_10[S10=3 C10=128 Z10=1] SACols_9[X9=1 Z9=32] SARows_9[S9=3 C9=128 Z9=1] SACols_8[X8=1 Z8=32] SARows_8[S8=3 C8=128 Z8=1] SACols_7[X7=1 Z7=32] SARows_7[S7=3 C7=128 Z7=1] SACols_6[X6=1 Z6=32] SARows_6[S6=3 C6=128 Z6=1] SACols_5[X5=1 Z5=32] SARows_5[S5=3 C5=64 Z5=2] SACols_4[X4=1 Z4=32] SARows_4[S4=3 C4=64 Z4=2] SACols_3[X3=1 Z3=32] SARows_3[S3=3 C3=64 Z3=2] SACols_2[X2=1 Z2=32] SARows_2[S2=3 C2=64 Z2=2] SACols_1[X1=1 Z1=32] SARows_1[S1=3 C1=64 Z1=2] SACols_0[X0=1 Z0=32] SARows_0[S0=7 C0=3 Z0=2] InRegister[P=1 Q=1 Z16=1 C16=1 R16=1 S16=1 Y15=1 X15=1 Z15=1 C15=1 R15=1 S15=1 Y14=1 X14=1 Z14=1 C14=1 R14=1 S14=1 Y13=1 X13=1 Z13=1 C13=1 R13=1 S13=1 Y12=1 X12=1 Z12=1 C12=1 R12=1 S12=1 Y11=1 X11=1 Z11=1 C11=1 R11=1 S11=1 Y10=1 X10=1 Z10=1 C10=1 R10=1 S10=1 Y9=1 X9=1 Z9=1 C9=1 R9=1 S9=1 Y8=1 X8=1 Z8=1 C8=1 R8=1 S8=1 Y7=1 X7=1 Z7=1 C7=1 R7=1 S7=1 Y6=1 X6=1 Z6=1 C6=1 R6=1 S6=1 Y5=1 X5=1 Z5=1 C5=1 R5=1 S5=1 Y4=1 X4=1 Z4=1 C4=1 R4=1 S4=1 Y3=1 X3=1 Z3=1 C3=1 R3=1 S3=1 Y2=1 X2=1 Z2=1 C2=1 R2=1 S2=1 Y1=1 X1=1 Z1=1 C1=1 R1=1 S1=1 Y0=1 X0=1 Z0=1 C0=1 R0=1 S0=1] WRegister[P=1 Q=1 Z16=1 C16=4 R16=3 S16=1 Y15=1 X15=1 Z15=1 C15=4 R15=3 S15=1 Y14=1 X14=1 Z14=1 C14=4 R14=3 S14=1 Y13=1 X13=1 Z13=1 C13=2 R13=3 S13=1 Y12=1 X12=1 Z12=1 C12=2 R12=3 S12=1 Y11=1 X11=1 Z11=1 C11=2 R11=3 S11=1 Y10=1 X10=1 Z10=1 C10=2 R10=3 S10=1 Y9=1 X9=1 Z9=1 C9=1 R9=3 S9=1 Y8=1 X8=1 Z8=1 C8=1 R8=3 S8=1 Y7=1 X7=1 Z7=1 C7=1 R7=3 S7=1 Y6=1 X6=1 Z6=1 C6=1 R6=3 S6=1 Y5=1 X5=1 Z5=1 C5=1 R5=3 S5=1 Y4=1 X4=1 Z4=1 C4=1 R4=3 S4=1 Y3=1 X3=1 Z3=1 C3=1 R3=3 S3=1 Y2=1 X2=1 Z2=1 C2=1 R2=3 S2=1 Y1=1 X1=1 Z1=1 C1=1 R1=3 S1=1 Y0=1 X0=1 Z0=1 C0=1 R0=7 S0=1] IntermediateRegister[P=1 Q=1 Z16=1 C16=1 R16=1 S16=1 Y15=1 X15=1 Z15=16 C15=1 R15=1 S15=1 Y14=1 X14=1 Z14=16 C14=1 R14=1 S14=1 Y13=1 X13=1 Z13=16 C13=1 R13=1 S13=1 Y12=1 X12=1 Z12=8 C12=1 R12=1 S12=1 Y11=1 X11=1 Z11=8 C11=1 R11=1 S11=1 Y10=1 X10=1 Z10=8 C10=1 R10=1 S10=1 Y9=1 X9=1 Z9=8 C9=1 R9=1 S9=1 Y8=1 X8=1 Z8=4 C8=1 R8=1 S8=1 Y7=1 X7=1 Z7=4 C7=1 R7=1 S7=1 Y6=1 X6=1 Z6=4 C6=1 R6=1 S6=1 Y5=1 X5=1 Z5=2 C5=1 R5=1 S5=1 Y4=1 X4=1 Z4=1 C4=1 R4=1 S4=1 Y3=1 X3=1 Z3=1 C3=1 R3=1 S3=1 Y2=1 X2=1 Z2=1 C2=1 R2=1 S2=1 Y1=1 X1=1 Z1=1 C1=1 R1=1 S1=1 Y0=1 X0=1 Z0=1 C0=1 R0=1 S0=1] OutRegister[P=1 Q=1 Z16=16 C16=1 R16=1 S16=1 Y15=1 X15=1 Z15=1 C15=1 R15=1 S15=1 Y14=1 X14=1 Z14=1 C14=1 R14=1 S14=1 Y13=1 X13=1 Z13=1 C13=1 R13=1 S13=1 Y12=1 X12=1 Z12=1 C12=1 R12=1 S12=1 Y11=1 X11=1 Z11=1 C11=1 R11=1 S11=1 Y10=1 X10=1 Z10=1 C10=1 R10=1 S10=1 Y9=1 X9=1 Z9=1 C9=1 R9=1 S9=1 Y8=1 X8=1 Z8=1 C8=1 R8=1 S8=1 Y7=1 X7=1 Z7=1 C7=1 R7=1 S7=1 Y6=1 X6=1 Z6=1 C6=1 R6=1 S6=1 Y5=1 X5=1 Z5=1 C5=1 R5=1 S5=1 Y4=1 X4=1 Z4=1 C4=1 R4=1 S4=1 Y3=1 X3=1 Z3=1 C3=1 R3=1 S3=1 Y2=1 X2=1 Z2=1 C2=1 R2=1 S2=1 Y1=1 X1=1 Z1=1 C1=1 R1=1 S1=1 Y0=1 X0=1 Z0=1 C0=1 R0=1 S0=1] Compute] 
resnet18_17layer_2026-02-21T07:01:13.815266,resnet18,17layer,full,17,eyeriss,thesis_arch,1056,524,128,4,4,7,False,False,"Arch: Eyeriss_Constrained_17L_tile7_4x4 -> Level: SARows_0: Failed to fit comp to arch because the level's constraint (S0: 4) does not divide comp dimension S0 (7) exactly. To compensate, consider setting 'Settings.PADDED_MAPPINGS' to True.",0.000e+00,0.000e+00,0.00e+00,0,0.0,0.0,
resnet18_17layer_2026-02-21T07:01:14.499958,resnet18,17layer,full,17,eyeriss,thesis_arch,1056,524,128,4,16,7,False,False,"Arch: Eyeriss_Constrained_17L_tile7_16x4 -> Level: SARows_0: Failed to fit comp to arch because the level's constraint (S0: 4) does not divide comp dimension S0 (7) exactly. To compensate, consider setting 'Settings.PADDED_MAPPINGS' to True.",0.000e+00,0.000e+00,0.00e+00,0,0.0,0.0,
resnet18_17layer_2026-02-21T07:01:14.924198,resnet18,17layer,full,17,eyeriss,thesis_arch,1056,524,128,4,32,7,False,False,"Arch: Eyeriss_Constrained_17L_tile7_32x4 -> Level: SARows_0: Failed to fit comp to arch because the level's constraint (S0: 4) does not divide comp dimension S0 (7) exactly. To compensate, consider setting 'Settings.PADDED_MAPPINGS' to True.",0.000e+00,0.000e+00,0.00e+00,0,0.0,0.0,
resnet18_17layer_2026-02-21T07:01:15.507317,resnet18,17layer,full,17,eyeriss,thesis_arch,1056,524,128,4,64,7,False,False,"Arch: Eyeriss_Constrained_17L_tile7_64x4 -> Level: SARows_0: Failed to fit comp to arch because the level's constraint (S0: 4) does not divide comp dimension S0 (7) exactly. To compensate, consider setting 'Settings.PADDED_MAPPINGS' to True.",0.000e+00,0.000e+00,0.00e+00,0,0.0,0.0,
resnet18_17layer_2026-02-21T07:01:16.292435,resnet18,17layer,full,17,eyeriss,thesis_arch,1056,524,128,4,128,7,False,False,"Arch: Eyeriss_Constrained_17L_tile7_128x4 -> Level: SARows_0: Failed to fit comp to arch because the level's constraint (S0: 4) does not divide comp dimension S0 (7) exactly. To compensate, consider setting 'Settings.PADDED_MAPPINGS' to True.",0.000e+00,0.000e+00,0.00e+00,0,0.0,0.0,
resnet18_17layer_2026-02-21T07:01:17.009149,resnet18,17layer,full,17,eyeriss,thesis_arch,1056,524,128,4,256,7,False,False,"Arch: Eyeriss_Constrained_17L_tile7_256x4 -> Level: SARows_0: Failed to fit comp to arch because the level's constraint (S0: 4) does not divide comp dimension S0 (7) exactly. To compensate, consider setting 'Settings.PADDED_MAPPINGS' to True.",0.000e+00,0.000e+00,0.00e+00,0,0.0,0.0,
resnet18_17layer_2026-02-21T07:01:17.878606,resnet18,17layer,full,17,eyeriss,thesis_arch,1056,524,128,4,512,7,False,False,"Arch: Eyeriss_Constrained_17L_tile7_512x4 -> Level: SARows_0: Failed to fit comp to arch because the level's constraint (S0: 4) does not divide comp dimension S0 (7) exactly. To compensate, consider setting 'Settings.PADDED_MAPPINGS' to True.",0.000e+00,0.000e+00,0.00e+00,0,0.0,0.0,
resnet18_17layer_2026-02-21T07:01:18.583442,resnet18,17layer,full,17,eyeriss,thesis_arch,1056,524,128,16,4,7,False,False,"Ill-posed constraints:
CONSTRAINTS VIOLATION: Arch: Eyeriss_Constrained_17L_tile7_4x16 -> Level: InRegister: memory footprint: 2584 VS memory available: 400
CONSTRAINTS VIOLATION: Arch: Eyeriss_Constrained_17L_tile7_4x16 -> Level: WRegister: memory footprint: 229032 VS memory available: 4000
CONSTRAINTS VIOLATION: Arch: Eyeriss_Constrained_17L_tile7_4x16 -> Level: IntermediateRegister: memory footprint: 840 VS memory available: 400
CONSTRAINTS VIOLATION: Arch: Eyeriss_Constrained_17L_tile7_4x16 -> Level: OutRegister: memory footprint: 128 VS memory available: 64",0.000e+00,0.000e+00,0.00e+00,0,0.0,0.0,
resnet18_17layer_2026-02-21T07:01:19.151443,resnet18,17layer,full,17,eyeriss,thesis_arch,1056,524,128,16,16,7,False,False,"Ill-posed constraints:
CONSTRAINTS VIOLATION: Arch: Eyeriss_Constrained_17L_tile7_16x16 -> Level: InRegister: memory footprint: 2584 VS memory available: 400
CONSTRAINTS VIOLATION: Arch: Eyeriss_Constrained_17L_tile7_16x16 -> Level: WRegister: memory footprint: 57258 VS memory available: 4000",0.000e+00,0.000e+00,0.00e+00,0,0.0,0.0,
resnet18_17layer_2026-02-21T07:01:19.812944,resnet18,17layer,full,17,eyeriss,thesis_arch,1056,524,128,16,32,7,False,False,"Ill-posed constraints:
CONSTRAINTS VIOLATION: Arch: Eyeriss_Constrained_17L_tile7_32x16 -> Level: InRegister: memory footprint: 2584 VS memory available: 400
CONSTRAINTS VIOLATION: Arch: Eyeriss_Constrained_17L_tile7_32x16 -> Level: WRegister: memory footprint: 28629 VS memory available: 4000",0.000e+00,0.000e+00,0.00e+00,0,0.0,0.0,
resnet18_17layer_2026-02-21T07:01:20.516360,resnet18,17layer,full,17,eyeriss,thesis_arch,1056,524,128,16,64,7,False,False,"Ill-posed constraints:
CONSTRAINTS VIOLATION: Arch: Eyeriss_Constrained_17L_tile7_64x16 -> Level: InRegister: memory footprint: 2584 VS memory available: 400
CONSTRAINTS VIOLATION: Arch: Eyeriss_Constrained_17L_tile7_64x16 -> Level: WRegister: memory footprint: 14325 VS memory available: 4000",0.000e+00,0.000e+00,0.00e+00,0,0.0,0.0,
resnet18_17layer_2026-02-21T07:01:21.043570,resnet18,17layer,full,17,eyeriss,thesis_arch,1056,524,128,16,128,7,False,False,"Ill-posed constraints:
CONSTRAINTS VIOLATION: Arch: Eyeriss_Constrained_17L_tile7_128x16 -> Level: InRegister: memory footprint: 2584 VS memory available: 400
CONSTRAINTS VIOLATION: Arch: Eyeriss_Constrained_17L_tile7_128x16 -> Level: WRegister: memory footprint: 7269 VS memory available: 4000",0.000e+00,0.000e+00,0.00e+00,0,0.0,0.0,
resnet18_17layer_2026-02-21T07:01:21.859503,resnet18,17layer,full,17,eyeriss,thesis_arch,1056,524,128,16,256,7,False,False,"Ill-posed constraints:
CONSTRAINTS VIOLATION: Arch: Eyeriss_Constrained_17L_tile7_256x16 -> Level: InRegister: memory footprint: 2584 VS memory available: 400",0.000e+00,0.000e+00,0.00e+00,0,0.0,0.0,
resnet18_17layer_2026-02-21T07:01:22.444622,resnet18,17layer,full,17,eyeriss,thesis_arch,1056,524,128,16,512,7,False,False,"Ill-posed constraints:
CONSTRAINTS VIOLATION: Arch: Eyeriss_Constrained_17L_tile7_512x16 -> Level: InRegister: memory footprint: 2584 VS memory available: 400",0.000e+00,0.000e+00,0.00e+00,0,0.0,0.0,
resnet18_17layer_2026-02-21T07:01:23.497425,resnet18,17layer,full,17,eyeriss,thesis_arch,1056,524,128,32,4,7,False,False,"Ill-posed constraints:
CONSTRAINTS VIOLATION: Arch: Eyeriss_Constrained_17L_tile7_4x32 -> Level: InRegister: memory footprint: 1286 VS memory available: 400
CONSTRAINTS VIOLATION: Arch: Eyeriss_Constrained_17L_tile7_4x32 -> Level: WRegister: memory footprint: 114544 VS memory available: 4000
CONSTRAINTS VIOLATION: Arch: Eyeriss_Constrained_17L_tile7_4x32 -> Level: IntermediateRegister: memory footprint: 848 VS memory available: 400
CONSTRAINTS VIOLATION: Arch: Eyeriss_Constrained_17L_tile7_4x32 -> Level: OutRegister: memory footprint: 128 VS memory available: 64",0.000e+00,0.000e+00,0.00e+00,0,0.0,0.0,
resnet18_17layer_2026-02-21T07:01:24.131683,resnet18,17layer,full,17,eyeriss,thesis_arch,1056,524,128,32,16,7,False,False,"Ill-posed constraints:
CONSTRAINTS VIOLATION: Arch: Eyeriss_Constrained_17L_tile7_16x32 -> Level: InRegister: memory footprint: 1286 VS memory available: 400
CONSTRAINTS VIOLATION: Arch: Eyeriss_Constrained_17L_tile7_16x32 -> Level: WRegister: memory footprint: 28636 VS memory available: 4000",0.000e+00,0.000e+00,0.00e+00,0,0.0,0.0,
resnet18_17layer_2026-02-21T07:01:24.794015,resnet18,17layer,full,17,eyeriss,thesis_arch,1056,524,128,32,32,7,False,False,"Ill-posed constraints:
CONSTRAINTS VIOLATION: Arch: Eyeriss_Constrained_17L_tile7_32x32 -> Level: InRegister: memory footprint: 1286 VS memory available: 400
CONSTRAINTS VIOLATION: Arch: Eyeriss_Constrained_17L_tile7_32x32 -> Level: WRegister: memory footprint: 14318 VS memory available: 4000",0.000e+00,0.000e+00,0.00e+00,0,0.0,0.0,
resnet18_17layer_2026-02-21T07:01:25.335219,resnet18,17layer,full,17,eyeriss,thesis_arch,1056,524,128,32,64,7,False,False,"Ill-posed constraints:
CONSTRAINTS VIOLATION: Arch: Eyeriss_Constrained_17L_tile7_64x32 -> Level: InRegister: memory footprint: 1286 VS memory available: 400
CONSTRAINTS VIOLATION: Arch: Eyeriss_Constrained_17L_tile7_64x32 -> Level: WRegister: memory footprint: 7159 VS memory available: 4000",0.000e+00,0.000e+00,0.00e+00,0,0.0,0.0,
resnet18_17layer_2026-02-21T07:01:25.867981,resnet18,17layer,full,17,eyeriss,thesis_arch,1056,524,128,32,128,7,False,False,"Ill-posed constraints:
CONSTRAINTS VIOLATION: Arch: Eyeriss_Constrained_17L_tile7_128x32 -> Level: InRegister: memory footprint: 1286 VS memory available: 400",0.000e+00,0.000e+00,0.00e+00,0,0.0,0.0,
resnet18_17layer_2026-02-21T07:01:26.555425,resnet18,17layer,full,17,eyeriss,thesis_arch,1056,524,128,32,256,7,False,False,"Ill-posed constraints:
CONSTRAINTS VIOLATION: Arch: Eyeriss_Constrained_17L_tile7_256x32 -> Level: InRegister: memory footprint: 1286 VS memory available: 400",0.000e+00,0.000e+00,0.00e+00,0,0.0,0.0,
resnet18_17layer_2026-02-21T07:01:27.278724,resnet18,17layer,full,17,eyeriss,thesis_arch,1056,524,128,32,512,7,False,False,"Ill-posed constraints:
CONSTRAINTS VIOLATION: Arch: Eyeriss_Constrained_17L_tile7_512x32 -> Level: InRegister: memory footprint: 1286 VS memory available: 400",0.000e+00,0.000e+00,0.00e+00,0,0.0,0.0,
resnet18_17layer_2026-02-21T07:01:27.871076,resnet18,17layer,full,17,eyeriss,thesis_arch,1056,524,128,64,4,7,False,False,"Ill-posed constraints:
CONSTRAINTS VIOLATION: Arch: Eyeriss_Constrained_17L_tile7_4x64 -> Level: InRegister: memory footprint: 650 VS memory available: 400
CONSTRAINTS VIOLATION: Arch: Eyeriss_Constrained_17L_tile7_4x64 -> Level: WRegister: memory footprint: 57272 VS memory available: 4000
CONSTRAINTS VIOLATION: Arch: Eyeriss_Constrained_17L_tile7_4x64 -> Level: IntermediateRegister: memory footprint: 840 VS memory available: 400
CONSTRAINTS VIOLATION: Arch: Eyeriss_Constrained_17L_tile7_4x64 -> Level: OutRegister: memory footprint: 128 VS memory available: 64",0.000e+00,0.000e+00,0.00e+00,0,0.0,0.0,
resnet18_17layer_2026-02-21T07:01:28.634581,resnet18,17layer,full,17,eyeriss,thesis_arch,1056,524,128,64,16,7,False,False,"Ill-posed constraints:
CONSTRAINTS VIOLATION: Arch: Eyeriss_Constrained_17L_tile7_16x64 -> Level: InRegister: memory footprint: 650 VS memory available: 400
CONSTRAINTS VIOLATION: Arch: Eyeriss_Constrained_17L_tile7_16x64 -> Level: WRegister: memory footprint: 14318 VS memory available: 4000",0.000e+00,0.000e+00,0.00e+00,0,0.0,0.0,
resnet18_17layer_2026-02-21T07:01:29.447877,resnet18,17layer,full,17,eyeriss,thesis_arch,1056,524,128,64,32,7,False,False,"Ill-posed constraints:
CONSTRAINTS VIOLATION: Arch: Eyeriss_Constrained_17L_tile7_32x64 -> Level: InRegister: memory footprint: 650 VS memory available: 400
CONSTRAINTS VIOLATION: Arch: Eyeriss_Constrained_17L_tile7_32x64 -> Level: WRegister: memory footprint: 7159 VS memory available: 4000",0.000e+00,0.000e+00,0.00e+00,0,0.0,0.0,
resnet18_17layer_2026-02-21T07:01:30.046219,resnet18,17layer,full,17,eyeriss,thesis_arch,1056,524,128,64,64,7,False,False,"Ill-posed constraints:
CONSTRAINTS VIOLATION: Arch: Eyeriss_Constrained_17L_tile7_64x64 -> Level: InRegister: memory footprint: 650 VS memory available: 400",0.000e+00,0.000e+00,0.00e+00,0,0.0,0.0,
resnet18_17layer_2026-02-21T07:01:30.590717,resnet18,17layer,full,17,eyeriss,thesis_arch,1056,524,128,64,128,7,False,False,"Ill-posed constraints:
CONSTRAINTS VIOLATION: Arch: Eyeriss_Constrained_17L_tile7_128x64 -> Level: InRegister: memory footprint: 650 VS memory available: 400",0.000e+00,0.000e+00,0.00e+00,0,0.0,0.0,
resnet18_17layer_2026-02-21T07:01:31.032877,resnet18,17layer,full,17,eyeriss,thesis_arch,1056,524,128,64,256,7,False,False,"Ill-posed constraints:
CONSTRAINTS VIOLATION: Arch: Eyeriss_Constrained_17L_tile7_256x64 -> Level: InRegister: memory footprint: 650 VS memory available: 400",0.000e+00,0.000e+00,0.00e+00,0,0.0,0.0,
resnet18_17layer_2026-02-21T07:01:31.605509,resnet18,17layer,full,17,eyeriss,thesis_arch,1056,524,128,128,4,7,False,False,"Ill-posed constraints:
CONSTRAINTS VIOLATION: Arch: Eyeriss_Constrained_17L_tile7_4x128 -> Level: WRegister: memory footprint: 28636 VS memory available: 4000
CONSTRAINTS VIOLATION: Arch: Eyeriss_Constrained_17L_tile7_4x128 -> Level: IntermediateRegister: memory footprint: 836 VS memory available: 400
CONSTRAINTS VIOLATION: Arch: Eyeriss_Constrained_17L_tile7_4x128 -> Level: OutRegister: memory footprint: 128 VS memory available: 64",0.000e+00,0.000e+00,0.00e+00,0,0.0,0.0,
resnet18_17layer_2026-02-21T07:01:32.302828,resnet18,17layer,full,17,eyeriss,thesis_arch,1056,524,128,128,16,7,False,False,"Ill-posed constraints:
CONSTRAINTS VIOLATION: Arch: Eyeriss_Constrained_17L_tile7_16x128 -> Level: WRegister: memory footprint: 7159 VS memory available: 4000",0.000e+00,0.000e+00,0.00e+00,0,0.0,0.0,
resnet18_17layer_2026-02-21T07:01:33.156443,resnet18,17layer,full,17,eyeriss,thesis_arch,1056,524,128,128,32,7,False,True,,1.273e+05,3.059e+06,3.93e+05,"(5568237760, 2543810304)",0.0032886642329685856,0.7626833915710449,DRAM[P=7 Q=1 Z16=1 C16=1 R16=1 S16=1 Y15=7 X15=1 Z15=1 C15=1 R15=1 S15=1 Y14=7 X14=1 Z14=1 C14=1 R14=1 S14=1 Y13=14 X13=2 Z13=1 C13=1 R13=1 S13=1 Y12=14 X12=2 Z12=1 C12=1 R12=1 S12=1 Y11=14 X11=2 Z11=1 C11=1 R11=1 S11=1 Y10=14 X10=2 Z10=1 C10=1 R10=1 S10=1 Y9=28 X9=4 Z9=1 C9=1 R9=1 S9=1 Y8=28 X8=4 Z8=1 C8=1 R8=1 S8=1 Y7=28 X7=4 Z7=1 C7=1 R7=1 S7=1 Y6=28 X6=4 Z6=1 C6=1 R6=1 S6=1 Y5=56 X5=8 Z5=1 C5=1 R5=1 S5=1 Y4=56 X4=8 Z4=1 C4=1 R4=1 S4=1 Y3=56 X3=8 Z3=1 C3=1 R3=1 S3=1 Y2=56 X2=8 Z2=1 C2=1 R2=1 S2=1 Y1=56 X1=8 Z1=1 C1=1 R1=1 S1=1 Y0=112 X0=16 Z0=1 C0=1 R0=1 S0=1] GlobalBuffer[P=1 Q=7 Z16=1 C16=1 R16=1 S16=1 Y15=1 X15=7 Z15=1 C15=1 R15=1 S15=1 Y14=1 X14=7 Z14=1 C14=1 R14=1 S14=1 Y13=1 X13=7 Z13=1 C13=1 R13=1 S13=1 Y12=1 X12=7 Z12=1 C12=1 R12=1 S12=1 Y11=1 X11=7 Z11=1 C11=1 R11=1 S11=1 Y10=1 X10=7 Z10=1 C10=1 R10=1 S10=1 Y9=1 X9=7 Z9=1 C9=1 R9=1 S9=1 Y8=1 X8=7 Z8=1 C8=1 R8=1 S8=1 Y7=1 X7=7 Z7=1 C7=1 R7=1 S7=1 Y6=1 X6=7 Z6=1 C6=1 R6=1 S6=1 Y5=1 X5=7 Z5=1 C5=1 R5=1 S5=1 Y4=1 X4=7 Z4=1 C4=1 R4=1 S4=1 Y3=1 X3=7 Z3=1 C3=1 R3=1 S3=1 Y2=1 X2=7 Z2=1 C2=1 R2=1 S2=1 Y1=1 X1=7 Z1=1 C1=1 R1=1 S1=1 Y0=1 X0=7 Z0=1 C0=1 R0=1 S0=1] SACols[Q=1 Z16=32] SARows[S16=3 C16=32 Z16=1] SACols_15[X15=1 Z15=32] SARows_15[S15=3 C15=32 Z15=1] SACols_14[X14=1 Z14=32] SARows_14[S14=3 C14=32 Z14=1] SACols_13[X13=1 Z13=32] SARows_13[S13=3 C13=32 Z13=1] SACols_12[X12=1 Z12=32] SARows_12[S12=3 C12=32 Z12=1] SACols_11[X11=1 Z11=32] SARows_11[S11=3 C11=32 Z11=1] SACols_10[X10=1 Z10=32] SARows_10[S10=3 C10=32 Z10=1] SACols_9[X9=1 Z9=32] SARows_9[S9=3 C9=32 Z9=1] SACols_8[X8=1 Z8=32] SARows_8[S8=3 C8=32 Z8=1] SACols_7[X7=1 Z7=32] SARows_7[S7=3 C7=32 Z7=1] SACols_6[X6=1 Z6=32] SARows_6[S6=3 C6=32 Z6=1] SACols_5[X5=1 Z5=32] SARows_5[S5=3 C5=32 Z5=1] SACols_4[X4=1 Z4=32] SARows_4[S4=3 C4=32 Z4=1] SACols_3[X3=1 Z3=32] SARows_3[S3=3 C3=32 Z3=1] SACols_2[X2=1 Z2=32] SARows_2[S2=3 C2=32 Z2=1] SACols_1[X1=1 Z1=32] SARows_1[S1=3 C1=32 Z1=1] SACols_0[X0=1 Z0=32] SARows_0[S0=7 C0=3 Z0=2] InRegister[P=1 Q=1 Z16=1 C16=1 R16=1 S16=1 Y15=1 X15=1 Z15=1 C15=1 R15=1 S15=1 Y14=1 X14=1 Z14=1 C14=1 R14=1 S14=1 Y13=1 X13=1 Z13=1 C13=1 R13=1 S13=1 Y12=1 X12=1 Z12=1 C12=1 R12=1 S12=1 Y11=1 X11=1 Z11=1 C11=1 R11=1 S11=1 Y10=1 X10=1 Z10=1 C10=1 R10=1 S10=1 Y9=1 X9=1 Z9=1 C9=1 R9=1 S9=1 Y8=1 X8=1 Z8=1 C8=1 R8=1 S8=1 Y7=1 X7=1 Z7=1 C7=1 R7=1 S7=1 Y6=1 X6=1 Z6=1 C6=1 R6=1 S6=1 Y5=1 X5=1 Z5=1 C5=1 R5=1 S5=1 Y4=1 X4=1 Z4=1 C4=1 R4=1 S4=1 Y3=1 X3=1 Z3=1 C3=1 R3=1 S3=1 Y2=1 X2=1 Z2=1 C2=1 R2=1 S2=1 Y1=1 X1=1 Z1=1 C1=1 R1=1 S1=1 Y0=1 X0=1 Z0=1 C0=1 R0=1 S0=1] WRegister[P=1 Q=1 Z16=1 C16=16 R16=3 S16=1 Y15=1 X15=1 Z15=1 C15=16 R15=3 S15=1 Y14=1 X14=1 Z14=1 C14=16 R14=3 S14=1 Y13=1 X13=1 Z13=1 C13=8 R13=3 S13=1 Y12=1 X12=1 Z12=1 C12=8 R12=3 S12=1 Y11=1 X11=1 Z11=1 C11=8 R11=3 S11=1 Y10=1 X10=1 Z10=1 C10=8 R10=3 S10=1 Y9=1 X9=1 Z9=1 C9=4 R9=3 S9=1 Y8=1 X8=1 Z8=1 C8=4 R8=3 S8=1 Y7=1 X7=1 Z7=1 C7=4 R7=3 S7=1 Y6=1 X6=1 Z6=1 C6=4 R6=3 S6=1 Y5=1 X5=1 Z5=1 C5=2 R5=3 S5=1 Y4=1 X4=1 Z4=1 C4=2 R4=3 S4=1 Y3=1 X3=1 Z3=1 C3=2 R3=3 S3=1 Y2=1 X2=1 Z2=1 C2=2 R2=3 S2=1 Y1=1 X1=1 Z1=1 C1=2 R1=3 S1=1 Y0=1 X0=1 Z0=1 C0=1 R0=7 S0=1] IntermediateRegister[P=1 Q=1 Z16=1 C16=1 R16=1 S16=1 Y15=1 X15=1 Z15=16 C15=1 R15=1 S15=1 Y14=1 X14=1 Z14=16 C14=1 R14=1 S14=1 Y13=1 X13=1 Z13=16 C13=1 R13=1 S13=1 Y12=1 X12=1 Z12=8 C12=1 R12=1 S12=1 Y11=1 X11=1 Z11=8 C11=1 R11=1 S11=1 Y10=1 X10=1 Z10=8 C10=1 R10=1 S10=1 Y9=1 X9=1 Z9=8 C9=1 R9=1 S9=1 Y8=1 X8=1 Z8=4 C8=1 R8=1 S8=1 Y7=1 X7=1 Z7=4 C7=1 R7=1 S7=1 Y6=1 X6=1 Z6=4 C6=1 R6=1 S6=1 Y5=1 X5=1 Z5=4 C5=1 R5=1 S5=1 Y4=1 X4=1 Z4=2 C4=1 R4=1 S4=1 Y3=1 X3=1 Z3=2 C3=1 R3=1 S3=1 Y2=1 X2=1 Z2=2 C2=1 R2=1 S2=1 Y1=1 X1=1 Z1=2 C1=1 R1=1 S1=1 Y0=1 X0=1 Z0=1 C0=1 R0=1 S0=1] OutRegister[P=1 Q=1 Z16=16 C16=1 R16=1 S16=1 Y15=1 X15=1 Z15=1 C15=1 R15=1 S15=1 Y14=1 X14=1 Z14=1 C14=1 R14=1 S14=1 Y13=1 X13=1 Z13=1 C13=1 R13=1 S13=1 Y12=1 X12=1 Z12=1 C12=1 R12=1 S12=1 Y11=1 X11=1 Z11=1 C11=1 R11=1 S11=1 Y10=1 X10=1 Z10=1 C10=1 R10=1 S10=1 Y9=1 X9=1 Z9=1 C9=1 R9=1 S9=1 Y8=1 X8=1 Z8=1 C8=1 R8=1 S8=1 Y7=1 X7=1 Z7=1 C7=1 R7=1 S7=1 Y6=1 X6=1 Z6=1 C6=1 R6=1 S6=1 Y5=1 X5=1 Z5=1 C5=1 R5=1 S5=1 Y4=1 X4=1 Z4=1 C4=1 R4=1 S4=1 Y3=1 X3=1 Z3=1 C3=1 R3=1 S3=1 Y2=1 X2=1 Z2=1 C2=1 R2=1 S2=1 Y1=1 X1=1 Z1=1 C1=1 R1=1 S1=1 Y0=1 X0=1 Z0=1 C0=1 R0=1 S0=1] Compute] 
resnet18_17layer_2026-02-21T07:01:34.895259,resnet18,17layer,full,17,eyeriss,thesis_arch,1056,524,128,128,64,7,False,True,,1.294e+05,3.042e+06,4.00e+05,"(6045110464, 2543810304)",0.0016443321164842928,0.5938003063201904,DRAM[P=7 Q=1 Z16=1 C16=1 R16=1 S16=1 Y15=7 X15=1 Z15=1 C15=1 R15=1 S15=1 Y14=7 X14=1 Z14=1 C14=1 R14=1 S14=1 Y13=14 X13=2 Z13=1 C13=1 R13=1 S13=1 Y12=14 X12=2 Z12=1 C12=1 R12=1 S12=1 Y11=14 X11=2 Z11=1 C11=1 R11=1 S11=1 Y10=14 X10=2 Z10=1 C10=1 R10=1 S10=1 Y9=28 X9=4 Z9=1 C9=1 R9=1 S9=1 Y8=28 X8=4 Z8=1 C8=1 R8=1 S8=1 Y7=28 X7=4 Z7=1 C7=1 R7=1 S7=1 Y6=28 X6=4 Z6=1 C6=1 R6=1 S6=1 Y5=56 X5=8 Z5=1 C5=1 R5=1 S5=1 Y4=56 X4=8 Z4=1 C4=1 R4=1 S4=1 Y3=56 X3=8 Z3=1 C3=1 R3=1 S3=1 Y2=56 X2=8 Z2=1 C2=1 R2=1 S2=1 Y1=56 X1=8 Z1=1 C1=1 R1=1 S1=1 Y0=112 X0=16 Z0=1 C0=1 R0=1 S0=1] GlobalBuffer[P=1 Q=7 Z16=1 C16=1 R16=1 S16=1 Y15=1 X15=7 Z15=1 C15=1 R15=1 S15=1 Y14=1 X14=7 Z14=1 C14=1 R14=1 S14=1 Y13=1 X13=7 Z13=1 C13=1 R13=1 S13=1 Y12=1 X12=7 Z12=1 C12=1 R12=1 S12=1 Y11=1 X11=7 Z11=1 C11=1 R11=1 S11=1 Y10=1 X10=7 Z10=1 C10=1 R10=1 S10=1 Y9=1 X9=7 Z9=1 C9=1 R9=1 S9=1 Y8=1 X8=7 Z8=1 C8=1 R8=1 S8=1 Y7=1 X7=7 Z7=1 C7=1 R7=1 S7=1 Y6=1 X6=7 Z6=1 C6=1 R6=1 S6=1 Y5=1 X5=7 Z5=1 C5=1 R5=1 S5=1 Y4=1 X4=7 Z4=1 C4=1 R4=1 S4=1 Y3=1 X3=7 Z3=1 C3=1 R3=1 S3=1 Y2=1 X2=7 Z2=1 C2=1 R2=1 S2=1 Y1=1 X1=7 Z1=1 C1=1 R1=1 S1=1 Y0=1 X0=7 Z0=1 C0=1 R0=1 S0=1] SACols[Q=1 Z16=64] SARows[S16=3 C16=32 Z16=1] SACols_15[X15=1 Z15=64] SARows_15[S15=3 C15=32 Z15=1] SACols_14[X14=1 Z14=64] SARows_14[S14=3 C14=32 Z14=1] SACols_13[X13=1 Z13=64] SARows_13[S13=3 C13=32 Z13=1] SACols_12[X12=1 Z12=64] SARows_12[S12=3 C12=32 Z12=1] SACols_11[X11=1 Z11=64] SARows_11[S11=3 C11=32 Z11=1] SACols_10[X10=1 Z10=64] SARows_10[S10=3 C10=32 Z10=1] SACols_9[X9=1 Z9=64] SARows_9[S9=3 C9=32 Z9=1] SACols_8[X8=1 Z8=64] SARows_8[S8=3 C8=32 Z8=1] SACols_7[X7=1 Z7=64] SARows_7[S7=3 C7=32 Z7=1] SACols_6[X6=1 Z6=64] SARows_6[S6=3 C6=32 Z6=1] SACols_5[X5=1 Z5=64] SARows_5[S5=3 C5=32 Z5=1] SACols_4[X4=1 Z4=64] SARows_4[S4=3 C4=32 Z4=1] SACols_3[X3=1 Z3=64] SARows_3[S3=3 C3=32 Z3=1] SACols_2[X2=1 Z2=64] SARows_2[S2=3 C2=32 Z2=1] SACols_1[X1=1 Z1=64] SARows_1[S1=3 C1=32 Z1=1] SACols_0[X0=1 Z0=64] SARows_0[S0=7 C0=3 Z0=1] InRegister[P=1 Q=1 Z16=1 C16=1 R16=1 S16=1 Y15=1 X15=1 Z15=1 C15=1 R15=1 S15=1 Y14=1 X14=1 Z14=1 C14=1 R14=1 S14=1 Y13=1 X13=1 Z13=1 C13=1 R13=1 S13=1 Y12=1 X12=1 Z12=1 C12=1 R12=1 S12=1 Y11=1 X11=1 Z11=1 C11=1 R11=1 S11=1 Y10=1 X10=1 Z10=1 C10=1 R10=1 S10=1 Y9=1 X9=1 Z9=1 C9=1 R9=1 S9=1 Y8=1 X8=1 Z8=1 C8=1 R8=1 S8=1 Y7=1 X7=1 Z7=1 C7=1 R7=1 S7=1 Y6=1 X6=1 Z6=1 C6=1 R6=1 S6=1 Y5=1 X5=1 Z5=1 C5=1 R5=1 S5=1 Y4=1 X4=1 Z4=1 C4=1 R4=1 S4=1 Y3=1 X3=1 Z3=1 C3=1 R3=1 S3=1 Y2=1 X2=1 Z2=1 C2=1 R2=1 S2=1 Y1=1 X1=1 Z1=1 C1=1 R1=1 S1=1 Y0=1 X0=1 Z0=1 C0=1 R0=1 S0=1] WRegister[P=1 Q=1 Z16=1 C16=16 R16=3 S16=1 Y15=1 X15=1 Z15=1 C15=16 R15=3 S15=1 Y14=1 X14=1 Z14=1 C14=16 R14=3 S14=1 Y13=1 X13=1 Z13=1 C13=8 R13=3 S13=1 Y12=1 X12=1 Z12=1 C12=8 R12=3 S12=1 Y11=1 X11=1 Z11=1 C11=8 R11=3 S11=1 Y10=1 X10=1 Z10=1 C10=8 R10=3 S10=1 Y9=1 X9=1 Z9=1 C9=4 R9=3 S9=1 Y8=1 X8=1 Z8=1 C8=4 R8=3 S8=1 Y7=1 X7=1 Z7=1 C7=4 R7=3 S7=1 Y6=1 X6=1 Z6=1 C6=4 R6=3 S6=1 Y5=1 X5=1 Z5=1 C5=2 R5=3 S5=1 Y4=1 X4=1 Z4=1 C4=2 R4=3 S4=1 Y3=1 X3=1 Z3=1 C3=2 R3=3 S3=1 Y2=1 X2=1 Z2=1 C2=2 R2=3 S2=1 Y1=1 X1=1 Z1=1 C1=2 R1=3 S1=1 Y0=1 X0=1 Z0=1 C0=1 R0=7 S0=1] IntermediateRegister[P=1 Q=1 Z16=1 C16=1 R16=1 S16=1 Y15=1 X15=1 Z15=8 C15=1 R15=1 S15=1 Y14=1 X14=1 Z14=8 C14=1 R14=1 S14=1 Y13=1 X13=1 Z13=8 C13=1 R13=1 S13=1 Y12=1 X12=1 Z12=4 C12=1 R12=1 S12=1 Y11=1 X11=1 Z11=4 C11=1 R11=1 S11=1 Y10=1 X10=1 Z10=4 C10=1 R10=1 S10=1 Y9=1 X9=1 Z9=4 C9=1 R9=1 S9=1 Y8=1 X8=1 Z8=2 C8=1 R8=1 S8=1 Y7=1 X7=1 Z7=2 C7=1 R7=1 S7=1 Y6=1 X6=1 Z6=2 C6=1 R6=1 S6=1 Y5=1 X5=1 Z5=2 C5=1 R5=1 S5=1 Y4=1 X4=1 Z4=1 C4=1 R4=1 S4=1 Y3=1 X3=1 Z3=1 C3=1 R3=1 S3=1 Y2=1 X2=1 Z2=1 C2=1 R2=1 S2=1 Y1=1 X1=1 Z1=1 C1=1 R1=1 S1=1 Y0=1 X0=1 Z0=1 C0=1 R0=1 S0=1] OutRegister[P=1 Q=1 Z16=8 C16=1 R16=1 S16=1 Y15=1 X15=1 Z15=1 C15=1 R15=1 S15=1 Y14=1 X14=1 Z14=1 C14=1 R14=1 S14=1 Y13=1 X13=1 Z13=1 C13=1 R13=1 S13=1 Y12=1 X12=1 Z12=1 C12=1 R12=1 S12=1 Y11=1 X11=1 Z11=1 C11=1 R11=1 S11=1 Y10=1 X10=1 Z10=1 C10=1 R10=1 S10=1 Y9=1 X9=1 Z9=1 C9=1 R9=1 S9=1 Y8=1 X8=1 Z8=1 C8=1 R8=1 S8=1 Y7=1 X7=1 Z7=1 C7=1 R7=1 S7=1 Y6=1 X6=1 Z6=1 C6=1 R6=1 S6=1 Y5=1 X5=1 Z5=1 C5=1 R5=1 S5=1 Y4=1 X4=1 Z4=1 C4=1 R4=1 S4=1 Y3=1 X3=1 Z3=1 C3=1 R3=1 S3=1 Y2=1 X2=1 Z2=1 C2=1 R2=1 S2=1 Y1=1 X1=1 Z1=1 C1=1 R1=1 S1=1 Y0=1 X0=1 Z0=1 C0=1 R0=1 S0=1] Compute] 
resnet18_17layer_2026-02-21T07:01:36.004314,resnet18,17layer,full,17,eyeriss,thesis_arch,1056,524,128,128,128,7,False,True,,1.316e+05,3.042e+06,4.09e+05,"(6536433856, 2543810304)",5.138537864013415e-05,0.8913009166717529,DRAM[P=7 Q=1 Z16=1 C16=1 R16=1 S16=1 Y15=7 X15=1 Z15=1 C15=1 R15=1 S15=1 Y14=7 X14=1 Z14=1 C14=1 R14=1 S14=1 Y13=14 X13=2 Z13=1 C13=1 R13=1 S13=1 Y12=14 X12=2 Z12=1 C12=1 R12=1 S12=1 Y11=14 X11=2 Z11=1 C11=1 R11=1 S11=1 Y10=14 X10=2 Z10=1 C10=1 R10=1 S10=1 Y9=28 X9=4 Z9=1 C9=1 R9=1 S9=1 Y8=28 X8=4 Z8=1 C8=1 R8=1 S8=1 Y7=28 X7=4 Z7=1 C7=1 R7=1 S7=1 Y6=28 X6=4 Z6=1 C6=1 R6=1 S6=1 Y5=56 X5=8 Z5=1 C5=1 R5=1 S5=1 Y4=56 X4=8 Z4=1 C4=1 R4=1 S4=1 Y3=56 X3=8 Z3=1 C3=1 R3=1 S3=1 Y2=56 X2=8 Z2=1 C2=1 R2=1 S2=1 Y1=56 X1=8 Z1=1 C1=1 R1=1 S1=1 Y0=112 X0=16 Z0=1 C0=1 R0=1 S0=1] GlobalBuffer[P=1 Q=7 Z16=1 C16=1 R16=1 S16=1 Y15=1 X15=7 Z15=1 C15=1 R15=1 S15=1 Y14=1 X14=7 Z14=1 C14=1 R14=1 S14=1 Y13=1 X13=7 Z13=1 C13=1 R13=1 S13=1 Y12=1 X12=7 Z12=1 C12=1 R12=1 S12=1 Y11=1 X11=7 Z11=1 C11=1 R11=1 S11=1 Y10=1 X10=7 Z10=1 C10=1 R10=1 S10=1 Y9=1 X9=7 Z9=1 C9=1 R9=1 S9=1 Y8=1 X8=7 Z8=1 C8=1 R8=1 S8=1 Y7=1 X7=7 Z7=1 C7=1 R7=1 S7=1 Y6=1 X6=7 Z6=1 C6=1 R6=1 S6=1 Y5=1 X5=7 Z5=1 C5=1 R5=1 S5=1 Y4=1 X4=7 Z4=1 C4=1 R4=1 S4=1 Y3=1 X3=7 Z3=1 C3=1 R3=1 S3=1 Y2=1 X2=7 Z2=1 C2=1 R2=1 S2=1 Y1=1 X1=7 Z1=1 C1=1 R1=1 S1=1 Y0=1 X0=7 Z0=1 C0=1 R0=1 S0=1] SACols[Q=1 Z16=128] SARows[S16=3 C16=32 Z16=1] SACols_15[X15=1 Z15=128] SARows_15[S15=3 C15=32 Z15=1] SACols_14[X14=1 Z14=128] SARows_14[S14=3 C14=32 Z14=1] SACols_13[X13=1 Z13=128] SARows_13[S13=3 C13=32 Z13=1] SACols_12[X12=1 Z12=128] SARows_12[S12=3 C12=32 Z12=1] SACols_11[X11=1 Z11=128] SARows_11[S11=3 C11=32 Z11=1] SACols_10[X10=1 Z10=128] SARows_10[S10=3 C10=32 Z10=1] SACols_9[X9=1 Z9=128] SARows_9[S9=3 C9=32 Z9=1] SACols_8[X8=1 Z8=128] SARows_8[S8=3 C8=32 Z8=1] SACols_7[X7=1 Z7=128] SARows_7[S7=3 C7=32 Z7=1] SACols_6[X6=1 Z6=128] SARows_6[S6=3 C6=32 Z6=1] SACols_5[X5=1 Z5=128] SARows_5[S5=3 C5=32 Z5=1] SACols_4[X4=1 Z4=64] SARows_4[S4=3 C4=32 Z4=1] SACols_3[X3=1 Z3=64] SARows_3[S3=3 C3=32 Z3=1] SACols_2[X2=1 Z2=64] SARows_2[S2=3 C2=32 Z2=1] SACols_1[X1=1 Z1=64] SARows_1[S1=3 C1=32 Z1=1] SACols_0[X0=1 Z0=64] SARows_0[S0=7 C0=3 Z0=1] InRegister[P=1 Q=1 Z16=1 C16=1 R16=1 S16=1 Y15=1 X15=1 Z15=1 C15=1 R15=1 S15=1 Y14=1 X14=1 Z14=1 C14=1 R14=1 S14=1 Y13=1 X13=1 Z13=1 C13=1 R13=1 S13=1 Y12=1 X12=1 Z12=1 C12=1 R12=1 S12=1 Y11=1 X11=1 Z11=1 C11=1 R11=1 S11=1 Y10=1 X10=1 Z10=1 C10=1 R10=1 S10=1 Y9=1 X9=1 Z9=1 C9=1 R9=1 S9=1 Y8=1 X8=1 Z8=1 C8=1 R8=1 S8=1 Y7=1 X7=1 Z7=1 C7=1 R7=1 S7=1 Y6=1 X6=1 Z6=1 C6=1 R6=1 S6=1 Y5=1 X5=1 Z5=1 C5=1 R5=1 S5=1 Y4=1 X4=1 Z4=1 C4=1 R4=1 S4=1 Y3=1 X3=1 Z3=1 C3=1 R3=1 S3=1 Y2=1 X2=1 Z2=1 C2=1 R2=1 S2=1 Y1=1 X1=1 Z1=1 C1=1 R1=1 S1=1 Y0=1 X0=1 Z0=1 C0=1 R0=1 S0=1] WRegister[P=1 Q=1 Z16=1 C16=16 R16=3 S16=1 Y15=1 X15=1 Z15=1 C15=16 R15=3 S15=1 Y14=1 X14=1 Z14=1 C14=16 R14=3 S14=1 Y13=1 X13=1 Z13=1 C13=8 R13=3 S13=1 Y12=1 X12=1 Z12=1 C12=8 R12=3 S12=1 Y11=1 X11=1 Z11=1 C11=8 R11=3 S11=1 Y10=1 X10=1 Z10=1 C10=8 R10=3 S10=1 Y9=1 X9=1 Z9=1 C9=4 R9=3 S9=1 Y8=1 X8=1 Z8=1 C8=4 R8=3 S8=1 Y7=1 X7=1 Z7=1 C7=4 R7=3 S7=1 Y6=1 X6=1 Z6=1 C6=4 R6=3 S6=1 Y5=1 X5=1 Z5=1 C5=2 R5=3 S5=1 Y4=1 X4=1 Z4=1 C4=2 R4=3 S4=1 Y3=1 X3=1 Z3=1 C3=2 R3=3 S3=1 Y2=1 X2=1 Z2=1 C2=2 R2=3 S2=1 Y1=1 X1=1 Z1=1 C1=2 R1=3 S1=1 Y0=1 X0=1 Z0=1 C0=1 R0=7 S0=1] IntermediateRegister[P=1 Q=1 Z16=1 C16=1 R16=1 S16=1 Y15=1 X15=1 Z15=4 C15=1 R15=1 S15=1 Y14=1 X14=1 Z14=4 C14=1 R14=1 S14=1 Y13=1 X13=1 Z13=4 C13=1 R13=1 S13=1 Y12=1 X12=1 Z12=2 C12=1 R12=1 S12=1 Y11=1 X11=1 Z11=2 C11=1 R11=1 S11=1 Y10=1 X10=1 Z10=2 C10=1 R10=1 S10=1 Y9=1 X9=1 Z9=2 C9=1 R9=1 S9=1 Y8=1 X8=1 Z8=1 C8=1 R8=1 S8=1 Y7=1 X7=1 Z7=1 C7=1 R7=1 S7=1 Y6=1 X6=1 Z6=1 C6=1 R6=1 S6=1 Y5=1 X5=1 Z5=1 C5=1 R5=1 S5=1 Y4=1 X4=1 Z4=1 C4=1 R4=1 S4=1 Y3=1 X3=1 Z3=1 C3=1 R3=1 S3=1 Y2=1 X2=1 Z2=1 C2=1 R2=1 S2=1 Y1=1 X1=1 Z1=1 C1=1 R1=1 S1=1 Y0=1 X0=1 Z0=1 C0=1 R0=1 S0=1] OutRegister[P=1 Q=1 Z16=4 C16=1 R16=1 S16=1 Y15=1 X15=1 Z15=1 C15=1 R15=1 S15=1 Y14=1 X14=1 Z14=1 C14=1 R14=1 S14=1 Y13=1 X13=1 Z13=1 C13=1 R13=1 S13=1 Y12=1 X12=1 Z12=1 C12=1 R12=1 S12=1 Y11=1 X11=1 Z11=1 C11=1 R11=1 S11=1 Y10=1 X10=1 Z10=1 C10=1 R10=1 S10=1 Y9=1 X9=1 Z9=1 C9=1 R9=1 S9=1 Y8=1 X8=1 Z8=1 C8=1 R8=1 S8=1 Y7=1 X7=1 Z7=1 C7=1 R7=1 S7=1 Y6=1 X6=1 Z6=1 C6=1 R6=1 S6=1 Y5=1 X5=1 Z5=1 C5=1 R5=1 S5=1 Y4=1 X4=1 Z4=1 C4=1 R4=1 S4=1 Y3=1 X3=1 Z3=1 C3=1 R3=1 S3=1 Y2=1 X2=1 Z2=1 C2=1 R2=1 S2=1 Y1=1 X1=1 Z1=1 C1=1 R1=1 S1=1 Y0=1 X0=1 Z0=1 C0=1 R0=1 S0=1] Compute] 
resnet18_17layer_2026-02-21T07:01:37.610952,resnet18,17layer,full,17,eyeriss,thesis_arch,1056,524,128,256,4,7,False,False,"Ill-posed constraints:
CONSTRAINTS VIOLATION: Arch: Eyeriss_Constrained_17L_tile7_4x256 -> Level: WRegister: memory footprint: 14318 VS memory available: 4000
CONSTRAINTS VIOLATION: Arch: Eyeriss_Constrained_17L_tile7_4x256 -> Level: IntermediateRegister: memory footprint: 834 VS memory available: 400
CONSTRAINTS VIOLATION: Arch: Eyeriss_Constrained_17L_tile7_4x256 -> Level: OutRegister: memory footprint: 128 VS memory available: 64",0.000e+00,0.000e+00,0.00e+00,0,0.0,0.0,
resnet18_17layer_2026-02-21T07:01:38.433869,resnet18,17layer,full,17,eyeriss,thesis_arch,1056,524,128,256,16,7,False,True,,1.279e+05,3.059e+06,3.94e+05,"(5522477248, 2736486144)",0.0032886642329685856,0.7837224006652832,DRAM[P=7 Q=1 Z16=1 C16=1 R16=1 S16=1 Y15=7 X15=1 Z15=1 C15=1 R15=1 S15=1 Y14=7 X14=1 Z14=1 C14=1 R14=1 S14=1 Y13=14 X13=2 Z13=1 C13=1 R13=1 S13=1 Y12=14 X12=2 Z12=1 C12=1 R12=1 S12=1 Y11=14 X11=2 Z11=1 C11=1 R11=1 S11=1 Y10=14 X10=2 Z10=1 C10=1 R10=1 S10=1 Y9=28 X9=4 Z9=1 C9=1 R9=1 S9=1 Y8=28 X8=4 Z8=1 C8=1 R8=1 S8=1 Y7=28 X7=4 Z7=1 C7=1 R7=1 S7=1 Y6=28 X6=4 Z6=1 C6=1 R6=1 S6=1 Y5=56 X5=8 Z5=1 C5=1 R5=1 S5=1 Y4=56 X4=8 Z4=1 C4=1 R4=1 S4=1 Y3=56 X3=8 Z3=1 C3=1 R3=1 S3=1 Y2=56 X2=8 Z2=1 C2=1 R2=1 S2=1 Y1=56 X1=8 Z1=1 C1=1 R1=1 S1=1 Y0=112 X0=16 Z0=1 C0=1 R0=1 S0=1] GlobalBuffer[P=1 Q=7 Z16=1 C16=1 R16=1 S16=1 Y15=1 X15=7 Z15=1 C15=1 R15=1 S15=1 Y14=1 X14=7 Z14=1 C14=1 R14=1 S14=1 Y13=1 X13=7 Z13=1 C13=1 R13=1 S13=1 Y12=1 X12=7 Z12=1 C12=1 R12=1 S12=1 Y11=1 X11=7 Z11=1 C11=1 R11=1 S11=1 Y10=1 X10=7 Z10=1 C10=1 R10=1 S10=1 Y9=1 X9=7 Z9=1 C9=1 R9=1 S9=1 Y8=1 X8=7 Z8=1 C8=1 R8=1 S8=1 Y7=1 X7=7 Z7=1 C7=1 R7=1 S7=1 Y6=1 X6=7 Z6=1 C6=1 R6=1 S6=1 Y5=1 X5=7 Z5=1 C5=1 R5=1 S5=1 Y4=1 X4=7 Z4=1 C4=1 R4=1 S4=1 Y3=1 X3=7 Z3=1 C3=1 R3=1 S3=1 Y2=1 X2=7 Z2=1 C2=1 R2=1 S2=1 Y1=1 X1=7 Z1=1 C1=1 R1=1 S1=1 Y0=1 X0=7 Z0=1 C0=1 R0=1 S0=1] SACols[Q=1 Z16=16] SARows[S16=3 C16=64 Z16=1] SACols_15[X15=1 Z15=16] SARows_15[S15=3 C15=64 Z15=1] SACols_14[X14=1 Z14=16] SARows_14[S14=3 C14=64 Z14=1] SACols_13[X13=1 Z13=16] SARows_13[S13=3 C13=64 Z13=1] SACols_12[X12=1 Z12=16] SARows_12[S12=3 C12=64 Z12=1] SACols_11[X11=1 Z11=16] SARows_11[S11=3 C11=64 Z11=1] SACols_10[X10=1 Z10=16] SARows_10[S10=3 C10=64 Z10=1] SACols_9[X9=1 Z9=16] SARows_9[S9=3 C9=64 Z9=1] SACols_8[X8=1 Z8=16] SARows_8[S8=3 C8=64 Z8=1] SACols_7[X7=1 Z7=16] SARows_7[S7=3 C7=64 Z7=1] SACols_6[X6=1 Z6=16] SARows_6[S6=3 C6=64 Z6=1] SACols_5[X5=1 Z5=16] SARows_5[S5=3 C5=64 Z5=1] SACols_4[X4=1 Z4=16] SARows_4[S4=3 C4=64 Z4=1] SACols_3[X3=1 Z3=16] SARows_3[S3=3 C3=64 Z3=1] SACols_2[X2=1 Z2=16] SARows_2[S2=3 C2=64 Z2=1] SACols_1[X1=1 Z1=16] SARows_1[S1=3 C1=64 Z1=1] SACols_0[X0=1 Z0=16] SARows_0[S0=7 C0=3 Z0=4] InRegister[P=1 Q=1 Z16=1 C16=1 R16=1 S16=1 Y15=1 X15=1 Z15=1 C15=1 R15=1 S15=1 Y14=1 X14=1 Z14=1 C14=1 R14=1 S14=1 Y13=1 X13=1 Z13=1 C13=1 R13=1 S13=1 Y12=1 X12=1 Z12=1 C12=1 R12=1 S12=1 Y11=1 X11=1 Z11=1 C11=1 R11=1 S11=1 Y10=1 X10=1 Z10=1 C10=1 R10=1 S10=1 Y9=1 X9=1 Z9=1 C9=1 R9=1 S9=1 Y8=1 X8=1 Z8=1 C8=1 R8=1 S8=1 Y7=1 X7=1 Z7=1 C7=1 R7=1 S7=1 Y6=1 X6=1 Z6=1 C6=1 R6=1 S6=1 Y5=1 X5=1 Z5=1 C5=1 R5=1 S5=1 Y4=1 X4=1 Z4=1 C4=1 R4=1 S4=1 Y3=1 X3=1 Z3=1 C3=1 R3=1 S3=1 Y2=1 X2=1 Z2=1 C2=1 R2=1 S2=1 Y1=1 X1=1 Z1=1 C1=1 R1=1 S1=1 Y0=1 X0=1 Z0=1 C0=1 R0=1 S0=1] WRegister[P=1 Q=1 Z16=1 C16=8 R16=3 S16=1 Y15=1 X15=1 Z15=1 C15=8 R15=3 S15=1 Y14=1 X14=1 Z14=1 C14=8 R14=3 S14=1 Y13=1 X13=1 Z13=1 C13=4 R13=3 S13=1 Y12=1 X12=1 Z12=1 C12=4 R12=3 S12=1 Y11=1 X11=1 Z11=1 C11=4 R11=3 S11=1 Y10=1 X10=1 Z10=1 C10=4 R10=3 S10=1 Y9=1 X9=1 Z9=1 C9=2 R9=3 S9=1 Y8=1 X8=1 Z8=1 C8=2 R8=3 S8=1 Y7=1 X7=1 Z7=1 C7=2 R7=3 S7=1 Y6=1 X6=1 Z6=1 C6=2 R6=3 S6=1 Y5=1 X5=1 Z5=1 C5=1 R5=3 S5=1 Y4=1 X4=1 Z4=1 C4=1 R4=3 S4=1 Y3=1 X3=1 Z3=1 C3=1 R3=3 S3=1 Y2=1 X2=1 Z2=1 C2=1 R2=3 S2=1 Y1=1 X1=1 Z1=1 C1=1 R1=3 S1=1 Y0=1 X0=1 Z0=1 C0=1 R0=7 S0=1] IntermediateRegister[P=1 Q=1 Z16=1 C16=1 R16=1 S16=1 Y15=1 X15=1 Z15=32 C15=1 R15=1 S15=1 Y14=1 X14=1 Z14=32 C14=1 R14=1 S14=1 Y13=1 X13=1 Z13=32 C13=1 R13=1 S13=1 Y12=1 X12=1 Z12=16 C12=1 R12=1 S12=1 Y11=1 X11=1 Z11=16 C11=1 R11=1 S11=1 Y10=1 X10=1 Z10=16 C10=1 R10=1 S10=1 Y9=1 X9=1 Z9=16 C9=1 R9=1 S9=1 Y8=1 X8=1 Z8=8 C8=1 R8=1 S8=1 Y7=1 X7=1 Z7=8 C7=1 R7=1 S7=1 Y6=1 X6=1 Z6=8 C6=1 R6=1 S6=1 Y5=1 X5=1 Z5=8 C5=1 R5=1 S5=1 Y4=1 X4=1 Z4=4 C4=1 R4=1 S4=1 Y3=1 X3=1 Z3=4 C3=1 R3=1 S3=1 Y2=1 X2=1 Z2=4 C2=1 R2=1 S2=1 Y1=1 X1=1 Z1=4 C1=1 R1=1 S1=1 Y0=1 X0=1 Z0=1 C0=1 R0=1 S0=1] OutRegister[P=1 Q=1 Z16=32 C16=1 R16=1 S16=1 Y15=1 X15=1 Z15=1 C15=1 R15=1 S15=1 Y14=1 X14=1 Z14=1 C14=1 R14=1 S14=1 Y13=1 X13=1 Z13=1 C13=1 R13=1 S13=1 Y12=1 X12=1 Z12=1 C12=1 R12=1 S12=1 Y11=1 X11=1 Z11=1 C11=1 R11=1 S11=1 Y10=1 X10=1 Z10=1 C10=1 R10=1 S10=1 Y9=1 X9=1 Z9=1 C9=1 R9=1 S9=1 Y8=1 X8=1 Z8=1 C8=1 R8=1 S8=1 Y7=1 X7=1 Z7=1 C7=1 R7=1 S7=1 Y6=1 X6=1 Z6=1 C6=1 R6=1 S6=1 Y5=1 X5=1 Z5=1 C5=1 R5=1 S5=1 Y4=1 X4=1 Z4=1 C4=1 R4=1 S4=1 Y3=1 X3=1 Z3=1 C3=1 R3=1 S3=1 Y2=1 X2=1 Z2=1 C2=1 R2=1 S2=1 Y1=1 X1=1 Z1=1 C1=1 R1=1 S1=1 Y0=1 X0=1 Z0=1 C0=1 R0=1 S0=1] Compute] 
resnet18_17layer_2026-02-21T07:01:39.710420,resnet18,17layer,full,17,eyeriss,thesis_arch,1056,524,128,256,32,7,False,True,,1.290e+05,3.042e+06,3.96e+05,"(5760913600, 2736486144)",0.0016443321164842928,0.4753146171569824,DRAM[P=7 Q=1 Z16=1 C16=1 R16=1 S16=1 Y15=7 X15=1 Z15=1 C15=1 R15=1 S15=1 Y14=7 X14=1 Z14=1 C14=1 R14=1 S14=1 Y13=14 X13=2 Z13=1 C13=1 R13=1 S13=1 Y12=14 X12=2 Z12=1 C12=1 R12=1 S12=1 Y11=14 X11=2 Z11=1 C11=1 R11=1 S11=1 Y10=14 X10=2 Z10=1 C10=1 R10=1 S10=1 Y9=28 X9=4 Z9=1 C9=1 R9=1 S9=1 Y8=28 X8=4 Z8=1 C8=1 R8=1 S8=1 Y7=28 X7=4 Z7=1 C7=1 R7=1 S7=1 Y6=28 X6=4 Z6=1 C6=1 R6=1 S6=1 Y5=56 X5=8 Z5=1 C5=1 R5=1 S5=1 Y4=56 X4=8 Z4=1 C4=1 R4=1 S4=1 Y3=56 X3=8 Z3=1 C3=1 R3=1 S3=1 Y2=56 X2=8 Z2=1 C2=1 R2=1 S2=1 Y1=56 X1=8 Z1=1 C1=1 R1=1 S1=1 Y0=112 X0=16 Z0=1 C0=1 R0=1 S0=1] GlobalBuffer[P=1 Q=7 Z16=1 C16=1 R16=1 S16=1 Y15=1 X15=7 Z15=1 C15=1 R15=1 S15=1 Y14=1 X14=7 Z14=1 C14=1 R14=1 S14=1 Y13=1 X13=7 Z13=1 C13=1 R13=1 S13=1 Y12=1 X12=7 Z12=1 C12=1 R12=1 S12=1 Y11=1 X11=7 Z11=1 C11=1 R11=1 S11=1 Y10=1 X10=7 Z10=1 C10=1 R10=1 S10=1 Y9=1 X9=7 Z9=1 C9=1 R9=1 S9=1 Y8=1 X8=7 Z8=1 C8=1 R8=1 S8=1 Y7=1 X7=7 Z7=1 C7=1 R7=1 S7=1 Y6=1 X6=7 Z6=1 C6=1 R6=1 S6=1 Y5=1 X5=7 Z5=1 C5=1 R5=1 S5=1 Y4=1 X4=7 Z4=1 C4=1 R4=1 S4=1 Y3=1 X3=7 Z3=1 C3=1 R3=1 S3=1 Y2=1 X2=7 Z2=1 C2=1 R2=1 S2=1 Y1=1 X1=7 Z1=1 C1=1 R1=1 S1=1 Y0=1 X0=7 Z0=1 C0=1 R0=1 S0=1] SACols[Q=1 Z16=32] SARows[S16=3 C16=64 Z16=1] SACols_15[X15=1 Z15=32] SARows_15[S15=3 C15=64 Z15=1] SACols_14[X14=1 Z14=32] SARows_14[S14=3 C14=64 Z14=1] SACols_13[X13=1 Z13=32] SARows_13[S13=3 C13=64 Z13=1] SACols_12[X12=1 Z12=32] SARows_12[S12=3 C12=64 Z12=1] SACols_11[X11=1 Z11=32] SARows_11[S11=3 C11=64 Z11=1] SACols_10[X10=1 Z10=32] SARows_10[S10=3 C10=64 Z10=1] SACols_9[X9=1 Z9=32] SARows_9[S9=3 C9=64 Z9=1] SACols_8[X8=1 Z8=32] SARows_8[S8=3 C8=64 Z8=1] SACols_7[X7=1 Z7=32] SARows_7[S7=3 C7=64 Z7=1] SACols_6[X6=1 Z6=32] SARows_6[S6=3 C6=64 Z6=1] SACols_5[X5=1 Z5=32] SARows_5[S5=3 C5=64 Z5=1] SACols_4[X4=1 Z4=32] SARows_4[S4=3 C4=64 Z4=1] SACols_3[X3=1 Z3=32] SARows_3[S3=3 C3=64 Z3=1] SACols_2[X2=1 Z2=32] SARows_2[S2=3 C2=64 Z2=1] SACols_1[X1=1 Z1=32] SARows_1[S1=3 C1=64 Z1=1] SACols_0[X0=1 Z0=32] SARows_0[S0=7 C0=3 Z0=2] InRegister[P=1 Q=1 Z16=1 C16=1 R16=1 S16=1 Y15=1 X15=1 Z15=1 C15=1 R15=1 S15=1 Y14=1 X14=1 Z14=1 C14=1 R14=1 S14=1 Y13=1 X13=1 Z13=1 C13=1 R13=1 S13=1 Y12=1 X12=1 Z12=1 C12=1 R12=1 S12=1 Y11=1 X11=1 Z11=1 C11=1 R11=1 S11=1 Y10=1 X10=1 Z10=1 C10=1 R10=1 S10=1 Y9=1 X9=1 Z9=1 C9=1 R9=1 S9=1 Y8=1 X8=1 Z8=1 C8=1 R8=1 S8=1 Y7=1 X7=1 Z7=1 C7=1 R7=1 S7=1 Y6=1 X6=1 Z6=1 C6=1 R6=1 S6=1 Y5=1 X5=1 Z5=1 C5=1 R5=1 S5=1 Y4=1 X4=1 Z4=1 C4=1 R4=1 S4=1 Y3=1 X3=1 Z3=1 C3=1 R3=1 S3=1 Y2=1 X2=1 Z2=1 C2=1 R2=1 S2=1 Y1=1 X1=1 Z1=1 C1=1 R1=1 S1=1 Y0=1 X0=1 Z0=1 C0=1 R0=1 S0=1] WRegister[P=1 Q=1 Z16=1 C16=8 R16=3 S16=1 Y15=1 X15=1 Z15=1 C15=8 R15=3 S15=1 Y14=1 X14=1 Z14=1 C14=8 R14=3 S14=1 Y13=1 X13=1 Z13=1 C13=4 R13=3 S13=1 Y12=1 X12=1 Z12=1 C12=4 R12=3 S12=1 Y11=1 X11=1 Z11=1 C11=4 R11=3 S11=1 Y10=1 X10=1 Z10=1 C10=4 R10=3 S10=1 Y9=1 X9=1 Z9=1 C9=2 R9=3 S9=1 Y8=1 X8=1 Z8=1 C8=2 R8=3 S8=1 Y7=1 X7=1 Z7=1 C7=2 R7=3 S7=1 Y6=1 X6=1 Z6=1 C6=2 R6=3 S6=1 Y5=1 X5=1 Z5=1 C5=1 R5=3 S5=1 Y4=1 X4=1 Z4=1 C4=1 R4=3 S4=1 Y3=1 X3=1 Z3=1 C3=1 R3=3 S3=1 Y2=1 X2=1 Z2=1 C2=1 R2=3 S2=1 Y1=1 X1=1 Z1=1 C1=1 R1=3 S1=1 Y0=1 X0=1 Z0=1 C0=1 R0=7 S0=1] IntermediateRegister[P=1 Q=1 Z16=1 C16=1 R16=1 S16=1 Y15=1 X15=1 Z15=16 C15=1 R15=1 S15=1 Y14=1 X14=1 Z14=16 C14=1 R14=1 S14=1 Y13=1 X13=1 Z13=16 C13=1 R13=1 S13=1 Y12=1 X12=1 Z12=8 C12=1 R12=1 S12=1 Y11=1 X11=1 Z11=8 C11=1 R11=1 S11=1 Y10=1 X10=1 Z10=8 C10=1 R10=1 S10=1 Y9=1 X9=1 Z9=8 C9=1 R9=1 S9=1 Y8=1 X8=1 Z8=4 C8=1 R8=1 S8=1 Y7=1 X7=1 Z7=4 C7=1 R7=1 S7=1 Y6=1 X6=1 Z6=4 C6=1 R6=1 S6=1 Y5=1 X5=1 Z5=4 C5=1 R5=1 S5=1 Y4=1 X4=1 Z4=2 C4=1 R4=1 S4=1 Y3=1 X3=1 Z3=2 C3=1 R3=1 S3=1 Y2=1 X2=1 Z2=2 C2=1 R2=1 S2=1 Y1=1 X1=1 Z1=2 C1=1 R1=1 S1=1 Y0=1 X0=1 Z0=1 C0=1 R0=1 S0=1] OutRegister[P=1 Q=1 Z16=16 C16=1 R16=1 S16=1 Y15=1 X15=1 Z15=1 C15=1 R15=1 S15=1 Y14=1 X14=1 Z14=1 C14=1 R14=1 S14=1 Y13=1 X13=1 Z13=1 C13=1 R13=1 S13=1 Y12=1 X12=1 Z12=1 C12=1 R12=1 S12=1 Y11=1 X11=1 Z11=1 C11=1 R11=1 S11=1 Y10=1 X10=1 Z10=1 C10=1 R10=1 S10=1 Y9=1 X9=1 Z9=1 C9=1 R9=1 S9=1 Y8=1 X8=1 Z8=1 C8=1 R8=1 S8=1 Y7=1 X7=1 Z7=1 C7=1 R7=1 S7=1 Y6=1 X6=1 Z6=1 C6=1 R6=1 S6=1 Y5=1 X5=1 Z5=1 C5=1 R5=1 S5=1 Y4=1 X4=1 Z4=1 C4=1 R4=1 S4=1 Y3=1 X3=1 Z3=1 C3=1 R3=1 S3=1 Y2=1 X2=1 Z2=1 C2=1 R2=1 S2=1 Y1=1 X1=1 Z1=1 C1=1 R1=1 S1=1 Y0=1 X0=1 Z0=1 C0=1 R0=1 S0=1] Compute] 
resnet18_17layer_2026-02-21T07:01:40.839625,resnet18,17layer,full,17,eyeriss,thesis_arch,1056,524,128,256,64,7,False,True,,1.311e+05,3.042e+06,4.05e+05,"(6237786304, 2736486144)",0.0008221660582421464,0.8928999900817871,DRAM[P=7 Q=1 Z16=1 C16=1 R16=1 S16=1 Y15=7 X15=1 Z15=1 C15=1 R15=1 S15=1 Y14=7 X14=1 Z14=1 C14=1 R14=1 S14=1 Y13=14 X13=2 Z13=1 C13=1 R13=1 S13=1 Y12=14 X12=2 Z12=1 C12=1 R12=1 S12=1 Y11=14 X11=2 Z11=1 C11=1 R11=1 S11=1 Y10=14 X10=2 Z10=1 C10=1 R10=1 S10=1 Y9=28 X9=4 Z9=1 C9=1 R9=1 S9=1 Y8=28 X8=4 Z8=1 C8=1 R8=1 S8=1 Y7=28 X7=4 Z7=1 C7=1 R7=1 S7=1 Y6=28 X6=4 Z6=1 C6=1 R6=1 S6=1 Y5=56 X5=8 Z5=1 C5=1 R5=1 S5=1 Y4=56 X4=8 Z4=1 C4=1 R4=1 S4=1 Y3=56 X3=8 Z3=1 C3=1 R3=1 S3=1 Y2=56 X2=8 Z2=1 C2=1 R2=1 S2=1 Y1=56 X1=8 Z1=1 C1=1 R1=1 S1=1 Y0=112 X0=16 Z0=1 C0=1 R0=1 S0=1] GlobalBuffer[P=1 Q=7 Z16=1 C16=1 R16=1 S16=1 Y15=1 X15=7 Z15=1 C15=1 R15=1 S15=1 Y14=1 X14=7 Z14=1 C14=1 R14=1 S14=1 Y13=1 X13=7 Z13=1 C13=1 R13=1 S13=1 Y12=1 X12=7 Z12=1 C12=1 R12=1 S12=1 Y11=1 X11=7 Z11=1 C11=1 R11=1 S11=1 Y10=1 X10=7 Z10=1 C10=1 R10=1 S10=1 Y9=1 X9=7 Z9=1 C9=1 R9=1 S9=1 Y8=1 X8=7 Z8=1 C8=1 R8=1 S8=1 Y7=1 X7=7 Z7=1 C7=1 R7=1 S7=1 Y6=1 X6=7 Z6=1 C6=1 R6=1 S6=1 Y5=1 X5=7 Z5=1 C5=1 R5=1 S5=1 Y4=1 X4=7 Z4=1 C4=1 R4=1 S4=1 Y3=1 X3=7 Z3=1 C3=1 R3=1 S3=1 Y2=1 X2=7 Z2=1 C2=1 R2=1 S2=1 Y1=1 X1=7 Z1=1 C1=1 R1=1 S1=1 Y0=1 X0=7 Z0=1 C0=1 R0=1 S0=1] SACols[Q=1 Z16=64] SARows[S16=3 C16=64 Z16=1] SACols_15[X15=1 Z15=64] SARows_15[S15=3 C15=64 Z15=1] SACols_14[X14=1 Z14=64] SARows_14[S14=3 C14=64 Z14=1] SACols_13[X13=1 Z13=64] SARows_13[S13=3 C13=64 Z13=1] SACols_12[X12=1 Z12=64] SARows_12[S12=3 C12=64 Z12=1] SACols_11[X11=1 Z11=64] SARows_11[S11=3 C11=64 Z11=1] SACols_10[X10=1 Z10=64] SARows_10[S10=3 C10=64 Z10=1] SACols_9[X9=1 Z9=64] SARows_9[S9=3 C9=64 Z9=1] SACols_8[X8=1 Z8=64] SARows_8[S8=3 C8=64 Z8=1] SACols_7[X7=1 Z7=64] SARows_7[S7=3 C7=64 Z7=1] SACols_6[X6=1 Z6=64] SARows_6[S6=3 C6=64 Z6=1] SACols_5[X5=1 Z5=64] SARows_5[S5=3 C5=64 Z5=1] SACols_4[X4=1 Z4=64] SARows_4[S4=3 C4=64 Z4=1] SACols_3[X3=1 Z3=64] SARows_3[S3=3 C3=64 Z3=1] SACols_2[X2=1 Z2=64] SARows_2[S2=3 C2=64 Z2=1] SACols_1[X1=1 Z1=64] SARows_1[S1=3 C1=64 Z1=1] SACols_0[X0=1 Z0=64] SARows_0[S0=7 C0=3 Z0=1] InRegister[P=1 Q=1 Z16=1 C16=1 R16=1 S16=1 Y15=1 X15=1 Z15=1 C15=1 R15=1 S15=1 Y14=1 X14=1 Z14=1 C14=1 R14=1 S14=1 Y13=1 X13=1 Z13=1 C13=1 R13=1 S13=1 Y12=1 X12=1 Z12=1 C12=1 R12=1 S12=1 Y11=1 X11=1 Z11=1 C11=1 R11=1 S11=1 Y10=1 X10=1 Z10=1 C10=1 R10=1 S10=1 Y9=1 X9=1 Z9=1 C9=1 R9=1 S9=1 Y8=1 X8=1 Z8=1 C8=1 R8=1 S8=1 Y7=1 X7=1 Z7=1 C7=1 R7=1 S7=1 Y6=1 X6=1 Z6=1 C6=1 R6=1 S6=1 Y5=1 X5=1 Z5=1 C5=1 R5=1 S5=1 Y4=1 X4=1 Z4=1 C4=1 R4=1 S4=1 Y3=1 X3=1 Z3=1 C3=1 R3=1 S3=1 Y2=1 X2=1 Z2=1 C2=1 R2=1 S2=1 Y1=1 X1=1 Z1=1 C1=1 R1=1 S1=1 Y0=1 X0=1 Z0=1 C0=1 R0=1 S0=1] WRegister[P=1 Q=1 Z16=1 C16=8 R16=3 S16=1 Y15=1 X15=1 Z15=1 C15=8 R15=3 S15=1 Y14=1 X14=1 Z14=1 C14=8 R14=3 S14=1 Y13=1 X13=1 Z13=1 C13=4 R13=3 S13=1 Y12=1 X12=1 Z12=1 C12=4 R12=3 S12=1 Y11=1 X11=1 Z11=1 C11=4 R11=3 S11=1 Y10=1 X10=1 Z10=1 C10=4 R10=3 S10=1 Y9=1 X9=1 Z9=1 C9=2 R9=3 S9=1 Y8=1 X8=1 Z8=1 C8=2 R8=3 S8=1 Y7=1 X7=1 Z7=1 C7=2 R7=3 S7=1 Y6=1 X6=1 Z6=1 C6=2 R6=3 S6=1 Y5=1 X5=1 Z5=1 C5=1 R5=3 S5=1 Y4=1 X4=1 Z4=1 C4=1 R4=3 S4=1 Y3=1 X3=1 Z3=1 C3=1 R3=3 S3=1 Y2=1 X2=1 Z2=1 C2=1 R2=3 S2=1 Y1=1 X1=1 Z1=1 C1=1 R1=3 S1=1 Y0=1 X0=1 Z0=1 C0=1 R0=7 S0=1] IntermediateRegister[P=1 Q=1 Z16=1 C16=1 R16=1 S16=1 Y15=1 X15=1 Z15=8 C15=1 R15=1 S15=1 Y14=1 X14=1 Z14=8 C14=1 R14=1 S14=1 Y13=1 X13=1 Z13=8 C13=1 R13=1 S13=1 Y12=1 X12=1 Z12=4 C12=1 R12=1 S12=1 Y11=1 X11=1 Z11=4 C11=1 R11=1 S11=1 Y10=1 X10=1 Z10=4 C10=1 R10=1 S10=1 Y9=1 X9=1 Z9=4 C9=1 R9=1 S9=1 Y8=1 X8=1 Z8=2 C8=1 R8=1 S8=1 Y7=1 X7=1 Z7=2 C7=1 R7=1 S7=1 Y6=1 X6=1 Z6=2 C6=1 R6=1 S6=1 Y5=1 X5=1 Z5=2 C5=1 R5=1 S5=1 Y4=1 X4=1 Z4=1 C4=1 R4=1 S4=1 Y3=1 X3=1 Z3=1 C3=1 R3=1 S3=1 Y2=1 X2=1 Z2=1 C2=1 R2=1 S2=1 Y1=1 X1=1 Z1=1 C1=1 R1=1 S1=1 Y0=1 X0=1 Z0=1 C0=1 R0=1 S0=1] OutRegister[P=1 Q=1 Z16=8 C16=1 R16=1 S16=1 Y15=1 X15=1 Z15=1 C15=1 R15=1 S15=1 Y14=1 X14=1 Z14=1 C14=1 R14=1 S14=1 Y13=1 X13=1 Z13=1 C13=1 R13=1 S13=1 Y12=1 X12=1 Z12=1 C12=1 R12=1 S12=1 Y11=1 X11=1 Z11=1 C11=1 R11=1 S11=1 Y10=1 X10=1 Z10=1 C10=1 R10=1 S10=1 Y9=1 X9=1 Z9=1 C9=1 R9=1 S9=1 Y8=1 X8=1 Z8=1 C8=1 R8=1 S8=1 Y7=1 X7=1 Z7=1 C7=1 R7=1 S7=1 Y6=1 X6=1 Z6=1 C6=1 R6=1 S6=1 Y5=1 X5=1 Z5=1 C5=1 R5=1 S5=1 Y4=1 X4=1 Z4=1 C4=1 R4=1 S4=1 Y3=1 X3=1 Z3=1 C3=1 R3=1 S3=1 Y2=1 X2=1 Z2=1 C2=1 R2=1 S2=1 Y1=1 X1=1 Z1=1 C1=1 R1=1 S1=1 Y0=1 X0=1 Z0=1 C0=1 R0=1 S0=1] Compute] 
resnet18_17layer_2026-02-21T07:01:42.427628,resnet18,17layer,full,17,eyeriss,thesis_arch,1056,524,128,512,4,7,False,False,"Ill-posed constraints:
CONSTRAINTS VIOLATION: Arch: Eyeriss_Constrained_17L_tile7_4x512 -> Level: WRegister: memory footprint: 7159 VS memory available: 4000
CONSTRAINTS VIOLATION: Arch: Eyeriss_Constrained_17L_tile7_4x512 -> Level: IntermediateRegister: memory footprint: 785 VS memory available: 400
CONSTRAINTS VIOLATION: Arch: Eyeriss_Constrained_17L_tile7_4x512 -> Level: OutRegister: memory footprint: 128 VS memory available: 64",0.000e+00,0.000e+00,0.00e+00,0,0.0,0.0,
resnet18_17layer_2026-02-21T07:01:42.899122,resnet18,17layer,full,17,eyeriss,thesis_arch,1056,524,128,512,16,7,False,True,,1.300e+05,3.042e+06,3.99e+05,"(5821124800, 2890626816)",0.0016443321164842928,0.8730728626251221,DRAM[P=7 Q=1 Z16=1 C16=1 R16=1 S16=1 Y15=7 X15=1 Z15=1 C15=1 R15=1 S15=1 Y14=7 X14=1 Z14=1 C14=1 R14=1 S14=1 Y13=14 X13=2 Z13=1 C13=1 R13=1 S13=1 Y12=14 X12=2 Z12=1 C12=1 R12=1 S12=1 Y11=14 X11=2 Z11=1 C11=1 R11=1 S11=1 Y10=14 X10=2 Z10=1 C10=1 R10=1 S10=1 Y9=28 X9=4 Z9=1 C9=1 R9=1 S9=1 Y8=28 X8=4 Z8=1 C8=1 R8=1 S8=1 Y7=28 X7=4 Z7=1 C7=1 R7=1 S7=1 Y6=28 X6=4 Z6=1 C6=1 R6=1 S6=1 Y5=56 X5=8 Z5=1 C5=1 R5=1 S5=1 Y4=56 X4=8 Z4=1 C4=1 R4=1 S4=1 Y3=56 X3=8 Z3=1 C3=1 R3=1 S3=1 Y2=56 X2=8 Z2=1 C2=1 R2=1 S2=1 Y1=56 X1=8 Z1=1 C1=1 R1=1 S1=1 Y0=112 X0=16 Z0=1 C0=1 R0=1 S0=1] GlobalBuffer[P=1 Q=7 Z16=1 C16=1 R16=1 S16=1 Y15=1 X15=7 Z15=1 C15=1 R15=1 S15=1 Y14=1 X14=7 Z14=1 C14=1 R14=1 S14=1 Y13=1 X13=7 Z13=1 C13=1 R13=1 S13=1 Y12=1 X12=7 Z12=1 C12=1 R12=1 S12=1 Y11=1 X11=7 Z11=1 C11=1 R11=1 S11=1 Y10=1 X10=7 Z10=1 C10=1 R10=1 S10=1 Y9=1 X9=7 Z9=1 C9=1 R9=1 S9=1 Y8=1 X8=7 Z8=1 C8=1 R8=1 S8=1 Y7=1 X7=7 Z7=1 C7=1 R7=1 S7=1 Y6=1 X6=7 Z6=1 C6=1 R6=1 S6=1 Y5=1 X5=7 Z5=1 C5=1 R5=1 S5=1 Y4=1 X4=7 Z4=1 C4=1 R4=1 S4=1 Y3=1 X3=7 Z3=1 C3=1 R3=1 S3=1 Y2=1 X2=7 Z2=1 C2=1 R2=1 S2=1 Y1=1 X1=7 Z1=1 C1=1 R1=1 S1=1 Y0=1 X0=7 Z0=1 C0=1 R0=1 S0=1] SACols[Q=1 Z16=16] SARows[S16=3 C16=128 Z16=1] SACols_15[X15=1 Z15=16] SARows_15[S15=3 C15=128 Z15=1] SACols_14[X14=1 Z14=16] SARows_14[S14=3 C14=128 Z14=1] SACols_13[X13=1 Z13=16] SARows_13[S13=3 C13=128 Z13=1] SACols_12[X12=1 Z12=16] SARows_12[S12=3 C12=128 Z12=1] SACols_11[X11=1 Z11=16] SARows_11[S11=3 C11=128 Z11=1] SACols_10[X10=1 Z10=16] SARows_10[S10=3 C10=128 Z10=1] SACols_9[X9=1 Z9=16] SARows_9[S9=3 C9=128 Z9=1] SACols_8[X8=1 Z8=16] SARows_8[S8=3 C8=128 Z8=1] SACols_7[X7=1 Z7=16] SARows_7[S7=3 C7=128 Z7=1] SACols_6[X6=1 Z6=16] SARows_6[S6=3 C6=128 Z6=1] SACols_5[X5=1 Z5=16] SARows_5[S5=3 C5=64 Z5=2] SACols_4[X4=1 Z4=16] SARows_4[S4=3 C4=64 Z4=2] SACols_3[X3=1 Z3=16] SARows_3[S3=3 C3=64 Z3=2] SACols_2[X2=1 Z2=16] SARows_2[S2=3 C2=64 Z2=2] SACols_1[X1=1 Z1=16] SARows_1[S1=3 C1=64 Z1=2] SACols_0[X0=1 Z0=16] SARows_0[S0=7 C0=3 Z0=4] InRegister[P=1 Q=1 Z16=1 C16=1 R16=1 S16=1 Y15=1 X15=1 Z15=1 C15=1 R15=1 S15=1 Y14=1 X14=1 Z14=1 C14=1 R14=1 S14=1 Y13=1 X13=1 Z13=1 C13=1 R13=1 S13=1 Y12=1 X12=1 Z12=1 C12=1 R12=1 S12=1 Y11=1 X11=1 Z11=1 C11=1 R11=1 S11=1 Y10=1 X10=1 Z10=1 C10=1 R10=1 S10=1 Y9=1 X9=1 Z9=1 C9=1 R9=1 S9=1 Y8=1 X8=1 Z8=1 C8=1 R8=1 S8=1 Y7=1 X7=1 Z7=1 C7=1 R7=1 S7=1 Y6=1 X6=1 Z6=1 C6=1 R6=1 S6=1 Y5=1 X5=1 Z5=1 C5=1 R5=1 S5=1 Y4=1 X4=1 Z4=1 C4=1 R4=1 S4=1 Y3=1 X3=1 Z3=1 C3=1 R3=1 S3=1 Y2=1 X2=1 Z2=1 C2=1 R2=1 S2=1 Y1=1 X1=1 Z1=1 C1=1 R1=1 S1=1 Y0=1 X0=1 Z0=1 C0=1 R0=1 S0=1] WRegister[P=1 Q=1 Z16=1 C16=4 R16=3 S16=1 Y15=1 X15=1 Z15=1 C15=4 R15=3 S15=1 Y14=1 X14=1 Z14=1 C14=4 R14=3 S14=1 Y13=1 X13=1 Z13=1 C13=2 R13=3 S13=1 Y12=1 X12=1 Z12=1 C12=2 R12=3 S12=1 Y11=1 X11=1 Z11=1 C11=2 R11=3 S11=1 Y10=1 X10=1 Z10=1 C10=2 R10=3 S10=1 Y9=1 X9=1 Z9=1 C9=1 R9=3 S9=1 Y8=1 X8=1 Z8=1 C8=1 R8=3 S8=1 Y7=1 X7=1 Z7=1 C7=1 R7=3 S7=1 Y6=1 X6=1 Z6=1 C6=1 R6=3 S6=1 Y5=1 X5=1 Z5=1 C5=1 R5=3 S5=1 Y4=1 X4=1 Z4=1 C4=1 R4=3 S4=1 Y3=1 X3=1 Z3=1 C3=1 R3=3 S3=1 Y2=1 X2=1 Z2=1 C2=1 R2=3 S2=1 Y1=1 X1=1 Z1=1 C1=1 R1=3 S1=1 Y0=1 X0=1 Z0=1 C0=1 R0=7 S0=1] IntermediateRegister[P=1 Q=1 Z16=1 C16=1 R16=1 S16=1 Y15=1 X15=1 Z15=32 C15=1 R15=1 S15=1 Y14=1 X14=1 Z14=32 C14=1 R14=1 S14=1 Y13=1 X13=1 Z13=32 C13=1 R13=1 S13=1 Y12=1 X12=1 Z12=16 C12=1 R12=1 S12=1 Y11=1 X11=1 Z11=16 C11=1 R11=1 S11=1 Y10=1 X10=1 Z10=16 C10=1 R10=1 S10=1 Y9=1 X9=1 Z9=16 C9=1 R9=1 S9=1 Y8=1 X8=1 Z8=8 C8=1 R8=1 S8=1 Y7=1 X7=1 Z7=8 C7=1 R7=1 S7=1 Y6=1 X6=1 Z6=8 C6=1 R6=1 S6=1 Y5=1 X5=1 Z5=4 C5=1 R5=1 S5=1 Y4=1 X4=1 Z4=2 C4=1 R4=1 S4=1 Y3=1 X3=1 Z3=2 C3=1 R3=1 S3=1 Y2=1 X2=1 Z2=2 C2=1 R2=1 S2=1 Y1=1 X1=1 Z1=2 C1=1 R1=1 S1=1 Y0=1 X0=1 Z0=1 C0=1 R0=1 S0=1] OutRegister[P=1 Q=1 Z16=32 C16=1 R16=1 S16=1 Y15=1 X15=1 Z15=1 C15=1 R15=1 S15=1 Y14=1 X14=1 Z14=1 C14=1 R14=1 S14=1 Y13=1 X13=1 Z13=1 C13=1 R13=1 S13=1 Y12=1 X12=1 Z12=1 C12=1 R12=1 S12=1 Y11=1 X11=1 Z11=1 C11=1 R11=1 S11=1 Y10=1 X10=1 Z10=1 C10=1 R10=1 S10=1 Y9=1 X9=1 Z9=1 C9=1 R9=1 S9=1 Y8=1 X8=1 Z8=1 C8=1 R8=1 S8=1 Y7=1 X7=1 Z7=1 C7=1 R7=1 S7=1 Y6=1 X6=1 Z6=1 C6=1 R6=1 S6=1 Y5=1 X5=1 Z5=1 C5=1 R5=1 S5=1 Y4=1 X4=1 Z4=1 C4=1 R4=1 S4=1 Y3=1 X3=1 Z3=1 C3=1 R3=1 S3=1 Y2=1 X2=1 Z2=1 C2=1 R2=1 S2=1 Y1=1 X1=1 Z1=1 C1=1 R1=1 S1=1 Y0=1 X0=1 Z0=1 C0=1 R0=1 S0=1] Compute] 
resnet18_17layer_2026-02-21T07:01:44.514402,resnet18,17layer,full,17,eyeriss,thesis_arch,1056,524,128,512,32,7,False,True,,1.317e+05,3.042e+06,4.06e+05,"(6204068032, 2890626816)",0.0008221660582421464,0.8387157917022705,DRAM[P=7 Q=1 Z16=1 C16=1 R16=1 S16=1 Y15=7 X15=1 Z15=1 C15=1 R15=1 S15=1 Y14=7 X14=1 Z14=1 C14=1 R14=1 S14=1 Y13=14 X13=2 Z13=1 C13=1 R13=1 S13=1 Y12=14 X12=2 Z12=1 C12=1 R12=1 S12=1 Y11=14 X11=2 Z11=1 C11=1 R11=1 S11=1 Y10=14 X10=2 Z10=1 C10=1 R10=1 S10=1 Y9=28 X9=4 Z9=1 C9=1 R9=1 S9=1 Y8=28 X8=4 Z8=1 C8=1 R8=1 S8=1 Y7=28 X7=4 Z7=1 C7=1 R7=1 S7=1 Y6=28 X6=4 Z6=1 C6=1 R6=1 S6=1 Y5=56 X5=8 Z5=1 C5=1 R5=1 S5=1 Y4=56 X4=8 Z4=1 C4=1 R4=1 S4=1 Y3=56 X3=8 Z3=1 C3=1 R3=1 S3=1 Y2=56 X2=8 Z2=1 C2=1 R2=1 S2=1 Y1=56 X1=8 Z1=1 C1=1 R1=1 S1=1 Y0=112 X0=16 Z0=1 C0=1 R0=1 S0=1] GlobalBuffer[P=1 Q=7 Z16=1 C16=1 R16=1 S16=1 Y15=1 X15=7 Z15=1 C15=1 R15=1 S15=1 Y14=1 X14=7 Z14=1 C14=1 R14=1 S14=1 Y13=1 X13=7 Z13=1 C13=1 R13=1 S13=1 Y12=1 X12=7 Z12=1 C12=1 R12=1 S12=1 Y11=1 X11=7 Z11=1 C11=1 R11=1 S11=1 Y10=1 X10=7 Z10=1 C10=1 R10=1 S10=1 Y9=1 X9=7 Z9=1 C9=1 R9=1 S9=1 Y8=1 X8=7 Z8=1 C8=1 R8=1 S8=1 Y7=1 X7=7 Z7=1 C7=1 R7=1 S7=1 Y6=1 X6=7 Z6=1 C6=1 R6=1 S6=1 Y5=1 X5=7 Z5=1 C5=1 R5=1 S5=1 Y4=1 X4=7 Z4=1 C4=1 R4=1 S4=1 Y3=1 X3=7 Z3=1 C3=1 R3=1 S3=1 Y2=1 X2=7 Z2=1 C2=1 R2=1 S2=1 Y1=1 X1=7 Z1=1 C1=1 R1=1 S1=1 Y0=1 X0=7 Z0=1 C0=1 R0=1 S0=1] SACols[Q=1 Z16=32] SARows[S16=3 C16=128 Z16=1] SACols_15[X15=1 Z15=32] SARows_15[S15=3 C15=128 Z15=1] SACols_14[X14=1 Z14=32] SARows_14[S14=3 C14=128 Z14=1] SACols_13[X13=1 Z13=32] SARows_13[S13=3 C13=128 Z13=1] SACols_12[X12=1 Z12=32] SARows_12[S12=3 C12=128 Z12=1] SACols_11[X11=1 Z11=32] SARows_11[S11=3 C11=128 Z11=1] SACols_10[X10=1 Z10=32] SARows_10[S10=3 C10=128 Z10=1] SACols_9[X9=1 Z9=32] SARows_9[S9=3 C9=128 Z9=1] SACols_8[X8=1 Z8=32] SARows_8[S8=3 C8=128 Z8=1] SACols_7[X7=1 Z7=32] SARows_7[S7=3 C7=128 Z7=1] SACols_6[X6=1 Z6=32] SARows_6[S6=3 C6=128 Z6=1] SACols_5[X5=1 Z5=32] SARows_5[S5=3 C5=64 Z5=2] SACols_4[X4=1 Z4=32] SARows_4[S4=3 C4=64 Z4=2] SACols_3[X3=1 Z3=32] SARows_3[S3=3 C3=64 Z3=2] SACols_2[X2=1 Z2=32] SARows_2[S2=3 C2=64 Z2=2] SACols_1[X1=1 Z1=32] SARows_1[S1=3 C1=64 Z1=2] SACols_0[X0=1 Z0=32] SARows_0[S0=7 C0=3 Z0=2] InRegister[P=1 Q=1 Z16=1 C16=1 R16=1 S16=1 Y15=1 X15=1 Z15=1 C15=1 R15=1 S15=1 Y14=1 X14=1 Z14=1 C14=1 R14=1 S14=1 Y13=1 X13=1 Z13=1 C13=1 R13=1 S13=1 Y12=1 X12=1 Z12=1 C12=1 R12=1 S12=1 Y11=1 X11=1 Z11=1 C11=1 R11=1 S11=1 Y10=1 X10=1 Z10=1 C10=1 R10=1 S10=1 Y9=1 X9=1 Z9=1 C9=1 R9=1 S9=1 Y8=1 X8=1 Z8=1 C8=1 R8=1 S8=1 Y7=1 X7=1 Z7=1 C7=1 R7=1 S7=1 Y6=1 X6=1 Z6=1 C6=1 R6=1 S6=1 Y5=1 X5=1 Z5=1 C5=1 R5=1 S5=1 Y4=1 X4=1 Z4=1 C4=1 R4=1 S4=1 Y3=1 X3=1 Z3=1 C3=1 R3=1 S3=1 Y2=1 X2=1 Z2=1 C2=1 R2=1 S2=1 Y1=1 X1=1 Z1=1 C1=1 R1=1 S1=1 Y0=1 X0=1 Z0=1 C0=1 R0=1 S0=1] WRegister[P=1 Q=1 Z16=1 C16=4 R16=3 S16=1 Y15=1 X15=1 Z15=1 C15=4 R15=3 S15=1 Y14=1 X14=1 Z14=1 C14=4 R14=3 S14=1 Y13=1 X13=1 Z13=1 C13=2 R13=3 S13=1 Y12=1 X12=1 Z12=1 C12=2 R12=3 S12=1 Y11=1 X11=1 Z11=1 C11=2 R11=3 S11=1 Y10=1 X10=1 Z10=1 C10=2 R10=3 S10=1 Y9=1 X9=1 Z9=1 C9=1 R9=3 S9=1 Y8=1 X8=1 Z8=1 C8=1 R8=3 S8=1 Y7=1 X7=1 Z7=1 C7=1 R7=3 S7=1 Y6=1 X6=1 Z6=1 C6=1 R6=3 S6=1 Y5=1 X5=1 Z5=1 C5=1 R5=3 S5=1 Y4=1 X4=1 Z4=1 C4=1 R4=3 S4=1 Y3=1 X3=1 Z3=1 C3=1 R3=3 S3=1 Y2=1 X2=1 Z2=1 C2=1 R2=3 S2=1 Y1=1 X1=1 Z1=1 C1=1 R1=3 S1=1 Y0=1 X0=1 Z0=1 C0=1 R0=7 S0=1] IntermediateRegister[P=1 Q=1 Z16=1 C16=1 R16=1 S16=1 Y15=1 X15=1 Z15=16 C15=1 R15=1 S15=1 Y14=1 X14=1 Z14=16 C14=1 R14=1 S14=1 Y13=1 X13=1 Z13=16 C13=1 R13=1 S13=1 Y12=1 X12=1 Z12=8 C12=1 R12=1 S12=1 Y11=1 X11=1 Z11=8 C11=1 R11=1 S11=1 Y10=1 X10=1 Z10=8 C10=1 R10=1 S10=1 Y9=1 X9=1 Z9=8 C9=1 R9=1 S9=1 Y8=1 X8=1 Z8=4 C8=1 R8=1 S8=1 Y7=1 X7=1 Z7=4 C7=1 R7=1 S7=1 Y6=1 X6=1 Z6=4 C6=1 R6=1 S6=1 Y5=1 X5=1 Z5=2 C5=1 R5=1 S5=1 Y4=1 X4=1 Z4=1 C4=1 R4=1 S4=1 Y3=1 X3=1 Z3=1 C3=1 R3=1 S3=1 Y2=1 X2=1 Z2=1 C2=1 R2=1 S2=1 Y1=1 X1=1 Z1=1 C1=1 R1=1 S1=1 Y0=1 X0=1 Z0=1 C0=1 R0=1 S0=1] OutRegister[P=1 Q=1 Z16=16 C16=1 R16=1 S16=1 Y15=1 X15=1 Z15=1 C15=1 R15=1 S15=1 Y14=1 X14=1 Z14=1 C14=1 R14=1 S14=1 Y13=1 X13=1 Z13=1 C13=1 R13=1 S13=1 Y12=1 X12=1 Z12=1 C12=1 R12=1 S12=1 Y11=1 X11=1 Z11=1 C11=1 R11=1 S11=1 Y10=1 X10=1 Z10=1 C10=1 R10=1 S10=1 Y9=1 X9=1 Z9=1 C9=1 R9=1 S9=1 Y8=1 X8=1 Z8=1 C8=1 R8=1 S8=1 Y7=1 X7=1 Z7=1 C7=1 R7=1 S7=1 Y6=1 X6=1 Z6=1 C6=1 R6=1 S6=1 Y5=1 X5=1 Z5=1 C5=1 R5=1 S5=1 Y4=1 X4=1 Z4=1 C4=1 R4=1 S4=1 Y3=1 X3=1 Z3=1 C3=1 R3=1 S3=1 Y2=1 X2=1 Z2=1 C2=1 R2=1 S2=1 Y1=1 X1=1 Z1=1 C1=1 R1=1 S1=1 Y0=1 X0=1 Z0=1 C0=1 R0=1 S0=1] Compute] 
resnet18_17layer_2026-02-21T07:01:46.210409,resnet18,17layer,full,17,eyeriss,thesis_arch,1056,524,128,4,4,7,False,False,"Arch: Eyeriss_Constrained_17L_tile7_4x4 -> Level: SARows_0: Failed to fit comp to arch because the level's constraint (S0: 4) does not divide comp dimension S0 (7) exactly. To compensate, consider setting 'Settings.PADDED_MAPPINGS' to True.",0.000e+00,0.000e+00,0.00e+00,0,0.0,0.0,
resnet18_17layer_2026-02-21T07:01:46.930046,resnet18,17layer,full,17,eyeriss,thesis_arch,1056,524,128,4,16,7,False,False,"Arch: Eyeriss_Constrained_17L_tile7_16x4 -> Level: SARows_0: Failed to fit comp to arch because the level's constraint (S0: 4) does not divide comp dimension S0 (7) exactly. To compensate, consider setting 'Settings.PADDED_MAPPINGS' to True.",0.000e+00,0.000e+00,0.00e+00,0,0.0,0.0,
resnet18_17layer_2026-02-21T07:01:47.548047,resnet18,17layer,full,17,eyeriss,thesis_arch,1056,524,128,4,32,7,False,False,"Arch: Eyeriss_Constrained_17L_tile7_32x4 -> Level: SARows_0: Failed to fit comp to arch because the level's constraint (S0: 4) does not divide comp dimension S0 (7) exactly. To compensate, consider setting 'Settings.PADDED_MAPPINGS' to True.",0.000e+00,0.000e+00,0.00e+00,0,0.0,0.0,
resnet18_17layer_2026-02-21T07:01:48.197004,resnet18,17layer,full,17,eyeriss,thesis_arch,1056,524,128,4,64,7,False,False,"Arch: Eyeriss_Constrained_17L_tile7_64x4 -> Level: SARows_0: Failed to fit comp to arch because the level's constraint (S0: 4) does not divide comp dimension S0 (7) exactly. To compensate, consider setting 'Settings.PADDED_MAPPINGS' to True.",0.000e+00,0.000e+00,0.00e+00,0,0.0,0.0,
resnet18_17layer_2026-02-21T07:01:49.005071,resnet18,17layer,full,17,eyeriss,thesis_arch,1056,524,128,4,128,7,False,False,"Arch: Eyeriss_Constrained_17L_tile7_128x4 -> Level: SARows_0: Failed to fit comp to arch because the level's constraint (S0: 4) does not divide comp dimension S0 (7) exactly. To compensate, consider setting 'Settings.PADDED_MAPPINGS' to True.",0.000e+00,0.000e+00,0.00e+00,0,0.0,0.0,
resnet18_17layer_2026-02-21T07:01:50.299212,resnet18,17layer,full,17,eyeriss,thesis_arch,1056,524,128,4,256,7,False,False,"Arch: Eyeriss_Constrained_17L_tile7_256x4 -> Level: SARows_0: Failed to fit comp to arch because the level's constraint (S0: 4) does not divide comp dimension S0 (7) exactly. To compensate, consider setting 'Settings.PADDED_MAPPINGS' to True.",0.000e+00,0.000e+00,0.00e+00,0,0.0,0.0,
resnet18_17layer_2026-02-21T07:01:51.794898,resnet18,17layer,full,17,eyeriss,thesis_arch,1056,524,128,4,512,7,False,False,"Arch: Eyeriss_Constrained_17L_tile7_512x4 -> Level: SARows_0: Failed to fit comp to arch because the level's constraint (S0: 4) does not divide comp dimension S0 (7) exactly. To compensate, consider setting 'Settings.PADDED_MAPPINGS' to True.",0.000e+00,0.000e+00,0.00e+00,0,0.0,0.0,
resnet18_17layer_2026-02-21T07:01:53.178682,resnet18,17layer,full,17,eyeriss,thesis_arch,1056,524,128,16,4,7,False,False,"Ill-posed constraints:
CONSTRAINTS VIOLATION: Arch: Eyeriss_Constrained_17L_tile7_4x16 -> Level: InRegister: memory footprint: 2584 VS memory available: 400
CONSTRAINTS VIOLATION: Arch: Eyeriss_Constrained_17L_tile7_4x16 -> Level: WRegister: memory footprint: 229032 VS memory available: 4000
CONSTRAINTS VIOLATION: Arch: Eyeriss_Constrained_17L_tile7_4x16 -> Level: OutRegister: memory footprint: 128 VS memory available: 64",0.000e+00,0.000e+00,0.00e+00,0,0.0,0.0,
resnet18_17layer_2026-02-21T07:01:54.609241,resnet18,17layer,full,17,eyeriss,thesis_arch,1056,524,128,16,16,7,False,False,"Ill-posed constraints:
CONSTRAINTS VIOLATION: Arch: Eyeriss_Constrained_17L_tile7_16x16 -> Level: InRegister: memory footprint: 2584 VS memory available: 400
CONSTRAINTS VIOLATION: Arch: Eyeriss_Constrained_17L_tile7_16x16 -> Level: WRegister: memory footprint: 57258 VS memory available: 4000",0.000e+00,0.000e+00,0.00e+00,0,0.0,0.0,
resnet18_17layer_2026-02-21T07:01:55.282676,resnet18,17layer,full,17,eyeriss,thesis_arch,1056,524,128,16,32,7,False,False,"Ill-posed constraints:
CONSTRAINTS VIOLATION: Arch: Eyeriss_Constrained_17L_tile7_32x16 -> Level: InRegister: memory footprint: 2584 VS memory available: 400
CONSTRAINTS VIOLATION: Arch: Eyeriss_Constrained_17L_tile7_32x16 -> Level: WRegister: memory footprint: 28629 VS memory available: 4000",0.000e+00,0.000e+00,0.00e+00,0,0.0,0.0,
resnet18_17layer_2026-02-21T07:01:56.227828,resnet18,17layer,full,17,eyeriss,thesis_arch,1056,524,128,16,64,7,False,False,"Ill-posed constraints:
CONSTRAINTS VIOLATION: Arch: Eyeriss_Constrained_17L_tile7_64x16 -> Level: InRegister: memory footprint: 2584 VS memory available: 400
CONSTRAINTS VIOLATION: Arch: Eyeriss_Constrained_17L_tile7_64x16 -> Level: WRegister: memory footprint: 14325 VS memory available: 4000",0.000e+00,0.000e+00,0.00e+00,0,0.0,0.0,
resnet18_17layer_2026-02-21T07:01:56.787333,resnet18,17layer,full,17,eyeriss,thesis_arch,1056,524,128,16,128,7,False,False,"Ill-posed constraints:
CONSTRAINTS VIOLATION: Arch: Eyeriss_Constrained_17L_tile7_128x16 -> Level: InRegister: memory footprint: 2584 VS memory available: 400
CONSTRAINTS VIOLATION: Arch: Eyeriss_Constrained_17L_tile7_128x16 -> Level: WRegister: memory footprint: 7269 VS memory available: 4000",0.000e+00,0.000e+00,0.00e+00,0,0.0,0.0,
resnet18_17layer_2026-02-21T07:01:57.441910,resnet18,17layer,full,17,eyeriss,thesis_arch,1056,524,128,16,256,7,False,False,"Ill-posed constraints:
CONSTRAINTS VIOLATION: Arch: Eyeriss_Constrained_17L_tile7_256x16 -> Level: InRegister: memory footprint: 2584 VS memory available: 400",0.000e+00,0.000e+00,0.00e+00,0,0.0,0.0,
resnet18_17layer_2026-02-21T07:01:58.006967,resnet18,17layer,full,17,eyeriss,thesis_arch,1056,524,128,16,512,7,False,False,"Ill-posed constraints:
CONSTRAINTS VIOLATION: Arch: Eyeriss_Constrained_17L_tile7_512x16 -> Level: InRegister: memory footprint: 2584 VS memory available: 400",0.000e+00,0.000e+00,0.00e+00,0,0.0,0.0,
resnet18_17layer_2026-02-21T07:01:58.533554,resnet18,17layer,full,17,eyeriss,thesis_arch,1056,524,128,32,4,7,False,False,"Ill-posed constraints:
CONSTRAINTS VIOLATION: Arch: Eyeriss_Constrained_17L_tile7_4x32 -> Level: InRegister: memory footprint: 1286 VS memory available: 400
CONSTRAINTS VIOLATION: Arch: Eyeriss_Constrained_17L_tile7_4x32 -> Level: WRegister: memory footprint: 114544 VS memory available: 4000
CONSTRAINTS VIOLATION: Arch: Eyeriss_Constrained_17L_tile7_4x32 -> Level: OutRegister: memory footprint: 128 VS memory available: 64",0.000e+00,0.000e+00,0.00e+00,0,0.0,0.0,
resnet18_17layer_2026-02-21T07:01:59.208503,resnet18,17layer,full,17,eyeriss,thesis_arch,1056,524,128,32,16,7,False,False,"Ill-posed constraints:
CONSTRAINTS VIOLATION: Arch: Eyeriss_Constrained_17L_tile7_16x32 -> Level: InRegister: memory footprint: 1286 VS memory available: 400
CONSTRAINTS VIOLATION: Arch: Eyeriss_Constrained_17L_tile7_16x32 -> Level: WRegister: memory footprint: 28636 VS memory available: 4000",0.000e+00,0.000e+00,0.00e+00,0,0.0,0.0,
resnet18_17layer_2026-02-21T07:01:59.805915,resnet18,17layer,full,17,eyeriss,thesis_arch,1056,524,128,32,32,7,False,False,"Ill-posed constraints:
CONSTRAINTS VIOLATION: Arch: Eyeriss_Constrained_17L_tile7_32x32 -> Level: InRegister: memory footprint: 1286 VS memory available: 400
CONSTRAINTS VIOLATION: Arch: Eyeriss_Constrained_17L_tile7_32x32 -> Level: WRegister: memory footprint: 14318 VS memory available: 4000",0.000e+00,0.000e+00,0.00e+00,0,0.0,0.0,
resnet18_17layer_2026-02-21T07:02:00.525004,resnet18,17layer,full,17,eyeriss,thesis_arch,1056,524,128,32,64,7,False,False,"Ill-posed constraints:
CONSTRAINTS VIOLATION: Arch: Eyeriss_Constrained_17L_tile7_64x32 -> Level: InRegister: memory footprint: 1286 VS memory available: 400
CONSTRAINTS VIOLATION: Arch: Eyeriss_Constrained_17L_tile7_64x32 -> Level: WRegister: memory footprint: 7159 VS memory available: 4000",0.000e+00,0.000e+00,0.00e+00,0,0.0,0.0,
resnet18_17layer_2026-02-21T07:02:01.144630,resnet18,17layer,full,17,eyeriss,thesis_arch,1056,524,128,32,128,7,False,False,"Ill-posed constraints:
CONSTRAINTS VIOLATION: Arch: Eyeriss_Constrained_17L_tile7_128x32 -> Level: InRegister: memory footprint: 1286 VS memory available: 400",0.000e+00,0.000e+00,0.00e+00,0,0.0,0.0,
resnet18_17layer_2026-02-21T07:02:01.817176,resnet18,17layer,full,17,eyeriss,thesis_arch,1056,524,128,32,256,7,False,False,"Ill-posed constraints:
CONSTRAINTS VIOLATION: Arch: Eyeriss_Constrained_17L_tile7_256x32 -> Level: InRegister: memory footprint: 1286 VS memory available: 400",0.000e+00,0.000e+00,0.00e+00,0,0.0,0.0,
resnet18_17layer_2026-02-21T07:02:02.256171,resnet18,17layer,full,17,eyeriss,thesis_arch,1056,524,128,32,512,7,False,False,"Ill-posed constraints:
CONSTRAINTS VIOLATION: Arch: Eyeriss_Constrained_17L_tile7_512x32 -> Level: InRegister: memory footprint: 1286 VS memory available: 400",0.000e+00,0.000e+00,0.00e+00,0,0.0,0.0,
resnet18_17layer_2026-02-21T07:02:02.707676,resnet18,17layer,full,17,eyeriss,thesis_arch,1056,524,128,64,4,7,False,False,"Ill-posed constraints:
CONSTRAINTS VIOLATION: Arch: Eyeriss_Constrained_17L_tile7_4x64 -> Level: InRegister: memory footprint: 650 VS memory available: 400
CONSTRAINTS VIOLATION: Arch: Eyeriss_Constrained_17L_tile7_4x64 -> Level: WRegister: memory footprint: 57272 VS memory available: 4000
CONSTRAINTS VIOLATION: Arch: Eyeriss_Constrained_17L_tile7_4x64 -> Level: OutRegister: memory footprint: 128 VS memory available: 64",0.000e+00,0.000e+00,0.00e+00,0,0.0,0.0,
resnet18_17layer_2026-02-21T07:02:03.513787,resnet18,17layer,full,17,eyeriss,thesis_arch,1056,524,128,64,16,7,False,False,"Ill-posed constraints:
CONSTRAINTS VIOLATION: Arch: Eyeriss_Constrained_17L_tile7_16x64 -> Level: InRegister: memory footprint: 650 VS memory available: 400
CONSTRAINTS VIOLATION: Arch: Eyeriss_Constrained_17L_tile7_16x64 -> Level: WRegister: memory footprint: 14318 VS memory available: 4000",0.000e+00,0.000e+00,0.00e+00,0,0.0,0.0,
resnet18_17layer_2026-02-21T07:02:04.033445,resnet18,17layer,full,17,eyeriss,thesis_arch,1056,524,128,64,32,7,False,False,"Ill-posed constraints:
CONSTRAINTS VIOLATION: Arch: Eyeriss_Constrained_17L_tile7_32x64 -> Level: InRegister: memory footprint: 650 VS memory available: 400
CONSTRAINTS VIOLATION: Arch: Eyeriss_Constrained_17L_tile7_32x64 -> Level: WRegister: memory footprint: 7159 VS memory available: 4000",0.000e+00,0.000e+00,0.00e+00,0,0.0,0.0,
resnet18_17layer_2026-02-21T07:02:04.557621,resnet18,17layer,full,17,eyeriss,thesis_arch,1056,524,128,64,64,7,False,False,"Ill-posed constraints:
CONSTRAINTS VIOLATION: Arch: Eyeriss_Constrained_17L_tile7_64x64 -> Level: InRegister: memory footprint: 650 VS memory available: 400",0.000e+00,0.000e+00,0.00e+00,0,0.0,0.0,
resnet18_17layer_2026-02-21T07:02:05.277231,resnet18,17layer,full,17,eyeriss,thesis_arch,1056,524,128,64,128,7,False,False,"Ill-posed constraints:
CONSTRAINTS VIOLATION: Arch: Eyeriss_Constrained_17L_tile7_128x64 -> Level: InRegister: memory footprint: 650 VS memory available: 400",0.000e+00,0.000e+00,0.00e+00,0,0.0,0.0,
resnet18_17layer_2026-02-21T07:02:05.953451,resnet18,17layer,full,17,eyeriss,thesis_arch,1056,524,128,64,256,7,False,False,"Ill-posed constraints:
CONSTRAINTS VIOLATION: Arch: Eyeriss_Constrained_17L_tile7_256x64 -> Level: InRegister: memory footprint: 650 VS memory available: 400",0.000e+00,0.000e+00,0.00e+00,0,0.0,0.0,
resnet18_17layer_2026-02-21T07:02:06.908346,resnet18,17layer,full,17,eyeriss,thesis_arch,1056,524,128,128,4,7,False,False,"Ill-posed constraints:
CONSTRAINTS VIOLATION: Arch: Eyeriss_Constrained_17L_tile7_4x128 -> Level: WRegister: memory footprint: 28636 VS memory available: 4000
CONSTRAINTS VIOLATION: Arch: Eyeriss_Constrained_17L_tile7_4x128 -> Level: OutRegister: memory footprint: 128 VS memory available: 64",0.000e+00,0.000e+00,0.00e+00,0,0.0,0.0,
resnet18_17layer_2026-02-21T07:02:08.008129,resnet18,17layer,full,17,eyeriss,thesis_arch,1056,524,128,128,16,7,False,False,"Ill-posed constraints:
CONSTRAINTS VIOLATION: Arch: Eyeriss_Constrained_17L_tile7_16x128 -> Level: WRegister: memory footprint: 7159 VS memory available: 4000",0.000e+00,0.000e+00,0.00e+00,0,0.0,0.0,
resnet18_17layer_2026-02-21T07:02:09.353489,resnet18,17layer,full,17,eyeriss,thesis_arch,1056,524,128,128,32,7,False,True,,1.589e+05,3.059e+06,4.90e+05,"(5568237760, 2543810304)",0.0032886642329685856,0.8758633136749268,DRAM[P=7 Q=1 Z16=1 C16=1 R16=1 S16=1 Y15=7 X15=1 Z15=1 C15=1 R15=1 S15=1 Y14=7 X14=1 Z14=1 C14=1 R14=1 S14=1 Y13=14 X13=2 Z13=1 C13=1 R13=1 S13=1 Y12=14 X12=2 Z12=1 C12=1 R12=1 S12=1 Y11=14 X11=2 Z11=1 C11=1 R11=1 S11=1 Y10=14 X10=2 Z10=1 C10=1 R10=1 S10=1 Y9=28 X9=4 Z9=1 C9=1 R9=1 S9=1 Y8=28 X8=4 Z8=1 C8=1 R8=1 S8=1 Y7=28 X7=4 Z7=1 C7=1 R7=1 S7=1 Y6=28 X6=4 Z6=1 C6=1 R6=1 S6=1 Y5=56 X5=8 Z5=1 C5=1 R5=1 S5=1 Y4=56 X4=8 Z4=1 C4=1 R4=1 S4=1 Y3=56 X3=8 Z3=1 C3=1 R3=1 S3=1 Y2=56 X2=8 Z2=1 C2=1 R2=1 S2=1 Y1=56 X1=8 Z1=1 C1=1 R1=1 S1=1 Y0=112 X0=16 Z0=1 C0=1 R0=1 S0=1] GlobalBuffer[P=1 Q=7 Z16=1 C16=1 R16=1 S16=1 Y15=1 X15=7 Z15=1 C15=1 R15=1 S15=1 Y14=1 X14=7 Z14=1 C14=1 R14=1 S14=1 Y13=1 X13=7 Z13=1 C13=1 R13=1 S13=1 Y12=1 X12=7 Z12=1 C12=1 R12=1 S12=1 Y11=1 X11=7 Z11=1 C11=1 R11=1 S11=1 Y10=1 X10=7 Z10=1 C10=1 R10=1 S10=1 Y9=1 X9=7 Z9=1 C9=1 R9=1 S9=1 Y8=1 X8=7 Z8=1 C8=1 R8=1 S8=1 Y7=1 X7=7 Z7=1 C7=1 R7=1 S7=1 Y6=1 X6=7 Z6=1 C6=1 R6=1 S6=1 Y5=1 X5=7 Z5=1 C5=1 R5=1 S5=1 Y4=1 X4=7 Z4=1 C4=1 R4=1 S4=1 Y3=1 X3=7 Z3=1 C3=1 R3=1 S3=1 Y2=1 X2=7 Z2=1 C2=1 R2=1 S2=1 Y1=1 X1=7 Z1=1 C1=1 R1=1 S1=1 Y0=1 X0=7 Z0=1 C0=1 R0=1 S0=1] SACols[Q=1 Z16=32] SARows[S16=3 C16=32 Z16=1] SACols_15[X15=1 Z15=32] SARows_15[S15=3 C15=32 Z15=1] SACols_14[X14=1 Z14=32] SARows_14[S14=3 C14=32 Z14=1] SACols_13[X13=1 Z13=32] SARows_13[S13=3 C13=32 Z13=1] SACols_12[X12=1 Z12=32] SARows_12[S12=3 C12=32 Z12=1] SACols_11[X11=1 Z11=32] SARows_11[S11=3 C11=32 Z11=1] SACols_10[X10=1 Z10=32] SARows_10[S10=3 C10=32 Z10=1] SACols_9[X9=1 Z9=32] SARows_9[S9=3 C9=32 Z9=1] SACols_8[X8=1 Z8=32] SARows_8[S8=3 C8=32 Z8=1] SACols_7[X7=1 Z7=32] SARows_7[S7=3 C7=32 Z7=1] SACols_6[X6=1 Z6=32] SARows_6[S6=3 C6=32 Z6=1] SACols_5[X5=1 Z5=32] SARows_5[S5=3 C5=32 Z5=1] SACols_4[X4=1 Z4=32] SARows_4[S4=3 C4=32 Z4=1] SACols_3[X3=1 Z3=32] SARows_3[S3=3 C3=32 Z3=1] SACols_2[X2=1 Z2=32] SARows_2[S2=3 C2=32 Z2=1] SACols_1[X1=1 Z1=32] SARows_1[S1=3 C1=32 Z1=1] SACols_0[X0=1 Z0=32] SARows_0[S0=7 C0=3 Z0=2] InRegister[P=1 Q=1 Z16=1 C16=1 R16=1 S16=1 Y15=1 X15=1 Z15=1 C15=1 R15=1 S15=1 Y14=1 X14=1 Z14=1 C14=1 R14=1 S14=1 Y13=1 X13=1 Z13=1 C13=1 R13=1 S13=1 Y12=1 X12=1 Z12=1 C12=1 R12=1 S12=1 Y11=1 X11=1 Z11=1 C11=1 R11=1 S11=1 Y10=1 X10=1 Z10=1 C10=1 R10=1 S10=1 Y9=1 X9=1 Z9=1 C9=1 R9=1 S9=1 Y8=1 X8=1 Z8=1 C8=1 R8=1 S8=1 Y7=1 X7=1 Z7=1 C7=1 R7=1 S7=1 Y6=1 X6=1 Z6=1 C6=1 R6=1 S6=1 Y5=1 X5=1 Z5=1 C5=1 R5=1 S5=1 Y4=1 X4=1 Z4=1 C4=1 R4=1 S4=1 Y3=1 X3=1 Z3=1 C3=1 R3=1 S3=1 Y2=1 X2=1 Z2=1 C2=1 R2=1 S2=1 Y1=1 X1=1 Z1=1 C1=1 R1=1 S1=1 Y0=1 X0=1 Z0=1 C0=1 R0=1 S0=1] WRegister[P=1 Q=1 Z16=1 C16=16 R16=3 S16=1 Y15=1 X15=1 Z15=1 C15=16 R15=3 S15=1 Y14=1 X14=1 Z14=1 C14=16 R14=3 S14=1 Y13=1 X13=1 Z13=1 C13=8 R13=3 S13=1 Y12=1 X12=1 Z12=1 C12=8 R12=3 S12=1 Y11=1 X11=1 Z11=1 C11=8 R11=3 S11=1 Y10=1 X10=1 Z10=1 C10=8 R10=3 S10=1 Y9=1 X9=1 Z9=1 C9=4 R9=3 S9=1 Y8=1 X8=1 Z8=1 C8=4 R8=3 S8=1 Y7=1 X7=1 Z7=1 C7=4 R7=3 S7=1 Y6=1 X6=1 Z6=1 C6=4 R6=3 S6=1 Y5=1 X5=1 Z5=1 C5=2 R5=3 S5=1 Y4=1 X4=1 Z4=1 C4=2 R4=3 S4=1 Y3=1 X3=1 Z3=1 C3=2 R3=3 S3=1 Y2=1 X2=1 Z2=1 C2=2 R2=3 S2=1 Y1=1 X1=1 Z1=1 C1=2 R1=3 S1=1 Y0=1 X0=1 Z0=1 C0=1 R0=7 S0=1] IntermediateRegister[P=1 Q=1 Z16=1 C16=1 R16=1 S16=1 Y15=1 X15=1 Z15=16 C15=1 R15=1 S15=1 Y14=1 X14=1 Z14=16 C14=1 R14=1 S14=1 Y13=1 X13=1 Z13=16 C13=1 R13=1 S13=1 Y12=1 X12=1 Z12=8 C12=1 R12=1 S12=1 Y11=1 X11=1 Z11=8 C11=1 R11=1 S11=1 Y10=1 X10=1 Z10=8 C10=1 R10=1 S10=1 Y9=1 X9=1 Z9=8 C9=1 R9=1 S9=1 Y8=1 X8=1 Z8=4 C8=1 R8=1 S8=1 Y7=1 X7=1 Z7=4 C7=1 R7=1 S7=1 Y6=1 X6=1 Z6=4 C6=1 R6=1 S6=1 Y5=1 X5=1 Z5=4 C5=1 R5=1 S5=1 Y4=1 X4=1 Z4=2 C4=1 R4=1 S4=1 Y3=1 X3=1 Z3=2 C3=1 R3=1 S3=1 Y2=1 X2=1 Z2=2 C2=1 R2=1 S2=1 Y1=1 X1=1 Z1=2 C1=1 R1=1 S1=1 Y0=1 X0=1 Z0=1 C0=1 R0=1 S0=1] OutRegister[P=1 Q=1 Z16=16 C16=1 R16=1 S16=1 Y15=1 X15=1 Z15=1 C15=1 R15=1 S15=1 Y14=1 X14=1 Z14=1 C14=1 R14=1 S14=1 Y13=1 X13=1 Z13=1 C13=1 R13=1 S13=1 Y12=1 X12=1 Z12=1 C12=1 R12=1 S12=1 Y11=1 X11=1 Z11=1 C11=1 R11=1 S11=1 Y10=1 X10=1 Z10=1 C10=1 R10=1 S10=1 Y9=1 X9=1 Z9=1 C9=1 R9=1 S9=1 Y8=1 X8=1 Z8=1 C8=1 R8=1 S8=1 Y7=1 X7=1 Z7=1 C7=1 R7=1 S7=1 Y6=1 X6=1 Z6=1 C6=1 R6=1 S6=1 Y5=1 X5=1 Z5=1 C5=1 R5=1 S5=1 Y4=1 X4=1 Z4=1 C4=1 R4=1 S4=1 Y3=1 X3=1 Z3=1 C3=1 R3=1 S3=1 Y2=1 X2=1 Z2=1 C2=1 R2=1 S2=1 Y1=1 X1=1 Z1=1 C1=1 R1=1 S1=1 Y0=1 X0=1 Z0=1 C0=1 R0=1 S0=1] Compute] 
resnet18_17layer_2026-02-21T07:02:11.539604,resnet18,17layer,full,17,eyeriss,thesis_arch,1056,524,128,128,64,7,False,True,,1.610e+05,3.042e+06,4.96e+05,"(6045110464, 2543810304)",0.0016443321164842928,0.48131895065307617,DRAM[P=7 Q=1 Z16=1 C16=1 R16=1 S16=1 Y15=7 X15=1 Z15=1 C15=1 R15=1 S15=1 Y14=7 X14=1 Z14=1 C14=1 R14=1 S14=1 Y13=14 X13=2 Z13=1 C13=1 R13=1 S13=1 Y12=14 X12=2 Z12=1 C12=1 R12=1 S12=1 Y11=14 X11=2 Z11=1 C11=1 R11=1 S11=1 Y10=14 X10=2 Z10=1 C10=1 R10=1 S10=1 Y9=28 X9=4 Z9=1 C9=1 R9=1 S9=1 Y8=28 X8=4 Z8=1 C8=1 R8=1 S8=1 Y7=28 X7=4 Z7=1 C7=1 R7=1 S7=1 Y6=28 X6=4 Z6=1 C6=1 R6=1 S6=1 Y5=56 X5=8 Z5=1 C5=1 R5=1 S5=1 Y4=56 X4=8 Z4=1 C4=1 R4=1 S4=1 Y3=56 X3=8 Z3=1 C3=1 R3=1 S3=1 Y2=56 X2=8 Z2=1 C2=1 R2=1 S2=1 Y1=56 X1=8 Z1=1 C1=1 R1=1 S1=1 Y0=112 X0=16 Z0=1 C0=1 R0=1 S0=1] GlobalBuffer[P=1 Q=7 Z16=1 C16=1 R16=1 S16=1 Y15=1 X15=7 Z15=1 C15=1 R15=1 S15=1 Y14=1 X14=7 Z14=1 C14=1 R14=1 S14=1 Y13=1 X13=7 Z13=1 C13=1 R13=1 S13=1 Y12=1 X12=7 Z12=1 C12=1 R12=1 S12=1 Y11=1 X11=7 Z11=1 C11=1 R11=1 S11=1 Y10=1 X10=7 Z10=1 C10=1 R10=1 S10=1 Y9=1 X9=7 Z9=1 C9=1 R9=1 S9=1 Y8=1 X8=7 Z8=1 C8=1 R8=1 S8=1 Y7=1 X7=7 Z7=1 C7=1 R7=1 S7=1 Y6=1 X6=7 Z6=1 C6=1 R6=1 S6=1 Y5=1 X5=7 Z5=1 C5=1 R5=1 S5=1 Y4=1 X4=7 Z4=1 C4=1 R4=1 S4=1 Y3=1 X3=7 Z3=1 C3=1 R3=1 S3=1 Y2=1 X2=7 Z2=1 C2=1 R2=1 S2=1 Y1=1 X1=7 Z1=1 C1=1 R1=1 S1=1 Y0=1 X0=7 Z0=1 C0=1 R0=1 S0=1] SACols[Q=1 Z16=64] SARows[S16=3 C16=32 Z16=1] SACols_15[X15=1 Z15=64] SARows_15[S15=3 C15=32 Z15=1] SACols_14[X14=1 Z14=64] SARows_14[S14=3 C14=32 Z14=1] SACols_13[X13=1 Z13=64] SARows_13[S13=3 C13=32 Z13=1] SACols_12[X12=1 Z12=64] SARows_12[S12=3 C12=32 Z12=1] SACols_11[X11=1 Z11=64] SARows_11[S11=3 C11=32 Z11=1] SACols_10[X10=1 Z10=64] SARows_10[S10=3 C10=32 Z10=1] SACols_9[X9=1 Z9=64] SARows_9[S9=3 C9=32 Z9=1] SACols_8[X8=1 Z8=64] SARows_8[S8=3 C8=32 Z8=1] SACols_7[X7=1 Z7=64] SARows_7[S7=3 C7=32 Z7=1] SACols_6[X6=1 Z6=64] SARows_6[S6=3 C6=32 Z6=1] SACols_5[X5=1 Z5=64] SARows_5[S5=3 C5=32 Z5=1] SACols_4[X4=1 Z4=64] SARows_4[S4=3 C4=32 Z4=1] SACols_3[X3=1 Z3=64] SARows_3[S3=3 C3=32 Z3=1] SACols_2[X2=1 Z2=64] SARows_2[S2=3 C2=32 Z2=1] SACols_1[X1=1 Z1=64] SARows_1[S1=3 C1=32 Z1=1] SACols_0[X0=1 Z0=64] SARows_0[S0=7 C0=3 Z0=1] InRegister[P=1 Q=1 Z16=1 C16=1 R16=1 S16=1 Y15=1 X15=1 Z15=1 C15=1 R15=1 S15=1 Y14=1 X14=1 Z14=1 C14=1 R14=1 S14=1 Y13=1 X13=1 Z13=1 C13=1 R13=1 S13=1 Y12=1 X12=1 Z12=1 C12=1 R12=1 S12=1 Y11=1 X11=1 Z11=1 C11=1 R11=1 S11=1 Y10=1 X10=1 Z10=1 C10=1 R10=1 S10=1 Y9=1 X9=1 Z9=1 C9=1 R9=1 S9=1 Y8=1 X8=1 Z8=1 C8=1 R8=1 S8=1 Y7=1 X7=1 Z7=1 C7=1 R7=1 S7=1 Y6=1 X6=1 Z6=1 C6=1 R6=1 S6=1 Y5=1 X5=1 Z5=1 C5=1 R5=1 S5=1 Y4=1 X4=1 Z4=1 C4=1 R4=1 S4=1 Y3=1 X3=1 Z3=1 C3=1 R3=1 S3=1 Y2=1 X2=1 Z2=1 C2=1 R2=1 S2=1 Y1=1 X1=1 Z1=1 C1=1 R1=1 S1=1 Y0=1 X0=1 Z0=1 C0=1 R0=1 S0=1] WRegister[P=1 Q=1 Z16=1 C16=16 R16=3 S16=1 Y15=1 X15=1 Z15=1 C15=16 R15=3 S15=1 Y14=1 X14=1 Z14=1 C14=16 R14=3 S14=1 Y13=1 X13=1 Z13=1 C13=8 R13=3 S13=1 Y12=1 X12=1 Z12=1 C12=8 R12=3 S12=1 Y11=1 X11=1 Z11=1 C11=8 R11=3 S11=1 Y10=1 X10=1 Z10=1 C10=8 R10=3 S10=1 Y9=1 X9=1 Z9=1 C9=4 R9=3 S9=1 Y8=1 X8=1 Z8=1 C8=4 R8=3 S8=1 Y7=1 X7=1 Z7=1 C7=4 R7=3 S7=1 Y6=1 X6=1 Z6=1 C6=4 R6=3 S6=1 Y5=1 X5=1 Z5=1 C5=2 R5=3 S5=1 Y4=1 X4=1 Z4=1 C4=2 R4=3 S4=1 Y3=1 X3=1 Z3=1 C3=2 R3=3 S3=1 Y2=1 X2=1 Z2=1 C2=2 R2=3 S2=1 Y1=1 X1=1 Z1=1 C1=2 R1=3 S1=1 Y0=1 X0=1 Z0=1 C0=1 R0=7 S0=1] IntermediateRegister[P=1 Q=1 Z16=1 C16=1 R16=1 S16=1 Y15=1 X15=1 Z15=8 C15=1 R15=1 S15=1 Y14=1 X14=1 Z14=8 C14=1 R14=1 S14=1 Y13=1 X13=1 Z13=8 C13=1 R13=1 S13=1 Y12=1 X12=1 Z12=4 C12=1 R12=1 S12=1 Y11=1 X11=1 Z11=4 C11=1 R11=1 S11=1 Y10=1 X10=1 Z10=4 C10=1 R10=1 S10=1 Y9=1 X9=1 Z9=4 C9=1 R9=1 S9=1 Y8=1 X8=1 Z8=2 C8=1 R8=1 S8=1 Y7=1 X7=1 Z7=2 C7=1 R7=1 S7=1 Y6=1 X6=1 Z6=2 C6=1 R6=1 S6=1 Y5=1 X5=1 Z5=2 C5=1 R5=1 S5=1 Y4=1 X4=1 Z4=1 C4=1 R4=1 S4=1 Y3=1 X3=1 Z3=1 C3=1 R3=1 S3=1 Y2=1 X2=1 Z2=1 C2=1 R2=1 S2=1 Y1=1 X1=1 Z1=1 C1=1 R1=1 S1=1 Y0=1 X0=1 Z0=1 C0=1 R0=1 S0=1] OutRegister[P=1 Q=1 Z16=8 C16=1 R16=1 S16=1 Y15=1 X15=1 Z15=1 C15=1 R15=1 S15=1 Y14=1 X14=1 Z14=1 C14=1 R14=1 S14=1 Y13=1 X13=1 Z13=1 C13=1 R13=1 S13=1 Y12=1 X12=1 Z12=1 C12=1 R12=1 S12=1 Y11=1 X11=1 Z11=1 C11=1 R11=1 S11=1 Y10=1 X10=1 Z10=1 C10=1 R10=1 S10=1 Y9=1 X9=1 Z9=1 C9=1 R9=1 S9=1 Y8=1 X8=1 Z8=1 C8=1 R8=1 S8=1 Y7=1 X7=1 Z7=1 C7=1 R7=1 S7=1 Y6=1 X6=1 Z6=1 C6=1 R6=1 S6=1 Y5=1 X5=1 Z5=1 C5=1 R5=1 S5=1 Y4=1 X4=1 Z4=1 C4=1 R4=1 S4=1 Y3=1 X3=1 Z3=1 C3=1 R3=1 S3=1 Y2=1 X2=1 Z2=1 C2=1 R2=1 S2=1 Y1=1 X1=1 Z1=1 C1=1 R1=1 S1=1 Y0=1 X0=1 Z0=1 C0=1 R0=1 S0=1] Compute] 
resnet18_17layer_2026-02-21T07:02:12.819519,resnet18,17layer,full,17,eyeriss,thesis_arch,1056,524,128,128,128,7,False,True,,1.632e+05,3.042e+06,5.05e+05,"(6536433856, 2543810304)",5.138537864013415e-05,1.3050463199615479,DRAM[P=7 Q=1 Z16=1 C16=1 R16=1 S16=1 Y15=7 X15=1 Z15=1 C15=1 R15=1 S15=1 Y14=7 X14=1 Z14=1 C14=1 R14=1 S14=1 Y13=14 X13=2 Z13=1 C13=1 R13=1 S13=1 Y12=14 X12=2 Z12=1 C12=1 R12=1 S12=1 Y11=14 X11=2 Z11=1 C11=1 R11=1 S11=1 Y10=14 X10=2 Z10=1 C10=1 R10=1 S10=1 Y9=28 X9=4 Z9=1 C9=1 R9=1 S9=1 Y8=28 X8=4 Z8=1 C8=1 R8=1 S8=1 Y7=28 X7=4 Z7=1 C7=1 R7=1 S7=1 Y6=28 X6=4 Z6=1 C6=1 R6=1 S6=1 Y5=56 X5=8 Z5=1 C5=1 R5=1 S5=1 Y4=56 X4=8 Z4=1 C4=1 R4=1 S4=1 Y3=56 X3=8 Z3=1 C3=1 R3=1 S3=1 Y2=56 X2=8 Z2=1 C2=1 R2=1 S2=1 Y1=56 X1=8 Z1=1 C1=1 R1=1 S1=1 Y0=112 X0=16 Z0=1 C0=1 R0=1 S0=1] GlobalBuffer[P=1 Q=7 Z16=1 C16=1 R16=1 S16=1 Y15=1 X15=7 Z15=1 C15=1 R15=1 S15=1 Y14=1 X14=7 Z14=1 C14=1 R14=1 S14=1 Y13=1 X13=7 Z13=1 C13=1 R13=1 S13=1 Y12=1 X12=7 Z12=1 C12=1 R12=1 S12=1 Y11=1 X11=7 Z11=1 C11=1 R11=1 S11=1 Y10=1 X10=7 Z10=1 C10=1 R10=1 S10=1 Y9=1 X9=7 Z9=1 C9=1 R9=1 S9=1 Y8=1 X8=7 Z8=1 C8=1 R8=1 S8=1 Y7=1 X7=7 Z7=1 C7=1 R7=1 S7=1 Y6=1 X6=7 Z6=1 C6=1 R6=1 S6=1 Y5=1 X5=7 Z5=1 C5=1 R5=1 S5=1 Y4=1 X4=7 Z4=1 C4=1 R4=1 S4=1 Y3=1 X3=7 Z3=1 C3=1 R3=1 S3=1 Y2=1 X2=7 Z2=1 C2=1 R2=1 S2=1 Y1=1 X1=7 Z1=1 C1=1 R1=1 S1=1 Y0=1 X0=7 Z0=1 C0=1 R0=1 S0=1] SACols[Q=1 Z16=128] SARows[S16=3 C16=32 Z16=1] SACols_15[X15=1 Z15=128] SARows_15[S15=3 C15=32 Z15=1] SACols_14[X14=1 Z14=128] SARows_14[S14=3 C14=32 Z14=1] SACols_13[X13=1 Z13=128] SARows_13[S13=3 C13=32 Z13=1] SACols_12[X12=1 Z12=128] SARows_12[S12=3 C12=32 Z12=1] SACols_11[X11=1 Z11=128] SARows_11[S11=3 C11=32 Z11=1] SACols_10[X10=1 Z10=128] SARows_10[S10=3 C10=32 Z10=1] SACols_9[X9=1 Z9=128] SARows_9[S9=3 C9=32 Z9=1] SACols_8[X8=1 Z8=128] SARows_8[S8=3 C8=32 Z8=1] SACols_7[X7=1 Z7=128] SARows_7[S7=3 C7=32 Z7=1] SACols_6[X6=1 Z6=128] SARows_6[S6=3 C6=32 Z6=1] SACols_5[X5=1 Z5=128] SARows_5[S5=3 C5=32 Z5=1] SACols_4[X4=1 Z4=64] SARows_4[S4=3 C4=32 Z4=1] SACols_3[X3=1 Z3=64] SARows_3[S3=3 C3=32 Z3=1] SACols_2[X2=1 Z2=64] SARows_2[S2=3 C2=32 Z2=1] SACols_1[X1=1 Z1=64] SARows_1[S1=3 C1=32 Z1=1] SACols_0[X0=1 Z0=64] SARows_0[S0=7 C0=3 Z0=1] InRegister[P=1 Q=1 Z16=1 C16=1 R16=1 S16=1 Y15=1 X15=1 Z15=1 C15=1 R15=1 S15=1 Y14=1 X14=1 Z14=1 C14=1 R14=1 S14=1 Y13=1 X13=1 Z13=1 C13=1 R13=1 S13=1 Y12=1 X12=1 Z12=1 C12=1 R12=1 S12=1 Y11=1 X11=1 Z11=1 C11=1 R11=1 S11=1 Y10=1 X10=1 Z10=1 C10=1 R10=1 S10=1 Y9=1 X9=1 Z9=1 C9=1 R9=1 S9=1 Y8=1 X8=1 Z8=1 C8=1 R8=1 S8=1 Y7=1 X7=1 Z7=1 C7=1 R7=1 S7=1 Y6=1 X6=1 Z6=1 C6=1 R6=1 S6=1 Y5=1 X5=1 Z5=1 C5=1 R5=1 S5=1 Y4=1 X4=1 Z4=1 C4=1 R4=1 S4=1 Y3=1 X3=1 Z3=1 C3=1 R3=1 S3=1 Y2=1 X2=1 Z2=1 C2=1 R2=1 S2=1 Y1=1 X1=1 Z1=1 C1=1 R1=1 S1=1 Y0=1 X0=1 Z0=1 C0=1 R0=1 S0=1] WRegister[P=1 Q=1 Z16=1 C16=16 R16=3 S16=1 Y15=1 X15=1 Z15=1 C15=16 R15=3 S15=1 Y14=1 X14=1 Z14=1 C14=16 R14=3 S14=1 Y13=1 X13=1 Z13=1 C13=8 R13=3 S13=1 Y12=1 X12=1 Z12=1 C12=8 R12=3 S12=1 Y11=1 X11=1 Z11=1 C11=8 R11=3 S11=1 Y10=1 X10=1 Z10=1 C10=8 R10=3 S10=1 Y9=1 X9=1 Z9=1 C9=4 R9=3 S9=1 Y8=1 X8=1 Z8=1 C8=4 R8=3 S8=1 Y7=1 X7=1 Z7=1 C7=4 R7=3 S7=1 Y6=1 X6=1 Z6=1 C6=4 R6=3 S6=1 Y5=1 X5=1 Z5=1 C5=2 R5=3 S5=1 Y4=1 X4=1 Z4=1 C4=2 R4=3 S4=1 Y3=1 X3=1 Z3=1 C3=2 R3=3 S3=1 Y2=1 X2=1 Z2=1 C2=2 R2=3 S2=1 Y1=1 X1=1 Z1=1 C1=2 R1=3 S1=1 Y0=1 X0=1 Z0=1 C0=1 R0=7 S0=1] IntermediateRegister[P=1 Q=1 Z16=1 C16=1 R16=1 S16=1 Y15=1 X15=1 Z15=4 C15=1 R15=1 S15=1 Y14=1 X14=1 Z14=4 C14=1 R14=1 S14=1 Y13=1 X13=1 Z13=4 C13=1 R13=1 S13=1 Y12=1 X12=1 Z12=2 C12=1 R12=1 S12=1 Y11=1 X11=1 Z11=2 C11=1 R11=1 S11=1 Y10=1 X10=1 Z10=2 C10=1 R10=1 S10=1 Y9=1 X9=1 Z9=2 C9=1 R9=1 S9=1 Y8=1 X8=1 Z8=1 C8=1 R8=1 S8=1 Y7=1 X7=1 Z7=1 C7=1 R7=1 S7=1 Y6=1 X6=1 Z6=1 C6=1 R6=1 S6=1 Y5=1 X5=1 Z5=1 C5=1 R5=1 S5=1 Y4=1 X4=1 Z4=1 C4=1 R4=1 S4=1 Y3=1 X3=1 Z3=1 C3=1 R3=1 S3=1 Y2=1 X2=1 Z2=1 C2=1 R2=1 S2=1 Y1=1 X1=1 Z1=1 C1=1 R1=1 S1=1 Y0=1 X0=1 Z0=1 C0=1 R0=1 S0=1] OutRegister[P=1 Q=1 Z16=4 C16=1 R16=1 S16=1 Y15=1 X15=1 Z15=1 C15=1 R15=1 S15=1 Y14=1 X14=1 Z14=1 C14=1 R14=1 S14=1 Y13=1 X13=1 Z13=1 C13=1 R13=1 S13=1 Y12=1 X12=1 Z12=1 C12=1 R12=1 S12=1 Y11=1 X11=1 Z11=1 C11=1 R11=1 S11=1 Y10=1 X10=1 Z10=1 C10=1 R10=1 S10=1 Y9=1 X9=1 Z9=1 C9=1 R9=1 S9=1 Y8=1 X8=1 Z8=1 C8=1 R8=1 S8=1 Y7=1 X7=1 Z7=1 C7=1 R7=1 S7=1 Y6=1 X6=1 Z6=1 C6=1 R6=1 S6=1 Y5=1 X5=1 Z5=1 C5=1 R5=1 S5=1 Y4=1 X4=1 Z4=1 C4=1 R4=1 S4=1 Y3=1 X3=1 Z3=1 C3=1 R3=1 S3=1 Y2=1 X2=1 Z2=1 C2=1 R2=1 S2=1 Y1=1 X1=1 Z1=1 C1=1 R1=1 S1=1 Y0=1 X0=1 Z0=1 C0=1 R0=1 S0=1] Compute] 
resnet18_17layer_2026-02-21T07:02:15.007626,resnet18,17layer,full,17,eyeriss,thesis_arch,1056,524,128,256,4,7,False,False,"Ill-posed constraints:
CONSTRAINTS VIOLATION: Arch: Eyeriss_Constrained_17L_tile7_4x256 -> Level: WRegister: memory footprint: 14318 VS memory available: 4000
CONSTRAINTS VIOLATION: Arch: Eyeriss_Constrained_17L_tile7_4x256 -> Level: OutRegister: memory footprint: 128 VS memory available: 64",0.000e+00,0.000e+00,0.00e+00,0,0.0,0.0,
resnet18_17layer_2026-02-21T07:02:15.827624,resnet18,17layer,full,17,eyeriss,thesis_arch,1056,524,128,256,16,7,False,True,,1.621e+05,3.059e+06,4.98e+05,"(5522477248, 2736486144)",0.0032886642329685856,0.9650237560272217,DRAM[P=7 Q=1 Z16=1 C16=1 R16=1 S16=1 Y15=7 X15=1 Z15=1 C15=1 R15=1 S15=1 Y14=7 X14=1 Z14=1 C14=1 R14=1 S14=1 Y13=14 X13=2 Z13=1 C13=1 R13=1 S13=1 Y12=14 X12=2 Z12=1 C12=1 R12=1 S12=1 Y11=14 X11=2 Z11=1 C11=1 R11=1 S11=1 Y10=14 X10=2 Z10=1 C10=1 R10=1 S10=1 Y9=28 X9=4 Z9=1 C9=1 R9=1 S9=1 Y8=28 X8=4 Z8=1 C8=1 R8=1 S8=1 Y7=28 X7=4 Z7=1 C7=1 R7=1 S7=1 Y6=28 X6=4 Z6=1 C6=1 R6=1 S6=1 Y5=56 X5=8 Z5=1 C5=1 R5=1 S5=1 Y4=56 X4=8 Z4=1 C4=1 R4=1 S4=1 Y3=56 X3=8 Z3=1 C3=1 R3=1 S3=1 Y2=56 X2=8 Z2=1 C2=1 R2=1 S2=1 Y1=56 X1=8 Z1=1 C1=1 R1=1 S1=1 Y0=112 X0=16 Z0=1 C0=1 R0=1 S0=1] GlobalBuffer[P=1 Q=7 Z16=1 C16=1 R16=1 S16=1 Y15=1 X15=7 Z15=1 C15=1 R15=1 S15=1 Y14=1 X14=7 Z14=1 C14=1 R14=1 S14=1 Y13=1 X13=7 Z13=1 C13=1 R13=1 S13=1 Y12=1 X12=7 Z12=1 C12=1 R12=1 S12=1 Y11=1 X11=7 Z11=1 C11=1 R11=1 S11=1 Y10=1 X10=7 Z10=1 C10=1 R10=1 S10=1 Y9=1 X9=7 Z9=1 C9=1 R9=1 S9=1 Y8=1 X8=7 Z8=1 C8=1 R8=1 S8=1 Y7=1 X7=7 Z7=1 C7=1 R7=1 S7=1 Y6=1 X6=7 Z6=1 C6=1 R6=1 S6=1 Y5=1 X5=7 Z5=1 C5=1 R5=1 S5=1 Y4=1 X4=7 Z4=1 C4=1 R4=1 S4=1 Y3=1 X3=7 Z3=1 C3=1 R3=1 S3=1 Y2=1 X2=7 Z2=1 C2=1 R2=1 S2=1 Y1=1 X1=7 Z1=1 C1=1 R1=1 S1=1 Y0=1 X0=7 Z0=1 C0=1 R0=1 S0=1] SACols[Q=1 Z16=16] SARows[S16=3 C16=64 Z16=1] SACols_15[X15=1 Z15=16] SARows_15[S15=3 C15=64 Z15=1] SACols_14[X14=1 Z14=16] SARows_14[S14=3 C14=64 Z14=1] SACols_13[X13=1 Z13=16] SARows_13[S13=3 C13=64 Z13=1] SACols_12[X12=1 Z12=16] SARows_12[S12=3 C12=64 Z12=1] SACols_11[X11=1 Z11=16] SARows_11[S11=3 C11=64 Z11=1] SACols_10[X10=1 Z10=16] SARows_10[S10=3 C10=64 Z10=1] SACols_9[X9=1 Z9=16] SARows_9[S9=3 C9=64 Z9=1] SACols_8[X8=1 Z8=16] SARows_8[S8=3 C8=64 Z8=1] SACols_7[X7=1 Z7=16] SARows_7[S7=3 C7=64 Z7=1] SACols_6[X6=1 Z6=16] SARows_6[S6=3 C6=64 Z6=1] SACols_5[X5=1 Z5=16] SARows_5[S5=3 C5=64 Z5=1] SACols_4[X4=1 Z4=16] SARows_4[S4=3 C4=64 Z4=1] SACols_3[X3=1 Z3=16] SARows_3[S3=3 C3=64 Z3=1] SACols_2[X2=1 Z2=16] SARows_2[S2=3 C2=64 Z2=1] SACols_1[X1=1 Z1=16] SARows_1[S1=3 C1=64 Z1=1] SACols_0[X0=1 Z0=16] SARows_0[S0=7 C0=3 Z0=4] InRegister[P=1 Q=1 Z16=1 C16=1 R16=1 S16=1 Y15=1 X15=1 Z15=1 C15=1 R15=1 S15=1 Y14=1 X14=1 Z14=1 C14=1 R14=1 S14=1 Y13=1 X13=1 Z13=1 C13=1 R13=1 S13=1 Y12=1 X12=1 Z12=1 C12=1 R12=1 S12=1 Y11=1 X11=1 Z11=1 C11=1 R11=1 S11=1 Y10=1 X10=1 Z10=1 C10=1 R10=1 S10=1 Y9=1 X9=1 Z9=1 C9=1 R9=1 S9=1 Y8=1 X8=1 Z8=1 C8=1 R8=1 S8=1 Y7=1 X7=1 Z7=1 C7=1 R7=1 S7=1 Y6=1 X6=1 Z6=1 C6=1 R6=1 S6=1 Y5=1 X5=1 Z5=1 C5=1 R5=1 S5=1 Y4=1 X4=1 Z4=1 C4=1 R4=1 S4=1 Y3=1 X3=1 Z3=1 C3=1 R3=1 S3=1 Y2=1 X2=1 Z2=1 C2=1 R2=1 S2=1 Y1=1 X1=1 Z1=1 C1=1 R1=1 S1=1 Y0=1 X0=1 Z0=1 C0=1 R0=1 S0=1] WRegister[P=1 Q=1 Z16=1 C16=8 R16=3 S16=1 Y15=1 X15=1 Z15=1 C15=8 R15=3 S15=1 Y14=1 X14=1 Z14=1 C14=8 R14=3 S14=1 Y13=1 X13=1 Z13=1 C13=4 R13=3 S13=1 Y12=1 X12=1 Z12=1 C12=4 R12=3 S12=1 Y11=1 X11=1 Z11=1 C11=4 R11=3 S11=1 Y10=1 X10=1 Z10=1 C10=4 R10=3 S10=1 Y9=1 X9=1 Z9=1 C9=2 R9=3 S9=1 Y8=1 X8=1 Z8=1 C8=2 R8=3 S8=1 Y7=1 X7=1 Z7=1 C7=2 R7=3 S7=1 Y6=1 X6=1 Z6=1 C6=2 R6=3 S6=1 Y5=1 X5=1 Z5=1 C5=1 R5=3 S5=1 Y4=1 X4=1 Z4=1 C4=1 R4=3 S4=1 Y3=1 X3=1 Z3=1 C3=1 R3=3 S3=1 Y2=1 X2=1 Z2=1 C2=1 R2=3 S2=1 Y1=1 X1=1 Z1=1 C1=1 R1=3 S1=1 Y0=1 X0=1 Z0=1 C0=1 R0=7 S0=1] IntermediateRegister[P=1 Q=1 Z16=1 C16=1 R16=1 S16=1 Y15=1 X15=1 Z15=32 C15=1 R15=1 S15=1 Y14=1 X14=1 Z14=32 C14=1 R14=1 S14=1 Y13=1 X13=1 Z13=32 C13=1 R13=1 S13=1 Y12=1 X12=1 Z12=16 C12=1 R12=1 S12=1 Y11=1 X11=1 Z11=16 C11=1 R11=1 S11=1 Y10=1 X10=1 Z10=16 C10=1 R10=1 S10=1 Y9=1 X9=1 Z9=16 C9=1 R9=1 S9=1 Y8=1 X8=1 Z8=8 C8=1 R8=1 S8=1 Y7=1 X7=1 Z7=8 C7=1 R7=1 S7=1 Y6=1 X6=1 Z6=8 C6=1 R6=1 S6=1 Y5=1 X5=1 Z5=8 C5=1 R5=1 S5=1 Y4=1 X4=1 Z4=4 C4=1 R4=1 S4=1 Y3=1 X3=1 Z3=4 C3=1 R3=1 S3=1 Y2=1 X2=1 Z2=4 C2=1 R2=1 S2=1 Y1=1 X1=1 Z1=4 C1=1 R1=1 S1=1 Y0=1 X0=1 Z0=1 C0=1 R0=1 S0=1] OutRegister[P=1 Q=1 Z16=32 C16=1 R16=1 S16=1 Y15=1 X15=1 Z15=1 C15=1 R15=1 S15=1 Y14=1 X14=1 Z14=1 C14=1 R14=1 S14=1 Y13=1 X13=1 Z13=1 C13=1 R13=1 S13=1 Y12=1 X12=1 Z12=1 C12=1 R12=1 S12=1 Y11=1 X11=1 Z11=1 C11=1 R11=1 S11=1 Y10=1 X10=1 Z10=1 C10=1 R10=1 S10=1 Y9=1 X9=1 Z9=1 C9=1 R9=1 S9=1 Y8=1 X8=1 Z8=1 C8=1 R8=1 S8=1 Y7=1 X7=1 Z7=1 C7=1 R7=1 S7=1 Y6=1 X6=1 Z6=1 C6=1 R6=1 S6=1 Y5=1 X5=1 Z5=1 C5=1 R5=1 S5=1 Y4=1 X4=1 Z4=1 C4=1 R4=1 S4=1 Y3=1 X3=1 Z3=1 C3=1 R3=1 S3=1 Y2=1 X2=1 Z2=1 C2=1 R2=1 S2=1 Y1=1 X1=1 Z1=1 C1=1 R1=1 S1=1 Y0=1 X0=1 Z0=1 C0=1 R0=1 S0=1] Compute] 
resnet18_17layer_2026-02-21T07:02:17.881826,resnet18,17layer,full,17,eyeriss,thesis_arch,1056,524,128,256,32,7,False,True,,1.631e+05,3.042e+06,5.00e+05,"(5760913600, 2736486144)",0.0016443321164842928,0.6419241428375244,DRAM[P=7 Q=1 Z16=1 C16=1 R16=1 S16=1 Y15=7 X15=1 Z15=1 C15=1 R15=1 S15=1 Y14=7 X14=1 Z14=1 C14=1 R14=1 S14=1 Y13=14 X13=2 Z13=1 C13=1 R13=1 S13=1 Y12=14 X12=2 Z12=1 C12=1 R12=1 S12=1 Y11=14 X11=2 Z11=1 C11=1 R11=1 S11=1 Y10=14 X10=2 Z10=1 C10=1 R10=1 S10=1 Y9=28 X9=4 Z9=1 C9=1 R9=1 S9=1 Y8=28 X8=4 Z8=1 C8=1 R8=1 S8=1 Y7=28 X7=4 Z7=1 C7=1 R7=1 S7=1 Y6=28 X6=4 Z6=1 C6=1 R6=1 S6=1 Y5=56 X5=8 Z5=1 C5=1 R5=1 S5=1 Y4=56 X4=8 Z4=1 C4=1 R4=1 S4=1 Y3=56 X3=8 Z3=1 C3=1 R3=1 S3=1 Y2=56 X2=8 Z2=1 C2=1 R2=1 S2=1 Y1=56 X1=8 Z1=1 C1=1 R1=1 S1=1 Y0=112 X0=16 Z0=1 C0=1 R0=1 S0=1] GlobalBuffer[P=1 Q=7 Z16=1 C16=1 R16=1 S16=1 Y15=1 X15=7 Z15=1 C15=1 R15=1 S15=1 Y14=1 X14=7 Z14=1 C14=1 R14=1 S14=1 Y13=1 X13=7 Z13=1 C13=1 R13=1 S13=1 Y12=1 X12=7 Z12=1 C12=1 R12=1 S12=1 Y11=1 X11=7 Z11=1 C11=1 R11=1 S11=1 Y10=1 X10=7 Z10=1 C10=1 R10=1 S10=1 Y9=1 X9=7 Z9=1 C9=1 R9=1 S9=1 Y8=1 X8=7 Z8=1 C8=1 R8=1 S8=1 Y7=1 X7=7 Z7=1 C7=1 R7=1 S7=1 Y6=1 X6=7 Z6=1 C6=1 R6=1 S6=1 Y5=1 X5=7 Z5=1 C5=1 R5=1 S5=1 Y4=1 X4=7 Z4=1 C4=1 R4=1 S4=1 Y3=1 X3=7 Z3=1 C3=1 R3=1 S3=1 Y2=1 X2=7 Z2=1 C2=1 R2=1 S2=1 Y1=1 X1=7 Z1=1 C1=1 R1=1 S1=1 Y0=1 X0=7 Z0=1 C0=1 R0=1 S0=1] SACols[Q=1 Z16=32] SARows[S16=3 C16=64 Z16=1] SACols_15[X15=1 Z15=32] SARows_15[S15=3 C15=64 Z15=1] SACols_14[X14=1 Z14=32] SARows_14[S14=3 C14=64 Z14=1] SACols_13[X13=1 Z13=32] SARows_13[S13=3 C13=64 Z13=1] SACols_12[X12=1 Z12=32] SARows_12[S12=3 C12=64 Z12=1] SACols_11[X11=1 Z11=32] SARows_11[S11=3 C11=64 Z11=1] SACols_10[X10=1 Z10=32] SARows_10[S10=3 C10=64 Z10=1] SACols_9[X9=1 Z9=32] SARows_9[S9=3 C9=64 Z9=1] SACols_8[X8=1 Z8=32] SARows_8[S8=3 C8=64 Z8=1] SACols_7[X7=1 Z7=32] SARows_7[S7=3 C7=64 Z7=1] SACols_6[X6=1 Z6=32] SARows_6[S6=3 C6=64 Z6=1] SACols_5[X5=1 Z5=32] SARows_5[S5=3 C5=64 Z5=1] SACols_4[X4=1 Z4=32] SARows_4[S4=3 C4=64 Z4=1] SACols_3[X3=1 Z3=32] SARows_3[S3=3 C3=64 Z3=1] SACols_2[X2=1 Z2=32] SARows_2[S2=3 C2=64 Z2=1] SACols_1[X1=1 Z1=32] SARows_1[S1=3 C1=64 Z1=1] SACols_0[X0=1 Z0=32] SARows_0[S0=7 C0=3 Z0=2] InRegister[P=1 Q=1 Z16=1 C16=1 R16=1 S16=1 Y15=1 X15=1 Z15=1 C15=1 R15=1 S15=1 Y14=1 X14=1 Z14=1 C14=1 R14=1 S14=1 Y13=1 X13=1 Z13=1 C13=1 R13=1 S13=1 Y12=1 X12=1 Z12=1 C12=1 R12=1 S12=1 Y11=1 X11=1 Z11=1 C11=1 R11=1 S11=1 Y10=1 X10=1 Z10=1 C10=1 R10=1 S10=1 Y9=1 X9=1 Z9=1 C9=1 R9=1 S9=1 Y8=1 X8=1 Z8=1 C8=1 R8=1 S8=1 Y7=1 X7=1 Z7=1 C7=1 R7=1 S7=1 Y6=1 X6=1 Z6=1 C6=1 R6=1 S6=1 Y5=1 X5=1 Z5=1 C5=1 R5=1 S5=1 Y4=1 X4=1 Z4=1 C4=1 R4=1 S4=1 Y3=1 X3=1 Z3=1 C3=1 R3=1 S3=1 Y2=1 X2=1 Z2=1 C2=1 R2=1 S2=1 Y1=1 X1=1 Z1=1 C1=1 R1=1 S1=1 Y0=1 X0=1 Z0=1 C0=1 R0=1 S0=1] WRegister[P=1 Q=1 Z16=1 C16=8 R16=3 S16=1 Y15=1 X15=1 Z15=1 C15=8 R15=3 S15=1 Y14=1 X14=1 Z14=1 C14=8 R14=3 S14=1 Y13=1 X13=1 Z13=1 C13=4 R13=3 S13=1 Y12=1 X12=1 Z12=1 C12=4 R12=3 S12=1 Y11=1 X11=1 Z11=1 C11=4 R11=3 S11=1 Y10=1 X10=1 Z10=1 C10=4 R10=3 S10=1 Y9=1 X9=1 Z9=1 C9=2 R9=3 S9=1 Y8=1 X8=1 Z8=1 C8=2 R8=3 S8=1 Y7=1 X7=1 Z7=1 C7=2 R7=3 S7=1 Y6=1 X6=1 Z6=1 C6=2 R6=3 S6=1 Y5=1 X5=1 Z5=1 C5=1 R5=3 S5=1 Y4=1 X4=1 Z4=1 C4=1 R4=3 S4=1 Y3=1 X3=1 Z3=1 C3=1 R3=3 S3=1 Y2=1 X2=1 Z2=1 C2=1 R2=3 S2=1 Y1=1 X1=1 Z1=1 C1=1 R1=3 S1=1 Y0=1 X0=1 Z0=1 C0=1 R0=7 S0=1] IntermediateRegister[P=1 Q=1 Z16=1 C16=1 R16=1 S16=1 Y15=1 X15=1 Z15=16 C15=1 R15=1 S15=1 Y14=1 X14=1 Z14=16 C14=1 R14=1 S14=1 Y13=1 X13=1 Z13=16 C13=1 R13=1 S13=1 Y12=1 X12=1 Z12=8 C12=1 R12=1 S12=1 Y11=1 X11=1 Z11=8 C11=1 R11=1 S11=1 Y10=1 X10=1 Z10=8 C10=1 R10=1 S10=1 Y9=1 X9=1 Z9=8 C9=1 R9=1 S9=1 Y8=1 X8=1 Z8=4 C8=1 R8=1 S8=1 Y7=1 X7=1 Z7=4 C7=1 R7=1 S7=1 Y6=1 X6=1 Z6=4 C6=1 R6=1 S6=1 Y5=1 X5=1 Z5=4 C5=1 R5=1 S5=1 Y4=1 X4=1 Z4=2 C4=1 R4=1 S4=1 Y3=1 X3=1 Z3=2 C3=1 R3=1 S3=1 Y2=1 X2=1 Z2=2 C2=1 R2=1 S2=1 Y1=1 X1=1 Z1=2 C1=1 R1=1 S1=1 Y0=1 X0=1 Z0=1 C0=1 R0=1 S0=1] OutRegister[P=1 Q=1 Z16=16 C16=1 R16=1 S16=1 Y15=1 X15=1 Z15=1 C15=1 R15=1 S15=1 Y14=1 X14=1 Z14=1 C14=1 R14=1 S14=1 Y13=1 X13=1 Z13=1 C13=1 R13=1 S13=1 Y12=1 X12=1 Z12=1 C12=1 R12=1 S12=1 Y11=1 X11=1 Z11=1 C11=1 R11=1 S11=1 Y10=1 X10=1 Z10=1 C10=1 R10=1 S10=1 Y9=1 X9=1 Z9=1 C9=1 R9=1 S9=1 Y8=1 X8=1 Z8=1 C8=1 R8=1 S8=1 Y7=1 X7=1 Z7=1 C7=1 R7=1 S7=1 Y6=1 X6=1 Z6=1 C6=1 R6=1 S6=1 Y5=1 X5=1 Z5=1 C5=1 R5=1 S5=1 Y4=1 X4=1 Z4=1 C4=1 R4=1 S4=1 Y3=1 X3=1 Z3=1 C3=1 R3=1 S3=1 Y2=1 X2=1 Z2=1 C2=1 R2=1 S2=1 Y1=1 X1=1 Z1=1 C1=1 R1=1 S1=1 Y0=1 X0=1 Z0=1 C0=1 R0=1 S0=1] Compute] 
resnet18_17layer_2026-02-21T07:02:19.250725,resnet18,17layer,full,17,eyeriss,thesis_arch,1056,524,128,256,64,7,False,True,,1.653e+05,3.042e+06,5.09e+05,"(6237786304, 2736486144)",0.0008221660582421464,0.6593747138977051,DRAM[P=7 Q=1 Z16=1 C16=1 R16=1 S16=1 Y15=7 X15=1 Z15=1 C15=1 R15=1 S15=1 Y14=7 X14=1 Z14=1 C14=1 R14=1 S14=1 Y13=14 X13=2 Z13=1 C13=1 R13=1 S13=1 Y12=14 X12=2 Z12=1 C12=1 R12=1 S12=1 Y11=14 X11=2 Z11=1 C11=1 R11=1 S11=1 Y10=14 X10=2 Z10=1 C10=1 R10=1 S10=1 Y9=28 X9=4 Z9=1 C9=1 R9=1 S9=1 Y8=28 X8=4 Z8=1 C8=1 R8=1 S8=1 Y7=28 X7=4 Z7=1 C7=1 R7=1 S7=1 Y6=28 X6=4 Z6=1 C6=1 R6=1 S6=1 Y5=56 X5=8 Z5=1 C5=1 R5=1 S5=1 Y4=56 X4=8 Z4=1 C4=1 R4=1 S4=1 Y3=56 X3=8 Z3=1 C3=1 R3=1 S3=1 Y2=56 X2=8 Z2=1 C2=1 R2=1 S2=1 Y1=56 X1=8 Z1=1 C1=1 R1=1 S1=1 Y0=112 X0=16 Z0=1 C0=1 R0=1 S0=1] GlobalBuffer[P=1 Q=7 Z16=1 C16=1 R16=1 S16=1 Y15=1 X15=7 Z15=1 C15=1 R15=1 S15=1 Y14=1 X14=7 Z14=1 C14=1 R14=1 S14=1 Y13=1 X13=7 Z13=1 C13=1 R13=1 S13=1 Y12=1 X12=7 Z12=1 C12=1 R12=1 S12=1 Y11=1 X11=7 Z11=1 C11=1 R11=1 S11=1 Y10=1 X10=7 Z10=1 C10=1 R10=1 S10=1 Y9=1 X9=7 Z9=1 C9=1 R9=1 S9=1 Y8=1 X8=7 Z8=1 C8=1 R8=1 S8=1 Y7=1 X7=7 Z7=1 C7=1 R7=1 S7=1 Y6=1 X6=7 Z6=1 C6=1 R6=1 S6=1 Y5=1 X5=7 Z5=1 C5=1 R5=1 S5=1 Y4=1 X4=7 Z4=1 C4=1 R4=1 S4=1 Y3=1 X3=7 Z3=1 C3=1 R3=1 S3=1 Y2=1 X2=7 Z2=1 C2=1 R2=1 S2=1 Y1=1 X1=7 Z1=1 C1=1 R1=1 S1=1 Y0=1 X0=7 Z0=1 C0=1 R0=1 S0=1] SACols[Q=1 Z16=64] SARows[S16=3 C16=64 Z16=1] SACols_15[X15=1 Z15=64] SARows_15[S15=3 C15=64 Z15=1] SACols_14[X14=1 Z14=64] SARows_14[S14=3 C14=64 Z14=1] SACols_13[X13=1 Z13=64] SARows_13[S13=3 C13=64 Z13=1] SACols_12[X12=1 Z12=64] SARows_12[S12=3 C12=64 Z12=1] SACols_11[X11=1 Z11=64] SARows_11[S11=3 C11=64 Z11=1] SACols_10[X10=1 Z10=64] SARows_10[S10=3 C10=64 Z10=1] SACols_9[X9=1 Z9=64] SARows_9[S9=3 C9=64 Z9=1] SACols_8[X8=1 Z8=64] SARows_8[S8=3 C8=64 Z8=1] SACols_7[X7=1 Z7=64] SARows_7[S7=3 C7=64 Z7=1] SACols_6[X6=1 Z6=64] SARows_6[S6=3 C6=64 Z6=1] SACols_5[X5=1 Z5=64] SARows_5[S5=3 C5=64 Z5=1] SACols_4[X4=1 Z4=64] SARows_4[S4=3 C4=64 Z4=1] SACols_3[X3=1 Z3=64] SARows_3[S3=3 C3=64 Z3=1] SACols_2[X2=1 Z2=64] SARows_2[S2=3 C2=64 Z2=1] SACols_1[X1=1 Z1=64] SARows_1[S1=3 C1=64 Z1=1] SACols_0[X0=1 Z0=64] SARows_0[S0=7 C0=3 Z0=1] InRegister[P=1 Q=1 Z16=1 C16=1 R16=1 S16=1 Y15=1 X15=1 Z15=1 C15=1 R15=1 S15=1 Y14=1 X14=1 Z14=1 C14=1 R14=1 S14=1 Y13=1 X13=1 Z13=1 C13=1 R13=1 S13=1 Y12=1 X12=1 Z12=1 C12=1 R12=1 S12=1 Y11=1 X11=1 Z11=1 C11=1 R11=1 S11=1 Y10=1 X10=1 Z10=1 C10=1 R10=1 S10=1 Y9=1 X9=1 Z9=1 C9=1 R9=1 S9=1 Y8=1 X8=1 Z8=1 C8=1 R8=1 S8=1 Y7=1 X7=1 Z7=1 C7=1 R7=1 S7=1 Y6=1 X6=1 Z6=1 C6=1 R6=1 S6=1 Y5=1 X5=1 Z5=1 C5=1 R5=1 S5=1 Y4=1 X4=1 Z4=1 C4=1 R4=1 S4=1 Y3=1 X3=1 Z3=1 C3=1 R3=1 S3=1 Y2=1 X2=1 Z2=1 C2=1 R2=1 S2=1 Y1=1 X1=1 Z1=1 C1=1 R1=1 S1=1 Y0=1 X0=1 Z0=1 C0=1 R0=1 S0=1] WRegister[P=1 Q=1 Z16=1 C16=8 R16=3 S16=1 Y15=1 X15=1 Z15=1 C15=8 R15=3 S15=1 Y14=1 X14=1 Z14=1 C14=8 R14=3 S14=1 Y13=1 X13=1 Z13=1 C13=4 R13=3 S13=1 Y12=1 X12=1 Z12=1 C12=4 R12=3 S12=1 Y11=1 X11=1 Z11=1 C11=4 R11=3 S11=1 Y10=1 X10=1 Z10=1 C10=4 R10=3 S10=1 Y9=1 X9=1 Z9=1 C9=2 R9=3 S9=1 Y8=1 X8=1 Z8=1 C8=2 R8=3 S8=1 Y7=1 X7=1 Z7=1 C7=2 R7=3 S7=1 Y6=1 X6=1 Z6=1 C6=2 R6=3 S6=1 Y5=1 X5=1 Z5=1 C5=1 R5=3 S5=1 Y4=1 X4=1 Z4=1 C4=1 R4=3 S4=1 Y3=1 X3=1 Z3=1 C3=1 R3=3 S3=1 Y2=1 X2=1 Z2=1 C2=1 R2=3 S2=1 Y1=1 X1=1 Z1=1 C1=1 R1=3 S1=1 Y0=1 X0=1 Z0=1 C0=1 R0=7 S0=1] IntermediateRegister[P=1 Q=1 Z16=1 C16=1 R16=1 S16=1 Y15=1 X15=1 Z15=8 C15=1 R15=1 S15=1 Y14=1 X14=1 Z14=8 C14=1 R14=1 S14=1 Y13=1 X13=1 Z13=8 C13=1 R13=1 S13=1 Y12=1 X12=1 Z12=4 C12=1 R12=1 S12=1 Y11=1 X11=1 Z11=4 C11=1 R11=1 S11=1 Y10=1 X10=1 Z10=4 C10=1 R10=1 S10=1 Y9=1 X9=1 Z9=4 C9=1 R9=1 S9=1 Y8=1 X8=1 Z8=2 C8=1 R8=1 S8=1 Y7=1 X7=1 Z7=2 C7=1 R7=1 S7=1 Y6=1 X6=1 Z6=2 C6=1 R6=1 S6=1 Y5=1 X5=1 Z5=2 C5=1 R5=1 S5=1 Y4=1 X4=1 Z4=1 C4=1 R4=1 S4=1 Y3=1 X3=1 Z3=1 C3=1 R3=1 S3=1 Y2=1 X2=1 Z2=1 C2=1 R2=1 S2=1 Y1=1 X1=1 Z1=1 C1=1 R1=1 S1=1 Y0=1 X0=1 Z0=1 C0=1 R0=1 S0=1] OutRegister[P=1 Q=1 Z16=8 C16=1 R16=1 S16=1 Y15=1 X15=1 Z15=1 C15=1 R15=1 S15=1 Y14=1 X14=1 Z14=1 C14=1 R14=1 S14=1 Y13=1 X13=1 Z13=1 C13=1 R13=1 S13=1 Y12=1 X12=1 Z12=1 C12=1 R12=1 S12=1 Y11=1 X11=1 Z11=1 C11=1 R11=1 S11=1 Y10=1 X10=1 Z10=1 C10=1 R10=1 S10=1 Y9=1 X9=1 Z9=1 C9=1 R9=1 S9=1 Y8=1 X8=1 Z8=1 C8=1 R8=1 S8=1 Y7=1 X7=1 Z7=1 C7=1 R7=1 S7=1 Y6=1 X6=1 Z6=1 C6=1 R6=1 S6=1 Y5=1 X5=1 Z5=1 C5=1 R5=1 S5=1 Y4=1 X4=1 Z4=1 C4=1 R4=1 S4=1 Y3=1 X3=1 Z3=1 C3=1 R3=1 S3=1 Y2=1 X2=1 Z2=1 C2=1 R2=1 S2=1 Y1=1 X1=1 Z1=1 C1=1 R1=1 S1=1 Y0=1 X0=1 Z0=1 C0=1 R0=1 S0=1] Compute] 
resnet18_17layer_2026-02-21T07:02:20.556393,resnet18,17layer,full,17,eyeriss,thesis_arch,1056,524,128,512,4,7,False,False,"Ill-posed constraints:
CONSTRAINTS VIOLATION: Arch: Eyeriss_Constrained_17L_tile7_4x512 -> Level: WRegister: memory footprint: 7159 VS memory available: 4000
CONSTRAINTS VIOLATION: Arch: Eyeriss_Constrained_17L_tile7_4x512 -> Level: OutRegister: memory footprint: 128 VS memory available: 64",0.000e+00,0.000e+00,0.00e+00,0,0.0,0.0,
resnet18_17layer_2026-02-21T07:02:21.169785,resnet18,17layer,full,17,eyeriss,thesis_arch,1056,524,128,512,16,7,False,True,,1.661e+05,3.042e+06,5.09e+05,"(5821124800, 2890626816)",0.0016443321164842928,1.0755977630615234,DRAM[P=7 Q=1 Z16=1 C16=1 R16=1 S16=1 Y15=7 X15=1 Z15=1 C15=1 R15=1 S15=1 Y14=7 X14=1 Z14=1 C14=1 R14=1 S14=1 Y13=14 X13=2 Z13=1 C13=1 R13=1 S13=1 Y12=14 X12=2 Z12=1 C12=1 R12=1 S12=1 Y11=14 X11=2 Z11=1 C11=1 R11=1 S11=1 Y10=14 X10=2 Z10=1 C10=1 R10=1 S10=1 Y9=28 X9=4 Z9=1 C9=1 R9=1 S9=1 Y8=28 X8=4 Z8=1 C8=1 R8=1 S8=1 Y7=28 X7=4 Z7=1 C7=1 R7=1 S7=1 Y6=28 X6=4 Z6=1 C6=1 R6=1 S6=1 Y5=56 X5=8 Z5=1 C5=1 R5=1 S5=1 Y4=56 X4=8 Z4=1 C4=1 R4=1 S4=1 Y3=56 X3=8 Z3=1 C3=1 R3=1 S3=1 Y2=56 X2=8 Z2=1 C2=1 R2=1 S2=1 Y1=56 X1=8 Z1=1 C1=1 R1=1 S1=1 Y0=112 X0=16 Z0=1 C0=1 R0=1 S0=1] GlobalBuffer[P=1 Q=7 Z16=1 C16=1 R16=1 S16=1 Y15=1 X15=7 Z15=1 C15=1 R15=1 S15=1 Y14=1 X14=7 Z14=1 C14=1 R14=1 S14=1 Y13=1 X13=7 Z13=1 C13=1 R13=1 S13=1 Y12=1 X12=7 Z12=1 C12=1 R12=1 S12=1 Y11=1 X11=7 Z11=1 C11=1 R11=1 S11=1 Y10=1 X10=7 Z10=1 C10=1 R10=1 S10=1 Y9=1 X9=7 Z9=1 C9=1 R9=1 S9=1 Y8=1 X8=7 Z8=1 C8=1 R8=1 S8=1 Y7=1 X7=7 Z7=1 C7=1 R7=1 S7=1 Y6=1 X6=7 Z6=1 C6=1 R6=1 S6=1 Y5=1 X5=7 Z5=1 C5=1 R5=1 S5=1 Y4=1 X4=7 Z4=1 C4=1 R4=1 S4=1 Y3=1 X3=7 Z3=1 C3=1 R3=1 S3=1 Y2=1 X2=7 Z2=1 C2=1 R2=1 S2=1 Y1=1 X1=7 Z1=1 C1=1 R1=1 S1=1 Y0=1 X0=7 Z0=1 C0=1 R0=1 S0=1] SACols[Q=1 Z16=16] SARows[S16=3 C16=128 Z16=1] SACols_15[X15=1 Z15=16] SARows_15[S15=3 C15=128 Z15=1] SACols_14[X14=1 Z14=16] SARows_14[S14=3 C14=128 Z14=1] SACols_13[X13=1 Z13=16] SARows_13[S13=3 C13=128 Z13=1] SACols_12[X12=1 Z12=16] SARows_12[S12=3 C12=128 Z12=1] SACols_11[X11=1 Z11=16] SARows_11[S11=3 C11=128 Z11=1] SACols_10[X10=1 Z10=16] SARows_10[S10=3 C10=128 Z10=1] SACols_9[X9=1 Z9=16] SARows_9[S9=3 C9=128 Z9=1] SACols_8[X8=1 Z8=16] SARows_8[S8=3 C8=128 Z8=1] SACols_7[X7=1 Z7=16] SARows_7[S7=3 C7=128 Z7=1] SACols_6[X6=1 Z6=16] SARows_6[S6=3 C6=128 Z6=1] SACols_5[X5=1 Z5=16] SARows_5[S5=3 C5=64 Z5=2] SACols_4[X4=1 Z4=16] SARows_4[S4=3 C4=64 Z4=2] SACols_3[X3=1 Z3=16] SARows_3[S3=3 C3=64 Z3=2] SACols_2[X2=1 Z2=16] SARows_2[S2=3 C2=64 Z2=2] SACols_1[X1=1 Z1=16] SARows_1[S1=3 C1=64 Z1=2] SACols_0[X0=1 Z0=16] SARows_0[S0=7 C0=3 Z0=4] InRegister[P=1 Q=1 Z16=1 C16=1 R16=1 S16=1 Y15=1 X15=1 Z15=1 C15=1 R15=1 S15=1 Y14=1 X14=1 Z14=1 C14=1 R14=1 S14=1 Y13=1 X13=1 Z13=1 C13=1 R13=1 S13=1 Y12=1 X12=1 Z12=1 C12=1 R12=1 S12=1 Y11=1 X11=1 Z11=1 C11=1 R11=1 S11=1 Y10=1 X10=1 Z10=1 C10=1 R10=1 S10=1 Y9=1 X9=1 Z9=1 C9=1 R9=1 S9=1 Y8=1 X8=1 Z8=1 C8=1 R8=1 S8=1 Y7=1 X7=1 Z7=1 C7=1 R7=1 S7=1 Y6=1 X6=1 Z6=1 C6=1 R6=1 S6=1 Y5=1 X5=1 Z5=1 C5=1 R5=1 S5=1 Y4=1 X4=1 Z4=1 C4=1 R4=1 S4=1 Y3=1 X3=1 Z3=1 C3=1 R3=1 S3=1 Y2=1 X2=1 Z2=1 C2=1 R2=1 S2=1 Y1=1 X1=1 Z1=1 C1=1 R1=1 S1=1 Y0=1 X0=1 Z0=1 C0=1 R0=1 S0=1] WRegister[P=1 Q=1 Z16=1 C16=4 R16=3 S16=1 Y15=1 X15=1 Z15=1 C15=4 R15=3 S15=1 Y14=1 X14=1 Z14=1 C14=4 R14=3 S14=1 Y13=1 X13=1 Z13=1 C13=2 R13=3 S13=1 Y12=1 X12=1 Z12=1 C12=2 R12=3 S12=1 Y11=1 X11=1 Z11=1 C11=2 R11=3 S11=1 Y10=1 X10=1 Z10=1 C10=2 R10=3 S10=1 Y9=1 X9=1 Z9=1 C9=1 R9=3 S9=1 Y8=1 X8=1 Z8=1 C8=1 R8=3 S8=1 Y7=1 X7=1 Z7=1 C7=1 R7=3 S7=1 Y6=1 X6=1 Z6=1 C6=1 R6=3 S6=1 Y5=1 X5=1 Z5=1 C5=1 R5=3 S5=1 Y4=1 X4=1 Z4=1 C4=1 R4=3 S4=1 Y3=1 X3=1 Z3=1 C3=1 R3=3 S3=1 Y2=1 X2=1 Z2=1 C2=1 R2=3 S2=1 Y1=1 X1=1 Z1=1 C1=1 R1=3 S1=1 Y0=1 X0=1 Z0=1 C0=1 R0=7 S0=1] IntermediateRegister[P=1 Q=1 Z16=1 C16=1 R16=1 S16=1 Y15=1 X15=1 Z15=32 C15=1 R15=1 S15=1 Y14=1 X14=1 Z14=32 C14=1 R14=1 S14=1 Y13=1 X13=1 Z13=32 C13=1 R13=1 S13=1 Y12=1 X12=1 Z12=16 C12=1 R12=1 S12=1 Y11=1 X11=1 Z11=16 C11=1 R11=1 S11=1 Y10=1 X10=1 Z10=16 C10=1 R10=1 S10=1 Y9=1 X9=1 Z9=16 C9=1 R9=1 S9=1 Y8=1 X8=1 Z8=8 C8=1 R8=1 S8=1 Y7=1 X7=1 Z7=8 C7=1 R7=1 S7=1 Y6=1 X6=1 Z6=8 C6=1 R6=1 S6=1 Y5=1 X5=1 Z5=4 C5=1 R5=1 S5=1 Y4=1 X4=1 Z4=2 C4=1 R4=1 S4=1 Y3=1 X3=1 Z3=2 C3=1 R3=1 S3=1 Y2=1 X2=1 Z2=2 C2=1 R2=1 S2=1 Y1=1 X1=1 Z1=2 C1=1 R1=1 S1=1 Y0=1 X0=1 Z0=1 C0=1 R0=1 S0=1] OutRegister[P=1 Q=1 Z16=32 C16=1 R16=1 S16=1 Y15=1 X15=1 Z15=1 C15=1 R15=1 S15=1 Y14=1 X14=1 Z14=1 C14=1 R14=1 S14=1 Y13=1 X13=1 Z13=1 C13=1 R13=1 S13=1 Y12=1 X12=1 Z12=1 C12=1 R12=1 S12=1 Y11=1 X11=1 Z11=1 C11=1 R11=1 S11=1 Y10=1 X10=1 Z10=1 C10=1 R10=1 S10=1 Y9=1 X9=1 Z9=1 C9=1 R9=1 S9=1 Y8=1 X8=1 Z8=1 C8=1 R8=1 S8=1 Y7=1 X7=1 Z7=1 C7=1 R7=1 S7=1 Y6=1 X6=1 Z6=1 C6=1 R6=1 S6=1 Y5=1 X5=1 Z5=1 C5=1 R5=1 S5=1 Y4=1 X4=1 Z4=1 C4=1 R4=1 S4=1 Y3=1 X3=1 Z3=1 C3=1 R3=1 S3=1 Y2=1 X2=1 Z2=1 C2=1 R2=1 S2=1 Y1=1 X1=1 Z1=1 C1=1 R1=1 S1=1 Y0=1 X0=1 Z0=1 C0=1 R0=1 S0=1] Compute] 
resnet18_17layer_2026-02-21T07:02:22.917069,resnet18,17layer,full,17,eyeriss,thesis_arch,1056,524,128,512,32,7,False,True,,1.678e+05,3.042e+06,5.16e+05,"(6204068032, 2890626816)",0.0008221660582421464,0.6105997562408447,DRAM[P=7 Q=1 Z16=1 C16=1 R16=1 S16=1 Y15=7 X15=1 Z15=1 C15=1 R15=1 S15=1 Y14=7 X14=1 Z14=1 C14=1 R14=1 S14=1 Y13=14 X13=2 Z13=1 C13=1 R13=1 S13=1 Y12=14 X12=2 Z12=1 C12=1 R12=1 S12=1 Y11=14 X11=2 Z11=1 C11=1 R11=1 S11=1 Y10=14 X10=2 Z10=1 C10=1 R10=1 S10=1 Y9=28 X9=4 Z9=1 C9=1 R9=1 S9=1 Y8=28 X8=4 Z8=1 C8=1 R8=1 S8=1 Y7=28 X7=4 Z7=1 C7=1 R7=1 S7=1 Y6=28 X6=4 Z6=1 C6=1 R6=1 S6=1 Y5=56 X5=8 Z5=1 C5=1 R5=1 S5=1 Y4=56 X4=8 Z4=1 C4=1 R4=1 S4=1 Y3=56 X3=8 Z3=1 C3=1 R3=1 S3=1 Y2=56 X2=8 Z2=1 C2=1 R2=1 S2=1 Y1=56 X1=8 Z1=1 C1=1 R1=1 S1=1 Y0=112 X0=16 Z0=1 C0=1 R0=1 S0=1] GlobalBuffer[P=1 Q=7 Z16=1 C16=1 R16=1 S16=1 Y15=1 X15=7 Z15=1 C15=1 R15=1 S15=1 Y14=1 X14=7 Z14=1 C14=1 R14=1 S14=1 Y13=1 X13=7 Z13=1 C13=1 R13=1 S13=1 Y12=1 X12=7 Z12=1 C12=1 R12=1 S12=1 Y11=1 X11=7 Z11=1 C11=1 R11=1 S11=1 Y10=1 X10=7 Z10=1 C10=1 R10=1 S10=1 Y9=1 X9=7 Z9=1 C9=1 R9=1 S9=1 Y8=1 X8=7 Z8=1 C8=1 R8=1 S8=1 Y7=1 X7=7 Z7=1 C7=1 R7=1 S7=1 Y6=1 X6=7 Z6=1 C6=1 R6=1 S6=1 Y5=1 X5=7 Z5=1 C5=1 R5=1 S5=1 Y4=1 X4=7 Z4=1 C4=1 R4=1 S4=1 Y3=1 X3=7 Z3=1 C3=1 R3=1 S3=1 Y2=1 X2=7 Z2=1 C2=1 R2=1 S2=1 Y1=1 X1=7 Z1=1 C1=1 R1=1 S1=1 Y0=1 X0=7 Z0=1 C0=1 R0=1 S0=1] SACols[Q=1 Z16=32] SARows[S16=3 C16=128 Z16=1] SACols_15[X15=1 Z15=32] SARows_15[S15=3 C15=128 Z15=1] SACols_14[X14=1 Z14=32] SARows_14[S14=3 C14=128 Z14=1] SACols_13[X13=1 Z13=32] SARows_13[S13=3 C13=128 Z13=1] SACols_12[X12=1 Z12=32] SARows_12[S12=3 C12=128 Z12=1] SACols_11[X11=1 Z11=32] SARows_11[S11=3 C11=128 Z11=1] SACols_10[X10=1 Z10=32] SARows_10[S10=3 C10=128 Z10=1] SACols_9[X9=1 Z9=32] SARows_9[S9=3 C9=128 Z9=1] SACols_8[X8=1 Z8=32] SARows_8[S8=3 C8=128 Z8=1] SACols_7[X7=1 Z7=32] SARows_7[S7=3 C7=128 Z7=1] SACols_6[X6=1 Z6=32] SARows_6[S6=3 C6=128 Z6=1] SACols_5[X5=1 Z5=32] SARows_5[S5=3 C5=64 Z5=2] SACols_4[X4=1 Z4=32] SARows_4[S4=3 C4=64 Z4=2] SACols_3[X3=1 Z3=32] SARows_3[S3=3 C3=64 Z3=2] SACols_2[X2=1 Z2=32] SARows_2[S2=3 C2=64 Z2=2] SACols_1[X1=1 Z1=32] SARows_1[S1=3 C1=64 Z1=2] SACols_0[X0=1 Z0=32] SARows_0[S0=7 C0=3 Z0=2] InRegister[P=1 Q=1 Z16=1 C16=1 R16=1 S16=1 Y15=1 X15=1 Z15=1 C15=1 R15=1 S15=1 Y14=1 X14=1 Z14=1 C14=1 R14=1 S14=1 Y13=1 X13=1 Z13=1 C13=1 R13=1 S13=1 Y12=1 X12=1 Z12=1 C12=1 R12=1 S12=1 Y11=1 X11=1 Z11=1 C11=1 R11=1 S11=1 Y10=1 X10=1 Z10=1 C10=1 R10=1 S10=1 Y9=1 X9=1 Z9=1 C9=1 R9=1 S9=1 Y8=1 X8=1 Z8=1 C8=1 R8=1 S8=1 Y7=1 X7=1 Z7=1 C7=1 R7=1 S7=1 Y6=1 X6=1 Z6=1 C6=1 R6=1 S6=1 Y5=1 X5=1 Z5=1 C5=1 R5=1 S5=1 Y4=1 X4=1 Z4=1 C4=1 R4=1 S4=1 Y3=1 X3=1 Z3=1 C3=1 R3=1 S3=1 Y2=1 X2=1 Z2=1 C2=1 R2=1 S2=1 Y1=1 X1=1 Z1=1 C1=1 R1=1 S1=1 Y0=1 X0=1 Z0=1 C0=1 R0=1 S0=1] WRegister[P=1 Q=1 Z16=1 C16=4 R16=3 S16=1 Y15=1 X15=1 Z15=1 C15=4 R15=3 S15=1 Y14=1 X14=1 Z14=1 C14=4 R14=3 S14=1 Y13=1 X13=1 Z13=1 C13=2 R13=3 S13=1 Y12=1 X12=1 Z12=1 C12=2 R12=3 S12=1 Y11=1 X11=1 Z11=1 C11=2 R11=3 S11=1 Y10=1 X10=1 Z10=1 C10=2 R10=3 S10=1 Y9=1 X9=1 Z9=1 C9=1 R9=3 S9=1 Y8=1 X8=1 Z8=1 C8=1 R8=3 S8=1 Y7=1 X7=1 Z7=1 C7=1 R7=3 S7=1 Y6=1 X6=1 Z6=1 C6=1 R6=3 S6=1 Y5=1 X5=1 Z5=1 C5=1 R5=3 S5=1 Y4=1 X4=1 Z4=1 C4=1 R4=3 S4=1 Y3=1 X3=1 Z3=1 C3=1 R3=3 S3=1 Y2=1 X2=1 Z2=1 C2=1 R2=3 S2=1 Y1=1 X1=1 Z1=1 C1=1 R1=3 S1=1 Y0=1 X0=1 Z0=1 C0=1 R0=7 S0=1] IntermediateRegister[P=1 Q=1 Z16=1 C16=1 R16=1 S16=1 Y15=1 X15=1 Z15=16 C15=1 R15=1 S15=1 Y14=1 X14=1 Z14=16 C14=1 R14=1 S14=1 Y13=1 X13=1 Z13=16 C13=1 R13=1 S13=1 Y12=1 X12=1 Z12=8 C12=1 R12=1 S12=1 Y11=1 X11=1 Z11=8 C11=1 R11=1 S11=1 Y10=1 X10=1 Z10=8 C10=1 R10=1 S10=1 Y9=1 X9=1 Z9=8 C9=1 R9=1 S9=1 Y8=1 X8=1 Z8=4 C8=1 R8=1 S8=1 Y7=1 X7=1 Z7=4 C7=1 R7=1 S7=1 Y6=1 X6=1 Z6=4 C6=1 R6=1 S6=1 Y5=1 X5=1 Z5=2 C5=1 R5=1 S5=1 Y4=1 X4=1 Z4=1 C4=1 R4=1 S4=1 Y3=1 X3=1 Z3=1 C3=1 R3=1 S3=1 Y2=1 X2=1 Z2=1 C2=1 R2=1 S2=1 Y1=1 X1=1 Z1=1 C1=1 R1=1 S1=1 Y0=1 X0=1 Z0=1 C0=1 R0=1 S0=1] OutRegister[P=1 Q=1 Z16=16 C16=1 R16=1 S16=1 Y15=1 X15=1 Z15=1 C15=1 R15=1 S15=1 Y14=1 X14=1 Z14=1 C14=1 R14=1 S14=1 Y13=1 X13=1 Z13=1 C13=1 R13=1 S13=1 Y12=1 X12=1 Z12=1 C12=1 R12=1 S12=1 Y11=1 X11=1 Z11=1 C11=1 R11=1 S11=1 Y10=1 X10=1 Z10=1 C10=1 R10=1 S10=1 Y9=1 X9=1 Z9=1 C9=1 R9=1 S9=1 Y8=1 X8=1 Z8=1 C8=1 R8=1 S8=1 Y7=1 X7=1 Z7=1 C7=1 R7=1 S7=1 Y6=1 X6=1 Z6=1 C6=1 R6=1 S6=1 Y5=1 X5=1 Z5=1 C5=1 R5=1 S5=1 Y4=1 X4=1 Z4=1 C4=1 R4=1 S4=1 Y3=1 X3=1 Z3=1 C3=1 R3=1 S3=1 Y2=1 X2=1 Z2=1 C2=1 R2=1 S2=1 Y1=1 X1=1 Z1=1 C1=1 R1=1 S1=1 Y0=1 X0=1 Z0=1 C0=1 R0=1 S0=1] Compute] 
