experiment_id,workload_name,workload_variant,fusion_level,num_fused_layers,arch_type,arch_name,fmem_size_kB,wmem_size_kB,gb_size_kB,pe_rows,pe_cols,tile_size,scale_bandwidth,success,error_message,energy_uJ,latency_cycles,edp,mops,utilization,mapping_time_s,mapping
vgg16_13layer_2026-02-21T06:53:20.937494,vgg16,13layer,full,13,eyeriss,thesis_arch,1056,524,128,4,4,7,False,False,"Ill-posed constraints:
CONSTRAINTS VIOLATION: Arch: Eyeriss_Constrained_13L_tile7_4x4 -> Level: InRegister: memory footprint: 11152 VS memory available: 400
CONSTRAINTS VIOLATION: Arch: Eyeriss_Constrained_13L_tile7_4x4 -> Level: WRegister: memory footprint: 1225872 VS memory available: 1200
CONSTRAINTS VIOLATION: Arch: Eyeriss_Constrained_13L_tile7_4x4 -> Level: IntermediateRegister: memory footprint: 928 VS memory available: 300
CONSTRAINTS VIOLATION: Arch: Eyeriss_Constrained_13L_tile7_4x4 -> Level: OutRegister: memory footprint: 128 VS memory available: 64",0.000e+00,0.000e+00,0.00e+00,0,0.0,0.0,
vgg16_13layer_2026-02-21T06:53:22.777952,vgg16,13layer,full,13,eyeriss,thesis_arch,1056,524,128,4,16,7,False,False,"Ill-posed constraints:
CONSTRAINTS VIOLATION: Arch: Eyeriss_Constrained_13L_tile7_16x4 -> Level: InRegister: memory footprint: 11152 VS memory available: 400
CONSTRAINTS VIOLATION: Arch: Eyeriss_Constrained_13L_tile7_16x4 -> Level: WRegister: memory footprint: 306468 VS memory available: 1200",0.000e+00,0.000e+00,0.00e+00,0,0.0,0.0,
vgg16_13layer_2026-02-21T06:53:23.667279,vgg16,13layer,full,13,eyeriss,thesis_arch,1056,524,128,4,32,7,False,False,"Ill-posed constraints:
CONSTRAINTS VIOLATION: Arch: Eyeriss_Constrained_13L_tile7_32x4 -> Level: InRegister: memory footprint: 11152 VS memory available: 400
CONSTRAINTS VIOLATION: Arch: Eyeriss_Constrained_13L_tile7_32x4 -> Level: WRegister: memory footprint: 153234 VS memory available: 1200",0.000e+00,0.000e+00,0.00e+00,0,0.0,0.0,
vgg16_13layer_2026-02-21T06:53:24.332303,vgg16,13layer,full,13,eyeriss,thesis_arch,1056,524,128,4,64,7,False,False,"Ill-posed constraints:
CONSTRAINTS VIOLATION: Arch: Eyeriss_Constrained_13L_tile7_64x4 -> Level: InRegister: memory footprint: 11152 VS memory available: 400
CONSTRAINTS VIOLATION: Arch: Eyeriss_Constrained_13L_tile7_64x4 -> Level: WRegister: memory footprint: 76617 VS memory available: 1200",0.000e+00,0.000e+00,0.00e+00,0,0.0,0.0,
vgg16_13layer_2026-02-21T06:53:24.983044,vgg16,13layer,full,13,eyeriss,thesis_arch,1056,524,128,4,128,7,False,False,"Ill-posed constraints:
CONSTRAINTS VIOLATION: Arch: Eyeriss_Constrained_13L_tile7_128x4 -> Level: InRegister: memory footprint: 11152 VS memory available: 400
CONSTRAINTS VIOLATION: Arch: Eyeriss_Constrained_13L_tile7_128x4 -> Level: WRegister: memory footprint: 38409 VS memory available: 1200",0.000e+00,0.000e+00,0.00e+00,0,0.0,0.0,
vgg16_13layer_2026-02-21T06:53:25.530165,vgg16,13layer,full,13,eyeriss,thesis_arch,1056,524,128,4,256,7,False,False,"Ill-posed constraints:
CONSTRAINTS VIOLATION: Arch: Eyeriss_Constrained_13L_tile7_256x4 -> Level: InRegister: memory footprint: 11152 VS memory available: 400
CONSTRAINTS VIOLATION: Arch: Eyeriss_Constrained_13L_tile7_256x4 -> Level: WRegister: memory footprint: 19593 VS memory available: 1200",0.000e+00,0.000e+00,0.00e+00,0,0.0,0.0,
vgg16_13layer_2026-02-21T06:53:26.139681,vgg16,13layer,full,13,eyeriss,thesis_arch,1056,524,128,4,512,7,False,False,"Ill-posed constraints:
CONSTRAINTS VIOLATION: Arch: Eyeriss_Constrained_13L_tile7_512x4 -> Level: InRegister: memory footprint: 11152 VS memory available: 400
CONSTRAINTS VIOLATION: Arch: Eyeriss_Constrained_13L_tile7_512x4 -> Level: WRegister: memory footprint: 11145 VS memory available: 1200",0.000e+00,0.000e+00,0.00e+00,0,0.0,0.0,
vgg16_13layer_2026-02-21T06:53:26.660706,vgg16,13layer,full,13,eyeriss,thesis_arch,1056,524,128,16,4,7,False,False,"Ill-posed constraints:
CONSTRAINTS VIOLATION: Arch: Eyeriss_Constrained_13L_tile7_4x16 -> Level: InRegister: memory footprint: 2790 VS memory available: 400
CONSTRAINTS VIOLATION: Arch: Eyeriss_Constrained_13L_tile7_4x16 -> Level: WRegister: memory footprint: 306480 VS memory available: 1200
CONSTRAINTS VIOLATION: Arch: Eyeriss_Constrained_13L_tile7_4x16 -> Level: IntermediateRegister: memory footprint: 928 VS memory available: 300
CONSTRAINTS VIOLATION: Arch: Eyeriss_Constrained_13L_tile7_4x16 -> Level: OutRegister: memory footprint: 128 VS memory available: 64",0.000e+00,0.000e+00,0.00e+00,0,0.0,0.0,
vgg16_13layer_2026-02-21T06:53:27.375969,vgg16,13layer,full,13,eyeriss,thesis_arch,1056,524,128,16,16,7,False,False,"Ill-posed constraints:
CONSTRAINTS VIOLATION: Arch: Eyeriss_Constrained_13L_tile7_16x16 -> Level: InRegister: memory footprint: 2790 VS memory available: 400
CONSTRAINTS VIOLATION: Arch: Eyeriss_Constrained_13L_tile7_16x16 -> Level: WRegister: memory footprint: 76620 VS memory available: 1200",0.000e+00,0.000e+00,0.00e+00,0,0.0,0.0,
vgg16_13layer_2026-02-21T06:53:28.192713,vgg16,13layer,full,13,eyeriss,thesis_arch,1056,524,128,16,32,7,False,False,"Ill-posed constraints:
CONSTRAINTS VIOLATION: Arch: Eyeriss_Constrained_13L_tile7_32x16 -> Level: InRegister: memory footprint: 2790 VS memory available: 400
CONSTRAINTS VIOLATION: Arch: Eyeriss_Constrained_13L_tile7_32x16 -> Level: WRegister: memory footprint: 38310 VS memory available: 1200",0.000e+00,0.000e+00,0.00e+00,0,0.0,0.0,
vgg16_13layer_2026-02-21T06:53:28.846070,vgg16,13layer,full,13,eyeriss,thesis_arch,1056,524,128,16,64,7,False,False,"Ill-posed constraints:
CONSTRAINTS VIOLATION: Arch: Eyeriss_Constrained_13L_tile7_64x16 -> Level: InRegister: memory footprint: 2790 VS memory available: 400
CONSTRAINTS VIOLATION: Arch: Eyeriss_Constrained_13L_tile7_64x16 -> Level: WRegister: memory footprint: 19155 VS memory available: 1200",0.000e+00,0.000e+00,0.00e+00,0,0.0,0.0,
vgg16_13layer_2026-02-21T06:53:29.553271,vgg16,13layer,full,13,eyeriss,thesis_arch,1056,524,128,16,128,7,False,False,"Ill-posed constraints:
CONSTRAINTS VIOLATION: Arch: Eyeriss_Constrained_13L_tile7_128x16 -> Level: InRegister: memory footprint: 2790 VS memory available: 400
CONSTRAINTS VIOLATION: Arch: Eyeriss_Constrained_13L_tile7_128x16 -> Level: WRegister: memory footprint: 9603 VS memory available: 1200",0.000e+00,0.000e+00,0.00e+00,0,0.0,0.0,
vgg16_13layer_2026-02-21T06:53:30.224807,vgg16,13layer,full,13,eyeriss,thesis_arch,1056,524,128,16,256,7,False,False,"Ill-posed constraints:
CONSTRAINTS VIOLATION: Arch: Eyeriss_Constrained_13L_tile7_256x16 -> Level: InRegister: memory footprint: 2790 VS memory available: 400
CONSTRAINTS VIOLATION: Arch: Eyeriss_Constrained_13L_tile7_256x16 -> Level: WRegister: memory footprint: 4899 VS memory available: 1200",0.000e+00,0.000e+00,0.00e+00,0,0.0,0.0,
vgg16_13layer_2026-02-21T06:53:31.018405,vgg16,13layer,full,13,eyeriss,thesis_arch,1056,524,128,16,512,7,False,False,"Ill-posed constraints:
CONSTRAINTS VIOLATION: Arch: Eyeriss_Constrained_13L_tile7_512x16 -> Level: InRegister: memory footprint: 2790 VS memory available: 400
CONSTRAINTS VIOLATION: Arch: Eyeriss_Constrained_13L_tile7_512x16 -> Level: WRegister: memory footprint: 2787 VS memory available: 1200",0.000e+00,0.000e+00,0.00e+00,0,0.0,0.0,
vgg16_13layer_2026-02-21T06:53:32.193871,vgg16,13layer,full,13,eyeriss,thesis_arch,1056,524,128,32,4,7,False,False,"Ill-posed constraints:
CONSTRAINTS VIOLATION: Arch: Eyeriss_Constrained_13L_tile7_4x32 -> Level: InRegister: memory footprint: 1398 VS memory available: 400
CONSTRAINTS VIOLATION: Arch: Eyeriss_Constrained_13L_tile7_4x32 -> Level: WRegister: memory footprint: 153240 VS memory available: 1200
CONSTRAINTS VIOLATION: Arch: Eyeriss_Constrained_13L_tile7_4x32 -> Level: IntermediateRegister: memory footprint: 920 VS memory available: 300
CONSTRAINTS VIOLATION: Arch: Eyeriss_Constrained_13L_tile7_4x32 -> Level: OutRegister: memory footprint: 128 VS memory available: 64",0.000e+00,0.000e+00,0.00e+00,0,0.0,0.0,
vgg16_13layer_2026-02-21T06:53:33.181040,vgg16,13layer,full,13,eyeriss,thesis_arch,1056,524,128,32,16,7,False,False,"Ill-posed constraints:
CONSTRAINTS VIOLATION: Arch: Eyeriss_Constrained_13L_tile7_16x32 -> Level: InRegister: memory footprint: 1398 VS memory available: 400
CONSTRAINTS VIOLATION: Arch: Eyeriss_Constrained_13L_tile7_16x32 -> Level: WRegister: memory footprint: 38310 VS memory available: 1200",0.000e+00,0.000e+00,0.00e+00,0,0.0,0.0,
vgg16_13layer_2026-02-21T06:53:33.875033,vgg16,13layer,full,13,eyeriss,thesis_arch,1056,524,128,32,32,7,False,False,"Ill-posed constraints:
CONSTRAINTS VIOLATION: Arch: Eyeriss_Constrained_13L_tile7_32x32 -> Level: InRegister: memory footprint: 1398 VS memory available: 400
CONSTRAINTS VIOLATION: Arch: Eyeriss_Constrained_13L_tile7_32x32 -> Level: WRegister: memory footprint: 19155 VS memory available: 1200",0.000e+00,0.000e+00,0.00e+00,0,0.0,0.0,
vgg16_13layer_2026-02-21T06:53:34.732939,vgg16,13layer,full,13,eyeriss,thesis_arch,1056,524,128,32,64,7,False,False,"Ill-posed constraints:
CONSTRAINTS VIOLATION: Arch: Eyeriss_Constrained_13L_tile7_64x32 -> Level: InRegister: memory footprint: 1398 VS memory available: 400
CONSTRAINTS VIOLATION: Arch: Eyeriss_Constrained_13L_tile7_64x32 -> Level: WRegister: memory footprint: 9579 VS memory available: 1200",0.000e+00,0.000e+00,0.00e+00,0,0.0,0.0,
vgg16_13layer_2026-02-21T06:53:35.369850,vgg16,13layer,full,13,eyeriss,thesis_arch,1056,524,128,32,128,7,False,False,"Ill-posed constraints:
CONSTRAINTS VIOLATION: Arch: Eyeriss_Constrained_13L_tile7_128x32 -> Level: InRegister: memory footprint: 1398 VS memory available: 400
CONSTRAINTS VIOLATION: Arch: Eyeriss_Constrained_13L_tile7_128x32 -> Level: WRegister: memory footprint: 4803 VS memory available: 1200",0.000e+00,0.000e+00,0.00e+00,0,0.0,0.0,
vgg16_13layer_2026-02-21T06:53:36.335180,vgg16,13layer,full,13,eyeriss,thesis_arch,1056,524,128,32,256,7,False,False,"Ill-posed constraints:
CONSTRAINTS VIOLATION: Arch: Eyeriss_Constrained_13L_tile7_256x32 -> Level: InRegister: memory footprint: 1398 VS memory available: 400
CONSTRAINTS VIOLATION: Arch: Eyeriss_Constrained_13L_tile7_256x32 -> Level: WRegister: memory footprint: 2451 VS memory available: 1200",0.000e+00,0.000e+00,0.00e+00,0,0.0,0.0,
vgg16_13layer_2026-02-21T06:53:37.034582,vgg16,13layer,full,13,eyeriss,thesis_arch,1056,524,128,32,512,7,False,False,"Ill-posed constraints:
CONSTRAINTS VIOLATION: Arch: Eyeriss_Constrained_13L_tile7_512x32 -> Level: InRegister: memory footprint: 1398 VS memory available: 400
CONSTRAINTS VIOLATION: Arch: Eyeriss_Constrained_13L_tile7_512x32 -> Level: WRegister: memory footprint: 1395 VS memory available: 1200",0.000e+00,0.000e+00,0.00e+00,0,0.0,0.0,
vgg16_13layer_2026-02-21T06:53:37.756437,vgg16,13layer,full,13,eyeriss,thesis_arch,1056,524,128,64,4,7,False,False,"Ill-posed constraints:
CONSTRAINTS VIOLATION: Arch: Eyeriss_Constrained_13L_tile7_4x64 -> Level: InRegister: memory footprint: 702 VS memory available: 400
CONSTRAINTS VIOLATION: Arch: Eyeriss_Constrained_13L_tile7_4x64 -> Level: WRegister: memory footprint: 76620 VS memory available: 1200
CONSTRAINTS VIOLATION: Arch: Eyeriss_Constrained_13L_tile7_4x64 -> Level: IntermediateRegister: memory footprint: 916 VS memory available: 300
CONSTRAINTS VIOLATION: Arch: Eyeriss_Constrained_13L_tile7_4x64 -> Level: OutRegister: memory footprint: 128 VS memory available: 64",0.000e+00,0.000e+00,0.00e+00,0,0.0,0.0,
vgg16_13layer_2026-02-21T06:53:38.458234,vgg16,13layer,full,13,eyeriss,thesis_arch,1056,524,128,64,16,7,False,False,"Ill-posed constraints:
CONSTRAINTS VIOLATION: Arch: Eyeriss_Constrained_13L_tile7_16x64 -> Level: InRegister: memory footprint: 702 VS memory available: 400
CONSTRAINTS VIOLATION: Arch: Eyeriss_Constrained_13L_tile7_16x64 -> Level: WRegister: memory footprint: 19155 VS memory available: 1200",0.000e+00,0.000e+00,0.00e+00,0,0.0,0.0,
vgg16_13layer_2026-02-21T06:53:39.131464,vgg16,13layer,full,13,eyeriss,thesis_arch,1056,524,128,64,32,7,False,False,"Ill-posed constraints:
CONSTRAINTS VIOLATION: Arch: Eyeriss_Constrained_13L_tile7_32x64 -> Level: InRegister: memory footprint: 702 VS memory available: 400
CONSTRAINTS VIOLATION: Arch: Eyeriss_Constrained_13L_tile7_32x64 -> Level: WRegister: memory footprint: 9579 VS memory available: 1200",0.000e+00,0.000e+00,0.00e+00,0,0.0,0.0,
vgg16_13layer_2026-02-21T06:53:40.040814,vgg16,13layer,full,13,eyeriss,thesis_arch,1056,524,128,64,64,7,False,False,"Ill-posed constraints:
CONSTRAINTS VIOLATION: Arch: Eyeriss_Constrained_13L_tile7_64x64 -> Level: InRegister: memory footprint: 702 VS memory available: 400
CONSTRAINTS VIOLATION: Arch: Eyeriss_Constrained_13L_tile7_64x64 -> Level: WRegister: memory footprint: 4791 VS memory available: 1200",0.000e+00,0.000e+00,0.00e+00,0,0.0,0.0,
vgg16_13layer_2026-02-21T06:53:40.577860,vgg16,13layer,full,13,eyeriss,thesis_arch,1056,524,128,64,128,7,False,False,"Ill-posed constraints:
CONSTRAINTS VIOLATION: Arch: Eyeriss_Constrained_13L_tile7_128x64 -> Level: InRegister: memory footprint: 702 VS memory available: 400
CONSTRAINTS VIOLATION: Arch: Eyeriss_Constrained_13L_tile7_128x64 -> Level: WRegister: memory footprint: 2403 VS memory available: 1200",0.000e+00,0.000e+00,0.00e+00,0,0.0,0.0,
vgg16_13layer_2026-02-21T06:53:41.396192,vgg16,13layer,full,13,eyeriss,thesis_arch,1056,524,128,64,256,7,False,False,"Ill-posed constraints:
CONSTRAINTS VIOLATION: Arch: Eyeriss_Constrained_13L_tile7_256x64 -> Level: InRegister: memory footprint: 702 VS memory available: 400
CONSTRAINTS VIOLATION: Arch: Eyeriss_Constrained_13L_tile7_256x64 -> Level: WRegister: memory footprint: 1227 VS memory available: 1200",0.000e+00,0.000e+00,0.00e+00,0,0.0,0.0,
vgg16_13layer_2026-02-21T06:53:42.163357,vgg16,13layer,full,13,eyeriss,thesis_arch,1056,524,128,128,4,7,False,False,"Ill-posed constraints:
CONSTRAINTS VIOLATION: Arch: Eyeriss_Constrained_13L_tile7_4x128 -> Level: WRegister: memory footprint: 38310 VS memory available: 1200
CONSTRAINTS VIOLATION: Arch: Eyeriss_Constrained_13L_tile7_4x128 -> Level: IntermediateRegister: memory footprint: 914 VS memory available: 300
CONSTRAINTS VIOLATION: Arch: Eyeriss_Constrained_13L_tile7_4x128 -> Level: OutRegister: memory footprint: 128 VS memory available: 64",0.000e+00,0.000e+00,0.00e+00,0,0.0,0.0,
vgg16_13layer_2026-02-21T06:53:42.858896,vgg16,13layer,full,13,eyeriss,thesis_arch,1056,524,128,128,16,7,False,False,"Ill-posed constraints:
CONSTRAINTS VIOLATION: Arch: Eyeriss_Constrained_13L_tile7_16x128 -> Level: WRegister: memory footprint: 9579 VS memory available: 1200",0.000e+00,0.000e+00,0.00e+00,0,0.0,0.0,
vgg16_13layer_2026-02-21T06:53:43.491164,vgg16,13layer,full,13,eyeriss,thesis_arch,1056,524,128,128,32,7,False,False,"Ill-posed constraints:
CONSTRAINTS VIOLATION: Arch: Eyeriss_Constrained_13L_tile7_32x128 -> Level: WRegister: memory footprint: 4791 VS memory available: 1200",0.000e+00,0.000e+00,0.00e+00,0,0.0,0.0,
vgg16_13layer_2026-02-21T06:53:44.170850,vgg16,13layer,full,13,eyeriss,thesis_arch,1056,524,128,128,64,7,False,False,"Ill-posed constraints:
CONSTRAINTS VIOLATION: Arch: Eyeriss_Constrained_13L_tile7_64x128 -> Level: WRegister: memory footprint: 2397 VS memory available: 1200",0.000e+00,0.000e+00,0.00e+00,0,0.0,0.0,
vgg16_13layer_2026-02-21T06:53:45.013400,vgg16,13layer,full,13,eyeriss,thesis_arch,1056,524,128,128,128,7,False,False,"Ill-posed constraints:
CONSTRAINTS VIOLATION: Arch: Eyeriss_Constrained_13L_tile7_128x128 -> Level: WRegister: memory footprint: 1203 VS memory available: 1200",0.000e+00,0.000e+00,0.00e+00,0,0.0,0.0,
vgg16_13layer_2026-02-21T06:53:45.521372,vgg16,13layer,full,13,eyeriss,thesis_arch,1056,524,128,256,4,7,False,False,"Ill-posed constraints:
CONSTRAINTS VIOLATION: Arch: Eyeriss_Constrained_13L_tile7_4x256 -> Level: WRegister: memory footprint: 19155 VS memory available: 1200
CONSTRAINTS VIOLATION: Arch: Eyeriss_Constrained_13L_tile7_4x256 -> Level: IntermediateRegister: memory footprint: 913 VS memory available: 300
CONSTRAINTS VIOLATION: Arch: Eyeriss_Constrained_13L_tile7_4x256 -> Level: OutRegister: memory footprint: 128 VS memory available: 64",0.000e+00,0.000e+00,0.00e+00,0,0.0,0.0,
vgg16_13layer_2026-02-21T06:53:46.176646,vgg16,13layer,full,13,eyeriss,thesis_arch,1056,524,128,256,16,7,False,False,"Ill-posed constraints:
CONSTRAINTS VIOLATION: Arch: Eyeriss_Constrained_13L_tile7_16x256 -> Level: WRegister: memory footprint: 4791 VS memory available: 1200",0.000e+00,0.000e+00,0.00e+00,0,0.0,0.0,
vgg16_13layer_2026-02-21T06:53:46.957597,vgg16,13layer,full,13,eyeriss,thesis_arch,1056,524,128,256,32,7,False,False,"Ill-posed constraints:
CONSTRAINTS VIOLATION: Arch: Eyeriss_Constrained_13L_tile7_32x256 -> Level: WRegister: memory footprint: 2397 VS memory available: 1200",0.000e+00,0.000e+00,0.00e+00,0,0.0,0.0,
vgg16_13layer_2026-02-21T06:53:47.900043,vgg16,13layer,full,13,eyeriss,thesis_arch,1056,524,128,256,64,7,False,True,,3.469e+05,5.455e+06,1.94e+06,"(38378878656, 17383525376)",0.0011136217508465052,0.6638107299804688,DRAM[P=14 Q=2 Z12=1 C12=1 R12=1 S12=1 Y11=14 X11=2 Z11=1 C11=1 R11=1 S11=1 Y10=14 X10=2 Z10=1 C10=1 R10=1 S10=1 Y9=28 X9=4 Z9=1 C9=1 R9=1 S9=1 Y8=28 X8=4 Z8=1 C8=1 R8=1 S8=1 Y7=28 X7=4 Z7=1 C7=1 R7=1 S7=1 Y6=56 X6=8 Z6=1 C6=1 R6=1 S6=1 Y5=56 X5=8 Z5=1 C5=1 R5=1 S5=1 Y4=56 X4=8 Z4=1 C4=1 R4=1 S4=1 Y3=112 X3=16 Z3=1 C3=1 R3=1 S3=1 Y2=112 X2=16 Z2=1 C2=1 R2=1 S2=1 Y1=224 X1=32 Z1=1 C1=1 R1=1 S1=1 Y0=224 X0=32 Z0=1 C0=1 R0=1 S0=1] GlobalBuffer[P=1 Q=7 Z12=1 C12=1 R12=1 S12=1 Y11=1 X11=7 Z11=1 C11=1 R11=1 S11=1 Y10=1 X10=7 Z10=1 C10=1 R10=1 S10=1 Y9=1 X9=7 Z9=1 C9=1 R9=1 S9=1 Y8=1 X8=7 Z8=1 C8=1 R8=1 S8=1 Y7=1 X7=7 Z7=1 C7=1 R7=1 S7=1 Y6=1 X6=7 Z6=1 C6=1 R6=1 S6=1 Y5=1 X5=7 Z5=1 C5=1 R5=1 S5=1 Y4=1 X4=7 Z4=1 C4=1 R4=1 S4=1 Y3=1 X3=7 Z3=1 C3=1 R3=1 S3=1 Y2=1 X2=7 Z2=1 C2=1 R2=1 S2=1 Y1=1 X1=7 Z1=1 C1=1 R1=1 S1=1 Y0=1 X0=7 Z0=1 C0=1 R0=1 S0=1] SACols[Q=1 Z12=64] SARows[S12=3 C12=64 Z12=1] SACols_11[X11=1 Z11=64] SARows_11[S11=3 C11=64 Z11=1] SACols_10[X10=1 Z10=64] SARows_10[S10=3 C10=64 Z10=1] SACols_9[X9=1 Z9=64] SARows_9[S9=3 C9=64 Z9=1] SACols_8[X8=1 Z8=64] SARows_8[S8=3 C8=64 Z8=1] SACols_7[X7=1 Z7=64] SARows_7[S7=3 C7=64 Z7=1] SACols_6[X6=1 Z6=64] SARows_6[S6=3 C6=64 Z6=1] SACols_5[X5=1 Z5=64] SARows_5[S5=3 C5=64 Z5=1] SACols_4[X4=1 Z4=64] SARows_4[S4=3 C4=64 Z4=1] SACols_3[X3=1 Z3=64] SARows_3[S3=3 C3=64 Z3=1] SACols_2[X2=1 Z2=64] SARows_2[S2=3 C2=64 Z2=1] SACols_1[X1=1 Z1=64] SARows_1[S1=3 C1=64 Z1=1] SACols_0[X0=1 Z0=64] SARows_0[S0=3 C0=3 Z0=1] InRegister[P=1 Q=1 Z12=1 C12=1 R12=1 S12=1 Y11=1 X11=1 Z11=1 C11=1 R11=1 S11=1 Y10=1 X10=1 Z10=1 C10=1 R10=1 S10=1 Y9=1 X9=1 Z9=1 C9=1 R9=1 S9=1 Y8=1 X8=1 Z8=1 C8=1 R8=1 S8=1 Y7=1 X7=1 Z7=1 C7=1 R7=1 S7=1 Y6=1 X6=1 Z6=1 C6=1 R6=1 S6=1 Y5=1 X5=1 Z5=1 C5=1 R5=1 S5=1 Y4=1 X4=1 Z4=1 C4=1 R4=1 S4=1 Y3=1 X3=1 Z3=1 C3=1 R3=1 S3=1 Y2=1 X2=1 Z2=1 C2=1 R2=1 S2=1 Y1=1 X1=1 Z1=1 C1=1 R1=1 S1=1 Y0=1 X0=1 Z0=1 C0=1 R0=1 S0=1] WRegister[P=1 Q=1 Z12=1 C12=8 R12=3 S12=1 Y11=1 X11=1 Z11=1 C11=8 R11=3 S11=1 Y10=1 X10=1 Z10=1 C10=8 R10=3 S10=1 Y9=1 X9=1 Z9=1 C9=8 R9=3 S9=1 Y8=1 X8=1 Z8=1 C8=8 R8=3 S8=1 Y7=1 X7=1 Z7=1 C7=4 R7=3 S7=1 Y6=1 X6=1 Z6=1 C6=4 R6=3 S6=1 Y5=1 X5=1 Z5=1 C5=4 R5=3 S5=1 Y4=1 X4=1 Z4=1 C4=2 R4=3 S4=1 Y3=1 X3=1 Z3=1 C3=2 R3=3 S3=1 Y2=1 X2=1 Z2=1 C2=1 R2=3 S2=1 Y1=1 X1=1 Z1=1 C1=1 R1=3 S1=1 Y0=1 X0=1 Z0=1 C0=1 R0=3 S0=1] IntermediateRegister[P=1 Q=1 Z12=1 C12=1 R12=1 S12=1 Y11=1 X11=1 Z11=8 C11=1 R11=1 S11=1 Y10=1 X10=1 Z10=8 C10=1 R10=1 S10=1 Y9=1 X9=1 Z9=8 C9=1 R9=1 S9=1 Y8=1 X8=1 Z8=8 C8=1 R8=1 S8=1 Y7=1 X7=1 Z7=8 C7=1 R7=1 S7=1 Y6=1 X6=1 Z6=4 C6=1 R6=1 S6=1 Y5=1 X5=1 Z5=4 C5=1 R5=1 S5=1 Y4=1 X4=1 Z4=4 C4=1 R4=1 S4=1 Y3=1 X3=1 Z3=2 C3=1 R3=1 S3=1 Y2=1 X2=1 Z2=2 C2=1 R2=1 S2=1 Y1=1 X1=1 Z1=1 C1=1 R1=1 S1=1 Y0=1 X0=1 Z0=1 C0=1 R0=1 S0=1] OutRegister[P=1 Q=1 Z12=8 C12=1 R12=1 S12=1 Y11=1 X11=1 Z11=1 C11=1 R11=1 S11=1 Y10=1 X10=1 Z10=1 C10=1 R10=1 S10=1 Y9=1 X9=1 Z9=1 C9=1 R9=1 S9=1 Y8=1 X8=1 Z8=1 C8=1 R8=1 S8=1 Y7=1 X7=1 Z7=1 C7=1 R7=1 S7=1 Y6=1 X6=1 Z6=1 C6=1 R6=1 S6=1 Y5=1 X5=1 Z5=1 C5=1 R5=1 S5=1 Y4=1 X4=1 Z4=1 C4=1 R4=1 S4=1 Y3=1 X3=1 Z3=1 C3=1 R3=1 S3=1 Y2=1 X2=1 Z2=1 C2=1 R2=1 S2=1 Y1=1 X1=1 Z1=1 C1=1 R1=1 S1=1 Y0=1 X0=1 Z0=1 C0=1 R0=1 S0=1] Compute] 
vgg16_13layer_2026-02-21T06:53:49.350531,vgg16,13layer,full,13,eyeriss,thesis_arch,1056,524,128,512,4,7,False,False,"Ill-posed constraints:
CONSTRAINTS VIOLATION: Arch: Eyeriss_Constrained_13L_tile7_4x512 -> Level: WRegister: memory footprint: 9579 VS memory available: 1200
CONSTRAINTS VIOLATION: Arch: Eyeriss_Constrained_13L_tile7_4x512 -> Level: IntermediateRegister: memory footprint: 889 VS memory available: 300
CONSTRAINTS VIOLATION: Arch: Eyeriss_Constrained_13L_tile7_4x512 -> Level: OutRegister: memory footprint: 128 VS memory available: 64",0.000e+00,0.000e+00,0.00e+00,0,0.0,0.0,
vgg16_13layer_2026-02-21T06:53:49.994855,vgg16,13layer,full,13,eyeriss,thesis_arch,1056,524,128,512,16,7,False,False,"Ill-posed constraints:
CONSTRAINTS VIOLATION: Arch: Eyeriss_Constrained_13L_tile7_16x512 -> Level: WRegister: memory footprint: 2397 VS memory available: 1200",0.000e+00,0.000e+00,0.00e+00,0,0.0,0.0,
vgg16_13layer_2026-02-21T06:53:50.887036,vgg16,13layer,full,13,eyeriss,thesis_arch,1056,524,128,512,32,7,False,True,,3.478e+05,5.455e+06,1.93e+06,"(38032062144, 18423974912)",0.0011136217508465052,0.39810967445373535,DRAM[P=14 Q=2 Z12=1 C12=1 R12=1 S12=1 Y11=14 X11=2 Z11=1 C11=1 R11=1 S11=1 Y10=14 X10=2 Z10=1 C10=1 R10=1 S10=1 Y9=28 X9=4 Z9=1 C9=1 R9=1 S9=1 Y8=28 X8=4 Z8=1 C8=1 R8=1 S8=1 Y7=28 X7=4 Z7=1 C7=1 R7=1 S7=1 Y6=56 X6=8 Z6=1 C6=1 R6=1 S6=1 Y5=56 X5=8 Z5=1 C5=1 R5=1 S5=1 Y4=56 X4=8 Z4=1 C4=1 R4=1 S4=1 Y3=112 X3=16 Z3=1 C3=1 R3=1 S3=1 Y2=112 X2=16 Z2=1 C2=1 R2=1 S2=1 Y1=224 X1=32 Z1=1 C1=1 R1=1 S1=1 Y0=224 X0=32 Z0=1 C0=1 R0=1 S0=1] GlobalBuffer[P=1 Q=7 Z12=1 C12=1 R12=1 S12=1 Y11=1 X11=7 Z11=1 C11=1 R11=1 S11=1 Y10=1 X10=7 Z10=1 C10=1 R10=1 S10=1 Y9=1 X9=7 Z9=1 C9=1 R9=1 S9=1 Y8=1 X8=7 Z8=1 C8=1 R8=1 S8=1 Y7=1 X7=7 Z7=1 C7=1 R7=1 S7=1 Y6=1 X6=7 Z6=1 C6=1 R6=1 S6=1 Y5=1 X5=7 Z5=1 C5=1 R5=1 S5=1 Y4=1 X4=7 Z4=1 C4=1 R4=1 S4=1 Y3=1 X3=7 Z3=1 C3=1 R3=1 S3=1 Y2=1 X2=7 Z2=1 C2=1 R2=1 S2=1 Y1=1 X1=7 Z1=1 C1=1 R1=1 S1=1 Y0=1 X0=7 Z0=1 C0=1 R0=1 S0=1] SACols[Q=1 Z12=32] SARows[S12=3 C12=128 Z12=1] SACols_11[X11=1 Z11=32] SARows_11[S11=3 C11=128 Z11=1] SACols_10[X10=1 Z10=32] SARows_10[S10=3 C10=128 Z10=1] SACols_9[X9=1 Z9=32] SARows_9[S9=3 C9=128 Z9=1] SACols_8[X8=1 Z8=32] SARows_8[S8=3 C8=128 Z8=1] SACols_7[X7=1 Z7=32] SARows_7[S7=3 C7=128 Z7=1] SACols_6[X6=1 Z6=32] SARows_6[S6=3 C6=128 Z6=1] SACols_5[X5=1 Z5=32] SARows_5[S5=3 C5=128 Z5=1] SACols_4[X4=1 Z4=32] SARows_4[S4=3 C4=128 Z4=1] SACols_3[X3=1 Z3=32] SARows_3[S3=3 C3=128 Z3=1] SACols_2[X2=1 Z2=32] SARows_2[S2=3 C2=64 Z2=2] SACols_1[X1=1 Z1=32] SARows_1[S1=3 C1=64 Z1=2] SACols_0[X0=1 Z0=32] SARows_0[S0=3 C0=3 Z0=2] InRegister[P=1 Q=1 Z12=1 C12=1 R12=1 S12=1 Y11=1 X11=1 Z11=1 C11=1 R11=1 S11=1 Y10=1 X10=1 Z10=1 C10=1 R10=1 S10=1 Y9=1 X9=1 Z9=1 C9=1 R9=1 S9=1 Y8=1 X8=1 Z8=1 C8=1 R8=1 S8=1 Y7=1 X7=1 Z7=1 C7=1 R7=1 S7=1 Y6=1 X6=1 Z6=1 C6=1 R6=1 S6=1 Y5=1 X5=1 Z5=1 C5=1 R5=1 S5=1 Y4=1 X4=1 Z4=1 C4=1 R4=1 S4=1 Y3=1 X3=1 Z3=1 C3=1 R3=1 S3=1 Y2=1 X2=1 Z2=1 C2=1 R2=1 S2=1 Y1=1 X1=1 Z1=1 C1=1 R1=1 S1=1 Y0=1 X0=1 Z0=1 C0=1 R0=1 S0=1] WRegister[P=1 Q=1 Z12=1 C12=4 R12=3 S12=1 Y11=1 X11=1 Z11=1 C11=4 R11=3 S11=1 Y10=1 X10=1 Z10=1 C10=4 R10=3 S10=1 Y9=1 X9=1 Z9=1 C9=4 R9=3 S9=1 Y8=1 X8=1 Z8=1 C8=4 R8=3 S8=1 Y7=1 X7=1 Z7=1 C7=2 R7=3 S7=1 Y6=1 X6=1 Z6=1 C6=2 R6=3 S6=1 Y5=1 X5=1 Z5=1 C5=2 R5=3 S5=1 Y4=1 X4=1 Z4=1 C4=1 R4=3 S4=1 Y3=1 X3=1 Z3=1 C3=1 R3=3 S3=1 Y2=1 X2=1 Z2=1 C2=1 R2=3 S2=1 Y1=1 X1=1 Z1=1 C1=1 R1=3 S1=1 Y0=1 X0=1 Z0=1 C0=1 R0=3 S0=1] IntermediateRegister[P=1 Q=1 Z12=1 C12=1 R12=1 S12=1 Y11=1 X11=1 Z11=16 C11=1 R11=1 S11=1 Y10=1 X10=1 Z10=16 C10=1 R10=1 S10=1 Y9=1 X9=1 Z9=16 C9=1 R9=1 S9=1 Y8=1 X8=1 Z8=16 C8=1 R8=1 S8=1 Y7=1 X7=1 Z7=16 C7=1 R7=1 S7=1 Y6=1 X6=1 Z6=8 C6=1 R6=1 S6=1 Y5=1 X5=1 Z5=8 C5=1 R5=1 S5=1 Y4=1 X4=1 Z4=8 C4=1 R4=1 S4=1 Y3=1 X3=1 Z3=4 C3=1 R3=1 S3=1 Y2=1 X2=1 Z2=2 C2=1 R2=1 S2=1 Y1=1 X1=1 Z1=1 C1=1 R1=1 S1=1 Y0=1 X0=1 Z0=1 C0=1 R0=1 S0=1] OutRegister[P=1 Q=1 Z12=16 C12=1 R12=1 S12=1 Y11=1 X11=1 Z11=1 C11=1 R11=1 S11=1 Y10=1 X10=1 Z10=1 C10=1 R10=1 S10=1 Y9=1 X9=1 Z9=1 C9=1 R9=1 S9=1 Y8=1 X8=1 Z8=1 C8=1 R8=1 S8=1 Y7=1 X7=1 Z7=1 C7=1 R7=1 S7=1 Y6=1 X6=1 Z6=1 C6=1 R6=1 S6=1 Y5=1 X5=1 Z5=1 C5=1 R5=1 S5=1 Y4=1 X4=1 Z4=1 C4=1 R4=1 S4=1 Y3=1 X3=1 Z3=1 C3=1 R3=1 S3=1 Y2=1 X2=1 Z2=1 C2=1 R2=1 S2=1 Y1=1 X1=1 Z1=1 C1=1 R1=1 S1=1 Y0=1 X0=1 Z0=1 C0=1 R0=1 S0=1] Compute] 
vgg16_13layer_2026-02-21T06:53:51.882697,vgg16,13layer,full,13,eyeriss,thesis_arch,1056,524,128,4,4,7,False,False,"Ill-posed constraints:
CONSTRAINTS VIOLATION: Arch: Eyeriss_Constrained_13L_tile7_4x4 -> Level: InRegister: memory footprint: 11152 VS memory available: 400
CONSTRAINTS VIOLATION: Arch: Eyeriss_Constrained_13L_tile7_4x4 -> Level: WRegister: memory footprint: 1225872 VS memory available: 2400
CONSTRAINTS VIOLATION: Arch: Eyeriss_Constrained_13L_tile7_4x4 -> Level: IntermediateRegister: memory footprint: 928 VS memory available: 300
CONSTRAINTS VIOLATION: Arch: Eyeriss_Constrained_13L_tile7_4x4 -> Level: OutRegister: memory footprint: 128 VS memory available: 64",0.000e+00,0.000e+00,0.00e+00,0,0.0,0.0,
vgg16_13layer_2026-02-21T06:53:52.613619,vgg16,13layer,full,13,eyeriss,thesis_arch,1056,524,128,4,16,7,False,False,"Ill-posed constraints:
CONSTRAINTS VIOLATION: Arch: Eyeriss_Constrained_13L_tile7_16x4 -> Level: InRegister: memory footprint: 11152 VS memory available: 400
CONSTRAINTS VIOLATION: Arch: Eyeriss_Constrained_13L_tile7_16x4 -> Level: WRegister: memory footprint: 306468 VS memory available: 2400",0.000e+00,0.000e+00,0.00e+00,0,0.0,0.0,
vgg16_13layer_2026-02-21T06:53:53.357604,vgg16,13layer,full,13,eyeriss,thesis_arch,1056,524,128,4,32,7,False,False,"Ill-posed constraints:
CONSTRAINTS VIOLATION: Arch: Eyeriss_Constrained_13L_tile7_32x4 -> Level: InRegister: memory footprint: 11152 VS memory available: 400
CONSTRAINTS VIOLATION: Arch: Eyeriss_Constrained_13L_tile7_32x4 -> Level: WRegister: memory footprint: 153234 VS memory available: 2400",0.000e+00,0.000e+00,0.00e+00,0,0.0,0.0,
vgg16_13layer_2026-02-21T06:53:53.838756,vgg16,13layer,full,13,eyeriss,thesis_arch,1056,524,128,4,64,7,False,False,"Ill-posed constraints:
CONSTRAINTS VIOLATION: Arch: Eyeriss_Constrained_13L_tile7_64x4 -> Level: InRegister: memory footprint: 11152 VS memory available: 400
CONSTRAINTS VIOLATION: Arch: Eyeriss_Constrained_13L_tile7_64x4 -> Level: WRegister: memory footprint: 76617 VS memory available: 2400",0.000e+00,0.000e+00,0.00e+00,0,0.0,0.0,
vgg16_13layer_2026-02-21T06:53:54.454306,vgg16,13layer,full,13,eyeriss,thesis_arch,1056,524,128,4,128,7,False,False,"Ill-posed constraints:
CONSTRAINTS VIOLATION: Arch: Eyeriss_Constrained_13L_tile7_128x4 -> Level: InRegister: memory footprint: 11152 VS memory available: 400
CONSTRAINTS VIOLATION: Arch: Eyeriss_Constrained_13L_tile7_128x4 -> Level: WRegister: memory footprint: 38409 VS memory available: 2400",0.000e+00,0.000e+00,0.00e+00,0,0.0,0.0,
vgg16_13layer_2026-02-21T06:53:55.018548,vgg16,13layer,full,13,eyeriss,thesis_arch,1056,524,128,4,256,7,False,False,"Ill-posed constraints:
CONSTRAINTS VIOLATION: Arch: Eyeriss_Constrained_13L_tile7_256x4 -> Level: InRegister: memory footprint: 11152 VS memory available: 400
CONSTRAINTS VIOLATION: Arch: Eyeriss_Constrained_13L_tile7_256x4 -> Level: WRegister: memory footprint: 19593 VS memory available: 2400",0.000e+00,0.000e+00,0.00e+00,0,0.0,0.0,
vgg16_13layer_2026-02-21T06:53:55.562964,vgg16,13layer,full,13,eyeriss,thesis_arch,1056,524,128,4,512,7,False,False,"Ill-posed constraints:
CONSTRAINTS VIOLATION: Arch: Eyeriss_Constrained_13L_tile7_512x4 -> Level: InRegister: memory footprint: 11152 VS memory available: 400
CONSTRAINTS VIOLATION: Arch: Eyeriss_Constrained_13L_tile7_512x4 -> Level: WRegister: memory footprint: 11145 VS memory available: 2400",0.000e+00,0.000e+00,0.00e+00,0,0.0,0.0,
vgg16_13layer_2026-02-21T06:53:56.045419,vgg16,13layer,full,13,eyeriss,thesis_arch,1056,524,128,16,4,7,False,False,"Ill-posed constraints:
CONSTRAINTS VIOLATION: Arch: Eyeriss_Constrained_13L_tile7_4x16 -> Level: InRegister: memory footprint: 2790 VS memory available: 400
CONSTRAINTS VIOLATION: Arch: Eyeriss_Constrained_13L_tile7_4x16 -> Level: WRegister: memory footprint: 306480 VS memory available: 2400
CONSTRAINTS VIOLATION: Arch: Eyeriss_Constrained_13L_tile7_4x16 -> Level: IntermediateRegister: memory footprint: 928 VS memory available: 300
CONSTRAINTS VIOLATION: Arch: Eyeriss_Constrained_13L_tile7_4x16 -> Level: OutRegister: memory footprint: 128 VS memory available: 64",0.000e+00,0.000e+00,0.00e+00,0,0.0,0.0,
vgg16_13layer_2026-02-21T06:53:56.492659,vgg16,13layer,full,13,eyeriss,thesis_arch,1056,524,128,16,16,7,False,False,"Ill-posed constraints:
CONSTRAINTS VIOLATION: Arch: Eyeriss_Constrained_13L_tile7_16x16 -> Level: InRegister: memory footprint: 2790 VS memory available: 400
CONSTRAINTS VIOLATION: Arch: Eyeriss_Constrained_13L_tile7_16x16 -> Level: WRegister: memory footprint: 76620 VS memory available: 2400",0.000e+00,0.000e+00,0.00e+00,0,0.0,0.0,
vgg16_13layer_2026-02-21T06:53:57.059996,vgg16,13layer,full,13,eyeriss,thesis_arch,1056,524,128,16,32,7,False,False,"Ill-posed constraints:
CONSTRAINTS VIOLATION: Arch: Eyeriss_Constrained_13L_tile7_32x16 -> Level: InRegister: memory footprint: 2790 VS memory available: 400
CONSTRAINTS VIOLATION: Arch: Eyeriss_Constrained_13L_tile7_32x16 -> Level: WRegister: memory footprint: 38310 VS memory available: 2400",0.000e+00,0.000e+00,0.00e+00,0,0.0,0.0,
vgg16_13layer_2026-02-21T06:53:57.624486,vgg16,13layer,full,13,eyeriss,thesis_arch,1056,524,128,16,64,7,False,False,"Ill-posed constraints:
CONSTRAINTS VIOLATION: Arch: Eyeriss_Constrained_13L_tile7_64x16 -> Level: InRegister: memory footprint: 2790 VS memory available: 400
CONSTRAINTS VIOLATION: Arch: Eyeriss_Constrained_13L_tile7_64x16 -> Level: WRegister: memory footprint: 19155 VS memory available: 2400",0.000e+00,0.000e+00,0.00e+00,0,0.0,0.0,
vgg16_13layer_2026-02-21T06:53:58.047068,vgg16,13layer,full,13,eyeriss,thesis_arch,1056,524,128,16,128,7,False,False,"Ill-posed constraints:
CONSTRAINTS VIOLATION: Arch: Eyeriss_Constrained_13L_tile7_128x16 -> Level: InRegister: memory footprint: 2790 VS memory available: 400
CONSTRAINTS VIOLATION: Arch: Eyeriss_Constrained_13L_tile7_128x16 -> Level: WRegister: memory footprint: 9603 VS memory available: 2400",0.000e+00,0.000e+00,0.00e+00,0,0.0,0.0,
vgg16_13layer_2026-02-21T06:53:58.482176,vgg16,13layer,full,13,eyeriss,thesis_arch,1056,524,128,16,256,7,False,False,"Ill-posed constraints:
CONSTRAINTS VIOLATION: Arch: Eyeriss_Constrained_13L_tile7_256x16 -> Level: InRegister: memory footprint: 2790 VS memory available: 400
CONSTRAINTS VIOLATION: Arch: Eyeriss_Constrained_13L_tile7_256x16 -> Level: WRegister: memory footprint: 4899 VS memory available: 2400",0.000e+00,0.000e+00,0.00e+00,0,0.0,0.0,
vgg16_13layer_2026-02-21T06:53:58.862188,vgg16,13layer,full,13,eyeriss,thesis_arch,1056,524,128,16,512,7,False,False,"Ill-posed constraints:
CONSTRAINTS VIOLATION: Arch: Eyeriss_Constrained_13L_tile7_512x16 -> Level: InRegister: memory footprint: 2790 VS memory available: 400
CONSTRAINTS VIOLATION: Arch: Eyeriss_Constrained_13L_tile7_512x16 -> Level: WRegister: memory footprint: 2787 VS memory available: 2400",0.000e+00,0.000e+00,0.00e+00,0,0.0,0.0,
vgg16_13layer_2026-02-21T06:53:59.510298,vgg16,13layer,full,13,eyeriss,thesis_arch,1056,524,128,32,4,7,False,False,"Ill-posed constraints:
CONSTRAINTS VIOLATION: Arch: Eyeriss_Constrained_13L_tile7_4x32 -> Level: InRegister: memory footprint: 1398 VS memory available: 400
CONSTRAINTS VIOLATION: Arch: Eyeriss_Constrained_13L_tile7_4x32 -> Level: WRegister: memory footprint: 153240 VS memory available: 2400
CONSTRAINTS VIOLATION: Arch: Eyeriss_Constrained_13L_tile7_4x32 -> Level: IntermediateRegister: memory footprint: 920 VS memory available: 300
CONSTRAINTS VIOLATION: Arch: Eyeriss_Constrained_13L_tile7_4x32 -> Level: OutRegister: memory footprint: 128 VS memory available: 64",0.000e+00,0.000e+00,0.00e+00,0,0.0,0.0,
vgg16_13layer_2026-02-21T06:54:00.129496,vgg16,13layer,full,13,eyeriss,thesis_arch,1056,524,128,32,16,7,False,False,"Ill-posed constraints:
CONSTRAINTS VIOLATION: Arch: Eyeriss_Constrained_13L_tile7_16x32 -> Level: InRegister: memory footprint: 1398 VS memory available: 400
CONSTRAINTS VIOLATION: Arch: Eyeriss_Constrained_13L_tile7_16x32 -> Level: WRegister: memory footprint: 38310 VS memory available: 2400",0.000e+00,0.000e+00,0.00e+00,0,0.0,0.0,
vgg16_13layer_2026-02-21T06:54:00.797973,vgg16,13layer,full,13,eyeriss,thesis_arch,1056,524,128,32,32,7,False,False,"Ill-posed constraints:
CONSTRAINTS VIOLATION: Arch: Eyeriss_Constrained_13L_tile7_32x32 -> Level: InRegister: memory footprint: 1398 VS memory available: 400
CONSTRAINTS VIOLATION: Arch: Eyeriss_Constrained_13L_tile7_32x32 -> Level: WRegister: memory footprint: 19155 VS memory available: 2400",0.000e+00,0.000e+00,0.00e+00,0,0.0,0.0,
vgg16_13layer_2026-02-21T06:54:01.687115,vgg16,13layer,full,13,eyeriss,thesis_arch,1056,524,128,32,64,7,False,False,"Ill-posed constraints:
CONSTRAINTS VIOLATION: Arch: Eyeriss_Constrained_13L_tile7_64x32 -> Level: InRegister: memory footprint: 1398 VS memory available: 400
CONSTRAINTS VIOLATION: Arch: Eyeriss_Constrained_13L_tile7_64x32 -> Level: WRegister: memory footprint: 9579 VS memory available: 2400",0.000e+00,0.000e+00,0.00e+00,0,0.0,0.0,
vgg16_13layer_2026-02-21T06:54:02.310233,vgg16,13layer,full,13,eyeriss,thesis_arch,1056,524,128,32,128,7,False,False,"Ill-posed constraints:
CONSTRAINTS VIOLATION: Arch: Eyeriss_Constrained_13L_tile7_128x32 -> Level: InRegister: memory footprint: 1398 VS memory available: 400
CONSTRAINTS VIOLATION: Arch: Eyeriss_Constrained_13L_tile7_128x32 -> Level: WRegister: memory footprint: 4803 VS memory available: 2400",0.000e+00,0.000e+00,0.00e+00,0,0.0,0.0,
vgg16_13layer_2026-02-21T06:54:02.875285,vgg16,13layer,full,13,eyeriss,thesis_arch,1056,524,128,32,256,7,False,False,"Ill-posed constraints:
CONSTRAINTS VIOLATION: Arch: Eyeriss_Constrained_13L_tile7_256x32 -> Level: InRegister: memory footprint: 1398 VS memory available: 400
CONSTRAINTS VIOLATION: Arch: Eyeriss_Constrained_13L_tile7_256x32 -> Level: WRegister: memory footprint: 2451 VS memory available: 2400",0.000e+00,0.000e+00,0.00e+00,0,0.0,0.0,
vgg16_13layer_2026-02-21T06:54:03.272081,vgg16,13layer,full,13,eyeriss,thesis_arch,1056,524,128,32,512,7,False,False,"Ill-posed constraints:
CONSTRAINTS VIOLATION: Arch: Eyeriss_Constrained_13L_tile7_512x32 -> Level: InRegister: memory footprint: 1398 VS memory available: 400",0.000e+00,0.000e+00,0.00e+00,0,0.0,0.0,
vgg16_13layer_2026-02-21T06:54:04.052960,vgg16,13layer,full,13,eyeriss,thesis_arch,1056,524,128,64,4,7,False,False,"Ill-posed constraints:
CONSTRAINTS VIOLATION: Arch: Eyeriss_Constrained_13L_tile7_4x64 -> Level: InRegister: memory footprint: 702 VS memory available: 400
CONSTRAINTS VIOLATION: Arch: Eyeriss_Constrained_13L_tile7_4x64 -> Level: WRegister: memory footprint: 76620 VS memory available: 2400
CONSTRAINTS VIOLATION: Arch: Eyeriss_Constrained_13L_tile7_4x64 -> Level: IntermediateRegister: memory footprint: 916 VS memory available: 300
CONSTRAINTS VIOLATION: Arch: Eyeriss_Constrained_13L_tile7_4x64 -> Level: OutRegister: memory footprint: 128 VS memory available: 64",0.000e+00,0.000e+00,0.00e+00,0,0.0,0.0,
vgg16_13layer_2026-02-21T06:54:05.172144,vgg16,13layer,full,13,eyeriss,thesis_arch,1056,524,128,64,16,7,False,False,"Ill-posed constraints:
CONSTRAINTS VIOLATION: Arch: Eyeriss_Constrained_13L_tile7_16x64 -> Level: InRegister: memory footprint: 702 VS memory available: 400
CONSTRAINTS VIOLATION: Arch: Eyeriss_Constrained_13L_tile7_16x64 -> Level: WRegister: memory footprint: 19155 VS memory available: 2400",0.000e+00,0.000e+00,0.00e+00,0,0.0,0.0,
vgg16_13layer_2026-02-21T06:54:05.931482,vgg16,13layer,full,13,eyeriss,thesis_arch,1056,524,128,64,32,7,False,False,"Ill-posed constraints:
CONSTRAINTS VIOLATION: Arch: Eyeriss_Constrained_13L_tile7_32x64 -> Level: InRegister: memory footprint: 702 VS memory available: 400
CONSTRAINTS VIOLATION: Arch: Eyeriss_Constrained_13L_tile7_32x64 -> Level: WRegister: memory footprint: 9579 VS memory available: 2400",0.000e+00,0.000e+00,0.00e+00,0,0.0,0.0,
vgg16_13layer_2026-02-21T06:54:07.138748,vgg16,13layer,full,13,eyeriss,thesis_arch,1056,524,128,64,64,7,False,False,"Ill-posed constraints:
CONSTRAINTS VIOLATION: Arch: Eyeriss_Constrained_13L_tile7_64x64 -> Level: InRegister: memory footprint: 702 VS memory available: 400
CONSTRAINTS VIOLATION: Arch: Eyeriss_Constrained_13L_tile7_64x64 -> Level: WRegister: memory footprint: 4791 VS memory available: 2400",0.000e+00,0.000e+00,0.00e+00,0,0.0,0.0,
vgg16_13layer_2026-02-21T06:54:08.041995,vgg16,13layer,full,13,eyeriss,thesis_arch,1056,524,128,64,128,7,False,False,"Ill-posed constraints:
CONSTRAINTS VIOLATION: Arch: Eyeriss_Constrained_13L_tile7_128x64 -> Level: InRegister: memory footprint: 702 VS memory available: 400
CONSTRAINTS VIOLATION: Arch: Eyeriss_Constrained_13L_tile7_128x64 -> Level: WRegister: memory footprint: 2403 VS memory available: 2400",0.000e+00,0.000e+00,0.00e+00,0,0.0,0.0,
vgg16_13layer_2026-02-21T06:54:09.143996,vgg16,13layer,full,13,eyeriss,thesis_arch,1056,524,128,64,256,7,False,False,"Ill-posed constraints:
CONSTRAINTS VIOLATION: Arch: Eyeriss_Constrained_13L_tile7_256x64 -> Level: InRegister: memory footprint: 702 VS memory available: 400",0.000e+00,0.000e+00,0.00e+00,0,0.0,0.0,
vgg16_13layer_2026-02-21T06:54:10.195320,vgg16,13layer,full,13,eyeriss,thesis_arch,1056,524,128,128,4,7,False,False,"Ill-posed constraints:
CONSTRAINTS VIOLATION: Arch: Eyeriss_Constrained_13L_tile7_4x128 -> Level: WRegister: memory footprint: 38310 VS memory available: 2400
CONSTRAINTS VIOLATION: Arch: Eyeriss_Constrained_13L_tile7_4x128 -> Level: IntermediateRegister: memory footprint: 914 VS memory available: 300
CONSTRAINTS VIOLATION: Arch: Eyeriss_Constrained_13L_tile7_4x128 -> Level: OutRegister: memory footprint: 128 VS memory available: 64",0.000e+00,0.000e+00,0.00e+00,0,0.0,0.0,
vgg16_13layer_2026-02-21T06:54:10.896475,vgg16,13layer,full,13,eyeriss,thesis_arch,1056,524,128,128,16,7,False,False,"Ill-posed constraints:
CONSTRAINTS VIOLATION: Arch: Eyeriss_Constrained_13L_tile7_16x128 -> Level: WRegister: memory footprint: 9579 VS memory available: 2400",0.000e+00,0.000e+00,0.00e+00,0,0.0,0.0,
vgg16_13layer_2026-02-21T06:54:11.732620,vgg16,13layer,full,13,eyeriss,thesis_arch,1056,524,128,128,32,7,False,False,"Ill-posed constraints:
CONSTRAINTS VIOLATION: Arch: Eyeriss_Constrained_13L_tile7_32x128 -> Level: WRegister: memory footprint: 4791 VS memory available: 2400",0.000e+00,0.000e+00,0.00e+00,0,0.0,0.0,
vgg16_13layer_2026-02-21T06:54:12.552489,vgg16,13layer,full,13,eyeriss,thesis_arch,1056,524,128,128,64,7,False,True,,5.416e+05,5.681e+06,3.12e+06,"(37396231872, 16400878592)",0.0022272435016930103,0.34006786346435547,DRAM[P=14 Q=2 Z12=1 C12=1 R12=1 S12=1 Y11=14 X11=2 Z11=1 C11=1 R11=1 S11=1 Y10=14 X10=2 Z10=1 C10=1 R10=1 S10=1 Y9=28 X9=4 Z9=1 C9=1 R9=1 S9=1 Y8=28 X8=4 Z8=1 C8=1 R8=1 S8=1 Y7=28 X7=4 Z7=1 C7=1 R7=1 S7=1 Y6=56 X6=8 Z6=1 C6=1 R6=1 S6=1 Y5=56 X5=8 Z5=1 C5=1 R5=1 S5=1 Y4=56 X4=8 Z4=1 C4=1 R4=1 S4=1 Y3=112 X3=16 Z3=1 C3=1 R3=1 S3=1 Y2=112 X2=16 Z2=1 C2=1 R2=1 S2=1 Y1=224 X1=32 Z1=1 C1=1 R1=1 S1=1 Y0=224 X0=32 Z0=1 C0=1 R0=1 S0=1] GlobalBuffer[P=1 Q=7 Z12=1 C12=1 R12=1 S12=1 Y11=1 X11=7 Z11=1 C11=1 R11=1 S11=1 Y10=1 X10=7 Z10=1 C10=1 R10=1 S10=1 Y9=1 X9=7 Z9=1 C9=1 R9=1 S9=1 Y8=1 X8=7 Z8=1 C8=1 R8=1 S8=1 Y7=1 X7=7 Z7=1 C7=1 R7=1 S7=1 Y6=1 X6=7 Z6=1 C6=1 R6=1 S6=1 Y5=1 X5=7 Z5=1 C5=1 R5=1 S5=1 Y4=1 X4=7 Z4=1 C4=1 R4=1 S4=1 Y3=1 X3=7 Z3=1 C3=1 R3=1 S3=1 Y2=1 X2=7 Z2=1 C2=1 R2=1 S2=1 Y1=1 X1=7 Z1=1 C1=1 R1=1 S1=1 Y0=1 X0=7 Z0=1 C0=1 R0=1 S0=1] SACols[Q=1 Z12=64] SARows[S12=3 C12=32 Z12=1] SACols_11[X11=1 Z11=64] SARows_11[S11=3 C11=32 Z11=1] SACols_10[X10=1 Z10=64] SARows_10[S10=3 C10=32 Z10=1] SACols_9[X9=1 Z9=64] SARows_9[S9=3 C9=32 Z9=1] SACols_8[X8=1 Z8=64] SARows_8[S8=3 C8=32 Z8=1] SACols_7[X7=1 Z7=64] SARows_7[S7=3 C7=32 Z7=1] SACols_6[X6=1 Z6=64] SARows_6[S6=3 C6=32 Z6=1] SACols_5[X5=1 Z5=64] SARows_5[S5=3 C5=32 Z5=1] SACols_4[X4=1 Z4=64] SARows_4[S4=3 C4=32 Z4=1] SACols_3[X3=1 Z3=64] SARows_3[S3=3 C3=32 Z3=1] SACols_2[X2=1 Z2=64] SARows_2[S2=3 C2=32 Z2=1] SACols_1[X1=1 Z1=64] SARows_1[S1=3 C1=32 Z1=1] SACols_0[X0=1 Z0=64] SARows_0[S0=3 C0=3 Z0=1] InRegister[P=1 Q=1 Z12=1 C12=1 R12=1 S12=1 Y11=1 X11=1 Z11=1 C11=1 R11=1 S11=1 Y10=1 X10=1 Z10=1 C10=1 R10=1 S10=1 Y9=1 X9=1 Z9=1 C9=1 R9=1 S9=1 Y8=1 X8=1 Z8=1 C8=1 R8=1 S8=1 Y7=1 X7=1 Z7=1 C7=1 R7=1 S7=1 Y6=1 X6=1 Z6=1 C6=1 R6=1 S6=1 Y5=1 X5=1 Z5=1 C5=1 R5=1 S5=1 Y4=1 X4=1 Z4=1 C4=1 R4=1 S4=1 Y3=1 X3=1 Z3=1 C3=1 R3=1 S3=1 Y2=1 X2=1 Z2=1 C2=1 R2=1 S2=1 Y1=1 X1=1 Z1=1 C1=1 R1=1 S1=1 Y0=1 X0=1 Z0=1 C0=1 R0=1 S0=1] WRegister[P=1 Q=1 Z12=1 C12=16 R12=3 S12=1 Y11=1 X11=1 Z11=1 C11=16 R11=3 S11=1 Y10=1 X10=1 Z10=1 C10=16 R10=3 S10=1 Y9=1 X9=1 Z9=1 C9=16 R9=3 S9=1 Y8=1 X8=1 Z8=1 C8=16 R8=3 S8=1 Y7=1 X7=1 Z7=1 C7=8 R7=3 S7=1 Y6=1 X6=1 Z6=1 C6=8 R6=3 S6=1 Y5=1 X5=1 Z5=1 C5=8 R5=3 S5=1 Y4=1 X4=1 Z4=1 C4=4 R4=3 S4=1 Y3=1 X3=1 Z3=1 C3=4 R3=3 S3=1 Y2=1 X2=1 Z2=1 C2=2 R2=3 S2=1 Y1=1 X1=1 Z1=1 C1=2 R1=3 S1=1 Y0=1 X0=1 Z0=1 C0=1 R0=3 S0=1] IntermediateRegister[P=1 Q=1 Z12=1 C12=1 R12=1 S12=1 Y11=1 X11=1 Z11=8 C11=1 R11=1 S11=1 Y10=1 X10=1 Z10=8 C10=1 R10=1 S10=1 Y9=1 X9=1 Z9=8 C9=1 R9=1 S9=1 Y8=1 X8=1 Z8=8 C8=1 R8=1 S8=1 Y7=1 X7=1 Z7=8 C7=1 R7=1 S7=1 Y6=1 X6=1 Z6=4 C6=1 R6=1 S6=1 Y5=1 X5=1 Z5=4 C5=1 R5=1 S5=1 Y4=1 X4=1 Z4=4 C4=1 R4=1 S4=1 Y3=1 X3=1 Z3=2 C3=1 R3=1 S3=1 Y2=1 X2=1 Z2=2 C2=1 R2=1 S2=1 Y1=1 X1=1 Z1=1 C1=1 R1=1 S1=1 Y0=1 X0=1 Z0=1 C0=1 R0=1 S0=1] OutRegister[P=1 Q=1 Z12=8 C12=1 R12=1 S12=1 Y11=1 X11=1 Z11=1 C11=1 R11=1 S11=1 Y10=1 X10=1 Z10=1 C10=1 R10=1 S10=1 Y9=1 X9=1 Z9=1 C9=1 R9=1 S9=1 Y8=1 X8=1 Z8=1 C8=1 R8=1 S8=1 Y7=1 X7=1 Z7=1 C7=1 R7=1 S7=1 Y6=1 X6=1 Z6=1 C6=1 R6=1 S6=1 Y5=1 X5=1 Z5=1 C5=1 R5=1 S5=1 Y4=1 X4=1 Z4=1 C4=1 R4=1 S4=1 Y3=1 X3=1 Z3=1 C3=1 R3=1 S3=1 Y2=1 X2=1 Z2=1 C2=1 R2=1 S2=1 Y1=1 X1=1 Z1=1 C1=1 R1=1 S1=1 Y0=1 X0=1 Z0=1 C0=1 R0=1 S0=1] Compute] 
vgg16_13layer_2026-02-21T06:54:13.773960,vgg16,13layer,full,13,eyeriss,thesis_arch,1056,524,128,128,128,7,False,True,,5.561e+05,5.455e+06,3.10e+06,"(40633185984, 16400878592)",0.0005568108754232526,0.6483497619628906,DRAM[P=14 Q=2 Z12=1 C12=1 R12=1 S12=1 Y11=14 X11=2 Z11=1 C11=1 R11=1 S11=1 Y10=14 X10=2 Z10=1 C10=1 R10=1 S10=1 Y9=28 X9=4 Z9=1 C9=1 R9=1 S9=1 Y8=28 X8=4 Z8=1 C8=1 R8=1 S8=1 Y7=28 X7=4 Z7=1 C7=1 R7=1 S7=1 Y6=56 X6=8 Z6=1 C6=1 R6=1 S6=1 Y5=56 X5=8 Z5=1 C5=1 R5=1 S5=1 Y4=56 X4=8 Z4=1 C4=1 R4=1 S4=1 Y3=112 X3=16 Z3=1 C3=1 R3=1 S3=1 Y2=112 X2=16 Z2=1 C2=1 R2=1 S2=1 Y1=224 X1=32 Z1=1 C1=1 R1=1 S1=1 Y0=224 X0=32 Z0=1 C0=1 R0=1 S0=1] GlobalBuffer[P=1 Q=7 Z12=1 C12=1 R12=1 S12=1 Y11=1 X11=7 Z11=1 C11=1 R11=1 S11=1 Y10=1 X10=7 Z10=1 C10=1 R10=1 S10=1 Y9=1 X9=7 Z9=1 C9=1 R9=1 S9=1 Y8=1 X8=7 Z8=1 C8=1 R8=1 S8=1 Y7=1 X7=7 Z7=1 C7=1 R7=1 S7=1 Y6=1 X6=7 Z6=1 C6=1 R6=1 S6=1 Y5=1 X5=7 Z5=1 C5=1 R5=1 S5=1 Y4=1 X4=7 Z4=1 C4=1 R4=1 S4=1 Y3=1 X3=7 Z3=1 C3=1 R3=1 S3=1 Y2=1 X2=7 Z2=1 C2=1 R2=1 S2=1 Y1=1 X1=7 Z1=1 C1=1 R1=1 S1=1 Y0=1 X0=7 Z0=1 C0=1 R0=1 S0=1] SACols[Q=1 Z12=128] SARows[S12=3 C12=32 Z12=1] SACols_11[X11=1 Z11=128] SARows_11[S11=3 C11=32 Z11=1] SACols_10[X10=1 Z10=128] SARows_10[S10=3 C10=32 Z10=1] SACols_9[X9=1 Z9=128] SARows_9[S9=3 C9=32 Z9=1] SACols_8[X8=1 Z8=128] SARows_8[S8=3 C8=32 Z8=1] SACols_7[X7=1 Z7=128] SARows_7[S7=3 C7=32 Z7=1] SACols_6[X6=1 Z6=128] SARows_6[S6=3 C6=32 Z6=1] SACols_5[X5=1 Z5=128] SARows_5[S5=3 C5=32 Z5=1] SACols_4[X4=1 Z4=128] SARows_4[S4=3 C4=32 Z4=1] SACols_3[X3=1 Z3=128] SARows_3[S3=3 C3=32 Z3=1] SACols_2[X2=1 Z2=128] SARows_2[S2=3 C2=32 Z2=1] SACols_1[X1=1 Z1=64] SARows_1[S1=3 C1=32 Z1=1] SACols_0[X0=1 Z0=64] SARows_0[S0=3 C0=3 Z0=1] InRegister[P=1 Q=1 Z12=1 C12=1 R12=1 S12=1 Y11=1 X11=1 Z11=1 C11=1 R11=1 S11=1 Y10=1 X10=1 Z10=1 C10=1 R10=1 S10=1 Y9=1 X9=1 Z9=1 C9=1 R9=1 S9=1 Y8=1 X8=1 Z8=1 C8=1 R8=1 S8=1 Y7=1 X7=1 Z7=1 C7=1 R7=1 S7=1 Y6=1 X6=1 Z6=1 C6=1 R6=1 S6=1 Y5=1 X5=1 Z5=1 C5=1 R5=1 S5=1 Y4=1 X4=1 Z4=1 C4=1 R4=1 S4=1 Y3=1 X3=1 Z3=1 C3=1 R3=1 S3=1 Y2=1 X2=1 Z2=1 C2=1 R2=1 S2=1 Y1=1 X1=1 Z1=1 C1=1 R1=1 S1=1 Y0=1 X0=1 Z0=1 C0=1 R0=1 S0=1] WRegister[P=1 Q=1 Z12=1 C12=16 R12=3 S12=1 Y11=1 X11=1 Z11=1 C11=16 R11=3 S11=1 Y10=1 X10=1 Z10=1 C10=16 R10=3 S10=1 Y9=1 X9=1 Z9=1 C9=16 R9=3 S9=1 Y8=1 X8=1 Z8=1 C8=16 R8=3 S8=1 Y7=1 X7=1 Z7=1 C7=8 R7=3 S7=1 Y6=1 X6=1 Z6=1 C6=8 R6=3 S6=1 Y5=1 X5=1 Z5=1 C5=8 R5=3 S5=1 Y4=1 X4=1 Z4=1 C4=4 R4=3 S4=1 Y3=1 X3=1 Z3=1 C3=4 R3=3 S3=1 Y2=1 X2=1 Z2=1 C2=2 R2=3 S2=1 Y1=1 X1=1 Z1=1 C1=2 R1=3 S1=1 Y0=1 X0=1 Z0=1 C0=1 R0=3 S0=1] IntermediateRegister[P=1 Q=1 Z12=1 C12=1 R12=1 S12=1 Y11=1 X11=1 Z11=4 C11=1 R11=1 S11=1 Y10=1 X10=1 Z10=4 C10=1 R10=1 S10=1 Y9=1 X9=1 Z9=4 C9=1 R9=1 S9=1 Y8=1 X8=1 Z8=4 C8=1 R8=1 S8=1 Y7=1 X7=1 Z7=4 C7=1 R7=1 S7=1 Y6=1 X6=1 Z6=2 C6=1 R6=1 S6=1 Y5=1 X5=1 Z5=2 C5=1 R5=1 S5=1 Y4=1 X4=1 Z4=2 C4=1 R4=1 S4=1 Y3=1 X3=1 Z3=1 C3=1 R3=1 S3=1 Y2=1 X2=1 Z2=1 C2=1 R2=1 S2=1 Y1=1 X1=1 Z1=1 C1=1 R1=1 S1=1 Y0=1 X0=1 Z0=1 C0=1 R0=1 S0=1] OutRegister[P=1 Q=1 Z12=4 C12=1 R12=1 S12=1 Y11=1 X11=1 Z11=1 C11=1 R11=1 S11=1 Y10=1 X10=1 Z10=1 C10=1 R10=1 S10=1 Y9=1 X9=1 Z9=1 C9=1 R9=1 S9=1 Y8=1 X8=1 Z8=1 C8=1 R8=1 S8=1 Y7=1 X7=1 Z7=1 C7=1 R7=1 S7=1 Y6=1 X6=1 Z6=1 C6=1 R6=1 S6=1 Y5=1 X5=1 Z5=1 C5=1 R5=1 S5=1 Y4=1 X4=1 Z4=1 C4=1 R4=1 S4=1 Y3=1 X3=1 Z3=1 C3=1 R3=1 S3=1 Y2=1 X2=1 Z2=1 C2=1 R2=1 S2=1 Y1=1 X1=1 Z1=1 C1=1 R1=1 S1=1 Y0=1 X0=1 Z0=1 C0=1 R0=1 S0=1] Compute] 
vgg16_13layer_2026-02-21T06:54:15.110884,vgg16,13layer,full,13,eyeriss,thesis_arch,1056,524,128,256,4,7,False,False,"Ill-posed constraints:
CONSTRAINTS VIOLATION: Arch: Eyeriss_Constrained_13L_tile7_4x256 -> Level: WRegister: memory footprint: 19155 VS memory available: 2400
CONSTRAINTS VIOLATION: Arch: Eyeriss_Constrained_13L_tile7_4x256 -> Level: IntermediateRegister: memory footprint: 913 VS memory available: 300
CONSTRAINTS VIOLATION: Arch: Eyeriss_Constrained_13L_tile7_4x256 -> Level: OutRegister: memory footprint: 128 VS memory available: 64",0.000e+00,0.000e+00,0.00e+00,0,0.0,0.0,
vgg16_13layer_2026-02-21T06:54:16.027839,vgg16,13layer,full,13,eyeriss,thesis_arch,1056,524,128,256,16,7,False,False,"Ill-posed constraints:
CONSTRAINTS VIOLATION: Arch: Eyeriss_Constrained_13L_tile7_16x256 -> Level: WRegister: memory footprint: 4791 VS memory available: 2400",0.000e+00,0.000e+00,0.00e+00,0,0.0,0.0,
vgg16_13layer_2026-02-21T06:54:16.602536,vgg16,13layer,full,13,eyeriss,thesis_arch,1056,524,128,256,32,7,False,True,,5.368e+05,5.681e+06,3.07e+06,"(35835557568, 17383525376)",0.0022272435016930103,0.5910236835479736,DRAM[P=14 Q=2 Z12=1 C12=1 R12=1 S12=1 Y11=14 X11=2 Z11=1 C11=1 R11=1 S11=1 Y10=14 X10=2 Z10=1 C10=1 R10=1 S10=1 Y9=28 X9=4 Z9=1 C9=1 R9=1 S9=1 Y8=28 X8=4 Z8=1 C8=1 R8=1 S8=1 Y7=28 X7=4 Z7=1 C7=1 R7=1 S7=1 Y6=56 X6=8 Z6=1 C6=1 R6=1 S6=1 Y5=56 X5=8 Z5=1 C5=1 R5=1 S5=1 Y4=56 X4=8 Z4=1 C4=1 R4=1 S4=1 Y3=112 X3=16 Z3=1 C3=1 R3=1 S3=1 Y2=112 X2=16 Z2=1 C2=1 R2=1 S2=1 Y1=224 X1=32 Z1=1 C1=1 R1=1 S1=1 Y0=224 X0=32 Z0=1 C0=1 R0=1 S0=1] GlobalBuffer[P=1 Q=7 Z12=1 C12=1 R12=1 S12=1 Y11=1 X11=7 Z11=1 C11=1 R11=1 S11=1 Y10=1 X10=7 Z10=1 C10=1 R10=1 S10=1 Y9=1 X9=7 Z9=1 C9=1 R9=1 S9=1 Y8=1 X8=7 Z8=1 C8=1 R8=1 S8=1 Y7=1 X7=7 Z7=1 C7=1 R7=1 S7=1 Y6=1 X6=7 Z6=1 C6=1 R6=1 S6=1 Y5=1 X5=7 Z5=1 C5=1 R5=1 S5=1 Y4=1 X4=7 Z4=1 C4=1 R4=1 S4=1 Y3=1 X3=7 Z3=1 C3=1 R3=1 S3=1 Y2=1 X2=7 Z2=1 C2=1 R2=1 S2=1 Y1=1 X1=7 Z1=1 C1=1 R1=1 S1=1 Y0=1 X0=7 Z0=1 C0=1 R0=1 S0=1] SACols[Q=1 Z12=32] SARows[S12=3 C12=64 Z12=1] SACols_11[X11=1 Z11=32] SARows_11[S11=3 C11=64 Z11=1] SACols_10[X10=1 Z10=32] SARows_10[S10=3 C10=64 Z10=1] SACols_9[X9=1 Z9=32] SARows_9[S9=3 C9=64 Z9=1] SACols_8[X8=1 Z8=32] SARows_8[S8=3 C8=64 Z8=1] SACols_7[X7=1 Z7=32] SARows_7[S7=3 C7=64 Z7=1] SACols_6[X6=1 Z6=32] SARows_6[S6=3 C6=64 Z6=1] SACols_5[X5=1 Z5=32] SARows_5[S5=3 C5=64 Z5=1] SACols_4[X4=1 Z4=32] SARows_4[S4=3 C4=64 Z4=1] SACols_3[X3=1 Z3=32] SARows_3[S3=3 C3=64 Z3=1] SACols_2[X2=1 Z2=32] SARows_2[S2=3 C2=64 Z2=1] SACols_1[X1=1 Z1=32] SARows_1[S1=3 C1=64 Z1=1] SACols_0[X0=1 Z0=32] SARows_0[S0=3 C0=3 Z0=2] InRegister[P=1 Q=1 Z12=1 C12=1 R12=1 S12=1 Y11=1 X11=1 Z11=1 C11=1 R11=1 S11=1 Y10=1 X10=1 Z10=1 C10=1 R10=1 S10=1 Y9=1 X9=1 Z9=1 C9=1 R9=1 S9=1 Y8=1 X8=1 Z8=1 C8=1 R8=1 S8=1 Y7=1 X7=1 Z7=1 C7=1 R7=1 S7=1 Y6=1 X6=1 Z6=1 C6=1 R6=1 S6=1 Y5=1 X5=1 Z5=1 C5=1 R5=1 S5=1 Y4=1 X4=1 Z4=1 C4=1 R4=1 S4=1 Y3=1 X3=1 Z3=1 C3=1 R3=1 S3=1 Y2=1 X2=1 Z2=1 C2=1 R2=1 S2=1 Y1=1 X1=1 Z1=1 C1=1 R1=1 S1=1 Y0=1 X0=1 Z0=1 C0=1 R0=1 S0=1] WRegister[P=1 Q=1 Z12=1 C12=8 R12=3 S12=1 Y11=1 X11=1 Z11=1 C11=8 R11=3 S11=1 Y10=1 X10=1 Z10=1 C10=8 R10=3 S10=1 Y9=1 X9=1 Z9=1 C9=8 R9=3 S9=1 Y8=1 X8=1 Z8=1 C8=8 R8=3 S8=1 Y7=1 X7=1 Z7=1 C7=4 R7=3 S7=1 Y6=1 X6=1 Z6=1 C6=4 R6=3 S6=1 Y5=1 X5=1 Z5=1 C5=4 R5=3 S5=1 Y4=1 X4=1 Z4=1 C4=2 R4=3 S4=1 Y3=1 X3=1 Z3=1 C3=2 R3=3 S3=1 Y2=1 X2=1 Z2=1 C2=1 R2=3 S2=1 Y1=1 X1=1 Z1=1 C1=1 R1=3 S1=1 Y0=1 X0=1 Z0=1 C0=1 R0=3 S0=1] IntermediateRegister[P=1 Q=1 Z12=1 C12=1 R12=1 S12=1 Y11=1 X11=1 Z11=16 C11=1 R11=1 S11=1 Y10=1 X10=1 Z10=16 C10=1 R10=1 S10=1 Y9=1 X9=1 Z9=16 C9=1 R9=1 S9=1 Y8=1 X8=1 Z8=16 C8=1 R8=1 S8=1 Y7=1 X7=1 Z7=16 C7=1 R7=1 S7=1 Y6=1 X6=1 Z6=8 C6=1 R6=1 S6=1 Y5=1 X5=1 Z5=8 C5=1 R5=1 S5=1 Y4=1 X4=1 Z4=8 C4=1 R4=1 S4=1 Y3=1 X3=1 Z3=4 C3=1 R3=1 S3=1 Y2=1 X2=1 Z2=4 C2=1 R2=1 S2=1 Y1=1 X1=1 Z1=2 C1=1 R1=1 S1=1 Y0=1 X0=1 Z0=1 C0=1 R0=1 S0=1] OutRegister[P=1 Q=1 Z12=16 C12=1 R12=1 S12=1 Y11=1 X11=1 Z11=1 C11=1 R11=1 S11=1 Y10=1 X10=1 Z10=1 C10=1 R10=1 S10=1 Y9=1 X9=1 Z9=1 C9=1 R9=1 S9=1 Y8=1 X8=1 Z8=1 C8=1 R8=1 S8=1 Y7=1 X7=1 Z7=1 C7=1 R7=1 S7=1 Y6=1 X6=1 Z6=1 C6=1 R6=1 S6=1 Y5=1 X5=1 Z5=1 C5=1 R5=1 S5=1 Y4=1 X4=1 Z4=1 C4=1 R4=1 S4=1 Y3=1 X3=1 Z3=1 C3=1 R3=1 S3=1 Y2=1 X2=1 Z2=1 C2=1 R2=1 S2=1 Y1=1 X1=1 Z1=1 C1=1 R1=1 S1=1 Y0=1 X0=1 Z0=1 C0=1 R0=1 S0=1] Compute] 
vgg16_13layer_2026-02-21T06:54:17.804255,vgg16,13layer,full,13,eyeriss,thesis_arch,1056,524,128,256,64,7,False,True,,5.482e+05,5.455e+06,3.03e+06,"(38378878656, 17383525376)",0.0011136217508465052,0.6371722221374512,DRAM[P=14 Q=2 Z12=1 C12=1 R12=1 S12=1 Y11=14 X11=2 Z11=1 C11=1 R11=1 S11=1 Y10=14 X10=2 Z10=1 C10=1 R10=1 S10=1 Y9=28 X9=4 Z9=1 C9=1 R9=1 S9=1 Y8=28 X8=4 Z8=1 C8=1 R8=1 S8=1 Y7=28 X7=4 Z7=1 C7=1 R7=1 S7=1 Y6=56 X6=8 Z6=1 C6=1 R6=1 S6=1 Y5=56 X5=8 Z5=1 C5=1 R5=1 S5=1 Y4=56 X4=8 Z4=1 C4=1 R4=1 S4=1 Y3=112 X3=16 Z3=1 C3=1 R3=1 S3=1 Y2=112 X2=16 Z2=1 C2=1 R2=1 S2=1 Y1=224 X1=32 Z1=1 C1=1 R1=1 S1=1 Y0=224 X0=32 Z0=1 C0=1 R0=1 S0=1] GlobalBuffer[P=1 Q=7 Z12=1 C12=1 R12=1 S12=1 Y11=1 X11=7 Z11=1 C11=1 R11=1 S11=1 Y10=1 X10=7 Z10=1 C10=1 R10=1 S10=1 Y9=1 X9=7 Z9=1 C9=1 R9=1 S9=1 Y8=1 X8=7 Z8=1 C8=1 R8=1 S8=1 Y7=1 X7=7 Z7=1 C7=1 R7=1 S7=1 Y6=1 X6=7 Z6=1 C6=1 R6=1 S6=1 Y5=1 X5=7 Z5=1 C5=1 R5=1 S5=1 Y4=1 X4=7 Z4=1 C4=1 R4=1 S4=1 Y3=1 X3=7 Z3=1 C3=1 R3=1 S3=1 Y2=1 X2=7 Z2=1 C2=1 R2=1 S2=1 Y1=1 X1=7 Z1=1 C1=1 R1=1 S1=1 Y0=1 X0=7 Z0=1 C0=1 R0=1 S0=1] SACols[Q=1 Z12=64] SARows[S12=3 C12=64 Z12=1] SACols_11[X11=1 Z11=64] SARows_11[S11=3 C11=64 Z11=1] SACols_10[X10=1 Z10=64] SARows_10[S10=3 C10=64 Z10=1] SACols_9[X9=1 Z9=64] SARows_9[S9=3 C9=64 Z9=1] SACols_8[X8=1 Z8=64] SARows_8[S8=3 C8=64 Z8=1] SACols_7[X7=1 Z7=64] SARows_7[S7=3 C7=64 Z7=1] SACols_6[X6=1 Z6=64] SARows_6[S6=3 C6=64 Z6=1] SACols_5[X5=1 Z5=64] SARows_5[S5=3 C5=64 Z5=1] SACols_4[X4=1 Z4=64] SARows_4[S4=3 C4=64 Z4=1] SACols_3[X3=1 Z3=64] SARows_3[S3=3 C3=64 Z3=1] SACols_2[X2=1 Z2=64] SARows_2[S2=3 C2=64 Z2=1] SACols_1[X1=1 Z1=64] SARows_1[S1=3 C1=64 Z1=1] SACols_0[X0=1 Z0=64] SARows_0[S0=3 C0=3 Z0=1] InRegister[P=1 Q=1 Z12=1 C12=1 R12=1 S12=1 Y11=1 X11=1 Z11=1 C11=1 R11=1 S11=1 Y10=1 X10=1 Z10=1 C10=1 R10=1 S10=1 Y9=1 X9=1 Z9=1 C9=1 R9=1 S9=1 Y8=1 X8=1 Z8=1 C8=1 R8=1 S8=1 Y7=1 X7=1 Z7=1 C7=1 R7=1 S7=1 Y6=1 X6=1 Z6=1 C6=1 R6=1 S6=1 Y5=1 X5=1 Z5=1 C5=1 R5=1 S5=1 Y4=1 X4=1 Z4=1 C4=1 R4=1 S4=1 Y3=1 X3=1 Z3=1 C3=1 R3=1 S3=1 Y2=1 X2=1 Z2=1 C2=1 R2=1 S2=1 Y1=1 X1=1 Z1=1 C1=1 R1=1 S1=1 Y0=1 X0=1 Z0=1 C0=1 R0=1 S0=1] WRegister[P=1 Q=1 Z12=1 C12=8 R12=3 S12=1 Y11=1 X11=1 Z11=1 C11=8 R11=3 S11=1 Y10=1 X10=1 Z10=1 C10=8 R10=3 S10=1 Y9=1 X9=1 Z9=1 C9=8 R9=3 S9=1 Y8=1 X8=1 Z8=1 C8=8 R8=3 S8=1 Y7=1 X7=1 Z7=1 C7=4 R7=3 S7=1 Y6=1 X6=1 Z6=1 C6=4 R6=3 S6=1 Y5=1 X5=1 Z5=1 C5=4 R5=3 S5=1 Y4=1 X4=1 Z4=1 C4=2 R4=3 S4=1 Y3=1 X3=1 Z3=1 C3=2 R3=3 S3=1 Y2=1 X2=1 Z2=1 C2=1 R2=3 S2=1 Y1=1 X1=1 Z1=1 C1=1 R1=3 S1=1 Y0=1 X0=1 Z0=1 C0=1 R0=3 S0=1] IntermediateRegister[P=1 Q=1 Z12=1 C12=1 R12=1 S12=1 Y11=1 X11=1 Z11=8 C11=1 R11=1 S11=1 Y10=1 X10=1 Z10=8 C10=1 R10=1 S10=1 Y9=1 X9=1 Z9=8 C9=1 R9=1 S9=1 Y8=1 X8=1 Z8=8 C8=1 R8=1 S8=1 Y7=1 X7=1 Z7=8 C7=1 R7=1 S7=1 Y6=1 X6=1 Z6=4 C6=1 R6=1 S6=1 Y5=1 X5=1 Z5=4 C5=1 R5=1 S5=1 Y4=1 X4=1 Z4=4 C4=1 R4=1 S4=1 Y3=1 X3=1 Z3=2 C3=1 R3=1 S3=1 Y2=1 X2=1 Z2=2 C2=1 R2=1 S2=1 Y1=1 X1=1 Z1=1 C1=1 R1=1 S1=1 Y0=1 X0=1 Z0=1 C0=1 R0=1 S0=1] OutRegister[P=1 Q=1 Z12=8 C12=1 R12=1 S12=1 Y11=1 X11=1 Z11=1 C11=1 R11=1 S11=1 Y10=1 X10=1 Z10=1 C10=1 R10=1 S10=1 Y9=1 X9=1 Z9=1 C9=1 R9=1 S9=1 Y8=1 X8=1 Z8=1 C8=1 R8=1 S8=1 Y7=1 X7=1 Z7=1 C7=1 R7=1 S7=1 Y6=1 X6=1 Z6=1 C6=1 R6=1 S6=1 Y5=1 X5=1 Z5=1 C5=1 R5=1 S5=1 Y4=1 X4=1 Z4=1 C4=1 R4=1 S4=1 Y3=1 X3=1 Z3=1 C3=1 R3=1 S3=1 Y2=1 X2=1 Z2=1 C2=1 R2=1 S2=1 Y1=1 X1=1 Z1=1 C1=1 R1=1 S1=1 Y0=1 X0=1 Z0=1 C0=1 R0=1 S0=1] Compute] 
vgg16_13layer_2026-02-21T06:54:19.092537,vgg16,13layer,full,13,eyeriss,thesis_arch,1056,524,128,512,4,7,False,False,"Ill-posed constraints:
CONSTRAINTS VIOLATION: Arch: Eyeriss_Constrained_13L_tile7_4x512 -> Level: WRegister: memory footprint: 9579 VS memory available: 2400
CONSTRAINTS VIOLATION: Arch: Eyeriss_Constrained_13L_tile7_4x512 -> Level: IntermediateRegister: memory footprint: 889 VS memory available: 300
CONSTRAINTS VIOLATION: Arch: Eyeriss_Constrained_13L_tile7_4x512 -> Level: OutRegister: memory footprint: 128 VS memory available: 64",0.000e+00,0.000e+00,0.00e+00,0,0.0,0.0,
vgg16_13layer_2026-02-21T06:54:19.874553,vgg16,13layer,full,13,eyeriss,thesis_arch,1056,524,128,512,16,7,False,True,,5.408e+05,5.681e+06,3.09e+06,"(36182374080, 18423974912)",0.0022272435016930103,0.707942008972168,DRAM[P=14 Q=2 Z12=1 C12=1 R12=1 S12=1 Y11=14 X11=2 Z11=1 C11=1 R11=1 S11=1 Y10=14 X10=2 Z10=1 C10=1 R10=1 S10=1 Y9=28 X9=4 Z9=1 C9=1 R9=1 S9=1 Y8=28 X8=4 Z8=1 C8=1 R8=1 S8=1 Y7=28 X7=4 Z7=1 C7=1 R7=1 S7=1 Y6=56 X6=8 Z6=1 C6=1 R6=1 S6=1 Y5=56 X5=8 Z5=1 C5=1 R5=1 S5=1 Y4=56 X4=8 Z4=1 C4=1 R4=1 S4=1 Y3=112 X3=16 Z3=1 C3=1 R3=1 S3=1 Y2=112 X2=16 Z2=1 C2=1 R2=1 S2=1 Y1=224 X1=32 Z1=1 C1=1 R1=1 S1=1 Y0=224 X0=32 Z0=1 C0=1 R0=1 S0=1] GlobalBuffer[P=1 Q=7 Z12=1 C12=1 R12=1 S12=1 Y11=1 X11=7 Z11=1 C11=1 R11=1 S11=1 Y10=1 X10=7 Z10=1 C10=1 R10=1 S10=1 Y9=1 X9=7 Z9=1 C9=1 R9=1 S9=1 Y8=1 X8=7 Z8=1 C8=1 R8=1 S8=1 Y7=1 X7=7 Z7=1 C7=1 R7=1 S7=1 Y6=1 X6=7 Z6=1 C6=1 R6=1 S6=1 Y5=1 X5=7 Z5=1 C5=1 R5=1 S5=1 Y4=1 X4=7 Z4=1 C4=1 R4=1 S4=1 Y3=1 X3=7 Z3=1 C3=1 R3=1 S3=1 Y2=1 X2=7 Z2=1 C2=1 R2=1 S2=1 Y1=1 X1=7 Z1=1 C1=1 R1=1 S1=1 Y0=1 X0=7 Z0=1 C0=1 R0=1 S0=1] SACols[Q=1 Z12=16] SARows[S12=3 C12=128 Z12=1] SACols_11[X11=1 Z11=16] SARows_11[S11=3 C11=128 Z11=1] SACols_10[X10=1 Z10=16] SARows_10[S10=3 C10=128 Z10=1] SACols_9[X9=1 Z9=16] SARows_9[S9=3 C9=128 Z9=1] SACols_8[X8=1 Z8=16] SARows_8[S8=3 C8=128 Z8=1] SACols_7[X7=1 Z7=16] SARows_7[S7=3 C7=128 Z7=1] SACols_6[X6=1 Z6=16] SARows_6[S6=3 C6=128 Z6=1] SACols_5[X5=1 Z5=16] SARows_5[S5=3 C5=128 Z5=1] SACols_4[X4=1 Z4=16] SARows_4[S4=3 C4=128 Z4=1] SACols_3[X3=1 Z3=16] SARows_3[S3=3 C3=128 Z3=1] SACols_2[X2=1 Z2=16] SARows_2[S2=3 C2=64 Z2=2] SACols_1[X1=1 Z1=16] SARows_1[S1=3 C1=64 Z1=2] SACols_0[X0=1 Z0=16] SARows_0[S0=3 C0=3 Z0=4] InRegister[P=1 Q=1 Z12=1 C12=1 R12=1 S12=1 Y11=1 X11=1 Z11=1 C11=1 R11=1 S11=1 Y10=1 X10=1 Z10=1 C10=1 R10=1 S10=1 Y9=1 X9=1 Z9=1 C9=1 R9=1 S9=1 Y8=1 X8=1 Z8=1 C8=1 R8=1 S8=1 Y7=1 X7=1 Z7=1 C7=1 R7=1 S7=1 Y6=1 X6=1 Z6=1 C6=1 R6=1 S6=1 Y5=1 X5=1 Z5=1 C5=1 R5=1 S5=1 Y4=1 X4=1 Z4=1 C4=1 R4=1 S4=1 Y3=1 X3=1 Z3=1 C3=1 R3=1 S3=1 Y2=1 X2=1 Z2=1 C2=1 R2=1 S2=1 Y1=1 X1=1 Z1=1 C1=1 R1=1 S1=1 Y0=1 X0=1 Z0=1 C0=1 R0=1 S0=1] WRegister[P=1 Q=1 Z12=1 C12=4 R12=3 S12=1 Y11=1 X11=1 Z11=1 C11=4 R11=3 S11=1 Y10=1 X10=1 Z10=1 C10=4 R10=3 S10=1 Y9=1 X9=1 Z9=1 C9=4 R9=3 S9=1 Y8=1 X8=1 Z8=1 C8=4 R8=3 S8=1 Y7=1 X7=1 Z7=1 C7=2 R7=3 S7=1 Y6=1 X6=1 Z6=1 C6=2 R6=3 S6=1 Y5=1 X5=1 Z5=1 C5=2 R5=3 S5=1 Y4=1 X4=1 Z4=1 C4=1 R4=3 S4=1 Y3=1 X3=1 Z3=1 C3=1 R3=3 S3=1 Y2=1 X2=1 Z2=1 C2=1 R2=3 S2=1 Y1=1 X1=1 Z1=1 C1=1 R1=3 S1=1 Y0=1 X0=1 Z0=1 C0=1 R0=3 S0=1] IntermediateRegister[P=1 Q=1 Z12=1 C12=1 R12=1 S12=1 Y11=1 X11=1 Z11=32 C11=1 R11=1 S11=1 Y10=1 X10=1 Z10=32 C10=1 R10=1 S10=1 Y9=1 X9=1 Z9=32 C9=1 R9=1 S9=1 Y8=1 X8=1 Z8=32 C8=1 R8=1 S8=1 Y7=1 X7=1 Z7=32 C7=1 R7=1 S7=1 Y6=1 X6=1 Z6=16 C6=1 R6=1 S6=1 Y5=1 X5=1 Z5=16 C5=1 R5=1 S5=1 Y4=1 X4=1 Z4=16 C4=1 R4=1 S4=1 Y3=1 X3=1 Z3=8 C3=1 R3=1 S3=1 Y2=1 X2=1 Z2=4 C2=1 R2=1 S2=1 Y1=1 X1=1 Z1=2 C1=1 R1=1 S1=1 Y0=1 X0=1 Z0=1 C0=1 R0=1 S0=1] OutRegister[P=1 Q=1 Z12=32 C12=1 R12=1 S12=1 Y11=1 X11=1 Z11=1 C11=1 R11=1 S11=1 Y10=1 X10=1 Z10=1 C10=1 R10=1 S10=1 Y9=1 X9=1 Z9=1 C9=1 R9=1 S9=1 Y8=1 X8=1 Z8=1 C8=1 R8=1 S8=1 Y7=1 X7=1 Z7=1 C7=1 R7=1 S7=1 Y6=1 X6=1 Z6=1 C6=1 R6=1 S6=1 Y5=1 X5=1 Z5=1 C5=1 R5=1 S5=1 Y4=1 X4=1 Z4=1 C4=1 R4=1 S4=1 Y3=1 X3=1 Z3=1 C3=1 R3=1 S3=1 Y2=1 X2=1 Z2=1 C2=1 R2=1 S2=1 Y1=1 X1=1 Z1=1 C1=1 R1=1 S1=1 Y0=1 X0=1 Z0=1 C0=1 R0=1 S0=1] Compute] 
vgg16_13layer_2026-02-21T06:54:21.462650,vgg16,13layer,full,13,eyeriss,thesis_arch,1056,524,128,512,32,7,False,True,,5.491e+05,5.455e+06,3.03e+06,"(38032062144, 18423974912)",0.0011136217508465052,0.41237497329711914,DRAM[P=14 Q=2 Z12=1 C12=1 R12=1 S12=1 Y11=14 X11=2 Z11=1 C11=1 R11=1 S11=1 Y10=14 X10=2 Z10=1 C10=1 R10=1 S10=1 Y9=28 X9=4 Z9=1 C9=1 R9=1 S9=1 Y8=28 X8=4 Z8=1 C8=1 R8=1 S8=1 Y7=28 X7=4 Z7=1 C7=1 R7=1 S7=1 Y6=56 X6=8 Z6=1 C6=1 R6=1 S6=1 Y5=56 X5=8 Z5=1 C5=1 R5=1 S5=1 Y4=56 X4=8 Z4=1 C4=1 R4=1 S4=1 Y3=112 X3=16 Z3=1 C3=1 R3=1 S3=1 Y2=112 X2=16 Z2=1 C2=1 R2=1 S2=1 Y1=224 X1=32 Z1=1 C1=1 R1=1 S1=1 Y0=224 X0=32 Z0=1 C0=1 R0=1 S0=1] GlobalBuffer[P=1 Q=7 Z12=1 C12=1 R12=1 S12=1 Y11=1 X11=7 Z11=1 C11=1 R11=1 S11=1 Y10=1 X10=7 Z10=1 C10=1 R10=1 S10=1 Y9=1 X9=7 Z9=1 C9=1 R9=1 S9=1 Y8=1 X8=7 Z8=1 C8=1 R8=1 S8=1 Y7=1 X7=7 Z7=1 C7=1 R7=1 S7=1 Y6=1 X6=7 Z6=1 C6=1 R6=1 S6=1 Y5=1 X5=7 Z5=1 C5=1 R5=1 S5=1 Y4=1 X4=7 Z4=1 C4=1 R4=1 S4=1 Y3=1 X3=7 Z3=1 C3=1 R3=1 S3=1 Y2=1 X2=7 Z2=1 C2=1 R2=1 S2=1 Y1=1 X1=7 Z1=1 C1=1 R1=1 S1=1 Y0=1 X0=7 Z0=1 C0=1 R0=1 S0=1] SACols[Q=1 Z12=32] SARows[S12=3 C12=128 Z12=1] SACols_11[X11=1 Z11=32] SARows_11[S11=3 C11=128 Z11=1] SACols_10[X10=1 Z10=32] SARows_10[S10=3 C10=128 Z10=1] SACols_9[X9=1 Z9=32] SARows_9[S9=3 C9=128 Z9=1] SACols_8[X8=1 Z8=32] SARows_8[S8=3 C8=128 Z8=1] SACols_7[X7=1 Z7=32] SARows_7[S7=3 C7=128 Z7=1] SACols_6[X6=1 Z6=32] SARows_6[S6=3 C6=128 Z6=1] SACols_5[X5=1 Z5=32] SARows_5[S5=3 C5=128 Z5=1] SACols_4[X4=1 Z4=32] SARows_4[S4=3 C4=128 Z4=1] SACols_3[X3=1 Z3=32] SARows_3[S3=3 C3=128 Z3=1] SACols_2[X2=1 Z2=32] SARows_2[S2=3 C2=64 Z2=2] SACols_1[X1=1 Z1=32] SARows_1[S1=3 C1=64 Z1=2] SACols_0[X0=1 Z0=32] SARows_0[S0=3 C0=3 Z0=2] InRegister[P=1 Q=1 Z12=1 C12=1 R12=1 S12=1 Y11=1 X11=1 Z11=1 C11=1 R11=1 S11=1 Y10=1 X10=1 Z10=1 C10=1 R10=1 S10=1 Y9=1 X9=1 Z9=1 C9=1 R9=1 S9=1 Y8=1 X8=1 Z8=1 C8=1 R8=1 S8=1 Y7=1 X7=1 Z7=1 C7=1 R7=1 S7=1 Y6=1 X6=1 Z6=1 C6=1 R6=1 S6=1 Y5=1 X5=1 Z5=1 C5=1 R5=1 S5=1 Y4=1 X4=1 Z4=1 C4=1 R4=1 S4=1 Y3=1 X3=1 Z3=1 C3=1 R3=1 S3=1 Y2=1 X2=1 Z2=1 C2=1 R2=1 S2=1 Y1=1 X1=1 Z1=1 C1=1 R1=1 S1=1 Y0=1 X0=1 Z0=1 C0=1 R0=1 S0=1] WRegister[P=1 Q=1 Z12=1 C12=4 R12=3 S12=1 Y11=1 X11=1 Z11=1 C11=4 R11=3 S11=1 Y10=1 X10=1 Z10=1 C10=4 R10=3 S10=1 Y9=1 X9=1 Z9=1 C9=4 R9=3 S9=1 Y8=1 X8=1 Z8=1 C8=4 R8=3 S8=1 Y7=1 X7=1 Z7=1 C7=2 R7=3 S7=1 Y6=1 X6=1 Z6=1 C6=2 R6=3 S6=1 Y5=1 X5=1 Z5=1 C5=2 R5=3 S5=1 Y4=1 X4=1 Z4=1 C4=1 R4=3 S4=1 Y3=1 X3=1 Z3=1 C3=1 R3=3 S3=1 Y2=1 X2=1 Z2=1 C2=1 R2=3 S2=1 Y1=1 X1=1 Z1=1 C1=1 R1=3 S1=1 Y0=1 X0=1 Z0=1 C0=1 R0=3 S0=1] IntermediateRegister[P=1 Q=1 Z12=1 C12=1 R12=1 S12=1 Y11=1 X11=1 Z11=16 C11=1 R11=1 S11=1 Y10=1 X10=1 Z10=16 C10=1 R10=1 S10=1 Y9=1 X9=1 Z9=16 C9=1 R9=1 S9=1 Y8=1 X8=1 Z8=16 C8=1 R8=1 S8=1 Y7=1 X7=1 Z7=16 C7=1 R7=1 S7=1 Y6=1 X6=1 Z6=8 C6=1 R6=1 S6=1 Y5=1 X5=1 Z5=8 C5=1 R5=1 S5=1 Y4=1 X4=1 Z4=8 C4=1 R4=1 S4=1 Y3=1 X3=1 Z3=4 C3=1 R3=1 S3=1 Y2=1 X2=1 Z2=2 C2=1 R2=1 S2=1 Y1=1 X1=1 Z1=1 C1=1 R1=1 S1=1 Y0=1 X0=1 Z0=1 C0=1 R0=1 S0=1] OutRegister[P=1 Q=1 Z12=16 C12=1 R12=1 S12=1 Y11=1 X11=1 Z11=1 C11=1 R11=1 S11=1 Y10=1 X10=1 Z10=1 C10=1 R10=1 S10=1 Y9=1 X9=1 Z9=1 C9=1 R9=1 S9=1 Y8=1 X8=1 Z8=1 C8=1 R8=1 S8=1 Y7=1 X7=1 Z7=1 C7=1 R7=1 S7=1 Y6=1 X6=1 Z6=1 C6=1 R6=1 S6=1 Y5=1 X5=1 Z5=1 C5=1 R5=1 S5=1 Y4=1 X4=1 Z4=1 C4=1 R4=1 S4=1 Y3=1 X3=1 Z3=1 C3=1 R3=1 S3=1 Y2=1 X2=1 Z2=1 C2=1 R2=1 S2=1 Y1=1 X1=1 Z1=1 C1=1 R1=1 S1=1 Y0=1 X0=1 Z0=1 C0=1 R0=1 S0=1] Compute] 
vgg16_13layer_2026-02-21T06:54:22.819747,vgg16,13layer,full,13,eyeriss,thesis_arch,1056,524,128,4,4,7,False,False,"Ill-posed constraints:
CONSTRAINTS VIOLATION: Arch: Eyeriss_Constrained_13L_tile7_4x4 -> Level: InRegister: memory footprint: 11152 VS memory available: 400
CONSTRAINTS VIOLATION: Arch: Eyeriss_Constrained_13L_tile7_4x4 -> Level: WRegister: memory footprint: 1225872 VS memory available: 4800
CONSTRAINTS VIOLATION: Arch: Eyeriss_Constrained_13L_tile7_4x4 -> Level: IntermediateRegister: memory footprint: 928 VS memory available: 300
CONSTRAINTS VIOLATION: Arch: Eyeriss_Constrained_13L_tile7_4x4 -> Level: OutRegister: memory footprint: 128 VS memory available: 64",0.000e+00,0.000e+00,0.00e+00,0,0.0,0.0,
vgg16_13layer_2026-02-21T06:54:23.322199,vgg16,13layer,full,13,eyeriss,thesis_arch,1056,524,128,4,16,7,False,False,"Ill-posed constraints:
CONSTRAINTS VIOLATION: Arch: Eyeriss_Constrained_13L_tile7_16x4 -> Level: InRegister: memory footprint: 11152 VS memory available: 400
CONSTRAINTS VIOLATION: Arch: Eyeriss_Constrained_13L_tile7_16x4 -> Level: WRegister: memory footprint: 306468 VS memory available: 4800",0.000e+00,0.000e+00,0.00e+00,0,0.0,0.0,
vgg16_13layer_2026-02-21T06:54:23.849396,vgg16,13layer,full,13,eyeriss,thesis_arch,1056,524,128,4,32,7,False,False,"Ill-posed constraints:
CONSTRAINTS VIOLATION: Arch: Eyeriss_Constrained_13L_tile7_32x4 -> Level: InRegister: memory footprint: 11152 VS memory available: 400
CONSTRAINTS VIOLATION: Arch: Eyeriss_Constrained_13L_tile7_32x4 -> Level: WRegister: memory footprint: 153234 VS memory available: 4800",0.000e+00,0.000e+00,0.00e+00,0,0.0,0.0,
vgg16_13layer_2026-02-21T06:54:24.383140,vgg16,13layer,full,13,eyeriss,thesis_arch,1056,524,128,4,64,7,False,False,"Ill-posed constraints:
CONSTRAINTS VIOLATION: Arch: Eyeriss_Constrained_13L_tile7_64x4 -> Level: InRegister: memory footprint: 11152 VS memory available: 400
CONSTRAINTS VIOLATION: Arch: Eyeriss_Constrained_13L_tile7_64x4 -> Level: WRegister: memory footprint: 76617 VS memory available: 4800",0.000e+00,0.000e+00,0.00e+00,0,0.0,0.0,
vgg16_13layer_2026-02-21T06:54:24.987220,vgg16,13layer,full,13,eyeriss,thesis_arch,1056,524,128,4,128,7,False,False,"Ill-posed constraints:
CONSTRAINTS VIOLATION: Arch: Eyeriss_Constrained_13L_tile7_128x4 -> Level: InRegister: memory footprint: 11152 VS memory available: 400
CONSTRAINTS VIOLATION: Arch: Eyeriss_Constrained_13L_tile7_128x4 -> Level: WRegister: memory footprint: 38409 VS memory available: 4800",0.000e+00,0.000e+00,0.00e+00,0,0.0,0.0,
vgg16_13layer_2026-02-21T06:54:25.523925,vgg16,13layer,full,13,eyeriss,thesis_arch,1056,524,128,4,256,7,False,False,"Ill-posed constraints:
CONSTRAINTS VIOLATION: Arch: Eyeriss_Constrained_13L_tile7_256x4 -> Level: InRegister: memory footprint: 11152 VS memory available: 400
CONSTRAINTS VIOLATION: Arch: Eyeriss_Constrained_13L_tile7_256x4 -> Level: WRegister: memory footprint: 19593 VS memory available: 4800",0.000e+00,0.000e+00,0.00e+00,0,0.0,0.0,
vgg16_13layer_2026-02-21T06:54:26.056148,vgg16,13layer,full,13,eyeriss,thesis_arch,1056,524,128,4,512,7,False,False,"Ill-posed constraints:
CONSTRAINTS VIOLATION: Arch: Eyeriss_Constrained_13L_tile7_512x4 -> Level: InRegister: memory footprint: 11152 VS memory available: 400
CONSTRAINTS VIOLATION: Arch: Eyeriss_Constrained_13L_tile7_512x4 -> Level: WRegister: memory footprint: 11145 VS memory available: 4800",0.000e+00,0.000e+00,0.00e+00,0,0.0,0.0,
vgg16_13layer_2026-02-21T06:54:26.605609,vgg16,13layer,full,13,eyeriss,thesis_arch,1056,524,128,16,4,7,False,False,"Ill-posed constraints:
CONSTRAINTS VIOLATION: Arch: Eyeriss_Constrained_13L_tile7_4x16 -> Level: InRegister: memory footprint: 2790 VS memory available: 400
CONSTRAINTS VIOLATION: Arch: Eyeriss_Constrained_13L_tile7_4x16 -> Level: WRegister: memory footprint: 306480 VS memory available: 4800
CONSTRAINTS VIOLATION: Arch: Eyeriss_Constrained_13L_tile7_4x16 -> Level: IntermediateRegister: memory footprint: 928 VS memory available: 300
CONSTRAINTS VIOLATION: Arch: Eyeriss_Constrained_13L_tile7_4x16 -> Level: OutRegister: memory footprint: 128 VS memory available: 64",0.000e+00,0.000e+00,0.00e+00,0,0.0,0.0,
vgg16_13layer_2026-02-21T06:54:27.078976,vgg16,13layer,full,13,eyeriss,thesis_arch,1056,524,128,16,16,7,False,False,"Ill-posed constraints:
CONSTRAINTS VIOLATION: Arch: Eyeriss_Constrained_13L_tile7_16x16 -> Level: InRegister: memory footprint: 2790 VS memory available: 400
CONSTRAINTS VIOLATION: Arch: Eyeriss_Constrained_13L_tile7_16x16 -> Level: WRegister: memory footprint: 76620 VS memory available: 4800",0.000e+00,0.000e+00,0.00e+00,0,0.0,0.0,
vgg16_13layer_2026-02-21T06:54:27.710212,vgg16,13layer,full,13,eyeriss,thesis_arch,1056,524,128,16,32,7,False,False,"Ill-posed constraints:
CONSTRAINTS VIOLATION: Arch: Eyeriss_Constrained_13L_tile7_32x16 -> Level: InRegister: memory footprint: 2790 VS memory available: 400
CONSTRAINTS VIOLATION: Arch: Eyeriss_Constrained_13L_tile7_32x16 -> Level: WRegister: memory footprint: 38310 VS memory available: 4800",0.000e+00,0.000e+00,0.00e+00,0,0.0,0.0,
vgg16_13layer_2026-02-21T06:54:28.397235,vgg16,13layer,full,13,eyeriss,thesis_arch,1056,524,128,16,64,7,False,False,"Ill-posed constraints:
CONSTRAINTS VIOLATION: Arch: Eyeriss_Constrained_13L_tile7_64x16 -> Level: InRegister: memory footprint: 2790 VS memory available: 400
CONSTRAINTS VIOLATION: Arch: Eyeriss_Constrained_13L_tile7_64x16 -> Level: WRegister: memory footprint: 19155 VS memory available: 4800",0.000e+00,0.000e+00,0.00e+00,0,0.0,0.0,
vgg16_13layer_2026-02-21T06:54:28.948392,vgg16,13layer,full,13,eyeriss,thesis_arch,1056,524,128,16,128,7,False,False,"Ill-posed constraints:
CONSTRAINTS VIOLATION: Arch: Eyeriss_Constrained_13L_tile7_128x16 -> Level: InRegister: memory footprint: 2790 VS memory available: 400
CONSTRAINTS VIOLATION: Arch: Eyeriss_Constrained_13L_tile7_128x16 -> Level: WRegister: memory footprint: 9603 VS memory available: 4800",0.000e+00,0.000e+00,0.00e+00,0,0.0,0.0,
vgg16_13layer_2026-02-21T06:54:29.417816,vgg16,13layer,full,13,eyeriss,thesis_arch,1056,524,128,16,256,7,False,False,"Ill-posed constraints:
CONSTRAINTS VIOLATION: Arch: Eyeriss_Constrained_13L_tile7_256x16 -> Level: InRegister: memory footprint: 2790 VS memory available: 400
CONSTRAINTS VIOLATION: Arch: Eyeriss_Constrained_13L_tile7_256x16 -> Level: WRegister: memory footprint: 4899 VS memory available: 4800",0.000e+00,0.000e+00,0.00e+00,0,0.0,0.0,
vgg16_13layer_2026-02-21T06:54:29.846333,vgg16,13layer,full,13,eyeriss,thesis_arch,1056,524,128,16,512,7,False,False,"Ill-posed constraints:
CONSTRAINTS VIOLATION: Arch: Eyeriss_Constrained_13L_tile7_512x16 -> Level: InRegister: memory footprint: 2790 VS memory available: 400",0.000e+00,0.000e+00,0.00e+00,0,0.0,0.0,
vgg16_13layer_2026-02-21T06:54:30.478076,vgg16,13layer,full,13,eyeriss,thesis_arch,1056,524,128,32,4,7,False,False,"Ill-posed constraints:
CONSTRAINTS VIOLATION: Arch: Eyeriss_Constrained_13L_tile7_4x32 -> Level: InRegister: memory footprint: 1398 VS memory available: 400
CONSTRAINTS VIOLATION: Arch: Eyeriss_Constrained_13L_tile7_4x32 -> Level: WRegister: memory footprint: 153240 VS memory available: 4800
CONSTRAINTS VIOLATION: Arch: Eyeriss_Constrained_13L_tile7_4x32 -> Level: IntermediateRegister: memory footprint: 920 VS memory available: 300
CONSTRAINTS VIOLATION: Arch: Eyeriss_Constrained_13L_tile7_4x32 -> Level: OutRegister: memory footprint: 128 VS memory available: 64",0.000e+00,0.000e+00,0.00e+00,0,0.0,0.0,
vgg16_13layer_2026-02-21T06:54:31.151458,vgg16,13layer,full,13,eyeriss,thesis_arch,1056,524,128,32,16,7,False,False,"Ill-posed constraints:
CONSTRAINTS VIOLATION: Arch: Eyeriss_Constrained_13L_tile7_16x32 -> Level: InRegister: memory footprint: 1398 VS memory available: 400
CONSTRAINTS VIOLATION: Arch: Eyeriss_Constrained_13L_tile7_16x32 -> Level: WRegister: memory footprint: 38310 VS memory available: 4800",0.000e+00,0.000e+00,0.00e+00,0,0.0,0.0,
vgg16_13layer_2026-02-21T06:54:31.780605,vgg16,13layer,full,13,eyeriss,thesis_arch,1056,524,128,32,32,7,False,False,"Ill-posed constraints:
CONSTRAINTS VIOLATION: Arch: Eyeriss_Constrained_13L_tile7_32x32 -> Level: InRegister: memory footprint: 1398 VS memory available: 400
CONSTRAINTS VIOLATION: Arch: Eyeriss_Constrained_13L_tile7_32x32 -> Level: WRegister: memory footprint: 19155 VS memory available: 4800",0.000e+00,0.000e+00,0.00e+00,0,0.0,0.0,
vgg16_13layer_2026-02-21T06:54:32.281239,vgg16,13layer,full,13,eyeriss,thesis_arch,1056,524,128,32,64,7,False,False,"Ill-posed constraints:
CONSTRAINTS VIOLATION: Arch: Eyeriss_Constrained_13L_tile7_64x32 -> Level: InRegister: memory footprint: 1398 VS memory available: 400
CONSTRAINTS VIOLATION: Arch: Eyeriss_Constrained_13L_tile7_64x32 -> Level: WRegister: memory footprint: 9579 VS memory available: 4800",0.000e+00,0.000e+00,0.00e+00,0,0.0,0.0,
vgg16_13layer_2026-02-21T06:54:32.802534,vgg16,13layer,full,13,eyeriss,thesis_arch,1056,524,128,32,128,7,False,False,"Ill-posed constraints:
CONSTRAINTS VIOLATION: Arch: Eyeriss_Constrained_13L_tile7_128x32 -> Level: InRegister: memory footprint: 1398 VS memory available: 400
CONSTRAINTS VIOLATION: Arch: Eyeriss_Constrained_13L_tile7_128x32 -> Level: WRegister: memory footprint: 4803 VS memory available: 4800",0.000e+00,0.000e+00,0.00e+00,0,0.0,0.0,
vgg16_13layer_2026-02-21T06:54:33.270100,vgg16,13layer,full,13,eyeriss,thesis_arch,1056,524,128,32,256,7,False,False,"Ill-posed constraints:
CONSTRAINTS VIOLATION: Arch: Eyeriss_Constrained_13L_tile7_256x32 -> Level: InRegister: memory footprint: 1398 VS memory available: 400",0.000e+00,0.000e+00,0.00e+00,0,0.0,0.0,
vgg16_13layer_2026-02-21T06:54:33.766475,vgg16,13layer,full,13,eyeriss,thesis_arch,1056,524,128,32,512,7,False,False,"Ill-posed constraints:
CONSTRAINTS VIOLATION: Arch: Eyeriss_Constrained_13L_tile7_512x32 -> Level: InRegister: memory footprint: 1398 VS memory available: 400",0.000e+00,0.000e+00,0.00e+00,0,0.0,0.0,
vgg16_13layer_2026-02-21T06:54:34.180479,vgg16,13layer,full,13,eyeriss,thesis_arch,1056,524,128,64,4,7,False,False,"Ill-posed constraints:
CONSTRAINTS VIOLATION: Arch: Eyeriss_Constrained_13L_tile7_4x64 -> Level: InRegister: memory footprint: 702 VS memory available: 400
CONSTRAINTS VIOLATION: Arch: Eyeriss_Constrained_13L_tile7_4x64 -> Level: WRegister: memory footprint: 76620 VS memory available: 4800
CONSTRAINTS VIOLATION: Arch: Eyeriss_Constrained_13L_tile7_4x64 -> Level: IntermediateRegister: memory footprint: 916 VS memory available: 300
CONSTRAINTS VIOLATION: Arch: Eyeriss_Constrained_13L_tile7_4x64 -> Level: OutRegister: memory footprint: 128 VS memory available: 64",0.000e+00,0.000e+00,0.00e+00,0,0.0,0.0,
vgg16_13layer_2026-02-21T06:54:34.741383,vgg16,13layer,full,13,eyeriss,thesis_arch,1056,524,128,64,16,7,False,False,"Ill-posed constraints:
CONSTRAINTS VIOLATION: Arch: Eyeriss_Constrained_13L_tile7_16x64 -> Level: InRegister: memory footprint: 702 VS memory available: 400
CONSTRAINTS VIOLATION: Arch: Eyeriss_Constrained_13L_tile7_16x64 -> Level: WRegister: memory footprint: 19155 VS memory available: 4800",0.000e+00,0.000e+00,0.00e+00,0,0.0,0.0,
vgg16_13layer_2026-02-21T06:54:35.239096,vgg16,13layer,full,13,eyeriss,thesis_arch,1056,524,128,64,32,7,False,False,"Ill-posed constraints:
CONSTRAINTS VIOLATION: Arch: Eyeriss_Constrained_13L_tile7_32x64 -> Level: InRegister: memory footprint: 702 VS memory available: 400
CONSTRAINTS VIOLATION: Arch: Eyeriss_Constrained_13L_tile7_32x64 -> Level: WRegister: memory footprint: 9579 VS memory available: 4800",0.000e+00,0.000e+00,0.00e+00,0,0.0,0.0,
vgg16_13layer_2026-02-21T06:54:35.708808,vgg16,13layer,full,13,eyeriss,thesis_arch,1056,524,128,64,64,7,False,False,"Ill-posed constraints:
CONSTRAINTS VIOLATION: Arch: Eyeriss_Constrained_13L_tile7_64x64 -> Level: InRegister: memory footprint: 702 VS memory available: 400",0.000e+00,0.000e+00,0.00e+00,0,0.0,0.0,
vgg16_13layer_2026-02-21T06:54:36.310748,vgg16,13layer,full,13,eyeriss,thesis_arch,1056,524,128,64,128,7,False,False,"Ill-posed constraints:
CONSTRAINTS VIOLATION: Arch: Eyeriss_Constrained_13L_tile7_128x64 -> Level: InRegister: memory footprint: 702 VS memory available: 400",0.000e+00,0.000e+00,0.00e+00,0,0.0,0.0,
vgg16_13layer_2026-02-21T06:54:37.060355,vgg16,13layer,full,13,eyeriss,thesis_arch,1056,524,128,64,256,7,False,False,"Ill-posed constraints:
CONSTRAINTS VIOLATION: Arch: Eyeriss_Constrained_13L_tile7_256x64 -> Level: InRegister: memory footprint: 702 VS memory available: 400",0.000e+00,0.000e+00,0.00e+00,0,0.0,0.0,
vgg16_13layer_2026-02-21T06:54:38.028157,vgg16,13layer,full,13,eyeriss,thesis_arch,1056,524,128,128,4,7,False,False,"Ill-posed constraints:
CONSTRAINTS VIOLATION: Arch: Eyeriss_Constrained_13L_tile7_4x128 -> Level: WRegister: memory footprint: 38310 VS memory available: 4800
CONSTRAINTS VIOLATION: Arch: Eyeriss_Constrained_13L_tile7_4x128 -> Level: IntermediateRegister: memory footprint: 914 VS memory available: 300
CONSTRAINTS VIOLATION: Arch: Eyeriss_Constrained_13L_tile7_4x128 -> Level: OutRegister: memory footprint: 128 VS memory available: 64",0.000e+00,0.000e+00,0.00e+00,0,0.0,0.0,
vgg16_13layer_2026-02-21T06:54:38.912675,vgg16,13layer,full,13,eyeriss,thesis_arch,1056,524,128,128,16,7,False,False,"Ill-posed constraints:
CONSTRAINTS VIOLATION: Arch: Eyeriss_Constrained_13L_tile7_16x128 -> Level: WRegister: memory footprint: 9579 VS memory available: 4800",0.000e+00,0.000e+00,0.00e+00,0,0.0,0.0,
vgg16_13layer_2026-02-21T06:54:39.719031,vgg16,13layer,full,13,eyeriss,thesis_arch,1056,524,128,128,32,7,False,True,,9.328e+05,6.715e+06,6.29e+06,"(34852910784, 16400878592)",0.004454487003386021,0.571993350982666,DRAM[P=14 Q=2 Z12=1 C12=1 R12=1 S12=1 Y11=14 X11=2 Z11=1 C11=1 R11=1 S11=1 Y10=14 X10=2 Z10=1 C10=1 R10=1 S10=1 Y9=28 X9=4 Z9=1 C9=1 R9=1 S9=1 Y8=28 X8=4 Z8=1 C8=1 R8=1 S8=1 Y7=28 X7=4 Z7=1 C7=1 R7=1 S7=1 Y6=56 X6=8 Z6=1 C6=1 R6=1 S6=1 Y5=56 X5=8 Z5=1 C5=1 R5=1 S5=1 Y4=56 X4=8 Z4=1 C4=1 R4=1 S4=1 Y3=112 X3=16 Z3=1 C3=1 R3=1 S3=1 Y2=112 X2=16 Z2=1 C2=1 R2=1 S2=1 Y1=224 X1=32 Z1=1 C1=1 R1=1 S1=1 Y0=224 X0=32 Z0=1 C0=1 R0=1 S0=1] GlobalBuffer[P=1 Q=7 Z12=1 C12=1 R12=1 S12=1 Y11=1 X11=7 Z11=1 C11=1 R11=1 S11=1 Y10=1 X10=7 Z10=1 C10=1 R10=1 S10=1 Y9=1 X9=7 Z9=1 C9=1 R9=1 S9=1 Y8=1 X8=7 Z8=1 C8=1 R8=1 S8=1 Y7=1 X7=7 Z7=1 C7=1 R7=1 S7=1 Y6=1 X6=7 Z6=1 C6=1 R6=1 S6=1 Y5=1 X5=7 Z5=1 C5=1 R5=1 S5=1 Y4=1 X4=7 Z4=1 C4=1 R4=1 S4=1 Y3=1 X3=7 Z3=1 C3=1 R3=1 S3=1 Y2=1 X2=7 Z2=1 C2=1 R2=1 S2=1 Y1=1 X1=7 Z1=1 C1=1 R1=1 S1=1 Y0=1 X0=7 Z0=1 C0=1 R0=1 S0=1] SACols[Q=1 Z12=32] SARows[S12=3 C12=32 Z12=1] SACols_11[X11=1 Z11=32] SARows_11[S11=3 C11=32 Z11=1] SACols_10[X10=1 Z10=32] SARows_10[S10=3 C10=32 Z10=1] SACols_9[X9=1 Z9=32] SARows_9[S9=3 C9=32 Z9=1] SACols_8[X8=1 Z8=32] SARows_8[S8=3 C8=32 Z8=1] SACols_7[X7=1 Z7=32] SARows_7[S7=3 C7=32 Z7=1] SACols_6[X6=1 Z6=32] SARows_6[S6=3 C6=32 Z6=1] SACols_5[X5=1 Z5=32] SARows_5[S5=3 C5=32 Z5=1] SACols_4[X4=1 Z4=32] SARows_4[S4=3 C4=32 Z4=1] SACols_3[X3=1 Z3=32] SARows_3[S3=3 C3=32 Z3=1] SACols_2[X2=1 Z2=32] SARows_2[S2=3 C2=32 Z2=1] SACols_1[X1=1 Z1=32] SARows_1[S1=3 C1=32 Z1=1] SACols_0[X0=1 Z0=32] SARows_0[S0=3 C0=3 Z0=2] InRegister[P=1 Q=1 Z12=1 C12=1 R12=1 S12=1 Y11=1 X11=1 Z11=1 C11=1 R11=1 S11=1 Y10=1 X10=1 Z10=1 C10=1 R10=1 S10=1 Y9=1 X9=1 Z9=1 C9=1 R9=1 S9=1 Y8=1 X8=1 Z8=1 C8=1 R8=1 S8=1 Y7=1 X7=1 Z7=1 C7=1 R7=1 S7=1 Y6=1 X6=1 Z6=1 C6=1 R6=1 S6=1 Y5=1 X5=1 Z5=1 C5=1 R5=1 S5=1 Y4=1 X4=1 Z4=1 C4=1 R4=1 S4=1 Y3=1 X3=1 Z3=1 C3=1 R3=1 S3=1 Y2=1 X2=1 Z2=1 C2=1 R2=1 S2=1 Y1=1 X1=1 Z1=1 C1=1 R1=1 S1=1 Y0=1 X0=1 Z0=1 C0=1 R0=1 S0=1] WRegister[P=1 Q=1 Z12=1 C12=16 R12=3 S12=1 Y11=1 X11=1 Z11=1 C11=16 R11=3 S11=1 Y10=1 X10=1 Z10=1 C10=16 R10=3 S10=1 Y9=1 X9=1 Z9=1 C9=16 R9=3 S9=1 Y8=1 X8=1 Z8=1 C8=16 R8=3 S8=1 Y7=1 X7=1 Z7=1 C7=8 R7=3 S7=1 Y6=1 X6=1 Z6=1 C6=8 R6=3 S6=1 Y5=1 X5=1 Z5=1 C5=8 R5=3 S5=1 Y4=1 X4=1 Z4=1 C4=4 R4=3 S4=1 Y3=1 X3=1 Z3=1 C3=4 R3=3 S3=1 Y2=1 X2=1 Z2=1 C2=2 R2=3 S2=1 Y1=1 X1=1 Z1=1 C1=2 R1=3 S1=1 Y0=1 X0=1 Z0=1 C0=1 R0=3 S0=1] IntermediateRegister[P=1 Q=1 Z12=1 C12=1 R12=1 S12=1 Y11=1 X11=1 Z11=16 C11=1 R11=1 S11=1 Y10=1 X10=1 Z10=16 C10=1 R10=1 S10=1 Y9=1 X9=1 Z9=16 C9=1 R9=1 S9=1 Y8=1 X8=1 Z8=16 C8=1 R8=1 S8=1 Y7=1 X7=1 Z7=16 C7=1 R7=1 S7=1 Y6=1 X6=1 Z6=8 C6=1 R6=1 S6=1 Y5=1 X5=1 Z5=8 C5=1 R5=1 S5=1 Y4=1 X4=1 Z4=8 C4=1 R4=1 S4=1 Y3=1 X3=1 Z3=4 C3=1 R3=1 S3=1 Y2=1 X2=1 Z2=4 C2=1 R2=1 S2=1 Y1=1 X1=1 Z1=2 C1=1 R1=1 S1=1 Y0=1 X0=1 Z0=1 C0=1 R0=1 S0=1] OutRegister[P=1 Q=1 Z12=16 C12=1 R12=1 S12=1 Y11=1 X11=1 Z11=1 C11=1 R11=1 S11=1 Y10=1 X10=1 Z10=1 C10=1 R10=1 S10=1 Y9=1 X9=1 Z9=1 C9=1 R9=1 S9=1 Y8=1 X8=1 Z8=1 C8=1 R8=1 S8=1 Y7=1 X7=1 Z7=1 C7=1 R7=1 S7=1 Y6=1 X6=1 Z6=1 C6=1 R6=1 S6=1 Y5=1 X5=1 Z5=1 C5=1 R5=1 S5=1 Y4=1 X4=1 Z4=1 C4=1 R4=1 S4=1 Y3=1 X3=1 Z3=1 C3=1 R3=1 S3=1 Y2=1 X2=1 Z2=1 C2=1 R2=1 S2=1 Y1=1 X1=1 Z1=1 C1=1 R1=1 S1=1 Y0=1 X0=1 Z0=1 C0=1 R0=1 S0=1] Compute] 
vgg16_13layer_2026-02-21T06:54:41.176786,vgg16,13layer,full,13,eyeriss,thesis_arch,1056,524,128,128,64,7,False,True,,9.442e+05,5.681e+06,5.41e+06,"(37396231872, 16400878592)",0.0022272435016930103,0.4188976287841797,DRAM[P=14 Q=2 Z12=1 C12=1 R12=1 S12=1 Y11=14 X11=2 Z11=1 C11=1 R11=1 S11=1 Y10=14 X10=2 Z10=1 C10=1 R10=1 S10=1 Y9=28 X9=4 Z9=1 C9=1 R9=1 S9=1 Y8=28 X8=4 Z8=1 C8=1 R8=1 S8=1 Y7=28 X7=4 Z7=1 C7=1 R7=1 S7=1 Y6=56 X6=8 Z6=1 C6=1 R6=1 S6=1 Y5=56 X5=8 Z5=1 C5=1 R5=1 S5=1 Y4=56 X4=8 Z4=1 C4=1 R4=1 S4=1 Y3=112 X3=16 Z3=1 C3=1 R3=1 S3=1 Y2=112 X2=16 Z2=1 C2=1 R2=1 S2=1 Y1=224 X1=32 Z1=1 C1=1 R1=1 S1=1 Y0=224 X0=32 Z0=1 C0=1 R0=1 S0=1] GlobalBuffer[P=1 Q=7 Z12=1 C12=1 R12=1 S12=1 Y11=1 X11=7 Z11=1 C11=1 R11=1 S11=1 Y10=1 X10=7 Z10=1 C10=1 R10=1 S10=1 Y9=1 X9=7 Z9=1 C9=1 R9=1 S9=1 Y8=1 X8=7 Z8=1 C8=1 R8=1 S8=1 Y7=1 X7=7 Z7=1 C7=1 R7=1 S7=1 Y6=1 X6=7 Z6=1 C6=1 R6=1 S6=1 Y5=1 X5=7 Z5=1 C5=1 R5=1 S5=1 Y4=1 X4=7 Z4=1 C4=1 R4=1 S4=1 Y3=1 X3=7 Z3=1 C3=1 R3=1 S3=1 Y2=1 X2=7 Z2=1 C2=1 R2=1 S2=1 Y1=1 X1=7 Z1=1 C1=1 R1=1 S1=1 Y0=1 X0=7 Z0=1 C0=1 R0=1 S0=1] SACols[Q=1 Z12=64] SARows[S12=3 C12=32 Z12=1] SACols_11[X11=1 Z11=64] SARows_11[S11=3 C11=32 Z11=1] SACols_10[X10=1 Z10=64] SARows_10[S10=3 C10=32 Z10=1] SACols_9[X9=1 Z9=64] SARows_9[S9=3 C9=32 Z9=1] SACols_8[X8=1 Z8=64] SARows_8[S8=3 C8=32 Z8=1] SACols_7[X7=1 Z7=64] SARows_7[S7=3 C7=32 Z7=1] SACols_6[X6=1 Z6=64] SARows_6[S6=3 C6=32 Z6=1] SACols_5[X5=1 Z5=64] SARows_5[S5=3 C5=32 Z5=1] SACols_4[X4=1 Z4=64] SARows_4[S4=3 C4=32 Z4=1] SACols_3[X3=1 Z3=64] SARows_3[S3=3 C3=32 Z3=1] SACols_2[X2=1 Z2=64] SARows_2[S2=3 C2=32 Z2=1] SACols_1[X1=1 Z1=64] SARows_1[S1=3 C1=32 Z1=1] SACols_0[X0=1 Z0=64] SARows_0[S0=3 C0=3 Z0=1] InRegister[P=1 Q=1 Z12=1 C12=1 R12=1 S12=1 Y11=1 X11=1 Z11=1 C11=1 R11=1 S11=1 Y10=1 X10=1 Z10=1 C10=1 R10=1 S10=1 Y9=1 X9=1 Z9=1 C9=1 R9=1 S9=1 Y8=1 X8=1 Z8=1 C8=1 R8=1 S8=1 Y7=1 X7=1 Z7=1 C7=1 R7=1 S7=1 Y6=1 X6=1 Z6=1 C6=1 R6=1 S6=1 Y5=1 X5=1 Z5=1 C5=1 R5=1 S5=1 Y4=1 X4=1 Z4=1 C4=1 R4=1 S4=1 Y3=1 X3=1 Z3=1 C3=1 R3=1 S3=1 Y2=1 X2=1 Z2=1 C2=1 R2=1 S2=1 Y1=1 X1=1 Z1=1 C1=1 R1=1 S1=1 Y0=1 X0=1 Z0=1 C0=1 R0=1 S0=1] WRegister[P=1 Q=1 Z12=1 C12=16 R12=3 S12=1 Y11=1 X11=1 Z11=1 C11=16 R11=3 S11=1 Y10=1 X10=1 Z10=1 C10=16 R10=3 S10=1 Y9=1 X9=1 Z9=1 C9=16 R9=3 S9=1 Y8=1 X8=1 Z8=1 C8=16 R8=3 S8=1 Y7=1 X7=1 Z7=1 C7=8 R7=3 S7=1 Y6=1 X6=1 Z6=1 C6=8 R6=3 S6=1 Y5=1 X5=1 Z5=1 C5=8 R5=3 S5=1 Y4=1 X4=1 Z4=1 C4=4 R4=3 S4=1 Y3=1 X3=1 Z3=1 C3=4 R3=3 S3=1 Y2=1 X2=1 Z2=1 C2=2 R2=3 S2=1 Y1=1 X1=1 Z1=1 C1=2 R1=3 S1=1 Y0=1 X0=1 Z0=1 C0=1 R0=3 S0=1] IntermediateRegister[P=1 Q=1 Z12=1 C12=1 R12=1 S12=1 Y11=1 X11=1 Z11=8 C11=1 R11=1 S11=1 Y10=1 X10=1 Z10=8 C10=1 R10=1 S10=1 Y9=1 X9=1 Z9=8 C9=1 R9=1 S9=1 Y8=1 X8=1 Z8=8 C8=1 R8=1 S8=1 Y7=1 X7=1 Z7=8 C7=1 R7=1 S7=1 Y6=1 X6=1 Z6=4 C6=1 R6=1 S6=1 Y5=1 X5=1 Z5=4 C5=1 R5=1 S5=1 Y4=1 X4=1 Z4=4 C4=1 R4=1 S4=1 Y3=1 X3=1 Z3=2 C3=1 R3=1 S3=1 Y2=1 X2=1 Z2=2 C2=1 R2=1 S2=1 Y1=1 X1=1 Z1=1 C1=1 R1=1 S1=1 Y0=1 X0=1 Z0=1 C0=1 R0=1 S0=1] OutRegister[P=1 Q=1 Z12=8 C12=1 R12=1 S12=1 Y11=1 X11=1 Z11=1 C11=1 R11=1 S11=1 Y10=1 X10=1 Z10=1 C10=1 R10=1 S10=1 Y9=1 X9=1 Z9=1 C9=1 R9=1 S9=1 Y8=1 X8=1 Z8=1 C8=1 R8=1 S8=1 Y7=1 X7=1 Z7=1 C7=1 R7=1 S7=1 Y6=1 X6=1 Z6=1 C6=1 R6=1 S6=1 Y5=1 X5=1 Z5=1 C5=1 R5=1 S5=1 Y4=1 X4=1 Z4=1 C4=1 R4=1 S4=1 Y3=1 X3=1 Z3=1 C3=1 R3=1 S3=1 Y2=1 X2=1 Z2=1 C2=1 R2=1 S2=1 Y1=1 X1=1 Z1=1 C1=1 R1=1 S1=1 Y0=1 X0=1 Z0=1 C0=1 R0=1 S0=1] Compute] 
vgg16_13layer_2026-02-21T06:54:42.111533,vgg16,13layer,full,13,eyeriss,thesis_arch,1056,524,128,128,128,7,False,True,,9.587e+05,5.455e+06,5.30e+06,"(40633185984, 16400878592)",0.0005568108754232526,0.4983048439025879,DRAM[P=14 Q=2 Z12=1 C12=1 R12=1 S12=1 Y11=14 X11=2 Z11=1 C11=1 R11=1 S11=1 Y10=14 X10=2 Z10=1 C10=1 R10=1 S10=1 Y9=28 X9=4 Z9=1 C9=1 R9=1 S9=1 Y8=28 X8=4 Z8=1 C8=1 R8=1 S8=1 Y7=28 X7=4 Z7=1 C7=1 R7=1 S7=1 Y6=56 X6=8 Z6=1 C6=1 R6=1 S6=1 Y5=56 X5=8 Z5=1 C5=1 R5=1 S5=1 Y4=56 X4=8 Z4=1 C4=1 R4=1 S4=1 Y3=112 X3=16 Z3=1 C3=1 R3=1 S3=1 Y2=112 X2=16 Z2=1 C2=1 R2=1 S2=1 Y1=224 X1=32 Z1=1 C1=1 R1=1 S1=1 Y0=224 X0=32 Z0=1 C0=1 R0=1 S0=1] GlobalBuffer[P=1 Q=7 Z12=1 C12=1 R12=1 S12=1 Y11=1 X11=7 Z11=1 C11=1 R11=1 S11=1 Y10=1 X10=7 Z10=1 C10=1 R10=1 S10=1 Y9=1 X9=7 Z9=1 C9=1 R9=1 S9=1 Y8=1 X8=7 Z8=1 C8=1 R8=1 S8=1 Y7=1 X7=7 Z7=1 C7=1 R7=1 S7=1 Y6=1 X6=7 Z6=1 C6=1 R6=1 S6=1 Y5=1 X5=7 Z5=1 C5=1 R5=1 S5=1 Y4=1 X4=7 Z4=1 C4=1 R4=1 S4=1 Y3=1 X3=7 Z3=1 C3=1 R3=1 S3=1 Y2=1 X2=7 Z2=1 C2=1 R2=1 S2=1 Y1=1 X1=7 Z1=1 C1=1 R1=1 S1=1 Y0=1 X0=7 Z0=1 C0=1 R0=1 S0=1] SACols[Q=1 Z12=128] SARows[S12=3 C12=32 Z12=1] SACols_11[X11=1 Z11=128] SARows_11[S11=3 C11=32 Z11=1] SACols_10[X10=1 Z10=128] SARows_10[S10=3 C10=32 Z10=1] SACols_9[X9=1 Z9=128] SARows_9[S9=3 C9=32 Z9=1] SACols_8[X8=1 Z8=128] SARows_8[S8=3 C8=32 Z8=1] SACols_7[X7=1 Z7=128] SARows_7[S7=3 C7=32 Z7=1] SACols_6[X6=1 Z6=128] SARows_6[S6=3 C6=32 Z6=1] SACols_5[X5=1 Z5=128] SARows_5[S5=3 C5=32 Z5=1] SACols_4[X4=1 Z4=128] SARows_4[S4=3 C4=32 Z4=1] SACols_3[X3=1 Z3=128] SARows_3[S3=3 C3=32 Z3=1] SACols_2[X2=1 Z2=128] SARows_2[S2=3 C2=32 Z2=1] SACols_1[X1=1 Z1=64] SARows_1[S1=3 C1=32 Z1=1] SACols_0[X0=1 Z0=64] SARows_0[S0=3 C0=3 Z0=1] InRegister[P=1 Q=1 Z12=1 C12=1 R12=1 S12=1 Y11=1 X11=1 Z11=1 C11=1 R11=1 S11=1 Y10=1 X10=1 Z10=1 C10=1 R10=1 S10=1 Y9=1 X9=1 Z9=1 C9=1 R9=1 S9=1 Y8=1 X8=1 Z8=1 C8=1 R8=1 S8=1 Y7=1 X7=1 Z7=1 C7=1 R7=1 S7=1 Y6=1 X6=1 Z6=1 C6=1 R6=1 S6=1 Y5=1 X5=1 Z5=1 C5=1 R5=1 S5=1 Y4=1 X4=1 Z4=1 C4=1 R4=1 S4=1 Y3=1 X3=1 Z3=1 C3=1 R3=1 S3=1 Y2=1 X2=1 Z2=1 C2=1 R2=1 S2=1 Y1=1 X1=1 Z1=1 C1=1 R1=1 S1=1 Y0=1 X0=1 Z0=1 C0=1 R0=1 S0=1] WRegister[P=1 Q=1 Z12=1 C12=16 R12=3 S12=1 Y11=1 X11=1 Z11=1 C11=16 R11=3 S11=1 Y10=1 X10=1 Z10=1 C10=16 R10=3 S10=1 Y9=1 X9=1 Z9=1 C9=16 R9=3 S9=1 Y8=1 X8=1 Z8=1 C8=16 R8=3 S8=1 Y7=1 X7=1 Z7=1 C7=8 R7=3 S7=1 Y6=1 X6=1 Z6=1 C6=8 R6=3 S6=1 Y5=1 X5=1 Z5=1 C5=8 R5=3 S5=1 Y4=1 X4=1 Z4=1 C4=4 R4=3 S4=1 Y3=1 X3=1 Z3=1 C3=4 R3=3 S3=1 Y2=1 X2=1 Z2=1 C2=2 R2=3 S2=1 Y1=1 X1=1 Z1=1 C1=2 R1=3 S1=1 Y0=1 X0=1 Z0=1 C0=1 R0=3 S0=1] IntermediateRegister[P=1 Q=1 Z12=1 C12=1 R12=1 S12=1 Y11=1 X11=1 Z11=4 C11=1 R11=1 S11=1 Y10=1 X10=1 Z10=4 C10=1 R10=1 S10=1 Y9=1 X9=1 Z9=4 C9=1 R9=1 S9=1 Y8=1 X8=1 Z8=4 C8=1 R8=1 S8=1 Y7=1 X7=1 Z7=4 C7=1 R7=1 S7=1 Y6=1 X6=1 Z6=2 C6=1 R6=1 S6=1 Y5=1 X5=1 Z5=2 C5=1 R5=1 S5=1 Y4=1 X4=1 Z4=2 C4=1 R4=1 S4=1 Y3=1 X3=1 Z3=1 C3=1 R3=1 S3=1 Y2=1 X2=1 Z2=1 C2=1 R2=1 S2=1 Y1=1 X1=1 Z1=1 C1=1 R1=1 S1=1 Y0=1 X0=1 Z0=1 C0=1 R0=1 S0=1] OutRegister[P=1 Q=1 Z12=4 C12=1 R12=1 S12=1 Y11=1 X11=1 Z11=1 C11=1 R11=1 S11=1 Y10=1 X10=1 Z10=1 C10=1 R10=1 S10=1 Y9=1 X9=1 Z9=1 C9=1 R9=1 S9=1 Y8=1 X8=1 Z8=1 C8=1 R8=1 S8=1 Y7=1 X7=1 Z7=1 C7=1 R7=1 S7=1 Y6=1 X6=1 Z6=1 C6=1 R6=1 S6=1 Y5=1 X5=1 Z5=1 C5=1 R5=1 S5=1 Y4=1 X4=1 Z4=1 C4=1 R4=1 S4=1 Y3=1 X3=1 Z3=1 C3=1 R3=1 S3=1 Y2=1 X2=1 Z2=1 C2=1 R2=1 S2=1 Y1=1 X1=1 Z1=1 C1=1 R1=1 S1=1 Y0=1 X0=1 Z0=1 C0=1 R0=1 S0=1] Compute] 
vgg16_13layer_2026-02-21T06:54:43.127682,vgg16,13layer,full,13,eyeriss,thesis_arch,1056,524,128,256,4,7,False,False,"Ill-posed constraints:
CONSTRAINTS VIOLATION: Arch: Eyeriss_Constrained_13L_tile7_4x256 -> Level: WRegister: memory footprint: 19155 VS memory available: 4800
CONSTRAINTS VIOLATION: Arch: Eyeriss_Constrained_13L_tile7_4x256 -> Level: IntermediateRegister: memory footprint: 913 VS memory available: 300
CONSTRAINTS VIOLATION: Arch: Eyeriss_Constrained_13L_tile7_4x256 -> Level: OutRegister: memory footprint: 128 VS memory available: 64",0.000e+00,0.000e+00,0.00e+00,0,0.0,0.0,
vgg16_13layer_2026-02-21T06:54:43.681447,vgg16,13layer,full,13,eyeriss,thesis_arch,1056,524,128,256,16,7,False,True,,9.337e+05,6.715e+06,6.29e+06,"(34563897024, 17383525376)",0.004454487003386021,0.5810811519622803,DRAM[P=14 Q=2 Z12=1 C12=1 R12=1 S12=1 Y11=14 X11=2 Z11=1 C11=1 R11=1 S11=1 Y10=14 X10=2 Z10=1 C10=1 R10=1 S10=1 Y9=28 X9=4 Z9=1 C9=1 R9=1 S9=1 Y8=28 X8=4 Z8=1 C8=1 R8=1 S8=1 Y7=28 X7=4 Z7=1 C7=1 R7=1 S7=1 Y6=56 X6=8 Z6=1 C6=1 R6=1 S6=1 Y5=56 X5=8 Z5=1 C5=1 R5=1 S5=1 Y4=56 X4=8 Z4=1 C4=1 R4=1 S4=1 Y3=112 X3=16 Z3=1 C3=1 R3=1 S3=1 Y2=112 X2=16 Z2=1 C2=1 R2=1 S2=1 Y1=224 X1=32 Z1=1 C1=1 R1=1 S1=1 Y0=224 X0=32 Z0=1 C0=1 R0=1 S0=1] GlobalBuffer[P=1 Q=7 Z12=1 C12=1 R12=1 S12=1 Y11=1 X11=7 Z11=1 C11=1 R11=1 S11=1 Y10=1 X10=7 Z10=1 C10=1 R10=1 S10=1 Y9=1 X9=7 Z9=1 C9=1 R9=1 S9=1 Y8=1 X8=7 Z8=1 C8=1 R8=1 S8=1 Y7=1 X7=7 Z7=1 C7=1 R7=1 S7=1 Y6=1 X6=7 Z6=1 C6=1 R6=1 S6=1 Y5=1 X5=7 Z5=1 C5=1 R5=1 S5=1 Y4=1 X4=7 Z4=1 C4=1 R4=1 S4=1 Y3=1 X3=7 Z3=1 C3=1 R3=1 S3=1 Y2=1 X2=7 Z2=1 C2=1 R2=1 S2=1 Y1=1 X1=7 Z1=1 C1=1 R1=1 S1=1 Y0=1 X0=7 Z0=1 C0=1 R0=1 S0=1] SACols[Q=1 Z12=16] SARows[S12=3 C12=64 Z12=1] SACols_11[X11=1 Z11=16] SARows_11[S11=3 C11=64 Z11=1] SACols_10[X10=1 Z10=16] SARows_10[S10=3 C10=64 Z10=1] SACols_9[X9=1 Z9=16] SARows_9[S9=3 C9=64 Z9=1] SACols_8[X8=1 Z8=16] SARows_8[S8=3 C8=64 Z8=1] SACols_7[X7=1 Z7=16] SARows_7[S7=3 C7=64 Z7=1] SACols_6[X6=1 Z6=16] SARows_6[S6=3 C6=64 Z6=1] SACols_5[X5=1 Z5=16] SARows_5[S5=3 C5=64 Z5=1] SACols_4[X4=1 Z4=16] SARows_4[S4=3 C4=64 Z4=1] SACols_3[X3=1 Z3=16] SARows_3[S3=3 C3=64 Z3=1] SACols_2[X2=1 Z2=16] SARows_2[S2=3 C2=64 Z2=1] SACols_1[X1=1 Z1=16] SARows_1[S1=3 C1=64 Z1=1] SACols_0[X0=1 Z0=16] SARows_0[S0=3 C0=3 Z0=4] InRegister[P=1 Q=1 Z12=1 C12=1 R12=1 S12=1 Y11=1 X11=1 Z11=1 C11=1 R11=1 S11=1 Y10=1 X10=1 Z10=1 C10=1 R10=1 S10=1 Y9=1 X9=1 Z9=1 C9=1 R9=1 S9=1 Y8=1 X8=1 Z8=1 C8=1 R8=1 S8=1 Y7=1 X7=1 Z7=1 C7=1 R7=1 S7=1 Y6=1 X6=1 Z6=1 C6=1 R6=1 S6=1 Y5=1 X5=1 Z5=1 C5=1 R5=1 S5=1 Y4=1 X4=1 Z4=1 C4=1 R4=1 S4=1 Y3=1 X3=1 Z3=1 C3=1 R3=1 S3=1 Y2=1 X2=1 Z2=1 C2=1 R2=1 S2=1 Y1=1 X1=1 Z1=1 C1=1 R1=1 S1=1 Y0=1 X0=1 Z0=1 C0=1 R0=1 S0=1] WRegister[P=1 Q=1 Z12=1 C12=8 R12=3 S12=1 Y11=1 X11=1 Z11=1 C11=8 R11=3 S11=1 Y10=1 X10=1 Z10=1 C10=8 R10=3 S10=1 Y9=1 X9=1 Z9=1 C9=8 R9=3 S9=1 Y8=1 X8=1 Z8=1 C8=8 R8=3 S8=1 Y7=1 X7=1 Z7=1 C7=4 R7=3 S7=1 Y6=1 X6=1 Z6=1 C6=4 R6=3 S6=1 Y5=1 X5=1 Z5=1 C5=4 R5=3 S5=1 Y4=1 X4=1 Z4=1 C4=2 R4=3 S4=1 Y3=1 X3=1 Z3=1 C3=2 R3=3 S3=1 Y2=1 X2=1 Z2=1 C2=1 R2=3 S2=1 Y1=1 X1=1 Z1=1 C1=1 R1=3 S1=1 Y0=1 X0=1 Z0=1 C0=1 R0=3 S0=1] IntermediateRegister[P=1 Q=1 Z12=1 C12=1 R12=1 S12=1 Y11=1 X11=1 Z11=32 C11=1 R11=1 S11=1 Y10=1 X10=1 Z10=32 C10=1 R10=1 S10=1 Y9=1 X9=1 Z9=32 C9=1 R9=1 S9=1 Y8=1 X8=1 Z8=32 C8=1 R8=1 S8=1 Y7=1 X7=1 Z7=32 C7=1 R7=1 S7=1 Y6=1 X6=1 Z6=16 C6=1 R6=1 S6=1 Y5=1 X5=1 Z5=16 C5=1 R5=1 S5=1 Y4=1 X4=1 Z4=16 C4=1 R4=1 S4=1 Y3=1 X3=1 Z3=8 C3=1 R3=1 S3=1 Y2=1 X2=1 Z2=8 C2=1 R2=1 S2=1 Y1=1 X1=1 Z1=4 C1=1 R1=1 S1=1 Y0=1 X0=1 Z0=1 C0=1 R0=1 S0=1] OutRegister[P=1 Q=1 Z12=32 C12=1 R12=1 S12=1 Y11=1 X11=1 Z11=1 C11=1 R11=1 S11=1 Y10=1 X10=1 Z10=1 C10=1 R10=1 S10=1 Y9=1 X9=1 Z9=1 C9=1 R9=1 S9=1 Y8=1 X8=1 Z8=1 C8=1 R8=1 S8=1 Y7=1 X7=1 Z7=1 C7=1 R7=1 S7=1 Y6=1 X6=1 Z6=1 C6=1 R6=1 S6=1 Y5=1 X5=1 Z5=1 C5=1 R5=1 S5=1 Y4=1 X4=1 Z4=1 C4=1 R4=1 S4=1 Y3=1 X3=1 Z3=1 C3=1 R3=1 S3=1 Y2=1 X2=1 Z2=1 C2=1 R2=1 S2=1 Y1=1 X1=1 Z1=1 C1=1 R1=1 S1=1 Y0=1 X0=1 Z0=1 C0=1 R0=1 S0=1] Compute] 
vgg16_13layer_2026-02-21T06:54:44.957893,vgg16,13layer,full,13,eyeriss,thesis_arch,1056,524,128,256,32,7,False,True,,9.394e+05,5.681e+06,5.36e+06,"(35835557568, 17383525376)",0.0022272435016930103,0.4814271926879883,DRAM[P=14 Q=2 Z12=1 C12=1 R12=1 S12=1 Y11=14 X11=2 Z11=1 C11=1 R11=1 S11=1 Y10=14 X10=2 Z10=1 C10=1 R10=1 S10=1 Y9=28 X9=4 Z9=1 C9=1 R9=1 S9=1 Y8=28 X8=4 Z8=1 C8=1 R8=1 S8=1 Y7=28 X7=4 Z7=1 C7=1 R7=1 S7=1 Y6=56 X6=8 Z6=1 C6=1 R6=1 S6=1 Y5=56 X5=8 Z5=1 C5=1 R5=1 S5=1 Y4=56 X4=8 Z4=1 C4=1 R4=1 S4=1 Y3=112 X3=16 Z3=1 C3=1 R3=1 S3=1 Y2=112 X2=16 Z2=1 C2=1 R2=1 S2=1 Y1=224 X1=32 Z1=1 C1=1 R1=1 S1=1 Y0=224 X0=32 Z0=1 C0=1 R0=1 S0=1] GlobalBuffer[P=1 Q=7 Z12=1 C12=1 R12=1 S12=1 Y11=1 X11=7 Z11=1 C11=1 R11=1 S11=1 Y10=1 X10=7 Z10=1 C10=1 R10=1 S10=1 Y9=1 X9=7 Z9=1 C9=1 R9=1 S9=1 Y8=1 X8=7 Z8=1 C8=1 R8=1 S8=1 Y7=1 X7=7 Z7=1 C7=1 R7=1 S7=1 Y6=1 X6=7 Z6=1 C6=1 R6=1 S6=1 Y5=1 X5=7 Z5=1 C5=1 R5=1 S5=1 Y4=1 X4=7 Z4=1 C4=1 R4=1 S4=1 Y3=1 X3=7 Z3=1 C3=1 R3=1 S3=1 Y2=1 X2=7 Z2=1 C2=1 R2=1 S2=1 Y1=1 X1=7 Z1=1 C1=1 R1=1 S1=1 Y0=1 X0=7 Z0=1 C0=1 R0=1 S0=1] SACols[Q=1 Z12=32] SARows[S12=3 C12=64 Z12=1] SACols_11[X11=1 Z11=32] SARows_11[S11=3 C11=64 Z11=1] SACols_10[X10=1 Z10=32] SARows_10[S10=3 C10=64 Z10=1] SACols_9[X9=1 Z9=32] SARows_9[S9=3 C9=64 Z9=1] SACols_8[X8=1 Z8=32] SARows_8[S8=3 C8=64 Z8=1] SACols_7[X7=1 Z7=32] SARows_7[S7=3 C7=64 Z7=1] SACols_6[X6=1 Z6=32] SARows_6[S6=3 C6=64 Z6=1] SACols_5[X5=1 Z5=32] SARows_5[S5=3 C5=64 Z5=1] SACols_4[X4=1 Z4=32] SARows_4[S4=3 C4=64 Z4=1] SACols_3[X3=1 Z3=32] SARows_3[S3=3 C3=64 Z3=1] SACols_2[X2=1 Z2=32] SARows_2[S2=3 C2=64 Z2=1] SACols_1[X1=1 Z1=32] SARows_1[S1=3 C1=64 Z1=1] SACols_0[X0=1 Z0=32] SARows_0[S0=3 C0=3 Z0=2] InRegister[P=1 Q=1 Z12=1 C12=1 R12=1 S12=1 Y11=1 X11=1 Z11=1 C11=1 R11=1 S11=1 Y10=1 X10=1 Z10=1 C10=1 R10=1 S10=1 Y9=1 X9=1 Z9=1 C9=1 R9=1 S9=1 Y8=1 X8=1 Z8=1 C8=1 R8=1 S8=1 Y7=1 X7=1 Z7=1 C7=1 R7=1 S7=1 Y6=1 X6=1 Z6=1 C6=1 R6=1 S6=1 Y5=1 X5=1 Z5=1 C5=1 R5=1 S5=1 Y4=1 X4=1 Z4=1 C4=1 R4=1 S4=1 Y3=1 X3=1 Z3=1 C3=1 R3=1 S3=1 Y2=1 X2=1 Z2=1 C2=1 R2=1 S2=1 Y1=1 X1=1 Z1=1 C1=1 R1=1 S1=1 Y0=1 X0=1 Z0=1 C0=1 R0=1 S0=1] WRegister[P=1 Q=1 Z12=1 C12=8 R12=3 S12=1 Y11=1 X11=1 Z11=1 C11=8 R11=3 S11=1 Y10=1 X10=1 Z10=1 C10=8 R10=3 S10=1 Y9=1 X9=1 Z9=1 C9=8 R9=3 S9=1 Y8=1 X8=1 Z8=1 C8=8 R8=3 S8=1 Y7=1 X7=1 Z7=1 C7=4 R7=3 S7=1 Y6=1 X6=1 Z6=1 C6=4 R6=3 S6=1 Y5=1 X5=1 Z5=1 C5=4 R5=3 S5=1 Y4=1 X4=1 Z4=1 C4=2 R4=3 S4=1 Y3=1 X3=1 Z3=1 C3=2 R3=3 S3=1 Y2=1 X2=1 Z2=1 C2=1 R2=3 S2=1 Y1=1 X1=1 Z1=1 C1=1 R1=3 S1=1 Y0=1 X0=1 Z0=1 C0=1 R0=3 S0=1] IntermediateRegister[P=1 Q=1 Z12=1 C12=1 R12=1 S12=1 Y11=1 X11=1 Z11=16 C11=1 R11=1 S11=1 Y10=1 X10=1 Z10=16 C10=1 R10=1 S10=1 Y9=1 X9=1 Z9=16 C9=1 R9=1 S9=1 Y8=1 X8=1 Z8=16 C8=1 R8=1 S8=1 Y7=1 X7=1 Z7=16 C7=1 R7=1 S7=1 Y6=1 X6=1 Z6=8 C6=1 R6=1 S6=1 Y5=1 X5=1 Z5=8 C5=1 R5=1 S5=1 Y4=1 X4=1 Z4=8 C4=1 R4=1 S4=1 Y3=1 X3=1 Z3=4 C3=1 R3=1 S3=1 Y2=1 X2=1 Z2=4 C2=1 R2=1 S2=1 Y1=1 X1=1 Z1=2 C1=1 R1=1 S1=1 Y0=1 X0=1 Z0=1 C0=1 R0=1 S0=1] OutRegister[P=1 Q=1 Z12=16 C12=1 R12=1 S12=1 Y11=1 X11=1 Z11=1 C11=1 R11=1 S11=1 Y10=1 X10=1 Z10=1 C10=1 R10=1 S10=1 Y9=1 X9=1 Z9=1 C9=1 R9=1 S9=1 Y8=1 X8=1 Z8=1 C8=1 R8=1 S8=1 Y7=1 X7=1 Z7=1 C7=1 R7=1 S7=1 Y6=1 X6=1 Z6=1 C6=1 R6=1 S6=1 Y5=1 X5=1 Z5=1 C5=1 R5=1 S5=1 Y4=1 X4=1 Z4=1 C4=1 R4=1 S4=1 Y3=1 X3=1 Z3=1 C3=1 R3=1 S3=1 Y2=1 X2=1 Z2=1 C2=1 R2=1 S2=1 Y1=1 X1=1 Z1=1 C1=1 R1=1 S1=1 Y0=1 X0=1 Z0=1 C0=1 R0=1 S0=1] Compute] 
vgg16_13layer_2026-02-21T06:54:45.932937,vgg16,13layer,full,13,eyeriss,thesis_arch,1056,524,128,256,64,7,False,True,,9.508e+05,5.455e+06,5.23e+06,"(38378878656, 17383525376)",0.0011136217508465052,0.34125304222106934,DRAM[P=14 Q=2 Z12=1 C12=1 R12=1 S12=1 Y11=14 X11=2 Z11=1 C11=1 R11=1 S11=1 Y10=14 X10=2 Z10=1 C10=1 R10=1 S10=1 Y9=28 X9=4 Z9=1 C9=1 R9=1 S9=1 Y8=28 X8=4 Z8=1 C8=1 R8=1 S8=1 Y7=28 X7=4 Z7=1 C7=1 R7=1 S7=1 Y6=56 X6=8 Z6=1 C6=1 R6=1 S6=1 Y5=56 X5=8 Z5=1 C5=1 R5=1 S5=1 Y4=56 X4=8 Z4=1 C4=1 R4=1 S4=1 Y3=112 X3=16 Z3=1 C3=1 R3=1 S3=1 Y2=112 X2=16 Z2=1 C2=1 R2=1 S2=1 Y1=224 X1=32 Z1=1 C1=1 R1=1 S1=1 Y0=224 X0=32 Z0=1 C0=1 R0=1 S0=1] GlobalBuffer[P=1 Q=7 Z12=1 C12=1 R12=1 S12=1 Y11=1 X11=7 Z11=1 C11=1 R11=1 S11=1 Y10=1 X10=7 Z10=1 C10=1 R10=1 S10=1 Y9=1 X9=7 Z9=1 C9=1 R9=1 S9=1 Y8=1 X8=7 Z8=1 C8=1 R8=1 S8=1 Y7=1 X7=7 Z7=1 C7=1 R7=1 S7=1 Y6=1 X6=7 Z6=1 C6=1 R6=1 S6=1 Y5=1 X5=7 Z5=1 C5=1 R5=1 S5=1 Y4=1 X4=7 Z4=1 C4=1 R4=1 S4=1 Y3=1 X3=7 Z3=1 C3=1 R3=1 S3=1 Y2=1 X2=7 Z2=1 C2=1 R2=1 S2=1 Y1=1 X1=7 Z1=1 C1=1 R1=1 S1=1 Y0=1 X0=7 Z0=1 C0=1 R0=1 S0=1] SACols[Q=1 Z12=64] SARows[S12=3 C12=64 Z12=1] SACols_11[X11=1 Z11=64] SARows_11[S11=3 C11=64 Z11=1] SACols_10[X10=1 Z10=64] SARows_10[S10=3 C10=64 Z10=1] SACols_9[X9=1 Z9=64] SARows_9[S9=3 C9=64 Z9=1] SACols_8[X8=1 Z8=64] SARows_8[S8=3 C8=64 Z8=1] SACols_7[X7=1 Z7=64] SARows_7[S7=3 C7=64 Z7=1] SACols_6[X6=1 Z6=64] SARows_6[S6=3 C6=64 Z6=1] SACols_5[X5=1 Z5=64] SARows_5[S5=3 C5=64 Z5=1] SACols_4[X4=1 Z4=64] SARows_4[S4=3 C4=64 Z4=1] SACols_3[X3=1 Z3=64] SARows_3[S3=3 C3=64 Z3=1] SACols_2[X2=1 Z2=64] SARows_2[S2=3 C2=64 Z2=1] SACols_1[X1=1 Z1=64] SARows_1[S1=3 C1=64 Z1=1] SACols_0[X0=1 Z0=64] SARows_0[S0=3 C0=3 Z0=1] InRegister[P=1 Q=1 Z12=1 C12=1 R12=1 S12=1 Y11=1 X11=1 Z11=1 C11=1 R11=1 S11=1 Y10=1 X10=1 Z10=1 C10=1 R10=1 S10=1 Y9=1 X9=1 Z9=1 C9=1 R9=1 S9=1 Y8=1 X8=1 Z8=1 C8=1 R8=1 S8=1 Y7=1 X7=1 Z7=1 C7=1 R7=1 S7=1 Y6=1 X6=1 Z6=1 C6=1 R6=1 S6=1 Y5=1 X5=1 Z5=1 C5=1 R5=1 S5=1 Y4=1 X4=1 Z4=1 C4=1 R4=1 S4=1 Y3=1 X3=1 Z3=1 C3=1 R3=1 S3=1 Y2=1 X2=1 Z2=1 C2=1 R2=1 S2=1 Y1=1 X1=1 Z1=1 C1=1 R1=1 S1=1 Y0=1 X0=1 Z0=1 C0=1 R0=1 S0=1] WRegister[P=1 Q=1 Z12=1 C12=8 R12=3 S12=1 Y11=1 X11=1 Z11=1 C11=8 R11=3 S11=1 Y10=1 X10=1 Z10=1 C10=8 R10=3 S10=1 Y9=1 X9=1 Z9=1 C9=8 R9=3 S9=1 Y8=1 X8=1 Z8=1 C8=8 R8=3 S8=1 Y7=1 X7=1 Z7=1 C7=4 R7=3 S7=1 Y6=1 X6=1 Z6=1 C6=4 R6=3 S6=1 Y5=1 X5=1 Z5=1 C5=4 R5=3 S5=1 Y4=1 X4=1 Z4=1 C4=2 R4=3 S4=1 Y3=1 X3=1 Z3=1 C3=2 R3=3 S3=1 Y2=1 X2=1 Z2=1 C2=1 R2=3 S2=1 Y1=1 X1=1 Z1=1 C1=1 R1=3 S1=1 Y0=1 X0=1 Z0=1 C0=1 R0=3 S0=1] IntermediateRegister[P=1 Q=1 Z12=1 C12=1 R12=1 S12=1 Y11=1 X11=1 Z11=8 C11=1 R11=1 S11=1 Y10=1 X10=1 Z10=8 C10=1 R10=1 S10=1 Y9=1 X9=1 Z9=8 C9=1 R9=1 S9=1 Y8=1 X8=1 Z8=8 C8=1 R8=1 S8=1 Y7=1 X7=1 Z7=8 C7=1 R7=1 S7=1 Y6=1 X6=1 Z6=4 C6=1 R6=1 S6=1 Y5=1 X5=1 Z5=4 C5=1 R5=1 S5=1 Y4=1 X4=1 Z4=4 C4=1 R4=1 S4=1 Y3=1 X3=1 Z3=2 C3=1 R3=1 S3=1 Y2=1 X2=1 Z2=2 C2=1 R2=1 S2=1 Y1=1 X1=1 Z1=1 C1=1 R1=1 S1=1 Y0=1 X0=1 Z0=1 C0=1 R0=1 S0=1] OutRegister[P=1 Q=1 Z12=8 C12=1 R12=1 S12=1 Y11=1 X11=1 Z11=1 C11=1 R11=1 S11=1 Y10=1 X10=1 Z10=1 C10=1 R10=1 S10=1 Y9=1 X9=1 Z9=1 C9=1 R9=1 S9=1 Y8=1 X8=1 Z8=1 C8=1 R8=1 S8=1 Y7=1 X7=1 Z7=1 C7=1 R7=1 S7=1 Y6=1 X6=1 Z6=1 C6=1 R6=1 S6=1 Y5=1 X5=1 Z5=1 C5=1 R5=1 S5=1 Y4=1 X4=1 Z4=1 C4=1 R4=1 S4=1 Y3=1 X3=1 Z3=1 C3=1 R3=1 S3=1 Y2=1 X2=1 Z2=1 C2=1 R2=1 S2=1 Y1=1 X1=1 Z1=1 C1=1 R1=1 S1=1 Y0=1 X0=1 Z0=1 C0=1 R0=1 S0=1] Compute] 
vgg16_13layer_2026-02-21T06:54:46.823711,vgg16,13layer,full,13,eyeriss,thesis_arch,1056,524,128,512,4,7,False,False,"Ill-posed constraints:
CONSTRAINTS VIOLATION: Arch: Eyeriss_Constrained_13L_tile7_4x512 -> Level: WRegister: memory footprint: 9579 VS memory available: 4800
CONSTRAINTS VIOLATION: Arch: Eyeriss_Constrained_13L_tile7_4x512 -> Level: IntermediateRegister: memory footprint: 889 VS memory available: 300
CONSTRAINTS VIOLATION: Arch: Eyeriss_Constrained_13L_tile7_4x512 -> Level: OutRegister: memory footprint: 128 VS memory available: 64",0.000e+00,0.000e+00,0.00e+00,0,0.0,0.0,
vgg16_13layer_2026-02-21T06:54:47.315221,vgg16,13layer,full,13,eyeriss,thesis_arch,1056,524,128,512,16,7,False,True,,9.434e+05,5.681e+06,5.38e+06,"(36182374080, 18423974912)",0.0022272435016930103,0.39383697509765625,DRAM[P=14 Q=2 Z12=1 C12=1 R12=1 S12=1 Y11=14 X11=2 Z11=1 C11=1 R11=1 S11=1 Y10=14 X10=2 Z10=1 C10=1 R10=1 S10=1 Y9=28 X9=4 Z9=1 C9=1 R9=1 S9=1 Y8=28 X8=4 Z8=1 C8=1 R8=1 S8=1 Y7=28 X7=4 Z7=1 C7=1 R7=1 S7=1 Y6=56 X6=8 Z6=1 C6=1 R6=1 S6=1 Y5=56 X5=8 Z5=1 C5=1 R5=1 S5=1 Y4=56 X4=8 Z4=1 C4=1 R4=1 S4=1 Y3=112 X3=16 Z3=1 C3=1 R3=1 S3=1 Y2=112 X2=16 Z2=1 C2=1 R2=1 S2=1 Y1=224 X1=32 Z1=1 C1=1 R1=1 S1=1 Y0=224 X0=32 Z0=1 C0=1 R0=1 S0=1] GlobalBuffer[P=1 Q=7 Z12=1 C12=1 R12=1 S12=1 Y11=1 X11=7 Z11=1 C11=1 R11=1 S11=1 Y10=1 X10=7 Z10=1 C10=1 R10=1 S10=1 Y9=1 X9=7 Z9=1 C9=1 R9=1 S9=1 Y8=1 X8=7 Z8=1 C8=1 R8=1 S8=1 Y7=1 X7=7 Z7=1 C7=1 R7=1 S7=1 Y6=1 X6=7 Z6=1 C6=1 R6=1 S6=1 Y5=1 X5=7 Z5=1 C5=1 R5=1 S5=1 Y4=1 X4=7 Z4=1 C4=1 R4=1 S4=1 Y3=1 X3=7 Z3=1 C3=1 R3=1 S3=1 Y2=1 X2=7 Z2=1 C2=1 R2=1 S2=1 Y1=1 X1=7 Z1=1 C1=1 R1=1 S1=1 Y0=1 X0=7 Z0=1 C0=1 R0=1 S0=1] SACols[Q=1 Z12=16] SARows[S12=3 C12=128 Z12=1] SACols_11[X11=1 Z11=16] SARows_11[S11=3 C11=128 Z11=1] SACols_10[X10=1 Z10=16] SARows_10[S10=3 C10=128 Z10=1] SACols_9[X9=1 Z9=16] SARows_9[S9=3 C9=128 Z9=1] SACols_8[X8=1 Z8=16] SARows_8[S8=3 C8=128 Z8=1] SACols_7[X7=1 Z7=16] SARows_7[S7=3 C7=128 Z7=1] SACols_6[X6=1 Z6=16] SARows_6[S6=3 C6=128 Z6=1] SACols_5[X5=1 Z5=16] SARows_5[S5=3 C5=128 Z5=1] SACols_4[X4=1 Z4=16] SARows_4[S4=3 C4=128 Z4=1] SACols_3[X3=1 Z3=16] SARows_3[S3=3 C3=128 Z3=1] SACols_2[X2=1 Z2=16] SARows_2[S2=3 C2=64 Z2=2] SACols_1[X1=1 Z1=16] SARows_1[S1=3 C1=64 Z1=2] SACols_0[X0=1 Z0=16] SARows_0[S0=3 C0=3 Z0=4] InRegister[P=1 Q=1 Z12=1 C12=1 R12=1 S12=1 Y11=1 X11=1 Z11=1 C11=1 R11=1 S11=1 Y10=1 X10=1 Z10=1 C10=1 R10=1 S10=1 Y9=1 X9=1 Z9=1 C9=1 R9=1 S9=1 Y8=1 X8=1 Z8=1 C8=1 R8=1 S8=1 Y7=1 X7=1 Z7=1 C7=1 R7=1 S7=1 Y6=1 X6=1 Z6=1 C6=1 R6=1 S6=1 Y5=1 X5=1 Z5=1 C5=1 R5=1 S5=1 Y4=1 X4=1 Z4=1 C4=1 R4=1 S4=1 Y3=1 X3=1 Z3=1 C3=1 R3=1 S3=1 Y2=1 X2=1 Z2=1 C2=1 R2=1 S2=1 Y1=1 X1=1 Z1=1 C1=1 R1=1 S1=1 Y0=1 X0=1 Z0=1 C0=1 R0=1 S0=1] WRegister[P=1 Q=1 Z12=1 C12=4 R12=3 S12=1 Y11=1 X11=1 Z11=1 C11=4 R11=3 S11=1 Y10=1 X10=1 Z10=1 C10=4 R10=3 S10=1 Y9=1 X9=1 Z9=1 C9=4 R9=3 S9=1 Y8=1 X8=1 Z8=1 C8=4 R8=3 S8=1 Y7=1 X7=1 Z7=1 C7=2 R7=3 S7=1 Y6=1 X6=1 Z6=1 C6=2 R6=3 S6=1 Y5=1 X5=1 Z5=1 C5=2 R5=3 S5=1 Y4=1 X4=1 Z4=1 C4=1 R4=3 S4=1 Y3=1 X3=1 Z3=1 C3=1 R3=3 S3=1 Y2=1 X2=1 Z2=1 C2=1 R2=3 S2=1 Y1=1 X1=1 Z1=1 C1=1 R1=3 S1=1 Y0=1 X0=1 Z0=1 C0=1 R0=3 S0=1] IntermediateRegister[P=1 Q=1 Z12=1 C12=1 R12=1 S12=1 Y11=1 X11=1 Z11=32 C11=1 R11=1 S11=1 Y10=1 X10=1 Z10=32 C10=1 R10=1 S10=1 Y9=1 X9=1 Z9=32 C9=1 R9=1 S9=1 Y8=1 X8=1 Z8=32 C8=1 R8=1 S8=1 Y7=1 X7=1 Z7=32 C7=1 R7=1 S7=1 Y6=1 X6=1 Z6=16 C6=1 R6=1 S6=1 Y5=1 X5=1 Z5=16 C5=1 R5=1 S5=1 Y4=1 X4=1 Z4=16 C4=1 R4=1 S4=1 Y3=1 X3=1 Z3=8 C3=1 R3=1 S3=1 Y2=1 X2=1 Z2=4 C2=1 R2=1 S2=1 Y1=1 X1=1 Z1=2 C1=1 R1=1 S1=1 Y0=1 X0=1 Z0=1 C0=1 R0=1 S0=1] OutRegister[P=1 Q=1 Z12=32 C12=1 R12=1 S12=1 Y11=1 X11=1 Z11=1 C11=1 R11=1 S11=1 Y10=1 X10=1 Z10=1 C10=1 R10=1 S10=1 Y9=1 X9=1 Z9=1 C9=1 R9=1 S9=1 Y8=1 X8=1 Z8=1 C8=1 R8=1 S8=1 Y7=1 X7=1 Z7=1 C7=1 R7=1 S7=1 Y6=1 X6=1 Z6=1 C6=1 R6=1 S6=1 Y5=1 X5=1 Z5=1 C5=1 R5=1 S5=1 Y4=1 X4=1 Z4=1 C4=1 R4=1 S4=1 Y3=1 X3=1 Z3=1 C3=1 R3=1 S3=1 Y2=1 X2=1 Z2=1 C2=1 R2=1 S2=1 Y1=1 X1=1 Z1=1 C1=1 R1=1 S1=1 Y0=1 X0=1 Z0=1 C0=1 R0=1 S0=1] Compute] 
vgg16_13layer_2026-02-21T06:54:48.294484,vgg16,13layer,full,13,eyeriss,thesis_arch,1056,524,128,512,32,7,False,True,,9.517e+05,5.455e+06,5.23e+06,"(38032062144, 18423974912)",0.0011136217508465052,0.30866026878356934,DRAM[P=14 Q=2 Z12=1 C12=1 R12=1 S12=1 Y11=14 X11=2 Z11=1 C11=1 R11=1 S11=1 Y10=14 X10=2 Z10=1 C10=1 R10=1 S10=1 Y9=28 X9=4 Z9=1 C9=1 R9=1 S9=1 Y8=28 X8=4 Z8=1 C8=1 R8=1 S8=1 Y7=28 X7=4 Z7=1 C7=1 R7=1 S7=1 Y6=56 X6=8 Z6=1 C6=1 R6=1 S6=1 Y5=56 X5=8 Z5=1 C5=1 R5=1 S5=1 Y4=56 X4=8 Z4=1 C4=1 R4=1 S4=1 Y3=112 X3=16 Z3=1 C3=1 R3=1 S3=1 Y2=112 X2=16 Z2=1 C2=1 R2=1 S2=1 Y1=224 X1=32 Z1=1 C1=1 R1=1 S1=1 Y0=224 X0=32 Z0=1 C0=1 R0=1 S0=1] GlobalBuffer[P=1 Q=7 Z12=1 C12=1 R12=1 S12=1 Y11=1 X11=7 Z11=1 C11=1 R11=1 S11=1 Y10=1 X10=7 Z10=1 C10=1 R10=1 S10=1 Y9=1 X9=7 Z9=1 C9=1 R9=1 S9=1 Y8=1 X8=7 Z8=1 C8=1 R8=1 S8=1 Y7=1 X7=7 Z7=1 C7=1 R7=1 S7=1 Y6=1 X6=7 Z6=1 C6=1 R6=1 S6=1 Y5=1 X5=7 Z5=1 C5=1 R5=1 S5=1 Y4=1 X4=7 Z4=1 C4=1 R4=1 S4=1 Y3=1 X3=7 Z3=1 C3=1 R3=1 S3=1 Y2=1 X2=7 Z2=1 C2=1 R2=1 S2=1 Y1=1 X1=7 Z1=1 C1=1 R1=1 S1=1 Y0=1 X0=7 Z0=1 C0=1 R0=1 S0=1] SACols[Q=1 Z12=32] SARows[S12=3 C12=128 Z12=1] SACols_11[X11=1 Z11=32] SARows_11[S11=3 C11=128 Z11=1] SACols_10[X10=1 Z10=32] SARows_10[S10=3 C10=128 Z10=1] SACols_9[X9=1 Z9=32] SARows_9[S9=3 C9=128 Z9=1] SACols_8[X8=1 Z8=32] SARows_8[S8=3 C8=128 Z8=1] SACols_7[X7=1 Z7=32] SARows_7[S7=3 C7=128 Z7=1] SACols_6[X6=1 Z6=32] SARows_6[S6=3 C6=128 Z6=1] SACols_5[X5=1 Z5=32] SARows_5[S5=3 C5=128 Z5=1] SACols_4[X4=1 Z4=32] SARows_4[S4=3 C4=128 Z4=1] SACols_3[X3=1 Z3=32] SARows_3[S3=3 C3=128 Z3=1] SACols_2[X2=1 Z2=32] SARows_2[S2=3 C2=64 Z2=2] SACols_1[X1=1 Z1=32] SARows_1[S1=3 C1=64 Z1=2] SACols_0[X0=1 Z0=32] SARows_0[S0=3 C0=3 Z0=2] InRegister[P=1 Q=1 Z12=1 C12=1 R12=1 S12=1 Y11=1 X11=1 Z11=1 C11=1 R11=1 S11=1 Y10=1 X10=1 Z10=1 C10=1 R10=1 S10=1 Y9=1 X9=1 Z9=1 C9=1 R9=1 S9=1 Y8=1 X8=1 Z8=1 C8=1 R8=1 S8=1 Y7=1 X7=1 Z7=1 C7=1 R7=1 S7=1 Y6=1 X6=1 Z6=1 C6=1 R6=1 S6=1 Y5=1 X5=1 Z5=1 C5=1 R5=1 S5=1 Y4=1 X4=1 Z4=1 C4=1 R4=1 S4=1 Y3=1 X3=1 Z3=1 C3=1 R3=1 S3=1 Y2=1 X2=1 Z2=1 C2=1 R2=1 S2=1 Y1=1 X1=1 Z1=1 C1=1 R1=1 S1=1 Y0=1 X0=1 Z0=1 C0=1 R0=1 S0=1] WRegister[P=1 Q=1 Z12=1 C12=4 R12=3 S12=1 Y11=1 X11=1 Z11=1 C11=4 R11=3 S11=1 Y10=1 X10=1 Z10=1 C10=4 R10=3 S10=1 Y9=1 X9=1 Z9=1 C9=4 R9=3 S9=1 Y8=1 X8=1 Z8=1 C8=4 R8=3 S8=1 Y7=1 X7=1 Z7=1 C7=2 R7=3 S7=1 Y6=1 X6=1 Z6=1 C6=2 R6=3 S6=1 Y5=1 X5=1 Z5=1 C5=2 R5=3 S5=1 Y4=1 X4=1 Z4=1 C4=1 R4=3 S4=1 Y3=1 X3=1 Z3=1 C3=1 R3=3 S3=1 Y2=1 X2=1 Z2=1 C2=1 R2=3 S2=1 Y1=1 X1=1 Z1=1 C1=1 R1=3 S1=1 Y0=1 X0=1 Z0=1 C0=1 R0=3 S0=1] IntermediateRegister[P=1 Q=1 Z12=1 C12=1 R12=1 S12=1 Y11=1 X11=1 Z11=16 C11=1 R11=1 S11=1 Y10=1 X10=1 Z10=16 C10=1 R10=1 S10=1 Y9=1 X9=1 Z9=16 C9=1 R9=1 S9=1 Y8=1 X8=1 Z8=16 C8=1 R8=1 S8=1 Y7=1 X7=1 Z7=16 C7=1 R7=1 S7=1 Y6=1 X6=1 Z6=8 C6=1 R6=1 S6=1 Y5=1 X5=1 Z5=8 C5=1 R5=1 S5=1 Y4=1 X4=1 Z4=8 C4=1 R4=1 S4=1 Y3=1 X3=1 Z3=4 C3=1 R3=1 S3=1 Y2=1 X2=1 Z2=2 C2=1 R2=1 S2=1 Y1=1 X1=1 Z1=1 C1=1 R1=1 S1=1 Y0=1 X0=1 Z0=1 C0=1 R0=1 S0=1] OutRegister[P=1 Q=1 Z12=16 C12=1 R12=1 S12=1 Y11=1 X11=1 Z11=1 C11=1 R11=1 S11=1 Y10=1 X10=1 Z10=1 C10=1 R10=1 S10=1 Y9=1 X9=1 Z9=1 C9=1 R9=1 S9=1 Y8=1 X8=1 Z8=1 C8=1 R8=1 S8=1 Y7=1 X7=1 Z7=1 C7=1 R7=1 S7=1 Y6=1 X6=1 Z6=1 C6=1 R6=1 S6=1 Y5=1 X5=1 Z5=1 C5=1 R5=1 S5=1 Y4=1 X4=1 Z4=1 C4=1 R4=1 S4=1 Y3=1 X3=1 Z3=1 C3=1 R3=1 S3=1 Y2=1 X2=1 Z2=1 C2=1 R2=1 S2=1 Y1=1 X1=1 Z1=1 C1=1 R1=1 S1=1 Y0=1 X0=1 Z0=1 C0=1 R0=1 S0=1] Compute] 
