experiment_id,workload_name,workload_variant,fusion_level,num_fused_layers,arch_type,arch_name,fmem_size_kB,wmem_size_kB,gb_size_kB,pe_rows,pe_cols,tile_size,scale_bandwidth,success,error_message,energy_uJ,latency_cycles,edp,mops,utilization,mapping_time_s,mapping
resnet18_17layer_2026-02-25T17:47:06.627175,resnet18,17layer,full,17,eyeriss,thesis_arch,1056,524,128,4,4,1,False,False,"Arch: Eyeriss_Constrained_17L_tile1_4x4 -> Level: SARows_0: Failed to fit comp to arch because the level's constraint (S0: 4) does not divide comp dimension S0 (7) exactly. To compensate, consider setting 'Settings.PADDED_MAPPINGS' to True.",0.000e+00,0.000e+00,0.00e+00,0,0.0,0.0,
resnet18_17layer_2026-02-25T17:47:07.564930,resnet18,17layer,full,17,eyeriss,thesis_arch,1056,524,128,4,16,1,False,False,"Arch: Eyeriss_Constrained_17L_tile1_16x4 -> Level: SARows_0: Failed to fit comp to arch because the level's constraint (S0: 4) does not divide comp dimension S0 (7) exactly. To compensate, consider setting 'Settings.PADDED_MAPPINGS' to True.",0.000e+00,0.000e+00,0.00e+00,0,0.0,0.0,
resnet18_17layer_2026-02-25T17:47:08.077512,resnet18,17layer,full,17,eyeriss,thesis_arch,1056,524,128,4,32,1,False,False,"Arch: Eyeriss_Constrained_17L_tile1_32x4 -> Level: SARows_0: Failed to fit comp to arch because the level's constraint (S0: 4) does not divide comp dimension S0 (7) exactly. To compensate, consider setting 'Settings.PADDED_MAPPINGS' to True.",0.000e+00,0.000e+00,0.00e+00,0,0.0,0.0,
resnet18_17layer_2026-02-25T17:47:08.451466,resnet18,17layer,full,17,eyeriss,thesis_arch,1056,524,128,4,64,1,False,False,"Arch: Eyeriss_Constrained_17L_tile1_64x4 -> Level: SARows_0: Failed to fit comp to arch because the level's constraint (S0: 4) does not divide comp dimension S0 (7) exactly. To compensate, consider setting 'Settings.PADDED_MAPPINGS' to True.",0.000e+00,0.000e+00,0.00e+00,0,0.0,0.0,
resnet18_17layer_2026-02-25T17:47:08.850337,resnet18,17layer,full,17,eyeriss,thesis_arch,1056,524,128,4,128,1,False,False,"Arch: Eyeriss_Constrained_17L_tile1_128x4 -> Level: SARows_0: Failed to fit comp to arch because the level's constraint (S0: 4) does not divide comp dimension S0 (7) exactly. To compensate, consider setting 'Settings.PADDED_MAPPINGS' to True.",0.000e+00,0.000e+00,0.00e+00,0,0.0,0.0,
resnet18_17layer_2026-02-25T17:47:09.299401,resnet18,17layer,full,17,eyeriss,thesis_arch,1056,524,128,4,256,1,False,False,"Arch: Eyeriss_Constrained_17L_tile1_256x4 -> Level: SARows_0: Failed to fit comp to arch because the level's constraint (S0: 4) does not divide comp dimension S0 (7) exactly. To compensate, consider setting 'Settings.PADDED_MAPPINGS' to True.",0.000e+00,0.000e+00,0.00e+00,0,0.0,0.0,
resnet18_17layer_2026-02-25T17:47:09.674319,resnet18,17layer,full,17,eyeriss,thesis_arch,1056,524,128,4,512,1,False,False,"Arch: Eyeriss_Constrained_17L_tile1_512x4 -> Level: SARows_0: Failed to fit comp to arch because the level's constraint (S0: 4) does not divide comp dimension S0 (7) exactly. To compensate, consider setting 'Settings.PADDED_MAPPINGS' to True.",0.000e+00,0.000e+00,0.00e+00,0,0.0,0.0,
resnet18_17layer_2026-02-25T17:47:09.974389,resnet18,17layer,full,17,eyeriss,thesis_arch,1056,524,128,16,4,1,False,False,"Ill-posed constraints:
CONSTRAINTS VIOLATION: Arch: Eyeriss_Constrained_17L_tile1_4x16 -> Level: InRegister: memory footprint: 2584 VS memory available: 400
CONSTRAINTS VIOLATION: Arch: Eyeriss_Constrained_17L_tile1_4x16 -> Level: WRegister: memory footprint: 229032 VS memory available: 4000
CONSTRAINTS VIOLATION: Arch: Eyeriss_Constrained_17L_tile1_4x16 -> Level: IntermediateRegister: memory footprint: 840 VS memory available: 350
CONSTRAINTS VIOLATION: Arch: Eyeriss_Constrained_17L_tile1_4x16 -> Level: OutRegister: memory footprint: 128 VS memory available: 8",0.000e+00,0.000e+00,0.00e+00,0,0.0,0.0,
resnet18_17layer_2026-02-25T17:47:10.345988,resnet18,17layer,full,17,eyeriss,thesis_arch,1056,524,128,16,16,1,False,False,"Ill-posed constraints:
CONSTRAINTS VIOLATION: Arch: Eyeriss_Constrained_17L_tile1_16x16 -> Level: InRegister: memory footprint: 2584 VS memory available: 400
CONSTRAINTS VIOLATION: Arch: Eyeriss_Constrained_17L_tile1_16x16 -> Level: WRegister: memory footprint: 57258 VS memory available: 4000
CONSTRAINTS VIOLATION: Arch: Eyeriss_Constrained_17L_tile1_16x16 -> Level: OutRegister: memory footprint: 32 VS memory available: 8",0.000e+00,0.000e+00,0.00e+00,0,0.0,0.0,
resnet18_17layer_2026-02-25T17:47:10.684651,resnet18,17layer,full,17,eyeriss,thesis_arch,1056,524,128,16,32,1,False,False,"Ill-posed constraints:
CONSTRAINTS VIOLATION: Arch: Eyeriss_Constrained_17L_tile1_32x16 -> Level: InRegister: memory footprint: 2584 VS memory available: 400
CONSTRAINTS VIOLATION: Arch: Eyeriss_Constrained_17L_tile1_32x16 -> Level: WRegister: memory footprint: 28629 VS memory available: 4000
CONSTRAINTS VIOLATION: Arch: Eyeriss_Constrained_17L_tile1_32x16 -> Level: OutRegister: memory footprint: 16 VS memory available: 8",0.000e+00,0.000e+00,0.00e+00,0,0.0,0.0,
resnet18_17layer_2026-02-25T17:47:11.084951,resnet18,17layer,full,17,eyeriss,thesis_arch,1056,524,128,16,64,1,False,False,"Ill-posed constraints:
CONSTRAINTS VIOLATION: Arch: Eyeriss_Constrained_17L_tile1_64x16 -> Level: InRegister: memory footprint: 2584 VS memory available: 400
CONSTRAINTS VIOLATION: Arch: Eyeriss_Constrained_17L_tile1_64x16 -> Level: WRegister: memory footprint: 14325 VS memory available: 4000",0.000e+00,0.000e+00,0.00e+00,0,0.0,0.0,
resnet18_17layer_2026-02-25T17:47:11.494745,resnet18,17layer,full,17,eyeriss,thesis_arch,1056,524,128,16,128,1,False,False,"Ill-posed constraints:
CONSTRAINTS VIOLATION: Arch: Eyeriss_Constrained_17L_tile1_128x16 -> Level: InRegister: memory footprint: 2584 VS memory available: 400
CONSTRAINTS VIOLATION: Arch: Eyeriss_Constrained_17L_tile1_128x16 -> Level: WRegister: memory footprint: 7269 VS memory available: 4000",0.000e+00,0.000e+00,0.00e+00,0,0.0,0.0,
resnet18_17layer_2026-02-25T17:47:11.812561,resnet18,17layer,full,17,eyeriss,thesis_arch,1056,524,128,16,256,1,False,False,"Ill-posed constraints:
CONSTRAINTS VIOLATION: Arch: Eyeriss_Constrained_17L_tile1_256x16 -> Level: InRegister: memory footprint: 2584 VS memory available: 400",0.000e+00,0.000e+00,0.00e+00,0,0.0,0.0,
resnet18_17layer_2026-02-25T17:47:12.231354,resnet18,17layer,full,17,eyeriss,thesis_arch,1056,524,128,16,512,1,False,False,"Ill-posed constraints:
CONSTRAINTS VIOLATION: Arch: Eyeriss_Constrained_17L_tile1_512x16 -> Level: InRegister: memory footprint: 2584 VS memory available: 400",0.000e+00,0.000e+00,0.00e+00,0,0.0,0.0,
resnet18_17layer_2026-02-25T17:47:12.609607,resnet18,17layer,full,17,eyeriss,thesis_arch,1056,524,128,32,4,1,False,False,"Ill-posed constraints:
CONSTRAINTS VIOLATION: Arch: Eyeriss_Constrained_17L_tile1_4x32 -> Level: InRegister: memory footprint: 1286 VS memory available: 400
CONSTRAINTS VIOLATION: Arch: Eyeriss_Constrained_17L_tile1_4x32 -> Level: WRegister: memory footprint: 114544 VS memory available: 4000
CONSTRAINTS VIOLATION: Arch: Eyeriss_Constrained_17L_tile1_4x32 -> Level: IntermediateRegister: memory footprint: 848 VS memory available: 350
CONSTRAINTS VIOLATION: Arch: Eyeriss_Constrained_17L_tile1_4x32 -> Level: OutRegister: memory footprint: 128 VS memory available: 8",0.000e+00,0.000e+00,0.00e+00,0,0.0,0.0,
resnet18_17layer_2026-02-25T17:47:12.940367,resnet18,17layer,full,17,eyeriss,thesis_arch,1056,524,128,32,16,1,False,False,"Ill-posed constraints:
CONSTRAINTS VIOLATION: Arch: Eyeriss_Constrained_17L_tile1_16x32 -> Level: InRegister: memory footprint: 1286 VS memory available: 400
CONSTRAINTS VIOLATION: Arch: Eyeriss_Constrained_17L_tile1_16x32 -> Level: WRegister: memory footprint: 28636 VS memory available: 4000
CONSTRAINTS VIOLATION: Arch: Eyeriss_Constrained_17L_tile1_16x32 -> Level: OutRegister: memory footprint: 32 VS memory available: 8",0.000e+00,0.000e+00,0.00e+00,0,0.0,0.0,
resnet18_17layer_2026-02-25T17:47:13.246796,resnet18,17layer,full,17,eyeriss,thesis_arch,1056,524,128,32,32,1,False,False,"Ill-posed constraints:
CONSTRAINTS VIOLATION: Arch: Eyeriss_Constrained_17L_tile1_32x32 -> Level: InRegister: memory footprint: 1286 VS memory available: 400
CONSTRAINTS VIOLATION: Arch: Eyeriss_Constrained_17L_tile1_32x32 -> Level: WRegister: memory footprint: 14318 VS memory available: 4000
CONSTRAINTS VIOLATION: Arch: Eyeriss_Constrained_17L_tile1_32x32 -> Level: OutRegister: memory footprint: 16 VS memory available: 8",0.000e+00,0.000e+00,0.00e+00,0,0.0,0.0,
resnet18_17layer_2026-02-25T17:47:13.636132,resnet18,17layer,full,17,eyeriss,thesis_arch,1056,524,128,32,64,1,False,False,"Ill-posed constraints:
CONSTRAINTS VIOLATION: Arch: Eyeriss_Constrained_17L_tile1_64x32 -> Level: InRegister: memory footprint: 1286 VS memory available: 400
CONSTRAINTS VIOLATION: Arch: Eyeriss_Constrained_17L_tile1_64x32 -> Level: WRegister: memory footprint: 7159 VS memory available: 4000",0.000e+00,0.000e+00,0.00e+00,0,0.0,0.0,
resnet18_17layer_2026-02-25T17:47:14.061463,resnet18,17layer,full,17,eyeriss,thesis_arch,1056,524,128,32,128,1,False,False,"Ill-posed constraints:
CONSTRAINTS VIOLATION: Arch: Eyeriss_Constrained_17L_tile1_128x32 -> Level: InRegister: memory footprint: 1286 VS memory available: 400",0.000e+00,0.000e+00,0.00e+00,0,0.0,0.0,
resnet18_17layer_2026-02-25T17:47:14.378628,resnet18,17layer,full,17,eyeriss,thesis_arch,1056,524,128,32,256,1,False,False,"Ill-posed constraints:
CONSTRAINTS VIOLATION: Arch: Eyeriss_Constrained_17L_tile1_256x32 -> Level: InRegister: memory footprint: 1286 VS memory available: 400",0.000e+00,0.000e+00,0.00e+00,0,0.0,0.0,
resnet18_17layer_2026-02-25T17:47:14.677306,resnet18,17layer,full,17,eyeriss,thesis_arch,1056,524,128,32,512,1,False,False,"Ill-posed constraints:
CONSTRAINTS VIOLATION: Arch: Eyeriss_Constrained_17L_tile1_512x32 -> Level: InRegister: memory footprint: 1286 VS memory available: 400",0.000e+00,0.000e+00,0.00e+00,0,0.0,0.0,
resnet18_17layer_2026-02-25T17:47:15.075725,resnet18,17layer,full,17,eyeriss,thesis_arch,1056,524,128,64,4,1,False,False,"Ill-posed constraints:
CONSTRAINTS VIOLATION: Arch: Eyeriss_Constrained_17L_tile1_4x64 -> Level: InRegister: memory footprint: 650 VS memory available: 400
CONSTRAINTS VIOLATION: Arch: Eyeriss_Constrained_17L_tile1_4x64 -> Level: WRegister: memory footprint: 57272 VS memory available: 4000
CONSTRAINTS VIOLATION: Arch: Eyeriss_Constrained_17L_tile1_4x64 -> Level: IntermediateRegister: memory footprint: 840 VS memory available: 350
CONSTRAINTS VIOLATION: Arch: Eyeriss_Constrained_17L_tile1_4x64 -> Level: OutRegister: memory footprint: 128 VS memory available: 8",0.000e+00,0.000e+00,0.00e+00,0,0.0,0.0,
resnet18_17layer_2026-02-25T17:47:15.390137,resnet18,17layer,full,17,eyeriss,thesis_arch,1056,524,128,64,16,1,False,False,"Ill-posed constraints:
CONSTRAINTS VIOLATION: Arch: Eyeriss_Constrained_17L_tile1_16x64 -> Level: InRegister: memory footprint: 650 VS memory available: 400
CONSTRAINTS VIOLATION: Arch: Eyeriss_Constrained_17L_tile1_16x64 -> Level: WRegister: memory footprint: 14318 VS memory available: 4000
CONSTRAINTS VIOLATION: Arch: Eyeriss_Constrained_17L_tile1_16x64 -> Level: OutRegister: memory footprint: 32 VS memory available: 8",0.000e+00,0.000e+00,0.00e+00,0,0.0,0.0,
resnet18_17layer_2026-02-25T17:47:15.675398,resnet18,17layer,full,17,eyeriss,thesis_arch,1056,524,128,64,32,1,False,False,"Ill-posed constraints:
CONSTRAINTS VIOLATION: Arch: Eyeriss_Constrained_17L_tile1_32x64 -> Level: InRegister: memory footprint: 650 VS memory available: 400
CONSTRAINTS VIOLATION: Arch: Eyeriss_Constrained_17L_tile1_32x64 -> Level: WRegister: memory footprint: 7159 VS memory available: 4000
CONSTRAINTS VIOLATION: Arch: Eyeriss_Constrained_17L_tile1_32x64 -> Level: OutRegister: memory footprint: 16 VS memory available: 8",0.000e+00,0.000e+00,0.00e+00,0,0.0,0.0,
resnet18_17layer_2026-02-25T17:47:16.044875,resnet18,17layer,full,17,eyeriss,thesis_arch,1056,524,128,64,64,1,False,False,"Ill-posed constraints:
CONSTRAINTS VIOLATION: Arch: Eyeriss_Constrained_17L_tile1_64x64 -> Level: InRegister: memory footprint: 650 VS memory available: 400",0.000e+00,0.000e+00,0.00e+00,0,0.0,0.0,
resnet18_17layer_2026-02-25T17:47:16.341344,resnet18,17layer,full,17,eyeriss,thesis_arch,1056,524,128,64,128,1,False,False,"Ill-posed constraints:
CONSTRAINTS VIOLATION: Arch: Eyeriss_Constrained_17L_tile1_128x64 -> Level: InRegister: memory footprint: 650 VS memory available: 400",0.000e+00,0.000e+00,0.00e+00,0,0.0,0.0,
resnet18_17layer_2026-02-25T17:47:16.693605,resnet18,17layer,full,17,eyeriss,thesis_arch,1056,524,128,64,256,1,False,False,"Ill-posed constraints:
CONSTRAINTS VIOLATION: Arch: Eyeriss_Constrained_17L_tile1_256x64 -> Level: InRegister: memory footprint: 650 VS memory available: 400",0.000e+00,0.000e+00,0.00e+00,0,0.0,0.0,
resnet18_17layer_2026-02-25T17:47:16.967765,resnet18,17layer,full,17,eyeriss,thesis_arch,1056,524,128,128,4,1,False,False,"Ill-posed constraints:
CONSTRAINTS VIOLATION: Arch: Eyeriss_Constrained_17L_tile1_4x128 -> Level: WRegister: memory footprint: 28636 VS memory available: 4000
CONSTRAINTS VIOLATION: Arch: Eyeriss_Constrained_17L_tile1_4x128 -> Level: IntermediateRegister: memory footprint: 836 VS memory available: 350
CONSTRAINTS VIOLATION: Arch: Eyeriss_Constrained_17L_tile1_4x128 -> Level: OutRegister: memory footprint: 128 VS memory available: 8",0.000e+00,0.000e+00,0.00e+00,0,0.0,0.0,
resnet18_17layer_2026-02-25T17:47:17.363490,resnet18,17layer,full,17,eyeriss,thesis_arch,1056,524,128,128,16,1,False,False,"Ill-posed constraints:
CONSTRAINTS VIOLATION: Arch: Eyeriss_Constrained_17L_tile1_16x128 -> Level: WRegister: memory footprint: 7159 VS memory available: 4000
CONSTRAINTS VIOLATION: Arch: Eyeriss_Constrained_17L_tile1_16x128 -> Level: OutRegister: memory footprint: 32 VS memory available: 8",0.000e+00,0.000e+00,0.00e+00,0,0.0,0.0,
resnet18_17layer_2026-02-25T17:47:17.660287,resnet18,17layer,full,17,eyeriss,thesis_arch,1056,524,128,128,32,1,False,False,"Ill-posed constraints:
CONSTRAINTS VIOLATION: Arch: Eyeriss_Constrained_17L_tile1_32x128 -> Level: OutRegister: memory footprint: 16 VS memory available: 8",0.000e+00,0.000e+00,0.00e+00,0,0.0,0.0,
resnet18_17layer_2026-02-25T17:47:18.047262,resnet18,17layer,full,17,eyeriss,thesis_arch,1056,524,128,128,64,1,False,True,,5.714e+04,3.042e+06,1.76e+05,"(6045110464, 2543810304)",0.0016443321164842928,0.3537290096282959,DRAM[P=7 Q=7 Z16=1 C16=1 R16=1 S16=1 Y15=7 X15=7 Z15=1 C15=1 R15=1 S15=1 Y14=7 X14=7 Z14=1 C14=1 R14=1 S14=1 Y13=14 X13=14 Z13=1 C13=1 R13=1 S13=1 Y12=14 X12=14 Z12=1 C12=1 R12=1 S12=1 Y11=14 X11=14 Z11=1 C11=1 R11=1 S11=1 Y10=14 X10=14 Z10=1 C10=1 R10=1 S10=1 Y9=28 X9=28 Z9=1 C9=1 R9=1 S9=1 Y8=28 X8=28 Z8=1 C8=1 R8=1 S8=1 Y7=28 X7=28 Z7=1 C7=1 R7=1 S7=1 Y6=28 X6=28 Z6=1 C6=1 R6=1 S6=1 Y5=56 X5=56 Z5=1 C5=1 R5=1 S5=1 Y4=56 X4=56 Z4=1 C4=1 R4=1 S4=1 Y3=56 X3=56 Z3=1 C3=1 R3=1 S3=1 Y2=56 X2=56 Z2=1 C2=1 R2=1 S2=1 Y1=56 X1=56 Z1=1 C1=1 R1=1 S1=1 Y0=112 X0=112 Z0=1 C0=1 R0=1 S0=1] GlobalBuffer[P=1 Q=1 Z16=1 C16=1 R16=1 S16=1 Y15=1 X15=1 Z15=1 C15=1 R15=1 S15=1 Y14=1 X14=1 Z14=1 C14=1 R14=1 S14=1 Y13=1 X13=1 Z13=1 C13=1 R13=1 S13=1 Y12=1 X12=1 Z12=1 C12=1 R12=1 S12=1 Y11=1 X11=1 Z11=1 C11=1 R11=1 S11=1 Y10=1 X10=1 Z10=1 C10=1 R10=1 S10=1 Y9=1 X9=1 Z9=1 C9=1 R9=1 S9=1 Y8=1 X8=1 Z8=1 C8=1 R8=1 S8=1 Y7=1 X7=1 Z7=1 C7=1 R7=1 S7=1 Y6=1 X6=1 Z6=1 C6=1 R6=1 S6=1 Y5=1 X5=1 Z5=1 C5=1 R5=1 S5=1 Y4=1 X4=1 Z4=1 C4=1 R4=1 S4=1 Y3=1 X3=1 Z3=1 C3=1 R3=1 S3=1 Y2=1 X2=1 Z2=1 C2=1 R2=1 S2=1 Y1=1 X1=1 Z1=1 C1=1 R1=1 S1=1 Y0=1 X0=1 Z0=1 C0=1 R0=1 S0=1] SACols[Q=1 Z16=64] SARows[S16=3 C16=32 Z16=1] SACols_15[X15=1 Z15=64] SARows_15[S15=3 C15=32 Z15=1] SACols_14[X14=1 Z14=64] SARows_14[S14=3 C14=32 Z14=1] SACols_13[X13=1 Z13=64] SARows_13[S13=3 C13=32 Z13=1] SACols_12[X12=1 Z12=64] SARows_12[S12=3 C12=32 Z12=1] SACols_11[X11=1 Z11=64] SARows_11[S11=3 C11=32 Z11=1] SACols_10[X10=1 Z10=64] SARows_10[S10=3 C10=32 Z10=1] SACols_9[X9=1 Z9=64] SARows_9[S9=3 C9=32 Z9=1] SACols_8[X8=1 Z8=64] SARows_8[S8=3 C8=32 Z8=1] SACols_7[X7=1 Z7=64] SARows_7[S7=3 C7=32 Z7=1] SACols_6[X6=1 Z6=64] SARows_6[S6=3 C6=32 Z6=1] SACols_5[X5=1 Z5=64] SARows_5[S5=3 C5=32 Z5=1] SACols_4[X4=1 Z4=64] SARows_4[S4=3 C4=32 Z4=1] SACols_3[X3=1 Z3=64] SARows_3[S3=3 C3=32 Z3=1] SACols_2[X2=1 Z2=64] SARows_2[S2=3 C2=32 Z2=1] SACols_1[X1=1 Z1=64] SARows_1[S1=3 C1=32 Z1=1] SACols_0[X0=1 Z0=64] SARows_0[S0=7 C0=3 Z0=1] InRegister[P=1 Q=1 Z16=1 C16=1 R16=1 S16=1 Y15=1 X15=1 Z15=1 C15=1 R15=1 S15=1 Y14=1 X14=1 Z14=1 C14=1 R14=1 S14=1 Y13=1 X13=1 Z13=1 C13=1 R13=1 S13=1 Y12=1 X12=1 Z12=1 C12=1 R12=1 S12=1 Y11=1 X11=1 Z11=1 C11=1 R11=1 S11=1 Y10=1 X10=1 Z10=1 C10=1 R10=1 S10=1 Y9=1 X9=1 Z9=1 C9=1 R9=1 S9=1 Y8=1 X8=1 Z8=1 C8=1 R8=1 S8=1 Y7=1 X7=1 Z7=1 C7=1 R7=1 S7=1 Y6=1 X6=1 Z6=1 C6=1 R6=1 S6=1 Y5=1 X5=1 Z5=1 C5=1 R5=1 S5=1 Y4=1 X4=1 Z4=1 C4=1 R4=1 S4=1 Y3=1 X3=1 Z3=1 C3=1 R3=1 S3=1 Y2=1 X2=1 Z2=1 C2=1 R2=1 S2=1 Y1=1 X1=1 Z1=1 C1=1 R1=1 S1=1 Y0=1 X0=1 Z0=1 C0=1 R0=1 S0=1] WRegister[P=1 Q=1 Z16=1 C16=16 R16=3 S16=1 Y15=1 X15=1 Z15=1 C15=16 R15=3 S15=1 Y14=1 X14=1 Z14=1 C14=16 R14=3 S14=1 Y13=1 X13=1 Z13=1 C13=8 R13=3 S13=1 Y12=1 X12=1 Z12=1 C12=8 R12=3 S12=1 Y11=1 X11=1 Z11=1 C11=8 R11=3 S11=1 Y10=1 X10=1 Z10=1 C10=8 R10=3 S10=1 Y9=1 X9=1 Z9=1 C9=4 R9=3 S9=1 Y8=1 X8=1 Z8=1 C8=4 R8=3 S8=1 Y7=1 X7=1 Z7=1 C7=4 R7=3 S7=1 Y6=1 X6=1 Z6=1 C6=4 R6=3 S6=1 Y5=1 X5=1 Z5=1 C5=2 R5=3 S5=1 Y4=1 X4=1 Z4=1 C4=2 R4=3 S4=1 Y3=1 X3=1 Z3=1 C3=2 R3=3 S3=1 Y2=1 X2=1 Z2=1 C2=2 R2=3 S2=1 Y1=1 X1=1 Z1=1 C1=2 R1=3 S1=1 Y0=1 X0=1 Z0=1 C0=1 R0=7 S0=1] IntermediateRegister[P=1 Q=1 Z16=1 C16=1 R16=1 S16=1 Y15=1 X15=1 Z15=8 C15=1 R15=1 S15=1 Y14=1 X14=1 Z14=8 C14=1 R14=1 S14=1 Y13=1 X13=1 Z13=8 C13=1 R13=1 S13=1 Y12=1 X12=1 Z12=4 C12=1 R12=1 S12=1 Y11=1 X11=1 Z11=4 C11=1 R11=1 S11=1 Y10=1 X10=1 Z10=4 C10=1 R10=1 S10=1 Y9=1 X9=1 Z9=4 C9=1 R9=1 S9=1 Y8=1 X8=1 Z8=2 C8=1 R8=1 S8=1 Y7=1 X7=1 Z7=2 C7=1 R7=1 S7=1 Y6=1 X6=1 Z6=2 C6=1 R6=1 S6=1 Y5=1 X5=1 Z5=2 C5=1 R5=1 S5=1 Y4=1 X4=1 Z4=1 C4=1 R4=1 S4=1 Y3=1 X3=1 Z3=1 C3=1 R3=1 S3=1 Y2=1 X2=1 Z2=1 C2=1 R2=1 S2=1 Y1=1 X1=1 Z1=1 C1=1 R1=1 S1=1 Y0=1 X0=1 Z0=1 C0=1 R0=1 S0=1] OutRegister[P=1 Q=1 Z16=8 C16=1 R16=1 S16=1 Y15=1 X15=1 Z15=1 C15=1 R15=1 S15=1 Y14=1 X14=1 Z14=1 C14=1 R14=1 S14=1 Y13=1 X13=1 Z13=1 C13=1 R13=1 S13=1 Y12=1 X12=1 Z12=1 C12=1 R12=1 S12=1 Y11=1 X11=1 Z11=1 C11=1 R11=1 S11=1 Y10=1 X10=1 Z10=1 C10=1 R10=1 S10=1 Y9=1 X9=1 Z9=1 C9=1 R9=1 S9=1 Y8=1 X8=1 Z8=1 C8=1 R8=1 S8=1 Y7=1 X7=1 Z7=1 C7=1 R7=1 S7=1 Y6=1 X6=1 Z6=1 C6=1 R6=1 S6=1 Y5=1 X5=1 Z5=1 C5=1 R5=1 S5=1 Y4=1 X4=1 Z4=1 C4=1 R4=1 S4=1 Y3=1 X3=1 Z3=1 C3=1 R3=1 S3=1 Y2=1 X2=1 Z2=1 C2=1 R2=1 S2=1 Y1=1 X1=1 Z1=1 C1=1 R1=1 S1=1 Y0=1 X0=1 Z0=1 C0=1 R0=1 S0=1] Compute] 
resnet18_17layer_2026-02-25T17:47:18.782346,resnet18,17layer,full,17,eyeriss,thesis_arch,1056,524,128,128,128,1,False,True,,5.810e+04,3.042e+06,1.80e+05,"(6536433856, 2543810304)",5.138537864013415e-05,0.3401145935058594,DRAM[P=7 Q=7 Z16=1 C16=1 R16=1 S16=1 Y15=7 X15=7 Z15=1 C15=1 R15=1 S15=1 Y14=7 X14=7 Z14=1 C14=1 R14=1 S14=1 Y13=14 X13=14 Z13=1 C13=1 R13=1 S13=1 Y12=14 X12=14 Z12=1 C12=1 R12=1 S12=1 Y11=14 X11=14 Z11=1 C11=1 R11=1 S11=1 Y10=14 X10=14 Z10=1 C10=1 R10=1 S10=1 Y9=28 X9=28 Z9=1 C9=1 R9=1 S9=1 Y8=28 X8=28 Z8=1 C8=1 R8=1 S8=1 Y7=28 X7=28 Z7=1 C7=1 R7=1 S7=1 Y6=28 X6=28 Z6=1 C6=1 R6=1 S6=1 Y5=56 X5=56 Z5=1 C5=1 R5=1 S5=1 Y4=56 X4=56 Z4=1 C4=1 R4=1 S4=1 Y3=56 X3=56 Z3=1 C3=1 R3=1 S3=1 Y2=56 X2=56 Z2=1 C2=1 R2=1 S2=1 Y1=56 X1=56 Z1=1 C1=1 R1=1 S1=1 Y0=112 X0=112 Z0=1 C0=1 R0=1 S0=1] GlobalBuffer[P=1 Q=1 Z16=1 C16=1 R16=1 S16=1 Y15=1 X15=1 Z15=1 C15=1 R15=1 S15=1 Y14=1 X14=1 Z14=1 C14=1 R14=1 S14=1 Y13=1 X13=1 Z13=1 C13=1 R13=1 S13=1 Y12=1 X12=1 Z12=1 C12=1 R12=1 S12=1 Y11=1 X11=1 Z11=1 C11=1 R11=1 S11=1 Y10=1 X10=1 Z10=1 C10=1 R10=1 S10=1 Y9=1 X9=1 Z9=1 C9=1 R9=1 S9=1 Y8=1 X8=1 Z8=1 C8=1 R8=1 S8=1 Y7=1 X7=1 Z7=1 C7=1 R7=1 S7=1 Y6=1 X6=1 Z6=1 C6=1 R6=1 S6=1 Y5=1 X5=1 Z5=1 C5=1 R5=1 S5=1 Y4=1 X4=1 Z4=1 C4=1 R4=1 S4=1 Y3=1 X3=1 Z3=1 C3=1 R3=1 S3=1 Y2=1 X2=1 Z2=1 C2=1 R2=1 S2=1 Y1=1 X1=1 Z1=1 C1=1 R1=1 S1=1 Y0=1 X0=1 Z0=1 C0=1 R0=1 S0=1] SACols[Q=1 Z16=128] SARows[S16=3 C16=32 Z16=1] SACols_15[X15=1 Z15=128] SARows_15[S15=3 C15=32 Z15=1] SACols_14[X14=1 Z14=128] SARows_14[S14=3 C14=32 Z14=1] SACols_13[X13=1 Z13=128] SARows_13[S13=3 C13=32 Z13=1] SACols_12[X12=1 Z12=128] SARows_12[S12=3 C12=32 Z12=1] SACols_11[X11=1 Z11=128] SARows_11[S11=3 C11=32 Z11=1] SACols_10[X10=1 Z10=128] SARows_10[S10=3 C10=32 Z10=1] SACols_9[X9=1 Z9=128] SARows_9[S9=3 C9=32 Z9=1] SACols_8[X8=1 Z8=128] SARows_8[S8=3 C8=32 Z8=1] SACols_7[X7=1 Z7=128] SARows_7[S7=3 C7=32 Z7=1] SACols_6[X6=1 Z6=128] SARows_6[S6=3 C6=32 Z6=1] SACols_5[X5=1 Z5=128] SARows_5[S5=3 C5=32 Z5=1] SACols_4[X4=1 Z4=64] SARows_4[S4=3 C4=32 Z4=1] SACols_3[X3=1 Z3=64] SARows_3[S3=3 C3=32 Z3=1] SACols_2[X2=1 Z2=64] SARows_2[S2=3 C2=32 Z2=1] SACols_1[X1=1 Z1=64] SARows_1[S1=3 C1=32 Z1=1] SACols_0[X0=1 Z0=64] SARows_0[S0=7 C0=3 Z0=1] InRegister[P=1 Q=1 Z16=1 C16=1 R16=1 S16=1 Y15=1 X15=1 Z15=1 C15=1 R15=1 S15=1 Y14=1 X14=1 Z14=1 C14=1 R14=1 S14=1 Y13=1 X13=1 Z13=1 C13=1 R13=1 S13=1 Y12=1 X12=1 Z12=1 C12=1 R12=1 S12=1 Y11=1 X11=1 Z11=1 C11=1 R11=1 S11=1 Y10=1 X10=1 Z10=1 C10=1 R10=1 S10=1 Y9=1 X9=1 Z9=1 C9=1 R9=1 S9=1 Y8=1 X8=1 Z8=1 C8=1 R8=1 S8=1 Y7=1 X7=1 Z7=1 C7=1 R7=1 S7=1 Y6=1 X6=1 Z6=1 C6=1 R6=1 S6=1 Y5=1 X5=1 Z5=1 C5=1 R5=1 S5=1 Y4=1 X4=1 Z4=1 C4=1 R4=1 S4=1 Y3=1 X3=1 Z3=1 C3=1 R3=1 S3=1 Y2=1 X2=1 Z2=1 C2=1 R2=1 S2=1 Y1=1 X1=1 Z1=1 C1=1 R1=1 S1=1 Y0=1 X0=1 Z0=1 C0=1 R0=1 S0=1] WRegister[P=1 Q=1 Z16=1 C16=16 R16=3 S16=1 Y15=1 X15=1 Z15=1 C15=16 R15=3 S15=1 Y14=1 X14=1 Z14=1 C14=16 R14=3 S14=1 Y13=1 X13=1 Z13=1 C13=8 R13=3 S13=1 Y12=1 X12=1 Z12=1 C12=8 R12=3 S12=1 Y11=1 X11=1 Z11=1 C11=8 R11=3 S11=1 Y10=1 X10=1 Z10=1 C10=8 R10=3 S10=1 Y9=1 X9=1 Z9=1 C9=4 R9=3 S9=1 Y8=1 X8=1 Z8=1 C8=4 R8=3 S8=1 Y7=1 X7=1 Z7=1 C7=4 R7=3 S7=1 Y6=1 X6=1 Z6=1 C6=4 R6=3 S6=1 Y5=1 X5=1 Z5=1 C5=2 R5=3 S5=1 Y4=1 X4=1 Z4=1 C4=2 R4=3 S4=1 Y3=1 X3=1 Z3=1 C3=2 R3=3 S3=1 Y2=1 X2=1 Z2=1 C2=2 R2=3 S2=1 Y1=1 X1=1 Z1=1 C1=2 R1=3 S1=1 Y0=1 X0=1 Z0=1 C0=1 R0=7 S0=1] IntermediateRegister[P=1 Q=1 Z16=1 C16=1 R16=1 S16=1 Y15=1 X15=1 Z15=4 C15=1 R15=1 S15=1 Y14=1 X14=1 Z14=4 C14=1 R14=1 S14=1 Y13=1 X13=1 Z13=4 C13=1 R13=1 S13=1 Y12=1 X12=1 Z12=2 C12=1 R12=1 S12=1 Y11=1 X11=1 Z11=2 C11=1 R11=1 S11=1 Y10=1 X10=1 Z10=2 C10=1 R10=1 S10=1 Y9=1 X9=1 Z9=2 C9=1 R9=1 S9=1 Y8=1 X8=1 Z8=1 C8=1 R8=1 S8=1 Y7=1 X7=1 Z7=1 C7=1 R7=1 S7=1 Y6=1 X6=1 Z6=1 C6=1 R6=1 S6=1 Y5=1 X5=1 Z5=1 C5=1 R5=1 S5=1 Y4=1 X4=1 Z4=1 C4=1 R4=1 S4=1 Y3=1 X3=1 Z3=1 C3=1 R3=1 S3=1 Y2=1 X2=1 Z2=1 C2=1 R2=1 S2=1 Y1=1 X1=1 Z1=1 C1=1 R1=1 S1=1 Y0=1 X0=1 Z0=1 C0=1 R0=1 S0=1] OutRegister[P=1 Q=1 Z16=4 C16=1 R16=1 S16=1 Y15=1 X15=1 Z15=1 C15=1 R15=1 S15=1 Y14=1 X14=1 Z14=1 C14=1 R14=1 S14=1 Y13=1 X13=1 Z13=1 C13=1 R13=1 S13=1 Y12=1 X12=1 Z12=1 C12=1 R12=1 S12=1 Y11=1 X11=1 Z11=1 C11=1 R11=1 S11=1 Y10=1 X10=1 Z10=1 C10=1 R10=1 S10=1 Y9=1 X9=1 Z9=1 C9=1 R9=1 S9=1 Y8=1 X8=1 Z8=1 C8=1 R8=1 S8=1 Y7=1 X7=1 Z7=1 C7=1 R7=1 S7=1 Y6=1 X6=1 Z6=1 C6=1 R6=1 S6=1 Y5=1 X5=1 Z5=1 C5=1 R5=1 S5=1 Y4=1 X4=1 Z4=1 C4=1 R4=1 S4=1 Y3=1 X3=1 Z3=1 C3=1 R3=1 S3=1 Y2=1 X2=1 Z2=1 C2=1 R2=1 S2=1 Y1=1 X1=1 Z1=1 C1=1 R1=1 S1=1 Y0=1 X0=1 Z0=1 C0=1 R0=1 S0=1] Compute] 
resnet18_17layer_2026-02-25T17:47:19.457270,resnet18,17layer,full,17,eyeriss,thesis_arch,1056,524,128,256,4,1,False,False,"Ill-posed constraints:
CONSTRAINTS VIOLATION: Arch: Eyeriss_Constrained_17L_tile1_4x256 -> Level: WRegister: memory footprint: 14318 VS memory available: 4000
CONSTRAINTS VIOLATION: Arch: Eyeriss_Constrained_17L_tile1_4x256 -> Level: IntermediateRegister: memory footprint: 834 VS memory available: 350
CONSTRAINTS VIOLATION: Arch: Eyeriss_Constrained_17L_tile1_4x256 -> Level: OutRegister: memory footprint: 128 VS memory available: 8",0.000e+00,0.000e+00,0.00e+00,0,0.0,0.0,
resnet18_17layer_2026-02-25T17:47:19.782858,resnet18,17layer,full,17,eyeriss,thesis_arch,1056,524,128,256,16,1,False,False,"Ill-posed constraints:
CONSTRAINTS VIOLATION: Arch: Eyeriss_Constrained_17L_tile1_16x256 -> Level: OutRegister: memory footprint: 32 VS memory available: 8",0.000e+00,0.000e+00,0.00e+00,0,0.0,0.0,
resnet18_17layer_2026-02-25T17:47:20.067157,resnet18,17layer,full,17,eyeriss,thesis_arch,1056,524,128,256,32,1,False,False,"Ill-posed constraints:
CONSTRAINTS VIOLATION: Arch: Eyeriss_Constrained_17L_tile1_32x256 -> Level: OutRegister: memory footprint: 16 VS memory available: 8",0.000e+00,0.000e+00,0.00e+00,0,0.0,0.0,
resnet18_17layer_2026-02-25T17:47:20.436788,resnet18,17layer,full,17,eyeriss,thesis_arch,1056,524,128,256,64,1,False,True,,5.780e+04,3.042e+06,1.78e+05,"(6237786304, 2736486144)",0.0008221660582421464,0.29828548431396484,DRAM[P=7 Q=7 Z16=1 C16=1 R16=1 S16=1 Y15=7 X15=7 Z15=1 C15=1 R15=1 S15=1 Y14=7 X14=7 Z14=1 C14=1 R14=1 S14=1 Y13=14 X13=14 Z13=1 C13=1 R13=1 S13=1 Y12=14 X12=14 Z12=1 C12=1 R12=1 S12=1 Y11=14 X11=14 Z11=1 C11=1 R11=1 S11=1 Y10=14 X10=14 Z10=1 C10=1 R10=1 S10=1 Y9=28 X9=28 Z9=1 C9=1 R9=1 S9=1 Y8=28 X8=28 Z8=1 C8=1 R8=1 S8=1 Y7=28 X7=28 Z7=1 C7=1 R7=1 S7=1 Y6=28 X6=28 Z6=1 C6=1 R6=1 S6=1 Y5=56 X5=56 Z5=1 C5=1 R5=1 S5=1 Y4=56 X4=56 Z4=1 C4=1 R4=1 S4=1 Y3=56 X3=56 Z3=1 C3=1 R3=1 S3=1 Y2=56 X2=56 Z2=1 C2=1 R2=1 S2=1 Y1=56 X1=56 Z1=1 C1=1 R1=1 S1=1 Y0=112 X0=112 Z0=1 C0=1 R0=1 S0=1] GlobalBuffer[P=1 Q=1 Z16=1 C16=1 R16=1 S16=1 Y15=1 X15=1 Z15=1 C15=1 R15=1 S15=1 Y14=1 X14=1 Z14=1 C14=1 R14=1 S14=1 Y13=1 X13=1 Z13=1 C13=1 R13=1 S13=1 Y12=1 X12=1 Z12=1 C12=1 R12=1 S12=1 Y11=1 X11=1 Z11=1 C11=1 R11=1 S11=1 Y10=1 X10=1 Z10=1 C10=1 R10=1 S10=1 Y9=1 X9=1 Z9=1 C9=1 R9=1 S9=1 Y8=1 X8=1 Z8=1 C8=1 R8=1 S8=1 Y7=1 X7=1 Z7=1 C7=1 R7=1 S7=1 Y6=1 X6=1 Z6=1 C6=1 R6=1 S6=1 Y5=1 X5=1 Z5=1 C5=1 R5=1 S5=1 Y4=1 X4=1 Z4=1 C4=1 R4=1 S4=1 Y3=1 X3=1 Z3=1 C3=1 R3=1 S3=1 Y2=1 X2=1 Z2=1 C2=1 R2=1 S2=1 Y1=1 X1=1 Z1=1 C1=1 R1=1 S1=1 Y0=1 X0=1 Z0=1 C0=1 R0=1 S0=1] SACols[Q=1 Z16=64] SARows[S16=3 C16=64 Z16=1] SACols_15[X15=1 Z15=64] SARows_15[S15=3 C15=64 Z15=1] SACols_14[X14=1 Z14=64] SARows_14[S14=3 C14=64 Z14=1] SACols_13[X13=1 Z13=64] SARows_13[S13=3 C13=64 Z13=1] SACols_12[X12=1 Z12=64] SARows_12[S12=3 C12=64 Z12=1] SACols_11[X11=1 Z11=64] SARows_11[S11=3 C11=64 Z11=1] SACols_10[X10=1 Z10=64] SARows_10[S10=3 C10=64 Z10=1] SACols_9[X9=1 Z9=64] SARows_9[S9=3 C9=64 Z9=1] SACols_8[X8=1 Z8=64] SARows_8[S8=3 C8=64 Z8=1] SACols_7[X7=1 Z7=64] SARows_7[S7=3 C7=64 Z7=1] SACols_6[X6=1 Z6=64] SARows_6[S6=3 C6=64 Z6=1] SACols_5[X5=1 Z5=64] SARows_5[S5=3 C5=64 Z5=1] SACols_4[X4=1 Z4=64] SARows_4[S4=3 C4=64 Z4=1] SACols_3[X3=1 Z3=64] SARows_3[S3=3 C3=64 Z3=1] SACols_2[X2=1 Z2=64] SARows_2[S2=3 C2=64 Z2=1] SACols_1[X1=1 Z1=64] SARows_1[S1=3 C1=64 Z1=1] SACols_0[X0=1 Z0=64] SARows_0[S0=7 C0=3 Z0=1] InRegister[P=1 Q=1 Z16=1 C16=1 R16=1 S16=1 Y15=1 X15=1 Z15=1 C15=1 R15=1 S15=1 Y14=1 X14=1 Z14=1 C14=1 R14=1 S14=1 Y13=1 X13=1 Z13=1 C13=1 R13=1 S13=1 Y12=1 X12=1 Z12=1 C12=1 R12=1 S12=1 Y11=1 X11=1 Z11=1 C11=1 R11=1 S11=1 Y10=1 X10=1 Z10=1 C10=1 R10=1 S10=1 Y9=1 X9=1 Z9=1 C9=1 R9=1 S9=1 Y8=1 X8=1 Z8=1 C8=1 R8=1 S8=1 Y7=1 X7=1 Z7=1 C7=1 R7=1 S7=1 Y6=1 X6=1 Z6=1 C6=1 R6=1 S6=1 Y5=1 X5=1 Z5=1 C5=1 R5=1 S5=1 Y4=1 X4=1 Z4=1 C4=1 R4=1 S4=1 Y3=1 X3=1 Z3=1 C3=1 R3=1 S3=1 Y2=1 X2=1 Z2=1 C2=1 R2=1 S2=1 Y1=1 X1=1 Z1=1 C1=1 R1=1 S1=1 Y0=1 X0=1 Z0=1 C0=1 R0=1 S0=1] WRegister[P=1 Q=1 Z16=1 C16=8 R16=3 S16=1 Y15=1 X15=1 Z15=1 C15=8 R15=3 S15=1 Y14=1 X14=1 Z14=1 C14=8 R14=3 S14=1 Y13=1 X13=1 Z13=1 C13=4 R13=3 S13=1 Y12=1 X12=1 Z12=1 C12=4 R12=3 S12=1 Y11=1 X11=1 Z11=1 C11=4 R11=3 S11=1 Y10=1 X10=1 Z10=1 C10=4 R10=3 S10=1 Y9=1 X9=1 Z9=1 C9=2 R9=3 S9=1 Y8=1 X8=1 Z8=1 C8=2 R8=3 S8=1 Y7=1 X7=1 Z7=1 C7=2 R7=3 S7=1 Y6=1 X6=1 Z6=1 C6=2 R6=3 S6=1 Y5=1 X5=1 Z5=1 C5=1 R5=3 S5=1 Y4=1 X4=1 Z4=1 C4=1 R4=3 S4=1 Y3=1 X3=1 Z3=1 C3=1 R3=3 S3=1 Y2=1 X2=1 Z2=1 C2=1 R2=3 S2=1 Y1=1 X1=1 Z1=1 C1=1 R1=3 S1=1 Y0=1 X0=1 Z0=1 C0=1 R0=7 S0=1] IntermediateRegister[P=1 Q=1 Z16=1 C16=1 R16=1 S16=1 Y15=1 X15=1 Z15=8 C15=1 R15=1 S15=1 Y14=1 X14=1 Z14=8 C14=1 R14=1 S14=1 Y13=1 X13=1 Z13=8 C13=1 R13=1 S13=1 Y12=1 X12=1 Z12=4 C12=1 R12=1 S12=1 Y11=1 X11=1 Z11=4 C11=1 R11=1 S11=1 Y10=1 X10=1 Z10=4 C10=1 R10=1 S10=1 Y9=1 X9=1 Z9=4 C9=1 R9=1 S9=1 Y8=1 X8=1 Z8=2 C8=1 R8=1 S8=1 Y7=1 X7=1 Z7=2 C7=1 R7=1 S7=1 Y6=1 X6=1 Z6=2 C6=1 R6=1 S6=1 Y5=1 X5=1 Z5=2 C5=1 R5=1 S5=1 Y4=1 X4=1 Z4=1 C4=1 R4=1 S4=1 Y3=1 X3=1 Z3=1 C3=1 R3=1 S3=1 Y2=1 X2=1 Z2=1 C2=1 R2=1 S2=1 Y1=1 X1=1 Z1=1 C1=1 R1=1 S1=1 Y0=1 X0=1 Z0=1 C0=1 R0=1 S0=1] OutRegister[P=1 Q=1 Z16=8 C16=1 R16=1 S16=1 Y15=1 X15=1 Z15=1 C15=1 R15=1 S15=1 Y14=1 X14=1 Z14=1 C14=1 R14=1 S14=1 Y13=1 X13=1 Z13=1 C13=1 R13=1 S13=1 Y12=1 X12=1 Z12=1 C12=1 R12=1 S12=1 Y11=1 X11=1 Z11=1 C11=1 R11=1 S11=1 Y10=1 X10=1 Z10=1 C10=1 R10=1 S10=1 Y9=1 X9=1 Z9=1 C9=1 R9=1 S9=1 Y8=1 X8=1 Z8=1 C8=1 R8=1 S8=1 Y7=1 X7=1 Z7=1 C7=1 R7=1 S7=1 Y6=1 X6=1 Z6=1 C6=1 R6=1 S6=1 Y5=1 X5=1 Z5=1 C5=1 R5=1 S5=1 Y4=1 X4=1 Z4=1 C4=1 R4=1 S4=1 Y3=1 X3=1 Z3=1 C3=1 R3=1 S3=1 Y2=1 X2=1 Z2=1 C2=1 R2=1 S2=1 Y1=1 X1=1 Z1=1 C1=1 R1=1 S1=1 Y0=1 X0=1 Z0=1 C0=1 R0=1 S0=1] Compute] 
resnet18_17layer_2026-02-25T17:47:21.127105,resnet18,17layer,full,17,eyeriss,thesis_arch,1056,524,128,512,4,1,False,False,"Ill-posed constraints:
CONSTRAINTS VIOLATION: Arch: Eyeriss_Constrained_17L_tile1_4x512 -> Level: WRegister: memory footprint: 7159 VS memory available: 4000
CONSTRAINTS VIOLATION: Arch: Eyeriss_Constrained_17L_tile1_4x512 -> Level: IntermediateRegister: memory footprint: 785 VS memory available: 350
CONSTRAINTS VIOLATION: Arch: Eyeriss_Constrained_17L_tile1_4x512 -> Level: OutRegister: memory footprint: 128 VS memory available: 8",0.000e+00,0.000e+00,0.00e+00,0,0.0,0.0,
resnet18_17layer_2026-02-25T17:47:21.511974,resnet18,17layer,full,17,eyeriss,thesis_arch,1056,524,128,512,16,1,False,False,"Ill-posed constraints:
CONSTRAINTS VIOLATION: Arch: Eyeriss_Constrained_17L_tile1_16x512 -> Level: OutRegister: memory footprint: 32 VS memory available: 8",0.000e+00,0.000e+00,0.00e+00,0,0.0,0.0,
resnet18_17layer_2026-02-25T17:47:21.899768,resnet18,17layer,full,17,eyeriss,thesis_arch,1056,524,128,512,32,1,False,False,"Ill-posed constraints:
CONSTRAINTS VIOLATION: Arch: Eyeriss_Constrained_17L_tile1_32x512 -> Level: OutRegister: memory footprint: 16 VS memory available: 8",0.000e+00,0.000e+00,0.00e+00,0,0.0,0.0,
resnet18_17layer_2026-02-25T17:47:22.269594,resnet18,17layer,full,17,eyeriss,thesis_arch,1056,524,128,4,4,1,False,False,"Arch: Eyeriss_Constrained_17L_tile1_4x4 -> Level: SARows_0: Failed to fit comp to arch because the level's constraint (S0: 4) does not divide comp dimension S0 (7) exactly. To compensate, consider setting 'Settings.PADDED_MAPPINGS' to True.",0.000e+00,0.000e+00,0.00e+00,0,0.0,0.0,
resnet18_17layer_2026-02-25T17:47:22.548193,resnet18,17layer,full,17,eyeriss,thesis_arch,1056,524,128,4,16,1,False,False,"Arch: Eyeriss_Constrained_17L_tile1_16x4 -> Level: SARows_0: Failed to fit comp to arch because the level's constraint (S0: 4) does not divide comp dimension S0 (7) exactly. To compensate, consider setting 'Settings.PADDED_MAPPINGS' to True.",0.000e+00,0.000e+00,0.00e+00,0,0.0,0.0,
resnet18_17layer_2026-02-25T17:47:22.930702,resnet18,17layer,full,17,eyeriss,thesis_arch,1056,524,128,4,32,1,False,False,"Arch: Eyeriss_Constrained_17L_tile1_32x4 -> Level: SARows_0: Failed to fit comp to arch because the level's constraint (S0: 4) does not divide comp dimension S0 (7) exactly. To compensate, consider setting 'Settings.PADDED_MAPPINGS' to True.",0.000e+00,0.000e+00,0.00e+00,0,0.0,0.0,
resnet18_17layer_2026-02-25T17:47:23.559476,resnet18,17layer,full,17,eyeriss,thesis_arch,1056,524,128,4,64,1,False,False,"Arch: Eyeriss_Constrained_17L_tile1_64x4 -> Level: SARows_0: Failed to fit comp to arch because the level's constraint (S0: 4) does not divide comp dimension S0 (7) exactly. To compensate, consider setting 'Settings.PADDED_MAPPINGS' to True.",0.000e+00,0.000e+00,0.00e+00,0,0.0,0.0,
resnet18_17layer_2026-02-25T17:47:24.027567,resnet18,17layer,full,17,eyeriss,thesis_arch,1056,524,128,4,128,1,False,False,"Arch: Eyeriss_Constrained_17L_tile1_128x4 -> Level: SARows_0: Failed to fit comp to arch because the level's constraint (S0: 4) does not divide comp dimension S0 (7) exactly. To compensate, consider setting 'Settings.PADDED_MAPPINGS' to True.",0.000e+00,0.000e+00,0.00e+00,0,0.0,0.0,
resnet18_17layer_2026-02-25T17:47:24.417211,resnet18,17layer,full,17,eyeriss,thesis_arch,1056,524,128,4,256,1,False,False,"Arch: Eyeriss_Constrained_17L_tile1_256x4 -> Level: SARows_0: Failed to fit comp to arch because the level's constraint (S0: 4) does not divide comp dimension S0 (7) exactly. To compensate, consider setting 'Settings.PADDED_MAPPINGS' to True.",0.000e+00,0.000e+00,0.00e+00,0,0.0,0.0,
resnet18_17layer_2026-02-25T17:47:24.765333,resnet18,17layer,full,17,eyeriss,thesis_arch,1056,524,128,4,512,1,False,False,"Arch: Eyeriss_Constrained_17L_tile1_512x4 -> Level: SARows_0: Failed to fit comp to arch because the level's constraint (S0: 4) does not divide comp dimension S0 (7) exactly. To compensate, consider setting 'Settings.PADDED_MAPPINGS' to True.",0.000e+00,0.000e+00,0.00e+00,0,0.0,0.0,
resnet18_17layer_2026-02-25T17:47:25.030341,resnet18,17layer,full,17,eyeriss,thesis_arch,1056,524,128,16,4,1,False,False,"Ill-posed constraints:
CONSTRAINTS VIOLATION: Arch: Eyeriss_Constrained_17L_tile1_4x16 -> Level: InRegister: memory footprint: 2584 VS memory available: 400
CONSTRAINTS VIOLATION: Arch: Eyeriss_Constrained_17L_tile1_4x16 -> Level: WRegister: memory footprint: 229032 VS memory available: 4000
CONSTRAINTS VIOLATION: Arch: Eyeriss_Constrained_17L_tile1_4x16 -> Level: IntermediateRegister: memory footprint: 840 VS memory available: 350
CONSTRAINTS VIOLATION: Arch: Eyeriss_Constrained_17L_tile1_4x16 -> Level: OutRegister: memory footprint: 128 VS memory available: 16",0.000e+00,0.000e+00,0.00e+00,0,0.0,0.0,
resnet18_17layer_2026-02-25T17:47:25.310173,resnet18,17layer,full,17,eyeriss,thesis_arch,1056,524,128,16,16,1,False,False,"Ill-posed constraints:
CONSTRAINTS VIOLATION: Arch: Eyeriss_Constrained_17L_tile1_16x16 -> Level: InRegister: memory footprint: 2584 VS memory available: 400
CONSTRAINTS VIOLATION: Arch: Eyeriss_Constrained_17L_tile1_16x16 -> Level: WRegister: memory footprint: 57258 VS memory available: 4000
CONSTRAINTS VIOLATION: Arch: Eyeriss_Constrained_17L_tile1_16x16 -> Level: OutRegister: memory footprint: 32 VS memory available: 16",0.000e+00,0.000e+00,0.00e+00,0,0.0,0.0,
resnet18_17layer_2026-02-25T17:47:25.678322,resnet18,17layer,full,17,eyeriss,thesis_arch,1056,524,128,16,32,1,False,False,"Ill-posed constraints:
CONSTRAINTS VIOLATION: Arch: Eyeriss_Constrained_17L_tile1_32x16 -> Level: InRegister: memory footprint: 2584 VS memory available: 400
CONSTRAINTS VIOLATION: Arch: Eyeriss_Constrained_17L_tile1_32x16 -> Level: WRegister: memory footprint: 28629 VS memory available: 4000",0.000e+00,0.000e+00,0.00e+00,0,0.0,0.0,
resnet18_17layer_2026-02-25T17:47:25.978995,resnet18,17layer,full,17,eyeriss,thesis_arch,1056,524,128,16,64,1,False,False,"Ill-posed constraints:
CONSTRAINTS VIOLATION: Arch: Eyeriss_Constrained_17L_tile1_64x16 -> Level: InRegister: memory footprint: 2584 VS memory available: 400
CONSTRAINTS VIOLATION: Arch: Eyeriss_Constrained_17L_tile1_64x16 -> Level: WRegister: memory footprint: 14325 VS memory available: 4000",0.000e+00,0.000e+00,0.00e+00,0,0.0,0.0,
resnet18_17layer_2026-02-25T17:47:26.332280,resnet18,17layer,full,17,eyeriss,thesis_arch,1056,524,128,16,128,1,False,False,"Ill-posed constraints:
CONSTRAINTS VIOLATION: Arch: Eyeriss_Constrained_17L_tile1_128x16 -> Level: InRegister: memory footprint: 2584 VS memory available: 400
CONSTRAINTS VIOLATION: Arch: Eyeriss_Constrained_17L_tile1_128x16 -> Level: WRegister: memory footprint: 7269 VS memory available: 4000",0.000e+00,0.000e+00,0.00e+00,0,0.0,0.0,
resnet18_17layer_2026-02-25T17:47:26.642811,resnet18,17layer,full,17,eyeriss,thesis_arch,1056,524,128,16,256,1,False,False,"Ill-posed constraints:
CONSTRAINTS VIOLATION: Arch: Eyeriss_Constrained_17L_tile1_256x16 -> Level: InRegister: memory footprint: 2584 VS memory available: 400",0.000e+00,0.000e+00,0.00e+00,0,0.0,0.0,
resnet18_17layer_2026-02-25T17:47:26.899661,resnet18,17layer,full,17,eyeriss,thesis_arch,1056,524,128,16,512,1,False,False,"Ill-posed constraints:
CONSTRAINTS VIOLATION: Arch: Eyeriss_Constrained_17L_tile1_512x16 -> Level: InRegister: memory footprint: 2584 VS memory available: 400",0.000e+00,0.000e+00,0.00e+00,0,0.0,0.0,
resnet18_17layer_2026-02-25T17:47:27.163414,resnet18,17layer,full,17,eyeriss,thesis_arch,1056,524,128,32,4,1,False,False,"Ill-posed constraints:
CONSTRAINTS VIOLATION: Arch: Eyeriss_Constrained_17L_tile1_4x32 -> Level: InRegister: memory footprint: 1286 VS memory available: 400
CONSTRAINTS VIOLATION: Arch: Eyeriss_Constrained_17L_tile1_4x32 -> Level: WRegister: memory footprint: 114544 VS memory available: 4000
CONSTRAINTS VIOLATION: Arch: Eyeriss_Constrained_17L_tile1_4x32 -> Level: IntermediateRegister: memory footprint: 848 VS memory available: 350
CONSTRAINTS VIOLATION: Arch: Eyeriss_Constrained_17L_tile1_4x32 -> Level: OutRegister: memory footprint: 128 VS memory available: 16",0.000e+00,0.000e+00,0.00e+00,0,0.0,0.0,
resnet18_17layer_2026-02-25T17:47:27.483753,resnet18,17layer,full,17,eyeriss,thesis_arch,1056,524,128,32,16,1,False,False,"Ill-posed constraints:
CONSTRAINTS VIOLATION: Arch: Eyeriss_Constrained_17L_tile1_16x32 -> Level: InRegister: memory footprint: 1286 VS memory available: 400
CONSTRAINTS VIOLATION: Arch: Eyeriss_Constrained_17L_tile1_16x32 -> Level: WRegister: memory footprint: 28636 VS memory available: 4000
CONSTRAINTS VIOLATION: Arch: Eyeriss_Constrained_17L_tile1_16x32 -> Level: OutRegister: memory footprint: 32 VS memory available: 16",0.000e+00,0.000e+00,0.00e+00,0,0.0,0.0,
resnet18_17layer_2026-02-25T17:47:27.771752,resnet18,17layer,full,17,eyeriss,thesis_arch,1056,524,128,32,32,1,False,False,"Ill-posed constraints:
CONSTRAINTS VIOLATION: Arch: Eyeriss_Constrained_17L_tile1_32x32 -> Level: InRegister: memory footprint: 1286 VS memory available: 400
CONSTRAINTS VIOLATION: Arch: Eyeriss_Constrained_17L_tile1_32x32 -> Level: WRegister: memory footprint: 14318 VS memory available: 4000",0.000e+00,0.000e+00,0.00e+00,0,0.0,0.0,
resnet18_17layer_2026-02-25T17:47:28.439985,resnet18,17layer,full,17,eyeriss,thesis_arch,1056,524,128,32,64,1,False,False,"Ill-posed constraints:
CONSTRAINTS VIOLATION: Arch: Eyeriss_Constrained_17L_tile1_64x32 -> Level: InRegister: memory footprint: 1286 VS memory available: 400
CONSTRAINTS VIOLATION: Arch: Eyeriss_Constrained_17L_tile1_64x32 -> Level: WRegister: memory footprint: 7159 VS memory available: 4000",0.000e+00,0.000e+00,0.00e+00,0,0.0,0.0,
resnet18_17layer_2026-02-25T17:47:29.695308,resnet18,17layer,full,17,eyeriss,thesis_arch,1056,524,128,32,128,1,False,False,"Ill-posed constraints:
CONSTRAINTS VIOLATION: Arch: Eyeriss_Constrained_17L_tile1_128x32 -> Level: InRegister: memory footprint: 1286 VS memory available: 400",0.000e+00,0.000e+00,0.00e+00,0,0.0,0.0,
resnet18_17layer_2026-02-25T17:47:30.533612,resnet18,17layer,full,17,eyeriss,thesis_arch,1056,524,128,32,256,1,False,False,"Ill-posed constraints:
CONSTRAINTS VIOLATION: Arch: Eyeriss_Constrained_17L_tile1_256x32 -> Level: InRegister: memory footprint: 1286 VS memory available: 400",0.000e+00,0.000e+00,0.00e+00,0,0.0,0.0,
resnet18_17layer_2026-02-25T17:47:31.700672,resnet18,17layer,full,17,eyeriss,thesis_arch,1056,524,128,32,512,1,False,False,"Ill-posed constraints:
CONSTRAINTS VIOLATION: Arch: Eyeriss_Constrained_17L_tile1_512x32 -> Level: InRegister: memory footprint: 1286 VS memory available: 400",0.000e+00,0.000e+00,0.00e+00,0,0.0,0.0,
resnet18_17layer_2026-02-25T17:47:32.521446,resnet18,17layer,full,17,eyeriss,thesis_arch,1056,524,128,64,4,1,False,False,"Ill-posed constraints:
CONSTRAINTS VIOLATION: Arch: Eyeriss_Constrained_17L_tile1_4x64 -> Level: InRegister: memory footprint: 650 VS memory available: 400
CONSTRAINTS VIOLATION: Arch: Eyeriss_Constrained_17L_tile1_4x64 -> Level: WRegister: memory footprint: 57272 VS memory available: 4000
CONSTRAINTS VIOLATION: Arch: Eyeriss_Constrained_17L_tile1_4x64 -> Level: IntermediateRegister: memory footprint: 840 VS memory available: 350
CONSTRAINTS VIOLATION: Arch: Eyeriss_Constrained_17L_tile1_4x64 -> Level: OutRegister: memory footprint: 128 VS memory available: 16",0.000e+00,0.000e+00,0.00e+00,0,0.0,0.0,
resnet18_17layer_2026-02-25T17:47:33.047188,resnet18,17layer,full,17,eyeriss,thesis_arch,1056,524,128,64,16,1,False,False,"Ill-posed constraints:
CONSTRAINTS VIOLATION: Arch: Eyeriss_Constrained_17L_tile1_16x64 -> Level: InRegister: memory footprint: 650 VS memory available: 400
CONSTRAINTS VIOLATION: Arch: Eyeriss_Constrained_17L_tile1_16x64 -> Level: WRegister: memory footprint: 14318 VS memory available: 4000
CONSTRAINTS VIOLATION: Arch: Eyeriss_Constrained_17L_tile1_16x64 -> Level: OutRegister: memory footprint: 32 VS memory available: 16",0.000e+00,0.000e+00,0.00e+00,0,0.0,0.0,
resnet18_17layer_2026-02-25T17:47:33.550644,resnet18,17layer,full,17,eyeriss,thesis_arch,1056,524,128,64,32,1,False,False,"Ill-posed constraints:
CONSTRAINTS VIOLATION: Arch: Eyeriss_Constrained_17L_tile1_32x64 -> Level: InRegister: memory footprint: 650 VS memory available: 400
CONSTRAINTS VIOLATION: Arch: Eyeriss_Constrained_17L_tile1_32x64 -> Level: WRegister: memory footprint: 7159 VS memory available: 4000",0.000e+00,0.000e+00,0.00e+00,0,0.0,0.0,
resnet18_17layer_2026-02-25T17:47:34.066437,resnet18,17layer,full,17,eyeriss,thesis_arch,1056,524,128,64,64,1,False,False,"Ill-posed constraints:
CONSTRAINTS VIOLATION: Arch: Eyeriss_Constrained_17L_tile1_64x64 -> Level: InRegister: memory footprint: 650 VS memory available: 400",0.000e+00,0.000e+00,0.00e+00,0,0.0,0.0,
resnet18_17layer_2026-02-25T17:47:34.408519,resnet18,17layer,full,17,eyeriss,thesis_arch,1056,524,128,64,128,1,False,False,"Ill-posed constraints:
CONSTRAINTS VIOLATION: Arch: Eyeriss_Constrained_17L_tile1_128x64 -> Level: InRegister: memory footprint: 650 VS memory available: 400",0.000e+00,0.000e+00,0.00e+00,0,0.0,0.0,
resnet18_17layer_2026-02-25T17:47:34.788973,resnet18,17layer,full,17,eyeriss,thesis_arch,1056,524,128,64,256,1,False,False,"Ill-posed constraints:
CONSTRAINTS VIOLATION: Arch: Eyeriss_Constrained_17L_tile1_256x64 -> Level: InRegister: memory footprint: 650 VS memory available: 400",0.000e+00,0.000e+00,0.00e+00,0,0.0,0.0,
resnet18_17layer_2026-02-25T17:47:35.137642,resnet18,17layer,full,17,eyeriss,thesis_arch,1056,524,128,128,4,1,False,False,"Ill-posed constraints:
CONSTRAINTS VIOLATION: Arch: Eyeriss_Constrained_17L_tile1_4x128 -> Level: WRegister: memory footprint: 28636 VS memory available: 4000
CONSTRAINTS VIOLATION: Arch: Eyeriss_Constrained_17L_tile1_4x128 -> Level: IntermediateRegister: memory footprint: 836 VS memory available: 350
CONSTRAINTS VIOLATION: Arch: Eyeriss_Constrained_17L_tile1_4x128 -> Level: OutRegister: memory footprint: 128 VS memory available: 16",0.000e+00,0.000e+00,0.00e+00,0,0.0,0.0,
resnet18_17layer_2026-02-25T17:47:35.438328,resnet18,17layer,full,17,eyeriss,thesis_arch,1056,524,128,128,16,1,False,False,"Ill-posed constraints:
CONSTRAINTS VIOLATION: Arch: Eyeriss_Constrained_17L_tile1_16x128 -> Level: WRegister: memory footprint: 7159 VS memory available: 4000
CONSTRAINTS VIOLATION: Arch: Eyeriss_Constrained_17L_tile1_16x128 -> Level: OutRegister: memory footprint: 32 VS memory available: 16",0.000e+00,0.000e+00,0.00e+00,0,0.0,0.0,
resnet18_17layer_2026-02-25T17:47:35.812107,resnet18,17layer,full,17,eyeriss,thesis_arch,1056,524,128,128,32,1,False,True,,5.620e+04,3.059e+06,1.74e+05,"(5568237760, 2543810304)",0.0032886642329685856,0.34392356872558594,DRAM[P=7 Q=7 Z16=1 C16=1 R16=1 S16=1 Y15=7 X15=7 Z15=1 C15=1 R15=1 S15=1 Y14=7 X14=7 Z14=1 C14=1 R14=1 S14=1 Y13=14 X13=14 Z13=1 C13=1 R13=1 S13=1 Y12=14 X12=14 Z12=1 C12=1 R12=1 S12=1 Y11=14 X11=14 Z11=1 C11=1 R11=1 S11=1 Y10=14 X10=14 Z10=1 C10=1 R10=1 S10=1 Y9=28 X9=28 Z9=1 C9=1 R9=1 S9=1 Y8=28 X8=28 Z8=1 C8=1 R8=1 S8=1 Y7=28 X7=28 Z7=1 C7=1 R7=1 S7=1 Y6=28 X6=28 Z6=1 C6=1 R6=1 S6=1 Y5=56 X5=56 Z5=1 C5=1 R5=1 S5=1 Y4=56 X4=56 Z4=1 C4=1 R4=1 S4=1 Y3=56 X3=56 Z3=1 C3=1 R3=1 S3=1 Y2=56 X2=56 Z2=1 C2=1 R2=1 S2=1 Y1=56 X1=56 Z1=1 C1=1 R1=1 S1=1 Y0=112 X0=112 Z0=1 C0=1 R0=1 S0=1] GlobalBuffer[P=1 Q=1 Z16=1 C16=1 R16=1 S16=1 Y15=1 X15=1 Z15=1 C15=1 R15=1 S15=1 Y14=1 X14=1 Z14=1 C14=1 R14=1 S14=1 Y13=1 X13=1 Z13=1 C13=1 R13=1 S13=1 Y12=1 X12=1 Z12=1 C12=1 R12=1 S12=1 Y11=1 X11=1 Z11=1 C11=1 R11=1 S11=1 Y10=1 X10=1 Z10=1 C10=1 R10=1 S10=1 Y9=1 X9=1 Z9=1 C9=1 R9=1 S9=1 Y8=1 X8=1 Z8=1 C8=1 R8=1 S8=1 Y7=1 X7=1 Z7=1 C7=1 R7=1 S7=1 Y6=1 X6=1 Z6=1 C6=1 R6=1 S6=1 Y5=1 X5=1 Z5=1 C5=1 R5=1 S5=1 Y4=1 X4=1 Z4=1 C4=1 R4=1 S4=1 Y3=1 X3=1 Z3=1 C3=1 R3=1 S3=1 Y2=1 X2=1 Z2=1 C2=1 R2=1 S2=1 Y1=1 X1=1 Z1=1 C1=1 R1=1 S1=1 Y0=1 X0=1 Z0=1 C0=1 R0=1 S0=1] SACols[Q=1 Z16=32] SARows[S16=3 C16=32 Z16=1] SACols_15[X15=1 Z15=32] SARows_15[S15=3 C15=32 Z15=1] SACols_14[X14=1 Z14=32] SARows_14[S14=3 C14=32 Z14=1] SACols_13[X13=1 Z13=32] SARows_13[S13=3 C13=32 Z13=1] SACols_12[X12=1 Z12=32] SARows_12[S12=3 C12=32 Z12=1] SACols_11[X11=1 Z11=32] SARows_11[S11=3 C11=32 Z11=1] SACols_10[X10=1 Z10=32] SARows_10[S10=3 C10=32 Z10=1] SACols_9[X9=1 Z9=32] SARows_9[S9=3 C9=32 Z9=1] SACols_8[X8=1 Z8=32] SARows_8[S8=3 C8=32 Z8=1] SACols_7[X7=1 Z7=32] SARows_7[S7=3 C7=32 Z7=1] SACols_6[X6=1 Z6=32] SARows_6[S6=3 C6=32 Z6=1] SACols_5[X5=1 Z5=32] SARows_5[S5=3 C5=32 Z5=1] SACols_4[X4=1 Z4=32] SARows_4[S4=3 C4=32 Z4=1] SACols_3[X3=1 Z3=32] SARows_3[S3=3 C3=32 Z3=1] SACols_2[X2=1 Z2=32] SARows_2[S2=3 C2=32 Z2=1] SACols_1[X1=1 Z1=32] SARows_1[S1=3 C1=32 Z1=1] SACols_0[X0=1 Z0=32] SARows_0[S0=7 C0=3 Z0=2] InRegister[P=1 Q=1 Z16=1 C16=1 R16=1 S16=1 Y15=1 X15=1 Z15=1 C15=1 R15=1 S15=1 Y14=1 X14=1 Z14=1 C14=1 R14=1 S14=1 Y13=1 X13=1 Z13=1 C13=1 R13=1 S13=1 Y12=1 X12=1 Z12=1 C12=1 R12=1 S12=1 Y11=1 X11=1 Z11=1 C11=1 R11=1 S11=1 Y10=1 X10=1 Z10=1 C10=1 R10=1 S10=1 Y9=1 X9=1 Z9=1 C9=1 R9=1 S9=1 Y8=1 X8=1 Z8=1 C8=1 R8=1 S8=1 Y7=1 X7=1 Z7=1 C7=1 R7=1 S7=1 Y6=1 X6=1 Z6=1 C6=1 R6=1 S6=1 Y5=1 X5=1 Z5=1 C5=1 R5=1 S5=1 Y4=1 X4=1 Z4=1 C4=1 R4=1 S4=1 Y3=1 X3=1 Z3=1 C3=1 R3=1 S3=1 Y2=1 X2=1 Z2=1 C2=1 R2=1 S2=1 Y1=1 X1=1 Z1=1 C1=1 R1=1 S1=1 Y0=1 X0=1 Z0=1 C0=1 R0=1 S0=1] WRegister[P=1 Q=1 Z16=1 C16=16 R16=3 S16=1 Y15=1 X15=1 Z15=1 C15=16 R15=3 S15=1 Y14=1 X14=1 Z14=1 C14=16 R14=3 S14=1 Y13=1 X13=1 Z13=1 C13=8 R13=3 S13=1 Y12=1 X12=1 Z12=1 C12=8 R12=3 S12=1 Y11=1 X11=1 Z11=1 C11=8 R11=3 S11=1 Y10=1 X10=1 Z10=1 C10=8 R10=3 S10=1 Y9=1 X9=1 Z9=1 C9=4 R9=3 S9=1 Y8=1 X8=1 Z8=1 C8=4 R8=3 S8=1 Y7=1 X7=1 Z7=1 C7=4 R7=3 S7=1 Y6=1 X6=1 Z6=1 C6=4 R6=3 S6=1 Y5=1 X5=1 Z5=1 C5=2 R5=3 S5=1 Y4=1 X4=1 Z4=1 C4=2 R4=3 S4=1 Y3=1 X3=1 Z3=1 C3=2 R3=3 S3=1 Y2=1 X2=1 Z2=1 C2=2 R2=3 S2=1 Y1=1 X1=1 Z1=1 C1=2 R1=3 S1=1 Y0=1 X0=1 Z0=1 C0=1 R0=7 S0=1] IntermediateRegister[P=1 Q=1 Z16=1 C16=1 R16=1 S16=1 Y15=1 X15=1 Z15=16 C15=1 R15=1 S15=1 Y14=1 X14=1 Z14=16 C14=1 R14=1 S14=1 Y13=1 X13=1 Z13=16 C13=1 R13=1 S13=1 Y12=1 X12=1 Z12=8 C12=1 R12=1 S12=1 Y11=1 X11=1 Z11=8 C11=1 R11=1 S11=1 Y10=1 X10=1 Z10=8 C10=1 R10=1 S10=1 Y9=1 X9=1 Z9=8 C9=1 R9=1 S9=1 Y8=1 X8=1 Z8=4 C8=1 R8=1 S8=1 Y7=1 X7=1 Z7=4 C7=1 R7=1 S7=1 Y6=1 X6=1 Z6=4 C6=1 R6=1 S6=1 Y5=1 X5=1 Z5=4 C5=1 R5=1 S5=1 Y4=1 X4=1 Z4=2 C4=1 R4=1 S4=1 Y3=1 X3=1 Z3=2 C3=1 R3=1 S3=1 Y2=1 X2=1 Z2=2 C2=1 R2=1 S2=1 Y1=1 X1=1 Z1=2 C1=1 R1=1 S1=1 Y0=1 X0=1 Z0=1 C0=1 R0=1 S0=1] OutRegister[P=1 Q=1 Z16=16 C16=1 R16=1 S16=1 Y15=1 X15=1 Z15=1 C15=1 R15=1 S15=1 Y14=1 X14=1 Z14=1 C14=1 R14=1 S14=1 Y13=1 X13=1 Z13=1 C13=1 R13=1 S13=1 Y12=1 X12=1 Z12=1 C12=1 R12=1 S12=1 Y11=1 X11=1 Z11=1 C11=1 R11=1 S11=1 Y10=1 X10=1 Z10=1 C10=1 R10=1 S10=1 Y9=1 X9=1 Z9=1 C9=1 R9=1 S9=1 Y8=1 X8=1 Z8=1 C8=1 R8=1 S8=1 Y7=1 X7=1 Z7=1 C7=1 R7=1 S7=1 Y6=1 X6=1 Z6=1 C6=1 R6=1 S6=1 Y5=1 X5=1 Z5=1 C5=1 R5=1 S5=1 Y4=1 X4=1 Z4=1 C4=1 R4=1 S4=1 Y3=1 X3=1 Z3=1 C3=1 R3=1 S3=1 Y2=1 X2=1 Z2=1 C2=1 R2=1 S2=1 Y1=1 X1=1 Z1=1 C1=1 R1=1 S1=1 Y0=1 X0=1 Z0=1 C0=1 R0=1 S0=1] Compute] 
resnet18_17layer_2026-02-25T17:47:36.505372,resnet18,17layer,full,17,eyeriss,thesis_arch,1056,524,128,128,64,1,False,True,,5.714e+04,3.042e+06,1.76e+05,"(6045110464, 2543810304)",0.0016443321164842928,0.30596923828125,DRAM[P=7 Q=7 Z16=1 C16=1 R16=1 S16=1 Y15=7 X15=7 Z15=1 C15=1 R15=1 S15=1 Y14=7 X14=7 Z14=1 C14=1 R14=1 S14=1 Y13=14 X13=14 Z13=1 C13=1 R13=1 S13=1 Y12=14 X12=14 Z12=1 C12=1 R12=1 S12=1 Y11=14 X11=14 Z11=1 C11=1 R11=1 S11=1 Y10=14 X10=14 Z10=1 C10=1 R10=1 S10=1 Y9=28 X9=28 Z9=1 C9=1 R9=1 S9=1 Y8=28 X8=28 Z8=1 C8=1 R8=1 S8=1 Y7=28 X7=28 Z7=1 C7=1 R7=1 S7=1 Y6=28 X6=28 Z6=1 C6=1 R6=1 S6=1 Y5=56 X5=56 Z5=1 C5=1 R5=1 S5=1 Y4=56 X4=56 Z4=1 C4=1 R4=1 S4=1 Y3=56 X3=56 Z3=1 C3=1 R3=1 S3=1 Y2=56 X2=56 Z2=1 C2=1 R2=1 S2=1 Y1=56 X1=56 Z1=1 C1=1 R1=1 S1=1 Y0=112 X0=112 Z0=1 C0=1 R0=1 S0=1] GlobalBuffer[P=1 Q=1 Z16=1 C16=1 R16=1 S16=1 Y15=1 X15=1 Z15=1 C15=1 R15=1 S15=1 Y14=1 X14=1 Z14=1 C14=1 R14=1 S14=1 Y13=1 X13=1 Z13=1 C13=1 R13=1 S13=1 Y12=1 X12=1 Z12=1 C12=1 R12=1 S12=1 Y11=1 X11=1 Z11=1 C11=1 R11=1 S11=1 Y10=1 X10=1 Z10=1 C10=1 R10=1 S10=1 Y9=1 X9=1 Z9=1 C9=1 R9=1 S9=1 Y8=1 X8=1 Z8=1 C8=1 R8=1 S8=1 Y7=1 X7=1 Z7=1 C7=1 R7=1 S7=1 Y6=1 X6=1 Z6=1 C6=1 R6=1 S6=1 Y5=1 X5=1 Z5=1 C5=1 R5=1 S5=1 Y4=1 X4=1 Z4=1 C4=1 R4=1 S4=1 Y3=1 X3=1 Z3=1 C3=1 R3=1 S3=1 Y2=1 X2=1 Z2=1 C2=1 R2=1 S2=1 Y1=1 X1=1 Z1=1 C1=1 R1=1 S1=1 Y0=1 X0=1 Z0=1 C0=1 R0=1 S0=1] SACols[Q=1 Z16=64] SARows[S16=3 C16=32 Z16=1] SACols_15[X15=1 Z15=64] SARows_15[S15=3 C15=32 Z15=1] SACols_14[X14=1 Z14=64] SARows_14[S14=3 C14=32 Z14=1] SACols_13[X13=1 Z13=64] SARows_13[S13=3 C13=32 Z13=1] SACols_12[X12=1 Z12=64] SARows_12[S12=3 C12=32 Z12=1] SACols_11[X11=1 Z11=64] SARows_11[S11=3 C11=32 Z11=1] SACols_10[X10=1 Z10=64] SARows_10[S10=3 C10=32 Z10=1] SACols_9[X9=1 Z9=64] SARows_9[S9=3 C9=32 Z9=1] SACols_8[X8=1 Z8=64] SARows_8[S8=3 C8=32 Z8=1] SACols_7[X7=1 Z7=64] SARows_7[S7=3 C7=32 Z7=1] SACols_6[X6=1 Z6=64] SARows_6[S6=3 C6=32 Z6=1] SACols_5[X5=1 Z5=64] SARows_5[S5=3 C5=32 Z5=1] SACols_4[X4=1 Z4=64] SARows_4[S4=3 C4=32 Z4=1] SACols_3[X3=1 Z3=64] SARows_3[S3=3 C3=32 Z3=1] SACols_2[X2=1 Z2=64] SARows_2[S2=3 C2=32 Z2=1] SACols_1[X1=1 Z1=64] SARows_1[S1=3 C1=32 Z1=1] SACols_0[X0=1 Z0=64] SARows_0[S0=7 C0=3 Z0=1] InRegister[P=1 Q=1 Z16=1 C16=1 R16=1 S16=1 Y15=1 X15=1 Z15=1 C15=1 R15=1 S15=1 Y14=1 X14=1 Z14=1 C14=1 R14=1 S14=1 Y13=1 X13=1 Z13=1 C13=1 R13=1 S13=1 Y12=1 X12=1 Z12=1 C12=1 R12=1 S12=1 Y11=1 X11=1 Z11=1 C11=1 R11=1 S11=1 Y10=1 X10=1 Z10=1 C10=1 R10=1 S10=1 Y9=1 X9=1 Z9=1 C9=1 R9=1 S9=1 Y8=1 X8=1 Z8=1 C8=1 R8=1 S8=1 Y7=1 X7=1 Z7=1 C7=1 R7=1 S7=1 Y6=1 X6=1 Z6=1 C6=1 R6=1 S6=1 Y5=1 X5=1 Z5=1 C5=1 R5=1 S5=1 Y4=1 X4=1 Z4=1 C4=1 R4=1 S4=1 Y3=1 X3=1 Z3=1 C3=1 R3=1 S3=1 Y2=1 X2=1 Z2=1 C2=1 R2=1 S2=1 Y1=1 X1=1 Z1=1 C1=1 R1=1 S1=1 Y0=1 X0=1 Z0=1 C0=1 R0=1 S0=1] WRegister[P=1 Q=1 Z16=1 C16=16 R16=3 S16=1 Y15=1 X15=1 Z15=1 C15=16 R15=3 S15=1 Y14=1 X14=1 Z14=1 C14=16 R14=3 S14=1 Y13=1 X13=1 Z13=1 C13=8 R13=3 S13=1 Y12=1 X12=1 Z12=1 C12=8 R12=3 S12=1 Y11=1 X11=1 Z11=1 C11=8 R11=3 S11=1 Y10=1 X10=1 Z10=1 C10=8 R10=3 S10=1 Y9=1 X9=1 Z9=1 C9=4 R9=3 S9=1 Y8=1 X8=1 Z8=1 C8=4 R8=3 S8=1 Y7=1 X7=1 Z7=1 C7=4 R7=3 S7=1 Y6=1 X6=1 Z6=1 C6=4 R6=3 S6=1 Y5=1 X5=1 Z5=1 C5=2 R5=3 S5=1 Y4=1 X4=1 Z4=1 C4=2 R4=3 S4=1 Y3=1 X3=1 Z3=1 C3=2 R3=3 S3=1 Y2=1 X2=1 Z2=1 C2=2 R2=3 S2=1 Y1=1 X1=1 Z1=1 C1=2 R1=3 S1=1 Y0=1 X0=1 Z0=1 C0=1 R0=7 S0=1] IntermediateRegister[P=1 Q=1 Z16=1 C16=1 R16=1 S16=1 Y15=1 X15=1 Z15=8 C15=1 R15=1 S15=1 Y14=1 X14=1 Z14=8 C14=1 R14=1 S14=1 Y13=1 X13=1 Z13=8 C13=1 R13=1 S13=1 Y12=1 X12=1 Z12=4 C12=1 R12=1 S12=1 Y11=1 X11=1 Z11=4 C11=1 R11=1 S11=1 Y10=1 X10=1 Z10=4 C10=1 R10=1 S10=1 Y9=1 X9=1 Z9=4 C9=1 R9=1 S9=1 Y8=1 X8=1 Z8=2 C8=1 R8=1 S8=1 Y7=1 X7=1 Z7=2 C7=1 R7=1 S7=1 Y6=1 X6=1 Z6=2 C6=1 R6=1 S6=1 Y5=1 X5=1 Z5=2 C5=1 R5=1 S5=1 Y4=1 X4=1 Z4=1 C4=1 R4=1 S4=1 Y3=1 X3=1 Z3=1 C3=1 R3=1 S3=1 Y2=1 X2=1 Z2=1 C2=1 R2=1 S2=1 Y1=1 X1=1 Z1=1 C1=1 R1=1 S1=1 Y0=1 X0=1 Z0=1 C0=1 R0=1 S0=1] OutRegister[P=1 Q=1 Z16=8 C16=1 R16=1 S16=1 Y15=1 X15=1 Z15=1 C15=1 R15=1 S15=1 Y14=1 X14=1 Z14=1 C14=1 R14=1 S14=1 Y13=1 X13=1 Z13=1 C13=1 R13=1 S13=1 Y12=1 X12=1 Z12=1 C12=1 R12=1 S12=1 Y11=1 X11=1 Z11=1 C11=1 R11=1 S11=1 Y10=1 X10=1 Z10=1 C10=1 R10=1 S10=1 Y9=1 X9=1 Z9=1 C9=1 R9=1 S9=1 Y8=1 X8=1 Z8=1 C8=1 R8=1 S8=1 Y7=1 X7=1 Z7=1 C7=1 R7=1 S7=1 Y6=1 X6=1 Z6=1 C6=1 R6=1 S6=1 Y5=1 X5=1 Z5=1 C5=1 R5=1 S5=1 Y4=1 X4=1 Z4=1 C4=1 R4=1 S4=1 Y3=1 X3=1 Z3=1 C3=1 R3=1 S3=1 Y2=1 X2=1 Z2=1 C2=1 R2=1 S2=1 Y1=1 X1=1 Z1=1 C1=1 R1=1 S1=1 Y0=1 X0=1 Z0=1 C0=1 R0=1 S0=1] Compute] 
resnet18_17layer_2026-02-25T17:47:37.231059,resnet18,17layer,full,17,eyeriss,thesis_arch,1056,524,128,128,128,1,False,True,,5.810e+04,3.042e+06,1.80e+05,"(6536433856, 2543810304)",5.138537864013415e-05,0.370790958404541,DRAM[P=7 Q=7 Z16=1 C16=1 R16=1 S16=1 Y15=7 X15=7 Z15=1 C15=1 R15=1 S15=1 Y14=7 X14=7 Z14=1 C14=1 R14=1 S14=1 Y13=14 X13=14 Z13=1 C13=1 R13=1 S13=1 Y12=14 X12=14 Z12=1 C12=1 R12=1 S12=1 Y11=14 X11=14 Z11=1 C11=1 R11=1 S11=1 Y10=14 X10=14 Z10=1 C10=1 R10=1 S10=1 Y9=28 X9=28 Z9=1 C9=1 R9=1 S9=1 Y8=28 X8=28 Z8=1 C8=1 R8=1 S8=1 Y7=28 X7=28 Z7=1 C7=1 R7=1 S7=1 Y6=28 X6=28 Z6=1 C6=1 R6=1 S6=1 Y5=56 X5=56 Z5=1 C5=1 R5=1 S5=1 Y4=56 X4=56 Z4=1 C4=1 R4=1 S4=1 Y3=56 X3=56 Z3=1 C3=1 R3=1 S3=1 Y2=56 X2=56 Z2=1 C2=1 R2=1 S2=1 Y1=56 X1=56 Z1=1 C1=1 R1=1 S1=1 Y0=112 X0=112 Z0=1 C0=1 R0=1 S0=1] GlobalBuffer[P=1 Q=1 Z16=1 C16=1 R16=1 S16=1 Y15=1 X15=1 Z15=1 C15=1 R15=1 S15=1 Y14=1 X14=1 Z14=1 C14=1 R14=1 S14=1 Y13=1 X13=1 Z13=1 C13=1 R13=1 S13=1 Y12=1 X12=1 Z12=1 C12=1 R12=1 S12=1 Y11=1 X11=1 Z11=1 C11=1 R11=1 S11=1 Y10=1 X10=1 Z10=1 C10=1 R10=1 S10=1 Y9=1 X9=1 Z9=1 C9=1 R9=1 S9=1 Y8=1 X8=1 Z8=1 C8=1 R8=1 S8=1 Y7=1 X7=1 Z7=1 C7=1 R7=1 S7=1 Y6=1 X6=1 Z6=1 C6=1 R6=1 S6=1 Y5=1 X5=1 Z5=1 C5=1 R5=1 S5=1 Y4=1 X4=1 Z4=1 C4=1 R4=1 S4=1 Y3=1 X3=1 Z3=1 C3=1 R3=1 S3=1 Y2=1 X2=1 Z2=1 C2=1 R2=1 S2=1 Y1=1 X1=1 Z1=1 C1=1 R1=1 S1=1 Y0=1 X0=1 Z0=1 C0=1 R0=1 S0=1] SACols[Q=1 Z16=128] SARows[S16=3 C16=32 Z16=1] SACols_15[X15=1 Z15=128] SARows_15[S15=3 C15=32 Z15=1] SACols_14[X14=1 Z14=128] SARows_14[S14=3 C14=32 Z14=1] SACols_13[X13=1 Z13=128] SARows_13[S13=3 C13=32 Z13=1] SACols_12[X12=1 Z12=128] SARows_12[S12=3 C12=32 Z12=1] SACols_11[X11=1 Z11=128] SARows_11[S11=3 C11=32 Z11=1] SACols_10[X10=1 Z10=128] SARows_10[S10=3 C10=32 Z10=1] SACols_9[X9=1 Z9=128] SARows_9[S9=3 C9=32 Z9=1] SACols_8[X8=1 Z8=128] SARows_8[S8=3 C8=32 Z8=1] SACols_7[X7=1 Z7=128] SARows_7[S7=3 C7=32 Z7=1] SACols_6[X6=1 Z6=128] SARows_6[S6=3 C6=32 Z6=1] SACols_5[X5=1 Z5=128] SARows_5[S5=3 C5=32 Z5=1] SACols_4[X4=1 Z4=64] SARows_4[S4=3 C4=32 Z4=1] SACols_3[X3=1 Z3=64] SARows_3[S3=3 C3=32 Z3=1] SACols_2[X2=1 Z2=64] SARows_2[S2=3 C2=32 Z2=1] SACols_1[X1=1 Z1=64] SARows_1[S1=3 C1=32 Z1=1] SACols_0[X0=1 Z0=64] SARows_0[S0=7 C0=3 Z0=1] InRegister[P=1 Q=1 Z16=1 C16=1 R16=1 S16=1 Y15=1 X15=1 Z15=1 C15=1 R15=1 S15=1 Y14=1 X14=1 Z14=1 C14=1 R14=1 S14=1 Y13=1 X13=1 Z13=1 C13=1 R13=1 S13=1 Y12=1 X12=1 Z12=1 C12=1 R12=1 S12=1 Y11=1 X11=1 Z11=1 C11=1 R11=1 S11=1 Y10=1 X10=1 Z10=1 C10=1 R10=1 S10=1 Y9=1 X9=1 Z9=1 C9=1 R9=1 S9=1 Y8=1 X8=1 Z8=1 C8=1 R8=1 S8=1 Y7=1 X7=1 Z7=1 C7=1 R7=1 S7=1 Y6=1 X6=1 Z6=1 C6=1 R6=1 S6=1 Y5=1 X5=1 Z5=1 C5=1 R5=1 S5=1 Y4=1 X4=1 Z4=1 C4=1 R4=1 S4=1 Y3=1 X3=1 Z3=1 C3=1 R3=1 S3=1 Y2=1 X2=1 Z2=1 C2=1 R2=1 S2=1 Y1=1 X1=1 Z1=1 C1=1 R1=1 S1=1 Y0=1 X0=1 Z0=1 C0=1 R0=1 S0=1] WRegister[P=1 Q=1 Z16=1 C16=16 R16=3 S16=1 Y15=1 X15=1 Z15=1 C15=16 R15=3 S15=1 Y14=1 X14=1 Z14=1 C14=16 R14=3 S14=1 Y13=1 X13=1 Z13=1 C13=8 R13=3 S13=1 Y12=1 X12=1 Z12=1 C12=8 R12=3 S12=1 Y11=1 X11=1 Z11=1 C11=8 R11=3 S11=1 Y10=1 X10=1 Z10=1 C10=8 R10=3 S10=1 Y9=1 X9=1 Z9=1 C9=4 R9=3 S9=1 Y8=1 X8=1 Z8=1 C8=4 R8=3 S8=1 Y7=1 X7=1 Z7=1 C7=4 R7=3 S7=1 Y6=1 X6=1 Z6=1 C6=4 R6=3 S6=1 Y5=1 X5=1 Z5=1 C5=2 R5=3 S5=1 Y4=1 X4=1 Z4=1 C4=2 R4=3 S4=1 Y3=1 X3=1 Z3=1 C3=2 R3=3 S3=1 Y2=1 X2=1 Z2=1 C2=2 R2=3 S2=1 Y1=1 X1=1 Z1=1 C1=2 R1=3 S1=1 Y0=1 X0=1 Z0=1 C0=1 R0=7 S0=1] IntermediateRegister[P=1 Q=1 Z16=1 C16=1 R16=1 S16=1 Y15=1 X15=1 Z15=4 C15=1 R15=1 S15=1 Y14=1 X14=1 Z14=4 C14=1 R14=1 S14=1 Y13=1 X13=1 Z13=4 C13=1 R13=1 S13=1 Y12=1 X12=1 Z12=2 C12=1 R12=1 S12=1 Y11=1 X11=1 Z11=2 C11=1 R11=1 S11=1 Y10=1 X10=1 Z10=2 C10=1 R10=1 S10=1 Y9=1 X9=1 Z9=2 C9=1 R9=1 S9=1 Y8=1 X8=1 Z8=1 C8=1 R8=1 S8=1 Y7=1 X7=1 Z7=1 C7=1 R7=1 S7=1 Y6=1 X6=1 Z6=1 C6=1 R6=1 S6=1 Y5=1 X5=1 Z5=1 C5=1 R5=1 S5=1 Y4=1 X4=1 Z4=1 C4=1 R4=1 S4=1 Y3=1 X3=1 Z3=1 C3=1 R3=1 S3=1 Y2=1 X2=1 Z2=1 C2=1 R2=1 S2=1 Y1=1 X1=1 Z1=1 C1=1 R1=1 S1=1 Y0=1 X0=1 Z0=1 C0=1 R0=1 S0=1] OutRegister[P=1 Q=1 Z16=4 C16=1 R16=1 S16=1 Y15=1 X15=1 Z15=1 C15=1 R15=1 S15=1 Y14=1 X14=1 Z14=1 C14=1 R14=1 S14=1 Y13=1 X13=1 Z13=1 C13=1 R13=1 S13=1 Y12=1 X12=1 Z12=1 C12=1 R12=1 S12=1 Y11=1 X11=1 Z11=1 C11=1 R11=1 S11=1 Y10=1 X10=1 Z10=1 C10=1 R10=1 S10=1 Y9=1 X9=1 Z9=1 C9=1 R9=1 S9=1 Y8=1 X8=1 Z8=1 C8=1 R8=1 S8=1 Y7=1 X7=1 Z7=1 C7=1 R7=1 S7=1 Y6=1 X6=1 Z6=1 C6=1 R6=1 S6=1 Y5=1 X5=1 Z5=1 C5=1 R5=1 S5=1 Y4=1 X4=1 Z4=1 C4=1 R4=1 S4=1 Y3=1 X3=1 Z3=1 C3=1 R3=1 S3=1 Y2=1 X2=1 Z2=1 C2=1 R2=1 S2=1 Y1=1 X1=1 Z1=1 C1=1 R1=1 S1=1 Y0=1 X0=1 Z0=1 C0=1 R0=1 S0=1] Compute] 
resnet18_17layer_2026-02-25T17:47:37.964192,resnet18,17layer,full,17,eyeriss,thesis_arch,1056,524,128,256,4,1,False,False,"Ill-posed constraints:
CONSTRAINTS VIOLATION: Arch: Eyeriss_Constrained_17L_tile1_4x256 -> Level: WRegister: memory footprint: 14318 VS memory available: 4000
CONSTRAINTS VIOLATION: Arch: Eyeriss_Constrained_17L_tile1_4x256 -> Level: IntermediateRegister: memory footprint: 834 VS memory available: 350
CONSTRAINTS VIOLATION: Arch: Eyeriss_Constrained_17L_tile1_4x256 -> Level: OutRegister: memory footprint: 128 VS memory available: 16",0.000e+00,0.000e+00,0.00e+00,0,0.0,0.0,
resnet18_17layer_2026-02-25T17:47:38.388438,resnet18,17layer,full,17,eyeriss,thesis_arch,1056,524,128,256,16,1,False,False,"Ill-posed constraints:
CONSTRAINTS VIOLATION: Arch: Eyeriss_Constrained_17L_tile1_16x256 -> Level: OutRegister: memory footprint: 32 VS memory available: 16",0.000e+00,0.000e+00,0.00e+00,0,0.0,0.0,
resnet18_17layer_2026-02-25T17:47:38.936864,resnet18,17layer,full,17,eyeriss,thesis_arch,1056,524,128,256,32,1,False,True,,5.686e+04,3.042e+06,1.75e+05,"(5760913600, 2736486144)",0.0016443321164842928,0.4807147979736328,DRAM[P=7 Q=7 Z16=1 C16=1 R16=1 S16=1 Y15=7 X15=7 Z15=1 C15=1 R15=1 S15=1 Y14=7 X14=7 Z14=1 C14=1 R14=1 S14=1 Y13=14 X13=14 Z13=1 C13=1 R13=1 S13=1 Y12=14 X12=14 Z12=1 C12=1 R12=1 S12=1 Y11=14 X11=14 Z11=1 C11=1 R11=1 S11=1 Y10=14 X10=14 Z10=1 C10=1 R10=1 S10=1 Y9=28 X9=28 Z9=1 C9=1 R9=1 S9=1 Y8=28 X8=28 Z8=1 C8=1 R8=1 S8=1 Y7=28 X7=28 Z7=1 C7=1 R7=1 S7=1 Y6=28 X6=28 Z6=1 C6=1 R6=1 S6=1 Y5=56 X5=56 Z5=1 C5=1 R5=1 S5=1 Y4=56 X4=56 Z4=1 C4=1 R4=1 S4=1 Y3=56 X3=56 Z3=1 C3=1 R3=1 S3=1 Y2=56 X2=56 Z2=1 C2=1 R2=1 S2=1 Y1=56 X1=56 Z1=1 C1=1 R1=1 S1=1 Y0=112 X0=112 Z0=1 C0=1 R0=1 S0=1] GlobalBuffer[P=1 Q=1 Z16=1 C16=1 R16=1 S16=1 Y15=1 X15=1 Z15=1 C15=1 R15=1 S15=1 Y14=1 X14=1 Z14=1 C14=1 R14=1 S14=1 Y13=1 X13=1 Z13=1 C13=1 R13=1 S13=1 Y12=1 X12=1 Z12=1 C12=1 R12=1 S12=1 Y11=1 X11=1 Z11=1 C11=1 R11=1 S11=1 Y10=1 X10=1 Z10=1 C10=1 R10=1 S10=1 Y9=1 X9=1 Z9=1 C9=1 R9=1 S9=1 Y8=1 X8=1 Z8=1 C8=1 R8=1 S8=1 Y7=1 X7=1 Z7=1 C7=1 R7=1 S7=1 Y6=1 X6=1 Z6=1 C6=1 R6=1 S6=1 Y5=1 X5=1 Z5=1 C5=1 R5=1 S5=1 Y4=1 X4=1 Z4=1 C4=1 R4=1 S4=1 Y3=1 X3=1 Z3=1 C3=1 R3=1 S3=1 Y2=1 X2=1 Z2=1 C2=1 R2=1 S2=1 Y1=1 X1=1 Z1=1 C1=1 R1=1 S1=1 Y0=1 X0=1 Z0=1 C0=1 R0=1 S0=1] SACols[Q=1 Z16=32] SARows[S16=3 C16=64 Z16=1] SACols_15[X15=1 Z15=32] SARows_15[S15=3 C15=64 Z15=1] SACols_14[X14=1 Z14=32] SARows_14[S14=3 C14=64 Z14=1] SACols_13[X13=1 Z13=32] SARows_13[S13=3 C13=64 Z13=1] SACols_12[X12=1 Z12=32] SARows_12[S12=3 C12=64 Z12=1] SACols_11[X11=1 Z11=32] SARows_11[S11=3 C11=64 Z11=1] SACols_10[X10=1 Z10=32] SARows_10[S10=3 C10=64 Z10=1] SACols_9[X9=1 Z9=32] SARows_9[S9=3 C9=64 Z9=1] SACols_8[X8=1 Z8=32] SARows_8[S8=3 C8=64 Z8=1] SACols_7[X7=1 Z7=32] SARows_7[S7=3 C7=64 Z7=1] SACols_6[X6=1 Z6=32] SARows_6[S6=3 C6=64 Z6=1] SACols_5[X5=1 Z5=32] SARows_5[S5=3 C5=64 Z5=1] SACols_4[X4=1 Z4=32] SARows_4[S4=3 C4=64 Z4=1] SACols_3[X3=1 Z3=32] SARows_3[S3=3 C3=64 Z3=1] SACols_2[X2=1 Z2=32] SARows_2[S2=3 C2=64 Z2=1] SACols_1[X1=1 Z1=32] SARows_1[S1=3 C1=64 Z1=1] SACols_0[X0=1 Z0=32] SARows_0[S0=7 C0=3 Z0=2] InRegister[P=1 Q=1 Z16=1 C16=1 R16=1 S16=1 Y15=1 X15=1 Z15=1 C15=1 R15=1 S15=1 Y14=1 X14=1 Z14=1 C14=1 R14=1 S14=1 Y13=1 X13=1 Z13=1 C13=1 R13=1 S13=1 Y12=1 X12=1 Z12=1 C12=1 R12=1 S12=1 Y11=1 X11=1 Z11=1 C11=1 R11=1 S11=1 Y10=1 X10=1 Z10=1 C10=1 R10=1 S10=1 Y9=1 X9=1 Z9=1 C9=1 R9=1 S9=1 Y8=1 X8=1 Z8=1 C8=1 R8=1 S8=1 Y7=1 X7=1 Z7=1 C7=1 R7=1 S7=1 Y6=1 X6=1 Z6=1 C6=1 R6=1 S6=1 Y5=1 X5=1 Z5=1 C5=1 R5=1 S5=1 Y4=1 X4=1 Z4=1 C4=1 R4=1 S4=1 Y3=1 X3=1 Z3=1 C3=1 R3=1 S3=1 Y2=1 X2=1 Z2=1 C2=1 R2=1 S2=1 Y1=1 X1=1 Z1=1 C1=1 R1=1 S1=1 Y0=1 X0=1 Z0=1 C0=1 R0=1 S0=1] WRegister[P=1 Q=1 Z16=1 C16=8 R16=3 S16=1 Y15=1 X15=1 Z15=1 C15=8 R15=3 S15=1 Y14=1 X14=1 Z14=1 C14=8 R14=3 S14=1 Y13=1 X13=1 Z13=1 C13=4 R13=3 S13=1 Y12=1 X12=1 Z12=1 C12=4 R12=3 S12=1 Y11=1 X11=1 Z11=1 C11=4 R11=3 S11=1 Y10=1 X10=1 Z10=1 C10=4 R10=3 S10=1 Y9=1 X9=1 Z9=1 C9=2 R9=3 S9=1 Y8=1 X8=1 Z8=1 C8=2 R8=3 S8=1 Y7=1 X7=1 Z7=1 C7=2 R7=3 S7=1 Y6=1 X6=1 Z6=1 C6=2 R6=3 S6=1 Y5=1 X5=1 Z5=1 C5=1 R5=3 S5=1 Y4=1 X4=1 Z4=1 C4=1 R4=3 S4=1 Y3=1 X3=1 Z3=1 C3=1 R3=3 S3=1 Y2=1 X2=1 Z2=1 C2=1 R2=3 S2=1 Y1=1 X1=1 Z1=1 C1=1 R1=3 S1=1 Y0=1 X0=1 Z0=1 C0=1 R0=7 S0=1] IntermediateRegister[P=1 Q=1 Z16=1 C16=1 R16=1 S16=1 Y15=1 X15=1 Z15=16 C15=1 R15=1 S15=1 Y14=1 X14=1 Z14=16 C14=1 R14=1 S14=1 Y13=1 X13=1 Z13=16 C13=1 R13=1 S13=1 Y12=1 X12=1 Z12=8 C12=1 R12=1 S12=1 Y11=1 X11=1 Z11=8 C11=1 R11=1 S11=1 Y10=1 X10=1 Z10=8 C10=1 R10=1 S10=1 Y9=1 X9=1 Z9=8 C9=1 R9=1 S9=1 Y8=1 X8=1 Z8=4 C8=1 R8=1 S8=1 Y7=1 X7=1 Z7=4 C7=1 R7=1 S7=1 Y6=1 X6=1 Z6=4 C6=1 R6=1 S6=1 Y5=1 X5=1 Z5=4 C5=1 R5=1 S5=1 Y4=1 X4=1 Z4=2 C4=1 R4=1 S4=1 Y3=1 X3=1 Z3=2 C3=1 R3=1 S3=1 Y2=1 X2=1 Z2=2 C2=1 R2=1 S2=1 Y1=1 X1=1 Z1=2 C1=1 R1=1 S1=1 Y0=1 X0=1 Z0=1 C0=1 R0=1 S0=1] OutRegister[P=1 Q=1 Z16=16 C16=1 R16=1 S16=1 Y15=1 X15=1 Z15=1 C15=1 R15=1 S15=1 Y14=1 X14=1 Z14=1 C14=1 R14=1 S14=1 Y13=1 X13=1 Z13=1 C13=1 R13=1 S13=1 Y12=1 X12=1 Z12=1 C12=1 R12=1 S12=1 Y11=1 X11=1 Z11=1 C11=1 R11=1 S11=1 Y10=1 X10=1 Z10=1 C10=1 R10=1 S10=1 Y9=1 X9=1 Z9=1 C9=1 R9=1 S9=1 Y8=1 X8=1 Z8=1 C8=1 R8=1 S8=1 Y7=1 X7=1 Z7=1 C7=1 R7=1 S7=1 Y6=1 X6=1 Z6=1 C6=1 R6=1 S6=1 Y5=1 X5=1 Z5=1 C5=1 R5=1 S5=1 Y4=1 X4=1 Z4=1 C4=1 R4=1 S4=1 Y3=1 X3=1 Z3=1 C3=1 R3=1 S3=1 Y2=1 X2=1 Z2=1 C2=1 R2=1 S2=1 Y1=1 X1=1 Z1=1 C1=1 R1=1 S1=1 Y0=1 X0=1 Z0=1 C0=1 R0=1 S0=1] Compute] 
resnet18_17layer_2026-02-25T17:47:39.880057,resnet18,17layer,full,17,eyeriss,thesis_arch,1056,524,128,256,64,1,False,True,,5.780e+04,3.042e+06,1.78e+05,"(6237786304, 2736486144)",0.0008221660582421464,0.3663146495819092,DRAM[P=7 Q=7 Z16=1 C16=1 R16=1 S16=1 Y15=7 X15=7 Z15=1 C15=1 R15=1 S15=1 Y14=7 X14=7 Z14=1 C14=1 R14=1 S14=1 Y13=14 X13=14 Z13=1 C13=1 R13=1 S13=1 Y12=14 X12=14 Z12=1 C12=1 R12=1 S12=1 Y11=14 X11=14 Z11=1 C11=1 R11=1 S11=1 Y10=14 X10=14 Z10=1 C10=1 R10=1 S10=1 Y9=28 X9=28 Z9=1 C9=1 R9=1 S9=1 Y8=28 X8=28 Z8=1 C8=1 R8=1 S8=1 Y7=28 X7=28 Z7=1 C7=1 R7=1 S7=1 Y6=28 X6=28 Z6=1 C6=1 R6=1 S6=1 Y5=56 X5=56 Z5=1 C5=1 R5=1 S5=1 Y4=56 X4=56 Z4=1 C4=1 R4=1 S4=1 Y3=56 X3=56 Z3=1 C3=1 R3=1 S3=1 Y2=56 X2=56 Z2=1 C2=1 R2=1 S2=1 Y1=56 X1=56 Z1=1 C1=1 R1=1 S1=1 Y0=112 X0=112 Z0=1 C0=1 R0=1 S0=1] GlobalBuffer[P=1 Q=1 Z16=1 C16=1 R16=1 S16=1 Y15=1 X15=1 Z15=1 C15=1 R15=1 S15=1 Y14=1 X14=1 Z14=1 C14=1 R14=1 S14=1 Y13=1 X13=1 Z13=1 C13=1 R13=1 S13=1 Y12=1 X12=1 Z12=1 C12=1 R12=1 S12=1 Y11=1 X11=1 Z11=1 C11=1 R11=1 S11=1 Y10=1 X10=1 Z10=1 C10=1 R10=1 S10=1 Y9=1 X9=1 Z9=1 C9=1 R9=1 S9=1 Y8=1 X8=1 Z8=1 C8=1 R8=1 S8=1 Y7=1 X7=1 Z7=1 C7=1 R7=1 S7=1 Y6=1 X6=1 Z6=1 C6=1 R6=1 S6=1 Y5=1 X5=1 Z5=1 C5=1 R5=1 S5=1 Y4=1 X4=1 Z4=1 C4=1 R4=1 S4=1 Y3=1 X3=1 Z3=1 C3=1 R3=1 S3=1 Y2=1 X2=1 Z2=1 C2=1 R2=1 S2=1 Y1=1 X1=1 Z1=1 C1=1 R1=1 S1=1 Y0=1 X0=1 Z0=1 C0=1 R0=1 S0=1] SACols[Q=1 Z16=64] SARows[S16=3 C16=64 Z16=1] SACols_15[X15=1 Z15=64] SARows_15[S15=3 C15=64 Z15=1] SACols_14[X14=1 Z14=64] SARows_14[S14=3 C14=64 Z14=1] SACols_13[X13=1 Z13=64] SARows_13[S13=3 C13=64 Z13=1] SACols_12[X12=1 Z12=64] SARows_12[S12=3 C12=64 Z12=1] SACols_11[X11=1 Z11=64] SARows_11[S11=3 C11=64 Z11=1] SACols_10[X10=1 Z10=64] SARows_10[S10=3 C10=64 Z10=1] SACols_9[X9=1 Z9=64] SARows_9[S9=3 C9=64 Z9=1] SACols_8[X8=1 Z8=64] SARows_8[S8=3 C8=64 Z8=1] SACols_7[X7=1 Z7=64] SARows_7[S7=3 C7=64 Z7=1] SACols_6[X6=1 Z6=64] SARows_6[S6=3 C6=64 Z6=1] SACols_5[X5=1 Z5=64] SARows_5[S5=3 C5=64 Z5=1] SACols_4[X4=1 Z4=64] SARows_4[S4=3 C4=64 Z4=1] SACols_3[X3=1 Z3=64] SARows_3[S3=3 C3=64 Z3=1] SACols_2[X2=1 Z2=64] SARows_2[S2=3 C2=64 Z2=1] SACols_1[X1=1 Z1=64] SARows_1[S1=3 C1=64 Z1=1] SACols_0[X0=1 Z0=64] SARows_0[S0=7 C0=3 Z0=1] InRegister[P=1 Q=1 Z16=1 C16=1 R16=1 S16=1 Y15=1 X15=1 Z15=1 C15=1 R15=1 S15=1 Y14=1 X14=1 Z14=1 C14=1 R14=1 S14=1 Y13=1 X13=1 Z13=1 C13=1 R13=1 S13=1 Y12=1 X12=1 Z12=1 C12=1 R12=1 S12=1 Y11=1 X11=1 Z11=1 C11=1 R11=1 S11=1 Y10=1 X10=1 Z10=1 C10=1 R10=1 S10=1 Y9=1 X9=1 Z9=1 C9=1 R9=1 S9=1 Y8=1 X8=1 Z8=1 C8=1 R8=1 S8=1 Y7=1 X7=1 Z7=1 C7=1 R7=1 S7=1 Y6=1 X6=1 Z6=1 C6=1 R6=1 S6=1 Y5=1 X5=1 Z5=1 C5=1 R5=1 S5=1 Y4=1 X4=1 Z4=1 C4=1 R4=1 S4=1 Y3=1 X3=1 Z3=1 C3=1 R3=1 S3=1 Y2=1 X2=1 Z2=1 C2=1 R2=1 S2=1 Y1=1 X1=1 Z1=1 C1=1 R1=1 S1=1 Y0=1 X0=1 Z0=1 C0=1 R0=1 S0=1] WRegister[P=1 Q=1 Z16=1 C16=8 R16=3 S16=1 Y15=1 X15=1 Z15=1 C15=8 R15=3 S15=1 Y14=1 X14=1 Z14=1 C14=8 R14=3 S14=1 Y13=1 X13=1 Z13=1 C13=4 R13=3 S13=1 Y12=1 X12=1 Z12=1 C12=4 R12=3 S12=1 Y11=1 X11=1 Z11=1 C11=4 R11=3 S11=1 Y10=1 X10=1 Z10=1 C10=4 R10=3 S10=1 Y9=1 X9=1 Z9=1 C9=2 R9=3 S9=1 Y8=1 X8=1 Z8=1 C8=2 R8=3 S8=1 Y7=1 X7=1 Z7=1 C7=2 R7=3 S7=1 Y6=1 X6=1 Z6=1 C6=2 R6=3 S6=1 Y5=1 X5=1 Z5=1 C5=1 R5=3 S5=1 Y4=1 X4=1 Z4=1 C4=1 R4=3 S4=1 Y3=1 X3=1 Z3=1 C3=1 R3=3 S3=1 Y2=1 X2=1 Z2=1 C2=1 R2=3 S2=1 Y1=1 X1=1 Z1=1 C1=1 R1=3 S1=1 Y0=1 X0=1 Z0=1 C0=1 R0=7 S0=1] IntermediateRegister[P=1 Q=1 Z16=1 C16=1 R16=1 S16=1 Y15=1 X15=1 Z15=8 C15=1 R15=1 S15=1 Y14=1 X14=1 Z14=8 C14=1 R14=1 S14=1 Y13=1 X13=1 Z13=8 C13=1 R13=1 S13=1 Y12=1 X12=1 Z12=4 C12=1 R12=1 S12=1 Y11=1 X11=1 Z11=4 C11=1 R11=1 S11=1 Y10=1 X10=1 Z10=4 C10=1 R10=1 S10=1 Y9=1 X9=1 Z9=4 C9=1 R9=1 S9=1 Y8=1 X8=1 Z8=2 C8=1 R8=1 S8=1 Y7=1 X7=1 Z7=2 C7=1 R7=1 S7=1 Y6=1 X6=1 Z6=2 C6=1 R6=1 S6=1 Y5=1 X5=1 Z5=2 C5=1 R5=1 S5=1 Y4=1 X4=1 Z4=1 C4=1 R4=1 S4=1 Y3=1 X3=1 Z3=1 C3=1 R3=1 S3=1 Y2=1 X2=1 Z2=1 C2=1 R2=1 S2=1 Y1=1 X1=1 Z1=1 C1=1 R1=1 S1=1 Y0=1 X0=1 Z0=1 C0=1 R0=1 S0=1] OutRegister[P=1 Q=1 Z16=8 C16=1 R16=1 S16=1 Y15=1 X15=1 Z15=1 C15=1 R15=1 S15=1 Y14=1 X14=1 Z14=1 C14=1 R14=1 S14=1 Y13=1 X13=1 Z13=1 C13=1 R13=1 S13=1 Y12=1 X12=1 Z12=1 C12=1 R12=1 S12=1 Y11=1 X11=1 Z11=1 C11=1 R11=1 S11=1 Y10=1 X10=1 Z10=1 C10=1 R10=1 S10=1 Y9=1 X9=1 Z9=1 C9=1 R9=1 S9=1 Y8=1 X8=1 Z8=1 C8=1 R8=1 S8=1 Y7=1 X7=1 Z7=1 C7=1 R7=1 S7=1 Y6=1 X6=1 Z6=1 C6=1 R6=1 S6=1 Y5=1 X5=1 Z5=1 C5=1 R5=1 S5=1 Y4=1 X4=1 Z4=1 C4=1 R4=1 S4=1 Y3=1 X3=1 Z3=1 C3=1 R3=1 S3=1 Y2=1 X2=1 Z2=1 C2=1 R2=1 S2=1 Y1=1 X1=1 Z1=1 C1=1 R1=1 S1=1 Y0=1 X0=1 Z0=1 C0=1 R0=1 S0=1] Compute] 
resnet18_17layer_2026-02-25T17:47:40.706283,resnet18,17layer,full,17,eyeriss,thesis_arch,1056,524,128,512,4,1,False,False,"Ill-posed constraints:
CONSTRAINTS VIOLATION: Arch: Eyeriss_Constrained_17L_tile1_4x512 -> Level: WRegister: memory footprint: 7159 VS memory available: 4000
CONSTRAINTS VIOLATION: Arch: Eyeriss_Constrained_17L_tile1_4x512 -> Level: IntermediateRegister: memory footprint: 785 VS memory available: 350
CONSTRAINTS VIOLATION: Arch: Eyeriss_Constrained_17L_tile1_4x512 -> Level: OutRegister: memory footprint: 128 VS memory available: 16",0.000e+00,0.000e+00,0.00e+00,0,0.0,0.0,
resnet18_17layer_2026-02-25T17:47:41.014268,resnet18,17layer,full,17,eyeriss,thesis_arch,1056,524,128,512,16,1,False,False,"Ill-posed constraints:
CONSTRAINTS VIOLATION: Arch: Eyeriss_Constrained_17L_tile1_16x512 -> Level: OutRegister: memory footprint: 32 VS memory available: 16",0.000e+00,0.000e+00,0.00e+00,0,0.0,0.0,
resnet18_17layer_2026-02-25T17:47:41.354678,resnet18,17layer,full,17,eyeriss,thesis_arch,1056,524,128,512,32,1,False,True,,5.796e+04,3.042e+06,1.79e+05,"(6204068032, 2890626816)",0.0008221660582421464,0.29943299293518066,DRAM[P=7 Q=7 Z16=1 C16=1 R16=1 S16=1 Y15=7 X15=7 Z15=1 C15=1 R15=1 S15=1 Y14=7 X14=7 Z14=1 C14=1 R14=1 S14=1 Y13=14 X13=14 Z13=1 C13=1 R13=1 S13=1 Y12=14 X12=14 Z12=1 C12=1 R12=1 S12=1 Y11=14 X11=14 Z11=1 C11=1 R11=1 S11=1 Y10=14 X10=14 Z10=1 C10=1 R10=1 S10=1 Y9=28 X9=28 Z9=1 C9=1 R9=1 S9=1 Y8=28 X8=28 Z8=1 C8=1 R8=1 S8=1 Y7=28 X7=28 Z7=1 C7=1 R7=1 S7=1 Y6=28 X6=28 Z6=1 C6=1 R6=1 S6=1 Y5=56 X5=56 Z5=1 C5=1 R5=1 S5=1 Y4=56 X4=56 Z4=1 C4=1 R4=1 S4=1 Y3=56 X3=56 Z3=1 C3=1 R3=1 S3=1 Y2=56 X2=56 Z2=1 C2=1 R2=1 S2=1 Y1=56 X1=56 Z1=1 C1=1 R1=1 S1=1 Y0=112 X0=112 Z0=1 C0=1 R0=1 S0=1] GlobalBuffer[P=1 Q=1 Z16=1 C16=1 R16=1 S16=1 Y15=1 X15=1 Z15=1 C15=1 R15=1 S15=1 Y14=1 X14=1 Z14=1 C14=1 R14=1 S14=1 Y13=1 X13=1 Z13=1 C13=1 R13=1 S13=1 Y12=1 X12=1 Z12=1 C12=1 R12=1 S12=1 Y11=1 X11=1 Z11=1 C11=1 R11=1 S11=1 Y10=1 X10=1 Z10=1 C10=1 R10=1 S10=1 Y9=1 X9=1 Z9=1 C9=1 R9=1 S9=1 Y8=1 X8=1 Z8=1 C8=1 R8=1 S8=1 Y7=1 X7=1 Z7=1 C7=1 R7=1 S7=1 Y6=1 X6=1 Z6=1 C6=1 R6=1 S6=1 Y5=1 X5=1 Z5=1 C5=1 R5=1 S5=1 Y4=1 X4=1 Z4=1 C4=1 R4=1 S4=1 Y3=1 X3=1 Z3=1 C3=1 R3=1 S3=1 Y2=1 X2=1 Z2=1 C2=1 R2=1 S2=1 Y1=1 X1=1 Z1=1 C1=1 R1=1 S1=1 Y0=1 X0=1 Z0=1 C0=1 R0=1 S0=1] SACols[Q=1 Z16=32] SARows[S16=3 C16=128 Z16=1] SACols_15[X15=1 Z15=32] SARows_15[S15=3 C15=128 Z15=1] SACols_14[X14=1 Z14=32] SARows_14[S14=3 C14=128 Z14=1] SACols_13[X13=1 Z13=32] SARows_13[S13=3 C13=128 Z13=1] SACols_12[X12=1 Z12=32] SARows_12[S12=3 C12=128 Z12=1] SACols_11[X11=1 Z11=32] SARows_11[S11=3 C11=128 Z11=1] SACols_10[X10=1 Z10=32] SARows_10[S10=3 C10=128 Z10=1] SACols_9[X9=1 Z9=32] SARows_9[S9=3 C9=128 Z9=1] SACols_8[X8=1 Z8=32] SARows_8[S8=3 C8=128 Z8=1] SACols_7[X7=1 Z7=32] SARows_7[S7=3 C7=128 Z7=1] SACols_6[X6=1 Z6=32] SARows_6[S6=3 C6=128 Z6=1] SACols_5[X5=1 Z5=32] SARows_5[S5=3 C5=64 Z5=2] SACols_4[X4=1 Z4=32] SARows_4[S4=3 C4=64 Z4=2] SACols_3[X3=1 Z3=32] SARows_3[S3=3 C3=64 Z3=2] SACols_2[X2=1 Z2=32] SARows_2[S2=3 C2=64 Z2=2] SACols_1[X1=1 Z1=32] SARows_1[S1=3 C1=64 Z1=2] SACols_0[X0=1 Z0=32] SARows_0[S0=7 C0=3 Z0=2] InRegister[P=1 Q=1 Z16=1 C16=1 R16=1 S16=1 Y15=1 X15=1 Z15=1 C15=1 R15=1 S15=1 Y14=1 X14=1 Z14=1 C14=1 R14=1 S14=1 Y13=1 X13=1 Z13=1 C13=1 R13=1 S13=1 Y12=1 X12=1 Z12=1 C12=1 R12=1 S12=1 Y11=1 X11=1 Z11=1 C11=1 R11=1 S11=1 Y10=1 X10=1 Z10=1 C10=1 R10=1 S10=1 Y9=1 X9=1 Z9=1 C9=1 R9=1 S9=1 Y8=1 X8=1 Z8=1 C8=1 R8=1 S8=1 Y7=1 X7=1 Z7=1 C7=1 R7=1 S7=1 Y6=1 X6=1 Z6=1 C6=1 R6=1 S6=1 Y5=1 X5=1 Z5=1 C5=1 R5=1 S5=1 Y4=1 X4=1 Z4=1 C4=1 R4=1 S4=1 Y3=1 X3=1 Z3=1 C3=1 R3=1 S3=1 Y2=1 X2=1 Z2=1 C2=1 R2=1 S2=1 Y1=1 X1=1 Z1=1 C1=1 R1=1 S1=1 Y0=1 X0=1 Z0=1 C0=1 R0=1 S0=1] WRegister[P=1 Q=1 Z16=1 C16=4 R16=3 S16=1 Y15=1 X15=1 Z15=1 C15=4 R15=3 S15=1 Y14=1 X14=1 Z14=1 C14=4 R14=3 S14=1 Y13=1 X13=1 Z13=1 C13=2 R13=3 S13=1 Y12=1 X12=1 Z12=1 C12=2 R12=3 S12=1 Y11=1 X11=1 Z11=1 C11=2 R11=3 S11=1 Y10=1 X10=1 Z10=1 C10=2 R10=3 S10=1 Y9=1 X9=1 Z9=1 C9=1 R9=3 S9=1 Y8=1 X8=1 Z8=1 C8=1 R8=3 S8=1 Y7=1 X7=1 Z7=1 C7=1 R7=3 S7=1 Y6=1 X6=1 Z6=1 C6=1 R6=3 S6=1 Y5=1 X5=1 Z5=1 C5=1 R5=3 S5=1 Y4=1 X4=1 Z4=1 C4=1 R4=3 S4=1 Y3=1 X3=1 Z3=1 C3=1 R3=3 S3=1 Y2=1 X2=1 Z2=1 C2=1 R2=3 S2=1 Y1=1 X1=1 Z1=1 C1=1 R1=3 S1=1 Y0=1 X0=1 Z0=1 C0=1 R0=7 S0=1] IntermediateRegister[P=1 Q=1 Z16=1 C16=1 R16=1 S16=1 Y15=1 X15=1 Z15=16 C15=1 R15=1 S15=1 Y14=1 X14=1 Z14=16 C14=1 R14=1 S14=1 Y13=1 X13=1 Z13=16 C13=1 R13=1 S13=1 Y12=1 X12=1 Z12=8 C12=1 R12=1 S12=1 Y11=1 X11=1 Z11=8 C11=1 R11=1 S11=1 Y10=1 X10=1 Z10=8 C10=1 R10=1 S10=1 Y9=1 X9=1 Z9=8 C9=1 R9=1 S9=1 Y8=1 X8=1 Z8=4 C8=1 R8=1 S8=1 Y7=1 X7=1 Z7=4 C7=1 R7=1 S7=1 Y6=1 X6=1 Z6=4 C6=1 R6=1 S6=1 Y5=1 X5=1 Z5=2 C5=1 R5=1 S5=1 Y4=1 X4=1 Z4=1 C4=1 R4=1 S4=1 Y3=1 X3=1 Z3=1 C3=1 R3=1 S3=1 Y2=1 X2=1 Z2=1 C2=1 R2=1 S2=1 Y1=1 X1=1 Z1=1 C1=1 R1=1 S1=1 Y0=1 X0=1 Z0=1 C0=1 R0=1 S0=1] OutRegister[P=1 Q=1 Z16=16 C16=1 R16=1 S16=1 Y15=1 X15=1 Z15=1 C15=1 R15=1 S15=1 Y14=1 X14=1 Z14=1 C14=1 R14=1 S14=1 Y13=1 X13=1 Z13=1 C13=1 R13=1 S13=1 Y12=1 X12=1 Z12=1 C12=1 R12=1 S12=1 Y11=1 X11=1 Z11=1 C11=1 R11=1 S11=1 Y10=1 X10=1 Z10=1 C10=1 R10=1 S10=1 Y9=1 X9=1 Z9=1 C9=1 R9=1 S9=1 Y8=1 X8=1 Z8=1 C8=1 R8=1 S8=1 Y7=1 X7=1 Z7=1 C7=1 R7=1 S7=1 Y6=1 X6=1 Z6=1 C6=1 R6=1 S6=1 Y5=1 X5=1 Z5=1 C5=1 R5=1 S5=1 Y4=1 X4=1 Z4=1 C4=1 R4=1 S4=1 Y3=1 X3=1 Z3=1 C3=1 R3=1 S3=1 Y2=1 X2=1 Z2=1 C2=1 R2=1 S2=1 Y1=1 X1=1 Z1=1 C1=1 R1=1 S1=1 Y0=1 X0=1 Z0=1 C0=1 R0=1 S0=1] Compute] 
resnet18_17layer_2026-02-25T17:47:41.993327,resnet18,17layer,full,17,eyeriss,thesis_arch,1056,524,128,4,4,1,False,False,"Arch: Eyeriss_Constrained_17L_tile1_4x4 -> Level: SARows_0: Failed to fit comp to arch because the level's constraint (S0: 4) does not divide comp dimension S0 (7) exactly. To compensate, consider setting 'Settings.PADDED_MAPPINGS' to True.",0.000e+00,0.000e+00,0.00e+00,0,0.0,0.0,
resnet18_17layer_2026-02-25T17:47:42.360204,resnet18,17layer,full,17,eyeriss,thesis_arch,1056,524,128,4,16,1,False,False,"Arch: Eyeriss_Constrained_17L_tile1_16x4 -> Level: SARows_0: Failed to fit comp to arch because the level's constraint (S0: 4) does not divide comp dimension S0 (7) exactly. To compensate, consider setting 'Settings.PADDED_MAPPINGS' to True.",0.000e+00,0.000e+00,0.00e+00,0,0.0,0.0,
resnet18_17layer_2026-02-25T17:47:42.634546,resnet18,17layer,full,17,eyeriss,thesis_arch,1056,524,128,4,32,1,False,False,"Arch: Eyeriss_Constrained_17L_tile1_32x4 -> Level: SARows_0: Failed to fit comp to arch because the level's constraint (S0: 4) does not divide comp dimension S0 (7) exactly. To compensate, consider setting 'Settings.PADDED_MAPPINGS' to True.",0.000e+00,0.000e+00,0.00e+00,0,0.0,0.0,
resnet18_17layer_2026-02-25T17:47:42.920515,resnet18,17layer,full,17,eyeriss,thesis_arch,1056,524,128,4,64,1,False,False,"Arch: Eyeriss_Constrained_17L_tile1_64x4 -> Level: SARows_0: Failed to fit comp to arch because the level's constraint (S0: 4) does not divide comp dimension S0 (7) exactly. To compensate, consider setting 'Settings.PADDED_MAPPINGS' to True.",0.000e+00,0.000e+00,0.00e+00,0,0.0,0.0,
resnet18_17layer_2026-02-25T17:47:43.277972,resnet18,17layer,full,17,eyeriss,thesis_arch,1056,524,128,4,128,1,False,False,"Arch: Eyeriss_Constrained_17L_tile1_128x4 -> Level: SARows_0: Failed to fit comp to arch because the level's constraint (S0: 4) does not divide comp dimension S0 (7) exactly. To compensate, consider setting 'Settings.PADDED_MAPPINGS' to True.",0.000e+00,0.000e+00,0.00e+00,0,0.0,0.0,
resnet18_17layer_2026-02-25T17:47:43.608763,resnet18,17layer,full,17,eyeriss,thesis_arch,1056,524,128,4,256,1,False,False,"Arch: Eyeriss_Constrained_17L_tile1_256x4 -> Level: SARows_0: Failed to fit comp to arch because the level's constraint (S0: 4) does not divide comp dimension S0 (7) exactly. To compensate, consider setting 'Settings.PADDED_MAPPINGS' to True.",0.000e+00,0.000e+00,0.00e+00,0,0.0,0.0,
resnet18_17layer_2026-02-25T17:47:43.927682,resnet18,17layer,full,17,eyeriss,thesis_arch,1056,524,128,4,512,1,False,False,"Arch: Eyeriss_Constrained_17L_tile1_512x4 -> Level: SARows_0: Failed to fit comp to arch because the level's constraint (S0: 4) does not divide comp dimension S0 (7) exactly. To compensate, consider setting 'Settings.PADDED_MAPPINGS' to True.",0.000e+00,0.000e+00,0.00e+00,0,0.0,0.0,
resnet18_17layer_2026-02-25T17:47:44.238325,resnet18,17layer,full,17,eyeriss,thesis_arch,1056,524,128,16,4,1,False,False,"Ill-posed constraints:
CONSTRAINTS VIOLATION: Arch: Eyeriss_Constrained_17L_tile1_4x16 -> Level: InRegister: memory footprint: 2584 VS memory available: 400
CONSTRAINTS VIOLATION: Arch: Eyeriss_Constrained_17L_tile1_4x16 -> Level: WRegister: memory footprint: 229032 VS memory available: 4000
CONSTRAINTS VIOLATION: Arch: Eyeriss_Constrained_17L_tile1_4x16 -> Level: IntermediateRegister: memory footprint: 840 VS memory available: 350
CONSTRAINTS VIOLATION: Arch: Eyeriss_Constrained_17L_tile1_4x16 -> Level: OutRegister: memory footprint: 128 VS memory available: 32",0.000e+00,0.000e+00,0.00e+00,0,0.0,0.0,
resnet18_17layer_2026-02-25T17:47:44.586676,resnet18,17layer,full,17,eyeriss,thesis_arch,1056,524,128,16,16,1,False,False,"Ill-posed constraints:
CONSTRAINTS VIOLATION: Arch: Eyeriss_Constrained_17L_tile1_16x16 -> Level: InRegister: memory footprint: 2584 VS memory available: 400
CONSTRAINTS VIOLATION: Arch: Eyeriss_Constrained_17L_tile1_16x16 -> Level: WRegister: memory footprint: 57258 VS memory available: 4000",0.000e+00,0.000e+00,0.00e+00,0,0.0,0.0,
resnet18_17layer_2026-02-25T17:47:44.947090,resnet18,17layer,full,17,eyeriss,thesis_arch,1056,524,128,16,32,1,False,False,"Ill-posed constraints:
CONSTRAINTS VIOLATION: Arch: Eyeriss_Constrained_17L_tile1_32x16 -> Level: InRegister: memory footprint: 2584 VS memory available: 400
CONSTRAINTS VIOLATION: Arch: Eyeriss_Constrained_17L_tile1_32x16 -> Level: WRegister: memory footprint: 28629 VS memory available: 4000",0.000e+00,0.000e+00,0.00e+00,0,0.0,0.0,
resnet18_17layer_2026-02-25T17:47:45.232168,resnet18,17layer,full,17,eyeriss,thesis_arch,1056,524,128,16,64,1,False,False,"Ill-posed constraints:
CONSTRAINTS VIOLATION: Arch: Eyeriss_Constrained_17L_tile1_64x16 -> Level: InRegister: memory footprint: 2584 VS memory available: 400
CONSTRAINTS VIOLATION: Arch: Eyeriss_Constrained_17L_tile1_64x16 -> Level: WRegister: memory footprint: 14325 VS memory available: 4000",0.000e+00,0.000e+00,0.00e+00,0,0.0,0.0,
resnet18_17layer_2026-02-25T17:47:45.604615,resnet18,17layer,full,17,eyeriss,thesis_arch,1056,524,128,16,128,1,False,False,"Ill-posed constraints:
CONSTRAINTS VIOLATION: Arch: Eyeriss_Constrained_17L_tile1_128x16 -> Level: InRegister: memory footprint: 2584 VS memory available: 400
CONSTRAINTS VIOLATION: Arch: Eyeriss_Constrained_17L_tile1_128x16 -> Level: WRegister: memory footprint: 7269 VS memory available: 4000",0.000e+00,0.000e+00,0.00e+00,0,0.0,0.0,
resnet18_17layer_2026-02-25T17:47:45.882126,resnet18,17layer,full,17,eyeriss,thesis_arch,1056,524,128,16,256,1,False,False,"Ill-posed constraints:
CONSTRAINTS VIOLATION: Arch: Eyeriss_Constrained_17L_tile1_256x16 -> Level: InRegister: memory footprint: 2584 VS memory available: 400",0.000e+00,0.000e+00,0.00e+00,0,0.0,0.0,
resnet18_17layer_2026-02-25T17:47:46.184503,resnet18,17layer,full,17,eyeriss,thesis_arch,1056,524,128,16,512,1,False,False,"Ill-posed constraints:
CONSTRAINTS VIOLATION: Arch: Eyeriss_Constrained_17L_tile1_512x16 -> Level: InRegister: memory footprint: 2584 VS memory available: 400",0.000e+00,0.000e+00,0.00e+00,0,0.0,0.0,
resnet18_17layer_2026-02-25T17:47:46.574885,resnet18,17layer,full,17,eyeriss,thesis_arch,1056,524,128,32,4,1,False,False,"Ill-posed constraints:
CONSTRAINTS VIOLATION: Arch: Eyeriss_Constrained_17L_tile1_4x32 -> Level: InRegister: memory footprint: 1286 VS memory available: 400
CONSTRAINTS VIOLATION: Arch: Eyeriss_Constrained_17L_tile1_4x32 -> Level: WRegister: memory footprint: 114544 VS memory available: 4000
CONSTRAINTS VIOLATION: Arch: Eyeriss_Constrained_17L_tile1_4x32 -> Level: IntermediateRegister: memory footprint: 848 VS memory available: 350
CONSTRAINTS VIOLATION: Arch: Eyeriss_Constrained_17L_tile1_4x32 -> Level: OutRegister: memory footprint: 128 VS memory available: 32",0.000e+00,0.000e+00,0.00e+00,0,0.0,0.0,
resnet18_17layer_2026-02-25T17:47:46.943368,resnet18,17layer,full,17,eyeriss,thesis_arch,1056,524,128,32,16,1,False,False,"Ill-posed constraints:
CONSTRAINTS VIOLATION: Arch: Eyeriss_Constrained_17L_tile1_16x32 -> Level: InRegister: memory footprint: 1286 VS memory available: 400
CONSTRAINTS VIOLATION: Arch: Eyeriss_Constrained_17L_tile1_16x32 -> Level: WRegister: memory footprint: 28636 VS memory available: 4000",0.000e+00,0.000e+00,0.00e+00,0,0.0,0.0,
resnet18_17layer_2026-02-25T17:47:47.346529,resnet18,17layer,full,17,eyeriss,thesis_arch,1056,524,128,32,32,1,False,False,"Ill-posed constraints:
CONSTRAINTS VIOLATION: Arch: Eyeriss_Constrained_17L_tile1_32x32 -> Level: InRegister: memory footprint: 1286 VS memory available: 400
CONSTRAINTS VIOLATION: Arch: Eyeriss_Constrained_17L_tile1_32x32 -> Level: WRegister: memory footprint: 14318 VS memory available: 4000",0.000e+00,0.000e+00,0.00e+00,0,0.0,0.0,
resnet18_17layer_2026-02-25T17:47:47.754234,resnet18,17layer,full,17,eyeriss,thesis_arch,1056,524,128,32,64,1,False,False,"Ill-posed constraints:
CONSTRAINTS VIOLATION: Arch: Eyeriss_Constrained_17L_tile1_64x32 -> Level: InRegister: memory footprint: 1286 VS memory available: 400
CONSTRAINTS VIOLATION: Arch: Eyeriss_Constrained_17L_tile1_64x32 -> Level: WRegister: memory footprint: 7159 VS memory available: 4000",0.000e+00,0.000e+00,0.00e+00,0,0.0,0.0,
resnet18_17layer_2026-02-25T17:47:48.053125,resnet18,17layer,full,17,eyeriss,thesis_arch,1056,524,128,32,128,1,False,False,"Ill-posed constraints:
CONSTRAINTS VIOLATION: Arch: Eyeriss_Constrained_17L_tile1_128x32 -> Level: InRegister: memory footprint: 1286 VS memory available: 400",0.000e+00,0.000e+00,0.00e+00,0,0.0,0.0,
resnet18_17layer_2026-02-25T17:47:48.417949,resnet18,17layer,full,17,eyeriss,thesis_arch,1056,524,128,32,256,1,False,False,"Ill-posed constraints:
CONSTRAINTS VIOLATION: Arch: Eyeriss_Constrained_17L_tile1_256x32 -> Level: InRegister: memory footprint: 1286 VS memory available: 400",0.000e+00,0.000e+00,0.00e+00,0,0.0,0.0,
resnet18_17layer_2026-02-25T17:47:48.793677,resnet18,17layer,full,17,eyeriss,thesis_arch,1056,524,128,32,512,1,False,False,"Ill-posed constraints:
CONSTRAINTS VIOLATION: Arch: Eyeriss_Constrained_17L_tile1_512x32 -> Level: InRegister: memory footprint: 1286 VS memory available: 400",0.000e+00,0.000e+00,0.00e+00,0,0.0,0.0,
resnet18_17layer_2026-02-25T17:47:49.166021,resnet18,17layer,full,17,eyeriss,thesis_arch,1056,524,128,64,4,1,False,False,"Ill-posed constraints:
CONSTRAINTS VIOLATION: Arch: Eyeriss_Constrained_17L_tile1_4x64 -> Level: InRegister: memory footprint: 650 VS memory available: 400
CONSTRAINTS VIOLATION: Arch: Eyeriss_Constrained_17L_tile1_4x64 -> Level: WRegister: memory footprint: 57272 VS memory available: 4000
CONSTRAINTS VIOLATION: Arch: Eyeriss_Constrained_17L_tile1_4x64 -> Level: IntermediateRegister: memory footprint: 840 VS memory available: 350
CONSTRAINTS VIOLATION: Arch: Eyeriss_Constrained_17L_tile1_4x64 -> Level: OutRegister: memory footprint: 128 VS memory available: 32",0.000e+00,0.000e+00,0.00e+00,0,0.0,0.0,
resnet18_17layer_2026-02-25T17:47:49.541615,resnet18,17layer,full,17,eyeriss,thesis_arch,1056,524,128,64,16,1,False,False,"Ill-posed constraints:
CONSTRAINTS VIOLATION: Arch: Eyeriss_Constrained_17L_tile1_16x64 -> Level: InRegister: memory footprint: 650 VS memory available: 400
CONSTRAINTS VIOLATION: Arch: Eyeriss_Constrained_17L_tile1_16x64 -> Level: WRegister: memory footprint: 14318 VS memory available: 4000",0.000e+00,0.000e+00,0.00e+00,0,0.0,0.0,
resnet18_17layer_2026-02-25T17:47:49.883867,resnet18,17layer,full,17,eyeriss,thesis_arch,1056,524,128,64,32,1,False,False,"Ill-posed constraints:
CONSTRAINTS VIOLATION: Arch: Eyeriss_Constrained_17L_tile1_32x64 -> Level: InRegister: memory footprint: 650 VS memory available: 400
CONSTRAINTS VIOLATION: Arch: Eyeriss_Constrained_17L_tile1_32x64 -> Level: WRegister: memory footprint: 7159 VS memory available: 4000",0.000e+00,0.000e+00,0.00e+00,0,0.0,0.0,
resnet18_17layer_2026-02-25T17:47:50.244427,resnet18,17layer,full,17,eyeriss,thesis_arch,1056,524,128,64,64,1,False,False,"Ill-posed constraints:
CONSTRAINTS VIOLATION: Arch: Eyeriss_Constrained_17L_tile1_64x64 -> Level: InRegister: memory footprint: 650 VS memory available: 400",0.000e+00,0.000e+00,0.00e+00,0,0.0,0.0,
resnet18_17layer_2026-02-25T17:47:50.523219,resnet18,17layer,full,17,eyeriss,thesis_arch,1056,524,128,64,128,1,False,False,"Ill-posed constraints:
CONSTRAINTS VIOLATION: Arch: Eyeriss_Constrained_17L_tile1_128x64 -> Level: InRegister: memory footprint: 650 VS memory available: 400",0.000e+00,0.000e+00,0.00e+00,0,0.0,0.0,
resnet18_17layer_2026-02-25T17:47:50.825475,resnet18,17layer,full,17,eyeriss,thesis_arch,1056,524,128,64,256,1,False,False,"Ill-posed constraints:
CONSTRAINTS VIOLATION: Arch: Eyeriss_Constrained_17L_tile1_256x64 -> Level: InRegister: memory footprint: 650 VS memory available: 400",0.000e+00,0.000e+00,0.00e+00,0,0.0,0.0,
resnet18_17layer_2026-02-25T17:47:51.156657,resnet18,17layer,full,17,eyeriss,thesis_arch,1056,524,128,128,4,1,False,False,"Ill-posed constraints:
CONSTRAINTS VIOLATION: Arch: Eyeriss_Constrained_17L_tile1_4x128 -> Level: WRegister: memory footprint: 28636 VS memory available: 4000
CONSTRAINTS VIOLATION: Arch: Eyeriss_Constrained_17L_tile1_4x128 -> Level: IntermediateRegister: memory footprint: 836 VS memory available: 350
CONSTRAINTS VIOLATION: Arch: Eyeriss_Constrained_17L_tile1_4x128 -> Level: OutRegister: memory footprint: 128 VS memory available: 32",0.000e+00,0.000e+00,0.00e+00,0,0.0,0.0,
resnet18_17layer_2026-02-25T17:47:51.539218,resnet18,17layer,full,17,eyeriss,thesis_arch,1056,524,128,128,16,1,False,False,"Ill-posed constraints:
CONSTRAINTS VIOLATION: Arch: Eyeriss_Constrained_17L_tile1_16x128 -> Level: WRegister: memory footprint: 7159 VS memory available: 4000",0.000e+00,0.000e+00,0.00e+00,0,0.0,0.0,
resnet18_17layer_2026-02-25T17:47:51.848611,resnet18,17layer,full,17,eyeriss,thesis_arch,1056,524,128,128,32,1,False,True,,5.620e+04,3.059e+06,1.74e+05,"(5568237760, 2543810304)",0.0032886642329685856,0.3394327163696289,DRAM[P=7 Q=7 Z16=1 C16=1 R16=1 S16=1 Y15=7 X15=7 Z15=1 C15=1 R15=1 S15=1 Y14=7 X14=7 Z14=1 C14=1 R14=1 S14=1 Y13=14 X13=14 Z13=1 C13=1 R13=1 S13=1 Y12=14 X12=14 Z12=1 C12=1 R12=1 S12=1 Y11=14 X11=14 Z11=1 C11=1 R11=1 S11=1 Y10=14 X10=14 Z10=1 C10=1 R10=1 S10=1 Y9=28 X9=28 Z9=1 C9=1 R9=1 S9=1 Y8=28 X8=28 Z8=1 C8=1 R8=1 S8=1 Y7=28 X7=28 Z7=1 C7=1 R7=1 S7=1 Y6=28 X6=28 Z6=1 C6=1 R6=1 S6=1 Y5=56 X5=56 Z5=1 C5=1 R5=1 S5=1 Y4=56 X4=56 Z4=1 C4=1 R4=1 S4=1 Y3=56 X3=56 Z3=1 C3=1 R3=1 S3=1 Y2=56 X2=56 Z2=1 C2=1 R2=1 S2=1 Y1=56 X1=56 Z1=1 C1=1 R1=1 S1=1 Y0=112 X0=112 Z0=1 C0=1 R0=1 S0=1] GlobalBuffer[P=1 Q=1 Z16=1 C16=1 R16=1 S16=1 Y15=1 X15=1 Z15=1 C15=1 R15=1 S15=1 Y14=1 X14=1 Z14=1 C14=1 R14=1 S14=1 Y13=1 X13=1 Z13=1 C13=1 R13=1 S13=1 Y12=1 X12=1 Z12=1 C12=1 R12=1 S12=1 Y11=1 X11=1 Z11=1 C11=1 R11=1 S11=1 Y10=1 X10=1 Z10=1 C10=1 R10=1 S10=1 Y9=1 X9=1 Z9=1 C9=1 R9=1 S9=1 Y8=1 X8=1 Z8=1 C8=1 R8=1 S8=1 Y7=1 X7=1 Z7=1 C7=1 R7=1 S7=1 Y6=1 X6=1 Z6=1 C6=1 R6=1 S6=1 Y5=1 X5=1 Z5=1 C5=1 R5=1 S5=1 Y4=1 X4=1 Z4=1 C4=1 R4=1 S4=1 Y3=1 X3=1 Z3=1 C3=1 R3=1 S3=1 Y2=1 X2=1 Z2=1 C2=1 R2=1 S2=1 Y1=1 X1=1 Z1=1 C1=1 R1=1 S1=1 Y0=1 X0=1 Z0=1 C0=1 R0=1 S0=1] SACols[Q=1 Z16=32] SARows[S16=3 C16=32 Z16=1] SACols_15[X15=1 Z15=32] SARows_15[S15=3 C15=32 Z15=1] SACols_14[X14=1 Z14=32] SARows_14[S14=3 C14=32 Z14=1] SACols_13[X13=1 Z13=32] SARows_13[S13=3 C13=32 Z13=1] SACols_12[X12=1 Z12=32] SARows_12[S12=3 C12=32 Z12=1] SACols_11[X11=1 Z11=32] SARows_11[S11=3 C11=32 Z11=1] SACols_10[X10=1 Z10=32] SARows_10[S10=3 C10=32 Z10=1] SACols_9[X9=1 Z9=32] SARows_9[S9=3 C9=32 Z9=1] SACols_8[X8=1 Z8=32] SARows_8[S8=3 C8=32 Z8=1] SACols_7[X7=1 Z7=32] SARows_7[S7=3 C7=32 Z7=1] SACols_6[X6=1 Z6=32] SARows_6[S6=3 C6=32 Z6=1] SACols_5[X5=1 Z5=32] SARows_5[S5=3 C5=32 Z5=1] SACols_4[X4=1 Z4=32] SARows_4[S4=3 C4=32 Z4=1] SACols_3[X3=1 Z3=32] SARows_3[S3=3 C3=32 Z3=1] SACols_2[X2=1 Z2=32] SARows_2[S2=3 C2=32 Z2=1] SACols_1[X1=1 Z1=32] SARows_1[S1=3 C1=32 Z1=1] SACols_0[X0=1 Z0=32] SARows_0[S0=7 C0=3 Z0=2] InRegister[P=1 Q=1 Z16=1 C16=1 R16=1 S16=1 Y15=1 X15=1 Z15=1 C15=1 R15=1 S15=1 Y14=1 X14=1 Z14=1 C14=1 R14=1 S14=1 Y13=1 X13=1 Z13=1 C13=1 R13=1 S13=1 Y12=1 X12=1 Z12=1 C12=1 R12=1 S12=1 Y11=1 X11=1 Z11=1 C11=1 R11=1 S11=1 Y10=1 X10=1 Z10=1 C10=1 R10=1 S10=1 Y9=1 X9=1 Z9=1 C9=1 R9=1 S9=1 Y8=1 X8=1 Z8=1 C8=1 R8=1 S8=1 Y7=1 X7=1 Z7=1 C7=1 R7=1 S7=1 Y6=1 X6=1 Z6=1 C6=1 R6=1 S6=1 Y5=1 X5=1 Z5=1 C5=1 R5=1 S5=1 Y4=1 X4=1 Z4=1 C4=1 R4=1 S4=1 Y3=1 X3=1 Z3=1 C3=1 R3=1 S3=1 Y2=1 X2=1 Z2=1 C2=1 R2=1 S2=1 Y1=1 X1=1 Z1=1 C1=1 R1=1 S1=1 Y0=1 X0=1 Z0=1 C0=1 R0=1 S0=1] WRegister[P=1 Q=1 Z16=1 C16=16 R16=3 S16=1 Y15=1 X15=1 Z15=1 C15=16 R15=3 S15=1 Y14=1 X14=1 Z14=1 C14=16 R14=3 S14=1 Y13=1 X13=1 Z13=1 C13=8 R13=3 S13=1 Y12=1 X12=1 Z12=1 C12=8 R12=3 S12=1 Y11=1 X11=1 Z11=1 C11=8 R11=3 S11=1 Y10=1 X10=1 Z10=1 C10=8 R10=3 S10=1 Y9=1 X9=1 Z9=1 C9=4 R9=3 S9=1 Y8=1 X8=1 Z8=1 C8=4 R8=3 S8=1 Y7=1 X7=1 Z7=1 C7=4 R7=3 S7=1 Y6=1 X6=1 Z6=1 C6=4 R6=3 S6=1 Y5=1 X5=1 Z5=1 C5=2 R5=3 S5=1 Y4=1 X4=1 Z4=1 C4=2 R4=3 S4=1 Y3=1 X3=1 Z3=1 C3=2 R3=3 S3=1 Y2=1 X2=1 Z2=1 C2=2 R2=3 S2=1 Y1=1 X1=1 Z1=1 C1=2 R1=3 S1=1 Y0=1 X0=1 Z0=1 C0=1 R0=7 S0=1] IntermediateRegister[P=1 Q=1 Z16=1 C16=1 R16=1 S16=1 Y15=1 X15=1 Z15=16 C15=1 R15=1 S15=1 Y14=1 X14=1 Z14=16 C14=1 R14=1 S14=1 Y13=1 X13=1 Z13=16 C13=1 R13=1 S13=1 Y12=1 X12=1 Z12=8 C12=1 R12=1 S12=1 Y11=1 X11=1 Z11=8 C11=1 R11=1 S11=1 Y10=1 X10=1 Z10=8 C10=1 R10=1 S10=1 Y9=1 X9=1 Z9=8 C9=1 R9=1 S9=1 Y8=1 X8=1 Z8=4 C8=1 R8=1 S8=1 Y7=1 X7=1 Z7=4 C7=1 R7=1 S7=1 Y6=1 X6=1 Z6=4 C6=1 R6=1 S6=1 Y5=1 X5=1 Z5=4 C5=1 R5=1 S5=1 Y4=1 X4=1 Z4=2 C4=1 R4=1 S4=1 Y3=1 X3=1 Z3=2 C3=1 R3=1 S3=1 Y2=1 X2=1 Z2=2 C2=1 R2=1 S2=1 Y1=1 X1=1 Z1=2 C1=1 R1=1 S1=1 Y0=1 X0=1 Z0=1 C0=1 R0=1 S0=1] OutRegister[P=1 Q=1 Z16=16 C16=1 R16=1 S16=1 Y15=1 X15=1 Z15=1 C15=1 R15=1 S15=1 Y14=1 X14=1 Z14=1 C14=1 R14=1 S14=1 Y13=1 X13=1 Z13=1 C13=1 R13=1 S13=1 Y12=1 X12=1 Z12=1 C12=1 R12=1 S12=1 Y11=1 X11=1 Z11=1 C11=1 R11=1 S11=1 Y10=1 X10=1 Z10=1 C10=1 R10=1 S10=1 Y9=1 X9=1 Z9=1 C9=1 R9=1 S9=1 Y8=1 X8=1 Z8=1 C8=1 R8=1 S8=1 Y7=1 X7=1 Z7=1 C7=1 R7=1 S7=1 Y6=1 X6=1 Z6=1 C6=1 R6=1 S6=1 Y5=1 X5=1 Z5=1 C5=1 R5=1 S5=1 Y4=1 X4=1 Z4=1 C4=1 R4=1 S4=1 Y3=1 X3=1 Z3=1 C3=1 R3=1 S3=1 Y2=1 X2=1 Z2=1 C2=1 R2=1 S2=1 Y1=1 X1=1 Z1=1 C1=1 R1=1 S1=1 Y0=1 X0=1 Z0=1 C0=1 R0=1 S0=1] Compute] 
resnet18_17layer_2026-02-25T17:47:52.590170,resnet18,17layer,full,17,eyeriss,thesis_arch,1056,524,128,128,64,1,False,True,,5.714e+04,3.042e+06,1.76e+05,"(6045110464, 2543810304)",0.0016443321164842928,0.33865857124328613,DRAM[P=7 Q=7 Z16=1 C16=1 R16=1 S16=1 Y15=7 X15=7 Z15=1 C15=1 R15=1 S15=1 Y14=7 X14=7 Z14=1 C14=1 R14=1 S14=1 Y13=14 X13=14 Z13=1 C13=1 R13=1 S13=1 Y12=14 X12=14 Z12=1 C12=1 R12=1 S12=1 Y11=14 X11=14 Z11=1 C11=1 R11=1 S11=1 Y10=14 X10=14 Z10=1 C10=1 R10=1 S10=1 Y9=28 X9=28 Z9=1 C9=1 R9=1 S9=1 Y8=28 X8=28 Z8=1 C8=1 R8=1 S8=1 Y7=28 X7=28 Z7=1 C7=1 R7=1 S7=1 Y6=28 X6=28 Z6=1 C6=1 R6=1 S6=1 Y5=56 X5=56 Z5=1 C5=1 R5=1 S5=1 Y4=56 X4=56 Z4=1 C4=1 R4=1 S4=1 Y3=56 X3=56 Z3=1 C3=1 R3=1 S3=1 Y2=56 X2=56 Z2=1 C2=1 R2=1 S2=1 Y1=56 X1=56 Z1=1 C1=1 R1=1 S1=1 Y0=112 X0=112 Z0=1 C0=1 R0=1 S0=1] GlobalBuffer[P=1 Q=1 Z16=1 C16=1 R16=1 S16=1 Y15=1 X15=1 Z15=1 C15=1 R15=1 S15=1 Y14=1 X14=1 Z14=1 C14=1 R14=1 S14=1 Y13=1 X13=1 Z13=1 C13=1 R13=1 S13=1 Y12=1 X12=1 Z12=1 C12=1 R12=1 S12=1 Y11=1 X11=1 Z11=1 C11=1 R11=1 S11=1 Y10=1 X10=1 Z10=1 C10=1 R10=1 S10=1 Y9=1 X9=1 Z9=1 C9=1 R9=1 S9=1 Y8=1 X8=1 Z8=1 C8=1 R8=1 S8=1 Y7=1 X7=1 Z7=1 C7=1 R7=1 S7=1 Y6=1 X6=1 Z6=1 C6=1 R6=1 S6=1 Y5=1 X5=1 Z5=1 C5=1 R5=1 S5=1 Y4=1 X4=1 Z4=1 C4=1 R4=1 S4=1 Y3=1 X3=1 Z3=1 C3=1 R3=1 S3=1 Y2=1 X2=1 Z2=1 C2=1 R2=1 S2=1 Y1=1 X1=1 Z1=1 C1=1 R1=1 S1=1 Y0=1 X0=1 Z0=1 C0=1 R0=1 S0=1] SACols[Q=1 Z16=64] SARows[S16=3 C16=32 Z16=1] SACols_15[X15=1 Z15=64] SARows_15[S15=3 C15=32 Z15=1] SACols_14[X14=1 Z14=64] SARows_14[S14=3 C14=32 Z14=1] SACols_13[X13=1 Z13=64] SARows_13[S13=3 C13=32 Z13=1] SACols_12[X12=1 Z12=64] SARows_12[S12=3 C12=32 Z12=1] SACols_11[X11=1 Z11=64] SARows_11[S11=3 C11=32 Z11=1] SACols_10[X10=1 Z10=64] SARows_10[S10=3 C10=32 Z10=1] SACols_9[X9=1 Z9=64] SARows_9[S9=3 C9=32 Z9=1] SACols_8[X8=1 Z8=64] SARows_8[S8=3 C8=32 Z8=1] SACols_7[X7=1 Z7=64] SARows_7[S7=3 C7=32 Z7=1] SACols_6[X6=1 Z6=64] SARows_6[S6=3 C6=32 Z6=1] SACols_5[X5=1 Z5=64] SARows_5[S5=3 C5=32 Z5=1] SACols_4[X4=1 Z4=64] SARows_4[S4=3 C4=32 Z4=1] SACols_3[X3=1 Z3=64] SARows_3[S3=3 C3=32 Z3=1] SACols_2[X2=1 Z2=64] SARows_2[S2=3 C2=32 Z2=1] SACols_1[X1=1 Z1=64] SARows_1[S1=3 C1=32 Z1=1] SACols_0[X0=1 Z0=64] SARows_0[S0=7 C0=3 Z0=1] InRegister[P=1 Q=1 Z16=1 C16=1 R16=1 S16=1 Y15=1 X15=1 Z15=1 C15=1 R15=1 S15=1 Y14=1 X14=1 Z14=1 C14=1 R14=1 S14=1 Y13=1 X13=1 Z13=1 C13=1 R13=1 S13=1 Y12=1 X12=1 Z12=1 C12=1 R12=1 S12=1 Y11=1 X11=1 Z11=1 C11=1 R11=1 S11=1 Y10=1 X10=1 Z10=1 C10=1 R10=1 S10=1 Y9=1 X9=1 Z9=1 C9=1 R9=1 S9=1 Y8=1 X8=1 Z8=1 C8=1 R8=1 S8=1 Y7=1 X7=1 Z7=1 C7=1 R7=1 S7=1 Y6=1 X6=1 Z6=1 C6=1 R6=1 S6=1 Y5=1 X5=1 Z5=1 C5=1 R5=1 S5=1 Y4=1 X4=1 Z4=1 C4=1 R4=1 S4=1 Y3=1 X3=1 Z3=1 C3=1 R3=1 S3=1 Y2=1 X2=1 Z2=1 C2=1 R2=1 S2=1 Y1=1 X1=1 Z1=1 C1=1 R1=1 S1=1 Y0=1 X0=1 Z0=1 C0=1 R0=1 S0=1] WRegister[P=1 Q=1 Z16=1 C16=16 R16=3 S16=1 Y15=1 X15=1 Z15=1 C15=16 R15=3 S15=1 Y14=1 X14=1 Z14=1 C14=16 R14=3 S14=1 Y13=1 X13=1 Z13=1 C13=8 R13=3 S13=1 Y12=1 X12=1 Z12=1 C12=8 R12=3 S12=1 Y11=1 X11=1 Z11=1 C11=8 R11=3 S11=1 Y10=1 X10=1 Z10=1 C10=8 R10=3 S10=1 Y9=1 X9=1 Z9=1 C9=4 R9=3 S9=1 Y8=1 X8=1 Z8=1 C8=4 R8=3 S8=1 Y7=1 X7=1 Z7=1 C7=4 R7=3 S7=1 Y6=1 X6=1 Z6=1 C6=4 R6=3 S6=1 Y5=1 X5=1 Z5=1 C5=2 R5=3 S5=1 Y4=1 X4=1 Z4=1 C4=2 R4=3 S4=1 Y3=1 X3=1 Z3=1 C3=2 R3=3 S3=1 Y2=1 X2=1 Z2=1 C2=2 R2=3 S2=1 Y1=1 X1=1 Z1=1 C1=2 R1=3 S1=1 Y0=1 X0=1 Z0=1 C0=1 R0=7 S0=1] IntermediateRegister[P=1 Q=1 Z16=1 C16=1 R16=1 S16=1 Y15=1 X15=1 Z15=8 C15=1 R15=1 S15=1 Y14=1 X14=1 Z14=8 C14=1 R14=1 S14=1 Y13=1 X13=1 Z13=8 C13=1 R13=1 S13=1 Y12=1 X12=1 Z12=4 C12=1 R12=1 S12=1 Y11=1 X11=1 Z11=4 C11=1 R11=1 S11=1 Y10=1 X10=1 Z10=4 C10=1 R10=1 S10=1 Y9=1 X9=1 Z9=4 C9=1 R9=1 S9=1 Y8=1 X8=1 Z8=2 C8=1 R8=1 S8=1 Y7=1 X7=1 Z7=2 C7=1 R7=1 S7=1 Y6=1 X6=1 Z6=2 C6=1 R6=1 S6=1 Y5=1 X5=1 Z5=2 C5=1 R5=1 S5=1 Y4=1 X4=1 Z4=1 C4=1 R4=1 S4=1 Y3=1 X3=1 Z3=1 C3=1 R3=1 S3=1 Y2=1 X2=1 Z2=1 C2=1 R2=1 S2=1 Y1=1 X1=1 Z1=1 C1=1 R1=1 S1=1 Y0=1 X0=1 Z0=1 C0=1 R0=1 S0=1] OutRegister[P=1 Q=1 Z16=8 C16=1 R16=1 S16=1 Y15=1 X15=1 Z15=1 C15=1 R15=1 S15=1 Y14=1 X14=1 Z14=1 C14=1 R14=1 S14=1 Y13=1 X13=1 Z13=1 C13=1 R13=1 S13=1 Y12=1 X12=1 Z12=1 C12=1 R12=1 S12=1 Y11=1 X11=1 Z11=1 C11=1 R11=1 S11=1 Y10=1 X10=1 Z10=1 C10=1 R10=1 S10=1 Y9=1 X9=1 Z9=1 C9=1 R9=1 S9=1 Y8=1 X8=1 Z8=1 C8=1 R8=1 S8=1 Y7=1 X7=1 Z7=1 C7=1 R7=1 S7=1 Y6=1 X6=1 Z6=1 C6=1 R6=1 S6=1 Y5=1 X5=1 Z5=1 C5=1 R5=1 S5=1 Y4=1 X4=1 Z4=1 C4=1 R4=1 S4=1 Y3=1 X3=1 Z3=1 C3=1 R3=1 S3=1 Y2=1 X2=1 Z2=1 C2=1 R2=1 S2=1 Y1=1 X1=1 Z1=1 C1=1 R1=1 S1=1 Y0=1 X0=1 Z0=1 C0=1 R0=1 S0=1] Compute] 
resnet18_17layer_2026-02-25T17:47:53.368685,resnet18,17layer,full,17,eyeriss,thesis_arch,1056,524,128,128,128,1,False,True,,5.810e+04,3.042e+06,1.80e+05,"(6536433856, 2543810304)",5.138537864013415e-05,0.35083627700805664,DRAM[P=7 Q=7 Z16=1 C16=1 R16=1 S16=1 Y15=7 X15=7 Z15=1 C15=1 R15=1 S15=1 Y14=7 X14=7 Z14=1 C14=1 R14=1 S14=1 Y13=14 X13=14 Z13=1 C13=1 R13=1 S13=1 Y12=14 X12=14 Z12=1 C12=1 R12=1 S12=1 Y11=14 X11=14 Z11=1 C11=1 R11=1 S11=1 Y10=14 X10=14 Z10=1 C10=1 R10=1 S10=1 Y9=28 X9=28 Z9=1 C9=1 R9=1 S9=1 Y8=28 X8=28 Z8=1 C8=1 R8=1 S8=1 Y7=28 X7=28 Z7=1 C7=1 R7=1 S7=1 Y6=28 X6=28 Z6=1 C6=1 R6=1 S6=1 Y5=56 X5=56 Z5=1 C5=1 R5=1 S5=1 Y4=56 X4=56 Z4=1 C4=1 R4=1 S4=1 Y3=56 X3=56 Z3=1 C3=1 R3=1 S3=1 Y2=56 X2=56 Z2=1 C2=1 R2=1 S2=1 Y1=56 X1=56 Z1=1 C1=1 R1=1 S1=1 Y0=112 X0=112 Z0=1 C0=1 R0=1 S0=1] GlobalBuffer[P=1 Q=1 Z16=1 C16=1 R16=1 S16=1 Y15=1 X15=1 Z15=1 C15=1 R15=1 S15=1 Y14=1 X14=1 Z14=1 C14=1 R14=1 S14=1 Y13=1 X13=1 Z13=1 C13=1 R13=1 S13=1 Y12=1 X12=1 Z12=1 C12=1 R12=1 S12=1 Y11=1 X11=1 Z11=1 C11=1 R11=1 S11=1 Y10=1 X10=1 Z10=1 C10=1 R10=1 S10=1 Y9=1 X9=1 Z9=1 C9=1 R9=1 S9=1 Y8=1 X8=1 Z8=1 C8=1 R8=1 S8=1 Y7=1 X7=1 Z7=1 C7=1 R7=1 S7=1 Y6=1 X6=1 Z6=1 C6=1 R6=1 S6=1 Y5=1 X5=1 Z5=1 C5=1 R5=1 S5=1 Y4=1 X4=1 Z4=1 C4=1 R4=1 S4=1 Y3=1 X3=1 Z3=1 C3=1 R3=1 S3=1 Y2=1 X2=1 Z2=1 C2=1 R2=1 S2=1 Y1=1 X1=1 Z1=1 C1=1 R1=1 S1=1 Y0=1 X0=1 Z0=1 C0=1 R0=1 S0=1] SACols[Q=1 Z16=128] SARows[S16=3 C16=32 Z16=1] SACols_15[X15=1 Z15=128] SARows_15[S15=3 C15=32 Z15=1] SACols_14[X14=1 Z14=128] SARows_14[S14=3 C14=32 Z14=1] SACols_13[X13=1 Z13=128] SARows_13[S13=3 C13=32 Z13=1] SACols_12[X12=1 Z12=128] SARows_12[S12=3 C12=32 Z12=1] SACols_11[X11=1 Z11=128] SARows_11[S11=3 C11=32 Z11=1] SACols_10[X10=1 Z10=128] SARows_10[S10=3 C10=32 Z10=1] SACols_9[X9=1 Z9=128] SARows_9[S9=3 C9=32 Z9=1] SACols_8[X8=1 Z8=128] SARows_8[S8=3 C8=32 Z8=1] SACols_7[X7=1 Z7=128] SARows_7[S7=3 C7=32 Z7=1] SACols_6[X6=1 Z6=128] SARows_6[S6=3 C6=32 Z6=1] SACols_5[X5=1 Z5=128] SARows_5[S5=3 C5=32 Z5=1] SACols_4[X4=1 Z4=64] SARows_4[S4=3 C4=32 Z4=1] SACols_3[X3=1 Z3=64] SARows_3[S3=3 C3=32 Z3=1] SACols_2[X2=1 Z2=64] SARows_2[S2=3 C2=32 Z2=1] SACols_1[X1=1 Z1=64] SARows_1[S1=3 C1=32 Z1=1] SACols_0[X0=1 Z0=64] SARows_0[S0=7 C0=3 Z0=1] InRegister[P=1 Q=1 Z16=1 C16=1 R16=1 S16=1 Y15=1 X15=1 Z15=1 C15=1 R15=1 S15=1 Y14=1 X14=1 Z14=1 C14=1 R14=1 S14=1 Y13=1 X13=1 Z13=1 C13=1 R13=1 S13=1 Y12=1 X12=1 Z12=1 C12=1 R12=1 S12=1 Y11=1 X11=1 Z11=1 C11=1 R11=1 S11=1 Y10=1 X10=1 Z10=1 C10=1 R10=1 S10=1 Y9=1 X9=1 Z9=1 C9=1 R9=1 S9=1 Y8=1 X8=1 Z8=1 C8=1 R8=1 S8=1 Y7=1 X7=1 Z7=1 C7=1 R7=1 S7=1 Y6=1 X6=1 Z6=1 C6=1 R6=1 S6=1 Y5=1 X5=1 Z5=1 C5=1 R5=1 S5=1 Y4=1 X4=1 Z4=1 C4=1 R4=1 S4=1 Y3=1 X3=1 Z3=1 C3=1 R3=1 S3=1 Y2=1 X2=1 Z2=1 C2=1 R2=1 S2=1 Y1=1 X1=1 Z1=1 C1=1 R1=1 S1=1 Y0=1 X0=1 Z0=1 C0=1 R0=1 S0=1] WRegister[P=1 Q=1 Z16=1 C16=16 R16=3 S16=1 Y15=1 X15=1 Z15=1 C15=16 R15=3 S15=1 Y14=1 X14=1 Z14=1 C14=16 R14=3 S14=1 Y13=1 X13=1 Z13=1 C13=8 R13=3 S13=1 Y12=1 X12=1 Z12=1 C12=8 R12=3 S12=1 Y11=1 X11=1 Z11=1 C11=8 R11=3 S11=1 Y10=1 X10=1 Z10=1 C10=8 R10=3 S10=1 Y9=1 X9=1 Z9=1 C9=4 R9=3 S9=1 Y8=1 X8=1 Z8=1 C8=4 R8=3 S8=1 Y7=1 X7=1 Z7=1 C7=4 R7=3 S7=1 Y6=1 X6=1 Z6=1 C6=4 R6=3 S6=1 Y5=1 X5=1 Z5=1 C5=2 R5=3 S5=1 Y4=1 X4=1 Z4=1 C4=2 R4=3 S4=1 Y3=1 X3=1 Z3=1 C3=2 R3=3 S3=1 Y2=1 X2=1 Z2=1 C2=2 R2=3 S2=1 Y1=1 X1=1 Z1=1 C1=2 R1=3 S1=1 Y0=1 X0=1 Z0=1 C0=1 R0=7 S0=1] IntermediateRegister[P=1 Q=1 Z16=1 C16=1 R16=1 S16=1 Y15=1 X15=1 Z15=4 C15=1 R15=1 S15=1 Y14=1 X14=1 Z14=4 C14=1 R14=1 S14=1 Y13=1 X13=1 Z13=4 C13=1 R13=1 S13=1 Y12=1 X12=1 Z12=2 C12=1 R12=1 S12=1 Y11=1 X11=1 Z11=2 C11=1 R11=1 S11=1 Y10=1 X10=1 Z10=2 C10=1 R10=1 S10=1 Y9=1 X9=1 Z9=2 C9=1 R9=1 S9=1 Y8=1 X8=1 Z8=1 C8=1 R8=1 S8=1 Y7=1 X7=1 Z7=1 C7=1 R7=1 S7=1 Y6=1 X6=1 Z6=1 C6=1 R6=1 S6=1 Y5=1 X5=1 Z5=1 C5=1 R5=1 S5=1 Y4=1 X4=1 Z4=1 C4=1 R4=1 S4=1 Y3=1 X3=1 Z3=1 C3=1 R3=1 S3=1 Y2=1 X2=1 Z2=1 C2=1 R2=1 S2=1 Y1=1 X1=1 Z1=1 C1=1 R1=1 S1=1 Y0=1 X0=1 Z0=1 C0=1 R0=1 S0=1] OutRegister[P=1 Q=1 Z16=4 C16=1 R16=1 S16=1 Y15=1 X15=1 Z15=1 C15=1 R15=1 S15=1 Y14=1 X14=1 Z14=1 C14=1 R14=1 S14=1 Y13=1 X13=1 Z13=1 C13=1 R13=1 S13=1 Y12=1 X12=1 Z12=1 C12=1 R12=1 S12=1 Y11=1 X11=1 Z11=1 C11=1 R11=1 S11=1 Y10=1 X10=1 Z10=1 C10=1 R10=1 S10=1 Y9=1 X9=1 Z9=1 C9=1 R9=1 S9=1 Y8=1 X8=1 Z8=1 C8=1 R8=1 S8=1 Y7=1 X7=1 Z7=1 C7=1 R7=1 S7=1 Y6=1 X6=1 Z6=1 C6=1 R6=1 S6=1 Y5=1 X5=1 Z5=1 C5=1 R5=1 S5=1 Y4=1 X4=1 Z4=1 C4=1 R4=1 S4=1 Y3=1 X3=1 Z3=1 C3=1 R3=1 S3=1 Y2=1 X2=1 Z2=1 C2=1 R2=1 S2=1 Y1=1 X1=1 Z1=1 C1=1 R1=1 S1=1 Y0=1 X0=1 Z0=1 C0=1 R0=1 S0=1] Compute] 
resnet18_17layer_2026-02-25T17:47:54.132401,resnet18,17layer,full,17,eyeriss,thesis_arch,1056,524,128,256,4,1,False,False,"Ill-posed constraints:
CONSTRAINTS VIOLATION: Arch: Eyeriss_Constrained_17L_tile1_4x256 -> Level: WRegister: memory footprint: 14318 VS memory available: 4000
CONSTRAINTS VIOLATION: Arch: Eyeriss_Constrained_17L_tile1_4x256 -> Level: IntermediateRegister: memory footprint: 834 VS memory available: 350
CONSTRAINTS VIOLATION: Arch: Eyeriss_Constrained_17L_tile1_4x256 -> Level: OutRegister: memory footprint: 128 VS memory available: 32",0.000e+00,0.000e+00,0.00e+00,0,0.0,0.0,
resnet18_17layer_2026-02-25T17:47:54.436233,resnet18,17layer,full,17,eyeriss,thesis_arch,1056,524,128,256,16,1,False,True,,5.639e+04,3.059e+06,1.74e+05,"(5522477248, 2736486144)",0.0032886642329685856,0.32040882110595703,DRAM[P=7 Q=7 Z16=1 C16=1 R16=1 S16=1 Y15=7 X15=7 Z15=1 C15=1 R15=1 S15=1 Y14=7 X14=7 Z14=1 C14=1 R14=1 S14=1 Y13=14 X13=14 Z13=1 C13=1 R13=1 S13=1 Y12=14 X12=14 Z12=1 C12=1 R12=1 S12=1 Y11=14 X11=14 Z11=1 C11=1 R11=1 S11=1 Y10=14 X10=14 Z10=1 C10=1 R10=1 S10=1 Y9=28 X9=28 Z9=1 C9=1 R9=1 S9=1 Y8=28 X8=28 Z8=1 C8=1 R8=1 S8=1 Y7=28 X7=28 Z7=1 C7=1 R7=1 S7=1 Y6=28 X6=28 Z6=1 C6=1 R6=1 S6=1 Y5=56 X5=56 Z5=1 C5=1 R5=1 S5=1 Y4=56 X4=56 Z4=1 C4=1 R4=1 S4=1 Y3=56 X3=56 Z3=1 C3=1 R3=1 S3=1 Y2=56 X2=56 Z2=1 C2=1 R2=1 S2=1 Y1=56 X1=56 Z1=1 C1=1 R1=1 S1=1 Y0=112 X0=112 Z0=1 C0=1 R0=1 S0=1] GlobalBuffer[P=1 Q=1 Z16=1 C16=1 R16=1 S16=1 Y15=1 X15=1 Z15=1 C15=1 R15=1 S15=1 Y14=1 X14=1 Z14=1 C14=1 R14=1 S14=1 Y13=1 X13=1 Z13=1 C13=1 R13=1 S13=1 Y12=1 X12=1 Z12=1 C12=1 R12=1 S12=1 Y11=1 X11=1 Z11=1 C11=1 R11=1 S11=1 Y10=1 X10=1 Z10=1 C10=1 R10=1 S10=1 Y9=1 X9=1 Z9=1 C9=1 R9=1 S9=1 Y8=1 X8=1 Z8=1 C8=1 R8=1 S8=1 Y7=1 X7=1 Z7=1 C7=1 R7=1 S7=1 Y6=1 X6=1 Z6=1 C6=1 R6=1 S6=1 Y5=1 X5=1 Z5=1 C5=1 R5=1 S5=1 Y4=1 X4=1 Z4=1 C4=1 R4=1 S4=1 Y3=1 X3=1 Z3=1 C3=1 R3=1 S3=1 Y2=1 X2=1 Z2=1 C2=1 R2=1 S2=1 Y1=1 X1=1 Z1=1 C1=1 R1=1 S1=1 Y0=1 X0=1 Z0=1 C0=1 R0=1 S0=1] SACols[Q=1 Z16=16] SARows[S16=3 C16=64 Z16=1] SACols_15[X15=1 Z15=16] SARows_15[S15=3 C15=64 Z15=1] SACols_14[X14=1 Z14=16] SARows_14[S14=3 C14=64 Z14=1] SACols_13[X13=1 Z13=16] SARows_13[S13=3 C13=64 Z13=1] SACols_12[X12=1 Z12=16] SARows_12[S12=3 C12=64 Z12=1] SACols_11[X11=1 Z11=16] SARows_11[S11=3 C11=64 Z11=1] SACols_10[X10=1 Z10=16] SARows_10[S10=3 C10=64 Z10=1] SACols_9[X9=1 Z9=16] SARows_9[S9=3 C9=64 Z9=1] SACols_8[X8=1 Z8=16] SARows_8[S8=3 C8=64 Z8=1] SACols_7[X7=1 Z7=16] SARows_7[S7=3 C7=64 Z7=1] SACols_6[X6=1 Z6=16] SARows_6[S6=3 C6=64 Z6=1] SACols_5[X5=1 Z5=16] SARows_5[S5=3 C5=64 Z5=1] SACols_4[X4=1 Z4=16] SARows_4[S4=3 C4=64 Z4=1] SACols_3[X3=1 Z3=16] SARows_3[S3=3 C3=64 Z3=1] SACols_2[X2=1 Z2=16] SARows_2[S2=3 C2=64 Z2=1] SACols_1[X1=1 Z1=16] SARows_1[S1=3 C1=64 Z1=1] SACols_0[X0=1 Z0=16] SARows_0[S0=7 C0=3 Z0=4] InRegister[P=1 Q=1 Z16=1 C16=1 R16=1 S16=1 Y15=1 X15=1 Z15=1 C15=1 R15=1 S15=1 Y14=1 X14=1 Z14=1 C14=1 R14=1 S14=1 Y13=1 X13=1 Z13=1 C13=1 R13=1 S13=1 Y12=1 X12=1 Z12=1 C12=1 R12=1 S12=1 Y11=1 X11=1 Z11=1 C11=1 R11=1 S11=1 Y10=1 X10=1 Z10=1 C10=1 R10=1 S10=1 Y9=1 X9=1 Z9=1 C9=1 R9=1 S9=1 Y8=1 X8=1 Z8=1 C8=1 R8=1 S8=1 Y7=1 X7=1 Z7=1 C7=1 R7=1 S7=1 Y6=1 X6=1 Z6=1 C6=1 R6=1 S6=1 Y5=1 X5=1 Z5=1 C5=1 R5=1 S5=1 Y4=1 X4=1 Z4=1 C4=1 R4=1 S4=1 Y3=1 X3=1 Z3=1 C3=1 R3=1 S3=1 Y2=1 X2=1 Z2=1 C2=1 R2=1 S2=1 Y1=1 X1=1 Z1=1 C1=1 R1=1 S1=1 Y0=1 X0=1 Z0=1 C0=1 R0=1 S0=1] WRegister[P=1 Q=1 Z16=1 C16=8 R16=3 S16=1 Y15=1 X15=1 Z15=1 C15=8 R15=3 S15=1 Y14=1 X14=1 Z14=1 C14=8 R14=3 S14=1 Y13=1 X13=1 Z13=1 C13=4 R13=3 S13=1 Y12=1 X12=1 Z12=1 C12=4 R12=3 S12=1 Y11=1 X11=1 Z11=1 C11=4 R11=3 S11=1 Y10=1 X10=1 Z10=1 C10=4 R10=3 S10=1 Y9=1 X9=1 Z9=1 C9=2 R9=3 S9=1 Y8=1 X8=1 Z8=1 C8=2 R8=3 S8=1 Y7=1 X7=1 Z7=1 C7=2 R7=3 S7=1 Y6=1 X6=1 Z6=1 C6=2 R6=3 S6=1 Y5=1 X5=1 Z5=1 C5=1 R5=3 S5=1 Y4=1 X4=1 Z4=1 C4=1 R4=3 S4=1 Y3=1 X3=1 Z3=1 C3=1 R3=3 S3=1 Y2=1 X2=1 Z2=1 C2=1 R2=3 S2=1 Y1=1 X1=1 Z1=1 C1=1 R1=3 S1=1 Y0=1 X0=1 Z0=1 C0=1 R0=7 S0=1] IntermediateRegister[P=1 Q=1 Z16=1 C16=1 R16=1 S16=1 Y15=1 X15=1 Z15=32 C15=1 R15=1 S15=1 Y14=1 X14=1 Z14=32 C14=1 R14=1 S14=1 Y13=1 X13=1 Z13=32 C13=1 R13=1 S13=1 Y12=1 X12=1 Z12=16 C12=1 R12=1 S12=1 Y11=1 X11=1 Z11=16 C11=1 R11=1 S11=1 Y10=1 X10=1 Z10=16 C10=1 R10=1 S10=1 Y9=1 X9=1 Z9=16 C9=1 R9=1 S9=1 Y8=1 X8=1 Z8=8 C8=1 R8=1 S8=1 Y7=1 X7=1 Z7=8 C7=1 R7=1 S7=1 Y6=1 X6=1 Z6=8 C6=1 R6=1 S6=1 Y5=1 X5=1 Z5=8 C5=1 R5=1 S5=1 Y4=1 X4=1 Z4=4 C4=1 R4=1 S4=1 Y3=1 X3=1 Z3=4 C3=1 R3=1 S3=1 Y2=1 X2=1 Z2=4 C2=1 R2=1 S2=1 Y1=1 X1=1 Z1=4 C1=1 R1=1 S1=1 Y0=1 X0=1 Z0=1 C0=1 R0=1 S0=1] OutRegister[P=1 Q=1 Z16=32 C16=1 R16=1 S16=1 Y15=1 X15=1 Z15=1 C15=1 R15=1 S15=1 Y14=1 X14=1 Z14=1 C14=1 R14=1 S14=1 Y13=1 X13=1 Z13=1 C13=1 R13=1 S13=1 Y12=1 X12=1 Z12=1 C12=1 R12=1 S12=1 Y11=1 X11=1 Z11=1 C11=1 R11=1 S11=1 Y10=1 X10=1 Z10=1 C10=1 R10=1 S10=1 Y9=1 X9=1 Z9=1 C9=1 R9=1 S9=1 Y8=1 X8=1 Z8=1 C8=1 R8=1 S8=1 Y7=1 X7=1 Z7=1 C7=1 R7=1 S7=1 Y6=1 X6=1 Z6=1 C6=1 R6=1 S6=1 Y5=1 X5=1 Z5=1 C5=1 R5=1 S5=1 Y4=1 X4=1 Z4=1 C4=1 R4=1 S4=1 Y3=1 X3=1 Z3=1 C3=1 R3=1 S3=1 Y2=1 X2=1 Z2=1 C2=1 R2=1 S2=1 Y1=1 X1=1 Z1=1 C1=1 R1=1 S1=1 Y0=1 X0=1 Z0=1 C0=1 R0=1 S0=1] Compute] 
resnet18_17layer_2026-02-25T17:47:55.061037,resnet18,17layer,full,17,eyeriss,thesis_arch,1056,524,128,256,32,1,False,True,,5.686e+04,3.042e+06,1.75e+05,"(5760913600, 2736486144)",0.0016443321164842928,0.2874627113342285,DRAM[P=7 Q=7 Z16=1 C16=1 R16=1 S16=1 Y15=7 X15=7 Z15=1 C15=1 R15=1 S15=1 Y14=7 X14=7 Z14=1 C14=1 R14=1 S14=1 Y13=14 X13=14 Z13=1 C13=1 R13=1 S13=1 Y12=14 X12=14 Z12=1 C12=1 R12=1 S12=1 Y11=14 X11=14 Z11=1 C11=1 R11=1 S11=1 Y10=14 X10=14 Z10=1 C10=1 R10=1 S10=1 Y9=28 X9=28 Z9=1 C9=1 R9=1 S9=1 Y8=28 X8=28 Z8=1 C8=1 R8=1 S8=1 Y7=28 X7=28 Z7=1 C7=1 R7=1 S7=1 Y6=28 X6=28 Z6=1 C6=1 R6=1 S6=1 Y5=56 X5=56 Z5=1 C5=1 R5=1 S5=1 Y4=56 X4=56 Z4=1 C4=1 R4=1 S4=1 Y3=56 X3=56 Z3=1 C3=1 R3=1 S3=1 Y2=56 X2=56 Z2=1 C2=1 R2=1 S2=1 Y1=56 X1=56 Z1=1 C1=1 R1=1 S1=1 Y0=112 X0=112 Z0=1 C0=1 R0=1 S0=1] GlobalBuffer[P=1 Q=1 Z16=1 C16=1 R16=1 S16=1 Y15=1 X15=1 Z15=1 C15=1 R15=1 S15=1 Y14=1 X14=1 Z14=1 C14=1 R14=1 S14=1 Y13=1 X13=1 Z13=1 C13=1 R13=1 S13=1 Y12=1 X12=1 Z12=1 C12=1 R12=1 S12=1 Y11=1 X11=1 Z11=1 C11=1 R11=1 S11=1 Y10=1 X10=1 Z10=1 C10=1 R10=1 S10=1 Y9=1 X9=1 Z9=1 C9=1 R9=1 S9=1 Y8=1 X8=1 Z8=1 C8=1 R8=1 S8=1 Y7=1 X7=1 Z7=1 C7=1 R7=1 S7=1 Y6=1 X6=1 Z6=1 C6=1 R6=1 S6=1 Y5=1 X5=1 Z5=1 C5=1 R5=1 S5=1 Y4=1 X4=1 Z4=1 C4=1 R4=1 S4=1 Y3=1 X3=1 Z3=1 C3=1 R3=1 S3=1 Y2=1 X2=1 Z2=1 C2=1 R2=1 S2=1 Y1=1 X1=1 Z1=1 C1=1 R1=1 S1=1 Y0=1 X0=1 Z0=1 C0=1 R0=1 S0=1] SACols[Q=1 Z16=32] SARows[S16=3 C16=64 Z16=1] SACols_15[X15=1 Z15=32] SARows_15[S15=3 C15=64 Z15=1] SACols_14[X14=1 Z14=32] SARows_14[S14=3 C14=64 Z14=1] SACols_13[X13=1 Z13=32] SARows_13[S13=3 C13=64 Z13=1] SACols_12[X12=1 Z12=32] SARows_12[S12=3 C12=64 Z12=1] SACols_11[X11=1 Z11=32] SARows_11[S11=3 C11=64 Z11=1] SACols_10[X10=1 Z10=32] SARows_10[S10=3 C10=64 Z10=1] SACols_9[X9=1 Z9=32] SARows_9[S9=3 C9=64 Z9=1] SACols_8[X8=1 Z8=32] SARows_8[S8=3 C8=64 Z8=1] SACols_7[X7=1 Z7=32] SARows_7[S7=3 C7=64 Z7=1] SACols_6[X6=1 Z6=32] SARows_6[S6=3 C6=64 Z6=1] SACols_5[X5=1 Z5=32] SARows_5[S5=3 C5=64 Z5=1] SACols_4[X4=1 Z4=32] SARows_4[S4=3 C4=64 Z4=1] SACols_3[X3=1 Z3=32] SARows_3[S3=3 C3=64 Z3=1] SACols_2[X2=1 Z2=32] SARows_2[S2=3 C2=64 Z2=1] SACols_1[X1=1 Z1=32] SARows_1[S1=3 C1=64 Z1=1] SACols_0[X0=1 Z0=32] SARows_0[S0=7 C0=3 Z0=2] InRegister[P=1 Q=1 Z16=1 C16=1 R16=1 S16=1 Y15=1 X15=1 Z15=1 C15=1 R15=1 S15=1 Y14=1 X14=1 Z14=1 C14=1 R14=1 S14=1 Y13=1 X13=1 Z13=1 C13=1 R13=1 S13=1 Y12=1 X12=1 Z12=1 C12=1 R12=1 S12=1 Y11=1 X11=1 Z11=1 C11=1 R11=1 S11=1 Y10=1 X10=1 Z10=1 C10=1 R10=1 S10=1 Y9=1 X9=1 Z9=1 C9=1 R9=1 S9=1 Y8=1 X8=1 Z8=1 C8=1 R8=1 S8=1 Y7=1 X7=1 Z7=1 C7=1 R7=1 S7=1 Y6=1 X6=1 Z6=1 C6=1 R6=1 S6=1 Y5=1 X5=1 Z5=1 C5=1 R5=1 S5=1 Y4=1 X4=1 Z4=1 C4=1 R4=1 S4=1 Y3=1 X3=1 Z3=1 C3=1 R3=1 S3=1 Y2=1 X2=1 Z2=1 C2=1 R2=1 S2=1 Y1=1 X1=1 Z1=1 C1=1 R1=1 S1=1 Y0=1 X0=1 Z0=1 C0=1 R0=1 S0=1] WRegister[P=1 Q=1 Z16=1 C16=8 R16=3 S16=1 Y15=1 X15=1 Z15=1 C15=8 R15=3 S15=1 Y14=1 X14=1 Z14=1 C14=8 R14=3 S14=1 Y13=1 X13=1 Z13=1 C13=4 R13=3 S13=1 Y12=1 X12=1 Z12=1 C12=4 R12=3 S12=1 Y11=1 X11=1 Z11=1 C11=4 R11=3 S11=1 Y10=1 X10=1 Z10=1 C10=4 R10=3 S10=1 Y9=1 X9=1 Z9=1 C9=2 R9=3 S9=1 Y8=1 X8=1 Z8=1 C8=2 R8=3 S8=1 Y7=1 X7=1 Z7=1 C7=2 R7=3 S7=1 Y6=1 X6=1 Z6=1 C6=2 R6=3 S6=1 Y5=1 X5=1 Z5=1 C5=1 R5=3 S5=1 Y4=1 X4=1 Z4=1 C4=1 R4=3 S4=1 Y3=1 X3=1 Z3=1 C3=1 R3=3 S3=1 Y2=1 X2=1 Z2=1 C2=1 R2=3 S2=1 Y1=1 X1=1 Z1=1 C1=1 R1=3 S1=1 Y0=1 X0=1 Z0=1 C0=1 R0=7 S0=1] IntermediateRegister[P=1 Q=1 Z16=1 C16=1 R16=1 S16=1 Y15=1 X15=1 Z15=16 C15=1 R15=1 S15=1 Y14=1 X14=1 Z14=16 C14=1 R14=1 S14=1 Y13=1 X13=1 Z13=16 C13=1 R13=1 S13=1 Y12=1 X12=1 Z12=8 C12=1 R12=1 S12=1 Y11=1 X11=1 Z11=8 C11=1 R11=1 S11=1 Y10=1 X10=1 Z10=8 C10=1 R10=1 S10=1 Y9=1 X9=1 Z9=8 C9=1 R9=1 S9=1 Y8=1 X8=1 Z8=4 C8=1 R8=1 S8=1 Y7=1 X7=1 Z7=4 C7=1 R7=1 S7=1 Y6=1 X6=1 Z6=4 C6=1 R6=1 S6=1 Y5=1 X5=1 Z5=4 C5=1 R5=1 S5=1 Y4=1 X4=1 Z4=2 C4=1 R4=1 S4=1 Y3=1 X3=1 Z3=2 C3=1 R3=1 S3=1 Y2=1 X2=1 Z2=2 C2=1 R2=1 S2=1 Y1=1 X1=1 Z1=2 C1=1 R1=1 S1=1 Y0=1 X0=1 Z0=1 C0=1 R0=1 S0=1] OutRegister[P=1 Q=1 Z16=16 C16=1 R16=1 S16=1 Y15=1 X15=1 Z15=1 C15=1 R15=1 S15=1 Y14=1 X14=1 Z14=1 C14=1 R14=1 S14=1 Y13=1 X13=1 Z13=1 C13=1 R13=1 S13=1 Y12=1 X12=1 Z12=1 C12=1 R12=1 S12=1 Y11=1 X11=1 Z11=1 C11=1 R11=1 S11=1 Y10=1 X10=1 Z10=1 C10=1 R10=1 S10=1 Y9=1 X9=1 Z9=1 C9=1 R9=1 S9=1 Y8=1 X8=1 Z8=1 C8=1 R8=1 S8=1 Y7=1 X7=1 Z7=1 C7=1 R7=1 S7=1 Y6=1 X6=1 Z6=1 C6=1 R6=1 S6=1 Y5=1 X5=1 Z5=1 C5=1 R5=1 S5=1 Y4=1 X4=1 Z4=1 C4=1 R4=1 S4=1 Y3=1 X3=1 Z3=1 C3=1 R3=1 S3=1 Y2=1 X2=1 Z2=1 C2=1 R2=1 S2=1 Y1=1 X1=1 Z1=1 C1=1 R1=1 S1=1 Y0=1 X0=1 Z0=1 C0=1 R0=1 S0=1] Compute] 
resnet18_17layer_2026-02-25T17:47:55.676305,resnet18,17layer,full,17,eyeriss,thesis_arch,1056,524,128,256,64,1,False,True,,5.780e+04,3.042e+06,1.78e+05,"(6237786304, 2736486144)",0.0008221660582421464,0.3012254238128662,DRAM[P=7 Q=7 Z16=1 C16=1 R16=1 S16=1 Y15=7 X15=7 Z15=1 C15=1 R15=1 S15=1 Y14=7 X14=7 Z14=1 C14=1 R14=1 S14=1 Y13=14 X13=14 Z13=1 C13=1 R13=1 S13=1 Y12=14 X12=14 Z12=1 C12=1 R12=1 S12=1 Y11=14 X11=14 Z11=1 C11=1 R11=1 S11=1 Y10=14 X10=14 Z10=1 C10=1 R10=1 S10=1 Y9=28 X9=28 Z9=1 C9=1 R9=1 S9=1 Y8=28 X8=28 Z8=1 C8=1 R8=1 S8=1 Y7=28 X7=28 Z7=1 C7=1 R7=1 S7=1 Y6=28 X6=28 Z6=1 C6=1 R6=1 S6=1 Y5=56 X5=56 Z5=1 C5=1 R5=1 S5=1 Y4=56 X4=56 Z4=1 C4=1 R4=1 S4=1 Y3=56 X3=56 Z3=1 C3=1 R3=1 S3=1 Y2=56 X2=56 Z2=1 C2=1 R2=1 S2=1 Y1=56 X1=56 Z1=1 C1=1 R1=1 S1=1 Y0=112 X0=112 Z0=1 C0=1 R0=1 S0=1] GlobalBuffer[P=1 Q=1 Z16=1 C16=1 R16=1 S16=1 Y15=1 X15=1 Z15=1 C15=1 R15=1 S15=1 Y14=1 X14=1 Z14=1 C14=1 R14=1 S14=1 Y13=1 X13=1 Z13=1 C13=1 R13=1 S13=1 Y12=1 X12=1 Z12=1 C12=1 R12=1 S12=1 Y11=1 X11=1 Z11=1 C11=1 R11=1 S11=1 Y10=1 X10=1 Z10=1 C10=1 R10=1 S10=1 Y9=1 X9=1 Z9=1 C9=1 R9=1 S9=1 Y8=1 X8=1 Z8=1 C8=1 R8=1 S8=1 Y7=1 X7=1 Z7=1 C7=1 R7=1 S7=1 Y6=1 X6=1 Z6=1 C6=1 R6=1 S6=1 Y5=1 X5=1 Z5=1 C5=1 R5=1 S5=1 Y4=1 X4=1 Z4=1 C4=1 R4=1 S4=1 Y3=1 X3=1 Z3=1 C3=1 R3=1 S3=1 Y2=1 X2=1 Z2=1 C2=1 R2=1 S2=1 Y1=1 X1=1 Z1=1 C1=1 R1=1 S1=1 Y0=1 X0=1 Z0=1 C0=1 R0=1 S0=1] SACols[Q=1 Z16=64] SARows[S16=3 C16=64 Z16=1] SACols_15[X15=1 Z15=64] SARows_15[S15=3 C15=64 Z15=1] SACols_14[X14=1 Z14=64] SARows_14[S14=3 C14=64 Z14=1] SACols_13[X13=1 Z13=64] SARows_13[S13=3 C13=64 Z13=1] SACols_12[X12=1 Z12=64] SARows_12[S12=3 C12=64 Z12=1] SACols_11[X11=1 Z11=64] SARows_11[S11=3 C11=64 Z11=1] SACols_10[X10=1 Z10=64] SARows_10[S10=3 C10=64 Z10=1] SACols_9[X9=1 Z9=64] SARows_9[S9=3 C9=64 Z9=1] SACols_8[X8=1 Z8=64] SARows_8[S8=3 C8=64 Z8=1] SACols_7[X7=1 Z7=64] SARows_7[S7=3 C7=64 Z7=1] SACols_6[X6=1 Z6=64] SARows_6[S6=3 C6=64 Z6=1] SACols_5[X5=1 Z5=64] SARows_5[S5=3 C5=64 Z5=1] SACols_4[X4=1 Z4=64] SARows_4[S4=3 C4=64 Z4=1] SACols_3[X3=1 Z3=64] SARows_3[S3=3 C3=64 Z3=1] SACols_2[X2=1 Z2=64] SARows_2[S2=3 C2=64 Z2=1] SACols_1[X1=1 Z1=64] SARows_1[S1=3 C1=64 Z1=1] SACols_0[X0=1 Z0=64] SARows_0[S0=7 C0=3 Z0=1] InRegister[P=1 Q=1 Z16=1 C16=1 R16=1 S16=1 Y15=1 X15=1 Z15=1 C15=1 R15=1 S15=1 Y14=1 X14=1 Z14=1 C14=1 R14=1 S14=1 Y13=1 X13=1 Z13=1 C13=1 R13=1 S13=1 Y12=1 X12=1 Z12=1 C12=1 R12=1 S12=1 Y11=1 X11=1 Z11=1 C11=1 R11=1 S11=1 Y10=1 X10=1 Z10=1 C10=1 R10=1 S10=1 Y9=1 X9=1 Z9=1 C9=1 R9=1 S9=1 Y8=1 X8=1 Z8=1 C8=1 R8=1 S8=1 Y7=1 X7=1 Z7=1 C7=1 R7=1 S7=1 Y6=1 X6=1 Z6=1 C6=1 R6=1 S6=1 Y5=1 X5=1 Z5=1 C5=1 R5=1 S5=1 Y4=1 X4=1 Z4=1 C4=1 R4=1 S4=1 Y3=1 X3=1 Z3=1 C3=1 R3=1 S3=1 Y2=1 X2=1 Z2=1 C2=1 R2=1 S2=1 Y1=1 X1=1 Z1=1 C1=1 R1=1 S1=1 Y0=1 X0=1 Z0=1 C0=1 R0=1 S0=1] WRegister[P=1 Q=1 Z16=1 C16=8 R16=3 S16=1 Y15=1 X15=1 Z15=1 C15=8 R15=3 S15=1 Y14=1 X14=1 Z14=1 C14=8 R14=3 S14=1 Y13=1 X13=1 Z13=1 C13=4 R13=3 S13=1 Y12=1 X12=1 Z12=1 C12=4 R12=3 S12=1 Y11=1 X11=1 Z11=1 C11=4 R11=3 S11=1 Y10=1 X10=1 Z10=1 C10=4 R10=3 S10=1 Y9=1 X9=1 Z9=1 C9=2 R9=3 S9=1 Y8=1 X8=1 Z8=1 C8=2 R8=3 S8=1 Y7=1 X7=1 Z7=1 C7=2 R7=3 S7=1 Y6=1 X6=1 Z6=1 C6=2 R6=3 S6=1 Y5=1 X5=1 Z5=1 C5=1 R5=3 S5=1 Y4=1 X4=1 Z4=1 C4=1 R4=3 S4=1 Y3=1 X3=1 Z3=1 C3=1 R3=3 S3=1 Y2=1 X2=1 Z2=1 C2=1 R2=3 S2=1 Y1=1 X1=1 Z1=1 C1=1 R1=3 S1=1 Y0=1 X0=1 Z0=1 C0=1 R0=7 S0=1] IntermediateRegister[P=1 Q=1 Z16=1 C16=1 R16=1 S16=1 Y15=1 X15=1 Z15=8 C15=1 R15=1 S15=1 Y14=1 X14=1 Z14=8 C14=1 R14=1 S14=1 Y13=1 X13=1 Z13=8 C13=1 R13=1 S13=1 Y12=1 X12=1 Z12=4 C12=1 R12=1 S12=1 Y11=1 X11=1 Z11=4 C11=1 R11=1 S11=1 Y10=1 X10=1 Z10=4 C10=1 R10=1 S10=1 Y9=1 X9=1 Z9=4 C9=1 R9=1 S9=1 Y8=1 X8=1 Z8=2 C8=1 R8=1 S8=1 Y7=1 X7=1 Z7=2 C7=1 R7=1 S7=1 Y6=1 X6=1 Z6=2 C6=1 R6=1 S6=1 Y5=1 X5=1 Z5=2 C5=1 R5=1 S5=1 Y4=1 X4=1 Z4=1 C4=1 R4=1 S4=1 Y3=1 X3=1 Z3=1 C3=1 R3=1 S3=1 Y2=1 X2=1 Z2=1 C2=1 R2=1 S2=1 Y1=1 X1=1 Z1=1 C1=1 R1=1 S1=1 Y0=1 X0=1 Z0=1 C0=1 R0=1 S0=1] OutRegister[P=1 Q=1 Z16=8 C16=1 R16=1 S16=1 Y15=1 X15=1 Z15=1 C15=1 R15=1 S15=1 Y14=1 X14=1 Z14=1 C14=1 R14=1 S14=1 Y13=1 X13=1 Z13=1 C13=1 R13=1 S13=1 Y12=1 X12=1 Z12=1 C12=1 R12=1 S12=1 Y11=1 X11=1 Z11=1 C11=1 R11=1 S11=1 Y10=1 X10=1 Z10=1 C10=1 R10=1 S10=1 Y9=1 X9=1 Z9=1 C9=1 R9=1 S9=1 Y8=1 X8=1 Z8=1 C8=1 R8=1 S8=1 Y7=1 X7=1 Z7=1 C7=1 R7=1 S7=1 Y6=1 X6=1 Z6=1 C6=1 R6=1 S6=1 Y5=1 X5=1 Z5=1 C5=1 R5=1 S5=1 Y4=1 X4=1 Z4=1 C4=1 R4=1 S4=1 Y3=1 X3=1 Z3=1 C3=1 R3=1 S3=1 Y2=1 X2=1 Z2=1 C2=1 R2=1 S2=1 Y1=1 X1=1 Z1=1 C1=1 R1=1 S1=1 Y0=1 X0=1 Z0=1 C0=1 R0=1 S0=1] Compute] 
resnet18_17layer_2026-02-25T17:47:56.421793,resnet18,17layer,full,17,eyeriss,thesis_arch,1056,524,128,512,4,1,False,False,"Ill-posed constraints:
CONSTRAINTS VIOLATION: Arch: Eyeriss_Constrained_17L_tile1_4x512 -> Level: WRegister: memory footprint: 7159 VS memory available: 4000
CONSTRAINTS VIOLATION: Arch: Eyeriss_Constrained_17L_tile1_4x512 -> Level: IntermediateRegister: memory footprint: 785 VS memory available: 350
CONSTRAINTS VIOLATION: Arch: Eyeriss_Constrained_17L_tile1_4x512 -> Level: OutRegister: memory footprint: 128 VS memory available: 32",0.000e+00,0.000e+00,0.00e+00,0,0.0,0.0,
resnet18_17layer_2026-02-25T17:47:56.831548,resnet18,17layer,full,17,eyeriss,thesis_arch,1056,524,128,512,16,1,False,True,,5.721e+04,3.042e+06,1.75e+05,"(5821124800, 2890626816)",0.0016443321164842928,0.33313632011413574,DRAM[P=7 Q=7 Z16=1 C16=1 R16=1 S16=1 Y15=7 X15=7 Z15=1 C15=1 R15=1 S15=1 Y14=7 X14=7 Z14=1 C14=1 R14=1 S14=1 Y13=14 X13=14 Z13=1 C13=1 R13=1 S13=1 Y12=14 X12=14 Z12=1 C12=1 R12=1 S12=1 Y11=14 X11=14 Z11=1 C11=1 R11=1 S11=1 Y10=14 X10=14 Z10=1 C10=1 R10=1 S10=1 Y9=28 X9=28 Z9=1 C9=1 R9=1 S9=1 Y8=28 X8=28 Z8=1 C8=1 R8=1 S8=1 Y7=28 X7=28 Z7=1 C7=1 R7=1 S7=1 Y6=28 X6=28 Z6=1 C6=1 R6=1 S6=1 Y5=56 X5=56 Z5=1 C5=1 R5=1 S5=1 Y4=56 X4=56 Z4=1 C4=1 R4=1 S4=1 Y3=56 X3=56 Z3=1 C3=1 R3=1 S3=1 Y2=56 X2=56 Z2=1 C2=1 R2=1 S2=1 Y1=56 X1=56 Z1=1 C1=1 R1=1 S1=1 Y0=112 X0=112 Z0=1 C0=1 R0=1 S0=1] GlobalBuffer[P=1 Q=1 Z16=1 C16=1 R16=1 S16=1 Y15=1 X15=1 Z15=1 C15=1 R15=1 S15=1 Y14=1 X14=1 Z14=1 C14=1 R14=1 S14=1 Y13=1 X13=1 Z13=1 C13=1 R13=1 S13=1 Y12=1 X12=1 Z12=1 C12=1 R12=1 S12=1 Y11=1 X11=1 Z11=1 C11=1 R11=1 S11=1 Y10=1 X10=1 Z10=1 C10=1 R10=1 S10=1 Y9=1 X9=1 Z9=1 C9=1 R9=1 S9=1 Y8=1 X8=1 Z8=1 C8=1 R8=1 S8=1 Y7=1 X7=1 Z7=1 C7=1 R7=1 S7=1 Y6=1 X6=1 Z6=1 C6=1 R6=1 S6=1 Y5=1 X5=1 Z5=1 C5=1 R5=1 S5=1 Y4=1 X4=1 Z4=1 C4=1 R4=1 S4=1 Y3=1 X3=1 Z3=1 C3=1 R3=1 S3=1 Y2=1 X2=1 Z2=1 C2=1 R2=1 S2=1 Y1=1 X1=1 Z1=1 C1=1 R1=1 S1=1 Y0=1 X0=1 Z0=1 C0=1 R0=1 S0=1] SACols[Q=1 Z16=16] SARows[S16=3 C16=128 Z16=1] SACols_15[X15=1 Z15=16] SARows_15[S15=3 C15=128 Z15=1] SACols_14[X14=1 Z14=16] SARows_14[S14=3 C14=128 Z14=1] SACols_13[X13=1 Z13=16] SARows_13[S13=3 C13=128 Z13=1] SACols_12[X12=1 Z12=16] SARows_12[S12=3 C12=128 Z12=1] SACols_11[X11=1 Z11=16] SARows_11[S11=3 C11=128 Z11=1] SACols_10[X10=1 Z10=16] SARows_10[S10=3 C10=128 Z10=1] SACols_9[X9=1 Z9=16] SARows_9[S9=3 C9=128 Z9=1] SACols_8[X8=1 Z8=16] SARows_8[S8=3 C8=128 Z8=1] SACols_7[X7=1 Z7=16] SARows_7[S7=3 C7=128 Z7=1] SACols_6[X6=1 Z6=16] SARows_6[S6=3 C6=128 Z6=1] SACols_5[X5=1 Z5=16] SARows_5[S5=3 C5=64 Z5=2] SACols_4[X4=1 Z4=16] SARows_4[S4=3 C4=64 Z4=2] SACols_3[X3=1 Z3=16] SARows_3[S3=3 C3=64 Z3=2] SACols_2[X2=1 Z2=16] SARows_2[S2=3 C2=64 Z2=2] SACols_1[X1=1 Z1=16] SARows_1[S1=3 C1=64 Z1=2] SACols_0[X0=1 Z0=16] SARows_0[S0=7 C0=3 Z0=4] InRegister[P=1 Q=1 Z16=1 C16=1 R16=1 S16=1 Y15=1 X15=1 Z15=1 C15=1 R15=1 S15=1 Y14=1 X14=1 Z14=1 C14=1 R14=1 S14=1 Y13=1 X13=1 Z13=1 C13=1 R13=1 S13=1 Y12=1 X12=1 Z12=1 C12=1 R12=1 S12=1 Y11=1 X11=1 Z11=1 C11=1 R11=1 S11=1 Y10=1 X10=1 Z10=1 C10=1 R10=1 S10=1 Y9=1 X9=1 Z9=1 C9=1 R9=1 S9=1 Y8=1 X8=1 Z8=1 C8=1 R8=1 S8=1 Y7=1 X7=1 Z7=1 C7=1 R7=1 S7=1 Y6=1 X6=1 Z6=1 C6=1 R6=1 S6=1 Y5=1 X5=1 Z5=1 C5=1 R5=1 S5=1 Y4=1 X4=1 Z4=1 C4=1 R4=1 S4=1 Y3=1 X3=1 Z3=1 C3=1 R3=1 S3=1 Y2=1 X2=1 Z2=1 C2=1 R2=1 S2=1 Y1=1 X1=1 Z1=1 C1=1 R1=1 S1=1 Y0=1 X0=1 Z0=1 C0=1 R0=1 S0=1] WRegister[P=1 Q=1 Z16=1 C16=4 R16=3 S16=1 Y15=1 X15=1 Z15=1 C15=4 R15=3 S15=1 Y14=1 X14=1 Z14=1 C14=4 R14=3 S14=1 Y13=1 X13=1 Z13=1 C13=2 R13=3 S13=1 Y12=1 X12=1 Z12=1 C12=2 R12=3 S12=1 Y11=1 X11=1 Z11=1 C11=2 R11=3 S11=1 Y10=1 X10=1 Z10=1 C10=2 R10=3 S10=1 Y9=1 X9=1 Z9=1 C9=1 R9=3 S9=1 Y8=1 X8=1 Z8=1 C8=1 R8=3 S8=1 Y7=1 X7=1 Z7=1 C7=1 R7=3 S7=1 Y6=1 X6=1 Z6=1 C6=1 R6=3 S6=1 Y5=1 X5=1 Z5=1 C5=1 R5=3 S5=1 Y4=1 X4=1 Z4=1 C4=1 R4=3 S4=1 Y3=1 X3=1 Z3=1 C3=1 R3=3 S3=1 Y2=1 X2=1 Z2=1 C2=1 R2=3 S2=1 Y1=1 X1=1 Z1=1 C1=1 R1=3 S1=1 Y0=1 X0=1 Z0=1 C0=1 R0=7 S0=1] IntermediateRegister[P=1 Q=1 Z16=1 C16=1 R16=1 S16=1 Y15=1 X15=1 Z15=32 C15=1 R15=1 S15=1 Y14=1 X14=1 Z14=32 C14=1 R14=1 S14=1 Y13=1 X13=1 Z13=32 C13=1 R13=1 S13=1 Y12=1 X12=1 Z12=16 C12=1 R12=1 S12=1 Y11=1 X11=1 Z11=16 C11=1 R11=1 S11=1 Y10=1 X10=1 Z10=16 C10=1 R10=1 S10=1 Y9=1 X9=1 Z9=16 C9=1 R9=1 S9=1 Y8=1 X8=1 Z8=8 C8=1 R8=1 S8=1 Y7=1 X7=1 Z7=8 C7=1 R7=1 S7=1 Y6=1 X6=1 Z6=8 C6=1 R6=1 S6=1 Y5=1 X5=1 Z5=4 C5=1 R5=1 S5=1 Y4=1 X4=1 Z4=2 C4=1 R4=1 S4=1 Y3=1 X3=1 Z3=2 C3=1 R3=1 S3=1 Y2=1 X2=1 Z2=2 C2=1 R2=1 S2=1 Y1=1 X1=1 Z1=2 C1=1 R1=1 S1=1 Y0=1 X0=1 Z0=1 C0=1 R0=1 S0=1] OutRegister[P=1 Q=1 Z16=32 C16=1 R16=1 S16=1 Y15=1 X15=1 Z15=1 C15=1 R15=1 S15=1 Y14=1 X14=1 Z14=1 C14=1 R14=1 S14=1 Y13=1 X13=1 Z13=1 C13=1 R13=1 S13=1 Y12=1 X12=1 Z12=1 C12=1 R12=1 S12=1 Y11=1 X11=1 Z11=1 C11=1 R11=1 S11=1 Y10=1 X10=1 Z10=1 C10=1 R10=1 S10=1 Y9=1 X9=1 Z9=1 C9=1 R9=1 S9=1 Y8=1 X8=1 Z8=1 C8=1 R8=1 S8=1 Y7=1 X7=1 Z7=1 C7=1 R7=1 S7=1 Y6=1 X6=1 Z6=1 C6=1 R6=1 S6=1 Y5=1 X5=1 Z5=1 C5=1 R5=1 S5=1 Y4=1 X4=1 Z4=1 C4=1 R4=1 S4=1 Y3=1 X3=1 Z3=1 C3=1 R3=1 S3=1 Y2=1 X2=1 Z2=1 C2=1 R2=1 S2=1 Y1=1 X1=1 Z1=1 C1=1 R1=1 S1=1 Y0=1 X0=1 Z0=1 C0=1 R0=1 S0=1] Compute] 
resnet18_17layer_2026-02-25T17:47:57.623147,resnet18,17layer,full,17,eyeriss,thesis_arch,1056,524,128,512,32,1,False,True,,5.796e+04,3.042e+06,1.79e+05,"(6204068032, 2890626816)",0.0008221660582421464,0.2924635410308838,DRAM[P=7 Q=7 Z16=1 C16=1 R16=1 S16=1 Y15=7 X15=7 Z15=1 C15=1 R15=1 S15=1 Y14=7 X14=7 Z14=1 C14=1 R14=1 S14=1 Y13=14 X13=14 Z13=1 C13=1 R13=1 S13=1 Y12=14 X12=14 Z12=1 C12=1 R12=1 S12=1 Y11=14 X11=14 Z11=1 C11=1 R11=1 S11=1 Y10=14 X10=14 Z10=1 C10=1 R10=1 S10=1 Y9=28 X9=28 Z9=1 C9=1 R9=1 S9=1 Y8=28 X8=28 Z8=1 C8=1 R8=1 S8=1 Y7=28 X7=28 Z7=1 C7=1 R7=1 S7=1 Y6=28 X6=28 Z6=1 C6=1 R6=1 S6=1 Y5=56 X5=56 Z5=1 C5=1 R5=1 S5=1 Y4=56 X4=56 Z4=1 C4=1 R4=1 S4=1 Y3=56 X3=56 Z3=1 C3=1 R3=1 S3=1 Y2=56 X2=56 Z2=1 C2=1 R2=1 S2=1 Y1=56 X1=56 Z1=1 C1=1 R1=1 S1=1 Y0=112 X0=112 Z0=1 C0=1 R0=1 S0=1] GlobalBuffer[P=1 Q=1 Z16=1 C16=1 R16=1 S16=1 Y15=1 X15=1 Z15=1 C15=1 R15=1 S15=1 Y14=1 X14=1 Z14=1 C14=1 R14=1 S14=1 Y13=1 X13=1 Z13=1 C13=1 R13=1 S13=1 Y12=1 X12=1 Z12=1 C12=1 R12=1 S12=1 Y11=1 X11=1 Z11=1 C11=1 R11=1 S11=1 Y10=1 X10=1 Z10=1 C10=1 R10=1 S10=1 Y9=1 X9=1 Z9=1 C9=1 R9=1 S9=1 Y8=1 X8=1 Z8=1 C8=1 R8=1 S8=1 Y7=1 X7=1 Z7=1 C7=1 R7=1 S7=1 Y6=1 X6=1 Z6=1 C6=1 R6=1 S6=1 Y5=1 X5=1 Z5=1 C5=1 R5=1 S5=1 Y4=1 X4=1 Z4=1 C4=1 R4=1 S4=1 Y3=1 X3=1 Z3=1 C3=1 R3=1 S3=1 Y2=1 X2=1 Z2=1 C2=1 R2=1 S2=1 Y1=1 X1=1 Z1=1 C1=1 R1=1 S1=1 Y0=1 X0=1 Z0=1 C0=1 R0=1 S0=1] SACols[Q=1 Z16=32] SARows[S16=3 C16=128 Z16=1] SACols_15[X15=1 Z15=32] SARows_15[S15=3 C15=128 Z15=1] SACols_14[X14=1 Z14=32] SARows_14[S14=3 C14=128 Z14=1] SACols_13[X13=1 Z13=32] SARows_13[S13=3 C13=128 Z13=1] SACols_12[X12=1 Z12=32] SARows_12[S12=3 C12=128 Z12=1] SACols_11[X11=1 Z11=32] SARows_11[S11=3 C11=128 Z11=1] SACols_10[X10=1 Z10=32] SARows_10[S10=3 C10=128 Z10=1] SACols_9[X9=1 Z9=32] SARows_9[S9=3 C9=128 Z9=1] SACols_8[X8=1 Z8=32] SARows_8[S8=3 C8=128 Z8=1] SACols_7[X7=1 Z7=32] SARows_7[S7=3 C7=128 Z7=1] SACols_6[X6=1 Z6=32] SARows_6[S6=3 C6=128 Z6=1] SACols_5[X5=1 Z5=32] SARows_5[S5=3 C5=64 Z5=2] SACols_4[X4=1 Z4=32] SARows_4[S4=3 C4=64 Z4=2] SACols_3[X3=1 Z3=32] SARows_3[S3=3 C3=64 Z3=2] SACols_2[X2=1 Z2=32] SARows_2[S2=3 C2=64 Z2=2] SACols_1[X1=1 Z1=32] SARows_1[S1=3 C1=64 Z1=2] SACols_0[X0=1 Z0=32] SARows_0[S0=7 C0=3 Z0=2] InRegister[P=1 Q=1 Z16=1 C16=1 R16=1 S16=1 Y15=1 X15=1 Z15=1 C15=1 R15=1 S15=1 Y14=1 X14=1 Z14=1 C14=1 R14=1 S14=1 Y13=1 X13=1 Z13=1 C13=1 R13=1 S13=1 Y12=1 X12=1 Z12=1 C12=1 R12=1 S12=1 Y11=1 X11=1 Z11=1 C11=1 R11=1 S11=1 Y10=1 X10=1 Z10=1 C10=1 R10=1 S10=1 Y9=1 X9=1 Z9=1 C9=1 R9=1 S9=1 Y8=1 X8=1 Z8=1 C8=1 R8=1 S8=1 Y7=1 X7=1 Z7=1 C7=1 R7=1 S7=1 Y6=1 X6=1 Z6=1 C6=1 R6=1 S6=1 Y5=1 X5=1 Z5=1 C5=1 R5=1 S5=1 Y4=1 X4=1 Z4=1 C4=1 R4=1 S4=1 Y3=1 X3=1 Z3=1 C3=1 R3=1 S3=1 Y2=1 X2=1 Z2=1 C2=1 R2=1 S2=1 Y1=1 X1=1 Z1=1 C1=1 R1=1 S1=1 Y0=1 X0=1 Z0=1 C0=1 R0=1 S0=1] WRegister[P=1 Q=1 Z16=1 C16=4 R16=3 S16=1 Y15=1 X15=1 Z15=1 C15=4 R15=3 S15=1 Y14=1 X14=1 Z14=1 C14=4 R14=3 S14=1 Y13=1 X13=1 Z13=1 C13=2 R13=3 S13=1 Y12=1 X12=1 Z12=1 C12=2 R12=3 S12=1 Y11=1 X11=1 Z11=1 C11=2 R11=3 S11=1 Y10=1 X10=1 Z10=1 C10=2 R10=3 S10=1 Y9=1 X9=1 Z9=1 C9=1 R9=3 S9=1 Y8=1 X8=1 Z8=1 C8=1 R8=3 S8=1 Y7=1 X7=1 Z7=1 C7=1 R7=3 S7=1 Y6=1 X6=1 Z6=1 C6=1 R6=3 S6=1 Y5=1 X5=1 Z5=1 C5=1 R5=3 S5=1 Y4=1 X4=1 Z4=1 C4=1 R4=3 S4=1 Y3=1 X3=1 Z3=1 C3=1 R3=3 S3=1 Y2=1 X2=1 Z2=1 C2=1 R2=3 S2=1 Y1=1 X1=1 Z1=1 C1=1 R1=3 S1=1 Y0=1 X0=1 Z0=1 C0=1 R0=7 S0=1] IntermediateRegister[P=1 Q=1 Z16=1 C16=1 R16=1 S16=1 Y15=1 X15=1 Z15=16 C15=1 R15=1 S15=1 Y14=1 X14=1 Z14=16 C14=1 R14=1 S14=1 Y13=1 X13=1 Z13=16 C13=1 R13=1 S13=1 Y12=1 X12=1 Z12=8 C12=1 R12=1 S12=1 Y11=1 X11=1 Z11=8 C11=1 R11=1 S11=1 Y10=1 X10=1 Z10=8 C10=1 R10=1 S10=1 Y9=1 X9=1 Z9=8 C9=1 R9=1 S9=1 Y8=1 X8=1 Z8=4 C8=1 R8=1 S8=1 Y7=1 X7=1 Z7=4 C7=1 R7=1 S7=1 Y6=1 X6=1 Z6=4 C6=1 R6=1 S6=1 Y5=1 X5=1 Z5=2 C5=1 R5=1 S5=1 Y4=1 X4=1 Z4=1 C4=1 R4=1 S4=1 Y3=1 X3=1 Z3=1 C3=1 R3=1 S3=1 Y2=1 X2=1 Z2=1 C2=1 R2=1 S2=1 Y1=1 X1=1 Z1=1 C1=1 R1=1 S1=1 Y0=1 X0=1 Z0=1 C0=1 R0=1 S0=1] OutRegister[P=1 Q=1 Z16=16 C16=1 R16=1 S16=1 Y15=1 X15=1 Z15=1 C15=1 R15=1 S15=1 Y14=1 X14=1 Z14=1 C14=1 R14=1 S14=1 Y13=1 X13=1 Z13=1 C13=1 R13=1 S13=1 Y12=1 X12=1 Z12=1 C12=1 R12=1 S12=1 Y11=1 X11=1 Z11=1 C11=1 R11=1 S11=1 Y10=1 X10=1 Z10=1 C10=1 R10=1 S10=1 Y9=1 X9=1 Z9=1 C9=1 R9=1 S9=1 Y8=1 X8=1 Z8=1 C8=1 R8=1 S8=1 Y7=1 X7=1 Z7=1 C7=1 R7=1 S7=1 Y6=1 X6=1 Z6=1 C6=1 R6=1 S6=1 Y5=1 X5=1 Z5=1 C5=1 R5=1 S5=1 Y4=1 X4=1 Z4=1 C4=1 R4=1 S4=1 Y3=1 X3=1 Z3=1 C3=1 R3=1 S3=1 Y2=1 X2=1 Z2=1 C2=1 R2=1 S2=1 Y1=1 X1=1 Z1=1 C1=1 R1=1 S1=1 Y0=1 X0=1 Z0=1 C0=1 R0=1 S0=1] Compute] 
resnet18_17layer_2026-02-25T17:47:58.250007,resnet18,17layer,full,17,eyeriss,thesis_arch,1056,524,128,4,4,1,False,False,"Arch: Eyeriss_Constrained_17L_tile1_4x4 -> Level: SARows_0: Failed to fit comp to arch because the level's constraint (S0: 4) does not divide comp dimension S0 (7) exactly. To compensate, consider setting 'Settings.PADDED_MAPPINGS' to True.",0.000e+00,0.000e+00,0.00e+00,0,0.0,0.0,
resnet18_17layer_2026-02-25T17:47:58.645638,resnet18,17layer,full,17,eyeriss,thesis_arch,1056,524,128,4,16,1,False,False,"Arch: Eyeriss_Constrained_17L_tile1_16x4 -> Level: SARows_0: Failed to fit comp to arch because the level's constraint (S0: 4) does not divide comp dimension S0 (7) exactly. To compensate, consider setting 'Settings.PADDED_MAPPINGS' to True.",0.000e+00,0.000e+00,0.00e+00,0,0.0,0.0,
resnet18_17layer_2026-02-25T17:47:58.983220,resnet18,17layer,full,17,eyeriss,thesis_arch,1056,524,128,4,32,1,False,False,"Arch: Eyeriss_Constrained_17L_tile1_32x4 -> Level: SARows_0: Failed to fit comp to arch because the level's constraint (S0: 4) does not divide comp dimension S0 (7) exactly. To compensate, consider setting 'Settings.PADDED_MAPPINGS' to True.",0.000e+00,0.000e+00,0.00e+00,0,0.0,0.0,
resnet18_17layer_2026-02-25T17:47:59.318196,resnet18,17layer,full,17,eyeriss,thesis_arch,1056,524,128,4,64,1,False,False,"Arch: Eyeriss_Constrained_17L_tile1_64x4 -> Level: SARows_0: Failed to fit comp to arch because the level's constraint (S0: 4) does not divide comp dimension S0 (7) exactly. To compensate, consider setting 'Settings.PADDED_MAPPINGS' to True.",0.000e+00,0.000e+00,0.00e+00,0,0.0,0.0,
resnet18_17layer_2026-02-25T17:47:59.691970,resnet18,17layer,full,17,eyeriss,thesis_arch,1056,524,128,4,128,1,False,False,"Arch: Eyeriss_Constrained_17L_tile1_128x4 -> Level: SARows_0: Failed to fit comp to arch because the level's constraint (S0: 4) does not divide comp dimension S0 (7) exactly. To compensate, consider setting 'Settings.PADDED_MAPPINGS' to True.",0.000e+00,0.000e+00,0.00e+00,0,0.0,0.0,
resnet18_17layer_2026-02-25T17:47:59.954590,resnet18,17layer,full,17,eyeriss,thesis_arch,1056,524,128,4,256,1,False,False,"Arch: Eyeriss_Constrained_17L_tile1_256x4 -> Level: SARows_0: Failed to fit comp to arch because the level's constraint (S0: 4) does not divide comp dimension S0 (7) exactly. To compensate, consider setting 'Settings.PADDED_MAPPINGS' to True.",0.000e+00,0.000e+00,0.00e+00,0,0.0,0.0,
resnet18_17layer_2026-02-25T17:48:00.210407,resnet18,17layer,full,17,eyeriss,thesis_arch,1056,524,128,4,512,1,False,False,"Arch: Eyeriss_Constrained_17L_tile1_512x4 -> Level: SARows_0: Failed to fit comp to arch because the level's constraint (S0: 4) does not divide comp dimension S0 (7) exactly. To compensate, consider setting 'Settings.PADDED_MAPPINGS' to True.",0.000e+00,0.000e+00,0.00e+00,0,0.0,0.0,
resnet18_17layer_2026-02-25T17:48:00.460471,resnet18,17layer,full,17,eyeriss,thesis_arch,1056,524,128,16,4,1,False,False,"Ill-posed constraints:
CONSTRAINTS VIOLATION: Arch: Eyeriss_Constrained_17L_tile1_4x16 -> Level: InRegister: memory footprint: 2584 VS memory available: 400
CONSTRAINTS VIOLATION: Arch: Eyeriss_Constrained_17L_tile1_4x16 -> Level: WRegister: memory footprint: 229032 VS memory available: 4000
CONSTRAINTS VIOLATION: Arch: Eyeriss_Constrained_17L_tile1_4x16 -> Level: IntermediateRegister: memory footprint: 840 VS memory available: 350
CONSTRAINTS VIOLATION: Arch: Eyeriss_Constrained_17L_tile1_4x16 -> Level: OutRegister: memory footprint: 128 VS memory available: 64",0.000e+00,0.000e+00,0.00e+00,0,0.0,0.0,
resnet18_17layer_2026-02-25T17:48:00.814225,resnet18,17layer,full,17,eyeriss,thesis_arch,1056,524,128,16,16,1,False,False,"Ill-posed constraints:
CONSTRAINTS VIOLATION: Arch: Eyeriss_Constrained_17L_tile1_16x16 -> Level: InRegister: memory footprint: 2584 VS memory available: 400
CONSTRAINTS VIOLATION: Arch: Eyeriss_Constrained_17L_tile1_16x16 -> Level: WRegister: memory footprint: 57258 VS memory available: 4000",0.000e+00,0.000e+00,0.00e+00,0,0.0,0.0,
resnet18_17layer_2026-02-25T17:48:01.179827,resnet18,17layer,full,17,eyeriss,thesis_arch,1056,524,128,16,32,1,False,False,"Ill-posed constraints:
CONSTRAINTS VIOLATION: Arch: Eyeriss_Constrained_17L_tile1_32x16 -> Level: InRegister: memory footprint: 2584 VS memory available: 400
CONSTRAINTS VIOLATION: Arch: Eyeriss_Constrained_17L_tile1_32x16 -> Level: WRegister: memory footprint: 28629 VS memory available: 4000",0.000e+00,0.000e+00,0.00e+00,0,0.0,0.0,
resnet18_17layer_2026-02-25T17:48:01.481551,resnet18,17layer,full,17,eyeriss,thesis_arch,1056,524,128,16,64,1,False,False,"Ill-posed constraints:
CONSTRAINTS VIOLATION: Arch: Eyeriss_Constrained_17L_tile1_64x16 -> Level: InRegister: memory footprint: 2584 VS memory available: 400
CONSTRAINTS VIOLATION: Arch: Eyeriss_Constrained_17L_tile1_64x16 -> Level: WRegister: memory footprint: 14325 VS memory available: 4000",0.000e+00,0.000e+00,0.00e+00,0,0.0,0.0,
resnet18_17layer_2026-02-25T17:48:01.760347,resnet18,17layer,full,17,eyeriss,thesis_arch,1056,524,128,16,128,1,False,False,"Ill-posed constraints:
CONSTRAINTS VIOLATION: Arch: Eyeriss_Constrained_17L_tile1_128x16 -> Level: InRegister: memory footprint: 2584 VS memory available: 400
CONSTRAINTS VIOLATION: Arch: Eyeriss_Constrained_17L_tile1_128x16 -> Level: WRegister: memory footprint: 7269 VS memory available: 4000",0.000e+00,0.000e+00,0.00e+00,0,0.0,0.0,
resnet18_17layer_2026-02-25T17:48:02.007213,resnet18,17layer,full,17,eyeriss,thesis_arch,1056,524,128,16,256,1,False,False,"Ill-posed constraints:
CONSTRAINTS VIOLATION: Arch: Eyeriss_Constrained_17L_tile1_256x16 -> Level: InRegister: memory footprint: 2584 VS memory available: 400",0.000e+00,0.000e+00,0.00e+00,0,0.0,0.0,
resnet18_17layer_2026-02-25T17:48:02.368205,resnet18,17layer,full,17,eyeriss,thesis_arch,1056,524,128,16,512,1,False,False,"Ill-posed constraints:
CONSTRAINTS VIOLATION: Arch: Eyeriss_Constrained_17L_tile1_512x16 -> Level: InRegister: memory footprint: 2584 VS memory available: 400",0.000e+00,0.000e+00,0.00e+00,0,0.0,0.0,
resnet18_17layer_2026-02-25T17:48:02.646360,resnet18,17layer,full,17,eyeriss,thesis_arch,1056,524,128,32,4,1,False,False,"Ill-posed constraints:
CONSTRAINTS VIOLATION: Arch: Eyeriss_Constrained_17L_tile1_4x32 -> Level: InRegister: memory footprint: 1286 VS memory available: 400
CONSTRAINTS VIOLATION: Arch: Eyeriss_Constrained_17L_tile1_4x32 -> Level: WRegister: memory footprint: 114544 VS memory available: 4000
CONSTRAINTS VIOLATION: Arch: Eyeriss_Constrained_17L_tile1_4x32 -> Level: IntermediateRegister: memory footprint: 848 VS memory available: 350
CONSTRAINTS VIOLATION: Arch: Eyeriss_Constrained_17L_tile1_4x32 -> Level: OutRegister: memory footprint: 128 VS memory available: 64",0.000e+00,0.000e+00,0.00e+00,0,0.0,0.0,
resnet18_17layer_2026-02-25T17:48:02.943045,resnet18,17layer,full,17,eyeriss,thesis_arch,1056,524,128,32,16,1,False,False,"Ill-posed constraints:
CONSTRAINTS VIOLATION: Arch: Eyeriss_Constrained_17L_tile1_16x32 -> Level: InRegister: memory footprint: 1286 VS memory available: 400
CONSTRAINTS VIOLATION: Arch: Eyeriss_Constrained_17L_tile1_16x32 -> Level: WRegister: memory footprint: 28636 VS memory available: 4000",0.000e+00,0.000e+00,0.00e+00,0,0.0,0.0,
resnet18_17layer_2026-02-25T17:48:03.324480,resnet18,17layer,full,17,eyeriss,thesis_arch,1056,524,128,32,32,1,False,False,"Ill-posed constraints:
CONSTRAINTS VIOLATION: Arch: Eyeriss_Constrained_17L_tile1_32x32 -> Level: InRegister: memory footprint: 1286 VS memory available: 400
CONSTRAINTS VIOLATION: Arch: Eyeriss_Constrained_17L_tile1_32x32 -> Level: WRegister: memory footprint: 14318 VS memory available: 4000",0.000e+00,0.000e+00,0.00e+00,0,0.0,0.0,
resnet18_17layer_2026-02-25T17:48:03.756635,resnet18,17layer,full,17,eyeriss,thesis_arch,1056,524,128,32,64,1,False,False,"Ill-posed constraints:
CONSTRAINTS VIOLATION: Arch: Eyeriss_Constrained_17L_tile1_64x32 -> Level: InRegister: memory footprint: 1286 VS memory available: 400
CONSTRAINTS VIOLATION: Arch: Eyeriss_Constrained_17L_tile1_64x32 -> Level: WRegister: memory footprint: 7159 VS memory available: 4000",0.000e+00,0.000e+00,0.00e+00,0,0.0,0.0,
resnet18_17layer_2026-02-25T17:48:04.145992,resnet18,17layer,full,17,eyeriss,thesis_arch,1056,524,128,32,128,1,False,False,"Ill-posed constraints:
CONSTRAINTS VIOLATION: Arch: Eyeriss_Constrained_17L_tile1_128x32 -> Level: InRegister: memory footprint: 1286 VS memory available: 400",0.000e+00,0.000e+00,0.00e+00,0,0.0,0.0,
resnet18_17layer_2026-02-25T17:48:04.540892,resnet18,17layer,full,17,eyeriss,thesis_arch,1056,524,128,32,256,1,False,False,"Ill-posed constraints:
CONSTRAINTS VIOLATION: Arch: Eyeriss_Constrained_17L_tile1_256x32 -> Level: InRegister: memory footprint: 1286 VS memory available: 400",0.000e+00,0.000e+00,0.00e+00,0,0.0,0.0,
resnet18_17layer_2026-02-25T17:48:05.307980,resnet18,17layer,full,17,eyeriss,thesis_arch,1056,524,128,32,512,1,False,False,"Ill-posed constraints:
CONSTRAINTS VIOLATION: Arch: Eyeriss_Constrained_17L_tile1_512x32 -> Level: InRegister: memory footprint: 1286 VS memory available: 400",0.000e+00,0.000e+00,0.00e+00,0,0.0,0.0,
resnet18_17layer_2026-02-25T17:48:05.748310,resnet18,17layer,full,17,eyeriss,thesis_arch,1056,524,128,64,4,1,False,False,"Ill-posed constraints:
CONSTRAINTS VIOLATION: Arch: Eyeriss_Constrained_17L_tile1_4x64 -> Level: InRegister: memory footprint: 650 VS memory available: 400
CONSTRAINTS VIOLATION: Arch: Eyeriss_Constrained_17L_tile1_4x64 -> Level: WRegister: memory footprint: 57272 VS memory available: 4000
CONSTRAINTS VIOLATION: Arch: Eyeriss_Constrained_17L_tile1_4x64 -> Level: IntermediateRegister: memory footprint: 840 VS memory available: 350
CONSTRAINTS VIOLATION: Arch: Eyeriss_Constrained_17L_tile1_4x64 -> Level: OutRegister: memory footprint: 128 VS memory available: 64",0.000e+00,0.000e+00,0.00e+00,0,0.0,0.0,
resnet18_17layer_2026-02-25T17:48:06.098982,resnet18,17layer,full,17,eyeriss,thesis_arch,1056,524,128,64,16,1,False,False,"Ill-posed constraints:
CONSTRAINTS VIOLATION: Arch: Eyeriss_Constrained_17L_tile1_16x64 -> Level: InRegister: memory footprint: 650 VS memory available: 400
CONSTRAINTS VIOLATION: Arch: Eyeriss_Constrained_17L_tile1_16x64 -> Level: WRegister: memory footprint: 14318 VS memory available: 4000",0.000e+00,0.000e+00,0.00e+00,0,0.0,0.0,
resnet18_17layer_2026-02-25T17:48:06.397254,resnet18,17layer,full,17,eyeriss,thesis_arch,1056,524,128,64,32,1,False,False,"Ill-posed constraints:
CONSTRAINTS VIOLATION: Arch: Eyeriss_Constrained_17L_tile1_32x64 -> Level: InRegister: memory footprint: 650 VS memory available: 400
CONSTRAINTS VIOLATION: Arch: Eyeriss_Constrained_17L_tile1_32x64 -> Level: WRegister: memory footprint: 7159 VS memory available: 4000",0.000e+00,0.000e+00,0.00e+00,0,0.0,0.0,
resnet18_17layer_2026-02-25T17:48:06.770381,resnet18,17layer,full,17,eyeriss,thesis_arch,1056,524,128,64,64,1,False,False,"Ill-posed constraints:
CONSTRAINTS VIOLATION: Arch: Eyeriss_Constrained_17L_tile1_64x64 -> Level: InRegister: memory footprint: 650 VS memory available: 400",0.000e+00,0.000e+00,0.00e+00,0,0.0,0.0,
resnet18_17layer_2026-02-25T17:48:07.110781,resnet18,17layer,full,17,eyeriss,thesis_arch,1056,524,128,64,128,1,False,False,"Ill-posed constraints:
CONSTRAINTS VIOLATION: Arch: Eyeriss_Constrained_17L_tile1_128x64 -> Level: InRegister: memory footprint: 650 VS memory available: 400",0.000e+00,0.000e+00,0.00e+00,0,0.0,0.0,
resnet18_17layer_2026-02-25T17:48:07.429250,resnet18,17layer,full,17,eyeriss,thesis_arch,1056,524,128,64,256,1,False,False,"Ill-posed constraints:
CONSTRAINTS VIOLATION: Arch: Eyeriss_Constrained_17L_tile1_256x64 -> Level: InRegister: memory footprint: 650 VS memory available: 400",0.000e+00,0.000e+00,0.00e+00,0,0.0,0.0,
resnet18_17layer_2026-02-25T17:48:08.131167,resnet18,17layer,full,17,eyeriss,thesis_arch,1056,524,128,128,4,1,False,False,"Ill-posed constraints:
CONSTRAINTS VIOLATION: Arch: Eyeriss_Constrained_17L_tile1_4x128 -> Level: WRegister: memory footprint: 28636 VS memory available: 4000
CONSTRAINTS VIOLATION: Arch: Eyeriss_Constrained_17L_tile1_4x128 -> Level: IntermediateRegister: memory footprint: 836 VS memory available: 350
CONSTRAINTS VIOLATION: Arch: Eyeriss_Constrained_17L_tile1_4x128 -> Level: OutRegister: memory footprint: 128 VS memory available: 64",0.000e+00,0.000e+00,0.00e+00,0,0.0,0.0,
resnet18_17layer_2026-02-25T17:48:08.833773,resnet18,17layer,full,17,eyeriss,thesis_arch,1056,524,128,128,16,1,False,False,"Ill-posed constraints:
CONSTRAINTS VIOLATION: Arch: Eyeriss_Constrained_17L_tile1_16x128 -> Level: WRegister: memory footprint: 7159 VS memory available: 4000",0.000e+00,0.000e+00,0.00e+00,0,0.0,0.0,
resnet18_17layer_2026-02-25T17:48:09.152796,resnet18,17layer,full,17,eyeriss,thesis_arch,1056,524,128,128,32,1,False,True,,5.620e+04,3.059e+06,1.74e+05,"(5568237760, 2543810304)",0.0032886642329685856,0.3097400665283203,DRAM[P=7 Q=7 Z16=1 C16=1 R16=1 S16=1 Y15=7 X15=7 Z15=1 C15=1 R15=1 S15=1 Y14=7 X14=7 Z14=1 C14=1 R14=1 S14=1 Y13=14 X13=14 Z13=1 C13=1 R13=1 S13=1 Y12=14 X12=14 Z12=1 C12=1 R12=1 S12=1 Y11=14 X11=14 Z11=1 C11=1 R11=1 S11=1 Y10=14 X10=14 Z10=1 C10=1 R10=1 S10=1 Y9=28 X9=28 Z9=1 C9=1 R9=1 S9=1 Y8=28 X8=28 Z8=1 C8=1 R8=1 S8=1 Y7=28 X7=28 Z7=1 C7=1 R7=1 S7=1 Y6=28 X6=28 Z6=1 C6=1 R6=1 S6=1 Y5=56 X5=56 Z5=1 C5=1 R5=1 S5=1 Y4=56 X4=56 Z4=1 C4=1 R4=1 S4=1 Y3=56 X3=56 Z3=1 C3=1 R3=1 S3=1 Y2=56 X2=56 Z2=1 C2=1 R2=1 S2=1 Y1=56 X1=56 Z1=1 C1=1 R1=1 S1=1 Y0=112 X0=112 Z0=1 C0=1 R0=1 S0=1] GlobalBuffer[P=1 Q=1 Z16=1 C16=1 R16=1 S16=1 Y15=1 X15=1 Z15=1 C15=1 R15=1 S15=1 Y14=1 X14=1 Z14=1 C14=1 R14=1 S14=1 Y13=1 X13=1 Z13=1 C13=1 R13=1 S13=1 Y12=1 X12=1 Z12=1 C12=1 R12=1 S12=1 Y11=1 X11=1 Z11=1 C11=1 R11=1 S11=1 Y10=1 X10=1 Z10=1 C10=1 R10=1 S10=1 Y9=1 X9=1 Z9=1 C9=1 R9=1 S9=1 Y8=1 X8=1 Z8=1 C8=1 R8=1 S8=1 Y7=1 X7=1 Z7=1 C7=1 R7=1 S7=1 Y6=1 X6=1 Z6=1 C6=1 R6=1 S6=1 Y5=1 X5=1 Z5=1 C5=1 R5=1 S5=1 Y4=1 X4=1 Z4=1 C4=1 R4=1 S4=1 Y3=1 X3=1 Z3=1 C3=1 R3=1 S3=1 Y2=1 X2=1 Z2=1 C2=1 R2=1 S2=1 Y1=1 X1=1 Z1=1 C1=1 R1=1 S1=1 Y0=1 X0=1 Z0=1 C0=1 R0=1 S0=1] SACols[Q=1 Z16=32] SARows[S16=3 C16=32 Z16=1] SACols_15[X15=1 Z15=32] SARows_15[S15=3 C15=32 Z15=1] SACols_14[X14=1 Z14=32] SARows_14[S14=3 C14=32 Z14=1] SACols_13[X13=1 Z13=32] SARows_13[S13=3 C13=32 Z13=1] SACols_12[X12=1 Z12=32] SARows_12[S12=3 C12=32 Z12=1] SACols_11[X11=1 Z11=32] SARows_11[S11=3 C11=32 Z11=1] SACols_10[X10=1 Z10=32] SARows_10[S10=3 C10=32 Z10=1] SACols_9[X9=1 Z9=32] SARows_9[S9=3 C9=32 Z9=1] SACols_8[X8=1 Z8=32] SARows_8[S8=3 C8=32 Z8=1] SACols_7[X7=1 Z7=32] SARows_7[S7=3 C7=32 Z7=1] SACols_6[X6=1 Z6=32] SARows_6[S6=3 C6=32 Z6=1] SACols_5[X5=1 Z5=32] SARows_5[S5=3 C5=32 Z5=1] SACols_4[X4=1 Z4=32] SARows_4[S4=3 C4=32 Z4=1] SACols_3[X3=1 Z3=32] SARows_3[S3=3 C3=32 Z3=1] SACols_2[X2=1 Z2=32] SARows_2[S2=3 C2=32 Z2=1] SACols_1[X1=1 Z1=32] SARows_1[S1=3 C1=32 Z1=1] SACols_0[X0=1 Z0=32] SARows_0[S0=7 C0=3 Z0=2] InRegister[P=1 Q=1 Z16=1 C16=1 R16=1 S16=1 Y15=1 X15=1 Z15=1 C15=1 R15=1 S15=1 Y14=1 X14=1 Z14=1 C14=1 R14=1 S14=1 Y13=1 X13=1 Z13=1 C13=1 R13=1 S13=1 Y12=1 X12=1 Z12=1 C12=1 R12=1 S12=1 Y11=1 X11=1 Z11=1 C11=1 R11=1 S11=1 Y10=1 X10=1 Z10=1 C10=1 R10=1 S10=1 Y9=1 X9=1 Z9=1 C9=1 R9=1 S9=1 Y8=1 X8=1 Z8=1 C8=1 R8=1 S8=1 Y7=1 X7=1 Z7=1 C7=1 R7=1 S7=1 Y6=1 X6=1 Z6=1 C6=1 R6=1 S6=1 Y5=1 X5=1 Z5=1 C5=1 R5=1 S5=1 Y4=1 X4=1 Z4=1 C4=1 R4=1 S4=1 Y3=1 X3=1 Z3=1 C3=1 R3=1 S3=1 Y2=1 X2=1 Z2=1 C2=1 R2=1 S2=1 Y1=1 X1=1 Z1=1 C1=1 R1=1 S1=1 Y0=1 X0=1 Z0=1 C0=1 R0=1 S0=1] WRegister[P=1 Q=1 Z16=1 C16=16 R16=3 S16=1 Y15=1 X15=1 Z15=1 C15=16 R15=3 S15=1 Y14=1 X14=1 Z14=1 C14=16 R14=3 S14=1 Y13=1 X13=1 Z13=1 C13=8 R13=3 S13=1 Y12=1 X12=1 Z12=1 C12=8 R12=3 S12=1 Y11=1 X11=1 Z11=1 C11=8 R11=3 S11=1 Y10=1 X10=1 Z10=1 C10=8 R10=3 S10=1 Y9=1 X9=1 Z9=1 C9=4 R9=3 S9=1 Y8=1 X8=1 Z8=1 C8=4 R8=3 S8=1 Y7=1 X7=1 Z7=1 C7=4 R7=3 S7=1 Y6=1 X6=1 Z6=1 C6=4 R6=3 S6=1 Y5=1 X5=1 Z5=1 C5=2 R5=3 S5=1 Y4=1 X4=1 Z4=1 C4=2 R4=3 S4=1 Y3=1 X3=1 Z3=1 C3=2 R3=3 S3=1 Y2=1 X2=1 Z2=1 C2=2 R2=3 S2=1 Y1=1 X1=1 Z1=1 C1=2 R1=3 S1=1 Y0=1 X0=1 Z0=1 C0=1 R0=7 S0=1] IntermediateRegister[P=1 Q=1 Z16=1 C16=1 R16=1 S16=1 Y15=1 X15=1 Z15=16 C15=1 R15=1 S15=1 Y14=1 X14=1 Z14=16 C14=1 R14=1 S14=1 Y13=1 X13=1 Z13=16 C13=1 R13=1 S13=1 Y12=1 X12=1 Z12=8 C12=1 R12=1 S12=1 Y11=1 X11=1 Z11=8 C11=1 R11=1 S11=1 Y10=1 X10=1 Z10=8 C10=1 R10=1 S10=1 Y9=1 X9=1 Z9=8 C9=1 R9=1 S9=1 Y8=1 X8=1 Z8=4 C8=1 R8=1 S8=1 Y7=1 X7=1 Z7=4 C7=1 R7=1 S7=1 Y6=1 X6=1 Z6=4 C6=1 R6=1 S6=1 Y5=1 X5=1 Z5=4 C5=1 R5=1 S5=1 Y4=1 X4=1 Z4=2 C4=1 R4=1 S4=1 Y3=1 X3=1 Z3=2 C3=1 R3=1 S3=1 Y2=1 X2=1 Z2=2 C2=1 R2=1 S2=1 Y1=1 X1=1 Z1=2 C1=1 R1=1 S1=1 Y0=1 X0=1 Z0=1 C0=1 R0=1 S0=1] OutRegister[P=1 Q=1 Z16=16 C16=1 R16=1 S16=1 Y15=1 X15=1 Z15=1 C15=1 R15=1 S15=1 Y14=1 X14=1 Z14=1 C14=1 R14=1 S14=1 Y13=1 X13=1 Z13=1 C13=1 R13=1 S13=1 Y12=1 X12=1 Z12=1 C12=1 R12=1 S12=1 Y11=1 X11=1 Z11=1 C11=1 R11=1 S11=1 Y10=1 X10=1 Z10=1 C10=1 R10=1 S10=1 Y9=1 X9=1 Z9=1 C9=1 R9=1 S9=1 Y8=1 X8=1 Z8=1 C8=1 R8=1 S8=1 Y7=1 X7=1 Z7=1 C7=1 R7=1 S7=1 Y6=1 X6=1 Z6=1 C6=1 R6=1 S6=1 Y5=1 X5=1 Z5=1 C5=1 R5=1 S5=1 Y4=1 X4=1 Z4=1 C4=1 R4=1 S4=1 Y3=1 X3=1 Z3=1 C3=1 R3=1 S3=1 Y2=1 X2=1 Z2=1 C2=1 R2=1 S2=1 Y1=1 X1=1 Z1=1 C1=1 R1=1 S1=1 Y0=1 X0=1 Z0=1 C0=1 R0=1 S0=1] Compute] 
resnet18_17layer_2026-02-25T17:48:09.793246,resnet18,17layer,full,17,eyeriss,thesis_arch,1056,524,128,128,64,1,False,True,,5.714e+04,3.042e+06,1.76e+05,"(6045110464, 2543810304)",0.0016443321164842928,0.30663108825683594,DRAM[P=7 Q=7 Z16=1 C16=1 R16=1 S16=1 Y15=7 X15=7 Z15=1 C15=1 R15=1 S15=1 Y14=7 X14=7 Z14=1 C14=1 R14=1 S14=1 Y13=14 X13=14 Z13=1 C13=1 R13=1 S13=1 Y12=14 X12=14 Z12=1 C12=1 R12=1 S12=1 Y11=14 X11=14 Z11=1 C11=1 R11=1 S11=1 Y10=14 X10=14 Z10=1 C10=1 R10=1 S10=1 Y9=28 X9=28 Z9=1 C9=1 R9=1 S9=1 Y8=28 X8=28 Z8=1 C8=1 R8=1 S8=1 Y7=28 X7=28 Z7=1 C7=1 R7=1 S7=1 Y6=28 X6=28 Z6=1 C6=1 R6=1 S6=1 Y5=56 X5=56 Z5=1 C5=1 R5=1 S5=1 Y4=56 X4=56 Z4=1 C4=1 R4=1 S4=1 Y3=56 X3=56 Z3=1 C3=1 R3=1 S3=1 Y2=56 X2=56 Z2=1 C2=1 R2=1 S2=1 Y1=56 X1=56 Z1=1 C1=1 R1=1 S1=1 Y0=112 X0=112 Z0=1 C0=1 R0=1 S0=1] GlobalBuffer[P=1 Q=1 Z16=1 C16=1 R16=1 S16=1 Y15=1 X15=1 Z15=1 C15=1 R15=1 S15=1 Y14=1 X14=1 Z14=1 C14=1 R14=1 S14=1 Y13=1 X13=1 Z13=1 C13=1 R13=1 S13=1 Y12=1 X12=1 Z12=1 C12=1 R12=1 S12=1 Y11=1 X11=1 Z11=1 C11=1 R11=1 S11=1 Y10=1 X10=1 Z10=1 C10=1 R10=1 S10=1 Y9=1 X9=1 Z9=1 C9=1 R9=1 S9=1 Y8=1 X8=1 Z8=1 C8=1 R8=1 S8=1 Y7=1 X7=1 Z7=1 C7=1 R7=1 S7=1 Y6=1 X6=1 Z6=1 C6=1 R6=1 S6=1 Y5=1 X5=1 Z5=1 C5=1 R5=1 S5=1 Y4=1 X4=1 Z4=1 C4=1 R4=1 S4=1 Y3=1 X3=1 Z3=1 C3=1 R3=1 S3=1 Y2=1 X2=1 Z2=1 C2=1 R2=1 S2=1 Y1=1 X1=1 Z1=1 C1=1 R1=1 S1=1 Y0=1 X0=1 Z0=1 C0=1 R0=1 S0=1] SACols[Q=1 Z16=64] SARows[S16=3 C16=32 Z16=1] SACols_15[X15=1 Z15=64] SARows_15[S15=3 C15=32 Z15=1] SACols_14[X14=1 Z14=64] SARows_14[S14=3 C14=32 Z14=1] SACols_13[X13=1 Z13=64] SARows_13[S13=3 C13=32 Z13=1] SACols_12[X12=1 Z12=64] SARows_12[S12=3 C12=32 Z12=1] SACols_11[X11=1 Z11=64] SARows_11[S11=3 C11=32 Z11=1] SACols_10[X10=1 Z10=64] SARows_10[S10=3 C10=32 Z10=1] SACols_9[X9=1 Z9=64] SARows_9[S9=3 C9=32 Z9=1] SACols_8[X8=1 Z8=64] SARows_8[S8=3 C8=32 Z8=1] SACols_7[X7=1 Z7=64] SARows_7[S7=3 C7=32 Z7=1] SACols_6[X6=1 Z6=64] SARows_6[S6=3 C6=32 Z6=1] SACols_5[X5=1 Z5=64] SARows_5[S5=3 C5=32 Z5=1] SACols_4[X4=1 Z4=64] SARows_4[S4=3 C4=32 Z4=1] SACols_3[X3=1 Z3=64] SARows_3[S3=3 C3=32 Z3=1] SACols_2[X2=1 Z2=64] SARows_2[S2=3 C2=32 Z2=1] SACols_1[X1=1 Z1=64] SARows_1[S1=3 C1=32 Z1=1] SACols_0[X0=1 Z0=64] SARows_0[S0=7 C0=3 Z0=1] InRegister[P=1 Q=1 Z16=1 C16=1 R16=1 S16=1 Y15=1 X15=1 Z15=1 C15=1 R15=1 S15=1 Y14=1 X14=1 Z14=1 C14=1 R14=1 S14=1 Y13=1 X13=1 Z13=1 C13=1 R13=1 S13=1 Y12=1 X12=1 Z12=1 C12=1 R12=1 S12=1 Y11=1 X11=1 Z11=1 C11=1 R11=1 S11=1 Y10=1 X10=1 Z10=1 C10=1 R10=1 S10=1 Y9=1 X9=1 Z9=1 C9=1 R9=1 S9=1 Y8=1 X8=1 Z8=1 C8=1 R8=1 S8=1 Y7=1 X7=1 Z7=1 C7=1 R7=1 S7=1 Y6=1 X6=1 Z6=1 C6=1 R6=1 S6=1 Y5=1 X5=1 Z5=1 C5=1 R5=1 S5=1 Y4=1 X4=1 Z4=1 C4=1 R4=1 S4=1 Y3=1 X3=1 Z3=1 C3=1 R3=1 S3=1 Y2=1 X2=1 Z2=1 C2=1 R2=1 S2=1 Y1=1 X1=1 Z1=1 C1=1 R1=1 S1=1 Y0=1 X0=1 Z0=1 C0=1 R0=1 S0=1] WRegister[P=1 Q=1 Z16=1 C16=16 R16=3 S16=1 Y15=1 X15=1 Z15=1 C15=16 R15=3 S15=1 Y14=1 X14=1 Z14=1 C14=16 R14=3 S14=1 Y13=1 X13=1 Z13=1 C13=8 R13=3 S13=1 Y12=1 X12=1 Z12=1 C12=8 R12=3 S12=1 Y11=1 X11=1 Z11=1 C11=8 R11=3 S11=1 Y10=1 X10=1 Z10=1 C10=8 R10=3 S10=1 Y9=1 X9=1 Z9=1 C9=4 R9=3 S9=1 Y8=1 X8=1 Z8=1 C8=4 R8=3 S8=1 Y7=1 X7=1 Z7=1 C7=4 R7=3 S7=1 Y6=1 X6=1 Z6=1 C6=4 R6=3 S6=1 Y5=1 X5=1 Z5=1 C5=2 R5=3 S5=1 Y4=1 X4=1 Z4=1 C4=2 R4=3 S4=1 Y3=1 X3=1 Z3=1 C3=2 R3=3 S3=1 Y2=1 X2=1 Z2=1 C2=2 R2=3 S2=1 Y1=1 X1=1 Z1=1 C1=2 R1=3 S1=1 Y0=1 X0=1 Z0=1 C0=1 R0=7 S0=1] IntermediateRegister[P=1 Q=1 Z16=1 C16=1 R16=1 S16=1 Y15=1 X15=1 Z15=8 C15=1 R15=1 S15=1 Y14=1 X14=1 Z14=8 C14=1 R14=1 S14=1 Y13=1 X13=1 Z13=8 C13=1 R13=1 S13=1 Y12=1 X12=1 Z12=4 C12=1 R12=1 S12=1 Y11=1 X11=1 Z11=4 C11=1 R11=1 S11=1 Y10=1 X10=1 Z10=4 C10=1 R10=1 S10=1 Y9=1 X9=1 Z9=4 C9=1 R9=1 S9=1 Y8=1 X8=1 Z8=2 C8=1 R8=1 S8=1 Y7=1 X7=1 Z7=2 C7=1 R7=1 S7=1 Y6=1 X6=1 Z6=2 C6=1 R6=1 S6=1 Y5=1 X5=1 Z5=2 C5=1 R5=1 S5=1 Y4=1 X4=1 Z4=1 C4=1 R4=1 S4=1 Y3=1 X3=1 Z3=1 C3=1 R3=1 S3=1 Y2=1 X2=1 Z2=1 C2=1 R2=1 S2=1 Y1=1 X1=1 Z1=1 C1=1 R1=1 S1=1 Y0=1 X0=1 Z0=1 C0=1 R0=1 S0=1] OutRegister[P=1 Q=1 Z16=8 C16=1 R16=1 S16=1 Y15=1 X15=1 Z15=1 C15=1 R15=1 S15=1 Y14=1 X14=1 Z14=1 C14=1 R14=1 S14=1 Y13=1 X13=1 Z13=1 C13=1 R13=1 S13=1 Y12=1 X12=1 Z12=1 C12=1 R12=1 S12=1 Y11=1 X11=1 Z11=1 C11=1 R11=1 S11=1 Y10=1 X10=1 Z10=1 C10=1 R10=1 S10=1 Y9=1 X9=1 Z9=1 C9=1 R9=1 S9=1 Y8=1 X8=1 Z8=1 C8=1 R8=1 S8=1 Y7=1 X7=1 Z7=1 C7=1 R7=1 S7=1 Y6=1 X6=1 Z6=1 C6=1 R6=1 S6=1 Y5=1 X5=1 Z5=1 C5=1 R5=1 S5=1 Y4=1 X4=1 Z4=1 C4=1 R4=1 S4=1 Y3=1 X3=1 Z3=1 C3=1 R3=1 S3=1 Y2=1 X2=1 Z2=1 C2=1 R2=1 S2=1 Y1=1 X1=1 Z1=1 C1=1 R1=1 S1=1 Y0=1 X0=1 Z0=1 C0=1 R0=1 S0=1] Compute] 
resnet18_17layer_2026-02-25T17:48:10.500410,resnet18,17layer,full,17,eyeriss,thesis_arch,1056,524,128,128,128,1,False,True,,5.810e+04,3.042e+06,1.80e+05,"(6536433856, 2543810304)",5.138537864013415e-05,0.3513615131378174,DRAM[P=7 Q=7 Z16=1 C16=1 R16=1 S16=1 Y15=7 X15=7 Z15=1 C15=1 R15=1 S15=1 Y14=7 X14=7 Z14=1 C14=1 R14=1 S14=1 Y13=14 X13=14 Z13=1 C13=1 R13=1 S13=1 Y12=14 X12=14 Z12=1 C12=1 R12=1 S12=1 Y11=14 X11=14 Z11=1 C11=1 R11=1 S11=1 Y10=14 X10=14 Z10=1 C10=1 R10=1 S10=1 Y9=28 X9=28 Z9=1 C9=1 R9=1 S9=1 Y8=28 X8=28 Z8=1 C8=1 R8=1 S8=1 Y7=28 X7=28 Z7=1 C7=1 R7=1 S7=1 Y6=28 X6=28 Z6=1 C6=1 R6=1 S6=1 Y5=56 X5=56 Z5=1 C5=1 R5=1 S5=1 Y4=56 X4=56 Z4=1 C4=1 R4=1 S4=1 Y3=56 X3=56 Z3=1 C3=1 R3=1 S3=1 Y2=56 X2=56 Z2=1 C2=1 R2=1 S2=1 Y1=56 X1=56 Z1=1 C1=1 R1=1 S1=1 Y0=112 X0=112 Z0=1 C0=1 R0=1 S0=1] GlobalBuffer[P=1 Q=1 Z16=1 C16=1 R16=1 S16=1 Y15=1 X15=1 Z15=1 C15=1 R15=1 S15=1 Y14=1 X14=1 Z14=1 C14=1 R14=1 S14=1 Y13=1 X13=1 Z13=1 C13=1 R13=1 S13=1 Y12=1 X12=1 Z12=1 C12=1 R12=1 S12=1 Y11=1 X11=1 Z11=1 C11=1 R11=1 S11=1 Y10=1 X10=1 Z10=1 C10=1 R10=1 S10=1 Y9=1 X9=1 Z9=1 C9=1 R9=1 S9=1 Y8=1 X8=1 Z8=1 C8=1 R8=1 S8=1 Y7=1 X7=1 Z7=1 C7=1 R7=1 S7=1 Y6=1 X6=1 Z6=1 C6=1 R6=1 S6=1 Y5=1 X5=1 Z5=1 C5=1 R5=1 S5=1 Y4=1 X4=1 Z4=1 C4=1 R4=1 S4=1 Y3=1 X3=1 Z3=1 C3=1 R3=1 S3=1 Y2=1 X2=1 Z2=1 C2=1 R2=1 S2=1 Y1=1 X1=1 Z1=1 C1=1 R1=1 S1=1 Y0=1 X0=1 Z0=1 C0=1 R0=1 S0=1] SACols[Q=1 Z16=128] SARows[S16=3 C16=32 Z16=1] SACols_15[X15=1 Z15=128] SARows_15[S15=3 C15=32 Z15=1] SACols_14[X14=1 Z14=128] SARows_14[S14=3 C14=32 Z14=1] SACols_13[X13=1 Z13=128] SARows_13[S13=3 C13=32 Z13=1] SACols_12[X12=1 Z12=128] SARows_12[S12=3 C12=32 Z12=1] SACols_11[X11=1 Z11=128] SARows_11[S11=3 C11=32 Z11=1] SACols_10[X10=1 Z10=128] SARows_10[S10=3 C10=32 Z10=1] SACols_9[X9=1 Z9=128] SARows_9[S9=3 C9=32 Z9=1] SACols_8[X8=1 Z8=128] SARows_8[S8=3 C8=32 Z8=1] SACols_7[X7=1 Z7=128] SARows_7[S7=3 C7=32 Z7=1] SACols_6[X6=1 Z6=128] SARows_6[S6=3 C6=32 Z6=1] SACols_5[X5=1 Z5=128] SARows_5[S5=3 C5=32 Z5=1] SACols_4[X4=1 Z4=64] SARows_4[S4=3 C4=32 Z4=1] SACols_3[X3=1 Z3=64] SARows_3[S3=3 C3=32 Z3=1] SACols_2[X2=1 Z2=64] SARows_2[S2=3 C2=32 Z2=1] SACols_1[X1=1 Z1=64] SARows_1[S1=3 C1=32 Z1=1] SACols_0[X0=1 Z0=64] SARows_0[S0=7 C0=3 Z0=1] InRegister[P=1 Q=1 Z16=1 C16=1 R16=1 S16=1 Y15=1 X15=1 Z15=1 C15=1 R15=1 S15=1 Y14=1 X14=1 Z14=1 C14=1 R14=1 S14=1 Y13=1 X13=1 Z13=1 C13=1 R13=1 S13=1 Y12=1 X12=1 Z12=1 C12=1 R12=1 S12=1 Y11=1 X11=1 Z11=1 C11=1 R11=1 S11=1 Y10=1 X10=1 Z10=1 C10=1 R10=1 S10=1 Y9=1 X9=1 Z9=1 C9=1 R9=1 S9=1 Y8=1 X8=1 Z8=1 C8=1 R8=1 S8=1 Y7=1 X7=1 Z7=1 C7=1 R7=1 S7=1 Y6=1 X6=1 Z6=1 C6=1 R6=1 S6=1 Y5=1 X5=1 Z5=1 C5=1 R5=1 S5=1 Y4=1 X4=1 Z4=1 C4=1 R4=1 S4=1 Y3=1 X3=1 Z3=1 C3=1 R3=1 S3=1 Y2=1 X2=1 Z2=1 C2=1 R2=1 S2=1 Y1=1 X1=1 Z1=1 C1=1 R1=1 S1=1 Y0=1 X0=1 Z0=1 C0=1 R0=1 S0=1] WRegister[P=1 Q=1 Z16=1 C16=16 R16=3 S16=1 Y15=1 X15=1 Z15=1 C15=16 R15=3 S15=1 Y14=1 X14=1 Z14=1 C14=16 R14=3 S14=1 Y13=1 X13=1 Z13=1 C13=8 R13=3 S13=1 Y12=1 X12=1 Z12=1 C12=8 R12=3 S12=1 Y11=1 X11=1 Z11=1 C11=8 R11=3 S11=1 Y10=1 X10=1 Z10=1 C10=8 R10=3 S10=1 Y9=1 X9=1 Z9=1 C9=4 R9=3 S9=1 Y8=1 X8=1 Z8=1 C8=4 R8=3 S8=1 Y7=1 X7=1 Z7=1 C7=4 R7=3 S7=1 Y6=1 X6=1 Z6=1 C6=4 R6=3 S6=1 Y5=1 X5=1 Z5=1 C5=2 R5=3 S5=1 Y4=1 X4=1 Z4=1 C4=2 R4=3 S4=1 Y3=1 X3=1 Z3=1 C3=2 R3=3 S3=1 Y2=1 X2=1 Z2=1 C2=2 R2=3 S2=1 Y1=1 X1=1 Z1=1 C1=2 R1=3 S1=1 Y0=1 X0=1 Z0=1 C0=1 R0=7 S0=1] IntermediateRegister[P=1 Q=1 Z16=1 C16=1 R16=1 S16=1 Y15=1 X15=1 Z15=4 C15=1 R15=1 S15=1 Y14=1 X14=1 Z14=4 C14=1 R14=1 S14=1 Y13=1 X13=1 Z13=4 C13=1 R13=1 S13=1 Y12=1 X12=1 Z12=2 C12=1 R12=1 S12=1 Y11=1 X11=1 Z11=2 C11=1 R11=1 S11=1 Y10=1 X10=1 Z10=2 C10=1 R10=1 S10=1 Y9=1 X9=1 Z9=2 C9=1 R9=1 S9=1 Y8=1 X8=1 Z8=1 C8=1 R8=1 S8=1 Y7=1 X7=1 Z7=1 C7=1 R7=1 S7=1 Y6=1 X6=1 Z6=1 C6=1 R6=1 S6=1 Y5=1 X5=1 Z5=1 C5=1 R5=1 S5=1 Y4=1 X4=1 Z4=1 C4=1 R4=1 S4=1 Y3=1 X3=1 Z3=1 C3=1 R3=1 S3=1 Y2=1 X2=1 Z2=1 C2=1 R2=1 S2=1 Y1=1 X1=1 Z1=1 C1=1 R1=1 S1=1 Y0=1 X0=1 Z0=1 C0=1 R0=1 S0=1] OutRegister[P=1 Q=1 Z16=4 C16=1 R16=1 S16=1 Y15=1 X15=1 Z15=1 C15=1 R15=1 S15=1 Y14=1 X14=1 Z14=1 C14=1 R14=1 S14=1 Y13=1 X13=1 Z13=1 C13=1 R13=1 S13=1 Y12=1 X12=1 Z12=1 C12=1 R12=1 S12=1 Y11=1 X11=1 Z11=1 C11=1 R11=1 S11=1 Y10=1 X10=1 Z10=1 C10=1 R10=1 S10=1 Y9=1 X9=1 Z9=1 C9=1 R9=1 S9=1 Y8=1 X8=1 Z8=1 C8=1 R8=1 S8=1 Y7=1 X7=1 Z7=1 C7=1 R7=1 S7=1 Y6=1 X6=1 Z6=1 C6=1 R6=1 S6=1 Y5=1 X5=1 Z5=1 C5=1 R5=1 S5=1 Y4=1 X4=1 Z4=1 C4=1 R4=1 S4=1 Y3=1 X3=1 Z3=1 C3=1 R3=1 S3=1 Y2=1 X2=1 Z2=1 C2=1 R2=1 S2=1 Y1=1 X1=1 Z1=1 C1=1 R1=1 S1=1 Y0=1 X0=1 Z0=1 C0=1 R0=1 S0=1] Compute] 
resnet18_17layer_2026-02-25T17:48:11.268241,resnet18,17layer,full,17,eyeriss,thesis_arch,1056,524,128,256,4,1,False,False,"Ill-posed constraints:
CONSTRAINTS VIOLATION: Arch: Eyeriss_Constrained_17L_tile1_4x256 -> Level: WRegister: memory footprint: 14318 VS memory available: 4000
CONSTRAINTS VIOLATION: Arch: Eyeriss_Constrained_17L_tile1_4x256 -> Level: IntermediateRegister: memory footprint: 834 VS memory available: 350
CONSTRAINTS VIOLATION: Arch: Eyeriss_Constrained_17L_tile1_4x256 -> Level: OutRegister: memory footprint: 128 VS memory available: 64",0.000e+00,0.000e+00,0.00e+00,0,0.0,0.0,
resnet18_17layer_2026-02-25T17:48:11.668178,resnet18,17layer,full,17,eyeriss,thesis_arch,1056,524,128,256,16,1,False,True,,5.639e+04,3.059e+06,1.74e+05,"(5522477248, 2736486144)",0.0032886642329685856,0.36203622817993164,DRAM[P=7 Q=7 Z16=1 C16=1 R16=1 S16=1 Y15=7 X15=7 Z15=1 C15=1 R15=1 S15=1 Y14=7 X14=7 Z14=1 C14=1 R14=1 S14=1 Y13=14 X13=14 Z13=1 C13=1 R13=1 S13=1 Y12=14 X12=14 Z12=1 C12=1 R12=1 S12=1 Y11=14 X11=14 Z11=1 C11=1 R11=1 S11=1 Y10=14 X10=14 Z10=1 C10=1 R10=1 S10=1 Y9=28 X9=28 Z9=1 C9=1 R9=1 S9=1 Y8=28 X8=28 Z8=1 C8=1 R8=1 S8=1 Y7=28 X7=28 Z7=1 C7=1 R7=1 S7=1 Y6=28 X6=28 Z6=1 C6=1 R6=1 S6=1 Y5=56 X5=56 Z5=1 C5=1 R5=1 S5=1 Y4=56 X4=56 Z4=1 C4=1 R4=1 S4=1 Y3=56 X3=56 Z3=1 C3=1 R3=1 S3=1 Y2=56 X2=56 Z2=1 C2=1 R2=1 S2=1 Y1=56 X1=56 Z1=1 C1=1 R1=1 S1=1 Y0=112 X0=112 Z0=1 C0=1 R0=1 S0=1] GlobalBuffer[P=1 Q=1 Z16=1 C16=1 R16=1 S16=1 Y15=1 X15=1 Z15=1 C15=1 R15=1 S15=1 Y14=1 X14=1 Z14=1 C14=1 R14=1 S14=1 Y13=1 X13=1 Z13=1 C13=1 R13=1 S13=1 Y12=1 X12=1 Z12=1 C12=1 R12=1 S12=1 Y11=1 X11=1 Z11=1 C11=1 R11=1 S11=1 Y10=1 X10=1 Z10=1 C10=1 R10=1 S10=1 Y9=1 X9=1 Z9=1 C9=1 R9=1 S9=1 Y8=1 X8=1 Z8=1 C8=1 R8=1 S8=1 Y7=1 X7=1 Z7=1 C7=1 R7=1 S7=1 Y6=1 X6=1 Z6=1 C6=1 R6=1 S6=1 Y5=1 X5=1 Z5=1 C5=1 R5=1 S5=1 Y4=1 X4=1 Z4=1 C4=1 R4=1 S4=1 Y3=1 X3=1 Z3=1 C3=1 R3=1 S3=1 Y2=1 X2=1 Z2=1 C2=1 R2=1 S2=1 Y1=1 X1=1 Z1=1 C1=1 R1=1 S1=1 Y0=1 X0=1 Z0=1 C0=1 R0=1 S0=1] SACols[Q=1 Z16=16] SARows[S16=3 C16=64 Z16=1] SACols_15[X15=1 Z15=16] SARows_15[S15=3 C15=64 Z15=1] SACols_14[X14=1 Z14=16] SARows_14[S14=3 C14=64 Z14=1] SACols_13[X13=1 Z13=16] SARows_13[S13=3 C13=64 Z13=1] SACols_12[X12=1 Z12=16] SARows_12[S12=3 C12=64 Z12=1] SACols_11[X11=1 Z11=16] SARows_11[S11=3 C11=64 Z11=1] SACols_10[X10=1 Z10=16] SARows_10[S10=3 C10=64 Z10=1] SACols_9[X9=1 Z9=16] SARows_9[S9=3 C9=64 Z9=1] SACols_8[X8=1 Z8=16] SARows_8[S8=3 C8=64 Z8=1] SACols_7[X7=1 Z7=16] SARows_7[S7=3 C7=64 Z7=1] SACols_6[X6=1 Z6=16] SARows_6[S6=3 C6=64 Z6=1] SACols_5[X5=1 Z5=16] SARows_5[S5=3 C5=64 Z5=1] SACols_4[X4=1 Z4=16] SARows_4[S4=3 C4=64 Z4=1] SACols_3[X3=1 Z3=16] SARows_3[S3=3 C3=64 Z3=1] SACols_2[X2=1 Z2=16] SARows_2[S2=3 C2=64 Z2=1] SACols_1[X1=1 Z1=16] SARows_1[S1=3 C1=64 Z1=1] SACols_0[X0=1 Z0=16] SARows_0[S0=7 C0=3 Z0=4] InRegister[P=1 Q=1 Z16=1 C16=1 R16=1 S16=1 Y15=1 X15=1 Z15=1 C15=1 R15=1 S15=1 Y14=1 X14=1 Z14=1 C14=1 R14=1 S14=1 Y13=1 X13=1 Z13=1 C13=1 R13=1 S13=1 Y12=1 X12=1 Z12=1 C12=1 R12=1 S12=1 Y11=1 X11=1 Z11=1 C11=1 R11=1 S11=1 Y10=1 X10=1 Z10=1 C10=1 R10=1 S10=1 Y9=1 X9=1 Z9=1 C9=1 R9=1 S9=1 Y8=1 X8=1 Z8=1 C8=1 R8=1 S8=1 Y7=1 X7=1 Z7=1 C7=1 R7=1 S7=1 Y6=1 X6=1 Z6=1 C6=1 R6=1 S6=1 Y5=1 X5=1 Z5=1 C5=1 R5=1 S5=1 Y4=1 X4=1 Z4=1 C4=1 R4=1 S4=1 Y3=1 X3=1 Z3=1 C3=1 R3=1 S3=1 Y2=1 X2=1 Z2=1 C2=1 R2=1 S2=1 Y1=1 X1=1 Z1=1 C1=1 R1=1 S1=1 Y0=1 X0=1 Z0=1 C0=1 R0=1 S0=1] WRegister[P=1 Q=1 Z16=1 C16=8 R16=3 S16=1 Y15=1 X15=1 Z15=1 C15=8 R15=3 S15=1 Y14=1 X14=1 Z14=1 C14=8 R14=3 S14=1 Y13=1 X13=1 Z13=1 C13=4 R13=3 S13=1 Y12=1 X12=1 Z12=1 C12=4 R12=3 S12=1 Y11=1 X11=1 Z11=1 C11=4 R11=3 S11=1 Y10=1 X10=1 Z10=1 C10=4 R10=3 S10=1 Y9=1 X9=1 Z9=1 C9=2 R9=3 S9=1 Y8=1 X8=1 Z8=1 C8=2 R8=3 S8=1 Y7=1 X7=1 Z7=1 C7=2 R7=3 S7=1 Y6=1 X6=1 Z6=1 C6=2 R6=3 S6=1 Y5=1 X5=1 Z5=1 C5=1 R5=3 S5=1 Y4=1 X4=1 Z4=1 C4=1 R4=3 S4=1 Y3=1 X3=1 Z3=1 C3=1 R3=3 S3=1 Y2=1 X2=1 Z2=1 C2=1 R2=3 S2=1 Y1=1 X1=1 Z1=1 C1=1 R1=3 S1=1 Y0=1 X0=1 Z0=1 C0=1 R0=7 S0=1] IntermediateRegister[P=1 Q=1 Z16=1 C16=1 R16=1 S16=1 Y15=1 X15=1 Z15=32 C15=1 R15=1 S15=1 Y14=1 X14=1 Z14=32 C14=1 R14=1 S14=1 Y13=1 X13=1 Z13=32 C13=1 R13=1 S13=1 Y12=1 X12=1 Z12=16 C12=1 R12=1 S12=1 Y11=1 X11=1 Z11=16 C11=1 R11=1 S11=1 Y10=1 X10=1 Z10=16 C10=1 R10=1 S10=1 Y9=1 X9=1 Z9=16 C9=1 R9=1 S9=1 Y8=1 X8=1 Z8=8 C8=1 R8=1 S8=1 Y7=1 X7=1 Z7=8 C7=1 R7=1 S7=1 Y6=1 X6=1 Z6=8 C6=1 R6=1 S6=1 Y5=1 X5=1 Z5=8 C5=1 R5=1 S5=1 Y4=1 X4=1 Z4=4 C4=1 R4=1 S4=1 Y3=1 X3=1 Z3=4 C3=1 R3=1 S3=1 Y2=1 X2=1 Z2=4 C2=1 R2=1 S2=1 Y1=1 X1=1 Z1=4 C1=1 R1=1 S1=1 Y0=1 X0=1 Z0=1 C0=1 R0=1 S0=1] OutRegister[P=1 Q=1 Z16=32 C16=1 R16=1 S16=1 Y15=1 X15=1 Z15=1 C15=1 R15=1 S15=1 Y14=1 X14=1 Z14=1 C14=1 R14=1 S14=1 Y13=1 X13=1 Z13=1 C13=1 R13=1 S13=1 Y12=1 X12=1 Z12=1 C12=1 R12=1 S12=1 Y11=1 X11=1 Z11=1 C11=1 R11=1 S11=1 Y10=1 X10=1 Z10=1 C10=1 R10=1 S10=1 Y9=1 X9=1 Z9=1 C9=1 R9=1 S9=1 Y8=1 X8=1 Z8=1 C8=1 R8=1 S8=1 Y7=1 X7=1 Z7=1 C7=1 R7=1 S7=1 Y6=1 X6=1 Z6=1 C6=1 R6=1 S6=1 Y5=1 X5=1 Z5=1 C5=1 R5=1 S5=1 Y4=1 X4=1 Z4=1 C4=1 R4=1 S4=1 Y3=1 X3=1 Z3=1 C3=1 R3=1 S3=1 Y2=1 X2=1 Z2=1 C2=1 R2=1 S2=1 Y1=1 X1=1 Z1=1 C1=1 R1=1 S1=1 Y0=1 X0=1 Z0=1 C0=1 R0=1 S0=1] Compute] 
resnet18_17layer_2026-02-25T17:48:12.453399,resnet18,17layer,full,17,eyeriss,thesis_arch,1056,524,128,256,32,1,False,True,,5.686e+04,3.042e+06,1.75e+05,"(5760913600, 2736486144)",0.0016443321164842928,0.3679828643798828,DRAM[P=7 Q=7 Z16=1 C16=1 R16=1 S16=1 Y15=7 X15=7 Z15=1 C15=1 R15=1 S15=1 Y14=7 X14=7 Z14=1 C14=1 R14=1 S14=1 Y13=14 X13=14 Z13=1 C13=1 R13=1 S13=1 Y12=14 X12=14 Z12=1 C12=1 R12=1 S12=1 Y11=14 X11=14 Z11=1 C11=1 R11=1 S11=1 Y10=14 X10=14 Z10=1 C10=1 R10=1 S10=1 Y9=28 X9=28 Z9=1 C9=1 R9=1 S9=1 Y8=28 X8=28 Z8=1 C8=1 R8=1 S8=1 Y7=28 X7=28 Z7=1 C7=1 R7=1 S7=1 Y6=28 X6=28 Z6=1 C6=1 R6=1 S6=1 Y5=56 X5=56 Z5=1 C5=1 R5=1 S5=1 Y4=56 X4=56 Z4=1 C4=1 R4=1 S4=1 Y3=56 X3=56 Z3=1 C3=1 R3=1 S3=1 Y2=56 X2=56 Z2=1 C2=1 R2=1 S2=1 Y1=56 X1=56 Z1=1 C1=1 R1=1 S1=1 Y0=112 X0=112 Z0=1 C0=1 R0=1 S0=1] GlobalBuffer[P=1 Q=1 Z16=1 C16=1 R16=1 S16=1 Y15=1 X15=1 Z15=1 C15=1 R15=1 S15=1 Y14=1 X14=1 Z14=1 C14=1 R14=1 S14=1 Y13=1 X13=1 Z13=1 C13=1 R13=1 S13=1 Y12=1 X12=1 Z12=1 C12=1 R12=1 S12=1 Y11=1 X11=1 Z11=1 C11=1 R11=1 S11=1 Y10=1 X10=1 Z10=1 C10=1 R10=1 S10=1 Y9=1 X9=1 Z9=1 C9=1 R9=1 S9=1 Y8=1 X8=1 Z8=1 C8=1 R8=1 S8=1 Y7=1 X7=1 Z7=1 C7=1 R7=1 S7=1 Y6=1 X6=1 Z6=1 C6=1 R6=1 S6=1 Y5=1 X5=1 Z5=1 C5=1 R5=1 S5=1 Y4=1 X4=1 Z4=1 C4=1 R4=1 S4=1 Y3=1 X3=1 Z3=1 C3=1 R3=1 S3=1 Y2=1 X2=1 Z2=1 C2=1 R2=1 S2=1 Y1=1 X1=1 Z1=1 C1=1 R1=1 S1=1 Y0=1 X0=1 Z0=1 C0=1 R0=1 S0=1] SACols[Q=1 Z16=32] SARows[S16=3 C16=64 Z16=1] SACols_15[X15=1 Z15=32] SARows_15[S15=3 C15=64 Z15=1] SACols_14[X14=1 Z14=32] SARows_14[S14=3 C14=64 Z14=1] SACols_13[X13=1 Z13=32] SARows_13[S13=3 C13=64 Z13=1] SACols_12[X12=1 Z12=32] SARows_12[S12=3 C12=64 Z12=1] SACols_11[X11=1 Z11=32] SARows_11[S11=3 C11=64 Z11=1] SACols_10[X10=1 Z10=32] SARows_10[S10=3 C10=64 Z10=1] SACols_9[X9=1 Z9=32] SARows_9[S9=3 C9=64 Z9=1] SACols_8[X8=1 Z8=32] SARows_8[S8=3 C8=64 Z8=1] SACols_7[X7=1 Z7=32] SARows_7[S7=3 C7=64 Z7=1] SACols_6[X6=1 Z6=32] SARows_6[S6=3 C6=64 Z6=1] SACols_5[X5=1 Z5=32] SARows_5[S5=3 C5=64 Z5=1] SACols_4[X4=1 Z4=32] SARows_4[S4=3 C4=64 Z4=1] SACols_3[X3=1 Z3=32] SARows_3[S3=3 C3=64 Z3=1] SACols_2[X2=1 Z2=32] SARows_2[S2=3 C2=64 Z2=1] SACols_1[X1=1 Z1=32] SARows_1[S1=3 C1=64 Z1=1] SACols_0[X0=1 Z0=32] SARows_0[S0=7 C0=3 Z0=2] InRegister[P=1 Q=1 Z16=1 C16=1 R16=1 S16=1 Y15=1 X15=1 Z15=1 C15=1 R15=1 S15=1 Y14=1 X14=1 Z14=1 C14=1 R14=1 S14=1 Y13=1 X13=1 Z13=1 C13=1 R13=1 S13=1 Y12=1 X12=1 Z12=1 C12=1 R12=1 S12=1 Y11=1 X11=1 Z11=1 C11=1 R11=1 S11=1 Y10=1 X10=1 Z10=1 C10=1 R10=1 S10=1 Y9=1 X9=1 Z9=1 C9=1 R9=1 S9=1 Y8=1 X8=1 Z8=1 C8=1 R8=1 S8=1 Y7=1 X7=1 Z7=1 C7=1 R7=1 S7=1 Y6=1 X6=1 Z6=1 C6=1 R6=1 S6=1 Y5=1 X5=1 Z5=1 C5=1 R5=1 S5=1 Y4=1 X4=1 Z4=1 C4=1 R4=1 S4=1 Y3=1 X3=1 Z3=1 C3=1 R3=1 S3=1 Y2=1 X2=1 Z2=1 C2=1 R2=1 S2=1 Y1=1 X1=1 Z1=1 C1=1 R1=1 S1=1 Y0=1 X0=1 Z0=1 C0=1 R0=1 S0=1] WRegister[P=1 Q=1 Z16=1 C16=8 R16=3 S16=1 Y15=1 X15=1 Z15=1 C15=8 R15=3 S15=1 Y14=1 X14=1 Z14=1 C14=8 R14=3 S14=1 Y13=1 X13=1 Z13=1 C13=4 R13=3 S13=1 Y12=1 X12=1 Z12=1 C12=4 R12=3 S12=1 Y11=1 X11=1 Z11=1 C11=4 R11=3 S11=1 Y10=1 X10=1 Z10=1 C10=4 R10=3 S10=1 Y9=1 X9=1 Z9=1 C9=2 R9=3 S9=1 Y8=1 X8=1 Z8=1 C8=2 R8=3 S8=1 Y7=1 X7=1 Z7=1 C7=2 R7=3 S7=1 Y6=1 X6=1 Z6=1 C6=2 R6=3 S6=1 Y5=1 X5=1 Z5=1 C5=1 R5=3 S5=1 Y4=1 X4=1 Z4=1 C4=1 R4=3 S4=1 Y3=1 X3=1 Z3=1 C3=1 R3=3 S3=1 Y2=1 X2=1 Z2=1 C2=1 R2=3 S2=1 Y1=1 X1=1 Z1=1 C1=1 R1=3 S1=1 Y0=1 X0=1 Z0=1 C0=1 R0=7 S0=1] IntermediateRegister[P=1 Q=1 Z16=1 C16=1 R16=1 S16=1 Y15=1 X15=1 Z15=16 C15=1 R15=1 S15=1 Y14=1 X14=1 Z14=16 C14=1 R14=1 S14=1 Y13=1 X13=1 Z13=16 C13=1 R13=1 S13=1 Y12=1 X12=1 Z12=8 C12=1 R12=1 S12=1 Y11=1 X11=1 Z11=8 C11=1 R11=1 S11=1 Y10=1 X10=1 Z10=8 C10=1 R10=1 S10=1 Y9=1 X9=1 Z9=8 C9=1 R9=1 S9=1 Y8=1 X8=1 Z8=4 C8=1 R8=1 S8=1 Y7=1 X7=1 Z7=4 C7=1 R7=1 S7=1 Y6=1 X6=1 Z6=4 C6=1 R6=1 S6=1 Y5=1 X5=1 Z5=4 C5=1 R5=1 S5=1 Y4=1 X4=1 Z4=2 C4=1 R4=1 S4=1 Y3=1 X3=1 Z3=2 C3=1 R3=1 S3=1 Y2=1 X2=1 Z2=2 C2=1 R2=1 S2=1 Y1=1 X1=1 Z1=2 C1=1 R1=1 S1=1 Y0=1 X0=1 Z0=1 C0=1 R0=1 S0=1] OutRegister[P=1 Q=1 Z16=16 C16=1 R16=1 S16=1 Y15=1 X15=1 Z15=1 C15=1 R15=1 S15=1 Y14=1 X14=1 Z14=1 C14=1 R14=1 S14=1 Y13=1 X13=1 Z13=1 C13=1 R13=1 S13=1 Y12=1 X12=1 Z12=1 C12=1 R12=1 S12=1 Y11=1 X11=1 Z11=1 C11=1 R11=1 S11=1 Y10=1 X10=1 Z10=1 C10=1 R10=1 S10=1 Y9=1 X9=1 Z9=1 C9=1 R9=1 S9=1 Y8=1 X8=1 Z8=1 C8=1 R8=1 S8=1 Y7=1 X7=1 Z7=1 C7=1 R7=1 S7=1 Y6=1 X6=1 Z6=1 C6=1 R6=1 S6=1 Y5=1 X5=1 Z5=1 C5=1 R5=1 S5=1 Y4=1 X4=1 Z4=1 C4=1 R4=1 S4=1 Y3=1 X3=1 Z3=1 C3=1 R3=1 S3=1 Y2=1 X2=1 Z2=1 C2=1 R2=1 S2=1 Y1=1 X1=1 Z1=1 C1=1 R1=1 S1=1 Y0=1 X0=1 Z0=1 C0=1 R0=1 S0=1] Compute] 
resnet18_17layer_2026-02-25T17:48:13.249032,resnet18,17layer,full,17,eyeriss,thesis_arch,1056,524,128,256,64,1,False,True,,5.780e+04,3.042e+06,1.78e+05,"(6237786304, 2736486144)",0.0008221660582421464,0.3367345333099365,DRAM[P=7 Q=7 Z16=1 C16=1 R16=1 S16=1 Y15=7 X15=7 Z15=1 C15=1 R15=1 S15=1 Y14=7 X14=7 Z14=1 C14=1 R14=1 S14=1 Y13=14 X13=14 Z13=1 C13=1 R13=1 S13=1 Y12=14 X12=14 Z12=1 C12=1 R12=1 S12=1 Y11=14 X11=14 Z11=1 C11=1 R11=1 S11=1 Y10=14 X10=14 Z10=1 C10=1 R10=1 S10=1 Y9=28 X9=28 Z9=1 C9=1 R9=1 S9=1 Y8=28 X8=28 Z8=1 C8=1 R8=1 S8=1 Y7=28 X7=28 Z7=1 C7=1 R7=1 S7=1 Y6=28 X6=28 Z6=1 C6=1 R6=1 S6=1 Y5=56 X5=56 Z5=1 C5=1 R5=1 S5=1 Y4=56 X4=56 Z4=1 C4=1 R4=1 S4=1 Y3=56 X3=56 Z3=1 C3=1 R3=1 S3=1 Y2=56 X2=56 Z2=1 C2=1 R2=1 S2=1 Y1=56 X1=56 Z1=1 C1=1 R1=1 S1=1 Y0=112 X0=112 Z0=1 C0=1 R0=1 S0=1] GlobalBuffer[P=1 Q=1 Z16=1 C16=1 R16=1 S16=1 Y15=1 X15=1 Z15=1 C15=1 R15=1 S15=1 Y14=1 X14=1 Z14=1 C14=1 R14=1 S14=1 Y13=1 X13=1 Z13=1 C13=1 R13=1 S13=1 Y12=1 X12=1 Z12=1 C12=1 R12=1 S12=1 Y11=1 X11=1 Z11=1 C11=1 R11=1 S11=1 Y10=1 X10=1 Z10=1 C10=1 R10=1 S10=1 Y9=1 X9=1 Z9=1 C9=1 R9=1 S9=1 Y8=1 X8=1 Z8=1 C8=1 R8=1 S8=1 Y7=1 X7=1 Z7=1 C7=1 R7=1 S7=1 Y6=1 X6=1 Z6=1 C6=1 R6=1 S6=1 Y5=1 X5=1 Z5=1 C5=1 R5=1 S5=1 Y4=1 X4=1 Z4=1 C4=1 R4=1 S4=1 Y3=1 X3=1 Z3=1 C3=1 R3=1 S3=1 Y2=1 X2=1 Z2=1 C2=1 R2=1 S2=1 Y1=1 X1=1 Z1=1 C1=1 R1=1 S1=1 Y0=1 X0=1 Z0=1 C0=1 R0=1 S0=1] SACols[Q=1 Z16=64] SARows[S16=3 C16=64 Z16=1] SACols_15[X15=1 Z15=64] SARows_15[S15=3 C15=64 Z15=1] SACols_14[X14=1 Z14=64] SARows_14[S14=3 C14=64 Z14=1] SACols_13[X13=1 Z13=64] SARows_13[S13=3 C13=64 Z13=1] SACols_12[X12=1 Z12=64] SARows_12[S12=3 C12=64 Z12=1] SACols_11[X11=1 Z11=64] SARows_11[S11=3 C11=64 Z11=1] SACols_10[X10=1 Z10=64] SARows_10[S10=3 C10=64 Z10=1] SACols_9[X9=1 Z9=64] SARows_9[S9=3 C9=64 Z9=1] SACols_8[X8=1 Z8=64] SARows_8[S8=3 C8=64 Z8=1] SACols_7[X7=1 Z7=64] SARows_7[S7=3 C7=64 Z7=1] SACols_6[X6=1 Z6=64] SARows_6[S6=3 C6=64 Z6=1] SACols_5[X5=1 Z5=64] SARows_5[S5=3 C5=64 Z5=1] SACols_4[X4=1 Z4=64] SARows_4[S4=3 C4=64 Z4=1] SACols_3[X3=1 Z3=64] SARows_3[S3=3 C3=64 Z3=1] SACols_2[X2=1 Z2=64] SARows_2[S2=3 C2=64 Z2=1] SACols_1[X1=1 Z1=64] SARows_1[S1=3 C1=64 Z1=1] SACols_0[X0=1 Z0=64] SARows_0[S0=7 C0=3 Z0=1] InRegister[P=1 Q=1 Z16=1 C16=1 R16=1 S16=1 Y15=1 X15=1 Z15=1 C15=1 R15=1 S15=1 Y14=1 X14=1 Z14=1 C14=1 R14=1 S14=1 Y13=1 X13=1 Z13=1 C13=1 R13=1 S13=1 Y12=1 X12=1 Z12=1 C12=1 R12=1 S12=1 Y11=1 X11=1 Z11=1 C11=1 R11=1 S11=1 Y10=1 X10=1 Z10=1 C10=1 R10=1 S10=1 Y9=1 X9=1 Z9=1 C9=1 R9=1 S9=1 Y8=1 X8=1 Z8=1 C8=1 R8=1 S8=1 Y7=1 X7=1 Z7=1 C7=1 R7=1 S7=1 Y6=1 X6=1 Z6=1 C6=1 R6=1 S6=1 Y5=1 X5=1 Z5=1 C5=1 R5=1 S5=1 Y4=1 X4=1 Z4=1 C4=1 R4=1 S4=1 Y3=1 X3=1 Z3=1 C3=1 R3=1 S3=1 Y2=1 X2=1 Z2=1 C2=1 R2=1 S2=1 Y1=1 X1=1 Z1=1 C1=1 R1=1 S1=1 Y0=1 X0=1 Z0=1 C0=1 R0=1 S0=1] WRegister[P=1 Q=1 Z16=1 C16=8 R16=3 S16=1 Y15=1 X15=1 Z15=1 C15=8 R15=3 S15=1 Y14=1 X14=1 Z14=1 C14=8 R14=3 S14=1 Y13=1 X13=1 Z13=1 C13=4 R13=3 S13=1 Y12=1 X12=1 Z12=1 C12=4 R12=3 S12=1 Y11=1 X11=1 Z11=1 C11=4 R11=3 S11=1 Y10=1 X10=1 Z10=1 C10=4 R10=3 S10=1 Y9=1 X9=1 Z9=1 C9=2 R9=3 S9=1 Y8=1 X8=1 Z8=1 C8=2 R8=3 S8=1 Y7=1 X7=1 Z7=1 C7=2 R7=3 S7=1 Y6=1 X6=1 Z6=1 C6=2 R6=3 S6=1 Y5=1 X5=1 Z5=1 C5=1 R5=3 S5=1 Y4=1 X4=1 Z4=1 C4=1 R4=3 S4=1 Y3=1 X3=1 Z3=1 C3=1 R3=3 S3=1 Y2=1 X2=1 Z2=1 C2=1 R2=3 S2=1 Y1=1 X1=1 Z1=1 C1=1 R1=3 S1=1 Y0=1 X0=1 Z0=1 C0=1 R0=7 S0=1] IntermediateRegister[P=1 Q=1 Z16=1 C16=1 R16=1 S16=1 Y15=1 X15=1 Z15=8 C15=1 R15=1 S15=1 Y14=1 X14=1 Z14=8 C14=1 R14=1 S14=1 Y13=1 X13=1 Z13=8 C13=1 R13=1 S13=1 Y12=1 X12=1 Z12=4 C12=1 R12=1 S12=1 Y11=1 X11=1 Z11=4 C11=1 R11=1 S11=1 Y10=1 X10=1 Z10=4 C10=1 R10=1 S10=1 Y9=1 X9=1 Z9=4 C9=1 R9=1 S9=1 Y8=1 X8=1 Z8=2 C8=1 R8=1 S8=1 Y7=1 X7=1 Z7=2 C7=1 R7=1 S7=1 Y6=1 X6=1 Z6=2 C6=1 R6=1 S6=1 Y5=1 X5=1 Z5=2 C5=1 R5=1 S5=1 Y4=1 X4=1 Z4=1 C4=1 R4=1 S4=1 Y3=1 X3=1 Z3=1 C3=1 R3=1 S3=1 Y2=1 X2=1 Z2=1 C2=1 R2=1 S2=1 Y1=1 X1=1 Z1=1 C1=1 R1=1 S1=1 Y0=1 X0=1 Z0=1 C0=1 R0=1 S0=1] OutRegister[P=1 Q=1 Z16=8 C16=1 R16=1 S16=1 Y15=1 X15=1 Z15=1 C15=1 R15=1 S15=1 Y14=1 X14=1 Z14=1 C14=1 R14=1 S14=1 Y13=1 X13=1 Z13=1 C13=1 R13=1 S13=1 Y12=1 X12=1 Z12=1 C12=1 R12=1 S12=1 Y11=1 X11=1 Z11=1 C11=1 R11=1 S11=1 Y10=1 X10=1 Z10=1 C10=1 R10=1 S10=1 Y9=1 X9=1 Z9=1 C9=1 R9=1 S9=1 Y8=1 X8=1 Z8=1 C8=1 R8=1 S8=1 Y7=1 X7=1 Z7=1 C7=1 R7=1 S7=1 Y6=1 X6=1 Z6=1 C6=1 R6=1 S6=1 Y5=1 X5=1 Z5=1 C5=1 R5=1 S5=1 Y4=1 X4=1 Z4=1 C4=1 R4=1 S4=1 Y3=1 X3=1 Z3=1 C3=1 R3=1 S3=1 Y2=1 X2=1 Z2=1 C2=1 R2=1 S2=1 Y1=1 X1=1 Z1=1 C1=1 R1=1 S1=1 Y0=1 X0=1 Z0=1 C0=1 R0=1 S0=1] Compute] 
resnet18_17layer_2026-02-25T17:48:13.973335,resnet18,17layer,full,17,eyeriss,thesis_arch,1056,524,128,512,4,1,False,False,"Ill-posed constraints:
CONSTRAINTS VIOLATION: Arch: Eyeriss_Constrained_17L_tile1_4x512 -> Level: WRegister: memory footprint: 7159 VS memory available: 4000
CONSTRAINTS VIOLATION: Arch: Eyeriss_Constrained_17L_tile1_4x512 -> Level: IntermediateRegister: memory footprint: 785 VS memory available: 350
CONSTRAINTS VIOLATION: Arch: Eyeriss_Constrained_17L_tile1_4x512 -> Level: OutRegister: memory footprint: 128 VS memory available: 64",0.000e+00,0.000e+00,0.00e+00,0,0.0,0.0,
resnet18_17layer_2026-02-25T17:48:14.354242,resnet18,17layer,full,17,eyeriss,thesis_arch,1056,524,128,512,16,1,False,True,,5.721e+04,3.042e+06,1.75e+05,"(5821124800, 2890626816)",0.0016443321164842928,0.3624563217163086,DRAM[P=7 Q=7 Z16=1 C16=1 R16=1 S16=1 Y15=7 X15=7 Z15=1 C15=1 R15=1 S15=1 Y14=7 X14=7 Z14=1 C14=1 R14=1 S14=1 Y13=14 X13=14 Z13=1 C13=1 R13=1 S13=1 Y12=14 X12=14 Z12=1 C12=1 R12=1 S12=1 Y11=14 X11=14 Z11=1 C11=1 R11=1 S11=1 Y10=14 X10=14 Z10=1 C10=1 R10=1 S10=1 Y9=28 X9=28 Z9=1 C9=1 R9=1 S9=1 Y8=28 X8=28 Z8=1 C8=1 R8=1 S8=1 Y7=28 X7=28 Z7=1 C7=1 R7=1 S7=1 Y6=28 X6=28 Z6=1 C6=1 R6=1 S6=1 Y5=56 X5=56 Z5=1 C5=1 R5=1 S5=1 Y4=56 X4=56 Z4=1 C4=1 R4=1 S4=1 Y3=56 X3=56 Z3=1 C3=1 R3=1 S3=1 Y2=56 X2=56 Z2=1 C2=1 R2=1 S2=1 Y1=56 X1=56 Z1=1 C1=1 R1=1 S1=1 Y0=112 X0=112 Z0=1 C0=1 R0=1 S0=1] GlobalBuffer[P=1 Q=1 Z16=1 C16=1 R16=1 S16=1 Y15=1 X15=1 Z15=1 C15=1 R15=1 S15=1 Y14=1 X14=1 Z14=1 C14=1 R14=1 S14=1 Y13=1 X13=1 Z13=1 C13=1 R13=1 S13=1 Y12=1 X12=1 Z12=1 C12=1 R12=1 S12=1 Y11=1 X11=1 Z11=1 C11=1 R11=1 S11=1 Y10=1 X10=1 Z10=1 C10=1 R10=1 S10=1 Y9=1 X9=1 Z9=1 C9=1 R9=1 S9=1 Y8=1 X8=1 Z8=1 C8=1 R8=1 S8=1 Y7=1 X7=1 Z7=1 C7=1 R7=1 S7=1 Y6=1 X6=1 Z6=1 C6=1 R6=1 S6=1 Y5=1 X5=1 Z5=1 C5=1 R5=1 S5=1 Y4=1 X4=1 Z4=1 C4=1 R4=1 S4=1 Y3=1 X3=1 Z3=1 C3=1 R3=1 S3=1 Y2=1 X2=1 Z2=1 C2=1 R2=1 S2=1 Y1=1 X1=1 Z1=1 C1=1 R1=1 S1=1 Y0=1 X0=1 Z0=1 C0=1 R0=1 S0=1] SACols[Q=1 Z16=16] SARows[S16=3 C16=128 Z16=1] SACols_15[X15=1 Z15=16] SARows_15[S15=3 C15=128 Z15=1] SACols_14[X14=1 Z14=16] SARows_14[S14=3 C14=128 Z14=1] SACols_13[X13=1 Z13=16] SARows_13[S13=3 C13=128 Z13=1] SACols_12[X12=1 Z12=16] SARows_12[S12=3 C12=128 Z12=1] SACols_11[X11=1 Z11=16] SARows_11[S11=3 C11=128 Z11=1] SACols_10[X10=1 Z10=16] SARows_10[S10=3 C10=128 Z10=1] SACols_9[X9=1 Z9=16] SARows_9[S9=3 C9=128 Z9=1] SACols_8[X8=1 Z8=16] SARows_8[S8=3 C8=128 Z8=1] SACols_7[X7=1 Z7=16] SARows_7[S7=3 C7=128 Z7=1] SACols_6[X6=1 Z6=16] SARows_6[S6=3 C6=128 Z6=1] SACols_5[X5=1 Z5=16] SARows_5[S5=3 C5=64 Z5=2] SACols_4[X4=1 Z4=16] SARows_4[S4=3 C4=64 Z4=2] SACols_3[X3=1 Z3=16] SARows_3[S3=3 C3=64 Z3=2] SACols_2[X2=1 Z2=16] SARows_2[S2=3 C2=64 Z2=2] SACols_1[X1=1 Z1=16] SARows_1[S1=3 C1=64 Z1=2] SACols_0[X0=1 Z0=16] SARows_0[S0=7 C0=3 Z0=4] InRegister[P=1 Q=1 Z16=1 C16=1 R16=1 S16=1 Y15=1 X15=1 Z15=1 C15=1 R15=1 S15=1 Y14=1 X14=1 Z14=1 C14=1 R14=1 S14=1 Y13=1 X13=1 Z13=1 C13=1 R13=1 S13=1 Y12=1 X12=1 Z12=1 C12=1 R12=1 S12=1 Y11=1 X11=1 Z11=1 C11=1 R11=1 S11=1 Y10=1 X10=1 Z10=1 C10=1 R10=1 S10=1 Y9=1 X9=1 Z9=1 C9=1 R9=1 S9=1 Y8=1 X8=1 Z8=1 C8=1 R8=1 S8=1 Y7=1 X7=1 Z7=1 C7=1 R7=1 S7=1 Y6=1 X6=1 Z6=1 C6=1 R6=1 S6=1 Y5=1 X5=1 Z5=1 C5=1 R5=1 S5=1 Y4=1 X4=1 Z4=1 C4=1 R4=1 S4=1 Y3=1 X3=1 Z3=1 C3=1 R3=1 S3=1 Y2=1 X2=1 Z2=1 C2=1 R2=1 S2=1 Y1=1 X1=1 Z1=1 C1=1 R1=1 S1=1 Y0=1 X0=1 Z0=1 C0=1 R0=1 S0=1] WRegister[P=1 Q=1 Z16=1 C16=4 R16=3 S16=1 Y15=1 X15=1 Z15=1 C15=4 R15=3 S15=1 Y14=1 X14=1 Z14=1 C14=4 R14=3 S14=1 Y13=1 X13=1 Z13=1 C13=2 R13=3 S13=1 Y12=1 X12=1 Z12=1 C12=2 R12=3 S12=1 Y11=1 X11=1 Z11=1 C11=2 R11=3 S11=1 Y10=1 X10=1 Z10=1 C10=2 R10=3 S10=1 Y9=1 X9=1 Z9=1 C9=1 R9=3 S9=1 Y8=1 X8=1 Z8=1 C8=1 R8=3 S8=1 Y7=1 X7=1 Z7=1 C7=1 R7=3 S7=1 Y6=1 X6=1 Z6=1 C6=1 R6=3 S6=1 Y5=1 X5=1 Z5=1 C5=1 R5=3 S5=1 Y4=1 X4=1 Z4=1 C4=1 R4=3 S4=1 Y3=1 X3=1 Z3=1 C3=1 R3=3 S3=1 Y2=1 X2=1 Z2=1 C2=1 R2=3 S2=1 Y1=1 X1=1 Z1=1 C1=1 R1=3 S1=1 Y0=1 X0=1 Z0=1 C0=1 R0=7 S0=1] IntermediateRegister[P=1 Q=1 Z16=1 C16=1 R16=1 S16=1 Y15=1 X15=1 Z15=32 C15=1 R15=1 S15=1 Y14=1 X14=1 Z14=32 C14=1 R14=1 S14=1 Y13=1 X13=1 Z13=32 C13=1 R13=1 S13=1 Y12=1 X12=1 Z12=16 C12=1 R12=1 S12=1 Y11=1 X11=1 Z11=16 C11=1 R11=1 S11=1 Y10=1 X10=1 Z10=16 C10=1 R10=1 S10=1 Y9=1 X9=1 Z9=16 C9=1 R9=1 S9=1 Y8=1 X8=1 Z8=8 C8=1 R8=1 S8=1 Y7=1 X7=1 Z7=8 C7=1 R7=1 S7=1 Y6=1 X6=1 Z6=8 C6=1 R6=1 S6=1 Y5=1 X5=1 Z5=4 C5=1 R5=1 S5=1 Y4=1 X4=1 Z4=2 C4=1 R4=1 S4=1 Y3=1 X3=1 Z3=2 C3=1 R3=1 S3=1 Y2=1 X2=1 Z2=2 C2=1 R2=1 S2=1 Y1=1 X1=1 Z1=2 C1=1 R1=1 S1=1 Y0=1 X0=1 Z0=1 C0=1 R0=1 S0=1] OutRegister[P=1 Q=1 Z16=32 C16=1 R16=1 S16=1 Y15=1 X15=1 Z15=1 C15=1 R15=1 S15=1 Y14=1 X14=1 Z14=1 C14=1 R14=1 S14=1 Y13=1 X13=1 Z13=1 C13=1 R13=1 S13=1 Y12=1 X12=1 Z12=1 C12=1 R12=1 S12=1 Y11=1 X11=1 Z11=1 C11=1 R11=1 S11=1 Y10=1 X10=1 Z10=1 C10=1 R10=1 S10=1 Y9=1 X9=1 Z9=1 C9=1 R9=1 S9=1 Y8=1 X8=1 Z8=1 C8=1 R8=1 S8=1 Y7=1 X7=1 Z7=1 C7=1 R7=1 S7=1 Y6=1 X6=1 Z6=1 C6=1 R6=1 S6=1 Y5=1 X5=1 Z5=1 C5=1 R5=1 S5=1 Y4=1 X4=1 Z4=1 C4=1 R4=1 S4=1 Y3=1 X3=1 Z3=1 C3=1 R3=1 S3=1 Y2=1 X2=1 Z2=1 C2=1 R2=1 S2=1 Y1=1 X1=1 Z1=1 C1=1 R1=1 S1=1 Y0=1 X0=1 Z0=1 C0=1 R0=1 S0=1] Compute] 
resnet18_17layer_2026-02-25T17:48:15.156613,resnet18,17layer,full,17,eyeriss,thesis_arch,1056,524,128,512,32,1,False,True,,5.796e+04,3.042e+06,1.79e+05,"(6204068032, 2890626816)",0.0008221660582421464,0.31108522415161133,DRAM[P=7 Q=7 Z16=1 C16=1 R16=1 S16=1 Y15=7 X15=7 Z15=1 C15=1 R15=1 S15=1 Y14=7 X14=7 Z14=1 C14=1 R14=1 S14=1 Y13=14 X13=14 Z13=1 C13=1 R13=1 S13=1 Y12=14 X12=14 Z12=1 C12=1 R12=1 S12=1 Y11=14 X11=14 Z11=1 C11=1 R11=1 S11=1 Y10=14 X10=14 Z10=1 C10=1 R10=1 S10=1 Y9=28 X9=28 Z9=1 C9=1 R9=1 S9=1 Y8=28 X8=28 Z8=1 C8=1 R8=1 S8=1 Y7=28 X7=28 Z7=1 C7=1 R7=1 S7=1 Y6=28 X6=28 Z6=1 C6=1 R6=1 S6=1 Y5=56 X5=56 Z5=1 C5=1 R5=1 S5=1 Y4=56 X4=56 Z4=1 C4=1 R4=1 S4=1 Y3=56 X3=56 Z3=1 C3=1 R3=1 S3=1 Y2=56 X2=56 Z2=1 C2=1 R2=1 S2=1 Y1=56 X1=56 Z1=1 C1=1 R1=1 S1=1 Y0=112 X0=112 Z0=1 C0=1 R0=1 S0=1] GlobalBuffer[P=1 Q=1 Z16=1 C16=1 R16=1 S16=1 Y15=1 X15=1 Z15=1 C15=1 R15=1 S15=1 Y14=1 X14=1 Z14=1 C14=1 R14=1 S14=1 Y13=1 X13=1 Z13=1 C13=1 R13=1 S13=1 Y12=1 X12=1 Z12=1 C12=1 R12=1 S12=1 Y11=1 X11=1 Z11=1 C11=1 R11=1 S11=1 Y10=1 X10=1 Z10=1 C10=1 R10=1 S10=1 Y9=1 X9=1 Z9=1 C9=1 R9=1 S9=1 Y8=1 X8=1 Z8=1 C8=1 R8=1 S8=1 Y7=1 X7=1 Z7=1 C7=1 R7=1 S7=1 Y6=1 X6=1 Z6=1 C6=1 R6=1 S6=1 Y5=1 X5=1 Z5=1 C5=1 R5=1 S5=1 Y4=1 X4=1 Z4=1 C4=1 R4=1 S4=1 Y3=1 X3=1 Z3=1 C3=1 R3=1 S3=1 Y2=1 X2=1 Z2=1 C2=1 R2=1 S2=1 Y1=1 X1=1 Z1=1 C1=1 R1=1 S1=1 Y0=1 X0=1 Z0=1 C0=1 R0=1 S0=1] SACols[Q=1 Z16=32] SARows[S16=3 C16=128 Z16=1] SACols_15[X15=1 Z15=32] SARows_15[S15=3 C15=128 Z15=1] SACols_14[X14=1 Z14=32] SARows_14[S14=3 C14=128 Z14=1] SACols_13[X13=1 Z13=32] SARows_13[S13=3 C13=128 Z13=1] SACols_12[X12=1 Z12=32] SARows_12[S12=3 C12=128 Z12=1] SACols_11[X11=1 Z11=32] SARows_11[S11=3 C11=128 Z11=1] SACols_10[X10=1 Z10=32] SARows_10[S10=3 C10=128 Z10=1] SACols_9[X9=1 Z9=32] SARows_9[S9=3 C9=128 Z9=1] SACols_8[X8=1 Z8=32] SARows_8[S8=3 C8=128 Z8=1] SACols_7[X7=1 Z7=32] SARows_7[S7=3 C7=128 Z7=1] SACols_6[X6=1 Z6=32] SARows_6[S6=3 C6=128 Z6=1] SACols_5[X5=1 Z5=32] SARows_5[S5=3 C5=64 Z5=2] SACols_4[X4=1 Z4=32] SARows_4[S4=3 C4=64 Z4=2] SACols_3[X3=1 Z3=32] SARows_3[S3=3 C3=64 Z3=2] SACols_2[X2=1 Z2=32] SARows_2[S2=3 C2=64 Z2=2] SACols_1[X1=1 Z1=32] SARows_1[S1=3 C1=64 Z1=2] SACols_0[X0=1 Z0=32] SARows_0[S0=7 C0=3 Z0=2] InRegister[P=1 Q=1 Z16=1 C16=1 R16=1 S16=1 Y15=1 X15=1 Z15=1 C15=1 R15=1 S15=1 Y14=1 X14=1 Z14=1 C14=1 R14=1 S14=1 Y13=1 X13=1 Z13=1 C13=1 R13=1 S13=1 Y12=1 X12=1 Z12=1 C12=1 R12=1 S12=1 Y11=1 X11=1 Z11=1 C11=1 R11=1 S11=1 Y10=1 X10=1 Z10=1 C10=1 R10=1 S10=1 Y9=1 X9=1 Z9=1 C9=1 R9=1 S9=1 Y8=1 X8=1 Z8=1 C8=1 R8=1 S8=1 Y7=1 X7=1 Z7=1 C7=1 R7=1 S7=1 Y6=1 X6=1 Z6=1 C6=1 R6=1 S6=1 Y5=1 X5=1 Z5=1 C5=1 R5=1 S5=1 Y4=1 X4=1 Z4=1 C4=1 R4=1 S4=1 Y3=1 X3=1 Z3=1 C3=1 R3=1 S3=1 Y2=1 X2=1 Z2=1 C2=1 R2=1 S2=1 Y1=1 X1=1 Z1=1 C1=1 R1=1 S1=1 Y0=1 X0=1 Z0=1 C0=1 R0=1 S0=1] WRegister[P=1 Q=1 Z16=1 C16=4 R16=3 S16=1 Y15=1 X15=1 Z15=1 C15=4 R15=3 S15=1 Y14=1 X14=1 Z14=1 C14=4 R14=3 S14=1 Y13=1 X13=1 Z13=1 C13=2 R13=3 S13=1 Y12=1 X12=1 Z12=1 C12=2 R12=3 S12=1 Y11=1 X11=1 Z11=1 C11=2 R11=3 S11=1 Y10=1 X10=1 Z10=1 C10=2 R10=3 S10=1 Y9=1 X9=1 Z9=1 C9=1 R9=3 S9=1 Y8=1 X8=1 Z8=1 C8=1 R8=3 S8=1 Y7=1 X7=1 Z7=1 C7=1 R7=3 S7=1 Y6=1 X6=1 Z6=1 C6=1 R6=3 S6=1 Y5=1 X5=1 Z5=1 C5=1 R5=3 S5=1 Y4=1 X4=1 Z4=1 C4=1 R4=3 S4=1 Y3=1 X3=1 Z3=1 C3=1 R3=3 S3=1 Y2=1 X2=1 Z2=1 C2=1 R2=3 S2=1 Y1=1 X1=1 Z1=1 C1=1 R1=3 S1=1 Y0=1 X0=1 Z0=1 C0=1 R0=7 S0=1] IntermediateRegister[P=1 Q=1 Z16=1 C16=1 R16=1 S16=1 Y15=1 X15=1 Z15=16 C15=1 R15=1 S15=1 Y14=1 X14=1 Z14=16 C14=1 R14=1 S14=1 Y13=1 X13=1 Z13=16 C13=1 R13=1 S13=1 Y12=1 X12=1 Z12=8 C12=1 R12=1 S12=1 Y11=1 X11=1 Z11=8 C11=1 R11=1 S11=1 Y10=1 X10=1 Z10=8 C10=1 R10=1 S10=1 Y9=1 X9=1 Z9=8 C9=1 R9=1 S9=1 Y8=1 X8=1 Z8=4 C8=1 R8=1 S8=1 Y7=1 X7=1 Z7=4 C7=1 R7=1 S7=1 Y6=1 X6=1 Z6=4 C6=1 R6=1 S6=1 Y5=1 X5=1 Z5=2 C5=1 R5=1 S5=1 Y4=1 X4=1 Z4=1 C4=1 R4=1 S4=1 Y3=1 X3=1 Z3=1 C3=1 R3=1 S3=1 Y2=1 X2=1 Z2=1 C2=1 R2=1 S2=1 Y1=1 X1=1 Z1=1 C1=1 R1=1 S1=1 Y0=1 X0=1 Z0=1 C0=1 R0=1 S0=1] OutRegister[P=1 Q=1 Z16=16 C16=1 R16=1 S16=1 Y15=1 X15=1 Z15=1 C15=1 R15=1 S15=1 Y14=1 X14=1 Z14=1 C14=1 R14=1 S14=1 Y13=1 X13=1 Z13=1 C13=1 R13=1 S13=1 Y12=1 X12=1 Z12=1 C12=1 R12=1 S12=1 Y11=1 X11=1 Z11=1 C11=1 R11=1 S11=1 Y10=1 X10=1 Z10=1 C10=1 R10=1 S10=1 Y9=1 X9=1 Z9=1 C9=1 R9=1 S9=1 Y8=1 X8=1 Z8=1 C8=1 R8=1 S8=1 Y7=1 X7=1 Z7=1 C7=1 R7=1 S7=1 Y6=1 X6=1 Z6=1 C6=1 R6=1 S6=1 Y5=1 X5=1 Z5=1 C5=1 R5=1 S5=1 Y4=1 X4=1 Z4=1 C4=1 R4=1 S4=1 Y3=1 X3=1 Z3=1 C3=1 R3=1 S3=1 Y2=1 X2=1 Z2=1 C2=1 R2=1 S2=1 Y1=1 X1=1 Z1=1 C1=1 R1=1 S1=1 Y0=1 X0=1 Z0=1 C0=1 R0=1 S0=1] Compute] 
