experiment_id,workload_name,workload_variant,fusion_level,num_fused_layers,arch_type,arch_name,fmem_size_kB,wmem_size_kB,gb_size_kB,pe_rows,pe_cols,tile_size,scale_bandwidth,success,error_message,energy_uJ,latency_cycles,edp,mops,utilization,mapping_time_s,mapping
mccnn_4layer_2026-02-25T17:40:00.937322,mccnn,4layer,full,4,eyeriss,thesis_arch,1056,524,128,4,4,69,False,False,"Ill-posed constraints:
CONSTRAINTS VIOLATION: Arch: Eyeriss_Constrained_4L_tile69_4x4 -> Level: InRegister: memory footprint: 294 VS memory available: 34
CONSTRAINTS VIOLATION: Arch: Eyeriss_Constrained_4L_tile69_4x4 -> Level: WRegister: memory footprint: 2328 VS memory available: 600
CONSTRAINTS VIOLATION: Arch: Eyeriss_Constrained_4L_tile69_4x4 -> Level: IntermediateRegister: memory footprint: 24 VS memory available: 15",0.000e+00,0.000e+00,0.00e+00,0,0.0,0.0,
mccnn_4layer_2026-02-25T17:40:01.832048,mccnn,4layer,full,4,eyeriss,thesis_arch,1056,524,128,4,8,69,False,False,"Ill-posed constraints:
CONSTRAINTS VIOLATION: Arch: Eyeriss_Constrained_4L_tile69_8x4 -> Level: InRegister: memory footprint: 294 VS memory available: 34
CONSTRAINTS VIOLATION: Arch: Eyeriss_Constrained_4L_tile69_8x4 -> Level: WRegister: memory footprint: 1164 VS memory available: 600",0.000e+00,0.000e+00,0.00e+00,0,0.0,0.0,
mccnn_4layer_2026-02-25T17:40:02.177366,mccnn,4layer,full,4,eyeriss,thesis_arch,1056,524,128,4,16,69,False,False,"Ill-posed constraints:
CONSTRAINTS VIOLATION: Arch: Eyeriss_Constrained_4L_tile69_16x4 -> Level: InRegister: memory footprint: 294 VS memory available: 34",0.000e+00,0.000e+00,0.00e+00,0,0.0,0.0,
mccnn_4layer_2026-02-25T17:40:02.739790,mccnn,4layer,full,4,eyeriss,thesis_arch,1056,524,128,4,32,69,False,False,"Ill-posed constraints:
CONSTRAINTS VIOLATION: Arch: Eyeriss_Constrained_4L_tile69_32x4 -> Level: InRegister: memory footprint: 294 VS memory available: 34",0.000e+00,0.000e+00,0.00e+00,0,0.0,0.0,
mccnn_4layer_2026-02-25T17:40:03.234010,mccnn,4layer,full,4,eyeriss,thesis_arch,1056,524,128,4,64,69,False,False,"Ill-posed constraints:
CONSTRAINTS VIOLATION: Arch: Eyeriss_Constrained_4L_tile69_64x4 -> Level: InRegister: memory footprint: 294 VS memory available: 34",0.000e+00,0.000e+00,0.00e+00,0,0.0,0.0,
mccnn_4layer_2026-02-25T17:40:03.619246,mccnn,4layer,full,4,eyeriss,thesis_arch,1056,524,128,4,69,69,False,False,"Ill-posed constraints:
CONSTRAINTS VIOLATION: Arch: Eyeriss_Constrained_4L_tile69_69x4 -> Level: InRegister: memory footprint: 294 VS memory available: 34",0.000e+00,0.000e+00,0.00e+00,0,0.0,0.0,
mccnn_4layer_2026-02-25T17:40:04.067472,mccnn,4layer,full,4,eyeriss,thesis_arch,1056,524,128,4,128,69,False,False,"Ill-posed constraints:
CONSTRAINTS VIOLATION: Arch: Eyeriss_Constrained_4L_tile69_128x4 -> Level: InRegister: memory footprint: 294 VS memory available: 34",0.000e+00,0.000e+00,0.00e+00,0,0.0,0.0,
mccnn_4layer_2026-02-25T17:40:04.495749,mccnn,4layer,full,4,eyeriss,thesis_arch,1056,524,128,4,138,69,False,False,"Ill-posed constraints:
CONSTRAINTS VIOLATION: Arch: Eyeriss_Constrained_4L_tile69_138x4 -> Level: InRegister: memory footprint: 294 VS memory available: 34",0.000e+00,0.000e+00,0.00e+00,0,0.0,0.0,
mccnn_4layer_2026-02-25T17:40:04.907061,mccnn,4layer,full,4,eyeriss,thesis_arch,1056,524,128,8,4,69,False,False,"Ill-posed constraints:
CONSTRAINTS VIOLATION: Arch: Eyeriss_Constrained_4L_tile69_4x8 -> Level: InRegister: memory footprint: 150 VS memory available: 34
CONSTRAINTS VIOLATION: Arch: Eyeriss_Constrained_4L_tile69_4x8 -> Level: WRegister: memory footprint: 1164 VS memory available: 600
CONSTRAINTS VIOLATION: Arch: Eyeriss_Constrained_4L_tile69_4x8 -> Level: IntermediateRegister: memory footprint: 20 VS memory available: 15",0.000e+00,0.000e+00,0.00e+00,0,0.0,0.0,
mccnn_4layer_2026-02-25T17:40:05.234234,mccnn,4layer,full,4,eyeriss,thesis_arch,1056,524,128,8,8,69,False,False,"Ill-posed constraints:
CONSTRAINTS VIOLATION: Arch: Eyeriss_Constrained_4L_tile69_8x8 -> Level: InRegister: memory footprint: 150 VS memory available: 34",0.000e+00,0.000e+00,0.00e+00,0,0.0,0.0,
mccnn_4layer_2026-02-25T17:40:05.671683,mccnn,4layer,full,4,eyeriss,thesis_arch,1056,524,128,8,16,69,False,False,"Ill-posed constraints:
CONSTRAINTS VIOLATION: Arch: Eyeriss_Constrained_4L_tile69_16x8 -> Level: InRegister: memory footprint: 150 VS memory available: 34",0.000e+00,0.000e+00,0.00e+00,0,0.0,0.0,
mccnn_4layer_2026-02-25T17:40:06.121522,mccnn,4layer,full,4,eyeriss,thesis_arch,1056,524,128,8,32,69,False,False,"Ill-posed constraints:
CONSTRAINTS VIOLATION: Arch: Eyeriss_Constrained_4L_tile69_32x8 -> Level: InRegister: memory footprint: 150 VS memory available: 34",0.000e+00,0.000e+00,0.00e+00,0,0.0,0.0,
mccnn_4layer_2026-02-25T17:40:06.528752,mccnn,4layer,full,4,eyeriss,thesis_arch,1056,524,128,8,64,69,False,False,"Ill-posed constraints:
CONSTRAINTS VIOLATION: Arch: Eyeriss_Constrained_4L_tile69_64x8 -> Level: InRegister: memory footprint: 150 VS memory available: 34",0.000e+00,0.000e+00,0.00e+00,0,0.0,0.0,
mccnn_4layer_2026-02-25T17:40:06.880344,mccnn,4layer,full,4,eyeriss,thesis_arch,1056,524,128,8,69,69,False,False,"Ill-posed constraints:
CONSTRAINTS VIOLATION: Arch: Eyeriss_Constrained_4L_tile69_69x8 -> Level: InRegister: memory footprint: 150 VS memory available: 34",0.000e+00,0.000e+00,0.00e+00,0,0.0,0.0,
mccnn_4layer_2026-02-25T17:40:07.146570,mccnn,4layer,full,4,eyeriss,thesis_arch,1056,524,128,8,128,69,False,False,"Ill-posed constraints:
CONSTRAINTS VIOLATION: Arch: Eyeriss_Constrained_4L_tile69_128x8 -> Level: InRegister: memory footprint: 150 VS memory available: 34",0.000e+00,0.000e+00,0.00e+00,0,0.0,0.0,
mccnn_4layer_2026-02-25T17:40:07.803474,mccnn,4layer,full,4,eyeriss,thesis_arch,1056,524,128,8,138,69,False,False,"Ill-posed constraints:
CONSTRAINTS VIOLATION: Arch: Eyeriss_Constrained_4L_tile69_138x8 -> Level: InRegister: memory footprint: 150 VS memory available: 34",0.000e+00,0.000e+00,0.00e+00,0,0.0,0.0,
mccnn_4layer_2026-02-25T17:40:08.315757,mccnn,4layer,full,4,eyeriss,thesis_arch,1056,524,128,12,4,69,False,False,"Ill-posed constraints:
CONSTRAINTS VIOLATION: Arch: Eyeriss_Constrained_4L_tile69_4x12 -> Level: InRegister: memory footprint: 78 VS memory available: 34
CONSTRAINTS VIOLATION: Arch: Eyeriss_Constrained_4L_tile69_4x12 -> Level: IntermediateRegister: memory footprint: 18 VS memory available: 15",0.000e+00,0.000e+00,0.00e+00,0,0.0,0.0,
mccnn_4layer_2026-02-25T17:40:08.805905,mccnn,4layer,full,4,eyeriss,thesis_arch,1056,524,128,12,8,69,False,False,"Ill-posed constraints:
CONSTRAINTS VIOLATION: Arch: Eyeriss_Constrained_4L_tile69_8x12 -> Level: InRegister: memory footprint: 78 VS memory available: 34",0.000e+00,0.000e+00,0.00e+00,0,0.0,0.0,
mccnn_4layer_2026-02-25T17:40:09.391722,mccnn,4layer,full,4,eyeriss,thesis_arch,1056,524,128,12,16,69,False,False,"Ill-posed constraints:
CONSTRAINTS VIOLATION: Arch: Eyeriss_Constrained_4L_tile69_16x12 -> Level: InRegister: memory footprint: 78 VS memory available: 34",0.000e+00,0.000e+00,0.00e+00,0,0.0,0.0,
mccnn_4layer_2026-02-25T17:40:09.722220,mccnn,4layer,full,4,eyeriss,thesis_arch,1056,524,128,12,32,69,False,False,"Ill-posed constraints:
CONSTRAINTS VIOLATION: Arch: Eyeriss_Constrained_4L_tile69_32x12 -> Level: InRegister: memory footprint: 78 VS memory available: 34",0.000e+00,0.000e+00,0.00e+00,0,0.0,0.0,
mccnn_4layer_2026-02-25T17:40:09.980009,mccnn,4layer,full,4,eyeriss,thesis_arch,1056,524,128,12,64,69,False,False,"Ill-posed constraints:
CONSTRAINTS VIOLATION: Arch: Eyeriss_Constrained_4L_tile69_64x12 -> Level: InRegister: memory footprint: 78 VS memory available: 34",0.000e+00,0.000e+00,0.00e+00,0,0.0,0.0,
mccnn_4layer_2026-02-25T17:40:10.291629,mccnn,4layer,full,4,eyeriss,thesis_arch,1056,524,128,12,69,69,False,False,"Ill-posed constraints:
CONSTRAINTS VIOLATION: Arch: Eyeriss_Constrained_4L_tile69_69x12 -> Level: InRegister: memory footprint: 78 VS memory available: 34",0.000e+00,0.000e+00,0.00e+00,0,0.0,0.0,
mccnn_4layer_2026-02-25T17:40:10.610829,mccnn,4layer,full,4,eyeriss,thesis_arch,1056,524,128,12,128,69,False,False,"Ill-posed constraints:
CONSTRAINTS VIOLATION: Arch: Eyeriss_Constrained_4L_tile69_128x12 -> Level: InRegister: memory footprint: 78 VS memory available: 34",0.000e+00,0.000e+00,0.00e+00,0,0.0,0.0,
mccnn_4layer_2026-02-25T17:40:10.923095,mccnn,4layer,full,4,eyeriss,thesis_arch,1056,524,128,12,138,69,False,False,"Ill-posed constraints:
CONSTRAINTS VIOLATION: Arch: Eyeriss_Constrained_4L_tile69_138x12 -> Level: InRegister: memory footprint: 78 VS memory available: 34",0.000e+00,0.000e+00,0.00e+00,0,0.0,0.0,
mccnn_4layer_2026-02-25T17:40:11.262489,mccnn,4layer,full,4,eyeriss,thesis_arch,1056,524,128,14,4,69,False,False,"Ill-posed constraints:
CONSTRAINTS VIOLATION: Arch: Eyeriss_Constrained_4L_tile69_4x14 -> Level: InRegister: memory footprint: 78 VS memory available: 34
CONSTRAINTS VIOLATION: Arch: Eyeriss_Constrained_4L_tile69_4x14 -> Level: IntermediateRegister: memory footprint: 18 VS memory available: 15",0.000e+00,0.000e+00,0.00e+00,0,0.0,0.0,
mccnn_4layer_2026-02-25T17:40:11.589263,mccnn,4layer,full,4,eyeriss,thesis_arch,1056,524,128,14,8,69,False,False,"Ill-posed constraints:
CONSTRAINTS VIOLATION: Arch: Eyeriss_Constrained_4L_tile69_8x14 -> Level: InRegister: memory footprint: 78 VS memory available: 34",0.000e+00,0.000e+00,0.00e+00,0,0.0,0.0,
mccnn_4layer_2026-02-25T17:40:11.848523,mccnn,4layer,full,4,eyeriss,thesis_arch,1056,524,128,14,16,69,False,False,"Ill-posed constraints:
CONSTRAINTS VIOLATION: Arch: Eyeriss_Constrained_4L_tile69_16x14 -> Level: InRegister: memory footprint: 78 VS memory available: 34",0.000e+00,0.000e+00,0.00e+00,0,0.0,0.0,
mccnn_4layer_2026-02-25T17:40:12.090163,mccnn,4layer,full,4,eyeriss,thesis_arch,1056,524,128,14,32,69,False,False,"Ill-posed constraints:
CONSTRAINTS VIOLATION: Arch: Eyeriss_Constrained_4L_tile69_32x14 -> Level: InRegister: memory footprint: 78 VS memory available: 34",0.000e+00,0.000e+00,0.00e+00,0,0.0,0.0,
mccnn_4layer_2026-02-25T17:40:12.400809,mccnn,4layer,full,4,eyeriss,thesis_arch,1056,524,128,14,64,69,False,False,"Ill-posed constraints:
CONSTRAINTS VIOLATION: Arch: Eyeriss_Constrained_4L_tile69_64x14 -> Level: InRegister: memory footprint: 78 VS memory available: 34",0.000e+00,0.000e+00,0.00e+00,0,0.0,0.0,
mccnn_4layer_2026-02-25T17:40:12.646505,mccnn,4layer,full,4,eyeriss,thesis_arch,1056,524,128,14,69,69,False,False,"Ill-posed constraints:
CONSTRAINTS VIOLATION: Arch: Eyeriss_Constrained_4L_tile69_69x14 -> Level: InRegister: memory footprint: 78 VS memory available: 34",0.000e+00,0.000e+00,0.00e+00,0,0.0,0.0,
mccnn_4layer_2026-02-25T17:40:12.967863,mccnn,4layer,full,4,eyeriss,thesis_arch,1056,524,128,14,128,69,False,False,"Ill-posed constraints:
CONSTRAINTS VIOLATION: Arch: Eyeriss_Constrained_4L_tile69_128x14 -> Level: InRegister: memory footprint: 78 VS memory available: 34",0.000e+00,0.000e+00,0.00e+00,0,0.0,0.0,
mccnn_4layer_2026-02-25T17:40:13.296176,mccnn,4layer,full,4,eyeriss,thesis_arch,1056,524,128,14,138,69,False,False,"Ill-posed constraints:
CONSTRAINTS VIOLATION: Arch: Eyeriss_Constrained_4L_tile69_138x14 -> Level: InRegister: memory footprint: 78 VS memory available: 34",0.000e+00,0.000e+00,0.00e+00,0,0.0,0.0,
mccnn_4layer_2026-02-25T17:40:13.619550,mccnn,4layer,full,4,eyeriss,thesis_arch,1056,524,128,16,4,69,False,False,"Ill-posed constraints:
CONSTRAINTS VIOLATION: Arch: Eyeriss_Constrained_4L_tile69_4x16 -> Level: InRegister: memory footprint: 78 VS memory available: 34
CONSTRAINTS VIOLATION: Arch: Eyeriss_Constrained_4L_tile69_4x16 -> Level: IntermediateRegister: memory footprint: 18 VS memory available: 15",0.000e+00,0.000e+00,0.00e+00,0,0.0,0.0,
mccnn_4layer_2026-02-25T17:40:13.876394,mccnn,4layer,full,4,eyeriss,thesis_arch,1056,524,128,16,8,69,False,False,"Ill-posed constraints:
CONSTRAINTS VIOLATION: Arch: Eyeriss_Constrained_4L_tile69_8x16 -> Level: InRegister: memory footprint: 78 VS memory available: 34",0.000e+00,0.000e+00,0.00e+00,0,0.0,0.0,
mccnn_4layer_2026-02-25T17:40:14.110177,mccnn,4layer,full,4,eyeriss,thesis_arch,1056,524,128,16,16,69,False,False,"Ill-posed constraints:
CONSTRAINTS VIOLATION: Arch: Eyeriss_Constrained_4L_tile69_16x16 -> Level: InRegister: memory footprint: 78 VS memory available: 34",0.000e+00,0.000e+00,0.00e+00,0,0.0,0.0,
mccnn_4layer_2026-02-25T17:40:14.440087,mccnn,4layer,full,4,eyeriss,thesis_arch,1056,524,128,16,32,69,False,False,"Ill-posed constraints:
CONSTRAINTS VIOLATION: Arch: Eyeriss_Constrained_4L_tile69_32x16 -> Level: InRegister: memory footprint: 78 VS memory available: 34",0.000e+00,0.000e+00,0.00e+00,0,0.0,0.0,
mccnn_4layer_2026-02-25T17:40:14.769429,mccnn,4layer,full,4,eyeriss,thesis_arch,1056,524,128,16,64,69,False,False,"Ill-posed constraints:
CONSTRAINTS VIOLATION: Arch: Eyeriss_Constrained_4L_tile69_64x16 -> Level: InRegister: memory footprint: 78 VS memory available: 34",0.000e+00,0.000e+00,0.00e+00,0,0.0,0.0,
mccnn_4layer_2026-02-25T17:40:15.022060,mccnn,4layer,full,4,eyeriss,thesis_arch,1056,524,128,16,69,69,False,False,"Ill-posed constraints:
CONSTRAINTS VIOLATION: Arch: Eyeriss_Constrained_4L_tile69_69x16 -> Level: InRegister: memory footprint: 78 VS memory available: 34",0.000e+00,0.000e+00,0.00e+00,0,0.0,0.0,
mccnn_4layer_2026-02-25T17:40:15.332223,mccnn,4layer,full,4,eyeriss,thesis_arch,1056,524,128,16,128,69,False,False,"Ill-posed constraints:
CONSTRAINTS VIOLATION: Arch: Eyeriss_Constrained_4L_tile69_128x16 -> Level: InRegister: memory footprint: 78 VS memory available: 34",0.000e+00,0.000e+00,0.00e+00,0,0.0,0.0,
mccnn_4layer_2026-02-25T17:40:15.596571,mccnn,4layer,full,4,eyeriss,thesis_arch,1056,524,128,16,138,69,False,False,"Ill-posed constraints:
CONSTRAINTS VIOLATION: Arch: Eyeriss_Constrained_4L_tile69_138x16 -> Level: InRegister: memory footprint: 78 VS memory available: 34",0.000e+00,0.000e+00,0.00e+00,0,0.0,0.0,
mccnn_4layer_2026-02-25T17:40:15.959549,mccnn,4layer,full,4,eyeriss,thesis_arch,1056,524,128,28,4,69,False,False,"Ill-posed constraints:
CONSTRAINTS VIOLATION: Arch: Eyeriss_Constrained_4L_tile69_4x28 -> Level: InRegister: memory footprint: 42 VS memory available: 34
CONSTRAINTS VIOLATION: Arch: Eyeriss_Constrained_4L_tile69_4x28 -> Level: IntermediateRegister: memory footprint: 17 VS memory available: 15",0.000e+00,0.000e+00,0.00e+00,0,0.0,0.0,
mccnn_4layer_2026-02-25T17:40:16.228999,mccnn,4layer,full,4,eyeriss,thesis_arch,1056,524,128,28,8,69,False,False,"Ill-posed constraints:
CONSTRAINTS VIOLATION: Arch: Eyeriss_Constrained_4L_tile69_8x28 -> Level: InRegister: memory footprint: 42 VS memory available: 34",0.000e+00,0.000e+00,0.00e+00,0,0.0,0.0,
mccnn_4layer_2026-02-25T17:40:16.556423,mccnn,4layer,full,4,eyeriss,thesis_arch,1056,524,128,28,16,69,False,False,"Ill-posed constraints:
CONSTRAINTS VIOLATION: Arch: Eyeriss_Constrained_4L_tile69_16x28 -> Level: InRegister: memory footprint: 42 VS memory available: 34",0.000e+00,0.000e+00,0.00e+00,0,0.0,0.0,
mccnn_4layer_2026-02-25T17:40:16.911601,mccnn,4layer,full,4,eyeriss,thesis_arch,1056,524,128,28,32,69,False,False,"Ill-posed constraints:
CONSTRAINTS VIOLATION: Arch: Eyeriss_Constrained_4L_tile69_32x28 -> Level: InRegister: memory footprint: 42 VS memory available: 34",0.000e+00,0.000e+00,0.00e+00,0,0.0,0.0,
mccnn_4layer_2026-02-25T17:40:17.250249,mccnn,4layer,full,4,eyeriss,thesis_arch,1056,524,128,28,64,69,False,False,"Ill-posed constraints:
CONSTRAINTS VIOLATION: Arch: Eyeriss_Constrained_4L_tile69_64x28 -> Level: InRegister: memory footprint: 42 VS memory available: 34",0.000e+00,0.000e+00,0.00e+00,0,0.0,0.0,
mccnn_4layer_2026-02-25T17:40:17.584714,mccnn,4layer,full,4,eyeriss,thesis_arch,1056,524,128,28,69,69,False,False,"Ill-posed constraints:
CONSTRAINTS VIOLATION: Arch: Eyeriss_Constrained_4L_tile69_69x28 -> Level: InRegister: memory footprint: 42 VS memory available: 34",0.000e+00,0.000e+00,0.00e+00,0,0.0,0.0,
mccnn_4layer_2026-02-25T17:40:17.954569,mccnn,4layer,full,4,eyeriss,thesis_arch,1056,524,128,28,128,69,False,False,"Ill-posed constraints:
CONSTRAINTS VIOLATION: Arch: Eyeriss_Constrained_4L_tile69_128x28 -> Level: InRegister: memory footprint: 42 VS memory available: 34",0.000e+00,0.000e+00,0.00e+00,0,0.0,0.0,
mccnn_4layer_2026-02-25T17:40:18.273645,mccnn,4layer,full,4,eyeriss,thesis_arch,1056,524,128,28,138,69,False,False,"Ill-posed constraints:
CONSTRAINTS VIOLATION: Arch: Eyeriss_Constrained_4L_tile69_138x28 -> Level: InRegister: memory footprint: 42 VS memory available: 34",0.000e+00,0.000e+00,0.00e+00,0,0.0,0.0,
mccnn_4layer_2026-02-25T17:40:18.628332,mccnn,4layer,full,4,eyeriss,thesis_arch,1056,524,128,32,4,69,False,False,"Ill-posed constraints:
CONSTRAINTS VIOLATION: Arch: Eyeriss_Constrained_4L_tile69_4x32 -> Level: InRegister: memory footprint: 42 VS memory available: 34
CONSTRAINTS VIOLATION: Arch: Eyeriss_Constrained_4L_tile69_4x32 -> Level: IntermediateRegister: memory footprint: 17 VS memory available: 15",0.000e+00,0.000e+00,0.00e+00,0,0.0,0.0,
mccnn_4layer_2026-02-25T17:40:18.972780,mccnn,4layer,full,4,eyeriss,thesis_arch,1056,524,128,32,8,69,False,False,"Ill-posed constraints:
CONSTRAINTS VIOLATION: Arch: Eyeriss_Constrained_4L_tile69_8x32 -> Level: InRegister: memory footprint: 42 VS memory available: 34",0.000e+00,0.000e+00,0.00e+00,0,0.0,0.0,
mccnn_4layer_2026-02-25T17:40:19.341110,mccnn,4layer,full,4,eyeriss,thesis_arch,1056,524,128,32,16,69,False,False,"Ill-posed constraints:
CONSTRAINTS VIOLATION: Arch: Eyeriss_Constrained_4L_tile69_16x32 -> Level: InRegister: memory footprint: 42 VS memory available: 34",0.000e+00,0.000e+00,0.00e+00,0,0.0,0.0,
mccnn_4layer_2026-02-25T17:40:19.614941,mccnn,4layer,full,4,eyeriss,thesis_arch,1056,524,128,32,32,69,False,False,"Ill-posed constraints:
CONSTRAINTS VIOLATION: Arch: Eyeriss_Constrained_4L_tile69_32x32 -> Level: InRegister: memory footprint: 42 VS memory available: 34",0.000e+00,0.000e+00,0.00e+00,0,0.0,0.0,
mccnn_4layer_2026-02-25T17:40:19.944605,mccnn,4layer,full,4,eyeriss,thesis_arch,1056,524,128,32,64,69,False,False,"Ill-posed constraints:
CONSTRAINTS VIOLATION: Arch: Eyeriss_Constrained_4L_tile69_64x32 -> Level: InRegister: memory footprint: 42 VS memory available: 34",0.000e+00,0.000e+00,0.00e+00,0,0.0,0.0,
mccnn_4layer_2026-02-25T17:40:20.206372,mccnn,4layer,full,4,eyeriss,thesis_arch,1056,524,128,32,69,69,False,False,"Ill-posed constraints:
CONSTRAINTS VIOLATION: Arch: Eyeriss_Constrained_4L_tile69_69x32 -> Level: InRegister: memory footprint: 42 VS memory available: 34",0.000e+00,0.000e+00,0.00e+00,0,0.0,0.0,
mccnn_4layer_2026-02-25T17:40:20.527715,mccnn,4layer,full,4,eyeriss,thesis_arch,1056,524,128,32,128,69,False,False,"Ill-posed constraints:
CONSTRAINTS VIOLATION: Arch: Eyeriss_Constrained_4L_tile69_128x32 -> Level: InRegister: memory footprint: 42 VS memory available: 34",0.000e+00,0.000e+00,0.00e+00,0,0.0,0.0,
mccnn_4layer_2026-02-25T17:40:20.884306,mccnn,4layer,full,4,eyeriss,thesis_arch,1056,524,128,32,138,69,False,False,"Ill-posed constraints:
CONSTRAINTS VIOLATION: Arch: Eyeriss_Constrained_4L_tile69_138x32 -> Level: InRegister: memory footprint: 42 VS memory available: 34",0.000e+00,0.000e+00,0.00e+00,0,0.0,0.0,
mccnn_4layer_2026-02-25T17:40:21.134795,mccnn,4layer,full,4,eyeriss,thesis_arch,1056,524,128,56,4,69,False,False,"Ill-posed constraints:
CONSTRAINTS VIOLATION: Arch: Eyeriss_Constrained_4L_tile69_4x56 -> Level: IntermediateRegister: memory footprint: 17 VS memory available: 15",0.000e+00,0.000e+00,0.00e+00,0,0.0,0.0,
mccnn_4layer_2026-02-25T17:40:21.429163,mccnn,4layer,full,4,eyeriss,thesis_arch,1056,524,128,56,8,69,False,True,,5.449e+04,3.502e+07,1.92e+06,"(34357563360, 14645336112)",0.13494377342773842,0.10566282272338867,DRAM[P=376 Q=18 Z3=1 C3=1 R3=1 S3=1 Y2=376 X2=18 Z2=1 C2=1 R2=1 S2=1 Y1=376 X1=18 Z1=1 C1=1 R1=1 S1=1 Y0=376 X0=18 Z0=1 C0=1 R0=1 S0=1] GlobalBuffer[P=1 Q=69 Z3=1 C3=1 R3=1 S3=1 Y2=1 X2=69 Z2=1 C2=1 R2=1 S2=1 Y1=1 X1=69 Z1=1 C1=1 R1=1 S1=1 Y0=1 X0=69 Z0=1 C0=1 R0=1 S0=1] SACols[Q=1 Z3=8] SARows[S3=3 C3=16 Z3=1] SACols_2[X2=1 Z2=8] SARows_2[S2=3 C2=16 Z2=1] SACols_1[X1=1 Z1=8] SARows_1[S1=3 C1=16 Z1=1] SACols_0[X0=1 Z0=8] SARows_0[S0=3 C0=1 Z0=4] InRegister[P=1 Q=1 Z3=1 C3=1 R3=1 S3=1 Y2=1 X2=1 Z2=1 C2=1 R2=1 S2=1 Y1=1 X1=1 Z1=1 C1=1 R1=1 S1=1 Y0=1 X0=1 Z0=1 C0=1 R0=1 S0=1] WRegister[P=1 Q=1 Z3=1 C3=2 R3=3 S3=1 Y2=1 X2=1 Z2=1 C2=2 R2=3 S2=1 Y1=1 X1=1 Z1=1 C1=2 R1=3 S1=1 Y0=1 X0=1 Z0=1 C0=1 R0=3 S0=1] IntermediateRegister[P=1 Q=1 Z3=1 C3=1 R3=1 S3=1 Y2=1 X2=1 Z2=4 C2=1 R2=1 S2=1 Y1=1 X1=1 Z1=4 C1=1 R1=1 S1=1 Y0=1 X0=1 Z0=1 C0=1 R0=1 S0=1] OutRegister[P=1 Q=1 Z3=4 C3=1 R3=1 S3=1 Y2=1 X2=1 Z2=1 C2=1 R2=1 S2=1 Y1=1 X1=1 Z1=1 C1=1 R1=1 S1=1 Y0=1 X0=1 Z0=1 C0=1 R0=1 S0=1] Compute] 
mccnn_4layer_2026-02-25T17:40:21.905005,mccnn,4layer,full,4,eyeriss,thesis_arch,1056,524,128,56,16,69,False,True,,5.526e+04,1.821e+07,1.02e+06,"(36509462496, 14645336112)",0.06747188671386921,0.07383108139038086,DRAM[P=376 Q=18 Z3=1 C3=1 R3=1 S3=1 Y2=376 X2=18 Z2=1 C2=1 R2=1 S2=1 Y1=376 X1=18 Z1=1 C1=1 R1=1 S1=1 Y0=376 X0=18 Z0=1 C0=1 R0=1 S0=1] GlobalBuffer[P=1 Q=69 Z3=1 C3=1 R3=1 S3=1 Y2=1 X2=69 Z2=1 C2=1 R2=1 S2=1 Y1=1 X1=69 Z1=1 C1=1 R1=1 S1=1 Y0=1 X0=69 Z0=1 C0=1 R0=1 S0=1] SACols[Q=1 Z3=16] SARows[S3=3 C3=16 Z3=1] SACols_2[X2=1 Z2=16] SARows_2[S2=3 C2=16 Z2=1] SACols_1[X1=1 Z1=16] SARows_1[S1=3 C1=16 Z1=1] SACols_0[X0=1 Z0=16] SARows_0[S0=3 C0=1 Z0=2] InRegister[P=1 Q=1 Z3=1 C3=1 R3=1 S3=1 Y2=1 X2=1 Z2=1 C2=1 R2=1 S2=1 Y1=1 X1=1 Z1=1 C1=1 R1=1 S1=1 Y0=1 X0=1 Z0=1 C0=1 R0=1 S0=1] WRegister[P=1 Q=1 Z3=1 C3=2 R3=3 S3=1 Y2=1 X2=1 Z2=1 C2=2 R2=3 S2=1 Y1=1 X1=1 Z1=1 C1=2 R1=3 S1=1 Y0=1 X0=1 Z0=1 C0=1 R0=3 S0=1] IntermediateRegister[P=1 Q=1 Z3=1 C3=1 R3=1 S3=1 Y2=1 X2=1 Z2=2 C2=1 R2=1 S2=1 Y1=1 X1=1 Z1=2 C1=1 R1=1 S1=1 Y0=1 X0=1 Z0=1 C0=1 R0=1 S0=1] OutRegister[P=1 Q=1 Z3=2 C3=1 R3=1 S3=1 Y2=1 X2=1 Z2=1 C2=1 R2=1 S2=1 Y1=1 X1=1 Z1=1 C1=1 R1=1 S1=1 Y0=1 X0=1 Z0=1 C0=1 R0=1 S0=1] Compute] 
mccnn_4layer_2026-02-25T17:40:22.281495,mccnn,4layer,full,4,eyeriss,thesis_arch,1056,524,128,56,32,69,False,True,,5.680e+04,1.261e+07,7.36e+05,"(40813260768, 14645336112)",0.033735943356934604,0.21389222145080566,DRAM[P=376 Q=18 Z3=1 C3=1 R3=1 S3=1 Y2=376 X2=18 Z2=1 C2=1 R2=1 S2=1 Y1=376 X1=18 Z1=1 C1=1 R1=1 S1=1 Y0=376 X0=18 Z0=1 C0=1 R0=1 S0=1] GlobalBuffer[P=1 Q=69 Z3=1 C3=1 R3=1 S3=1 Y2=1 X2=69 Z2=1 C2=1 R2=1 S2=1 Y1=1 X1=69 Z1=1 C1=1 R1=1 S1=1 Y0=1 X0=69 Z0=1 C0=1 R0=1 S0=1] SACols[Q=1 Z3=32] SARows[S3=3 C3=16 Z3=1] SACols_2[X2=1 Z2=32] SARows_2[S2=3 C2=16 Z2=1] SACols_1[X1=1 Z1=32] SARows_1[S1=3 C1=16 Z1=1] SACols_0[X0=1 Z0=32] SARows_0[S0=3 C0=1 Z0=1] InRegister[P=1 Q=1 Z3=1 C3=1 R3=1 S3=1 Y2=1 X2=1 Z2=1 C2=1 R2=1 S2=1 Y1=1 X1=1 Z1=1 C1=1 R1=1 S1=1 Y0=1 X0=1 Z0=1 C0=1 R0=1 S0=1] WRegister[P=1 Q=1 Z3=1 C3=2 R3=3 S3=1 Y2=1 X2=1 Z2=1 C2=2 R2=3 S2=1 Y1=1 X1=1 Z1=1 C1=2 R1=3 S1=1 Y0=1 X0=1 Z0=1 C0=1 R0=3 S0=1] IntermediateRegister[P=1 Q=1 Z3=1 C3=1 R3=1 S3=1 Y2=1 X2=1 Z2=1 C2=1 R2=1 S2=1 Y1=1 X1=1 Z1=1 C1=1 R1=1 S1=1 Y0=1 X0=1 Z0=1 C0=1 R0=1 S0=1] OutRegister[P=1 Q=1 Z3=1 C3=1 R3=1 S3=1 Y2=1 X2=1 Z2=1 C2=1 R2=1 S2=1 Y1=1 X1=1 Z1=1 C1=1 R1=1 S1=1 Y0=1 X0=1 Z0=1 C0=1 R0=1 S0=1] Compute] 
mccnn_4layer_2026-02-25T17:40:22.907856,mccnn,4layer,full,4,eyeriss,thesis_arch,1056,524,128,56,64,69,False,True,,5.680e+04,1.261e+07,7.36e+05,"(40813260768, 14645336112)",0.0021084964598084128,0.1129155158996582,DRAM[P=376 Q=18 Z3=1 C3=1 R3=1 S3=1 Y2=376 X2=18 Z2=1 C2=1 R2=1 S2=1 Y1=376 X1=18 Z1=1 C1=1 R1=1 S1=1 Y0=376 X0=18 Z0=1 C0=1 R0=1 S0=1] GlobalBuffer[P=1 Q=69 Z3=1 C3=1 R3=1 S3=1 Y2=1 X2=69 Z2=1 C2=1 R2=1 S2=1 Y1=1 X1=69 Z1=1 C1=1 R1=1 S1=1 Y0=1 X0=69 Z0=1 C0=1 R0=1 S0=1] SACols[Q=1 Z3=32] SARows[S3=3 C3=16 Z3=1] SACols_2[X2=1 Z2=32] SARows_2[S2=3 C2=16 Z2=1] SACols_1[X1=1 Z1=32] SARows_1[S1=3 C1=16 Z1=1] SACols_0[X0=1 Z0=32] SARows_0[S0=3 C0=1 Z0=1] InRegister[P=1 Q=1 Z3=1 C3=1 R3=1 S3=1 Y2=1 X2=1 Z2=1 C2=1 R2=1 S2=1 Y1=1 X1=1 Z1=1 C1=1 R1=1 S1=1 Y0=1 X0=1 Z0=1 C0=1 R0=1 S0=1] WRegister[P=1 Q=1 Z3=1 C3=2 R3=3 S3=1 Y2=1 X2=1 Z2=1 C2=2 R2=3 S2=1 Y1=1 X1=1 Z1=1 C1=2 R1=3 S1=1 Y0=1 X0=1 Z0=1 C0=1 R0=3 S0=1] IntermediateRegister[P=1 Q=1 Z3=1 C3=1 R3=1 S3=1 Y2=1 X2=1 Z2=1 C2=1 R2=1 S2=1 Y1=1 X1=1 Z1=1 C1=1 R1=1 S1=1 Y0=1 X0=1 Z0=1 C0=1 R0=1 S0=1] OutRegister[P=1 Q=1 Z3=1 C3=1 R3=1 S3=1 Y2=1 X2=1 Z2=1 C2=1 R2=1 S2=1 Y1=1 X1=1 Z1=1 C1=1 R1=1 S1=1 Y0=1 X0=1 Z0=1 C0=1 R0=1 S0=1] Compute] 
mccnn_4layer_2026-02-25T17:40:23.607447,mccnn,4layer,full,4,eyeriss,thesis_arch,1056,524,128,56,69,69,False,True,,5.680e+04,1.261e+07,7.36e+05,"(40813260768, 14645336112)",0.0015606172721026662,0.07115411758422852,DRAM[P=376 Q=18 Z3=1 C3=1 R3=1 S3=1 Y2=376 X2=18 Z2=1 C2=1 R2=1 S2=1 Y1=376 X1=18 Z1=1 C1=1 R1=1 S1=1 Y0=376 X0=18 Z0=1 C0=1 R0=1 S0=1] GlobalBuffer[P=1 Q=69 Z3=1 C3=1 R3=1 S3=1 Y2=1 X2=69 Z2=1 C2=1 R2=1 S2=1 Y1=1 X1=69 Z1=1 C1=1 R1=1 S1=1 Y0=1 X0=69 Z0=1 C0=1 R0=1 S0=1] SACols[Q=1 Z3=32] SARows[S3=3 C3=16 Z3=1] SACols_2[X2=1 Z2=32] SARows_2[S2=3 C2=16 Z2=1] SACols_1[X1=1 Z1=32] SARows_1[S1=3 C1=16 Z1=1] SACols_0[X0=1 Z0=32] SARows_0[S0=3 C0=1 Z0=1] InRegister[P=1 Q=1 Z3=1 C3=1 R3=1 S3=1 Y2=1 X2=1 Z2=1 C2=1 R2=1 S2=1 Y1=1 X1=1 Z1=1 C1=1 R1=1 S1=1 Y0=1 X0=1 Z0=1 C0=1 R0=1 S0=1] WRegister[P=1 Q=1 Z3=1 C3=2 R3=3 S3=1 Y2=1 X2=1 Z2=1 C2=2 R2=3 S2=1 Y1=1 X1=1 Z1=1 C1=2 R1=3 S1=1 Y0=1 X0=1 Z0=1 C0=1 R0=3 S0=1] IntermediateRegister[P=1 Q=1 Z3=1 C3=1 R3=1 S3=1 Y2=1 X2=1 Z2=1 C2=1 R2=1 S2=1 Y1=1 X1=1 Z1=1 C1=1 R1=1 S1=1 Y0=1 X0=1 Z0=1 C0=1 R0=1 S0=1] OutRegister[P=1 Q=1 Z3=1 C3=1 R3=1 S3=1 Y2=1 X2=1 Z2=1 C2=1 R2=1 S2=1 Y1=1 X1=1 Z1=1 C1=1 R1=1 S1=1 Y0=1 X0=1 Z0=1 C0=1 R0=1 S0=1] Compute] 
mccnn_4layer_2026-02-25T17:40:24.096201,mccnn,4layer,full,4,eyeriss,thesis_arch,1056,524,128,56,128,69,False,True,,5.680e+04,1.223e+07,7.13e+05,"(40813260768, 14645336112)",0.01067426332778009,0.10693097114562988,DRAM[P=376 Q=18 Z3=1 C3=1 R3=1 S3=1 Y2=376 X2=18 Z2=1 C2=1 R2=1 S2=1 Y1=376 X1=18 Z1=1 C1=1 R1=1 S1=1 Y0=376 X0=18 Z0=1 C0=1 R0=1 S0=1] GlobalBuffer[P=1 Q=23 Z3=1 C3=1 R3=1 S3=1 Y2=1 X2=23 Z2=1 C2=1 R2=1 S2=1 Y1=1 X1=23 Z1=1 C1=1 R1=1 S1=1 Y0=1 X0=23 Z0=1 C0=1 R0=1 S0=1] SACols[Q=3 Z3=32] SARows[S3=3 C3=16 Z3=1] SACols_2[X2=3 Z2=32] SARows_2[S2=3 C2=16 Z2=1] SACols_1[X1=3 Z1=32] SARows_1[S1=3 C1=16 Z1=1] SACols_0[X0=3 Z0=32] SARows_0[S0=3 C0=1 Z0=1] InRegister[P=1 Q=1 Z3=1 C3=1 R3=1 S3=1 Y2=1 X2=1 Z2=1 C2=1 R2=1 S2=1 Y1=1 X1=1 Z1=1 C1=1 R1=1 S1=1 Y0=1 X0=1 Z0=1 C0=1 R0=1 S0=1] WRegister[P=1 Q=1 Z3=1 C3=2 R3=3 S3=1 Y2=1 X2=1 Z2=1 C2=2 R2=3 S2=1 Y1=1 X1=1 Z1=1 C1=2 R1=3 S1=1 Y0=1 X0=1 Z0=1 C0=1 R0=3 S0=1] IntermediateRegister[P=1 Q=1 Z3=1 C3=1 R3=1 S3=1 Y2=1 X2=1 Z2=1 C2=1 R2=1 S2=1 Y1=1 X1=1 Z1=1 C1=1 R1=1 S1=1 Y0=1 X0=1 Z0=1 C0=1 R0=1 S0=1] OutRegister[P=1 Q=1 Z3=1 C3=1 R3=1 S3=1 Y2=1 X2=1 Z2=1 C2=1 R2=1 S2=1 Y1=1 X1=1 Z1=1 C1=1 R1=1 S1=1 Y0=1 X0=1 Z0=1 C0=1 R0=1 S0=1] Compute] 
mccnn_4layer_2026-02-25T17:40:24.518184,mccnn,4layer,full,4,eyeriss,thesis_arch,1056,524,128,56,138,69,False,True,,5.680e+04,1.223e+07,7.13e+05,"(40813260768, 14645336112)",0.007900624940019748,0.05624961853027344,DRAM[P=376 Q=18 Z3=1 C3=1 R3=1 S3=1 Y2=376 X2=18 Z2=1 C2=1 R2=1 S2=1 Y1=376 X1=18 Z1=1 C1=1 R1=1 S1=1 Y0=376 X0=18 Z0=1 C0=1 R0=1 S0=1] GlobalBuffer[P=1 Q=23 Z3=1 C3=1 R3=1 S3=1 Y2=1 X2=23 Z2=1 C2=1 R2=1 S2=1 Y1=1 X1=23 Z1=1 C1=1 R1=1 S1=1 Y0=1 X0=23 Z0=1 C0=1 R0=1 S0=1] SACols[Q=3 Z3=32] SARows[S3=3 C3=16 Z3=1] SACols_2[X2=3 Z2=32] SARows_2[S2=3 C2=16 Z2=1] SACols_1[X1=3 Z1=32] SARows_1[S1=3 C1=16 Z1=1] SACols_0[X0=3 Z0=32] SARows_0[S0=3 C0=1 Z0=1] InRegister[P=1 Q=1 Z3=1 C3=1 R3=1 S3=1 Y2=1 X2=1 Z2=1 C2=1 R2=1 S2=1 Y1=1 X1=1 Z1=1 C1=1 R1=1 S1=1 Y0=1 X0=1 Z0=1 C0=1 R0=1 S0=1] WRegister[P=1 Q=1 Z3=1 C3=2 R3=3 S3=1 Y2=1 X2=1 Z2=1 C2=2 R2=3 S2=1 Y1=1 X1=1 Z1=1 C1=2 R1=3 S1=1 Y0=1 X0=1 Z0=1 C0=1 R0=3 S0=1] IntermediateRegister[P=1 Q=1 Z3=1 C3=1 R3=1 S3=1 Y2=1 X2=1 Z2=1 C2=1 R2=1 S2=1 Y1=1 X1=1 Z1=1 C1=1 R1=1 S1=1 Y0=1 X0=1 Z0=1 C0=1 R0=1 S0=1] OutRegister[P=1 Q=1 Z3=1 C3=1 R3=1 S3=1 Y2=1 X2=1 Z2=1 C2=1 R2=1 S2=1 Y1=1 X1=1 Z1=1 C1=1 R1=1 S1=1 Y0=1 X0=1 Z0=1 C0=1 R0=1 S0=1] Compute] 
mccnn_4layer_2026-02-25T17:40:24.924841,mccnn,4layer,full,4,eyeriss,thesis_arch,1056,524,128,84,4,69,False,False,"Ill-posed constraints:
CONSTRAINTS VIOLATION: Arch: Eyeriss_Constrained_4L_tile69_4x84 -> Level: IntermediateRegister: memory footprint: 17 VS memory available: 15",0.000e+00,0.000e+00,0.00e+00,0,0.0,0.0,
mccnn_4layer_2026-02-25T17:40:25.253826,mccnn,4layer,full,4,eyeriss,thesis_arch,1056,524,128,84,8,69,False,True,,5.449e+04,3.502e+07,1.92e+06,"(34357563360, 14645336112)",0.02665556018325697,0.06086993217468262,DRAM[P=376 Q=18 Z3=1 C3=1 R3=1 S3=1 Y2=376 X2=18 Z2=1 C2=1 R2=1 S2=1 Y1=376 X1=18 Z1=1 C1=1 R1=1 S1=1 Y0=376 X0=18 Z0=1 C0=1 R0=1 S0=1] GlobalBuffer[P=1 Q=69 Z3=1 C3=1 R3=1 S3=1 Y2=1 X2=69 Z2=1 C2=1 R2=1 S2=1 Y1=1 X1=69 Z1=1 C1=1 R1=1 S1=1 Y0=1 X0=69 Z0=1 C0=1 R0=1 S0=1] SACols[Q=1 Z3=8] SARows[S3=3 C3=16 Z3=1] SACols_2[X2=1 Z2=8] SARows_2[S2=3 C2=16 Z2=1] SACols_1[X1=1 Z1=8] SARows_1[S1=3 C1=16 Z1=1] SACols_0[X0=1 Z0=8] SARows_0[S0=3 C0=1 Z0=4] InRegister[P=1 Q=1 Z3=1 C3=1 R3=1 S3=1 Y2=1 X2=1 Z2=1 C2=1 R2=1 S2=1 Y1=1 X1=1 Z1=1 C1=1 R1=1 S1=1 Y0=1 X0=1 Z0=1 C0=1 R0=1 S0=1] WRegister[P=1 Q=1 Z3=1 C3=2 R3=3 S3=1 Y2=1 X2=1 Z2=1 C2=2 R2=3 S2=1 Y1=1 X1=1 Z1=1 C1=2 R1=3 S1=1 Y0=1 X0=1 Z0=1 C0=1 R0=3 S0=1] IntermediateRegister[P=1 Q=1 Z3=1 C3=1 R3=1 S3=1 Y2=1 X2=1 Z2=4 C2=1 R2=1 S2=1 Y1=1 X1=1 Z1=4 C1=1 R1=1 S1=1 Y0=1 X0=1 Z0=1 C0=1 R0=1 S0=1] OutRegister[P=1 Q=1 Z3=4 C3=1 R3=1 S3=1 Y2=1 X2=1 Z2=1 C2=1 R2=1 S2=1 Y1=1 X1=1 Z1=1 C1=1 R1=1 S1=1 Y0=1 X0=1 Z0=1 C0=1 R0=1 S0=1] Compute] 
mccnn_4layer_2026-02-25T17:40:25.681324,mccnn,4layer,full,4,eyeriss,thesis_arch,1056,524,128,84,16,69,False,True,,5.526e+04,1.821e+07,1.02e+06,"(36509462496, 14645336112)",0.013327780091628485,0.07401585578918457,DRAM[P=376 Q=18 Z3=1 C3=1 R3=1 S3=1 Y2=376 X2=18 Z2=1 C2=1 R2=1 S2=1 Y1=376 X1=18 Z1=1 C1=1 R1=1 S1=1 Y0=376 X0=18 Z0=1 C0=1 R0=1 S0=1] GlobalBuffer[P=1 Q=69 Z3=1 C3=1 R3=1 S3=1 Y2=1 X2=69 Z2=1 C2=1 R2=1 S2=1 Y1=1 X1=69 Z1=1 C1=1 R1=1 S1=1 Y0=1 X0=69 Z0=1 C0=1 R0=1 S0=1] SACols[Q=1 Z3=16] SARows[S3=3 C3=16 Z3=1] SACols_2[X2=1 Z2=16] SARows_2[S2=3 C2=16 Z2=1] SACols_1[X1=1 Z1=16] SARows_1[S1=3 C1=16 Z1=1] SACols_0[X0=1 Z0=16] SARows_0[S0=3 C0=1 Z0=2] InRegister[P=1 Q=1 Z3=1 C3=1 R3=1 S3=1 Y2=1 X2=1 Z2=1 C2=1 R2=1 S2=1 Y1=1 X1=1 Z1=1 C1=1 R1=1 S1=1 Y0=1 X0=1 Z0=1 C0=1 R0=1 S0=1] WRegister[P=1 Q=1 Z3=1 C3=2 R3=3 S3=1 Y2=1 X2=1 Z2=1 C2=2 R2=3 S2=1 Y1=1 X1=1 Z1=1 C1=2 R1=3 S1=1 Y0=1 X0=1 Z0=1 C0=1 R0=3 S0=1] IntermediateRegister[P=1 Q=1 Z3=1 C3=1 R3=1 S3=1 Y2=1 X2=1 Z2=2 C2=1 R2=1 S2=1 Y1=1 X1=1 Z1=2 C1=1 R1=1 S1=1 Y0=1 X0=1 Z0=1 C0=1 R0=1 S0=1] OutRegister[P=1 Q=1 Z3=2 C3=1 R3=1 S3=1 Y2=1 X2=1 Z2=1 C2=1 R2=1 S2=1 Y1=1 X1=1 Z1=1 C1=1 R1=1 S1=1 Y0=1 X0=1 Z0=1 C0=1 R0=1 S0=1] Compute] 
mccnn_4layer_2026-02-25T17:40:26.125662,mccnn,4layer,full,4,eyeriss,thesis_arch,1056,524,128,84,32,69,False,True,,5.680e+04,1.261e+07,7.36e+05,"(40813260768, 14645336112)",0.006663890045814243,0.06479001045227051,DRAM[P=376 Q=18 Z3=1 C3=1 R3=1 S3=1 Y2=376 X2=18 Z2=1 C2=1 R2=1 S2=1 Y1=376 X1=18 Z1=1 C1=1 R1=1 S1=1 Y0=376 X0=18 Z0=1 C0=1 R0=1 S0=1] GlobalBuffer[P=1 Q=69 Z3=1 C3=1 R3=1 S3=1 Y2=1 X2=69 Z2=1 C2=1 R2=1 S2=1 Y1=1 X1=69 Z1=1 C1=1 R1=1 S1=1 Y0=1 X0=69 Z0=1 C0=1 R0=1 S0=1] SACols[Q=1 Z3=32] SARows[S3=3 C3=16 Z3=1] SACols_2[X2=1 Z2=32] SARows_2[S2=3 C2=16 Z2=1] SACols_1[X1=1 Z1=32] SARows_1[S1=3 C1=16 Z1=1] SACols_0[X0=1 Z0=32] SARows_0[S0=3 C0=1 Z0=1] InRegister[P=1 Q=1 Z3=1 C3=1 R3=1 S3=1 Y2=1 X2=1 Z2=1 C2=1 R2=1 S2=1 Y1=1 X1=1 Z1=1 C1=1 R1=1 S1=1 Y0=1 X0=1 Z0=1 C0=1 R0=1 S0=1] WRegister[P=1 Q=1 Z3=1 C3=2 R3=3 S3=1 Y2=1 X2=1 Z2=1 C2=2 R2=3 S2=1 Y1=1 X1=1 Z1=1 C1=2 R1=3 S1=1 Y0=1 X0=1 Z0=1 C0=1 R0=3 S0=1] IntermediateRegister[P=1 Q=1 Z3=1 C3=1 R3=1 S3=1 Y2=1 X2=1 Z2=1 C2=1 R2=1 S2=1 Y1=1 X1=1 Z1=1 C1=1 R1=1 S1=1 Y0=1 X0=1 Z0=1 C0=1 R0=1 S0=1] OutRegister[P=1 Q=1 Z3=1 C3=1 R3=1 S3=1 Y2=1 X2=1 Z2=1 C2=1 R2=1 S2=1 Y1=1 X1=1 Z1=1 C1=1 R1=1 S1=1 Y0=1 X0=1 Z0=1 C0=1 R0=1 S0=1] Compute] 
mccnn_4layer_2026-02-25T17:40:26.493444,mccnn,4layer,full,4,eyeriss,thesis_arch,1056,524,128,84,64,69,False,True,,5.680e+04,1.261e+07,7.36e+05,"(40813260768, 14645336112)",0.00041649312786339016,0.05567502975463867,DRAM[P=376 Q=18 Z3=1 C3=1 R3=1 S3=1 Y2=376 X2=18 Z2=1 C2=1 R2=1 S2=1 Y1=376 X1=18 Z1=1 C1=1 R1=1 S1=1 Y0=376 X0=18 Z0=1 C0=1 R0=1 S0=1] GlobalBuffer[P=1 Q=69 Z3=1 C3=1 R3=1 S3=1 Y2=1 X2=69 Z2=1 C2=1 R2=1 S2=1 Y1=1 X1=69 Z1=1 C1=1 R1=1 S1=1 Y0=1 X0=69 Z0=1 C0=1 R0=1 S0=1] SACols[Q=1 Z3=32] SARows[S3=3 C3=16 Z3=1] SACols_2[X2=1 Z2=32] SARows_2[S2=3 C2=16 Z2=1] SACols_1[X1=1 Z1=32] SARows_1[S1=3 C1=16 Z1=1] SACols_0[X0=1 Z0=32] SARows_0[S0=3 C0=1 Z0=1] InRegister[P=1 Q=1 Z3=1 C3=1 R3=1 S3=1 Y2=1 X2=1 Z2=1 C2=1 R2=1 S2=1 Y1=1 X1=1 Z1=1 C1=1 R1=1 S1=1 Y0=1 X0=1 Z0=1 C0=1 R0=1 S0=1] WRegister[P=1 Q=1 Z3=1 C3=2 R3=3 S3=1 Y2=1 X2=1 Z2=1 C2=2 R2=3 S2=1 Y1=1 X1=1 Z1=1 C1=2 R1=3 S1=1 Y0=1 X0=1 Z0=1 C0=1 R0=3 S0=1] IntermediateRegister[P=1 Q=1 Z3=1 C3=1 R3=1 S3=1 Y2=1 X2=1 Z2=1 C2=1 R2=1 S2=1 Y1=1 X1=1 Z1=1 C1=1 R1=1 S1=1 Y0=1 X0=1 Z0=1 C0=1 R0=1 S0=1] OutRegister[P=1 Q=1 Z3=1 C3=1 R3=1 S3=1 Y2=1 X2=1 Z2=1 C2=1 R2=1 S2=1 Y1=1 X1=1 Z1=1 C1=1 R1=1 S1=1 Y0=1 X0=1 Z0=1 C0=1 R0=1 S0=1] Compute] 
mccnn_4layer_2026-02-25T17:40:26.917408,mccnn,4layer,full,4,eyeriss,thesis_arch,1056,524,128,84,69,69,False,True,,5.680e+04,1.261e+07,7.36e+05,"(40813260768, 14645336112)",0.00030827007844003276,0.07374238967895508,DRAM[P=376 Q=18 Z3=1 C3=1 R3=1 S3=1 Y2=376 X2=18 Z2=1 C2=1 R2=1 S2=1 Y1=376 X1=18 Z1=1 C1=1 R1=1 S1=1 Y0=376 X0=18 Z0=1 C0=1 R0=1 S0=1] GlobalBuffer[P=1 Q=69 Z3=1 C3=1 R3=1 S3=1 Y2=1 X2=69 Z2=1 C2=1 R2=1 S2=1 Y1=1 X1=69 Z1=1 C1=1 R1=1 S1=1 Y0=1 X0=69 Z0=1 C0=1 R0=1 S0=1] SACols[Q=1 Z3=32] SARows[S3=3 C3=16 Z3=1] SACols_2[X2=1 Z2=32] SARows_2[S2=3 C2=16 Z2=1] SACols_1[X1=1 Z1=32] SARows_1[S1=3 C1=16 Z1=1] SACols_0[X0=1 Z0=32] SARows_0[S0=3 C0=1 Z0=1] InRegister[P=1 Q=1 Z3=1 C3=1 R3=1 S3=1 Y2=1 X2=1 Z2=1 C2=1 R2=1 S2=1 Y1=1 X1=1 Z1=1 C1=1 R1=1 S1=1 Y0=1 X0=1 Z0=1 C0=1 R0=1 S0=1] WRegister[P=1 Q=1 Z3=1 C3=2 R3=3 S3=1 Y2=1 X2=1 Z2=1 C2=2 R2=3 S2=1 Y1=1 X1=1 Z1=1 C1=2 R1=3 S1=1 Y0=1 X0=1 Z0=1 C0=1 R0=3 S0=1] IntermediateRegister[P=1 Q=1 Z3=1 C3=1 R3=1 S3=1 Y2=1 X2=1 Z2=1 C2=1 R2=1 S2=1 Y1=1 X1=1 Z1=1 C1=1 R1=1 S1=1 Y0=1 X0=1 Z0=1 C0=1 R0=1 S0=1] OutRegister[P=1 Q=1 Z3=1 C3=1 R3=1 S3=1 Y2=1 X2=1 Z2=1 C2=1 R2=1 S2=1 Y1=1 X1=1 Z1=1 C1=1 R1=1 S1=1 Y0=1 X0=1 Z0=1 C0=1 R0=1 S0=1] Compute] 
mccnn_4layer_2026-02-25T17:40:27.247291,mccnn,4layer,full,4,eyeriss,thesis_arch,1056,524,128,84,128,69,False,True,,5.680e+04,1.223e+07,7.13e+05,"(40813260768, 14645336112)",0.0021084964598084128,0.09853887557983398,DRAM[P=376 Q=18 Z3=1 C3=1 R3=1 S3=1 Y2=376 X2=18 Z2=1 C2=1 R2=1 S2=1 Y1=376 X1=18 Z1=1 C1=1 R1=1 S1=1 Y0=376 X0=18 Z0=1 C0=1 R0=1 S0=1] GlobalBuffer[P=1 Q=23 Z3=1 C3=1 R3=1 S3=1 Y2=1 X2=23 Z2=1 C2=1 R2=1 S2=1 Y1=1 X1=23 Z1=1 C1=1 R1=1 S1=1 Y0=1 X0=23 Z0=1 C0=1 R0=1 S0=1] SACols[Q=3 Z3=32] SARows[S3=3 C3=16 Z3=1] SACols_2[X2=3 Z2=32] SARows_2[S2=3 C2=16 Z2=1] SACols_1[X1=3 Z1=32] SARows_1[S1=3 C1=16 Z1=1] SACols_0[X0=3 Z0=32] SARows_0[S0=3 C0=1 Z0=1] InRegister[P=1 Q=1 Z3=1 C3=1 R3=1 S3=1 Y2=1 X2=1 Z2=1 C2=1 R2=1 S2=1 Y1=1 X1=1 Z1=1 C1=1 R1=1 S1=1 Y0=1 X0=1 Z0=1 C0=1 R0=1 S0=1] WRegister[P=1 Q=1 Z3=1 C3=2 R3=3 S3=1 Y2=1 X2=1 Z2=1 C2=2 R2=3 S2=1 Y1=1 X1=1 Z1=1 C1=2 R1=3 S1=1 Y0=1 X0=1 Z0=1 C0=1 R0=3 S0=1] IntermediateRegister[P=1 Q=1 Z3=1 C3=1 R3=1 S3=1 Y2=1 X2=1 Z2=1 C2=1 R2=1 S2=1 Y1=1 X1=1 Z1=1 C1=1 R1=1 S1=1 Y0=1 X0=1 Z0=1 C0=1 R0=1 S0=1] OutRegister[P=1 Q=1 Z3=1 C3=1 R3=1 S3=1 Y2=1 X2=1 Z2=1 C2=1 R2=1 S2=1 Y1=1 X1=1 Z1=1 C1=1 R1=1 S1=1 Y0=1 X0=1 Z0=1 C0=1 R0=1 S0=1] Compute] 
mccnn_4layer_2026-02-25T17:40:27.679766,mccnn,4layer,full,4,eyeriss,thesis_arch,1056,524,128,84,138,69,False,True,,5.680e+04,1.223e+07,7.13e+05,"(40813260768, 14645336112)",0.0015606172721026657,0.08090376853942871,DRAM[P=376 Q=18 Z3=1 C3=1 R3=1 S3=1 Y2=376 X2=18 Z2=1 C2=1 R2=1 S2=1 Y1=376 X1=18 Z1=1 C1=1 R1=1 S1=1 Y0=376 X0=18 Z0=1 C0=1 R0=1 S0=1] GlobalBuffer[P=1 Q=23 Z3=1 C3=1 R3=1 S3=1 Y2=1 X2=23 Z2=1 C2=1 R2=1 S2=1 Y1=1 X1=23 Z1=1 C1=1 R1=1 S1=1 Y0=1 X0=23 Z0=1 C0=1 R0=1 S0=1] SACols[Q=3 Z3=32] SARows[S3=3 C3=16 Z3=1] SACols_2[X2=3 Z2=32] SARows_2[S2=3 C2=16 Z2=1] SACols_1[X1=3 Z1=32] SARows_1[S1=3 C1=16 Z1=1] SACols_0[X0=3 Z0=32] SARows_0[S0=3 C0=1 Z0=1] InRegister[P=1 Q=1 Z3=1 C3=1 R3=1 S3=1 Y2=1 X2=1 Z2=1 C2=1 R2=1 S2=1 Y1=1 X1=1 Z1=1 C1=1 R1=1 S1=1 Y0=1 X0=1 Z0=1 C0=1 R0=1 S0=1] WRegister[P=1 Q=1 Z3=1 C3=2 R3=3 S3=1 Y2=1 X2=1 Z2=1 C2=2 R2=3 S2=1 Y1=1 X1=1 Z1=1 C1=2 R1=3 S1=1 Y0=1 X0=1 Z0=1 C0=1 R0=3 S0=1] IntermediateRegister[P=1 Q=1 Z3=1 C3=1 R3=1 S3=1 Y2=1 X2=1 Z2=1 C2=1 R2=1 S2=1 Y1=1 X1=1 Z1=1 C1=1 R1=1 S1=1 Y0=1 X0=1 Z0=1 C0=1 R0=1 S0=1] OutRegister[P=1 Q=1 Z3=1 C3=1 R3=1 S3=1 Y2=1 X2=1 Z2=1 C2=1 R2=1 S2=1 Y1=1 X1=1 Z1=1 C1=1 R1=1 S1=1 Y0=1 X0=1 Z0=1 C0=1 R0=1 S0=1] Compute] 
mccnn_4layer_2026-02-25T17:40:28.123548,mccnn,4layer,full,4,eyeriss,thesis_arch,1056,524,128,4,4,69,False,False,"Ill-posed constraints:
CONSTRAINTS VIOLATION: Arch: Eyeriss_Constrained_4L_tile69_4x4 -> Level: InRegister: memory footprint: 294 VS memory available: 34
CONSTRAINTS VIOLATION: Arch: Eyeriss_Constrained_4L_tile69_4x4 -> Level: WRegister: memory footprint: 2328 VS memory available: 600",0.000e+00,0.000e+00,0.00e+00,0,0.0,0.0,
mccnn_4layer_2026-02-25T17:40:28.448486,mccnn,4layer,full,4,eyeriss,thesis_arch,1056,524,128,4,8,69,False,False,"Ill-posed constraints:
CONSTRAINTS VIOLATION: Arch: Eyeriss_Constrained_4L_tile69_8x4 -> Level: InRegister: memory footprint: 294 VS memory available: 34
CONSTRAINTS VIOLATION: Arch: Eyeriss_Constrained_4L_tile69_8x4 -> Level: WRegister: memory footprint: 1164 VS memory available: 600",0.000e+00,0.000e+00,0.00e+00,0,0.0,0.0,
mccnn_4layer_2026-02-25T17:40:28.744424,mccnn,4layer,full,4,eyeriss,thesis_arch,1056,524,128,4,16,69,False,False,"Ill-posed constraints:
CONSTRAINTS VIOLATION: Arch: Eyeriss_Constrained_4L_tile69_16x4 -> Level: InRegister: memory footprint: 294 VS memory available: 34",0.000e+00,0.000e+00,0.00e+00,0,0.0,0.0,
mccnn_4layer_2026-02-25T17:40:29.078979,mccnn,4layer,full,4,eyeriss,thesis_arch,1056,524,128,4,32,69,False,False,"Ill-posed constraints:
CONSTRAINTS VIOLATION: Arch: Eyeriss_Constrained_4L_tile69_32x4 -> Level: InRegister: memory footprint: 294 VS memory available: 34",0.000e+00,0.000e+00,0.00e+00,0,0.0,0.0,
mccnn_4layer_2026-02-25T17:40:29.320641,mccnn,4layer,full,4,eyeriss,thesis_arch,1056,524,128,4,64,69,False,False,"Ill-posed constraints:
CONSTRAINTS VIOLATION: Arch: Eyeriss_Constrained_4L_tile69_64x4 -> Level: InRegister: memory footprint: 294 VS memory available: 34",0.000e+00,0.000e+00,0.00e+00,0,0.0,0.0,
mccnn_4layer_2026-02-25T17:40:29.574684,mccnn,4layer,full,4,eyeriss,thesis_arch,1056,524,128,4,69,69,False,False,"Ill-posed constraints:
CONSTRAINTS VIOLATION: Arch: Eyeriss_Constrained_4L_tile69_69x4 -> Level: InRegister: memory footprint: 294 VS memory available: 34",0.000e+00,0.000e+00,0.00e+00,0,0.0,0.0,
mccnn_4layer_2026-02-25T17:40:29.907847,mccnn,4layer,full,4,eyeriss,thesis_arch,1056,524,128,4,128,69,False,False,"Ill-posed constraints:
CONSTRAINTS VIOLATION: Arch: Eyeriss_Constrained_4L_tile69_128x4 -> Level: InRegister: memory footprint: 294 VS memory available: 34",0.000e+00,0.000e+00,0.00e+00,0,0.0,0.0,
mccnn_4layer_2026-02-25T17:40:30.221937,mccnn,4layer,full,4,eyeriss,thesis_arch,1056,524,128,4,138,69,False,False,"Ill-posed constraints:
CONSTRAINTS VIOLATION: Arch: Eyeriss_Constrained_4L_tile69_138x4 -> Level: InRegister: memory footprint: 294 VS memory available: 34",0.000e+00,0.000e+00,0.00e+00,0,0.0,0.0,
mccnn_4layer_2026-02-25T17:40:30.575536,mccnn,4layer,full,4,eyeriss,thesis_arch,1056,524,128,8,4,69,False,False,"Ill-posed constraints:
CONSTRAINTS VIOLATION: Arch: Eyeriss_Constrained_4L_tile69_4x8 -> Level: InRegister: memory footprint: 150 VS memory available: 34
CONSTRAINTS VIOLATION: Arch: Eyeriss_Constrained_4L_tile69_4x8 -> Level: WRegister: memory footprint: 1164 VS memory available: 600",0.000e+00,0.000e+00,0.00e+00,0,0.0,0.0,
mccnn_4layer_2026-02-25T17:40:30.888941,mccnn,4layer,full,4,eyeriss,thesis_arch,1056,524,128,8,8,69,False,False,"Ill-posed constraints:
CONSTRAINTS VIOLATION: Arch: Eyeriss_Constrained_4L_tile69_8x8 -> Level: InRegister: memory footprint: 150 VS memory available: 34",0.000e+00,0.000e+00,0.00e+00,0,0.0,0.0,
mccnn_4layer_2026-02-25T17:40:31.127182,mccnn,4layer,full,4,eyeriss,thesis_arch,1056,524,128,8,16,69,False,False,"Ill-posed constraints:
CONSTRAINTS VIOLATION: Arch: Eyeriss_Constrained_4L_tile69_16x8 -> Level: InRegister: memory footprint: 150 VS memory available: 34",0.000e+00,0.000e+00,0.00e+00,0,0.0,0.0,
mccnn_4layer_2026-02-25T17:40:31.398343,mccnn,4layer,full,4,eyeriss,thesis_arch,1056,524,128,8,32,69,False,False,"Ill-posed constraints:
CONSTRAINTS VIOLATION: Arch: Eyeriss_Constrained_4L_tile69_32x8 -> Level: InRegister: memory footprint: 150 VS memory available: 34",0.000e+00,0.000e+00,0.00e+00,0,0.0,0.0,
mccnn_4layer_2026-02-25T17:40:31.717337,mccnn,4layer,full,4,eyeriss,thesis_arch,1056,524,128,8,64,69,False,False,"Ill-posed constraints:
CONSTRAINTS VIOLATION: Arch: Eyeriss_Constrained_4L_tile69_64x8 -> Level: InRegister: memory footprint: 150 VS memory available: 34",0.000e+00,0.000e+00,0.00e+00,0,0.0,0.0,
mccnn_4layer_2026-02-25T17:40:32.064515,mccnn,4layer,full,4,eyeriss,thesis_arch,1056,524,128,8,69,69,False,False,"Ill-posed constraints:
CONSTRAINTS VIOLATION: Arch: Eyeriss_Constrained_4L_tile69_69x8 -> Level: InRegister: memory footprint: 150 VS memory available: 34",0.000e+00,0.000e+00,0.00e+00,0,0.0,0.0,
mccnn_4layer_2026-02-25T17:40:32.406540,mccnn,4layer,full,4,eyeriss,thesis_arch,1056,524,128,8,128,69,False,False,"Ill-posed constraints:
CONSTRAINTS VIOLATION: Arch: Eyeriss_Constrained_4L_tile69_128x8 -> Level: InRegister: memory footprint: 150 VS memory available: 34",0.000e+00,0.000e+00,0.00e+00,0,0.0,0.0,
mccnn_4layer_2026-02-25T17:40:32.758079,mccnn,4layer,full,4,eyeriss,thesis_arch,1056,524,128,8,138,69,False,False,"Ill-posed constraints:
CONSTRAINTS VIOLATION: Arch: Eyeriss_Constrained_4L_tile69_138x8 -> Level: InRegister: memory footprint: 150 VS memory available: 34",0.000e+00,0.000e+00,0.00e+00,0,0.0,0.0,
mccnn_4layer_2026-02-25T17:40:33.205598,mccnn,4layer,full,4,eyeriss,thesis_arch,1056,524,128,12,4,69,False,False,"Ill-posed constraints:
CONSTRAINTS VIOLATION: Arch: Eyeriss_Constrained_4L_tile69_4x12 -> Level: InRegister: memory footprint: 78 VS memory available: 34",0.000e+00,0.000e+00,0.00e+00,0,0.0,0.0,
mccnn_4layer_2026-02-25T17:40:33.529563,mccnn,4layer,full,4,eyeriss,thesis_arch,1056,524,128,12,8,69,False,False,"Ill-posed constraints:
CONSTRAINTS VIOLATION: Arch: Eyeriss_Constrained_4L_tile69_8x12 -> Level: InRegister: memory footprint: 78 VS memory available: 34",0.000e+00,0.000e+00,0.00e+00,0,0.0,0.0,
mccnn_4layer_2026-02-25T17:40:33.810303,mccnn,4layer,full,4,eyeriss,thesis_arch,1056,524,128,12,16,69,False,False,"Ill-posed constraints:
CONSTRAINTS VIOLATION: Arch: Eyeriss_Constrained_4L_tile69_16x12 -> Level: InRegister: memory footprint: 78 VS memory available: 34",0.000e+00,0.000e+00,0.00e+00,0,0.0,0.0,
mccnn_4layer_2026-02-25T17:40:34.062338,mccnn,4layer,full,4,eyeriss,thesis_arch,1056,524,128,12,32,69,False,False,"Ill-posed constraints:
CONSTRAINTS VIOLATION: Arch: Eyeriss_Constrained_4L_tile69_32x12 -> Level: InRegister: memory footprint: 78 VS memory available: 34",0.000e+00,0.000e+00,0.00e+00,0,0.0,0.0,
mccnn_4layer_2026-02-25T17:40:34.388279,mccnn,4layer,full,4,eyeriss,thesis_arch,1056,524,128,12,64,69,False,False,"Ill-posed constraints:
CONSTRAINTS VIOLATION: Arch: Eyeriss_Constrained_4L_tile69_64x12 -> Level: InRegister: memory footprint: 78 VS memory available: 34",0.000e+00,0.000e+00,0.00e+00,0,0.0,0.0,
mccnn_4layer_2026-02-25T17:40:34.706648,mccnn,4layer,full,4,eyeriss,thesis_arch,1056,524,128,12,69,69,False,False,"Ill-posed constraints:
CONSTRAINTS VIOLATION: Arch: Eyeriss_Constrained_4L_tile69_69x12 -> Level: InRegister: memory footprint: 78 VS memory available: 34",0.000e+00,0.000e+00,0.00e+00,0,0.0,0.0,
mccnn_4layer_2026-02-25T17:40:34.948620,mccnn,4layer,full,4,eyeriss,thesis_arch,1056,524,128,12,128,69,False,False,"Ill-posed constraints:
CONSTRAINTS VIOLATION: Arch: Eyeriss_Constrained_4L_tile69_128x12 -> Level: InRegister: memory footprint: 78 VS memory available: 34",0.000e+00,0.000e+00,0.00e+00,0,0.0,0.0,
mccnn_4layer_2026-02-25T17:40:35.232904,mccnn,4layer,full,4,eyeriss,thesis_arch,1056,524,128,12,138,69,False,False,"Ill-posed constraints:
CONSTRAINTS VIOLATION: Arch: Eyeriss_Constrained_4L_tile69_138x12 -> Level: InRegister: memory footprint: 78 VS memory available: 34",0.000e+00,0.000e+00,0.00e+00,0,0.0,0.0,
mccnn_4layer_2026-02-25T17:40:35.531720,mccnn,4layer,full,4,eyeriss,thesis_arch,1056,524,128,14,4,69,False,False,"Ill-posed constraints:
CONSTRAINTS VIOLATION: Arch: Eyeriss_Constrained_4L_tile69_4x14 -> Level: InRegister: memory footprint: 78 VS memory available: 34",0.000e+00,0.000e+00,0.00e+00,0,0.0,0.0,
mccnn_4layer_2026-02-25T17:40:35.810614,mccnn,4layer,full,4,eyeriss,thesis_arch,1056,524,128,14,8,69,False,False,"Ill-posed constraints:
CONSTRAINTS VIOLATION: Arch: Eyeriss_Constrained_4L_tile69_8x14 -> Level: InRegister: memory footprint: 78 VS memory available: 34",0.000e+00,0.000e+00,0.00e+00,0,0.0,0.0,
mccnn_4layer_2026-02-25T17:40:36.044393,mccnn,4layer,full,4,eyeriss,thesis_arch,1056,524,128,14,16,69,False,False,"Ill-posed constraints:
CONSTRAINTS VIOLATION: Arch: Eyeriss_Constrained_4L_tile69_16x14 -> Level: InRegister: memory footprint: 78 VS memory available: 34",0.000e+00,0.000e+00,0.00e+00,0,0.0,0.0,
mccnn_4layer_2026-02-25T17:40:36.353583,mccnn,4layer,full,4,eyeriss,thesis_arch,1056,524,128,14,32,69,False,False,"Ill-posed constraints:
CONSTRAINTS VIOLATION: Arch: Eyeriss_Constrained_4L_tile69_32x14 -> Level: InRegister: memory footprint: 78 VS memory available: 34",0.000e+00,0.000e+00,0.00e+00,0,0.0,0.0,
mccnn_4layer_2026-02-25T17:40:36.705361,mccnn,4layer,full,4,eyeriss,thesis_arch,1056,524,128,14,64,69,False,False,"Ill-posed constraints:
CONSTRAINTS VIOLATION: Arch: Eyeriss_Constrained_4L_tile69_64x14 -> Level: InRegister: memory footprint: 78 VS memory available: 34",0.000e+00,0.000e+00,0.00e+00,0,0.0,0.0,
mccnn_4layer_2026-02-25T17:40:37.042249,mccnn,4layer,full,4,eyeriss,thesis_arch,1056,524,128,14,69,69,False,False,"Ill-posed constraints:
CONSTRAINTS VIOLATION: Arch: Eyeriss_Constrained_4L_tile69_69x14 -> Level: InRegister: memory footprint: 78 VS memory available: 34",0.000e+00,0.000e+00,0.00e+00,0,0.0,0.0,
mccnn_4layer_2026-02-25T17:40:37.297575,mccnn,4layer,full,4,eyeriss,thesis_arch,1056,524,128,14,128,69,False,False,"Ill-posed constraints:
CONSTRAINTS VIOLATION: Arch: Eyeriss_Constrained_4L_tile69_128x14 -> Level: InRegister: memory footprint: 78 VS memory available: 34",0.000e+00,0.000e+00,0.00e+00,0,0.0,0.0,
mccnn_4layer_2026-02-25T17:40:37.567350,mccnn,4layer,full,4,eyeriss,thesis_arch,1056,524,128,14,138,69,False,False,"Ill-posed constraints:
CONSTRAINTS VIOLATION: Arch: Eyeriss_Constrained_4L_tile69_138x14 -> Level: InRegister: memory footprint: 78 VS memory available: 34",0.000e+00,0.000e+00,0.00e+00,0,0.0,0.0,
mccnn_4layer_2026-02-25T17:40:37.839861,mccnn,4layer,full,4,eyeriss,thesis_arch,1056,524,128,16,4,69,False,False,"Ill-posed constraints:
CONSTRAINTS VIOLATION: Arch: Eyeriss_Constrained_4L_tile69_4x16 -> Level: InRegister: memory footprint: 78 VS memory available: 34",0.000e+00,0.000e+00,0.00e+00,0,0.0,0.0,
mccnn_4layer_2026-02-25T17:40:38.153710,mccnn,4layer,full,4,eyeriss,thesis_arch,1056,524,128,16,8,69,False,False,"Ill-posed constraints:
CONSTRAINTS VIOLATION: Arch: Eyeriss_Constrained_4L_tile69_8x16 -> Level: InRegister: memory footprint: 78 VS memory available: 34",0.000e+00,0.000e+00,0.00e+00,0,0.0,0.0,
mccnn_4layer_2026-02-25T17:40:38.470872,mccnn,4layer,full,4,eyeriss,thesis_arch,1056,524,128,16,16,69,False,False,"Ill-posed constraints:
CONSTRAINTS VIOLATION: Arch: Eyeriss_Constrained_4L_tile69_16x16 -> Level: InRegister: memory footprint: 78 VS memory available: 34",0.000e+00,0.000e+00,0.00e+00,0,0.0,0.0,
mccnn_4layer_2026-02-25T17:40:38.812128,mccnn,4layer,full,4,eyeriss,thesis_arch,1056,524,128,16,32,69,False,False,"Ill-posed constraints:
CONSTRAINTS VIOLATION: Arch: Eyeriss_Constrained_4L_tile69_32x16 -> Level: InRegister: memory footprint: 78 VS memory available: 34",0.000e+00,0.000e+00,0.00e+00,0,0.0,0.0,
mccnn_4layer_2026-02-25T17:40:39.052895,mccnn,4layer,full,4,eyeriss,thesis_arch,1056,524,128,16,64,69,False,False,"Ill-posed constraints:
CONSTRAINTS VIOLATION: Arch: Eyeriss_Constrained_4L_tile69_64x16 -> Level: InRegister: memory footprint: 78 VS memory available: 34",0.000e+00,0.000e+00,0.00e+00,0,0.0,0.0,
mccnn_4layer_2026-02-25T17:40:39.380810,mccnn,4layer,full,4,eyeriss,thesis_arch,1056,524,128,16,69,69,False,False,"Ill-posed constraints:
CONSTRAINTS VIOLATION: Arch: Eyeriss_Constrained_4L_tile69_69x16 -> Level: InRegister: memory footprint: 78 VS memory available: 34",0.000e+00,0.000e+00,0.00e+00,0,0.0,0.0,
mccnn_4layer_2026-02-25T17:40:39.754319,mccnn,4layer,full,4,eyeriss,thesis_arch,1056,524,128,16,128,69,False,False,"Ill-posed constraints:
CONSTRAINTS VIOLATION: Arch: Eyeriss_Constrained_4L_tile69_128x16 -> Level: InRegister: memory footprint: 78 VS memory available: 34",0.000e+00,0.000e+00,0.00e+00,0,0.0,0.0,
mccnn_4layer_2026-02-25T17:40:40.119702,mccnn,4layer,full,4,eyeriss,thesis_arch,1056,524,128,16,138,69,False,False,"Ill-posed constraints:
CONSTRAINTS VIOLATION: Arch: Eyeriss_Constrained_4L_tile69_138x16 -> Level: InRegister: memory footprint: 78 VS memory available: 34",0.000e+00,0.000e+00,0.00e+00,0,0.0,0.0,
mccnn_4layer_2026-02-25T17:40:40.372508,mccnn,4layer,full,4,eyeriss,thesis_arch,1056,524,128,28,4,69,False,False,"Ill-posed constraints:
CONSTRAINTS VIOLATION: Arch: Eyeriss_Constrained_4L_tile69_4x28 -> Level: InRegister: memory footprint: 42 VS memory available: 34",0.000e+00,0.000e+00,0.00e+00,0,0.0,0.0,
mccnn_4layer_2026-02-25T17:40:40.725230,mccnn,4layer,full,4,eyeriss,thesis_arch,1056,524,128,28,8,69,False,False,"Ill-posed constraints:
CONSTRAINTS VIOLATION: Arch: Eyeriss_Constrained_4L_tile69_8x28 -> Level: InRegister: memory footprint: 42 VS memory available: 34",0.000e+00,0.000e+00,0.00e+00,0,0.0,0.0,
mccnn_4layer_2026-02-25T17:40:41.052846,mccnn,4layer,full,4,eyeriss,thesis_arch,1056,524,128,28,16,69,False,False,"Ill-posed constraints:
CONSTRAINTS VIOLATION: Arch: Eyeriss_Constrained_4L_tile69_16x28 -> Level: InRegister: memory footprint: 42 VS memory available: 34",0.000e+00,0.000e+00,0.00e+00,0,0.0,0.0,
mccnn_4layer_2026-02-25T17:40:41.425666,mccnn,4layer,full,4,eyeriss,thesis_arch,1056,524,128,28,32,69,False,False,"Ill-posed constraints:
CONSTRAINTS VIOLATION: Arch: Eyeriss_Constrained_4L_tile69_32x28 -> Level: InRegister: memory footprint: 42 VS memory available: 34",0.000e+00,0.000e+00,0.00e+00,0,0.0,0.0,
mccnn_4layer_2026-02-25T17:40:41.668246,mccnn,4layer,full,4,eyeriss,thesis_arch,1056,524,128,28,64,69,False,False,"Ill-posed constraints:
CONSTRAINTS VIOLATION: Arch: Eyeriss_Constrained_4L_tile69_64x28 -> Level: InRegister: memory footprint: 42 VS memory available: 34",0.000e+00,0.000e+00,0.00e+00,0,0.0,0.0,
mccnn_4layer_2026-02-25T17:40:42.007522,mccnn,4layer,full,4,eyeriss,thesis_arch,1056,524,128,28,69,69,False,False,"Ill-posed constraints:
CONSTRAINTS VIOLATION: Arch: Eyeriss_Constrained_4L_tile69_69x28 -> Level: InRegister: memory footprint: 42 VS memory available: 34",0.000e+00,0.000e+00,0.00e+00,0,0.0,0.0,
mccnn_4layer_2026-02-25T17:40:42.249966,mccnn,4layer,full,4,eyeriss,thesis_arch,1056,524,128,28,128,69,False,False,"Ill-posed constraints:
CONSTRAINTS VIOLATION: Arch: Eyeriss_Constrained_4L_tile69_128x28 -> Level: InRegister: memory footprint: 42 VS memory available: 34",0.000e+00,0.000e+00,0.00e+00,0,0.0,0.0,
mccnn_4layer_2026-02-25T17:40:42.488504,mccnn,4layer,full,4,eyeriss,thesis_arch,1056,524,128,28,138,69,False,False,"Ill-posed constraints:
CONSTRAINTS VIOLATION: Arch: Eyeriss_Constrained_4L_tile69_138x28 -> Level: InRegister: memory footprint: 42 VS memory available: 34",0.000e+00,0.000e+00,0.00e+00,0,0.0,0.0,
mccnn_4layer_2026-02-25T17:40:42.795541,mccnn,4layer,full,4,eyeriss,thesis_arch,1056,524,128,32,4,69,False,False,"Ill-posed constraints:
CONSTRAINTS VIOLATION: Arch: Eyeriss_Constrained_4L_tile69_4x32 -> Level: InRegister: memory footprint: 42 VS memory available: 34",0.000e+00,0.000e+00,0.00e+00,0,0.0,0.0,
mccnn_4layer_2026-02-25T17:40:43.149153,mccnn,4layer,full,4,eyeriss,thesis_arch,1056,524,128,32,8,69,False,False,"Ill-posed constraints:
CONSTRAINTS VIOLATION: Arch: Eyeriss_Constrained_4L_tile69_8x32 -> Level: InRegister: memory footprint: 42 VS memory available: 34",0.000e+00,0.000e+00,0.00e+00,0,0.0,0.0,
mccnn_4layer_2026-02-25T17:40:43.476370,mccnn,4layer,full,4,eyeriss,thesis_arch,1056,524,128,32,16,69,False,False,"Ill-posed constraints:
CONSTRAINTS VIOLATION: Arch: Eyeriss_Constrained_4L_tile69_16x32 -> Level: InRegister: memory footprint: 42 VS memory available: 34",0.000e+00,0.000e+00,0.00e+00,0,0.0,0.0,
mccnn_4layer_2026-02-25T17:40:43.800553,mccnn,4layer,full,4,eyeriss,thesis_arch,1056,524,128,32,32,69,False,False,"Ill-posed constraints:
CONSTRAINTS VIOLATION: Arch: Eyeriss_Constrained_4L_tile69_32x32 -> Level: InRegister: memory footprint: 42 VS memory available: 34",0.000e+00,0.000e+00,0.00e+00,0,0.0,0.0,
mccnn_4layer_2026-02-25T17:40:44.068362,mccnn,4layer,full,4,eyeriss,thesis_arch,1056,524,128,32,64,69,False,False,"Ill-posed constraints:
CONSTRAINTS VIOLATION: Arch: Eyeriss_Constrained_4L_tile69_64x32 -> Level: InRegister: memory footprint: 42 VS memory available: 34",0.000e+00,0.000e+00,0.00e+00,0,0.0,0.0,
mccnn_4layer_2026-02-25T17:40:44.413902,mccnn,4layer,full,4,eyeriss,thesis_arch,1056,524,128,32,69,69,False,False,"Ill-posed constraints:
CONSTRAINTS VIOLATION: Arch: Eyeriss_Constrained_4L_tile69_69x32 -> Level: InRegister: memory footprint: 42 VS memory available: 34",0.000e+00,0.000e+00,0.00e+00,0,0.0,0.0,
mccnn_4layer_2026-02-25T17:40:44.773040,mccnn,4layer,full,4,eyeriss,thesis_arch,1056,524,128,32,128,69,False,False,"Ill-posed constraints:
CONSTRAINTS VIOLATION: Arch: Eyeriss_Constrained_4L_tile69_128x32 -> Level: InRegister: memory footprint: 42 VS memory available: 34",0.000e+00,0.000e+00,0.00e+00,0,0.0,0.0,
mccnn_4layer_2026-02-25T17:40:45.110987,mccnn,4layer,full,4,eyeriss,thesis_arch,1056,524,128,32,138,69,False,False,"Ill-posed constraints:
CONSTRAINTS VIOLATION: Arch: Eyeriss_Constrained_4L_tile69_138x32 -> Level: InRegister: memory footprint: 42 VS memory available: 34",0.000e+00,0.000e+00,0.00e+00,0,0.0,0.0,
mccnn_4layer_2026-02-25T17:40:45.358686,mccnn,4layer,full,4,eyeriss,thesis_arch,1056,524,128,56,4,69,False,True,,5.410e+04,6.865e+07,3.73e+06,"(33281613792, 14645336112)",0.26988754685547683,0.06334948539733887,DRAM[P=376 Q=18 Z3=1 C3=1 R3=1 S3=1 Y2=376 X2=18 Z2=1 C2=1 R2=1 S2=1 Y1=376 X1=18 Z1=1 C1=1 R1=1 S1=1 Y0=376 X0=18 Z0=1 C0=1 R0=1 S0=1] GlobalBuffer[P=1 Q=69 Z3=1 C3=1 R3=1 S3=1 Y2=1 X2=69 Z2=1 C2=1 R2=1 S2=1 Y1=1 X1=69 Z1=1 C1=1 R1=1 S1=1 Y0=1 X0=69 Z0=1 C0=1 R0=1 S0=1] SACols[Q=1 Z3=4] SARows[S3=3 C3=16 Z3=1] SACols_2[X2=1 Z2=4] SARows_2[S2=3 C2=16 Z2=1] SACols_1[X1=1 Z1=4] SARows_1[S1=3 C1=16 Z1=1] SACols_0[X0=1 Z0=4] SARows_0[S0=3 C0=1 Z0=8] InRegister[P=1 Q=1 Z3=1 C3=1 R3=1 S3=1 Y2=1 X2=1 Z2=1 C2=1 R2=1 S2=1 Y1=1 X1=1 Z1=1 C1=1 R1=1 S1=1 Y0=1 X0=1 Z0=1 C0=1 R0=1 S0=1] WRegister[P=1 Q=1 Z3=1 C3=2 R3=3 S3=1 Y2=1 X2=1 Z2=1 C2=2 R2=3 S2=1 Y1=1 X1=1 Z1=1 C1=2 R1=3 S1=1 Y0=1 X0=1 Z0=1 C0=1 R0=3 S0=1] IntermediateRegister[P=1 Q=1 Z3=1 C3=1 R3=1 S3=1 Y2=1 X2=1 Z2=8 C2=1 R2=1 S2=1 Y1=1 X1=1 Z1=8 C1=1 R1=1 S1=1 Y0=1 X0=1 Z0=1 C0=1 R0=1 S0=1] OutRegister[P=1 Q=1 Z3=8 C3=1 R3=1 S3=1 Y2=1 X2=1 Z2=1 C2=1 R2=1 S2=1 Y1=1 X1=1 Z1=1 C1=1 R1=1 S1=1 Y0=1 X0=1 Z0=1 C0=1 R0=1 S0=1] Compute] 
mccnn_4layer_2026-02-25T17:40:45.747805,mccnn,4layer,full,4,eyeriss,thesis_arch,1056,524,128,56,8,69,False,True,,5.449e+04,3.502e+07,1.92e+06,"(34357563360, 14645336112)",0.13494377342773842,0.05741381645202637,DRAM[P=376 Q=18 Z3=1 C3=1 R3=1 S3=1 Y2=376 X2=18 Z2=1 C2=1 R2=1 S2=1 Y1=376 X1=18 Z1=1 C1=1 R1=1 S1=1 Y0=376 X0=18 Z0=1 C0=1 R0=1 S0=1] GlobalBuffer[P=1 Q=69 Z3=1 C3=1 R3=1 S3=1 Y2=1 X2=69 Z2=1 C2=1 R2=1 S2=1 Y1=1 X1=69 Z1=1 C1=1 R1=1 S1=1 Y0=1 X0=69 Z0=1 C0=1 R0=1 S0=1] SACols[Q=1 Z3=8] SARows[S3=3 C3=16 Z3=1] SACols_2[X2=1 Z2=8] SARows_2[S2=3 C2=16 Z2=1] SACols_1[X1=1 Z1=8] SARows_1[S1=3 C1=16 Z1=1] SACols_0[X0=1 Z0=8] SARows_0[S0=3 C0=1 Z0=4] InRegister[P=1 Q=1 Z3=1 C3=1 R3=1 S3=1 Y2=1 X2=1 Z2=1 C2=1 R2=1 S2=1 Y1=1 X1=1 Z1=1 C1=1 R1=1 S1=1 Y0=1 X0=1 Z0=1 C0=1 R0=1 S0=1] WRegister[P=1 Q=1 Z3=1 C3=2 R3=3 S3=1 Y2=1 X2=1 Z2=1 C2=2 R2=3 S2=1 Y1=1 X1=1 Z1=1 C1=2 R1=3 S1=1 Y0=1 X0=1 Z0=1 C0=1 R0=3 S0=1] IntermediateRegister[P=1 Q=1 Z3=1 C3=1 R3=1 S3=1 Y2=1 X2=1 Z2=4 C2=1 R2=1 S2=1 Y1=1 X1=1 Z1=4 C1=1 R1=1 S1=1 Y0=1 X0=1 Z0=1 C0=1 R0=1 S0=1] OutRegister[P=1 Q=1 Z3=4 C3=1 R3=1 S3=1 Y2=1 X2=1 Z2=1 C2=1 R2=1 S2=1 Y1=1 X1=1 Z1=1 C1=1 R1=1 S1=1 Y0=1 X0=1 Z0=1 C0=1 R0=1 S0=1] Compute] 
mccnn_4layer_2026-02-25T17:40:46.069203,mccnn,4layer,full,4,eyeriss,thesis_arch,1056,524,128,56,16,69,False,True,,5.526e+04,1.821e+07,1.02e+06,"(36509462496, 14645336112)",0.06747188671386921,0.059732675552368164,DRAM[P=376 Q=18 Z3=1 C3=1 R3=1 S3=1 Y2=376 X2=18 Z2=1 C2=1 R2=1 S2=1 Y1=376 X1=18 Z1=1 C1=1 R1=1 S1=1 Y0=376 X0=18 Z0=1 C0=1 R0=1 S0=1] GlobalBuffer[P=1 Q=69 Z3=1 C3=1 R3=1 S3=1 Y2=1 X2=69 Z2=1 C2=1 R2=1 S2=1 Y1=1 X1=69 Z1=1 C1=1 R1=1 S1=1 Y0=1 X0=69 Z0=1 C0=1 R0=1 S0=1] SACols[Q=1 Z3=16] SARows[S3=3 C3=16 Z3=1] SACols_2[X2=1 Z2=16] SARows_2[S2=3 C2=16 Z2=1] SACols_1[X1=1 Z1=16] SARows_1[S1=3 C1=16 Z1=1] SACols_0[X0=1 Z0=16] SARows_0[S0=3 C0=1 Z0=2] InRegister[P=1 Q=1 Z3=1 C3=1 R3=1 S3=1 Y2=1 X2=1 Z2=1 C2=1 R2=1 S2=1 Y1=1 X1=1 Z1=1 C1=1 R1=1 S1=1 Y0=1 X0=1 Z0=1 C0=1 R0=1 S0=1] WRegister[P=1 Q=1 Z3=1 C3=2 R3=3 S3=1 Y2=1 X2=1 Z2=1 C2=2 R2=3 S2=1 Y1=1 X1=1 Z1=1 C1=2 R1=3 S1=1 Y0=1 X0=1 Z0=1 C0=1 R0=3 S0=1] IntermediateRegister[P=1 Q=1 Z3=1 C3=1 R3=1 S3=1 Y2=1 X2=1 Z2=2 C2=1 R2=1 S2=1 Y1=1 X1=1 Z1=2 C1=1 R1=1 S1=1 Y0=1 X0=1 Z0=1 C0=1 R0=1 S0=1] OutRegister[P=1 Q=1 Z3=2 C3=1 R3=1 S3=1 Y2=1 X2=1 Z2=1 C2=1 R2=1 S2=1 Y1=1 X1=1 Z1=1 C1=1 R1=1 S1=1 Y0=1 X0=1 Z0=1 C0=1 R0=1 S0=1] Compute] 
mccnn_4layer_2026-02-25T17:40:46.466367,mccnn,4layer,full,4,eyeriss,thesis_arch,1056,524,128,56,32,69,False,True,,5.680e+04,1.261e+07,7.36e+05,"(40813260768, 14645336112)",0.033735943356934604,0.06822419166564941,DRAM[P=376 Q=18 Z3=1 C3=1 R3=1 S3=1 Y2=376 X2=18 Z2=1 C2=1 R2=1 S2=1 Y1=376 X1=18 Z1=1 C1=1 R1=1 S1=1 Y0=376 X0=18 Z0=1 C0=1 R0=1 S0=1] GlobalBuffer[P=1 Q=69 Z3=1 C3=1 R3=1 S3=1 Y2=1 X2=69 Z2=1 C2=1 R2=1 S2=1 Y1=1 X1=69 Z1=1 C1=1 R1=1 S1=1 Y0=1 X0=69 Z0=1 C0=1 R0=1 S0=1] SACols[Q=1 Z3=32] SARows[S3=3 C3=16 Z3=1] SACols_2[X2=1 Z2=32] SARows_2[S2=3 C2=16 Z2=1] SACols_1[X1=1 Z1=32] SARows_1[S1=3 C1=16 Z1=1] SACols_0[X0=1 Z0=32] SARows_0[S0=3 C0=1 Z0=1] InRegister[P=1 Q=1 Z3=1 C3=1 R3=1 S3=1 Y2=1 X2=1 Z2=1 C2=1 R2=1 S2=1 Y1=1 X1=1 Z1=1 C1=1 R1=1 S1=1 Y0=1 X0=1 Z0=1 C0=1 R0=1 S0=1] WRegister[P=1 Q=1 Z3=1 C3=2 R3=3 S3=1 Y2=1 X2=1 Z2=1 C2=2 R2=3 S2=1 Y1=1 X1=1 Z1=1 C1=2 R1=3 S1=1 Y0=1 X0=1 Z0=1 C0=1 R0=3 S0=1] IntermediateRegister[P=1 Q=1 Z3=1 C3=1 R3=1 S3=1 Y2=1 X2=1 Z2=1 C2=1 R2=1 S2=1 Y1=1 X1=1 Z1=1 C1=1 R1=1 S1=1 Y0=1 X0=1 Z0=1 C0=1 R0=1 S0=1] OutRegister[P=1 Q=1 Z3=1 C3=1 R3=1 S3=1 Y2=1 X2=1 Z2=1 C2=1 R2=1 S2=1 Y1=1 X1=1 Z1=1 C1=1 R1=1 S1=1 Y0=1 X0=1 Z0=1 C0=1 R0=1 S0=1] Compute] 
mccnn_4layer_2026-02-25T17:40:46.782898,mccnn,4layer,full,4,eyeriss,thesis_arch,1056,524,128,56,64,69,False,True,,5.680e+04,1.261e+07,7.36e+05,"(40813260768, 14645336112)",0.0021084964598084128,0.07520556449890137,DRAM[P=376 Q=18 Z3=1 C3=1 R3=1 S3=1 Y2=376 X2=18 Z2=1 C2=1 R2=1 S2=1 Y1=376 X1=18 Z1=1 C1=1 R1=1 S1=1 Y0=376 X0=18 Z0=1 C0=1 R0=1 S0=1] GlobalBuffer[P=1 Q=69 Z3=1 C3=1 R3=1 S3=1 Y2=1 X2=69 Z2=1 C2=1 R2=1 S2=1 Y1=1 X1=69 Z1=1 C1=1 R1=1 S1=1 Y0=1 X0=69 Z0=1 C0=1 R0=1 S0=1] SACols[Q=1 Z3=32] SARows[S3=3 C3=16 Z3=1] SACols_2[X2=1 Z2=32] SARows_2[S2=3 C2=16 Z2=1] SACols_1[X1=1 Z1=32] SARows_1[S1=3 C1=16 Z1=1] SACols_0[X0=1 Z0=32] SARows_0[S0=3 C0=1 Z0=1] InRegister[P=1 Q=1 Z3=1 C3=1 R3=1 S3=1 Y2=1 X2=1 Z2=1 C2=1 R2=1 S2=1 Y1=1 X1=1 Z1=1 C1=1 R1=1 S1=1 Y0=1 X0=1 Z0=1 C0=1 R0=1 S0=1] WRegister[P=1 Q=1 Z3=1 C3=2 R3=3 S3=1 Y2=1 X2=1 Z2=1 C2=2 R2=3 S2=1 Y1=1 X1=1 Z1=1 C1=2 R1=3 S1=1 Y0=1 X0=1 Z0=1 C0=1 R0=3 S0=1] IntermediateRegister[P=1 Q=1 Z3=1 C3=1 R3=1 S3=1 Y2=1 X2=1 Z2=1 C2=1 R2=1 S2=1 Y1=1 X1=1 Z1=1 C1=1 R1=1 S1=1 Y0=1 X0=1 Z0=1 C0=1 R0=1 S0=1] OutRegister[P=1 Q=1 Z3=1 C3=1 R3=1 S3=1 Y2=1 X2=1 Z2=1 C2=1 R2=1 S2=1 Y1=1 X1=1 Z1=1 C1=1 R1=1 S1=1 Y0=1 X0=1 Z0=1 C0=1 R0=1 S0=1] Compute] 
mccnn_4layer_2026-02-25T17:40:47.106180,mccnn,4layer,full,4,eyeriss,thesis_arch,1056,524,128,56,69,69,False,True,,5.680e+04,1.261e+07,7.36e+05,"(40813260768, 14645336112)",0.0015606172721026662,0.056917667388916016,DRAM[P=376 Q=18 Z3=1 C3=1 R3=1 S3=1 Y2=376 X2=18 Z2=1 C2=1 R2=1 S2=1 Y1=376 X1=18 Z1=1 C1=1 R1=1 S1=1 Y0=376 X0=18 Z0=1 C0=1 R0=1 S0=1] GlobalBuffer[P=1 Q=69 Z3=1 C3=1 R3=1 S3=1 Y2=1 X2=69 Z2=1 C2=1 R2=1 S2=1 Y1=1 X1=69 Z1=1 C1=1 R1=1 S1=1 Y0=1 X0=69 Z0=1 C0=1 R0=1 S0=1] SACols[Q=1 Z3=32] SARows[S3=3 C3=16 Z3=1] SACols_2[X2=1 Z2=32] SARows_2[S2=3 C2=16 Z2=1] SACols_1[X1=1 Z1=32] SARows_1[S1=3 C1=16 Z1=1] SACols_0[X0=1 Z0=32] SARows_0[S0=3 C0=1 Z0=1] InRegister[P=1 Q=1 Z3=1 C3=1 R3=1 S3=1 Y2=1 X2=1 Z2=1 C2=1 R2=1 S2=1 Y1=1 X1=1 Z1=1 C1=1 R1=1 S1=1 Y0=1 X0=1 Z0=1 C0=1 R0=1 S0=1] WRegister[P=1 Q=1 Z3=1 C3=2 R3=3 S3=1 Y2=1 X2=1 Z2=1 C2=2 R2=3 S2=1 Y1=1 X1=1 Z1=1 C1=2 R1=3 S1=1 Y0=1 X0=1 Z0=1 C0=1 R0=3 S0=1] IntermediateRegister[P=1 Q=1 Z3=1 C3=1 R3=1 S3=1 Y2=1 X2=1 Z2=1 C2=1 R2=1 S2=1 Y1=1 X1=1 Z1=1 C1=1 R1=1 S1=1 Y0=1 X0=1 Z0=1 C0=1 R0=1 S0=1] OutRegister[P=1 Q=1 Z3=1 C3=1 R3=1 S3=1 Y2=1 X2=1 Z2=1 C2=1 R2=1 S2=1 Y1=1 X1=1 Z1=1 C1=1 R1=1 S1=1 Y0=1 X0=1 Z0=1 C0=1 R0=1 S0=1] Compute] 
mccnn_4layer_2026-02-25T17:40:47.480897,mccnn,4layer,full,4,eyeriss,thesis_arch,1056,524,128,56,128,69,False,True,,5.680e+04,1.223e+07,7.13e+05,"(40813260768, 14645336112)",0.01067426332778009,0.057216644287109375,DRAM[P=376 Q=18 Z3=1 C3=1 R3=1 S3=1 Y2=376 X2=18 Z2=1 C2=1 R2=1 S2=1 Y1=376 X1=18 Z1=1 C1=1 R1=1 S1=1 Y0=376 X0=18 Z0=1 C0=1 R0=1 S0=1] GlobalBuffer[P=1 Q=23 Z3=1 C3=1 R3=1 S3=1 Y2=1 X2=23 Z2=1 C2=1 R2=1 S2=1 Y1=1 X1=23 Z1=1 C1=1 R1=1 S1=1 Y0=1 X0=23 Z0=1 C0=1 R0=1 S0=1] SACols[Q=3 Z3=32] SARows[S3=3 C3=16 Z3=1] SACols_2[X2=3 Z2=32] SARows_2[S2=3 C2=16 Z2=1] SACols_1[X1=3 Z1=32] SARows_1[S1=3 C1=16 Z1=1] SACols_0[X0=3 Z0=32] SARows_0[S0=3 C0=1 Z0=1] InRegister[P=1 Q=1 Z3=1 C3=1 R3=1 S3=1 Y2=1 X2=1 Z2=1 C2=1 R2=1 S2=1 Y1=1 X1=1 Z1=1 C1=1 R1=1 S1=1 Y0=1 X0=1 Z0=1 C0=1 R0=1 S0=1] WRegister[P=1 Q=1 Z3=1 C3=2 R3=3 S3=1 Y2=1 X2=1 Z2=1 C2=2 R2=3 S2=1 Y1=1 X1=1 Z1=1 C1=2 R1=3 S1=1 Y0=1 X0=1 Z0=1 C0=1 R0=3 S0=1] IntermediateRegister[P=1 Q=1 Z3=1 C3=1 R3=1 S3=1 Y2=1 X2=1 Z2=1 C2=1 R2=1 S2=1 Y1=1 X1=1 Z1=1 C1=1 R1=1 S1=1 Y0=1 X0=1 Z0=1 C0=1 R0=1 S0=1] OutRegister[P=1 Q=1 Z3=1 C3=1 R3=1 S3=1 Y2=1 X2=1 Z2=1 C2=1 R2=1 S2=1 Y1=1 X1=1 Z1=1 C1=1 R1=1 S1=1 Y0=1 X0=1 Z0=1 C0=1 R0=1 S0=1] Compute] 
mccnn_4layer_2026-02-25T17:40:47.878069,mccnn,4layer,full,4,eyeriss,thesis_arch,1056,524,128,56,138,69,False,True,,5.680e+04,1.223e+07,7.13e+05,"(40813260768, 14645336112)",0.007900624940019748,0.05012035369873047,DRAM[P=376 Q=18 Z3=1 C3=1 R3=1 S3=1 Y2=376 X2=18 Z2=1 C2=1 R2=1 S2=1 Y1=376 X1=18 Z1=1 C1=1 R1=1 S1=1 Y0=376 X0=18 Z0=1 C0=1 R0=1 S0=1] GlobalBuffer[P=1 Q=23 Z3=1 C3=1 R3=1 S3=1 Y2=1 X2=23 Z2=1 C2=1 R2=1 S2=1 Y1=1 X1=23 Z1=1 C1=1 R1=1 S1=1 Y0=1 X0=23 Z0=1 C0=1 R0=1 S0=1] SACols[Q=3 Z3=32] SARows[S3=3 C3=16 Z3=1] SACols_2[X2=3 Z2=32] SARows_2[S2=3 C2=16 Z2=1] SACols_1[X1=3 Z1=32] SARows_1[S1=3 C1=16 Z1=1] SACols_0[X0=3 Z0=32] SARows_0[S0=3 C0=1 Z0=1] InRegister[P=1 Q=1 Z3=1 C3=1 R3=1 S3=1 Y2=1 X2=1 Z2=1 C2=1 R2=1 S2=1 Y1=1 X1=1 Z1=1 C1=1 R1=1 S1=1 Y0=1 X0=1 Z0=1 C0=1 R0=1 S0=1] WRegister[P=1 Q=1 Z3=1 C3=2 R3=3 S3=1 Y2=1 X2=1 Z2=1 C2=2 R2=3 S2=1 Y1=1 X1=1 Z1=1 C1=2 R1=3 S1=1 Y0=1 X0=1 Z0=1 C0=1 R0=3 S0=1] IntermediateRegister[P=1 Q=1 Z3=1 C3=1 R3=1 S3=1 Y2=1 X2=1 Z2=1 C2=1 R2=1 S2=1 Y1=1 X1=1 Z1=1 C1=1 R1=1 S1=1 Y0=1 X0=1 Z0=1 C0=1 R0=1 S0=1] OutRegister[P=1 Q=1 Z3=1 C3=1 R3=1 S3=1 Y2=1 X2=1 Z2=1 C2=1 R2=1 S2=1 Y1=1 X1=1 Z1=1 C1=1 R1=1 S1=1 Y0=1 X0=1 Z0=1 C0=1 R0=1 S0=1] Compute] 
mccnn_4layer_2026-02-25T17:40:48.171271,mccnn,4layer,full,4,eyeriss,thesis_arch,1056,524,128,84,4,69,False,True,,5.410e+04,6.865e+07,3.73e+06,"(33281613792, 14645336112)",0.05331112036651394,0.08598494529724121,DRAM[P=376 Q=18 Z3=1 C3=1 R3=1 S3=1 Y2=376 X2=18 Z2=1 C2=1 R2=1 S2=1 Y1=376 X1=18 Z1=1 C1=1 R1=1 S1=1 Y0=376 X0=18 Z0=1 C0=1 R0=1 S0=1] GlobalBuffer[P=1 Q=69 Z3=1 C3=1 R3=1 S3=1 Y2=1 X2=69 Z2=1 C2=1 R2=1 S2=1 Y1=1 X1=69 Z1=1 C1=1 R1=1 S1=1 Y0=1 X0=69 Z0=1 C0=1 R0=1 S0=1] SACols[Q=1 Z3=4] SARows[S3=3 C3=16 Z3=1] SACols_2[X2=1 Z2=4] SARows_2[S2=3 C2=16 Z2=1] SACols_1[X1=1 Z1=4] SARows_1[S1=3 C1=16 Z1=1] SACols_0[X0=1 Z0=4] SARows_0[S0=3 C0=1 Z0=8] InRegister[P=1 Q=1 Z3=1 C3=1 R3=1 S3=1 Y2=1 X2=1 Z2=1 C2=1 R2=1 S2=1 Y1=1 X1=1 Z1=1 C1=1 R1=1 S1=1 Y0=1 X0=1 Z0=1 C0=1 R0=1 S0=1] WRegister[P=1 Q=1 Z3=1 C3=2 R3=3 S3=1 Y2=1 X2=1 Z2=1 C2=2 R2=3 S2=1 Y1=1 X1=1 Z1=1 C1=2 R1=3 S1=1 Y0=1 X0=1 Z0=1 C0=1 R0=3 S0=1] IntermediateRegister[P=1 Q=1 Z3=1 C3=1 R3=1 S3=1 Y2=1 X2=1 Z2=8 C2=1 R2=1 S2=1 Y1=1 X1=1 Z1=8 C1=1 R1=1 S1=1 Y0=1 X0=1 Z0=1 C0=1 R0=1 S0=1] OutRegister[P=1 Q=1 Z3=8 C3=1 R3=1 S3=1 Y2=1 X2=1 Z2=1 C2=1 R2=1 S2=1 Y1=1 X1=1 Z1=1 C1=1 R1=1 S1=1 Y0=1 X0=1 Z0=1 C0=1 R0=1 S0=1] Compute] 
mccnn_4layer_2026-02-25T17:40:48.579203,mccnn,4layer,full,4,eyeriss,thesis_arch,1056,524,128,84,8,69,False,True,,5.449e+04,3.502e+07,1.92e+06,"(34357563360, 14645336112)",0.02665556018325697,0.06575489044189453,DRAM[P=376 Q=18 Z3=1 C3=1 R3=1 S3=1 Y2=376 X2=18 Z2=1 C2=1 R2=1 S2=1 Y1=376 X1=18 Z1=1 C1=1 R1=1 S1=1 Y0=376 X0=18 Z0=1 C0=1 R0=1 S0=1] GlobalBuffer[P=1 Q=69 Z3=1 C3=1 R3=1 S3=1 Y2=1 X2=69 Z2=1 C2=1 R2=1 S2=1 Y1=1 X1=69 Z1=1 C1=1 R1=1 S1=1 Y0=1 X0=69 Z0=1 C0=1 R0=1 S0=1] SACols[Q=1 Z3=8] SARows[S3=3 C3=16 Z3=1] SACols_2[X2=1 Z2=8] SARows_2[S2=3 C2=16 Z2=1] SACols_1[X1=1 Z1=8] SARows_1[S1=3 C1=16 Z1=1] SACols_0[X0=1 Z0=8] SARows_0[S0=3 C0=1 Z0=4] InRegister[P=1 Q=1 Z3=1 C3=1 R3=1 S3=1 Y2=1 X2=1 Z2=1 C2=1 R2=1 S2=1 Y1=1 X1=1 Z1=1 C1=1 R1=1 S1=1 Y0=1 X0=1 Z0=1 C0=1 R0=1 S0=1] WRegister[P=1 Q=1 Z3=1 C3=2 R3=3 S3=1 Y2=1 X2=1 Z2=1 C2=2 R2=3 S2=1 Y1=1 X1=1 Z1=1 C1=2 R1=3 S1=1 Y0=1 X0=1 Z0=1 C0=1 R0=3 S0=1] IntermediateRegister[P=1 Q=1 Z3=1 C3=1 R3=1 S3=1 Y2=1 X2=1 Z2=4 C2=1 R2=1 S2=1 Y1=1 X1=1 Z1=4 C1=1 R1=1 S1=1 Y0=1 X0=1 Z0=1 C0=1 R0=1 S0=1] OutRegister[P=1 Q=1 Z3=4 C3=1 R3=1 S3=1 Y2=1 X2=1 Z2=1 C2=1 R2=1 S2=1 Y1=1 X1=1 Z1=1 C1=1 R1=1 S1=1 Y0=1 X0=1 Z0=1 C0=1 R0=1 S0=1] Compute] 
mccnn_4layer_2026-02-25T17:40:48.898597,mccnn,4layer,full,4,eyeriss,thesis_arch,1056,524,128,84,16,69,False,True,,5.526e+04,1.821e+07,1.02e+06,"(36509462496, 14645336112)",0.013327780091628485,0.06018471717834473,DRAM[P=376 Q=18 Z3=1 C3=1 R3=1 S3=1 Y2=376 X2=18 Z2=1 C2=1 R2=1 S2=1 Y1=376 X1=18 Z1=1 C1=1 R1=1 S1=1 Y0=376 X0=18 Z0=1 C0=1 R0=1 S0=1] GlobalBuffer[P=1 Q=69 Z3=1 C3=1 R3=1 S3=1 Y2=1 X2=69 Z2=1 C2=1 R2=1 S2=1 Y1=1 X1=69 Z1=1 C1=1 R1=1 S1=1 Y0=1 X0=69 Z0=1 C0=1 R0=1 S0=1] SACols[Q=1 Z3=16] SARows[S3=3 C3=16 Z3=1] SACols_2[X2=1 Z2=16] SARows_2[S2=3 C2=16 Z2=1] SACols_1[X1=1 Z1=16] SARows_1[S1=3 C1=16 Z1=1] SACols_0[X0=1 Z0=16] SARows_0[S0=3 C0=1 Z0=2] InRegister[P=1 Q=1 Z3=1 C3=1 R3=1 S3=1 Y2=1 X2=1 Z2=1 C2=1 R2=1 S2=1 Y1=1 X1=1 Z1=1 C1=1 R1=1 S1=1 Y0=1 X0=1 Z0=1 C0=1 R0=1 S0=1] WRegister[P=1 Q=1 Z3=1 C3=2 R3=3 S3=1 Y2=1 X2=1 Z2=1 C2=2 R2=3 S2=1 Y1=1 X1=1 Z1=1 C1=2 R1=3 S1=1 Y0=1 X0=1 Z0=1 C0=1 R0=3 S0=1] IntermediateRegister[P=1 Q=1 Z3=1 C3=1 R3=1 S3=1 Y2=1 X2=1 Z2=2 C2=1 R2=1 S2=1 Y1=1 X1=1 Z1=2 C1=1 R1=1 S1=1 Y0=1 X0=1 Z0=1 C0=1 R0=1 S0=1] OutRegister[P=1 Q=1 Z3=2 C3=1 R3=1 S3=1 Y2=1 X2=1 Z2=1 C2=1 R2=1 S2=1 Y1=1 X1=1 Z1=1 C1=1 R1=1 S1=1 Y0=1 X0=1 Z0=1 C0=1 R0=1 S0=1] Compute] 
mccnn_4layer_2026-02-25T17:40:49.203060,mccnn,4layer,full,4,eyeriss,thesis_arch,1056,524,128,84,32,69,False,True,,5.680e+04,1.261e+07,7.36e+05,"(40813260768, 14645336112)",0.006663890045814243,0.05471348762512207,DRAM[P=376 Q=18 Z3=1 C3=1 R3=1 S3=1 Y2=376 X2=18 Z2=1 C2=1 R2=1 S2=1 Y1=376 X1=18 Z1=1 C1=1 R1=1 S1=1 Y0=376 X0=18 Z0=1 C0=1 R0=1 S0=1] GlobalBuffer[P=1 Q=69 Z3=1 C3=1 R3=1 S3=1 Y2=1 X2=69 Z2=1 C2=1 R2=1 S2=1 Y1=1 X1=69 Z1=1 C1=1 R1=1 S1=1 Y0=1 X0=69 Z0=1 C0=1 R0=1 S0=1] SACols[Q=1 Z3=32] SARows[S3=3 C3=16 Z3=1] SACols_2[X2=1 Z2=32] SARows_2[S2=3 C2=16 Z2=1] SACols_1[X1=1 Z1=32] SARows_1[S1=3 C1=16 Z1=1] SACols_0[X0=1 Z0=32] SARows_0[S0=3 C0=1 Z0=1] InRegister[P=1 Q=1 Z3=1 C3=1 R3=1 S3=1 Y2=1 X2=1 Z2=1 C2=1 R2=1 S2=1 Y1=1 X1=1 Z1=1 C1=1 R1=1 S1=1 Y0=1 X0=1 Z0=1 C0=1 R0=1 S0=1] WRegister[P=1 Q=1 Z3=1 C3=2 R3=3 S3=1 Y2=1 X2=1 Z2=1 C2=2 R2=3 S2=1 Y1=1 X1=1 Z1=1 C1=2 R1=3 S1=1 Y0=1 X0=1 Z0=1 C0=1 R0=3 S0=1] IntermediateRegister[P=1 Q=1 Z3=1 C3=1 R3=1 S3=1 Y2=1 X2=1 Z2=1 C2=1 R2=1 S2=1 Y1=1 X1=1 Z1=1 C1=1 R1=1 S1=1 Y0=1 X0=1 Z0=1 C0=1 R0=1 S0=1] OutRegister[P=1 Q=1 Z3=1 C3=1 R3=1 S3=1 Y2=1 X2=1 Z2=1 C2=1 R2=1 S2=1 Y1=1 X1=1 Z1=1 C1=1 R1=1 S1=1 Y0=1 X0=1 Z0=1 C0=1 R0=1 S0=1] Compute] 
mccnn_4layer_2026-02-25T17:40:49.581717,mccnn,4layer,full,4,eyeriss,thesis_arch,1056,524,128,84,64,69,False,True,,5.680e+04,1.261e+07,7.36e+05,"(40813260768, 14645336112)",0.00041649312786339016,0.08283567428588867,DRAM[P=376 Q=18 Z3=1 C3=1 R3=1 S3=1 Y2=376 X2=18 Z2=1 C2=1 R2=1 S2=1 Y1=376 X1=18 Z1=1 C1=1 R1=1 S1=1 Y0=376 X0=18 Z0=1 C0=1 R0=1 S0=1] GlobalBuffer[P=1 Q=69 Z3=1 C3=1 R3=1 S3=1 Y2=1 X2=69 Z2=1 C2=1 R2=1 S2=1 Y1=1 X1=69 Z1=1 C1=1 R1=1 S1=1 Y0=1 X0=69 Z0=1 C0=1 R0=1 S0=1] SACols[Q=1 Z3=32] SARows[S3=3 C3=16 Z3=1] SACols_2[X2=1 Z2=32] SARows_2[S2=3 C2=16 Z2=1] SACols_1[X1=1 Z1=32] SARows_1[S1=3 C1=16 Z1=1] SACols_0[X0=1 Z0=32] SARows_0[S0=3 C0=1 Z0=1] InRegister[P=1 Q=1 Z3=1 C3=1 R3=1 S3=1 Y2=1 X2=1 Z2=1 C2=1 R2=1 S2=1 Y1=1 X1=1 Z1=1 C1=1 R1=1 S1=1 Y0=1 X0=1 Z0=1 C0=1 R0=1 S0=1] WRegister[P=1 Q=1 Z3=1 C3=2 R3=3 S3=1 Y2=1 X2=1 Z2=1 C2=2 R2=3 S2=1 Y1=1 X1=1 Z1=1 C1=2 R1=3 S1=1 Y0=1 X0=1 Z0=1 C0=1 R0=3 S0=1] IntermediateRegister[P=1 Q=1 Z3=1 C3=1 R3=1 S3=1 Y2=1 X2=1 Z2=1 C2=1 R2=1 S2=1 Y1=1 X1=1 Z1=1 C1=1 R1=1 S1=1 Y0=1 X0=1 Z0=1 C0=1 R0=1 S0=1] OutRegister[P=1 Q=1 Z3=1 C3=1 R3=1 S3=1 Y2=1 X2=1 Z2=1 C2=1 R2=1 S2=1 Y1=1 X1=1 Z1=1 C1=1 R1=1 S1=1 Y0=1 X0=1 Z0=1 C0=1 R0=1 S0=1] Compute] 
mccnn_4layer_2026-02-25T17:40:49.986576,mccnn,4layer,full,4,eyeriss,thesis_arch,1056,524,128,84,69,69,False,True,,5.680e+04,1.261e+07,7.36e+05,"(40813260768, 14645336112)",0.00030827007844003276,0.0690615177154541,DRAM[P=376 Q=18 Z3=1 C3=1 R3=1 S3=1 Y2=376 X2=18 Z2=1 C2=1 R2=1 S2=1 Y1=376 X1=18 Z1=1 C1=1 R1=1 S1=1 Y0=376 X0=18 Z0=1 C0=1 R0=1 S0=1] GlobalBuffer[P=1 Q=69 Z3=1 C3=1 R3=1 S3=1 Y2=1 X2=69 Z2=1 C2=1 R2=1 S2=1 Y1=1 X1=69 Z1=1 C1=1 R1=1 S1=1 Y0=1 X0=69 Z0=1 C0=1 R0=1 S0=1] SACols[Q=1 Z3=32] SARows[S3=3 C3=16 Z3=1] SACols_2[X2=1 Z2=32] SARows_2[S2=3 C2=16 Z2=1] SACols_1[X1=1 Z1=32] SARows_1[S1=3 C1=16 Z1=1] SACols_0[X0=1 Z0=32] SARows_0[S0=3 C0=1 Z0=1] InRegister[P=1 Q=1 Z3=1 C3=1 R3=1 S3=1 Y2=1 X2=1 Z2=1 C2=1 R2=1 S2=1 Y1=1 X1=1 Z1=1 C1=1 R1=1 S1=1 Y0=1 X0=1 Z0=1 C0=1 R0=1 S0=1] WRegister[P=1 Q=1 Z3=1 C3=2 R3=3 S3=1 Y2=1 X2=1 Z2=1 C2=2 R2=3 S2=1 Y1=1 X1=1 Z1=1 C1=2 R1=3 S1=1 Y0=1 X0=1 Z0=1 C0=1 R0=3 S0=1] IntermediateRegister[P=1 Q=1 Z3=1 C3=1 R3=1 S3=1 Y2=1 X2=1 Z2=1 C2=1 R2=1 S2=1 Y1=1 X1=1 Z1=1 C1=1 R1=1 S1=1 Y0=1 X0=1 Z0=1 C0=1 R0=1 S0=1] OutRegister[P=1 Q=1 Z3=1 C3=1 R3=1 S3=1 Y2=1 X2=1 Z2=1 C2=1 R2=1 S2=1 Y1=1 X1=1 Z1=1 C1=1 R1=1 S1=1 Y0=1 X0=1 Z0=1 C0=1 R0=1 S0=1] Compute] 
mccnn_4layer_2026-02-25T17:40:50.356897,mccnn,4layer,full,4,eyeriss,thesis_arch,1056,524,128,84,128,69,False,True,,5.680e+04,1.223e+07,7.13e+05,"(40813260768, 14645336112)",0.0021084964598084128,0.06977653503417969,DRAM[P=376 Q=18 Z3=1 C3=1 R3=1 S3=1 Y2=376 X2=18 Z2=1 C2=1 R2=1 S2=1 Y1=376 X1=18 Z1=1 C1=1 R1=1 S1=1 Y0=376 X0=18 Z0=1 C0=1 R0=1 S0=1] GlobalBuffer[P=1 Q=23 Z3=1 C3=1 R3=1 S3=1 Y2=1 X2=23 Z2=1 C2=1 R2=1 S2=1 Y1=1 X1=23 Z1=1 C1=1 R1=1 S1=1 Y0=1 X0=23 Z0=1 C0=1 R0=1 S0=1] SACols[Q=3 Z3=32] SARows[S3=3 C3=16 Z3=1] SACols_2[X2=3 Z2=32] SARows_2[S2=3 C2=16 Z2=1] SACols_1[X1=3 Z1=32] SARows_1[S1=3 C1=16 Z1=1] SACols_0[X0=3 Z0=32] SARows_0[S0=3 C0=1 Z0=1] InRegister[P=1 Q=1 Z3=1 C3=1 R3=1 S3=1 Y2=1 X2=1 Z2=1 C2=1 R2=1 S2=1 Y1=1 X1=1 Z1=1 C1=1 R1=1 S1=1 Y0=1 X0=1 Z0=1 C0=1 R0=1 S0=1] WRegister[P=1 Q=1 Z3=1 C3=2 R3=3 S3=1 Y2=1 X2=1 Z2=1 C2=2 R2=3 S2=1 Y1=1 X1=1 Z1=1 C1=2 R1=3 S1=1 Y0=1 X0=1 Z0=1 C0=1 R0=3 S0=1] IntermediateRegister[P=1 Q=1 Z3=1 C3=1 R3=1 S3=1 Y2=1 X2=1 Z2=1 C2=1 R2=1 S2=1 Y1=1 X1=1 Z1=1 C1=1 R1=1 S1=1 Y0=1 X0=1 Z0=1 C0=1 R0=1 S0=1] OutRegister[P=1 Q=1 Z3=1 C3=1 R3=1 S3=1 Y2=1 X2=1 Z2=1 C2=1 R2=1 S2=1 Y1=1 X1=1 Z1=1 C1=1 R1=1 S1=1 Y0=1 X0=1 Z0=1 C0=1 R0=1 S0=1] Compute] 
mccnn_4layer_2026-02-25T17:40:50.741976,mccnn,4layer,full,4,eyeriss,thesis_arch,1056,524,128,84,138,69,False,True,,5.680e+04,1.223e+07,7.13e+05,"(40813260768, 14645336112)",0.0015606172721026657,0.07950711250305176,DRAM[P=376 Q=18 Z3=1 C3=1 R3=1 S3=1 Y2=376 X2=18 Z2=1 C2=1 R2=1 S2=1 Y1=376 X1=18 Z1=1 C1=1 R1=1 S1=1 Y0=376 X0=18 Z0=1 C0=1 R0=1 S0=1] GlobalBuffer[P=1 Q=23 Z3=1 C3=1 R3=1 S3=1 Y2=1 X2=23 Z2=1 C2=1 R2=1 S2=1 Y1=1 X1=23 Z1=1 C1=1 R1=1 S1=1 Y0=1 X0=23 Z0=1 C0=1 R0=1 S0=1] SACols[Q=3 Z3=32] SARows[S3=3 C3=16 Z3=1] SACols_2[X2=3 Z2=32] SARows_2[S2=3 C2=16 Z2=1] SACols_1[X1=3 Z1=32] SARows_1[S1=3 C1=16 Z1=1] SACols_0[X0=3 Z0=32] SARows_0[S0=3 C0=1 Z0=1] InRegister[P=1 Q=1 Z3=1 C3=1 R3=1 S3=1 Y2=1 X2=1 Z2=1 C2=1 R2=1 S2=1 Y1=1 X1=1 Z1=1 C1=1 R1=1 S1=1 Y0=1 X0=1 Z0=1 C0=1 R0=1 S0=1] WRegister[P=1 Q=1 Z3=1 C3=2 R3=3 S3=1 Y2=1 X2=1 Z2=1 C2=2 R2=3 S2=1 Y1=1 X1=1 Z1=1 C1=2 R1=3 S1=1 Y0=1 X0=1 Z0=1 C0=1 R0=3 S0=1] IntermediateRegister[P=1 Q=1 Z3=1 C3=1 R3=1 S3=1 Y2=1 X2=1 Z2=1 C2=1 R2=1 S2=1 Y1=1 X1=1 Z1=1 C1=1 R1=1 S1=1 Y0=1 X0=1 Z0=1 C0=1 R0=1 S0=1] OutRegister[P=1 Q=1 Z3=1 C3=1 R3=1 S3=1 Y2=1 X2=1 Z2=1 C2=1 R2=1 S2=1 Y1=1 X1=1 Z1=1 C1=1 R1=1 S1=1 Y0=1 X0=1 Z0=1 C0=1 R0=1 S0=1] Compute] 
mccnn_4layer_2026-02-25T17:40:51.076400,mccnn,4layer,full,4,eyeriss,thesis_arch,1056,524,128,4,4,69,False,False,"Ill-posed constraints:
CONSTRAINTS VIOLATION: Arch: Eyeriss_Constrained_4L_tile69_4x4 -> Level: InRegister: memory footprint: 294 VS memory available: 34
CONSTRAINTS VIOLATION: Arch: Eyeriss_Constrained_4L_tile69_4x4 -> Level: WRegister: memory footprint: 2328 VS memory available: 600",0.000e+00,0.000e+00,0.00e+00,0,0.0,0.0,
mccnn_4layer_2026-02-25T17:40:51.411158,mccnn,4layer,full,4,eyeriss,thesis_arch,1056,524,128,4,8,69,False,False,"Ill-posed constraints:
CONSTRAINTS VIOLATION: Arch: Eyeriss_Constrained_4L_tile69_8x4 -> Level: InRegister: memory footprint: 294 VS memory available: 34
CONSTRAINTS VIOLATION: Arch: Eyeriss_Constrained_4L_tile69_8x4 -> Level: WRegister: memory footprint: 1164 VS memory available: 600",0.000e+00,0.000e+00,0.00e+00,0,0.0,0.0,
mccnn_4layer_2026-02-25T17:40:51.765508,mccnn,4layer,full,4,eyeriss,thesis_arch,1056,524,128,4,16,69,False,False,"Ill-posed constraints:
CONSTRAINTS VIOLATION: Arch: Eyeriss_Constrained_4L_tile69_16x4 -> Level: InRegister: memory footprint: 294 VS memory available: 34",0.000e+00,0.000e+00,0.00e+00,0,0.0,0.0,
mccnn_4layer_2026-02-25T17:40:52.107282,mccnn,4layer,full,4,eyeriss,thesis_arch,1056,524,128,4,32,69,False,False,"Ill-posed constraints:
CONSTRAINTS VIOLATION: Arch: Eyeriss_Constrained_4L_tile69_32x4 -> Level: InRegister: memory footprint: 294 VS memory available: 34",0.000e+00,0.000e+00,0.00e+00,0,0.0,0.0,
mccnn_4layer_2026-02-25T17:40:52.463290,mccnn,4layer,full,4,eyeriss,thesis_arch,1056,524,128,4,64,69,False,False,"Ill-posed constraints:
CONSTRAINTS VIOLATION: Arch: Eyeriss_Constrained_4L_tile69_64x4 -> Level: InRegister: memory footprint: 294 VS memory available: 34",0.000e+00,0.000e+00,0.00e+00,0,0.0,0.0,
mccnn_4layer_2026-02-25T17:40:52.781216,mccnn,4layer,full,4,eyeriss,thesis_arch,1056,524,128,4,69,69,False,False,"Ill-posed constraints:
CONSTRAINTS VIOLATION: Arch: Eyeriss_Constrained_4L_tile69_69x4 -> Level: InRegister: memory footprint: 294 VS memory available: 34",0.000e+00,0.000e+00,0.00e+00,0,0.0,0.0,
mccnn_4layer_2026-02-25T17:40:53.133928,mccnn,4layer,full,4,eyeriss,thesis_arch,1056,524,128,4,128,69,False,False,"Ill-posed constraints:
CONSTRAINTS VIOLATION: Arch: Eyeriss_Constrained_4L_tile69_128x4 -> Level: InRegister: memory footprint: 294 VS memory available: 34",0.000e+00,0.000e+00,0.00e+00,0,0.0,0.0,
mccnn_4layer_2026-02-25T17:40:53.466362,mccnn,4layer,full,4,eyeriss,thesis_arch,1056,524,128,4,138,69,False,False,"Ill-posed constraints:
CONSTRAINTS VIOLATION: Arch: Eyeriss_Constrained_4L_tile69_138x4 -> Level: InRegister: memory footprint: 294 VS memory available: 34",0.000e+00,0.000e+00,0.00e+00,0,0.0,0.0,
mccnn_4layer_2026-02-25T17:40:53.784218,mccnn,4layer,full,4,eyeriss,thesis_arch,1056,524,128,8,4,69,False,False,"Ill-posed constraints:
CONSTRAINTS VIOLATION: Arch: Eyeriss_Constrained_4L_tile69_4x8 -> Level: InRegister: memory footprint: 150 VS memory available: 34
CONSTRAINTS VIOLATION: Arch: Eyeriss_Constrained_4L_tile69_4x8 -> Level: WRegister: memory footprint: 1164 VS memory available: 600",0.000e+00,0.000e+00,0.00e+00,0,0.0,0.0,
mccnn_4layer_2026-02-25T17:40:54.093274,mccnn,4layer,full,4,eyeriss,thesis_arch,1056,524,128,8,8,69,False,False,"Ill-posed constraints:
CONSTRAINTS VIOLATION: Arch: Eyeriss_Constrained_4L_tile69_8x8 -> Level: InRegister: memory footprint: 150 VS memory available: 34",0.000e+00,0.000e+00,0.00e+00,0,0.0,0.0,
mccnn_4layer_2026-02-25T17:40:54.334820,mccnn,4layer,full,4,eyeriss,thesis_arch,1056,524,128,8,16,69,False,False,"Ill-posed constraints:
CONSTRAINTS VIOLATION: Arch: Eyeriss_Constrained_4L_tile69_16x8 -> Level: InRegister: memory footprint: 150 VS memory available: 34",0.000e+00,0.000e+00,0.00e+00,0,0.0,0.0,
mccnn_4layer_2026-02-25T17:40:54.658439,mccnn,4layer,full,4,eyeriss,thesis_arch,1056,524,128,8,32,69,False,False,"Ill-posed constraints:
CONSTRAINTS VIOLATION: Arch: Eyeriss_Constrained_4L_tile69_32x8 -> Level: InRegister: memory footprint: 150 VS memory available: 34",0.000e+00,0.000e+00,0.00e+00,0,0.0,0.0,
mccnn_4layer_2026-02-25T17:40:54.989973,mccnn,4layer,full,4,eyeriss,thesis_arch,1056,524,128,8,64,69,False,False,"Ill-posed constraints:
CONSTRAINTS VIOLATION: Arch: Eyeriss_Constrained_4L_tile69_64x8 -> Level: InRegister: memory footprint: 150 VS memory available: 34",0.000e+00,0.000e+00,0.00e+00,0,0.0,0.0,
mccnn_4layer_2026-02-25T17:40:55.303517,mccnn,4layer,full,4,eyeriss,thesis_arch,1056,524,128,8,69,69,False,False,"Ill-posed constraints:
CONSTRAINTS VIOLATION: Arch: Eyeriss_Constrained_4L_tile69_69x8 -> Level: InRegister: memory footprint: 150 VS memory available: 34",0.000e+00,0.000e+00,0.00e+00,0,0.0,0.0,
mccnn_4layer_2026-02-25T17:40:55.556606,mccnn,4layer,full,4,eyeriss,thesis_arch,1056,524,128,8,128,69,False,False,"Ill-posed constraints:
CONSTRAINTS VIOLATION: Arch: Eyeriss_Constrained_4L_tile69_128x8 -> Level: InRegister: memory footprint: 150 VS memory available: 34",0.000e+00,0.000e+00,0.00e+00,0,0.0,0.0,
mccnn_4layer_2026-02-25T17:40:55.864500,mccnn,4layer,full,4,eyeriss,thesis_arch,1056,524,128,8,138,69,False,False,"Ill-posed constraints:
CONSTRAINTS VIOLATION: Arch: Eyeriss_Constrained_4L_tile69_138x8 -> Level: InRegister: memory footprint: 150 VS memory available: 34",0.000e+00,0.000e+00,0.00e+00,0,0.0,0.0,
mccnn_4layer_2026-02-25T17:40:56.183111,mccnn,4layer,full,4,eyeriss,thesis_arch,1056,524,128,12,4,69,False,False,"Ill-posed constraints:
CONSTRAINTS VIOLATION: Arch: Eyeriss_Constrained_4L_tile69_4x12 -> Level: InRegister: memory footprint: 78 VS memory available: 34",0.000e+00,0.000e+00,0.00e+00,0,0.0,0.0,
mccnn_4layer_2026-02-25T17:40:56.503506,mccnn,4layer,full,4,eyeriss,thesis_arch,1056,524,128,12,8,69,False,False,"Ill-posed constraints:
CONSTRAINTS VIOLATION: Arch: Eyeriss_Constrained_4L_tile69_8x12 -> Level: InRegister: memory footprint: 78 VS memory available: 34",0.000e+00,0.000e+00,0.00e+00,0,0.0,0.0,
mccnn_4layer_2026-02-25T17:40:56.830992,mccnn,4layer,full,4,eyeriss,thesis_arch,1056,524,128,12,16,69,False,False,"Ill-posed constraints:
CONSTRAINTS VIOLATION: Arch: Eyeriss_Constrained_4L_tile69_16x12 -> Level: InRegister: memory footprint: 78 VS memory available: 34",0.000e+00,0.000e+00,0.00e+00,0,0.0,0.0,
mccnn_4layer_2026-02-25T17:40:57.072638,mccnn,4layer,full,4,eyeriss,thesis_arch,1056,524,128,12,32,69,False,False,"Ill-posed constraints:
CONSTRAINTS VIOLATION: Arch: Eyeriss_Constrained_4L_tile69_32x12 -> Level: InRegister: memory footprint: 78 VS memory available: 34",0.000e+00,0.000e+00,0.00e+00,0,0.0,0.0,
mccnn_4layer_2026-02-25T17:40:57.464613,mccnn,4layer,full,4,eyeriss,thesis_arch,1056,524,128,12,64,69,False,False,"Ill-posed constraints:
CONSTRAINTS VIOLATION: Arch: Eyeriss_Constrained_4L_tile69_64x12 -> Level: InRegister: memory footprint: 78 VS memory available: 34",0.000e+00,0.000e+00,0.00e+00,0,0.0,0.0,
mccnn_4layer_2026-02-25T17:40:57.918943,mccnn,4layer,full,4,eyeriss,thesis_arch,1056,524,128,12,69,69,False,False,"Ill-posed constraints:
CONSTRAINTS VIOLATION: Arch: Eyeriss_Constrained_4L_tile69_69x12 -> Level: InRegister: memory footprint: 78 VS memory available: 34",0.000e+00,0.000e+00,0.00e+00,0,0.0,0.0,
mccnn_4layer_2026-02-25T17:40:58.216656,mccnn,4layer,full,4,eyeriss,thesis_arch,1056,524,128,12,128,69,False,False,"Ill-posed constraints:
CONSTRAINTS VIOLATION: Arch: Eyeriss_Constrained_4L_tile69_128x12 -> Level: InRegister: memory footprint: 78 VS memory available: 34",0.000e+00,0.000e+00,0.00e+00,0,0.0,0.0,
mccnn_4layer_2026-02-25T17:40:58.560964,mccnn,4layer,full,4,eyeriss,thesis_arch,1056,524,128,12,138,69,False,False,"Ill-posed constraints:
CONSTRAINTS VIOLATION: Arch: Eyeriss_Constrained_4L_tile69_138x12 -> Level: InRegister: memory footprint: 78 VS memory available: 34",0.000e+00,0.000e+00,0.00e+00,0,0.0,0.0,
mccnn_4layer_2026-02-25T17:40:58.918216,mccnn,4layer,full,4,eyeriss,thesis_arch,1056,524,128,14,4,69,False,False,"Ill-posed constraints:
CONSTRAINTS VIOLATION: Arch: Eyeriss_Constrained_4L_tile69_4x14 -> Level: InRegister: memory footprint: 78 VS memory available: 34",0.000e+00,0.000e+00,0.00e+00,0,0.0,0.0,
mccnn_4layer_2026-02-25T17:40:59.239242,mccnn,4layer,full,4,eyeriss,thesis_arch,1056,524,128,14,8,69,False,False,"Ill-posed constraints:
CONSTRAINTS VIOLATION: Arch: Eyeriss_Constrained_4L_tile69_8x14 -> Level: InRegister: memory footprint: 78 VS memory available: 34",0.000e+00,0.000e+00,0.00e+00,0,0.0,0.0,
mccnn_4layer_2026-02-25T17:40:59.591690,mccnn,4layer,full,4,eyeriss,thesis_arch,1056,524,128,14,16,69,False,False,"Ill-posed constraints:
CONSTRAINTS VIOLATION: Arch: Eyeriss_Constrained_4L_tile69_16x14 -> Level: InRegister: memory footprint: 78 VS memory available: 34",0.000e+00,0.000e+00,0.00e+00,0,0.0,0.0,
mccnn_4layer_2026-02-25T17:40:59.910127,mccnn,4layer,full,4,eyeriss,thesis_arch,1056,524,128,14,32,69,False,False,"Ill-posed constraints:
CONSTRAINTS VIOLATION: Arch: Eyeriss_Constrained_4L_tile69_32x14 -> Level: InRegister: memory footprint: 78 VS memory available: 34",0.000e+00,0.000e+00,0.00e+00,0,0.0,0.0,
mccnn_4layer_2026-02-25T17:41:00.236961,mccnn,4layer,full,4,eyeriss,thesis_arch,1056,524,128,14,64,69,False,False,"Ill-posed constraints:
CONSTRAINTS VIOLATION: Arch: Eyeriss_Constrained_4L_tile69_64x14 -> Level: InRegister: memory footprint: 78 VS memory available: 34",0.000e+00,0.000e+00,0.00e+00,0,0.0,0.0,
mccnn_4layer_2026-02-25T17:41:00.573533,mccnn,4layer,full,4,eyeriss,thesis_arch,1056,524,128,14,69,69,False,False,"Ill-posed constraints:
CONSTRAINTS VIOLATION: Arch: Eyeriss_Constrained_4L_tile69_69x14 -> Level: InRegister: memory footprint: 78 VS memory available: 34",0.000e+00,0.000e+00,0.00e+00,0,0.0,0.0,
mccnn_4layer_2026-02-25T17:41:00.815895,mccnn,4layer,full,4,eyeriss,thesis_arch,1056,524,128,14,128,69,False,False,"Ill-posed constraints:
CONSTRAINTS VIOLATION: Arch: Eyeriss_Constrained_4L_tile69_128x14 -> Level: InRegister: memory footprint: 78 VS memory available: 34",0.000e+00,0.000e+00,0.00e+00,0,0.0,0.0,
mccnn_4layer_2026-02-25T17:41:01.166600,mccnn,4layer,full,4,eyeriss,thesis_arch,1056,524,128,14,138,69,False,False,"Ill-posed constraints:
CONSTRAINTS VIOLATION: Arch: Eyeriss_Constrained_4L_tile69_138x14 -> Level: InRegister: memory footprint: 78 VS memory available: 34",0.000e+00,0.000e+00,0.00e+00,0,0.0,0.0,
mccnn_4layer_2026-02-25T17:41:01.501781,mccnn,4layer,full,4,eyeriss,thesis_arch,1056,524,128,16,4,69,False,False,"Ill-posed constraints:
CONSTRAINTS VIOLATION: Arch: Eyeriss_Constrained_4L_tile69_4x16 -> Level: InRegister: memory footprint: 78 VS memory available: 34",0.000e+00,0.000e+00,0.00e+00,0,0.0,0.0,
mccnn_4layer_2026-02-25T17:41:01.745187,mccnn,4layer,full,4,eyeriss,thesis_arch,1056,524,128,16,8,69,False,False,"Ill-posed constraints:
CONSTRAINTS VIOLATION: Arch: Eyeriss_Constrained_4L_tile69_8x16 -> Level: InRegister: memory footprint: 78 VS memory available: 34",0.000e+00,0.000e+00,0.00e+00,0,0.0,0.0,
mccnn_4layer_2026-02-25T17:41:02.096450,mccnn,4layer,full,4,eyeriss,thesis_arch,1056,524,128,16,16,69,False,False,"Ill-posed constraints:
CONSTRAINTS VIOLATION: Arch: Eyeriss_Constrained_4L_tile69_16x16 -> Level: InRegister: memory footprint: 78 VS memory available: 34",0.000e+00,0.000e+00,0.00e+00,0,0.0,0.0,
mccnn_4layer_2026-02-25T17:41:02.506023,mccnn,4layer,full,4,eyeriss,thesis_arch,1056,524,128,16,32,69,False,False,"Ill-posed constraints:
CONSTRAINTS VIOLATION: Arch: Eyeriss_Constrained_4L_tile69_32x16 -> Level: InRegister: memory footprint: 78 VS memory available: 34",0.000e+00,0.000e+00,0.00e+00,0,0.0,0.0,
mccnn_4layer_2026-02-25T17:41:02.808349,mccnn,4layer,full,4,eyeriss,thesis_arch,1056,524,128,16,64,69,False,False,"Ill-posed constraints:
CONSTRAINTS VIOLATION: Arch: Eyeriss_Constrained_4L_tile69_64x16 -> Level: InRegister: memory footprint: 78 VS memory available: 34",0.000e+00,0.000e+00,0.00e+00,0,0.0,0.0,
mccnn_4layer_2026-02-25T17:41:03.179128,mccnn,4layer,full,4,eyeriss,thesis_arch,1056,524,128,16,69,69,False,False,"Ill-posed constraints:
CONSTRAINTS VIOLATION: Arch: Eyeriss_Constrained_4L_tile69_69x16 -> Level: InRegister: memory footprint: 78 VS memory available: 34",0.000e+00,0.000e+00,0.00e+00,0,0.0,0.0,
mccnn_4layer_2026-02-25T17:41:03.517351,mccnn,4layer,full,4,eyeriss,thesis_arch,1056,524,128,16,128,69,False,False,"Ill-posed constraints:
CONSTRAINTS VIOLATION: Arch: Eyeriss_Constrained_4L_tile69_128x16 -> Level: InRegister: memory footprint: 78 VS memory available: 34",0.000e+00,0.000e+00,0.00e+00,0,0.0,0.0,
mccnn_4layer_2026-02-25T17:41:03.941186,mccnn,4layer,full,4,eyeriss,thesis_arch,1056,524,128,16,138,69,False,False,"Ill-posed constraints:
CONSTRAINTS VIOLATION: Arch: Eyeriss_Constrained_4L_tile69_138x16 -> Level: InRegister: memory footprint: 78 VS memory available: 34",0.000e+00,0.000e+00,0.00e+00,0,0.0,0.0,
mccnn_4layer_2026-02-25T17:41:04.279788,mccnn,4layer,full,4,eyeriss,thesis_arch,1056,524,128,28,4,69,False,False,"Ill-posed constraints:
CONSTRAINTS VIOLATION: Arch: Eyeriss_Constrained_4L_tile69_4x28 -> Level: InRegister: memory footprint: 42 VS memory available: 34",0.000e+00,0.000e+00,0.00e+00,0,0.0,0.0,
mccnn_4layer_2026-02-25T17:41:04.749296,mccnn,4layer,full,4,eyeriss,thesis_arch,1056,524,128,28,8,69,False,False,"Ill-posed constraints:
CONSTRAINTS VIOLATION: Arch: Eyeriss_Constrained_4L_tile69_8x28 -> Level: InRegister: memory footprint: 42 VS memory available: 34",0.000e+00,0.000e+00,0.00e+00,0,0.0,0.0,
mccnn_4layer_2026-02-25T17:41:05.492378,mccnn,4layer,full,4,eyeriss,thesis_arch,1056,524,128,28,16,69,False,False,"Ill-posed constraints:
CONSTRAINTS VIOLATION: Arch: Eyeriss_Constrained_4L_tile69_16x28 -> Level: InRegister: memory footprint: 42 VS memory available: 34",0.000e+00,0.000e+00,0.00e+00,0,0.0,0.0,
mccnn_4layer_2026-02-25T17:41:05.889015,mccnn,4layer,full,4,eyeriss,thesis_arch,1056,524,128,28,32,69,False,False,"Ill-posed constraints:
CONSTRAINTS VIOLATION: Arch: Eyeriss_Constrained_4L_tile69_32x28 -> Level: InRegister: memory footprint: 42 VS memory available: 34",0.000e+00,0.000e+00,0.00e+00,0,0.0,0.0,
mccnn_4layer_2026-02-25T17:41:06.252091,mccnn,4layer,full,4,eyeriss,thesis_arch,1056,524,128,28,64,69,False,False,"Ill-posed constraints:
CONSTRAINTS VIOLATION: Arch: Eyeriss_Constrained_4L_tile69_64x28 -> Level: InRegister: memory footprint: 42 VS memory available: 34",0.000e+00,0.000e+00,0.00e+00,0,0.0,0.0,
mccnn_4layer_2026-02-25T17:41:06.659830,mccnn,4layer,full,4,eyeriss,thesis_arch,1056,524,128,28,69,69,False,False,"Ill-posed constraints:
CONSTRAINTS VIOLATION: Arch: Eyeriss_Constrained_4L_tile69_69x28 -> Level: InRegister: memory footprint: 42 VS memory available: 34",0.000e+00,0.000e+00,0.00e+00,0,0.0,0.0,
mccnn_4layer_2026-02-25T17:41:07.200508,mccnn,4layer,full,4,eyeriss,thesis_arch,1056,524,128,28,128,69,False,False,"Ill-posed constraints:
CONSTRAINTS VIOLATION: Arch: Eyeriss_Constrained_4L_tile69_128x28 -> Level: InRegister: memory footprint: 42 VS memory available: 34",0.000e+00,0.000e+00,0.00e+00,0,0.0,0.0,
mccnn_4layer_2026-02-25T17:41:07.639553,mccnn,4layer,full,4,eyeriss,thesis_arch,1056,524,128,28,138,69,False,False,"Ill-posed constraints:
CONSTRAINTS VIOLATION: Arch: Eyeriss_Constrained_4L_tile69_138x28 -> Level: InRegister: memory footprint: 42 VS memory available: 34",0.000e+00,0.000e+00,0.00e+00,0,0.0,0.0,
mccnn_4layer_2026-02-25T17:41:07.916507,mccnn,4layer,full,4,eyeriss,thesis_arch,1056,524,128,32,4,69,False,False,"Ill-posed constraints:
CONSTRAINTS VIOLATION: Arch: Eyeriss_Constrained_4L_tile69_4x32 -> Level: InRegister: memory footprint: 42 VS memory available: 34",0.000e+00,0.000e+00,0.00e+00,0,0.0,0.0,
mccnn_4layer_2026-02-25T17:41:08.221849,mccnn,4layer,full,4,eyeriss,thesis_arch,1056,524,128,32,8,69,False,False,"Ill-posed constraints:
CONSTRAINTS VIOLATION: Arch: Eyeriss_Constrained_4L_tile69_8x32 -> Level: InRegister: memory footprint: 42 VS memory available: 34",0.000e+00,0.000e+00,0.00e+00,0,0.0,0.0,
mccnn_4layer_2026-02-25T17:41:08.578957,mccnn,4layer,full,4,eyeriss,thesis_arch,1056,524,128,32,16,69,False,False,"Ill-posed constraints:
CONSTRAINTS VIOLATION: Arch: Eyeriss_Constrained_4L_tile69_16x32 -> Level: InRegister: memory footprint: 42 VS memory available: 34",0.000e+00,0.000e+00,0.00e+00,0,0.0,0.0,
mccnn_4layer_2026-02-25T17:41:09.216569,mccnn,4layer,full,4,eyeriss,thesis_arch,1056,524,128,32,32,69,False,False,"Ill-posed constraints:
CONSTRAINTS VIOLATION: Arch: Eyeriss_Constrained_4L_tile69_32x32 -> Level: InRegister: memory footprint: 42 VS memory available: 34",0.000e+00,0.000e+00,0.00e+00,0,0.0,0.0,
mccnn_4layer_2026-02-25T17:41:09.651411,mccnn,4layer,full,4,eyeriss,thesis_arch,1056,524,128,32,64,69,False,False,"Ill-posed constraints:
CONSTRAINTS VIOLATION: Arch: Eyeriss_Constrained_4L_tile69_64x32 -> Level: InRegister: memory footprint: 42 VS memory available: 34",0.000e+00,0.000e+00,0.00e+00,0,0.0,0.0,
mccnn_4layer_2026-02-25T17:41:09.936812,mccnn,4layer,full,4,eyeriss,thesis_arch,1056,524,128,32,69,69,False,False,"Ill-posed constraints:
CONSTRAINTS VIOLATION: Arch: Eyeriss_Constrained_4L_tile69_69x32 -> Level: InRegister: memory footprint: 42 VS memory available: 34",0.000e+00,0.000e+00,0.00e+00,0,0.0,0.0,
mccnn_4layer_2026-02-25T17:41:10.264999,mccnn,4layer,full,4,eyeriss,thesis_arch,1056,524,128,32,128,69,False,False,"Ill-posed constraints:
CONSTRAINTS VIOLATION: Arch: Eyeriss_Constrained_4L_tile69_128x32 -> Level: InRegister: memory footprint: 42 VS memory available: 34",0.000e+00,0.000e+00,0.00e+00,0,0.0,0.0,
mccnn_4layer_2026-02-25T17:41:10.610404,mccnn,4layer,full,4,eyeriss,thesis_arch,1056,524,128,32,138,69,False,False,"Ill-posed constraints:
CONSTRAINTS VIOLATION: Arch: Eyeriss_Constrained_4L_tile69_138x32 -> Level: InRegister: memory footprint: 42 VS memory available: 34",0.000e+00,0.000e+00,0.00e+00,0,0.0,0.0,
mccnn_4layer_2026-02-25T17:41:10.854709,mccnn,4layer,full,4,eyeriss,thesis_arch,1056,524,128,56,4,69,False,True,,5.410e+04,6.865e+07,3.73e+06,"(33281613792, 14645336112)",0.26988754685547683,0.10544419288635254,DRAM[P=376 Q=18 Z3=1 C3=1 R3=1 S3=1 Y2=376 X2=18 Z2=1 C2=1 R2=1 S2=1 Y1=376 X1=18 Z1=1 C1=1 R1=1 S1=1 Y0=376 X0=18 Z0=1 C0=1 R0=1 S0=1] GlobalBuffer[P=1 Q=69 Z3=1 C3=1 R3=1 S3=1 Y2=1 X2=69 Z2=1 C2=1 R2=1 S2=1 Y1=1 X1=69 Z1=1 C1=1 R1=1 S1=1 Y0=1 X0=69 Z0=1 C0=1 R0=1 S0=1] SACols[Q=1 Z3=4] SARows[S3=3 C3=16 Z3=1] SACols_2[X2=1 Z2=4] SARows_2[S2=3 C2=16 Z2=1] SACols_1[X1=1 Z1=4] SARows_1[S1=3 C1=16 Z1=1] SACols_0[X0=1 Z0=4] SARows_0[S0=3 C0=1 Z0=8] InRegister[P=1 Q=1 Z3=1 C3=1 R3=1 S3=1 Y2=1 X2=1 Z2=1 C2=1 R2=1 S2=1 Y1=1 X1=1 Z1=1 C1=1 R1=1 S1=1 Y0=1 X0=1 Z0=1 C0=1 R0=1 S0=1] WRegister[P=1 Q=1 Z3=1 C3=2 R3=3 S3=1 Y2=1 X2=1 Z2=1 C2=2 R2=3 S2=1 Y1=1 X1=1 Z1=1 C1=2 R1=3 S1=1 Y0=1 X0=1 Z0=1 C0=1 R0=3 S0=1] IntermediateRegister[P=1 Q=1 Z3=1 C3=1 R3=1 S3=1 Y2=1 X2=1 Z2=8 C2=1 R2=1 S2=1 Y1=1 X1=1 Z1=8 C1=1 R1=1 S1=1 Y0=1 X0=1 Z0=1 C0=1 R0=1 S0=1] OutRegister[P=1 Q=1 Z3=8 C3=1 R3=1 S3=1 Y2=1 X2=1 Z2=1 C2=1 R2=1 S2=1 Y1=1 X1=1 Z1=1 C1=1 R1=1 S1=1 Y0=1 X0=1 Z0=1 C0=1 R0=1 S0=1] Compute] 
mccnn_4layer_2026-02-25T17:41:11.259456,mccnn,4layer,full,4,eyeriss,thesis_arch,1056,524,128,56,8,69,False,True,,5.449e+04,3.502e+07,1.92e+06,"(34357563360, 14645336112)",0.13494377342773842,0.08461999893188477,DRAM[P=376 Q=18 Z3=1 C3=1 R3=1 S3=1 Y2=376 X2=18 Z2=1 C2=1 R2=1 S2=1 Y1=376 X1=18 Z1=1 C1=1 R1=1 S1=1 Y0=376 X0=18 Z0=1 C0=1 R0=1 S0=1] GlobalBuffer[P=1 Q=69 Z3=1 C3=1 R3=1 S3=1 Y2=1 X2=69 Z2=1 C2=1 R2=1 S2=1 Y1=1 X1=69 Z1=1 C1=1 R1=1 S1=1 Y0=1 X0=69 Z0=1 C0=1 R0=1 S0=1] SACols[Q=1 Z3=8] SARows[S3=3 C3=16 Z3=1] SACols_2[X2=1 Z2=8] SARows_2[S2=3 C2=16 Z2=1] SACols_1[X1=1 Z1=8] SARows_1[S1=3 C1=16 Z1=1] SACols_0[X0=1 Z0=8] SARows_0[S0=3 C0=1 Z0=4] InRegister[P=1 Q=1 Z3=1 C3=1 R3=1 S3=1 Y2=1 X2=1 Z2=1 C2=1 R2=1 S2=1 Y1=1 X1=1 Z1=1 C1=1 R1=1 S1=1 Y0=1 X0=1 Z0=1 C0=1 R0=1 S0=1] WRegister[P=1 Q=1 Z3=1 C3=2 R3=3 S3=1 Y2=1 X2=1 Z2=1 C2=2 R2=3 S2=1 Y1=1 X1=1 Z1=1 C1=2 R1=3 S1=1 Y0=1 X0=1 Z0=1 C0=1 R0=3 S0=1] IntermediateRegister[P=1 Q=1 Z3=1 C3=1 R3=1 S3=1 Y2=1 X2=1 Z2=4 C2=1 R2=1 S2=1 Y1=1 X1=1 Z1=4 C1=1 R1=1 S1=1 Y0=1 X0=1 Z0=1 C0=1 R0=1 S0=1] OutRegister[P=1 Q=1 Z3=4 C3=1 R3=1 S3=1 Y2=1 X2=1 Z2=1 C2=1 R2=1 S2=1 Y1=1 X1=1 Z1=1 C1=1 R1=1 S1=1 Y0=1 X0=1 Z0=1 C0=1 R0=1 S0=1] Compute] 
mccnn_4layer_2026-02-25T17:41:11.677685,mccnn,4layer,full,4,eyeriss,thesis_arch,1056,524,128,56,16,69,False,True,,5.526e+04,1.821e+07,1.02e+06,"(36509462496, 14645336112)",0.06747188671386921,0.06748485565185547,DRAM[P=376 Q=18 Z3=1 C3=1 R3=1 S3=1 Y2=376 X2=18 Z2=1 C2=1 R2=1 S2=1 Y1=376 X1=18 Z1=1 C1=1 R1=1 S1=1 Y0=376 X0=18 Z0=1 C0=1 R0=1 S0=1] GlobalBuffer[P=1 Q=69 Z3=1 C3=1 R3=1 S3=1 Y2=1 X2=69 Z2=1 C2=1 R2=1 S2=1 Y1=1 X1=69 Z1=1 C1=1 R1=1 S1=1 Y0=1 X0=69 Z0=1 C0=1 R0=1 S0=1] SACols[Q=1 Z3=16] SARows[S3=3 C3=16 Z3=1] SACols_2[X2=1 Z2=16] SARows_2[S2=3 C2=16 Z2=1] SACols_1[X1=1 Z1=16] SARows_1[S1=3 C1=16 Z1=1] SACols_0[X0=1 Z0=16] SARows_0[S0=3 C0=1 Z0=2] InRegister[P=1 Q=1 Z3=1 C3=1 R3=1 S3=1 Y2=1 X2=1 Z2=1 C2=1 R2=1 S2=1 Y1=1 X1=1 Z1=1 C1=1 R1=1 S1=1 Y0=1 X0=1 Z0=1 C0=1 R0=1 S0=1] WRegister[P=1 Q=1 Z3=1 C3=2 R3=3 S3=1 Y2=1 X2=1 Z2=1 C2=2 R2=3 S2=1 Y1=1 X1=1 Z1=1 C1=2 R1=3 S1=1 Y0=1 X0=1 Z0=1 C0=1 R0=3 S0=1] IntermediateRegister[P=1 Q=1 Z3=1 C3=1 R3=1 S3=1 Y2=1 X2=1 Z2=2 C2=1 R2=1 S2=1 Y1=1 X1=1 Z1=2 C1=1 R1=1 S1=1 Y0=1 X0=1 Z0=1 C0=1 R0=1 S0=1] OutRegister[P=1 Q=1 Z3=2 C3=1 R3=1 S3=1 Y2=1 X2=1 Z2=1 C2=1 R2=1 S2=1 Y1=1 X1=1 Z1=1 C1=1 R1=1 S1=1 Y0=1 X0=1 Z0=1 C0=1 R0=1 S0=1] Compute] 
mccnn_4layer_2026-02-25T17:41:12.117152,mccnn,4layer,full,4,eyeriss,thesis_arch,1056,524,128,56,32,69,False,True,,5.680e+04,1.261e+07,7.36e+05,"(40813260768, 14645336112)",0.033735943356934604,0.08902859687805176,DRAM[P=376 Q=18 Z3=1 C3=1 R3=1 S3=1 Y2=376 X2=18 Z2=1 C2=1 R2=1 S2=1 Y1=376 X1=18 Z1=1 C1=1 R1=1 S1=1 Y0=376 X0=18 Z0=1 C0=1 R0=1 S0=1] GlobalBuffer[P=1 Q=69 Z3=1 C3=1 R3=1 S3=1 Y2=1 X2=69 Z2=1 C2=1 R2=1 S2=1 Y1=1 X1=69 Z1=1 C1=1 R1=1 S1=1 Y0=1 X0=69 Z0=1 C0=1 R0=1 S0=1] SACols[Q=1 Z3=32] SARows[S3=3 C3=16 Z3=1] SACols_2[X2=1 Z2=32] SARows_2[S2=3 C2=16 Z2=1] SACols_1[X1=1 Z1=32] SARows_1[S1=3 C1=16 Z1=1] SACols_0[X0=1 Z0=32] SARows_0[S0=3 C0=1 Z0=1] InRegister[P=1 Q=1 Z3=1 C3=1 R3=1 S3=1 Y2=1 X2=1 Z2=1 C2=1 R2=1 S2=1 Y1=1 X1=1 Z1=1 C1=1 R1=1 S1=1 Y0=1 X0=1 Z0=1 C0=1 R0=1 S0=1] WRegister[P=1 Q=1 Z3=1 C3=2 R3=3 S3=1 Y2=1 X2=1 Z2=1 C2=2 R2=3 S2=1 Y1=1 X1=1 Z1=1 C1=2 R1=3 S1=1 Y0=1 X0=1 Z0=1 C0=1 R0=3 S0=1] IntermediateRegister[P=1 Q=1 Z3=1 C3=1 R3=1 S3=1 Y2=1 X2=1 Z2=1 C2=1 R2=1 S2=1 Y1=1 X1=1 Z1=1 C1=1 R1=1 S1=1 Y0=1 X0=1 Z0=1 C0=1 R0=1 S0=1] OutRegister[P=1 Q=1 Z3=1 C3=1 R3=1 S3=1 Y2=1 X2=1 Z2=1 C2=1 R2=1 S2=1 Y1=1 X1=1 Z1=1 C1=1 R1=1 S1=1 Y0=1 X0=1 Z0=1 C0=1 R0=1 S0=1] Compute] 
mccnn_4layer_2026-02-25T17:41:12.543327,mccnn,4layer,full,4,eyeriss,thesis_arch,1056,524,128,56,64,69,False,True,,5.680e+04,1.261e+07,7.36e+05,"(40813260768, 14645336112)",0.0021084964598084128,0.059424638748168945,DRAM[P=376 Q=18 Z3=1 C3=1 R3=1 S3=1 Y2=376 X2=18 Z2=1 C2=1 R2=1 S2=1 Y1=376 X1=18 Z1=1 C1=1 R1=1 S1=1 Y0=376 X0=18 Z0=1 C0=1 R0=1 S0=1] GlobalBuffer[P=1 Q=69 Z3=1 C3=1 R3=1 S3=1 Y2=1 X2=69 Z2=1 C2=1 R2=1 S2=1 Y1=1 X1=69 Z1=1 C1=1 R1=1 S1=1 Y0=1 X0=69 Z0=1 C0=1 R0=1 S0=1] SACols[Q=1 Z3=32] SARows[S3=3 C3=16 Z3=1] SACols_2[X2=1 Z2=32] SARows_2[S2=3 C2=16 Z2=1] SACols_1[X1=1 Z1=32] SARows_1[S1=3 C1=16 Z1=1] SACols_0[X0=1 Z0=32] SARows_0[S0=3 C0=1 Z0=1] InRegister[P=1 Q=1 Z3=1 C3=1 R3=1 S3=1 Y2=1 X2=1 Z2=1 C2=1 R2=1 S2=1 Y1=1 X1=1 Z1=1 C1=1 R1=1 S1=1 Y0=1 X0=1 Z0=1 C0=1 R0=1 S0=1] WRegister[P=1 Q=1 Z3=1 C3=2 R3=3 S3=1 Y2=1 X2=1 Z2=1 C2=2 R2=3 S2=1 Y1=1 X1=1 Z1=1 C1=2 R1=3 S1=1 Y0=1 X0=1 Z0=1 C0=1 R0=3 S0=1] IntermediateRegister[P=1 Q=1 Z3=1 C3=1 R3=1 S3=1 Y2=1 X2=1 Z2=1 C2=1 R2=1 S2=1 Y1=1 X1=1 Z1=1 C1=1 R1=1 S1=1 Y0=1 X0=1 Z0=1 C0=1 R0=1 S0=1] OutRegister[P=1 Q=1 Z3=1 C3=1 R3=1 S3=1 Y2=1 X2=1 Z2=1 C2=1 R2=1 S2=1 Y1=1 X1=1 Z1=1 C1=1 R1=1 S1=1 Y0=1 X0=1 Z0=1 C0=1 R0=1 S0=1] Compute] 
mccnn_4layer_2026-02-25T17:41:12.944226,mccnn,4layer,full,4,eyeriss,thesis_arch,1056,524,128,56,69,69,False,True,,5.680e+04,1.261e+07,7.36e+05,"(40813260768, 14645336112)",0.0015606172721026662,0.05714750289916992,DRAM[P=376 Q=18 Z3=1 C3=1 R3=1 S3=1 Y2=376 X2=18 Z2=1 C2=1 R2=1 S2=1 Y1=376 X1=18 Z1=1 C1=1 R1=1 S1=1 Y0=376 X0=18 Z0=1 C0=1 R0=1 S0=1] GlobalBuffer[P=1 Q=69 Z3=1 C3=1 R3=1 S3=1 Y2=1 X2=69 Z2=1 C2=1 R2=1 S2=1 Y1=1 X1=69 Z1=1 C1=1 R1=1 S1=1 Y0=1 X0=69 Z0=1 C0=1 R0=1 S0=1] SACols[Q=1 Z3=32] SARows[S3=3 C3=16 Z3=1] SACols_2[X2=1 Z2=32] SARows_2[S2=3 C2=16 Z2=1] SACols_1[X1=1 Z1=32] SARows_1[S1=3 C1=16 Z1=1] SACols_0[X0=1 Z0=32] SARows_0[S0=3 C0=1 Z0=1] InRegister[P=1 Q=1 Z3=1 C3=1 R3=1 S3=1 Y2=1 X2=1 Z2=1 C2=1 R2=1 S2=1 Y1=1 X1=1 Z1=1 C1=1 R1=1 S1=1 Y0=1 X0=1 Z0=1 C0=1 R0=1 S0=1] WRegister[P=1 Q=1 Z3=1 C3=2 R3=3 S3=1 Y2=1 X2=1 Z2=1 C2=2 R2=3 S2=1 Y1=1 X1=1 Z1=1 C1=2 R1=3 S1=1 Y0=1 X0=1 Z0=1 C0=1 R0=3 S0=1] IntermediateRegister[P=1 Q=1 Z3=1 C3=1 R3=1 S3=1 Y2=1 X2=1 Z2=1 C2=1 R2=1 S2=1 Y1=1 X1=1 Z1=1 C1=1 R1=1 S1=1 Y0=1 X0=1 Z0=1 C0=1 R0=1 S0=1] OutRegister[P=1 Q=1 Z3=1 C3=1 R3=1 S3=1 Y2=1 X2=1 Z2=1 C2=1 R2=1 S2=1 Y1=1 X1=1 Z1=1 C1=1 R1=1 S1=1 Y0=1 X0=1 Z0=1 C0=1 R0=1 S0=1] Compute] 
mccnn_4layer_2026-02-25T17:41:13.241609,mccnn,4layer,full,4,eyeriss,thesis_arch,1056,524,128,56,128,69,False,True,,5.680e+04,1.223e+07,7.13e+05,"(40813260768, 14645336112)",0.01067426332778009,0.05926203727722168,DRAM[P=376 Q=18 Z3=1 C3=1 R3=1 S3=1 Y2=376 X2=18 Z2=1 C2=1 R2=1 S2=1 Y1=376 X1=18 Z1=1 C1=1 R1=1 S1=1 Y0=376 X0=18 Z0=1 C0=1 R0=1 S0=1] GlobalBuffer[P=1 Q=23 Z3=1 C3=1 R3=1 S3=1 Y2=1 X2=23 Z2=1 C2=1 R2=1 S2=1 Y1=1 X1=23 Z1=1 C1=1 R1=1 S1=1 Y0=1 X0=23 Z0=1 C0=1 R0=1 S0=1] SACols[Q=3 Z3=32] SARows[S3=3 C3=16 Z3=1] SACols_2[X2=3 Z2=32] SARows_2[S2=3 C2=16 Z2=1] SACols_1[X1=3 Z1=32] SARows_1[S1=3 C1=16 Z1=1] SACols_0[X0=3 Z0=32] SARows_0[S0=3 C0=1 Z0=1] InRegister[P=1 Q=1 Z3=1 C3=1 R3=1 S3=1 Y2=1 X2=1 Z2=1 C2=1 R2=1 S2=1 Y1=1 X1=1 Z1=1 C1=1 R1=1 S1=1 Y0=1 X0=1 Z0=1 C0=1 R0=1 S0=1] WRegister[P=1 Q=1 Z3=1 C3=2 R3=3 S3=1 Y2=1 X2=1 Z2=1 C2=2 R2=3 S2=1 Y1=1 X1=1 Z1=1 C1=2 R1=3 S1=1 Y0=1 X0=1 Z0=1 C0=1 R0=3 S0=1] IntermediateRegister[P=1 Q=1 Z3=1 C3=1 R3=1 S3=1 Y2=1 X2=1 Z2=1 C2=1 R2=1 S2=1 Y1=1 X1=1 Z1=1 C1=1 R1=1 S1=1 Y0=1 X0=1 Z0=1 C0=1 R0=1 S0=1] OutRegister[P=1 Q=1 Z3=1 C3=1 R3=1 S3=1 Y2=1 X2=1 Z2=1 C2=1 R2=1 S2=1 Y1=1 X1=1 Z1=1 C1=1 R1=1 S1=1 Y0=1 X0=1 Z0=1 C0=1 R0=1 S0=1] Compute] 
mccnn_4layer_2026-02-25T17:41:13.545789,mccnn,4layer,full,4,eyeriss,thesis_arch,1056,524,128,56,138,69,False,True,,5.680e+04,1.223e+07,7.13e+05,"(40813260768, 14645336112)",0.007900624940019748,0.05314230918884277,DRAM[P=376 Q=18 Z3=1 C3=1 R3=1 S3=1 Y2=376 X2=18 Z2=1 C2=1 R2=1 S2=1 Y1=376 X1=18 Z1=1 C1=1 R1=1 S1=1 Y0=376 X0=18 Z0=1 C0=1 R0=1 S0=1] GlobalBuffer[P=1 Q=23 Z3=1 C3=1 R3=1 S3=1 Y2=1 X2=23 Z2=1 C2=1 R2=1 S2=1 Y1=1 X1=23 Z1=1 C1=1 R1=1 S1=1 Y0=1 X0=23 Z0=1 C0=1 R0=1 S0=1] SACols[Q=3 Z3=32] SARows[S3=3 C3=16 Z3=1] SACols_2[X2=3 Z2=32] SARows_2[S2=3 C2=16 Z2=1] SACols_1[X1=3 Z1=32] SARows_1[S1=3 C1=16 Z1=1] SACols_0[X0=3 Z0=32] SARows_0[S0=3 C0=1 Z0=1] InRegister[P=1 Q=1 Z3=1 C3=1 R3=1 S3=1 Y2=1 X2=1 Z2=1 C2=1 R2=1 S2=1 Y1=1 X1=1 Z1=1 C1=1 R1=1 S1=1 Y0=1 X0=1 Z0=1 C0=1 R0=1 S0=1] WRegister[P=1 Q=1 Z3=1 C3=2 R3=3 S3=1 Y2=1 X2=1 Z2=1 C2=2 R2=3 S2=1 Y1=1 X1=1 Z1=1 C1=2 R1=3 S1=1 Y0=1 X0=1 Z0=1 C0=1 R0=3 S0=1] IntermediateRegister[P=1 Q=1 Z3=1 C3=1 R3=1 S3=1 Y2=1 X2=1 Z2=1 C2=1 R2=1 S2=1 Y1=1 X1=1 Z1=1 C1=1 R1=1 S1=1 Y0=1 X0=1 Z0=1 C0=1 R0=1 S0=1] OutRegister[P=1 Q=1 Z3=1 C3=1 R3=1 S3=1 Y2=1 X2=1 Z2=1 C2=1 R2=1 S2=1 Y1=1 X1=1 Z1=1 C1=1 R1=1 S1=1 Y0=1 X0=1 Z0=1 C0=1 R0=1 S0=1] Compute] 
mccnn_4layer_2026-02-25T17:41:13.841423,mccnn,4layer,full,4,eyeriss,thesis_arch,1056,524,128,84,4,69,False,True,,5.410e+04,6.865e+07,3.73e+06,"(33281613792, 14645336112)",0.05331112036651394,0.06476068496704102,DRAM[P=376 Q=18 Z3=1 C3=1 R3=1 S3=1 Y2=376 X2=18 Z2=1 C2=1 R2=1 S2=1 Y1=376 X1=18 Z1=1 C1=1 R1=1 S1=1 Y0=376 X0=18 Z0=1 C0=1 R0=1 S0=1] GlobalBuffer[P=1 Q=69 Z3=1 C3=1 R3=1 S3=1 Y2=1 X2=69 Z2=1 C2=1 R2=1 S2=1 Y1=1 X1=69 Z1=1 C1=1 R1=1 S1=1 Y0=1 X0=69 Z0=1 C0=1 R0=1 S0=1] SACols[Q=1 Z3=4] SARows[S3=3 C3=16 Z3=1] SACols_2[X2=1 Z2=4] SARows_2[S2=3 C2=16 Z2=1] SACols_1[X1=1 Z1=4] SARows_1[S1=3 C1=16 Z1=1] SACols_0[X0=1 Z0=4] SARows_0[S0=3 C0=1 Z0=8] InRegister[P=1 Q=1 Z3=1 C3=1 R3=1 S3=1 Y2=1 X2=1 Z2=1 C2=1 R2=1 S2=1 Y1=1 X1=1 Z1=1 C1=1 R1=1 S1=1 Y0=1 X0=1 Z0=1 C0=1 R0=1 S0=1] WRegister[P=1 Q=1 Z3=1 C3=2 R3=3 S3=1 Y2=1 X2=1 Z2=1 C2=2 R2=3 S2=1 Y1=1 X1=1 Z1=1 C1=2 R1=3 S1=1 Y0=1 X0=1 Z0=1 C0=1 R0=3 S0=1] IntermediateRegister[P=1 Q=1 Z3=1 C3=1 R3=1 S3=1 Y2=1 X2=1 Z2=8 C2=1 R2=1 S2=1 Y1=1 X1=1 Z1=8 C1=1 R1=1 S1=1 Y0=1 X0=1 Z0=1 C0=1 R0=1 S0=1] OutRegister[P=1 Q=1 Z3=8 C3=1 R3=1 S3=1 Y2=1 X2=1 Z2=1 C2=1 R2=1 S2=1 Y1=1 X1=1 Z1=1 C1=1 R1=1 S1=1 Y0=1 X0=1 Z0=1 C0=1 R0=1 S0=1] Compute] 
mccnn_4layer_2026-02-25T17:41:14.232156,mccnn,4layer,full,4,eyeriss,thesis_arch,1056,524,128,84,8,69,False,True,,5.449e+04,3.502e+07,1.92e+06,"(34357563360, 14645336112)",0.02665556018325697,0.05903434753417969,DRAM[P=376 Q=18 Z3=1 C3=1 R3=1 S3=1 Y2=376 X2=18 Z2=1 C2=1 R2=1 S2=1 Y1=376 X1=18 Z1=1 C1=1 R1=1 S1=1 Y0=376 X0=18 Z0=1 C0=1 R0=1 S0=1] GlobalBuffer[P=1 Q=69 Z3=1 C3=1 R3=1 S3=1 Y2=1 X2=69 Z2=1 C2=1 R2=1 S2=1 Y1=1 X1=69 Z1=1 C1=1 R1=1 S1=1 Y0=1 X0=69 Z0=1 C0=1 R0=1 S0=1] SACols[Q=1 Z3=8] SARows[S3=3 C3=16 Z3=1] SACols_2[X2=1 Z2=8] SARows_2[S2=3 C2=16 Z2=1] SACols_1[X1=1 Z1=8] SARows_1[S1=3 C1=16 Z1=1] SACols_0[X0=1 Z0=8] SARows_0[S0=3 C0=1 Z0=4] InRegister[P=1 Q=1 Z3=1 C3=1 R3=1 S3=1 Y2=1 X2=1 Z2=1 C2=1 R2=1 S2=1 Y1=1 X1=1 Z1=1 C1=1 R1=1 S1=1 Y0=1 X0=1 Z0=1 C0=1 R0=1 S0=1] WRegister[P=1 Q=1 Z3=1 C3=2 R3=3 S3=1 Y2=1 X2=1 Z2=1 C2=2 R2=3 S2=1 Y1=1 X1=1 Z1=1 C1=2 R1=3 S1=1 Y0=1 X0=1 Z0=1 C0=1 R0=3 S0=1] IntermediateRegister[P=1 Q=1 Z3=1 C3=1 R3=1 S3=1 Y2=1 X2=1 Z2=4 C2=1 R2=1 S2=1 Y1=1 X1=1 Z1=4 C1=1 R1=1 S1=1 Y0=1 X0=1 Z0=1 C0=1 R0=1 S0=1] OutRegister[P=1 Q=1 Z3=4 C3=1 R3=1 S3=1 Y2=1 X2=1 Z2=1 C2=1 R2=1 S2=1 Y1=1 X1=1 Z1=1 C1=1 R1=1 S1=1 Y0=1 X0=1 Z0=1 C0=1 R0=1 S0=1] Compute] 
mccnn_4layer_2026-02-25T17:41:14.540401,mccnn,4layer,full,4,eyeriss,thesis_arch,1056,524,128,84,16,69,False,True,,5.526e+04,1.821e+07,1.02e+06,"(36509462496, 14645336112)",0.013327780091628485,0.06571626663208008,DRAM[P=376 Q=18 Z3=1 C3=1 R3=1 S3=1 Y2=376 X2=18 Z2=1 C2=1 R2=1 S2=1 Y1=376 X1=18 Z1=1 C1=1 R1=1 S1=1 Y0=376 X0=18 Z0=1 C0=1 R0=1 S0=1] GlobalBuffer[P=1 Q=69 Z3=1 C3=1 R3=1 S3=1 Y2=1 X2=69 Z2=1 C2=1 R2=1 S2=1 Y1=1 X1=69 Z1=1 C1=1 R1=1 S1=1 Y0=1 X0=69 Z0=1 C0=1 R0=1 S0=1] SACols[Q=1 Z3=16] SARows[S3=3 C3=16 Z3=1] SACols_2[X2=1 Z2=16] SARows_2[S2=3 C2=16 Z2=1] SACols_1[X1=1 Z1=16] SARows_1[S1=3 C1=16 Z1=1] SACols_0[X0=1 Z0=16] SARows_0[S0=3 C0=1 Z0=2] InRegister[P=1 Q=1 Z3=1 C3=1 R3=1 S3=1 Y2=1 X2=1 Z2=1 C2=1 R2=1 S2=1 Y1=1 X1=1 Z1=1 C1=1 R1=1 S1=1 Y0=1 X0=1 Z0=1 C0=1 R0=1 S0=1] WRegister[P=1 Q=1 Z3=1 C3=2 R3=3 S3=1 Y2=1 X2=1 Z2=1 C2=2 R2=3 S2=1 Y1=1 X1=1 Z1=1 C1=2 R1=3 S1=1 Y0=1 X0=1 Z0=1 C0=1 R0=3 S0=1] IntermediateRegister[P=1 Q=1 Z3=1 C3=1 R3=1 S3=1 Y2=1 X2=1 Z2=2 C2=1 R2=1 S2=1 Y1=1 X1=1 Z1=2 C1=1 R1=1 S1=1 Y0=1 X0=1 Z0=1 C0=1 R0=1 S0=1] OutRegister[P=1 Q=1 Z3=2 C3=1 R3=1 S3=1 Y2=1 X2=1 Z2=1 C2=1 R2=1 S2=1 Y1=1 X1=1 Z1=1 C1=1 R1=1 S1=1 Y0=1 X0=1 Z0=1 C0=1 R0=1 S0=1] Compute] 
mccnn_4layer_2026-02-25T17:41:14.870967,mccnn,4layer,full,4,eyeriss,thesis_arch,1056,524,128,84,32,69,False,True,,5.680e+04,1.261e+07,7.36e+05,"(40813260768, 14645336112)",0.006663890045814243,0.05888485908508301,DRAM[P=376 Q=18 Z3=1 C3=1 R3=1 S3=1 Y2=376 X2=18 Z2=1 C2=1 R2=1 S2=1 Y1=376 X1=18 Z1=1 C1=1 R1=1 S1=1 Y0=376 X0=18 Z0=1 C0=1 R0=1 S0=1] GlobalBuffer[P=1 Q=69 Z3=1 C3=1 R3=1 S3=1 Y2=1 X2=69 Z2=1 C2=1 R2=1 S2=1 Y1=1 X1=69 Z1=1 C1=1 R1=1 S1=1 Y0=1 X0=69 Z0=1 C0=1 R0=1 S0=1] SACols[Q=1 Z3=32] SARows[S3=3 C3=16 Z3=1] SACols_2[X2=1 Z2=32] SARows_2[S2=3 C2=16 Z2=1] SACols_1[X1=1 Z1=32] SARows_1[S1=3 C1=16 Z1=1] SACols_0[X0=1 Z0=32] SARows_0[S0=3 C0=1 Z0=1] InRegister[P=1 Q=1 Z3=1 C3=1 R3=1 S3=1 Y2=1 X2=1 Z2=1 C2=1 R2=1 S2=1 Y1=1 X1=1 Z1=1 C1=1 R1=1 S1=1 Y0=1 X0=1 Z0=1 C0=1 R0=1 S0=1] WRegister[P=1 Q=1 Z3=1 C3=2 R3=3 S3=1 Y2=1 X2=1 Z2=1 C2=2 R2=3 S2=1 Y1=1 X1=1 Z1=1 C1=2 R1=3 S1=1 Y0=1 X0=1 Z0=1 C0=1 R0=3 S0=1] IntermediateRegister[P=1 Q=1 Z3=1 C3=1 R3=1 S3=1 Y2=1 X2=1 Z2=1 C2=1 R2=1 S2=1 Y1=1 X1=1 Z1=1 C1=1 R1=1 S1=1 Y0=1 X0=1 Z0=1 C0=1 R0=1 S0=1] OutRegister[P=1 Q=1 Z3=1 C3=1 R3=1 S3=1 Y2=1 X2=1 Z2=1 C2=1 R2=1 S2=1 Y1=1 X1=1 Z1=1 C1=1 R1=1 S1=1 Y0=1 X0=1 Z0=1 C0=1 R0=1 S0=1] Compute] 
mccnn_4layer_2026-02-25T17:41:15.240247,mccnn,4layer,full,4,eyeriss,thesis_arch,1056,524,128,84,64,69,False,True,,5.680e+04,1.261e+07,7.36e+05,"(40813260768, 14645336112)",0.00041649312786339016,0.0650029182434082,DRAM[P=376 Q=18 Z3=1 C3=1 R3=1 S3=1 Y2=376 X2=18 Z2=1 C2=1 R2=1 S2=1 Y1=376 X1=18 Z1=1 C1=1 R1=1 S1=1 Y0=376 X0=18 Z0=1 C0=1 R0=1 S0=1] GlobalBuffer[P=1 Q=69 Z3=1 C3=1 R3=1 S3=1 Y2=1 X2=69 Z2=1 C2=1 R2=1 S2=1 Y1=1 X1=69 Z1=1 C1=1 R1=1 S1=1 Y0=1 X0=69 Z0=1 C0=1 R0=1 S0=1] SACols[Q=1 Z3=32] SARows[S3=3 C3=16 Z3=1] SACols_2[X2=1 Z2=32] SARows_2[S2=3 C2=16 Z2=1] SACols_1[X1=1 Z1=32] SARows_1[S1=3 C1=16 Z1=1] SACols_0[X0=1 Z0=32] SARows_0[S0=3 C0=1 Z0=1] InRegister[P=1 Q=1 Z3=1 C3=1 R3=1 S3=1 Y2=1 X2=1 Z2=1 C2=1 R2=1 S2=1 Y1=1 X1=1 Z1=1 C1=1 R1=1 S1=1 Y0=1 X0=1 Z0=1 C0=1 R0=1 S0=1] WRegister[P=1 Q=1 Z3=1 C3=2 R3=3 S3=1 Y2=1 X2=1 Z2=1 C2=2 R2=3 S2=1 Y1=1 X1=1 Z1=1 C1=2 R1=3 S1=1 Y0=1 X0=1 Z0=1 C0=1 R0=3 S0=1] IntermediateRegister[P=1 Q=1 Z3=1 C3=1 R3=1 S3=1 Y2=1 X2=1 Z2=1 C2=1 R2=1 S2=1 Y1=1 X1=1 Z1=1 C1=1 R1=1 S1=1 Y0=1 X0=1 Z0=1 C0=1 R0=1 S0=1] OutRegister[P=1 Q=1 Z3=1 C3=1 R3=1 S3=1 Y2=1 X2=1 Z2=1 C2=1 R2=1 S2=1 Y1=1 X1=1 Z1=1 C1=1 R1=1 S1=1 Y0=1 X0=1 Z0=1 C0=1 R0=1 S0=1] Compute] 
mccnn_4layer_2026-02-25T17:41:15.649623,mccnn,4layer,full,4,eyeriss,thesis_arch,1056,524,128,84,69,69,False,True,,5.680e+04,1.261e+07,7.36e+05,"(40813260768, 14645336112)",0.00030827007844003276,0.06293034553527832,DRAM[P=376 Q=18 Z3=1 C3=1 R3=1 S3=1 Y2=376 X2=18 Z2=1 C2=1 R2=1 S2=1 Y1=376 X1=18 Z1=1 C1=1 R1=1 S1=1 Y0=376 X0=18 Z0=1 C0=1 R0=1 S0=1] GlobalBuffer[P=1 Q=69 Z3=1 C3=1 R3=1 S3=1 Y2=1 X2=69 Z2=1 C2=1 R2=1 S2=1 Y1=1 X1=69 Z1=1 C1=1 R1=1 S1=1 Y0=1 X0=69 Z0=1 C0=1 R0=1 S0=1] SACols[Q=1 Z3=32] SARows[S3=3 C3=16 Z3=1] SACols_2[X2=1 Z2=32] SARows_2[S2=3 C2=16 Z2=1] SACols_1[X1=1 Z1=32] SARows_1[S1=3 C1=16 Z1=1] SACols_0[X0=1 Z0=32] SARows_0[S0=3 C0=1 Z0=1] InRegister[P=1 Q=1 Z3=1 C3=1 R3=1 S3=1 Y2=1 X2=1 Z2=1 C2=1 R2=1 S2=1 Y1=1 X1=1 Z1=1 C1=1 R1=1 S1=1 Y0=1 X0=1 Z0=1 C0=1 R0=1 S0=1] WRegister[P=1 Q=1 Z3=1 C3=2 R3=3 S3=1 Y2=1 X2=1 Z2=1 C2=2 R2=3 S2=1 Y1=1 X1=1 Z1=1 C1=2 R1=3 S1=1 Y0=1 X0=1 Z0=1 C0=1 R0=3 S0=1] IntermediateRegister[P=1 Q=1 Z3=1 C3=1 R3=1 S3=1 Y2=1 X2=1 Z2=1 C2=1 R2=1 S2=1 Y1=1 X1=1 Z1=1 C1=1 R1=1 S1=1 Y0=1 X0=1 Z0=1 C0=1 R0=1 S0=1] OutRegister[P=1 Q=1 Z3=1 C3=1 R3=1 S3=1 Y2=1 X2=1 Z2=1 C2=1 R2=1 S2=1 Y1=1 X1=1 Z1=1 C1=1 R1=1 S1=1 Y0=1 X0=1 Z0=1 C0=1 R0=1 S0=1] Compute] 
mccnn_4layer_2026-02-25T17:41:16.070021,mccnn,4layer,full,4,eyeriss,thesis_arch,1056,524,128,84,128,69,False,True,,5.680e+04,1.223e+07,7.13e+05,"(40813260768, 14645336112)",0.0021084964598084128,0.10036706924438477,DRAM[P=376 Q=18 Z3=1 C3=1 R3=1 S3=1 Y2=376 X2=18 Z2=1 C2=1 R2=1 S2=1 Y1=376 X1=18 Z1=1 C1=1 R1=1 S1=1 Y0=376 X0=18 Z0=1 C0=1 R0=1 S0=1] GlobalBuffer[P=1 Q=23 Z3=1 C3=1 R3=1 S3=1 Y2=1 X2=23 Z2=1 C2=1 R2=1 S2=1 Y1=1 X1=23 Z1=1 C1=1 R1=1 S1=1 Y0=1 X0=23 Z0=1 C0=1 R0=1 S0=1] SACols[Q=3 Z3=32] SARows[S3=3 C3=16 Z3=1] SACols_2[X2=3 Z2=32] SARows_2[S2=3 C2=16 Z2=1] SACols_1[X1=3 Z1=32] SARows_1[S1=3 C1=16 Z1=1] SACols_0[X0=3 Z0=32] SARows_0[S0=3 C0=1 Z0=1] InRegister[P=1 Q=1 Z3=1 C3=1 R3=1 S3=1 Y2=1 X2=1 Z2=1 C2=1 R2=1 S2=1 Y1=1 X1=1 Z1=1 C1=1 R1=1 S1=1 Y0=1 X0=1 Z0=1 C0=1 R0=1 S0=1] WRegister[P=1 Q=1 Z3=1 C3=2 R3=3 S3=1 Y2=1 X2=1 Z2=1 C2=2 R2=3 S2=1 Y1=1 X1=1 Z1=1 C1=2 R1=3 S1=1 Y0=1 X0=1 Z0=1 C0=1 R0=3 S0=1] IntermediateRegister[P=1 Q=1 Z3=1 C3=1 R3=1 S3=1 Y2=1 X2=1 Z2=1 C2=1 R2=1 S2=1 Y1=1 X1=1 Z1=1 C1=1 R1=1 S1=1 Y0=1 X0=1 Z0=1 C0=1 R0=1 S0=1] OutRegister[P=1 Q=1 Z3=1 C3=1 R3=1 S3=1 Y2=1 X2=1 Z2=1 C2=1 R2=1 S2=1 Y1=1 X1=1 Z1=1 C1=1 R1=1 S1=1 Y0=1 X0=1 Z0=1 C0=1 R0=1 S0=1] Compute] 
mccnn_4layer_2026-02-25T17:41:16.521599,mccnn,4layer,full,4,eyeriss,thesis_arch,1056,524,128,84,138,69,False,True,,5.680e+04,1.223e+07,7.13e+05,"(40813260768, 14645336112)",0.0015606172721026657,0.057662010192871094,DRAM[P=376 Q=18 Z3=1 C3=1 R3=1 S3=1 Y2=376 X2=18 Z2=1 C2=1 R2=1 S2=1 Y1=376 X1=18 Z1=1 C1=1 R1=1 S1=1 Y0=376 X0=18 Z0=1 C0=1 R0=1 S0=1] GlobalBuffer[P=1 Q=23 Z3=1 C3=1 R3=1 S3=1 Y2=1 X2=23 Z2=1 C2=1 R2=1 S2=1 Y1=1 X1=23 Z1=1 C1=1 R1=1 S1=1 Y0=1 X0=23 Z0=1 C0=1 R0=1 S0=1] SACols[Q=3 Z3=32] SARows[S3=3 C3=16 Z3=1] SACols_2[X2=3 Z2=32] SARows_2[S2=3 C2=16 Z2=1] SACols_1[X1=3 Z1=32] SARows_1[S1=3 C1=16 Z1=1] SACols_0[X0=3 Z0=32] SARows_0[S0=3 C0=1 Z0=1] InRegister[P=1 Q=1 Z3=1 C3=1 R3=1 S3=1 Y2=1 X2=1 Z2=1 C2=1 R2=1 S2=1 Y1=1 X1=1 Z1=1 C1=1 R1=1 S1=1 Y0=1 X0=1 Z0=1 C0=1 R0=1 S0=1] WRegister[P=1 Q=1 Z3=1 C3=2 R3=3 S3=1 Y2=1 X2=1 Z2=1 C2=2 R2=3 S2=1 Y1=1 X1=1 Z1=1 C1=2 R1=3 S1=1 Y0=1 X0=1 Z0=1 C0=1 R0=3 S0=1] IntermediateRegister[P=1 Q=1 Z3=1 C3=1 R3=1 S3=1 Y2=1 X2=1 Z2=1 C2=1 R2=1 S2=1 Y1=1 X1=1 Z1=1 C1=1 R1=1 S1=1 Y0=1 X0=1 Z0=1 C0=1 R0=1 S0=1] OutRegister[P=1 Q=1 Z3=1 C3=1 R3=1 S3=1 Y2=1 X2=1 Z2=1 C2=1 R2=1 S2=1 Y1=1 X1=1 Z1=1 C1=1 R1=1 S1=1 Y0=1 X0=1 Z0=1 C0=1 R0=1 S0=1] Compute] 
mccnn_4layer_2026-02-25T17:41:16.863848,mccnn,4layer,full,4,eyeriss,thesis_arch,1056,524,128,4,4,69,False,False,"Ill-posed constraints:
CONSTRAINTS VIOLATION: Arch: Eyeriss_Constrained_4L_tile69_4x4 -> Level: InRegister: memory footprint: 294 VS memory available: 34
CONSTRAINTS VIOLATION: Arch: Eyeriss_Constrained_4L_tile69_4x4 -> Level: WRegister: memory footprint: 2328 VS memory available: 600",0.000e+00,0.000e+00,0.00e+00,0,0.0,0.0,
mccnn_4layer_2026-02-25T17:41:17.215635,mccnn,4layer,full,4,eyeriss,thesis_arch,1056,524,128,4,8,69,False,False,"Ill-posed constraints:
CONSTRAINTS VIOLATION: Arch: Eyeriss_Constrained_4L_tile69_8x4 -> Level: InRegister: memory footprint: 294 VS memory available: 34
CONSTRAINTS VIOLATION: Arch: Eyeriss_Constrained_4L_tile69_8x4 -> Level: WRegister: memory footprint: 1164 VS memory available: 600",0.000e+00,0.000e+00,0.00e+00,0,0.0,0.0,
mccnn_4layer_2026-02-25T17:41:17.546532,mccnn,4layer,full,4,eyeriss,thesis_arch,1056,524,128,4,16,69,False,False,"Ill-posed constraints:
CONSTRAINTS VIOLATION: Arch: Eyeriss_Constrained_4L_tile69_16x4 -> Level: InRegister: memory footprint: 294 VS memory available: 34",0.000e+00,0.000e+00,0.00e+00,0,0.0,0.0,
mccnn_4layer_2026-02-25T17:41:18.103245,mccnn,4layer,full,4,eyeriss,thesis_arch,1056,524,128,4,32,69,False,False,"Ill-posed constraints:
CONSTRAINTS VIOLATION: Arch: Eyeriss_Constrained_4L_tile69_32x4 -> Level: InRegister: memory footprint: 294 VS memory available: 34",0.000e+00,0.000e+00,0.00e+00,0,0.0,0.0,
mccnn_4layer_2026-02-25T17:41:18.555536,mccnn,4layer,full,4,eyeriss,thesis_arch,1056,524,128,4,64,69,False,False,"Ill-posed constraints:
CONSTRAINTS VIOLATION: Arch: Eyeriss_Constrained_4L_tile69_64x4 -> Level: InRegister: memory footprint: 294 VS memory available: 34",0.000e+00,0.000e+00,0.00e+00,0,0.0,0.0,
mccnn_4layer_2026-02-25T17:41:18.928171,mccnn,4layer,full,4,eyeriss,thesis_arch,1056,524,128,4,69,69,False,False,"Ill-posed constraints:
CONSTRAINTS VIOLATION: Arch: Eyeriss_Constrained_4L_tile69_69x4 -> Level: InRegister: memory footprint: 294 VS memory available: 34",0.000e+00,0.000e+00,0.00e+00,0,0.0,0.0,
mccnn_4layer_2026-02-25T17:41:19.273726,mccnn,4layer,full,4,eyeriss,thesis_arch,1056,524,128,4,128,69,False,False,"Ill-posed constraints:
CONSTRAINTS VIOLATION: Arch: Eyeriss_Constrained_4L_tile69_128x4 -> Level: InRegister: memory footprint: 294 VS memory available: 34",0.000e+00,0.000e+00,0.00e+00,0,0.0,0.0,
mccnn_4layer_2026-02-25T17:41:19.606206,mccnn,4layer,full,4,eyeriss,thesis_arch,1056,524,128,4,138,69,False,False,"Ill-posed constraints:
CONSTRAINTS VIOLATION: Arch: Eyeriss_Constrained_4L_tile69_138x4 -> Level: InRegister: memory footprint: 294 VS memory available: 34",0.000e+00,0.000e+00,0.00e+00,0,0.0,0.0,
mccnn_4layer_2026-02-25T17:41:19.919812,mccnn,4layer,full,4,eyeriss,thesis_arch,1056,524,128,8,4,69,False,False,"Ill-posed constraints:
CONSTRAINTS VIOLATION: Arch: Eyeriss_Constrained_4L_tile69_4x8 -> Level: InRegister: memory footprint: 150 VS memory available: 34
CONSTRAINTS VIOLATION: Arch: Eyeriss_Constrained_4L_tile69_4x8 -> Level: WRegister: memory footprint: 1164 VS memory available: 600",0.000e+00,0.000e+00,0.00e+00,0,0.0,0.0,
mccnn_4layer_2026-02-25T17:41:20.201827,mccnn,4layer,full,4,eyeriss,thesis_arch,1056,524,128,8,8,69,False,False,"Ill-posed constraints:
CONSTRAINTS VIOLATION: Arch: Eyeriss_Constrained_4L_tile69_8x8 -> Level: InRegister: memory footprint: 150 VS memory available: 34",0.000e+00,0.000e+00,0.00e+00,0,0.0,0.0,
mccnn_4layer_2026-02-25T17:41:20.519305,mccnn,4layer,full,4,eyeriss,thesis_arch,1056,524,128,8,16,69,False,False,"Ill-posed constraints:
CONSTRAINTS VIOLATION: Arch: Eyeriss_Constrained_4L_tile69_16x8 -> Level: InRegister: memory footprint: 150 VS memory available: 34",0.000e+00,0.000e+00,0.00e+00,0,0.0,0.0,
mccnn_4layer_2026-02-25T17:41:20.777985,mccnn,4layer,full,4,eyeriss,thesis_arch,1056,524,128,8,32,69,False,False,"Ill-posed constraints:
CONSTRAINTS VIOLATION: Arch: Eyeriss_Constrained_4L_tile69_32x8 -> Level: InRegister: memory footprint: 150 VS memory available: 34",0.000e+00,0.000e+00,0.00e+00,0,0.0,0.0,
mccnn_4layer_2026-02-25T17:41:21.014007,mccnn,4layer,full,4,eyeriss,thesis_arch,1056,524,128,8,64,69,False,False,"Ill-posed constraints:
CONSTRAINTS VIOLATION: Arch: Eyeriss_Constrained_4L_tile69_64x8 -> Level: InRegister: memory footprint: 150 VS memory available: 34",0.000e+00,0.000e+00,0.00e+00,0,0.0,0.0,
mccnn_4layer_2026-02-25T17:41:21.310719,mccnn,4layer,full,4,eyeriss,thesis_arch,1056,524,128,8,69,69,False,False,"Ill-posed constraints:
CONSTRAINTS VIOLATION: Arch: Eyeriss_Constrained_4L_tile69_69x8 -> Level: InRegister: memory footprint: 150 VS memory available: 34",0.000e+00,0.000e+00,0.00e+00,0,0.0,0.0,
mccnn_4layer_2026-02-25T17:41:21.643657,mccnn,4layer,full,4,eyeriss,thesis_arch,1056,524,128,8,128,69,False,False,"Ill-posed constraints:
CONSTRAINTS VIOLATION: Arch: Eyeriss_Constrained_4L_tile69_128x8 -> Level: InRegister: memory footprint: 150 VS memory available: 34",0.000e+00,0.000e+00,0.00e+00,0,0.0,0.0,
mccnn_4layer_2026-02-25T17:41:21.991275,mccnn,4layer,full,4,eyeriss,thesis_arch,1056,524,128,8,138,69,False,False,"Ill-posed constraints:
CONSTRAINTS VIOLATION: Arch: Eyeriss_Constrained_4L_tile69_138x8 -> Level: InRegister: memory footprint: 150 VS memory available: 34",0.000e+00,0.000e+00,0.00e+00,0,0.0,0.0,
mccnn_4layer_2026-02-25T17:41:22.250787,mccnn,4layer,full,4,eyeriss,thesis_arch,1056,524,128,12,4,69,False,False,"Ill-posed constraints:
CONSTRAINTS VIOLATION: Arch: Eyeriss_Constrained_4L_tile69_4x12 -> Level: InRegister: memory footprint: 78 VS memory available: 34",0.000e+00,0.000e+00,0.00e+00,0,0.0,0.0,
mccnn_4layer_2026-02-25T17:41:22.558534,mccnn,4layer,full,4,eyeriss,thesis_arch,1056,524,128,12,8,69,False,False,"Ill-posed constraints:
CONSTRAINTS VIOLATION: Arch: Eyeriss_Constrained_4L_tile69_8x12 -> Level: InRegister: memory footprint: 78 VS memory available: 34",0.000e+00,0.000e+00,0.00e+00,0,0.0,0.0,
mccnn_4layer_2026-02-25T17:41:22.894307,mccnn,4layer,full,4,eyeriss,thesis_arch,1056,524,128,12,16,69,False,False,"Ill-posed constraints:
CONSTRAINTS VIOLATION: Arch: Eyeriss_Constrained_4L_tile69_16x12 -> Level: InRegister: memory footprint: 78 VS memory available: 34",0.000e+00,0.000e+00,0.00e+00,0,0.0,0.0,
mccnn_4layer_2026-02-25T17:41:23.131492,mccnn,4layer,full,4,eyeriss,thesis_arch,1056,524,128,12,32,69,False,False,"Ill-posed constraints:
CONSTRAINTS VIOLATION: Arch: Eyeriss_Constrained_4L_tile69_32x12 -> Level: InRegister: memory footprint: 78 VS memory available: 34",0.000e+00,0.000e+00,0.00e+00,0,0.0,0.0,
mccnn_4layer_2026-02-25T17:41:23.358402,mccnn,4layer,full,4,eyeriss,thesis_arch,1056,524,128,12,64,69,False,False,"Ill-posed constraints:
CONSTRAINTS VIOLATION: Arch: Eyeriss_Constrained_4L_tile69_64x12 -> Level: InRegister: memory footprint: 78 VS memory available: 34",0.000e+00,0.000e+00,0.00e+00,0,0.0,0.0,
mccnn_4layer_2026-02-25T17:41:23.633718,mccnn,4layer,full,4,eyeriss,thesis_arch,1056,524,128,12,69,69,False,False,"Ill-posed constraints:
CONSTRAINTS VIOLATION: Arch: Eyeriss_Constrained_4L_tile69_69x12 -> Level: InRegister: memory footprint: 78 VS memory available: 34",0.000e+00,0.000e+00,0.00e+00,0,0.0,0.0,
mccnn_4layer_2026-02-25T17:41:23.886529,mccnn,4layer,full,4,eyeriss,thesis_arch,1056,524,128,12,128,69,False,False,"Ill-posed constraints:
CONSTRAINTS VIOLATION: Arch: Eyeriss_Constrained_4L_tile69_128x12 -> Level: InRegister: memory footprint: 78 VS memory available: 34",0.000e+00,0.000e+00,0.00e+00,0,0.0,0.0,
mccnn_4layer_2026-02-25T17:41:24.205793,mccnn,4layer,full,4,eyeriss,thesis_arch,1056,524,128,12,138,69,False,False,"Ill-posed constraints:
CONSTRAINTS VIOLATION: Arch: Eyeriss_Constrained_4L_tile69_138x12 -> Level: InRegister: memory footprint: 78 VS memory available: 34",0.000e+00,0.000e+00,0.00e+00,0,0.0,0.0,
mccnn_4layer_2026-02-25T17:41:24.452020,mccnn,4layer,full,4,eyeriss,thesis_arch,1056,524,128,14,4,69,False,False,"Ill-posed constraints:
CONSTRAINTS VIOLATION: Arch: Eyeriss_Constrained_4L_tile69_4x14 -> Level: InRegister: memory footprint: 78 VS memory available: 34",0.000e+00,0.000e+00,0.00e+00,0,0.0,0.0,
mccnn_4layer_2026-02-25T17:41:24.681450,mccnn,4layer,full,4,eyeriss,thesis_arch,1056,524,128,14,8,69,False,False,"Ill-posed constraints:
CONSTRAINTS VIOLATION: Arch: Eyeriss_Constrained_4L_tile69_8x14 -> Level: InRegister: memory footprint: 78 VS memory available: 34",0.000e+00,0.000e+00,0.00e+00,0,0.0,0.0,
mccnn_4layer_2026-02-25T17:41:24.909166,mccnn,4layer,full,4,eyeriss,thesis_arch,1056,524,128,14,16,69,False,False,"Ill-posed constraints:
CONSTRAINTS VIOLATION: Arch: Eyeriss_Constrained_4L_tile69_16x14 -> Level: InRegister: memory footprint: 78 VS memory available: 34",0.000e+00,0.000e+00,0.00e+00,0,0.0,0.0,
mccnn_4layer_2026-02-25T17:41:25.141192,mccnn,4layer,full,4,eyeriss,thesis_arch,1056,524,128,14,32,69,False,False,"Ill-posed constraints:
CONSTRAINTS VIOLATION: Arch: Eyeriss_Constrained_4L_tile69_32x14 -> Level: InRegister: memory footprint: 78 VS memory available: 34",0.000e+00,0.000e+00,0.00e+00,0,0.0,0.0,
mccnn_4layer_2026-02-25T17:41:25.423978,mccnn,4layer,full,4,eyeriss,thesis_arch,1056,524,128,14,64,69,False,False,"Ill-posed constraints:
CONSTRAINTS VIOLATION: Arch: Eyeriss_Constrained_4L_tile69_64x14 -> Level: InRegister: memory footprint: 78 VS memory available: 34",0.000e+00,0.000e+00,0.00e+00,0,0.0,0.0,
mccnn_4layer_2026-02-25T17:41:25.738892,mccnn,4layer,full,4,eyeriss,thesis_arch,1056,524,128,14,69,69,False,False,"Ill-posed constraints:
CONSTRAINTS VIOLATION: Arch: Eyeriss_Constrained_4L_tile69_69x14 -> Level: InRegister: memory footprint: 78 VS memory available: 34",0.000e+00,0.000e+00,0.00e+00,0,0.0,0.0,
mccnn_4layer_2026-02-25T17:41:25.985934,mccnn,4layer,full,4,eyeriss,thesis_arch,1056,524,128,14,128,69,False,False,"Ill-posed constraints:
CONSTRAINTS VIOLATION: Arch: Eyeriss_Constrained_4L_tile69_128x14 -> Level: InRegister: memory footprint: 78 VS memory available: 34",0.000e+00,0.000e+00,0.00e+00,0,0.0,0.0,
mccnn_4layer_2026-02-25T17:41:26.301036,mccnn,4layer,full,4,eyeriss,thesis_arch,1056,524,128,14,138,69,False,False,"Ill-posed constraints:
CONSTRAINTS VIOLATION: Arch: Eyeriss_Constrained_4L_tile69_138x14 -> Level: InRegister: memory footprint: 78 VS memory available: 34",0.000e+00,0.000e+00,0.00e+00,0,0.0,0.0,
mccnn_4layer_2026-02-25T17:41:26.627711,mccnn,4layer,full,4,eyeriss,thesis_arch,1056,524,128,16,4,69,False,False,"Ill-posed constraints:
CONSTRAINTS VIOLATION: Arch: Eyeriss_Constrained_4L_tile69_4x16 -> Level: InRegister: memory footprint: 78 VS memory available: 34",0.000e+00,0.000e+00,0.00e+00,0,0.0,0.0,
mccnn_4layer_2026-02-25T17:41:26.894925,mccnn,4layer,full,4,eyeriss,thesis_arch,1056,524,128,16,8,69,False,False,"Ill-posed constraints:
CONSTRAINTS VIOLATION: Arch: Eyeriss_Constrained_4L_tile69_8x16 -> Level: InRegister: memory footprint: 78 VS memory available: 34",0.000e+00,0.000e+00,0.00e+00,0,0.0,0.0,
mccnn_4layer_2026-02-25T17:41:27.237788,mccnn,4layer,full,4,eyeriss,thesis_arch,1056,524,128,16,16,69,False,False,"Ill-posed constraints:
CONSTRAINTS VIOLATION: Arch: Eyeriss_Constrained_4L_tile69_16x16 -> Level: InRegister: memory footprint: 78 VS memory available: 34",0.000e+00,0.000e+00,0.00e+00,0,0.0,0.0,
mccnn_4layer_2026-02-25T17:41:27.780227,mccnn,4layer,full,4,eyeriss,thesis_arch,1056,524,128,16,32,69,False,False,"Ill-posed constraints:
CONSTRAINTS VIOLATION: Arch: Eyeriss_Constrained_4L_tile69_32x16 -> Level: InRegister: memory footprint: 78 VS memory available: 34",0.000e+00,0.000e+00,0.00e+00,0,0.0,0.0,
mccnn_4layer_2026-02-25T17:41:28.211464,mccnn,4layer,full,4,eyeriss,thesis_arch,1056,524,128,16,64,69,False,False,"Ill-posed constraints:
CONSTRAINTS VIOLATION: Arch: Eyeriss_Constrained_4L_tile69_64x16 -> Level: InRegister: memory footprint: 78 VS memory available: 34",0.000e+00,0.000e+00,0.00e+00,0,0.0,0.0,
mccnn_4layer_2026-02-25T17:41:28.478419,mccnn,4layer,full,4,eyeriss,thesis_arch,1056,524,128,16,69,69,False,False,"Ill-posed constraints:
CONSTRAINTS VIOLATION: Arch: Eyeriss_Constrained_4L_tile69_69x16 -> Level: InRegister: memory footprint: 78 VS memory available: 34",0.000e+00,0.000e+00,0.00e+00,0,0.0,0.0,
mccnn_4layer_2026-02-25T17:41:28.713176,mccnn,4layer,full,4,eyeriss,thesis_arch,1056,524,128,16,128,69,False,False,"Ill-posed constraints:
CONSTRAINTS VIOLATION: Arch: Eyeriss_Constrained_4L_tile69_128x16 -> Level: InRegister: memory footprint: 78 VS memory available: 34",0.000e+00,0.000e+00,0.00e+00,0,0.0,0.0,
mccnn_4layer_2026-02-25T17:41:28.968123,mccnn,4layer,full,4,eyeriss,thesis_arch,1056,524,128,16,138,69,False,False,"Ill-posed constraints:
CONSTRAINTS VIOLATION: Arch: Eyeriss_Constrained_4L_tile69_138x16 -> Level: InRegister: memory footprint: 78 VS memory available: 34",0.000e+00,0.000e+00,0.00e+00,0,0.0,0.0,
mccnn_4layer_2026-02-25T17:41:29.266663,mccnn,4layer,full,4,eyeriss,thesis_arch,1056,524,128,28,4,69,False,False,"Ill-posed constraints:
CONSTRAINTS VIOLATION: Arch: Eyeriss_Constrained_4L_tile69_4x28 -> Level: InRegister: memory footprint: 42 VS memory available: 34",0.000e+00,0.000e+00,0.00e+00,0,0.0,0.0,
mccnn_4layer_2026-02-25T17:41:29.586433,mccnn,4layer,full,4,eyeriss,thesis_arch,1056,524,128,28,8,69,False,False,"Ill-posed constraints:
CONSTRAINTS VIOLATION: Arch: Eyeriss_Constrained_4L_tile69_8x28 -> Level: InRegister: memory footprint: 42 VS memory available: 34",0.000e+00,0.000e+00,0.00e+00,0,0.0,0.0,
mccnn_4layer_2026-02-25T17:41:29.919448,mccnn,4layer,full,4,eyeriss,thesis_arch,1056,524,128,28,16,69,False,False,"Ill-posed constraints:
CONSTRAINTS VIOLATION: Arch: Eyeriss_Constrained_4L_tile69_16x28 -> Level: InRegister: memory footprint: 42 VS memory available: 34",0.000e+00,0.000e+00,0.00e+00,0,0.0,0.0,
mccnn_4layer_2026-02-25T17:41:30.268262,mccnn,4layer,full,4,eyeriss,thesis_arch,1056,524,128,28,32,69,False,False,"Ill-posed constraints:
CONSTRAINTS VIOLATION: Arch: Eyeriss_Constrained_4L_tile69_32x28 -> Level: InRegister: memory footprint: 42 VS memory available: 34",0.000e+00,0.000e+00,0.00e+00,0,0.0,0.0,
mccnn_4layer_2026-02-25T17:41:30.510227,mccnn,4layer,full,4,eyeriss,thesis_arch,1056,524,128,28,64,69,False,False,"Ill-posed constraints:
CONSTRAINTS VIOLATION: Arch: Eyeriss_Constrained_4L_tile69_64x28 -> Level: InRegister: memory footprint: 42 VS memory available: 34",0.000e+00,0.000e+00,0.00e+00,0,0.0,0.0,
mccnn_4layer_2026-02-25T17:41:30.747624,mccnn,4layer,full,4,eyeriss,thesis_arch,1056,524,128,28,69,69,False,False,"Ill-posed constraints:
CONSTRAINTS VIOLATION: Arch: Eyeriss_Constrained_4L_tile69_69x28 -> Level: InRegister: memory footprint: 42 VS memory available: 34",0.000e+00,0.000e+00,0.00e+00,0,0.0,0.0,
mccnn_4layer_2026-02-25T17:41:30.973355,mccnn,4layer,full,4,eyeriss,thesis_arch,1056,524,128,28,128,69,False,False,"Ill-posed constraints:
CONSTRAINTS VIOLATION: Arch: Eyeriss_Constrained_4L_tile69_128x28 -> Level: InRegister: memory footprint: 42 VS memory available: 34",0.000e+00,0.000e+00,0.00e+00,0,0.0,0.0,
mccnn_4layer_2026-02-25T17:41:31.296330,mccnn,4layer,full,4,eyeriss,thesis_arch,1056,524,128,28,138,69,False,False,"Ill-posed constraints:
CONSTRAINTS VIOLATION: Arch: Eyeriss_Constrained_4L_tile69_138x28 -> Level: InRegister: memory footprint: 42 VS memory available: 34",0.000e+00,0.000e+00,0.00e+00,0,0.0,0.0,
mccnn_4layer_2026-02-25T17:41:31.538991,mccnn,4layer,full,4,eyeriss,thesis_arch,1056,524,128,32,4,69,False,False,"Ill-posed constraints:
CONSTRAINTS VIOLATION: Arch: Eyeriss_Constrained_4L_tile69_4x32 -> Level: InRegister: memory footprint: 42 VS memory available: 34",0.000e+00,0.000e+00,0.00e+00,0,0.0,0.0,
mccnn_4layer_2026-02-25T17:41:31.772244,mccnn,4layer,full,4,eyeriss,thesis_arch,1056,524,128,32,8,69,False,False,"Ill-posed constraints:
CONSTRAINTS VIOLATION: Arch: Eyeriss_Constrained_4L_tile69_8x32 -> Level: InRegister: memory footprint: 42 VS memory available: 34",0.000e+00,0.000e+00,0.00e+00,0,0.0,0.0,
mccnn_4layer_2026-02-25T17:41:32.094961,mccnn,4layer,full,4,eyeriss,thesis_arch,1056,524,128,32,16,69,False,False,"Ill-posed constraints:
CONSTRAINTS VIOLATION: Arch: Eyeriss_Constrained_4L_tile69_16x32 -> Level: InRegister: memory footprint: 42 VS memory available: 34",0.000e+00,0.000e+00,0.00e+00,0,0.0,0.0,
mccnn_4layer_2026-02-25T17:41:32.336037,mccnn,4layer,full,4,eyeriss,thesis_arch,1056,524,128,32,32,69,False,False,"Ill-posed constraints:
CONSTRAINTS VIOLATION: Arch: Eyeriss_Constrained_4L_tile69_32x32 -> Level: InRegister: memory footprint: 42 VS memory available: 34",0.000e+00,0.000e+00,0.00e+00,0,0.0,0.0,
mccnn_4layer_2026-02-25T17:41:32.642738,mccnn,4layer,full,4,eyeriss,thesis_arch,1056,524,128,32,64,69,False,False,"Ill-posed constraints:
CONSTRAINTS VIOLATION: Arch: Eyeriss_Constrained_4L_tile69_64x32 -> Level: InRegister: memory footprint: 42 VS memory available: 34",0.000e+00,0.000e+00,0.00e+00,0,0.0,0.0,
mccnn_4layer_2026-02-25T17:41:32.889019,mccnn,4layer,full,4,eyeriss,thesis_arch,1056,524,128,32,69,69,False,False,"Ill-posed constraints:
CONSTRAINTS VIOLATION: Arch: Eyeriss_Constrained_4L_tile69_69x32 -> Level: InRegister: memory footprint: 42 VS memory available: 34",0.000e+00,0.000e+00,0.00e+00,0,0.0,0.0,
mccnn_4layer_2026-02-25T17:41:33.220327,mccnn,4layer,full,4,eyeriss,thesis_arch,1056,524,128,32,128,69,False,False,"Ill-posed constraints:
CONSTRAINTS VIOLATION: Arch: Eyeriss_Constrained_4L_tile69_128x32 -> Level: InRegister: memory footprint: 42 VS memory available: 34",0.000e+00,0.000e+00,0.00e+00,0,0.0,0.0,
mccnn_4layer_2026-02-25T17:41:33.492757,mccnn,4layer,full,4,eyeriss,thesis_arch,1056,524,128,32,138,69,False,False,"Ill-posed constraints:
CONSTRAINTS VIOLATION: Arch: Eyeriss_Constrained_4L_tile69_138x32 -> Level: InRegister: memory footprint: 42 VS memory available: 34",0.000e+00,0.000e+00,0.00e+00,0,0.0,0.0,
mccnn_4layer_2026-02-25T17:41:33.736574,mccnn,4layer,full,4,eyeriss,thesis_arch,1056,524,128,56,4,69,False,True,,5.763e+04,6.865e+07,3.97e+06,"(33281613792, 14645336112)",0.26988754685547683,0.05601215362548828,DRAM[P=376 Q=18 Z3=1 C3=1 R3=1 S3=1 Y2=376 X2=18 Z2=1 C2=1 R2=1 S2=1 Y1=376 X1=18 Z1=1 C1=1 R1=1 S1=1 Y0=376 X0=18 Z0=1 C0=1 R0=1 S0=1] GlobalBuffer[P=1 Q=69 Z3=1 C3=1 R3=1 S3=1 Y2=1 X2=69 Z2=1 C2=1 R2=1 S2=1 Y1=1 X1=69 Z1=1 C1=1 R1=1 S1=1 Y0=1 X0=69 Z0=1 C0=1 R0=1 S0=1] SACols[Q=1 Z3=4] SARows[S3=3 C3=16 Z3=1] SACols_2[X2=1 Z2=4] SARows_2[S2=3 C2=16 Z2=1] SACols_1[X1=1 Z1=4] SARows_1[S1=3 C1=16 Z1=1] SACols_0[X0=1 Z0=4] SARows_0[S0=3 C0=1 Z0=8] InRegister[P=1 Q=1 Z3=1 C3=1 R3=1 S3=1 Y2=1 X2=1 Z2=1 C2=1 R2=1 S2=1 Y1=1 X1=1 Z1=1 C1=1 R1=1 S1=1 Y0=1 X0=1 Z0=1 C0=1 R0=1 S0=1] WRegister[P=1 Q=1 Z3=1 C3=2 R3=3 S3=1 Y2=1 X2=1 Z2=1 C2=2 R2=3 S2=1 Y1=1 X1=1 Z1=1 C1=2 R1=3 S1=1 Y0=1 X0=1 Z0=1 C0=1 R0=3 S0=1] IntermediateRegister[P=1 Q=1 Z3=1 C3=1 R3=1 S3=1 Y2=1 X2=1 Z2=8 C2=1 R2=1 S2=1 Y1=1 X1=1 Z1=8 C1=1 R1=1 S1=1 Y0=1 X0=1 Z0=1 C0=1 R0=1 S0=1] OutRegister[P=1 Q=1 Z3=8 C3=1 R3=1 S3=1 Y2=1 X2=1 Z2=1 C2=1 R2=1 S2=1 Y1=1 X1=1 Z1=1 C1=1 R1=1 S1=1 Y0=1 X0=1 Z0=1 C0=1 R0=1 S0=1] Compute] 
mccnn_4layer_2026-02-25T17:41:34.051383,mccnn,4layer,full,4,eyeriss,thesis_arch,1056,524,128,56,8,69,False,True,,5.801e+04,3.502e+07,2.05e+06,"(34357563360, 14645336112)",0.13494377342773842,0.05364346504211426,DRAM[P=376 Q=18 Z3=1 C3=1 R3=1 S3=1 Y2=376 X2=18 Z2=1 C2=1 R2=1 S2=1 Y1=376 X1=18 Z1=1 C1=1 R1=1 S1=1 Y0=376 X0=18 Z0=1 C0=1 R0=1 S0=1] GlobalBuffer[P=1 Q=69 Z3=1 C3=1 R3=1 S3=1 Y2=1 X2=69 Z2=1 C2=1 R2=1 S2=1 Y1=1 X1=69 Z1=1 C1=1 R1=1 S1=1 Y0=1 X0=69 Z0=1 C0=1 R0=1 S0=1] SACols[Q=1 Z3=8] SARows[S3=3 C3=16 Z3=1] SACols_2[X2=1 Z2=8] SARows_2[S2=3 C2=16 Z2=1] SACols_1[X1=1 Z1=8] SARows_1[S1=3 C1=16 Z1=1] SACols_0[X0=1 Z0=8] SARows_0[S0=3 C0=1 Z0=4] InRegister[P=1 Q=1 Z3=1 C3=1 R3=1 S3=1 Y2=1 X2=1 Z2=1 C2=1 R2=1 S2=1 Y1=1 X1=1 Z1=1 C1=1 R1=1 S1=1 Y0=1 X0=1 Z0=1 C0=1 R0=1 S0=1] WRegister[P=1 Q=1 Z3=1 C3=2 R3=3 S3=1 Y2=1 X2=1 Z2=1 C2=2 R2=3 S2=1 Y1=1 X1=1 Z1=1 C1=2 R1=3 S1=1 Y0=1 X0=1 Z0=1 C0=1 R0=3 S0=1] IntermediateRegister[P=1 Q=1 Z3=1 C3=1 R3=1 S3=1 Y2=1 X2=1 Z2=4 C2=1 R2=1 S2=1 Y1=1 X1=1 Z1=4 C1=1 R1=1 S1=1 Y0=1 X0=1 Z0=1 C0=1 R0=1 S0=1] OutRegister[P=1 Q=1 Z3=4 C3=1 R3=1 S3=1 Y2=1 X2=1 Z2=1 C2=1 R2=1 S2=1 Y1=1 X1=1 Z1=1 C1=1 R1=1 S1=1 Y0=1 X0=1 Z0=1 C0=1 R0=1 S0=1] Compute] 
mccnn_4layer_2026-02-25T17:41:34.432527,mccnn,4layer,full,4,eyeriss,thesis_arch,1056,524,128,56,16,69,False,True,,5.878e+04,1.821e+07,1.08e+06,"(36509462496, 14645336112)",0.06747188671386921,0.05837869644165039,DRAM[P=376 Q=18 Z3=1 C3=1 R3=1 S3=1 Y2=376 X2=18 Z2=1 C2=1 R2=1 S2=1 Y1=376 X1=18 Z1=1 C1=1 R1=1 S1=1 Y0=376 X0=18 Z0=1 C0=1 R0=1 S0=1] GlobalBuffer[P=1 Q=69 Z3=1 C3=1 R3=1 S3=1 Y2=1 X2=69 Z2=1 C2=1 R2=1 S2=1 Y1=1 X1=69 Z1=1 C1=1 R1=1 S1=1 Y0=1 X0=69 Z0=1 C0=1 R0=1 S0=1] SACols[Q=1 Z3=16] SARows[S3=3 C3=16 Z3=1] SACols_2[X2=1 Z2=16] SARows_2[S2=3 C2=16 Z2=1] SACols_1[X1=1 Z1=16] SARows_1[S1=3 C1=16 Z1=1] SACols_0[X0=1 Z0=16] SARows_0[S0=3 C0=1 Z0=2] InRegister[P=1 Q=1 Z3=1 C3=1 R3=1 S3=1 Y2=1 X2=1 Z2=1 C2=1 R2=1 S2=1 Y1=1 X1=1 Z1=1 C1=1 R1=1 S1=1 Y0=1 X0=1 Z0=1 C0=1 R0=1 S0=1] WRegister[P=1 Q=1 Z3=1 C3=2 R3=3 S3=1 Y2=1 X2=1 Z2=1 C2=2 R2=3 S2=1 Y1=1 X1=1 Z1=1 C1=2 R1=3 S1=1 Y0=1 X0=1 Z0=1 C0=1 R0=3 S0=1] IntermediateRegister[P=1 Q=1 Z3=1 C3=1 R3=1 S3=1 Y2=1 X2=1 Z2=2 C2=1 R2=1 S2=1 Y1=1 X1=1 Z1=2 C1=1 R1=1 S1=1 Y0=1 X0=1 Z0=1 C0=1 R0=1 S0=1] OutRegister[P=1 Q=1 Z3=2 C3=1 R3=1 S3=1 Y2=1 X2=1 Z2=1 C2=1 R2=1 S2=1 Y1=1 X1=1 Z1=1 C1=1 R1=1 S1=1 Y0=1 X0=1 Z0=1 C0=1 R0=1 S0=1] Compute] 
mccnn_4layer_2026-02-25T17:41:34.829730,mccnn,4layer,full,4,eyeriss,thesis_arch,1056,524,128,56,32,69,False,True,,6.032e+04,1.261e+07,7.80e+05,"(40813260768, 14645336112)",0.033735943356934604,0.07498025894165039,DRAM[P=376 Q=18 Z3=1 C3=1 R3=1 S3=1 Y2=376 X2=18 Z2=1 C2=1 R2=1 S2=1 Y1=376 X1=18 Z1=1 C1=1 R1=1 S1=1 Y0=376 X0=18 Z0=1 C0=1 R0=1 S0=1] GlobalBuffer[P=1 Q=69 Z3=1 C3=1 R3=1 S3=1 Y2=1 X2=69 Z2=1 C2=1 R2=1 S2=1 Y1=1 X1=69 Z1=1 C1=1 R1=1 S1=1 Y0=1 X0=69 Z0=1 C0=1 R0=1 S0=1] SACols[Q=1 Z3=32] SARows[S3=3 C3=16 Z3=1] SACols_2[X2=1 Z2=32] SARows_2[S2=3 C2=16 Z2=1] SACols_1[X1=1 Z1=32] SARows_1[S1=3 C1=16 Z1=1] SACols_0[X0=1 Z0=32] SARows_0[S0=3 C0=1 Z0=1] InRegister[P=1 Q=1 Z3=1 C3=1 R3=1 S3=1 Y2=1 X2=1 Z2=1 C2=1 R2=1 S2=1 Y1=1 X1=1 Z1=1 C1=1 R1=1 S1=1 Y0=1 X0=1 Z0=1 C0=1 R0=1 S0=1] WRegister[P=1 Q=1 Z3=1 C3=2 R3=3 S3=1 Y2=1 X2=1 Z2=1 C2=2 R2=3 S2=1 Y1=1 X1=1 Z1=1 C1=2 R1=3 S1=1 Y0=1 X0=1 Z0=1 C0=1 R0=3 S0=1] IntermediateRegister[P=1 Q=1 Z3=1 C3=1 R3=1 S3=1 Y2=1 X2=1 Z2=1 C2=1 R2=1 S2=1 Y1=1 X1=1 Z1=1 C1=1 R1=1 S1=1 Y0=1 X0=1 Z0=1 C0=1 R0=1 S0=1] OutRegister[P=1 Q=1 Z3=1 C3=1 R3=1 S3=1 Y2=1 X2=1 Z2=1 C2=1 R2=1 S2=1 Y1=1 X1=1 Z1=1 C1=1 R1=1 S1=1 Y0=1 X0=1 Z0=1 C0=1 R0=1 S0=1] Compute] 
mccnn_4layer_2026-02-25T17:41:35.172597,mccnn,4layer,full,4,eyeriss,thesis_arch,1056,524,128,56,64,69,False,True,,6.032e+04,1.261e+07,7.80e+05,"(40813260768, 14645336112)",0.0021084964598084128,0.06391119956970215,DRAM[P=376 Q=18 Z3=1 C3=1 R3=1 S3=1 Y2=376 X2=18 Z2=1 C2=1 R2=1 S2=1 Y1=376 X1=18 Z1=1 C1=1 R1=1 S1=1 Y0=376 X0=18 Z0=1 C0=1 R0=1 S0=1] GlobalBuffer[P=1 Q=69 Z3=1 C3=1 R3=1 S3=1 Y2=1 X2=69 Z2=1 C2=1 R2=1 S2=1 Y1=1 X1=69 Z1=1 C1=1 R1=1 S1=1 Y0=1 X0=69 Z0=1 C0=1 R0=1 S0=1] SACols[Q=1 Z3=32] SARows[S3=3 C3=16 Z3=1] SACols_2[X2=1 Z2=32] SARows_2[S2=3 C2=16 Z2=1] SACols_1[X1=1 Z1=32] SARows_1[S1=3 C1=16 Z1=1] SACols_0[X0=1 Z0=32] SARows_0[S0=3 C0=1 Z0=1] InRegister[P=1 Q=1 Z3=1 C3=1 R3=1 S3=1 Y2=1 X2=1 Z2=1 C2=1 R2=1 S2=1 Y1=1 X1=1 Z1=1 C1=1 R1=1 S1=1 Y0=1 X0=1 Z0=1 C0=1 R0=1 S0=1] WRegister[P=1 Q=1 Z3=1 C3=2 R3=3 S3=1 Y2=1 X2=1 Z2=1 C2=2 R2=3 S2=1 Y1=1 X1=1 Z1=1 C1=2 R1=3 S1=1 Y0=1 X0=1 Z0=1 C0=1 R0=3 S0=1] IntermediateRegister[P=1 Q=1 Z3=1 C3=1 R3=1 S3=1 Y2=1 X2=1 Z2=1 C2=1 R2=1 S2=1 Y1=1 X1=1 Z1=1 C1=1 R1=1 S1=1 Y0=1 X0=1 Z0=1 C0=1 R0=1 S0=1] OutRegister[P=1 Q=1 Z3=1 C3=1 R3=1 S3=1 Y2=1 X2=1 Z2=1 C2=1 R2=1 S2=1 Y1=1 X1=1 Z1=1 C1=1 R1=1 S1=1 Y0=1 X0=1 Z0=1 C0=1 R0=1 S0=1] Compute] 
mccnn_4layer_2026-02-25T17:41:35.573760,mccnn,4layer,full,4,eyeriss,thesis_arch,1056,524,128,56,69,69,False,True,,6.032e+04,1.261e+07,7.80e+05,"(40813260768, 14645336112)",0.0015606172721026662,0.10013890266418457,DRAM[P=376 Q=18 Z3=1 C3=1 R3=1 S3=1 Y2=376 X2=18 Z2=1 C2=1 R2=1 S2=1 Y1=376 X1=18 Z1=1 C1=1 R1=1 S1=1 Y0=376 X0=18 Z0=1 C0=1 R0=1 S0=1] GlobalBuffer[P=1 Q=69 Z3=1 C3=1 R3=1 S3=1 Y2=1 X2=69 Z2=1 C2=1 R2=1 S2=1 Y1=1 X1=69 Z1=1 C1=1 R1=1 S1=1 Y0=1 X0=69 Z0=1 C0=1 R0=1 S0=1] SACols[Q=1 Z3=32] SARows[S3=3 C3=16 Z3=1] SACols_2[X2=1 Z2=32] SARows_2[S2=3 C2=16 Z2=1] SACols_1[X1=1 Z1=32] SARows_1[S1=3 C1=16 Z1=1] SACols_0[X0=1 Z0=32] SARows_0[S0=3 C0=1 Z0=1] InRegister[P=1 Q=1 Z3=1 C3=1 R3=1 S3=1 Y2=1 X2=1 Z2=1 C2=1 R2=1 S2=1 Y1=1 X1=1 Z1=1 C1=1 R1=1 S1=1 Y0=1 X0=1 Z0=1 C0=1 R0=1 S0=1] WRegister[P=1 Q=1 Z3=1 C3=2 R3=3 S3=1 Y2=1 X2=1 Z2=1 C2=2 R2=3 S2=1 Y1=1 X1=1 Z1=1 C1=2 R1=3 S1=1 Y0=1 X0=1 Z0=1 C0=1 R0=3 S0=1] IntermediateRegister[P=1 Q=1 Z3=1 C3=1 R3=1 S3=1 Y2=1 X2=1 Z2=1 C2=1 R2=1 S2=1 Y1=1 X1=1 Z1=1 C1=1 R1=1 S1=1 Y0=1 X0=1 Z0=1 C0=1 R0=1 S0=1] OutRegister[P=1 Q=1 Z3=1 C3=1 R3=1 S3=1 Y2=1 X2=1 Z2=1 C2=1 R2=1 S2=1 Y1=1 X1=1 Z1=1 C1=1 R1=1 S1=1 Y0=1 X0=1 Z0=1 C0=1 R0=1 S0=1] Compute] 
mccnn_4layer_2026-02-25T17:41:35.949926,mccnn,4layer,full,4,eyeriss,thesis_arch,1056,524,128,56,128,69,False,True,,6.032e+04,1.223e+07,7.57e+05,"(40813260768, 14645336112)",0.01067426332778009,0.07373476028442383,DRAM[P=376 Q=18 Z3=1 C3=1 R3=1 S3=1 Y2=376 X2=18 Z2=1 C2=1 R2=1 S2=1 Y1=376 X1=18 Z1=1 C1=1 R1=1 S1=1 Y0=376 X0=18 Z0=1 C0=1 R0=1 S0=1] GlobalBuffer[P=1 Q=23 Z3=1 C3=1 R3=1 S3=1 Y2=1 X2=23 Z2=1 C2=1 R2=1 S2=1 Y1=1 X1=23 Z1=1 C1=1 R1=1 S1=1 Y0=1 X0=23 Z0=1 C0=1 R0=1 S0=1] SACols[Q=3 Z3=32] SARows[S3=3 C3=16 Z3=1] SACols_2[X2=3 Z2=32] SARows_2[S2=3 C2=16 Z2=1] SACols_1[X1=3 Z1=32] SARows_1[S1=3 C1=16 Z1=1] SACols_0[X0=3 Z0=32] SARows_0[S0=3 C0=1 Z0=1] InRegister[P=1 Q=1 Z3=1 C3=1 R3=1 S3=1 Y2=1 X2=1 Z2=1 C2=1 R2=1 S2=1 Y1=1 X1=1 Z1=1 C1=1 R1=1 S1=1 Y0=1 X0=1 Z0=1 C0=1 R0=1 S0=1] WRegister[P=1 Q=1 Z3=1 C3=2 R3=3 S3=1 Y2=1 X2=1 Z2=1 C2=2 R2=3 S2=1 Y1=1 X1=1 Z1=1 C1=2 R1=3 S1=1 Y0=1 X0=1 Z0=1 C0=1 R0=3 S0=1] IntermediateRegister[P=1 Q=1 Z3=1 C3=1 R3=1 S3=1 Y2=1 X2=1 Z2=1 C2=1 R2=1 S2=1 Y1=1 X1=1 Z1=1 C1=1 R1=1 S1=1 Y0=1 X0=1 Z0=1 C0=1 R0=1 S0=1] OutRegister[P=1 Q=1 Z3=1 C3=1 R3=1 S3=1 Y2=1 X2=1 Z2=1 C2=1 R2=1 S2=1 Y1=1 X1=1 Z1=1 C1=1 R1=1 S1=1 Y0=1 X0=1 Z0=1 C0=1 R0=1 S0=1] Compute] 
mccnn_4layer_2026-02-25T17:41:36.364981,mccnn,4layer,full,4,eyeriss,thesis_arch,1056,524,128,56,138,69,False,True,,6.032e+04,1.223e+07,7.57e+05,"(40813260768, 14645336112)",0.007900624940019748,0.10632967948913574,DRAM[P=376 Q=18 Z3=1 C3=1 R3=1 S3=1 Y2=376 X2=18 Z2=1 C2=1 R2=1 S2=1 Y1=376 X1=18 Z1=1 C1=1 R1=1 S1=1 Y0=376 X0=18 Z0=1 C0=1 R0=1 S0=1] GlobalBuffer[P=1 Q=23 Z3=1 C3=1 R3=1 S3=1 Y2=1 X2=23 Z2=1 C2=1 R2=1 S2=1 Y1=1 X1=23 Z1=1 C1=1 R1=1 S1=1 Y0=1 X0=23 Z0=1 C0=1 R0=1 S0=1] SACols[Q=3 Z3=32] SARows[S3=3 C3=16 Z3=1] SACols_2[X2=3 Z2=32] SARows_2[S2=3 C2=16 Z2=1] SACols_1[X1=3 Z1=32] SARows_1[S1=3 C1=16 Z1=1] SACols_0[X0=3 Z0=32] SARows_0[S0=3 C0=1 Z0=1] InRegister[P=1 Q=1 Z3=1 C3=1 R3=1 S3=1 Y2=1 X2=1 Z2=1 C2=1 R2=1 S2=1 Y1=1 X1=1 Z1=1 C1=1 R1=1 S1=1 Y0=1 X0=1 Z0=1 C0=1 R0=1 S0=1] WRegister[P=1 Q=1 Z3=1 C3=2 R3=3 S3=1 Y2=1 X2=1 Z2=1 C2=2 R2=3 S2=1 Y1=1 X1=1 Z1=1 C1=2 R1=3 S1=1 Y0=1 X0=1 Z0=1 C0=1 R0=3 S0=1] IntermediateRegister[P=1 Q=1 Z3=1 C3=1 R3=1 S3=1 Y2=1 X2=1 Z2=1 C2=1 R2=1 S2=1 Y1=1 X1=1 Z1=1 C1=1 R1=1 S1=1 Y0=1 X0=1 Z0=1 C0=1 R0=1 S0=1] OutRegister[P=1 Q=1 Z3=1 C3=1 R3=1 S3=1 Y2=1 X2=1 Z2=1 C2=1 R2=1 S2=1 Y1=1 X1=1 Z1=1 C1=1 R1=1 S1=1 Y0=1 X0=1 Z0=1 C0=1 R0=1 S0=1] Compute] 
mccnn_4layer_2026-02-25T17:41:36.723478,mccnn,4layer,full,4,eyeriss,thesis_arch,1056,524,128,84,4,69,False,True,,5.763e+04,6.865e+07,3.97e+06,"(33281613792, 14645336112)",0.05331112036651394,0.05731821060180664,DRAM[P=376 Q=18 Z3=1 C3=1 R3=1 S3=1 Y2=376 X2=18 Z2=1 C2=1 R2=1 S2=1 Y1=376 X1=18 Z1=1 C1=1 R1=1 S1=1 Y0=376 X0=18 Z0=1 C0=1 R0=1 S0=1] GlobalBuffer[P=1 Q=69 Z3=1 C3=1 R3=1 S3=1 Y2=1 X2=69 Z2=1 C2=1 R2=1 S2=1 Y1=1 X1=69 Z1=1 C1=1 R1=1 S1=1 Y0=1 X0=69 Z0=1 C0=1 R0=1 S0=1] SACols[Q=1 Z3=4] SARows[S3=3 C3=16 Z3=1] SACols_2[X2=1 Z2=4] SARows_2[S2=3 C2=16 Z2=1] SACols_1[X1=1 Z1=4] SARows_1[S1=3 C1=16 Z1=1] SACols_0[X0=1 Z0=4] SARows_0[S0=3 C0=1 Z0=8] InRegister[P=1 Q=1 Z3=1 C3=1 R3=1 S3=1 Y2=1 X2=1 Z2=1 C2=1 R2=1 S2=1 Y1=1 X1=1 Z1=1 C1=1 R1=1 S1=1 Y0=1 X0=1 Z0=1 C0=1 R0=1 S0=1] WRegister[P=1 Q=1 Z3=1 C3=2 R3=3 S3=1 Y2=1 X2=1 Z2=1 C2=2 R2=3 S2=1 Y1=1 X1=1 Z1=1 C1=2 R1=3 S1=1 Y0=1 X0=1 Z0=1 C0=1 R0=3 S0=1] IntermediateRegister[P=1 Q=1 Z3=1 C3=1 R3=1 S3=1 Y2=1 X2=1 Z2=8 C2=1 R2=1 S2=1 Y1=1 X1=1 Z1=8 C1=1 R1=1 S1=1 Y0=1 X0=1 Z0=1 C0=1 R0=1 S0=1] OutRegister[P=1 Q=1 Z3=8 C3=1 R3=1 S3=1 Y2=1 X2=1 Z2=1 C2=1 R2=1 S2=1 Y1=1 X1=1 Z1=1 C1=1 R1=1 S1=1 Y0=1 X0=1 Z0=1 C0=1 R0=1 S0=1] Compute] 
mccnn_4layer_2026-02-25T17:41:37.032787,mccnn,4layer,full,4,eyeriss,thesis_arch,1056,524,128,84,8,69,False,True,,5.801e+04,3.502e+07,2.05e+06,"(34357563360, 14645336112)",0.02665556018325697,0.05249595642089844,DRAM[P=376 Q=18 Z3=1 C3=1 R3=1 S3=1 Y2=376 X2=18 Z2=1 C2=1 R2=1 S2=1 Y1=376 X1=18 Z1=1 C1=1 R1=1 S1=1 Y0=376 X0=18 Z0=1 C0=1 R0=1 S0=1] GlobalBuffer[P=1 Q=69 Z3=1 C3=1 R3=1 S3=1 Y2=1 X2=69 Z2=1 C2=1 R2=1 S2=1 Y1=1 X1=69 Z1=1 C1=1 R1=1 S1=1 Y0=1 X0=69 Z0=1 C0=1 R0=1 S0=1] SACols[Q=1 Z3=8] SARows[S3=3 C3=16 Z3=1] SACols_2[X2=1 Z2=8] SARows_2[S2=3 C2=16 Z2=1] SACols_1[X1=1 Z1=8] SARows_1[S1=3 C1=16 Z1=1] SACols_0[X0=1 Z0=8] SARows_0[S0=3 C0=1 Z0=4] InRegister[P=1 Q=1 Z3=1 C3=1 R3=1 S3=1 Y2=1 X2=1 Z2=1 C2=1 R2=1 S2=1 Y1=1 X1=1 Z1=1 C1=1 R1=1 S1=1 Y0=1 X0=1 Z0=1 C0=1 R0=1 S0=1] WRegister[P=1 Q=1 Z3=1 C3=2 R3=3 S3=1 Y2=1 X2=1 Z2=1 C2=2 R2=3 S2=1 Y1=1 X1=1 Z1=1 C1=2 R1=3 S1=1 Y0=1 X0=1 Z0=1 C0=1 R0=3 S0=1] IntermediateRegister[P=1 Q=1 Z3=1 C3=1 R3=1 S3=1 Y2=1 X2=1 Z2=4 C2=1 R2=1 S2=1 Y1=1 X1=1 Z1=4 C1=1 R1=1 S1=1 Y0=1 X0=1 Z0=1 C0=1 R0=1 S0=1] OutRegister[P=1 Q=1 Z3=4 C3=1 R3=1 S3=1 Y2=1 X2=1 Z2=1 C2=1 R2=1 S2=1 Y1=1 X1=1 Z1=1 C1=1 R1=1 S1=1 Y0=1 X0=1 Z0=1 C0=1 R0=1 S0=1] Compute] 
mccnn_4layer_2026-02-25T17:41:37.426768,mccnn,4layer,full,4,eyeriss,thesis_arch,1056,524,128,84,16,69,False,True,,5.878e+04,1.821e+07,1.08e+06,"(36509462496, 14645336112)",0.013327780091628485,0.06686091423034668,DRAM[P=376 Q=18 Z3=1 C3=1 R3=1 S3=1 Y2=376 X2=18 Z2=1 C2=1 R2=1 S2=1 Y1=376 X1=18 Z1=1 C1=1 R1=1 S1=1 Y0=376 X0=18 Z0=1 C0=1 R0=1 S0=1] GlobalBuffer[P=1 Q=69 Z3=1 C3=1 R3=1 S3=1 Y2=1 X2=69 Z2=1 C2=1 R2=1 S2=1 Y1=1 X1=69 Z1=1 C1=1 R1=1 S1=1 Y0=1 X0=69 Z0=1 C0=1 R0=1 S0=1] SACols[Q=1 Z3=16] SARows[S3=3 C3=16 Z3=1] SACols_2[X2=1 Z2=16] SARows_2[S2=3 C2=16 Z2=1] SACols_1[X1=1 Z1=16] SARows_1[S1=3 C1=16 Z1=1] SACols_0[X0=1 Z0=16] SARows_0[S0=3 C0=1 Z0=2] InRegister[P=1 Q=1 Z3=1 C3=1 R3=1 S3=1 Y2=1 X2=1 Z2=1 C2=1 R2=1 S2=1 Y1=1 X1=1 Z1=1 C1=1 R1=1 S1=1 Y0=1 X0=1 Z0=1 C0=1 R0=1 S0=1] WRegister[P=1 Q=1 Z3=1 C3=2 R3=3 S3=1 Y2=1 X2=1 Z2=1 C2=2 R2=3 S2=1 Y1=1 X1=1 Z1=1 C1=2 R1=3 S1=1 Y0=1 X0=1 Z0=1 C0=1 R0=3 S0=1] IntermediateRegister[P=1 Q=1 Z3=1 C3=1 R3=1 S3=1 Y2=1 X2=1 Z2=2 C2=1 R2=1 S2=1 Y1=1 X1=1 Z1=2 C1=1 R1=1 S1=1 Y0=1 X0=1 Z0=1 C0=1 R0=1 S0=1] OutRegister[P=1 Q=1 Z3=2 C3=1 R3=1 S3=1 Y2=1 X2=1 Z2=1 C2=1 R2=1 S2=1 Y1=1 X1=1 Z1=1 C1=1 R1=1 S1=1 Y0=1 X0=1 Z0=1 C0=1 R0=1 S0=1] Compute] 
mccnn_4layer_2026-02-25T17:41:37.824292,mccnn,4layer,full,4,eyeriss,thesis_arch,1056,524,128,84,32,69,False,True,,6.032e+04,1.261e+07,7.80e+05,"(40813260768, 14645336112)",0.006663890045814243,0.1154320240020752,DRAM[P=376 Q=18 Z3=1 C3=1 R3=1 S3=1 Y2=376 X2=18 Z2=1 C2=1 R2=1 S2=1 Y1=376 X1=18 Z1=1 C1=1 R1=1 S1=1 Y0=376 X0=18 Z0=1 C0=1 R0=1 S0=1] GlobalBuffer[P=1 Q=69 Z3=1 C3=1 R3=1 S3=1 Y2=1 X2=69 Z2=1 C2=1 R2=1 S2=1 Y1=1 X1=69 Z1=1 C1=1 R1=1 S1=1 Y0=1 X0=69 Z0=1 C0=1 R0=1 S0=1] SACols[Q=1 Z3=32] SARows[S3=3 C3=16 Z3=1] SACols_2[X2=1 Z2=32] SARows_2[S2=3 C2=16 Z2=1] SACols_1[X1=1 Z1=32] SARows_1[S1=3 C1=16 Z1=1] SACols_0[X0=1 Z0=32] SARows_0[S0=3 C0=1 Z0=1] InRegister[P=1 Q=1 Z3=1 C3=1 R3=1 S3=1 Y2=1 X2=1 Z2=1 C2=1 R2=1 S2=1 Y1=1 X1=1 Z1=1 C1=1 R1=1 S1=1 Y0=1 X0=1 Z0=1 C0=1 R0=1 S0=1] WRegister[P=1 Q=1 Z3=1 C3=2 R3=3 S3=1 Y2=1 X2=1 Z2=1 C2=2 R2=3 S2=1 Y1=1 X1=1 Z1=1 C1=2 R1=3 S1=1 Y0=1 X0=1 Z0=1 C0=1 R0=3 S0=1] IntermediateRegister[P=1 Q=1 Z3=1 C3=1 R3=1 S3=1 Y2=1 X2=1 Z2=1 C2=1 R2=1 S2=1 Y1=1 X1=1 Z1=1 C1=1 R1=1 S1=1 Y0=1 X0=1 Z0=1 C0=1 R0=1 S0=1] OutRegister[P=1 Q=1 Z3=1 C3=1 R3=1 S3=1 Y2=1 X2=1 Z2=1 C2=1 R2=1 S2=1 Y1=1 X1=1 Z1=1 C1=1 R1=1 S1=1 Y0=1 X0=1 Z0=1 C0=1 R0=1 S0=1] Compute] 
mccnn_4layer_2026-02-25T17:41:38.312766,mccnn,4layer,full,4,eyeriss,thesis_arch,1056,524,128,84,64,69,False,True,,6.032e+04,1.261e+07,7.80e+05,"(40813260768, 14645336112)",0.00041649312786339016,0.06439495086669922,DRAM[P=376 Q=18 Z3=1 C3=1 R3=1 S3=1 Y2=376 X2=18 Z2=1 C2=1 R2=1 S2=1 Y1=376 X1=18 Z1=1 C1=1 R1=1 S1=1 Y0=376 X0=18 Z0=1 C0=1 R0=1 S0=1] GlobalBuffer[P=1 Q=69 Z3=1 C3=1 R3=1 S3=1 Y2=1 X2=69 Z2=1 C2=1 R2=1 S2=1 Y1=1 X1=69 Z1=1 C1=1 R1=1 S1=1 Y0=1 X0=69 Z0=1 C0=1 R0=1 S0=1] SACols[Q=1 Z3=32] SARows[S3=3 C3=16 Z3=1] SACols_2[X2=1 Z2=32] SARows_2[S2=3 C2=16 Z2=1] SACols_1[X1=1 Z1=32] SARows_1[S1=3 C1=16 Z1=1] SACols_0[X0=1 Z0=32] SARows_0[S0=3 C0=1 Z0=1] InRegister[P=1 Q=1 Z3=1 C3=1 R3=1 S3=1 Y2=1 X2=1 Z2=1 C2=1 R2=1 S2=1 Y1=1 X1=1 Z1=1 C1=1 R1=1 S1=1 Y0=1 X0=1 Z0=1 C0=1 R0=1 S0=1] WRegister[P=1 Q=1 Z3=1 C3=2 R3=3 S3=1 Y2=1 X2=1 Z2=1 C2=2 R2=3 S2=1 Y1=1 X1=1 Z1=1 C1=2 R1=3 S1=1 Y0=1 X0=1 Z0=1 C0=1 R0=3 S0=1] IntermediateRegister[P=1 Q=1 Z3=1 C3=1 R3=1 S3=1 Y2=1 X2=1 Z2=1 C2=1 R2=1 S2=1 Y1=1 X1=1 Z1=1 C1=1 R1=1 S1=1 Y0=1 X0=1 Z0=1 C0=1 R0=1 S0=1] OutRegister[P=1 Q=1 Z3=1 C3=1 R3=1 S3=1 Y2=1 X2=1 Z2=1 C2=1 R2=1 S2=1 Y1=1 X1=1 Z1=1 C1=1 R1=1 S1=1 Y0=1 X0=1 Z0=1 C0=1 R0=1 S0=1] Compute] 
mccnn_4layer_2026-02-25T17:41:38.646353,mccnn,4layer,full,4,eyeriss,thesis_arch,1056,524,128,84,69,69,False,True,,6.032e+04,1.261e+07,7.80e+05,"(40813260768, 14645336112)",0.00030827007844003276,0.06114339828491211,DRAM[P=376 Q=18 Z3=1 C3=1 R3=1 S3=1 Y2=376 X2=18 Z2=1 C2=1 R2=1 S2=1 Y1=376 X1=18 Z1=1 C1=1 R1=1 S1=1 Y0=376 X0=18 Z0=1 C0=1 R0=1 S0=1] GlobalBuffer[P=1 Q=69 Z3=1 C3=1 R3=1 S3=1 Y2=1 X2=69 Z2=1 C2=1 R2=1 S2=1 Y1=1 X1=69 Z1=1 C1=1 R1=1 S1=1 Y0=1 X0=69 Z0=1 C0=1 R0=1 S0=1] SACols[Q=1 Z3=32] SARows[S3=3 C3=16 Z3=1] SACols_2[X2=1 Z2=32] SARows_2[S2=3 C2=16 Z2=1] SACols_1[X1=1 Z1=32] SARows_1[S1=3 C1=16 Z1=1] SACols_0[X0=1 Z0=32] SARows_0[S0=3 C0=1 Z0=1] InRegister[P=1 Q=1 Z3=1 C3=1 R3=1 S3=1 Y2=1 X2=1 Z2=1 C2=1 R2=1 S2=1 Y1=1 X1=1 Z1=1 C1=1 R1=1 S1=1 Y0=1 X0=1 Z0=1 C0=1 R0=1 S0=1] WRegister[P=1 Q=1 Z3=1 C3=2 R3=3 S3=1 Y2=1 X2=1 Z2=1 C2=2 R2=3 S2=1 Y1=1 X1=1 Z1=1 C1=2 R1=3 S1=1 Y0=1 X0=1 Z0=1 C0=1 R0=3 S0=1] IntermediateRegister[P=1 Q=1 Z3=1 C3=1 R3=1 S3=1 Y2=1 X2=1 Z2=1 C2=1 R2=1 S2=1 Y1=1 X1=1 Z1=1 C1=1 R1=1 S1=1 Y0=1 X0=1 Z0=1 C0=1 R0=1 S0=1] OutRegister[P=1 Q=1 Z3=1 C3=1 R3=1 S3=1 Y2=1 X2=1 Z2=1 C2=1 R2=1 S2=1 Y1=1 X1=1 Z1=1 C1=1 R1=1 S1=1 Y0=1 X0=1 Z0=1 C0=1 R0=1 S0=1] Compute] 
mccnn_4layer_2026-02-25T17:41:38.964548,mccnn,4layer,full,4,eyeriss,thesis_arch,1056,524,128,84,128,69,False,True,,6.032e+04,1.223e+07,7.57e+05,"(40813260768, 14645336112)",0.0021084964598084128,0.06550979614257812,DRAM[P=376 Q=18 Z3=1 C3=1 R3=1 S3=1 Y2=376 X2=18 Z2=1 C2=1 R2=1 S2=1 Y1=376 X1=18 Z1=1 C1=1 R1=1 S1=1 Y0=376 X0=18 Z0=1 C0=1 R0=1 S0=1] GlobalBuffer[P=1 Q=23 Z3=1 C3=1 R3=1 S3=1 Y2=1 X2=23 Z2=1 C2=1 R2=1 S2=1 Y1=1 X1=23 Z1=1 C1=1 R1=1 S1=1 Y0=1 X0=23 Z0=1 C0=1 R0=1 S0=1] SACols[Q=3 Z3=32] SARows[S3=3 C3=16 Z3=1] SACols_2[X2=3 Z2=32] SARows_2[S2=3 C2=16 Z2=1] SACols_1[X1=3 Z1=32] SARows_1[S1=3 C1=16 Z1=1] SACols_0[X0=3 Z0=32] SARows_0[S0=3 C0=1 Z0=1] InRegister[P=1 Q=1 Z3=1 C3=1 R3=1 S3=1 Y2=1 X2=1 Z2=1 C2=1 R2=1 S2=1 Y1=1 X1=1 Z1=1 C1=1 R1=1 S1=1 Y0=1 X0=1 Z0=1 C0=1 R0=1 S0=1] WRegister[P=1 Q=1 Z3=1 C3=2 R3=3 S3=1 Y2=1 X2=1 Z2=1 C2=2 R2=3 S2=1 Y1=1 X1=1 Z1=1 C1=2 R1=3 S1=1 Y0=1 X0=1 Z0=1 C0=1 R0=3 S0=1] IntermediateRegister[P=1 Q=1 Z3=1 C3=1 R3=1 S3=1 Y2=1 X2=1 Z2=1 C2=1 R2=1 S2=1 Y1=1 X1=1 Z1=1 C1=1 R1=1 S1=1 Y0=1 X0=1 Z0=1 C0=1 R0=1 S0=1] OutRegister[P=1 Q=1 Z3=1 C3=1 R3=1 S3=1 Y2=1 X2=1 Z2=1 C2=1 R2=1 S2=1 Y1=1 X1=1 Z1=1 C1=1 R1=1 S1=1 Y0=1 X0=1 Z0=1 C0=1 R0=1 S0=1] Compute] 
mccnn_4layer_2026-02-25T17:41:39.359611,mccnn,4layer,full,4,eyeriss,thesis_arch,1056,524,128,84,138,69,False,True,,6.032e+04,1.223e+07,7.57e+05,"(40813260768, 14645336112)",0.0015606172721026657,0.06254005432128906,DRAM[P=376 Q=18 Z3=1 C3=1 R3=1 S3=1 Y2=376 X2=18 Z2=1 C2=1 R2=1 S2=1 Y1=376 X1=18 Z1=1 C1=1 R1=1 S1=1 Y0=376 X0=18 Z0=1 C0=1 R0=1 S0=1] GlobalBuffer[P=1 Q=23 Z3=1 C3=1 R3=1 S3=1 Y2=1 X2=23 Z2=1 C2=1 R2=1 S2=1 Y1=1 X1=23 Z1=1 C1=1 R1=1 S1=1 Y0=1 X0=23 Z0=1 C0=1 R0=1 S0=1] SACols[Q=3 Z3=32] SARows[S3=3 C3=16 Z3=1] SACols_2[X2=3 Z2=32] SARows_2[S2=3 C2=16 Z2=1] SACols_1[X1=3 Z1=32] SARows_1[S1=3 C1=16 Z1=1] SACols_0[X0=3 Z0=32] SARows_0[S0=3 C0=1 Z0=1] InRegister[P=1 Q=1 Z3=1 C3=1 R3=1 S3=1 Y2=1 X2=1 Z2=1 C2=1 R2=1 S2=1 Y1=1 X1=1 Z1=1 C1=1 R1=1 S1=1 Y0=1 X0=1 Z0=1 C0=1 R0=1 S0=1] WRegister[P=1 Q=1 Z3=1 C3=2 R3=3 S3=1 Y2=1 X2=1 Z2=1 C2=2 R2=3 S2=1 Y1=1 X1=1 Z1=1 C1=2 R1=3 S1=1 Y0=1 X0=1 Z0=1 C0=1 R0=3 S0=1] IntermediateRegister[P=1 Q=1 Z3=1 C3=1 R3=1 S3=1 Y2=1 X2=1 Z2=1 C2=1 R2=1 S2=1 Y1=1 X1=1 Z1=1 C1=1 R1=1 S1=1 Y0=1 X0=1 Z0=1 C0=1 R0=1 S0=1] OutRegister[P=1 Q=1 Z3=1 C3=1 R3=1 S3=1 Y2=1 X2=1 Z2=1 C2=1 R2=1 S2=1 Y1=1 X1=1 Z1=1 C1=1 R1=1 S1=1 Y0=1 X0=1 Z0=1 C0=1 R0=1 S0=1] Compute] 
